# File exported by Houdini 21.0.559 (www.sidefx.com)
# 4134 points
# 16192 vertices
# 4048 primitives
# Bounds: [-0.361532748, 0.897231817, -0.192148611] to [0.371848345, 1.51234937, 0.191804603]
g 
v -0.0360417366 0.958938837 0.147302225
v -0.0860843658 0.954265833 0.117371574
v -0.132948875 0.950816393 0.0801224262
v -0.157968521 0.94835639 0.0215290338
v -0.0427007675 1.02187562 0.140211836
v -0.0941252708 1.01697326 0.116589084
v -0.137229919 1.01337695 0.0746353418
v -0.157897472 1.01068521 0.0121334344
v -0.0504989624 1.0855639 0.135398403
v -0.102376938 1.08037591 0.115735546
v -0.142810822 1.07627749 0.0682214648
v -0.1663661 1.07268834 0.00472559035
v -0.0590572357 1.1496551 0.133115903
v -0.110684872 1.1441381 0.112877205
v -0.149886608 1.13915706 0.0609979182
v -0.175695896 1.13477921 -0.00289069116
v -0.068069458 1.21415019 0.132665232
v -0.118998528 1.20803523 0.107491627
v -0.157128334 1.20180154 0.0517944843
v -0.180998847 1.19640303 -0.0151078673
v -0.0778717995 1.27879071 0.131717637
v -0.126107216 1.27094054 0.103064254
v -0.158811808 1.26292396 0.0483736098
v -0.177432731 1.23572171 -0.0200534016
v 0.18639712 1.28354466 -0.0465315618
v 0.171859235 1.28318095 0.0272570085
v 0.167510375 1.21974409 0.0166278929
v 0.184393972 1.22111547 -0.0484947488
v 0.160785839 1.14894509 0.00850925222
v 0.175534785 1.14922512 -0.054496415
v 0.161203384 1.08399749 0.00959588587
v 0.171440125 1.08278728 -0.0523480624
v 0.16443634 1.02076077 0.0128756911
v 0.171093464 1.01998782 -0.0485044569
v 0.166334629 0.957913637 0.0150747448
v 0.16895628 0.957388639 -0.0475922674
v 0.145233572 1.28487492 0.07694792
v 0.138774261 1.21757078 0.069339186
v 0.137071609 1.14972758 0.0676546246
v 0.140266418 1.08558154 0.0703908354
v 0.141570568 1.02167296 0.0715570003
v 0.140663624 0.95837903 0.0707549602
v 0.106014736 1.28535593 0.110828295
v 0.102658264 1.21782446 0.109299704
v 0.101617813 1.15218186 0.10821487
v 0.100461006 1.08743691 0.106263593
v 0.098572731 1.02319074 0.104357734
v 0.0962600708 0.959722281 0.103285387
v -0.207878709 1.32404208 0.0614420138
v -0.173607528 1.37748206 0.0690495074
v -0.195135832 1.42730427 0.0459788851
v -0.242426097 1.36686528 0.0500355102
v -0.213200852 1.45427251 -0.00987846591
v -0.270648181 1.38123083 -0.00425834954
v -0.138600826 1.39176297 0.0854672343
v -0.152246475 1.44421935 0.046848014
v -0.166724682 1.4746244 -0.015726313
v -0.0999054909 1.40209842 0.097236529
v -0.112050533 1.45310998 0.0526085049
v -0.121528625 1.49208426 -0.0218901485
v 0.0857156068 1.50083005 -0.0402694345
v 0.0997443646 1.46347702 0.0339060575
v 0.138601214 1.45964789 0.0263287704
v 0.132645026 1.4914943 -0.0405457839
v 0.176202536 1.44966769 0.0213884786
v 0.174863279 1.4819175 -0.0392313637
v 0.214744568 1.43353271 0.0107850619
v 0.217074096 1.46112704 -0.0456460901
v 0.10593392 1.41252506 0.079543516
v 0.142786622 1.40525877 0.067407243
v 0.172381386 1.39408553 0.0473106429
v 0.203980178 1.37915659 0.0272221044
v -0.0884037018 1.34207034 0.124516919
v -0.129014969 1.33097529 0.10362573
v -0.156563073 1.31885564 0.0687860399
v -0.180214778 1.28159857 0.0387576893
v 0.108061783 1.35110319 0.104852408
v 0.144581974 1.34470427 0.0828590319
v 0.16979073 1.33594167 0.0486334488
v 0.191228434 1.32235754 0.0126254782
v -0.0297899246 1.28405738 0.13879396
v -0.0211029053 1.21892142 0.14473708
v -0.0142521858 1.154145 0.152315691
v -0.00855112076 1.08988738 0.161196843
v -0.00330972672 1.02609611 0.170815304
v 0.00161361694 0.963093042 0.180803612
v 0.0164237022 1.28687406 0.138613775
v 0.0217399597 1.22136283 0.147781745
v 0.0259809494 1.15610909 0.155336216
v 0.0296521187 1.09149146 0.162710205
v 0.033352375 1.02742743 0.170367077
v 0.0371375084 0.964182138 0.178315476
v 0.0604355596 1.28621054 0.124521174
v 0.0604243279 1.22010446 0.126142576
v 0.0600242615 1.15454841 0.127019718
v 0.0597009659 1.08966804 0.12902315
v 0.0598049164 1.02535653 0.132433668
v 0.0605325699 0.961887121 0.137169138
v 0.0578466579 1.40944266 0.0917040408
v 0.0567676872 1.44795072 0.0619970523
v 0.0536576845 1.47471833 0.0338647105
v 0.00375509262 1.40586066 0.100613251
v -0.00134181976 1.43732667 0.0793063194
v -0.00559234619 1.45929122 0.0607459694
v -0.050555706 1.40483689 0.10491623
v -0.0621175766 1.44287276 0.0753865391
v -0.0702662468 1.47028375 0.0472998768
v 0.177458301 1.28085017 -0.111780345
v 0.17413874 1.21461391 -0.106751315
v 0.160511345 1.1446923 -0.106524453
v 0.151442051 1.08040833 -0.10154216
v 0.145825863 1.01793742 -0.0973261446
v 0.14384079 0.955353975 -0.0995631665
v 0.144806951 1.27863717 -0.146015123
v 0.133907914 1.2103231 -0.140385121
v 0.119574763 1.14332378 -0.13803409
v 0.11439991 1.08015275 -0.139047489
v 0.111952782 1.01706481 -0.142438635
v 0.1076684 0.954200983 -0.143290445
v 0.094157517 1.27508843 -0.167454705
v 0.0856314301 1.20783937 -0.169509396
v 0.0793395042 1.14335895 -0.173183963
v 0.0755271912 1.07988906 -0.176221773
v 0.0711894035 1.01653171 -0.177476868
v 0.0654830933 0.953655958 -0.176782951
v -0.107836723 0.944883585 -0.127001747
v -0.144002438 0.942833662 -0.0899850577
v -0.162601471 0.94418025 -0.0382578224
v -0.113763809 1.00704837 -0.134132132
v -0.151134968 1.00489974 -0.100537941
v -0.165248394 1.00642943 -0.0486749858
v -0.118713856 1.06986833 -0.140109822
v -0.157646179 1.0676558 -0.108589098
v -0.173553944 1.06868196 -0.0564073771
v -0.12293148 1.13297963 -0.145064399
v -0.162921429 1.13078666 -0.114038751
v -0.182476044 1.13121915 -0.063129589
v -0.12658453 1.19636273 -0.148621485
v -0.167349815 1.19410634 -0.117577061
v -0.189340591 1.1937921 -0.0706221908
v -0.129808426 1.26099372 -0.150400564
v -0.169953838 1.25787818 -0.121750057
v -0.190259844 1.25020707 -0.0802156404
v -0.138456821 1.4622643 -0.103543922
v -0.176279068 1.45272517 -0.0866954178
v -0.22114265 1.4305836 -0.079048872
v -0.272764385 1.35473645 -0.072809875
v -0.137408257 1.40012622 -0.140645668
v -0.172311321 1.39296353 -0.123918422
v -0.210641474 1.36883473 -0.109401703
v -0.244898081 1.30571568 -0.0920480788
v -0.133219719 1.32996297 -0.15057914
v -0.168762147 1.32362711 -0.130434707
v -0.19724144 1.29759252 -0.103829339
v -0.209097326 1.25887644 -0.0675712228
v 0.169306532 1.34095335 -0.137910515
v 0.189774692 1.3295505 -0.107264355
v 0.164349601 1.40497231 -0.146844178
v 0.196542427 1.38680613 -0.135721445
v 0.169438347 1.46135533 -0.114189237
v 0.208427951 1.44007123 -0.1160459
v 0.135617793 1.34436762 -0.15656358
v 0.12955147 1.41211796 -0.153767601
v 0.130471334 1.46926999 -0.11594189
v 0.0928235352 1.34417677 -0.170582667
v 0.089641735 1.4123776 -0.163087308
v 0.0891236514 1.46991253 -0.124635287
v -0.0763030052 1.2632587 -0.16277419
v -0.0739035606 1.19996381 -0.161433265
v -0.0721011162 1.13670087 -0.159349665
v -0.0700860023 1.07364774 -0.157138214
v -0.0679335594 1.01078773 -0.154994294
v -0.0656661987 0.948420763 -0.152845606
v -0.0195384026 1.26584935 -0.174296483
v -0.0197429657 1.20320964 -0.175681576
v -0.0207743645 1.14002776 -0.176595137
v -0.021794796 1.07700562 -0.177364156
v -0.022778511 1.01413608 -0.178017363
v -0.0237841606 0.9517138 -0.17855607
v 0.0367451236 1.26936817 -0.18404831
v 0.033425808 1.2056334 -0.186559901
v 0.0305614471 1.14217925 -0.188614234
v 0.0274262428 1.07888532 -0.190187439
v 0.0239090919 1.0157578 -0.191325054
v 0.0202088356 0.953102827 -0.192096099
v -0.0819311142 1.32601142 -0.16287975
v -0.0875701904 1.38929152 -0.157496139
v -0.0910987854 1.45113015 -0.134299323
v -0.0913710594 1.49300122 -0.100098237
v -0.0225572586 1.32581735 -0.171850726
v -0.0259022713 1.38558602 -0.166528448
v -0.0274214745 1.44506812 -0.149305746
v -0.0269632339 1.48994088 -0.123344526
v 0.0372423157 1.33222675 -0.181196421
v 0.0364178568 1.39564013 -0.172463506
v 0.0377839059 1.4584986 -0.145706847
v 0.0407739989 1.49828827 -0.108122505
v -0.202030122 1.22851491 0.0515001193
v -0.196832895 1.20659673 -0.0019736439
v -0.231347263 1.18793607 0.0694058016
v -0.22409457 1.17037356 0.0122075081
v -0.266984463 1.14955771 0.0799882039
v -0.261506915 1.13672268 0.0200492591
v -0.233545601 1.26936841 0.0768380091
v -0.261155009 1.21662986 0.0972704962
v -0.29223305 1.16576588 0.112536542
v -0.272958994 1.30149472 0.0592850335
v -0.301026046 1.23586917 0.0707587898
v -0.331781387 1.17274642 0.084365204
v -0.305000722 1.30916142 0.00249710679
v -0.332912505 1.23881614 0.0167013779
v -0.360278487 1.17053223 0.0346647426
v -0.300632358 1.28529787 -0.0604658723
v -0.326539695 1.21974802 -0.0413909703
v -0.351349592 1.15652609 -0.0186935961
v -0.268621862 1.24869442 -0.0818313658
v -0.293784618 1.19280946 -0.0696931779
v -0.319002628 1.13957715 -0.0523663461
v -0.228610575 1.21854222 -0.0498982668
v -0.252876043 1.1739341 -0.0436891019
v -0.282000542 1.13127351 -0.035616383
v 0.220575362 1.30155861 -0.105005518
v 0.212478906 1.2779485 -0.0458485521
v 0.260527939 1.27051365 -0.111091152
v 0.253991097 1.25588238 -0.0505929366
v 0.301753879 1.24178958 -0.115386814
v 0.297504365 1.2356478 -0.0581897199
v 0.236884564 1.34711206 -0.138841078
v 0.281634629 1.3060931 -0.140212834
v 0.326940387 1.26750267 -0.138124809
v 0.255657434 1.39324331 -0.120872363
v 0.306405097 1.34361422 -0.120372221
v 0.357125342 1.29610002 -0.116282001
v 0.266928136 1.41394174 -0.0580884442
v 0.318827182 1.36019433 -0.0629333854
v 0.371848345 1.30881953 -0.0637058243
v 0.262496233 1.39348114 0.00481706858
v 0.311339706 1.34418643 -0.0012043044
v 0.361630172 1.2970221 -0.00729952008
v 0.248667076 1.34809113 0.0251823962
v 0.295308858 1.31072831 0.0278001241
v 0.342045516 1.27499688 0.0262587387
v 0.229219273 1.29976165 0.0057891421
v 0.272979409 1.27361774 0.00364343449
v 0.31687507 1.24994802 -0.002356451
v 0.0380837023 1.51027763 -0.0958946198
v -0.026278019 1.50551629 -0.11219655
v 0.0673620105 1.50736964 -0.036554642
v 0.0472452715 1.48283291 0.0244738013
v -0.00729990005 1.46798825 0.0518611819
v -0.0673823357 1.47909427 0.0367404372
v -0.103076458 1.50125575 -0.0211480707
v -0.0867199898 1.50683713 -0.0872564763
v -0.0398006439 1.34807706 0.129637018
v 0.0103878975 1.3507812 0.124275699
v 0.0602582768 1.35159361 0.116190881
v -0.0311813354 0.912806273 0.153050795
v -0.0328068733 0.928103685 0.151128188
v -0.034427166 0.943470716 0.149210945
v -0.0475010872 0.957731962 0.139104143
v -0.0599179268 0.956534147 0.131659403
v -0.0729088783 0.955371618 0.124554411
v -0.0841417313 0.938840151 0.117849901
v -0.0822248459 0.923513174 0.11845006
v -0.0803251266 0.908250093 0.119131222
v -0.0990576744 0.953244448 0.109705523
v -0.111447811 0.952320337 0.101184502
v -0.122871876 0.951505899 0.091443792
v -0.131855488 0.935375452 0.0814892799
v -0.130718708 0.920018911 0.0828792006
v -0.12955761 0.9047153 0.0842862874
v -0.141388893 0.950246572 0.0670076162
v -0.148261547 0.949713469 0.0525028259
v -0.153734207 0.949116945 0.0371577293
v -0.0376520157 0.974535227 0.145413175
v -0.0392813683 0.990241289 0.143574968
v -0.0409550667 1.00603032 0.141827419
v -0.0547456741 1.02062297 0.133894876
v -0.0676794052 1.01936316 0.128429428
v -0.0809793472 1.0181334 0.122949734
v -0.0880584717 0.969812632 0.117041424
v -0.0900602341 0.985463381 0.116829887
v -0.0920858383 1.00119185 0.116694048
v -0.106635571 1.01590896 0.108632281
v -0.118182182 1.01495337 0.0989643484
v -0.128477097 1.01410794 0.0876197368
v -0.133997917 0.966357946 0.0787794143
v -0.135034561 0.98198247 0.0774370581
v -0.136097431 0.997664213 0.0760653168
v -0.14426136 1.01275039 0.0601244122
v -0.149814129 1.01215243 0.0445251614
v -0.154242039 1.01149344 0.0283557922
v -0.157609463 0.963942289 0.0190321356
v -0.157292843 0.979537249 0.016617313
v -0.157296658 0.995123148 0.0143091828
v -0.0445375443 1.0377562 0.138760105
v -0.046459198 1.0536654 0.137474731
v -0.0484519005 1.0696013 0.136355296
v -0.0630545616 1.08425832 0.130719557
v -0.0762839317 1.08292937 0.126646414
v -0.0895900726 1.08162093 0.122032598
v -0.0961766243 1.03278613 0.116473511
v -0.098236084 1.04862332 0.11631538
v -0.100301743 1.0644877 0.116079405
v -0.114141941 1.07922721 0.106881514
v -0.124795914 1.07817101 0.0956857949
v -0.134349346 1.07719207 0.0826367289
v -0.138463974 1.02910113 0.073122099
v -0.139806747 1.04482579 0.0715378672
v -0.141255856 1.06055188 0.0698978454
v -0.150196552 1.07540774 0.0528972298
v -0.156550407 1.07454753 0.0370010883
v -0.161923885 1.07365537 0.020841375
v -0.159285545 1.02621293 0.0101077706
v -0.161315441 1.04171491 0.00821448863
v -0.163753033 1.05720305 0.0064290911
v -0.0525913239 1.10155129 0.134600058
v -0.0547199249 1.11756206 0.133956745
v -0.0568766594 1.13359761 0.133462682
v -0.0719027519 1.14830565 0.129191414
v -0.0851554871 1.14691186 0.125174835
v -0.0982656479 1.14551282 0.12006934
v -0.104454517 1.09628892 0.115255132
v -0.106534481 1.11222291 0.114624932
v -0.108612061 1.12817359 0.113835588
v -0.12198019 1.14281583 0.102880314
v -0.132182598 1.14154792 0.0904607326
v -0.141435623 1.14032912 0.0762800723
v -0.1444664 1.09199929 0.0665163547
v -0.14620924 1.10771918 0.0647637993
v -0.148022175 1.1234386 0.0629336983
v -0.157634735 1.13802648 0.0451970249
v -0.16460228 1.13692546 0.0291514546
v -0.170663834 1.13584495 0.013057068
v -0.168950081 1.08818316 0.0030618459
v -0.171409607 1.10369372 0.00132407248
v -0.173682213 1.11922383 -0.0006172508
v -0.0612578392 1.16573691 0.132902578
v -0.0634841919 1.18184447 0.132787243
v -0.0657525063 1.19798017 0.132722393
v -0.0809569359 1.21270251 0.128475264
v -0.0940361023 1.21118379 0.123206094
v -0.106863976 1.20961928 0.116372839
v -0.1127491 1.16010976 0.111746922
v -0.114815712 1.17608762 0.11045827
v -0.116895676 1.19206309 0.109033182
v -0.130083084 1.20645499 0.0962311774
v -0.14009285 1.20488667 0.0828923136
v -0.14908886 1.20333409 0.0679276735
v -0.151780128 1.15487409 0.0589304715
v -0.153654099 1.17056775 0.0567163378
v -0.155455112 1.18621945 0.0543421656
v -0.164273262 1.20030093 0.0349505693
v -0.170589924 1.19887042 0.0178684741
v -0.176148891 1.19755578 0.00102181733
v -0.177405357 1.15035129 -0.0055847019
v -0.178833485 1.16586804 -0.00860784948
v -0.180024147 1.18124557 -0.0118288845
v -0.0704445839 1.23034549 0.132571056
v -0.0728745461 1.24654222 0.132404521
v -0.0753521919 1.26270318 0.132132009
v -0.0903916359 1.27701068 0.127141669
v -0.102844238 1.27506852 0.120911017
v -0.114868641 1.27302527 0.112920478
v -0.121109486 1.22398591 0.105892971
v -0.123100281 1.23984265 0.104452565
v -0.124818325 1.25552297 0.103424683
v -0.136273861 1.26885295 0.0913103968
v -0.145377636 1.26672626 0.0779097229
v -0.153391719 1.26456881 0.0632387921
v -0.158608913 1.21728015 0.049185589
v -0.159783363 1.23256135 0.0471143872
v -0.159907371 1.24782383 0.0465823114
v 0.171421215 1.26859939 0.0232417658
v 0.170395926 1.25304842 0.0204423741
v 0.16879645 1.23655558 0.0182140246
v 0.173418522 1.22059786 0.00133597199
v 0.178099871 1.22107351 -0.015080695
v 0.181351826 1.22101319 -0.0321530849
v 0.16587472 1.20228028 0.0145544335
v 0.164059579 1.18444121 0.0122465584
v 0.162274137 1.16654611 0.0101005528
v 0.165824726 1.1491344 -0.00741650537
v 0.170115784 1.14923978 -0.0234673359
v 0.173156366 1.14908922 -0.039418675
v 0.182799637 1.20372987 -0.0500714779
v 0.180600286 1.18569314 -0.0518040098
v 0.178068608 1.16738451 -0.0533806123
v 0.159908831 1.13195181 0.0077975532
v 0.159990311 1.11572003 0.00804103911
v 0.160544872 1.09983468 0.00875844061
v 0.1653018 1.0837419 -0.00660853088
v 0.168824673 1.08350396 -0.0224507898
v 0.171095371 1.0832088 -0.037755236
v 0.173360303 1.1315856 -0.0549096651
v 0.171893597 1.114663 -0.0545947701
v 0.171472073 1.0985682 -0.0535886139
v 0.161989212 1.06817555 0.0104643852
v 0.162842274 1.05236173 0.0113212019
v 0.163684368 1.03655744 0.0121346265
v 0.168196201 1.02063298 -0.00324998796
v 0.170997143 1.02049804 -0.0190473646
v 0.172183037 1.02030015 -0.0342292637
v 0.171430111 1.06705117 -0.0511556715
v 0.171405792 1.05134702 -0.0500776619
v 0.171312332 1.03566337 -0.0491742343
v 0.165039539 1.00497317 0.0135207325
v 0.165524006 0.989216566 0.0140862614
v 0.165938854 0.973520994 0.0145956427
v 0.169409752 0.957873106 -0.00089840591
v 0.171041012 0.957805395 -0.0168947428
v 0.170975685 0.95766139 -0.0325731486
v 0.170711517 1.00431657 -0.0481006354
v 0.170196056 0.988653898 -0.0478857607
v 0.169594765 0.973007917 -0.047751233
v 0.166751385 0.942410707 0.0155447274
v 0.167192459 0.926995039 0.0160111338
v 0.167650223 0.911636114 0.0164740235
v -0.185667694 1.26858902 0.0383902043
v -0.190480977 1.25213814 0.0417405292
v -0.19584018 1.2388351 0.0464821644
v 0.166722685 1.28393888 0.0413894504
v 0.160487756 1.28441703 0.0542173423
v 0.153296947 1.28470707 0.0660003722
v 0.14412418 1.26877487 0.0746855959
v 0.14247188 1.25206745 0.0726467818
v 0.140578941 1.23493505 0.0708627254
v 0.160633415 1.21870911 0.0305478089
v 0.154196709 1.21844661 0.0444185324
v 0.146820635 1.21801603 0.0572250374
v 0.137422338 1.20020211 0.0681577101
v 0.136596233 1.182971 0.0673798472
v 0.136417717 1.16607678 0.0671571568
v 0.155424118 1.14883769 0.0241250433
v 0.149754182 1.14890063 0.0392780714
v 0.143684581 1.14918876 0.0538388155
v 0.138027668 1.13365483 0.0684363395
v 0.138878822 1.11761022 0.0691607744
v 0.139625549 1.10158801 0.0698170811
v 0.157011032 1.08432078 0.0259230882
v 0.152440548 1.08470702 0.041874066
v 0.147017956 1.08513618 0.0568854362
v 0.140798569 1.06958508 0.0708705932
v 0.141205788 1.05360007 0.0712363869
v 0.141469479 1.03762889 0.0714715868
v 0.160199165 1.02092624 0.0289865285
v 0.155250549 1.02113557 0.0445366651
v 0.149179935 1.02138543 0.0589259416
v 0.141501904 1.00574422 0.0714851171
v 0.141298771 0.989863634 0.0712946206
v 0.141002655 0.974065542 0.0710353404
v 0.162009239 0.957967997 0.0306639224
v 0.15637207 0.958058119 0.0454374701
v 0.149298668 0.95819068 0.0589513928
v 0.140320778 0.942825079 0.0704943091
v 0.139978409 0.927378893 0.0702551156
v 0.139637947 0.912004232 0.0700312406
v 0.136376441 1.28498971 0.087179631
v 0.126834229 1.28509355 0.0964567885
v 0.11669679 1.28521681 0.104459807
v 0.105238058 1.26856971 0.110820211
v 0.104354359 1.25164413 0.110445231
v 0.103453189 1.23468804 0.109878667
v 0.130364224 1.21730709 0.0810804591
v 0.121581137 1.21725416 0.0920248553
v 0.112385601 1.21744156 0.101636663
v 0.102109976 1.20116794 0.108886607
v 0.101913929 1.18477225 0.108731285
v 0.101778507 1.16845632 0.108526483
v 0.129507065 1.15032935 0.0802996308
v 0.120992184 1.15094686 0.0914570838
v 0.111654758 1.15156674 0.100853518
v 0.101406097 1.1359446 0.107805923
v 0.101140976 1.11974216 0.107324257
v 0.100825787 1.10357308 0.106800929
v 0.131868362 1.08602977 0.0819556862
v 0.122126102 1.08648229 0.0916547924
v 0.111503601 1.08695006 0.0996886641
v 0.100049496 1.07133031 0.105738655
v 0.0995960236 1.0552547 0.105239943
v 0.0991024971 1.0392077 0.104777053
v 0.13218832 1.02199864 0.0820150524
v 0.121479034 1.02235913 0.0906279236
v 0.110066891 1.02275634 0.0979050547
v 0.0980124474 1.00721049 0.103993252
v 0.0974321365 0.99128747 0.103689566
v 0.0968437195 0.975446939 0.10345228
v 0.130474567 0.958630323 0.0805809647
v 0.119247437 0.958941698 0.0888662487
v 0.107625961 0.959308386 0.0962289721
v 0.0956926346 0.944126844 0.103193536
v 0.0951385498 0.928636312 0.103159025
v 0.0945925713 0.913216352 0.103163019
v -0.200220764 1.34091282 0.0610368587
v -0.191733688 1.35627198 0.0624773949
v -0.182737172 1.36863494 0.0653261095
v -0.179055184 1.3911612 0.0657392293
v -0.184499979 1.40408444 0.0610274896
v -0.189877793 1.41616225 0.0545579046
v -0.207464501 1.41814625 0.0460617729
v -0.219853133 1.40490365 0.0466612279
v -0.231744304 1.38733387 0.0479766279
v -0.216559887 1.33645296 0.0620008595
v -0.225244135 1.34790254 0.0605578162
v -0.23388204 1.3581239 0.0567048788
v -0.200203419 1.43732095 0.0350462683
v -0.204961196 1.44561803 0.0219308827
v -0.209315762 1.45150495 0.0068833651
v -0.280914545 1.35995471 -0.00242765248
v -0.289235473 1.34402013 -0.00107361376
v -0.297291338 1.32687855 0.000465452671
v -0.250766307 1.37386334 0.0402785689
v -0.258532614 1.37880886 0.0277074054
v -0.265300006 1.38137722 0.0127269402
v -0.164631426 1.38313591 0.073152408
v -0.155894652 1.3865062 0.0773921311
v -0.14728944 1.38893247 0.0815709606
v -0.14180851 1.40599132 0.0778069645
v -0.145170689 1.41951871 0.0689243823
v -0.148659706 1.43228316 0.0586584359
v -0.183248505 1.43332088 0.046189636
v -0.172087252 1.43732107 0.0465284139
v -0.161807656 1.44064486 0.0467933305
v -0.155900955 1.45514512 0.0333851725
v -0.159571171 1.46438289 0.0183684379
v -0.163196564 1.47114015 0.00194694102
v -0.199446499 1.46127415 -0.0107286302
v -0.187259614 1.46616459 -0.0119209364
v -0.176865578 1.47045684 -0.0137697905
v -0.129669666 1.39481807 0.0888792425
v -0.120355129 1.39766574 0.0918796211
v -0.110487461 1.40014672 0.0946153551
v -0.102912426 1.41585279 0.0876242667
v -0.105949402 1.42895293 0.0770209581
v -0.109001637 1.44137836 0.065367654
v -0.142661572 1.44769692 0.0469795614
v -0.132871151 1.45065188 0.0476379544
v -0.122721195 1.45261598 0.049343124
v -0.105510235 1.50017524 -0.0212395638
v -0.108581066 1.49872375 -0.021462366
v -0.112932682 1.4964807 -0.0217481107
v -0.115056038 1.46411395 0.038604036
v -0.117883205 1.47427201 0.0228862911
v -0.120316029 1.48346734 0.00459195673
v 0.109485693 1.4642247 0.0299621951
v 0.119222768 1.46353507 0.0278170127
v 0.128938571 1.46186101 0.0268302206
v 0.137067586 1.47134995 0.0124150161
v 0.135413378 1.48107409 -0.00360043719
v 0.133877113 1.48805475 -0.0213551819
v 0.14817071 1.45726633 0.0257122368
v 0.15763092 1.45479894 0.0247628596
v 0.166977018 1.45226145 0.0233614948
v 0.176449358 1.46136534 0.00974278338
v 0.176265597 1.47118175 -0.00426520407
v 0.17570807 1.47826385 -0.0207274631
v 0.143303335 1.48945773 -0.0398807451
v 0.153933018 1.48724747 -0.0393291488
v 0.164472997 1.48476827 -0.039058242
v 0.18533951 1.4469502 0.0188088492
v 0.19462052 1.44369054 0.0159316342
v 0.204327136 1.43938863 0.0131407008
v 0.228901654 1.45145082 -0.0487598777
v 0.241269916 1.43994892 -0.0521773398
v 0.254012495 1.42726707 -0.0553792343
v 0.18509391 1.47854209 -0.0399805568
v 0.195367888 1.47425675 -0.0413027182
v 0.205942288 1.46860838 -0.0431806184
v 0.101655662 1.45199585 0.0473989323
v 0.103349589 1.43968391 0.0595555454
v 0.104801506 1.42655468 0.0703452677
v 0.116185799 1.41167176 0.076764144
v 0.125694931 1.41005039 0.0740284249
v 0.134537682 1.40784657 0.0710167214
v 0.14003253 1.4473809 0.0397355855
v 0.141257808 1.43417037 0.0510997921
v 0.142245725 1.42016089 0.060485363
v 0.150507137 1.40244329 0.0629232973
v 0.15800567 1.39970601 0.058217328
v 0.165259615 1.39690173 0.0529687852
v 0.175687134 1.43705499 0.0314008519
v 0.174844414 1.42342973 0.0388408788
v 0.173735589 1.4090389 0.0440533645
v 0.179512069 1.39123321 0.0414429829
v 0.186938897 1.38804591 0.03580603
v 0.194998533 1.38415194 0.0309243537
v 0.212721661 1.42152119 0.0186882727
v 0.210124731 1.40813458 0.0235535409
v 0.207055151 1.39379919 0.0259842817
v -0.080429554 1.29477859 0.131073728
v -0.0830321312 1.31065631 0.129897252
v -0.0856871605 1.32642055 0.127831891
v -0.0994749069 1.33965611 0.120924428
v -0.109946728 1.33692002 0.116285458
v -0.11979866 1.33398652 0.110540345
v -0.126891136 1.2860539 0.103473738
v -0.127418518 1.30098748 0.10414429
v -0.128016949 1.31590676 0.104415014
v -0.13750805 1.32809854 0.095574446
v -0.144585907 1.32614219 0.0869814605
v -0.150721475 1.32362926 0.0780492276
v -0.157732338 1.27732015 0.0523381047
v -0.156933591 1.2913729 0.0576542765
v -0.155908436 1.30516577 0.0637944117
v -0.162473381 1.31157875 0.0592810102
v -0.168634191 1.30350888 0.0501149371
v -0.174223512 1.29143918 0.0433425382
v -0.0969433784 1.38772273 0.105876699
v -0.0940361023 1.37284017 0.113415912
v -0.0911879539 1.35757899 0.119685367
v -0.13559103 1.37692523 0.092011407
v -0.132898808 1.36168933 0.0973283798
v -0.130662441 1.34629416 0.10125573
v -0.168292612 1.36310363 0.0712283477
v -0.163335353 1.34765875 0.0723702908
v -0.159166753 1.33292031 0.0716583803
v -0.199311167 1.31092131 0.0591886006
v -0.191341668 1.29887187 0.0548922494
v -0.184794277 1.2897532 0.048033163
v 0.106612265 1.30190277 0.110259049
v 0.106958903 1.31814909 0.10878852
v 0.10777244 1.33483863 0.107633829
v 0.118435636 1.35004461 0.100577474
v 0.127964988 1.34854424 0.0955212191
v 0.13667655 1.34672272 0.0896317214
v 0.145609975 1.30026531 0.079310365
v 0.145355806 1.31509066 0.0812221244
v 0.144634098 1.32954311 0.082005471
v 0.151696146 1.34258151 0.0751645491
v 0.158044308 1.34031355 0.0665480345
v 0.164156765 1.33820403 0.0578708127
v 0.171675265 1.29681587 0.0327492878
v 0.171070084 1.30986381 0.0388572365
v 0.170358539 1.32277203 0.0445203558
v 0.174891666 1.3333596 0.0387501568
v 0.179845646 1.33033061 0.028894823
v 0.185111627 1.32670283 0.0198766477
v 0.10665521 1.39757156 0.0870398432
v 0.10747008 1.38259339 0.0945352539
v 0.107950762 1.36705577 0.100480855
v 0.143385649 1.39029515 0.0736960545
v 0.143970966 1.37522018 0.0787057951
v 0.144360021 1.35996234 0.0817710012
v 0.171482533 1.37931395 0.0503475964
v 0.170579672 1.36446273 0.0515370518
v 0.169654623 1.34971714 0.050512217
v 0.200455412 1.364169 0.0263858866
v 0.197153538 1.3495307 0.0241585821
v 0.19412066 1.33551764 0.0198353678
v -0.0655713081 1.28036571 0.13479431
v -0.0534982681 1.28174996 0.136727706
v -0.0415911674 1.28297019 0.137926057
v -0.0274605751 1.26779342 0.140172258
v -0.0252275467 1.25150084 0.14160724
v -0.0231056213 1.23520303 0.143121615
v -0.0557155609 1.21550059 0.136204973
v -0.0438594818 1.21674848 0.139299646
v -0.0323677063 1.21789002 0.14209415
v -0.0192298889 1.20267367 0.146470562
v -0.0174736977 1.18646169 0.148319498
v -0.0158190727 1.17028737 0.150270417
v -0.0470352173 1.15093446 0.137701705
v -0.0357222557 1.1521194 0.142734483
v -0.0248765945 1.1531961 0.147757545
v -0.0127544403 1.13803506 0.15444167
v -0.0113134384 1.12195706 0.15663828
v -0.00991725922 1.10590816 0.158894315
v -0.0390563011 1.08680654 0.14148517
v -0.0285058022 1.08795857 0.148417011
v -0.0184650421 1.08899426 0.155289248
v -0.00720596313 1.07389617 0.1635371
v -0.00588083267 1.05793118 0.165916458
v -0.00457954407 1.04199862 0.168341413
v -0.0318994522 1.02308536 0.147924379
v -0.0220456123 1.02421737 0.156300619
v -0.0126690865 1.02523351 0.164282098
v -0.00206851959 1.01023173 0.1733367
v -0.000844478607 0.994425058 0.175870016
v 0.000377178192 0.978704214 0.178373054
v -0.025785923 0.960125208 0.156434909
v -0.0164060593 0.961246252 0.16573216
v -0.00742912292 0.962251902 0.174189642
v 0.00287723541 0.947610617 0.183128551
v 0.00416326523 0.93222928 0.185367659
v 0.00546550751 0.916916609 0.18754752
v -0.0180497169 1.2850287 0.139606312
v -0.00640201569 1.28585172 0.140107051
v 0.00510549545 1.28648114 0.139905468
v 0.0178260803 1.27055383 0.141162649
v 0.0191907883 1.25417447 0.143519476
v 0.0205006599 1.23776507 0.145714298
v -0.00997447968 1.21982884 0.147234216
v 0.000949382782 1.22057176 0.149035409
v 0.011557579 1.22109818 0.149447516
v 0.0228962898 1.2049911 0.149751619
v 0.0239810944 1.18865848 0.151651159
v 0.0250039101 1.172364 0.153504506
v -0.00368118286 1.15494609 0.155927077
v 0.00669384003 1.15556741 0.158027545
v 0.0166540146 1.15596652 0.158026889
v 0.0269260406 1.13989806 0.15716739
v 0.0278453827 1.12372708 0.159004286
v 0.0287528038 1.10759139 0.160851315
v 0.00149488449 1.09061313 0.165323392
v 0.0114440918 1.09114385 0.167201236
v 0.0209469795 1.09144568 0.166456535
v 0.0305571556 1.07542443 0.164583996
v 0.0314702988 1.05939221 0.166480735
v 0.0324006081 1.04339242 0.168405429
v 0.0063457489 1.02677226 0.174986854
v 0.0159835815 1.02723622 0.176443532
v 0.0251412392 1.02746272 0.174973443
v 0.034324646 1.01150298 0.172366932
v 0.0352973938 0.995636702 0.174378768
v 0.0362443924 0.979855776 0.176372066
v 0.0110263824 0.963728666 0.184716538
v 0.020442009 0.964132547 0.185675636
v 0.0293250084 0.964291334 0.183577135
v 0.0379595757 0.948634386 0.18018724
v 0.0387196541 0.933185816 0.181998149
v 0.039440155 0.91780448 0.183768287
v 0.027528286 1.2870028 0.135994151
v 0.0384969711 1.28690124 0.13241978
v 0.0494322777 1.2866199 0.128419355
v 0.0604391098 1.26968598 0.125229552
v 0.0604505539 1.25314689 0.125679806
v 0.0604519844 1.2366116 0.125955954
v 0.0314559937 1.22133279 0.143651679
v 0.0409379005 1.22106338 0.137900904
v 0.0504937172 1.22062993 0.131681398
v 0.0603575706 1.20364404 0.12631388
v 0.0602583885 1.18723226 0.126501575
v 0.0601429939 1.17086864 0.126728967
v 0.0345721245 1.15597749 0.149695829
v 0.0427913666 1.15562272 0.142168954
v 0.0511155128 1.15512109 0.13414605
v 0.0599179268 1.13827062 0.127392188
v 0.0598263741 1.12203193 0.127849773
v 0.059753418 1.10583234 0.128393129
v 0.0373692513 1.09127069 0.155880108
v 0.0445446968 1.09083962 0.14706184
v 0.0517854691 1.09027886 0.137646392
v 0.0596737862 1.07353806 0.129740611
v 0.059677124 1.05744243 0.130546942
v 0.0597186089 1.04138303 0.131443754
v 0.0403428078 1.02712655 0.162663773
v 0.0466179848 1.02662444 0.152910188
v 0.0528731346 1.02600694 0.142400041
v 0.059940815 1.00937057 0.133515969
v 0.0601158142 0.993445635 0.134676471
v 0.0603175163 0.977609873 0.135899559
v 0.0435585976 0.963811636 0.169999912
v 0.0491070747 0.963246107 0.159588531
v 0.0545210838 0.962575674 0.148254886
v 0.0607509613 0.946297407 0.138469413
v 0.060968399 0.930813074 0.139792517
v 0.0611872673 0.915397882 0.141129687
v 0.0948260799 1.28548574 0.115349285
v 0.0833160952 1.2856313 0.118586056
v 0.0717556551 1.28585339 0.121364266
v 0.0923116431 1.21833444 0.114653133
v 0.0816588402 1.21895003 0.118582442
v 0.0709142685 1.21954751 0.122043744
v 0.0910563469 1.15278459 0.113505438
v 0.0803308487 1.15337777 0.117636338
v 0.069849968 1.15396476 0.12175931
v 0.08943367 1.08795333 0.111689463
v 0.0787587166 1.0884974 0.116718307
v 0.0687446594 1.08906913 0.122209147
v 0.0875496864 1.0236671 0.110502437
v 0.0772762299 1.02418351 0.116870478
v 0.0679588318 1.02474618 0.124001876
v 0.0857076645 0.960180998 0.110597745
v 0.0761628151 0.96069026 0.118496552
v 0.067735672 0.961257219 0.127261296
v 0.0948892385 1.41250908 0.0826016217
v 0.0831206888 1.4118135 0.0857956111
v 0.0707362443 1.4107064 0.0889019668
v 0.057488557 1.4207207 0.0845709592
v 0.0572534464 1.43064928 0.0772477388
v 0.0570469946 1.43960381 0.0697359666
v 0.0899357647 1.46099353 0.0399662927
v 0.0797389895 1.45717156 0.0473249778
v 0.0687955916 1.45260751 0.0549697392
v 0.0563226752 1.4559226 0.0540717691
v 0.0556741804 1.4632709 0.0463659205
v 0.054796733 1.46961784 0.0393756814
v 0.0445768461 1.40823734 0.0940780267
v 0.0310728215 1.40722656 0.0962744579
v 0.0174646378 1.40647054 0.0985512286
v 0.0023431778 1.41562724 0.0949275643
v 0.00105667114 1.42378306 0.0895764977
v -0.000156402588 1.43084168 0.0844177753
v 0.0434613898 1.44382024 0.0677886456
v 0.0291200932 1.44057119 0.0725035742
v 0.0140986443 1.43841624 0.0764594823
v -0.00253200531 1.44361854 0.074165836
v -0.00368022919 1.44956851 0.0691862255
v -0.00472307205 1.4548862 0.0646262318
v 0.040967308 1.46864438 0.0439539887
v 0.0265274085 1.46386003 0.051679913
v 0.0108494759 1.46070218 0.057363227
v -0.00997066498 1.40544009 0.102480724
v -0.023639679 1.40517402 0.103984013
v -0.0371894836 1.40499425 0.104877487
v -0.0534191132 1.41589189 0.0977276713
v -0.0563292503 1.42566895 0.090457812
v -0.0592422485 1.43453765 0.0830342919
v -0.0169501305 1.43731809 0.0807456523
v -0.0324544907 1.43832326 0.0806664973
v -0.047598362 1.44021487 0.0789275914
v -0.0648775101 1.45091891 0.0675408393
v -0.0673160553 1.45842433 0.0599068552
v -0.0691928864 1.46500611 0.0529905111
v -0.0223479271 1.45974994 0.0616139919
v -0.0389909744 1.46191001 0.0598054081
v -0.0551023483 1.46550965 0.0551049262
v -0.0884933472 1.40341401 0.0998174697
v -0.0763587952 1.40420079 0.102146164
v -0.0636601448 1.40462184 0.10394074
v -0.100716591 1.45184922 0.0576989204
v -0.0886507034 1.44929051 0.0638625175
v -0.0758013725 1.44608378 0.0700938851
v -0.156557083 1.47875047 -0.0175966471
v -0.146141052 1.48286653 -0.0192975253
v -0.13510704 1.4870379 -0.0207521766
v 0.184903145 1.2813791 -0.0695763528
v 0.183014542 1.28084052 -0.0860787556
v 0.180472702 1.28061223 -0.100098297
v 0.177387893 1.26474869 -0.108794905
v 0.177396595 1.24862146 -0.107068576
v 0.176532537 1.23202169 -0.106486164
v 0.171323836 1.19714522 -0.1069161
v 0.167881951 1.17952025 -0.107004449
v 0.164153203 1.16196096 -0.10690888
v 0.16738233 1.14576209 -0.095787257
v 0.172165275 1.14701879 -0.0833128989
v 0.17488344 1.1482501 -0.0694298074
v 0.157336429 1.12792015 -0.10575822
v 0.154975146 1.11178529 -0.104559079
v 0.153206825 1.09607434 -0.10307084
v 0.149726868 1.0647819 -0.100031123
v 0.148152351 1.04917502 -0.0986980647
v 0.146819115 1.03356767 -0.0977333635
v 0.167060375 0.910703421 -0.0465288609
v 0.167686939 0.926245451 -0.0469596237
v 0.168317795 0.941804171 -0.0473244637
v 0.153923988 1.01842284 -0.0857692808
v 0.161333084 1.01897883 -0.0739985555
v 0.167305946 1.01952815 -0.061685428
v 0.145220757 1.00227284 -0.0975785702
v 0.144834518 0.986599684 -0.0982509702
v 0.14444828 0.970948458 -0.0990214199
v 0.151834011 0.955868483 -0.087517187
v 0.158987522 0.956429243 -0.0749461502
v 0.164847374 0.956959486 -0.0616910905
v 0.142846107 0.939841032 -0.0996308178
v 0.141517162 0.924396753 -0.0992836207
v 0.139967918 0.908998251 -0.0986618251
v 0.17208463 1.28066278 -0.12213672
v 0.164595306 1.28014159 -0.131239504
v 0.155370623 1.2794205 -0.139168307
v 0.143840343 1.26181591 -0.144027248
v 0.141430944 1.24477315 -0.142495364
v 0.137972742 1.22757721 -0.141316906
v 0.166521996 1.21333802 -0.116761342
v 0.156376734 1.21193635 -0.125490874
v 0.145335972 1.2109791 -0.133147731
v 0.129677534 1.19312966 -0.139610812
v 0.125579029 1.1761061 -0.138984442
v 0.122306533 1.1595844 -0.138397232
v 0.151630014 1.14396191 -0.115401961
v 0.141337276 1.14353621 -0.123065777
v 0.130391911 1.14334512 -0.130337805
v 0.117884636 1.12750983 -0.137829766
v 0.116495609 1.11172462 -0.137961552
v 0.115332127 1.09593654 -0.138389453
v 0.142876148 1.08014941 -0.111400709
v 0.133620739 1.0800736 -0.120647237
v 0.124015331 1.0801003 -0.12971662
v 0.113684654 1.06437945 -0.139869615
v 0.11310339 1.0486114 -0.140768215
v 0.112560272 1.03284431 -0.141655073
v 0.137638092 1.0175879 -0.108910009
v 0.129362106 1.01735234 -0.120416388
v 0.120850086 1.01719117 -0.131656095
v 0.111195564 1.00127912 -0.143037006
v 0.110246658 0.985513449 -0.143404707
v 0.109080791 0.96980691 -0.143501624
v 0.135389805 0.954943419 -0.111205325
v 0.126551151 0.95462966 -0.122416839
v 0.117312431 0.954389811 -0.133133158
v 0.10599947 0.938716173 -0.142752573
v 0.104124069 0.923336267 -0.141955599
v 0.102113724 0.908023596 -0.140984997
v 0.133265465 1.27788889 -0.151917368
v 0.120899811 1.27711296 -0.157210737
v 0.107824519 1.276209 -0.162269592
v 0.0927514583 1.25808024 -0.167401239
v 0.0906650722 1.24120545 -0.167825386
v 0.0881865919 1.22445595 -0.16857712
v 0.122235373 1.20969701 -0.14777565
v 0.110356249 1.20908606 -0.15523082
v 0.0981815681 1.20847106 -0.162543431
v 0.0833154842 1.19138098 -0.17049481
v 0.0814748481 1.17515302 -0.171452388
v 0.0803060532 1.15922093 -0.172324821
v 0.109486111 1.14340806 -0.146709949
v 0.099729538 1.1434691 -0.155942962
v 0.0898160934 1.14345431 -0.165014908
v 0.0783901215 1.12749028 -0.174034342
v 0.0774435997 1.11162066 -0.174844131
v 0.0764932632 1.09575152 -0.175584242
v 0.105002403 1.08016276 -0.148896202
v 0.0956091881 1.08012033 -0.158800825
v 0.0858922005 1.08002877 -0.168122455
v 0.0745315552 1.06403565 -0.176733002
v 0.0734901428 1.04819083 -0.177111968
v 0.0723824501 1.03235602 -0.177360758
v 0.102548599 1.01694322 -0.152579173
v 0.0926175117 1.01681495 -0.161907658
v 0.0821628571 1.01667762 -0.170262501
v 0.0698952675 1.00072312 -0.177466616
v 0.0685062408 0.984954596 -0.177338108
v 0.0670318604 0.969256639 -0.177106127
v 0.0976204872 0.954040289 -0.152818486
v 0.0872073174 0.953899145 -0.161634371
v 0.0764780045 0.953775167 -0.169652447
v 0.0638713837 0.938175917 -0.176383659
v 0.0622119904 0.922791719 -0.175926074
v 0.0605192184 0.907471418 -0.175430283
v -0.10263443 0.899344683 -0.120607421
v -0.104419231 0.91444087 -0.12281166
v -0.106160164 0.929609537 -0.124954209
v -0.11787796 0.944155455 -0.11917381
v -0.127395153 0.94354701 -0.110424623
v -0.136175156 0.943094969 -0.100709483
v -0.141983986 0.927577734 -0.0871280879
v -0.139865398 0.912422419 -0.0842303485
v -0.137679577 0.897334337 -0.0813034028
v -0.150683403 0.942798853 -0.0782406181
v -0.156085491 0.943003893 -0.0656005591
v -0.160096169 0.94346118 -0.0522197336
v -0.161684513 0.928779364 -0.0354257673
v -0.160480022 0.913454294 -0.0325627178
v -0.15908432 0.89817977 -0.0296763033
v -0.109431744 0.960287333 -0.128932402
v -0.110945702 0.975804567 -0.130753145
v -0.112388134 0.991400957 -0.132481143
v -0.124538898 1.0062716 -0.127461061
v -0.13457346 1.00562644 -0.119700834
v -0.143546104 1.00515437 -0.110757276
v -0.145900726 0.958217859 -0.0927838534
v -0.14770031 0.973708391 -0.0954956263
v -0.149434566 0.989279032 -0.0980895609
v -0.15708065 1.00489926 -0.089006409
v -0.16137743 1.00515532 -0.076355204
v -0.16408205 1.00566697 -0.0628282875
v -0.16319561 0.959673643 -0.0410398692
v -0.163663387 0.975235701 -0.0437326878
v -0.164261341 0.990833044 -0.0462927669
v -0.158044815 0.90169549 0.0293081552
v -0.158155441 0.91723752 0.0266816765
v -0.158150673 0.93278861 0.0240841657
v -0.11508131 1.02272439 -0.13571851
v -0.116342068 1.03841949 -0.137243554
v -0.11755228 1.05413556 -0.138706669
v -0.129950047 1.06909204 -0.13420181
v -0.140366554 1.06844401 -0.12704967
v -0.149689198 1.06795573 -0.118547603
v -0.152827263 1.02055097 -0.102811918
v -0.154493332 1.03622746 -0.104910299
v -0.156108856 1.05192733 -0.106835112
v -0.16401577 1.06756473 -0.0971363038
v -0.168772697 1.06769967 -0.0844207853
v -0.171943665 1.06806827 -0.070745036
v -0.166806698 1.0220015 -0.0508472174
v -0.168828011 1.03755641 -0.052833721
v -0.171138287 1.05311227 -0.0546743125
v -0.119829178 1.08562016 -0.141450331
v -0.120902061 1.10138917 -0.142726347
v -0.121934414 1.11717486 -0.143932924
v -0.134365559 1.13223386 -0.139397189
v -0.144929409 1.13161349 -0.132342324
v -0.154491901 1.13112807 -0.123892412
v -0.159085274 1.08340764 -0.110174701
v -0.16043663 1.09918475 -0.111603066
v -0.161709785 1.11497903 -0.112888083
v -0.170083523 1.13060069 -0.102818057
v -0.175829887 1.13059545 -0.0904309601
v -0.180009365 1.13079143 -0.0771196336
v -0.175923347 1.08428168 -0.0580715388
v -0.178209305 1.09990764 -0.0597145408
v -0.180397034 1.11555457 -0.0613843054
v -0.163530827 0.945148706 -0.0238503665
v -0.162977695 0.946258307 -0.00905714929
v -0.161077976 0.947373152 0.00608153641
v -0.123894691 1.14880061 -0.146117017
v -0.124824524 1.16463828 -0.14707236
v -0.125721455 1.18049312 -0.147912487
v -0.138143063 1.19563508 -0.142881617
v -0.148792744 1.19501805 -0.135705993
v -0.158528805 1.19450879 -0.127226219
v -0.164084911 1.14660478 -0.115071222
v -0.165206909 1.16243005 -0.115995631
v -0.166293144 1.17826438 -0.116826639
v -0.175188065 1.19381309 -0.106899604
v -0.181721687 1.19364762 -0.0953832716
v -0.186567307 1.19363332 -0.0832243413
v -0.18443203 1.14689183 -0.064977631
v -0.18624258 1.16255689 -0.066885516
v -0.187886715 1.17819571 -0.0687880963
v -0.164968967 1.00742459 -0.0340959281
v -0.16347456 1.00854564 -0.0191163868
v -0.161028385 1.00967336 -0.00371305645
v -0.127416134 1.21226525 -0.149188444
v -0.128223896 1.22827554 -0.149646148
v -0.129018307 1.24448705 -0.150036022
v -0.141239166 1.26025462 -0.144926354
v -0.151695728 1.25945306 -0.138230786
v -0.161247253 1.25864387 -0.130455121
v -0.16836071 1.20995879 -0.118286595
v -0.16921854 1.2258513 -0.119101748
v -0.169794559 1.24181533 -0.120196566
v -0.177594006 1.25698829 -0.112378329
v -0.183845028 1.25571036 -0.102315411
v -0.188424289 1.25413764 -0.0915859118
v -0.190270126 1.20924366 -0.0723110363
v -0.190073133 1.22395909 -0.0740205199
v -0.190319926 1.238217 -0.0765902996
v -0.173650265 1.06953311 -0.0416591614
v -0.172374725 1.07054591 -0.0265523642
v -0.169892311 1.07162881 -0.0110898465
v -0.129536152 1.48879504 -0.049753353
v -0.133834362 1.48231816 -0.0703312606
v -0.136724949 1.47344851 -0.0882104486
v -0.148389816 1.46168399 -0.0978081673
v -0.15790987 1.45954919 -0.0933701843
v -0.167159081 1.45638728 -0.0898060054
v -0.185401961 1.44897497 -0.0837131217
v -0.195828691 1.44477463 -0.0814939439
v -0.207922548 1.43906629 -0.0800738484
v -0.220794737 1.44118571 -0.0638278127
v -0.219160751 1.44889188 -0.0463826954
v -0.216544434 1.45335817 -0.0279844701
v -0.234888121 1.4182632 -0.0780920833
v -0.248590305 1.40123308 -0.0768957138
v -0.2615363 1.37939107 -0.0751859099
v -0.274206638 1.37815666 -0.0226715356
v -0.275819004 1.37244415 -0.0412183031
v -0.275375664 1.36449814 -0.058424063
v -0.139154911 1.44886422 -0.116257831
v -0.139043331 1.43368983 -0.126523659
v -0.138376713 1.41726756 -0.13457565
v -0.147212982 1.40000033 -0.136348054
v -0.156103611 1.39843726 -0.132203206
v -0.164336681 1.39593577 -0.128068373
v -0.176254749 1.44014382 -0.0997751206
v -0.175312996 1.42564511 -0.110146269
v -0.173846111 1.4097501 -0.11808458
v -0.181104839 1.38950908 -0.120236553
v -0.190652743 1.3848629 -0.116780512
v -0.200629666 1.37816262 -0.113244683
v -0.219980851 1.41751444 -0.0910241902
v -0.217584759 1.40248013 -0.0998409092
v -0.214340642 1.38604355 -0.10585244
v -0.220289767 1.35671186 -0.105163552
v -0.229329526 1.34177303 -0.100675844
v -0.237586647 1.32434523 -0.0961921662
v -0.267975807 1.34356105 -0.083200112
v -0.261402607 1.33138573 -0.0896382853
v -0.253544003 1.31862831 -0.0924724638
v -0.136352539 1.38271499 -0.144980535
v -0.135280132 1.36517453 -0.147874877
v -0.134224415 1.34756827 -0.149639234
v -0.143355846 1.32935452 -0.146181807
v -0.152420998 1.32795119 -0.141220197
v -0.16069074 1.32604825 -0.135786325
v -0.170930877 1.3757602 -0.127840087
v -0.169753954 1.35839903 -0.130010068
v -0.168909013 1.34104133 -0.130674571
v -0.176829681 1.32018852 -0.124961331
v -0.184588581 1.31491482 -0.118914939
v -0.191568002 1.30732965 -0.111941427
v -0.206831947 1.35153699 -0.110788077
v -0.203070462 1.33461821 -0.110160992
v -0.1995911 1.31819022 -0.107689217
v -0.201270148 1.28649664 -0.0946237966
v -0.204051912 1.2753731 -0.0849403441
v -0.206353217 1.26586592 -0.0756261721
v -0.235914916 1.29301643 -0.0887556747
v -0.226823956 1.28063619 -0.0831546411
v -0.217810124 1.26859307 -0.0758492202
v -0.130604744 1.27785707 -0.150752947
v -0.131424427 1.29502845 -0.150989041
v -0.132288933 1.31242299 -0.150975034
v -0.169570431 1.27393901 -0.124024317
v -0.169134215 1.29007399 -0.126652956
v -0.168863565 1.30658615 -0.128979564
v -0.191045672 1.26243639 -0.0854600668
v -0.19231008 1.27060509 -0.0916445702
v -0.194583237 1.28141236 -0.0981293842
v -0.189797878 1.19414401 -0.05770199
v -0.188237146 1.19469321 -0.0442935899
v -0.185112387 1.19544661 -0.0301584825
v 0.176488966 1.29625463 -0.116945267
v 0.174655795 1.31120145 -0.123652026
v 0.172190532 1.32600653 -0.130956456
v 0.175207287 1.33946943 -0.129836559
v 0.180211857 1.33727133 -0.121145815
v 0.184853792 1.3340559 -0.113190651
v 0.186882183 1.29320276 -0.0685975403
v 0.186826527 1.30388236 -0.0839036182
v 0.188062459 1.31621015 -0.0963874608
v 0.167128235 1.35658705 -0.143180668
v 0.165732384 1.37273359 -0.146428391
v 0.164553165 1.38884711 -0.14785932
v 0.172193974 1.40209234 -0.143872499
v 0.179867566 1.39828885 -0.140681654
v 0.187924191 1.39334261 -0.137705594
v 0.191203773 1.34336329 -0.117202401
v 0.192327574 1.35745144 -0.125880286
v 0.194362611 1.37210321 -0.132034332
v 0.165022671 1.42078698 -0.14320159
v 0.166162923 1.43569279 -0.136876076
v 0.167635962 1.44922507 -0.127565607
v 0.178872496 1.4580214 -0.114233375
v 0.188360527 1.45365787 -0.114513047
v 0.198136628 1.44782221 -0.115097314
v 0.199095175 1.40138745 -0.136367619
v 0.202286437 1.41564107 -0.133260131
v 0.205429763 1.42872131 -0.12656866
v 0.215801582 1.46039939 -0.0645029843
v 0.213868916 1.45645261 -0.0834206194
v 0.211395487 1.44959009 -0.101043172
v 0.144081086 1.29521108 -0.148505434
v 0.141965553 1.31161129 -0.15128991
v 0.138955042 1.3279568 -0.154081881
v 0.162266761 1.3420769 -0.144266918
v 0.154150769 1.34296131 -0.149151251
v 0.145183936 1.34369326 -0.153083891
v 0.133875221 1.36163807 -0.157687157
v 0.13182576 1.37863255 -0.158046067
v 0.130160138 1.39539444 -0.157021239
v 0.15612191 1.40726948 -0.149102509
v 0.147526398 1.40914655 -0.150801495
v 0.138642401 1.41072166 -0.15225549
v 0.129330233 1.42813396 -0.148408309
v 0.129481614 1.44314241 -0.140629664
v 0.129884809 1.45677018 -0.13019596
v 0.159869492 1.46403718 -0.114335641
v 0.150159538 1.46620131 -0.1146724
v 0.140347987 1.46792316 -0.11520569
v 0.0946831703 1.29222536 -0.168066055
v 0.0943978727 1.30943179 -0.169029996
v 0.0934778601 1.3266443 -0.170057893
v 0.125675291 1.3450191 -0.159985244
v 0.115558989 1.34553862 -0.16333802
v 0.104645163 1.34535658 -0.166869104
v 0.0921267346 1.36173689 -0.170432672
v 0.0910622403 1.37892997 -0.16947186
v 0.0900483578 1.39573169 -0.167249426
v 0.120290048 1.41335893 -0.155588374
v 0.11070057 1.41410017 -0.157757178
v 0.100562841 1.41391504 -0.160259917
v 0.0893159062 1.42823887 -0.157039374
v 0.0891550556 1.44318211 -0.148828477
v 0.0891043916 1.45698106 -0.138280034
v 0.120539486 1.47027862 -0.116942301
v 0.110435829 1.47082555 -0.118497133
v 0.100015834 1.47075474 -0.120949142
v 0.0879180282 1.49713802 -0.0690179616
v 0.0885850266 1.49030602 -0.0899318606
v 0.0889524147 1.48107851 -0.108492203
v 0.17103225 1.47106946 -0.0976146162
v 0.17247735 1.47796285 -0.078888461
v 0.173772857 1.48173118 -0.0589912459
v -0.117386818 1.26163077 -0.154596433
v -0.104166031 1.26219296 -0.157806322
v -0.0903916359 1.26272225 -0.160406336
v -0.0754380226 1.24747682 -0.162524626
v -0.0748062134 1.23165536 -0.162217662
v -0.0743227005 1.21581197 -0.161854073
v -0.114159107 1.19719481 -0.152898356
v -0.101072311 1.19809985 -0.156117424
v -0.0875725746 1.19903636 -0.158792242
v -0.0734796524 1.18412805 -0.160959944
v -0.073035717 1.16830564 -0.160445556
v -0.0725755692 1.15249705 -0.159903333
v -0.110775948 1.13383508 -0.149435148
v -0.0981049538 1.13476872 -0.152934358
v -0.0851402283 1.13573718 -0.156069204
v -0.0716147423 1.12091947 -0.158795342
v -0.0711145401 1.10514951 -0.158241615
v -0.0706062317 1.08939147 -0.157690272
v -0.10691452 1.07074618 -0.144938394
v -0.0947527885 1.0716908 -0.149083778
v -0.0824141502 1.07266927 -0.152999029
v -0.0695552826 1.05791497 -0.156588778
v -0.0690178871 1.04219413 -0.156045124
v -0.0684766769 1.02648425 -0.155511662
v -0.102543354 1.00791955 -0.139854118
v -0.0910596848 1.00885177 -0.144975111
v -0.0794711113 1.00981688 -0.14989005
v -0.0673913956 0.995105028 -0.154493853
v -0.0668392181 0.979465246 -0.153987452
v -0.0662679672 0.963893652 -0.153447732
v -0.0974683762 0.945696115 -0.133997723
v -0.0869059563 0.946570158 -0.140429184
v -0.0762658119 0.947484255 -0.146607444
v -0.0650258064 0.933064699 -0.152164206
v -0.0643553734 0.917802572 -0.15141587
v -0.0636639595 0.902604342 -0.150621936
v -0.0621118546 1.26383901 -0.165238544
v -0.0478930473 1.26446605 -0.167928502
v -0.0336880684 1.26513648 -0.170921788
v -0.0193209648 1.25040507 -0.174730822
v -0.0193343163 1.23477292 -0.175095662
v -0.0195002556 1.21901965 -0.17540662
v -0.0602726936 1.20084786 -0.164457783
v -0.0467076302 1.20168376 -0.167888567
v -0.0332016945 1.20247197 -0.171653971
v -0.0200004578 1.18739915 -0.175931558
v -0.0202579498 1.17159867 -0.176164493
v -0.0205163956 1.15580869 -0.176385269
v -0.0591645241 1.13762593 -0.163164839
v -0.0463285446 1.13849616 -0.167439625
v -0.0335488319 1.13929915 -0.171981558
v -0.0210328102 1.12425637 -0.176799044
v -0.0212903023 1.10849786 -0.176996991
v -0.0215449333 1.09274554 -0.177185759
v -0.057908535 1.07459283 -0.161836669
v -0.0458526611 1.07548165 -0.166948661
v -0.0338411331 1.07629275 -0.172212884
v -0.0220422745 1.06127429 -0.177532122
v -0.0222854614 1.04555202 -0.177693352
v -0.0225291252 1.02983975 -0.177853331
v -0.0565633774 1.01173568 -0.160572216
v -0.0453081131 1.0126307 -0.166455314
v -0.0340766907 1.01343989 -0.172363862
v -0.0230345726 0.998446226 -0.178184256
v -0.0232915878 0.982795 -0.178342566
v -0.0235433578 0.96720767 -0.178472683
v -0.0551872253 0.949351072 -0.159360215
v -0.0447745323 0.950236559 -0.165989384
v -0.0343365669 0.951039553 -0.172474012
v -0.0240087509 0.936332941 -0.178581402
v -0.0242204666 0.921042681 -0.17855905
v -0.0244240761 0.905812979 -0.178502843
v -0.00548410416 1.26659989 -0.177992508
v 0.00844335556 1.26737761 -0.181391343
v 0.0224591028 1.26826131 -0.183678359
v 0.0359989926 1.25345027 -0.184687451
v 0.035076607 1.23748183 -0.185344487
v 0.0341708884 1.22152793 -0.185977235
v -0.00632715225 1.20389915 -0.179797694
v 0.00702238083 1.20453811 -0.183432326
v 0.0202832222 1.20511699 -0.18591021
v 0.0327076912 1.18975425 -0.187114999
v 0.0319986343 1.17388511 -0.187643394
v 0.031288147 1.15802598 -0.188143834
v -0.00797128677 1.14067006 -0.181038126
v 0.00486135483 1.1412375 -0.184857592
v 0.0177092552 1.14173627 -0.187550172
v 0.029815197 1.1263411 -0.189054117
v 0.0290441513 1.11051154 -0.189462766
v 0.0282483101 1.09469438 -0.189840302
v -0.00965547562 1.07760644 -0.18211852
v 0.00259542465 1.07810616 -0.186103031
v 0.0149555206 1.07852626 -0.188923821
v 0.0265760422 1.06308866 -0.190503165
v 0.025703907 1.0473001 -0.190795109
v 0.0248131752 1.03152442 -0.191066429
v -0.0113368034 1.01469398 -0.183116063
v 0.0002617836 1.0151341 -0.187292323
v 0.0120110512 1.01547885 -0.190157935
v 0.0229945183 1.00000739 -0.191571459
v 0.0220718384 0.984296083 -0.191793784
v 0.0211420059 0.968652964 -0.191974089
v -0.0130429268 0.952233076 -0.183953866
v -0.00211668015 0.952615499 -0.188282892
v 0.00897407532 0.952893972 -0.191132292
v 0.0192708969 0.937667131 -0.192148611
v 0.0183291435 0.922323465 -0.192143962
v 0.0173864365 0.907042265 -0.192103013
v 0.0800449774 1.27370393 -0.172920153
v 0.0656630546 1.27218962 -0.17803368
v 0.0511826053 1.27070224 -0.181999266
v 0.0727040172 1.2072016 -0.175874025
v 0.059577588 1.20660961 -0.181173086
v 0.0464506969 1.20609391 -0.184897587
v 0.0680012703 1.14317155 -0.17981188
v 0.0559287071 1.14290738 -0.1846755
v 0.0433697701 1.14257026 -0.187649652
v 0.0642852783 1.07970309 -0.182562634
v 0.0523400307 1.07947421 -0.187018439
v 0.0399627686 1.07920098 -0.189567074
v 0.0597295761 1.01637387 -0.18338351
v 0.0479187965 1.01619697 -0.187791154
v 0.035923481 1.01599431 -0.190503642
v 0.05427742 0.953540564 -0.182898745
v 0.0429401398 0.953415155 -0.187709197
v 0.0315542221 0.953273535 -0.190885171
v -0.077457428 1.27898955 -0.162959918
v -0.0788397789 1.29467797 -0.163058683
v -0.0803618431 1.3103478 -0.163041517
v -0.12183857 1.32959104 -0.154388294
v -0.109354496 1.3285315 -0.157659695
v -0.0959792137 1.32720017 -0.160467073
v -0.083468914 1.34169412 -0.162501857
v -0.0849394798 1.35743737 -0.161667094
v -0.086315155 1.37328649 -0.160093412
v -0.126491547 1.3985188 -0.145162389
v -0.114491463 1.3956964 -0.149673745
v -0.101490021 1.39238095 -0.153884754
v -0.0886816978 1.4054234 -0.153639898
v -0.0896430016 1.42136788 -0.148483619
v -0.0904479027 1.43673301 -0.142035469
v -0.127960205 1.46095777 -0.110786006
v -0.116704941 1.45822883 -0.118894741
v -0.104486465 1.45473361 -0.127015755
v -0.0915765762 1.46419454 -0.125431702
v -0.0918259621 1.47567916 -0.116178557
v -0.0917797089 1.48535657 -0.107435927
v -0.117283821 1.49513268 -0.0498534888
v -0.110931396 1.49524617 -0.0699090213
v -0.102381229 1.49435878 -0.0866359919
v -0.02003479 1.28106141 -0.173782274
v -0.0207567215 1.29608226 -0.173194572
v -0.0216240883 1.31098008 -0.172546551
v -0.0674118996 1.3252995 -0.164998218
v -0.0525803566 1.32507682 -0.167036936
v -0.0375804901 1.32527184 -0.169240341
v -0.0234856606 1.3406527 -0.171082899
v -0.0243725777 1.35553145 -0.170076355
v -0.0251874924 1.37049556 -0.168626651
v -0.0728387833 1.38702559 -0.160313234
v -0.0574994087 1.38567567 -0.162548289
v -0.0417780876 1.38520694 -0.164515302
v -0.0264930725 1.40079856 -0.163605794
v -0.0269470215 1.415941 -0.159788415
v -0.0272579193 1.43077636 -0.155036733
v -0.0764260292 1.44801831 -0.140067503
v -0.0607061386 1.44576478 -0.144351885
v -0.0442633629 1.4446795 -0.1473618
v -0.0274367332 1.45854449 -0.142672881
v -0.0273361206 1.47080731 -0.135690436
v -0.0271639824 1.48141789 -0.129023835
v -0.0777740479 1.49157548 -0.110160097
v -0.0620808601 1.49039674 -0.117121145
v -0.0449304581 1.48975539 -0.121380493
v 0.037183471 1.28518105 -0.18344596
v 0.037312381 1.30088651 -0.182835937
v 0.0371817127 1.31649804 -0.182150066
v -0.00764656067 1.32666087 -0.174963936
v 0.00724754715 1.32789898 -0.178018734
v 0.022267703 1.32972872 -0.180302396
v 0.0371439606 1.34792244 -0.179985434
v 0.0368733406 1.36363053 -0.178317264
v 0.0365936086 1.37949502 -0.175903723
v -0.0100879669 1.3867805 -0.168773875
v 0.00563137652 1.38881135 -0.170842484
v 0.0212170035 1.39177752 -0.1722119
v 0.0365213379 1.41219151 -0.167674914
v 0.0367345959 1.42854345 -0.16161941
v 0.037138544 1.44416893 -0.154285565
v -0.0105056763 1.44708228 -0.150326595
v 0.00620306842 1.45032132 -0.150237694
v 0.0224090628 1.45430207 -0.148770496
v 0.0386961922 1.4713937 -0.135722056
v 0.0396238193 1.48237431 -0.125461146
v 0.0403830782 1.49136364 -0.115930907
v -0.00880718231 1.49112678 -0.123305604
v 0.00893535092 1.49309266 -0.121011943
v 0.0256423149 1.49562728 -0.116007388
v 0.0800030231 1.341838 -0.174390659
v 0.0663262531 1.33872485 -0.177802414
v 0.0519988388 1.33535421 -0.180252329
v 0.0777291358 1.40924478 -0.166151702
v 0.0648215935 1.40497601 -0.169051632
v 0.0510095023 1.40022409 -0.171308935
v 0.077599898 1.46818244 -0.129682451
v 0.0652942806 1.4656229 -0.13543199
v 0.052066654 1.4623524 -0.141043812
v 0.0755467415 1.50264049 -0.0660926476
v 0.0654371157 1.502051 -0.0834341496
v 0.0539584272 1.50055981 -0.0972379521
v -0.197254866 1.2195493 0.0395578071
v -0.195130765 1.21497977 0.0255864039
v -0.195266128 1.21213329 0.0111525357
v -0.183117986 1.23387241 -0.0168057233
v -0.188234806 1.22951663 -0.0126955211
v -0.192663729 1.21981025 -0.00757002085
v -0.208654881 1.21820784 0.0565209091
v -0.21574837 1.20798397 0.061259184
v -0.223311245 1.19788098 0.0655945539
v -0.226634443 1.18181276 0.0565183088
v -0.22356689 1.17673576 0.0423885323
v -0.222573459 1.17286849 0.0274669379
v -0.202216208 1.19604146 0.00265345722
v -0.208823919 1.18765783 0.00629103184
v -0.216103673 1.17903543 0.00947061181
v -0.239839673 1.1781714 0.0726170093
v -0.248688936 1.16855276 0.0753441453
v -0.257777631 1.15903044 0.0777476728
v -0.26349932 1.14575303 0.0660884827
v -0.261293709 1.1423701 0.0512456112
v -0.260564744 1.13937199 0.0357885361
v -0.232793927 1.16182554 0.0145378634
v -0.242053747 1.15339458 0.016550988
v -0.251686871 1.14503825 0.0183541626
v -0.214660108 1.30907226 0.0635973141
v -0.221022427 1.29645562 0.0669888258
v -0.22725302 1.28304183 0.0715958104
v -0.208347976 1.23838294 0.0614259243
v -0.215897143 1.24873078 0.0690689385
v -0.224391878 1.25918639 0.0742625147
v -0.240060687 1.25587392 0.0822084248
v -0.24683398 1.24261713 0.0874969289
v -0.253864169 1.22954834 0.092563346
v -0.237320006 1.19489348 0.080561772
v -0.24436897 1.2022897 0.0893649757
v -0.252357781 1.20968294 0.0951531529
v -0.26869607 1.2038219 0.10152252
v -0.276431978 1.1910907 0.105402105
v -0.28429997 1.17841434 0.109031029
v -0.271589637 1.15375817 0.0925046802
v -0.277310312 1.15808272 0.102759548
v -0.284181058 1.16219664 0.109766446
v -0.251189888 1.34868741 0.052301947
v -0.258688569 1.33397138 0.0543764718
v -0.265917957 1.31802869 0.0567342453
v -0.212903231 1.25046253 -0.0611631721
v -0.217523336 1.23887384 -0.0560888052
v -0.222905934 1.22911119 -0.052511543
v -0.243100643 1.27892876 0.0766529962
v -0.252924979 1.28761721 0.0736727938
v -0.262913108 1.29521322 0.0678861439
v -0.279895127 1.28490961 0.0619555376
v -0.286821306 1.26841223 0.0647453219
v -0.29383266 1.25205195 0.067674458
v -0.270612419 1.22276282 0.095290035
v -0.280543804 1.22801173 0.0897196084
v -0.290747523 1.23237872 0.0812962875
v -0.30847168 1.21989274 0.0740077347
v -0.316125691 1.20408475 0.0773875862
v -0.323918521 1.18838787 0.0808544606
v -0.301420987 1.16853213 0.110439882
v -0.311374485 1.17053735 0.104276292
v -0.321644425 1.17190254 0.0951995477
v -0.282858193 1.3062433 0.0479511619
v -0.291983783 1.30924475 0.0343427211
v -0.299607038 1.31028807 0.019006826
v -0.312317431 1.29140866 0.00525155663
v -0.319328129 1.27374792 0.0086453855
v -0.326152146 1.25620782 0.0125159919
v -0.311087191 1.23845029 0.0587607995
v -0.32026118 1.23994505 0.0456073433
v -0.327790558 1.24013829 0.031514205
v -0.339704752 1.22159052 0.0210587904
v -0.346539855 1.20449805 0.025530681
v -0.353401959 1.18749249 0.0300780833
v -0.34130919 1.1731447 0.0727436692
v -0.349641085 1.17300069 0.0605608858
v -0.356169045 1.1721772 0.0478546657
v -0.227900371 1.44352722 -0.00900641829
v -0.242950037 1.42765868 -0.00785551593
v -0.257561505 1.40623498 -0.00625897199
v -0.307605982 1.30576026 -0.0145797879
v -0.307550609 1.30038083 -0.031372577
v -0.305127263 1.29342556 -0.0469703972
v -0.307109356 1.26856685 -0.056342572
v -0.313622057 1.25208724 -0.0517208874
v -0.320116282 1.23582745 -0.0467016995
v -0.335061491 1.23585403 0.00144907832
v -0.334447205 1.23148048 -0.0137131661
v -0.331473053 1.22600591 -0.0281916708
v -0.332850516 1.20381463 -0.0358826667
v -0.339068294 1.18799162 -0.0302315652
v -0.34522438 1.17224014 -0.0244860649
v -0.361532748 1.16798568 0.0210840777
v -0.360181987 1.16467261 0.0074236989
v -0.356646299 1.16078818 -0.00595635176
v -0.281182528 1.33409929 -0.0700060725
v -0.287770987 1.31869709 -0.0671564341
v -0.294215143 1.30219996 -0.0640314817
v 0.214094982 1.37280321 0.0250636805
v 0.225038558 1.36523736 0.0240962915
v 0.23678188 1.35697174 0.0244456492
v -0.29437387 1.27639377 -0.0710517466
v -0.286707282 1.26708293 -0.0783340931
v -0.278001308 1.25772989 -0.0820243359
v -0.274770856 1.23442221 -0.0793666393
v -0.281053662 1.22035146 -0.0765259564
v -0.28741169 1.20648074 -0.0733036399
v -0.320028484 1.21301615 -0.0527230501
v -0.312223613 1.20609629 -0.0616044849
v -0.30338943 1.19926643 -0.0674548447
v -0.300127387 1.17932749 -0.0657064617
v -0.306436598 1.16599536 -0.0614231825
v -0.312724829 1.15276206 -0.0569441468
v -0.344681561 1.1520797 -0.0303689241
v -0.336911976 1.14764488 -0.0403394103
v -0.328273416 1.14341271 -0.0479052067
v -0.251124799 1.28982425 -0.0886841714
v -0.256832004 1.27698529 -0.0861478746
v -0.262651145 1.26306009 -0.083987534
v -0.258890986 1.24027205 -0.0776764452
v -0.24892801 1.23247671 -0.0703213513
v -0.238809526 1.22525191 -0.0607377589
v -0.234390438 1.20754802 -0.0479667485
v -0.240285814 1.1963408 -0.046459794
v -0.24641192 1.18508232 -0.0451184511
v -0.283672512 1.18696463 -0.0679376721
v -0.273310781 1.18183303 -0.0626082569
v -0.262960553 1.17746842 -0.0543190837
v -0.259760916 1.16302729 -0.0419712216
v -0.266985476 1.15232742 -0.0399957895
v -0.274436235 1.14176512 -0.0378491879
v -0.309361756 1.13631976 -0.0531856865
v -0.299718857 1.13377213 -0.0504812002
v -0.290466607 1.13204956 -0.0445312411
v -0.202085257 1.2071377 -0.0150068104
v -0.209234297 1.20747519 -0.0268446356
v -0.218525648 1.21241999 -0.0385880172
v -0.228384256 1.16936362 -0.00294500589
v -0.235014677 1.1697278 -0.0175794438
v -0.243380606 1.17130625 -0.0312954932
v -0.264257312 1.1344229 0.0044137165
v -0.268704951 1.13262224 -0.0105167553
v -0.274677515 1.13150978 -0.0240797326
v 0.158968449 1.08089709 -0.0907149762
v 0.165071964 1.08153319 -0.0788800567
v 0.169360161 1.08220172 -0.0660779923
v 0.217158243 1.2925266 -0.0911471546
v 0.213868603 1.28501463 -0.0765630305
v 0.212141991 1.27996194 -0.0612850972
v 0.179740772 1.21636212 -0.0946102664
v 0.183116257 1.21816993 -0.0806272626
v 0.184587836 1.21983504 -0.0651194304
v 0.230337724 1.2937392 -0.106463909
v 0.240431741 1.2859633 -0.107966468
v 0.250478923 1.27818322 -0.109563634
v 0.256933928 1.26424599 -0.0974571109
v 0.254447013 1.25956786 -0.0822858438
v 0.253187686 1.25662935 -0.0664934218
v 0.22207129 1.27272451 -0.0462637581
v 0.232434168 1.26718593 -0.0472641028
v 0.243173987 1.2615093 -0.0487614758
v 0.270719469 1.26309371 -0.112386227
v 0.281010985 1.25587809 -0.113492772
v 0.291365892 1.24880016 -0.114470854
v 0.298323303 1.23813021 -0.103052095
v 0.296406388 1.23590326 -0.0888888389
v 0.296101332 1.23508322 -0.0736745149
v 0.264932841 1.25057352 -0.0524332672
v 0.275734037 1.24544346 -0.054378964
v 0.286603153 1.24049866 -0.0562918931
v 0.224470094 1.31188178 -0.117097944
v 0.228574738 1.32312322 -0.127042025
v 0.23249732 1.33485913 -0.134560198
v 0.247822478 1.3364445 -0.139823899
v 0.25898084 1.32609153 -0.140307546
v 0.270279318 1.31599581 -0.140401244
v 0.264916837 1.27811468 -0.122496277
v 0.269961536 1.28676844 -0.131324917
v 0.275565773 1.29619002 -0.137317449
v 0.292982399 1.29632914 -0.139841795
v 0.304311067 1.28666365 -0.139341012
v 0.315628827 1.27706647 -0.138753831
v 0.306576669 1.24684131 -0.125226155
v 0.31255579 1.25302589 -0.132359654
v 0.319430202 1.26001942 -0.136691079
v 0.217574507 1.45841885 -0.0281258672
v 0.217296511 1.45253623 -0.0127421245
v 0.21626769 1.44394994 4.17046249e-05
v 0.241492361 1.35947847 -0.139624193
v 0.246320873 1.371611 -0.136817634
v 0.25112468 1.38302684 -0.130531073
v 0.268221945 1.38048124 -0.121376395
v 0.280903399 1.36799014 -0.12139532
v 0.293650031 1.35571826 -0.121028244
v 0.288038671 1.3161726 -0.139825523
v 0.294504851 1.32604957 -0.136265069
v 0.300729603 1.33532953 -0.129719883
v 0.319126576 1.33163273 -0.119516954
v 0.331811368 1.31973803 -0.11851798
v 0.344474316 1.3079046 -0.117424041
v 0.334809184 1.27515888 -0.13661322
v 0.34269762 1.28267801 -0.132324338
v 0.350253105 1.28976011 -0.125475034
v -0.0841703415 1.47591996 0.0362289101
v -0.0969219208 1.48192096 0.0219355375
v -0.108819008 1.48767734 0.00419910252
v 0.259687215 1.40180385 -0.108068198
v 0.263026208 1.40833783 -0.0928014666
v 0.265497297 1.41250002 -0.0758739412
v 0.279856652 1.40044117 -0.0600937754
v 0.292792916 1.38692307 -0.0614728332
v 0.305771291 1.37347829 -0.0623697639
v 0.311248958 1.35052884 -0.108475268
v 0.315054327 1.35577762 -0.0945473611
v 0.317641467 1.35909057 -0.0791712925
v 0.331984669 1.34713328 -0.0632902607
v 0.345227391 1.33425832 -0.0635072812
v 0.35852325 1.32150841 -0.0636305884
v 0.362974733 1.30140817 -0.105015829
v 0.367542267 1.30544651 -0.0921493769
v 0.370582044 1.30799162 -0.0782042444
v 0.219558254 1.43034053 -0.117084414
v 0.231234908 1.41883194 -0.118449077
v 0.243284523 1.40620708 -0.119840756
v 0.195675656 1.32365775 -0.104179375
v 0.203180194 1.31690013 -0.10309004
v 0.211314544 1.30932438 -0.103754282
v 0.267199039 1.41244602 -0.0402553529
v 0.266433328 1.40827453 -0.0232430473
v 0.264805585 1.40182364 -0.00792612135
v 0.274736881 1.38131154 0.00342801958
v 0.286902696 1.36892414 0.00193120912
v 0.299074829 1.35649312 0.000371053815
v 0.318516642 1.35892725 -0.0464175716
v 0.31694755 1.35557389 -0.0302240998
v 0.314445913 1.35052729 -0.0149518251
v 0.323758543 1.33213592 -0.00275560841
v 0.336309403 1.32030725 -0.00428367406
v 0.34894824 1.30862892 -0.00579596683
v 0.371212065 1.30780649 -0.0491233841
v 0.369001329 1.3052423 -0.0347218588
v 0.365659654 1.3015182 -0.0207106546
v 0.226040617 1.42573321 0.00903422013
v 0.237940937 1.41615105 0.0075166449
v 0.25015682 1.40522015 0.00610455126
v 0.259662449 1.38362515 0.0143075325
v 0.256376475 1.37257373 0.0206583142
v 0.252694994 1.3606267 0.0241796672
v 0.260363817 1.33882058 0.0259040762
v 0.272022337 1.32942915 0.0266977139
v 0.283664256 1.32002914 0.027387064
v 0.307889313 1.33689499 0.0104389843
v 0.304104209 1.32881474 0.0194760915
v 0.299928606 1.32005525 0.0254235286
v 0.306973696 1.30161095 0.027809402
v 0.318654537 1.29265082 0.027479995
v 0.330347121 1.28379762 0.0269256495
v 0.357272208 1.29208457 0.00514573604
v 0.352600157 1.28676832 0.0156454034
v 0.347548485 1.2810719 0.0230616126
v 0.198700041 1.3172586 0.00791365653
v 0.207888424 1.31175613 0.00588578172
v 0.218313858 1.30593693 0.005580917
v 0.244155943 1.33517981 0.0236645453
v 0.239467829 1.32254148 0.0200457945
v 0.234240279 1.31044793 0.0138255991
v 0.240192026 1.293311 0.00576702505
v 0.251050472 1.28666282 0.00529739633
v 0.262082279 1.28010118 0.00468032435
v 0.290216535 1.30100131 0.0263046026
v 0.284728229 1.291273 0.0213700291
v 0.278948337 1.28199434 0.0136101339
v 0.283921599 1.26741934 0.00236934796
v 0.294891238 1.26146209 0.000901464373
v 0.305878818 1.25566542 -0.000694975257
v 0.336067557 1.26859021 0.024469668
v 0.329756469 1.26208878 0.0183924697
v 0.323296815 1.25578046 0.0090942122
v 0.214745551 1.27922416 -0.0310861692
v 0.218991414 1.28369915 -0.0170422718
v 0.2236889 1.29056525 -0.00489443541
v 0.257062137 1.257496 -0.0352276787
v 0.261507303 1.26110542 -0.0210102759
v 0.267002404 1.26656044 -0.00798620656
v 0.300630599 1.23755407 -0.0431080386
v 0.305163413 1.24067223 -0.0286788642
v 0.310710251 1.24485445 -0.0150472596
v 0.036955677 1.51178646 -0.0945496485
v 0.0240787081 1.50887227 -0.104382925
v 0.00825258065 1.50739908 -0.109750889
v -0.00878047943 1.50622916 -0.112188861
v -0.0261483192 1.50751662 -0.110431299
v -0.0267691612 1.49611592 -0.119138524
v -0.0265889168 1.50036836 -0.116161272
v -0.026424408 1.50330138 -0.11398904
v 0.0651880652 1.50802672 -0.0365029573
v 0.0497702062 1.51107693 -0.0843955278
v 0.0587167144 1.51110244 -0.0701834485
v 0.0647379458 1.50980687 -0.0542611219
v 0.0456627384 1.48362672 0.023077758
v 0.0668168813 1.50255513 -0.0195239466
v 0.0630530864 1.49652433 -0.00292181689
v 0.0564468578 1.48965597 0.0118871033
v -0.00751495361 1.4691565 0.0502284318
v 0.035784442 1.47687244 0.0346298255
v 0.0225356296 1.47228003 0.0426244326
v 0.00801324844 1.46930909 0.0485612899
v -0.0062456131 1.46258807 0.0577182323
v -0.00671339035 1.46495414 0.055386737
v -0.00704813004 1.46666408 0.0535147339
v -0.0661683083 1.48004174 0.0351468474
v -0.0229358673 1.46848512 0.0524165183
v -0.0384531021 1.47065473 0.0501416475
v -0.0534143448 1.47426724 0.0449474007
v -0.0703864098 1.47400594 0.0431822687
v -0.0697541237 1.4764483 0.0403479487
v -0.0686559677 1.47800994 0.0383495837
v -0.100883007 1.50226569 -0.0212319344
v -0.0798940659 1.48483491 0.0255372077
v -0.0903983116 1.49088836 0.011784628
v -0.0983176231 1.49658561 -0.00396214426
v 0.0391600206 1.50863969 -0.0973171741
v 0.0400563702 1.50644648 -0.0993695334
v 0.0406405404 1.5031693 -0.102743551
v -0.0853390694 1.50855803 -0.0857401937
v -0.104222298 1.50439334 -0.0391263217
v -0.101778507 1.5061543 -0.0568778962
v -0.0958952904 1.50686193 -0.0732917637
v -0.0905604362 1.49851489 -0.0948192924
v -0.0894384384 1.50230575 -0.0912877172
v -0.0881180763 1.50490117 -0.0889502019
v 0.0489285067 1.48192406 0.0258366205
v 0.0506283119 1.4805491 0.0275514964
v 0.0522417352 1.4782902 0.0300811958
v -0.043545723 1.50544667 -0.110009715
v -0.0598621368 1.50583768 -0.105370566
v -0.0744967461 1.50639606 -0.0979081839
v -0.0767679214 1.34406877 0.127122477
v -0.0646929741 1.34569144 0.12880446
v -0.0523228645 1.34700418 0.129621938
v -0.0322022438 1.30026603 0.137390807
v -0.0346851349 1.31637311 0.135646418
v -0.0372214317 1.33232713 0.133186594
v -0.0272502899 1.3489697 0.128932789
v -0.0146980286 1.34970641 0.127678886
v -0.00215005875 1.35030389 0.126062468
v 0.0149922371 1.3031013 0.13581349
v 0.0135231018 1.31919217 0.132608131
v 0.0119929314 1.33509994 0.128821746
v 0.0229063034 1.35114408 0.122447208
v 0.0353617668 1.35136437 0.120461717
v 0.0477699153 1.35146177 0.118293092
v 0.0604539104 1.30269372 0.12345507
v 0.0605356134 1.31916499 0.121983156
v 0.0605078787 1.33549714 0.119680606
v 0.0968639404 1.35165143 0.108419456
v 0.0850171447 1.35181332 0.111403674
v 0.0727407783 1.35174584 0.113946676
v -0.0477724075 1.39225125 0.112021282
v -0.0450615883 1.37836385 0.118751779
v -0.0424113274 1.36352277 0.124745622
v 0.00532007217 1.3941257 0.106695548
v 0.0069937706 1.38072371 0.112902835
v 0.00870370865 1.36612105 0.118880406
v 0.0582982674 1.3964448 0.0983355939
v 0.0590375699 1.38239884 0.105243251
v 0.0597358309 1.3673327 0.11130584
v -0.162697315 1.25986886 0.0332492627
v -0.167376548 1.25537813 0.0169175547
v -0.173303321 1.25149274 -0.000863276422
v -0.179840758 1.21120107 -0.0175028257
v -0.177383006 1.22379589 -0.0189932585
v -0.17584765 1.23197758 -0.0199881904
v -0.176842734 1.26864409 0.0282290652
v -0.175976008 1.25997055 0.0148198269
v -0.17783381 1.25546551 -0.00147542357
v -0.189858198 1.24651611 -0.0683336854
v -0.186788186 1.24012423 -0.0552147031
v -0.182088539 1.2336309 -0.0402597263
v -0.183133125 1.13188529 -0.0486665815
v -0.182103157 1.13274217 -0.0337899178
v -0.179565907 1.13372779 -0.0185236186
v -0.200968355 1.25016999 -0.0587204918
v -0.193793967 1.24707544 -0.0494077727
v -0.185628891 1.23472321 -0.0372505859
v 0.175810099 1.2821281 0.0116157867
v 0.179739833 1.28150678 -0.00466514006
v 0.183141649 1.28132045 -0.0227020737
v 0.185245126 1.23758101 -0.0473309308
v 0.185513914 1.2531848 -0.0466236472
v 0.185527816 1.2681284 -0.0463475883
v 0.188631013 1.31037414 0.00233721174
v 0.187500089 1.30015242 -0.00970521383
v 0.18663545 1.29121292 -0.0248611346
v 0.205839917 1.37842238 -0.135286644
v 0.215602621 1.36854708 -0.136145622
v 0.22604908 1.35794199 -0.137485176
v 0.203974515 1.28258383 -0.0460369885
v 0.196754664 1.28604686 -0.0465013087
v 0.190912247 1.2874825 -0.0468524061
v 0.069714576 1.50669968 -0.0368583612
v 0.0726876855 1.50574875 -0.0374847874
v 0.0769923925 1.50413609 -0.0385159627
v 0.121969715 1.49345911 -0.0411538184
v 0.111078322 1.49547148 -0.0415089205
v 0.0996312127 1.49769378 -0.041392535
v 0.0976011083 1.47451532 0.0199666023
v 0.0949973911 1.48456788 0.00433367956
v 0.0916612446 1.4933207 -0.0140148215
v 0.0796777532 1.49581349 -0.012802735
v 0.0727644712 1.48907173 0.00604074821
v 0.0642069504 1.48180115 0.0214425549
v 0.130834907 1.47936153 -0.0991099179
v 0.131229222 1.48673427 -0.0803358629
v 0.13179639 1.49093676 -0.0605166964
v -0.175118446 1.46288133 -0.0708600134
v -0.172949791 1.4701879 -0.0530757755
v -0.170057297 1.47423816 -0.0343590826
v -0.0423150063 0.911619425 0.143784776
v -0.0440387726 0.926912546 0.142187074
v -0.0457653999 0.942271471 0.140620902
v -0.0544171333 0.910449743 0.135133043
v -0.0562367439 0.925734758 0.133908048
v -0.0580687523 0.941085577 0.132741407
v -0.0671882629 0.909319639 0.126960054
v -0.0690751076 0.924594641 0.126070157
v -0.0709781647 0.939934015 0.125255957
v -0.0935134888 0.907258272 0.111446038
v -0.0953478813 0.922509909 0.110782519
v -0.097193718 0.937827826 0.110189691
v -0.106377125 0.906342268 0.103435293
v -0.108063221 0.92159152 0.102623358
v -0.109754086 0.936906576 0.101863876
v -0.11852169 0.905497313 0.0945608169
v -0.119984627 0.920761347 0.0934859067
v -0.121437073 0.936086416 0.0924407393
v -0.139144897 0.903983831 0.0722428709
v -0.139945507 0.919355154 0.0704861432
v -0.14070034 0.934768438 0.0687388927
v -0.147144794 0.903266668 0.0587449819
v -0.147594452 0.918716192 0.0566470772
v -0.147977352 0.934192896 0.0545641333
v -0.153473854 0.902518034 0.044271782
v -0.153665543 0.918030977 0.0418756157
v -0.153765678 0.93356204 0.0395009667
v -0.0492472649 0.973319292 0.137651578
v -0.0510239601 0.989013433 0.13628538
v -0.0528497696 1.00478911 0.135026053
v -0.0617938042 0.972108126 0.130687073
v -0.0637040138 0.987788439 0.129825965
v -0.065662384 1.00354791 0.129074112
v -0.0748710632 0.970930338 0.123992518
v -0.0768680573 0.986594915 0.12355496
v -0.0789031982 1.00233817 0.123215809
v -0.100944042 0.96878171 0.10935016
v -0.102842808 0.984422445 0.109087005
v -0.104744911 1.00013995 0.108865336
v -0.113145828 0.967852354 0.100596264
v -0.114839077 0.983486891 0.100064114
v -0.116521358 0.999196768 0.0995363742
v -0.124288082 0.967039824 0.0904997736
v -0.125689507 0.982670069 0.0895753652
v -0.127083302 0.998367071 0.0886302739
v -0.14200449 0.965801001 0.065294221
v -0.142625332 0.981419802 0.063587442
v -0.143345833 0.997075796 0.0618687421
v -0.14844656 0.965284586 0.0504677445
v -0.148659706 0.98089385 0.0484606177
v -0.149062157 0.996521711 0.0464804918
v -0.153567314 0.964699984 0.0348590761
v -0.153445721 0.980301142 0.0326174051
v -0.153594971 0.99590373 0.0304441005
v -0.0567245483 1.03648925 0.13290824
v -0.0587806702 1.05238366 0.13205786
v -0.0608949661 1.06830716 0.131331697
v -0.0697607994 1.03521132 0.127885655
v -0.0718984604 1.05109 0.127423123
v -0.0740785599 1.06699586 0.127017394
v -0.0830950737 1.03396487 0.122729197
v -0.0852417946 1.04982257 0.122523561
v -0.0874114037 1.0657084 0.122302905
v -0.108510971 1.03170609 0.108342543
v -0.110379219 1.0475266 0.107969478
v -0.112251282 1.06336713 0.107490256
v -0.119820118 1.03073478 0.0983042866
v -0.121451855 1.04653192 0.0975417048
v -0.123103142 1.06234574 0.096671477
v -0.129879475 1.02986693 0.0865122229
v -0.131309509 1.04563498 0.0853067189
v -0.132792473 1.06141067 0.0840115696
v -0.145440578 1.02842259 0.0583423525
v -0.146858692 1.04408956 0.0565347821
v -0.148461342 1.05975175 0.0547136217
v -0.151029587 1.02776742 0.0425967723
v -0.152636528 1.04336953 0.0406963974
v -0.154517174 1.05896068 0.0388298184
v -0.155540943 1.02705789 0.0263590366
v -0.15737772 1.04259992 0.0244489461
v -0.159565926 1.05812955 0.0226123482
v -0.0652432442 1.10023427 0.13020815
v -0.0674524307 1.11623502 0.129787937
v -0.0696763992 1.13226056 0.129451886
v -0.0785021782 1.09889054 0.126288071
v -0.0807256699 1.11487651 0.125930205
v -0.0829458237 1.13088393 0.125562325
v -0.0917725563 1.09756112 0.121687606
v -0.0939497948 1.11352563 0.121252075
v -0.096116066 1.12951064 0.120717004
v -0.116060734 1.09510636 0.106125191
v -0.118009567 1.11099935 0.105210617
v -0.119983673 1.12690282 0.104131177
v -0.126552105 1.0940063 0.0945791751
v -0.128370285 1.10984921 0.0933441073
v -0.13024807 1.12569642 0.0919730216
v -0.135996819 1.09297538 0.0811872035
v -0.137732029 1.1087606 0.0796527416
v -0.139547348 1.12454534 0.0780214816
v -0.152015209 1.09105992 0.0510862023
v -0.153882504 1.10671306 0.0492358953
v -0.15576601 1.12236571 0.047292009
v -0.158631325 1.09013295 0.0351981074
v -0.160698891 1.10572076 0.033348456
v -0.162704468 1.12131715 0.0313620716
v -0.16428566 1.08918357 0.019106105
v -0.166570663 1.10472131 0.0173080713
v -0.168717384 1.12027335 0.0153300315
v -0.0741319656 1.16437221 0.128994241
v -0.0763735771 1.18045735 0.128831223
v -0.0786437988 1.19656825 0.128669813
v -0.0873513222 1.16295838 0.124756232
v -0.0895504951 1.17901778 0.124296978
v -0.0917725563 1.19509435 0.123783842
v -0.10039711 1.16152596 0.119303003
v -0.102527618 1.17755198 0.118424967
v -0.104674816 1.19358373 0.117445245
v -0.123997211 1.15873218 0.101454273
v -0.126025677 1.17464757 0.0998612791
v -0.12805748 1.19055629 0.0981162935
v -0.13416338 1.15739846 0.0888010412
v -0.136165142 1.17324328 0.086987868
v -0.138152599 1.18907523 0.0850201398
v -0.143380165 1.15611148 0.0744168907
v -0.145339012 1.17188048 0.0724139959
v -0.147258282 1.18762565 0.070256725
v -0.159454823 1.15368485 0.0429065973
v -0.161192417 1.16931176 0.0404256731
v -0.162809849 1.18486476 0.0377675444
v -0.166348457 1.15253854 0.0266522914
v -0.167932987 1.16810966 0.0238987356
v -0.169347763 1.18357396 0.020951584
v -0.172362804 1.15142989 0.0104075819
v -0.173829079 1.16696239 0.00745023787
v -0.175081253 1.18236327 0.00428719819
v -0.0833239555 1.22885394 0.128222838
v -0.0857110023 1.2449863 0.127911285
v -0.0880794525 1.26105332 0.127549008
v -0.0963468552 1.22727752 0.122568145
v -0.0986399651 1.24332833 0.121924356
v -0.100832939 1.25927758 0.12134929
v -0.10908556 1.2256453 0.115244702
v -0.111242771 1.24160218 0.114189997
v -0.113213062 1.25741887 0.113363221
v -0.132068634 1.22232223 0.0942776948
v -0.133872509 1.23807693 0.0925625712
v -0.135329723 1.25361991 0.0914521366
v -0.141933918 1.22065473 0.080681935
v -0.143536091 1.23628974 0.0787917525
v -0.144736767 1.25168347 0.0777072459
v -0.150762558 1.21897721 0.0655144006
v -0.152153015 1.23446107 0.0635168701
v -0.153114319 1.24967265 0.0625406057
v -0.165534973 1.21557355 0.0321233422
v -0.166340396 1.23066485 0.0300379172
v -0.164835125 1.24588776 0.0303323343
v -0.171636626 1.21394467 0.0148310494
v -0.171178073 1.22900331 0.0130419275
v -0.170140967 1.2434243 0.0130337905
v -0.176107198 1.21259379 -0.00178163755
v -0.174095184 1.226794 -0.00322197191
v -0.172424525 1.23859084 -0.00331220031
v 0.182906374 1.26788831 -0.0276683047
v 0.179853082 1.26797819 -0.00939448364
v 0.175977439 1.26823735 0.00752641913
v 0.182761982 1.25316739 -0.0294718333
v 0.17976597 1.25334477 -0.0118140392
v 0.175297409 1.25311625 0.00466920435
v 0.182319313 1.23755181 -0.0307255704
v 0.179201305 1.2376914 -0.0134479031
v 0.174644038 1.23732662 0.00302715972
v 0.179739982 1.20355105 -0.0340276621
v 0.176442266 1.20358086 -0.0171942823
v 0.171729028 1.20309389 -0.000860003754
v 0.177637964 1.18546581 -0.0361094587
v 0.174372911 1.18551207 -0.0195646584
v 0.169730783 1.18510401 -0.00332678389
v 0.175330818 1.16716647 -0.0380262025
v 0.172155648 1.16725898 -0.0217881724
v 0.167661771 1.16698873 -0.0056495266
v 0.171478286 1.13161683 -0.0400056429
v 0.168606967 1.13183391 -0.0242859982
v 0.164561167 1.13189578 -0.00829312485
v 0.170654923 1.11493874 -0.0397572406
v 0.16800113 1.11522436 -0.0241986588
v 0.164240196 1.11544442 -0.00821711309
v 0.170803547 1.09900784 -0.0388182253
v 0.168340683 1.0993135 -0.0233920664
v 0.164712906 1.09956241 -0.00747595727
v 0.171451092 1.06744838 -0.0367240757
v 0.169412613 1.0677259 -0.021511957
v 0.166022778 1.06794572 -0.00571785867
v 0.171806812 1.05171561 -0.0357703418
v 0.170033932 1.05196834 -0.0206150264
v 0.166806221 1.05216384 -0.00484322011
v 0.172078609 1.03600192 -0.0349277109
v 0.170592785 1.03622699 -0.019786045
v 0.167560577 1.03639436 -0.00401161611
v 0.172062874 1.00460792 -0.033694014
v 0.171182632 1.00477624 -0.0184169263
v 0.168648243 1.00488019 -0.00257603824
v 0.171768188 0.988928556 -0.033279106
v 0.171196461 0.98907733 -0.0178697556
v 0.168956757 0.9891541 -0.00197444856
v 0.171379566 0.973276854 -0.0329254121
v 0.171123505 0.97341466 -0.0173736662
v 0.169188976 0.973478079 -0.0014231056
v 0.17061758 0.942089796 -0.0321777314
v 0.171014309 0.94225955 -0.0164076537
v 0.169671535 0.942353964 -0.000378116965
v 0.170307636 0.926553488 -0.0317392796
v 0.171042919 0.92676425 -0.0159089416
v 0.169977188 0.926903009 0.000139608979
v 0.170027733 0.911040545 -0.0312735885
v 0.171107769 0.911303282 -0.015403077
v 0.17031002 0.911499739 0.000655904412
v 0.166118771 1.26894224 0.0378411859
v 0.159707457 1.26903129 0.0510972962
v 0.152319819 1.26894176 0.0632714853
v 0.164860219 1.25304222 0.0351911001
v 0.158232301 1.25280774 0.0485823527
v 0.150719926 1.25245655 0.0609668568
v 0.162794605 1.2361418 0.0327316262
v 0.156345278 1.23591793 0.0464783236
v 0.148761123 1.23540664 0.0589658879
v 0.159176633 1.20134985 0.0288090669
v 0.152084589 1.20061135 0.0422870032
v 0.145154253 1.20044899 0.055638399
v 0.157698661 1.18372703 0.0269304197
v 0.150799185 1.18308544 0.0407905467
v 0.143919125 1.18292713 0.0543673448
v 0.156374902 1.16612363 0.0252571385
v 0.150053814 1.16582334 0.0397764221
v 0.143319488 1.16573107 0.0536653288
v 0.15511632 1.1321491 0.0238192771
v 0.150127888 1.13255191 0.0395317823
v 0.144573689 1.13308644 0.0545499474
v 0.15562439 1.11609864 0.024332419
v 0.150906563 1.1165607 0.040249005
v 0.145452976 1.11707425 0.0553418547
v 0.156284809 1.10019135 0.0250862986
v 0.151670933 1.10062003 0.0410492569
v 0.146264553 1.10109544 0.0561320335
v 0.157820225 1.06846118 0.0267689973
v 0.153224945 1.06880403 0.0426690727
v 0.147714615 1.06918216 0.0575677305
v 0.15866375 1.05260968 0.027583614
v 0.153987408 1.05290627 0.0433980376
v 0.148329258 1.05323958 0.0581522733
v 0.159478664 1.03676486 0.028333202
v 0.154677391 1.03701472 0.0440303236
v 0.148826599 1.03730607 0.058613494
v 0.16078186 1.00509906 0.0295206457
v 0.155673504 1.00527072 0.0448964387
v 0.149363995 1.00548339 0.0590748936
v 0.161247253 0.989309549 0.0299567729
v 0.155972481 0.989447832 0.0451399237
v 0.149416447 0.989631414 0.0590977222
v 0.161642551 0.973590136 0.0303272754
v 0.156191349 0.973699331 0.0453067571
v 0.149379253 0.973855734 0.0590406209
v 0.162382126 0.942467451 0.030992046
v 0.156550407 0.942544222 0.0455671102
v 0.149211407 0.942657709 0.0588688999
v 0.162765503 0.927062273 0.0313185602
v 0.156732082 0.927132368 0.0456994921
v 0.149125576 0.927231073 0.0587980896
v 0.163154602 0.911723852 0.0316441804
v 0.156915188 0.91179347 0.0458350927
v 0.149040699 0.91187501 0.058734253
v 0.135242313 1.26861012 0.0855009183
v 0.125768453 1.26850116 0.0954175666
v 0.115763806 1.26848722 0.104010336
v 0.133670434 1.25174665 0.0838534012
v 0.124386758 1.25155342 0.094231233
v 0.114629999 1.25152326 0.10327886
v 0.131938756 1.23457873 0.0823436156
v 0.122905001 1.23441422 0.0930495486
v 0.113444611 1.23445833 0.102430321
v 0.129228026 1.20010555 0.0801477134
v 0.120657183 1.20024312 0.0912947878
v 0.111647263 1.20061016 0.101060115
v 0.128665224 1.18312967 0.0796631798
v 0.120244354 1.18349195 0.0909525901
v 0.111363083 1.18406546 0.100825377
v 0.128751561 1.16651595 0.0797115564
v 0.120472908 1.16711974 0.0911170989
v 0.111503601 1.16779351 0.100885704
v 0.130269527 1.13422608 0.0808679014
v 0.121432304 1.13479733 0.0916687995
v 0.111737251 1.13537049 0.100694969
v 0.130919933 1.11814284 0.0813291818
v 0.121769905 1.1186707 0.0917586237
v 0.111739159 1.11920333 0.100429788
v 0.131453991 1.10207868 0.0816899687
v 0.122001648 1.10256791 0.0917478353
v 0.111661911 1.10306287 0.100084618
v 0.132157326 1.06999564 0.0821294934
v 0.122138977 1.07041907 0.0914945155
v 0.111263275 1.07086253 0.0992651135
v 0.132312775 1.05397677 0.0822039992
v 0.122036934 1.05437636 0.091272369
v 0.110943317 1.0547998 0.0988232642
v 0.13232708 1.03797841 0.0821694285
v 0.121818542 1.03835559 0.0909836441
v 0.110544205 1.03876472 0.0983679444
v 0.131897449 1.00604653 0.0817421824
v 0.121023655 1.00639367 0.0902104527
v 0.109516621 1.00678277 0.0974436551
v 0.13148737 0.990148783 0.0813825279
v 0.120477676 0.990481615 0.0897554904
v 0.108910561 0.990863562 0.09699817
v 0.130999088 0.974333525 0.0809812695
v 0.119874001 0.97465682 0.0892973095
v 0.108272552 0.975028276 0.0965871364
v 0.129947186 0.943059206 0.0802146941
v 0.118621826 0.943358183 0.0884868056
v 0.106987953 0.943716764 0.0959360749
v 0.129424095 0.927597284 0.0798827559
v 0.118002892 0.927883387 0.0881508738
v 0.106359959 0.928232431 0.0956971794
v 0.128901958 0.912204504 0.0795734674
v 0.117389679 0.912478209 0.0878457576
v 0.10573864 0.912817717 0.0954935104
v -0.208201393 1.3541292 0.0609234013
v -0.198882058 1.36988175 0.0614234619
v -0.189024568 1.38230908 0.0631763786
v -0.216138363 1.36641455 0.0589968152
v -0.20597285 1.38263631 0.0587204918
v -0.195270479 1.39520788 0.0595154651
v -0.22399798 1.37754798 0.0548252501
v -0.212976038 1.3943615 0.0539422445
v -0.201432407 1.40719163 0.0539442189
v -0.239282578 1.39553177 0.0381543413
v -0.226523295 1.41404366 0.0365815721
v -0.213294789 1.42786551 0.0355951339
v -0.24631542 1.40173233 0.0256000236
v -0.232748508 1.42128277 0.0239195861
v -0.218741924 1.43578267 0.0227381699
v -0.252513558 1.40546525 0.0106768757
v -0.238292113 1.42602932 0.00900463015
v -0.223650604 1.4412303 0.00778385997
v -0.169290647 1.3969264 0.0686952621
v -0.159867942 1.40048778 0.0718230382
v -0.150752842 1.40308714 0.0749311969
v -0.173997909 1.40992308 0.0629120693
v -0.163943112 1.41363382 0.0649821311
v -0.154358461 1.41643834 0.067054458
v -0.178671807 1.42207408 0.0555105656
v -0.168033674 1.42592156 0.056632638
v -0.158049166 1.42896163 0.0577447005
v -0.187680304 1.4435029 0.0347420424
v -0.176080197 1.44769537 0.0344875939
v -0.165657163 1.45135331 0.034032084
v -0.191890866 1.45202446 0.0213052146
v -0.179979444 1.45645165 0.0206160117
v -0.169538021 1.46042037 0.0195595175
v -0.195827574 1.45818734 0.00608752947
v -0.183735386 1.46286035 0.00508711953
v -0.173306942 1.46704221 0.00356598198
v -0.132757664 1.40908933 0.0803376585
v -0.123375416 1.41191173 0.0826785117
v -0.113484859 1.4142406 0.0850396901
v -0.135967255 1.42270732 0.0705874711
v -0.126480579 1.42554307 0.0723000914
v -0.116533279 1.42772317 0.0743485242
v -0.139276028 1.4356029 0.0595082194
v -0.129652023 1.43848252 0.0606510192
v -0.119616032 1.44053531 0.0624745041
v -0.146098137 1.45879531 0.0329160839
v -0.136122227 1.46187711 0.033173278
v -0.125822067 1.46384597 0.0348228961
v -0.149568081 1.4682219 0.0173861533
v -0.139383793 1.47157645 0.0171733052
v -0.128855228 1.47390389 0.0185352713
v -0.153054237 1.47516131 0.000501647592
v -0.142672539 1.47896981 -0.000387057662
v -0.131803036 1.48221469 4.69833612e-05
v 0.101871073 1.49357176 -0.0199596062
v 0.104658112 1.48564982 -0.00101049431
v 0.107230134 1.47568142 0.0155650042
v 0.112646215 1.49207604 -0.0216213912
v 0.114799157 1.48490477 -0.0032435637
v 0.117076054 1.47515619 0.0133386143
v 0.123308361 1.49014568 -0.0217951778
v 0.125081852 1.48321509 -0.00380488858
v 0.127047151 1.47353971 0.012543425
v 0.144442469 1.48588192 -0.0208092295
v 0.145748496 1.47880542 -0.00330415554
v 0.147056296 1.46899927 0.0122878477
v 0.154976279 1.4835788 -0.0203998275
v 0.156034693 1.47643352 -0.00319797359
v 0.156970888 1.46656346 0.0119030364
v 0.165418148 1.48106694 -0.0203119256
v 0.166225553 1.47390902 -0.00345846266
v 0.166779116 1.46402419 0.0111073777
v 0.185840428 1.47502685 -0.0217773691
v 0.186160117 1.46812975 -0.00573412329
v 0.185994014 1.45848942 0.00772820413
v 0.196019381 1.47095442 -0.0234074108
v 0.196119696 1.46433568 -0.0077387765
v 0.195631638 1.45496809 0.00525815412
v 0.206511423 1.46558011 -0.0255359039
v 0.206411645 1.45930934 -0.0101141594
v 0.205627143 1.45028174 0.00258027762
v 0.111551844 1.45236731 0.0441034622
v 0.113400266 1.43962848 0.0566805825
v 0.114982776 1.42607725 0.0676545277
v 0.121234342 1.45146894 0.0420897976
v 0.123034544 1.43848455 0.0546121113
v 0.124569252 1.42468977 0.0653627217
v 0.130724281 1.44967949 0.0408182405
v 0.132308111 1.43656015 0.0529044606
v 0.133635864 1.4226346 0.0630978271
v 0.149157599 1.44489694 0.0383560397
v 0.149925098 1.43158174 0.0488154739
v 0.150466502 1.41748881 0.0572312623
v 0.158124089 1.44231975 0.0365425311
v 0.158368722 1.42889142 0.0459961146
v 0.158392802 1.41470432 0.0533488542
v 0.166958734 1.43969274 0.0342404544
v 0.166655257 1.42615485 0.0426636413
v 0.166118547 1.41186845 0.0489262231
v 0.184375033 1.43436265 0.0280500799
v 0.183030397 1.42068613 0.0346221551
v 0.181363195 1.40619707 0.0388842151
v 0.193255737 1.43120849 0.024539046
v 0.191455066 1.417539 0.0303805023
v 0.189250499 1.40298653 0.0338035673
v 0.202612281 1.42709553 0.0212874096
v 0.200395092 1.41351593 0.0265524164
v 0.197675079 1.39896584 0.0292517915
v -0.0926289558 1.29282498 0.126628831
v -0.0948414803 1.30851579 0.12568529
v -0.0970993042 1.32411504 0.123915032
v -0.104631424 1.29066682 0.12059404
v -0.106307983 1.30612683 0.120024934
v -0.108028412 1.32151866 0.118742481
v -0.116148472 1.28838515 0.112898186
v -0.117234707 1.30358386 0.112861827
v -0.118369579 1.31874394 0.112259403
v -0.136631966 1.28372979 0.0923114568
v -0.13670826 1.29840684 0.093869403
v -0.136894107 1.31309021 0.0952041373
v -0.145396665 1.28136814 0.0796523988
v -0.144814372 1.29608822 0.0824139789
v -0.144286409 1.31102455 0.0852079764
v -0.152724281 1.27927637 0.0660504922
v -0.151213348 1.29419219 0.070387125
v -0.150327414 1.30891001 0.0747692138
v -0.161657959 1.27307868 0.0384285524
v -0.161287025 1.28634894 0.0451606587
v -0.161612749 1.29976416 0.0523015857
v -0.165646508 1.26559901 0.0243191496
v -0.165839225 1.27839625 0.0329805762
v -0.166547313 1.2908262 0.0420926921
v -0.171359748 1.25939786 0.00977757573
v -0.170397162 1.2676667 0.022496745
v -0.172261283 1.2826457 0.0329994112
v -0.102022171 1.35514331 0.116410568
v -0.104727745 1.37047505 0.110426858
v -0.107558727 1.38551831 0.103114024
v -0.112177849 1.35236907 0.112294331
v -0.114697456 1.36774659 0.106804624
v -0.117444992 1.38289618 0.0999536067
v -0.121706486 1.34937739 0.107265845
v -0.124051571 1.36477685 0.102466658
v -0.126739979 1.37998891 0.0962894112
v -0.138931811 1.34350455 0.0943276808
v -0.14117901 1.35896492 0.0914439335
v -0.144060999 1.3741045 0.0871066079
v -0.146105215 1.34151781 0.0869815871
v -0.148748264 1.35685337 0.0851996019
v -0.152151227 1.37181485 0.0818691701
v -0.152702361 1.33857489 0.0793922693
v -0.156036198 1.35364223 0.0787870586
v -0.160163492 1.36863232 0.0765135288
v -0.16566138 1.32397985 0.0639524311
v -0.170676962 1.33806157 0.0661831796
v -0.1765223 1.35428166 0.0662685111
v -0.172172457 1.31305718 0.0568300597
v -0.177887097 1.32538986 0.0607968569
v -0.184627876 1.34198475 0.0622019246
v -0.17868647 1.30266917 0.0509625226
v -0.18477881 1.3115586 0.0568386763
v -0.19229731 1.32699478 0.0596559271
v 0.117316663 1.30159485 0.104408905
v 0.127431795 1.30121303 0.0971481279
v 0.136889964 1.30076838 0.0887040272
v 0.117557712 1.31757927 0.103450678
v 0.127532154 1.3168596 0.0970158279
v 0.136840522 1.31603897 0.0896029398
v 0.118180133 1.33393133 0.102689996
v 0.127772838 1.33265722 0.0966875553
v 0.136502579 1.33107841 0.0896091461
v 0.153488159 1.29967451 0.0691134259
v 0.160486162 1.29894328 0.0580450892
v 0.166569129 1.29801035 0.0459713265
v 0.153060094 1.31406474 0.0720280558
v 0.159909993 1.31288564 0.0619351938
v 0.165917337 1.31150246 0.0508980975
v 0.152172863 1.3281008 0.0739018768
v 0.159009546 1.32656729 0.0650376901
v 0.165050775 1.32479656 0.0552192777
v 0.175744385 1.29531944 0.0182551034
v 0.178897738 1.29359579 0.00262202322
v 0.182794839 1.29240119 -0.0122373961
v 0.175381884 1.30791903 0.025856277
v 0.179076821 1.30560076 0.0124239344
v 0.182474494 1.30284142 -0.000509938225
v 0.175007224 1.32044613 0.0330913402
v 0.179300949 1.31767881 0.0215927437
v 0.183652744 1.31435025 0.0109419134
v 0.1182971 1.36590433 0.0967786834
v 0.12778163 1.36424696 0.0925122201
v 0.136452422 1.36221814 0.0875488669
v 0.117806092 1.38144612 0.0913095325
v 0.127287805 1.3797375 0.0877286643
v 0.135986537 1.37761152 0.0835901052
v 0.116962716 1.39652467 0.084139213
v 0.126466975 1.39485884 0.0811223984
v 0.135247663 1.3927269 0.0777261555
v 0.151558101 1.35759771 0.0751020089
v 0.158129767 1.35512257 0.0676107779
v 0.164147049 1.35250759 0.0593920574
v 0.151315615 1.37269247 0.0729435161
v 0.158131659 1.37005723 0.0664031357
v 0.164521053 1.36731195 0.0592219979
v 0.15097025 1.38770366 0.0688465685
v 0.158092618 1.38498151 0.0632135794
v 0.16489324 1.38217521 0.0569968112
v 0.175138563 1.34692717 0.0417743474
v 0.180858031 1.34383011 0.0334692933
v 0.187006801 1.3400737 0.0258760471
v 0.176441744 1.3614701 0.0435532853
v 0.182415769 1.35808647 0.0357121304
v 0.189128116 1.35416877 0.0289772674
v 0.178006515 1.37637365 0.0434816666
v 0.184773594 1.37308645 0.0368488133
v 0.192133293 1.3691206 0.0309608765
v -0.0629696846 1.26418805 0.135304287
v -0.0604634285 1.24796557 0.135676041
v -0.058049202 1.23172832 0.135959938
v -0.0509204865 1.26552129 0.137431219
v -0.0484585762 1.24926019 0.138062313
v -0.046107769 1.23299718 0.138669744
v -0.0391139984 1.26671576 0.138919547
v -0.0367498398 1.25043702 0.139921203
v -0.0345010757 1.23415494 0.140967742
v -0.053457737 1.19930768 0.136462882
v -0.0512647629 1.18315053 0.136771873
v -0.0491266251 1.16702914 0.137170687
v -0.0417084694 1.20053792 0.139995947
v -0.039642334 1.18436456 0.140786305
v -0.0376501083 1.168226 0.141691819
v -0.0303502083 1.20166183 0.143330827
v -0.0284380913 1.18547225 0.144684687
v -0.0266184807 1.16931796 0.146160141
v -0.044980526 1.13486457 0.138395086
v -0.0429649353 1.11882138 0.139257327
v -0.0409898758 1.10280156 0.140287235
v -0.0338482857 1.1360395 0.143932238
v -0.0320234299 1.11998725 0.145281866
v -0.0302443504 1.10396075 0.146779492
v -0.0231995583 1.13710189 0.149478748
v -0.0215783119 1.12103868 0.151315287
v -0.0200023651 1.10500264 0.153256014
v -0.0371704102 1.07083583 0.142849341
v -0.035340786 1.0548923 0.144377366
v -0.0335803032 1.038975 0.146069899
v -0.0268082619 1.07198119 0.150189772
v -0.0251598358 1.05603242 0.152094975
v -0.0235691071 1.04011083 0.15413262
v -0.0169577599 1.07301068 0.157408729
v -0.015484333 1.05705619 0.15961273
v -0.0140528679 1.04112792 0.161903694
v -0.0303063393 1.0072329 0.149932697
v -0.0287761688 0.991437674 0.15205355
v -0.0272789001 0.975725889 0.154236808
v -0.0205922127 1.00836015 0.158589616
v -0.0191864967 0.992561579 0.160958841
v -0.0178012848 0.976847887 0.163356021
v -0.0113372803 1.00937438 0.166742697
v -0.0100355148 0.99357295 0.169245973
v -0.00874137878 0.977855921 0.171743944
v -0.024271965 0.944652319 0.158607975
v -0.0227403641 0.929283381 0.16075547
v -0.0211949348 0.913983583 0.162886456
v -0.014977932 0.945771933 0.168047801
v -0.0135221481 0.930401087 0.170310989
v -0.0120463371 0.915098429 0.172536209
v -0.00608110428 0.946774721 0.176549032
v -0.00470209122 0.931401968 0.1788335
v -0.00330257416 0.916096926 0.181067899
v -0.0158925056 1.26875901 0.14144285
v -0.0138158798 1.25245404 0.143315926
v -0.0118365288 1.23613524 0.145241037
v -0.00444746017 1.26957583 0.142372146
v -0.00255775452 1.25325227 0.144604996
v -0.000752449036 1.2369082 0.146820381
v 0.00681304932 1.27019048 0.142449036
v 0.00847053528 1.25384259 0.144873574
v 0.0100574493 1.237468 0.147198752
v -0.00824069977 1.20355392 0.14930661
v -0.00662517548 1.18731618 0.151453212
v -0.00511026382 1.17111373 0.153663173
v 0.00253200531 1.2042644 0.151261821
v 0.0040063858 1.1879952 0.153501585
v 0.00538778305 1.1717627 0.155757621
v 0.0129561424 1.20476031 0.151640907
v 0.0142617226 1.18845773 0.153792337
v 0.0154900551 1.17219281 0.155916885
v -0.00232172012 1.13881469 0.158234254
v -0.00101470947 1.12271714 0.160576478
v 0.00025177002 1.10664916 0.162942305
v 0.00793790817 1.1394093 0.160311893
v 0.00913476944 1.12328696 0.162604943
v 0.0102987289 1.10719895 0.164903656
v 0.0177693367 1.13978171 0.160135046
v 0.0188498497 1.12363458 0.162241772
v 0.0199046135 1.10752225 0.164349571
v 0.00272512436 1.07460713 0.167712107
v 0.00394439697 1.05863118 0.170114532
v 0.00515079498 1.04268479 0.172536626
v 0.0125823021 1.07511783 0.169498399
v 0.0137176514 1.05912423 0.171797171
v 0.0148506165 1.04316449 0.174109414
v 0.0219869614 1.07540059 0.16856499
v 0.0230307579 1.05938792 0.170681372
v 0.0240802765 1.04340816 0.172814921
v 0.00752592087 1.0108974 0.1774645
v 0.00869560242 0.995081186 0.179937378
v 0.00986242294 0.979349375 0.182368055
v 0.0171175003 1.01134658 0.178797856
v 0.018242836 0.995517015 0.1811461
v 0.0193548203 0.979771376 0.183451071
v 0.0262141228 1.01155591 0.17715843
v 0.0272812843 0.99570775 0.179343715
v 0.0283241272 0.979945898 0.181494609
v 0.0121927261 0.948233366 0.186955348
v 0.0133628845 0.932838202 0.189103797
v 0.0145344734 0.917510748 0.191191331
v 0.0215005875 0.948621035 0.187795952
v 0.0225362778 0.933208227 0.189829603
v 0.0235562325 0.917863131 0.191804603
v 0.0302672386 0.948759317 0.185568169
v 0.031162262 0.933328867 0.187481657
v 0.0320253372 0.91796422 0.18934615
v 0.0285658836 1.27063251 0.138205424
v 0.0295739174 1.25421023 0.140188351
v 0.0305428505 1.23776746 0.141987696
v 0.0391469002 1.27047467 0.134088352
v 0.0397772789 1.2540071 0.135516062
v 0.0403795242 1.23752666 0.136766151
v 0.0497207642 1.27013755 0.129524544
v 0.0500020981 1.25362849 0.130386069
v 0.0502634048 1.23711658 0.13107951
v 0.032304287 1.20493245 0.14522405
v 0.0330972672 1.18857312 0.146735802
v 0.033850193 1.17225432 0.148216799
v 0.04144907 1.2046392 0.1389779
v 0.0419187546 1.18825698 0.14003022
v 0.0423617363 1.17191911 0.141084746
v 0.0506825447 1.20418477 0.13225992
v 0.0508394241 1.18778586 0.132847443
v 0.0509791374 1.17143226 0.133467451
v 0.0352787971 1.13974261 0.151196137
v 0.0359759331 1.12354779 0.152725711
v 0.0366706848 1.10739064 0.154285684
v 0.0432181358 1.13936925 0.143305495
v 0.0436496735 1.12315488 0.144500569
v 0.044090271 1.10698056 0.145752564
v 0.0512595177 1.13885379 0.134902135
v 0.0514173508 1.12262511 0.135737494
v 0.0515918732 1.10643506 0.136652842
v 0.0380797386 1.07518315 0.157509223
v 0.0388069153 1.05912948 0.159179524
v 0.0395593643 1.04311013 0.160896018
v 0.0450167656 1.0747335 0.14842923
v 0.0455160141 1.05866361 0.149858192
v 0.046046257 1.04262614 0.151350692
v 0.0520043373 1.07415986 0.138715342
v 0.0522537231 1.05807424 0.139863625
v 0.0525403023 1.04202294 0.141091481
v 0.0411601067 1.01118255 0.164482668
v 0.0419864655 0.995298624 0.166330293
v 0.0427966118 0.979500055 0.168177679
v 0.0472326279 1.01066232 0.154533938
v 0.0478687286 0.994762659 0.156205311
v 0.0485019684 0.978948832 0.157897547
v 0.0532546043 1.01002908 0.143789306
v 0.0536694527 0.994115114 0.145241454
v 0.0540981293 0.978288412 0.146736518
v 0.044254303 0.948248148 0.171773806
v 0.0448923111 0.932786703 0.17350693
v 0.0454945564 0.917392492 0.1752121
v 0.0496668816 0.947671175 0.161260083
v 0.0501861572 0.932198286 0.162911311
v 0.0506772995 0.916796446 0.164549425
v 0.0549240112 0.946991205 0.149779454
v 0.0553078651 0.931512117 0.151307538
v 0.0556783676 0.916102648 0.15283604
v 0.0714740902 1.26923025 0.121787719
v 0.0712427199 1.25261831 0.121974707
v 0.0710883141 1.23606563 0.122065917
v 0.0828327388 1.2689172 0.118887544
v 0.0823572129 1.25217903 0.118863277
v 0.0819421709 1.23549652 0.118702002
v 0.0941911042 1.26871169 0.115555219
v 0.0935168862 1.25186467 0.115385532
v 0.0928596854 1.23503768 0.115021668
v 0.0706925392 1.20307851 0.121972159
v 0.0704321861 1.1866591 0.121884003
v 0.070145607 1.17028737 0.121805325
v 0.0813817978 1.20248246 0.118423954
v 0.0810594559 1.18606734 0.118196383
v 0.0807051659 1.16969895 0.117925957
v 0.0919799805 1.20184016 0.11444737
v 0.0917000771 1.18544126 0.114218846
v 0.0913925171 1.16909099 0.11389716
v 0.0695576668 1.13768125 0.121767119
v 0.0692739487 1.1214397 0.121840432
v 0.0690031052 1.10523677 0.121985748
v 0.0799436569 1.13709855 0.117354348
v 0.0795512199 1.12086082 0.117097273
v 0.0791544914 1.10466075 0.116879418
v 0.0906887054 1.13652015 0.113064602
v 0.0902938843 1.12029481 0.112598196
v 0.0898742676 1.10410571 0.112131551
v 0.0685052872 1.07293677 0.122517124
v 0.0682897568 1.05683827 0.122916117
v 0.068104744 1.04077506 0.123409107
v 0.0783672333 1.07236791 0.116627946
v 0.0779852867 1.05627275 0.116618529
v 0.0776200294 1.04021192 0.116696492
v 0.08897686 1.0718329 0.111294284
v 0.0885066986 1.05574393 0.110957816
v 0.0880289078 1.03968978 0.110690072
v 0.0678544044 1.00875401 0.124694422
v 0.0677862167 0.99282527 0.125477389
v 0.0677499771 0.976982832 0.126337066
v 0.0769600868 1.00819278 0.117143884
v 0.0766701698 0.992261648 0.117512718
v 0.0764040947 0.97641921 0.117966488
v 0.0870728493 1.0076797 0.110400394
v 0.0866055489 0.991751909 0.110384181
v 0.0861477852 0.975908995 0.110451058
v 0.067738533 0.94566083 0.128237262
v 0.0677528381 0.930172682 0.129251435
v 0.0677752495 0.914754152 0.130292132
v 0.07594347 0.945092916 0.11909236
v 0.0757398605 0.929601908 0.119737878
v 0.0755467415 0.914180517 0.120417908
v 0.085287571 0.944583178 0.110816374
v 0.0848827362 0.929091215 0.111093178
v 0.0844898224 0.913668871 0.111408308
v 0.0939604938 1.42597926 0.0736838356
v 0.0928118676 1.43846619 0.0635096729
v 0.0914753824 1.45011663 0.0522638336
v 0.0824485868 1.42458797 0.0773978978
v 0.0816799402 1.43626857 0.0681275278
v 0.0807939172 1.44707263 0.058099702
v 0.0702803954 1.42272305 0.0811380893
v 0.0698519647 1.433514 0.072868675
v 0.0693843514 1.44338417 0.0641499683
v 0.0881599635 1.471228 0.0268562883
v 0.0859774053 1.48097539 0.0135760391
v 0.083212465 1.48938644 -0.000710106455
v 0.0784598365 1.46656692 0.0357265882
v 0.0769180954 1.4754858 0.0247382633
v 0.0750149414 1.48321772 0.0143835749
v 0.0680084452 1.4613229 0.0453874841
v 0.0669998825 1.46923745 0.0358967148
v 0.0657463223 1.47629964 0.0278671924
v 0.0441403091 1.41888714 0.087487489
v 0.0438760929 1.42807424 0.0809445679
v 0.0436844453 1.43624127 0.0744014308
v 0.0303979088 1.417395 0.0901018605
v 0.0299119242 1.42602098 0.0841488391
v 0.0295172315 1.43358517 0.0783177614
v 0.0164475441 1.41634059 0.0926916748
v 0.0155968666 1.42461801 0.0871412903
v 0.014840126 1.43180585 0.0817746669
v 0.0431107283 1.45111525 0.0611036196
v 0.0425963998 1.45790768 0.0546482094
v 0.0418894738 1.46386504 0.0488034524
v 0.0286380053 1.44732404 0.0666702315
v 0.0280496925 1.45366263 0.06105024
v 0.0273477063 1.45927966 0.0559497289
v 0.0133142471 1.44482303 0.0711324364
v 0.0124945641 1.45086646 0.0659963638
v 0.0116648674 1.45625901 0.0613173991
v -0.0118050575 1.4152801 0.096723035
v -0.0135660172 1.42353129 0.0912741572
v -0.015273571 1.43070626 0.0859938413
v -0.0258827209 1.41525674 0.0979293138
v -0.0281062126 1.42381644 0.0921042711
v -0.0303001404 1.43134284 0.0863904506
v -0.0397896767 1.41548514 0.0983339101
v -0.0424118042 1.42455649 0.0918911844
v -0.0450234413 1.43265224 0.0854530483
v -0.0185909271 1.44374824 0.0754567534
v -0.0201091766 1.44982791 0.0703263432
v -0.0213990211 1.45526052 0.0656229407
v -0.0345430374 1.44511437 0.0748843104
v -0.0364294052 1.45152402 0.0692777783
v -0.0379638672 1.45723128 0.0641504675
v -0.0500750542 1.44755769 0.0722971708
v -0.0522837639 1.45445514 0.0658638626
v -0.05402565 1.46055865 0.060006991
v -0.0666627884 1.41637349 0.09600164
v -0.0697169304 1.42701793 0.0877525955
v -0.0727767944 1.43682981 0.0791344792
v -0.0794067383 1.41669965 0.0934676677
v -0.0824947357 1.42827153 0.0842266828
v -0.0855875015 1.43907952 0.0743753463
v -0.0915288925 1.41661429 0.0905373842
v -0.0945944786 1.42904449 0.0804580003
v -0.0976653099 1.44076943 0.0695283562
v -0.078707695 1.4549458 0.0606892258
v -0.081261158 1.4631393 0.0514463931
v -0.0831832886 1.47026944 0.0430318862
v -0.0916070938 1.45899224 0.0527331382
v -0.0942215919 1.46794057 0.041396752
v -0.0961670876 1.4757731 0.0305820853
v -0.103687763 1.4623096 0.0449178368
v -0.106379509 1.47201753 0.0311170369
v -0.108441353 1.48072553 0.0165978819
v 0.18535924 1.26723313 -0.065133065
v 0.185717672 1.25220776 -0.0640096366
v 0.185513884 1.23642612 -0.0642187223
v 0.184355512 1.26646709 -0.0815921873
v 0.184514835 1.25099313 -0.0801209658
v 0.184262425 1.23495853 -0.079969503
v 0.181633562 1.26556528 -0.0961960629
v 0.182173967 1.2499522 -0.0943499804
v 0.181226462 1.23334563 -0.0942174643
v 0.182838082 1.2024194 -0.0663591996
v 0.180435032 1.18444312 -0.0676601678
v 0.177670643 1.16625953 -0.0687671602
v 0.181080088 1.20070779 -0.0815331042
v 0.178364933 1.18281662 -0.0824153721
v 0.175277501 1.16480994 -0.0830745697
v 0.177330434 1.19886756 -0.0951692685
v 0.174246803 1.1810931 -0.0956510082
v 0.170810431 1.16329861 -0.0959066898
v 0.172431886 1.13075328 -0.0694507509
v 0.170662105 1.11395645 -0.0688073784
v 0.169872284 1.09794927 -0.0675377101
v 0.16939348 1.12973368 -0.0829720348
v 0.167304695 1.11312997 -0.082025744
v 0.166118145 1.09724402 -0.0805252641
v 0.164335087 1.12872577 -0.0951712132
v 0.16201286 1.1123507 -0.0940186381
v 0.1604743 1.09657741 -0.0924156159
v 0.168848991 1.06649995 -0.0646573156
v 0.168339252 1.05082917 -0.0633811206
v 0.167827606 1.0351789 -0.062355265
v 0.164021969 1.06586862 -0.0772551745
v 0.163017273 1.05023265 -0.0757950991
v 0.162105083 1.03461003 -0.0746565312
v 0.157474041 1.06526113 -0.0890222043
v 0.156075954 1.04965043 -0.0875060409
v 0.154862404 1.03404403 -0.0863578171
v 0.16676569 1.00387311 -0.0614331812
v 0.166190624 0.988217115 -0.0614681095
v 0.165557384 0.97257638 -0.0616126508
v 0.160726547 1.00333095 -0.0739093274
v 0.160202503 0.987677336 -0.0742043704
v 0.159658432 0.972035646 -0.0746348351
v 0.153306484 1.00277114 -0.0858492106
v 0.152871609 0.98711133 -0.0863733143
v 0.152441025 0.971468687 -0.0870323032
v 0.164047241 0.941379309 -0.0615658611
v 0.163175583 0.925828218 -0.0612602085
v 0.162253857 0.910295248 -0.0608314723
v 0.158112526 0.940867186 -0.0749465078
v 0.157063961 0.925344229 -0.0746701211
v 0.155899525 0.909847021 -0.0742096156
v 0.150911331 0.940332174 -0.0875923485
v 0.149722099 0.924847841 -0.087306425
v 0.1483531 0.909400702 -0.0867804736
v 0.171926022 1.26432371 -0.119335718
v 0.170545414 1.24738979 -0.117952541
v 0.16891399 1.23047614 -0.117151976
v 0.16421634 1.2636168 -0.128637657
v 0.162438542 1.24659884 -0.127081007
v 0.159570247 1.22922611 -0.126202673
v 0.154695317 1.26274002 -0.136827335
v 0.152553156 1.2457 -0.135181338
v 0.149298877 1.2283994 -0.134024963
v 0.162868693 1.19568622 -0.116652966
v 0.159163624 1.17825866 -0.116343938
v 0.155289903 1.16095245 -0.115949847
v 0.152877346 1.19471776 -0.124790341
v 0.14863351 1.17726982 -0.124290437
v 0.144802451 1.16024315 -0.123677656
v 0.141222164 1.19367766 -0.132331967
v 0.137405604 1.17670643 -0.131506681
v 0.133467585 1.15976536 -0.130911827
v 0.1485686 1.12745273 -0.114634626
v 0.14641571 1.11153483 -0.113590106
v 0.144610882 1.09582591 -0.112477288
v 0.138620615 1.12729168 -0.12240918
v 0.136770248 1.11150622 -0.121692285
v 0.135122299 1.0957787 -0.121104583
v 0.128201485 1.12736201 -0.1298673
v 0.126606941 1.11160111 -0.129578635
v 0.125207901 1.09584546 -0.129545733
v 0.141248226 1.06450486 -0.110383555
v 0.13978672 1.04887652 -0.109538242
v 0.138560772 1.03324389 -0.109002396
v 0.132284641 1.06439281 -0.12030445
v 0.131124496 1.04872155 -0.120116577
v 0.130147934 1.03304791 -0.120136663
v 0.123032093 1.06437278 -0.130048081
v 0.122214317 1.04865384 -0.130502746
v 0.121504784 1.03293061 -0.131049678
v 0.137041092 1.00189805 -0.109326825
v 0.136603355 0.986201525 -0.110036954
v 0.136123657 0.970537901 -0.11075829
v 0.128748417 1.00162721 -0.120964393
v 0.128179073 0.985905886 -0.121618852
v 0.127498627 0.97022748 -0.122172222
v 0.120187283 1.00143313 -0.132274672
v 0.11943531 0.985687494 -0.132804796
v 0.118505955 0.969992876 -0.133130476
v 0.134251595 0.939447165 -0.11116372
v 0.1327672 0.924031973 -0.110702083
v 0.131052971 0.908671141 -0.109960958
v 0.125222683 0.939142942 -0.122202978
v 0.123579502 0.923746824 -0.121603295
v 0.121725082 0.908410788 -0.120745048
v 0.115795135 0.938906431 -0.132737145
v 0.114012718 0.923521757 -0.132012054
v 0.112054348 0.908200502 -0.131068155
v 0.132075846 1.26093388 -0.150394678
v 0.129564941 1.24388897 -0.149245501
v 0.126139328 1.22678912 -0.148396
v 0.119566411 1.26006138 -0.156210616
v 0.117103182 1.24302673 -0.155607596
v 0.113900222 1.22602654 -0.155308962
v 0.106418453 1.25912941 -0.161780834
v 0.104113862 1.24214494 -0.161746934
v 0.101245321 1.22525477 -0.162040949
v 0.118289135 1.19269276 -0.147319958
v 0.114627764 1.17589414 -0.147002116
v 0.111514956 1.15939748 -0.146820948
v 0.106876239 1.192258 -0.155294687
v 0.103756249 1.17564631 -0.155455917
v 0.101293817 1.15936327 -0.155677751
v 0.0952683762 1.19182062 -0.16314742
v 0.0927795023 1.17539573 -0.163785532
v 0.090982601 1.15929973 -0.16440095
v 0.108063698 1.12761188 -0.146850452
v 0.106842995 1.111799 -0.147305652
v 0.105823517 1.09598041 -0.14800857
v 0.0984897614 1.12764382 -0.156412289
v 0.0973949432 1.11180615 -0.157083139
v 0.0964374542 1.09596372 -0.15789865
v 0.0887413025 1.1276052 -0.165733323
v 0.0877346992 1.11174607 -0.166521475
v 0.0867886543 1.09588552 -0.167332515
v 0.104362011 1.06435275 -0.149893031
v 0.10381031 1.04855037 -0.150907084
v 0.10324049 1.03274751 -0.151836202
v 0.0948910713 1.06428599 -0.159726784
v 0.0942115784 1.04845881 -0.160604462
v 0.0934815407 1.03263497 -0.161357865
v 0.0850300789 1.06417775 -0.168848023
v 0.0841550827 1.04833722 -0.169470236
v 0.0832176208 1.03250432 -0.169954285
v 0.10164547 1.00113797 -0.153052136
v 0.100518703 0.985361814 -0.153245196
v 0.0991754532 0.9696486 -0.153164193
v 0.0915493965 1.00100017 -0.162197039
v 0.0902791023 0.985220194 -0.162231252
v 0.0888252258 0.96950984 -0.162035927
v 0.0809512138 1.00086188 -0.170368776
v 0.0795884132 0.985087633 -0.170287415
v 0.0780911446 0.969380617 -0.170041308
v 0.0958709717 0.938554525 -0.15222244
v 0.0939679146 0.92317605 -0.151433632
v 0.091963768 0.907862902 -0.150515005
v 0.0854468346 0.938415766 -0.161056146
v 0.0835762024 0.923032522 -0.160341963
v 0.0816349983 0.907717466 -0.1595373
v 0.0747671127 0.938288927 -0.169145271
v 0.0729813576 0.922905684 -0.168550476
v 0.0711460114 0.90758729 -0.167894647
v -0.112092018 0.89866662 -0.111930296
v -0.12120533 0.898083448 -0.102515742
v -0.129794598 0.897628546 -0.0923201889
v -0.114070892 0.913745642 -0.114412114
v -0.123319149 0.913155317 -0.105206713
v -0.131977558 0.912703276 -0.0951592177
v -0.116006851 0.928897619 -0.116835698
v -0.125388622 0.928299189 -0.107851788
v -0.134113312 0.927848101 -0.0979624838
v -0.144692898 0.897231817 -0.0694491118
v -0.150686741 0.89733243 -0.0568285435
v -0.155529499 0.897645235 -0.0435396284
v -0.146802902 0.912342787 -0.0724046677
v -0.152644634 0.91248107 -0.0597747415
v -0.157250404 0.912847281 -0.0464553684
v -0.148816586 0.927520514 -0.0753397793
v -0.154466629 0.927694559 -0.0627021641
v -0.158801556 0.928109884 -0.0493520945
v -0.161221027 0.898930788 -0.0153409094
v -0.161830425 0.899824381 -0.000651225448
v -0.160806179 0.900776625 0.0142719895
v -0.162213802 0.914292574 -0.0182073563
v -0.162415504 0.915272474 -0.00348637998
v -0.161068439 0.916290998 0.011507526
v -0.163016319 0.929690599 -0.0210479349
v -0.162827015 0.930747271 -0.00629328191
v -0.16118288 0.931820631 0.00877155364
v -0.11966753 0.959545374 -0.12140362
v -0.129319668 0.958926439 -0.112904772
v -0.138144493 0.95847106 -0.103382155
v -0.121373653 0.975046396 -0.123523936
v -0.131158352 0.974417925 -0.115282103
v -0.140024662 0.973958254 -0.105960712
v -0.122996807 0.990630865 -0.12554203
v -0.132909775 0.989992857 -0.117550179
v -0.141822815 0.989527464 -0.10842602
v -0.152376175 0.958200216 -0.0810940713
v -0.157466412 0.958431959 -0.0684542507
v -0.161098003 0.95892024 -0.0550429076
v -0.153952599 0.9737041 -0.0838641375
v -0.158715725 0.973953962 -0.0712255687
v -0.161961555 0.974464178 -0.0577810258
v -0.155495644 0.989279985 -0.0865145177
v -0.159973145 0.989540339 -0.0738737434
v -0.162889004 0.990058184 -0.0603917688
v -0.163729191 0.960676908 -0.0265969485
v -0.162845135 0.961813688 -0.0117592663
v -0.160742283 0.962949038 0.00345720351
v -0.16383934 0.976251841 -0.0292489976
v -0.162678719 0.977397203 -0.0143630952
v -0.16041851 0.978537798 0.000926211476
v -0.16415453 0.991843462 -0.0317628831
v -0.162784576 0.992982626 -0.0168280452
v -0.160412312 0.994117022 -0.00147525966
v -0.126001835 1.02194095 -0.129288003
v -0.136149406 1.02129054 -0.121729001
v -0.145200729 1.02081466 -0.112938449
v -0.127388 1.03763604 -0.131019935
v -0.137640476 1.03698325 -0.123630926
v -0.146780968 1.03650117 -0.114964947
v -0.128702164 1.05335307 -0.132657811
v -0.139044762 1.05270362 -0.125404224
v -0.148280144 1.05221772 -0.116834387
v -0.158768654 1.02053666 -0.0913089365
v -0.163030148 1.02077413 -0.0786357373
v -0.165687084 1.02126384 -0.0650595278
v -0.160524368 1.03619075 -0.0934251994
v -0.164877415 1.03639722 -0.0807273835
v -0.167623043 1.03685403 -0.0671014041
v -0.162292004 1.05186439 -0.0953643173
v -0.166822433 1.05203795 -0.0826494545
v -0.169754028 1.05245185 -0.0689871162
v -0.166492462 1.02296996 -0.0362182707
v -0.16496706 1.02407193 -0.0211992711
v -0.162479877 1.02519011 -0.00576524436
v -0.168591499 1.03849196 -0.0381578654
v -0.167110443 1.03956723 -0.0231048912
v -0.164608479 1.04067874 -0.007654652
v -0.171049595 1.05400777 -0.0399575084
v -0.169660568 1.05505395 -0.0248761624
v -0.167162895 1.05615211 -0.00941799581
v -0.131133556 1.0848496 -0.135647997
v -0.141606331 1.08420873 -0.12856321
v -0.151003361 1.08372045 -0.120101914
v -0.132259846 1.10062671 -0.136996791
v -0.142772675 1.09999347 -0.129947647
v -0.152235031 1.09950614 -0.121506616
v -0.133334637 1.11642098 -0.138247177
v -0.143877029 1.11579537 -0.13120614
v -0.153391361 1.11530852 -0.12276648
v -0.165651321 1.08329463 -0.0987522453
v -0.170650482 1.08339143 -0.0860639662
v -0.174077034 1.08371615 -0.0724064559
v -0.167198181 1.09904552 -0.10022752
v -0.172446728 1.09910941 -0.0875996798
v -0.176131725 1.09938884 -0.0740024894
v -0.168671131 1.11481738 -0.101577386
v -0.17416954 1.11484551 -0.0890485495
v -0.178110123 1.11508346 -0.075562939
v -0.176206589 1.08508515 -0.0433098525
v -0.17504406 1.08605838 -0.0281864256
v -0.172577381 1.08712029 -0.0127228349
v -0.178658962 1.10066342 -0.0449784845
v -0.177585602 1.10159516 -0.0298693627
v -0.175125122 1.10263228 -0.014423117
v -0.180977821 1.11626506 -0.0467392653
v -0.179954052 1.11715817 -0.0317032784
v -0.177474022 1.11816764 -0.0163153261
v -0.135355473 1.14806151 -0.140443549
v -0.145937443 1.14744592 -0.133358404
v -0.155545712 1.14695811 -0.124890193
v -0.136312485 1.16390538 -0.14137958
v -0.146911144 1.16329122 -0.134255812
v -0.156562805 1.16279817 -0.125770733
v -0.13724041 1.17976356 -0.142194852
v -0.147861004 1.17914939 -0.135037825
v -0.157553196 1.17864966 -0.126545951
v -0.171443462 1.14639354 -0.103964075
v -0.177428722 1.14635205 -0.0917634219
v -0.181828022 1.14650798 -0.0786921829
v -0.172751427 1.16219306 -0.105022892
v -0.178955078 1.16211295 -0.0930392593
v -0.183545113 1.16222405 -0.0802568644
v -0.17400074 1.17799973 -0.105998799
v -0.180392265 1.17788005 -0.0942499489
v -0.18513298 1.17793489 -0.0817797631
v -0.185101509 1.14751792 -0.0508046597
v -0.183996677 1.14834142 -0.0361937732
v -0.181352615 1.14930606 -0.0211260766
v -0.186871529 1.16313004 -0.0530872792
v -0.185641289 1.16390586 -0.0388289541
v -0.182859421 1.16483521 -0.0240294188
v -0.188439369 1.17868447 -0.0554180592
v -0.187055111 1.17937636 -0.0415716022
v -0.184121609 1.18024135 -0.0270942301
v -0.13902092 1.21153665 -0.14344345
v -0.149703979 1.21091056 -0.13627778
v -0.159480095 1.21038413 -0.127842292
v -0.139847279 1.22754359 -0.143928871
v -0.150537968 1.22689271 -0.136828825
v -0.160320282 1.22632623 -0.128501341
v -0.140596867 1.24375224 -0.14440237
v -0.15122509 1.24304652 -0.137449846
v -0.160944462 1.24239278 -0.129330561
v -0.176285744 1.20963502 -0.107766792
v -0.182908535 1.20941472 -0.0964777321
v -0.187812805 1.20930791 -0.0846195072
v -0.177181244 1.2254684 -0.108793482
v -0.183848858 1.22516847 -0.0977731794
v -0.188609883 1.22487175 -0.0862150341
v -0.177737236 1.24132276 -0.110209271
v -0.184311122 1.24083745 -0.0995638147
v -0.188405037 1.23969793 -0.0883377418
v -0.189974517 1.20922756 -0.0596023053
v -0.187593281 1.20943654 -0.0463473201
v -0.183936924 1.21006787 -0.0323637947
v -0.188958168 1.22274816 -0.0613755658
v -0.185965359 1.22195935 -0.0481491536
v -0.181785822 1.22213399 -0.034062095
v -0.188775629 1.23458624 -0.064066492
v -0.185223356 1.23097682 -0.0506467633
v -0.180685088 1.22972369 -0.0361016765
v -0.139453888 1.48602176 -0.0425695628
v -0.143488407 1.4807241 -0.0632334799
v -0.146508694 1.47249293 -0.0817785114
v -0.149849415 1.48232245 -0.0391297191
v -0.153352261 1.4778111 -0.058805868
v -0.156137943 1.47007775 -0.0771673769
v -0.160024166 1.4783361 -0.0366118401
v -0.163169861 1.47416902 -0.0556608886
v -0.165651798 1.46671224 -0.0737203807
v -0.180088043 1.47008872 -0.0321270078
v -0.182748795 1.46612954 -0.0506005734
v -0.184595585 1.45896363 -0.0681421608
v -0.190424457 1.46578777 -0.0300725643
v -0.193040997 1.46187818 -0.0484369062
v -0.194918498 1.45476639 -0.0659383908
v -0.202673122 1.46071386 -0.0288063139
v -0.205327764 1.45662463 -0.0471656695
v -0.207172692 1.44930303 -0.0646482483
v -0.231370017 1.44213569 -0.0272097401
v -0.233866394 1.43721867 -0.0456876718
v -0.235137805 1.429129 -0.06310229
v -0.246519968 1.42570853 -0.026179295
v -0.248808637 1.42038405 -0.0447460152
v -0.249583051 1.41208649 -0.062130861
v -0.261176348 1.40369022 -0.0246751383
v -0.26316762 1.39808917 -0.0432886705
v -0.263352156 1.38984704 -0.0606214553
v -0.149138927 1.4485333 -0.111082599
v -0.148993969 1.43351245 -0.121759102
v -0.148253918 1.41715741 -0.13009499
v -0.15852356 1.44660544 -0.106816158
v -0.158207893 1.43175101 -0.117597505
v -0.15729332 1.41551566 -0.125972018
v -0.167497635 1.44362855 -0.10315071
v -0.16690588 1.42894864 -0.113804147
v -0.165736675 1.41287351 -0.122024998
v -0.185173124 1.43654048 -0.0965733528
v -0.184182465 1.42213631 -0.1067895
v -0.182734042 1.40627789 -0.114606224
v -0.195590049 1.43227696 -0.0942216143
v -0.194435105 1.41776299 -0.10417255
v -0.192686111 1.40176642 -0.111610226
v -0.207354575 1.4263047 -0.092486687
v -0.20571503 1.41152096 -0.101951286
v -0.203357726 1.39526951 -0.108772606
v -0.232925564 1.40506315 -0.0895722955
v -0.229555339 1.3900243 -0.0976467878
v -0.225202188 1.37370157 -0.102713682
v -0.245681927 1.38827598 -0.0878980532
v -0.241199702 1.37368858 -0.0952477232
v -0.2355946 1.35799706 -0.0993673727
v -0.257636309 1.36714995 -0.0858039856
v -0.252022445 1.35357165 -0.0925709829
v -0.2451763 1.33913612 -0.0958970785
v -0.146127701 1.38250184 -0.140784845
v -0.145090103 1.36483073 -0.143700823
v -0.144149303 1.34708285 -0.145399436
v -0.154927731 1.38097501 -0.136554405
v -0.15387392 1.36332536 -0.13931267
v -0.15301466 1.34560943 -0.140771374
v -0.163015366 1.37859988 -0.132191345
v -0.161903858 1.36107802 -0.134664819
v -0.16108942 1.34351563 -0.135756895
v -0.179522201 1.37234461 -0.12385986
v -0.178080261 1.35510135 -0.125610679
v -0.17698136 1.33793759 -0.125729725
v -0.188603625 1.36763203 -0.119889915
v -0.186657339 1.35045981 -0.121055439
v -0.185055494 1.33347166 -0.120483302
v -0.197840273 1.36083961 -0.115611523
v -0.195128962 1.34374213 -0.11599271
v -0.192742735 1.32697558 -0.114558965
v -0.215197608 1.33973634 -0.105349839
v -0.21011138 1.32322061 -0.103496984
v -0.205248311 1.30730176 -0.0998245329
v -0.222815409 1.32562864 -0.0995742604
v -0.21626249 1.3099227 -0.096385181
v -0.209873393 1.29480004 -0.091432251
v -0.229692847 1.30968618 -0.0938747376
v -0.221722692 1.29539919 -0.0893891305
v -0.213870227 1.28156483 -0.083188273
v -0.142738819 1.31173682 -0.146332309
v -0.142235756 1.29430127 -0.146052405
v -0.141764641 1.27711797 -0.145522818
v -0.152126312 1.31046081 -0.140943214
v -0.152010441 1.29318833 -0.140191719
v -0.151918888 1.27617335 -0.139206216
v -0.160694808 1.30880344 -0.134984225
v -0.160908669 1.29184222 -0.133558348
v -0.161177158 1.27512717 -0.131930038
v -0.176747173 1.30315995 -0.122632504
v -0.176773071 1.28725851 -0.119256817
v -0.17706494 1.27215099 -0.115577027
v -0.184008226 1.29777646 -0.115526795
v -0.183506504 1.28280938 -0.111023135
v -0.183406085 1.26935625 -0.106323987
v -0.190133572 1.29029334 -0.107387781
v -0.188843548 1.27690482 -0.10179586
v -0.188198373 1.26580334 -0.0962219536
v -0.197111383 1.27250814 -0.0879397765
v -0.193738505 1.26548111 -0.0808645934
v -0.191336229 1.25618041 -0.0740473941
v -0.198391095 1.26532412 -0.0775163695
v -0.193831548 1.26083851 -0.0698790923
v -0.18980515 1.24970007 -0.0619398803
v -0.199475795 1.26118135 -0.0677372962
v -0.193068013 1.2501446 -0.0586968213
v -0.187473804 1.24401248 -0.0493323132
v 0.183695927 1.29385304 -0.0804280788
v 0.181725442 1.29468501 -0.0937078297
v 0.179966673 1.29570103 -0.105838127
v 0.183640376 1.30659378 -0.0923289508
v 0.181606203 1.30883574 -0.102569364
v 0.178820387 1.31031597 -0.113425866
v 0.184445187 1.32014215 -0.103115752
v 0.181071252 1.32293546 -0.112031452
v 0.17718485 1.32480192 -0.121767834
v 0.185003102 1.34837508 -0.122292943
v 0.179079607 1.35196018 -0.129245996
v 0.173203796 1.35454476 -0.136656925
v 0.185385063 1.36310029 -0.129779294
v 0.179027766 1.36734509 -0.135137439
v 0.172602698 1.37043309 -0.141048193
v 0.186593965 1.37826824 -0.134871066
v 0.17926462 1.38287175 -0.139038876
v 0.172016606 1.38627279 -0.143666804
v 0.190158159 1.40845251 -0.137291312
v 0.181653827 1.41377473 -0.139061958
v 0.173360452 1.41775608 -0.1411874
v 0.192739904 1.42293882 -0.133575678
v 0.183692664 1.42843974 -0.134488404
v 0.174914718 1.43255663 -0.135685593
v 0.19540216 1.43618882 -0.126370415
v 0.185918376 1.44180894 -0.126584589
v 0.176746085 1.44601583 -0.127029866
v 0.200739026 1.45739126 -0.0996056646
v 0.190613434 1.46326494 -0.0985871106
v 0.180792317 1.46767759 -0.0979324728
v 0.202942193 1.46422255 -0.0815876424
v 0.192564547 1.47009504 -0.0802496001
v 0.182492226 1.47452819 -0.0793545991
v 0.204718351 1.46808171 -0.06229534
v 0.194186524 1.47389305 -0.0606676042
v 0.183956072 1.47829568 -0.0595693961
v 0.170920253 1.29636359 -0.126680449
v 0.163438812 1.29613948 -0.135088608
v 0.15437533 1.29570889 -0.142314583
v 0.16867356 1.31164706 -0.132416263
v 0.161021098 1.31178057 -0.139768034
v 0.152011454 1.31172872 -0.145970792
v 0.165660411 1.32679176 -0.138555199
v 0.157759741 1.3273083 -0.144670635
v 0.148761943 1.3276602 -0.149711743
v 0.15998973 1.35817957 -0.148209348
v 0.151915446 1.35948014 -0.151961312
v 0.143133372 1.36059892 -0.154951125
v 0.158117667 1.3745718 -0.150479436
v 0.149817318 1.37609398 -0.153445169
v 0.140994981 1.37741053 -0.15580906
v 0.156576961 1.39090776 -0.150996596
v 0.148109764 1.39261079 -0.153297976
v 0.139263242 1.39406621 -0.155173779
v 0.15643245 1.42320323 -0.144770384
v 0.147586629 1.42516053 -0.146010444
v 0.138535187 1.42676711 -0.147149771
v 0.1572368 1.43819487 -0.137860715
v 0.148122698 1.44020939 -0.138717458
v 0.13885881 1.44182742 -0.139593363
v 0.158391297 1.45179141 -0.128096357
v 0.148995191 1.45385063 -0.128663301
v 0.139481694 1.45548391 -0.129339293
v 0.161139935 1.47382069 -0.0976177752
v 0.151114613 1.47606707 -0.0979019254
v 0.140998438 1.4778893 -0.0984167308
v 0.162321761 1.48077631 -0.078838408
v 0.152028918 1.48311758 -0.079127349
v 0.141645148 1.48507297 -0.079657346
v 0.163438275 1.48458064 -0.0589171499
v 0.152959034 1.48699784 -0.0592382662
v 0.14239195 1.48908424 -0.0598167852
v 0.132870078 1.29473531 -0.153840274
v 0.120852619 1.29417479 -0.158645675
v 0.108098984 1.29338455 -0.163275078
v 0.131154299 1.31149781 -0.155990228
v 0.11962682 1.31123185 -0.160340637
v 0.107373595 1.31060922 -0.164604694
v 0.128574163 1.32823527 -0.15813008
v 0.117574438 1.32827592 -0.162055328
v 0.105907053 1.32783258 -0.16598618
v 0.124299996 1.36261356 -0.160579085
v 0.114289932 1.36321437 -0.163686901
v 0.103634991 1.36304903 -0.166982278
v 0.122424811 1.37977159 -0.160534337
v 0.112646922 1.3804872 -0.163303316
v 0.102272063 1.38034678 -0.166300029
v 0.120867409 1.39661157 -0.159156367
v 0.111234985 1.39736795 -0.161604121
v 0.101042286 1.3972193 -0.164317504
v 0.119983315 1.42928696 -0.149972022
v 0.110340692 1.42993271 -0.15190649
v 0.100192845 1.42970371 -0.154250488
v 0.119992398 1.44418621 -0.141960502
v 0.1102423 1.4447298 -0.143698633
v 0.100033022 1.44448876 -0.145953923
v 0.120202743 1.45774043 -0.131325573
v 0.110298917 1.45823431 -0.13291271
v 0.0999947041 1.45804787 -0.135164812
v 0.120642938 1.48052919 -0.100021772
v 0.1103357 1.48129535 -0.1015478
v 0.0998047069 1.48152876 -0.104182273
v 0.120795496 1.48816192 -0.0811600313
v 0.110247351 1.48932707 -0.0825032294
v 0.0994921476 1.49013615 -0.0849962905
v 0.121183336 1.49265122 -0.0612572655
v 0.110381156 1.49432349 -0.0621837527
v 0.0992192477 1.49597204 -0.063843742
v -0.116497517 1.2452333 -0.154294237
v -0.103229523 1.24598289 -0.157509848
v -0.0894618034 1.24673104 -0.160110578
v -0.115688801 1.2290771 -0.153928146
v -0.102442741 1.22992826 -0.157139823
v -0.0887331963 1.23079562 -0.159747586
v -0.114923 1.21309161 -0.153470799
v -0.101744652 1.21398377 -0.156680629
v -0.0881285667 1.21490264 -0.159309492
v -0.113363266 1.1813314 -0.152189776
v -0.100376129 1.18224263 -0.155443773
v -0.08700037 1.18318963 -0.158192441
v -0.112533569 1.16548181 -0.151362404
v -0.0996470451 1.16640258 -0.154672787
v -0.0864019394 1.16735578 -0.157527372
v -0.11166954 1.14965081 -0.150436684
v -0.0988888741 1.15057683 -0.153829679
v -0.0857806206 1.15153956 -0.156813249
v -0.109854221 1.11803842 -0.148378178
v -0.0973000526 1.11897492 -0.15200679
v -0.084482193 1.11994958 -0.15531294
v -0.108902931 1.10225654 -0.147273287
v -0.0964717865 1.10319829 -0.151053354
v -0.0838079453 1.10417438 -0.154547974
v -0.107923985 1.08649325 -0.146124884
v -0.0956220627 1.08743739 -0.150077447
v -0.0831184387 1.08841634 -0.15377675
v -0.105872154 1.05501294 -0.143717512
v -0.0938596725 1.05595899 -0.148075208
v -0.0816950798 1.05693698 -0.152218506
v -0.104797363 1.03929877 -0.142462358
v -0.0929479599 1.04024196 -0.147052094
v -0.0809640884 1.04121757 -0.151438519
v -0.103689194 1.02360082 -0.141175732
v -0.0920143127 1.02453876 -0.146018729
v -0.0802230835 1.02551055 -0.150661096
v -0.101357937 0.992260695 -0.138497874
v -0.0900826454 0.993183374 -0.143918797
v -0.078710556 0.994140387 -0.149125025
v -0.100124359 0.976651907 -0.13708435
v -0.0890722275 0.977561235 -0.142827019
v -0.0779309273 0.97850728 -0.148340985
v -0.0988321304 0.961118937 -0.13559179
v -0.0880174637 0.962012053 -0.141672596
v -0.0771198273 0.962944746 -0.147511646
v -0.0960297585 0.930401564 -0.132287011
v -0.0857300758 0.931252241 -0.139078662
v -0.0753612518 0.932145834 -0.145609781
v -0.0945305824 0.915210485 -0.130483255
v -0.084502697 0.916035414 -0.137639746
v -0.0744171143 0.916905165 -0.144532964
v -0.0929908752 0.900089979 -0.12861596
v -0.0832395554 0.900887251 -0.136142835
v -0.0734448433 0.901728392 -0.143405721
v -0.0613660812 1.24821258 -0.165117189
v -0.0473065376 1.24894452 -0.16798906
v -0.0332837105 1.24967456 -0.171181783
v -0.0608692169 1.23248029 -0.16494225
v -0.0469713211 1.23327184 -0.167995736
v -0.0331220627 1.23403525 -0.171380326
v -0.0605330467 1.21667838 -0.164719805
v -0.0468001366 1.21749997 -0.167959079
v -0.0331225395 1.21827865 -0.17153345
v -0.0600118637 1.18502355 -0.164160654
v -0.04662323 1.18587041 -0.167793974
v -0.0332918167 1.18666339 -0.171753511
v -0.0597395897 1.16921258 -0.163839862
v -0.0465312004 1.17006803 -0.167683467
v -0.0333795547 1.17086482 -0.171837673
v -0.0594577789 1.15341401 -0.163504586
v -0.0464334488 1.15427661 -0.167562768
v -0.0334663391 1.15507627 -0.171912357
v -0.058863163 1.12185121 -0.162828609
v -0.0462203026 1.12272668 -0.167318031
v -0.0336279869 1.12353396 -0.172047541
v -0.0585536957 1.10608649 -0.162497148
v -0.0461030006 1.10696721 -0.167197868
v -0.0337042809 1.10777736 -0.172109231
v -0.0582356453 1.0903337 -0.162166938
v -0.045981884 1.09122014 -0.167075679
v -0.0337758064 1.09202886 -0.172165558
v -0.0575757027 1.05886197 -0.161506161
v -0.0457177162 1.05975318 -0.166817471
v -0.0338997841 1.06056571 -0.172250316
v -0.0572371483 1.04314256 -0.161181316
v -0.0455775261 1.04403615 -0.166687116
v -0.0339565277 1.04484725 -0.172284469
v -0.0568990707 1.02743411 -0.160868511
v -0.0454411507 1.02832818 -0.166564748
v -0.034014225 1.02914023 -0.172319695
v -0.0562324524 0.996052504 -0.160296008
v -0.0451827049 0.996946096 -0.166362986
v -0.0341477394 0.997755289 -0.172417983
v -0.0559000969 0.980407953 -0.160018906
v -0.0450582504 0.981302023 -0.166269407
v -0.0342187881 0.982107878 -0.172468409
v -0.0555548668 0.964831591 -0.159715816
v -0.0449242592 0.965721846 -0.166152939
v -0.0342845917 0.966527224 -0.172493264
v -0.0547909737 0.933984041 -0.158936247
v -0.0446014404 0.934864283 -0.16576378
v -0.0343699455 0.935663462 -0.17239587
v -0.054371357 0.918709517 -0.158453867
v -0.0444092751 0.91958499 -0.165486619
v -0.0343875885 0.9203794 -0.17226927
v -0.0539360046 0.903499842 -0.157932803
v -0.0442047119 0.904368162 -0.165174887
v -0.03439188 0.905155897 -0.172110602
v -0.00544500351 1.25113702 -0.178544208
v 0.00831985474 1.25185943 -0.181999549
v 0.022025276 1.25258553 -0.184323534
v -0.00561857224 1.23549008 -0.179017827
v 0.00799894333 1.23617482 -0.182532832
v 0.0214891583 1.23681235 -0.184904188
v -0.00593614578 1.21972203 -0.179430351
v 0.00754404068 1.22037959 -0.183006629
v 0.0209150314 1.22098231 -0.185425684
v -0.00673341751 1.18807769 -0.180136308
v 0.00648880005 1.18869519 -0.183822617
v 0.0196442604 1.189255 -0.186359808
v -0.00714254379 1.17226386 -0.180451497
v 0.00595283508 1.17286468 -0.184185907
v 0.0190062523 1.17340493 -0.186779365
v -0.00755500793 1.15646338 -0.180750534
v 0.00540971756 1.15704513 -0.184528694
v 0.0183625221 1.15756536 -0.18717508
v -0.00839042664 1.12488914 -0.181318209
v 0.00430393219 1.12543941 -0.185178027
v 0.0170416832 1.12591767 -0.187911257
v -0.00881147385 1.1091187 -0.181591794
v 0.00374031067 1.10965133 -0.185491487
v 0.0163598061 1.11011052 -0.188260719
v -0.00923395157 1.09335732 -0.181858107
v 0.00316953659 1.09387279 -0.185799345
v 0.0156641006 1.09431338 -0.188597307
v -0.0100736618 1.06186461 -0.182372078
v 0.00201749802 1.0623486 -0.186402604
v 0.0142335892 1.06274867 -0.189242467
v -0.0104923248 1.04613137 -0.182620689
v 0.00143623352 1.04660058 -0.186700508
v 0.0135016441 1.04698253 -0.189552471
v -0.0109119415 1.03040814 -0.182868049
v 0.00085067749 1.03086305 -0.186996624
v 0.0127592087 1.03122592 -0.189857468
v -0.01176548 0.998994589 -0.183364674
v -0.000333786011 0.999418974 -0.187585995
v 0.0112557411 0.999747992 -0.19045262
v -0.0121970177 0.983332396 -0.183599696
v -0.00093126297 0.983741522 -0.187859997
v 0.0104961395 0.984054804 -0.190725252
v -0.0126242638 0.967734575 -0.183801457
v -0.00152587891 0.968132257 -0.188099548
v 0.00973463058 0.968427896 -0.190957591
v -0.0134506226 0.936841249 -0.18404375
v -0.00269937515 0.937209845 -0.188398525
v 0.00821495056 0.937474012 -0.191236004
v -0.0138468742 0.921541452 -0.184082195
v -0.00327682495 0.921896696 -0.188458189
v 0.00745916367 0.922144651 -0.191282198
v -0.0142364502 0.906301737 -0.184085295
v -0.00384902954 0.906643152 -0.188482448
v 0.00670337677 0.90687871 -0.191289708
v 0.0501784831 1.25448465 -0.182583436
v 0.0644585416 1.25565481 -0.178497821
v 0.0787041336 1.25688851 -0.173180804
v 0.0489163734 1.23827648 -0.183310539
v 0.0628914014 1.23919404 -0.179250449
v 0.0768648535 1.24019444 -0.173854604
v 0.0475961417 1.22212923 -0.184106737
v 0.0611812584 1.22283542 -0.180180222
v 0.0747720152 1.22362733 -0.174798608
v 0.0456371307 1.19018817 -0.185630426
v 0.0583372973 1.19055367 -0.18212834
v 0.070943892 1.1909461 -0.17695573
v 0.0448832512 1.17430663 -0.186339244
v 0.0575122833 1.17465854 -0.183013722
v 0.0697107092 1.17492151 -0.177963838
v 0.0441336632 1.15843606 -0.187016115
v 0.0567259789 1.15877986 -0.183869645
v 0.0688533783 1.15904641 -0.17890577
v 0.0425758362 1.12671638 -0.18822585
v 0.055100441 1.12703872 -0.185404345
v 0.0671272278 1.1273005 -0.180652067
v 0.0417461395 1.11086679 -0.188740298
v 0.05423069 1.11117482 -0.186044082
v 0.0662226677 1.11142707 -0.181403384
v 0.0408759117 1.09502959 -0.189188704
v 0.0533127785 1.09532046 -0.186585411
v 0.065279007 1.09556222 -0.182046399
v 0.0390043259 1.06338191 -0.189876303
v 0.0513086319 1.0636375 -0.187338278
v 0.0632343292 1.06385446 -0.182940289
v 0.0380067825 1.04757619 -0.190125749
v 0.0502228737 1.04781175 -0.187558636
v 0.0621256828 1.04801631 -0.183190212
v 0.0369772911 1.03177905 -0.190329596
v 0.0490899086 1.03199887 -0.187703654
v 0.0609560013 1.03218913 -0.183331296
v 0.0348529816 1.00022578 -0.190655932
v 0.0467157364 1.00041223 -0.187838301
v 0.0584421158 1.0005753 -0.183362171
v 0.033768177 0.984498262 -0.190778598
v 0.0454831123 0.98466897 -0.187845036
v 0.0571017265 0.984817266 -0.183271751
v 0.0326676369 0.968837023 -0.190859362
v 0.0442237854 0.968993425 -0.187803492
v 0.0557112694 0.969129801 -0.18311666
v 0.0304317474 0.937823057 -0.190849468
v 0.0416340828 0.937950373 -0.187560067
v 0.0528049469 0.938065767 -0.182622775
v 0.0292983055 0.922465086 -0.190764233
v 0.0403103828 0.922582388 -0.187366351
v 0.051302433 0.922687292 -0.182302818
v 0.0281620026 0.907169104 -0.190644667
v 0.0389771461 0.907274485 -0.187143609
v 0.0497808456 0.907370329 -0.181953892
v -0.118385792 1.27832198 -0.154840812
v -0.119481087 1.29526067 -0.154951617
v -0.120641232 1.3123734 -0.154832229
v -0.105295658 1.27858901 -0.158028528
v -0.106576443 1.29514241 -0.158122703
v -0.107949257 1.31180549 -0.158022806
v -0.0915718079 1.2787745 -0.16063045
v -0.0929503441 1.29487967 -0.160745308
v -0.0944471359 1.31102586 -0.160706088
v -0.123048306 1.34684634 -0.153486118
v -0.124243736 1.36410689 -0.151855692
v -0.12539959 1.38134027 -0.149184272
v -0.110737801 1.34528422 -0.156926438
v -0.112070084 1.36205935 -0.155555949
v -0.11332798 1.37886119 -0.153239951
v -0.0974802971 1.34339499 -0.159938022
v -0.0989141464 1.35963559 -0.15886353
v -0.100259304 1.37595391 -0.156945094
v -0.127467632 1.41553235 -0.139502749
v -0.128164768 1.43195271 -0.132006153
v -0.12839222 1.44726586 -0.122493848
v -0.115520477 1.41248679 -0.144582912
v -0.11631155 1.428828 -0.137827858
v -0.116746426 1.44423747 -0.129300043
v -0.10257864 1.4088695 -0.14942573
v -0.103474617 1.42505288 -0.143486843
v -0.104128838 1.44049001 -0.136030003
v -0.126698494 1.47261214 -0.0968209952
v -0.124513626 1.48216367 -0.0809956044
v -0.121345043 1.48964047 -0.0641936511
v -0.11608839 1.47039485 -0.106686339
v -0.114880562 1.4806335 -0.0934869498
v -0.113114834 1.4889195 -0.0805165023
v -0.104501247 1.46739316 -0.116591081
v -0.104157448 1.47829556 -0.105637059
v -0.103448868 1.487324 -0.0952491611
v -0.0631642342 1.27932763 -0.165300772
v -0.0644621849 1.29470563 -0.16529052
v -0.0659074783 1.31001639 -0.165193126
v -0.0487880707 1.27979589 -0.167804763
v -0.0499277115 1.29497075 -0.167615578
v -0.0512218475 1.31004548 -0.167359278
v -0.0343899727 1.28037715 -0.170591697
v -0.0353288651 1.295439 -0.170195922
v -0.0364208221 1.31038451 -0.169742748
v -0.0688915253 1.34059596 -0.164647982
v -0.0703077316 1.35595059 -0.163925037
v -0.0716323853 1.37141204 -0.162566885
v -0.0539212227 1.3401134 -0.166606888
v -0.0552067757 1.3551991 -0.165873274
v -0.0564084053 1.37037349 -0.164599106
v -0.0387291908 1.34016109 -0.168659195
v -0.039829731 1.35509086 -0.167820916
v -0.0408554077 1.37009454 -0.166512117
v -0.0739059448 1.40277886 -0.156947777
v -0.0748462677 1.41840959 -0.152442679
v -0.0756807327 1.43359685 -0.146810219
v -0.0584573746 1.40109468 -0.159522697
v -0.059296608 1.41642261 -0.155482337
v -0.0600395203 1.43139911 -0.150426075
v -0.0425724983 1.40041852 -0.161647126
v -0.0432462692 1.41555142 -0.157849416
v -0.043806076 1.43037963 -0.153096363
v -0.0770864487 1.46135163 -0.132351682
v -0.0775895119 1.47327304 -0.124292955
v -0.0778479576 1.48345542 -0.116644904
v -0.0613012314 1.45923638 -0.137371942
v -0.061773777 1.47143626 -0.130053148
v -0.0620560646 1.48195624 -0.123076066
v -0.0446195602 1.45818973 -0.140733108
v -0.0448622704 1.47050357 -0.133753642
v -0.0449728966 1.48117423 -0.127083823
v -0.00578260422 1.2818315 -0.177351519
v -0.00629234314 1.29687715 -0.176625654
v -0.00693845749 1.31179976 -0.175826415
v 0.00834228843 1.28269231 -0.180694327
v 0.00805897452 1.29784453 -0.179903775
v 0.00763368187 1.31287968 -0.179024726
v 0.022657698 1.28377914 -0.182978153
v 0.0226151086 1.29915214 -0.182210743
v 0.0223746598 1.31441391 -0.181355774
v -0.00834956579 1.34152472 -0.174012095
v -0.00900937524 1.35645628 -0.172800586
v -0.00959923491 1.37151897 -0.171123147
v 0.00681884959 1.34291673 -0.176892459
v 0.0063676117 1.35800958 -0.175469354
v 0.00596070848 1.3732785 -0.173523426
v 0.0220482461 1.34502208 -0.179074928
v 0.0217337161 1.36037624 -0.177485034
v 0.0214372613 1.3759253 -0.175276905
v -0.0104430718 1.40223873 -0.165572584
v -0.0106446976 1.41764879 -0.161454722
v -0.0106730461 1.4327004 -0.156385049
v 0.00551418029 1.40467823 -0.167176843
v 0.00554105779 1.4204942 -0.162530601
v 0.00575849321 1.43584955 -0.156885862
v 0.0212585106 1.40806115 -0.167989284
v 0.021432301 1.42425072 -0.162667364
v 0.0218013842 1.43985009 -0.156242773
v -0.0101428032 1.46047664 -0.143365726
v -0.00966787338 1.47252727 -0.136076733
v -0.00918912888 1.4828651 -0.129157111
v 0.00689523155 1.46357083 -0.142637774
v 0.00768840685 1.47530937 -0.134707481
v 0.00841929298 1.48523533 -0.127248868
v 0.0233101062 1.46741688 -0.140130177
v 0.0242707171 1.47878647 -0.131213397
v 0.0251108315 1.48824096 -0.12289039
v 0.0517921671 1.28689241 -0.181600109
v 0.0520091504 1.30302835 -0.181291908
v 0.0518880337 1.31909847 -0.18094191
v 0.0663540214 1.28877389 -0.177922741
v 0.0665430874 1.30536509 -0.178016916
v 0.06630411 1.32192016 -0.178114071
v 0.0807106793 1.29062688 -0.17315343
v 0.0807349235 1.30760336 -0.173692644
v 0.0802332163 1.32457149 -0.17427516
v 0.0519100279 1.35156608 -0.179199457
v 0.0515705235 1.36769736 -0.177578986
v 0.0512007624 1.38386679 -0.175065443
v 0.066132158 1.35547876 -0.177015409
v 0.065615885 1.37203944 -0.175549775
v 0.0650690421 1.38847983 -0.17304419
v 0.07959795 1.35906863 -0.173923403
v 0.0788263902 1.37600148 -0.172691405
v 0.0780537501 1.39265692 -0.170289025
v 0.0510604382 1.41677797 -0.166022271
v 0.0512077287 1.43296003 -0.159255087
v 0.0515265539 1.44829416 -0.150957927
v 0.0647475719 1.42133391 -0.16337502
v 0.0647754818 1.43711591 -0.15597406
v 0.0649477839 1.4519428 -0.146755278
v 0.07751178 1.42532623 -0.16021663
v 0.077421695 1.44064295 -0.152317405
v 0.0774536133 1.45490432 -0.142315164
v 0.052775953 1.47490096 -0.129464656
v 0.05344446 1.48549163 -0.117489435
v 0.0539077409 1.49406326 -0.106316097
v 0.0656797662 1.477736 -0.122142941
v 0.0659564286 1.48792171 -0.108011201
v 0.0659682006 1.49606717 -0.094378978
v 0.0776536688 1.47981465 -0.114772111
v 0.0775264129 1.48956525 -0.0981479883
v 0.0770787522 1.49708378 -0.0810263753
v -0.18243432 1.24704599 -0.00308129191
v -0.181530565 1.25284028 0.012365479
v -0.181816071 1.2563014 0.0271670371
v -0.186610907 1.23658311 0.000348314643
v -0.185826138 1.24025154 0.0150788799
v -0.186797887 1.24406862 0.0294958353
v -0.190695167 1.22429836 0.00557781756
v -0.190279067 1.22751367 0.0199263766
v -0.191907346 1.23190093 0.033999078
v -0.201162696 1.20274031 0.0158256218
v -0.20076403 1.20340884 0.0309336782
v -0.203771591 1.21011221 0.0443982631
v -0.207752287 1.19327927 0.020046629
v -0.20773077 1.19455576 0.035233967
v -0.210837185 1.20062244 0.0489067659
v -0.214389563 1.18149948 0.0244016126
v -0.215327978 1.18562114 0.0390764177
v -0.218456328 1.19116306 0.0529794246
v -0.231444597 1.16435778 0.030020602
v -0.232427895 1.16799343 0.0451319516
v -0.23535502 1.1726321 0.0594670922
v -0.240851998 1.15596461 0.0321695507
v -0.241776049 1.15937972 0.047422044
v -0.244501531 1.16359282 0.0619385019
v -0.250618398 1.14764965 0.0340465531
v -0.251454771 1.15085387 0.0494097546
v -0.253928661 1.15464926 0.0640935898
v -0.190627664 1.27625537 0.0484006144
v -0.197681099 1.28770089 0.0554762594
v -0.205742836 1.29677868 0.060852319
v -0.196557045 1.26440501 0.0511003025
v -0.203508973 1.27276337 0.0590922758
v -0.211969554 1.28477752 0.0641204268
v -0.202076018 1.24963772 0.0562105216
v -0.209617257 1.26083434 0.0636763722
v -0.21812284 1.27208328 0.068823874
v -0.214990377 1.22724438 0.0666915029
v -0.222498834 1.23680604 0.0745571256
v -0.230936527 1.24648631 0.0798270702
v -0.222034693 1.21628523 0.0717307106
v -0.229447186 1.22511113 0.0798742622
v -0.237783313 1.2340306 0.0852690861
v -0.229478121 1.20550072 0.0764025301
v -0.236739755 1.21361315 0.0848622024
v -0.244924903 1.22177649 0.090430975
v -0.245541096 1.18445504 0.0841202661
v -0.252314329 1.19111097 0.0932760015
v -0.260064185 1.19770908 0.0993283987
v -0.254058897 1.17414975 0.087186642
v -0.260508955 1.18004072 0.0967046991
v -0.267984033 1.18582225 0.103057526
v -0.262775123 1.16393161 0.0899274722
v -0.26886791 1.16904235 0.0998123884
v -0.276047111 1.1739949 0.106486097
v -0.223762572 1.32069302 0.0644195378
v -0.232926071 1.33135593 0.0630472898
v -0.242089272 1.34078324 0.0591259412
v -0.230328083 1.30749512 0.0676880181
v -0.239757955 1.31761408 0.0659998059
v -0.249236703 1.32653224 0.0616536513
v -0.236712158 1.29338241 0.0719193816
v -0.246370554 1.30283284 0.0696559325
v -0.256135225 1.31113434 0.0646471977
v -0.249651194 1.26460636 0.081488058
v -0.259566426 1.27246928 0.0777582154
v -0.269686401 1.27929235 0.071190767
v -0.256406307 1.250489 0.0862688348
v -0.26635325 1.25748694 0.0818217173
v -0.276538014 1.26349914 0.0745242536
v -0.263388216 1.23655105 0.0909010842
v -0.273332059 1.24266958 0.0858225152
v -0.283535242 1.24785256 0.0778928399
v -0.278084636 1.20909786 0.0993727222
v -0.288011134 1.21350527 0.0934849828
v -0.298222303 1.21708858 0.084737666
v -0.285754919 1.19552386 0.103202544
v -0.295684516 1.19911706 0.0971423388
v -0.305911303 1.20194447 0.0882077962
v -0.293554604 1.1820122 0.106863372
v -0.303495467 1.18480754 0.100726694
v -0.313741744 1.18689883 0.0916982591
v -0.260089755 1.35479617 0.0423576534
v -0.268352568 1.35886884 0.0296155363
v -0.275465846 1.36066651 0.0145344585
v -0.26795125 1.33966172 0.0440306589
v -0.276521087 1.34337842 0.0309977531
v -0.283813834 1.34490383 0.0157920867
v -0.275532782 1.32326472 0.0458809473
v -0.28441 1.32662511 0.0325179026
v -0.291884005 1.32790029 0.0171959847
v -0.289965868 1.28913844 0.0502773076
v -0.29923743 1.29177523 0.0366026349
v -0.306943297 1.29260409 0.0214270055
v -0.296958923 1.27210283 0.0528597347
v -0.306278646 1.27436697 0.0392739177
v -0.313994944 1.2749877 0.024397783
v -0.303960264 1.25518858 0.0556915775
v -0.313241839 1.25707233 0.0422957987
v -0.320899367 1.25748587 0.0277998596
v -0.318426549 1.22192347 0.0620536916
v -0.327439368 1.22301805 0.0491464511
v -0.334775925 1.2229743 0.0354315005
v -0.32595253 1.20556808 0.0655214041
v -0.334761381 1.20625377 0.0528567955
v -0.341856122 1.20595908 0.0394924618
v -0.3336007 1.18932796 0.0691036284
v -0.342177987 1.18960023 0.0566804297
v -0.348996758 1.18904328 0.0436490998
v -0.284275174 1.3566041 -0.0206573382
v -0.285448253 1.3509109 -0.0389206707
v -0.284420907 1.34327531 -0.0558327883
v -0.292315304 1.34061778 -0.0189657882
v -0.293031096 1.33499396 -0.0367675573
v -0.291486263 1.32755232 -0.0532434732
v -0.30010891 1.32345271 -0.0170373172
v -0.300399244 1.31792808 -0.0343315899
v -0.298365414 1.31070769 -0.0503512919
v -0.314779162 1.28808045 -0.0113754347
v -0.314495802 1.28290105 -0.0277121812
v -0.311820567 1.27626812 -0.0429650247
v -0.321688592 1.27052784 -0.00752084702
v -0.321267545 1.2655983 -0.0234438851
v -0.318449974 1.25932682 -0.0384133607
v -0.328420281 1.25311637 -0.00318910182
v -0.327905238 1.24845982 -0.0187252313
v -0.325003564 1.24258161 -0.0334441215
v -0.341683745 1.2187469 0.00624192506
v -0.340930402 1.21464503 -0.00854660571
v -0.337850094 1.20957255 -0.0227680206
v -0.348302484 1.20175898 0.0111336187
v -0.347370386 1.19792461 -0.0032793209
v -0.34415555 1.1932497 -0.0172287449
v -0.354917765 1.18485093 0.0160927624
v -0.353783011 1.18127978 0.0020550862
v -0.350412548 1.17700207 -0.0116115883
v -0.275802672 1.32378101 -0.0803209543
v -0.268678963 1.31270862 -0.0867269039
v -0.260293067 1.30126035 -0.0894416273
v -0.282041192 1.30883074 -0.0774852037
v -0.274680674 1.298334 -0.0840628147
v -0.266131401 1.28759348 -0.0869352818
v -0.288184404 1.29280353 -0.0744601488
v -0.280644774 1.28289747 -0.0813503861
v -0.2719993 1.27285945 -0.084569931
v -0.300711811 1.26017964 -0.0671167225
v -0.292966366 1.2514627 -0.0748176873
v -0.284208179 1.24276257 -0.0790364742
v -0.307155013 1.24424005 -0.0626950562
v -0.299366951 1.23611736 -0.0708113313
v -0.290565252 1.22804606 -0.0755848289
v -0.313620985 1.22853267 -0.0578689426
v -0.305817187 1.22100818 -0.0663845241
v -0.296987951 1.2135545 -0.0717106462
v -0.326315224 1.19765162 -0.0473398566
v -0.318515837 1.19134438 -0.0565392226
v -0.309703708 1.1851505 -0.0628651977
v -0.33249563 1.1823976 -0.0417800844
v -0.324705422 1.17671144 -0.051258564
v -0.315937698 1.17116487 -0.058021456
v -0.338606179 1.16722095 -0.0361038446
v -0.330825269 1.16215825 -0.0458343625
v -0.322119117 1.15726745 -0.0530059636
v -0.241601765 1.27871203 -0.0847587883
v -0.231932819 1.26795995 -0.0783230364
v -0.222273827 1.2575351 -0.0701276362
v -0.247171581 1.26681876 -0.0818862915
v -0.237320364 1.25711548 -0.0748778284
v -0.227400184 1.24781847 -0.0659896135
v -0.252950311 1.25380516 -0.0796529949
v -0.24303472 1.2451036 -0.0723303705
v -0.232992411 1.23689246 -0.0629681051
v -0.264949799 1.22672844 -0.0756264925
v -0.254883051 1.2197082 -0.068523705
v -0.244663954 1.21332753 -0.0589932203
v -0.271109819 1.21330583 -0.0733716339
v -0.260906041 1.20696008 -0.0667444915
v -0.250583649 1.20130646 -0.0574926138
v -0.277355611 1.20003951 -0.0708346963
v -0.267037034 1.19430733 -0.0648268461
v -0.25665462 1.18931162 -0.056009084
v -0.290045023 1.17410505 -0.0646337569
v -0.279754281 1.16959119 -0.059978053
v -0.269557714 1.16587234 -0.052251026
v -0.296460509 1.16141498 -0.0610010624
v -0.286333144 1.15754426 -0.057003215
v -0.276394427 1.15448308 -0.049859345
v -0.302904785 1.14883804 -0.0571478754
v -0.293002427 1.14562595 -0.0537999868
v -0.283391178 1.14323115 -0.0472490191
v -0.203989029 1.24252737 -0.0516872182
v -0.195793837 1.23673952 -0.0415712968
v -0.187872887 1.22919691 -0.0296066999
v -0.208160222 1.23329437 -0.0461616442
v -0.199231505 1.22551453 -0.0353552252
v -0.191967934 1.2225976 -0.0240303352
v -0.212970853 1.22185385 -0.0417094529
v -0.203809083 1.21584547 -0.0305152833
v -0.19701165 1.21651578 -0.0194308534
v -0.224275351 1.20243609 -0.0362208635
v -0.21500653 1.19844484 -0.0238860995
v -0.207384408 1.19612968 -0.0109364837
v -0.230258524 1.19212747 -0.0343708843
v -0.221164167 1.18900585 -0.0214698762
v -0.213764012 1.187379 -0.0078747645
v -0.236589372 1.18168736 -0.0328076184
v -0.227802157 1.17936325 -0.019425422
v -0.220742464 1.17838764 -0.00524224341
v -0.250701785 1.16113484 -0.0296498835
v -0.24285239 1.16026413 -0.0157903731
v -0.236714005 1.16047239 -0.000894248486
v -0.258454442 1.15115416 -0.0278685242
v -0.251191914 1.15095997 -0.0140204579
v -0.245592415 1.15171599 0.000976264477
v -0.26649344 1.14130008 -0.0259971693
v -0.25986439 1.14176404 -0.0122653693
v -0.2548334 1.14304733 0.00272523612
v 0.190921992 1.29184794 -0.0636023954
v 0.191339791 1.30032253 -0.0791061372
v 0.193507507 1.31140971 -0.0922008008
v 0.19665198 1.28917384 -0.0618723594
v 0.197656691 1.29603636 -0.0768488199
v 0.200018257 1.30559015 -0.0906060562
v 0.203769505 1.2850585 -0.0612285212
v 0.205212459 1.29084694 -0.0762133226
v 0.208153978 1.29928613 -0.0903632715
v 0.221609116 1.27436507 -0.0619409569
v 0.223426968 1.27882135 -0.0774767399
v 0.22669512 1.28550637 -0.092439279
v 0.231839716 1.26850295 -0.0631062835
v 0.233593911 1.27243674 -0.0788008496
v 0.23658374 1.27837205 -0.094021298
v 0.242455065 1.26252854 -0.0646832138
v 0.244041622 1.26598275 -0.0804404169
v 0.246650144 1.27122343 -0.0957699865
v 0.263966471 1.25100255 -0.0682996288
v 0.26480183 1.25335717 -0.0841033831
v 0.267150551 1.25744689 -0.0990597159
v 0.274616092 1.24554682 -0.0701453388
v 0.275271773 1.24739873 -0.0857769623
v 0.277478814 1.25088084 -0.100487351
v 0.285340488 1.2402699 -0.0719267726
v 0.285820365 1.2416091 -0.0873564184
v 0.287882656 1.24446797 -0.101799637
v 0.198231235 1.33679438 -0.114776254
v 0.200529233 1.35033715 -0.123989664
v 0.202788278 1.36415792 -0.131177947
v 0.206123307 1.32901883 -0.114523463
v 0.209321186 1.34186947 -0.124101989
v 0.21232456 1.35505831 -0.131573603
v 0.215125725 1.32064569 -0.115435265
v 0.218597382 1.33257866 -0.125436589
v 0.222345337 1.34514248 -0.132893518
v 0.234464943 1.30328739 -0.118600503
v 0.238596231 1.31369925 -0.128575444
v 0.243124574 1.32487822 -0.135756537
v 0.244414359 1.29470849 -0.120106161
v 0.249025851 1.30457497 -0.129710048
v 0.253799915 1.31508768 -0.136610284
v 0.254696071 1.28635991 -0.121361941
v 0.259430438 1.29556775 -0.13064906
v 0.264638484 1.30553758 -0.137103319
v 0.275245756 1.27009046 -0.123394862
v 0.280559838 1.27815986 -0.13177979
v 0.28651914 1.28700507 -0.137332067
v 0.285647869 1.26224267 -0.124108076
v 0.291201264 1.26969981 -0.132066697
v 0.297484189 1.27794242 -0.137200311
v 0.296099991 1.25451207 -0.124698192
v 0.301870942 1.26133728 -0.1322418
v 0.308456272 1.26896048 -0.136970639
v 0.208914176 1.39251792 -0.136383191
v 0.212442949 1.40627062 -0.133786604
v 0.21613732 1.41913092 -0.127319634
v 0.219478071 1.3822484 -0.137143224
v 0.223342448 1.39544439 -0.134711638
v 0.227325216 1.40779674 -0.128528625
v 0.230215311 1.370929 -0.138500407
v 0.23472169 1.38370562 -0.135816976
v 0.23910296 1.39560354 -0.129622415
v 0.252911657 1.34822655 -0.140319973
v 0.258184016 1.35980034 -0.137303993
v 0.263373584 1.37070537 -0.130935565
v 0.264531612 1.33730614 -0.140509933
v 0.270221055 1.34831965 -0.137303799
v 0.275771171 1.35869443 -0.130870506
v 0.276268095 1.32664561 -0.140306622
v 0.28235504 1.33709431 -0.136922091
v 0.288246959 1.34692574 -0.130433008
v 0.299775481 1.30581939 -0.139166862
v 0.306609124 1.31511617 -0.135428622
v 0.313165665 1.32384551 -0.128816336
v 0.311473429 1.29555154 -0.138384581
v 0.31866467 1.30426002 -0.134465098
v 0.325554252 1.31243992 -0.127777815
v 0.323147863 1.28533983 -0.137519106
v 0.330689013 1.29345596 -0.133415878
v 0.337911129 1.3010869 -0.126648158
v 0.222701222 1.43952489 -0.10296756
v 0.22547546 1.44644904 -0.0858106911
v 0.227569044 1.45049942 -0.0673604012
v 0.234691679 1.42787254 -0.104811892
v 0.237630293 1.43463886 -0.0884492695
v 0.239880517 1.43877959 -0.0705179125
v 0.247045577 1.41504276 -0.106655017
v 0.250203609 1.42172945 -0.0908708572
v 0.252584249 1.42592216 -0.0734574124
v 0.272476554 1.38868797 -0.108873889
v 0.275950253 1.39497375 -0.0940332562
v 0.278468937 1.39900255 -0.0775426626
v 0.285356849 1.3757869 -0.109133303
v 0.28893882 1.3817513 -0.0946388543
v 0.291475981 1.3855691 -0.0785418153
v 0.298292756 1.36307478 -0.108960837
v 0.301978201 1.36868167 -0.0947619379
v 0.304529697 1.3722471 -0.0790318996
v 0.324194551 1.33812273 -0.107782453
v 0.328155071 1.34303987 -0.09411937
v 0.330816984 1.34612906 -0.0790986717
v 0.337127507 1.32582402 -0.106941894
v 0.341274649 1.33043468 -0.0935438722
v 0.344042897 1.33332825 -0.0788814798
v 0.350053251 1.31359816 -0.106003746
v 0.35440594 1.31791806 -0.0928712487
v 0.357303977 1.32063377 -0.0785672292
v 0.229353398 1.44908631 -0.0312064961
v 0.22891517 1.44360912 -0.0156032667
v 0.22778897 1.43570018 -0.00196705759
v 0.241676897 1.43792522 -0.0344995409
v 0.241176456 1.43300176 -0.0182228312
v 0.239889503 1.42560232 -0.00400097296
v 0.254366279 1.42554331 -0.0375756919
v 0.253742546 1.42102432 -0.020866476
v 0.252289474 1.41411638 -0.00604256988
v 0.280001938 1.39907634 -0.0424102545
v 0.2790564 1.39517391 -0.0253416672
v 0.277230173 1.38912344 -0.00976775959
v 0.292785615 1.38561881 -0.0440900177
v 0.291634768 1.38192439 -0.0271830633
v 0.289590299 1.37623131 -0.011569079
v 0.305604666 1.37219465 -0.0453935042
v 0.304240286 1.36867476 -0.0287993252
v 0.301967114 1.36331081 -0.0133054741
v 0.33156091 1.34590387 -0.0472525954
v 0.329809189 1.342731 -0.0314891785
v 0.327088416 1.33800983 -0.0164929405
v 0.344715893 1.33309042 -0.0479508862
v 0.34280023 1.33011138 -0.0326331481
v 0.339868724 1.32571793 -0.0179468915
v 0.357945621 1.32041228 -0.0485602617
v 0.35588026 1.31763875 -0.0336974412
v 0.352742136 1.31358075 -0.0193425119
v 0.223732695 1.41409457 0.0169340149
v 0.22077994 1.40101635 0.0216004048
v 0.217645213 1.38722932 0.024424063
v 0.235346496 1.4049542 0.0156088825
v 0.232350081 1.39257002 0.0209456086
v 0.228997186 1.37928867 0.0238241851
v 0.247479111 1.39473009 0.0149789285
v 0.244343281 1.38298953 0.0207816772
v 0.24067305 1.37022269 0.0236561503
v 0.27175808 1.37210298 0.0135392081
v 0.268351614 1.36177874 0.020550698
v 0.264544368 1.35059869 0.024619557
v 0.283778667 1.36036432 0.0126278661
v 0.280260593 1.35078943 0.0203493629
v 0.27634269 1.34040773 0.0250532106
v 0.295798898 1.34857452 0.011588078
v 0.292159498 1.33975279 0.0200073309
v 0.288124949 1.3301847 0.0253615994
v 0.320108086 1.32545197 0.00919785723
v 0.316138059 1.31808758 0.0187264904
v 0.311783463 1.31011534 0.0251543485
v 0.332434446 1.31421602 0.00788627565
v 0.328251064 1.30754387 0.0177977197
v 0.32368046 1.30034161 0.0246099122
v 0.344835699 1.30311441 0.00652802736
v 0.340411305 1.2971251 0.0167517699
v 0.335607171 1.29067791 0.023881115
v 0.210108101 1.35807967 0.0237177853
v 0.20648858 1.34384453 0.0212072805
v 0.20261693 1.33008003 0.0159867294
v 0.221126631 1.35119629 0.0230865665
v 0.216889963 1.33728349 0.0198447052
v 0.21226956 1.3239007 0.0139722079
v 0.232629493 1.34349453 0.0232409518
v 0.22789222 1.33004248 0.0194736756
v 0.223087117 1.31736457 0.013638109
v 0.255837739 1.32674479 0.0245599467
v 0.250798613 1.31470811 0.0204852913
v 0.245702893 1.303473 0.0143253654
v 0.267306089 1.31810951 0.0252952278
v 0.26224032 1.30689609 0.0210942328
v 0.256878585 1.29628539 0.0143975765
v 0.278763533 1.30949593 0.0259392709
v 0.273480386 1.29900944 0.021361962
v 0.267894566 1.28905177 0.0141201261
v 0.301673472 1.29270613 0.0262532644
v 0.295980573 1.28375959 0.0209969655
v 0.290020734 1.27519166 0.01278653
v 0.313136667 1.28457475 0.0258537699
v 0.307237655 1.27643335 0.020306468
v 0.301105618 1.26860321 0.0117016993
v 0.324600905 1.2765547 0.0252198167
v 0.318497062 1.26922989 0.0194013827
v 0.312199742 1.26215577 0.0104414634
v 0.195665449 1.30611992 -0.00235208869
v 0.193281591 1.29683483 -0.0151330791
v 0.192009419 1.29010129 -0.0298892967
v 0.204241052 1.30143845 -0.00425835326
v 0.200767815 1.29311502 -0.016971942
v 0.198382944 1.28769779 -0.0311283395
v 0.213623524 1.29620016 -0.00484561548
v 0.209408045 1.28869867 -0.0172346309
v 0.206021354 1.28394878 -0.0311567225
v 0.234430403 1.28474057 -0.00494808331
v 0.229201287 1.27826679 -0.0172921829
v 0.224613622 1.27404225 -0.0313708335
v 0.245359659 1.27872646 -0.00546555966
v 0.239800096 1.27256322 -0.0181133151
v 0.235242099 1.26860332 -0.0321570672
v 0.256205052 1.27259862 -0.00653474405
v 0.250549287 1.26675057 -0.0194471814
v 0.246178821 1.26303911 -0.0334672742
v 0.277876735 1.26082993 -0.00960319117
v 0.272345811 1.25567639 -0.0228500739
v 0.26785621 1.25218284 -0.0371892303
v 0.288795561 1.25535953 -0.0113464147
v 0.283248961 1.2505213 -0.024757266
v 0.278734237 1.2471503 -0.0391578823
v 0.299745291 1.2500633 -0.0131760389
v 0.294194877 1.24555182 -0.0267067999
v 0.289669186 1.24230576 -0.0411315039
v -0.00896167755 1.50819039 -0.110462412
v 0.00776149612 1.50926852 -0.108096026
v 0.0232744329 1.51058686 -0.102853276
v -0.00863409042 1.504071 -0.113925859
v 0.00869240519 1.50535119 -0.111413263
v 0.0248251166 1.50699878 -0.105939925
v -0.0085606575 1.50122476 -0.116052076
v 0.0090088062 1.50265813 -0.113502763
v 0.0254122913 1.50452375 -0.108007438
v -0.00860404968 1.49710536 -0.119026467
v 0.00911809132 1.49875832 -0.116530664
v 0.0257234983 1.50091302 -0.111165069
v 0.0483045131 1.51234937 -0.0832844898
v 0.0569307916 1.51214576 -0.0693526044
v 0.0627044514 1.51063299 -0.0537854172
v 0.0512045585 1.50970578 -0.0856619328
v 0.0605284013 1.50999165 -0.0712552294
v 0.0668836683 1.50895238 -0.0550078228
v 0.0524810851 1.50784266 -0.0876850933
v 0.0623696148 1.50842369 -0.0731784701
v 0.0694115534 1.50775909 -0.0564200506
v 0.0534373485 1.50502038 -0.0911863148
v 0.0641651526 1.50589883 -0.0768414959
v 0.0725216791 1.50582266 -0.0592591017
v 0.0646391958 1.50313997 -0.0199162923
v 0.0609892979 1.4971118 -0.0037481375
v 0.0545892268 1.4903264 0.0107207894
v 0.0691675171 1.50194216 -0.0193187743
v 0.0652488768 1.49587369 -0.00220278604
v 0.0584142432 1.48889494 0.0129954871
v 0.071997188 1.50098228 -0.0190183707
v 0.0676365793 1.49478245 -0.00108707557
v 0.0604271628 1.48765373 0.0145377908
v 0.0755963326 1.49921727 -0.0178980269
v 0.0702193379 1.49275327 0.00121114636
v 0.0623989776 1.48545718 0.0171260722
v 0.0345161855 1.47780275 0.0331188962
v 0.0216084383 1.47332978 0.0410629511
v 0.00743913651 1.47043967 0.0469619185
v 0.0371402837 1.47580767 0.036124818
v 0.0235368256 1.47108352 0.0441813618
v 0.008644104 1.46802735 0.0501700789
v 0.0385155268 1.4743067 0.0378994569
v 0.0245717745 1.46948779 0.0460035838
v 0.00933122635 1.4663527 0.0520025045
v 0.0398201309 1.47200501 0.0403078757
v 0.0255870167 1.46720099 0.0484479368
v 0.0100679398 1.46400666 0.0543152839
v -0.0227913857 1.46963668 0.0507311374
v -0.0379524231 1.47174907 0.0484161526
v -0.0525565147 1.47528529 0.0432375222
v -0.023065567 1.4671762 0.0541269332
v -0.0389661789 1.46940541 0.0518945009
v -0.0543093681 1.47309995 0.0466818362
v -0.0230865479 1.46547389 0.0560680181
v -0.0393424034 1.46773934 0.0539059192
v -0.055044651 1.47148728 0.0487240106
v -0.0228848457 1.46309257 0.0584817678
v -0.0394096375 1.46534562 0.0564498454
v -0.0553870201 1.46907449 0.0514180809
v -0.07833004 1.48573327 0.0241915733
v -0.0885257721 1.49177527 0.0107976943
v -0.0962209702 1.49750733 -0.0045171231
v -0.0815429688 1.48381305 0.0268839151
v -0.0923995972 1.48990083 0.0127372891
v -0.100613117 1.49558806 -0.0035058707
v -0.0830283165 1.48229289 0.0287071615
v -0.0944037437 1.48843074 0.0141505748
v -0.103289127 1.49417615 -0.00281254947
v -0.0840272903 1.47981954 0.031600073
v -0.0961432457 1.48598361 0.0167690068
v -0.106387138 1.49185872 -0.0011523813
v -0.102083683 1.50555158 -0.0387343019
v -0.0998225212 1.50750089 -0.056038782
v -0.0942058563 1.50840449 -0.0720668286
v -0.106554031 1.50313783 -0.0397556275
v -0.10384798 1.5046699 -0.0579784364
v -0.0976376534 1.50513768 -0.0747490972
v -0.109374046 1.50146365 -0.0409169048
v -0.106089115 1.50266767 -0.059870705
v -0.0993647575 1.50281262 -0.0769916624
v -0.11298418 1.49895835 -0.0433149189
v -0.108514309 1.49969125 -0.0633535832
v -0.100985527 1.49938846 -0.0807006806
v -0.0734305382 1.50825715 -0.0962149352
v -0.059109211 1.50778937 -0.103595957
v -0.0431046486 1.507447 -0.108221754
v -0.0755634308 1.50430751 -0.0997292846
v -0.0606098175 1.50365424 -0.107230112
v -0.0439896584 1.50322366 -0.11185132
v -0.0765385628 1.5015161 -0.102067396
v -0.0612864494 1.50074172 -0.109527573
v -0.044397831 1.50026631 -0.114085898
v -0.0773124695 1.49745822 -0.105389163
v -0.0618052483 1.49651933 -0.112683877
v -0.0447273254 1.49597669 -0.117126152
v -0.0682721138 1.29646945 0.13404496
v -0.0561928749 1.29792094 0.135851339
v -0.0441741943 1.29917264 0.136847809
v -0.0710554123 1.31247306 0.132753447
v -0.0589771271 1.31399655 0.13448365
v -0.0468406677 1.31527829 0.135358527
v -0.0738949776 1.32834935 0.130564168
v -0.0618224144 1.32993293 0.132258549
v -0.0495648384 1.33123899 0.133078113
v -0.0202703476 1.30123162 0.137737468
v -0.00840377808 1.30204606 0.137749329
v 0.00336122513 1.30268073 0.137188032
v -0.022547245 1.31732106 0.135557905
v -0.0104532242 1.31811929 0.135073617
v 0.00157690048 1.31874728 0.134115353
v -0.024875164 1.33325124 0.132734194
v -0.0125508308 1.33402038 0.131806806
v -0.000257492065 1.3346374 0.130478278
v 0.0264687538 1.30328584 0.133480802
v 0.0378322601 1.30325723 0.130424157
v 0.0491375923 1.30304456 0.126966551
v 0.0253658295 1.31943631 0.130508795
v 0.0371174812 1.31948924 0.127909973
v 0.0487918854 1.31935859 0.124938324
v 0.0241880417 1.33540559 0.126892045
v 0.0363092422 1.33554339 0.124660507
v 0.04835568 1.33551621 0.12212874
v 0.0720272884 1.30241036 0.120482042
v 0.0837445185 1.30223072 0.117722452
v 0.0953512192 1.30208719 0.11452584
v 0.0724527389 1.31903708 0.119321913
v 0.0843321905 1.31890535 0.116564363
v 0.0959213227 1.31865668 0.11322473
v 0.0727391765 1.33552325 0.117281251
v 0.0848472342 1.33550811 0.11466933
v 0.0965999812 1.33532763 0.11155016
v -0.079656601 1.35958409 0.12217094
v -0.067565918 1.36119723 0.123859122
v -0.0550932884 1.36248517 0.124724522
v -0.0825657845 1.3747561 0.115826443
v -0.0704550743 1.37626195 0.117586151
v -0.057890892 1.37743926 0.118595555
v -0.0855083466 1.38941932 0.108303323
v -0.0733790398 1.39066911 0.110258475
v -0.0607390404 1.39157891 0.111558571
v -0.0296669006 1.3643682 0.12394233
v -0.0168967247 1.365062 0.122525528
v -0.00410461426 1.36563611 0.120753601
v -0.0321278572 1.37910485 0.118018642
v -0.0191302299 1.37971663 0.116612151
v -0.00608587265 1.38024116 0.114813104
v -0.0346341133 1.39278102 0.11153926
v -0.0213837624 1.39323258 0.110308245
v -0.0080537796 1.39366269 0.10860236
v 0.0215110779 1.36653495 0.117082492
v 0.0342617035 1.36683345 0.115194514
v 0.0469815657 1.36706066 0.113234103
v 0.0200777054 1.38119054 0.111069575
v 0.0330953598 1.3815825 0.109138742
v 0.0460796282 1.3819598 0.107194073
v 0.0186953545 1.39465404 0.10477145
v 0.0319843851 1.39517868 0.102670938
v 0.0451955758 1.39575756 0.100530013
v 0.0724136233 1.36760139 0.109122425
v 0.0848176032 1.36775041 0.106611811
v 0.0967346951 1.36762619 0.103741847
v 0.0718447417 1.3828305 0.102983989
v 0.0843170807 1.38312173 0.100409329
v 0.0962575078 1.3831048 0.0975740552
v 0.0711589903 1.39714563 0.0958030969
v 0.0836165696 1.39769888 0.0929861888
v 0.095501855 1.39791107 0.0900176466
vt 0.122436002 0.0282589998 0
vt 0.121926002 0.0393749997 0
vt 0.113146998 0.0394430012 0
vt 0.113583997 0.0283320006 0
vt 0.121505 0.0504910015 0
vt 0.112737 0.0505530015 0
vt 0.104188003 0.0395109989 0
vt 0.104611002 0.0284059998 0
vt 0.103767 0.0506150015 0
vt 0.130958006 0.0281879995 0
vt 0.130384997 0.0393100008 0
vt 0.129965007 0.0504309982 0
vt 0.129611 0.0615510009 0
vt 0.121132001 0.0616060011 0
vt 0.112342998 0.0616630018 0
vt 0.103347003 0.0617199987 0
vt 0.0942479968 0.0617769994 0
vt 0.0946960002 0.0506779999 0
vt 0.0951440036 0.0395799987 0
vt 0.0955910012 0.0284809992 0
vt 0.0865629986 0.0285560004 0
vt 0.0860870034 0.0396500006 0
vt 0.0770379975 0.0397269987 0
vt 0.0775389969 0.0286359992 0
vt 0.0856100023 0.0507429987 0
vt 0.0765329972 0.0508159995 0
vt 0.068005003 0.0398200005 0
vt 0.0685259998 0.0287260003 0
vt 0.0674730018 0.0509059988 0
vt 0.0851330012 0.0618360005 0
vt 0.0760260001 0.0619029999 0
vt 0.0669350028 0.0619859993 0
vt 0.0578700006 0.0620939992 0
vt 0.0584390014 0.0510220006 0
vt 0.0590009987 0.0399420001 0
vt 0.0595449992 0.0288479999 0
vt 0.0506220013 0.0290259998 0
vt 0.0500349998 0.0401020013 0
vt 0.0410990007 0.0402900018 0
vt 0.0417300016 0.0292349998 0
vt 0.0494379997 0.0511699989 0
vt 0.0404639989 0.0513430014 0
vt 0.0321779996 0.0404950008 0
vt 0.0328489989 0.0294550005 0
vt 0.0315070003 0.0515340008 0
vt 0.0488349982 0.0622319989 0
vt 0.0398249999 0.062394999 0
vt 0.0308340006 0.0625739992 0
vt 0.0218540002 0.0627610013 0
vt 0.0225600004 0.0517329983 0
vt 0.0232660007 0.0407060012 0
vt 0.0239720009 0.0296790004 0
vt 0.120766997 0.0727220029 0
vt 0.120401002 0.0838370025 0
vt 0.111560002 0.0838830024 0
vt 0.111951999 0.0727730021 0
vt 0.120035 0.0949520022 0
vt 0.111167997 0.0949930027 0
vt 0.102507003 0.0839290023 0
vt 0.102927998 0.0728240013 0
vt 0.102086999 0.0950329974 0
vt 0.129267007 0.0726710036 0
vt 0.128923997 0.0837910026 0
vt 0.128580004 0.0949110016 0
vt 0.128236994 0.106031001 0
vt 0.119668998 0.106067002 0
vt 0.110776 0.106103003 0
vt 0.101666003 0.106137998 0
vt 0.0924480036 0.106172003 0
vt 0.0928979963 0.0950729996 0
vt 0.0933490023 0.0839750022 0
vt 0.0937990025 0.0728759989 0
vt 0.0846540034 0.0729290023 0
vt 0.0841739997 0.0840220004 0
vt 0.0750060007 0.0840770006 0
vt 0.0755169988 0.0729900002 0
vt 0.0836929977 0.0951149985 0
vt 0.0744950026 0.095164001 0
vt 0.0658539981 0.0841460004 0
vt 0.0663949996 0.0730660036 0
vt 0.0653119981 0.0952259973 0
vt 0.0832130015 0.106207997 0
vt 0.0739839971 0.106250003 0
vt 0.0647689998 0.106306002 0
vt 0.0555739999 0.106380999 0
vt 0.0561489984 0.0953089967 0
vt 0.0567240007 0.0842380002 0
vt 0.0572969988 0.0731659979 0
vt 0.0482290015 0.0732939988 0
vt 0.0476210006 0.0843560025 0
vt 0.0385410003 0.0844969973 0
vt 0.0391840003 0.0734459981 0
vt 0.0470120013 0.0954179987 0
vt 0.0378969982 0.0955479965 0
vt 0.029476 0.0846519992 0
vt 0.0301559996 0.0736130029 0
vt 0.0287950002 0.0956910029 0
vt 0.0464029983 0.106480002 0
vt 0.0372520015 0.106599003 0
vt 0.0281140003 0.106729999 0
vt 0.0189830009 0.106868997 0
vt 0.0197010003 0.0958419964 0
vt 0.0204189997 0.084815003 0
vt 0.0211360008 0.0737880021 0
vt 0.119303003 0.117183 0
vt 0.118937001 0.128298 0
vt 0.109990999 0.128323004 0
vt 0.110382996 0.117213003 0
vt 0.118570998 0.139412999 0
vt 0.109599002 0.139432997 0
vt 0.100823998 0.128346995 0
vt 0.101245001 0.117242001 0
vt 0.100403003 0.139450997 0
vt 0.127893001 0.117151 0
vt 0.127548993 0.128270999 0
vt 0.127205998 0.139391005 0
vt 0.126862004 0.150510997 0
vt 0.118203998 0.150527999 0
vt 0.109206997 0.150543004 0
vt 0.0999829993 0.150555998 0
vt 0.0906450003 0.150567994 0
vt 0.0910959989 0.139468998 0
vt 0.0915459991 0.128370002 0
vt 0.0919969976 0.117270999 0
vt 0.0827319995 0.117301002 0
vt 0.0822509974 0.128393993 0
vt 0.072962001 0.128424004 0
vt 0.073472999 0.117337003 0
vt 0.0817700028 0.139486998 0
vt 0.0724499971 0.139511004 0
vt 0.0636840016 0.128465995 0
vt 0.0642260015 0.117385998 0
vt 0.0631410033 0.139544994 0
vt 0.0812890008 0.150580004 0
vt 0.071938999 0.150598004 0
vt 0.0625979975 0.150625005 0
vt 0.0532720014 0.150666997 0
vt 0.0538479984 0.139596 0
vt 0.0544230007 0.128524005 0
vt 0.0549979992 0.117453001 0
vt 0.0457930006 0.117541999 0
vt 0.0451840013 0.128603995 0
vt 0.0359620005 0.128701001 0
vt 0.036607001 0.117650002 0
vt 0.0445749983 0.139666006 0
vt 0.035317 0.139752001 0
vt 0.0267520007 0.128809005 0
vt 0.0274330005 0.117770001 0
vt 0.0260710008 0.139847994 0
vt 0.0439650007 0.150728002 0
vt 0.0346730016 0.150803 0
vt 0.0253899992 0.150886998 0
vt 0.016113 0.150977001 0
vt 0.0168299992 0.139950007 0
vt 0.0175480004 0.128922999 0
vt 0.0182659999 0.117895998 0
vt 0.117838003 0.161643997 0
vt 0.117472 0.172758996 0
vt 0.108422004 0.172763005 0
vt 0.108814999 0.161652997 0
vt 0.117105998 0.183873996 0
vt 0.108029999 0.183872998 0
vt 0.0991410017 0.172765002 0
vt 0.0995619968 0.161660001 0
vt 0.0987199992 0.183869004 0
vt 0.126517996 0.161631003 0
vt 0.126175001 0.172750995 0
vt 0.125830993 0.183871001 0
vt 0.125487998 0.194991007 0
vt 0.116740003 0.194988996 0
vt 0.107638001 0.194983006 0
vt 0.0982989967 0.194974005 0
vt 0.0888419971 0.194962993 0
vt 0.0892930031 0.183863997 0
vt 0.0897440016 0.172765002 0
vt 0.0901940018 0.161666006 0
vt 0.0808089972 0.161672994 0
vt 0.0803280026 0.172766 0
vt 0.070915997 0.172772005 0
vt 0.0714270025 0.161685005 0
vt 0.0798470005 0.183859006 0
vt 0.070404999 0.183858007 0
vt 0.0615129992 0.172784999 0
vt 0.0620549992 0.161705002 0
vt 0.0609700009 0.183864996 0
vt 0.0793659985 0.194951996 0
vt 0.0698930025 0.194944993 0
vt 0.0604269989 0.194944993 0
vt 0.0509710014 0.194953993 0
vt 0.0515459999 0.183881998 0
vt 0.0521220006 0.172811002 0
vt 0.0526969992 0.161739007 0
vt 0.0433549993 0.161789998 0
vt 0.042746 0.172850996 0
vt 0.0333830006 0.172904 0
vt 0.0340280011 0.161853001 0
vt 0.0421359986 0.183913007 0
vt 0.0327380002 0.183954999 0
vt 0.0240279995 0.172966003 0
vt 0.0247089993 0.161926001 0
vt 0.0233459994 0.184005007 0
vt 0.0415269993 0.194975004 0
vt 0.0320929997 0.195005998 0
vt 0.0226649996 0.195043996 0
vt 0.0132409995 0.195085004 0
vt 0.0139589999 0.184057996 0
vt 0.0146770002 0.173031002 0
vt 0.0153949996 0.162003994 0
vt 0.116374001 0.206104994 0
vt 0.116007999 0.217219993 0
vt 0.106853001 0.217203006 0
vt 0.107245997 0.206092998 0
vt 0.115642004 0.228334993 0
vt 0.106461003 0.228312999 0
vt 0.0974569991 0.217182994 0
vt 0.0978780016 0.206077993 0
vt 0.0970370024 0.228286996 0
vt 0.125144005 0.206110999 0
vt 0.124799997 0.217231005 0
vt 0.124457002 0.228351995 0
vt 0.124113001 0.239472002 0
vt 0.115276001 0.239449993 0
vt 0.106068999 0.239423007 0
vt 0.0966159999 0.239391997 0
vt 0.0870390013 0.239357993 0
vt 0.0874899998 0.228258997 0
vt 0.0879409984 0.217161 0
vt 0.0883909985 0.206062004 0
vt 0.0788849965 0.206045002 0
vt 0.0784040019 0.217139006 0
vt 0.0688700005 0.217118993 0
vt 0.069381997 0.206031993 0
vt 0.0779239982 0.228231996 0
vt 0.0683590025 0.228205994 0
vt 0.0593420006 0.217104003 0
vt 0.0598840006 0.206025004 0
vt 0.0587989986 0.228184 0
vt 0.0774430037 0.239325002 0
vt 0.067847997 0.239292994 0
vt 0.0582560003 0.239263996 0
vt 0.0486700013 0.239241004 0
vt 0.0492449999 0.228168994 0
vt 0.0498199984 0.217096999 0
vt 0.0503950007 0.206026003 0
vt 0.0409170017 0.206037 0
vt 0.0403079987 0.217098996 0
vt 0.0308030006 0.217107996 0
vt 0.0314479992 0.206056997 0
vt 0.039698001 0.228161007 0
vt 0.0301580001 0.228158996 0
vt 0.0213029999 0.217122003 0
vt 0.0219839998 0.206083 0
vt 0.0206220001 0.228161007 0
vt 0.0390890017 0.239223003 0
vt 0.0295129996 0.239209995 0
vt 0.0199410003 0.239200994 0
vt 0.0103709996 0.239193007 0
vt 0.0110879997 0.228165999 0
vt 0.011806 0.217139006 0
vt 0.0125230001 0.206111997 0
vt 0.114914998 0.250559986 0
vt 0.114588 0.261638999 0
vt 0.105379 0.261581004 0
vt 0.105688997 0.250524998 0
vt 0.114326999 0.272653013 0
vt 0.105209999 0.272543013 0
vt 0.095927 0.261516005 0
vt 0.0962139964 0.250485003 0
vt 0.0958679989 0.272419006 0
vt 0.123769999 0.250588 0
vt 0.123433001 0.261685014 0
vt 0.123107001 0.27274099 0
vt 0.122798003 0.283737004 0
vt 0.114165999 0.283573002 0
vt 0.105253004 0.283365011 0
vt 0.0961529985 0.283131003 0
vt 0.086958997 0.282889009 0
vt 0.0864140019 0.272289991 0
vt 0.0863529965 0.261447996 0
vt 0.086616002 0.250443012 0
vt 0.076996997 0.25040099 0
vt 0.0767600015 0.261379987 0
vt 0.067166999 0.261314988 0
vt 0.0673789978 0.250360996 0
vt 0.0769409984 0.272163987 0
vt 0.0674680024 0.272042006 0
vt 0.0575760007 0.261251986 0
vt 0.0577640012 0.250322998 0
vt 0.057994999 0.271923006 0
vt 0.0777480006 0.282655001 0
vt 0.0685369968 0.282427996 0
vt 0.0593269989 0.282207012 0
vt 0.0501170009 0.281989008 0
vt 0.0485250019 0.271806985 0
vt 0.0479869992 0.261191994 0
vt 0.0481530018 0.25028801 0
vt 0.0385439992 0.250259012 0
vt 0.0383870006 0.261139989 0
vt 0.0286989994 0.261124998 0
vt 0.0289280005 0.250238001 0
vt 0.0390129983 0.271708995 0
vt 0.0292429999 0.271710008 0
vt 0.0188619997 0.261168987 0
vt 0.0192949995 0.250225991 0
vt 0.0189800002 0.271896988 0
vt 0.0408469997 0.281794995 0
vt 0.0312169995 0.281738013 0
vt 0.0207439996 0.281998992 0
vt 0.00749999983 0.283300996 0
vt 0.00821799971 0.272273988 0
vt 0.00893499982 0.261247009 0
vt 0.00965300016 0.250220001 0
vt 0.346967012 0.273106992 0
vt 0.337359995 0.272733986 0
vt 0.338447005 0.262331992 0
vt 0.347685009 0.262510002 0
vt 0.328159004 0.272615999 0
vt 0.329319 0.262234986 0
vt 0.338883996 0.251518995 0
vt 0.347939014 0.251621008 0
vt 0.329822987 0.251430988 0
vt 0.356990993 0.284743994 0
vt 0.344866991 0.282849014 0
vt 0.356990993 0.27373901 0
vt 0.335081011 0.282380015 0
vt 0.326002002 0.282344997 0
vt 0.317220002 0.282498002 0
vt 0.319162011 0.272634 0
vt 0.320241988 0.262187988 0
vt 0.320737004 0.251354009 0
vt 0.320921987 0.240326002 0
vt 0.329988003 0.240417004 0
vt 0.33901301 0.240516007 0
vt 0.34800899 0.240619004 0
vt 0.356990993 0.251729995 0
vt 0.356990993 0.240725994 0
vt 0.356990993 0.262735009 0
vt 0.348040015 0.229598999 0
vt 0.339073002 0.229479998 0
vt 0.339116991 0.218445003 0
vt 0.348062009 0.218578994 0
vt 0.330074012 0.229368001 0
vt 0.330137998 0.218318999 0
vt 0.339150012 0.207409993 0
vt 0.348078996 0.207559004 0
vt 0.330188006 0.207269996 0
vt 0.356990993 0.229721993 0
vt 0.321029007 0.229266003 0
vt 0.321110994 0.218205005 0
vt 0.321175992 0.207145005 0
vt 0.321231991 0.196083993 0
vt 0.330231011 0.196220994 0
vt 0.339179009 0.196374997 0
vt 0.348093003 0.196539 0
vt 0.356990993 0.207712993 0
vt 0.356990993 0.196707994 0
vt 0.356990993 0.218716994 0
vt 0.34810701 0.185517997 0
vt 0.33920601 0.185339004 0
vt 0.339233994 0.174303994 0
vt 0.348120987 0.174498007 0
vt 0.330271989 0.185172006 0
vt 0.330312997 0.174123004 0
vt 0.339262009 0.163268998 0
vt 0.348134995 0.163478002 0
vt 0.330354989 0.163074002 0
vt 0.356990993 0.185703993 0
vt 0.321287006 0.185022995 0
vt 0.321341991 0.173962995 0
vt 0.32139799 0.162901998 0
vt 0.321453005 0.151841 0
vt 0.330395997 0.152024999 0
vt 0.33928901 0.152233005 0
vt 0.348147988 0.152457997 0
vt 0.356990993 0.163694993 0
vt 0.356990993 0.152689993 0
vt 0.356990993 0.174698994 0
vt 0.348161995 0.141438007 0
vt 0.339316994 0.141197994 0
vt 0.339343995 0.130162999 0
vt 0.348176003 0.130417004 0
vt 0.330437005 0.140975997 0
vt 0.330478996 0.129926994 0
vt 0.339372009 0.119128004 0
vt 0.34819001 0.119396999 0
vt 0.330520004 0.118877999 0
vt 0.356990993 0.141686007 0
vt 0.32150799 0.140780002 0
vt 0.321563005 0.129720002 0
vt 0.321617991 0.118658997 0
vt 0.321673006 0.107597999 0
vt 0.330561012 0.107828997 0
vt 0.33939901 0.108092003 0
vt 0.348203987 0.108377002 0
vt 0.356990993 0.119677 0
vt 0.356990993 0.108672 0
vt 0.356990993 0.130680993 0
vt 0.34821701 0.0973569974 0
vt 0.339426994 0.0970569998 0
vt 0.339453995 0.086021997 0
vt 0.348230988 0.0863360018 0
vt 0.330603004 0.0967800021 0
vt 0.330644011 0.0857309997 0
vt 0.339482009 0.0749860033 0
vt 0.348244995 0.075315997 0
vt 0.33068499 0.0746819973 0
vt 0.356990993 0.0976679996 0
vt 0.321727991 0.0965379998 0
vt 0.321783006 0.085477002 0
vt 0.321839005 0.0744159967 0
vt 0.32189399 0.0633559972 0
vt 0.330727011 0.0636330023 0
vt 0.339509994 0.0639510006 0
vt 0.348259002 0.0642959997 0
vt 0.356990993 0.0756589994 0
vt 0.356990993 0.0646540001 0
vt 0.356990993 0.0866630003 0
vt 0.348273009 0.0532759987 0
vt 0.339538008 0.0529149994 0
vt 0.339569986 0.0418770015 0
vt 0.348288 0.0422549993 0
vt 0.330769986 0.0525830016 0
vt 0.330821007 0.0415249988 0
vt 0.339605987 0.0308340006 0
vt 0.348304003 0.0312339999 0
vt 0.330888003 0.030452 0
vt 0.356992006 0.0536499992 0
vt 0.321951002 0.0522929989 0
vt 0.322019994 0.0412199982 0
vt 0.322113991 0.0301210005 0
vt 0.35699299 0.0426449999 0
vt 0.35699299 0.031640999 0
vt 0.310180992 0.272677004 0
vt 0.301185012 0.272724003 0
vt 0.302026987 0.262124985 0
vt 0.311147004 0.262154013 0
vt 0.292178005 0.272774994 0
vt 0.292890996 0.262098014 0
vt 0.302448988 0.251224011 0
vt 0.311610013 0.251286 0
vt 0.293265015 0.251165986 0
vt 0.308477998 0.282683015 0
vt 0.299728006 0.282871991 0
vt 0.290973008 0.283066005 0
vt 0.282214999 0.283268005 0
vt 0.283165991 0.272828996 0
vt 0.283744991 0.262073994 0
vt 0.284069985 0.251109987 0
vt 0.284254998 0.240039006 0
vt 0.293457001 0.240104005 0
vt 0.302644998 0.240171999 0
vt 0.311803997 0.240245 0
vt 0.311926991 0.229176 0
vt 0.302776992 0.229094997 0
vt 0.302884996 0.218018994 0
vt 0.312023014 0.218106002 0
vt 0.293597013 0.229021996 0
vt 0.293715 0.217939004 0
vt 0.302978009 0.206942007 0
vt 0.31210199 0.207036003 0
vt 0.293819994 0.206855997 0
vt 0.284399986 0.228952006 0
vt 0.284527987 0.217864007 0
vt 0.284644991 0.206775993 0
vt 0.284756005 0.195687994 0
vt 0.293917 0.195773005 0
vt 0.303061992 0.195864007 0
vt 0.312171996 0.195966005 0
vt 0.312240988 0.184896007 0
vt 0.303144008 0.184787005 0
vt 0.303227007 0.173710003 0
vt 0.31231001 0.173825994 0
vt 0.294014007 0.184690997 0
vt 0.29411 0.173608005 0
vt 0.303310007 0.162633002 0
vt 0.312379003 0.162756994 0
vt 0.294207007 0.162524998 0
vt 0.284866989 0.184599996 0
vt 0.284976989 0.173511997 0
vt 0.285086989 0.162423998 0
vt 0.28519699 0.151335999 0
vt 0.294303 0.151442006 0
vt 0.303391993 0.151556 0
vt 0.312447995 0.151686996 0
vt 0.312516987 0.140616998 0
vt 0.303474993 0.140478998 0
vt 0.303557992 0.129401997 0
vt 0.312584996 0.129547 0
vt 0.294400007 0.140358999 0
vt 0.294496 0.129276007 0
vt 0.303640008 0.118325002 0
vt 0.312653989 0.118477002 0
vt 0.294593006 0.118193001 0
vt 0.285308003 0.140248001 0
vt 0.285418004 0.129160002 0
vt 0.285528004 0.118072003 0
vt 0.285638988 0.106983997 0
vt 0.294689 0.107111 0
vt 0.303723007 0.107248001 0
vt 0.312723011 0.107407004 0
vt 0.312792003 0.096336998 0
vt 0.303806007 0.0961709991 0
vt 0.303887993 0.0850939974 0
vt 0.312860996 0.0852669999 0
vt 0.294786006 0.0960280001 0
vt 0.294881999 0.0849450007 0
vt 0.303970993 0.0740170032 0
vt 0.312929988 0.0741970018 0
vt 0.294979006 0.0738620013 0
vt 0.285748988 0.0958959982 0
vt 0.285858989 0.0848079994 0
vt 0.285970002 0.0737200007 0
vt 0.286080003 0.0626320019 0
vt 0.295074999 0.0627790019 0
vt 0.304053992 0.0629400015 0
vt 0.31299901 0.063128002 0
vt 0.313069999 0.0520559996 0
vt 0.304136992 0.0518620014 0
vt 0.304224014 0.0407820009 0
vt 0.313147992 0.0409770012 0
vt 0.295172006 0.0516959988 0
vt 0.295269012 0.0406129993 0
vt 0.304315001 0.0296979994 0
vt 0.313241988 0.0298839994 0
vt 0.295367002 0.0295289997 0
vt 0.286190003 0.0515439995 0
vt 0.286300987 0.0404560007 0
vt 0.286410987 0.0293680001 0
vt 0.274167001 0.272886008 0
vt 0.265251011 0.27294001 0
vt 0.265576988 0.262028992 0
vt 0.274614006 0.262052 0
vt 0.256502986 0.272985011 0
vt 0.256725997 0.262006998 0
vt 0.265805006 0.251001 0
vt 0.274888992 0.251053989 0
vt 0.256917 0.250950009 0
vt 0.273467988 0.283473998 0
vt 0.264786005 0.283672005 0
vt 0.256235987 0.283845007 0
vt 0.247880995 0.283975005 0
vt 0.248006001 0.273016006 0
vt 0.248155996 0.261983991 0
vt 0.248320997 0.250905007 0
vt 0.248492002 0.239801005 0
vt 0.257086992 0.239853993 0
vt 0.265978992 0.239913002 0
vt 0.275068015 0.239975005 0
vt 0.27521801 0.228882 0
vt 0.266135007 0.228815004 0
vt 0.266281009 0.217717007 0
vt 0.275355011 0.217788994 0
vt 0.257248998 0.228751004 0
vt 0.257405013 0.217648 0
vt 0.266422004 0.206618994 0
vt 0.275483996 0.206696004 0
vt 0.257557988 0.206544995 0
vt 0.248660997 0.228691995 0
vt 0.248826995 0.217583999 0
vt 0.248990998 0.206476003 0
vt 0.249154001 0.195368007 0
vt 0.257708997 0.195442006 0
vt 0.266559988 0.195520997 0
vt 0.275608987 0.195602998 0
vt 0.275732994 0.184509993 0
vt 0.266698003 0.184423 0
vt 0.266835988 0.173325002 0
vt 0.275857002 0.173417002 0
vt 0.257860005 0.184339002 0
vt 0.258011013 0.173235998 0
vt 0.266972989 0.162227005 0
vt 0.275981009 0.162323996 0
vt 0.258161008 0.162132993 0
vt 0.249317005 0.184259996 0
vt 0.249480993 0.173152 0
vt 0.249643996 0.162044004 0
vt 0.249807 0.150935993 0
vt 0.258311987 0.151029006 0
vt 0.267111003 0.151129007 0
vt 0.276104987 0.151231006 0
vt 0.276228994 0.140138 0
vt 0.267248005 0.140030995 0
vt 0.267385989 0.128932998 0
vt 0.276353002 0.129044995 0
vt 0.258462995 0.139926001 0
vt 0.25861299 0.128822997 0
vt 0.267524004 0.117835 0
vt 0.276477009 0.117951997 0
vt 0.258763999 0.11772 0
vt 0.249970004 0.139827996 0
vt 0.250133008 0.12872 0
vt 0.250295997 0.117611997 0
vt 0.250459999 0.106504001 0
vt 0.258915007 0.106617004 0
vt 0.267661005 0.106737003 0
vt 0.276600987 0.106858999 0
vt 0.276724994 0.0957660004 0
vt 0.26779899 0.0956389979 0
vt 0.267935991 0.0845410004 0
vt 0.276849002 0.0846730024 0
vt 0.259065986 0.0955139995 0
vt 0.259216011 0.0844110027 0
vt 0.268074006 0.073443003 0
vt 0.276973993 0.0735799968 0
vt 0.259366989 0.0733079985 0
vt 0.250622988 0.0953949988 0
vt 0.250786006 0.0842870027 0
vt 0.250948995 0.0731789991 0
vt 0.251112014 0.0620709993 0
vt 0.259517998 0.0622050017 0
vt 0.268211991 0.0623439997 0
vt 0.277098 0.0624869987 0
vt 0.277222008 0.0513940006 0
vt 0.268346995 0.0512459986 0
vt 0.268465996 0.0401480012 0
vt 0.277343005 0.0403009988 0
vt 0.259660989 0.0511020012 0
vt 0.259757996 0.0399979986 0
vt 0.268559009 0.0290489998 0
vt 0.277462006 0.0292080007 0
vt 0.259768993 0.0288919993 0
vt 0.251264989 0.0509629995 0
vt 0.251354009 0.0398529992 0
vt 0.251295 0.0287410002 0
vt 0.0474300012 0.369827002 0
vt 0.0535820015 0.370754987 0
vt 0.0526410006 0.379967988 0
vt 0.0463859998 0.378670007 0
vt 0.0598540008 0.371870011 0
vt 0.058956001 0.381329 0
vt 0.0513899997 0.388850003 0
vt 0.0451220013 0.387279004 0
vt 0.0577419996 0.390446991 0
vt 0.0426299982 0.360767007 0
vt 0.0480489992 0.360345989 0
vt 0.0413989983 0.369087994 0
vt 0.0541240014 0.360973001 0
vt 0.0603989996 0.361918986 0
vt 0.0667600036 0.363000989 0
vt 0.0661899969 0.373084009 0
vt 0.0653060004 0.382726997 0
vt 0.0641369969 0.392058998 0
vt 0.0627100021 0.401207 0
vt 0.0562379993 0.399365991 0
vt 0.0498239994 0.39753899 0
vt 0.0435439982 0.395743012 0
vt 0.0389349982 0.385729998 0
vt 0.0377039984 0.394051999 0
vt 0.0401670001 0.377409011 0
vt 0.0414769985 0.404080003 0
vt 0.0479380004 0.406132013 0
vt 0.0458230004 0.414669991 0
vt 0.0391479991 0.412353992 0
vt 0.0544780008 0.408201993 0
vt 0.0525219999 0.416990995 0
vt 0.0435829982 0.423179001 0
vt 0.0367299989 0.420608014 0
vt 0.0504390001 0.425751001 0
vt 0.0350960009 0.402047008 0
vt 0.0610579997 0.410281986 0
vt 0.0592349991 0.419315994 0
vt 0.0572969988 0.428323001 0
vt 0.0553009994 0.437317014 0
vt 0.0482940003 0.434495986 0
vt 0.0412859991 0.431674987 0
vt 0.034279 0.428853989 0
vt 0.029879 0.418038011 0
vt 0.0272710007 0.42603299 0
vt 0.0324870013 0.410041988 0
vt 0.0725359991 0.374314994 0
vt 0.0788820013 0.375546992 0
vt 0.0780180022 0.385536999 0
vt 0.0716620013 0.384131998 0
vt 0.0852269977 0.376780987 0
vt 0.0843750015 0.386943012 0
vt 0.0769419968 0.395285994 0
vt 0.0705389977 0.393671989 0
vt 0.0833439976 0.396899015 0
vt 0.0731350034 0.364107013 0
vt 0.0795100033 0.365215003 0
vt 0.0858850032 0.366328001 0
vt 0.0922589973 0.367448986 0
vt 0.091573 0.378017992 0
vt 0.0907310024 0.388348997 0
vt 0.0897459984 0.398512989 0
vt 0.0886339992 0.408580005 0
vt 0.0821529999 0.406737 0
vt 0.0756720006 0.404893011 0
vt 0.0691910014 0.403050005 0
vt 0.0676459968 0.412364006 0
vt 0.074233003 0.414445013 0
vt 0.0726659968 0.423967004 0
vt 0.0659509972 0.421640992 0
vt 0.080821 0.416527003 0
vt 0.0793820024 0.426292002 0
vt 0.0710130036 0.433468014 0
vt 0.0641549975 0.430895001 0
vt 0.0778710023 0.436040014 0
vt 0.0874079987 0.418608993 0
vt 0.086097002 0.428617001 0
vt 0.0847290009 0.438612014 0
vt 0.0833309963 0.448599994 0
vt 0.076324001 0.445778996 0
vt 0.0693159997 0.442957997 0
vt 0.0623090006 0.440138012 0
vt 0.0979359969 0.379231006 0
vt 0.104402997 0.380275011 0
vt 0.103569999 0.390845001 0
vt 0.0971029997 0.389717013 0
vt 0.111079 0.380979002 0
vt 0.110229 0.391494006 0
vt 0.102660999 0.401313007 0
vt 0.0961619988 0.400074005 0
vt 0.109323002 0.40191099 0
vt 0.098650001 0.368559003 0
vt 0.105149999 0.369556993 0
vt 0.111865997 0.370321006 0
vt 0.118906997 0.370725989 0
vt 0.118069999 0.381168991 0
vt 0.117173001 0.391422004 0
vt 0.116230004 0.401544988 0
vt 0.115254998 0.411603004 0
vt 0.108370997 0.412274003 0
vt 0.101682998 0.411722004 0
vt 0.0951249972 0.410355002 0
vt 0.0940039977 0.420610011 0
vt 0.100645997 0.422131985 0
vt 0.0995680019 0.432657987 0
vt 0.0928179994 0.430866003 0
vt 0.107382998 0.422683001 0
vt 0.106375001 0.433450013 0
vt 0.0984629989 0.443387985 0
vt 0.0915889964 0.441137999 0
vt 0.105361998 0.444905996 0
vt 0.114261001 0.421730012 0
vt 0.113261998 0.432361007 0
vt 0.112277001 0.444175988 0
vt 0.111360997 0.459883988 0
vt 0.104354002 0.457062989 0
vt 0.0973460004 0.454241991 0
vt 0.0903389975 0.451420993 0
vt 0.259842008 0.445883006 0
vt 0.259175003 0.434165001 0
vt 0.265845001 0.433335006 0
vt 0.266635001 0.444433004 0
vt 0.258513987 0.423130006 0
vt 0.265085012 0.422441006 0
vt 0.272448987 0.431488007 0
vt 0.273400009 0.442241997 0
vt 0.27155 0.420749009 0
vt 0.25356701 0.460943013 0
vt 0.253035992 0.445082992 0
vt 0.260502994 0.458297998 0
vt 0.252416998 0.433088988 0
vt 0.251782 0.422268987 0
vt 0.251150995 0.411949992 0
vt 0.257876009 0.412450999 0
vt 0.264376998 0.411662012 0
vt 0.270729005 0.41001001 0
vt 0.277004987 0.407929003 0
vt 0.277960986 0.418561012 0
vt 0.279020011 0.429172993 0
vt 0.280149013 0.439770013 0
vt 0.274376005 0.453005999 0
vt 0.281313002 0.450361013 0
vt 0.267439991 0.455651999 0
vt 0.28689599 0.437252015 0
vt 0.285585999 0.426779985 0
vt 0.292151004 0.424385995 0
vt 0.293642014 0.434733003 0
vt 0.284361988 0.416289985 0
vt 0.290764004 0.414018989 0
vt 0.298716009 0.421992987 0
vt 0.300388992 0.432213992 0
vt 0.297165006 0.411747009 0
vt 0.288248986 0.447715014 0
vt 0.283268988 0.405773997 0
vt 0.289532989 0.403618991 0
vt 0.295796007 0.401463985 0
vt 0.302060008 0.399309009 0
vt 0.303566992 0.409473985 0
vt 0.305281997 0.419598997 0
vt 0.307135999 0.42969501 0
vt 0.302121997 0.442423999 0
vt 0.309058994 0.439778 0
vt 0.295186013 0.445068985 0
vt 0.313881993 0.427175999 0
vt 0.311843991 0.417205006 0
vt 0.318390012 0.414815009 0
vt 0.320625991 0.424658 0
vt 0.309960008 0.407204002 0
vt 0.316303015 0.404942989 0
vt 0.324905992 0.412431002 0
vt 0.327367008 0.422140002 0
vt 0.322551996 0.40270099 0
vt 0.315995008 0.437132001 0
vt 0.308311999 0.397156 0
vt 0.314494997 0.395016015 0
vt 0.32051599 0.392908007 0
vt 0.326005012 0.390904993 0
vt 0.328705013 0.400478005 0
vt 0.331405014 0.410050005 0
vt 0.334105015 0.419622988 0
vt 0.329867989 0.431840986 0
vt 0.336804986 0.429194987 0
vt 0.322932005 0.434486002 0
vt 0.257281989 0.401820987 0
vt 0.256738991 0.391166002 0
vt 0.263182014 0.390096992 0
vt 0.263740003 0.400887996 0
vt 0.256258011 0.380468011 0
vt 0.262712985 0.379285008 0
vt 0.269405007 0.388476998 0
vt 0.270009011 0.399253994 0
vt 0.268927991 0.377680987 0
vt 0.250542015 0.401703 0
vt 0.249968007 0.391407996 0
vt 0.249440998 0.38102001 0
vt 0.248974994 0.370496988 0
vt 0.25584501 0.369713008 0
vt 0.262340993 0.368447989 0
vt 0.268588006 0.366867006 0
vt 0.27471 0.365130991 0
vt 0.275022 0.375869006 0
vt 0.275519013 0.386581987 0
vt 0.276185006 0.397269011 0
vt 0.282344997 0.395224988 0
vt 0.281614006 0.384640992 0
vt 0.287710011 0.38270101 0
vt 0.288504988 0.393180013 0
vt 0.281096011 0.374024004 0
vt 0.287171006 0.372182995 0
vt 0.293805003 0.380760998 0
vt 0.294665009 0.391135991 0
vt 0.293244988 0.370341986 0
vt 0.280811012 0.363375992 0
vt 0.286913007 0.361627996 0
vt 0.293015003 0.35988301 0
vt 0.299116999 0.358141005 0
vt 0.299320012 0.368503004 0
vt 0.299899995 0.378820986 0
vt 0.300825 0.389091015 0
vt 0.306975991 0.387046993 0
vt 0.305988014 0.376881987 0
vt 0.312032998 0.374949008 0
vt 0.313073993 0.385013998 0
vt 0.305382013 0.366665006 0
vt 0.311367005 0.364832997 0
vt 0.318006009 0.373023987 0
vt 0.319072008 0.382999986 0
vt 0.317207009 0.363012999 0
vt 0.305202007 0.356400996 0
vt 0.311183006 0.354667991 0
vt 0.316922009 0.352955014 0
vt 0.321866006 0.351305008 0
vt 0.322901011 0.361205012 0
vt 0.323935986 0.371104985 0
vt 0.324970007 0.381004989 0
vt 0.114119001 0.294380993 0
vt 0.114124 0.305126011 0
vt 0.105966002 0.304594994 0
vt 0.105543002 0.294023991 0
vt 0.114099003 0.315872014 0
vt 0.106372997 0.31517601 0
vt 0.097755 0.303995997 0
vt 0.0968390033 0.293621987 0
vt 0.0986739993 0.31438899 0
vt 0.122505002 0.294660985 0
vt 0.122203998 0.305541992 0
vt 0.121863998 0.316415995 0
vt 0.121454999 0.327318996 0
vt 0.113963 0.326682001 0
vt 0.106618002 0.325863987 0
vt 0.0993700027 0.324939013 0
vt 0.0921690017 0.323980004 0
vt 0.0909869969 0.313576996 0
vt 0.0895169973 0.303377986 0
vt 0.0880710036 0.293208003 0
vt 0.079291001 0.292806 0
vt 0.081272997 0.302780002 0
vt 0.0730269998 0.302204013 0
vt 0.07051 0.292418987 0
vt 0.0832990035 0.312790006 0
vt 0.0756089985 0.312031001 0
vt 0.0647799969 0.301643997 0
vt 0.0617280006 0.292043 0
vt 0.0679180026 0.311291009 0
vt 0.0849739984 0.323049009 0
vt 0.0777759999 0.322147995 0
vt 0.0705770031 0.321267009 0
vt 0.0633770004 0.32039699 0
vt 0.0602269992 0.310561001 0
vt 0.0565330014 0.301090002 0
vt 0.0529469997 0.291671008 0
vt 0.0441239998 0.291316003 0
vt 0.0482840016 0.30053699 0
vt 0.0400179997 0.299977988 0
vt 0.0350509994 0.29105401 0
vt 0.0525689982 0.309814006 0
vt 0.045113001 0.308955997 0
vt 0.0317250006 0.299409002 0
vt 0.0255009998 0.290969014 0
vt 0.0380439982 0.307886988 0
vt 0.0562269986 0.319501996 0
vt 0.0493739992 0.318448007 0
vt 0.0432140008 0.317019999 0
vt 0.0393339992 0.314368993 0
vt 0.0313760005 0.306602001 0
vt 0.0234169997 0.298835009 0
vt 0.0154590001 0.291067988 0
vt 0.113652997 0.337597013 0
vt 0.113179997 0.348560989 0
vt 0.106289998 0.347696006 0
vt 0.106582999 0.33672601 0
vt 0.112575002 0.359495014 0
vt 0.105793998 0.358673006 0
vt 0.0995900035 0.346695006 0
vt 0.099665001 0.33573699 0
vt 0.0992249995 0.357679993 0
vt 0.120950997 0.338270992 0
vt 0.120355003 0.349209011 0
vt 0.119671002 0.360053986 0
vt 0.0927589983 0.35661301 0
vt 0.092983 0.345640987 0
vt 0.0928220004 0.334706008 0
vt 0.085988 0.333698988 0
vt 0.0863889977 0.344601989 0
vt 0.0797950029 0.343585014 0
vt 0.0791530013 0.332720011 0
vt 0.0863099992 0.355549008 0
vt 0.0798600018 0.354499012 0
vt 0.0731989965 0.342583001 0
vt 0.0723169968 0.331759989 0
vt 0.0734089985 0.353459001 0
vt 0.0669580027 0.352423012 0
vt 0.0666019991 0.341587991 0
vt 0.0654790029 0.330808997 0
vt 0.0586780012 0.329840988 0
vt 0.0600220002 0.340593994 0
vt 0.053537 0.339592993 0
vt 0.0520929992 0.328763008 0
vt 0.0605189987 0.351404011 0
vt 0.0541500002 0.350477993 0
vt 0.0472120009 0.338582993 0
vt 0.045917999 0.327473998 0
vt 0.0479139984 0.349730998 0
vt 0.0418060012 0.349166989 0
vt 0.0409820005 0.337568015 0
vt 0.0401579998 0.325967997 0
vt 0.25592199 0.294564992 0
vt 0.264164001 0.29419601 0
vt 0.263469011 0.304589003 0
vt 0.255603999 0.305195987 0
vt 0.272482008 0.293774992 0
vt 0.271340996 0.303896993 0
vt 0.262811989 0.314958006 0
vt 0.255337 0.315807015 0
vt 0.270220011 0.313989013 0
vt 0.247792006 0.294847012 0
vt 0.280836999 0.293334991 0
vt 0.279215991 0.303173989 0
vt 0.27759701 0.312976986 0
vt 0.276225001 0.322934985 0
vt 0.269295007 0.324200988 0
vt 0.262300014 0.325408012 0
vt 0.255172998 0.326465994 0
vt 0.247762993 0.316460013 0
vt 0.247848004 0.327279001 0
vt 0.247748002 0.30566299 0
vt 0.289198995 0.292905986 0
vt 0.297560006 0.292488992 0
vt 0.294970006 0.301777005 0
vt 0.287093014 0.302466005 0
vt 0.305918992 0.292079985 0
vt 0.302846014 0.301099986 0
vt 0.292342991 0.311010987 0
vt 0.284969002 0.311982006 0
vt 0.299717009 0.310056001 0
vt 0.314274997 0.291676015 0
vt 0.310721993 0.30043 0
vt 0.307090998 0.309109002 0
vt 0.303909987 0.318064004 0
vt 0.29698801 0.319260001 0
vt 0.290066004 0.320464998 0
vt 0.28314501 0.321687013 0
vt 0.322661996 0.291294992 0
vt 0.331256986 0.291043997 0
vt 0.326490998 0.299104005 0
vt 0.318598986 0.299762011 0
vt 0.340252995 0.29103899 0
vt 0.334405988 0.298462003 0
vt 0.321615994 0.307083011 0
vt 0.314437002 0.308146 0
vt 0.328478009 0.305828005 0
vt 0.349664003 0.291287005 0
vt 0.342337012 0.297829986 0
vt 0.335009992 0.304372996 0
vt 0.327683002 0.310916007 0
vt 0.323493004 0.313764006 0
vt 0.317427993 0.315477014 0
vt 0.310790986 0.316845 0
vt 0.255154997 0.33722201 0
vt 0.262021005 0.336021006 0
vt 0.261958987 0.346767008 0
vt 0.255275011 0.348046988 0
vt 0.268702 0.334643006 0
vt 0.268422991 0.345283002 0
vt 0.262079 0.357594013 0
vt 0.255510986 0.358893007 0
vt 0.268402994 0.356047988 0
vt 0.248013005 0.338142008 0
vt 0.275290996 0.333193988 0
vt 0.274776012 0.343708009 0
vt 0.274607003 0.354384989 0
vt 0.248578995 0.359811008 0
vt 0.248256996 0.34900701 0
vt 0.281866997 0.331757993 0
vt 0.288442999 0.330345005 0
vt 0.287447989 0.34058699 0
vt 0.281111985 0.342139006 0
vt 0.295020014 0.328949004 0
vt 0.293785006 0.339049011 0
vt 0.286974013 0.35105899 0
vt 0.280790001 0.352715999 0
vt 0.293159008 0.349409997 0
vt 0.301596999 0.327560008 0
vt 0.300121993 0.33751601 0
vt 0.29934299 0.347764999 0
vt 0.308144987 0.326155007 0
vt 0.314512998 0.324643999 0
vt 0.31268099 0.334407002 0
vt 0.306445003 0.335979015 0
vt 0.320542008 0.322930992 0
vt 0.318771005 0.33277601 0
vt 0.31160301 0.344478995 0
vt 0.305514008 0.346121997 0
vt 0.31753701 0.342839986 0
vt 0.326229006 0.321013004 0
vt 0.32477501 0.331111014 0
vt 0.323321015 0.341208011 0
vt 0.131475002 0.272799999 0
vt 0.131833002 0.261716992 0
vt 0.139870003 0.261736989 0
vt 0.139506996 0.272834986 0
vt 0.132171005 0.250607014 0
vt 0.140200004 0.250618994 0
vt 0.147662997 0.261748999 0
vt 0.147312999 0.272854 0
vt 0.147982001 0.250627011 0
vt 0.131087005 0.283843994 0
vt 0.132498994 0.239484996 0
vt 0.140514001 0.239492998 0
vt 0.148284003 0.239495993 0
vt 0.155929998 0.239498004 0
vt 0.155638993 0.250631005 0
vt 0.155335993 0.261756986 0
vt 0.155008003 0.272864997 0
vt 0.146916002 0.28393501 0
vt 0.154642999 0.283948988 0
vt 0.139094993 0.283904999 0
vt 0.132824004 0.228360996 0
vt 0.133149996 0.217236996 0
vt 0.141138002 0.217236996 0
vt 0.140826002 0.228365004 0
vt 0.133476004 0.206111997 0
vt 0.141449004 0.206108004 0
vt 0.148883998 0.217233002 0
vt 0.148583993 0.228365004 0
vt 0.149183005 0.206101 0
vt 0.133800998 0.194987997 0
vt 0.141761005 0.194979995 0
vt 0.149482995 0.194969997 0
vt 0.157087997 0.194958001 0
vt 0.156798005 0.206092998 0
vt 0.156508997 0.217227995 0
vt 0.156220004 0.228363007 0
vt 0.134127006 0.183863997 0
vt 0.134452999 0.172738999 0
vt 0.142383993 0.172723994 0
vt 0.142072007 0.183852002 0
vt 0.134779006 0.161614999 0
vt 0.142694995 0.161596 0
vt 0.150083005 0.172705993 0
vt 0.149783 0.183837995 0
vt 0.150382996 0.161575004 0
vt 0.135104001 0.150490999 0
vt 0.143006995 0.150468007 0
vt 0.150682002 0.150443003 0
vt 0.158244997 0.150417998 0
vt 0.157956004 0.161552995 0
vt 0.157665998 0.172688007 0
vt 0.157377005 0.183823004 0
vt 0.135429993 0.139366999 0
vt 0.135756001 0.128242001 0
vt 0.143629998 0.128212005 0
vt 0.143317997 0.139339998 0
vt 0.136081994 0.117118001 0
vt 0.143941 0.117082998 0
vt 0.151281998 0.128179997 0
vt 0.150982007 0.139311999 0
vt 0.151582003 0.117048003 0
vt 0.136407003 0.105994001 0
vt 0.144253001 0.105954997 0
vt 0.151881993 0.105916999 0
vt 0.159401998 0.105876997 0
vt 0.159113005 0.117012002 0
vt 0.158822998 0.128148004 0
vt 0.158534005 0.139283001 0
vt 0.136732996 0.0948690027 0
vt 0.137059003 0.0837450027 0
vt 0.144876003 0.0836990029 0
vt 0.144564003 0.0948269963 0
vt 0.137383997 0.0726210028 0
vt 0.145187005 0.0725710019 0
vt 0.152481005 0.083653003 0
vt 0.152181 0.0947849974 0
vt 0.152780995 0.0725219995 0
vt 0.137710005 0.0614960007 0
vt 0.145499006 0.061443001 0
vt 0.153081 0.0613900013 0
vt 0.160558999 0.0613370016 0
vt 0.160270005 0.0724719986 0
vt 0.159980997 0.0836070031 0
vt 0.159691006 0.0947420001 0
vt 0.138044 0.0503720008 0
vt 0.138423994 0.0392469987 0
vt 0.146144003 0.0391860008 0
vt 0.145813003 0.0503150001 0
vt 0.138895005 0.0281220004 0
vt 0.146502003 0.0280579999 0
vt 0.153683007 0.0391269997 0
vt 0.153381005 0.0502579994 0
vt 0.153989002 0.0279949997 0
vt 0.161427006 0.0279319994 0
vt 0.161137998 0.0390670002 0
vt 0.160849005 0.0502020009 0
vt 0.162682995 0.272875011 0
vt 0.162988007 0.26176399 0
vt 0.170640007 0.26177299 0
vt 0.170359001 0.272886008 0
vt 0.163276002 0.250636011 0
vt 0.170912996 0.250642985 0
vt 0.178292006 0.261783987 0
vt 0.178033993 0.272897989 0
vt 0.178550005 0.250651985 0
vt 0.162355006 0.283960998 0
vt 0.163555995 0.239499003 0
vt 0.171182007 0.239502996 0
vt 0.178808004 0.239510998 0
vt 0.186434001 0.239525005 0
vt 0.186186001 0.250665992 0
vt 0.185944006 0.261797994 0
vt 0.185709998 0.272913009 0
vt 0.177778006 0.283986002 0
vt 0.185489997 0.284000009 0
vt 0.170066997 0.283973008 0
vt 0.163835004 0.228360996 0
vt 0.164113998 0.217223004 0
vt 0.171719998 0.217221007 0
vt 0.171451002 0.228361994 0
vt 0.164392993 0.206083998 0
vt 0.171987996 0.206080005 0
vt 0.179324999 0.217225 0
vt 0.179066002 0.228367999 0
vt 0.179582998 0.206082001 0
vt 0.164672002 0.194946006 0
vt 0.172257006 0.194939002 0
vt 0.179841995 0.194940001 0
vt 0.187426001 0.194952995 0
vt 0.187178001 0.206095994 0
vt 0.186930001 0.217239007 0
vt 0.186682001 0.228382006 0
vt 0.164950997 0.183807999 0
vt 0.165230006 0.172668993 0
vt 0.172793999 0.172656998 0
vt 0.172526002 0.183798 0
vt 0.165509 0.161531001 0
vt 0.173062995 0.161515996 0
vt 0.180357993 0.172654003 0
vt 0.180099994 0.183797002 0
vt 0.180617005 0.161511004 0
vt 0.165787995 0.150392994 0
vt 0.173332006 0.150373995 0
vt 0.180875003 0.150369003 0
vt 0.188418999 0.150381997 0
vt 0.188170001 0.161523998 0
vt 0.187922001 0.172666997 0
vt 0.187674001 0.183809996 0
vt 0.166067004 0.139255002 0
vt 0.166345999 0.128115997 0
vt 0.173868999 0.128092006 0
vt 0.173601002 0.139232993 0
vt 0.166624993 0.116977997 0
vt 0.174137995 0.116951004 0
vt 0.181391999 0.128083006 0
vt 0.181134 0.139226004 0
vt 0.181650996 0.116939999 0
vt 0.166904002 0.105839998 0
vt 0.174407005 0.105810001 0
vt 0.181908995 0.105797999 0
vt 0.189410999 0.105810001 0
vt 0.189162999 0.116953 0
vt 0.188914999 0.128095999 0
vt 0.188666999 0.139238998 0
vt 0.167182997 0.0947009996 0
vt 0.167462006 0.083563 0
vt 0.174943998 0.0835279971 0
vt 0.174675003 0.0946689993 0
vt 0.167741001 0.0724250004 0
vt 0.175212994 0.0723870024 0
vt 0.182426006 0.0835120007 0
vt 0.182166994 0.0946549997 0
vt 0.182684004 0.0723690018 0
vt 0.168019995 0.0612859987 0
vt 0.175482005 0.0612460002 0
vt 0.182943001 0.0612270012 0
vt 0.190403 0.0612379983 0
vt 0.190154999 0.0723809972 0
vt 0.189906999 0.0835240036 0
vt 0.189658999 0.0946670026 0
vt 0.168299004 0.0501479991 0
vt 0.168577999 0.0390090011 0
vt 0.176018998 0.0389610007 0
vt 0.175750002 0.0501050018 0
vt 0.168856993 0.0278699994 0
vt 0.176287994 0.0278140008 0
vt 0.183458999 0.0389330015 0
vt 0.183201 0.0500830002 0
vt 0.183717996 0.0277720001 0
vt 0.191147998 0.0277689993 0
vt 0.190899998 0.0389420018 0
vt 0.190651998 0.050094001 0
vt 0.193386003 0.272929013 0
vt 0.193596005 0.261817008 0
vt 0.201248005 0.261837989 0
vt 0.201060995 0.272947997 0
vt 0.193822995 0.25068599 0
vt 0.201460004 0.250710994 0
vt 0.208900005 0.26186201 0
vt 0.208737001 0.272967994 0
vt 0.209096998 0.250739008 0
vt 0.193202004 0.284015 0
vt 0.194058999 0.239546001 0
vt 0.201684996 0.239574 0
vt 0.209310994 0.239607006 0
vt 0.216937006 0.239640996 0
vt 0.216732994 0.250768006 0
vt 0.216551006 0.261887014 0
vt 0.216411993 0.272987992 0
vt 0.208625004 0.284047991 0
vt 0.216336995 0.284065008 0
vt 0.200913996 0.284031004 0
vt 0.194297001 0.228404999 0
vt 0.194535002 0.217263997 0
vt 0.202140003 0.217298999 0
vt 0.201912999 0.228437006 0
vt 0.194773003 0.206122994 0
vt 0.202368006 0.206161007 0
vt 0.209745005 0.217340007 0
vt 0.209527999 0.228472993 0
vt 0.209961995 0.206207007 0
vt 0.195011005 0.194982007 0
vt 0.202594995 0.195023 0
vt 0.210179001 0.195072994 0
vt 0.217764005 0.195127994 0
vt 0.217556998 0.206256002 0
vt 0.217350006 0.217383996 0
vt 0.217142999 0.228513002 0
vt 0.195247993 0.183841005 0
vt 0.195485994 0.172700003 0
vt 0.203050002 0.172747999 0
vt 0.202822998 0.183886006 0
vt 0.195723996 0.161559001 0
vt 0.203277007 0.161610007 0
vt 0.210613996 0.172806993 0
vt 0.210397005 0.183939993 0
vt 0.210831001 0.161672994 0
vt 0.195961997 0.150417998 0
vt 0.203504995 0.150472999 0
vt 0.211048007 0.150539994 0
vt 0.218591005 0.150613993 0
vt 0.218383998 0.161743 0
vt 0.218177006 0.172870994 0
vt 0.217970997 0.183999002 0
vt 0.196199998 0.139275998 0
vt 0.196437001 0.128134996 0
vt 0.203960001 0.128196999 0
vt 0.203731999 0.139335006 0
vt 0.196675003 0.116994001 0
vt 0.204187006 0.117059 0
vt 0.211482003 0.128272995 0
vt 0.211264998 0.139406994 0
vt 0.211698994 0.117140003 0
vt 0.196913004 0.105852999 0
vt 0.204414994 0.105921999 0
vt 0.211916998 0.106007002 0
vt 0.219418004 0.106100999 0
vt 0.219210997 0.117229 0
vt 0.219005004 0.128356993 0
vt 0.218797997 0.139486 0
vt 0.197151005 0.0947119966 0
vt 0.197389007 0.0835710019 0
vt 0.20487 0.0836459994 0
vt 0.204641998 0.094783999 0
vt 0.197625995 0.0724299997 0
vt 0.205097005 0.0725079998 0
vt 0.212350994 0.0837400034 0
vt 0.212134004 0.0948730037 0
vt 0.212568 0.0726070032 0
vt 0.197863996 0.0612890013 0
vt 0.205325007 0.0613709986 0
vt 0.212785006 0.0614730008 0
vt 0.220245004 0.0615869984 0
vt 0.220038995 0.0727159977 0
vt 0.219832003 0.0838439986 0
vt 0.219624996 0.0949719995 0
vt 0.198101997 0.0501470007 0
vt 0.198339999 0.0389989987 0
vt 0.205779999 0.0390920006 0
vt 0.205551997 0.0502320006 0
vt 0.198578 0.0278389994 0
vt 0.206007004 0.0279489998 0
vt 0.213219002 0.0392059982 0
vt 0.213001996 0.0503400005 0
vt 0.213437006 0.0280719995 0
vt 0.220865995 0.0282019991 0
vt 0.220659003 0.0393299982 0
vt 0.220451996 0.0504590012 0
vt 0.224102005 0.273007989 0
vt 0.224218994 0.261911988 0
vt 0.231979996 0.261936009 0
vt 0.231875002 0.273023009 0
vt 0.224386007 0.250797987 0
vt 0.232136995 0.250829995 0
vt 0.239928007 0.261961013 0
vt 0.239814997 0.273027003 0
vt 0.240081996 0.250865012 0
vt 0.224059999 0.284079999 0
vt 0.224579006 0.239675999 0
vt 0.232319996 0.239712998 0
vt 0.240257993 0.239754006 0
vt 0.239766002 0.284049988 0
vt 0.231848001 0.284079999 0
vt 0.224775001 0.228552997 0
vt 0.224971995 0.217429996 0
vt 0.232692003 0.217476994 0
vt 0.232506007 0.228595003 0
vt 0.225168005 0.206305996 0
vt 0.232878 0.206358999 0
vt 0.240611002 0.217528 0
vt 0.240435004 0.228641003 0
vt 0.240786001 0.206414998 0
vt 0.225364998 0.195182994 0
vt 0.233063996 0.195240006 0
vt 0.240961 0.195301995 0
vt 0.225560993 0.184060007 0
vt 0.225757003 0.172936007 0
vt 0.233436003 0.173004001 0
vt 0.233250007 0.184121996 0
vt 0.225953996 0.161813006 0
vt 0.233622 0.161886007 0
vt 0.241310999 0.173075005 0
vt 0.241136 0.184187993 0
vt 0.241485998 0.161962003 0
vt 0.226150006 0.150690004 0
vt 0.233807996 0.150766999 0
vt 0.241659999 0.150849 0
vt 0.226346999 0.139566004 0
vt 0.226542994 0.128443003 0
vt 0.234179005 0.128530994 0
vt 0.233992994 0.139649004 0
vt 0.226740003 0.117320001 0
vt 0.234365001 0.117412999 0
vt 0.242009997 0.128622994 0
vt 0.241834998 0.139735997 0
vt 0.242184997 0.117509 0
vt 0.226935998 0.106197 0
vt 0.234550998 0.106294997 0
vt 0.242359996 0.106395997 0
vt 0.227133006 0.0950729996 0
vt 0.227329001 0.083949998 0
vt 0.234923005 0.0840580016 0
vt 0.234736994 0.0951759964 0
vt 0.227524996 0.0728269964 0
vt 0.235109001 0.0729399994 0
vt 0.242708996 0.0841699988 0
vt 0.242534995 0.0952830017 0
vt 0.242883995 0.0730570033 0
vt 0.227722004 0.0617030002 0
vt 0.235293999 0.0618220009 0
vt 0.243058994 0.0619440004 0
vt 0.227917999 0.0505799986 0
vt 0.228111997 0.0394570008 0
vt 0.235644996 0.0395850018 0
vt 0.235477999 0.0507030003 0
vt 0.228303 0.0283330008 0
vt 0.235786006 0.0284659993 0
vt 0.243348002 0.0397160016 0
vt 0.243226007 0.0508299991 0
vt 0.243383005 0.0286010001 0
vt 0.242175996 0.380809009 0
vt 0.242781997 0.390655011 0
vt 0.235195994 0.389171988 0
vt 0.234505996 0.380024999 0
vt 0.243440002 0.400323004 0
vt 0.235952005 0.398032993 0
vt 0.227246001 0.387331992 0
vt 0.226505995 0.378939003 0
vt 0.228067994 0.395321012 0
vt 0.241642997 0.370696992 0
vt 0.244127005 0.409902006 0
vt 0.236742005 0.40674901 0
vt 0.228929996 0.403106987 0
vt 0.220631003 0.399594009 0
vt 0.219779 0.392679989 0
vt 0.218970999 0.385508001 0
vt 0.218254 0.377819985 0
vt 0.225889996 0.369937003 0
vt 0.217672005 0.36936 0
vt 0.233915001 0.37044701 0
vt 0.244827002 0.419523001 0
vt 0.245529994 0.429497004 0
vt 0.238394007 0.424216986 0
vt 0.237545997 0.41545099 0
vt 0.246231005 0.440144986 0
vt 0.239315003 0.433088988 0
vt 0.230841994 0.418395013 0
vt 0.229820997 0.410831988 0
vt 0.232112005 0.425644994 0
vt 0.246923 0.451483995 0
vt 0.240279004 0.442025006 0
vt 0.233634993 0.432565987 0
vt 0.226990998 0.423106998 0
vt 0.224088997 0.419009 0
vt 0.222590998 0.413006008 0
vt 0.221520007 0.406424999 0
vt 0.209819004 0.376897007 0
vt 0.210414007 0.384012014 0
vt 0.201642007 0.382916987 0
vt 0.201251 0.376221001 0
vt 0.211092994 0.39052099 0
vt 0.202095002 0.388942987 0
vt 0.192723006 0.382239014 0
vt 0.192594007 0.375800997 0
vt 0.192888007 0.38796699 0
vt 0.209349006 0.36887601 0
vt 0.211813003 0.396728009 0
vt 0.202581003 0.394634008 0
vt 0.193068996 0.393339008 0
vt 0.183415994 0.392868996 0
vt 0.183572993 0.387611002 0
vt 0.183731005 0.381990999 0
vt 0.183890998 0.375645012 0
vt 0.192516997 0.368297011 0
vt 0.184055001 0.368212014 0
vt 0.200956002 0.368519992 0
vt 0.212560996 0.402853996 0
vt 0.213439003 0.408791989 0
vt 0.203621 0.405726999 0
vt 0.203078002 0.400247008 0
vt 0.214567006 0.414377004 0
vt 0.204240993 0.410984993 0
vt 0.193446994 0.403681993 0
vt 0.193255007 0.398615986 0
vt 0.193652004 0.408347011 0
vt 0.215948999 0.419607997 0
vt 0.204907 0.416108996 0
vt 0.193865001 0.412609994 0
vt 0.182822004 0.409112006 0
vt 0.182955995 0.407088012 0
vt 0.183105007 0.40288499 0
vt 0.183259994 0.398018986 0
vt 0.175187007 0.375759989 0
vt 0.174735993 0.382182002 0
vt 0.165808007 0.38280499 0
vt 0.166523993 0.376139998 0
vt 0.174254 0.387890995 0
vt 0.165032998 0.388794988 0
vt 0.157021001 0.383846998 0
vt 0.157947004 0.376778007 0
vt 0.156013995 0.390302986 0
vt 0.175591007 0.368268013 0
vt 0.173757002 0.393243015 0
vt 0.164228007 0.394445986 0
vt 0.154966995 0.396452993 0
vt 0.146109998 0.399241 0
vt 0.147299007 0.392399997 0
vt 0.148442999 0.385295004 0
vt 0.149499997 0.377665997 0
vt 0.158751994 0.368790001 0
vt 0.150422007 0.369248003 0
vt 0.167149007 0.368461996 0
vt 0.173256993 0.398501009 0
vt 0.172753006 0.403546005 0
vt 0.162551001 0.405458003 0
vt 0.163411006 0.40001899 0
vt 0.172242999 0.408190995 0
vt 0.161615998 0.410674006 0
vt 0.152689993 0.408398002 0
vt 0.153892994 0.402521014 0
vt 0.151242003 0.413917005 0
vt 0.171729997 0.412432998 0
vt 0.160638005 0.415755004 0
vt 0.149545997 0.419077009 0
vt 0.138453007 0.422399014 0
vt 0.141656995 0.418415993 0
vt 0.143480003 0.412499994 0
vt 0.144885004 0.405997008 0
vt 0.141229004 0.378758013 0
vt 0.140139997 0.387082994 0
vt 0.132144004 0.388925999 0
vt 0.133192003 0.379860997 0
vt 0.138970003 0.39499101 0
vt 0.131028995 0.397686988 0
vt 0.124480002 0.390484989 0
vt 0.125451997 0.380742013 0
vt 0.123456001 0.400027007 0
vt 0.142193004 0.369807005 0
vt 0.137759 0.40268901 0
vt 0.129879996 0.406296998 0
vt 0.122401997 0.409467012 0
vt 0.126350001 0.370698005 0
vt 0.13414 0.370341003 0
vt 0.136520997 0.410326004 0
vt 0.135152996 0.417796999 0
vt 0.127508998 0.423548996 0
vt 0.128716007 0.414891005 0
vt 0.133541003 0.424950004 0
vt 0.126230001 0.432312995 0
vt 0.120266996 0.428784996 0
vt 0.121335998 0.418947995 0
vt 0.119198002 0.439301014 0
vt 0.131679997 0.431769997 0
vt 0.124907002 0.441141993 0
vt 0.118133999 0.450513005 0
vt 0.668851972 0.25891301 0
vt 0.669394016 0.248144001 0
vt 0.677331984 0.248246998 0
vt 0.677212 0.258947015 0
vt 0.670476973 0.237259001 0
vt 0.678224027 0.237394005 0
vt 0.685137987 0.248388007 0
vt 0.685112 0.259095997 0
vt 0.685966015 0.237536997 0
vt 0.658670008 0.269930989 0
vt 0.66002202 0.25899601 0
vt 0.669893026 0.269320011 0
vt 0.661373973 0.248062 0
vt 0.662726998 0.237128004 0
vt 0.66407901 0.226192996 0
vt 0.671774983 0.226330996 0
vt 0.679479003 0.226471007 0
vt 0.68720001 0.226614997 0
vt 0.694944978 0.226763994 0
vt 0.693718016 0.237685993 0
vt 0.692873001 0.248551995 0
vt 0.692775011 0.259306997 0
vt 0.68631202 0.269582003 0
vt 0.693786979 0.269896001 0
vt 0.678498983 0.269353002 0
vt 0.673112988 0.215397 0
vt 0.674457014 0.204462007 0
vt 0.682138979 0.204603001 0
vt 0.680805027 0.215536997 0
vt 0.675803006 0.193527997 0
vt 0.683480024 0.193669006 0
vt 0.689840972 0.204749003 0
vt 0.688513994 0.215682 0
vt 0.691177011 0.193816006 0
vt 0.665431023 0.215259001 0
vt 0.666782975 0.204324007 0
vt 0.668134987 0.193389997 0
vt 0.669487 0.182455003 0
vt 0.677151024 0.182593003 0
vt 0.68482399 0.182734996 0
vt 0.692516029 0.182882994 0
vt 0.700236976 0.183042005 0
vt 0.698902011 0.193972006 0
vt 0.69757098 0.204901993 0
vt 0.696250975 0.215832993 0
vt 0.678498983 0.171658993 0
vt 0.679847002 0.160723999 0
vt 0.687511981 0.160866007 0
vt 0.686168015 0.171801001 0
vt 0.681195021 0.149790004 0
vt 0.688857019 0.149931997 0
vt 0.695196986 0.161017001 0
vt 0.693856001 0.171949998 0
vt 0.696537018 0.150085002 0
vt 0.670839012 0.171520993 0
vt 0.672191978 0.160585999 0
vt 0.67354399 0.149652004 0
vt 0.674896002 0.138717994 0
vt 0.682543993 0.138854995 0
vt 0.690200984 0.138998002 0
vt 0.69787699 0.139152005 0
vt 0.705582976 0.139320999 0
vt 0.704245985 0.150251001 0
vt 0.702910006 0.161181003 0
vt 0.701574028 0.172111005 0
vt 0.683892012 0.127921 0
vt 0.685239971 0.116986997 0
vt 0.692889988 0.117129996 0
vt 0.69154501 0.128064007 0
vt 0.686589003 0.106051996 0
vt 0.694234014 0.106196001 0
vt 0.700558007 0.117285997 0
vt 0.699217975 0.128218994 0
vt 0.701898992 0.106353 0
vt 0.676248014 0.127783 0
vt 0.677600026 0.116848998 0
vt 0.678952992 0.105913997 0
vt 0.680305004 0.0949800014 0
vt 0.687937021 0.0951180011 0
vt 0.695577979 0.0952619985 0
vt 0.703239024 0.0954210013 0
vt 0.710928023 0.0955990031 0
vt 0.709591985 0.106530003 0
vt 0.708254993 0.117459998 0
vt 0.706919014 0.128389999 0
vt 0.68928498 0.084183 0
vt 0.690632999 0.0732489973 0
vt 0.698266029 0.0733940005 0
vt 0.696923018 0.0843280032 0
vt 0.691980004 0.062314 0
vt 0.699608982 0.0624600016 0
vt 0.705919027 0.0735550001 0
vt 0.704578996 0.084487997 0
vt 0.707256973 0.0626220033 0
vt 0.681657016 0.0840450004 0
vt 0.683009028 0.0731109977 0
vt 0.684360981 0.0621760003 0
vt 0.685712993 0.0512420014 0
vt 0.693324029 0.051380001 0
vt 0.700949013 0.0515259989 0
vt 0.708594024 0.0516889989 0
vt 0.71626699 0.0518780015 0
vt 0.714935005 0.0628079996 0
vt 0.71359998 0.0737389997 0
vt 0.712264001 0.0846690014 0
vt 0.694664001 0.0404440016 0
vt 0.696000993 0.0295090005 0
vt 0.703619003 0.029654 0
vt 0.702286005 0.0405910015 0
vt 0.697336972 0.0185729992 0
vt 0.704948008 0.0187149998 0
vt 0.711254001 0.0298159998 0
vt 0.709927022 0.040755 0
vt 0.712571025 0.0188679993 0
vt 0.687052011 0.0403070003 0
vt 0.68839097 0.0293710008 0
vt 0.689729989 0.0184359998 0
vt 0.720224977 0.0190529991 0
vt 0.718918979 0.0300069991 0
vt 0.717597008 0.0409459993 0
vt 0.700408995 0.259530991 0
vt 0.700612009 0.248723 0
vt 0.708365977 0.248897001 0
vt 0.708052993 0.259755999 0
vt 0.701490998 0.237839997 0
vt 0.709285021 0.237999007 0
vt 0.716129005 0.249072999 0
vt 0.715701997 0.259983003 0
vt 0.717091978 0.238159999 0
vt 0.701210976 0.270224988 0
vt 0.702718973 0.226918995 0
vt 0.710516989 0.227080002 0
vt 0.718331993 0.227245003 0
vt 0.726154983 0.227411002 0
vt 0.724906027 0.238323003 0
vt 0.72389698 0.249249995 0
vt 0.723354995 0.260210007 0
vt 0.716072977 0.270884991 0
vt 0.723506987 0.271216005 0
vt 0.708639979 0.27055499 0
vt 0.704020023 0.215992004 0
vt 0.705335975 0.205065995 0
vt 0.713129997 0.205237001 0
vt 0.711817026 0.216159001 0
vt 0.706663013 0.194140002 0
vt 0.714452028 0.194316 0
vt 0.72094202 0.205413997 0
vt 0.719631016 0.216328993 0
vt 0.722261012 0.194499001 0
vt 0.707993984 0.183212996 0
vt 0.71578002 0.183394998 0
vt 0.72358501 0.183584005 0
vt 0.731399 0.183777004 0
vt 0.730080009 0.194684997 0
vt 0.728763998 0.205594003 0
vt 0.72745502 0.216501996 0
vt 0.709326029 0.172287002 0
vt 0.710659027 0.161360994 0
vt 0.718436003 0.161552995 0
vt 0.717108011 0.172473997 0
vt 0.711991012 0.150434002 0
vt 0.719763994 0.150631994 0
vt 0.726231992 0.161753997 0
vt 0.724909008 0.172668993 0
vt 0.72755599 0.150839001 0
vt 0.713322997 0.139507994 0
vt 0.721091986 0.139710993 0
vt 0.728879988 0.139925003 0
vt 0.736678004 0.140143007 0
vt 0.735358 0.151051 0
vt 0.734039009 0.161960006 0
vt 0.732719004 0.172867998 0
vt 0.714654982 0.128582001 0
vt 0.71598798 0.117656 0
vt 0.723748028 0.117868997 0
vt 0.722419977 0.128790006 0
vt 0.717320025 0.106729001 0
vt 0.725076973 0.106948003 0
vt 0.731527984 0.118095003 0
vt 0.730203986 0.129010007 0
vt 0.732851982 0.107179999 0
vt 0.71865201 0.095803 0
vt 0.726405025 0.0960270017 0
vt 0.73417598 0.0962650031 0
vt 0.741957009 0.0965090021 0
vt 0.740638018 0.107418001 0
vt 0.739318013 0.118326001 0
vt 0.737998009 0.129234999 0
vt 0.719983995 0.0848769993 0
vt 0.72131598 0.0739500001 0
vt 0.729059994 0.0741849989 0
vt 0.727733016 0.0851060003 0
vt 0.722647011 0.0630239993 0
vt 0.730386972 0.0632639974 0
vt 0.736823976 0.0744350031 0
vt 0.735499978 0.0853499994 0
vt 0.73814702 0.0635199994 0
vt 0.723976016 0.0520979986 0
vt 0.731712997 0.0523429997 0
vt 0.739467978 0.0526049994 0
vt 0.747232974 0.052875001 0
vt 0.745914996 0.0637840033 0
vt 0.744597018 0.0746920034 0
vt 0.743277013 0.085601002 0
vt 0.725301981 0.041170001 0
vt 0.726622999 0.0302380007 0
vt 0.734356999 0.0304979999 0
vt 0.733035982 0.0414209999 0
vt 0.727934003 0.0192959998 0
vt 0.735674977 0.0195710007 0
vt 0.742107987 0.0307739992 0
vt 0.740788996 0.041689001 0
vt 0.743426025 0.0198580008 0
vt 0.75118202 0.020149 0
vt 0.749867022 0.0310580004 0
vt 0.748549998 0.0419670008 0
vt 0.731020987 0.260432988 0
vt 0.731676996 0.249426007 0
vt 0.739530981 0.249589995 0
vt 0.738770008 0.260636002 0
vt 0.732730985 0.238484994 0
vt 0.740622997 0.238638997 0
vt 0.747530997 0.249731004 0
vt 0.746684015 0.26079601 0
vt 0.748647988 0.238777995 0
vt 0.730956972 0.271539986 0
vt 0.733989 0.227577001 0
vt 0.741885006 0.227735996 0
vt 0.74990201 0.227880999 0
vt 0.758100986 0.228006005 0
vt 0.756870985 0.238894999 0
vt 0.755748987 0.249837995 0
vt 0.75484401 0.260892987 0
vt 0.746239007 0.272029012 0
vt 0.754262984 0.272112995 0
vt 0.738502979 0.271824986 0
vt 0.735288978 0.216674998 0
vt 0.736595988 0.205772996 0
vt 0.744479001 0.205945 0
vt 0.743179023 0.216840997 0
vt 0.737908006 0.194870993 0
vt 0.745782018 0.195050001 0
vt 0.75246501 0.206106007 0
vt 0.75118202 0.216993004 0
vt 0.753750026 0.195217997 0
vt 0.73922199 0.183969006 0
vt 0.747088015 0.184156001 0
vt 0.755035996 0.184331 0
vt 0.763110995 0.184488997 0
vt 0.761856973 0.195368007 0
vt 0.760604024 0.206248 0
vt 0.759352028 0.217126995 0
vt 0.740536988 0.173067003 0
vt 0.741851985 0.162165001 0
vt 0.749697983 0.162366003 0
vt 0.748392999 0.173261002 0
vt 0.743166983 0.151262999 0
vt 0.751003027 0.151471004 0
vt 0.75760901 0.162555993 0
vt 0.75632298 0.173443004 0
vt 0.758895993 0.151667997 0
vt 0.744481981 0.140361995 0
vt 0.752308011 0.140576005 0
vt 0.760182023 0.140781 0
vt 0.768127024 0.140972003 0
vt 0.766873002 0.151850998 0
vt 0.76561898 0.162731007 0
vt 0.764365017 0.173610002 0
vt 0.745796025 0.129460007 0
vt 0.747111022 0.118557997 0
vt 0.754918993 0.118786 0
vt 0.753614008 0.129681006 0
vt 0.74842602 0.107656002 0
vt 0.756223977 0.107891001 0
vt 0.762754977 0.119006 0
vt 0.761469007 0.129893005 0
vt 0.76404202 0.108117998 0
vt 0.749741018 0.0967539996 0
vt 0.75752902 0.0969960019 0
vt 0.76532799 0.0972310007 0
vt 0.77314198 0.0974550024 0
vt 0.771888018 0.108333997 0
vt 0.770633996 0.119213998 0
vt 0.769379973 0.130092993 0
vt 0.751056015 0.0858519971 0
vt 0.75237 0.0749510005 0
vt 0.760140002 0.0752059966 0
vt 0.758835018 0.086101003 0
vt 0.753683984 0.0640489981 0
vt 0.761444986 0.0643109977 0
vt 0.767901003 0.0754560009 0
vt 0.766614974 0.0863429978 0
vt 0.769186974 0.0645679981 0
vt 0.754998028 0.0531469993 0
vt 0.762749016 0.0534159988 0
vt 0.770473003 0.0536810011 0
vt 0.778156996 0.0539380014 0
vt 0.776902974 0.0648169965 0
vt 0.775650024 0.0756969973 0
vt 0.774396002 0.0865759999 0
vt 0.756310999 0.0422450006 0
vt 0.757623971 0.0313429981 0
vt 0.765362978 0.031626001 0
vt 0.764054 0.0425209999 0
vt 0.758937001 0.0204409994 0
vt 0.766681015 0.0207320005 0
vt 0.773064971 0.0319060013 0
vt 0.771761 0.0427929983 0
vt 0.774397016 0.0210200008 0
vt 0.782019973 0.0213040002 0
vt 0.780691981 0.0321809985 0
vt 0.779413998 0.0430589989 0
vt 0.907217026 0.0217489991 0
vt 0.914996982 0.0215540007 0
vt 0.914954007 0.032455001 0
vt 0.907193005 0.0326329991 0
vt 0.922810972 0.0213590004 0
vt 0.922761023 0.0322769992 0
vt 0.914901972 0.0433560014 0
vt 0.907136977 0.0435179994 0
vt 0.922710001 0.0431950018 0
vt 0.930637002 0.021164 0
vt 0.93058902 0.0320999995 0
vt 0.930540025 0.0430359989 0
vt 0.930490971 0.053971 0
vt 0.922658026 0.0541130006 0
vt 0.914843023 0.0542570017 0
vt 0.907063007 0.0544029996 0
vt 0.899439991 0.0436820015 0
vt 0.89933598 0.0545529984 0
vt 0.89951998 0.0328110009 0
vt 0.899542987 0.0219429992 0
vt 0.938464999 0.0209710002 0
vt 0.94628799 0.0207829997 0
vt 0.946237981 0.0317590013 0
vt 0.938417971 0.0319239981 0
vt 0.954096019 0.0206090007 0
vt 0.954038024 0.0316150002 0
vt 0.946192026 0.0427309982 0
vt 0.938371003 0.0428779982 0
vt 0.953990996 0.0426080003 0
vt 0.961865008 0.0204789992 0
vt 0.961800992 0.0315099992 0
vt 0.961755991 0.0425200015 0
vt 0.96171999 0.0535219982 0
vt 0.953948975 0.053594999 0
vt 0.946147025 0.0537020005 0
vt 0.938323975 0.0538309999 0
vt 0.969560027 0.0204249993 0
vt 0.977214992 0.0204130001 0
vt 0.977190971 0.0314420015 0
vt 0.969514012 0.0314560011 0
vt 0.984856009 0.0204160009 0
vt 0.984848022 0.0314490013 0
vt 0.977169991 0.0424670018 0
vt 0.969479978 0.0424759984 0
vt 0.984839022 0.0424810015 0
vt 0.99249202 0.0204249993 0
vt 0.992495 0.0314659998 0
vt 0.992497027 0.0425059982 0
vt 0.992500007 0.0535469986 0
vt 0.984830022 0.0535130017 0
vt 0.977150977 0.0534900017 0
vt 0.96945101 0.0534889996 0
vt 0.906985998 0.0652879998 0
vt 0.914783001 0.0651580021 0
vt 0.914722979 0.0760589987 0
vt 0.906910002 0.076173 0
vt 0.922605991 0.0650309995 0
vt 0.922554016 0.0759489983 0
vt 0.91466397 0.0869600028 0
vt 0.906832993 0.0870589986 0
vt 0.922501028 0.086868003 0
vt 0.899227977 0.0654240027 0
vt 0.930441022 0.0649069995 0
vt 0.930392027 0.0758420005 0
vt 0.930342019 0.086778 0
vt 0.93029201 0.0977130011 0
vt 0.922448993 0.0977860019 0
vt 0.914604008 0.0978609994 0
vt 0.906755984 0.0979439989 0
vt 0.899012029 0.0871659964 0
vt 0.898904026 0.098036997 0
vt 0.899119973 0.0762950033 0
vt 0.938277006 0.0647839978 0
vt 0.946102977 0.0646720007 0
vt 0.946057975 0.0756419972 0
vt 0.938229978 0.0757369995 0
vt 0.95390898 0.0645809993 0
vt 0.953867972 0.0755669996 0
vt 0.946012974 0.0866120011 0
vt 0.938181996 0.0866900012 0
vt 0.95382601 0.0865520015 0
vt 0.961683989 0.0645209998 0
vt 0.961647987 0.0755209997 0
vt 0.961611986 0.0865209997 0
vt 0.961575985 0.0975209996 0
vt 0.953785002 0.0975380018 0
vt 0.945967972 0.0975819975 0
vt 0.938135028 0.0976430029 0
vt 0.969422996 0.0645010024 0
vt 0.977132022 0.0645119995 0
vt 0.977111995 0.0755349994 0
vt 0.969394982 0.0755129978 0
vt 0.984821022 0.0645449981 0
vt 0.984811008 0.0755759999 0
vt 0.977092028 0.0865570009 0
vt 0.969366014 0.0865250006 0
vt 0.984800994 0.0866080001 0
vt 0.992500007 0.064586997 0
vt 0.992500007 0.0756279975 0
vt 0.992500007 0.086668998 0
vt 0.992500007 0.0977090001 0
vt 0.984790027 0.0976400003 0
vt 0.977072001 0.0975800008 0
vt 0.969336987 0.0975370035 0
vt 0.906678975 0.108828999 0
vt 0.914543986 0.108763002 0
vt 0.914484024 0.119663998 0
vt 0.906602025 0.119713999 0
vt 0.922396004 0.108704001 0
vt 0.922344029 0.119622 0
vt 0.914424002 0.130565003 0
vt 0.906525016 0.130600005 0
vt 0.922290981 0.130539998 0
vt 0.898796022 0.108907998 0
vt 0.930243015 0.108649001 0
vt 0.930193007 0.119584002 0
vt 0.930142999 0.130520001 0
vt 0.930094004 0.141454995 0
vt 0.922239006 0.141458005 0
vt 0.91436398 0.141466007 0
vt 0.906448007 0.141485006 0
vt 0.898580015 0.130649999 0
vt 0.898470998 0.141521007 0
vt 0.898688018 0.119778998 0
vt 0.938086987 0.108595997 0
vt 0.945922971 0.108552001 0
vt 0.945878029 0.119521998 0
vt 0.938039005 0.119548999 0
vt 0.953743994 0.108524002 0
vt 0.953701973 0.119510002 0
vt 0.945833027 0.130492002 0
vt 0.937991977 0.130502 0
vt 0.953661025 0.130495995 0
vt 0.961539984 0.108521 0
vt 0.961503983 0.119520999 0
vt 0.961467981 0.130520999 0
vt 0.96143198 0.141521007 0
vt 0.953620017 0.141480997 0
vt 0.945788026 0.141461998 0
vt 0.937943995 0.141454995 0
vt 0.969308019 0.108548999 0
vt 0.977051973 0.108602002 0
vt 0.977032006 0.119625002 0
vt 0.969278991 0.119561002 0
vt 0.984780014 0.108672 0
vt 0.98477 0.119704001 0
vt 0.977011979 0.130647004 0
vt 0.969250023 0.130573004 0
vt 0.984758973 0.130735993 0
vt 0.992500007 0.108750001 0
vt 0.992500007 0.119790003 0
vt 0.992500007 0.130831003 0
vt 0.992500007 0.141872004 0
vt 0.984749019 0.141766995 0
vt 0.976990998 0.141670004 0
vt 0.969220996 0.141585007 0
vt 0.906370997 0.152370006 0
vt 0.914304018 0.152366996 0
vt 0.914243996 0.163268 0
vt 0.906293988 0.163256004 0
vt 0.922186971 0.152375996 0
vt 0.922133982 0.163294002 0
vt 0.914183974 0.174169004 0
vt 0.906216979 0.174141005 0
vt 0.922082007 0.174211994 0
vt 0.898362994 0.152392 0
vt 0.930043995 0.152391002 0
vt 0.929995 0.163326994 0
vt 0.929944992 0.174262002 0
vt 0.929894984 0.185197994 0
vt 0.922029018 0.18513 0
vt 0.914124012 0.185069993 0
vt 0.906140029 0.185026005 0
vt 0.898146987 0.174134001 0
vt 0.898038983 0.185004994 0
vt 0.898254991 0.163262993 0
vt 0.937897027 0.152408004 0
vt 0.945743024 0.152431995 0
vt 0.945698023 0.163400993 0
vt 0.937848985 0.163360998 0
vt 0.953577995 0.152466998 0
vt 0.953536987 0.163452998 0
vt 0.945653021 0.174371004 0
vt 0.937802017 0.174314007 0
vt 0.953495979 0.174438998 0
vt 0.961395979 0.152520999 0
vt 0.961359978 0.163521007 0
vt 0.961323977 0.174520999 0
vt 0.961287975 0.185521007 0
vt 0.953454018 0.185424 0
vt 0.94560802 0.185341001 0
vt 0.937753975 0.185267001 0
vt 0.969192028 0.152596995 0
vt 0.976970971 0.152692005 0
vt 0.976951003 0.163715005 0
vt 0.969163001 0.163608998 0
vt 0.984737992 0.152798995 0
vt 0.984727979 0.163830996 0
vt 0.976930976 0.174737006 0
vt 0.969134986 0.174621999 0
vt 0.984718025 0.174862996 0
vt 0.992500007 0.152912006 0
vt 0.992500007 0.163953006 0
vt 0.992500007 0.174992993 0
vt 0.992500007 0.186033994 0
vt 0.984708011 0.185894996 0
vt 0.976911008 0.185760006 0
vt 0.969106019 0.185634002 0
vt 0.90606302 0.195911005 0
vt 0.91406399 0.195970997 0
vt 0.914004028 0.206872001 0
vt 0.905987024 0.206797004 0
vt 0.921976984 0.196048006 0
vt 0.921923995 0.206965998 0
vt 0.913944006 0.217774004 0
vt 0.905910015 0.217682004 0
vt 0.92187202 0.217884004 0
vt 0.89793098 0.195876002 0
vt 0.929845989 0.196133003 0
vt 0.92979598 0.207068995 0
vt 0.929745972 0.218004003 0
vt 0.929696977 0.228939995 0
vt 0.921819985 0.228801996 0
vt 0.913883984 0.228674993 0
vt 0.905833006 0.228567004 0
vt 0.897714019 0.217618003 0
vt 0.897606015 0.228488997 0
vt 0.897822022 0.206746995 0
vt 0.937705994 0.196219996 0
vt 0.945563018 0.196310997 0
vt 0.945518017 0.207280993 0
vt 0.937659025 0.207173005 0
vt 0.95341301 0.19641 0
vt 0.953372002 0.207396001 0
vt 0.945473015 0.218251005 0
vt 0.937610984 0.218125999 0
vt 0.95332998 0.218382001 0
vt 0.961251974 0.196520999 0
vt 0.961215973 0.207521006 0
vt 0.961179018 0.218520999 0
vt 0.961143017 0.229521006 0
vt 0.953288972 0.229368001 0
vt 0.945428014 0.229221001 0
vt 0.937564015 0.229078993 0
vt 0.969076991 0.196646005 0
vt 0.976890981 0.196781993 0
vt 0.97687 0.207804993 0
vt 0.969048023 0.207657993 0
vt 0.984696984 0.196925998 0
vt 0.984686971 0.207957998 0
vt 0.976849973 0.218826994 0
vt 0.969018996 0.218669996 0
vt 0.984676003 0.218989998 0
vt 0.992500007 0.197074994 0
vt 0.992500007 0.208114997 0
vt 0.992500007 0.219155997 0
vt 0.992500007 0.230195999 0
vt 0.98466599 0.230021998 0
vt 0.976830006 0.229849994 0
vt 0.968990028 0.229681998 0
vt 0.905749977 0.239462003 0
vt 0.913814008 0.239583999 0
vt 0.913679004 0.250542015 0
vt 0.905634999 0.250418007 0
vt 0.921751022 0.239726007 0
vt 0.921585023 0.25068 0
vt 0.913416982 0.261595994 0
vt 0.90545398 0.261492997 0
vt 0.921223998 0.261696011 0
vt 0.897496998 0.239371002 0
vt 0.929624975 0.239877 0
vt 0.929421008 0.250826001 0
vt 0.928952992 0.261797011 0
vt 0.928089023 0.272801995 0
vt 0.920571983 0.272805989 0
vt 0.912963986 0.272796988 0
vt 0.905173004 0.272747993 0
vt 0.897255003 0.261379987 0
vt 0.897108972 0.272632986 0
vt 0.897382021 0.250313997 0
vt 0.937488019 0.240031004 0
vt 0.945349991 0.240187004 0
vt 0.945069015 0.251127005 0
vt 0.937246025 0.250975013 0
vt 0.953208029 0.240346 0
vt 0.952889979 0.251282007 0
vt 0.944383979 0.262015015 0
vt 0.936668992 0.261902988 0
vt 0.952098012 0.262129992 0
vt 0.961062014 0.240511 0
vt 0.960708022 0.251439989 0
vt 0.959809005 0.262248993 0
vt 0.958094001 0.272877991 0
vt 0.950594008 0.272848994 0
vt 0.943093002 0.272823989 0
vt 0.935590982 0.272807986 0
vt 0.968910992 0.240680993 0
vt 0.976764023 0.24086 0
vt 0.976423979 0.251798004 0
vt 0.968532979 0.251607001 0
vt 0.984628975 0.241045997 0
vt 0.984427989 0.252027005 0
vt 0.975489974 0.262576997 0
vt 0.967552006 0.262382001 0
vt 0.983803988 0.262888998 0
vt 0.992500007 0.241237 0
vt 0.992500007 0.252278 0
vt 0.992500007 0.263318002 0
vt 0.992500007 0.274358988 0
vt 0.981921017 0.273382992 0
vt 0.973457992 0.273054004 0
vt 0.965637982 0.272922993 0
vt 0.906018019 0.454986989 0
vt 0.905625999 0.441882998 0
vt 0.912526011 0.441590011 0
vt 0.913101971 0.45410499 0
vt 0.905230999 0.429347992 0
vt 0.911961973 0.429244995 0
vt 0.919360995 0.440335006 0
vt 0.920158982 0.452549994 0
vt 0.918587029 0.428135991 0
vt 0.89911598 0.470616996 0
vt 0.898916006 0.453913003 0
vt 0.906400025 0.468668997 0
vt 0.898639023 0.440412998 0
vt 0.898342013 0.427888989 0
vt 0.89804399 0.415780008 0
vt 0.904843986 0.417109996 0
vt 0.911421001 0.417001009 0
vt 0.917850018 0.41594401 0
vt 0.924205005 0.414429009 0
vt 0.925159991 0.426541001 0
vt 0.926163018 0.438641995 0
vt 0.927200019 0.450737 0
vt 0.920969009 0.464774996 0
vt 0.928252995 0.46282801 0
vt 0.913685024 0.466722012 0
vt 0.934238017 0.448886991 0
vt 0.932959974 0.436890006 0
vt 0.939756989 0.435149997 0
vt 0.941277027 0.447043985 0
vt 0.931722999 0.424883991 0
vt 0.93828702 0.423245013 0
vt 0.946554005 0.433418006 0
vt 0.948315978 0.445205003 0
vt 0.944850981 0.421618998 0
vt 0.935536981 0.460880995 0
vt 0.930546999 0.412865013 0
vt 0.936890006 0.411325008 0
vt 0.943233013 0.409801006 0
vt 0.949575007 0.408286005 0
vt 0.951413989 0.419999003 0
vt 0.953351021 0.431690991 0
vt 0.955353975 0.443367988 0
vt 0.950106025 0.45698601 0
vt 0.95739001 0.455038995 0
vt 0.942821026 0.458932996 0
vt 0.962392986 0.441531986 0
vt 0.960147023 0.429964006 0
vt 0.966934979 0.428238988 0
vt 0.969430029 0.439695001 0
vt 0.957974017 0.418381006 0
vt 0.964510024 0.416768014 0
vt 0.973707974 0.42651701 0
vt 0.976464987 0.437858999 0
vt 0.971001983 0.415163994 0
vt 0.964673996 0.453092009 0
vt 0.955913007 0.406773001 0
vt 0.962216973 0.405267 0
vt 0.968445003 0.403777987 0
vt 0.974421978 0.402345002 0
vt 0.977447987 0.413571 0
vt 0.980473995 0.424796999 0
vt 0.983500004 0.436022997 0
vt 0.979242027 0.449196994 0
vt 0.986526012 0.447248995 0
vt 0.971957982 0.45114401 0
vt 0.904477 0.404917985 0
vt 0.904142976 0.392722011 0
vt 0.910462022 0.392527014 0
vt 0.910915971 0.404767007 0
vt 0.903850019 0.380522996 0
vt 0.910076022 0.380281001 0
vt 0.91655302 0.391535014 0
vt 0.917164981 0.403744012 0
vt 0.916041017 0.379316986 0
vt 0.897755027 0.403739989 0
vt 0.897481978 0.39169699 0
vt 0.897231996 0.379653007 0
vt 0.897008002 0.367606997 0
vt 0.903609991 0.368319988 0
vt 0.909775972 0.368030012 0
vt 0.915651977 0.367091 0
vt 0.921383977 0.365859985 0
vt 0.921875 0.378019989 0
vt 0.922531009 0.390168995 0
vt 0.923318982 0.402305007 0
vt 0.929457009 0.400830001 0
vt 0.928489983 0.388778001 0
vt 0.934449017 0.387423992 0
vt 0.935595989 0.399385005 0
vt 0.927688003 0.376711994 0
vt 0.933499992 0.375445008 0
vt 0.940409005 0.386094987 0
vt 0.941734016 0.397960007 0
vt 0.939314008 0.374206007 0
vt 0.927091002 0.364630014 0
vt 0.932798982 0.363447011 0
vt 0.93850702 0.362293988 0
vt 0.944215 0.361158013 0
vt 0.94512701 0.372981012 0
vt 0.946367979 0.384777009 0
vt 0.947872996 0.396544993 0
vt 0.954007983 0.395132989 0
vt 0.952322006 0.383462012 0
vt 0.958243012 0.382151008 0
vt 0.960115016 0.393727005 0
vt 0.950927973 0.371760011 0
vt 0.956656992 0.370543987 0
vt 0.964110017 0.380845994 0
vt 0.966172993 0.392331004 0
vt 0.962248981 0.369338006 0
vt 0.949905992 0.360024989 0
vt 0.955498993 0.358900011 0
vt 0.960860014 0.357793003 0
vt 0.965463996 0.356743008 0
vt 0.967702985 0.368144006 0
vt 0.969942987 0.37954399 0
vt 0.972181976 0.390944988 0
vt 0.903436005 0.356119007 0
vt 0.903352976 0.343937993 0
vt 0.909539998 0.34356299 0
vt 0.909583986 0.355780005 0
vt 0.90338701 0.331800997 0
vt 0.909686983 0.331418008 0
vt 0.915400028 0.342689991 0
vt 0.915419996 0.354867011 0
vt 0.91565901 0.330612004 0
vt 0.896818995 0.355560988 0
vt 0.896677017 0.343526989 0
vt 0.896593988 0.331515014 0
vt 0.896584988 0.319539011 0
vt 0.903566003 0.31973201 0
vt 0.910072029 0.319379985 0
vt 0.916260004 0.318688005 0
vt 0.922290981 0.317858011 0
vt 0.921467006 0.329631001 0
vt 0.921097994 0.341601998 0
vt 0.921099007 0.353702009 0
vt 0.926752985 0.352548003 0
vt 0.926769018 0.340537012 0
vt 0.932440996 0.339525998 0
vt 0.932407022 0.351446003 0
vt 0.927246988 0.328678995 0
vt 0.933027983 0.327782005 0
vt 0.93811202 0.338551015 0
vt 0.938060999 0.35037899 0
vt 0.938809991 0.326920986 0
vt 0.928295016 0.317059994 0
vt 0.934298992 0.316312999 0
vt 0.940303981 0.315598994 0
vt 0.946308017 0.314902991 0
vt 0.944590986 0.326077998 0
vt 0.943783998 0.337594002 0
vt 0.94371599 0.349328011 0
vt 0.949356973 0.348280996 0
vt 0.949440002 0.336636007 0
vt 0.955003977 0.335653007 0
vt 0.954918027 0.347234994 0
vt 0.950339019 0.325224996 0
vt 0.95589 0.324295014 0
vt 0.960413992 0.334627986 0
vt 0.960331023 0.346195012 0
vt 0.961067021 0.323220015 0
vt 0.952268004 0.314191014 0
vt 0.957957029 0.313371986 0
vt 0.96301502 0.31230399 0
vt 0.966000021 0.310415 0
vt 0.965866029 0.321996987 0
vt 0.965731978 0.333579004 0
vt 0.965597987 0.345160991 0
vt 0.903900027 0.307756007 0
vt 0.904330015 0.295908988 0
vt 0.91149199 0.295747995 0
vt 0.91070801 0.307485014 0
vt 0.904779017 0.284227014 0
vt 0.91228801 0.284180999 0
vt 0.918398023 0.295415014 0
vt 0.917225003 0.30695799 0
vt 0.919579983 0.284038007 0
vt 0.896655023 0.307615995 0
vt 0.896785021 0.295791 0
vt 0.896945 0.28411299 0
vt 0.926764011 0.283859998 0
vt 0.925176978 0.295017987 0
vt 0.923596978 0.306331992 0
vt 0.929944992 0.305734992 0
vt 0.931935012 0.294643015 0
vt 0.938692987 0.29429999 0
vt 0.936293006 0.305180013 0
vt 0.933929026 0.283697009 0
vt 0.941093981 0.283555001 0
vt 0.945451021 0.293978989 0
vt 0.94264102 0.304652989 0
vt 0.948260009 0.283425987 0
vt 0.955424011 0.283304989 0
vt 0.952207983 0.293668002 0
vt 0.948988974 0.304141015 0
vt 0.955305994 0.303618997 0
vt 0.958966017 0.293357998 0
vt 0.965726018 0.293042004 0
vt 0.961438 0.30302301 0
vt 0.96262002 0.283194989 0
vt 0.970005989 0.283143014 0
vt 0.972486973 0.29271701 0
vt 0.967213988 0.302284986 0
vt 0.977753997 0.283201009 0
vt 0.98587501 0.283372998 0
vt 0.979250014 0.292387009 0
vt 0.972625017 0.301400989 0
vt 0.673797011 0.279060006 0
vt 0.681612015 0.279381007 0
vt 0.685869992 0.289227009 0
vt 0.679126978 0.288502991 0
vt 0.688977003 0.279810995 0
vt 0.692579985 0.28994 0
vt 0.690330982 0.299160004 0
vt 0.684596002 0.298002988 0
vt 0.696402013 0.300170004 0
vt 0.665516973 0.278851986 0
vt 0.696106017 0.280299008 0
vt 0.699268997 0.290645987 0
vt 0.702650011 0.301102996 0
vt 0.705618978 0.311838001 0
vt 0.699733019 0.310707986 0
vt 0.694106996 0.309466988 0
vt 0.68908602 0.307965994 0
vt 0.67921102 0.29669401 0
vt 0.686056972 0.305615008 0
vt 0.672363997 0.287773013 0
vt 0.691424012 0.318852991 0
vt 0.696538985 0.320353001 0
vt 0.697830975 0.331678987 0
vt 0.692511976 0.330244988 0
vt 0.702014983 0.32170099 0
vt 0.703301013 0.333068013 0
vt 0.698338985 0.343237013 0
vt 0.693042994 0.341802001 0
vt 0.703787029 0.344671994 0
vt 0.686671019 0.317200005 0
vt 0.707681 0.322970003 0
vt 0.70885998 0.334430993 0
vt 0.709317029 0.346105993 0
vt 0.709208012 0.357879996 0
vt 0.703642011 0.356384009 0
vt 0.698179007 0.354891002 0
vt 0.692952991 0.353406996 0
vt 0.687897027 0.340368986 0
vt 0.688510001 0.351953 0
vt 0.687283993 0.328783989 0
vt 0.691977978 0.364989996 0
vt 0.697425008 0.366540998 0
vt 0.696223021 0.378167987 0
vt 0.690513015 0.376549989 0
vt 0.70301199 0.368097991 0
vt 0.701991975 0.379790008 0
vt 0.694715977 0.389770001 0
vt 0.688830972 0.388092011 0
vt 0.70065999 0.391456991 0
vt 0.686673999 0.363444 0
vt 0.708674014 0.369657993 0
vt 0.707795978 0.381415993 0
vt 0.706634998 0.393150985 0
vt 0.705254972 0.404859006 0
vt 0.699082971 0.403095007 0
vt 0.692951024 0.401336998 0
vt 0.68690902 0.399598002 0
vt 0.683003008 0.386426002 0
vt 0.681167006 0.397915989 0
vt 0.68483901 0.374935001 0
vt 0.684650004 0.411040008 0
vt 0.69095999 0.412865013 0
vt 0.688812971 0.424362004 0
vt 0.682210982 0.422448009 0
vt 0.697323024 0.414698988 0
vt 0.695429981 0.426277995 0
vt 0.686581016 0.435842007 0
vt 0.679713011 0.433844 0
vt 0.693450987 0.437840998 0
vt 0.678393006 0.409226 0
vt 0.703715026 0.416539013 0
vt 0.702058017 0.428196996 0
vt 0.700321972 0.439839989 0
vt 0.698547006 0.451474994 0
vt 0.691428006 0.449395001 0
vt 0.684310019 0.447315007 0
vt 0.677191019 0.445235997 0
vt 0.672846019 0.431845993 0
vt 0.670072019 0.443156004 0
vt 0.675620019 0.420536011 0
vt 0.703198016 0.280795991 0
vt 0.710291028 0.281293988 0
vt 0.712643981 0.292055994 0
vt 0.705955982 0.291350991 0
vt 0.717387021 0.281792015 0
vt 0.71933198 0.292760998 0
vt 0.715204 0.302944005 0
vt 0.708926976 0.302024007 0
vt 0.721481025 0.303864002 0
vt 0.724483013 0.282290012 0
vt 0.726019979 0.293466002 0
vt 0.72775799 0.304785013 0
vt 0.729336023 0.316285998 0
vt 0.723406971 0.315174013 0
vt 0.717477977 0.314061999 0
vt 0.711547971 0.312949985 0
vt 0.713378012 0.324225992 0
vt 0.719075024 0.325480998 0
vt 0.720010996 0.337146997 0
vt 0.714435995 0.335788995 0
vt 0.724771976 0.326736987 0
vt 0.725585997 0.338506013 0
vt 0.720404029 0.348973989 0
vt 0.714860976 0.347539991 0
vt 0.725947022 0.350407988 0
vt 0.730468988 0.327991992 0
vt 0.731160998 0.339863986 0
vt 0.731491029 0.351841986 0
vt 0.731537998 0.363869995 0
vt 0.725955009 0.362372994 0
vt 0.720372975 0.36087501 0
vt 0.714789987 0.35937801 0
vt 0.714348972 0.371217996 0
vt 0.72002399 0.372779012 0
vt 0.719416022 0.384667009 0
vt 0.713606 0.383040994 0
vt 0.725697994 0.374339014 0
vt 0.725225985 0.386292994 0
vt 0.718595982 0.396539003 0
vt 0.712616026 0.394845009 0
vt 0.724575996 0.398232996 0
vt 0.731373012 0.375898987 0
vt 0.731034994 0.387919009 0
vt 0.730557024 0.39992699 0
vt 0.729969025 0.411922991 0
vt 0.72378999 0.410156995 0
vt 0.717612028 0.408390999 0
vt 0.711434007 0.406625003 0
vt 0.710111022 0.418379992 0
vt 0.716507971 0.420221001 0
vt 0.715314984 0.432034999 0
vt 0.708685994 0.430115998 0
vt 0.722904027 0.42206201 0
vt 0.721943974 0.433954 0
vt 0.714064002 0.443836987 0
vt 0.707193017 0.44183901 0
vt 0.720936 0.445836008 0
vt 0.729300022 0.423902988 0
vt 0.728573024 0.435873002 0
vt 0.727806985 0.447834998 0
vt 0.727021992 0.459794015 0
vt 0.719902992 0.457713991 0
vt 0.712783992 0.455633998 0
vt 0.705666006 0.453554988 0
vt 0.731597006 0.282775998 0
vt 0.738825977 0.283192992 0
vt 0.739573002 0.294732988 0
vt 0.732729971 0.294153005 0
vt 0.746279001 0.283470005 0
vt 0.746680021 0.29509601 0
vt 0.740512013 0.306425005 0
vt 0.734059989 0.305680007 0
vt 0.747265995 0.306870013 0
vt 0.754073024 0.283537 0
vt 0.754185021 0.295136005 0
vt 0.754471004 0.306863993 0
vt 0.754804015 0.318675011 0
vt 0.747862995 0.318753004 0
vt 0.741414011 0.318251997 0
vt 0.735292971 0.317364991 0
vt 0.736194015 0.329209 0
vt 0.742091 0.330193013 0
vt 0.742538989 0.342218995 0
vt 0.736764014 0.341176987 0
vt 0.748327971 0.330711007 0
vt 0.748654008 0.342720985 0
vt 0.742797971 0.354301989 0
vt 0.737061977 0.353224993 0
vt 0.748865008 0.354766011 0
vt 0.755078018 0.330529988 0
vt 0.755282998 0.342411011 0
vt 0.755429029 0.354310989 0
vt 0.755528986 0.366218001 0
vt 0.748986006 0.366825998 0
vt 0.742910981 0.366409987 0
vt 0.73714602 0.365310997 0
vt 0.737070978 0.377397001 0
vt 0.742913008 0.378517985 0
vt 0.742824972 0.39062199 0
vt 0.736865997 0.389476001 0
vt 0.749038994 0.378886998 0
vt 0.749037027 0.390944988 0
vt 0.742663026 0.402720004 0
vt 0.73655498 0.401547015 0
vt 0.748989999 0.402999014 0
vt 0.755594015 0.378125995 0
vt 0.75563103 0.390033007 0
vt 0.75564301 0.401937008 0
vt 0.755638003 0.413839012 0
vt 0.74890703 0.415048987 0
vt 0.742444992 0.414810985 0
vt 0.736162007 0.413608015 0
vt 0.735707998 0.425660014 0
vt 0.742183983 0.42691201 0
vt 0.741892993 0.439110994 0
vt 0.735210001 0.437716991 0
vt 0.748798013 0.427143991 0
vt 0.748669982 0.439536005 0
vt 0.741581023 0.451481014 0
vt 0.734682024 0.449790001 0
vt 0.748528004 0.452495992 0
vt 0.755618989 0.425808996 0
vt 0.755589008 0.438194007 0
vt 0.755549014 0.451552987 0
vt 0.755496025 0.468111992 0
vt 0.748377025 0.466033012 0
vt 0.741258979 0.463952988 0
vt 0.734139979 0.461872995 0
vt 0.888768017 0.261256993 0
vt 0.880041003 0.261130989 0
vt 0.880156994 0.250178009 0
vt 0.888873994 0.250234991 0
vt 0.87114799 0.261011988 0
vt 0.871298015 0.250138015 0
vt 0.880338013 0.239290997 0
vt 0.889012992 0.239316002 0
vt 0.87153703 0.239287004 0
vt 0.888709009 0.272435009 0
vt 0.880024016 0.272184014 0
vt 0.871133983 0.271919996 0
vt 0.862118006 0.271683991 0
vt 0.862163007 0.260912001 0
vt 0.862365007 0.250111997 0
vt 0.862671971 0.239292994 0
vt 0.863031983 0.228465006 0
vt 0.871820986 0.228446007 0
vt 0.880551994 0.228437006 0
vt 0.889167011 0.228448004 0
vt 0.889322996 0.217589006 0
vt 0.880771995 0.217589006 0
vt 0.880990982 0.206740007 0
vt 0.889479995 0.206731007 0
vt 0.872112989 0.217607006 0
vt 0.872404993 0.206768006 0
vt 0.881210983 0.195892006 0
vt 0.889636993 0.195871994 0
vt 0.872696996 0.195929006 0
vt 0.863400996 0.217635006 0
vt 0.863770008 0.206805006 0
vt 0.86413902 0.195975006 0
vt 0.86450702 0.185145006 0
vt 0.872987986 0.185090005 0
vt 0.88142997 0.185044006 0
vt 0.889792979 0.185012996 0
vt 0.889949977 0.174153998 0
vt 0.881649971 0.174196005 0
vt 0.881869018 0.163347006 0
vt 0.890106976 0.163295001 0
vt 0.873279989 0.174252003 0
vt 0.873571992 0.163413003 0
vt 0.882089019 0.152499005 0
vt 0.890263021 0.152436003 0
vt 0.873863995 0.152574003 0
vt 0.864875972 0.174315006 0
vt 0.865244985 0.163485005 0
vt 0.865613997 0.152655005 0
vt 0.865981996 0.141825005 0
vt 0.874154985 0.141735002 0
vt 0.882308006 0.141651005 0
vt 0.89042002 0.141577005 0
vt 0.890577018 0.130717993 0
vt 0.882528007 0.130802006 0
vt 0.882746994 0.119953997 0
vt 0.890734017 0.119860001 0
vt 0.874446988 0.130896002 0
vt 0.874738991 0.120057002 0
vt 0.882965982 0.109105997 0
vt 0.890890002 0.109001003 0
vt 0.875030994 0.109218001 0
vt 0.866351008 0.130995005 0
vt 0.866720021 0.120164998 0
vt 0.86708802 0.109334998 0
vt 0.867456973 0.0985049978 0
vt 0.875321984 0.098379001 0
vt 0.883185983 0.0982569978 0
vt 0.891047001 0.0981419981 0
vt 0.891204 0.0872830003 0
vt 0.88340503 0.0874089971 0
vt 0.883624971 0.0765609965 0
vt 0.891359985 0.0764240026 0
vt 0.875613987 0.0875409991 0
vt 0.875905991 0.0767019987 0
vt 0.883844018 0.0657119974 0
vt 0.891516984 0.0655649975 0
vt 0.876197994 0.0658629984 0
vt 0.867825985 0.0876749977 0
vt 0.868194997 0.0768449977 0
vt 0.868562996 0.0660149977 0
vt 0.868932009 0.0551850013 0
vt 0.876488984 0.0550240017 0
vt 0.884064019 0.0548640005 0
vt 0.891673982 0.0547059998 0
vt 0.891828001 0.0438480005 0
vt 0.884281993 0.0440159999 0
vt 0.88449502 0.0331679992 0
vt 0.891964018 0.032988999 0
vt 0.876780987 0.0441850014 0
vt 0.877071977 0.0333460011 0
vt 0.88469702 0.0223200005 0
vt 0.892067015 0.022132 0
vt 0.877361 0.0225070007 0
vt 0.869301021 0.0443550013 0
vt 0.869669974 0.0335250013 0
vt 0.870037973 0.0226949994 0
vt 0.85314697 0.260838002 0
vt 0.844116986 0.26078701 0
vt 0.844461977 0.250081003 0
vt 0.853415012 0.250093997 0
vt 0.835075974 0.260753006 0
vt 0.835505009 0.250068992 0
vt 0.84491998 0.239307001 0
vt 0.853797019 0.239301994 0
vt 0.836043 0.239306003 0
vt 0.853047013 0.271508008 0
vt 0.843940973 0.271389991 0
vt 0.834811985 0.271317005 0
vt 0.825671017 0.271279007 0
vt 0.826031029 0.260729015 0
vt 0.826547027 0.250054002 0
vt 0.827166975 0.239295006 0
vt 0.827838004 0.228494003 0
vt 0.836636007 0.228504002 0
vt 0.845435023 0.228498995 0
vt 0.85423398 0.228484005 0
vt 0.854680002 0.217663005 0
vt 0.845959008 0.217684999 0
vt 0.846484005 0.206871003 0
vt 0.855126977 0.206842005 0
vt 0.837238014 0.217694998 0
vt 0.837840974 0.206885993 0
vt 0.84700799 0.196057007 0
vt 0.855572999 0.196020007 0
vt 0.838442981 0.196077004 0
vt 0.828517973 0.217685997 0
vt 0.829198003 0.206878006 0
vt 0.829877973 0.196070999 0
vt 0.830558002 0.185262993 0
vt 0.839044988 0.185268 0
vt 0.847531974 0.185242996 0
vt 0.856019974 0.185199007 0
vt 0.856465995 0.174377993 0
vt 0.848056972 0.174428999 0
vt 0.848581016 0.163615003 0
vt 0.856912971 0.163555995 0
vt 0.839646995 0.174458995 0
vt 0.840249002 0.163650006 0
vt 0.849105 0.152801007 0
vt 0.857358992 0.152734995 0
vt 0.840851009 0.152840003 0
vt 0.831237972 0.174455002 0
vt 0.831918001 0.163646996 0
vt 0.832597971 0.152839005 0
vt 0.833276987 0.142030999 0
vt 0.841453016 0.142030999 0
vt 0.849629998 0.141986996 0
vt 0.857806027 0.141912997 0
vt 0.858251989 0.131091997 0
vt 0.850153983 0.131173 0
vt 0.850678027 0.120359004 0
vt 0.858699024 0.120270997 0
vt 0.842055976 0.131221995 0
vt 0.842657983 0.120412998 0
vt 0.851202011 0.109545 0
vt 0.859144986 0.109448999 0
vt 0.84325999 0.109604001 0
vt 0.833957016 0.131224006 0
vt 0.834636986 0.120416 0
vt 0.835317016 0.109608002 0
vt 0.835996985 0.0988000035 0
vt 0.843861997 0.0987949967 0
vt 0.851727009 0.0987310037 0
vt 0.859592021 0.0986279994 0
vt 0.860037982 0.0878069997 0
vt 0.852250993 0.0879170001 0
vt 0.852774978 0.0771029964 0
vt 0.860485017 0.0769850016 0
vt 0.844464004 0.0879859999 0
vt 0.845066011 0.077177003 0
vt 0.853299975 0.0662890002 0
vt 0.860931993 0.0661640018 0
vt 0.845668018 0.0663679987 0
vt 0.836677015 0.0879919976 0
vt 0.837356985 0.0771839991 0
vt 0.838037014 0.066376999 0
vt 0.838716984 0.0555690005 0
vt 0.846270025 0.0555589981 0
vt 0.853824019 0.0554750003 0
vt 0.861378014 0.0553429984 0
vt 0.861824989 0.0445210002 0
vt 0.854348004 0.0446619987 0
vt 0.854873002 0.0338540003 0
vt 0.862271011 0.0337009989 0
vt 0.846871972 0.0447520018 0
vt 0.847473979 0.0339599997 0
vt 0.855396986 0.023054 0
vt 0.862717986 0.0228809994 0
vt 0.848075986 0.0231940001 0
vt 0.839397013 0.0447640009 0
vt 0.840076983 0.0339789987 0
vt 0.840755999 0.02324 0
vt 0.816986024 0.260713011 0
vt 0.807945013 0.260706991 0
vt 0.808632016 0.250009 0
vt 0.817588985 0.250032991 0
vt 0.798914015 0.260719001 0
vt 0.799678981 0.249985993 0
vt 0.809413016 0.239234999 0
vt 0.818289995 0.239270002 0
vt 0.80053699 0.239193007 0
vt 0.816528976 0.271266997 0
vt 0.807398021 0.271290988 0
vt 0.798290014 0.27136299 0
vt 0.789215028 0.271494001 0
vt 0.789897025 0.260755002 0
vt 0.790728986 0.249968007 0
vt 0.791661978 0.239148006 0
vt 0.792644978 0.228312999 0
vt 0.801442981 0.228370994 0
vt 0.810240984 0.228422999 0
vt 0.81904 0.228466004 0
vt 0.819796979 0.217655003 0
vt 0.811076999 0.217604995 0
vt 0.811913013 0.206787005 0
vt 0.820554972 0.206844002 0
vt 0.802357018 0.217543006 0
vt 0.803269982 0.206715003 0
vt 0.812748015 0.195969 0
vt 0.821313024 0.196033001 0
vt 0.80418402 0.195887998 0
vt 0.793636024 0.217474997 0
vt 0.794628024 0.206635997 0
vt 0.795619011 0.195797995 0
vt 0.796611011 0.184959993 0
vt 0.805096984 0.185059994 0
vt 0.81358403 0.185150996 0
vt 0.822071016 0.185222 0
vt 0.822829008 0.17441 0
vt 0.814419985 0.174333006 0
vt 0.815254986 0.163515002 0
vt 0.823585987 0.163598999 0
vt 0.806011021 0.174233004 0
vt 0.806923985 0.163405001 0
vt 0.816091001 0.152696997 0
vt 0.824343979 0.152787998 0
vt 0.807838023 0.152577996 0
vt 0.797601998 0.174121007 0
vt 0.798593998 0.163283005 0
vt 0.799584985 0.152445003 0
vt 0.800575972 0.141607001 0
vt 0.808752 0.141749993 0
vt 0.816927016 0.141877994 0
vt 0.825101972 0.141976997 0
vt 0.825860023 0.131165996 0
vt 0.817762017 0.131060004 0
vt 0.818597972 0.120242 0
vt 0.826618016 0.120355003 0
vt 0.809665024 0.130922005 0
vt 0.810579002 0.120095 0
vt 0.819433987 0.109424002 0
vt 0.827374995 0.109544002 0
vt 0.811492026 0.109266996 0
vt 0.801567972 0.130768001 0
vt 0.802559018 0.119929999 0
vt 0.803551018 0.109091997 0
vt 0.804542005 0.0982529968 0
vt 0.812406003 0.0984399989 0
vt 0.820268989 0.0986059979 0
vt 0.828132987 0.0987330005 0
vt 0.828890979 0.0879219994 0
vt 0.821105003 0.0877880007 0
vt 0.821940005 0.0769700035 0
vt 0.829648972 0.07711 0
vt 0.813319027 0.0876120031 0
vt 0.814233005 0.0767849982 0
vt 0.82277602 0.0661519989 0
vt 0.83040601 0.0662989989 0
vt 0.815146029 0.0659570023 0
vt 0.805534005 0.0874150023 0
vt 0.806524992 0.0765770003 0
vt 0.807515979 0.0657389984 0
vt 0.808507979 0.0549000017 0
vt 0.816060007 0.0551289991 0
vt 0.823611975 0.0553340018 0
vt 0.831164002 0.0554880016 0
vt 0.831921995 0.044679001 0
vt 0.824447989 0.0445160009 0
vt 0.825282991 0.0337040015 0
vt 0.832679987 0.0338849984 0
vt 0.816972971 0.0443020016 0
vt 0.817887008 0.0334750004 0
vt 0.826119006 0.0229000002 0
vt 0.833437026 0.0231170002 0
vt 0.818800986 0.0226499997 0
vt 0.809499025 0.0440619998 0
vt 0.810491025 0.0332240015 0
vt 0.811482012 0.0223859996 0
vt 0.780911028 0.260816008 0
vt 0.772022009 0.260877997 0
vt 0.772942007 0.249938995 0
vt 0.781796992 0.249955997 0
vt 0.763306975 0.260913014 0
vt 0.76423502 0.249905005 0
vt 0.774001002 0.239050999 0
vt 0.782797992 0.239103004 0
vt 0.765335977 0.238984004 0
vt 0.780197978 0.271685988 0
vt 0.771310985 0.271890998 0
vt 0.762637973 0.272053003 0
vt 0.766524017 0.228106007 0
vt 0.775129974 0.228186995 0
vt 0.783856988 0.228253007 0
vt 0.784924984 0.217403993 0
vt 0.776269972 0.217326999 0
vt 0.777410984 0.206467003 0
vt 0.785993993 0.206554994 0
vt 0.767727017 0.217236996 0
vt 0.768930972 0.206367001 0
vt 0.778551996 0.195607007 0
vt 0.787061989 0.195705995 0
vt 0.770134985 0.195497006 0
vt 0.771338999 0.184626997 0
vt 0.779693007 0.184746996 0
vt 0.788130999 0.184855998 0
vt 0.789200008 0.174006999 0
vt 0.780834019 0.173886999 0
vt 0.781974971 0.163028002 0
vt 0.790268004 0.163158 0
vt 0.772544026 0.173757002 0
vt 0.773747981 0.162887007 0
vt 0.783115983 0.152168006 0
vt 0.791337013 0.152309 0
vt 0.774951994 0.152016997 0
vt 0.776157022 0.141147003 0
vt 0.784258008 0.141307995 0
vt 0.792405009 0.141460001 0
vt 0.793474019 0.130610004 0
vt 0.78539902 0.130447999 0
vt 0.786539972 0.119588003 0
vt 0.794542015 0.119760998 0
vt 0.777360976 0.130276993 0
vt 0.778566003 0.119406998 0
vt 0.787680984 0.108727999 0
vt 0.795611024 0.108911999 0
vt 0.779770017 0.108537003 0
vt 0.780973971 0.0976670012 0
vt 0.788821995 0.097868003 0
vt 0.79667902 0.0980629995 0
vt 0.797748029 0.0872140005 0
vt 0.789963007 0.0870089978 0
vt 0.791104019 0.0761490017 0
vt 0.798816979 0.0763640031 0
vt 0.782178998 0.086796999 0
vt 0.783383012 0.0759269968 0
vt 0.792244971 0.0652889982 0
vt 0.799884975 0.0655149966 0
vt 0.784587979 0.065057002 0
vt 0.785791993 0.0541869998 0
vt 0.793385983 0.0544289984 0
vt 0.800953984 0.0546660013 0
vt 0.80202198 0.0438169986 0
vt 0.794528008 0.0435689986 0
vt 0.79567498 0.0327100009 0
vt 0.803092003 0.0329679996 0
vt 0.786998987 0.0433170013 0
vt 0.788221002 0.0324480012 0
vt 0.796832025 0.0218509994 0
vt 0.804162025 0.0221190006 0
vt 0.789471984 0.0215799995 0
vt 0.888709009 0.283802003 0
vt 0.888764977 0.295329988 0
vt 0.880328 0.294633001 0
vt 0.880125999 0.283358008 0
vt 0.888868988 0.306971014 0
vt 0.880595028 0.305976987 0
vt 0.871563971 0.293850005 0
vt 0.871282995 0.282867998 0
vt 0.871930003 0.304854006 0
vt 0.889011025 0.318677992 0
vt 0.880895972 0.317359 0
vt 0.872331977 0.315869987 0
vt 0.863411009 0.314503014 0
vt 0.862968981 0.303822011 0
vt 0.862568021 0.293130994 0
vt 0.862266004 0.282422006 0
vt 0.889186025 0.330413014 0
vt 0.889387012 0.342162013 0
vt 0.881513 0.340148002 0
vt 0.881202996 0.328750998 0
vt 0.889611006 0.353920996 0
vt 0.881824017 0.351547986 0
vt 0.87312001 0.337908 0
vt 0.872730017 0.326889008 0
vt 0.873504996 0.348926991 0
vt 0.889854014 0.365684986 0
vt 0.882139981 0.362949997 0
vt 0.873887002 0.359946996 0
vt 0.865116 0.357221007 0
vt 0.864699006 0.346540987 0
vt 0.864278018 0.335862011 0
vt 0.863849998 0.325181991 0
vt 0.890110016 0.377449006 0
vt 0.890379012 0.389212012 0
vt 0.882781029 0.385751992 0
vt 0.882458985 0.374350995 0
vt 0.890655994 0.400974989 0
vt 0.883107007 0.39715299 0
vt 0.874651015 0.381985992 0
vt 0.874269009 0.370965987 0
vt 0.875033975 0.393005013 0
vt 0.890941024 0.412735999 0
vt 0.883433998 0.408553988 0
vt 0.875416994 0.404024988 0
vt 0.86678499 0.399939001 0
vt 0.866367996 0.389259994 0
vt 0.865949988 0.378580004 0
vt 0.865532994 0.367900997 0
vt 0.891229987 0.424546003 0
vt 0.89151901 0.436646014 0
vt 0.884141982 0.431403011 0
vt 0.883768976 0.419959992 0
vt 0.891804993 0.449303001 0
vt 0.884576976 0.442905009 0
vt 0.876335025 0.425817996 0
vt 0.875819981 0.415013999 0
vt 0.877066016 0.436269999 0
vt 0.892082989 0.462529987 0
vt 0.885048985 0.454441994 0
vt 0.878015995 0.446354985 0
vt 0.870981991 0.438268006 0
vt 0.868799984 0.430651993 0
vt 0.867829025 0.420933008 0
vt 0.867227972 0.410573006 0
vt 0.853151977 0.282088995 0
vt 0.853421986 0.292596012 0
vt 0.844170988 0.292243004 0
vt 0.843972027 0.281868011 0
vt 0.853798985 0.303054005 0
vt 0.844478011 0.302549005 0
vt 0.834846973 0.29203701 0
vt 0.83474803 0.281735986 0
vt 0.83505398 0.302258015 0
vt 0.854223013 0.313488007 0
vt 0.844834983 0.312821001 0
vt 0.835313976 0.312438995 0
vt 0.825721979 0.312278003 0
vt 0.825577974 0.302132994 0
vt 0.825487018 0.291945994 0
vt 0.825501025 0.281675011 0
vt 0.854644001 0.323918015 0
vt 0.855057001 0.33434701 0
vt 0.84554702 0.33335501 0
vt 0.845193982 0.32308799 0
vt 0.855463028 0.344776988 0
vt 0.845894992 0.343620986 0
vt 0.835841 0.332789004 0
vt 0.835578978 0.322614014 0
vt 0.836102009 0.342963994 0
vt 0.855866015 0.355206013 0
vt 0.846240997 0.353888005 0
vt 0.836362004 0.353138 0
vt 0.826353014 0.352831006 0
vt 0.826192975 0.342693001 0
vt 0.826035023 0.332554996 0
vt 0.825877011 0.322416991 0
vt 0.856267989 0.365635991 0
vt 0.856670976 0.376064986 0
vt 0.846931994 0.374421 0
vt 0.846585989 0.364154011 0
vt 0.857074022 0.386494994 0
vt 0.847276986 0.384687006 0
vt 0.836881995 0.373488009 0
vt 0.836622 0.363312989 0
vt 0.837141991 0.383662999 0
vt 0.857475996 0.396925002 0
vt 0.847622991 0.394953996 0
vt 0.837400973 0.393837005 0
vt 0.826990008 0.39338401 0
vt 0.826830983 0.383246005 0
vt 0.826671004 0.373108 0
vt 0.826511979 0.362969995 0
vt 0.857897997 0.407321006 0
vt 0.858433008 0.417515993 0
vt 0.848366976 0.415360987 0
vt 0.847975016 0.405205011 0
vt 0.859184027 0.427332014 0
vt 0.848827004 0.425359011 0
vt 0.837930024 0.414074987 0
vt 0.837661982 0.403997988 0
vt 0.838209987 0.423994005 0
vt 0.860153973 0.436764985 0
vt 0.849327028 0.435261011 0
vt 0.83849901 0.433757991 0
vt 0.827670991 0.432255 0
vt 0.827480972 0.423290998 0
vt 0.827311993 0.413520992 0
vt 0.827149987 0.403504997 0
vt 0.816251993 0.281670004 0
vt 0.816124022 0.291947991 0
vt 0.806793988 0.292068005 0
vt 0.807024002 0.281737 0
vt 0.816097021 0.302143008 0
vt 0.80666399 0.302323997 0
vt 0.797532976 0.292342007 0
vt 0.797838986 0.281897008 0
vt 0.797330022 0.302727014 0
vt 0.816125989 0.312296987 0
vt 0.806591988 0.312541991 0
vt 0.797187984 0.313082993 0
vt 0.787980974 0.313988 0
vt 0.788146973 0.303404003 0
vt 0.788378 0.292804986 0
vt 0.788718998 0.282173991 0
vt 0.816169977 0.322443992 0
vt 0.816222012 0.332590014 0
vt 0.806497991 0.332966 0
vt 0.806540012 0.322753996 0
vt 0.816277027 0.342736989 0
vt 0.806464016 0.343178004 0
vt 0.796962976 0.333784014 0
vt 0.797069013 0.323433995 0
vt 0.796867013 0.344134986 0
vt 0.816335022 0.352883995 0
vt 0.806433022 0.353388995 0
vt 0.796774983 0.354485989 0
vt 0.78748399 0.356308997 0
vt 0.787597001 0.345728993 0
vt 0.787714005 0.335148007 0
vt 0.787840009 0.324568003 0
vt 0.816392004 0.363031 0
vt 0.81645 0.373176992 0
vt 0.806371987 0.373813003 0
vt 0.806402981 0.363600999 0
vt 0.816507995 0.383323997 0
vt 0.806342006 0.384025007 0
vt 0.796590984 0.37518701 0
vt 0.796683013 0.364836007 0
vt 0.796500027 0.385536999 0
vt 0.81656599 0.393471003 0
vt 0.806312025 0.394237012 0
vt 0.796407998 0.395888001 0
vt 0.787038028 0.398631006 0
vt 0.787150025 0.388051003 0
vt 0.787261009 0.377469987 0
vt 0.787373006 0.366890013 0
vt 0.816623986 0.403602988 0
vt 0.816677988 0.41365099 0
vt 0.806200027 0.414528996 0
vt 0.80627501 0.404431999 0
vt 0.816727996 0.423541009 0
vt 0.806061029 0.424461991 0
vt 0.796076 0.416308999 0
vt 0.796298027 0.406203985 0
vt 0.795641005 0.426014006 0
vt 0.816776991 0.433275998 0
vt 0.805884004 0.434296012 0
vt 0.794990003 0.43531701 0
vt 0.784097016 0.436338007 0
vt 0.785950005 0.428979009 0
vt 0.786607027 0.419407994 0
vt 0.786900997 0.409164011 0
vt 0.779698014 0.282568008 0
vt 0.779375017 0.293460011 0
vt 0.770609975 0.294176996 0
vt 0.770856023 0.282995999 0
vt 0.779174984 0.304360002 0
vt 0.770505011 0.305409014 0
vt 0.762180984 0.29479 0
vt 0.762283981 0.283354014 0
vt 0.762237012 0.306320995 0
vt 0.779044986 0.315263003 0
vt 0.770470977 0.316670001 0
vt 0.76235801 0.317907989 0
vt 0.778937995 0.326168001 0
vt 0.778843999 0.337072015 0
vt 0.770431995 0.339213014 0
vt 0.770451009 0.327939987 0
vt 0.778756976 0.347977996 0
vt 0.770412028 0.350488007 0
vt 0.762552977 0.341136992 0
vt 0.76246798 0.329517007 0
vt 0.762616992 0.35276401 0
vt 0.778672993 0.358882993 0
vt 0.77038902 0.361764014 0
vt 0.76266402 0.364394993 0
vt 0.778590024 0.369787991 0
vt 0.778506994 0.380692989 0
vt 0.770332992 0.384315997 0
vt 0.770362973 0.373039991 0
vt 0.778423011 0.391599 0
vt 0.770299971 0.395592004 0
vt 0.762714982 0.387656987 0
vt 0.762696028 0.376026005 0
vt 0.762724996 0.399286002 0
vt 0.778338015 0.402503997 0
vt 0.77026403 0.406866997 0
vt 0.762727022 0.410914987 0
vt 0.778235018 0.413376987 0
vt 0.778020024 0.42405501 0
vt 0.770137012 0.429459989 0
vt 0.770220995 0.418148011 0
vt 0.77759099 0.434361994 0
vt 0.769985974 0.440827012 0
vt 0.762708008 0.434558004 0
vt 0.762723029 0.422591001 0
vt 0.762681007 0.447079003 0
vt 0.776947021 0.444281995 0
vt 0.769796014 0.452225 0
vt 0.762646019 0.460168988 0
vt 0.318516999 0.610539973 0
vt 0.308378994 0.61323899 0
vt 0.306432009 0.60551101 0
vt 0.316289008 0.602910995 0
vt 0.298328996 0.616149008 0
vt 0.296696007 0.608408988 0
vt 0.304448992 0.597729981 0
vt 0.314052999 0.595277011 0
vt 0.294964999 0.600484014 0
vt 0.331173986 0.615396023 0
vt 0.320740014 0.618165016 0
vt 0.328687996 0.607922018 0
vt 0.310306013 0.620932996 0
vt 0.299870998 0.623700976 0
vt 0.289436996 0.626469016 0
vt 0.288549989 0.619687021 0
vt 0.287187994 0.611854017 0
vt 0.285667002 0.603704989 0
vt 0.284058988 0.595426977 0
vt 0.293170005 0.592468023 0
vt 0.302437007 0.589917004 0
vt 0.31180799 0.587639987 0
vt 0.323716015 0.592972994 0
vt 0.321229994 0.585498989 0
vt 0.326202005 0.600448012 0
vt 0.309552997 0.58000499 0
vt 0.300404012 0.582104981 0
vt 0.298357993 0.574295998 0
vt 0.307291001 0.572372019 0
vt 0.291343004 0.584442019 0
vt 0.289496005 0.576422989 0
vt 0.296303988 0.566488981 0
vt 0.305025011 0.564740002 0
vt 0.287636995 0.568406999 0
vt 0.318744004 0.57802403 0
vt 0.282411009 0.587136984 0
vt 0.280739009 0.578854978 0
vt 0.279051989 0.570577025 0
vt 0.277359992 0.562301993 0
vt 0.285775006 0.560391009 0
vt 0.294250011 0.558682024 0
vt 0.302762002 0.557106972 0
vt 0.313771993 0.563076019 0
vt 0.311286002 0.555601001 0
vt 0.316258013 0.570550025 0
vt 0.300507993 0.549471974 0
vt 0.292201012 0.550872982 0
vt 0.29015699 0.543063998 0
vt 0.298260003 0.541836023 0
vt 0.28391701 0.552375019 0
vt 0.282068014 0.544358015 0
vt 0.288118988 0.535255015 0
vt 0.296012998 0.534198999 0
vt 0.280229002 0.536342978 0
vt 0.308827013 0.548120022 0
vt 0.275671005 0.554024994 0
vt 0.273992002 0.545747995 0
vt 0.272329003 0.53747499 0
vt 0.270716995 0.529213011 0
vt 0.278400987 0.528329015 0
vt 0.286083996 0.527445972 0
vt 0.293767005 0.526561975 0
vt 0.303909004 0.533159018 0
vt 0.301450014 0.525677979 0
vt 0.306367993 0.540639997 0
vt 0.27927199 0.624378026 0
vt 0.27026701 0.629698992 0
vt 0.269017011 0.62075901 0
vt 0.27798599 0.616030991 0
vt 0.261357009 0.635236979 0
vt 0.260176986 0.625791013 0
vt 0.267720014 0.611769021 0
vt 0.27659899 0.607502997 0
vt 0.258969992 0.616339982 0
vt 0.280465007 0.632538974 0
vt 0.271492988 0.638607979 0
vt 0.262519985 0.644676983 0
vt 0.253547996 0.650745988 0
vt 0.252498001 0.640878022 0
vt 0.251408994 0.630972981 0
vt 0.250292987 0.621065974 0
vt 0.249144003 0.611168981 0
vt 0.257730007 0.60689503 0
vt 0.266378999 0.60275501 0
vt 0.275139004 0.598887026 0
vt 0.273638994 0.590268016 0
vt 0.264999986 0.593752027 0
vt 0.263594002 0.584761024 0
vt 0.272112012 0.581659019 0
vt 0.256453991 0.597468019 0
vt 0.255151004 0.588055015 0
vt 0.262169987 0.575778008 0
vt 0.270568997 0.573055983 0
vt 0.253829986 0.578651011 0
vt 0.247961998 0.601292014 0
vt 0.246751994 0.591431975 0
vt 0.245524004 0.58158201 0
vt 0.244286999 0.571735024 0
vt 0.252501011 0.569251001 0
vt 0.260738999 0.566798985 0
vt 0.269019008 0.564455986 0
vt 0.267470986 0.555854023 0
vt 0.259308994 0.557817996 0
vt 0.257883012 0.548841 0
vt 0.265929997 0.547253013 0
vt 0.25117299 0.559852004 0
vt 0.249847993 0.550463974 0
vt 0.256462008 0.539870024 0
vt 0.264400005 0.538654983 0
vt 0.248524994 0.541095018 0
vt 0.243051007 0.561891019 0
vt 0.241817996 0.552061021 0
vt 0.240587994 0.542267025 0
vt 0.239368007 0.532594025 0
vt 0.247206002 0.53174901 0
vt 0.255043 0.530902982 0
vt 0.262879997 0.530058026 0
vt 0.243671 0.64656198 0
vt 0.234824002 0.652182996 0
vt 0.233866006 0.641249001 0
vt 0.242660999 0.636174023 0
vt 0.225887999 0.657595992 0
vt 0.224943995 0.646026015 0
vt 0.232913002 0.630380988 0
vt 0.241630003 0.625797987 0
vt 0.224066004 0.634656012 0
vt 0.244668007 0.65695101 0
vt 0.235788003 0.663156986 0
vt 0.226907998 0.669363022 0
vt 0.218027994 0.675568998 0
vt 0.216673002 0.662377 0
vt 0.215777993 0.650247991 0
vt 0.215009004 0.63845098 0
vt 0.214276001 0.626810014 0
vt 0.223204002 0.623401999 0
vt 0.231947005 0.61956501 0
vt 0.240572006 0.615440011 0
vt 0.239479005 0.605103016 0
vt 0.230950996 0.608775973 0
vt 0.229927003 0.59800601 0
vt 0.238359004 0.594784021 0
vt 0.222317994 0.612187028 0
vt 0.221404001 0.600989997 0
vt 0.228884995 0.587246001 0
vt 0.237222001 0.584475994 0
vt 0.220471993 0.58980298 0
vt 0.213521004 0.61521101 0
vt 0.212739006 0.603628993 0
vt 0.211940005 0.59205699 0
vt 0.211132005 0.58048898 0
vt 0.219531 0.578620017 0
vt 0.227835 0.576490998 0
vt 0.236074999 0.574172974 0
vt 0.234928995 0.563870013 0
vt 0.226783007 0.565737009 0
vt 0.225731 0.55498898 0
vt 0.233783007 0.553578019 0
vt 0.218587995 0.56743902 0
vt 0.217646003 0.556267977 0
vt 0.224681005 0.544252992 0
vt 0.232639998 0.54330802 0
vt 0.216702998 0.545117974 0
vt 0.210320994 0.568922997 0
vt 0.209509999 0.557370007 0
vt 0.208700001 0.545853019 0
vt 0.207892999 0.534453988 0
vt 0.215762004 0.533989012 0
vt 0.223630995 0.533523977 0
vt 0.2315 0.533059001 0
vt 0.206942007 0.665973008 0
vt 0.196928993 0.668789983 0
vt 0.196536005 0.656318009 0
vt 0.206282005 0.653684974 0
vt 0.186819002 0.671015024 0
vt 0.186654001 0.658115029 0
vt 0.196153998 0.644011974 0
vt 0.205688998 0.641606987 0
vt 0.186479002 0.645559013 0
vt 0.207679003 0.678465009 0
vt 0.197329 0.68136102 0
vt 0.186979994 0.684256971 0
vt 0.176630005 0.687152982 0
vt 0.17667 0.672046006 0
vt 0.176707 0.658793986 0
vt 0.176733002 0.646109998 0
vt 0.176742002 0.633674026 0
vt 0.186286002 0.633189023 0
vt 0.195765004 0.631811976 0
vt 0.205116004 0.62965101 0
vt 0.204520002 0.617730021 0
vt 0.195351005 0.619643986 0
vt 0.194913998 0.60748601 0
vt 0.203898996 0.60582298 0
vt 0.186069995 0.620859981 0
vt 0.185831994 0.608539999 0
vt 0.194462001 0.59533602 0
vt 0.203262001 0.593924999 0
vt 0.18558 0.59622401 0
vt 0.176730007 0.621285975 0
vt 0.176699996 0.608904004 0
vt 0.176657006 0.596525013 0
vt 0.176605001 0.584146023 0
vt 0.185319006 0.583909988 0
vt 0.193999007 0.583186984 0
vt 0.202613994 0.582029998 0
vt 0.201964006 0.570136011 0
vt 0.193534002 0.571039021 0
vt 0.193066001 0.558896005 0
vt 0.201313004 0.558251023 0
vt 0.185054004 0.571596026 0
vt 0.184786007 0.559289992 0
vt 0.192598 0.546764016 0
vt 0.200662002 0.54638797 0
vt 0.184516996 0.547001004 0
vt 0.176548004 0.571766973 0
vt 0.176488996 0.559400022 0
vt 0.176428005 0.54706198 0
vt 0.176365003 0.534821987 0
vt 0.184247002 0.534730017 0
vt 0.192129001 0.534637988 0
vt 0.200011 0.534546018 0
vt 0.166517004 0.671014011 0
vt 0.156398997 0.668789029 0
vt 0.156865999 0.656329989 0
vt 0.166756004 0.65812099 0
vt 0.146375 0.665973008 0
vt 0.147109002 0.653705001 0
vt 0.157299995 0.644030988 0
vt 0.166984007 0.645568013 0
vt 0.147753999 0.641636014 0
vt 0.166271999 0.684247971 0
vt 0.155912995 0.681343019 0
vt 0.145554006 0.678438008 0
vt 0.135195002 0.675532997 0
vt 0.136629999 0.662382007 0
vt 0.137597993 0.650277019 0
vt 0.138419002 0.638490021 0
vt 0.139173001 0.626838982 0
vt 0.148346007 0.629673004 0
vt 0.157708004 0.631826997 0
vt 0.167195007 0.63319701 0
vt 0.167388007 0.620859027 0
vt 0.158098996 0.619642019 0
vt 0.158476993 0.607459009 0
vt 0.167566001 0.608525991 0
vt 0.14892 0.617727995 0
vt 0.149482995 0.605782986 0
vt 0.158845007 0.595274985 0
vt 0.167731002 0.596193016 0
vt 0.150037006 0.593837023 0
vt 0.139907002 0.615208983 0
vt 0.140633002 0.603577971 0
vt 0.141350001 0.591944993 0
vt 0.142060995 0.580309987 0
vt 0.150583997 0.581888974 0
vt 0.159205005 0.583090007 0
vt 0.167888999 0.583860993 0
vt 0.168042004 0.571527004 0
vt 0.159559995 0.57090503 0
vt 0.159911007 0.558723986 0
vt 0.168191999 0.559202015 0
vt 0.151125997 0.569939971 0
vt 0.151662007 0.558000028 0
vt 0.160257995 0.546552002 0
vt 0.168338999 0.546894014 0
vt 0.152195007 0.546074986 0
vt 0.142765 0.568674028 0
vt 0.143463001 0.557048976 0
vt 0.144157007 0.545451999 0
vt 0.144844994 0.533949018 0
vt 0.152724996 0.534166992 0
vt 0.160604998 0.534385026 0
vt 0.168485001 0.534604013 0
vt 0.127397001 0.657617986 0
vt 0.118441999 0.652226985 0
vt 0.119476996 0.641309023 0
vt 0.128416002 0.646070004 0
vt 0.109576002 0.646628022 0
vt 0.110665999 0.636251986 0
vt 0.120485 0.630442977 0
vt 0.129347995 0.63470602 0
vt 0.111754 0.625873029 0
vt 0.126293004 0.669354975 0
vt 0.117389999 0.663177013 0
vt 0.108488001 0.657000005 0
vt 0.0995849967 0.650821984 0
vt 0.100730002 0.640967011 0
vt 0.101902001 0.631069005 0
vt 0.103078999 0.621155024 0
vt 0.104254 0.611231983 0
vt 0.112837002 0.615490973 0
vt 0.121473998 0.619607985 0
vt 0.130229995 0.623438001 0
vt 0.131098002 0.612185001 0
vt 0.122452997 0.60877502 0
vt 0.123424999 0.597939014 0
vt 0.131957993 0.600929022 0
vt 0.113913998 0.605105996 0
vt 0.114983998 0.594717026 0
vt 0.124389 0.587100029 0
vt 0.132809997 0.589670002 0
vt 0.116044998 0.584325016 0
vt 0.105423003 0.601303995 0
vt 0.106583998 0.591372013 0
vt 0.107738003 0.581435978 0
vt 0.108882003 0.571497023 0
vt 0.117099002 0.573930025 0
vt 0.125346005 0.576259017 0
vt 0.133654997 0.578410029 0
vt 0.134492993 0.56714797 0
vt 0.126295 0.565415978 0
vt 0.127238005 0.55457598 0
vt 0.135325998 0.555893004 0
vt 0.118144996 0.563534021 0
vt 0.119184002 0.553143024 0
vt 0.128177002 0.543744981 0
vt 0.136153996 0.544655025 0
vt 0.120217003 0.542765975 0
vt 0.110018 0.561556995 0
vt 0.111146003 0.551626027 0
vt 0.112268001 0.541716993 0
vt 0.113380998 0.531888008 0
vt 0.121247001 0.532402992 0
vt 0.129113004 0.532917976 0
vt 0.136978999 0.533433974 0
vt 0.091854997 0.635348976 0
vt 0.0829259977 0.629833996 0
vt 0.0842629969 0.620893002 0
vt 0.0931200013 0.625904977 0
vt 0.0738980025 0.624536991 0
vt 0.0752660036 0.616186023 0
vt 0.0856230035 0.611890018 0
vt 0.0943910033 0.616443992 0
vt 0.0767130032 0.607641995 0
vt 0.0905940011 0.644779027 0
vt 0.0816039965 0.63873601 0
vt 0.0726130009 0.632694006 0
vt 0.0636219978 0.626650989 0
vt 0.0645890012 0.619876981 0
vt 0.066019997 0.612034023 0
vt 0.0675899982 0.603863001 0
vt 0.0692159981 0.595550001 0
vt 0.0781989992 0.59899497 0
vt 0.0869939998 0.60284698 0
vt 0.095660001 0.606971979 0
vt 0.0969230011 0.597492993 0
vt 0.0883599967 0.593792975 0
vt 0.0897189975 0.584734976 0
vt 0.0981779993 0.588010013 0
vt 0.0796850026 0.590326011 0
vt 0.0811629966 0.581651986 0
vt 0.0910679996 0.575672984 0
vt 0.0994239971 0.57852298 0
vt 0.0826319978 0.57297498 0
vt 0.0708450004 0.587208986 0
vt 0.0724669993 0.578864992 0
vt 0.0740799978 0.57051599 0
vt 0.0756819993 0.562165022 0
vt 0.0840910003 0.564294994 0
vt 0.0924080014 0.566608012 0
vt 0.100662 0.569032013 0
vt 0.101889998 0.559540987 0
vt 0.0937379971 0.557539999 0
vt 0.0950599983 0.548475027 0
vt 0.10311 0.550055027 0
vt 0.0855399966 0.555612028 0
vt 0.0869800001 0.546931982 0
vt 0.0963760018 0.539413989 0
vt 0.104323998 0.540580988 0
vt 0.0884130001 0.538258016 0
vt 0.0772729963 0.553811014 0
vt 0.0788550004 0.545460999 0
vt 0.080430001 0.537123024 0
vt 0.0819969997 0.528827012 0
vt 0.0898429975 0.529591978 0
vt 0.0976890028 0.530357003 0
vt 0.105535001 0.531122029 0
vt 0.0547700003 0.616382003 0
vt 0.0446709991 0.613521993 0
vt 0.0466319993 0.605754018 0
vt 0.0564489998 0.608618021 0
vt 0.0344789997 0.610873997 0
vt 0.0366830006 0.603187978 0
vt 0.0486159995 0.597926974 0
vt 0.0582079999 0.600661993 0
vt 0.0388889983 0.595494986 0
vt 0.0531730019 0.623951972 0
vt 0.0427250005 0.621254027 0
vt 0.0322760008 0.618555009 0
vt 0.0218269993 0.615857005 0
vt 0.0242500007 0.608308017 0
vt 0.0266730003 0.600759983 0
vt 0.0290949997 0.593212008 0
vt 0.0315180011 0.585663021 0
vt 0.0410959981 0.587795019 0
vt 0.050613001 0.590062976 0
vt 0.0600069985 0.592603028 0
vt 0.0618080013 0.584523976 0
vt 0.0526079983 0.58219099 0
vt 0.0545979999 0.574316978 0
vt 0.0636020005 0.57644099 0
vt 0.0433010012 0.58009398 0
vt 0.0455030017 0.572391987 0
vt 0.0565799996 0.566439986 0
vt 0.0653870031 0.568355978 0
vt 0.0477010012 0.564688027 0
vt 0.0339399986 0.578114986 0
vt 0.0363629982 0.570567012 0
vt 0.0387860015 0.563018978 0
vt 0.041207999 0.55546999 0
vt 0.0498859994 0.556981027 0
vt 0.0585509986 0.558560014 0
vt 0.0671610013 0.560266972 0
vt 0.0689240023 0.552174985 0
vt 0.0605080016 0.550677001 0
vt 0.0624549985 0.542792976 0
vt 0.0706769973 0.544085979 0
vt 0.0520510003 0.549269974 0
vt 0.0542039983 0.541556001 0
vt 0.0643960014 0.53490901 0
vt 0.0724230036 0.536002994 0
vt 0.0563540012 0.533842027 0
vt 0.0435740016 0.547909975 0
vt 0.0459389985 0.540349007 0
vt 0.0483050011 0.532787979 0
vt 0.0506700017 0.525228024 0
vt 0.0585019998 0.526126981 0
vt 0.0663340017 0.527027011 0
vt 0.0741659999 0.527926981 0
vt 0.955385983 0.610880017 0
vt 0.945208013 0.613519013 0
vt 0.943280995 0.605749011 0
vt 0.953202009 0.603201985 0
vt 0.935123026 0.616370976 0
vt 0.933489025 0.608596981 0
vt 0.941326022 0.597922027 0
vt 0.951013029 0.595516026 0
vt 0.931769013 0.600633979 0
vt 0.968016982 0.615857005 0
vt 0.95756799 0.618555009 0
vt 0.965599 0.608323991 0
vt 0.947118998 0.621254027 0
vt 0.936671019 0.623951972 0
vt 0.926222026 0.626650989 0
vt 0.925312996 0.61985898 0
vt 0.923936009 0.611998975 0
vt 0.922414005 0.603815973 0
vt 0.920825005 0.595494986 0
vt 0.930000007 0.592571974 0
vt 0.939351976 0.590061009 0
vt 0.948819995 0.587826014 0
vt 0.960763991 0.59325999 0
vt 0.958347023 0.58572799 0
vt 0.963181973 0.600791991 0
vt 0.946624994 0.580136001 0
vt 0.937372029 0.582195997 0
vt 0.935389996 0.574330986 0
vt 0.944429994 0.572445989 0
vt 0.92821902 0.584495008 0
vt 0.926434994 0.576418996 0
vt 0.933411002 0.56646502 0
vt 0.942236006 0.564755976 0
vt 0.92465198 0.568342984 0
vt 0.955928981 0.578194976 0
vt 0.919218004 0.587153018 0
vt 0.917607009 0.57881403 0
vt 0.915997028 0.570474029 0
vt 0.914391994 0.562133014 0
vt 0.922874987 0.560266018 0
vt 0.931438982 0.558597982 0
vt 0.940051973 0.557062984 0
vt 0.951093972 0.563130975 0
vt 0.948677003 0.555598974 0
vt 0.953512013 0.570662975 0
vt 0.937883973 0.549367011 0
vt 0.92947799 0.550728023 0
vt 0.927524984 0.542856991 0
vt 0.935724974 0.541669011 0
vt 0.921108007 0.552186012 0
vt 0.919349015 0.54410702 0
vt 0.925579011 0.534986019 0
vt 0.933570027 0.533969998 0
vt 0.917598009 0.536031008 0
vt 0.946307003 0.548056006 0
vt 0.912795007 0.553789973 0
vt 0.91120702 0.545448005 0
vt 0.909628987 0.537113011 0
vt 0.908071995 0.528801978 0
vt 0.915853977 0.527957976 0
vt 0.923635006 0.527114987 0
vt 0.931415975 0.526271999 0
vt 0.941567004 0.532971025 0
vt 0.939197004 0.525427997 0
vt 0.943937004 0.540512979 0
vt 0.916010976 0.62451297 0
vt 0.906985998 0.629805982 0
vt 0.905713975 0.620841026 0
vt 0.914704025 0.616141021 0
vt 0.898060024 0.635318995 0
vt 0.896861017 0.625847995 0
vt 0.904410005 0.611818016 0
vt 0.913308978 0.607580006 0
vt 0.895648003 0.616365016 0
vt 0.917231023 0.632694006 0
vt 0.90824002 0.63873601 0
vt 0.899249971 0.644779027 0
vt 0.890259027 0.650820971 0
vt 0.889186025 0.640936017 0
vt 0.888082027 0.631008983 0
vt 0.886964023 0.621071994 0
vt 0.885833979 0.611133993 0
vt 0.894423008 0.606877983 0
vt 0.903082013 0.602761984 0
vt 0.911863983 0.598922014 0
vt 0.910403013 0.590250015 0
vt 0.901741982 0.593703985 0
vt 0.900397003 0.58464998 0
vt 0.908936977 0.581580997 0
vt 0.893188 0.597395003 0
vt 0.891946971 0.587916017 0
vt 0.899049997 0.575595975 0
vt 0.907471001 0.572911978 0
vt 0.890703976 0.578437984 0
vt 0.88469398 0.601202011 0
vt 0.883547008 0.591274023 0
vt 0.882396996 0.581349015 0
vt 0.881250024 0.571422994 0
vt 0.889463007 0.568960011 0
vt 0.897706985 0.566542029 0
vt 0.906008005 0.564242005 0
vt 0.904552996 0.555570006 0
vt 0.896371007 0.557485998 0
vt 0.895040989 0.548431993 0
vt 0.903106987 0.546899021 0
vt 0.888227999 0.559481025 0
vt 0.887000024 0.550007999 0
vt 0.893715978 0.539381981 0
vt 0.901666999 0.538232028 0
vt 0.885775983 0.540548027 0
vt 0.880107999 0.561496019 0
vt 0.878970981 0.551577985 0
vt 0.877839029 0.541683018 0
vt 0.876715004 0.531867027 0
vt 0.884554029 0.531100988 0
vt 0.892394006 0.530335009 0
vt 0.900232971 0.529568017 0
vt 0.880342007 0.646596014 0
vt 0.871478975 0.65219599 0
vt 0.870514989 0.641249001 0
vt 0.879321992 0.63619101 0
vt 0.862526 0.657589972 0
vt 0.861581028 0.646014988 0
vt 0.869569004 0.630361021 0
vt 0.878293991 0.625788987 0
vt 0.860713005 0.634630978 0
vt 0.881356001 0.656998992 0
vt 0.872453988 0.663177013 0
vt 0.863551021 0.669354975 0
vt 0.854649007 0.675532997 0
vt 0.853295028 0.662358999 0
vt 0.852403998 0.650232971 0
vt 0.851648986 0.638427973 0
vt 0.850946009 0.626766026 0
vt 0.859879971 0.623350024 0
vt 0.868628025 0.619512022 0
vt 0.877256989 0.615392983 0
vt 0.876209974 0.605002999 0
vt 0.867679 0.608675003 0
vt 0.866721988 0.597844005 0
vt 0.875154972 0.594618976 0
vt 0.859043002 0.612092972 0
vt 0.858197987 0.600841999 0
vt 0.865760982 0.587014973 0
vt 0.87409699 0.584236979 0
vt 0.857348979 0.589592993 0
vt 0.850242972 0.615132987 0
vt 0.849533021 0.603506029 0
vt 0.848819017 0.591880977 0
vt 0.848104 0.580255985 0
vt 0.85650003 0.578343987 0
vt 0.86480099 0.576187015 0
vt 0.87304002 0.573854983 0
vt 0.871987998 0.563472986 0
vt 0.863844991 0.565357029 0
vt 0.862892985 0.554530978 0
vt 0.87094003 0.553095996 0
vt 0.855655015 0.567094982 0
vt 0.85481298 0.555853009 0
vt 0.861943007 0.543713987 0
vt 0.869895995 0.542733014 0
vt 0.853972971 0.544627011 0
vt 0.847392023 0.56862998 0
vt 0.846683025 0.557015002 0
vt 0.845977008 0.545427978 0
vt 0.845275998 0.533933997 0
vt 0.853136003 0.533418 0
vt 0.860996008 0.532900989 0
vt 0.868855 0.532383978 0
vt 0.84355402 0.665956974 0
vt 0.833532989 0.668781996 0
vt 0.833146989 0.656316996 0
vt 0.842899024 0.653674006 0
vt 0.823417008 0.671016991 0
vt 0.823261976 0.65812701 0
vt 0.832783997 0.644011974 0
vt 0.842323005 0.641592979 0
vt 0.823108017 0.645576 0
vt 0.844290018 0.678438008 0
vt 0.833931029 0.681342006 0
vt 0.82357198 0.684247017 0
vt 0.813212991 0.687151015 0
vt 0.813265979 0.672057986 0
vt 0.813315988 0.658818007 0
vt 0.813364029 0.646143973 0
vt 0.813410997 0.63371402 0
vt 0.822951972 0.63320601 0
vt 0.832430005 0.631806016 0
vt 0.841782987 0.629622996 0
vt 0.841241002 0.61767602 0
vt 0.83207202 0.619620025 0
vt 0.831709981 0.607437015 0
vt 0.840692997 0.605732977 0
vt 0.822793007 0.620868981 0
vt 0.822631001 0.608534992 0
vt 0.831345022 0.595255971 0
vt 0.840142012 0.593792975 0
vt 0.822467029 0.596201003 0
vt 0.813457012 0.621326983 0
vt 0.813503981 0.608942986 0
vt 0.813548982 0.596557975 0
vt 0.813594997 0.584173024 0
vt 0.822302997 0.583866 0
vt 0.83097899 0.58307302 0
vt 0.839590013 0.581851006 0
vt 0.839039981 0.56990999 0
vt 0.830614984 0.570890009 0
vt 0.830251992 0.558710992 0
vt 0.838491976 0.557974994 0
vt 0.822140992 0.571529984 0
vt 0.821977973 0.559202015 0
vt 0.829890013 0.546540976 0
vt 0.837947011 0.546056986 0
vt 0.821816981 0.546890974 0
vt 0.813641012 0.571787 0
vt 0.81368798 0.559413016 0
vt 0.813735008 0.547066987 0
vt 0.81378299 0.534819007 0
vt 0.821655989 0.534597993 0
vt 0.829530001 0.534376979 0
vt 0.837402999 0.534156024 0
vt 0.80311799 0.671036005 0
vt 0.793008983 0.66881901 0
vt 0.793488979 0.656373024 0
vt 0.803369999 0.658155978 0
vt 0.782995999 0.666007996 0
vt 0.783743024 0.653751016 0
vt 0.793946028 0.64408797 0
vt 0.803619981 0.645614982 0
vt 0.784412026 0.641699016 0
vt 0.802864015 0.684256017 0
vt 0.79251498 0.681360006 0
vt 0.782164991 0.678465009 0
vt 0.771816015 0.675568998 0
vt 0.773265004 0.662416995 0
vt 0.774246991 0.650322974 0
vt 0.775093019 0.638556004 0
vt 0.775884986 0.626932025 0
vt 0.785043001 0.629759014 0
vt 0.794393003 0.631901979 0
vt 0.803870022 0.633256018 0
vt 0.804121971 0.620929003 0
vt 0.794843018 0.619736016 0
vt 0.795297027 0.607573986 0
vt 0.804376006 0.608605027 0
vt 0.785676003 0.617842019 0
vt 0.786314011 0.605929017 0
vt 0.795753002 0.595413029 0
vt 0.804630995 0.596280992 0
vt 0.786956012 0.594018996 0
vt 0.776677012 0.615338027 0
vt 0.777477026 0.60374999 0
vt 0.778280973 0.59216398 0
vt 0.779085994 0.580578983 0
vt 0.787599027 0.582108021 0
vt 0.796209991 0.583250999 0
vt 0.804886997 0.583957016 0
vt 0.805141985 0.571631014 0
vt 0.79666698 0.571088016 0
vt 0.797122002 0.558930993 0
vt 0.805396974 0.559314013 0
vt 0.788241029 0.570196986 0
vt 0.788879991 0.558296025 0
vt 0.797577024 0.546783984 0
vt 0.805652022 0.547013998 0
vt 0.789517999 0.546414971 0
vt 0.779888988 0.568993986 0
vt 0.780689001 0.557421982 0
vt 0.781485975 0.545885026 0
vt 0.782279015 0.534466982 0
vt 0.790154994 0.534555018 0
vt 0.798030972 0.534642994 0
vt 0.805907011 0.534730971 0
vt 0.764050007 0.657639027 0
vt 0.755115986 0.652227998 0
vt 0.756165028 0.641332984 0
vt 0.765083015 0.646107972 0
vt 0.746272027 0.646606028 0
vt 0.747373998 0.636259019 0
vt 0.757196009 0.630497992 0
vt 0.766039014 0.634768009 0
vt 0.748485029 0.625914991 0
vt 0.762935996 0.669363022 0
vt 0.754055977 0.663156986 0
vt 0.745176017 0.65695101 0
vt 0.736295998 0.650744975 0
vt 0.737447977 0.64092201 0
vt 0.738632023 0.631056011 0
vt 0.739830971 0.621179998 0
vt 0.741042018 0.611303985 0
vt 0.749605 0.615577996 0
vt 0.758221984 0.619701982 0
vt 0.766960025 0.623534977 0
vt 0.767884016 0.612325013 0
vt 0.759257019 0.608919978 0
vt 0.760299981 0.598142982 0
vt 0.768817008 0.601121008 0
vt 0.750737011 0.605247974 0
vt 0.751875997 0.594923019 0
vt 0.761348009 0.587369025 0
vt 0.769753993 0.589919984 0
vt 0.753018975 0.584600985 0
vt 0.742264986 0.601433992 0
vt 0.743494987 0.591567993 0
vt 0.744728029 0.581704021 0
vt 0.745958984 0.571841002 0
vt 0.754162014 0.57427901 0
vt 0.762395024 0.576595008 0
vt 0.770691991 0.578718007 0
vt 0.771627009 0.567516983 0
vt 0.763439 0.565819979 0
vt 0.764479995 0.555051029 0
vt 0.772558987 0.556325972 0
vt 0.755299985 0.563956976 0
vt 0.756434977 0.553644001 0
vt 0.76551801 0.544294 0
vt 0.773488998 0.545154989 0
vt 0.757564008 0.543353021 0
vt 0.747187018 0.561977983 0
vt 0.74840802 0.552128971 0
vt 0.749624014 0.542315006 0
vt 0.750828981 0.53262198 0
vt 0.758691013 0.533083022 0
vt 0.766553998 0.533545017 0
vt 0.774416983 0.534006 0
vt 0.728591979 0.635276973 0
vt 0.719682992 0.629734993 0
vt 0.72103399 0.620827973 0
vt 0.729870021 0.625868022 0
vt 0.710676014 0.624406993 0
vt 0.712060988 0.616087019 0
vt 0.722416997 0.611863017 0
vt 0.731162012 0.616446018 0
vt 0.713532984 0.607580006 0
vt 0.727324009 0.644676983 0
vt 0.718351007 0.638607979 0
vt 0.709379017 0.632538974 0
vt 0.700407028 0.626469016 0
vt 0.701390982 0.619708002 0
vt 0.702844024 0.611892998 0
vt 0.704443991 0.603757977 0
vt 0.706112027 0.595488012 0
vt 0.715057015 0.598977029 0
vt 0.723824024 0.602867007 0
vt 0.732466996 0.607020974 0
vt 0.733783007 0.597599983 0
vt 0.725242972 0.593869984 0
vt 0.726669014 0.584876001 0
vt 0.735105991 0.588182986 0
vt 0.716597021 0.590362012 0
vt 0.718141973 0.581749022 0
vt 0.728096008 0.575882971 0
vt 0.736431003 0.578768015 0
vt 0.719689012 0.573136985 0
vt 0.707796991 0.587198019 0
vt 0.709487021 0.578909993 0
vt 0.711176991 0.570622027 0
vt 0.712863028 0.562331975 0
vt 0.72123301 0.564523995 0
vt 0.729520977 0.566888988 0
vt 0.737755001 0.569352984 0
vt 0.739072978 0.559937 0
vt 0.730939984 0.557893991 0
vt 0.732352972 0.548902988 0
vt 0.740386009 0.55053103 0
vt 0.722769022 0.555908978 0
vt 0.724298 0.547298014 0
vt 0.733761013 0.539919019 0
vt 0.74169302 0.54114598 0
vt 0.725818992 0.538694978 0
vt 0.714541018 0.554041982 0
vt 0.716210008 0.545755982 0
vt 0.717868984 0.53748399 0
vt 0.719502985 0.52925998 0
vt 0.727334976 0.530101001 0
vt 0.735166013 0.53094101 0
vt 0.742996991 0.531781018 0
vt 0.691596985 0.616158009 0
vt 0.681527019 0.613234997 0
vt 0.683532 0.605503023 0
vt 0.693307996 0.608425975 0
vt 0.671364009 0.610521972 0
vt 0.673627019 0.602876008 0
vt 0.685564995 0.59771502 0
vt 0.695105016 0.600506008 0
vt 0.675894976 0.595221996 0
vt 0.689972997 0.623700976 0
vt 0.679538012 0.620932996 0
vt 0.66910398 0.618165016 0
vt 0.658670008 0.615396023 0
vt 0.661166012 0.60789001 0
vt 0.66366303 0.600383997 0
vt 0.666159987 0.592876971 0
vt 0.668657005 0.585371017 0
vt 0.678165972 0.587565005 0
vt 0.687617004 0.589892983 0
vt 0.696951985 0.592490017 0
vt 0.698812008 0.584457994 0
vt 0.689675987 0.582067013 0
vt 0.691736996 0.574241996 0
vt 0.700675011 0.576429009 0
vt 0.680440009 0.579908013 0
vt 0.682713985 0.572251022 0
vt 0.693795979 0.566415012 0
vt 0.702537 0.568397999 0
vt 0.684987009 0.564593017 0
vt 0.671153009 0.577865005 0
vt 0.673650026 0.570357978 0
vt 0.676146984 0.562852025 0
vt 0.678642988 0.555346012 0
vt 0.687251985 0.556933999 0
vt 0.695847988 0.558588028 0
vt 0.704394996 0.560366988 0
vt 0.706242979 0.552332997 0
vt 0.697889984 0.550756991 0
vt 0.699922979 0.542927027 0
vt 0.708082974 0.544303 0
vt 0.689500988 0.549270988 0
vt 0.69174099 0.541604996 0
vt 0.701951027 0.535097003 0
vt 0.709914982 0.536279023 0
vt 0.693978012 0.533940017 0
vt 0.681095004 0.547828972 0
vt 0.68354702 0.540311992 0
vt 0.685998023 0.532795012 0
vt 0.688449979 0.525277972 0
vt 0.696213007 0.526274025 0
vt 0.703976989 0.527269006 0
vt 0.711740017 0.528264999 0
vt 0.611555994 0.799619973 0
vt 0.602452993 0.799558997 0
vt 0.602455974 0.797571003 0
vt 0.611561 0.797631025 0
vt 0.620662987 0.799674988 0
vt 0.620667994 0.797685027 0
vt 0.629773021 0.799723983 0
vt 0.629777014 0.797734976 0
vt 0.638885021 0.799772024 0
vt 0.638886988 0.797783017 0
vt 0.629778028 0.795746028 0
vt 0.620670021 0.795695007 0
vt 0.620670021 0.793704987 0
vt 0.629778028 0.793756008 0
vt 0.611562014 0.795642018 0
vt 0.611561 0.793651998 0
vt 0.620667994 0.79171598 0
vt 0.629778028 0.791767001 0
vt 0.611558974 0.791662991 0
vt 0.638886988 0.795795023 0
vt 0.602455974 0.795584023 0
vt 0.602452993 0.793596983 0
vt 0.602450013 0.791608989 0
vt 0.60244602 0.789620996 0
vt 0.611555994 0.789672971 0
vt 0.620666981 0.789726019 0
vt 0.629777014 0.789777994 0
vt 0.638886988 0.791818976 0
vt 0.638886988 0.789830029 0
vt 0.638886988 0.79380703 0
vt 0.575177014 0.799216986 0
vt 0.566088974 0.798974991 0
vt 0.566064 0.797062993 0
vt 0.575159013 0.797266006 0
vt 0.584266007 0.799377978 0
vt 0.584255993 0.797406018 0
vt 0.59335798 0.799485028 0
vt 0.593355 0.797501981 0
vt 0.593351007 0.795518994 0
vt 0.584246993 0.795435011 0
vt 0.584239006 0.793464005 0
vt 0.593346 0.793536007 0
vt 0.575145006 0.795318007 0
vt 0.575133979 0.793371022 0
vt 0.584231973 0.791492999 0
vt 0.593340993 0.791553974 0
vt 0.575124025 0.791422009 0
vt 0.566044986 0.795156002 0
vt 0.566029012 0.793249011 0
vt 0.566016018 0.79133898 0
vt 0.566004992 0.789421976 0
vt 0.575115025 0.789471984 0
vt 0.584226012 0.789521992 0
vt 0.593335986 0.789570987 0
vt 0.538814008 0.797833025 0
vt 0.529716015 0.797451973 0
vt 0.529680014 0.795827985 0
vt 0.53877902 0.796136022 0
vt 0.547908008 0.798243999 0
vt 0.547874987 0.796468019 0
vt 0.556999028 0.798640013 0
vt 0.55697 0.79678899 0
vt 0.55694598 0.794942021 0
vt 0.547846973 0.794694006 0
vt 0.547824025 0.79291898 0
vt 0.556926012 0.793093979 0
vt 0.538748026 0.794438004 0
vt 0.538721979 0.792739987 0
vt 0.547802985 0.791145027 0
vt 0.556909978 0.791245997 0
vt 0.538697004 0.79104197 0
vt 0.529648006 0.794200003 0
vt 0.529618025 0.792572975 0
vt 0.529591024 0.790946007 0
vt 0.529564023 0.789318025 0
vt 0.538673997 0.789344013 0
vt 0.547783971 0.78937 0
vt 0.556895018 0.789395988 0
vt 0.502403021 0.796760976 0
vt 0.493295014 0.796711981 0
vt 0.493261993 0.795221984 0
vt 0.502368987 0.795262992 0
vt 0.511509001 0.796907008 0
vt 0.511475027 0.795382023 0
vt 0.520614028 0.797140002 0
vt 0.52057898 0.795571983 0
vt 0.520545006 0.79400301 0
vt 0.511440992 0.793853998 0
vt 0.511407971 0.792325974 0
vt 0.520514011 0.792433023 0
vt 0.502335012 0.793761015 0
vt 0.502300978 0.792258024 0
vt 0.51137501 0.790798008 0
vt 0.520483017 0.790862978 0
vt 0.502267003 0.790751994 0
vt 0.493227988 0.793727994 0
vt 0.493194014 0.792231977 0
vt 0.493158013 0.79073298 0
vt 0.493122011 0.789219022 0
vt 0.502233028 0.789243996 0
vt 0.511343002 0.78926897 0
vt 0.520452976 0.789294004 0
vt 0.465974987 0.797150016 0
vt 0.456874013 0.797464013 0
vt 0.456844002 0.795831025 0
vt 0.465945989 0.795575976 0
vt 0.475080013 0.796914995 0
vt 0.475050002 0.795385003 0
vt 0.484187007 0.796765029 0
vt 0.484156013 0.795264006 0
vt 0.484122008 0.793760002 0
vt 0.475015998 0.793852985 0
vt 0.474979997 0.792321026 0
vt 0.484086007 0.792254984 0
vt 0.465912014 0.79400003 0
vt 0.465873986 0.792424977 0
vt 0.474940985 0.790787995 0
vt 0.484048992 0.790746987 0
vt 0.465833008 0.79084897 0
vt 0.456809014 0.79419601 0
vt 0.45676899 0.792560995 0
vt 0.456726015 0.79092598 0
vt 0.456681013 0.789291978 0
vt 0.465790987 0.789273024 0
vt 0.474902004 0.789255023 0
vt 0.484012008 0.789237022 0
vt 0.429591 0.798645973 0
vt 0.420500994 0.798977017 0
vt 0.420460999 0.797053993 0
vt 0.429554999 0.796783984 0
vt 0.43868199 0.798253 0
vt 0.438650012 0.796467006 0
vt 0.44777599 0.797843993 0
vt 0.447746009 0.796137989 0
vt 0.447708994 0.794430971 0
vt 0.438609987 0.79468298 0
vt 0.438562989 0.792897999 0
vt 0.447665989 0.792724013 0
vt 0.429511011 0.794927001 0
vt 0.429461002 0.793067992 0
vt 0.438513011 0.791113019 0
vt 0.447618991 0.791016996 0
vt 0.429407001 0.791208029 0
vt 0.420412004 0.795136988 0
vt 0.420358002 0.79321897 0
vt 0.420300007 0.791297019 0
vt 0.420239002 0.78936398 0
vt 0.429349989 0.78934598 0
vt 0.438459992 0.789327979 0
vt 0.447571009 0.789309978 0
vt 0.393231988 0.799466014 0
vt 0.384135991 0.79953599 0
vt 0.384068012 0.797546029 0
vt 0.393169999 0.797478974 0
vt 0.402323991 0.799365997 0
vt 0.402269006 0.797387004 0
vt 0.411412001 0.799211979 0
vt 0.411365002 0.797251999 0
vt 0.411312014 0.795295 0
vt 0.402209997 0.795409024 0
vt 0.402148008 0.793430984 0
vt 0.411253989 0.793339014 0
vt 0.393106014 0.79549098 0
vt 0.393041015 0.793504 0
vt 0.402083993 0.791453004 0
vt 0.411192 0.791379988 0
vt 0.392975003 0.791517019 0
vt 0.384000987 0.795556009 0
vt 0.383933991 0.793565989 0
vt 0.383866012 0.791575015 0
vt 0.383798987 0.789583981 0
vt 0.39290899 0.789529026 0
vt 0.402018994 0.78947401 0
vt 0.411128998 0.789418995 0
vt 0.356817007 0.799700022 0
vt 0.347707003 0.799749017 0
vt 0.347645015 0.797761977 0
vt 0.356750011 0.797712028 0
vt 0.365925997 0.799650013 0
vt 0.365857005 0.797659993 0
vt 0.375032991 0.799596012 0
vt 0.374963999 0.797604978 0
vt 0.374895006 0.795614004 0
vt 0.365786999 0.795669973 0
vt 0.365718007 0.793678999 0
vt 0.374826014 0.793622971 0
vt 0.356680006 0.795723021 0
vt 0.356608987 0.793734014 0
vt 0.365648001 0.791688979 0
vt 0.374756992 0.79163301 0
vt 0.356539011 0.79174602 0
vt 0.347573012 0.795774996 0
vt 0.34750101 0.793788016 0
vt 0.347429991 0.791801989 0
vt 0.347357988 0.789815009 0
vt 0.356467992 0.789757013 0
vt 0.365577996 0.789699018 0
vt 0.374687999 0.789641976 0
vt 0.130658999 0.294842005 0
vt 0.138622999 0.294941008 0
vt 0.138099 0.305949986 0
vt 0.13019 0.305808008 0
vt 0.146459997 0.294984996 0
vt 0.145955995 0.306010991 0
vt 0.137536004 0.316944987 0
vt 0.129679993 0.316762 0
vt 0.14542 0.317019999 0
vt 0.154234007 0.295002013 0
vt 0.153788 0.306030005 0
vt 0.153318003 0.31704101 0
vt 0.152834997 0.328043997 0
vt 0.144867003 0.328022987 0
vt 0.136948004 0.327937007 0
vt 0.129126996 0.32772401 0
vt 0.161997005 0.295015007 0
vt 0.169760004 0.295026988 0
vt 0.169442996 0.306055009 0
vt 0.161614999 0.306041986 0
vt 0.177524 0.295040011 0
vt 0.177269995 0.30606699 0
vt 0.169118002 0.317065001 0
vt 0.161218002 0.31705299 0
vt 0.177018002 0.317077011 0
vt 0.185286999 0.295053005 0
vt 0.185098007 0.306080014 0
vt 0.184918001 0.317088008 0
vt 0.184742004 0.328087986 0
vt 0.176764995 0.328076988 0
vt 0.168788999 0.328065991 0
vt 0.160812005 0.328054994 0
vt 0.193049997 0.295067012 0
vt 0.200813994 0.295082003 0
vt 0.200753003 0.306106001 0
vt 0.192925006 0.306093007 0
vt 0.208577007 0.29509601 0
vt 0.208580002 0.306118995 0
vt 0.200717002 0.317111999 0
vt 0.192817003 0.317099988 0
vt 0.208617002 0.317124009 0
vt 0.216340005 0.295111001 0
vt 0.216407001 0.306131989 0
vt 0.216517001 0.31713599 0
vt 0.216647997 0.32813099 0
vt 0.208672002 0.328121006 0
vt 0.200694993 0.328110009 0
vt 0.192718998 0.328099012 0
vt 0.224110007 0.295121014 0
vt 0.231916994 0.295100003 0
vt 0.232066005 0.306093007 0
vt 0.224234998 0.306136996 0
vt 0.239797994 0.295019001 0
vt 0.239903003 0.305950999 0
vt 0.232272997 0.317068994 0
vt 0.224411994 0.31713599 0
vt 0.240068004 0.31686601 0
vt 0.240280002 0.327785999 0
vt 0.232512996 0.328040987 0
vt 0.224613994 0.32812801 0
vt 0.128530994 0.338692993 0
vt 0.136340007 0.338910013 0
vt 0.135689005 0.349736989 0
vt 0.127877995 0.349583 0
vt 0.144302994 0.338990003 0
vt 0.143695995 0.349748999 0
vt 0.134966001 0.360264987 0
vt 0.127155006 0.360287011 0
vt 0.143006995 0.360091001 0
vt 0.152344003 0.339002013 0
vt 0.151806995 0.349696994 0
vt 0.151181996 0.359865993 0
vt 0.160398006 0.339004993 0
vt 0.168454006 0.339008987 0
vt 0.168089002 0.349615008 0
vt 0.159943998 0.349647999 0
vt 0.176511005 0.33901599 0
vt 0.176239997 0.349599004 0
vt 0.167664006 0.359544992 0
vt 0.159409001 0.359678 0
vt 0.175938994 0.359468013 0
vt 0.184567004 0.339024991 0
vt 0.184394002 0.349599987 0
vt 0.184222996 0.359450012 0
vt 0.192624003 0.339037001 0
vt 0.200681001 0.339049995 0
vt 0.200698003 0.349655002 0
vt 0.192546993 0.349619001 0
vt 0.208736002 0.339064986 0
vt 0.208842993 0.349707991 0
vt 0.200779006 0.359589994 0
vt 0.192506 0.359490991 0
vt 0.209032997 0.359744996 0
vt 0.216791004 0.339082986 0
vt 0.216978997 0.349776 0
vt 0.217256993 0.359955013 0
vt 0.224829003 0.339085996 0
vt 0.232773006 0.33899501 0
vt 0.233072996 0.349810988 0
vt 0.225086004 0.349842012 0
vt 0.240531996 0.33871299 0
vt 0.240832999 0.349570006 0
vt 0.233444005 0.360343009 0
vt 0.225426003 0.360193014 0
vt 0.241199002 0.36026299 0
vn -0.625770271 0.0284285713 0.779456973
vn -0.491417646 -0.0352308936 0.870245695
vn -0.797345221 -0.00156705617 0.603460968
vn -0.972908437 0.0496066771 0.225788489
vn -0.526504695 0.021799108 0.849925578
vn -0.484202415 -0.0516209677 0.873426616
vn -0.865463316 -0.0207237173 0.500476539
vn -0.977077842 -0.0345428586 0.210113913
vn -0.41145888 -0.00157409871 0.911422491
vn -0.522068799 -0.0431240946 0.851768374
vn -0.880506217 -0.0430084467 0.47205314
vn -0.959948361 -0.13192676 0.247296378
vn -0.323275566 -0.023005385 0.946023047
vn -0.58467871 -0.0236281343 0.81087023
vn -0.884750068 -0.046996966 0.463611841
vn -0.959023654 -0.0719226524 0.27411893
vn -0.289524436 -0.0324534364 0.956630111
vn -0.653958321 -0.013634555 0.756339848
vn -0.907305717 -0.0216044039 0.419813782
vn -0.960734427 0.057776548 0.271387726
vn -0.291347682 -0.0131168263 0.956567466
vn -0.702933311 -0.0500580557 0.709433675
vn -0.956413031 0.0130886426 0.291723967
vn -0.41253221 -0.793480217 0.447444141
vn 0.923330486 -0.383708179 0.0151271122
vn 0.949192643 -0.107346781 0.295820832
vn 0.911820233 -0.119308561 0.392873138
vn 0.99185878 -0.0785777867 0.10020791
vn 0.94652611 -0.0849558115 0.311240584
vn 0.9894346 -0.132706583 0.0583803616
vn 0.967575431 0.0570838749 0.245936677
vn 0.99793148 -0.00912657846 -0.0636765212
vn 0.969539702 0.0493169874 0.239709869
vn 0.984564662 -0.0233164821 -0.173357591
vn 0.973168075 0.0286958814 0.228165597
vn 0.977427304 -0.0400456488 -0.207249895
vn 0.774364114 -0.127142057 0.619834721
vn 0.818986595 -0.118092321 0.561529279
vn 0.880476892 0.0624102764 0.469963014
vn 0.854869962 0.0459075049 0.516767025
vn 0.805402339 0.00147539913 0.592712879
vn 0.753990889 -0.0259303004 0.656299889
vn 0.444499522 -0.00310566556 0.895773768
vn 0.539412916 -0.0464401171 0.840759814
vn 0.522327483 -0.0205988064 0.852494657
vn 0.476504803 -0.0360754468 0.878441572
vn 0.487873584 -0.0348334759 0.872266769
vn 0.54807663 -0.0248617679 0.836029232
vn 0.168055981 0.00596213248 0.985759497
vn -0.413270116 0.0222519021 0.910336494
vn -0.340853155 0.543624222 0.767001927
vn -0.477909088 0.331068099 0.813631892
vn -0.509080946 0.847123861 0.152373567
vn -0.872484803 0.454176128 0.180261701
vn -0.45088762 0.311927766 0.836302221
vn -0.256632 0.678579152 0.688237011
vn -0.350900412 0.92492485 0.145954654
vn -0.269868821 0.481570601 0.833845556
vn -0.230756789 0.714317083 0.660667956
vn -0.405892223 0.898957193 0.164882064
vn 0.297572196 0.952323198 0.0673159733
vn 0.182127342 0.773778975 0.606708884
vn 0.214817837 0.745598078 0.630822241
vn 0.180244118 0.981537282 0.0640039518
vn 0.352421254 0.615393698 0.705045998
vn 0.29080978 0.953778923 0.0757326856
vn 0.464220017 0.522633016 0.715090692
vn 0.597776353 0.801476777 0.0172763877
vn 0.248085365 0.496473759 0.83184588
vn 0.515623629 0.362771809 0.776227295
vn 0.650928199 0.109766036 0.751161754
vn 0.273061872 -0.0453651845 0.960926235
vn -0.292667627 0.191896409 0.936792016
vn -0.647900224 0.0218839478 0.761410773
vn -0.734000683 -0.262465924 0.626382172
vn 0.526748776 -0.458150119 0.715984821
vn 0.348612636 0.201722845 0.915301561
vn 0.694075227 0.011037197 0.719817936
vn 0.857147515 -0.092012547 0.50678581
vn 0.267573655 -0.590063572 0.76172781
vn -0.0780082196 0.0754229873 0.994131327
vn -0.228692994 0.0708160922 0.970894158
vn -0.363199383 0.08200147 0.928065836
vn -0.451198131 0.0875299573 0.88807869
vn -0.491619289 0.0952830687 0.865616858
vn -0.496271998 0.0909401551 0.863432229
vn 0.166782439 0.168126225 0.971508861
vn 0.275458783 0.133515611 0.952024341
vn 0.416095436 0.124406599 0.900762737
vn 0.535023332 0.126064613 0.835376501
vn 0.622228563 0.132746145 0.7714746
vn 0.683829606 0.125276193 0.718819082
vn 0.302738339 0.0510313474 0.951706469
vn 0.42782712 0.0119819893 0.903796613
vn 0.552366972 0.0142519334 0.833487213
vn 0.673895597 0.0288923904 0.738212526
vn 0.773872197 0.0454432219 0.631709099
vn 0.846231461 0.0538708121 0.530113041
vn 0.123802319 0.494086087 0.860553265
vn 0.123625301 0.689565182 0.713594258
vn 0.202301249 0.742893159 0.638109684
vn 0.105284862 0.492203146 0.864132702
vn 0.0835651085 0.635021448 0.767907619
vn 0.0743125975 0.676895618 0.732290566
vn -0.0382522494 0.511460721 0.858425558
vn -0.0937782004 0.667782784 0.738418877
vn -0.17728886 0.719080865 0.671902895
vn 0.93423897 -0.0625238195 -0.351124465
vn 0.857887924 -0.121993028 -0.499145359
vn 0.774106264 -0.175381631 -0.608276844
vn 0.784685314 -0.138813481 -0.604082882
vn 0.817331731 -0.0431186296 -0.574627936
vn 0.821077228 -0.0336195678 -0.569765985
vn 0.504313588 -0.118242025 -0.855386794
vn 0.533942938 -0.169599712 -0.82833612
vn 0.613802969 -0.0980525538 -0.783346355
vn 0.709803581 -0.00910705794 -0.704348326
vn 0.750780106 -0.00615528505 -0.660484374
vn 0.706404269 -0.0851779729 -0.702706993
vn 0.360625893 -0.0385260917 -0.931914449
vn 0.46417433 -0.0169794261 -0.885581076
vn 0.560868263 0.010736865 -0.827835441
vn 0.555034757 -0.00294662779 -0.831772625
vn 0.50620383 -0.034543477 -0.861693799
vn 0.512116671 -0.0714198649 -0.855905533
vn -0.571414113 -0.164367437 -0.803986073
vn -0.822187126 -0.200870037 -0.532573581
vn -0.990789413 -0.0694290176 -0.115860313
vn -0.479961246 -0.130433649 -0.867514253
vn -0.835731626 -0.167975813 -0.52287364
vn -0.995911956 -0.0859322101 -0.0288590323
vn -0.414623886 -0.10794425 -0.903574347
vn -0.822206497 -0.137316331 -0.552418947
vn -0.986450672 -0.156276882 -0.0505352318
vn -0.386194468 -0.0862945393 -0.918383121
vn -0.798382163 -0.102897055 -0.593270957
vn -0.985396862 -0.136423483 -0.102184311
vn -0.382330835 -0.0572570488 -0.922215939
vn -0.769898772 -0.0806195587 -0.633087575
vn -0.988274932 -0.0897758082 -0.123502441
vn -0.374410212 -0.0386989005 -0.926421463
vn -0.737154663 -0.0747558773 -0.671575963
vn -0.99539268 -0.0557851493 -0.0779831782
vn -0.365787119 0.714611173 -0.596232653
vn -0.465274125 0.703709722 -0.536947429
vn -0.526186466 0.633575559 -0.5671947
vn -0.812671125 0.293380439 -0.503481448
vn -0.36741206 0.247805178 -0.896426797
vn -0.479175746 0.204297751 -0.853611827
vn -0.418068171 0.0401324704 -0.907528758
vn -0.0663230047 -0.186761171 -0.980163991
vn -0.358906358 0.0139842154 -0.933299184
vn -0.546284974 -0.0415637158 -0.836567461
vn -0.657364666 -0.281098515 -0.699181855
vn -0.00777788227 -0.686064124 -0.727499545
vn 0.718591511 -0.154460028 -0.67806226
vn 0.0783164054 -0.613337696 -0.785928369
vn 0.343372792 0.130320832 -0.930113733
vn 0.0192901939 -0.146062315 -0.989087284
vn 0.246389195 0.76861012 -0.590365112
vn 0.452490032 0.629620314 -0.631530702
vn 0.329753906 -0.051883325 -0.942640126
vn 0.208175108 0.254404545 -0.944426537
vn 0.14610073 0.797927201 -0.584779263
vn 0.29197526 0.00149174524 -0.956424713
vn 0.180221394 0.300856382 -0.936485767
vn 0.152241901 0.769482434 -0.620257258
vn -0.167718261 -0.0228073206 -0.985543191
vn -0.20156607 -0.0320402272 -0.978988528
vn -0.260658681 -0.0413827561 -0.964575291
vn -0.335937649 -0.0441224836 -0.940802753
vn -0.419344664 -0.0444077775 -0.906731009
vn -0.513345778 -0.0572809801 -0.856213212
vn -0.244131878 0.023555737 -0.96947211
vn -0.290858895 0.0194176305 -0.956540287
vn -0.334496319 0.0168300085 -0.942228913
vn -0.379622698 0.0153588187 -0.924961627
vn -0.427952319 0.0157115124 -0.903657138
vn -0.474831223 0.00953742862 -0.880034506
vn 0.0549112521 0.0369288959 -0.997808158
vn 0.0374377035 0.0340416506 -0.998718917
vn -0.00401707785 0.0296875928 -0.999533534
vn -0.025429856 0.0220950283 -0.999387443
vn -0.0146008963 0.0157880448 -0.99976939
vn 0.0107730804 0.00370746688 -0.999981105
vn -0.15735805 0.00327547337 -0.987507641
vn -0.184747517 0.180574074 -0.966054142
vn -0.268919915 0.494013518 -0.82678473
vn -0.489070147 0.636628449 -0.596211195
vn -0.189315319 0.0365098454 -0.981237411
vn -0.139135957 0.155427307 -0.977999806
vn -0.108518623 0.407544881 -0.906762004
vn -0.066922769 0.563910186 -0.823061287
vn -0.0105862468 0.0685298741 -0.997592926
vn -0.0383791327 0.242317408 -0.969437659
vn 0.0652624592 0.559672117 -0.826140344
vn 0.306165248 0.705943227 -0.638675988
vn 0.788083971 -0.207688406 0.579473257
vn 0.887124181 -0.435906202 -0.151646405
vn 0.726065278 -0.413112223 0.549697697
vn 0.709594727 -0.702649355 -0.0525285006
vn 0.702537179 -0.588002384 0.400867343
vn 0.649836719 -0.758937061 0.0415531956
vn 0.331045836 0.20407702 0.921282351
vn 0.174991429 0.232279152 0.956778109
vn 0.0880351365 0.214388043 0.972773194
vn -0.553599954 0.352521271 0.754490435
vn -0.61712867 0.412756205 0.669913769
vn -0.655324519 0.46332556 0.596556127
vn -0.901045382 0.403445274 0.159213915
vn -0.904633224 0.394152164 0.162119105
vn -0.908089697 0.400910437 0.1210123
vn -0.830696642 0.200068474 -0.519534111
vn -0.853104055 0.173037931 -0.492210656
vn -0.864771545 0.161852628 -0.475367159
vn 0.0538402051 -0.181081176 -0.981993258
vn -0.148840636 -0.201100066 -0.968196869
vn -0.332668006 -0.164038479 -0.928667545
vn 0.525060773 -0.434092134 -0.732035041
vn 0.610145807 -0.461293995 -0.644150496
vn 0.632239044 -0.567979515 -0.526946962
vn -0.559818208 -0.580353498 -0.591433287
vn -0.478243947 -0.877883971 0.0245453604
vn -0.551783681 -0.640468419 -0.534167528
vn -0.437165976 -0.895870805 0.079380706
vn -0.517582417 -0.703253686 -0.487383574
vn -0.3843925 -0.914163053 0.12864019
vn -0.218732044 -0.116179295 -0.968843997
vn -0.0545071103 -0.0911262035 -0.994346559
vn 0.0358032361 -0.0233648811 -0.999085724
vn 0.518976152 0.543060064 -0.660113215
vn 0.54069525 0.531051934 -0.652405202
vn 0.553423345 0.531028509 -0.641662896
vn 0.716575742 0.696659505 -0.0344207808
vn 0.708535492 0.705485761 -0.0163473003
vn 0.689546943 0.724177599 -0.00957817305
vn 0.594156802 0.545015514 0.591553628
vn 0.644135177 0.590174496 0.486604571
vn 0.634794652 0.636927485 0.437446147
vn -0.0589902885 0.00308371964 0.998253822
vn 0.0151203275 0.042045489 0.999001265
vn 0.0959810764 0.0522578768 0.994010448
vn -0.323315114 -0.548985183 0.77076757
vn -0.322107345 -0.675901473 0.662875652
vn -0.327032119 -0.782818437 0.52938205
vn 0.369287997 0.745738626 -0.554527104
vn -0.0616598688 0.649082243 -0.758159459
vn 0.28966251 0.939557135 0.182559431
vn 0.0234739631 0.862194538 0.506033242
vn 0.0525664948 0.803046107 0.593592465
vn -0.0413900353 0.852888644 0.520447552
vn -0.403347135 0.877608836 0.259139508
vn -0.482459933 0.759844959 -0.435767621
vn 0.00360571383 0.263706446 0.964611411
vn 0.12569271 0.312417239 0.941649914
vn 0.163019136 0.254618317 0.953202069
vn -0.672510862 0.0199064128 0.739787519
vn -0.658952296 0.0226424523 0.751827955
vn -0.643662632 0.0255897865 0.764914632
vn -0.549218178 0.0176727884 0.835481524
vn -0.496511161 -0.00100896473 0.867984533
vn -0.477384776 -0.0212176796 0.878443897
vn -0.496408582 -0.0280249417 0.86765486
vn -0.501424015 -0.0228241459 0.864941001
vn -0.506351709 -0.0199921578 0.862113774
vn -0.5361287 -0.0384294204 0.84324944
vn -0.607765019 -0.031477239 0.793469548
vn -0.700036407 -0.0180073772 0.713898182
vn -0.776451349 0.0011971062 0.630098999
vn -0.755810916 0.00421140855 0.654851794
vn -0.735012054 0.00749410177 0.677992046
vn -0.874812484 0.0166610274 0.484117329
vn -0.924141824 0.0345399641 0.380485237
vn -0.954033732 0.0473325327 0.295948356
vn -0.604969144 0.0303240214 0.795700848
vn -0.58104372 0.0299250446 0.813298166
vn -0.554624856 0.0270316675 0.83167851
vn -0.428714216 0.00831632782 0.903341055
vn -0.384942204 -0.0131451655 0.922894597
vn -0.406445026 -0.0360218175 0.912934661
vn -0.486856073 -0.0423371568 0.872517526
vn -0.483465374 -0.0474878028 0.874085724
vn -0.482353956 -0.0505788475 0.874556184
vn -0.588060141 -0.0534348786 0.80709815
vn -0.691177547 -0.0429291725 0.72144115
vn -0.785700142 -0.029161958 0.617963254
vn -0.81793046 -0.00474522356 0.575260818
vn -0.837090135 -0.00896438956 0.547013819
vn -0.853243351 -0.0143773286 0.521243274
vn -0.920941114 -0.0197218116 0.389271945
vn -0.952559114 -0.02351439 0.303581476
vn -0.968948126 -0.0290525686 0.245719001
vn -0.974372268 0.0521355085 0.21900472
vn -0.976383924 0.0392214991 0.212681279
vn -0.977886796 0.00927418564 0.209125698
vn -0.497326404 0.0153940953 0.867382228
vn -0.46799019 0.00938974973 0.883683443
vn -0.439203799 0.00377580221 0.898376286
vn -0.322457045 -0.00844041724 0.94656682
vn -0.310689867 -0.0190151762 0.950286925
vn -0.384315789 -0.0319690295 0.922700346
vn -0.489417493 -0.051247891 0.870490074
vn -0.497849524 -0.0497105494 0.865848362
vn -0.508930326 -0.0470030904 0.859504282
vn -0.66254729 -0.046263501 0.747570574
vn -0.764808178 -0.0417348407 0.642861724
vn -0.833768129 -0.038130872 0.550773084
vn -0.873472095 -0.0271147992 0.486168891
vn -0.877930522 -0.0330379792 0.477692693
vn -0.879889786 -0.0383212715 0.473573804
vn -0.912572205 -0.0592777878 0.404528946
vn -0.934548616 -0.0838785544 0.345772803
vn -0.949372888 -0.110130042 0.294361532
vn -0.973209918 -0.0790374801 0.215912223
vn -0.967931688 -0.11097715 0.225172654
vn -0.963201642 -0.128167838 0.236296788
vn -0.385385752 -0.00679284334 0.922694206
vn -0.361623883 -0.0120151006 0.932180107
vn -0.340808421 -0.0175051969 0.939985394
vn -0.290192693 -0.0230362937 0.956713378
vn -0.326583534 -0.0189908035 0.944953918
vn -0.433550984 -0.0177248605 0.900943398
vn -0.536553681 -0.0386872888 0.842945516
vn -0.552025795 -0.033939328 0.833146095
vn -0.568147719 -0.0288785268 0.822382331
vn -0.71826756 -0.0330406837 0.695069373
vn -0.8038252 -0.0405390859 0.593460917
vn -0.854448795 -0.0450651795 0.517518699
vn -0.880676687 -0.0464600883 0.471543223
vn -0.881002545 -0.0482455492 0.470607132
vn -0.882263124 -0.0483851023 0.468273968
vn -0.906112552 -0.0484718941 0.420147061
vn -0.925047457 -0.0520628206 0.376260519
vn -0.942659974 -0.0595000349 0.328457326
vn -0.958209336 -0.125899822 0.256949782
vn -0.95762974 -0.113399446 0.264708698
vn -0.958029747 -0.095160909 0.270453691
vn -0.309450358 -0.0277431607 0.950526059
vn -0.299296141 -0.0310573094 0.953627825
vn -0.292833865 -0.0326783508 0.955659449
vn -0.338557452 -0.0324481353 0.940385103
vn -0.42052567 -0.0238942299 0.907025695
vn -0.531166017 -0.0153250489 0.847073078
vn -0.60137248 -0.0189149901 0.798723519
vn -0.618404627 -0.0155868139 0.785764933
vn -0.635878623 -0.0136310207 0.771623492
vn -0.757806838 -0.0179050863 0.652265728
vn -0.828906834 -0.0227149744 0.558937728
vn -0.875782907 -0.0245085247 0.482058555
vn -0.888871431 -0.0437649153 0.45606935
vn -0.894256949 -0.038469024 0.445811033
vn -0.900636494 -0.0307884663 0.43345356
vn -0.929003954 -0.0144479442 0.369787693
vn -0.943817258 -0.00450675003 0.330437243
vn -0.954015851 0.0276387762 0.298479319
vn -0.959983468 -0.0482222736 0.275863975
vn -0.960609376 -0.0282946806 0.276567072
vn -0.960871041 -0.00915805809 0.276844651
vn -0.288988471 -0.0307573881 0.95684135
vn -0.289932609 -0.0272947606 0.956680536
vn -0.291062206 -0.0220283326 0.956426859
vn -0.390998781 -0.0283455569 0.919994831
vn -0.494832933 -0.0386859588 0.868088305
vn -0.600877464 -0.0454786196 0.798098147
vn -0.671973228 -0.0170942694 0.740327656
vn -0.687776089 -0.0249560997 0.725491345
vn -0.69882381 -0.0365092345 0.714314163
vn -0.788807333 -0.0515478104 0.612475216
vn -0.849452198 -0.0531985201 0.524976909
vn -0.910309613 -0.0360250138 0.41235733
vn -0.913765371 -0.0171305854 0.405880898
vn -0.920915842 -0.00584198022 0.389717668
vn -0.941402793 0.0168273319 0.336864531
vn 0.943876743 -0.115505718 0.309443265
vn 0.938581586 -0.126935542 0.320861429
vn 0.92354089 -0.121687919 0.363681674
vn 0.943308294 -0.115156412 0.311301291
vn 0.968088031 -0.102764666 0.228571445
vn 0.978610039 -0.0916474387 0.184182286
vn 0.914852798 -0.13648738 0.380020678
vn 0.922325075 -0.137933895 0.360957831
vn 0.933421254 -0.121520087 0.337576091
vn 0.955025196 -0.104913317 0.277344763
vn 0.96872437 -0.112407744 0.221218377
vn 0.978651226 -0.115164317 0.170231611
vn 0.988595068 -0.11420811 0.0981649458
vn 0.986508369 -0.136280462 0.0907133892
vn 0.986716628 -0.142728195 0.0775830671
vn 0.959000647 -0.0260126665 0.282207429
vn 0.966495395 0.0269977469 0.25526014
vn 0.967157006 0.049218718 0.249368951
vn 0.971796274 0.0523887873 0.229815409
vn 0.982646883 0.0426120795 0.180390954
vn 0.996176422 0.0235672724 0.083669126
vn 0.99395597 -0.104804039 0.0326751173
vn 0.998388708 -0.0567382202 -0.000750887149
vn 0.999275982 -0.0165922139 -0.0342388712
vn 0.967824519 0.0624481551 0.243611693
vn 0.968114018 0.0630111247 0.242209867
vn 0.968697309 0.0584481955 0.24115029
vn 0.978996336 0.0408232473 0.199716195
vn 0.991841197 0.0230779778 0.125460997
vn 0.999992013 -0.000131272027 0.00129186863
vn 0.99545151 -0.0102926828 -0.0944956169
vn 0.992021918 -0.0131269069 -0.12519978
vn 0.988154948 -0.0176194757 -0.152559593
vn 0.970637441 0.0393054523 0.23732689
vn 0.971619725 0.0323116705 0.234229386
vn 0.972557306 0.0287803821 0.23104015
vn 0.989266872 0.0178691335 0.145325631
vn 0.998817205 -0.00246001943 0.0485774353
vn 0.997297347 -0.0245585907 -0.0690459162
vn 0.982012987 -0.0288905259 -0.186555639
vn 0.980422378 -0.0334706195 -0.194010898
vn 0.979125321 -0.0371811278 -0.199631304
vn 0.973580241 0.0302737057 0.226215839
vn 0.973828912 0.0316208042 0.225098863
vn 0.973946035 0.0325166583 0.224540994
vn 0.790878832 -0.242184773 0.562011778
vn 0.846398115 -0.148828462 0.511331975
vn 0.829617441 -0.19517462 0.523107827
vn 0.912594676 -0.122499779 0.390083164
vn 0.868556201 -0.132959694 0.477422059
vn 0.821649313 -0.135977119 0.553536534
vn 0.785853386 -0.144821271 0.601216376
vn 0.795194268 -0.149696067 0.587585747
vn 0.805895925 -0.141541049 0.574889481
vn 0.895503342 -0.140229225 0.422385424
vn 0.877990127 -0.159559503 0.451302767
vn 0.844381332 -0.136501133 0.518061399
vn 0.836071372 -0.0831973776 0.542275667
vn 0.855396867 -0.040018037 0.516425073
vn 0.872659802 0.0171158072 0.488028616
vn 0.940239131 -0.0485457107 0.337036759
vn 0.930016518 -4.07286025e-05 0.367517769
vn 0.912387848 0.0464800484 0.406679332
vn 0.877002895 0.0716126934 0.475118488
vn 0.87141645 0.0607225411 0.48676905
vn 0.864042759 0.0536015444 0.500599742
vn 0.963436544 0.059791334 0.261269331
vn 0.949840188 0.0607505143 0.306732744
vn 0.917999923 0.0573307388 0.39246738
vn 0.844063878 0.0372683145 0.534875214
vn 0.831917465 0.0269514322 0.554176331
vn 0.818871856 0.0149416188 0.573744416
vn 0.959389985 0.0475739315 0.278066784
vn 0.937611163 0.0373832695 0.345589578
vn 0.891586065 0.0211419053 0.452315509
vn 0.792001963 -0.0108875809 0.610401332
vn 0.778963506 -0.0197931137 0.62682718
vn 0.766240001 -0.024703322 0.642108083
vn 0.949800134 0.0264795683 0.311837882
vn 0.911955059 0.0127135525 0.410097092
vn 0.849487364 -0.00702423695 0.527506709
vn 0.742159605 -0.0252877232 0.669813633
vn 0.730448723 -0.0244987588 0.682493269
vn 0.718959153 -0.0239347331 0.694720507
vn 0.722865164 -0.104696505 0.683011472
vn 0.65709722 -0.0728178471 0.750280499
vn 0.566345513 -0.0362618119 0.823369801
vn 0.469621271 -0.0331005827 0.882247269
vn 0.494093478 -0.0501399972 0.867961824
vn 0.517466247 -0.0548720695 0.853942335
vn 0.793367207 -0.10052795 0.600385308
vn 0.749064505 -0.082902357 0.657289565
vn 0.669743717 -0.0654158592 0.739705443
vn 0.558633983 -0.0267139953 0.828983963
vn 0.559503496 -0.0148016121 0.828695834
vn 0.540001988 -0.0182449631 0.84146595
vn 0.827821195 0.0588943437 0.557892144
vn 0.754276633 0.0335631669 0.655698299
vn 0.65367806 0.00246446929 0.75676918
vn 0.505560219 -0.0267121978 0.862428367
vn 0.492221028 -0.0314051993 0.86985445
vn 0.482669324 -0.0345237032 0.875146985
vn 0.760967016 0.0245944876 0.64834553
vn 0.657107949 -0.00194820424 0.753808022
vn 0.558624029 -0.0249432251 0.829011977
vn 0.473901123 -0.0367020071 0.879811287
vn 0.474873662 -0.0365321487 0.879258752
vn 0.479539871 -0.0359523185 0.876746237
vn 0.689070463 -0.0177040622 0.724467874
vn 0.583527505 -0.0321044438 0.811378419
vn 0.513658941 -0.0385718532 0.857155502
vn 0.499689668 -0.0331826247 0.865632951
vn 0.514273405 -0.0310298018 0.857099414
vn 0.530700624 -0.0281562395 0.847090185
vn 0.645091116 -0.0382168256 0.763127923
vn 0.563931108 -0.0416882634 0.824748039
vn 0.530329347 -0.0370913707 0.846969724
vn 0.565554798 -0.0216998309 0.824446976
vn 0.58280021 -0.019451946 0.81232965
vn 0.599741518 -0.0183697417 0.799917042
vn 0.0099960817 -0.0385314934 0.999207377
vn -0.162589803 -0.052987054 0.985270023
vn -0.311662704 -0.0315038152 0.949670374
vn -0.359042913 0.135109797 0.923489869
vn -0.328640282 0.26714319 0.905886471
vn -0.323613584 0.408716977 0.853360772
vn -0.400798649 0.470667392 0.786023319
vn -0.444434643 0.402100652 0.800495446
vn -0.470053554 0.350810766 0.809926808
vn 0.0564572252 0.0800051987 0.995194316
vn -0.0998836607 0.162307635 0.981671751
vn -0.289229095 0.250409424 0.923927307
vn -0.374820143 0.658511341 0.652589142
vn -0.419009864 0.749864519 0.51199007
vn -0.466873974 0.815129638 0.342917532
vn -0.875053823 0.453533024 0.169081211
vn -0.878452718 0.450064689 0.160507396
vn -0.892971754 0.420762599 0.159875944
vn -0.631726205 0.391139776 0.669277012
vn -0.743466496 0.429527819 0.512604475
vn -0.822069347 0.450329959 0.348432124
vn -0.463848174 0.0960298553 0.880694687
vn -0.476325423 0.174959064 0.861686349
vn -0.470548362 0.246963739 0.847108603
vn -0.384016961 0.403598696 0.830445051
vn -0.324549913 0.49966836 0.803118229
vn -0.280687511 0.593123913 0.75459832
vn -0.278554887 0.606154501 0.744972408
vn -0.240484431 0.646384537 0.72412312
vn -0.242567465 0.663865924 0.707419932
vn -0.253854394 0.757354081 0.601641655
vn -0.271779507 0.830882072 0.485562295
vn -0.308818787 0.891583741 0.331261575
vn -0.398570508 0.905311465 0.146808356
vn -0.355204552 0.922840536 0.148980424
vn -0.353039354 0.923793793 0.148217037
vn -0.411800116 0.369502962 0.832946002
vn -0.364900529 0.418447167 0.831652105
vn -0.317237914 0.455727696 0.83164072
vn -0.260131836 0.541373849 0.79951787
vn -0.249524102 0.600957334 0.759317577
vn -0.238990113 0.658900857 0.713249743
vn -0.260119528 0.693397224 0.671945989
vn -0.254470199 0.705953538 0.661036193
vn -0.243676201 0.713748097 0.656711757
vn -0.429240555 0.868895471 0.24642235
vn -0.474030703 0.849537849 0.231290877
vn -0.508239388 0.835348725 0.209196955
vn -0.227664292 0.770232499 0.595713913
vn -0.236430138 0.826128125 0.511424303
vn -0.273144692 0.88032788 0.387892514
vn 0.186332166 0.775088847 0.603752911
vn 0.191512749 0.771351755 0.606909692
vn 0.200212196 0.761704743 0.616214991
vn 0.190278366 0.807085514 0.558933794
vn 0.179273352 0.888130546 0.423184633
vn 0.17974475 0.949936092 0.255564392
vn 0.237488508 0.722506344 0.649294794
vn 0.267915189 0.692539215 0.669784129
vn 0.306403518 0.656309128 0.689474523
vn 0.315992713 0.724883974 0.612120748
vn 0.294718325 0.836853862 0.461320519
vn 0.290227622 0.916785598 0.274357438
vn 0.190976739 0.978930116 0.072275199
vn 0.212481171 0.974099994 0.0773361921
vn 0.245305821 0.966244817 0.0787139609
vn 0.397708595 0.57507354 0.714925349
vn 0.430720061 0.543043196 0.720821917
vn 0.449902326 0.526009321 0.721735418
vn 0.656561136 0.754271567 -0.0013458461
vn 0.690488756 0.723143935 -0.0169744305
vn 0.708027303 0.705619633 -0.028254047
vn 0.353821456 0.932900906 0.0671291873
vn 0.433656961 0.899492681 0.0534287803
vn 0.519036949 0.853985369 0.0361902416
vn 0.182610095 0.734790087 0.653251171
vn 0.198935598 0.67098707 0.714283526
vn 0.219672158 0.592833757 0.77478534
vn 0.291787118 0.481456965 0.82647413
vn 0.35182181 0.454814285 0.81814754
vn 0.42775923 0.415426016 0.802772224
vn 0.268082201 0.68472898 0.677700639
vn 0.336584002 0.586919129 0.736367583
vn 0.414172888 0.462229073 0.784095049
vn 0.571521997 0.306676656 0.761125684
vn 0.603631496 0.245784849 0.758431792
vn 0.637688398 0.177548572 0.749553204
vn 0.420417041 0.485504001 0.766508579
vn 0.501750946 0.325926155 0.801260352
vn 0.586407304 0.178527057 0.790097833
vn 0.631833375 0.0481729023 0.773605764
vn 0.563111186 0.000278265157 0.826381087
vn 0.440542549 -0.0288852286 0.897266924
vn 0.396642298 0.357021868 0.845701039
vn 0.337615311 0.178487793 0.924206674
vn 0.275118619 0.0644141957 0.959250033
vn -0.29096055 0.00797207002 0.956726789
vn -0.291044831 0.049057886 0.955453932
vn -0.292021006 0.111806266 0.949814856
vn -0.384058058 0.157602042 0.909777522
vn -0.4757559 0.116628364 0.87180835
vn -0.564506769 0.0707492158 0.822405279
vn -0.698937893 -0.0578697138 0.712835968
vn -0.689629376 -0.0488819852 0.722510874
vn -0.671696842 -0.0234054979 0.740456223
vn -0.725215673 -0.029865386 0.687873721
vn -0.784694791 -0.0829365775 0.614309072
vn -0.795341969 -0.155142069 0.585970938
vn -0.948344827 -0.0411960967 0.314555168
vn -0.913665771 -0.101873055 0.393492877
vn -0.843075097 -0.19197011 0.502366304
vn -0.552397668 -0.43469426 0.711264789
vn -0.13582547 -0.564063072 0.81448406
vn 0.366826594 -0.565917253 0.738360286
vn -0.278632432 0.419624746 0.863841236
vn -0.28595525 0.351777196 0.891360998
vn -0.290963411 0.275523365 0.916209877
vn -0.515051126 0.22781691 0.826330364
vn -0.57025528 0.151253104 0.807422817
vn -0.615270197 0.0821271017 0.784026563
vn -0.487527847 -0.0689892024 0.870377541
vn -0.549585879 -0.153179824 0.821274221
vn -0.624235392 -0.238484234 0.743945897
vn 0.268170685 -0.0769254267 0.96029526
vn 0.363139212 -0.240712732 0.900104105
vn 0.575647295 -0.33400926 0.746370018
vn 0.418137431 0.0446588099 0.907285333
vn 0.413233489 0.0580798723 0.908771098
vn 0.383844048 0.0976721346 0.918217719
vn 0.436370611 0.162370324 0.884995162
vn 0.526110351 0.111402556 0.843087971
vn 0.612285614 0.05303194 0.788856089
vn 0.757051885 -0.0938923955 0.646572948
vn 0.73187393 -0.0377268493 0.680394888
vn 0.705696106 -0.0202884246 0.708224118
vn 0.76844281 -0.0108722728 0.639826119
vn 0.807621539 -0.0273126028 0.589068234
vn 0.827607572 -0.0574331842 0.558361173
vn 0.940063834 -0.111570537 0.322229683
vn 0.922625303 -0.11954394 0.366703898
vn 0.896174788 -0.117404059 0.427886933
vn 0.859358191 -0.164387345 0.484231591
vn 0.796326399 -0.288866878 0.531432331
vn 0.610917747 -0.454740882 0.64806658
vn 0.264044315 0.44273296 0.856894493
vn 0.285104483 0.396905243 0.872457266
vn 0.315614492 0.301162601 0.899827003
vn 0.540401697 0.314173162 0.78055191
vn 0.602268577 0.222298235 0.766717732
vn 0.651160121 0.114113145 0.750312328
vn 0.727674663 0.052758038 0.683890402
vn 0.786261737 -0.0459776036 0.616180658
vn 0.834587038 -0.0780047402 0.545325339
vn 0.286960781 -0.163533017 0.943880558
vn 0.261796027 -0.270147622 0.926543593
vn 0.279724479 -0.426901758 0.859947205
vn -0.202095225 0.00647118222 0.979382813
vn -0.133656487 0.0280166604 0.990675032
vn -0.0929045081 0.0507184453 0.99436909
vn -0.114114866 0.0703438967 0.991018951
vn -0.152036622 0.0685936138 0.985986352
vn -0.190524668 0.0687479898 0.979314566
vn -0.263059556 -0.0185783692 0.964609981
vn -0.246186212 0.00796560198 0.969215989
vn -0.236280918 0.0402085111 0.970824718
vn -0.2655949 0.0737734511 0.961286604
vn -0.30061844 0.07673347 0.950677931
vn -0.333298504 0.079465501 0.939447224
vn -0.380982161 -0.0109796086 0.924515426
vn -0.414356381 0.0149158128 0.910009146
vn -0.410068631 0.0486329123 0.91074872
vn -0.389909029 0.0839955732 0.917009771
vn -0.413505882 0.0857163072 0.906519175
vn -0.433953583 0.086803712 0.896736801
vn -0.510739326 0.00841955654 0.859734058
vn -0.558184981 0.027860947 0.829267323
vn -0.540891171 0.0555485971 0.839247584
vn -0.465528846 0.0883919001 0.880638957
vn -0.47702077 0.0898877978 0.874301314
vn -0.485603124 0.0922724456 0.869258463
vn -0.616783023 0.0307621602 0.786566496
vn -0.649529696 0.044237271 0.759066045
vn -0.613470793 0.0656833127 0.786951005
vn -0.495187581 0.097431913 0.863319397
vn -0.496628076 0.0977203622 0.862399399
vn -0.496803999 0.0954857245 0.862575769
vn -0.686080098 0.03412655 0.726704061
vn -0.696524918 0.0435403213 0.716187477
vn -0.642183423 0.0619645417 0.764062226
vn -0.495299131 0.0859178901 0.864396691
vn -0.494331002 0.0820068792 0.865424633
vn -0.493293524 0.0797067583 0.866199374
vn -0.062958166 0.104728945 0.992538095
vn -0.0197431184 0.136288121 0.990450382
vn 0.0590350069 0.161086768 0.985209107
vn 0.187004402 0.155618668 0.969957113
vn 0.212624714 0.146249637 0.966096759
vn 0.242430702 0.1389357 0.960196495
vn -0.195952475 0.0975826308 0.975729406
vn -0.105978996 0.120541729 0.987036884
vn 0.0570624545 0.135650381 0.989121675
vn 0.310317874 0.129421249 0.941788197
vn 0.346082121 0.126624256 0.929626644
vn 0.381630838 0.124961138 0.915877044
vn -0.266516119 0.109077513 0.957624674
vn -0.105266117 0.127763808 0.986202002
vn 0.135367632 0.134914875 0.981559873
vn 0.448842883 0.124552757 0.884922981
vn 0.479683429 0.124876589 0.868500352
vn 0.508353353 0.125378057 0.85194248
vn -0.289889783 0.116398133 0.9499771
vn -0.0603534207 0.135423765 0.988914967
vn 0.235782087 0.140198067 0.961677253
vn 0.559637547 0.127066374 0.818971992
vn 0.582346022 0.12851359 0.802730978
vn 0.603222191 0.130534112 0.786878645
vn -0.281588703 0.124762088 0.951364577
vn -0.00174035877 0.144611552 0.989477694
vn 0.325595766 0.148526192 0.933771968
vn 0.639633656 0.134155095 0.756834567
vn 0.655708969 0.133405611 0.743174613
vn 0.670397818 0.130397037 0.730518281
vn -0.252310574 0.121611647 0.959982038
vn 0.059506245 0.141268849 0.988203645
vn 0.398956299 0.142795742 0.905814171
vn 0.696121097 0.119671203 0.707867205
vn 0.707449555 0.115192048 0.697238982
vn 0.718198836 0.112205811 0.686722517
vn 0.267409056 0.151293606 0.951676428
vn 0.326648235 0.117747836 0.937812924
vn 0.339904577 0.0789179504 0.937142909
vn 0.336227298 0.0331437886 0.941197455
vn 0.368905485 0.0205623601 0.929239452
vn 0.397542477 0.0125370128 0.917498112
vn 0.454611152 0.109481044 0.883953512
vn 0.53185904 0.0740515813 0.843620896
vn 0.517429531 0.0391226411 0.85488677
vn 0.458170444 0.0101242345 0.888823748
vn 0.489135057 0.0100075668 0.872156918
vn 0.520635784 0.0114803361 0.853715777
vn 0.61307317 0.0977656841 0.78388536
vn 0.684519351 0.067314744 0.725868762
vn 0.660789609 0.0391855277 0.749555111
vn 0.58394444 0.0179018546 0.811600983
vn 0.615023196 0.0215074923 0.788199544
vn 0.645075977 0.025174804 0.763695717
vn 0.720648706 0.0994050354 0.686159849
vn 0.783787191 0.0731999278 0.616747379
vn 0.766065776 0.0503646769 0.640836179
vn 0.70124501 0.0327731967 0.712197423
vn 0.727040529 0.0368088111 0.685629785
vn 0.751245499 0.0409927554 0.658680856
vn 0.791878343 0.106462389 0.601273358
vn 0.849251688 0.0827609375 0.521447718
vn 0.840718687 0.0633813441 0.537738681
vn 0.794837236 0.0493031666 0.604887664
vn 0.813903034 0.0520978682 0.578617692
vn 0.831103742 0.0534938797 0.553514898
vn 0.838509917 0.100433402 0.535560668
vn 0.891328216 0.0804691091 0.446212679
vn 0.890422702 0.0662564561 0.450340539
vn 0.859392583 0.0534860753 0.508543134
vn 0.870883822 0.0528290793 0.488581777
vn 0.881175518 0.0517979153 0.469883293
vn 0.323210448 0.0180198401 0.946155488
vn 0.252517909 0.0269256085 0.967217505
vn 0.251881212 0.0338342041 0.967166483
vn 0.402116954 -0.0264311265 0.91520679
vn 0.325695217 -0.0134926178 0.945378602
vn 0.335094035 -0.00669984473 0.942160964
vn 0.404071152 -0.0284227524 0.914280176
vn 0.362803429 -0.0221672393 0.931578875
vn 0.42054072 -0.00678811036 0.907199025
vn 0.433122814 -0.0320409611 0.900721252
vn 0.453618228 -0.0160725173 0.891059637
vn 0.543782473 0.0062082652 0.839163899
vn 0.50691855 -0.0206858311 0.861716449
vn 0.568701267 0.000925054657 0.822528303
vn 0.666676939 0.024628792 0.744909644
vn 0.604157269 -0.00593150035 0.796862721
vn 0.681067884 0.016574746 0.731980741
vn 0.767655075 0.0378034934 0.639730394
vn 0.214501157 0.501087189 0.8383919
vn 0.183712974 0.500077605 0.846269429
vn 0.153341457 0.49677676 0.854224443
vn 0.116601303 0.562482178 0.818546295
vn 0.114143252 0.615613461 0.779738009
vn 0.114830688 0.658406079 0.743851781
vn 0.170273215 0.769215465 0.615885139
vn 0.156112611 0.752615035 0.639687002
vn 0.145990103 0.719985247 0.678460062
vn 0.145106569 0.711363316 0.687681854
vn 0.174079046 0.729170561 0.661820829
vn 0.186148763 0.739098132 0.647365808
vn 0.106493331 0.493772566 0.863045692
vn 0.109660551 0.496935487 0.860830784
vn 0.112248823 0.493937165 0.862221777
vn 0.0994014069 0.53648597 0.837987125
vn 0.0931524038 0.5795573 0.80959326
vn 0.087503694 0.61423403 0.78423655
vn 0.104292057 0.664813459 0.739693403
vn 0.104079343 0.64685601 0.755476475
vn 0.102971986 0.636632383 0.764261723
vn 0.0810662135 0.646077096 0.758879781
vn 0.0789967105 0.65487504 0.751589239
vn 0.076798588 0.664360762 0.743480682
vn 0.146170512 0.732708037 0.664660156
vn 0.130638167 0.697586775 0.704490066
vn 0.108609587 0.67937845 0.725705802
vn 0.0935673267 0.495085925 0.863780797
vn 0.0672593042 0.501665711 0.862443089
vn 0.0228730198 0.508167684 0.860904813
vn -0.0537100583 0.560126841 0.826614439
vn -0.0665249452 0.605271697 0.79329282
vn -0.0782739222 0.642345786 0.762473166
vn 0.0543958507 0.637968361 0.768162906
vn 0.015902644 0.645817161 0.763276815
vn -0.0339121744 0.656419277 0.753580749
vn -0.115882076 0.683116674 0.721019387
vn -0.141974717 0.693334281 0.706466615
vn -0.165432483 0.703353226 0.691318095
vn 0.0328789428 0.679886043 0.732551336
vn -0.0222327169 0.689566255 0.723920405
vn -0.0930125415 0.703347027 0.704655528
vn -0.220740989 0.49758625 0.838831961
vn -0.166283414 0.506622255 0.845944107
vn -0.105127692 0.510805845 0.85329783
vn -0.214780375 0.706821978 0.67404002
vn -0.189617962 0.694346726 0.69422847
vn -0.150059432 0.680242717 0.717416286
vn -0.344797134 0.927503824 0.144463658
vn -0.330638766 0.933012426 0.142057285
vn -0.308787316 0.940777719 0.140027687
vn 0.99607408 0.0140533224 -0.0874007419
vn 0.988974631 0.0307300109 -0.144861504
vn 0.976909637 -0.0133505594 -0.213235185
vn 0.920625031 -0.0579445325 -0.386124223
vn 0.898034692 -0.0542877689 -0.436562181
vn 0.883523762 -0.088526845 -0.459944278
vn 0.829983473 -0.144039854 -0.538869083
vn 0.806830883 -0.16450505 -0.567416906
vn 0.787244558 -0.174649656 -0.591391146
vn 0.885237217 -0.174800664 -0.431045115
vn 0.952316046 -0.160375357 -0.259564817
vn 0.983912349 -0.143013522 -0.107067913
vn 0.770013213 -0.166038856 -0.616044521
vn 0.774885476 -0.152119398 -0.613524258
vn 0.778305233 -0.146346927 -0.610592782
vn 0.792008042 -0.130637705 -0.596417546
vn 0.800887465 -0.111737862 -0.588276088
vn 0.80995065 -0.0816637874 -0.580778837
vn 0.966135859 -0.045470506 -0.25401035
vn 0.970991731 -0.0440743603 -0.23507674
vn 0.974760711 -0.0423035808 -0.219008937
vn 0.834135056 -0.0489856638 -0.549398959
vn 0.87648499 -0.048633799 -0.479033113
vn 0.935396254 -0.0405366011 -0.35114032
vn 0.821692467 -0.0103287818 -0.569882035
vn 0.823541284 0.0031398104 -0.567244112
vn 0.82358259 -0.0054828939 -0.567211688
vn 0.850916743 -0.0336884633 -0.524302602
vn 0.89190352 -0.0393709727 -0.450412005
vn 0.93830955 -0.0439869426 -0.342973232
vn 0.815437436 -0.0677183717 -0.574850321
vn 0.807389021 -0.0939548314 -0.582515955
vn 0.798080564 -0.109574944 -0.592558444
vn 0.834926724 -0.0970437452 -0.541737795
vn 0.716337621 -0.1187618 -0.687572539
vn 0.602500618 -0.125079349 -0.788256466
vn 0.519031405 -0.139444083 -0.843304098
vn 0.525243759 -0.156301454 -0.836474061
vn 0.528552055 -0.16644834 -0.832422793
vn 0.731826723 -0.136671096 -0.667645574
vn 0.615547597 -0.1511361 -0.773472071
vn 0.553135872 -0.168476969 -0.815877616
vn 0.54439503 -0.166121393 -0.82221508
vn 0.56018275 -0.152259991 -0.814255714
vn 0.583116651 -0.129897967 -0.80193603
vn 0.650379837 -0.159456506 -0.742684126
vn 0.57244277 -0.138273269 -0.808201611
vn 0.563605249 -0.11763639 -0.817625105
vn 0.642517209 -0.0643287823 -0.763566196
vn 0.666850507 -0.0430188887 -0.744004726
vn 0.689284384 -0.024743339 -0.724066198
vn 0.728130698 -0.118708342 -0.675063252
vn 0.695646048 -0.0801026672 -0.713983059
vn 0.691412449 -0.0388363414 -0.721343935
vn 0.727659166 0.00169037352 -0.68598026
vn 0.741328716 0.00593693694 -0.671056092
vn 0.749544799 0.00321345963 -0.661893129
vn 0.812131524 -0.0328211412 -0.582616925
vn 0.801665962 -0.0205544308 -0.597505152
vn 0.781628489 -0.0102002248 -0.623696864
vn 0.744773328 -0.0204851832 -0.666965425
vn 0.733278036 -0.03851486 -0.678903222
vn 0.719257534 -0.060294237 -0.692062795
vn 0.797497213 -0.0418972149 -0.601866305
vn 0.771745324 -0.0563846752 -0.633390903
vn 0.741441011 -0.0723875761 -0.667115867
vn 0.697074413 -0.109092772 -0.708684087
vn 0.691998482 -0.126991734 -0.710619152
vn 0.690346956 -0.137851685 -0.710220516
vn 0.428689957 -0.10158661 -0.897722185
vn 0.380984545 -0.0801442489 -0.921101332
vn 0.361073107 -0.0583164096 -0.930712342
vn 0.382270485 -0.0292788204 -0.923586428
vn 0.407452047 -0.0233875904 -0.912927151
vn 0.435170263 -0.020216601 -0.900121212
vn 0.532902658 -0.148970991 -0.832960129
vn 0.524169803 -0.109374508 -0.844560981
vn 0.501531005 -0.0610788576 -0.862980902
vn 0.493632615 -0.010993409 -0.86960113
vn 0.52287966 -0.000279956032 -0.852406502
vn 0.547764122 0.0087930467 -0.836586595
vn 0.667952657 -0.0717033222 -0.740741432
vn 0.680548012 -0.0432149954 -0.731427968
vn 0.64547956 -0.0135529619 -0.763657212
vn 0.566920817 0.00741149811 -0.823709726
vn 0.567940652 0.00548736937 -0.823007643
vn 0.563774228 0.002032666 -0.825892627
vn 0.723550022 0.00364583079 -0.690246701
vn 0.70774436 0.00412032474 -0.706467748
vn 0.653757334 -0.000255856023 -0.756697118
vn 0.542838573 -0.00918473396 -0.839762211
vn 0.529080808 -0.016504854 -0.848361313
vn 0.516129017 -0.0249476098 -0.856151223
vn 0.709038675 -0.0103155514 -0.705088437
vn 0.655931652 -0.0202644281 -0.754543304
vn 0.58908844 -0.0303013232 -0.807545125
vn 0.501071751 -0.0444542989 -0.86427182
vn 0.500756741 -0.0540272892 -0.863888681
vn 0.504701376 -0.0630109832 -0.86096096
vn 0.66665709 -0.0915894136 -0.739727259
vn 0.622105002 -0.0907943696 -0.777630091
vn 0.571457267 -0.0836445317 -0.816400409
vn 0.522298753 -0.07865569 -0.849159241
vn 0.534459829 -0.0843838006 -0.840951979
vn 0.548015594 -0.0885198861 -0.831812322
vn -0.638650775 -0.184734806 -0.747007072
vn -0.616598785 -0.180681914 -0.766299188
vn -0.594200909 -0.173782736 -0.78530699
vn -0.627730787 -0.186382309 -0.755861759
vn -0.689981282 -0.201618746 -0.69521302
vn -0.755936861 -0.207280129 -0.620984852
vn -0.818667114 -0.210398689 -0.534298658
vn -0.816462576 -0.217437908 -0.534896374
vn -0.815494776 -0.221645802 -0.534719408
vn -0.882164538 -0.181701481 -0.434517503
vn -0.93117708 -0.1513464 -0.331630379
vn -0.967784345 -0.112794682 -0.224933401
vn -0.985525548 -0.0935067907 -0.141342744
vn -0.979557514 -0.11320509 -0.166125432
vn -0.973467588 -0.12663357 -0.190495938
vn -0.548184395 -0.154172897 -0.821992993
vn -0.524801195 -0.14498654 -0.838801622
vn -0.501813352 -0.137101293 -0.854034305
vn -0.557305574 -0.150324613 -0.816559553
vn -0.646404207 -0.165250719 -0.744921565
vn -0.742497027 -0.172018349 -0.647320628
vn -0.826606095 -0.190607011 -0.529426992
vn -0.831006348 -0.181513816 -0.525811732
vn -0.834348559 -0.174078912 -0.52297622
vn -0.909596741 -0.153443068 -0.386222333
vn -0.957689047 -0.132398412 -0.255677164
vn -0.984643817 -0.108812906 -0.136289895
vn -0.994645238 -0.0502663925 -0.0898278952
vn -0.996862769 -0.0457649417 -0.0646102875
vn -0.997368991 -0.0583007745 -0.0432778522
vn -0.97171849 0.0267654266 0.234741181
vn -0.971823394 0.0318386964 0.233752131
vn -0.972155452 0.0400323048 0.23089318
vn -0.46013847 -0.124512054 -0.879066527
vn -0.442585915 -0.118714139 -0.888800859
vn -0.427384943 -0.113316849 -0.896925569
vn -0.50820893 -0.119584389 -0.852893114
vn -0.612942934 -0.127863735 -0.77972275
vn -0.721530974 -0.133378357 -0.679437697
vn -0.834703684 -0.162142098 -0.52626282
vn -0.831625998 -0.155387178 -0.533119321
vn -0.827243268 -0.147085443 -0.542294323
vn -0.899020076 -0.141608045 -0.414302915
vn -0.947870553 -0.146898046 -0.282812536
vn -0.975030482 -0.152287096 -0.161772698
vn -0.992779434 -0.117479362 -0.0235838816
vn -0.989702702 -0.140909299 -0.027140243
vn -0.987399936 -0.153583437 -0.037052948
vn -0.404243141 -0.102604195 -0.908891976
vn -0.396172673 -0.097302705 -0.91302079
vn -0.390222579 -0.0919101089 -0.916129827
vn -0.495306432 -0.0911694616 -0.863981903
vn -0.604952931 -0.0935583487 -0.790683508
vn -0.707926869 -0.0965129137 -0.699740708
vn -0.816740394 -0.127364129 -0.56268388
vn -0.811054528 -0.118186563 -0.572906911
vn -0.804918885 -0.110026494 -0.583036661
vn -0.871292591 -0.113805175 -0.477409631
vn -0.925688028 -0.126467049 -0.356538981
vn -0.963406086 -0.135754541 -0.23103337
vn -0.986040413 -0.153044745 -0.0651214868
vn -0.985771716 -0.148181513 -0.0791728869
vn -0.98555547 -0.142645001 -0.0917596295
vn -0.999623358 -0.0260523651 -0.011981776
vn -0.996821046 0.0112663219 0.0793976039
vn -0.98681891 0.0377005972 0.157465249
vn -0.383868784 -0.0803220719 -0.919839442
vn -0.38284716 -0.0734585002 -0.920915425
vn -0.382529378 -0.0656879023 -0.921635151
vn -0.499142796 -0.0620856099 -0.86423552
vn -0.605339825 -0.0667233914 -0.793172657
vn -0.69520539 -0.0724194944 -0.715191185
vn -0.791387677 -0.0964443386 -0.603741229
vn -0.784060717 -0.0906733498 -0.614105284
vn -0.776740372 -0.0853524134 -0.623966396
vn -0.835782468 -0.0912661403 -0.541311324
vn -0.897299826 -0.101718299 -0.429484278
vn -0.95058912 -0.107540764 -0.291230708
vn -0.985541344 -0.128973708 -0.110222064
vn -0.985975027 -0.119965576 -0.11585591
vn -0.986824691 -0.109299056 -0.119650498
vn -0.995906591 -0.0663862303 0.0618596636
vn -0.990062058 -0.0515155979 0.130635351
vn -0.983115435 -0.0412537083 0.178144231
vn -0.381758004 -0.0494686067 -0.922938883
vn -0.380509287 -0.043764323 -0.92374593
vn -0.378124982 -0.0403957367 -0.924851954
vn -0.483333766 -0.0472111851 -0.874210775
vn -0.582136869 -0.0560420379 -0.8111251
vn -0.666043818 -0.0636970103 -0.743187904
vn -0.76331979 -0.0765987337 -0.641411364
vn -0.756290436 -0.0737756044 -0.650058389
vn -0.747794211 -0.071695812 -0.660048127
vn -0.807547033 -0.0840308741 -0.583786428
vn -0.880503595 -0.0833558738 -0.466653258
vn -0.954997957 -0.078227587 -0.286111087
vn -0.995721221 -0.0328848697 -0.0863591805
vn -0.99989742 -0.00367196905 -0.0138520999
vn -0.999908268 -0.00586072542 -0.0122138038
vn -0.986324489 -0.157338664 0.0481507964
vn -0.9793396 -0.154453069 0.130322158
vn -0.969606698 -0.14653708 0.195713177
vn -0.388455003 0.914830863 -0.110643841
vn -0.368678868 0.882127404 -0.293036222
vn -0.362056702 0.817086458 -0.448624045
vn -0.399475187 0.727308989 -0.558065057
vn -0.434968978 0.723430037 -0.536177814
vn -0.458882809 0.713478684 -0.529477298
vn -0.437821299 0.710642934 -0.550725937
vn -0.408232152 0.720086873 -0.561089337
vn -0.441497117 0.693835557 -0.568922222
vn -0.549729645 0.742338419 -0.383054644
vn -0.55139333 0.807782531 -0.208453447
vn -0.537634909 0.842450559 -0.0350105837
vn -0.624772131 0.549566627 -0.55464977
vn -0.713191867 0.454052836 -0.534035027
vn -0.778434753 0.361958474 -0.51286006
vn -0.897378325 0.440777034 0.0206843168
vn -0.9016307 0.412314504 -0.13060908
vn -0.881516039 0.366716415 -0.297403067
vn -0.370261878 0.586974442 -0.72000289
vn -0.370618731 0.45918712 -0.807282031
vn -0.369185925 0.345037311 -0.862911761
vn -0.419265628 0.243888393 -0.87447089
vn -0.467767507 0.229266748 -0.853630126
vn -0.500197887 0.209870651 -0.840093017
vn -0.477220744 0.56529963 -0.672827363
vn -0.479940295 0.42496258 -0.76750505
vn -0.479178697 0.303698599 -0.823501587
vn -0.431829154 0.200034261 -0.87949419
vn -0.417743385 0.168263242 -0.892848253
vn -0.422545016 0.112544298 -0.899327278
vn -0.482667357 0.482841581 -0.730682075
vn -0.440217733 0.320255131 -0.838835537
vn -0.416770309 0.170433715 -0.892891347
vn -0.378793418 -0.0385302715 -0.924678862
vn -0.293869466 -0.108422957 -0.949676394
vn -0.176736638 -0.157748654 -0.971534669
vn -0.667423069 0.186463192 -0.720956147
vn -0.462199479 0.059955772 -0.88474685
vn -0.24715279 -0.0670212358 -0.96665591
vn -0.365072787 0.166205317 -0.916024327
vn -0.362071097 0.0996214449 -0.926782131
vn -0.359580636 0.0489483364 -0.931780159
vn -0.439929396 0.00478528021 -0.898046911
vn -0.513419926 -0.0087069897 -0.858093381
vn -0.546155572 -0.024761986 -0.837317646
vn -0.483895987 0.117380835 -0.86721766
vn -0.500543892 0.0417436995 -0.864704132
vn -0.532808661 -0.00467262976 -0.846222878
vn -0.55931735 -0.0767376646 -0.825394094
vn -0.593157828 -0.128223464 -0.794809699
vn -0.632980645 -0.195123091 -0.749174535
vn -0.438178003 -0.0765828416 -0.895619988
vn -0.471606284 -0.182706639 -0.86267364
vn -0.569948733 -0.227394253 -0.78958869
vn -0.612521291 -0.397895873 -0.683005512
vn -0.435043156 -0.549726963 -0.713118255
vn -0.127622768 -0.696807086 -0.705813229
vn 0.0526910573 -0.299344778 -0.952688932
vn 0.104184262 -0.403700054 -0.908939958
vn 0.132658377 -0.50672102 -0.851842463
vn -0.369751781 -0.0348595679 -0.928534746
vn -0.364818156 -0.0251964498 -0.930768728
vn -0.360868037 -0.00921152811 -0.932575405
vn -0.706837952 -0.0889276639 -0.70176363
vn -0.650233984 -0.100207806 -0.753096402
vn -0.589128435 -0.0838109255 -0.803681016
vn -0.940977156 -0.244552851 -0.233999774
vn -0.78833133 -0.442521274 -0.42744413
vn -0.660894215 -0.424641252 -0.618788004
vn -0.998180509 -0.0441446528 0.0410737358
vn -0.986325324 0.00928210467 0.164548159
vn -0.970487654 0.0486431494 0.23619394
vn 0.915530503 -0.0685564056 -0.396363378
vn 0.875784993 -0.0950592756 -0.47324881
vn 0.810303628 -0.12813133 -0.57183075
vn 0.807928562 -0.174181074 -0.562949777
vn 0.792524278 -0.269176066 -0.547219872
vn 0.579668641 -0.464250833 -0.669668138
vn 0.607003689 -0.695667982 -0.384177774
vn 0.418529689 -0.703120232 -0.57485199
vn 0.234903634 -0.669010401 -0.705156267
vn 0.628140152 -0.136605203 -0.766014934
vn 0.526327729 -0.0807895213 -0.84643507
vn 0.428366184 0.00594342314 -0.903585613
vn 0.389255255 0.0560377203 -0.919423819
vn 0.353715658 -0.0282139536 -0.934927404
vn 0.224364027 -0.102333724 -0.969117463
vn -0.00296170916 -0.555568516 -0.831465483
vn -0.029771287 -0.455904037 -0.889530838
vn -0.0446154922 -0.309529006 -0.949842691
vn 0.283927649 0.281326473 -0.916646302
vn 0.24848558 0.449271828 -0.85814321
vn 0.238936365 0.622825146 -0.744982064
vn 0.292544156 0.745901048 -0.5983724
vn 0.348650217 0.712843776 -0.60852021
vn 0.405490071 0.672027767 -0.619642198
vn 0.108030081 0.0637537464 -0.992101252
vn 0.232693821 0.282329172 -0.930668473
vn 0.355416209 0.475801617 -0.804544687
vn 0.579489768 0.801588058 -0.147133261
vn 0.553710043 0.777850926 -0.297242701
vn 0.517619371 0.725825965 -0.453041703
vn 0.475378901 -0.0986622199 -0.874231517
vn 0.433397323 -0.0847734511 -0.897206903
vn 0.382516742 -0.0741125047 -0.920971453
vn 0.574713647 -0.145969495 -0.805231035
vn 0.445216447 -0.121647857 -0.887121201
vn 0.363800645 -0.0864137411 -0.927459776
vn 0.285318702 -0.00960941426 -0.958384514
vn 0.251951396 0.0470738932 -0.966594279
vn 0.228030294 0.138282105 -0.963784337
vn 0.267524034 0.183515489 -0.945913911
vn 0.214531541 0.216883644 -0.952332735
vn 0.196377993 0.238135576 -0.951171398
vn 0.189730033 0.383839011 -0.903698027
vn 0.170403242 0.526795208 -0.832736194
vn 0.153293267 0.673045456 -0.723540664
vn 0.211313978 0.782398939 -0.585831344
vn 0.183362141 0.790482402 -0.58439368
vn 0.161571264 0.795046151 -0.584633529
vn 0.34284851 -0.0454379693 -0.938291132
vn 0.326901555 -0.0431388356 -0.94407326
vn 0.310431927 -0.0282660779 -0.950175285
vn 0.318224847 -0.0284446031 -0.947588444
vn 0.310945392 -0.0149910571 -0.950309515
vn 0.304108232 -0.00692702597 -0.952612281
vn 0.2706182 0.0454316773 -0.961614132
vn 0.243414998 0.106722616 -0.964032948
vn 0.210506171 0.193745852 -0.958201289
vn 0.226529866 0.27070713 -0.935629129
vn 0.228475749 0.285901785 -0.930622935
vn 0.211414963 0.297111064 -0.93114382
vn 0.154373556 0.419123977 -0.894708812
vn 0.14021723 0.543368399 -0.827701628
vn 0.139701143 0.664166152 -0.734415889
vn 0.136489004 0.800215304 -0.583974481
vn 0.132656097 0.799060583 -0.586433887
vn 0.137192488 0.790604353 -0.596760511
vn 0.18823947 0.962779701 -0.193961769
vn 0.190105468 0.912312269 -0.362692952
vn 0.16954565 0.851558685 -0.496086866
vn 0.263002634 0.863994241 -0.429352552
vn 0.277991086 0.92092526 -0.273162335
vn 0.287555188 0.951467633 -0.109641686
vn -0.276736021 -0.0323240012 -0.960448086
vn -0.209667847 -0.0288385786 -0.977320552
vn -0.174777701 -0.0266380776 -0.984239995
vn -0.174389303 -0.024092 -0.984431446
vn -0.182109401 -0.0259439424 -0.982932925
vn -0.19101505 -0.0286330935 -0.981214821
vn -0.27915135 -0.0520537682 -0.958796144
vn -0.213942766 -0.046687454 -0.975693882
vn -0.189840108 -0.0404547341 -0.981001377
vn -0.213899076 -0.035501942 -0.976220906
vn -0.228031591 -0.0382185541 -0.972898901
vn -0.243708178 -0.0401815735 -0.969042659
vn -0.297056228 -0.0780346543 -0.951658249
vn -0.245817512 -0.0673605129 -0.966984093
vn -0.235666066 -0.0550886542 -0.970314622
vn -0.278496146 -0.0420763455 -0.959542394
vn -0.297176361 -0.0426598378 -0.953825712
vn -0.316340864 -0.0433867015 -0.947680175
vn -0.343663484 -0.0931942537 -0.934412897
vn -0.306519598 -0.0771174356 -0.948716879
vn -0.305743724 -0.0606833175 -0.950195968
vn -0.355987638 -0.0446029566 -0.933391035
vn -0.376459032 -0.0448282138 -0.925341427
vn -0.397556365 -0.0446741581 -0.916499734
vn -0.422114015 -0.108115099 -0.900063872
vn -0.392031729 -0.0855278596 -0.915968835
vn -0.392619789 -0.0641306713 -0.917461932
vn -0.441762209 -0.0448139571 -0.896022975
vn -0.464926958 -0.0470658205 -0.884107053
vn -0.488772035 -0.0512726381 -0.87087971
vn -0.527083337 -0.137982026 -0.838498294
vn -0.50158298 -0.109791733 -0.858071268
vn -0.498039842 -0.0822929889 -0.863290071
vn -0.538868368 -0.0632611662 -0.839978337
vn -0.565094709 -0.0679141358 -0.822170079
vn -0.591683686 -0.0707330331 -0.80301553
vn -0.177989006 -0.0148758003 -0.983877063
vn -0.195906073 -0.00293125538 -0.980655432
vn -0.219574481 0.0106747914 -0.975585878
vn -0.256552577 0.0223311894 -0.966258824
vn -0.268350452 0.0213929303 -0.963101566
vn -0.27974689 0.0204672813 -0.959867656
vn -0.230017126 -0.0204413943 -0.973013759
vn -0.256652445 -0.00653955294 -0.966515362
vn -0.278077513 0.00763603067 -0.960553706
vn -0.301704288 0.0183766801 -0.953220427
vn -0.312635809 0.017597314 -0.949737191
vn -0.323518187 0.0170834549 -0.946014822
vn -0.297819138 -0.0259600636 -0.954273045
vn -0.324832022 -0.00986372866 -0.945767581
vn -0.337429792 0.00494469609 -0.941359878
vn -0.345546454 0.0165723059 -0.938283145
vn -0.356652141 0.0163105931 -0.93407768
vn -0.368052572 0.015772596 -0.929664135
vn -0.373242408 -0.02744627 -0.927360773
vn -0.395160675 -0.0112819457 -0.918598652
vn -0.397418797 0.00339407893 -0.917604566
vn -0.391602457 0.0149288252 -0.920018315
vn -0.403632611 0.0148896892 -0.914806724
vn -0.415825486 0.015235831 -0.909300566
vn -0.450011045 -0.0263440385 -0.892655432
vn -0.463656604 -0.0100496719 -0.885916412
vn -0.456611246 0.00418899162 -0.889645755
vn -0.439885825 0.0159275364 -0.897911131
vn -0.451601148 0.0149698239 -0.892076731
vn -0.463208854 0.0127088055 -0.886129022
vn -0.530119181 -0.0354927853 -0.847129226
vn -0.531428874 -0.0170290321 -0.846984804
vn -0.513493896 -0.00201936648 -0.85811013
vn -0.486584187 0.0062375376 -0.873655498
vn -0.498473436 0.00372039713 -0.866884112
vn -0.510628939 0.00223802589 -0.859793365
vn -0.247309476 0.0349094942 -0.968307436
vn -0.20122534 0.041569788 -0.978662491
vn -0.0963596106 0.0448084585 -0.994337499
vn 0.0583982579 0.0374602079 -0.997590244
vn 0.0547404028 0.0371803157 -0.997808158
vn 0.0465964563 0.0357029811 -0.998275518
vn -0.279101342 0.0277949031 -0.959816396
vn -0.22464706 0.0324739926 -0.973943233
vn -0.118091069 0.0339473709 -0.992422342
vn 0.0270837191 0.0328799523 -0.99909234
vn 0.0164287761 0.0327157527 -0.999282479
vn 0.00582740968 0.0313240476 -0.999491394
vn -0.307640195 0.0245352183 -0.951182723
vn -0.246409953 0.0282663051 -0.968717635
vn -0.144936189 0.0295567214 -0.989017785
vn -0.0123725068 0.0279626343 -0.999482453
vn -0.0188816171 0.0261613373 -0.999485373
vn -0.0232786778 0.0241595637 -0.999480426
vn -0.338051468 0.0235862974 -0.940822303
vn -0.267080367 0.0275503583 -0.963274956
vn -0.162467614 0.0269767623 -0.986333728
vn -0.0253787786 0.020100655 -0.999507964
vn -0.0233338438 0.0183027312 -0.99951911
vn -0.0194672905 0.0169628151 -0.999700844
vn -0.374011815 0.02400418 -0.927163005
vn -0.28907156 0.0278433319 -0.956905365
vn -0.168163672 0.0255876854 -0.98540771
vn -0.00873210188 0.0142467013 -0.99982357
vn -0.00246933126 0.0117878774 -0.999904275
vn 0.00407315651 0.00814285688 -0.999996245
vn -0.409681857 0.0173003804 -0.912056744
vn -0.309755415 0.0199522562 -0.95059973
vn -0.168003872 0.0159936603 -0.985608399
vn 0.0172336847 -0.000600172963 -0.999822259
vn 0.0236502178 -0.00410906365 -0.999741673
vn 0.0300320815 -0.00628886279 -0.999545336
vn 0.350027561 -0.020069804 -0.936524391
vn 0.300246418 -0.000670781475 -0.953861475
vn 0.201388836 0.0196190812 -0.979314864
vn 0.407616884 0.0125771835 -0.913066447
vn 0.322582632 0.0287458859 -0.946104646
vn 0.198530436 0.0346025266 -0.979483664
vn 0.440142989 0.0232226346 -0.897666872
vn 0.303009093 0.0294881854 -0.952570438
vn 0.153427631 0.0302747414 -0.987662375
vn 0.422569931 -0.000573871948 -0.906330109
vn 0.277681619 0.00581661472 -0.96063149
vn 0.127004907 0.0141917774 -0.991767883
vn 0.406227231 -0.0296727624 -0.913302958
vn 0.28708902 -0.0167740267 -0.957722247
vn 0.145717546 4.37444396e-05 -0.989354551
vn 0.435896903 -0.0549223572 -0.898312926
vn 0.331215024 -0.0353410207 -0.942938983
vn 0.188893065 -0.0147788674 -0.981921494
vn -0.162198052 -0.0203593671 -0.986583769
vn -0.158091947 -0.0154232569 -0.987327158
vn -0.156382069 -0.00789744128 -0.98762244
vn -0.286035925 0.0161322225 -0.958096743
vn -0.229744121 0.0123307509 -0.973154664
vn -0.187825769 0.00653574197 -0.98222971
vn -0.161299139 0.0243494324 -0.98663193
vn -0.16749388 0.0612995327 -0.983957529
vn -0.175431505 0.114336357 -0.977850676
vn -0.318838686 0.239216462 -0.917096615
vn -0.274882734 0.221867606 -0.935491621
vn -0.231039584 0.200643554 -0.951978743
vn -0.196752369 0.253770828 -0.947033703
vn -0.213720948 0.330039054 -0.919473171
vn -0.237079754 0.410793006 -0.880396783
vn -0.346747398 0.677354276 -0.648867071
vn -0.337063313 0.619669139 -0.708753109
vn -0.316228777 0.553870559 -0.770227671
vn -0.314024866 0.563675642 -0.76398176
vn -0.372979373 0.606834292 -0.701874673
vn -0.435558826 0.627903938 -0.645031869
vn -0.547264457 0.831853747 -0.0918586701
vn -0.604641259 0.746771216 -0.277095228
vn -0.583770692 0.680573642 -0.442702115
vn -0.23108089 0.0253328644 -0.972629726
vn -0.217410088 0.0280619003 -0.975715399
vn -0.20346278 0.0314649306 -0.978563666
vn -0.140914991 0.00555127487 -0.99003464
vn -0.141388372 0.0131387338 -0.989846885
vn -0.159207642 0.0240187477 -0.986939549
vn -0.175410002 0.0479288511 -0.983328044
vn -0.16217567 0.0715611428 -0.984163642
vn -0.149899036 0.108002745 -0.982784688
vn -0.14562045 0.165076405 -0.975432754
vn -0.124796443 0.155010208 -0.979998291
vn -0.1241569 0.152143523 -0.980575204
vn -0.130273655 0.209955677 -0.968992889
vn -0.122937351 0.269099116 -0.955234051
vn -0.116215043 0.333802938 -0.935451567
vn -0.209301338 0.448073357 -0.869194329
vn -0.15954347 0.417852402 -0.894402742
vn -0.12608479 0.404159129 -0.905940652
vn -0.0985729769 0.470448524 -0.876843452
vn -0.0868579969 0.517171741 -0.851514578
vn -0.0756166726 0.547880709 -0.833120048
vn -0.357676834 0.602550924 -0.713486254
vn -0.234676242 0.575235307 -0.783572614
vn -0.137593687 0.561025202 -0.816271126
vn 0.0432242006 0.0375586413 -0.998359144
vn 0.0260305721 0.0412579924 -0.998809397
vn 0.00567950262 0.0521576777 -0.998622775
vn -0.205738187 0.0498613156 -0.97733593
vn -0.181711152 0.0646731406 -0.981222928
vn -0.115007699 0.0724962801 -0.990715623
vn -0.0231128708 0.090642035 -0.995615304
vn -0.0333454832 0.126877338 -0.991357803
vn -0.0395772569 0.178123623 -0.983211815
vn -0.150677562 0.171044901 -0.973673463
vn -0.137410834 0.193312988 -0.971467137
vn -0.0990346298 0.218206793 -0.970864534
vn -0.027491672 0.312229007 -0.949608982
vn -0.00592897413 0.385947376 -0.922501743
vn 0.0253480021 0.468568385 -0.883063495
vn -0.0908916816 0.42360574 -0.901275158
vn -0.0578620248 0.458106071 -0.887012243
vn -0.00552603137 0.504799426 -0.863218904
vn 0.116255507 0.637999117 -0.76121074
vn 0.177858412 0.686041892 -0.705487788
vn 0.243653864 0.707149923 -0.663755834
vn 0.00267724926 0.579845548 -0.814721942
vn 0.0873706788 0.615926862 -0.782943368
vn 0.189502746 0.66158843 -0.725527048
vn 0.26054576 0.0148967281 -0.965346575
vn 0.198063418 0.033109732 -0.979629874
vn 0.104702361 0.0530899912 -0.993085504
vn 0.139677599 0.294849247 -0.945279956
vn 0.0900536478 0.281732708 -0.955257475
vn 0.0300631318 0.263867736 -0.964090228
vn 0.167876512 0.730800152 -0.661625862
vn 0.164218232 0.678646803 -0.715870798
vn 0.130174458 0.619465232 -0.774155974
vn 0.51993978 0.824571669 -0.223033816
vn 0.488913119 0.781336546 -0.387913793
vn 0.417268187 0.741953015 -0.524778783
vn 0.871598005 -0.307498127 0.381787658
vn 0.9292503 -0.336886615 0.151661351
vn 0.909573615 -0.409736842 0.0692217723
vn 0.616579294 -0.718679905 0.321448356
vn 0.83122927 -0.540895283 0.128414184
vn 0.910122097 -0.400137544 -0.107552111
vn 0.777274489 -0.244010702 0.579916358
vn 0.762695372 -0.29283911 0.576663673
vn 0.745642662 -0.350018382 0.567013204
vn 0.737130702 -0.521323919 0.429953098
vn 0.735028088 -0.611697435 0.292506337
vn 0.724512637 -0.67658329 0.131591797
vn 0.826145411 -0.560997725 -0.0525852218
vn 0.768994629 -0.638725042 -0.0260291528
vn 0.732876658 -0.675217748 -0.083502911
vn 0.708776832 -0.473956704 0.522494435
vn 0.698922098 -0.524531841 0.486183286
vn 0.69735527 -0.56320107 0.443283439
vn 0.681607544 -0.664664388 0.305993885
vn 0.660328388 -0.718616664 0.218074515
vn 0.647645235 -0.750399351 0.1321235
vn 0.684180379 -0.728928506 -0.0236719381
vn 0.664638042 -0.747164071 0.00145807734
vn 0.653117001 -0.75688976 0.0235833228
vn 0.275733471 0.0647889674 0.959048152
vn 0.333012104 0.12484923 0.934620619
vn 0.349234015 0.173277214 0.920874834
vn 0.723120749 -0.0969883725 0.683878362
vn 0.632615805 0.0116033964 0.774378836
vn 0.506885231 0.113773957 0.85447228
vn 0.296600461 0.222892508 0.928626418
vn 0.256416321 0.234501705 0.93768841
vn 0.214508399 0.238075778 0.947262406
vn 0.692632616 -0.286106706 0.662120044
vn 0.613827586 -0.134336993 0.777926326
vn 0.450738728 0.04571319 0.891484618
vn 0.144768566 0.22048898 0.964586318
vn 0.126738548 0.208689675 0.969735026
vn 0.119148299 0.199604243 0.972605705
vn 0.707650781 -0.482326657 0.516324937
vn 0.660203457 -0.326699317 0.676312625
vn 0.472814977 -0.0820365176 0.877334595
vn -0.477721751 0.343851626 0.808423162
vn -0.495099157 0.352878988 0.793947935
vn -0.526495397 0.34857145 0.775435746
vn 0.292263359 -0.577752411 -0.762091994
vn 0.413248777 -0.500877917 -0.760491133
vn 0.447390527 -0.475729227 -0.757313192
vn 0.100979514 0.272899091 0.956728399
vn -0.15162766 0.31585139 0.936614692
vn -0.37900281 0.338249475 0.861361742
vn -0.57561332 0.362125129 0.733167529
vn -0.593436897 0.375536233 0.711902499
vn -0.607203782 0.392582893 0.690783799
vn -0.138742045 0.359229058 0.922878683
vn -0.375731915 0.407813817 0.832173944
vn -0.524307728 0.415615618 0.743212581
vn -0.624955654 0.432395756 0.649972558
vn -0.633069694 0.447622448 0.631551206
vn -0.642529845 0.457799077 0.614471674
vn -0.280508369 0.39571014 0.874487638
vn -0.487373918 0.454545945 0.745556712
vn -0.593036592 0.465847164 0.656729758
vn -0.678837538 0.368862689 0.634917259
vn -0.773016155 0.387768239 0.50207746
vn -0.847679436 0.403137445 0.344847381
vn -0.904921293 0.394113004 0.160600618
vn -0.906344116 0.389872044 0.162911281
vn -0.906008124 0.390163004 0.164080113
vn -0.689416885 0.413486779 0.594754577
vn -0.763207972 0.417367011 0.493273169
vn -0.839682341 0.415042639 0.350247502
vn -0.90367794 0.398896098 0.155717507
vn -0.904095054 0.401719362 0.145717695
vn -0.905809999 0.402205288 0.133188948
vn -0.710320652 0.458473295 0.534084916
vn -0.775312424 0.451756388 0.441369236
vn -0.847060561 0.436003327 0.303956568
vn -0.643410504 0.748053074 0.162602514
vn -0.758553028 0.628228426 0.172991842
vn -0.836154222 0.517957687 0.180460796
vn -0.92487967 0.379073679 -0.0300136115
vn -0.921392798 0.333352596 -0.199778199
vn -0.893168211 0.272528738 -0.357740909
vn -0.834719896 0.190689474 -0.516604602
vn -0.840481222 0.183969826 -0.50965333
vn -0.847000003 0.178448305 -0.500746787
vn -0.935692906 0.350831598 -0.0373630002
vn -0.931749403 0.295308471 -0.211272046
vn -0.90315491 0.235383406 -0.359034538
vn -0.85774225 0.167631298 -0.485981554
vn -0.860641122 0.163174242 -0.482359886
vn -0.862142503 0.160247236 -0.480657071
vn -0.935603142 0.345573962 -0.0722867921
vn -0.92984432 0.281795323 -0.236603066
vn -0.903766394 0.219253704 -0.367605954
vn -0.819552124 0.261550099 -0.509829342
vn -0.822794616 0.240412772 -0.514986157
vn -0.82789731 0.215579212 -0.517794907
vn 0.115707092 -0.0519046225 0.991926253
vn 0.0093953507 -0.0287752114 0.9995417
vn -0.0456051566 -7.34695495e-05 0.998959601
vn -0.71451205 0.119725794 -0.689302742
vn -0.525517344 0.0299486797 -0.850255549
vn -0.256002069 -0.0728225186 -0.963929415
vn 0.0129102608 -0.18932949 -0.981828749
vn -0.0385811739 -0.195110857 -0.980022073
vn -0.0940979049 -0.198455423 -0.975582421
vn -0.774040818 0.10538774 -0.624303043
vn -0.64683795 0.0240255985 -0.762248933
vn -0.442214549 -0.080079779 -0.893327177
vn -0.198119894 -0.202223986 -0.959090114
vn -0.241488099 -0.198708057 -0.94984138
vn -0.280870914 -0.18895562 -0.940960944
vn -0.80972898 0.10632135 -0.577091694
vn -0.723062813 0.0421915725 -0.689492583
vn -0.576178849 -0.0445192382 -0.816110194
vn 0.00273883436 -0.200757816 -0.979637086
vn 0.0452443995 -0.192376718 -0.980277658
vn 0.0695626587 -0.178775817 -0.98142767
vn 0.304157436 -0.27060011 -0.913380563
vn 0.447402924 -0.333054245 -0.830003321
vn 0.510598958 -0.382728636 -0.76993984
vn 0.57271409 -0.411002398 -0.709278286
vn 0.59914428 -0.407939851 -0.688920379
vn 0.610094666 -0.425520658 -0.668368578
vn 0.157144234 -0.30179438 -0.94033283
vn 0.384418458 -0.364343882 -0.848219335
vn 0.526981652 -0.409636408 -0.744639754
vn 0.607822955 -0.502054513 -0.615217507
vn 0.611068964 -0.534821808 -0.583575487
vn 0.621440113 -0.557600915 -0.550357401
vn -0.0143260946 -0.295002699 -0.955388963
vn 0.28297767 -0.40389818 -0.869936764
vn 0.501024425 -0.49036175 -0.713105738
vn 0.743431211 -0.543981969 -0.389093488
vn 0.601361752 -0.590745926 -0.537943542
vn 0.529367447 -0.501844406 -0.684048533
vn 0.695681214 -0.677555025 -0.238635495
vn 0.680869281 -0.612648368 -0.401346415
vn 0.655974448 -0.532535791 -0.534886181
vn 0.667684138 -0.741815627 -0.0625085607
vn 0.687641144 -0.701085985 -0.188753918
vn 0.686123669 -0.640951514 -0.344115406
vn 0.852817833 -0.131090119 -0.505538046
vn 0.918860793 -0.0987590626 -0.381958604
vn 0.971396863 -0.0535547473 -0.231481731
vn -0.548329294 -0.660615802 -0.51275897
vn -0.523936629 -0.75145781 -0.401000619
vn -0.508880734 -0.83466047 -0.210670978
vn 0.944248796 -0.0976453945 -0.314419538
vn 0.984436035 -0.0838065147 -0.154473439
vn 0.996558785 -0.0754939914 -0.0342244208
vn -0.556798756 -0.599862695 -0.574577928
vn -0.560331702 -0.614804804 -0.555016577
vn -0.562150419 -0.620824397 -0.546410203
vn -0.554975092 -0.731191337 -0.396688461
vn -0.534751892 -0.803255796 -0.26233691
vn -0.483633935 -0.868629158 -0.107617475
vn -0.472281635 -0.880482852 0.0412300192
vn -0.463377923 -0.884336412 0.0568334609
vn -0.454712003 -0.887838125 0.0705733672
vn -0.534418225 -0.661764324 -0.525799572
vn -0.522966564 -0.680559635 -0.513171017
vn -0.518162906 -0.696048677 -0.497014523
vn -0.521343172 -0.800333738 -0.29608652
vn -0.485192716 -0.863927066 -0.134974226
vn -0.433832914 -0.900989234 0.00270764506
vn -0.418741137 -0.903871238 0.0875944495
vn -0.404722095 -0.908839464 0.101048768
vn -0.390805006 -0.91321373 0.115378588
vn -0.548883259 -0.487708122 -0.678872585
vn -0.500752807 -0.403211266 -0.765942037
vn -0.399046928 -0.286080092 -0.87116003
vn -0.175761178 -0.116221488 -0.977548182
vn -0.126855284 -0.111215055 -0.985666752
vn -0.086578466 -0.102604508 -0.990947366
vn -0.497883499 -0.544789076 -0.674771726
vn -0.395815343 -0.427792162 -0.812603295
vn -0.244081602 -0.276722878 -0.929434597
vn -0.028529238 -0.0779604241 -0.996548176
vn -0.00627331669 -0.0637058988 -0.997949004
vn 0.0132891741 -0.0476871133 -0.998773932
vn -0.452130079 -0.570314467 -0.685798526
vn -0.325409502 -0.406228065 -0.8538661
vn -0.153799355 -0.218895242 -0.963551104
vn 0.602170169 0.772695065 0.200831994
vn 0.585567474 0.708643794 0.393617541
vn 0.530355871 0.631224692 0.565931082
vn -9.72739508e-05 0.08036533 -0.996765554
vn 0.213844448 0.269360095 -0.938997149
vn 0.390899688 0.424941808 -0.816469133
vn 0.523446381 0.537401617 -0.661213458
vn 0.528962314 0.534151077 -0.659455359
vn 0.535007834 0.532321334 -0.656049252
vn 0.138438776 0.102460742 -0.98505652
vn 0.304893941 0.274604648 -0.911938548
vn 0.43836385 0.417626441 -0.795880139
vn 0.545230806 0.529743135 -0.6496889
vn 0.548366427 0.528648496 -0.647939205
vn 0.550197899 0.528010368 -0.646906018
vn 0.21107313 0.155903935 -0.964956939
vn 0.354523569 0.305503994 -0.883730948
vn 0.4672153 0.429022133 -0.773078084
vn -0.261477768 0.739240944 0.62052989
vn -0.324119598 0.773474634 0.544691861
vn -0.36340642 0.83109045 0.420961797
vn 0.602230489 0.623534083 -0.498521477
vn 0.655513763 0.671921253 -0.344708085
vn 0.692485571 0.69536835 -0.192163125
vn 0.719742596 0.693394125 -0.0342807882
vn 0.719415426 0.693944693 -0.0297044013
vn 0.715571582 0.698162615 -0.0229401607
vn 0.613445342 0.613331735 -0.497502834
vn 0.661986232 0.667241812 -0.341412544
vn 0.692895591 0.697809577 -0.181541756
vn 0.700647712 0.713405371 -0.0120732486
vn 0.694520593 0.719401062 -0.0101640737
vn 0.69080168 0.7229774 -0.00982932746
vn 0.614823282 0.611337364 -0.498255879
vn 0.655602753 0.670439601 -0.347413123
vn 0.680329442 0.709247649 -0.184714675
vn 0.486893535 0.596109033 -0.638426781
vn 0.504668653 0.570770442 -0.647711694
vn 0.514128685 0.553443909 -0.655264556
vn -0.323384672 -0.596745014 -0.734382629
vn -0.489413798 -0.558024764 -0.670136154
vn -0.555213928 -0.550918519 -0.623078048
vn 0.723891199 0.679267347 0.120736048
vn 0.711064339 0.650115848 0.267837286
vn 0.672850847 0.609188557 0.419715494
vn 0.621031046 0.552106559 0.556326151
vn 0.638234437 0.561012805 0.527182579
vn 0.645516753 0.573690712 0.504169703
vn 0.709718227 0.690817237 0.138099864
vn 0.700003505 0.661992431 0.267882496
vn 0.680112243 0.627359331 0.379299045
vn 0.638841808 0.606965244 0.472730786
vn 0.634670854 0.620476782 0.460653275
vn 0.633058608 0.630154252 0.449602485
vn 0.684039533 0.713011682 0.153961554
vn 0.670557261 0.686520219 0.28114596
vn 0.654316306 0.658526599 0.371770084
vn 0.487908751 0.519916713 0.701164603
vn 0.52381289 0.51992327 0.674759209
vn 0.563215494 0.53522855 0.629538476
vn 0.458769292 0.443345457 0.770049036
vn 0.278878093 0.305382013 0.910477221
vn 0.0887877867 0.15572466 0.98380208
vn -0.0500861406 0.0182940867 0.998577356
vn -0.0393697992 0.0299236216 0.998776555
vn -0.0161432959 0.0387438275 0.999118805
vn 0.576095283 0.542431593 0.611459076
vn 0.45296675 0.456295729 0.765908122
vn 0.255444616 0.292030603 0.921664894
vn 0.0450184084 0.04049173 0.99816519
vn 0.0665134117 0.0378276967 0.997068167
vn 0.0793667957 0.0362377353 0.996186554
vn 0.601279676 0.613859117 0.511507213
vn 0.531682312 0.557637632 0.637459278
vn 0.378040045 0.398662597 0.83555609
vn -0.0520893112 -0.602842689 0.796157956
vn -0.229922131 -0.56634587 0.791446805
vn -0.303351343 -0.545990705 0.780943155
vn -0.156374663 -0.139541537 0.977790892
vn -0.226473957 -0.276951104 0.933813393
vn -0.28173548 -0.41579631 0.864718735
vn -0.326663375 -0.572981238 0.75165379
vn -0.328792244 -0.604699254 0.725420117
vn -0.327178359 -0.638727486 0.696406126
vn -0.171258643 -0.216148823 0.961223245
vn -0.26726681 -0.415636063 0.869376302
vn -0.306095093 -0.562973976 0.767701864
vn -0.315502256 -0.710784733 0.628683805
vn -0.31341216 -0.740543067 0.594448388
vn -0.31754297 -0.764878213 0.560470998
vn -0.177087754 -0.341882527 0.922906458
vn -0.299674422 -0.579564631 0.757825911
vn -0.329324961 -0.705781758 0.62722981
vn -0.450845689 -0.850336015 0.271416247
vn -0.408321559 -0.776893556 0.479280621
vn -0.368997604 -0.675490439 0.638399124
vn -0.396897703 -0.880868793 0.257958025
vn -0.361037552 -0.836965263 0.4112674
vn -0.33833757 -0.765799344 0.546881318
vn -0.348143965 -0.904925525 0.244756252
vn -0.327997178 -0.878087401 0.348396838
vn -0.322332203 -0.837227345 0.44176051
vn 0.363672554 0.763612747 -0.533514619
vn 0.250401556 0.69087559 -0.678225696
vn 0.125041172 0.657959461 -0.742599487
vn 0.0196915884 0.64420259 -0.764601409
vn -0.062515147 0.676516235 -0.733685851
vn -0.062074542 0.573439121 -0.816924274
vn -0.0605854243 0.589180887 -0.805773675
vn -0.0608280003 0.616594315 -0.784973025
vn 0.291325599 0.936876297 0.19337064
vn 0.437098652 0.817106187 -0.375875473
vn 0.435011089 0.882845342 -0.177058235
vn 0.374721676 0.927112818 0.00674547395
vn -0.00844504312 0.875991464 0.482252538
vn 0.201710805 0.924158096 0.324414194
vn 0.114539102 0.904712558 0.410336405
vn 0.0510462672 0.881083667 0.470197678
vn 0.0472301468 0.82969749 0.556143343
vn 0.0318707936 0.844690442 0.534305394
vn 0.0566673987 0.825827718 0.561068177
vn 0.0647562072 0.808492184 0.58493346
vn 0.0709107369 0.696943164 0.713643253
vn 0.065851897 0.727541924 0.682843268
vn 0.0592512265 0.766474783 0.639518619
vn -0.0144099677 0.868611038 0.49527517
vn 0.0381749943 0.809662521 0.585560381
vn 0.0200535003 0.825619996 0.56379503
vn -0.00338657782 0.841785192 0.539793313
vn -0.167027086 0.746876836 0.64362967
vn -0.131703675 0.786237776 0.60365361
vn -0.0830139965 0.825550079 0.55814451
vn -0.397114128 0.876932442 0.27047658
vn -0.104247265 0.8595047 0.500351608
vn -0.19302386 0.865325332 0.462555766
vn -0.297754675 0.873004377 0.386289388
vn 0.378982872 0.721553266 -0.57942456
vn 0.376869291 0.701548636 -0.604813278
vn 0.353111833 0.697868109 -0.623130918
vn -0.479064494 0.771149278 -0.419228107
vn -0.491601944 0.865411997 0.0972328335
vn -0.545563459 0.834590912 -0.0761581585
vn -0.547503352 0.796447933 -0.256731629
vn -0.519430995 0.651550889 -0.55288136
vn -0.519833446 0.686498344 -0.508339167
vn -0.499690145 0.730703712 -0.465072334
vn 0.0740312114 0.838217735 0.540287435
vn 0.134976327 0.803169727 0.580258489
vn 0.184439614 0.765179157 0.616833031
vn -0.142549202 0.664702415 -0.733451605
vn -0.245040908 0.691110134 -0.679980576
vn -0.36708203 0.724257827 -0.583634794
vn -0.206051797 0.217533112 0.954081237
vn -0.127603665 0.235594749 0.963490903
vn -0.0576287918 0.249446839 0.966669619
vn -0.0458481237 0.0924851522 0.994654298
vn -0.0204531234 0.129692227 0.991300941
vn -0.0035069338 0.188295394 0.98210907
vn 0.0536436252 0.280117869 0.958510637
vn 0.0901256129 0.296391845 0.950839818
vn 0.113237262 0.308500916 0.944426119
vn 0.151669756 0.187923968 0.970419049
vn 0.140778288 0.218634605 0.965556562
vn 0.132498667 0.260920644 0.956196547
vn 0.138820186 0.307065308 0.941473126
vn 0.153767824 0.295394063 0.942919791
vn 0.160142913 0.274324387 0.948208928
vn 0.273890346 0.0730108544 0.958985627
vn 0.231033266 0.11085505 0.966609895
vn 0.191967547 0.174146533 0.96582675
vn 0.273396045 0.225209624 0.935165882
vn 0.218145579 0.236898586 0.946726799
vn 0.182095781 0.244084567 0.952503979
vn -0.02186561 0.460618436 0.887310445
vn -0.00758322934 0.404903501 0.914316595
vn 0.00159160153 0.339885354 0.940452337
vn 0.110164754 0.450382352 0.886059105
vn 0.114793919 0.40894264 0.905327082
vn 0.119800568 0.363815457 0.923742294
vn 0.136854962 0.448451221 0.883267939
vn 0.133676603 0.409331471 0.902539968
vn 0.143321559 0.3366386 0.93066287
vn -0.966051936 0.0319444314 0.256365538
vn -0.956961274 0.0352526605 0.288067013
vn -0.985333204 0.123730645 0.117512465
vn -0.958703876 0.163297385 0.23285386
vn -0.955847204 0.20792748 0.207658947
vn -0.964553535 -0.0630324185 0.256248474
vn 0.793821454 -0.379158676 0.475485176
vn 0.695158422 -0.669140756 0.262688637
vn 0.213520586 -0.825170934 0.522973895
vn -0.99126333 -0.0595277324 0.117700443
vn -0.969969928 -0.101436295 0.221063495
vn -0.954944551 -0.154511467 0.253391206
vn -0.991780341 -0.12645483 0.0198474638
vn -0.986307144 -0.10904289 0.123902678
vn -0.974076331 -0.089286752 0.207771227
vn 0.311691314 -0.662204564 -0.681420267
vn -0.0561779551 -0.827631593 -0.558453262
vn 0.401661903 -0.710880816 -0.577335358
vn 0.9660514 -0.0882683247 0.242803186
vn 0.975922227 -0.0607019514 0.209501863
vn 0.984132528 -0.0901043788 0.152853623
vn 0.994542003 -0.0394688882 0.096584104
vn 0.996216059 -0.0116541935 0.0861263424
vn 0.997357607 -0.0293361675 0.0664619431
vn 0.26175189 -0.707472146 0.656482458
vn 0.280861288 -0.793625355 0.539699614
vn 0.458879262 -0.812964618 0.35849458
vn -0.154358029 -0.142157733 -0.977734447
vn -0.238512173 -0.132538244 -0.962052763
vn -0.251741678 -0.129101202 -0.95914489
vn -0.456022859 -0.889957011 0.0044365325
vn -0.336128145 -0.941461086 -0.025866501
vn 0.259264499 -0.963373244 -0.0685126185
vn 0.31197539 0.935287833 0.167056873
vn 0.35438171 0.923819363 0.144815147
vn 0.372827172 0.920245528 0.118946061
vn 0.178876564 0.982416928 0.0534799024
vn 0.185717404 0.98160845 0.0442009866
vn 0.207543522 0.977403343 0.0401053093
vn 0.137381136 0.818322182 0.558099627
vn 0.133278862 0.878558636 0.458662599
vn 0.10619124 0.941088498 0.321054161
vn 0.392796874 0.858827829 0.328824252
vn 0.326161653 0.816394746 0.476569206
vn 0.267888606 0.772382438 0.575900197
vn 0.149404377 0.886368632 -0.438211322
vn 0.160467386 0.944438994 -0.286853939
vn 0.172574118 0.977393985 -0.12214461
vn -0.443739861 0.812168479 -0.378783971
vn -0.418913662 0.882295966 -0.214600816
vn -0.388635457 0.920377314 -0.0427334346
vn -0.61195749 0.0134360408 0.79085654
vn -0.593452871 0.0155186728 0.804727852
vn -0.572845399 0.0169636421 0.819498897
vn -0.560551941 0.0012716765 0.828179896
vn -0.541331053 0.0019715149 0.840805829
vn -0.520252347 0.00112743431 0.854008436
vn -0.524749815 -0.0119017772 0.851208568
vn -0.510199964 -0.0130358385 0.859896898
vn -0.494591653 -0.0162640307 0.869012535
vn -0.514986634 -0.020507738 0.856953263
vn -0.521077931 -0.0245339796 0.853101611
vn -0.528049886 -0.030675618 0.848635674
vn -0.559318483 -0.0146354465 0.828807533
vn -0.57422787 -0.0189097542 0.818429232
vn -0.590243399 -0.0246492997 0.806806982
vn -0.637286842 -0.0046599959 0.77054131
vn -0.657481313 -0.00861124881 0.75345093
vn -0.678170383 -0.0131364008 0.734703124
vn -0.824253857 0.0209928937 0.565893888
vn -0.841460288 0.0186188426 0.53991133
vn -0.858329892 0.0172915626 0.51279074
vn -0.890486836 0.0330241956 0.453797519
vn -0.902007401 0.0321171358 0.430422544
vn -0.913246036 0.0328835025 0.406153888
vn -0.938106835 0.0370247886 0.344414443
vn -0.943336129 0.0385135338 0.329601347
vn -0.948571563 0.0423899256 0.313596934
vn -0.522254109 0.0175177027 0.852589548
vn -0.492377579 0.0159599632 0.870218158
vn -0.460829437 0.0129170706 0.88742435
vn -0.47004649 -0.00371053652 0.882621884
vn -0.441696167 -0.00664251996 0.897184551
vn -0.412678808 -0.00985064637 0.910823226
vn -0.458916426 -0.0265492219 0.888083041
vn -0.440008789 -0.030776687 0.897420406
vn -0.422120035 -0.0339283273 0.905942678
vn -0.545906305 -0.0458243415 0.836557627
vn -0.557744801 -0.0509006977 0.828499377
vn -0.571747541 -0.0533063486 0.818702817
vn -0.627015352 -0.0376864076 0.778071582
vn -0.647794545 -0.0417134836 0.760685027
vn -0.66946286 -0.0433353931 0.741566658
vn -0.72268039 -0.0224944111 0.690819979
vn -0.745229363 -0.0258751735 0.666297019
vn -0.766639709 -0.0280244872 0.64147383
vn -0.890519559 0.0140759861 0.454781473
vn -0.90425396 0.00707844784 0.426900983
vn -0.914771199 -0.00445799669 0.404005557
vn -0.934520781 0.032398127 0.354365349
vn -0.943505406 0.0220704321 0.330534399
vn -0.949925303 0.00287984218 0.312508643
vn -0.95956701 0.0466349162 0.277590692
vn -0.96476692 0.0338526592 0.26104942
vn -0.968357325 0.00775050325 0.249410644
vn -0.397768289 0.00334138493 0.917499483
vn -0.369158566 -0.00114747032 0.929353952
vn -0.343667209 -0.00502624083 0.939103365
vn -0.359746575 -0.0160475485 0.932875693
vn -0.338459283 -0.0179453474 0.940780997
vn -0.321889937 -0.0188457984 0.946538866
vn -0.394384831 -0.036956843 0.918199956
vn -0.386578828 -0.0366136618 0.921544671
vn -0.383068353 -0.0348613709 0.923078775
vn -0.606186748 -0.0521490239 0.793606758
vn -0.625305355 -0.0505365655 0.778749764
vn -0.644369125 -0.048459243 0.763141096
vn -0.712202251 -0.0418068394 0.700702369
vn -0.731829882 -0.0411326662 0.680202484
vn -0.749509931 -0.0411160849 0.66066128
vn -0.801768422 -0.030316487 0.596848726
vn -0.814977527 -0.0320626423 0.578672349
vn -0.825443685 -0.0347383507 0.563326478
vn -0.922616363 -0.03502037 0.384039164
vn -0.920877695 -0.0468220785 0.386919081
vn -0.91711092 -0.0547517724 0.394770324
vn -0.951016903 -0.049660299 0.305018306
vn -0.946559191 -0.0688068792 0.314984024
vn -0.940634549 -0.0799206048 0.329807401
vn -0.96589309 -0.0657571331 0.250575364
vn -0.960494459 -0.0921576172 0.262430727
vn -0.954663634 -0.106587864 0.278044492
vn -0.306082457 -0.0119067831 0.951881886
vn -0.295071572 -0.0153024569 0.955393791
vn -0.289728791 -0.0191431884 0.956930459
vn -0.305379659 -0.0187223181 0.952056885
vn -0.306327373 -0.0186226368 0.95176357
vn -0.313288033 -0.0187089406 0.949503243
vn -0.390083998 -0.0284457449 0.920297384
vn -0.400419027 -0.0248122122 0.915961027
vn -0.415042102 -0.0211972315 0.909579575
vn -0.679170847 -0.0435775928 0.732707381
vn -0.693973005 -0.0405168049 0.718910038
vn -0.706893265 -0.0370796919 0.706337571
vn -0.777600467 -0.0424013659 0.627291262
vn -0.78814286 -0.0424337983 0.613985717
vn -0.796846211 -0.0418489203 0.602722585
vn -0.840370834 -0.0413485616 0.540525079
vn -0.845663726 -0.0436189994 0.531939566
vn -0.850228488 -0.0448530614 0.524503887
vn -0.908478558 -0.0607440174 0.413605154
vn -0.905525386 -0.0592581332 0.420082361
vn -0.904582679 -0.0549424775 0.422654122
vn -0.929236412 -0.0821863934 0.360146433
vn -0.925553381 -0.0759197846 0.370973647
vn -0.924045861 -0.0656181276 0.37665686
vn -0.945253491 -0.105567187 0.308732897
vn -0.942701995 -0.0951481387 0.319935441
vn -0.941764593 -0.0794999227 0.326764435
vn -0.296354473 -0.0267101489 0.954742253
vn -0.307264864 -0.0294837728 0.951198757
vn -0.321819961 -0.0314523615 0.946253061
vn -0.345295966 -0.0196959022 0.938277423
vn -0.368283868 -0.0207851175 0.929537654
vn -0.393854141 -0.0220740605 0.918916285
vn -0.455377102 -0.0150150526 0.890157461
vn -0.479632318 -0.0136633748 0.87734139
vn -0.505245268 -0.0136199696 0.862832308
vn -0.728107691 -0.0288678557 0.684877574
vn -0.737410605 -0.0247047506 0.67501837
vn -0.747058213 -0.0208103452 0.664477527
vn -0.809777141 -0.0380694829 0.58547473
vn -0.815391779 -0.0340080112 0.577873349
vn -0.821526229 -0.0285006706 0.569430351
vn -0.858837128 -0.0433766246 0.51040113
vn -0.86370039 -0.0392435528 0.502466142
vn -0.869329214 -0.0325759687 0.493217677
vn -0.910189688 -0.0407473333 0.412328303
vn -0.915932417 -0.0324258804 0.400091916
vn -0.922469258 -0.0234998036 0.385449916
vn -0.928355992 -0.0379073136 0.369675547
vn -0.933208287 -0.0254607089 0.358381987
vn -0.938613594 -0.0145952655 0.344759226
vn -0.944796145 -0.0392973237 0.325178534
vn -0.947720468 -0.0225042421 0.3183164
vn -0.950780332 -0.00695622899 0.30978781
vn -0.355700076 -0.0328103006 0.933979034
vn -0.371480018 -0.0327493809 0.927843571
vn -0.383743882 -0.0319525637 0.922902405
vn -0.446114093 -0.0266741943 0.89459604
vn -0.468492687 -0.0307139009 0.882972836
vn -0.4853338 -0.0354368091 0.873592138
vn -0.55594331 -0.0195606053 0.831002355
vn -0.577266276 -0.0265784115 0.816122293
vn -0.592909932 -0.0360412747 0.80448097
vn -0.769266427 -0.0188588779 0.638691068
vn -0.779537916 -0.0252966732 0.625831962
vn -0.786305308 -0.0369909294 0.616778016
vn -0.836932063 -0.0205946248 0.546844542
vn -0.844076037 -0.025218755 0.535590827
vn -0.849207342 -0.0361561887 0.526820242
vn -0.882526636 -0.0200442653 0.469768822
vn -0.888514578 -0.0237340424 0.458234042
vn -0.897668779 -0.0327742472 0.439450383
vn -0.93496567 -0.00625971518 0.35468331
vn -0.949959517 0.0403301828 0.309758514
vn -0.955915511 0.0884022489 0.280019075
vn -0.955732882 0.0281647108 0.292884707
vn -0.974342048 0.0630301982 0.216066748
vn -0.975978315 0.126965731 0.177048191
vn -0.966365695 0.103669591 0.235350937
vn -0.975213051 0.146925777 0.165446073
vn -0.985594392 0.0132694552 0.168605059
vn 0.987330019 -0.050150644 0.150546834
vn 0.980070174 -0.0479782261 0.192771137
vn 0.9650805 -0.0761806071 0.250631541
vn 0.986018896 -0.0353348739 0.162844047
vn 0.975749075 -0.0490709096 0.213320643
vn 0.957326591 -0.0818309635 0.277181268
vn 0.98281765 -0.0573250577 0.175451756
vn 0.972607017 -0.0719808936 0.221030191
vn 0.947139621 -0.0858053938 0.309134156
vn 0.974531651 -0.122530505 0.187814415
vn 0.964184642 -0.129883662 0.231253386
vn 0.941219628 -0.138076589 0.308286548
vn 0.972576976 -0.138394505 0.18692483
vn 0.962587297 -0.142686427 0.230361417
vn 0.942430437 -0.146062315 0.300816745
vn 0.973906934 -0.136414483 0.181374162
vn 0.964122176 -0.13757959 0.227024928
vn 0.947233438 -0.135833904 0.290341169
vn 0.985630333 -0.0729712397 0.152341485
vn 0.975075424 -0.0645544082 0.21227479
vn 0.963957787 -0.0507349074 0.261173248
vn 0.991969645 -0.0152462563 0.125554025
vn 0.980116725 -0.00192691234 0.198412448
vn 0.97053051 0.0111621208 0.240719482
vn 0.994685292 0.0201802384 0.100965947
vn 0.981273472 0.0359142534 0.189242184
vn 0.971091449 0.0444289893 0.234536663
vn 0.997646093 0.0244345572 0.0644723773
vn 0.984415233 0.0459858365 0.169783235
vn 0.972820818 0.0576470643 0.224436343
vn 0.998867571 0.0207276493 0.0433381349
vn 0.98663336 0.0439639688 0.157001212
vn 0.974318624 0.0576801226 0.217862815
vn 0.999726593 0.012247202 0.0218014196
vn 0.989150226 0.0360233076 0.142098427
vn 0.976422727 0.0517316796 0.209731907
vn 0.999754846 -0.0122864237 -0.0174941681
vn 0.99420917 0.00985657051 0.107258953
vn 0.981824696 0.0291878879 0.187587112
vn 0.999150276 -0.0206560791 -0.0347729512
vn 0.996096909 0.000832685968 0.0880425125
vn 0.984547317 0.0211343821 0.173945978
vn 0.998357534 -0.0244911928 -0.051575087
vn 0.99764508 -0.00304217055 0.0683119297
vn 0.987065017 0.0175199658 0.159531355
vn 0.995824873 -0.0229183529 -0.0879024491
vn 0.999622881 0.000164173078 0.0289976541
vn 0.991053164 0.0200666934 0.131857812
vn 0.993937492 -0.0217308085 -0.108143792
vn 0.999972045 0.00221575866 0.00974280015
vn 0.992618084 0.0220265649 0.119261391
vn 0.991360605 -0.0213307608 -0.129250303
vn 0.99993962 0.00326875737 -0.00937547628
vn 0.993912816 0.0229838323 0.107275158
vn 0.913009882 -0.132078841 0.385963827
vn 0.869637609 -0.14580524 0.471668631
vn 0.825782776 -0.150615364 0.543505013
vn 0.907433629 -0.152265921 0.391636699
vn 0.867688537 -0.153958142 0.472666413
vn 0.828448951 -0.156905368 0.537636459
vn 0.903897166 -0.1647055 0.394768447
vn 0.872111022 -0.158423513 0.46295169
vn 0.832730353 -0.152182996 0.532353818
vn 0.891612113 -0.1199416 0.436625659
vn 0.880451262 -0.130675852 0.455773443
vn 0.865154147 -0.111385733 0.488980055
vn 0.902933657 -0.113605313 0.414493263
vn 0.891452372 -0.08380723 0.445296615
vn 0.879771769 -0.0728596449 0.469779849
vn 0.921611905 -0.0902561769 0.377472222
vn 0.90785414 -0.0459361821 0.416762173
vn 0.895014226 -0.0121411961 0.445872426
vn 0.955658555 0.00843232404 0.294356167
vn 0.94533056 0.0436192453 0.323183417
vn 0.920865417 0.0686757267 0.383784533
vn 0.961737394 0.0459146276 0.270098358
vn 0.94887048 0.0605764985 0.309798956
vn 0.92147541 0.0649841055 0.382955313
vn 0.962866306 0.0549610667 0.264300913
vn 0.950003386 0.0601897351 0.306522429
vn 0.920636058 0.0614096858 0.38555485
vn 0.963058352 0.0628066584 0.261768341
vn 0.948406994 0.0597043708 0.311450481
vn 0.913589895 0.051926177 0.403353482
vn 0.962175608 0.0618941672 0.26528576
vn 0.945807934 0.0555729344 0.320138931
vn 0.907544076 0.0441341363 0.417575359
vn 0.960876882 0.0565965921 0.271002829
vn 0.942165136 0.0479920432 0.331795454
vn 0.900192618 0.0336925872 0.434247524
vn 0.957491457 0.0379502922 0.285772771
vn 0.932309508 0.0266857557 0.360754102
vn 0.882040858 0.00891919434 0.471130699
vn 0.955315411 0.0308820475 0.293908238
vn 0.9261868 0.0186426155 0.376656234
vn 0.871672094 -2.3973118e-05 0.48998192
vn 0.952777088 0.0271672439 0.302588046
vn 0.91939199 0.0140880207 0.393195331
vn 0.860788286 -0.00527853658 0.508914709
vn 0.946462274 0.0272502173 0.321751952
vn 0.904007852 0.0130515387 0.427349627
vn 0.837922275 -0.00675874902 0.545812964
vn 0.942756772 0.0281248465 0.332158774
vn 0.89567548 0.0134979952 0.444543153
vn 0.825985789 -0.00637554796 0.56363821
vn 0.938889325 0.0286557935 0.3430309
vn 0.886814296 0.0138146458 0.461905599
vn 0.813798428 -0.00610999158 0.581039667
vn 0.743462145 -0.126105711 0.656781137
vn 0.685248613 -0.097788699 0.721714437
vn 0.597337544 -0.0645810366 0.799385488
vn 0.761112392 -0.132788822 0.634882033
vn 0.709889412 -0.10797777 0.695986927
vn 0.625301301 -0.07865569 0.776409447
vn 0.777326345 -0.124278724 0.616699755
vn 0.731292069 -0.103176475 0.674215496
vn 0.649747014 -0.079204917 0.756012917
vn 0.807776928 -0.0642050505 0.58598125
vn 0.763029873 -0.0504382104 0.644392371
vn 0.684694707 -0.0384543017 0.727814913
vn 0.820991933 -0.018670328 0.570634484
vn 0.773139536 -0.00728630833 0.634194195
vn 0.693958044 -0.00667484803 0.719984472
vn 0.832284868 0.0325524397 0.553391397
vn 0.774708271 0.0276903156 0.631712198
vn 0.679589391 0.0067228335 0.733561993
vn 0.813159585 0.0515971966 0.579742014
vn 0.730546832 0.0237917472 0.682366908
vn 0.627068222 -0.00604991103 0.778938532
vn 0.796936393 0.0425740294 0.60255295
vn 0.705807507 0.0144631984 0.708224237
vn 0.601940453 -0.0136815831 0.798392773
vn 0.779406071 0.0336500704 0.625565529
vn 0.681119323 0.00590793649 0.7322191
vn 0.578980565 -0.0199939627 0.815152705
vn 0.741995513 0.0151751898 0.670236111
vn 0.634627342 -0.00955598429 0.77282244
vn 0.54160136 -0.0289987829 0.84011817
vn 0.723148286 0.00492123421 0.690700829
vn 0.614387393 -0.0169974267 0.788834393
vn 0.528042674 -0.032533206 0.848573983
vn 0.705263436 -0.00613444345 0.70893085
vn 0.597067118 -0.02461458 0.801759601
vn 0.518591881 -0.0357741229 0.854242742
vn 0.675038159 -0.0278690085 0.737273455
vn 0.57411325 -0.0382852592 0.817953885
vn 0.513154984 -0.0404069759 0.857361913
vn 0.663256407 -0.0348324068 0.747556388
vn 0.568129897 -0.0420144722 0.821825743
vn 0.51645422 -0.0409146808 0.855348527
vn 0.653470278 -0.0381962247 0.755940676
vn 0.565075994 -0.0430498235 0.823892653
vn 0.522574484 -0.0396190174 0.851683736
vn 0.637685776 -0.0366686098 0.769428253
vn 0.563901961 -0.0393774733 0.824896812
vn 0.538879335 -0.0341466628 0.84171927
vn 0.63080734 -0.0352142565 0.77515465
vn 0.564392149 -0.037429139 0.824688673
vn 0.547892153 -0.031960126 0.835895896
vn 0.624368072 -0.0343670361 0.780324757
vn 0.565395772 -0.0363573581 0.824013233
vn 0.556976736 -0.0308037456 0.82991606
vn -0.0590173267 0.0464433916 0.997176051
vn -0.184613287 0.0439685136 0.981827319
vn -0.29116863 0.075038664 0.953724265
vn -0.169944942 0.143542454 0.974943221
vn -0.243764564 0.156844139 0.957067788
vn -0.301476955 0.200277045 0.932202101
vn -0.315389514 0.250020146 0.915433943
vn -0.335886449 0.281598717 0.898822784
vn -0.340990156 0.337763309 0.877292216
vn -0.604772627 0.42872113 0.671154499
vn -0.548747599 0.499590755 0.670287311
vn -0.468739212 0.581916273 0.664572954
vn -0.708993793 0.480159134 0.516502619
vn -0.637792289 0.56872189 0.51940006
vn -0.536001265 0.666182041 0.518559635
vn -0.785742104 0.509290636 0.351044953
vn -0.708937883 0.611607492 0.351202786
vn -0.5967502 0.722725451 0.348650485
vn -0.386648715 0.211100996 0.897741199
vn -0.389193445 0.286660701 0.875416458
vn -0.38897562 0.349539459 0.852361441
vn -0.327261508 0.34290278 0.880521238
vn -0.315989703 0.41073221 0.855248332
vn -0.318421572 0.459904164 0.828912377
vn -0.29074192 0.479452103 0.828006446
vn -0.26477319 0.534555852 0.802586436
vn -0.268026412 0.567368507 0.778623641
vn -0.289315253 0.714621007 0.636877954
vn -0.243864477 0.742417037 0.623976946
vn -0.24337402 0.749661148 0.615448833
vn -0.318218499 0.80392617 0.502433658
vn -0.270170152 0.824227095 0.497652262
vn -0.267106146 0.827236474 0.494301617
vn -0.358187199 0.870595157 0.337292284
vn -0.311039954 0.888249516 0.338033885
vn -0.307227969 0.889985263 0.336952746
vn -0.361194581 0.451551139 0.815848827
vn -0.328619719 0.49206847 0.806170404
vn -0.29482916 0.521777213 0.800571144
vn -0.315520734 0.535952032 0.78305161
vn -0.295981228 0.566267252 0.769238949
vn -0.273876637 0.587870836 0.761242926
vn -0.280603081 0.617708147 0.734691441
vn -0.270398676 0.638156772 0.720804155
vn -0.256237745 0.652140379 0.713473439
vn -0.256812155 0.765684605 0.589742362
vn -0.250153661 0.772981048 0.582990229
vn -0.237922892 0.77642262 0.58368665
vn -0.272106588 0.835036635 0.478222251
vn -0.261675954 0.839040279 0.476940453
vn -0.244283795 0.839622378 0.485153109
vn -0.304457664 0.893995821 0.328833044
vn -0.291773885 0.897338748 0.331101537
vn -0.27014792 0.89923811 0.343944073
vn 0.146110073 0.955626786 0.255791456
vn 0.144713104 0.894744515 0.42248112
vn 0.156431153 0.825624168 0.542101324
vn 0.173541874 0.954304695 0.243281335
vn 0.163179278 0.897493064 0.409729928
vn 0.171532139 0.824376047 0.539426565
vn 0.177642927 0.952870846 0.245926961
vn 0.173650384 0.894417226 0.412144959
vn 0.181249633 0.817754984 0.546283185
vn 0.188457698 0.945691049 0.264862567
vn 0.189348102 0.879906416 0.435788959
vn 0.205288708 0.792893589 0.573738873
vn 0.208889112 0.939383686 0.27188924
vn 0.210908905 0.869057953 0.447499424
vn 0.230422914 0.774587989 0.58899802
vn 0.242419004 0.930201948 0.275603563
vn 0.245678753 0.854964614 0.456812203
vn 0.267200589 0.751871228 0.6027385
vn 0.355902582 0.895966113 0.265665442
vn 0.359102994 0.813353896 0.457712382
vn 0.374190271 0.694942057 0.614033639
vn 0.437045395 0.864141464 0.249501064
vn 0.434474856 0.78289032 0.445325077
vn 0.435180426 0.664743364 0.607235014
vn 0.522689104 0.821716189 0.227109075
vn 0.512127817 0.746518493 0.424776763
vn 0.489626676 0.640797973 0.591306627
vn 0.195276812 0.7368595 0.647228718
vn 0.219544083 0.667663097 0.711355269
vn 0.250424236 0.581960559 0.773698688
vn 0.213851541 0.729192495 0.650035322
vn 0.249169335 0.653146684 0.71506232
vn 0.293193668 0.55783236 0.776440918
vn 0.23776108 0.712064207 0.660631716
vn 0.288130134 0.626779318 0.723967433
vn 0.348537922 0.518603861 0.780750513
vn 0.304147154 0.64697957 0.699222445
vn 0.388309419 0.533871293 0.7511307
vn 0.478444666 0.388805717 0.787350595
vn 0.342190206 0.599637866 0.723422527
vn 0.4344199 0.470024586 0.768346429
vn 0.530525446 0.320641458 0.78468585
vn 0.381430238 0.544522524 0.746998191
vn 0.472816229 0.39885661 0.785721481
vn 0.566854239 0.248794973 0.785351753
vn 0.448737949 0.431355208 0.782666504
vn 0.510088086 0.261324972 0.819462955
vn 0.579315901 0.118164517 0.806492627
vn 0.45297128 0.389966607 0.801712513
vn 0.483619809 0.212520152 0.849086046
vn 0.53251791 0.0746987537 0.843116105
vn 0.431452483 0.365509659 0.82477355
vn 0.419791281 0.182106271 0.889163971
vn 0.428658485 0.0565404557 0.901695609
vn -0.393347174 -0.0129053164 0.91934973
vn -0.39251551 0.0232316889 0.919472694
vn -0.389498949 0.0812308714 0.917402744
vn -0.497185737 -0.0310346521 0.867131174
vn -0.49424088 -0.00304702506 0.869309485
vn -0.487132877 0.0470772311 0.872032583
vn -0.600652277 -0.0459580235 0.79819119
vn -0.594134688 -0.0279285274 0.803930283
vn -0.582141995 0.0113416361 0.812980771
vn -0.781605244 -0.0650948137 0.620367587
vn -0.770655692 -0.069380492 0.633463562
vn -0.75400728 -0.0585410707 0.654252231
vn -0.846658289 -0.0643794313 0.528228223
vn -0.843733966 -0.0681492388 0.532417715
vn -0.825152397 -0.0791842118 0.559332967
vn -0.91106379 -0.0311722811 0.411085218
vn -0.891789079 -0.0603580102 0.448407233
vn -0.858796418 -0.116305307 0.498940557
vn -0.946373701 -0.0922936723 0.309610575
vn -0.869333923 -0.227652445 0.438671887
vn -0.698750317 -0.377494216 0.60765624
vn -0.90160054 -0.192520618 0.387365818
vn -0.587860525 -0.480365276 0.650898874
vn -0.440251917 -0.538324535 0.718599379
vn -0.594465792 -0.619478047 0.512696087
vn 0.230105668 -0.719164908 0.655632019
vn 0.238979295 -0.611882269 0.753982127
vn -0.374208689 0.23968114 0.895873606
vn -0.358886331 0.316854239 0.877966285
vn -0.339241564 0.388440788 0.856762648
vn -0.458071649 0.194349557 0.867344558
vn -0.432728916 0.27104193 0.85979861
vn -0.400798023 0.345475107 0.848570704
vn -0.539198756 0.141361594 0.830226958
vn -0.504558682 0.215045616 0.836159885
vn -0.461273253 0.291053385 0.838246226
vn -0.681219518 0.0161356367 0.731901407
vn -0.62088418 0.0794877633 0.779861927
vn -0.550601959 0.157304436 0.819812655
vn -0.723678827 -0.0580632277 0.687690079
vn -0.647976995 -4.92986401e-05 0.761659861
vn -0.56635195 0.0801433399 0.820257604
vn -0.713005304 -0.142497465 0.686526
vn -0.629926205 -0.0808845684 0.772431672
vn -0.550995111 0.000482180039 0.8345083
vn -0.422079027 -0.352909386 0.835047364
vn -0.394609392 -0.211891919 0.8940835
vn -0.365502089 -0.116009675 0.923552871
vn -0.07986819 -0.482227385 0.872397721
vn -0.154489949 -0.255727291 0.95432502
vn -0.184234247 -0.132805899 0.973868787
vn 0.214393944 -0.457386047 0.863037229
vn 0.154850796 -0.282529861 0.946677446
vn 0.041416537 -0.117557004 0.992202163
vn 0.532420576 0.0126181338 0.846385956
vn 0.624418437 -0.0269316994 0.780625641
vn 0.696968198 -0.0655976236 0.714095473
vn 0.49773252 0.0328772776 0.866707265
vn 0.583354294 0.00555184903 0.812198818
vn 0.662014902 -0.0136513524 0.749366224
vn 0.484575868 0.0645919293 0.872361183
vn 0.583600879 0.0303090941 0.81147486
vn 0.656923115 0.00301798177 0.753951609
vn 0.811140895 -0.110754982 0.574267983
vn 0.861021221 -0.116162807 0.495124876
vn 0.904862106 -0.114410505 0.410042346
vn 0.792465031 -0.0649856925 0.606445372
vn 0.845720291 -0.0877874419 0.526355982
vn 0.889648199 -0.103090249 0.444857925
vn 0.758765161 -0.0355030522 0.650395989
vn 0.818023086 -0.0413880385 0.573694348
vn 0.865972579 -0.0728939548 0.4947505
vn 0.962786555 -0.117633492 0.243319437
vn 0.961289287 -0.141641945 0.236347914
vn 0.920856237 -0.266585469 0.284527689
vn 0.938232362 -0.155158788 0.309266478
vn 0.922348976 -0.248470962 0.295862436
vn 0.785631657 -0.458138168 0.415803343
vn 0.901712179 -0.181972265 0.392175168
vn 0.856060445 -0.304374039 0.417752355
vn 0.673122644 -0.520309031 0.525532544
vn 0.392414451 0.267778933 0.879946172
vn 0.477622837 0.222509459 0.849921167
vn 0.565947592 0.169796973 0.80676657
vn 0.349912494 0.370596677 0.860359907
vn 0.427614868 0.331051737 0.841160119
vn 0.514077544 0.280483633 0.810588181
vn 0.312821329 0.425462812 0.849190295
vn 0.37687391 0.397845715 0.836471677
vn 0.454959244 0.360205889 0.81441015
vn 0.724257708 0.0586780608 0.68702817
vn 0.778998315 -0.000435489259 0.627025843
vn 0.822058916 -0.0376734585 0.568154693
vn 0.67888397 0.161005571 0.71637547
vn 0.735008299 0.0986995474 0.67083621
vn 0.771238804 0.030971935 0.635791957
vn 0.62019974 0.264505476 0.738504648
vn 0.678790152 0.19729802 0.707331181
vn 0.714061022 0.12694186 0.68847847
vn 0.80412221 -0.142588571 0.577109933
vn 0.732713044 -0.225760058 0.64200002
vn 0.569926202 -0.331926972 0.751670539
vn 0.773914754 -0.111899622 0.623325288
vn 0.699069679 -0.173297673 0.693735957
vn 0.51535362 -0.234785378 0.824188292
vn 0.707553029 -0.0228901766 0.706289411
vn 0.633184433 -0.0971126184 0.767884552
vn 0.490940452 -0.150673896 0.858064532
vn -0.211435392 -0.00443034852 0.9773736
vn -0.224733323 -0.0113881845 0.974402964
vn -0.241809264 -0.0160973314 0.970155001
vn -0.152822912 0.0186584424 0.988044679
vn -0.178493425 0.0129104657 0.983885884
vn -0.209825933 0.00934566464 0.977682531
vn -0.121325053 0.0440041162 0.991588652
vn -0.155504107 0.0409020223 0.987029374
vn -0.194316685 0.0395851992 0.98015511
vn -0.28842479 -0.0191029403 0.957318008
vn -0.317084551 -0.0180535223 0.948223531
vn -0.348239034 -0.0153017025 0.937293231
vn -0.286227465 0.00826629251 0.958078802
vn -0.328790516 0.00948018488 0.944329321
vn -0.371989787 0.0117739756 0.928179741
vn -0.280368537 0.0418634526 0.958993673
vn -0.325020343 0.0439370424 0.944666505
vn -0.368607014 0.0462230556 0.928414404
vn -0.414163858 -0.00609971303 0.910211325
vn -0.447275788 -0.00116717943 0.894423485
vn -0.479613841 0.00370948762 0.877511382
vn -0.454719365 0.0184226371 0.890431464
vn -0.492432266 0.0218131728 0.870061219
vn -0.52692014 0.0248716306 0.849488437
vn -0.448296845 0.0508403592 0.892496824
vn -0.48295331 0.0527509078 0.874055088
vn -0.513807774 0.0542724058 0.856196105
vn -0.540149093 0.013354552 0.841441333
vn -0.567780674 0.0187599678 0.822970629
vn -0.593275607 0.0246453453 0.804540932
vn -0.585832357 0.0309321042 0.809813976
vn -0.610203505 0.0348086767 0.791515529
vn -0.631407499 0.0392428488 0.774446309
vn -0.564226508 0.0569637455 0.82360673
vn -0.583933532 0.0591318756 0.809647083
vn -0.600220501 0.062164966 0.797436118
vn -0.637832999 0.0358149931 0.769345224
vn -0.656455576 0.0380431153 0.753376186
vn -0.672515571 0.0373882018 0.739114404
vn -0.664923906 0.0481145792 0.745358169
vn -0.677625954 0.0494788587 0.733694077
vn -0.688077092 0.0477529168 0.724050164
vn -0.623816311 0.0684873909 0.77858597
vn -0.631694376 0.0690098777 0.77215147
vn -0.637639165 0.0667620823 0.767446637
vn -0.697331786 0.029930016 0.716180205
vn -0.706742764 0.026310524 0.707015038
vn -0.714934766 0.0233500283 0.698820174
vn -0.703320742 0.0384851545 0.709870338
vn -0.708818793 0.0343315303 0.704485297
vn -0.713628829 0.0313980915 0.699854732
vn -0.64557755 0.056638293 0.761554539
vn -0.648364544 0.0523073561 0.759509921
vn -0.650765657 0.0495549589 0.757728219
vn -0.101137519 0.0988556817 0.989916444
vn -0.136594668 0.096344687 0.98597461
vn -0.168323696 0.0959170982 0.981043339
vn -0.0499643721 0.12824747 0.990489423
vn -0.0746354535 0.123430625 0.989573598
vn -0.0933481455 0.12094564 0.988282561
vn 0.0490785502 0.150748283 0.98730737
vn 0.0454804227 0.143650606 0.988557279
vn 0.0483064055 0.13862367 0.989178896
vn -0.219248354 0.100308217 0.970468938
vn -0.238593549 0.10343498 0.965579629
vn -0.254142135 0.106320575 0.961248636
vn -0.112761199 0.121559322 0.986156821
vn -0.114298612 0.123322897 0.985744536
vn -0.111558013 0.125401318 0.985782325
vn 0.0710454956 0.134042889 0.988462567
vn 0.0896287039 0.133508027 0.987019837
vn 0.11131724 0.133853599 0.984705925
vn -0.275993973 0.111572996 0.954641819
vn -0.282820165 0.113675125 0.952428401
vn -0.28736499 0.115115471 0.95091176
vn -0.0965205431 0.12996991 0.986771286
vn -0.0857951045 0.132128164 0.987495601
vn -0.0735772401 0.133822963 0.988211155
vn 0.160413116 0.136377111 0.97763598
vn 0.185831547 0.137689814 0.972933769
vn 0.211112067 0.138967946 0.967517972
vn -0.290400654 0.117524952 0.949626863
vn -0.289143384 0.119381852 0.949823439
vn -0.286250323 0.121834241 0.950369
vn -0.0463789217 0.137049094 0.98950547
vn -0.0319335014 0.139079556 0.989769161
vn -0.0170095079 0.141646087 0.989790022
vn 0.259790838 0.141643003 0.955215812
vn 0.282784253 0.143556744 0.948404908
vn 0.304745138 0.145938948 0.941169918
vn -0.275474012 0.126997054 0.952869296
vn -0.26822108 0.127367452 0.954947233
vn -0.260308146 0.125456542 0.957321823
vn 0.0138199553 0.146660417 0.989117384
vn 0.0291978493 0.14698489 0.988705158
vn 0.0445616655 0.145062804 0.988462687
vn 0.345300317 0.150144696 0.926422954
vn 0.364052743 0.149894536 0.919268072
vn 0.381888002 0.147396833 0.91234076
vn -0.244647071 0.117220305 0.962456405
vn -0.237226784 0.11396464 0.96476388
vn -0.229970604 0.112241618 0.966684997
vn 0.074104555 0.136918902 0.987836719
vn 0.0883836299 0.133728668 0.9870556
vn 0.102579921 0.132106349 0.985916376
vn 0.415345907 0.13778922 0.899156272
vn 0.431327254 0.13381429 0.892231464
vn 0.446956038 0.131388038 0.884803414
vn 0.312459439 0.13656047 0.940024912
vn 0.359767348 0.125244677 0.924640775
vn 0.407731354 0.116273202 0.905694962
vn 0.379577547 0.101216808 0.919553697
vn 0.432538062 0.0891714916 0.897161603
vn 0.483717889 0.0802615434 0.871568799
vn 0.385387361 0.0615696982 0.920698464
vn 0.430885226 0.0522246771 0.900951684
vn 0.475100875 0.0439724624 0.878834128
vn 0.49904263 0.104316801 0.860314548
vn 0.540386677 0.100760549 0.835314155
vn 0.57846415 0.0985407233 0.809701025
vn 0.57599771 0.0701033026 0.814444363
vn 0.616043091 0.0676165596 0.784834325
vn 0.652064085 0.0668196827 0.755160391
vn 0.557133377 0.0368327163 0.829566777
vn 0.594243586 0.0361637659 0.803442001
vn 0.628842473 0.0369598567 0.776722789
vn 0.644329071 0.0977893323 0.758405566
vn 0.672543406 0.09810967 0.733603179
vn 0.697814643 0.0987267941 0.709409654
vn 0.713519514 0.0685812607 0.697251022
vn 0.73948139 0.0699989125 0.669482112
vn 0.762774527 0.0715765357 0.642709851
vn 0.690442681 0.0419434011 0.722154438
vn 0.717730343 0.0448463596 0.69483155
vn 0.742971003 0.0476536341 0.667666852
vn 0.741298556 0.100518949 0.663694263
vn 0.759833872 0.102186598 0.642005265
vn 0.776675344 0.104168311 0.621203601
vn 0.802721381 0.0749959052 0.591651559
vn 0.819835126 0.0772086456 0.567350209
vn 0.835237265 0.0798359886 0.54401356
vn 0.787281871 0.0532325245 0.614295363
vn 0.806631386 0.0563760661 0.588267624
vn 0.824495912 0.0598016828 0.562768638
vn 0.805618644 0.107991889 0.582501531
vn 0.81798476 0.107459396 0.565190732
vn 0.828940809 0.104891971 0.549422204
vn 0.86188215 0.0848050341 0.50006026
vn 0.873064518 0.0851628557 0.480048329
vn 0.882922053 0.0836336985 0.462043494
vn 0.855484605 0.0662920848 0.513547003
vn 0.868760407 0.0677247122 0.490495712
vn 0.880408466 0.0677056462 0.469379783
vn 0.846722901 0.0953983143 0.523431361
vn 0.853734553 0.0914400294 0.512634456
vn 0.860010922 0.0886702314 0.502540648
vn 0.898197889 0.0769558921 0.432698011
vn 0.904005885 0.0739111528 0.421050429
vn 0.908964992 0.0719061643 0.410604715
vn 0.898798406 0.0643232018 0.433701217
vn 0.905811548 0.0624913871 0.418947011
vn 0.9119609 0.0610002987 0.405640602
vn 0.273119777 0.013424865 0.961886346
vn 0.29750067 0.00454030419 0.954710782
vn 0.31981045 -0.00119972718 0.947480798
vn 0.26447475 0.000389613007 0.964392543
vn 0.283132404 -0.0128866713 0.95899421
vn 0.307086796 -0.0144794974 0.951571345
vn 0.338057339 -0.0121365227 0.941047311
vn 0.356009752 -0.0288851466 0.934035838
vn 0.377443612 -0.033776667 0.92541647
vn 0.352235138 -0.00707954634 0.93588227
vn 0.371642798 -0.00851619057 0.928294957
vn 0.394498765 -0.00837037805 0.918876588
vn 0.33230257 -0.0171286166 0.943017185
vn 0.339086175 -0.0186532401 0.940545619
vn 0.348794401 -0.0212175995 0.936947286
vn 0.416138321 -0.01974326 0.909086943
vn 0.411371112 -0.0226876009 0.911185622
vn 0.406691402 -0.0245111659 0.91320318
vn 0.449335843 -0.00418763049 0.893391669
vn 0.47993505 -0.00113346335 0.877314448
vn 0.511677563 0.00234376988 0.859207153
vn 0.38094008 -0.02203664 0.924311161
vn 0.402646303 -0.0208465215 0.915094376
vn 0.427143842 -0.0188910384 0.904034019
vn 0.40560329 -0.0313889198 0.913479209
vn 0.411399186 -0.0328768194 0.910882831
vn 0.420730919 -0.0331750512 0.906532764
vn 0.575773478 0.0103043523 0.817544401
vn 0.60705322 0.0148583101 0.794552803
vn 0.637393594 0.0195953399 0.770309627
vn 0.481317371 -0.0125572728 0.876419187
vn 0.509942532 -0.00849546492 0.860168338
vn 0.53916496 -0.00390828401 0.842177033
vn 0.448186874 -0.0301472116 0.893393278
vn 0.465642124 -0.0275073405 0.884580314
vn 0.485288113 -0.0242628902 0.874085903
vn 0.694658399 0.0293142647 0.718704879
vn 0.721042454 0.0330253094 0.692167461
vn 0.745419025 0.0358914547 0.665676653
vn 0.598069012 0.00559475832 0.801377237
vn 0.626933157 0.00983215123 0.778962791
vn 0.654790163 0.013496317 0.755688369
vn 0.530252039 -0.0169211235 0.847619593
vn 0.55477339 -0.0131211206 0.831912994
vn 0.579656303 -0.00944794528 0.81481576
vn 0.787745059 0.0389023684 0.614871502
vn 0.805820286 0.0393284261 0.590855956
vn 0.822442889 0.0388704166 0.567539334
vn 0.705588877 0.0188200101 0.708366811
vn 0.728496075 0.0201276485 0.684745252
vn 0.749891043 0.0202708934 0.661335409
vn 0.627867639 -0.00296877301 0.77829951
vn 0.650529742 -0.00106968207 0.759442151
vn 0.67227155 -0.000340756611 0.740288019
vn 0.194849521 0.592038751 0.781999886
vn 0.182353035 0.663745821 0.725388765
vn 0.172479048 0.722757399 0.669233024
vn 0.169745028 0.584350228 0.793549955
vn 0.162846312 0.649813294 0.742444515
vn 0.158493727 0.703917444 0.692372739
vn 0.143274277 0.573588669 0.80651623
vn 0.139489487 0.632702172 0.761728704
vn 0.139050931 0.681145966 0.718822062
vn 0.146965235 0.799426079 0.582511127
vn 0.164584592 0.837678552 0.520774961
vn 0.21629025 0.872729957 0.437676936
vn 0.176888123 0.775191247 0.606456101
vn 0.199437454 0.788129151 0.582303345
vn 0.263697714 0.807359815 0.527857542
vn 0.171083212 0.750353754 0.638513684
vn 0.199073419 0.757196844 0.62211138
vn 0.249262199 0.754130781 0.607581496
vn 0.101110652 0.552809417 0.827150762
vn 0.0986000076 0.601239324 0.792962432
vn 0.0982959867 0.639478087 0.762499571
vn 0.10619548 0.545005143 0.831680179
vn 0.103475019 0.589656711 0.800997972
vn 0.101754829 0.625018775 0.773949325
vn 0.109793894 0.538494229 0.835445642
vn 0.106659375 0.581503391 0.806521952
vn 0.103686087 0.615908682 0.780964553
vn 0.118423969 0.681001544 0.722642958
vn 0.135727286 0.694508612 0.706566155
vn 0.151242226 0.709109664 0.688686728
vn 0.111150324 0.65942359 0.743509412
vn 0.119853407 0.669953823 0.732664347
vn 0.127440855 0.681564271 0.720575452
vn 0.104649477 0.647634566 0.754730403
vn 0.107001446 0.656401336 0.746785164
vn 0.10866411 0.666160166 0.73785007
vn 0.0820931122 0.539827526 0.83771646
vn 0.0711013526 0.583001971 0.809368074
vn 0.0618481338 0.61740315 0.784208536
vn 0.0521682203 0.547810853 0.835014343
vn 0.0384267867 0.591318369 0.805539489
vn 0.026862653 0.625464499 0.779780447
vn 0.00656903954 0.555763721 0.831265152
vn -0.00754443696 0.599795341 0.800159514
vn -0.0199142564 0.634641409 0.772545516
vn 0.0476905629 0.648606777 0.759638846
vn 0.0418252386 0.657199025 0.7525509
vn 0.0367388278 0.666715026 0.74449271
vn 0.0042654979 0.656550109 0.754282117
vn -0.00717039313 0.665003836 0.746838987
vn -0.0167356674 0.674781203 0.737830579
vn -0.0511170924 0.668550372 0.741969526
vn -0.0696704388 0.677281022 0.732384443
vn -0.0853730589 0.687351346 0.72128737
vn -0.117976792 0.560693383 0.819526136
vn -0.127719536 0.607739449 0.783773482
vn -0.136600882 0.648762465 0.74860394
vn -0.174284115 0.558594227 0.810916722
vn -0.179153174 0.60874176 0.772856772
vn -0.182591215 0.654958427 0.733288109
vn -0.221310481 0.552664518 0.803513527
vn -0.219431862 0.606944799 0.763860106
vn -0.216007873 0.658948541 0.720471442
vn -0.172766715 0.701862335 0.690984905
vn -0.203844577 0.716801405 0.666805983
vn -0.237221107 0.728042245 0.643171072
vn -0.206473067 0.726221085 0.655709088
vn -0.236489341 0.752129376 0.615154386
vn -0.278675765 0.768520355 0.575972438
vn -0.221163139 0.751548231 0.621531069
vn -0.241370022 0.793212116 0.559149504
vn -0.285244673 0.824795425 0.488183588
vn 0.999184728 0.0216840897 -0.0340542458
vn 0.999525547 0.00453894679 -0.0304628331
vn 0.999042511 -0.0332841873 -0.028396992
vn 0.992457867 0.0276521612 -0.119426675
vn 0.993136048 -0.00885739829 -0.116629168
vn 0.989513636 -0.039519567 -0.138928175
vn 0.968402922 0.00747072883 -0.249278948
vn 0.967360735 -0.0267082006 -0.251991808
vn 0.958979607 -0.0673551932 -0.275356978
vn 0.992592573 -0.112696715 -0.0453805141
vn 0.988660216 -0.136930943 -0.0616513342
vn 0.985676527 -0.147051424 -0.0825692043
vn 0.977008522 -0.122033469 -0.174820408
vn 0.968618095 -0.147753268 -0.19987002
vn 0.960160911 -0.160415679 -0.228818238
vn 0.929875433 -0.134471223 -0.342416883
vn 0.914202094 -0.159685135 -0.372471869
vn 0.898721635 -0.172920778 -0.402986199
vn 0.983295321 -0.123263277 -0.133927405
vn 0.982933462 -0.0857656598 -0.162745252
vn 0.979378462 -0.056813132 -0.19388175
vn 0.945842028 -0.146441638 -0.289720237
vn 0.940551102 -0.118459344 -0.318325251
vn 0.932072103 -0.10051769 -0.34804827
vn 0.875620186 -0.164503679 -0.454123169
vn 0.870299816 -0.144637063 -0.470806122
vn 0.862383425 -0.134725869 -0.487999678
vn 0.961444795 -0.054659009 -0.26961273
vn 0.950794041 -0.0531308278 -0.305156499
vn 0.941407204 -0.0481818952 -0.333672643
vn 0.904476702 -0.0975923166 -0.415233731
vn 0.891128302 -0.0889806151 -0.445021957
vn 0.88107872 -0.0720968395 -0.467488796
vn 0.843644261 -0.126192838 -0.521962583
vn 0.836921334 -0.110900402 -0.535950243
vn 0.833697677 -0.0842463449 -0.545768201
vn 0.933699727 -0.0337473154 -0.356454462
vn 0.935149014 -0.0318227559 -0.352756858
vn 0.937417746 -0.0355313756 -0.346272916
vn 0.877502441 -0.0278935414 -0.478664786
vn 0.882635832 -0.0189786479 -0.469722122
vn 0.888501585 -0.023480162 -0.458282202
vn 0.837610245 -0.018005114 -0.54602766
vn 0.84292841 -0.0044655106 -0.538031161
vn 0.848170519 -0.0105519937 -0.529516339
vn 0.936515927 -0.0537731461 -0.346486419
vn 0.93209219 -0.0613147728 -0.356863707
vn 0.925856113 -0.0659295395 -0.372083426
vn 0.89121592 -0.0587580688 -0.449757814
vn 0.886573017 -0.0736247748 -0.456647754
vn 0.879385948 -0.0826075301 -0.46887666
vn 0.849134743 -0.0619402453 -0.52451694
vn 0.843387663 -0.0837030411 -0.530775964
vn 0.835173249 -0.0968202576 -0.541359127
vn 0.833854496 -0.106388316 -0.541634798
vn 0.800696671 -0.109305993 -0.589013577
vn 0.761659086 -0.112488821 -0.638139248
vn 0.715158939 -0.13100706 -0.686574697
vn 0.693885624 -0.143785492 -0.705583811
vn 0.654012263 -0.148497283 -0.741765857
vn 0.606816351 -0.143134043 -0.781848133
vn 0.594709098 -0.157869264 -0.788288236
vn 0.5749017 -0.166493818 -0.801104069
vn 0.697787166 -0.154714748 -0.699397087
vn 0.670813203 -0.161060765 -0.723926127
vn 0.654864252 -0.164045826 -0.737727344
vn 0.590795398 -0.159422666 -0.790914178
vn 0.572084963 -0.159865469 -0.804463685
vn 0.564876199 -0.151533186 -0.811142683
vn 0.538924932 -0.164197698 -0.826195538
vn 0.536495745 -0.15739724 -0.829094946
vn 0.544881225 -0.143212289 -0.826192856
vn 0.659753144 -0.14695935 -0.73697269
vn 0.680251241 -0.134219497 -0.720585406
vn 0.701441646 -0.128010303 -0.701136947
vn 0.594935 -0.118634313 -0.794970512
vn 0.624779284 -0.101376355 -0.774192274
vn 0.659511745 -0.0896705985 -0.746374488
vn 0.593694746 -0.0897509307 -0.799669623
vn 0.62386775 -0.0671799034 -0.778637111
vn 0.657675564 -0.0525401272 -0.75151819
vn 0.754651785 -0.108682841 -0.647093773
vn 0.7795735 -0.0906496719 -0.619708598
vn 0.799714267 -0.0644765347 -0.596926868
vn 0.731949687 -0.0691268966 -0.67793256
vn 0.764143407 -0.0552029945 -0.642696619
vn 0.788265407 -0.0384884998 -0.614153743
vn 0.724051237 -0.0273882262 -0.689201415
vn 0.751879215 -0.0186559595 -0.658936322
vn 0.771904111 -0.0128032872 -0.635612905
vn 0.816047013 -0.00727080042 -0.577919602
vn 0.813337922 0.000700891134 -0.581806839
vn 0.806546509 -0.0115453135 -0.590952337
vn 0.803871691 -0.00846280996 -0.594764173
vn 0.797257781 -0.00965517107 -0.603495657
vn 0.785491109 -0.0261194073 -0.618296802
vn 0.780540347 -0.0131231025 -0.62492609
vn 0.771008015 -0.0240373015 -0.636329949
vn 0.756630838 -0.0440535694 -0.652283788
vn 0.787160397 -0.0774636865 -0.611810148
vn 0.776697278 -0.104900345 -0.621036649
vn 0.766900241 -0.121275805 -0.630225122
vn 0.758582175 -0.0898922533 -0.645329833
vn 0.747464716 -0.115534149 -0.654141665
vn 0.738520741 -0.130941987 -0.661378562
vn 0.728494585 -0.101538718 -0.67741698
vn 0.719166696 -0.123549342 -0.683750153
vn 0.712981105 -0.136883393 -0.68762213
vn 0.453324318 -0.11883726 -0.883388281
vn 0.478185534 -0.134012669 -0.867974162
vn 0.504389167 -0.14474535 -0.851258039
vn 0.409834683 -0.0884058774 -0.907865644
vn 0.444530368 -0.0976434499 -0.89042604
vn 0.483150601 -0.10571257 -0.869131923
vn 0.388237089 -0.0564149581 -0.919831157
vn 0.422262728 -0.057555642 -0.904644549
vn 0.460778624 -0.0602376573 -0.885468543
vn 0.564432323 -0.145570561 -0.812542498
vn 0.598812699 -0.133551523 -0.789675415
vn 0.632585526 -0.106579386 -0.76712203
vn 0.566068828 -0.106164999 -0.817493141
vn 0.607808948 -0.0938250646 -0.788520753
vn 0.64894557 -0.0695088506 -0.757652998
vn 0.542637408 -0.0570867136 -0.838024914
vn 0.582941055 -0.0454024225 -0.811244965
vn 0.620883346 -0.0273343641 -0.783426285
vn 0.690858662 -0.044179827 -0.72163868
vn 0.706141531 -0.0262206793 -0.707674325
vn 0.717278838 -0.00985933095 -0.696787
vn 0.698690057 -0.0257871468 -0.714959502
vn 0.707348049 -0.0142717687 -0.706649125
vn 0.710857749 -0.00388619886 -0.703349411
vn 0.657373488 -0.00896744244 -0.753474951
vn 0.663156807 -0.0042013973 -0.748411119
vn 0.661750197 -0.00127057591 -0.749672115
vn 0.725381076 0.0120332586 -0.688224018
vn 0.723284185 0.0126644634 -0.690452039
vn 0.717666328 0.00495475531 -0.696288466
vn 0.699047208 0.0078169303 -0.715017617
vn 0.68617624 0.00510655623 -0.7274791
vn 0.671087384 -0.00437142421 -0.741328657
vn 0.640164554 -0.0022051048 -0.768189013
vn 0.623047173 -0.00767830946 -0.78217864
vn 0.605050683 -0.0171091426 -0.796034753
vn 0.697933197 -0.0299014095 -0.715518117
vn 0.685908496 -0.0501132347 -0.726001441
vn 0.67477107 -0.0708486363 -0.734617472
vn 0.642437458 -0.0390753187 -0.765326083
vn 0.631786227 -0.0573670641 -0.773074508
vn 0.62475729 -0.0746797547 -0.77717334
vn 0.577371597 -0.0449686758 -0.815267324
vn 0.570663333 -0.0589585938 -0.819084108
vn 0.568899393 -0.0718544647 -0.81929183
vn 0.66290313 -0.110170156 -0.740606248
vn 0.663327277 -0.124182522 -0.73803395
vn 0.666735113 -0.132754251 -0.733338833
vn 0.623741686 -0.104701072 -0.774583578
vn 0.629237831 -0.115201011 -0.768704414
vn 0.637241721 -0.122023821 -0.761019111
vn 0.57788974 -0.0937127769 -0.810751259
vn 0.587312698 -0.101489328 -0.802993953
vn 0.5987463 -0.106674746 -0.793766558
vn -0.675709009 -0.20508866 -0.708074749
vn -0.718618274 -0.218394399 -0.660296559
vn -0.765886486 -0.224177793 -0.602644086
vn -0.660132349 -0.201472238 -0.723667622
vn -0.709166408 -0.215221226 -0.67137593
vn -0.762089729 -0.220870197 -0.608667016
vn -0.644259334 -0.195085809 -0.739544749
vn -0.699721217 -0.209479347 -0.683069527
vn -0.758789539 -0.215164527 -0.614817917
vn -0.863492012 -0.210465193 -0.458381683
vn -0.906865478 -0.191092625 -0.375703901
vn -0.944153428 -0.163117319 -0.28640601
vn -0.868149102 -0.20445849 -0.452269554
vn -0.913636625 -0.182380229 -0.363391012
vn -0.951417089 -0.15175119 -0.267810166
vn -0.874269605 -0.194641992 -0.444705099
vn -0.921714306 -0.168935061 -0.349109888
vn -0.959435344 -0.134555981 -0.247594252
vn -0.992521882 -0.0837267935 -0.08932098
vn -0.999131918 -0.039202746 0.015867589
vn -0.99227351 -3.16388323e-05 0.124449424
vn -0.995649278 -0.0696890801 -0.0623452999
vn -0.998842597 -0.0265847463 0.0394294895
vn -0.990343153 0.00927395374 0.138031676
vn -0.99806875 -0.0497375168 -0.0364387147
vn -0.998128653 -0.0090082977 0.060791932
vn -0.988503039 0.0225712601 0.149249598
vn -0.610340834 -0.176688805 -0.772141933
vn -0.679552376 -0.192466915 -0.707851231
vn -0.753240645 -0.198280945 -0.627174139
vn -0.592284977 -0.167248264 -0.788127244
vn -0.668685794 -0.183357328 -0.720616817
vn -0.750306129 -0.189361811 -0.633417606
vn -0.574429572 -0.158579305 -0.803116083
vn -0.657399535 -0.17428267 -0.733075559
vn -0.746768177 -0.180646449 -0.640013754
vn -0.891044557 -0.168645024 -0.421512425
vn -0.94079113 -0.135063782 -0.310960233
vn -0.975317657 -0.0940336138 -0.199822769
vn -0.899457812 -0.159059837 -0.407114655
vn -0.949064791 -0.125708804 -0.288770765
vn -0.980964363 -0.0861839205 -0.174041018
vn -0.905950725 -0.15410395 -0.394237548
vn -0.954985917 -0.12491598 -0.269018799
vn -0.984248877 -0.0915509984 -0.151577204
vn -0.999920666 -0.00922931451 0.0111191683
vn -0.995122492 0.0236704908 0.0955655351
vn -0.985556901 0.0448461957 0.163311839
vn -0.999411583 -0.00960930251 0.0322334617
vn -0.993807912 0.0178501997 0.109685391
vn -0.985150397 0.0345118046 0.16809994
vn -0.99835062 -0.0295099467 0.0497986637
vn -0.992542028 -0.00812078174 0.12164969
vn -0.984945476 0.00475814985 0.172805861
vn -0.541743696 -0.142516598 -0.828344285
vn -0.636065483 -0.156141102 -0.75563103
vn -0.737501085 -0.16323024 -0.655352294
vn -0.528248787 -0.134798542 -0.838262856
vn -0.626861572 -0.146719053 -0.765185237
vn -0.731938243 -0.153783366 -0.663777053
vn -0.517020583 -0.127191752 -0.846487045
vn -0.618968844 -0.137370452 -0.773298323
vn -0.726511121 -0.143793032 -0.671978116
vn -0.909919381 -0.154110119 -0.384992391
vn -0.957291365 -0.142360196 -0.251460612
vn -0.982893169 -0.129648209 -0.130981103
vn -0.907813191 -0.152807489 -0.390527844
vn -0.955141604 -0.148848891 -0.256160855
vn -0.980166197 -0.14483647 -0.135132402
vn -0.903996944 -0.148582637 -0.400926739
vn -0.951809883 -0.150303423 -0.267492175
vn -0.977449775 -0.152355984 -0.146419212
vn -0.991990328 -0.106724292 0.0667674318
vn -0.985966444 -0.0976346806 0.135653719
vn -0.979014397 -0.088921465 0.183573082
vn -0.9885391 -0.136686593 0.0647580028
vn -0.981935203 -0.131317079 0.136489108
vn -0.974281669 -0.123495303 0.188385919
vn -0.986514628 -0.153221831 0.0578284562
vn -0.979516685 -0.149951026 0.134328887
vn -0.970958054 -0.142255977 0.192457885
vn -0.501870751 -0.112249784 -0.857678235
vn -0.608795583 -0.118465722 -0.784440815
vn -0.717344165 -0.122915193 -0.685827076
vn -0.497817099 -0.105067134 -0.860907197
vn -0.606234789 -0.10969431 -0.787722349
vn -0.713709712 -0.113273792 -0.691173434
vn -0.495663494 -0.0980387554 -0.862998545
vn -0.605067968 -0.101432316 -0.789628744
vn -0.710682094 -0.104470707 -0.69567436
vn -0.893351495 -0.133444563 -0.429114699
vn -0.943410754 -0.141026288 -0.300040931
vn -0.972650886 -0.148403183 -0.17891717
vn -0.886864007 -0.125912324 -0.44459039
vn -0.938223541 -0.135458604 -0.318291932
vn -0.96988833 -0.143954411 -0.196518078
vn -0.879505575 -0.11936219 -0.460651428
vn -0.932373226 -0.130643964 -0.337201297
vn -0.966827691 -0.139702559 -0.213946998
vn -0.987371027 -0.153641924 0.0380240567
vn -0.98068583 -0.149651781 0.126011088
vn -0.970041633 -0.140535876 0.198217332
vn -0.988694191 -0.146715343 0.0291381311
vn -0.982545137 -0.139920294 0.122653015
vn -0.971168637 -0.128627926 0.200562418
vn -0.990174115 -0.137727991 0.0227208287
vn -0.98454994 -0.126317769 0.121586815
vn -0.972755492 -0.11133945 0.203534499
vn -0.496000499 -0.0843184516 -0.864261329
vn -0.60549438 -0.0861984938 -0.791203856
vn -0.705049515 -0.0892748982 -0.703487575
vn -0.497442126 -0.0770928711 -0.864029884
vn -0.606071293 -0.0793430954 -0.791468501
vn -0.702109635 -0.0828888938 -0.70721674
vn -0.498675436 -0.0696005672 -0.863941967
vn -0.606215596 -0.0727288723 -0.791932821
vn -0.698911965 -0.0772295371 -0.710988879
vn -0.862367034 -0.108544789 -0.494562835
vn -0.918392003 -0.122139022 -0.376290858
vn -0.960000336 -0.131115675 -0.247541994
vn -0.853102982 -0.1029943 -0.511538208
vn -0.911016405 -0.116624095 -0.395706385
vn -0.956651151 -0.124656104 -0.263103962
vn -0.844061255 -0.0972718447 -0.527377963
vn -0.903773785 -0.109781511 -0.413757533
vn -0.953724444 -0.116251513 -0.277272224
vn -0.993237019 -0.113751106 0.0210686382
vn -0.987335205 -0.090341419 0.130113423
vn -0.974605083 -0.0662244186 0.213781551
vn -0.994598925 -0.100492992 0.0259013996
vn -0.987514317 -0.0725831389 0.139883235
vn -0.974025548 -0.0458132289 0.221534088
vn -0.995488226 -0.0890303776 0.0328174159
vn -0.986788988 -0.0562034845 0.15194957
vn -0.972755373 -0.0254084375 0.230437681
vn -0.49816972 -0.0553066619 -0.865274549
vn -0.603022516 -0.0615685061 -0.795407355
vn -0.690680563 -0.0684528872 -0.719912946
vn -0.495382965 -0.0505504608 -0.867236853
vn -0.598601103 -0.0580103286 -0.798910201
vn -0.684880197 -0.0656967908 -0.725699246
vn -0.490530044 -0.0480705202 -0.870084107
vn -0.591889083 -0.0563011616 -0.804045498
vn -0.677267551 -0.0637096241 -0.732973099
vn -0.828555703 -0.0858253092 -0.553314269
vn -0.891165137 -0.0937650353 -0.443883866
vn -0.95307833 -0.0898371264 -0.289086461
vn -0.821224868 -0.0811133459 -0.564810038
vn -0.88918817 -0.0837242454 -0.449816287
vn -0.966678858 -0.0479731038 -0.251457244
vn -0.814870954 -0.075834237 -0.57466042
vn -0.897598267 -0.0635595918 -0.436208129
vn -0.966198266 -0.0404455848 -0.254607618
vn -0.994048715 0.0439378619 0.0996826068
vn -0.971083999 0.113365397 0.210104823
vn -0.955903292 0.158898577 0.246981964
vn -0.984034121 0.0743009523 0.16172874
vn -0.954652667 0.155165181 0.254090875
vn -0.942107856 0.206326962 0.264314443
vn -0.979870737 0.0225053243 0.198360026
vn -0.95368433 0.0737686902 0.291623861
vn -0.951811135 0.0989300087 0.290290326
vn -0.340421051 0.937518835 -0.0724938214
vn -0.36233893 0.898608804 -0.24746044
vn -0.380941808 0.831026256 -0.405299604
vn -0.362065464 0.930663407 -0.0531107821
vn -0.38678968 0.894588172 -0.223826781
vn -0.412076533 0.827276349 -0.381956726
vn -0.380081385 0.923887908 -0.0443276241
vn -0.409064204 0.886889815 -0.214567259
vn -0.435624778 0.818713665 -0.374088585
vn -0.390703946 0.919470787 -0.0438602157
vn -0.415888101 0.882501841 -0.219607726
vn -0.43107 0.814971149 -0.387299329
vn -0.388708144 0.920372128 -0.0426737964
vn -0.407279432 0.886741638 -0.218661204
vn -0.41332534 0.823261797 -0.389104366
vn -0.428284377 0.902598798 -0.043449264
vn -0.444691658 0.868501604 -0.218984887
vn -0.449608535 0.802692115 -0.39183867
vn -0.670758247 0.74145937 -0.0179290809
vn -0.679648042 0.709428549 -0.186519697
vn -0.668185294 0.650213659 -0.361594617
vn -0.78462714 0.619963646 0.00233207457
vn -0.790076673 0.592076778 -0.158820599
vn -0.772014141 0.541829109 -0.332288057
vn -0.861355186 0.507664442 0.0185518935
vn -0.865585506 0.482060224 -0.135572165
vn -0.845324755 0.438123018 -0.305735767
vn -0.411221594 0.596688807 -0.689148009
vn -0.415920824 0.463713497 -0.782277226
vn -0.417619377 0.344375432 -0.840835392
vn -0.449691832 0.59078902 -0.669855952
vn -0.457137883 0.454326779 -0.764564514
vn -0.462076217 0.33190012 -0.822360396
vn -0.475249559 0.577640593 -0.663622797
vn -0.485769153 0.437773436 -0.75655973
vn -0.495069027 0.312571615 -0.810682237
vn -0.436424881 0.576521277 -0.690765142
vn -0.430358112 0.437968552 -0.789288044
vn -0.426009148 0.311526895 -0.849392295
vn -0.398963362 0.579503536 -0.710636258
vn -0.394555956 0.428989172 -0.812584639
vn -0.400787115 0.28959614 -0.86919719
vn -0.423401207 0.544846952 -0.723790944
vn -0.408840537 0.385462672 -0.827204943
vn -0.40792051 0.239019826 -0.881175578
vn -0.547971368 0.405142397 -0.731838167
vn -0.465391397 0.245241687 -0.850451171
vn -0.405258566 0.0951194912 -0.909240186
vn -0.604439676 0.322572738 -0.728422582
vn -0.475392789 0.171308771 -0.862933934
vn -0.365170807 0.0251908377 -0.930599749
vn -0.645449698 0.245488882 -0.723277152
vn -0.471707523 0.107167378 -0.875218272
vn -0.304864883 -0.0299118701 -0.951925814
vn -0.421779752 0.160502926 -0.892386854
vn -0.425533533 0.0926473662 -0.900238276
vn -0.43139872 0.0407567583 -0.901209712
vn -0.475457519 0.145146966 -0.867727339
vn -0.485668063 0.077014707 -0.870729208
vn -0.499097854 0.0264805593 -0.866140902
vn -0.505843878 0.126479283 -0.853302479
vn -0.518037498 0.0584817491 -0.853356302
vn -0.537876666 0.00841139443 -0.842981577
vn -0.446814895 0.10044989 -0.888969183
vn -0.473381907 0.0136222113 -0.880751967
vn -0.521647811 -0.0343504213 -0.852469087
vn -0.441700608 0.0611507855 -0.895076156
vn -0.47445178 -0.0330913626 -0.879659295
vn -0.536927879 -0.0820313394 -0.839630425
vn -0.447805226 0.000781269569 -0.894130826
vn -0.482694924 -0.0992254615 -0.870149374
vn -0.560992897 -0.146759987 -0.814707577
vn -0.381450236 -0.160764813 -0.910302341
vn -0.40447706 -0.272977114 -0.872858405
vn -0.521280885 -0.319470108 -0.791331112
vn -0.262307227 -0.232993722 -0.93643415
vn -0.263055712 -0.348015398 -0.89982599
vn -0.377895445 -0.409558743 -0.830335259
vn -0.099340111 -0.277892649 -0.9554618
vn -0.0717997774 -0.389160484 -0.918367565
vn -0.136888504 -0.475369573 -0.869071484
vn -0.450820863 -0.0190389771 -0.892427921
vn -0.462556779 -0.0349779874 -0.88583833
vn -0.473795772 -0.044064261 -0.87957412
vn -0.530738652 -0.0313165188 -0.84695673
vn -0.551833689 -0.0455359332 -0.832710087
vn -0.569574893 -0.0529873297 -0.820229769
vn -0.573278844 -0.0495495647 -0.817860782
vn -0.612278402 -0.0627011806 -0.788152099
vn -0.646560729 -0.0644270331 -0.760137141
vn -0.613284111 -0.135800004 -0.778100908
vn -0.691035211 -0.153788909 -0.70627147
vn -0.76679945 -0.122811809 -0.630028486
vn -0.645385504 -0.204565868 -0.735955358
vn -0.735470057 -0.223637238 -0.639585972
vn -0.832590282 -0.160665765 -0.53007549
vn -0.671566725 -0.294833362 -0.679758251
vn -0.774659157 -0.314714789 -0.548504889
vn -0.900105357 -0.192313001 -0.390929937
vn -0.508945346 -0.631867528 -0.584566593
vn -0.785745442 -0.542360306 -0.297404379
vn -0.96375221 -0.252701819 -0.0855769217
vn -0.313133299 -0.809802413 -0.496152908
vn -0.292879254 -0.77030921 -0.566432357
vn -0.94364208 -0.330545664 -0.016701702
vn -0.159470946 -0.77828902 -0.607317984
vn -0.212584868 -0.801851094 -0.558428466
vn -0.417737186 -0.799928784 -0.43082431
vn 0.967970133 -0.139225349 -0.208926246
vn 0.988401353 -0.0363405235 -0.147452652
vn 0.974426806 -0.042716857 -0.220607653
vn 0.889550149 -0.309727222 -0.335812002
vn 0.961241364 -0.133569703 -0.24119319
vn 0.944232941 -0.083069928 -0.318627626
vn 0.732356191 -0.430936605 -0.527207732
vn 0.890074909 -0.217539877 -0.400553495
vn 0.888824105 -0.136008576 -0.43759957
vn 0.446745545 -0.447578073 -0.774656177
vn 0.676407039 -0.287924498 -0.677918017
vn 0.712632895 -0.186921358 -0.676176548
vn 0.32652396 -0.379017621 -0.865868151
vn 0.55504632 -0.252556711 -0.792551994
vn 0.604430914 -0.14944239 -0.782515466
vn 0.249674052 -0.262027055 -0.932204247
vn 0.441840827 -0.167684793 -0.88128233
vn 0.491434157 -0.0708005354 -0.868032157
vn 0.226447314 0.101594113 -0.968710542
vn 0.306504518 0.156940565 -0.938842118
vn 0.322041839 0.220384553 -0.920716941
vn 0.275355905 0.309034944 -0.910316706
vn 0.295950711 0.352334768 -0.887847662
vn 0.284878224 0.402885675 -0.869785964
vn 0.342298865 0.509419322 -0.789508402
vn 0.316401005 0.550079644 -0.772853673
vn 0.279404789 0.590218186 -0.757347643
vn 0.452765763 0.772853315 -0.444635779
vn 0.381029606 0.814164221 -0.438124537
vn 0.314363152 0.84488374 -0.432836384
vn 0.482822299 0.826868773 -0.288393557
vn 0.40517208 0.869805932 -0.281555057
vn 0.33329019 0.901435494 -0.276281804
vn 0.504298985 0.852911413 -0.134998962
vn 0.422630638 0.897765636 -0.124097891
vn 0.346694142 0.930870295 -0.115254328
vn 0.810474277 -0.100919388 -0.577015281
vn 0.687650025 -0.114787988 -0.716910839
vn 0.572241068 -0.111129284 -0.81252104
vn 0.757759035 -0.118431389 -0.641697109
vn 0.62835604 -0.121113926 -0.768440008
vn 0.517046154 -0.105463736 -0.849435568
vn 0.676441133 -0.138991609 -0.723262727
vn 0.543141365 -0.129761249 -0.829553843
vn 0.44332099 -0.103359573 -0.89038378
vn 0.481848955 -0.105305068 -0.869903743
vn 0.362036586 -0.0729966238 -0.929301322
vn 0.298320234 -0.0398042165 -0.953635454
vn 0.396556675 -0.0366981365 -0.917276502
vn 0.296797842 -0.00427305698 -0.954930782
vn 0.250774652 0.0227223039 -0.967778802
vn 0.324534059 0.0587941296 -0.944044888
vn 0.249259397 0.0937489942 -0.963888407
vn 0.2192 0.118228741 -0.968490303
vn 0.229182303 0.325659841 -0.917290092
vn 0.191994041 0.353057504 -0.915690362
vn 0.180063143 0.370251685 -0.911312759
vn 0.207453385 0.482343554 -0.851062775
vn 0.17906864 0.502825797 -0.845636308
vn 0.167385712 0.515904188 -0.840133786
vn 0.203221977 0.644766092 -0.73687017
vn 0.176531047 0.658101201 -0.731942356
vn 0.160160854 0.666348755 -0.728236198
vn 0.225597903 0.874971509 -0.42840454
vn 0.194997445 0.881496608 -0.430046022
vn 0.169482708 0.885042429 -0.433561742
vn 0.237986952 0.93220824 -0.272671878
vn 0.205868989 0.939182222 -0.274872124
vn 0.180068985 0.943050206 -0.27969873
vn 0.244812503 0.963561714 -0.107776418
vn 0.212229878 0.971092582 -0.109259441
vn 0.188273713 0.975457132 -0.114178069
vn 0.403137982 -0.0849992409 -0.911183178
vn 0.359106809 -0.0719346926 -0.930520117
vn 0.342084408 -0.059171021 -0.937804461
vn 0.37646988 -0.0699033067 -0.923787773
vn 0.342450112 -0.0607393347 -0.937570572
vn 0.328662902 -0.0532351732 -0.942945719
vn 0.348588556 -0.0544520393 -0.935692787
vn 0.328065604 -0.0434682965 -0.943654358
vn 0.317287892 -0.0367209427 -0.947618067
vn 0.293769836 0.0129372273 -0.955788672
vn 0.296483576 0.0264498182 -0.954671562
vn 0.289025456 0.0361618586 -0.956638157
vn 0.269889116 0.0681805536 -0.960474432
vn 0.276416391 0.0843472332 -0.957329333
vn 0.267269909 0.0966573954 -0.958761811
vn 0.248030528 0.156934708 -0.955956221
vn 0.253175437 0.172950879 -0.951835155
vn 0.239619255 0.185554802 -0.952970147
vn 0.202564761 0.398860633 -0.894358754
vn 0.200671628 0.413084269 -0.888308644
vn 0.182730272 0.421598881 -0.888180196
vn 0.175819084 0.539472878 -0.823442042
vn 0.171636492 0.550458074 -0.817029297
vn 0.15791972 0.553853393 -0.81750083
vn 0.15023382 0.680618346 -0.717069268
vn 0.145696938 0.685334921 -0.713504374
vn 0.140927717 0.68185401 -0.717784405
vn 0.136142716 0.886101604 -0.443045378
vn 0.1320384 0.882519841 -0.451358438
vn 0.141653523 0.872982442 -0.466728777
vn 0.147052988 0.943864107 -0.295797139
vn 0.142395705 0.940364063 -0.308931798
vn 0.153023168 0.932271242 -0.327802211
vn 0.16485393 0.977310717 -0.13299261
vn 0.164577246 0.97534734 -0.147009447
vn 0.168432027 0.972467482 -0.161050871
vn -0.277123034 -0.0345949009 -0.960238278
vn -0.209097475 -0.0312180631 -0.977379143
vn -0.176409945 -0.0285578426 -0.983866811
vn -0.277456373 -0.0383249 -0.960010648
vn -0.209327266 -0.0346889086 -0.977185845
vn -0.179234922 -0.0313158929 -0.983297288
vn -0.27805686 -0.0441872627 -0.959582806
vn -0.210832357 -0.0399311818 -0.97674644
vn -0.183589369 -0.0353224948 -0.982364953
vn -0.281415433 -0.060216181 -0.957651794
vn -0.21886915 -0.05349705 -0.974314928
vn -0.198132306 -0.0455165878 -0.979087234
vn -0.285018861 -0.067351386 -0.956152678
vn -0.225857526 -0.0594352856 -0.972380698
vn -0.208740264 -0.0498494282 -0.976677001
vn -0.290072024 -0.0733302161 -0.954184115
vn -0.234922394 -0.063970387 -0.969895422
vn -0.221290961 -0.0530414768 -0.973719358
vn -0.305816591 -0.0821216553 -0.94857502
vn -0.25860551 -0.0701385587 -0.963398576
vn -0.25142318 -0.0566422306 -0.966194332
vn -0.316535503 -0.085991472 -0.944664955
vn -0.273033947 -0.0725608468 -0.959255397
vn -0.268438607 -0.0580957793 -0.961551428
vn -0.329090446 -0.089637816 -0.940034688
vn -0.289047658 -0.0748892128 -0.954327822
vn -0.286552608 -0.0593108758 -0.956193984
vn -0.360233247 -0.0967872217 -0.927871823
vn -0.325516731 -0.0792449638 -0.942177653
vn -0.325739354 -0.0618063882 -0.943398356
vn -0.378721356 -0.100408666 -0.920087457
vn -0.346008539 -0.081268087 -0.934687555
vn -0.34688592 -0.0626897663 -0.935814023
vn -0.399411887 -0.104189448 -0.910851836
vn -0.368173569 -0.0833200589 -0.926069319
vn -0.369118422 -0.0634630993 -0.927224159
vn -0.446796179 -0.113083735 -0.887441337
vn -0.417596191 -0.0888013318 -0.904310882
vn -0.417283982 -0.0657375902 -0.90639174
vn -0.472867101 -0.11970637 -0.872954249
vn -0.44459489 -0.0938985944 -0.890779972
vn -0.44321093 -0.0693218783 -0.893727541
vn -0.499765903 -0.128064975 -0.856606126
vn -0.472706199 -0.100911207 -0.875415146
vn -0.470079333 -0.0749798939 -0.879411042
vn -0.554574728 -0.147375092 -0.819026291
vn -0.531149566 -0.118438661 -0.838958383
vn -0.526816547 -0.0897995085 -0.845259607
vn -0.582102299 -0.154340684 -0.798368812
vn -0.561304986 -0.125049666 -0.818101287
vn -0.556320727 -0.0954284593 -0.825424135
vn -0.60957104 -0.1586629 -0.776711285
vn -0.591626942 -0.129008666 -0.795887768
vn -0.586313426 -0.0989407673 -0.804092109
vn -0.190000862 -0.0158028714 -0.981615901
vn -0.210906416 -0.00369361741 -0.97753042
vn -0.234603852 0.00977035426 -0.97202754
vn -0.202470854 -0.0167443343 -0.979127526
vn -0.22585471 -0.0043215123 -0.974130213
vn -0.249233738 0.00927732419 -0.968355417
vn -0.215728104 -0.0182438791 -0.976244926
vn -0.240990311 -0.00522218831 -0.970514119
vn -0.263563484 0.00852681883 -0.964559615
vn -0.245430797 -0.0226732735 -0.969102621
vn -0.272951961 -0.00787758268 -0.962003648
vn -0.292619169 0.00647733221 -0.956161261
vn -0.262019932 -0.0242746789 -0.964796185
vn -0.289899975 -0.00897048507 -0.957069159
vn -0.307471037 0.00570578407 -0.951528549
vn -0.279603511 -0.0253739133 -0.959801435
vn -0.307225883 -0.00954489782 -0.951550841
vn -0.322489113 0.00519242557 -0.946578562
vn -0.316408843 -0.0261589084 -0.94824928
vn -0.342425376 -0.0100513408 -0.939468622
vn -0.352521837 0.00482161716 -0.935825288
vn -0.335222483 -0.0264967158 -0.941747844
vn -0.360017627 -0.0103727132 -0.932855606
vn -0.367511421 0.00443502236 -0.930028915
vn -0.354247928 -0.0269725975 -0.934767723
vn -0.377606064 -0.0106953159 -0.925930977
vn -0.382399082 0.00391777279 -0.923972428
vn -0.392304152 -0.0277892742 -0.919405162
vn -0.412459075 -0.0115979025 -0.9109146
vn -0.412335575 0.00300349784 -0.910978556
vn -0.411445469 -0.0277396571 -0.911004782
vn -0.429632187 -0.0115175359 -0.902957737
vn -0.427284092 0.00300359121 -0.904168904
vn -0.430645078 -0.0271682627 -0.902062953
vn -0.446779281 -0.0109158279 -0.894604683
vn -0.4420003 0.00340087735 -0.897032499
vn -0.469580948 -0.0261850618 -0.882554591
vn -0.480478197 -0.00971061923 -0.876945853
vn -0.470988572 0.00445633987 -0.882148802
vn -0.489289522 -0.0275964476 -0.871662199
vn -0.497295171 -0.0106782867 -0.867471814
vn -0.485098273 0.00355507922 -0.874451518
vn -0.509447694 -0.0307042152 -0.859896421
vn -0.514216959 -0.0132061346 -0.857570827
vn -0.499273032 0.00135034812 -0.866472483
vn -0.551423311 -0.0402688682 -0.833243668
vn -0.549038947 -0.0211057495 -0.835584342
vn -0.528096616 -0.00565112196 -0.849171281
vn -0.573338628 -0.0441286787 -0.818157077
vn -0.567156255 -0.0242776945 -0.823245823
vn -0.542992294 -0.00837606844 -0.839681268
vn -0.595640957 -0.0463061295 -0.801952839
vn -0.585591316 -0.0260326881 -0.810240984
vn -0.558181226 -0.00981338602 -0.829644382
vn -0.255489647 0.0320738666 -0.966241479
vn -0.207118303 0.038706407 -0.97754997
vn -0.0989674404 0.0417885296 -0.994212866
vn -0.263706237 0.0305916127 -0.96416235
vn -0.213138908 0.0364830531 -0.976340413
vn -0.10469304 0.0383286923 -0.993765712
vn -0.271535069 0.0291224234 -0.962027907
vn -0.218753591 0.0344757102 -0.97517091
vn -0.111420117 0.0357556194 -0.993129969
vn -0.286429256 0.0264759474 -0.957730949
vn -0.230377257 0.0308134519 -0.972586393
vn -0.125035375 0.0327430964 -0.991594732
vn -0.293499559 0.0254312288 -0.95557034
vn -0.235885158 0.0295599345 -0.971351802
vn -0.131999761 0.0314486846 -0.990777135
vn -0.300464004 0.0247884318 -0.953510284
vn -0.241268992 0.0288425423 -0.970019281
vn -0.138707802 0.0302951224 -0.989874542
vn -0.314804047 0.0242817774 -0.948839426
vn -0.251557887 0.0280885883 -0.967400312
vn -0.150536969 0.028838383 -0.988134801
vn -0.322179705 0.0240199454 -0.946332574
vn -0.256701231 0.0279106814 -0.966074347
vn -0.155292943 0.0281478614 -0.987462759
vn -0.329901844 0.0238775928 -0.943734169
vn -0.261839747 0.0277325809 -0.964739561
vn -0.159317613 0.0276146438 -0.986887097
vn -0.34664616 0.0234102942 -0.937689662
vn -0.272560418 0.0274923313 -0.96175462
vn -0.164900884 0.02649609 -0.985981524
vn -0.355567366 0.0234855004 -0.934356332
vn -0.278038234 0.0275667273 -0.960222423
vn -0.166468546 0.0261772145 -0.985652626
vn -0.364807963 0.0236793719 -0.930822313
vn -0.283616394 0.0276368074 -0.958558559
vn -0.167560622 0.0258743316 -0.985494196
vn -0.383046538 0.023937054 -0.923413217
vn -0.294505298 0.0275191627 -0.955251813
vn -0.168506011 0.0247764755 -0.985364974
vn -0.392026007 0.0228167139 -0.919658005
vn -0.299663007 0.0261430498 -0.95365262
vn -0.168462485 0.0229117461 -0.985489607
vn -0.400945961 0.0205144249 -0.91589886
vn -0.30479449 0.0235747676 -0.952162266
vn -0.168372318 0.0199816097 -0.985527098
vn -0.41850099 0.0139561277 -0.908166409
vn -0.314709038 0.0163315013 -0.94902426
vn -0.167770028 0.0120010283 -0.985763967
vn -0.427283168 0.0114048552 -0.904044807
vn -0.319682628 0.0136395665 -0.947425961
vn -0.167550981 0.00894091651 -0.985806465
vn -0.436168939 0.0100333598 -0.899763107
vn -0.324789822 0.0121366577 -0.945681036
vn -0.167369515 0.00707974657 -0.985837698
vn 0.209864035 0.02481349 -0.977415621
vn 0.312256545 0.0087647438 -0.949957371
vn 0.365951985 -0.00878886972 -0.93059212
vn 0.211028546 0.0291508883 -0.977045119
vn 0.318998456 0.0167114772 -0.947607934
vn 0.380512863 -1.07942569e-05 -0.9247756
vn 0.20656696 0.032434959 -0.977894664
vn 0.322018445 0.0231240522 -0.946450949
vn 0.394300669 0.00653574243 -0.918958187
vn 0.189257026 0.0351808481 -0.981297135
vn 0.321769953 0.0337767601 -0.946215153
vn 0.420697421 0.0198082998 -0.906984746
vn 0.177090198 0.0345402993 -0.983588398
vn 0.318238467 0.0357839093 -0.947335064
vn 0.433116674 0.026747724 -0.900940895
vn 0.165184706 0.0328580178 -0.985710502
vn 0.310464442 0.0342355222 -0.949968278
vn 0.43884474 0.0286510028 -0.898105979
vn 0.143132478 0.0269397125 -0.989347279
vn 0.295001596 0.0248611737 -0.955143392
vn 0.43847093 0.019139193 -0.898598254
vn 0.13492994 0.0230032001 -0.990601659
vn 0.287592232 0.0193358157 -0.957507849
vn 0.434579581 0.0138467122 -0.900543928
vn 0.129435256 0.0187490843 -0.991365492
vn 0.28173694 0.0129410475 -0.959370375
vn 0.429017574 0.00722784922 -0.903294086
vn 0.127635434 0.00959841814 -0.991812646
vn 0.276232421 -0.00109856832 -0.961102486
vn 0.41609633 -0.00852148701 -0.909344018
vn 0.131445721 0.00576711167 -0.991302013
vn 0.277267396 -0.00741201593 -0.960787296
vn 0.410407245 -0.016203979 -0.911726177
vn 0.137557179 0.00254065823 -0.990489423
vn 0.280880094 -0.0124662304 -0.95969522
vn 0.406843036 -0.0231840089 -0.913180292
vn 0.155345321 -0.00253166188 -0.987858593
vn 0.295754611 -0.0208532829 -0.955059707
vn 0.409266084 -0.036010012 -0.911686063
vn 0.166080981 -0.00585221732 -0.986073196
vn 0.30630973 -0.0252361055 -0.951583087
vn 0.415600121 -0.0423234403 -0.908530831
vn 0.177427724 -0.00993043091 -0.98406899
vn 0.318374187 -0.0301871374 -0.947478294
vn 0.424745411 -0.0486201011 -0.904039681
vn 0.200340256 -0.0194827002 -0.979529977
vn 0.344481349 -0.0403224081 -0.937864482
vn 0.448550135 -0.0606157631 -0.891673028
vn 0.211715624 -0.0231290497 -0.97710824
vn 0.358109593 -0.0442383699 -0.932578862
vn 0.462104797 -0.0651012436 -0.884446979
vn 0.223044142 -0.0257213302 -0.974460602
vn 0.371992588 -0.0470992513 -0.926984787
vn 0.476551145 -0.0683853328 -0.876542449
vn -0.27652058 -0.028198218 -0.960547149
vn -0.277448356 -0.0191912372 -0.960577905
vn -0.280311942 -0.00466601038 -0.959926367
vn -0.211383283 -0.0250305198 -0.977089882
vn -0.214800209 -0.017280804 -0.976508081
vn -0.220641091 -0.00508161867 -0.97530812
vn -0.174656332 -0.0234340429 -0.984398842
vn -0.176212102 -0.0172177646 -0.984227836
vn -0.180430233 -0.00762137352 -0.983550549
vn -0.294271618 0.0482155606 -0.95446229
vn -0.303649873 0.0963711143 -0.94789052
vn -0.312196046 0.160605326 -0.936339378
vn -0.241338447 0.04080946 -0.969633222
vn -0.25371784 0.0856043696 -0.963500619
vn -0.265117347 0.146792293 -0.952993691
vn -0.197765872 0.0312582292 -0.979781866
vn -0.209007218 0.0721014813 -0.975263417
vn -0.220328256 0.129614025 -0.96674937
vn -0.324406862 0.331331789 -0.885926306
vn -0.330673963 0.437533468 -0.836193204
vn -0.33800292 0.556435466 -0.759101629
vn -0.284424663 0.307828426 -0.907898605
vn -0.296545953 0.403986424 -0.865412056
vn -0.313459694 0.510281146 -0.800809145
vn -0.243058205 0.280255616 -0.9286412
vn -0.259671211 0.365697712 -0.893750727
vn -0.28325814 0.458362669 -0.842420816
vn -0.366712898 0.774788797 -0.515046597
vn -0.409441769 0.832517147 -0.37310046
vn -0.475679547 0.849547803 -0.227905914
vn -0.378039062 0.707363665 -0.597178698
vn -0.444689184 0.756106436 -0.480118901
vn -0.527607203 0.764985383 -0.369483232
vn -0.366440356 0.631018639 -0.683824599
vn -0.437049061 0.674041629 -0.595509291
vn -0.515772641 0.68636018 -0.512680113
vn -0.166474327 -0.0128975706 -0.98591888
vn -0.155979872 -0.00895137154 -0.987675071
vn -0.147251427 -0.00319479103 -0.989142537
vn -0.180883124 -0.00123518414 -0.983501613
vn -0.166360885 0.00191157265 -0.986091614
vn -0.153064668 0.00648507383 -0.988222599
vn -0.204132199 0.0123908417 -0.97882086
vn -0.188567668 0.0150433397 -0.981982946
vn -0.173458636 0.0187459905 -0.984675407
vn -0.1374055 0.0234052166 -0.990227044
vn -0.137053907 0.0560580976 -0.988939703
vn -0.139679447 0.10416697 -0.984724879
vn -0.13226077 0.0279740337 -0.990782619
vn -0.126164094 0.0566810332 -0.990400434
vn -0.123560846 0.099793151 -0.987305462
vn -0.146600127 0.036832124 -0.988485217
vn -0.136228547 0.0623388812 -0.9886958
vn -0.128611192 0.101483636 -0.986456275
vn -0.155092642 0.232111037 -0.960294902
vn -0.168687478 0.301077038 -0.938553631
vn -0.186586142 0.373438358 -0.908733845
vn -0.129769176 0.216585293 -0.967570662
vn -0.13775076 0.280499011 -0.949925721
vn -0.147739112 0.347818166 -0.925804734
vn -0.122578442 0.209573239 -0.970088363
vn -0.123338692 0.270449728 -0.954794347
vn -0.124932386 0.335640371 -0.933671296
vn -0.240069225 0.512884319 -0.824196994
vn -0.279179841 0.55777359 -0.781593204
vn -0.32080093 0.585579991 -0.744439423
vn -0.174527556 0.479758918 -0.859897375
vn -0.193712115 0.525251985 -0.828651607
vn -0.214844778 0.555845737 -0.803050399
vn -0.127325937 0.465603173 -0.875736475
vn -0.129451588 0.511312068 -0.849583507
vn -0.132995725 0.542512655 -0.829425991
vn -0.238457501 0.03744784 -0.970430613
vn -0.2289069 0.0406668857 -0.972598553
vn -0.218709499 0.0444345549 -0.974777758
vn -0.196694568 0.0453296155 -0.97941637
vn -0.193147585 0.049647484 -0.979912817
vn -0.18993929 0.056304425 -0.980179965
vn -0.0986904576 0.0476868972 -0.993974864
vn -0.104611553 0.0515898205 -0.993174136
vn -0.112265609 0.0605329946 -0.991832793
vn -0.192392498 0.0621902235 -0.979345441
vn -0.178918079 0.0866576657 -0.980040193
vn -0.164865255 0.123559035 -0.978546202
vn -0.172447801 0.0779158771 -0.981932223
vn -0.162670925 0.103855327 -0.981199384
vn -0.151044577 0.142614573 -0.978185415
vn -0.115090646 0.088676393 -0.989389062
vn -0.113456555 0.118406333 -0.986462057
vn -0.108583681 0.161969677 -0.98080343
vn -0.134936422 0.225571707 -0.964836597
vn -0.120124765 0.285154462 -0.950924218
vn -0.105918176 0.351443529 -0.930198252
vn -0.119072348 0.250822127 -0.960682034
vn -0.0996135324 0.312036514 -0.944833517
vn -0.0793594494 0.380979985 -0.921171129
vn -0.0827279314 0.280647486 -0.956238985
vn -0.0612882003 0.346387655 -0.93608731
vn -0.035384357 0.420455724 -0.906622827
vn -0.0704132468 0.489266187 -0.869287491
vn -0.0450066179 0.537218153 -0.842241704
vn -0.0192854069 0.567283928 -0.823296428
vn -0.0267606042 0.529073358 -0.848153949
vn 0.0112289581 0.57918793 -0.815116763
vn 0.0510720611 0.607809126 -0.792439103
vn 0.0357369222 0.581165969 -0.812999964
vn 0.0857512727 0.631761253 -0.770405233
vn 0.13887684 0.658130467 -0.73998487
vn 0.183917239 0.0167326741 -0.982799292
vn 0.15985842 0.0196236204 -0.986944973
vn 0.131238148 0.0318650864 -0.990838647
vn 0.281434804 -0.00703533459 -0.959554493
vn 0.256880999 -0.0052321204 -0.966428876
vn 0.227585137 0.00775371958 -0.973727345
vn 0.331839412 -0.0282661729 -0.942912281
vn 0.310867071 -0.0270190723 -0.950069249
vn 0.286559582 -0.0133401146 -0.957969546
vn 0.0811027959 0.0829253718 -0.993250072
vn 0.0589624904 0.127556697 -0.990077078
vn 0.0398407057 0.189000309 -0.981168449
vn 0.169247851 0.0701465979 -0.983074009
vn 0.13960886 0.12281432 -0.982560933
vn 0.110270262 0.194810092 -0.974622786
vn 0.232951686 0.0568307638 -0.970826387
vn 0.201721102 0.115332358 -0.972628891
vn 0.167434633 0.196434632 -0.966115475
vn 0.032431405 0.34458676 -0.938194156
vn 0.0511306264 0.429966599 -0.901395738
vn 0.0844785124 0.523290455 -0.847956657
vn 0.081979461 0.37573719 -0.923093081
vn 0.0931217596 0.474876553 -0.875111878
vn 0.121800527 0.578808904 -0.806315601
vn 0.121331379 0.402165502 -0.907491922
vn 0.12077982 0.514951289 -0.848667979
vn 0.137630016 0.62808609 -0.765875816
vn 0.187071249 0.696260393 -0.69298315
vn 0.259306759 0.738801837 -0.622038424
vn 0.341939598 0.750571847 -0.565437078
vn 0.216541693 0.755714357 -0.618065953
vn 0.290093631 0.798349142 -0.5277161
vn 0.389500648 0.803026378 -0.451040894
vn 0.204337046 0.811021626 -0.548169851
vn 0.254843026 0.86380738 -0.434616804
vn 0.342485696 0.878130794 -0.334050655
vn 0.866222203 -0.427362233 0.258883536
vn 0.859067857 -0.49326548 0.136716917
vn 0.886135399 -0.330968857 0.324382097
vn 0.942725241 -0.330295712 0.0466241688
vn 0.949258924 -0.303651035 0.0818756223
vn 0.911972821 -0.296246558 0.283801645
vn 0.944250762 -0.329089105 0.00952544156
vn 0.946679771 -0.299592346 0.118498772
vn 0.915244102 -0.266267747 0.302373439
vn 0.850975692 -0.517655909 0.0887275562
vn 0.865433216 -0.463856667 0.189373136
vn 0.813767672 -0.357745945 0.458039314
vn 0.857086122 -0.507750928 0.0871344954
vn 0.801727176 -0.553497732 0.225552022
vn 0.791808426 -0.407562107 0.454898566
vn 0.817713797 -0.565874338 0.105500549
vn 0.769950092 -0.562706888 0.300895363
vn 0.766158223 -0.462865114 0.445822328
vn 0.6917184 -0.709238112 0.136040002
vn 0.702195942 -0.655158699 0.278725356
vn 0.710123241 -0.575153112 0.40610835
vn 0.667233288 -0.732160091 0.136898994
vn 0.678096294 -0.687292933 0.260411143
vn 0.691415668 -0.617236257 0.375451416
vn 0.652581573 -0.745534003 0.135338083
vn 0.66425252 -0.708245814 0.239074007
vn 0.682199836 -0.647176802 0.340243667
vn 0.675827086 -0.222091496 0.702803791
vn 0.518030405 -0.125162497 0.846155345
vn 0.417831987 -0.0244523883 0.908195138
vn 0.716272891 -0.120036379 0.687418699
vn 0.627152622 -0.0373741835 0.777999282
vn 0.465160877 0.0506312363 0.883777022
vn 0.736577094 -0.0679464713 0.672932029
vn 0.621461928 0.00490130996 0.783429027
vn 0.503885984 0.0956189707 0.85846138
vn 0.718497515 -0.126396894 0.683948219
vn 0.629651606 -0.00601281598 0.776854336
vn 0.495169491 0.113307454 0.861376047
vn 0.711199939 -0.169592455 0.682226598
vn 0.624419093 -0.0370930694 0.78020817
vn 0.480163127 0.101898693 0.871240497
vn 0.702498555 -0.223436654 0.675700963
vn 0.618835747 -0.0800947174 0.78142637
vn 0.464609623 0.0795991942 0.881930768
vn 0.685891211 -0.349684089 0.638180375
vn 0.613989055 -0.193019539 0.765350223
vn 0.444592893 0.00541891204 0.895716429
vn 0.686567903 -0.405710131 0.603343844
vn 0.623431325 -0.247935891 0.741526246
vn 0.450253129 -0.034157224 0.892247319
vn 0.695042253 -0.451518387 0.559506416
vn 0.641782224 -0.295871288 0.70751375
vn 0.467118502 -0.0698952675 0.881427765
vn 0.13196072 0.133277878 0.982254207
vn -0.0573091134 0.205384016 0.977002084
vn -0.273763895 0.278766215 0.92051214
vn 0.159097284 0.189437196 0.968917727
vn -0.0586164966 0.250388145 0.96636951
vn -0.290813953 0.305972397 0.906536281
vn 0.145224243 0.236296237 0.960767448
vn -0.0955752954 0.285474926 0.953608632
vn -0.332439572 0.321361542 0.886685133
vn 0.0422645882 0.302422762 0.952236414
vn -0.213918537 0.342830837 0.914716244
vn -0.423735708 0.356326103 0.832754374
vn -0.020796109 0.327367336 0.944668233
vn -0.274689555 0.36745277 0.888551652
vn -0.463879168 0.375356585 0.802448511
vn -0.0828170776 0.346652329 0.934330523
vn -0.329745859 0.389300108 0.860065758
vn -0.497769177 0.395230025 0.772022665
vn -0.183390155 0.366934001 0.911991
vn -0.411005616 0.4228504 0.807633638
vn -0.544154227 0.434125245 0.717935503
vn -0.217019573 0.373369426 0.901941121
vn -0.438273877 0.434958786 0.786592007
vn -0.560442507 0.44859606 0.69617933
vn -0.24299629 0.380268961 0.892383575
vn -0.460846186 0.444698364 0.768026173
vn -0.575330973 0.458875537 0.677072763
vn -0.63613385 0.393327355 0.663797736
vn -0.747739732 0.427858829 0.507761836
vn -0.82533282 0.449199468 0.342119396
vn -0.647215843 0.390954465 0.654420614
vn -0.753834665 0.421833605 0.503775418
vn -0.829285264 0.444203168 0.339071602
vn -0.666884899 0.373350769 0.644882739
vn -0.767543018 0.397328287 0.502998829
vn -0.842291176 0.416507959 0.342150092
vn -0.68521291 0.372885227 0.625651479
vn -0.773197711 0.387804985 0.501769423
vn -0.848247707 0.39895758 0.34829396
vn -0.688429654 0.382011175 0.616548538
vn -0.770846009 0.393232584 0.501163244
vn -0.84638679 0.40012008 0.351472825
vn -0.689553559 0.395760447 0.606539011
vn -0.767137885 0.403332174 0.498821139
vn -0.843183458 0.40576911 0.352693945
vn -0.690177143 0.431421846 0.580973923
vn -0.761245966 0.431719869 0.483862162
vn -0.837737381 0.424826562 0.343101233
vn -0.693600535 0.445341259 0.566206157
vn -0.762577772 0.442674309 0.471714556
vn -0.838429451 0.431902915 0.332409173
vn -0.69991827 0.454268485 0.551139176
vn -0.767080188 0.449339569 0.457910448
vn -0.841608644 0.435616165 0.319270253
vn -0.899742365 0.436405569 0.00370156299
vn -0.904424608 0.399341285 -0.150142267
vn -0.885460198 0.342927039 -0.313625991
vn -0.902448714 0.430598944 -0.0130694127
vn -0.905713439 0.387633383 -0.171532795
vn -0.88582623 0.32433486 -0.331841528
vn -0.916362464 0.399754643 -0.0218165107
vn -0.91587472 0.355675936 -0.186193883
vn -0.891444027 0.2933321 -0.345374763
vn -0.930307329 0.365201205 -0.0340073146
vn -0.925211608 0.317766845 -0.207382843
vn -0.89493686 0.258596718 -0.363614768
vn -0.933755398 0.356209129 -0.0348696597
vn -0.928352475 0.306762815 -0.209900469
vn -0.897657037 0.248535484 -0.363925487
vn -0.935449779 0.351710171 -0.0351232328
vn -0.930624127 0.29956761 -0.210232943
vn -0.900663733 0.241181523 -0.361436397
vn -0.93539089 0.350952983 -0.0433121547
vn -0.931865931 0.291874319 -0.215488672
vn -0.904465616 0.229953185 -0.359254152
vn -0.935306549 0.349936724 -0.0524010435
vn -0.931412697 0.288115382 -0.222395658
vn -0.904635429 0.224912852 -0.362006873
vn -0.935447514 0.347677559 -0.0637035221
vn -0.930489302 0.284044206 -0.231319353
vn -0.903849959 0.220451266 -0.366682887
vn -0.676601231 0.155616313 -0.719718277
vn -0.461716354 0.0361331068 -0.886291385
vn -0.217409015 -0.084513396 -0.972414851
vn -0.688230336 0.140600711 -0.711737633
vn -0.475753635 0.0319402479 -0.878998518
vn -0.212123573 -0.0804979876 -0.973921835
vn -0.700740457 0.127653673 -0.701902628
vn -0.495446116 0.0318325311 -0.868055284
vn -0.220883116 -0.0720854849 -0.972632647
vn -0.729626536 0.115191989 -0.674074113
vn -0.558939636 0.027687164 -0.828745961
vn -0.303523242 -0.077068001 -0.949702203
vn -0.745124817 0.112043239 -0.657446086
vn -0.590926349 0.0264026467 -0.806293368
vn -0.35243386 -0.0793324113 -0.932468176
vn -0.760253191 0.109042101 -0.640409946
vn -0.620409131 0.0254902989 -0.783863962
vn -0.399228841 -0.0798986182 -0.913363218
vn -0.785439849 0.101638049 -0.61053586
vn -0.669270337 0.0228646658 -0.742667079
vn -0.47965613 -0.0790752545 -0.873886168
vn -0.794257045 0.099495016 -0.599380076
vn -0.687965989 0.0241359454 -0.725341499
vn -0.511877954 -0.0746368021 -0.855809748
vn -0.801004946 0.0997787565 -0.59028405
vn -0.7037009 0.028836282 -0.70991087
vn -0.540476501 -0.0655098855 -0.838804841
vn 0.153110132 -0.309951842 -0.93834275
vn 0.222739622 -0.408994615 -0.884935319
vn 0.274290562 -0.510236204 -0.81512177
vn 0.230017662 -0.295822293 -0.927135944
vn 0.323265463 -0.385226905 -0.864349306
vn 0.345649749 -0.464813143 -0.81515342
vn 0.28939566 -0.273254663 -0.91737783
vn 0.407820255 -0.348398745 -0.84397918
vn 0.450953096 -0.412793815 -0.791354835
vn 0.287626565 -0.276780665 -0.916876972
vn 0.455636531 -0.329773545 -0.826828063
vn 0.539751172 -0.367938071 -0.757159352
vn 0.252877921 -0.283737153 -0.924957275
vn 0.443507552 -0.33337611 -0.831962407
vn 0.548110187 -0.367059171 -0.751560271
vn 0.207135469 -0.291557074 -0.933857262
vn 0.417605013 -0.34471181 -0.840701997
vn 0.542026758 -0.381242841 -0.748906434
vn 0.110875674 -0.311681926 -0.943695366
vn 0.353319108 -0.38610667 -0.852107584
vn 0.512510657 -0.442368746 -0.735963881
vn 0.0706276447 -0.316182226 -0.946065724
vn 0.328847736 -0.40204668 -0.854527771
vn 0.504775107 -0.468545794 -0.725028932
vn 0.0347130373 -0.31335324 -0.949002028
vn 0.310371488 -0.410021633 -0.857643127
vn 0.504569292 -0.485948294 -0.713627338
vn 0.291075021 -0.650265872 -0.701733232
vn 0.464824915 -0.565281272 -0.681465209
vn 0.611717284 -0.695496023 -0.376944572
vn 0.422202855 -0.543908119 -0.725195587
vn 0.536755502 -0.545346856 -0.643809199
vn 0.698573232 -0.682072222 -0.216270462
vn 0.483199477 -0.500930786 -0.718043566
vn 0.596697927 -0.590108395 -0.543804824
vn 0.732894838 -0.635719419 -0.242334455
vn 0.589035392 -0.476298034 -0.652822733
vn 0.619433105 -0.560248911 -0.549930811
vn 0.720216215 -0.572394371 -0.39198643
vn 0.627232969 -0.47392416 -0.618040979
vn 0.656800687 -0.558791757 -0.50632453
vn 0.697277009 -0.632824838 -0.336656362
vn 0.648362815 -0.494154543 -0.579169273
vn 0.676500559 -0.578016102 -0.456337988
vn 0.703223228 -0.649474502 -0.289240301
vn 0.657855451 -0.57470727 -0.486762494
vn 0.677823186 -0.649344563 -0.34482944
vn 0.681989729 -0.706498146 -0.189077616
vn 0.662745357 -0.608003616 -0.43715024
vn 0.676595867 -0.677084386 -0.289438546
vn 0.671282947 -0.727327168 -0.142739385
vn 0.673173785 -0.630389094 -0.386583358
vn 0.680070221 -0.694328547 -0.235398248
vn 0.666434228 -0.738897204 -0.0994799361
vn -0.121787056 -0.929218948 -0.348884374
vn -0.208153427 -0.805313289 -0.555105805
vn -0.26525265 -0.685086489 -0.678452373
vn -0.398384422 -0.870390236 -0.289327979
vn -0.420657367 -0.769339859 -0.480794668
vn -0.45950982 -0.648223341 -0.607171416
vn -0.487571776 -0.838312507 -0.243938357
vn -0.500140727 -0.748407304 -0.435598105
vn -0.516026676 -0.655062616 -0.551914275
vn -0.507032454 -0.842202604 -0.183337972
vn -0.529535532 -0.765369534 -0.365789086
vn -0.561849773 -0.67356658 -0.480242401
vn -0.503174782 -0.849653423 -0.157810777
vn -0.532788992 -0.779573381 -0.329243362
vn -0.567762315 -0.687778652 -0.452334553
vn -0.497821212 -0.856944442 -0.133493081
vn -0.537086487 -0.791031063 -0.292930007
vn -0.563808143 -0.709365427 -0.42299062
vn -0.46817407 -0.880427599 -0.0752342343
vn -0.519521952 -0.823646843 -0.227382347
vn -0.543785334 -0.750961363 -0.374639243
vn -0.454962194 -0.88915509 -0.0491173677
vn -0.501468778 -0.842478037 -0.196875378
vn -0.529992998 -0.772815466 -0.34909001
vn -0.440691262 -0.897396803 -0.0216816925
vn -0.489913225 -0.856236398 -0.163842306
vn -0.522756577 -0.790147364 -0.31998831
vn -0.348368555 -0.518073142 -0.781178296
vn -0.317012012 -0.447885662 -0.836003482
vn -0.270727962 -0.314103365 -0.909970045
vn -0.492182493 -0.486684084 -0.72173059
vn -0.460712552 -0.405748844 -0.789374292
vn -0.372425228 -0.304832429 -0.87657094
vn -0.541560829 -0.475715846 -0.693113446
vn -0.503425241 -0.39620617 -0.767843544
vn -0.41334939 -0.284793049 -0.864890277
vn -0.541285217 -0.511732221 -0.667188406
vn -0.478844613 -0.417189211 -0.772438347
vn -0.354666203 -0.290342003 -0.8887707
vn -0.530831575 -0.526307404 -0.664242625
vn -0.448054522 -0.425151825 -0.786443293
vn -0.318949252 -0.292125911 -0.901628435
vn -0.513974309 -0.53904897 -0.667275548
vn -0.425592393 -0.42831254 -0.797132015
vn -0.278173983 -0.286135882 -0.916921735
vn -0.478307992 -0.555803478 -0.679929316
vn -0.371545911 -0.426562101 -0.824620187
vn -0.216496512 -0.266066521 -0.939328372
vn -0.46480453 -0.565219223 -0.681530654
vn -0.352912158 -0.424174994 -0.833983541
vn -0.193732485 -0.254480839 -0.947474122
vn -0.457489669 -0.572253644 -0.680609226
vn -0.339303106 -0.419747144 -0.841834784
vn -0.174721494 -0.241049275 -0.954655826
vn 0.0132512376 0.0512419343 -0.998598337
vn 0.192674845 0.266937345 -0.944256663
vn 0.362382889 0.454358667 -0.813779473
vn -0.0311630778 0.0653119981 -0.99737817
vn 0.179216385 0.261579424 -0.948397458
vn 0.366269857 0.438390225 -0.820768178
vn -0.0360680409 0.0745999739 -0.99656111
vn 0.191411391 0.268051922 -0.944198072
vn 0.378518343 0.430320621 -0.8194803
vn 0.0429495834 0.0851792991 -0.99543947
vn 0.243346676 0.269946784 -0.931617498
vn 0.404322833 0.421465516 -0.811720371
vn 0.0824789032 0.0891434923 -0.992597938
vn 0.268216789 0.270445794 -0.924618244
vn 0.416801512 0.41928798 -0.806519687
vn 0.113756098 0.0947625712 -0.988979101
vn 0.288340032 0.271832258 -0.918132424
vn 0.428151071 0.418090522 -0.801178515
vn 0.158756062 0.111929923 -0.98095274
vn 0.318905622 0.278819501 -0.905847013
vn 0.447097212 0.417832553 -0.790898204
vn 0.176510394 0.122897804 -0.976596355
vn 0.331077009 0.284480989 -0.899699211
vn 0.454262167 0.419037104 -0.786163926
vn 0.192295834 0.135633126 -0.971918702
vn 0.341604888 0.291784883 -0.893402278
vn 0.459835142 0.421407163 -0.781644285
vn 0.56114316 0.684981048 -0.464671284
vn 0.605124891 0.733365953 -0.309835851
vn 0.635270834 0.755419135 -0.160539687
vn 0.586468577 0.655879915 -0.475264251
vn 0.634899497 0.702350199 -0.321879953
vn 0.667542279 0.723998547 -0.173819736
vn 0.598196805 0.635260165 -0.488472223
vn 0.649162292 0.682923734 -0.334967941
vn 0.684245706 0.705391049 -0.185017169
vn 0.60475558 0.617561102 -0.502880752
vn 0.658957183 0.666572213 -0.348506689
vn 0.6963557 0.691090286 -0.193605319
vn 0.607887268 0.614586473 -0.502749026
vn 0.661471426 0.664577067 -0.347552747
vn 0.697842479 0.690399766 -0.190693378
vn 0.611105978 0.613501608 -0.500165164
vn 0.662648141 0.665091634 -0.344311744
vn 0.696700215 0.69286871 -0.185854465
vn 0.614568889 0.61295265 -0.496582508
vn 0.660042584 0.669380307 -0.3409895
vn 0.688018918 0.703033984 -0.179925412
vn 0.614705622 0.612056494 -0.497517645
vn 0.657943189 0.670466006 -0.342908293
vn 0.683946133 0.706764638 -0.180835694
vn 0.614226818 0.610814989 -0.499630302
vn 0.656146765 0.670401335 -0.346458375
vn 0.681251645 0.708674669 -0.183511078
vn 0.662291527 0.728627443 0.174562305
vn 0.638969243 0.68552345 0.348963857
vn 0.574976921 0.627545297 0.524965167
vn 0.696804941 0.702135563 0.146521658
vn 0.673743069 0.669726908 0.312307894
vn 0.621418178 0.615443885 0.484838426
vn 0.714767516 0.687116385 0.130301371
vn 0.69857645 0.656088054 0.285551101
vn 0.652802527 0.610445261 0.448559225
vn 0.726928532 0.676317275 0.11903768
vn 0.717005074 0.646977067 0.259469479
vn 0.686236441 0.607826948 0.399532139
vn 0.725437522 0.67721653 0.122956164
vn 0.716893077 0.647524774 0.258410275
vn 0.691541851 0.609583974 0.387527168
vn 0.719518661 0.682169914 0.130143076
vn 0.71094811 0.652581036 0.262089282
vn 0.689128339 0.6160478 0.381559134
vn 0.69910413 0.700275958 0.144454345
vn 0.687884808 0.672522485 0.272998244
vn 0.669059396 0.639877081 0.378043354
vn 0.690897226 0.707435012 0.148985982
vn 0.678411782 0.680465877 0.276990116
vn 0.660437405 0.649565399 0.376679063
vn 0.685841382 0.711663842 0.15217194
vn 0.672550678 0.685052335 0.279962093
vn 0.655368388 0.655615747 0.375047088
vn 0.378399074 0.356113732 0.854398727
vn 0.258526593 0.206533402 0.943667352
vn 0.156511709 0.0866146237 0.983870983
vn 0.385267198 0.385946393 0.838221073
vn 0.223856017 0.248279482 0.942467988
vn 0.101374075 0.0910870433 0.990669727
vn 0.413151324 0.421683371 0.807148814
vn 0.234421045 0.267443091 0.93462348
vn 0.0786135346 0.117783591 0.989922702
vn 0.501072943 0.46710664 0.728517115
vn 0.323898882 0.342552841 0.881899655
vn 0.122687198 0.185399547 0.974974275
vn 0.536508262 0.491470397 0.686014414
vn 0.37254563 0.381969959 0.845759273
vn 0.16210945 0.222216547 0.961426139
vn 0.561641395 0.516792655 0.646130204
vn 0.417068809 0.420786351 0.805600703
vn 0.208544657 0.259102792 0.943066657
vn 0.583434284 0.56582737 0.582618058
vn 0.479335159 0.486638367 0.730356634
vn 0.29580453 0.319534242 0.900220752
vn 0.588754058 0.585057676 0.557742059
vn 0.499285698 0.512354612 0.698717713
vn 0.327545851 0.34393701 0.880011916
vn 0.594105959 0.600463629 0.535239637
vn 0.515517414 0.534830034 0.66947633
vn 0.352561414 0.367556334 0.860582769
vn 0.0696859956 -0.150390193 0.986167669
vn 0.0426317193 -0.276005358 0.960210204
vn 0.00565938512 -0.449374735 0.893325388
vn -0.0627268702 -0.13062872 0.98944509
vn -0.104297347 -0.283006698 0.953430235
vn -0.163091704 -0.430868566 0.887554824
vn -0.120657861 -0.138282359 0.983015656
vn -0.18922551 -0.277579904 0.94188267
vn -0.244667664 -0.409328014 0.878970027
vn -0.175210699 -0.144995257 0.973795414
vn -0.247001499 -0.29756999 0.922194362
vn -0.293713719 -0.435662389 0.850841105
vn -0.178744048 -0.160039365 0.970792472
vn -0.260215491 -0.325714469 0.908954263
vn -0.300691217 -0.474955022 0.827044487
vn -0.179809496 -0.184082389 0.966324031
vn -0.266658276 -0.368466973 0.890575886
vn -0.306196213 -0.517266095 0.799174368
vn -0.161961079 -0.252439678 0.953961611
vn -0.265847981 -0.464095414 0.844949841
vn -0.303770512 -0.607491136 0.73394686
vn -0.160455793 -0.288273692 0.944008589
vn -0.270549268 -0.509082258 0.817091346
vn -0.306287438 -0.646837413 0.698419213
vn -0.16832526 -0.32213825 0.931608081
vn -0.283092171 -0.549303591 0.786208868
vn -0.31535396 -0.680295408 0.661626756
vn -0.128988147 -0.731481791 0.669549346
vn -0.1683608 -0.848972678 0.500899196
vn -0.138106018 -0.952118516 0.272758216
vn -0.291537195 -0.695273459 0.656963289
vn -0.341777653 -0.807824254 0.480216652
vn -0.363088459 -0.895199537 0.258427054
vn -0.355511308 -0.674390256 0.647154987
vn -0.401091546 -0.781263471 0.47828123
vn -0.442662895 -0.856564343 0.265230328
vn -0.361615062 -0.691930532 0.624873281
vn -0.397761762 -0.787966251 0.469994485
vn -0.432118684 -0.859978914 0.271495551
vn -0.354197383 -0.714182496 0.603728116
vn -0.387502342 -0.80281657 0.453130692
vn -0.417360425 -0.868440747 0.26762104
vn -0.347875655 -0.738669217 0.577365041
vn -0.375709325 -0.820437014 0.430958986
vn -0.40836814 -0.874473035 0.261786878
vn -0.326237679 -0.790376127 0.518531084
vn -0.346810549 -0.851495326 0.393291414
vn -0.38017562 -0.890700996 0.249235377
vn -0.318886161 -0.810647547 0.491082609
vn -0.334084988 -0.864158332 0.376321107
vn -0.362602115 -0.898799896 0.246329889
vn -0.31772697 -0.826489568 0.464719802
vn -0.327877164 -0.873099983 0.360822618
vn -0.351862013 -0.903471291 0.244811654
vn 0.0165228695 0.674250364 -0.738318026
vn 0.118827142 0.688537121 -0.715399683
vn 0.242146373 0.71797663 -0.652590752
vn 0.0231392346 0.612794518 -0.789903343
vn 0.13062869 0.628821433 -0.766498446
vn 0.257613808 0.664561987 -0.701421738
vn 0.0231063142 0.591634631 -0.805875063
vn 0.127830386 0.613550425 -0.77924031
vn 0.251771092 0.651389301 -0.715753615
vn 0.0168846697 0.583289564 -0.812088847
vn 0.113642454 0.612587214 -0.782190681
vn 0.228818074 0.653413892 -0.72159034
vn 0.439473212 0.822416961 -0.361238778
vn 0.445166022 0.879884779 -0.166222781
vn 0.38800776 0.921500504 0.0169323534
vn 0.454180598 0.793574095 -0.404919982
vn 0.460790634 0.863013387 -0.207074806
vn 0.394243449 0.918886006 -0.014856698
vn 0.47362113 0.757179439 -0.449846864
vn 0.509467602 0.818894386 -0.264300376
vn 0.447936535 0.892243683 -0.0570436716
vn 0.463551968 0.737547934 -0.491062701
vn 0.529777229 0.781977952 -0.328399956
vn 0.517807305 0.846905649 -0.120939456
vn 0.183415025 0.925246775 0.332080126
vn 0.0843096897 0.908739865 0.408758759
vn 0.0169101525 0.889228702 0.457150251
vn 0.245682865 0.916357517 0.316115379
vn 0.172926024 0.893298805 0.41486606
vn 0.10865315 0.864818633 0.49018684
vn 0.310609341 0.899411261 0.307540476
vn 0.253540158 0.869120598 0.424672663
vn 0.183983594 0.835717738 0.517422438
vn 0.36312297 0.882790506 0.298031271
vn 0.323884755 0.836669505 0.441681892
vn 0.244784728 0.801233113 0.545990825
vn 0.00578652183 0.864582002 0.502458572
vn 0.0374125466 0.850224018 0.525089979
vn 0.0527832136 0.834932685 0.547814906
vn 0.0709750652 0.813115954 0.57775867
vn 0.0816533566 0.792533755 0.604336858
vn 0.0810734257 0.771742225 0.630746305
vn 0.116239443 0.772370815 0.62444514
vn 0.102751136 0.760869741 0.640717864
vn 0.0964737833 0.732190013 0.674233258
vn 0.135177597 0.750313759 0.64711386
vn 0.123528235 0.72734499 0.675062954
vn 0.104603216 0.700320363 0.706122935
vn 0.0397065543 0.835457027 0.548166573
vn 0.0299217179 0.848836541 0.527783513
vn 0.0155327162 0.861595094 0.507401347
vn 0.0351207964 0.773611069 0.632648885
vn 0.00491860323 0.79102093 0.61180371
vn -0.0323262848 0.810240328 0.585182726
vn 0.0321209617 0.733629167 0.67871809
vn -0.0111296056 0.749657035 0.661753476
vn -0.0645856038 0.769025266 0.635945261
vn 0.0311930664 0.701287627 0.712168574
vn -0.0208787583 0.713860989 0.700030506
vn -0.0867047384 0.730549753 0.677296221
vn -0.0736999214 0.871237576 0.485367179
vn -0.165473759 0.87324053 0.458357036
vn -0.279729277 0.876650035 0.391538203
vn -0.154318467 0.836180031 0.526351035
vn -0.242313772 0.846128106 0.474721938
vn -0.335680068 0.859650552 0.385165215
vn -0.215255409 0.798906446 0.561587989
vn -0.30460164 0.81285274 0.496466011
vn -0.388881505 0.834529638 0.390310496
vn -0.257264614 0.761541665 0.594875634
vn -0.343532532 0.781289458 0.521135569
vn -0.426750988 0.81087923 0.400369078
vn -0.492576927 0.863144457 0.111273371
vn -0.54730922 0.834730208 -0.0615925565
vn -0.546596706 0.801702678 -0.241655067
vn -0.514607728 0.85400641 0.076286234
vn -0.57079941 0.81474191 -0.101837672
vn -0.570805788 0.770018756 -0.28508839
vn -0.55896616 0.828080356 0.042397812
vn -0.615995288 0.774006069 -0.146247581
vn -0.606336176 0.722932339 -0.331395298
vn -0.586321056 0.810030997 -0.00924226083
vn -0.639485776 0.74097991 -0.204840526
vn -0.617156863 0.686338305 -0.384755254
vn -0.362978935 0.741119862 -0.56482476
vn -0.242091462 0.712334692 -0.658812046
vn -0.141484484 0.689295828 -0.710542917
vn -0.378053367 0.69346714 -0.61332345
vn -0.251000017 0.658687532 -0.709344089
vn -0.144539967 0.631546378 -0.761726856
vn -0.387069672 0.65297246 -0.650928378
vn -0.254144609 0.621390998 -0.741111279
vn -0.144836247 0.598438323 -0.787920654
vn -0.381520092 0.620952606 -0.684747517
vn -0.248917267 0.593232751 -0.765561342
vn -0.142181024 0.575773597 -0.805146873
vn -0.197012812 0.029282447 0.980009198
vn -0.121875949 0.0495154001 0.991296113
vn -0.0720105767 0.0694491938 0.994937778
vn -0.196588799 0.0721535981 0.977796853
vn -0.11791756 0.0912161916 0.988861024
vn -0.0594217256 0.108816236 0.992296159
vn -0.200337052 0.136280552 0.970219374
vn -0.120474368 0.154574826 0.980576634
vn -0.055025164 0.170247152 0.983890057
vn -0.0241846722 0.121655472 0.992260158
vn 0.0139777856 0.154011622 0.988008618
vn 0.0739079639 0.179555804 0.980926692
vn 0.0107550807 0.156899676 0.987510264
vn 0.046779111 0.187031046 0.98121345
vn 0.0904134884 0.210597813 0.973375857
vn 0.0379035287 0.211232185 0.976705074
vn 0.0734255165 0.235682517 0.969005525
vn 0.104601175 0.254627198 0.961381972
vn 0.226117104 0.173506781 0.958567381
vn 0.275835246 0.142984375 0.950456798
vn 0.29515332 0.106814131 0.949460447
vn 0.19009459 0.207026213 0.959673643
vn 0.228029758 0.181618467 0.956565261
vn 0.244561806 0.14871189 0.95816195
vn 0.160718754 0.252456367 0.954169571
vn 0.187004581 0.233351439 0.954241395
vn 0.197693288 0.204735696 0.958645165
vn 0.23974438 0.0545857176 0.96930021
vn 0.247694239 0.0511907227 0.967484951
vn 0.310355574 0.0505560935 0.949275255
vn 0.222067922 0.0891262144 0.970949233
vn 0.251941234 0.0801830813 0.964415014
vn 0.326415211 0.0721210837 0.942470968
vn 0.199116021 0.157273516 0.967273414
vn 0.232382983 0.146167412 0.961578488
vn 0.294806391 0.129898846 0.946686566
vn -0.211327136 0.301235348 0.929849625
vn -0.136312544 0.318332016 0.938120842
vn -0.0653265566 0.330018729 0.941752672
vn -0.215236455 0.375494212 0.90146178
vn -0.145874947 0.390290439 0.909093678
vn -0.0765853971 0.39916423 0.913731158
vn -0.218404278 0.439872891 0.871052861
vn -0.156228766 0.451785207 0.878287613
vn -0.0904944912 0.458004415 0.884380162
vn 0.0576080121 0.349190235 0.935307801
vn 0.0956247747 0.357123762 0.929095209
vn 0.115148194 0.362441778 0.9248721
vn 0.05180097 0.408300698 0.911333978
vn 0.0919944495 0.409602463 0.907649636
vn 0.111660033 0.409556359 0.905435145
vn 0.0391336791 0.459751397 0.887204111
vn 0.0815052539 0.456241727 0.886121154
vn 0.103992343 0.452154219 0.885836303
vn 0.123177707 0.361950725 0.924023271
vn 0.132354379 0.356862187 0.924733341
vn 0.134975001 0.345754951 0.928566217
vn 0.117073685 0.408828259 0.905070841
vn 0.122577794 0.410019845 0.903802156
vn 0.122930571 0.408786237 0.904312849
vn 0.115718767 0.451430798 0.884770811
vn 0.122396104 0.453632116 0.882744014
vn 0.12414711 0.449278235 0.884724081
vn 0.168274164 0.33233434 0.928029001
vn 0.20400162 0.328619033 0.92216748
vn 0.252263516 0.320063055 0.913193643
vn 0.159920081 0.411774844 0.897143781
vn 0.192896664 0.413131267 0.890007555
vn 0.233644396 0.409610808 0.881833017
vn 0.163329974 0.450055927 0.87793678
vn 0.193089277 0.451681346 0.871034086
vn 0.225918695 0.450323343 0.863811135
g 
usemtl /mat/DebugFacesMaterial.005
f 1807/1/1807 1808/2/1808 1811/3/1811 1810/4/1810
f 1808/2/1808 1809/5/1809 1812/6/1812 1811/3/1811
f 1810/4/1810 1811/3/1811 1814/7/1814 1813/8/1813
f 1811/3/1811 1812/6/1812 1815/9/1815 1814/7/1814
f 257/10/257 258/11/258 1808/2/1808 1807/1/1807
f 258/11/258 259/12/259 1809/5/1809 1808/2/1808
f 259/12/259 1/13/1 260/14/260 1809/5/1809
f 1809/5/1809 260/14/260 261/15/261 1812/6/1812
f 1812/6/1812 261/15/261 262/16/262 1815/9/1815
f 1815/9/1815 262/16/262 2/17/2 263/18/263
f 1814/7/1814 1815/9/1815 263/18/263 264/19/264
f 1813/8/1813 1814/7/1814 264/19/264 265/20/265
f 1816/21/1816 1817/22/1817 1820/23/1820 1819/24/1819
f 1817/22/1817 1818/25/1818 1821/26/1821 1820/23/1820
f 1819/24/1819 1820/23/1820 1823/27/1823 1822/28/1822
f 1820/23/1820 1821/26/1821 1824/29/1824 1823/27/1823
f 265/20/265 264/19/264 1817/22/1817 1816/21/1816
f 264/19/264 263/18/263 1818/25/1818 1817/22/1817
f 263/18/263 2/17/2 266/30/266 1818/25/1818
f 1818/25/1818 266/30/266 267/31/267 1821/26/1821
f 1821/26/1821 267/31/267 268/32/268 1824/29/1824
f 1824/29/1824 268/32/268 3/33/3 269/34/269
f 1823/27/1823 1824/29/1824 269/34/269 270/35/270
f 1822/28/1822 1823/27/1823 270/35/270 271/36/271
f 1825/37/1825 1826/38/1826 1829/39/1829 1828/40/1828
f 1826/38/1826 1827/41/1827 1830/42/1830 1829/39/1829
f 1828/40/1828 1829/39/1829 1832/43/1832 1831/44/1831
f 1829/39/1829 1830/42/1830 1833/45/1833 1832/43/1832
f 271/36/271 270/35/270 1826/38/1826 1825/37/1825
f 270/35/270 269/34/269 1827/41/1827 1826/38/1826
f 269/34/269 3/33/3 272/46/272 1827/41/1827
f 1827/41/1827 272/46/272 273/47/273 1830/42/1830
f 1830/42/1830 273/47/273 274/48/274 1833/45/1833
f 1833/45/1833 274/48/274 4/49/4 964/50/964
f 1832/43/1832 1833/45/1833 964/50/964 963/51/963
f 1831/44/1831 1832/43/1832 963/51/963 962/52/962
f 1834/53/1834 1835/54/1835 1838/55/1838 1837/56/1837
f 1835/54/1835 1836/57/1836 1839/58/1839 1838/55/1838
f 1837/56/1837 1838/55/1838 1841/59/1841 1840/60/1840
f 1838/55/1838 1839/58/1839 1842/61/1842 1841/59/1841
f 1/13/1 275/62/275 1834/53/1834 260/14/260
f 275/62/275 276/63/276 1835/54/1835 1834/53/1834
f 276/63/276 277/64/277 1836/57/1836 1835/54/1835
f 277/64/277 5/65/5 278/66/278 1836/57/1836
f 1836/57/1836 278/66/278 279/67/279 1839/58/1839
f 1839/58/1839 279/67/279 280/68/280 1842/61/1842
f 1842/61/1842 280/68/280 6/69/6 283/70/283
f 1841/59/1841 1842/61/1842 283/70/283 282/71/282
f 1840/60/1840 1841/59/1841 282/71/282 281/72/281
f 262/16/262 1840/60/1840 281/72/281 2/17/2
f 261/15/261 1837/56/1837 1840/60/1840 262/16/262
f 260/14/260 1834/53/1834 1837/56/1837 261/15/261
f 1843/73/1843 1844/74/1844 1847/75/1847 1846/76/1846
f 1844/74/1844 1845/77/1845 1848/78/1848 1847/75/1847
f 1846/76/1846 1847/75/1847 1850/79/1850 1849/80/1849
f 1847/75/1847 1848/78/1848 1851/81/1851 1850/79/1850
f 2/17/2 281/72/281 1843/73/1843 266/30/266
f 281/72/281 282/71/282 1844/74/1844 1843/73/1843
f 282/71/282 283/70/283 1845/77/1845 1844/74/1844
f 283/70/283 6/69/6 284/82/284 1845/77/1845
f 1845/77/1845 284/82/284 285/83/285 1848/78/1848
f 1848/78/1848 285/83/285 286/84/286 1851/81/1851
f 1851/81/1851 286/84/286 7/85/7 289/86/289
f 1850/79/1850 1851/81/1851 289/86/289 288/87/288
f 1849/80/1849 1850/79/1850 288/87/288 287/88/287
f 268/32/268 1849/80/1849 287/88/287 3/33/3
f 267/31/267 1846/76/1846 1849/80/1849 268/32/268
f 266/30/266 1843/73/1843 1846/76/1846 267/31/267
f 1852/89/1852 1853/90/1853 1856/91/1856 1855/92/1855
f 1853/90/1853 1854/93/1854 1857/94/1857 1856/91/1856
f 1855/92/1855 1856/91/1856 1859/95/1859 1858/96/1858
f 1856/91/1856 1857/94/1857 1860/97/1860 1859/95/1859
f 3/33/3 287/88/287 1852/89/1852 272/46/272
f 287/88/287 288/87/288 1853/90/1853 1852/89/1852
f 288/87/288 289/86/289 1854/93/1854 1853/90/1853
f 289/86/289 7/85/7 290/98/290 1854/93/1854
f 1854/93/1854 290/98/290 291/99/291 1857/94/1857
f 1857/94/1857 291/99/291 292/100/292 1860/97/1860
f 1860/97/1860 292/100/292 8/101/8 295/102/295
f 1859/95/1859 1860/97/1860 295/102/295 294/103/294
f 1858/96/1858 1859/95/1859 294/103/294 293/104/293
f 274/48/274 1858/96/1858 293/104/293 4/49/4
f 273/47/273 1855/92/1855 1858/96/1858 274/48/274
f 272/46/272 1852/89/1852 1855/92/1855 273/47/273
f 1861/105/1861 1862/106/1862 1865/107/1865 1864/108/1864
f 1862/106/1862 1863/109/1863 1866/110/1866 1865/107/1865
f 1864/108/1864 1865/107/1865 1868/111/1868 1867/112/1867
f 1865/107/1865 1866/110/1866 1869/113/1869 1868/111/1868
f 5/65/5 296/114/296 1861/105/1861 278/66/278
f 296/114/296 297/115/297 1862/106/1862 1861/105/1861
f 297/115/297 298/116/298 1863/109/1863 1862/106/1862
f 298/116/298 9/117/9 299/118/299 1863/109/1863
f 1863/109/1863 299/118/299 300/119/300 1866/110/1866
f 1866/110/1866 300/119/300 301/120/301 1869/113/1869
f 1869/113/1869 301/120/301 10/121/10 304/122/304
f 1868/111/1868 1869/113/1869 304/122/304 303/123/303
f 1867/112/1867 1868/111/1868 303/123/303 302/124/302
f 280/68/280 1867/112/1867 302/124/302 6/69/6
f 279/67/279 1864/108/1864 1867/112/1867 280/68/280
f 278/66/278 1861/105/1861 1864/108/1864 279/67/279
f 1870/125/1870 1871/126/1871 1874/127/1874 1873/128/1873
f 1871/126/1871 1872/129/1872 1875/130/1875 1874/127/1874
f 1873/128/1873 1874/127/1874 1877/131/1877 1876/132/1876
f 1874/127/1874 1875/130/1875 1878/133/1878 1877/131/1877
f 6/69/6 302/124/302 1870/125/1870 284/82/284
f 302/124/302 303/123/303 1871/126/1871 1870/125/1870
f 303/123/303 304/122/304 1872/129/1872 1871/126/1871
f 304/122/304 10/121/10 305/134/305 1872/129/1872
f 1872/129/1872 305/134/305 306/135/306 1875/130/1875
f 1875/130/1875 306/135/306 307/136/307 1878/133/1878
f 1878/133/1878 307/136/307 11/137/11 310/138/310
f 1877/131/1877 1878/133/1878 310/138/310 309/139/309
f 1876/132/1876 1877/131/1877 309/139/309 308/140/308
f 286/84/286 1876/132/1876 308/140/308 7/85/7
f 285/83/285 1873/128/1873 1876/132/1876 286/84/286
f 284/82/284 1870/125/1870 1873/128/1873 285/83/285
f 1879/141/1879 1880/142/1880 1883/143/1883 1882/144/1882
f 1880/142/1880 1881/145/1881 1884/146/1884 1883/143/1883
f 1882/144/1882 1883/143/1883 1886/147/1886 1885/148/1885
f 1883/143/1883 1884/146/1884 1887/149/1887 1886/147/1886
f 7/85/7 308/140/308 1879/141/1879 290/98/290
f 308/140/308 309/139/309 1880/142/1880 1879/141/1879
f 309/139/309 310/138/310 1881/145/1881 1880/142/1880
f 310/138/310 11/137/11 311/150/311 1881/145/1881
f 1881/145/1881 311/150/311 312/151/312 1884/146/1884
f 1884/146/1884 312/151/312 313/152/313 1887/149/1887
f 1887/149/1887 313/152/313 12/153/12 316/154/316
f 1886/147/1886 1887/149/1887 316/154/316 315/155/315
f 1885/148/1885 1886/147/1886 315/155/315 314/156/314
f 292/100/292 1885/148/1885 314/156/314 8/101/8
f 291/99/291 1882/144/1882 1885/148/1885 292/100/292
f 290/98/290 1879/141/1879 1882/144/1882 291/99/291
f 1888/157/1888 1889/158/1889 1892/159/1892 1891/160/1891
f 1889/158/1889 1890/161/1890 1893/162/1893 1892/159/1892
f 1891/160/1891 1892/159/1892 1895/163/1895 1894/164/1894
f 1892/159/1892 1893/162/1893 1896/165/1896 1895/163/1895
f 9/117/9 317/166/317 1888/157/1888 299/118/299
f 317/166/317 318/167/318 1889/158/1889 1888/157/1888
f 318/167/318 319/168/319 1890/161/1890 1889/158/1889
f 319/168/319 13/169/13 320/170/320 1890/161/1890
f 1890/161/1890 320/170/320 321/171/321 1893/162/1893
f 1893/162/1893 321/171/321 322/172/322 1896/165/1896
f 1896/165/1896 322/172/322 14/173/14 325/174/325
f 1895/163/1895 1896/165/1896 325/174/325 324/175/324
f 1894/164/1894 1895/163/1895 324/175/324 323/176/323
f 301/120/301 1894/164/1894 323/176/323 10/121/10
f 300/119/300 1891/160/1891 1894/164/1894 301/120/301
f 299/118/299 1888/157/1888 1891/160/1891 300/119/300
f 1897/177/1897 1898/178/1898 1901/179/1901 1900/180/1900
f 1898/178/1898 1899/181/1899 1902/182/1902 1901/179/1901
f 1900/180/1900 1901/179/1901 1904/183/1904 1903/184/1903
f 1901/179/1901 1902/182/1902 1905/185/1905 1904/183/1904
f 10/121/10 323/176/323 1897/177/1897 305/134/305
f 323/176/323 324/175/324 1898/178/1898 1897/177/1897
f 324/175/324 325/174/325 1899/181/1899 1898/178/1898
f 325/174/325 14/173/14 326/186/326 1899/181/1899
f 1899/181/1899 326/186/326 327/187/327 1902/182/1902
f 1902/182/1902 327/187/327 328/188/328 1905/185/1905
f 1905/185/1905 328/188/328 15/189/15 331/190/331
f 1904/183/1904 1905/185/1905 331/190/331 330/191/330
f 1903/184/1903 1904/183/1904 330/191/330 329/192/329
f 307/136/307 1903/184/1903 329/192/329 11/137/11
f 306/135/306 1900/180/1900 1903/184/1903 307/136/307
f 305/134/305 1897/177/1897 1900/180/1900 306/135/306
f 1906/193/1906 1907/194/1907 1910/195/1910 1909/196/1909
f 1907/194/1907 1908/197/1908 1911/198/1911 1910/195/1910
f 1909/196/1909 1910/195/1910 1913/199/1913 1912/200/1912
f 1910/195/1910 1911/198/1911 1914/201/1914 1913/199/1913
f 11/137/11 329/192/329 1906/193/1906 311/150/311
f 329/192/329 330/191/330 1907/194/1907 1906/193/1906
f 330/191/330 331/190/331 1908/197/1908 1907/194/1907
f 331/190/331 15/189/15 332/202/332 1908/197/1908
f 1908/197/1908 332/202/332 333/203/333 1911/198/1911
f 1911/198/1911 333/203/333 334/204/334 1914/201/1914
f 1914/201/1914 334/204/334 16/205/16 337/206/337
f 1913/199/1913 1914/201/1914 337/206/337 336/207/336
f 1912/200/1912 1913/199/1913 336/207/336 335/208/335
f 313/152/313 1912/200/1912 335/208/335 12/153/12
f 312/151/312 1909/196/1909 1912/200/1912 313/152/313
f 311/150/311 1906/193/1906 1909/196/1909 312/151/312
f 1915/209/1915 1916/210/1916 1919/211/1919 1918/212/1918
f 1916/210/1916 1917/213/1917 1920/214/1920 1919/211/1919
f 1918/212/1918 1919/211/1919 1922/215/1922 1921/216/1921
f 1919/211/1919 1920/214/1920 1923/217/1923 1922/215/1922
f 13/169/13 338/218/338 1915/209/1915 320/170/320
f 338/218/338 339/219/339 1916/210/1916 1915/209/1915
f 339/219/339 340/220/340 1917/213/1917 1916/210/1916
f 340/220/340 17/221/17 341/222/341 1917/213/1917
f 1917/213/1917 341/222/341 342/223/342 1920/214/1920
f 1920/214/1920 342/223/342 343/224/343 1923/217/1923
f 1923/217/1923 343/224/343 18/225/18 346/226/346
f 1922/215/1922 1923/217/1923 346/226/346 345/227/345
f 1921/216/1921 1922/215/1922 345/227/345 344/228/344
f 322/172/322 1921/216/1921 344/228/344 14/173/14
f 321/171/321 1918/212/1918 1921/216/1921 322/172/322
f 320/170/320 1915/209/1915 1918/212/1918 321/171/321
f 1924/229/1924 1925/230/1925 1928/231/1928 1927/232/1927
f 1925/230/1925 1926/233/1926 1929/234/1929 1928/231/1928
f 1927/232/1927 1928/231/1928 1931/235/1931 1930/236/1930
f 1928/231/1928 1929/234/1929 1932/237/1932 1931/235/1931
f 14/173/14 344/228/344 1924/229/1924 326/186/326
f 344/228/344 345/227/345 1925/230/1925 1924/229/1924
f 345/227/345 346/226/346 1926/233/1926 1925/230/1925
f 346/226/346 18/225/18 347/238/347 1926/233/1926
f 1926/233/1926 347/238/347 348/239/348 1929/234/1929
f 1929/234/1929 348/239/348 349/240/349 1932/237/1932
f 1932/237/1932 349/240/349 19/241/19 352/242/352
f 1931/235/1931 1932/237/1932 352/242/352 351/243/351
f 1930/236/1930 1931/235/1931 351/243/351 350/244/350
f 328/188/328 1930/236/1930 350/244/350 15/189/15
f 327/187/327 1927/232/1927 1930/236/1930 328/188/328
f 326/186/326 1924/229/1924 1927/232/1927 327/187/327
f 1933/245/1933 1934/246/1934 1937/247/1937 1936/248/1936
f 1934/246/1934 1935/249/1935 1938/250/1938 1937/247/1937
f 1936/248/1936 1937/247/1937 1940/251/1940 1939/252/1939
f 1937/247/1937 1938/250/1938 1941/253/1941 1940/251/1940
f 15/189/15 350/244/350 1933/245/1933 332/202/332
f 350/244/350 351/243/351 1934/246/1934 1933/245/1933
f 351/243/351 352/242/352 1935/249/1935 1934/246/1934
f 352/242/352 19/241/19 353/254/353 1935/249/1935
f 1935/249/1935 353/254/353 354/255/354 1938/250/1938
f 1938/250/1938 354/255/354 355/256/355 1941/253/1941
f 1941/253/1941 355/256/355 20/257/20 358/258/358
f 1940/251/1940 1941/253/1941 358/258/358 357/259/357
f 1939/252/1939 1940/251/1940 357/259/357 356/260/356
f 334/204/334 1939/252/1939 356/260/356 16/205/16
f 333/203/333 1936/248/1936 1939/252/1939 334/204/334
f 332/202/332 1933/245/1933 1936/248/1936 333/203/333
f 1942/261/1942 1943/262/1943 1946/263/1946 1945/264/1945
f 1943/262/1943 1944/265/1944 1947/266/1947 1946/263/1946
f 1945/264/1945 1946/263/1946 1949/267/1949 1948/268/1948
f 1946/263/1946 1947/266/1947 1950/269/1950 1949/267/1949
f 17/221/17 359/270/359 1942/261/1942 341/222/341
f 359/270/359 360/271/360 1943/262/1943 1942/261/1942
f 360/271/360 361/272/361 1944/265/1944 1943/262/1943
f 361/272/361 21/273/21 362/274/362 1944/265/1944
f 1944/265/1944 362/274/362 363/275/363 1947/266/1947
f 1947/266/1947 363/275/363 364/276/364 1950/269/1950
f 1950/269/1950 364/276/364 22/277/22 367/278/367
f 1949/267/1949 1950/269/1950 367/278/367 366/279/366
f 1948/268/1948 1949/267/1949 366/279/366 365/280/365
f 343/224/343 1948/268/1948 365/280/365 18/225/18
f 342/223/342 1945/264/1945 1948/268/1948 343/224/343
f 341/222/341 1942/261/1942 1945/264/1945 342/223/342
f 1951/281/1951 1952/282/1952 1955/283/1955 1954/284/1954
f 1952/282/1952 1953/285/1953 1956/286/1956 1955/283/1955
f 1954/284/1954 1955/283/1955 1958/287/1958 1957/288/1957
f 1955/283/1955 1956/286/1956 1959/289/1959 1958/287/1958
f 18/225/18 365/280/365 1951/281/1951 347/238/347
f 365/280/365 366/279/366 1952/282/1952 1951/281/1951
f 366/279/366 367/278/367 1953/285/1953 1952/282/1952
f 367/278/367 22/277/22 368/290/368 1953/285/1953
f 1953/285/1953 368/290/368 369/291/369 1956/286/1956
f 1956/286/1956 369/291/369 370/292/370 1959/289/1959
f 1959/289/1959 370/292/370 23/293/23 373/294/373
f 1958/287/1958 1959/289/1959 373/294/373 372/295/372
f 1957/288/1957 1958/287/1958 372/295/372 371/296/371
f 349/240/349 1957/288/1957 371/296/371 19/241/19
f 348/239/348 1954/284/1954 1957/288/1957 349/240/349
f 347/238/347 1951/281/1951 1954/284/1954 348/239/348
f 1960/297/1960 1961/298/1961 1964/299/1964 1963/300/1963
f 1961/298/1961 1962/301/1962 1965/302/1965 1964/299/1964
f 1963/300/1963 1964/299/1964 1967/303/1967 1966/304/1966
f 1964/299/1964 1965/302/1965 1968/305/1968 1967/303/1967
f 19/241/19 371/296/371 1960/297/1960 353/254/353
f 371/296/371 372/295/372 1961/298/1961 1960/297/1960
f 372/295/372 373/294/373 1962/301/1962 1961/298/1961
f 373/294/373 23/293/23 1756/306/1756 1962/301/1962
f 1962/301/1962 1756/306/1756 1757/307/1757 1965/302/1965
f 1965/302/1965 1757/307/1757 1758/308/1758 1968/305/1968
f 1968/305/1968 1758/308/1758 24/309/24 1761/310/1761
f 1967/303/1967 1968/305/1968 1761/310/1761 1760/311/1760
f 1966/304/1966 1967/303/1967 1760/311/1760 1759/312/1759
f 355/256/355 1966/304/1966 1759/312/1759 20/257/20
f 354/255/354 1963/300/1963 1966/304/1966 355/256/355
f 353/254/353 1960/297/1960 1963/300/1963 354/255/354
f 1969/313/1969 1970/314/1970 1973/315/1973 1972/316/1972
f 1970/314/1970 1971/317/1971 1974/318/1974 1973/315/1973
f 1972/316/1972 1973/315/1973 1976/319/1976 1975/320/1975
f 1973/315/1973 1974/318/1974 1977/321/1977 1976/319/1976
f 25/322/25 1776/323/1776 1969/313/1969 1779/324/1779
f 1776/323/1776 1775/325/1775 1970/314/1970 1969/313/1969
f 1775/325/1775 1774/326/1774 1971/317/1971 1970/314/1970
f 1774/326/1774 26/327/26 374/328/374 1971/317/1971
f 1971/317/1971 374/328/374 375/329/375 1974/318/1974
f 1974/318/1974 375/329/375 376/330/376 1977/321/1977
f 1977/321/1977 376/330/376 27/331/27 377/332/377
f 1976/319/1976 1977/321/1977 377/332/377 378/333/378
f 1975/320/1975 1976/319/1976 378/333/378 379/334/379
f 1777/335/1777 1975/320/1975 379/334/379 28/336/28
f 1778/337/1778 1972/316/1972 1975/320/1975 1777/335/1777
f 1779/324/1779 1969/313/1969 1972/316/1972 1778/337/1778
f 1978/338/1978 1979/339/1979 1982/340/1982 1981/341/1981
f 1979/339/1979 1980/342/1980 1983/343/1983 1982/340/1982
f 1981/341/1981 1982/340/1982 1985/344/1985 1984/345/1984
f 1982/340/1982 1983/343/1983 1986/346/1986 1985/344/1985
f 28/336/28 379/334/379 1978/338/1978 386/347/386
f 379/334/379 378/333/378 1979/339/1979 1978/338/1978
f 378/333/378 377/332/377 1980/342/1980 1979/339/1979
f 377/332/377 27/331/27 380/348/380 1980/342/1980
f 1980/342/1980 380/348/380 381/349/381 1983/343/1983
f 1983/343/1983 381/349/381 382/350/382 1986/346/1986
f 1986/346/1986 382/350/382 29/351/29 383/352/383
f 1985/344/1985 1986/346/1986 383/352/383 384/353/384
f 1984/345/1984 1985/344/1985 384/353/384 385/354/385
f 388/355/388 1984/345/1984 385/354/385 30/356/30
f 387/357/387 1981/341/1981 1984/345/1984 388/355/388
f 386/347/386 1978/338/1978 1981/341/1981 387/357/387
f 1987/358/1987 1988/359/1988 1991/360/1991 1990/361/1990
f 1988/359/1988 1989/362/1989 1992/363/1992 1991/360/1991
f 1990/361/1990 1991/360/1991 1994/364/1994 1993/365/1993
f 1991/360/1991 1992/363/1992 1995/366/1995 1994/364/1994
f 30/356/30 385/354/385 1987/358/1987 395/367/395
f 385/354/385 384/353/384 1988/359/1988 1987/358/1987
f 384/353/384 383/352/383 1989/362/1989 1988/359/1988
f 383/352/383 29/351/29 389/368/389 1989/362/1989
f 1989/362/1989 389/368/389 390/369/390 1992/363/1992
f 1992/363/1992 390/369/390 391/370/391 1995/366/1995
f 1995/366/1995 391/370/391 31/371/31 392/372/392
f 1994/364/1994 1995/366/1995 392/372/392 393/373/393
f 1993/365/1993 1994/364/1994 393/373/393 394/374/394
f 397/375/397 1993/365/1993 394/374/394 32/376/32
f 396/377/396 1990/361/1990 1993/365/1993 397/375/397
f 395/367/395 1987/358/1987 1990/361/1990 396/377/396
f 1996/378/1996 1997/379/1997 2000/380/2000 1999/381/1999
f 1997/379/1997 1998/382/1998 2001/383/2001 2000/380/2000
f 1999/381/1999 2000/380/2000 2003/384/2003 2002/385/2002
f 2000/380/2000 2001/383/2001 2004/386/2004 2003/384/2003
f 32/376/32 394/374/394 1996/378/1996 404/387/404
f 394/374/394 393/373/393 1997/379/1997 1996/378/1996
f 393/373/393 392/372/392 1998/382/1998 1997/379/1997
f 392/372/392 31/371/31 398/388/398 1998/382/1998
f 1998/382/1998 398/388/398 399/389/399 2001/383/2001
f 2001/383/2001 399/389/399 400/390/400 2004/386/2004
f 2004/386/2004 400/390/400 33/391/33 401/392/401
f 2003/384/2003 2004/386/2004 401/392/401 402/393/402
f 2002/385/2002 2003/384/2003 402/393/402 403/394/403
f 406/395/406 2002/385/2002 403/394/403 34/396/34
f 405/397/405 1999/381/1999 2002/385/2002 406/395/406
f 404/387/404 1996/378/1996 1999/381/1999 405/397/405
f 2005/398/2005 2006/399/2006 2009/400/2009 2008/401/2008
f 2006/399/2006 2007/402/2007 2010/403/2010 2009/400/2009
f 2008/401/2008 2009/400/2009 2012/404/2012 2011/405/2011
f 2009/400/2009 2010/403/2010 2013/406/2013 2012/404/2012
f 34/396/34 403/394/403 2005/398/2005 413/407/413
f 403/394/403 402/393/402 2006/399/2006 2005/398/2005
f 402/393/402 401/392/401 2007/402/2007 2006/399/2006
f 401/392/401 33/391/33 407/408/407 2007/402/2007
f 2007/402/2007 407/408/407 408/409/408 2010/403/2010
f 2010/403/2010 408/409/408 409/410/409 2013/406/2013
f 2013/406/2013 409/410/409 35/411/35 410/412/410
f 2012/404/2012 2013/406/2013 410/412/410 411/413/411
f 2011/405/2011 2012/404/2012 411/413/411 412/414/412
f 415/415/415 2011/405/2011 412/414/412 36/416/36
f 414/417/414 2008/401/2008 2011/405/2011 415/415/415
f 413/407/413 2005/398/2005 2008/401/2008 414/417/414
f 2014/418/2014 2015/419/2015 2018/420/2018 2017/421/2017
f 2015/419/2015 2016/422/2016 2019/423/2019 2018/420/2018
f 2017/421/2017 2018/420/2018 2021/424/2021 2020/425/2020
f 2018/420/2018 2019/423/2019 2022/426/2022 2021/424/2021
f 36/416/36 412/414/412 2014/418/2014 847/427/847
f 412/414/412 411/413/411 2015/419/2015 2014/418/2014
f 411/413/411 410/412/410 2016/422/2016 2015/419/2015
f 410/412/410 35/411/35 416/428/416 2016/422/2016
f 2016/422/2016 416/428/416 417/429/417 2019/423/2019
f 2019/423/2019 417/429/417 418/430/418 2022/426/2022
f 846/431/846 2017/421/2017 2020/425/2020 845/432/845
f 847/427/847 2014/418/2014 2017/421/2017 846/431/846
f 2023/433/2023 2024/434/2024 2027/435/2027 2026/436/2026
f 2024/434/2024 2025/437/2025 2028/438/2028 2027/435/2027
f 2026/436/2026 2027/435/2027 2030/439/2030 2029/440/2029
f 2027/435/2027 2028/438/2028 2031/441/2031 2030/439/2030
f 26/327/26 422/442/422 2023/433/2023 374/328/374
f 422/442/422 423/443/423 2024/434/2024 2023/433/2023
f 423/443/423 424/444/424 2025/437/2025 2024/434/2024
f 424/444/424 37/445/37 425/446/425 2025/437/2025
f 2025/437/2025 425/446/425 426/447/426 2028/438/2028
f 2028/438/2028 426/447/426 427/448/427 2031/441/2031
f 2031/441/2031 427/448/427 38/449/38 430/450/430
f 2030/439/2030 2031/441/2031 430/450/430 429/451/429
f 2029/440/2029 2030/439/2030 429/451/429 428/452/428
f 376/330/376 2029/440/2029 428/452/428 27/331/27
f 375/329/375 2026/436/2026 2029/440/2029 376/330/376
f 374/328/374 2023/433/2023 2026/436/2026 375/329/375
f 2032/453/2032 2033/454/2033 2036/455/2036 2035/456/2035
f 2033/454/2033 2034/457/2034 2037/458/2037 2036/455/2036
f 2035/456/2035 2036/455/2036 2039/459/2039 2038/460/2038
f 2036/455/2036 2037/458/2037 2040/461/2040 2039/459/2039
f 27/331/27 428/452/428 2032/453/2032 380/348/380
f 428/452/428 429/451/429 2033/454/2033 2032/453/2032
f 429/451/429 430/450/430 2034/457/2034 2033/454/2033
f 430/450/430 38/449/38 431/462/431 2034/457/2034
f 2034/457/2034 431/462/431 432/463/432 2037/458/2037
f 2037/458/2037 432/463/432 433/464/433 2040/461/2040
f 2040/461/2040 433/464/433 39/465/39 436/466/436
f 2039/459/2039 2040/461/2040 436/466/436 435/467/435
f 2038/460/2038 2039/459/2039 435/467/435 434/468/434
f 382/350/382 2038/460/2038 434/468/434 29/351/29
f 381/349/381 2035/456/2035 2038/460/2038 382/350/382
f 380/348/380 2032/453/2032 2035/456/2035 381/349/381
f 2041/469/2041 2042/470/2042 2045/471/2045 2044/472/2044
f 2042/470/2042 2043/473/2043 2046/474/2046 2045/471/2045
f 2044/472/2044 2045/471/2045 2048/475/2048 2047/476/2047
f 2045/471/2045 2046/474/2046 2049/477/2049 2048/475/2048
f 29/351/29 434/468/434 2041/469/2041 389/368/389
f 434/468/434 435/467/435 2042/470/2042 2041/469/2041
f 435/467/435 436/466/436 2043/473/2043 2042/470/2042
f 436/466/436 39/465/39 437/478/437 2043/473/2043
f 2043/473/2043 437/478/437 438/479/438 2046/474/2046
f 2046/474/2046 438/479/438 439/480/439 2049/477/2049
f 2049/477/2049 439/480/439 40/481/40 442/482/442
f 2048/475/2048 2049/477/2049 442/482/442 441/483/441
f 2047/476/2047 2048/475/2048 441/483/441 440/484/440
f 391/370/391 2047/476/2047 440/484/440 31/371/31
f 390/369/390 2044/472/2044 2047/476/2047 391/370/391
f 389/368/389 2041/469/2041 2044/472/2044 390/369/390
f 2050/485/2050 2051/486/2051 2054/487/2054 2053/488/2053
f 2051/486/2051 2052/489/2052 2055/490/2055 2054/487/2054
f 2053/488/2053 2054/487/2054 2057/491/2057 2056/492/2056
f 2054/487/2054 2055/490/2055 2058/493/2058 2057/491/2057
f 31/371/31 440/484/440 2050/485/2050 398/388/398
f 440/484/440 441/483/441 2051/486/2051 2050/485/2050
f 441/483/441 442/482/442 2052/489/2052 2051/486/2051
f 442/482/442 40/481/40 443/494/443 2052/489/2052
f 2052/489/2052 443/494/443 444/495/444 2055/490/2055
f 2055/490/2055 444/495/444 445/496/445 2058/493/2058
f 2058/493/2058 445/496/445 41/497/41 448/498/448
f 2057/491/2057 2058/493/2058 448/498/448 447/499/447
f 2056/492/2056 2057/491/2057 447/499/447 446/500/446
f 400/390/400 2056/492/2056 446/500/446 33/391/33
f 399/389/399 2053/488/2053 2056/492/2056 400/390/400
f 398/388/398 2050/485/2050 2053/488/2053 399/389/399
f 2059/501/2059 2060/502/2060 2063/503/2063 2062/504/2062
f 2060/502/2060 2061/505/2061 2064/506/2064 2063/503/2063
f 2062/504/2062 2063/503/2063 2066/507/2066 2065/508/2065
f 2063/503/2063 2064/506/2064 2067/509/2067 2066/507/2066
f 33/391/33 446/500/446 2059/501/2059 407/408/407
f 446/500/446 447/499/447 2060/502/2060 2059/501/2059
f 447/499/447 448/498/448 2061/505/2061 2060/502/2060
f 448/498/448 41/497/41 449/510/449 2061/505/2061
f 2061/505/2061 449/510/449 450/511/450 2064/506/2064
f 2064/506/2064 450/511/450 451/512/451 2067/509/2067
f 2067/509/2067 451/512/451 42/513/42 454/514/454
f 2066/507/2066 2067/509/2067 454/514/454 453/515/453
f 2065/508/2065 2066/507/2066 453/515/453 452/516/452
f 409/410/409 2065/508/2065 452/516/452 35/411/35
f 408/409/408 2062/504/2062 2065/508/2065 409/410/409
f 407/408/407 2059/501/2059 2062/504/2062 408/409/408
f 2068/517/2068 2069/518/2069 2072/519/2072 2071/520/2071
f 2069/518/2069 2070/521/2070 2073/522/2073 2072/519/2072
f 2071/520/2071 2072/519/2072 2075/523/2075 2074/524/2074
f 2072/519/2072 2073/522/2073 2076/525/2076 2075/523/2075
f 35/411/35 452/516/452 2068/517/2068 416/428/416
f 452/516/452 453/515/453 2069/518/2069 2068/517/2068
f 453/515/453 454/514/454 2070/521/2070 2069/518/2069
f 454/514/454 42/513/42 455/526/455 2070/521/2070
f 2070/521/2070 455/526/455 456/527/456 2073/522/2073
f 2073/522/2073 456/527/456 457/528/457 2076/525/2076
f 417/429/417 2071/520/2071 2074/524/2074 418/430/418
f 416/428/416 2068/517/2068 2071/520/2071 417/429/417
f 2077/529/2077 2078/530/2078 2081/531/2081 2080/532/2080
f 2078/530/2078 2079/533/2079 2082/534/2082 2081/531/2081
f 2080/532/2080 2081/531/2081 2084/535/2084 2083/536/2083
f 2081/531/2081 2082/534/2082 2085/537/2085 2084/535/2084
f 37/445/37 458/538/458 2077/529/2077 425/446/425
f 458/538/458 459/539/459 2078/530/2078 2077/529/2077
f 459/539/459 460/540/460 2079/533/2079 2078/530/2078
f 460/540/460 43/541/43 461/542/461 2079/533/2079
f 2079/533/2079 461/542/461 462/543/462 2082/534/2082
f 2082/534/2082 462/543/462 463/544/463 2085/537/2085
f 2085/537/2085 463/544/463 44/545/44 466/546/466
f 2084/535/2084 2085/537/2085 466/546/466 465/547/465
f 2083/536/2083 2084/535/2084 465/547/465 464/548/464
f 427/448/427 2083/536/2083 464/548/464 38/449/38
f 426/447/426 2080/532/2080 2083/536/2083 427/448/427
f 425/446/425 2077/529/2077 2080/532/2080 426/447/426
f 2086/549/2086 2087/550/2087 2090/551/2090 2089/552/2089
f 2087/550/2087 2088/553/2088 2091/554/2091 2090/551/2090
f 2089/552/2089 2090/551/2090 2093/555/2093 2092/556/2092
f 2090/551/2090 2091/554/2091 2094/557/2094 2093/555/2093
f 38/449/38 464/548/464 2086/549/2086 431/462/431
f 464/548/464 465/547/465 2087/550/2087 2086/549/2086
f 465/547/465 466/546/466 2088/553/2088 2087/550/2087
f 466/546/466 44/545/44 467/558/467 2088/553/2088
f 2088/553/2088 467/558/467 468/559/468 2091/554/2091
f 2091/554/2091 468/559/468 469/560/469 2094/557/2094
f 2094/557/2094 469/560/469 45/561/45 472/562/472
f 2093/555/2093 2094/557/2094 472/562/472 471/563/471
f 2092/556/2092 2093/555/2093 471/563/471 470/564/470
f 433/464/433 2092/556/2092 470/564/470 39/465/39
f 432/463/432 2089/552/2089 2092/556/2092 433/464/433
f 431/462/431 2086/549/2086 2089/552/2089 432/463/432
f 2095/565/2095 2096/566/2096 2099/567/2099 2098/568/2098
f 2096/566/2096 2097/569/2097 2100/570/2100 2099/567/2099
f 2098/568/2098 2099/567/2099 2102/571/2102 2101/572/2101
f 2099/567/2099 2100/570/2100 2103/573/2103 2102/571/2102
f 39/465/39 470/564/470 2095/565/2095 437/478/437
f 470/564/470 471/563/471 2096/566/2096 2095/565/2095
f 471/563/471 472/562/472 2097/569/2097 2096/566/2096
f 472/562/472 45/561/45 473/574/473 2097/569/2097
f 2097/569/2097 473/574/473 474/575/474 2100/570/2100
f 2100/570/2100 474/575/474 475/576/475 2103/573/2103
f 2103/573/2103 475/576/475 46/577/46 478/578/478
f 2102/571/2102 2103/573/2103 478/578/478 477/579/477
f 2101/572/2101 2102/571/2102 477/579/477 476/580/476
f 439/480/439 2101/572/2101 476/580/476 40/481/40
f 438/479/438 2098/568/2098 2101/572/2101 439/480/439
f 437/478/437 2095/565/2095 2098/568/2098 438/479/438
f 2104/581/2104 2105/582/2105 2108/583/2108 2107/584/2107
f 2105/582/2105 2106/585/2106 2109/586/2109 2108/583/2108
f 2107/584/2107 2108/583/2108 2111/587/2111 2110/588/2110
f 2108/583/2108 2109/586/2109 2112/589/2112 2111/587/2111
f 40/481/40 476/580/476 2104/581/2104 443/494/443
f 476/580/476 477/579/477 2105/582/2105 2104/581/2104
f 477/579/477 478/578/478 2106/585/2106 2105/582/2105
f 478/578/478 46/577/46 479/590/479 2106/585/2106
f 2106/585/2106 479/590/479 480/591/480 2109/586/2109
f 2109/586/2109 480/591/480 481/592/481 2112/589/2112
f 2112/589/2112 481/592/481 47/593/47 484/594/484
f 2111/587/2111 2112/589/2112 484/594/484 483/595/483
f 2110/588/2110 2111/587/2111 483/595/483 482/596/482
f 445/496/445 2110/588/2110 482/596/482 41/497/41
f 444/495/444 2107/584/2107 2110/588/2110 445/496/445
f 443/494/443 2104/581/2104 2107/584/2107 444/495/444
f 2113/597/2113 2114/598/2114 2117/599/2117 2116/600/2116
f 2114/598/2114 2115/601/2115 2118/602/2118 2117/599/2117
f 2116/600/2116 2117/599/2117 2120/603/2120 2119/604/2119
f 2117/599/2117 2118/602/2118 2121/605/2121 2120/603/2120
f 41/497/41 482/596/482 2113/597/2113 449/510/449
f 482/596/482 483/595/483 2114/598/2114 2113/597/2113
f 483/595/483 484/594/484 2115/601/2115 2114/598/2114
f 484/594/484 47/593/47 485/606/485 2115/601/2115
f 2115/601/2115 485/606/485 486/607/486 2118/602/2118
f 2118/602/2118 486/607/486 487/608/487 2121/605/2121
f 2121/605/2121 487/608/487 48/609/48 490/610/490
f 2120/603/2120 2121/605/2121 490/610/490 489/611/489
f 2119/604/2119 2120/603/2120 489/611/489 488/612/488
f 451/512/451 2119/604/2119 488/612/488 42/513/42
f 450/511/450 2116/600/2116 2119/604/2119 451/512/451
f 449/510/449 2113/597/2113 2116/600/2116 450/511/450
f 2122/613/2122 2123/614/2123 2126/615/2126 2125/616/2125
f 2123/614/2123 2124/617/2124 2127/618/2127 2126/615/2126
f 2125/616/2125 2126/615/2126 2129/619/2129 2128/620/2128
f 2126/615/2126 2127/618/2127 2130/621/2130 2129/619/2129
f 42/513/42 488/612/488 2122/613/2122 455/526/455
f 488/612/488 489/611/489 2123/614/2123 2122/613/2122
f 489/611/489 490/610/490 2124/617/2124 2123/614/2123
f 490/610/490 48/609/48 491/622/491 2124/617/2124
f 2124/617/2124 491/622/491 492/623/492 2127/618/2127
f 2127/618/2127 492/623/492 493/624/493 2130/621/2130
f 456/527/456 2125/616/2125 2128/620/2128 457/528/457
f 455/526/455 2122/613/2122 2125/616/2125 456/527/456
f 2131/625/2131 2132/626/2132 2135/627/2135 2134/628/2134
f 2132/626/2132 2133/629/2133 2136/630/2136 2135/627/2135
f 2134/628/2134 2135/627/2135 2138/631/2138 2137/632/2137
f 2135/627/2135 2136/630/2136 2139/633/2139 2138/631/2138
f 49/634/49 494/635/494 2131/625/2131 503/636/503
f 494/635/494 495/637/495 2132/626/2132 2131/625/2131
f 495/637/495 496/638/496 2133/629/2133 2132/626/2132
f 496/638/496 50/639/50 497/640/497 2133/629/2133
f 2133/629/2133 497/640/497 498/641/498 2136/630/2136
f 2136/630/2136 498/641/498 499/642/499 2139/633/2139
f 2139/633/2139 499/642/499 51/643/51 500/644/500
f 2138/631/2138 2139/633/2139 500/644/500 501/645/501
f 2137/632/2137 2138/631/2138 501/645/501 502/646/502
f 505/647/505 2137/632/2137 502/646/502 52/648/52
f 504/649/504 2134/628/2134 2137/632/2137 505/647/505
f 503/636/503 2131/625/2131 2134/628/2134 504/649/504
f 2140/650/2140 2141/651/2141 2144/652/2144 2143/653/2143
f 2141/651/2141 2142/654/2142 2145/655/2145 2144/652/2144
f 2143/653/2143 2144/652/2144 2147/656/2147 2146/657/2146
f 2144/652/2144 2145/655/2145 2148/658/2148 2147/656/2147
f 52/648/52 502/646/502 2140/650/2140 512/659/512
f 502/646/502 501/645/501 2141/651/2141 2140/650/2140
f 501/645/501 500/644/500 2142/654/2142 2141/651/2141
f 500/644/500 51/643/51 506/660/506 2142/654/2142
f 2142/654/2142 506/660/506 507/661/507 2145/655/2145
f 2145/655/2145 507/661/507 508/662/508 2148/658/2148
f 2148/658/2148 508/662/508 53/663/53 1466/664/1466
f 2147/656/2147 2148/658/2148 1466/664/1466 1467/665/1467
f 2146/657/2146 2147/656/2147 1467/665/1467 1468/666/1468
f 514/667/514 2146/657/2146 1468/666/1468 54/668/54
f 513/669/513 2143/653/2143 2146/657/2146 514/667/514
f 512/659/512 2140/650/2140 2143/653/2143 513/669/513
f 2149/670/2149 2150/671/2150 2153/672/2153 2152/673/2152
f 2150/671/2150 2151/674/2151 2154/675/2154 2153/672/2153
f 2152/673/2152 2153/672/2153 2156/676/2156 2155/677/2155
f 2153/672/2153 2154/675/2154 2157/678/2157 2156/676/2156
f 50/639/50 515/679/515 2149/670/2149 497/640/497
f 515/679/515 516/680/516 2150/671/2150 2149/670/2149
f 516/680/516 517/681/517 2151/674/2151 2150/671/2150
f 517/681/517 55/682/55 518/683/518 2151/674/2151
f 2151/674/2151 518/683/518 519/684/519 2154/675/2154
f 2154/675/2154 519/684/519 520/685/520 2157/678/2157
f 2157/678/2157 520/685/520 56/686/56 523/687/523
f 2156/676/2156 2157/678/2157 523/687/523 522/688/522
f 2155/677/2155 2156/676/2156 522/688/522 521/689/521
f 499/642/499 2155/677/2155 521/689/521 51/643/51
f 498/641/498 2152/673/2152 2155/677/2155 499/642/499
f 497/640/497 2149/670/2149 2152/673/2152 498/641/498
f 2158/690/2158 2159/691/2159 2162/692/2162 2161/693/2161
f 2159/691/2159 2160/694/2160 2163/695/2163 2162/692/2162
f 2161/693/2161 2162/692/2162 2165/696/2165 2164/697/2164
f 2162/692/2162 2163/695/2163 2166/698/2166 2165/696/2165
f 51/643/51 521/689/521 2158/690/2158 506/660/506
f 521/689/521 522/688/522 2159/691/2159 2158/690/2158
f 522/688/522 523/687/523 2160/694/2160 2159/691/2159
f 523/687/523 56/686/56 524/699/524 2160/694/2160
f 2160/694/2160 524/699/524 525/700/525 2163/695/2163
f 2163/695/2163 525/700/525 526/701/526 2166/698/2166
f 2166/698/2166 526/701/526 57/702/57 529/703/529
f 2165/696/2165 2166/698/2166 529/703/529 528/704/528
f 2164/697/2164 2165/696/2165 528/704/528 527/705/527
f 508/662/508 2164/697/2164 527/705/527 53/663/53
f 507/661/507 2161/693/2161 2164/697/2164 508/662/508
f 506/660/506 2158/690/2158 2161/693/2161 507/661/507
f 2167/706/2167 2168/707/2168 2171/708/2171 2170/709/2170
f 2168/707/2168 2169/710/2169 2172/711/2172 2171/708/2171
f 2170/709/2170 2171/708/2171 2174/712/2174 2173/713/2173
f 2171/708/2171 2172/711/2172 2175/714/2175 2174/712/2174
f 55/682/55 530/715/530 2167/706/2167 518/683/518
f 530/715/530 531/716/531 2168/707/2168 2167/706/2167
f 531/716/531 532/717/532 2169/710/2169 2168/707/2168
f 532/717/532 58/718/58 533/719/533 2169/710/2169
f 2169/710/2169 533/719/533 534/720/534 2172/711/2172
f 2172/711/2172 534/720/534 535/721/535 2175/714/2175
f 2175/714/2175 535/721/535 59/722/59 538/723/538
f 2174/712/2174 2175/714/2175 538/723/538 537/724/537
f 2173/713/2173 2174/712/2174 537/724/537 536/725/536
f 520/685/520 2173/713/2173 536/725/536 56/686/56
f 519/684/519 2170/709/2170 2173/713/2173 520/685/520
f 518/683/518 2167/706/2167 2170/709/2170 519/684/519
f 2176/726/2176 2177/727/2177 2180/728/2180 2179/729/2179
f 2177/727/2177 2178/730/2178 2181/731/2181 2180/728/2180
f 2179/729/2179 2180/728/2180 2183/732/2183 2182/733/2182
f 2180/728/2180 2181/731/2181 2184/734/2184 2183/732/2183
f 56/686/56 536/725/536 2176/726/2176 524/699/524
f 536/725/536 537/724/537 2177/727/2177 2176/726/2176
f 537/724/537 538/723/538 2178/730/2178 2177/727/2177
f 538/723/538 59/722/59 542/735/542 2178/730/2178
f 2178/730/2178 542/735/542 543/736/543 2181/731/2181
f 2181/731/2181 543/736/543 544/737/544 2184/734/2184
f 2184/734/2184 544/737/544 60/738/60 826/739/826
f 2183/732/2183 2184/734/2184 826/739/826 825/740/825
f 2182/733/2182 2183/732/2183 825/740/825 824/741/824
f 526/701/526 2182/733/2182 824/741/824 57/702/57
f 525/700/525 2179/729/2179 2182/733/2182 526/701/526
f 524/699/524 2176/726/2176 2179/729/2179 525/700/525
f 2185/742/2185 2186/743/2186 2189/744/2189 2188/745/2188
f 2186/743/2186 2187/746/2187 2190/747/2190 2189/744/2189
f 2188/745/2188 2189/744/2189 2192/748/2192 2191/749/2191
f 2189/744/2189 2190/747/2190 2193/750/2193 2192/748/2192
f 61/751/61 1797/752/1797 2185/742/2185 1794/753/1794
f 1797/752/1797 1796/754/1796 2186/743/2186 2185/742/2185
f 1796/754/1796 1795/755/1795 2187/746/2187 2186/743/2186
f 1795/755/1795 62/756/62 545/757/545 2187/746/2187
f 2187/746/2187 545/757/545 546/758/546 2190/747/2190
f 2190/747/2190 546/758/546 547/759/547 2193/750/2193
f 2193/750/2193 547/759/547 63/760/63 548/761/548
f 2192/748/2192 2193/750/2193 548/761/548 549/762/549
f 2191/749/2191 2192/748/2192 549/762/549 550/763/550
f 1792/764/1792 2191/749/2191 550/763/550 64/765/64
f 1793/766/1793 2188/745/2188 2191/749/2191 1792/764/1792
f 1794/753/1794 2185/742/2185 2188/745/2188 1793/766/1793
f 2194/767/2194 2195/768/2195 2198/769/2198 2197/770/2197
f 2195/768/2195 2196/771/2196 2199/772/2199 2198/769/2198
f 2197/770/2197 2198/769/2198 2201/773/2201 2200/774/2200
f 2198/769/2198 2199/772/2199 2202/775/2202 2201/773/2201
f 64/765/64 550/763/550 2194/767/2194 557/776/557
f 550/763/550 549/762/549 2195/768/2195 2194/767/2194
f 549/762/549 548/761/548 2196/771/2196 2195/768/2195
f 548/761/548 63/760/63 551/777/551 2196/771/2196
f 2196/771/2196 551/777/551 552/778/552 2199/772/2199
f 2199/772/2199 552/778/552 553/779/553 2202/775/2202
f 2202/775/2202 553/779/553 65/780/65 554/781/554
f 2201/773/2201 2202/775/2202 554/781/554 555/782/555
f 2200/774/2200 2201/773/2201 555/782/555 556/783/556
f 559/784/559 2200/774/2200 556/783/556 66/785/66
f 558/786/558 2197/770/2197 2200/774/2200 559/784/559
f 557/776/557 2194/767/2194 2197/770/2197 558/786/558
f 2203/787/2203 2204/788/2204 2207/789/2207 2206/790/2206
f 2204/788/2204 2205/791/2205 2208/792/2208 2207/789/2207
f 2206/790/2206 2207/789/2207 2210/793/2210 2209/794/2209
f 2207/789/2207 2208/792/2208 2211/795/2211 2210/793/2210
f 66/785/66 556/783/556 2203/787/2203 566/796/566
f 556/783/556 555/782/555 2204/788/2204 2203/787/2203
f 555/782/555 554/781/554 2205/791/2205 2204/788/2204
f 554/781/554 65/780/65 560/797/560 2205/791/2205
f 2205/791/2205 560/797/560 561/798/561 2208/792/2208
f 2208/792/2208 561/798/561 562/799/562 2211/795/2211
f 2211/795/2211 562/799/562 67/800/67 1576/801/1576
f 2210/793/2210 2211/795/2211 1576/801/1576 1575/802/1575
f 2209/794/2209 2210/793/2210 1575/802/1575 1574/803/1574
f 568/804/568 2209/794/2209 1574/803/1574 68/805/68
f 567/806/567 2206/790/2206 2209/794/2209 568/804/568
f 566/796/566 2203/787/2203 2206/790/2206 567/806/567
f 2212/807/2212 2213/808/2213 2216/809/2216 2215/810/2215
f 2213/808/2213 2214/811/2214 2217/812/2217 2216/809/2216
f 2215/810/2215 2216/809/2216 2219/813/2219 2218/814/2218
f 2216/809/2216 2217/812/2217 2220/815/2220 2219/813/2219
f 62/756/62 569/816/569 2212/807/2212 545/757/545
f 569/816/569 570/817/570 2213/808/2213 2212/807/2212
f 570/817/570 571/818/571 2214/811/2214 2213/808/2213
f 571/818/571 69/819/69 572/820/572 2214/811/2214
f 2214/811/2214 572/820/572 573/821/573 2217/812/2217
f 2217/812/2217 573/821/573 574/822/574 2220/815/2220
f 2220/815/2220 574/822/574 70/823/70 577/824/577
f 2219/813/2219 2220/815/2220 577/824/577 576/825/576
f 2218/814/2218 2219/813/2219 576/825/576 575/826/575
f 547/759/547 2218/814/2218 575/826/575 63/760/63
f 546/758/546 2215/810/2215 2218/814/2218 547/759/547
f 545/757/545 2212/807/2212 2215/810/2215 546/758/546
f 2221/827/2221 2222/828/2222 2225/829/2225 2224/830/2224
f 2222/828/2222 2223/831/2223 2226/832/2226 2225/829/2225
f 2224/830/2224 2225/829/2225 2228/833/2228 2227/834/2227
f 2225/829/2225 2226/832/2226 2229/835/2229 2228/833/2228
f 63/760/63 575/826/575 2221/827/2221 551/777/551
f 575/826/575 576/825/576 2222/828/2222 2221/827/2221
f 576/825/576 577/824/577 2223/831/2223 2222/828/2222
f 577/824/577 70/823/70 578/836/578 2223/831/2223
f 2223/831/2223 578/836/578 579/837/579 2226/832/2226
f 2226/832/2226 579/837/579 580/838/580 2229/835/2229
f 2229/835/2229 580/838/580 71/839/71 583/840/583
f 2228/833/2228 2229/835/2229 583/840/583 582/841/582
f 2227/834/2227 2228/833/2228 582/841/582 581/842/581
f 553/779/553 2227/834/2227 581/842/581 65/780/65
f 552/778/552 2224/830/2224 2227/834/2227 553/779/553
f 551/777/551 2221/827/2221 2224/830/2224 552/778/552
f 2230/843/2230 2231/844/2231 2234/845/2234 2233/846/2233
f 2231/844/2231 2232/847/2232 2235/848/2235 2234/845/2234
f 2233/846/2233 2234/845/2234 2237/849/2237 2236/850/2236
f 2234/845/2234 2235/848/2235 2238/851/2238 2237/849/2237
f 65/780/65 581/842/581 2230/843/2230 560/797/560
f 581/842/581 582/841/582 2231/844/2231 2230/843/2230
f 582/841/582 583/840/583 2232/847/2232 2231/844/2231
f 583/840/583 71/839/71 584/852/584 2232/847/2232
f 2232/847/2232 584/852/584 585/853/585 2235/848/2235
f 2235/848/2235 585/853/585 586/854/586 2238/851/2238
f 2238/851/2238 586/854/586 72/855/72 589/856/589
f 2237/849/2237 2238/851/2238 589/856/589 588/857/588
f 2236/850/2236 2237/849/2237 588/857/588 587/858/587
f 562/799/562 2236/850/2236 587/858/587 67/800/67
f 561/798/561 2233/846/2233 2236/850/2236 562/799/562
f 560/797/560 2230/843/2230 2233/846/2233 561/798/561
f 2239/859/2239 2240/860/2240 2243/861/2243 2242/862/2242
f 2240/860/2240 2241/863/2241 2244/864/2244 2243/861/2243
f 2242/862/2242 2243/861/2243 2246/865/2246 2245/866/2245
f 2243/861/2243 2244/864/2244 2247/867/2247 2246/865/2246
f 21/273/21 590/868/590 2239/859/2239 362/274/362
f 590/868/590 591/869/591 2240/860/2240 2239/859/2239
f 591/869/591 592/870/592 2241/863/2241 2240/860/2240
f 592/870/592 73/871/73 593/872/593 2241/863/2241
f 2241/863/2241 593/872/593 594/873/594 2244/864/2244
f 2244/864/2244 594/873/594 595/874/595 2247/867/2247
f 2247/867/2247 595/874/595 74/875/74 598/876/598
f 2246/865/2246 2247/867/2247 598/876/598 597/877/597
f 2245/866/2245 2246/865/2246 597/877/597 596/878/596
f 364/276/364 2245/866/2245 596/878/596 22/277/22
f 363/275/363 2242/862/2242 2245/866/2245 364/276/364
f 362/274/362 2239/859/2239 2242/862/2242 363/275/363
f 2248/879/2248 2249/880/2249 2252/881/2252 2251/882/2251
f 2249/880/2249 2250/883/2250 2253/884/2253 2252/881/2252
f 2251/882/2251 2252/881/2252 2255/885/2255 2254/886/2254
f 2252/881/2252 2253/884/2253 2256/887/2256 2255/885/2255
f 22/277/22 596/878/596 2248/879/2248 368/290/368
f 596/878/596 597/877/597 2249/880/2249 2248/879/2248
f 597/877/597 598/876/598 2250/883/2250 2249/880/2249
f 598/876/598 74/875/74 599/888/599 2250/883/2250
f 2250/883/2250 599/888/599 600/889/600 2253/884/2253
f 2253/884/2253 600/889/600 601/890/601 2256/887/2256
f 2256/887/2256 601/890/601 75/891/75 604/892/604
f 2255/885/2255 2256/887/2256 604/892/604 603/893/603
f 2254/886/2254 2255/885/2255 603/893/603 602/894/602
f 370/292/370 2254/886/2254 602/894/602 23/293/23
f 369/291/369 2251/882/2251 2254/886/2254 370/292/370
f 368/290/368 2248/879/2248 2251/882/2251 369/291/369
f 2257/895/2257 2258/896/2258 2261/897/2261 2260/898/2260
f 2258/896/2258 2259/899/2259 2262/900/2262 2261/897/2261
f 2260/898/2260 2261/897/2261 2264/901/2264 2263/902/2263
f 2261/897/2261 2262/900/2262 2265/903/2265 2264/901/2264
f 23/293/23 602/894/602 2257/895/2257 1756/306/1756
f 602/894/602 603/893/603 2258/896/2258 2257/895/2257
f 603/893/603 604/892/604 2259/899/2259 2258/896/2258
f 604/892/604 75/891/75 605/904/605 2259/899/2259
f 2259/899/2259 605/904/605 606/905/606 2262/900/2262
f 2262/900/2262 606/905/606 607/906/607 2265/903/2265
f 2265/903/2265 607/906/607 76/907/76 1762/908/1762
f 2264/901/2264 2265/903/2265 1762/908/1762 1763/909/1763
f 2263/902/2263 2264/901/2264 1763/909/1763 1764/910/1764
f 1758/308/1758 2263/902/2263 1764/910/1764 24/309/24
f 1757/307/1757 2260/898/2260 2263/902/2263 1758/308/1758
f 1756/306/1756 2257/895/2257 2260/898/2260 1757/307/1757
f 2266/911/2266 2267/912/2267 2270/913/2270 2269/914/2269
f 2267/912/2267 2268/915/2268 2271/916/2271 2270/913/2270
f 2269/914/2269 2270/913/2270 2273/917/2273 2272/918/2272
f 2270/913/2270 2271/916/2271 2274/919/2274 2273/917/2273
f 73/871/73 610/920/610 2266/911/2266 593/872/593
f 610/920/610 609/921/609 2267/912/2267 2266/911/2266
f 609/921/609 608/922/608 2268/915/2268 2267/912/2267
f 608/922/608 58/718/58 532/717/532 2268/915/2268
f 2268/915/2268 532/717/532 531/716/531 2271/916/2271
f 2271/916/2271 531/716/531 530/715/530 2274/919/2274
f 2274/919/2274 530/715/530 55/682/55 611/923/611
f 2273/917/2273 2274/919/2274 611/923/611 612/924/612
f 2272/918/2272 2273/917/2273 612/924/612 613/925/613
f 595/874/595 2272/918/2272 613/925/613 74/875/74
f 594/873/594 2269/914/2269 2272/918/2272 595/874/595
f 593/872/593 2266/911/2266 2269/914/2269 594/873/594
f 2275/926/2275 2276/927/2276 2279/928/2279 2278/929/2278
f 2276/927/2276 2277/930/2277 2280/931/2280 2279/928/2279
f 2278/929/2278 2279/928/2279 2282/932/2282 2281/933/2281
f 2279/928/2279 2280/931/2280 2283/934/2283 2282/932/2282
f 74/875/74 613/925/613 2275/926/2275 599/888/599
f 613/925/613 612/924/612 2276/927/2276 2275/926/2275
f 612/924/612 611/923/611 2277/930/2277 2276/927/2276
f 611/923/611 55/682/55 517/681/517 2277/930/2277
f 2277/930/2277 517/681/517 516/680/516 2280/931/2280
f 2280/931/2280 516/680/516 515/679/515 2283/934/2283
f 2283/934/2283 515/679/515 50/639/50 614/935/614
f 2282/932/2282 2283/934/2283 614/935/614 615/936/615
f 2281/933/2281 2282/932/2282 615/936/615 616/937/616
f 601/890/601 2281/933/2281 616/937/616 75/891/75
f 600/889/600 2278/929/2278 2281/933/2281 601/890/601
f 599/888/599 2275/926/2275 2278/929/2278 600/889/600
f 2284/938/2284 2285/939/2285 2288/940/2288 2287/941/2287
f 2285/939/2285 2286/942/2286 2289/943/2289 2288/940/2288
f 2287/941/2287 2288/940/2288 2291/944/2291 2290/945/2290
f 2288/940/2288 2289/943/2289 2292/946/2292 2291/944/2291
f 75/891/75 616/937/616 2284/938/2284 605/904/605
f 616/937/616 615/936/615 2285/939/2285 2284/938/2284
f 615/936/615 614/935/614 2286/942/2286 2285/939/2285
f 614/935/614 50/639/50 496/638/496 2286/942/2286
f 2286/942/2286 496/638/496 495/637/495 2289/943/2289
f 2289/943/2289 495/637/495 494/635/494 2292/946/2292
f 2292/946/2292 494/635/494 49/634/49 617/947/617
f 2291/944/2291 2292/946/2292 617/947/617 618/948/618
f 2290/945/2290 2291/944/2291 618/948/618 619/949/619
f 607/906/607 2290/945/2290 619/949/619 76/907/76
f 606/905/606 2287/941/2287 2290/945/2290 607/906/607
f 605/904/605 2284/938/2284 2287/941/2287 606/905/606
f 2293/950/2293 2294/951/2294 2297/952/2297 2296/953/2296
f 2294/951/2294 2295/954/2295 2298/955/2298 2297/952/2297
f 2296/953/2296 2297/952/2297 2300/956/2300 2299/957/2299
f 2297/952/2297 2298/955/2298 2301/958/2301 2300/956/2300
f 43/541/43 460/540/460 2293/950/2293 620/959/620
f 460/540/460 459/539/459 2294/951/2294 2293/950/2293
f 459/539/459 458/538/458 2295/954/2295 2294/951/2294
f 458/538/458 37/445/37 626/960/626 2295/954/2295
f 2295/954/2295 626/960/626 627/961/627 2298/955/2298
f 2298/955/2298 627/961/627 628/962/628 2301/958/2301
f 2301/958/2301 628/962/628 78/963/78 625/964/625
f 2300/956/2300 2301/958/2301 625/964/625 624/965/624
f 2299/957/2299 2300/956/2300 624/965/624 623/966/623
f 622/967/622 2299/957/2299 623/966/623 77/968/77
f 621/969/621 2296/953/2296 2299/957/2299 622/967/622
f 620/959/620 2293/950/2293 2296/953/2296 621/969/621
f 2302/970/2302 2303/971/2303 2306/972/2306 2305/973/2305
f 2303/971/2303 2304/974/2304 2307/975/2307 2306/972/2306
f 2305/973/2305 2306/972/2306 2309/976/2309 2308/977/2308
f 2306/972/2306 2307/975/2307 2310/978/2310 2309/976/2309
f 37/445/37 424/444/424 2302/970/2302 626/960/626
f 424/444/424 423/443/423 2303/971/2303 2302/970/2302
f 423/443/423 422/442/422 2304/974/2304 2303/971/2303
f 422/442/422 26/327/26 632/979/632 2304/974/2304
f 2304/974/2304 632/979/632 633/980/633 2307/975/2307
f 2307/975/2307 633/980/633 634/981/634 2310/978/2310
f 2310/978/2310 634/981/634 79/982/79 631/983/631
f 2309/976/2309 2310/978/2310 631/983/631 630/984/630
f 2308/977/2308 2309/976/2309 630/984/630 629/985/629
f 628/962/628 2308/977/2308 629/985/629 78/963/78
f 627/961/627 2305/973/2305 2308/977/2308 628/962/628
f 626/960/626 2302/970/2302 2305/973/2305 627/961/627
f 2311/986/2311 2312/987/2312 2315/988/2315 2314/989/2314
f 2312/987/2312 2313/990/2313 2316/991/2316 2315/988/2315
f 2314/989/2314 2315/988/2315 2318/992/2318 2317/993/2317
f 2315/988/2315 2316/991/2316 2319/994/2319 2318/992/2318
f 26/327/26 1774/326/1774 2311/986/2311 632/979/632
f 1774/326/1774 1775/325/1775 2312/987/2312 2311/986/2311
f 1775/325/1775 1776/323/1776 2313/990/2313 2312/987/2312
f 1776/323/1776 25/322/25 1782/995/1782 2313/990/2313
f 2313/990/2313 1782/995/1782 1781/996/1781 2316/991/2316
f 2316/991/2316 1781/996/1781 1780/997/1780 2319/994/2319
f 2319/994/2319 1780/997/1780 80/998/80 637/999/637
f 2318/992/2318 2319/994/2319 637/999/637 636/1000/636
f 2317/993/2317 2318/992/2318 636/1000/636 635/1001/635
f 634/981/634 2317/993/2317 635/1001/635 79/982/79
f 633/980/633 2314/989/2314 2317/993/2317 634/981/634
f 632/979/632 2311/986/2311 2314/989/2314 633/980/633
f 2320/1002/2320 2321/1003/2321 2324/1004/2324 2323/1005/2323
f 2321/1003/2321 2322/1006/2322 2325/1007/2325 2324/1004/2324
f 2323/1005/2323 2324/1004/2324 2327/1008/2327 2326/1009/2326
f 2324/1004/2324 2325/1007/2325 2328/1010/2328 2327/1008/2327
f 77/968/77 623/966/623 2320/1002/2320 640/1011/640
f 623/966/623 624/965/624 2321/1003/2321 2320/1002/2320
f 624/965/624 625/964/625 2322/1006/2322 2321/1003/2321
f 625/964/625 78/963/78 643/1012/643 2322/1006/2322
f 2322/1006/2322 643/1012/643 642/1013/642 2325/1007/2325
f 2325/1007/2325 642/1013/642 641/1014/641 2328/1010/2328
f 2328/1010/2328 641/1014/641 70/823/70 574/822/574
f 2327/1008/2327 2328/1010/2328 574/822/574 573/821/573
f 2326/1009/2326 2327/1008/2327 573/821/573 572/820/572
f 638/1015/638 2326/1009/2326 572/820/572 69/819/69
f 639/1016/639 2323/1005/2323 2326/1009/2326 638/1015/638
f 640/1011/640 2320/1002/2320 2323/1005/2323 639/1016/639
f 2329/1017/2329 2330/1018/2330 2333/1019/2333 2332/1020/2332
f 2330/1018/2330 2331/1021/2331 2334/1022/2334 2333/1019/2333
f 2332/1020/2332 2333/1019/2333 2336/1023/2336 2335/1024/2335
f 2333/1019/2333 2334/1022/2334 2337/1025/2337 2336/1023/2336
f 78/963/78 629/985/629 2329/1017/2329 643/1012/643
f 629/985/629 630/984/630 2330/1018/2330 2329/1017/2329
f 630/984/630 631/983/631 2331/1021/2331 2330/1018/2330
f 631/983/631 79/982/79 646/1026/646 2331/1021/2331
f 2331/1021/2331 646/1026/646 645/1027/645 2334/1022/2334
f 2334/1022/2334 645/1027/645 644/1028/644 2337/1025/2337
f 2337/1025/2337 644/1028/644 71/839/71 580/838/580
f 2336/1023/2336 2337/1025/2337 580/838/580 579/837/579
f 2335/1024/2335 2336/1023/2336 579/837/579 578/836/578
f 641/1014/641 2335/1024/2335 578/836/578 70/823/70
f 642/1013/642 2332/1020/2332 2335/1024/2335 641/1014/641
f 643/1012/643 2329/1017/2329 2332/1020/2332 642/1013/642
f 2338/1029/2338 2339/1030/2339 2342/1031/2342 2341/1032/2341
f 2339/1030/2339 2340/1033/2340 2343/1034/2343 2342/1031/2342
f 2341/1032/2341 2342/1031/2342 2345/1035/2345 2344/1036/2344
f 2342/1031/2342 2343/1034/2343 2346/1037/2346 2345/1035/2345
f 79/982/79 635/1001/635 2338/1029/2338 646/1026/646
f 635/1001/635 636/1000/636 2339/1030/2339 2338/1029/2338
f 636/1000/636 637/999/637 2340/1033/2340 2339/1030/2339
f 637/999/637 80/998/80 649/1038/649 2340/1033/2340
f 2340/1033/2340 649/1038/649 648/1039/648 2343/1034/2343
f 2343/1034/2343 648/1039/648 647/1040/647 2346/1037/2346
f 2346/1037/2346 647/1040/647 72/855/72 586/854/586
f 2345/1035/2345 2346/1037/2346 586/854/586 585/853/585
f 2344/1036/2344 2345/1035/2345 585/853/585 584/852/584
f 644/1028/644 2344/1036/2344 584/852/584 71/839/71
f 645/1027/645 2341/1032/2341 2344/1036/2344 644/1028/644
f 646/1026/646 2338/1029/2338 2341/1032/2341 645/1027/645
f 2347/1041/2347 2348/1042/2348 2351/1043/2351 2350/1044/2350
f 2348/1042/2348 2349/1045/2349 2352/1046/2352 2351/1043/2351
f 2350/1044/2350 2351/1043/2351 2354/1047/2354 2353/1048/2353
f 2351/1043/2351 2352/1046/2352 2355/1049/2355 2354/1047/2354
f 21/273/21 361/272/361 2347/1041/2347 650/1050/650
f 361/272/361 360/271/360 2348/1042/2348 2347/1041/2347
f 360/271/360 359/270/359 2349/1045/2349 2348/1042/2348
f 359/270/359 17/221/17 656/1051/656 2349/1045/2349
f 2349/1045/2349 656/1051/656 657/1052/657 2352/1046/2352
f 2352/1046/2352 657/1052/657 658/1053/658 2355/1049/2355
f 2355/1049/2355 658/1053/658 82/1054/82 655/1055/655
f 2354/1047/2354 2355/1049/2355 655/1055/655 654/1056/654
f 2353/1048/2353 2354/1047/2354 654/1056/654 653/1057/653
f 652/1058/652 2353/1048/2353 653/1057/653 81/1059/81
f 651/1060/651 2350/1044/2350 2353/1048/2353 652/1058/652
f 650/1050/650 2347/1041/2347 2350/1044/2350 651/1060/651
f 2356/1061/2356 2357/1062/2357 2360/1063/2360 2359/1064/2359
f 2357/1062/2357 2358/1065/2358 2361/1066/2361 2360/1063/2360
f 2359/1064/2359 2360/1063/2360 2363/1067/2363 2362/1068/2362
f 2360/1063/2360 2361/1066/2361 2364/1069/2364 2363/1067/2363
f 17/221/17 340/220/340 2356/1061/2356 656/1051/656
f 340/220/340 339/219/339 2357/1062/2357 2356/1061/2356
f 339/219/339 338/218/338 2358/1065/2358 2357/1062/2357
f 338/218/338 13/169/13 662/1070/662 2358/1065/2358
f 2358/1065/2358 662/1070/662 663/1071/663 2361/1066/2361
f 2361/1066/2361 663/1071/663 664/1072/664 2364/1069/2364
f 2364/1069/2364 664/1072/664 83/1073/83 661/1074/661
f 2363/1067/2363 2364/1069/2364 661/1074/661 660/1075/660
f 2362/1068/2362 2363/1067/2363 660/1075/660 659/1076/659
f 658/1053/658 2362/1068/2362 659/1076/659 82/1054/82
f 657/1052/657 2359/1064/2359 2362/1068/2362 658/1053/658
f 656/1051/656 2356/1061/2356 2359/1064/2359 657/1052/657
f 2365/1077/2365 2366/1078/2366 2369/1079/2369 2368/1080/2368
f 2366/1078/2366 2367/1081/2367 2370/1082/2370 2369/1079/2369
f 2368/1080/2368 2369/1079/2369 2372/1083/2372 2371/1084/2371
f 2369/1079/2369 2370/1082/2370 2373/1085/2373 2372/1083/2372
f 13/169/13 319/168/319 2365/1077/2365 662/1070/662
f 319/168/319 318/167/318 2366/1078/2366 2365/1077/2365
f 318/167/318 317/166/317 2367/1081/2367 2366/1078/2366
f 317/166/317 9/117/9 668/1086/668 2367/1081/2367
f 2367/1081/2367 668/1086/668 669/1087/669 2370/1082/2370
f 2370/1082/2370 669/1087/669 670/1088/670 2373/1085/2373
f 2373/1085/2373 670/1088/670 84/1089/84 667/1090/667
f 2372/1083/2372 2373/1085/2373 667/1090/667 666/1091/666
f 2371/1084/2371 2372/1083/2372 666/1091/666 665/1092/665
f 664/1072/664 2371/1084/2371 665/1092/665 83/1073/83
f 663/1071/663 2368/1080/2368 2371/1084/2371 664/1072/664
f 662/1070/662 2365/1077/2365 2368/1080/2368 663/1071/663
f 2374/1093/2374 2375/1094/2375 2378/1095/2378 2377/1096/2377
f 2375/1094/2375 2376/1097/2376 2379/1098/2379 2378/1095/2378
f 2377/1096/2377 2378/1095/2378 2381/1099/2381 2380/1100/2380
f 2378/1095/2378 2379/1098/2379 2382/1101/2382 2381/1099/2381
f 9/117/9 298/116/298 2374/1093/2374 668/1086/668
f 298/116/298 297/115/297 2375/1094/2375 2374/1093/2374
f 297/115/297 296/114/296 2376/1097/2376 2375/1094/2375
f 296/114/296 5/65/5 674/1102/674 2376/1097/2376
f 2376/1097/2376 674/1102/674 675/1103/675 2379/1098/2379
f 2379/1098/2379 675/1103/675 676/1104/676 2382/1101/2382
f 2382/1101/2382 676/1104/676 85/1105/85 673/1106/673
f 2381/1099/2381 2382/1101/2382 673/1106/673 672/1107/672
f 2380/1100/2380 2381/1099/2381 672/1107/672 671/1108/671
f 670/1088/670 2380/1100/2380 671/1108/671 84/1089/84
f 669/1087/669 2377/1096/2377 2380/1100/2380 670/1088/670
f 668/1086/668 2374/1093/2374 2377/1096/2377 669/1087/669
f 2383/1109/2383 2384/1110/2384 2387/1111/2387 2386/1112/2386
f 2384/1110/2384 2385/1113/2385 2388/1114/2388 2387/1111/2387
f 2386/1112/2386 2387/1111/2387 2390/1115/2390 2389/1116/2389
f 2387/1111/2387 2388/1114/2388 2391/1117/2391 2390/1115/2390
f 5/65/5 277/64/277 2383/1109/2383 674/1102/674
f 277/64/277 276/63/276 2384/1110/2384 2383/1109/2383
f 276/63/276 275/62/275 2385/1113/2385 2384/1110/2384
f 275/62/275 1/13/1 680/1118/680 2385/1113/2385
f 2385/1113/2385 680/1118/680 681/1119/681 2388/1114/2388
f 2388/1114/2388 681/1119/681 682/1120/682 2391/1117/2391
f 2391/1117/2391 682/1120/682 86/1121/86 679/1122/679
f 2390/1115/2390 2391/1117/2391 679/1122/679 678/1123/678
f 2389/1116/2389 2390/1115/2390 678/1123/678 677/1124/677
f 676/1104/676 2389/1116/2389 677/1124/677 85/1105/85
f 675/1103/675 2386/1112/2386 2389/1116/2389 676/1104/676
f 674/1102/674 2383/1109/2383 2386/1112/2386 675/1103/675
f 2392/1125/2392 2393/1126/2393 2396/1127/2396 2395/1128/2395
f 2393/1126/2393 2394/1129/2394 2397/1130/2397 2396/1127/2396
f 2395/1128/2395 2396/1127/2396 2399/1131/2399 2398/1132/2398
f 2396/1127/2396 2397/1130/2397 2400/1133/2400 2399/1131/2399
f 1/13/1 259/12/259 2392/1125/2392 680/1118/680
f 259/12/259 258/11/258 2393/1126/2393 2392/1125/2392
f 258/11/258 257/10/257 2394/1129/2394 2393/1126/2393
f 2399/1131/2399 2400/1133/2400 685/1134/685 684/1135/684
f 2398/1132/2398 2399/1131/2399 684/1135/684 683/1136/683
f 682/1120/682 2398/1132/2398 683/1136/683 86/1121/86
f 681/1119/681 2395/1128/2395 2398/1132/2398 682/1120/682
f 680/1118/680 2392/1125/2392 2395/1128/2395 681/1119/681
f 2401/1137/2401 2402/1138/2402 2405/1139/2405 2404/1140/2404
f 2402/1138/2402 2403/1141/2403 2406/1142/2406 2405/1139/2405
f 2404/1140/2404 2405/1139/2405 2408/1143/2408 2407/1144/2407
f 2405/1139/2405 2406/1142/2406 2409/1145/2409 2408/1143/2408
f 81/1059/81 653/1057/653 2401/1137/2401 686/1146/686
f 653/1057/653 654/1056/654 2402/1138/2402 2401/1137/2401
f 654/1056/654 655/1055/655 2403/1141/2403 2402/1138/2402
f 655/1055/655 82/1054/82 692/1147/692 2403/1141/2403
f 2403/1141/2403 692/1147/692 693/1148/693 2406/1142/2406
f 2406/1142/2406 693/1148/693 694/1149/694 2409/1145/2409
f 2409/1145/2409 694/1149/694 88/1150/88 691/1151/691
f 2408/1143/2408 2409/1145/2409 691/1151/691 690/1152/690
f 2407/1144/2407 2408/1143/2408 690/1152/690 689/1153/689
f 688/1154/688 2407/1144/2407 689/1153/689 87/1155/87
f 687/1156/687 2404/1140/2404 2407/1144/2407 688/1154/688
f 686/1146/686 2401/1137/2401 2404/1140/2404 687/1156/687
f 2410/1157/2410 2411/1158/2411 2414/1159/2414 2413/1160/2413
f 2411/1158/2411 2412/1161/2412 2415/1162/2415 2414/1159/2414
f 2413/1160/2413 2414/1159/2414 2417/1163/2417 2416/1164/2416
f 2414/1159/2414 2415/1162/2415 2418/1165/2418 2417/1163/2417
f 82/1054/82 659/1076/659 2410/1157/2410 692/1147/692
f 659/1076/659 660/1075/660 2411/1158/2411 2410/1157/2410
f 660/1075/660 661/1074/661 2412/1161/2412 2411/1158/2411
f 661/1074/661 83/1073/83 698/1166/698 2412/1161/2412
f 2412/1161/2412 698/1166/698 699/1167/699 2415/1162/2415
f 2415/1162/2415 699/1167/699 700/1168/700 2418/1165/2418
f 2418/1165/2418 700/1168/700 89/1169/89 697/1170/697
f 2417/1163/2417 2418/1165/2418 697/1170/697 696/1171/696
f 2416/1164/2416 2417/1163/2417 696/1171/696 695/1172/695
f 694/1149/694 2416/1164/2416 695/1172/695 88/1150/88
f 693/1148/693 2413/1160/2413 2416/1164/2416 694/1149/694
f 692/1147/692 2410/1157/2410 2413/1160/2413 693/1148/693
f 2419/1173/2419 2420/1174/2420 2423/1175/2423 2422/1176/2422
f 2420/1174/2420 2421/1177/2421 2424/1178/2424 2423/1175/2423
f 2422/1176/2422 2423/1175/2423 2426/1179/2426 2425/1180/2425
f 2423/1175/2423 2424/1178/2424 2427/1181/2427 2426/1179/2426
f 83/1073/83 665/1092/665 2419/1173/2419 698/1166/698
f 665/1092/665 666/1091/666 2420/1174/2420 2419/1173/2419
f 666/1091/666 667/1090/667 2421/1177/2421 2420/1174/2420
f 667/1090/667 84/1089/84 704/1182/704 2421/1177/2421
f 2421/1177/2421 704/1182/704 705/1183/705 2424/1178/2424
f 2424/1178/2424 705/1183/705 706/1184/706 2427/1181/2427
f 2427/1181/2427 706/1184/706 90/1185/90 703/1186/703
f 2426/1179/2426 2427/1181/2427 703/1186/703 702/1187/702
f 2425/1180/2425 2426/1179/2426 702/1187/702 701/1188/701
f 700/1168/700 2425/1180/2425 701/1188/701 89/1169/89
f 699/1167/699 2422/1176/2422 2425/1180/2425 700/1168/700
f 698/1166/698 2419/1173/2419 2422/1176/2422 699/1167/699
f 2428/1189/2428 2429/1190/2429 2432/1191/2432 2431/1192/2431
f 2429/1190/2429 2430/1193/2430 2433/1194/2433 2432/1191/2432
f 2431/1192/2431 2432/1191/2432 2435/1195/2435 2434/1196/2434
f 2432/1191/2432 2433/1194/2433 2436/1197/2436 2435/1195/2435
f 84/1089/84 671/1108/671 2428/1189/2428 704/1182/704
f 671/1108/671 672/1107/672 2429/1190/2429 2428/1189/2428
f 672/1107/672 673/1106/673 2430/1193/2430 2429/1190/2429
f 673/1106/673 85/1105/85 710/1198/710 2430/1193/2430
f 2430/1193/2430 710/1198/710 711/1199/711 2433/1194/2433
f 2433/1194/2433 711/1199/711 712/1200/712 2436/1197/2436
f 2436/1197/2436 712/1200/712 91/1201/91 709/1202/709
f 2435/1195/2435 2436/1197/2436 709/1202/709 708/1203/708
f 2434/1196/2434 2435/1195/2435 708/1203/708 707/1204/707
f 706/1184/706 2434/1196/2434 707/1204/707 90/1185/90
f 705/1183/705 2431/1192/2431 2434/1196/2434 706/1184/706
f 704/1182/704 2428/1189/2428 2431/1192/2431 705/1183/705
f 2437/1205/2437 2438/1206/2438 2441/1207/2441 2440/1208/2440
f 2438/1206/2438 2439/1209/2439 2442/1210/2442 2441/1207/2441
f 2440/1208/2440 2441/1207/2441 2444/1211/2444 2443/1212/2443
f 2441/1207/2441 2442/1210/2442 2445/1213/2445 2444/1211/2444
f 85/1105/85 677/1124/677 2437/1205/2437 710/1198/710
f 677/1124/677 678/1123/678 2438/1206/2438 2437/1205/2437
f 678/1123/678 679/1122/679 2439/1209/2439 2438/1206/2438
f 679/1122/679 86/1121/86 716/1214/716 2439/1209/2439
f 2439/1209/2439 716/1214/716 717/1215/717 2442/1210/2442
f 2442/1210/2442 717/1215/717 718/1216/718 2445/1213/2445
f 2445/1213/2445 718/1216/718 92/1217/92 715/1218/715
f 2444/1211/2444 2445/1213/2445 715/1218/715 714/1219/714
f 2443/1212/2443 2444/1211/2444 714/1219/714 713/1220/713
f 712/1200/712 2443/1212/2443 713/1220/713 91/1201/91
f 711/1199/711 2440/1208/2440 2443/1212/2443 712/1200/712
f 710/1198/710 2437/1205/2437 2440/1208/2440 711/1199/711
f 2446/1221/2446 2447/1222/2447 2450/1223/2450 2449/1224/2449
f 2447/1222/2447 2448/1225/2448 2451/1226/2451 2450/1223/2450
f 2449/1224/2449 2450/1223/2450 2453/1227/2453 2452/1228/2452
f 2450/1223/2450 2451/1226/2451 2454/1229/2454 2453/1227/2453
f 86/1121/86 683/1136/683 2446/1221/2446 716/1214/716
f 683/1136/683 684/1135/684 2447/1222/2447 2446/1221/2446
f 684/1135/684 685/1134/685 2448/1225/2448 2447/1222/2447
f 2453/1227/2453 2454/1229/2454 721/1230/721 720/1231/720
f 2452/1228/2452 2453/1227/2453 720/1231/720 719/1232/719
f 718/1216/718 2452/1228/2452 719/1232/719 92/1217/92
f 717/1215/717 2449/1224/2449 2452/1228/2452 718/1216/718
f 716/1214/716 2446/1221/2446 2449/1224/2449 717/1215/717
f 2455/1233/2455 2456/1234/2456 2459/1235/2459 2458/1236/2458
f 2456/1234/2456 2457/1237/2457 2460/1238/2460 2459/1235/2459
f 2458/1236/2458 2459/1235/2459 2462/1239/2462 2461/1240/2461
f 2459/1235/2459 2460/1238/2460 2463/1241/2463 2462/1239/2462
f 87/1155/87 689/1153/689 2455/1233/2455 722/1242/722
f 689/1153/689 690/1152/690 2456/1234/2456 2455/1233/2455
f 690/1152/690 691/1151/691 2457/1237/2457 2456/1234/2456
f 691/1151/691 88/1150/88 728/1243/728 2457/1237/2457
f 2457/1237/2457 728/1243/728 729/1244/729 2460/1238/2460
f 2460/1238/2460 729/1244/729 730/1245/730 2463/1241/2463
f 2463/1241/2463 730/1245/730 94/1246/94 727/1247/727
f 2462/1239/2462 2463/1241/2463 727/1247/727 726/1248/726
f 2461/1240/2461 2462/1239/2462 726/1248/726 725/1249/725
f 724/1250/724 2461/1240/2461 725/1249/725 93/1251/93
f 723/1252/723 2458/1236/2458 2461/1240/2461 724/1250/724
f 722/1242/722 2455/1233/2455 2458/1236/2458 723/1252/723
f 2464/1253/2464 2465/1254/2465 2468/1255/2468 2467/1256/2467
f 2465/1254/2465 2466/1257/2466 2469/1258/2469 2468/1255/2468
f 2467/1256/2467 2468/1255/2468 2471/1259/2471 2470/1260/2470
f 2468/1255/2468 2469/1258/2469 2472/1261/2472 2471/1259/2471
f 88/1150/88 695/1172/695 2464/1253/2464 728/1243/728
f 695/1172/695 696/1171/696 2465/1254/2465 2464/1253/2464
f 696/1171/696 697/1170/697 2466/1257/2466 2465/1254/2465
f 697/1170/697 89/1169/89 734/1262/734 2466/1257/2466
f 2466/1257/2466 734/1262/734 735/1263/735 2469/1258/2469
f 2469/1258/2469 735/1263/735 736/1264/736 2472/1261/2472
f 2472/1261/2472 736/1264/736 95/1265/95 733/1266/733
f 2471/1259/2471 2472/1261/2472 733/1266/733 732/1267/732
f 2470/1260/2470 2471/1259/2471 732/1267/732 731/1268/731
f 730/1245/730 2470/1260/2470 731/1268/731 94/1246/94
f 729/1244/729 2467/1256/2467 2470/1260/2470 730/1245/730
f 728/1243/728 2464/1253/2464 2467/1256/2467 729/1244/729
f 2473/1269/2473 2474/1270/2474 2477/1271/2477 2476/1272/2476
f 2474/1270/2474 2475/1273/2475 2478/1274/2478 2477/1271/2477
f 2476/1272/2476 2477/1271/2477 2480/1275/2480 2479/1276/2479
f 2477/1271/2477 2478/1274/2478 2481/1277/2481 2480/1275/2480
f 89/1169/89 701/1188/701 2473/1269/2473 734/1262/734
f 701/1188/701 702/1187/702 2474/1270/2474 2473/1269/2473
f 702/1187/702 703/1186/703 2475/1273/2475 2474/1270/2474
f 703/1186/703 90/1185/90 740/1278/740 2475/1273/2475
f 2475/1273/2475 740/1278/740 741/1279/741 2478/1274/2478
f 2478/1274/2478 741/1279/741 742/1280/742 2481/1277/2481
f 2481/1277/2481 742/1280/742 96/1281/96 739/1282/739
f 2480/1275/2480 2481/1277/2481 739/1282/739 738/1283/738
f 2479/1276/2479 2480/1275/2480 738/1283/738 737/1284/737
f 736/1264/736 2479/1276/2479 737/1284/737 95/1265/95
f 735/1263/735 2476/1272/2476 2479/1276/2479 736/1264/736
f 734/1262/734 2473/1269/2473 2476/1272/2476 735/1263/735
f 2482/1285/2482 2483/1286/2483 2486/1287/2486 2485/1288/2485
f 2483/1286/2483 2484/1289/2484 2487/1290/2487 2486/1287/2486
f 2485/1288/2485 2486/1287/2486 2489/1291/2489 2488/1292/2488
f 2486/1287/2486 2487/1290/2487 2490/1293/2490 2489/1291/2489
f 90/1185/90 707/1204/707 2482/1285/2482 740/1278/740
f 707/1204/707 708/1203/708 2483/1286/2483 2482/1285/2482
f 708/1203/708 709/1202/709 2484/1289/2484 2483/1286/2483
f 709/1202/709 91/1201/91 746/1294/746 2484/1289/2484
f 2484/1289/2484 746/1294/746 747/1295/747 2487/1290/2487
f 2487/1290/2487 747/1295/747 748/1296/748 2490/1293/2490
f 2490/1293/2490 748/1296/748 97/1297/97 745/1298/745
f 2489/1291/2489 2490/1293/2490 745/1298/745 744/1299/744
f 2488/1292/2488 2489/1291/2489 744/1299/744 743/1300/743
f 742/1280/742 2488/1292/2488 743/1300/743 96/1281/96
f 741/1279/741 2485/1288/2485 2488/1292/2488 742/1280/742
f 740/1278/740 2482/1285/2482 2485/1288/2485 741/1279/741
f 2491/1301/2491 2492/1302/2492 2495/1303/2495 2494/1304/2494
f 2492/1302/2492 2493/1305/2493 2496/1306/2496 2495/1303/2495
f 2494/1304/2494 2495/1303/2495 2498/1307/2498 2497/1308/2497
f 2495/1303/2495 2496/1306/2496 2499/1309/2499 2498/1307/2498
f 91/1201/91 713/1220/713 2491/1301/2491 746/1294/746
f 713/1220/713 714/1219/714 2492/1302/2492 2491/1301/2491
f 714/1219/714 715/1218/715 2493/1305/2493 2492/1302/2492
f 715/1218/715 92/1217/92 752/1310/752 2493/1305/2493
f 2493/1305/2493 752/1310/752 753/1311/753 2496/1306/2496
f 2496/1306/2496 753/1311/753 754/1312/754 2499/1309/2499
f 2499/1309/2499 754/1312/754 98/1313/98 751/1314/751
f 2498/1307/2498 2499/1309/2499 751/1314/751 750/1315/750
f 2497/1308/2497 2498/1307/2498 750/1315/750 749/1316/749
f 748/1296/748 2497/1308/2497 749/1316/749 97/1297/97
f 747/1295/747 2494/1304/2494 2497/1308/2497 748/1296/748
f 746/1294/746 2491/1301/2491 2494/1304/2494 747/1295/747
f 2500/1317/2500 2501/1318/2501 2504/1319/2504 2503/1320/2503
f 2501/1318/2501 2502/1321/2502 2505/1322/2505 2504/1319/2504
f 2503/1320/2503 2504/1319/2504 2507/1323/2507 2506/1324/2506
f 2504/1319/2504 2505/1322/2505 2508/1325/2508 2507/1323/2507
f 92/1217/92 719/1232/719 2500/1317/2500 752/1310/752
f 719/1232/719 720/1231/720 2501/1318/2501 2500/1317/2500
f 720/1231/720 721/1230/721 2502/1321/2502 2501/1318/2501
f 2507/1323/2507 2508/1325/2508 757/1326/757 756/1327/756
f 2506/1324/2506 2507/1323/2507 756/1327/756 755/1328/755
f 754/1312/754 2506/1324/2506 755/1328/755 98/1313/98
f 753/1311/753 2503/1320/2503 2506/1324/2506 754/1312/754
f 752/1310/752 2500/1317/2500 2503/1320/2503 753/1311/753
f 2509/1329/2509 2510/1330/2510 2513/1331/2513 2512/1332/2512
f 2510/1330/2510 2511/1333/2511 2514/1334/2514 2513/1331/2513
f 2512/1332/2512 2513/1331/2513 2516/1335/2516 2515/1336/2515
f 2513/1331/2513 2514/1334/2514 2517/1337/2517 2516/1335/2516
f 93/1251/93 725/1249/725 2509/1329/2509 760/1338/760
f 725/1249/725 726/1248/726 2510/1330/2510 2509/1329/2509
f 726/1248/726 727/1247/727 2511/1333/2511 2510/1330/2510
f 727/1247/727 94/1246/94 763/1339/763 2511/1333/2511
f 2511/1333/2511 763/1339/763 762/1340/762 2514/1334/2514
f 2514/1334/2514 762/1340/762 761/1341/761 2517/1337/2517
f 2517/1337/2517 761/1341/761 44/545/44 463/544/463
f 2516/1335/2516 2517/1337/2517 463/544/463 462/543/462
f 2515/1336/2515 2516/1335/2516 462/543/462 461/542/461
f 758/1342/758 2515/1336/2515 461/542/461 43/541/43
f 759/1343/759 2512/1332/2512 2515/1336/2515 758/1342/758
f 760/1338/760 2509/1329/2509 2512/1332/2512 759/1343/759
f 2518/1344/2518 2519/1345/2519 2522/1346/2522 2521/1347/2521
f 2519/1345/2519 2520/1348/2520 2523/1349/2523 2522/1346/2522
f 2521/1347/2521 2522/1346/2522 2525/1350/2525 2524/1351/2524
f 2522/1346/2522 2523/1349/2523 2526/1352/2526 2525/1350/2525
f 94/1246/94 731/1268/731 2518/1344/2518 763/1339/763
f 731/1268/731 732/1267/732 2519/1345/2519 2518/1344/2518
f 732/1267/732 733/1266/733 2520/1348/2520 2519/1345/2519
f 733/1266/733 95/1265/95 766/1353/766 2520/1348/2520
f 2520/1348/2520 766/1353/766 765/1354/765 2523/1349/2523
f 2523/1349/2523 765/1354/765 764/1355/764 2526/1352/2526
f 2526/1352/2526 764/1355/764 45/561/45 469/560/469
f 2525/1350/2525 2526/1352/2526 469/560/469 468/559/468
f 2524/1351/2524 2525/1350/2525 468/559/468 467/558/467
f 761/1341/761 2524/1351/2524 467/558/467 44/545/44
f 762/1340/762 2521/1347/2521 2524/1351/2524 761/1341/761
f 763/1339/763 2518/1344/2518 2521/1347/2521 762/1340/762
f 2527/1356/2527 2528/1357/2528 2531/1358/2531 2530/1359/2530
f 2528/1357/2528 2529/1360/2529 2532/1361/2532 2531/1358/2531
f 2530/1359/2530 2531/1358/2531 2534/1362/2534 2533/1363/2533
f 2531/1358/2531 2532/1361/2532 2535/1364/2535 2534/1362/2534
f 95/1265/95 737/1284/737 2527/1356/2527 766/1353/766
f 737/1284/737 738/1283/738 2528/1357/2528 2527/1356/2527
f 738/1283/738 739/1282/739 2529/1360/2529 2528/1357/2528
f 739/1282/739 96/1281/96 769/1365/769 2529/1360/2529
f 2529/1360/2529 769/1365/769 768/1366/768 2532/1361/2532
f 2532/1361/2532 768/1366/768 767/1367/767 2535/1364/2535
f 2535/1364/2535 767/1367/767 46/577/46 475/576/475
f 2534/1362/2534 2535/1364/2535 475/576/475 474/575/474
f 2533/1363/2533 2534/1362/2534 474/575/474 473/574/473
f 764/1355/764 2533/1363/2533 473/574/473 45/561/45
f 765/1354/765 2530/1359/2530 2533/1363/2533 764/1355/764
f 766/1353/766 2527/1356/2527 2530/1359/2530 765/1354/765
f 2536/1368/2536 2537/1369/2537 2540/1370/2540 2539/1371/2539
f 2537/1369/2537 2538/1372/2538 2541/1373/2541 2540/1370/2540
f 2539/1371/2539 2540/1370/2540 2543/1374/2543 2542/1375/2542
f 2540/1370/2540 2541/1373/2541 2544/1376/2544 2543/1374/2543
f 96/1281/96 743/1300/743 2536/1368/2536 769/1365/769
f 743/1300/743 744/1299/744 2537/1369/2537 2536/1368/2536
f 744/1299/744 745/1298/745 2538/1372/2538 2537/1369/2537
f 745/1298/745 97/1297/97 772/1377/772 2538/1372/2538
f 2538/1372/2538 772/1377/772 771/1378/771 2541/1373/2541
f 2541/1373/2541 771/1378/771 770/1379/770 2544/1376/2544
f 2544/1376/2544 770/1379/770 47/593/47 481/592/481
f 2543/1374/2543 2544/1376/2544 481/592/481 480/591/480
f 2542/1375/2542 2543/1374/2543 480/591/480 479/590/479
f 767/1367/767 2542/1375/2542 479/590/479 46/577/46
f 768/1366/768 2539/1371/2539 2542/1375/2542 767/1367/767
f 769/1365/769 2536/1368/2536 2539/1371/2539 768/1366/768
f 2545/1380/2545 2546/1381/2546 2549/1382/2549 2548/1383/2548
f 2546/1381/2546 2547/1384/2547 2550/1385/2550 2549/1382/2549
f 2548/1383/2548 2549/1382/2549 2552/1386/2552 2551/1387/2551
f 2549/1382/2549 2550/1385/2550 2553/1388/2553 2552/1386/2552
f 97/1297/97 749/1316/749 2545/1380/2545 772/1377/772
f 749/1316/749 750/1315/750 2546/1381/2546 2545/1380/2545
f 750/1315/750 751/1314/751 2547/1384/2547 2546/1381/2546
f 751/1314/751 98/1313/98 775/1389/775 2547/1384/2547
f 2547/1384/2547 775/1389/775 774/1390/774 2550/1385/2550
f 2550/1385/2550 774/1390/774 773/1391/773 2553/1388/2553
f 2553/1388/2553 773/1391/773 48/609/48 487/608/487
f 2552/1386/2552 2553/1388/2553 487/608/487 486/607/486
f 2551/1387/2551 2552/1386/2552 486/607/486 485/606/485
f 770/1379/770 2551/1387/2551 485/606/485 47/593/47
f 771/1378/771 2548/1383/2548 2551/1387/2551 770/1379/770
f 772/1377/772 2545/1380/2545 2548/1383/2548 771/1378/771
f 2554/1392/2554 2555/1393/2555 2558/1394/2558 2557/1395/2557
f 2555/1393/2555 2556/1396/2556 2559/1397/2559 2558/1394/2558
f 2557/1395/2557 2558/1394/2558 2561/1398/2561 2560/1399/2560
f 2558/1394/2558 2559/1397/2559 2562/1400/2562 2561/1398/2561
f 98/1313/98 755/1328/755 2554/1392/2554 775/1389/775
f 755/1328/755 756/1327/756 2555/1393/2555 2554/1392/2554
f 756/1327/756 757/1326/757 2556/1396/2556 2555/1393/2555
f 2561/1398/2561 2562/1400/2562 493/624/493 492/623/492
f 2560/1399/2560 2561/1398/2561 492/623/492 491/622/491
f 773/1391/773 2560/1399/2560 491/622/491 48/609/48
f 774/1390/774 2557/1395/2557 2560/1399/2560 773/1391/773
f 775/1389/775 2554/1392/2554 2557/1395/2557 774/1390/774
f 2563/1401/2563 2564/1402/2564 2567/1403/2567 2566/1404/2566
f 2564/1402/2564 2565/1405/2565 2568/1406/2568 2567/1403/2567
f 2566/1404/2566 2567/1403/2567 2570/1407/2570 2569/1408/2569
f 2567/1403/2567 2568/1406/2568 2571/1409/2571 2570/1407/2570
f 69/819/69 571/818/571 2563/1401/2563 776/1410/776
f 571/818/571 570/817/570 2564/1402/2564 2563/1401/2563
f 570/817/570 569/816/569 2565/1405/2565 2564/1402/2564
f 569/816/569 62/756/62 782/1411/782 2565/1405/2565
f 2565/1405/2565 782/1411/782 783/1412/783 2568/1406/2568
f 2568/1406/2568 783/1412/783 784/1413/784 2571/1409/2571
f 2571/1409/2571 784/1413/784 100/1414/100 781/1415/781
f 2570/1407/2570 2571/1409/2571 781/1415/781 780/1416/780
f 2569/1408/2569 2570/1407/2570 780/1416/780 779/1417/779
f 778/1418/778 2569/1408/2569 779/1417/779 99/1419/99
f 777/1420/777 2566/1404/2566 2569/1408/2569 778/1418/778
f 776/1410/776 2563/1401/2563 2566/1404/2566 777/1420/777
f 2572/1421/2572 2573/1422/2573 2576/1423/2576 2575/1424/2575
f 2573/1422/2573 2574/1425/2574 2577/1426/2577 2576/1423/2576
f 2575/1424/2575 2576/1423/2576 2579/1427/2579 2578/1428/2578
f 2576/1423/2576 2577/1426/2577 2580/1429/2580 2579/1427/2579
f 62/756/62 1795/755/1795 2572/1421/2572 782/1411/782
f 1795/755/1795 1796/754/1796 2573/1422/2573 2572/1421/2572
f 1796/754/1796 1797/752/1797 2574/1425/2574 2573/1422/2573
f 1797/752/1797 61/751/61 1798/1430/1798 2574/1425/2574
f 2574/1425/2574 1798/1430/1798 1799/1431/1799 2577/1426/2577
f 2577/1426/2577 1799/1431/1799 1800/1432/1800 2580/1429/2580
f 2580/1429/2580 1800/1432/1800 101/1433/101 787/1434/787
f 2579/1427/2579 2580/1429/2580 787/1434/787 786/1435/786
f 2578/1428/2578 2579/1427/2579 786/1435/786 785/1436/785
f 784/1413/784 2578/1428/2578 785/1436/785 100/1414/100
f 783/1412/783 2575/1424/2575 2578/1428/2578 784/1413/784
f 782/1411/782 2572/1421/2572 2575/1424/2575 783/1412/783
f 2581/1437/2581 2582/1438/2582 2585/1439/2585 2584/1440/2584
f 2582/1438/2582 2583/1441/2583 2586/1442/2586 2585/1439/2585
f 2584/1440/2584 2585/1439/2585 2588/1443/2588 2587/1444/2587
f 2585/1439/2585 2586/1442/2586 2589/1445/2589 2588/1443/2588
f 99/1419/99 779/1417/779 2581/1437/2581 788/1446/788
f 779/1417/779 780/1416/780 2582/1438/2582 2581/1437/2581
f 780/1416/780 781/1415/781 2583/1441/2583 2582/1438/2582
f 781/1415/781 100/1414/100 794/1447/794 2583/1441/2583
f 2583/1441/2583 794/1447/794 795/1448/795 2586/1442/2586
f 2586/1442/2586 795/1448/795 796/1449/796 2589/1445/2589
f 2589/1445/2589 796/1449/796 103/1450/103 793/1451/793
f 2588/1443/2588 2589/1445/2589 793/1451/793 792/1452/792
f 2587/1444/2587 2588/1443/2588 792/1452/792 791/1453/791
f 790/1454/790 2587/1444/2587 791/1453/791 102/1455/102
f 789/1456/789 2584/1440/2584 2587/1444/2587 790/1454/790
f 788/1446/788 2581/1437/2581 2584/1440/2584 789/1456/789
f 2590/1457/2590 2591/1458/2591 2594/1459/2594 2593/1460/2593
f 2591/1458/2591 2592/1461/2592 2595/1462/2595 2594/1459/2594
f 2593/1460/2593 2594/1459/2594 2597/1463/2597 2596/1464/2596
f 2594/1459/2594 2595/1462/2595 2598/1465/2598 2597/1463/2597
f 100/1414/100 785/1436/785 2590/1457/2590 794/1447/794
f 785/1436/785 786/1435/786 2591/1458/2591 2590/1457/2590
f 786/1435/786 787/1434/787 2592/1461/2592 2591/1458/2591
f 787/1434/787 101/1433/101 800/1466/800 2592/1461/2592
f 2592/1461/2592 800/1466/800 801/1467/801 2595/1462/2595
f 2595/1462/2595 801/1467/801 802/1468/802 2598/1465/2598
f 2598/1465/2598 802/1468/802 104/1469/104 799/1470/799
f 2597/1463/2597 2598/1465/2598 799/1470/799 798/1471/798
f 2596/1464/2596 2597/1463/2597 798/1471/798 797/1472/797
f 796/1449/796 2596/1464/2596 797/1472/797 103/1450/103
f 795/1448/795 2593/1460/2593 2596/1464/2596 796/1449/796
f 794/1447/794 2590/1457/2590 2593/1460/2593 795/1448/795
f 2599/1473/2599 2600/1474/2600 2603/1475/2603 2602/1476/2602
f 2600/1474/2600 2601/1477/2601 2604/1478/2604 2603/1475/2603
f 2602/1476/2602 2603/1475/2603 2606/1479/2606 2605/1480/2605
f 2603/1475/2603 2604/1478/2604 2607/1481/2607 2606/1479/2606
f 102/1455/102 791/1453/791 2599/1473/2599 803/1482/803
f 791/1453/791 792/1452/792 2600/1474/2600 2599/1473/2599
f 792/1452/792 793/1451/793 2601/1477/2601 2600/1474/2600
f 793/1451/793 103/1450/103 809/1483/809 2601/1477/2601
f 2601/1477/2601 809/1483/809 810/1484/810 2604/1478/2604
f 2604/1478/2604 810/1484/810 811/1485/811 2607/1481/2607
f 2607/1481/2607 811/1485/811 106/1486/106 808/1487/808
f 2606/1479/2606 2607/1481/2607 808/1487/808 807/1488/807
f 2605/1480/2605 2606/1479/2606 807/1488/807 806/1489/806
f 805/1490/805 2605/1480/2605 806/1489/806 105/1491/105
f 804/1492/804 2602/1476/2602 2605/1480/2605 805/1490/805
f 803/1482/803 2599/1473/2599 2602/1476/2602 804/1492/804
f 2608/1493/2608 2609/1494/2609 2612/1495/2612 2611/1496/2611
f 2609/1494/2609 2610/1497/2610 2613/1498/2613 2612/1495/2612
f 2611/1496/2611 2612/1495/2612 2615/1499/2615 2614/1500/2614
f 2612/1495/2612 2613/1498/2613 2616/1501/2616 2615/1499/2615
f 103/1450/103 797/1472/797 2608/1493/2608 809/1483/809
f 797/1472/797 798/1471/798 2609/1494/2609 2608/1493/2608
f 798/1471/798 799/1470/799 2610/1497/2610 2609/1494/2609
f 799/1470/799 104/1469/104 815/1502/815 2610/1497/2610
f 2610/1497/2610 815/1502/815 816/1503/816 2613/1498/2613
f 2613/1498/2613 816/1503/816 817/1504/817 2616/1501/2616
f 2616/1501/2616 817/1504/817 107/1505/107 814/1506/814
f 2615/1499/2615 2616/1501/2616 814/1506/814 813/1507/813
f 2614/1500/2614 2615/1499/2615 813/1507/813 812/1508/812
f 811/1485/811 2614/1500/2614 812/1508/812 106/1486/106
f 810/1484/810 2611/1496/2611 2614/1500/2614 811/1485/811
f 809/1483/809 2608/1493/2608 2611/1496/2611 810/1484/810
f 2617/1509/2617 2618/1510/2618 2621/1511/2621 2620/1512/2620
f 2618/1510/2618 2619/1513/2619 2622/1514/2622 2621/1511/2621
f 2620/1512/2620 2621/1511/2621 2624/1515/2624 2623/1516/2623
f 2621/1511/2621 2622/1514/2622 2625/1517/2625 2624/1515/2624
f 105/1491/105 806/1489/806 2617/1509/2617 820/1518/820
f 806/1489/806 807/1488/807 2618/1510/2618 2617/1509/2617
f 807/1488/807 808/1487/808 2619/1513/2619 2618/1510/2618
f 808/1487/808 106/1486/106 823/1519/823 2619/1513/2619
f 2619/1513/2619 823/1519/823 822/1520/822 2622/1514/2622
f 2622/1514/2622 822/1520/822 821/1521/821 2625/1517/2625
f 2625/1517/2625 821/1521/821 59/722/59 535/721/535
f 2624/1515/2624 2625/1517/2625 535/721/535 534/720/534
f 2623/1516/2623 2624/1515/2624 534/720/534 533/719/533
f 818/1522/818 2623/1516/2623 533/719/533 58/718/58
f 819/1523/819 2620/1512/2620 2623/1516/2623 818/1522/818
f 820/1518/820 2617/1509/2617 2620/1512/2620 819/1523/819
f 2626/1524/2626 2627/1525/2627 2630/1526/2630 2629/1527/2629
f 2627/1525/2627 2628/1528/2628 2631/1529/2631 2630/1526/2630
f 2629/1527/2629 2630/1526/2630 2633/1530/2633 2632/1531/2632
f 2630/1526/2630 2631/1529/2631 2634/1532/2634 2633/1530/2633
f 106/1486/106 812/1508/812 2626/1524/2626 823/1519/823
f 812/1508/812 813/1507/813 2627/1525/2627 2626/1524/2626
f 813/1507/813 814/1506/814 2628/1528/2628 2627/1525/2627
f 814/1506/814 107/1505/107 1592/1533/1592 2628/1528/2628
f 2628/1528/2628 1592/1533/1592 1593/1534/1593 2631/1529/2631
f 2631/1529/2631 1593/1534/1593 1594/1535/1594 2634/1532/2634
f 2634/1532/2634 1594/1535/1594 60/738/60 544/737/544
f 2633/1530/2633 2634/1532/2634 544/737/544 543/736/543
f 2632/1531/2632 2633/1530/2633 543/736/543 542/735/542
f 821/1521/821 2632/1531/2632 542/735/542 59/722/59
f 822/1520/822 2629/1527/2629 2632/1531/2632 821/1521/821
f 823/1519/823 2626/1524/2626 2629/1527/2629 822/1520/822
f 2635/1536/2635 2636/1537/2636 2639/1538/2639 2638/1539/2638
f 2636/1537/2636 2637/1540/2637 2640/1541/2640 2639/1538/2639
f 2638/1539/2638 2639/1538/2639 2642/1542/2642 2641/1543/2641
f 2639/1538/2639 2640/1541/2640 2643/1544/2643 2642/1542/2642
f 25/1545/25 1779/1546/1779 2635/1536/2635 827/1547/827
f 1779/1546/1779 1778/1548/1778 2636/1537/2636 2635/1536/2635
f 1778/1548/1778 1777/1549/1777 2637/1540/2637 2636/1537/2636
f 1777/1549/1777 28/1550/28 1540/1551/1540 2637/1540/2637
f 2637/1540/2637 1540/1551/1540 1539/1552/1539 2640/1541/2640
f 2640/1541/2640 1539/1552/1539 1538/1553/1538 2643/1544/2643
f 2643/1544/2643 1538/1553/1538 109/1554/109 832/1555/832
f 2642/1542/2642 2643/1544/2643 832/1555/832 831/1556/831
f 2641/1543/2641 2642/1542/2642 831/1556/831 830/1557/830
f 829/1558/829 2641/1543/2641 830/1557/830 108/1559/108
f 828/1560/828 2638/1539/2638 2641/1543/2641 829/1558/829
f 827/1547/827 2635/1536/2635 2638/1539/2638 828/1560/828
f 2644/1561/2644 2645/1562/2645 2648/1563/2648 2647/1564/2647
f 2645/1562/2645 2646/1565/2646 2649/1566/2649 2648/1563/2648
f 2647/1564/2647 2648/1563/2648 2651/1567/2651 2650/1568/2650
f 2648/1563/2648 2649/1566/2649 2652/1569/2652 2651/1567/2651
f 28/1550/28 386/1570/386 2644/1561/2644 1540/1551/1540
f 386/1570/386 387/1571/387 2645/1562/2645 2644/1561/2644
f 387/1571/387 388/1572/388 2646/1565/2646 2645/1562/2645
f 388/1572/388 30/1573/30 838/1574/838 2646/1565/2646
f 2646/1565/2646 838/1574/838 837/1575/837 2649/1566/2649
f 2649/1566/2649 837/1575/837 836/1576/836 2652/1569/2652
f 2652/1569/2652 836/1576/836 110/1577/110 835/1578/835
f 2651/1567/2651 2652/1569/2652 835/1578/835 834/1579/834
f 2650/1568/2650 2651/1567/2651 834/1579/834 833/1580/833
f 1538/1553/1538 2650/1568/2650 833/1580/833 109/1554/109
f 1539/1552/1539 2647/1564/2647 2650/1568/2650 1538/1553/1538
f 1540/1551/1540 2644/1561/2644 2647/1564/2647 1539/1552/1539
f 2653/1581/2653 2654/1582/2654 2657/1583/2657 2656/1584/2656
f 2654/1582/2654 2655/1585/2655 2658/1586/2658 2657/1583/2657
f 2656/1584/2656 2657/1583/2657 2660/1587/2660 2659/1588/2659
f 2657/1583/2657 2658/1586/2658 2661/1589/2661 2660/1587/2660
f 30/1573/30 395/1590/395 2653/1581/2653 838/1574/838
f 395/1590/395 396/1591/396 2654/1582/2654 2653/1581/2653
f 396/1591/396 397/1592/397 2655/1585/2655 2654/1582/2654
f 397/1592/397 32/1593/32 1534/1594/1534 2655/1585/2655
f 2655/1585/2655 1534/1594/1534 1533/1595/1533 2658/1586/2658
f 2658/1586/2658 1533/1595/1533 1532/1596/1532 2661/1589/2661
f 2661/1589/2661 1532/1596/1532 111/1597/111 841/1598/841
f 2660/1587/2660 2661/1589/2661 841/1598/841 840/1599/840
f 2659/1588/2659 2660/1587/2660 840/1599/840 839/1600/839
f 836/1576/836 2659/1588/2659 839/1600/839 110/1577/110
f 837/1575/837 2656/1584/2656 2659/1588/2659 836/1576/836
f 838/1574/838 2653/1581/2653 2656/1584/2656 837/1575/837
f 2662/1601/2662 2663/1602/2663 2666/1603/2666 2665/1604/2665
f 2663/1602/2663 2664/1605/2664 2667/1606/2667 2666/1603/2666
f 2665/1604/2665 2666/1603/2666 2669/1607/2669 2668/1608/2668
f 2666/1603/2666 2667/1606/2667 2670/1609/2670 2669/1607/2669
f 32/1593/32 404/1610/404 2662/1601/2662 1534/1594/1534
f 404/1610/404 405/1611/405 2663/1602/2663 2662/1601/2662
f 405/1611/405 406/1612/406 2664/1605/2664 2663/1602/2663
f 406/1612/406 34/1613/34 850/1614/850 2664/1605/2664
f 2664/1605/2664 850/1614/850 849/1615/849 2667/1606/2667
f 2667/1606/2667 849/1615/849 848/1616/848 2670/1609/2670
f 2670/1609/2670 848/1616/848 112/1617/112 844/1618/844
f 2669/1607/2669 2670/1609/2670 844/1618/844 843/1619/843
f 2668/1608/2668 2669/1607/2669 843/1619/843 842/1620/842
f 1532/1596/1532 2668/1608/2668 842/1620/842 111/1597/111
f 1533/1595/1533 2665/1604/2665 2668/1608/2668 1532/1596/1532
f 1534/1594/1534 2662/1601/2662 2665/1604/2665 1533/1595/1533
f 2671/1621/2671 2672/1622/2672 2675/1623/2675 2674/1624/2674
f 2672/1622/2672 2673/1625/2673 2676/1626/2676 2675/1623/2675
f 2674/1624/2674 2675/1623/2675 2678/1627/2678 2677/1628/2677
f 2675/1623/2675 2676/1626/2676 2679/1629/2679 2678/1627/2678
f 34/1613/34 413/1630/413 2671/1621/2671 850/1614/850
f 413/1630/413 414/1631/414 2672/1622/2672 2671/1621/2671
f 414/1631/414 415/1632/415 2673/1625/2673 2672/1622/2672
f 415/1632/415 36/1633/36 856/1634/856 2673/1625/2673
f 2673/1625/2673 856/1634/856 855/1635/855 2676/1626/2676
f 2676/1626/2676 855/1635/855 854/1636/854 2679/1629/2679
f 2679/1629/2679 854/1636/854 113/1637/113 853/1638/853
f 2678/1627/2678 2679/1629/2679 853/1638/853 852/1639/852
f 2677/1628/2677 2678/1627/2678 852/1639/852 851/1640/851
f 848/1616/848 2677/1628/2677 851/1640/851 112/1617/112
f 849/1615/849 2674/1624/2674 2677/1628/2677 848/1616/848
f 850/1614/850 2671/1621/2671 2674/1624/2674 849/1615/849
f 2680/1641/2680 2681/1642/2681 2684/1643/2684 2683/1644/2683
f 2681/1642/2681 2682/1645/2682 2685/1646/2685 2684/1643/2684
f 2683/1644/2683 2684/1643/2684 2687/1647/2687 2686/1648/2686
f 2684/1643/2684 2685/1646/2685 2688/1649/2688 2687/1647/2687
f 36/1633/36 847/1650/847 2680/1641/2680 856/1634/856
f 847/1650/847 846/1651/846 2681/1642/2681 2680/1641/2680
f 846/1651/846 845/1652/845 2682/1645/2682 2681/1642/2681
f 2687/1647/2687 2688/1649/2688 859/1653/859 858/1654/858
f 2686/1648/2686 2687/1647/2687 858/1654/858 857/1655/857
f 854/1636/854 2686/1648/2686 857/1655/857 113/1637/113
f 855/1635/855 2683/1644/2683 2686/1648/2686 854/1636/854
f 856/1634/856 2680/1641/2680 2683/1644/2683 855/1635/855
f 2689/1656/2689 2690/1657/2690 2693/1658/2693 2692/1659/2692
f 2690/1657/2690 2691/1660/2691 2694/1661/2694 2693/1658/2693
f 2692/1659/2692 2693/1658/2693 2696/1662/2696 2695/1663/2695
f 2693/1658/2693 2694/1661/2694 2697/1664/2697 2696/1662/2696
f 108/1559/108 830/1557/830 2689/1656/2689 860/1665/860
f 830/1557/830 831/1556/831 2690/1657/2690 2689/1656/2689
f 831/1556/831 832/1555/832 2691/1660/2691 2690/1657/2690
f 832/1555/832 109/1554/109 866/1666/866 2691/1660/2691
f 2691/1660/2691 866/1666/866 867/1667/867 2694/1661/2694
f 2694/1661/2694 867/1667/867 868/1668/868 2697/1664/2697
f 2697/1664/2697 868/1668/868 115/1669/115 865/1670/865
f 2696/1662/2696 2697/1664/2697 865/1670/865 864/1671/864
f 2695/1663/2695 2696/1662/2696 864/1671/864 863/1672/863
f 862/1673/862 2695/1663/2695 863/1672/863 114/1674/114
f 861/1675/861 2692/1659/2692 2695/1663/2695 862/1673/862
f 860/1665/860 2689/1656/2689 2692/1659/2692 861/1675/861
f 2698/1676/2698 2699/1677/2699 2702/1678/2702 2701/1679/2701
f 2699/1677/2699 2700/1680/2700 2703/1681/2703 2702/1678/2702
f 2701/1679/2701 2702/1678/2702 2705/1682/2705 2704/1683/2704
f 2702/1678/2702 2703/1681/2703 2706/1684/2706 2705/1682/2705
f 109/1554/109 833/1580/833 2698/1676/2698 866/1666/866
f 833/1580/833 834/1579/834 2699/1677/2699 2698/1676/2698
f 834/1579/834 835/1578/835 2700/1680/2700 2699/1677/2699
f 835/1578/835 110/1577/110 872/1685/872 2700/1680/2700
f 2700/1680/2700 872/1685/872 873/1686/873 2703/1681/2703
f 2703/1681/2703 873/1686/873 874/1687/874 2706/1684/2706
f 2706/1684/2706 874/1687/874 116/1688/116 871/1689/871
f 2705/1682/2705 2706/1684/2706 871/1689/871 870/1690/870
f 2704/1683/2704 2705/1682/2705 870/1690/870 869/1691/869
f 868/1668/868 2704/1683/2704 869/1691/869 115/1669/115
f 867/1667/867 2701/1679/2701 2704/1683/2704 868/1668/868
f 866/1666/866 2698/1676/2698 2701/1679/2701 867/1667/867
f 2707/1692/2707 2708/1693/2708 2711/1694/2711 2710/1695/2710
f 2708/1693/2708 2709/1696/2709 2712/1697/2712 2711/1694/2711
f 2710/1695/2710 2711/1694/2711 2714/1698/2714 2713/1699/2713
f 2711/1694/2711 2712/1697/2712 2715/1700/2715 2714/1698/2714
f 110/1577/110 839/1600/839 2707/1692/2707 872/1685/872
f 839/1600/839 840/1599/840 2708/1693/2708 2707/1692/2707
f 840/1599/840 841/1598/841 2709/1696/2709 2708/1693/2708
f 841/1598/841 111/1597/111 878/1701/878 2709/1696/2709
f 2709/1696/2709 878/1701/878 879/1702/879 2712/1697/2712
f 2712/1697/2712 879/1702/879 880/1703/880 2715/1700/2715
f 2715/1700/2715 880/1703/880 117/1704/117 877/1705/877
f 2714/1698/2714 2715/1700/2715 877/1705/877 876/1706/876
f 2713/1699/2713 2714/1698/2714 876/1706/876 875/1707/875
f 874/1687/874 2713/1699/2713 875/1707/875 116/1688/116
f 873/1686/873 2710/1695/2710 2713/1699/2713 874/1687/874
f 872/1685/872 2707/1692/2707 2710/1695/2710 873/1686/873
f 2716/1708/2716 2717/1709/2717 2720/1710/2720 2719/1711/2719
f 2717/1709/2717 2718/1712/2718 2721/1713/2721 2720/1710/2720
f 2719/1711/2719 2720/1710/2720 2723/1714/2723 2722/1715/2722
f 2720/1710/2720 2721/1713/2721 2724/1716/2724 2723/1714/2723
f 111/1597/111 842/1620/842 2716/1708/2716 878/1701/878
f 842/1620/842 843/1619/843 2717/1709/2717 2716/1708/2716
f 843/1619/843 844/1618/844 2718/1712/2718 2717/1709/2717
f 844/1618/844 112/1617/112 884/1717/884 2718/1712/2718
f 2718/1712/2718 884/1717/884 885/1718/885 2721/1713/2721
f 2721/1713/2721 885/1718/885 886/1719/886 2724/1716/2724
f 2724/1716/2724 886/1719/886 118/1720/118 883/1721/883
f 2723/1714/2723 2724/1716/2724 883/1721/883 882/1722/882
f 2722/1715/2722 2723/1714/2723 882/1722/882 881/1723/881
f 880/1703/880 2722/1715/2722 881/1723/881 117/1704/117
f 879/1702/879 2719/1711/2719 2722/1715/2722 880/1703/880
f 878/1701/878 2716/1708/2716 2719/1711/2719 879/1702/879
f 2725/1724/2725 2726/1725/2726 2729/1726/2729 2728/1727/2728
f 2726/1725/2726 2727/1728/2727 2730/1729/2730 2729/1726/2729
f 2728/1727/2728 2729/1726/2729 2732/1730/2732 2731/1731/2731
f 2729/1726/2729 2730/1729/2730 2733/1732/2733 2732/1730/2732
f 112/1617/112 851/1640/851 2725/1724/2725 884/1717/884
f 851/1640/851 852/1639/852 2726/1725/2726 2725/1724/2725
f 852/1639/852 853/1638/853 2727/1728/2727 2726/1725/2726
f 853/1638/853 113/1637/113 890/1733/890 2727/1728/2727
f 2727/1728/2727 890/1733/890 891/1734/891 2730/1729/2730
f 2730/1729/2730 891/1734/891 892/1735/892 2733/1732/2733
f 2733/1732/2733 892/1735/892 119/1736/119 889/1737/889
f 2732/1730/2732 2733/1732/2733 889/1737/889 888/1738/888
f 2731/1731/2731 2732/1730/2732 888/1738/888 887/1739/887
f 886/1719/886 2731/1731/2731 887/1739/887 118/1720/118
f 885/1718/885 2728/1727/2728 2731/1731/2731 886/1719/886
f 884/1717/884 2725/1724/2725 2728/1727/2728 885/1718/885
f 2734/1740/2734 2735/1741/2735 2738/1742/2738 2737/1743/2737
f 2735/1741/2735 2736/1744/2736 2739/1745/2739 2738/1742/2738
f 2737/1743/2737 2738/1742/2738 2741/1746/2741 2740/1747/2740
f 2738/1742/2738 2739/1745/2739 2742/1748/2742 2741/1746/2741
f 113/1637/113 857/1655/857 2734/1740/2734 890/1733/890
f 857/1655/857 858/1654/858 2735/1741/2735 2734/1740/2734
f 858/1654/858 859/1653/859 2736/1744/2736 2735/1741/2735
f 2741/1746/2741 2742/1748/2742 895/1749/895 894/1750/894
f 2740/1747/2740 2741/1746/2741 894/1750/894 893/1751/893
f 892/1735/892 2740/1747/2740 893/1751/893 119/1736/119
f 891/1734/891 2737/1743/2737 2740/1747/2740 892/1735/892
f 890/1733/890 2734/1740/2734 2737/1743/2737 891/1734/891
f 2743/1752/2743 2744/1753/2744 2747/1754/2747 2746/1755/2746
f 2744/1753/2744 2745/1756/2745 2748/1757/2748 2747/1754/2747
f 2746/1755/2746 2747/1754/2747 2750/1758/2750 2749/1759/2749
f 2747/1754/2747 2748/1757/2748 2751/1760/2751 2750/1758/2750
f 114/1674/114 863/1672/863 2743/1752/2743 896/1761/896
f 863/1672/863 864/1671/864 2744/1753/2744 2743/1752/2743
f 864/1671/864 865/1670/865 2745/1756/2745 2744/1753/2744
f 865/1670/865 115/1669/115 902/1762/902 2745/1756/2745
f 2745/1756/2745 902/1762/902 903/1763/903 2748/1757/2748
f 2748/1757/2748 903/1763/903 904/1764/904 2751/1760/2751
f 2751/1760/2751 904/1764/904 121/1765/121 901/1766/901
f 2750/1758/2750 2751/1760/2751 901/1766/901 900/1767/900
f 2749/1759/2749 2750/1758/2750 900/1767/900 899/1768/899
f 898/1769/898 2749/1759/2749 899/1768/899 120/1770/120
f 897/1771/897 2746/1755/2746 2749/1759/2749 898/1769/898
f 896/1761/896 2743/1752/2743 2746/1755/2746 897/1771/897
f 2752/1772/2752 2753/1773/2753 2756/1774/2756 2755/1775/2755
f 2753/1773/2753 2754/1776/2754 2757/1777/2757 2756/1774/2756
f 2755/1775/2755 2756/1774/2756 2759/1778/2759 2758/1779/2758
f 2756/1774/2756 2757/1777/2757 2760/1780/2760 2759/1778/2759
f 115/1669/115 869/1691/869 2752/1772/2752 902/1762/902
f 869/1691/869 870/1690/870 2753/1773/2753 2752/1772/2752
f 870/1690/870 871/1689/871 2754/1776/2754 2753/1773/2753
f 871/1689/871 116/1688/116 908/1781/908 2754/1776/2754
f 2754/1776/2754 908/1781/908 909/1782/909 2757/1777/2757
f 2757/1777/2757 909/1782/909 910/1783/910 2760/1780/2760
f 2760/1780/2760 910/1783/910 122/1784/122 907/1785/907
f 2759/1778/2759 2760/1780/2760 907/1785/907 906/1786/906
f 2758/1779/2758 2759/1778/2759 906/1786/906 905/1787/905
f 904/1764/904 2758/1779/2758 905/1787/905 121/1765/121
f 903/1763/903 2755/1775/2755 2758/1779/2758 904/1764/904
f 902/1762/902 2752/1772/2752 2755/1775/2755 903/1763/903
f 2761/1788/2761 2762/1789/2762 2765/1790/2765 2764/1791/2764
f 2762/1789/2762 2763/1792/2763 2766/1793/2766 2765/1790/2765
f 2764/1791/2764 2765/1790/2765 2768/1794/2768 2767/1795/2767
f 2765/1790/2765 2766/1793/2766 2769/1796/2769 2768/1794/2768
f 116/1688/116 875/1707/875 2761/1788/2761 908/1781/908
f 875/1707/875 876/1706/876 2762/1789/2762 2761/1788/2761
f 876/1706/876 877/1705/877 2763/1792/2763 2762/1789/2762
f 877/1705/877 117/1704/117 914/1797/914 2763/1792/2763
f 2763/1792/2763 914/1797/914 915/1798/915 2766/1793/2766
f 2766/1793/2766 915/1798/915 916/1799/916 2769/1796/2769
f 2769/1796/2769 916/1799/916 123/1800/123 913/1801/913
f 2768/1794/2768 2769/1796/2769 913/1801/913 912/1802/912
f 2767/1795/2767 2768/1794/2768 912/1802/912 911/1803/911
f 910/1783/910 2767/1795/2767 911/1803/911 122/1784/122
f 909/1782/909 2764/1791/2764 2767/1795/2767 910/1783/910
f 908/1781/908 2761/1788/2761 2764/1791/2764 909/1782/909
f 2770/1804/2770 2771/1805/2771 2774/1806/2774 2773/1807/2773
f 2771/1805/2771 2772/1808/2772 2775/1809/2775 2774/1806/2774
f 2773/1807/2773 2774/1806/2774 2777/1810/2777 2776/1811/2776
f 2774/1806/2774 2775/1809/2775 2778/1812/2778 2777/1810/2777
f 117/1704/117 881/1723/881 2770/1804/2770 914/1797/914
f 881/1723/881 882/1722/882 2771/1805/2771 2770/1804/2770
f 882/1722/882 883/1721/883 2772/1808/2772 2771/1805/2771
f 883/1721/883 118/1720/118 920/1813/920 2772/1808/2772
f 2772/1808/2772 920/1813/920 921/1814/921 2775/1809/2775
f 2775/1809/2775 921/1814/921 922/1815/922 2778/1812/2778
f 2778/1812/2778 922/1815/922 124/1816/124 919/1817/919
f 2777/1810/2777 2778/1812/2778 919/1817/919 918/1818/918
f 2776/1811/2776 2777/1810/2777 918/1818/918 917/1819/917
f 916/1799/916 2776/1811/2776 917/1819/917 123/1800/123
f 915/1798/915 2773/1807/2773 2776/1811/2776 916/1799/916
f 914/1797/914 2770/1804/2770 2773/1807/2773 915/1798/915
f 2779/1820/2779 2780/1821/2780 2783/1822/2783 2782/1823/2782
f 2780/1821/2780 2781/1824/2781 2784/1825/2784 2783/1822/2783
f 2782/1823/2782 2783/1822/2783 2786/1826/2786 2785/1827/2785
f 2783/1822/2783 2784/1825/2784 2787/1828/2787 2786/1826/2786
f 118/1720/118 887/1739/887 2779/1820/2779 920/1813/920
f 887/1739/887 888/1738/888 2780/1821/2780 2779/1820/2779
f 888/1738/888 889/1737/889 2781/1824/2781 2780/1821/2780
f 889/1737/889 119/1736/119 926/1829/926 2781/1824/2781
f 2781/1824/2781 926/1829/926 927/1830/927 2784/1825/2784
f 2784/1825/2784 927/1830/927 928/1831/928 2787/1828/2787
f 2787/1828/2787 928/1831/928 125/1832/125 925/1833/925
f 2786/1826/2786 2787/1828/2787 925/1833/925 924/1834/924
f 2785/1827/2785 2786/1826/2786 924/1834/924 923/1835/923
f 922/1815/922 2785/1827/2785 923/1835/923 124/1816/124
f 921/1814/921 2782/1823/2782 2785/1827/2785 922/1815/922
f 920/1813/920 2779/1820/2779 2782/1823/2782 921/1814/921
f 2788/1836/2788 2789/1837/2789 2792/1838/2792 2791/1839/2791
f 2789/1837/2789 2790/1840/2790 2793/1841/2793 2792/1838/2792
f 2791/1839/2791 2792/1838/2792 2795/1842/2795 2794/1843/2794
f 2792/1838/2792 2793/1841/2793 2796/1844/2796 2795/1842/2795
f 119/1736/119 893/1751/893 2788/1836/2788 926/1829/926
f 893/1751/893 894/1750/894 2789/1837/2789 2788/1836/2788
f 894/1750/894 895/1749/895 2790/1840/2790 2789/1837/2789
f 2795/1842/2795 2796/1844/2796 931/1845/931 930/1846/930
f 2794/1843/2794 2795/1842/2795 930/1846/930 929/1847/929
f 928/1831/928 2794/1843/2794 929/1847/929 125/1832/125
f 927/1830/927 2791/1839/2791 2794/1843/2794 928/1831/928
f 926/1829/926 2788/1836/2788 2791/1839/2791 927/1830/927
f 2797/1848/2797 2798/1849/2798 2801/1850/2801 2800/1851/2800
f 2798/1849/2798 2799/1852/2799 2802/1853/2802 2801/1850/2801
f 2800/1851/2800 2801/1850/2801 2804/1854/2804 2803/1855/2803
f 2801/1850/2801 2802/1853/2802 2805/1856/2805 2804/1854/2804
f 2799/1852/2799 940/1857/940 939/1858/939 2802/1853/2802
f 2802/1853/2802 939/1858/939 938/1859/938 2805/1856/2805
f 2805/1856/2805 938/1859/938 127/1860/127 937/1861/937
f 2804/1854/2804 2805/1856/2805 937/1861/937 936/1862/936
f 2803/1855/2803 2804/1854/2804 936/1862/936 935/1863/935
f 934/1864/934 2803/1855/2803 935/1863/935 126/1865/126
f 933/1866/933 2800/1851/2800 2803/1855/2803 934/1864/934
f 932/1867/932 2797/1848/2797 2800/1851/2800 933/1866/933
f 2806/1868/2806 2807/1869/2807 2810/1870/2810 2809/1871/2809
f 2807/1869/2807 2808/1872/2808 2811/1873/2811 2810/1870/2810
f 2809/1871/2809 2810/1870/2810 2813/1874/2813 2812/1875/2812
f 2810/1870/2810 2811/1873/2811 2814/1876/2814 2813/1874/2813
f 2808/1872/2808 946/1877/946 945/1878/945 2811/1873/2811
f 2811/1873/2811 945/1878/945 944/1879/944 2814/1876/2814
f 2814/1876/2814 944/1879/944 128/1880/128 943/1881/943
f 2813/1874/2813 2814/1876/2814 943/1881/943 942/1882/942
f 2812/1875/2812 2813/1874/2813 942/1882/942 941/1883/941
f 938/1859/938 2812/1875/2812 941/1883/941 127/1860/127
f 939/1858/939 2809/1871/2809 2812/1875/2812 938/1859/938
f 940/1857/940 2806/1868/2806 2809/1871/2809 939/1858/939
f 2815/1884/2815 2816/1885/2816 2819/1886/2819 2818/1887/2818
f 2816/1885/2816 2817/1888/2817 2820/1889/2820 2819/1886/2819
f 2818/1887/2818 2819/1886/2819 2822/1890/2822 2821/1891/2821
f 2819/1886/2819 2820/1889/2820 2823/1892/2823 2822/1890/2822
f 2817/1888/2817 962/1893/962 963/1894/963 2820/1889/2820
f 2820/1889/2820 963/1894/963 964/1895/964 2823/1892/2823
f 2823/1892/2823 964/1895/964 4/1896/4 997/1897/997
f 2822/1890/2822 2823/1892/2823 997/1897/997 996/1898/996
f 2821/1891/2821 2822/1890/2822 996/1898/996 995/1899/995
f 944/1879/944 2821/1891/2821 995/1899/995 128/1880/128
f 945/1878/945 2818/1887/2818 2821/1891/2821 944/1879/944
f 946/1877/946 2815/1884/2815 2818/1887/2818 945/1878/945
f 2824/1900/2824 2825/1901/2825 2828/1902/2828 2827/1903/2827
f 2825/1901/2825 2826/1904/2826 2829/1905/2829 2828/1902/2828
f 2827/1903/2827 2828/1902/2828 2831/1906/2831 2830/1907/2830
f 2828/1902/2828 2829/1905/2829 2832/1908/2832 2831/1906/2831
f 126/1865/126 935/1863/935 2824/1900/2824 947/1909/947
f 935/1863/935 936/1862/936 2825/1901/2825 2824/1900/2824
f 936/1862/936 937/1861/937 2826/1904/2826 2825/1901/2825
f 937/1861/937 127/1860/127 953/1910/953 2826/1904/2826
f 2826/1904/2826 953/1910/953 954/1911/954 2829/1905/2829
f 2829/1905/2829 954/1911/954 955/1912/955 2832/1908/2832
f 2832/1908/2832 955/1912/955 130/1913/130 952/1914/952
f 2831/1906/2831 2832/1908/2832 952/1914/952 951/1915/951
f 2830/1907/2830 2831/1906/2831 951/1915/951 950/1916/950
f 949/1917/949 2830/1907/2830 950/1916/950 129/1918/129
f 948/1919/948 2827/1903/2827 2830/1907/2830 949/1917/949
f 947/1909/947 2824/1900/2824 2827/1903/2827 948/1919/948
f 2833/1920/2833 2834/1921/2834 2837/1922/2837 2836/1923/2836
f 2834/1921/2834 2835/1924/2835 2838/1925/2838 2837/1922/2837
f 2836/1923/2836 2837/1922/2837 2840/1926/2840 2839/1927/2839
f 2837/1922/2837 2838/1925/2838 2841/1928/2841 2840/1926/2840
f 127/1860/127 941/1883/941 2833/1920/2833 953/1910/953
f 941/1883/941 942/1882/942 2834/1921/2834 2833/1920/2833
f 942/1882/942 943/1881/943 2835/1924/2835 2834/1921/2834
f 943/1881/943 128/1880/128 959/1929/959 2835/1924/2835
f 2835/1924/2835 959/1929/959 960/1930/960 2838/1925/2838
f 2838/1925/2838 960/1930/960 961/1931/961 2841/1928/2841
f 2841/1928/2841 961/1931/961 131/1932/131 958/1933/958
f 2840/1926/2840 2841/1928/2841 958/1933/958 957/1934/957
f 2839/1927/2839 2840/1926/2840 957/1934/957 956/1935/956
f 955/1912/955 2839/1927/2839 956/1935/956 130/1913/130
f 954/1911/954 2836/1923/2836 2839/1927/2839 955/1912/955
f 953/1910/953 2833/1920/2833 2836/1923/2836 954/1911/954
f 2842/1936/2842 2843/1937/2843 2846/1938/2846 2845/1939/2845
f 2843/1937/2843 2844/1940/2844 2847/1941/2847 2846/1938/2846
f 2845/1939/2845 2846/1938/2846 2849/1942/2849 2848/1943/2848
f 2846/1938/2846 2847/1941/2847 2850/1944/2850 2849/1942/2849
f 128/1880/128 995/1899/995 2842/1936/2842 959/1929/959
f 995/1899/995 996/1898/996 2843/1937/2843 2842/1936/2842
f 996/1898/996 997/1897/997 2844/1940/2844 2843/1937/2843
f 997/1897/997 4/1896/4 293/1945/293 2844/1940/2844
f 2844/1940/2844 293/1945/293 294/1946/294 2847/1941/2847
f 2847/1941/2847 294/1946/294 295/1947/295 2850/1944/2850
f 2850/1944/2850 295/1947/295 8/1948/8 1015/1949/1015
f 2849/1942/2849 2850/1944/2850 1015/1949/1015 1014/1950/1014
f 2848/1943/2848 2849/1942/2849 1014/1950/1014 1013/1951/1013
f 961/1931/961 2848/1943/2848 1013/1951/1013 131/1932/131
f 960/1930/960 2845/1939/2845 2848/1943/2848 961/1931/961
f 959/1929/959 2842/1936/2842 2845/1939/2845 960/1930/960
f 2851/1952/2851 2852/1953/2852 2855/1954/2855 2854/1955/2854
f 2852/1953/2852 2853/1956/2853 2856/1957/2856 2855/1954/2855
f 2854/1955/2854 2855/1954/2855 2858/1958/2858 2857/1959/2857
f 2855/1954/2855 2856/1957/2856 2859/1960/2859 2858/1958/2858
f 129/1918/129 950/1916/950 2851/1952/2851 965/1961/965
f 950/1916/950 951/1915/951 2852/1953/2852 2851/1952/2851
f 951/1915/951 952/1914/952 2853/1956/2853 2852/1953/2852
f 952/1914/952 130/1913/130 971/1962/971 2853/1956/2853
f 2853/1956/2853 971/1962/971 972/1963/972 2856/1957/2856
f 2856/1957/2856 972/1963/972 973/1964/973 2859/1960/2859
f 2859/1960/2859 973/1964/973 133/1965/133 970/1966/970
f 2858/1958/2858 2859/1960/2859 970/1966/970 969/1967/969
f 2857/1959/2857 2858/1958/2858 969/1967/969 968/1968/968
f 967/1969/967 2857/1959/2857 968/1968/968 132/1970/132
f 966/1971/966 2854/1955/2854 2857/1959/2857 967/1969/967
f 965/1961/965 2851/1952/2851 2854/1955/2854 966/1971/966
f 2860/1972/2860 2861/1973/2861 2864/1974/2864 2863/1975/2863
f 2861/1973/2861 2862/1976/2862 2865/1977/2865 2864/1974/2864
f 2863/1975/2863 2864/1974/2864 2867/1978/2867 2866/1979/2866
f 2864/1974/2864 2865/1977/2865 2868/1980/2868 2867/1978/2867
f 130/1913/130 956/1935/956 2860/1972/2860 971/1962/971
f 956/1935/956 957/1934/957 2861/1973/2861 2860/1972/2860
f 957/1934/957 958/1933/958 2862/1976/2862 2861/1973/2861
f 958/1933/958 131/1932/131 977/1981/977 2862/1976/2862
f 2862/1976/2862 977/1981/977 978/1982/978 2865/1977/2865
f 2865/1977/2865 978/1982/978 979/1983/979 2868/1980/2868
f 2868/1980/2868 979/1983/979 134/1984/134 976/1985/976
f 2867/1978/2867 2868/1980/2868 976/1985/976 975/1986/975
f 2866/1979/2866 2867/1978/2867 975/1986/975 974/1987/974
f 973/1964/973 2866/1979/2866 974/1987/974 133/1965/133
f 972/1963/972 2863/1975/2863 2866/1979/2866 973/1964/973
f 971/1962/971 2860/1972/2860 2863/1975/2863 972/1963/972
f 2869/1988/2869 2870/1989/2870 2873/1990/2873 2872/1991/2872
f 2870/1989/2870 2871/1992/2871 2874/1993/2874 2873/1990/2873
f 2872/1991/2872 2873/1990/2873 2876/1994/2876 2875/1995/2875
f 2873/1990/2873 2874/1993/2874 2877/1996/2877 2876/1994/2876
f 131/1932/131 1013/1951/1013 2869/1988/2869 977/1981/977
f 1013/1951/1013 1014/1950/1014 2870/1989/2870 2869/1988/2869
f 1014/1950/1014 1015/1949/1015 2871/1992/2871 2870/1989/2870
f 1015/1949/1015 8/1948/8 314/1997/314 2871/1992/2871
f 2871/1992/2871 314/1997/314 315/1998/315 2874/1993/2874
f 2874/1993/2874 315/1998/315 316/1999/316 2877/1996/2877
f 2877/1996/2877 316/1999/316 12/2000/12 1033/2001/1033
f 2876/1994/2876 2877/1996/2877 1033/2001/1033 1032/2002/1032
f 2875/1995/2875 2876/1994/2876 1032/2002/1032 1031/2003/1031
f 979/1983/979 2875/1995/2875 1031/2003/1031 134/1984/134
f 978/1982/978 2872/1991/2872 2875/1995/2875 979/1983/979
f 977/1981/977 2869/1988/2869 2872/1991/2872 978/1982/978
f 2878/2004/2878 2879/2005/2879 2882/2006/2882 2881/2007/2881
f 2879/2005/2879 2880/2008/2880 2883/2009/2883 2882/2006/2882
f 2881/2007/2881 2882/2006/2882 2885/2010/2885 2884/2011/2884
f 2882/2006/2882 2883/2009/2883 2886/2012/2886 2885/2010/2885
f 132/1970/132 968/1968/968 2878/2004/2878 980/2013/980
f 968/1968/968 969/1967/969 2879/2005/2879 2878/2004/2878
f 969/1967/969 970/1966/970 2880/2008/2880 2879/2005/2879
f 970/1966/970 133/1965/133 986/2014/986 2880/2008/2880
f 2880/2008/2880 986/2014/986 987/2015/987 2883/2009/2883
f 2883/2009/2883 987/2015/987 988/2016/988 2886/2012/2886
f 2886/2012/2886 988/2016/988 136/2017/136 985/2018/985
f 2885/2010/2885 2886/2012/2886 985/2018/985 984/2019/984
f 2884/2011/2884 2885/2010/2885 984/2019/984 983/2020/983
f 982/2021/982 2884/2011/2884 983/2020/983 135/2022/135
f 981/2023/981 2881/2007/2881 2884/2011/2884 982/2021/982
f 980/2013/980 2878/2004/2878 2881/2007/2881 981/2023/981
f 2887/2024/2887 2888/2025/2888 2891/2026/2891 2890/2027/2890
f 2888/2025/2888 2889/2028/2889 2892/2029/2892 2891/2026/2891
f 2890/2027/2890 2891/2026/2891 2894/2030/2894 2893/2031/2893
f 2891/2026/2891 2892/2029/2892 2895/2032/2895 2894/2030/2894
f 133/1965/133 974/1987/974 2887/2024/2887 986/2014/986
f 974/1987/974 975/1986/975 2888/2025/2888 2887/2024/2887
f 975/1986/975 976/1985/976 2889/2028/2889 2888/2025/2888
f 976/1985/976 134/1984/134 992/2033/992 2889/2028/2889
f 2889/2028/2889 992/2033/992 993/2034/993 2892/2029/2892
f 2892/2029/2892 993/2034/993 994/2035/994 2895/2032/2895
f 2895/2032/2895 994/2035/994 137/2036/137 991/2037/991
f 2894/2030/2894 2895/2032/2895 991/2037/991 990/2038/990
f 2893/2031/2893 2894/2030/2894 990/2038/990 989/2039/989
f 988/2016/988 2893/2031/2893 989/2039/989 136/2017/136
f 987/2015/987 2890/2027/2890 2893/2031/2893 988/2016/988
f 986/2014/986 2887/2024/2887 2890/2027/2890 987/2015/987
f 2896/2040/2896 2897/2041/2897 2900/2042/2900 2899/2043/2899
f 2897/2041/2897 2898/2044/2898 2901/2045/2901 2900/2042/2900
f 2899/2043/2899 2900/2042/2900 2903/2046/2903 2902/2047/2902
f 2900/2042/2900 2901/2045/2901 2904/2048/2904 2903/2046/2903
f 134/1984/134 1031/2003/1031 2896/2040/2896 992/2033/992
f 1031/2003/1031 1032/2002/1032 2897/2041/2897 2896/2040/2896
f 1032/2002/1032 1033/2001/1033 2898/2044/2898 2897/2041/2897
f 1033/2001/1033 12/2000/12 335/2049/335 2898/2044/2898
f 2898/2044/2898 335/2049/335 336/2050/336 2901/2045/2901
f 2901/2045/2901 336/2050/336 337/2051/337 2904/2048/2904
f 2904/2048/2904 337/2051/337 16/2052/16 1770/2053/1770
f 2903/2046/2903 2904/2048/2904 1770/2053/1770 1769/2054/1769
f 2902/2047/2902 2903/2046/2903 1769/2054/1769 1768/2055/1768
f 994/2035/994 2902/2047/2902 1768/2055/1768 137/2036/137
f 993/2034/993 2899/2043/2899 2902/2047/2902 994/2035/994
f 992/2033/992 2896/2040/2896 2899/2043/2899 993/2034/993
f 2905/2056/2905 2906/2057/2906 2909/2058/2909 2908/2059/2908
f 2906/2057/2906 2907/2060/2907 2910/2061/2910 2909/2058/2909
f 2908/2059/2908 2909/2058/2909 2912/2062/2912 2911/2063/2911
f 2909/2058/2909 2910/2061/2910 2913/2064/2913 2912/2062/2912
f 135/2022/135 983/2020/983 2905/2056/2905 998/2065/998
f 983/2020/983 984/2019/984 2906/2057/2906 2905/2056/2905
f 984/2019/984 985/2018/985 2907/2060/2907 2906/2057/2906
f 985/2018/985 136/2017/136 1004/2066/1004 2907/2060/2907
f 2907/2060/2907 1004/2066/1004 1005/2067/1005 2910/2061/2910
f 2910/2061/2910 1005/2067/1005 1006/2068/1006 2913/2064/2913
f 2913/2064/2913 1006/2068/1006 139/2069/139 1003/2070/1003
f 2912/2062/2912 2913/2064/2913 1003/2070/1003 1002/2071/1002
f 2911/2063/2911 2912/2062/2912 1002/2071/1002 1001/2072/1001
f 1000/2073/1000 2911/2063/2911 1001/2072/1001 138/2074/138
f 999/2075/999 2908/2059/2908 2911/2063/2911 1000/2073/1000
f 998/2065/998 2905/2056/2905 2908/2059/2908 999/2075/999
f 2914/2076/2914 2915/2077/2915 2918/2078/2918 2917/2079/2917
f 2915/2077/2915 2916/2080/2916 2919/2081/2919 2918/2078/2918
f 2917/2079/2917 2918/2078/2918 2921/2082/2921 2920/2083/2920
f 2918/2078/2918 2919/2081/2919 2922/2084/2922 2921/2082/2921
f 136/2017/136 989/2039/989 2914/2076/2914 1004/2066/1004
f 989/2039/989 990/2038/990 2915/2077/2915 2914/2076/2914
f 990/2038/990 991/2037/991 2916/2080/2916 2915/2077/2915
f 991/2037/991 137/2036/137 1010/2085/1010 2916/2080/2916
f 2916/2080/2916 1010/2085/1010 1011/2086/1011 2919/2081/2919
f 2919/2081/2919 1011/2086/1011 1012/2087/1012 2922/2084/2922
f 2922/2084/2922 1012/2087/1012 140/2088/140 1009/2089/1009
f 2921/2082/2921 2922/2084/2922 1009/2089/1009 1008/2090/1008
f 2920/2083/2920 2921/2082/2921 1008/2090/1008 1007/2091/1007
f 1006/2068/1006 2920/2083/2920 1007/2091/1007 139/2069/139
f 1005/2067/1005 2917/2079/2917 2920/2083/2920 1006/2068/1006
f 1004/2066/1004 2914/2076/2914 2917/2079/2917 1005/2067/1005
f 2923/2092/2923 2924/2093/2924 2927/2094/2927 2926/2095/2926
f 2924/2093/2924 2925/2096/2925 2928/2097/2928 2927/2094/2927
f 2926/2095/2926 2927/2094/2927 2930/2098/2930 2929/2099/2929
f 2927/2094/2927 2928/2097/2928 2931/2100/2931 2930/2098/2930
f 137/2036/137 1768/2055/1768 2923/2092/2923 1010/2085/1010
f 1768/2055/1768 1769/2054/1769 2924/2093/2924 2923/2092/2923
f 1769/2054/1769 1770/2053/1770 2925/2096/2925 2924/2093/2924
f 1770/2053/1770 16/2052/16 356/2101/356 2925/2096/2925
f 2925/2096/2925 356/2101/356 357/2102/357 2928/2097/2928
f 2928/2097/2928 357/2102/357 358/2103/358 2931/2100/2931
f 2931/2100/2931 358/2103/358 20/2104/20 1105/2105/1105
f 2930/2098/2930 2931/2100/2931 1105/2105/1105 1104/2106/1104
f 2929/2099/2929 2930/2098/2930 1104/2106/1104 1103/2107/1103
f 1012/2087/1012 2929/2099/2929 1103/2107/1103 140/2088/140
f 1011/2086/1011 2926/2095/2926 2929/2099/2929 1012/2087/1012
f 1010/2085/1010 2923/2092/2923 2926/2095/2926 1011/2086/1011
f 2932/2108/2932 2933/2109/2933 2936/2110/2936 2935/2111/2935
f 2933/2109/2933 2934/2112/2934 2937/2113/2937 2936/2110/2936
f 2935/2111/2935 2936/2110/2936 2939/2114/2939 2938/2115/2938
f 2936/2110/2936 2937/2113/2937 2940/2116/2940 2939/2114/2939
f 138/2074/138 1001/2072/1001 2932/2108/2932 1016/2117/1016
f 1001/2072/1001 1002/2071/1002 2933/2109/2933 2932/2108/2932
f 1002/2071/1002 1003/2070/1003 2934/2112/2934 2933/2109/2933
f 1003/2070/1003 139/2069/139 1022/2118/1022 2934/2112/2934
f 2934/2112/2934 1022/2118/1022 1023/2119/1023 2937/2113/2937
f 2937/2113/2937 1023/2119/1023 1024/2120/1024 2940/2116/2940
f 2940/2116/2940 1024/2120/1024 142/2121/142 1021/2122/1021
f 2939/2114/2939 2940/2116/2940 1021/2122/1021 1020/2123/1020
f 2938/2115/2938 2939/2114/2939 1020/2123/1020 1019/2124/1019
f 1018/2125/1018 2938/2115/2938 1019/2124/1019 141/2126/141
f 1017/2127/1017 2935/2111/2935 2938/2115/2938 1018/2125/1018
f 1016/2117/1016 2932/2108/2932 2935/2111/2935 1017/2127/1017
f 2941/2128/2941 2942/2129/2942 2945/2130/2945 2944/2131/2944
f 2942/2129/2942 2943/2132/2943 2946/2133/2946 2945/2130/2945
f 2944/2131/2944 2945/2130/2945 2948/2134/2948 2947/2135/2947
f 2945/2130/2945 2946/2133/2946 2949/2136/2949 2948/2134/2948
f 139/2069/139 1007/2091/1007 2941/2128/2941 1022/2118/1022
f 1007/2091/1007 1008/2090/1008 2942/2129/2942 2941/2128/2941
f 1008/2090/1008 1009/2089/1009 2943/2132/2943 2942/2129/2942
f 1009/2089/1009 140/2088/140 1028/2137/1028 2943/2132/2943
f 2943/2132/2943 1028/2137/1028 1029/2138/1029 2946/2133/2946
f 2946/2133/2946 1029/2138/1029 1030/2139/1030 2949/2136/2949
f 2949/2136/2949 1030/2139/1030 143/2140/143 1027/2141/1027
f 2948/2134/2948 2949/2136/2949 1027/2141/1027 1026/2142/1026
f 2947/2135/2947 2948/2134/2948 1026/2142/1026 1025/2143/1025
f 1024/2120/1024 2947/2135/2947 1025/2143/1025 142/2121/142
f 1023/2119/1023 2944/2131/2944 2947/2135/2947 1024/2120/1024
f 1022/2118/1022 2941/2128/2941 2944/2131/2944 1023/2119/1023
f 2950/2144/2950 2951/2145/2951 2954/2146/2954 2953/2147/2953
f 2951/2145/2951 2952/2148/2952 2955/2149/2955 2954/2146/2954
f 2953/2147/2953 2954/2146/2954 2957/2150/2957 2956/2151/2956
f 2954/2146/2954 2955/2149/2955 2958/2152/2958 2957/2150/2957
f 140/2088/140 1103/2107/1103 2950/2144/2950 1028/2137/1028
f 1103/2107/1103 1104/2106/1104 2951/2145/2951 2950/2144/2950
f 1104/2106/1104 1105/2105/1105 2952/2148/2952 2951/2145/2951
f 1105/2105/1105 20/2104/20 1759/2153/1759 2952/2148/2952
f 2952/2148/2952 1759/2153/1759 1760/2154/1760 2955/2149/2955
f 2955/2149/2955 1760/2154/1760 1761/2155/1761 2958/2152/2958
f 2958/2152/2958 1761/2155/1761 24/2156/24 1767/2157/1767
f 2957/2150/2957 2958/2152/2958 1767/2157/1767 1766/2158/1766
f 2956/2151/2956 2957/2150/2957 1766/2158/1766 1765/2159/1765
f 1030/2139/1030 2956/2151/2956 1765/2159/1765 143/2140/143
f 1029/2138/1029 2953/2147/2953 2956/2151/2956 1030/2139/1030
f 1028/2137/1028 2950/2144/2950 2953/2147/2953 1029/2138/1029
f 2959/2160/2959 2960/2161/2960 2963/2162/2963 2962/2163/2962
f 2960/2161/2960 2961/2164/2961 2964/2165/2964 2963/2162/2963
f 2962/2163/2962 2963/2162/2963 2966/2166/2966 2965/2167/2965
f 2963/2162/2963 2964/2165/2964 2967/2168/2967 2966/2166/2966
f 60/2169/60 1034/2170/1034 2959/2160/2959 826/2171/826
f 1034/2170/1034 1035/2172/1035 2960/2161/2960 2959/2160/2959
f 1035/2172/1035 1036/2173/1036 2961/2164/2961 2960/2161/2960
f 1036/2173/1036 144/2174/144 1037/2175/1037 2961/2164/2961
f 2961/2164/2961 1037/2175/1037 1038/2176/1038 2964/2165/2964
f 2964/2165/2964 1038/2176/1038 1039/2177/1039 2967/2168/2967
f 2967/2168/2967 1039/2177/1039 145/2178/145 1804/2179/1804
f 2966/2166/2966 2967/2168/2967 1804/2179/1804 1805/2180/1805
f 2965/2167/2965 2966/2166/2966 1805/2180/1805 1806/2181/1806
f 824/2182/824 2965/2167/2965 1806/2181/1806 57/2183/57
f 825/2184/825 2962/2163/2962 2965/2167/2965 824/2182/824
f 826/2171/826 2959/2160/2959 2962/2163/2962 825/2184/825
f 2968/2185/2968 2969/2186/2969 2972/2187/2972 2971/2188/2971
f 2969/2186/2969 2970/2189/2970 2973/2190/2973 2972/2187/2972
f 2971/2188/2971 2972/2187/2972 2975/2191/2975 2974/2192/2974
f 2972/2187/2972 2973/2190/2973 2976/2193/2976 2975/2191/2975
f 57/2183/57 1806/2181/1806 2968/2185/2968 529/2194/529
f 1806/2181/1806 1805/2180/1805 2969/2186/2969 2968/2185/2968
f 1805/2180/1805 1804/2179/1804 2970/2189/2970 2969/2186/2969
f 1804/2179/1804 145/2178/145 1040/2195/1040 2970/2189/2970
f 2970/2189/2970 1040/2195/1040 1041/2196/1041 2973/2190/2973
f 2973/2190/2973 1041/2196/1041 1042/2197/1042 2976/2193/2976
f 2976/2193/2976 1042/2197/1042 146/2198/146 1043/2199/1043
f 2975/2191/2975 2976/2193/2976 1043/2199/1043 1044/2200/1044
f 2974/2192/2974 2975/2191/2975 1044/2200/1044 1045/2201/1045
f 527/2202/527 2974/2192/2974 1045/2201/1045 53/2203/53
f 528/2204/528 2971/2188/2971 2974/2192/2974 527/2202/527
f 529/2194/529 2968/2185/2968 2971/2188/2971 528/2204/528
f 2977/2205/2977 2978/2206/2978 2981/2207/2981 2980/2208/2980
f 2978/2206/2978 2979/2209/2979 2982/2210/2982 2981/2207/2981
f 2980/2208/2980 2981/2207/2981 2984/2211/2984 2983/2212/2983
f 2981/2207/2981 2982/2210/2982 2985/2213/2985 2984/2211/2984
f 53/2203/53 1045/2201/1045 2977/2205/2977 1466/2214/1466
f 1045/2201/1045 1044/2200/1044 2978/2206/2978 2977/2205/2977
f 1044/2200/1044 1043/2199/1043 2979/2209/2979 2978/2206/2978
f 1043/2199/1043 146/2198/146 1046/2215/1046 2979/2209/2979
f 2979/2209/2979 1046/2215/1046 1047/2216/1047 2982/2210/2982
f 2982/2210/2982 1047/2216/1047 1048/2217/1048 2985/2213/2985
f 2985/2213/2985 1048/2217/1048 147/2218/147 1051/2219/1051
f 2984/2211/2984 2985/2213/2985 1051/2219/1051 1050/2220/1050
f 2983/2212/2983 2984/2211/2984 1050/2220/1050 1049/2221/1049
f 1468/2222/1468 2983/2212/2983 1049/2221/1049 54/2223/54
f 1467/2224/1467 2980/2208/2980 2983/2212/2983 1468/2222/1468
f 1466/2214/1466 2977/2205/2977 2980/2208/2980 1467/2224/1467
f 2986/2225/2986 2987/2226/2987 2990/2227/2990 2989/2228/2989
f 2987/2226/2987 2988/2229/2988 2991/2230/2991 2990/2227/2990
f 2989/2228/2989 2990/2227/2990 2993/2231/2993 2992/2232/2992
f 2990/2227/2990 2991/2230/2991 2994/2233/2994 2993/2231/2993
f 144/2174/144 1052/2234/1052 2986/2225/2986 1037/2175/1037
f 1052/2234/1052 1053/2235/1053 2987/2226/2987 2986/2225/2986
f 1053/2235/1053 1054/2236/1054 2988/2229/2988 2987/2226/2987
f 1054/2236/1054 148/2237/148 1055/2238/1055 2988/2229/2988
f 2988/2229/2988 1055/2238/1055 1056/2239/1056 2991/2230/2991
f 2991/2230/2991 1056/2239/1056 1057/2240/1057 2994/2233/2994
f 2994/2233/2994 1057/2240/1057 149/2241/149 1060/2242/1060
f 2993/2231/2993 2994/2233/2994 1060/2242/1060 1059/2243/1059
f 2992/2232/2992 2993/2231/2993 1059/2243/1059 1058/2244/1058
f 1039/2177/1039 2992/2232/2992 1058/2244/1058 145/2178/145
f 1038/2176/1038 2989/2228/2989 2992/2232/2992 1039/2177/1039
f 1037/2175/1037 2986/2225/2986 2989/2228/2989 1038/2176/1038
f 2995/2245/2995 2996/2246/2996 2999/2247/2999 2998/2248/2998
f 2996/2246/2996 2997/2249/2997 3000/2250/3000 2999/2247/2999
f 2998/2248/2998 2999/2247/2999 3002/2251/3002 3001/2252/3001
f 2999/2247/2999 3000/2250/3000 3003/2253/3003 3002/2251/3002
f 145/2178/145 1058/2244/1058 2995/2245/2995 1040/2195/1040
f 1058/2244/1058 1059/2243/1059 2996/2246/2996 2995/2245/2995
f 1059/2243/1059 1060/2242/1060 2997/2249/2997 2996/2246/2996
f 1060/2242/1060 149/2241/149 1061/2254/1061 2997/2249/2997
f 2997/2249/2997 1061/2254/1061 1062/2255/1062 3000/2250/3000
f 3000/2250/3000 1062/2255/1062 1063/2256/1063 3003/2253/3003
f 3003/2253/3003 1063/2256/1063 150/2257/150 1066/2258/1066
f 3002/2251/3002 3003/2253/3003 1066/2258/1066 1065/2259/1065
f 3001/2252/3001 3002/2251/3002 1065/2259/1065 1064/2260/1064
f 1042/2197/1042 3001/2252/3001 1064/2260/1064 146/2198/146
f 1041/2196/1041 2998/2248/2998 3001/2252/3001 1042/2197/1042
f 1040/2195/1040 2995/2245/2995 2998/2248/2998 1041/2196/1041
f 3004/2261/3004 3005/2262/3005 3008/2263/3008 3007/2264/3007
f 3005/2262/3005 3006/2265/3006 3009/2266/3009 3008/2263/3008
f 3007/2264/3007 3008/2263/3008 3011/2267/3011 3010/2268/3010
f 3008/2263/3008 3009/2266/3009 3012/2269/3012 3011/2267/3011
f 146/2198/146 1064/2260/1064 3004/2261/3004 1046/2215/1046
f 1064/2260/1064 1065/2259/1065 3005/2262/3005 3004/2261/3004
f 1065/2259/1065 1066/2258/1066 3006/2265/3006 3005/2262/3005
f 1066/2258/1066 150/2257/150 1067/2270/1067 3006/2265/3006
f 3006/2265/3006 1067/2270/1067 1068/2271/1068 3009/2266/3009
f 3009/2266/3009 1068/2271/1068 1069/2272/1069 3012/2269/3012
f 3012/2269/3012 1069/2272/1069 151/2273/151 1072/2274/1072
f 3011/2267/3011 3012/2269/3012 1072/2274/1072 1071/2275/1071
f 3010/2268/3010 3011/2267/3011 1071/2275/1071 1070/2276/1070
f 1048/2217/1048 3010/2268/3010 1070/2276/1070 147/2218/147
f 1047/2216/1047 3007/2264/3007 3010/2268/3010 1048/2217/1048
f 1046/2215/1046 3004/2261/3004 3007/2264/3007 1047/2216/1047
f 3013/2277/3013 3014/2278/3014 3017/2279/3017 3016/2280/3016
f 3014/2278/3014 3015/2281/3015 3018/2282/3018 3017/2279/3017
f 3016/2280/3016 3017/2279/3017 3020/2283/3020 3019/2284/3019
f 3017/2279/3017 3018/2282/3018 3021/2285/3021 3020/2283/3020
f 148/2237/148 1073/2286/1073 3013/2277/3013 1055/2238/1055
f 1073/2286/1073 1074/2287/1074 3014/2278/3014 3013/2277/3013
f 1074/2287/1074 1075/2288/1075 3015/2281/3015 3014/2278/3014
f 1075/2288/1075 152/2289/152 1076/2290/1076 3015/2281/3015
f 3015/2281/3015 1076/2290/1076 1077/2291/1077 3018/2282/3018
f 3018/2282/3018 1077/2291/1077 1078/2292/1078 3021/2285/3021
f 3021/2285/3021 1078/2292/1078 153/2293/153 1081/2294/1081
f 3020/2283/3020 3021/2285/3021 1081/2294/1081 1080/2295/1080
f 3019/2284/3019 3020/2283/3020 1080/2295/1080 1079/2296/1079
f 1057/2240/1057 3019/2284/3019 1079/2296/1079 149/2241/149
f 1056/2239/1056 3016/2280/3016 3019/2284/3019 1057/2240/1057
f 1055/2238/1055 3013/2277/3013 3016/2280/3016 1056/2239/1056
f 3022/2297/3022 3023/2298/3023 3026/2299/3026 3025/2300/3025
f 3023/2298/3023 3024/2301/3024 3027/2302/3027 3026/2299/3026
f 3025/2300/3025 3026/2299/3026 3029/2303/3029 3028/2304/3028
f 3026/2299/3026 3027/2302/3027 3030/2305/3030 3029/2303/3029
f 149/2241/149 1079/2296/1079 3022/2297/3022 1061/2254/1061
f 1079/2296/1079 1080/2295/1080 3023/2298/3023 3022/2297/3022
f 1080/2295/1080 1081/2294/1081 3024/2301/3024 3023/2298/3023
f 1081/2294/1081 153/2293/153 1082/2306/1082 3024/2301/3024
f 3024/2301/3024 1082/2306/1082 1083/2307/1083 3027/2302/3027
f 3027/2302/3027 1083/2307/1083 1084/2308/1084 3030/2305/3030
f 3030/2305/3030 1084/2308/1084 154/2309/154 1087/2310/1087
f 3029/2303/3029 3030/2305/3030 1087/2310/1087 1086/2311/1086
f 3028/2304/3028 3029/2303/3029 1086/2311/1086 1085/2312/1085
f 1063/2256/1063 3028/2304/3028 1085/2312/1085 150/2257/150
f 1062/2255/1062 3025/2300/3025 3028/2304/3028 1063/2256/1063
f 1061/2254/1061 3022/2297/3022 3025/2300/3025 1062/2255/1062
f 3031/2313/3031 3032/2314/3032 3035/2315/3035 3034/2316/3034
f 3032/2314/3032 3033/2317/3033 3036/2318/3036 3035/2315/3035
f 3034/2316/3034 3035/2315/3035 3038/2319/3038 3037/2320/3037
f 3035/2315/3035 3036/2318/3036 3039/2321/3039 3038/2319/3038
f 150/2257/150 1085/2312/1085 3031/2313/3031 1067/2270/1067
f 1085/2312/1085 1086/2311/1086 3032/2314/3032 3031/2313/3031
f 1086/2311/1086 1087/2310/1087 3033/2317/3033 3032/2314/3032
f 1087/2310/1087 154/2309/154 1088/2322/1088 3033/2317/3033
f 3033/2317/3033 1088/2322/1088 1089/2323/1089 3036/2318/3036
f 3036/2318/3036 1089/2323/1089 1090/2324/1090 3039/2321/3039
f 3039/2321/3039 1090/2324/1090 155/2325/155 1093/2326/1093
f 3038/2319/3038 3039/2321/3039 1093/2326/1093 1092/2327/1092
f 3037/2320/3037 3038/2319/3038 1092/2327/1092 1091/2328/1091
f 1069/2272/1069 3037/2320/3037 1091/2328/1091 151/2273/151
f 1068/2271/1068 3034/2316/3034 3037/2320/3037 1069/2272/1069
f 1067/2270/1067 3031/2313/3031 3034/2316/3034 1068/2271/1068
f 3040/2329/3040 3041/2330/3041 3044/2331/3044 3043/2332/3043
f 3041/2330/3041 3042/2333/3042 3045/2334/3045 3044/2331/3044
f 3043/2332/3043 3044/2331/3044 3047/2335/3047 3046/2336/3046
f 3044/2331/3044 3045/2334/3045 3048/2337/3048 3047/2335/3047
f 152/2289/152 1096/2338/1096 3040/2329/3040 1076/2290/1076
f 1096/2338/1096 1095/2339/1095 3041/2330/3041 3040/2329/3040
f 1095/2339/1095 1094/2340/1094 3042/2333/3042 3041/2330/3041
f 1094/2340/1094 141/2126/141 1019/2124/1019 3042/2333/3042
f 3042/2333/3042 1019/2124/1019 1020/2123/1020 3045/2334/3045
f 3045/2334/3045 1020/2123/1020 1021/2122/1021 3048/2337/3048
f 3048/2337/3048 1021/2122/1021 142/2121/142 1097/2341/1097
f 3047/2335/3047 3048/2337/3048 1097/2341/1097 1098/2342/1098
f 3046/2336/3046 3047/2335/3047 1098/2342/1098 1099/2343/1099
f 1078/2292/1078 3046/2336/3046 1099/2343/1099 153/2293/153
f 1077/2291/1077 3043/2332/3043 3046/2336/3046 1078/2292/1078
f 1076/2290/1076 3040/2329/3040 3043/2332/3043 1077/2291/1077
f 3049/2344/3049 3050/2345/3050 3053/2346/3053 3052/2347/3052
f 3050/2345/3050 3051/2348/3051 3054/2349/3054 3053/2346/3053
f 3052/2347/3052 3053/2346/3053 3056/2350/3056 3055/2351/3055
f 3053/2346/3053 3054/2349/3054 3057/2352/3057 3056/2350/3056
f 153/2293/153 1099/2343/1099 3049/2344/3049 1082/2306/1082
f 1099/2343/1099 1098/2342/1098 3050/2345/3050 3049/2344/3049
f 1098/2342/1098 1097/2341/1097 3051/2348/3051 3050/2345/3050
f 1097/2341/1097 142/2121/142 1025/2143/1025 3051/2348/3051
f 3051/2348/3051 1025/2143/1025 1026/2142/1026 3054/2349/3054
f 3054/2349/3054 1026/2142/1026 1027/2141/1027 3057/2352/3057
f 3057/2352/3057 1027/2141/1027 143/2140/143 1100/2353/1100
f 3056/2350/3056 3057/2352/3057 1100/2353/1100 1101/2354/1101
f 3055/2351/3055 3056/2350/3056 1101/2354/1101 1102/2355/1102
f 1084/2308/1084 3055/2351/3055 1102/2355/1102 154/2309/154
f 1083/2307/1083 3052/2347/3052 3055/2351/3055 1084/2308/1084
f 1082/2306/1082 3049/2344/3049 3052/2347/3052 1083/2307/1083
f 3058/2356/3058 3059/2357/3059 3062/2358/3062 3061/2359/3061
f 3059/2357/3059 3060/2360/3060 3063/2361/3063 3062/2358/3062
f 3061/2359/3061 3062/2358/3062 3065/2362/3065 3064/2363/3064
f 3062/2358/3062 3063/2361/3063 3066/2364/3066 3065/2362/3065
f 154/2309/154 1102/2355/1102 3058/2356/3058 1088/2322/1088
f 1102/2355/1102 1101/2354/1101 3059/2357/3059 3058/2356/3058
f 1101/2354/1101 1100/2353/1100 3060/2360/3060 3059/2357/3059
f 1100/2353/1100 143/2140/143 1765/2159/1765 3060/2360/3060
f 3060/2360/3060 1765/2159/1765 1766/2158/1766 3063/2361/3063
f 3063/2361/3063 1766/2158/1766 1767/2157/1767 3066/2364/3066
f 3066/2364/3066 1767/2157/1767 24/2156/24 1773/2365/1773
f 3065/2362/3065 3066/2364/3066 1773/2365/1773 1772/2366/1772
f 3064/2363/3064 3065/2362/3065 1772/2366/1772 1771/2367/1771
f 1090/2324/1090 3064/2363/3064 1771/2367/1771 155/2325/155
f 1089/2323/1089 3061/2359/3061 3064/2363/3064 1090/2324/1090
f 1088/2322/1088 3058/2356/3058 3061/2359/3061 1089/2323/1089
f 3067/2368/3067 3068/2369/3068 3071/2370/3071 3070/2371/3070
f 3068/2369/3068 3069/2372/3069 3072/2373/3072 3071/2370/3071
f 3070/2371/3070 3071/2370/3071 3074/2374/3074 3073/2375/3073
f 3071/2370/3071 3072/2373/3072 3075/2376/3075 3074/2374/3074
f 25/1545/25 827/1547/827 3067/2368/3067 1112/2377/1112
f 827/1547/827 828/1560/828 3068/2369/3068 3067/2368/3067
f 828/1560/828 829/1558/829 3069/2372/3069 3068/2369/3068
f 829/1558/829 108/1559/108 1106/2378/1106 3069/2372/3069
f 3069/2372/3069 1106/2378/1106 1107/2379/1107 3072/2373/3072
f 3072/2373/3072 1107/2379/1107 1108/2380/1108 3075/2376/3075
f 3075/2376/3075 1108/2380/1108 156/2381/156 1109/2382/1109
f 3074/2374/3074 3075/2376/3075 1109/2382/1109 1110/2383/1110
f 3073/2375/3073 3074/2374/3074 1110/2383/1110 1111/2384/1111
f 1114/2385/1114 3073/2375/3073 1111/2384/1111 157/2386/157
f 1113/2387/1113 3070/2371/3070 3073/2375/3073 1114/2385/1114
f 1112/2377/1112 3067/2368/3067 3070/2371/3070 1113/2387/1113
f 3076/2388/3076 3077/2389/3077 3080/2390/3080 3079/2391/3079
f 3077/2389/3077 3078/2392/3078 3081/2393/3081 3080/2390/3080
f 3079/2391/3079 3080/2390/3080 3083/2394/3083 3082/2395/3082
f 3080/2390/3080 3081/2393/3081 3084/2396/3084 3083/2394/3083
f 157/2386/157 1111/2384/1111 3076/2388/3076 1121/2397/1121
f 1111/2384/1111 1110/2383/1110 3077/2389/3077 3076/2388/3076
f 1110/2383/1110 1109/2382/1109 3078/2392/3078 3077/2389/3077
f 1109/2382/1109 156/2381/156 1115/2398/1115 3078/2392/3078
f 3078/2392/3078 1115/2398/1115 1116/2399/1116 3081/2393/3081
f 3081/2393/3081 1116/2399/1116 1117/2400/1117 3084/2396/3084
f 3084/2396/3084 1117/2400/1117 158/2401/158 1118/2402/1118
f 3083/2394/3083 3084/2396/3084 1118/2402/1118 1119/2403/1119
f 3082/2395/3082 3083/2394/3083 1119/2403/1119 1120/2404/1120
f 1123/2405/1123 3082/2395/3082 1120/2404/1120 159/2406/159
f 1122/2407/1122 3079/2391/3079 3082/2395/3082 1123/2405/1123
f 1121/2397/1121 3076/2388/3076 3079/2391/3079 1122/2407/1122
f 3085/2408/3085 3086/2409/3086 3089/2410/3089 3088/2411/3088
f 3086/2409/3086 3087/2412/3087 3090/2413/3090 3089/2410/3089
f 3088/2411/3088 3089/2410/3089 3092/2414/3092 3091/2415/3091
f 3089/2410/3089 3090/2413/3090 3093/2416/3093 3092/2414/3092
f 159/2406/159 1120/2404/1120 3085/2408/3085 1130/2417/1130
f 1120/2404/1120 1119/2403/1119 3086/2409/3086 3085/2408/3085
f 1119/2403/1119 1118/2402/1118 3087/2412/3087 3086/2409/3086
f 1118/2402/1118 158/2401/158 1124/2418/1124 3087/2412/3087
f 3087/2412/3087 1124/2418/1124 1125/2419/1125 3090/2413/3090
f 3090/2413/3090 1125/2419/1125 1126/2420/1126 3093/2416/3093
f 3093/2416/3093 1126/2420/1126 160/2421/160 1127/2422/1127
f 3092/2414/3092 3093/2416/3093 1127/2422/1127 1128/2423/1128
f 3091/2415/3091 3092/2414/3092 1128/2423/1128 1129/2424/1129
f 1132/2425/1132 3091/2415/3091 1129/2424/1129 161/2426/161
f 1131/2427/1131 3088/2411/3088 3091/2415/3091 1132/2425/1132
f 1130/2417/1130 3085/2408/3085 3088/2411/3088 1131/2427/1131
f 3094/2428/3094 3095/2429/3095 3098/2430/3098 3097/2431/3097
f 3095/2429/3095 3096/2432/3096 3099/2433/3099 3098/2430/3098
f 3097/2431/3097 3098/2430/3098 3101/2434/3101 3100/2435/3100
f 3098/2430/3098 3099/2433/3099 3102/2436/3102 3101/2434/3101
f 161/2426/161 1129/2424/1129 3094/2428/3094 1135/2437/1135
f 1129/2424/1129 1128/2423/1128 3095/2429/3095 3094/2428/3094
f 1128/2423/1128 1127/2422/1127 3096/2432/3096 3095/2429/3095
f 1127/2422/1127 160/2421/160 1175/2438/1175 3096/2432/3096
f 3096/2432/3096 1175/2438/1175 1176/2439/1176 3099/2433/3099
f 3099/2433/3099 1176/2439/1176 1177/2440/1177 3102/2436/3102
f 3102/2436/3102 1177/2440/1177 66/2441/66 566/2442/566
f 3101/2434/3101 3102/2436/3102 566/2442/566 567/2443/567
f 3100/2435/3100 3101/2434/3101 567/2443/567 568/2444/568
f 1133/2445/1133 3100/2435/3100 568/2444/568 68/2446/68
f 1134/2447/1134 3097/2431/3097 3100/2435/3100 1133/2445/1133
f 1135/2437/1135 3094/2428/3094 3097/2431/3097 1134/2447/1134
f 3103/2448/3103 3104/2449/3104 3107/2450/3107 3106/2451/3106
f 3104/2449/3104 3105/2452/3105 3108/2453/3108 3107/2450/3107
f 3106/2451/3106 3107/2450/3107 3110/2454/3110 3109/2455/3109
f 3107/2450/3107 3108/2453/3108 3111/2456/3111 3110/2454/3110
f 108/1559/108 860/1665/860 3103/2448/3103 1106/2378/1106
f 860/1665/860 861/1675/861 3104/2449/3104 3103/2448/3103
f 861/1675/861 862/1673/862 3105/2452/3105 3104/2449/3104
f 862/1673/862 114/1674/114 1136/2457/1136 3105/2452/3105
f 3105/2452/3105 1136/2457/1136 1137/2458/1137 3108/2453/3108
f 3108/2453/3108 1137/2458/1137 1138/2459/1138 3111/2456/3111
f 3111/2456/3111 1138/2459/1138 162/2460/162 1141/2461/1141
f 3110/2454/3110 3111/2456/3111 1141/2461/1141 1140/2462/1140
f 3109/2455/3109 3110/2454/3110 1140/2462/1140 1139/2463/1139
f 1108/2380/1108 3109/2455/3109 1139/2463/1139 156/2381/156
f 1107/2379/1107 3106/2451/3106 3109/2455/3109 1108/2380/1108
f 1106/2378/1106 3103/2448/3103 3106/2451/3106 1107/2379/1107
f 3112/2464/3112 3113/2465/3113 3116/2466/3116 3115/2467/3115
f 3113/2465/3113 3114/2468/3114 3117/2469/3117 3116/2466/3116
f 3115/2467/3115 3116/2466/3116 3119/2470/3119 3118/2471/3118
f 3116/2466/3116 3117/2469/3117 3120/2472/3120 3119/2470/3119
f 156/2381/156 1139/2463/1139 3112/2464/3112 1115/2398/1115
f 1139/2463/1139 1140/2462/1140 3113/2465/3113 3112/2464/3112
f 1140/2462/1140 1141/2461/1141 3114/2468/3114 3113/2465/3113
f 1141/2461/1141 162/2460/162 1142/2473/1142 3114/2468/3114
f 3114/2468/3114 1142/2473/1142 1143/2474/1143 3117/2469/3117
f 3117/2469/3117 1143/2474/1143 1144/2475/1144 3120/2472/3120
f 3120/2472/3120 1144/2475/1144 163/2476/163 1147/2477/1147
f 3119/2470/3119 3120/2472/3120 1147/2477/1147 1146/2478/1146
f 3118/2471/3118 3119/2470/3119 1146/2478/1146 1145/2479/1145
f 1117/2400/1117 3118/2471/3118 1145/2479/1145 158/2401/158
f 1116/2399/1116 3115/2467/3115 3118/2471/3118 1117/2400/1117
f 1115/2398/1115 3112/2464/3112 3115/2467/3115 1116/2399/1116
f 3121/2480/3121 3122/2481/3122 3125/2482/3125 3124/2483/3124
f 3122/2481/3122 3123/2484/3123 3126/2485/3126 3125/2482/3125
f 3124/2483/3124 3125/2482/3125 3128/2486/3128 3127/2487/3127
f 3125/2482/3125 3126/2485/3126 3129/2488/3129 3128/2486/3128
f 158/2401/158 1145/2479/1145 3121/2480/3121 1124/2418/1124
f 1145/2479/1145 1146/2478/1146 3122/2481/3122 3121/2480/3121
f 1146/2478/1146 1147/2477/1147 3123/2484/3123 3122/2481/3122
f 1147/2477/1147 163/2476/163 1148/2489/1148 3123/2484/3123
f 3123/2484/3123 1148/2489/1148 1149/2490/1149 3126/2485/3126
f 3126/2485/3126 1149/2490/1149 1150/2491/1150 3129/2488/3129
f 3129/2488/3129 1150/2491/1150 164/2492/164 1153/2493/1153
f 3128/2486/3128 3129/2488/3129 1153/2493/1153 1152/2494/1152
f 3127/2487/3127 3128/2486/3128 1152/2494/1152 1151/2495/1151
f 1126/2420/1126 3127/2487/3127 1151/2495/1151 160/2421/160
f 1125/2419/1125 3124/2483/3124 3127/2487/3127 1126/2420/1126
f 1124/2418/1124 3121/2480/3121 3124/2483/3124 1125/2419/1125
f 3130/2496/3130 3131/2497/3131 3134/2498/3134 3133/2499/3133
f 3131/2497/3131 3132/2500/3132 3135/2501/3135 3134/2498/3134
f 3133/2499/3133 3134/2498/3134 3137/2502/3137 3136/2503/3136
f 3134/2498/3134 3135/2501/3135 3138/2504/3138 3137/2502/3137
f 160/2421/160 1151/2495/1151 3130/2496/3130 1175/2438/1175
f 1151/2495/1151 1152/2494/1152 3131/2497/3131 3130/2496/3130
f 1152/2494/1152 1153/2493/1153 3132/2500/3132 3131/2497/3131
f 1153/2493/1153 164/2492/164 1801/2505/1801 3132/2500/3132
f 3132/2500/3132 1801/2505/1801 1802/2506/1802 3135/2501/3135
f 3135/2501/3135 1802/2506/1802 1803/2507/1803 3138/2504/3138
f 3138/2504/3138 1803/2507/1803 64/2508/64 557/2509/557
f 3137/2502/3137 3138/2504/3138 557/2509/557 558/2510/558
f 3136/2503/3136 3137/2502/3137 558/2510/558 559/2511/559
f 1177/2440/1177 3136/2503/3136 559/2511/559 66/2441/66
f 1176/2439/1176 3133/2499/3133 3136/2503/3136 1177/2440/1177
f 1175/2438/1175 3130/2496/3130 3133/2499/3133 1176/2439/1176
f 3139/2512/3139 3140/2513/3140 3143/2514/3143 3142/2515/3142
f 3140/2513/3140 3141/2516/3141 3144/2517/3144 3143/2514/3143
f 3142/2515/3142 3143/2514/3143 3146/2518/3146 3145/2519/3145
f 3143/2514/3143 3144/2517/3144 3147/2520/3147 3146/2518/3146
f 114/1674/114 896/1761/896 3139/2512/3139 1136/2457/1136
f 896/1761/896 897/1771/897 3140/2513/3140 3139/2512/3139
f 897/1771/897 898/1769/898 3141/2516/3141 3140/2513/3140
f 898/1769/898 120/1770/120 1154/2521/1154 3141/2516/3141
f 3141/2516/3141 1154/2521/1154 1155/2522/1155 3144/2517/3144
f 3144/2517/3144 1155/2522/1155 1156/2523/1156 3147/2520/3147
f 3147/2520/3147 1156/2523/1156 165/2524/165 1159/2525/1159
f 3146/2518/3146 3147/2520/3147 1159/2525/1159 1158/2526/1158
f 3145/2519/3145 3146/2518/3146 1158/2526/1158 1157/2527/1157
f 1138/2459/1138 3145/2519/3145 1157/2527/1157 162/2460/162
f 1137/2458/1137 3142/2515/3142 3145/2519/3145 1138/2459/1138
f 1136/2457/1136 3139/2512/3139 3142/2515/3142 1137/2458/1137
f 3148/2528/3148 3149/2529/3149 3152/2530/3152 3151/2531/3151
f 3149/2529/3149 3150/2532/3150 3153/2533/3153 3152/2530/3152
f 3151/2531/3151 3152/2530/3152 3155/2534/3155 3154/2535/3154
f 3152/2530/3152 3153/2533/3153 3156/2536/3156 3155/2534/3155
f 162/2460/162 1157/2527/1157 3148/2528/3148 1142/2473/1142
f 1157/2527/1157 1158/2526/1158 3149/2529/3149 3148/2528/3148
f 1158/2526/1158 1159/2525/1159 3150/2532/3150 3149/2529/3149
f 1159/2525/1159 165/2524/165 1160/2537/1160 3150/2532/3150
f 3150/2532/3150 1160/2537/1160 1161/2538/1161 3153/2533/3153
f 3153/2533/3153 1161/2538/1161 1162/2539/1162 3156/2536/3156
f 3156/2536/3156 1162/2539/1162 166/2540/166 1165/2541/1165
f 3155/2534/3155 3156/2536/3156 1165/2541/1165 1164/2542/1164
f 3154/2535/3154 3155/2534/3155 1164/2542/1164 1163/2543/1163
f 1144/2475/1144 3154/2535/3154 1163/2543/1163 163/2476/163
f 1143/2474/1143 3151/2531/3151 3154/2535/3154 1144/2475/1144
f 1142/2473/1142 3148/2528/3148 3151/2531/3151 1143/2474/1143
f 3157/2544/3157 3158/2545/3158 3161/2546/3161 3160/2547/3160
f 3158/2545/3158 3159/2548/3159 3162/2549/3162 3161/2546/3161
f 3160/2547/3160 3161/2546/3161 3164/2550/3164 3163/2551/3163
f 3161/2546/3161 3162/2549/3162 3165/2552/3165 3164/2550/3164
f 163/2476/163 1163/2543/1163 3157/2544/3157 1148/2489/1148
f 1163/2543/1163 1164/2542/1164 3158/2545/3158 3157/2544/3157
f 1164/2542/1164 1165/2541/1165 3159/2548/3159 3158/2545/3158
f 1165/2541/1165 166/2540/166 1166/2553/1166 3159/2548/3159
f 3159/2548/3159 1166/2553/1166 1167/2554/1167 3162/2549/3162
f 3162/2549/3162 1167/2554/1167 1168/2555/1168 3165/2552/3165
f 3165/2552/3165 1168/2555/1168 167/2556/167 1171/2557/1171
f 3164/2550/3164 3165/2552/3165 1171/2557/1171 1170/2558/1170
f 3163/2551/3163 3164/2550/3164 1170/2558/1170 1169/2559/1169
f 1150/2491/1150 3163/2551/3163 1169/2559/1169 164/2492/164
f 1149/2490/1149 3160/2547/3160 3163/2551/3163 1150/2491/1150
f 1148/2489/1148 3157/2544/3157 3160/2547/3160 1149/2490/1149
f 3166/2560/3166 3167/2561/3167 3170/2562/3170 3169/2563/3169
f 3167/2561/3167 3168/2564/3168 3171/2565/3171 3170/2562/3170
f 3169/2563/3169 3170/2562/3170 3173/2566/3173 3172/2567/3172
f 3170/2562/3170 3171/2565/3171 3174/2568/3174 3173/2566/3173
f 164/2492/164 1169/2559/1169 3166/2560/3166 1801/2505/1801
f 1169/2559/1169 1170/2558/1170 3167/2561/3167 3166/2560/3166
f 1170/2558/1170 1171/2557/1171 3168/2564/3168 3167/2561/3167
f 1171/2557/1171 167/2556/167 1174/2569/1174 3168/2564/3168
f 3168/2564/3168 1174/2569/1174 1173/2570/1173 3171/2565/3171
f 3171/2565/3171 1173/2570/1173 1172/2571/1172 3174/2568/3174
f 3174/2568/3174 1172/2571/1172 61/2572/61 1794/2573/1794
f 3173/2566/3173 3174/2568/3174 1794/2573/1794 1793/2574/1793
f 3172/2567/3172 3173/2566/3173 1793/2574/1793 1792/2575/1792
f 1803/2507/1803 3172/2567/3172 1792/2575/1792 64/2508/64
f 1802/2506/1802 3169/2563/3169 3172/2567/3172 1803/2507/1803
f 1801/2505/1801 3166/2560/3166 3169/2563/3169 1802/2506/1802
f 3175/2576/3175 3176/2577/3176 3179/2578/3179 3178/2579/3178
f 3176/2577/3176 3177/2580/3177 3180/2581/3180 3179/2578/3179
f 3178/2579/3178 3179/2578/3179 3182/2582/3182 3181/2583/3181
f 3179/2578/3179 3180/2581/3180 3183/2584/3183 3182/2582/3182
f 141/2126/141 1178/2585/1178 3175/2576/3175 1018/2125/1018
f 1178/2585/1178 1179/2586/1179 3176/2577/3176 3175/2576/3175
f 1179/2586/1179 1180/2587/1180 3177/2580/3177 3176/2577/3176
f 1180/2587/1180 168/2588/168 1181/2589/1181 3177/2580/3177
f 3177/2580/3177 1181/2589/1181 1182/2590/1182 3180/2581/3180
f 3180/2581/3180 1182/2590/1182 1183/2591/1183 3183/2584/3183
f 3183/2584/3183 1183/2591/1183 169/2592/169 1186/2593/1186
f 3182/2582/3182 3183/2584/3183 1186/2593/1186 1185/2594/1185
f 3181/2583/3181 3182/2582/3182 1185/2594/1185 1184/2595/1184
f 1016/2117/1016 3181/2583/3181 1184/2595/1184 138/2074/138
f 1017/2127/1017 3178/2579/3178 3181/2583/3181 1016/2117/1016
f 1018/2125/1018 3175/2576/3175 3178/2579/3178 1017/2127/1017
f 3184/2596/3184 3185/2597/3185 3188/2598/3188 3187/2599/3187
f 3185/2597/3185 3186/2600/3186 3189/2601/3189 3188/2598/3188
f 3187/2599/3187 3188/2598/3188 3191/2602/3191 3190/2603/3190
f 3188/2598/3188 3189/2601/3189 3192/2604/3192 3191/2602/3191
f 138/2074/138 1184/2595/1184 3184/2596/3184 1000/2073/1000
f 1184/2595/1184 1185/2594/1185 3185/2597/3185 3184/2596/3184
f 1185/2594/1185 1186/2593/1186 3186/2600/3186 3185/2597/3185
f 1186/2593/1186 169/2592/169 1187/2605/1187 3186/2600/3186
f 3186/2600/3186 1187/2605/1187 1188/2606/1188 3189/2601/3189
f 3189/2601/3189 1188/2606/1188 1189/2607/1189 3192/2604/3192
f 3192/2604/3192 1189/2607/1189 170/2608/170 1192/2609/1192
f 3191/2602/3191 3192/2604/3192 1192/2609/1192 1191/2610/1191
f 3190/2603/3190 3191/2602/3191 1191/2610/1191 1190/2611/1190
f 998/2065/998 3190/2603/3190 1190/2611/1190 135/2022/135
f 999/2075/999 3187/2599/3187 3190/2603/3190 998/2065/998
f 1000/2073/1000 3184/2596/3184 3187/2599/3187 999/2075/999
f 3193/2612/3193 3194/2613/3194 3197/2614/3197 3196/2615/3196
f 3194/2613/3194 3195/2616/3195 3198/2617/3198 3197/2614/3197
f 3196/2615/3196 3197/2614/3197 3200/2618/3200 3199/2619/3199
f 3197/2614/3197 3198/2617/3198 3201/2620/3201 3200/2618/3200
f 135/2022/135 1190/2611/1190 3193/2612/3193 982/2021/982
f 1190/2611/1190 1191/2610/1191 3194/2613/3194 3193/2612/3193
f 1191/2610/1191 1192/2609/1192 3195/2616/3195 3194/2613/3194
f 1192/2609/1192 170/2608/170 1193/2621/1193 3195/2616/3195
f 3195/2616/3195 1193/2621/1193 1194/2622/1194 3198/2617/3198
f 3198/2617/3198 1194/2622/1194 1195/2623/1195 3201/2620/3201
f 3201/2620/3201 1195/2623/1195 171/2624/171 1198/2625/1198
f 3200/2618/3200 3201/2620/3201 1198/2625/1198 1197/2626/1197
f 3199/2619/3199 3200/2618/3200 1197/2626/1197 1196/2627/1196
f 980/2013/980 3199/2619/3199 1196/2627/1196 132/1970/132
f 981/2023/981 3196/2615/3196 3199/2619/3199 980/2013/980
f 982/2021/982 3193/2612/3193 3196/2615/3196 981/2023/981
f 3202/2628/3202 3203/2629/3203 3206/2630/3206 3205/2631/3205
f 3203/2629/3203 3204/2632/3204 3207/2633/3207 3206/2630/3206
f 3205/2631/3205 3206/2630/3206 3209/2634/3209 3208/2635/3208
f 3206/2630/3206 3207/2633/3207 3210/2636/3210 3209/2634/3209
f 132/1970/132 1196/2627/1196 3202/2628/3202 967/1969/967
f 1196/2627/1196 1197/2626/1197 3203/2629/3203 3202/2628/3202
f 1197/2626/1197 1198/2625/1198 3204/2632/3204 3203/2629/3203
f 1198/2625/1198 171/2624/171 1199/2637/1199 3204/2632/3204
f 3204/2632/3204 1199/2637/1199 1200/2638/1200 3207/2633/3207
f 3207/2633/3207 1200/2638/1200 1201/2639/1201 3210/2636/3210
f 3210/2636/3210 1201/2639/1201 172/2640/172 1204/2641/1204
f 3209/2634/3209 3210/2636/3210 1204/2641/1204 1203/2642/1203
f 3208/2635/3208 3209/2634/3209 1203/2642/1203 1202/2643/1202
f 965/1961/965 3208/2635/3208 1202/2643/1202 129/1918/129
f 966/1971/966 3205/2631/3205 3208/2635/3208 965/1961/965
f 967/1969/967 3202/2628/3202 3205/2631/3205 966/1971/966
f 3211/2644/3211 3212/2645/3212 3215/2646/3215 3214/2647/3214
f 3212/2645/3212 3213/2648/3213 3216/2649/3216 3215/2646/3215
f 3214/2647/3214 3215/2646/3215 3218/2650/3218 3217/2651/3217
f 3215/2646/3215 3216/2649/3216 3219/2652/3219 3218/2650/3218
f 129/1918/129 1202/2643/1202 3211/2644/3211 949/1917/949
f 1202/2643/1202 1203/2642/1203 3212/2645/3212 3211/2644/3211
f 1203/2642/1203 1204/2641/1204 3213/2648/3213 3212/2645/3212
f 1204/2641/1204 172/2640/172 1205/2653/1205 3213/2648/3213
f 3213/2648/3213 1205/2653/1205 1206/2654/1206 3216/2649/3216
f 3216/2649/3216 1206/2654/1206 1207/2655/1207 3219/2652/3219
f 3219/2652/3219 1207/2655/1207 173/2656/173 1210/2657/1210
f 3218/2650/3218 3219/2652/3219 1210/2657/1210 1209/2658/1209
f 3217/2651/3217 3218/2650/3218 1209/2658/1209 1208/2659/1208
f 947/1909/947 3217/2651/3217 1208/2659/1208 126/1865/126
f 948/1919/948 3214/2647/3214 3217/2651/3217 947/1909/947
f 949/1917/949 3211/2644/3211 3214/2647/3214 948/1919/948
f 3220/2660/3220 3221/2661/3221 3224/2662/3224 3223/2663/3223
f 3221/2661/3221 3222/2664/3222 3225/2665/3225 3224/2662/3224
f 3223/2663/3223 3224/2662/3224 3227/2666/3227 3226/2667/3226
f 3224/2662/3224 3225/2665/3225 3228/2668/3228 3227/2666/3227
f 126/1865/126 1208/2659/1208 3220/2660/3220 934/1864/934
f 1208/2659/1208 1209/2658/1209 3221/2661/3221 3220/2660/3220
f 1209/2658/1209 1210/2657/1210 3222/2664/3222 3221/2661/3221
f 1210/2657/1210 173/2656/173 1211/2669/1211 3222/2664/3222
f 3222/2664/3222 1211/2669/1211 1212/2670/1212 3225/2665/3225
f 3225/2665/3225 1212/2670/1212 1213/2671/1213 3228/2668/3228
f 933/1866/933 3223/2663/3223 3226/2667/3226 932/1867/932
f 934/1864/934 3220/2660/3220 3223/2663/3223 933/1866/933
f 3229/2672/3229 3230/2673/3230 3233/2674/3233 3232/2675/3232
f 3230/2673/3230 3231/2676/3231 3234/2677/3234 3233/2674/3233
f 3232/2675/3232 3233/2674/3233 3236/2678/3236 3235/2679/3235
f 3233/2674/3233 3234/2677/3234 3237/2680/3237 3236/2678/3236
f 168/2588/168 1214/2681/1214 3229/2672/3229 1181/2589/1181
f 1214/2681/1214 1215/2682/1215 3230/2673/3230 3229/2672/3229
f 1215/2682/1215 1216/2683/1216 3231/2676/3231 3230/2673/3230
f 1216/2683/1216 174/2684/174 1217/2685/1217 3231/2676/3231
f 3231/2676/3231 1217/2685/1217 1218/2686/1218 3234/2677/3234
f 3234/2677/3234 1218/2686/1218 1219/2687/1219 3237/2680/3237
f 3237/2680/3237 1219/2687/1219 175/2688/175 1222/2689/1222
f 3236/2678/3236 3237/2680/3237 1222/2689/1222 1221/2690/1221
f 3235/2679/3235 3236/2678/3236 1221/2690/1221 1220/2691/1220
f 1183/2591/1183 3235/2679/3235 1220/2691/1220 169/2592/169
f 1182/2590/1182 3232/2675/3232 3235/2679/3235 1183/2591/1183
f 1181/2589/1181 3229/2672/3229 3232/2675/3232 1182/2590/1182
f 3238/2692/3238 3239/2693/3239 3242/2694/3242 3241/2695/3241
f 3239/2693/3239 3240/2696/3240 3243/2697/3243 3242/2694/3242
f 3241/2695/3241 3242/2694/3242 3245/2698/3245 3244/2699/3244
f 3242/2694/3242 3243/2697/3243 3246/2700/3246 3245/2698/3245
f 169/2592/169 1220/2691/1220 3238/2692/3238 1187/2605/1187
f 1220/2691/1220 1221/2690/1221 3239/2693/3239 3238/2692/3238
f 1221/2690/1221 1222/2689/1222 3240/2696/3240 3239/2693/3239
f 1222/2689/1222 175/2688/175 1223/2701/1223 3240/2696/3240
f 3240/2696/3240 1223/2701/1223 1224/2702/1224 3243/2697/3243
f 3243/2697/3243 1224/2702/1224 1225/2703/1225 3246/2700/3246
f 3246/2700/3246 1225/2703/1225 176/2704/176 1228/2705/1228
f 3245/2698/3245 3246/2700/3246 1228/2705/1228 1227/2706/1227
f 3244/2699/3244 3245/2698/3245 1227/2706/1227 1226/2707/1226
f 1189/2607/1189 3244/2699/3244 1226/2707/1226 170/2608/170
f 1188/2606/1188 3241/2695/3241 3244/2699/3244 1189/2607/1189
f 1187/2605/1187 3238/2692/3238 3241/2695/3241 1188/2606/1188
f 3247/2708/3247 3248/2709/3248 3251/2710/3251 3250/2711/3250
f 3248/2709/3248 3249/2712/3249 3252/2713/3252 3251/2710/3251
f 3250/2711/3250 3251/2710/3251 3254/2714/3254 3253/2715/3253
f 3251/2710/3251 3252/2713/3252 3255/2716/3255 3254/2714/3254
f 170/2608/170 1226/2707/1226 3247/2708/3247 1193/2621/1193
f 1226/2707/1226 1227/2706/1227 3248/2709/3248 3247/2708/3247
f 1227/2706/1227 1228/2705/1228 3249/2712/3249 3248/2709/3248
f 1228/2705/1228 176/2704/176 1229/2717/1229 3249/2712/3249
f 3249/2712/3249 1229/2717/1229 1230/2718/1230 3252/2713/3252
f 3252/2713/3252 1230/2718/1230 1231/2719/1231 3255/2716/3255
f 3255/2716/3255 1231/2719/1231 177/2720/177 1234/2721/1234
f 3254/2714/3254 3255/2716/3255 1234/2721/1234 1233/2722/1233
f 3253/2715/3253 3254/2714/3254 1233/2722/1233 1232/2723/1232
f 1195/2623/1195 3253/2715/3253 1232/2723/1232 171/2624/171
f 1194/2622/1194 3250/2711/3250 3253/2715/3253 1195/2623/1195
f 1193/2621/1193 3247/2708/3247 3250/2711/3250 1194/2622/1194
f 3256/2724/3256 3257/2725/3257 3260/2726/3260 3259/2727/3259
f 3257/2725/3257 3258/2728/3258 3261/2729/3261 3260/2726/3260
f 3259/2727/3259 3260/2726/3260 3263/2730/3263 3262/2731/3262
f 3260/2726/3260 3261/2729/3261 3264/2732/3264 3263/2730/3263
f 171/2624/171 1232/2723/1232 3256/2724/3256 1199/2637/1199
f 1232/2723/1232 1233/2722/1233 3257/2725/3257 3256/2724/3256
f 1233/2722/1233 1234/2721/1234 3258/2728/3258 3257/2725/3257
f 1234/2721/1234 177/2720/177 1235/2733/1235 3258/2728/3258
f 3258/2728/3258 1235/2733/1235 1236/2734/1236 3261/2729/3261
f 3261/2729/3261 1236/2734/1236 1237/2735/1237 3264/2732/3264
f 3264/2732/3264 1237/2735/1237 178/2736/178 1240/2737/1240
f 3263/2730/3263 3264/2732/3264 1240/2737/1240 1239/2738/1239
f 3262/2731/3262 3263/2730/3263 1239/2738/1239 1238/2739/1238
f 1201/2639/1201 3262/2731/3262 1238/2739/1238 172/2640/172
f 1200/2638/1200 3259/2727/3259 3262/2731/3262 1201/2639/1201
f 1199/2637/1199 3256/2724/3256 3259/2727/3259 1200/2638/1200
f 3265/2740/3265 3266/2741/3266 3269/2742/3269 3268/2743/3268
f 3266/2741/3266 3267/2744/3267 3270/2745/3270 3269/2742/3269
f 3268/2743/3268 3269/2742/3269 3272/2746/3272 3271/2747/3271
f 3269/2742/3269 3270/2745/3270 3273/2748/3273 3272/2746/3272
f 172/2640/172 1238/2739/1238 3265/2740/3265 1205/2653/1205
f 1238/2739/1238 1239/2738/1239 3266/2741/3266 3265/2740/3265
f 1239/2738/1239 1240/2737/1240 3267/2744/3267 3266/2741/3266
f 1240/2737/1240 178/2736/178 1241/2749/1241 3267/2744/3267
f 3267/2744/3267 1241/2749/1241 1242/2750/1242 3270/2745/3270
f 3270/2745/3270 1242/2750/1242 1243/2751/1243 3273/2748/3273
f 3273/2748/3273 1243/2751/1243 179/2752/179 1246/2753/1246
f 3272/2746/3272 3273/2748/3273 1246/2753/1246 1245/2754/1245
f 3271/2747/3271 3272/2746/3272 1245/2754/1245 1244/2755/1244
f 1207/2655/1207 3271/2747/3271 1244/2755/1244 173/2656/173
f 1206/2654/1206 3268/2743/3268 3271/2747/3271 1207/2655/1207
f 1205/2653/1205 3265/2740/3265 3268/2743/3268 1206/2654/1206
f 3274/2756/3274 3275/2757/3275 3278/2758/3278 3277/2759/3277
f 3275/2757/3275 3276/2760/3276 3279/2761/3279 3278/2758/3278
f 3277/2759/3277 3278/2758/3278 3281/2762/3281 3280/2763/3280
f 3278/2758/3278 3279/2761/3279 3282/2764/3282 3281/2762/3281
f 173/2656/173 1244/2755/1244 3274/2756/3274 1211/2669/1211
f 1244/2755/1244 1245/2754/1245 3275/2757/3275 3274/2756/3274
f 1245/2754/1245 1246/2753/1246 3276/2760/3276 3275/2757/3275
f 1246/2753/1246 179/2752/179 1247/2765/1247 3276/2760/3276
f 3276/2760/3276 1247/2765/1247 1248/2766/1248 3279/2761/3279
f 3279/2761/3279 1248/2766/1248 1249/2767/1249 3282/2764/3282
f 1212/2670/1212 3277/2759/3277 3280/2763/3280 1213/2671/1213
f 1211/2669/1211 3274/2756/3274 3277/2759/3277 1212/2670/1212
f 3283/2768/3283 3284/2769/3284 3287/2770/3287 3286/2771/3286
f 3284/2769/3284 3285/2772/3285 3288/2773/3288 3287/2770/3287
f 3286/2771/3286 3287/2770/3287 3290/2774/3290 3289/2775/3289
f 3287/2770/3287 3288/2773/3288 3291/2776/3291 3290/2774/3290
f 174/2684/174 1250/2777/1250 3283/2768/3283 1217/2685/1217
f 1250/2777/1250 1251/2778/1251 3284/2769/3284 3283/2768/3283
f 1251/2778/1251 1252/2779/1252 3285/2772/3285 3284/2769/3284
f 1252/2779/1252 180/2780/180 1253/2781/1253 3285/2772/3285
f 3285/2772/3285 1253/2781/1253 1254/2782/1254 3288/2773/3288
f 3288/2773/3288 1254/2782/1254 1255/2783/1255 3291/2776/3291
f 3291/2776/3291 1255/2783/1255 181/2784/181 1258/2785/1258
f 3290/2774/3290 3291/2776/3291 1258/2785/1258 1257/2786/1257
f 3289/2775/3289 3290/2774/3290 1257/2786/1257 1256/2787/1256
f 1219/2687/1219 3289/2775/3289 1256/2787/1256 175/2688/175
f 1218/2686/1218 3286/2771/3286 3289/2775/3289 1219/2687/1219
f 1217/2685/1217 3283/2768/3283 3286/2771/3286 1218/2686/1218
f 3292/2788/3292 3293/2789/3293 3296/2790/3296 3295/2791/3295
f 3293/2789/3293 3294/2792/3294 3297/2793/3297 3296/2790/3296
f 3295/2791/3295 3296/2790/3296 3299/2794/3299 3298/2795/3298
f 3296/2790/3296 3297/2793/3297 3300/2796/3300 3299/2794/3299
f 175/2688/175 1256/2787/1256 3292/2788/3292 1223/2701/1223
f 1256/2787/1256 1257/2786/1257 3293/2789/3293 3292/2788/3292
f 1257/2786/1257 1258/2785/1258 3294/2792/3294 3293/2789/3293
f 1258/2785/1258 181/2784/181 1259/2797/1259 3294/2792/3294
f 3294/2792/3294 1259/2797/1259 1260/2798/1260 3297/2793/3297
f 3297/2793/3297 1260/2798/1260 1261/2799/1261 3300/2796/3300
f 3300/2796/3300 1261/2799/1261 182/2800/182 1264/2801/1264
f 3299/2794/3299 3300/2796/3300 1264/2801/1264 1263/2802/1263
f 3298/2795/3298 3299/2794/3299 1263/2802/1263 1262/2803/1262
f 1225/2703/1225 3298/2795/3298 1262/2803/1262 176/2704/176
f 1224/2702/1224 3295/2791/3295 3298/2795/3298 1225/2703/1225
f 1223/2701/1223 3292/2788/3292 3295/2791/3295 1224/2702/1224
f 3301/2804/3301 3302/2805/3302 3305/2806/3305 3304/2807/3304
f 3302/2805/3302 3303/2808/3303 3306/2809/3306 3305/2806/3305
f 3304/2807/3304 3305/2806/3305 3308/2810/3308 3307/2811/3307
f 3305/2806/3305 3306/2809/3306 3309/2812/3309 3308/2810/3308
f 176/2704/176 1262/2803/1262 3301/2804/3301 1229/2717/1229
f 1262/2803/1262 1263/2802/1263 3302/2805/3302 3301/2804/3301
f 1263/2802/1263 1264/2801/1264 3303/2808/3303 3302/2805/3302
f 1264/2801/1264 182/2800/182 1265/2813/1265 3303/2808/3303
f 3303/2808/3303 1265/2813/1265 1266/2814/1266 3306/2809/3306
f 3306/2809/3306 1266/2814/1266 1267/2815/1267 3309/2812/3309
f 3309/2812/3309 1267/2815/1267 183/2816/183 1270/2817/1270
f 3308/2810/3308 3309/2812/3309 1270/2817/1270 1269/2818/1269
f 3307/2811/3307 3308/2810/3308 1269/2818/1269 1268/2819/1268
f 1231/2719/1231 3307/2811/3307 1268/2819/1268 177/2720/177
f 1230/2718/1230 3304/2807/3304 3307/2811/3307 1231/2719/1231
f 1229/2717/1229 3301/2804/3301 3304/2807/3304 1230/2718/1230
f 3310/2820/3310 3311/2821/3311 3314/2822/3314 3313/2823/3313
f 3311/2821/3311 3312/2824/3312 3315/2825/3315 3314/2822/3314
f 3313/2823/3313 3314/2822/3314 3317/2826/3317 3316/2827/3316
f 3314/2822/3314 3315/2825/3315 3318/2828/3318 3317/2826/3317
f 177/2720/177 1268/2819/1268 3310/2820/3310 1235/2733/1235
f 1268/2819/1268 1269/2818/1269 3311/2821/3311 3310/2820/3310
f 1269/2818/1269 1270/2817/1270 3312/2824/3312 3311/2821/3311
f 1270/2817/1270 183/2816/183 1271/2829/1271 3312/2824/3312
f 3312/2824/3312 1271/2829/1271 1272/2830/1272 3315/2825/3315
f 3315/2825/3315 1272/2830/1272 1273/2831/1273 3318/2828/3318
f 3318/2828/3318 1273/2831/1273 184/2832/184 1276/2833/1276
f 3317/2826/3317 3318/2828/3318 1276/2833/1276 1275/2834/1275
f 3316/2827/3316 3317/2826/3317 1275/2834/1275 1274/2835/1274
f 1237/2735/1237 3316/2827/3316 1274/2835/1274 178/2736/178
f 1236/2734/1236 3313/2823/3313 3316/2827/3316 1237/2735/1237
f 1235/2733/1235 3310/2820/3310 3313/2823/3313 1236/2734/1236
f 3319/2836/3319 3320/2837/3320 3323/2838/3323 3322/2839/3322
f 3320/2837/3320 3321/2840/3321 3324/2841/3324 3323/2838/3323
f 3322/2839/3322 3323/2838/3323 3326/2842/3326 3325/2843/3325
f 3323/2838/3323 3324/2841/3324 3327/2844/3327 3326/2842/3326
f 178/2736/178 1274/2835/1274 3319/2836/3319 1241/2749/1241
f 1274/2835/1274 1275/2834/1275 3320/2837/3320 3319/2836/3319
f 1275/2834/1275 1276/2833/1276 3321/2840/3321 3320/2837/3320
f 1276/2833/1276 184/2832/184 1277/2845/1277 3321/2840/3321
f 3321/2840/3321 1277/2845/1277 1278/2846/1278 3324/2841/3324
f 3324/2841/3324 1278/2846/1278 1279/2847/1279 3327/2844/3327
f 3327/2844/3327 1279/2847/1279 185/2848/185 1282/2849/1282
f 3326/2842/3326 3327/2844/3327 1282/2849/1282 1281/2850/1281
f 3325/2843/3325 3326/2842/3326 1281/2850/1281 1280/2851/1280
f 1243/2751/1243 3325/2843/3325 1280/2851/1280 179/2752/179
f 1242/2750/1242 3322/2839/3322 3325/2843/3325 1243/2751/1243
f 1241/2749/1241 3319/2836/3319 3322/2839/3322 1242/2750/1242
f 3328/2852/3328 3329/2853/3329 3332/2854/3332 3331/2855/3331
f 3329/2853/3329 3330/2856/3330 3333/2857/3333 3332/2854/3332
f 3331/2855/3331 3332/2854/3332 3335/2858/3335 3334/2859/3334
f 3332/2854/3332 3333/2857/3333 3336/2860/3336 3335/2858/3335
f 179/2752/179 1280/2851/1280 3328/2852/3328 1247/2765/1247
f 1280/2851/1280 1281/2850/1281 3329/2853/3329 3328/2852/3328
f 1281/2850/1281 1282/2849/1282 3330/2856/3330 3329/2853/3329
f 1282/2849/1282 185/2848/185 1283/2861/1283 3330/2856/3330
f 3330/2856/3330 1283/2861/1283 1284/2862/1284 3333/2857/3333
f 3333/2857/3333 1284/2862/1284 1285/2863/1285 3336/2860/3336
f 1248/2766/1248 3331/2855/3331 3334/2859/3334 1249/2767/1249
f 1247/2765/1247 3328/2852/3328 3331/2855/3331 1248/2766/1248
f 3337/2864/3337 3338/2865/3338 3341/2866/3341 3340/2867/3340
f 3338/2865/3338 3339/2868/3339 3342/2869/3342 3341/2866/3341
f 3340/2867/3340 3341/2866/3341 3344/2870/3344 3343/2871/3343
f 3341/2866/3341 3342/2869/3342 3345/2872/3345 3344/2870/3344
f 180/2780/180 1288/2873/1288 3337/2864/3337 1253/2781/1253
f 1288/2873/1288 1287/2874/1287 3338/2865/3338 3337/2864/3337
f 1287/2874/1287 1286/2875/1286 3339/2868/3339 3338/2865/3338
f 1286/2875/1286 120/1770/120 899/1768/899 3339/2868/3339
f 3339/2868/3339 899/1768/899 900/1767/900 3342/2869/3342
f 3342/2869/3342 900/1767/900 901/1766/901 3345/2872/3345
f 3345/2872/3345 901/1766/901 121/1765/121 1289/2876/1289
f 3344/2870/3344 3345/2872/3345 1289/2876/1289 1290/2877/1290
f 3343/2871/3343 3344/2870/3344 1290/2877/1290 1291/2878/1291
f 1255/2783/1255 3343/2871/3343 1291/2878/1291 181/2784/181
f 1254/2782/1254 3340/2867/3340 3343/2871/3343 1255/2783/1255
f 1253/2781/1253 3337/2864/3337 3340/2867/3340 1254/2782/1254
f 3346/2879/3346 3347/2880/3347 3350/2881/3350 3349/2882/3349
f 3347/2880/3347 3348/2883/3348 3351/2884/3351 3350/2881/3350
f 3349/2882/3349 3350/2881/3350 3353/2885/3353 3352/2886/3352
f 3350/2881/3350 3351/2884/3351 3354/2887/3354 3353/2885/3353
f 181/2784/181 1291/2878/1291 3346/2879/3346 1259/2797/1259
f 1291/2878/1291 1290/2877/1290 3347/2880/3347 3346/2879/3346
f 1290/2877/1290 1289/2876/1289 3348/2883/3348 3347/2880/3347
f 1289/2876/1289 121/1765/121 905/1787/905 3348/2883/3348
f 3348/2883/3348 905/1787/905 906/1786/906 3351/2884/3351
f 3351/2884/3351 906/1786/906 907/1785/907 3354/2887/3354
f 3354/2887/3354 907/1785/907 122/1784/122 1292/2888/1292
f 3353/2885/3353 3354/2887/3354 1292/2888/1292 1293/2889/1293
f 3352/2886/3352 3353/2885/3353 1293/2889/1293 1294/2890/1294
f 1261/2799/1261 3352/2886/3352 1294/2890/1294 182/2800/182
f 1260/2798/1260 3349/2882/3349 3352/2886/3352 1261/2799/1261
f 1259/2797/1259 3346/2879/3346 3349/2882/3349 1260/2798/1260
f 3355/2891/3355 3356/2892/3356 3359/2893/3359 3358/2894/3358
f 3356/2892/3356 3357/2895/3357 3360/2896/3360 3359/2893/3359
f 3358/2894/3358 3359/2893/3359 3362/2897/3362 3361/2898/3361
f 3359/2893/3359 3360/2896/3360 3363/2899/3363 3362/2897/3362
f 182/2800/182 1294/2890/1294 3355/2891/3355 1265/2813/1265
f 1294/2890/1294 1293/2889/1293 3356/2892/3356 3355/2891/3355
f 1293/2889/1293 1292/2888/1292 3357/2895/3357 3356/2892/3356
f 1292/2888/1292 122/1784/122 911/1803/911 3357/2895/3357
f 3357/2895/3357 911/1803/911 912/1802/912 3360/2896/3360
f 3360/2896/3360 912/1802/912 913/1801/913 3363/2899/3363
f 3363/2899/3363 913/1801/913 123/1800/123 1295/2900/1295
f 3362/2897/3362 3363/2899/3363 1295/2900/1295 1296/2901/1296
f 3361/2898/3361 3362/2897/3362 1296/2901/1296 1297/2902/1297
f 1267/2815/1267 3361/2898/3361 1297/2902/1297 183/2816/183
f 1266/2814/1266 3358/2894/3358 3361/2898/3361 1267/2815/1267
f 1265/2813/1265 3355/2891/3355 3358/2894/3358 1266/2814/1266
f 3364/2903/3364 3365/2904/3365 3368/2905/3368 3367/2906/3367
f 3365/2904/3365 3366/2907/3366 3369/2908/3369 3368/2905/3368
f 3367/2906/3367 3368/2905/3368 3371/2909/3371 3370/2910/3370
f 3368/2905/3368 3369/2908/3369 3372/2911/3372 3371/2909/3371
f 183/2816/183 1297/2902/1297 3364/2903/3364 1271/2829/1271
f 1297/2902/1297 1296/2901/1296 3365/2904/3365 3364/2903/3364
f 1296/2901/1296 1295/2900/1295 3366/2907/3366 3365/2904/3365
f 1295/2900/1295 123/1800/123 917/1819/917 3366/2907/3366
f 3366/2907/3366 917/1819/917 918/1818/918 3369/2908/3369
f 3369/2908/3369 918/1818/918 919/1817/919 3372/2911/3372
f 3372/2911/3372 919/1817/919 124/1816/124 1298/2912/1298
f 3371/2909/3371 3372/2911/3372 1298/2912/1298 1299/2913/1299
f 3370/2910/3370 3371/2909/3371 1299/2913/1299 1300/2914/1300
f 1273/2831/1273 3370/2910/3370 1300/2914/1300 184/2832/184
f 1272/2830/1272 3367/2906/3367 3370/2910/3370 1273/2831/1273
f 1271/2829/1271 3364/2903/3364 3367/2906/3367 1272/2830/1272
f 3373/2915/3373 3374/2916/3374 3377/2917/3377 3376/2918/3376
f 3374/2916/3374 3375/2919/3375 3378/2920/3378 3377/2917/3377
f 3376/2918/3376 3377/2917/3377 3380/2921/3380 3379/2922/3379
f 3377/2917/3377 3378/2920/3378 3381/2923/3381 3380/2921/3380
f 184/2832/184 1300/2914/1300 3373/2915/3373 1277/2845/1277
f 1300/2914/1300 1299/2913/1299 3374/2916/3374 3373/2915/3373
f 1299/2913/1299 1298/2912/1298 3375/2919/3375 3374/2916/3374
f 1298/2912/1298 124/1816/124 923/1835/923 3375/2919/3375
f 3375/2919/3375 923/1835/923 924/1834/924 3378/2920/3378
f 3378/2920/3378 924/1834/924 925/1833/925 3381/2923/3381
f 3381/2923/3381 925/1833/925 125/1832/125 1301/2924/1301
f 3380/2921/3380 3381/2923/3381 1301/2924/1301 1302/2925/1302
f 3379/2922/3379 3380/2921/3380 1302/2925/1302 1303/2926/1303
f 1279/2847/1279 3379/2922/3379 1303/2926/1303 185/2848/185
f 1278/2846/1278 3376/2918/3376 3379/2922/3379 1279/2847/1279
f 1277/2845/1277 3373/2915/3373 3376/2918/3376 1278/2846/1278
f 3382/2927/3382 3383/2928/3383 3386/2929/3386 3385/2930/3385
f 3383/2928/3383 3384/2931/3384 3387/2932/3387 3386/2929/3386
f 3385/2930/3385 3386/2929/3386 3389/2933/3389 3388/2934/3388
f 3386/2929/3386 3387/2932/3387 3390/2935/3390 3389/2933/3389
f 185/2848/185 1303/2926/1303 3382/2927/3382 1283/2861/1283
f 1303/2926/1303 1302/2925/1302 3383/2928/3383 3382/2927/3382
f 1302/2925/1302 1301/2924/1301 3384/2931/3384 3383/2928/3383
f 1301/2924/1301 125/1832/125 929/1847/929 3384/2931/3384
f 3384/2931/3384 929/1847/929 930/1846/930 3387/2932/3387
f 3387/2932/3387 930/1846/930 931/1845/931 3390/2935/3390
f 1284/2862/1284 3385/2930/3385 3388/2934/3388 1285/2863/1285
f 1283/2861/1283 3382/2927/3382 3385/2930/3385 1284/2862/1284
f 3391/2936/3391 3392/2937/3392 3395/2938/3395 3394/2939/3394
f 3392/2937/3392 3393/2940/3393 3396/2941/3396 3395/2938/3395
f 3394/2939/3394 3395/2938/3395 3398/2942/3398 3397/2943/3397
f 3395/2938/3395 3396/2941/3396 3399/2944/3399 3398/2942/3398
f 141/2126/141 1094/2340/1094 3391/2936/3391 1178/2585/1178
f 1094/2340/1094 1095/2339/1095 3392/2937/3392 3391/2936/3391
f 1095/2339/1095 1096/2338/1096 3393/2940/3393 3392/2937/3392
f 1096/2338/1096 152/2289/152 1307/2945/1307 3393/2940/3393
f 3393/2940/3393 1307/2945/1307 1308/2946/1308 3396/2941/3396
f 3396/2941/3396 1308/2946/1308 1309/2947/1309 3399/2944/3399
f 3399/2944/3399 1309/2947/1309 186/2948/186 1306/2949/1306
f 3398/2942/3398 3399/2944/3399 1306/2949/1306 1305/2950/1305
f 3397/2943/3397 3398/2942/3398 1305/2950/1305 1304/2951/1304
f 1180/2587/1180 3397/2943/3397 1304/2951/1304 168/2588/168
f 1179/2586/1179 3394/2939/3394 3397/2943/3397 1180/2587/1180
f 1178/2585/1178 3391/2936/3391 3394/2939/3394 1179/2586/1179
f 3400/2952/3400 3401/2953/3401 3404/2954/3404 3403/2955/3403
f 3401/2953/3401 3402/2956/3402 3405/2957/3405 3404/2954/3404
f 3403/2955/3403 3404/2954/3404 3407/2958/3407 3406/2959/3406
f 3404/2954/3404 3405/2957/3405 3408/2960/3408 3407/2958/3407
f 152/2289/152 1075/2288/1075 3400/2952/3400 1307/2945/1307
f 1075/2288/1075 1074/2287/1074 3401/2953/3401 3400/2952/3400
f 1074/2287/1074 1073/2286/1073 3402/2956/3402 3401/2953/3401
f 1073/2286/1073 148/2237/148 1313/2961/1313 3402/2956/3402
f 3402/2956/3402 1313/2961/1313 1314/2962/1314 3405/2957/3405
f 3405/2957/3405 1314/2962/1314 1315/2963/1315 3408/2960/3408
f 3408/2960/3408 1315/2963/1315 187/2964/187 1312/2965/1312
f 3407/2958/3407 3408/2960/3408 1312/2965/1312 1311/2966/1311
f 3406/2959/3406 3407/2958/3407 1311/2966/1311 1310/2967/1310
f 1309/2947/1309 3406/2959/3406 1310/2967/1310 186/2948/186
f 1308/2946/1308 3403/2955/3403 3406/2959/3406 1309/2947/1309
f 1307/2945/1307 3400/2952/3400 3403/2955/3403 1308/2946/1308
f 3409/2968/3409 3410/2969/3410 3413/2970/3413 3412/2971/3412
f 3410/2969/3410 3411/2972/3411 3414/2973/3414 3413/2970/3413
f 3412/2971/3412 3413/2970/3413 3416/2974/3416 3415/2975/3415
f 3413/2970/3413 3414/2973/3414 3417/2976/3417 3416/2974/3416
f 148/2237/148 1054/2236/1054 3409/2968/3409 1313/2961/1313
f 1054/2236/1054 1053/2235/1053 3410/2969/3410 3409/2968/3409
f 1053/2235/1053 1052/2234/1052 3411/2972/3411 3410/2969/3410
f 1052/2234/1052 144/2174/144 1319/2977/1319 3411/2972/3411
f 3411/2972/3411 1319/2977/1319 1320/2978/1320 3414/2973/3414
f 3414/2973/3414 1320/2978/1320 1321/2979/1321 3417/2976/3417
f 3417/2976/3417 1321/2979/1321 188/2980/188 1318/2981/1318
f 3416/2974/3416 3417/2976/3417 1318/2981/1318 1317/2982/1317
f 3415/2975/3415 3416/2974/3416 1317/2982/1317 1316/2983/1316
f 1315/2963/1315 3415/2975/3415 1316/2983/1316 187/2964/187
f 1314/2962/1314 3412/2971/3412 3415/2975/3415 1315/2963/1315
f 1313/2961/1313 3409/2968/3409 3412/2971/3412 1314/2962/1314
f 3418/2984/3418 3419/2985/3419 3422/2986/3422 3421/2987/3421
f 3419/2985/3419 3420/2988/3420 3423/2989/3423 3422/2986/3422
f 3421/2987/3421 3422/2986/3422 3425/2990/3425 3424/2991/3424
f 3422/2986/3422 3423/2989/3423 3426/2992/3426 3425/2990/3425
f 144/2174/144 1036/2173/1036 3418/2984/3418 1319/2977/1319
f 1036/2173/1036 1035/2172/1035 3419/2985/3419 3418/2984/3418
f 1035/2172/1035 1034/2170/1034 3420/2988/3420 3419/2985/3419
f 1034/2170/1034 60/2169/60 1325/2993/1325 3420/2988/3420
f 3420/2988/3420 1325/2993/1325 1326/2994/1326 3423/2989/3423
f 3423/2989/3423 1326/2994/1326 1327/2995/1327 3426/2992/3426
f 3426/2992/3426 1327/2995/1327 189/2996/189 1324/2997/1324
f 3425/2990/3425 3426/2992/3426 1324/2997/1324 1323/2998/1323
f 3424/2991/3424 3425/2990/3425 1323/2998/1323 1322/2999/1322
f 1321/2979/1321 3424/2991/3424 1322/2999/1322 188/2980/188
f 1320/2978/1320 3421/2987/3421 3424/2991/3424 1321/2979/1321
f 1319/2977/1319 3418/2984/3418 3421/2987/3421 1320/2978/1320
f 3427/3000/3427 3428/3001/3428 3431/3002/3431 3430/3003/3430
f 3428/3001/3428 3429/3004/3429 3432/3005/3432 3431/3002/3431
f 3430/3003/3430 3431/3002/3431 3434/3006/3434 3433/3007/3433
f 3431/3002/3431 3432/3005/3432 3435/3008/3435 3434/3006/3434
f 168/2588/168 1304/2951/1304 3427/3000/3427 1214/2681/1214
f 1304/2951/1304 1305/2950/1305 3428/3001/3428 3427/3000/3427
f 1305/2950/1305 1306/2949/1306 3429/3004/3429 3428/3001/3428
f 1306/2949/1306 186/2948/186 1331/3009/1331 3429/3004/3429
f 3429/3004/3429 1331/3009/1331 1332/3010/1332 3432/3005/3432
f 3432/3005/3432 1332/3010/1332 1333/3011/1333 3435/3008/3435
f 3435/3008/3435 1333/3011/1333 190/3012/190 1330/3013/1330
f 3434/3006/3434 3435/3008/3435 1330/3013/1330 1329/3014/1329
f 3433/3007/3433 3434/3006/3434 1329/3014/1329 1328/3015/1328
f 1216/2683/1216 3433/3007/3433 1328/3015/1328 174/2684/174
f 1215/2682/1215 3430/3003/3430 3433/3007/3433 1216/2683/1216
f 1214/2681/1214 3427/3000/3427 3430/3003/3430 1215/2682/1215
f 3436/3016/3436 3437/3017/3437 3440/3018/3440 3439/3019/3439
f 3437/3017/3437 3438/3020/3438 3441/3021/3441 3440/3018/3440
f 3439/3019/3439 3440/3018/3440 3443/3022/3443 3442/3023/3442
f 3440/3018/3440 3441/3021/3441 3444/3024/3444 3443/3022/3443
f 186/2948/186 1310/2967/1310 3436/3016/3436 1331/3009/1331
f 1310/2967/1310 1311/2966/1311 3437/3017/3437 3436/3016/3436
f 1311/2966/1311 1312/2965/1312 3438/3020/3438 3437/3017/3437
f 1312/2965/1312 187/2964/187 1337/3025/1337 3438/3020/3438
f 3438/3020/3438 1337/3025/1337 1338/3026/1338 3441/3021/3441
f 3441/3021/3441 1338/3026/1338 1339/3027/1339 3444/3024/3444
f 3444/3024/3444 1339/3027/1339 191/3028/191 1336/3029/1336
f 3443/3022/3443 3444/3024/3444 1336/3029/1336 1335/3030/1335
f 3442/3023/3442 3443/3022/3443 1335/3030/1335 1334/3031/1334
f 1333/3011/1333 3442/3023/3442 1334/3031/1334 190/3012/190
f 1332/3010/1332 3439/3019/3439 3442/3023/3442 1333/3011/1333
f 1331/3009/1331 3436/3016/3436 3439/3019/3439 1332/3010/1332
f 3445/3032/3445 3446/3033/3446 3449/3034/3449 3448/3035/3448
f 3446/3033/3446 3447/3036/3447 3450/3037/3450 3449/3034/3449
f 3448/3035/3448 3449/3034/3449 3452/3038/3452 3451/3039/3451
f 3449/3034/3449 3450/3037/3450 3453/3040/3453 3452/3038/3452
f 187/2964/187 1316/2983/1316 3445/3032/3445 1337/3025/1337
f 1316/2983/1316 1317/2982/1317 3446/3033/3446 3445/3032/3445
f 1317/2982/1317 1318/2981/1318 3447/3036/3447 3446/3033/3446
f 1318/2981/1318 188/2980/188 1343/3041/1343 3447/3036/3447
f 3447/3036/3447 1343/3041/1343 1344/3042/1344 3450/3037/3450
f 3450/3037/3450 1344/3042/1344 1345/3043/1345 3453/3040/3453
f 3453/3040/3453 1345/3043/1345 192/3044/192 1342/3045/1342
f 3452/3038/3452 3453/3040/3453 1342/3045/1342 1341/3046/1341
f 3451/3039/3451 3452/3038/3452 1341/3046/1341 1340/3047/1340
f 1339/3027/1339 3451/3039/3451 1340/3047/1340 191/3028/191
f 1338/3026/1338 3448/3035/3448 3451/3039/3451 1339/3027/1339
f 1337/3025/1337 3445/3032/3445 3448/3035/3448 1338/3026/1338
f 3454/3048/3454 3455/3049/3455 3458/3050/3458 3457/3051/3457
f 3455/3049/3455 3456/3052/3456 3459/3053/3459 3458/3050/3458
f 3457/3051/3457 3458/3050/3458 3461/3054/3461 3460/3055/3460
f 3458/3050/3458 3459/3053/3459 3462/3056/3462 3461/3054/3461
f 188/2980/188 1322/2999/1322 3454/3048/3454 1343/3041/1343
f 1322/2999/1322 1323/2998/1323 3455/3049/3455 3454/3048/3454
f 1323/2998/1323 1324/2997/1324 3456/3052/3456 3455/3049/3455
f 1324/2997/1324 189/2996/189 1349/3057/1349 3456/3052/3456
f 3456/3052/3456 1349/3057/1349 1350/3058/1350 3459/3053/3459
f 3459/3053/3459 1350/3058/1350 1351/3059/1351 3462/3056/3462
f 3462/3056/3462 1351/3059/1351 193/3060/193 1348/3061/1348
f 3461/3054/3461 3462/3056/3462 1348/3061/1348 1347/3062/1347
f 3460/3055/3460 3461/3054/3461 1347/3062/1347 1346/3063/1346
f 1345/3043/1345 3460/3055/3460 1346/3063/1346 192/3044/192
f 1344/3042/1344 3457/3051/3457 3460/3055/3460 1345/3043/1345
f 1343/3041/1343 3454/3048/3454 3457/3051/3457 1344/3042/1344
f 3463/3064/3463 3464/3065/3464 3467/3066/3467 3466/3067/3466
f 3464/3065/3464 3465/3068/3465 3468/3069/3468 3467/3066/3467
f 3466/3067/3466 3467/3066/3467 3470/3070/3470 3469/3071/3469
f 3467/3066/3467 3468/3069/3468 3471/3072/3471 3470/3070/3470
f 174/2684/174 1328/3015/1328 3463/3064/3463 1250/2777/1250
f 1328/3015/1328 1329/3014/1329 3464/3065/3464 3463/3064/3463
f 1329/3014/1329 1330/3013/1330 3465/3068/3465 3464/3065/3464
f 1330/3013/1330 190/3012/190 1355/3073/1355 3465/3068/3465
f 3465/3068/3465 1355/3073/1355 1356/3074/1356 3468/3069/3468
f 3468/3069/3468 1356/3074/1356 1357/3075/1357 3471/3072/3471
f 3471/3072/3471 1357/3075/1357 194/3076/194 1354/3077/1354
f 3470/3070/3470 3471/3072/3471 1354/3077/1354 1353/3078/1353
f 3469/3071/3469 3470/3070/3470 1353/3078/1353 1352/3079/1352
f 1252/2779/1252 3469/3071/3469 1352/3079/1352 180/2780/180
f 1251/2778/1251 3466/3067/3466 3469/3071/3469 1252/2779/1252
f 1250/2777/1250 3463/3064/3463 3466/3067/3466 1251/2778/1251
f 3472/3080/3472 3473/3081/3473 3476/3082/3476 3475/3083/3475
f 3473/3081/3473 3474/3084/3474 3477/3085/3477 3476/3082/3476
f 3475/3083/3475 3476/3082/3476 3479/3086/3479 3478/3087/3478
f 3476/3082/3476 3477/3085/3477 3480/3088/3480 3479/3086/3479
f 190/3012/190 1334/3031/1334 3472/3080/3472 1355/3073/1355
f 1334/3031/1334 1335/3030/1335 3473/3081/3473 3472/3080/3472
f 1335/3030/1335 1336/3029/1336 3474/3084/3474 3473/3081/3473
f 1336/3029/1336 191/3028/191 1361/3089/1361 3474/3084/3474
f 3474/3084/3474 1361/3089/1361 1362/3090/1362 3477/3085/3477
f 3477/3085/3477 1362/3090/1362 1363/3091/1363 3480/3088/3480
f 3480/3088/3480 1363/3091/1363 195/3092/195 1360/3093/1360
f 3479/3086/3479 3480/3088/3480 1360/3093/1360 1359/3094/1359
f 3478/3087/3478 3479/3086/3479 1359/3094/1359 1358/3095/1358
f 1357/3075/1357 3478/3087/3478 1358/3095/1358 194/3076/194
f 1356/3074/1356 3475/3083/3475 3478/3087/3478 1357/3075/1357
f 1355/3073/1355 3472/3080/3472 3475/3083/3475 1356/3074/1356
f 3481/3096/3481 3482/3097/3482 3485/3098/3485 3484/3099/3484
f 3482/3097/3482 3483/3100/3483 3486/3101/3486 3485/3098/3485
f 3484/3099/3484 3485/3098/3485 3488/3102/3488 3487/3103/3487
f 3485/3098/3485 3486/3101/3486 3489/3104/3489 3488/3102/3488
f 191/3028/191 1340/3047/1340 3481/3096/3481 1361/3089/1361
f 1340/3047/1340 1341/3046/1341 3482/3097/3482 3481/3096/3481
f 1341/3046/1341 1342/3045/1342 3483/3100/3483 3482/3097/3482
f 1342/3045/1342 192/3044/192 1367/3105/1367 3483/3100/3483
f 3483/3100/3483 1367/3105/1367 1368/3106/1368 3486/3101/3486
f 3486/3101/3486 1368/3106/1368 1369/3107/1369 3489/3104/3489
f 3489/3104/3489 1369/3107/1369 196/3108/196 1366/3109/1366
f 3488/3102/3488 3489/3104/3489 1366/3109/1366 1365/3110/1365
f 3487/3103/3487 3488/3102/3488 1365/3110/1365 1364/3111/1364
f 1363/3091/1363 3487/3103/3487 1364/3111/1364 195/3092/195
f 1362/3090/1362 3484/3099/3484 3487/3103/3487 1363/3091/1363
f 1361/3089/1361 3481/3096/3481 3484/3099/3484 1362/3090/1362
f 3490/3112/3490 3491/3113/3491 3494/3114/3494 3493/3115/3493
f 3491/3113/3491 3492/3116/3492 3495/3117/3495 3494/3114/3494
f 3493/3115/3493 3494/3114/3494 3497/3118/3497 3496/3119/3496
f 3494/3114/3494 3495/3117/3495 3498/3120/3498 3497/3118/3497
f 192/3044/192 1346/3063/1346 3490/3112/3490 1367/3105/1367
f 1346/3063/1346 1347/3062/1347 3491/3113/3491 3490/3112/3490
f 1347/3062/1347 1348/3061/1348 3492/3116/3492 3491/3113/3491
f 1348/3061/1348 193/3060/193 1373/3121/1373 3492/3116/3492
f 3492/3116/3492 1373/3121/1373 1374/3122/1374 3495/3117/3495
f 3495/3117/3495 1374/3122/1374 1375/3123/1375 3498/3120/3498
f 3498/3120/3498 1375/3123/1375 197/3124/197 1372/3125/1372
f 3497/3118/3497 3498/3120/3498 1372/3125/1372 1371/3126/1371
f 3496/3119/3496 3497/3118/3497 1371/3126/1371 1370/3127/1370
f 1369/3107/1369 3496/3119/3496 1370/3127/1370 196/3108/196
f 1368/3106/1368 3493/3115/3493 3496/3119/3496 1369/3107/1369
f 1367/3105/1367 3490/3112/3490 3493/3115/3493 1368/3106/1368
f 3499/3128/3499 3500/3129/3500 3503/3130/3503 3502/3131/3502
f 3500/3129/3500 3501/3132/3501 3504/3133/3504 3503/3130/3503
f 3502/3131/3502 3503/3130/3503 3506/3134/3506 3505/3135/3505
f 3503/3130/3503 3504/3133/3504 3507/3136/3507 3506/3134/3506
f 180/2780/180 1352/3079/1352 3499/3128/3499 1288/2873/1288
f 1352/3079/1352 1353/3078/1353 3500/3129/3500 3499/3128/3499
f 1353/3078/1353 1354/3077/1354 3501/3132/3501 3500/3129/3500
f 1354/3077/1354 194/3076/194 1378/3137/1378 3501/3132/3501
f 3501/3132/3501 1378/3137/1378 1377/3138/1377 3504/3133/3504
f 3504/3133/3504 1377/3138/1377 1376/3139/1376 3507/3136/3507
f 3507/3136/3507 1376/3139/1376 165/2524/165 1156/2523/1156
f 3506/3134/3506 3507/3136/3507 1156/2523/1156 1155/2522/1155
f 3505/3135/3505 3506/3134/3506 1155/2522/1155 1154/2521/1154
f 1286/2875/1286 3505/3135/3505 1154/2521/1154 120/1770/120
f 1287/2874/1287 3502/3131/3502 3505/3135/3505 1286/2875/1286
f 1288/2873/1288 3499/3128/3499 3502/3131/3502 1287/2874/1287
f 3508/3140/3508 3509/3141/3509 3512/3142/3512 3511/3143/3511
f 3509/3141/3509 3510/3144/3510 3513/3145/3513 3512/3142/3512
f 3511/3143/3511 3512/3142/3512 3515/3146/3515 3514/3147/3514
f 3512/3142/3512 3513/3145/3513 3516/3148/3516 3515/3146/3515
f 194/3076/194 1358/3095/1358 3508/3140/3508 1378/3137/1378
f 1358/3095/1358 1359/3094/1359 3509/3141/3509 3508/3140/3508
f 1359/3094/1359 1360/3093/1360 3510/3144/3510 3509/3141/3509
f 1360/3093/1360 195/3092/195 1381/3149/1381 3510/3144/3510
f 3510/3144/3510 1381/3149/1381 1380/3150/1380 3513/3145/3513
f 3513/3145/3513 1380/3150/1380 1379/3151/1379 3516/3148/3516
f 3516/3148/3516 1379/3151/1379 166/2540/166 1162/2539/1162
f 3515/3146/3515 3516/3148/3516 1162/2539/1162 1161/2538/1161
f 3514/3147/3514 3515/3146/3515 1161/2538/1161 1160/2537/1160
f 1376/3139/1376 3514/3147/3514 1160/2537/1160 165/2524/165
f 1377/3138/1377 3511/3143/3511 3514/3147/3514 1376/3139/1376
f 1378/3137/1378 3508/3140/3508 3511/3143/3511 1377/3138/1377
f 3517/3152/3517 3518/3153/3518 3521/3154/3521 3520/3155/3520
f 3518/3153/3518 3519/3156/3519 3522/3157/3522 3521/3154/3521
f 3520/3155/3520 3521/3154/3521 3524/3158/3524 3523/3159/3523
f 3521/3154/3521 3522/3157/3522 3525/3160/3525 3524/3158/3524
f 195/3092/195 1364/3111/1364 3517/3152/3517 1381/3149/1381
f 1364/3111/1364 1365/3110/1365 3518/3153/3518 3517/3152/3517
f 1365/3110/1365 1366/3109/1366 3519/3156/3519 3518/3153/3518
f 1366/3109/1366 196/3108/196 1384/3161/1384 3519/3156/3519
f 3519/3156/3519 1384/3161/1384 1383/3162/1383 3522/3157/3522
f 3522/3157/3522 1383/3162/1383 1382/3163/1382 3525/3160/3525
f 3525/3160/3525 1382/3163/1382 167/2556/167 1168/2555/1168
f 3524/3158/3524 3525/3160/3525 1168/2555/1168 1167/2554/1167
f 3523/3159/3523 3524/3158/3524 1167/2554/1167 1166/2553/1166
f 1379/3151/1379 3523/3159/3523 1166/2553/1166 166/2540/166
f 1380/3150/1380 3520/3155/3520 3523/3159/3523 1379/3151/1379
f 1381/3149/1381 3517/3152/3517 3520/3155/3520 1380/3150/1380
f 3526/3164/3526 3527/3165/3527 3530/3166/3530 3529/3167/3529
f 3527/3165/3527 3528/3168/3528 3531/3169/3531 3530/3166/3530
f 3529/3167/3529 3530/3166/3530 3533/3170/3533 3532/3171/3532
f 3530/3166/3530 3531/3169/3531 3534/3172/3534 3533/3170/3533
f 196/3108/196 1370/3127/1370 3526/3164/3526 1384/3161/1384
f 1370/3127/1370 1371/3126/1371 3527/3165/3527 3526/3164/3526
f 1371/3126/1371 1372/3125/1372 3528/3168/3528 3527/3165/3527
f 1372/3125/1372 197/3124/197 1387/3173/1387 3528/3168/3528
f 3528/3168/3528 1387/3173/1387 1386/3174/1386 3531/3169/3531
f 3531/3169/3531 1386/3174/1386 1385/3175/1385 3534/3172/3534
f 3534/3172/3534 1385/3175/1385 61/2572/61 1172/2571/1172
f 3533/3170/3533 3534/3172/3534 1172/2571/1172 1173/2570/1173
f 3532/3171/3532 3533/3170/3533 1173/2570/1173 1174/2569/1174
f 1382/3163/1382 3532/3171/3532 1174/2569/1174 167/2556/167
f 1383/3162/1383 3529/3167/3529 3532/3171/3532 1382/3163/1382
f 1384/3161/1384 3526/3164/3526 3529/3167/3529 1383/3162/1383
f 3535/3176/3535 3536/3177/3536 3539/3178/3539 3538/3179/3538
f 3536/3177/3536 3537/3180/3537 3540/3181/3540 3539/3178/3539
f 3538/3179/3538 3539/3178/3539 3542/3182/3542 3541/3183/3541
f 3539/3178/3539 3540/3181/3540 3543/3184/3543 3542/3182/3542
f 24/3185/24 1764/3186/1764 3535/3176/3535 1391/3187/1391
f 1764/3186/1764 1763/3188/1763 3536/3177/3536 3535/3176/3535
f 1763/3188/1763 1762/3189/1762 3537/3180/3537 3536/3177/3536
f 1762/3189/1762 76/3190/76 419/3191/419 3537/3180/3537
f 3537/3180/3537 419/3191/419 420/3192/420 3540/3181/3540
f 3540/3181/3540 420/3192/420 421/3193/421 3543/3184/3543
f 3543/3184/3543 421/3193/421 198/3194/198 1388/3195/1388
f 3542/3182/3542 3543/3184/3543 1388/3195/1388 1389/3196/1389
f 3541/3183/3541 3542/3182/3542 1389/3196/1389 1390/3197/1390
f 1393/3198/1393 3541/3183/3541 1390/3197/1390 199/3199/199
f 1392/3200/1392 3538/3179/3538 3541/3183/3541 1393/3198/1393
f 1391/3187/1391 3535/3176/3535 3538/3179/3538 1392/3200/1392
f 3544/3201/3544 3545/3202/3545 3548/3203/3548 3547/3204/3547
f 3545/3202/3545 3546/3205/3546 3549/3206/3549 3548/3203/3548
f 3547/3204/3547 3548/3203/3548 3551/3207/3551 3550/3208/3550
f 3548/3203/3548 3549/3206/3549 3552/3209/3552 3551/3207/3551
f 199/3199/199 1390/3197/1390 3544/3201/3544 1400/3210/1400
f 1390/3197/1390 1389/3196/1389 3545/3202/3545 3544/3201/3544
f 1389/3196/1389 1388/3195/1388 3546/3205/3546 3545/3202/3545
f 1388/3195/1388 198/3194/198 1394/3211/1394 3546/3205/3546
f 3546/3205/3546 1394/3211/1394 1395/3212/1395 3549/3206/3549
f 3549/3206/3549 1395/3212/1395 1396/3213/1396 3552/3209/3552
f 3552/3209/3552 1396/3213/1396 200/3214/200 1397/3215/1397
f 3551/3207/3551 3552/3209/3552 1397/3215/1397 1398/3216/1398
f 3550/3208/3550 3551/3207/3551 1398/3216/1398 1399/3217/1399
f 1402/3218/1402 3550/3208/3550 1399/3217/1399 201/3219/201
f 1401/3220/1401 3547/3204/3547 3550/3208/3550 1402/3218/1402
f 1400/3210/1400 3544/3201/3544 3547/3204/3547 1401/3220/1401
f 3553/3221/3553 3554/3222/3554 3557/3223/3557 3556/3224/3556
f 3554/3222/3554 3555/3225/3555 3558/3226/3558 3557/3223/3557
f 3556/3224/3556 3557/3223/3557 3560/3227/3560 3559/3228/3559
f 3557/3223/3557 3558/3226/3558 3561/3229/3561 3560/3227/3560
f 201/3219/201 1399/3217/1399 3553/3221/3553 1409/3230/1409
f 1399/3217/1399 1398/3216/1398 3554/3222/3554 3553/3221/3553
f 1398/3216/1398 1397/3215/1397 3555/3225/3555 3554/3222/3554
f 1397/3215/1397 200/3214/200 1403/3231/1403 3555/3225/3555
f 3555/3225/3555 1403/3231/1403 1404/3232/1404 3558/3226/3558
f 3558/3226/3558 1404/3232/1404 1405/3233/1405 3561/3229/3561
f 3561/3229/3561 1405/3233/1405 202/3234/202 1406/3235/1406
f 3560/3227/3560 3561/3229/3561 1406/3235/1406 1407/3236/1407
f 3559/3228/3559 3560/3227/3560 1407/3236/1407 1408/3237/1408
f 1411/3238/1411 3559/3228/3559 1408/3237/1408 203/3239/203
f 1410/3240/1410 3556/3224/3556 3559/3228/3559 1411/3238/1411
f 1409/3230/1409 3553/3221/3553 3556/3224/3556 1410/3240/1410
f 3562/3241/3562 3563/3242/3563 3566/3243/3566 3565/3244/3565
f 3563/3242/3563 3564/3245/3564 3567/3246/3567 3566/3243/3566
f 3565/3244/3565 3566/3243/3566 3569/3247/3569 3568/3248/3568
f 3566/3243/3566 3567/3246/3567 3570/3249/3570 3569/3247/3569
f 76/3190/76 619/3250/619 3562/3241/3562 419/3191/419
f 619/3250/619 618/3251/618 3563/3242/3563 3562/3241/3562
f 618/3251/618 617/3252/617 3564/3245/3564 3563/3242/3563
f 617/3252/617 49/3253/49 1412/3254/1412 3564/3245/3564
f 3564/3245/3564 1412/3254/1412 1413/3255/1413 3567/3246/3567
f 3567/3246/3567 1413/3255/1413 1414/3256/1414 3570/3249/3570
f 3570/3249/3570 1414/3256/1414 204/3257/204 1417/3258/1417
f 3569/3247/3569 3570/3249/3570 1417/3258/1417 1416/3259/1416
f 3568/3248/3568 3569/3247/3569 1416/3259/1416 1415/3260/1415
f 421/3193/421 3568/3248/3568 1415/3260/1415 198/3194/198
f 420/3192/420 3565/3244/3565 3568/3248/3568 421/3193/421
f 419/3191/419 3562/3241/3562 3565/3244/3565 420/3192/420
f 3571/3261/3571 3572/3262/3572 3575/3263/3575 3574/3264/3574
f 3572/3262/3572 3573/3265/3573 3576/3266/3576 3575/3263/3575
f 3574/3264/3574 3575/3263/3575 3578/3267/3578 3577/3268/3577
f 3575/3263/3575 3576/3266/3576 3579/3269/3579 3578/3267/3578
f 198/3194/198 1415/3260/1415 3571/3261/3571 1394/3211/1394
f 1415/3260/1415 1416/3259/1416 3572/3262/3572 3571/3261/3571
f 1416/3259/1416 1417/3258/1417 3573/3265/3573 3572/3262/3572
f 1417/3258/1417 204/3257/204 1418/3270/1418 3573/3265/3573
f 3573/3265/3573 1418/3270/1418 1419/3271/1419 3576/3266/3576
f 3576/3266/3576 1419/3271/1419 1420/3272/1420 3579/3269/3579
f 3579/3269/3579 1420/3272/1420 205/3273/205 1423/3274/1423
f 3578/3267/3578 3579/3269/3579 1423/3274/1423 1422/3275/1422
f 3577/3268/3577 3578/3267/3578 1422/3275/1422 1421/3276/1421
f 1396/3213/1396 3577/3268/3577 1421/3276/1421 200/3214/200
f 1395/3212/1395 3574/3264/3574 3577/3268/3577 1396/3213/1396
f 1394/3211/1394 3571/3261/3571 3574/3264/3574 1395/3212/1395
f 3580/3277/3580 3581/3278/3581 3584/3279/3584 3583/3280/3583
f 3581/3278/3581 3582/3281/3582 3585/3282/3585 3584/3279/3584
f 3583/3280/3583 3584/3279/3584 3587/3283/3587 3586/3284/3586
f 3584/3279/3584 3585/3282/3585 3588/3285/3588 3587/3283/3587
f 200/3214/200 1421/3276/1421 3580/3277/3580 1403/3231/1403
f 1421/3276/1421 1422/3275/1422 3581/3278/3581 3580/3277/3580
f 1422/3275/1422 1423/3274/1423 3582/3281/3582 3581/3278/3581
f 1423/3274/1423 205/3273/205 1424/3286/1424 3582/3281/3582
f 3582/3281/3582 1424/3286/1424 1425/3287/1425 3585/3282/3585
f 3585/3282/3585 1425/3287/1425 1426/3288/1426 3588/3285/3588
f 3588/3285/3588 1426/3288/1426 206/3289/206 1429/3290/1429
f 3587/3283/3587 3588/3285/3588 1429/3290/1429 1428/3291/1428
f 3586/3284/3586 3587/3283/3587 1428/3291/1428 1427/3292/1427
f 1405/3233/1405 3586/3284/3586 1427/3292/1427 202/3234/202
f 1404/3232/1404 3583/3280/3583 3586/3284/3586 1405/3233/1405
f 1403/3231/1403 3580/3277/3580 3583/3280/3583 1404/3232/1404
f 3589/3293/3589 3590/3294/3590 3593/3295/3593 3592/3296/3592
f 3590/3294/3590 3591/3297/3591 3594/3298/3594 3593/3295/3593
f 3592/3296/3592 3593/3295/3593 3596/3299/3596 3595/3300/3595
f 3593/3295/3593 3594/3298/3594 3597/3301/3597 3596/3299/3596
f 49/3253/49 503/3302/503 3589/3293/3589 1412/3254/1412
f 503/3302/503 504/3303/504 3590/3294/3590 3589/3293/3589
f 504/3303/504 505/3304/505 3591/3297/3591 3590/3294/3590
f 505/3304/505 52/3305/52 1430/3306/1430 3591/3297/3591
f 3591/3297/3591 1430/3306/1430 1431/3307/1431 3594/3298/3594
f 3594/3298/3594 1431/3307/1431 1432/3308/1432 3597/3301/3597
f 3597/3301/3597 1432/3308/1432 207/3309/207 1438/3310/1438
f 3596/3299/3596 3597/3301/3597 1438/3310/1438 1437/3311/1437
f 3595/3300/3595 3596/3299/3596 1437/3311/1437 1436/3312/1436
f 1414/3256/1414 3595/3300/3595 1436/3312/1436 204/3257/204
f 1413/3255/1413 3592/3296/3592 3595/3300/3595 1414/3256/1414
f 1412/3254/1412 3589/3293/3589 3592/3296/3592 1413/3255/1413
f 3598/3313/3598 3599/3314/3599 3602/3315/3602 3601/3316/3601
f 3599/3314/3599 3600/3317/3600 3603/3318/3603 3602/3315/3602
f 3601/3316/3601 3602/3315/3602 3605/3319/3605 3604/3320/3604
f 3602/3315/3602 3603/3318/3603 3606/3321/3606 3605/3319/3605
f 204/3257/204 1436/3312/1436 3598/3313/3598 1418/3270/1418
f 1436/3312/1436 1437/3311/1437 3599/3314/3599 3598/3313/3598
f 1437/3311/1437 1438/3310/1438 3600/3317/3600 3599/3314/3599
f 1438/3310/1438 207/3309/207 1439/3322/1439 3600/3317/3600
f 3600/3317/3600 1439/3322/1439 1440/3323/1440 3603/3318/3603
f 3603/3318/3603 1440/3323/1440 1441/3324/1441 3606/3321/3606
f 3606/3321/3606 1441/3324/1441 208/3325/208 1444/3326/1444
f 3605/3319/3605 3606/3321/3606 1444/3326/1444 1443/3327/1443
f 3604/3320/3604 3605/3319/3605 1443/3327/1443 1442/3328/1442
f 1420/3272/1420 3604/3320/3604 1442/3328/1442 205/3273/205
f 1419/3271/1419 3601/3316/3601 3604/3320/3604 1420/3272/1420
f 1418/3270/1418 3598/3313/3598 3601/3316/3601 1419/3271/1419
f 3607/3329/3607 3608/3330/3608 3611/3331/3611 3610/3332/3610
f 3608/3330/3608 3609/3333/3609 3612/3334/3612 3611/3331/3611
f 3610/3332/3610 3611/3331/3611 3614/3335/3614 3613/3336/3613
f 3611/3331/3611 3612/3334/3612 3615/3337/3615 3614/3335/3614
f 205/3273/205 1442/3328/1442 3607/3329/3607 1424/3286/1424
f 1442/3328/1442 1443/3327/1443 3608/3330/3608 3607/3329/3607
f 1443/3327/1443 1444/3326/1444 3609/3333/3609 3608/3330/3608
f 1444/3326/1444 208/3325/208 1445/3338/1445 3609/3333/3609
f 3609/3333/3609 1445/3338/1445 1446/3339/1446 3612/3334/3612
f 3612/3334/3612 1446/3339/1446 1447/3340/1447 3615/3337/3615
f 3615/3337/3615 1447/3340/1447 209/3341/209 1450/3342/1450
f 3614/3335/3614 3615/3337/3615 1450/3342/1450 1449/3343/1449
f 3613/3336/3613 3614/3335/3614 1449/3343/1449 1448/3344/1448
f 1426/3288/1426 3613/3336/3613 1448/3344/1448 206/3289/206
f 1425/3287/1425 3610/3332/3610 3613/3336/3613 1426/3288/1426
f 1424/3286/1424 3607/3329/3607 3610/3332/3610 1425/3287/1425
f 3616/3345/3616 3617/3346/3617 3620/3347/3620 3619/3348/3619
f 3617/3346/3617 3618/3349/3618 3621/3350/3621 3620/3347/3620
f 3619/3348/3619 3620/3347/3620 3623/3351/3623 3622/3352/3622
f 3620/3347/3620 3621/3350/3621 3624/3353/3624 3623/3351/3623
f 52/3305/52 512/3354/512 3616/3345/3616 1430/3306/1430
f 512/3354/512 513/3355/513 3617/3346/3617 3616/3345/3616
f 513/3355/513 514/3356/514 3618/3349/3618 3617/3346/3617
f 514/3356/514 54/3357/54 509/3358/509 3618/3349/3618
f 3618/3349/3618 509/3358/509 510/3359/510 3621/3350/3621
f 3621/3350/3621 510/3359/510 511/3360/511 3624/3353/3624
f 3624/3353/3624 511/3360/511 210/3361/210 1453/3362/1453
f 3623/3351/3623 3624/3353/3624 1453/3362/1453 1452/3363/1452
f 3622/3352/3622 3623/3351/3623 1452/3363/1452 1451/3364/1451
f 1432/3308/1432 3622/3352/3622 1451/3364/1451 207/3309/207
f 1431/3307/1431 3619/3348/3619 3622/3352/3622 1432/3308/1432
f 1430/3306/1430 3616/3345/3616 3619/3348/3619 1431/3307/1431
f 3625/3365/3625 3626/3366/3626 3629/3367/3629 3628/3368/3628
f 3626/3366/3626 3627/3369/3627 3630/3370/3630 3629/3367/3629
f 3628/3368/3628 3629/3367/3629 3632/3371/3632 3631/3372/3631
f 3629/3367/3629 3630/3370/3630 3633/3373/3633 3632/3371/3632
f 207/3309/207 1451/3364/1451 3625/3365/3625 1439/3322/1439
f 1451/3364/1451 1452/3363/1452 3626/3366/3626 3625/3365/3625
f 1452/3363/1452 1453/3362/1453 3627/3369/3627 3626/3366/3626
f 1453/3362/1453 210/3361/210 1454/3374/1454 3627/3369/3627
f 3627/3369/3627 1454/3374/1454 1455/3375/1455 3630/3370/3630
f 3630/3370/3630 1455/3375/1455 1456/3376/1456 3633/3373/3633
f 3633/3373/3633 1456/3376/1456 211/3377/211 1459/3378/1459
f 3632/3371/3632 3633/3373/3633 1459/3378/1459 1458/3379/1458
f 3631/3372/3631 3632/3371/3632 1458/3379/1458 1457/3380/1457
f 1441/3324/1441 3631/3372/3631 1457/3380/1457 208/3325/208
f 1440/3323/1440 3628/3368/3628 3631/3372/3631 1441/3324/1441
f 1439/3322/1439 3625/3365/3625 3628/3368/3628 1440/3323/1440
f 3634/3381/3634 3635/3382/3635 3638/3383/3638 3637/3384/3637
f 3635/3382/3635 3636/3385/3636 3639/3386/3639 3638/3383/3638
f 3637/3384/3637 3638/3383/3638 3641/3387/3641 3640/3388/3640
f 3638/3383/3638 3639/3386/3639 3642/3389/3642 3641/3387/3641
f 208/3325/208 1457/3380/1457 3634/3381/3634 1445/3338/1445
f 1457/3380/1457 1458/3379/1458 3635/3382/3635 3634/3381/3634
f 1458/3379/1458 1459/3378/1459 3636/3385/3636 3635/3382/3635
f 1459/3378/1459 211/3377/211 1460/3390/1460 3636/3385/3636
f 3636/3385/3636 1460/3390/1460 1461/3391/1461 3639/3386/3639
f 3639/3386/3639 1461/3391/1461 1462/3392/1462 3642/3389/3642
f 3642/3389/3642 1462/3392/1462 212/3393/212 1465/3394/1465
f 3641/3387/3641 3642/3389/3642 1465/3394/1465 1464/3395/1464
f 3640/3388/3640 3641/3387/3641 1464/3395/1464 1463/3396/1463
f 1447/3340/1447 3640/3388/3640 1463/3396/1463 209/3341/209
f 1446/3339/1446 3637/3384/3637 3640/3388/3640 1447/3340/1447
f 1445/3338/1445 3634/3381/3634 3637/3384/3637 1446/3339/1446
f 3643/3397/3643 3644/3398/3644 3647/3399/3647 3646/3400/3646
f 3644/3398/3644 3645/3401/3645 3648/3402/3648 3647/3399/3647
f 3646/3400/3646 3647/3399/3647 3650/3403/3650 3649/3404/3649
f 3647/3399/3647 3648/3402/3648 3651/3405/3651 3650/3403/3650
f 54/3357/54 1049/3406/1049 3643/3397/3643 509/3358/509
f 1049/3406/1049 1050/3407/1050 3644/3398/3644 3643/3397/3643
f 1050/3407/1050 1051/3408/1051 3645/3401/3645 3644/3398/3644
f 1051/3408/1051 147/3409/147 1484/3410/1484 3645/3401/3645
f 3645/3401/3645 1484/3410/1484 1485/3411/1485 3648/3402/3648
f 3648/3402/3648 1485/3411/1485 1486/3412/1486 3651/3405/3651
f 3651/3405/3651 1486/3412/1486 213/3413/213 1471/3414/1471
f 3650/3403/3650 3651/3405/3651 1471/3414/1471 1470/3415/1470
f 3649/3404/3649 3650/3403/3650 1470/3415/1470 1469/3416/1469
f 511/3360/511 3649/3404/3649 1469/3416/1469 210/3361/210
f 510/3359/510 3646/3400/3646 3649/3404/3649 511/3360/511
f 509/3358/509 3643/3397/3643 3646/3400/3646 510/3359/510
f 3652/3417/3652 3653/3418/3653 3656/3419/3656 3655/3420/3655
f 3653/3418/3653 3654/3421/3654 3657/3422/3657 3656/3419/3656
f 3655/3420/3655 3656/3419/3656 3659/3423/3659 3658/3424/3658
f 3656/3419/3656 3657/3422/3657 3660/3425/3660 3659/3423/3659
f 210/3361/210 1469/3416/1469 3652/3417/3652 1454/3374/1454
f 1469/3416/1469 1470/3415/1470 3653/3418/3653 3652/3417/3652
f 1470/3415/1470 1471/3414/1471 3654/3421/3654 3653/3418/3653
f 1471/3414/1471 213/3413/213 1472/3426/1472 3654/3421/3654
f 3654/3421/3654 1472/3426/1472 1473/3427/1473 3657/3422/3657
f 3657/3422/3657 1473/3427/1473 1474/3428/1474 3660/3425/3660
f 3660/3425/3660 1474/3428/1474 214/3429/214 1477/3430/1477
f 3659/3423/3659 3660/3425/3660 1477/3430/1477 1476/3431/1476
f 3658/3424/3658 3659/3423/3659 1476/3431/1476 1475/3432/1475
f 1456/3376/1456 3658/3424/3658 1475/3432/1475 211/3377/211
f 1455/3375/1455 3655/3420/3655 3658/3424/3658 1456/3376/1456
f 1454/3374/1454 3652/3417/3652 3655/3420/3655 1455/3375/1455
f 3661/3433/3661 3662/3434/3662 3665/3435/3665 3664/3436/3664
f 3662/3434/3662 3663/3437/3663 3666/3438/3666 3665/3435/3665
f 3664/3436/3664 3665/3435/3665 3668/3439/3668 3667/3440/3667
f 3665/3435/3665 3666/3438/3666 3669/3441/3669 3668/3439/3668
f 211/3377/211 1475/3432/1475 3661/3433/3661 1460/3390/1460
f 1475/3432/1475 1476/3431/1476 3662/3434/3662 3661/3433/3661
f 1476/3431/1476 1477/3430/1477 3663/3437/3663 3662/3434/3662
f 1477/3430/1477 214/3429/214 1478/3442/1478 3663/3437/3663
f 3663/3437/3663 1478/3442/1478 1479/3443/1479 3666/3438/3666
f 3666/3438/3666 1479/3443/1479 1480/3444/1480 3669/3441/3669
f 3669/3441/3669 1480/3444/1480 215/3445/215 1483/3446/1483
f 3668/3439/3668 3669/3441/3669 1483/3446/1483 1482/3447/1482
f 3667/3440/3667 3668/3439/3668 1482/3447/1482 1481/3448/1481
f 1462/3392/1462 3667/3440/3667 1481/3448/1481 212/3393/212
f 1461/3391/1461 3664/3436/3664 3667/3440/3667 1462/3392/1462
f 1460/3390/1460 3661/3433/3661 3664/3436/3664 1461/3391/1461
f 3670/3449/3670 3671/3450/3671 3674/3451/3674 3673/3452/3673
f 3671/3450/3671 3672/3453/3672 3675/3454/3675 3674/3451/3674
f 3673/3452/3673 3674/3451/3674 3677/3455/3677 3676/3456/3676
f 3674/3451/3674 3675/3454/3675 3678/3457/3678 3677/3455/3677
f 147/3409/147 1070/3458/1070 3670/3449/3670 1484/3410/1484
f 1070/3458/1070 1071/3459/1071 3671/3450/3671 3670/3449/3670
f 1071/3459/1071 1072/3460/1072 3672/3453/3672 3671/3450/3671
f 1072/3460/1072 151/3461/151 1505/3462/1505 3672/3453/3672
f 3672/3453/3672 1505/3462/1505 1506/3463/1506 3675/3454/3675
f 3675/3454/3675 1506/3463/1506 1507/3464/1507 3678/3457/3678
f 3678/3457/3678 1507/3464/1507 216/3465/216 1492/3466/1492
f 3677/3455/3677 3678/3457/3678 1492/3466/1492 1491/3467/1491
f 3676/3456/3676 3677/3455/3677 1491/3467/1491 1490/3468/1490
f 1486/3412/1486 3676/3456/3676 1490/3468/1490 213/3413/213
f 1485/3411/1485 3673/3452/3673 3676/3456/3676 1486/3412/1486
f 1484/3410/1484 3670/3449/3670 3673/3452/3673 1485/3411/1485
f 3679/3469/3679 3680/3470/3680 3683/3471/3683 3682/3472/3682
f 3680/3470/3680 3681/3473/3681 3684/3474/3684 3683/3471/3683
f 3682/3472/3682 3683/3471/3683 3686/3475/3686 3685/3476/3685
f 3683/3471/3683 3684/3474/3684 3687/3477/3687 3686/3475/3686
f 213/3413/213 1490/3468/1490 3679/3469/3679 1472/3426/1472
f 1490/3468/1490 1491/3467/1491 3680/3470/3680 3679/3469/3679
f 1491/3467/1491 1492/3466/1492 3681/3473/3681 3680/3470/3680
f 1492/3466/1492 216/3465/216 1493/3478/1493 3681/3473/3681
f 3681/3473/3681 1493/3478/1493 1494/3479/1494 3684/3474/3684
f 3684/3474/3684 1494/3479/1494 1495/3480/1495 3687/3477/3687
f 3687/3477/3687 1495/3480/1495 217/3481/217 1498/3482/1498
f 3686/3475/3686 3687/3477/3687 1498/3482/1498 1497/3483/1497
f 3685/3476/3685 3686/3475/3686 1497/3483/1497 1496/3484/1496
f 1474/3428/1474 3685/3476/3685 1496/3484/1496 214/3429/214
f 1473/3427/1473 3682/3472/3682 3685/3476/3685 1474/3428/1474
f 1472/3426/1472 3679/3469/3679 3682/3472/3682 1473/3427/1473
f 3688/3485/3688 3689/3486/3689 3692/3487/3692 3691/3488/3691
f 3689/3486/3689 3690/3489/3690 3693/3490/3693 3692/3487/3692
f 3691/3488/3691 3692/3487/3692 3695/3491/3695 3694/3492/3694
f 3692/3487/3692 3693/3490/3693 3696/3493/3696 3695/3491/3695
f 214/3429/214 1496/3484/1496 3688/3485/3688 1478/3442/1478
f 1496/3484/1496 1497/3483/1497 3689/3486/3689 3688/3485/3688
f 1497/3483/1497 1498/3482/1498 3690/3489/3690 3689/3486/3689
f 1498/3482/1498 217/3481/217 1499/3494/1499 3690/3489/3690
f 3690/3489/3690 1499/3494/1499 1500/3495/1500 3693/3490/3693
f 3693/3490/3693 1500/3495/1500 1501/3496/1501 3696/3493/3696
f 3696/3493/3696 1501/3496/1501 218/3497/218 1504/3498/1504
f 3695/3491/3695 3696/3493/3696 1504/3498/1504 1503/3499/1503
f 3694/3492/3694 3695/3491/3695 1503/3499/1503 1502/3500/1502
f 1480/3444/1480 3694/3492/3694 1502/3500/1502 215/3445/215
f 1479/3443/1479 3691/3488/3691 3694/3492/3694 1480/3444/1480
f 1478/3442/1478 3688/3485/3688 3691/3488/3691 1479/3443/1479
f 3697/3501/3697 3698/3502/3698 3701/3503/3701 3700/3504/3700
f 3698/3502/3698 3699/3505/3699 3702/3506/3702 3701/3503/3701
f 3700/3504/3700 3701/3503/3701 3704/3507/3704 3703/3508/3703
f 3701/3503/3701 3702/3506/3702 3705/3509/3705 3704/3507/3704
f 151/3461/151 1091/3510/1091 3697/3501/3697 1505/3462/1505
f 1091/3510/1091 1092/3511/1092 3698/3502/3698 3697/3501/3697
f 1092/3511/1092 1093/3512/1093 3699/3505/3699 3698/3502/3698
f 1093/3512/1093 155/3513/155 1433/3514/1433 3699/3505/3699
f 3699/3505/3699 1433/3514/1433 1434/3515/1434 3702/3506/3702
f 3702/3506/3702 1434/3515/1434 1435/3516/1435 3705/3509/3705
f 3705/3509/3705 1435/3516/1435 219/3517/219 1510/3518/1510
f 3704/3507/3704 3705/3509/3705 1510/3518/1510 1509/3519/1509
f 3703/3508/3703 3704/3507/3704 1509/3519/1509 1508/3520/1508
f 1507/3464/1507 3703/3508/3703 1508/3520/1508 216/3465/216
f 1506/3463/1506 3700/3504/3700 3703/3508/3703 1507/3464/1507
f 1505/3462/1505 3697/3501/3697 3700/3504/3700 1506/3463/1506
f 3706/3521/3706 3707/3522/3707 3710/3523/3710 3709/3524/3709
f 3707/3522/3707 3708/3525/3708 3711/3526/3711 3710/3523/3710
f 3709/3524/3709 3710/3523/3710 3713/3527/3713 3712/3528/3712
f 3710/3523/3710 3711/3526/3711 3714/3529/3714 3713/3527/3713
f 216/3465/216 1508/3520/1508 3706/3521/3706 1493/3478/1493
f 1508/3520/1508 1509/3519/1509 3707/3522/3707 3706/3521/3706
f 1509/3519/1509 1510/3518/1510 3708/3525/3708 3707/3522/3707
f 1510/3518/1510 219/3517/219 1511/3530/1511 3708/3525/3708
f 3708/3525/3708 1511/3530/1511 1512/3531/1512 3711/3526/3711
f 3711/3526/3711 1512/3531/1512 1513/3532/1513 3714/3529/3714
f 3714/3529/3714 1513/3532/1513 220/3533/220 1516/3534/1516
f 3713/3527/3713 3714/3529/3714 1516/3534/1516 1515/3535/1515
f 3712/3528/3712 3713/3527/3713 1515/3535/1515 1514/3536/1514
f 1495/3480/1495 3712/3528/3712 1514/3536/1514 217/3481/217
f 1494/3479/1494 3709/3524/3709 3712/3528/3712 1495/3480/1495
f 1493/3478/1493 3706/3521/3706 3709/3524/3709 1494/3479/1494
f 3715/3537/3715 3716/3538/3716 3719/3539/3719 3718/3540/3718
f 3716/3538/3716 3717/3541/3717 3720/3542/3720 3719/3539/3719
f 3718/3540/3718 3719/3539/3719 3722/3543/3722 3721/3544/3721
f 3719/3539/3719 3720/3542/3720 3723/3545/3723 3722/3543/3722
f 217/3481/217 1514/3536/1514 3715/3537/3715 1499/3494/1499
f 1514/3536/1514 1515/3535/1515 3716/3538/3716 3715/3537/3715
f 1515/3535/1515 1516/3534/1516 3717/3541/3717 3716/3538/3716
f 1516/3534/1516 220/3533/220 1517/3546/1517 3717/3541/3717
f 3717/3541/3717 1517/3546/1517 1518/3547/1518 3720/3542/3720
f 3720/3542/3720 1518/3547/1518 1519/3548/1519 3723/3545/3723
f 3723/3545/3723 1519/3548/1519 221/3549/221 1522/3550/1522
f 3722/3543/3722 3723/3545/3723 1522/3550/1522 1521/3551/1521
f 3721/3544/3721 3722/3543/3722 1521/3551/1521 1520/3552/1520
f 1501/3496/1501 3721/3544/3721 1520/3552/1520 218/3497/218
f 1500/3495/1500 3718/3540/3718 3721/3544/3721 1501/3496/1501
f 1499/3494/1499 3715/3537/3715 3718/3540/3718 1500/3495/1500
f 3724/3553/3724 3725/3554/3725 3728/3555/3728 3727/3556/3727
f 3725/3554/3725 3726/3557/3726 3729/3558/3729 3728/3555/3728
f 3727/3556/3727 3728/3555/3728 3731/3559/3731 3730/3560/3730
f 3728/3555/3728 3729/3558/3729 3732/3561/3732 3731/3559/3731
f 155/3513/155 1771/3562/1771 3724/3553/3724 1433/3514/1433
f 1771/3562/1771 1772/3563/1772 3725/3554/3725 3724/3553/3724
f 1772/3563/1772 1773/3564/1773 3726/3557/3726 3725/3554/3725
f 1773/3564/1773 24/3565/24 1391/3566/1391 3726/3557/3726
f 3726/3557/3726 1391/3566/1391 1392/3567/1392 3729/3558/3729
f 3729/3558/3729 1392/3567/1392 1393/3568/1393 3732/3561/3732
f 3732/3561/3732 1393/3568/1393 199/3569/199 1523/3570/1523
f 3731/3559/3731 3732/3561/3732 1523/3570/1523 1524/3571/1524
f 3730/3560/3730 3731/3559/3731 1524/3571/1524 1525/3572/1525
f 1435/3516/1435 3730/3560/3730 1525/3572/1525 219/3517/219
f 1434/3515/1434 3727/3556/3727 3730/3560/3730 1435/3516/1435
f 1433/3514/1433 3724/3553/3724 3727/3556/3727 1434/3515/1434
f 3733/3573/3733 3734/3574/3734 3737/3575/3737 3736/3576/3736
f 3734/3574/3734 3735/3577/3735 3738/3578/3738 3737/3575/3737
f 3736/3576/3736 3737/3575/3737 3740/3579/3740 3739/3580/3739
f 3737/3575/3737 3738/3578/3738 3741/3581/3741 3740/3579/3740
f 219/3517/219 1525/3572/1525 3733/3573/3733 1511/3530/1511
f 1525/3572/1525 1524/3571/1524 3734/3574/3734 3733/3573/3733
f 1524/3571/1524 1523/3570/1523 3735/3577/3735 3734/3574/3734
f 1523/3570/1523 199/3569/199 1400/3582/1400 3735/3577/3735
f 3735/3577/3735 1400/3582/1400 1401/3583/1401 3738/3578/3738
f 3738/3578/3738 1401/3583/1401 1402/3584/1402 3741/3581/3741
f 3741/3581/3741 1402/3584/1402 201/3585/201 1526/3586/1526
f 3740/3579/3740 3741/3581/3741 1526/3586/1526 1527/3587/1527
f 3739/3580/3739 3740/3579/3740 1527/3587/1527 1528/3588/1528
f 1513/3532/1513 3739/3580/3739 1528/3588/1528 220/3533/220
f 1512/3531/1512 3736/3576/3736 3739/3580/3739 1513/3532/1513
f 1511/3530/1511 3733/3573/3733 3736/3576/3736 1512/3531/1512
f 3742/3589/3742 3743/3590/3743 3746/3591/3746 3745/3592/3745
f 3743/3590/3743 3744/3593/3744 3747/3594/3747 3746/3591/3746
f 3745/3592/3745 3746/3591/3746 3749/3595/3749 3748/3596/3748
f 3746/3591/3746 3747/3594/3747 3750/3597/3750 3749/3595/3749
f 220/3533/220 1528/3588/1528 3742/3589/3742 1517/3546/1517
f 1528/3588/1528 1527/3587/1527 3743/3590/3743 3742/3589/3742
f 1527/3587/1527 1526/3586/1526 3744/3593/3744 3743/3590/3743
f 1526/3586/1526 201/3585/201 1409/3598/1409 3744/3593/3744
f 3744/3593/3744 1409/3598/1409 1410/3599/1410 3747/3594/3747
f 3747/3594/3747 1410/3599/1410 1411/3600/1411 3750/3597/3750
f 3750/3597/3750 1411/3600/1411 203/3601/203 1529/3602/1529
f 3749/3595/3749 3750/3597/3750 1529/3602/1529 1530/3603/1530
f 3748/3596/3748 3749/3595/3749 1530/3603/1530 1531/3604/1531
f 1519/3548/1519 3748/3596/3748 1531/3604/1531 221/3549/221
f 1518/3547/1518 3745/3592/3745 3748/3596/3748 1519/3548/1519
f 1517/3546/1517 3742/3589/3742 3745/3592/3745 1518/3547/1518
f 3751/3605/3751 3752/3606/3752 3755/3607/3755 3754/3608/3754
f 3752/3606/3752 3753/3609/3753 3756/3610/3756 3755/3607/3755
f 3754/3608/3754 3755/3607/3755 3758/3611/3758 3757/3612/3757
f 3755/3607/3755 3756/3610/3756 3759/3613/3759 3758/3611/3758
f 25/3614/25 1112/3615/1112 3751/3605/3751 1788/3616/1788
f 1112/3615/1112 1113/3617/1113 3752/3606/3752 3751/3605/3751
f 1113/3617/1113 1114/3618/1114 3753/3609/3753 3752/3606/3752
f 1114/3618/1114 157/3619/157 1613/3620/1613 3753/3609/3753
f 3753/3609/3753 1613/3620/1613 1614/3621/1614 3756/3610/3756
f 3756/3610/3756 1614/3621/1614 1615/3622/1615 3759/3613/3759
f 3759/3613/3759 1615/3622/1615 222/3623/222 1535/3624/1535
f 3758/3611/3758 3759/3613/3759 1535/3624/1535 1536/3625/1536
f 3757/3612/3757 3758/3611/3758 1536/3625/1536 1537/3626/1537
f 1786/3627/1786 3757/3612/3757 1537/3626/1537 223/3628/223
f 1787/3629/1787 3754/3608/3754 3757/3612/3757 1786/3627/1786
f 1788/3616/1788 3751/3605/3751 3754/3608/3754 1787/3629/1787
f 3760/3630/3760 3761/3631/3761 3764/3632/3764 3763/3633/3763
f 3761/3631/3761 3762/3634/3762 3765/3635/3765 3764/3632/3764
f 3763/3633/3763 3764/3632/3764 3767/3636/3767 3766/3637/3766
f 3764/3632/3764 3765/3635/3765 3768/3638/3768 3767/3636/3767
f 223/3628/223 1537/3626/1537 3760/3630/3760 1547/3639/1547
f 1537/3626/1537 1536/3625/1536 3761/3631/3761 3760/3630/3760
f 1536/3625/1536 1535/3624/1535 3762/3634/3762 3761/3631/3761
f 1535/3624/1535 222/3623/222 1541/3640/1541 3762/3634/3762
f 3762/3634/3762 1541/3640/1541 1542/3641/1542 3765/3635/3765
f 3765/3635/3765 1542/3641/1542 1543/3642/1543 3768/3638/3768
f 3768/3638/3768 1543/3642/1543 224/3643/224 1544/3644/1544
f 3767/3636/3767 3768/3638/3768 1544/3644/1544 1545/3645/1545
f 3766/3637/3766 3767/3636/3767 1545/3645/1545 1546/3646/1546
f 1549/3647/1549 3766/3637/3766 1546/3646/1546 225/3648/225
f 1548/3649/1548 3763/3633/3763 3766/3637/3766 1549/3647/1549
f 1547/3639/1547 3760/3630/3760 3763/3633/3763 1548/3649/1548
f 3769/3650/3769 3770/3651/3770 3773/3652/3773 3772/3653/3772
f 3770/3651/3770 3771/3654/3771 3774/3655/3774 3773/3652/3773
f 3772/3653/3772 3773/3652/3773 3776/3656/3776 3775/3657/3775
f 3773/3652/3773 3774/3655/3774 3777/3658/3777 3776/3656/3776
f 225/3648/225 1546/3646/1546 3769/3650/3769 1556/3659/1556
f 1546/3646/1546 1545/3645/1545 3770/3651/3770 3769/3650/3769
f 1545/3645/1545 1544/3644/1544 3771/3654/3771 3770/3651/3770
f 1544/3644/1544 224/3643/224 1550/3660/1550 3771/3654/3771
f 3771/3654/3771 1550/3660/1550 1551/3661/1551 3774/3655/3774
f 3774/3655/3774 1551/3661/1551 1552/3662/1552 3777/3658/3777
f 3777/3658/3777 1552/3662/1552 226/3663/226 1553/3664/1553
f 3776/3656/3776 3777/3658/3777 1553/3664/1553 1554/3665/1554
f 3775/3657/3775 3776/3656/3776 1554/3665/1554 1555/3666/1555
f 1558/3667/1558 3775/3657/3775 1555/3666/1555 227/3668/227
f 1557/3669/1557 3772/3653/3772 3775/3657/3775 1558/3667/1558
f 1556/3659/1556 3769/3650/3769 3772/3653/3772 1557/3669/1557
f 3778/3670/3778 3779/3671/3779 3782/3672/3782 3781/3673/3781
f 3779/3671/3779 3780/3674/3780 3783/3675/3783 3782/3672/3782
f 3781/3673/3781 3782/3672/3782 3785/3676/3785 3784/3677/3784
f 3782/3672/3782 3783/3675/3783 3786/3678/3786 3785/3676/3785
f 157/3619/157 1121/3679/1121 3778/3670/3778 1613/3620/1613
f 1121/3679/1121 1122/3680/1122 3779/3671/3779 3778/3670/3778
f 1122/3680/1122 1123/3681/1123 3780/3674/3780 3779/3671/3779
f 1123/3681/1123 159/3682/159 1783/3683/1783 3780/3674/3780
f 3780/3674/3780 1783/3683/1783 1784/3684/1784 3783/3675/3783
f 3783/3675/3783 1784/3684/1784 1785/3685/1785 3786/3678/3786
f 3786/3678/3786 1785/3685/1785 228/3686/228 1561/3687/1561
f 3785/3676/3785 3786/3678/3786 1561/3687/1561 1560/3688/1560
f 3784/3677/3784 3785/3676/3785 1560/3688/1560 1559/3689/1559
f 1615/3622/1615 3784/3677/3784 1559/3689/1559 222/3623/222
f 1614/3621/1614 3781/3673/3781 3784/3677/3784 1615/3622/1615
f 1613/3620/1613 3778/3670/3778 3781/3673/3781 1614/3621/1614
f 3787/3690/3787 3788/3691/3788 3791/3692/3791 3790/3693/3790
f 3788/3691/3788 3789/3694/3789 3792/3695/3792 3791/3692/3791
f 3790/3693/3790 3791/3692/3791 3794/3696/3794 3793/3697/3793
f 3791/3692/3791 3792/3695/3792 3795/3698/3795 3794/3696/3794
f 222/3623/222 1559/3689/1559 3787/3690/3787 1541/3640/1541
f 1559/3689/1559 1560/3688/1560 3788/3691/3788 3787/3690/3787
f 1560/3688/1560 1561/3687/1561 3789/3694/3789 3788/3691/3788
f 1561/3687/1561 228/3686/228 1562/3699/1562 3789/3694/3789
f 3789/3694/3789 1562/3699/1562 1563/3700/1563 3792/3695/3792
f 3792/3695/3792 1563/3700/1563 1564/3701/1564 3795/3698/3795
f 3795/3698/3795 1564/3701/1564 229/3702/229 1567/3703/1567
f 3794/3696/3794 3795/3698/3795 1567/3703/1567 1566/3704/1566
f 3793/3697/3793 3794/3696/3794 1566/3704/1566 1565/3705/1565
f 1543/3642/1543 3793/3697/3793 1565/3705/1565 224/3643/224
f 1542/3641/1542 3790/3693/3790 3793/3697/3793 1543/3642/1543
f 1541/3640/1541 3787/3690/3787 3790/3693/3790 1542/3641/1542
f 3796/3706/3796 3797/3707/3797 3800/3708/3800 3799/3709/3799
f 3797/3707/3797 3798/3710/3798 3801/3711/3801 3800/3708/3800
f 3799/3709/3799 3800/3708/3800 3803/3712/3803 3802/3713/3802
f 3800/3708/3800 3801/3711/3801 3804/3714/3804 3803/3712/3803
f 224/3643/224 1565/3705/1565 3796/3706/3796 1550/3660/1550
f 1565/3705/1565 1566/3704/1566 3797/3707/3797 3796/3706/3796
f 1566/3704/1566 1567/3703/1567 3798/3710/3798 3797/3707/3797
f 1567/3703/1567 229/3702/229 1568/3715/1568 3798/3710/3798
f 3798/3710/3798 1568/3715/1568 1569/3716/1569 3801/3711/3801
f 3801/3711/3801 1569/3716/1569 1570/3717/1570 3804/3714/3804
f 3804/3714/3804 1570/3717/1570 230/3718/230 1573/3719/1573
f 3803/3712/3803 3804/3714/3804 1573/3719/1573 1572/3720/1572
f 3802/3713/3802 3803/3712/3803 1572/3720/1572 1571/3721/1571
f 1552/3662/1552 3802/3713/3802 1571/3721/1571 226/3663/226
f 1551/3661/1551 3799/3709/3799 3802/3713/3802 1552/3662/1552
f 1550/3660/1550 3796/3706/3796 3799/3709/3799 1551/3661/1551
f 3805/3722/3805 3806/3723/3806 3809/3724/3809 3808/3725/3808
f 3806/3723/3806 3807/3726/3807 3810/3727/3810 3809/3724/3809
f 3808/3725/3808 3809/3724/3809 3812/3728/3812 3811/3729/3811
f 3809/3724/3809 3810/3727/3810 3813/3730/3813 3812/3728/3812
f 159/3682/159 1130/3731/1130 3805/3722/3805 1783/3683/1783
f 1130/3731/1130 1131/3732/1131 3806/3723/3806 3805/3722/3805
f 1131/3732/1131 1132/3733/1132 3807/3726/3807 3806/3723/3806
f 1132/3733/1132 161/3734/161 1610/3735/1610 3807/3726/3807
f 3807/3726/3807 1610/3735/1610 1611/3736/1611 3810/3727/3810
f 3810/3727/3810 1611/3736/1611 1612/3737/1612 3813/3730/3813
f 3813/3730/3813 1612/3737/1612 231/3738/231 1579/3739/1579
f 3812/3728/3812 3813/3730/3813 1579/3739/1579 1578/3740/1578
f 3811/3729/3811 3812/3728/3812 1578/3740/1578 1577/3741/1577
f 1785/3685/1785 3811/3729/3811 1577/3741/1577 228/3686/228
f 1784/3684/1784 3808/3725/3808 3811/3729/3811 1785/3685/1785
f 1783/3683/1783 3805/3722/3805 3808/3725/3808 1784/3684/1784
f 3814/3742/3814 3815/3743/3815 3818/3744/3818 3817/3745/3817
f 3815/3743/3815 3816/3746/3816 3819/3747/3819 3818/3744/3818
f 3817/3745/3817 3818/3744/3818 3821/3748/3821 3820/3749/3820
f 3818/3744/3818 3819/3747/3819 3822/3750/3822 3821/3748/3821
f 228/3686/228 1577/3741/1577 3814/3742/3814 1562/3699/1562
f 1577/3741/1577 1578/3740/1578 3815/3743/3815 3814/3742/3814
f 1578/3740/1578 1579/3739/1579 3816/3746/3816 3815/3743/3815
f 1579/3739/1579 231/3738/231 1580/3751/1580 3816/3746/3816
f 3816/3746/3816 1580/3751/1580 1581/3752/1581 3819/3747/3819
f 3819/3747/3819 1581/3752/1581 1582/3753/1582 3822/3750/3822
f 3822/3750/3822 1582/3753/1582 232/3754/232 1585/3755/1585
f 3821/3748/3821 3822/3750/3822 1585/3755/1585 1584/3756/1584
f 3820/3749/3820 3821/3748/3821 1584/3756/1584 1583/3757/1583
f 1564/3701/1564 3820/3749/3820 1583/3757/1583 229/3702/229
f 1563/3700/1563 3817/3745/3817 3820/3749/3820 1564/3701/1564
f 1562/3699/1562 3814/3742/3814 3817/3745/3817 1563/3700/1563
f 3823/3758/3823 3824/3759/3824 3827/3760/3827 3826/3761/3826
f 3824/3759/3824 3825/3762/3825 3828/3763/3828 3827/3760/3827
f 3826/3761/3826 3827/3760/3827 3830/3764/3830 3829/3765/3829
f 3827/3760/3827 3828/3763/3828 3831/3766/3831 3830/3764/3830
f 229/3702/229 1583/3757/1583 3823/3758/3823 1568/3715/1568
f 1583/3757/1583 1584/3756/1584 3824/3759/3824 3823/3758/3823
f 1584/3756/1584 1585/3755/1585 3825/3762/3825 3824/3759/3824
f 1585/3755/1585 232/3754/232 1586/3767/1586 3825/3762/3825
f 3825/3762/3825 1586/3767/1586 1587/3768/1587 3828/3763/3828
f 3828/3763/3828 1587/3768/1587 1588/3769/1588 3831/3766/3831
f 3831/3766/3831 1588/3769/1588 233/3770/233 1591/3771/1591
f 3830/3764/3830 3831/3766/3831 1591/3771/1591 1590/3772/1590
f 3829/3765/3829 3830/3764/3830 1590/3772/1590 1589/3773/1589
f 1570/3717/1570 3829/3765/3829 1589/3773/1589 230/3718/230
f 1569/3716/1569 3826/3761/3826 3829/3765/3829 1570/3717/1570
f 1568/3715/1568 3823/3758/3823 3826/3761/3826 1569/3716/1569
f 3832/3774/3832 3833/3775/3833 3836/3776/3836 3835/3777/3835
f 3833/3775/3833 3834/3778/3834 3837/3779/3837 3836/3776/3836
f 3835/3777/3835 3836/3776/3836 3839/3780/3839 3838/3781/3838
f 3836/3776/3836 3837/3779/3837 3840/3782/3840 3839/3780/3839
f 161/3734/161 1135/3783/1135 3832/3774/3832 1610/3735/1610
f 1135/3783/1135 1134/3784/1134 3833/3775/3833 3832/3774/3832
f 1134/3784/1134 1133/3785/1133 3834/3778/3834 3833/3775/3833
f 1133/3785/1133 68/3786/68 563/3787/563 3834/3778/3834
f 3834/3778/3834 563/3787/563 564/3788/564 3837/3779/3837
f 3837/3779/3837 564/3788/564 565/3789/565 3840/3782/3840
f 3840/3782/3840 565/3789/565 234/3790/234 1597/3791/1597
f 3839/3780/3839 3840/3782/3840 1597/3791/1597 1596/3792/1596
f 3838/3781/3838 3839/3780/3839 1596/3792/1596 1595/3793/1595
f 1612/3737/1612 3838/3781/3838 1595/3793/1595 231/3738/231
f 1611/3736/1611 3835/3777/3835 3838/3781/3838 1612/3737/1612
f 1610/3735/1610 3832/3774/3832 3835/3777/3835 1611/3736/1611
f 3841/3794/3841 3842/3795/3842 3845/3796/3845 3844/3797/3844
f 3842/3795/3842 3843/3798/3843 3846/3799/3846 3845/3796/3845
f 3844/3797/3844 3845/3796/3845 3848/3800/3848 3847/3801/3847
f 3845/3796/3845 3846/3799/3846 3849/3802/3849 3848/3800/3848
f 231/3738/231 1595/3793/1595 3841/3794/3841 1580/3751/1580
f 1595/3793/1595 1596/3792/1596 3842/3795/3842 3841/3794/3841
f 1596/3792/1596 1597/3791/1597 3843/3798/3843 3842/3795/3842
f 1597/3791/1597 234/3790/234 1598/3803/1598 3843/3798/3843
f 3843/3798/3843 1598/3803/1598 1599/3804/1599 3846/3799/3846
f 3846/3799/3846 1599/3804/1599 1600/3805/1600 3849/3802/3849
f 3849/3802/3849 1600/3805/1600 235/3806/235 1603/3807/1603
f 3848/3800/3848 3849/3802/3849 1603/3807/1603 1602/3808/1602
f 3847/3801/3847 3848/3800/3848 1602/3808/1602 1601/3809/1601
f 1582/3753/1582 3847/3801/3847 1601/3809/1601 232/3754/232
f 1581/3752/1581 3844/3797/3844 3847/3801/3847 1582/3753/1582
f 1580/3751/1580 3841/3794/3841 3844/3797/3844 1581/3752/1581
f 3850/3810/3850 3851/3811/3851 3854/3812/3854 3853/3813/3853
f 3851/3811/3851 3852/3814/3852 3855/3815/3855 3854/3812/3854
f 3853/3813/3853 3854/3812/3854 3857/3816/3857 3856/3817/3856
f 3854/3812/3854 3855/3815/3855 3858/3818/3858 3857/3816/3857
f 232/3754/232 1601/3809/1601 3850/3810/3850 1586/3767/1586
f 1601/3809/1601 1602/3808/1602 3851/3811/3851 3850/3810/3850
f 1602/3808/1602 1603/3807/1603 3852/3814/3852 3851/3811/3851
f 1603/3807/1603 235/3806/235 1604/3819/1604 3852/3814/3852
f 3852/3814/3852 1604/3819/1604 1605/3820/1605 3855/3815/3855
f 3855/3815/3855 1605/3820/1605 1606/3821/1606 3858/3818/3858
f 3858/3818/3858 1606/3821/1606 236/3822/236 1609/3823/1609
f 3857/3816/3857 3858/3818/3858 1609/3823/1609 1608/3824/1608
f 3856/3817/3856 3857/3816/3857 1608/3824/1608 1607/3825/1607
f 1588/3769/1588 3856/3817/3856 1607/3825/1607 233/3770/233
f 1587/3768/1587 3853/3813/3853 3856/3817/3856 1588/3769/1588
f 1586/3767/1586 3850/3810/3850 3853/3813/3853 1587/3768/1587
f 3859/3826/3859 3860/3827/3860 3863/3828/3863 3862/3829/3862
f 3860/3827/3860 3861/3830/3861 3864/3831/3864 3863/3828/3863
f 3862/3829/3862 3863/3828/3863 3866/3832/3866 3865/3833/3865
f 3863/3828/3863 3864/3831/3864 3867/3834/3867 3866/3832/3866
f 68/3786/68 1574/3835/1574 3859/3826/3859 563/3787/563
f 1574/3835/1574 1575/3836/1575 3860/3827/3860 3859/3826/3859
f 1575/3836/1575 1576/3837/1576 3861/3830/3861 3860/3827/3860
f 1576/3837/1576 67/3838/67 1631/3839/1631 3861/3830/3861
f 3861/3830/3861 1631/3839/1631 1632/3840/1632 3864/3831/3864
f 3864/3831/3864 1632/3840/1632 1633/3841/1633 3867/3834/3867
f 3867/3834/3867 1633/3841/1633 237/3842/237 1618/3843/1618
f 3866/3832/3866 3867/3834/3867 1618/3843/1618 1617/3844/1617
f 3865/3833/3865 3866/3832/3866 1617/3844/1617 1616/3845/1616
f 565/3789/565 3865/3833/3865 1616/3845/1616 234/3790/234
f 564/3788/564 3862/3829/3862 3865/3833/3865 565/3789/565
f 563/3787/563 3859/3826/3859 3862/3829/3862 564/3788/564
f 3868/3846/3868 3869/3847/3869 3872/3848/3872 3871/3849/3871
f 3869/3847/3869 3870/3850/3870 3873/3851/3873 3872/3848/3872
f 3871/3849/3871 3872/3848/3872 3875/3852/3875 3874/3853/3874
f 3872/3848/3872 3873/3851/3873 3876/3854/3876 3875/3852/3875
f 234/3790/234 1616/3845/1616 3868/3846/3868 1598/3803/1598
f 1616/3845/1616 1617/3844/1617 3869/3847/3869 3868/3846/3868
f 1617/3844/1617 1618/3843/1618 3870/3850/3870 3869/3847/3869
f 1618/3843/1618 237/3842/237 1619/3855/1619 3870/3850/3870
f 3870/3850/3870 1619/3855/1619 1620/3856/1620 3873/3851/3873
f 3873/3851/3873 1620/3856/1620 1621/3857/1621 3876/3854/3876
f 3876/3854/3876 1621/3857/1621 238/3858/238 1624/3859/1624
f 3875/3852/3875 3876/3854/3876 1624/3859/1624 1623/3860/1623
f 3874/3853/3874 3875/3852/3875 1623/3860/1623 1622/3861/1622
f 1600/3805/1600 3874/3853/3874 1622/3861/1622 235/3806/235
f 1599/3804/1599 3871/3849/3871 3874/3853/3874 1600/3805/1600
f 1598/3803/1598 3868/3846/3868 3871/3849/3871 1599/3804/1599
f 3877/3862/3877 3878/3863/3878 3881/3864/3881 3880/3865/3880
f 3878/3863/3878 3879/3866/3879 3882/3867/3882 3881/3864/3881
f 3880/3865/3880 3881/3864/3881 3884/3868/3884 3883/3869/3883
f 3881/3864/3881 3882/3867/3882 3885/3870/3885 3884/3868/3884
f 235/3806/235 1622/3861/1622 3877/3862/3877 1604/3819/1604
f 1622/3861/1622 1623/3860/1623 3878/3863/3878 3877/3862/3877
f 1623/3860/1623 1624/3859/1624 3879/3866/3879 3878/3863/3878
f 1624/3859/1624 238/3858/238 1625/3871/1625 3879/3866/3879
f 3879/3866/3879 1625/3871/1625 1626/3872/1626 3882/3867/3882
f 3882/3867/3882 1626/3872/1626 1627/3873/1627 3885/3870/3885
f 3885/3870/3885 1627/3873/1627 239/3874/239 1630/3875/1630
f 3884/3868/3884 3885/3870/3885 1630/3875/1630 1629/3876/1629
f 3883/3869/3883 3884/3868/3884 1629/3876/1629 1628/3877/1628
f 1606/3821/1606 3883/3869/3883 1628/3877/1628 236/3822/236
f 1605/3820/1605 3880/3865/3880 3883/3869/3883 1606/3821/1606
f 1604/3819/1604 3877/3862/3877 3880/3865/3880 1605/3820/1605
f 3886/3878/3886 3887/3879/3887 3890/3880/3890 3889/3881/3889
f 3887/3879/3887 3888/3882/3888 3891/3883/3891 3890/3880/3890
f 3889/3881/3889 3890/3880/3890 3893/3884/3893 3892/3885/3892
f 3890/3880/3890 3891/3883/3891 3894/3886/3894 3893/3884/3893
f 67/3838/67 587/3887/587 3886/3878/3886 1631/3839/1631
f 587/3887/587 588/3888/588 3887/3879/3887 3886/3878/3886
f 588/3888/588 589/3889/589 3888/3882/3888 3887/3879/3887
f 589/3889/589 72/3890/72 1487/3891/1487 3888/3882/3888
f 3888/3882/3888 1487/3891/1487 1488/3892/1488 3891/3883/3891
f 3891/3883/3891 1488/3892/1488 1489/3893/1489 3894/3886/3894
f 3894/3886/3894 1489/3893/1489 240/3894/240 1636/3895/1636
f 3893/3884/3893 3894/3886/3894 1636/3895/1636 1635/3896/1635
f 3892/3885/3892 3893/3884/3893 1635/3896/1635 1634/3897/1634
f 1633/3841/1633 3892/3885/3892 1634/3897/1634 237/3842/237
f 1632/3840/1632 3889/3881/3889 3892/3885/3892 1633/3841/1633
f 1631/3839/1631 3886/3878/3886 3889/3881/3889 1632/3840/1632
f 3895/3898/3895 3896/3899/3896 3899/3900/3899 3898/3901/3898
f 3896/3899/3896 3897/3902/3897 3900/3903/3900 3899/3900/3899
f 3898/3901/3898 3899/3900/3899 3902/3904/3902 3901/3905/3901
f 3899/3900/3899 3900/3903/3900 3903/3906/3903 3902/3904/3902
f 237/3842/237 1634/3897/1634 3895/3898/3895 1619/3855/1619
f 1634/3897/1634 1635/3896/1635 3896/3899/3896 3895/3898/3895
f 1635/3896/1635 1636/3895/1636 3897/3902/3897 3896/3899/3896
f 1636/3895/1636 240/3894/240 1637/3907/1637 3897/3902/3897
f 3897/3902/3897 1637/3907/1637 1638/3908/1638 3900/3903/3900
f 3900/3903/3900 1638/3908/1638 1639/3909/1639 3903/3906/3903
f 3903/3906/3903 1639/3909/1639 241/3910/241 1642/3911/1642
f 3902/3904/3902 3903/3906/3903 1642/3911/1642 1641/3912/1641
f 3901/3905/3901 3902/3904/3902 1641/3912/1641 1640/3913/1640
f 1621/3857/1621 3901/3905/3901 1640/3913/1640 238/3858/238
f 1620/3856/1620 3898/3901/3898 3901/3905/3901 1621/3857/1621
f 1619/3855/1619 3895/3898/3895 3898/3901/3898 1620/3856/1620
f 3904/3914/3904 3905/3915/3905 3908/3916/3908 3907/3917/3907
f 3905/3915/3905 3906/3918/3906 3909/3919/3909 3908/3916/3908
f 3907/3917/3907 3908/3916/3908 3911/3920/3911 3910/3921/3910
f 3908/3916/3908 3909/3919/3909 3912/3922/3912 3911/3920/3911
f 238/3858/238 1640/3913/1640 3904/3914/3904 1625/3871/1625
f 1640/3913/1640 1641/3912/1641 3905/3915/3905 3904/3914/3904
f 1641/3912/1641 1642/3911/1642 3906/3918/3906 3905/3915/3905
f 1642/3911/1642 241/3910/241 1643/3923/1643 3906/3918/3906
f 3906/3918/3906 1643/3923/1643 1644/3924/1644 3909/3919/3909
f 3909/3919/3909 1644/3924/1644 1645/3925/1645 3912/3922/3912
f 3912/3922/3912 1645/3925/1645 242/3926/242 1648/3927/1648
f 3911/3920/3911 3912/3922/3912 1648/3927/1648 1647/3928/1647
f 3910/3921/3910 3911/3920/3911 1647/3928/1647 1646/3929/1646
f 1627/3873/1627 3910/3921/3910 1646/3929/1646 239/3874/239
f 1626/3872/1626 3907/3917/3907 3910/3921/3910 1627/3873/1627
f 1625/3871/1625 3904/3914/3904 3907/3917/3907 1626/3872/1626
f 3913/3930/3913 3914/3931/3914 3917/3932/3917 3916/3933/3916
f 3914/3931/3914 3915/3934/3915 3918/3935/3918 3917/3932/3917
f 3916/3933/3916 3917/3932/3917 3920/3936/3920 3919/3937/3919
f 3917/3932/3917 3918/3935/3918 3921/3938/3921 3920/3936/3920
f 72/3890/72 647/3939/647 3913/3930/3913 1487/3891/1487
f 647/3939/647 648/3940/648 3914/3931/3914 3913/3930/3913
f 648/3940/648 649/3941/649 3915/3934/3915 3914/3931/3914
f 649/3941/649 80/3942/80 1649/3943/1649 3915/3934/3915
f 3915/3934/3915 1649/3943/1649 1650/3944/1650 3918/3935/3918
f 3918/3935/3918 1650/3944/1650 1651/3945/1651 3921/3938/3921
f 3921/3938/3921 1651/3945/1651 243/3946/243 1654/3947/1654
f 3920/3936/3920 3921/3938/3921 1654/3947/1654 1653/3948/1653
f 3919/3937/3919 3920/3936/3920 1653/3948/1653 1652/3949/1652
f 1489/3893/1489 3919/3937/3919 1652/3949/1652 240/3894/240
f 1488/3892/1488 3916/3933/3916 3919/3937/3919 1489/3893/1489
f 1487/3891/1487 3913/3930/3913 3916/3933/3916 1488/3892/1488
f 3922/3950/3922 3923/3951/3923 3926/3952/3926 3925/3953/3925
f 3923/3951/3923 3924/3954/3924 3927/3955/3927 3926/3952/3926
f 3925/3953/3925 3926/3952/3926 3929/3956/3929 3928/3957/3928
f 3926/3952/3926 3927/3955/3927 3930/3958/3930 3929/3956/3929
f 240/3894/240 1652/3949/1652 3922/3950/3922 1637/3907/1637
f 1652/3949/1652 1653/3948/1653 3923/3951/3923 3922/3950/3922
f 1653/3948/1653 1654/3947/1654 3924/3954/3924 3923/3951/3923
f 1654/3947/1654 243/3946/243 1655/3959/1655 3924/3954/3924
f 3924/3954/3924 1655/3959/1655 1656/3960/1656 3927/3955/3927
f 3927/3955/3927 1656/3960/1656 1657/3961/1657 3930/3958/3930
f 3930/3958/3930 1657/3961/1657 244/3962/244 1660/3963/1660
f 3929/3956/3929 3930/3958/3930 1660/3963/1660 1659/3964/1659
f 3928/3957/3928 3929/3956/3929 1659/3964/1659 1658/3965/1658
f 1639/3909/1639 3928/3957/3928 1658/3965/1658 241/3910/241
f 1638/3908/1638 3925/3953/3925 3928/3957/3928 1639/3909/1639
f 1637/3907/1637 3922/3950/3922 3925/3953/3925 1638/3908/1638
f 3931/3966/3931 3932/3967/3932 3935/3968/3935 3934/3969/3934
f 3932/3967/3932 3933/3970/3933 3936/3971/3936 3935/3968/3935
f 3934/3969/3934 3935/3968/3935 3938/3972/3938 3937/3973/3937
f 3935/3968/3935 3936/3971/3936 3939/3974/3939 3938/3972/3938
f 241/3910/241 1658/3965/1658 3931/3966/3931 1643/3923/1643
f 1658/3965/1658 1659/3964/1659 3932/3967/3932 3931/3966/3931
f 1659/3964/1659 1660/3963/1660 3933/3970/3933 3932/3967/3932
f 1660/3963/1660 244/3962/244 1661/3975/1661 3933/3970/3933
f 3933/3970/3933 1661/3975/1661 1662/3976/1662 3936/3971/3936
f 3936/3971/3936 1662/3976/1662 1663/3977/1663 3939/3974/3939
f 3939/3974/3939 1663/3977/1663 245/3978/245 1666/3979/1666
f 3938/3972/3938 3939/3974/3939 1666/3979/1666 1665/3980/1665
f 3937/3973/3937 3938/3972/3938 1665/3980/1665 1664/3981/1664
f 1645/3925/1645 3937/3973/3937 1664/3981/1664 242/3926/242
f 1644/3924/1644 3934/3969/3934 3937/3973/3937 1645/3925/1645
f 1643/3923/1643 3931/3966/3931 3934/3969/3934 1644/3924/1644
f 3940/3982/3940 3941/3983/3941 3944/3984/3944 3943/3985/3943
f 3941/3983/3941 3942/3986/3942 3945/3987/3945 3944/3984/3944
f 3943/3985/3943 3944/3984/3944 3947/3988/3947 3946/3989/3946
f 3944/3984/3944 3945/3987/3945 3948/3990/3948 3947/3988/3947
f 80/3942/80 1780/3991/1780 3940/3982/3940 1649/3943/1649
f 1780/3991/1780 1781/3992/1781 3941/3983/3941 3940/3982/3940
f 1781/3992/1781 1782/3993/1782 3942/3986/3942 3941/3983/3941
f 1782/3993/1782 25/3994/25 1788/3995/1788 3942/3986/3942
f 3942/3986/3942 1788/3995/1788 1787/3996/1787 3945/3987/3945
f 3945/3987/3945 1787/3996/1787 1786/3997/1786 3948/3990/3948
f 3948/3990/3948 1786/3997/1786 223/3998/223 1667/3999/1667
f 3947/3988/3947 3948/3990/3948 1667/3999/1667 1668/4000/1668
f 3946/3989/3946 3947/3988/3947 1668/4000/1668 1669/4001/1669
f 1651/3945/1651 3946/3989/3946 1669/4001/1669 243/3946/243
f 1650/3944/1650 3943/3985/3943 3946/3989/3946 1651/3945/1651
f 1649/3943/1649 3940/3982/3940 3943/3985/3943 1650/3944/1650
f 3949/4002/3949 3950/4003/3950 3953/4004/3953 3952/4005/3952
f 3950/4003/3950 3951/4006/3951 3954/4007/3954 3953/4004/3953
f 3952/4005/3952 3953/4004/3953 3956/4008/3956 3955/4009/3955
f 3953/4004/3953 3954/4007/3954 3957/4010/3957 3956/4008/3956
f 243/3946/243 1669/4001/1669 3949/4002/3949 1655/3959/1655
f 1669/4001/1669 1668/4000/1668 3950/4003/3950 3949/4002/3949
f 1668/4000/1668 1667/3999/1667 3951/4006/3951 3950/4003/3950
f 1667/3999/1667 223/3998/223 1547/4011/1547 3951/4006/3951
f 3951/4006/3951 1547/4011/1547 1548/4012/1548 3954/4007/3954
f 3954/4007/3954 1548/4012/1548 1549/4013/1549 3957/4010/3957
f 3957/4010/3957 1549/4013/1549 225/4014/225 1670/4015/1670
f 3956/4008/3956 3957/4010/3957 1670/4015/1670 1671/4016/1671
f 3955/4009/3955 3956/4008/3956 1671/4016/1671 1672/4017/1672
f 1657/3961/1657 3955/4009/3955 1672/4017/1672 244/3962/244
f 1656/3960/1656 3952/4005/3952 3955/4009/3955 1657/3961/1657
f 1655/3959/1655 3949/4002/3949 3952/4005/3952 1656/3960/1656
f 3958/4018/3958 3959/4019/3959 3962/4020/3962 3961/4021/3961
f 3959/4019/3959 3960/4022/3960 3963/4023/3963 3962/4020/3962
f 3961/4021/3961 3962/4020/3962 3965/4024/3965 3964/4025/3964
f 3962/4020/3962 3963/4023/3963 3966/4026/3966 3965/4024/3965
f 244/3962/244 1672/4017/1672 3958/4018/3958 1661/3975/1661
f 1672/4017/1672 1671/4016/1671 3959/4019/3959 3958/4018/3958
f 1671/4016/1671 1670/4015/1670 3960/4022/3960 3959/4019/3959
f 1670/4015/1670 225/4014/225 1556/4027/1556 3960/4022/3960
f 3960/4022/3960 1556/4027/1556 1557/4028/1557 3963/4023/3963
f 3963/4023/3963 1557/4028/1557 1558/4029/1558 3966/4026/3966
f 3966/4026/3966 1558/4029/1558 227/4030/227 1673/4031/1673
f 3965/4024/3965 3966/4026/3966 1673/4031/1673 1674/4032/1674
f 3964/4025/3964 3965/4024/3965 1674/4032/1674 1675/4033/1675
f 1663/3977/1663 3964/4025/3964 1675/4033/1675 245/3978/245
f 1662/3976/1662 3961/4021/3961 3964/4025/3964 1663/3977/1663
f 1661/3975/1661 3958/4018/3958 3961/4021/3961 1662/3976/1662
f 3969/4034/3969 1676/4035/1676 246/4036/246 1677/4037/1677
f 3968/4038/3968 3969/4034/3969 1677/4037/1677 1678/4039/1678
f 3967/4040/3967 3968/4038/3968 1678/4039/1678 1679/4041/1679
f 1680/4042/1680 3967/4040/3967 1679/4041/1679 247/4043/247
f 3970/4044/3970 3971/4045/3971 3974/4046/3974 3973/4047/3973
f 3971/4045/3971 3972/4048/3972 3975/4049/3975 3974/4046/3974
f 3973/4047/3973 3974/4046/3974 3977/4050/3977 3976/4051/3976
f 3974/4046/3974 3975/4049/3975 3978/4052/3978 3977/4050/3977
f 247/4043/247 1679/4041/1679 3970/4044/3970 1683/4053/1683
f 1679/4041/1679 1678/4039/1678 3971/4045/3971 3970/4044/3970
f 1678/4039/1678 1677/4037/1677 3972/4048/3972 3971/4045/3971
f 1677/4037/1677 246/4036/246 1710/4054/1710 3972/4048/3972
f 3972/4048/3972 1710/4054/1710 1711/4055/1711 3975/4049/3975
f 3975/4049/3975 1711/4055/1711 1712/4056/1712 3978/4052/3978
f 3978/4052/3978 1712/4056/1712 197/4057/197 1375/4058/1375
f 3977/4050/3977 3978/4052/3978 1375/4058/1375 1374/4059/1374
f 3976/4051/3976 3977/4050/3977 1374/4059/1374 1373/4060/1373
f 1681/4061/1681 3976/4051/3976 1373/4060/1373 193/4062/193
f 1682/4063/1682 3973/4047/3973 3976/4051/3976 1681/4061/1681
f 1683/4053/1683 3970/4044/3970 3973/4047/3973 1682/4063/1682
f 3981/4064/3981 1684/4065/1684 248/4066/248 1687/4067/1687
f 3980/4068/3980 3981/4064/3981 1687/4067/1687 1686/4069/1686
f 3979/4070/3979 3980/4068/3980 1686/4069/1686 1685/4071/1685
f 1676/4035/1676 3979/4070/3979 1685/4071/1685 246/4036/246
f 3982/4072/3982 3983/4073/3983 3986/4074/3986 3985/4075/3985
f 3983/4073/3983 3984/4076/3984 3987/4077/3987 3986/4074/3986
f 3985/4075/3985 3986/4074/3986 3989/4078/3989 3988/4079/3988
f 3986/4074/3986 3987/4077/3987 3990/4080/3990 3989/4078/3989
f 246/4036/246 1685/4071/1685 3982/4072/3982 1710/4054/1710
f 1685/4071/1685 1686/4069/1686 3983/4073/3983 3982/4072/3982
f 1686/4069/1686 1687/4067/1687 3984/4076/3984 3983/4073/3983
f 1687/4067/1687 248/4066/248 1789/4081/1789 3984/4076/3984
f 3984/4076/3984 1789/4081/1789 1790/4082/1790 3987/4077/3987
f 3987/4077/3987 1790/4082/1790 1791/4083/1791 3990/4080/3990
f 3990/4080/3990 1791/4083/1791 61/4084/61 1385/4085/1385
f 3989/4078/3989 3990/4080/3990 1385/4085/1385 1386/4086/1386
f 3988/4079/3988 3989/4078/3989 1386/4086/1386 1387/4087/1387
f 1712/4056/1712 3988/4079/3988 1387/4087/1387 197/4057/197
f 1711/4055/1711 3985/4075/3985 3988/4079/3988 1712/4056/1712
f 1710/4054/1710 3982/4072/3982 3985/4075/3985 1711/4055/1711
f 3993/4088/3993 1688/4089/1688 249/4090/249 1691/4091/1691
f 3992/4092/3992 3993/4088/3993 1691/4091/1691 1690/4093/1690
f 3991/4094/3991 3992/4092/3992 1690/4093/1690 1689/4095/1689
f 1684/4065/1684 3991/4094/3991 1689/4095/1689 248/4066/248
f 3994/4096/3994 3995/4097/3995 3998/4098/3998 3997/4099/3997
f 3995/4097/3995 3996/4100/3996 3999/4101/3999 3998/4098/3998
f 3997/4099/3997 3998/4098/3998 4001/4102/4001 4000/4103/4000
f 3998/4098/3998 3999/4101/3999 4002/4104/4002 4001/4102/4001
f 248/4066/248 1689/4095/1689 3994/4096/3994 1789/4081/1789
f 1689/4095/1689 1690/4093/1690 3995/4097/3995 3994/4096/3994
f 1690/4093/1690 1691/4091/1691 3996/4100/3996 3995/4097/3995
f 1691/4091/1691 249/4090/249 1720/4105/1720 3996/4100/3996
f 3996/4100/3996 1720/4105/1720 1721/4106/1721 3999/4101/3999
f 3999/4101/3999 1721/4106/1721 1722/4107/1722 4002/4104/4002
f 4002/4104/4002 1722/4107/1722 101/4108/101 1800/4109/1800
f 4001/4102/4001 4002/4104/4002 1800/4109/1800 1799/4110/1799
f 4000/4103/4000 4001/4102/4001 1799/4110/1799 1798/4111/1798
f 1791/4083/1791 4000/4103/4000 1798/4111/1798 61/4084/61
f 1790/4082/1790 3997/4099/3997 4000/4103/4000 1791/4083/1791
f 1789/4081/1789 3994/4096/3994 3997/4099/3997 1790/4082/1790
f 4005/4112/4005 1692/4113/1692 250/4114/250 1695/4115/1695
f 4004/4116/4004 4005/4112/4005 1695/4115/1695 1694/4117/1694
f 4003/4118/4003 4004/4116/4004 1694/4117/1694 1693/4119/1693
f 1688/4089/1688 4003/4118/4003 1693/4119/1693 249/4090/249
f 4006/4120/4006 4007/4121/4007 4010/4122/4010 4009/4123/4009
f 4007/4121/4007 4008/4124/4008 4011/4125/4011 4010/4122/4010
f 4009/4123/4009 4010/4122/4010 4013/4126/4013 4012/4127/4012
f 4010/4122/4010 4011/4125/4011 4014/4128/4014 4013/4126/4013
f 249/4090/249 1693/4119/1693 4006/4120/4006 1720/4105/1720
f 1693/4119/1693 1694/4117/1694 4007/4121/4007 4006/4120/4006
f 1694/4117/1694 1695/4115/1695 4008/4124/4008 4007/4121/4007
f 1695/4115/1695 250/4114/250 1698/4129/1698 4008/4124/4008
f 4008/4124/4008 1698/4129/1698 1697/4130/1697 4011/4125/4011
f 4011/4125/4011 1697/4130/1697 1696/4131/1696 4014/4128/4014
f 4014/4128/4014 1696/4131/1696 104/4132/104 802/4133/802
f 4013/4126/4013 4014/4128/4014 802/4133/802 801/4134/801
f 4012/4127/4012 4013/4126/4013 801/4134/801 800/4135/800
f 1722/4107/1722 4012/4127/4012 800/4135/800 101/4108/101
f 1721/4106/1721 4009/4123/4009 4012/4127/4012 1722/4107/1722
f 1720/4105/1720 4006/4120/4006 4009/4123/4009 1721/4106/1721
f 4017/4136/4017 1699/4137/1699 251/4138/251 1702/4139/1702
f 4016/4140/4016 4017/4136/4017 1702/4139/1702 1701/4141/1701
f 4015/4142/4015 4016/4140/4016 1701/4141/1701 1700/4143/1700
f 1692/4113/1692 4015/4142/4015 1700/4143/1700 250/4114/250
f 4018/4144/4018 4019/4145/4019 4022/4146/4022 4021/4147/4021
f 4019/4145/4019 4020/4148/4020 4023/4149/4023 4022/4146/4022
f 4021/4147/4021 4022/4146/4022 4025/4150/4025 4024/4151/4024
f 4022/4146/4022 4023/4149/4023 4026/4152/4026 4025/4150/4025
f 250/4114/250 1700/4143/1700 4018/4144/4018 1698/4129/1698
f 1700/4143/1700 1701/4141/1701 4019/4145/4019 4018/4144/4018
f 1701/4141/1701 1702/4139/1702 4020/4148/4020 4019/4145/4019
f 1702/4139/1702 251/4138/251 1705/4153/1705 4020/4148/4020
f 4020/4148/4020 1705/4153/1705 1704/4154/1704 4023/4149/4023
f 4023/4149/4023 1704/4154/1704 1703/4155/1703 4026/4152/4026
f 4026/4152/4026 1703/4155/1703 107/4156/107 817/4157/817
f 4025/4150/4025 4026/4152/4026 817/4157/817 816/4158/816
f 4024/4151/4024 4025/4150/4025 816/4158/816 815/4159/815
f 1696/4131/1696 4024/4151/4024 815/4159/815 104/4132/104
f 1697/4130/1697 4021/4147/4021 4024/4151/4024 1696/4131/1696
f 1698/4129/1698 4018/4144/4018 4021/4147/4021 1697/4130/1697
f 4029/4160/4029 1706/4161/1706 252/4162/252 1709/4163/1709
f 4028/4164/4028 4029/4160/4029 1709/4163/1709 1708/4165/1708
f 4027/4166/4027 4028/4164/4028 1708/4165/1708 1707/4167/1707
f 1699/4137/1699 4027/4166/4027 1707/4167/1707 251/4138/251
f 4030/4168/4030 4031/4169/4031 4034/4170/4034 4033/4171/4033
f 4031/4169/4031 4032/4172/4032 4035/4173/4035 4034/4170/4034
f 4033/4171/4033 4034/4170/4034 4037/4174/4037 4036/4175/4036
f 4034/4170/4034 4035/4173/4035 4038/4176/4038 4037/4174/4037
f 251/4138/251 1707/4167/1707 4030/4168/4030 1705/4153/1705
f 1707/4167/1707 1708/4165/1708 4031/4169/4031 4030/4168/4030
f 1708/4165/1708 1709/4163/1709 4032/4172/4032 4031/4169/4031
f 1709/4163/1709 252/4162/252 539/4177/539 4032/4172/4032
f 4032/4172/4032 539/4177/539 540/4178/540 4035/4173/4035
f 4035/4173/4035 540/4178/540 541/4179/541 4038/4176/4038
f 4038/4176/4038 541/4179/541 60/4180/60 1594/4181/1594
f 4037/4174/4037 4038/4176/4038 1594/4181/1594 1593/4182/1593
f 4036/4175/4036 4037/4174/4037 1593/4182/1593 1592/4183/1592
f 1703/4155/1703 4036/4175/4036 1592/4183/1592 107/4156/107
f 1704/4154/1704 4033/4171/4033 4036/4175/4036 1703/4155/1703
f 1705/4153/1705 4030/4168/4030 4033/4171/4033 1704/4154/1704
f 4041/4184/4041 1713/4185/1713 253/4186/253 1716/4187/1716
f 4040/4188/4040 4041/4184/4041 1716/4187/1716 1715/4189/1715
f 4039/4190/4039 4040/4188/4040 1715/4189/1715 1714/4191/1714
f 1706/4161/1706 4039/4190/4039 1714/4191/1714 252/4162/252
f 4042/4192/4042 4043/4193/4043 4046/4194/4046 4045/4195/4045
f 4043/4193/4043 4044/4196/4044 4047/4197/4047 4046/4194/4046
f 4045/4195/4045 4046/4194/4046 4049/4198/4049 4048/4199/4048
f 4046/4194/4046 4047/4197/4047 4050/4200/4050 4049/4198/4049
f 252/4162/252 1714/4191/1714 4042/4192/4042 539/4177/539
f 1714/4191/1714 1715/4189/1715 4043/4193/4043 4042/4192/4042
f 1715/4189/1715 1716/4187/1716 4044/4196/4044 4043/4193/4043
f 1716/4187/1716 253/4186/253 1719/4201/1719 4044/4196/4044
f 4044/4196/4044 1719/4201/1719 1718/4202/1718 4047/4197/4047
f 4047/4197/4047 1718/4202/1718 1717/4203/1717 4050/4200/4050
f 4050/4200/4050 1717/4203/1717 189/4204/189 1327/4205/1327
f 4049/4198/4049 4050/4200/4050 1327/4205/1327 1326/4206/1326
f 4048/4199/4048 4049/4198/4049 1326/4206/1326 1325/4207/1325
f 541/4179/541 4048/4199/4048 1325/4207/1325 60/4180/60
f 540/4178/540 4045/4195/4045 4048/4199/4048 541/4179/541
f 539/4177/539 4042/4192/4042 4045/4195/4045 540/4178/540
f 4053/4208/4053 1680/4209/1680 247/4210/247 1723/4211/1723
f 4052/4212/4052 4053/4208/4053 1723/4211/1723 1724/4213/1724
f 4051/4214/4051 4052/4212/4052 1724/4213/1724 1725/4215/1725
f 1713/4185/1713 4051/4214/4051 1725/4215/1725 253/4186/253
f 4054/4216/4054 4055/4217/4055 4058/4218/4058 4057/4219/4057
f 4055/4217/4055 4056/4220/4056 4059/4221/4059 4058/4218/4058
f 4057/4219/4057 4058/4218/4058 4061/4222/4061 4060/4223/4060
f 4058/4218/4058 4059/4221/4059 4062/4224/4062 4061/4222/4061
f 253/4186/253 1725/4215/1725 4054/4216/4054 1719/4201/1719
f 1725/4215/1725 1724/4213/1724 4055/4217/4055 4054/4216/4054
f 1724/4213/1724 1723/4211/1723 4056/4220/4056 4055/4217/4055
f 1723/4211/1723 247/4210/247 1683/4225/1683 4056/4220/4056
f 4056/4220/4056 1683/4225/1683 1682/4226/1682 4059/4221/4059
f 4059/4221/4059 1682/4226/1682 1681/4227/1681 4062/4224/4062
f 4062/4224/4062 1681/4227/1681 193/4228/193 1351/4229/1351
f 4061/4222/4061 4062/4224/4062 1351/4229/1351 1350/4230/1350
f 4060/4223/4060 4061/4222/4061 1350/4230/1350 1349/4231/1349
f 1717/4203/1717 4060/4223/4060 1349/4231/1349 189/4204/189
f 1718/4202/1718 4057/4219/4057 4060/4223/4060 1717/4203/1717
f 1719/4201/1719 4054/4216/4054 4057/4219/4057 1718/4202/1718
f 4063/4232/4063 4064/4233/4064 4067/4234/4067 4066/4235/4066
f 4064/4233/4064 4065/4236/4065 4068/4237/4068 4067/4234/4067
f 4066/4235/4066 4067/4234/4067 4070/4238/4070 4069/4239/4069
f 4067/4234/4067 4068/4237/4068 4071/4240/4071 4070/4238/4070
f 21/273/21 650/1050/650 4063/4232/4063 590/868/590
f 650/1050/650 651/1060/651 4064/4233/4064 4063/4232/4063
f 651/1060/651 652/1058/652 4065/4236/4065 4064/4233/4064
f 652/1058/652 81/1059/81 1729/4241/1729 4065/4236/4065
f 4065/4236/4065 1729/4241/1729 1730/4242/1730 4068/4237/4068
f 4068/4237/4068 1730/4242/1730 1731/4243/1731 4071/4240/4071
f 4071/4240/4071 1731/4243/1731 254/4244/254 1728/4245/1728
f 4070/4238/4070 4071/4240/4071 1728/4245/1728 1727/4246/1727
f 4069/4239/4069 4070/4238/4070 1727/4246/1727 1726/4247/1726
f 592/870/592 4069/4239/4069 1726/4247/1726 73/871/73
f 591/869/591 4066/4235/4066 4069/4239/4069 592/870/592
f 590/868/590 4063/4232/4063 4066/4235/4066 591/869/591
f 4072/4248/4072 4073/4249/4073 4076/4250/4076 4075/4251/4075
f 4073/4249/4073 4074/4252/4074 4077/4253/4077 4076/4250/4076
f 4075/4251/4075 4076/4250/4076 4079/4254/4079 4078/4255/4078
f 4076/4250/4076 4077/4253/4077 4080/4256/4080 4079/4254/4079
f 81/1059/81 686/1146/686 4072/4248/4072 1729/4241/1729
f 686/1146/686 687/1156/687 4073/4249/4073 4072/4248/4072
f 687/1156/687 688/1154/688 4074/4252/4074 4073/4249/4073
f 688/1154/688 87/1155/87 1735/4257/1735 4074/4252/4074
f 4074/4252/4074 1735/4257/1735 1736/4258/1736 4077/4253/4077
f 4077/4253/4077 1736/4258/1736 1737/4259/1737 4080/4256/4080
f 4080/4256/4080 1737/4259/1737 255/4260/255 1734/4261/1734
f 4079/4254/4079 4080/4256/4080 1734/4261/1734 1733/4262/1733
f 4078/4255/4078 4079/4254/4079 1733/4262/1733 1732/4263/1732
f 1731/4243/1731 4078/4255/4078 1732/4263/1732 254/4244/254
f 1730/4242/1730 4075/4251/4075 4078/4255/4078 1731/4243/1731
f 1729/4241/1729 4072/4248/4072 4075/4251/4075 1730/4242/1730
f 4081/4264/4081 4082/4265/4082 4085/4266/4085 4084/4267/4084
f 4082/4265/4082 4083/4268/4083 4086/4269/4086 4085/4266/4085
f 4084/4267/4084 4085/4266/4085 4088/4270/4088 4087/4271/4087
f 4085/4266/4085 4086/4269/4086 4089/4272/4089 4088/4270/4088
f 87/1155/87 722/1242/722 4081/4264/4081 1735/4257/1735
f 722/1242/722 723/1252/723 4082/4265/4082 4081/4264/4081
f 723/1252/723 724/1250/724 4083/4268/4083 4082/4265/4082
f 724/1250/724 93/1251/93 1741/4273/1741 4083/4268/4083
f 4083/4268/4083 1741/4273/1741 1742/4274/1742 4086/4269/4086
f 4086/4269/4086 1742/4274/1742 1743/4275/1743 4089/4272/4089
f 4089/4272/4089 1743/4275/1743 256/4276/256 1740/4277/1740
f 4088/4270/4088 4089/4272/4089 1740/4277/1740 1739/4278/1739
f 4087/4271/4087 4088/4270/4088 1739/4278/1739 1738/4279/1738
f 1737/4259/1737 4087/4271/4087 1738/4279/1738 255/4260/255
f 1736/4258/1736 4084/4267/4084 4087/4271/4087 1737/4259/1737
f 1735/4257/1735 4081/4264/4081 4084/4267/4084 1736/4258/1736
f 4090/4280/4090 4091/4281/4091 4094/4282/4094 4093/4283/4093
f 4091/4281/4091 4092/4284/4092 4095/4285/4095 4094/4282/4094
f 4093/4283/4093 4094/4282/4094 4097/4286/4097 4096/4287/4096
f 4094/4282/4094 4095/4285/4095 4098/4288/4098 4097/4286/4097
f 93/1251/93 760/1338/760 4090/4280/4090 1741/4273/1741
f 760/1338/760 759/1343/759 4091/4281/4091 4090/4280/4090
f 759/1343/759 758/1342/758 4092/4284/4092 4091/4281/4091
f 758/1342/758 43/541/43 620/959/620 4092/4284/4092
f 4092/4284/4092 620/959/620 621/969/621 4095/4285/4095
f 4095/4285/4095 621/969/621 622/967/622 4098/4288/4098
f 4098/4288/4098 622/967/622 77/968/77 1744/4289/1744
f 4097/4286/4097 4098/4288/4098 1744/4289/1744 1745/4290/1745
f 4096/4287/4096 4097/4286/4097 1745/4290/1745 1746/4291/1746
f 1743/4275/1743 4096/4287/4096 1746/4291/1746 256/4276/256
f 1742/4274/1742 4093/4283/4093 4096/4287/4096 1743/4275/1743
f 1741/4273/1741 4090/4280/4090 4093/4283/4093 1742/4274/1742
f 4099/4292/4099 4100/4293/4100 4103/4294/4103 4102/4295/4102
f 4100/4293/4100 4101/4296/4101 4104/4297/4104 4103/4294/4103
f 4102/4295/4102 4103/4294/4103 4106/4298/4106 4105/4299/4105
f 4103/4294/4103 4104/4297/4104 4107/4300/4107 4106/4298/4106
f 73/871/73 1726/4247/1726 4099/4292/4099 610/920/610
f 1726/4247/1726 1727/4246/1727 4100/4293/4100 4099/4292/4099
f 1727/4246/1727 1728/4245/1728 4101/4296/4101 4100/4293/4100
f 1728/4245/1728 254/4244/254 1749/4301/1749 4101/4296/4101
f 4101/4296/4101 1749/4301/1749 1748/4302/1748 4104/4297/4104
f 4104/4297/4104 1748/4302/1748 1747/4303/1747 4107/4300/4107
f 4107/4300/4107 1747/4303/1747 105/1491/105 820/1518/820
f 4106/4298/4106 4107/4300/4107 820/1518/820 819/1523/819
f 4105/4299/4105 4106/4298/4106 819/1523/819 818/1522/818
f 608/922/608 4105/4299/4105 818/1522/818 58/718/58
f 609/921/609 4102/4295/4102 4105/4299/4105 608/922/608
f 610/920/610 4099/4292/4099 4102/4295/4102 609/921/609
f 4108/4304/4108 4109/4305/4109 4112/4306/4112 4111/4307/4111
f 4109/4305/4109 4110/4308/4110 4113/4309/4113 4112/4306/4112
f 4111/4307/4111 4112/4306/4112 4115/4310/4115 4114/4311/4114
f 4112/4306/4112 4113/4309/4113 4116/4312/4116 4115/4310/4115
f 254/4244/254 1732/4263/1732 4108/4304/4108 1749/4301/1749
f 1732/4263/1732 1733/4262/1733 4109/4305/4109 4108/4304/4108
f 1733/4262/1733 1734/4261/1734 4110/4308/4110 4109/4305/4109
f 1734/4261/1734 255/4260/255 1752/4313/1752 4110/4308/4110
f 4110/4308/4110 1752/4313/1752 1751/4314/1751 4113/4309/4113
f 4113/4309/4113 1751/4314/1751 1750/4315/1750 4116/4312/4116
f 4116/4312/4116 1750/4315/1750 102/1455/102 803/1482/803
f 4115/4310/4115 4116/4312/4116 803/1482/803 804/1492/804
f 4114/4311/4114 4115/4310/4115 804/1492/804 805/1490/805
f 1747/4303/1747 4114/4311/4114 805/1490/805 105/1491/105
f 1748/4302/1748 4111/4307/4111 4114/4311/4114 1747/4303/1747
f 1749/4301/1749 4108/4304/4108 4111/4307/4111 1748/4302/1748
f 4117/4316/4117 4118/4317/4118 4121/4318/4121 4120/4319/4120
f 4118/4317/4118 4119/4320/4119 4122/4321/4122 4121/4318/4121
f 4120/4319/4120 4121/4318/4121 4124/4322/4124 4123/4323/4123
f 4121/4318/4121 4122/4321/4122 4125/4324/4125 4124/4322/4124
f 255/4260/255 1738/4279/1738 4117/4316/4117 1752/4313/1752
f 1738/4279/1738 1739/4278/1739 4118/4317/4118 4117/4316/4117
f 1739/4278/1739 1740/4277/1740 4119/4320/4119 4118/4317/4118
f 1740/4277/1740 256/4276/256 1755/4325/1755 4119/4320/4119
f 4119/4320/4119 1755/4325/1755 1754/4326/1754 4122/4321/4122
f 4122/4321/4122 1754/4326/1754 1753/4327/1753 4125/4324/4125
f 4125/4324/4125 1753/4327/1753 99/1419/99 788/1446/788
f 4124/4322/4124 4125/4324/4125 788/1446/788 789/1456/789
f 4123/4323/4123 4124/4322/4124 789/1456/789 790/1454/790
f 1750/4315/1750 4123/4323/4123 790/1454/790 102/1455/102
f 1751/4314/1751 4120/4319/4120 4123/4323/4123 1750/4315/1750
f 1752/4313/1752 4117/4316/4117 4120/4319/4120 1751/4314/1751
f 4126/4328/4126 4127/4329/4127 4130/4330/4130 4129/4331/4129
f 4127/4329/4127 4128/4332/4128 4131/4333/4131 4130/4330/4130
f 4129/4331/4129 4130/4330/4130 4133/4334/4133 4132/4335/4132
f 4130/4330/4130 4131/4333/4131 4134/4336/4134 4133/4334/4133
f 256/4276/256 1746/4291/1746 4126/4328/4126 1755/4325/1755
f 1746/4291/1746 1745/4290/1745 4127/4329/4127 4126/4328/4126
f 1745/4290/1745 1744/4289/1744 4128/4332/4128 4127/4329/4127
f 1744/4289/1744 77/968/77 640/1011/640 4128/4332/4128
f 4128/4332/4128 640/1011/640 639/1016/639 4131/4333/4131
f 4131/4333/4131 639/1016/639 638/1015/638 4134/4336/4134
f 4134/4336/4134 638/1015/638 69/819/69 776/1410/776
f 4133/4334/4133 4134/4336/4134 776/1410/776 777/1420/777
f 4132/4335/4132 4133/4334/4133 777/1420/777 778/1418/778
f 1753/4327/1753 4132/4335/4132 778/1418/778 99/1419/99
f 1754/4326/1754 4129/4331/4129 4132/4335/4132 1753/4327/1753
f 1755/4325/1755 4126/4328/4126 4129/4331/4129 1754/4326/1754
