frame,x0,y0,z0,vx0,vy0,vz0,sdf0,nx0,ny0,nz0,md0,u0,v0,x1,y1,z1,vx1,vy1,vz1,sdf1,nx1,ny1,nz1,md1,u1,v1,x2,y2,z2,vx2,vy2,vz2,sdf2,nx2,ny2,nz2,md2,u2,v2,x3,y3,z3,vx3,vy3,vz3,sdf3,nx3,ny3,nz3,md3,u3,v3,x4,y4,z4,vx4,vy4,vz4,sdf4,nx4,ny4,nz4,md4,u4,v4,x5,y5,z5,vx5,vy5,vz5,sdf5,nx5,ny5,nz5,md5,u5,v5
0,0,0,-0.225496,0,0,0,1.299622,-0.9524222,0.2367164,-0.1919825,1,0.5,0,0,-0.5,0.225496,0,0,0,1.218837,-0.9971857,-0.04305236,0.06137637,1,1,1,0,-0.5,-0.225496,0,0,0,1.25004,-0.9794063,-0.04228475,-0.1974218,1,1,0,0,0,0.225496,0,0,0,1.269294,-0.968748,0.240774,0.05962604,1,0.5,1,0,0.5,-0.225496,0,0,0,1.478545,-0.8662933,0.4680207,-0.1746213,0,0,0,0,0.5,0.225496,0,0,0,1.451,-0.8785238,0.4746284,0.05407278,0,0,1
1,0,2.594733E-05,-0.22544,0,0,0,1.284385,-0.9515882,0.2387522,-0.1935904,1,0.5,0,0,-0.4999241,0.2255979,0,0,0,1.202886,-0.9971309,-0.04341106,0.06201115,1,1,1,0,-0.5000573,-0.2254574,0,0,0,1.234367,-0.9790315,-0.04269993,-0.1991835,1,1,0,0,7.997928E-05,0.2255804,0,0,0,1.253823,-0.9681706,0.2429435,0.06020016,1,0.5,1,0,0.5,-0.225496,0,0,0,1.4647,-0.8642539,0.4713187,-0.1758517,0,0,0,0,0.5,0.225496,0,0,0,1.436959,-0.876632,0.478069,0.05446476,0,0,1
2,0,0.0001606804,-0.2255886,0,0,0,1.239704,-0.9489641,0.2449617,-0.198648,1,0.5,0,0,-0.4999578,0.2254677,0,0,0,1.155934,-0.9969698,-0.04466227,0.06369079,1,1,1,0,-0.4999399,-0.225502,0,0,0,1.188302,-0.9778561,-0.04379544,-0.2046447,1,1,0,0,0.0001409403,0.2254117,0,0,0,1.208283,-0.9664182,0.2494557,0.0617062,1,0.5,1,0,0.5,-0.225496,0,0,0,1.424154,-0.857996,0.4812505,-0.1795574,0,0,0,0,0.5,0.225496,0,0,0,1.395819,-0.8708195,0.4884433,0.05564666,0,0,1
3,0,0.0001664492,-0.2255692,0,0.001861001,-0.00536442,1.196908,-0.9462851,0.2511429,-0.2036464,1,0.5,0,0,-0.4999444,0.225389,0,0.003761054,-0.009091202,1.110911,-0.9968014,-0.04590224,0.06542195,1,1,1,0,-0.4999138,-0.2255608,0,0.00255853,-0.00491813,1.144183,-0.9766304,-0.04495474,-0.2101718,1,1,0,0,4.746331E-05,0.225388,0,-0.0006920732,-0.008790199,1.164657,-0.9646181,0.255937,0.0633091,1,0.5,1,0,0.5,-0.225496,0,0,0,1.385552,-0.8516122,0.491103,-0.1832334,0,0,0,0,0.5,0.225496,0,0,0,1.356628,-0.8648792,0.4987537,0.05682129,0,0,1
4,0,1.122856E-05,-0.2253688,0,-0.000358707,0.005821141,1.163133,-0.9440678,0.2561499,-0.2076616,1,0.5,0,0,-0.5000323,0.2256151,0,-0.0004321338,0.006981197,1.075398,-0.996643,-0.04699275,0.06704023,1,1,1,0,-0.5000977,-0.2253963,0,-0.002288819,0.007172677,1.109358,-0.9756123,-0.04604176,-0.2146174,1,1,0,0,4.650342E-05,0.22557,0,0.001018542,0.00108853,1.130308,-0.9630753,0.2613288,0.06475462,1,0.5,1,0,0.5,-0.225496,0,0,0,1.355287,-0.8462896,0.4991143,-0.1862224,0,0,0,0,0.5,0.225496,0,0,0,1.325883,-0.8599179,0.5071518,0.05777806,0,0,1
5,0,3.895239E-05,-0.2255027,0,0.001386192,-0.006696585,1.142671,-0.9426001,0.2593575,-0.2103298,1,0.5,0,0,-0.5000437,0.2254063,0,-0.0005722048,-0.01043976,1.053731,-0.9965574,-0.04765546,0.06784076,1,1,1,0,-0.5000003,-0.2256047,0,0.004869701,-0.01041815,1.088208,-0.9749238,-0.04659358,-0.2176067,1,1,0,0,4.306708E-05,0.2254167,0,-0.0001718167,-0.007665906,1.109382,-0.9620969,0.2647246,0.06550132,1,0.5,1,0,0.5,-0.225496,0,0,0,1.336935,-0.842916,0.5041006,-0.1880829,0,0,0,0,0.5,0.225496,0,0,0,1.307233,-0.8567693,0.5123855,0.05837432,0,0,1
6,0,0.0001301752,-0.2255354,0,0.004561141,-0.001633913,1.115119,-0.9405423,0.2638382,-0.213938,1,0.5,0,0,-0.5001121,0.225402,0,-0.003418328,-0.0002115966,1.024543,-0.9964221,-0.04861269,0.06913683,1,1,1,0,-0.4999335,-0.225629,0,0.003342332,-0.0012137,1.059665,-0.9739837,-0.04740343,-0.2216047,1,1,0,0,-7.151302E-06,0.2254789,0,-0.00251092,0.003111364,1.08121,-0.9607126,0.2694095,0.06670773,1,0.5,1,0,0.5,-0.225496,0,0,0,1.312311,-0.8382049,0.5109498,-0.1906383,0,0,0,0,0.5,0.225496,0,0,0,1.282199,-0.8523672,0.5195828,0.05919429,0,0,1
7,0,1.556127E-05,-0.2255331,0,0,0,1.090301,-0.9386319,0.2678836,-0.2172753,1,0.5,0,0,-0.5000256,0.2254481,0,0,0,0.9982569,-0.9962958,-0.04940784,0.07038051,1,1,1,0,-0.500057,-0.2256005,0,0,0,1.033981,-0.9730935,-0.04827763,-0.2252965,1,1,0,0,4.493714E-05,0.2255452,0,0,0,1.055901,-0.9593842,0.2738252,0.0678354,1,0.5,1,0,0.5,-0.225496,0,0,0,1.290256,-0.8337952,0.5172443,-0.1929869,0,0,0,0,0.5,0.225496,0,0,0,1.259767,-0.8482413,0.526206,0.05994884,0,0,1
8,0,-3.374985E-05,-0.2256075,0,-0.002465557,-0.003719331,1.056913,-0.9358785,0.2735968,-0.2219826,1,0.5,0,0,-0.4999774,0.2255087,0,0.002412499,0.003028662,0.962768,-0.9961122,-0.05057356,0.07212946,1,1,1,0,-0.5000405,-0.2254697,0,0.0008255247,0.006540868,0.9993054,-0.9718375,-0.04938318,-0.2304198,1,1,0,0,1.825013E-05,0.2254344,0,-0.001334351,-0.005540999,1.02174,-0.9575098,0.2799546,0.06928539,1,0.5,1,0,0.5,-0.225496,0,0,0,1.260661,-0.8275759,0.5259387,-0.1962308,0,0,0,0,0.5,0.225496,0,0,0,1.22965,-0.8424136,0.5353683,0.06099267,0,0,1
9,0,2.228992E-05,-0.2255022,0,0,0,1.031917,-0.9336998,0.2780975,-0.2255359,1,0.5,0,0,-0.5000036,0.2254087,0,0,0,0.9361372,-0.9959707,-0.0515296,0.07339739,1,1,1,0,-0.5000868,-0.2255397,0,0,0,0.9733598,-0.9708087,-0.05028424,-0.234525,1,1,0,0,9.068934E-05,0.2255002,0,0,0,0.9961905,-0.9559949,0.2847837,0.07051254,1,0.5,1,0,0.5,-0.225496,0,0,0,1.238605,-0.8227003,0.532611,-0.1987203,0,0,0,0,0.5,0.225496,0,0,0,1.207193,-0.8378376,0.5424109,0.061795,0,0,1
10,0,7.694338E-05,-0.2255349,0,0,0,1.008322,-0.9315162,0.282484,-0.2290855,1,0.5,0,0,-0.5000612,0.2254151,0,0,0,0.910921,-0.9958225,-0.05249136,0.07471369,1,1,1,0,-0.4999876,-0.2256053,0,0,0,0.9487988,-0.9697875,-0.05106822,-0.2385461,1,1,0,0,1.934177E-05,0.2254563,0,0,0,0.9719763,-0.9545174,0.28942,0.07164267,1,0.5,1,0,0.5,-0.225496,0,0,0,1.217831,-0.8179074,0.5390518,-0.2011234,0,0,0,0,0.5,0.225496,0,0,0,1.186033,-0.8333331,0.5492183,0.06257056,0,0,1
11,0,5.620693E-05,-0.2255557,0,-0.005595832,-0.00675917,0.9556379,-0.9262698,0.2926938,-0.2373913,1,0.5,0,0,-0.4998719,0.2252941,0,0.007462504,-0.02136008,0.8544346,-0.9954807,-0.05454073,0.07774027,1,1,1,0,-0.4999703,-0.2256812,0,-0.00357628,-0.01710952,0.8938853,-0.9673059,-0.0530677,-0.2479983,1,1,0,0,3.443733E-05,0.2254692,0,0.001605532,-0.003936143,0.9179486,-0.9508902,0.3004583,0.07438153,1,0.5,1,0,0.5,-0.225496,0,0,0,1.171763,-0.8065217,0.5539061,-0.2066656,0,0,0,0,0.5,0.225496,0,0,0,1.139071,-0.8226082,0.5649541,0.06436328,0,0,1
12,0,0.0001076057,-0.2253705,0,0.002569937,0.009259585,0.9331236,-0.923861,0.2973279,-0.2409914,1,0.5,0,0,-0.4999635,0.2257172,0,-0.004582109,0.02115444,0.8302786,-0.9952855,-0.0556,0.07946997,1,1,1,0,-0.499919,-0.2252877,0,0.002564491,0.01967476,0.8702855,-0.9662271,-0.05394423,-0.2519823,1,1,0,0,6.452917E-05,0.2255936,0,0.001504593,0.006220492,0.8948748,-0.9491942,0.30545,0.07570113,1,0.5,1,0,0.5,-0.225496,0,0,0,1.152222,-0.8013493,0.5604573,-0.2091099,0,0,0,0,0.5,0.225496,0,0,0,1.119136,-0.8177246,0.5719101,0.06515575,0,0,1
13,0,0.0001074858,-0.2256018,0,-5.995028E-06,-0.0115648,0.9029911,-0.9203687,0.3037136,-0.2463322,1,0.5,0,0,-0.5000046,0.2253456,0,-0.002057851,-0.01857878,0.7976711,-0.9950665,-0.05702882,0.08118054,1,1,1,0,-0.4999933,-0.2256118,0,-0.003716351,-0.01620427,0.8387674,-0.9645208,-0.05526974,-0.2581567,1,1,0,0,4.282261E-05,0.2253932,0,-0.001085329,-0.01002103,0.8638167,-0.9468054,0.3123901,0.07727811,1,0.5,1,0,0.5,-0.225496,0,0,0,1.126106,-0.7940869,0.5694587,-0.2124684,0,0,0,0,0.5,0.225496,0,0,0,1.092476,-0.810856,0.5814843,0.0662465,0,0,1
14,0,2.692049E-05,-0.2255689,0,-0.00254657,-0.004849585,0.8711202,-0.9164799,0.3107145,-0.252034,1,0.5,0,0,-0.4999265,0.2254283,0,0.003820659,-0.002445281,0.7631841,-0.994791,-0.05852394,0.08346238,1,1,1,0,-0.5000547,-0.2255458,0,-0.00217557,-0.002628566,0.8053504,-0.9626565,-0.05673163,-0.264715,1,1,0,0,-6.264425E-06,0.2254924,0,-0.004832329,-0.004138799,0.8310347,-0.9440807,0.3200471,0.07925595,1,0.5,1,0,0.5,-0.225496,0,0,0,1.098717,-0.7860076,0.5792143,-0.2161082,0,0,0,0,0.5,0.225496,0,0,0,1.0645,-0.8031987,0.5918825,0.06743114,0,0,1
15,0,4.994004E-05,-0.2255479,0,-0.0009157651,-0.0008642677,0.8396327,-0.9123155,0.3180349,-0.2579422,1,0.5,0,0,-0.5000168,0.2256341,0,0.0002563001,0.00925139,0.7289553,-0.994477,-0.06022742,0.08595441,1,1,1,0,-0.4999539,-0.2253561,0,0.002217294,0.008539114,0.7721769,-0.9606901,-0.05813177,-0.2714686,1,1,0,0,1.931147E-05,0.2254995,0,-0.001979774,-0.002820046,0.7985826,-0.9411552,0.3280649,0.08124202,1,0.5,1,0,0.5,-0.225496,0,0,0,1.071794,-0.7775621,0.5891356,-0.2198099,0,0,0,0,0.5,0.225496,0,0,0,1.036977,-0.7951762,0.6024812,0.06863862,0,0,1
16,0,5.480267E-05,-0.2254913,0,0.004352769,-0.002812595,0.8101425,-0.9081335,0.3251973,-0.2637051,1,0.5,0,0,-0.500045,0.2253357,0,-0.0006914142,-0.01813249,0.696731,-0.9941953,-0.06187272,0.0880195,1,1,1,0,-0.4999388,-0.225579,0,0.004506113,-0.01337603,0.7411602,-0.9586066,-0.05957232,-0.2784322,1,1,0,0,6.119566E-05,0.2255395,0,0.002359054,-0.0009372834,0.7681693,-0.9381905,0.3359655,0.08322196,1,0.5,1,0,0.5,-0.225496,0,0,0,1.046748,-0.7692165,0.5986753,-0.2233692,0,0,0,0,0.5,0.225496,0,0,0,1.011354,-0.7872306,0.6126955,0.06980229,0,0,1
17,0,2.753197E-05,-0.2254642,0,-0.001691456,0.003760309,0.78104,-0.9037017,0.3325638,-0.2696747,1,0.5,0,0,-0.5000266,0.2256469,0,-0.001186133,0.0167653,0.6648432,-0.9938488,-0.06355074,0.09069625,1,1,1,0,-0.500035,-0.225357,0,-0.001867116,0.01679809,0.7103598,-0.9564742,-0.0611678,-0.2853341,1,1,0,0,7.225381E-05,0.2255424,0,0.003531916,0.004912915,0.7381014,-0.935043,0.3441336,0.08524539,1,0.5,1,0,0.5,-0.225496,0,0,0,1.02219,-0.7605346,0.6083341,-0.226973,0,0,0,0,0.5,0.225496,0,0,0,0.9862112,-0.7789459,0.6230608,0.07098318,0,0,1
18,0,0.0001340797,-0.2255421,0,0.006979784,-0.006010386,0.7502326,-0.8985757,0.3408439,-0.2763823,1,0.5,0,0,-0.5000035,0.2255017,0,0.001174212,-0.005121531,0.6307957,-0.993485,-0.06544375,0.09329865,1,1,1,0,-0.4998675,-0.2254879,0,0.008587543,-0.003557654,0.6776714,-0.9539406,-0.06272332,-0.2933652,1,1,0,0,-5.562506E-07,0.2254726,0,-0.001226165,-0.006473812,0.7061061,-0.9314509,0.3532023,0.08744889,1,0.5,1,0,0.5,-0.225496,0,0,0,0.9963073,-0.7508007,0.6188568,-0.2308991,0,0,0,0,0.5,0.225496,0,0,0,0.9596908,-0.7696346,0.6343809,0.07227284,0,0,1
19,0,0.000173259,-0.2254569,0,0.005785328,0.003536792,0.720901,-0.8933598,0.3490646,-0.2829525,1,0.5,0,0,-0.4999765,0.2254902,0,8.04663E-05,0.00108406,0.5982877,-0.9930949,-0.0673562,0.09604967,1,1,1,0,-0.4998702,-0.2255421,0,0.007507208,-0.004483016,0.6465126,-0.9513231,-0.06443033,-0.3013853,1,1,0,0,2.900499E-05,0.2254499,0,-0.002628448,-0.000230223,0.6756936,-0.9277111,0.362364,0.08969167,1,0.5,1,0,0.5,-0.225496,0,0,0,0.9718963,-0.7410195,0.6291204,-0.2347285,0,0,0,0,0.5,0.225496,0,0,0,0.934657,-0.7602542,0.6454505,0.07353395,0,0,1
20,0,1.644116E-05,-0.2255057,0,-0.007840895,-0.002439321,0.7057824,-0.8905424,0.3533112,-0.2865407,1,0.5,0,0,-0.4999,0.2255384,0,0.003823639,0.002413989,0.5815021,-0.9928787,-0.06833091,0.09758507,1,1,1,0,-0.4999188,-0.2254783,0,-0.00242889,0.003191085,0.6304275,-0.9499064,-0.0653901,-0.3056174,1,1,0,0,2.888401E-05,0.2255251,0,-6.049052E-06,0.003760309,0.6600358,-0.9256613,0.3672549,0.09096713,1,0.5,1,0,0.5,-0.225496,0,0,0,0.9594145,-0.7357748,0.634501,-0.236736,0,0,0,0,0.5,0.225496,0,0,0,0.9218483,-0.7552144,0.651265,0.07419638,0,0,1
21,0,4.356715E-05,-0.2254413,0,-0.0009448395,0.0038974,0.6773621,-0.8848559,0.3618628,-0.2934027,1,0.5,0,0,-0.5000197,0.2256121,0,-0.006118419,0.01344458,0.5497483,-0.9924244,-0.07051188,0.100607,1,1,1,0,-0.4999709,-0.2253688,0,-0.001251698,0.01485572,0.6000409,-0.9470519,-0.06724381,-0.31396,1,1,0,0,5.850842E-05,0.2254917,0,0.0005207873,0.003080071,0.6304835,-0.9215489,0.3768817,0.0933156,1,0.5,1,0,0.5,-0.225496,0,0,0,0.9360299,-0.7254695,0.6448334,-0.2405911,0,0,0,0,0.5,0.225496,0,0,0,0.8978355,-0.7452922,0.6624528,0.07547097,0,0,1
22,0,0.000112444,-0.2254811,0,0.005467785,0.0007614496,0.6477958,-0.8783961,0.3712441,-0.3009952,1,0.5,0,0,-0.4999131,0.2254017,0,0.007699433,-0.01258478,0.5164049,-0.9919466,-0.07272016,0.1037005,1,1,1,0,-0.4999597,-0.2256449,0,0.001226366,-0.0189215,0.5683851,-0.9436854,-0.06922573,-0.3235209,1,1,0,0,-4.588012E-06,0.2254564,0,-0.002201169,-0.004406275,0.5995905,-0.9169044,0.3874128,0.09590515,1,0.5,1,0,0.5,-0.225496,0,0,0,0.9118603,-0.714107,0.6558722,-0.2447098,0,0,0,0,0.5,0.225496,0,0,0,0.8729937,-0.7343219,0.6744387,0.07683647,0,0,1
23,0,4.738057E-05,-0.2256394,0,1.587833E-05,-0.007904324,0.6191111,-0.8715944,0.3807016,-0.3088517,1,0.5,0,0,-0.499931,0.2254586,0,0.001598895,-0.01184717,0.4838769,-0.9913952,-0.07514253,0.1071868,1,1,1,0,-0.500029,-0.225523,0,-0.00676811,-0.01093895,0.5374454,-0.9402046,-0.07135703,-0.3330517,1,1,0,0,5.794272E-05,0.2254349,0,-6.672238E-06,-0.004517289,0.5696113,-0.9119303,0.3983297,0.0985731,1,0.5,1,0,0.5,-0.225496,0,0,0,0.8886216,-0.7024311,0.6668484,-0.248805,0,0,0,0,0.5,0.225496,0,0,0,0.8490856,-0.7230164,0.6863909,0.07819815,0,0,1
24,0,4.523221E-05,-0.2254422,0,0.0005922919,0.006911906,0.5895524,-0.8640468,0.3910277,-0.3170496,1,0.5,0,0,-0.4999948,0.2255969,0,-0.000804663,0.01009405,0.4502134,-0.9907503,-0.07787172,0.1111296,1,1,1,0,-0.5000067,-0.2253058,0,0.001084805,0.01813696,0.5054814,-0.9362921,-0.07360329,-0.3434234,1,1,0,0,7.612436E-05,0.2255843,0,0.003042099,0.007045272,0.5387341,-0.9063188,0.4101879,0.1016471,1,0.5,1,0,0.5,-0.225496,0,0,0,0.8649627,-0.6897069,0.6784068,-0.2531175,0,0,0,0,0.5,0.225496,0,0,0,0.8247207,-0.7106587,0.6990153,0.0796364,0,0,1
25,0,0.0001729606,-0.2254757,0,0.007139837,0.003952534,0.5621434,-0.8562779,0.4012386,-0.3252628,1,0.5,0,0,-0.5000609,0.2255118,0,-0.005474689,0.002828242,0.4185802,-0.990104,-0.08062542,0.114864,1,1,1,0,-0.4999008,-0.2255691,0,0.005678835,-0.002760441,0.4757311,-0.9321112,-0.07573894,-0.3541642,1,1,0,0,-9.359384E-06,0.2255431,0,-0.007153237,0.002980978,0.5098412,-0.9006267,0.4218392,0.1045145,1,0.5,1,0,0.5,-0.225496,0,0,0,0.8431364,-0.6771389,0.6894311,-0.2572308,0,0,0,0,0.5,0.225496,0,0,0,0.8022201,-0.6984149,0.7110933,0.08101241,0,0,1
26,0,5.179096E-05,-0.2255575,0,-0.0004700365,-0.007284435,0.5349089,-0.8479558,0.4116805,-0.3339014,1,0.5,0,0,-0.5000083,0.2255835,0,0.001370907,-0.0008888546,0.3869788,-0.9893776,-0.08343862,0.1190372,1,1,1,0,-0.4998844,-0.2254984,0,0.005656483,-0.002577157,0.4460097,-0.9276406,-0.07810113,-0.3652165,1,1,0,0,9.123763E-05,0.2254799,0,0.003845506,-0.003393741,0.4812166,-0.894356,0.4342479,0.1074991,1,0.5,1,0,0.5,-0.225496,0,0,0,0.8217223,-0.6639496,0.700601,-0.2613983,0,0,0,0,0.5,0.225496,0,0,0,0.7801217,-0.6855262,0.7233687,0.08241092,0,0,1
27,0,-6.115538E-05,-0.2255962,0,-0.00649534,-0.007746372,0.5012672,-0.8366005,0.4253998,-0.3451588,1,0.5,0,0,-0.4999155,0.2254342,0,0.00229329,-0.00351444,0.3474994,-0.9883909,-0.08721597,0.1244062,1,1,1,0,-0.4999874,-0.2255578,0,-0.0001937152,-0.003469737,0.4091533,-0.9213635,-0.08138055,-0.3800875,1,1,0,0,-2.501648E-05,0.2254419,0,-0.004901092,-0.006475302,0.4456469,-0.885807,0.4504588,0.1115024,1,0.5,1,0,0.5,-0.225496,0,0,0,0.7955767,-0.6465543,0.7147396,-0.2666735,0,0,0,0,0.5,0.225496,0,0,0,0.7531085,-0.6684662,0.7389624,0.08418744,0,0,1
28,0,2.51814E-05,-0.2254059,0,-0.0009064071,0.003422798,0.4739454,-0.8263705,0.437422,-0.3546461,1,0.5,0,0,-0.5000052,0.2255911,0,-0.005759301,0.01264662,0.3151032,-0.9874083,-0.09079248,0.1295432,1,1,1,0,-0.5000122,-0.2253246,0,-0.002899767,0.01908541,0.3789163,-0.9157183,-0.08420843,-0.3928981,1,1,0,0,9.994103E-05,0.2255635,0,0.002535373,-7.450583E-06,0.4167725,-0.8779056,0.4647826,0.1151469,1,0.5,1,0,0.5,-0.225496,0,0,0,0.7746021,-0.6314439,0.7265013,-0.2710619,0,0,0,0,0.5,0.225496,0,0,0,0.7314107,-0.6535916,0.751983,0.08567084,0,0,1
29,0,2.863701E-05,-0.2254556,0,0,0,0.4606016,-0.8209607,0.4435019,-0.3596242,1,0.5,0,0,-0.4999983,0.2255498,0,0,0,0.2990819,-0.9869027,-0.09260412,0.1320889,1,1,1,0,-0.5000539,-0.2254224,0,0,0,0.3641273,-0.9126157,-0.08569795,-0.3997355,1,1,0,0,9.460749E-05,0.2254699,0,0,0,0.4025497,-0.8737648,0.472101,0.1168577,1,0.5,1,0,0.5,-0.225496,0,0,0,0.7644204,-0.6236977,0.7323514,-0.2732446,0,0,0,0,0.5,0.225496,0,0,0,0.7208688,-0.6459466,0.7584763,0.08641059,0,0,1
30,0,4.008363E-05,-0.2254689,0,-0.004190518,-0.0003300608,0.4284557,-0.8068382,0.4588696,-0.3720898,1,0.5,0,0,-0.5000429,0.2256449,0,-0.001895428,0.00510514,0.260141,-0.9854929,-0.09740683,0.1389806,1,1,1,0,-0.5000679,-0.2254061,0,-0.007186833,-0.001480431,0.3282285,-0.9044769,-0.0894293,-0.417042,1,1,0,0,1.02815E-05,0.2255782,0,-0.001966202,0.003643335,0.368218,-0.8628173,0.490672,0.1216033,1,0.5,1,0,0.5,-0.225496,0,0,0,0.7401671,-0.6040424,0.7466735,-0.2785883,0,0,0,0,0.5,0.225496,0,0,0,0.6957326,-0.6264892,0.7744206,0.08822708,0,0,1
31,0,-2.844215E-06,-0.2254764,0,-0.001479796,0.005719068,0.4024748,-0.7941298,0.4720322,-0.38281,1,0.5,0,0,-0.5000334,0.2255517,0,8.344654E-05,0.009612743,0.2281863,-0.9842016,-0.1016682,0.1449515,1,1,1,0,-0.5000026,-0.2254487,0,0.002729894,0.01160801,0.2990271,-0.8969433,-0.09261591,-0.4323366,1,1,0,0,6.587818E-05,0.2254371,0,0.01003237,0.001123548,0.3404061,-0.8527807,0.5069762,0.1254598,1,0.5,1,0,0.5,-0.225496,0,0,0,0.7208508,-0.5870349,0.7584874,-0.2829961,0,0,0,0,0.5,0.225496,0,0,0,0.6756865,-0.6095861,0.787625,0.0897314,0,0,1
32,0,6.130069E-05,-0.2254519,0,0,0,0.3898173,-0.7874081,0.4788189,-0.3882279,1,0.5,0,0,-0.4999521,0.2255183,0,0,0,0.2123992,-0.9835067,-0.1038072,0.1481168,1,1,1,0,-0.4999721,-0.2255536,0,0,0,0.284722,-0.8928632,-0.09426533,-0.4403516,1,1,0,0,4.49964E-05,0.2255487,0,0,0,0.3267795,-0.847444,0.5153067,0.1276625,1,0.5,1,0,0.5,-0.225496,0,0,0,0.7115086,-0.578328,0.7643363,-0.2851783,0,0,0,0,0.5,0.225496,0,0,0,0.6659824,-0.6009091,0.7941801,0.09047821,0,0,1
33,0,9.141652E-05,-0.2255594,0,0.005206156,-0.001487882,0.3537276,-0.7662042,0.4990952,-0.4047654,1,0.5,0,0,-0.4999359,0.2254137,0,0.00357926,-0.01071468,0.1666815,-0.9811727,-0.1109014,0.158117,1,1,1,0,-0.5000076,-0.2256217,0,-0.004917385,-0.01211241,0.2435168,-0.879778,-0.09953727,-0.4648471,1,1,0,0,2.281085E-06,0.2254701,0,-0.002231932,-0.00395924,0.2877104,-0.8304191,0.5408108,0.1338945,1,0.5,1,0,0.5,-0.225496,0,0,0,0.6852127,-0.5519091,0.7812943,-0.2915055,0,0,0,0,0.5,0.225496,0,0,0,0.6386356,-0.5744856,0.813254,0.09265123,0,0,1
34,0,1.732609E-05,-0.2254404,0,0.003376991,0.001353771,0.3290406,-0.7498813,0.5138679,-0.4166748,1,0.5,0,0,-0.4998719,0.2256022,0,0.01028926,0.004363807,0.1348996,-0.9791817,-0.1163522,0.166329,1,1,1,0,-0.5000554,-0.2253171,0,0.001215935,0.00619814,0.2149942,-0.8694925,-0.1035748,-0.4829649,1,1,0,0,0.0001537492,0.2255556,0,0.007602339,0.001988561,0.2610766,-0.8168456,0.5599355,0.1386925,1,0.5,1,0,0.5,-0.225496,0,0,0,0.6676182,-0.5324361,0.7930675,-0.2958981,0,0,0,0,0.5,0.225496,0,0,0,0.6203097,-0.5549198,0.8265572,0.09416682,0,0,1
35,0,9.105222E-05,-0.2255437,0,-0.003105934,-0.0038296,0.3013911,-0.7289653,0.5316892,-0.4311798,1,0.5,0,0,-0.5000222,0.2252962,0,0.0003516675,0.0004224481,0.09819752,-0.9765777,-0.1237421,0.1760224,1,1,1,0,-0.4999611,-0.2256093,0,-0.001977385,0.003080071,0.1827809,-0.8555986,-0.1083233,-0.5061789,1,1,0,0,1.025339E-06,0.2254771,0,-0.003349689,-0.003285707,0.2306682,-0.7995235,0.5830294,0.144357,1,0.5,1,0,0.5,-0.225496,0,0,0,0.6480929,-0.508832,0.806555,-0.3009304,0,0,0,0,0.5,0.225496,0,0,0,0.5999451,-0.531105,0.8418602,0.09591024,0,0,1
36,0,1.979854E-05,-0.225473,0,-0.0003800598,-0.001066179,0.2774836,-0.7087379,0.5479469,-0.4443476,1,0.5,0,0,-0.500019,0.2255471,0,-0.005680325,-0.002321602,0.06591105,-0.9737079,-0.1307961,0.1865084,1,1,1,0,-0.4999095,-0.2254394,0,0.003552438,-0.004745277,0.1545436,-0.841857,-0.1129176,-0.5277562,1,1,0,0,9.744806E-06,0.2254754,0,-0.004187434,-0.002504141,0.2044471,-0.7822192,0.6047434,0.149728,1,0.5,1,0,0.5,-0.225496,0,0,0,0.6315829,-0.4869569,0.8183228,-0.305321,0,0,0,0,0.5,0.225496,0,0,0,0.5827011,-0.508942,0.8552684,0.09743778,0,0,1
37,0,8.672275E-05,-0.2254899,0,0.001687657,-0.002543629,0.2543569,-0.6864436,0.5648344,-0.4579926,1,0.5,0,0,-0.5000844,0.2255239,0,-0.005120041,0.0007681552,0.03363371,-0.9703724,-0.1388301,0.1977459,1,1,1,0,-0.4999317,-0.2255227,0,0.001353026,0.002704562,0.1268916,-0.8260176,-0.1179338,-0.5511683,1,1,0,0,1.464321E-05,0.2255944,0,-0.001456867,0.005974623,0.1788076,-0.7628427,0.6275926,0.1555586,1,0.5,1,0,0.5,-0.225496,0,0,0,0.6157888,-0.4640873,0.8299062,-0.3096428,0,0,0,0,0.5,0.225496,0,0,0,0.5661832,-0.4856796,0.8685187,0.09894735,0,0,1
38,0,-7.349518E-05,-0.2255062,0,-0.00791767,0.003765525,0.2309387,-0.6610694,0.5827117,-0.4726884,1,0.5,0,0,-0.4998544,0.2255646,0,0.004658105,0.0123851,8.177757E-05,-0.9662444,-0.1476847,0.2110947,1,1,1,0,-0.500001,-0.2253538,0,-0.0001952053,0.01219735,0.09852219,-0.8073238,-0.1236394,-0.5770108,1,1,0,0,0.0002114651,0.2255409,0,0.00381904,0.006802383,0.1529001,-0.7400845,0.6527974,0.1616494,1,0.5,1,0,0.5,-0.225496,0,0,0,0.6001486,-0.4392145,0.8417045,-0.3140449,0,0,0,0,0.5,0.225496,0,0,0,0.5498042,-0.4602774,0.8820692,0.1004911,0,0,1
39,0,8.738106E-05,-0.2254998,0,0.003022313,0.0019826,0.2098448,-0.6346596,0.6002542,-0.4867258,1,0.5,0,0,-0.5000353,0.225499,0,-0.007057193,0.003846736,-0.03141662,-0.9614294,-0.1579981,0.2251446,1,1,1,0,-0.499928,-0.2255711,0,0.002279879,-0.0003643335,0.07257652,-0.7868116,-0.1291146,-0.603537,1,1,0,0,6.241865E-05,0.2255357,0,0.002711372,0.001565368,0.1289881,-0.7162454,0.6773775,0.1677865,1,0.5,1,0,0.5,-0.225496,0,0,0,0.5861872,-0.4147626,0.8525234,-0.3180814,0,0,0,0,0.5,0.225496,0,0,0,0.535164,-0.4352063,0.8945442,0.1019123,0,0,1
40,0,9.099097E-05,-0.225504,0,0.0001804955,-0.0002093614,0.1993966,-0.6203257,0.6092266,-0.4940029,1,0.5,0,0,-0.4999833,0.2256388,0,0.002600254,0.006990883,-0.04738304,-0.9585449,-0.1634567,0.2333956,1,1,1,0,-0.4999835,-0.225429,0,-0.002779068,0.007104131,0.05948532,-0.7754514,-0.132235,-0.617405,1,1,0,0,6.980821E-05,0.2255417,0,0.000369478,0.0002995135,0.1171739,-0.7029684,0.6903562,0.1710081,1,0.5,1,0,0.5,-0.225496,0,0,0,0.5793853,-0.4019451,0.8578957,-0.3200859,0,0,0,0,0.5,0.225496,0,0,0,0.5280246,-0.4220266,0.9007567,0.1026201,0,0,1
41,0,8.422633E-05,-0.2254915,0,-0.0008231327,-0.001914055,0.1792448,-0.5897377,0.6272911,-0.5086406,1,0.5,0,0,-0.5000041,0.2254843,0,0.001031161,-0.008327518,-0.07920921,-0.9519606,-0.1758691,0.250681,1,1,1,0,-0.4999839,-0.2255576,0,-0.001464785,-0.009322915,0.03417695,-0.7498943,-0.1385008,-0.6468972,1,1,0,0,9.65068E-05,0.2255304,0,0.001217827,-0.001580269,0.09426951,-0.674065,0.7170088,0.17758,1,0.5,1,0,0.5,-0.225496,0,0,0,0.566445,-0.3756183,0.8683054,-0.3239698,0,0,0,0,0.5,0.225496,0,0,0,0.5144293,-0.3948784,0.9128285,0.1039954,0,0,1
42,0,6.250163E-05,-0.2255052,0,0.0007204618,-0.0001899899,0.1603594,-0.5567526,0.6451979,-0.5232077,1,0.5,0,0,-0.4999655,0.2254606,0,0.006599727,0.003112109,-0.1104305,-0.9437516,-0.1898646,0.2707106,1,1,1,0,-0.4999997,-0.225467,0,-0.0004991891,0.003828855,0.009896994,-0.7210414,-0.1451267,-0.6775231,1,1,0,0,0.0001003221,0.2254773,0,0.005093957,0.0003054739,0.07258928,-0.6420952,0.744164,0.1842111,1,0.5,1,0,0.5,-0.225496,0,0,0,0.5545212,-0.3486481,0.8781236,-0.3276331,0,0,0,0,0.5,0.225496,0,0,0,0.5018867,-0.3669645,0.9242562,0.1052973,0,0,1
43,0,0.0001167473,-0.2254902,0,-0.001554042,-0.009865317,0.1429523,-0.5215532,0.6627501,-0.5373496,1,0.5,0,0,-0.5000149,0.2254672,0,-0.001157821,-0.011345,-0.1407642,-0.9334646,-0.2060343,0.2935877,1,1,1,0,-0.4999357,-0.2256202,0,-0.002904237,-0.01342372,-0.01279515,-0.688281,-0.1517549,-0.7093939,1,1,0,0,4.429407E-05,0.2254675,0,-0.000357176,-0.007545951,0.05234581,-0.6071085,0.7713361,0.1909446,1,0.5,1,0,0.5,-0.225496,0,0,0,0.5436916,-0.3212959,0.8872352,-0.3310326,0,0,0,0,0.5,0.225496,0,0,0,0.4904818,-0.3385563,0.9348986,0.1065098,0,0,1
44,0,6.85608E-05,-0.2254644,0,0.0008828381,0.003757329,0.126842,-0.4840117,0.6797065,-0.5511187,1,0.5,0,0,-0.5000151,0.2255323,0,-0.00256002,0.007103386,-0.1703545,-0.9203792,-0.2245293,0.3201386,1,1,1,0,-0.5000084,-0.2254798,0,-0.00281185,0.003306569,-0.03429154,-0.6514781,-0.1589157,-0.741837,1,1,0,0,6.992951E-05,0.2255203,0,0.002119081,-3.129245E-05,0.03359252,-0.5685965,0.798493,0.1977545,1,0.5,1,0,0.5,-0.225496,0,0,0,0.5338734,-0.2934584,0.8956609,-0.3341763,0,0,0,0,0.5,0.225496,0,0,0,0.4801307,-0.3095494,0.9447719,0.1076346,0,0,1
45,0,4.692068E-05,-0.2255318,0,0.0003556426,-0.003927947,0.1116462,-0.4423478,0.6965578,-0.564921,1,0.5,0,0,-0.5000143,0.2255176,0,0.0005453827,0.00223741,-0.2003085,-0.9027962,-0.2469683,0.3520876,1,1,1,0,-0.5000021,-0.2255059,0,-0.006455185,0.004649909,-0.05496791,-0.6079569,-0.166285,-0.7763619,1,1,0,0,5.33222E-05,0.2254903,0,0.0008471406,-0.002915413,0.01560891,-0.5247394,0.826311,0.2045937,1,0.5,1,0,0.5,-0.225496,0,0,0,0.5247177,-0.264034,0.9036635,-0.3371621,0,0,0,0,0.5,0.225496,0,0,0,0.4704681,-0.2787936,0.9541787,0.1087063,0,0,1
46,0,1.816722E-05,-0.2255347,0,0.003424063,7.003549E-05,0.09674221,-0.3937713,0.7139066,-0.5790352,1,0.5,0,0,-0.4999766,0.2255949,0,-0.001867116,0.002207608,-0.2319731,-0.876703,-0.2760046,0.3939714,1,1,1,0,-0.500034,-0.225379,0,0.005576017,0.004638733,-0.07575563,-0.5538787,-0.1745079,-0.814104,1,1,0,0,2.251395E-05,0.2254284,0,-0.006830198,2.905728E-05,-0.002178878,-0.4720168,0.8557743,0.2117796,1,0.5,1,0,0.5,-0.225496,0,0,0,0.5159031,-0.2313015,0.9115043,-0.3400875,0,0,0,0,0.5,0.225496,0,0,0,0.4611561,-0.2444764,0.9634231,0.1097595,0,0,1
47,-2.068799E-05,-1.551234E-08,-0.2252964,-0.0010344,-0.001562418,0.01610965,0.08226812,-0.3362401,0.7316217,-0.5930196,1,0.5,0,-0.01900527,-0.4996393,0.225694,-0.860964,0.04192294,-0.02723933,-0.2495632,-0.8575675,-0.2940433,0.4220387,1,1,1,-2.079804E-05,-0.5000549,-0.2248858,-0.001039902,-0.001299382,0.03614725,-0.09656361,-0.485286,-0.1835603,-0.8548703,1,1,0,3.124757E-05,-6.173931E-05,0.2256497,0.001562379,-0.005831762,0.0120923,-0.01948416,-0.407333,0.8864188,0.2198674,1,0.5,1,0,0.5,-0.225496,0,0,0,0.5075544,-0.1942934,0.9190571,-0.3429056,0,0,0,0,0.5,0.225496,0,0,0,0.4523276,-0.2055608,0.9723545,0.110777,0,0,1
48,0.0006181995,-0.000242185,-0.2255542,0.03194439,-0.01210848,-0.01288802,0.07630622,-0.3077281,0.7387701,-0.5996017,1,0.5,0,-0.05217329,-0.4978435,0.2236872,-1.658402,0.08978847,-0.1003437,-0.2375583,-0.8769078,-0.2737504,0.3950866,1,1,1,-0.0007280092,-0.500154,-0.2243541,-0.03536057,-0.004953148,0.02658443,-0.1050199,-0.4524072,-0.187741,-0.8718263,1,1,0,-0.0009011665,-0.0004801695,0.225439,-0.04662072,-0.02092152,-0.01053885,-0.02652645,-0.3777719,0.8987193,0.2226924,1,0.5,1,0,0.5,-0.225496,0,0,0,0.5042483,-0.177211,0.9220827,-0.3440345,0,0,0,0,0.5,0.225496,0,0,0,0.4488291,-0.1875616,0.9759398,0.1111855,0,0,1
49,0.005270882,-0.0003396206,-0.2255745,0.1552799,-0.008801684,-0.008522723,0.06585091,-0.2472809,0.7522483,-0.6107166,1,0.5,0,-0.0795036,-0.4952606,0.2209893,-0.6294145,0.06181302,-0.08884747,-0.244099,-0.8780683,-0.2706539,0.3946421,1,1,1,-0.005607607,-0.5002235,-0.2239315,-0.1635781,-0.0001102686,-0.01294092,-0.1171953,-0.3939413,-0.193894,-0.8984516,1,1,0,-0.00733769,-0.00046786,0.2253314,-0.2099167,-4.185278E-05,-0.01705588,-0.03584644,-0.3286254,0.9167917,0.2269323,1,0.5,1,0,0.5,-0.225496,0,0,0,0.498962,-0.1453459,0.9269622,-0.345855,0,0,0,0,0.5,0.225496,0,0,0,0.4432322,-0.1539335,0.9817307,0.1118452,0,0,1
50,0.01409594,-0.0002709649,-0.2245349,0.2060915,-0.0006334073,0.03285186,0.05630106,-0.175404,0.7652853,-0.6193317,1,0.5,0,-0.1089697,-0.4920978,0.2172688,-0.9373408,0.113529,-0.1198113,-0.249973,-0.882477,-0.2643628,0.389033,1,1,1,-0.01681585,-0.4994334,-0.2242395,-0.3159798,0.02307148,0.008898232,-0.1252964,-0.342909,-0.1959774,-0.9186982,1,1,0,-0.0210017,0.0001733673,0.2251494,-0.3761228,0.02270229,-0.007877502,-0.04143396,-0.289326,0.9293609,0.2293004,1,0.5,1,0,0.5,-0.225496,0,0,0,0.4946429,-0.1122748,0.9309874,-0.3473568,0,0,0,0,0.5,0.225496,0,0,0,0.4386567,-0.1189715,0.9865162,0.1123904,0,0,1
51,0.01764363,-0.0002795183,-0.2238631,0.05268494,-0.008897521,0.02716706,0.05046916,-0.1080335,0.7733775,-0.6246727,1,0.5,0,-0.1485187,-0.486315,0.2093389,-1.031845,0.1666353,-0.1715311,-0.2499423,-0.9023172,-0.2412042,0.3572731,1,1,1,-0.03255843,-0.4977666,-0.2264631,-0.4292093,0.04156978,-0.02126695,-0.1295747,-0.2960683,-0.193741,-0.9353117,1,1,0,-0.03694602,0.0009411324,0.2238167,-0.4011615,0.03024407,-0.02211855,-0.04605502,-0.2512612,0.940513,0.2286989,1,0.5,1,0,0.5,-0.225496,0,0,0,0.4913576,-0.07778499,0.9340727,-0.348508,0,0,0,0,0.5,0.225496,0,0,0,0.4351747,-0.08245811,0.9901893,0.1128089,0,0,1
52,0.01228309,-0.000276211,-0.2234766,-0.1850691,-0.002102808,0.01199171,0.04798013,-0.0595624,0.7768964,-0.6268048,1,0.5,0,-0.1844213,-0.4795371,0.2040564,-0.8386496,0.1654775,-0.08601625,-0.2499399,-0.9171528,-0.2140969,0.3361449,1,1,1,-0.05433625,-0.4958489,-0.2276912,-0.5885624,0.04950317,-0.01690463,-0.1317334,-0.2695285,-0.1896695,-0.9441291,1,1,0,-0.04950846,0.001830585,0.2233422,-0.276523,0.02571444,-0.003923477,-0.04984921,-0.2097754,0.9504161,0.2295723,1,0.5,1,0,0.5,-0.225496,0,0,0,0.4893743,-0.04540455,0.9359451,-0.3492066,0,0,0,0,0.5,0.225496,0,0,0,0.433072,-0.0481443,0.9924207,0.1130631,0,0,1
53,-0.00290259,-0.0007140548,-0.2238982,-0.4475112,-0.002434688,-0.02513752,0.04715902,-0.02883061,0.777262,-0.6285161,1,0.5,0,-0.2184348,-0.4708828,0.2036662,-0.8561123,0.2180726,-0.005880001,-0.249965,-0.9250991,-0.1795061,0.3346178,1,1,1,-0.08505652,-0.4939519,-0.2267618,-0.831278,0.06085189,0.003848972,-0.133324,-0.2670719,-0.1853185,-0.94569,1,1,0,-0.05865739,0.002556049,0.2237632,-0.2274173,0.01575696,0.008431081,-0.05329698,-0.1601281,0.9593758,0.2322868,1,0.5,1,0,0.5,-0.225496,0,0,0,0.4884378,-0.01302291,0.9368319,-0.3495374,0,0,0,0,0.5,0.225496,0,0,0,0.4320789,-0.01381035,0.9934781,0.1131836,0,0,1
54,-0.02247849,-0.0002707902,-0.2239315,-0.501047,0.01618345,0.004738571,0.04730344,-0.004771663,0.7778669,-0.6284111,1,0.5,0,-0.2518609,-0.4620653,0.2059881,-0.8247863,0.2125175,0.06677139,-0.2499683,-0.9278581,-0.1442431,0.3439088,1,1,1,-0.1275858,-0.4890821,-0.226909,-1.134388,0.1536042,-0.02146439,-0.1313151,-0.2921704,-0.1711004,-0.9409363,1,1,0,-0.07280603,0.004496566,0.2242594,-0.4005218,0.05440586,0.01134873,-0.05390599,-0.1186725,0.9650356,0.2337162,1,0.5,1,0,0.5,-0.225496,0,0,0,0.4885536,0.02009698,0.9367221,-0.3494965,0,0,0,0,0.5,0.225496,0,0,0,0.4322017,0.02131185,0.9933472,0.1131686,0,0,1
55,-0.04518227,0.001722621,-0.2243177,-0.583389,0.06160517,-0.003547223,0.04913849,0.01310045,0.7788976,-0.6270143,1,0.5,0,-0.2845778,-0.45332,0.2085586,-0.8203465,0.2225534,0.08317831,-0.2499869,-0.9287574,-0.1092743,0.3542157,1,1,1,-0.1787755,-0.4801863,-0.2291888,-1.313193,0.2492071,-0.04136042,-0.1247058,-0.3368006,-0.1443837,-0.9304401,1,1,0,-0.09232283,0.008131431,0.2242314,-0.5080795,0.09836875,0.001942367,-0.0517478,-0.08911635,0.9684982,0.2325285,1,0.5,1,0,0.5,-0.225496,0,0,0,0.4897407,0.05291914,0.9355986,-0.3490773,0,0,0,0,0.5,0.225496,0,0,0,0.4334606,0.05610973,0.9920076,0.113016,0,0,1
56,-0.0720536,0.005007753,-0.224632,-0.7061514,0.09633245,-0.009461496,0.05200362,0.02355866,0.780806,-0.6243292,1,0.5,0,-0.3166227,-0.4436712,0.2125847,-0.8077133,0.2573089,0.1033187,-0.2499872,-0.9262113,-0.07068118,0.37032,1,1,1,-0.2319653,-0.46883,-0.2297804,-1.321721,0.2951474,-0.006601962,-0.1182115,-0.3847869,-0.1121824,-0.9161627,1,1,0,-0.1119287,0.0123282,0.2245409,-0.4763516,0.1122809,0.008165094,-0.04857731,-0.05952442,0.9709929,0.231581,1,0.5,1,0,0.5,-0.225496,0,0,0,0.4920073,0.0857434,0.9334609,-0.3482797,0,0,0,0,0.5,0.225496,0,0,0,0.4358634,0.09088727,0.9894606,0.1127259,0,0,1
57,-0.1018593,0.01029398,-0.2249804,-0.7559962,0.1532676,-0.008115175,0.05643547,0.02878168,0.7840873,-0.6199827,1,0.5,0,-0.3480082,-0.4330578,0.2175011,-0.7771361,0.2701224,0.1201809,-0.2499643,-0.9204038,-0.02822736,0.3899488,1,1,1,-0.2824239,-0.45593,-0.228128,-1.235527,0.3305272,0.04715996,-0.1137806,-0.4260516,-0.07749473,-0.9013737,1,1,0,-0.1299362,0.01696018,0.2251095,-0.4394552,0.1198729,0.01448468,-0.04458019,-0.02648479,0.9726414,0.230797,1,0.5,1,0,0.5,-0.225496,0,0,0,0.4953582,0.1184242,0.9303184,-0.3471072,0,0,0,0,0.5,0.225496,0,0,0,0.4394146,0.1254765,0.9857202,0.1122997,0,0,1
58,-0.1324491,0.01761519,-0.2253762,-0.75608,0.199608,-0.006058814,0.06249899,0.03209576,0.7886507,-0.6140032,1,0.5,0,-0.3791377,-0.4210111,0.2211485,-0.7646146,0.2974228,0.08554909,-0.2499405,-0.9143213,0.019951,0.4044978,1,1,1,-0.3283339,-0.4424028,-0.2266147,-1.114075,0.3467055,0.03415422,-0.1100838,-0.4560748,-0.04206754,-0.8889467,1,1,0,-0.1468378,0.02173653,0.2252965,-0.4175106,0.1191975,0.004241617,-0.04003394,0.007968368,0.9734121,0.2289223,1,0.5,1,0,0.5,-0.225496,0,0,0,0.4997473,0.150541,0.9262341,-0.3455833,0,0,0,0,0.5,0.225496,0,0,0,0.4440638,0.1594203,0.9808659,0.1117467,0,0,1
59,-0.1604261,0.02624342,-0.2254462,-0.6809781,0.2231011,-0.003591181,0.06951201,0.03873888,0.7940893,-0.6065652,1,0.5,0,-0.4091044,-0.4083155,0.2241842,-0.7542852,0.3272013,0.06504508,-0.2499562,-0.9063053,0.07072545,0.4166638,1,1,1,-0.3689551,-0.4282395,-0.224624,-0.9797919,0.3588499,0.04359933,-0.1081575,-0.4758716,-0.005715295,-0.8794962,1,1,0,-0.1631601,0.02707255,0.2255503,-0.4009643,0.1354496,-0.002218039,-0.03439373,0.04151207,0.9730809,0.2266944,1,0.5,1,0,0.5,-0.225496,0,0,0,0.50506,0.1815697,0.9213381,-0.3437566,0,0,0,0,0.5,0.225496,0,0,0,0.4496881,0.1921561,0.975057,0.1110849,0,0,1
60,-0.1844779,0.03507856,-0.2254328,-0.5642849,0.2241379,0.004188718,0.07696253,0.05393928,0.7991482,-0.5987092,1,0.5,0,-0.4398724,-0.393711,0.2256389,-0.7625628,0.3711359,0.03796817,-0.2499984,-0.8970887,0.1291551,0.4225528,1,1,1,-0.4044239,-0.4140625,-0.2234973,-0.8525941,0.360273,0.03448056,-0.1078421,-0.4815028,0.03044062,-0.8759158,1,1,0,-0.178599,0.03259334,0.2255376,-0.3835188,0.1396732,0.002192707,-0.02796713,0.07838399,0.9715284,0.223581,1,0.5,1,0,0.5,-0.225496,0,0,0,0.511596,0.2131274,0.9153852,-0.3415356,0,0,0,0,0.5,0.225496,0,0,0,0.4566025,0.2253797,0.9680092,0.110282,0,0,1
61,-0.2026128,0.0425114,-0.2253018,-0.4091585,0.1803173,0.003637375,0.08381546,0.07857253,0.8024991,-0.5914571,1,0.5,0,-0.4696862,-0.3782534,0.2263616,-0.7468182,0.3998519,0.01316444,-0.2499548,-0.8846459,0.1909518,0.4253693,1,1,1,-0.4351821,-0.4001557,-0.2227953,-0.7412556,0.3452481,0.01894087,-0.1088063,-0.4772508,0.06606524,-0.8762802,1,1,0,-0.1932241,0.03846789,0.2255303,-0.361816,0.1500236,-0.001014024,-0.02049944,0.1152461,0.9686493,0.2200837,1,0.5,1,0,0.5,-0.225496,0,0,0,0.5191114,0.2438248,0.9086347,-0.3390169,0,0,0,0,0.5,0.225496,0,0,0,0.4645466,0.2576181,0.9600366,0.1093737,0,0,1
62,-0.2135046,0.04750089,-0.2254209,-0.2228268,0.1018232,-0.002943726,0.09014904,0.1168729,0.8023412,-0.5853113,1,0.5,0,-0.4995745,-0.361057,0.2256166,-0.7353607,0.4384877,-0.01581237,-0.2499925,-0.8683636,0.2597644,0.4224536,1,1,1,-0.4619822,-0.3865345,-0.2231137,-0.6482946,0.3332676,0.001388044,-0.1107615,-0.46117,0.1013915,-0.8814999,1,1,0,-0.2072966,0.04461562,0.2255061,-0.3506759,0.1630519,-0.003904106,-0.0118784,0.15402,0.9641361,0.2161471,1,0.5,1,0,0.5,-0.225496,0,0,0,0.5279284,0.2748023,0.900841,-0.336109,0,0,0,0,0.5,0.225496,0,0,0,0.4738576,0.2900599,0.9508576,0.1083279,0,0,1
63,-0.2176039,0.04940926,-0.2255048,-0.06512629,0.03409667,-6.705525E-06,0.09563577,0.1627251,0.7981544,-0.5800605,1,0.5,0,-0.5268238,-0.3441849,0.2236246,-0.6779196,0.4352601,-0.06141814,-0.2499981,-0.8491737,0.3272578,0.4144954,1,1,1,-0.4842195,-0.3737249,-0.2244123,-0.5245836,0.3107325,-0.0359446,-0.1125114,-0.4379243,0.1349073,-0.888832,1,1,0,-0.2202798,0.05082074,0.2255204,-0.3145048,0.1534176,0.002673269,-0.002631485,0.1894952,0.958687,0.2121573,1,0.5,1,0,0.5,-0.225496,0,0,0,0.5371943,0.3032497,0.8927932,-0.3331064,0,0,0,0,0.5,0.225496,0,0,0,0.4836329,0.3197624,0.9414081,0.1072514,0,0,1
64,-0.2165713,0.04890453,-0.2252117,0.04858674,-0.02868773,0.01165495,0.1016136,0.2182071,0.7893847,-0.5738097,1,0.5,0,-0.5538002,-0.3256873,0.2201518,-0.6811979,0.4838826,-0.1035445,-0.249981,-0.8237478,0.4012204,0.4005769,1,1,1,-0.500782,-0.3623682,-0.2263013,-0.3791796,0.2695651,-0.05137624,-0.1161217,-0.3983929,0.1657604,-0.9021122,1,1,0,-0.2313439,0.05642922,0.2254663,-0.2609291,0.138226,-0.003397466,0.007379711,0.2296183,0.9508248,0.2078647,1,0.5,1,0,0.5,-0.225496,0,0,0,0.5477793,0.3319856,0.8837739,-0.3297412,0,0,0,0,0.5,0.225496,0,0,0,0.4947881,0.3496701,0.9308515,0.1060487,0,0,1
65,-0.2120485,0.04691126,-0.225009,0.1358599,-0.06540383,0.006413462,0.1092816,0.2773118,0.7761785,-0.5662554,1,0.5,0,-0.5793091,-0.3061751,0.2140401,-0.6028088,0.4804538,-0.1542584,-0.2499515,-0.7930443,0.4792066,0.3760873,1,1,1,-0.5117787,-0.3534009,-0.2294122,-0.2406479,0.2090425,-0.07737729,-0.1199209,-0.3440577,0.1910105,-0.9193145,1,1,0,-0.2398543,0.06071759,0.2249193,-0.2003313,0.09797145,-0.01405106,0.01751995,0.2727533,0.9404808,0.2027349,1,0.5,1,0,0.5,-0.225496,0,0,0,0.5592506,0.3596973,0.874203,-0.3261702,0,0,0,0,0.5,0.225496,0,0,0,0.5068632,0.3784124,0.919688,0.1047769,0,0,1
66,-0.2058497,0.04392842,-0.2243407,0.1557492,-0.0630297,0.01788885,0.1185827,0.3361641,0.7596857,-0.5566608,1,0.5,0,-0.6020016,-0.2860827,0.2067813,-0.5531641,0.5046131,-0.1942859,-0.2499408,-0.7526485,0.5595368,0.3470432,1,1,1,-0.5179698,-0.3467666,-0.2322758,-0.1265049,0.1556218,-0.07414821,-0.1241961,-0.2772053,0.2108371,-0.9373926,1,1,0,-0.245052,0.06364071,0.2245634,-0.1078822,0.04887545,-0.00459403,0.0283519,0.3193761,0.9267322,0.1979048,1,0.5,1,0,0.5,-0.225496,0,0,0,0.5714802,0.38619,0.864225,-0.3224474,0,0,0,0,0.5,0.225496,0,0,0,0.5197214,0.4057922,0.9080912,0.1034557,0,0,1
67,-0.199758,0.04102456,-0.2238662,0.1550109,-0.07615558,0.01816601,0.1300371,0.3906947,0.7412651,-0.5457872,1,0.5,0,-0.6209795,-0.2661832,0.1994337,-0.4445018,0.4971253,-0.1719356,-0.2499992,-0.7002751,0.6392652,0.3177339,1,1,1,-0.5219076,-0.3412709,-0.234195,-0.0980914,0.1392052,-0.03525318,-0.1279668,-0.204276,0.2277461,-0.9520521,1,1,0,-0.246582,0.06446473,0.2242127,-0.01913459,0.0171762,-0.004648419,0.039581,0.3694128,0.9089733,0.1931364,1,0.5,1,0,0.5,-0.225496,0,0,0,0.5842875,0.4112472,0.854017,-0.3186387,0,0,0,0,0.5,0.225496,0,0,0,0.5331705,0.431594,0.8962703,0.102109,0,0,1
68,-0.1947208,0.03850041,-0.2237084,0.1322099,-0.06570055,0.01114086,0.1435272,0.440154,0.7218038,-0.5341008,1,0.5,0,-0.636482,-0.2468216,0.1927304,-0.3618331,0.471917,-0.1451843,-0.2499599,-0.6339389,0.7165985,0.2908748,1,1,1,-0.5282581,-0.3338042,-0.2365454,-0.1827867,0.219153,-0.05610885,-0.1283101,-0.1352911,0.2480448,-0.9592549,1,1,0,-0.2457036,0.06385042,0.2237356,0.02559275,-0.01103878,-0.009040538,0.05196285,0.420804,0.8874699,0.1879395,1,0.5,1,0,0.5,-0.225496,0,0,0,0.5978618,0.4353661,0.8434578,-0.314699,0,0,0,0,0.5,0.225496,0,0,0,0.5474075,0.456338,0.8840876,0.1007211,0,0,1
69,-0.1924434,0.0375889,-0.2236104,0,0,0,0.1509456,0.4627777,0.7121776,-0.5278634,1,0.5,0,-0.6428195,-0.2379247,0.189927,0,0,0,-0.2499945,-0.5965189,0.7522845,0.279702,1,1,1,-0.5333839,-0.3278592,-0.2383367,0,0,0,-0.1263522,-0.1062429,0.2626559,-0.9590226,1,1,0,-0.2450442,0.06328966,0.2236431,0,0,0,0.05854207,0.445163,0.8760122,0.18556,1,0.5,1,0,0.5,-0.225496,0,0,0,0.604794,0.4468584,0.8381653,-0.3127244,0,0,0,0,0.5,0.225496,0,0,0,0.5546714,0.4680951,0.8779986,0.1000274,0,0,1
70,-0.1872732,0.03580946,-0.2237304,0.0206925,-0.005090425,-0.01801477,0.1682701,0.507821,0.6910521,-0.5143585,1,0.5,0,-0.6517271,-0.2203745,0.1877732,-0.1987339,0.4137436,-0.004077704,-0.2499537,-0.5002767,0.8223498,0.2710427,1,1,1,-0.5546042,-0.3028684,-0.2449293,-0.3940792,0.4395218,-0.05429538,-0.1138432,-0.07243037,0.3188642,-0.9450288,1,1,0,-0.2397159,0.06062225,0.2236101,0.1364492,-0.06572774,-0.003222377,0.07433325,0.4995686,0.8472821,0.1804007,1,0.5,1,0,0.5,-0.225496,0,0,0,0.6199052,0.4702494,0.8268557,-0.3085047,0,0,0,0,0.5,0.225496,0,0,0,0.5704904,0.4919566,0.8650241,0.09854922,0,0,1
71,-0.1871658,0.03581727,-0.2242151,0.0023596,-0.002250821,-0.01274795,0.1859639,0.5430921,0.6732384,-0.5017977,1,0.5,0,-0.6560231,-0.2064671,0.191037,-0.07239881,0.3307634,0.1043104,-0.2499646,-0.3852085,0.8780075,0.2841079,1,1,1,-0.5705721,-0.2846802,-0.2449187,-0.4000755,0.45639,0.01872406,-0.1085221,-0.02775297,0.3609903,-0.9321565,1,1,0,-0.2322168,0.05663189,0.2241986,0.200031,-0.1046487,0.01685099,0.0924871,0.5527387,0.8145863,0.1758665,1,0.5,1,0,0.5,-0.225496,0,0,0,0.6358327,0.4927728,0.8152609,-0.3041786,0,0,0,0,0.5,0.225496,0,0,0,0.587142,0.514843,0.8517746,0.09703976,0,0,1
72,-0.1869071,0.03585885,-0.2246249,0.01615659,0.007061104,-0.01079888,0.2045554,0.5753444,0.6555324,-0.4891382,1,0.5,0,-0.6557029,-0.1967308,0.1969231,0.03937782,0.217411,0.1590171,-0.2499892,-0.2537242,0.9170374,0.3076792,1,1,1,-0.5848521,-0.266558,-0.2429912,-0.3387333,0.4476638,0.06378146,-0.1034658,0.01870462,0.402089,-0.9154095,1,1,0,-0.2225889,0.05183078,0.2247185,0.2471992,-0.1215877,0.01158342,0.1131489,0.6029207,0.7793062,0.1707881,1,0.5,1,0,0.5,-0.225496,0,0,0,0.6522266,0.5140214,0.8036614,-0.2998508,0,0,0,0,0.5,0.225496,0,0,0,0.6042591,0.5363498,0.8385713,0.09553555,0,0,1
73,-0.185797,0.03540402,-0.225032,0.03618823,-0.02174844,-0.008233639,0.2244006,0.606167,0.6369459,-0.4762999,1,0.5,0,-0.6504092,-0.1919192,0.2041682,0.1630605,0.08216429,0.1884916,-0.2499428,-0.1019948,0.9361091,0.3365957,1,1,1,-0.5953571,-0.251129,-0.2396458,-0.236413,0.3578903,0.09261597,-0.09900367,0.07368554,0.4360913,-0.8968806,1,1,0,-0.2114755,0.04664645,0.225069,0.2870084,-0.1323732,0.008153173,0.1366772,0.6493545,0.7423643,0.1650271,1,0.5,1,0,0.5,-0.225496,0,0,0,0.6693372,0.5344093,0.7919016,-0.2954631,0,0,0,0,0.5,0.225496,0,0,0,0.6221013,0.5569057,0.8252375,0.09401646,0,0,1
74,-0.1832081,0.03455196,-0.2253412,0.06942081,-0.02036636,-0.01054034,0.2459444,0.635985,0.6174079,-0.4629584,1,0.5,0,-0.639922,-0.1942319,0.2120747,0.2995492,-0.1096234,0.1978644,-0.2499853,0.07077803,0.927018,0.3682773,1,1,1,-0.6003673,-0.2410473,-0.2346905,-0.0852764,0.2107249,0.128907,-0.09590787,0.1416763,0.4576993,-0.8777466,1,1,0,-0.1988833,0.04095066,0.2253869,0.3254929,-0.1475096,0.005323442,0.1630132,0.6918931,0.7042856,0.1589515,1,0.5,1,0,0.5,-0.225496,0,0,0,0.6871413,0.5539505,0.7800251,-0.2910319,0,0,0,0,0.5,0.225496,0,0,0,0.6406429,0.5765324,0.8118229,0.09248819,0,0,1
75,-0.1793153,0.0331229,-0.2254358,0.1073659,-0.03469066,0.001221151,0.268997,0.6646491,0.5970412,-0.449203,1,0.5,0,-0.6228197,-0.2066546,0.2203845,0.4724981,-0.3826649,0.2078571,-0.2494798,0.2698735,0.8755596,0.400704,1,1,1,-0.5988234,-0.2389487,-0.2288541,0.08140209,-0.004684927,0.1518041,-0.093701,0.2254623,0.4603786,-0.8586141,1,1,0,-0.1852543,0.03540602,0.2254382,0.3421427,-0.1401354,0.0006616118,0.1922526,0.7297541,0.6665283,0.1523118,1,0.5,1,0,0.5,-0.225496,0,0,0,0.7056264,0.572672,0.7680655,-0.2865697,0,0,0,0,0.5,0.225496,0,0,0,0.6598693,0.595264,0.7983658,0.09095507,0,0,1
76,-0.1749117,0.03142728,-0.2254413,0.1118049,-0.04659669,0.006078186,0.2931803,0.6911905,0.5767002,-0.4355142,1,0.5,0,-0.5977187,-0.2308966,0.2279141,0.6727757,-0.6804715,0.1849362,-0.24418,0.4903123,0.7626587,0.4218358,1,1,1,-0.5903279,-0.2467936,-0.2227038,0.2601684,-0.2599531,0.1588375,-0.09109583,0.3248255,0.43826,-0.8381029,1,1,0,-0.1713626,0.03012707,0.2255213,0.3465483,-0.1335828,0.004629048,0.223641,0.7625158,0.6303223,0.1458199,1,0.5,1,0,0.5,-0.225496,0,0,0,0.7246591,0.5904912,0.7561288,-0.2821161,0,0,0,0,0.5,0.225496,0,0,0,0.6796405,0.613026,0.7849849,0.08943063,0,0,1
77,-0.1707746,0.03001707,-0.2253395,0.09851757,-0.03679964,0.003833325,0.31853,0.7152756,0.5571172,-0.4219021,1,0.5,0,-0.5640146,-0.2655719,0.2343496,0.9001288,-0.9254355,0.15122,-0.2247417,0.6983787,0.5828276,0.4154264,1,1,1,-0.5742422,-0.2650566,-0.2164645,0.451711,-0.5204232,0.1577922,-0.08498481,0.4385548,0.3878012,-0.8107281,1,1,0,-0.1576524,0.02553923,0.2254475,0.3360921,-0.1148009,-0.0005573037,0.2571822,0.7905583,0.5963416,0.139263,1,0.5,1,0,0.5,-0.225496,0,0,0,0.7444904,0.6076778,0.7440796,-0.2776205,0,0,0,0,0.5,0.225496,0,0,0,0.7002159,0.6300942,0.7715278,0.08789752,0,0,1
78,-0.1677453,0.02892784,-0.2250533,0.06929415,-0.02456774,0.01499951,0.3441709,0.7365503,0.5389049,-0.4087482,1,0.5,0,-0.5204228,-0.3085849,0.2388545,1.15755,-1.118753,0.09891618,-0.1832575,0.849576,0.3706958,0.3752402,1,1,1,-0.5501177,-0.2930469,-0.2108253,0.6577882,-0.7544416,0.1377755,-0.07054076,0.5574499,0.3095825,-0.77033,1,1,0,-0.144991,0.02144572,0.2253279,0.3028699,-0.09594806,0.000804663,0.2916557,0.8141527,0.5652024,0.1330476,1,0.5,1,0,0.5,-0.225496,0,0,0,0.7649841,0.6241341,0.732025,-0.2731228,0,0,0,0,0.5,0.225496,0,0,0,0.7214527,0.6463776,0.7581137,0.08636928,0,0,1
79,-0.1665732,0.0284433,-0.22471,0.02251343,-0.01242375,0.01510531,0.3691359,0.7545249,0.5228679,-0.3966123,1,0.5,0,-0.465085,-0.3565771,0.2399236,1.457692,-1.222203,0.005754831,-0.1167963,0.9323313,0.1811644,0.31295,1,1,1,-0.5165688,-0.3283582,-0.2073249,0.9034786,-0.9188119,0.07698241,-0.04154342,0.6669968,0.2129794,-0.7139714,1,1,0,-0.1344078,0.01829964,0.2250268,0.2433197,-0.06951441,-0.000166148,0.3256562,0.8332162,0.538117,0.127204,1,0.5,1,0,0.5,-0.225496,0,0,0,0.7857356,0.6396011,0.7202103,-0.2687147,0,0,0,0,0.5,0.225496,0,0,0,0.7429311,0.6616279,0.7450131,0.08487678,0,0,1
80,-0.1667848,0.02828413,-0.2245331,-0.007243457,0.004785603,0.007731471,0.3947021,0.7706512,0.507749,-0.3850813,1,0.5,0,-0.3971341,-0.404473,0.2359851,1.779588,-1.172795,-0.1303688,-0.02593419,0.968545,0.04540929,0.2446602,1,1,1,-0.4717365,-0.3675703,-0.2071897,1.19856,-0.9929736,-0.02448187,0.008278549,0.7565767,0.114956,-0.6437212,1,1,0,-0.1269941,0.01607507,0.2245275,0.1624995,-0.04726883,-0.01241714,0.3592009,0.8488051,0.5145189,0.1216566,1,0.5,1,0,0.5,-0.225496,0,0,0,0.8076975,0.654806,0.7081148,-0.2642018,0,0,0,0,0.5,0.225496,0,0,0,0.7656361,0.6765674,0.7316479,0.08335413,0,0,1
81,-0.1662756,0.02797706,-0.2243714,0.02375842,-0.01387289,-0.00223294,0.4211795,0.7857306,0.4928215,-0.3738374,1,0.5,0,-0.3182079,-0.4456281,0.2276925,2.031361,-0.9635094,-0.2302789,0.0822494,0.9821678,-0.03371077,0.1849594,1,1,1,-0.4130118,-0.4066445,-0.2115619,1.561432,-0.9644318,-0.1395852,0.08128887,0.8206982,0.03329762,-0.5703909,1,1,0,-0.1230728,0.0148156,0.2244319,0.07904957,-0.03290336,-0.006465616,0.3907952,0.8610305,0.4948563,0.1172345,1,0.5,1,0,0.5,-0.225496,0,0,0,0.8300662,0.6691957,0.696206,-0.2597585,0,0,0,0,0.5,0.225496,0,0,0,0.788735,0.6906576,0.7185341,0.08186012,0,0,1
82,-0.1632783,0.02706261,-0.2243288,0.09407256,-0.02110555,0.007672611,0.4499061,0.8006977,0.4769552,-0.3624872,1,0.5,0,-0.2331137,-0.4727047,0.2192398,2.134534,-0.5822154,-0.1968921,0.1994057,0.9876272,-0.06677771,0.1418917,1,1,1,-0.337869,-0.4414032,-0.2184038,1.994298,-0.816569,-0.1828954,0.1768653,0.865751,-0.02275668,-0.4999574,1,1,0,-0.1195315,0.01416917,0.2244405,0.1121607,-0.02676049,0.006213041,0.4228275,0.8715978,0.4769788,0.1131745,1,0.5,1,0,0.5,-0.225496,0,0,0,0.8529123,0.6828719,0.6844494,-0.255372,0,0,0,0,0.5,0.225496,0,0,0,0.8123008,0.7040046,0.7056309,0.0803901,0,0,1
83,-0.1562457,0.02459302,-0.224457,0.2121129,-0.08077885,0.003263356,0.4801967,0.8155892,0.4596965,-0.3514162,1,0.5,0,-0.1493204,-0.4863678,0.2125575,2.091108,-0.2586649,-0.1264282,0.3138998,0.9907402,-0.07417108,0.113721,1,1,1,-0.2460705,-0.4674026,-0.2275763,2.380251,-0.5785766,-0.2060273,0.2912485,0.8968271,-0.05232567,-0.4392758,1,1,0,-0.1112929,0.01213342,0.2241888,0.2277152,-0.04755912,0.001009554,0.4569806,0.8823488,0.4578289,0.1088724,1,0.5,1,0,0.5,-0.225496,0,0,0,0.8748362,0.6951254,0.6735348,-0.2512997,0,0,0,0,0.5,0.225496,0,0,0,0.8348919,0.7159258,0.6936891,0.07902962,0,0,1
84,-0.138223,0.0192622,-0.2247918,0.5273665,-0.1461968,-0.01947955,0.5200651,0.833795,0.4365037,-0.3380096,1,0.5,0,-0.06647012,-0.4890132,0.2099283,2.060964,-0.007179382,-0.04052596,0.4287919,0.9929866,-0.06784423,0.09682285,1,1,1,-0.1458003,-0.4806916,-0.2339957,2.533314,-0.2635987,-0.1405337,0.4158958,0.9203534,-0.0597138,-0.3865022,1,1,0,-0.09936817,0.009773311,0.2245157,0.3343312,-0.05859567,0.002264977,0.4959009,0.8930406,0.437567,0.1049459,1,0.5,1,0,0.5,-0.225496,0,0,0,0.8980223,0.7072477,0.6623642,-0.247132,0,0,0,0,0.5,0.225496,0,0,0,0.8587598,0.7276843,0.6815038,0.07764139,0,0,1
85,-0.1093388,0.01182049,-0.2251072,0.7967755,-0.1965101,-0.01451299,0.569171,0.8533033,0.4094953,-0.3227802,1,0.5,0,0.01395632,-0.4847455,0.2118919,1.989799,0.1416073,0.06143081,0.5413493,0.9945002,-0.05641284,0.08824307,1,1,1,-0.04385756,-0.4836823,-0.2352878,2.541891,-0.02760888,-0.01513512,0.5419528,0.9384381,-0.05535983,-0.3409826,1,1,0,-0.07973083,0.006206784,0.2249605,0.5430499,-0.08909382,0.005830827,0.5416626,0.9042612,0.4149202,0.1007625,1,0.5,1,0,0.5,-0.225496,0,0,0,0.9214938,0.7187269,0.6514274,-0.2430514,0,0,0,0,0.5,0.225496,0,0,0,0.8828979,0.7387862,0.6696084,0.07628618,0,0,1
86,-0.06977471,0.004697681,-0.225275,1.978204,-0.3561404,-0.008385632,0.6145927,0.8687463,0.3864171,-0.3097768,1,0.5,0,0.09068599,-0.4770467,0.2169192,3.836485,0.3849374,0.2513655,0.6340616,0.9953242,-0.04501231,0.085462,1,1,1,0.05524333,-0.4794087,-0.2326636,4.955046,0.2136827,0.1312115,0.6500281,0.9506866,-0.0464412,-0.3066565,1,1,0,-0.05072932,0.00255115,0.2253145,1.450076,-0.1827818,0.01769737,0.581478,0.9129577,0.3962643,0.09738013,1,0.5,1,0,0.5,-0.225496,0,0,0,0.9333314,0.7242379,0.6460474,-0.241044,0,0,0,0,0.5,0.225496,0,0,0,0.895063,0.7441047,0.6637693,0.07562096,0,0,1
87,-0.02009122,0.0002135873,-0.2254575,1.290225,-0.08802487,-0.001186133,0.6857927,0.8865293,0.3594335,-0.2913305,1,0.5,0,0.1624513,-0.4680336,0.222599,1.760095,0.229019,0.1543336,0.7387545,0.9959863,-0.03393213,0.08282436,1,1,1,0.148872,-0.4702853,-0.2281409,2.300292,0.2553389,0.1330034,0.7696688,0.9610405,-0.03487943,-0.2741982,1,1,0,-0.0131694,9.430612E-05,0.2255188,0.9979492,-0.04418259,0.008118155,0.6455989,0.9236756,0.3719402,0.09210799,1,0.5,1,0,0.5,-0.225496,0,0,0,0.9575987,0.7349973,0.6352915,-0.237031,0,0,0,0,0.5,0.225496,0,0,0,0.9199845,0.7544668,0.6521198,0.07429377,0,0,1
88,0.03771603,0.001365552,-0.2255097,1.491164,0.07176345,0.001230836,0.7677482,0.9011561,0.337106,-0.2725381,1,0.5,0,0.2281705,-0.4584919,0.2278702,1.60082,0.2439932,0.1201533,0.8376461,0.9964471,-0.02429035,0.08064184,1,1,1,0.2355469,-0.4578928,-0.2230332,2.11975,0.3276349,0.1250774,0.8838398,0.9685153,-0.02304662,-0.2478851,1,1,0,0.03104236,0.0008857211,0.2254124,1.136295,0.04057631,-0.001497567,0.7179106,0.9325523,0.3505066,0.08655186,1,0.5,1,0,0.5,-0.225496,0,0,0,0.9823146,0.745269,0.6246987,-0.2330787,0,0,0,0,0.5,0.225496,0,0,0,0.9453437,0.7643324,0.640678,0.07299025,0,0,1
89,0.1005997,0.01008181,-0.2252219,1.595595,0.2772933,0.002484025,0.8583859,0.9123335,0.3210294,-0.2541412,1,0.5,0,0.2869035,-0.4483682,0.2314875,1.419901,0.2641142,0.06570148,0.9301324,0.9968341,-0.01564066,0.07795608,1,1,1,0.3140117,-0.4421486,-0.2186664,1.907998,0.415528,0.08749519,0.9917542,0.9738286,-0.01082524,-0.2270256,1,1,0,0.07893606,0.006308575,0.225246,1.204056,0.1715972,-0.009397421,0.7963827,0.9392576,0.333473,0.08118439,1,0.5,1,0,0.5,-0.225496,0,0,0,1.007808,0.7552032,0.6141367,-0.229138,0,0,0,0,0.5,0.225496,0,0,0,0.9714774,0.773849,0.6292995,0.07169393,0,0,1
90,0.1635066,0.0272239,-0.2245334,1.546469,0.4735813,0.01873747,0.9516075,0.9198828,0.3122221,-0.2373461,1,0.5,0,0.3379757,-0.4369377,0.2309943,1.226558,0.2984644,-0.03925563,1.013892,0.9972825,-0.007224903,0.07331716,1,1,1,0.3831729,-0.4218273,-0.2174716,1.669953,0.536907,0.008486215,1.091179,0.9772469,0.002622365,-0.212089,1,1,0,0.1274312,0.01655913,0.2248404,1.214088,0.2906415,-0.0110142,0.8765382,0.9438411,0.3215015,0.07616234,1,0.5,1,0,0.5,-0.225496,0,0,0,1.032959,0.7644053,0.6040605,-0.2253785,0,0,0,0,0.5,0.225496,0,0,0,0.9972392,0.7826418,0.6184716,0.07046035,0,0,1
91,0.2177753,0.04998622,-0.2243843,1.273026,0.5865062,0.001823158,1.038598,0.9242263,0.3093636,-0.2238299,1,0.5,0,0.3814157,-0.4239067,0.224929,1.034142,0.3434004,-0.1687684,1.089122,0.9978168,0.001317296,0.06602956,1,1,1,0.4428295,-0.3965932,-0.2210995,1.432659,0.6561118,-0.1018234,1.182273,0.9790722,0.01748039,-0.2027611,1,1,0,0.1754811,0.03171857,0.2243431,1.206648,0.4162936,-0.008979443,0.9574008,0.9466981,0.314065,0.07159536,1,0.5,1,0,0.5,-0.225496,0,0,0,1.057893,0.7729909,0.5943925,-0.2217713,0,0,0,0,0.5,0.225496,0,0,0,1.022758,0.7908263,0.608107,0.06927954,0,0,1
92,0.2584488,0.07183684,-0.2246518,0.941002,0.5337125,-0.005556645,1.112435,0.9268155,0.3087484,-0.2137461,1,0.5,0,0.4175332,-0.4083925,0.2187541,0.86256,0.4013436,-0.1297154,1.156554,0.9981649,0.01062901,0.05961416,1,1,1,0.4930014,-0.3698268,-0.2242046,1.192865,0.6582277,-0.05412104,1.263806,0.9802564,0.03184772,-0.1951487,1,1,0,0.2229129,0.05220991,0.2246014,1.167526,0.5405791,0.01745523,1.03883,0.948054,0.310762,0.06797463,1,0.5,1,0,0.5,-0.225496,0,0,0,1.082559,0.7810017,0.5851282,-0.2183148,0,0,0,0,0.5,0.225496,0,0,0,1.047984,0.7984457,0.5981973,0.06815057,0,0,1
93,0.2890414,0.09137075,-0.225101,0.7221046,0.4784493,-0.004200639,1.17623,0.928627,0.3086515,-0.2058793,1,0.5,0,0.4487496,-0.3900352,0.2155103,0.7645312,0.4762309,-0.04680233,1.219332,0.9982368,0.02091792,0.05555081,1,1,1,0.5323697,-0.3454903,-0.2254157,0.9056214,0.5848604,-0.00676066,1.334532,0.9811333,0.04388569,-0.1882854,1,1,0,0.2625076,0.07389107,0.2248929,0.9075966,0.5322667,0.01640246,1.113063,0.9485422,0.3099018,0.06502714,1,0.5,1,0,0.5,-0.225496,0,0,0,1.107336,0.7886035,0.5761086,-0.2149495,0,0,0,0,0.5,0.225496,0,0,0,1.073305,0.8056609,0.5885698,0.06705373,0,0,1
94,0.3124219,0.1090614,-0.2250135,0.5346599,0.4248997,-0.002178551,1.233385,0.9301073,0.3086801,-0.1990404,1,0.5,0,0.47995,-0.3709982,0.2143774,0.7881361,0.4718335,-0.03291072,1.283111,0.9981218,0.03084599,0.05292854,1,1,1,0.5586234,-0.3260609,-0.2274507,0.5712661,0.4551457,-0.07167611,1.393275,0.981598,0.05278636,-0.1835183,1,1,0,0.288113,0.09073734,0.2249659,0.5508306,0.3782769,-0.005538019,1.173183,0.9490445,0.308835,0.06273429,1,0.5,1,0,0.5,-0.225496,0,0,0,1.132897,0.7960156,0.5670901,-0.2115846,0,0,0,0,0.5,0.225496,0,0,0,1.099411,0.8126814,0.578963,0.06595927,0,0,1
95,0.3276539,0.1222192,-0.2249605,0.3168256,0.2842338,-0.0002026559,1.282774,0.9316637,0.3075091,-0.1934965,1,0.5,0,0.5108047,-0.3534016,0.2141414,0.7599014,0.4194708,-0.008294735,1.347924,0.9979284,0.03928644,0.05094439,1,1,1,0.5737138,-0.313057,-0.2305847,0.3220649,0.283976,-0.08609075,1.44225,0.9818537,0.05815057,-0.1805044,1,1,0,0.3008518,0.100321,0.2246935,0.2605007,0.1905766,-0.007576498,1.22,0.9500836,0.3060006,0.06086832,1,0.5,1,0,0.5,-0.225496,0,0,0,1.159672,0.8033466,0.5579416,-0.2081713,0,0,0,0,0.5,0.225496,0,0,0,1.126737,0.8196113,0.5692378,0.0648513,0,0,1
96,0.3330776,0.1269253,-0.2248071,0.06166699,0.05752447,0.0005170705,1.32092,0.9337768,0.3036516,-0.1893587,1,0.5,0,0.5373822,-0.3389544,0.2159494,0.6300184,0.3383965,0.04685747,1.409039,0.9976947,0.04559654,0.0502606,1,1,1,0.5816838,-0.3067234,-0.2316273,0.1629204,0.1170695,-0.0156343,1.483994,0.9823312,0.06011941,-0.177232,1,1,0,0.304589,0.1033461,0.224759,0.04772248,0.04058482,-6.854537E-05,1.256771,0.9516574,0.3013176,0.05963156,1,0.5,1,0,0.5,-0.225496,0,0,0,1.187078,0.8104283,0.5488781,-0.2047896,0,0,0,0,0.5,0.225496,0,0,0,1.154688,0.8262919,0.559622,0.06375582,0,0,1
97,0.3271354,0.1218347,-0.2250184,-0.2140359,-0.1884264,-0.005607309,1.344975,0.936408,0.2969333,-0.1870044,1,0.5,0,0.5576561,-0.3284068,0.2193754,0.4643263,0.2381117,0.09884689,1.463118,0.9974799,0.04971334,0.05062123,1,1,1,0.5841507,-0.3070681,-0.230312,0.0275463,-0.05135985,0.05676451,1.518851,0.9830668,0.05891067,-0.1735205,1,1,0,0.3015403,0.1009021,0.2248149,-0.11684,-0.0958376,0.005225839,1.284826,0.9536253,0.2952121,0.05872555,1,0.5,1,0,0.5,-0.225496,0,0,0,1.214142,0.8170351,0.5402118,-0.2015562,0,0,0,0,0.5,0.225496,0,0,0,1.182274,0.8325127,0.5504454,0.06271035,0,0,1
98,0.3104057,0.1078854,-0.225142,-0.4890175,-0.398946,-0.004775079,1.356496,0.9395407,0.2875769,-0.1859105,1,0.5,0,0.5703907,-0.3212342,0.2238578,0.2694191,0.1583234,0.1009398,1.50966,0.9973022,0.05213111,0.05167932,1,1,1,0.5803497,-0.3130121,-0.2269884,-0.1376242,-0.1783819,0.07765967,1.546988,0.9839813,0.05519716,-0.1695117,1,1,0,0.2913771,0.0936145,0.2251808,-0.2969937,-0.2104056,0.002790989,1.304844,0.9558856,0.2878999,0.05827692,1,0.5,1,0,0.5,-0.225496,0,0,0,1.241483,0.8233487,0.5317308,-0.1983919,0,0,0,0,0.5,0.225496,0,0,0,1.210124,0.8384466,0.5414812,0.06168909,0,0,1
99,0.2831253,0.08788982,-0.2253749,-0.7456321,-0.5219685,-0.005263092,1.356082,0.942719,0.276868,-0.1860774,1,0.5,0,0.5750727,-0.317757,0.2258912,0.06955567,0.05805793,0.01561344,1.547319,0.997261,0.05287061,0.05172187,1,1,1,0.5687507,-0.322625,-0.225006,-0.3430845,-0.2586738,0.01979695,1.567009,0.9847028,0.05001188,-0.1669107,1,1,0,0.2742067,0.08172546,0.2255084,-0.471078,-0.3340093,0.005699696,1.316442,0.9583823,0.2795165,0.05808522,1,0.5,1,0,0.5,-0.225496,0,0,0,1.268579,0.8292751,0.5235841,-0.1953523,0,0,0,0,0.5,0.225496,0,0,0,1.23771,0.8440068,0.5328854,0.0607098,0,0,1
100,0.2472,0.06525321,-0.225286,-0.9473014,-0.5646678,0.01188592,1.347093,0.9456852,0.2659602,-0.1869348,1,0.5,0,0.5702246,-0.3172043,0.2250781,-0.1840324,-0.005643072,-0.02385453,1.575312,0.9973406,0.05242377,0.05063244,1,1,1,0.5477928,-0.3344558,-0.2250358,-0.5866679,-0.3084959,0.000932068,1.578249,0.9851377,0.04404873,-0.1660224,1,1,0,0.2499788,0.06681899,0.2257194,-0.6454217,-0.3841849,0.01500622,1.320704,0.9609181,0.270675,0.05806513,1,0.5,1,0,0.5,-0.225496,0,0,0,1.295981,0.8349577,0.5155956,-0.1923717,0,0,0,0,0.5,0.225496,0,0,0,1.265591,0.8493295,0.5244704,0.05975111,0,0,1
101,0.2060573,0.04424278,-0.2254223,-1.060605,-0.5047768,-0.002094359,1.334354,0.9480629,0.2563534,-0.1883074,1,0.5,0,0.5550091,-0.320252,0.2198722,-0.4453035,-0.1040176,-0.1436443,1.593095,0.9975824,0.05052231,0.04771508,1,1,1,0.516247,-0.3478219,-0.2285932,-0.8538399,-0.3450321,-0.09640161,1.580179,0.9851422,0.03758239,-0.1675784,1,1,0,0.2194875,0.05054363,0.2253502,-0.7912683,-0.4061613,-0.007190558,1.319201,0.9633419,0.2619521,0.05791015,1,0.5,1,0,0.5,-0.225496,0,0,0,1.324009,0.8404701,0.5076728,-0.1894157,0,0,0,0,0.5,0.225496,0,0,0,1.294094,0.8544846,0.516138,0.05880183,0,0,1
102,0.1617054,0.02665036,-0.2251592,-1.110772,-0.4070173,0.004754962,1.318659,0.9497542,0.2488924,-0.1897878,1,0.5,0,0.5286955,-0.3278138,0.2132998,-0.7296506,-0.2206744,-0.1820319,1.598644,0.9979152,0.04678554,0.04445717,1,1,1,0.4746724,-0.3632031,-0.2331418,-1.103066,-0.3942312,-0.1272224,1.571535,0.9848958,0.03031417,-0.1704735,1,1,0,0.1854271,0.035445,0.2251062,-0.8742895,-0.3650378,-0.008300696,1.31383,0.9653605,0.2544036,0.05794707,1,0.5,1,0,0.5,-0.225496,0,0,0,1.351449,0.8455936,0.5001488,-0.1866084,0,0,0,0,0.5,0.225496,0,0,0,1.321984,0.8592685,0.5082372,0.05790172,0,0,1
103,0.1391894,0.01964209,-0.2250792,0,0,0,1.311108,0.9503425,0.2460604,-0.1905348,1,0.5,0,0.5114837,-0.3339837,0.209666,0,0,0,1.597406,0.998122,0.04387149,0.04275091,1,1,1,0.4504376,-0.3716372,-0.2356135,0,0,0,1.564014,0.9846937,0.02633841,-0.1722922,1,1,0,0.1675915,0.02881088,0.2250133,0,0,0,1.310772,0.9662042,0.2511697,0.05799366,1,0.5,1,0,0.5,-0.225496,0,0,0,1.365346,0.8480912,0.4964226,-0.1852182,0,0,0,0,0.5,0.225496,0,0,0,1.336104,0.8615981,0.5043287,0.05745644,0,0,1
104,0.07427315,0.005328014,-0.2245472,-1.051231,-0.1805912,0.01660661,1.277035,0.9505222,0.2427234,-0.1938888,1,0.5,0,0.443182,-0.3628151,0.2005374,-1.273361,-0.5715924,-0.1225681,1.560565,0.9987653,0.03066388,0.03908512,1,1,1,0.3661289,-0.4003727,-0.2422984,-1.497393,-0.5013483,-0.0920229,1.513988,0.9836043,0.01272466,-0.179891,1,1,0,0.1139612,0.01278431,0.2245835,-0.8813981,-0.2316206,-0.003157557,1.286678,0.9676057,0.2455867,0.05853518,1,0.5,1,0,0.5,-0.225496,0,0,0,1.39329,0.8529272,0.4890957,-0.1824845,0,0,0,0,0.5,0.225496,0,0,0,1.364486,0.8661037,0.4966516,0.05658181,0,0,1
105,0.03593582,0.0009828949,-0.2243662,-0.9257663,-0.09078822,0.004927071,1.27101,0.9508226,0.2410957,-0.1944463,1,0.5,0,0.3836002,-0.3902923,0.1978108,-1.558683,-0.725508,-0.04426243,1.533384,0.9991132,0.01756071,0.03826668,1,1,1,0.3017575,-0.4219854,-0.2445641,-1.642699,-0.5551326,-0.04118459,1.483532,0.9829624,0.002023941,-0.1837954,1,1,0,0.07997622,0.006080323,0.2244316,-0.8370723,-0.150244,-0.001453609,1.284218,0.9684672,0.2421679,0.05853077,1,0.5,1,0,0.5,-0.225496,0,0,0,1.421635,0.8575926,0.4818812,-0.1797927,0,0,0,0,0.5,0.225496,0,0,0,1.393263,0.8704445,0.4891027,0.05572179,0,0,1
106,0.004302095,-0.0001887869,-0.2245438,-0.7494945,-0.02146275,0.0007748607,1.272072,0.9510298,0.2402901,-0.1944299,1,0.5,0,0.3127064,-0.4218513,0.1993031,-1.843942,-0.8029062,0.06601962,1.495278,0.9992077,0.002079255,0.0397454,1,1,1,0.2317569,-0.4451475,-0.243716,-1.781572,-0.5890342,0.04815908,1.447116,0.9823493,-0.009833768,-0.1867973,1,1,0,0.04876351,0.002170222,0.2243299,-0.7541259,-0.07822795,-6.854537E-05,1.285011,0.969044,0.2398698,0.05844778,1,0.5,1,0,0.5,-0.225496,0,0,0,1.450019,0.8620382,0.4748672,-0.1771757,0,0,0,0,0.5,0.225496,0,0,0,1.422065,0.8745753,0.4817734,0.05488679,0,0,1
107,-0.01874174,0.0001193168,-0.2247135,-0.5174436,0.01698234,-0.0057444,1.281518,0.9514982,0.2391889,-0.1934943,1,0.5,0,0.2307968,-0.4536206,0.2048129,-2.113774,-0.7814515,0.158313,1.446694,0.9989497,-0.01418845,0.04356768,1,1,1,0.1561082,-0.4681906,-0.2396874,-1.926571,-0.5693498,0.1166895,1.404707,0.9817578,-0.02215072,-0.1888413,1,1,0,0.02187922,0.0001776445,0.2244856,-0.6419562,-0.03572567,0.007617476,1.290338,0.9694996,0.2380431,0.05836081,1,0.5,1,0,0.5,-0.225496,0,0,0,1.478417,0.8662747,0.4680509,-0.1746325,0,0,0,0,0.5,0.225496,0,0,0,1.450871,0.8785066,0.4746598,0.05407636,0,0,1
108,-0.0323065,0.0008056193,-0.2248672,-0.27879,0.01568404,-0.007444623,1.300814,0.9524458,0.2370071,-0.1915063,1,0.5,0,0.1391217,-0.4806795,0.213081,-2.349013,-0.6254348,0.2181628,1.389692,0.9983669,-0.02893566,0.04925722,1,1,1,0.07473128,-0.4875563,-0.2332244,-2.067617,-0.4494982,0.1711779,1.357155,0.9811863,-0.03314548,-0.1901965,1,1,0,0.0005959285,-0.0002763098,0.2248626,-0.4947679,-0.004169751,0.00785813,1.302227,0.9699557,0.2362209,0.058185,1,0.5,1,0,0.5,-0.225496,0,0,0,1.507622,0.8704251,0.4612423,-0.1720922,0,0,0,0,0.5,0.225496,0,0,0,1.480482,0.8823532,0.4675631,0.05326785,0,0,1
109,-0.03615691,0.001103062,-0.2252066,-0.04340542,0.003835351,-0.002662094,1.328049,0.9538097,0.2336387,-0.1888388,1,0.5,0,0.04003422,-0.4967776,0.2211783,-2.511795,-0.3181727,0.1906835,1.323986,0.997706,-0.03880382,0.05547097,1,1,1,-0.01119741,-0.4982848,-0.2268069,-2.168403,-0.1937182,0.1525283,1.303702,0.9805225,-0.04007578,-0.192275,1,1,0,-0.01570327,0.0001900982,0.2253581,-0.3796342,0.01910287,0.01387671,1.317873,0.9704003,0.2344444,0.05795682,1,0.5,1,0,0.5,-0.225496,0,0,0,1.535784,0.8742419,0.4548616,-0.1697115,0,0,0,0,0.5,0.225496,0,0,0,1.509024,0.8858866,0.4609203,0.05251107,0,0,1
110,-0.03438803,0.0009994474,-0.2255002,0.05669168,-0.00607782,-0.009857122,1.360794,0.9554413,0.2294717,-0.1856736,1,0.5,0,-0.06221101,-0.4981133,0.225057,-2.56111,0.06840679,0.05492719,1.254689,0.9973597,-0.04109747,0.05987215,1,1,1,-0.09793471,-0.4949936,-0.2245486,-2.155383,0.1769201,0.01724512,1.249974,0.979633,-0.03942548,-0.1968878,1,1,0,-0.02870082,0.0008500676,0.2254508,-0.3105247,0.02669168,-0.003663452,1.336962,0.9709326,0.2323674,0.05740498,1,0.5,1,0,0.5,-0.225496,0,0,0,1.564257,0.8779272,0.4485876,-0.1673707,0,0,0,0,0.5,0.225496,0,0,0,1.537871,0.8892943,0.4543958,0.05176775,0,0,1
111,-0.03437161,0.001051917,-0.2255495,-0.03785735,-6.269549E-05,-0.01784787,1.39234,0.9569362,0.225674,-0.1826044,1,0.5,0,-0.1622847,-0.4834339,0.2238601,-2.467144,0.4673215,-0.08893389,1.187115,0.9975227,-0.03404269,0.06156079,1,1,1,-0.1802121,-0.4771951,-0.2267366,-2.016391,0.5223351,-0.1063258,1.201499,0.9785536,-0.03008823,-0.203783,1,1,0,-0.0403745,0.001442655,0.225386,-0.2889551,0.02086872,-0.02389402,1.357762,0.9715158,0.2300847,0.05672739,1,0.5,1,0,0.5,-0.225496,0,0,0,1.593246,0.8815112,0.4423751,-0.1650527,0,0,0,0,0.5,0.225496,0,0,0,1.56723,0.8926049,0.4479423,0.05103253,0,0,1
112,-0.0398415,0.001373528,-0.2252196,-0.1780958,0.004227415,0.008761887,1.418791,0.9581344,0.2227307,-0.1799152,1,0.5,0,-0.2546845,-0.4555665,0.220028,-2.249915,0.7621455,-0.1017347,1.126963,0.9979427,-0.01817281,0.06148138,1,1,1,-0.2547946,-0.4499291,-0.2309141,-1.811238,0.7196072,-0.1058229,1.16117,0.9773269,-0.01440494,-0.2112451,1,1,0,-0.0552715,0.002938137,0.22556,-0.4021337,0.04091693,0.004108252,1.375785,0.9718758,0.2286713,0.0562751,1,0.5,1,0,0.5,-0.225496,0,0,0,1.622465,0.884962,0.4362851,-0.1627805,0,0,0,0,0.5,0.225496,0,0,0,1.596812,0.895789,0.4416228,0.05031257,0,0,1
113,-0.05259704,0.002643842,-0.2251555,-0.3599677,0.0312514,0.006897005,1.43888,0.9588712,0.2210781,-0.178018,1,0.5,0,-0.3366433,-0.4203318,0.2149166,-1.979957,0.9084884,-0.1272813,1.077957,0.9981828,0.003592109,0.06015155,1,1,1,-0.3204551,-0.4194178,-0.2357668,-1.586085,0.7648277,-0.1175069,1.130576,0.9758992,0.004036715,-0.2181847,1,1,0,-0.07486577,0.005501443,0.2252729,-0.5243322,0.06873953,0.0007510188,1.389803,0.9719885,0.2283314,0.05570574,1,0.5,1,0,0.5,-0.225496,0,0,0,1.652107,0.8883073,0.4302759,-0.1605384,0,0,0,0,0.5,0.225496,0,0,0,1.626812,0.8988727,0.4353935,0.04960288,0,0,1
114,-0.07153717,0.005144649,-0.2250255,-0.5036976,0.06820114,0.007448348,1.453052,0.959197,0.2207544,-0.1766597,1,0.5,0,-0.4076854,-0.3833983,0.210247,-1.711067,0.9168912,-0.1069002,1.040449,0.9978993,0.02765538,0.05858486,1,1,1,-0.3771697,-0.3903433,-0.2396327,-1.363522,0.7055822,-0.08353296,1.108845,0.9744439,0.0221629,-0.2235348,1,1,0,-0.09929825,0.009796218,0.2251102,-0.6398688,0.1188895,-0.001262874,1.399265,0.9717445,0.2294552,0.05534256,1,0.5,1,0,0.5,-0.225496,0,0,0,1.681622,0.8914921,0.4244549,-0.1583666,0,0,0,0,0.5,0.225496,0,0,0,1.656672,0.9018053,0.4293652,0.0489161,0,0,1
115,-0.09551725,0.009128201,-0.2249496,-0.6248957,0.1082638,0.004554542,1.462518,0.959138,0.2217194,-0.1757689,1,0.5,0,-0.4681331,-0.3485938,0.2066983,-1.446342,0.8480865,-0.07617775,1.014177,0.9970497,0.05112095,0.05725769,1,1,1,-0.425525,-0.3661752,-0.2419459,-1.157722,0.5668166,-0.04506784,1.095078,0.9731923,0.03750589,-0.2269142,1,1,0,-0.1268667,0.01630931,0.2248696,-0.7061674,0.1716467,-0.004006924,1.405977,0.971143,0.2320644,0.05502146,1,0.5,1,0,0.5,-0.225496,0,0,0,1.711042,0.8945299,0.4188071,-0.1562594,0,0,0,0,0.5,0.225496,0,0,0,1.686428,0.9046,0.4235218,0.04825038,0,0,1
116,-0.1228574,0.01515972,-0.2248366,-0.696745,0.1641065,0.0011459,1.469625,0.9587388,0.2239816,-0.1750773,1,0.5,0,-0.5186363,-0.3187762,0.2049827,-1.198574,0.7108557,-0.02891348,0.9988344,0.9958251,0.07153815,0.05669918,1,1,1,-0.4657249,-0.3482861,-0.2419065,-0.9560887,0.4046203,0.01761616,1.089198,0.9724959,0.04890133,-0.2277291,1,1,0,-0.1559778,0.0247103,0.2248433,-0.7333184,0.2297986,-0.001399965,1.412075,0.9702734,0.2357179,0.05483221,1,0.5,1,0,0.5,-0.225496,0,0,0,1.740942,0.8974856,0.4132191,-0.1541744,0,0,0,0,0.5,0.225496,0,0,0,1.71666,0.9073167,0.4177455,0.04759231,0,0,1
117,-0.1520822,0.02352109,-0.224935,-0.7345262,0.2258094,-0.004047902,1.411292,0.9550468,0.2351923,-0.1804722,1,0.5,0,-0.5591337,-0.2957927,0.2051063,-0.951365,0.5240472,0.01665504,0.9268262,0.9940395,0.09125657,0.05964729,1,1,1,-0.498205,-0.3369725,-0.2398005,-0.7629725,0.2463923,0.06653595,1.02498,0.970013,0.05837943,-0.2359379,1,1,0,-0.1848119,0.03509775,0.2248524,-0.7188494,0.2631986,0.000727922,1.353962,0.9669256,0.2487094,0.05655586,1,0.5,1,0,0.5,-0.225496,0,0,0,1.710695,0.8944948,0.4188727,-0.1562839,0,0,0,0,0.5,0.225496,0,0,0,1.686078,0.9045678,0.4235897,0.04825812,0,0,1
118,-0.1812875,0.03371363,-0.2249144,-0.7239062,0.2658978,0.002246351,1.354489,0.9507668,0.2478923,-0.1859889,1,0.5,0,-0.5890468,-0.281371,0.2071691,-0.6820861,0.2987341,0.06006288,0.865906,0.9923283,0.105885,0.06381779,1,1,1,-0.5233191,-0.3309734,-0.2362673,-0.5813184,0.1251683,0.09779263,0.968209,0.9679514,0.06472283,-0.2426544,1,1,0,-0.2124703,0.04709782,0.2248921,-0.6807516,0.3072777,0.004095586,1.298516,0.9630181,0.2630489,0.05832146,1,0.5,1,0,0.5,-0.225496,0,0,0,1.681243,0.8914521,0.4245285,-0.1583941,0,0,0,0,0.5,0.225496,0,0,0,1.65629,0.9017686,0.4294414,0.04892478,0,0,1
119,-0.20868,0.04528472,-0.2248338,-1.369626,0.5785546,0.004033001,1.316034,0.9468883,0.2595132,-0.1898829,1,0.5,0,-0.6075013,-0.276937,0.21036,-0.922725,0.2217011,0.1595453,0.832213,0.991403,0.1118913,0.06782699,1,1,1,-0.5412297,-0.3281261,-0.232898,-0.8955303,0.1423628,0.1684636,0.9345636,0.9668665,0.06822556,-0.2459968,1,1,0,-0.2381977,0.06003688,0.2249427,-1.286372,0.646953,0.002532453,1.261692,0.959341,0.275892,0.05956928,1,0.5,1,0,0.5,-0.225496,0,0,0,1.666803,0.8899108,0.4273577,-0.1594497,0,0,0,0,0.5,0.225496,0,0,0,1.641681,0.9003494,0.4323707,0.0492585,0,0,1
120,-0.2326369,0.05721582,-0.2250217,-0.5711975,0.2995379,0.002152474,1.26615,0.9417968,0.2735985,-0.1953525,1,0.5,0,-0.6134721,-0.2812912,0.2141519,-0.07663074,-0.1598299,0.1042389,0.7940865,0.9910612,0.1118232,0.07275548,1,1,1,-0.5517665,-0.3275802,-0.2301938,-0.2114088,0.002603234,0.06928,0.8925737,0.9652807,0.07067478,-0.2514724,1,1,0,-0.2609369,0.07328856,0.2248835,-0.5448299,0.3262942,0.005133452,1.212802,0.9546076,0.2915039,0.06123503,1,0.5,1,0,0.5,-0.225496,0,0,0,1.638136,0.8867495,0.4330875,-0.1615875,0,0,0,0,0.5,0.225496,0,0,0,1.612673,0.897437,0.4383073,0.04993484,0,0,1
121,-0.2524228,0.06813572,-0.2249664,-0.4704053,0.2712389,-0.003032387,1.219561,0.9365777,0.2873616,-0.2006131,1,0.5,0,-0.6075903,-0.2920506,0.2188124,0.2201737,-0.2998413,0.1144246,0.7663224,0.9913234,0.1057783,0.07803097,1,1,1,-0.5546372,-0.3302751,-0.2274316,-0.01474619,-0.08188489,0.06203878,0.857015,0.9640926,0.07054079,-0.2560263,1,1,0,-0.278686,0.08457215,0.2249134,-0.4039647,0.2617405,-0.003392996,1.167784,0.9499065,0.306138,0.06290583,1,0.5,1,0,0.5,-0.225496,0,0,0,1.60887,0.8833759,0.4390977,-0.1638299,0,0,0,0,0.5,0.225496,0,0,0,1.58305,0.8943259,0.4445405,0.05064497,0,0,1
122,-0.2676409,0.0774888,-0.2250974,-0.3487886,0.2182589,-0.007886442,1.177596,0.9314551,0.3001251,-0.2057095,1,0.5,0,-0.59065,-0.306854,0.2231365,0.488341,-0.3915073,0.0997648,0.7495728,0.9920161,0.09534938,0.08253741,1,1,1,-0.5487954,-0.3358505,-0.2250329,0.1998068,-0.1586944,0.05161019,0.830147,0.9633905,0.0677741,-0.2593946,1,1,0,-0.2890668,0.09203459,0.2251194,-0.2076671,0.160138,-0.001700223,1.129308,0.9459106,0.3179476,0.0645178,1,0.5,1,0,0.5,-0.225496,0,0,0,1.580059,0.8799012,0.4451797,-0.1660991,0,0,0,0,0.5,0.225496,0,0,0,1.553876,0.8911182,0.4508548,0.05136434,0,0,1
123,-0.2766574,0.08346317,-0.2252549,-0.1844288,0.1205828,-0.001993031,1.140879,0.9270001,0.3104819,-0.2104086,1,0.5,0,-0.5641429,-0.3253027,0.2258162,0.7188681,-0.4844667,0.05200433,0.7422273,0.9930624,0.08106193,0.08518263,1,1,1,-0.5349823,-0.3445885,-0.2238212,0.3915818,-0.2423421,0.0188917,0.8112698,0.963013,0.06208597,-0.2622048,1,1,0,-0.2917142,0.0939494,0.2253687,-0.02090187,0.01208596,0.00242442,1.096747,0.9431915,0.3256305,0.06598964,1,0.5,1,0,0.5,-0.225496,0,0,0,1.551525,0.8763002,0.4513715,-0.1684093,0,0,0,0,0.5,0.225496,0,0,0,1.524974,0.8877904,0.4572899,0.05209747,0,0,1
124,-0.2782351,0.08462534,-0.2254515,0.01339019,-0.002723933,-0.0004112722,1.109841,0.9237655,0.31719,-0.2145874,1,0.5,0,-0.5293782,-0.3469046,0.2263516,0.9188447,-0.5536276,0.001280755,0.7430582,0.9942994,0.06362966,0.08555638,1,1,1,-0.5135599,-0.3565162,-0.2243043,0.5850556,-0.3108011,-0.02328233,0.8001355,0.9628152,0.05344352,-0.2648219,1,1,0,-0.2864589,0.09005667,0.2254083,0.1853377,-0.1319528,0.002249331,1.069887,0.9420369,0.3287222,0.0671439,1,0.5,1,0,0.5,-0.225496,0,0,0,1.523192,0.8725571,0.4576927,-0.1707678,0,0,0,0,0.5,0.225496,0,0,0,1.496263,0.8843274,0.4638667,0.05284674,0,0,1
125,-0.2714891,0.08011988,-0.2254618,0.2267421,-0.1472623,-0.001561642,1.084093,0.9221492,0.3195014,-0.2180818,1,0.5,0,-0.4873867,-0.3709407,0.2257877,1.09109,-0.6174015,-0.02638699,0.7505716,0.9954426,0.04402734,0.08459152,1,1,1,-0.4855352,-0.3718707,-0.2252205,0.7420856,-0.3996463,-0.03373624,0.7947692,0.9628927,0.04180612,-0.2666271,1,1,0,-0.2723347,0.08056583,0.2255293,0.4049213,-0.2733619,-0.0006586316,1.048911,0.942549,0.3270465,0.06813128,1,0.5,1,0,0.5,-0.225496,0,0,0,1.494383,0.8685687,0.4643039,-0.1732345,0,0,0,0,0.5,0.225496,0,0,0,1.46706,0.8806334,0.4707532,0.0536313,0,0,1
126,-0.2557431,0.07018849,-0.22546,0.4511001,-0.2742061,0.004224481,1.065473,0.9224103,0.3169575,-0.2206745,1,0.5,0,-0.4386404,-0.3962861,0.2241443,1.2571,-0.6437647,-0.03791229,0.7657529,0.9963329,0.0234753,0.08227851,1,1,1,-0.4514077,-0.3899947,-0.2266081,0.8905474,-0.4668074,-0.0253223,0.7960695,0.9631767,0.02778037,-0.2674302,1,1,0,-0.2490114,0.06629431,0.2254314,0.6423491,-0.3850234,0.003690274,1.035616,0.9447285,0.3205842,0.06865737,1,0.5,1,0,0.5,-0.225496,0,0,0,1.466214,0.8644793,0.4709558,-0.1757163,0,0,0,0,0.5,0.225496,0,0,0,1.438495,0.8768411,0.4776903,0.05442161,0,0,1
127,-0.2308203,0.05642039,-0.2253379,0.6758953,-0.3665525,0.009419028,1.053334,0.9241858,0.310571,-0.2223205,1,0.5,0,-0.383599,-0.4220144,0.2229725,1.414469,-0.6419542,-0.02205224,0.7869226,0.9967889,0.003097034,0.08001451,1,1,1,-0.4114784,-0.4099078,-0.2270176,1.029337,-0.5173447,-9.387735E-05,0.8021063,0.9637544,0.01235858,-0.2665048,1,1,0,-0.2161133,0.04899219,0.2253826,0.8800637,-0.4464013,-0.0003241004,1.029713,0.9480703,0.3105106,0.0688904,1,0.5,1,0,0.5,-0.225496,0,0,0,1.437446,0.8600959,0.4779489,-0.1783255,0,0,0,0,0.5,0.225496,0,0,0,1.409308,0.8727711,0.4849924,0.05525352,0,0,1
128,-0.1969527,0.04037031,-0.2252685,0.9058412,-0.4082551,-0.0007592145,1.050302,0.9273101,0.3008255,-0.2227105,1,0.5,0,-0.322391,-0.4463915,0.2225262,1.567688,-0.5954179,-0.01611785,0.8163296,0.9968417,-0.01549118,0.07788792,1,1,1,-0.3658392,-0.4303757,-0.2260157,1.177876,-0.5077602,0.0273578,0.8150692,0.9647584,-0.003327351,-0.263116,1,1,0,-0.1745204,0.03114947,0.2250756,1.086607,-0.4410024,-0.00958145,1.033542,0.9520722,0.2981004,0.06851826,1,0.5,1,0,0.5,-0.225496,0,0,0,1.410142,0.8557289,0.4847808,-0.1808746,0,0,0,0,0.5,0.225496,0,0,0,1.381596,0.8687112,0.4921355,0.0560673,0,0,1
129,-0.1548676,0.02454305,-0.2250603,1.095883,-0.3850238,0.01016036,1.054649,0.9309942,0.2898037,-0.2219539,1,0.5,0,-0.2551892,-0.4669398,0.2234509,1.715193,-0.4801484,0.03923179,0.8516341,0.9966065,-0.0302891,0.07653766,1,1,1,-0.3136643,-0.4496373,-0.2233828,1.348418,-0.4737141,0.0823513,0.83375,0.9661273,-0.01772241,-0.2574567,1,1,0,-0.126702,0.01626628,0.2249707,1.224426,-0.3487546,-0.002902747,1.043963,0.9556803,0.2864488,0.06798786,1,0.5,1,0,0.5,-0.225496,0,0,0,1.382553,0.8510978,0.4918852,-0.1835252,0,0,0,0,0.5,0.225496,0,0,0,1.353582,0.8644,0.4995731,0.05691465,0,0,1
130,-0.1065535,0.01114715,-0.2249644,1.242815,-0.310735,0.001314283,1.065896,0.9346305,0.2791674,-0.2202983,1,0.5,0,-0.1838879,-0.4825383,0.2253754,1.802697,-0.3546716,0.04334005,0.8913488,0.9962995,-0.04063563,0.07573611,1,1,1,-0.2542163,-0.4664484,-0.219817,1.532034,-0.3969224,0.08356649,0.8596435,0.9678065,-0.02974925,-0.2499309,1,1,0,-0.07484111,0.005338633,0.2249437,1.315291,-0.2492268,-0.003604592,1.059753,0.9586433,0.2765429,0.06728226,1,0.5,1,0,0.5,-0.225496,0,0,0,1.355268,0.8462864,0.4991192,-0.1862243,0,0,0,0,0.5,0.225496,0,0,0,1.325865,0.8599148,0.507157,0.05777865,0,0,1
131,-0.05476378,0.002715943,-0.2249013,1.301656,-0.1744206,-0.0001236797,1.081176,0.9374987,0.2711374,-0.2181296,1,0.5,0,-0.1094852,-0.492272,0.2273092,1.875479,-0.2062619,0.04278572,0.9331894,0.9961203,-0.0462409,0.07487437,1,1,1,-0.1874179,-0.4794343,-0.21672,1.718177,-0.2944977,0.07093924,0.8920904,0.9695464,-0.03838418,-0.2418808,1,1,0,-0.02214543,0.000159502,0.2249691,1.312512,-0.09080045,0.00377372,1.077264,0.9605044,0.2701891,0.06655141,1,0.5,1,0,0.5,-0.225496,0,0,0,1.327447,0.8411264,0.5067178,-0.1890594,0,0,0,0,0.5,0.225496,0,0,0,1.297589,0.8550978,0.5151345,0.0586875,0,0,1
132,-0.003898235,-0.0002851891,-0.2248744,1.254256,-0.04495764,0.0009119514,1.09651,0.9392722,0.2666535,-0.2160178,1,0.5,0,-0.033371,-0.495707,0.2288838,1.906617,-0.05428942,0.04140885,0.9757583,0.9961552,-0.0472347,0.07378158,1,1,1,-0.1131682,-0.4880962,-0.2148902,1.902294,-0.192237,0.04387276,0.9313999,0.9712779,-0.04338147,-0.2339599,1,1,0,0.02816329,0.0004389836,0.2250305,1.233603,0.03815814,0.002848358,1.093341,0.961262,0.2676382,0.06591837,1,0.5,1,0,0.5,-0.225496,0,0,0,1.299228,0.8356113,0.5146652,-0.1920246,0,0,0,0,0.5,0.225496,0,0,0,1.268893,0.8499412,0.5234911,0.05963955,0,0,1
133,0.04237347,0.0015287,-0.2250032,1.115956,0.0755083,-0.0064455,1.109656,0.9399555,0.2656025,-0.2143335,1,0.5,0,0.04282487,-0.4938982,0.230076,1.901438,0.07191899,0.01877398,1.018973,0.9963686,-0.04470005,0.07246743,1,1,1,-0.03233207,-0.4928262,-0.2147028,2.058529,-0.08374307,-0.01026467,0.9782414,0.9729802,-0.04520655,-0.2264196,1,1,0,0.07390158,0.005148365,0.2248651,1.112226,0.138873,-0.008462373,1.107006,0.9611247,0.2682929,0.06525496,1,0.5,1,0,0.5,-0.225496,0,0,0,1.271892,0.8299782,0.5226052,-0.1949871,0,0,0,0,0.5,0.225496,0,0,0,1.241081,0.8446659,0.5318535,0.06059224,0,0,1
134,0.08239304,0.006639931,-0.2249321,0.9581589,0.1475299,0.004046412,1.117961,0.9397066,0.2673982,-0.2131894,1,0.5,0,0.1184494,-0.4873705,0.2305307,1.885237,0.1864121,0.005451592,1.061591,0.9967174,-0.03929997,0.07078081,1,1,1,0.05310692,-0.4924908,-0.2156185,2.155812,0.04057439,-0.03233479,1.029872,0.9746717,-0.04346167,-0.2193769,1,1,0,0.1123301,0.012514,0.2250675,0.9106051,0.1933568,0.005785378,1.114591,0.9602093,0.2715944,0.06507371,1,0.5,1,0,0.5,-0.225496,0,0,0,1.244916,0.8241174,0.5306845,-0.1980015,0,0,0,0,0.5,0.225496,0,0,0,1.21362,0.8391682,0.5403764,0.06156323,0,0,1
135,0.1154284,0.01351059,-0.2251097,0.7788807,0.1843437,-0.008776788,1.120307,0.9386468,0.2712514,-0.2129903,1,0.5,0,0.1929587,-0.4769379,0.2295371,1.853007,0.2829881,-0.04390107,1.102984,0.9971563,-0.03177689,0.06833325,1,1,1,0.1401461,-0.4859543,-0.2182571,2.17571,0.2019406,-0.08541871,1.08333,0.9761791,-0.03786595,-0.2136365,1,1,0,0.1421856,0.02050765,0.2250869,0.6971258,0.1918887,0.0009819869,1.1142,0.9587739,0.2766123,0.06510154,1,0.5,1,0,0.5,-0.225496,0,0,0,1.218192,0.8179923,0.5389388,-0.2010812,0,0,0,0,0.5,0.225496,0,0,0,1.1864,0.833413,0.5490988,0.06255694,0,0,1
136,0.1420509,0.02039369,-0.2252408,0.6252865,0.1792233,-0.002488495,1.116959,0.9371221,0.2760699,-0.2135124,1,0.5,0,0.2652441,-0.4623792,0.2275887,1.78823,0.3892155,-0.04602971,1.142413,0.9976063,-0.02214986,0.06550649,1,1,1,0.2257696,-0.472578,-0.2215595,2.123123,0.3814177,-0.07609057,1.135743,0.9775416,-0.02847515,-0.20881,1,1,0,0.1627237,0.0270673,0.2251973,0.4533993,0.1504146,0.001651794,1.10484,0.9570802,0.282313,0.06555002,1,0.5,1,0,0.5,-0.225496,0,0,0,1.191929,0.8116399,0.5473043,-0.2042024,0,0,0,0,0.5,0.225496,0,0,0,1.159634,0.8274336,0.5579543,0.06356581,0,0,1
137,0.1623317,0.02711308,-0.2254426,0.4690329,0.1638005,-0.00524372,1.107989,0.9351169,0.2817887,-0.214829,1,0.5,0,0.3330991,-0.4427869,0.2255757,1.662876,0.5139397,-0.04940482,1.177834,0.9979682,-0.01000509,0.06292378,1,1,1,0.3070056,-0.4515633,-0.2246277,1.993599,0.5745115,-0.07409084,1.184167,0.9787221,-0.01517862,-0.204628,1,1,0,0.1749341,0.03141611,0.2254214,0.262797,0.08946344,0.009295348,1.087258,0.9552701,0.2881801,0.06641734,1,0.5,1,0,0.5,-0.225496,0,0,0,1.166133,0.8050534,0.5557781,-0.207364,0,0,0,0,0.5,0.225496,0,0,0,1.133328,0.8212225,0.5669407,0.0645896,0,0,1
138,0.1772613,0.03244139,-0.2255005,0.3406914,0.1220295,0.001620502,1.092864,0.9328011,0.2878095,-0.2169052,1,0.5,0,0.3939365,-0.4185661,0.2250789,1.471131,0.6323906,0.00663847,1.205756,0.9980913,0.004358103,0.06160252,1,1,1,0.3812506,-0.4240803,-0.2257063,1.805223,0.7253501,-0.00728369,1.224816,0.9797072,0.001112998,-0.2004308,1,1,0,0.1811887,0.03391147,0.2254425,0.126841,0.04311336,0.006273391,1.06269,0.9533258,0.2943076,0.06747498,1,0.5,1,0,0.5,-0.225496,0,0,0,1.139873,0.7979667,0.5646779,-0.2106846,0,0,0,0,0.5,0.225496,0,0,0,1.106532,0.8145272,0.5763969,0.06566691,0,0,1
139,0.1879312,0.03664128,-0.2255654,0.2437741,0.1013372,-0.001455099,1.073938,0.9302665,0.2939387,-0.2195547,1,0.5,0,0.4457689,-0.3909601,0.2261192,1.232467,0.7076252,0.03671424,1.225642,0.9979008,0.02030545,0.06149552,1,1,1,0.4459898,-0.3915857,-0.2249003,1.552487,0.8363236,0.03137217,1.256773,0.980343,0.01958951,-0.1963261,1,1,0,0.1837147,0.03484751,0.22536,0.04904421,0.01596623,-0.003036113,1.034594,0.9513689,0.3003058,0.0686566,1,0.5,1,0,0.5,-0.225496,0,0,0,1.114205,0.790637,0.5736569,-0.2140347,0,0,0,0,0.5,0.225496,0,0,0,1.080323,0.8075884,0.5859562,0.06675597,0,0,1
140,0.1956073,0.03973596,-0.2253571,0.1747423,0.07264934,0.007637593,1.051421,0.9275377,0.3001997,-0.222607,1,0.5,0,0.4874468,-0.3626461,0.2288122,0.9753603,0.7051158,0.08046108,1.235414,0.9973645,0.0365065,0.06270102,1,1,1,0.4998513,-0.3571517,-0.2219224,1.273744,0.8671257,0.08841086,1.277795,0.980566,0.03872677,-0.1923295,1,1,0,0.1847342,0.0352936,0.2254066,0.02303944,0.01206715,-0.0001884998,1.004477,0.9492519,0.3066139,0.07006197,1,0.5,1,0,0.5,-0.225496,0,0,0,1.088355,0.7828186,0.5829931,-0.2175181,0,0,0,0,0.5,0.225496,0,0,0,1.053909,0.8001716,0.5959165,0.06789071,0,0,1
141,0.2015616,0.04232564,-0.2253279,0.1391508,0.05398991,-0.000344217,1.027998,0.9246535,0.3064962,-0.2260002,1,0.5,0,0.5188694,-0.336719,0.2317615,0.7208648,0.6262648,0.07401261,1.23608,0.9965997,0.05142678,0.06437576,1,1,1,0.5422269,-0.3235279,-0.2184393,0.9932701,0.8195776,0.0925966,1.288833,0.980267,0.05728433,-0.1891955,1,1,0,0.1850179,0.03546728,0.2252935,0.006852302,0.005084092,-0.004037471,0.9743687,0.9470665,0.3129931,0.07141601,1,0.5,1,0,0.5,-0.225496,0,0,0,1.063365,0.7748079,0.5923122,-0.2209951,0,0,0,0,0.5,0.225496,0,0,0,1.028356,0.7925559,0.60588,0.06902582,0,0,1
142,0.2059612,0.04420741,-0.2252494,0.1058087,0.04599487,0.000485033,1.00223,0.9215247,0.3130062,-0.2298245,1,0.5,0,0.5406419,-0.3159606,0.2345714,0.4837962,0.4824372,0.06215649,1.226348,0.9957573,0.06374115,0.06636634,1,1,1,0.5739338,-0.2940854,-0.2147371,0.7257733,0.7051948,0.08434582,1.288871,0.979565,0.07374185,-0.187122,1,1,0,0.1851595,0.0353824,0.225189,-0.0009082261,-0.006203915,-0.005929919,0.9433231,0.9447231,0.3196667,0.07287971,1,0.5,1,0,0.5,-0.225496,0,0,0,1.037994,0.7661806,0.602083,-0.2246407,0,0,0,0,0.5,0.225496,0,0,0,1.002394,0.7843357,0.6163496,0.0702186,0,0,1
143,0.2088376,0.04551869,-0.2251578,0.06590935,0.02784469,-0.00121519,0.9749012,0.9181663,0.3196951,-0.2340209,1,0.5,0,0.5536008,-0.3022427,0.2365162,0.2686532,0.2986596,0.04080535,1.207449,0.9950325,0.07248082,0.06823992,1,1,1,0.5955243,-0.2709955,-0.2115046,0.4795106,0.5300688,0.0709914,1.278939,0.9786121,0.08713313,-0.1863496,1,1,0,0.1849171,0.03536692,0.2251399,-0.01302809,0.003426337,-0.004713239,0.9119382,0.9421687,0.3267614,0.07446495,1,0.5,1,0,0.5,-0.225496,0,0,0,1.012848,0.7570933,0.6120906,-0.2283746,0,0,0,0,0.5,0.225496,0,0,0,0.9766418,0.7756566,0.6270986,0.07144319,0,0,1
144,0.2100684,0.04610834,-0.2250672,0.02610983,0.009763058,-0.001171232,0.9467815,0.914676,0.3263163,-0.2385068,1,0.5,0,0.5586307,-0.2962527,0.2375277,0.07959011,0.1005754,0.0146933,1.181039,0.9945627,0.07718278,0.06991372,1,1,1,0.6078092,-0.2565899,-0.2090069,0.2509833,0.3001587,0.04915299,1.260412,0.9776556,0.09623316,-0.1868919,1,1,0,0.1841379,0.03492531,0.225,-0.03086926,-0.01547784,-0.006091597,0.8808472,0.9395723,0.3337989,0.07604029,1,0.5,1,0,0.5,-0.225496,0,0,0,0.9886938,0.7478153,0.6220218,-0.23208,0,0,0,0,0.5,0.225496,0,0,0,0.9518853,0.7667741,0.6377914,0.07266138,0,0,1
145,0.2101123,0.04605112,-0.2250776,0,0,0,0.9322422,0.9128643,0.3295889,-0.2409352,1,0.5,0,0.5583966,-0.29612,0.2378813,0,0,0,1.164991,0.9944357,0.07800637,0.07079995,1,1,1,0.6103992,-0.2530834,-0.2080682,0,0,0,1.247532,0.9772235,0.09894902,-0.1877322,1,1,0,0.1835121,0.03466543,0.2249899,0,0,0,0.8652081,0.9382031,0.3374324,0.07690395,1,0.5,1,0,0.5,-0.225496,0,0,0,0.9768133,0.7430394,0.6270258,-0.233947,0,0,0,0,0.5,0.225496,0,0,0,0.9397012,0.7621932,0.643189,0.07327631,0,0,1
146,0.208315,0.04529851,-0.2250269,-0.04310312,-0.01586974,0.001489372,0.8992083,0.9087017,0.3368323,-0.2465873,1,0.5,0,0.5470771,-0.3057196,0.2379513,-0.2716662,-0.2418936,-0.007275495,1.119013,0.9945717,0.07429238,0.07285383,1,1,1,0.6043103,-0.2594438,-0.2069871,-0.2220214,-0.2470435,0.00178814,1.20736,0.9766295,0.09755185,-0.1915162,1,1,0,0.179889,0.03328633,0.2249235,-0.07727596,-0.03072826,-0.002966077,0.8293208,0.9350918,0.3455045,0.07893015,1,0.5,1,0,0.5,-0.225496,0,0,0,0.9515946,0.7324,0.6379192,-0.2380114,0,0,0,0,0.5,0.225496,0,0,0,0.9138206,0.751968,0.6549628,0.07461767,0,0,1
147,0.2056277,0.04397041,-0.2249944,-0.07412139,-0.03231504,0.0004291536,0.8666798,0.904448,0.3438775,-0.2524325,1,0.5,0,0.5311924,-0.3200513,0.2376792,-0.447193,-0.3910975,-0.01113415,1.069663,0.9948987,0.06749774,0.07497101,1,1,1,0.5881186,-0.2775663,-0.2076547,-0.4735174,-0.5114393,-0.02253951,1.15807,0.976184,0.08952198,-0.1976121,1,1,0,0.1762194,0.03183637,0.2249165,-0.09368811,-0.03130344,-0.001937152,0.7948761,0.9318902,0.3535754,0.08102436,1,0.5,1,0,0.5,-0.225496,0,0,0,0.9278297,0.7216989,0.6485367,-0.2419728,0,0,0,0,0.5,0.225496,0,0,0,0.8894098,0.7416553,0.6664701,0.07592864,0,0,1
148,0.2016096,0.04226659,-0.2249995,-0.1091019,-0.04810115,-0.007710609,0.8325094,0.8997065,0.3514171,-0.2589096,1,0.5,0,0.5076212,-0.3401062,0.2364937,-0.6401988,-0.5354362,-0.03893079,1.011823,0.9954067,0.0568147,0.07705513,1,1,1,0.5615892,-0.3045016,-0.209833,-0.7260594,-0.7227871,-0.06729665,1.097985,0.975508,0.07603224,-0.2064055,1,1,0,0.1721066,0.03045572,0.2249033,-0.1055927,-0.03238666,-0.009336326,0.7596705,0.9283098,0.3623612,0.0832784,1,0.5,1,0,0.5,-0.225496,0,0,0,0.9040537,0.7102705,0.659519,-0.2460704,0,0,0,0,0.5,0.225496,0,0,0,0.8649647,0.7306107,0.6784058,0.07728844,0,0,1
149,0.1960121,0.03974492,-0.2250648,-0.1465962,-0.07159117,-0.0030607,0.7980762,0.8947629,0.3587963,-0.2658278,1,0.5,0,0.4756268,-0.3652857,0.2339498,-0.8554075,-0.6561297,-0.07594454,0.9468577,0.9960102,0.04196289,0.07875673,1,1,1,0.524191,-0.3372959,-0.2135669,-1.00396,-0.8471329,-0.1065158,1.029114,0.974191,0.05801012,-0.2181439,1,1,0,0.1682535,0.02901201,0.2249727,-0.09728748,-0.03590911,-0.001263619,0.7261147,0.9246375,0.3711007,0.08561412,1,0.5,1,0,0.5,-0.225496,0,0,0,0.8816487,0.6987726,0.6702138,-0.2500607,0,0,0,0,0.5,0.225496,0,0,0,0.8419073,0.7194672,0.6900626,0.07861646,0,0,1
150,0.1881363,0.03668812,-0.2250844,-0.2118618,-0.08715376,-0.001008809,0.7611469,0.8891164,0.3668788,-0.2736274,1,0.5,0,0.4342367,-0.3935236,0.2305385,-1.093691,-0.7201391,-0.08701611,0.8722517,0.9964694,0.02366648,0.08055265,1,1,1,0.475423,-0.3725915,-0.2181743,-1.287815,-0.8905742,-0.1177565,0.9496031,0.9717095,0.03684352,-0.2332875,1,1,0,0.165086,0.02795936,0.2251892,-0.07440302,-0.02664087,0.004970284,0.6930258,0.9205636,0.3805109,0.08817008,1,0.5,1,0,0.5,-0.225496,0,0,0,0.859283,0.6865165,0.6812415,-0.2541752,0,0,0,0,0.5,0.225496,0,0,0,0.8188677,0.707554,0.7021174,0.07998983,0,0,1
151,0.1776109,0.03261295,-0.2253811,-0.2818936,-0.11092,-0.005033614,0.722279,0.8828192,0.3752114,-0.2825714,1,0.5,0,0.3829817,-0.4217809,0.2269648,-1.340451,-0.6990778,-0.08395317,0.7888753,0.9965449,0.003273439,0.08299082,1,1,1,0.4155971,-0.4072506,-0.2226052,-1.56123,-0.8559842,-0.1022198,0.8609987,0.9676992,0.01377622,-0.2517307,1,1,0,0.1620429,0.02688667,0.2253191,-0.07941651,-0.02764139,0.008034709,0.6606873,0.916253,0.3901883,0.09073853,1,0.5,1,0,0.5,-0.225496,0,0,0,0.8376989,0.673874,0.6922335,-0.2582763,0,0,0,0,0.5,0.225496,0,0,0,0.7966111,0.6952281,0.7141694,0.08136287,0,0,1
152,0.1635743,0.02739078,-0.2254218,-0.375952,-0.1385066,-0.0006064775,0.6796618,0.8755243,0.3843396,-0.2928143,1,0.5,0,0.3224355,-0.4465865,0.2254811,-1.566236,-0.5875843,-0.01583323,0.6965201,0.995958,-0.0172053,0.0881566,1,1,1,0.3456642,-0.4381599,-0.2248807,-1.806507,-0.7410067,-0.03817455,0.7629739,0.9619459,-0.009628024,-0.2730703,1,1,0,0.1574362,0.02539763,0.225592,-0.137163,-0.03485374,0.01214967,0.6264949,0.9113974,0.4007099,0.09373501,1,0.5,1,0,0.5,-0.225496,0,0,0,0.8162204,0.6604124,0.7035296,-0.262491,0,0,0,0,0.5,0.225496,0,0,0,0.7744403,0.6820628,0.7265935,0.0827783,0,0,1
153,0.1449262,0.02132742,-0.2255141,-0.4941711,-0.1606208,-0.003273041,0.6332467,0.8667355,0.3947309,-0.3048887,1,0.5,0,0.2548983,-0.4661936,0.2252942,-1.725852,-0.4539775,0.002627821,0.5979967,0.994718,-0.03660626,0.09589664,1,1,1,0.2676597,-0.4634052,-0.2254572,-1.994135,-0.5906733,-0.005877765,0.6583061,0.9539434,-0.03229298,-0.2982434,1,1,0,0.1484807,0.02229099,0.2254479,-0.2555759,-0.09310696,-0.0008977953,0.5880466,0.9060085,0.4120145,0.0969149,1,0.5,1,0,0.5,-0.225496,0,0,0,0.7953427,0.6463917,0.7148687,-0.2667217,0,0,0,0,0.5,0.225496,0,0,0,0.7528666,0.6683064,0.739105,0.08420369,0,0,1
154,0.1211069,0.01474142,-0.2253835,-0.6358749,-0.1640439,0.005582722,0.582459,0.8558081,0.4071669,-0.319073,1,0.5,0,0.1826887,-0.4796523,0.2274332,-1.825958,-0.3006534,0.05857574,0.4952303,0.9926938,-0.05390945,0.1079481,1,1,1,0.1840115,-0.4812244,-0.2235039,-2.115996,-0.396459,0.05807879,0.5486768,0.9433619,-0.05266107,-0.3275594,1,1,0,0.1326879,0.01778641,0.2254304,-0.4394563,-0.1274067,0.004012884,0.5429897,0.8992977,0.4254945,0.1010848,1,0.5,1,0,0.5,-0.225496,0,0,0,0.774874,0.631647,0.7263463,-0.2710041,0,0,0,0,0.5,0.225496,0,0,0,0.7316922,0.6537918,0.7518112,0.08565126,0,0,1
155,0.09055277,0.008206667,-0.2252771,-0.80549,-0.163495,0.003231318,0.5263631,0.8413412,0.4230537,-0.3364083,1,0.5,0,0.1083587,-0.4880793,0.2294831,-1.86418,-0.1848624,0.05117731,0.3902689,0.9899566,-0.06973097,0.1229776,1,1,1,0.09782671,-0.4918058,-0.221293,-2.16237,-0.219451,0.05804601,0.4376013,0.9287482,-0.07018526,-0.3640065,1,1,0,0.1093615,0.01201055,0.2252698,-0.633237,-0.1485963,-0.007275495,0.4906775,0.8906333,0.4421323,0.1062604,1,0.5,1,0,0.5,-0.225496,0,0,0,0.7547208,0.6160485,0.7380128,-0.2753569,0,0,0,0,0.5,0.225496,0,0,0,0.7108204,0.6383843,0.7647707,0.0871277,0,0,1
156,0.05363227,0.002766527,-0.2251883,-0.9587625,-0.1251965,-0.002539904,0.4662744,0.8218786,0.4437316,-0.3572363,1,0.5,0,0.03406618,-0.4919951,0.2311913,-1.851524,-0.07478449,0.0389971,0.2853121,0.9863521,-0.08403674,0.1415887,1,1,1,0.01159523,-0.495448,-0.2192066,-2.148979,-0.0496343,0.05139263,0.3279937,0.9083684,-0.08387503,-0.4096729,1,1,0,0.07766287,0.006087441,0.2251723,-0.8452575,-0.1473513,-0.003751369,0.4312342,0.8786092,0.4639944,0.1129386,1,0.5,1,0,0.5,-0.225496,0,0,0,0.7350001,0.5996178,0.7497975,-0.2797538,0,0,0,0,0.5,0.225496,0,0,0,0.6903727,0.6220976,0.7779076,0.08862434,0,0,1
157,0.01141883,6.592515E-05,-0.2250986,-1.079502,-0.05318548,-0.002530218,0.4042148,0.795179,0.4711999,-0.3816556,1,0.5,0,-0.03856883,-0.4925852,0.2312443,-1.800135,0.009302799,-0.005894902,0.1814714,0.9817359,-0.09770792,0.1632413,1,1,1,-0.07269112,-0.492874,-0.2184369,-2.090266,0.09495471,0.01366363,0.2225739,0.8786681,-0.09254966,-0.4683768,1,1,0,0.03836682,0.001321571,0.2251567,-1.031034,-0.1044429,-0.002212078,0.3660941,0.8612928,0.4933893,0.1214148,1,0.5,1,0,0.5,-0.225496,0,0,0,0.7155379,0.582124,0.7618027,-0.284233,0,0,0,0,0.5,0.225496,0,0,0,0.6701685,0.6046939,0.791339,0.09015454,0,0,1
158,-0.03396585,0.001029621,-0.2251445,-1.147111,0.04948301,0.002107025,0.3438595,0.7593637,0.5060435,-0.409007,1,0.5,0,-0.1081505,-0.4898798,0.229602,-1.716463,0.08853678,-0.05018787,0.08063918,0.975841,-0.1100163,0.188761,1,1,1,-0.1533925,-0.4845434,-0.2191099,-1.990729,0.2429576,-0.02650918,0.1246992,0.8345931,-0.09371457,-0.5428371,1,1,0,-0.007448681,-2.092265E-05,0.2251043,-1.179953,-0.008977956,0.00370741,0.2986315,0.8355711,0.5333863,0.1316056,1,0.5,1,0,0.5,-0.225496,0,0,0,0.6967236,0.5638412,0.7737793,-0.2887016,0,0,0,0,0.5,0.225496,0,0,0,0.6506126,0.5864372,0.8047887,0.09168681,0,0,1
159,-0.08013713,0.006377565,-0.2251577,-1.153984,0.164797,-0.0006243589,0.2887211,0.7127182,0.5482008,-0.4376169,1,0.5,0,-0.173596,-0.4831699,0.2270425,-1.609102,0.1952112,-0.07268417,-0.01586711,0.9680752,-0.1180871,0.2211015,1,1,1,-0.2289553,-0.4710336,-0.2203421,-1.853485,0.3618838,-0.03829227,0.03730094,0.7692481,-0.08381449,-0.6334291,1,1,0,-0.05756702,0.003134324,0.2252287,-1.264971,0.1145334,0.005511197,0.2328782,0.7978215,0.5855466,0.1435828,1,0.5,1,0,0.5,-0.225496,0,0,0,0.6787103,0.5448947,0.7856044,-0.2931136,0,0,0,0,0.5,0.225496,0,0,0,0.6318657,0.5674463,0.8181182,0.0932054,0,0,1
160,-0.1256998,0.01574676,-0.2253556,-1.132192,0.2635274,-0.003400446,0.2408586,0.6535814,0.5962633,-0.4661559,1,0.5,0,-0.2350162,-0.4719155,0.2246825,-1.514906,0.3107847,-0.04878195,-0.1080652,0.9565238,-0.1171509,0.2670915,1,1,1,-0.2975662,-0.4538025,-0.2216175,-1.663744,0.4483031,-0.02218858,-0.03628153,0.6735658,-0.05995555,-0.7366916,1,1,0,-0.1074156,0.01160629,0.2252415,-1.226241,0.2449557,-0.003539772,0.1745938,0.744886,0.6486959,0.1560072,1,0.5,1,0,0.5,-0.225496,0,0,0,0.6613936,0.5251545,0.7973179,-0.297484,0,0,0,0,0.5,0.225496,0,0,0,0.6138209,0.5475846,0.8313724,0.0947154,0,0,1
161,-0.1696223,0.02953641,-0.2252174,-1.079457,0.3745768,0.002779068,0.2029334,0.5821013,0.6480506,-0.4911096,1,0.5,0,-0.2940772,-0.4560327,0.2231784,-1.464883,0.4230799,-0.04718455,-0.1956725,0.9355826,-0.09868545,0.3390374,1,1,1,-0.3568354,-0.4342164,-0.2229332,-1.417472,0.5083384,-0.04919173,-0.091418,0.5432577,-0.0201095,-0.8393251,1,1,0,-0.1511327,0.023136,0.2253679,-1.04006,0.2988624,0.001443178,0.1290671,0.6798449,0.7139715,0.1674986,1,0.5,1,0,0.5,-0.225496,0,0,0,0.6453619,0.5053431,0.8084781,-0.3016479,0,0,0,0,0.5,0.225496,0,0,0,0.5970942,0.5275761,0.8440478,0.09615947,0,0,1
162,-0.2094514,0.04530863,-0.2238586,-0.9619322,0.3911618,0.07193986,0.1739641,0.5006605,0.6993082,-0.510203,1,0.5,0,-0.3194016,-0.4462007,0.2218489,0.1606405,0.01444072,-0.04452543,-0.2499458,0.9097112,-0.0807853,0.4073073,1,1,1,-0.4056006,-0.4145922,-0.2197594,-1.140984,0.4677372,0.1928062,-0.1318613,0.3837631,0.03098776,-0.9229115,1,1,0,-0.1871417,0.03607586,0.2265029,-0.8601684,0.3253255,0.0607826,0.09520394,0.6043929,0.776332,0.1789352,1,0.5,1,0,0.5,-0.225496,0,0,0,0.6295662,0.4841493,0.8197837,-0.3058661,0,0,0,0,0.5,0.225496,0,0,0,0.5805932,0.5060912,0.8569367,0.09762786,0,0,1
163,-0.2493439,0.06476327,-0.2240795,-1.105415,0.5477476,0.05425068,0.1555536,0.4050616,0.7486241,-0.5248687,1,0.5,0,-0.2797833,-0.4511398,0.2012138,0.9740162,-0.09701703,-0.5029665,-0.2500005,0.9404023,-0.1005595,0.3248559,1,1,1,-0.4288147,-0.4021324,-0.2218535,-0.3102989,0.2225296,-0.05501809,-0.1466711,0.2435939,0.06755067,-0.967522,1,1,0,-0.2048233,0.04284423,0.2243599,-0.2204427,0.101091,-0.03095047,0.07170206,0.5423458,0.8200849,0.1825424,1,0.5,1,0,0.5,-0.225496,0,0,0,0.6144274,0.4620161,0.8309199,-0.3100211,0,0,0,0,0.5,0.225496,0,0,0,0.5647584,0.4835683,0.8696808,0.09907975,0,0,1
164,-0.2774577,0.08287154,-0.2219053,-0.4824849,0.3503425,-0.0001326204,0.1463587,0.3168032,0.7872897,-0.5289714,1,0.5,0,-0.2400878,-0.4548738,0.1751146,0.9964299,-0.09241108,-0.700264,-0.2499953,0.9685356,-0.1154931,0.2204542,1,1,1,-0.4095407,-0.3992251,-0.2392001,0.7132146,5.215409E-05,-0.5667651,-0.1325427,0.1978069,0.07286522,-0.977529,1,1,0,-0.2028931,0.04171086,0.2211238,0.04971402,-0.04744066,-0.1166769,0.05408162,0.5041372,0.8441191,0.182507,1,0.5,1,0,0.5,-0.225496,0,0,0,0.5997207,0.4384988,0.842032,-0.314167,0,0,0,0,0.5,0.225496,0,0,0,0.5493557,0.4595451,0.8824462,0.1005341,0,0,1
165,-0.2826432,0.08691129,-0.2214902,0.01947135,-0.00508167,-0.01507924,0.1385775,0.2624482,0.8032092,-0.534767,1,0.5,0,-0.2064397,-0.454128,0.1678167,0.8085805,0.05973729,-0.01519174,-0.2499708,0.9750742,-0.1124987,0.1912445,1,1,1,-0.3588942,-0.4062559,-0.2540315,1.410449,-0.2499879,-0.2809936,-0.1144707,0.2369275,0.05121288,-0.9701766,1,1,0,-0.2051749,0.04313166,0.2208004,-0.1462781,0.07277805,0.0189215,0.03879547,0.4548328,0.8707045,0.1870848,1,0.5,1,0,0.5,-0.225496,0,0,0,0.586074,0.4145544,0.8526123,-0.3181146,0,0,0,0,0.5,0.225496,0,0,0,0.5350451,0.4349924,0.8946469,0.1019241,0,0,1
166,-0.2679892,0.07737356,-0.2235519,0.4538314,-0.29317,-0.04491063,0.1274086,0.2376332,0.8023058,-0.5475728,1,0.5,0,-0.1763508,-0.4492427,0.1834526,0.7311935,0.1260132,0.4974434,-0.2499638,0.9627864,-0.0929575,0.2537737,1,1,1,-0.2904667,-0.4213981,-0.2519891,1.79171,-0.4068048,0.1543582,-0.107026,0.3221984,0.01171043,-0.9465997,1,1,0,-0.214304,0.04767591,0.2233439,-0.2050125,0.1063308,0.07426444,0.02551675,0.3858645,0.9013526,0.196652,1,0.5,1,0,0.5,-0.225496,0,0,0,0.572754,0.3887958,0.8631988,-0.3220645,0,0,0,0,0.5,0.225496,0,0,0,0.5210598,0.4084798,0.9069009,0.1033201,0,0,1
167,-0.2393494,0.06068829,-0.2251052,0.7915619,-0.4464954,-0.0277877,0.1141201,0.2369815,0.7924969,-0.5619506,1,0.5,0,-0.1508604,-0.4470209,0.2071627,0.609036,0.02602191,0.6025466,-0.2493877,0.9338096,-0.08387825,0.3477992,1,1,1,-0.2140348,-0.4385365,-0.239255,1.934543,-0.4359649,0.3685603,-0.1019913,0.4292613,-0.03149797,-0.902631,1,1,0,-0.2151056,0.04850348,0.2250378,0.05862566,-0.01810641,0.03454165,0.01479256,0.3298008,0.9217373,0.2040391,1,0.5,1,0,0.5,-0.225496,0,0,0,0.5606506,0.3628759,0.8730491,-0.3257397,0,0,0,0,0.5,0.225496,0,0,0,0.5083361,0.3817026,0.9183446,0.1046238,0,0,1
168,-0.19709,0.04042142,-0.2255585,1.145192,-0.5251777,-0.006154182,0.1006788,0.2571288,0.7764906,-0.57528,1,0.5,0,-0.1280207,-0.4506809,0.2298914,0.5672211,-0.1244858,0.5467507,-0.2497063,0.8930351,-0.09860767,0.43905,1,1,1,-0.1364905,-0.4559593,-0.2210015,1.932689,-0.4441561,0.482204,-0.09573942,0.531962,-0.07410886,-0.843519,1,1,0,-0.2039914,0.04343469,0.2254295,0.351643,-0.1535677,-0.00019148,0.003244877,0.293198,0.9328156,0.2094995,1,0.5,1,0,0.5,-0.225496,0,0,0,0.5490115,0.3351172,0.8827358,-0.3293539,0,0,0,0,0.5,0.225496,0,0,0,0.4960859,0.3529232,0.9296387,0.1059105,0,0,1
169,-0.1395234,0.01986368,-0.2242603,1.537491,-0.5028104,0.03538133,0.09117091,0.303414,0.7542044,-0.5823364,1,0.5,0,-0.106423,-0.4593118,0.2478789,0.5309025,-0.2381162,0.4032084,-0.2497878,0.8491588,-0.1331342,0.5110819,1,1,1,-0.06080899,-0.4734335,-0.200626,1.876888,-0.4316511,0.5026923,-0.08568338,0.6229146,-0.1144862,-0.7738671,1,1,0,-0.1822602,0.0343924,0.2244734,0.6047311,-0.244164,-0.04239829,-0.008528411,0.2780073,0.936763,0.2125726,1,0.5,1,0,0.5,-0.225496,0,0,0,0.5385259,0.307063,0.8916484,-0.3326792,0,0,0,0,0.5,0.225496,0,0,0,0.4850371,0.3237369,0.9400661,0.1070985,0,0,1
170,-0.0719823,0.004845539,-0.2216262,1.7011,-0.3095228,0.06378817,0.09012091,0.3630742,0.7300971,-0.5789088,1,0.5,0,-0.08042201,-0.471504,0.2545233,0.7046698,-0.3255756,0.05841704,-0.2499436,0.8230863,-0.181975,0.537972,1,1,1,0.01242527,-0.4868314,-0.1866022,1.818191,-0.2844588,0.2587498,-0.06767339,0.6908324,-0.140707,-0.7091911,1,1,0,-0.1488133,0.0228311,0.2225357,0.9253982,-0.2992419,-0.05546885,-0.01953253,0.286027,0.934155,0.2134081,1,0.5,1,0,0.5,-0.225496,0,0,0,0.5289688,0.2781814,0.8999301,-0.3357692,0,0,0,0,0.5,0.225496,0,0,0,0.4749557,0.2935928,0.9497867,0.1082059,0,0,1
171,-0.01765203,-0.000235862,-0.2219525,1.202514,-0.07550824,-0.04430937,0.09480053,0.3963621,0.7158099,-0.5749027,1,0.5,0,-0.04305725,-0.4881065,0.2401912,0.9963736,-0.4329415,-0.4969219,-0.2498985,0.8410632,-0.2483253,0.4805697,1,1,1,0.08382882,-0.4888884,-0.1926899,1.772202,0.02184958,-0.2957263,-0.03582454,0.7265297,-0.1354842,-0.6736459,1,1,0,-0.09523194,0.008821277,0.2223597,1.504461,-0.356723,0.01756773,-0.02611515,0.3337867,0.9175674,0.2160013,1,0.5,1,0,0.5,-0.225496,0,0,0,0.5203232,0.2483609,0.9075556,-0.3386143,0,0,0,0,0.5,0.225496,0,0,0,0.4658267,0.2623746,0.9587641,0.1092287,0,0,1
172,0.02288105,-0.0004588952,-0.2252897,1.046496,0.01066617,-0.08337426,0.0994792,0.4054072,0.7098513,-0.5759827,1,0.5,0,0.003222596,-0.5003329,0.2192088,1.246278,-0.2082408,-0.4434423,-0.2445317,0.8743737,-0.2909672,0.388341,1,1,1,0.1449116,-0.4851781,-0.2087324,1.391246,0.08296821,-0.3885703,-0.005188286,0.7377833,-0.1195972,-0.6643586,1,1,0,-0.01927107,-0.0006823691,0.2239165,1.957722,-0.1587563,0.02489612,-0.01828751,0.4170145,0.8829284,0.2157231,1,0.5,1,0,0.5,-0.225496,0,0,0,0.5125761,0.2174179,0.9144992,-0.341205,0,0,0,0,0.5,0.225496,0,0,0,0.457639,0.2298906,0.9669615,0.1101626,0,0,1
173,0.08219591,0.006348667,-0.2243987,1.596866,0.2481366,0.04042239,0.1150298,0.4384784,0.7029719,-0.5599707,1,0.5,0,0.07363459,-0.4974603,0.2202557,1.907097,0.1256913,0.06599503,-0.2113145,0.9044997,-0.2475369,0.3472836,1,1,1,0.1754738,-0.4847987,-0.2188549,0.5844617,0.03767909,-0.27923,1.645088E-05,0.7258865,-0.1175935,-0.6776875,1,1,0,0.04523142,0.001824194,0.2250399,1.480044,0.1044073,0.02055467,-0.001781017,0.4670893,0.8587071,0.2108307,1,0.5,1,0,0.5,-0.225496,0,0,0,0.5059785,0.1863672,0.9204968,-0.3434427,0,0,0,0,0.5,0.225496,0,0,0,0.4506601,0.1972118,0.97406,0.1109713,0,0,1
174,0.1427935,0.02057351,-0.2245094,1.457405,0.3777117,0.01506806,0.1379954,0.4674023,0.6999635,-0.5399873,1,0.5,0,0.1533918,-0.4870846,0.2174046,1.984707,0.3034295,-0.05856904,-0.1704917,0.9371504,-0.1853811,0.2956061,1,1,1,0.1914282,-0.4769928,-0.2318933,0.364452,0.2501071,-0.2531932,-0.003286988,0.6982607,-0.1026605,-0.7084439,1,1,0,0.1005917,0.01010055,0.2244127,1.385061,0.2467885,0.006384405,0.01635361,0.4957818,0.8445773,0.2022116,1,0.5,1,0,0.5,-0.225496,0,0,0,0.5004973,0.1553298,0.9255397,-0.3453242,0,0,0,0,0.5,0.225496,0,0,0,0.4448581,0.1644766,0.9800414,0.1116527,0,0,1
175,0.1895059,0.03695425,-0.2248538,1.075389,0.4050135,-0.01177416,0.1564619,0.4761225,0.7052264,-0.5253218,1,0.5,0,0.2304472,-0.4703273,0.2139455,1.897281,0.4469084,-0.08702356,-0.1315557,0.959433,-0.1203092,0.2549788,1,1,1,0.2047211,-0.462777,-0.23624,0.3342853,0.3633784,-0.05284997,-0.0145171,0.6751453,-0.07575342,-0.7337849,1,1,0,0.1546579,0.02395395,0.2246989,1.33244,0.3779182,0.01326651,0.03901976,0.5152099,0.8347633,0.1942395,1,0.5,1,0,0.5,-0.225496,0,0,0,0.4959844,0.1235465,0.9297335,-0.346889,0,0,0,0,0.5,0.225496,0,0,0,0.4400781,0.1308938,0.9850246,0.1122205,0,0,1
176,0.2204833,0.05051586,-0.2255645,0.6726469,0.3169335,-0.01027212,0.1657825,0.4672721,0.715723,-0.519035,1,0.5,0,0.2958314,-0.4486564,0.2156511,1.515824,0.5642834,0.1178377,-0.1012446,0.9691399,-0.05681789,0.2398741,1,1,1,0.2248682,-0.4495219,-0.2297555,0.5911688,0.3062309,0.2431975,-0.02839217,0.6689595,-0.04987604,-0.7416236,1,1,0,0.2052423,0.0429722,0.2251566,1.240246,0.5076315,0.01858697,0.06438136,0.5242211,0.8309491,0.186322,1,0.5,1,0,0.5,-0.225496,0,0,0,0.4924995,0.09130315,0.932998,-0.348107,0,0,0,0,0.5,0.225496,0,0,0,0.4363851,0.09677464,0.9889094,0.112663,0,0,1
177,0.2345007,0.05786915,-0.2253229,0.2529033,0.1418939,0.01830608,0.1623864,0.4411262,0.7304937,-0.5213315,1,0.5,0,0.3416048,-0.4250504,0.229215,1.040396,0.5981776,0.4044899,-0.08603215,0.9645679,0.002293877,0.2638248,1,1,1,0.2604297,-0.441364,-0.2141763,0.9708438,0.1721979,0.4312107,-0.03835794,0.6891162,-0.03328131,-0.7238862,1,1,0,0.2505951,0.06675412,0.2253353,1.076784,0.6058298,-0.00229776,0.09071571,0.521893,0.8341646,0.1783181,1,0.5,1,0,0.5,-0.225496,0,0,0,0.4900365,0.05827592,0.9353191,-0.348973,0,0,0,0,0.5,0.225496,0,0,0,0.4337741,0.0617872,0.9916745,0.1129781,0,0,1
178,0.2355041,0.05852868,-0.2235583,-0.02905132,-0.02031755,0.05206393,0.1490421,0.4031168,0.7465289,-0.5293313,1,0.5,0,0.3773502,-0.4020991,0.2463825,0.8641217,0.5527394,0.4117326,-0.07650903,0.9527614,0.05643779,0.2984303,1,1,1,0.3022907,-0.4362199,-0.1971024,1.049927,0.1186401,0.4075849,-0.04335761,0.7192201,-0.02238047,-0.6944218,1,1,0,0.2844514,0.08872213,0.2238804,0.758526,0.5132133,-0.04471691,0.1100773,0.5090946,0.8436998,0.1702741,1,0.5,1,0,0.5,-0.225496,0,0,0,0.4886994,0.0264344,0.9365839,-0.3494449,0,0,0,0,0.5,0.225496,0,0,0,0.4323564,0.02803186,0.9931824,0.1131499,0,0,1
179,0.2348559,0.058214,-0.2216384,0.02729298,0.01440477,0.03147424,0.1348787,0.358802,0.7626874,-0.5381161,1,0.5,0,0.4094652,-0.386016,0.2536107,0.7805187,0.3358082,0.07541481,-0.07411233,0.9448618,0.09388402,0.3137228,1,1,1,0.3409334,-0.4293892,-0.1900091,0.9265411,0.1946003,0.0662871,-0.04438126,0.7327908,-0.007438762,-0.6804133,1,1,0,0.3015502,0.1012104,0.2224369,0.3109024,0.2269589,-0.02569334,0.11251,0.4807921,0.8607376,0.1672413,1,0.5,1,0,0.5,-0.225496,0,0,0,0.4883791,-0.007143169,0.9368874,-0.3495582,0,0,0,0,0.5,0.225496,0,0,0,0.4320168,-0.007575141,0.9935443,0.1131911,0,0,1
180,0.238606,0.06028605,-0.2220389,0,0,0,0.1323817,0.3407813,0.7689755,-0.5408741,1,0.5,0,0.4241301,-0.3824323,0.2505102,0,0,0,-0.0760254,0.9458773,0.1027601,0.3078255,1,1,1,0.3575938,-0.4244938,-0.1935359,0,0,0,-0.04153335,0.7295877,0.003285319,-0.6838794,1,1,0,0.3022651,0.1017671,0.2225753,0,0,0,0.1057984,0.4608183,0.8711925,0.1693225,1,0.5,1,0,0.5,-0.225496,0,0,0,0.4886239,-0.023368,0.9366555,-0.3494716,0,0,0,0,0.5,0.225496,0,0,0,0.4322763,-0.02478038,0.9932678,0.1131596,0,0,1
181,0.2571857,0.07084829,-0.2254502,0.2786518,0.1524047,-0.0418462,0.1377472,0.3156646,0.7790678,-0.5416726,1,0.5,0,0.4619153,-0.382194,0.2272914,0.5655246,-0.02619178,-0.4002468,-0.07774186,0.9616007,0.1037421,0.2540897,1,1,1,0.3990538,-0.4085365,-0.2185308,0.6422269,0.255248,-0.4261712,-0.01762861,0.7114483,0.03620338,-0.7018052,1,1,0,0.2744593,0.08146931,0.2252001,-0.6819475,-0.4828559,0.04298167,0.06247026,0.3886211,0.9022154,0.1870323,1,0.5,1,0,0.5,-0.225496,0,0,0,0.4899319,-0.05643976,0.9354179,-0.3490099,0,0,0,0,0.5,0.225496,0,0,0,0.4336632,-0.05984119,0.9917923,0.1129915,0,0,1
182,0.2607701,0.07260013,-0.2255757,0.01107753,-0.0055559,0.009720776,0.1304469,0.2721509,0.7908678,-0.5481441,1,0.5,0,0.473929,-0.3810382,0.2204549,0.1753912,0.04313441,-0.07189143,-0.0998323,0.9614357,0.1123574,0.2510321,1,1,1,0.4256874,-0.3993956,-0.2275421,0.6926435,0.228566,-0.1371921,-0.01551932,0.6945457,0.05491326,-0.7173498,1,1,0,0.2386848,0.06014855,0.2248107,-0.9320889,-0.5143985,-0.01882613,0.01930082,0.2878704,0.9361598,0.2018305,1,0.5,1,0,0.5,-0.225496,0,0,0,0.4923704,-0.08987918,0.9331194,-0.3481523,0,0,0,0,0.5,0.225496,0,0,0,0.4362483,-0.09526686,0.9890538,0.1126795,0,0,1
183,0.246518,0.06453111,-0.2244809,-0.4894139,-0.2676738,0.01534224,0.1120604,0.2022916,0.8014423,-0.5628217,1,0.5,0,0.4654364,-0.3833737,0.2263187,-0.3220604,-0.09259734,0.1738832,-0.1386322,0.948433,0.1179583,0.2942119,1,1,1,0.4579315,-0.3887417,-0.224569,0.8189607,0.2925263,0.1222842,-0.01782376,0.69524,0.07727106,-0.7146121,1,1,0,0.2054844,0.0436817,0.2242386,-0.7877845,-0.3712113,-0.01570434,-0.01182041,0.169571,0.9621084,0.2135251,1,0.5,1,0,0.5,-0.225496,0,0,0,0.4959416,-0.1232033,0.9297734,-0.3469039,0,0,0,0,0.5,0.225496,0,0,0,0.4400327,-0.1305309,0.9850721,0.1122259,0,0,1
184,0.2152166,0.04836685,-0.2244306,-0.8601252,-0.4424309,-0.003589691,0.08926535,0.1014997,0.805014,-0.5845085,1,0.5,0,0.4446493,-0.3899689,0.232403,-0.5672621,-0.1904473,0.1287312,-0.1875993,0.9258718,0.1153361,0.3598039,1,1,1,0.4843934,-0.3727966,-0.2165155,0.5911248,0.429246,0.2189987,-0.02639076,0.6946381,0.112336,-0.710534,1,1,0,0.1774164,0.03247548,0.2247438,-0.6820816,-0.2633468,0.0211008,-0.02919701,0.0467501,0.973816,0.2224791,1,0.5,1,0,0.5,-0.225496,0,0,0,0.5004972,-0.1553291,0.9255398,-0.3453243,0,0,0,0,0.5,0.225496,0,0,0,0.444858,-0.1644759,0.9800415,0.1116528,0,0,1
185,0.1768447,0.0319106,-0.2250265,-0.9711657,-0.3943573,-0.01473651,0.07344496,-0.01859454,0.7985258,-0.6016734,1,0.5,0,0.417062,-0.3996808,0.2304846,-0.7249388,-0.2586991,-0.0883304,-0.2438853,0.896295,0.1027634,0.4313873,1,1,1,0.4971964,-0.3519307,-0.210801,0.2241195,0.5339714,0.1312569,-0.04084569,0.6744764,0.1613168,-0.7204571,1,1,0,0.1482826,0.02189685,0.2249218,-0.7440637,-0.2677499,0.001493842,-0.0383088,-0.08495963,0.9701221,0.2272553,1,0.5,1,0,0.5,-0.225496,0,0,0,0.5059834,-0.1863924,0.9204924,-0.3434411,0,0,0,0,0.5,0.225496,0,0,0,0.4506653,-0.1972384,0.9740547,0.1109707,0,0,1
186,0.1449648,0.02118986,-0.2252888,-0.7364902,-0.228645,-0.02988727,0.06989968,-0.1311046,0.7846817,-0.6058764,1,0.5,0,0.4375656,-0.3735883,0.2336146,0.6715851,0.8318487,0.06176236,-0.2487455,0.8671857,0.2086001,0.4521892,1,1,1,0.4950135,-0.3354767,-0.2120295,-0.1265273,0.3496633,-0.1000196,-0.05926666,0.6247139,0.2053925,-0.7533568,1,1,0,0.1228076,0.0149927,0.2250694,-0.6174951,-0.1508658,-0.03152342,-0.03642839,-0.2089725,0.9512935,0.226652,1,0.5,1,0,0.5,-0.225496,0,0,0,0.5124738,-0.2169748,0.9145916,-0.3412395,0,0,0,0,0.5,0.225496,0,0,0,0.4575308,-0.2294248,0.9670707,0.110175,0,0,1
187,0.1170452,0.01395641,-0.2252797,-0.666401,-0.1562711,-0.005153568,0.07526642,-0.2342018,0.7647872,-0.6002083,1,0.5,0,0.4567531,-0.3408803,0.2351667,0.4102336,0.8044723,0.002662094,-0.2499494,0.8197517,0.3404098,0.4605736,1,1,1,0.4820791,-0.3274243,-0.2150241,-0.3768803,0.1512319,-0.08942563,-0.08167124,0.550537,0.2356416,-0.8008633,1,1,0,0.1007988,0.01028272,0.2253858,-0.544746,-0.1141286,-0.001473725,-0.02645782,-0.3188203,0.9213176,0.2225479,1,0.5,1,0,0.5,-0.225496,0,0,0,0.5199183,-0.2468567,0.9079158,-0.3387487,0,0,0,0,0.5,0.225496,0,0,0,0.4653991,-0.2607975,0.9591888,0.1092771,0,0,1
188,0.09449878,0.008986282,-0.225447,-0.5251987,-0.1001717,-0.006509575,0.08724487,-0.324484,0.7407238,-0.5882503,1,0.5,0,0.4729697,-0.3061194,0.2332385,0.3749864,0.8654732,-0.07765743,-0.249984,0.7516293,0.4794918,0.452925,1,1,1,0.4627183,-0.3292041,-0.2170603,-0.5215408,-0.1074285,-0.04681574,-0.1068778,0.451941,0.2462235,-0.8573933,1,1,0,0.08309403,0.006776186,0.2254228,-0.4217857,-0.08223289,-0.003296883,-0.0109238,-0.4129342,0.884885,0.2155549,1,0.5,1,0,0.5,-0.225496,0,0,0,0.5286385,-0.2771142,0.9002191,-0.335877,0,0,0,0,0.5,0.225496,0,0,0,0.4746072,-0.2924772,0.9501264,0.1082446,0,0,1
189,0.07648978,0.005097307,-0.2252305,-0.4205869,-0.08882602,0.006376954,0.1025667,-0.3998754,0.715435,-0.5729332,1,0.5,0,0.4851314,-0.2748246,0.2274806,0.2882318,0.7583606,-0.1719662,-0.249948,0.6706203,0.6045758,0.429833,1,1,1,0.4394605,-0.3388119,-0.2168566,-0.5821618,-0.2632395,0.01876131,-0.1312687,0.3309162,0.2364542,-0.9135556,1,1,0,0.07026874,0.004328345,0.2256758,-0.2804862,-0.05609724,0.006921592,0.007389545,-0.4871457,0.8481222,0.2082734,1,0.5,1,0,0.5,-0.225496,0,0,0,0.5380812,-0.3057963,0.8920304,-0.3328218,0,0,0,0,0.5,0.225496,0,0,0,0.4845681,-0.3224169,0.9405139,0.1071495,0,0,1
190,0.06367569,0.002784348,-0.2248598,-0.279423,-0.05031175,0.01055226,0.1202241,-0.4613985,0.6913378,-0.5560246,1,0.5,0,0.4976799,-0.2495338,0.217631,0.3365443,0.5870337,-0.2681502,-0.2499461,0.5912076,0.7057126,0.3904398,1,1,1,0.426297,-0.341831,-0.2184447,-0.1898826,0.03430547,-0.07917809,-0.1429651,0.214127,0.2357444,-0.9479315,1,1,0,0.0662533,0.003635874,0.2261338,-0.02737903,-0.00467367,0.01015962,0.02561992,-0.5395398,0.8173889,0.2019212,1,0.5,1,0,0.5,-0.225496,0,0,0,0.5484445,-0.3336811,0.8832132,-0.329532,0,0,0,0,0.5,0.225496,0,0,0,0.4954887,-0.3514316,0.9301964,0.1059741,0,0,1
191,0.05919632,0.002442657,-0.2248816,-0.05428756,0.007437312,0.000906736,0.1377791,-0.5062672,0.6717728,-0.540754,1,0.5,0,0.514446,-0.2324177,0.2066985,0.4518988,0.370139,-0.2667175,-0.2499785,0.5294068,0.7742629,0.3467642,1,1,1,0.4405586,-0.3209277,-0.2296976,0.5279856,0.6867933,-0.3411451,-0.1302055,0.15813,0.2841369,-0.9456538,1,1,0,0.07451882,0.004906307,0.2259447,0.2767631,0.04637988,-0.01148582,0.03990757,-0.5696607,0.7981112,0.1962274,1,0.5,1,0,0.5,-0.225496,0,0,0,0.5596372,-0.360579,0.873884,-0.3260512,0,0,0,0,0.5,0.225496,0,0,0,0.50727,-0.3793253,0.9193166,0.1047346,0,0,1
192,0.06306291,0.003604246,-0.2249647,0.1429065,0.03044586,0.004571678,0.1532485,-0.537254,0.6576429,-0.5280757,1,0.5,0,0.5350183,-0.2211737,0.1969665,0.5330654,0.2584779,-0.2327853,-0.2499651,0.4839124,0.819191,0.3078229,1,1,1,0.4718339,-0.2837587,-0.2453368,0.81379,0.967643,-0.384053,-0.1037101,0.1458797,0.3589326,-0.9218929,1,1,0,0.09138455,0.008050568,0.2251683,0.4594376,0.08803906,-0.01460836,0.05095917,-0.5855946,0.787809,0.1908823,1,0.5,1,0,0.5,-0.225496,0,0,0,0.5715684,-0.3863713,0.8641539,-0.3224209,0,0,0,0,0.5,0.225496,0,0,0,0.519814,-0.4059792,0.9080087,0.1034463,0,0,1
193,0.07312918,0.005351886,-0.2247545,0.2837372,0.05320939,0.002990664,0.1673961,-0.5616302,0.6463207,-0.5165665,1,0.5,0,0.5575052,-0.2120458,0.188938,0.5573424,0.1972132,-0.1891934,-0.2499415,0.4380824,0.8556168,0.2756875,1,1,1,0.5027304,-0.2486154,-0.257215,0.7450852,0.8256051,-0.2713011,-0.07957596,0.1302767,0.4219183,-0.8972251,1,1,0,0.1123044,0.01265753,0.2246162,0.5346047,0.1169753,-0.01328886,0.06216455,-0.5970753,0.7803009,0.1860953,1,0.5,1,0,0.5,-0.225496,0,0,0,0.5851316,-0.4128153,0.8533527,-0.3183908,0,0,0,0,0.5,0.225496,0,0,0,0.5340564,-0.4332055,0.8955024,0.1020215,0,0,1
194,0.08796648,0.007878004,-0.2243048,0.3964191,0.07341416,0.01210273,0.1786395,-0.5777984,0.639335,-0.5073456,1,0.5,0,0.5790877,-0.2054738,0.1839094,0.5344274,0.1616747,-0.09905774,-0.2499638,0.3959605,0.8819771,0.2556008,1,1,1,0.5290309,-0.2244861,-0.2639149,0.6326439,0.5216236,-0.132072,-0.06365791,0.1121772,0.4618256,-0.8798485,1,1,0,0.1337954,0.01820293,0.2242551,0.5328385,0.1419152,-0.005048515,0.07280076,-0.6045521,0.7754929,0.1820094,1,0.5,1,0,0.5,-0.225496,0,0,0,0.5987827,-0.4369229,0.8427508,-0.3144352,0,0,0,0,0.5,0.225496,0,0,0,0.5483727,-0.4579319,0.8832736,0.1006283,0,0,1
195,0.1066844,0.01159327,-0.2243504,0.4914662,0.1054937,0.0002965332,0.1890649,-0.5890422,0.6350538,-0.4997358,1,0.5,0,0.5988693,-0.200048,0.1834367,0.4792126,0.1294226,0.0157863,-0.2499487,0.3451157,0.9036228,0.2536948,1,1,1,0.5513445,-0.2135634,-0.2648099,0.5340132,0.1895525,0.01392663,-0.05873904,0.0878658,0.4814308,-0.8720688,1,1,0,0.1538928,0.02416135,0.2240372,0.4882345,0.1499524,-0.001551957,0.08491045,-0.6132219,0.7696244,0.1778686,1,0.5,1,0,0.5,-0.225496,0,0,0,0.6133617,-0.4603829,0.8317153,-0.3103178,0,0,0,0,0.5,0.225496,0,0,0,0.5636429,-0.481903,0.870593,0.09918366,0,0,1
196,0.1281954,0.01668197,-0.2244157,0.5503705,0.1344635,-0.002797694,0.1987718,-0.5964242,0.6335143,-0.4928873,1,0.5,0,0.6161999,-0.1961849,0.1880469,0.4178973,0.08600209,0.1438231,-0.2499591,0.2849134,0.9191096,0.2721429,1,1,1,0.5695208,-0.2158422,-0.2600934,0.4275324,-0.1387016,0.1554818,-0.06498215,0.05645959,0.4831016,-0.873742,1,1,0,0.1718454,0.03032415,0.2243687,0.4357809,0.1533405,0.008141997,0.09861422,-0.623297,0.7623009,0.1743506,1,0.5,1,0,0.5,-0.225496,0,0,0,0.6286384,-0.4828472,0.8204576,-0.3061175,0,0,0,0,0.5,0.225496,0,0,0,0.5796233,-0.5047685,0.8577065,0.09771556,0,0,1
197,0.1524791,0.02371378,-0.224756,0.6216856,0.1885856,-0.004322829,0.2089545,-0.6009531,0.6343338,-0.4862879,1,0.5,0,0.6302733,-0.193652,0.1965235,0.3351511,0.05057381,0.2307714,-0.2499619,0.2069515,0.9292503,0.3060474,1,1,1,0.5821899,-0.2305381,-0.250393,0.2745451,-0.4390838,0.2736689,-0.08118054,0.008744455,0.4666973,-0.8843738,1,1,0,0.1871222,0.03626547,0.2247184,0.3625767,0.1482146,0.01527817,0.1146978,-0.6367442,0.7520207,0.1703576,1,0.5,1,0,0.5,-0.225496,0,0,0,0.6452239,-0.5051655,0.8085756,-0.3016843,0,0,0,0,0.5,0.225496,0,0,0,0.5969501,-0.5273964,0.8441588,0.09617211,0,0,1
198,0.1785647,0.03246108,-0.2251846,0.6605076,0.2320832,-0.008946661,0.2182972,-0.6014029,0.638261,-0.4805595,1,0.5,0,0.641111,-0.1935459,0.2068332,0.2489985,-0.01113043,0.2583989,-0.2499823,0.1222326,0.9297506,0.347308,1,1,1,0.5876986,-0.2548091,-0.2368699,0.09073619,-0.6485271,0.3564166,-0.1035348,-0.05763952,0.4317932,-0.9001291,1,1,0,0.2000772,0.04136402,0.2253063,0.3107407,0.1227201,0.01814962,0.130878,-0.6506385,0.7408152,0.1669202,1,0.5,1,0,0.5,-0.225496,0,0,0,0.6617296,-0.5255532,0.7970874,-0.2973979,0,0,0,0,0.5,0.225496,0,0,0,0.6141713,-0.5479864,0.831111,0.09468562,0,0,1
199,0.2041165,0.04239465,-0.2252342,0.614019,0.2493585,0.004548581,0.2290095,-0.6024269,0.6425083,-0.4735662,1,0.5,0,0.6492072,-0.1951813,0.2159884,0.1932622,-0.05045833,0.2133616,-0.2499479,0.02365836,0.9230825,0.3838736,1,1,1,0.5874836,-0.2786004,-0.2231597,-0.01817644,-0.5380648,0.3224501,-0.1223762,-0.1477867,0.3903346,-0.9087343,1,1,0,0.2114651,0.0462307,0.2258314,0.2796405,0.1237263,0.02124459,0.1485955,-0.6657869,0.7280821,0.1631701,1,0.5,1,0,0.5,-0.225496,0,0,0,0.6792656,-0.5455017,0.7852345,-0.2929755,0,0,0,0,0.5,0.225496,0,0,0,0.6324439,-0.5680559,0.8177006,0.09315781,0,0,1
200,0.2217987,0.05034326,-0.2252505,0.3632122,0.1741509,-0.004302712,0.2432273,-0.6111014,0.640912,-0.4645288,1,0.5,0,0.6561004,-0.1976138,0.2197375,0.1708687,-0.06366449,0.05388635,-0.2499935,-0.0795401,0.9135211,0.3989395,1,1,1,0.5929653,-0.2847464,-0.2185707,0.2126784,0.005257132,0.03025384,-0.1238682,-0.2207222,0.3755427,-0.9001386,1,1,0,0.222717,0.05151602,0.225765,0.2860033,0.1402189,-0.004380943,0.1668287,-0.6797382,0.7161,0.1586089,1,0.5,1,0,0.5,-0.225496,0,0,0,0.697414,-0.5645382,0.7733332,-0.2885351,0,0,0,0,0.5,0.225496,0,0,0,0.6513307,-0.5871345,0.8042867,0.09162962,0,0,1
201,0.2274145,0.05388266,-0.2254331,0.08487853,0.06395357,-0.01159236,0.2619616,-0.6307374,0.6297989,-0.4533471,1,0.5,0,0.6617448,-0.2008267,0.2182686,0.1177639,-0.09276573,-0.06156268,-0.2499992,-0.1850692,0.9006903,0.3930731,1,1,1,0.6088819,-0.2694592,-0.2245235,0.4319401,0.4697518,-0.1952761,-0.1088117,-0.2534083,0.4001675,-0.8807101,1,1,0,0.2337605,0.05743027,0.2255591,0.2651328,0.1445668,-0.010968,0.1853921,-0.6919423,0.7053339,0.1540127,1,0.5,1,0,0.5,-0.225496,0,0,0,0.7157816,-0.5823515,0.76165,-0.2841761,0,0,0,0,0.5,0.225496,0,0,0,0.6704216,-0.6049207,0.7911679,0.09013504,0,0,1
202,0.2266283,0.05402567,-0.2252494,-0.04651399,-0.009827878,0.009102378,0.2829996,-0.655543,0.6130599,-0.4409318,1,0.5,0,0.6624996,-0.2081307,0.2151615,-0.02459885,-0.2260373,-0.07800165,-0.2499672,-0.3096339,0.871363,0.380596,1,1,1,0.6240857,-0.2493929,-0.2323466,0.343314,0.4808003,-0.1867511,-0.08920151,-0.2819692,0.4299118,-0.8577116,1,1,0,0.2422757,0.06237497,0.2254476,0.1958669,0.1136553,0.003148617,0.205179,-0.7056968,0.6925547,0.1495331,1,0.5,1,0,0.5,-0.225496,0,0,0,0.7346345,-0.5993015,0.7500196,-0.2798367,0,0,0,0,0.5,0.225496,0,0,0,0.6899935,-0.6217834,0.7781555,0.08865258,0,0,1
203,0.2236281,0.05284578,-0.2251807,-0.08953217,-0.04202408,0.0057444,0.3059823,-0.680889,0.5941145,-0.4282733,1,0.5,0,0.6554161,-0.2231967,0.2116931,-0.2334029,-0.4344428,-0.08324611,-0.2485543,-0.4652949,0.806549,0.3646637,1,1,1,0.6314986,-0.236165,-0.2384679,0.1333535,0.2724075,-0.1328238,-0.0705896,-0.3281567,0.4420829,-0.8347909,1,1,0,0.2473281,0.06548493,0.2250208,0.1124934,0.07106739,-0.01070351,0.2268429,-0.7224181,0.6761914,0.1444889,1,0.5,1,0,0.5,-0.225496,0,0,0,0.7543782,-0.6157733,0.7382144,-0.2754321,0,0,0,0,0.5,0.225496,0,0,0,0.7104654,-0.638112,0.764995,0.08715325,0,0,1
204,0.2190683,0.05035729,-0.2248368,-0.121978,-0.07072373,0.01504422,0.3303656,-0.7060032,0.5736718,-0.4152831,1,0.5,0,0.6388329,-0.2469759,0.2088072,-0.4772516,-0.6429325,-0.06643239,-0.2399025,-0.6400534,0.6882962,0.3414381,1,1,1,0.6308855,-0.2328072,-0.2419334,-0.06348195,0.01893864,-0.06532895,-0.05419415,-0.3912547,0.4333564,-0.8118633,1,1,0,0.249565,0.06648451,0.2248646,0.03683271,0.009078909,-0.002162904,0.2499261,-0.7410653,0.6567107,0.1398333,1,0.5,1,0,0.5,-0.225496,0,0,0,0.7748985,-0.6316653,0.7263323,-0.2709988,0,0,0,0,0.5,0.225496,0,0,0,0.7317176,-0.6538099,0.7517957,0.0856495,0,0,1
205,0.2141395,0.04774284,-0.2249655,-0.1178861,-0.06454496,-0.002931805,0.3554708,-0.7285052,0.5537803,-0.4032463,1,0.5,0,0.6128443,-0.2757381,0.2081,-0.7026407,-0.727247,0.007414821,-0.2158432,-0.7900925,0.5287994,0.3100402,1,1,1,0.6216694,-0.2415653,-0.2414747,-0.2923311,-0.3087932,0.04653113,-0.04043478,-0.4693242,0.4013242,-0.7865581,1,1,0,0.2469251,0.06457042,0.2245763,-0.1092434,-0.06670135,-0.004231187,0.2747273,-0.7621126,0.6332169,0.1349846,1,0.5,1,0,0.5,-0.225496,0,0,0,0.7953787,-0.6464167,0.7148489,-0.2667143,0,0,0,0,0.5,0.225496,0,0,0,0.7529038,-0.668331,0.7390831,0.08420119,0,0,1
206,0.2110945,0.046297,-0.2252086,-0.05701485,-0.02353155,-0.009242449,0.3807921,-0.74757,0.5362185,-0.3919297,1,0.5,0,0.5807278,-0.303411,0.2134524,-0.8343551,-0.6743955,0.1733118,-0.1726185,-0.8822137,0.374453,0.2854543,1,1,1,0.6009709,-0.2667167,-0.2357035,-0.6015363,-0.7325712,0.1747624,-0.02668202,-0.5674352,0.3365249,-0.7515106,1,1,0,0.2356322,0.05842615,0.2250041,-0.3408404,-0.1835138,0.01428947,0.3047012,-0.7877657,0.6019951,0.1304883,1,0.5,1,0,0.5,-0.225496,0,0,0,0.8164184,-0.6605409,0.7034238,-0.2624515,0,0,0,0,0.5,0.225496,0,0,0,0.7746449,-0.6821886,0.7264768,0.08276501,0,0,1
207,0.2107981,0.04635235,-0.2255169,0.004296752,0.0143746,-0.004108252,0.4059818,-0.7633659,0.5213706,-0.3813728,1,0.5,0,0.542431,-0.3300679,0.2227965,-1.004523,-0.67658,0.2428115,-0.1135504,-0.9314612,0.2482396,0.2660024,1,1,1,0.5666255,-0.3048567,-0.2268341,-0.9475682,-1.002786,0.2270372,-0.002295315,-0.6746336,0.2434041,-0.6968673,1,1,0,0.216392,0.04891384,0.2254447,-0.5191574,-0.2499008,0.007005784,0.3409876,-0.8157097,0.5647097,0.125382,1,0.5,1,0,0.5,-0.225496,0,0,0,0.8383415,-0.6742627,0.6919011,-0.2581524,0,0,0,0,0.5,0.225496,0,0,0,0.797274,-0.6956077,0.7138045,0.08132129,0,0,1
208,0.2116883,0.04696663,-0.2251483,0.02487005,0.01806543,0.01467839,0.4303777,-0.7771401,0.5083598,-0.3709765,1,0.5,0,0.4950895,-0.3592474,0.2310673,-1.249011,-0.7448289,0.1880691,-0.04166746,-0.9592001,0.1456424,0.2423292,1,1,1,0.5190866,-0.3474711,-0.2191374,-1.273796,-1.066408,0.176403,0.04215664,-0.7666336,0.1448455,-0.6255339,1,1,0,0.1921598,0.03842924,0.2252729,-0.6281624,-0.267172,-0.01202673,0.3821427,-0.8417712,0.5264786,0.1193377,1,0.5,1,0,0.5,-0.225496,0,0,0,0.8603488,-0.6871194,0.6807078,-0.253976,0,0,0,0,0.5,0.225496,0,0,0,0.8199662,-0.708141,0.7015331,0.07992326,0,0,1
209,0.2108206,0.04630734,-0.2239737,-0.05548748,-0.03099461,0.03607424,0.4553438,-0.7911676,0.4943846,-0.3600523,1,0.5,0,0.4381192,-0.3908301,0.2347299,-1.485123,-0.7939342,0.05323219,0.04198962,-0.9751819,0.0648903,0.2116828,1,1,1,0.4585092,-0.3880829,-0.215854,-1.594729,-0.9855736,0.04070403,0.1102872,-0.8326382,0.06212994,-0.5503213,1,1,0,0.1649352,0.02795102,0.2242867,-0.6882424,-0.2506504,-0.03462063,0.4272034,-0.8646673,0.4895917,0.1124744,1,0.5,1,0,0.5,-0.225496,0,0,0,0.8824871,-0.6992164,0.6698074,-0.249909,0,0,0,0,0.5,0.225496,0,0,0,0.8427705,-0.7198979,0.689619,0.07856592,0,0,1
210,0.2062266,0.04437582,-0.2234656,0,0,0,0.4709321,-0.8001016,0.484458,-0.3537483,1,0.5,0,0.4063067,-0.4071647,0.2333949,0,0,0,0.08810723,-0.9807127,0.03202699,0.1928133,1,1,1,0.4238399,-0.4057806,-0.217252,0,0,0,0.1533659,-0.8559231,0.03094654,-0.5161763,1,1,0,0.152191,0.02339116,0.2237973,0,0,0,0.4503093,-0.8743258,0.4728894,0.1092248,1,0.5,1,0,0.5,-0.225496,0,0,0,0.8940129,-0.7052093,0.6642693,-0.2478427,0,0,0,0,0.5,0.225496,0,0,0,0.8546342,-0.7257095,0.6835794,0.07787785,0,0,1
211,0.1636427,0.02747817,-0.2249089,-0.9052414,-0.3347507,-0.03383087,0.5255688,-0.8314922,0.4421723,-0.3363099,1,0.5,0,0.2957491,-0.4550064,0.2253817,-1.967133,-0.7510367,-0.1236097,0.2288879,-0.9886928,-0.03979537,0.1445787,1,1,1,0.309607,-0.4507855,-0.2253716,-1.985861,-0.6979871,-0.1205199,0.2870485,-0.8980237,-0.03149169,-0.4388187,1,1,0,0.1307298,0.01707751,0.2247015,-0.2435901,-0.06751365,0.02552719,0.495833,-0.8893715,0.4449315,0.1051396,1,0.5,1,0,0.5,-0.225496,0,0,0,0.9177104,-0.7169272,0.6531658,-0.2437,0,0,0,0,0.5,0.225496,0,0,0,0.8790085,-0.7370478,0.6714969,0.07650134,0,0,1
212,0.1221112,0.01513959,-0.225508,-1.073482,-0.2976015,-0.003504009,0.583142,-0.8557876,0.4072777,-0.3189868,1,0.5,0,0.2108283,-0.4770373,0.2252101,-2.162832,-0.4921573,0.01899824,0.3463396,-0.990409,-0.06030355,0.124312,1,1,1,0.2250513,-0.4740915,-0.2255301,-2.150846,-0.5432101,0.01946688,0.3948066,-0.9208687,-0.05374513,-0.3861506,1,1,0,0.120442,0.01464468,0.2254811,-0.2742742,-0.07834125,0.01590551,0.5332513,-0.898725,0.4264642,0.1020866,1,0.5,1,0,0.5,-0.225496,0,0,0,0.9413018,-0.7278494,0.6424747,-0.2397111,0,0,0,0,0.5,0.225496,0,0,0,0.9032508,-0.747586,0.6598963,0.07517972,0,0,1
213,0.07632256,0.005750193,-0.224961,-1.15625,-0.2121854,0.02904684,0.6478311,-0.8764676,0.3761443,-0.3005328,1,0.5,0,0.1216798,-0.4891263,0.2284084,-2.239584,-0.2341554,0.1231544,0.4688357,-0.9915815,-0.06515684,0.1118956,1,1,1,0.1355785,-0.4907307,-0.2223981,-2.265501,-0.3644796,0.1196981,0.5088708,-0.9384559,-0.06416154,-0.3393875,1,1,0,0.1041442,0.01070682,0.2251385,-0.4683083,-0.1060216,-0.003117324,0.5764161,-0.9087704,0.4057044,0.09767456,1,0.5,1,0,0.5,-0.225496,0,0,0,0.9657234,-0.7384472,0.63177,-0.2357171,0,0,0,0,0.5,0.225496,0,0,0,0.9283231,-0.7577832,0.6483127,0.07386003,0,0,1
214,0.03238143,0.0007918914,-0.2245158,-1.062244,-0.0844707,0.006904456,0.7134519,-0.8920134,0.3517172,-0.2839139,1,0.5,0,0.03378704,-0.4927157,0.2321043,-2.172813,-0.05916806,0.06710443,0.5888528,-0.992797,-0.0612716,0.1029563,1,1,1,0.04082596,-0.4991136,-0.2187777,-2.406483,-0.1448855,0.06425457,0.6285075,-0.9516736,-0.06478786,-0.3001998,1,1,0,0.0761694,0.005535588,0.2243706,-0.7841538,-0.1394662,-0.0138715,0.629541,-0.9195127,0.3820451,0.09240092,1,0.5,1,0,0.5,-0.225496,0,0,0,0.9898373,-0.7482675,0.6215444,-0.2319018,0,0,0,0,0.5,0.225496,0,0,0,0.9530579,-0.7672074,0.6372768,0.07260275,0,0,1
215,-0.005028011,-0.0002688142,-0.2245485,-0.9074095,-0.006562549,-0.005256386,0.7768822,-0.9033401,0.3334146,-0.2698358,1,0.5,0,-0.0497148,-0.4918578,0.2329838,-2.063618,0.04713239,-0.006181004,0.7052616,-0.9940959,-0.05464194,0.09374212,1,1,1,-0.05760438,-0.4974945,-0.2179461,-2.464956,0.1097233,-0.006812814,0.7545278,-0.961346,-0.05698916,-0.2693811,1,1,0,0.0338849,0.001056773,0.2247529,-1.12897,-0.09800744,0.01284481,0.6981499,-0.9302225,0.3564301,0.08742891,1,0.5,1,0,0.5,-0.225496,0,0,0,1.015169,-0.7579557,0.611153,-0.2280247,0,0,0,0,0.5,0.225496,0,0,0,0.9790195,-0.7764812,0.6260905,0.07132833,0,0,1
216,-0.04087592,0.001459013,-0.2253413,-0.8951643,0.04771234,-0.02070517,0.840122,-0.9120591,0.3189702,-0.2576939,1,0.5,0,-0.1296949,-0.4867751,0.2297248,-1.974308,0.1573414,-0.08376765,0.8170758,-0.9954548,-0.04614394,0.08330937,1,1,1,-0.1538051,-0.4856033,-0.220607,-2.377109,0.3476875,-0.06484466,0.8792475,-0.9680638,-0.04321436,-0.2469513,1,1,0,-0.01665665,0.000194515,0.2250384,-1.307319,0.006300586,0.001650304,0.7759316,-0.9389619,0.3340262,0.08232288,1,0.5,1,0,0.5,-0.225496,0,0,0,1.040304,-0.7669879,0.60118,-0.2243038,0,0,0,0,0.5,0.225496,0,0,0,1.004759,-0.7851057,0.6153811,0.07010825,0,0,1
217,-0.07773783,0.005875294,-0.2255284,-0.9315478,0.1242204,-0.009176884,0.9052789,-0.919291,0.3073235,-0.2458788,1,0.5,0,-0.2049142,-0.4769587,0.2256469,-1.847839,0.2728195,-0.1095251,0.923876,-0.9966012,-0.03578871,0.07419673,1,1,1,-0.2442769,-0.4656612,-0.2234695,-2.220981,0.5365493,-0.0751138,0.9988238,-0.9730292,-0.02646153,-0.2291593,1,1,0,-0.07112827,0.004880564,0.2254644,-1.369062,0.151967,0.005209448,0.8596507,-0.94528,0.3169053,0.07756731,1,0.5,1,0,0.5,-0.225496,0,0,0,1.065547,-0.7755261,0.5914866,-0.2206871,0,0,0,0,0.5,0.225496,0,0,0,1.030588,-0.7932394,0.6049964,0.06892516,0,0,1
218,-0.1164588,0.01321037,-0.2255007,-0.9803239,0.2042119,0.0063926,0.9735763,-0.9253045,0.2980574,-0.234464,1,0.5,0,-0.2755198,-0.4612622,0.2228974,-1.746029,0.4359694,-0.04071595,1.026448,-0.9974579,-0.02310081,0.06740972,1,1,1,-0.325989,-0.4408659,-0.2248029,-1.975692,0.6282466,-0.005836042,1.110452,-0.9767674,-0.00923089,-0.2141032,1,1,0,-0.1240272,0.01528432,0.2255035,-1.290224,0.2980779,0.006724152,0.9441988,-0.9493674,0.3055565,0.07305331,1,0.5,1,0,0.5,-0.225496,0,0,0,1.091217,-0.783707,0.5819444,-0.2171268,0,0,0,0,0.5,0.225496,0,0,0,1.056835,-0.801015,0.5947966,0.06776313,0,0,1
219,-0.1595014,0.02556608,-0.2255085,-1.109931,0.3497585,-0.005652758,1.047297,-0.9300357,0.2918419,-0.2232981,1,0.5,0,-0.3458714,-0.438554,0.2232986,-1.764857,0.6132471,0.01647622,1.128739,-0.997957,-0.007707798,0.06342244,1,1,1,-0.3937339,-0.4161513,-0.224617,-1.593218,0.609112,-0.0002689661,1.208421,-0.979427,0.005764786,-0.2017166,1,1,0,-0.1664835,0.02815524,0.2254755,-0.9739693,0.3214541,0.0003397466,1.019331,-0.9517503,0.2989179,0.06942237,1,0.5,1,0,0.5,-0.225496,0,0,0,1.116807,-0.7913992,0.5727336,-0.2136903,0,0,0,0,0.5,0.225496,0,0,0,1.082981,-0.8083106,0.5849724,0.06664389,0,0,1
220,-0.2037676,0.04310644,-0.225372,-1.090671,0.4641792,0.00306666,1.12444,-0.9334896,0.2887803,-0.2126099,1,0.5,0,-0.4143188,-0.4100839,0.2255952,-1.679595,0.7336411,0.05118476,1.230248,-0.9980936,0.00919871,0.06102893,1,1,1,-0.4479735,-0.3932473,-0.2238362,-1.284947,0.5714151,0.01136289,1.294164,-0.9812952,0.01825511,-0.1916415,1,1,0,-0.197378,0.04050981,0.2254872,-0.7161501,0.2988269,-0.004149975,1.083946,-0.9533207,0.2945238,0.06659772,1,0.5,1,0,0.5,-0.225496,0,0,0,1.14312,-0.7988648,0.5635621,-0.2102683,0,0,0,0,0.5,0.225496,0,0,0,1.109846,-0.8153765,0.5752103,0.06553173,0,0,1
221,-0.2426228,0.06288012,-0.2251972,-0.9216431,0.4937708,0.0104636,1.197126,-0.9357604,0.2880635,-0.203401,1,0.5,0,-0.4753237,-0.3791675,0.2262808,-1.468055,0.7793042,0.01849756,1.324505,-0.9979718,0.02566863,0.05825188,1,1,1,-0.4924089,-0.3702702,-0.2242777,-1.059628,0.5687224,-0.006592277,1.370687,-0.9824676,0.02979109,-0.1840381,1,1,0,-0.2211523,0.05144133,0.2251306,-0.5610066,0.2700596,-0.01029745,1.14114,-0.9546003,0.2909205,0.0640595,1,0.5,1,0,0.5,-0.225496,0,0,0,1.169479,-0.8059282,0.5546639,-0.2069483,0,0,0,0,0.5,0.225496,0,0,0,1.136742,-0.8220482,0.5657582,0.06445488,0,0,1
222,-0.2722291,0.08055981,-0.2247549,-0.6742808,0.420334,0.01298637,1.260341,-0.9374633,0.2877623,-0.1958455,1,0.5,0,-0.5269924,-0.3484525,0.2268258,-1.228109,0.7629949,0.02152474,1.409587,-0.9976078,0.04060959,0.05594186,1,1,1,-0.5287358,-0.3487429,-0.2241476,-0.858802,0.5236568,0.01329333,1.43911,-0.9833181,0.03984151,-0.1774771,1,1,0,-0.2407752,0.06166327,0.2247746,-0.4725942,0.2561905,-0.007646534,1.193904,-0.955663,0.2878931,0.0618539,1,0.5,1,0,0.5,-0.225496,0,0,0,1.195818,-0.8126025,0.5460491,-0.2037341,0,0,0,0,0.5,0.225496,0,0,0,1.163599,-0.8283404,0.5566246,0.06341433,0,0,1
223,-0.2899057,0.09227039,-0.2248179,-0.3608452,0.2421775,-0.006087872,1.311537,-0.9391052,0.2860943,-0.1903455,1,0.5,0,-0.5682711,-0.321082,0.2265818,-0.9628687,0.6492975,-0.001844764,1.48523,-0.9971583,0.05284929,0.05368736,1,1,1,-0.5583854,-0.3295626,-0.2242622,-0.7070366,0.4638674,0.004537405,1.501886,-0.9839238,0.04817326,-0.1719689,1,1,0,-0.2590335,0.07188175,0.2246861,-0.4534261,0.2669414,0.00121817,1.246115,-0.9566099,0.2851368,0.05995372,1,0.5,1,0,0.5,-0.225496,0,0,0,1.22298,-0.8191143,0.5374408,-0.2005223,0,0,0,0,0.5,0.225496,0,0,0,1.191279,-0.8344679,0.5475148,0.06237648,0,0,1
224,-0.2948945,0.09604206,-0.2252504,-0.05570652,0.04217589,-0.008030984,1.347931,-0.9408972,0.2825008,-0.1868308,1,0.5,0,-0.5980406,-0.2998832,0.2262075,-0.6738099,0.4869493,-0.01472235,1.548505,-0.9967556,0.06156527,0.05184631,1,1,1,-0.5827414,-0.3128422,-0.2243312,-0.5748096,0.4004554,-0.005533549,1.558717,-0.9843802,0.05496522,-0.1672553,1,1,0,-0.2764426,0.08289024,0.2252524,-0.4256146,0.2689311,0.0186436,1.297038,-0.9572759,0.2831828,0.05856994,1,0.5,1,0,0.5,-0.225496,0,0,0,1.249701,-0.8251799,0.5292332,-0.19746,0,0,0,0,0.5,0.225496,0,0,0,1.218493,-0.8401656,0.5388443,0.06138868,0,0,1
225,-0.2902707,0.09280531,-0.2255179,0.1649932,-0.1236797,-0.006328525,1.373936,-0.9430567,0.2768533,-0.1843809,1,0.5,0,-0.6174904,-0.2851968,0.2251065,-0.4287871,0.3274055,-0.03085361,1.601805,-0.9964995,0.06699158,0.05000772,1,1,1,-0.600492,-0.2992653,-0.2252887,-0.4022093,0.3083752,-0.0285566,1.609759,-0.9846858,0.0600707,-0.1636627,1,1,0,-0.2895815,0.09222581,0.2254912,-0.2919571,0.2130018,-0.0005945566,1.344003,-0.9579915,0.2810331,0.05720771,1,0.5,1,0,0.5,-0.225496,0,0,0,1.277146,-0.831084,0.5210603,-0.1944106,0,0,0,0,0.5,0.225496,0,0,0,1.246427,-0.8457022,0.5302253,0.06040675,0,0,1
226,-0.2787672,0.08480982,-0.2252956,0.3257917,-0.2132558,0.002687426,1.392075,-0.9454151,0.2699734,-0.1824958,1,0.5,0,-0.6282884,-0.2767076,0.2226632,-0.2202899,0.1704932,-0.08540679,1.645979,-0.9964294,0.0695684,0.04783979,1,1,1,-0.6097063,-0.2901531,-0.2276957,-0.1696408,0.2000392,-0.08201677,1.652353,-0.9848454,0.06311552,-0.1615421,1,1,0,-0.2962529,0.09717168,0.2252835,-0.1247019,0.08580763,-0.01418442,1.383467,-0.9590197,0.2777706,0.05589882,1,0.5,1,0,0.5,-0.225496,0,0,0,1.304724,-0.8367087,0.5130977,-0.1914397,0,0,0,0,0.5,0.225496,0,0,0,1.274484,-0.8509679,0.5218419,0.05945166,0,0,1
227,-0.2628291,0.074503,-0.2245646,0.4132511,-0.2685526,0.01490713,1.404806,-0.9477533,0.262758,-0.1808922,1,0.5,0,-0.63061,-0.2744982,0.2184695,-0.006276371,0.01284928,-0.1133167,1.680567,-0.9965609,0.06947818,0.04515775,1,1,1,-0.6092624,-0.2859514,-0.2318772,0.06611946,0.06587806,-0.1137764,1.684795,-0.9848611,0.06410148,-0.1610573,1,1,0,-0.2952927,0.09637162,0.2247793,0.07580075,-0.0645906,-0.01624749,1.41342,-0.960453,0.2730042,0.05476021,1,0.5,1,0,0.5,-0.225496,0,0,0,1.331944,-0.8419785,0.505474,-0.1885953,0,0,0,0,0.5,0.225496,0,0,0,1.30216,-0.8558937,0.5138279,0.05853865,0,0,1
228,-0.2542771,0.06942078,-0.2244515,0,0,0,1.411377,-0.9488633,0.2591957,-0.1802112,1,0.5,0,-0.6284725,-0.275714,0.2159916,0,0,0,1.695087,-0.9966946,0.06846472,0.04373023,1,1,1,-0.6057076,-0.2862451,-0.2342687,0,0,0,1.698306,-0.9848793,0.0635739,-0.1611553,1,1,0,-0.2911683,0.09328912,0.224402,0,0,0,1.424841,-0.9613924,0.2697829,0.0542393,1,0.5,1,0,0.5,-0.225496,0,0,0,1.346197,-0.8446329,0.5015717,-0.1871393,0,0,0,0,0.5,0.225496,0,0,0,1.316647,-0.858372,0.5097304,0.05807183,0,0,1
229,-0.228277,0.05511341,-0.2247818,0.4424298,-0.2253634,-0.01268015,1.414548,-0.9510105,0.2512935,-0.1800853,1,0.5,0,-0.6079298,-0.2870654,0.2136141,0.4634591,-0.2535478,-6.780031E-05,1.706776,-0.9971142,0.06295817,0.04242119,1,1,1,-0.582656,-0.2975638,-0.2365013,0.4826697,-0.2802001,0.004559757,1.707894,-0.9851623,0.05817137,-0.1614667,1,1,0,-0.2623256,0.07418799,0.2245384,0.6033185,-0.3903234,0.005885961,1.423905,-0.9640824,0.2599857,0.05433656,1,0.5,1,0,0.5,-0.225496,0,0,0,1.374254,-0.8496594,0.4940632,-0.1843379,0,0,0,0,0.5,0.225496,0,0,0,1.345153,-0.8630599,0.5018553,0.05717465,0,0,1
230,-0.2092722,0.04580216,-0.2250207,0.4977713,-0.2346854,0.004293771,1.42542,-0.9528096,0.2450385,-0.1791924,1,0.5,0,-0.5816295,-0.30077,0.2160432,0.7161114,-0.3782542,0.08715991,1.712552,-0.9974529,0.05659978,0.04340833,1,1,1,-0.556724,-0.3135805,-0.2340861,0.7026199,-0.4405634,0.08645285,1.71341,-0.9858139,0.05079015,-0.1599731,1,1,0,-0.2330279,0.05748514,0.2252077,0.7641565,-0.4198965,0.02093986,1.42306,-0.9663321,0.2514145,0.05470849,1,0.5,1,0,0.5,-0.225496,0,0,0,1.402209,-0.8544205,0.4868024,-0.1816288,0,0,0,0,0.5,0.225496,0,0,0,1.373543,-0.8674938,0.4942508,0.0563083,0,0,1
231,-0.1881445,0.03664811,-0.2255085,0.533426,-0.2264765,-0.01350791,1.434917,-0.9544336,0.2391048,-0.178565,1,0.5,0,-0.5453081,-0.3196695,0.2201221,0.9710107,-0.5045773,0.1027301,1.708748,-0.9978114,0.04814062,0.04532979,1,1,1,-0.5217108,-0.3357207,-0.2299667,0.9353999,-0.588158,0.1010895,1.710069,-0.9865375,0.04084908,-0.158351,1,1,0,-0.1993693,0.04117888,0.2253114,0.8605201,-0.4083903,-0.001996011,1.418702,-0.9683499,0.2434869,0.0548868,1,0.5,1,0,0.5,-0.225496,0,0,0,1.430755,-0.859045,0.479605,-0.1789434,0,0,0,0,0.5,0.225496,0,0,0,1.402519,-0.8717946,0.4867232,0.0554507,0,0,1
232,-0.1651015,0.02782849,-0.2254878,0.5757937,-0.2112055,-0.00383109,1.442971,-0.955942,0.2335745,-0.1778142,1,0.5,0,-0.4991099,-0.3438099,0.2254017,1.218747,-0.634149,0.1261838,1.695448,-0.998145,0.03743661,0.04800918,1,1,1,-0.4771795,-0.3627996,-0.2246243,1.17677,-0.6985623,0.1277253,1.697556,-0.9872081,0.0287594,-0.1568216,1,1,0,-0.163996,0.02738372,0.2254371,0.8924868,-0.3354188,-0.005464258,1.413735,-0.9699681,0.2369104,0.05509496,1,0.5,1,0,0.5,-0.225496,0,0,0,1.459746,-0.8635125,0.4725101,-0.1762963,0,0,0,0,0.5,0.225496,0,0,0,1.431934,-0.8759438,0.4793125,0.05460642,0,0,1
233,-0.141474,0.02011243,-0.2253595,0.5910771,-0.184293,0.006885084,1.451264,-0.9572895,0.2286274,-0.1769926,1,0.5,0,-0.4425399,-0.3727516,0.2304774,1.47675,-0.7561165,0.1205273,1.672455,-0.9984053,0.02451071,0.0508537,1,1,1,-0.423308,-0.3928881,-0.2196251,1.402581,-0.7648829,0.1194805,1.676673,-0.9876353,0.01521216,-0.1560295,1,1,0,-0.128744,0.01650891,0.2254431,0.8762832,-0.2601916,-0.002200902,1.410152,-0.971229,0.2316616,0.05520142,1,0.5,1,0,0.5,-0.225496,0,0,0,1.489341,-0.8678508,0.4654809,-0.1736736,0,0,0,0,0.5,0.225496,0,0,0,1.461947,-0.8799679,0.47198,0.05377106,0,0,1
234,-0.1181654,0.01389333,-0.2252339,0.5832499,-0.1487535,0.005088748,1.458792,-0.9583857,0.2245737,-0.1762483,1,0.5,0,-0.3749849,-0.4055533,0.233821,1.756696,-0.8430216,0.07368478,1.637229,-0.998535,0.009566915,0.05325636,1,1,1,-0.3608088,-0.4232739,-0.2166106,1.614185,-0.7511067,0.06356167,1.646482,-0.9876264,0.001270022,-0.1568197,1,1,0,-0.09526312,0.00880688,0.2252313,0.8158549,-0.1766143,-0.003147871,1.407575,-0.9721119,0.227937,0.05516498,1,0.5,1,0,0.5,-0.225496,0,0,0,1.517752,-0.8718184,0.4589266,-0.1712282,0,0,0,0,0.5,0.225496,0,0,0,1.49075,-0.8836436,0.4651514,0.0529931,0,0,1
235,-0.09480843,0.008834228,-0.2249644,0.5842647,-0.1158101,0.001549721,1.466969,-0.9593598,0.2210682,-0.1753787,1,0.5,0,-0.2960861,-0.4395373,0.234657,2.04222,-0.8417073,0.0003807248,1.591497,-0.9984752,-0.006472534,0.05482055,1,1,1,-0.2905587,-0.4512738,-0.2161975,1.802442,-0.6798941,-0.01069531,1.609892,-0.9871505,-0.01197873,-0.1593435,1,1,0,-0.06610838,0.004308251,0.2250512,0.6967432,-0.100333,-0.007126483,1.410391,-0.9727488,0.2252462,0.05498939,1,0.5,1,0,0.5,-0.225496,0,0,0,1.546681,-0.8756723,0.4524398,-0.1688079,0,0,0,0,0.5,0.225496,0,0,0,1.520066,-0.8872098,0.4584009,0.05222404,0,0,1
236,-0.07159083,0.004963867,-0.225101,0.5838195,-0.09191212,-0.00798628,1.475412,-0.9601484,0.2181641,-0.1746982,1,0.5,0,-0.2070383,-0.4703166,0.2318378,2.287266,-0.7249254,-0.08464533,1.535693,-0.9982523,-0.0217698,0.05493844,1,1,1,-0.2130754,-0.4745636,-0.2190538,1.981077,-0.5457344,-0.08465576,1.566752,-0.9861719,-0.02349754,-0.1640515,1,1,0,-0.04211278,0.001660741,0.2250088,0.5582024,-0.05275073,-0.004287066,1.418436,-0.9732984,0.2229216,0.05473668,1,0.5,1,0,0.5,-0.225496,0,0,0,1.57553,-0.8793405,0.4461511,-0.1664616,0,0,0,0,0.5,0.225496,0,0,0,1.549289,-0.8906003,0.451864,0.05147931,0,0,1
237,-0.04762365,0.002180502,-0.2252749,0.603059,-0.06202307,-0.009853397,1.483828,-0.9607931,0.2158355,-0.1740448,1,0.5,0,-0.1099455,-0.4921201,0.2276147,2.46752,-0.4716517,-0.1135976,1.472418,-0.9979476,-0.03352236,0.0545598,1,1,1,-0.1293384,-0.4911988,-0.2229881,2.12592,-0.370443,-0.1034752,1.518191,-0.9849233,-0.03230558,-0.1699483,1,1,0,-0.02413835,0.0004720967,0.2250924,0.4191017,-0.03026571,-0.000356883,1.433123,-0.9738452,0.220613,0.05436402,1,0.5,1,0,0.5,-0.225496,0,0,0,1.604896,-0.8829058,0.4399268,-0.1641393,0,0,0,0,0.5,0.225496,0,0,0,1.579026,-0.8938921,0.445401,0.050743,0,0,1
238,-0.02261272,0.0004608776,-0.2254413,0.6325914,-0.03572549,-0.002346189,1.490741,-0.9612483,0.2142221,-0.1735239,1,0.5,0,-0.008372936,-0.499871,0.2244756,2.552557,-0.09075407,-0.0586346,1.403662,-0.9977385,-0.03880466,0.05488138,1,1,1,-0.04182821,-0.4992056,-0.225313,2.201024,-0.1521573,-0.03515111,1.464781,-0.9837292,-0.03725892,-0.1757514,1,1,0,-0.009460229,6.380747E-05,0.2254308,0.3610384,-0.006447464,0.009566549,1.45047,-0.9743518,0.2184416,0.05405404,1,0.5,1,0,0.5,-0.225496,0,0,0,1.633698,-0.8862475,0.4339884,-0.1619236,0,0,0,0,0.5,0.225496,0,0,0,1.608181,-0.8969744,0.4392413,0.05004125,0,0,1
239,0.002955828,-0.0003017141,-0.2257732,0.6389965,-0.01246529,-0.01820327,1.50001,-0.9616685,0.2128481,-0.1728857,1,0.5,0,0.09248544,-0.4927985,0.2235373,2.497505,0.2786638,-0.0120245,1.337952,-0.9977503,-0.03634399,0.05633298,1,1,1,0.0467935,-0.4984706,-0.225059,2.215608,0.06976727,0.01664386,1.412295,-0.9828552,-0.03789719,-0.1804423,1,1,0,0.006461479,-0.0001886913,0.2252429,0.4245262,0.002737651,-0.009458516,1.46931,-0.9748802,0.2162236,0.0534415,1,0.5,1,0,0.5,-0.225496,0,0,0,1.66506,-0.8897225,0.4277018,-0.159578,0,0,0,0,0.5,0.225496,0,0,0,1.639918,-0.9001761,0.4327269,0.04929909,0,0,1
240,0.02874648,0.0002306831,-0.2255468,1.289533,0.02661987,0.01131818,1.492272,-0.9613252,0.213942,-0.1734436,1,0.5,0,0.1868445,-0.4737832,0.2239511,4.717957,0.950766,0.02069176,1.260844,-0.997887,-0.02713654,0.05903485,1,1,1,0.1345153,-0.4883856,-0.2237804,4.386092,0.5042525,0.06393047,1.342877,-0.981863,-0.03385227,-0.1865455,1,1,0,0.02831866,0.0003567864,0.2255025,1.09286,0.0272739,0.01298264,1.465355,-0.9747087,0.2169362,0.05368114,1,0.5,1,0,0.5,-0.225496,0,0,0,1.680792,-0.8914044,0.4246164,-0.1584269,0,0,0,0,0.5,0.225496,0,0,0,1.655833,-0.9017246,0.4295324,0.04893515,0,0,1
241,0.05471269,0.002515935,-0.2254011,0.6519283,0.0656127,0.004412981,1.502366,-0.9614816,0.2140048,-0.1724965,1,0.5,0,0.2705146,-0.4494884,0.2233117,2.020286,0.6201657,-0.02221913,1.212716,-0.9980849,-0.01371411,0.06032038,1,1,1,0.2201301,-0.4693074,-0.2244707,2.120277,0.5292388,-0.03205166,1.29374,-0.9810899,-0.02414364,-0.1920405,1,1,0,0.05781654,0.003123943,0.2256328,0.78315,0.08567782,0.005915018,1.472284,-0.9745725,0.2175771,0.0535586,1,0.5,1,0,0.5,-0.225496,0,0,0,1.712927,-0.8947201,0.4184502,-0.1561262,0,0,0,0,0.5,0.225496,0,0,0,1.688335,-0.9047749,0.4231528,0.04820834,0,0,1
242,0.08263136,0.006606922,-0.2255056,0.710922,0.1121451,-0.002398343,1.507456,-0.9612167,0.2155001,-0.1721112,1,0.5,0,0.3432696,-0.4241546,0.2208279,1.753528,0.6367239,-0.06378891,1.172006,-0.9981795,0.001103698,0.06030357,1,1,1,0.3005285,-0.4435502,-0.2276618,1.964633,0.676057,-0.08225593,1.246741,-0.979941,-0.0100474,-0.1990346,1,1,0,0.09268084,0.008390537,0.225428,0.9009764,0.1517142,-0.00121072,1.47091,-0.9739414,0.220401,0.05349203,1,0.5,1,0,0.5,-0.225496,0,0,0,1.741856,-0.8975738,0.4130506,-0.1541116,0,0,0,0,0.5,0.225496,0,0,0,1.717585,-0.9073979,0.4175714,0.04757248,0,0,1
243,0.1129094,0.01283629,-0.2253737,0.767656,0.1670293,0.001569093,1.448398,-0.9580452,0.2252293,-0.1772603,1,0.5,0,0.4064588,-0.3996085,0.2183695,1.518383,0.6114932,-0.05870017,1.076397,-0.9979107,0.01674168,0.06240147,1,1,1,0.3724223,-0.4144327,-0.2310622,1.742407,0.7306728,-0.07925484,1.145077,-0.9769393,0.007031444,-0.2134017,1,1,0,0.1302738,0.01712193,0.2253105,0.9516474,0.2400635,-0.006161632,1.404551,-0.9709839,0.2326647,0.05529413,1,0.5,1,0,0.5,-0.225496,0,0,0,1.71258,-0.8946851,0.4185159,-0.1561507,0,0,0,0,0.5,0.225496,0,0,0,1.687984,-0.9047428,0.4232207,0.04821608,0,0,1
244,0.1447167,0.02138712,-0.2252369,0.8111063,0.2384101,-0.005238505,1.389531,-0.9542307,0.2367715,-0.1827103,1,0.5,0,0.4603015,-0.3766267,0.2167348,1.286547,0.5628156,-0.04234092,0.9914236,-0.997345,0.03310479,0.06486075,1,1,1,0.4348676,-0.3856213,-0.2335024,1.495469,0.7182765,-0.06408172,1.054173,-0.9734422,0.0259808,-0.2274537,1,1,0,0.1680129,0.02901035,0.2250952,0.9290975,0.3139539,-0.00977293,1.34,-0.967257,0.2472883,0.05711696,1,0.5,1,0,0.5,-0.225496,0,0,0,1.684178,-0.8917613,0.4239581,-0.1581812,0,0,0,0,0.5,0.225496,0,0,0,1.659258,-0.9020531,0.428851,0.04885752,0,0,1
245,0.1766977,0.0322961,-0.2251091,0.80504,0.2910286,-0.003881754,1.330986,-0.9496442,0.2503001,-0.1884826,1,0.5,0,0.5045163,-0.3558555,0.2166433,1.042506,0.5049752,-0.001550466,0.9160115,-0.9964377,0.04953666,0.06825038,1,1,1,0.4878029,-0.3591241,-0.2341002,1.262719,0.6443369,-0.01740009,0.9724574,-0.9695904,0.04541789,-0.2404824,1,1,0,0.2034368,0.04316745,0.2250267,0.8575987,0.3639878,-0.003424288,1.278272,-0.9627584,0.2638333,0.05906109,1,0.5,1,0,0.5,-0.225496,0,0,0,1.65544,-0.8886741,0.4296107,-0.1602903,0,0,0,0,0.5,0.225496,0,0,0,1.630183,-0.8992105,0.4347043,0.04952437,0,0,1
246,0.2077562,0.04503804,-0.2249261,0.7704633,0.325668,0.00351593,1.273172,-0.9442413,0.2656471,-0.1945249,1,0.5,0,0.5391507,-0.3381034,0.2182049,0.8028153,0.4276903,0.04533978,0.8493596,-0.9952186,0.06513952,0.0727789,1,1,1,0.5312313,-0.3360676,-0.2327695,1.029447,0.5473661,0.03791006,0.899024,-0.9655497,0.06428227,-0.252154,1,1,0,0.2341435,0.05798161,0.2250578,0.7303576,0.3685874,-0.000268221,1.220726,-0.9576857,0.2812659,0.06105436,1,0.5,1,0,0.5,-0.225496,0,0,0,1.625791,-0.885345,0.4356025,-0.1625258,0,0,0,0,0.5,0.225496,0,0,0,1.600178,-0.8961422,0.4409149,0.05023192,0,0,1
247,0.2365337,0.05935373,-0.2250772,0.7021758,0.3661911,0.0021711,1.219193,-0.9380883,0.2823149,-0.2007205,1,0.5,0,0.5644093,-0.3235969,0.220925,0.5759331,0.3396989,0.07554892,0.7928987,-0.9937973,0.0792043,0.07806107,1,1,1,0.565161,-0.317572,-0.2301077,0.7845256,0.4354449,0.06822351,0.8354083,-0.9615991,0.08119464,-0.2621728,1,1,0,0.2582111,0.07173957,0.2252533,0.5550111,0.3334449,0.007264319,1.170434,-0.9524933,0.2979702,0.06300955,1,0.5,1,0,0.5,-0.225496,0,0,0,1.596834,-0.8819433,0.4416182,-0.1647703,0,0,0,0,0.5,0.225496,0,0,0,1.570863,-0.8930038,0.4471566,0.05094301,0,0,1
248,0.2618901,0.07397009,-0.2253501,0.6058018,0.3611875,-0.006999823,1.169628,-0.9314215,0.29945,-0.2068425,1,0.5,0,0.5809463,-0.3130933,0.2233359,0.3610881,0.2349556,0.06086754,0.7455117,-0.9924207,0.09065086,0.08296665,1,1,1,0.5892311,-0.3038684,-0.227405,0.5407693,0.3115849,0.06542059,0.7818216,-0.9578453,0.09527975,-0.2710244,1,1,0,0.2750306,0.08228424,0.2254088,0.3735529,0.243123,0.005540254,1.127018,-0.9477381,0.3124023,0.06478648,1,0.5,1,0,0.5,-0.225496,0,0,0,1.568429,-0.8784532,0.4476828,-0.1670331,0,0,0,0,0.5,0.225496,0,0,0,1.542097,-0.8897805,0.4534555,0.05166063,0,0,1
249,0.2819666,0.08691765,-0.2255435,0.4657792,0.3046052,-0.009623919,1.124944,-0.9247398,0.3156526,-0.2126496,1,0.5,0,0.5894566,-0.3075093,0.2250459,0.1567394,0.1143903,0.03321619,0.7056046,-0.9913367,0.09828325,0.08713131,1,1,1,0.6040591,-0.2956015,-0.225544,0.3138245,0.1743347,0.04410522,0.7369803,-0.9543867,0.1054168,-0.2793448,1,1,0,0.2845486,0.08889594,0.2254031,0.1905651,0.1443033,-0.00976697,1.089475,-0.9437504,0.3239408,0.06631316,1,0.5,1,0,0.5,-0.225496,0,0,0,1.540025,-0.8748015,0.4539161,-0.1693587,0,0,0,0,0.5,0.225496,0,0,0,1.513321,-0.8864043,0.4599366,0.05239899,0,0,1
250,0.2954476,0.09649456,-0.2253799,0.2969326,0.2071381,0.006039443,1.084785,-0.9185892,0.3296942,-0.2179349,1,0.5,0,0.5900145,-0.3071871,0.2259642,-0.0322044,-0.02806337,0.02494902,0.672062,-0.9907322,0.1013709,0.09040837,1,1,1,0.6098268,-0.2922674,-0.2243182,0.09359125,0.04627408,0.03294946,0.6996685,-0.9514189,0.1114747,-0.2870111,1,1,0,0.2870775,0.09070631,0.2254827,0.0145346,0.0195481,-0.002507866,1.056216,-0.9408313,0.3320274,0.06778154,1,0.5,1,0,0.5,-0.225496,0,0,0,1.510869,-0.8708743,0.4604974,-0.1718143,0,0,0,0,0.5,0.225496,0,0,0,1.483773,-0.8827693,0.4667872,0.05317947,0,0,1
251,0.3013281,0.1011503,-0.2252529,0.09495769,0.08108619,-6.109478E-05,1.050642,-0.9137046,0.3399562,-0.2226516,1,0.5,0,0.5829637,-0.3122095,0.2253541,-0.2262742,-0.1563177,-0.0255175,0.6457362,-0.9907981,0.09931653,0.09195318,1,1,1,0.6074498,-0.2942433,-0.2246058,-0.1105279,-0.07991794,-0.01197458,0.6703774,-0.9490162,0.1125762,-0.2944399,1,1,0,0.2824547,0.08727053,0.2251116,-0.1556755,-0.117939,-0.01394451,1.028311,-0.9394042,0.3358415,0.06877631,1,0.5,1,0,0.5,-0.225496,0,0,0,1.482147,-0.8668161,0.4671702,-0.1743039,0,0,0,0,0.5,0.225496,0,0,0,1.454653,-0.8790087,0.4737414,0.05397173,0,0,1
252,0.2986948,0.09917124,-0.224964,-0.128913,-0.08748513,0.002327562,1.022897,-0.910916,0.34485,-0.2265182,1,0.5,0,0.5680841,-0.3225567,0.2256877,-0.4221054,-0.2890409,0.004748257,0.6275824,-0.991362,0.09173901,0.09372948,1,1,1,0.5974306,-0.3019001,-0.2239271,-0.3002049,-0.222765,0.01161993,0.6482638,-0.9479493,0.1080761,-0.2995192,1,1,0,0.2720293,0.08029764,0.2249153,-0.2935306,-0.1916987,-0.01046062,1.005473,-0.9391712,0.3363046,0.06968927,1,0.5,1,0,0.5,-0.225496,0,0,0,1.454275,-0.8626863,0.473833,-0.1767898,0,0,0,0,0.5,0.225496,0,0,0,1.426383,-0.875177,0.4806935,0.05476376,0,0,1
253,0.2862801,0.09007706,-0.2248234,-0.3736989,-0.2706451,-0.0005774202,1.001149,-0.9105189,0.3437881,-0.2297063,1,0.5,0,0.5451696,-0.3376727,0.2261089,-0.6228569,-0.4081623,0.02120361,0.6165035,-0.9923254,0.07911065,0.09503678,1,1,1,0.5796804,-0.3148292,-0.2229169,-0.4923584,-0.3551738,0.03442989,0.6323382,-0.9479711,0.09817807,-0.3028397,1,1,0,0.2572099,0.07118736,0.2247938,-0.3936709,-0.2355141,-0.004757943,0.9854959,-0.9396824,0.3346945,0.07054467,1,0.5,1,0,0.5,-0.225496,0,0,0,1.426031,-0.8582956,0.4807813,-0.1793823,0,0,0,0,0.5,0.225496,0,0,0,1.397725,-0.871098,0.4879527,0.05559078,0,0,1
254,0.2636443,0.07507274,-0.2250515,-0.6268772,-0.4061082,0.000306964,0.9863759,-0.9123959,0.3371104,-0.2321428,1,0.5,0,0.5140617,-0.3568701,0.2267747,-0.8262756,-0.5080329,0.02194048,0.6130379,-0.9934484,0.06210924,0.09593087,1,1,1,0.5539197,-0.33208,-0.2217666,-0.6978247,-0.4528182,0.0368558,0.6232731,-0.9489125,0.08361281,-0.3042596,1,1,0,0.2386876,0.06046962,0.2250616,-0.486833,-0.2735966,0.01184419,0.9680542,-0.9407827,0.3313704,0.07156522,1,0.5,1,0,0.5,-0.225496,0,0,0,1.39753,-0.8536401,0.4880028,-0.1820767,0,0,0,0,0.5,0.225496,0,0,0,1.368792,-0.8667674,0.4955074,0.05645145,0,0,1
255,0.2324703,0.05704519,-0.2252886,-0.825699,-0.4568126,-0.005096199,0.9786068,-0.915828,0.3266894,-0.233523,1,0.5,0,0.4746779,-0.3790418,0.2262217,-1.03146,-0.5745398,-0.02725945,0.6179907,-0.9945897,0.04200232,0.09501128,1,1,1,0.5193474,-0.3524361,-0.2217138,-0.9208325,-0.5277293,-0.00899956,0.623054,-0.9503304,0.06550347,-0.3042719,1,1,0,0.2154763,0.04868615,0.2252575,-0.6131249,-0.303913,0.003182144,0.9547992,-0.9424968,0.3262898,0.07235193,1,0.5,1,0,0.5,-0.225496,0,0,0,1.36928,-0.8487868,0.495378,-0.1848284,0,0,0,0,0.5,0.225496,0,0,0,1.3401,-0.8622466,0.5032336,0.05733167,0,0,1
256,0.1958034,0.03970575,-0.2255494,-0.935955,-0.4201671,-0.007662925,0.9762988,-0.9196205,0.3154549,-0.2340646,1,0.5,0,0.4274804,-0.4023403,0.2255618,-1.223736,-0.584917,-0.02818481,0.6311427,-0.9954161,0.02091667,0.09332311,1,1,1,0.4747159,-0.3754115,-0.2221606,-1.183436,-0.5897435,-0.02230332,0.632817,-0.9522474,0.04465727,-0.302044,1,1,0,0.1867508,0.03585368,0.2253794,-0.7618833,-0.322432,-0.001152605,0.9464605,-0.9448494,0.3192992,0.0728533,1,0.5,1,0,0.5,-0.225496,0,0,0,1.341199,-0.8437101,0.5029331,-0.1876473,0,0,0,0,0.5,0.225496,0,0,0,1.311567,-0.8575107,0.5111597,0.05823466,0,0,1
257,0.1765692,0.03192166,-0.2254678,0,0,0,0.9765497,-0.9214543,0.3101295,-0.2339696,1,0.5,0,0.4013408,-0.4138843,0.2251575,0,0,0,0.6407232,-0.9956853,0.01062108,0.09218494,1,1,1,0.4482509,-0.3878227,-0.222654,0,0,0,0.6421705,-0.9533526,0.0334252,-0.3000025,1,1,0,0.1700624,0.02936248,0.2254326,0,0,0,0.9447761,-0.9462226,0.3151786,0.07297508,1,0.5,1,0,0.5,-0.225496,0,0,0,1.327471,-0.8411309,0.5067112,-0.1890569,0,0,0,0,0.5,0.225496,0,0,0,1.297613,-0.855102,0.5151277,0.05868672,0,0,1
258,0.1180338,0.01389477,-0.2255863,-0.9689633,-0.2571849,-0.005569311,0.994166,-0.9272695,0.2944082,-0.2312904,1,0.5,0,0.3130859,-0.4456579,0.2255126,-1.549857,-0.5079688,0.01291857,0.6952709,-0.9959604,-0.01644641,0.08827505,1,1,1,0.3524798,-0.427785,-0.2233629,-1.730283,-0.6741809,-0.008079412,0.701172,-0.9582712,-0.001486082,-0.2858566,1,1,0,0.1131367,0.01276638,0.2254472,-0.9925615,-0.2473963,-0.00216514,0.9617879,-0.9511583,0.3001573,0.07213576,1,0.5,1,0,0.5,-0.225496,0,0,0,1.299289,-0.8356236,0.5146477,-0.1920181,0,0,0,0,0.5,0.225496,0,0,0,1.268955,-0.8499527,0.5234728,0.05963746,0,0,1
259,0.07998918,0.006299102,-0.2253944,-0.9420607,-0.1649821,0.003028662,0.9961731,-0.929098,0.2889366,-0.2308519,1,0.5,0,0.2459135,-0.4640882,0.2267819,-1.719984,-0.4495369,0.0343904,0.7294056,-0.995739,-0.03098099,0.08685657,1,1,1,0.2761843,-0.4536566,-0.223074,-1.964689,-0.6301107,0.01172647,0.7425188,-0.9608678,-0.02225848,-0.2761118,1,1,0,0.07306972,0.00520349,0.2255533,-1.001662,-0.1647046,0.004252793,0.9658505,-0.9530378,0.2941661,0.07200822,1,0.5,1,0,0.5,-0.225496,0,0,0,1.271435,-0.8298814,0.5227402,-0.1950374,0,0,0,0,0.5,0.225496,0,0,0,1.240615,-0.8445752,0.5319957,0.06060844,0,0,1
260,0.04411628,0.001781895,-0.2254638,-0.8840803,-0.09086604,0.001107157,0.9974219,-0.9301411,0.2856789,-0.2307057,1,0.5,0,0.1720433,-0.4795377,0.2277042,-1.88643,-0.364867,0.02880917,0.7705921,-0.9955095,-0.042136,0.08476695,1,1,1,0.1918427,-0.4758512,-0.2227987,-2.154985,-0.521359,0.01493022,0.7923769,-0.9634087,-0.03857328,-0.2652467,1,1,0,0.03429113,0.001231938,0.2254367,-0.9504259,-0.07299881,0.001554192,0.9700474,-0.9541453,0.2906246,0.07172331,1,0.5,1,0,0.5,-0.225496,0,0,0,1.244021,-0.8239175,0.5309568,-0.1981031,0,0,0,0,0.5,0.225496,0,0,0,1.212709,-0.8389806,0.5406639,0.06159598,0,0,1
261,0.0113333,-5.693167E-05,-0.2253627,-0.7963486,-0.03572638,-0.003301354,0.9965726,-0.9304523,0.2846124,-0.2307691,1,0.5,0,0.09264817,-0.4911609,0.2280224,-2.015974,-0.2553211,0.002530963,0.8172295,-0.9954033,-0.04946814,0.08200727,1,1,1,0.101172,-0.4918575,-0.2228986,-2.301225,-0.3509195,-0.006440284,0.8486347,-0.9659033,-0.0488327,-0.2542561,1,1,0,-0.001452632,-3.88132E-05,0.2254228,-0.8705684,-0.01125447,-0.002793224,0.9721943,-0.9545448,0.2893376,0.07160928,1,0.5,1,0,0.5,-0.225496,0,0,0,1.216846,-0.8176752,0.539361,-0.2012387,0,0,0,0,0.5,0.225496,0,0,0,1.185029,-0.8331148,0.5495453,0.06260781,0,0,1
262,-0.01792382,0.0002293905,-0.2253479,-0.7112983,0.01544341,-0.000383705,0.9927888,-0.9300296,0.2855256,-0.2313441,1,0.5,0,0.009519883,-0.4971198,0.2274375,-2.094769,-0.1084403,-0.0168264,0.8669796,-0.9955481,-0.05202695,0.07859484,1,1,1,0.006289457,-0.4991691,-0.2235157,-2.389652,-0.124003,-0.01894981,0.9086136,-0.9684163,-0.05194402,-0.243868,1,1,0,-0.03322688,0.0009912313,0.2253635,-0.7670928,0.03480353,-0.002019853,0.9709284,-0.954255,0.2902869,0.0716306,1,0.5,1,0,0.5,-0.225496,0,0,0,1.189638,-0.8110694,0.5480463,-0.2044793,0,0,0,0,0.5,0.225496,0,0,0,1.157299,-0.826896,0.5587405,0.06365538,0,0,1
263,-0.0447248,0.001905585,-0.2254655,-0.6615159,0.04937845,-0.009182844,0.9879205,-0.929186,0.2875863,-0.2321801,1,0.5,0,-0.07516805,-0.4963121,0.2257476,-2.12014,0.06892684,-0.05794691,0.9186931,-0.9959857,-0.04956119,0.07453874,1,1,1,-0.08948858,-0.4960678,-0.2250253,-2.385915,0.1448706,-0.05517679,0.9700989,-0.9708998,-0.04766198,-0.2346953,1,1,0,-0.06062049,0.003529985,0.2253162,-0.658635,0.0698522,-0.007693473,0.9667146,-0.9534579,0.2928518,0.07180412,1,0.5,1,0,0.5,-0.225496,0,0,0,1.16332,-0.8043132,0.5567179,-0.2077147,0,0,0,0,0.5,0.225496,0,0,0,1.130458,-0.8205239,0.5679384,0.06470327,0,0,1
264,-0.07083176,0.004733448,-0.2253973,-0.6511838,0.07198752,0.004196169,0.9824215,-0.9280559,0.2905607,-0.2329953,1,0.5,0,-0.1594564,-0.4872276,0.2251628,-2.095217,0.2851592,-0.003595652,0.9694419,-0.9965652,-0.04166726,0.07156653,1,1,1,-0.1820495,-0.4826658,-0.2253276,-2.282905,0.3965364,0.00248924,1.027611,-0.9734074,-0.03709442,-0.2260573,1,1,0,-0.08323949,0.006830409,0.2254365,-0.5404858,0.08390889,0.007602575,0.9579082,-0.9521708,0.2968845,0.07232038,1,0.5,1,0,0.5,-0.225496,0,0,0,1.136981,-0.7971614,0.5656754,-0.2110568,0,0,0,0,0.5,0.225496,0,0,0,1.10358,-0.8137655,0.5774579,0.06578779,0,0,1
265,-0.09749763,0.009405735,-0.2254883,-0.6723861,0.1243156,-0.004624577,0.9782232,-0.9266164,0.2945467,-0.2337186,1,0.5,0,-0.2408452,-0.4700959,0.2244094,-2.009516,0.4771637,-0.01110435,1.017332,-0.9972063,-0.02906145,0.06881114,1,1,1,-0.2678418,-0.4606474,-0.2256255,-2.09381,0.5989569,-0.001829863,1.078776,-0.9754961,-0.02194571,-0.2189198,1,1,0,-0.1019929,0.01015636,0.2254644,-0.4465727,0.07477918,0.0003352763,0.9456466,-0.9506066,0.3017033,0.07295308,1,0.5,1,0,0.5,-0.225496,0,0,0,1.111043,-0.7897048,0.574783,-0.2144549,0,0,0,0,0.5,0.225496,0,0,0,1.077093,-0.8067048,0.5871564,0.06689271,0,0,1
266,-0.124103,0.0154163,-0.2254546,-0.6584896,0.1567141,0.008922819,0.9737492,-0.9248472,0.2995193,-0.2344053,1,0.5,0,-0.3159537,-0.4453518,0.2261441,-1.828232,0.6572741,0.07003996,1.058582,-0.997601,-0.01241627,0.06810299,1,1,1,-0.3452301,-0.432997,-0.223779,-1.878018,0.719339,0.07564205,1.121009,-0.9772434,-0.004316479,-0.2120772,1,1,0,-0.1191453,0.01427233,0.2255262,-0.4339961,0.1035302,0.01120121,0.931515,-0.9486699,0.3075569,0.07371647,1,0.5,1,0,0.5,-0.225496,0,0,0,1.084832,-0.7817169,0.5842892,-0.2180017,0,0,0,0,0.5,0.225496,0,0,0,1.050308,-0.7991252,0.5973008,0.06804843,0,0,1
267,-0.1503658,0.02305213,-0.2254566,-0.6471912,0.1971792,0.002019853,0.9690876,-0.9226439,0.3056674,-0.2351505,1,0.5,0,-0.3823783,-0.4164287,0.2286709,-1.599561,0.7424954,0.07667544,1.091201,-0.997647,0.006015113,0.06829489,1,1,1,-0.413248,-0.4022612,-0.2210779,-1.641368,0.7749516,0.08084106,1.15405,-0.9784029,0.01435191,-0.2062078,1,1,0,-0.1364017,0.01877038,0.2253896,-0.4398467,0.125453,-0.0006072226,0.9172149,-0.9465612,0.3138341,0.07436389,1,0.5,1,0,0.5,-0.225496,0,0,0,1.058544,-0.7732083,0.5941444,-0.2216787,0,0,0,0,0.5,0.225496,0,0,0,1.023424,-0.7910331,0.6078413,0.06924927,0,0,1
268,-0.175524,0.03166406,-0.2252679,-0.626191,0.2231219,-0.003598632,0.9643369,-0.9201762,0.3125401,-0.2357845,1,0.5,0,-0.4391456,-0.3864998,0.2315759,-1.35566,0.7495973,0.05499127,1.115412,-0.9973122,0.0244521,0.06906963,1,1,1,-0.4714665,-0.3713483,-0.217973,-1.397589,0.7612738,0.05673992,1.178674,-0.9789816,0.0325565,-0.2013334,1,1,0,-0.1542862,0.02423963,0.2251212,-0.4425922,0.1348833,-0.01267195,0.9044926,-0.9442628,0.320571,0.0748464,1,0.5,1,0,0.5,-0.225496,0,0,0,1.033052,-0.7644383,0.6040238,-0.2253648,0,0,0,0,0.5,0.225496,0,0,0,0.9973347,-0.7826734,0.6184322,0.07045586,0,0,1
269,-0.198331,0.0409669,-0.2249789,-0.5522216,0.2374574,0.002188236,0.9575423,-0.9172441,0.3203796,-0.2366853,1,0.5,0,-0.4862849,-0.3586701,0.2341241,-1.118294,0.6761613,0.05399662,1.13027,-0.9966914,0.04129987,0.0700032,1,1,1,-0.5194618,-0.3421105,-0.215308,-1.137892,0.7122311,0.05892592,1.193697,-0.9789551,0.04953042,-0.197974,1,1,0,-0.1729161,0.03071221,0.2251965,-0.4674578,0.164426,-0.002093614,0.8927324,-0.9416793,0.3279253,0.07553249,1,0.5,1,0,0.5,-0.225496,0,0,0,1.007725,-0.7551719,0.6141706,-0.2291506,0,0,0,0,0.5,0.225496,0,0,0,0.9713923,-0.7738189,0.6293359,0.07169808,0,0,1
270,-0.2180682,0.04994776,-0.2248756,-0.4648449,0.2115508,0.0004649164,0.9480509,-0.9139177,0.3286817,-0.2381654,1,0.5,0,-0.5241556,-0.3351271,0.2350298,-0.8887593,0.5570295,0.023634,1.136067,-0.9959777,0.05554349,0.07030875,1,1,1,-0.5578273,-0.3168465,-0.2142553,-0.9038899,0.5961778,0.02806113,1.199923,-0.978373,0.06421088,-0.1966297,1,1,0,-0.1912182,0.03783794,0.2251899,-0.4632497,0.1859057,0.004499407,0.8810325,-0.9388261,0.3358632,0.07616755,1,0.5,1,0,0.5,-0.225496,0,0,0,0.9827678,-0.7454512,0.6245077,-0.2330075,0,0,0,0,0.5,0.225496,0,0,0,0.9458085,-0.7645072,0.6404721,0.07296678,0,0,1
271,-0.2265324,0.05421066,-0.2250158,0,0,0,0.9424117,-0.9121125,0.3329221,-0.2391937,1,0.5,0,-0.5395463,-0.3252551,0.2348735,0,0,0,1.135807,-0.9956282,0.0615873,0.07022437,1,1,1,-0.573305,-0.305941,-0.2144811,0,0,0,1.199974,-0.9779055,0.07062399,-0.1967565,1,1,0,-0.2000975,0.04160415,0.2250832,0,0,0,0.8754094,-0.937326,0.3399745,0.07640141,1,0.5,1,0,0.5,-0.225496,0,0,0,0.970715,-0.7405306,0.6296257,-0.234917,0,0,0,0,0.5,0.225496,0,0,0,0.9334451,-0.7597845,0.6459962,0.07359612,0,0,1
272,-0.2453506,0.06416408,-0.2252119,-0.2597601,0.1449274,-0.007893893,0.9330531,-0.9082831,0.3420418,-0.2408926,1,0.5,0,-0.5727114,-0.3055144,0.2322449,-0.4421564,0.2471463,-0.06747994,1.13728,-0.9949296,0.07358886,0.06855571,1,1,1,-0.6058125,-0.2822648,-0.2169077,-0.4294665,0.3130124,-0.06458762,1.201962,-0.9765667,0.08445263,-0.1979525,1,1,0,-0.2244845,0.05312821,0.2251381,-0.3778519,0.185283,-0.004164131,0.8714747,-0.9338501,0.3493526,0.07666065,1,0.5,1,0,0.5,-0.225496,0,0,0,0.9465629,-0.7301911,0.6401381,-0.2388393,0,0,0,0,0.5,0.225496,0,0,0,0.908654,-0.7498416,0.6573651,0.07489135,0,0,1
273,-0.252246,0.06817809,-0.2253092,-0.1425475,0.08227046,0.00369996,0.910782,-0.9040961,0.3502866,-0.2447644,1,0.5,0,-0.5839529,-0.3008136,0.2296714,-0.2233923,0.07925484,-0.05916434,1.115784,-0.994681,0.07747719,0.06787503,1,1,1,-0.6160656,-0.2748577,-0.2194265,-0.2010704,0.1385376,-0.05870389,1.180882,-0.9752628,0.0899184,-0.2019335,1,1,0,-0.2378781,0.05999166,0.225411,-0.3226267,0.1652307,0.01240224,0.8556215,-0.9302852,0.358501,0.07775845,1,0.5,1,0,0.5,-0.225496,0,0,0,0.922623,-0.7192605,0.6509103,-0.2428584,0,0,0,0,0.5,0.225496,0,0,0,0.8840587,-0.7393014,0.6690468,0.0762222,0,0,1
274,-0.2552426,0.06985609,-0.2254352,-0.0493318,0.0309203,0.003388525,0.8846346,-0.8997309,0.3581133,-0.2494775,1,0.5,0,-0.5864922,-0.3023562,0.2268184,-0.01467467,-0.08080158,-0.07091168,1.08549,-0.9946755,0.07798462,0.06737247,1,1,1,-0.6172517,-0.2748815,-0.2223297,0.02959968,-0.04631432,-0.06965327,1.150779,-0.973969,0.09154377,-0.2073746,1,1,0,-0.2474763,0.06533904,0.2253942,-0.2157004,0.1148362,0.0002719463,0.836131,-0.9265801,0.3677327,0.07888016,1,0.5,1,0,0.5,-0.225496,0,0,0,0.8993015,-0.7078932,0.6617587,-0.246906,0,0,0,0,0.5,0.225496,0,0,0,0.860076,-0.7283093,0.6808443,0.07756625,0,0,1
275,-0.2542559,0.06912736,-0.2255702,0.04082771,-0.0249859,-0.003244729,0.8540994,-0.8950816,0.3656507,-0.2552029,1,0.5,0,-0.5805188,-0.309346,0.2248866,0.199616,-0.2081082,-0.05779716,1.046271,-0.9948404,0.07544217,0.06783201,1,1,1,-0.6093104,-0.2828161,-0.2244373,0.2606721,-0.2434463,-0.06726536,1.110866,-0.9728205,0.08888628,-0.2138211,1,1,0,-0.2527851,0.06835688,0.2254973,-0.09587113,0.04997777,-0.001613051,0.8118576,-0.922782,0.3768373,0.08041829,1,0.5,1,0,0.5,-0.225496,0,0,0,0.8762898,-0.6959097,0.6728234,-0.2510343,0,0,0,0,0.5,0.225496,0,0,0,0.8363889,-0.7166877,0.692912,0.07894108,0,0,1
276,-0.2494857,0.06645012,-0.2254978,0.1449817,-0.08142258,0.004844369,0.8202562,-0.8901643,0.3729959,-0.26169,1,0.5,0,-0.5664393,-0.3209783,0.224156,0.4036845,-0.3158809,-0.005036594,0.9995114,-0.9951231,0.07003728,0.06945999,1,1,1,-0.5916507,-0.2982365,-0.2255081,0.5018892,-0.4310714,-0.01434684,1.061484,-0.9717742,0.08182186,-0.2212691,1,1,0,-0.2528561,0.06841446,0.2255452,0.0314802,-0.01352244,0.004163386,0.7824661,-0.9190226,0.3855186,0.08229867,1,0.5,1,0,0.5,-0.225496,0,0,0,0.8542058,-0.6836177,0.6837956,-0.2551281,0,0,0,0,0.5,0.225496,0,0,0,0.8136344,-0.7047312,0.7049146,0.08030849,0,0,1
277,-0.2413016,0.06188434,-0.2255142,0.2270349,-0.1270168,-0.0001840294,0.7826861,-0.8847407,0.3803614,-0.2693677,1,0.5,0,-0.54448,-0.3368946,0.2237476,0.599921,-0.4200892,-0.003743918,0.9445117,-0.9955081,0.06168548,0.07182195,1,1,1,-0.5640521,-0.3200728,-0.2264699,0.7540885,-0.5800831,-0.01781733,1.001947,-0.9704703,0.07052658,-0.2306805,1,1,0,-0.2471451,0.06500822,0.2253926,0.1766146,-0.1080171,-0.002627821,0.7463411,-0.9152295,0.3939597,0.08456156,1,0.5,1,0,0.5,-0.225496,0,0,0,0.8323898,-0.6706318,0.6949918,-0.2593055,0,0,0,0,0.5,0.225496,0,0,0,0.791133,-0.6920612,0.7171995,0.08170807,0,0,1
278,-0.2290003,0.0553385,-0.2255551,0.3328742,-0.1743943,-0.0022389,0.740837,-0.8786173,0.3879144,-0.2784855,1,0.5,0,-0.5142431,-0.3563768,0.2241868,0.8071545,-0.5101846,0.007315728,0.8811597,-0.9958758,0.05040924,0.07543427,1,1,1,-0.5266156,-0.3465442,-0.2265247,0.9939913,-0.6876919,-0.006066265,0.9326483,-0.9687206,0.05546078,-0.241877,1,1,0,-0.2358532,0.05899664,0.225419,0.3177733,-0.1676784,-0.002017618,0.7041202,-0.9110997,0.402781,0.08754855,1,0.5,1,0,0.5,-0.225496,0,0,0,0.8109325,-0.6569525,0.7063674,-0.2635498,0,0,0,0,0.5,0.225496,0,0,0,0.7689784,-0.6786723,0.7297209,0.08313459,0,0,1
279,-0.2123021,0.0472931,-0.2253772,0.4467474,-0.2071232,0.0003755094,0.6943728,-0.8714076,0.3962692,-0.2891704,1,0.5,0,-0.4754931,-0.3786812,0.2245749,1.023381,-0.5699309,0.008185956,0.8090186,-0.9961482,0.03614829,0.07988799,1,1,1,-0.4794765,-0.375404,-0.2263557,1.237609,-0.7310259,0.005272033,0.8539872,-0.9660061,0.03736815,-0.2558042,1,1,0,-0.2192602,0.0506557,0.225551,0.451328,-0.2129829,0.004311653,0.6559016,-0.9064299,0.412367,0.09131488,1,0.5,1,0,0.5,-0.225496,0,0,0,0.789662,-0.6424035,0.7180176,-0.2678966,0,0,0,0,0.5,0.225496,0,0,0,0.7469925,-0.6643853,0.7425867,0.08460034,0,0,1
280,-0.1911303,0.03797557,-0.2254772,0.5604932,-0.2334804,0.002817811,0.6441689,-0.862779,0.4055132,-0.301946,1,0.5,0,-0.4284592,-0.4028345,0.2248666,1.227373,-0.609641,0.01168326,0.7291943,-0.9961759,0.01884608,0.08531326,1,1,1,-0.4231991,-0.4050137,-0.2260322,1.464002,-0.736894,0.01368747,0.7675605,-0.9618742,0.01655642,-0.2729907,1,1,0,-0.1975685,0.04059453,0.2254813,0.572473,-0.2604659,0.004065783,0.602762,-0.9010132,0.4231144,0.09565192,1,0.5,1,0,0.5,-0.225496,0,0,0,0.7690605,-0.6272629,0.7296736,-0.2722455,0,0,0,0,0.5,0.225496,0,0,0,0.7256739,-0.6494669,0.7555028,0.08607183,0,0,1
281,-0.1655916,0.02805538,-0.2255654,0.6638343,-0.245349,-0.007801506,0.5898668,-0.8519961,0.4166155,-0.3170712,1,0.5,0,-0.373409,-0.4270702,0.2249585,1.426443,-0.5976098,-0.01179353,0.641217,-0.9957613,-0.000937772,0.09197066,1,1,1,-0.3582146,-0.4333332,-0.2257521,1.679622,-0.6884503,-0.004231187,0.6733093,-0.9555752,-0.00625003,-0.2946811,1,1,0,-0.1708798,0.02996911,0.2253588,0.6981621,-0.2677206,-0.007331374,0.5445502,-0.8940217,0.436522,0.1008652,1,0.5,1,0,0.5,-0.225496,0,0,0,0.7485863,-0.6110677,0.7416388,-0.2767097,0,0,0,0,0.5,0.225496,0,0,0,0.7044624,-0.6334533,0.7688077,0.08758762,0,0,1
282,-0.1356243,0.01878044,-0.225451,0.7762718,-0.2312635,-0.0009469691,0.5326705,-0.8382033,0.430709,-0.334522,1,0.5,0,-0.3110743,-0.4500469,0.2246733,1.602808,-0.5600231,-0.01224205,0.5465633,-0.9947205,-0.02297699,0.1000162,1,1,1,-0.2854126,-0.4582139,-0.225456,1.862984,-0.595923,0.003893675,0.5730174,-0.9462811,-0.03002178,-0.3219482,1,1,0,-0.1396953,0.01963162,0.2255315,0.8031684,-0.2592038,-0.0008620325,0.4828687,-0.8848169,0.4533989,0.107371,1,0.5,1,0,0.5,-0.225496,0,0,0,0.7286946,-0.5940968,0.7536454,-0.2811895,0,0,0,0,0.5,0.225496,0,0,0,0.6838294,-0.6166121,0.7822073,0.08911419,0,0,1
283,-0.101031,0.01028664,-0.2253919,0.8959688,-0.2019063,0.005140902,0.4733401,-0.8204657,0.4482366,-0.3548522,1,0.5,0,-0.2418897,-0.4700078,0.2244103,1.769999,-0.4796045,0.001137704,0.446259,-0.9928052,-0.04650718,0.1103401,1,1,1,-0.2068804,-0.4784884,-0.2251139,1.993007,-0.4703822,0.01600832,0.4694706,-0.9329231,-0.05414126,-0.3559818,1,1,0,-0.1051432,0.01084086,0.2255486,0.8778036,-0.2128938,0.002659113,0.4199483,-0.8725539,0.4748537,0.1147332,1,0.5,1,0,0.5,-0.225496,0,0,0,0.7097253,-0.5766278,0.7654631,-0.2855987,0,0,0,0,0.5,0.225496,0,0,0,0.6641293,-0.5992128,0.7954443,0.09062224,0,0,1
284,-0.06201726,0.003862394,-0.225417,1.000888,-0.1423581,0.005428495,0.4122978,-0.7966353,0.4711865,-0.378623,1,0.5,0,-0.1666112,-0.485945,0.2240108,1.916266,-0.3732757,-0.01133085,0.3399854,-0.9897346,-0.07136432,0.1238245,1,1,1,-0.1246581,-0.4922169,-0.2250565,2.070925,-0.3027217,-0.002254547,0.3640695,-0.913595,-0.07663383,-0.3993388,1,1,0,-0.06866143,0.00445509,0.2255022,0.9188734,-0.1485565,0.004829468,0.3569228,-0.855868,0.5023265,0.1231175,1,0.5,1,0,0.5,-0.225496,0,0,0,0.6911079,-0.558095,0.7774275,-0.2900627,0,0,0,0,0.5,0.225496,0,0,0,0.6447706,-0.5806853,0.8088956,0.0921547,0,0,1
285,-0.01954341,0.000325549,-0.2254852,1.078656,-0.06678472,0.002089144,0.3510447,-0.7643667,0.5009438,-0.4059542,1,0.5,0,-0.08628263,-0.4962124,0.2237225,2.033867,-0.2265633,-0.009910766,0.2281036,-0.9850925,-0.09643184,0.1424557,1,1,1,-0.04107331,-0.4991892,-0.2249973,2.092635,-0.1243979,-0.006099793,0.2589583,-0.8854769,-0.09643375,-0.4545669,1,1,0,-0.0316609,0.0007179319,0.2253141,0.9239717,-0.0802469,-0.007015469,0.2951445,-0.8333425,0.5366546,0.1324465,1,0.5,1,0,0.5,-0.225496,0,0,0,0.672588,-0.5380976,0.7897062,-0.294644,0,0,0,0,0.5,0.225496,0,0,0,0.6254885,-0.5606159,0.8227538,0.09373352,0,0,1
286,0.0246869,0.0004372005,-0.2253095,1.108109,0.0256808,0.0001415611,0.2941945,-0.722944,0.5369431,-0.4347921,1,0.5,0,-0.002975227,-0.4999612,0.2239888,2.092682,-0.0537947,0.004123153,0.1152004,-0.9782507,-0.1202229,0.1690324,1,1,1,0.04208536,-0.4991701,-0.2248298,2.072653,0.04645886,-0.003730507,0.158971,-0.8448925,-0.1110369,-0.5232853,1,1,0,0.005240957,7.934294E-05,0.2252898,0.9217299,0.0006603738,-0.00337884,0.238238,-0.8040822,0.5771571,0.1426231,1,0.5,1,0,0.5,-0.225496,0,0,0,0.6556206,-0.5182021,0.8013011,-0.2989701,0,0,0,0,0.5,0.225496,0,0,0,0.6078,-0.5405714,0.8358909,0.09523018,0,0,1
287,0.06781056,0.004605846,-0.2250865,1.061818,0.126969,0.008918349,0.2438482,-0.6705706,0.5788894,-0.4639205,1,0.5,0,0.08079324,-0.4968388,0.2239181,2.089439,0.1204506,0.000945479,0.001834869,-0.9680874,-0.1411596,0.2070763,1,1,1,0.1234929,-0.492206,-0.2249439,2.019711,0.2197207,-0.001977385,0.0654425,-0.7836701,-0.1170871,-0.6100424,1,1,0,0.04205572,0.001708421,0.225153,0.9199109,0.05599045,-0.003153832,0.1849469,-0.7658368,0.6244403,0.15352,1,0.5,1,0,0.5,-0.225496,0,0,0,0.6392516,-0.4973557,0.8128143,-0.3032658,0,0,0,0,0.5,0.225496,0,0,0,0.5907135,-0.5194886,0.8489856,0.09672201,0,0,1
288,0.1072724,0.01158695,-0.2250448,0.9569414,0.1868277,0.001970679,0.2021545,-0.6083845,0.6232061,-0.4914087,1,0.5,0,0.1627004,-0.4866205,0.2243286,2.029627,0.2965273,0.01532734,-0.1091563,-0.9511524,-0.1551016,0.2669317,1,1,1,0.2017886,-0.4793976,-0.2249645,1.932411,0.3574239,0.005017223,-0.01779988,-0.6898873,-0.1107375,-0.7153969,1,1,0,0.0784927,0.006126252,0.2250067,0.908744,0.1249054,-0.002679975,0.1369134,-0.7158895,0.6784694,0.1648681,1,0.5,1,0,0.5,-0.225496,0,0,0,0.6236026,-0.4756595,0.8241348,-0.3074895,0,0,0,0,0.5,0.225496,0,0,0,0.5743577,-0.4974622,0.8619103,0.09819448,0,0,1
289,0.1409826,0.02023646,-0.2250815,0.80356,0.2194114,-0.003181399,0.1700129,-0.5395972,0.6660118,-0.5150372,1,0.5,0,0.2409824,-0.4705725,0.2248911,1.929355,0.4355984,0.009752069,-0.2147096,-0.9167406,-0.1562356,0.3676645,1,1,1,0.2755055,-0.4612296,-0.2247097,1.811675,0.4802065,0.0001505018,-0.08575207,-0.5480152,-0.0850447,-0.8321338,1,1,0,0.1138886,0.01310792,0.2250189,0.8727379,0.1907193,-0.004485251,0.09571713,-0.6523752,0.7371081,0.1762898,1,0.5,1,0,0.5,-0.225496,0,0,0,0.6087694,-0.4532229,0.8351601,-0.3116031,0,0,0,0,0.5,0.225496,0,0,0,0.5588349,-0.4745968,0.8745462,0.09963404,0,0,1
290,0.1679036,0.0285103,-0.2245914,0.6232987,0.1825081,0.01828597,0.1452168,-0.4674893,0.7044304,-0.5340708,1,0.5,0,0.244552,-0.4688984,0.2202974,-0.888804,-0.2561958,-0.3234335,-0.249965,-0.8998087,-0.1715694,0.4011336,1,1,1,0.3421792,-0.4401928,-0.2194296,1.603951,0.5248757,0.1760774,-0.1371867,-0.3510244,-0.03911879,-0.9355488,1,1,0,0.1457052,0.02132528,0.2258467,0.7651466,0.1562442,0.02714695,0.06228954,-0.5759139,0.7955426,0.1882424,1,0.5,1,0,0.5,-0.225496,0,0,0,0.5942153,-0.4291071,0.8462686,-0.3157477,0,0,0,0,0.5,0.225496,0,0,0,0.5435847,-0.4499257,0.8873261,0.10109,0,0,1
291,0.2058986,0.04287449,-0.222724,1.165057,0.4573978,0.1327828,0.1251696,-0.3700983,0.7499956,-0.5482096,1,0.5,0,0.2059795,-0.4746704,0.2014791,-0.9306219,-0.1174376,-0.3812464,-0.2499915,-0.9251418,-0.1946748,0.3259055,1,1,1,0.3743237,-0.4279511,-0.2149342,0.4079254,0.1767681,0.125631,-0.1591961,-0.1847077,-0.005724902,-0.9827768,1,1,0,0.1489197,0.02158272,0.2243215,-0.2587193,-0.05196093,-0.02030731,0.04255027,-0.5314773,0.8249608,0.1922799,1,0.5,1,0,0.5,-0.225496,0,0,0,0.5807641,-0.404596,0.8568013,-0.3196775,0,0,0,0,0.5,0.225496,0,0,0,0.5294721,-0.4247544,0.8994901,0.1024758,0,0,1
292,0.2282483,0.05436178,-0.2206028,0.2001398,0.147325,-0.02407135,0.1141753,-0.2841367,0.7821249,-0.5545692,1,0.5,0,0.1653382,-0.480756,0.1761405,-1.036266,-0.1333073,-0.6403762,-0.2499637,-0.9495415,-0.218992,0.2245293,1,1,1,0.3536401,-0.4295771,-0.2305571,-0.7389727,-0.1070038,-0.4896292,-0.1460005,-0.1387516,-0.01010469,-0.9902757,1,1,0,0.1331758,0.01646512,0.2188403,-0.2415323,-0.1057707,-0.1382441,0.02746505,-0.5110902,0.838852,0.1873873,1,0.5,1,0,0.5,-0.225496,0,0,0,0.5672663,-0.3773735,0.8676372,-0.3237205,0,0,0,0,0.5,0.225496,0,0,0,0.5152928,-0.3966916,0.9120522,0.103907,0,0,1
293,0.2188145,0.04954146,-0.2223223,-0.3931606,-0.1958965,-0.06509798,0.1050645,-0.2494387,0.7859352,-0.5657617,1,0.5,0,0.1331467,-0.477787,0.1821681,-0.7470044,0.1262203,0.3328049,-0.2499527,-0.9461983,-0.2071089,0.2486252,1,1,1,0.2988563,-0.4439699,-0.236022,-1.56249,-0.4129054,-0.06649944,-0.1365454,-0.1950306,-0.04944204,-0.9795502,1,1,0,0.1457052,0.02065054,0.2220172,0.4410932,0.1469974,0.1118958,0.009996355,-0.4392891,0.8757916,0.2000351,1,0.5,1,0,0.5,-0.225496,0,0,0,0.5552497,-0.3503825,0.8775175,-0.3274069,0,0,0,0,0.5,0.225496,0,0,0,0.5026534,-0.3687626,0.9235495,0.1052168,0,0,1
294,0.2075069,0.04411289,-0.2238944,0,0,0,0.1003588,-0.2423035,0.7830532,-0.5728148,1,0.5,0,0.1183154,-0.4747646,0.1912591,0,0,0,-0.2499571,-0.9384814,-0.1950249,0.2849877,1,1,1,0.2605279,-0.4530152,-0.2363086,0,0,0,-0.1309034,-0.2504714,-0.07319271,-0.9653533,1,1,0,0.1531657,0.02315372,0.2235116,0,0,0,0.002372205,-0.3977335,0.8940656,0.2060456,1,0.5,1,0,0.5,-0.225496,0,0,0,0.549493,-0.33633,0.8823308,-0.3292028,0,0,0,0,0.5,0.225496,0,0,0,0.4965929,-0.3541827,0.9291657,0.1058567,0,0,1
295,0.1623745,0.02694715,-0.2254019,-0.8666899,-0.3062913,-0.008156898,0.09115499,-0.2674694,0.7662071,-0.5842831,1,0.5,0,0.08980034,-0.4721452,0.2205674,-0.3897788,-0.02737046,0.4525008,-0.2441464,-0.9016484,-0.1803579,0.3930665,1,1,1,0.1226806,-0.471446,-0.2291943,-2.369064,-0.2359048,0.2224856,-0.09610564,-0.489756,-0.1125195,-0.8645684,1,1,0,0.1532456,0.02389377,0.2255337,-0.1560696,-0.04220802,0.02111793,-0.008560717,-0.3403162,0.9154615,0.2147442,1,0.5,1,0,0.5,-0.225496,0,0,0,0.5390176,-0.3084551,0.8912265,-0.3325218,0,0,0,0,0.5,0.225496,0,0,0,0.4855554,-0.3251875,0.9395717,0.1070422,0,0,1
296,0.1182651,0.01402164,-0.2252166,-1.185649,-0.3235028,0.01213179,0.08440602,-0.2900713,0.7529382,-0.5907136,1,0.5,0,0.07114173,-0.4754785,0.2345557,-0.567565,-0.09473715,0.3190541,-0.2499895,-0.8665349,-0.1979056,0.4582037,1,1,1,0.02927163,-0.4778221,-0.2145002,-2.31708,-0.1353056,0.4129687,-0.07408357,-0.6069568,-0.121672,-0.7853657,1,1,0,0.1392986,0.01982824,0.2252105,-0.4128554,-0.1213457,-0.01187996,-0.01846063,-0.3083569,0.9258396,0.2184879,1,0.5,1,0,0.5,-0.225496,0,0,0,0.5293995,-0.2795654,0.8995535,-0.3356287,0,0,0,0,0.5,0.225496,0,0,0,0.4754103,-0.2950394,0.949344,0.1081555,0,0,1
297,0.06228542,0.003454375,-0.2237665,-1.457076,-0.2391839,0.0424415,0.08304662,-0.3314103,0.7365696,-0.5896038,1,0.5,0,0.04434255,-0.4813319,0.2420292,-0.6741154,-0.1674921,0.1396448,-0.2499086,-0.8443733,-0.2212465,0.4879384,1,1,1,-0.05982968,-0.4806777,-0.1968065,-2.188141,-0.04615339,0.4425751,-0.04967004,-0.7002482,-0.121417,-0.7034987,1,1,0,0.115895,0.01332669,0.2240227,-0.6476945,-0.1670518,-0.03498943,-0.02743053,-0.2954447,0.9296553,0.2201215,1,0.5,1,0,0.5,-0.225496,0,0,0,0.5208479,-0.250295,0.9070891,-0.3384402,0,0,0,0,0.5,0.225496,0,0,0,0.4663811,-0.264402,0.9582141,0.109166,0,0,1
298,0.00251401,-0.0006701172,-0.221768,-1.469722,-0.05317469,0.0447564,0.08808792,-0.3730741,0.723242,-0.5811511,1,0.5,0,0.01081158,-0.4886721,0.2393365,-0.8993275,-0.1975045,-0.1516201,-0.2495337,-0.8428389,-0.2502216,0.4764574,1,1,1,-0.1396001,-0.4788016,-0.1857418,-1.914933,0.08088055,0.1884811,-0.02359813,-0.7588435,-0.1108342,-0.6417729,1,1,0,0.0814964,0.006047796,0.2223001,-0.9379092,-0.1862748,-0.04333036,-0.03433079,-0.3015401,0.9277998,0.2196842,1,0.5,1,0,0.5,-0.225496,0,0,0,0.5129608,-0.219075,0.9141518,-0.3410754,0,0,0,0,0.5,0.225496,0,0,0,0.4580456,-0.2316324,0.9665511,0.1101158,0,0,1
299,-0.04635941,0.001104169,-0.2222612,-1.144813,0.0807844,-0.02796353,0.09600657,-0.3958519,0.7166098,-0.5742574,1,0.5,0,-0.03598763,-0.49575,0.2271488,-1.28153,-0.158082,-0.3340171,-0.2407268,-0.8699648,-0.2690213,0.4132662,1,1,1,-0.2020345,-0.4731021,-0.1915903,-1.418733,0.1531408,-0.2653883,0.00265485,-0.7790741,-0.09370669,-0.6198891,1,1,0,0.03045659,-0.0001325662,0.2222949,-1.372911,-0.1434952,0.007157776,-0.03401214,-0.341456,0.9139024,0.2195226,1,0.5,1,0,0.5,-0.225496,0,0,0,0.5063701,-0.188371,0.9201387,-0.3433091,0,0,0,0,0.5,0.225496,0,0,0,0.4510744,-0.1993229,0.9736357,0.110923,0,0,1
300,-0.08942967,0.007379372,-0.2239151,-1.08147,0.1829923,-0.03561677,0.1057158,-0.4070706,0.7154831,-0.5677829,1,0.5,0,-0.1012511,-0.4948764,0.2205343,-1.738707,0.09500388,-0.08394274,-0.2143135,-0.9044549,-0.2410907,0.3519043,1,1,1,-0.2384808,-0.4698272,-0.2083319,-0.7429022,0.05241933,-0.4285688,0.01598257,-0.7667317,-0.08493926,-0.6363237,1,1,0,-0.03192186,0.0003673303,0.2234908,-1.592622,0.07055444,0.03364386,-0.02225152,-0.3957339,0.8924515,0.2166219,1,0.5,1,0,0.5,-0.225496,0,0,0,0.5007678,-0.1570188,0.9252895,-0.3452309,0,0,0,0,0.5,0.225496,0,0,0,0.4451445,-0.1662597,0.9797443,0.1116189,0,0,1
301,-0.1317928,0.01767136,-0.2247385,-1.029791,0.2794135,-0.02381877,0.117504,-0.414845,0.7184914,-0.5582773,1,0.5,0,-0.1781397,-0.4842208,0.2209365,-1.952538,0.3130303,0.01097173,-0.1758189,-0.9331678,-0.1795936,0.3113585,1,1,1,-0.2542129,-0.4671744,-0.2233117,-0.3109672,0.08004907,-0.3456184,0.01272559,-0.7383844,-0.08030491,-0.6695818,1,1,0,-0.09411944,0.008649678,0.224618,-1.539805,0.2433252,0.02216772,-0.002400398,-0.4390982,0.8734928,0.2102453,1,0.5,1,0,0.5,-0.225496,0,0,0,0.496149,-0.1248565,0.9295798,-0.3468316,0,0,0,0,0.5,0.225496,0,0,0,0.4402525,-0.132279,0.9848419,0.1121996,0,0,1
302,-0.1686954,0.02925894,-0.2253756,-0.8771177,0.3021371,-0.0105612,0.1279062,-0.4144456,0.7250429,-0.5500432,1,0.5,0,-0.2539448,-0.4659747,0.2227972,-1.868093,0.4953074,0.05430656,-0.1373386,-0.9526306,-0.1102259,0.2834523,1,1,1,-0.2615419,-0.4619958,-0.228091,-0.1514197,0.1543955,-0.04349204,-0.002880096,-0.7102502,-0.07240865,-0.7002155,1,1,0,-0.1530016,0.02385376,0.2253312,-1.434151,0.4188936,0.01687483,0.02274513,-0.467798,0.8605604,0.2014964,1,0.5,1,0,0.5,-0.225496,0,0,0,0.4925838,-0.0922215,0.9329187,-0.3480774,0,0,0,0,0.5,0.225496,0,0,0,0.4364745,-0.09774699,0.9888149,0.1126523,0,0,1
303,-0.1982234,0.04052557,-0.225533,-0.6877805,0.2707562,0.003048034,0.1346255,-0.4039236,0.7351195,-0.5444676,1,0.5,0,-0.3249826,-0.4424522,0.2245212,-1.739449,0.6098407,0.04985707,-0.1025576,-0.9639116,-0.04139517,0.2629844,1,1,1,-0.2655658,-0.4549333,-0.2224157,-0.09156618,0.1855538,0.2085426,-0.02792367,-0.6856574,-0.06128936,-0.7253396,1,1,0,-0.2026796,0.04245776,0.2254581,-1.172146,0.4730918,0.001900644,0.04643279,-0.4772707,0.8573017,0.1929937,1,0.5,1,0,0.5,-0.225496,0,0,0,0.4900611,-0.05870018,0.9352958,-0.3489643,0,0,0,0,0.5,0.225496,0,0,0,0.4338003,-0.06223682,0.9916467,0.1129749,0,0,1
304,-0.21489,0.04767874,-0.2250535,-0.3166185,0.1346246,0.01974554,0.1334344,-0.3795627,0.7477945,-0.5447345,1,0.5,0,-0.3850175,-0.417142,0.2273799,-1.394128,0.6326782,0.1105905,-0.07554182,-0.9672461,0.02086902,0.2529812,1,1,1,-0.2741081,-0.448489,-0.2086589,-0.2851785,0.146623,0.3978232,-0.05467966,-0.6728777,-0.05050062,-0.738028,1,1,0,-0.2442968,0.06270113,0.224744,-1.002388,0.5145354,-0.02177433,0.06798851,-0.475071,0.8604067,0.1844122,1,0.5,1,0,0.5,-0.225496,0,0,0,0.4886838,-0.02583035,0.9365987,-0.3494504,0,0,0,0,0.5,0.225496,0,0,0,0.4323398,-0.02739135,0.9932001,0.1131519,0,0,1
305,-0.216427,0.04858493,-0.2227569,0.02103523,-0.006209875,0.06682205,0.1213427,-0.3351056,0.7638054,-0.551639,1,0.5,0,-0.426192,-0.393698,0.2369329,-0.9182948,0.5613911,0.2591715,-0.06477085,-0.9603688,0.07421842,0.2686698,1,1,1,-0.2959466,-0.4442516,-0.1919853,-0.6187814,0.1032442,0.3979416,-0.07519487,-0.6773342,-0.0429647,-0.7344198,1,1,0,-0.2776529,0.0836173,0.2227947,-0.7540721,0.4992141,-0.05652311,0.08555543,-0.4601465,0.8703144,0.1755507,1,0.5,1,0,0.5,-0.225496,0,0,0,0.4883881,0.008308027,0.936879,-0.349555,0,0,0,0,0.5,0.225496,0,0,0,0.4320262,0.008810434,0.9935343,0.1131899,0,0,1
306,-0.2214994,0.05109853,-0.2215006,-0.2205581,0.117586,-0.003020467,0.1137812,-0.2936338,0.7773104,-0.5563882,1,0.5,0,-0.4531966,-0.3790759,0.2401451,-0.6022351,0.2887802,-0.01875014,-0.06835407,-0.9543102,0.1087097,0.2783418,1,1,1,-0.3232778,-0.4374595,-0.1877938,-0.6826776,0.1960025,-0.02872125,-0.08239332,-0.6752893,-0.02744096,-0.7370423,1,1,0,-0.2924733,0.09394301,0.2219599,-0.2278791,0.1554758,-0.006414207,0.08637732,-0.4283944,0.8867038,0.1738811,1,0.5,1,0,0.5,-0.225496,0,0,0,0.4892153,0.04172248,0.9360955,-0.3492627,0,0,0,0,0.5,0.225496,0,0,0,0.4329034,0.04424094,0.9926001,0.1130835,0,0,1
307,-0.238133,0.05967629,-0.2239039,-0.4257062,0.2319057,-0.07222521,0.1173977,-0.2662845,0.7866507,-0.5570217,1,0.5,0,-0.468576,-0.3765362,0.2315365,-0.304778,0.002536179,-0.2396823,-0.08673173,-0.9554238,0.1196893,0.2698888,1,1,1,-0.351538,-0.4267688,-0.2010933,-0.7316205,0.2828972,-0.3960782,-0.07540724,-0.6542937,-0.001810771,-0.7562384,1,1,0,-0.2854799,0.08880379,0.2237573,0.2885775,-0.2074004,0.04825445,0.06623906,-0.3739591,0.9091633,0.1832393,1,0.5,1,0,0.5,-0.225496,0,0,0,0.4911002,0.07439172,0.9343152,-0.3485985,0,0,0,0,0.5,0.225496,0,0,0,0.4349018,0.07886351,0.9904783,0.1128418,0,0,1
308,-0.2470846,0.06485505,-0.2253992,-0.1320646,0.08866008,-0.02193452,0.1164293,-0.2279571,0.7962877,-0.5603226,1,0.5,0,-0.4690503,-0.3809587,0.225158,0.08657131,-0.1426355,-0.1144566,-0.1198916,-0.9536362,0.1184959,0.2766526,1,1,1,-0.3864958,-0.4152824,-0.2168661,-0.9199623,0.2932624,-0.36283,-0.06187356,-0.6389265,0.02446235,-0.7688788,1,1,0,-0.2664469,0.07624798,0.2251275,0.524232,-0.3364959,0.02854617,0.03746349,-0.2974745,0.9344783,0.1955993,1,0.5,1,0,0.5,-0.225496,0,0,0,0.4940823,0.1071995,0.9315124,-0.3475527,0,0,0,0,0.5,0.225496,0,0,0,0.4380627,0.1136013,0.9871409,0.1124616,0,0,1
309,-0.2432329,0.06289047,-0.225633,0.1657107,-0.08843843,-0.00472963,0.107681,-0.1710178,0.8045182,-0.5687736,1,0.5,0,-0.4565569,-0.3895813,0.2241232,0.3774868,-0.2307073,-0.01181588,-0.1641215,-0.9445325,0.1084282,0.3100025,1,1,1,-0.4246024,-0.4030988,-0.2255417,-0.9423856,0.3119529,-0.1708046,-0.05131739,-0.6358476,0.05104093,-0.770125,1,1,0,-0.2398538,0.06115879,0.225398,0.714239,-0.3849739,0.001855195,0.008469999,-0.1977405,0.9580876,0.2072847,1,0.5,1,0,0.5,-0.225496,0,0,0,0.4981234,0.1395706,0.927741,-0.3461456,0,0,0,0,0.5,0.225496,0,0,0,0.4423441,0.1478321,0.9826559,0.1119506,0,0,1
310,-0.230479,0.0563071,-0.2252198,0.3698336,-0.1851829,0.01602248,0.09604925,-0.09893966,0.8091732,-0.57918,1,0.5,0,-0.4352996,-0.3999594,0.225543,0.5759495,-0.2709569,0.03386216,-0.2146854,-0.9245704,0.0912696,0.369918,1,1,1,-0.4573916,-0.3892369,-0.224837,-0.7679376,0.3603505,0.06505104,-0.0505619,-0.6360953,0.08179792,-0.7672626,1,1,0,-0.2059107,0.04426905,0.2250211,0.8895133,-0.4276605,-0.0116095,-0.01692021,-0.07121924,0.9734811,0.2173991,1,0.5,1,0,0.5,-0.225496,0,0,0,0.503124,0.170972,0.9231162,-0.34442,0,0,0,0,0.5,0.225496,0,0,0,0.447639,0.1809825,0.9771653,0.1113251,0,0,1
311,-0.2094081,0.04597384,-0.2243432,0.5841205,-0.2765897,0.03257618,0.08426356,-0.009731425,0.8078098,-0.5893629,1,0.5,0,-0.4262491,-0.4000506,0.2311885,-0.2245621,0.2692477,0.2296106,-0.2498913,-0.8897198,0.1037526,0.4445605,1,1,1,-0.4807989,-0.3739335,-0.2157855,-0.5145715,0.4007252,0.2718986,-0.06155482,-0.6319524,0.1187526,-0.7658551,1,1,0,-0.1701624,0.02944012,0.2246465,0.8593019,-0.337263,0.009683523,-0.03148866,0.07163128,0.9721006,0.2233596,1,0.5,1,0,0.5,-0.225496,0,0,0,0.5091314,0.201879,0.9176208,-0.3423697,0,0,0,0,0.5,0.225496,0,0,0,0.4539959,0.2135464,0.970654,0.1105833,0,0,1
312,-0.1801731,0.03347496,-0.224332,0.7637094,-0.3083096,0.003176929,0.076855,0.09620678,0.7965173,-0.5969125,1,0.5,0,-0.4484131,-0.373754,0.2405289,-0.4932421,0.6764325,0.212168,-0.2499674,-0.8508597,0.2089568,0.4820526,1,1,1,-0.4929382,-0.3563517,-0.2080148,-0.2248318,0.453447,0.1706921,-0.07735208,-0.6087047,0.1647903,-0.7760946,1,1,0,-0.1404167,0.0200686,0.2247842,0.7218624,-0.2109541,0.01271517,-0.03199342,0.2035307,0.9531246,0.2238946,1,0.5,1,0,0.5,-0.225496,0,0,0,0.516063,0.2319447,0.9113609,-0.340034,0,0,0,0,0.5,0.225496,0,0,0,0.4613251,0.2451516,0.9632537,0.1097402,0,0,1
313,-0.1497056,0.02286206,-0.2245406,0.7555115,-0.2540122,-0.005143883,0.07815748,0.2052419,0.7763664,-0.5959287,1,0.5,0,-0.4673732,-0.3405982,0.2450149,-0.4538121,0.8555878,0.0888728,-0.2499493,-0.7958603,0.341538,0.4999583,1,1,1,-0.4936666,-0.3395638,-0.2052567,0.04935862,0.3993274,0.04984887,-0.09500289,-0.5562972,0.2134243,-0.8031086,1,1,0,-0.1147263,0.01338208,0.2249374,0.6137109,-0.1512432,0.005687776,-0.02284783,0.3219968,0.9208426,0.2199245,1,0.5,1,0,0.5,-0.225496,0,0,0,0.524141,0.2620419,0.9041724,-0.337352,0,0,0,0,0.5,0.225496,0,0,0,0.4698591,0.276708,0.9547778,0.1087746,0,0,1
314,-0.121849,0.01491671,-0.2248822,0.6773039,-0.1879355,-0.00587404,0.08763278,0.3042315,0.750327,-0.5869009,1,0.5,0,-0.4809933,-0.3061918,0.2449834,-0.3025905,0.8447576,-0.02330021,-0.2499852,-0.7214287,0.4792042,0.499904,1,1,1,-0.484972,-0.3282103,-0.2054407,0.270638,0.2412827,-0.01209081,-0.1134018,-0.4768428,0.2529493,-0.8418061,1,1,0,-0.09291823,0.008626007,0.2251636,0.5189574,-0.1078038,0.007447603,-0.006946832,0.4212673,0.8814993,0.2132906,1,0.5,1,0,0.5,-0.225496,0,0,0,0.5330629,0.291004,0.8963636,-0.3344385,0,0,0,0,0.5,0.225496,0,0,0,0.4792758,0.3069875,0.9455968,0.1077286,0,0,1
315,-0.09802964,0.009166964,-0.2250127,0.5715361,-0.1345442,-0.0005118551,0.1031573,0.3902147,0.7214817,-0.5720112,1,0.5,0,-0.4901932,-0.273578,0.2412293,-0.1945884,0.7819819,-0.1200811,-0.2499678,-0.6271299,0.6096096,0.4848548,1,1,1,-0.4705755,-0.3237309,-0.206649,0.380771,0.07915649,-0.0359066,-0.1312477,-0.3720248,0.2773383,-0.8858223,1,1,0,-0.07550807,0.005264876,0.2253986,0.4062133,-0.07283898,0.006686154,0.01342148,0.5022822,0.8399822,0.2052867,1,0.5,1,0,0.5,-0.225496,0,0,0,0.5430689,0.3196247,0.8877649,-0.3312303,0,0,0,0,0.5,0.225496,0,0,0,0.4898255,0.3368175,0.9355184,0.1065804,0,0,1
316,-0.07816663,0.005324879,-0.2251005,0.4675524,-0.08503141,0.0009045008,0.1229209,0.4622014,0.6924232,-0.5540037,1,0.5,0,-0.4967725,-0.2461189,0.2343084,-0.1514152,0.6455208,-0.1911827,-0.2499925,-0.5227479,0.7195029,0.45722,1,1,1,-0.4576779,-0.320113,-0.2091429,0.2823011,0.1192198,-0.08165914,-0.1423172,-0.2560826,0.2960359,-0.9202089,1,1,0,-0.06338219,0.00352189,0.2256135,0.2674525,-0.03518083,0.002960862,0.03597593,0.564763,0.8013828,0.197049,1,0.5,1,0,0.5,-0.225496,0,0,0,0.5539731,0.3473348,0.8785803,-0.3278034,0,0,0,0,0.5,0.225496,0,0,0,0.5013098,0.3656027,0.9247888,0.105358,0,0,1
317,-0.06328137,0.003168961,-0.2250769,0.3349946,-0.04030042,0.001178682,0.1450099,0.5206401,0.665368,-0.5349947,1,0.5,0,-0.5032174,-0.2249411,0.2260004,-0.1716257,0.4922638,-0.2104686,-0.2499974,-0.4164676,0.8042269,0.4239973,1,1,1,-0.4557571,-0.30652,-0.2152697,-0.04445763,0.4251273,-0.1826645,-0.1395956,-0.1572059,0.3315166,-0.9302597,1,1,0,-0.05796691,0.002797772,0.2258893,0.09775668,-0.006539168,0.00586957,0.05807835,0.6112627,0.7683469,0.1897392,1,0.5,1,0,0.5,-0.225496,0,0,0,0.5658911,0.3744279,0.8687567,-0.3241382,0,0,0,0,0.5,0.225496,0,0,0,0.513847,0.3936486,0.9133528,0.1040551,0,0,1
318,-0.05294808,0.002221559,-0.2252692,0.5166648,-0.04737014,-0.009616468,0.1587494,0.5502014,0.6500523,-0.5241283,1,0.5,0,-0.5078024,-0.2154239,0.2181773,-0.2292485,0.475865,-0.3911556,-0.2499588,-0.3695768,0.8421658,0.3926446,1,1,1,-0.4648879,-0.2814714,-0.2260092,-0.4565375,1.252427,-0.536974,-0.1217664,-0.1308581,0.3821146,-0.914803,1,1,0,-0.05795673,0.003046427,0.2257582,0.0005090611,0.01243272,-0.006558749,0.06835401,0.6288971,0.7548929,0.186078,1,0.5,1,0,0.5,-0.225496,0,0,0,0.5720983,0.3874579,0.8637268,-0.3222615,0,0,0,0,0.5,0.225496,0,0,0,0.5203708,0.4071,0.9075132,0.1033899,0,0,1
319,-0.04953223,0.002132731,-0.2253546,0.05818403,-0.0007084224,-0.0008746985,0.1800216,0.5879628,0.6295869,-0.5078583,1,0.5,0,-0.516691,-0.2035716,0.212156,-0.2262236,0.2660641,-0.1441628,-0.2499988,-0.2693239,0.8897092,0.368622,1,1,1,-0.4775494,-0.256131,-0.2342442,-0.3148319,0.6050559,-0.1962372,-0.106123,-0.07157,0.4312743,-0.8993776,1,1,0,-0.06167405,0.00356146,0.2254829,-0.1133312,0.01115166,-0.006175044,0.088175,0.6591331,0.7303293,0.1793392,1,0.5,1,0,0.5,-0.225496,0,0,0,0.5857106,0.4138853,0.8528976,-0.3182211,0,0,0,0,0.5,0.225496,0,0,0,0.5346639,0.434305,0.8949766,0.1019616,0,0,1
320,-0.05009009,0.0025325,-0.225224,-0.03597105,0.01580133,0.007896128,0.1997192,0.6176604,0.612435,-0.4933751,1,0.5,0,-0.5255321,-0.195734,0.2072958,-0.2225698,0.167916,-0.1088553,-0.2499723,-0.1729935,0.9209622,0.3491446,1,1,1,-0.4883654,-0.2378078,-0.2402416,-0.2505244,0.4010627,-0.1372718,-0.09351832,-0.01497354,0.4629784,-0.886243,1,1,0,-0.06776832,0.004446916,0.2253785,-0.1615335,0.02419023,-0.00121221,0.1068016,0.6831073,0.7093701,0.1736622,1,0.5,1,0,0.5,-0.225496,0,0,0,0.5997438,0.4385375,0.8420143,-0.3141604,0,0,0,0,0.5,0.225496,0,0,0,0.5493799,0.4595847,0.8824258,0.1005317,0,0,1
321,-0.05382453,0.002699635,-0.2252185,-0.1080474,0.01109676,0.002548099,0.2183167,0.6425306,0.5968115,-0.4805938,1,0.5,0,-0.5341248,-0.1912861,0.2041423,-0.2075882,0.09115715,-0.06667975,-0.2499551,-0.07502567,0.9386868,0.336509,1,1,1,-0.4961242,-0.2300071,-0.2436254,-0.1738758,0.1242251,-0.06670061,-0.08647022,0.04652827,0.4739512,-0.879321,1,1,0,-0.07503138,0.005514939,0.2252942,-0.1908918,0.02729321,0.001244992,0.1254484,0.7040287,0.6899289,0.16835,1,0.5,1,0,0.5,-0.225496,0,0,0,0.61465,0.4623559,0.830754,-0.3099592,0,0,0,0,0.5,0.225496,0,0,0,0.5649914,0.4839147,0.8694906,0.09905808,0,0,1
322,-0.06036709,0.003578276,-0.2253428,-0.182852,0.02519726,-0.01325384,0.2356367,0.6622811,0.5839544,-0.4694475,1,0.5,0,-0.5417033,-0.1901642,0.2029171,-0.1819433,0.01031757,-0.01859368,-0.2499437,0.02344271,0.9431309,0.331594,1,1,1,-0.5002742,-0.2335044,-0.2442074,-0.08426312,-0.1587861,-0.001053513,-0.08534592,0.1140497,0.4642318,-0.8783402,1,1,0,-0.08261904,0.006663692,0.2251418,-0.1852535,0.02107123,-0.008825216,0.1437606,0.7222348,0.6720878,0.1633244,1,0.5,1,0,0.5,-0.225496,0,0,0,0.6298988,0.4846145,0.8195424,-0.3057761,0,0,0,0,0.5,0.225496,0,0,0,0.5809408,0.5065637,0.8566611,0.09759646,0,0,1
323,-0.06901204,0.004567079,-0.225208,-0.2285377,0.02712415,7.301572E-05,0.2525285,0.6798518,0.5721605,-0.4587308,1,0.5,0,-0.5476516,-0.1927186,0.2036739,-0.1353354,-0.08898456,0.03122018,-0.2499832,0.1318642,0.9330627,0.334673,1,1,1,-0.5008751,-0.2469235,-0.2416393,0.004807116,-0.3885733,0.08123147,-0.08864784,0.1938602,0.4353361,-0.8791476,1,1,0,-0.09028,0.007919806,0.2252893,-0.1884394,0.03383501,-0.0001303852,0.1631783,0.7393787,0.6543034,0.1587647,1,0.5,1,0,0.5,-0.225496,0,0,0,0.6462822,0.5065244,0.807829,-0.3014057,0,0,0,0,0.5,0.225496,0,0,0,0.598055,0.5287713,0.8433093,0.09607533,0,0,1
324,-0.07923835,0.005849827,-0.2251406,-0.2595988,0.03413068,0.005425515,0.268535,0.6946746,0.561913,-0.449089,1,0.5,0,-0.5509036,-0.1997617,0.2064539,-0.06268623,-0.2109745,0.0825614,-0.2499422,0.2488085,0.9047438,0.3457356,1,1,1,-0.4987208,-0.2662648,-0.2367376,0.06845596,-0.5001949,0.1367495,-0.09273565,0.2808968,0.392215,-0.8759363,1,1,0,-0.09703962,0.009240905,0.225508,-0.1629558,0.03236533,0.008574877,0.1833049,0.7552711,0.6369644,0.1544084,1,0.5,1,0,0.5,-0.225496,0,0,0,0.663082,0.5271512,0.7961605,-0.2970521,0,0,0,0,0.5,0.225496,0,0,0,0.6155813,0.549597,0.8300605,0.09456594,0,0,1
325,-0.08990816,0.007586924,-0.2252207,-0.2616682,0.04898251,0.005107375,0.2846032,0.7078257,0.5526193,-0.4399939,1,0.5,0,-0.5491349,-0.213912,0.2110761,0.08355382,-0.4100324,0.1310528,-0.2499635,0.3844863,0.8482283,0.3642513,1,1,1,-0.4954627,-0.2850193,-0.2310522,0.07972422,-0.4479604,0.1377248,-0.0931147,0.368182,0.3464876,-0.8627794,1,1,0,-0.1024293,0.01014537,0.2256236,-0.1202383,0.02581608,0.005435201,0.2043122,0.7707394,0.6192501,0.1499671,1,0.5,1,0,0.5,-0.225496,0,0,0,0.6803464,0.546679,0.7845155,-0.2927073,0,0,0,0,0.5,0.225496,0,0,0,0.6335694,0.5692378,0.8168887,0.09306532,0,0,1
326,-0.1000663,0.009636504,-0.2254516,-0.2488592,0.05792955,-0.001027435,0.3025091,0.7211254,0.542843,-0.4304644,1,0.5,0,-0.5380926,-0.2429999,0.216821,0.3473432,-0.8566912,0.1414702,-0.2496899,0.5620365,0.7310933,0.3868041,1,1,1,-0.4923207,-0.300516,-0.228153,0.08226338,-0.3776909,0.04532488,-0.0856061,0.4499468,0.3028133,-0.84015,1,1,0,-0.1077733,0.01140138,0.2256072,-0.1546611,0.040278,0.001778454,0.2269917,0.7854322,0.6016594,0.1452661,1,0.5,1,0,0.5,-0.225496,0,0,0,0.6989914,0.5661225,0.7723158,-0.2881555,0,0,0,0,0.5,0.225496,0,0,0,0.652971,0.588719,0.8031425,0.09149926,0,0,1
327,-0.1115304,0.01231971,-0.2254701,-0.3017617,0.06959357,0.002802165,0.3197786,0.7324771,0.5346806,-0.4214188,1,0.5,0,-0.5147949,-0.2892875,0.2206002,0.6642106,-1.228905,0.07982928,-0.2398071,0.7579168,0.5254274,0.3866369,1,1,1,-0.4863268,-0.3185106,-0.2285169,0.1856358,-0.4862802,-0.01235903,-0.07111055,0.5261791,0.2506226,-0.8126032,1,1,0,-0.1173489,0.01393364,0.225491,-0.2731228,0.08268462,0.001211465,0.2471809,0.7958589,0.5887913,0.1411854,1,0.5,1,0,0.5,-0.225496,0,0,0,0.7181078,0.5845127,0.7601954,-0.2836334,0,0,0,0,0.5,0.225496,0,0,0,0.6728379,0.6070741,0.789538,0.08994935,0,0,1
328,-0.1260407,0.01613606,-0.2254861,-0.3826966,0.09683891,0.00191033,0.3355232,0.7409431,0.5291727,-0.4134967,1,0.5,0,-0.4784381,-0.3427045,0.2221248,1.002145,-1.348871,0.02829434,-0.2025363,0.8965053,0.2800191,0.3433185,1,1,1,-0.4731975,-0.3437917,-0.2288349,0.3834577,-0.6769645,0.0007137659,-0.05012935,0.6044367,0.1827376,-0.7754116,1,1,0,-0.1319811,0.0176696,0.2254014,-0.4040854,0.1143246,-0.001624227,0.2641246,0.8024015,0.5806246,0.1379375,1,0.5,1,0,0.5,-0.225496,0,0,0,0.7377565,0.6019891,0.7481278,-0.2791308,0,0,0,0,0.5,0.225496,0,0,0,0.6932322,0.6244517,0.7760434,0.08841196,0,0,1
329,-0.143744,0.02089364,-0.2254335,-0.4594767,0.1283446,-0.0007130209,0.3494747,0.7469125,0.5260823,-0.4066436,1,0.5,0,-0.4264354,-0.3946959,0.2219108,1.406283,-1.260216,-0.01534522,-0.1324087,0.9570193,0.08515997,0.2772396,1,1,1,-0.4501588,-0.3741857,-0.2280394,0.6408798,-0.7823813,0.02463163,-0.01891261,0.6819312,0.1077024,-0.7234432,1,1,0,-0.1520871,0.02328786,0.2255175,-0.5321907,0.1484635,-0.000370294,0.2778464,0.8049663,0.5776049,0.1356535,1,0.5,1,0,0.5,-0.225496,0,0,0,0.7579671,0.6186389,0.7361082,-0.2746463,0,0,0,0,0.5,0.225496,0,0,0,0.7141842,0.6409467,0.762652,0.08688632,0,0,1
330,-0.1642722,0.02706062,-0.2256894,-0.5361381,0.1611996,-0.009591881,0.3625005,0.7506219,0.5252874,-0.4007991,1,0.5,0,-0.3591923,-0.4335116,0.2223183,1.751935,-0.8430872,0.04131721,-0.03602356,0.975247,-0.01618952,0.2205248,1,1,1,-0.414012,-0.4060957,-0.2245394,1.005242,-0.8017349,0.1195066,0.02654207,0.7552521,0.03780195,-0.6543435,1,1,0,-0.1729625,0.0304558,0.2252328,-0.4883932,0.1814393,-0.005149843,0.2920802,0.8063849,0.5762748,0.1328562,1,0.5,1,0,0.5,-0.225496,0,0,0,0.7789348,0.6346563,0.72404,-0.2701435,0,0,0,0,0.5,0.225496,0,0,0,0.7358949,0.6567581,0.7492546,0.08536001,0,0,1
331,-0.1898621,0.03691054,-0.2254306,-0.659013,0.2673161,-0.009942058,0.3731265,0.7499297,0.5301758,-0.3956249,1,0.5,0,-0.2886806,-0.4549022,0.2217505,1.754055,-0.4481243,-0.1013942,0.06593782,0.9823782,-0.05106952,0.179791,1,1,1,-0.3573786,-0.4341055,-0.2234761,1.552415,-0.6359967,-0.07646608,0.09621364,0.8172691,-0.01359494,-0.5760957,1,1,0,-0.1816726,0.03361675,0.2255116,-0.121335,0.04430881,-0.01391918,0.3135807,0.814883,0.5649307,0.1296879,1,0.5,1,0,0.5,-0.225496,0,0,0,0.8001038,0.6496755,0.7122508,-0.2657449,0,0,0,0,0.5,0.225496,0,0,0,0.7577884,0.6715323,0.7362128,0.0838742,0,0,1
332,-0.2099848,0.04584456,-0.224758,-0.3999153,0.1846715,0.01789258,0.3876195,0.7527004,0.5315843,-0.3884073,1,0.5,0,-0.2184522,-0.4656307,0.212545,1.759782,-0.2294228,-0.2829359,0.1672823,0.9885534,-0.05939127,0.1386895,1,1,1,-0.2850794,-0.4484611,-0.2331098,1.862048,-0.2590568,-0.299538,0.1905506,0.8587596,-0.03252643,-0.5113453,1,1,0,-0.1779522,0.03248144,0.2250131,0.1358398,-0.05037265,-0.01839475,0.343466,0.8300799,0.5435684,0.1245018,1,0.5,1,0,0.5,-0.225496,0,0,0,0.8220804,0.6641777,0.7004113,-0.2613275,0,0,0,0,0.5,0.225496,0,0,0,0.7804916,0.6857494,0.7231598,0.0823871,0,0,1
333,-0.2132635,0.04770504,-0.2246167,0,0,0,0.3984498,0.7582124,0.5272471,-0.3835681,1,0.5,0,-0.1830473,-0.4687108,0.2059375,0,0,0,0.2178752,0.9910244,-0.05949606,0.1197109,1,1,1,-0.2468932,-0.4509912,-0.2402293,0,0,0,0.2414562,0.8733975,-0.03370558,-0.4858403,1,1,0,-0.1735656,0.03086257,0.224399,0,0,0,0.3598482,0.8384196,0.5313293,0.1214156,1,0.5,1,0,0.5,-0.225496,0,0,0,0.8330178,0.6710182,0.6946644,-0.2591833,0,0,0,0,0.5,0.225496,0,0,0,0.7917811,0.6924387,0.7168397,0.08166709,0,0,1
334,-0.1995585,0.04145111,-0.2238846,0.4223177,-0.1927125,0.02244414,0.4315413,0.7822508,0.5018039,-0.3691566,1,0.5,0,-0.0767616,-0.4712439,0.1946143,1.761179,0.0006169083,-0.09886701,0.3559552,0.9947901,-0.05285781,0.08717083,1,1,1,-0.1313237,-0.4531419,-0.2526175,1.920711,-0.02937318,-0.1135707,0.3801612,0.9054406,-0.03083742,-0.4233514,1,1,0,-0.1493612,0.02258528,0.2238599,0.4915545,-0.1614078,0.01369343,0.4048176,0.8608323,0.4957743,0.1147855,1,0.5,1,0,0.5,-0.225496,0,0,0,0.8559148,0.6845986,0.6829337,-0.2548066,0,0,0,0,0.5,0.225496,0,0,0,0.8153962,0.7056865,0.7039704,0.08020093,0,0,1
335,-0.1707155,0.03000093,-0.2244588,0.8158799,-0.3153122,-0.01729802,0.4764237,0.8108326,0.4670113,-0.3527759,1,0.5,0,-0.008020526,-0.4697688,0.1961471,1.700123,0.0456542,0.07574114,0.4584439,0.9957923,-0.04566648,0.07944872,1,1,1,-0.05575288,-0.4558082,-0.2520831,1.877227,-0.08950982,0.05158188,0.4805105,0.9247008,-0.03040069,-0.3794789,1,1,0,-0.1245437,0.01559992,0.2239624,0.6640817,-0.177838,0.0006824735,0.4528247,0.8793727,0.463464,0.1091097,1,0.5,1,0,0.5,-0.225496,0,0,0,0.8795356,0.6976491,0.6712404,-0.2504437,0,0,0,0,0.5,0.225496,0,0,0,0.8397313,0.7183766,0.6911833,0.07874414,0,0,1
336,-0.1280789,0.01664133,-0.2247794,1.158426,-0.3306716,-0.0142485,0.5340512,0.8399925,0.4280652,-0.3334258,1,0.5,0,0.05741942,-0.4684135,0.203494,1.609721,0.03323407,0.2027415,0.5582453,0.9960767,-0.04007911,0.07889849,1,1,1,0.0171885,-0.4613747,-0.2455837,1.803084,-0.1595468,0.1846977,0.5783414,0.9402056,-0.03280474,-0.3390241,1,1,0,-0.09137624,0.008446029,0.2246789,0.8795366,-0.1730152,0.01291931,0.5095866,0.8967015,0.4303207,0.1036849,1,0.5,1,0,0.5,-0.225496,0,0,0,0.9036391,0.7100644,0.6597137,-0.246143,0,0,0,0,0.5,0.225496,0,0,0,0.8645382,0.7304112,0.6786179,0.0773126,0,0,1
337,-0.07238942,0.005244988,-0.2252991,1.472478,-0.2614987,-0.01557321,0.6054665,0.866172,0.3901023,-0.312356,1,0.5,0,0.1185446,-0.4682937,0.2136187,1.497079,-0.002372266,0.2591805,0.6530435,0.9960232,-0.03668005,0.08119266,1,1,1,0.08605639,-0.4689278,-0.2361254,1.692124,-0.196749,0.2442502,0.6722018,0.9520289,-0.03662154,-0.303809,1,1,0,-0.04977856,0.002362493,0.2250793,1.089798,-0.1383657,0.004040451,0.5748026,0.9119209,0.3985499,0.09776611,1,0.5,1,0,0.5,-0.225496,0,0,0,0.9274331,0.7215144,0.6487169,-0.2420401,0,0,0,0,0.5,0.225496,0,0,0,0.8890023,0.7414772,0.6666656,0.07595091,0,0,1
338,-0.005062999,-0.0002044124,-0.2254274,1.75652,-0.08549085,-0.008976463,0.6912185,0.8877756,0.3574454,-0.2899782,1,0.5,0,0.1742612,-0.4684495,0.223682,1.354902,0.001618267,0.234981,0.7419227,0.9959226,-0.03418045,0.08348504,1,1,1,0.1493386,-0.4756683,-0.2265623,1.541795,-0.1493812,0.2273657,0.761492,0.9607166,-0.03937265,-0.2747241,1,1,0,-0.000766254,-0.000185365,0.2255376,1.2594,-0.03220288,0.003296883,0.6488874,0.9242259,0.3706322,0.09186071,1,0.5,1,0,0.5,-0.225496,0,0,0,0.9511918,0.7322242,0.6380962,-0.2380774,0,0,0,0,0.5,0.225496,0,0,0,0.913407,0.7517989,0.6551545,0.07463951,0,0,1
339,0.07120743,0.004895847,-0.2251832,1.94784,0.2046406,0.005564096,0.7903857,0.9038439,0.3339279,-0.2675039,1,0.5,0,0.2235898,-0.4670902,0.2297029,1.190313,0.0477642,0.1041279,0.8238827,0.9960774,-0.03103764,0.08286451,1,1,1,0.2058643,-0.4767624,-0.220792,1.36946,0.03006161,0.1013726,0.8458171,0.9666723,-0.03771868,-0.2532231,1,1,0,0.05166956,0.002433734,0.2254311,1.313912,0.09815806,-0.007893148,0.7287194,0.9333046,0.3486831,0.08580565,1,0.5,1,0,0.5,-0.225496,0,0,0,0.9751567,0.7423617,0.62773,-0.2342097,0,0,0,0,0.5,0.225496,0,0,0,0.9380018,0.7615427,0.6439492,0.07336291,0,0,1
340,0.1458374,0.02143514,-0.2244725,1.797076,0.469972,0.01134575,0.8939475,0.9142761,0.3209842,-0.2471201,1,0.5,0,0.2651542,-0.462897,0.2267237,0.9848159,0.1209766,-0.1451925,0.8983365,0.996734,-0.02638633,0.0763219,1,1,1,0.2569366,-0.4661674,-0.2242811,1.260042,0.3329725,-0.1575068,0.9282496,0.9701049,-0.02812351,-0.2410511,1,1,0,0.1047852,0.01080341,0.2245468,1.34002,0.2455731,-0.03570841,0.8126326,0.9396389,0.332769,0.07964669,1,0.5,1,0,0.5,-0.225496,0,0,0,1.000205,0.7523072,0.6172488,-0.2302991,0,0,0,0,0.5,0.225496,0,0,0,0.9636865,0.7710773,0.6326491,0.07207555,0,0,1
341,0.203661,0.04310976,-0.2243935,1.320971,0.5505525,0.0006452205,0.9835794,0.9198528,0.3162013,-0.2321369,1,0.5,0,0.2974888,-0.4543953,0.218676,0.7526207,0.2447025,-0.1951226,0.9621124,0.9975311,-0.01942075,0.06748863,1,1,1,0.3055562,-0.4464206,-0.2321976,1.202679,0.5246477,-0.1877167,1.008406,0.9722649,-0.0135379,-0.23349,1,1,0,0.1616505,0.02672668,0.2243607,1.442902,0.4494023,0.005197527,0.9018892,0.943487,0.3229404,0.07444293,1,0.5,1,0,0.5,-0.225496,0,0,0,1.024728,0.7614561,0.6073213,-0.2265951,0,0,0,0,0.5,0.225496,0,0,0,0.988811,0.7798261,0.6219728,0.07085922,0,0,1
342,0.2453365,0.06424282,-0.2250279,0.9773638,0.5110432,-0.008659814,1.059379,0.9231506,0.3143834,-0.2212598,1,0.5,0,0.3224032,-0.4395328,0.2147785,0.5835923,0.4209744,-0.04908593,1.019627,0.9980134,-0.008905375,0.06236961,1,1,1,0.3508877,-0.424329,-0.2350651,1.108242,0.5474659,-0.01466498,1.085366,0.9745969,0.001054007,-0.2239642,1,1,0,0.2157283,0.04875824,0.2247551,1.286991,0.5749533,0.01389683,0.9914021,0.9453742,0.3183301,0.07023934,1,0.5,1,0,0.5,-0.225496,0,0,0,1.050151,0.7703796,0.5973611,-0.2228789,0,0,0,0,0.5,0.225496,0,0,0,1.014837,0.7883389,0.611287,0.06964182,0,0,1
343,0.2754509,0.08245206,-0.2253186,0.6786498,0.4259268,-0.009786341,1.122226,0.9254459,0.3134286,-0.2128671,1,0.5,0,0.3428382,-0.4212611,0.2155719,0.4909875,0.4619511,0.03013388,1.071586,0.9981446,0.003015379,0.06081237,1,1,1,0.3926593,-0.4035968,-0.2323523,1.025044,0.5010532,0.08302781,1.156553,0.9770235,0.01352401,-0.2127021,1,1,0,0.257909,0.07130577,0.2251978,0.9730827,0.5496688,0.007498267,1.068396,0.9460243,0.3170792,0.06707349,1,0.5,1,0,0.5,-0.225496,0,0,0,1.074645,0.7784813,0.5880691,-0.219412,0,0,0,0,0.5,0.225496,0,0,0,1.039892,0.7960502,0.6013407,0.06850868,0,0,1
344,0.2949741,0.09581139,-0.2254146,0.4229428,0.292574,-0.006585571,1.175247,0.9276125,0.3114833,-0.2061873,1,0.5,0,0.3621135,-0.4048799,0.2178538,0.4904481,0.3857212,0.04782232,1.124207,0.9980988,0.01300331,0.06024709,1,1,1,0.4298648,-0.3857151,-0.2276777,0.8917827,0.4191669,0.1041785,1.224757,0.9791933,0.02335686,-0.2015807,1,1,0,0.2858642,0.08931935,0.2254475,0.6143692,0.4125217,0.0007003549,1.131961,0.9466342,0.315767,0.06461398,1,0.5,1,0,0.5,-0.225496,0,0,0,1.100606,0.7865807,0.578531,-0.2158533,0,0,0,0,0.5,0.225496,0,0,0,1.066429,0.8037424,0.5911534,0.06734808,0,0,1
345,0.3057607,0.1036955,-0.2254864,0.2139614,0.1633391,-0.007776174,1.217161,0.9297125,0.3084716,-0.2011963,1,0.5,0,0.3856878,-0.393597,0.2188958,0.6318691,0.2452449,0.00440404,1.17962,0.9980786,0.01929186,0.05887984,1,1,1,0.4579836,-0.3726342,-0.2258129,0.6323295,0.2884493,0.009395931,1.283353,0.9805625,0.02992442,-0.1939117,1,1,0,0.2992947,0.09898571,0.225504,0.2474682,0.1878978,-0.007589164,1.177749,0.9476984,0.3129108,0.06288424,1,0.5,1,0,0.5,-0.225496,0,0,0,1.125658,0.7939587,0.5696156,-0.2125269,0,0,0,0,0.5,0.225496,0,0,0,1.092019,0.8107346,0.5816513,0.06626553,0,0,1
346,0.3086841,0.1061559,-0.2253936,0.01933575,0.02078303,-0.0006370249,1.249941,0.9319694,0.3040992,-0.1973744,1,0.5,0,0.4150629,-0.3878207,0.2182446,0.7575485,0.1191214,-0.03193692,1.240465,0.9981646,0.02193625,0.05644732,1,1,1,0.4751375,-0.3653143,-0.2282282,0.3717439,0.1397029,-0.0875086,1.331774,0.9812048,0.03312948,-0.1901044,1,1,0,0.2983771,0.09844865,0.2253943,-0.1076058,-0.07320161,-0.004484506,1.20659,0.949604,0.3073079,0.06175724,1,0.5,1,0,0.5,-0.225496,0,0,0,1.150781,0.8009591,0.5609467,-0.2092925,0,0,0,0,0.5,0.225496,0,0,0,1.117665,0.8173559,0.5724301,0.065215,0,0,1
347,0.3026796,0.1020516,-0.2252098,-0.209652,-0.1467214,0.007352236,1.27321,0.9345684,0.2977941,-0.1946807,1,0.5,0,0.4447239,-0.385076,0.2171692,0.7229182,0.05801173,-0.02128632,1.302317,0.9982874,0.02270631,0.05391346,1,1,1,0.4851101,-0.363555,-0.2314403,0.2162472,0.01347513,-0.07325637,1.373926,0.9816911,0.03332309,-0.1875422,1,1,0,0.2842728,0.08852465,0.2252158,-0.4320728,-0.298302,-0.005812945,1.220873,0.9522954,0.2989905,0.06114095,1,0.5,1,0,0.5,-0.225496,0,0,0,1.176762,0.8078108,0.5522548,-0.2060495,0,0,0,0,0.5,0.225496,0,0,0,1.14417,0.8238242,0.5632022,0.06416369,0,0,1
348,0.2872581,0.09076841,-0.2249646,-0.4489364,-0.3205535,0.008094314,1.286264,0.9375549,0.2893013,-0.1931207,1,0.5,0,0.468787,-0.3818215,0.2187856,0.5548331,0.09238128,0.06413164,1.359401,0.998305,0.02375953,0.05312767,1,1,1,0.4901386,-0.3662858,-0.2314213,0.09371195,-0.09505007,0.03302844,1.411138,0.9824519,0.03124535,-0.1838807,1,1,0,0.2585693,0.07189786,0.2246927,-0.7085013,-0.440838,-0.01130775,1.22287,0.9554006,0.2889932,0.06076642,1,0.5,1,0,0.5,-0.225496,0,0,0,1.203495,0.8144798,0.5435884,-0.202816,0,0,0,0,0.5,0.225496,0,0,0,1.171424,0.830108,0.5540187,0.06311745,0,0,1
349,0.2611521,0.07336069,-0.2245213,-0.732969,-0.4676273,0.01748279,1.286545,0.940577,0.2795119,-0.1928422,1,0.5,0,0.4830731,-0.3749681,0.2255099,0.2906622,0.1870186,0.1889259,1.405911,0.9981074,0.0267756,0.05535927,1,1,1,0.4888491,-0.3716875,-0.2254592,-0.07635358,-0.1430065,0.1765677,1.439861,0.9836168,0.02799812,-0.1780845,1,1,0,0.22538,0.0534333,0.2246585,-0.8507367,-0.463381,0.008116665,1.216262,0.9582517,0.2793474,0.06098047,1,0.5,1,0,0.5,-0.225496,0,0,0,1.229468,0.820617,0.5354246,-0.1997701,0,0,0,0,0.5,0.225496,0,0,0,1.197888,0.8358805,0.5453836,0.06213367,0,0,1
350,0.2212844,0.05132701,-0.2248374,-1.079163,-0.5720245,-0.006785247,1.27355,0.9432716,0.2691365,-0.1944335,1,0.5,0,0.4854923,-0.3663375,0.2315905,-0.02036393,0.2161086,0.1476899,1.441275,0.9978733,0.03073364,0.05748308,1,1,1,0.480187,-0.3764909,-0.2192524,-0.2641142,-0.1084388,0.1561501,1.462028,0.9846145,0.02523362,-0.172909,1,1,0,0.1908594,0.0377108,0.225002,-0.8566547,-0.3647137,0.01572893,1.209943,0.9605665,0.2711849,0.06140672,1,0.5,1,0,0.5,-0.225496,0,0,0,1.256173,0.826601,0.5272828,-0.1967323,0,0,0,0,0.5,0.225496,0,0,0,1.225082,0.8414991,0.5367862,0.06115421,0,0,1
351,0.1731309,0.03061264,-0.2253118,-1.223991,-0.48781,-0.02026037,1.253402,0.945198,0.2604152,-0.1969381,1,0.5,0,0.475762,-0.3589956,0.2320323,-0.3196315,0.1716063,-0.04329907,1.464286,0.9977893,0.03411132,0.05703463,1,1,1,0.4618771,-0.3775373,-0.2182871,-0.5234661,-0.003910066,-0.02602712,1.475837,0.9849288,0.02452768,-0.1712121,1,1,0,0.154982,0.02441878,0.2253587,-0.9176243,-0.316248,0.00377372,1.203184,0.9624115,0.2644569,0.06185986,1,0.5,1,0,0.5,-0.225496,0,0,0,1.283154,0.8323351,0.5193045,-0.1937555,0,0,0,0,0.5,0.225496,0,0,0,1.252541,0.8468741,0.5283756,0.06019602,0,0,1
352,0.1237252,0.01533123,-0.2255328,-1.228096,-0.3418097,-0.007319453,1.23338,0.9462761,0.2546074,-0.1993405,1,0.5,0,0.4547687,-0.3556678,0.2279741,-0.5910608,0.04954638,-0.1228579,1.475506,0.9978703,0.03560211,0.05465643,1,1,1,0.4333879,-0.3773278,-0.2219172,-0.7743227,0.002068282,-0.1074024,1.480267,0.9846744,0.02457862,-0.1726622,1,1,0,0.118013,0.01384593,0.2254723,-0.9239469,-0.2477156,0.003967436,1.195972,0.9637797,0.2593474,0.06218988,1,0.5,1,0,0.5,-0.225496,0,0,0,1.310168,0.8377843,0.5115548,-0.1908641,0,0,0,0,0.5,0.225496,0,0,0,1.28002,0.851974,0.520219,0.05926676,0,0,1
353,0.07692419,0.005792242,-0.2255051,-1.152185,-0.2061039,-0.002744795,1.216584,0.9466864,0.2515416,-0.2012749,1,0.5,0,0.4238106,-0.3583896,0.2218394,-0.8295181,-0.1127303,-0.1580716,1.475738,0.9980842,0.03422033,0.05154498,1,1,1,0.3956195,-0.3795056,-0.2277704,-0.9981085,-0.07982257,-0.1476437,1.475175,0.9840961,0.02353938,-0.1760707,1,1,0,0.08213507,0.006675173,0.2254868,-0.8788884,-0.1592232,0.00101775,1.190012,0.9646545,0.2560191,0.06241777,1,0.5,1,0,0.5,-0.225496,0,0,0,1.336733,0.8428783,0.5041561,-0.1881036,0,0,0,0,0.5,0.225496,0,0,0,1.307028,0.856734,0.5124437,0.05838095,0,0,1
354,0.03441579,0.001073326,-0.2253494,-1.034598,-0.09093612,0.003178419,1.205217,0.946709,0.250451,-0.2025252,1,0.5,0,0.3844894,-0.368535,0.2150086,-1.02845,-0.3059865,-0.166981,1.467554,0.9984064,0.02920634,0.04828767,1,1,1,0.3498452,-0.3869119,-0.2343025,-1.194023,-0.219299,-0.1607523,1.462418,0.9833652,0.01991833,-0.1805438,1,1,0,0.04934068,0.002387945,0.2254114,-0.7927566,-0.09193592,-0.0004857781,1.187942,0.9652405,0.2537931,0.06244966,1,0.5,1,0,0.5,-0.225496,0,0,0,1.363604,0.8477815,0.4968868,-0.1853914,0,0,0,0,0.5,0.225496,0,0,0,1.334334,0.8613093,0.5048155,0.05751189,0,0,1
355,-0.002462008,-0.0001107318,-0.2252134,-0.8865516,-0.01224964,-0.001546741,1.200188,0.9465861,0.2504953,-0.2030442,1,0.5,0,0.3377461,-0.3864413,0.2085773,-1.214849,-0.4929604,-0.153304,1.451995,0.9987643,0.02026577,0.04537786,1,1,1,0.2967488,-0.4005141,-0.2403883,-1.366415,-0.3866003,-0.1507469,1.44248,0.982551,0.01312031,-0.18553,1,1,0,0.02133469,0.0002980662,0.2250682,-0.6657656,-0.03417003,-0.01252965,1.191159,0.9657114,0.2520745,0.06212793,1,0.5,1,0,0.5,-0.225496,0,0,0,1.39073,0.8524942,0.4897579,-0.1827315,0,0,0,0,0.5,0.225496,0,0,0,1.361887,0.8657007,0.4973449,0.0566608,0,0,1
356,-0.03227594,0.001004169,-0.2250817,-0.6970247,0.03902222,0.005714598,1.203183,0.9466224,0.2507094,-0.2026099,1,0.5,0,0.2837572,-0.4110103,0.2035276,-1.39398,-0.6518307,-0.1134001,1.430171,0.999033,0.007765982,0.0432747,1,1,1,0.2366151,-0.4200544,-0.2449086,-1.547223,-0.5220683,-0.09899814,1.416238,0.981696,0.003102743,-0.1904297,1,1,0,-0.0003268509,6.506129E-06,0.2248103,-0.498104,-0.001157811,-0.009284917,1.201743,0.9661981,0.2503355,0.06159,1,0.5,1,0,0.5,-0.225496,0,0,0,1.418692,0.857119,0.4826204,-0.1800685,0,0,0,0,0.5,0.225496,0,0,0,1.390276,0.8700041,0.4898756,0.05580985,0,0,1
357,-0.05352768,0.002865407,-0.2246538,-0.4737456,0.04650331,0.008212778,1.214087,0.947085,0.2502005,-0.2010713,1,0.5,0,0.2222052,-0.4396349,0.2011556,-1.586411,-0.7306623,-0.03677236,1.400901,0.9990625,-0.007172887,0.04269321,1,1,1,0.1696116,-0.4441108,-0.2467671,-1.718777,-0.6204324,-0.02382399,1.382685,0.9807937,-0.009619656,-0.1948106,1,1,0,-0.01441485,0.0001259608,0.2246982,-0.3012525,0.008022133,-0.00491515,1.219432,0.9668882,0.2478294,0.06089115,1,0.5,1,0,0.5,-0.225496,0,0,0,1.446506,0.8614997,0.4757243,-0.1774955,0,0,0,0,0.5,0.225496,0,0,0,1.418501,0.8740752,0.4826685,0.05498876,0,0,1
358,-0.0644497,0.003990503,-0.2246085,-0.2008688,0.02570285,0.005091729,1.234781,0.9482102,0.2478644,-0.1986467,1,0.5,0,0.1530004,-0.4681164,0.2031391,-1.780512,-0.6858948,0.08284006,1.364718,0.9987503,-0.02258594,0.04458533,1,1,1,0.09574597,-0.469229,-0.2442001,-1.888143,-0.6214681,0.09529445,1.342014,0.9799779,-0.02346833,-0.1977184,1,1,0,-0.02070153,0.0002693391,0.2243046,-0.1088183,0.003446001,-0.007560852,1.244776,0.9678523,0.2443118,0.05978109,1,0.5,1,0,0.5,-0.225496,0,0,0,1.47455,0.8657097,0.4689676,-0.1749745,0,0,0,0,0.5,0.225496,0,0,0,1.446949,0.8779826,0.475616,0.0541853,0,0,1
359,-0.06326327,0.003920065,-0.2245482,0.1082775,-0.00686718,0.003547968,1.267199,0.9501596,0.2432777,-0.1949686,1,0.5,0,0.07674322,-0.4900323,0.2108533,-1.942997,-0.4929753,0.2306544,1.32252,0.9981385,-0.03513391,0.0498504,1,1,1,0.01571198,-0.4897013,-0.2359546,-2.034067,-0.4593985,0.2459609,1.294899,0.9794957,-0.03549017,-0.1983145,1,1,0,-0.02068059,0.0002083255,0.2244928,0.02799212,-0.005359244,0.01330823,1.276749,0.9690192,0.2398811,0.05881126,1,0.5,1,0,0.5,-0.225496,0,0,0,1.503184,0.8698074,0.4622641,-0.1724734,0,0,0,0,0.5,0.225496,0,0,0,1.475983,0.881781,0.4686276,0.05338913,0,0,1
360,-0.04979047,0.002170536,-0.224771,0.67364,-0.08747648,-0.01113862,1.296466,0.9520304,0.2383404,-0.1919162,1,0.5,0,-0.00411302,-0.4995644,0.2214803,-4.042814,-0.4766093,0.5313466,1.260436,0.9974622,-0.04178764,0.05764498,1,1,1,-0.06805339,-0.4974777,-0.2250176,-4.18827,-0.3888191,0.5468505,1.228324,0.9789991,-0.04135663,-0.1996255,1,1,0,-0.01801356,0.0002184621,0.2250798,0.1333515,0.0005068317,0.02934934,1.296525,0.9696872,0.237246,0.05849058,1,0.5,1,0,0.5,-0.225496,0,0,0,1.518596,0.8719334,0.4587348,-0.1711566,0,0,0,0,0.5,0.225496,0,0,0,1.491605,0.88375,0.4649516,0.05297034,0,0,1
361,-0.03134951,0.0004587736,-0.2252152,0.4443096,-0.04648457,-0.005050005,1.34533,0.9547749,0.2311016,-0.187075,1,0.5,0,-0.08647469,-0.4949815,0.226398,-2.058585,0.2027319,0.08824918,1.211454,0.9972515,-0.04030579,0.06216822,1,1,1,-0.1493192,-0.4853466,-0.2201595,-1.98976,0.4241558,0.0783101,1.179778,0.9786442,-0.03533003,-0.2025026,1,1,0,-0.01419087,-0.0001675734,0.2254725,0.1090043,-0.01324586,0.007556382,1.332326,0.9709155,0.2323999,0.05756211,1,0.5,1,0,0.5,-0.225496,0,0,0,1.547559,0.8757865,0.4522458,-0.1687355,0,0,0,0,0.5,0.225496,0,0,0,1.520955,0.8873154,0.4581992,0.05220106,0,0,1
362,-0.0201468,0.0001135818,-0.22545,0.2160068,-0.004956384,-0.006902966,1.387646,0.9568444,0.2257381,-0.1830058,1,0.5,0,-0.1661575,-0.4755417,0.2270249,-1.963828,0.5653965,0.0115268,1.164356,0.9974864,-0.02976627,0.06430411,1,1,1,-0.2210174,-0.4576388,-0.2202822,-1.719307,0.7532212,-0.01091212,1.141286,0.9780819,-0.01927685,-0.2073265,1,1,0,-0.01060563,-0.0002588226,0.2254874,0.07139824,-0.001595949,-0.0007100406,1.36795,0.9720411,0.2279189,0.0564723,1,0.5,1,0,0.5,-0.225496,0,0,0,1.576614,0.879475,0.4459182,-0.1663747,0,0,0,0,0.5,0.225496,0,0,0,1.550387,0.8907246,0.4516221,0.05145175,0,0,1
363,-0.01883554,0.0001460333,-0.225528,-0.0281972,-0.001244943,-0.0003486873,1.419643,0.9582906,0.2219924,-0.179996,1,0.5,0,-0.2393753,-0.4455999,0.2275413,-1.78263,0.7910895,0.01363829,1.122722,0.9977285,-0.0120784,0.06627214,1,1,1,-0.2814359,-0.4254723,-0.2210002,-1.441624,0.8086848,-0.01689792,1.113423,0.97741,0.0003270747,-0.2113521,1,1,0,-0.01244068,-0.0001139895,0.2254883,-0.08913003,0.003215342,0.003705175,1.397397,0.9728965,0.2244581,0.05559635,1,0.5,1,0,0.5,-0.225496,0,0,0,1.604884,0.8829045,0.4399293,-0.1641402,0,0,0,0,0.5,0.225496,0,0,0,1.579014,0.8938909,0.4454035,0.05074329,0,0,1
364,-0.02651773,0.0006072159,-0.225474,-0.2403039,0.01656132,-0.001834334,1.443303,0.9592723,0.2195269,-0.1777767,1,0.5,0,-0.3041438,-0.4121237,0.2278478,-1.559978,0.8447382,0.00580624,1.090253,0.9976595,0.008725876,0.067818,1,1,1,-0.3318801,-0.3952883,-0.2219912,-1.208447,0.7228407,-0.02853052,1.096165,0.9765876,0.0192409,-0.2142581,1,1,0,-0.02158939,0.0002717322,0.2254239,-0.2776829,0.01465133,-0.003363939,1.419974,0.9734949,0.2220195,0.05490904,1,0.5,1,0,0.5,-0.225496,0,0,0,1.633423,0.8862164,0.4340442,-0.1619444,0,0,0,0,0.5,0.225496,0,0,0,1.607903,0.8969456,0.4392991,0.05004784,0,0,1
365,-0.04110442,0.001590034,-0.2255088,-0.4035255,0.02741074,-0.001604856,1.461069,0.9599053,0.2180393,-0.1761839,1,0.5,0,-0.3600892,-0.3808735,0.2274885,-1.340439,0.7579792,-0.01383201,1.067796,0.9972317,0.0287834,0.06856028,1,1,1,-0.3744016,-0.3711297,-0.2231453,-1.016923,0.560652,-0.03010334,1.087641,0.9757516,0.03456092,-0.2161353,1,1,0,-0.03776089,0.001493717,0.2254347,-0.4478981,0.04012998,-0.003422053,1.436504,0.9738083,0.2207554,0.05444589,1,0.5,1,0,0.5,-0.225496,0,0,0,1.662607,0.8894566,0.4281869,-0.159759,0,0,0,0,0.5,0.225496,0,0,0,1.637436,0.8999312,0.4332294,0.04935634,0,0,1
366,-0.06111136,0.003803611,-0.2255258,-0.5325556,0.06202495,-0.004953893,1.473566,0.9601666,0.2177802,-0.1750769,1,0.5,0,-0.4076765,-0.3555334,0.2265002,-1.140793,0.5882012,-0.03272445,1.053644,0.9966162,0.04535567,0.06854862,1,1,1,-0.4098286,-0.3546448,-0.2244708,-0.8445699,0.3581287,-0.03606679,1.085747,0.9750829,0.04499782,-0.2172293,1,1,0,-0.05972553,0.003527354,0.225451,-0.5751851,0.05894779,-0.003489108,1.447232,0.9738635,0.2205835,0.05415432,1,0.5,1,0,0.5,-0.225496,0,0,0,1.691581,0.8925353,0.422526,-0.1576469,0,0,0,0,0.5,0.225496,0,0,0,1.666747,0.9027653,0.4273688,0.04868867,0,0,1
367,-0.08525662,0.007352192,-0.2253969,-0.6197604,0.1021478,0.006693604,1.482428,0.9601352,0.2185967,-0.1742293,1,0.5,0,-0.447549,-0.3379362,0.2250393,-0.9506214,0.387706,-0.03382193,1.04719,0.9960679,0.05691854,0.06789037,1,1,1,-0.4383269,-0.3467309,-0.2258171,-0.6672638,0.1447008,-0.02850072,1.090406,0.9748004,0.04984208,-0.2174395,1,1,0,-0.08593689,0.007294904,0.2256013,-0.6839956,0.1018402,0.006493929,1.454286,0.9736131,0.2217152,0.05403574,1,0.5,1,0,0.5,-0.225496,0,0,0,1.720719,0.8955006,0.4169821,-0.1555784,0,0,0,0,0.5,0.225496,0,0,0,1.696214,0.9054925,0.4216347,0.04803539,0,0,1
368,-0.1122291,0.0126963,-0.2254945,-0.6817046,0.1502638,0.008028003,1.456972,0.9584253,0.224171,-0.1765455,1,0.5,0,-0.4798166,-0.3287249,0.2233604,-0.7608268,0.1750783,-0.0362687,1.014689,0.9955999,0.06422117,0.0682387,1,1,1,-0.4595251,-0.3471931,-0.2268523,-0.4812078,-0.0598565,-0.01983643,1.069161,0.9739701,0.05022233,-0.2210432,1,1,0,-0.1152434,0.01335398,0.2255341,-0.7536202,0.1645717,0.005976113,1.426341,0.9721006,0.2280769,0.05478473,1,0.5,1,0,0.5,-0.225496,0,0,0,1.71999,0.8954279,0.4171191,-0.1556296,0,0,0,0,0.5,0.225496,0,0,0,1.695476,0.9054257,0.4217764,0.04805153,0,0,1
369,-0.140988,0.02009853,-0.2254637,-0.7243152,0.1948169,0.0005781653,1.400107,0.9548951,0.2347754,-0.1818127,1,0.5,0,-0.5039786,-0.3278826,0.2216127,-0.54324,-0.02356024,-0.04505889,0.9582697,0.9952977,0.06728347,0.0696803,1,1,1,-0.4724264,-0.3543039,-0.2274516,-0.2728434,-0.2169386,-0.01369641,1.024811,0.9725567,0.04701966,-0.2278654,1,1,0,-0.1466312,0.02181933,0.2254616,-0.7974516,0.2325061,0.001955778,1.366354,0.9691409,0.2399434,0.05650677,1,0.5,1,0,0.5,-0.225496,0,0,0,1.690981,0.8924729,0.4226417,-0.1576901,0,0,0,0,0.5,0.225496,0,0,0,1.666139,0.9027079,0.4274887,0.04870231,0,0,1
370,-0.1696783,0.02929515,-0.225482,-0.7066625,0.2404871,0.001122058,1.343673,0.9507374,0.2469501,-0.1873879,1,0.5,0,-0.5183592,-0.3344863,0.2200711,-0.2902628,-0.2047569,-0.03475399,0.9107006,0.9953691,0.0648711,0.07093717,1,1,1,-0.4765194,-0.3654235,-0.2278838,-0.04601927,-0.293094,-0.007122758,0.9884993,0.9714532,0.04069638,-0.2337144,1,1,0,-0.1795092,0.03309973,0.2253464,-0.8308719,0.3058406,-0.001347066,1.305542,0.965371,0.2542726,0.05834613,1,0.5,1,0,0.5,-0.225496,0,0,0,1.661701,0.8893582,0.4283663,-0.159826,0,0,0,0,0.5,0.225496,0,0,0,1.636519,0.8998406,0.4334152,0.0493775,0,0,1
371,-0.1957931,0.03957842,-0.2253309,-0.6219695,0.2576267,0.008842353,1.291036,0.9461767,0.2599492,-0.1928107,1,0.5,0,-0.5212212,-0.3462621,0.2194412,0.004673006,-0.3152595,0.005616995,0.8751284,0.9956949,0.05798576,0.07231415,1,1,1,-0.4713621,-0.3775929,-0.2277458,0.188239,-0.301689,0.0225857,0.9618561,0.97073,0.03311345,-0.2378796,1,1,0,-0.2128022,0.04714475,0.225272,-0.8356918,0.3658676,-0.001671911,1.246248,0.960704,0.2709493,0.06028466,1,0.5,1,0,0.5,-0.225496,0,0,0,1.633206,0.8861918,0.4340884,-0.1619609,0,0,0,0,0.5,0.225496,0,0,0,1.607683,0.8969229,0.4393449,0.05005306,0,0,1
372,-0.2170655,0.04938921,-0.2250417,-0.4970098,0.2329511,0.01334176,1.241972,0.9414299,0.2729028,-0.1980753,1,0.5,0,-0.5115802,-0.3591555,0.2211953,0.318429,-0.3165678,0.07132518,0.8508853,0.9959618,0.04948197,0.07491034,1,1,1,-0.4571016,-0.3891554,-0.225519,0.4097672,-0.2831937,0.08336756,0.9423887,0.9705489,0.02554418,-0.2395464,1,1,0,-0.2434961,0.06296266,0.2249539,-0.7367845,0.3958059,-0.005826356,1.189239,0.9551724,0.2894574,0.06213087,1,0.5,1,0,0.5,-0.225496,0,0,0,1.603647,0.8827575,0.4401879,-0.1642367,0,0,0,0,0.5,0.225496,0,0,0,1.577761,0.8937553,0.4456719,0.05077387,0,0,1
373,-0.2327631,0.05734389,-0.2247853,-0.3646934,0.1874837,0.01065583,1.198834,0.9369422,0.2845151,-0.2029541,1,0.5,0,-0.4904219,-0.3703471,0.2267601,0.5892354,-0.276284,0.1555808,0.8394719,0.9959524,0.04154842,0.07970314,1,1,1,-0.435221,-0.3998353,-0.2199139,0.5922961,-0.2629087,0.1487427,0.9304702,0.971185,0.01829096,-0.2376239,1,1,0,-0.2661718,0.07644881,0.2246123,-0.5057739,0.2986354,-0.004551562,1.14064,0.9498127,0.3062517,0.06376311,1,0.5,1,0,0.5,-0.225496,0,0,0,1.57498,0.8792722,0.4462694,-0.1665057,0,0,0,0,0.5,0.225496,0,0,0,1.548732,0.8905371,0.4519868,0.05149331,0,0,1
374,-0.2436676,0.06323615,-0.2246641,-0.234262,0.1382013,-0.002719463,1.160275,0.9327771,0.2946717,-0.2075945,1,0.5,0,-0.4610313,-0.3811754,0.2318848,0.7753062,-0.2798856,0.1030982,0.8367481,0.9959267,0.03353255,0.08369925,1,1,1,-0.4061805,-0.4095517,-0.2149085,0.7699195,-0.2341554,0.1008682,0.9261336,0.9719664,0.0115335,-0.2348367,1,1,0,-0.276991,0.08373106,0.2246584,-0.1996861,0.1330961,-0.003798307,1.1022,0.9457892,0.3181444,0.06532168,1,0.5,1,0,0.5,-0.225496,0,0,0,1.546779,0.8756852,0.4524181,-0.1687998,0,0,0,0,0.5,0.225496,0,0,0,1.520165,0.8872216,0.4583783,0.05222146,0,0,1
375,-0.2479737,0.06554344,-0.2248677,-0.05860927,0.02613106,-0.008638952,1.127195,0.9294239,0.3020803,-0.21194,1,0.5,0,-0.4259572,-0.3938722,0.2337932,0.9078,-0.3323452,0.03366025,0.8395987,0.9960968,0.02398317,0.08494573,1,1,1,-0.3713917,-0.4187706,-0.2132199,0.8981932,-0.2318249,0.02451093,0.9283661,0.9723947,0.005061278,-0.2332875,1,1,0,-0.2761666,0.083094,0.2249289,0.09453151,-0.06012397,0.006797913,1.072552,0.9437912,0.3237375,0.06672525,1,0.5,1,0,0.5,-0.225496,0,0,0,1.518811,0.8719626,0.4586859,-0.1711384,0,0,0,0,0.5,0.225496,0,0,0,1.491823,0.8837771,0.4649009,0.05296455,0,0,1
376,-0.2426837,0.06276377,-0.2250732,0.1936764,-0.100036,-0.008514527,1.100883,0.9275365,0.3053088,-0.2155517,1,0.5,0,-0.3864224,-0.4093345,0.2327592,1.01334,-0.402555,-0.03163369,0.845974,0.9964077,0.01238178,0.08377519,1,1,1,-0.3329643,-0.4289874,-0.2147029,0.9776983,-0.2646298,-0.04347937,0.9342021,0.9723852,-0.00208298,-0.2333722,1,1,0,-0.2647087,0.07568729,0.2252491,0.3593312,-0.2282304,0.009451065,1.050066,0.9437355,0.3236554,0.06789971,1,0.5,1,0,0.5,-0.225496,0,0,0,1.490304,0.8679885,0.4652555,-0.1735895,0,0,0,0,0.5,0.225496,0,0,0,1.462925,0.8800955,0.471745,0.05374429,0,0,1
377,-0.226843,0.05419492,-0.2253082,0.4633294,-0.243817,-0.003323705,1.082461,0.9275256,0.3034481,-0.2182096,1,0.5,0,-0.3429642,-0.4272683,0.2302934,1.110611,-0.458187,-0.05772563,0.8561453,0.9966869,-0.0009352224,0.08132863,1,1,1,-0.2925853,-0.4413684,-0.2177213,1.017726,-0.3213064,-0.07586557,0.9422147,0.9721376,-0.01065611,-0.2341685,1,1,0,-0.2426838,0.06248475,0.2253264,0.6259377,-0.3589468,0.002910943,1.035519,0.9455646,0.3181235,0.06859336,1,0.5,1,0,0.5,-0.225496,0,0,0,1.461777,0.8638171,0.4720211,-0.1761138,0,0,0,0,0.5,0.225496,0,0,0,1.433993,0.8762266,0.4788021,0.05454827,0,0,1
378,-0.1997039,0.041421,-0.2255364,0.7512334,-0.3396874,-0.008139762,1.072795,0.9291992,0.2971914,-0.2196958,1,0.5,0,-0.2956932,-0.4465688,0.2276366,1.205467,-0.4812913,-0.06709176,0.8698404,0.9967951,-0.01501546,0.07857604,1,1,1,-0.2513488,-0.4559967,-0.2210569,1.035887,-0.3733905,-0.08441734,0.9507723,0.9717546,-0.02067636,-0.2350865,1,1,0,-0.2096691,0.04588801,0.2253418,0.8929755,-0.432346,-0.002519042,1.029886,0.9487463,0.3084464,0.06885599,1,0.5,1,0,0.5,-0.225496,0,0,0,1.432936,0.8593888,0.479064,-0.1787416,0,0,0,0,0.5,0.225496,0,0,0,1.404732,0.8721141,0.4861577,0.05538628,0,0,1
379,-0.1616432,0.02676965,-0.2255397,1.023946,-0.3662208,-0.00638217,1.073525,0.9321921,0.2877422,-0.2195959,1,0.5,0,-0.2449726,-0.4657163,0.2256993,1.290782,-0.4643621,-0.05522522,0.8880988,0.996686,-0.02861201,0.07614684,1,1,1,-0.2092582,-0.4710695,-0.2238667,1.05755,-0.3787996,-0.0756577,0.9609727,0.9714166,-0.030849,-0.2353683,1,1,0,-0.1659028,0.02810616,0.2254333,1.155183,-0.4352223,-0.003835561,1.035068,0.9527708,0.2958215,0.06868312,1,0.5,1,0,0.5,-0.225496,0,0,0,1.404931,0.8548715,0.4861069,-0.1813693,0,0,0,0,0.5,0.225496,0,0,0,1.376306,0.8679135,0.4935229,0.05622537,0,0,1
380,-0.1141825,0.01294712,-0.2255061,1.237529,-0.3249941,0.002878906,1.083943,0.9357467,0.2771231,-0.2181304,1,0.5,0,-0.1907978,-0.4812363,0.2249686,1.374581,-0.3643142,-0.003305824,0.91055,0.9964581,-0.03915939,0.07441678,1,1,1,-0.1658249,-0.4843181,-0.2253098,1.096587,-0.310889,-0.02120436,0.9727684,0.9713182,-0.03959759,-0.2344631,1,1,0,-0.1124463,0.012723,0.2254479,1.390061,-0.358182,0.0001482666,1.050991,0.9567468,0.2828663,0.06798742,1,0.5,1,0,0.5,-0.225496,0,0,0,1.377547,0.8502327,0.4931967,-0.1840146,0,0,0,0,0.5,0.225496,0,0,0,1.348498,0.8635941,0.5009473,0.0570712,0,0,1
381,-0.06023687,0.003543217,-0.2254199,1.375611,-0.2003784,0.007102641,1.099809,0.9387711,0.2684966,-0.2159132,1,0.5,0,-0.1329131,-0.490783,0.225521,1.471554,-0.2003268,0.01503453,0.9345318,0.996268,-0.04515966,0.07355779,1,1,1,-0.1203079,-0.4927471,-0.2252906,1.153021,-0.1719625,0.006277116,0.9840552,0.971516,-0.04497616,-0.2326669,1,1,0,-0.05305638,0.002730551,0.225548,1.504136,-0.2143495,0.009868298,1.072303,0.9597609,0.2726768,0.06712955,1,0.5,1,0,0.5,-0.225496,0,0,0,1.348505,0.8450563,0.5009452,-0.1869056,0,0,0,0,0.5,0.225496,0,0,0,1.318993,0.8587672,0.509073,0.05799693,0,0,1
382,-0.03211831,0.0009558814,-0.2255747,0,0,0,1.110525,0.9400419,0.2651035,-0.2145727,1,0.5,0,-0.1026187,-0.493303,0.2260375,0,0,0,0.9489142,0.9962361,-0.04645063,0.07318415,1,1,1,-0.09663454,-0.494894,-0.2248575,0,0,0,0.9914969,0.9718054,-0.04619116,-0.2312157,1,1,0,-0.02275366,0.0003752768,0.2253062,0,0,0,1.085373,0.9608628,0.2689433,0.06642365,1,0.5,1,0,0.5,-0.225496,0,0,0,1.334994,0.8425525,0.5046337,-0.1882818,0,0,0,0,0.5,0.225496,0,0,0,1.305261,0.8564299,0.5129453,0.05843809,0,0,1
383,0.0491077,0.002440852,-0.2255279,1.29161,0.1027902,-0.009689484,1.156321,0.9431707,0.2586701,-0.2086116,1,0.5,0,-0.006662306,-0.4912081,0.2289446,1.637017,0.09583984,0.03233106,1.011765,0.9964669,-0.04313374,0.07206448,1,1,1,-0.02101312,-0.4926255,-0.221746,1.297176,0.09860102,0.0406705,1.032159,0.9738369,-0.0434847,-0.2230487,1,1,0,0.06266767,0.003892469,0.2253385,1.360486,0.1364955,-0.007429722,1.136736,0.9627418,0.2626524,0.06435893,1,0.5,1,0,0.5,-0.225496,0,0,0,1.307283,0.8372158,0.5123712,-0.1911687,0,0,0,0,0.5,0.225496,0,0,0,1.277086,0.8514422,0.5210778,0.0593646,0,0,1
384,0.09570177,0.009139505,-0.2253803,1.105209,0.1881663,-0.00115484,1.171821,0.9431733,0.2602789,-0.2065893,1,0.5,0,0.06071473,-0.4851104,0.2303985,1.698314,0.1689599,0.01843349,1.046906,0.9967179,-0.03821201,0.07136729,1,1,1,0.03273145,-0.4868701,-0.2197722,1.357699,0.1581148,0.0343606,1.052701,0.9749759,-0.03920271,-0.2188266,1,1,0,0.1105413,0.01246493,0.2254039,1.150494,0.234222,-0.002854319,1.154307,0.9621288,0.2650446,0.06371488,1,0.5,1,0,0.5,-0.225496,0,0,0,1.280602,0.8318055,0.5200488,-0.1940332,0,0,0,0,0.5,0.225496,0,0,0,1.249945,0.846378,0.5291596,0.06028534,0,0,1
385,0.1331895,0.01809515,-0.2252776,0.8764814,0.2302079,0.01154095,1.177897,0.9421266,0.2646737,-0.20578,1,0.5,0,0.1298543,-0.4771598,0.2307726,1.735858,0.206776,0.005859884,1.082168,0.9970219,-0.03233527,0.07001319,1,1,1,0.08842512,-0.4799085,-0.218389,1.403065,0.177914,0.03208221,1.073783,0.9760095,-0.03425409,-0.2150163,1,1,0,0.1488712,0.02251591,0.2253596,0.8921083,0.258721,0.006518516,1.161624,0.960791,0.2699263,0.06340762,1,0.5,1,0,0.5,-0.225496,0,0,0,1.252825,0.825868,0.5282901,-0.1971081,0,0,0,0,0.5,0.225496,0,0,0,1.221673,0.8408114,0.5378491,0.06127529,0,0,1
386,0.1605884,0.02629108,-0.2252505,0.6137627,0.2033525,-0.001040102,1.174572,0.9405012,0.2700935,-0.2061723,1,0.5,0,0.199214,-0.4674014,0.2302642,1.728766,0.2536089,-0.01647175,1.117856,0.9973465,-0.02559026,0.06815453,1,1,1,0.1456749,-0.4733659,-0.2175443,1.440881,0.1631335,0.01614318,1.096826,0.9769528,-0.02966255,-0.2113845,1,1,0,0.1768181,0.03198538,0.225408,0.6364251,0.224641,0.001067669,1.159119,0.9590436,0.2760414,0.06353255,1,0.5,1,0,0.5,-0.225496,0,0,0,1.225464,0.8196919,0.5366672,-0.2002337,0,0,0,0,0.5,0.225496,0,0,0,1.193809,0.835011,0.5466969,0.0622833,0,0,1
387,0.1769466,0.03208812,-0.2253367,0.3420407,0.1273397,0.001528115,1.159947,0.9383827,0.2759655,-0.2080408,1,0.5,0,0.2664505,-0.4556799,0.2293718,1.659182,0.3085972,-0.01394973,1.151063,0.9976416,-0.01797621,0.06624325,1,1,1,0.2044029,-0.4672087,-0.2171446,1.477428,0.158994,0.01918227,1.121103,0.9778044,-0.02542019,-0.2079723,1,1,0,0.1948949,0.03916914,0.2252723,0.3848137,0.1611489,3.725292E-06,1.146215,0.9571131,0.2825689,0.06394809,1,0.5,1,0,0.5,-0.225496,0,0,0,1.198007,0.8131408,0.5453452,-0.2034715,0,0,0,0,0.5,0.225496,0,0,0,1.16583,0.8288473,0.555879,0.06332938,0,0,1
388,0.1818339,0.03402041,-0.2251898,0.0567809,0.02579299,0.002712758,1.135279,0.9361122,0.2813101,-0.2110892,1,0.5,0,0.3289208,-0.4409998,0.2280352,1.526513,0.3842996,-0.03199578,1.181433,0.9978939,-0.008920866,0.06425188,1,1,1,0.2637584,-0.4592538,-0.2177807,1.480633,0.2213866,-0.01738668,1.148058,0.9785631,-0.02017754,-0.2049568,1,1,0,0.204258,0.0433025,0.2252587,0.1787887,0.07850996,-0.002860279,1.12599,0.9552511,0.2886257,0.06473517,1,0.5,1,0,0.5,-0.225496,0,0,0,1.172294,0.8066591,0.5537305,-0.2066001,0,0,0,0,0.5,0.225496,0,0,0,1.139612,0.8227378,0.5647678,0.06434205,0,0,1
389,0.1772257,0.03215469,-0.224987,-0.1642764,-0.06274918,0.005564841,1.100356,0.9335803,0.286283,-0.2155689,1,0.5,0,0.3845153,-0.4228809,0.2252888,1.342705,0.4689978,-0.0815213,1.204608,0.9980889,0.001829794,0.06176716,1,1,1,0.3209349,-0.4467854,-0.2205854,1.401814,0.3551276,-0.08736033,1.172938,0.9789784,-0.01242452,-0.2035852,1,1,0,0.2058077,0.04416734,0.2249588,-0.007909539,0.0009085987,-0.006160887,1.097033,0.9534197,0.2944005,0.06572111,1,0.5,1,0,0.5,-0.225496,0,0,0,1.14648,0.7997878,0.5624118,-0.2098391,0,0,0,0,0.5,0.225496,0,0,0,1.113276,0.816249,0.5739874,0.0653924,0,0,1
390,0.1673536,0.0286034,-0.2248182,-0.2664724,-0.09845397,-0.002412499,1.060367,0.9307438,0.291344,-0.2209854,1,0.5,0,0.4312015,-0.4017358,0.2204673,1.104889,0.5500349,-0.1257204,1.219259,0.9981914,0.01411318,0.05843641,1,1,1,0.3720837,-0.4276603,-0.2258163,1.236558,0.5088808,-0.1377196,1.192733,0.978909,-0.0009808674,-0.2042946,1,1,0,0.2004083,0.04171385,0.2248638,-0.1788505,-0.08255358,-0.006501379,1.060781,0.9516752,0.2996666,0.06718677,1,0.5,1,0,0.5,-0.225496,0,0,0,1.121091,0.7926441,0.5712204,-0.2131256,0,0,0,0,0.5,0.225496,0,0,0,1.087355,0.8094898,0.5833603,0.06646023,0,0,1
391,0.1567029,0.0251184,-0.2250142,-0.2660164,-0.08859284,-0.006802383,1.019206,0.9274963,0.2969436,-0.2271017,1,0.5,0,0.4677103,-0.378025,0.2151584,0.8463893,0.6032112,-0.1223192,1.223363,0.9980863,0.02783802,0.05521667,1,1,1,0.4142038,-0.4035618,-0.2319062,0.9949405,0.6167146,-0.1367443,1.203455,0.9783402,0.01317215,-0.2065838,1,1,0,0.1884518,0.03661442,0.2247196,-0.3274375,-0.1453242,0.0005885961,1.016872,0.9498535,0.3049791,0.06903655,1,0.5,1,0,0.5,-0.225496,0,0,0,1.095379,0.7849885,0.5804262,-0.2165604,0,0,0,0,0.5,0.225496,0,0,0,1.061089,0.8022316,0.5931758,0.06757848,0,0,1
392,0.1462378,0.02176034,-0.225026,-0.2569349,-0.08147846,-0.004983695,0.9788535,0.9240645,0.3027753,-0.2333065,1,0.5,0,0.4931388,-0.353418,0.2132398,0.5668032,0.6084638,-0.03052206,1.217526,0.9976307,0.0422596,0.0542873,1,1,1,0.4462983,-0.3781801,-0.2347039,0.7411021,0.6278264,-0.05307125,1.204615,0.9777085,0.02805322,-0.2080844,1,1,0,0.1733924,0.0308529,0.2250403,-0.3856564,-0.1471438,0.003036858,0.9704342,0.9478223,0.3106925,0.07143488,1,0.5,1,0,0.5,-0.225496,0,0,0,1.070357,0.7770962,0.5896749,-0.2200112,0,0,0,0,0.5,0.225496,0,0,0,1.035507,0.794733,0.6030582,0.06870434,0,0,1
393,0.1367937,0.01906031,-0.2252548,-0.2333523,-0.0712096,-0.002115966,0.9387379,0.9201752,0.3093408,-0.2399706,1,0.5,0,0.5077747,-0.3316225,0.213443,0.3037692,0.5148189,0.02335162,1.200068,0.9969439,0.055514,0.05496431,1,1,1,0.4684933,-0.3550482,-0.2352595,0.4961552,0.5529868,0.001774729,1.194763,0.9768859,0.04186529,-0.2096219,1,1,0,0.1580852,0.02545563,0.2252249,-0.3734955,-0.1334045,0.004036726,0.9228141,0.9454379,0.3172977,0.07395547,1,0.5,1,0,0.5,-0.225496,0,0,0,1.044682,0.7685058,0.599476,-0.223668,0,0,0,0,0.5,0.225496,0,0,0,1.00924,0.786553,0.6135539,0.06990008,0,0,1
394,0.1281452,0.01660055,-0.2253065,-0.2124489,-0.05672865,-0.00255704,0.9005398,0.9161564,0.3160214,-0.2465525,1,0.5,0,0.5130833,-0.3160923,0.2154902,0.07604662,0.3437997,0.059554,1.174394,0.9962123,0.06564033,0.05702975,1,1,1,0.4816053,-0.3371155,-0.2339217,0.2782495,0.4030617,0.0386432,1.176763,0.9760315,0.05300958,-0.2110744,1,1,0,0.1440994,0.02112567,0.2253656,-0.3397377,-0.1016651,0.001753867,0.8778968,0.9427902,0.3244987,0.0764684,1,0.5,1,0,0.5,-0.225496,0,0,0,1.02013,0.7597825,0.6091585,-0.2272806,0,0,0,0,0.5,0.225496,0,0,0,0.9841013,0.7782273,0.6239466,0.0710841,0,0,1
395,0.1209017,0.01469697,-0.2255366,-0.1768292,-0.04760355,-0.004640223,0.8633996,0.9117507,0.3232339,-0.2534375,1,0.5,0,0.510294,-0.308861,0.2183536,-0.1178921,0.125818,0.08290711,1.139623,0.9956393,0.07144263,0.05998552,1,1,1,0.4863253,-0.3264319,-0.2317214,0.06531181,0.2189637,0.06340372,1.149517,0.9751363,0.06036195,-0.2132269,1,1,0,0.131499,0.01759476,0.2254119,-0.2999434,-0.07640527,0.004950168,0.834015,0.9397779,0.3325261,0.07901851,1,0.5,1,0,0.5,-0.225496,0,0,0,0.9953691,0.750436,0.6192451,-0.231044,0,0,0,0,0.5,0.225496,0,0,0,0.9587291,0.7692853,0.6347991,0.07232048,0,0,1
396,0.1150342,0.01335785,-0.2254828,-0.1309578,-0.03119066,-0.003367664,0.8274187,0.9070331,0.3309866,-0.2602667,1,0.5,0,0.4999531,-0.3107247,0.2215386,-0.3040389,-0.1053721,0.07642958,1.09634,0.995359,0.07221222,0.06360713,1,1,1,0.4836279,-0.3245675,-0.2289873,-0.1133383,-0.009766225,0.066603,1.114054,0.9743206,0.06284332,-0.2162178,1,1,0,0.1205121,0.01476279,0.2254453,-0.2705545,-0.06319133,-7.748607E-05,0.7916107,0.9364204,0.3412505,0.08163863,1,0.5,1,0,0.5,-0.225496,0,0,0,0.9706181,0.7404904,0.6296672,-0.2349325,0,0,0,0,0.5,0.225496,0,0,0,0.9333456,0.759746,0.646041,0.07360123,0,0,1
397,0.1107023,0.01235118,-0.2253824,-0.0948232,-0.02126276,0.002823026,0.7936431,0.902164,0.3388502,-0.2669843,1,0.5,0,0.4826907,-0.3222543,0.2250428,-0.4816966,-0.3420816,0.083451,1.046132,0.9954305,0.06710017,0.06793913,1,1,1,0.4735581,-0.3316424,-0.2257078,-0.2916173,-0.2381341,0.07777515,1.071342,0.9736481,0.06004903,-0.220008,1,1,0,0.1113868,0.01260887,0.2256211,-0.2200046,-0.04155055,0.007150325,0.7518798,0.9328073,0.3503602,0.08437002,1,0.5,1,0,0.5,-0.225496,0,0,0,0.9466422,0.7302261,0.640103,-0.2388262,0,0,0,0,0.5,0.225496,0,0,0,0.9087354,0.7498753,0.6573271,0.07488702,0,0,1
398,0.1088116,0.0119398,-0.2254781,-0.03158377,-0.006322612,0.00128299,0.7627466,0.8971434,0.3468153,-0.2735926,1,0.5,0,0.4578699,-0.3425057,0.2281805,-0.6679984,-0.5584973,0.07803145,0.9882104,0.9957752,0.05610381,0.07269167,1,1,1,0.4563011,-0.3476118,-0.2228304,-0.4821392,-0.4477786,0.07370415,1.021554,0.9729227,0.05151853,-0.225316,1,1,0,0.1040797,0.01089976,0.2254233,-0.1667187,-0.03774847,0.0005789103,0.7143637,0.9289909,0.3597767,0.08681361,1,0.5,1,0,0.5,-0.225496,0,0,0,0.9232105,0.7195373,0.6506416,-0.2427582,0,0,0,0,0.5,0.225496,0,0,0,0.8846625,0.7395687,0.668755,0.07618896,0,0,1
399,0.1096389,0.0121813,-0.2253883,0.04342983,0.008594528,0.003208221,0.7348565,0.8921067,0.3548439,-0.2796991,1,0.5,0,0.4247162,-0.3698429,0.2309218,-0.8878726,-0.7162336,0.06208124,0.922146,0.9961714,0.03948754,0.07799605,1,1,1,0.4309899,-0.3709058,-0.219981,-0.6849664,-0.6227853,0.0656836,0.9640627,0.9719356,0.03763105,-0.2322175,1,1,0,0.09959336,0.01000366,0.2254656,-0.09496924,-0.01237756,0.001556427,0.6801547,0.9249449,0.3694462,0.08936591,1,0.5,1,0,0.5,-0.225496,0,0,0,0.9003133,0.708402,0.6612806,-0.2467276,0,0,0,0,0.5,0.225496,0,0,0,0.8611169,0.7288021,0.6803237,0.07750694,0,0,1
400,0.1141032,0.01303845,-0.2253074,0.130611,0.02542684,0.0049755,0.7104028,0.8871567,0.3627209,-0.2852831,1,0.5,0,0.3822504,-0.4015506,0.2324457,-1.12338,-0.8086684,0.02982618,0.8468889,0.9963437,0.01815248,0.08348554,1,1,1,0.3968474,-0.3991787,-0.2182372,-0.9107474,-0.7291022,0.03962444,0.8983498,0.9701158,0.01918065,-0.2418831,1,1,0,0.09787264,0.009651328,0.225449,-0.02239832,0.001625764,0.001839549,0.6486516,0.9207199,0.379272,0.09180241,1,0.5,1,0,0.5,-0.225496,0,0,0,0.8776407,0.6966358,0.6721637,-0.2507882,0,0,0,0,0.5,0.225496,0,0,0,0.8377802,0.7173927,0.6921914,0.07885899,0,0,1
401,0.1217846,0.0149622,-0.2251334,0.2084867,0.05569768,0.003962965,0.6886809,0.8820883,0.3709677,-0.2903499,1,0.5,0,0.329721,-0.4337676,0.2319861,-1.376869,-0.7945436,-0.02651663,0.7614626,0.9960327,-0.006157581,0.08877478,1,1,1,0.3529134,-0.4282838,-0.2183127,-1.163668,-0.7135946,-0.01595766,0.8236184,0.9667819,-0.001725385,-0.2555968,1,1,0,0.0989097,0.009848356,0.2252009,0.04098044,0.01389399,-0.004870446,0.6193668,0.9162739,0.3893705,0.0939825,1,0.5,1,0,0.5,-0.225496,0,0,0,0.8548745,0.684002,0.6834581,-0.2550022,0,0,0,0,0.5,0.225496,0,0,0,0.8143237,0.7051055,0.7045449,0.08026638,0,0,1
402,0.1302994,0.01703924,-0.2248674,0.1998686,0.05401114,0.01057536,0.6683242,0.8769655,0.3792092,-0.2951812,1,0.5,0,0.2673178,-0.4616607,0.2285209,-1.61694,-0.6594973,-0.09316657,0.6672013,0.9951996,-0.03055228,0.09297533,1,1,1,0.29927,-0.4534365,-0.221199,-1.401777,-0.5832525,-0.07656294,0.7416652,0.9612499,-0.02209653,-0.2747914,1,1,0,0.1021458,0.01036942,0.2251885,0.09767082,0.01876895,0.006688389,0.5928625,0.9117582,0.3992903,0.09625043,1,0.5,1,0,0.5,-0.225496,0,0,0,0.8328846,0.6709362,0.6947339,-0.2592092,0,0,0,0,0.5,0.225496,0,0,0,0.7916435,0.6923586,0.7169161,0.08167578,0,0,1
403,0.1347019,0.01829625,-0.225067,0.07869828,0.004971681,-0.009018186,0.6440513,0.8707514,0.3883534,-0.3016185,1,0.5,0,0.1967858,-0.4804241,0.222755,-1.805004,-0.4013003,-0.137397,0.5646371,0.9940178,-0.05111984,0.09651643,1,1,1,0.2378811,-0.4709978,-0.2263036,-1.571829,-0.4007535,-0.1222462,0.6534952,0.9530717,-0.03901,-0.3002211,1,1,0,0.1060367,0.01128715,0.2250037,0.09346124,0.0220609,-0.007417056,0.5669297,0.9068255,0.4098556,0.09841674,1,0.5,1,0,0.5,-0.225496,0,0,0,0.8111047,0.657066,0.7062747,-0.2635152,0,0,0,0,0.5,0.225496,0,0,0,0.7691561,0.6787837,0.7296187,0.08312295,0,0,1
404,0.1317627,0.01763228,-0.2252659,-0.1326368,-0.03293083,-0.0161022,0.6131474,0.8631113,0.3985387,-0.3101709,1,0.5,0,0.1214321,-0.4883743,0.2184574,-1.90003,-0.1301647,-0.1169906,0.4575591,0.9925647,-0.06513888,0.1028213,1,1,1,0.1717872,-0.4808591,-0.2296388,-1.669187,-0.2033994,-0.09681959,0.5615302,0.9427848,-0.05167926,-0.3293724,1,1,0,0.1077336,0.01148398,0.2251124,0.01435914,-0.002531988,-0.003623964,0.5391941,0.9014109,0.4209839,0.101148,1,0.5,1,0,0.5,-0.225496,0,0,0,0.7899987,0.642642,0.7178302,-0.2678266,0,0,0,0,0.5,0.225496,0,0,0,0.7473406,0.6646198,0.7423794,0.08457674,0,0,1
405,0.1213313,0.01469375,-0.2252582,-0.3149302,-0.09027928,0.002388657,0.5753731,0.8538036,0.4098054,-0.321059,1,0.5,0,0.04554059,-0.4867147,0.2168584,-1.887384,0.07881525,-0.03405289,0.3500879,0.9909171,-0.07142167,0.1139393,1,1,1,0.1038752,-0.4850172,-0.2303252,-1.702221,-0.07969144,-0.01367555,0.4682322,0.9302534,-0.06095354,-0.3618194,1,1,0,0.1014756,0.01012285,0.2252335,-0.2080248,-0.04747745,0.001989306,0.5041032,0.8946308,0.4343407,0.1048035,1,0.5,1,0,0.5,-0.225496,0,0,0,0.7695571,0.627641,0.7293882,-0.272139,0,0,0,0,0.5,0.225496,0,0,0,0.7261881,0.64984,0.755186,0.08603574,0,0,1
406,0.1025691,0.01046116,-0.2253105,-0.5194715,-0.1036293,0.001642109,0.5302387,0.841533,0.4236505,-0.3351752,1,0.5,0,-0.02688021,-0.4802954,0.2162537,-1.779906,0.1669095,-0.008756671,0.2457641,0.9889596,-0.07280501,0.1290672,1,1,1,0.0356724,-0.4851573,-0.2303773,-1.70536,0.02007783,0.004222991,0.375441,0.9139202,-0.06757427,-0.4002295,1,1,0,0.0850255,0.006946838,0.2253367,-0.4772844,-0.09244521,0.001796336,0.4592084,0.8855596,0.4513585,0.1098163,1,0.5,1,0,0.5,-0.225496,0,0,0,0.7494668,0.6117896,0.7411162,-0.2765148,0,0,0,0,0.5,0.225496,0,0,0,0.7053751,0.6341684,0.7682256,0.0875213,0,0,1
407,0.0757817,0.005445354,-0.2253174,-0.7138557,-0.1276264,0.003944339,0.4785836,0.8252864,0.4408876,-0.3528747,1,0.5,0,-0.093367,-0.4733483,0.2157614,-1.621466,0.1677514,-0.0102453,0.1473386,0.9862893,-0.07314306,0.147931,1,1,1,-0.03205101,-0.4827052,-0.2309254,-1.687977,0.06671253,-0.01547263,0.2848916,0.8915614,-0.07224595,-0.4471004,1,1,0,0.05813104,0.003208955,0.2253539,-0.7369862,-0.09239717,-0.0004872682,0.4051841,0.8727076,0.4741676,0.1163895,1,0.5,1,0,0.5,-0.225496,0,0,0,0.7298044,0.5950784,0.7529653,-0.2809357,0,0,0,0,0.5,0.225496,0,0,0,0.6849812,0.6175879,0.781447,0.08902757,0,0,1
408,0.04141853,0.001546519,-0.2253265,-0.9040909,-0.09055515,0.002511592,0.4222923,0.8030639,0.4635695,-0.3744219,1,0.5,0,-0.153324,-0.4678569,0.215602,-1.459808,0.1220838,-0.001685322,0.05580324,0.9822128,-0.07530876,0.1720069,1,1,1,-0.09778562,-0.4786847,-0.2317373,-1.624158,0.1116515,-0.01510829,0.1987442,0.8607663,-0.07539916,-0.5033849,1,1,0,0.02189835,0.0002880599,0.2252983,-0.9575322,-0.06254724,-0.001107902,0.3443052,0.8541217,0.5048981,0.124716,1,0.5,1,0,0.5,-0.225496,0,0,0,0.7106947,0.5775536,0.7648501,-0.2853701,0,0,0,0,0.5,0.225496,0,0,0,0.6651367,0.6001365,0.7947565,0.09054388,0,0,1
409,0.0003322651,-1.580813E-05,-0.2253041,-1.074394,-0.01156489,-0.004270675,0.3636252,0.7725531,0.4932513,-0.3998309,1,0.5,0,-0.20687,-0.463972,0.2161795,-1.299613,0.08827005,0.01187101,-0.02852684,0.9756528,-0.08053912,0.2039979,1,1,1,-0.1597457,-0.4736782,-0.2322464,-1.517902,0.1354531,-0.01384691,0.1192898,0.818871,-0.07698847,-0.5687909,1,1,0,-0.0215206,0.000257227,0.2252194,-1.115837,0.0165382,-0.005820396,0.2805348,0.8267965,0.5461092,0.1348042,1,0.5,1,0,0.5,-0.225496,0,0,0,0.6922883,0.5593145,0.7766578,-0.2897756,0,0,0,0,0.5,0.225496,0,0,0,0.6459987,0.5819065,0.8080288,0.09205595,0,0,1
410,-0.02212574,0.0004349237,-0.2252434,0,0,0,0.3341292,0.7532129,0.5112337,-0.4138967,1,0.5,0,-0.2312357,-0.462053,0.21702,0,0,0,-0.06824365,0.9708412,-0.08350312,0.22471,1,1,1,-0.1888172,-0.4709667,-0.2318682,0,0,0,0.08214635,0.7929028,-0.0772429,-0.6044325,1,1,0,-0.04519546,0.001866097,0.2251761,0,0,0,0.2486035,0.8084483,0.5715524,0.1404965,1,0.5,1,0,0.5,-0.225496,0,0,0,0.6831597,0.5497167,0.7826501,-0.2920113,0,0,0,0,0.5,0.225496,0,0,0,0.6364986,0.5722864,0.8147833,0.09282546,0,0,1
411,-0.09471972,0.009052091,-0.2250856,-1.232571,0.2174772,0.007888678,0.2628601,0.6856683,0.5702908,-0.4523576,1,0.5,0,-0.2943534,-0.4539081,0.2213475,-0.9688351,0.1600281,0.09199385,-0.1599109,0.9510312,-0.08206128,0.2980027,1,1,1,-0.2665432,-0.4603911,-0.2287936,-1.209299,0.21282,0.06881732,-0.003801286,0.7078727,-0.06930914,-0.7029313,1,1,0,-0.1178969,0.01394627,0.2252691,-1.202355,0.2572826,0.005799534,0.1741855,0.7414752,0.6525596,0.1561426,1,0.5,1,0,0.5,-0.225496,0,0,0,0.6655499,0.5300406,0.7944748,-0.2964232,0,0,0,0,0.5,0.225496,0,0,0,0.6181539,0.5525078,0.8281507,0.09434836,0,0,1
412,-0.1434377,0.02085944,-0.2252513,-1.203647,0.3206386,-0.004538151,0.2170065,0.616219,0.6232293,-0.4815177,1,0.5,0,-0.3278046,-0.4447395,0.2249478,-0.7935244,0.2546594,0.09578619,-0.2213352,0.9239281,-0.06724744,0.3766097,1,1,1,-0.3101076,-0.4504321,-0.225651,-1.045783,0.2728031,0.08416328,-0.05752257,0.6218694,-0.05521652,-0.781172,1,1,0,-0.16257,0.02728377,0.225257,-1.078553,0.3565039,-0.0005848708,0.1286662,0.6723772,0.7210246,0.1674291,1,0.5,1,0,0.5,-0.225496,0,0,0,0.648645,0.5095315,0.8061672,-0.3007857,0,0,0,0,0.5,0.225496,0,0,0,0.6005214,0.5318123,0.8414193,0.09586001,0,0,1
413,-0.1876907,0.03632396,-0.2249395,-1.071839,0.389303,0.0173457,0.1822587,0.5340336,0.6776373,-0.5055845,1,0.5,0,-0.3260263,-0.4422992,0.2276838,0.806773,-0.1475305,0.0847027,-0.2491145,0.9008629,-0.06496652,0.429215,1,1,1,-0.347165,-0.437586,-0.2227763,-0.8884001,0.3311486,0.1035057,-0.1004959,0.5128226,-0.02900091,-0.8580046,1,1,0,-0.2012382,0.04192727,0.2258999,-0.9300995,0.3735454,0.02531261,0.09433359,0.5902435,0.7873142,0.1781825,1,0.5,1,0,0.5,-0.225496,0,0,0,0.6320739,0.4876358,0.8179678,-0.3051886,0,0,0,0,0.5,0.225496,0,0,0,0.5832143,0.5096312,0.8548632,0.09739162,0,0,1
414,-0.226812,0.05325285,-0.225395,-0.9766113,0.4429476,0.01032651,0.1590611,0.4433571,0.7271752,-0.5240713,1,0.5,0,-0.290458,-0.4420244,0.2225079,0.8477915,0.05112441,-0.1502574,-0.2489994,0.9105691,-0.06384187,0.4083968,1,1,1,-0.3748327,-0.4244887,-0.2202447,-0.5964714,0.3128977,0.08429441,-0.1304648,0.3901624,0.004089828,-0.920737,1,1,0,-0.2275856,0.05407047,0.2256449,-0.5234899,0.2629067,0.0158012,0.07145214,0.5099742,0.8400887,0.184871,1,0.5,1,0,0.5,-0.225496,0,0,0,0.6163406,0.4649221,0.8294959,-0.3094898,0,0,0,0,0.5,0.225496,0,0,0,0.5667607,0.4865304,0.8680485,0.09889378,0,0,1
415,-0.2597546,0.07121489,-0.2247157,-0.7357593,0.4289025,0.00223294,0.1459287,0.3502136,0.7697675,-0.5336745,1,0.5,0,-0.252137,-0.4409076,0.2072145,1.036634,0.01566709,-0.4747013,-0.2499893,0.9352822,-0.05962796,0.3488432,1,1,1,-0.3767887,-0.4150548,-0.2257009,0.1663745,0.1924158,-0.235574,-0.1373032,0.3010198,0.03017728,-0.9531403,1,1,0,-0.2366791,0.05870345,0.2256241,-0.1475633,0.06966724,-0.02799333,0.05519241,0.4490128,0.8730369,0.1902477,1,0.5,1,0,0.5,-0.225496,0,0,0,0.6013664,0.4412406,0.8407738,-0.3136976,0,0,0,0,0.5,0.225496,0,0,0,0.5510803,0.4623506,0.8809983,0.1003691,0,0,1
416,-0.2803228,0.0850914,-0.2235848,-0.428571,0.3019852,0.04270675,0.1397539,0.2708276,0.7988876,-0.5370578,1,0.5,0,-0.2126348,-0.4431268,0.1844638,0.9583723,-0.08177164,-0.5748841,-0.2499873,0.9637555,-0.06850384,0.2578423,1,1,1,-0.3449846,-0.4102445,-0.2455331,0.972468,0.1072899,-0.5623633,-0.1183498,0.2845569,0.04128265,-0.9577698,1,1,0,-0.2296013,0.0551548,0.2237082,0.2775231,-0.1273027,-0.04694315,0.04077202,0.414194,0.8897554,0.1917781,1,0.5,1,0,0.5,-0.225496,0,0,0,0.5874666,0.4171032,0.8515204,-0.3177072,0,0,0,0,0.5,0.225496,0,0,0,0.5365064,0.4376102,0.8933857,0.1017804,0,0,1
417,-0.2842041,0.08847667,-0.2221032,0.00409186,0.007888305,0.0427738,0.1326373,0.2150491,0.8132253,-0.5407573,1,0.5,0,-0.1751965,-0.4479207,0.1682574,0.910138,-0.1216695,-0.3048607,-0.2492779,0.9773995,-0.08743018,0.1924737,1,1,1,-0.294662,-0.4095456,-0.2649912,1.31953,-0.01655967,-0.4134671,-0.09470767,0.3098757,0.04059884,-0.9499099,1,1,0,-0.2145425,0.04779639,0.221726,0.3932731,-0.1862808,-0.0351377,0.02644819,0.3907502,0.8999867,0.1932307,1,0.5,1,0,0.5,-0.225496,0,0,0,0.5739905,0.3912998,0.862205,-0.3216937,0,0,0,0,0.5,0.225496,0,0,0,0.5223588,0.4110614,0.9057485,0.1031888,0,0,1
418,-0.2697263,0.07900434,-0.2226097,0.4809292,-0.3098284,-0.02808945,0.1213756,0.1883457,0.8127199,-0.551373,1,0.5,0,-0.1398223,-0.4510123,0.1707468,0.8839082,-0.06459954,0.1914509,-0.2466643,0.9747443,-0.09873168,0.2003143,1,1,1,-0.238047,-0.4179973,-0.2681055,1.43885,-0.2757938,0.04374387,-0.08430132,0.3577416,0.0192512,-0.9336221,1,1,0,-0.2022797,0.04235513,0.2219585,0.277225,-0.1173981,0.0213124,0.01359999,0.3591901,0.9119064,0.1985173,1,0.5,1,0,0.5,-0.225496,0,0,0,0.5613325,0.3644096,0.8724881,-0.3255304,0,0,0,0,0.5,0.225496,0,0,0,0.5090532,0.3832898,0.9176919,0.1045495,0,0,1
419,-0.2380477,0.06017563,-0.2240475,0.8918505,-0.51306,-0.03627764,0.1069149,0.1922234,0.8010606,-0.5668792,1,0.5,0,-0.1049625,-0.453912,0.1896223,0.862832,-0.08494709,0.5360523,-0.2392307,0.9577371,-0.1070371,0.2669882,1,1,1,-0.1791452,-0.4355154,-0.2548302,1.478305,-0.485413,0.4084931,-0.08598122,0.4240528,-0.02298303,-0.9053458,1,1,0,-0.1904526,0.03755179,0.2238749,0.3210836,-0.1295887,0.04738124,0.002644062,0.3267887,0.9222267,0.2066569,1,0.5,1,0,0.5,-0.225496,0,0,0,0.5500778,0.3377949,0.8818394,-0.3290194,0,0,0,0,0.5,0.225496,0,0,0,0.4972087,0.3557038,0.928592,0.1057913,0,0,1
420,-0.1896245,0.03726105,-0.2252032,1.308156,-0.5792031,-0.01459644,0.09282398,0.2241926,0.7814479,-0.582303,1,0.5,0,-0.07220612,-0.4597532,0.2132291,0.8030533,-0.1730964,0.597761,-0.2307536,0.9297252,-0.1253617,0.3462593,1,1,1,-0.1206256,-0.4579207,-0.2351339,1.455251,-0.5724656,0.5112769,-0.09023795,0.4927388,-0.07790065,-0.8666833,1,1,0,-0.1715313,0.0302294,0.2253841,0.5370135,-0.2048001,0.03390686,-0.008012146,0.3069181,0.9273184,0.2142005,1,0.5,1,0,0.5,-0.225496,0,0,0,0.5396489,0.310231,0.8906853,-0.3323199,0,0,0,0,0.5,0.225496,0,0,0,0.486221,0.3270375,0.9389377,0.1069699,0,0,1
421,-0.124565,0.01546109,-0.2252619,1.733471,-0.5234312,0.007525089,0.08438301,0.2833057,0.7554311,-0.5908145,1,0.5,0,-0.04260324,-0.4689831,0.2345146,0.7177871,-0.2480195,0.5004229,-0.2239063,0.8965104,-0.1556831,0.4147671,1,1,1,-0.06349543,-0.4808565,-0.2157787,1.419804,-0.5622374,0.4675792,-0.09120035,0.5543759,-0.1341893,-0.8213773,1,1,0,-0.1430612,0.02066186,0.2253607,0.7659408,-0.2429353,-0.009036068,-0.01809216,0.305168,0.9268616,0.2186325,1,0.5,1,0,0.5,-0.225496,0,0,0,0.530056,0.2816586,0.8989803,-0.3354148,0,0,0,0,0.5,0.225496,0,0,0,0.4761032,0.2972269,0.9486702,0.1080787,0,0,1
422,-0.04445225,0.001370983,-0.222981,2.059054,-0.2824748,0.06261545,0.08810753,0.3630539,0.7266885,-0.5831943,1,0.5,0,-0.01695433,-0.4797855,0.2460992,0.6159201,-0.2718629,0.1826295,-0.2227258,0.8692212,-0.1939796,0.4547817,1,1,1,-0.006701778,-0.4968753,-0.2045144,1.429495,-0.3297405,0.1859457,-0.08350617,0.6032867,-0.1701713,-0.7791578,1,1,0,-0.1071455,0.01151904,0.2236128,0.9406824,-0.2217632,-0.06622899,-0.02575782,0.3180263,0.9225646,0.2184808,1,0.5,1,0,0.5,-0.225496,0,0,0,0.5214648,0.2525461,0.9065412,-0.3382358,0,0,0,0,0.5,0.225496,0,0,0,0.4670327,0.2667614,0.9575684,0.1090925,0,0,1
423,0.02301233,0.0003106866,-0.2219911,1.469614,0.04148198,-0.01782701,0.1001449,0.4131368,0.7103463,-0.5698475,1,0.5,0,0.006234791,-0.4931805,0.2352303,0.5757645,-0.3518881,-0.4342871,-0.2331138,0.8661535,-0.2517198,0.4317583,1,1,1,0.05404137,-0.4985638,-0.2131613,1.55414,0.04966112,-0.3595868,-0.05944723,0.6332294,-0.1647108,-0.7562346,1,1,0,-0.05524537,0.002766582,0.2223063,1.462132,-0.2178732,-0.01630113,-0.02766529,0.3592457,0.90776,0.2165969,1,0.5,1,0,0.5,-0.225496,0,0,0,0.5136256,0.221906,0.9135523,-0.3408517,0,0,0,0,0.5,0.225496,0,0,0,0.4587485,0.2346075,0.9658424,0.1100351,0,0,1
424,0.06179298,0.003762651,-0.2253146,0.8881269,0.0849358,-0.07941502,0.1070516,0.4186022,0.7079508,-0.568839,1,0.5,0,0.02752688,-0.4997388,0.2183411,0.5164163,-0.04645588,-0.343726,-0.2481248,0.8728414,-0.2927591,0.3904357,1,1,1,0.1150588,-0.4933331,-0.2239822,1.498288,0.1478747,-0.1691089,-0.03380334,0.6593333,-0.1444307,-0.7378477,1,1,0,0.02680854,0.0003333692,0.2243267,2.183064,0.01382957,0.05349072,-0.009427279,0.4466794,0.8690524,0.2126631,1,0.5,1,0,0.5,-0.225496,0,0,0,0.5068915,0.1910039,0.9196622,-0.3431313,0,0,0,0,0.5,0.225496,0,0,0,0.4516262,0.2020963,0.9730711,0.1108586,0,0,1
425,0.1054398,0.01036481,-0.2255032,1.214463,0.2146545,0.006812069,0.1168431,0.4310839,0.7074162,-0.5601151,1,0.5,0,0.06592263,-0.4891604,0.2195585,1.138973,0.3289164,0.1050353,-0.2447445,0.8869309,-0.24744,0.3900346,1,1,1,0.1633025,-0.4864302,-0.2208621,1.054333,0.1864658,0.08534271,-0.02600813,0.683079,-0.1274921,-0.7191306,1,1,0,0.1023585,0.009637227,0.2254692,1.695663,0.3037391,0.01031831,0.01959896,0.5058323,0.8384105,0.2029819,1,0.5,1,0,0.5,-0.225496,0,0,0,0.5012964,0.1602636,0.9248011,-0.3450487,0,0,0,0,0.5,0.225496,0,0,0,0.4457042,0.1696845,0.9791645,0.1115528,0,0,1
426,0.158788,0.02548371,-0.2254095,1.299447,0.4225532,-0.007720295,0.1365281,0.4499349,0.709291,-0.5426462,1,0.5,0,0.1262549,-0.476043,0.221026,1.591954,0.3184886,-0.02696366,-0.2222285,0.9139277,-0.1801587,0.3637017,1,1,1,0.1895842,-0.4737214,-0.2255009,0.5680921,0.3640743,-0.1945094,-0.02855626,0.6728107,-0.101224,-0.732857,1,1,0,0.1522354,0.02329323,0.2255564,1.151067,0.3483745,-0.01453385,0.03973973,0.5184788,0.8324257,0.1955691,1,0.5,1,0,0.5,-0.225496,0,0,0,0.4965577,0.128049,0.9291986,-0.3466894,0,0,0,0,0.5,0.225496,0,0,0,0.4406855,0.1356544,0.9843885,0.112148,0,0,1
427,0.2035993,0.04322162,-0.2253059,1.044348,0.4390376,0.007610771,0.154633,0.4560754,0.7167705,-0.5274801,1,0.5,0,0.1926063,-0.4633138,0.2182785,1.664596,0.3128917,-0.08462819,-0.1938187,0.9392119,-0.1218685,0.3209815,1,1,1,0.2093904,-0.4566732,-0.2322893,0.4880713,0.4339756,-0.155338,-0.03343871,0.6523325,-0.06574308,-0.7550762,1,1,0,0.1881724,0.03670152,0.2253073,0.8303601,0.320761,-0.0009007755,0.05258286,0.512385,0.8373432,0.1905728,1,0.5,1,0,0.5,-0.225496,0,0,0,0.4929056,0.09564126,0.9326164,-0.3479646,0,0,0,0,0.5,0.225496,0,0,0,0.4368155,0.1013676,0.9884551,0.1126113,0,0,1
428,0.2355753,0.05863148,-0.2252205,0.7253665,0.3579132,0.002634526,0.1654611,0.4477837,0.7282642,-0.5187689,1,0.5,0,0.258653,-0.4504949,0.2132977,1.64001,0.3162162,-0.1295612,-0.1647624,0.95771,-0.07306743,0.2783033,1,1,1,0.2290608,-0.4411708,-0.2366855,0.4972877,0.3650175,-0.08398223,-0.0391221,0.6324196,-0.03291707,-0.7739264,1,1,0,0.2132554,0.04744992,0.2251243,0.5578066,0.2492328,-0.004862996,0.05784935,0.4941527,0.8487057,0.1884456,1,0.5,1,0,0.5,-0.225496,0,0,0,0.4903222,0.06301724,0.9350492,-0.3488723,0,0,0,0,0.5,0.225496,0,0,0,0.4340771,0.0668118,0.9913528,0.1129414,0,0,1
429,0.2536286,0.06828628,-0.2253624,0.347838,0.1967788,-0.008308146,0.1659936,0.4245689,0.7421788,-0.5185671,1,0.5,0,0.3169518,-0.4371521,0.2105635,1.360518,0.3356696,-0.0214696,-0.1420897,0.9669555,-0.03115881,0.2530339,1,1,1,0.2545865,-0.4315509,-0.2361703,0.7164168,0.1949147,0.049679,-0.04460561,0.6230161,-0.01218926,-0.782114,1,1,0,0.2304074,0.05511759,0.2248421,0.4004636,0.1867541,-0.006714466,0.0566206,0.4662762,0.8643547,0.1883548,1,0.5,1,0,0.5,-0.225496,0,0,0,0.4887832,0.029462,0.9365046,-0.3494153,0,0,0,0,0.5,0.225496,0,0,0,0.4324452,0.03124209,0.9930878,0.1131391,0,0,1
430,0.2547556,0.06925271,-0.2255884,-0.08348081,-0.03735983,-0.004509838,0.15418,0.3844283,0.7570588,-0.5282772,1,0.5,0,0.3557302,-0.4243904,0.2183278,0.8476082,0.3106893,0.2605618,-0.134078,0.9632104,0.004398652,0.2687125,1,1,1,0.2957901,-0.4290656,-0.2286723,1.124433,0.03246219,0.2220885,-0.04486308,0.6427073,-0.006735525,-0.7660822,1,1,0,0.2442472,0.06314448,0.2253425,0.3269256,0.2010119,0.01768545,0.05536401,0.433908,0.8807637,0.1896818,1,0.5,1,0,0.5,-0.225496,0,0,0,0.4883593,-0.003308821,0.9369062,-0.3495652,0,0,0,0,0.5,0.225496,0,0,0,0.4319957,-0.003508926,0.9935668,0.1131936,0,0,1
431,0.2392642,0.0607282,-0.2252439,-0.4866527,-0.2640971,0.01369119,0.1304849,0.3227722,0.7719902,-0.5475848,1,0.5,0,0.3821704,-0.4142631,0.2299185,0.6254869,0.2294258,0.2764457,-0.1363805,0.9526694,0.03227789,0.3022899,1,1,1,0.344426,-0.4281896,-0.2192247,1.213985,0.03982337,0.2252736,-0.04135835,0.6729979,-0.004774177,-0.739629,1,1,0,0.2534301,0.06877239,0.2254835,0.1894028,0.115335,-0.001904369,0.05073243,0.3952353,0.8983898,0.1915332,1,0.5,1,0,0.5,-0.225496,0,0,0,0.4890007,-0.03615891,0.9362987,-0.3493385,0,0,0,0,0.5,0.225496,0,0,0,0.4326758,-0.03834257,0.9928423,0.1131111,0,0,1
432,0.2102932,0.04595278,-0.2237782,-0.7830295,-0.3960777,0.04256593,0.1009787,0.2367991,0.785307,-0.5720305,1,0.5,0,0.4040832,-0.4072646,0.2347073,0.5198093,0.1496301,0.04196616,-0.1443698,0.9450864,0.05268212,0.3225466,1,1,1,0.3882401,-0.4212247,-0.215758,1.043126,0.2261371,0.01848341,-0.03597257,0.6901706,0.01029089,-0.7235734,1,1,0,0.2556245,0.07014946,0.2243762,0.01713485,-0.001796708,-0.0412889,0.04061854,0.3470885,0.917744,0.1930682,1,0.5,1,0,0.5,-0.225496,0,0,0,0.4906892,-0.06862091,0.9347029,-0.3487431,0,0,0,0,0.5,0.225496,0,0,0,0.4344661,-0.07274955,0.9909402,0.1128944,0,0,1
433,0.1845711,0.03481079,-0.223301,-0.5373704,-0.2253334,-0.009419028,0.0806511,0.1436116,0.7936105,-0.5912345,1,0.5,0,0.4226921,-0.4041126,0.2263194,0.462866,0.05428048,-0.2690197,-0.1606609,0.9474569,0.06450015,0.3133133,1,1,1,0.4193891,-0.4066644,-0.2246867,0.6846789,0.3805043,-0.2799125,-0.0304918,0.6777436,0.04118273,-0.7341442,1,1,0,0.2429532,0.06236855,0.223136,-0.4752526,-0.2879339,-0.01543984,0.01888311,0.2732221,0.9411919,0.1987654,1,0.5,1,0,0.5,-0.225496,0,0,0,0.4935197,-0.1018428,0.9320399,-0.3477495,0,0,0,0,0.5,0.225496,0,0,0,0.4374664,-0.1079323,0.9877687,0.1125331,0,0,1
434,0.1725579,0.03056744,-0.225112,-0.2730021,-0.09447759,-0.04364925,0.07368314,0.06876373,0.795853,-0.6015725,1,0.5,0,0.4387786,-0.39818,0.2195573,0.3601597,0.2042011,-0.08817393,-0.1773248,0.947297,0.08621679,0.3085371,1,1,1,0.4378618,-0.3933178,-0.2313726,0.4024999,0.3141077,-0.0867084,-0.03373307,0.6536008,0.07009328,-0.7535868,1,1,0,0.2037089,0.04303544,0.224683,-1.104594,-0.5189354,0.04395472,-0.01426646,0.1453463,0.965623,0.2155152,1,0.5,1,0,0.5,-0.225496,0,0,0,0.4972771,-0.1334728,0.9285283,-0.3464393,0,0,0,0,0.5,0.225496,0,0,0,0.4414476,-0.141388,0.9835917,0.1120572,0,0,1
435,0.157819,0.02548666,-0.2256515,-0.4090124,-0.1393781,-5.587938E-05,0.06865615,-0.01300099,0.7939537,-0.6078392,1,0.5,0,0.4440717,-0.384139,0.2254498,0.04846903,0.3876077,0.2119594,-0.1989441,0.9262717,0.1390472,0.3502664,1,1,1,0.4474971,-0.3820733,-0.2254599,0.1884223,0.2650173,0.2148398,-0.05171779,0.6297038,0.09798898,-0.7706304,1,1,0,0.1568368,0.02513523,0.2252737,-1.156892,-0.414053,0.005154314,-0.03666893,-0.01807618,0.9736779,0.2272106,1,0.5,1,0,0.5,-0.225496,0,0,0,0.5020671,-0.1648713,0.9240898,-0.3447833,0,0,0,0,0.5,0.225496,0,0,0,0.4465201,-0.1745468,0.9783204,0.1114567,0,0,1
436,0.1390816,0.01959425,-0.2250945,-0.4823746,-0.1446289,0.01529903,0.06660569,-0.1028735,0.7864274,-0.6090558,1,0.5,0,0.4370006,-0.3681542,0.2376034,-0.2482222,0.3921182,0.3208311,-0.2268712,0.8773526,0.2117893,0.4305783,1,1,1,0.4478553,-0.3734677,-0.2132401,-0.05051794,0.1931236,0.3259891,-0.07981995,0.5961372,0.1250233,-0.7930887,1,1,0,0.1136204,0.01285464,0.225078,-1.048599,-0.2756347,-0.01205057,-0.04103506,-0.1824757,0.9561833,0.2289456,1,0.5,1,0,0.5,-0.225496,0,0,0,0.5078683,-0.1958295,0.9187708,-0.3427988,0,0,0,0,0.5,0.225496,0,0,0,0.4526597,-0.2071782,0.9720156,0.1107384,0,0,1
437,0.1198553,0.01437605,-0.223646,-0.4650852,-0.1170629,0.05613419,0.06922847,-0.1924233,0.7736367,-0.6037049,1,0.5,0,0.4283141,-0.3502786,0.2511633,-0.0610471,0.5530628,0.3530876,-0.2499818,0.7956461,0.3028635,0.5246152,1,1,1,0.4394775,-0.3693974,-0.1994485,-0.2569572,0.06517025,0.3562951,-0.1134916,0.5435571,0.1464459,-0.8264982,1,1,0,0.07756352,0.005394685,0.2253565,-0.8135467,-0.1729972,0.02768786,-0.03068981,-0.3235058,0.9192101,0.2244922,1,0.5,1,0,0.5,-0.225496,0,0,0,0.5146242,-0.2260818,0.9126531,-0.3405162,0,0,0,0,0.5,0.225496,0,0,0,0.4598043,-0.2389946,0.96478,0.1099141,0,0,1
438,0.1134058,0.01257407,-0.2243066,0,0,0,0.07306522,-0.2309045,0.7653127,-0.6008158,1,0.5,0,0.4344547,-0.3322212,0.2545293,0,0,0,-0.2499802,0.7548423,0.3750854,0.5380744,1,1,1,0.4339822,-0.370213,-0.1949977,0,0,0,-0.1288195,0.5071737,0.1502962,-0.8486376,1,1,0,0.0656152,0.003974249,0.2240991,0,0,0,-0.0223437,-0.3770787,0.900175,0.2179372,1,0.5,1,0,0.5,-0.225496,0,0,0,0.5184431,-0.2412793,0.9092309,-0.3392394,0,0,0,0,0.5,0.225496,0,0,0,0.4638404,-0.254948,0.96074,0.1094538,0,0,1
439,0.08732714,0.006626565,-0.2238144,-0.3880551,-0.08681808,0.01983941,0.08473265,-0.326901,0.7398707,-0.5879856,1,0.5,0,0.4464742,-0.2979065,0.2537385,0.3982039,0.6384554,-0.09392355,-0.2499659,0.6718978,0.5123042,0.5348811,1,1,1,0.4214284,-0.3641957,-0.1919027,-0.07744882,0.1867697,-0.02279134,-0.1513767,0.4100459,0.1772809,-0.8946697,1,1,0,0.04681567,0.001650872,0.2253837,-0.1247393,-0.01197845,0.04389511,-0.002347648,-0.465508,0.8593366,0.2117617,1,0.5,1,0,0.5,-0.225496,0,0,0,0.5268363,-0.2711988,0.9017991,-0.3364665,0,0,0,0,0.5,0.225496,0,0,0,0.4727048,-0.2862912,0.9519846,0.1084563,0,0,1
440,0.07840002,0.005032161,-0.2245259,-0.1957186,-0.03426034,-0.002250821,0.09874141,-0.3881287,0.719897,-0.5754168,1,0.5,0,0.4663031,-0.2751396,0.2447886,0.5229028,0.5289393,-0.2275773,-0.2499685,0.6219791,0.6033654,0.4990914,1,1,1,0.4319603,-0.3477012,-0.1993312,0.373389,0.5083488,-0.2098621,-0.1495921,0.3458014,0.2234506,-0.9113129,1,1,0,0.05036503,0.001858461,0.2255712,0.1681144,0.02004436,0.02271981,0.01188737,-0.5087519,0.8358449,0.2062391,1,0.5,1,0,0.5,-0.225496,0,0,0,0.5360662,-0.2999699,0.8937653,-0.333469,0,0,0,0,0.5,0.225496,0,0,0,0.4824434,-0.3163426,0.9425479,0.1073812,0,0,1
441,0.07749047,0.005368117,-0.225132,0.02831408,0.007481201,-0.007046017,0.1144996,-0.4379185,0.7019827,-0.5616472,1,0.5,0,0.4899518,-0.2565828,0.2351984,0.6226304,0.4538672,-0.2328799,-0.2499498,0.5733271,0.6775326,0.4607011,1,1,1,0.4572735,-0.3196717,-0.2103506,0.6951842,0.7448438,-0.2736771,-0.1357366,0.3038522,0.2918995,-0.9069005,1,1,0,0.06281124,0.003532685,0.2256012,0.3618551,0.05087873,0.000753999,0.02552933,-0.539989,0.8173334,0.2009425,1,0.5,1,0,0.5,-0.225496,0,0,0,0.5473629,-0.330918,0.8841252,-0.3298723,0,0,0,0,0.5,0.225496,0,0,0,0.4943495,-0.3485608,0.9312621,0.1060955,0,0,1
442,0.08307964,0.006631921,-0.2253134,0.1654786,0.03458796,0.004749002,0.1279274,-0.4721046,0.688984,-0.5499257,1,0.5,0,0.5139331,-0.243842,0.2260839,0.6022038,0.2820217,-0.2174475,-0.2499993,0.5376229,0.7286302,0.4243344,1,1,1,0.4861667,-0.2893326,-0.2218293,0.7155213,0.7403615,-0.2755375,-0.1167282,0.2782351,0.356581,-0.8918718,1,1,0,0.08102658,0.006336864,0.2256593,0.4826782,0.08147814,0.002160669,0.03589326,-0.5570148,0.8067593,0.1971649,1,0.5,1,0,0.5,-0.225496,0,0,0,0.5587182,-0.3584779,0.8746426,-0.3263342,0,0,0,0,0.5,0.225496,0,0,0,0.5063032,-0.3771498,0.9201998,0.1048352,0,0,1
443,0.09401445,0.00878949,-0.2252831,0.2954331,0.06331089,0.01245365,0.1399823,-0.4973579,0.6793774,-0.5395197,1,0.5,0,0.538406,-0.2336667,0.2180594,0.6218585,0.2505214,-0.1850367,-0.2499865,0.5043378,0.7692916,0.3922164,1,1,1,0.5119655,-0.2656972,-0.2310095,0.6139773,0.5333709,-0.2013744,-0.101459,0.2500389,0.402224,-0.8807363,1,1,0,0.1021471,0.01036052,0.2256419,0.5528545,0.1061961,0.009070341,0.04568732,-0.568398,0.7996531,0.1935942,1,0.5,1,0,0.5,-0.225496,0,0,0,0.5709094,-0.3850136,0.8646857,-0.3226193,0,0,0,0,0.5,0.225496,0,0,0,0.5191216,-0.4045785,0.9086256,0.1035166,0,0,1
444,0.1089624,0.01199184,-0.225267,0.3919309,0.0906106,0.008921329,0.1508363,-0.5154484,0.6729677,-0.5304974,1,0.5,0,0.5626802,-0.2255734,0.2115188,0.6072196,0.1909637,-0.1482756,-0.2499431,0.4728735,0.8015239,0.3659919,1,1,1,0.5328528,-0.2527744,-0.2377315,0.4884275,0.2518267,-0.1518325,-0.09281865,0.2171462,0.4254263,-0.8785557,1,1,0,0.1249935,0.0157472,0.2254269,0.5815758,0.13771,0.004959108,0.05524611,-0.575315,0.7955881,0.1898742,1,0.5,1,0,0.5,-0.225496,0,0,0,0.5836816,-0.4101158,0.8544946,-0.3188169,0,0,0,0,0.5,0.225496,0,0,0,0.5325346,-0.430431,0.8968223,0.1021719,0,0,1
445,0.1267347,0.01623063,-0.2251482,0.4599257,0.112675,0.002775342,0.1614304,-0.5297929,0.6685974,-0.5218208,1,0.5,0,0.5864455,-0.2185134,0.2067826,0.58485,0.1696259,-0.1063161,-0.2499478,0.4370669,0.829773,0.347058,1,1,1,0.5486842,-0.2515268,-0.2415195,0.3644855,-0.04181714,-0.07966015,-0.09225798,0.1754255,0.4279009,-0.8866379,1,1,0,0.1487641,0.02254271,0.2252953,0.5981738,0.1774593,-0.004680457,0.06579047,-0.5804124,0.7927718,0.186103,1,0.5,1,0,0.5,-0.225496,0,0,0,0.5975069,-0.4347635,0.8437304,-0.3148008,0,0,0,0,0.5,0.225496,0,0,0,0.5470355,-0.4557208,0.8844017,0.1007569,0,0,1
446,0.1468687,0.02175485,-0.2250329,0.5181695,0.1461014,0.007449093,0.1716938,-0.5401611,0.6666056,-0.5136759,1,0.5,0,0.6091721,-0.2124425,0.2036683,0.564793,0.1473874,-0.06645027,-0.2499929,0.397911,0.8542055,0.3346638,1,1,1,0.5589249,-0.2608487,-0.2419847,0.216201,-0.288804,0.01306758,-0.09908631,0.1228028,0.4119372,-0.9028993,1,1,0,0.1726334,0.03063414,0.2251168,0.5953225,0.2123089,0.0006943944,0.0772109,-0.5839427,0.7911045,0.1821117,1,0.5,1,0,0.5,-0.225496,0,0,0,0.6120381,-0.45834,0.8327053,-0.3106872,0,0,0,0,0.5,0.225496,0,0,0,0.5622574,-0.4798192,0.8717284,0.09931303,0,0,1
447,0.1684958,0.02855827,-0.2250048,0.545525,0.1744358,0.003283472,0.182232,-0.54803,0.666281,-0.5057001,1,0.5,0,0.6308252,-0.2068431,0.2015897,0.5362096,0.1326405,-0.04671963,-0.2499814,0.3537568,0.8765625,0.3263347,1,1,1,0.5641122,-0.2769464,-0.2391403,0.1020044,-0.4233615,0.0878625,-0.1105503,0.05580389,0.3827287,-0.9221739,1,1,0,0.1964536,0.03975398,0.2249944,0.5946534,0.239592,-0.003382565,0.08958906,-0.5867236,0.7899637,0.1780807,1,0.5,1,0,0.5,-0.225496,0,0,0,0.6273947,-0.481091,0.8213627,-0.3064552,0,0,0,0,0.5,0.225496,0,0,0,0.5783231,-0.5029841,0.8587407,0.09783338,0,0,1
448,0.1898125,0.03643054,-0.2245592,0.516581,0.1975366,0.01800732,0.1937222,-0.5558421,0.6665933,-0.4966819,1,0.5,0,0.6519358,-0.2014388,0.1990096,0.5319419,0.1412333,-0.06663877,-0.2499479,0.3060292,0.8980576,0.3159726,1,1,1,0.5676103,-0.2909287,-0.2351242,0.09870235,-0.2996938,0.09495992,-0.1199759,-0.02053093,0.3554283,-0.934478,1,1,0,0.2210678,0.05076811,0.225212,0.6306084,0.2938676,0.006401541,0.1032724,-0.5873709,0.7903032,0.1744021,1,0.5,1,0,0.5,-0.225496,0,0,0,0.6436534,-0.5031354,0.8096859,-0.3020985,0,0,0,0,0.5,0.225496,0,0,0,0.5953104,-0.5253419,0.8454224,0.09631607,0,0,1
449,0.2080743,0.04430027,-0.224286,0.4234465,0.197262,0.01408756,0.2068549,-0.5657608,0.665342,-0.4870675,1,0.5,0,0.6731881,-0.1963108,0.1941753,0.5336376,0.1227618,-0.1258158,-0.249979,0.2607901,0.9186794,0.2966764,1,1,1,0.5773154,-0.292899,-0.235996,0.2943249,0.04879983,-0.05799683,-0.1187,-0.08043439,0.3490716,-0.9336377,1,1,0,0.2477532,0.06484377,0.2246342,0.6831351,0.3776295,-0.01060367,0.1177725,-0.5831141,0.794538,0.1693733,1,0.5,1,0,0.5,-0.225496,0,0,0,0.6603832,-0.5239519,0.7980122,-0.297743,0,0,0,0,0.5,0.225496,0,0,0,0.6127673,-0.5463722,0.8321596,0.09480508,0,0,1
450,0.2226794,0.05159245,-0.2235184,0.3463814,0.1870404,0.02249182,0.2216706,-0.5791869,0.6617873,-0.4760044,1,0.5,0,0.6922472,-0.1914637,0.1897252,0.4472198,0.1127519,-0.09477738,-0.2499401,0.2062933,0.9379203,0.2788341,1,1,1,0.594214,-0.2826658,-0.2410689,0.4524114,0.3044666,-0.1315482,-0.1087548,-0.1187171,0.366354,-0.9228711,1,1,0,0.2747796,0.08153664,0.223544,0.6535667,0.4262855,-0.02906547,0.1341801,-0.5769369,0.8003037,0.1632722,1,0.5,1,0,0.5,-0.225496,0,0,0,0.6778331,-0.5439324,0.7861895,-0.2933319,0,0,0,0,0.5,0.225496,0,0,0,0.6309521,-0.5664798,0.8187791,0.0932807,0,0,1
451,0.2375703,0.05963309,-0.223311,0.3840403,0.204783,0.007337335,0.2372827,-0.5910305,0.6586797,-0.4656437,1,0.5,0,0.704474,-0.1884134,0.191342,0.244999,0.05652087,0.1037851,-0.2499856,0.1245811,0.9502916,0.2853516,1,1,1,0.6130269,-0.2699784,-0.2427451,0.4644664,0.3073723,0.007739666,-0.1005468,-0.1509565,0.390588,-0.9081042,1,1,0,0.2935777,0.09453917,0.2230345,0.3958555,0.2798648,-0.000370294,0.1525233,-0.5819703,0.7977327,0.1579017,1,0.5,1,0,0.5,-0.225496,0,0,0,0.695915,-0.5630224,0.7743025,-0.2888968,0,0,0,0,0.5,0.225496,0,0,0,0.6497716,-0.585618,0.8053774,0.09175388,0,0,1
452,0.2550941,0.0696018,-0.2239978,0.4496174,0.2623608,-0.02190919,0.2530682,-0.5985227,0.6581101,-0.456795,1,0.5,0,0.7068884,-0.1894616,0.2011022,-0.00715256,-0.06057771,0.285329,-0.2499417,0.004262408,0.9459332,0.3243334,1,1,1,0.6296453,-0.2612737,-0.2374899,0.3883453,0.1894564,0.1628221,-0.09908015,-0.190006,0.4108709,-0.8916742,1,1,0,0.2990666,0.09886536,0.2239298,0.06431045,0.05169848,0.03148169,0.1721127,-0.60519,0.7809187,0.1546315,1,0.5,1,0,0.5,-0.225496,0,0,0,0.7145077,-0.5811594,0.7624488,-0.2844741,0,0,0,0,0.5,0.225496,0,0,0,0.6690983,-0.6037324,0.7920635,0.09023707,0,0,1
453,0.2722312,0.08012025,-0.2250313,0.4054339,0.2512802,-0.01809672,0.2699529,-0.6058824,0.6573393,-0.44812,1,0.5,0,0.7001857,-0.197135,0.213121,-0.2250642,-0.2447651,0.3064656,-0.249927,-0.1541408,0.9151925,0.3723751,1,1,1,0.6414896,-0.2570295,-0.2301054,0.2540708,0.08795116,0.1822398,-0.09927446,-0.2426662,0.4216615,-0.8736789,1,1,0,0.2953116,0.09595264,0.2251336,-0.1292453,-0.100277,0.0314735,0.1928992,-0.6399495,0.7532879,0.1517299,1,0.5,1,0,0.5,-0.225496,0,0,0,0.733924,-0.5986853,0.7504514,-0.2799978,0,0,0,0,0.5,0.225496,0,0,0,0.6892563,-0.6211715,0.7786379,0.08870754,0,0,1
454,0.284009,0.08801822,-0.2255083,0.2507956,0.171825,-0.009853397,0.2879888,-0.6182462,0.6523167,-0.4384685,1,0.5,0,0.6829015,-0.2152871,0.2229701,-0.5034299,-0.5333791,0.22861,-0.249409,-0.3522815,0.8408636,0.4109088,1,1,1,0.6467988,-0.2560867,-0.2247207,0.09137694,0.0006094577,0.1182065,-0.0960525,-0.3079145,0.4206322,-0.8533798,1,1,0,0.2871989,0.09026448,0.225505,-0.2160848,-0.1593199,0.006064775,0.2154706,-0.6764516,0.7215733,0.1474624,1,0.5,1,0,0.5,-0.225496,0,0,0,0.7536197,-0.6151627,0.7386611,-0.2755987,0,0,0,0,0.5,0.225496,0,0,0,0.7096794,-0.6375079,0.7654921,0.08720988,0,0,1
455,0.289314,0.09207746,-0.2252774,0.09690974,0.07896464,0.009656701,0.3067805,-0.6359876,0.6421541,-0.4279694,1,0.5,0,0.6542938,-0.2440764,0.22938,-0.7861379,-0.7725808,0.1354188,-0.2411555,-0.5722453,0.7028297,0.4225704,1,1,1,0.6446566,-0.2596579,-0.2213143,-0.1074613,-0.1204461,0.07674697,-0.08883908,-0.3836935,0.4045669,-0.8301234,1,1,0,0.2755142,0.0824291,0.2253818,-0.3168316,-0.2143715,-0.00536591,0.2397509,-0.7122697,0.6872977,0.1424558,1,0.5,1,0,0.5,-0.225496,0,0,0,0.7730733,-0.6302986,0.7273737,-0.2713874,0,0,0,0,0.5,0.225496,0,0,0,0.7298282,-0.6524622,0.7529507,0.08578108,0,0,1
456,0.2883513,0.09151249,-0.2247293,-0.06753209,-0.03893265,0.01795889,0.3280409,-0.6603584,0.6249842,-0.4163191,1,0.5,0,0.6145408,-0.2797634,0.232701,-1.055268,-0.9316418,0.05989598,-0.2123243,-0.7668853,0.5083382,0.391764,1,1,1,0.6341869,-0.2694998,-0.2177183,-0.3213556,-0.2822564,0.08545149,-0.07699397,-0.4750952,0.3699715,-0.7983769,1,1,0,0.2600399,0.07287551,0.2249551,-0.4124941,-0.2492991,-0.01378283,0.2685374,-0.7483242,0.6491233,0.1365647,1,0.5,1,0,0.5,-0.225496,0,0,0,0.7939581,-0.6454267,0.7156337,-0.2670071,0,0,0,0,0.5,0.225496,0,0,0,0.7514349,-0.667358,0.7399506,0.08430003,0,0,1
457,0.2794486,0.08536914,-0.2244604,-0.2876208,-0.1856115,0.005787613,0.3522915,-0.6904089,0.5999932,-0.4041579,1,0.5,0,0.5641807,-0.3199134,0.2315909,-1.327047,-1.024364,-0.04940482,-0.1595018,-0.8919209,0.3115627,0.3277283,1,1,1,0.6147406,-0.2855272,-0.2151564,-0.5475315,-0.4326718,0.06422924,-0.05712184,-0.5715739,0.3171815,-0.7567689,1,1,0,0.2421193,0.06233216,0.2244307,-0.4531341,-0.2574715,-0.008286539,0.3005925,-0.7816198,0.6099635,0.1304418,1,0.5,1,0,0.5,-0.225496,0,0,0,0.815316,-0.6598249,0.7040133,-0.2626715,0,0,0,0,0.5,0.225496,0,0,0,0.7735062,-0.6814873,0.7271264,0.08283901,0,0,1
458,0.2607407,0.07289604,-0.224572,-0.5282195,-0.3384022,-0.003365429,0.3815746,-0.7259265,0.5659147,-0.3908597,1,0.5,0,0.5036547,-0.3620216,0.2265859,-1.574889,-1.047136,-0.1433351,-0.08394945,-0.9543177,0.1537756,0.256185,1,1,1,0.5855136,-0.3070516,-0.2135247,-0.8041176,-0.5687537,0.03914909,-0.02594376,-0.6648694,0.2509163,-0.703555,1,1,0,0.2236972,0.05230746,0.2245325,-0.4644366,-0.2482112,0.007059428,0.3354858,-0.8103092,0.5724902,0.1251158,1,0.5,1,0,0.5,-0.225496,0,0,0,0.8371994,-0.6735712,0.6924921,-0.2583728,0,0,0,0,0.5,0.225496,0,0,0,0.7960957,-0.6949325,0.7144534,0.08139522,0,0,1
459,0.2371406,0.05885345,-0.2248129,-0.5849207,-0.341204,-0.005893412,0.4151307,-0.7598162,0.5298188,-0.3767909,1,0.5,0,0.4372506,-0.3991006,0.2225398,-1.667241,-0.8662049,-0.06644207,0.006440341,-0.9778467,0.05311464,0.2024716,1,1,1,0.5418742,-0.3374049,-0.2118064,-1.206622,-0.8358557,0.04537331,0.02010667,-0.7509948,0.1703403,-0.6379585,1,1,0,0.2002133,0.04111018,0.2243439,-0.6562631,-0.2905705,-0.01030043,0.3748039,-0.8370543,0.5339599,0.1192769,1,0.5,1,0,0.5,-0.225496,0,0,0,0.8588035,-0.6862447,0.6814819,-0.2542649,0,0,0,0,0.5,0.225496,0,0,0,0.8183736,-0.7072894,0.7023806,0.08001981,0,0,1
460,0.2144327,0.04773841,-0.2239489,-0.5816752,-0.2695968,0.02426581,0.4512141,-0.7881711,0.4980355,-0.3615894,1,0.5,0,0.3727809,-0.4274146,0.2238433,-1.604064,-0.6610232,0.05310329,0.100421,-0.9849276,-0.002356009,0.1729509,1,1,1,0.4773869,-0.3773197,-0.2120044,-1.738878,-1.032322,-0.02348349,0.09121662,-0.8233281,0.08233925,-0.5615614,1,1,0,0.1650124,0.02747064,0.2238871,-0.9281796,-0.3445555,-0.01815856,0.4246905,-0.864224,0.4904026,0.112348,1,0.5,1,0,0.5,-0.225496,0,0,0,0.8807364,-0.6982883,0.6706566,-0.2502259,0,0,0,0,0.5,0.225496,0,0,0,0.8409678,-0.7189972,0.690546,0.07867154,0,0,1
461,0.1826415,0.03430928,-0.223882,-0.8907635,-0.3587201,-0.009289388,0.4955854,-0.8166556,0.4623503,-0.3454068,1,0.5,0,0.3064017,-0.4510059,0.2254377,-1.681291,-0.5783277,0.008151683,0.1977559,-0.9878672,-0.03583762,0.1511098,1,1,1,0.3964218,-0.417653,-0.2152497,-2.107879,-0.9773407,-0.1150169,0.1867216,-0.8726535,0.01215482,-0.4881886,1,1,0,0.1297095,0.01676124,0.2237469,-0.8493874,-0.246995,-0.001642854,0.4781239,-0.8853503,0.4526637,0.1060672,1,0.5,1,0,0.5,-0.225496,0,0,0,0.9029418,-0.7097171,0.6600416,-0.2462654,0,0,0,0,0.5,0.225496,0,0,0,0.8638209,-0.7300752,0.6789747,0.07735326,0,0,1
462,0.136694,0.01884133,-0.2247292,-1.218448,-0.3860236,-0.02203957,0.5542258,-0.8455899,0.4219602,-0.3269975,1,0.5,0,0.2351694,-0.4716036,0.2254,-1.81281,-0.4929604,-0.001326949,0.3012403,-0.9896747,-0.05691626,0.1315461,1,1,1,0.3040711,-0.4522537,-0.2199201,-2.370011,-0.8246946,-0.1096003,0.3003161,-0.9047245,-0.03280417,-0.4247324,1,1,0,0.1004428,0.009864451,0.2247418,-0.7020126,-0.1591586,0.02738611,0.5303226,-0.9003917,0.4230369,0.1016592,1,0.5,1,0,0.5,-0.225496,0,0,0,0.9261516,-0.7209167,0.6492998,-0.2422576,0,0,0,0,0.5,0.225496,0,0,0,0.8876852,-0.7409005,0.6672983,0.076023,0,0,1
463,0.08344539,0.006761654,-0.2253406,-1.351665,-0.2705573,-0.007301572,0.6229115,-0.8699951,0.3853925,-0.3075404,1,0.5,0,0.159353,-0.487187,0.2254469,-1.916781,-0.3487708,0.001833589,0.4092302,-0.9909699,-0.06729542,0.1159738,1,1,1,0.2028189,-0.4786862,-0.2233609,-2.580681,-0.6047668,-0.07875416,0.4252412,-0.9268436,-0.05694319,-0.3711042,1,1,0,0.07220814,0.005092073,0.2254715,-0.7218748,-0.1154796,0.01259819,0.5832516,-0.9122208,0.3979612,0.09736569,1,0.5,1,0,0.5,-0.225496,0,0,0,0.9495634,-0.7315119,0.638813,-0.2383449,0,0,0,0,0.5,0.225496,0,0,0,0.9117351,-0.7511132,0.6559305,0.0747279,0,0,1
464,0.02894057,0.0007377507,-0.225407,-1.362097,-0.1071627,0.007782135,0.697371,-0.8886881,0.3563956,-0.2884711,1,0.5,0,0.08112927,-0.4967275,0.2251442,-1.967253,-0.2004043,0.001952798,0.5198042,-0.9922499,-0.069354,0.1031023,1,1,1,0.09474884,-0.4949725,-0.2256915,-2.736403,-0.3291727,-0.03981815,0.5586902,-0.9429398,-0.06514893,-0.3265276,1,1,0,0.04094781,0.001697863,0.2253743,-0.7962569,-0.0756117,-0.002818556,0.6405727,-0.9224157,0.3749852,0.09238722,1,0.5,1,0,0.5,-0.225496,0,0,0,0.9736208,-0.7417309,0.6283842,-0.2344538,0,0,0,0,0.5,0.225496,0,0,0,0.936426,-0.7609372,0.6446555,0.07344339,0,0,1
465,-0.02410471,0.000515273,-0.2248997,-1.305823,0.03538635,0.008767102,0.7738168,-0.9025386,0.3348325,-0.2707608,1,0.5,0,0.001507893,-0.4999315,0.224917,-1.995564,-0.04350098,-0.01596734,0.6313602,-0.9935441,-0.06534741,0.09273529,1,1,1,-0.01687289,-0.4995317,-0.225693,-2.801734,-0.02999158,-3.501774E-05,0.6958566,-0.9553294,-0.06148877,-0.2890756,1,1,0,0.00772504,6.010881E-05,0.2250382,-0.8421799,-0.03088695,-0.01546667,0.7008849,-0.9308462,0.3547885,0.08746736,1,0.5,1,0,0.5,-0.225496,0,0,0,0.9979112,-0.7514225,0.6181942,-0.2306519,0,0,0,0,0.5,0.225496,0,0,0,0.9613349,-0.7702301,0.6336672,0.07219152,0,0,1
466,-0.07196062,0.005163224,-0.2244518,-1.154577,0.1392264,0.00983179,0.8480062,-0.9123598,0.3198525,-0.2555269,1,0.5,0,-0.07793673,-0.4967258,0.2243055,-1.978193,0.1186192,-0.007222596,0.7422519,-0.9948409,-0.05693357,0.08396489,1,1,1,-0.1283146,-0.4917343,-0.223903,-2.771563,0.2699645,0.06747621,0.8330244,-0.9648892,-0.04931213,-0.257987,1,1,0,-0.028754,0.0007520152,0.2244692,-0.94169,0.0330397,-0.008405749,0.7653828,-0.9377875,0.3372513,0.08255935,1,0.5,1,0,0.5,-0.225496,0,0,0,1.022363,-0.7605978,0.6082648,-0.2269471,0,0,0,0,0.5,0.225496,0,0,0,0.9863889,-0.7790062,0.6229863,0.07097469,0,0,1
467,-0.1112742,0.01242216,-0.2244514,-0.9249158,0.1939579,-0.0006541612,0.915146,-0.9191161,0.309807,-0.2434035,1,0.5,0,-0.1556809,-0.4877849,0.2232718,-1.929253,0.2663986,-0.02544151,0.850463,-0.9960216,-0.04575088,0.07647138,1,1,1,-0.2356672,-0.4719562,-0.2202799,-2.645931,0.5671936,0.1002588,0.96586,-0.9721778,-0.03135103,-0.2321367,1,1,0,-0.07002607,0.004764852,0.2245966,-1.056981,0.1221173,0.007395449,0.8351691,-0.9432778,0.3226295,0.07833958,1,0.5,1,0,0.5,-0.225496,0,0,0,1.04646,-0.7691175,0.598787,-0.2234109,0,0,0,0,0.5,0.225496,0,0,0,1.011059,-0.7871361,0.6128151,0.06981592,0,0,1
468,-0.1283191,0.01632106,-0.2247347,0,0,0,0.9472369,-0.9218727,0.3056314,-0.238202,1,0.5,0,-0.1942588,-0.4810804,0.2224644,0,0,0,0.9049324,-0.9965661,-0.03920498,0.07293191,1,1,1,-0.2861903,-0.4580713,-0.2184957,0,0,0,1.030291,-0.9750039,-0.02095767,-0.221197,1,1,0,-0.09076397,0.008142352,0.2246569,0,0,0,0.8713636,-0.9454918,0.3165771,0.07631592,1,0.5,1,0,0.5,-0.225496,0,0,0,1.059139,-0.7734069,0.5939174,-0.2215941,0,0,0,0,0.5,0.225496,0,0,0,1.024033,-0.7912223,0.6075982,0.06922158,0,0,1
469,-0.1802621,0.0329828,-0.2245409,-0.8914273,0.3311797,0.01081303,1.043815,-0.9283335,0.2973042,-0.2231749,1,0.5,0,-0.3148766,-0.4488986,0.2239105,-2.053698,0.6563994,0.07338005,1.071396,-0.9977049,-0.01457214,0.0661262,1,1,1,-0.413035,-0.4093587,-0.214609,-1.88011,0.8332494,0.04917981,1.199301,-0.9803727,0.009793056,-0.1969098,1,1,0,-0.1398757,0.01945903,0.2245479,-0.6870064,0.1820034,-0.003872068,0.9660234,-0.9500455,0.3038553,0.07131393,1,0.5,1,0,0.5,-0.225496,0,0,0,1.095818,-0.7851229,0.5802667,-0.2165009,0,0,0,0,0.5,0.225496,0,0,0,1.061537,-0.8023591,0.5930055,0.06755909,0,0,1
470,-0.2117141,0.04669934,-0.2241844,-0.7311816,0.3273019,0.00695363,1.105749,-0.9313415,0.2943793,-0.2143451,1,0.5,0,-0.3943188,-0.4167923,0.2279745,-1.945642,0.8402992,0.1204312,1.181601,-0.9979214,0.005475553,0.06420935,1,1,1,-0.4775376,-0.3767796,-0.2134794,-1.534545,0.8060592,0.03428535,1.293292,-0.982174,0.02744698,-0.1859594,1,1,0,-0.1658765,0.02805258,0.2241656,-0.6684917,0.2315247,-0.004289301,1.022675,-0.9520506,0.2981941,0.06840961,1,0.5,1,0,0.5,-0.225496,0,0,0,1.12017,-0.7923777,0.5715448,-0.2132467,0,0,0,0,0.5,0.225496,0,0,0,1.086416,-0.8092375,0.5837058,0.0664996,0,0,1
471,-0.2328263,0.05725678,-0.2244576,-0.4634963,0.2430699,-0.01569242,1.148433,-0.9329479,0.2931613,-0.2089607,1,0.5,0,-0.4658467,-0.3808713,0.2300759,-1.734514,0.9066898,0.02693237,1.274914,-0.9977512,0.02542586,0.06201759,1,1,1,-0.5303442,-0.3444082,-0.2147767,-1.251069,0.8054543,-0.05690383,1.367485,-0.98283,0.04369072,-0.1792661,1,1,0,-0.1944703,0.03908365,0.2245532,-0.722828,0.2898536,0.01210198,1.073491,-0.9530061,0.2955745,0.06644665,1,0.5,1,0,0.5,-0.225496,0,0,0,1.137091,-0.797192,0.5656375,-0.2110427,0,0,0,0,0.5,0.225496,0,0,0,1.103692,-0.8137945,0.5774176,0.0657832,0,0,1
472,-0.2458525,0.06442621,-0.2251876,-0.2898918,0.1592849,-0.01938865,1.194388,-0.9352647,0.2894416,-0.2037241,1,0.5,0,-0.5275711,-0.3441615,0.2295875,-1.479687,0.9141002,-0.03203974,1.371424,-0.9973257,0.04373061,0.05855835,1,1,1,-0.5724764,-0.314174,-0.2181564,-0.9880547,0.7370564,-0.1035065,1.444227,-0.9830771,0.05751694,-0.1739285,1,1,0,-0.2228001,0.0521084,0.2251333,-0.6906885,0.3306157,0.01220108,1.136578,-0.9542159,0.2921391,0.06423974,1,0.5,1,0,0.5,-0.225496,0,0,0,1.164139,-0.8045292,0.5564439,-0.2076125,0,0,0,0,0.5,0.225496,0,0,0,1.131294,-0.8207278,0.5676475,0.06467012,0,0,1
473,-0.2541024,0.06909301,-0.2254618,-0.1828239,0.1058761,-0.007509443,1.233882,-0.9374271,0.2855401,-0.1992418,1,0.5,0,-0.5787718,-0.3090484,0.2268462,-1.211325,0.8633766,-0.08441436,1.456481,-0.9967167,0.05977647,0.05461143,1,1,1,-0.60414,-0.2878073,-0.2229367,-0.727627,0.6293508,-0.128802,1.509729,-0.9829316,0.06876189,-0.1706383,1,1,0,-0.2474312,0.06536951,0.2255299,-0.5860182,0.325289,0.00408292,1.194941,-0.9550285,0.2899036,0.06226169,1,0.5,1,0,0.5,-0.225496,0,0,0,1.190346,-0.8112459,0.5478169,-0.2043937,0,0,0,0,0.5,0.225496,0,0,0,1.15802,-0.8270624,0.5584975,0.0636277,0,0,1
474,-0.2584746,0.07194021,-0.2253767,-0.08761737,0.05157145,0.00829697,1.268885,-0.9394866,0.2814995,-0.1952511,1,0.5,0,-0.6194232,-0.277608,0.2227267,-0.94865,0.7596764,-0.1075447,1.530828,-0.9960433,0.07306972,0.05058365,1,1,1,-0.6259655,-0.2672609,-0.2281877,-0.486985,0.4717829,-0.1290992,1.565099,-0.9826817,0.07686754,-0.1686058,1,1,0,-0.2671952,0.07720697,0.2255859,-0.4631998,0.2880522,0.004634263,1.247899,-0.9557557,0.2878925,0.06040732,1,0.5,1,0,0.5,-0.225496,0,0,0,1.216476,-0.8175876,0.5394775,-0.2012822,0,0,0,0,0.5,0.225496,0,0,0,1.184651,-0.8330324,0.5496686,0.06262185,0,0,1
475,-0.259573,0.07247116,-0.2250464,-0.004617872,0.002834575,0.01626164,1.30038,-0.941601,0.27687,-0.191652,1,0.5,0,-0.6497561,-0.251546,0.2175933,-0.7002953,0.6088527,-0.1274743,1.594981,-0.9954373,0.08327233,0.04658434,1,1,1,-0.6383387,-0.2537157,-0.233305,-0.2500386,0.2931551,-0.1225606,1.610925,-0.9825102,0.08161556,-0.1673698,1,1,0,-0.2816489,0.08676172,0.2251478,-0.3277482,0.2185953,-0.004097821,1.295314,-0.9565542,0.2856112,0.05856794,1,0.5,1,0,0.5,-0.225496,0,0,0,1.242981,-0.8236846,0.5312738,-0.1982214,0,0,0,0,0.5,0.225496,0,0,0,1.211649,-0.838762,0.5409986,0.06163412,0,0,1
476,-0.2578208,0.07155158,-0.2248008,0.05569013,-0.03517383,0.008156898,1.328822,-0.9436294,0.2720612,-0.188537,1,0.5,0,-0.6700929,-0.2320911,0.2125125,-0.447339,0.4418099,-0.1205855,1.648771,-0.9949888,0.0902418,0.0430537,1,1,1,-0.6419275,-0.2481811,-0.2373609,-0.0367731,0.08635525,-0.08970205,1.647264,-0.9825704,0.08281188,-0.1664262,1,1,0,-0.2899708,0.0925464,0.2245982,-0.1658008,0.1159855,-0.01447946,1.33575,-0.9575821,0.2824712,0.05697849,1,0.5,1,0,0.5,-0.225496,0,0,0,1.269634,-0.8294994,0.5232722,-0.1952359,0,0,0,0,0.5,0.225496,0,0,0,1.238783,-0.8442171,0.5325565,0.06067233,0,0,1
477,-0.2543667,0.06950588,-0.2243818,0.09468798,-0.05257728,0.009861592,1.355495,-0.9456415,0.2670478,-0.1856011,1,0.5,0,-0.6804732,-0.219758,0.209161,-0.1962156,0.2639168,-0.06938952,1.692284,-0.9947339,0.0940763,0.04067038,1,1,1,-0.6375895,-0.25141,-0.2386287,0.1619667,-0.1321152,-0.009331856,1.674747,-0.9830366,0.08028061,-0.1649059,1,1,0,-0.2908458,0.09311755,0.2245097,0.02476872,-0.02381542,0.0004440548,1.367749,-0.9589681,0.2779375,0.05595491,1,0.5,1,0,0.5,-0.225496,0,0,0,1.296564,-0.8350753,0.5154284,-0.1923093,0,0,0,0,0.5,0.225496,0,0,0,1.266183,-0.8494396,0.5242943,0.05973105,0,0,1
478,-0.2500015,0.06690965,-0.224667,0.1208604,-0.06556625,-0.001231581,1.381481,-0.9475275,0.2619796,-0.1831892,1,0.5,0,-0.6810823,-0.2150712,0.2083143,0.04746916,0.06773549,-0.002827497,1.725614,-0.9947077,0.09477331,0.03968088,1,1,1,-0.6252783,-0.2632429,-0.2365691,0.3607513,-0.3436731,0.07613379,1.693338,-0.9839029,0.07420521,-0.1625692,1,1,0,-0.2836285,0.08798551,0.2246626,0.2261699,-0.1587526,0.01482964,1.390602,-0.9607422,0.2718633,0.05535939,1,0.5,1,0,0.5,-0.225496,0,0,0,1.323781,-0.8404263,0.5077365,-0.1894394,0,0,0,0,0.5,0.225496,0,0,0,1.293861,-0.8544436,0.516205,0.05880946,0,0,1
479,-0.2431462,0.06265284,-0.2248641,0.1963393,-0.1126573,0.003364684,1.40443,-0.9494056,0.2565875,-0.1810853,1,0.5,0,-0.6711906,-0.2199087,0.209485,0.3178777,-0.1923025,0.03735723,1.74738,-0.9949901,0.09170291,0.03981748,1,1,1,-0.6054657,-0.2817522,-0.2323874,0.5491855,-0.4818471,0.1108699,1.703543,-0.9849573,0.06546177,-0.1599186,1,1,0,-0.2707219,0.0791181,0.2250202,0.3488661,-0.2304667,0.01248569,1.406775,-0.9626997,0.264907,0.05507742,1,0.5,1,0,0.5,-0.225496,0,0,0,1.350905,-0.8454944,0.5002958,-0.1866633,0,0,0,0,0.5,0.225496,0,0,0,1.321431,-0.859176,0.5083915,0.0579193,0,0,1
480,-0.231059,0.05603136,-0.2251191,0.343603,-0.1770259,-0.002525748,1.422549,-0.951269,0.2507251,-0.1795112,1,0.5,0,-0.6489682,-0.2388254,0.2105336,0.6374093,-0.5741688,0.01925007,1.756371,-0.9957453,0.08295384,0.04012354,1,1,1,-0.5798987,-0.302259,-0.2306345,0.6703528,-0.5096765,0.01756773,1.709217,-0.9857345,0.05601127,-0.1587144,1,1,0,-0.2555753,0.06968127,0.2250687,0.3823252,-0.235241,0.002190472,1.421392,-0.9646014,0.2579803,0.05468361,1,0.5,1,0,0.5,-0.225496,0,0,0,1.37878,-0.8504466,0.4928729,-0.1838938,0,0,0,0,0.5,0.225496,0,0,0,1.349751,-0.8637934,0.500608,0.05703255,0,0,1
481,-0.2129055,0.04719251,-0.2249601,0.4844712,-0.2288136,-0.0006556513,1.433537,-0.9530362,0.244729,-0.1784089,1,0.5,0,-0.6129025,-0.2720832,0.2110076,0.9836559,-0.909007,0.008226189,1.749845,-0.9968368,0.06841219,0.04045063,1,1,1,-0.54916,-0.3226952,-0.2326314,0.8020166,-0.5213248,-0.06775784,1.70975,-0.9860775,0.04674955,-0.1595797,1,1,0,-0.2401435,0.06098141,0.2250546,0.3927813,-0.2189298,-0.002602489,1.435193,-0.966296,0.2516449,0.0542864,1,0.5,1,0,0.5,-0.225496,0,0,0,1.406089,-0.8550627,0.4858116,-0.1812592,0,0,0,0,0.5,0.225496,0,0,0,1.377481,-0.8680913,0.493214,0.05619017,0,0,1
482,-0.1911672,0.03791412,-0.2249462,0.5511442,-0.2283798,-0.002975763,1.44415,-0.9547668,0.2386205,-0.1774278,1,0.5,0,-0.5636061,-0.3134387,0.2121419,1.310498,-1.064972,0.03324376,1.733391,-0.9978766,0.05039926,0.04125652,1,1,1,-0.5114021,-0.3460707,-0.2347105,0.9959136,-0.6105068,-0.04996585,1.706608,-0.9863304,0.03622269,-0.1607492,1,1,0,-0.2228318,0.05226242,0.2248012,0.4510971,-0.2290419,-0.008223954,1.45033,-0.9679768,0.2452213,0.05373513,1,0.5,1,0,0.5,-0.225496,0,0,0,1.436288,-0.8599149,0.4782347,-0.1784322,0,0,0,0,0.5,0.225496,0,0,0,1.408133,-0.8726029,0.4852911,0.05528754,0,0,1
483,-0.1691068,0.02958217,-0.2248895,0.5523363,-0.1980965,0.0005416574,1.452759,-0.9562306,0.2333018,-0.1766165,1,0.5,0,-0.5019265,-0.3574228,0.2142689,1.621459,-1.099335,0.06516802,1.703194,-0.9985993,0.03112628,0.04278739,1,1,1,-0.4648275,-0.3735673,-0.2348789,1.22019,-0.7124993,0.01228601,1.692554,-0.9865245,0.023914,-0.1618564,1,1,0,-0.2017707,0.04223834,0.2248426,0.5511174,-0.2550501,0.00695959,1.459606,-0.9695581,0.2389452,0.05350189,1,0.5,1,0,0.5,-0.225496,0,0,0,1.464857,-0.8642772,0.4712812,-0.1758378,0,0,0,0,0.5,0.225496,0,0,0,1.437117,-0.8766536,0.4780299,0.0544603,0,0,1
484,-0.1476031,0.02230263,-0.2249571,0.5285898,-0.1704929,0.001896919,1.462422,-0.9575565,0.2284435,-0.1757813,1,0.5,0,-0.4279339,-0.4000575,0.2181794,1.921383,-1.054414,0.1001314,1.661847,-0.9988962,0.01200016,0.04541459,1,1,1,-0.4091309,-0.4038222,-0.2323857,1.449894,-0.7662746,0.06834495,1.669582,-0.9866686,0.01022215,-0.162421,1,1,0,-0.1765724,0.032028,0.2250146,0.654653,-0.2671161,0.009974841,1.465111,-0.9709882,0.2330799,0.05343953,1,0.5,1,0,0.5,-0.225496,0,0,0,1.493748,-0.8684786,0.4644519,-0.1732897,0,0,0,0,0.5,0.225496,0,0,0,1.466416,-0.8805498,0.4709075,0.05364887,0,0,1
485,-0.1272428,0.01627162,-0.2252122,0.509228,-0.1393749,0.0005669894,1.473159,-0.9587234,0.2241439,-0.174954,1,0.5,0,-0.342509,-0.438407,0.2222812,2.199725,-0.926796,0.1083561,1.609498,-0.9988065,-0.005881496,0.04848605,1,1,1,-0.3443114,-0.4341784,-0.228726,1.676736,-0.7488254,0.1040772,1.637438,-0.9865936,-0.003826255,-0.1631514,1,1,0,-0.1475023,0.02202376,0.2252948,0.7453012,-0.2505555,0.01337007,1.466585,-0.9722305,0.2278182,0.05354196,1,0.5,1,0,0.5,-0.225496,0,0,0,1.522425,-0.8724533,0.4578662,-0.1708325,0,0,0,0,0.5,0.225496,0,0,0,1.495486,-0.8842313,0.4640473,0.05286732,0,0,1
486,-0.1075347,0.0113714,-0.2254562,0.4913578,-0.1243303,-0.00810698,1.485264,-0.9597836,0.2203089,-0.1740102,1,0.5,0,-0.2473878,-0.4687916,0.2246358,2.429535,-0.6958398,0.05310106,1.548399,-0.998476,-0.02089029,0.05108176,1,1,1,-0.2706115,-0.4612217,-0.2256312,1.895074,-0.6465184,0.07881004,1.597474,-0.9861867,-0.01679245,-0.1647845,1,1,0,-0.1148724,0.01324695,0.2254862,0.8398946,-0.2068352,-0.002954901,1.465381,-0.9732269,0.2234921,0.05367217,1,0.5,1,0,0.5,-0.225496,0,0,0,1.551645,-0.8763157,0.4513451,-0.1683995,0,0,0,0,0.5,0.225496,0,0,0,1.525095,-0.8878047,0.4572625,0.05209434,0,0,1
487,-0.0873189,0.007537312,-0.2254694,1.010793,-0.1917046,-0.0006578865,1.481627,-0.9600744,0.2187784,-0.1743362,1,0.5,0,-0.1463864,-0.4892349,0.2246709,5.050075,-1.022162,0.001753867,1.465385,-0.9980624,-0.03217429,0.05325719,1,1,1,-0.1891926,-0.4820662,-0.2242597,4.070945,-1.042223,0.06857368,1.534505,-0.9851945,-0.02755765,-0.1692106,1,1,0,-0.0778363,0.005985317,0.2254813,1.851803,-0.3630816,-0.0002488495,1.444554,-0.973502,0.2221514,0.05424446,1,0.5,1,0,0.5,-0.225496,0,0,0,1.566824,-0.8782513,0.4480304,-0.1671628,0,0,0,0,0.5,0.225496,0,0,0,1.540471,-0.8895939,0.4538167,0.05170178,0,0,1
488,-0.06552202,0.004034276,-0.2250491,0.5562084,-0.08636316,0.01420081,1.491786,-0.960924,0.2159038,-0.173236,1,0.5,0,-0.04284898,-0.498598,0.221845,2.596324,-0.1632408,-0.05930143,1.395413,-0.9978206,-0.03830196,0.05373237,1,1,1,-0.1021203,-0.4946855,-0.2252484,2.203754,-0.2697499,-0.0172183,1.482063,-0.9841028,-0.03465356,-0.1741864,1,1,0,-0.03696417,0.001255258,0.2251374,1.03785,-0.1014071,-0.006240609,1.436059,-0.9738326,0.220683,0.05430485,1,0.5,1,0,0.5,-0.225496,0,0,0,1.596079,-0.8818527,0.4417772,-0.1648296,0,0,0,0,0.5,0.225496,0,0,0,1.570099,-0.8929201,0.4473215,0.0509618,0,0,1
489,-0.03806591,0.001169599,-0.2244875,0.7347678,-0.06990382,0.01583472,1.496805,-0.9614949,0.2139266,-0.1725194,1,0.5,0,0.06037372,-0.4971892,0.216891,2.569953,0.1028017,-0.1222335,1.325442,-0.9978285,-0.03899835,0.05307813,1,1,1,-0.012971,-0.4980856,-0.2280972,2.229954,-0.03245474,-0.06588327,1.42788,-0.9828531,-0.03739115,-0.1805596,1,1,0,0.004639895,-0.0003903744,0.2245054,1.033432,-0.02534011,-0.008697812,1.42769,-0.9738141,0.2207874,0.05421277,1,0.5,1,0,0.5,-0.225496,0,0,0,1.625608,-0.8853239,0.4356401,-0.1625399,0,0,0,0,0.5,0.225496,0,0,0,1.599993,-0.8961228,0.4409539,0.05023636,0,0,1
490,-0.001612115,-0.0002743098,-0.2243656,0.9739748,-0.02830729,0.005510452,1.494141,-0.961562,0.2134883,-0.1726887,1,0.5,0,0.1601871,-0.4846609,0.213452,2.462545,0.3696264,-0.08033666,1.259155,-0.998031,-0.03334609,0.05312323,1,1,1,0.07530577,-0.4944239,-0.2292961,2.197063,0.1281694,-0.01830683,1.374672,-0.9818102,-0.03649913,-0.1863238,1,1,0,0.04339633,0.001461181,0.2243293,0.9413802,0.05778126,0.0004902484,1.423485,-0.9734839,0.2222326,0.05423971,1,0.5,1,0,0.5,-0.225496,0,0,0,1.65579,-0.8887126,0.4295408,-0.1602642,0,0,0,0,0.5,0.225496,0,0,0,1.630538,-0.8992459,0.4346319,0.04951612,0,0,1
491,0.04193199,0.001391761,-0.2247927,1.110795,0.06417044,-0.006352367,1.484404,-0.9609495,0.2153754,-0.1737512,1,0.5,0,0.2525324,-0.4631955,0.2131519,2.248933,0.5752968,0.01685769,1.199275,-0.9982563,-0.02188907,0.05481862,1,1,1,0.1617294,-0.4840587,-0.2281695,2.151086,0.2977805,0.04320594,1.32164,-0.9810472,-0.03187166,-0.1911297,1,1,0,0.07973575,0.005900609,0.2246691,0.9074548,0.123224,0.008792434,1.421213,-0.9728793,0.2248062,0.05448076,1,0.5,1,0,0.5,-0.225496,0,0,0,1.68514,-0.8918623,0.4237715,-0.1581116,0,0,0,0,0.5,0.225496,0,0,0,1.660231,-0.902146,0.4286578,0.04883551,0,0,1
492,0.0865698,0.007085131,-0.225095,1.112941,0.1715439,-0.01370013,1.473762,-0.9598359,0.2194212,-0.1748413,1,0.5,0,0.3328777,-0.4375732,0.2143951,1.921878,0.6541404,0.02383889,1.150921,-0.9983394,-0.007010146,0.05717722,1,1,1,0.2468438,-0.46663,-0.2274268,2.118462,0.4828976,-0.003057719,1.269139,-0.9802585,-0.022966,-0.1963819,1,1,0,0.1177352,0.01362533,0.2248335,0.9652373,0.2186925,-0.001619012,1.417349,-0.9718217,0.2292881,0.05467625,1,0.5,1,0,0.5,-0.225496,0,0,0,1.713917,-0.8948197,0.4182631,-0.1560564,0,0,0,0,0.5,0.225496,0,0,0,1.689336,-0.9048666,0.4229593,0.04818629,0,0,1
493,0.1287376,0.01651843,-0.2250981,1.043339,0.2581109,-0.005204232,1.46627,-0.9584085,0.2250548,-0.1755091,1,0.5,0,0.4001868,-0.4118788,0.2164882,1.602577,0.6458493,0.0451103,1.115985,-0.9981776,0.008738448,0.05970858,1,1,1,0.329032,-0.4416211,-0.2278132,2.024621,0.6631913,-0.02141372,1.219806,-0.9792939,-0.009083075,-0.2022398,1,1,0,0.1575712,0.02523573,0.2249565,0.9930845,0.3166735,0.0006727877,1.412613,-0.9702203,0.2359263,0.05487596,1,0.5,1,0,0.5,-0.225496,0,0,0,1.74275,-0.8976601,0.412886,-0.1540502,0,0,0,0,0.5,0.225496,0,0,0,1.718488,-0.9074772,0.4174014,0.04755311,0,0,1
494,0.1688835,0.02909701,-0.2251395,0.9906713,0.3324014,-0.006213787,1.399127,-0.9537019,0.2396349,-0.1817358,1,0.5,0,0.4564547,-0.3867573,0.2189599,1.342552,0.6250086,0.0619665,1.027344,-0.997568,0.02569339,0.06479215,1,1,1,0.4045985,-0.4117922,-0.2282663,1.839962,0.76388,-0.003837796,1.113582,-0.9763903,0.008805136,-0.2158342,1,1,0,0.1950621,0.0393531,0.2250745,0.9093318,0.3669967,0.002186001,1.347674,-0.9660916,0.2518589,0.05686851,1,0.5,1,0,0.5,-0.225496,0,0,0,1.713047,-0.8947321,0.4184276,-0.1561178,0,0,0,0,0.5,0.225496,0,0,0,1.688456,-0.904786,0.4231293,0.04820567,0,0,1
495,0.2064933,0.04447853,-0.2251803,0.9199303,0.3950162,-0.0004671516,1.336956,-0.9482054,0.2561185,-0.1879089,1,0.5,0,0.5031607,-0.3624559,0.221768,1.110961,0.5983787,0.07057416,0.950116,-0.9965715,0.04382,0.07017923,1,1,1,0.4709876,-0.3798233,-0.2277052,1.598736,0.8055571,0.02676846,1.018387,-0.972952,0.03041171,-0.2289965,1,1,0,0.2269303,0.05444795,0.2253166,0.756013,0.379052,0.009941313,1.290266,-0.9615189,0.2683668,0.05882735,1,0.5,1,0,0.5,-0.225496,0,0,0,1.684659,-0.8918118,0.4238647,-0.1581464,0,0,0,0,0.5,0.225496,0,0,0,1.659745,-0.9020997,0.4287544,0.04884651,0,0,1
496,0.2400611,0.06135066,-0.2253514,0.8065324,0.422664,-0.001656265,1.278573,-0.9419204,0.2740122,-0.1941733,1,0.5,0,0.5408545,-0.3401707,0.2238215,0.8872602,0.5402076,0.05281793,0.8810657,-0.9952319,0.06214716,0.07517494,1,1,1,0.5273994,-0.3478534,-0.2268835,1.348889,0.7921058,0.02787561,0.9327598,-0.9687148,0.05454269,-0.2421086,1,1,0,0.2523043,0.06823861,0.225475,0.5920971,0.3360444,0.006593022,1.238122,-0.9567975,0.2843521,0.06068331,1,0.5,1,0,0.5,-0.225496,0,0,0,1.655308,-0.8886597,0.429637,-0.1603001,0,0,0,0,0.5,0.225496,0,0,0,1.63005,-0.8991972,0.4347315,0.04952747,0,0,1
497,0.267744,0.07765984,-0.2254707,0.6483647,0.4033299,-0.001846255,1.225982,-0.9352983,0.2918106,-0.2001589,1,0.5,0,0.569732,-0.3211569,0.2251364,0.6694498,0.4483731,0.02843962,0.820693,-0.9936603,0.0793849,0.07960698,1,1,1,0.5739001,-0.3175753,-0.225789,1.095099,0.7501173,0.03122391,0.8574195,-0.9637051,0.07987562,-0.25474,1,1,0,0.2709863,0.07977809,0.2254848,0.4272969,0.2680765,0.006715956,1.191884,-0.9522318,0.2989437,0.06234756,1,0.5,1,0,0.5,-0.225496,0,0,0,1.625786,-0.8853443,0.4356037,-0.1625263,0,0,0,0,0.5,0.225496,0,0,0,1.600173,-0.8961416,0.4409161,0.05023206,0,0,1
498,0.2886348,0.09151562,-0.2253915,0.4800038,0.3258013,-0.0003494324,1.179572,-0.9288548,0.3081235,-0.2056426,1,0.5,0,0.5902474,-0.3068225,0.2255978,0.4575225,0.3315435,0.002501161,0.7684995,-0.9920903,0.09395152,0.08324625,1,1,1,0.611031,-0.2907687,-0.224598,0.8701984,0.6447109,0.02554731,0.7918564,-0.958065,0.1046798,-0.2667464,1,1,0,0.2830504,0.08769201,0.2254873,0.2567829,0.1758755,-0.005474689,1.151153,-0.9482238,0.311111,0.06388703,1,0.5,1,0,0.5,-0.225496,0,0,0,1.596327,-0.8818824,0.4417251,-0.1648102,0,0,0,0,0.5,0.225496,0,0,0,1.570349,-0.8929475,0.4472675,0.05095565,0,0,1
499,0.3025102,0.1017032,-0.2252413,0.3063024,0.225962,0.006753954,1.139047,-0.9230256,0.3219573,-0.2106354,1,0.5,0,0.6026512,-0.2976356,0.2259328,0.2589465,0.2005429,0.002664329,0.7241081,-0.9907142,0.1048636,0.08653877,1,1,1,0.6386585,-0.2685427,-0.2226499,0.633231,0.5200433,0.05052241,0.7356799,-0.9522968,0.1274256,-0.2772967,1,1,0,0.288304,0.09120702,0.2253451,0.08656237,0.05666616,-0.002691151,1.115735,-0.9451354,0.3201063,0.06519949,1,0.5,1,0,0.5,-0.225496,0,0,0,1.567001,-0.8782736,0.447992,-0.1671484,0,0,0,0,0.5,0.225496,0,0,0,1.540651,-0.8896146,0.4537768,0.05169724,0,0,1
500,0.3096486,0.107112,-0.2250802,0.1330704,0.1055036,0.01008511,1.103636,-0.9182478,0.3324395,-0.2151861,1,0.5,0,0.6072859,-0.2936412,0.2260155,0.07208589,0.06264152,0.008770082,0.6870736,-0.9897433,0.1115001,0.08930825,1,1,1,0.6568746,-0.25251,-0.2203659,0.3910305,0.3624351,0.06625804,0.6883893,-0.9469199,0.1459876,-0.2864094,1,1,0,0.2867303,0.09008813,0.2249664,-0.07514957,-0.05876983,-0.006770345,1.08548,-0.9432183,0.3255091,0.06620482,1,0.5,1,0,0.5,-0.225496,0,0,0,1.537897,-0.8745212,0.45439,-0.1695356,0,0,0,0,0.5,0.225496,0,0,0,1.511165,-0.8861451,0.4604296,0.05245516,0,0,1
501,0.3094133,0.106929,-0.2248253,-0.05453082,-0.04039297,0.008573387,1.074516,-0.9151362,0.3384716,-0.219004,1,0.5,0,0.6045842,-0.2948245,0.226842,-0.1096279,-0.06413164,0.02418906,0.658149,-0.989273,0.113263,0.09225237,1,1,1,0.6655133,-0.2440645,-0.217164,0.155145,0.1607933,0.08137602,0.6504623,-0.9429222,0.1581413,-0.2930682,1,1,0,0.2795691,0.08513157,0.2248032,-0.2112792,-0.1451973,-0.0005945566,1.06055,-0.94245,0.3275329,0.06715783,1,0.5,1,0,0.5,-0.225496,0,0,0,1.510082,-0.8707655,0.4606778,-0.1718816,0,0,0,0,0.5,0.225496,0,0,0,1.482975,-0.8826686,0.4669752,0.05320087,0,0,1
502,0.3015348,0.1009696,-0.2246503,-0.2487362,-0.1780425,0.002789499,1.050045,-0.9137731,0.3399704,-0.2223485,1,0.5,0,0.5950333,-0.3007163,0.22804,-0.2772779,-0.1761884,0.02646373,0.6350124,-0.9893206,0.1103809,0.09518836,1,1,1,0.6636868,-0.2437976,-0.2140441,-0.1126796,-0.04791768,0.0698157,0.6208035,-0.9406089,0.1625641,-0.2980399,1,1,0,0.267612,0.07726159,0.2245645,-0.3279523,-0.2155681,0.0001370907,1.038705,-0.9425541,0.3270683,0.0679562,1,0.5,1,0,0.5,-0.225496,0,0,0,1.481946,-0.866787,0.4672177,-0.1743216,0,0,0,0,0.5,0.225496,0,0,0,1.454449,-0.8789816,0.4737909,0.05397737,0,0,1
503,0.2862129,0.08954871,-0.224612,-0.4314618,-0.3118542,-0.001660735,1.030634,-0.9142552,0.3368203,-0.2251433,1,0.5,0,0.5790778,-0.3104605,0.2297663,-0.4350902,-0.2665983,0.04544558,0.6179429,-0.989787,0.1033501,0.09818597,1,1,1,0.6506588,-0.252601,-0.211738,-0.3971578,-0.2808751,0.05263986,0.6005577,-0.9403818,0.1575556,-0.3014272,1,1,0,0.2516409,0.06753529,0.2245951,-0.4215496,-0.255653,0.002472849,1.02012,-0.9433217,0.3246686,0.06880714,1,0.5,1,0,0.5,-0.225496,0,0,0,1.453996,-0.862644,0.4739006,-0.1768151,0,0,0,0,0.5,0.225496,0,0,0,1.426101,-0.8751377,0.4807641,0.0547718,0,0,1
504,0.2642097,0.07504772,-0.224739,-0.5861687,-0.3781883,-0.007279965,1.01659,-0.9160676,0.3303778,-0.2273119,1,0.5,0,0.5568597,-0.3233231,0.2311442,-0.5916419,-0.3433527,0.03584699,0.6070387,-0.9906149,0.09274912,0.1003978,1,1,1,0.6254872,-0.2702403,-0.2114109,-0.7081184,-0.4954191,0.003404172,0.5912941,-0.9420207,0.1427293,-0.3036862,1,1,0,0.2314146,0.05639599,0.2247711,-0.5318704,-0.2822696,0.006467106,1.005335,-0.9447026,0.3204575,0.06959985,1,0.5,1,0,0.5,-0.225496,0,0,0,1.426379,-0.8583508,0.4806947,-0.17935,0,0,0,0,0.5,0.225496,0,0,0,1.398077,-0.8711494,0.4878622,0.05558046,0,0,1
505,0.251039,0.06724608,-0.2248585,0,0,0,1.010782,-0.917226,0.3264839,-0.2282649,1,0.5,0,0.5431861,-0.3308409,0.2317583,0,0,0,0.6033885,-0.9911122,0.08624259,0.1012865,1,1,1,0.608421,-0.2822416,-0.2118705,0,0,0,0.5900924,-0.9433574,0.1318772,-0.3044425,1,1,0,0.2198707,0.05055555,0.2247264,0,0,0,0.9985561,-0.9455082,0.3180098,0.06988487,1,0.5,1,0,0.5,-0.225496,0,0,0,1.412028,-0.8560374,0.4843024,-0.1806961,0,0,0,0,0.5,0.225496,0,0,0,1.383511,-0.8689982,0.491635,0.05601028,0,0,1
506,0.2050686,0.04382282,-0.2251303,-0.8127208,-0.3778493,-0.002685935,1.015383,-0.9230424,0.3100357,-0.2277512,1,0.5,0,0.490715,-0.3587064,0.2323671,-0.9747375,-0.5103605,-0.006520006,0.6207956,-0.9931484,0.06004088,0.1002565,1,1,1,0.539538,-0.3278594,-0.2148917,-1.289878,-0.8304361,-0.06711784,0.6200466,-0.9502224,0.08762191,-0.298998,1,1,0,0.1807629,0.03368923,0.2251109,-0.6845559,-0.2720016,0.005037339,0.999162,-0.9492427,0.3066308,0.07011312,1,0.5,1,0,0.5,-0.225496,0,0,0,1.38391,-0.8513311,0.4915308,-0.183393,0,0,0,0,0.5,0.225496,0,0,0,1.354961,-0.8646173,0.4992019,0.05687235,0,0,1
507,0.1709435,0.0300283,-0.2253382,-0.8646611,-0.3309451,-0.007358196,1.012644,-0.9257375,0.3014777,-0.2283011,1,0.5,0,0.4451221,-0.3817771,0.231283,-1.194549,-0.6000983,-0.03392623,0.6324812,-0.9943939,0.03904956,0.09826479,1,1,1,0.4792832,-0.3633848,-0.2180341,-1.576855,-0.9030331,-0.08097294,0.6448096,-0.9538453,0.05469485,-0.2952754,1,1,0,0.1524964,0.02367262,0.2252864,-0.7132861,-0.2360548,0.001688302,0.9920338,-0.9508886,0.3013823,0.07056567,1,0.5,1,0,0.5,-0.225496,0,0,0,1.356255,-0.8464646,0.4988538,-0.1861252,0,0,0,0,0.5,0.225496,0,0,0,1.326868,-0.8600811,0.5068785,0.05774692,0,0,1
508,0.1357906,0.01863882,-0.2253936,-0.8757327,-0.268984,-0.002329052,1.011468,-0.9280306,0.2941768,-0.2285153,1,0.5,0,0.3903058,-0.4075838,0.2292681,-1.429739,-0.6558495,-0.05689042,0.6535082,-0.9953753,0.01596538,0.09472679,1,1,1,0.4082451,-0.4005035,-0.2213079,-1.844627,-0.9275738,-0.08556623,0.6809195,-0.9570799,0.02159037,-0.2890188,1,1,0,0.1241513,0.01562484,0.225388,-0.7064129,-0.1905925,0.003194065,0.9854168,-0.9521423,0.297307,0.07094844,1,0.5,1,0,0.5,-0.225496,0,0,0,1.328596,-0.8413448,0.5063995,-0.1889406,0,0,0,0,0.5,0.225496,0,0,0,1.298756,-0.8553017,0.5148001,0.05864941,0,0,1
509,0.1013747,0.010371,-0.2254301,-0.847049,-0.1863285,-0.001738966,1.010952,-0.929691,0.2888054,-0.2286176,1,0.5,0,0.3265685,-0.4347153,0.226763,-1.649155,-0.6773236,-0.0741348,0.6843784,-0.9959017,-0.00735857,0.09014264,1,1,1,0.3264523,-0.4362229,-0.2242308,-2.108125,-0.8787501,-0.07769468,0.7288821,-0.9599298,-0.008318895,-0.2801171,1,1,0,0.09690751,0.009326517,0.2254694,-0.6753693,-0.1504578,-0.002091379,0.9786603,-0.953015,0.294406,0.07132768,1,0.5,1,0,0.5,-0.225496,0,0,0,1.301433,-0.8360529,0.5140353,-0.1917896,0,0,0,0,0.5,0.225496,0,0,0,1.271136,-0.8503544,0.5228284,0.05956404,0,0,1
510,0.06879829,0.004730077,-0.2254142,-0.8007388,-0.1162505,0.002307446,1.008318,-0.9305944,0.2855698,-0.2290062,1,0.5,0,0.25438,-0.4605677,0.2245914,-1.854355,-0.6307053,-0.05124139,0.7230215,-0.9959356,-0.02826414,0.08551884,1,1,1,0.2345697,-0.4671136,-0.2259332,-2.357772,-0.7266808,-0.03512652,0.7859471,-0.9626064,-0.03197149,-0.2690105,1,1,0,0.07191585,0.004937523,0.2254902,-0.6085383,-0.1053148,-0.00133589,0.9691075,-0.9533099,0.2933329,0.0718056,1,0.5,1,0,0.5,-0.225496,0,0,0,1.273385,-0.8302937,0.5221652,-0.1948229,0,0,0,0,0.5,0.225496,0,0,0,1.242601,-0.8449616,0.5313897,0.0605394,0,0,1
511,0.03851131,0.001205715,-0.2255875,-0.7480101,-0.06943558,-0.0004738571,1.004978,-0.9309633,0.2838617,-0.2296295,1,0.5,0,0.1747143,-0.4818253,0.2227696,-2.032259,-0.4974993,-0.03707634,0.770272,-0.9957526,-0.04394751,0.08090361,1,1,1,0.1344677,-0.4895858,-0.2262988,-2.545339,-0.4971909,0.00785068,0.8517812,-0.965484,-0.04703854,-0.2561796,1,1,0,0.04940103,0.002211692,0.2252834,-0.5452831,-0.06540211,-0.006292763,0.9584504,-0.9531965,0.2936073,0.0721885,1,0.5,1,0,0.5,-0.225496,0,0,0,1.246215,-0.8244066,0.5302899,-0.1978543,0,0,0,0,0.5,0.225496,0,0,0,1.214942,-0.8394398,0.5399598,0.06151576,0,0,1
512,0.009019023,3.314708E-05,-0.2253252,-0.7351108,-0.01579911,-0.001686812,1.000785,-0.9308445,0.2838734,-0.2300963,1,0.5,0,0.08918876,-0.495955,0.2221991,-2.170788,-0.3004642,-0.0227295,0.8226393,-0.9956064,-0.05289047,0.07726909,1,1,1,0.02969619,-0.4996283,-0.2248169,-2.632122,-0.1686276,0.03407823,0.9207668,-0.9687168,-0.05182296,-0.2426977,1,1,0,0.02941876,0.0005798392,0.2252068,-0.4888767,-0.03553236,-0.01036227,0.9450127,-0.9526548,0.2952084,0.07280684,1,0.5,1,0,0.5,-0.225496,0,0,0,1.218641,-0.8180981,0.5387978,-0.2010286,0,0,0,0,0.5,0.225496,0,0,0,1.186858,-0.8335125,0.5489497,0.06253995,0,0,1
513,-0.02156445,0.0002311672,-0.2249433,-0.769384,0.02240511,0.01694188,0.9984009,-0.9306387,0.2844574,-0.2302076,1,0.5,0,-0.0004581662,-0.4998593,0.2244118,-2.260389,-0.03630371,0.0758529,0.8793058,-0.9956919,-0.05354815,0.07569884,1,1,1,-0.07394993,-0.4969163,-0.2205827,-2.569897,0.1496927,0.1218871,0.9880915,-0.9722893,-0.04765585,-0.2288721,1,1,0,0.009908877,2.34718E-05,0.2249761,-0.488783,-0.01319358,-0.004154446,0.9318783,-0.9518941,0.2975277,0.07331359,1,0.5,1,0,0.5,-0.225496,0,0,0,1.19166,-0.811573,0.5473914,-0.2042349,0,0,0,0,0.5,0.225496,0,0,0,1.15936,-0.8273706,0.5580465,0.06357633,0,0,1
514,-0.05213599,0.002327046,-0.2246344,-0.7588075,0.06128327,0.01252518,0.99646,-0.9300732,0.2862269,-0.2302998,1,0.5,0,-0.09115746,-0.4937706,0.2277763,-2.256543,0.2271832,0.1013935,0.9364917,-0.9960648,-0.04717784,0.07502744,1,1,1,-0.1727444,-0.4828162,-0.2156348,-2.429898,0.4215823,0.1332954,1.050261,-0.975594,-0.03664945,-0.2165021,1,1,0,-0.01165909,-0.0001791242,0.2245504,-0.5756312,0.009987728,-0.005260857,0.9206954,-0.9511824,0.2997271,0.07359103,1,0.5,1,0,0.5,-0.225496,0,0,0,1.164809,-0.8047056,0.5562199,-0.2075289,0,0,0,0,0.5,0.225496,0,0,0,1.131978,-0.8208944,0.5674097,0.06464303,0,0,1
515,-0.08140904,0.006345891,-0.2246251,-0.7250904,0.1089687,-0.004567953,0.9939556,-0.9289975,0.2893968,-0.2306796,1,0.5,0,-0.1792036,-0.4787022,0.2310153,-2.177484,0.4291566,0.05711915,0.9907494,-0.9965965,-0.0353528,0.07446946,1,1,1,-0.2636199,-0.4592114,-0.2115486,-2.215165,0.638898,0.07597584,1.10506,-0.9782141,-0.02069172,-0.2065647,1,1,0,-0.03921722,0.001295131,0.2244911,-0.7222173,0.04614303,-0.003127755,0.9157609,-0.950506,0.3018131,0.07380565,1,0.5,1,0,0.5,-0.225496,0,0,0,1.138204,-0.7975026,0.5652532,-0.2108992,0,0,0,0,0.5,0.225496,0,0,0,1.104828,-0.8140882,0.5770087,0.06573662,0,0,1
516,-0.1099714,0.01185661,-0.2247933,-0.7164902,0.1455831,-0.01441837,0.9917517,-0.9275906,0.2935184,-0.2311332,1,0.5,0,-0.2627329,-0.4572847,0.2322342,-2.056673,0.5699488,0.01072661,1.040908,-0.9971372,-0.02030277,0.07283643,1,1,1,-0.3441882,-0.4297924,-0.2104967,-1.944909,0.7560599,0.002481789,1.151366,-0.9797655,-0.002296526,-0.2001353,1,1,0,-0.07199778,0.004872882,0.2245723,-0.8411979,0.1043084,-0.007691983,0.9169192,-0.9497797,0.3040914,0.07380255,1,0.5,1,0,0.5,-0.225496,0,0,0,1.11224,-0.7900583,0.5743563,-0.2142957,0,0,0,0,0.5,0.225496,0,0,0,1.078315,-0.80704,0.5867016,0.06684089,0,0,1
517,-0.1389772,0.01942213,-0.2247883,-0.7289677,0.2030675,0.002439321,0.9910859,-0.9259026,0.2987233,-0.231233,1,0.5,0,-0.3403645,-0.4311224,0.2321708,-1.900568,0.676285,-0.004257264,1.085968,-0.9974905,-0.003229803,0.07072707,1,1,1,-0.4129656,-0.3987835,-0.2118404,-1.643818,0.7727715,-0.04316272,1.187757,-0.9803479,0.01612586,-0.1966162,1,1,0,-0.1077976,0.01135726,0.2250457,-0.9088237,0.1724899,0.01463742,0.9224107,-0.9486858,0.3074761,0.07385048,1,0.5,1,0,0.5,-0.225496,0,0,0,1.086969,-0.7823864,0.5835022,-0.2177081,0,0,0,0,0.5,0.225496,0,0,0,1.052493,-0.7997611,0.5964602,0.06795266,0,0,1
518,-0.1685917,0.02902249,-0.2251711,-0.7355804,0.2553798,-0.003138931,0.9909714,-0.9237241,0.3051853,-0.2315075,1,0.5,0,-0.4108385,-0.4019783,0.23111,-1.716053,0.735009,-0.02574922,1.123478,-0.9975455,0.01479645,0.06843951,1,1,1,-0.4700326,-0.3699249,-0.2148161,-1.357379,0.6977129,-0.07723871,1.212669,-0.9801583,0.03274134,-0.1954937,1,1,0,-0.1439876,0.02097616,0.2251451,-0.9054463,0.2544885,0.00861958,0.928455,-0.9469266,0.3129088,0.07360754,1,0.5,1,0,0.5,-0.225496,0,0,0,1.06131,-0.7741284,0.5930917,-0.221286,0,0,0,0,0.5,0.225496,0,0,0,1.026254,-0.7919092,0.6067142,0.06912087,0,0,1
519,-0.197363,0.04037569,-0.225366,-0.7086377,0.2994388,-0.006105008,0.9913886,-0.9211866,0.3127124,-0.2315734,1,0.5,0,-0.4725424,-0.3718,0.2297251,-1.487572,0.749101,-0.04025401,1.153561,-0.9972575,0.03277773,0.06635682,1,1,1,-0.5160663,-0.3448255,-0.2183305,-1.08438,0.6016823,-0.09114001,1.227942,-0.979518,0.04697755,-0.1957997,1,1,0,-0.1793555,0.03321135,0.2252086,-0.8708011,0.3185171,0.00115484,0.9353553,-0.9446021,0.3199287,0.07329795,1,0.5,1,0,0.5,-0.225496,0,0,0,1.036541,-0.7656705,0.6026523,-0.2248531,0,0,0,0,0.5,0.225496,0,0,0,1.000906,-0.7838491,0.6169605,0.07028819,0,0,1
520,-0.2234969,0.05256917,-0.225483,-0.6344127,0.3064019,-0.004555287,0.9896702,-0.9181538,0.3212585,-0.2319191,1,0.5,0,-0.524722,-0.3431619,0.2281378,-1.237806,0.7066208,-0.04665108,1.174521,-0.9966857,0.04946974,0.06457832,1,1,1,-0.552026,-0.3242981,-0.2215725,-0.8384708,0.4840137,-0.08016679,1.233311,-0.9786333,0.05867492,-0.1970636,1,1,0,-0.2125385,0.04735731,0.225406,-0.8089523,0.3678476,0.00210479,0.9408509,-0.9416574,0.3285263,0.07315538,1,0.5,1,0,0.5,-0.225496,0,0,0,1.012002,-0.7567776,0.612433,-0.2285023,0,0,0,0,0.5,0.225496,0,0,0,0.9757751,-0.7753549,0.6274669,0.07148515,0,0,1
521,-0.245717,0.06443518,-0.2255235,-0.5244376,0.29141,-0.00370592,0.9842424,-0.9146716,0.3304279,-0.2327945,1,0.5,0,-0.5668885,-0.3177219,0.2262332,-0.9897862,0.6141158,-0.0458263,1.185605,-0.9959426,0.06423692,0.06302378,1,1,1,-0.5785689,-0.3086739,-0.2245404,-0.606704,0.3575699,-0.06522688,1.229185,-0.9775969,0.06785052,-0.1992502,1,1,0,-0.2420894,0.06237706,0.2254292,-0.7147866,0.3778672,-0.0004671516,0.9432094,-0.9381637,0.3383965,0.07305188,1,0.5,1,0,0.5,-0.225496,0,0,0,0.9876541,-0.7474031,0.6224566,-0.2322422,0,0,0,0,0.5,0.225496,0,0,0,0.9508193,-0.7663789,0.6382601,0.07271478,0,0,1
522,-0.2628783,0.07469993,-0.2254437,-0.3955455,0.2447818,0.003550948,0.9738306,-0.9108509,0.3397269,-0.2343849,1,0.5,0,-0.5991774,-0.2965716,0.224532,-0.7492575,0.4961061,-0.04029723,1.186963,-0.9951251,0.07672275,0.06196461,1,1,1,-0.5958675,-0.2982503,-0.226457,-0.3712596,0.2315939,-0.04303383,1.215638,-0.9765631,0.07446191,-0.2019406,1,1,0,-0.2669119,0.07711985,0.2254871,-0.5877259,0.3594046,-0.0001743437,0.9412661,-0.9342296,0.3490818,0.07319058,1,0.5,1,0,0.5,-0.225496,0,0,0,0.9636587,-0.7375774,0.6326612,-0.2360496,0,0,0,0,0.5,0.225496,0,0,0,0.9262043,-0.7569473,0.6492758,0.07396977,0,0,1
523,-0.2744615,0.08200918,-0.2254708,-0.2507986,0.1665414,-0.00383407,0.9570745,-0.9067675,0.3486501,-0.2370989,1,0.5,0,-0.6220236,-0.2805032,0.2232287,-0.5167784,0.364338,-0.03133417,1.178298,-0.9943345,0.08669308,0.06150795,1,1,1,-0.6044571,-0.2937098,-0.2272419,-0.1608551,0.07602575,-0.01153946,1.192518,-0.9756019,0.07816179,-0.2051629,1,1,0,-0.2860861,0.08978211,0.2253874,-0.4414292,0.29694,-0.005170705,0.9330503,-0.9300807,0.3599191,0.07354064,1,0.5,1,0,0.5,-0.225496,0,0,0,0.9396399,-0.7271028,0.6432164,-0.2399878,0,0,0,0,0.5,0.225496,0,0,0,0.9015439,-0.7468666,0.6607,0.07527128,0,0,1
524,-0.280468,0.08585666,-0.2252132,-0.1153112,0.0706781,0.003610553,0.9347632,-0.9026824,0.3567534,-0.2406064,1,0.5,0,-0.6359843,-0.2702166,0.222066,-0.2992274,0.2146126,-0.02426059,1.161125,-0.993695,0.09378182,0.06144392,1,1,1,-0.6043773,-0.2950385,-0.2271452,0.05155208,-0.07412139,0.01236871,1.161014,-0.9747329,0.07884432,-0.208996,1,1,0,-0.2985255,0.0987334,0.2252442,-0.2677516,0.1937051,-0.00146553,0.9180611,-0.9260482,0.3700358,0.07421695,1,0.5,1,0,0.5,-0.225496,0,0,0,0.9164722,-0.7163342,0.6537368,-0.243913,0,0,0,0,0.5,0.225496,0,0,0,0.8777356,-0.7364748,0.6721174,0.07657202,0,0,1
525,-0.2810326,0.08616183,-0.2251319,0.01931191,-0.01719259,0.001998991,0.9060607,-0.8983703,0.364253,-0.2454601,1,0.5,0,-0.64134,-0.2662378,0.2208661,-0.08086565,0.05751999,-0.02973751,1.134428,-0.9932959,0.09774808,0.06171342,1,1,1,-0.5960018,-0.3021974,-0.226319,0.257969,-0.2157495,0.03000648,1.120421,-0.9739024,0.07640149,-0.2137216,1,1,0,-0.3035346,0.1024982,0.2250777,-0.07537904,0.06153623,-0.001415611,0.8940181,-0.9222729,0.3791187,0.07537758,1,0.5,1,0,0.5,-0.225496,0,0,0,0.8933498,-0.70487,0.6645855,-0.2479607,0,0,0,0,0.5,0.225496,0,0,0,0.8539518,-0.7253806,0.6839239,0.0779171,0,0,1
526,-0.2760832,0.08286516,-0.2250995,0.1573399,-0.1043905,-0.002738835,0.8713541,-0.8938578,0.3710677,-0.2516487,1,0.5,0,-0.6378533,-0.2691266,0.2196238,0.1385153,-0.1260922,-0.04089402,1.098405,-0.9932186,0.09814373,0.06232698,1,1,1,-0.5797431,-0.3143842,-0.2253527,0.4538717,-0.3313513,0.01452938,1.071929,-0.9729801,0.07100563,-0.2197,1,1,0,-0.3010943,0.1004122,0.224926,0.1057759,-0.09056557,-0.005487355,0.8611159,-0.9189568,0.3867505,0.07708824,1,0.5,1,0,0.5,-0.225496,0,0,0,0.8706921,-0.6928706,0.6755711,-0.2520595,0,0,0,0,0.5,0.225496,0,0,0,0.8306235,-0.7137348,0.6959143,0.07928313,0,0,1
527,-0.2647105,0.0754491,-0.2248558,0.3297196,-0.2077651,0.005119296,0.8301489,-0.8891931,0.3769872,-0.259261,1,0.5,0,-0.6244047,-0.2798744,0.2184987,0.4053952,-0.3181071,-0.02986343,1.052487,-0.9935368,0.09412356,0.06344572,1,1,1,-0.5570418,-0.3303475,-0.2245134,0.6042513,-0.4170092,0.01395271,1.017805,-0.971858,0.0630203,-0.2269814,1,1,0,-0.2918736,0.09354112,0.2250533,0.2665715,-0.1997218,0.0004574658,0.820936,-0.9159585,0.3933129,0.07952944,1,0.5,1,0,0.5,-0.225496,0,0,0,0.8489467,-0.6805672,0.6864615,-0.2561228,0,0,0,0,0.5,0.225496,0,0,0,0.8082122,-0.7017584,0.7078363,0.08064135,0,0,1
528,-0.2459685,0.06440535,-0.2247692,0.5196514,-0.288972,0.0116393,0.780606,-0.8836682,0.3829479,-0.2692235,1,0.5,0,-0.5993679,-0.2987095,0.2173124,0.6940904,-0.5257191,-0.02043471,0.993649,-0.9942297,0.08522119,0.06515075,1,1,1,-0.5287436,-0.3480387,-0.2253893,0.7412586,-0.4502924,-0.0213802,0.958052,-0.9700655,0.05346951,-0.236884,1,1,0,-0.2768223,0.08337265,0.224841,0.4116954,-0.2743983,0.00530109,0.7735081,-0.9128208,0.399976,0.0823246,1,0.5,1,0,0.5,-0.225496,0,0,0,0.8271177,-0.6673578,0.6977527,-0.2603356,0,0,0,0,0.5,0.225496,0,0,0,0.7856917,-0.6888606,0.7202349,0.08205388,0,0,1
529,-0.2215947,0.05142012,-0.2248122,0.6325821,-0.3301534,-0.008003416,0.7255371,-0.8769731,0.3895599,-0.281356,1,0.5,0,-0.5629315,-0.3243018,0.2165211,0.9855483,-0.6685781,-0.02200306,0.9230242,-0.9951341,0.07146622,0.06782816,1,1,1,-0.4944733,-0.3674515,-0.2271778,0.898372,-0.4969361,-0.05383345,0.8928742,-0.9675258,0.04203427,-0.2492528,1,1,0,-0.2553143,0.06975849,0.2246274,0.5860897,-0.3577826,-0.01181588,0.7187933,-0.9094919,0.4067617,0.08584507,1,0.5,1,0,0.5,-0.225496,0,0,0,0.8056568,-0.65344,0.7092216,-0.2646147,0,0,0,0,0.5,0.225496,0,0,0,0.7635275,-0.6752274,0.7328689,0.08349323,0,0,1
530,-0.1935398,0.03872643,-0.2248812,1.402741,-0.6346849,-0.0034526,0.6799576,-0.8714659,0.3938501,-0.2922827,1,0.5,0,-0.5152461,-0.3538381,0.2166847,2.384273,-1.476813,0.008177015,0.8553793,-0.9960305,0.05324112,0.07133402,1,1,1,-0.4533139,-0.3886139,-0.2287197,2.057973,-1.05812,-0.07709342,0.8349606,-0.9648727,0.02800537,-0.2612209,1,1,0,-0.2260863,0.05388631,0.2247767,1.461399,-0.7936093,0.007463249,0.6690377,-0.9074467,0.4104969,0.08962642,1,0.5,1,0,0.5,-0.225496,0,0,0,0.7936987,-0.6452454,0.7157772,-0.2670606,0,0,0,0,0.5,0.225496,0,0,0,0.7511667,-0.6671798,0.7401092,0.0843181,0,0,1
531,-0.1632328,0.02726436,-0.2251265,0.7666867,-0.2789139,-0.01168475,0.6208625,-0.8611969,0.4043889,-0.3079115,1,0.5,0,-0.4570183,-0.3853447,0.2179102,1.525368,-0.7874596,0.03050418,0.7635242,-0.9964738,0.03217608,0.07748974,1,1,1,-0.4043138,-0.4107229,-0.229317,1.273039,-0.5606743,-0.01566932,0.7560138,-0.9604706,0.01216313,-0.2781156,1,1,0,-0.1900109,0.03722935,0.2250663,0.9408858,-0.4091635,0.006639215,0.5999119,-0.9019462,0.4211513,0.09552247,1,0.5,1,0,0.5,-0.225496,0,0,0,0.7728426,-0.6301254,0.7275055,-0.2714365,0,0,0,0,0.5,0.225496,0,0,0,0.7295895,-0.6522913,0.7530969,0.08579774,0,0,1
532,-0.1308301,0.01725217,-0.2252678,0.8180748,-0.2358406,-0.005520883,0.5610936,-0.8483058,0.4177315,-0.3253886,1,0.5,0,-0.3884292,-0.4165018,0.2203556,1.779079,-0.7704693,0.05875232,0.662111,-0.9962308,0.008173211,0.08635632,1,1,1,-0.3475512,-0.4333028,-0.2284972,1.469587,-0.5595359,0.02164022,0.6699846,-0.9545877,-0.006241784,-0.2978648,1,1,0,-0.1494189,0.02275484,0.2252944,1.034561,-0.347077,0.005432221,0.5278693,-0.8938107,0.4365875,0.1024394,1,0.5,1,0,0.5,-0.225496,0,0,0,0.752465,-0.61423,0.739342,-0.2758528,0,0,0,0,0.5,0.225496,0,0,0,0.7084827,-0.6365847,0.7662501,0.08729624,0,0,1
533,-0.09741884,0.009335831,-0.2254248,0.8398126,-0.1932212,0.0019148,0.5028421,-0.8324136,0.4341021,-0.3444458,1,0.5,0,-0.3101387,-0.4454299,0.2229982,2.014922,-0.7022071,0.07400516,0.5527301,-0.9950311,-0.01845667,0.09783918,1,1,1,-0.2830341,-0.454906,-0.2270809,1.657406,-0.5362394,0.041236,0.5781957,-0.946391,-0.02680957,-0.321909,1,1,0,-0.1069366,0.01152242,0.2254513,1.065469,-0.2555185,0.005435201,0.4567568,-0.8824575,0.4572974,0.1102174,1,0.5,1,0,0.5,-0.225496,0,0,0,0.7331034,-0.5979714,0.7509508,-0.2801841,0,0,0,0,0.5,0.225496,0,0,0,0.6884048,-0.6204624,0.7791958,0.0887711,0,0,1
534,-0.06432834,0.004286786,-0.2254975,0.8181013,-0.1102237,-0.004511328,0.4463646,-0.8123975,0.4546733,-0.3650786,1,0.5,0,-0.2233117,-0.469969,0.2253087,2.220477,-0.5780997,0.04906433,0.4347996,-0.9925204,-0.04703576,0.1126538,1,1,1,-0.2111896,-0.4737476,-0.2254941,1.838429,-0.4505398,0.03388675,0.4798602,-0.9345063,-0.04872898,-0.3525953,1,1,0,-0.06455967,0.004119042,0.2255414,1.055963,-0.157,0.001824648,0.3874615,-0.8665791,0.4846622,0.118925,1,0.5,1,0,0.5,-0.225496,0,0,0,0.7137372,-0.5804353,0.7629328,-0.2846547,0,0,0,0,0.5,0.225496,0,0,0,0.6682979,-0.6030105,0.7926061,0.09029888,0,0,1
535,-0.03276432,0.0009252811,-0.2254282,0.7762796,-0.06516585,-0.003102423,0.3923069,-0.7881777,0.4784512,-0.3871181,1,0.5,0,-0.1295412,-0.4881465,0.2269969,2.382851,-0.4043432,0.03270582,0.3095849,-0.9882512,-0.07676339,0.1321627,1,1,1,-0.1333814,-0.4887514,-0.2239597,1.979055,-0.3408374,0.03501625,0.3766544,-0.9170244,-0.07158053,-0.392355,1,1,0,-0.02387083,0.0004642145,0.2254602,1.002809,-0.07006317,-0.005445632,0.3216988,-0.845082,0.5190031,0.1283441,1,0.5,1,0,0.5,-0.225496,0,0,0,0.6943437,-0.561423,0.7753212,-0.2892769,0,0,0,0,0.5,0.225496,0,0,0,0.648137,-0.5840175,0.806524,0.0918845,0,0,1
536,-0.003344302,1.758487E-05,-0.2252531,0.7245857,-0.01599727,0.005335363,0.3431489,-0.7596237,0.5052697,-0.4094806,1,0.5,0,-0.03094429,-0.4978099,0.2273886,2.488663,-0.1756252,0.01145974,0.1804516,-0.9818125,-0.1055328,0.1578196,1,1,1,-0.0512781,-0.4977849,-0.2230956,2.072736,-0.1845718,0.02757983,0.2725125,-0.8911308,-0.09292399,-0.4441294,1,1,0,0.0140635,0.0001850651,0.2254156,0.9232268,0.01647459,0.000868738,0.2622073,-0.8174523,0.5591459,0.138303,1,0.5,1,0,0.5,-0.225496,0,0,0,0.6759167,-0.5418169,0.7874708,-0.2938099,0,0,0,0,0.5,0.225496,0,0,0,0.6289562,-0.5643545,0.8202267,0.09344561,0,0,1
537,0.0245222,0.0006262059,-0.2251509,0.6904364,0.0356569,0.006625804,0.2984311,-0.726374,0.5343307,-0.4322864,1,0.5,0,0.06964203,-0.4973297,0.2257271,2.51663,0.08050951,-0.06033929,0.0498361,-0.9727259,-0.129729,0.1922884,1,1,1,0.03263748,-0.49936,-0.2237315,2.100214,0.01433194,-0.02968536,0.171222,-0.8519451,-0.1092932,-0.5120981,1,1,0,0.04852706,0.002260436,0.2251964,0.8398348,0.0682214,-0.00517741,0.2096189,-0.7834554,0.6035077,0.1482435,1,0.5,1,0,0.5,-0.225496,0,0,0,0.6585516,-0.5217565,0.7992738,-0.2982138,0,0,0,0,0.5,0.225496,0,0,0,0.6108571,-0.544158,0.8335906,0.0949681,0,0,1
538,0.05215139,0.002709373,-0.2250799,0.6902059,0.06098465,0.003429504,0.2572021,-0.6868443,0.5661756,-0.4557303,1,0.5,0,0.1684782,-0.4857215,0.2234611,2.447548,0.3512295,-0.06332996,-0.07894474,-0.9589079,-0.1418377,0.2457186,1,1,1,0.1158856,-0.4932896,-0.2243959,2.071621,0.1962946,-0.02226607,0.07566303,-0.7927307,-0.1168907,-0.5982596,1,1,0,0.07937028,0.006349374,0.2251995,0.7509112,0.1067492,6.705525E-05,0.1640068,-0.7422531,0.6511219,0.1584314,1,0.5,1,0,0.5,-0.225496,0,0,0,0.6420561,-0.5010537,0.8108183,-0.302521,0,0,0,0,0.5,0.225496,0,0,0,0.5936426,-0.5232344,0.8467117,0.09646296,0,0,1
539,0.07917524,0.006094774,-0.2249952,0.6667836,0.09373556,0.009246174,0.2198099,-0.6402626,0.6002901,-0.4792865,1,0.5,0,0.2618079,-0.4641171,0.2200737,2.288401,0.6011727,-0.0682548,-0.2018688,-0.9332626,-0.1278536,0.3356701,1,1,1,0.1968239,-0.479841,-0.2259078,2.00439,0.3756748,-0.01972095,-0.009744823,-0.7000817,-0.1098224,-0.7055669,1,1,0,0.1069613,0.01123594,0.2250664,0.6714053,0.1321498,0.004550816,0.1243185,-0.6936865,0.7003411,0.1682897,1,0.5,1,0,0.5,-0.225496,0,0,0,0.6262723,-0.4794956,0.8221813,-0.3067606,0,0,0,0,0.5,0.225496,0,0,0,0.5771496,-0.5013626,0.8596763,0.09793997,0,0,1
540,0.1057574,0.01102738,-0.2248771,0.6686113,0.1361082,0.009614233,0.1866064,-0.585291,0.6365035,-0.5022923,1,0.5,0,0.2814372,-0.4593987,0.2237564,-0.8053514,-0.4245581,0.07320049,-0.2489215,-0.9008527,-0.1330208,0.4132431,1,1,1,0.27335,-0.4600051,-0.2271608,1.878332,0.5345466,-0.04683586,-0.07980925,-0.5575371,-0.08092771,-0.826198,1,1,0,0.1308372,0.01744189,0.2254565,0.5433226,0.1555126,0.01807139,0.09137851,-0.6371296,0.7498444,0.1783232,1,0.5,1,0,0.5,-0.225496,0,0,0,0.6110911,-0.456868,0.833415,-0.310952,0,0,0,0,0.5,0.225496,0,0,0,0.5612659,-0.4783174,0.8725429,0.0994058,0,0,1
541,0.1364937,0.01768995,-0.2254066,0.8370585,0.1861954,0.0118807,0.1558107,-0.5146639,0.6765518,-0.5266865,1,0.5,0,0.2486764,-0.4687314,0.2209322,-0.7541205,-0.1911909,-0.07302988,-0.2494184,-0.8992656,-0.170529,0.4027918,1,1,1,0.3392256,-0.4395844,-0.2200556,1.518967,0.4681574,0.3043705,-0.1339526,-0.3682314,-0.03711097,-0.9289932,1,1,0,0.1452506,0.02058239,0.2256122,0.2516598,0.04412236,0.03647135,0.06451422,-0.5823861,0.7910914,0.1870851,1,0.5,1,0,0.5,-0.225496,0,0,0,0.5961453,-0.4324389,0.8447785,-0.3151918,0,0,0,0,0.5,0.225496,0,0,0,0.5456082,-0.4533398,0.885609,0.1008944,0,0,1
542,0.1880525,0.03586954,-0.2223581,1.388559,0.5421527,0.1112029,0.1277822,-0.4016468,0.7357162,-0.5453454,1,0.5,0,0.2121966,-0.4770047,0.2089602,-0.9999078,-0.2321751,-0.444402,-0.2499988,-0.9120062,-0.2040177,0.3558392,1,1,1,0.3658388,-0.431317,-0.2129336,0.3470214,0.1314581,0.03768282,-0.1588219,-0.2179518,-0.01558433,-0.9758351,1,1,0,0.1253648,0.01527735,0.2239235,-0.7757928,-0.2002737,-0.1095087,0.05194795,-0.5704061,0.7994909,0.188285,1,0.5,1,0,0.5,-0.225496,0,0,0,0.5819514,-0.4068567,0.855861,-0.3193267,0,0,0,0,0.5,0.225496,0,0,0,0.5307186,-0.4270799,0.8984024,0.1023519,0,0,1
543,0.2134694,0.04716566,-0.2196151,0.2079808,0.1035823,0.001893938,0.1141039,-0.3170112,0.7704977,-0.5530255,1,0.5,0,0.1742993,-0.4836959,0.1874645,-0.9237599,-0.136079,-0.4405448,-0.2498698,-0.9349048,-0.2306634,0.2697174,1,1,1,0.3576725,-0.4317173,-0.2213563,-0.3336252,-0.06856623,-0.1782738,-0.1548848,-0.1462546,-0.01656637,-0.9891083,1,1,0,0.1118148,0.01148361,0.2186339,0.1097102,-0.006992326,-0.02908857,0.0375253,-0.5512902,0.8138847,0.1834962,1,0.5,1,0,0.5,-0.225496,0,0,0,0.5693117,-0.3816915,0.8659776,-0.3231013,0,0,0,0,0.5,0.225496,0,0,0,0.5174427,-0.4011501,0.910125,0.1036874,0,0,1
544,0.1996572,0.0397304,-0.2232322,-0.3446864,-0.1750684,-0.04615264,0.1049678,-0.2923158,0.7698432,-0.5673561,1,0.5,0,0.1435399,-0.4807284,0.192354,-0.7514897,0.127095,0.2674037,-0.2499997,-0.9318345,-0.2189134,0.2894155,1,1,1,0.3187456,-0.4461057,-0.2220693,-1.270937,-0.4259409,-0.01435653,-0.1525075,-0.1661998,-0.05785943,-0.9843932,1,1,0,0.1405268,0.0186083,0.2235014,0.6352293,0.1841227,0.1170747,0.01387924,-0.4591975,0.8652,0.2014119,1,0.5,1,0,0.5,-0.225496,0,0,0,0.5576365,-0.3559813,0.8755371,-0.326668,0,0,0,0,0.5,0.225496,0,0,0,0.5051651,-0.3745642,0.9212417,0.1049539,0,0,1
545,0.1880145,0.03591618,-0.2244589,-0.3035904,-0.0923891,-0.03040211,0.09710765,-0.2622405,0.7735894,-0.576879,1,0.5,0,0.1136303,-0.4785669,0.2000761,-0.7601178,0.02155305,0.1541369,-0.2499548,-0.9237129,-0.2102295,0.3202466,1,1,1,0.2344694,-0.4618225,-0.2342377,-2.316363,-0.3536718,-0.353598,-0.1273119,-0.2955044,-0.09611936,-0.9504937,1,1,0,0.1427157,0.02008192,0.2240887,-0.0960939,-0.007813427,-0.005797299,0.0005806088,-0.4033009,0.8911291,0.207936,1,0.5,1,0,0.5,-0.225496,0,0,0,0.5467057,-0.3292237,0.8846804,-0.3300794,0,0,0,0,0.5,0.225496,0,0,0,0.4936573,-0.3468,0.9319108,0.1061694,0,0,1
546,0.168717,0.02929421,-0.2247459,-0.5781727,-0.19502,-0.01753793,0.08886063,-0.2438212,0.7731782,-0.5854456,1,0.5,0,0.08407104,-0.4802866,0.2071019,-0.7415856,-0.06378146,0.1683839,-0.2497614,-0.9120203,-0.2169394,0.3480754,1,1,1,0.1338386,-0.4692302,-0.2410688,-2.533594,-0.1337156,-0.1090587,-0.09492502,-0.4405482,-0.1067215,-0.8913629,1,1,0,0.1307873,0.01733838,0.2245461,-0.3331856,-0.08193696,0.008030239,-0.009670109,-0.3701721,0.9041635,0.2132158,1,0.5,1,0,0.5,-0.225496,0,0,0,0.5365186,-0.301291,0.8933752,-0.3333235,0,0,0,0,0.5,0.225496,0,0,0,0.4829205,-0.3177202,0.9420904,0.1073291,0,0,1
547,0.1363156,0.01867568,-0.2252052,-0.8981202,-0.2821507,-0.0112854,0.08085108,-0.2464061,0.7655588,-0.5943093,1,0.5,0,0.05494135,-0.4844259,0.2135521,-0.7256824,-0.1229659,0.1427271,-0.2498688,-0.8975271,-0.2335809,0.374012,1,1,1,0.03360166,-0.4706447,-0.2367688,-2.486971,-0.007833543,0.1623534,-0.06443822,-0.5644187,-0.102499,-0.8191004,1,1,0,0.1116036,0.01219629,0.2250694,-0.5214447,-0.1435624,0.009747598,-0.0191415,-0.3490366,0.911279,0.2185038,1,0.5,1,0,0.5,-0.225496,0,0,0,0.5270982,-0.2720683,0.9015691,-0.3363807,0,0,0,0,0.5,0.225496,0,0,0,0.4729813,-0.2872007,0.9517141,0.1084255,0,0,1
548,0.08931137,0.007385645,-0.2256078,-1.282213,-0.2761358,-0.001987816,0.07613105,-0.2725632,0.7522345,-0.5998771,1,0.5,0,0.02201564,-0.4892086,0.219915,-0.8809931,-0.1039207,0.1762041,-0.2464229,-0.8846535,-0.249268,0.3940223,1,1,1,-0.05819699,-0.4704731,-0.223522,-2.200471,-0.01372994,0.3770457,-0.03877318,-0.6602836,-0.09642351,-0.7448007,1,1,0,0.08659886,0.006720658,0.2253683,-0.6370461,-0.132079,0.00510365,-0.02685308,-0.3376217,0.9145588,0.2226968,1,0.5,1,0,0.5,-0.225496,0,0,0,0.5185915,-0.2418472,0.9090984,-0.3391899,0,0,0,0,0.5,0.225496,0,0,0,0.4639972,-0.2555438,0.9605837,0.109436,0,0,1
549,0.02356584,5.832437E-05,-0.2246681,-1.764576,-0.1354651,0.04941227,0.07978553,-0.3264771,0.7348551,-0.5944751,1,0.5,0,-0.02343278,-0.4892856,0.2330429,-1.209644,0.03703685,0.371542,-0.2305292,-0.8768494,-0.2348515,0.4194995,1,1,1,-0.130777,-0.4752997,-0.2048733,-1.690735,-0.1468316,0.4723573,-0.02454826,-0.7227432,-0.1036903,-0.683294,1,1,0,0.06220137,0.003315613,0.2246301,-0.5992547,-0.07149626,-0.02699794,-0.03314334,-0.3226926,0.9195877,0.224116,1,0.5,1,0,0.5,-0.225496,0,0,0,0.5110142,-0.2105337,0.9159119,-0.3417321,0,0,0,0,0.5,0.225496,0,0,0,0.4559872,-0.2226521,0.9686322,0.1103529,0,0,1
550,-0.0146202,-0.0002630508,-0.2228804,0,0,0,0.08601403,-0.3603529,0.7264962,-0.5851062,1,0.5,0,-0.04906411,-0.4875881,0.2392387,0,0,0,-0.2201107,-0.8775459,-0.2200444,0.4260207,1,1,1,-0.161098,-0.4776563,-0.197514,0,0,0,-0.01896283,-0.7434969,-0.1073853,-0.6600611,1,1,0,0.049919,0.002232896,0.2234844,0,0,0,-0.03567946,-0.3158005,0.9222786,0.2228727,1,0.5,1,0,0.5,-0.225496,0,0,0,0.5077083,-0.1950482,0.9189167,-0.3428532,0,0,0,0,0.5,0.225496,0,0,0,0.4524904,-0.2063555,0.9721883,0.1107581,0,0,1
551,-0.09078389,0.007902732,-0.2226907,-0.7580361,0.1365131,-0.08435327,0.1086549,-0.418077,0.712888,-0.5630296,1,0.5,0,-0.1291326,-0.4877781,0.2303101,-1.356219,-0.06962869,-0.3838339,-0.1810573,-0.9180748,-0.1936965,0.3458618,1,1,1,-0.2428255,-0.4681203,-0.2056088,-1.304817,0.28971,-0.3846125,0.02253467,-0.7779506,-0.08060773,-0.6231334,1,1,0,-0.01914168,4.509919E-05,0.222687,-1.544444,-0.009026296,0.05264731,-0.02514943,-0.3850103,0.8972193,0.2162511,1,0.5,1,0,0.5,-0.225496,0,0,0,0.5018158,-0.163384,0.9243216,-0.3448698,0,0,0,0,0.5,0.225496,0,0,0,0.4462541,-0.1729775,0.9785955,0.111488,0,0,1
552,-0.1115302,0.01184808,-0.2256118,-0.5394949,0.1055332,-0.0528373,0.1080482,-0.3979951,0.7200878,-0.5683954,1,0.5,0,-0.1836086,-0.4836148,0.220246,-1.393972,0.195934,-0.1445041,-0.1653149,-0.9384303,-0.1721464,0.2995234,1,1,1,-0.2863044,-0.4566557,-0.218161,-0.9782005,0.260234,-0.2432802,0.03758115,-0.7752771,-0.05702533,-0.6290418,1,1,0,-0.09188239,0.007950064,0.2250023,-1.80089,0.2774438,0.04099907,-0.001222759,-0.445795,0.8700278,0.2105195,1,0.5,1,0,0.5,-0.225496,0,0,0,0.4969282,-0.130872,0.9288532,-0.3465606,0,0,0,0,0.5,0.225496,0,0,0,0.441078,-0.1386389,0.9839779,0.1121012,0,0,1
553,-0.144004,0.0208746,-0.2255814,-0.879189,0.2733308,0.0004455449,0.1145846,-0.3938521,0.7271165,-0.5623007,1,0.5,0,-0.2493035,-0.4678651,0.2231238,-1.710591,0.4378514,0.07185492,-0.1352499,-0.9523093,-0.1147776,0.2827245,1,1,1,-0.3077668,-0.451469,-0.2238927,-0.4028679,0.1149357,-0.1553596,0.03254038,-0.762042,-0.04782543,-0.6457589,1,1,0,-0.1485096,0.02202393,0.2254353,-1.290065,0.3620571,-0.004224481,0.02214396,-0.4722087,0.8580467,0.2019277,1,0.5,1,0,0.5,-0.225496,0,0,0,0.4932057,-0.09872211,0.9323346,-0.3478595,0,0,0,0,0.5,0.225496,0,0,0,0.4371337,-0.104629,0.9881194,0.112573,0,0,1
554,-0.1789443,0.03294633,-0.2252328,-0.8482236,0.305097,0.02586694,0.1238404,-0.3905452,0.7356791,-0.5533992,1,0.5,0,-0.3182489,-0.4459032,0.2272473,-1.704764,0.570971,0.1253754,-0.1018254,-0.9617449,-0.04998607,0.2693475,1,1,1,-0.3164291,-0.4476662,-0.2237638,-0.1750083,0.1034573,0.07658604,0.01370949,-0.7419029,-0.04217597,-0.6691794,1,1,0,-0.1895758,0.03736549,0.2256263,-0.9573277,0.383991,0.02212078,0.03899664,-0.4717456,0.8596816,0.1959683,1,0.5,1,0,0.5,-0.225496,0,0,0,0.4904689,-0.06531604,0.9349107,-0.3488206,0,0,0,0,0.5,0.225496,0,0,0,0.4342327,-0.06924775,0.9911878,0.1129226,0,0,1
555,-0.2062431,0.04418064,-0.2254349,-0.6266611,0.2645959,-0.004130604,0.1299,-0.3769526,0.7464369,-0.5483964,1,0.5,0,-0.3824676,-0.4219527,0.2259481,-1.568826,0.605114,-0.06618056,-0.07296172,-0.9686882,0.009477615,0.2480997,1,1,1,-0.3201216,-0.442574,-0.220283,-0.06916675,0.1369998,0.10468,-0.0106191,-0.7178886,-0.03386733,-0.6953337,1,1,0,-0.2223266,0.05179492,0.2252019,-0.7635589,0.3543285,-0.009527806,0.05102706,-0.460097,0.8670988,0.1909197,1,0.5,1,0,0.5,-0.225496,0,0,0,0.4888462,-0.03155126,0.9364449,-0.349393,0,0,0,0,0.5,0.225496,0,0,0,0.4325121,-0.03345731,0.9930166,0.113131,0,0,1
556,-0.2213366,0.05072919,-0.2252855,-0.2634757,0.1138902,0.0006109478,0.1282812,-0.3495989,0.7587831,-0.5495715,1,0.5,0,-0.4357148,-0.3985205,0.2238957,-1.218553,0.571947,-0.04132988,-0.05286828,-0.9706862,0.06145735,0.2323603,1,1,1,-0.3260432,-0.4380027,-0.2118183,-0.2056301,0.1137957,0.2255441,-0.03583157,-0.698783,-0.02585852,-0.7148662,1,1,0,-0.2488758,0.0653583,0.2247719,-0.6547856,0.3528362,-0.02274142,0.05992037,-0.4414657,0.8775503,0.1871193,1,0.5,1,0,0.5,-0.225496,0,0,0,0.4883554,0.001710091,0.9369099,-0.3495665,0,0,0,0,0.5,0.225496,0,0,0,0.4319916,0.001813511,0.9935712,0.1131942,0,0,1
557,-0.218164,0.04930094,-0.2231801,0.1616717,-0.08248746,0.06603377,0.1144147,-0.2993209,0.7735833,-0.558548,1,0.5,0,-0.4679557,-0.3799406,0.2287942,-0.6788658,0.4245954,0.1779274,-0.05049765,-0.9648423,0.1024676,0.2420326,1,1,1,-0.3451971,-0.4340103,-0.201849,-0.5592974,0.09719137,0.248854,-0.05241221,-0.6947024,-0.01789653,-0.7190745,1,1,0,-0.2730483,0.08042436,0.2234264,-0.5581009,0.3711743,-0.03900827,0.06937158,-0.4193948,0.8894444,0.1816501,1,0.5,1,0,0.5,-0.225496,0,0,0,0.4889475,0.03463967,0.936349,-0.3493573,0,0,0,0,0.5,0.225496,0,0,0,0.4326194,0.03673183,0.9929023,0.113118,0,0,1
558,-0.2156396,0.04818117,-0.2221931,-0.03424288,0.01502242,-0.0002361835,0.1032494,-0.2456845,0.786045,-0.5672498,1,0.5,0,-0.4852786,-0.3698823,0.2300225,-0.3719465,0.1846061,-0.02579019,-0.0642809,-0.9589849,0.1287932,0.252508,1,1,1,-0.3684876,-0.4274393,-0.2018497,-0.5700293,0.1793579,-0.08518029,-0.05929083,-0.6831194,-0.00326588,-0.7302994,1,1,0,-0.2823816,0.08707003,0.2222802,-0.0785217,0.06248246,-0.01068265,0.06560236,-0.3800391,0.9071215,0.180834,1,0.5,1,0,0.5,-0.225496,0,0,0,0.4906515,0.0680669,0.9347384,-0.3487563,0,0,0,0,0.5,0.225496,0,0,0,0.4344262,0.07216255,0.9909825,0.1128992,0,0,1
559,-0.2255359,0.05328023,-0.2242523,-0.2735936,0.1371924,-0.06170126,0.1033108,-0.2081142,0.7944168,-0.5706052,1,0.5,0,-0.4929111,-0.3692555,0.2244911,-0.1207009,-0.02110601,-0.1494334,-0.08947051,-0.9571365,0.1382226,0.2545275,1,1,1,-0.3898442,-0.4188662,-0.2118635,-0.5319583,0.2176807,-0.2850459,-0.05931133,-0.6577566,0.01618774,-0.7530566,1,1,0,-0.2684217,0.0775955,0.2240855,0.4675673,-0.3074934,0.04404189,0.04112417,-0.3112842,0.9306468,0.1923504,1,0.5,1,0,0.5,-0.225496,0,0,0,0.4933978,0.1006428,0.9321543,-0.3477922,0,0,0,0,0.5,0.225496,0,0,0,0.4373372,0.1066621,0.9879048,0.1125486,0,0,1
560,-0.2289586,0.05483877,-0.2252486,2.980233E-06,-0.007071535,-0.0009819869,0.0998466,-0.1617458,0.8016029,-0.5755615,1,0.5,0,-0.4862645,-0.3740999,0.2233569,0.2701924,-0.1551718,0.03757627,-0.1272735,-0.9506397,0.1392445,0.2772997,1,1,1,-0.4140057,-0.4097731,-0.2205106,-0.6341236,0.2322377,-0.1644478,-0.0575363,-0.637498,0.03667407,-0.7695786,1,1,0,-0.244308,0.06338512,0.2253737,0.6237867,-0.3543133,0.03196673,0.01305836,-0.2190239,0.9538586,0.2053834,1,0.5,1,0,0.5,-0.225496,0,0,0,0.4971212,0.1323168,0.9286735,-0.3464935,0,0,0,0,0.5,0.225496,0,0,0,0.4412824,0.1401661,0.9837643,0.1120769,0,0,1
561,-0.2195836,0.05085992,-0.2257084,0.2919876,-0.1284427,-0.009851906,0.09158438,-0.09354421,0.8060725,-0.5843771,1,0.5,0,-0.4660952,-0.384412,0.2243723,0.5655082,-0.2896742,0.02693013,-0.1779176,-0.9371852,0.1291224,0.3240547,1,1,1,-0.4384023,-0.3987426,-0.2255631,-0.5851122,0.2815099,-0.09805713,-0.05805042,-0.6203376,0.06167539,-0.7819062,1,1,0,-0.2175307,0.0494791,0.2253655,0.6927508,-0.3540985,-0.006983432,-0.01007989,-0.1087655,0.9705237,0.2150667,1,0.5,1,0,0.5,-0.225496,0,0,0,0.5019081,0.1639315,0.9242365,-0.344838,0,0,0,0,0.5,0.225496,0,0,0,0.4463517,0.1735553,0.9784946,0.1114765,0,0,1
562,-0.2030623,0.04287438,-0.2254221,0.4470671,-0.2167902,0.007711354,0.08239871,-0.009200132,0.8050745,-0.5931024,1,0.5,0,-0.4366245,-0.3968415,0.2280078,0.7867563,-0.3227026,0.09590317,-0.2361841,-0.9056328,0.110526,0.4094059,1,1,1,-0.4565637,-0.3880917,-0.2224589,-0.4001738,0.2655641,0.1257003,-0.06904361,-0.6006629,0.08796309,-0.7946487,1,1,0,-0.1864096,0.03596387,0.2253063,0.8047971,-0.3318838,-0.0005938115,-0.02605107,0.02383072,0.9747123,0.2221891,1,0.5,1,0,0.5,-0.225496,0,0,0,0.5079337,0.196148,0.9187112,-0.3427765,0,0,0,0,0.5,0.225496,0,0,0,0.4527289,0.2075136,0.9719449,0.1107303,0,0,1
563,-0.1825407,0.0344139,-0.2251022,0.53008,-0.2264819,-0.03609435,0.07739657,0.08324549,0.7973963,-0.5976866,1,0.5,0,-0.4493387,-0.3802989,0.2330608,-0.6790432,0.7453966,0.1328961,-0.24957,-0.8734271,0.1824905,0.4514667,1,1,1,-0.4655499,-0.3775906,-0.2176124,-0.1721264,0.2485053,0.1090289,-0.08584538,-0.5672846,0.1168873,-0.8151844,1,1,0,-0.1564859,0.02483966,0.2249698,0.7018569,-0.1997636,-0.05095305,-0.03120482,0.1581085,0.9616986,0.223914,1,0.5,1,0,0.5,-0.225496,0,0,0,0.5149003,0.2272207,0.9124049,-0.3404236,0,0,0,0,0.5,0.225496,0,0,0,0.4600962,0.2401909,0.9644867,0.1098807,0,0,1
564,-0.1592419,0.02574507,-0.2249408,0.5744258,-0.2093523,-0.001627953,0.07793623,0.181083,0.7816521,-0.5968492,1,0.5,0,-0.470554,-0.3498002,0.2383475,-0.5157085,0.8015069,0.1006417,-0.2499602,-0.8264989,0.3047505,0.4733148,1,1,1,-0.4653656,-0.3694087,-0.2122335,0.05589577,0.1830102,0.1179167,-0.1073532,-0.5131057,0.1441278,-0.8461381,1,1,0,-0.1314066,0.01733118,0.2251323,0.611447,-0.1833058,-0.00479296,-0.02550146,0.2792205,0.9343151,0.2215651,1,0.5,1,0,0.5,-0.225496,0,0,0,0.5229784,0.2579686,0.9051999,-0.3377354,0,0,0,0,0.5,0.225496,0,0,0,0.4686313,0.2724425,0.955988,0.1089124,0,0,1
565,-0.1361513,0.01825723,-0.225015,0.5708793,-0.1819443,-0.001025945,0.08465481,0.2727095,0.7598624,-0.5901174,1,0.5,0,-0.4869242,-0.3175431,0.2388657,-0.3762843,0.8106488,-0.02375693,-0.2500003,-0.7653286,0.4338279,0.4754634,1,1,1,-0.4588824,-0.3633968,-0.2089991,0.1819894,0.1477346,0.06254839,-0.1274101,-0.4382571,0.1680217,-0.8830059,1,1,0,-0.1110966,0.01198876,0.2253115,0.4691178,-0.1168445,0.004495682,-0.01321122,0.3790056,0.8997511,0.2163393,1,0.5,1,0,0.5,-0.225496,0,0,0,0.5316095,0.286535,0.8976265,-0.3349096,0,0,0,0,0.5,0.225496,0,0,0,0.4777424,0.3023212,0.9470797,0.1078975,0,0,1
566,-0.1147656,0.01233961,-0.2250255,0.5175388,-0.1333648,-0.004390629,0.09741569,0.3579171,0.7337263,-0.57753,1,0.5,0,-0.502135,-0.286301,0.2334307,-0.3680857,0.7498342,-0.1842112,-0.2500002,-0.6941772,0.5587965,0.453723,1,1,1,-0.4547777,-0.3539543,-0.210238,0.05196186,0.2878891,-0.07752109,-0.1392081,-0.3497496,0.1996878,-0.9153141,1,1,0,-0.09855922,0.009143774,0.2256933,0.261539,-0.05583244,0.007727,0.003424048,0.4569342,0.8643683,0.2099488,1,0.5,1,0,0.5,-0.225496,0,0,0,0.5415448,0.3154842,0.889064,-0.331715,0,0,0,0,0.5,0.225496,0,0,0,0.4882193,0.3325081,0.937039,0.1067536,0,0,1
567,-0.09718324,0.008624411,-0.2252153,0.4015544,-0.07490351,-0.008770082,0.1145056,0.4291485,0.7072749,-0.5617773,1,0.5,0,-0.5173326,-0.2603201,0.2229299,-0.384769,0.6147104,-0.2862112,-0.2499673,-0.6256587,0.6626329,0.411666,1,1,1,-0.4618666,-0.3335371,-0.2188709,-0.2553345,0.5859124,-0.263098,-0.1345173,-0.2762623,0.2529884,-0.9271871,1,1,0,-0.09564079,0.008566733,0.2258414,0.0174325,-0.001902413,-0.0004686417,0.02001131,0.5100979,0.8356871,0.2035367,1,0.5,1,0,0.5,-0.225496,0,0,0,0.5521836,0.3429985,0.8800745,-0.3283609,0,0,0,0,0.5,0.225496,0,0,0,0.499426,0.3611047,0.9265319,0.1055566,0,0,1
568,-0.09082983,0.007477873,-0.2253225,0,0,0,0.1237128,0.4587433,0.6949959,-0.5536562,1,0.5,0,-0.5252121,-0.249458,0.2167761,0,0,0,-0.2499737,-0.5929703,0.7060935,0.3870636,1,1,1,-0.4693154,-0.3193007,-0.2254355,0,0,0,-0.1268498,-0.2475181,0.285942,-0.9257278,1,1,0,-0.09723885,0.008961076,0.2257426,0,0,0,0.02783823,0.5299258,0.8240424,0.2003315,1,0.5,1,0,0.5,-0.225496,0,0,0,0.5577985,0.356357,0.875403,-0.326618,0,0,0,0,0.5,0.225496,0,0,0,0.5053356,0.3749533,0.9210855,0.1049361,0,0,1
569,-0.08041257,0.006232061,-0.2250196,0.06581473,-0.008060995,0.01047403,0.1481812,0.5215318,0.6668383,-0.5322887,1,0.5,0,-0.5478246,-0.2269654,0.1985983,-0.4715772,0.4872071,-0.2821007,-0.2499445,-0.5173447,0.7959618,0.3143233,1,1,1,-0.4933108,-0.2751424,-0.2465498,-0.4019322,0.6622153,-0.289026,-0.09661499,-0.1855575,0.3739793,-0.9086847,1,1,0,-0.1094318,0.01185669,0.2251089,-0.2617587,0.06076505,-0.008316342,0.04613602,0.5658441,0.8017356,0.1924591,1,0.5,1,0,0.5,-0.225496,0,0,0,0.5732902,0.3898849,0.8627676,-0.3219036,0,0,0,0,0.5,0.225496,0,0,0,0.5216231,0.4096028,0.9064008,0.1032631,0,0,1
570,-0.08153487,0.006524011,-0.224571,-0.04936347,0.01166214,0.01840443,0.168529,0.561929,0.6469786,-0.5154167,1,0.5,0,-0.5657521,-0.2114571,0.188618,-0.4392,0.3708155,-0.233236,-0.249959,-0.4341345,0.858031,0.2744268,1,1,1,-0.5062715,-0.2553674,-0.2563202,-0.2989293,0.4323842,-0.2191023,-0.08389863,-0.1179299,0.4100746,-0.9043956,1,1,0,-0.1212666,0.01492461,0.2246893,-0.3104427,0.08583193,-0.004525485,0.06411535,0.5955061,0.7816214,0.1855814,1,0.5,1,0,0.5,-0.225496,0,0,0,0.5889794,0.4198433,0.8503375,-0.3172659,0,0,0,0,0.5,0.225496,0,0,0,0.5380934,0.4404235,0.8920199,0.1016248,0,0,1
571,-0.08606767,0.00740538,-0.2242819,-0.22664,0.04406848,0.01445488,0.1773484,0.5764,0.6398559,-0.5082789,1,0.5,0,-0.5792783,-0.2048575,0.1813758,-0.6763103,0.3299789,-0.3621081,-0.248532,-0.408748,0.8794061,0.24407,1,1,1,-0.5152599,-0.246309,-0.263153,-0.4494192,0.4529217,-0.3416391,-0.07503164,-0.09122707,0.4228339,-0.9016036,1,1,0,-0.133694,0.01811431,0.2240921,-0.6213679,0.1594849,-0.02986119,0.07059854,0.6007679,0.7783306,0.1824262,1,0.5,1,0,0.5,-0.225496,0,0,0,0.597218,0.4342722,0.8439526,-0.3148836,0,0,0,0,0.5,0.225496,0,0,0,0.5467327,0.4552177,0.8846576,0.100786,0,0,1
572,-0.09550578,0.008970252,-0.2241848,-0.2692086,0.03777651,-0.01237765,0.19792,0.6069347,0.623238,-0.4931579,1,0.5,0,-0.5944231,-0.1947806,0.1781715,-0.3883542,0.2835141,-0.05268233,-0.2499595,-0.3012532,0.9247277,0.2326483,1,1,1,-0.5218308,-0.2491353,-0.263638,-0.1554847,-0.1452052,0.02892018,-0.07754675,-0.00646976,0.418661,-0.9081196,1,1,0,-0.1460385,0.02149552,0.2239445,-0.3053957,0.08442526,-0.01011789,0.09180218,0.6303781,0.7561573,0.1756406,1,0.5,1,0,0.5,-0.225496,0,0,0,0.6163807,0.4649826,0.8294662,-0.3094787,0,0,0,0,0.5,0.225496,0,0,0,0.5668026,0.486592,0.8680143,0.09888989,0,0,1
573,-0.1083042,0.01157709,-0.2241022,-0.6399195,0.1303422,0.004129114,0.2051436,0.6138275,0.6205503,-0.4879889,1,0.5,0,-0.6054359,-0.1918004,0.1795308,-0.5506399,0.1490109,0.06796721,-0.2499456,-0.2571249,0.9365943,0.2380715,1,1,1,-0.5257893,-0.2612759,-0.2591654,-0.1979262,-0.6070296,0.2236337,-0.08631402,0.03710872,0.3981864,-0.9165536,1,1,0,-0.1571605,0.02507644,0.2240684,-0.5561041,0.1790457,0.006195905,0.1014491,0.6384251,0.7499828,0.1730294,1,0.5,1,0,0.5,-0.225496,0,0,0,0.6267993,0.4802458,0.8217967,-0.3066171,0,0,0,0,0.5,0.225496,0,0,0,0.5777006,0.5021253,0.8592368,0.09788989,0,0,1
574,-0.1240564,0.01493454,-0.2241655,-0.4006156,0.08745337,0.001300127,0.2234638,0.6342154,0.609477,-0.475719,1,0.5,0,-0.6174235,-0.1865489,0.1830938,-0.2864034,0.1055755,0.1086191,-0.2499793,-0.1381292,0.9577253,0.2523542,1,1,1,-0.5298185,-0.2761528,-0.2503586,-0.1098901,-0.3533484,0.2246515,-0.09696639,0.1316759,0.3717984,-0.9189273,1,1,0,-0.1678429,0.02835344,0.2245794,-0.2682955,0.08728852,0.01495779,0.1242089,0.6649144,0.7278869,0.1675391,1,0.5,1,0,0.5,-0.225496,0,0,0,0.6474329,0.5079934,0.8070189,-0.3011034,0,0,0,0,0.5,0.225496,0,0,0,0.5992563,0.530257,0.8423877,0.09597034,0,0,1
575,-0.1321932,0.01690543,-0.2244302,0,0,0,0.2325469,0.6429428,0.6046104,-0.4701818,1,0.5,0,-0.6226236,-0.185353,0.1851061,0,0,0,-0.2499443,-0.07776124,0.9623734,0.2603664,1,1,1,-0.5334353,-0.2808733,-0.2467059,0,0,0,-0.09950134,0.1741418,0.362365,-0.9156234,1,1,0,-0.1731914,0.03017906,0.2246165,0,0,0,0.1355574,0.6765518,0.7177622,0.1646059,1,0.5,1,0,0.5,-0.225496,0,0,0,0.6578723,0.5209373,0.7997428,-0.2983887,0,0,0,0,0.5,0.225496,0,0,0,0.6101488,0.5433316,0.8341224,0.0950287,0,0,1
576,-0.152624,0.02311189,-0.2245295,-0.3006042,0.1037433,0.004246088,0.250467,0.6565859,0.5984432,-0.4590868,1,0.5,0,-0.6364754,-0.1861454,0.1901253,-0.219372,-0.02253802,0.07150549,-0.2499462,0.03557083,0.9592119,0.280441,1,1,1,-0.5545667,-0.2736175,-0.2447892,-0.4314991,0.2826498,-0.02660752,-0.09436858,0.2238567,0.3756674,-0.899312,1,1,0,-0.1904246,0.03714803,0.2247556,-0.2898828,0.1292198,0.005916508,0.1576133,0.6918131,0.7042863,0.1592967,1,0.5,1,0,0.5,-0.225496,0,0,0,0.6804007,0.5467381,0.7844794,-0.2926938,0,0,0,0,0.5,0.225496,0,0,0,0.633626,0.5692972,0.8168479,0.09306067,0,0,1
577,-0.1581236,0.0251119,-0.2245719,0,0,0,0.2614852,0.6665534,0.5924106,-0.4524998,1,0.5,0,-0.6400389,-0.1878409,0.1916564,0,0,0,-0.2499748,0.1026105,0.9525405,0.2865967,1,1,1,-0.5639533,-0.2664331,-0.2459603,0,0,0,-0.08800524,0.2469468,0.3873031,-0.8882644,1,1,0,-0.1958598,0.03946642,0.2246435,0,0,0,0.169592,0.7016724,0.6951493,0.1562795,1,0.5,1,0,0.5,-0.225496,0,0,0,0.6916342,0.5586396,0.7770841,-0.2899346,0,0,0,0,0.5,0.225496,0,0,0,0.6453183,0.5812307,0.8085089,0.09211064,0,0,1
578,-0.1735061,0.03081092,-0.2248079,-0.2471374,0.09563616,-0.00511408,0.2818705,0.681295,0.5842539,-0.4410039,1,0.5,0,-0.6448925,-0.1954538,0.1983124,-0.01029075,-0.21071,0.1286872,-0.2489187,0.2441365,0.9182132,0.3119003,1,1,1,-0.588549,-0.2474132,-0.2461345,-0.3601791,0.2422498,0.02864302,-0.07598671,0.2774478,0.421182,-0.8634979,1,1,0,-0.2069883,0.04471139,0.2248054,-0.1486876,0.07017444,0.008392338,0.1940867,0.7192218,0.6781738,0.1509975,1,0.5,1,0,0.5,-0.225496,0,0,0,0.7147217,0.58136,0.7623146,-0.284424,0,0,0,0,0.5,0.225496,0,0,0,0.6693206,0.6039324,0.7919129,0.09021991,0,0,1
579,-0.1784103,0.03271987,-0.2248466,0,0,0,0.2935073,0.6906127,0.5780915,-0.4345852,1,0.5,0,-0.6428956,-0.2028876,0.2013824,0,0,0,-0.2482502,0.331762,0.8862464,0.3232669,1,1,1,-0.593914,-0.244658,-0.2449583,0,0,0,-0.07147178,0.309204,0.423174,-0.8516552,1,1,0,-0.2097897,0.04597088,0.2249321,0,0,0,0.2075807,0.7301313,0.6670206,0.148297,1,0.5,1,0,0.5,-0.225496,0,0,0,0.7265906,0.5922241,0.7549381,-0.2816718,0,0,0,0,0.5,0.225496,0,0,0,0.6816456,0.61475,0.7836529,0.08927888,0,0,1
580,-0.1932755,0.03873164,-0.2251986,-0.743256,0.3005889,-0.01760349,0.3207583,0.7088728,0.5662223,-0.420585,1,0.5,0,-0.6229227,-0.2408456,0.2115044,0.9986464,-1.897899,0.5061032,-0.2434659,0.5931612,0.7217536,0.3566951,1,1,1,-0.5997281,-0.2521718,-0.2387147,-0.2907069,-0.375689,0.3121794,-0.06451884,0.4026825,0.3991636,-0.8237205,1,1,0,-0.2154928,0.04874052,0.2251604,-0.2851525,0.1384823,0.01141876,0.2413399,0.754844,0.6403817,0.1418519,1,0.5,1,0,0.5,-0.225496,0,0,0,0.7560278,0.6170952,0.7372448,-0.2750703,0,0,0,0,0.5,0.225496,0,0,0,0.7121749,0.6394199,0.7639162,0.08703034,0,0,1
581,-0.1982913,0.04089273,-0.2252259,0,0,0,0.3325878,0.7166629,0.560773,-0.4146419,1,0.5,0,-0.6111182,-0.2577898,0.2148909,0,0,0,-0.2333491,0.6895081,0.6308256,0.355862,1,1,1,-0.5976725,-0.2596801,-0.235951,0,0,0,-0.06034991,0.4487744,0.3783006,-0.8096235,1,1,0,-0.2166993,0.04931756,0.2252731,0,0,0,0.2559189,0.7649986,0.6287944,0.139265,1,0.5,1,0,0.5,-0.225496,0,0,0,0.7683969,0.6267567,0.7300554,-0.2723879,0,0,0,0,0.5,0.225496,0,0,0,0.7249868,0.6489671,0.7559265,0.08612011,0,0,1
582,-0.2132835,0.04770776,-0.2254367,-0.2498568,0.111451,8.195642E-06,0.355079,0.7279356,0.553993,-0.4039822,1,0.5,0,-0.557927,-0.3169668,0.2230586,1.047257,-1.027099,0.1159311,-0.184276,0.8798794,0.3453435,0.32642,1,1,1,-0.5777359,-0.2947806,-0.2269896,0.4545929,-0.6796989,0.1500086,-0.04813811,0.570949,0.290397,-0.7679108,1,1,0,-0.2183645,0.04994443,0.2255123,-0.01040623,0.001841412,0.003583731,0.2866327,0.7848154,0.6050402,0.1341316,1,0.5,1,0,0.5,-0.225496,0,0,0,0.7943267,0.6456839,0.7154299,-0.2669311,0,0,0,0,0.5,0.225496,0,0,0,0.751816,0.6676108,0.7397253,0.08427436,0,0,1
583,-0.2237507,0.05254349,-0.2254176,-0.2658644,0.1308009,0.0009283427,0.376516,0.7393426,0.5459609,-0.3940802,1,0.5,0,-0.5069411,-0.3580474,0.2258036,1.348377,-1.016535,0.04997106,-0.1140838,0.9454261,0.1760813,0.274162,1,1,1,-0.5505077,-0.3259361,-0.2219298,0.7620189,-0.8060324,0.1133442,-0.02025509,0.6697074,0.2085772,-0.7127324,1,1,0,-0.2161438,0.0486873,0.2255155,0.08422512,-0.04712643,-0.00019148,0.3162977,0.8032028,0.5815125,0.129261,1,0.5,1,0,0.5,-0.225496,0,0,0,0.8179046,0.6615019,0.7026305,-0.2621555,0,0,0,0,0.5,0.225496,0,0,0,0.7761796,0.6831298,0.7256032,0.08266548,0,0,1
584,-0.2339607,0.05775205,-0.2250437,-0.2481946,0.1321193,0.01023859,0.3963848,0.7487233,0.5396701,-0.3849281,1,0.5,0,-0.4448159,-0.3952318,0.2252291,1.614452,-0.8959878,-0.05378055,-0.02683422,0.9727859,0.06502623,0.2223938,1,1,1,-0.5096617,-0.3594032,-0.2196379,1.114274,-0.8297879,0.02046154,0.02551347,0.7524892,0.1267271,-0.6462973,1,1,0,-0.2081925,0.04518015,0.2250559,0.2437682,-0.1103942,-0.01711399,0.347782,0.822042,0.5557798,0.1239185,1,0.5,1,0,0.5,-0.225496,0,0,0,0.8401711,0.6753652,0.6909565,-0.2577999,0,0,0,0,0.5,0.225496,0,0,0,0.7991614,0.6966839,0.7127675,0.08120315,0,0,1
585,-0.2386532,0.06042485,-0.2242513,-0.05489068,0.03150405,0.01661778,0.4181708,0.7607653,0.529776,-0.3749316,1,0.5,0,-0.374798,-0.4270096,0.2190429,1.788437,-0.7578704,-0.1918674,0.07102346,0.9848414,-0.001767972,0.173448,1,1,1,-0.4550826,-0.3904378,-0.2233063,1.439794,-0.7616478,-0.1334899,0.09289795,0.8130962,0.05998039,-0.5790311,1,1,0,-0.1940182,0.03911589,0.2241572,0.3794836,-0.1671568,-0.02875329,0.3828645,0.8417459,0.526826,0.1179764,1,0.5,1,0,0.5,-0.225496,0,0,0,0.862029,0.6880658,0.679868,-0.2536627,0,0,0,0,0.5,0.225496,0,0,0,0.8216977,0.709062,0.700614,0.07981855,0,0,1
586,-0.229528,0.05556624,-0.2239797,0.3390544,-0.1705241,-0.01130328,0.4470992,0.78074,0.5084644,-0.3631929,1,0.5,0,-0.298475,-0.4524069,0.2113165,1.94931,-0.5758213,-0.1808875,0.1771959,0.9900991,-0.03899445,0.134845,1,1,1,-0.3896213,-0.4181341,-0.22905,1.691591,-0.6745013,-0.1338758,0.1764157,0.8564923,0.0116288,-0.5160288,1,1,0,-0.1799139,0.03312362,0.2238173,0.3435434,-0.1319623,-0.003418328,0.4187905,0.8587945,0.4997044,0.1129934,1,0.5,1,0,0.5,-0.225496,0,0,0,0.8841022,0.7000684,0.6690257,-0.2496174,0,0,0,0,0.5,0.225496,0,0,0,0.8444332,0.7207246,0.6887661,0.07846875,0,0,1
587,-0.2058019,0.04393097,-0.2244844,0.6621572,-0.3132857,-0.009568784,0.4863374,0.806861,0.4764404,-0.3492562,1,0.5,0,-0.2181368,-0.4694188,0.2091494,2.018681,-0.3669219,-0.003554673,0.2897523,0.9920862,-0.05497774,0.1128827,1,1,1,-0.3155892,-0.4438697,-0.2304377,1.905992,-0.633006,0.008752201,0.270578,0.8903057,-0.02319001,-0.4547725,1,1,0,-0.1648186,0.02747496,0.2243745,0.4145482,-0.1448416,0.01745672,0.4574979,0.8739659,0.4736041,0.1090076,1,0.5,1,0,0.5,-0.225496,0,0,0,0.907169,0.7118115,0.6580588,-0.2455256,0,0,0,0,0.5,0.225496,0,0,0,0.868169,0.7321019,0.676817,0.07710744,0,0,1
588,-0.1720008,0.02995118,-0.2250405,0.8966777,-0.3496963,-0.01111478,0.5342424,0.8332745,0.4408552,-0.3336167,1,0.5,0,-0.1399851,-0.4800602,0.2111844,1.922899,-0.2320812,0.06783533,0.4000876,0.9930406,-0.0600611,0.1013061,1,1,1,-0.2324172,-0.466471,-0.2299748,2.138687,-0.5348893,0.01714975,0.3754134,0.9154435,-0.04623075,-0.3997823,1,1,0,-0.140663,0.01975559,0.2248344,0.6836313,-0.2051909,0.008875135,0.503692,0.8898603,0.4441159,0.1044488,1,0.5,1,0,0.5,-0.225496,0,0,0,0.9302461,0.7228187,0.647441,-0.241564,0,0,0,0,0.5,0.225496,0,0,0,0.8918929,0.7427358,0.6652811,0.07579318,0,0,1
589,-0.1298336,0.01685287,-0.2251205,1.104535,-0.3197431,-0.001467765,0.5919348,0.8576826,0.4055671,-0.3160633,1,0.5,0,-0.06714231,-0.4878899,0.2148657,1.789338,-0.1837284,0.09700734,0.5056242,0.9936363,-0.06154379,0.09433512,1,1,1,-0.1414924,-0.4830395,-0.2299784,2.308329,-0.3756286,0.00229776,0.4905208,0.9337256,-0.05758536,-0.3533277,1,1,0,-0.1043209,0.01068105,0.2251657,0.9827226,-0.2218695,0.005605819,0.5617359,0.9061068,0.4112897,0.09905073,1,0.5,1,0,0.5,-0.225496,0,0,0,0.953954,0.7334256,0.636884,-0.2376251,0,0,0,0,0.5,0.225496,0,0,0,0.916243,0.7529548,0.6538426,0.07449004,0,0,1
590,-0.07881108,0.006059834,-0.225253,1.329029,-0.246584,0.00421405,0.6604886,0.8791338,0.3723086,-0.2975066,1,0.5,0,0.001688437,-0.4930779,0.2189792,1.702512,-0.1127646,0.1121805,0.6071992,0.9941519,-0.06058344,0.08939601,1,1,1,-0.0475844,-0.4929984,-0.2293199,2.350522,-0.2044425,0.0286691,0.6099833,0.9472677,-0.06035982,-0.3147073,1,1,0,-0.05815306,0.003287234,0.2252216,1.205734,-0.1645277,0.003945084,0.6308386,0.920452,0.3796185,0.09304745,1,0.5,1,0,0.5,-0.225496,0,0,0,0.9780809,0.7435559,0.626488,-0.2337463,0,0,0,0,0.5,0.225496,0,0,0,0.9410014,0.7626889,0.6426086,0.07321019,0,0,1
591,-0.01952587,0.0002142227,-0.2253733,2.964262,-0.2922807,-0.006013366,0.7258047,0.8942703,0.3477016,-0.2817523,1,0.5,0,0.06782317,-0.4946241,0.2228182,3.306738,-0.07731023,0.1919524,0.6899878,0.9945899,-0.05766794,0.08640277,1,1,1,0.04509396,-0.4955747,-0.2276243,4.63392,-0.1288146,0.08477944,0.7137495,0.9563922,-0.05732211,-0.2864053,1,1,0,-0.005734636,5.723469E-05,0.2253421,2.620922,-0.1615001,0.006023797,0.6936096,0.9299455,0.3569486,0.08825509,1,0.5,1,0,0.5,-0.225496,0,0,0,0.9905332,0.7485419,0.6212542,-0.2317936,0,0,0,0,0.5,0.225496,0,0,0,0.9537714,0.7674705,0.636964,0.07256712,0,0,1
592,0.04464899,0.001883681,-0.2254201,1.620123,0.08878008,-0.001472235,0.8135316,0.9081482,0.3257506,-0.2629705,1,0.5,0,0.1308798,-0.4910631,0.2252183,1.554309,0.1270101,0.04876109,0.7850804,0.9953557,-0.05062961,0.08187678,1,1,1,0.1344893,-0.4899435,-0.2257639,2.210406,0.1938403,0.04343914,0.8300437,0.9644207,-0.04807625,-0.2599643,1,1,0,0.04950242,0.002255139,0.2255346,1.386683,0.09397964,0.001818687,0.7763653,0.938395,0.3355271,0.08268371,1,0.5,1,0,0.5,-0.225496,0,0,0,1.015018,0.7578999,0.6112137,-0.2280474,0,0,0,0,0.5,0.225496,0,0,0,0.9788654,0.7764279,0.6261557,0.07133577,0,0,1
593,0.1084379,0.0117878,-0.225412,1.573651,0.2968164,0.001270324,0.9045521,0.917807,0.3116921,-0.2459232,1,0.5,0,0.1903566,-0.4817314,0.2250751,1.467183,0.2582804,-0.02537669,0.876176,0.9962581,-0.0404973,0.07635298,1,1,1,0.2195093,-0.4756702,-0.2249105,2.094189,0.4146473,0.01408011,0.9428903,0.970399,-0.03442413,-0.2390414,1,1,0,0.1034394,0.01068579,0.225631,1.327497,0.2340854,0.003978611,0.8604372,0.9438946,0.3209893,0.07764488,1,0.5,1,0,0.5,-0.225496,0,0,0,1.039748,0.7667941,0.601397,-0.2243847,0,0,0,0,0.5,0.225496,0,0,0,1.00419,0.7849209,0.6156138,0.07013477,0,0,1
594,0.1674421,0.02866956,-0.2253398,1.437446,0.4592119,-0.0009313229,0.9939801,0.9240932,0.3043344,-0.2311542,1,0.5,0,0.2465843,-0.4674891,0.2221361,1.386513,0.3855886,-0.07276165,0.963876,0.9971603,-0.02834195,0.06977102,1,1,1,0.2986104,-0.4539162,-0.2256667,1.936675,0.5793127,-0.01472608,1.051012,0.9746831,-0.01799868,-0.2228652,1,1,0,0.1519373,0.02342848,0.2253491,1.162416,0.3452521,-0.00925735,0.9410087,0.9473031,0.3118846,0.07310785,1,0.5,1,0,0.5,-0.225496,0,0,0,1.064781,0.7752745,0.5917761,-0.2207951,0,0,0,0,0.5,0.225496,0,0,0,1.029804,0.7929999,0.6053061,0.06896045,0,0,1
595,0.217729,0.04961648,-0.2252278,1.184298,0.5415134,-0.004713984,1.076747,0.9279396,0.3016441,-0.2189494,1,0.5,0,0.3003764,-0.4500525,0.2173553,1.333151,0.4507931,-0.1476348,1.049023,0.9979022,-0.01552753,0.06284946,1,1,1,0.3705856,-0.4264326,-0.2275856,1.752941,0.7144931,-0.08058476,1.152942,0.9776405,-0.0002617216,-0.210283,1,1,0,0.1918796,0.03799349,0.2249256,0.9411853,0.3678644,-0.01984165,1.013956,0.9493515,0.3064774,0.06930558,1,0.5,1,0,0.5,-0.225496,0,0,0,1.089924,0.7833062,0.5824178,-0.2173035,0,0,0,0,0.5,0.225496,0,0,0,1.055513,0.8006346,0.5953021,0.06782073,0,0,1
596,0.2575912,0.07107442,-0.224595,0.9318065,0.5223565,0.02132283,1.150828,0.9304636,0.3011062,-0.2087408,1,0.5,0,0.352501,-0.4308902,0.2127913,1.290955,0.4914092,-0.09802658,1.13359,0.998381,-0.002993533,0.05680209,1,1,1,0.4342894,-0.3965714,-0.2293963,1.537884,0.7524657,-0.03197865,1.248256,0.9796811,0.01683312,-0.1998542,1,1,0,0.221911,0.05165253,0.224569,0.6863828,0.3341562,-0.01036302,1.078021,0.9507824,0.3026908,0.06626591,1,0.5,1,0,0.5,-0.225496,0,0,0,1.11594,0.7911456,0.5730411,-0.213805,0,0,0,0,0.5,0.225496,0,0,0,1.082095,0.8080703,0.5853,0.06668121,0,0,1
597,0.2845878,0.08858903,-0.2243888,0.5966964,0.4033273,0.005491825,1.211571,0.9322668,0.3006531,-0.2012122,1,0.5,0,0.4026827,-0.4107594,0.2100625,1.23715,0.5112829,-0.0341192,1.216168,0.9985825,0.008880605,0.05247885,1,1,1,0.4893435,-0.3674945,-0.2304714,1.32051,0.711568,-0.002942235,1.335124,0.9810761,0.03188097,-0.1909797,1,1,0,0.2441758,0.06327479,0.2240968,0.5116442,0.2826869,-0.01027063,1.133696,0.9519695,0.2994896,0.06371859,1,0.5,1,0,0.5,-0.225496,0,0,0,1.14186,0.7985169,0.5639946,-0.2104297,0,0,0,0,0.5,0.225496,0,0,0,1.10856,0.8150476,0.5756702,0.06558413,0,0,1
598,0.2990198,0.09892592,-0.224403,0.2786712,0.2067764,-0.01035184,1.258926,0.9341292,0.2984355,-0.195803,1,0.5,0,0.4500808,-0.3897709,0.2119437,1.163571,0.535925,0.06881508,1.296845,0.9984865,0.02016262,0.05116954,1,1,1,0.5350627,-0.3419265,-0.2283358,1.082939,0.6142321,0.06053822,1.412969,0.9822989,0.04394925,-0.1820917,1,1,0,0.2603388,0.07265305,0.2242666,0.3638299,0.2246664,0.00466332,1.183322,0.9531055,0.2962316,0.06194095,1,0.5,1,0,0.5,-0.225496,0,0,0,1.168322,0.8056265,0.5550486,-0.2070919,0,0,0,0,0.5,0.225496,0,0,0,1.135561,0.8217634,0.5661665,0.0645014,0,0,1
599,0.3020363,0.1010555,-0.2246282,0.01772345,0.004277753,-0.001739711,1.293062,0.9362997,0.2939416,-0.1922009,1,0.5,0,0.4940951,-0.3680526,0.2170303,1.075761,0.5471783,0.1462877,1.374313,0.9981804,0.03091661,0.05176846,1,1,1,0.570507,-0.3207649,-0.2248612,0.8175495,0.4998164,0.10316,1.480413,0.9832869,0.05313795,-0.174136,1,1,0,0.2699899,0.07876916,0.2247395,0.1959921,0.1247354,0.01999141,1.225602,0.9543318,0.2925177,0.06069736,1,0.5,1,0,0.5,-0.225496,0,0,0,1.194828,0.8123581,0.5463682,-0.2038531,0,0,0,0,0.5,0.225496,0,0,0,1.162589,0.8281102,0.5569625,0.06345282,0,0,1
600,0.2960507,0.09686885,-0.2252991,-0.1909138,-0.1420916,-0.02656282,1.316769,0.9386408,0.2878015,-0.1900622,1,0.5,0,0.533528,-0.3457263,0.2218609,0.9484414,0.567812,0.108479,1.447095,0.9977793,0.0412274,0.05231433,1,1,1,0.5945937,-0.304162,-0.2230584,0.5286338,0.3808276,0.02892167,1.536638,0.9838943,0.05982312,-0.1684435,1,1,0,0.2716048,0.08014492,0.2248317,-0.01284481,0.006653371,-0.005048515,1.258528,0.9558264,0.2878231,0.05961335,1,0.5,1,0,0.5,-0.225496,0,0,0,1.221281,0.8187174,0.5379714,-0.2007203,0,0,0,0,0.5,0.225496,0,0,0,1.189547,0.8340948,0.5480758,0.06244039,0,0,1
601,0.2834929,0.08785933,-0.225245,-0.3543557,-0.2539628,-0.009949509,1.332305,0.9411953,0.2804442,-0.1884211,1,0.5,0,0.5660566,-0.3234013,0.2265992,0.7583681,0.558834,0.09298701,1.512567,0.9972941,0.05097905,0.05296681,1,1,1,0.6075835,-0.2929412,-0.2215268,0.2593935,0.2527744,0.01666621,1.581178,0.9843692,0.06393436,-0.1641026,1,1,0,0.2656004,0.07636838,0.2252783,-0.1984016,-0.1272615,-0.0008657578,1.282179,0.9576281,0.2818844,0.05907279,1,0.5,1,0,0.5,-0.225496,0,0,0,1.247429,0.8246766,0.5299212,-0.1977167,0,0,0,0,0.5,0.225496,0,0,0,1.216179,0.8396932,0.5395706,0.06147143,0,0,1
602,0.2643939,0.07557967,-0.2254536,-0.5128967,-0.3307586,-0.002287329,1.342401,0.9437835,0.2722424,-0.1875018,1,0.5,0,0.5883942,-0.3023001,0.2280732,0.4860612,0.5151199,0.0404589,1.569358,0.9968446,0.05977697,0.05222547,1,1,1,0.6101098,-0.28574,-0.2221806,0.001066924,0.1498998,-0.01051203,1.617093,0.9846255,0.06625123,-0.1616276,1,1,0,0.2533934,0.06902751,0.2253815,-0.3381432,-0.1844805,0.007832798,1.300429,0.9596753,0.2749498,0.05853136,1,0.5,1,0,0.5,-0.225496,0,0,0,1.275049,0.8306441,0.5216758,-0.1946403,0,0,0,0,0.5,0.225496,0,0,0,1.244294,0.8452899,0.5308739,0.06048064,0,0,1
603,0.2407931,0.0616506,-0.2254176,-0.6114821,-0.3548432,0.0019148,1.347155,0.9462212,0.2640009,-0.1869998,1,0.5,0,0.5993698,-0.2844825,0.2272413,0.1989991,0.4230278,-0.0343226,1.613865,0.9964659,0.06694727,0.05073234,1,1,1,0.602562,-0.2836002,-0.2237182,-0.2510459,0.01795144,-0.04517289,1.642142,0.9848021,0.06647544,-0.1604554,1,1,0,0.2366622,0.0596115,0.2254778,-0.4463913,-0.2349743,0.0005602839,1.313115,0.9617075,0.2678327,0.05817492,1,0.5,1,0,0.5,-0.225496,0,0,0,1.302211,0.8362085,0.5138132,-0.1917067,0,0,0,0,0.5,0.225496,0,0,0,1.271928,0.8504999,0.5225947,0.05953741,0,0,1
604,0.2144321,0.04825417,-0.2255508,-0.6717416,-0.3309715,-0.007369372,1.349708,0.9483474,0.256394,-0.1868137,1,0.5,0,0.5994435,-0.2720317,0.2243015,-0.06873611,0.2762274,-0.08665029,1.647246,0.9962423,0.07170502,0.04857454,1,1,1,0.5848925,-0.287533,-0.2262183,-0.4997643,-0.143537,-0.06789941,1.657099,0.9849461,0.0641913,-0.1605018,1,1,0,0.216326,0.04923877,0.225437,-0.5272256,-0.2587234,-0.006564709,1.322283,0.9636593,0.2607931,0.05785984,1,0.5,1,0,0.5,-0.225496,0,0,0,1.329651,0.841545,0.5061073,-0.1888316,0,0,0,0,0.5,0.225496,0,0,0,1.299829,0.8554888,0.5144932,0.05861444,0,0,1
605,0.1862381,0.03570288,-0.2255179,-0.7109146,-0.2975851,-0.0007495287,1.350155,0.9501841,0.2495482,-0.1867507,1,0.5,0,0.5893707,-0.2669244,0.220098,-0.3184439,0.07918629,-0.1145579,1.669278,0.9962397,0.0733311,0.04614348,1,1,1,0.5579833,-0.2986388,-0.2286928,-0.7340583,-0.3171669,-0.06550776,1.661845,0.9851464,0.05891319,-0.1612941,1,1,0,0.1939914,0.03900041,0.2254833,-0.5664724,-0.2518243,-0.00171736,1.328988,0.9654202,0.2542392,0.05767307,1,0.5,1,0,0.5,-0.225496,0,0,0,1.356675,0.8465403,0.498741,-0.1860832,0,0,0,0,0.5,0.225496,0,0,0,1.327294,0.8601517,0.5067602,0.05773345,0,0,1
606,0.1568241,0.02492906,-0.2254423,-0.7429409,-0.2596309,0.0006482007,1.350191,0.9517043,0.2437203,-0.1867063,1,0.5,0,0.5696201,-0.271827,0.2147993,-0.5560013,-0.1917259,-0.1377933,1.681152,0.9965515,0.07068418,0.04346294,1,1,1,0.5227089,-0.3159823,-0.2316154,-0.9280208,-0.4700618,-0.07644373,1.658396,0.985324,0.05097197,-0.1629059,1,1,0,0.1709566,0.02982629,0.2253443,-0.575384,-0.214652,-0.004089625,1.335588,0.9669747,0.2483271,0.05738995,1,0.5,1,0,0.5,-0.225496,0,0,0,1.384063,0.8513572,0.491491,-0.1833782,0,0,0,0,0.5,0.225496,0,0,0,1.355116,0.8646417,0.4991602,0.0568676,0,0,1
607,0.1267861,0.01609103,-0.2252654,-0.7591966,-0.2053122,0.009304289,1.349853,0.952916,0.2389871,-0.1866448,1,0.5,0,0.5396946,-0.2892051,0.2087119,-0.8133444,-0.5200164,-0.1504981,1.681763,0.9972038,0.06269924,0.04066065,1,1,1,0.4803143,-0.3374994,-0.23575,-1.098718,-0.5573663,-0.1125798,1.647799,0.985326,0.04120523,-0.1656346,1,1,0,0.1490464,0.02231492,0.2252739,-0.5333016,-0.1711168,0.0008597974,1.34346,0.9682956,0.2431921,0.05710669,1,0.5,1,0,0.5,-0.225496,0,0,0,1.411344,0.8559256,0.4844759,-0.1807608,0,0,0,0,0.5,0.225496,0,0,0,1.382816,0.8688942,0.4918164,0.05603096,0,0,1
608,0.09716458,0.009158806,-0.2247026,-0.7393396,-0.1576547,0.01974777,1.351022,0.9539671,0.2350911,-0.1862229,1,0.5,0,0.4989618,-0.3195847,0.2027331,-1.084499,-0.835501,-0.1399689,1.671798,0.9980721,0.04899872,0.03809428,1,1,1,0.4317843,-0.3619482,-0.2412658,-1.253236,-0.6282794,-0.1338199,1.632237,0.9850843,0.0300397,-0.1694304,1,1,0,0.1295939,0.01686088,0.2250234,-0.4628645,-0.1269812,-0.002796949,1.354949,0.9694302,0.2387456,0.05661795,1,0.5,1,0,0.5,-0.225496,0,0,0,1.43939,0.860399,0.4774697,-0.1781467,0,0,0,0,0.5,0.225496,0,0,0,1.411281,0.8730527,0.4844918,0.05519648,0,0,1
609,0.07043405,0.00486726,-0.2245634,-0.6531714,-0.09672748,0.01338274,1.355572,0.954778,0.2322019,-0.1856913,1,0.5,0,0.446736,-0.3587701,0.1984583,-1.377717,-1.017391,-0.07901865,1.650445,0.9988451,0.03126325,0.03648468,1,1,1,0.3764846,-0.3900399,-0.2459488,-1.427526,-0.7264006,-0.09229932,1.609998,0.9846977,0.01704271,-0.1734356,1,1,0,0.1131508,0.01271778,0.2244706,-0.3847485,-0.08958651,-0.01127199,1.369585,0.97047,0.2346605,0.05587903,1,0.5,1,0,0.5,-0.225496,0,0,0,1.467488,0.8646684,0.4706508,-0.1756026,0,0,0,0,0.5,0.225496,0,0,0,1.439787,0.8770166,0.4773721,0.05438536,0,0,1
610,0.04947262,0.002359748,-0.224389,-0.4773149,-0.05129576,0.003780426,1.366211,0.9556459,0.2295345,-0.1845392,1,0.5,0,0.3828115,-0.401109,0.1987713,-1.675794,-1.053599,0.04816206,1.618387,0.9992393,0.01175,0.03718456,1,1,1,0.3135152,-0.4215919,-0.2464038,-1.626412,-0.8035275,0.0224732,1.58001,0.9843602,0.002119264,-0.1761548,1,1,0,0.0987849,0.009677378,0.2238815,-0.3492022,-0.06872022,-0.01409725,1.386684,0.971413,0.2309223,0.05506039,1,0.5,1,0,0.5,-0.225496,0,0,0,1.495865,0.8687785,0.4639593,-0.1731059,0,0,0,0,0.5,0.225496,0,0,0,1.468562,0.8808277,0.4703941,0.05359038,0,0,1
611,0.03675876,0.00120039,-0.2242941,-0.2578699,-0.02411178,-0.005143138,1.384393,0.9566727,0.2267045,-0.1827082,1,0.5,0,0.307096,-0.4404899,0.2058586,-1.963948,-0.9506542,0.2186873,1.574912,0.9991192,-0.006983361,0.0413794,1,1,1,0.2425129,-0.4542588,-0.2402275,-1.82469,-0.8142161,0.1938493,1.540745,0.9842,-0.01384731,-0.1765177,1,1,0,0.08479537,0.006975022,0.2241079,-0.355518,-0.07032917,0.006528202,1.403603,0.9722528,0.2274502,0.05468991,1,0.5,1,0,0.5,-0.225496,0,0,0,1.523749,0.8726323,0.4575667,-0.1707208,0,0,0,0,0.5,0.225496,0,0,0,1.496828,0.884397,0.4637356,0.0528318,0,0,1
612,0.03492132,0.001086921,-0.2247689,0.0114346,-0.00283844,-0.006695095,1.413299,0.9579678,0.2232201,-0.180196,1,0.5,0,0.2206055,-0.4718081,0.2168642,-2.220652,-0.7237974,0.2932334,1.521405,0.998594,-0.02266153,0.04791922,1,1,1,0.1629861,-0.4821803,-0.2303045,-2.040056,-0.6424012,0.2662183,1.49278,0.9840245,-0.02819191,-0.1757869,1,1,0,0.06908645,0.004658219,0.2249512,-0.3989631,-0.0598775,0.03079475,1.418941,0.9729555,0.2244249,0.05469223,1,0.5,1,0,0.5,-0.225496,0,0,0,1.551706,0.8763235,0.4513318,-0.1683945,0,0,0,0,0.5,0.225496,0,0,0,1.525156,0.887812,0.4572487,0.05209277,0,0,1
613,0.040598,0.001564516,-0.2253678,0.1674109,0.02379798,-0.01890586,1.450028,0.9594566,0.2192607,-0.1771092,1,0.5,0,0.1258357,-0.4919312,0.2241566,-2.411633,-0.4247935,0.1228951,1.460085,0.9980205,-0.03363689,0.05313884,1,1,1,0.07648447,-0.4972619,-0.2241841,-2.194188,-0.2670036,0.08663762,1.438977,0.9834328,-0.03675232,-0.1775081,1,1,0,0.05237897,0.002616643,0.2254713,-0.4219379,-0.05189732,0.001815707,1.433799,0.973601,0.2216449,0.05454099,1,0.5,1,0,0.5,-0.225496,0,0,0,1.580167,0.8799146,0.4451565,-0.1660905,0,0,0,0,0.5,0.225496,0,0,0,1.553986,0.8911304,0.4508308,0.0513616,0,0,1
614,0.0439004,0.001628816,-0.2253212,0.02698061,0.00774494,0.007405135,1.484132,0.9608636,0.2155244,-0.1740415,1,0.5,0,0.02575491,-0.4990009,0.2239059,-2.52389,-0.09261671,-0.05982148,1.3926,0.9977465,-0.03857177,0.05490115,1,1,1,-0.01083474,-0.4954991,-0.2255411,-2.164686,0.1520903,-0.08785281,1.384991,0.9823631,-0.03686973,-0.1833119,1,1,0,0.0360088,0.0009183341,0.225651,-0.3992855,-0.0468265,0.002040715,1.448861,0.9742041,0.2190604,0.05421168,1,0.5,1,0,0.5,-0.225496,0,0,0,1.608565,0.8833399,0.4391612,-0.1638536,0,0,0,0,0.5,0.225496,0,0,0,1.582741,0.8942927,0.4446065,0.05065249,0,0,1
615,0.03758902,0.001131329,-0.2253642,-0.2107023,-0.01641259,0.005675855,1.50946,0.9619143,0.2125602,-0.1718691,1,0.5,0,-0.07479235,-0.4912246,0.2191982,-2.500823,0.2798052,-0.1041949,1.324414,0.9978805,-0.03575101,0.05437263,1,1,1,-0.0934081,-0.481293,-0.2313181,-2.026052,0.4053982,-0.1306653,1.336692,0.9810742,-0.03010468,-0.1912776,1,1,0,0.01802137,0.0001672791,0.225302,-0.4821238,-0.01308101,-0.000472367,1.463073,0.9746763,0.2170919,0.05364142,1,0.5,1,0,0.5,-0.225496,0,0,0,1.637558,0.8866844,0.4332046,-0.1616312,0,0,0,0,0.5,0.225496,0,0,0,1.612088,0.897377,0.4384286,0.04994867,0,0,1
616,0.02127981,0.0002791584,-0.2251738,-0.4634818,-0.02439542,-0.00108704,1.525254,0.9626263,0.2104819,-0.1704348,1,0.5,0,-0.1708862,-0.4718021,0.2143919,-2.360306,0.5468177,-0.1163535,1.260525,0.9982227,-0.02601615,0.05361577,1,1,1,-0.169214,-0.4618174,-0.2363983,-1.851346,0.5050467,-0.1124472,1.295167,0.9798913,-0.01995215,-0.1985321,1,1,0,-0.005235405,-0.0002533225,0.2250416,-0.6259498,-0.00609536,-0.01016781,1.472411,0.974973,0.2158509,0.05325544,1,0.5,1,0,0.5,-0.225496,0,0,0,1.666822,0.8899128,0.427354,-0.1594483,0,0,0,0,0.5,0.225496,0,0,0,1.6417,0.9003513,0.4323668,0.04925806,0,0,1
617,-0.003907418,2.756812E-05,-0.2249502,-0.6859708,0.01033453,0.009817634,1.53292,0.9629594,0.2095644,-0.1696821,1,0.5,0,-0.2590926,-0.4456883,0.2105727,-2.152277,0.6721141,-0.09229783,1.204955,0.9985212,-0.01154768,0.05312323,1,1,1,-0.2381224,-0.4415067,-0.2399259,-1.677599,0.5071016,-0.07546771,1.260656,0.9788421,-0.008807368,-0.2044272,1,1,0,-0.0349774,0.001070191,0.2249629,-0.7783042,0.03540732,-0.0009611253,1.476107,0.9749216,0.216117,0.05311599,1,0.5,1,0,0.5,-0.225496,0,0,0,1.696458,0.8930406,0.4215878,-0.1572969,0,0,0,0,0.5,0.225496,0,0,0,1.671679,0.9032302,0.4263981,0.04857807,0,0,1
618,-0.03651226,0.001303542,-0.2248424,-0.850735,0.04610553,0.00835583,1.533895,0.9628683,0.2100913,-0.1695478,1,0.5,0,-0.3379896,-0.4170609,0.2082399,-1.914059,0.7197547,-0.03828855,1.159267,0.9985704,0.00538737,0.05318004,1,1,1,-0.3000579,-0.4233301,-0.2411518,-1.504011,0.4346656,-0.01155064,1.232881,0.9780401,0.001540729,-0.2084112,1,1,0,-0.0702067,0.004993051,0.2248843,-0.9124048,0.1222665,-0.000906736,1.475131,0.974456,0.2182098,0.05310247,1,0.5,1,0,0.5,-0.225496,0,0,0,1.7263,0.8960541,0.4159369,-0.1551885,0,0,0,0,0.5,0.225496,0,0,0,1.701856,0.9060014,0.4205542,0.0479123,0,0,1
619,-0.07514652,0.005504506,-0.2250623,-0.9984505,0.1257637,-0.01116917,1.497876,0.9610003,0.2159816,-0.1727145,1,0.5,0,-0.4073146,-0.3889293,0.2076898,-1.672926,0.6935957,0.0007517639,1.090644,0.9982073,0.02330545,0.05512853,1,1,1,-0.3546551,-0.4088809,-0.2398426,-1.316381,0.33758,0.04754068,1.179542,0.9767256,0.01019273,-0.2142504,1,1,0,-0.1086707,0.01169503,0.2246928,-0.9756342,0.1847948,-0.01254976,1.439376,0.9727027,0.2256886,0.05398273,1,0.5,1,0,0.5,-0.225496,0,0,0,1.726498,0.8960738,0.4158998,-0.1551746,0,0,0,0,0.5,0.225496,0,0,0,1.702057,0.9060194,0.4205159,0.04790793,0,0,1
620,-0.09591322,0.009115893,-0.2249608,0,0,0,1.462922,0.9591556,0.2216675,-0.1757384,1,0.5,0,-0.4382403,-0.3756444,0.2082215,0,0,0,1.043766,0.9978328,0.03261868,0.05714693,1,1,1,-0.3789726,-0.4029099,-0.2380008,0,0,0,1.139421,0.9757643,0.0140843,-0.2183703,1,1,0,-0.1285591,0.01673072,0.2247549,0,0,0,1.405219,0.9710702,0.2323779,0.0549831,1,0.5,1,0,0.5,-0.225496,0,0,0,1.711773,0.8946037,0.4186686,-0.1562077,0,0,0,0,0.5,0.225496,0,0,0,1.687168,0.9046679,0.4233786,0.04823406,0,0,1
621,-0.1603837,0.02595442,-0.2249773,-1.070694,0.3335826,0.004237147,1.373868,0.9528567,0.2411879,-0.184099,1,0.5,0,-0.5142781,-0.3426222,0.2115757,-1.114056,0.476736,0.06036537,0.9369806,0.9962792,0.05802292,0.06372788,1,1,1,-0.4408024,-0.387882,-0.2311342,-0.9421903,0.24945,0.1109057,1.045996,0.9735534,0.02465594,-0.227125,1,1,0,-0.1883421,0.03624843,0.2250371,-0.9915438,0.3649551,0.003757329,1.320373,0.9654998,0.2539306,0.05770086,1,0.5,1,0,0.5,-0.225496,0,0,0,1.682525,0.8915874,0.4242792,-0.158301,0,0,0,0,0.5,0.225496,0,0,0,1.657586,0.901893,0.4291833,0.04889538,0,0,1
622,-0.199584,0.04108587,-0.2249947,-0.94789,0.390426,0.003230573,1.309326,0.9471003,0.2581546,-0.1906758,1,0.5,0,-0.5483446,-0.3291359,0.2144623,-0.7632795,0.2901004,0.07318783,0.8715426,0.9951224,0.0706242,0.06887301,1,1,1,-0.4743332,-0.3765779,-0.2279221,-0.7993001,0.3023536,0.06391483,0.9811559,0.9714469,0.03336726,-0.234899,1,1,0,-0.2274196,0.05421952,0.2249856,-0.9688694,0.4676703,0.003226103,1.255984,0.9600189,0.273476,0.05978733,1,0.5,1,0,0.5,-0.225496,0,0,0,1.653408,0.8884509,0.430016,-0.1604415,0,0,0,0,0.5,0.225496,0,0,0,1.628128,0.8990048,0.4351241,0.0495722,0,0,1
623,-0.2325213,0.05700285,-0.2248031,-0.783411,0.3881523,0.01018718,1.246187,0.9404783,0.2766043,-0.1974605,1,0.5,0,-0.5683812,-0.3215903,0.2183214,-0.4195394,0.1614363,0.1144737,0.8142399,0.994028,0.07944491,0.07481234,1,1,1,-0.5022155,-0.3640813,-0.2257999,-0.660828,0.3087373,0.0616357,0.9168006,0.9687721,0.04370317,-0.244071,1,1,0,-0.2632074,0.07459949,0.224825,-0.8608143,0.515143,-0.0008210543,1.190778,0.95315,0.2960764,0.0619981,1,0.5,1,0,0.5,-0.225496,0,0,0,1.619343,0.8846008,0.4369279,-0.1630203,0,0,0,0,0.5,0.225496,0,0,0,1.593652,0.8954558,0.4422894,0.05038852,0,0,1
624,-0.2594402,0.072546,-0.224603,-0.6363417,0.3783514,0.01179576,1.195638,0.9339443,0.2940168,-0.2032291,1,0.5,0,-0.5765692,-0.3171911,0.223374,-0.1421273,0.08828495,0.131768,0.7753643,0.9930516,0.08531592,0.08105451,1,1,1,-0.5231321,-0.3523555,-0.2230579,-0.4810484,0.2820314,0.07383305,0.8657792,0.9664371,0.05392123,-0.251181,1,1,0,-0.2907494,0.09316261,0.2248955,-0.6243142,0.4344685,0.007417801,1.140194,0.9464259,0.3165251,0.06395312,1,0.5,1,0,0.5,-0.225496,0,0,0,1.591353,0.881282,0.4427756,-0.1652022,0,0,0,0,0.5,0.225496,0,0,0,1.565313,0.8923934,0.4483582,0.05107991,0,0,1
625,-0.2811502,0.08651867,-0.2250085,-0.5089657,0.3393435,-0.01385287,1.150157,0.9272661,0.3105878,-0.2090762,1,0.5,0,-0.5754945,-0.3164389,0.2269008,0.0815064,0.001101196,0.07629994,0.7452345,0.9924157,0.08798432,0.08584789,1,1,1,-0.5367126,-0.3433035,-0.2215393,-0.2928973,0.2020479,0.03012941,0.8221278,0.9640309,0.06254806,-0.2583255,1,1,0,-0.3078174,0.1058246,0.2248593,-0.3560187,0.2740094,0.004698338,1.098201,0.9407247,0.3327645,0.0656108,1,0.5,1,0,0.5,-0.225496,0,0,0,1.563394,0.877818,0.4487751,-0.1674406,0,0,0,0,0.5,0.225496,0,0,0,1.536997,0.8891935,0.4545907,0.05178995,0,0,1
626,-0.2963405,0.09708562,-0.2251597,-0.3283904,0.2328702,-0.02124534,1.10903,0.9210308,0.3250938,-0.2145142,1,0.5,0,-0.5672606,-0.3201415,0.2285604,0.253296,-0.1159162,-0.001408905,0.7205014,0.9922528,0.08673359,0.08894735,1,1,1,-0.5428285,-0.3378461,-0.2214477,-0.1100243,0.1070038,-0.03317894,0.7848206,0.9615959,0.06861186,-0.2657551,1,1,0,-0.3143396,0.1111461,0.2252362,-0.1072586,0.09333421,-0.00567511,1.062946,0.9366716,0.3436754,0.06733193,1,0.5,1,0,0.5,-0.225496,0,0,0,1.534507,0.8740726,0.4551472,-0.1698181,0,0,0,0,0.5,0.225496,0,0,0,1.50773,0.88573,0.4612174,0.05254491,0,0,1
627,-0.3028661,0.1020791,-0.2254576,-0.1130984,0.07850754,-0.00714511,1.075305,0.9162612,0.3352235,-0.2192957,1,0.5,0,-0.5528123,-0.3290521,0.2274775,0.3991695,-0.2536536,-0.03505276,0.7021893,0.9927256,0.08064277,0.08940148,1,1,1,-0.5423644,-0.3368138,-0.2232698,0.04603567,-0.01034886,-0.04541578,0.7550477,0.9592401,0.07106202,-0.2735113,1,1,0,-0.3117794,0.1090458,0.2254105,0.1210496,-0.1012501,0.004860761,1.034637,0.934734,0.3486466,0.06868757,1,0.5,1,0,0.5,-0.225496,0,0,0,1.506553,0.8702768,0.4614879,-0.1721838,0,0,0,0,0.5,0.225496,0,0,0,1.479398,0.8822159,0.467819,0.05329701,0,0,1
628,-0.300311,0.1002318,-0.2254777,0.1186029,-0.08921925,-0.003981592,1.046716,0.9134311,0.3402251,-0.223362,1,0.5,0,-0.532383,-0.3427669,0.2253952,0.5474182,-0.3724845,-0.05295949,0.68836,0.9935938,0.07004032,0.08868964,1,1,1,-0.5360527,-0.340814,-0.2255176,0.1908989,-0.1364008,-0.05200507,0.7296951,0.9572107,0.06927406,-0.2809782,1,1,0,-0.2999609,0.09982885,0.2254654,0.3551306,-0.2734115,-0.001987816,1.011511,0.934938,0.3478829,0.06977478,1,0.5,1,0,0.5,-0.225496,0,0,0,1.477791,0.8661835,0.4681991,-0.1746878,0,0,0,0,0.5,0.225496,0,0,0,1.450236,0.878422,0.4748144,0.05409397,0,0,1
629,-0.2887079,0.09180808,-0.225486,0.3523485,-0.2427411,-0.001611561,1.022988,0.9126575,0.3399948,-0.2268475,1,0.5,0,-0.5058606,-0.3606406,0.2234056,0.7043663,-0.4658224,-0.04913436,0.6791764,0.9946042,0.05542804,0.08769304,1,1,1,-0.5238306,-0.3493717,-0.2271424,0.3451706,-0.2369032,-0.03554301,0.708323,0.9557412,0.06341706,-0.2872927,1,1,0,-0.2783911,0.08460241,0.2253533,0.5981448,-0.4168099,-0.003564359,0.9941915,0.9371513,0.3417249,0.07050857,1,0.5,1,0,0.5,-0.225496,0,0,0,1.448022,0.8617327,0.4753539,-0.1773573,0,0,0,0,0.5,0.225496,0,0,0,1.42004,0.8742915,0.4822816,0.05494469,0,0,1
630,-0.2683409,0.07796904,-0.225236,0.5694541,-0.372347,0.003046544,1.007274,0.9141895,0.334358,-0.2290466,1,0.5,0,-0.4724858,-0.3810998,0.2229457,0.8811597,-0.5204262,0.0007294121,0.6791497,0.9954537,0.03807846,0.08730507,1,1,1,-0.5055713,-0.3622878,-0.2264769,0.4998418,-0.3395171,0.0315264,0.6938634,0.9554724,0.05336644,-0.2902149,1,1,0,-0.2472602,0.06532386,0.2251027,0.8369963,-0.4926915,-0.01256913,0.9865017,0.9411455,0.3305236,0.07070474,1,0.5,1,0,0.5,-0.225496,0,0,0,1.420173,0.8573576,0.4822482,-0.1799296,0,0,0,0,0.5,0.225496,0,0,0,1.391778,0.8702259,0.4894865,0.05576551,0,0,1
631,-0.238399,0.06045348,-0.2249715,0.8092086,-0.451839,0.009981547,0.9993532,0.9174968,0.3244422,-0.2300802,1,0.5,0,-0.4312796,-0.4021762,0.2244204,1.076194,-0.5318421,0.04776569,0.6876105,0.9959251,0.02006025,0.08792477,1,1,1,-0.4798059,-0.3774262,-0.2232452,0.6947714,-0.3909366,0.09455089,0.6860389,0.9563303,0.04095464,-0.2894047,1,1,0,-0.2086097,0.0456191,0.2247923,1.003365,-0.4888846,-0.009233508,0.9861597,0.9456865,0.3173408,0.07051215,1,0.5,1,0,0.5,-0.225496,0,0,0,1.392618,0.8528138,0.4892693,-0.1825492,0,0,0,0,0.5,0.225496,0,0,0,1.363804,0.8659981,0.4968334,0.05660252,0,0,1
632,-0.1989532,0.04116226,-0.2246966,1.046029,-0.479486,0.007200989,1.000017,0.9220632,0.3114379,-0.2297951,1,0.5,0,-0.3823942,-0.4225665,0.2271982,1.273041,-0.5018266,0.07881823,0.7044544,0.9960274,0.002850665,0.08900146,1,1,1,-0.445588,-0.3938488,-0.218361,0.912841,-0.4101114,0.1343147,0.6862121,0.9580714,0.02710409,-0.2852449,1,1,0,-0.1652946,0.02795029,0.2248876,1.102312,-0.411761,0.006874654,0.9914112,0.9499521,0.3043763,0.07032778,1,0.5,1,0,0.5,-0.225496,0,0,0,1.365414,0.8481033,0.4964046,-0.1852114,0,0,0,0,0.5,0.225496,0,0,0,1.336173,0.8616093,0.5043098,0.05745428,0,0,1
633,-0.1522998,0.02355041,-0.2248733,1.199547,-0.4069567,-0.003174694,1.007153,0.9266443,0.298278,-0.2288244,1,0.5,0,-0.326015,-0.4411005,0.2293148,1.451743,-0.4464032,0.0436254,0.7278481,0.9959531,-0.01229833,0.08902957,1,1,1,-0.4014881,-0.4099707,-0.2142551,1.172266,-0.3972487,0.09033907,0.6952087,0.9600047,0.01341132,-0.2796625,1,1,0,-0.1196328,0.0142403,0.2249678,1.154519,-0.3133496,0.008158389,0.9992056,0.9533457,0.293649,0.07001564,1,0.5,1,0,0.5,-0.225496,0,0,0,1.337367,0.8429967,0.5039821,-0.1880387,0,0,0,0,0.5,0.225496,0,0,0,1.307672,0.8568446,0.5122611,0.05836014,0,0,1
634,-0.1036911,0.01058774,-0.2249129,1.212059,-0.2816894,0.00517592,1.01829,0.9304335,0.2875524,-0.227172,1,0.5,0,-0.2643261,-0.4568175,0.2307278,1.569915,-0.3678413,0.04277529,0.757297,0.9958128,-0.02451094,0.08806816,1,1,1,-0.3457792,-0.4267459,-0.2118143,1.471381,-0.4271777,0.05635994,0.7166995,0.9620941,-0.0006130458,-0.2727168,1,1,0,-0.07250677,0.004853828,0.2250147,1.180372,-0.205559,0.006235393,1.010421,0.9559268,0.2852542,0.06952675,1,0.5,1,0,0.5,-0.225496,0,0,0,1.310024,0.8377561,0.5115954,-0.1908792,0,0,0,0,0.5,0.225496,0,0,0,1.279873,0.8519475,0.5202618,0.05927163,0,0,1
635,-0.05776795,0.003005694,-0.2249653,1.122194,-0.1575974,-0.002013893,1.028074,0.9328537,0.2807494,-0.2257518,1,0.5,0,-0.1990667,-0.4685259,0.2329225,1.6522,-0.2688558,0.05634504,0.7898269,0.9956145,-0.0329702,0.08754858,1,1,1,-0.2779436,-0.4458289,-0.210585,1.769134,-0.4887732,0.02264456,0.7499647,0.9642619,-0.01586358,-0.2644754,1,1,0,-0.02573834,0.0003181316,0.2248617,1.157473,-0.08950083,-0.008883331,1.022184,0.9575046,0.2800699,0.06888895,1,0.5,1,0,0.5,-0.225496,0,0,0,1.282368,0.8321722,0.5195336,-0.193841,0,0,0,0,0.5,0.225496,0,0,0,1.251741,0.8467215,0.5286168,0.0602235,0,0,1
636,-0.01637801,9.657204E-06,-0.2248929,1.002881,-0.05270322,0.0009149316,1.035423,0.9341109,0.2774542,-0.224624,1,0.5,0,-0.1303133,-0.4775987,0.2351315,1.744104,-0.2108605,0.04443007,0.8263346,0.9954655,-0.03890323,0.08680425,1,1,1,-0.1993708,-0.4651222,-0.2103228,2.021358,-0.477715,-0.003205986,0.794721,0.9664344,-0.0302167,-0.2551305,1,1,0,0.01701713,-9.991345E-08,0.2249666,1.034073,0.0143087,0.001125038,1.031827,0.958105,0.2780993,0.06852383,1,0.5,1,0,0.5,-0.225496,0,0,0,1.255329,0.8264167,0.5275363,-0.1968269,0,0,0,0,0.5,0.225496,0,0,0,1.224223,0.8413262,0.5370536,0.06118467,0,0,1
637,0.01965353,0.0001765474,-0.2247922,1.801578,0.008344512,0.005038084,1.054003,0.9357148,0.2742443,-0.2218735,1,0.5,0,-0.05743938,-0.4848413,0.2355208,3.643699,-0.3621297,0.0194639,0.8831004,0.9955974,-0.04254304,0.08352304,1,1,1,-0.1128679,-0.4817203,-0.2120915,4.325144,-0.8299056,-0.08843396,0.8638071,0.9690391,-0.04085644,-0.2435033,1,1,0,0.05285171,0.002804216,0.2250104,1.79173,0.1402159,0.002190472,1.05144,0.9586588,0.276391,0.06768577,1,0.5,1,0,0.5,-0.225496,0,0,0,1.241979,0.8234602,0.5315793,-0.1983353,0,0,0,0,0.5,0.225496,0,0,0,1.210629,0.8385512,0.5413212,0.06167086,0,0,1
638,0.04983065,0.002377899,-0.2250469,0.7142319,0.06371204,-0.005187841,1.051828,0.9350716,0.2760473,-0.2223487,1,0.5,0,0.01912137,-0.4898894,0.2332927,1.933991,-0.1049683,-0.07580596,0.9263035,0.9958334,-0.04479366,0.07943096,1,1,1,-0.02086278,-0.4925248,-0.2159177,2.326496,-0.223978,-0.1152263,0.9222184,0.9705798,-0.04677538,-0.2361927,1,1,0,0.08007398,0.006349268,0.2249361,0.6272222,0.08865897,-0.0003620984,1.046682,0.9577359,0.2795333,0.0678459,1,0.5,1,0,0.5,-0.225496,0,0,0,1.214735,0.8171756,0.5400252,-0.2014866,0,0,0,0,0.5,0.225496,0,0,0,1.182878,0.8326448,0.550248,0.06268787,0,0,1
639,0.07439814,0.005562235,-0.2250788,0.5793045,0.08693483,-0.001501293,1.045534,0.9339048,0.2792317,-0.2232747,1,0.5,0,0.09796685,-0.4904961,0.2297788,1.978664,0.02236516,-0.09257276,0.9724658,0.9962545,-0.0438014,0.07455438,1,1,1,0.07410169,-0.494445,-0.2205717,2.382689,0.01453311,-0.1188569,0.9843079,0.9722279,-0.04611242,-0.2294482,1,1,0,0.09760503,0.009471928,0.2252748,0.38041,0.06940871,0.009362403,1.033493,0.9563713,0.2839738,0.06865034,1,0.5,1,0,0.5,-0.225496,0,0,0,1.188479,0.8107795,0.5484227,-0.2046197,0,0,0,0,0.5,0.225496,0,0,0,1.156117,0.8266228,0.5591394,0.06370082,0,0,1
640,0.09383062,0.00889354,-0.2254596,0.4558043,0.09392301,-0.003504755,1.034083,0.9321612,0.2834876,-0.2251896,1,0.5,0,0.1764502,-0.4836718,0.2260606,1.949837,0.2240957,-0.08317906,1.017442,0.9968301,-0.03800593,0.06989431,1,1,1,0.168701,-0.4855554,-0.2248351,2.350311,0.3042997,-0.09584803,1.045035,0.9740127,-0.03854631,-0.2231892,1,1,0,0.1069342,0.01142497,0.2253546,0.1875096,0.04184997,0.007131699,1.01163,0.9546757,0.289373,0.06969599,1,0.5,1,0,0.5,-0.225496,0,0,0,1.161995,0.803963,0.5571618,-0.2078803,0,0,0,0,0.5,0.225496,0,0,0,1.129107,0.8201932,0.5684097,0.06475696,0,0,1
641,0.1097394,0.01211134,-0.2254379,0.3786975,0.07691848,0.007300082,1.019313,0.930136,0.2883615,-0.2273646,1,0.5,0,0.2510115,-0.4677181,0.2255685,1.829807,0.4532399,0.0223525,1.058579,0.9973443,-0.02676673,0.0677338,1,1,1,0.2589204,-0.4652109,-0.225301,2.217905,0.5719649,0.03021435,1.100532,0.9761431,-0.02449867,-0.2157414,1,1,0,0.1112085,0.01240559,0.2254667,0.08597825,0.02170448,0.003977866,0.9847627,0.9527697,0.2952698,0.07103271,1,0.5,1,0,0.5,-0.225496,0,0,0,1.135778,0.7968248,0.5660916,-0.2112121,0,0,0,0,0.5,0.225496,0,0,0,1.102352,0.8134471,0.5779006,0.06583823,0,0,1
642,0.1238964,0.0155632,-0.2254114,0.3414766,0.08777742,0.007762763,1.00209,0.9277421,0.2939658,-0.2299538,1,0.5,0,0.3181968,-0.4434523,0.2271612,1.625623,0.6452533,0.07226396,1.09156,0.9976704,-0.01096551,0.06733094,1,1,1,0.3409833,-0.4348501,-0.2231654,1.992249,0.806703,0.08986149,1.146815,0.9780329,-0.005374052,-0.2083813,1,1,0,0.1142445,0.01308332,0.2254632,0.08746017,0.02205182,0.006574395,0.9557116,0.9506692,0.301628,0.07244784,1,0.5,1,0,0.5,-0.225496,0,0,0,1.108996,0.789098,0.5755141,-0.2147277,0,0,0,0,0.5,0.225496,0,0,0,1.075002,0.8061296,0.5879358,0.0669815,0,0,1
643,0.1378454,0.01924428,-0.2253322,0.3541963,0.09747813,-0.003052504,0.9858078,0.9253009,0.2996648,-0.2324205,1,0.5,0,0.3760324,-0.4147541,0.2308752,1.386545,0.7281008,0.09277616,1.116852,0.9976217,0.006955416,0.06857475,1,1,1,0.4124927,-0.3984424,-0.2183511,1.717005,0.9344537,0.1233042,1.184037,0.9794717,0.01636398,-0.2009167,1,1,0,0.1192083,0.01426488,0.2253209,0.136757,0.03195607,-0.008459393,0.9297398,0.9485518,0.3079336,0.07366437,1,0.5,1,0,0.5,-0.225496,0,0,0,1.083334,0.7812461,0.5848417,-0.2182079,0,0,0,0,0.5,0.225496,0,0,0,1.048777,0.7986779,0.5978912,0.06811568,0,0,1
644,0.1524037,0.02357777,-0.2250812,0.3679262,0.1152873,0.01033694,0.969817,0.9226704,0.3058733,-0.2347783,1,0.5,0,0.4241628,-0.3858433,0.234814,1.14142,0.7158267,0.1004786,1.132454,0.9972202,0.024599,0.0703322,1,1,1,0.4724267,-0.3603081,-0.2128469,1.421251,0.955737,0.1409628,1.21017,0.9801247,0.03841247,-0.194628,1,1,0,0.1271166,0.01636732,0.225217,0.2181903,0.06774425,0.002046675,0.9064045,0.9462922,0.3145378,0.07481276,1,0.5,1,0,0.5,-0.225496,0,0,0,1.057519,0.7728658,0.5945354,-0.2218246,0,0,0,0,0.5,0.225496,0,0,0,1.022375,0.7907071,0.60826,0.06929697,0,0,1
645,0.1676622,0.02866982,-0.2249547,0.3830814,0.1289969,0.001819432,0.956262,0.9200054,0.312217,-0.2368768,1,0.5,0,0.4633385,-0.3599286,0.2379377,0.9277213,0.6205204,0.07469583,1.141023,0.9966012,0.04026232,0.0718684,1,1,1,0.5209234,-0.3247586,-0.2080725,1.140635,0.8617107,0.1141564,1.227493,0.9800503,0.05860595,-0.1899125,1,1,0,0.1374661,0.0190333,0.2249513,0.2744527,0.07038995,-0.003752859,0.8871015,0.9441075,0.3208369,0.07566229,1,0.5,1,0,0.5,-0.225496,0,0,0,1.033192,0.7644879,0.6039687,-0.2253442,0,0,0,0,0.5,0.225496,0,0,0,0.9974778,0.7827206,0.6183731,0.07044912,0,0,1
646,0.1829172,0.03433313,-0.2248974,0.381002,0.1451735,-0.001351536,0.9430045,0.9171178,0.3190102,-0.2390134,1,0.5,0,0.4946384,-0.3387635,0.2399341,0.7330197,0.5012499,0.04108326,1.141838,0.995912,0.05313341,0.07304869,1,1,1,0.55822,-0.2953065,-0.2044656,0.8661631,0.685865,0.07676485,1.234349,0.9794497,0.0753559,-0.1870821,1,1,0,0.1495258,0.02273739,0.2248601,0.3075221,0.09810379,-0.003711881,0.8698527,0.9417172,0.3275808,0.07654843,1,0.5,1,0,0.5,-0.225496,0,0,0,1.009158,0.7557117,0.6135874,-0.228933,0,0,0,0,0.5,0.225496,0,0,0,0.9728606,0.7743354,0.6287085,0.0716266,0,0,1
647,0.1974246,0.04031004,-0.2247298,0.358689,0.1482906,0.001589209,0.9285386,0.9139001,0.3264245,-0.2413164,1,0.5,0,0.5190162,-0.3231816,0.2408546,0.5649897,0.356497,0.01516119,1.134852,0.9952788,0.0628916,0.07392388,1,1,1,0.585044,-0.2748227,-0.2027245,0.6052467,0.4514934,0.02993868,1.23026,0.9785587,0.08737258,-0.1865179,1,1,0,0.1622704,0.02683852,0.2247736,0.3201829,0.1064388,-0.001081825,0.8527468,0.9391168,0.3347548,0.07745247,1,0.5,1,0,0.5,-0.225496,0,0,0,0.9848456,0.7462842,0.6236339,-0.2326814,0,0,0,0,0.5,0.225496,0,0,0,0.9479394,0.7653061,0.6395295,0.0728594,0,0,1
648,0.2103952,0.04606799,-0.2247959,0.3128105,0.1340868,-0.004224481,0.9110956,0.9101527,0.33454,-0.2443463,1,0.5,0,0.5368312,-0.313397,0.2407159,0.4027607,0.2082826,-0.01235977,1.119186,0.9947892,0.06954298,0.07455348,1,1,1,0.6015936,-0.2646413,-0.2029761,0.3540219,0.1866043,-0.02024845,1.213968,0.9775624,0.09414332,-0.1884376,1,1,0,0.1751236,0.03145738,0.2247186,0.3212572,0.1185839,0.00108853,0.8342924,0.9361073,0.3428464,0.07848251,1,0.5,1,0,0.5,-0.225496,0,0,0,0.9595006,0.7358115,0.6344636,-0.2367221,0,0,0,0,0.5,0.225496,0,0,0,0.9219366,0.7552497,0.6512245,0.07419177,0,0,1
649,0.2209848,0.05125125,-0.2247918,0.2450437,0.1182203,-0.0004179777,0.892845,0.9062648,0.3426449,-0.247545,1,0.5,0,0.5480433,-0.3099687,0.239172,0.2362967,0.04551413,-0.04027785,1.098025,0.9945685,0.0726092,0.07457455,1,1,1,0.6081766,-0.2647294,-0.2055038,0.1032621,-0.06539824,-0.07096681,1.189005,0.9765974,0.0954826,-0.1927192,1,1,0,0.1875467,0.03631528,0.224743,0.3138253,0.1244346,0.001747907,0.8171085,0.9329894,0.3510078,0.07952496,1,0.5,1,0,0.5,-0.225496,0,0,0,0.9356714,0.7253063,0.6449944,-0.2406512,0,0,0,0,0.5,0.225496,0,0,0,0.8974671,0.7451349,0.6626274,0.07549086,0,0,1
650,0.2287628,0.05510916,-0.2248987,0.1756512,0.08729756,-0.009790067,0.8721056,0.9021477,0.3506357,-0.2513645,1,0.5,0,0.5520207,-0.3130965,0.236258,0.05379917,-0.1203955,-0.08425939,1.069489,0.9946548,0.07193647,0.0740738,1,1,1,0.6048272,-0.2741041,-0.2099586,-0.1425416,-0.2911882,-0.1226329,1.154279,0.9755951,0.09181997,-0.1994577,1,1,0,0.1993161,0.04117088,0.2249243,0.2860413,0.1184643,-0.002699347,0.7997988,0.9296787,0.3594178,0.08072351,1,0.5,1,0,0.5,-0.225496,0,0,0,0.9124745,0.7144052,0.6555871,-0.2446034,0,0,0,0,0.5,0.225496,0,0,0,0.8736253,0.7346103,0.6741285,0.07680114,0,0,1
651,0.233053,0.05737146,-0.2251362,0.0914805,0.04143772,-0.01033172,0.8479134,0.8976849,0.3586072,-0.2560522,1,0.5,0,0.5477997,-0.3223652,0.2326076,-0.1567215,-0.2697976,-0.1055159,1.032409,0.9950008,0.0676287,0.07348402,1,1,1,0.5912941,-0.2912246,-0.2151704,-0.3987373,-0.4740955,-0.1396061,1.109313,0.9744795,0.08374715,-0.2082692,1,1,0,0.2102783,0.04640245,0.2251726,0.2597951,0.1269619,0.0006817284,0.7820815,0.9260151,0.3684652,0.08203267,1,0.5,1,0,0.5,-0.225496,0,0,0,0.8897021,0.7029913,0.6663299,-0.2486116,0,0,0,0,0.5,0.225496,0,0,0,0.8501977,0.7235596,0.6858255,0.07813374,0,0,1
652,0.2338976,0.05786178,-0.2253887,-0.004631283,-0.008277785,-0.003086777,0.8191406,0.8926942,0.3668008,-0.2618286,1,0.5,0,0.5350175,-0.3372598,0.2287369,-0.378743,-0.4004808,-0.081642,0.9853549,0.9955258,0.05974341,0.07320599,1,1,1,0.5675201,-0.314454,-0.2205041,-0.6606879,-0.6122442,-0.117305,1.053109,0.9730238,0.07182112,-0.2192403,1,1,0,0.2195367,0.05063377,0.2253514,0.2261364,0.1086135,0.01056046,0.7614986,0.9221004,0.3778314,0.0835129,1,0.5,1,0,0.5,-0.225496,0,0,0,0.8665274,0.6905764,0.67763,-0.2528277,0,0,0,0,0.5,0.225496,0,0,0,0.826333,0.7115043,0.6981655,0.0795396,0,0,1
653,0.2307157,0.05625042,-0.2255102,-0.1044572,-0.06119816,-0.007768724,0.7868359,0.8873935,0.3747567,-0.2684959,1,0.5,0,0.5126612,-0.3557854,0.2260236,-0.6179961,-0.4824655,-0.05561339,0.9295427,0.9960356,0.04911683,0.07416609,1,1,1,0.5332947,-0.3417616,-0.2243183,-0.9190086,-0.7037166,-0.08115622,0.9873657,0.971186,0.05663593,-0.2314954,1,1,0,0.2264457,0.05405051,0.2254672,0.1569398,0.07442053,0.002323092,0.7392908,0.9179927,0.387359,0.08510289,1,0.5,1,0,0.5,-0.225496,0,0,0,0.8443046,0.6778331,0.688832,-0.2570072,0,0,0,0,0.5,0.225496,0,0,0,0.803425,0.6990921,0.710436,0.08093753,0,0,1
654,0.2229967,0.05249891,-0.2255396,-0.2249301,-0.1072076,0.001846255,0.7500039,0.8815054,0.3827979,-0.2764308,1,0.5,0,0.4809762,-0.3764923,0.2247119,-0.8517701,-0.5220177,-0.01567975,0.8647885,0.9963923,0.03627498,0.07672387,1,1,1,0.4888893,-0.3710577,-0.2261751,-1.174847,-0.7338706,-0.03000424,0.9119745,0.9686986,0.03891164,-0.2451709,1,1,0,0.2293966,0.05564918,0.2253657,0.04533904,0.02757983,-0.003498794,0.713006,0.9136682,0.3970707,0.08686332,1,0.5,1,0,0.5,-0.225496,0,0,0,0.8226067,0.6645123,0.7001325,-0.2612235,0,0,0,0,0.5,0.225496,0,0,0,0.7810348,0.6860769,0.7228531,0.08235217,0,0,1
655,0.2100425,0.04633915,-0.2253764,-0.361322,-0.1569361,0.002818556,0.7082719,0.8749139,0.3909213,-0.2858433,1,0.5,0,0.4406228,-0.397655,0.225453,-1.058428,-0.531933,0.01680628,0.7923355,0.9964239,0.02193313,0.08159877,1,1,1,0.4349508,-0.4003259,-0.2255212,-1.40629,-0.7237199,0.01732335,0.8280345,0.965368,0.01933241,-0.2601749,1,1,0,0.2267923,0.05438455,0.2252912,-0.1080536,-0.04813543,-0.003363193,0.6811357,0.9091958,0.4067141,0.08914401,1,0.5,1,0,0.5,-0.225496,0,0,0,0.8016939,0.6507607,0.7113808,-0.2654203,0,0,0,0,0.5,0.225496,0,0,0,0.759432,0.6725979,0.7352521,0.08376475,0,0,1
656,0.1917751,0.03824668,-0.225249,-0.4874455,-0.2106701,-0.005093219,0.6608558,0.8669566,0.3999176,-0.297409,1,0.5,0,0.3928278,-0.4187175,0.2266143,-1.239597,-0.5165102,0.0415139,0.7121837,0.9961066,0.006007774,0.08795227,1,1,1,0.3726829,-0.4279133,-0.2238213,-1.604105,-0.6767499,0.05521926,0.7361002,0.9605364,-0.001547883,-0.27815,1,1,0,0.2168189,0.04940218,0.2249143,-0.3083268,-0.1433869,-0.01576841,0.6405764,0.9043282,0.4168087,0.09198359,1,0.5,1,0,0.5,-0.225496,0,0,0,0.7808107,0.6360319,0.7229796,-0.2697479,0,0,0,0,0.5,0.225496,0,0,0,0.737836,0.6581134,0.7480797,0.08522615,0,0,1
657,0.1688704,0.0293177,-0.2249866,-0.6000469,-0.2294838,0.002463908,0.6093761,0.8572312,0.4104268,-0.3109735,1,0.5,0,0.3389136,-0.4389827,0.2281894,-1.380824,-0.5061896,0.02728553,0.6263183,0.9953092,-0.01152669,0.09605583,1,1,1,0.3032387,-0.4523454,-0.221208,-1.776235,-0.5896198,0.05697685,0.6380348,0.9537143,-0.02314994,-0.2998221,1,1,0,0.1975556,0.04050018,0.2249621,-0.5378539,-0.2477304,-0.00428036,0.5901406,0.8986703,0.4279266,0.09628313,1,0.5,1,0,0.5,-0.225496,0,0,0,0.7603798,0.6205442,0.7346992,-0.2741205,0,0,0,0,0.5,0.225496,0,0,0,0.7166837,0.6428304,0.7610852,0.08670782,0,0,1
658,0.140937,0.02018997,-0.2250244,-0.7321614,-0.2257229,-0.005786123,0.5536848,0.8446679,0.4234568,-0.3274455,1,0.5,0,0.2801216,-0.4582664,0.2276742,-1.497643,-0.4703777,-0.02087728,0.5353183,0.9940888,-0.03116569,0.1040011,1,1,1,0.2280976,-0.4721034,-0.220128,-1.90927,-0.4552828,0.02077372,0.5357037,0.9434883,-0.0445141,-0.3284028,1,1,0,0.1688616,0.02916128,0.2250527,-0.7773142,-0.2946812,0.00019148,0.5299605,0.8912364,0.4419211,0.1019968,1,0.5,1,0,0.5,-0.225496,0,0,0,0.7401448,0.6040235,0.746687,-0.2785933,0,0,0,0,0.5,0.225496,0,0,0,0.6957095,0.6264704,0.7744356,0.08822878,0,0,1
659,0.1074255,0.01142204,-0.2252331,-0.8805692,-0.2103691,-0.005998465,0.4945064,0.8282728,0.4398383,-0.3471402,1,0.5,0,0.2170064,-0.4753237,0.2260118,-1.605754,-0.4141839,-0.05111175,0.4405993,0.9922436,-0.0524386,0.1127066,1,1,1,0.1496526,-0.4867638,-0.2197777,-1.973148,-0.3236101,-0.000267476,0.4322071,0.9289242,-0.06518276,-0.3644873,1,1,0,0.1313209,0.01731003,0.2251476,-0.9834487,-0.2908933,-0.001183898,0.4623077,0.8808181,0.4606739,0.1092661,1,0.5,1,0,0.5,-0.225496,0,0,0,0.7206249,0.5868282,0.7586278,-0.2830485,0,0,0,0,0.5,0.225496,0,0,0,0.6754519,0.6093802,0.7877821,0.08974931,0,0,1
660,0.06655675,0.004007563,-0.2252985,-1.073647,-0.1695522,0.0007241967,0.4314575,0.8058876,0.4616502,-0.3707078,1,0.5,0,0.1485369,-0.4889216,0.2244404,-1.74965,-0.3193231,-0.02778248,0.3415105,0.9894472,-0.07477223,0.1241106,1,1,1,0.07158587,-0.4959027,-0.2198837,-1.936121,-0.1842708,0.003618003,0.3315398,0.908771,-0.08406423,-0.4087402,1,1,0,0.08834787,0.0075359,0.2251825,-1.096401,-0.2231371,0.003647061,0.3920102,0.8659555,0.4860213,0.1179162,1,0.5,1,0,0.5,-0.225496,0,0,0,0.7020096,0.5691247,0.7703766,-0.287432,0,0,0,0,0.5,0.225496,0,0,0,0.6561095,0.5917202,0.8009622,0.09125087,0,0,1
661,0.01759422,-8.436776E-05,-0.2250477,-1.267542,-0.07250438,0.005907568,0.3657991,0.7740637,0.4919335,-0.3985309,1,0.5,0,0.07309028,-0.497393,0.2243623,-1.926828,-0.176856,0.005394968,0.2366135,0.9851567,-0.09692051,0.1416785,1,1,1,-0.002481468,-0.4996579,-0.2202573,-1.822866,-0.05772861,-0.01184494,0.2374557,0.8815553,-0.09988116,-0.4613936,1,1,0,0.04488774,0.001749886,0.2251653,-1.080133,-0.1228578,-0.008348379,0.3249267,0.845502,0.5185307,0.1274845,1,0.5,1,0,0.5,-0.225496,0,0,0,0.6843634,0.5510044,0.7818546,-0.2917145,0,0,0,0,0.5,0.225496,0,0,0,0.6377515,0.5735782,0.813886,0.09272324,0,0,1
662,-0.03426321,0.001142526,-0.2248273,-1.287516,0.06237921,0.007317218,0.3027748,0.7296436,0.5320826,-0.4295442,1,0.5,0,-0.007001223,-0.4999411,0.223355,-2.018996,-0.02773405,-0.03783555,0.1260355,0.9791802,-0.1181102,0.1650945,1,1,1,-0.07297026,-0.4972969,-0.2227574,-1.746099,0.09337667,-0.07470179,0.1494694,0.842276,-0.1097771,-0.52775,1,1,0,0.001779556,2.611934E-05,0.224747,-1.082133,-0.02224545,-0.01432524,0.2609753,0.817086,0.5598422,0.1376484,1,0.5,1,0,0.5,-0.225496,0,0,0,0.6667248,0.5314044,0.7936747,-0.2961247,0,0,0,0,0.5,0.225496,0,0,0,0.6193788,0.5538811,0.8272445,0.09424513,0,0,1
663,-0.08244472,0.006727491,-0.2246188,-1.166048,0.1644908,0.007584694,0.2493945,0.6746062,0.5774362,-0.459863,1,0.5,0,-0.0878253,-0.4960502,0.2232306,-2.014975,0.1401052,0.003282727,0.01548928,0.9702735,-0.1358907,0.2002575,1,1,1,-0.1407581,-0.4898255,-0.2246828,-1.677147,0.2206192,-0.0422083,0.06824034,0.7870487,-0.1123213,-0.6065792,1,1,0,-0.04341017,0.002052685,0.2247605,-1.147506,0.08264788,0.006887319,0.2005512,0.7773603,0.6110227,0.1495401,1,0.5,1,0,0.5,-0.225496,0,0,0,0.6500334,0.5112816,0.805194,-0.3004226,0,0,0,0,0.5,0.225496,0,0,0,0.6019703,0.5335814,0.840313,0.09573397,0,0,1
664,-0.122821,0.01518781,-0.2250124,-0.9565744,0.2218135,-0.01106784,0.2081354,0.6119319,0.6230275,-0.4872125,1,0.5,0,-0.1667198,-0.4858576,0.2226001,-1.952345,0.29393,-0.006070735,-0.09285522,0.9564947,-0.1470181,0.2519991,1,1,1,-0.2057926,-0.4778439,-0.226648,-1.607275,0.3258751,-0.03978984,-0.004415363,0.7069612,-0.1046117,-0.6994728,1,1,0,-0.0905501,0.008186007,0.2248275,-1.183742,0.186798,0.005311521,0.1452062,0.7216321,0.6729414,0.1624713,1,0.5,1,0,0.5,-0.225496,0,0,0,0.6340847,0.4903969,0.8165175,-0.3046474,0,0,0,0,0.5,0.225496,0,0,0,0.5853156,0.5124331,0.8532081,0.09720306,0,0,1
665,-0.1552391,0.0246483,-0.2253257,-0.7624413,0.2359676,-0.01129359,0.1766772,0.5441036,0.6659724,-0.5103255,1,0.5,0,-0.2418167,-0.4699014,0.2234474,-1.851094,0.429927,0.02293215,-0.1968004,0.9287772,-0.1447937,0.3411858,1,1,1,-0.267484,-0.4627071,-0.2267736,-1.519102,0.3963383,-0.0005014242,-0.06744555,0.5916886,-0.08486123,-0.8016877,1,1,0,-0.1360783,0.01883663,0.2252656,-1.113488,0.2848555,0.008343164,0.0991621,0.6464748,0.7424312,0.175688,1,0.5,1,0,0.5,-0.225496,0,0,0,0.6183978,0.4680102,0.8279701,-0.3089205,0,0,0,0,0.5,0.225496,0,0,0,0.5689132,0.4896764,0.8663005,0.09869463,0,0,1
666,-0.1801313,0.0330013,-0.2246965,-0.5723911,0.1844032,0.03651457,0.1528963,0.4764738,0.7030233,-0.5279499,1,0.5,0,-0.2658698,-0.4602415,0.2244378,0.5886647,-0.01149029,0.02012552,-0.2492767,0.8987979,-0.1365708,0.4165462,1,1,1,-0.3247464,-0.4457689,-0.2224203,-1.399296,0.4085647,0.2072,-0.1187446,0.4366442,-0.05185218,-0.8981388,1,1,0,-0.1764379,0.03175389,0.2263053,-0.9825315,0.3299097,0.04618244,0.06562072,0.5565239,0.8092948,0.1879445,1,0.5,1,0,0.5,-0.225496,0,0,0,0.6036937,0.4450685,0.8390009,-0.3130361,0,0,0,0,0.5,0.225496,0,0,0,0.5535188,0.4662654,0.8789592,0.1001368,0,0,1
667,-0.2093324,0.04380647,-0.2246927,-0.9030487,0.3330368,0.06490501,0.1337576,0.3932636,0.7413031,-0.5438873,1,0.5,0,-0.2298698,-0.459457,0.2153314,0.9181473,0.01744033,-0.1811818,-0.249981,0.9147161,-0.133818,0.3812968,1,1,1,-0.3604624,-0.4328556,-0.2160131,-0.5940171,0.2343745,0.2310597,-0.1498912,0.2802096,-0.01958144,-0.9597391,1,1,0,-0.1975383,0.03945366,0.2263085,-0.2616012,0.1199514,0.06157013,0.04413617,0.4797107,0.8553993,0.195371,1,0.5,1,0,0.5,-0.225496,0,0,0,0.5895534,0.4208754,0.8498895,-0.3170987,0,0,0,0,0.5,0.225496,0,0,0,0.5386956,0.4414828,0.8915028,0.1015658,0,0,1
668,-0.2408814,0.06045332,-0.223843,-0.6512525,0.3858411,-0.007055703,0.1239514,0.297473,0.7796333,-0.5510733,1,0.5,0,-0.1896332,-0.4627623,0.1910983,1.030193,-0.1189381,-0.7454078,-0.2499847,0.9473698,-0.1470401,0.2843761,1,1,1,-0.3400446,-0.4296007,-0.2329713,0.831585,0.05142095,-0.6466153,-0.1365794,0.2378661,-0.009907932,-0.9712474,1,1,0,-0.1897378,0.0363172,0.2236869,0.283219,-0.1399145,-0.1160294,0.02966011,0.4469891,0.8728564,0.1957612,1,0.5,1,0,0.5,-0.225496,0,0,0,0.5764465,0.3962018,0.8602378,-0.3209597,0,0,0,0,0.5,0.225496,0,0,0,0.5249386,0.4161128,0.9034688,0.1029291,0,0,1
669,-0.2554466,0.06999195,-0.2213091,-0.7282595,0.4769318,0.1266942,0.1217003,0.2492458,0.7977991,-0.5489929,1,0.5,0,-0.1573042,-0.4672042,0.1705939,1.61645,-0.2220959,-1.025221,-0.2386259,0.9683384,-0.1576445,0.193569,1,1,1,-0.2878,-0.4274923,-0.2592314,2.612233,0.1054228,-1.313008,-0.1014399,0.3076142,-0.003744207,-0.9515038,1,1,0,-0.1729526,0.03018891,0.2205099,0.8392621,-0.3064143,-0.1588509,0.02401638,0.4531351,0.8705623,0.1918068,1,0.5,1,0,0.5,-0.225496,0,0,0,0.5701747,0.3834914,0.8652793,-0.3228408,0,0,0,0,0.5,0.225496,0,0,0,0.5183495,0.4030078,0.9093145,0.1035951,0,0,1
670,-0.2452753,0.06430512,-0.2224827,0.3810333,-0.2244164,-0.04957469,0.1125709,0.2162602,0.8004056,-0.5590907,1,0.5,0,-0.125649,-0.4646448,0.1758204,0.806928,0.1096249,0.3140093,-0.2389172,0.9655978,-0.1480172,0.2138032,1,1,1,-0.2269054,-0.4337974,-0.2626238,1.558156,-0.2229572,0.093554,-0.08864146,0.3666985,-0.01895529,-0.9301467,1,1,0,-0.1740518,0.03085993,0.2216973,-0.1264386,0.0597805,0.06165433,0.01044714,0.3990583,0.8950191,0.1992318,1,0.5,1,0,0.5,-0.225496,0,0,0,0.5580825,0.3570137,0.8751681,-0.3265303,0,0,0,0,0.5,0.225496,0,0,0,0.5056343,0.3756335,0.9208118,0.1049049,0,0,1
671,-0.2167286,0.04946828,-0.2247313,0.8079227,-0.3988638,-0.04941599,0.1010903,0.2130491,0.7910097,-0.5735099,1,0.5,0,-0.09391357,-0.458637,0.1991419,0.7818776,0.1452178,0.6392191,-0.2349193,0.9464167,-0.1231211,0.2985577,1,1,1,-0.1629267,-0.4472296,-0.246354,1.604673,-0.3576221,0.4772151,-0.09043887,0.4440453,-0.05183491,-0.8945037,1,1,0,-0.1797469,0.03323875,0.2245888,-0.1007423,0.04385768,0.06619397,-0.0009224713,0.3306971,0.9201751,0.2095641,1,0.5,1,0,0.5,-0.225496,0,0,0,0.5467683,0.3293856,0.8846275,-0.3300597,0,0,0,0,0.5,0.225496,0,0,0,0.4937232,0.3469682,0.931849,0.1061624,0,0,1
672,-0.1746589,0.03131084,-0.2255269,1.138764,-0.4585257,-0.0117369,0.08946198,0.2334927,0.7758106,-0.5861733,1,0.5,0,-0.06490519,-0.4558692,0.2254897,0.7030181,0.04121216,0.6461697,-0.2294053,0.9142413,-0.1103834,0.389844,1,1,1,-0.09909151,-0.4630713,-0.2241528,1.591658,-0.4077391,0.5670483,-0.09346497,0.5244382,-0.0911885,-0.8465514,1,1,0,-0.1756328,0.03165773,0.2255429,0.1732581,-0.06291664,0.01266674,-0.01085159,0.2793859,0.9356214,0.2157686,1,0.5,1,0,0.5,-0.225496,0,0,0,0.5365187,0.3012913,0.8933751,-0.3333234,0,0,0,0,0.5,0.225496,0,0,0,0.4829206,0.3177205,0.9420903,0.1073291,0,0,1
673,-0.1185621,0.01399503,-0.2242777,1.485206,-0.413036,0.04064666,0.08149832,0.2773862,0.7566574,-0.5920528,1,0.5,0,-0.03938399,-0.4580497,0.2487607,0.6155229,-0.08790944,0.5482951,-0.2253438,0.875559,-0.1166904,0.4688067,1,1,1,-0.03652251,-0.4788403,-0.2016596,1.55697,-0.3936262,0.5498389,-0.09321883,0.5982066,-0.1298986,-0.7907435,1,1,0,-0.1609491,0.02634428,0.2246228,0.4259387,-0.1564924,-0.03414677,-0.0207282,0.2481109,0.9438158,0.2182953,1,0.5,1,0,0.5,-0.225496,0,0,0,0.5272127,0.2724476,0.9014686,-0.3363432,0,0,0,0,0.5,0.225496,0,0,0,0.4731022,0.2875974,0.9515958,0.108412,0,0,1
674,-0.05494191,0.002433567,-0.2213228,1.56624,-0.2267542,0.08250403,0.08058608,0.3314156,0.7379329,-0.5878935,1,0.5,0,-0.01671565,-0.4658364,0.2608143,0.558513,-0.2469302,0.1950905,-0.2268496,0.8443757,-0.1458404,0.5155193,1,1,1,0.02511138,-0.4900087,-0.1876658,1.539394,-0.224039,0.2584116,-0.08407393,0.655089,-0.1538944,-0.7397127,1,1,0,-0.1348052,0.01853825,0.2223848,0.7530431,-0.2134832,-0.04739763,-0.0301438,0.2395456,0.9461155,0.2179067,1,0.5,1,0,0.5,-0.225496,0,0,0,0.5188371,0.2427839,0.9088793,-0.3391082,0,0,0,0,0.5,0.225496,0,0,0,0.4642567,0.2565263,0.9603252,0.1094065,0,0,1
675,-0.009799515,-0.0001859046,-0.221765,0.9368029,-0.02303146,-0.04342871,0.0834704,0.3525637,0.7297955,-0.5857452,1,0.5,0,0.007326985,-0.4822958,0.2481554,0.6187999,-0.4650624,-0.4718358,-0.2368473,0.8467973,-0.2139281,0.4870001,1,1,1,0.08696781,-0.4901005,-0.1956569,1.541938,0.06924573,-0.3402883,-0.05813918,0.6845545,-0.1450694,-0.7143808,1,1,0,-0.08806265,0.007915311,0.2223943,1.344665,-0.28151,0.03482477,-0.03630838,0.2748537,0.9357843,0.2208241,1,0.5,1,0,0.5,-0.225496,0,0,0,0.511577,0.2130436,0.9154024,-0.341542,0,0,0,0,0.5,0.225496,0,0,0,0.4565824,0.2252916,0.9680295,0.1102843,0,0,1
676,0.01489798,-0.0004213908,-0.2254053,0.5847139,-0.006975217,-0.08658174,0.08294386,0.3405102,0.7300507,-0.5925189,1,0.5,0,0.03223033,-0.4989114,0.2230942,0.6297671,-0.3487022,-0.6083536,-0.2499453,0.8631338,-0.2915817,0.4122864,1,1,1,0.1448898,-0.4830605,-0.2135006,1.39457,0.1866863,-0.4261995,-0.02842355,0.6965787,-0.1209996,-0.7072038,1,1,0,-0.01520455,-0.0009313545,0.2246338,1.937544,-0.1769537,0.04334526,-0.03097045,0.3590302,0.9062726,0.2230857,1,0.5,1,0,0.5,-0.225496,0,0,0,0.5052625,0.1826392,0.9211524,-0.3436874,0,0,0,0,0.5,0.225496,0,0,0,0.4499024,0.1932834,0.9748371,0.1110598,0,0,1
677,0.05457725,0.001924639,-0.2255526,1.192787,0.1093746,0.02952443,0.08731449,0.3506507,0.7286124,-0.5883604,1,0.5,0,0.08327598,-0.4969261,0.2211926,1.479944,0.1225979,0.1186014,-0.2348079,0.8847963,-0.2674517,0.3815823,1,1,1,0.1786457,-0.4824412,-0.2194921,0.6095844,-0.0480354,-0.09440038,-0.02319026,0.6921223,-0.1183726,-0.7120075,1,1,0,0.0500223,0.002064158,0.2254319,1.431516,0.1198438,0.02500043,-0.01532313,0.4155084,0.883195,0.2175304,1,0.5,1,0,0.5,-0.225496,0,0,0,0.4998774,0.1513835,0.9261135,-0.3455384,0,0,0,0,0.5,0.225496,0,0,0,0.4442016,0.16031,0.9807227,0.1117304,0,0,1
678,0.112407,0.01257565,-0.225534,1.451778,0.294885,-0.01128987,0.103821,0.3807543,0.7263339,-0.5722458,1,0.5,0,0.1527099,-0.4876926,0.2228485,1.75651,0.2644674,-0.02245159,-0.2043695,0.9140136,-0.2086815,0.3478956,1,1,1,0.1876758,-0.4816228,-0.2267295,0.1625933,0.07412586,-0.2030165,-0.03476056,0.6559551,-0.1195574,-0.745271,1,1,0,0.09428563,0.008843043,0.2251226,1.053966,0.1905801,-0.02628566,-0.005032778,0.4278789,0.878529,0.2123829,1,0.5,1,0,0.5,-0.225496,0,0,0,0.4953139,0.1180536,0.9303597,-0.3471226,0,0,0,0,0.5,0.225496,0,0,0,0.4393677,0.1250846,0.9857695,0.1123053,0,0,1
679,0.1634472,0.0270387,-0.2248242,1.188308,0.3714158,0.01008883,0.1210395,0.3994546,0.7294846,-0.5552372,1,0.5,0,0.2210928,-0.4744889,0.2188472,1.688781,0.3455685,-0.1496114,-0.1750564,0.9408486,-0.1492226,0.304198,1,1,1,0.1917925,-0.4721366,-0.2312153,0.0957698,0.2835677,-0.1042694,-0.05067816,0.6151991,-0.1026805,-0.7816564,1,1,0,0.1334764,0.01772126,0.2251191,0.9636506,0.2302449,-0.001893938,0.005478859,0.4314843,0.8778236,0.2079594,1,0.5,1,0,0.5,-0.225496,0,0,0,0.4919706,0.08531488,0.9334954,-0.3482926,0,0,0,0,0.5,0.225496,0,0,0,0.4358246,0.09043346,0.9895017,0.1127305,0,0,1
680,0.1961423,0.03915544,-0.2257175,0.6871524,0.2693477,-0.01795591,0.1305522,0.393951,0.7376954,-0.5482775,1,0.5,0,0.2772323,-0.4592022,0.2143928,1.255967,0.395018,-0.0291966,-0.1556448,0.9568514,-0.09641838,0.2741147,1,1,1,0.2034774,-0.4608398,-0.2305152,0.4031354,0.2660887,0.09865467,-0.06470868,0.5875187,-0.08003798,-0.8052427,1,1,0,0.1747646,0.03027124,0.224801,1.0695,0.3581281,0.00587404,0.02029693,0.4363452,0.8769439,0.2014254,1,0.5,1,0,0.5,-0.225496,0,0,0,0.4897348,0.05280647,0.9356042,-0.3490794,0,0,0,0,0.5,0.225496,0,0,0,0.4334543,0.05599032,0.9920142,0.1130168,0,0,1
681,0.2086485,0.04513282,-0.2255094,0.2021082,0.1071128,0.008270148,0.1272539,0.3639106,0.7511038,-0.5508286,1,0.5,0,0.3085352,-0.4420383,0.2259768,0.65977,0.4392611,0.3661999,-0.1547878,0.950578,-0.04645925,0.3069904,1,1,1,0.2346724,-0.4541588,-0.2188085,0.8764077,0.1347945,0.3328459,-0.07544535,0.5989531,-0.06632554,-0.7980326,1,1,0,0.2189291,0.04984483,0.2253703,1.085199,0.519901,0.001757593,0.04261857,0.4396183,0.8769417,0.1941884,1,0.5,1,0,0.5,-0.225496,0,0,0,0.4885486,0.01984316,0.9367269,-0.3494982,0,0,0,0,0.5,0.225496,0,0,0,0.4321964,0.0210427,0.9933529,0.1131693,0,0,1
682,0.2085686,0.0453621,-0.2239765,-0.05641656,-0.02102406,0.04399272,0.1154898,0.3180707,0.7658325,-0.5588663,1,0.5,0,0.3295217,-0.4247189,0.2426469,0.5023064,0.4235508,0.4022272,-0.1603576,0.9325172,0.003771769,0.361106,1,1,1,0.2723455,-0.4501197,-0.2040224,0.938319,0.0946388,0.3540123,-0.0841437,0.6241245,-0.05800002,-0.7791692,1,1,0,0.2537611,0.06918008,0.224189,0.7884319,0.4600724,-0.04206748,0.06046516,0.4299316,0.8835163,0.1858974,1,0.5,1,0,0.5,-0.225496,0,0,0,0.4884368,-0.01294908,0.9368328,-0.3495378,0,0,0,0,0.5,0.225496,0,0,0,0.4320779,-0.01373206,0.9934792,0.1131837,0,0,1
683,0.2067031,0.04429703,-0.2220424,-0.007135424,-0.0136558,0.04291983,0.1033759,0.2666731,0.7794429,-0.5668811,1,0.5,0,0.3477274,-0.4127545,0.2518825,0.4385399,0.2388091,0.1572312,-0.1702589,0.9156529,0.04016937,0.3999577,1,1,1,0.3071093,-0.4447601,-0.1961517,0.8379165,0.1580015,0.123664,-0.08940667,0.6364211,-0.04569011,-0.7699875,1,1,0,0.2723695,0.08077437,0.2228434,0.3439637,0.2154288,-0.02031476,0.06456286,0.4013202,0.8976403,0.1821646,1,0.5,1,0,0.5,-0.225496,0,0,0,0.4894145,-0.04628903,0.935907,-0.3491924,0,0,0,0,0.5,0.225496,0,0,0,0.4331146,-0.0490819,0.9923754,0.1130579,0,0,1
684,0.215326,0.04838862,-0.2230644,0.2906152,0.1407089,-0.03713296,0.1013067,0.2282193,0.7889295,-0.5705315,1,0.5,0,0.3630186,-0.4113716,0.2458474,0.367123,-0.02877564,-0.232257,-0.1881789,0.9137371,0.04691264,0.4035885,1,1,1,0.3354982,-0.4366322,-0.2036223,0.6685766,0.2152041,-0.2677516,-0.08635736,0.6222813,-0.02570373,-0.7823716,1,1,0,0.2703014,0.07938972,0.2235048,-0.1991437,-0.1211778,0.04573913,0.05052233,0.3491325,0.9180185,0.188012,1,0.5,1,0,0.5,-0.225496,0,0,0,0.4914346,-0.07877087,0.9340001,-0.3484809,0,0,0,0,0.5,0.225496,0,0,0,0.4352564,-0.08350241,0.9901029,0.112799,0,0,1
685,0.2272018,0.05465581,-0.2252621,0.271462,0.1468329,-0.05073996,0.1031004,0.1926121,0.7969747,-0.5724787,1,0.5,0,0.3756804,-0.4171048,0.2315007,0.2954797,-0.1561046,-0.3674904,-0.2126892,0.9211039,0.03096016,0.388084,1,1,1,0.3584667,-0.4277981,-0.2190172,0.5497458,0.2141819,-0.3926644,-0.08028919,0.5895234,-0.004284124,-0.80774,1,1,0,0.2499178,0.06680875,0.2249959,-0.6074319,-0.3665035,0.02844931,0.022659,0.2657191,0.9428877,0.200888,1,0.5,1,0,0.5,-0.225496,0,0,0,0.4945716,-0.1116434,0.9310541,-0.3473817,0,0,0,0,0.5,0.225496,0,0,0,0.4385812,-0.1183034,0.9865955,0.1123994,0,0,1
686,0.2339475,0.05793447,-0.2253658,0.1297847,0.06308427,0.009483103,0.1014652,0.1513819,0.8045926,-0.5742075,1,0.5,0,0.3839546,-0.4223158,0.2213519,0.1698375,-0.1094938,-0.2077901,-0.2384761,0.9217438,0.0140874,0.3875435,1,1,1,0.3777413,-0.4208087,-0.2295917,0.4557135,0.1636461,-0.2151594,-0.0788191,0.5575865,0.01232564,-0.8300273,1,1,0,0.2144144,0.04806626,0.2250837,-0.9724837,-0.4917214,-0.0135325,-0.009188235,0.1457134,0.965882,0.2141018,1,0.5,1,0,0.5,-0.225496,0,0,0,0.4986305,-0.1430925,0.9272699,-0.3459698,0,0,0,0,0.5,0.225496,0,0,0,0.4428811,-0.1515531,0.9820963,0.1118869,0,0,1
687,0.2314488,0.0562327,-0.2236291,-0.163617,-0.1064459,0.04878791,0.09477216,0.09398215,0.8107856,-0.5777492,1,0.5,0,0.4027719,-0.4142419,0.2236864,0.7297817,0.4112722,0.1319655,-0.249963,0.9087495,0.04702527,0.4146841,1,1,1,0.3939198,-0.4166887,-0.2273303,0.4028858,0.07654431,0.1749494,-0.08962208,0.5321167,0.02268969,-0.8463669,1,1,0,0.1733831,0.03012645,0.2230558,-0.9761389,-0.4208301,-0.05143138,-0.03237137,-0.004635615,0.9754032,0.2203796,1,0.5,1,0,0.5,-0.225496,0,0,0,0.5038235,-0.1748822,0.9224729,-0.34418,0,0,0,0,0.5,0.225496,0,0,0,0.4483794,-0.1851062,0.9764025,0.1112382,0,0,1
688,0.1995395,0.04113011,-0.2237179,-1.016661,-0.452978,-0.01319871,0.08002579,-0.01516842,0.8053609,-0.5925907,1,0.5,0,0.428461,-0.3944447,0.2342562,0.6486433,0.5109491,0.2333947,-0.2499909,0.8804616,0.1262165,0.4570084,1,1,1,0.4134246,-0.4108111,-0.2163616,0.5139591,0.2130196,0.2475196,-0.1057533,0.5201995,0.03852639,-0.8531753,1,1,0,0.1545561,0.02397769,0.2248035,-0.3139281,-0.08655147,0.08690584,-0.034859,-0.115624,0.9674006,0.2253156,1,0.5,1,0,0.5,-0.225496,0,0,0,0.5100733,-0.2062599,0.9167652,-0.3420504,0,0,0,0,0.5,0.225496,0,0,0,0.4549921,-0.2181564,0.9696415,0.1104679,0,0,1
689,0.1520752,0.02338056,-0.2252423,-1.163571,-0.3816908,-0.03578217,0.07355982,-0.1543338,0.7834938,-0.601929,1,0.5,0,0.4580942,-0.3678866,0.2287432,0.7642183,0.7271129,-0.2524526,-0.2499836,0.8699401,0.2324384,0.4349443,1,1,1,0.430134,-0.3922171,-0.2207481,0.3465922,0.5458462,-0.2178104,-0.1086234,0.4842883,0.08631821,-0.87064,1,1,0,0.1433495,0.02078586,0.2256453,-0.3095308,-0.09390706,-0.002324582,-0.03070775,-0.2072172,0.9520419,0.2251163,1,0.5,1,0,0.5,-0.225496,0,0,0,0.5172164,-0.2365228,0.9103274,-0.3396485,0,0,0,0,0.5,0.225496,0,0,0,0.4625442,-0.2499572,0.9620337,0.1096012,0,0,1
690,0.1116321,0.01238817,-0.2252356,-0.9647731,-0.2339745,0.01264364,0.08088315,-0.2778714,0.7546926,-0.5943288,1,0.5,0,0.4861425,-0.3343488,0.2132626,0.6557527,0.8476246,-0.4195305,-0.2499815,0.8523349,0.3665776,0.3730229,1,1,1,0.4360711,-0.3681587,-0.2337418,0.08414391,0.6042215,-0.3427604,-0.1062272,0.4140157,0.14689,-0.8983397,1,1,0,0.1307972,0.01713466,0.2253685,-0.3076122,-0.08592693,-0.006550553,-0.02281585,-0.2980942,0.928645,0.2208131,1,0.5,1,0,0.5,-0.225496,0,0,0,0.525376,-0.2662857,0.9030834,-0.3369457,0,0,0,0,0.5,0.225496,0,0,0,0.4711632,-0.2811505,0.9534958,0.1086285,0,0,1
691,0.08003762,0.006260557,-0.22453,-0.7420897,-0.125151,0.02010987,0.09707874,-0.3780535,0.723959,-0.577026,1,0.5,0,0.5082077,-0.2994282,0.1943006,0.5094947,0.8643586,-0.4824536,-0.2499522,0.8096146,0.5061904,0.2971455,1,1,1,0.4335777,-0.3465845,-0.2480463,-0.102599,0.5110549,-0.3505932,-0.102381,0.3214444,0.1997276,-0.9256254,1,1,0,0.1200739,0.0143104,0.2246636,-0.2479852,-0.06790783,-0.0195317,-0.01080778,-0.3795879,0.9000764,0.2139519,1,0.5,1,0,0.5,-0.225496,0,0,0,0.5345703,-0.2955481,0.8950576,-0.3339512,0,0,0,0,0.5,0.225496,0,0,0,0.4808658,-0.31173,0.9440638,0.107554,0,0,1
692,0.05631938,0.002689263,-0.2237515,-0.5443277,-0.08080029,0.0226237,0.1174839,-0.4561828,0.6942518,-0.5566972,1,0.5,0,0.5235031,-0.2679641,0.1758745,0.3552856,0.7701892,-0.4415223,-0.2499863,0.7419519,0.6321087,0.2234856,1,1,1,0.4274812,-0.3302385,-0.2604389,-0.1583711,0.3783228,-0.2817945,-0.09761947,0.2223675,0.2379874,-0.9454706,1,1,0,0.1120444,0.01230472,0.2237197,-0.1811136,-0.03893754,-0.02051742,0.003911614,-0.4484129,0.8698047,0.2058291,1,0.5,1,0,0.5,-0.225496,0,0,0,0.5445529,-0.3235881,0.8865037,-0.3307597,0,0,0,0,0.5,0.225496,0,0,0,0.4913893,-0.3409406,0.9340428,0.1064123,0,0,1
693,0.04064501,0.001077683,-0.2231293,-0.3364274,-0.03734573,0.01175926,0.1391593,-0.5150965,0.6681866,-0.5368447,1,0.5,0,0.5335363,-0.2417212,0.1622128,0.232938,0.6279792,-0.3028647,-0.2499479,0.6545139,0.7369618,0.168816,1,1,1,0.4234893,-0.3173784,-0.2686898,-0.0615299,0.3060059,-0.1797543,-0.09287217,0.1316921,0.2667997,-0.954712,1,1,0,0.1061356,0.01067609,0.2231299,-0.1409796,-0.04262111,-0.01835377,0.02046096,-0.5067396,0.8390179,0.198151,1,0.5,1,0,0.5,-0.225496,0,0,0,0.5552962,-0.3504928,0.8774788,-0.3273925,0,0,0,0,0.5,0.225496,0,0,0,0.5027024,-0.3688769,0.9235044,0.1052117,0,0,1
694,0.03357266,0.0005735048,-0.2228802,-0.1254952,-0.01328908,0.003810973,0.1599609,-0.5588275,0.6463618,-0.5195463,1,0.5,0,0.5407645,-0.2208867,0.1559074,0.1675904,0.4804121,-0.1094692,-0.2499762,0.5534974,0.8203749,0.143616,1,1,1,0.427084,-0.3038284,-0.2726756,0.1502887,0.3570215,-0.0754908,-0.08801642,0.05997117,0.2965449,-0.9531341,1,1,0,0.1022713,0.009987946,0.2229233,-0.08306246,-0.01654765,0.001095236,0.03920501,-0.5565705,0.8085755,0.1908798,1,0.5,1,0,0.5,-0.225496,0,0,0,0.5671226,-0.3770672,0.8677541,-0.3237641,0,0,0,0,0.5,0.225496,0,0,0,0.5151416,-0.3963751,0.912188,0.1039224,0,0,1
695,0.03426825,0.0005050935,-0.2231102,0.06486403,-0.005135594,-0.00778586,0.1781179,-0.5902599,0.6289542,-0.5059743,1,0.5,0,0.5468824,-0.2057854,0.1573589,0.1503498,0.3535324,0.08004832,-0.2499754,0.4493493,0.8807716,0.149421,1,1,1,0.4403413,-0.286783,-0.2734949,0.384845,0.4501747,0.001886488,-0.08256337,0.01391169,0.3335045,-0.9426458,1,1,0,0.1004952,0.009623338,0.2231258,-0.02755114,-0.003213902,0.0077799,0.05855578,-0.5980402,0.7799102,0.1846294,1,0.5,1,0,0.5,-0.225496,0,0,0,0.5796589,-0.4024734,0.8576783,-0.3200048,0,0,0,0,0.5,0.225496,0,0,0,0.5283118,-0.4225703,0.9005051,0.1025914,0,0,1
696,0.04147656,0.0014309,-0.223636,0.2136695,0.01949196,-0.01627282,0.1942163,-0.6130958,0.6157028,-0.4949985,1,0.5,0,0.5523892,-0.1953832,0.1651815,0.129667,0.2307654,0.234221,-0.2499997,0.341166,0.9224663,0.1807259,1,1,1,0.4602455,-0.2679859,-0.270353,0.5260484,0.4661607,0.1048536,-0.07882199,-0.01626887,0.3751719,-0.9268125,1,1,0,0.100061,0.00965006,0.2236243,-0.003492089,-0.000614254,0.01104996,0.07900327,-0.6339111,0.7524138,0.1789702,1,0.5,1,0,0.5,-0.225496,0,0,0,0.5931714,-0.4272867,0.8470767,-0.3160492,0,0,0,0,0.5,0.225496,0,0,0,0.5424901,-0.4480595,0.8882578,0.1011962,0,0,1
697,0.05345937,0.002529681,-0.2241685,0.3235623,0.03469937,-0.01339913,0.2077521,-0.6300175,0.6054799,-0.4862839,1,0.5,0,0.5565997,-0.1895277,0.1777143,0.09387437,0.1168177,0.3344723,-0.2499461,0.2289271,0.9456852,0.2308073,1,1,1,0.4822715,-0.2515657,-0.2628157,0.5527678,0.3818648,0.2137021,-0.078969,-0.0405768,0.4143028,-0.9092341,1,1,0,0.1004738,0.01000758,0.2242942,0.01611338,0.01347303,0.01759455,0.1000721,-0.664723,0.726592,0.1738028,1,0.5,1,0,0.5,-0.225496,0,0,0,0.6073389,-0.450951,0.836239,-0.3120056,0,0,0,0,0.5,0.225496,0,0,0,0.5573369,-0.4722767,0.8757852,0.0997752,0,0,1
698,0.06869923,0.00439693,-0.2248479,0.3936074,0.04446559,-0.01441315,0.2204693,-0.6434538,0.5973841,-0.4786434,1,0.5,0,0.5591901,-0.1882739,0.1926515,0.05215111,-0.003278257,0.3859566,-0.2499687,0.1075951,0.9507852,0.2905698,1,1,1,0.503368,-0.2413533,-0.2518211,0.5119221,0.2099947,0.2978743,-0.08384892,-0.06949398,0.443701,-0.8934763,1,1,0,0.1014461,0.01024276,0.2250582,0.02978184,0.01574006,0.02173633,0.1220689,-0.6925951,0.7012773,0.1688851,1,0.5,1,0,0.5,-0.225496,0,0,0,0.6225747,-0.4741671,0.8248894,-0.3077711,0,0,0,0,0.5,0.225496,0,0,0,0.5732827,-0.4959438,0.8627736,0.09829283,0,0,1
699,0.08624789,0.00720257,-0.2253682,0.4475033,0.06753749,-0.008243325,0.2313915,-0.6528416,0.5922992,-0.472207,1,0.5,0,0.5595891,-0.1923491,0.2088808,-0.005123021,-0.1372062,0.4114413,-0.2499806,-0.01656523,0.9345312,0.3554956,1,1,1,0.5211377,-0.2391386,-0.2381321,0.4248591,-0.0008441511,0.3554919,-0.09381041,-0.1048601,0.460035,-0.8816871,1,1,0,0.1028328,0.01051423,0.2253705,0.03515372,0.009274812,0.01040399,0.1434862,-0.7162514,0.6783583,0.1637495,1,0.5,1,0,0.5,-0.225496,0,0,0,0.6378206,-0.4954478,0.8138366,-0.3036472,0,0,0,0,0.5,0.225496,0,0,0,0.5892189,-0.5175551,0.8501505,0.09685473,0,0,1
700,0.1057522,0.01103081,-0.2254755,0.5005645,0.1007125,-0.004254283,0.2419897,-0.6605233,0.5889985,-0.4656068,1,0.5,0,0.5564032,-0.202811,0.2255882,-0.1076609,-0.310103,0.420233,-0.2499629,-0.1577787,0.8926237,0.42229,1,1,1,0.5347515,-0.245727,-0.222937,0.310445,-0.2197997,0.3861913,-0.1077786,-0.155785,0.4596206,-0.8743455,1,1,0,0.104249,0.01077245,0.2255353,0.03536159,0.007447463,0.003254415,0.1660203,-0.7381227,0.6557944,0.1584565,1,0.5,1,0,0.5,-0.225496,0,0,0,0.6540732,-0.516305,0.8023754,-0.2993709,0,0,0,0,0.5,0.225496,0,0,0,0.6061858,-0.5386561,0.8371108,0.09536915,0,0,1
701,0.12718,0.01631848,-0.2250604,0.5474786,0.1449942,0.01871736,0.2520947,-0.6660508,0.5881153,-0.4587992,1,0.5,0,0.5472934,-0.223317,0.2421452,-0.2752037,-0.5893307,0.4088686,-0.2499366,-0.3231978,0.8105264,0.4884568,1,1,1,0.5431212,-0.260667,-0.2073264,0.1729877,-0.4221456,0.3860825,-0.1235678,-0.2257833,0.4392105,-0.8695493,1,1,0,0.1060845,0.01118968,0.2254095,0.0542246,0.01305389,-0.0005893412,0.1890283,-0.7576304,0.6345018,0.1529828,1,0.5,1,0,0.5,-0.225496,0,0,0,0.671055,-0.5363654,0.79074,-0.2950297,0,0,0,0,0.5,0.225496,0,0,0,0.6238914,-0.5588737,0.8239231,0.09386672,0,0,1
702,0.1509309,0.02296239,-0.2243509,0.6079319,0.1729608,0.02707095,0.2611977,-0.6689362,0.5898104,-0.4523804,1,0.5,0,0.5298015,-0.2568128,0.2558586,-0.4980536,-0.9191599,0.3124685,-0.246888,-0.5148791,0.6684281,0.5367526,1,1,1,0.5452479,-0.2829792,-0.1940531,0.00638068,-0.5982848,0.3097707,-0.1362958,-0.3158493,0.3932338,-0.863485,1,1,0,0.1092732,0.01198712,0.2245772,0.09611029,0.02797936,-0.02014489,0.211481,-0.7742306,0.6155992,0.1469853,1,0.5,1,0,0.5,-0.225496,0,0,0,0.6885313,-0.5554112,0.7791129,-0.2906916,0,0,0,0,0.5,0.225496,0,0,0,0.6420896,-0.5779963,0.8107945,0.09237103,0,0,1
703,0.1753828,0.03144192,-0.2231708,0.6030882,0.2161,0.03044755,0.2705432,-0.6702375,0.5936617,-0.4453622,1,0.5,0,0.5022591,-0.3014968,0.2618633,-0.7539216,-1.172795,0.07895085,-0.2324868,-0.7086407,0.4654096,0.5303039,1,1,1,0.5385582,-0.3102997,-0.1875309,-0.2301724,-0.704551,0.1024381,-0.1374342,-0.4227415,0.3191153,-0.848207,1,1,0,0.11574,0.01356255,0.2236511,0.1874362,0.05358557,-0.02155081,0.2320097,-0.7869975,0.6004874,0.1415979,1,0.5,1,0,0.5,-0.225496,0,0,0,0.7064295,-0.5734524,0.7675542,-0.2863789,0,0,0,0,0.5,0.225496,0,0,0,0.660704,-0.5960432,0.7977917,0.09088966,0,0,1
704,0.193866,0.03878616,-0.2227042,0.3974745,0.1691294,-0.005025418,0.284095,-0.6764588,0.5927677,-0.4370698,1,0.5,0,0.4647375,-0.3523748,0.2538352,-1.002139,-1.289875,-0.308478,-0.1988493,-0.8618162,0.2444796,0.4444126,1,1,1,0.5201579,-0.3389505,-0.1935018,-0.5410316,-0.71096,-0.24089,-0.1159109,-0.5314292,0.2266387,-0.8162217,1,1,0,0.12916,0.0169689,0.2231686,0.3916019,0.1050886,-0.006952885,0.2490166,-0.7945271,0.5914006,0.1377388,1,0.5,1,0,0.5,-0.225496,0,0,0,0.725323,-0.5910884,0.7557191,-0.2819632,0,0,0,0,0.5,0.225496,0,0,0,0.6803298,-0.6136201,0.7845265,0.08937841,0,0,1
705,0.1993734,0.04135695,-0.2244463,0.05163254,0.02658592,-0.06016197,0.3048301,-0.6925585,0.5806901,-0.4279739,1,0.5,0,0.4153133,-0.4024446,0.2328734,-1.330229,-1.210838,-0.5719545,-0.1396047,-0.9474376,0.06535996,0.3131933,1,1,1,0.4889615,-0.3661547,-0.2105619,-0.8530829,-0.6763982,-0.4595997,-0.07038212,-0.6233536,0.139299,-0.7694323,1,1,0,0.1548551,0.02427249,0.2241165,0.7324922,0.2146103,0.02782718,0.2588686,-0.7931679,0.5933471,0.1371997,1,0.5,1,0,0.5,-0.225496,0,0,0,0.7448041,-0.6079393,0.7438921,-0.2775505,0,0,0,0,0.5,0.225496,0,0,0,0.7005413,-0.6303535,0.7713188,0.0878737,0,0,1
706,0.1982252,0.04003851,-0.2259131,-0.003740193,-0.03266261,-0.02773703,0.3281673,-0.7133504,0.5627348,-0.4176851,1,0.5,0,0.3517944,-0.436477,0.2197013,-1.635902,-0.6807286,-0.1795196,-0.05144927,-0.9747044,-0.02335746,0.2222742,1,1,1,0.4434104,-0.3956796,-0.2201096,-1.262984,-0.7842767,-0.1176991,-0.01417574,-0.7113444,0.0624103,-0.7000672,1,1,0,0.1877261,0.03588759,0.2250038,0.7741954,0.3032392,0.01517088,0.2654376,-0.7855279,0.6034294,0.1371814,1,0.5,1,0,0.5,-0.225496,0,0,0,0.764659,-0.6238825,0.7322131,-0.273193,0,0,0,0,0.5,0.225496,0,0,0,0.7211161,-0.6461292,0.7583227,0.0863931,0,0,1
707,0.2077975,0.04452288,-0.2256685,0.4786128,0.2242184,0.01222641,0.3358482,-0.7156006,0.5629286,-0.4135542,1,0.5,0,0.2944131,-0.4500886,0.2202617,-2.869065,-0.680581,0.02802164,0.02180761,-0.9802806,-0.0461638,0.192143,1,1,1,0.370324,-0.4284431,-0.2238307,-3.654322,-1.638179,-0.1860522,0.05495852,-0.7849362,-0.004402373,-0.619561,1,1,0,0.1992293,0.04083823,0.2252477,0.5751642,0.247532,0.01219884,0.2727237,-0.7851469,0.6041464,0.1362036,1,0.5,1,0,0.5,-0.225496,0,0,0,0.7752914,-0.6319582,0.7261086,-0.2709153,0,0,0,0,0.5,0.225496,0,0,0,0.7321242,-0.6540988,0.7515476,0.08562124,0,0,1
708,0.2138247,0.04795746,-0.2255733,0.03947692,0.0415018,-0.02697484,0.3577,-0.7295951,0.5525912,-0.402907,1,0.5,0,0.2424073,-0.4582511,0.2172056,-1.303723,-0.1971395,-0.1471863,0.1059095,-0.9856111,-0.05322767,0.1604293,1,1,1,0.2783241,-0.447759,-0.2322489,-2.349556,-0.3789933,-0.2574765,0.1630095,-0.8465555,-0.03281859,-0.5312878,1,1,0,0.1944788,0.03928728,0.2250071,-0.1561501,-0.06440079,-0.03129468,0.302308,-0.8040798,0.579936,0.1308812,1,0.5,1,0,0.5,-0.225496,0,0,0,0.7968303,-0.6474234,0.7140487,-0.2664157,0,0,0,0,0.5,0.225496,0,0,0,0.7544045,-0.6693202,0.7381989,0.08410046,0,0,1
709,0.2062597,0.04442877,-0.2250642,-0.2884136,-0.129377,-0.002157689,0.3849769,-0.7519303,0.5315718,-0.3899132,1,0.5,0,0.1893133,-0.46643,0.2127274,-1.331746,-0.1997278,-0.1161285,0.1898445,-0.9891901,-0.05860738,0.1344178,1,1,1,0.1824146,-0.4549429,-0.238149,-2.40319,-0.125146,-0.1291082,0.2773183,-0.8867489,-0.03723427,-0.4607495,1,1,0,0.1799239,0.03337084,0.2250857,-0.4257971,-0.1662425,-0.004420431,0.3370304,-0.8264657,0.5488102,0.1255458,1,0.5,1,0,0.5,-0.225496,0,0,0,0.8178413,-0.6614611,0.7026643,-0.2621681,0,0,0,0,0.5,0.225496,0,0,0,0.7761142,-0.6830899,0.7256404,0.08266971,0,0,1
710,0.1833982,0.03428418,-0.2252527,-0.6680827,-0.2853426,-0.01200438,0.4225348,-0.781669,0.4989342,-0.3742435,1,0.5,0,0.1338978,-0.4749998,0.2095186,-1.419645,-0.2092437,-0.05052241,0.2773452,-0.991345,-0.06303474,0.1151594,1,1,1,0.08934782,-0.456619,-0.2389979,-2.279626,-0.03298224,0.01990274,0.3912432,-0.9146405,-0.03435538,-0.4028057,1,1,0,0.1563677,0.02433735,0.2248867,-0.6412687,-0.2365697,-0.005149098,0.3795052,-0.8506457,0.5120349,0.1192564,1,0.5,1,0,0.5,-0.225496,0,0,0,0.8397727,-0.6751257,0.691162,-0.2578766,0,0,0,0,0.5,0.225496,0,0,0,0.7987505,-0.6964502,0.712993,0.08122884,0,0,1
711,0.1439488,0.02053047,-0.2254968,-1.095034,-0.3560334,-0.006432089,0.4732811,-0.8145556,0.4587888,-0.3549815,1,0.5,0,0.06857286,-0.481144,0.2136695,-1.713603,-0.1299337,0.1625084,0.3749456,-0.9922532,-0.06302562,0.1070576,1,1,1,0.00912071,-0.4609353,-0.2329546,-1.902226,-0.1493887,0.1862333,0.4931142,-0.9340514,-0.03517749,-0.3554018,1,1,0,0.1267475,0.01549945,0.2251443,-0.7646005,-0.2107663,0.0079833,0.4284749,-0.8723908,0.4755104,0.1132441,1,0.5,1,0,0.5,-0.225496,0,0,0,0.8617364,-0.6879014,0.6800141,-0.2537172,0,0,0,0,0.5,0.225496,0,0,0,0.8213962,-0.708902,0.7007739,0.07983676,0,0,1
712,0.08833242,0.007557142,-0.2254328,-1.486769,-0.3095648,0.002925099,0.5402281,-0.8461752,0.4167905,-0.3320741,1,0.5,0,-0.005894176,-0.482343,0.2254866,-1.887146,-0.005787613,0.3126719,0.4817529,-0.992553,-0.05739025,0.1074472,1,1,1,-0.05662652,-0.4709988,-0.2225223,-1.575534,-0.2773167,0.2721192,0.5818172,-0.9476408,-0.04159559,-0.3166175,1,1,0,0.09138776,0.008151707,0.2255787,-0.9217281,-0.1751861,0.009149317,0.4844003,-0.8910601,0.4410317,0.1072518,1,0.5,1,0,0.5,-0.225496,0,0,0,0.8838092,-0.6999142,0.6691674,-0.2496703,0,0,0,0,0.5,0.225496,0,0,0,0.8441317,-0.720575,0.6889206,0.07848635,0,0,1
713,0.01881156,0.0001987107,-0.2248928,-1.812305,-0.1362777,0.02197997,0.6248904,-0.8731813,0.3788802,-0.3066013,1,0.5,0,-0.0796851,-0.4804323,0.2363879,-1.81978,0.06182792,0.2431304,0.5883411,-0.9930066,-0.05001398,0.1069407,1,1,1,-0.114746,-0.481615,-0.2132118,-1.418594,-0.2452553,0.2110333,0.6658099,-0.9570951,-0.04770507,-0.28582,1,1,0,0.04952899,0.00239778,0.2251108,-1.085713,-0.1305865,-0.01658127,0.5487876,-0.9072531,0.4084695,0.1002212,1,0.5,1,0,0.5,-0.225496,0,0,0,0.906746,-0.7116031,0.6582567,-0.2455994,0,0,0,0,0.5,0.225496,0,0,0,0.867734,-0.7319003,0.6770322,0.07713196,0,0,1
714,-0.0573787,0.00285302,-0.2234364,-1.900688,0.1331207,0.03772901,0.7213523,-0.8931059,0.3511297,-0.2811935,1,0.5,0,-0.1493776,-0.4767038,0.2396173,-1.717471,0.10373,0.002706797,0.6899098,-0.9940215,-0.04261148,0.1005264,1,1,1,-0.1671941,-0.48476,-0.2110347,-1.278156,-0.01015813,-0.01970381,0.7467986,-0.9629562,-0.04712874,-0.2655078,1,1,0,0.001484848,-0.0001414154,0.2238299,-1.241277,-0.03691323,-0.0387259,0.6211703,-0.9204074,0.379834,0.09260851,1,0.5,1,0,0.5,-0.225496,0,0,0,0.9299639,-0.7226884,0.6475688,-0.2416117,0,0,0,0,0.5,0.225496,0,0,0,0.891603,-0.74261,0.6654196,0.07580897,0,0,1
715,-0.1177361,0.01377463,-0.2237463,-1.336432,0.2886,-0.03344046,0.8092612,-0.9045673,0.3358953,-0.2625498,1,0.5,0,-0.2131435,-0.4728935,0.2300399,-1.538323,0.0871003,-0.2944337,0.7853003,-0.9956601,-0.0364845,0.08561419,1,1,1,-0.2177672,-0.4762077,-0.2209282,-1.274702,0.267245,-0.2979086,0.8297733,-0.9658382,-0.03775659,-0.2563807,1,1,0,-0.06028048,0.003158708,0.2235537,-1.677892,0.1437233,0.008906428,0.710253,-0.9310939,0.3546025,0.0855637,1,0.5,1,0,0.5,-0.225496,0,0,0,0.9541092,-0.7334929,0.636816,-0.2375998,0,0,0,0,0.5,0.225496,0,0,0,0.9164023,-0.7530196,0.653769,0.07448166,0,0,1
716,-0.1583327,0.02564005,-0.2254334,-0.9533417,0.3001416,-0.03599153,0.880175,-0.9111952,0.3272339,-0.2502823,1,0.5,0,-0.2666829,-0.4638506,0.2233705,-1.275316,0.3015788,-0.08239004,0.8703877,-0.9967684,-0.02762035,0.07543155,1,1,1,-0.2671703,-0.4623438,-0.2276957,-1.210746,0.3619374,-0.09056482,0.9104571,-0.9687969,-0.02576738,-0.2465128,1,1,0,-0.1371316,0.01902195,0.225005,-1.940592,0.4864359,0.0332609,0.8182468,-0.9379182,0.3375862,0.07965501,1,0.5,1,0,0.5,-0.225496,0,0,0,0.9782597,-0.7436286,0.6264123,-0.2337181,0,0,0,0,0.5,0.225496,0,0,0,0.9411848,-0.7627587,0.6425269,0.07320088,0,0,1
717,-0.1921652,0.03840013,-0.2255781,-0.8084174,0.3188699,0.002139808,0.945006,-0.9162526,0.3213828,-0.2391534,1,0.5,0,-0.3123883,-0.4441389,0.2281653,-1.104963,0.5556169,0.1707331,0.948372,-0.9971288,-0.01252364,0.07468062,1,1,1,-0.3124431,-0.4469032,-0.2228115,-1.106756,0.3954069,0.1705208,0.984543,-0.9728707,-0.01408058,-0.2309205,1,1,0,-0.2069655,0.04474601,0.225222,-1.652135,0.6815561,-0.004575403,0.9230369,-0.9407983,0.3308038,0.07394189,1,0.5,1,0,0.5,-0.225496,0,0,0,1.002622,-0.7532337,0.6162562,-0.2299288,0,0,0,0,0.5,0.225496,0,0,0,0.9661629,-0.7719641,0.6315805,0.0719538,0,0,1
718,-0.220317,0.05061584,-0.2243907,-0.6739165,0.2950191,0.02876223,1.004266,-0.9204324,0.3168427,-0.2289426,1,0.5,0,-0.3537027,-0.4185084,0.2389909,-1.016009,0.6493899,0.2801971,1.022636,-0.9969296,0.004920144,0.07814796,1,1,1,-0.3537244,-0.431024,-0.2119187,-1.004458,0.391406,0.2801755,1.053856,-0.9769138,-0.003233219,-0.2136097,1,1,0,-0.2594508,0.07228763,0.2244635,-1.195959,0.6782797,-0.02482385,1.012002,-0.9416052,0.3295548,0.06908949,1,0.5,1,0,0.5,-0.225496,0,0,0,1.0272,-0.7623482,0.6063382,-0.2262283,0,0,0,0,0.5,0.225496,0,0,0,0.9913428,-0.780678,0.620917,0.07073893,0,0,1
719,-0.2449261,0.06365883,-0.2234931,-0.6144362,0.3350367,0.01140833,1.060692,-0.9236474,0.3137447,-0.2200903,1,0.5,0,-0.3934366,-0.3946387,0.2460949,-0.9896178,0.5676466,0.1360193,1.09534,-0.9966776,0.01965804,0.07903952,1,1,1,-0.3886719,-0.4149987,-0.2044768,-0.8278388,0.3937827,0.1453668,1.118179,-0.9796661,0.00679858,-0.2005197,1,1,0,-0.2930716,0.09469723,0.2239328,-0.7152426,0.5062038,-0.005148353,1.081473,-0.9419537,0.3292482,0.06571897,1,0.5,1,0,0.5,-0.225496,0,0,0,1.051999,-0.7710074,0.5966497,-0.2226135,0,0,0,0,0.5,0.225496,0,0,0,1.016728,-0.788937,0.6105247,0.06955498,0,0,1
720,-0.268178,0.07767934,-0.223923,-0.5642133,0.3523064,-0.01182706,1.115829,-0.9260291,0.3117157,-0.2128461,1,0.5,0,-0.4320798,-0.3772174,0.2443563,-0.9556237,0.3882335,-0.09324107,1.165572,-0.9967787,0.02928879,0.0746628,1,1,1,-0.4161635,-0.3995902,-0.2057904,-0.6474751,0.3753962,-0.08263367,1.176463,-0.9808093,0.01575327,-0.194332,1,1,0,-0.3094678,0.1071724,0.224158,-0.3110902,0.2432634,0.01396612,1.130742,-0.9428805,0.3269508,0.06387152,1,0.5,1,0,0.5,-0.225496,0,0,0,1.076432,-0.7790546,0.5874023,-0.2191632,0,0,0,0,0.5,0.225496,0,0,0,1.04172,-0.7965952,0.6006278,0.06842746,0,0,1
721,-0.2855289,0.08956265,-0.224856,-0.3775658,0.2735638,-0.02043248,1.165384,-0.9280536,0.3095758,-0.207073,1,0.5,0,-0.46788,-0.3658059,0.2365274,-0.8724261,0.2548561,-0.2217636,1.232887,-0.9971316,0.03473631,0.06724466,1,1,1,-0.4384913,-0.3862788,-0.2130665,-0.5312684,0.3146933,-0.2060675,1.231332,-0.9810531,0.02294255,-0.1923759,1,1,0,-0.3118052,0.1091005,0.2249712,0.02100617,-0.01138747,0.01645536,1.163742,-0.9447629,0.3216246,0.06309342,1,0.5,1,0,0.5,-0.225496,0,0,0,1.101417,-0.7868262,0.5782379,-0.2157439,0,0,0,0,0.5,0.225496,0,0,0,1.067258,-0.8039752,0.5908408,0.06731246,0,0,1
722,-0.2942076,0.09540763,-0.2254498,-0.1634747,0.1029525,-0.01357943,1.205417,-0.9303197,0.3057361,-0.2025603,1,0.5,0,-0.4993845,-0.3581313,0.2271939,-0.7533658,0.1787231,-0.2242015,1.296246,-0.9975024,0.03778363,0.05967662,1,1,1,-0.4571154,-0.3772452,-0.2213617,-0.4456954,0.1956672,-0.1931258,1.28315,-0.9811239,0.02734198,-0.1914375,1,1,0,-0.3021418,0.1012688,0.2254262,0.3207804,-0.2546758,0.009594116,1.182739,-0.9475722,0.3133395,0.06265154,1,0.5,1,0,0.5,-0.225496,0,0,0,1.126984,-0.794338,0.5691512,-0.2123536,0,0,0,0,0.5,0.225496,0,0,0,1.093374,-0.8110937,0.5811568,0.0662092,0,0,1
723,-0.2924373,0.09393327,-0.2256498,0.1155645,-0.08984882,-0.003632159,1.232969,-0.9328466,0.3000246,-0.1994553,1,0.5,0,-0.5226009,-0.3520328,0.2208145,-0.5032631,0.1486511,-0.122507,1.350986,-0.9977158,0.03996095,0.05446527,1,1,1,-0.4735954,-0.3720706,-0.2271435,-0.4104675,0.1116306,-0.1177945,1.331756,-0.9814366,0.02944136,-0.1895141,1,1,0,-0.2817532,0.08623932,0.2252258,0.5652072,-0.4066726,-0.008505587,1.188908,-0.9508573,0.3032963,0.06230406,1,0.5,1,0,0.5,-0.225496,0,0,0,1.152342,-0.8013818,0.5604166,-0.2090947,0,0,0,0,0.5,0.225496,0,0,0,1.119258,-0.8177553,0.5718668,0.06515082,0,0,1
724,-0.276941,0.0830014,-0.2252958,0.4962104,-0.341081,0.008794669,1.24508,-0.935827,0.291678,-0.1978682,1,0.5,0,-0.5289477,-0.3488053,0.2235279,-0.04715623,0.03380479,0.115227,1.389517,-0.9976617,0.0408542,0.05479065,1,1,1,-0.4925096,-0.3681661,-0.225667,-0.4938441,0.108935,0.06825927,1.381589,-0.9824998,0.03073672,-0.1837101,1,1,0,-0.2570663,0.07078644,0.2251005,0.6079855,-0.3773028,0.001834334,1.191246,-0.9538632,0.2937399,0.06214382,1,0.5,1,0,0.5,-0.225496,0,0,0,1.178091,-0.8081512,0.5518174,-0.2058863,0,0,0,0,0.5,0.225496,0,0,0,1.145525,-0.8241453,0.5627384,0.06411085,0,0,1
725,-0.2456008,0.06437448,-0.2254418,0.857177,-0.4887728,-0.0139162,1.240649,-0.938749,0.2817193,-0.1984557,1,0.5,0,-0.5208412,-0.3510819,0.2266671,0.2791466,-0.07218871,0.05569088,1.413717,-0.9976776,0.03914792,0.05573818,1,1,1,-0.5091327,-0.3604482,-0.2240395,-0.3642143,0.2218992,0.02553538,1.429614,-0.9833906,0.03397145,-0.1782944,1,1,0,-0.2310099,0.05646938,0.2252992,0.6778295,-0.350473,0.0002443791,1.193061,-0.9565169,0.2849687,0.06219459,1,0.5,1,0,0.5,-0.225496,0,0,0,1.204285,-0.8146713,0.5433365,-0.202722,0,0,0,0,0.5,0.225496,0,0,0,1.172229,-0.8302883,0.5537521,0.06308707,0,0,1
726,-0.2070143,0.04475512,-0.2255019,0.9825137,-0.468352,-0.01276881,1.23094,-0.9413785,0.271965,-0.1996036,1,0.5,0,-0.5025936,-0.3563705,0.2274409,0.5137565,-0.1499713,-0.03165753,1.429302,-0.9977957,0.0360905,0.055689,1,1,1,-0.5147954,-0.3494028,-0.2233181,-0.05870166,0.2954663,-0.02078564,1.468928,-0.9839118,0.03890303,-0.1743681,1,1,0,-0.2001952,0.04194457,0.2254319,0.8146416,-0.3687868,-0.008160624,1.192065,-0.9589767,0.2765524,0.0623096,1,0.5,1,0,0.5,-0.225496,0,0,0,1.232115,-0.8212245,0.5346065,-0.1994648,0,0,0,0,0.5,0.225496,0,0,0,1.200584,-0.8364513,0.5445189,0.06203517,0,0,1
727,-0.1665003,0.02832913,-0.2254895,1.015103,-0.3901467,-0.008113685,1.219344,-0.9432901,0.2642456,-0.2009426,1,0.5,0,-0.474977,-0.3648063,0.2249754,0.749487,-0.229025,-0.06889257,1.434137,-0.9980247,0.03163877,0.05427504,1,1,1,-0.5074275,-0.3375155,-0.2240632,0.2568723,0.2789454,-0.01978428,1.494659,-0.9840115,0.04436069,-0.1724922,1,1,0,-0.1654091,0.0278599,0.2255525,0.8904602,-0.3330493,-0.004799666,1.186404,-0.9610682,0.2691288,0.06259029,1,0.5,1,0,0.5,-0.225496,0,0,0,1.259221,-0.827264,0.5263694,-0.1963915,0,0,0,0,0.5,0.225496,0,0,0,1.228184,-0.842121,0.5358226,0.06104442,0,0,1
728,-0.1276105,0.01608264,-0.2255977,0.9504039,-0.2713708,-0.006906691,1.209713,-0.9446064,0.2585712,-0.2021378,1,0.5,0,-0.4394504,-0.3751348,0.2225119,0.9280909,-0.2578438,-0.05331191,1.430241,-0.998241,0.02635172,0.05310832,1,1,1,-0.4873748,-0.3311372,-0.2238176,0.5809041,0.09852652,0.01211241,1.506721,-0.9840784,0.04727254,-0.1713331,1,1,0,-0.1281946,0.01611999,0.2254337,0.9471077,-0.2795885,-0.007736686,1.178308,-0.9626303,0.263432,0.06282145,1,0.5,1,0,0.5,-0.225496,0,0,0,1.28583,-0.8328875,0.5185264,-0.1934652,0,0,0,0,0.5,0.225496,0,0,0,1.255264,-0.8473914,0.527556,0.06010265,0,0,1
729,-0.09263189,0.008242798,-0.225571,0.8425899,-0.1674549,-0.0007756057,1.205406,-0.9455712,0.2546273,-0.2026327,1,0.5,0,-0.4001368,-0.384202,0.2244862,0.9981592,-0.2102793,0.08186552,1.423383,-0.9982868,0.02173149,0.05432418,1,1,1,-0.4536659,-0.337823,-0.2209585,0.9270448,-0.2674596,0.08469078,1.504792,-0.9844496,0.04398311,-0.1700718,1,1,0,-0.08932996,0.007533934,0.225449,0.9811595,-0.1956296,-0.003421308,1.169987,-0.9636488,0.2596032,0.06314362,1,0.5,1,0,0.5,-0.225496,0,0,0,1.313034,-0.8383463,0.5107459,-0.1905623,0,0,0,0,0.5,0.225496,0,0,0,1.282935,-0.8524995,0.5193685,0.05916987,0,0,1
730,-0.06296972,0.003740389,-0.2254233,0.7104496,-0.0951705,0.005909803,1.206375,-0.9463594,0.2518441,-0.2024311,1,0.5,0,-0.3578314,-0.3925097,0.2309661,1.083658,-0.2172829,0.1823583,1.41322,-0.9981632,0.01750467,0.05799967,1,1,1,-0.4071542,-0.3588758,-0.216167,1.233647,-0.6027611,0.1296737,1.488795,-0.9850327,0.03375119,-0.1690305,1,1,0,-0.05096401,0.002257755,0.225451,0.9426899,-0.1059708,0.002787263,1.162412,-0.964164,0.2576123,0.0634325,1,0.5,1,0,0.5,-0.225496,0,0,0,1.339879,-0.843465,0.5032939,-0.1877819,0,0,0,0,0.5,0.225496,0,0,0,1.310226,-0.8572819,0.5115383,0.0582778,0,0,1
731,-0.03883675,0.001390585,-0.2251158,0.5643594,-0.04695904,0.01289472,1.213794,-0.9472361,0.2493826,-0.2013753,1,0.5,0,-0.3100563,-0.404565,0.2384419,1.233596,-0.3376426,0.1860649,1.398407,-0.9979879,0.01129104,0.06239013,1,1,1,-0.3505499,-0.3891916,-0.2104367,1.474156,-0.7965463,0.1423129,1.463436,-0.9855583,0.01874694,-0.1682951,1,1,0,-0.01664021,0.000220637,0.2253274,0.8261453,-0.03144235,0.0004962088,1.160273,-0.9644023,0.2567171,0.06343978,1,0.5,1,0,0.5,-0.225496,0,0,0,1.367507,-0.848474,0.4958482,-0.1850038,0,0,0,0,0.5,0.225496,0,0,0,1.338299,-0.8619549,0.5037264,0.05738782,0,0,1
732,-0.02143983,0.0003433367,-0.2248826,0.3880236,-0.02321187,0.00811741,1.22831,-0.9483291,0.2466822,-0.199549,1,0.5,0,-0.2553742,-0.4221158,0.2442859,1.41092,-0.471756,0.1332917,1.377065,-0.9978034,0.002069309,0.06621289,1,1,1,-0.28502,-0.4240022,-0.2056733,1.698848,-0.8797292,0.1096599,1.43026,-0.9856635,0.001035005,-0.1687199,1,1,0,0.01158545,0.0001621206,0.2249174,0.6592934,0.01656747,-0.007897618,1.164872,-0.9646277,0.2559729,0.06301831,1,0.5,1,0,0.5,-0.225496,0,0,0,1.395618,-0.8533192,0.4884951,-0.1822604,0,0,0,0,0.5,0.225496,0,0,0,1.36685,-0.8664687,0.4960227,0.05651016,0,0,1
733,-0.01147086,-0.0001206416,-0.22437,0.1955054,-0.006858258,0.01291261,1.249872,-0.949757,0.2433775,-0.1967973,1,0.5,0,-0.1941794,-0.4444295,0.2469576,1.570694,-0.5791458,0.03291891,1.349117,-0.9975904,-0.009966644,0.06865849,1,1,1,-0.21014,-0.4585793,-0.2034797,1.932833,-0.8398387,0.0275612,1.388813,-0.9850747,-0.01724854,-0.1712608,1,1,0,0.03229427,0.0009323511,0.2245398,0.4718262,0.02261274,-0.01368747,1.176822,-0.9650326,0.2546081,0.062344,1,0.5,1,0,0.5,-0.225496,0,0,0,1.423781,-0.8579364,0.4813437,-0.1795921,0,0,0,0,0.5,0.225496,0,0,0,1.395441,-0.8707641,0.4885407,0.05565777,0,0,1
734,-0.006803975,-0.0004141263,-0.2240709,0.09017558,-0.001855101,-0.002653153,1.276,-0.951338,0.2396317,-0.1937337,1,0.5,0,-0.125971,-0.4686656,0.2437194,1.751374,-0.6058308,-0.143838,1.313471,-0.9973927,-0.02352705,0.06822242,1,1,1,-0.1269972,-0.4855438,-0.2070578,2.117522,-0.5992445,-0.1519323,1.340048,-0.9835445,-0.03235992,-0.1777442,1,1,0,0.0428459,0.001669612,0.2242371,0.205778,0.01180932,-0.01367108,1.197976,-0.965812,0.2518702,0.061389,1,0.5,1,0,0.5,-0.225496,0,0,0,1.451554,-0.8622726,0.4744936,-0.1770363,0,0,0,0,0.5,0.225496,0,0,0,1.423623,-0.8747928,0.4813833,0.05484234,0,0,1
735,-0.0006049391,-0.0003334394,-0.2245548,0.1892994,0.008457257,-0.02073274,1.301782,-0.9526899,0.2362475,-0.19123,1,0.5,0,-0.04962952,-0.4907225,0.2329832,1.962894,-0.5082877,-0.2980777,1.270359,-0.9972916,-0.03655897,0.06381938,1,1,1,-0.04056632,-0.4987856,-0.2178194,2.164949,-0.240481,-0.3010773,1.290172,-0.9811912,-0.04065844,-0.1887078,1,1,0,0.03956852,0.001196156,0.2247061,-0.187707,-0.01462469,0.01285077,1.233108,-0.9672601,0.2464914,0.06041522,1,0.5,1,0,0.5,-0.225496,0,0,0,1.480221,-0.8665369,0.4676246,-0.1744734,0,0,0,0,0.5,0.225496,0,0,0,1.4527,-0.8787498,0.4742152,0.05402571,0,0,1
736,0.0098189,4.963472E-05,-0.2258663,0.2747661,0.008831454,-0.0284046,1.322624,-0.9535975,0.2337562,-0.1897628,1,0.5,0,0.03318157,-0.4996099,0.224244,2.093934,-0.09259138,-0.1287021,1.219429,-0.997242,-0.04281065,0.06062711,1,1,1,0.04569912,-0.4986631,-0.2265673,2.153227,0.07015619,-0.1303077,1.238612,-0.9790397,-0.04179375,-0.1993356,1,1,0,0.02255368,0.000362103,0.2249678,-0.4904508,-0.01339087,0.007126483,1.280313,-0.9691077,0.2394871,0.05896033,1,0.5,1,0,0.5,-0.225496,0,0,0,1.507956,-0.8704715,0.4611654,-0.1720635,0,0,0,0,0.5,0.225496,0,0,0,1.480821,-0.8823963,0.467483,0.05325873,0,0,1
737,0.02112788,0.0003662211,-0.2255082,0.2903703,0.008316116,-0.005180391,1.342481,-0.9546124,0.2314088,-0.1875234,1,0.5,0,0.1151568,-0.4877383,0.2284351,2.016891,0.4195707,0.1407222,1.169496,-0.997203,-0.03698018,0.06495083,1,1,1,0.1298596,-0.4876152,-0.2222451,2.077871,0.3462137,0.1462371,1.186367,-0.9785076,-0.03653723,-0.2029481,1,1,0,0.003769703,-0.0002134247,0.2250996,-0.4337381,-0.009754201,-0.02324955,1.329556,-0.9708441,0.2327268,0.05744543,1,0.5,1,0,0.5,-0.225496,0,0,0,1.535972,-0.8742669,0.4548196,-0.1696958,0,0,0,0,0.5,0.225496,0,0,0,1.509215,-0.8859097,0.4608765,0.05250608,0,0,1
738,0.03320616,0.001054995,-0.2247356,0.3180115,0.0203942,0.01617298,1.362065,-0.9555761,0.2293449,-0.1851362,1,0.5,0,0.1897573,-0.4607955,0.2394808,1.812396,0.7334623,0.2816328,1.127558,-0.9970726,-0.02137894,0.07341109,1,1,1,0.2079102,-0.4673153,-0.2110553,1.904439,0.5543935,0.2893725,1.138956,-0.9790627,-0.02520834,-0.2019916,1,1,0,-0.003994023,-8.193437E-05,0.2247572,-0.1223893,0.001499332,-0.0151895,1.368747,-0.9720656,0.2279164,0.05605745,1,0.5,1,0,0.5,-0.225496,0,0,0,1.564506,-0.8779587,0.4485335,-0.1673505,0,0,0,0,0.5,0.225496,0,0,0,1.538123,-0.8893235,0.4543396,0.05176135,0,0,1
739,0.04742257,0.002054683,-0.2241244,0.3617357,0.03274526,0.01535789,1.37904,-0.956329,0.227805,-0.1831385,1,0.5,0,0.2559406,-0.4290399,0.2489954,1.601697,0.7993105,0.2174639,1.093694,-0.9967171,-0.001907434,0.08094113,1,1,1,0.2777345,-0.441236,-0.2012219,1.690226,0.6794932,0.2254323,1.099333,-0.9795762,-0.009526487,-0.2008475,1,1,0,0.0002186135,-0.0001549148,0.2243634,0.186561,0.00623125,-0.006227943,1.395587,-0.9728828,0.2246508,0.05505597,1,0.5,1,0,0.5,-0.225496,0,0,0,1.592526,-0.881424,0.4425274,-0.1651095,0,0,0,0,0.5,0.225496,0,0,0,1.566501,-0.8925244,0.4481004,0.05105054,0,0,1
740,0.06346621,0.003917614,-0.2239339,0.4040476,0.05509818,0.01168252,1.394736,-0.9568523,0.226901,-0.1815207,1,0.5,0,0.3142109,-0.3993183,0.2530346,1.411522,0.7102448,0.06902221,1.068119,-0.9962495,0.01701509,0.08483703,1,1,1,0.3387646,-0.4126785,-0.1970316,1.467844,0.7222253,0.07699358,1.070083,-0.9793652,0.008484578,-0.2019203,1,1,0,0.01493637,0.0001684739,0.2244056,0.4364687,0.01567398,0.01125113,1.412524,-0.9733276,0.2228304,0.05459045,1,0.5,1,0,0.5,-0.225496,0,0,0,1.620826,-0.8847726,0.4366223,-0.1629063,0,0,0,0,0.5,0.225496,0,0,0,1.595153,-0.8956143,0.4419725,0.05035241,0,0,1
741,0.08115763,0.006395356,-0.2243942,0.4513813,0.06753565,-0.007810447,1.409061,-0.9571601,0.2264963,-0.1803997,1,0.5,0,0.3653327,-0.3756446,0.2515855,1.233341,0.5503865,-0.06441923,1.049521,-0.9958577,0.0324974,0.08492015,1,1,1,0.3909899,-0.3851349,-0.1986621,1.24884,0.6725716,-0.07026199,1.051082,-0.978314,0.02634617,-0.205445,1,1,0,0.0381226,0.001486492,0.2245301,0.6311586,0.04352772,0.007581714,1.42139,-0.9734163,0.2224882,0.05440336,1,0.5,1,0,0.5,-0.225496,0,0,0,1.649178,-0.8879836,0.4308623,-0.1607573,0,0,0,0,0.5,0.225496,0,0,0,1.623848,-0.8985743,0.4360011,0.04967211,0,0,1
742,0.1010479,0.01017519,-0.2249227,0.5095756,0.09946068,-0.01268164,1.421512,-0.9572098,0.2269959,-0.1795059,1,0.5,0,0.4095387,-0.3593553,0.245952,1.059179,0.361024,-0.1541094,1.037417,-0.9956954,0.04334849,0.08192444,1,1,1,0.4345058,-0.3617864,-0.2043898,1.032162,0.5516233,-0.1583145,1.041714,-0.9767259,0.04165078,-0.2104086,1,1,0,0.06727045,0.004657038,0.2248852,0.7659375,0.1013617,0.01387448,1.424798,-0.9731241,0.2237414,0.05449156,1,0.5,1,0,0.5,-0.225496,0,0,0,1.677557,-0.8910618,0.4252473,-0.1586622,0,0,0,0,0.5,0.225496,0,0,0,1.65256,-0.9014091,0.4301854,0.04900954,0,0,1
743,0.1229394,0.01536508,-0.225256,0.5643016,0.1382781,-0.01668335,1.432778,-0.9570493,0.2283579,-0.178632,1,0.5,0,0.4464328,-0.3507353,0.2381622,0.8743111,0.1692564,-0.2115422,1.032686,-0.9958137,0.0491064,0.07709482,1,1,1,0.4696045,-0.3447089,-0.2122009,0.8288446,0.3810541,-0.2111719,1.041515,-0.9750783,0.05273451,-0.2155028,1,1,0,0.1006281,0.01026227,0.2252014,0.8447524,0.1620118,-0.002063812,1.425112,-0.9724498,0.2266166,0.0546469,1,0.5,1,0,0.5,-0.225496,0,0,0,1.706445,-0.8940638,0.4196796,-0.1565849,0,0,0,0,0.5,0.225496,0,0,0,1.681779,-0.9041715,0.4244242,0.04835319,0,0,1
744,0.1458632,0.02161093,-0.2255361,0.5800071,0.1675427,-0.01283363,1.442544,-0.9566941,0.2304251,-0.1778781,1,0.5,0,0.4751351,-0.3491978,0.2297526,0.6622227,-0.001233817,-0.2155513,1.035005,-0.9961849,0.05003382,0.07149985,1,1,1,0.4964854,-0.3347479,-0.220499,0.6194072,0.2052725,-0.2090902,1.048458,-0.9737418,0.05893093,-0.2198955,1,1,0,0.136916,0.01912238,0.2253762,0.9156126,0.2495694,-0.003967436,1.422577,-0.971284,0.2315239,0.05480988,1,0.5,1,0,0.5,-0.225496,0,0,0,1.734725,-0.8968815,0.4143686,-0.1546033,0,0,0,0,0.5,0.225496,0,0,0,1.710375,-0.9067618,0.4189334,0.04772764,0,0,1
745,0.1685358,0.02905399,-0.2255412,0.5648064,0.1923186,-0.003973396,1.391682,-0.9532928,0.2405552,-0.1826635,1,0.5,0,0.4945262,-0.3530588,0.22205,0.4210638,-0.1195536,-0.1887546,0.9826524,-0.9964147,0.04919641,0.06882932,1,1,1,0.5146991,-0.3316674,-0.2279506,0.3971131,0.03692062,-0.1786873,1.001098,-0.9707321,0.06284241,-0.2317974,1,1,0,0.1748698,0.03136963,0.2253418,0.9517934,0.3310923,-0.01019538,1.357274,-0.9675431,0.2462585,0.05671847,1,0.5,1,0,0.5,-0.225496,0,0,0,1.705694,-0.8939875,0.4198225,-0.1566382,0,0,0,0,0.5,0.225496,0,0,0,1.68102,-0.9041012,0.424572,0.04837003,0,0,1
746,0.1896102,0.03705547,-0.2253133,0.5162703,0.2029813,0.008997325,1.343142,-0.9496223,0.2512316,-0.1873504,1,0.5,0,0.5042897,-0.3589527,0.2175466,0.1895339,-0.1488299,-0.08075985,0.9404806,-0.9966182,0.04654507,0.06771813,1,1,1,0.5231062,-0.3354991,-0.2324396,0.1405359,-0.1382948,-0.08292648,0.9627732,-0.9685662,0.06186939,-0.2409393,1,1,0,0.2121743,0.04689143,0.2250368,0.9156104,0.4008744,-0.01220033,1.29435,-0.9628694,0.2635447,0.05853752,1,0.5,1,0,0.5,-0.225496,0,0,0,1.677166,-0.8910203,0.4253236,-0.1586907,0,0,0,0,0.5,0.225496,0,0,0,1.652165,-0.901371,0.4302645,0.04901855,0,0,1
747,0.2100659,0.04590065,-0.2249623,0.5132267,0.2277561,0.009734932,1.295177,-0.9455014,0.2628713,-0.1921606,1,0.5,0,0.5061662,-0.3625021,0.2193096,0.003492834,-0.0621483,0.09381998,0.9061918,-0.9964805,0.04515591,0.07062309,1,1,1,0.5197486,-0.3467174,-0.2313203,-0.1621396,-0.3241689,0.07129836,0.9336362,-0.9679306,0.05530177,-0.2450554,1,1,0,0.2427092,0.06240065,0.2246494,0.6959374,0.3746571,-0.006606433,1.238019,-0.9578142,0.2810099,0.06021186,1,0.5,1,0,0.5,-0.225496,0,0,0,1.648267,-0.8878825,0.4310451,-0.1608254,0,0,0,0,0.5,0.225496,0,0,0,1.622926,-0.8984812,0.4361905,0.04969368,0,0,1
748,0.2318828,0.05674257,-0.2248042,1.090845,0.5420959,0.007905814,1.261533,-0.9415858,0.2740468,-0.1957409,1,0.5,0,0.5027096,-0.3643833,0.2249545,-0.1728297,-0.09405915,0.2822452,0.8931344,-0.9961768,0.04422882,0.07533697,1,1,1,0.5034984,-0.3631038,-0.2260855,-0.81251,-0.8193198,0.2617442,0.9309275,-0.9693148,0.04395486,-0.2418609,1,1,0,0.2602841,0.07300949,0.2250444,0.8787427,0.5304424,0.01975299,1.20813,-0.954397,0.292138,0.06149676,1,0.5,1,0,0.5,-0.225496,0,0,0,1.633284,-0.8862006,0.4340725,-0.161955,0,0,0,0,0.5,0.225496,0,0,0,1.607763,-0.8969311,0.4393284,0.05005118,0,0,1
749,0.2514724,0.06784108,-0.2252645,0.4564704,0.2582827,-0.00867695,1.215788,-0.9363045,0.2878218,-0.2012279,1,0.5,0,0.492898,-0.3687766,0.2269819,-0.28549,-0.1317025,0.04079939,0.8704548,-0.9960737,0.04175507,0.07806309,1,1,1,0.4755906,-0.3791905,-0.2235465,-0.7584932,-0.3931434,0.05814137,0.9251995,-0.9699565,0.03284419,-0.2410515,1,1,0,0.2677588,0.07765729,0.2253892,0.1272008,0.08689057,0.01211912,1.171393,-0.9514297,0.3013397,0.06305471,1,0.5,1,0,0.5,-0.225496,0,0,0,1.604496,-0.8828584,0.4400103,-0.1641704,0,0,0,0,0.5,0.225496,0,0,0,1.578621,-0.8938483,0.4454876,0.05075287,0,0,1
750,0.2629195,0.07455499,-0.2254222,0.2124087,0.1383816,-0.006277116,1.176951,-0.9319197,0.2984912,-0.2059824,1,0.5,0,0.4769506,-0.3768626,0.2255712,-0.4346,-0.2291472,-0.07764477,0.8537694,-0.9962938,0.03629674,0.07798312,1,1,1,0.4390028,-0.3935353,-0.2235674,-0.9631593,-0.3435375,-0.03707857,0.9289957,-0.9704016,0.02271855,-0.2404258,1,1,0,0.2673876,0.07715506,0.2255809,-0.04439803,-0.04739577,0.001592935,1.140932,-0.9496524,0.3066276,0.06434201,1,0.5,1,0,0.5,-0.225496,0,0,0,1.576062,-0.8794066,0.4460368,-0.1664189,0,0,0,0,0.5,0.225496,0,0,0,1.549828,-0.8906612,0.4517452,0.05146577,0,0,1
751,0.2631214,0.07438383,-0.2254381,-0.0731096,-0.0478618,0.009410832,1.14649,-0.9293125,0.3039095,-0.2098027,1,0.5,0,0.4536595,-0.388695,0.2227791,-0.6404432,-0.3220962,-0.05022438,0.8440204,-0.9966853,0.02775627,0.0764714,1,1,1,0.3980388,-0.4072326,-0.2244373,-1.02858,-0.3452809,-0.001714379,0.9371965,-0.9707693,0.01305831,-0.2396591,1,1,0,0.2599338,0.07234626,0.2255398,-0.2320067,-0.1393289,0.007653239,1.115695,-0.9489981,0.3084409,0.06532164,1,0.5,1,0,0.5,-0.225496,0,0,0,1.547559,-0.8757866,0.4522458,-0.1687355,0,0,0,0,0.5,0.225496,0,0,0,1.520956,-0.8873154,0.4581991,0.05220105,0,0,1
752,0.2485854,0.06572865,-0.2257328,-0.4583666,-0.2679342,-0.001968444,1.126946,-0.9292431,0.3022403,-0.2125042,1,0.5,0,0.4189756,-0.4047482,0.2225165,-0.9450126,-0.4293235,0.0216879,0.8455178,-0.9969681,0.01579449,0.0761911,1,1,1,0.3593163,-0.4218064,-0.2241674,-0.9405944,-0.3760652,0.01930744,0.9427553,-0.9711262,0.002906663,-0.2385487,1,1,0,0.247987,0.06509051,0.2252799,-0.325069,-0.1912192,-0.003374369,1.09364,-0.9490392,0.3081565,0.06606255,1,0.5,1,0,0.5,-0.225496,0,0,0,1.518886,-0.871973,0.4586688,-0.171132,0,0,0,0,0.5,0.225496,0,0,0,1.491899,-0.8837866,0.4648829,0.05296252,0,0,1
753,0.2200913,0.05078283,-0.2254627,-0.8109744,-0.4036246,0.0006988648,1.118982,-0.9315258,0.2944954,-0.2133826,1,0.5,0,0.3734161,-0.4234311,0.2263845,-1.189726,-0.4838513,0.08116665,0.8589722,-0.9969293,0.001890326,0.07828309,1,1,1,0.3234455,-0.4383742,-0.2215507,-0.8939478,-0.4176663,0.0453897,0.9457483,-0.9716558,-0.008559002,-0.2362449,1,1,0,0.2300581,0.05569273,0.2254458,-0.4751118,-0.2516755,-0.003436954,1.07722,-0.9498723,0.3054062,0.0668555,1,0.5,1,0,0.5,-0.225496,0,0,0,1.490872,-0.8680695,0.4651228,-0.17354,0,0,0,0,0.5,0.225496,0,0,0,1.4635,-0.8801706,0.4716067,0.05372853,0,0,1
754,0.1797174,0.03332263,-0.2249494,-1.078707,-0.4338383,0.01970083,1.121151,-0.9351192,0.2833311,-0.2127805,1,0.5,0,0.3217155,-0.4425185,0.2298193,-1.318954,-0.4823135,0.06879646,0.8784525,-0.9967493,-0.01198339,0.07966856,1,1,1,0.2858916,-0.4553004,-0.2195534,-0.9625617,-0.4090922,0.03445224,0.9504063,-0.9720004,-0.02020153,-0.2341091,1,1,0,0.2039548,0.04337604,0.2252983,-0.7023799,-0.331919,0.0008277599,1.067376,-0.9517387,0.2994662,0.06718129,1,0.5,1,0,0.5,-0.225496,0,0,0,1.462702,-0.8639556,0.4717986,-0.1760308,0,0,0,0,0.5,0.225496,0,0,0,1.434932,-0.8763551,0.4785699,0.05452182,0,0,1
755,0.1311489,0.01745915,-0.2244882,-1.247208,-0.3704967,0.01502336,1.131919,-0.9389336,0.271741,-0.211094,1,0.5,0,0.2659541,-0.4612355,0.2294837,-1.41846,-0.4628988,-0.03058166,0.9021828,-0.9966303,-0.02512905,0.07808089,1,1,1,0.2441277,-0.4696269,-0.2208957,-1.073753,-0.3311054,-0.05570652,0.9603016,-0.9719117,-0.02987527,-0.233442,1,1,0,0.168461,0.02925867,0.2248365,-0.9529483,-0.361013,-0.009580705,1.066247,-0.9544798,0.2906685,0.06693482,1,0.5,1,0,0.5,-0.225496,0,0,0,1.434886,-0.8596952,0.4785812,-0.1785614,0,0,0,0,0.5,0.225496,0,0,0,1.406711,-0.8723988,0.4856532,0.0553288,0,0,1
756,0.08111176,0.006394932,-0.2246158,-1.241448,-0.2510404,-0.008561466,1.146497,-0.9419267,0.262615,-0.2093024,1,0.5,0,0.2065249,-0.4779998,0.2254337,-1.505048,-0.3904672,-0.09001125,0.9303062,-0.9966165,-0.0363557,0.07371406,1,1,1,0.197369,-0.4799498,-0.2254601,-1.196591,-0.2398149,-0.1025617,0.9766161,-0.971561,-0.03653609,-0.2339539,1,1,0,0.1216249,0.01486446,0.2245335,-1.260311,-0.3423214,-0.0002950431,1.076863,-0.9578301,0.2795832,0.06629209,1,0.5,1,0,0.5,-0.225496,0,0,0,1.407941,-0.8553678,0.4853399,-0.1810831,0,0,0,0,0.5,0.225496,0,0,0,1.379362,-0.8683753,0.4927204,0.05613394,0,0,1
757,0.03413795,0.001061572,-0.2251477,-1.151578,-0.100277,-0.01862571,1.15912,-0.9436458,0.2574024,-0.2080306,1,0.5,0,0.1440044,-0.4894699,0.2223604,-1.580179,-0.2494277,-0.06546902,0.9607288,-0.996595,-0.04345082,0.0700749,1,1,1,0.1455563,-0.4864387,-0.2286043,-1.32822,-0.1384125,-0.06718639,0.9966244,-0.9716554,-0.04038332,-0.2329271,1,1,0,0.06377213,0.003971757,0.2249172,-1.494111,-0.2439746,0.006420168,1.098481,-0.9609045,0.2689878,0.06563561,1,0.5,1,0,0.5,-0.225496,0,0,0,1.380445,-0.8507345,0.4924366,-0.183731,0,0,0,0,0.5,0.225496,0,0,0,1.351442,-0.8640616,0.5001508,0.05698046,0,0,1
758,-0.009874214,8.949799E-06,-0.2255337,-1.086723,-0.0009435491,-0.00899658,1.17025,-0.9445361,0.255057,-0.2068754,1,0.5,0,0.07870851,-0.4943003,0.2225786,-1.653755,-0.0711188,0.03054814,0.9941199,-0.9965926,-0.04571275,0.06865489,1,1,1,0.08919834,-0.4900829,-0.2283025,-1.432738,-0.07774237,0.03598632,1.020361,-0.9724918,-0.04214981,-0.2290919,1,1,0,0.002191411,-0.0002130642,0.2253526,-1.531089,-0.05334255,0.009564314,1.125831,-0.9629202,0.2618887,0.06479919,1,0.5,1,0,0.5,-0.225496,0,0,0,1.353279,-0.8459262,0.4996549,-0.1864242,0,0,0,0,0.5,0.225496,0,0,0,1.323844,-0.8595788,0.5077189,0.05784267,0,0,1
759,-0.05060999,0.002478638,-0.2255754,-0.982542,0.08281928,-0.004677476,1.178743,-0.9447105,0.2552378,-0.2058537,1,0.5,0,0.01019215,-0.4927714,0.2262344,-1.732682,0.07504973,0.09189028,1.030277,-0.9966327,-0.04363354,0.06942167,1,1,1,0.02927625,-0.4910435,-0.224339,-1.517976,-0.009730462,0.09714369,1.046271,-0.9739814,-0.04206474,-0.2226899,1,1,0,-0.05499339,0.002960493,0.2253887,-1.392943,0.1164068,-0.004493447,1.150514,-0.9635235,0.2598951,0.06385203,1,0.5,1,0,0.5,-0.225496,0,0,0,1.325935,-0.8408383,0.5071375,-0.1892159,0,0,0,0,0.5,0.225496,0,0,0,1.296051,-0.8548285,0.5155755,0.05873774,0,0,1
760,-0.085641,0.007285321,-0.2251714,-0.8309696,0.1290725,0.009869043,1.181479,-0.9441722,0.2576812,-0.2052785,1,0.5,0,-0.06096262,-0.4872544,0.23118,-1.792749,0.1593054,0.1208209,1.068073,-0.9967181,-0.03906349,0.0709023,1,1,1,-0.03332037,-0.4899457,-0.2190074,-1.577465,0.03624709,0.1281471,1.073567,-0.9756714,-0.04063744,-0.2154388,1,1,0,-0.1040498,0.01088733,0.225422,-1.173819,0.2157055,-0.001560897,1.167713,-0.9630041,0.261968,0.06321353,1,0.5,1,0,0.5,-0.225496,0,0,0,1.297982,-0.835361,0.5150218,-0.1921576,0,0,0,0,0.5,0.225496,0,0,0,1.267626,-0.849707,0.5238665,0.05968231,0,0,1
761,-0.1130961,0.01295759,-0.2249506,-0.6416372,0.1455128,0.007373842,1.178172,-0.9430431,0.2615688,-0.2055514,1,0.5,0,-0.1336816,-0.4787753,0.234606,-1.823582,0.2251626,0.07776845,1.108132,-0.9969172,-0.03281777,0.07126652,1,1,1,-0.09750692,-0.4866842,-0.2148946,-1.611112,0.09749535,0.09639341,1.103535,-0.9772156,-0.03784403,-0.2088477,1,1,0,-0.1435647,0.02095252,0.2249964,-0.9201828,0.2518764,-0.008752201,1.177124,-0.9617997,0.2664994,0.06260504,1,0.5,1,0,0.5,-0.225496,0,0,0,1.270947,-0.8297781,0.5228841,-0.1950911,0,0,0,0,0.5,0.225496,0,0,0,1.240119,-0.8444783,0.5321475,0.06062573,0,0,1
762,-0.1339441,0.01817608,-0.2244891,-0.4811032,0.1278038,0.01393036,1.168993,-0.9415781,0.2661341,-0.2064053,1,0.5,0,-0.2065165,-0.4682159,0.235451,-1.816054,0.2857984,-0.005853924,1.148649,-0.9972163,-0.02560636,0.07002762,1,1,1,-0.1618696,-0.4810402,-0.2131127,-1.604634,0.1624227,0.01898558,1.134661,-0.9784373,-0.0336707,-0.203781,1,1,0,-0.1718563,0.03039862,0.2247318,-0.6350192,0.2228279,-0.005818161,1.176137,-0.9601837,0.2722919,0.06248405,1,0.5,1,0,0.5,-0.225496,0,0,0,1.244527,-0.8240305,0.5308028,-0.1980456,0,0,0,0,0.5,0.225496,0,0,0,1.213224,-0.8390867,0.5405014,0.06157747,0,0,1
763,-0.1496649,0.02288837,-0.2244455,-0.3718407,0.1158512,0.003018976,1.154428,-0.9397004,0.2713254,-0.2081961,1,0.5,0,-0.2776932,-0.4553134,0.2320761,-1.764145,0.3377618,-0.1024887,1.186678,-0.9976385,-0.0173794,0.06644783,1,1,1,-0.224528,-0.4714782,-0.2154418,-1.550557,0.2606095,-0.07531273,1.164318,-0.9790972,-0.02732542,-0.2015491,1,1,0,-0.1882533,0.03663314,0.2247526,-0.3275582,0.1284138,0.009071086,1.162367,-0.9584255,0.2782978,0.06301416,1,0.5,1,0,0.5,-0.225496,0,0,0,1.217811,-0.8179025,0.5390583,-0.2011258,0,0,0,0,0.5,0.225496,0,0,0,1.186011,-0.8333286,0.5492252,0.06257134,0,0,1
764,-0.1619764,0.02679677,-0.2249996,-0.2817528,0.09567565,-0.018318,1.13629,-0.9375343,0.2767215,-0.2108425,1,0.5,0,-0.3448491,-0.4378444,0.2261049,-1.644041,0.4693584,-0.1590938,1.220267,-0.9980723,-0.00688519,0.06167934,1,1,1,-0.2837199,-0.458145,-0.2202315,-1.452345,0.3626274,-0.130193,1.190721,-0.9793586,-0.01901262,-0.2012346,1,1,0,-0.1922481,0.03834669,0.2248576,-0.03213288,0.01425949,0.0008828941,1.135177,-0.9566854,0.2839733,0.06412616,1,0.5,1,0,0.5,-0.225496,0,0,0,1.191008,-0.8114108,0.5476025,-0.2043137,0,0,0,0,0.5,0.225496,0,0,0,1.158695,-0.8272178,0.5582702,0.06360181,0,0,1
765,-0.1692575,0.02931753,-0.2252686,-0.1419761,0.0530421,-0.002375246,1.113673,-0.9352025,0.2821622,-0.2139644,1,0.5,0,-0.4037696,-0.4147238,0.221964,-1.406397,0.6056892,-0.08361939,1.246638,-0.9982737,0.00645597,0.05837727,1,1,1,-0.3389049,-0.4410468,-0.2236331,-1.355614,0.4537852,-0.07009211,1.213634,-0.9796484,-0.008780625,-0.2005289,1,1,0,-0.1880488,0.03634921,0.2253274,0.1339645,-0.06932414,0.01119152,1.099796,-0.955061,0.2890051,0.06583805,1,0.5,1,0,0.5,-0.225496,0,0,0,1.164948,-0.8047422,0.5561736,-0.2075116,0,0,0,0,0.5,0.225496,0,0,0,1.132119,-0.8209288,0.5673605,0.06463743,0,0,1
766,-0.168776,0.02891897,-0.22533,0.06804618,-0.03503376,0.00912473,1.083058,-0.9326491,0.2873673,-0.2181412,1,0.5,0,-0.4499216,-0.3883515,0.220706,-1.067897,0.6678077,0.01035259,1.260868,-0.9981343,0.02138063,0.05719113,1,1,1,-0.3902944,-0.4194184,-0.2252947,-1.256684,0.5740302,-0.009371344,1.232722,-0.9799355,0.00379842,-0.1992788,1,1,0,-0.1821105,0.03400121,0.2254586,0.1438104,-0.04495459,0.01363606,1.062736,-0.9533102,0.2943564,0.06748333,1,0.5,1,0,0.5,-0.225496,0,0,0,1.139153,-0.7977666,0.564926,-0.2107772,0,0,0,0,0.5,0.225496,0,0,0,1.105797,-0.814338,0.5766608,0.06569698,0,0,1
767,-0.1632513,0.02721581,-0.2254536,0.1560599,-0.04255867,0.001765788,1.045994,-0.9295859,0.2931549,-0.2234508,1,0.5,0,-0.4830537,-0.3630911,0.2194706,-0.7520276,0.6147923,-0.03567638,1.260875,-0.9977638,0.03572595,0.0564893,1,1,1,-0.4347545,-0.3927469,-0.2279737,-1.055333,0.6928074,-0.07734004,1.244028,-0.9797076,0.01906685,-0.199523,1,1,0,-0.1766346,0.03196113,0.2253829,0.1352244,-0.04453996,0.00140369,1.024741,-0.9513206,0.3003533,0.06911525,1,0.5,1,0,0.5,-0.225496,0,0,0,1.112334,-0.7900863,0.5743226,-0.2142831,0,0,0,0,0.5,0.225496,0,0,0,1.078412,-0.8070664,0.5866656,0.0668368,0,0,1
768,-0.1564848,0.0249434,-0.2253261,0.1618676,-0.05396374,0.001890958,1.008896,-0.926449,0.2988566,-0.2288602,1,0.5,0,-0.5052829,-0.3420276,0.2180332,-0.4939961,0.4937249,-0.04531147,1.251476,-0.9972806,0.04794381,0.05597179,1,1,1,-0.4697688,-0.3645951,-0.2310023,-0.8126232,0.6981361,-0.08617196,1.247906,-0.9789995,0.03513058,-0.2008131,1,1,0,-0.17139,0.03000473,0.2253233,0.1369492,-0.05374749,-0.001485646,0.9883192,-0.9492723,0.3063891,0.07076661,1,0.5,1,0,0.5,-0.225496,0,0,0,1.086818,-0.7823392,0.5835577,-0.2177288,0,0,0,0,0.5,0.225496,0,0,0,1.052338,-0.7997162,0.5965195,0.06795941,0,0,1
769,-0.1501352,0.02298533,-0.2252451,0.1537674,-0.0512276,0.007363412,0.9720225,-0.9230164,0.3050126,-0.234538,1,0.5,0,-0.5181532,-0.3266556,0.2170224,-0.2699019,0.340748,-0.0170894,1.232294,-0.9967819,0.0573485,0.05600808,1,1,1,-0.4946519,-0.3391683,-0.2332306,-0.5587953,0.6092715,-0.04819559,1.241626,-0.9779467,0.0498567,-0.2028165,1,1,0,-0.1661818,0.0284368,0.2253523,0.1278446,-0.04169048,0.004344435,0.9517379,-0.9469668,0.3130295,0.07256977,1,0.5,1,0,0.5,-0.225496,0,0,0,1.061241,-0.7741057,0.5931178,-0.2212957,0,0,0,0,0.5,0.225496,0,0,0,1.026184,-0.7918875,0.6067421,0.06912405,0,0,1
770,-0.14479,0.0213968,-0.2252645,0.1307503,-0.04095381,0.007458779,0.9372578,-0.919453,0.311285,-0.2402245,1,0.5,0,-0.5226843,-0.3185461,0.2163897,-0.0661284,0.1507819,-0.01018644,1.205505,-0.9964117,0.06300413,0.05651679,1,1,1,-0.5102943,-0.3197402,-0.2344439,-0.3377945,0.4399808,-0.02032221,1.2271,-0.9767792,0.061525,-0.2052249,1,1,0,-0.1610066,0.02671398,0.2254971,0.128916,-0.04012195,0.01165942,0.9161712,-0.9445945,0.3196746,0.07449459,1,0.5,1,0,0.5,-0.225496,0,0,0,1.036707,-0.7657289,0.6025872,-0.2248288,0,0,0,0,0.5,0.225496,0,0,0,1.001076,-0.7839047,0.6168906,0.07028023,0,0,1
771,-0.1403779,0.02016903,-0.2253583,0.1084589,-0.0323536,-0.0005133452,0.902974,-0.9155708,0.3180166,-0.2461616,1,0.5,0,-0.5192695,-0.318597,0.2162622,0.1333207,-0.05432072,0.00274107,1.169655,-0.9962621,0.06432647,0.05765397,1,1,1,-0.5175415,-0.3080733,-0.2346293,-0.131327,0.2388121,0.005073847,1.203193,-0.9756294,0.06923856,-0.2082144,1,1,0,-0.1560824,0.0249973,0.2253053,0.1178317,-0.04103604,-0.004693123,0.8802452,-0.9420258,0.3267516,0.07629462,1,0.5,1,0,0.5,-0.225496,0,0,0,1.011922,-0.756748,0.6124653,-0.2285144,0,0,0,0,0.5,0.225496,0,0,0,0.9756935,-0.7753264,0.6275016,0.0714891,0,0,1
772,-0.1368691,0.01888044,-0.2252837,0.08483085,-0.02795813,0.007956478,0.8675717,-0.9112791,0.3253069,-0.2524794,1,0.5,0,-0.5082754,-0.3268623,0.2166029,0.3220857,-0.2542556,0.01623035,1.123557,-0.9963589,0.06106203,0.05950074,1,1,1,-0.5170742,-0.3055979,-0.2337793,0.06620291,0.006401541,0.0344597,1.168826,-0.9746043,0.07214779,-0.211993,1,1,0,-0.1514653,0.02327102,0.2254112,0.1074404,-0.04057048,0.00728071,0.8426328,-0.9390771,0.3346194,0.07851083,1,0.5,1,0,0.5,-0.225496,0,0,0,0.9857814,-0.7466579,0.6232411,-0.2325349,0,0,0,0,0.5,0.225496,0,0,0,0.948899,-0.7656645,0.639106,0.07281114,0,0,1
773,-0.134488,0.01819756,-0.2253677,0.05312639,-0.01183609,0.00727922,0.8349257,-0.906831,0.3327508,-0.2587168,1,0.5,0,-0.489997,-0.3419679,0.2177462,0.4987585,-0.4177989,0.03808813,1.071357,-0.9966297,0.05347738,0.06220499,1,1,1,-0.5086409,-0.3134643,-0.2319396,0.2658517,-0.2604903,0.05614685,1.127211,-0.973878,0.06915866,-0.2162839,1,1,0,-0.146943,0.02173989,0.2254295,0.1100757,-0.03900669,0.006598982,0.8066493,-0.9359871,0.3426626,0.08068693,1,0.5,1,0,0.5,-0.225496,0,0,0,0.9610808,-0.7364849,0.6337774,-0.2364661,0,0,0,0,0.5,0.225496,0,0,0,0.9235586,-0.7558972,0.6504825,0.07410724,0,0,1
774,-0.1339288,0.0181028,-0.2254222,0,0,0,0.8190812,-0.9044754,0.3366759,-0.2618657,1,0.5,0,-0.4781934,-0.3514543,0.2188202,0,0,0,1.042317,-0.9967741,0.04833356,0.06407257,1,1,1,-0.5011253,-0.3213927,-0.2306629,0,0,0,1.10261,-0.9735824,0.06527311,-0.2188074,1,1,0,-0.1446989,0.02105256,0.2254362,0,0,0,0.7884949,-0.9343045,0.3469572,0.08182897,1,0.5,1,0,0.5,-0.225496,0,0,0,0.9486674,-0.7311186,0.6392081,-0.2384923,0,0,0,0,0.5,0.225496,0,0,0,0.9108151,-0.7507346,0.6563581,0.07477663,0,0,1
775,-0.136179,0.01874585,-0.2254406,-0.07898885,0.02586815,-0.003271551,0.791813,-0.8999801,0.3442804,-0.2674076,1,0.5,0,-0.4320651,-0.3851248,0.2237703,0.862946,-0.5921888,0.09106327,0.9627503,-0.9970889,0.02794407,0.07094193,1,1,1,-0.4635724,-0.3590788,-0.2253349,0.7610682,-0.7239911,0.09398017,1.030958,-0.9732463,0.04371199,-0.2255678,1,1,0,-0.137743,0.01899049,0.2255334,0.1206667,-0.03619521,-0.003272296,0.7507781,-0.9307567,0.3557709,0.08437421,1,0.5,1,0,0.5,-0.225496,0,0,0,0.9249196,-0.7203403,0.6498612,-0.242467,0,0,0,0,0.5,0.225496,0,0,0,0.8864191,-0.740344,0.6679077,0.07609243,0,0,1
776,-0.1413611,0.02022164,-0.225469,-0.1498715,0.05078532,-0.0002339483,0.767434,-0.8954063,0.352067,-0.2725735,1,0.5,0,-0.3914172,-0.4100909,0.2276577,1.071696,-0.6285193,0.0860982,0.8891937,-0.9969268,0.01145202,0.07749654,1,1,1,-0.4251705,-0.3915557,-0.2216932,1.030581,-0.8260223,0.08391592,0.9596531,-0.9719281,0.02359759,-0.2340921,1,1,0,-0.1327694,0.01770786,0.2254537,0.1270459,-0.03952972,-0.00535697,0.7151117,-0.9268915,0.3651581,0.0867852,1,0.5,1,0,0.5,-0.225496,0,0,0,0.9013922,-0.7089431,0.6607715,-0.2465377,0,0,0,0,0.5,0.225496,0,0,0,0.8622268,-0.7293259,0.6797693,0.07744378,0,0,1
777,-0.1490076,0.02250339,-0.2251936,-0.1953483,0.05520258,0.00651181,0.7455819,-0.8908098,0.3600754,-0.2771344,1,0.5,0,-0.3418582,-0.4349776,0.2296813,1.297099,-0.6108406,0.03679992,0.8070682,-0.9964494,-0.006868472,0.08391395,1,1,1,-0.3754952,-0.4232557,-0.2199407,1.307096,-0.7755968,0.02905579,0.8786352,-0.9691209,0.001990604,-0.2465777,1,1,0,-0.1270342,0.01642048,0.2253075,0.1470022,-0.02590251,-0.006424638,0.678858,-0.9225905,0.3752958,0.08933009,1,0.5,1,0,0.5,-0.225496,0,0,0,0.8782367,-0.6969551,0.671873,-0.2506797,0,0,0,0,0.5,0.225496,0,0,0,0.8383939,-0.7177027,0.691874,0.07882283,0,0,1
778,-0.1551082,0.02469407,-0.2247125,-0.122878,0.04550491,0.009664897,0.7225846,-0.88578,0.3686404,-0.2819539,1,0.5,0,-0.2841655,-0.4577376,0.2271683,1.491324,-0.5412939,-0.0899129,0.717141,-0.9957748,-0.0260755,0.08804917,1,1,1,-0.3156429,-0.448805,-0.2226589,1.553091,-0.5888986,-0.09729866,0.7900261,-0.9639152,-0.01767796,-0.2656217,1,1,0,-0.1202818,0.01457866,0.2249402,0.1711265,-0.04604051,-0.01038611,0.641782,-0.9179639,0.3858693,0.09190917,1,0.5,1,0,0.5,-0.225496,0,0,0,0.8556243,-0.6844321,0.6830801,-0.2548612,0,0,0,0,0.5,0.225496,0,0,0,0.8150967,-0.7055244,0.7041307,0.08021919,0,0,1
779,-0.1535075,0.02396482,-0.2245203,0.1039409,-0.03603186,0.009736422,0.6925776,-0.8798782,0.3773044,-0.2888871,1,0.5,0,-0.2198197,-0.4754679,0.2221628,1.645189,-0.4040615,-0.1117409,0.6213946,-0.9948639,-0.04411286,0.09110337,1,1,1,-0.2483688,-0.4670176,-0.2278516,1.721483,-0.4062535,-0.1164325,0.6965954,-0.9561997,-0.03427861,-0.2907011,1,1,0,-0.1140518,0.01329393,0.2246016,0.1453836,-0.03098921,0.002133102,0.6062335,-0.9128879,0.3971078,0.09455657,1,0.5,1,0,0.5,-0.225496,0,0,0,0.8339148,-0.6715687,0.6941973,-0.2590091,0,0,0,0,0.5,0.225496,0,0,0,0.7927067,-0.6929765,0.7163264,0.08160861,0,0,1
780,-0.1407516,0.02003948,-0.2250618,0.3797801,-0.114967,-0.0166677,0.6521618,-0.8720284,0.3871326,-0.2994908,1,0.5,0,-0.15097,-0.4866036,0.2181593,1.743215,-0.2284066,-0.07612708,0.5214713,-0.9936023,-0.0593297,0.09609603,1,1,1,-0.1767008,-0.4785459,-0.2319705,1.809943,-0.2577261,-0.07912147,0.5998328,-0.9462048,-0.04777627,-0.3200218,1,1,0,-0.1080674,0.01157853,0.224699,0.1670804,-0.03753408,0.001925976,0.5711145,-0.9074975,0.4085264,0.09774774,1,0.5,1,0,0.5,-0.225496,0,0,0,0.8127381,-0.6581407,0.7053959,-0.2631873,0,0,0,0,0.5,0.225496,0,0,0,0.7708435,-0.6798369,0.7286499,0.08301258,0,0,1
781,-0.1190425,0.01431985,-0.2252133,0.6005684,-0.1577747,-0.007434192,0.6033146,-0.861876,0.3990882,-0.3128874,1,0.5,0,-0.08008965,-0.4902271,0.2187614,1.774142,-0.05223157,0.02703668,0.4195454,-0.9917591,-0.06984656,0.1074024,1,1,1,-0.1032773,-0.4853304,-0.2315327,1.83786,-0.1431153,0.02709405,0.5008049,-0.9344031,-0.05928272,-0.35125,1,1,0,-0.09712067,0.009371216,0.2251917,0.3115681,-0.06838118,0.005471709,0.5313349,-0.9007729,0.4221434,0.1019956,1,0.5,1,0,0.5,-0.225496,0,0,0,0.7918453,-0.6439455,0.7168041,-0.2674438,0,0,0,0,0.5,0.225496,0,0,0,0.7492503,-0.6659017,0.7412446,0.08444744,0,0,1
782,-0.088921,0.007992627,-0.225539,0.8029267,-0.1586049,-0.009036813,0.5474582,-0.8482383,0.4143293,-0.3298834,1,0.5,0,-0.009918002,-0.4890979,0.2218262,1.744045,0.0478849,0.08642752,0.3183066,-0.9892271,-0.07710785,0.1244352,1,1,1,-0.03050815,-0.488682,-0.2286948,1.80921,-0.0648767,0.08360672,0.4025254,-0.9197318,-0.06945176,-0.3863545,1,1,0,-0.07845137,0.006236097,0.2253636,0.5187212,-0.08267321,0.003842266,0.4843051,-0.8920247,0.4391282,0.1070436,1,0.5,1,0,0.5,-0.225496,0,0,0,0.771283,-0.6289498,0.728398,-0.2717695,0,0,0,0,0.5,0.225496,0,0,0,0.727975,-0.6511315,0.754087,0.08591054,0,0,1
783,-0.05076007,0.002326471,-0.2255636,1.00327,-0.1302166,-0.006512555,0.4848136,-0.8292823,0.4349315,-0.3508924,1,0.5,0,0.05779961,-0.4853898,0.2255571,1.672718,0.1051054,0.09484295,0.218412,-0.9856862,-0.08266816,0.1469312,1,1,1,0.03991733,-0.4893077,-0.2250263,1.741642,0.0008955601,0.09161834,0.3063145,-0.9004067,-0.0785149,-0.4279054,1,1,0,-0.05187703,0.002487536,0.2254247,0.7132393,-0.08442514,-0.00811443,0.4292586,-0.8800622,0.4611069,0.1134503,1,0.5,1,0,0.5,-0.225496,0,0,0,0.7503959,-0.6125487,0.7405655,-0.2763093,0,0,0,0,0.5,0.225496,0,0,0,0.7063382,-0.6349201,0.7676123,0.08745143,0,0,1
784,-0.005522603,-0.0002811979,-0.2255141,1.174245,-0.0443448,-0.004176052,0.4203962,-0.8032029,0.4625386,-0.3753972,1,0.5,0,0.1215871,-0.4798635,0.2290854,1.566983,0.1447663,0.07533956,0.1241272,-0.9808179,-0.08630211,0.1747807,1,1,1,0.1068631,-0.4873894,-0.221587,1.649826,0.06316008,0.07313269,0.2165388,-0.8748712,-0.08567498,-0.4767181,1,1,0,-0.01811489,0.0001425411,0.2252843,0.8770121,-0.05316547,-0.007542971,0.3706155,-0.8635926,0.4894727,0.1209309,1,0.5,1,0,0.5,-0.225496,0,0,0,0.7309432,-0.5960814,0.7522687,-0.2806758,0,0,0,0,0.5,0.225496,0,0,0,0.6861632,-0.6185846,0.7806683,0.08893885,0,0,1
785,0.04424048,0.001716416,-0.2251204,1.257191,0.07896902,0.01117811,0.3566559,-0.7670787,0.4992861,-0.4028693,1,0.5,0,0.1802825,-0.4737626,0.2314781,1.430866,0.155896,0.05570354,0.03500795,-0.9739677,-0.08927451,0.2083672,1,1,1,0.1697899,-0.4823108,-0.2193723,1.548365,0.1475827,0.04567804,0.133178,-0.8395318,-0.08893356,-0.5359825,1,1,0,0.02120635,0.0003473608,0.2253359,1.017135,0.02997723,0.003176184,0.3096176,-0.8400961,0.5266033,0.1301057,1,0.5,1,0,0.5,-0.225496,0,0,0,0.7119215,-0.5787198,0.7640759,-0.2850812,0,0,0,0,0.5,0.225496,0,0,0,0.6664114,-0.6012998,0.793888,0.09044493,0,0,1
786,0.09466873,0.008756502,-0.2249274,1.24376,0.1987927,0.003597887,0.2987058,-0.7191715,0.5443262,-0.4318579,1,0.5,0,0.2328651,-0.4668587,0.2305628,1.273649,0.1753465,-0.02847837,-0.0481452,-0.9653766,-0.0904245,0.2446866,1,1,1,0.2283833,-0.4729297,-0.2203873,1.436872,0.2623872,-0.03562646,0.0588159,-0.7886173,-0.08398053,-0.6091224,1,1,0,0.0641887,0.003913944,0.2250061,1.10169,0.1175483,-0.007053467,0.2494931,-0.8070607,0.5736063,0.1401028,1,0.5,1,0,0.5,-0.225496,0,0,0,0.6935264,-0.5605869,0.7758521,-0.289475,0,0,0,0,0.5,0.225496,0,0,0,0.6472868,-0.5831804,0.8071216,0.09195259,0,0,1
787,0.1395346,0.0198965,-0.2249792,1.074833,0.2903472,-0.005381557,0.2518861,-0.6616589,0.5930373,-0.4588184,1,0.5,0,0.2786234,-0.4588488,0.2272678,1.103166,0.2018467,-0.1016677,-0.1244492,-0.9543406,-0.08746827,0.2856281,1,1,1,0.2826979,-0.4592798,-0.2237474,1.333404,0.364192,-0.1080603,-0.005208313,-0.7161173,-0.0672603,-0.6947317,1,1,0,0.1102929,0.01207597,0.2251013,1.160019,0.230438,0.005356225,0.1931129,-0.759954,0.6320413,0.1516367,1,0.5,1,0,0.5,-0.225496,0,0,0,0.6758599,-0.5417539,0.7875088,-0.2938241,0,0,0,0,0.5,0.225496,0,0,0,0.6288971,-0.5642913,0.8202696,0.0934505,0,0,1
788,0.1770299,0.03231141,-0.2252094,0.8937511,0.3154468,0.0007182363,0.2159225,-0.598062,0.640169,-0.4821881,1,0.5,0,0.3173601,-0.4482263,0.2250742,0.927924,0.2830283,-0.03484787,-0.19278,-0.936905,-0.07234646,0.3420161,1,1,1,0.3320032,-0.4429989,-0.2256162,1.198493,0.4113005,-0.02383218,-0.05912155,-0.6196556,-0.03855686,-0.7839262,1,1,0,0.1561893,0.02511611,0.2252213,1.128154,0.3524473,0.009989742,0.1451235,-0.6960011,0.699271,0.1631026,1,0.5,1,0,0.5,-0.225496,0,0,0,0.6589243,-0.5222049,0.7990168,-0.2981178,0,0,0,0,0.5,0.225496,0,0,0,0.611246,-0.5446103,0.8332989,0.09493487,0,0,1
789,0.2067774,0.0447385,-0.2255018,0.6936747,0.303905,-0.01585931,0.1889719,-0.5307502,0.6832477,-0.5014745,1,0.5,0,0.3460713,-0.4358052,0.2255277,0.57904,0.3221707,0.05434977,-0.2500415,-0.9056625,-0.0392272,0.4221809,1,1,1,0.3758095,-0.4259278,-0.2265304,1.060455,0.4316108,-0.02426581,-0.1015648,-0.4935304,0.0001812366,-0.8697285,1,1,0,0.1971442,0.04036978,0.2253157,0.9767961,0.3952147,-0.006210061,0.1078208,-0.6174603,0.7672817,0.1732677,1,0.5,1,0,0.5,-0.225496,0,0,0,0.6421653,-0.5011966,0.8107408,-0.3024921,0,0,0,0,0.5,0.225496,0,0,0,0.5937567,-0.523379,0.8466234,0.09645289,0,0,1
790,0.2306656,0.05508889,-0.2257046,0.591782,0.2705748,-0.02222807,0.1680948,-0.4622949,0.7200907,-0.5174484,1,0.5,0,0.3103071,-0.4390396,0.2190179,-0.8876253,-0.006932023,-0.1992822,-0.2499715,-0.9167568,-0.05215265,0.3960265,1,1,1,0.4102872,-0.4116663,-0.2201228,0.7541242,0.3253714,0.1186595,-0.13587,-0.3549151,0.0393643,-0.9340695,1,1,0,0.2286351,0.05418919,0.2253186,0.664516,0.2994415,-0.02302454,0.08165675,-0.5344858,0.8255543,0.1810666,1,0.5,1,0,0.5,-0.225496,0,0,0,0.6260231,-0.4791397,0.8223633,-0.3068285,0,0,0,0,0.5,0.225496,0,0,0,0.5768889,-0.501001,0.8598844,0.09796368,0,0,1
791,0.2596301,0.07076915,-0.2243243,0.6829615,0.4086559,0.01284481,0.1529347,-0.3782172,0.7608252,-0.5273489,1,0.5,0,0.2727511,-0.4409149,0.2073348,-0.9972025,-0.07618967,-0.4118861,-0.2499473,-0.9351233,-0.05964714,0.3492658,1,1,1,0.4078679,-0.407061,-0.2220514,-0.3811719,0.04370661,-0.2179609,-0.1434861,-0.2768851,0.05312264,-0.9594335,1,1,0,0.2338785,0.05725034,0.2258671,0.01568124,0.01293924,-0.02031402,0.06489426,-0.48275,0.8554705,0.1874105,1,0.5,1,0,0.5,-0.225496,0,0,0,0.6106161,-0.4561263,0.8337715,-0.311085,0,0,0,0,0.5,0.225496,0,0,0,0.5607686,-0.4775605,0.8729519,0.09945241,0,0,1
792,0.2778138,0.08354598,-0.2233737,0.3820555,0.2827657,0.04648419,0.1447693,-0.3030689,0.7902764,-0.5325528,1,0.5,0,0.2328324,-0.447074,0.1854546,-0.9773951,-0.1762316,-0.5313331,-0.2499676,-0.961439,-0.08428506,0.2617846,1,1,1,0.3619512,-0.4089757,-0.245062,-1.336133,-0.04893096,-0.6238195,-0.117977,-0.2912707,0.04456357,-0.9556021,1,1,0,0.2224745,0.05154532,0.2232081,-0.389436,-0.1805153,-0.06156417,0.04915977,-0.4566046,0.8695927,0.1879383,1,0.5,1,0,0.5,-0.225496,0,0,0,0.5958028,-0.4318508,0.8450426,-0.3152903,0,0,0,0,0.5,0.225496,0,0,0,0.5452491,-0.4527374,0.8859132,0.100929,0,0,1
793,0.2787329,0.08483274,-0.2220135,-0.09410236,-0.05441646,0.02857373,0.1356266,-0.2541561,0.803668,-0.538073,1,0.5,0,0.1959064,-0.4533449,0.1730352,-0.9205293,-0.1339377,-0.1887248,-0.2484457,-0.9714597,-0.1087038,0.2108302,1,1,1,0.2997732,-0.4129535,-0.2640596,-1.596758,-0.1364738,-0.3634693,-0.09083685,-0.3434036,0.03188582,-0.9386466,1,1,0,0.2061297,0.04421164,0.2213833,-0.3867278,-0.1592987,-0.02989472,0.03498083,-0.4376822,0.8789317,0.1895084,1,0.5,1,0,0.5,-0.225496,0,0,0,0.5819848,-0.40692,0.8558346,-0.3193169,0,0,0,0,0.5,0.225496,0,0,0,0.5307536,-0.427145,0.8983718,0.1023484,0,0,1
794,0.259471,0.07255403,-0.2229906,-0.5899327,-0.3738796,-0.02358035,0.1230849,-0.2382433,0.8001382,-0.5504716,1,0.5,0,0.1576951,-0.456459,0.1803562,-0.9670373,-0.05679729,0.3097468,-0.240806,-0.9653839,-0.1175142,0.232861,1,1,1,0.2332159,-0.4251549,-0.2631091,-1.681802,-0.3529014,0.158079,-0.07893738,-0.4149048,0.002007076,-0.9098626,1,1,0,0.1969758,0.04022565,0.2225217,-0.2114871,-0.08241127,0.04950093,0.02189386,-0.4041838,0.8933343,0.1964416,1,0.5,1,0,0.5,-0.225496,0,0,0,0.5692239,-0.3815074,0.8660488,-0.3231278,0,0,0,0,0.5,0.225496,0,0,0,0.5173503,-0.4009601,0.9102076,0.1036968,0,0,1
795,0.2229397,0.05231056,-0.2246222,-1.011109,-0.5410994,-0.03854634,0.1090031,-0.250856,0.7853993,-0.5658792,1,0.5,0,0.1190621,-0.4588858,0.2008253,-0.9597901,-0.06666037,0.5530345,-0.228922,-0.9467744,-0.1213149,0.2981625,1,1,1,0.1654891,-0.4438364,-0.2475224,-1.691296,-0.4973935,0.445302,-0.07622591,-0.4960726,-0.04208932,-0.8672603,1,1,0,0.1862759,0.0360046,0.2246032,-0.3125103,-0.12229,0.04488306,0.01017261,-0.3713174,0.9055849,0.2050349,1,0.5,1,0,0.5,-0.225496,0,0,0,0.5573565,-0.3553312,0.875769,-0.3267545,0,0,0,0,0.5,0.225496,0,0,0,0.5048705,-0.3738908,0.9215118,0.1049847,0,0,1
796,0.1702535,0.02980742,-0.225485,-1.416748,-0.5663782,-0.0136897,0.09760451,-0.2898848,0.7627242,-0.5781165,1,0.5,0,0.0819096,-0.4641591,0.2233541,-0.915838,-0.1461819,0.5551877,-0.2161647,-0.9215921,-0.134441,0.3641341,1,1,1,0.09904239,-0.4652201,-0.2273188,-1.648499,-0.5434843,0.5116166,-0.07347545,-0.5731149,-0.09195265,-0.8142998,1,1,0,0.1667745,0.02852776,0.2254592,-0.5521188,-0.2059572,0.01155064,-0.001055658,-0.3541786,0.9109789,0.2113646,1,0.5,1,0,0.5,-0.225496,0,0,0,0.5463407,-0.3282773,0.884989,-0.3301946,0,0,0,0,0.5,0.225496,0,0,0,0.4932727,-0.3458163,0.9322717,0.1062105,0,0,1
797,0.1007247,0.01001213,-0.224537,-1.843969,-0.4589754,0.03976525,0.09430665,-0.3545052,0.7336484,-0.5797294,1,0.5,0,0.04689981,-0.4718405,0.2423462,-0.8597927,-0.1970322,0.4333669,-0.2049825,-0.8965898,-0.1553824,0.4147084,1,1,1,0.0350009,-0.4854696,-0.208224,-1.586109,-0.4909979,0.4514465,-0.0667918,-0.6380501,-0.1372771,-0.7576589,1,1,0,0.1382295,0.01933435,0.22479,-0.7601853,-0.2376991,-0.02879874,-0.01082221,-0.3540225,0.9103732,0.2142166,1,0.5,1,0,0.5,-0.225496,0,0,0,0.5362525,-0.300515,0.8936046,-0.3334091,0,0,0,0,0.5,0.225496,0,0,0,0.4826399,-0.316911,0.9423594,0.1073598,0,0,1
798,0.02199832,-0.0001713248,-0.2216631,-1.94502,-0.1715537,0.0714809,0.1030826,-0.4248383,0.7060868,-0.5665278,1,0.5,0,0.01348809,-0.4813471,0.2490103,-0.8326692,-0.2545075,0.03628807,-0.2003584,-0.8834646,-0.1847109,0.4305486,1,1,1,-0.02742609,-0.4972515,-0.1998425,-1.562306,-0.2127887,0.08489269,-0.05190411,-0.6820794,-0.1590095,-0.7137813,1,1,0,0.1007244,0.01018366,0.2224618,-1.010979,-0.2320299,-0.06804171,-0.01807049,-0.3682831,0.9050777,0.2126075,1,0.5,1,0,0.5,-0.225496,0,0,0,0.5267643,-0.2709589,0.9018623,-0.3364901,0,0,0,0,0.5,0.225496,0,0,0,0.4726288,-0.2860402,0.952059,0.1084648,0,0,1
799,-0.0318447,0.0008534255,-0.2226951,-1.105881,0.06134981,-0.07243979,0.113664,-0.4520068,0.6955816,-0.5584409,1,0.5,0,-0.02091425,-0.494945,0.2328356,-0.8665535,-0.3574567,-0.517256,-0.2025428,-0.8957585,-0.2317813,0.3793339,1,1,1,-0.09111249,-0.4954567,-0.2126463,-1.595044,0.109537,-0.4159862,-0.02165943,-0.7037833,-0.1452034,-0.6954172,1,1,0,0.03975498,0.001301884,0.2227286,-1.737296,-0.2186793,0.0383191,-0.01473129,-0.424055,0.8805469,0.2116943,1,0.5,1,0,0.5,-0.225496,0,0,0,0.5183964,-0.2411002,0.9092727,-0.3392549,0,0,0,0,0.5,0.225496,0,0,0,0.463791,-0.2547602,0.9607892,0.1094594,0,0,1
800,-0.06417871,0.003611909,-0.225738,-0.7999079,0.07277316,-0.05285146,0.1174524,-0.449836,0.6957814,-0.5599427,1,0.5,0,-0.05421991,-0.4985105,0.2187717,-0.8391032,0.03171564,-0.2209448,-0.2055055,-0.9093329,-0.2462204,0.3353942,1,1,1,-0.1511058,-0.4887068,-0.2216171,-1.443412,0.1778976,-0.09855855,0.003612399,-0.7241271,-0.1245141,-0.6783334,1,1,0,-0.04723563,0.001460079,0.2250217,-2.223448,0.09165338,0.05044343,0.01163769,-0.5097537,0.8354742,0.2052657,1,0.5,1,0,0.5,-0.225496,0,0,0,0.5111662,-0.2112151,0.9157743,-0.3416807,0,0,0,0,0.5,0.225496,0,0,0,0.456148,-0.2233687,0.9684693,0.1103344,0,0,1
801,-0.1116009,0.01176486,-0.2255685,-1.36296,0.255673,0.01883955,0.1297559,-0.464413,0.6951342,-0.5487341,1,0.5,0,-0.1043517,-0.4877537,0.2218236,-1.443296,0.3081561,0.1624346,-0.1909196,-0.9227943,-0.1997983,0.3294407,1,1,1,-0.1896725,-0.4820617,-0.2210655,-0.7584634,0.1520962,0.01939983,0.006722093,-0.7312458,-0.1106359,-0.6730819,1,1,0,-0.1141934,0.0122973,0.2254211,-1.421114,0.3124468,0.0138335,0.03877467,-0.5476488,0.8135076,0.1956682,1,0.5,1,0,0.5,-0.225496,0,0,0,0.5047666,-0.1800079,0.9216071,-0.343857,0,0,0,0,0.5,0.225496,0,0,0,0.4493776,-0.19051,0.9753759,0.1111212,0,0,1
802,-0.1666558,0.02845068,-0.225509,-1.297972,0.4432957,-0.02081469,0.1517296,-0.4824141,0.6972994,-0.5301417,1,0.5,0,-0.172072,-0.4743662,0.2217368,-1.720446,0.343381,-0.08982126,-0.1609213,-0.9432022,-0.1426399,0.300039,1,1,1,-0.2071821,-0.4699549,-0.2279112,-0.3935935,0.3523739,-0.2360516,-0.001051664,-0.7113559,-0.08809511,-0.697289,1,1,0,-0.157937,0.02536486,0.2253191,-1.046262,0.325857,-0.02829434,0.05521667,-0.5505685,0.8129526,0.1896902,1,0.5,1,0,0.5,-0.225496,0,0,0,0.4993362,-0.1478459,0.9266151,-0.3457255,0,0,0,0,0.5,0.225496,0,0,0,0.4436285,-0.1565741,0.9813184,0.1117982,0,0,1
803,-0.2107038,0.04624219,-0.2252882,-1.017897,0.4331658,-0.001560897,0.1696025,-0.4865236,0.7052575,-0.5156614,1,0.5,0,-0.2405239,-0.4597184,0.2171919,-1.704674,0.37497,-0.1413353,-0.1298206,-0.9606086,-0.09108667,0.2625536,1,1,1,-0.221705,-0.4536122,-0.2333381,-0.3588171,0.4071461,-0.1222462,-0.01109302,-0.6888398,-0.05647749,-0.7227102,1,1,0,-0.1911419,0.03771538,0.2252755,-0.7751356,0.2911952,-0.007869306,0.0655818,-0.5414168,0.8198909,0.1861366,1,0.5,1,0,0.5,-0.225496,0,0,0,0.4950303,-0.1156483,0.9306249,-0.3472216,0,0,0,0,0.5,0.225496,0,0,0,0.4390672,-0.1225403,0.9860849,0.1123413,0,0,1
804,-0.2399015,0.06051598,-0.2253995,-1.459885,0.7136901,-0.005567821,0.1861637,-0.4938382,0.7090378,-0.5033777,1,0.5,0,-0.3033632,-0.4440047,0.2116677,-3.141965,0.7856879,-0.2762103,-0.08698076,-0.9740841,-0.04359278,0.2219454,1,1,1,-0.2395701,-0.4394582,-0.2348701,-0.8932549,0.7077011,-0.07660317,-0.009376556,-0.6899841,-0.02743086,-0.7233045,1,1,0,-0.2168381,0.04839603,0.2249041,-1.284811,0.5340329,-0.01856685,0.07946533,-0.5449686,0.8186789,0.1810361,1,0.5,1,0,0.5,-0.225496,0,0,0,0.493295,-0.09962026,0.9322507,-0.3478282,0,0,0,0,0.5,0.225496,0,0,0,0.4372283,-0.1055797,0.9880196,0.1125617,0,0,1
805,-0.2511507,0.06696235,-0.2256263,-0.1656771,0.1054854,-0.0004753472,0.1805288,-0.4661874,0.7243813,-0.507879,1,0.5,0,-0.3451073,-0.4281006,0.2170541,-0.8886967,0.3879981,0.227397,-0.07748601,-0.9732473,-0.004971639,0.2297062,1,1,1,-0.2745944,-0.4325566,-0.2284157,-1.003793,0.1274258,0.2133512,-0.01264864,-0.6990801,-0.01345348,-0.7149168,1,1,0,-0.2406436,0.06082849,0.2252008,-0.5890617,0.3219889,0.01253337,0.08494687,-0.5244012,0.832261,0.1798467,1,0.5,1,0,0.5,-0.225496,0,0,0,0.490562,-0.06673309,0.9348229,-0.3487878,0,0,0,0,0.5,0.225496,0,0,0,0.4343314,-0.07074928,0.9910831,0.1129107,0,0,1
806,-0.2453505,0.06424392,-0.2253477,0.2469839,-0.1210168,0.006549063,0.1613283,-0.4216343,0.7413018,-0.5222031,1,0.5,0,-0.370233,-0.4148581,0.2304418,-0.5765053,0.3153147,0.3325963,-0.08129683,-0.9642182,0.02661042,0.263771,1,1,1,-0.3220858,-0.4299079,-0.2176946,-1.209997,0.05906823,0.2642983,-0.009606481,-0.725079,-0.007968944,-0.6886196,1,1,0,-0.2603067,0.07294377,0.2252671,-0.45096,0.2832052,-0.009661917,0.08850783,-0.49922,0.8478116,0.1788711,1,0.5,1,0,0.5,-0.225496,0,0,0,0.4889211,-0.03386339,0.936374,-0.3493666,0,0,0,0,0.5,0.225496,0,0,0,0.4325915,-0.03590878,0.9929321,0.1131213,0,0,1
807,-0.2268348,0.05402903,-0.2237931,0.5298423,-0.2842647,0.04681798,0.1329372,-0.3602389,0.7584149,-0.543171,1,0.5,0,-0.3907597,-0.4052421,0.240417,-0.4928189,0.2112583,0.2007701,-0.08946013,-0.9546782,0.05056233,0.2933138,1,1,1,-0.3679118,-0.4253595,-0.2095876,-1.112326,0.1415447,0.1596206,-0.005174249,-0.7458898,0.001294418,-0.6660681,1,1,0,-0.2712539,0.08004176,0.2243698,-0.2188132,0.1365945,-0.02879651,0.08411312,-0.4663954,0.8663421,0.1786808,1,0.5,1,0,0.5,-0.225496,0,0,0,0.4883546,-0.001187572,0.9369107,-0.3495668,0,0,0,0,0.5,0.225496,0,0,0,0.4319907,-0.001259392,0.9935721,0.1131943,0,0,1
808,-0.2076064,0.04470037,-0.2227543,0.4006633,-0.1795775,0.009742383,0.1082394,-0.2890789,0.7738735,-0.5635187,1,0.5,0,-0.4085576,-0.4019262,0.2375932,-0.4391985,0.03683122,-0.1719245,-0.104562,-0.952818,0.06087893,0.2973746,1,1,1,-0.4043321,-0.4149965,-0.2132095,-0.8166227,0.2984674,-0.1876169,-5.316734E-05,-0.745189,0.02200933,-0.66649,1,1,0,-0.2686774,0.07798263,0.2230528,0.2012,-0.128932,-0.01394526,0.06633914,-0.4183009,0.8898954,0.181963,1,0.5,1,0,0.5,-0.225496,0,0,0,0.4888647,0.03213505,0.9364274,-0.3493865,0,0,0,0,0.5,0.225496,0,0,0,0.4325316,0.03407629,0.9929959,0.1131286,0,0,1
809,-0.2044356,0.04365722,-0.224875,0.01437069,0.000841916,-0.05659165,0.09924191,-0.2334746,0.7837523,-0.5755188,1,0.5,0,-0.4269939,-0.4027818,0.2262374,-0.4549654,-0.01057089,-0.2579042,-0.1215728,-0.9578225,0.06135458,0.2807341,1,1,1,-0.4265743,-0.4043131,-0.2247081,-0.4930021,0.2490432,-0.2577917,0.0003715754,-0.7235554,0.04334161,-0.6889043,1,1,0,-0.2395422,0.06071862,0.2244837,0.9050507,-0.5131176,0.05539956,0.02767593,-0.3316703,0.9223817,0.1980073,1,0.5,1,0,0.5,-0.225496,0,0,0,0.4904581,0.06514943,0.9349209,-0.3488244,0,0,0,0,0.5,0.225496,0,0,0,0.4342212,0.0690712,0.9911999,0.112924,0,0,1
810,-0.2013055,0.04233348,-0.2256171,0.1161635,-0.05313756,-0.002837182,0.09127092,-0.1758748,0.7920793,-0.5845326,1,0.5,0,-0.438354,-0.3971734,0.2258448,-0.2150551,0.1870201,0.06956536,-0.1417527,-0.9519629,0.08046563,0.2954518,1,1,1,-0.4413918,-0.3963031,-0.2250847,-0.3293918,0.1848147,0.07562566,-0.0117853,-0.7047635,0.06082744,-0.7068298,1,1,0,-0.1930673,0.038522,0.2252754,1.206936,-0.5505294,0.006907436,-0.0141688,-0.1970879,0.9561387,0.2166914,1,0.5,1,0,0.5,-0.225496,0,0,0,0.4931334,0.09798872,0.9324025,-0.3478848,0,0,0,0,0.5,0.225496,0,0,0,0.437057,0.1038527,0.9882003,0.1125823,0,0,1
811,-0.1908169,0.03753669,-0.2243395,0.3217385,-0.1455859,0.04400538,0.08061486,-0.1044482,0.7983548,-0.59306,1,0.5,0,-0.4368002,-0.385188,0.237581,0.121826,0.3170283,0.3563264,-0.1690751,-0.9265772,0.1233269,0.3553101,1,1,1,-0.4485905,-0.390732,-0.2132558,-0.1307711,0.1207874,0.3620775,-0.03773043,-0.688814,0.07629323,-0.7209123,1,1,0,-0.1462989,0.02152224,0.2242284,1.127249,-0.371704,-0.02462716,-0.0402177,-0.03507346,0.9733351,0.2266907,1,0.5,1,0,0.5,-0.225496,0,0,0,0.4968894,0.1305789,0.9288895,-0.3465741,0,0,0,0,0.5,0.225496,0,0,0,0.4410368,0.1383291,0.984021,0.1121061,0,0,1
812,-0.1679271,0.02861722,-0.2232183,0.6633612,-0.2433896,0.01929701,0.06965119,-0.009091246,0.7980624,-0.6025061,1,0.5,0,-0.4240697,-0.3752506,0.2497913,0.3735261,0.2103717,0.2494299,-0.2038409,-0.8823686,0.1713585,0.4382486,1,1,1,-0.4477137,-0.385132,-0.2004254,0.07132146,0.1541868,0.2679081,-0.06924728,-0.6615523,0.09487567,-0.7438731,1,1,0,-0.1086189,0.01174909,0.2235908,0.8826457,-0.2099827,-0.01214147,-0.04691577,0.1194687,0.9661539,0.2286348,1,0.5,1,0,0.5,-0.225496,0,0,0,0.5016638,0.1624779,0.9244619,-0.3449221,0,0,0,0,0.5,0.225496,0,0,0,0.4460932,0.1720214,0.9787619,0.111507,0,0,1
813,-0.1325838,0.01781396,-0.2237932,0.9316605,-0.2617921,-0.02351032,0.06494135,0.1118682,0.785593,-0.6085467,1,0.5,0,-0.4041879,-0.3729778,0.2523369,0.5380648,0.01306981,-0.005805495,-0.2474984,-0.8253614,0.2099877,0.524103,1,1,1,-0.4379272,-0.3773934,-0.1973246,0.3052489,0.1979858,0.007456544,-0.09789133,-0.6021863,0.1208793,-0.7891514,1,1,0,-0.07973228,0.006280682,0.2240118,0.6843324,-0.1238767,0.01029671,-0.04048637,0.2525508,0.9407353,0.2263519,1,0.5,1,0,0.5,-0.225496,0,0,0,0.5075586,0.1943141,0.9190533,-0.3429041,0,0,0,0,0.5,0.225496,0,0,0,0.452332,0.2055825,0.9723499,0.1107765,0,0,1
814,-0.1047849,0.01078323,-0.2248657,0.6005543,-0.1346765,-0.06810057,0.07017142,0.2175313,0.766056,-0.6048456,1,0.5,0,-0.4269169,-0.3422665,0.2474772,-0.6624895,0.8551765,-0.2450981,-0.2499878,-0.7923689,0.3349177,0.5098841,1,1,1,-0.4221797,-0.3748578,-0.2023829,0.407684,0.01298935,-0.2144427,-0.1206108,-0.5096736,0.1348014,-0.8497419,1,1,0,-0.0669466,0.004091333,0.2245164,0.2809462,-0.06375371,-0.04128517,-0.02872133,0.3434664,0.9126051,0.2217719,1,0.5,1,0,0.5,-0.225496,0,0,0,0.5144949,0.2255457,0.9127695,-0.3405596,0,0,0,0,0.5,0.225496,0,0,0,0.4596675,0.2384315,0.9649175,0.1099297,0,0,1
815,-0.08106141,0.005665697,-0.2249875,0.5306842,-0.1035322,-0.01659469,0.08120465,0.3099271,0.7427086,-0.5935732,1,0.5,0,-0.4517639,-0.3119094,0.2348174,-0.6125184,0.7581133,-0.3826381,-0.2499657,-0.7621809,0.4562999,0.4592067,1,1,1,-0.405564,-0.3745919,-0.2095964,0.3781454,0.01333803,-0.2106191,-0.1365173,-0.3971895,0.141432,-0.9067731,1,1,0,-0.06350439,0.003456452,0.2256609,0.05818161,-0.009784072,0.009894375,-0.01556462,0.4080794,0.8865092,0.2181114,1,0.5,1,0,0.5,-0.225496,0,0,0,0.5222843,0.2554989,0.9058146,-0.3379647,0,0,0,0,0.5,0.225496,0,0,0,0.4678982,0.2698554,0.9567122,0.1089949,0,0,1
816,-0.0652353,0.003103843,-0.2250775,0.3295434,-0.04802858,-0.0005066397,0.0961321,0.3831303,0.7198133,-0.5788608,1,0.5,0,-0.4769018,-0.2862773,0.2170223,-0.6416249,0.6021368,-0.4658522,-0.2499525,-0.7329417,0.5587848,0.3880154,1,1,1,-0.4026159,-0.366122,-0.2209866,-0.06412866,0.2968655,-0.3227243,-0.1370471,-0.3002712,0.1649745,-0.9394789,1,1,0,-0.06972137,0.004057713,0.2260323,-0.2238714,0.02952522,0.004980715,-0.003685325,0.4511456,0.8665021,0.2136393,1,0.5,1,0,0.5,-0.225496,0,0,0,0.5310495,0.284789,0.898114,-0.3350916,0,0,0,0,0.5,0.225496,0,0,0,0.4771514,0.3004975,0.9476525,0.1079628,0,0,1
817,-0.06044843,0.002729158,-0.2248887,0.04546588,-0.002067793,0.002542884,0.1120213,0.4378605,0.7005134,-0.5635239,1,0.5,0,-0.504736,-0.2671781,0.1987252,-0.7200661,0.4441501,-0.4517795,-0.2499871,-0.7051941,0.635255,0.3148847,1,1,1,-0.4215426,-0.3428714,-0.2382622,-0.5916091,0.662792,-0.4607068,-0.1206157,-0.2454349,0.2191144,-0.9443255,1,1,0,-0.08731448,0.007005335,0.2253737,-0.5024841,0.08611156,-0.02392606,0.006688416,0.4758623,0.8545791,0.2079655,1,0.5,1,0,0.5,-0.225496,0,0,0,0.5414935,0.3153437,0.8891078,-0.3317313,0,0,0,0,0.5,0.225496,0,0,0,0.4881653,0.3323618,0.9370902,0.1067595,0,0,1
818,-0.06432673,0.003800566,-0.2242433,-0.1409578,0.02669764,0.01783744,0.1254358,0.4741388,0.6872018,-0.5504055,1,0.5,0,-0.5327594,-0.2554337,0.1823241,-0.6982419,0.2669738,-0.3900857,-0.2499538,-0.6874301,0.6821392,0.2492505,1,1,1,-0.4502734,-0.3123511,-0.2575621,-0.7350105,0.7622573,-0.4683213,-0.0956955,-0.2211286,0.2810973,-0.9338557,1,1,0,-0.1125023,0.01244577,0.2241797,-0.6601679,0.1490866,-0.02958925,0.01456261,0.4826776,0.8520747,0.2024626,1,0.5,1,0,0.5,-0.225496,0,0,0,0.5521743,0.3429756,0.8800823,-0.3283638,0,0,0,0,0.5,0.225496,0,0,0,0.4994162,0.3610809,0.9265409,0.1055576,0,0,1
819,-0.07565305,0.005775854,-0.2233546,-0.3237469,0.0476778,0.02231152,0.1363324,0.498433,0.6785383,-0.5395836,1,0.5,0,-0.5592191,-0.2464685,0.1709495,-0.6359967,0.2028578,-0.2308615,-0.2499693,-0.6655062,0.7180377,0.203773,1,1,1,-0.4781525,-0.2871742,-0.2709442,-0.6786498,0.569688,-0.2807499,-0.07645398,-0.2014666,0.3277703,-0.9230264,1,1,0,-0.1389641,0.01960903,0.2229699,-0.6533744,0.1865113,-0.0280291,0.02308136,0.4853126,0.8518924,0.1968525,1,0.5,1,0,0.5,-0.225496,0,0,0,0.5635567,0.3693476,0.8706635,-0.3248496,0,0,0,0,0.5,0.225496,0,0,0,0.5113924,0.3883973,0.9155695,0.1043077,0,0,1
820,-0.09434757,0.008978293,-0.2232809,-0.5187134,0.09490656,-0.007620457,0.1454636,0.5128435,0.6739005,-0.5318362,1,0.5,0,-0.5823384,-0.237737,0.1693989,-0.5611511,0.2292224,0.03159569,-0.249955,-0.6277631,0.7529167,0.1975603,1,1,1,-0.5037898,-0.2735689,-0.2733839,-0.6305235,0.2585263,0.009225313,-0.07088944,-0.1827512,0.3552256,-0.9167424,1,1,0,-0.1610359,0.02641514,0.2225325,-0.5078109,0.1591269,-0.01192615,0.03391439,0.495086,0.8473552,0.1920392,1,0.5,1,0,0.5,-0.225496,0,0,0,0.5760031,0.3953236,0.8605924,-0.321092,0,0,0,0,0.5,0.225496,0,0,0,0.5244728,0.4152081,0.9038795,0.1029759,0,0,1
821,-0.1195317,0.01450842,-0.2236584,-0.6716027,0.1584727,-0.02307446,0.1533117,0.5183219,0.6742699,-0.5260252,1,0.5,0,-0.6006878,-0.2291695,0.1787639,-0.4356982,0.2200902,0.2913126,-0.2499793,-0.570074,0.7872571,0.235036,1,1,1,-0.5270742,-0.2724335,-0.2641589,-0.5684885,-0.05116763,0.2893658,-0.08058342,-0.1643156,0.366143,-0.9159365,1,1,0,-0.1767422,0.03200139,0.223446,-0.3484817,0.1232789,0.0238225,0.04741299,0.5140824,0.8366652,0.1889724,1,0.5,1,0,0.5,-0.225496,0,0,0,0.5893813,0.4205667,0.8500237,-0.3171488,0,0,0,0,0.5,0.225496,0,0,0,0.5385152,0.441166,0.8916576,0.1015835,0,0,1
822,-0.1498882,0.02256662,-0.2245785,-0.7871228,0.2202552,-0.02506078,0.1600332,0.5153428,0.6796122,-0.5220622,1,0.5,0,-0.6144353,-0.2224468,0.1949127,-0.3110052,0.1570665,0.4253806,-0.2499558,-0.497527,0.8140688,0.2995981,1,1,1,-0.5459826,-0.2816979,-0.2470365,-0.4401447,-0.2859534,0.4538814,-0.1016667,-0.1404629,0.3622647,-0.9214306,1,1,0,-0.1876782,0.03624529,0.2245745,-0.2571889,0.1004994,0.02223776,0.06216019,0.537842,0.8222661,0.1860225,1,0.5,1,0,0.5,-0.225496,0,0,0,0.6031656,0.4442049,0.8394025,-0.313186,0,0,0,0,0.5,0.225496,0,0,0,0.5529655,0.4653823,0.879421,0.1001894,0,0,1
823,-0.1827477,0.03359418,-0.2253061,-0.8235078,0.289061,-0.01386032,0.1683084,0.5100064,0.6876977,-0.5166868,1,0.5,0,-0.6264818,-0.2170057,0.2108461,-0.2939434,0.1239963,0.3789955,-0.249963,-0.4115089,0.8358536,0.3633305,1,1,1,-0.5602635,-0.2942176,-0.2287477,-0.3374071,-0.2929912,0.4396195,-0.1253848,-0.09789817,0.3517807,-0.9309492,1,1,0,-0.1977645,0.04013434,0.2255169,-0.2603375,0.103795,0.02321751,0.07842618,0.5632954,0.8058666,0.1824206,1,0.5,1,0,0.5,-0.225496,0,0,0,0.6184763,0.4681273,0.8279121,-0.3088988,0,0,0,0,0.5,0.225496,0,0,0,0.5689954,0.4897957,0.8662339,0.09868705,0,0,1
824,-0.2115243,0.04572429,-0.2252192,-0.6786163,0.305936,-0.00561327,0.1784543,0.5076005,0.6952927,-0.5088319,1,0.5,0,-0.6392972,-0.2128801,0.2206314,-0.342405,0.1070329,0.1803458,-0.249999,-0.3335555,0.852476,0.4025238,1,1,1,-0.5770437,-0.295685,-0.2185896,-0.4672529,0.0773609,0.1660094,-0.1365833,-0.05815828,0.358583,-0.9316844,1,1,0,-0.2115369,0.04597447,0.2257923,-0.3711516,0.160078,-0.005132707,0.09375358,0.5799899,0.7948996,0.1781754,1,0.5,1,0,0.5,-0.225496,0,0,0,0.6339653,0.4902337,0.8166035,-0.3046795,0,0,0,0,0.5,0.225496,0,0,0,0.5851908,0.5122675,0.8533062,0.09721424,0,0,1
825,-0.2308468,0.05541645,-0.22538,-0.4338304,0.2296451,-0.01548455,0.1922559,0.5171601,0.6954313,-0.4989196,1,0.5,0,-0.6555735,-0.207703,0.2221027,-0.4249992,0.1415842,-0.01759083,-0.2499399,-0.2668143,0.8729782,0.4083127,1,1,1,-0.6029961,-0.2784638,-0.2204321,-0.6968799,0.5310434,-0.113035,-0.1287037,-0.0380886,0.3973542,-0.9168745,1,1,0,-0.2305139,0.05564946,0.2256451,-0.4905337,0.2560902,-0.01988412,0.1095529,0.5878737,0.7901685,0.1733158,1,0.5,1,0,0.5,-0.225496,0,0,0,0.6504749,0.5118356,0.804885,-0.3003073,0,0,0,0,0.5,0.225496,0,0,0,0.6024312,0.5341412,0.8399617,0.09569395,0,0,1
826,-0.2374618,0.0592626,-0.2253866,0,0,0,0.1997394,0.5248206,0.6934904,-0.4935932,1,0.5,0,-0.664046,-0.2051022,0.2209517,0,0,0,-0.2499818,-0.2373689,0.8835269,0.4037774,1,1,1,-0.6175203,-0.2656671,-0.2236225,0,0,0,-0.120596,-0.0337919,0.4225914,-0.9056901,1,1,0,-0.2408212,0.06132619,0.2256761,0,0,0,0.1173019,0.5894656,0.7894455,0.1711904,1,0.5,1,0,0.5,-0.225496,0,0,0,0.6586652,0.5218932,0.7991955,-0.2981845,0,0,0,0,0.5,0.225496,0,0,0,0.6109756,0.5442959,0.8335016,0.09495798,0,0,1
827,-0.2518441,0.06805604,-0.2252809,-0.2218933,0.1361985,0.0054203,0.2156108,0.5390237,0.6903977,-0.4824981,1,0.5,0,-0.6836383,-0.1998262,0.2160904,-0.3187807,0.1476728,-0.08082765,-0.2499805,-0.1842376,0.9046246,0.3843316,1,1,1,-0.6528236,-0.2307052,-0.2327041,-0.4958214,0.5005772,-0.1122579,-0.09654891,-0.03779466,0.4840608,-0.8742177,1,1,0,-0.267885,0.07767355,0.2253122,-0.3860997,0.240849,-0.002188982,0.1335998,0.5834761,0.7949396,0.1662125,1,0.5,1,0,0.5,-0.225496,0,0,0,0.6761572,0.5420834,0.7873097,-0.2937498,0,0,0,0,0.5,0.225496,0,0,0,0.6292067,0.5646223,0.8200448,0.09342488,0,0,1
828,-0.2587444,0.07206301,-0.2251156,-0.1541228,0.08868095,0.009692464,0.2321391,0.5612609,0.6802847,-0.4713798,1,0.5,0,-0.6929464,-0.1956537,0.2144344,-0.1979858,0.09078685,-0.02689586,-0.2499615,-0.09310932,0.9212432,0.3776794,1,1,1,-0.6662622,-0.2174375,-0.2352843,-0.2826483,0.273432,-0.04420878,-0.08800867,0.008260481,0.5062304,-0.8623587,1,1,0,-0.2797645,0.08541293,0.225185,-0.2672241,0.1763915,0.003758819,0.1516362,0.5983414,0.7848135,0.1614168,1,0.5,1,0,0.5,-0.225496,0,0,0,0.6938573,0.5609259,0.7756371,-0.2893947,0,0,0,0,0.5,0.225496,0,0,0,0.6476312,0.5835198,0.8068795,0.091925,0,0,1
829,-0.26336,0.07495976,-0.2251029,-0.09210709,0.06417038,3.57628E-05,0.2505401,0.58572,0.6674657,-0.4598061,1,0.5,0,-0.6969134,-0.1944404,0.2141025,-0.0561476,0.001633913,0.01112223,-0.2499764,0.02420936,0.9261512,0.3763747,1,1,1,-0.6714361,-0.2138934,-0.2357726,-0.07537904,0.02912135,0.004977735,-0.08459964,0.07590316,0.5106076,-0.8564571,1,1,0,-0.2856443,0.08950124,0.2251227,-0.1172215,0.07963072,0.001248718,0.1715282,0.6214513,0.767654,0.1565425,1,0.5,1,0,0.5,-0.225496,0,0,0,0.71285,0.5795987,0.763491,-0.2848629,0,0,0,0,0.5,0.225496,0,0,0,0.6673762,0.6021764,0.7932319,0.09037019,0,0,1
830,-0.265496,0.07635664,-0.2252453,-0.04006328,0.03607386,-0.008963052,0.2697223,0.6106319,0.6526466,-0.4485322,1,0.5,0,-0.6941922,-0.1984896,0.2151553,0.1136572,-0.1379789,0.02644808,-0.2499542,0.1652534,0.9098747,0.3805513,1,1,1,-0.6681346,-0.2199738,-0.2345726,0.1389951,-0.2098375,0.03020168,-0.08441797,0.1621305,0.4957535,-0.8531953,1,1,0,-0.2854765,0.08956024,0.2251883,0.04400017,-0.02750681,-3.725292E-05,0.1923871,0.6499782,0.7446128,0.1519213,1,0.5,1,0,0.5,-0.225496,0,0,0,0.7319996,0.5970076,0.7516236,-0.2804351,0,0,0,0,0.5,0.225496,0,0,0,0.6872594,0.6195049,0.7799475,0.08885673,0,0,1
831,-0.2644208,0.07551219,-0.2253275,0.04594924,-0.02931469,-0.003588201,0.2897339,0.6368039,0.6350394,-0.4372707,1,0.5,0,-0.6828179,-0.2107697,0.2174409,0.3446282,-0.3611827,0.05814584,-0.2490807,0.3367954,0.857767,0.3883357,1,1,1,-0.6560203,-0.2352422,-0.2320436,0.3645779,-0.4329884,0.06474631,-0.08441332,0.2678289,0.4590085,-0.8471003,1,1,0,-0.2806324,0.08615211,0.2251803,0.1524076,-0.1010385,-0.001162291,0.2143064,0.6813518,0.7169921,0.1472481,1,0.5,1,0,0.5,-0.225496,0,0,0,0.7512527,0.6132466,0.7400584,-0.2761201,0,0,0,0,0.5,0.225496,0,0,0,0.7072263,0.6356111,0.7670476,0.08738709,0,0,1
832,-0.2598719,0.0727488,-0.2253961,0.1332224,-0.08644018,-0.003394486,0.3118153,0.6644858,0.6143624,-0.4254615,1,0.5,0,-0.6622043,-0.2318573,0.2201525,0.5759599,-0.5789208,0.07016885,-0.2420847,0.5315979,0.7527382,0.3883153,1,1,1,-0.6343555,-0.2585211,-0.2291525,0.6041529,-0.6268482,0.07431808,-0.07908776,0.3919013,0.3978951,-0.8295137,1,1,0,-0.2713873,0.07988393,0.2253563,0.2549873,-0.1740598,-0.00185743,0.2387303,0.7146373,0.6848019,0.1426181,1,0.5,1,0,0.5,-0.225496,0,0,0,0.7711185,0.6288253,0.7284923,-0.2718047,0,0,0,0,0.5,0.225496,0,0,0,0.7278047,0.6510087,0.7541916,0.08592246,0,0,1
833,-0.2518791,0.06778367,-0.2253504,0.2321974,-0.1374961,0.009304289,0.3369075,0.6939797,0.5900098,-0.4126506,1,0.5,0,-0.6315066,-0.2608609,0.2227339,0.8286002,-0.7750648,0.07499534,-0.2201889,0.7189468,0.5901806,0.3671546,1,1,1,-0.6028025,-0.2882599,-0.2265386,0.856084,-0.7725137,0.07787946,-0.06193247,0.5247443,0.3144267,-0.7910621,1,1,0,-0.2580915,0.07155965,0.2255459,0.347078,-0.2197617,0.01226068,0.2673674,0.7487735,0.6483982,0.1375429,1,0.5,1,0,0.5,-0.225496,0,0,0,0.7923594,0.6443068,0.716519,-0.2673374,0,0,0,0,0.5,0.225496,0,0,0,0.7497818,0.666257,0.7409293,0.08441153,0,0,1
834,-0.2400207,0.06118954,-0.2254624,0.3293054,-0.180808,0.00817776,0.3646198,0.7230873,0.5634726,-0.3995541,1,0.5,0,-0.5898686,-0.2965842,0.2244159,1.115117,-0.9269122,0.05460607,-0.1783364,0.8560112,0.4023328,0.3246122,1,1,1,-0.5610534,-0.3222138,-0.22495,1.109931,-0.8653629,0.04952775,-0.02853724,0.6451471,0.2201366,-0.7316591,1,1,0,-0.2411906,0.06178511,0.225497,0.4356312,-0.2423159,0.005911293,0.2990444,0.780965,0.6104606,0.132029,1,0.5,1,0,0.5,-0.225496,0,0,0,0.8135611,0.6586799,0.7049539,-0.2630224,0,0,0,0,0.5,0.225496,0,0,0,0.7716936,0.6803653,0.7281628,0.08295709,0,0,1
835,-0.2238736,0.05264233,-0.2255938,0.4334295,-0.2151285,-0.002940745,0.395695,0.7520409,0.5343809,-0.3858387,1,0.5,0,-0.5363041,-0.33684,0.2252777,1.415009,-1.027739,0.00945032,-0.1133791,0.9341676,0.2306135,0.2723021,1,1,1,-0.5091485,-0.3580265,-0.2244919,1.362315,-0.8965481,-0.0003084542,0.02353686,0.7417327,0.1298351,-0.6580088,1,1,0,-0.2214159,0.05142191,0.2253804,0.5127141,-0.2639436,-0.0004746022,0.3343199,0.810309,0.5722288,0.1263069,1,0.5,1,0,0.5,-0.225496,0,0,0,0.8350285,0.67225,0.6936181,-0.258793,0,0,0,0,0.5,0.225496,0,0,0,0.7938558,0.6936421,0.7156903,0.08153613,0,0,1
836,-0.2029023,0.04272725,-0.2254811,0.5512262,-0.253876,-0.0001139939,0.4326718,0.7811645,0.502564,-0.3704208,1,0.5,0,-0.470575,-0.3786776,0.2255766,1.721669,-1.038845,-0.004123898,-0.02480289,0.9699079,0.09958477,0.2221744,1,1,1,-0.4472676,-0.3934574,-0.2245274,1.607951,-0.8789155,-0.01420156,0.0951575,0.8135743,0.05467895,-0.5788844,1,1,0,-0.1990365,0.04107961,0.2255172,0.5764457,-0.2635879,0.003115834,0.3750769,0.836996,0.5337583,0.1205804,1,0.5,1,0,0.5,-0.225496,0,0,0,0.8581179,0.6858553,0.6818259,-0.2543932,0,0,0,0,0.5,0.225496,0,0,0,0.817667,0.7069103,0.7027572,0.08006272,0,0,1
837,-0.1770642,0.03229398,-0.2255171,0.6749364,-0.2626396,-0.004854055,0.4736866,0.8077992,0.4706791,-0.3548545,1,0.5,0,-0.3931954,-0.4182673,0.2254522,2.005189,-0.9601805,-0.01873896,0.08012921,0.9832501,0.0133292,0.1817736,1,1,1,-0.3758277,-0.4263885,-0.225169,1.842255,-0.8018035,-0.02874286,0.1816355,0.8623081,-0.000570001,-0.5063836,1,1,0,-0.1736105,0.03103904,0.2254937,0.6581719,-0.250908,-0.0017263,0.4187539,0.859857,0.4974553,0.1148226,1,0.5,1,0,0.5,-0.225496,0,0,0,0.8803561,0.6980862,0.6708414,-0.2502948,0,0,0,0,0.5,0.225496,0,0,0,0.8405763,0.718801,0.6907477,0.07869451,0,0,1
838,-0.1460119,0.02184019,-0.2255998,0.8103523,-0.2629306,-0.003463776,0.5209998,0.8324831,0.4386291,-0.3384916,1,0.5,0,-0.3056771,-0.4519142,0.2253387,2.246618,-0.7902133,0.01186058,0.1987715,0.9878764,-0.03708531,0.1507484,1,1,1,-0.2962115,-0.4551339,-0.2255501,2.035827,-0.6865788,0.003976376,0.2809771,0.8960127,-0.03730444,-0.4424587,1,1,0,-0.1445327,0.02135334,0.2254618,0.7521103,-0.2345118,0.0006146731,0.4675766,0.879976,0.4623441,0.1089958,1,0.5,1,0,0.5,-0.225496,0,0,0,0.9031441,0.709818,0.6599464,-0.2462299,0,0,0,0,0.5,0.225496,0,0,0,0.8640292,0.7301728,0.6788711,0.07734145,0,0,1
839,-0.1099332,0.01219056,-0.225512,0.9294257,-0.2326614,-0.006279352,0.5750309,0.8547281,0.4076074,-0.3213972,1,0.5,0,-0.2105421,-0.4774537,0.2253873,2.420137,-0.5760061,-0.0169769,0.3266119,0.9898843,-0.06224651,0.1274931,1,1,1,-0.2100306,-0.4777839,-0.2255639,2.188232,-0.5329492,-0.01470671,0.3902059,0.9197441,-0.05817075,-0.3881842,1,1,0,-0.1110924,0.01247702,0.2255047,0.8634954,-0.2143923,-0.005411359,0.5225295,0.8974802,0.428816,0.1031801,1,0.5,1,0,0.5,-0.225496,0,0,0,0.9266243,0.7211375,0.6490847,-0.2421773,0,0,0,0,0.5,0.225496,0,0,0,0.8881711,0.7411135,0.6670647,0.07599639,0,0,1
840,-0.070002,0.00494898,-0.2255297,1.017782,-0.1661503,5.960467E-06,0.6364813,0.8739414,0.3791958,-0.3040347,1,0.5,0,-0.1103747,-0.493371,0.2255896,2.526016,-0.3312038,0.01072437,0.4610423,0.9914708,-0.07010203,0.1098699,1,1,1,-0.1190282,-0.4926928,-0.2253088,2.297334,-0.3267707,0.01743884,0.5075636,0.9371039,-0.06619215,-0.3427166,1,1,0,-0.07336107,0.005282638,0.2254435,0.9717017,-0.1681503,-0.001113862,0.5848705,0.9124213,0.397543,0.0971946,1,0.5,1,0,0.5,-0.225496,0,0,0,0.9516474,0.7324231,0.6378959,-0.2380027,0,0,0,0,0.5,0.225496,0,0,0,0.9138749,0.7519902,0.6549377,0.07461481,0,0,1
841,-0.02709665,0.0006736702,-0.2254104,1.08974,-0.0821134,0.002058596,0.701305,0.8894815,0.3551751,-0.2875293,1,0.5,0,-0.008357388,-0.4987225,0.2257443,2.552088,-0.07808658,0.005059691,0.5948259,0.9931058,-0.06642383,0.09658553,1,1,1,-0.02565197,-0.4993437,-0.2249092,2.340406,-0.1135707,0.01391769,0.6265905,0.9497536,-0.06510235,-0.3061531,1,1,0,-0.03124634,0.0007326784,0.2255673,1.077189,-0.1059901,0.005865099,0.6515942,0.9242744,0.3705582,0.09167057,1,0.5,1,0,0.5,-0.225496,0,0,0,0.9755542,0.7425246,0.6275608,-0.2341466,0,0,0,0,0.5,0.225496,0,0,0,0.9384096,0.7616991,0.6437666,0.07334211,0,0,1
842,0.01814823,0.000102274,-0.2255064,1.140524,0.008903116,-0.002250821,0.7704294,0.9019669,0.3354002,-0.2719603,1,0.5,0,0.09239531,-0.4938668,0.225605,2.501282,0.1827226,0.001470745,0.726573,0.9947491,-0.0553304,0.08609761,1,1,1,0.06741273,-0.4974588,-0.2247402,2.317266,0.1005382,0.009600822,0.7459275,0.9592451,-0.05735389,-0.2766936,1,1,0,0.01453578,0.0001515358,0.2254434,1.165445,0.01204637,-0.003039093,0.7237282,0.9334368,0.3482404,0.08616573,1,0.5,1,0,0.5,-0.225496,0,0,0,0.9995447,0.752053,0.6175207,-0.2304006,0,0,0,0,0.5,0.225496,0,0,0,0.9630094,0.7708338,0.632942,0.0721089,0,0,1
843,0.06377554,0.003918604,-0.2254348,1.137617,0.1157827,-0.0007316473,0.8432447,0.9118268,0.3200598,-0.2571645,1,0.5,0,0.188927,-0.4801809,0.2249849,2.378139,0.397429,-0.02227874,0.8551177,0.9961924,-0.03998245,0.07747288,1,1,1,0.1581796,-0.4871427,-0.2249294,2.248928,0.3078685,-0.01300723,0.864929,0.9665049,-0.04479555,-0.2527087,1,1,0,0.06277147,0.003692068,0.2254932,1.215134,0.1241996,-0.004082175,0.8013288,0.9404253,0.3301949,0.08106575,1,0.5,1,0,0.5,-0.225496,0,0,0,1.024741,0.7614609,0.6073161,-0.2265932,0,0,0,0,0.5,0.225496,0,0,0,0.9888245,0.7798307,0.6219672,0.07085858,0,0,1
844,0.1076206,0.01144892,-0.225586,1.079387,0.2094584,-0.00511259,0.9150405,0.9191224,0.3091423,-0.2442234,1,0.5,0,0.2789384,-0.4588179,0.2242587,2.205374,0.5694734,-0.02299995,0.9759659,0.9972542,-0.02223486,0.07063761,1,1,1,0.2447936,-0.4693267,-0.2253257,2.135108,0.4866423,-0.01897664,0.9792922,0.97193,-0.02928883,-0.2334398,1,1,0,0.111565,0.01236367,0.225368,1.215317,0.2437744,-0.007224086,0.8802497,0.9451476,0.3175974,0.07633984,1,0.5,1,0,0.5,-0.225496,0,0,0,1.049204,0.7700567,0.5977264,-0.2230152,0,0,0,0,0.5,0.225496,0,0,0,1.013867,0.7880313,0.6116784,0.06968642,0,0,1
845,0.148077,0.02228056,-0.2254422,0.9910871,0.2815668,-0.003428759,0.9850105,0.9245337,0.3018703,-0.2326194,1,0.5,0,0.3609254,-0.4316353,0.2235502,1.997785,0.7054719,-0.03582241,1.089178,0.9978686,-0.003546023,0.06515963,1,1,1,0.3253794,-0.4452675,-0.2257663,1.972892,0.6317275,-0.0258878,1.088453,0.9759459,-0.01212972,-0.2176749,1,1,0,0.1585181,0.02566659,0.2254659,1.152898,0.3517093,-0.006827715,0.9590665,0.948129,0.3095586,0.07228313,1,0.5,1,0,0.5,-0.225496,0,0,0,1.073893,0.7782393,0.5883501,-0.2195169,0,0,0,0,0.5,0.225496,0,0,0,1.039123,0.7958201,0.6016412,0.06854292,0,0,1
846,0.1841207,0.03502658,-0.2253119,0.8749064,0.3229679,0.002777578,1.05236,0.9286115,0.2969844,-0.2224433,1,0.5,0,0.4339519,-0.4003891,0.2232591,1.768631,0.7982361,-0.01063347,1.194713,0.9980276,0.01511223,0.06093015,1,1,1,0.3983621,-0.4167529,-0.2260447,1.774167,0.7318515,-0.006481262,1.191579,0.9788368,0.005466527,-0.204569,1,1,0,0.2012348,0.04220498,0.2252747,1.033094,0.4273547,-0.008476529,1.035567,0.9499114,0.3049068,0.06855753,1,0.5,1,0,0.5,-0.225496,0,0,0,1.099357,0.7862021,0.5789825,-0.2160218,0,0,0,0,0.5,0.225496,0,0,0,1.065154,0.8033832,0.5916352,0.06740297,0,0,1
847,0.2154994,0.04863046,-0.2251322,0.7516007,0.3443246,0.009182099,1.115252,0.9316657,0.293843,-0.2136708,1,0.5,0,0.4976114,-0.3670429,0.2229995,1.532569,0.8410502,0.0001229346,1.290923,0.9978019,0.03291996,0.05751195,1,1,1,0.4626213,-0.3859101,-0.2262062,1.549346,0.7806692,0.001484156,1.286325,0.9807825,0.02244268,-0.1938092,1,1,0,0.2373765,0.05981492,0.2251666,0.8567918,0.4398884,0.001648069,1.10563,0.9508741,0.3025697,0.06549864,1,0.5,1,0,0.5,-0.225496,0,0,0,1.124602,0.7936561,0.5699857,-0.212665,0,0,0,0,0.5,0.225496,0,0,0,1.090941,0.8104481,0.5820454,0.06631043,0,0,1
848,0.2421675,0.06251049,-0.2250783,0.6398129,0.3488054,-0.000153482,1.174704,0.9340522,0.2916995,-0.2060532,1,0.5,0,0.5518726,-0.3336299,0.2226597,1.298467,0.8279714,-0.01800583,1.379048,0.9972957,0.04915792,0.0546339,1,1,1,0.5175319,-0.3547554,-0.2265259,1.308504,0.7810253,-0.01621321,1.373334,0.9820065,0.0380309,-0.1849782,1,1,0,0.2650975,0.07589049,0.2251486,0.6390947,0.3788961,-0.002282859,1.167971,0.9515702,0.3008988,0.06303985,1,0.5,1,0,0.5,-0.225496,0,0,0,1.150689,0.8009343,0.5609777,-0.209304,0,0,0,0,0.5,0.225496,0,0,0,1.117571,0.8173326,0.5724631,0.06521875,0,0,1
849,0.2640172,0.07528963,-0.2250714,0.5100282,0.3133455,0.009455536,1.229049,0.9360105,0.2899222,-0.199573,1,0.5,0,0.5965442,-0.3019197,0.2227018,1.055658,0.7781941,0.01388714,1.457572,0.9966092,0.06338477,0.05246388,1,1,1,0.5630658,-0.3253829,-0.2264389,1.074157,0.726192,0.01476855,1.451098,0.9827577,0.05156948,-0.177561,1,1,0,0.2840237,0.08847102,0.2252458,0.4221098,0.2870889,0.009962175,1.220511,0.9522834,0.2990222,0.06117126,1,0.5,1,0,0.5,-0.225496,0,0,0,1.176668,0.8077868,0.5522857,-0.206061,0,0,0,0,0.5,0.225496,0,0,0,1.144074,0.8238015,0.563235,0.06416743,0,0,1
850,0.2804679,0.0859113,-0.2253569,0.3681304,0.2463264,-0.004225226,1.277689,0.9377284,0.2879644,-0.1942729,1,0.5,0,0.6315277,-0.2738203,0.2224761,0.8127931,0.677103,0.01243726,1.526372,0.9958929,0.07509958,0.05057124,1,1,1,0.5991637,-0.2992826,-0.2265846,0.8436594,0.6301256,0.0159964,1.519684,0.9831663,0.06274121,-0.1716033,1,1,0,0.2952938,0.09637421,0.2252907,0.2386049,0.1712651,0.002714993,1.264218,0.9532925,0.2960939,0.05968126,1,0.5,1,0,0.5,-0.225496,0,0,0,1.202729,0.8142939,0.5438328,-0.2029072,0,0,0,0,0.5,0.225496,0,0,0,1.170643,0.829933,0.5542776,0.06314694,0,0,1
851,0.2905781,0.09300701,-0.2254063,0.2129228,0.1509954,9.909276E-05,1.319546,0.9394692,0.2852399,-0.1898311,1,0.5,0,0.656589,-0.2506677,0.2229684,0.5651834,0.54217,0.01416356,1.585355,0.9952351,0.08407794,0.04937694,1,1,1,0.6261088,-0.2776927,-0.2261346,0.6131473,0.5131887,0.01882613,1.579321,0.9834643,0.07132486,-0.1664652,1,1,0,0.2999428,0.09984563,0.2254045,0.07870051,0.05933384,0.00434071,1.3005,0.954608,0.2920553,0.05854181,1,0.5,1,0,0.5,-0.225496,0,0,0,1.229138,0.8205411,0.5355269,-0.1998082,0,0,0,0,0.5,0.225496,0,0,0,1.197551,0.8358091,0.5454916,0.06214598,0,0,1
852,0.294303,0.09557578,-0.2254914,0.04701914,0.03759378,0.003048034,1.353559,0.9413162,0.2813915,-0.1863935,1,0.5,0,0.6718338,-0.2341871,0.2235372,0.3169657,0.3691608,0.02358706,1.633481,0.9947671,0.0899061,0.04852972,1,1,1,0.6442423,-0.2615295,-0.2257084,0.3974439,0.3698097,0.02021418,1.629421,0.983706,0.07723716,-0.1623485,1,1,0,0.2989705,0.09909981,0.2254965,-0.05927833,-0.03479497,0.004588069,1.329602,0.956193,0.2870021,0.05766086,1,0.5,1,0,0.5,-0.225496,0,0,0,1.255205,0.8263894,0.5275738,-0.1968409,0,0,0,0,0.5,0.225496,0,0,0,1.224095,0.8413006,0.5370933,0.06118919,0,0,1
853,0.2916541,0.0935634,-0.2255982,-0.1324431,-0.100619,-0.005335363,1.370657,0.9427232,0.2777437,-0.1847469,1,0.5,0,0.6772521,-0.2254045,0.2243478,0.2709152,0.4391299,0.04053117,1.660972,0.9945107,0.09282651,0.04828744,1,1,1,0.6536036,-0.2513331,-0.2252941,0.4680665,0.5098196,0.02071262,1.660399,0.9838282,0.08084935,-0.1598289,1,1,0,0.2930203,0.09459554,0.2254497,-0.2975093,-0.225214,-0.002337248,1.343078,0.9575714,0.2824599,0.05721393,1,0.5,1,0,0.5,-0.225496,0,0,0,1.27291,0.8301933,0.5223052,-0.1948751,0,0,0,0,0.5,0.225496,0,0,0,1.242117,0.8448675,0.5315372,0.06055621,0,0,1
854,0.2829729,0.08759104,-0.225512,-0.2508701,-0.1678762,-0.002713503,1.391296,0.9449254,0.2715551,-0.1826853,1,0.5,0,0.6730088,-0.2250405,0.2251378,-0.1645208,-0.04650282,0.01351908,1.688951,0.9946179,0.09180632,0.04803117,1,1,1,0.6539866,-0.247509,-0.224912,-0.05153121,0.05889984,0.005245956,1.692811,0.9841918,0.08139826,-0.1572922,1,1,0,0.2823457,0.08709419,0.2254757,-0.2972574,-0.2069191,-0.003289433,1.361718,0.9596007,0.2756025,0.05665504,1,0.5,1,0,0.5,-0.225496,0,0,0,1.299817,0.8357295,0.5144967,-0.1919617,0,0,0,0,0.5,0.225496,0,0,0,1.269493,0.8500519,0.5233138,0.05961935,0,0,1
855,0.2689641,0.0783181,-0.2254609,-0.3746109,-0.2443262,-0.003731997,1.405931,0.9471698,0.2646047,-0.1812558,1,0.5,0,0.6591563,-0.2332041,0.2259592,-0.4075111,-0.2549709,0.01193509,1.706427,0.9950169,0.08737921,0.04802299,1,1,1,0.645335,-0.2507018,-0.2245014,-0.2799006,-0.1202926,0.002884121,1.71559,0.9846638,0.07912034,-0.1554897,1,1,0,0.2673396,0.07730062,0.2256147,-0.4052119,-0.260478,-0.001956523,1.375499,0.9616725,0.2683556,0.05631285,1,0.5,1,0,0.5,-0.225496,0,0,0,1.326742,0.8409922,0.5069134,-0.1891323,0,0,0,0,0.5,0.225496,0,0,0,1.296872,0.8549724,0.51534,0.05871091,0,0,1
856,0.2505043,0.06717106,-0.2254579,-0.4889103,-0.2859344,0.01113713,1.41617,0.9493451,0.2573733,-0.1802856,1,0.5,0,0.6359456,-0.2496971,0.2264452,-0.638962,-0.4629249,0.0126116,1.714146,0.9956649,0.07962569,0.04807504,1,1,1,0.6274168,-0.2613967,-0.2243174,-0.5088629,-0.3129767,0.008225444,1.728935,0.9852327,0.07384842,-0.1544762,1,1,0,0.2480503,0.06590986,0.2255167,-0.5021634,-0.2958411,0.008790199,1.385029,0.9637264,0.2609561,0.05597617,1,0.5,1,0,0.5,-0.225496,0,0,0,1.354011,0.8460588,0.4994577,-0.1863506,0,0,0,0,0.5,0.225496,0,0,0,1.324587,0.8597026,0.507512,0.0578191,0,0,1
857,0.2284838,0.05508674,-0.2255628,-0.5636024,-0.3088604,-0.00619814,1.422581,0.9513564,0.2502296,-0.179739,1,0.5,0,0.6031837,-0.2739358,0.2267486,-0.8806202,-0.6513151,-0.001321733,1.711578,0.996465,0.06875826,0.04826808,1,1,1,0.6000133,-0.2796089,-0.2241817,-0.7406804,-0.5050527,-0.003899636,1.732148,0.9858617,0.06558305,-0.154193,1,1,0,0.2254035,0.05355709,0.2254054,-0.5888785,-0.3149172,-0.01112968,1.390843,0.9656961,0.2536208,0.05574519,1,0.5,1,0,0.5,-0.225496,0,0,0,1.38114,0.8508544,0.4922547,-0.1836631,0,0,0,0,0.5,0.225496,0,0,0,1.352147,0.8641733,0.4999602,0.05695875,0,0,1
858,0.2036957,0.04343333,-0.2255384,-0.6352003,-0.2834023,-0.001007319,1.426672,0.9531371,0.2436498,-0.1793447,1,0.5,0,0.5604877,-0.3050176,0.2269761,-1.129371,-0.8176807,0.001756103,1.699112,0.9972999,0.05501419,0.04864512,1,1,1,0.5627054,-0.3046583,-0.2240074,-0.9910856,-0.6701531,0.003433974,1.725492,0.9864753,0.05452354,-0.1545759,1,1,0,0.2001812,0.04179934,0.2254857,-0.646771,-0.2856233,0.00146255,1.394563,0.9674358,0.2469168,0.05567814,1,0.5,1,0,0.5,-0.225496,0,0,0,1.408536,0.8554655,0.4851886,-0.1810267,0,0,0,0,0.5,0.225496,0,0,0,1.379966,0.8684662,0.4925621,0.05611591,0,0,1
859,0.1773885,0.03235152,-0.2255579,-0.6568002,-0.2652611,-0.007306787,1.42998,0.9547462,0.2374903,-0.1790474,1,0.5,0,0.5072482,-0.3414651,0.2269696,-1.39373,-0.9440992,-0.009375814,1.676775,0.9980366,0.03883493,0.04914132,1,1,1,0.5156635,-0.3358482,-0.2238632,-1.239932,-0.8114102,-0.007122758,1.709698,0.9869748,0.04079824,-0.1556155,1,1,0,0.1737304,0.03116077,0.2254514,-0.6741742,-0.261692,-0.005735459,1.397887,0.9689635,0.2408788,0.05556251,1,0.5,1,0,0.5,-0.225496,0,0,0,1.436469,0.8599432,0.47819,-0.1784155,0,0,0,0,0.5,0.225496,0,0,0,1.408317,0.8726292,0.4852444,0.05528222,0,0,1
860,0.150775,0.02320835,-0.225541,-0.6643574,-0.2119938,-0.0002264977,1.432849,0.9560476,0.2324074,-0.1787729,1,0.5,0,0.4429293,-0.3810784,0.2266428,-1.677569,-1.002594,-0.01070127,1.643176,0.9985412,0.0209603,0.04975924,1,1,1,0.4582189,-0.3710493,-0.2239572,-1.502829,-0.8974138,-0.003077836,1.683303,0.9871919,0.02516861,-0.1575398,1,1,0,0.1472865,0.02204332,0.2254508,-0.6555269,-0.2232679,0.002145768,1.400973,0.9702435,0.2356915,0.05547202,1,0.5,1,0,0.5,-0.225496,0,0,0,1.46394,0.8641406,0.4715011,-0.1759198,0,0,0,0,0.5,0.225496,0,0,0,1.436188,0.8765268,0.4782594,0.05448645,0,0,1
861,0.1249785,0.01589255,-0.2254934,-0.6366814,-0.1700658,-0.002665074,1.437352,0.9571687,0.228091,-0.1783328,1,0.5,0,0.3673204,-0.4208071,0.2259701,-1.963442,-0.9783972,-0.01844317,1.599398,0.9987221,0.002473536,0.05047645,1,1,1,0.3903708,-0.4080091,-0.2242206,-1.761598,-0.9248394,-0.008143487,1.647607,0.9870359,0.008377192,-0.160281,1,1,0,0.1218918,0.01493238,0.2255125,-0.6254724,-0.1609059,-0.0002056361,1.405995,0.9712967,0.2313398,0.05535825,1,0.5,1,0,0.5,-0.225496,0,0,0,1.491896,0.8682154,0.4648837,-0.1734508,0,0,0,0,0.5,0.225496,0,0,0,1.464538,0.8803058,0.4713576,0.05370015,0,0,1
862,0.1008537,0.01002566,-0.2255698,-0.5840881,-0.1303857,-0.006466361,1.444337,0.9581866,0.2242542,-0.1777314,1,0.5,0,0.2806619,-0.4560404,0.2252632,-2.229829,-0.8389372,-0.03361182,1.545776,0.9985675,-0.0146841,0.05145393,1,1,1,0.3120065,-0.4431648,-0.2243868,-2.024435,-0.8555088,-0.01585782,1.602656,0.986462,-0.008163389,-0.1637865,1,1,0,0.09834858,0.00964634,0.2253529,-0.5875251,-0.1206912,-0.01225994,1.413757,0.9721881,0.2276393,0.05505031,1,0.5,1,0,0.5,-0.225496,0,0,0,1.520429,0.8721828,0.4583184,-0.1710013,0,0,0,0,0.5,0.225496,0,0,0,1.493464,0.8839809,0.4645182,0.05292096,0,0,1
863,0.07862148,0.005831105,-0.2255205,-0.5446231,-0.1022653,0.001475961,1.453168,0.9590743,0.2210927,-0.1769026,1,0.5,0,0.1850255,-0.4824254,0.2249301,-2.438996,-0.5878645,-0.007650259,1.483219,0.998194,-0.02845141,0.052909,1,1,1,0.2238745,-0.4726056,-0.2243037,-2.257157,-0.6945777,0.002983959,1.548171,0.9855068,-0.02275477,-0.1681031,1,1,0,0.07571916,0.00557259,0.2255011,-0.5656878,-0.09339747,0.001940877,1.422374,0.9729275,0.2244998,0.05488063,1,0.5,1,0,0.5,-0.225496,0,0,0,1.548774,0.8759442,0.4519777,-0.1686355,0,0,0,0,0.5,0.225496,0,0,0,1.522186,0.8874612,0.4579203,0.05216929,0,0,1
864,0.05760936,0.003140141,-0.2254778,-0.5215896,-0.05589613,-0.002642722,1.465343,0.9599069,0.2183539,-0.175785,1,0.5,0,0.08458328,-0.4963985,0.2245301,-2.524022,-0.2754809,-0.03290178,1.417665,0.9978382,-0.03671053,0.05450907,1,1,1,0.1276158,-0.4919193,-0.2244114,-2.449692,-0.4016162,-0.02933667,1.487728,0.9843161,-0.03316316,-0.1732689,1,1,0,0.05111198,0.002503995,0.2254939,-0.6386666,-0.07652655,-0.006786737,1.431147,0.97354,0.221891,0.05462761,1,0.5,1,0,0.5,-0.225496,0,0,0,1.578907,0.8797589,0.4454265,-0.1661912,0,0,0,0,0.5,0.225496,0,0,0,1.552709,0.8909868,0.4511112,0.05139355,0,0,1
865,0.03616,0.001116672,-0.2252801,-0.5444723,-0.05261555,0.0146024,1.475092,0.9605593,0.2162515,-0.1748172,1,0.5,0,-0.01645596,-0.4981665,0.223041,-2.520599,0.04074426,-0.02077595,1.348862,0.9976825,-0.03903292,0.05573213,1,1,1,0.0268425,-0.4987928,-0.2258651,-2.532393,-0.08912686,-0.02222286,1.420676,0.9829225,-0.03789959,-0.1800747,1,1,0,0.02276096,0.0002398928,0.2255138,-0.7368786,-0.03576095,0.006008896,1.434294,0.9738923,0.2203594,0.05454899,1,0.5,1,0,0.5,-0.225496,0,0,0,1.607199,0.8831786,0.4394459,-0.1639598,0,0,0,0,0.5,0.225496,0,0,0,1.581358,0.8941438,0.4449019,0.05068614,0,0,1
866,0.01028292,-3.446771E-05,-0.2253942,-0.6850976,-0.01941585,-0.003154577,1.481012,0.9609193,0.2150242,-0.1743524,1,0.5,0,-0.1149999,-0.4888257,0.2201368,-2.438375,0.2950446,-0.08455443,1.282235,0.9977978,-0.03525111,0.05618611,1,1,1,-0.07320748,-0.4929913,-0.2289349,-2.481361,0.2245055,-0.08912612,1.354458,0.9814739,-0.03612445,-0.18816,1,1,0,-0.009297,-0.0001386728,0.2252153,-0.8242851,-0.003394449,-0.007498267,1.434407,0.9739483,0.2201508,0.0543915,1,0.5,1,0,0.5,-0.225496,0,0,0,1.635759,0.886481,0.4335696,-0.1617673,0,0,0,0,0.5,0.225496,0,0,0,1.610267,0.8971896,0.438807,0.04999178,0,0,1
867,-0.0212268,0.0003130653,-0.225158,-0.8326821,0.02309382,-0.001804531,1.482217,0.9609501,0.2150688,-0.1741272,1,0.5,0,-0.2082462,-0.470793,0.2178732,-2.292357,0.4898013,-0.06120952,1.221161,0.9980426,-0.02602486,0.05686462,1,1,1,-0.1686404,-0.477387,-0.231325,-2.347536,0.4360543,-0.06675723,1.292908,0.9801944,-0.02866125,-0.1959526,1,1,0,-0.04522996,0.001910841,0.2252179,-0.9126487,0.06395324,-0.005229564,1.43174,0.9736344,0.2215157,0.05446794,1,0.5,1,0,0.5,-0.225496,0,0,0,1.664825,0.8896971,0.4277482,-0.1595953,0,0,0,0,0.5,0.225496,0,0,0,1.63968,0.9001527,0.432775,0.04930457,0,0,1
868,-0.05848626,0.003268938,-0.2251783,-0.9634867,0.08761633,-0.003661962,1.478094,0.9604456,0.2170113,-0.1745004,1,0.5,0,-0.2940759,-0.4466719,0.216734,-2.093286,0.6360578,-0.01706705,1.167199,0.9982383,-0.0123992,0.05802185,1,1,1,-0.257003,-0.4555674,-0.2326408,-2.159753,0.5747559,-0.02076329,1.237749,0.9790455,-0.01701477,-0.2029297,1,1,0,-0.08390654,0.007067129,0.2250437,-0.9800207,0.160286,-0.005349519,1.426675,0.9728844,0.2247744,0.05452074,1,0.5,1,0,0.5,-0.225496,0,0,0,1.693612,0.8927461,0.4221349,-0.157501,0,0,0,0,0.5,0.225496,0,0,0,1.6688,0.9029593,0.4269642,0.04864256,0,0,1
869,-0.1000118,0.01009054,-0.2252769,-1.060252,0.1921524,-0.01150072,1.471671,0.9593819,0.2211782,-0.1751189,1,0.5,0,-0.3711786,-0.4190464,0.2170787,-1.868857,0.7071468,0.01580418,1.123339,0.9982011,0.004283498,0.05980188,1,1,1,-0.3368161,-0.430266,-0.2324616,-1.941415,0.6407904,0.008251521,1.191906,0.978057,-0.00252143,-0.2083222,1,1,0,-0.1238697,0.0154731,0.2251347,-0.9990007,0.236678,-0.003122539,1.422071,0.9717265,0.2296861,0.05469864,1,0.5,1,0,0.5,-0.225496,0,0,0,1.723354,0.8957625,0.4164879,-0.1553941,0,0,0,0,0.5,0.225496,0,0,0,1.698878,0.9057333,0.4211239,0.04797719,0,0,1
870,-0.1433836,0.02086665,-0.2252179,-1.089941,0.298166,-0.001668931,1.432202,0.9563427,0.2312733,-0.1786656,1,0.5,0,-0.4387513,-0.3900566,0.2189095,-1.629772,0.7243934,0.04717411,1.056042,0.9977103,0.02309926,0.06356478,1,1,1,-0.4073748,-0.4038176,-0.2307698,-1.703612,0.663689,0.04663395,1.122384,0.976252,0.01367274,-0.2162064,1,1,0,-0.1634162,0.02732151,0.2253115,-0.978427,0.3135642,0.005345794,1.386133,0.9690805,0.2403445,0.05583464,1,0.5,1,0,0.5,-0.225496,0,0,0,1.723026,0.8957299,0.4165494,-0.155417,0,0,0,0,0.5,0.225496,0,0,0,1.698546,0.9057034,0.4211875,0.04798444,0,0,1
871,-0.1862137,0.03591904,-0.2252818,-1.056656,0.3969165,-0.00139773,1.364365,0.9509545,0.2477622,-0.1852008,1,0.5,0,-0.496247,-0.3612715,0.2212918,-1.375978,0.7095489,0.06356018,0.967823,0.9966409,0.0440983,0.06900819,1,1,1,-0.467819,-0.3771309,-0.228533,-1.450128,0.6609517,0.05918669,1.032286,0.9732652,0.03189292,-0.2274595,1,1,0,-0.2006918,0.04191583,0.2254969,-0.9131882,0.3771797,0.01120791,1.322694,0.9647521,0.2567166,0.05787963,1,0.5,1,0,0.5,-0.225496,0,0,0,1.694327,0.8928202,0.4219972,-0.1574496,0,0,0,0,0.5,0.225496,0,0,0,1.669524,0.9030275,0.4268218,0.04862634,0,0,1
872,-0.2258702,0.05379278,-0.2253388,-0.9623904,0.4563598,0.004016609,1.300667,0.944575,0.2664528,-0.1917838,1,0.5,0,-0.5437901,-0.3345466,0.2235159,-1.1275,0.6511735,0.06235841,0.8898262,0.9950491,0.06580202,0.0744812,1,1,1,-0.5183576,-0.3518175,-0.2264575,-1.20035,0.6229194,0.05495699,0.9522617,0.9697825,0.0510807,-0.2385641,1,1,0,-0.2338974,0.05794449,0.2255673,-0.8016098,0.4078902,0.004049392,1.263816,0.9597588,0.2743735,0.05985167,1,0.5,1,0,0.5,-0.225496,0,0,0,1.665445,0.8897641,0.4276257,-0.1595497,0,0,0,0,0.5,0.225496,0,0,0,1.640307,0.9002144,0.4326482,0.04929012,0,0,1
873,-0.2601983,0.07297516,-0.2254865,-0.8138533,0.4872376,-0.00134036,1.243606,0.9374662,0.2861743,-0.1981449,1,0.5,0,-0.5812699,-0.3107442,0.2247731,-0.8762184,0.5709323,0.02722443,0.8227028,0.9930422,0.08713659,0.07921135,1,1,1,-0.5587289,-0.3282203,-0.2253138,-0.9481702,0.5752149,0.02694504,0.8834043,0.9657631,0.07068047,-0.2496116,1,1,0,-0.2617179,0.07377934,0.2255137,-0.6586956,0.3896205,0.002150238,1.211073,0.9544022,0.2920854,0.06166522,1,0.5,1,0,0.5,-0.225496,0,0,0,1.637053,0.8866273,0.433307,-0.1616694,0,0,0,0,0.5,0.225496,0,0,0,1.611577,0.8973245,0.4385349,0.04996077,0,0,1
874,-0.2873248,0.0907106,-0.2254833,-0.6271722,0.4310282,-0.001294166,1.190875,0.9299831,0.3055877,-0.2043222,1,0.5,0,-0.609264,-0.2914801,0.2252641,-0.6418946,0.4483255,-0.0080511,0.7621574,0.9908003,0.1065793,0.08340017,1,1,1,-0.5898132,-0.3075072,-0.2250402,-0.7237527,0.496264,-0.01153574,0.8213574,0.9611305,0.08967505,-0.2611256,1,1,0,-0.2833523,0.0877889,0.225395,-0.4971611,0.3341721,-0.00861511,1.161417,0.9488634,0.3092474,0.06343682,1,0.5,1,0,0.5,-0.225496,0,0,0,1.606119,0.8830508,0.4396713,-0.1640439,0,0,0,0,0.5,0.225496,0,0,0,1.580264,0.8940259,0.4451358,0.05071279,0,0,1
875,-0.3056186,0.1043653,-0.2254917,-0.4015745,0.3074457,-0.000638515,1.148824,0.9233779,0.3216627,-0.2095383,1,0.5,0,-0.6276773,-0.2777831,0.2255167,-0.4039051,0.3022135,0.007174167,0.7141384,0.9887086,0.1220758,0.08690668,1,1,1,-0.6127365,-0.2902586,-0.2250922,-0.5263509,0.4036771,-0.003905596,0.7706842,0.9564689,0.1068254,-0.2715798,1,1,0,-0.2987095,0.09876945,0.2254236,-0.3423245,0.2543655,0.002849103,1.120355,0.9438651,0.3238607,0.06506201,1,0.5,1,0,0.5,-0.225496,0,0,0,1.578176,0.8796686,0.445583,-0.1662496,0,0,0,0,0.5,0.225496,0,0,0,1.551969,0.8909034,0.4512738,0.05141208,0,0,1
876,-0.3154871,0.1121451,-0.2255133,-0.1964734,0.1559631,-0.0001989306,1.113085,0.9180542,0.3336124,-0.2141941,1,0.5,0,-0.6371108,-0.2704129,0.2253808,-0.1799852,0.1459793,0.001331419,0.6744076,0.9871156,0.1324813,0.08973106,1,1,1,-0.6281732,-0.2780334,-0.2254224,-0.3371657,0.2721072,-0.00332296,0.727165,0.9519613,0.120576,-0.28148,1,1,0,-0.3074824,0.1055277,0.2254238,-0.1796976,0.1363002,0.0005722048,1.084447,0.9396998,0.3354658,0.06653669,1,0.5,1,0,0.5,-0.225496,0,0,0,1.550329,0.8761456,0.4516349,-0.1685076,0,0,0,0,0.5,0.225496,0,0,0,1.523762,0.8876474,0.4575638,0.05212867,0,0,1
877,-0.3173653,0.113754,-0.2254072,0.002579392,0.001670793,0.003717096,1.082731,0.9143709,0.3410269,-0.2182349,1,0.5,0,-0.6381696,-0.2695743,0.2256467,0.02543033,-0.01859517,0.008285049,0.6421057,0.9862478,0.1369625,0.09250169,1,1,1,-0.635964,-0.2717194,-0.2253125,-0.1471818,0.1182691,0.008984659,0.6902908,0.9481757,0.1296159,-0.2901077,1,1,0,-0.309376,0.1071048,0.2254441,-0.005821886,0.0022389,0.005663189,1.053353,0.9368076,0.3431962,0.06788163,1,0.5,1,0,0.5,-0.225496,0,0,0,1.52251,0.8724648,0.4578469,-0.1708254,0,0,0,0,0.5,0.225496,0,0,0,1.495572,0.8842421,0.4640273,0.05286503,0,0,1
878,-0.3115304,0.1088948,-0.2254263,0.1959772,-0.1599268,-0.002111495,1.057014,0.9125584,0.3435389,-0.2218517,1,0.5,0,-0.6311365,-0.2751584,0.2259144,0.2283872,-0.1768709,0.01107827,0.6165774,0.986282,0.1350928,0.09485628,1,1,1,-0.6358973,-0.27152,-0.2250367,0.05295577,-0.03099592,0.01297668,0.6598386,0.9453897,0.1331909,-0.2974868,1,1,0,-0.3041695,0.1032232,0.225422,0.1779229,-0.1250279,-0.002385677,1.026769,0.9354573,0.3466295,0.06904907,1,0.5,1,0,0.5,-0.225496,0,0,0,1.494503,0.8685857,0.4642761,-0.1732241,0,0,0,0,0.5,0.225496,0,0,0,1.467182,0.8806491,0.4707242,0.05362799,0,0,1
879,-0.2980359,0.09846213,-0.2254541,0.3825442,-0.291896,-0.002991409,1.036284,0.9126301,0.3413835,-0.2248634,1,0.5,0,-0.615869,-0.28688,0.2260663,0.4337551,-0.3306643,-0.0005342069,0.5982487,0.9872317,0.1266744,0.09657764,1,1,1,-0.6277429,-0.2774282,-0.224632,0.259024,-0.1817048,0.008098784,0.6361266,0.9438667,0.1307705,-0.3033394,1,1,0,-0.2920961,0.09401149,0.2255329,0.3480123,-0.2570265,0.0008545819,1.004663,0.9357572,0.3456,0.07013723,1,0.5,1,0,0.5,-0.225496,0,0,0,1.466511,0.8645234,0.4708847,-0.1756898,0,0,0,0,0.5,0.225496,0,0,0,1.438796,0.876882,0.4776161,0.05441316,0,0,1
880,-0.2774758,0.08390281,-0.2256159,0.5536737,-0.3882425,-0.009851906,1.02078,0.9142934,0.3352902,-0.2272622,1,0.5,0,-0.5918862,-0.304154,0.2256126,0.6574961,-0.4619019,-0.02276898,0.5880438,0.9889576,0.1119863,0.09706648,1,1,1,-0.6108273,-0.2888922,-0.2246766,0.4762294,-0.3231348,-0.007480386,0.6202838,0.9435896,0.1223866,-0.307669,1,1,0,-0.2729343,0.08096973,0.2254243,0.519778,-0.3507563,-0.003724547,0.9879868,0.9374956,0.3407085,0.0708503,1,0.5,1,0,0.5,-0.225496,0,0,0,1.438759,0.8603007,0.4776252,-0.1782048,0,0,0,0,0.5,0.225496,0,0,0,1.41064,0.8729614,0.4846542,0.05521499,0,0,1
881,-0.2504277,0.06704958,-0.2256079,0.7107857,-0.4271487,-0.008858744,1.010225,0.9170848,0.3264742,-0.2288452,1,0.5,0,-0.5586734,-0.3260189,0.2256205,0.8896205,-0.5697163,-0.007832053,0.5865368,0.9910011,0.09201815,0.0972084,1,1,1,-0.584312,-0.3052444,-0.2241658,0.7209602,-0.4437046,0.00650734,0.6126034,0.9447396,0.1085343,-0.3093338,1,1,0,-0.2475447,0.06549471,0.225467,0.6789963,-0.3938576,-0.005469474,0.9761175,0.9402286,0.3329645,0.07144894,1,0.5,1,0,0.5,-0.225496,0,0,0,1.410885,0.8558506,0.4845921,-0.1808041,0,0,0,0,0.5,0.225496,0,0,0,1.382351,0.8688244,0.491938,0.05604481,0,0,1
882,-0.2186957,0.05016229,-0.2255545,0.8198853,-0.4148312,-0.0001803041,1.003662,0.9202766,0.3166685,-0.2298087,1,0.5,0,-0.5162339,-0.3512622,0.2251405,1.118723,-0.6473126,-0.01063794,0.5938792,0.9930223,0.06832362,0.09611713,1,1,1,-0.547621,-0.3264851,-0.2241215,0.9803716,-0.5642074,0.001276285,0.6140248,0.9468905,0.08932914,-0.3088994,1,1,0,-0.21615,0.04882879,0.2253666,0.8205886,-0.4150789,-0.006027522,0.9691755,0.9436111,0.3231941,0.07171819,1,0.5,1,0,0.5,-0.225496,0,0,0,1.38276,0.8511335,0.491831,-0.183505,0,0,0,0,0.5,0.225496,0,0,0,1.353793,0.8644332,0.4995164,0.05690818,0,0,1
883,-0.1838235,0.03475216,-0.2253861,0.8838128,-0.3623934,0.003183634,1.00181,0.9235715,0.306798,-0.22998,1,0.5,0,-0.4644491,-0.3780647,0.2255626,1.346221,-0.6822366,0.01252145,0.6124606,0.9945546,0.04308942,0.09489106,1,1,1,-0.5001555,-0.3524363,-0.2232992,1.256583,-0.6764951,0.01736582,0.6267904,0.9502178,0.06528603,-0.3046699,1,1,0,-0.1800824,0.03317937,0.2255146,0.9315628,-0.3846792,0.0006735328,0.9684069,0.9471281,0.3127058,0.07185653,1,0.5,1,0,0.5,-0.225496,0,0,0,1.355915,0.8464031,0.4989454,-0.1861594,0,0,0,0,0.5,0.225496,0,0,0,1.326522,0.8600237,0.5069746,0.05775787,0,0,1
884,-0.1658633,0.02808564,-0.2255166,0,0,0,1.001075,0.9249362,0.3025069,-0.2301794,1,0.5,0,-0.4352337,-0.3917066,0.2261603,0,0,0,0.6245759,0.9950672,0.0304945,0.09440026,1,1,1,-0.4722923,-0.3670571,-0.222721,0,0,0,0.6364819,0.9520345,0.05186431,-0.3015631,1,1,0,-0.1606718,0.0262278,0.2254247,0,0,0,0.9689175,0.9487194,0.3078647,0.07177032,1,0.5,1,0,0.5,-0.225496,0,0,0,1.341894,0.843839,0.5027432,-0.1875764,0,0,0,0,0.5,0.225496,0,0,0,1.312274,0.857631,0.5109603,0.05821195,0,0,1
885,-0.1126498,0.01269215,-0.2254846,0.8749056,-0.2132263,-0.002267213,1.015629,0.9296564,0.2894455,-0.227948,1,0.5,0,-0.3341747,-0.4320133,0.2286388,1.795278,-0.6627488,0.051903,0.6924638,0.9958286,-0.005042756,0.09110446,1,1,1,-0.372429,-0.4145312,-0.2204791,1.797273,-0.8044812,0.03854559,0.6986656,0.9587622,0.009567971,-0.2840484,1,1,0,-0.1005908,0.01000187,0.2253633,0.9998415,-0.2244111,-0.005343559,0.9901842,0.9536227,0.2925825,0.07070486,1,0.5,1,0,0.5,-0.225496,0,0,0,1.314471,0.8386269,0.5103415,-0.1904114,0,0,0,0,0.5,0.225496,0,0,0,1.284396,0.8527617,0.5189433,0.05912142,0,0,1
886,-0.07965114,0.006320122,-0.2254071,0.80005,-0.1377892,-0.007035586,1.014296,0.9308413,0.2854926,-0.2280976,1,0.5,0,-0.2559319,-0.4570681,0.2298857,2.009804,-0.6076994,0.0191927,0.7385635,0.9957407,-0.02508394,0.08872024,1,1,1,-0.2930928,-0.4457285,-0.219464,2.045641,-0.7594648,0.005736949,0.7435213,0.9618871,-0.01586501,-0.2729861,1,1,0,-0.06170122,0.003561609,0.2252128,0.963047,-0.144828,-0.01238287,0.9944574,0.9552088,0.2874365,0.070402,1,0.5,1,0,0.5,-0.225496,0,0,0,1.28735,0.8332,0.5180855,-0.1933007,0,0,0,0,0.5,0.225496,0,0,0,1.25681,0.8476841,0.5270917,0.06004975,0,0,1
887,-0.04937987,0.002342848,-0.225132,0.7370455,-0.07972403,0.004573168,1.010559,0.9313364,0.2835657,-0.2284796,1,0.5,0,-0.1697143,-0.4783973,0.2307053,2.203548,-0.4963713,0.01317636,0.7923214,0.9954988,-0.04054511,0.08566391,1,1,1,-0.2048015,-0.4728458,-0.2188724,2.259471,-0.6376537,0.004727395,0.7973335,0.9646072,-0.03610931,-0.2612068,1,1,0,-0.02655949,0.0005952094,0.2253022,0.8505216,-0.05877847,-0.002713503,0.9956596,0.9558721,0.2852221,0.07040518,1,0.5,1,0,0.5,-0.225496,0,0,0,1.259948,0.8274215,0.526152,-0.1963104,0,0,0,0,0.5,0.225496,0,0,0,1.228924,0.8422688,0.5355932,0.0610183,0,0,1
888,-0.02210551,0.0003882319,-0.2250658,0.667383,-0.03512696,0.002335758,1.005645,0.9312774,0.2831931,-0.2291813,1,0.5,0,-0.07712217,-0.4934742,0.2293821,2.346791,-0.333047,-0.04549177,0.853273,0.9954802,-0.04985997,0.08082779,1,1,1,-0.1094354,-0.491804,-0.2204654,2.420981,-0.4106806,-0.05171971,0.8598014,0.9669377,-0.04839236,-0.2503788,1,1,0,0.004150789,-6.603243E-05,0.2251396,0.7367388,-0.004977167,-0.005065652,0.994284,0.955929,0.2850422,0.07036117,1,0.5,1,0,0.5,-0.225496,0,0,0,1.233613,0.8215668,0.5341446,-0.1992925,0,0,0,0,0.5,0.225496,0,0,0,1.202109,0.8367729,0.5440309,0.06197957,0,0,1
889,0.003914664,1.555433E-05,-0.2250479,0.6494863,0.01028139,0.005993994,0.9996169,0.930782,0.2840829,-0.2300907,1,0.5,0,0.01927753,-0.4990796,0.2266959,2.423062,-0.07481727,-0.07661808,0.9170926,0.9958271,-0.05157009,0.07529213,1,1,1,-0.009956575,-0.4997943,-0.2233303,2.501541,-0.1139969,-0.08077699,0.9258658,0.9691972,-0.05175401,-0.2407872,1,1,0,0.02954196,0.0007564058,0.2252592,0.603341,0.02975338,0.008891527,0.9878516,0.9553665,0.2868273,0.07074579,1,0.5,1,0,0.5,-0.225496,0,0,0,1.207113,0.8153543,0.5424364,-0.2023862,0,0,0,0,0.5,0.225496,0,0,0,1.175111,0.8309312,0.5527993,0.06297853,0,0,1
890,0.0303425,0.0007774029,-0.2252343,0.6608778,0.02072951,0.009042028,0.994393,0.9300917,0.2855858,-0.2310197,1,0.5,0,0.115783,-0.4931135,0.2241774,2.401391,0.2258153,-0.03708304,0.9805586,0.996491,-0.04532986,0.07036356,1,1,1,0.0898086,-0.4955789,-0.2260353,2.486947,0.1785413,-0.04075991,0.9917471,0.9716048,-0.04664255,-0.2319664,1,1,0,0.05109038,0.002653882,0.2252415,0.5201697,0.0501642,0.01062453,0.9781107,0.9543741,0.2900012,0.07120001,1,0.5,1,0,0.5,-0.225496,0,0,0,1.180863,0.8088582,0.5509074,-0.2055468,0,0,0,0,0.5,0.225496,0,0,0,1.148352,0.8248119,0.5617733,0.0640009,0,0,1
891,0.05787673,0.003379298,-0.2254572,0.7013715,0.08075485,-0.00835583,0.9906937,0.9291546,0.2880399,-0.2317426,1,0.5,0,0.2085864,-0.4757529,0.2228831,2.284359,0.5008476,-0.03618823,1.040041,0.9972429,-0.03230622,0.06680547,1,1,1,0.1860912,-0.4798721,-0.2275454,2.370119,0.4679846,-0.04323052,1.05363,0.9740412,-0.03467502,-0.223699,1,1,0,0.07094028,0.004886244,0.2253838,0.4955634,0.06255087,0.001510233,0.9668293,0.9531774,0.2937535,0.07184463,1,0.5,1,0,0.5,-0.225496,0,0,0,1.154789,0.802041,0.5595881,-0.2087856,0,0,0,0,0.5,0.225496,0,0,0,1.121754,0.8183781,0.5709866,0.06505053,0,0,1
892,0.08646677,0.007548775,-0.2253543,0.7225047,0.120878,0.003820659,0.9884553,0.928076,0.2912743,-0.2320219,1,0.5,0,0.2942331,-0.4489937,0.2238965,2.088157,0.7173541,0.03874229,1.092725,0.9977657,-0.0144367,0.06523194,1,1,1,0.2755686,-0.4554186,-0.2266899,2.184935,0.6593602,0.03468172,1.108581,0.976327,-0.01828857,-0.2155253,1,1,0,0.09239716,0.008459963,0.2255891,0.5513641,0.09777643,0.005324932,0.957597,0.9517926,0.2980659,0.07244054,1,0.5,1,0,0.5,-0.225496,0,0,0,1.129016,0.794917,0.5684412,-0.2120887,0,0,0,0,0.5,0.225496,0,0,0,1.095449,0.8116418,0.580401,0.06612309,0,0,1
893,0.1168722,0.01384032,-0.2255152,0.7678393,0.1796964,0.004227461,0.9890624,0.9267739,0.2953807,-0.2320354,1,0.5,0,0.3706349,-0.4167967,0.2254315,1.848111,0.8262682,0.04216434,1.137211,0.9979085,0.005621355,0.06439703,1,1,1,0.3559844,-0.425388,-0.2252514,1.948792,0.7767054,0.0386283,1.155537,0.978013,0.000369663,-0.2085435,1,1,0,0.1159511,0.01342228,0.2253779,0.6042017,0.1312543,-0.00236705,0.9512483,0.9502875,0.3027892,0.07261191,1,0.5,1,0,0.5,-0.225496,0,0,0,1.103869,0.7875655,0.5773538,-0.2154141,0,0,0,0,0.5,0.225496,0,0,0,1.069764,0.8046765,0.5898977,0.06720501,0,0,1
894,0.1480797,0.0224417,-0.2255227,0.7892403,0.23453,-0.001811237,0.9906095,0.9250737,0.3008445,-0.2317996,1,0.5,0,0.4369853,-0.3831388,0.2276944,1.595329,0.8397046,0.0475459,1.171852,0.9975938,0.02563695,0.06441621,1,1,1,0.4263017,-0.39306,-0.2230609,1.692698,0.8130911,0.04549922,1.192604,0.9790512,0.01946116,-0.2026823,1,1,0,0.1415786,0.02039447,0.2254367,0.6438146,0.180309,-0.001437963,0.9470416,0.9484335,0.3084877,0.07286366,1,0.5,1,0,0.5,-0.225496,0,0,0,1.07855,0.7797307,0.5866142,-0.2188692,0,0,0,0,0.5,0.225496,0,0,0,1.043886,0.7972379,0.5997854,0.06833149,0,0,1
895,0.1794066,0.03301193,-0.2255283,0.7808316,0.2771844,-0.006081166,0.9917511,0.9228597,0.3077001,-0.231626,1,0.5,0,0.4929492,-0.3508485,0.2296696,1.333803,0.7907319,0.04161002,1.19544,0.9969208,0.04432565,0.06468501,1,1,1,0.4864017,-0.36156,-0.2211816,1.440777,0.7735807,0.04276263,1.219101,0.9793909,0.03748468,-0.1984651,1,1,0,0.1679298,0.02904872,0.2253191,0.6554993,0.230574,-0.009631369,0.9428904,0.9461564,0.315373,0.07299173,1,0.5,1,0,0.5,-0.225496,0,0,0,1.052514,0.7711816,0.5964519,-0.2225397,0,0,0,0,0.5,0.225496,0,0,0,1.017255,0.7891031,0.6103129,0.06953084,0,0,1
896,0.2090446,0.0457025,-0.2254147,0.7311228,0.3259023,-0.007894638,0.9933355,0.9201757,0.3158718,-0.2313042,1,0.5,0,0.5389563,-0.3226751,0.2312804,1.079271,0.6841573,0.02944471,1.210796,0.9960529,0.06039581,0.06504599,1,1,1,0.5360594,-0.3323842,-0.2195728,1.179535,0.7064241,0.02608002,1.237231,0.9792285,0.05388795,-0.1954678,1,1,0,0.1939096,0.03899449,0.2252934,0.6399932,0.2595219,-0.007174167,0.9402003,0.943616,0.3228679,0.07311024,1,0.5,1,0,0.5,-0.225496,0,0,0,1.027832,0.7625751,0.6060877,-0.2261348,0,0,0,0,0.5,0.225496,0,0,0,0.9919893,0.7808947,0.6206479,0.07070828,0,0,1
897,0.235683,0.05899999,-0.2252588,0.6450611,0.338127,-0.001416356,0.9928255,0.9170379,0.3248872,-0.2312787,1,0.5,0,0.5750645,-0.3000133,0.2319743,0.834829,0.5355986,0.004525485,1.216654,0.9951679,0.07339084,0.06522823,1,1,1,0.5759911,-0.3074366,-0.2190413,0.939602,0.5931171,5.438926E-05,1.246615,0.9786276,0.06788185,-0.1941134,1,1,0,0.2180682,0.0499969,0.2252442,0.5874279,0.2779766,-0.005082043,0.9366038,0.9406649,0.3313349,0.07325905,1,0.5,1,0,0.5,-0.225496,0,0,0,1.003729,0.7536563,0.6158026,-0.2297595,0,0,0,0,0.5,0.225496,0,0,0,0.9672974,0.7723686,0.6310923,0.07189817,0,0,1
898,0.2581307,0.07155298,-0.225267,0.5309137,0.3028439,0.0002630056,0.9877629,0.9133999,0.3344303,-0.2320713,1,0.5,0,0.601622,-0.2838189,0.2318628,0.6074908,0.3610225,-0.005927684,1.211999,0.994401,0.08304972,0.06534044,1,1,1,0.6060712,-0.2873759,-0.2191532,0.6935748,0.4651057,-0.008797649,1.245744,0.977728,0.07940686,-0.1942743,1,1,0,0.2396792,0.06111708,0.2252575,0.5214626,0.2758625,-0.001549721,0.9301136,0.9373179,0.3406143,0.07360082,1,0.5,1,0,0.5,-0.225496,0,0,0,0.979387,0.7440864,0.6259349,-0.23354,0,0,0,0,0.5,0.225496,0,0,0,0.9423412,0.7631979,0.6420118,0.07314219,0,0,1
899,0.2751977,0.08245505,-0.2252163,0.3935532,0.2445304,-0.002282114,0.9772192,0.909349,0.3441974,-0.2336934,1,0.5,0,0.6187675,-0.2742411,0.2308349,0.370595,0.1969517,-0.02163799,1.197313,0.9938518,0.08941128,0.06530025,1,1,1,0.6266261,-0.2731858,-0.2201176,0.4577013,0.3129498,-0.02033264,1.23527,0.976641,0.08806364,-0.1960027,1,1,0,0.2577586,0.07162581,0.225289,0.4312271,0.2602813,9.685758E-06,0.9200861,0.9336537,0.3504194,0.07414272,1,0.5,1,0,0.5,-0.225496,0,0,0,0.9552327,0.7339788,0.6363243,-0.2374163,0,0,0,0,0.5,0.225496,0,0,0,0.9175558,0.7534871,0.653237,0.07442106,0,0,1
900,0.2865662,0.09020819,-0.2254175,0.2497421,0.1663224,-0.002600999,0.9604715,0.90506,0.3534531,-0.236511,1,0.5,0,0.626955,-0.2715996,0.2291815,0.1466603,0.02514572,-0.04200713,1.172925,0.9935907,0.09229368,0.06526382,1,1,1,0.6379617,-0.2654433,-0.2215965,0.2277614,0.1509771,-0.03774242,1.215254,0.9754878,0.09360518,-0.1991521,1,1,0,0.2716569,0.08016482,0.2253025,0.32008,0.200056,0.00287518,0.9054508,0.9298831,0.3601441,0.07492437,1,0.5,1,0,0.5,-0.225496,0,0,0,0.9312868,0.7232988,0.6469703,-0.2413884,0,0,0,0,0.5,0.225496,0,0,0,0.8929623,0.7431989,0.6647703,0.075735,0,0,1
901,0.291797,0.09394404,-0.2254071,0.08973632,0.0729889,-0.005363675,0.9372234,0.9007577,0.3617698,-0.2403294,1,0.5,0,0.6260045,-0.2754918,0.2275918,-0.08156601,-0.1363293,-0.04183428,1.139271,0.9936107,0.09181409,0.06563395,1,1,1,0.6404112,-0.2644655,-0.223013,0.004801156,-0.01597554,-0.03868045,1.186378,0.9743984,0.09578783,-0.2034022,1,1,0,0.2807996,0.08620371,0.2254014,0.1964659,0.1298599,-0.0006243589,0.8860273,0.9260947,0.3695481,0.07604572,1,0.5,1,0,0.5,-0.225496,0,0,0,0.9079905,0.7122157,0.6576749,-0.2453823,0,0,0,0,0.5,0.225496,0,0,0,0.8690139,0.7324929,0.6763993,0.07705984,0,0,1
902,0.2908929,0.0931868,-0.22552,-0.06569924,-0.04371816,0.0008240346,0.9070739,0.8964106,0.3689833,-0.2455592,1,0.5,0,0.6159146,-0.2855376,0.2263301,-0.3110857,-0.2861605,-0.02321602,1.09609,0.9938899,0.08800406,0.06661912,1,1,1,0.6342618,-0.2702291,-0.224026,-0.2086402,-0.1843528,-0.01395718,1.148524,0.9734069,0.09449114,-0.2086873,1,1,0,0.2845732,0.08880831,0.2254564,0.06346407,0.0405308,0.006178024,0.860575,0.9224014,0.3783756,0.07750872,1,0.5,1,0,0.5,-0.225496,0,0,0,0.8851225,0.7006045,0.6685329,-0.2494335,0,0,0,0,0.5,0.225496,0,0,0,0.8454837,0.7212448,0.6882284,0.07840749,0,0,1
903,0.283821,0.08824835,-0.2254988,-0.2152056,-0.1467549,-0.002694131,0.8692287,0.8917805,0.3755752,-0.2523309,1,0.5,0,0.59712,-0.3014079,0.2252348,-0.5246641,-0.4286783,-0.02721251,1.042994,0.9943985,0.08074701,0.06820172,1,1,1,0.6194139,-0.2824272,-0.2248389,-0.4280927,-0.3425048,-0.01805798,1.100834,0.9723961,0.08968629,-0.215412,1,1,0,0.2823655,0.08726021,0.2255739,-0.09578023,-0.06421956,0.003729762,0.8274021,0.9187841,0.3866652,0.0795342,1,0.5,1,0,0.5,-0.225496,0,0,0,0.8620737,0.6880909,0.6798458,-0.2536544,0,0,0,0,0.5,0.225496,0,0,0,0.8217437,0.7090864,0.7005897,0.07981578,0,0,1
904,0.2710159,0.07948101,-0.2255899,-0.3550412,-0.2360147,-0.0096418,0.8260767,0.887006,0.3811853,-0.2606108,1,0.5,0,0.5696588,-0.3216498,0.224538,-0.7351819,-0.53359,-0.01748652,0.9822587,0.9950227,0.07039948,0.07052616,1,1,1,0.5955716,-0.3008159,-0.225252,-0.6580743,-0.4931869,-0.0119932,1.045074,0.9713414,0.08102148,-0.2234534,1,1,0,0.2736074,0.08120675,0.2254286,-0.2652393,-0.1783752,-0.005073847,0.7876385,0.9154972,0.3939046,0.08187751,1,0.5,1,0,0.5,-0.225496,0,0,0,0.8402503,0.6754128,0.6909158,-0.2577847,0,0,0,0,0.5,0.225496,0,0,0,0.7992431,0.6967304,0.7127227,0.08119804,0,0,1
905,0.2529672,0.06838741,-0.225447,-0.4816266,-0.2894269,0.005315992,0.776794,0.8814004,0.38721,-0.2705582,1,0.5,0,0.5345989,-0.3449541,0.2245948,-0.9201918,-0.599158,0.008880351,0.9132066,0.995607,0.05734894,0.0740124,1,1,1,0.5618542,-0.3248776,-0.2251456,-0.9041551,-0.6381261,0.005805495,0.9786599,0.9699686,0.06838787,-0.2334178,1,1,0,0.2568906,0.07070887,0.2254779,-0.4682796,-0.2930072,-0.0004790725,0.7382008,0.9120411,0.4011537,0.08518643,1,0.5,1,0,0.5,-0.225496,0,0,0,0.8183036,0.6617591,0.7024179,-0.2620762,0,0,0,0,0.5,0.225496,0,0,0,0.7765917,0.6833817,0.725369,0.08263879,0,0,1
906,0.2304279,0.05599527,-0.2254319,-0.59144,-0.3181027,-0.001577288,0.724725,0.8749652,0.3935539,-0.2820486,1,0.5,0,0.492231,-0.3701589,0.2247924,-1.10707,-0.6413477,0.005450102,0.8386714,0.9960583,0.04171383,0.07828089,1,1,1,0.5176677,-0.353225,-0.2251693,-1.167512,-0.7312867,0.0007450584,0.9038737,0.9679158,0.05183869,-0.2458692,1,1,0,0.2318676,0.05671218,0.225511,-0.6702761,-0.3683597,0.000906736,0.6813298,0.908325,0.4086176,0.08931547,1,0.5,1,0,0.5,-0.225496,0,0,0,0.7978444,0.6481238,0.7134908,-0.2662076,0,0,0,0,0.5,0.225496,0,0,0,0.7554529,0.6700083,0.7375824,0.08403023,0,0,1
907,0.203116,0.04289249,-0.2255238,-0.7117349,-0.3329463,-0.0002607704,0.6665573,0.8664356,0.4019455,-0.296191,1,0.5,0,0.4415077,-0.3962516,0.2255605,-1.321371,-0.6563606,0.02300219,0.7539439,0.9961678,0.02372388,0.08418282,1,1,1,0.463568,-0.3837985,-0.2246311,-1.413105,-0.7704827,0.02190546,0.8177625,0.9646646,0.03202509,-0.2615275,1,1,0,0.2001522,0.04175302,0.2254305,-0.8310418,-0.3697561,-0.003980102,0.6160356,0.9030027,0.4191202,0.09446874,1,0.5,1,0,0.5,-0.225496,0,0,0,0.7763664,0.6327579,0.725497,-0.2706872,0,0,0,0,0.5,0.225496,0,0,0,0.7332368,0.6548871,0.7508696,0.08554399,0,0,1
908,0.1713239,0.03026112,-0.2253836,-0.8224475,-0.3113858,0.003541262,0.6059644,0.8557335,0.4125459,-0.3122918,1,0.5,0,0.3821782,-0.4222498,0.2266013,-1.538496,-0.6426456,0.03912078,0.6621706,0.995779,0.003226871,0.09172607,1,1,1,0.4000534,-0.4143476,-0.2239778,-1.647412,-0.7529396,0.03095196,0.7245045,0.9596864,0.009516021,-0.2809119,1,1,0,0.1633846,0.02735426,0.2255073,-0.9445708,-0.3438199,0.002270938,0.5475641,0.8958607,0.4327699,0.1007168,1,0.5,1,0,0.5,-0.225496,0,0,0,0.7560267,0.6170942,0.7372454,-0.2750706,0,0,0,0,0.5,0.225496,0,0,0,0.7121737,0.639419,0.7639169,0.08703043,0,0,1
909,0.1360631,0.01875411,-0.2255005,-0.9012733,-0.2679413,-0.004567208,0.5436497,0.8419024,0.4261527,-0.3310502,1,0.5,0,0.3143825,-0.4465086,0.2272979,-1.745991,-0.5903559,0.01362339,0.5626007,0.9947016,-0.01930043,0.1009767,1,1,1,0.3277783,-0.4429688,-0.2234314,-1.863605,-0.6882909,0.009517375,0.6242408,0.9520794,-0.01509355,-0.3054785,1,1,0,0.1230467,0.01533906,0.2253023,-1.025697,-0.281044,-0.006108733,0.4773394,0.8857054,0.4515719,0.1077439,1,0.5,1,0,0.5,-0.225496,0,0,0,0.7362365,0.6006846,0.7490476,-0.279474,0,0,0,0,0.5,0.225496,0,0,0,0.6916554,0.6231568,0.7770703,0.08852895,0,0,1
910,0.09817071,0.009591958,-0.2253707,-0.9597045,-0.2090718,-0.0004917385,0.4812899,0.8240645,0.4438973,-0.3519558,1,0.5,0,0.2390117,-0.4677689,0.2281063,-1.930249,-0.502898,0.01858176,0.456534,0.9926329,-0.0436669,0.1130188,1,1,1,0.2475002,-0.467556,-0.2227776,-2.055131,-0.5786704,0.01579822,0.5183029,0.9407571,-0.04080908,-0.3366165,1,1,0,0.08131754,0.006640214,0.2253332,-1.046563,-0.1895271,-0.0003688039,0.40841,0.8716251,0.476261,0.1159533,1,0.5,1,0,0.5,-0.225496,0,0,0,0.7172177,0.5836881,0.7607514,-0.2838408,0,0,0,0,0.5,0.225496,0,0,0,0.6719133,0.6062526,0.7901608,0.09002031,0,0,1
911,0.05899685,0.003274175,-0.2253119,-0.9856461,-0.1382203,-0.0005841258,0.4190189,0.8003979,0.4671005,-0.3757397,1,0.5,0,0.1572905,-0.4845775,0.228,-2.079967,-0.3817098,-0.004706534,0.3428772,0.989319,-0.06949709,0.1281325,1,1,1,0.1605654,-0.4862702,-0.2229382,-2.210192,-0.4253747,-0.005187841,0.4066743,0.9233188,-0.06647398,-0.3782375,1,1,0,0.03986629,0.001364697,0.2253328,-1.02543,-0.1098159,0.001741201,0.3408546,0.85205,0.5082504,0.1252688,1,0.5,1,0,0.5,-0.225496,0,0,0,0.6977518,0.5648783,0.7731151,-0.2884538,0,0,0,0,0.5,0.225496,0,0,0,0.6516819,0.5874746,0.8040414,0.09160168,0,0,1
912,0.01947274,0.0003544795,-0.2251996,-0.9848248,-0.05513675,0.004699083,0.3604915,0.7704335,0.4954778,-0.4011656,1,0.5,0,0.07071672,-0.4951035,0.2275534,-2.187168,-0.2266184,-0.02877266,0.2255469,0.9843548,-0.0952433,0.1482377,1,1,1,0.06878188,-0.4971746,-0.2234143,-2.317077,-0.2177373,-0.0237994,0.2939234,0.8971403,-0.08964915,-0.4325534,1,1,0,0.0006630961,-8.021153E-05,0.2253687,-0.9661376,-0.02319462,0.003852697,0.2793773,0.8264827,0.5464873,0.135196,1,0.5,1,0,0.5,-0.225496,0,0,0,0.6793678,0.5456133,0.7851664,-0.2929502,0,0,0,0,0.5,0.225496,0,0,0,0.6325504,0.5681679,0.8176237,0.09314906,0,0,1
913,-0.01980082,0.0004332308,-0.225448,-0.9803532,0.02849186,-0.004611911,0.3067906,0.7330043,0.528555,-0.4281755,1,0.5,0,-0.01868213,-0.4986857,0.2262786,-2.246253,-0.04016311,-0.03436433,0.1063285,0.9771925,-0.1198783,0.1752822,1,1,1,-0.02509942,-0.4995987,-0.2246771,-2.350808,0.0001132489,-0.03419818,0.1838945,0.8569779,-0.107617,-0.5039917,1,1,0,-0.0352441,0.001144239,0.2252637,-0.8740073,0.04807168,-0.006221982,0.2247323,0.7946903,0.5893821,0.1452449,1,0.5,1,0,0.5,-0.225496,0,0,0,0.6620615,0.5259463,0.7968597,-0.297313,0,0,0,0,0.5,0.225496,0,0,0,0.6145172,0.5483826,0.830853,0.09465623,0,0,1
914,-0.05841576,0.003316431,-0.2254657,-0.9567903,0.09116711,-0.0002890826,0.2578259,0.686479,0.5665106,-0.4558642,1,0.5,0,-0.108644,-0.4938831,0.2254683,-2.24444,0.1714662,-0.01665056,-0.01354873,0.966188,-0.1395477,0.2168117,1,1,1,-0.1182139,-0.4930222,-0.2253803,-2.314992,0.2207548,-0.01255945,0.07946396,0.7945852,-0.1156624,-0.596034,1,1,0,-0.06714791,0.004461184,0.2254434,-0.7728232,0.09823023,0.006249549,0.1767915,0.755771,0.6360321,0.1557989,1,0.5,1,0,0.5,-0.225496,0,0,0,0.6452844,0.5052434,0.8085328,-0.3016683,0,0,0,0,0.5,0.225496,0,0,0,0.5970134,0.5274752,0.8441101,0.09616656,0,0,1
915,-0.07700066,0.005923002,-0.2254824,0,0,0,0.235705,0.6594015,0.5870872,-0.4695937,1,0.5,0,-0.1529201,-0.4882383,0.2253046,0,0,0,-0.07290292,0.9581091,-0.145724,0.2465591,1,1,1,-0.1637323,-0.4865414,-0.2255569,0,0,0,0.03084093,0.7504948,-0.114048,-0.6509612,1,1,0,-0.08182494,0.006694894,0.2254768,0,0,0,0.1550107,0.7332716,0.6605921,0.1610307,1,0.5,1,0,0.5,-0.225496,0,0,0,0.6370263,0.4943823,0.8144051,-0.3038593,0,0,0,0,0.5,0.225496,0,0,0,0.588389,0.516475,0.8507987,0.09692857,0,0,1
916,-0.1282413,0.01666084,-0.2254252,-0.8157923,0.1981712,0.004542621,0.1900092,0.5812321,0.6415289,-0.5006096,1,0.5,0,-0.2790023,-0.4597055,0.2258258,-2.030133,0.5660343,0.01201556,-0.2261707,0.9140529,-0.1230894,0.3864664,1,1,1,-0.2928766,-0.4555123,-0.2248607,-2.076133,0.602861,0.02152474,-0.08084089,0.5640345,-0.07040838,-0.8227441,1,1,0,-0.1212494,0.01468585,0.2254734,-0.6206545,0.134871,0.001765043,0.1097797,0.6691718,0.7226968,0.1729696,1,0.5,1,0,0.5,-0.225496,0,0,0,0.6211594,0.4720977,0.8259307,-0.3081596,0,0,0,0,0.5,0.225496,0,0,0,0.5718024,0.493838,0.8639652,0.09842859,0,0,1
917,-0.1598707,0.02526086,-0.2251842,-0.8009266,0.2270278,-0.02829583,0.1604115,0.5098065,0.6833026,-0.5226806,1,0.5,0,-0.2709392,-0.4628738,0.2213636,0.9086195,-0.3359602,-0.3389546,-0.2499285,0.9021963,-0.1474531,0.4053385,1,1,1,-0.3690587,-0.4289229,-0.217668,-1.834319,0.6694751,0.1415745,-0.1390527,0.3532207,-0.00809792,-0.935505,1,1,0,-0.1409324,0.01984124,0.2254361,-0.4214646,0.05816689,-0.04350396,0.07996297,0.6131778,0.7687408,0.1817979,1,0.5,1,0,0.5,-0.225496,0,0,0,0.6060778,0.4489312,0.8371925,-0.3123614,0,0,0,0,0.5,0.225496,0,0,0,0.5560161,0.4702133,0.8768806,0.09989999,0,0,1
918,-0.2053852,0.04295307,-0.2214329,-1.26478,0.5334311,0.1622208,0.1346474,0.4056689,0.738919,-0.5379882,1,0.5,0,-0.2322375,-0.4726851,0.2046354,0.9533647,-0.2249212,-0.4108036,-0.2499579,0.9222624,-0.1867091,0.3384845,1,1,1,-0.4101085,-0.4129672,-0.2061432,-0.6608414,0.2625079,0.2630242,-0.1693642,0.159491,0.03941737,-0.9864121,1,1,0,-0.1328085,0.01712964,0.2232055,0.4953953,-0.1290137,-0.07430616,0.06208301,0.5871613,0.7883704,0.1836126,1,0.5,1,0,0.5,-0.225496,0,0,0,0.5913597,0.4240966,0.8484828,-0.3165739,0,0,0,0,0.5,0.225496,0,0,0,0.5405903,0.4447879,0.8898795,0.1013809,0,0,1
919,-0.2242916,0.05179304,-0.2194438,-0.04171656,0.01416244,-0.04548879,0.1211552,0.3312081,0.7692007,-0.5464717,1,0.5,0,-0.1945724,-0.4800963,0.1844414,0.889698,-0.1609013,-0.4196742,-0.2499676,0.9416813,-0.2163571,0.2577323,1,1,1,-0.397997,-0.4171706,-0.2133096,0.5612301,-0.2208338,-0.2527491,-0.1650389,0.09561189,0.02635935,-0.9950696,1,1,0,-0.1205351,0.01327284,0.2181544,-0.07329139,-0.02666033,-0.0396602,0.04623973,0.5665793,0.8041759,0.179691,1,0.5,1,0,0.5,-0.225496,0,0,0,0.5778513,0.3989634,0.8591167,-0.3205414,0,0,0,0,0.5,0.225496,0,0,0,0.5264138,0.418957,0.9021702,0.1027812,0,0,1
920,-0.2070144,0.04328107,-0.2229547,0.4427837,-0.2074323,-0.06032067,0.1116347,0.3113064,0.7672571,-0.5607182,1,0.5,0,-0.1640122,-0.4792724,0.1921417,0.7441732,0.06530734,0.315571,-0.2499567,0.9334702,-0.2130528,0.2885166,1,1,1,-0.3376844,-0.4395165,-0.222481,1.857156,-0.6328213,-0.2686077,-0.1520858,0.1716968,-0.03885023,-0.9843835,1,1,0,-0.1431937,0.01957846,0.2230883,-0.4863294,0.1602487,0.1084365,0.02325755,0.4858535,0.8515471,0.1970125,1,0.5,1,0,0.5,-0.225496,0,0,0,0.5652635,0.3730722,0.8692685,-0.3243291,0,0,0,0,0.5,0.225496,0,0,0,0.5131872,0.3922476,0.9139476,0.1041229,0,0,1
921,-0.1881377,0.03626244,-0.2246829,0.5075099,-0.1864147,-0.0386052,0.1029795,0.2924273,0.7666304,-0.5716329,1,0.5,0,-0.1349811,-0.4778191,0.2047329,0.7334198,0.01503379,0.3026792,-0.2499442,0.9177322,-0.2072302,0.3388558,1,1,1,-0.2346086,-0.4616153,-0.2348486,2.731375,-0.4945146,-0.2682858,-0.1204625,0.3421447,-0.09383874,-0.9349499,1,1,0,-0.1469471,0.02161878,0.2243039,-6.034973E-05,0.0164643,0.02295823,0.008484066,0.4277779,0.8803005,0.2051271,1,0.5,1,0,0.5,-0.225496,0,0,0,0.5534128,0.3459853,0.8790476,-0.3279778,0,0,0,0,0.5,0.225496,0,0,0,0.5007199,0.3642031,0.9253339,0.1054201,0,0,1
922,-0.1600092,0.02624998,-0.2253958,0.7826987,-0.2763781,-0.016661,0.09448731,0.2893389,0.7607395,-0.5809976,1,0.5,0,-0.1065021,-0.4790618,0.2162701,0.7027361,-0.04572274,0.2644525,-0.2491201,0.8988981,-0.2115027,0.3837299,1,1,1,-0.1206084,-0.472193,-0.2344881,2.856824,-0.2007217,0.08782003,-0.08468148,0.509029,-0.1112231,-0.8535331,1,1,0,-0.1393306,0.0198309,0.2251262,0.2445788,-0.06413257,0.01740084,-0.003064394,0.3877504,0.8971604,0.2115489,1,0.5,1,0,0.5,-0.225496,0,0,0,0.5426309,0.3184421,0.8881379,-0.3313694,0,0,0,0,0.5,0.225496,0,0,0,0.489364,0.3355869,0.9359549,0.1066301,0,0,1
923,-0.1193591,0.01390365,-0.2256028,1.10745,-0.317141,-0.01143143,0.08786523,0.307273,0.748307,-0.5878945,1,0.5,0,-0.07833031,-0.4834362,0.2239466,0.7140375,-0.1183987,0.155329,-0.2485269,0.8814617,-0.2283991,0.413351,1,1,1,-0.00891015,-0.4737413,-0.221671,2.753409,-0.006170573,0.3759073,-0.04861516,0.644869,-0.1057662,-0.7569396,1,1,0,-0.1223669,0.01465143,0.22543,0.4723569,-0.1404437,-0.005080553,-0.01333725,0.3649907,0.9054554,0.2166387,1,0.5,1,0,0.5,-0.225496,0,0,0,0.5328795,0.2904446,0.8965228,-0.3344979,0,0,0,0,0.5,0.225496,0,0,0,0.4790822,0.3064035,0.9457837,0.1077499,0,0,1
924,-0.0607035,0.002813971,-0.2248195,1.598734,-0.2500344,0.03828557,0.08804822,0.3527088,0.7292156,-0.5863796,1,0.5,0,-0.04094962,-0.4870148,0.2322176,1.039917,-0.06030055,0.2596402,-0.2393874,0.8716527,-0.2341207,0.4305916,1,1,1,0.08770437,-0.4741083,-0.1998851,2.266728,-0.03640057,0.5895416,-0.01911849,0.7399278,-0.100042,-0.6652055,1,1,0,-0.1013704,0.009357937,0.224405,0.528474,-0.1237115,-0.03114791,-0.02225518,0.3490207,0.9112771,0.2185371,1,0.5,1,0,0.5,-0.225496,0,0,0,0.5240743,0.2618104,0.9042313,-0.3373739,0,0,0,0,0.5,0.225496,0,0,0,0.4697887,0.2764657,0.9548472,0.1087825,0,0,1
925,0.01216934,-0.0005831432,-0.2207478,1.821081,-0.01133797,0.1091116,0.09861624,0.413442,0.7106671,-0.5692258,1,0.5,0,0.01202969,-0.4860577,0.2441928,1.400058,0.03628583,0.2458201,-0.2167783,0.8733563,-0.212052,0.4385005,1,1,1,0.1616168,-0.4762772,-0.1811872,1.737414,-0.0293702,0.3613637,0.0008026958,0.7926087,-0.1003933,-0.6014088,1,1,0,-0.07651365,0.005657219,0.2215732,0.683413,-0.09065674,-0.08169118,-0.02897376,0.3371577,0.9164186,0.2156423,1,0.5,1,0,0.5,-0.225496,0,0,0,0.5159826,0.2316218,0.9114329,-0.3400609,0,0,0,0,0.5,0.225496,0,0,0,0.4612402,0.2448127,0.9633389,0.1097499,0,0,1
926,0.05713817,0.002549547,-0.2213138,0.8392864,0.09202071,-0.07686245,0.1062779,0.4282845,0.7068533,-0.562966,1,0.5,0,0.07531652,-0.4888717,0.236391,1.639851,-0.1070023,-0.3494681,-0.1922768,0.9028823,-0.2043126,0.3782327,1,1,1,0.2233841,-0.4680105,-0.1891291,1.486121,0.2824665,-0.3861913,0.02794039,0.80673,-0.07957429,-0.5855378,1,1,0,-0.0274882,0.0002729938,0.2218537,1.439101,-0.1300364,0.04994275,-0.02806842,0.3708866,0.9032516,0.2158231,1,0.5,1,0,0.5,-0.225496,0,0,0,0.5088897,0.2007368,0.9178407,-0.3424517,0,0,0,0,0.5,0.225496,0,0,0,0.4537401,0.2123443,0.9709144,0.1106129,0,0,1
927,0.0790945,0.005496171,-0.2252221,0.5587155,0.08099271,-0.06849247,0.1063498,0.4116193,0.7116292,-0.5693448,1,0.5,0,0.1473569,-0.4886573,0.2221487,1.864449,0.08326176,-0.2654032,-0.1603127,0.9357068,-0.1844559,0.3007139,1,1,1,0.2697321,-0.4566663,-0.2108511,1.018247,0.2390371,-0.5165743,0.0515424,0.7981669,-0.05560102,-0.5998652,1,1,0,0.04442475,0.0008145565,0.2244626,1.844922,0.08728968,0.05834775,-0.01084584,0.4393616,0.8725563,0.2135576,1,0.5,1,0,0.5,-0.225496,0,0,0,0.5029509,0.1699892,0.9232755,-0.3444795,0,0,0,0,0.5,0.225496,0,0,0,0.4474558,0.1799459,0.9773543,0.1113466,0,0,1
928,0.1116239,0.01209514,-0.2255422,0.8870542,0.1968689,0.004565718,0.1111173,0.4078989,0.7168757,-0.5654269,1,0.5,0,0.2318448,-0.4730312,0.2238269,2.18315,0.465359,0.09618927,-0.1133237,0.9555668,-0.1216294,0.2685113,1,1,1,0.2920246,-0.4542187,-0.2228423,0.4272314,0.0112623,-0.2350689,0.05041575,0.7806368,-0.0512679,-0.6228787,1,1,0,0.1083352,0.01155521,0.2254874,1.492093,0.296754,0.01828299,0.01292396,0.4795748,0.8530605,0.2056589,1,0.5,1,0,0.5,-0.225496,0,0,0,0.4978933,0.1379408,0.9279549,-0.3462254,0,0,0,0,0.5,0.225496,0,0,0,0.4421003,0.1461099,0.9829102,0.1119796,0,0,1
929,0.1475227,0.02236273,-0.225441,0.8747573,0.271194,0.006225707,0.1199005,0.4078397,0.7232817,-0.5572523,1,0.5,0,0.3177436,-0.4481712,0.2253931,2.112954,0.6606298,0.02544821,-0.06346491,0.969088,-0.05078904,0.241431,1,1,1,0.3013628,-0.4534155,-0.2253592,0.1896814,0.03366025,0.007002058,0.0342257,0.7612141,-0.05131817,-0.6464669,1,1,0,0.1615935,0.02689384,0.2253852,1.294012,0.4060284,0.0009045008,0.0361433,0.4977977,0.8447253,0.1965617,1,0.5,1,0,0.5,-0.225496,0,0,0,0.4939472,0.1059386,0.931639,-0.3476,0,0,0,0,0.5,0.225496,0,0,0,0.4379195,0.1122669,0.9872916,0.1124787,0,0,1
930,0.1787491,0.03239878,-0.2250271,0.7380071,0.2456679,0.01481399,0.1266506,0.4021817,0.7315062,-0.5505894,1,0.5,0,0.3958475,-0.4185121,0.2232272,1.886237,0.7627699,-0.06038996,-0.01959294,0.9765173,0.01558662,0.2148744,1,1,1,0.3061386,-0.4511047,-0.2175979,0.1073018,0.07295612,0.2673173,0.008487701,0.7461674,-0.04937131,-0.6639253,1,1,0,0.2081165,0.044866,0.224972,1.117871,0.4629183,-0.00261441,0.05849522,0.5038446,0.8430976,0.187955,1,0.5,1,0,0.5,-0.225496,0,0,0,0.4910667,0.07393882,0.9343468,-0.3486103,0,0,0,0,0.5,0.225496,0,0,0,0.4348664,0.07838371,0.9905159,0.1128461,0,0,1
931,0.1970258,0.03948657,-0.2237036,0.345263,0.1460871,0.04486369,0.1257594,0.3807434,0.7438747,-0.5492584,1,0.5,0,0.4557939,-0.389594,0.2213356,1.337366,0.6903949,-0.004694613,0.008551896,0.9773278,0.07158766,0.199263,1,1,1,0.3170817,-0.44558,-0.2042184,0.3689633,0.1598031,0.347525,-0.01638156,0.7408934,-0.04048654,-0.6704013,1,1,0,0.2515159,0.06683945,0.2233371,1.080382,0.5792525,-0.05179795,0.08246738,0.5025927,0.8461237,0.1774127,1,0.5,1,0,0.5,-0.225496,0,0,0,0.4892135,0.04167753,0.9360973,-0.3492633,0,0,0,0,0.5,0.225496,0,0,0,0.4329014,0.04419328,0.9926022,0.1130838,0,0,1
932,0.208724,0.04473232,-0.2214821,0.3485323,0.1582262,0.03905298,0.1212734,0.351842,0.7576895,-0.5496487,1,0.5,0,0.4908718,-0.3677864,0.226328,0.7410261,0.484419,0.1290851,0.01520175,0.9719257,0.1129918,0.2063814,1,1,1,0.3429015,-0.4363499,-0.1941931,0.711042,0.2608673,0.1727582,-0.02748612,0.7465761,-0.02190384,-0.6649394,1,1,0,0.2826572,0.08679221,0.2216548,0.6277415,0.4339343,-0.03179015,0.09904879,0.488313,0.8560108,0.1696937,1,0.5,1,0,0.5,-0.225496,0,0,0,0.4884031,0.009981814,0.9368647,-0.3495497,0,0,0,0,0.5,0.225496,0,0,0,0.4320422,0.01058542,0.9935172,0.113188,0,0,1
933,0.2330693,0.05672773,-0.2229578,0.6589296,0.3333989,-0.05388113,0.1285902,0.3355153,0.767953,-0.5455984,1,0.5,0,0.5065714,-0.3588205,0.2273841,0.2773226,0.1373336,-0.001342595,0.0006908178,0.9674706,0.1341736,0.2144719,1,1,1,0.3763593,-0.4218445,-0.1998874,0.8832682,0.3875272,-0.2352745,-0.02271929,0.7421033,0.008706714,-0.670229,1,1,0,0.2900655,0.09189251,0.2231375,0.06302597,0.04004614,0.05013423,0.09213108,0.4524299,0.8746247,0.1741801,1,0.5,1,0,0.5,-0.225496,0,0,0,0.4886025,-0.02242327,0.9366757,-0.3494792,0,0,0,0,0.5,0.225496,0,0,0,0.4322536,-0.02377862,0.993292,0.1131623,0,0,1
934,0.2541882,0.0687665,-0.2249647,0.4649447,0.265598,-0.03997312,0.1355521,0.3152055,0.778483,-0.5427796,1,0.5,0,0.5046108,-0.3606863,0.2267433,-0.1472712,-0.09681437,-0.01051203,-0.03219926,0.9635559,0.1396187,0.2281811,1,1,1,0.4169052,-0.4038485,-0.2135888,1.05071,0.4567059,-0.344737,-0.006466895,0.7356072,0.04488345,-0.6759198,1,1,0,0.2843349,0.08811358,0.2246605,-0.1952321,-0.1309593,0.02764167,0.07304966,0.4021924,0.8971537,0.1826378,1,0.5,1,0,0.5,-0.225496,0,0,0,0.4898203,-0.05441257,0.9355233,-0.3490492,0,0,0,0,0.5,0.225496,0,0,0,0.4335449,-0.05769264,0.991918,0.1130058,0,0,1
935,0.2641759,0.07531136,-0.2256069,0.1835585,0.1226165,-0.02166406,0.1346544,0.2819903,0.7898966,-0.5445592,1,0.5,0,0.4911191,-0.3693466,0.2256688,-0.3894882,-0.2461509,-0.05680623,-0.07675287,0.9590369,0.1338541,0.2496623,1,1,1,0.4588403,-0.3853264,-0.223887,1.030718,0.4560517,-0.2410308,0.009423792,0.7334381,0.07984233,-0.6750509,1,1,0,0.2703069,0.079261,0.2254151,-0.3995256,-0.2460071,0.004554542,0.04832661,0.3375678,0.9214599,0.1922488,1,0.5,1,0,0.5,-0.225496,0,0,0,0.4920202,-0.08589488,0.9334487,-0.3482752,0,0,0,0,0.5,0.225496,0,0,0,0.4358771,-0.0910477,0.9894461,0.1127242,0,0,1
936,0.265568,0.07629227,-0.2253614,-0.008657578,-0.009532277,0.01067967,0.1271545,0.2351595,0.8009067,-0.5506799,1,0.5,0,0.4708343,-0.3819163,0.223133,-0.5498903,-0.3255473,-0.05874263,-0.1298505,0.9529868,0.119097,0.2786253,1,1,1,0.4953253,-0.3677763,-0.2269408,0.8689213,0.428425,-0.01554192,0.01581675,0.7313424,0.1128768,-0.6726048,1,1,0,0.2474314,0.06548153,0.2251276,-0.635721,-0.3642225,-0.01211539,0.01897591,0.2492306,0.9470219,0.2025674,1,0.5,1,0,0.5,-0.225496,0,0,0,0.4953833,-0.1186344,0.9302949,-0.3470984,0,0,0,0,0.5,0.225496,0,0,0,0.4394413,-0.1256988,0.9856923,0.1122965,0,0,1
937,0.2588774,0.07218071,-0.2245153,-0.2221183,-0.1348269,0.02534763,0.1152673,0.1756462,0.809698,-0.5599441,1,0.5,0,0.4438664,-0.3963271,0.2214258,-0.7110107,-0.3709228,-0.03305377,-0.1884702,0.9407071,0.09524886,0.3255732,1,1,1,0.5235035,-0.3521203,-0.2203355,0.6431165,0.3713877,0.2265022,0.01008666,0.7306513,0.1448376,-0.6672112,1,1,0,0.2177371,0.04966246,0.2241963,-0.7657866,-0.3989372,-0.02598838,-0.008480787,0.1361678,0.9677393,0.2119882,1,0.5,1,0,0.5,-0.225496,0,0,0,0.4997932,-0.1508392,0.9261915,-0.3455675,0,0,0,0,0.5,0.225496,0,0,0,0.4441125,-0.1597352,0.9808153,0.1117409,0,0,1
938,0.2423983,0.06169119,-0.2235072,-0.4753807,-0.2976134,0.02378599,0.09932244,0.09653851,0.8137376,-0.5731593,1,0.5,0,0.4141552,-0.4099359,0.2216001,-0.7326278,-0.3236831,0.03510343,-0.2483982,0.9126108,0.06384733,0.4038129,1,1,1,0.538276,-0.3411644,-0.2065245,0.2565057,0.2281354,0.3769206,-0.01118097,0.7236531,0.1735522,-0.6679865,1,1,0,0.1858908,0.03501348,0.223274,-0.7963236,-0.3576654,-0.01590029,-0.02755871,0.002858035,0.9758111,0.2185965,1,0.5,1,0,0.5,-0.225496,0,0,0,0.5054346,-0.1835431,0.9209948,-0.3436285,0,0,0,0,0.5,0.225496,0,0,0,0.4500846,-0.194236,0.9746501,0.1110385,0,0,1
939,0.2137444,0.04754666,-0.2233782,-0.8068349,-0.396843,0.01047701,0.08495063,-0.005964483,0.8095498,-0.5870209,1,0.5,0,0.4373451,-0.3893786,0.2362965,0.6247031,0.5812021,0.3760831,-0.2483748,0.8747609,0.1455395,0.4621814,1,1,1,0.5349376,-0.3351649,-0.2007186,-0.1827002,0.1144484,0.1157284,-0.03951389,0.6899323,0.1972591,-0.6964784,1,1,0,0.1581821,0.0253962,0.2237871,-0.6238933,-0.206881,0.04180522,-0.03307676,-0.1264687,0.966746,0.2222786,1,0.5,1,0,0.5,-0.225496,0,0,0,0.5119456,-0.2146689,0.9150689,-0.3414176,0,0,0,0,0.5,0.225496,0,0,0,0.4569722,-0.2270006,0.9676352,0.1102394,0,0,1
940,0.1758144,0.03177005,-0.2242901,-0.9734806,-0.3737045,-0.0330642,0.07757592,-0.128459,0.7925712,-0.5960949,1,0.5,0,0.458497,-0.3625653,0.2425972,0.5254568,0.7108006,0.09009991,-0.2499576,0.8338097,0.2536958,0.4903058,1,1,1,0.517573,-0.3326941,-0.2035549,-0.5076708,0.04235955,-0.1323209,-0.06990215,0.6220998,0.2169411,-0.7522821,1,1,0,0.1351071,0.01831727,0.2248076,-0.5685235,-0.1668202,0.02152027,-0.02925059,-0.2440835,0.9438509,0.22264,1,0.5,1,0,0.5,-0.225496,0,0,0,0.5194843,-0.2452311,0.9083024,-0.3388929,0,0,0,0,0.5,0.225496,0,0,0,0.4649404,-0.2590929,0.9596447,0.109329,0,0,1
941,0.1384118,0.01945514,-0.2250489,-0.9115044,-0.2847664,-0.01609997,0.08164549,-0.2480892,0.7658533,-0.5932288,1,0.5,0,0.47923,-0.3284785,0.2398779,0.4918726,0.8823264,-0.1206398,-0.2499988,0.7860693,0.3900844,0.4795092,1,1,1,0.4903091,-0.3353736,-0.2109172,-0.736286,-0.1089409,-0.1858392,-0.09898138,0.517675,0.2259904,-0.8251915,1,1,0,0.1144575,0.01321396,0.2252472,-0.5017272,-0.1189192,0.01119972,-0.01802969,-0.3490967,0.9112884,0.2183687,1,0.5,1,0,0.5,-0.225496,0,0,0,0.527993,-0.2750133,0.9007844,-0.3360879,0,0,0,0,0.5,0.225496,0,0,0,0.4739258,-0.2902806,0.9507911,0.1083204,0,0,1
942,0.1055124,0.01055816,-0.225308,-0.793353,-0.2019808,-0.0001296402,0.0950644,-0.3536265,0.7336318,-0.5802867,1,0.5,0,0.4961864,-0.2918873,0.2296889,0.4000442,0.9220663,-0.2973312,-0.2499889,0.7209416,0.536427,0.4387361,1,1,1,0.4566546,-0.34531,-0.2165648,-0.8663867,-0.2813415,-0.1155138,-0.1263873,0.3766244,0.2159723,-0.9008386,1,1,0,0.0967221,0.009048015,0.2256839,-0.4111485,-0.08756866,0.01266376,-0.001508623,-0.4397686,0.8727292,0.2120074,1,0.5,1,0,0.5,-0.225496,0,0,0,0.537624,-0.304487,0.8924235,-0.3329684,0,0,0,0,0.5,0.225496,0,0,0,0.484086,-0.3210522,0.9409747,0.107202,0,0,1
943,0.077544,0.004639286,-0.2248777,-0.6617661,-0.1357802,0.01730026,0.1145156,-0.4403897,0.7007785,-0.5612188,1,0.5,0,0.5099905,-0.2591756,0.2121556,0.3490002,0.782268,-0.4709626,-0.2499824,0.647235,0.6672506,0.3685964,1,1,1,0.4289833,-0.3512753,-0.2223094,-0.5737411,-0.04935266,-0.1708128,-0.1404305,0.2247491,0.207817,-0.9519979,1,1,0,0.08653499,0.006627049,0.2260862,-0.1760186,-0.04030433,0.009972606,0.01659805,-0.5064583,0.8374539,0.2053555,1,0.5,1,0,0.5,-0.225496,0,0,0,0.5478865,-0.3322596,0.8836835,-0.3297075,0,0,0,0,0.5,0.225496,0,0,0,0.494901,-0.3499548,0.9307459,0.1060367,0,0,1
944,0.05871551,0.002214398,-0.2245544,-0.3967331,-0.03793284,0.005777928,0.1366518,-0.5046874,0.6726037,-0.5411975,1,0.5,0,0.5254492,-0.2357511,0.1919522,0.401956,0.5220467,-0.4957358,-0.2499605,0.5816021,0.7608754,0.2877633,1,1,1,0.4309089,-0.3315249,-0.2388523,0.2588541,0.688495,-0.5014787,-0.1254475,0.1358508,0.2522345,-0.9580827,1,1,0,0.08963153,0.007172676,0.2254372,0.1624063,0.03307379,-0.03090279,0.03205669,-0.5457955,0.8141476,0.1981691,1,0.5,1,0,0.5,-0.225496,0,0,0,0.558897,-0.3588882,0.8744949,-0.3262791,0,0,0,0,0.5,0.225496,0,0,0,0.5064914,-0.3775747,0.9200277,0.1048156,0,0,1
945,0.05111213,0.002193114,-0.2239322,-0.1228305,0.003634627,0.01413152,0.1580065,-0.5507547,0.6507429,-0.5226881,1,0.5,0,0.5439898,-0.2197573,0.1744836,0.4748346,0.3690051,-0.415452,-0.2499423,0.5217893,0.8247803,0.2178841,1,1,1,0.4550515,-0.2899565,-0.2622054,0.6570744,1.103166,-0.5805405,-0.0921835,0.1018575,0.3335899,-0.9371995,1,1,0,0.102774,0.01019412,0.2241237,0.3657637,0.08193323,-0.03877582,0.04558718,-0.5695484,0.7994948,0.190847,1,0.5,1,0,0.5,-0.225496,0,0,0,0.5713711,-0.3859656,0.8643131,-0.3224802,0,0,0,0,0.5,0.225496,0,0,0,0.5196067,-0.4055606,0.9081933,0.1034673,0,0,1
946,0.0519668,0.002621886,-0.2231319,0.06831068,0.0116218,0.02291725,0.1755549,-0.582627,0.6344738,-0.507926,1,0.5,0,0.5616521,-0.2085697,0.1621555,0.425172,0.264112,-0.2610073,-0.2499408,0.464245,0.8695152,0.1685822,1,1,1,0.480746,-0.2484908,-0.2797098,0.6240042,0.9832334,-0.370139,-0.06123433,0.08018559,0.404565,-0.9109871,1,1,0,0.1180758,0.01406263,0.222914,0.3764981,0.09658955,-0.02339483,0.05811691,-0.5867723,0.7884775,0.1843951,1,0.5,1,0,0.5,-0.225496,0,0,0,0.5841449,-0.4109813,0.8541293,-0.3186806,0,0,0,0,0.5,0.225496,0,0,0,0.5330209,-0.4313207,0.8964001,0.1021238,0,0,1
947,0.05989343,0.003583432,-0.2228822,0.3963318,0.04807731,0.01248718,0.1811051,-0.5905641,0.6307154,-0.5034204,1,0.5,0,0.5739832,-0.2040052,0.1594272,0.6165566,0.2282263,-0.136415,-0.2483108,0.4444114,0.8820199,0.1566505,1,1,1,0.5034857,-0.2185374,-0.285736,1.136984,1.497671,-0.3013076,-0.0424273,0.09038132,0.4533982,-0.8867137,1,1,0,0.12987,0.01705426,0.2225335,0.5897129,0.1495817,-0.01902805,0.06321102,-0.589938,0.7866576,0.1820516,1,0.5,1,0,0.5,-0.225496,0,0,0,0.5910579,-0.4235611,0.8487176,-0.3166615,0,0,0,0,0.5,0.225496,0,0,0,0.5402737,-0.4442385,0.8901504,0.1014118,0,0,1
948,0.07462639,0.005505532,-0.2234421,0.4038358,0.05522368,-0.01533703,0.1929619,-0.6054868,0.6226973,-0.4956146,1,0.5,0,0.5842354,-0.1974546,0.1667419,0.2540619,0.1848616,0.242281,-0.2499537,0.3600523,0.9140123,0.186933,1,1,1,0.5256165,-0.2028285,-0.2804187,0.5502822,0.3032455,0.1996145,-0.04051411,0.06836078,0.4856983,-0.8714494,1,1,0,0.1372486,0.01920526,0.2229841,0.1626902,0.05306362,0.01668111,0.07985497,-0.6155971,0.7677873,0.1776032,1,0.5,1,0,0.5,-0.225496,0,0,0,0.6050261,-0.4472344,0.8379892,-0.3126587,0,0,0,0,0.5,0.225496,0,0,0,0.5549145,-0.4684794,0.8777963,0.1000043,0,0,1
949,0.0940486,0.008984313,-0.2242533,0.5115128,0.09808705,-0.0264004,0.2049211,-0.6170366,0.6170681,-0.4883572,1,0.5,0,0.591803,-0.1921106,0.1820741,0.1637191,0.1146734,0.4169436,-0.2499994,0.2511684,0.9355553,0.2482957,1,1,1,0.5458478,-0.201034,-0.2663961,0.4916223,-0.04307183,0.3886001,-0.05256832,0.03763046,0.502794,-0.8635868,1,1,0,0.1410687,0.02016218,0.2241355,0.07603544,0.01312169,0.01980142,0.1003365,-0.6462076,0.7431868,0.1734619,1,0.5,1,0,0.5,-0.225496,0,0,0,0.6210245,-0.4718993,0.8260301,-0.3081967,0,0,0,0,0.5,0.225496,0,0,0,0.5716612,-0.4936361,0.8640791,0.09844156,0,0,1
950,0.1165795,0.01364116,-0.2250227,0.5788373,0.1283059,-0.01382307,0.2145262,-0.6231012,0.6152904,-0.4828692,1,0.5,0,0.5949933,-0.1920137,0.2015731,0.0546694,-0.02991335,0.4997248,-0.2499891,0.1327607,0.9359044,0.3262782,1,1,1,0.561828,-0.2125944,-0.2476963,0.3656895,-0.3699021,0.4897306,-0.07486176,6.196868E-05,0.5019675,-0.8648865,1,1,0,0.1431916,0.02096377,0.2251166,0.04663916,0.01964784,0.02461822,0.1213377,-0.673724,0.7193573,0.1691778,1,0.5,1,0,0.5,-0.225496,0,0,0,0.6368661,-0.494167,0.8145198,-0.3039021,0,0,0,0,0.5,0.225496,0,0,0,0.5882217,-0.5162566,0.8509296,0.09694348,0,0,1
951,0.1417682,0.02036815,-0.2254703,0.6502586,0.1754472,-0.006891045,0.2238564,-0.626066,0.6166529,-0.4772636,1,0.5,0,0.594027,-0.1977908,0.2222039,-0.05697312,-0.187263,0.5128043,-0.2499481,-0.003691384,0.9126475,0.4087307,1,1,1,0.5711319,-0.2360412,-0.2266037,0.1864196,-0.65306,0.535501,-0.1040381,-0.0601526,0.4797401,-0.8753462,1,1,0,0.1445034,0.02114982,0.2255479,0.0265427,0.008087887,0.007974359,0.1434171,-0.7000851,0.694961,0.1640427,1,0.5,1,0,0.5,-0.225496,0,0,0,0.653607,-0.5157303,0.8026997,-0.2994919,0,0,0,0,0.5,0.225496,0,0,0,0.6056993,-0.5380759,0.8374791,0.09541111,0,0,1
952,0.1695822,0.02905105,-0.225098,0.710732,0.2398973,0.009339307,0.2315525,-0.6249321,0.6220347,-0.4717338,1,0.5,0,0.5872159,-0.2115566,0.2423752,-0.2174051,-0.3999637,0.4937293,-0.2499503,-0.1581164,0.8576033,0.4894035,1,1,1,0.5726,-0.2663436,-0.2052085,-0.005397203,-0.7721546,0.5203063,-0.1336897,-0.1478332,0.4358501,-0.887795,1,1,0,0.1449029,0.02105108,0.225195,-0.005729499,-0.006733744,-0.01649857,0.1656576,-0.7238706,0.6715931,0.1580317,1,0.5,1,0,0.5,-0.225496,0,0,0,0.6703259,-0.5355371,0.7912326,-0.2952135,0,0,0,0,0.5,0.225496,0,0,0,0.6231316,-0.5580404,0.8244804,0.09393021,0,0,1
953,0.1959367,0.03902525,-0.2236325,0.6290744,0.2529909,0.02975241,0.2409384,-0.6253042,0.6276166,-0.4637802,1,0.5,0,0.5706351,-0.2379034,0.2588718,-0.4955711,-0.7565799,0.362602,-0.2499639,-0.3544025,0.7522779,0.5554069,1,1,1,0.5695097,-0.2917539,-0.1890005,-0.08330348,-0.5648228,0.3346355,-0.1513506,-0.2573898,0.3850461,-0.8862787,1,1,0,0.144045,0.02055674,0.2241267,-0.03848971,-0.01537456,-0.0411451,0.1897027,-0.7469935,0.6474626,0.1509733,1,0.5,1,0,0.5,-0.225496,0,0,0,0.6880455,-0.5549018,0.7794314,-0.2908104,0,0,0,0,0.5,0.225496,0,0,0,0.641584,-0.5774857,0.8111536,0.09241194,0,0,1
954,0.2107754,0.04595418,-0.2225218,0.2671638,0.1436793,0.01419113,0.2561775,-0.6366183,0.6241314,-0.4529648,1,0.5,0,0.540131,-0.2839926,0.2618093,-0.8519802,-1.277887,-0.04987122,-0.2482215,-0.6038678,0.5640171,0.5632304,1,1,1,0.565379,-0.3051016,-0.1880146,-0.1167924,-0.2781199,-0.08953217,-0.1456473,-0.3578155,0.341181,-0.8692316,1,1,0,0.1462799,0.02158997,0.2233805,0.1055025,0.04578775,-0.006875399,0.2134581,-0.7651355,0.6273529,0.1449005,1,0.5,1,0,0.5,-0.225496,0,0,0,0.7066257,-0.5736426,0.7674294,-0.2863324,0,0,0,0,0.5,0.225496,0,0,0,0.660908,-0.5962332,0.7976515,0.0908737,0,0,1
955,0.2107005,0.0462528,-0.2236353,-0.08495081,-0.04408138,-0.03666283,0.278046,-0.6606938,0.6069729,-0.4416645,1,0.5,0,0.4975074,-0.3409853,0.2466183,-1.136551,-1.446373,-0.4705252,-0.2263228,-0.8303332,0.3106387,0.4626558,1,1,1,0.5542496,-0.3161328,-0.2000605,-0.3372521,-0.3001095,-0.343577,-0.1210803,-0.4499662,0.2899484,-0.8446658,1,1,0,0.1584126,0.02560049,0.2239086,0.3773087,0.1201788,0.02934189,0.2317641,-0.7739353,0.6171394,0.1419973,1,0.5,1,0,0.5,-0.225496,0,0,0,0.7256048,-0.5913413,0.7555454,-0.2818984,0,0,0,0,0.5,0.225496,0,0,0,0.6806222,-0.6138718,0.7843322,0.08935627,0,0,1
956,0.2015713,0.04159196,-0.2255859,-0.2503649,-0.144364,-0.0419438,0.3040677,-0.6907198,0.5815331,-0.429797,1,0.5,0,0.4409359,-0.3942026,0.2240355,-1.504089,-1.251945,-0.5413274,-0.165779,-0.9455447,0.09513895,0.3112775,1,1,1,0.5324126,-0.3330777,-0.2134302,-0.6289514,-0.4850941,-0.2889128,-0.08741021,-0.5442312,0.2252172,-0.8081396,1,1,0,0.1802466,0.03250669,0.2249403,0.5908037,0.1885907,0.02282784,0.2442013,-0.7749385,0.6161057,0.1410106,1,0.5,1,0,0.5,-0.225496,0,0,0,0.7449205,-0.6080363,0.7438226,-0.2775246,0,0,0,0,0.5,0.225496,0,0,0,0.7006619,-0.6304496,0.7712412,0.08786487,0,0,1
957,0.2029127,0.04184246,-0.2254615,0.1883791,0.08547049,0.03942625,0.3263016,-0.7103789,0.5661885,-0.4180816,1,0.5,0,0.3866959,-0.4227603,0.22099,-1.215129,-0.5285027,0.1395584,-0.08432826,-0.9700059,0.007793798,0.2429563,1,1,1,0.4850274,-0.3709283,-0.2162155,-1.432241,-1.120447,0.01238287,-0.04281181,-0.6668426,0.1204573,-0.7353985,1,1,0,0.1874926,0.03595303,0.2253189,-0.05063714,0.02071039,0.03108831,0.266412,-0.7860098,0.6027477,0.1374182,1,0.5,1,0,0.5,-0.225496,0,0,0,0.7652215,-0.6243175,0.7318877,-0.2730716,0,0,0,0,0.5,0.225496,0,0,0,0.7216985,-0.6465588,0.7579612,0.08635191,0,0,1
958,0.2171118,0.04934781,-0.2241591,0.3177286,0.1667601,0.01627803,0.34354,-0.7183254,0.5635155,-0.4079939,1,0.5,0,0.3456229,-0.4383779,0.2216623,-1.020033,-0.3934355,-0.1085356,-0.0117141,-0.9777572,-0.02534967,0.2082023,1,1,1,0.4057682,-0.4136956,-0.2246743,-2.10527,-0.973073,-0.3198677,0.04136324,-0.7707945,0.02272859,-0.6366783,1,1,0,0.1691571,0.02955068,0.2238767,-0.5180465,-0.1866135,-0.0688501,0.3036729,-0.8136281,0.5668359,0.1292524,1,0.5,1,0,0.5,-0.225496,0,0,0,0.786177,-0.6399181,0.7199631,-0.2686224,0,0,0,0,0.5,0.225496,0,0,0,0.7433878,-0.6619399,0.7447395,0.08484561,0,0,1
959,0.2137046,0.04763241,-0.223376,-0.260158,-0.1328879,-0.002766402,0.3684179,-0.7390519,0.5453969,-0.3954042,1,0.5,0,0.3006283,-0.4538926,0.2161168,-1.159819,-0.3902556,-0.1561761,0.06383568,-0.9841204,-0.04946946,0.1704694,1,1,1,0.3133582,-0.4423394,-0.2346376,-2.353376,-0.6493243,-0.2330811,0.1480463,-0.8365951,-0.02521331,-0.5472413,1,1,0,0.1551375,0.02440335,0.2232364,-0.2622717,-0.104959,-0.004338475,0.3390728,-0.8346987,0.5367869,0.1230363,1,0.5,1,0,0.5,-0.225496,0,0,0,0.8071885,-0.654466,0.7083905,-0.2643046,0,0,0,0,0.5,0.225496,0,0,0,0.7651101,-0.676234,0.7319521,0.08338878,0,0,1
960,0.1862475,0.03554423,-0.2251537,-0.7968511,-0.3378193,-0.03908278,0.4079577,-0.7727158,0.5083323,-0.3801429,1,0.5,0,0.2462556,-0.4676853,0.2157762,-1.43313,-0.3206269,0.06599503,0.1500326,-0.9870048,-0.06412809,0.1473407,1,1,1,0.2184639,-0.4633932,-0.2343827,-2.363666,-0.4913407,0.1026035,0.258321,-0.8827091,-0.04931049,-0.4673255,1,1,0,0.1530617,0.02351591,0.2244646,-0.01759232,-0.007188509,0.03505053,0.3676853,-0.8468268,0.5180633,0.1203945,1,0.5,1,0,0.5,-0.225496,0,0,0,0.8285725,-0.6682667,0.6969887,-0.2600505,0,0,0,0,0.5,0.225496,0,0,0,0.7871933,-0.6897494,0.7193947,0.08195816,0,0,1
961,0.1442049,0.02091214,-0.2255808,-1.132728,-0.3676543,-0.005690756,0.4595528,-0.8083131,0.4657505,-0.3601478,1,0.5,0,0.1820889,-0.4767757,0.2250317,-1.648298,-0.194496,0.267172,0.2469022,-0.9877264,-0.06798177,0.1406231,1,1,1,0.1267642,-0.4787009,-0.2225983,-2.267179,-0.3489392,0.336224,0.3655027,-0.9162997,-0.06089056,-0.3958374,1,1,0,0.1490366,0.02224992,0.2254477,-0.1458862,-0.03966411,0.007370117,0.3978643,-0.8584675,0.4992401,0.1174428,1,0.5,1,0,0.5,-0.225496,0,0,0,0.8501555,-0.6812726,0.6858469,-0.2558935,0,0,0,0,0.5,0.225496,0,0,0,0.8094585,-0.7024461,0.7071626,0.0805646,0,0,1
962,0.0906413,0.008168963,-0.2242157,-1.398913,-0.2968592,0.04784541,0.5240933,-0.8410038,0.4239545,-0.3361175,1,0.5,0,0.1139841,-0.4808907,0.2376507,-1.710347,-0.08761439,0.3144385,0.3479214,-0.9882091,-0.06473559,0.1387519,1,1,1,0.03853529,-0.4888332,-0.2068468,-2.187673,-0.2146126,0.3961177,0.4721245,-0.9395632,-0.06463496,-0.336219,1,1,0,0.1354514,0.01857637,0.2244151,-0.4050018,-0.1174348,-0.03743546,0.4354954,-0.8727529,0.475231,0.1116148,1,0.5,1,0,0.5,-0.225496,0,0,0,0.8722142,-0.693702,0.6748217,-0.2517799,0,0,0,0,0.5,0.225496,0,0,0,0.8321913,-0.7145427,0.6950954,0.07918982,0,0,1
963,0.03500615,0.000840465,-0.2221881,-1.344641,-0.1339936,0.05045088,0.595629,-0.8664175,0.3895848,-0.3123211,1,0.5,0,0.04555226,-0.4840228,0.2450063,-1.712169,-0.09363297,0.1170896,0.4487886,-0.9893943,-0.06115464,0.1317536,1,1,1,-0.04725422,-0.4915863,-0.1963048,-2.130517,-0.008276109,0.1994067,0.58093,-0.9543009,-0.06067581,-0.2926229,1,1,0,0.1072307,0.01175825,0.2229519,-0.8262317,-0.1857716,-0.0301011,0.4856185,-0.8898449,0.4441457,0.1044541,1,0.5,1,0,0.5,-0.225496,0,0,0,0.8948646,-0.7056443,0.6638637,-0.2476914,0,0,0,0,0.5,0.225496,0,0,0,0.8555106,-0.726131,0.6831374,0.0778275,0,0,1
964,-0.00651029,-0.0003927896,-0.2230389,-0.926502,-0.004845235,-0.03161282,0.6613359,-0.8822929,0.3664807,-0.295383,1,0.5,0,-0.02350913,-0.4899162,0.238034,-1.727199,-0.1654,-0.2433413,0.5502503,-0.9917991,-0.0608581,0.1123865,1,1,1,-0.1304735,-0.4842879,-0.2000187,-2.053765,0.2444745,-0.1646296,0.6937735,-0.9621605,-0.04882661,-0.2680732,1,1,0,0.05801088,0.003235467,0.2233207,-1.383836,-0.2105207,0.0388086,0.5567608,-0.9085474,0.4061804,0.09777115,1,0.5,1,0,0.5,-0.225496,0,0,0,0.9189533,-0.7175205,0.6525937,-0.2434865,0,0,0,0,0.5,0.225496,0,0,0,0.8802863,-0.7376209,0.6708753,0.07643051,0,0,1
965,-0.04061931,0.0009448046,-0.2251396,-0.8772675,0.04659083,-0.04369097,0.7219758,-0.8933941,0.3493889,-0.2824439,1,0.5,0,-0.09407814,-0.4932901,0.2252013,-1.791123,-0.03295095,-0.3037499,0.6519539,-0.9941065,-0.05841388,0.09132426,1,1,1,-0.2052799,-0.4709309,-0.2113679,-1.782866,0.3392832,-0.2914318,0.8001077,-0.9663557,-0.0345594,-0.2548772,1,1,0,-0.006946564,-0.000947282,0.2246886,-1.661958,-0.06104839,0.02466069,0.6450169,-0.9240329,0.3712196,0.09142978,1,0.5,1,0,0.5,-0.225496,0,0,0,0.9427843,-0.7285127,0.6418146,-0.2394648,0,0,0,0,0.5,0.225496,0,0,0,0.9047735,-0.748225,0.659181,0.07509822,0,0,1
966,-0.08489849,0.006606799,-0.2255209,-1.194885,0.1794909,-0.002575667,0.7929316,-0.9036762,0.3345937,-0.2672384,1,0.5,0,-0.1729545,-0.4849349,0.2228869,-2.038536,0.294538,0.01451597,0.7620298,-0.9955767,-0.04669853,0.08152496,1,1,1,-0.2612298,-0.4612455,-0.2187475,-1.264276,0.2118976,-0.1558312,0.8871812,-0.9693924,-0.02540803,-0.2441984,1,1,0,-0.06880267,0.004099257,0.2252914,-1.471826,0.1775595,0.01292974,0.734446,-0.9334517,0.3484148,0.08529442,1,0.5,1,0,0.5,-0.225496,0,0,0,0.9665608,-0.7387986,0.6314092,-0.2355825,0,0,0,0,0.5,0.225496,0,0,0,0.9291824,-0.7581208,0.6479229,0.07381563,0,0,1
967,-0.1370285,0.01909194,-0.2252333,-1.306645,0.3544774,0.001380593,0.8730638,-0.911977,0.3241597,-0.2514328,1,0.5,0,-0.2573206,-0.4662175,0.2253801,-2.10126,0.5154075,0.03070758,0.8771217,-0.9966401,-0.02920406,0.07652197,1,1,1,-0.3008707,-0.4534318,-0.2233085,-0.9233389,0.2190725,-0.1202696,0.957325,-0.971674,-0.01882336,-0.2355744,1,1,0,-0.1195929,0.01450057,0.2253826,-1.220143,0.2811163,-0.006791207,0.815217,-0.9388313,0.3349261,0.08012562,1,0.5,1,0,0.5,-0.225496,0,0,0,0.9901197,-0.7483789,0.6214266,-0.2318579,0,0,0,0,0.5,0.225496,0,0,0,0.9533473,-0.7673142,0.6371498,0.07258829,0,0,1
968,-0.1850172,0.03515761,-0.2252501,-1.156861,0.4086208,0.002704562,0.9513445,-0.9178506,0.3177451,-0.2378829,1,0.5,0,-0.3371287,-0.4414302,0.2250801,-1.95308,0.6539496,-0.01112223,0.9880239,-0.9974496,-0.01036958,0.07061721,1,1,1,-0.3327989,-0.4424496,-0.2259123,-0.7597867,0.2890379,-0.03511013,1.019877,-0.9736964,-0.010823,-0.2275922,1,1,0,-0.1647924,0.02801365,0.2251946,-1.10055,0.357696,-0.00255704,0.8922129,-0.9423075,0.3261093,0.0755593,1,0.5,1,0,0.5,-0.225496,0,0,0,1.014161,-0.7575816,0.6115599,-0.2281766,0,0,0,0,0.5,0.225496,0,0,0,0.9779866,-0.7761236,0.626528,0.07137819,0,0,1
969,-0.2223131,0.05153883,-0.2255698,-0.8428122,0.3916237,-0.01055152,1.02099,-0.9218489,0.3139659,-0.2272006,1,0.5,0,-0.4081587,-0.4131784,0.2223559,-1.698386,0.7128137,-0.0756197,1.091315,-0.9978967,0.008057225,0.06432158,1,1,1,-0.3608851,-0.4289969,-0.2259301,-0.7029223,0.3479616,0.01593307,1.079056,-0.9757064,-0.001897901,-0.219074,1,1,0,-0.206028,0.04411735,0.2251669,-1.01725,0.4262375,-0.002981724,0.9671795,-0.9445589,0.3204225,0.07167965,1,0.5,1,0,0.5,-0.225496,0,0,0,1.039089,-0.7665637,0.6016548,-0.2244809,0,0,0,0,0.5,0.225496,0,0,0,1.003514,-0.7847011,0.6158903,0.07016627,0,0,1
970,-0.2425702,0.06213599,-0.2255466,-0.3902966,0.2183069,0.003373624,1.073908,-0.9249923,0.3101427,-0.2195469,1,0.5,0,-0.4621437,-0.3866131,0.223253,-1.226326,0.6470861,0.05846324,1.179067,-0.9978318,0.02345763,0.0614943,1,1,1,-0.3937122,-0.4144491,-0.2217569,-0.8643333,0.3661336,0.12571,1.142974,-0.9781012,0.007030467,-0.2080112,1,1,0,-0.2481078,0.06519858,0.2253697,-1.064111,0.5610517,0.000420958,1.045329,-0.9456826,0.3178603,0.06818596,1,0.5,1,0,0.5,-0.225496,0,0,0,1.064896,-0.7753122,0.5917328,-0.220779,0,0,0,0,0.5,0.225496,0,0,0,1.029922,-0.7930358,0.6052598,0.06895517,0,0,1
971,-0.2485871,0.06583474,-0.2244716,-0.09244833,0.05808475,0.03942774,1.110175,-0.9278631,0.3054542,-0.2139342,1,0.5,0,-0.5010558,-0.3619973,0.2292214,-0.9080116,0.6088602,0.1713344,1.251073,-0.9973834,0.03655057,0.062374,1,1,1,-0.429413,-0.400213,-0.2144331,-0.8822758,0.3501685,0.1961292,1.208106,-0.9805292,0.01509682,-0.1957918,1,1,0,-0.2849514,0.08894437,0.2245193,-0.8502815,0.578397,-0.02848209,1.118077,-0.9458054,0.3182446,0.06459475,1,0.5,1,0,0.5,-0.225496,0,0,0,1.089953,-0.7833154,0.5824071,-0.2172995,0,0,0,0,0.5,0.225496,0,0,0,1.055543,-0.8006433,0.5952906,0.06781942,0,0,1
972,-0.2496856,0.06642801,-0.2233716,0,0,0,1.126421,-0.9293867,0.3027678,-0.2111209,1,0.5,0,-0.5173727,-0.3506659,0.2321299,0,0,0,1.284382,-0.9971302,0.04221859,0.06283962,1,1,1,-0.4457626,-0.3933204,-0.2110595,0,0,0,1.239753,-0.981548,0.01878402,-0.190291,1,1,0,-0.2982167,0.09858024,0.2239187,0,0,0,1.149216,-0.9459681,0.3180786,0.063011,1,0.5,1,0,0.5,-0.225496,0,0,0,1.102875,-0.7872661,0.5777121,-0.2155477,0,0,0,0,0.5,0.225496,0,0,0,1.068748,-0.8043926,0.5902798,0.06724855,0,0,1
973,-0.2633552,0.07462686,-0.2237238,-0.3331513,0.2029844,-0.02977253,1.172355,-0.931742,0.2993544,-0.2055328,1,0.5,0,-0.5577994,-0.3273766,0.2285316,-0.6059679,0.291744,-0.1420454,1.358443,-0.9968818,0.05306774,0.05839923,1,1,1,-0.483322,-0.3742058,-0.2137047,-0.5319166,0.2997146,-0.1225502,1.309953,-0.9824399,0.02861633,-0.184372,1,1,0,-0.3078174,0.1056966,0.2240238,0.1069963,-0.09574745,0.04010947,1.191762,-0.9473351,0.3142856,0.06148844,1,0.5,1,0,0.5,-0.225496,0,0,0,1.128949,-0.7948979,0.5684646,-0.2120974,0,0,0,0,0.5,0.225496,0,0,0,1.09538,-0.8116238,0.5804259,0.06612593,0,0,1
974,-0.274368,0.08143723,-0.2253281,-0.2269582,0.1304161,-0.02733545,1.217442,-0.9339557,0.295461,-0.2010711,1,0.5,0,-0.5747082,-0.3186149,0.2228834,-0.3474148,0.189592,-0.117454,1.410153,-0.9969646,0.05621806,0.05386135,1,1,1,-0.5012604,-0.3641203,-0.2197568,-0.4358621,0.2395348,-0.1317434,1.363192,-0.9826722,0.03321165,-0.182352,1,1,0,-0.2932345,0.09478023,0.225028,0.4201891,-0.3096071,0.01834334,1.207626,-0.9503728,0.3049732,0.06150527,1,0.5,1,0,0.5,-0.225496,0,0,0,1.156745,-0.8025658,0.5589272,-0.208539,0,0,0,0,0.5,0.225496,0,0,0,1.123751,-0.8188738,0.5702846,0.06497056,0,0,1
975,-0.2719323,0.07997794,-0.2256105,0.1651988,-0.09214733,-0.007940087,1.247869,-0.936537,0.2894827,-0.1977324,1,0.5,0,-0.5766367,-0.3168973,0.222758,0.05116763,-0.01328588,-0.005161764,1.447425,-0.9970341,0.05602408,0.05276611,1,1,1,-0.5198385,-0.3542564,-0.2231332,-0.468746,0.2612264,-0.1007773,1.417172,-0.983141,0.03742158,-0.1789788,1,1,0,-0.2750865,0.08189531,0.2254597,0.4554542,-0.3202972,-0.001029671,1.220175,-0.9534486,0.2952579,0.06130753,1,0.5,1,0,0.5,-0.225496,0,0,0,1.18526,-0.8099712,0.5494701,-0.2050105,0,0,0,0,0.5,0.225496,0,0,0,1.152835,-0.8258611,0.5602496,0.06382731,0,0,1
976,-0.2561591,0.07044994,-0.2255776,0.4589872,-0.2825392,0.006290528,1.266775,-0.9395663,0.2809921,-0.1955979,1,0.5,0,-0.5643777,-0.3232033,0.2248404,0.3830613,-0.1950786,0.08238408,1.47369,-0.997229,0.05208349,0.05311899,1,1,1,-0.5365231,-0.3436201,-0.2248199,-0.3839792,0.2646358,-0.004506858,1.472488,-0.9837152,0.04176448,-0.1748147,1,1,0,-0.2552527,0.06974362,0.2254854,0.5147146,-0.3022735,0.007947537,1.234788,-0.9563683,0.2857662,0.06080594,1,0.5,1,0,0.5,-0.225496,0,0,0,1.216863,-0.8176792,0.5393557,-0.2012367,0,0,0,0,0.5,0.225496,0,0,0,1.185047,-0.8331184,0.5495397,0.06260717,0,0,1
977,-0.2329475,0.05762625,-0.2254875,1.160581,-0.6411846,0.004500898,1.258877,-0.9411761,0.2749631,-0.1964251,1,0.5,0,-0.5421718,-0.3348226,0.2259365,1.110292,-0.5809652,0.05480351,1.469603,-0.9974789,0.04629226,0.05378571,1,1,1,-0.5446225,-0.3334958,-0.2250578,-0.404969,0.506212,-0.01189635,1.499264,-0.983906,0.0462691,-0.1725924,1,1,0,-0.2304949,0.05625951,0.2255443,1.237889,-0.6742059,0.002944471,1.225106,-0.9581789,0.2795535,0.06118131,1,0.5,1,0,0.5,-0.225496,0,0,0,1.232124,-0.8212264,0.5346039,-0.1994638,0,0,0,0,0.5,0.225496,0,0,0,1.200592,-0.8364531,0.5445161,0.06203486,0,0,1
978,-0.2055368,0.04390124,-0.2255624,0.7022235,-0.3352666,-0.008320067,1.262394,-0.9436443,0.2666267,-0.1960756,1,0.5,0,-0.5108772,-0.3506853,0.2259366,0.8363876,-0.4251318,-0.01303405,1.4727,-0.9978269,0.03817848,0.05370132,1,1,1,-0.5420394,-0.3258192,-0.2233257,0.1360119,0.1752064,0.05066471,1.531307,-0.9843785,0.04931838,-0.1690171,1,1,0,-0.2015785,0.04211276,0.2254532,0.7470953,-0.3601551,-0.004237147,1.227111,-0.9606302,0.2710381,0.0610576,1,0.5,1,0,0.5,-0.225496,0,0,0,1.261038,-0.8276573,0.5258263,-0.1961888,0,0,0,0,0.5,0.225496,0,0,0,1.230034,-0.84249,0.5352497,0.06097916,0,0,1
979,-0.1765897,0.0317725,-0.225491,0.7187272,-0.2917138,-0.001380593,1.26452,-0.9457051,0.2594317,-0.1957988,1,0.5,0,-0.4716393,-0.3692086,0.2257038,1.019247,-0.4682766,0.004540386,1.467428,-0.9981384,0.02886579,0.05372689,1,1,1,-0.5280121,-0.3239834,-0.2194815,0.4259022,-0.01261533,0.109642,1.551003,-0.9849514,0.04973987,-0.1655197,1,1,0,-0.1687408,0.02881326,0.2254464,0.8507062,-0.3248714,-0.003326686,1.22524,-0.9626875,0.2636232,0.06111984,1,0.5,1,0,0.5,-0.225496,0,0,0,1.289772,-0.8336962,0.5173844,-0.1930391,0,0,0,0,0.5,0.225496,0,0,0,1.259274,-0.8481486,0.5263534,0.05996564,0,0,1
980,-0.1500412,0.02250605,-0.2254543,0.6440225,-0.2123567,0.001817942,1.267897,-0.9473417,0.2536947,-0.1954041,1,0.5,0,-0.4279457,-0.38567,0.2295811,1.108498,-0.387639,0.1397737,1.456195,-0.9982169,0.02061655,0.05601748,1,1,1,-0.5001991,-0.3343304,-0.2126961,0.785211,-0.3546299,0.1918585,1.554155,-0.9857873,0.04462641,-0.1619625,1,1,0,-0.1314604,0.01692312,0.2252472,0.9572219,-0.2821096,-0.005843493,1.217652,-0.964236,0.2578655,0.0612739,1,0.5,1,0,0.5,-0.225496,0,0,0,1.317069,-0.8391322,0.5096118,-0.1901392,0,0,0,0,0.5,0.225496,0,0,0,1.287037,-0.8532342,0.5181761,0.05903402,0,0,1
981,-0.1271093,0.01626755,-0.2247763,0.5564342,-0.1375633,0.01819358,1.275522,-0.9488131,0.2490915,-0.194183,1,0.5,0,-0.3812757,-0.3994579,0.2386043,1.193563,-0.3391193,0.2466672,1.442611,-0.998041,0.01366309,0.06105405,1,1,1,-0.4580057,-0.3581663,-0.2038269,1.139196,-0.6629305,0.2257124,1.54251,-0.9867933,0.03321094,-0.1585436,1,1,0,-0.091809,0.00813779,0.2248465,0.9872165,-0.1979034,-0.01174808,1.208738,-0.9652377,0.2540692,0.06135902,1,0.5,1,0,0.5,-0.225496,0,0,0,1.344652,-0.8443487,0.5019916,-0.187296,0,0,0,0,0.5,0.225496,0,0,0,1.315077,-0.8581067,0.5101712,0.05812205,0,0,1
982,-0.105885,0.01104085,-0.2238512,0.5345574,-0.121127,0.03118591,1.284893,-0.9502282,0.2448555,-0.1926453,1,0.5,0,-0.3291618,-0.4146314,0.2472583,1.340434,-0.4028024,0.1953997,1.42358,-0.9977917,0.005910142,0.06615701,1,1,1,-0.4039282,-0.389562,-0.1967487,1.421601,-0.8085403,0.1544558,1.519428,-0.9874575,0.01804372,-0.1568507,1,1,0,-0.0550414,0.003011633,0.2242356,0.8822361,-0.1066462,-0.004742296,1.20342,-0.965829,0.2518532,0.06119198,1,0.5,1,0,0.5,-0.225496,0,0,0,1.372294,-0.8493166,0.4945804,-0.1845308,0,0,0,0,0.5,0.225496,0,0,0,1.343163,-0.8627403,0.5023974,0.0572364,0,0,1
983,-0.08293352,0.006662236,-0.2235202,0.5976981,-0.1125274,0.007742647,1.293653,-0.9513852,0.2412184,-0.1915199,1,0.5,0,-0.2710934,-0.4341434,0.2495546,1.4872,-0.5188646,0.01128093,1.399057,-0.9976611,-0.004288126,0.0682205,1,1,1,-0.3391306,-0.4218168,-0.1960985,1.685835,-0.79577,-0.02731458,1.487949,-0.9872752,0.002104296,-0.1590073,1,1,0,-0.02557385,0.0005703191,0.2239136,0.6734841,-0.03945447,0.002459438,1.206539,-0.9663391,0.2499622,0.06089139,1,0.5,1,0,0.5,-0.225496,0,0,0,1.400702,-0.8541697,0.4871885,-0.1817729,0,0,0,0,0.5,0.225496,0,0,0,1.372012,-0.8672604,0.494655,0.05635434,0,0,1
984,-0.05645699,0.003069159,-0.223948,0.6828367,-0.08378931,-0.01763032,1.300677,-0.9522272,0.2382821,-0.1910104,1,0.5,0,-0.2073389,-0.457403,0.2436291,1.631328,-0.595616,-0.1898312,1.369891,-0.9976707,-0.01679403,0.06611564,1,1,1,-0.2645354,-0.4510612,-0.2036049,1.925438,-0.7023829,-0.2249994,1.449935,-0.9860493,-0.01285235,-0.1659568,1,1,0,-0.006214201,-5.239388E-06,0.2243025,0.409579,-0.007646278,0.0195481,1.221225,-0.9669923,0.2474951,0.06059782,1,0.5,1,0,0.5,-0.225496,0,0,0,1.430404,-0.8589894,0.4796923,-0.178976,0,0,0,0,0.5,0.225496,0,0,0,1.402162,-0.871743,0.4868144,0.05546109,0,0,1
985,-0.02861365,0.0006566521,-0.2249809,0.690221,-0.05148993,-0.02180488,1.30618,-0.9527428,0.2362204,-0.1910003,1,0.5,0,-0.1371586,-0.4803263,0.2333218,1.795474,-0.554234,-0.27041,1.333681,-0.9976488,-0.02962692,0.06180018,1,1,1,-0.1813057,-0.4752973,-0.2154056,2.132631,-0.5632418,-0.3001684,1.403942,-0.9840203,-0.02589223,-0.1761638,1,1,0,0.001957074,-6.990609E-05,0.2249211,0.1384235,5.938057E-05,0.01691134,1.246249,-0.9679345,0.2439114,0.06008368,1,0.5,1,0,0.5,-0.225496,0,0,0,1.4597,-0.8635055,0.4725214,-0.1763005,0,0,0,0,0.5,0.225496,0,0,0,1.431886,-0.8759373,0.4793243,0.05460776,0,0,1
986,-0.002366842,-5.494935E-05,-0.2255609,0.6421797,-0.0109434,-0.008638207,1.311632,-0.9530668,0.2351168,-0.1907456,1,0.5,0,-0.06074885,-0.4966346,0.2248756,1.941893,-0.3495963,-0.1826756,1.289461,-0.9975004,-0.03947254,0.05860738,1,1,1,-0.09109978,-0.4922236,-0.2250785,2.290649,-0.3730254,-0.2081634,1.349032,-0.9817778,-0.03581528,-0.1866265,1,1,0,0.0003595702,-0.0002480921,0.2253857,-0.08916031,-0.008253196,0.003419073,1.278801,-0.9691247,0.2393477,0.05924534,1,0.5,1,0,0.5,-0.225496,0,0,0,1.487422,-0.867576,0.4659303,-0.1738413,0,0,0,0,0.5,0.225496,0,0,0,1.460002,-0.8797132,0.4724486,0.05382444,0,0,1
987,0.02193,0.0002072449,-0.2251597,0.5893613,0.01812648,0.02435149,1.319276,-0.9534784,0.234273,-0.1897236,1,0.5,0,0.018282,-0.4997166,0.2249167,1.970972,0.003182889,0.05971047,1.243011,-0.9972904,-0.04229265,0.06019279,1,1,1,0.003527795,-0.4995858,-0.2258605,2.386577,-0.1162366,0.04263969,1.28835,-0.9802575,-0.04114733,-0.1933965,1,1,0,-0.006070382,-0.0002580504,0.2250263,-0.1590558,-0.003343743,-0.008463118,1.316367,-0.970421,0.234392,0.05782217,1,0.5,1,0,0.5,-0.225496,0,0,0,1.515536,-0.8715156,0.4594312,-0.1714165,0,0,0,0,0.5,0.225496,0,0,0,1.488503,-0.8833632,0.4656768,0.05305296,0,0,1
988,0.04052161,0.001465877,-0.2245575,0.4130367,0.02610471,0.00951067,1.333046,-0.9540887,0.2331997,-0.1879699,1,0.5,0,0.09373485,-0.4902289,0.2313203,1.84628,0.3006191,0.192798,1.200539,-0.99714,-0.03776973,0.0654618,1,1,1,0.0999224,-0.4949706,-0.2195566,2.409619,0.1890139,0.201913,1.224652,-0.9796108,-0.03999101,-0.1968841,1,1,0,-0.005744007,-0.0002199895,0.2241254,0.0943764,0.0108373,-0.01837686,1.347893,-0.9714599,0.2304137,0.05634815,1,0.5,1,0,0.5,-0.225496,0,0,0,1.544219,-0.8753514,0.4529846,-0.1690112,0,0,0,0,0.5,0.225496,0,0,0,1.517571,-0.886913,0.4589676,0.05228861,0,0,1
989,0.05175178,0.002461975,-0.2242868,0.5615086,0.04980489,0.01353473,1.338358,-0.9542567,0.2330678,-0.1872796,1,0.5,0,0.1634835,-0.474706,0.2373902,3.487433,0.7761452,0.3034943,1.147443,-0.9970198,-0.0295646,0.07125602,1,1,1,0.1935311,-0.4767881,-0.212613,4.680434,0.9091232,0.3471756,1.147216,-0.9789157,-0.03083271,-0.2019244,1,1,0,0.00699536,-6.956348E-05,0.2245885,0.6369686,0.007521303,0.02315418,1.351711,-0.9715455,0.2300199,0.05648207,1,0.5,1,0,0.5,-0.225496,0,0,0,1.558771,-0.8772303,0.4497828,-0.1678166,0,0,0,0,0.5,0.225496,0,0,0,1.532314,-0.8886503,0.4556382,0.05190929,0,0,1
990,0.06245337,0.003609973,-0.2246548,0.2814612,0.01952209,-0.001553447,1.359674,-0.9551362,0.2310136,-0.1853307,1,0.5,0,0.227934,-0.4572715,0.2373105,1.572934,0.4381927,-0.02363847,1.115331,-0.9971715,-0.01935922,0.07262323,1,1,1,0.2791179,-0.4466792,-0.2106565,2.078821,0.8091468,0.03263877,1.094379,-0.9781726,-0.01297007,-0.2073889,1,1,0,0.02743212,0.0005825078,0.2250206,0.5578064,0.02240798,0.02340973,1.363781,-0.9718224,0.2288802,0.05634818,1,0.5,1,0,0.5,-0.225496,0,0,0,1.587497,-0.8808134,0.4435934,-0.1655073,0,0,0,0,0.5,0.225496,0,0,0,1.561409,-0.8919607,0.4492073,0.05117664,0,0,1
991,0.07779373,0.005800408,-0.225286,0.4212184,0.05189548,-0.01636372,1.381101,-0.9558325,0.2295466,-0.1835552,1,0.5,0,0.2860292,-0.4398638,0.2332503,1.415015,0.431134,-0.1169548,1.093871,-0.9974346,-0.008698193,0.07105362,1,1,1,0.3540803,-0.4106623,-0.2115733,1.801693,0.9122822,-0.03247933,1.057512,-0.9770272,0.009847589,-0.2128866,1,1,0,0.05294496,0.002463799,0.2250897,0.6624144,0.05214539,0.002613665,1.375491,-0.9719409,0.2284541,0.05603318,1,0.5,1,0,0.5,-0.225496,0,0,0,1.620262,-0.8847073,0.4367384,-0.1629496,0,0,0,0,0.5,0.225496,0,0,0,1.594582,-0.8955541,0.442093,0.05036613,0,0,1
992,0.09975783,0.00952024,-0.2254656,0.5972723,0.1090547,-0.004823508,1.396026,-0.9560536,0.2297015,-0.1822051,1,0.5,0,0.3398545,-0.421782,0.2298357,1.331887,0.4632907,-0.06528722,1.076443,-0.9975663,0.002675633,0.06967312,1,1,1,0.4158964,-0.3777499,-0.2125093,1.449915,0.7786217,-0.0165619,1.033817,-0.9757123,0.03145753,-0.2167855,1,1,0,0.08071425,0.005947391,0.2252046,0.6961591,0.092661,-0.002592058,1.384925,-0.9717875,0.2291589,0.05581367,1,0.5,1,0,0.5,-0.225496,0,0,0,1.652754,-0.8883787,0.4301467,-0.1604902,0,0,0,0,0.5,0.225496,0,0,0,1.627466,-0.8989384,0.4352596,0.04958763,0,0,1
993,0.1286854,0.01648169,-0.2253784,0.7637798,0.2003609,-0.004266949,1.399445,-0.9553378,0.2329531,-0.1818312,1,0.5,0,0.3918286,-0.4000945,0.2312251,1.284363,0.5692484,0.05773234,1.055666,-0.9973018,0.01665237,0.07149675,1,1,1,0.4624152,-0.3557099,-0.2120313,1.072708,0.4687222,0.01669005,1.019275,-0.9747293,0.04626555,-0.2185459,1,1,0,0.1077239,0.01124192,0.2251727,0.6618357,0.1392845,-0.004492702,1.38986,-0.9712747,0.2313621,0.05565108,1,0.5,1,0,0.5,-0.225496,0,0,0,1.680194,-0.8913412,0.4247328,-0.1584703,0,0,0,0,0.5,0.225496,0,0,0,1.655228,-0.9016665,0.4296529,0.04894888,0,0,1
994,0.1613705,0.0266539,-0.2250091,0.830673,0.2770972,0.006302448,1.400011,-0.9540811,0.2382375,-0.1815827,1,0.5,0,0.4396984,-0.3774124,0.2354041,1.152772,0.5629095,0.1007103,1.039537,-0.996687,0.03155985,0.07496029,1,1,1,0.4960427,-0.3444789,-0.2109188,0.772855,0.2280698,0.01534895,1.016875,-0.9744325,0.05374277,-0.2181583,1,1,0,0.1339587,0.01806403,0.2250225,0.6522561,0.1754756,-0.01102388,1.395909,-0.9706036,0.2342222,0.05539428,1,0.5,1,0,0.5,-0.225496,0,0,0,1.707726,-0.8941939,0.4194362,-0.1564941,0,0,0,0,0.5,0.225496,0,0,0,1.683074,-0.9042912,0.4241725,0.04832451,0,0,1
995,0.1935288,0.0388528,-0.2247118,0.7891673,0.316112,0.008023533,1.402495,-0.9526117,0.2443385,-0.1811893,1,0.5,0,0.4799239,-0.3580591,0.2376885,0.9531621,0.4535275,0.03601687,1.031983,-0.9960581,0.04434831,0.07682104,1,1,1,0.5197585,-0.3399122,-0.2111874,0.535539,0.08193257,-0.02522842,1.024998,-0.9744996,0.05645107,-0.2171724,1,1,0,0.1604201,0.02642254,0.2248368,0.6630483,0.2130755,-0.009665642,1.402986,-0.9697644,0.2377435,0.05509066,1,0.5,1,0,0.5,-0.225496,0,0,0,1.736146,-0.89702,0.4141053,-0.1545051,0,0,0,0,0.5,0.225496,0,0,0,1.711812,-0.9068891,0.4186613,0.04769664,0,0,1
996,0.2218891,0.05179938,-0.2246159,0.6741109,0.3223389,0.003851207,1.348518,-0.9478577,0.2584769,-0.1864282,1,0.5,0,0.5116356,-0.3437879,0.2366143,0.7396701,0.3240691,-0.04575999,0.9693298,-0.9952741,0.0559521,0.07936566,1,1,1,0.5334576,-0.3391108,-0.2138636,0.2783389,0.000447035,-0.08148032,0.9812964,-0.9725021,0.05865754,-0.2253861,1,1,0,0.18711,0.03635867,0.2247674,0.6672899,0.264826,-0.001455844,1.348731,-0.9665614,0.2500952,0.05666989,1,0.5,1,0,0.5,-0.225496,0,0,0,1.707624,-0.8941837,0.4194554,-0.1565013,0,0,0,0,0.5,0.225496,0,0,0,1.682972,-0.9042817,0.4241923,0.04832678,0,0,1
997,0.2436166,0.0632231,-0.2248088,0.4954728,0.2689759,-0.006911161,1.301348,-0.943186,0.2715873,-0.1914171,1,0.5,0,0.5350129,-0.3351731,0.2325201,0.5214663,0.1888008,-0.1153216,0.9150178,-0.9947646,0.06418783,0.07951849,1,1,1,0.5373619,-0.3413011,-0.2183489,0.03793837,-0.06886873,-0.1193852,0.947899,-0.9705516,0.05849779,-0.2336826,1,1,0,0.2135672,0.04769958,0.2249465,0.6593677,0.2992918,0.007379058,1.295839,-0.9628121,0.2637762,0.05843868,1,0.5,1,0,0.5,-0.225496,0,0,0,1.679593,-0.8912776,0.42485,-0.158514,0,0,0,0,0.5,0.225496,0,0,0,1.65462,-0.9016079,0.4297741,0.04896269,0,0,1
998,0.2569709,0.07080154,-0.2252542,0.2796845,0.156146,-0.01097098,1.261461,-0.9391677,0.2820394,-0.1960044,1,0.5,0,0.5486217,-0.3319873,0.2275165,0.273344,0.04710706,-0.1185045,0.8701211,-0.9945521,0.06861637,0.07847227,1,1,1,0.5330267,-0.3460343,-0.2229824,-0.1563222,-0.1303241,-0.1012579,0.9225363,-0.9688694,0.05621348,-0.2411062,1,1,0,0.2390619,0.06065702,0.2252327,0.6283584,0.3372576,0.006935748,1.244769,-0.9584174,0.2789235,0.06031325,1,0.5,1,0,0.5,-0.225496,0,0,0,1.651704,-0.8882628,0.4303566,-0.1605686,0,0,0,0,0.5,0.225496,0,0,0,1.626403,-0.8988316,0.4354771,0.04961241,0,0,1
999,0.260938,0.07357167,-0.2255857,0.04580321,0.03105478,-0.002130867,1.226311,-0.9360451,0.2893869,-0.2001874,1,0.5,0,0.5516959,-0.3337948,0.2240992,0.009384755,-0.06924126,-0.06149935,0.8324236,-0.9945387,0.06920111,0.07812769,1,1,1,0.5219996,-0.3529704,-0.225449,-0.3130646,-0.192313,-0.03284962,0.9000958,-0.9676788,0.05216042,-0.2467324,1,1,0,0.2619094,0.07362521,0.2254319,0.5484911,0.3145986,0.005769732,1.193739,-0.9534725,0.2949836,0.06224805,1,0.5,1,0,0.5,-0.225496,0,0,0,1.621175,-0.8848128,0.4365505,-0.1628796,0,0,0,0,0.5,0.225496,0,0,0,1.595506,-0.8956515,0.4418981,0.05034393,0,0,1
1000,0.2569506,0.07111498,-0.2251445,-0.1494498,-0.08023533,0.015831,1.200781,-0.9345518,0.2922862,-0.2029329,1,0.5,0,0.5446964,-0.3386032,0.225031,-0.2273352,-0.1466007,0.02965109,0.808874,-0.9945362,0.06677248,0.08024529,1,1,1,0.5046353,-0.363102,-0.2234296,-0.4773052,-0.2703146,0.06256106,0.8864644,-0.9677736,0.04536576,-0.2477017,1,1,0,0.2785722,0.08472556,0.2252336,0.3759713,0.244495,-0.005398693,1.152289,-0.9488939,0.3091019,0.06368958,1,0.5,1,0,0.5,-0.225496,0,0,0,1.594303,-0.8816388,0.4421518,-0.1649694,0,0,0,0,0.5,0.225496,0,0,0,1.568301,-0.8927226,0.4477105,0.05100612,0,0,1
1001,0.2475996,0.06552329,-0.2244423,-0.2508343,-0.1581368,0.02463833,1.178934,-0.9339182,0.2927592,-0.2051554,1,0.5,0,0.5296758,-0.3467995,0.2267253,-0.4258307,-0.2116785,0.07097948,0.7927604,-0.9947015,0.06126467,0.0825561,1,1,1,0.4805554,-0.3767509,-0.2206259,-0.6452205,-0.3577159,0.1005188,0.8786803,-0.9683399,0.03572188,-0.2470666,1,1,0,0.2859879,0.08967409,0.2242695,0.0977904,0.07582869,-0.01982302,1.117549,-0.9456275,0.3187997,0.06446145,1,0.5,1,0,0.5,-0.225496,0,0,0,1.567172,-0.8782951,0.4479551,-0.1671347,0,0,0,0,0.5,0.225496,0,0,0,1.540823,-0.8896343,0.4537384,0.05169286,0,0,1
1002,0.2374698,0.05983789,-0.22422,-0.2449633,-0.1403284,-0.01237989,1.157985,-0.9332902,0.2930292,-0.2076135,1,0.5,0,0.5082765,-0.3593832,0.2276357,-0.5750897,-0.3449501,-0.01478792,0.7828346,-0.9951198,0.05192938,0.0839046,1,1,1,0.4493098,-0.3931216,-0.2182202,-0.8293661,-0.4241096,0.02126918,0.8780941,-0.9691217,0.02385788,-0.245426,1,1,0,0.2794202,0.08512524,0.2242097,-0.2473713,-0.1776696,-0.00632182,1.093245,-0.9448833,0.3208077,0.06540718,1,0.5,1,0,0.5,-0.225496,0,0,0,1.540229,-0.8748285,0.4538705,-0.1693417,0,0,0,0,0.5,0.225496,0,0,0,1.513529,-0.8864293,0.4598892,0.05239359,0,0,1
1003,0.2267347,0.05412064,-0.2248399,-0.2897823,-0.1478702,-0.02163277,1.137811,-0.932595,0.2931477,-0.2105492,1,0.5,0,0.4805549,-0.3761609,0.2258839,-0.7378417,-0.438592,-0.06182867,0.7789598,-0.9958049,0.0389685,0.08278908,1,1,1,0.4111491,-0.410738,-0.2184801,-0.9913359,-0.4479946,-0.02778844,0.8850818,-0.9696181,0.01101885,-0.2443755,1,1,0,0.2585615,0.07175789,0.2247836,-0.5962881,-0.3778955,0.01034364,1.079723,-0.9467404,0.3150918,0.06633037,1,0.5,1,0,0.5,-0.225496,0,0,0,1.513426,-0.8712262,0.4599127,-0.1715961,0,0,0,0,0.5,0.225496,0,0,0,1.486365,-0.8830952,0.4661782,0.05311008,0,0,1
1004,0.2093392,0.0453008,-0.2253228,-0.4971812,-0.2512769,-0.009246919,1.123694,-0.9330139,0.2902645,-0.2126772,1,0.5,0,0.4439772,-0.3962133,0.2236203,-0.9878625,-0.5182268,-0.02821983,0.7848232,-0.9964729,0.02318351,0.0806495,1,1,1,0.369144,-0.4285181,-0.2199942,-1.052535,-0.4493641,-0.02778844,0.8971275,-0.9699363,-0.001802353,-0.2433523,1,1,0,0.228461,0.05507387,0.2252178,-0.7879491,-0.4201436,0.01369566,1.074784,-0.9498497,0.3054857,0.06681415,1,0.5,1,0,0.5,-0.225496,0,0,0,1.487447,-0.8675796,0.4659244,-0.1738391,0,0,0,0,0.5,0.225496,0,0,0,1.460028,-0.8797165,0.4724423,0.05382373,0,0,1
1005,0.1792465,0.03270228,-0.2252847,-0.8339267,-0.333511,0.001499802,1.105016,-0.9338319,0.285793,-0.2151286,1,0.5,0,0.3942886,-0.4191228,0.223645,-1.327099,-0.5790743,0.007206949,0.787968,-0.9967426,0.005339584,0.08047173,1,1,1,0.3276359,-0.4446838,-0.2217305,-1.032016,-0.3961952,-0.05354511,0.8931179,-0.9693547,-0.01341147,-0.2452991,1,1,0,0.1957774,0.03982151,0.2254412,-0.8285913,-0.3611618,0.001969934,1.057329,-0.9518117,0.2991157,0.06770647,1,0.5,1,0,0.5,-0.225496,0,0,0,1.447494,-0.8616515,0.4754829,-0.1774054,0,0,0,0,0.5,0.225496,0,0,0,1.419504,-0.8742161,0.4824163,0.05496003,0,0,1
1006,0.1388706,0.01957167,-0.2252571,-1.051096,-0.3312983,0.003981592,1.11653,-0.9372351,0.2756346,-0.2135791,1,0.5,0,0.3335523,-0.442802,0.2234254,-1.574107,-0.5835536,0.0003136696,0.824538,-0.9968661,-0.01268514,0.07808411,1,1,1,0.2847803,-0.4586314,-0.2247385,-1.092059,-0.3359259,-0.07221106,0.9122698,-0.9694741,-0.02310564,-0.2441024,1,1,0,0.1602207,0.02627914,0.2252419,-0.9208929,-0.3250511,-0.00300482,1.064234,-0.9549202,0.2891378,0.06728019,1,0.5,1,0,0.5,-0.225496,0,0,0,1.426748,-0.8584097,0.4806025,-0.1793156,0,0,0,0,0.5,0.225496,0,0,0,1.398452,-0.8712041,0.4877658,0.05556948,0,0,1
1007,0.09387137,0.008912298,-0.2250904,-1.134679,-0.237444,-0.0002630056,1.132267,-0.9403768,0.2664468,-0.2114179,1,0.5,0,0.2654472,-0.4638669,0.2227923,-1.741064,-0.5087482,-0.03532098,0.8677641,-0.9967876,-0.02768523,0.0751535,1,1,1,0.2374414,-0.4701172,-0.2273301,-1.221063,-0.2612636,-0.07716569,0.9347516,-0.9697679,-0.030749,-0.2420838,1,1,0,0.1189791,0.01421727,0.2251974,-1.066094,-0.2942621,3.427269E-05,1.07622,-0.9578855,0.2792867,0.06674028,1,0.5,1,0,0.5,-0.225496,0,0,0,1.405227,-0.8549204,0.4860313,-0.1813411,0,0,0,0,0.5,0.225496,0,0,0,1.376606,-0.867959,0.4934439,0.05621637,0,0,1
1008,0.04846016,0.002174289,-0.2251507,-1.136114,-0.1484665,0.005470219,1.131226,-0.9414514,0.2624861,-0.2115897,1,0.5,0,0.191286,-0.4804347,0.221827,-1.889725,-0.3777371,0.0006474557,0.8976719,-0.9965819,-0.03894666,0.07285471,1,1,1,0.1847281,-0.4789176,-0.22915,-1.348021,-0.2055378,-0.01588911,0.94332,-0.9696064,-0.03666378,-0.2419075,1,1,0,0.07332788,0.005324565,0.225166,-1.157633,-0.197407,0.01011193,1.074731,-0.9594356,0.2739037,0.0667835,1,0.5,1,0,0.5,-0.225496,0,0,0,1.367209,-0.8484214,0.4959272,-0.1850333,0,0,0,0,0.5,0.225496,0,0,0,1.337997,-0.8619059,0.5038093,0.05739726,0,0,1
1009,0.005668842,-4.068943E-05,-0.2254342,-1.044639,-0.03307646,-0.01406819,1.142489,-0.9426097,0.2593377,-0.2103114,1,0.5,0,0.1122402,-0.4920349,0.22092,-2.003443,-0.2468945,-0.02435521,0.9466908,-0.996519,-0.04564551,0.06975918,1,1,1,0.1269317,-0.4850209,-0.2297422,-1.476588,-0.1362935,-0.00746772,0.9703835,-0.9704702,-0.04013981,-0.2378578,1,1,0,0.02585177,0.0004356747,0.2251365,-1.188342,-0.09146742,-0.00287667,1.089911,-0.9610872,0.2682135,0.06612726,1,0.5,1,0,0.5,-0.225496,0,0,0,1.341585,-0.8437816,0.5028278,-0.187608,0,0,0,0,0.5,0.225496,0,0,0,1.311959,-0.8575774,0.5110491,0.05822207,0,0,1
1010,-0.0327113,0.0008638059,-0.225375,-0.9151589,0.0387468,-0.003814699,1.145315,-0.9426695,0.2594421,-0.2099143,1,0.5,0,0.03052084,-0.4972922,0.2221078,-2.051257,-0.08894954,0.02910347,0.9929589,-0.996515,-0.04775228,0.06839292,1,1,1,0.06407795,-0.4897396,-0.2276236,-1.606431,-0.1047045,0.05706625,0.9965289,-0.9717144,-0.04259163,-0.2322866,1,1,0,-0.02056915,1.30597E-05,0.2254551,-1.153034,0.009679196,0.00273809,1.100205,-0.9616557,0.2662241,0.06590099,1,0.5,1,0,0.5,-0.225496,0,0,0,1.311631,-0.8380716,0.5111415,-0.1907099,0,0,0,0,0.5,0.225496,0,0,0,1.281508,-0.8522426,0.5197845,0.05921726,0,0,1
1011,-0.06376377,0.003710275,-0.2254811,-0.7282938,0.08129081,0.005811455,1.152072,-0.9426637,0.2601039,-0.2091199,1,0.5,0,-0.05130047,-0.4960951,0.2243745,-2.039239,0.07082227,0.06912503,1.049992,-0.9967048,-0.04522288,0.06733873,1,1,1,-0.0041205,-0.4927,-0.2241709,-1.736204,-0.06320926,0.09823967,1.038188,-0.9736813,-0.04336268,-0.2237509,1,1,0,-0.06445703,0.003822295,0.2254988,-1.074342,0.1143174,0.003482403,1.119682,-0.9619427,0.2653745,0.06513547,1,0.5,1,0,0.5,-0.225496,0,0,0,1.290988,-0.8339444,0.5170332,-0.1929081,0,0,0,0,0.5,0.225496,0,0,0,1.260511,-0.848381,0.5259836,0.05992351,0,0,1
1012,-0.08646011,0.007358126,-0.2254231,-0.5117552,0.09493703,-0.006379189,1.150234,-0.9419263,0.2626041,-0.2093177,1,0.5,0,-0.1316284,-0.4885502,0.2272148,-1.996783,0.2251358,0.06245005,1.104375,-0.9970027,-0.03898729,0.06682651,1,1,1,-0.07627898,-0.492641,-0.2204088,-1.82014,0.02644957,0.08134249,1.082696,-0.9756879,-0.04210601,-0.2150816,1,1,0,-0.1040576,0.01081828,0.2251997,-0.9610146,0.1932168,-0.01709238,1.134946,-0.9614972,0.267176,0.06434446,1,0.5,1,0,0.5,-0.225496,0,0,0,1.269657,-0.8295044,0.5232652,-0.1952333,0,0,0,0,0.5,0.225496,0,0,0,1.238806,-0.8442217,0.5325492,0.0606715,0,0,1
1013,-0.1021346,0.01040512,-0.2246998,-0.3562161,0.07892179,0.01624078,1.136303,-0.9404751,0.2667019,-0.2106577,1,0.5,0,-0.209709,-0.4756751,0.2283785,-1.935213,0.348203,-0.002098829,1.150788,-0.9973887,-0.03009178,0.06565261,1,1,1,-0.1493441,-0.487322,-0.218393,-1.819745,0.179796,0.02109409,1.122967,-0.9772916,-0.03778387,-0.2085027,1,1,0,-0.1375008,0.01913345,0.2248362,-0.7934529,0.2119126,-0.01722351,1.139346,-0.9603027,0.2715311,0.06395001,1,0.5,1,0,0.5,-0.225496,0,0,0,1.243888,-0.8238876,0.5309974,-0.1981182,0,0,0,0,0.5,0.225496,0,0,0,1.212573,-0.8389526,0.5407068,0.06160086,0,0,1
1014,-0.1160481,0.01351749,-0.2243359,-0.3611965,0.08056702,0.003857167,1.10638,-0.9376518,0.2736075,-0.2143552,1,0.5,0,-0.2841948,-0.4579831,0.225504,-1.831453,0.4750745,-0.1041025,1.177997,-0.9978394,-0.01906031,0.06287495,1,1,1,-0.2197908,-0.4756027,-0.2204703,-1.733575,0.3345118,-0.08195791,1.146322,-0.9779178,-0.03012943,-0.2068067,1,1,0,-0.1613967,0.02661402,0.2242784,-0.5270044,0.1721611,-0.01204461,1.119603,-0.9579962,0.2794599,0.06438518,1,0.5,1,0,0.5,-0.225496,0,0,0,1.205706,-0.8150152,0.5428836,-0.202553,0,0,0,0,0.5,0.225496,0,0,0,1.173678,-0.830612,0.5532727,0.06303245,0,0,1
1015,-0.1327857,0.01792735,-0.2246714,-0.4332972,0.1164061,-0.01184643,1.104676,-0.9366597,0.2766461,-0.2147919,1,0.5,0,-0.3527443,-0.4356402,0.2213521,-1.665466,0.5932095,-0.09319711,1.225999,-0.9982588,-0.005585297,0.05872087,1,1,1,-0.2855546,-0.4582956,-0.2239699,-1.616002,0.4612731,-0.07370117,1.191462,-0.9789186,-0.01909331,-0.2033565,1,1,0,-0.1729402,0.0309002,0.2244652,-0.2115027,0.08497037,0.01547933,1.112794,-0.9568423,0.2832973,0.0647728,1,0.5,1,0,0.5,-0.225496,0,0,0,1.189505,-0.811036,0.5480896,-0.2044954,0,0,0,0,0.5,0.225496,0,0,0,1.157163,-0.8268646,0.5587864,0.06366061,0,0,1
1016,-0.1496931,0.02270427,-0.225205,-0.4044497,0.1273571,-0.0176333,1.091725,-0.9346116,0.2818982,-0.2168749,1,0.5,0,-0.4125327,-0.4088968,0.2186889,-1.426901,0.7019314,-0.04570486,1.253347,-0.998367,0.009754581,0.05628599,1,1,1,-0.346143,-0.437144,-0.2265522,-1.478467,0.5508813,-0.04699605,1.219417,-0.9794563,-0.006481255,-0.2015521,1,1,0,-0.1758126,0.03162629,0.2249394,-0.03690274,0.01822841,0.007798526,1.084902,-0.955115,0.2887411,0.06621192,1,0.5,1,0,0.5,-0.225496,0,0,0,1.163417,-0.8043389,0.5566854,-0.2077026,0,0,0,0,0.5,0.225496,0,0,0,1.130558,-0.8205482,0.5679039,0.06469934,0,0,1
1017,-0.1623199,0.02662663,-0.225386,-0.282205,0.09269737,0.004395844,1.075726,-0.9324391,0.2872496,-0.2191917,1,0.5,0,-0.4604182,-0.3798137,0.2196405,-1.119107,0.7214013,0.0416808,1.270776,-0.9980749,0.02608251,0.05626941,1,1,1,-0.4009137,-0.4127549,-0.2262859,-1.329931,0.6327468,0.01682491,1.242665,-0.9800288,0.00760047,-0.1987105,1,1,0,-0.1770279,0.03209211,0.2254392,-0.03612565,0.01431909,0.01422093,1.056648,-0.9533156,0.2942812,0.06773481,1,0.5,1,0,0.5,-0.225496,0,0,0,1.138584,-0.7976084,0.565122,-0.2108503,0,0,0,0,0.5,0.225496,0,0,0,1.105217,-0.8141883,0.5768692,0.06572073,0,0,1
1018,-0.1706015,0.0296247,-0.2255168,-0.1791247,0.06835445,0.003674628,1.055722,-0.9300006,0.2928703,-0.2220942,1,0.5,0,-0.4958903,-0.3539823,0.2207336,-0.8104327,0.6172957,0.03276692,1.276432,-0.9975675,0.04054063,0.05670558,1,1,1,-0.4490582,-0.3856406,-0.2267335,-1.157888,0.6892505,-0.009185079,1.260239,-0.9801392,0.02292836,-0.196981,1,1,0,-0.1793959,0.03299573,0.2254776,-0.07112551,0.02951474,0.007729236,1.029909,-0.9514398,0.300015,0.0689437,1,0.5,1,0,0.5,-0.225496,0,0,0,1.114182,-0.7906301,0.5736653,-0.2140379,0,0,0,0,0.5,0.225496,0,0,0,1.080299,-0.8075818,0.5859652,0.06675699,0,0,1
1019,-0.1759412,0.0318489,-0.2254096,-0.1278535,0.057859,0.003165753,1.03253,-0.9273337,0.2987537,-0.2253852,1,0.5,0,-0.520532,-0.3341119,0.2220021,-0.5523416,0.4591839,0.02566726,1.271086,-0.9969911,0.05188236,0.05759295,1,1,1,-0.4889076,-0.3581074,-0.2272528,-0.9350452,0.6848651,-0.02262668,1.269862,-0.9798126,0.03836042,-0.1962034,1,1,0,-0.1826088,0.03431181,0.2254613,-0.0768401,0.03388451,0.0007465485,1.003901,-0.9494201,0.3060785,0.07012513,1,0.5,1,0,0.5,-0.225496,0,0,0,1.089789,-0.7832644,0.5824673,-0.2173219,0,0,0,0,0.5,0.225496,0,0,0,1.055375,-0.8005948,0.5953549,0.06782673,0,0,1
1020,-0.1801923,0.03347223,-0.2254264,-0.09827543,0.0400223,0.004629048,0.994681,-0.923089,0.3074049,-0.2311038,1,0.5,0,-0.5359686,-0.3207429,0.2230468,-0.3323228,0.2918647,0.02917276,1.24174,-0.9964175,0.06043216,0.05916314,1,1,1,-0.5194668,-0.3338771,-0.2274425,-0.703651,0.5769747,0.003560634,1.256177,-0.9788297,0.05245651,-0.1978403,1,1,0,-0.1852943,0.03564523,0.2255331,-0.0634514,0.03540219,0.004721435,0.9635557,-0.9462062,0.3154272,0.07210737,1,0.5,1,0,0.5,-0.225496,0,0,0,1.054258,-0.7717708,0.5957826,-0.22229,0,0,0,0,0.5,0.225496,0,0,0,1.019039,-0.7896643,0.6095958,0.06944915,0,0,1
1021,-0.1837158,0.03496865,-0.2253719,-0.08451718,0.03136435,0.006968531,0.9695141,-0.9199802,0.3136878,-0.2350246,1,0.5,0,-0.5431793,-0.3146519,0.2240117,-0.1256884,0.1088605,0.0212744,1.218157,-0.99606,0.06480668,0.06053679,1,1,1,-0.5406528,-0.3152772,-0.2269507,-0.4749389,0.4220994,0.01745299,1.247238,-0.9780356,0.06337021,-0.198571,1,1,0,-0.1870513,0.03626653,0.2255635,-0.0392303,0.01187586,0.003374369,0.935814,-0.9438961,0.3219543,0.07352169,1,0.5,1,0,0.5,-0.225496,0,0,0,1.030213,-0.7634282,0.6051443,-0.2257829,0,0,0,0,0.5,0.225496,0,0,0,0.9944282,-0.781709,0.619635,0.07059289,0,0,1
1022,-0.1864721,0.03598658,-0.2255774,-0.06437751,0.01993441,-0.003238769,0.9527895,-0.9177653,0.3179997,-0.2378716,1,0.5,0,-0.5421274,-0.3161079,0.2246839,0.08041862,-0.08159432,0.01170338,1.195781,-0.9959868,0.06480326,0.061732,1,1,1,-0.5531856,-0.3038791,-0.2259933,-0.2614022,0.2364502,0.02844782,1.239178,-0.9774927,0.07021764,-0.1989408,1,1,0,-0.1876587,0.03649517,0.225398,-0.009179119,0.002640114,-0.001933426,0.9163043,-0.9422456,0.3265507,0.07441764,1,0.5,1,0,0.5,-0.225496,0,0,0,1.013969,-0.7575106,0.6116372,-0.2282054,0,0,0,0,0.5,0.225496,0,0,0,0.9777907,-0.7760556,0.6266111,0.07138764,0,0,1
1023,-0.1880951,0.0366581,-0.2255455,-0.03766941,0.02351311,-0.00332147,0.925923,-0.9143303,0.3244622,-0.2423311,1,0.5,0,-0.5329396,-0.3249853,0.2251779,0.2847106,-0.260532,0.004075469,1.155046,-0.9961106,0.06103437,0.06354985,1,1,1,-0.5573997,-0.3005874,-0.2244123,-0.04899802,0.0325054,0.0416659,1.212749,-0.9768327,0.073223,-0.2010874,1,1,0,-0.1871669,0.03614751,0.2254639,0.02229736,-0.01208242,-0.0004000963,0.8863931,-0.9397309,0.3333452,0.07607067,1,0.5,1,0,0.5,-0.225496,0,0,0,0.9904904,-0.7485251,0.621272,-0.2318002,0,0,0,0,0.5,0.225496,0,0,0,0.9537276,-0.7674543,0.6369832,0.0725693,0,0,1
1024,-0.1891651,0.03692747,-0.2255217,-0.02587811,0.01084805,0.002292545,0.8986517,-0.9107267,0.3309812,-0.2470391,1,0.5,0,-0.5158057,-0.3398398,0.2258892,0.4778089,-0.4003422,0.0176929,1.106242,-0.9963818,0.05364089,0.06592357,1,1,1,-0.5528575,-0.3062192,-0.2223356,0.173992,-0.1969264,0.05693363,1.177166,-0.9763382,0.07141858,-0.2041155,1,1,0,-0.1850245,0.03508947,0.2254613,0.06733316,-0.02940727,0.0003643335,0.8548925,-0.9370846,0.3403144,0.07783741,1,0.5,1,0,0.5,-0.225496,0,0,0,0.9673967,-0.7391486,0.6310495,-0.2354483,0,0,0,0,0.5,0.225496,0,0,0,0.9300402,-0.7584572,0.6475343,0.07377135,0,0,1
1025,-0.1903959,0.03737446,-0.2253942,-0.03346877,0.01674873,0.006137046,0.8706925,-0.9067633,0.3380587,-0.2519852,1,0.5,0,-0.4911906,-0.3583595,0.2273506,0.6587538,-0.4811885,0.04130007,1.048894,-0.996639,0.04367021,0.06930792,1,1,1,-0.5385779,-0.3214344,-0.2196995,0.4212679,-0.4400449,0.06903636,1.130292,-0.9759453,0.06413919,-0.2083673,1,1,0,-0.1802673,0.03327617,0.2254561,0.1390055,-0.05266985,0.003117324,0.8197596,-0.934083,0.3479999,0.07990556,1,0.5,1,0,0.5,-0.225496,0,0,0,0.9438126,-0.7289712,0.6413575,-0.2392942,0,0,0,0,0.5,0.225496,0,0,0,0.9058297,-0.7486666,0.6586857,0.07504181,0,0,1
1026,-0.1921723,0.03819183,-0.2252943,-0.05064311,0.02694336,0.007971379,0.8310708,-0.9006051,0.3487356,-0.2594109,1,0.5,0,-0.4593927,-0.3791369,0.2296222,0.8379821,-0.5348342,0.05169215,0.9708291,-0.9967096,0.0318617,0.07453088,1,1,1,-0.5134883,-0.3448725,-0.2167647,0.6991866,-0.6250473,0.06592499,1.059054,-0.9750045,0.05203632,-0.2160057,1,1,0,-0.1724927,0.03038293,0.2252164,0.2190047,-0.07974359,-0.005938115,0.7687032,-0.9293658,0.359724,0.08293223,1,0.5,1,0,0.5,-0.225496,0,0,0,0.9107021,-0.7135431,0.6564108,-0.2449107,0,0,0,0,0.5,0.225496,0,0,0,0.8718027,-0.7337767,0.6750242,0.07690319,0,0,1
1027,-0.1935614,0.03873974,-0.2247167,-0.02189578,0.01005233,0.01557396,0.8058397,-0.8964674,0.3558934,-0.2639809,1,0.5,0,-0.419879,-0.4014586,0.2312092,1.039014,-0.5644071,0.02813862,0.9015948,-0.9966934,0.01750961,0.07934474,1,1,1,-0.4772209,-0.3728755,-0.2151788,0.9787846,-0.7105339,0.03205986,0.9933728,-0.9738374,0.03557353,-0.2244442,1,1,0,-0.1621662,0.02691328,0.2250516,0.2680802,-0.08253915,-0.00204444,0.7304679,-0.9258653,0.3680822,0.0853753,1,0.5,1,0,0.5,-0.225496,0,0,0,0.8897954,-0.7030397,0.6662851,-0.2485949,0,0,0,0,0.5,0.225496,0,0,0,0.8502938,-0.7236065,0.6857767,0.07812818,0,0,1
1028,-0.1909147,0.03777932,-0.2243344,0.1054623,-0.04170445,0.01301468,0.7752755,-0.8915379,0.3636699,-0.2700078,1,0.5,0,-0.3724788,-0.4249606,0.2295693,1.233596,-0.592156,-0.06445872,0.8230658,-0.9965646,0.0007855664,0.08281469,1,1,1,-0.4303789,-0.4010414,-0.2170457,1.236053,-0.6908092,-0.067848,0.9173061,-0.9711527,0.01760992,-0.2378073,1,1,0,-0.151125,0.02326223,0.2246305,0.2699339,-0.09288968,-0.00824556,0.6901928,-0.9218395,0.3774701,0.08791051,1,0.5,1,0,0.5,-0.225496,0,0,0,0.8681515,-0.6914744,0.6768256,-0.2525276,0,0,0,0,0.5,0.225496,0,0,0,0.8280061,-0.7123775,0.697286,0.07943939,0,0,1
1029,-0.1799004,0.0334712,-0.2247238,0.336928,-0.1234668,-0.00741035,0.7365899,-0.8855667,0.3715631,-0.2787697,1,0.5,0,-0.3173535,-0.4477802,0.2254988,1.428165,-0.5541118,-0.1019061,0.7372344,-0.9962024,-0.01760391,0.08526988,1,1,1,-0.3744238,-0.4272169,-0.2214328,1.452867,-0.6346094,-0.1149968,0.8340397,-0.9666926,-0.0009122278,-0.255939,1,1,0,-0.1420103,0.02054199,0.2245665,0.2101832,-0.06230439,0.00504479,0.6523845,-0.9173957,0.3874939,0.09073924,1,0.5,1,0,0.5,-0.225496,0,0,0,0.8469975,-0.6794239,0.6874549,-0.2564934,0,0,0,0,0.5,0.225496,0,0,0,0.8062022,-0.7006437,0.7089255,0.08076544,0,0,1
1030,-0.1602183,0.02627415,-0.2251483,0.5358058,-0.1923139,-0.01443625,0.689352,-0.8781686,0.3802694,-0.2901986,1,0.5,0,-0.2553588,-0.4669045,0.2228559,1.584699,-0.4492806,-0.05037786,0.6449554,-0.9953158,-0.03572587,0.08983395,1,1,1,-0.310646,-0.4506533,-0.2243652,1.640773,-0.569539,-0.0575036,0.7437571,-0.9607015,-0.0198216,-0.276875,1,1,0,-0.1337821,0.01820993,0.2250879,0.2170713,-0.05463224,0.01172424,0.6156708,-0.9124693,0.398155,0.09419261,1,0.5,1,0,0.5,-0.225496,0,0,0,0.8261645,-0.66676,0.6982543,-0.2605227,0,0,0,0,0.5,0.225496,0,0,0,0.7847078,-0.6882759,0.7207865,0.08211672,0,0,1
1031,-0.1350738,0.01833863,-0.2254359,0.6534929,-0.2001064,-0.005969408,0.6371361,-0.8689258,0.3907524,-0.3037771,1,0.5,0,-0.1889216,-0.4806568,0.2224761,1.679973,-0.3087045,0.007679317,0.5483876,-0.9938449,-0.05213418,0.09774635,1,1,1,-0.239732,-0.4705649,-0.2255876,1.812856,-0.4750984,-0.01719744,0.6469563,-0.9527348,-0.0388549,-0.3013084,1,1,0,-0.1220255,0.0147736,0.2253195,0.3310287,-0.09331585,0.0075385,0.5752088,-0.9068366,0.4099423,0.09795263,1,0.5,1,0,0.5,-0.225496,0,0,0,0.8055555,-0.6533718,0.7092766,-0.2646353,0,0,0,0,0.5,0.225496,0,0,0,0.7634227,-0.6751605,0.7329296,0.08350015,0,0,1
1032,-0.1055734,0.01091257,-0.225486,0.7722291,-0.1792983,-0.008877371,0.5819679,-0.8573067,0.4038129,-0.3193126,1,0.5,0,-0.1207565,-0.4891442,0.2239604,1.706752,-0.181988,0.0229396,0.4505757,-0.9917795,-0.06642736,0.1093658,1,1,1,-0.1633756,-0.4856443,-0.22496,1.93688,-0.3402264,-0.0004813077,0.5457197,-0.9422989,-0.05703664,-0.3298781,1,1,0,-0.1031542,0.01057109,0.2254698,0.5171953,-0.1057984,-0.007586929,0.5284151,-0.899597,0.4245086,0.1025556,1,0.5,1,0,0.5,-0.225496,0,0,0,0.7855098,-0.6394389,0.7203368,-0.2687618,0,0,0,0,0.5,0.225496,0,0,0,0.7426977,-0.6614681,0.7451531,0.08489273,0,0,1
1033,-0.0715678,0.004956827,-0.2254089,0.8777425,-0.1366503,0.004838409,0.5239328,-0.8420579,0.4208839,-0.3373355,1,0.5,0,-0.05307036,-0.4939177,0.2260868,1.684875,-0.1030624,0.05777853,0.3530647,-0.9890379,-0.07961613,0.1243597,1,1,1,-0.08362482,-0.4949912,-0.2239386,2.008351,-0.1937152,0.02947525,0.4420179,-0.9280798,-0.07323769,-0.3651083,1,1,0,-0.07654026,0.005657512,0.2256506,0.7120299,-0.1239551,0.008890782,0.4744214,-0.8899468,0.4429885,0.1084239,1,0.5,1,0,0.5,-0.225496,0,0,0,0.7656854,-0.6246757,0.7316194,-0.2729715,0,0,0,0,0.5,0.225496,0,0,0,0.7221791,-0.6469125,0.7576631,0.08631796,0,0,1
1034,-0.0328366,0.0009257164,-0.2253866,0.9935513,-0.07870463,0.007737431,0.4644937,-0.8220895,0.4426423,-0.3581014,1,0.5,0,0.01307639,-0.4950817,0.2273849,1.642074,-0.01691879,0.03758745,0.2578216,-0.9857032,-0.09115825,0.141702,1,1,1,-0.00292487,-0.4981313,-0.2234043,2.015689,-0.04052074,0.01710654,0.3398099,-0.9085251,-0.08589,-0.4089071,1,1,0,-0.04330301,0.001661406,0.2255127,0.869899,-0.09062892,0.003349037,0.4162014,-0.8768449,0.4667766,0.1151632,1,0.5,1,0,0.5,-0.225496,0,0,0,0.746812,-0.6096056,0.7426942,-0.2771035,0,0,0,0,0.5,0.225496,0,0,0,0.702623,-0.6320048,0.7699836,0.08772159,0,0,1
1035,0.009660138,-3.936802E-05,-0.2253371,1.082669,0.0009865445,0.004569443,0.4044476,-0.7952404,0.4709622,-0.381821,1,0.5,0,0.07693826,-0.4932986,0.2278862,1.580373,0.06447437,0.004991146,0.1642591,-0.9815074,-0.1013138,0.1624158,1,1,1,0.07648178,-0.4955425,-0.2230393,1.969726,0.1060263,0.008444492,0.2403913,-0.8811985,-0.09392668,-0.4633217,1,1,0,-0.005023396,1.088634E-05,0.2253954,0.982465,-0.02295862,0.001948328,0.3551355,-0.8582696,0.4981794,0.12325,1,0.5,1,0,0.5,-0.225496,0,0,0,0.728071,-0.5935434,0.7540281,-0.2813323,0,0,0,0,0.5,0.225496,0,0,0,0.6831822,-0.6160619,0.7826352,0.08916293,0,0,1
1036,0.05408814,0.002838492,-0.2253275,1.114949,0.09861197,-0.0007510188,0.3475364,-0.7602417,0.5059824,-0.4074486,1,0.5,0,0.137819,-0.4884005,0.2275314,1.500957,0.1409144,-0.02010763,0.07422203,-0.9762802,-0.1086697,0.1872644,1,1,1,0.1527767,-0.4874186,-0.2231699,1.88472,0.2318636,-0.009883944,0.1475069,-0.8426843,-0.094854,-0.5299865,1,1,0,0.03639204,0.001187288,0.2254006,1.047399,0.05071828,0.001378358,0.2949088,-0.8328359,0.5374041,0.1325945,1,0.5,1,0,0.5,-0.225496,0,0,0,0.7102209,-0.5771017,0.7651495,-0.2854818,0,0,0,0,0.5,0.225496,0,0,0,0.6646445,-0.5996857,0.7950924,0.09058215,0,0,1
1037,0.09770334,0.009465531,-0.2253245,1.077794,0.1908362,0.001310558,0.295923,-0.7158346,0.5471202,-0.4338667,1,0.5,0,0.1947615,-0.4801512,0.2264888,1.396645,0.2264605,-0.03600718,-0.01244584,-0.969515,-0.111067,0.2184144,1,1,1,0.2247743,-0.4742147,-0.2234882,1.770335,0.3603967,-0.01564622,0.06238139,-0.7871496,-0.08573306,-0.6107745,1,1,0,0.07904471,0.006202332,0.2253004,1.064106,0.1511645,-0.0001750887,0.2376387,-0.7976912,0.5859269,0.1427533,1,0.5,1,0,0.5,-0.225496,0,0,0,0.6926174,-0.5596536,0.7764435,-0.2896956,0,0,0,0,0.5,0.225496,0,0,0,0.6463413,-0.5822459,0.8077874,0.09202843,0,0,1
1038,0.137939,0.0193241,-0.2253585,0.9793699,0.2571648,0.001856685,0.2429669,-0.6516615,0.5993862,-0.4648371,1,0.5,0,0.2473761,-0.4688827,0.2248006,1.288333,0.3030227,-0.0358388,-0.1085393,-0.95725,-0.1095453,0.2677168,1,1,1,0.2915444,-0.4564771,-0.2239255,1.633782,0.4636856,-0.003539772,-0.02200228,-0.6915461,-0.06375994,-0.7195128,1,1,0,0.1199291,0.01461501,0.2252849,1.001469,0.2277698,0.0006042423,0.1763165,-0.7425115,0.6514923,0.155674,1,0.5,1,0,0.5,-0.225496,0,0,0,0.6678417,-0.5326937,0.7929157,-0.2958415,0,0,0,0,0.5,0.225496,0,0,0,0.6205428,-0.5551791,0.8263853,0.09414723,0,0,1
1039,0.1733931,0.03089163,-0.2253362,0.8569669,0.2916108,-0.002364815,0.2123249,-0.5946107,0.641409,-0.4848016,1,0.5,0,0.2962202,-0.4551877,0.2232456,1.198,0.3592835,-0.04305022,-0.1807048,-0.9418521,-0.09141283,0.3233548,1,1,1,0.351748,-0.4362113,-0.2239174,1.458721,0.5160259,-0.008795414,-0.07749906,-0.5803564,-0.02416882,-0.8140039,1,1,0,0.1560849,0.02476458,0.2253177,0.8670349,0.260124,-0.004236402,0.1392509,-0.6896575,0.7051449,0.1647518,1,0.5,1,0,0.5,-0.225496,0,0,0,0.6546392,-0.5170006,0.8019821,-0.2992242,0,0,0,0,0.5,0.225496,0,0,0,0.6067762,-0.5393584,0.8366641,0.09531827,0,0,1
1040,0.2043371,0.04351988,-0.2252215,0.7465783,0.3221481,0.006100538,0.1891831,-0.5338126,0.6812702,-0.5009141,1,0.5,0,0.3418299,-0.4396202,0.2220671,1.122408,0.3977777,-0.02978073,-0.2476347,-0.9129698,-0.05397018,0.4044418,1,1,1,0.4033198,-0.4152431,-0.2239955,1.230303,0.5207108,-0.004121663,-0.1166205,-0.4405867,0.02805797,-0.8972715,1,1,0,0.1853151,0.03521879,0.2252534,0.6807092,0.2597382,-0.002284349,0.111151,-0.633095,0.7546725,0.1722216,1,0.5,1,0,0.5,-0.225496,0,0,0,0.6420563,-0.5010539,0.8108181,-0.302521,0,0,0,0,0.5,0.225496,0,0,0,0.5936428,-0.5232346,0.8467115,0.09646294,0,0,1
1041,0.2320745,0.05620541,-0.225119,0.6974409,0.3419976,-0.05967917,0.1618648,-0.4441989,0.7285558,-0.5214343,1,0.5,0,0.3088121,-0.4465,0.2100233,-0.9711269,-0.195481,-0.5160446,-0.2639338,-0.9203438,-0.08684008,0.3813477,1,1,1,0.4372994,-0.3998165,-0.220018,0.6623539,0.3236861,-0.04686343,-0.1476099,-0.2519218,0.07430264,-0.964891,1,1,0,0.2039988,0.04226231,0.2248448,0.3397429,0.1138986,-0.08139092,0.07792258,-0.5572984,0.8102509,0.1814167,1,0.5,1,0,0.5,-0.225496,0,0,0,0.6196417,-0.4698594,0.8270503,-0.3085773,0,0,0,0,0.5,0.225496,0,0,0,0.5702146,-0.4915594,0.865247,0.09857462,0,0,1
1042,0.2623263,0.07274517,-0.2226035,0.6075817,0.3970561,0.0002928079,0.1504567,-0.3669482,0.7667615,-0.5267122,1,0.5,0,0.2523163,-0.4564275,0.1864343,-1.229556,-0.2326817,-0.8038196,-0.2407935,-0.9594432,-0.117387,0.2562989,1,1,1,0.4214329,-0.4012969,-0.2281928,-0.7192272,-0.08128735,-0.5653592,-0.1419762,-0.2222683,0.06899837,-0.9725411,1,1,0,0.1971907,0.03935557,0.2225546,-0.2918274,-0.1489794,-0.149975,0.06513679,-0.5376036,0.8234388,0.1814686,1,0.5,1,0,0.5,-0.225496,0,0,0,0.6080861,-0.4521402,0.8356751,-0.3117953,0,0,0,0,0.5,0.225496,0,0,0,0.5581194,-0.4734912,0.8751375,0.09970141,0,0,1
1043,0.2745622,0.08186047,-0.2204562,0.1280606,0.1041156,0.04008265,0.143697,-0.3126915,0.7889745,-0.5289076,1,0.5,0,0.2195522,-0.4613295,0.1705959,-0.7775928,-0.06485584,-0.191401,-0.2363868,-0.9722142,-0.1340202,0.1919324,1,1,1,0.3680733,-0.4082864,-0.2519513,-1.469191,-0.2239243,-0.4689576,-0.1123463,-0.2779992,0.04569433,-0.9594939,1,1,0,0.1866372,0.03521923,0.2196513,-0.1006507,-0.02777186,-0.01858399,0.05343676,-0.5225593,0.833373,0.1800591,1,0.5,1,0,0.5,-0.225496,0,0,0,0.5969356,-0.4337909,0.8441699,-0.3149647,0,0,0,0,0.5,0.225496,0,0,0,0.5464367,-0.4547248,0.8849078,0.1008145,0,0,1
1044,0.2593048,0.07228793,-0.2232853,-0.4868718,-0.301445,-0.05905779,0.1287618,-0.2717988,0.7924908,-0.5459704,1,0.5,0,0.1882052,-0.4567082,0.1852647,-0.7836874,0.1535088,0.5383896,-0.2474833,-0.9583378,-0.1216087,0.2584569,1,1,1,0.3002414,-0.4252916,-0.2504498,-1.764461,-0.4550012,0.2122656,-0.1074147,-0.3310365,0.001804452,-0.9436162,1,1,0,0.2012093,0.04176712,0.2230103,0.4156174,0.1908946,0.1118161,0.03089982,-0.4313284,0.8810836,0.1940296,1,0.5,1,0,0.5,-0.225496,0,0,0,0.5779225,-0.3991024,0.8590599,-0.3205203,0,0,0,0,0.5,0.225496,0,0,0,0.5264885,-0.4191001,0.9021046,0.1027737,0,0,1
1045,0.2294477,0.05544313,-0.2252692,-0.817551,-0.4394317,-0.03167094,0.1181449,-0.2853145,0.7788516,-0.558557,1,0.5,0,0.1599465,-0.4504889,0.2123006,-0.6784449,0.1386464,0.6987224,-0.2362394,-0.9321595,-0.09284506,0.3499407,1,1,1,0.2250134,-0.444487,-0.2339332,-1.911308,-0.4689472,0.4640901,-0.1021318,-0.4544218,-0.04646515,-0.8895739,1,1,0,0.2114481,0.04673995,0.2252374,0.1660273,0.08677918,0.03935473,0.0218581,-0.3724487,0.9058784,0.2016591,1,0.5,1,0,0.5,-0.225496,0,0,0,0.5684232,-0.3798246,0.8666978,-0.32337,0,0,0,0,0.5,0.225496,0,0,0,0.5165087,-0.3992228,0.9109612,0.1037827,0,0,1
1046,0.1871683,0.03613051,-0.2250556,-1.139421,-0.4874894,0.02417044,0.1084688,-0.3187075,0.7594975,-0.5670884,1,0.5,0,0.1355365,-0.4490242,0.238393,-0.5914385,0.006549063,0.6324919,-0.2264228,-0.8975726,-0.0841597,0.4327593,1,1,1,0.1470696,-0.4622035,-0.2121692,-1.952677,-0.4356133,0.5708071,-0.09206191,-0.5736709,-0.08874755,-0.8142638,1,1,0,0.2084832,0.04535057,0.2253901,-0.1568996,-0.0713751,-0.0008203093,0.01290566,-0.336531,0.9189811,0.2054766,1,0.5,1,0,0.5,-0.225496,0,0,0,0.5592802,-0.3597649,0.8741785,-0.3261611,0,0,0,0,0.5,0.225496,0,0,0,0.5068945,-0.3784824,0.9196594,0.1047736,0,0,1
1047,0.1318669,0.01745911,-0.2228938,-1.440721,-0.4409162,0.07583204,0.09655118,-0.342069,0.7433715,-0.5747936,1,0.5,0,0.1130644,-0.453213,0.2582885,-0.5567445,-0.152053,0.4415477,-0.2363094,-0.8451732,-0.1032007,0.5244347,1,1,1,0.06974486,-0.4776943,-0.1899079,-1.923242,-0.3659235,0.5422184,-0.08821249,-0.6464103,-0.1255364,-0.7525917,1,1,0,0.1936595,0.03906981,0.2233483,-0.4511403,-0.1922163,-0.04902782,-0.002796531,-0.2861386,0.9353712,0.2078592,1,0.5,1,0,0.5,-0.225496,0,0,0,0.5438828,-0.3218068,0.8870727,-0.330972,0,0,0,0,0.5,0.225496,0,0,0,0.4906833,-0.3390877,0.9347084,0.1064881,0,0,1
1048,0.07743282,0.005580675,-0.2207639,-1.272497,-0.2358226,0.03186763,0.09503263,-0.3820574,0.7253059,-0.572681,1,0.5,0,0.08930104,-0.465768,0.2603754,-0.6169173,-0.376469,-0.1160041,-0.2397821,-0.8280305,-0.1528259,0.5394533,1,1,1,-0.006302224,-0.4857464,-0.1798868,-1.89771,-0.1349658,0.1135022,-0.06380361,-0.7131459,-0.1369713,-0.687504,1,1,0,0.16267,0.02729765,0.2216643,-0.9028431,-0.3297259,-0.03496261,-0.01419488,-0.2925029,0.9330853,0.2092698,1,0.5,1,0,0.5,-0.225496,0,0,0,0.5342765,-0.2946692,0.8953118,-0.3340461,0,0,0,0,0.5,0.225496,0,0,0,0.4805559,-0.3108129,0.9443623,0.1075879,0,0,1
1049,0.04217559,0.001201293,-0.2232151,-0.7813479,-0.08346851,-0.09274635,0.09927166,-0.4047359,0.7128675,-0.5727205,1,0.5,0,0.06110824,-0.4867204,0.2373356,-0.7389092,-0.5403357,-0.6933185,-0.2402734,-0.8609597,-0.233786,0.451766,1,1,1,-0.07996204,-0.4827671,-0.1910836,-1.801627,0.1186371,-0.3766635,-0.01730943,-0.7555242,-0.1176055,-0.6444782,1,1,0,0.1076045,0.01100435,0.2230877,-1.529537,-0.4162926,0.0422314,-0.01732969,-0.3669542,0.905389,0.2135778,1,0.5,1,0,0.5,-0.225496,0,0,0,0.5285476,-0.2768198,0.9002986,-0.3359067,0,0,0,0,0.5,0.225496,0,0,0,0.4745113,-0.2921694,0.9502199,0.1082553,0,0,1
1050,0.002141775,-0.001089877,-0.2253094,-1.166417,-0.03200133,-0.02940149,0.09622657,-0.395833,0.7126656,-0.579158,1,0.5,0,0.01593683,-0.4996047,0.2199079,-1.328804,-0.2115891,-0.243944,-0.2454867,-0.8730826,-0.289198,0.3925448,1,1,1,-0.1313325,-0.4827171,-0.2060542,-1.037096,-0.08673672,-0.3388309,-0.003971815,-0.7448779,-0.1143424,-0.65733,1,1,0,0.04075002,5.97341E-05,0.2241687,-1.635144,-0.1912196,0.0170678,-0.01901773,-0.4104059,0.8858117,0.2165749,1,0.5,1,0,0.5,-0.225496,0,0,0,0.5166405,-0.2342499,0.9108431,-0.3398409,0,0,0,0,0.5,0.225496,0,0,0,0.4619355,-0.2475717,0.9626426,0.1096706,0,0,1
1051,-0.06153192,0.003536419,-0.2239704,-1.65801,0.1835417,0.0330791,0.1149157,-0.4462662,0.6985289,-0.559378,1,0.5,0,-0.05700628,-0.4981661,0.2243292,-1.92014,0.07792565,0.08082244,-0.2017829,-0.9050136,-0.2419919,0.3498433,1,1,1,-0.1482725,-0.4889458,-0.2172541,-0.2969534,-0.1100824,-0.317035,-0.001866847,-0.7250203,-0.1263635,-0.677036,1,1,0,-0.01440236,9.994837E-06,0.2245743,-1.311756,0.02570765,-0.004507603,-0.005955994,-0.4600533,0.8622916,0.2116701,1,0.5,1,0,0.5,-0.225496,0,0,0,0.5110209,-0.2105636,0.9159059,-0.3417298,0,0,0,0,0.5,0.225496,0,0,0,0.4559943,-0.2226835,0.968625,0.1103521,0,0,1
1052,-0.1195921,0.01442329,-0.224159,-1.357968,0.2958938,-0.0002950431,0.1377317,-0.4814819,0.6906091,-0.5396612,1,0.5,0,-0.1346988,-0.4909448,0.2201048,-1.930434,0.2189116,-0.1160264,-0.1564482,-0.9377424,-0.1890393,0.2913819,1,1,1,-0.1557584,-0.4843504,-0.2303122,-0.1610771,0.1790852,-0.2642938,-0.006112218,-0.6949404,-0.1181451,-0.7092952,1,1,0,-0.07006749,0.004846721,0.2241255,-1.444314,0.1583624,0.0120163,0.01263398,-0.5023695,0.8404568,0.2031186,1,0.5,1,0,0.5,-0.225496,0,0,0,0.5059752,-0.1863507,0.9204998,-0.3434438,0,0,0,0,0.5,0.225496,0,0,0,0.4506567,-0.1971944,0.9740635,0.1109717,0,0,1
1053,-0.1617512,0.02627795,-0.2252694,-0.9587448,0.2950304,-0.02809243,0.1518906,-0.487983,0.6937943,-0.5296432,1,0.5,0,-0.2069453,-0.4773642,0.2160391,-1.741358,0.3812851,-0.07322061,-0.1207208,-0.9578843,-0.1354257,0.2532147,1,1,1,-0.1629346,-0.4736847,-0.2328671,-0.2068364,0.2819182,0.02366231,-0.02173412,-0.6676096,-0.09970333,-0.7378054,1,1,0,-0.1320427,0.01700951,0.2247487,-1.569526,0.3518412,0.02237783,0.03889334,-0.5351764,0.8220727,0.1943774,1,0.5,1,0,0.5,-0.225496,0,0,0,0.5006458,-0.1562594,0.9254024,-0.345273,0,0,0,0,0.5,0.225496,0,0,0,0.4450153,-0.1654579,0.9798783,0.1116342,0,0,1
1054,-0.1887578,0.03637671,-0.2257453,-0.5779269,0.2260704,-0.006056579,0.1500131,-0.4594349,0.7113344,-0.5319051,1,0.5,0,-0.26386,-0.4574026,0.2220465,-1.306338,0.534797,0.233201,-0.1113076,-0.9615335,-0.08079033,0.262538,1,1,1,-0.1804276,-0.4635653,-0.2210788,-0.530413,0.2342881,0.3698604,-0.05052826,-0.645888,-0.08357647,-0.7588436,1,1,0,-0.1927469,0.03767943,0.2251785,-1.48618,0.5641594,0.003545733,0.06359977,-0.5369551,0.8227105,0.1866192,1,0.5,1,0,0.5,-0.225496,0,0,0,0.4944432,-0.1104949,0.9311744,-0.3474266,0,0,0,0,0.5,0.225496,0,0,0,0.4384451,-0.1170882,0.9867386,0.1124157,0,0,1
1055,-0.201912,0.04218084,-0.2245125,-0.2468296,0.1173247,0.03678428,0.1486246,-0.4437158,0.7218056,-0.5311431,1,0.5,0,-0.3056389,-0.4330946,0.239563,-0.9789366,0.6224948,0.4645297,-0.09055787,-0.956257,-0.01732739,0.2920144,1,1,1,-0.2103699,-0.4571723,-0.2006011,-0.8012648,0.139764,0.5294616,-0.06236038,-0.6769561,-0.07122818,-0.7325688,1,1,0,-0.2433895,0.06277414,0.2242007,-1.184617,0.6357629,-0.04281553,0.09848553,-0.5501929,0.816685,0.1741073,1,0.5,1,0,0.5,-0.225496,0,0,0,0.4920792,-0.08657871,0.9333932,-0.3482544,0,0,0,0,0.5,0.225496,0,0,0,0.4359396,-0.09177188,0.9893801,0.1127167,0,0,1
1056,-0.2092958,0.045518,-0.2218703,-0.192082,0.08643199,0.05659687,0.1416492,-0.4196612,0.7348533,-0.5327993,1,0.5,0,-0.341005,-0.4112365,0.254968,-0.858869,0.4997762,0.3134475,-0.07665285,-0.9471763,0.03487335,0.3188116,1,1,1,-0.2438049,-0.4517441,-0.1835519,-0.8294213,0.143604,0.3482999,-0.06977746,-0.7061096,-0.05983898,-0.7055696,1,1,0,-0.2770794,0.08368254,0.222422,-0.7318559,0.4647756,-0.05061703,0.1195766,-0.5440148,0.8226303,0.1653096,1,0.5,1,0,0.5,-0.225496,0,0,0,0.4901722,-0.06057474,0.9351909,-0.3489252,0,0,0,0,0.5,0.225496,0,0,0,0.4339181,-0.06422343,0.9915217,0.1129607,0,0,1
1057,-0.2247963,0.05301407,-0.2219514,-0.4574003,0.2257957,-0.03116803,0.1351067,-0.3758344,0.7542261,-0.5384156,1,0.5,0,-0.372409,-0.3996708,0.2539017,-0.7602322,0.2096982,-0.1466796,-0.09029707,-0.9428969,0.0642641,0.3268264,1,1,1,-0.2739617,-0.4431241,-0.1840307,-0.724988,0.2399624,-0.1419552,-0.0809637,-0.6869579,-0.0408654,-0.7255473,1,1,0,-0.2899224,0.09247608,0.2226464,-0.1923219,0.1288917,0.01735315,0.10964,-0.4983613,0.8504627,0.1683722,1,0.5,1,0,0.5,-0.225496,0,0,0,0.4884517,-0.014061,0.9368187,-0.3495325,0,0,0,0,0.5,0.225496,0,0,0,0.4320937,-0.01491118,0.9934624,0.1131818,0,0,1
1058,-0.2448805,0.06363059,-0.2241986,-0.4777918,0.2676468,-0.05252438,0.1428129,-0.3648274,0.7617,-0.5354569,1,0.5,0,-0.3992009,-0.3983154,0.2388987,-0.633839,-0.009903315,-0.4170837,-0.09245011,-0.9540824,0.06792942,0.2917403,1,1,1,-0.3015936,-0.43259,-0.2000077,-0.6934988,0.2640621,-0.449186,-0.06726149,-0.6729903,-0.01522862,-0.7394945,1,1,0,-0.2843678,0.08820059,0.2243907,0.2362207,-0.1823951,0.04616158,0.09192681,-0.4629002,0.8686894,0.1763575,1,0.5,1,0,0.5,-0.225496,0,0,0,0.4884083,0.0104863,0.9368598,-0.3495479,0,0,0,0,0.5,0.225496,0,0,0,0.4320477,0.0111204,0.9935114,0.1131873,0,0,1
1059,-0.2554788,0.06958406,-0.2256415,-0.1763374,0.1060475,-0.01989529,0.1430898,-0.3424267,0.7706296,-0.53747,1,0.5,0,-0.4164934,-0.4010327,0.2250255,-0.3476338,-0.08426163,-0.2989606,-0.1037844,-0.9621674,0.06301431,0.2650717,1,1,1,-0.333839,-0.4243235,-0.2176908,-0.8588109,0.1915828,-0.4098201,-0.04924205,-0.6623762,0.003719357,-0.7491621,1,1,0,-0.2661817,0.0758938,0.2252147,0.5183013,-0.3385586,0.01402125,0.06239563,-0.4105901,0.8924212,0.187083,1,0.5,1,0,0.5,-0.225496,0,0,0,0.488983,0.03566049,0.9363154,-0.3493447,0,0,0,0,0.5,0.225496,0,0,0,0.4326571,0.03781414,0.9928623,0.1131134,0,0,1
1060,-0.2518097,0.06758866,-0.2255011,0.174141,-0.09972457,0.01148209,0.1264195,-0.2737239,0.7879522,-0.5515492,1,0.5,0,-0.4190731,-0.4061626,0.2206832,0.02708883,-0.1386569,-0.05090835,-0.1460674,-0.9570451,0.05604839,0.28447,1,1,1,-0.3740496,-0.4172964,-0.2279854,-1.041134,0.1772986,-0.1932309,-0.04455215,-0.6448727,0.01911009,-0.7640511,1,1,0,-0.2394355,0.0605577,0.2253494,0.7199082,-0.3901161,0.0003539027,0.02263474,-0.3044034,0.9309708,0.2015737,1,0.5,1,0,0.5,-0.225496,0,0,0,0.4916142,0.08102315,0.933831,-0.3484178,0,0,0,0,0.5,0.225496,0,0,0,0.4354467,0.08588806,0.9899014,0.1127761,0,0,1
1061,-0.2361405,0.05909895,-0.2250032,0.4573414,-0.2438123,0.01296327,0.1082349,-0.2053579,0.797552,-0.5672203,1,0.5,0,-0.4098077,-0.412164,0.2229128,0.2954082,-0.1432762,0.09229708,-0.1838856,-0.9445093,0.04376886,0.3255557,1,1,1,-0.4145879,-0.407887,-0.2281128,-0.9840075,0.258641,0.06965625,-0.03790286,-0.6564706,0.03919736,-0.7533325,1,1,0,-0.205542,0.04413424,0.2247378,0.8860428,-0.4055991,-0.01573489,-0.009194463,-0.1921482,0.9578829,0.2133998,1,0.5,1,0,0.5,-0.225496,0,0,0,0.4945937,0.1118393,0.9310335,-0.347374,0,0,0,0,0.5,0.225496,0,0,0,0.4386046,0.1185107,0.9865709,0.1123966,0,0,1
1062,-0.2095468,0.04595442,-0.2246181,0.7368448,-0.359437,-0.001461059,0.08949631,-0.1314358,0.8006063,-0.5845976,1,0.5,0,-0.3922873,-0.4181252,0.2275757,0.4891412,-0.1385004,0.1111187,-0.2183091,-0.9237837,0.02795531,0.3818928,1,1,1,-0.4472463,-0.3939497,-0.219385,-0.7516298,0.3806071,0.2512456,-0.03572839,-0.6788709,0.06903347,-0.7310053,1,1,0,-0.1685715,0.02912703,0.2243171,0.9235945,-0.3527591,-0.01462028,-0.03164616,-0.07794451,0.971759,0.2227313,1,0.5,1,0,0.5,-0.225496,0,0,0,0.4971383,0.1324449,0.9286575,-0.3464875,0,0,0,0,0.5,0.225496,0,0,0,0.4413006,0.1403015,0.9837453,0.1120747,0,0,1
1063,-0.173946,0.03107273,-0.2240429,0.9143311,-0.3475769,0.01558737,0.0721904,-0.01921527,0.7988123,-0.6012735,1,0.5,0,-0.3855746,-0.4148753,0.2333172,-0.2469392,0.3085197,0.1709797,-0.2499485,-0.8903104,0.04448964,0.4531755,1,1,1,-0.4669294,-0.3739098,-0.2085003,-0.395395,0.5439329,0.2123834,-0.04941308,-0.6746272,0.1156052,-0.7290497,1,1,0,-0.1344483,0.01767982,0.2249767,0.8242536,-0.2711183,0.02117903,-0.04318026,0.06239425,0.9712361,0.2297989,1,0.5,1,0,0.5,-0.225496,0,0,0,0.5016968,0.1626752,0.9244314,-0.3449107,0,0,0,0,0.5,0.225496,0,0,0,0.4461282,0.1722295,0.9787257,0.1115029,0,0,1
1064,-0.1390588,0.01943431,-0.2244071,0.8290443,-0.2562549,0.01900048,0.06728214,0.1218884,0.7852077,-0.6071178,1,0.5,0,-0.4219983,-0.3775257,0.2401784,-1.13514,1.135484,0.1975224,-0.2499987,-0.8551732,0.1938964,0.480711,1,1,1,-0.4731039,-0.3521286,-0.2072136,-0.07844421,0.5276205,0.008059296,-0.07256839,-0.6197484,0.1728262,-0.7655345,1,1,0,-0.1086586,0.01178522,0.2255251,0.5490551,-0.1205089,0.04048572,-0.03880516,0.2158421,0.9492413,0.228808,1,0.5,1,0,0.5,-0.225496,0,0,0,0.5100458,0.2061331,0.9167901,-0.3420598,0,0,0,0,0.5,0.225496,0,0,0,0.454963,0.218023,0.9696711,0.1104713,0,0,1
1065,-0.1113299,0.01246119,-0.2250503,0.6887342,-0.1779453,0.01085923,0.07220244,0.2218027,0.7662693,-0.6030214,1,0.5,0,-0.4618798,-0.3263479,0.2394187,-0.9133372,1.268207,-0.04067869,-0.2275969,-0.8209665,0.3658257,0.4383896,1,1,1,-0.4700018,-0.3357432,-0.2114194,0.1374439,0.3711389,-0.08176047,-0.08563796,-0.5593078,0.2178211,-0.7998304,1,1,0,-0.09047685,0.008144122,0.2253668,0.3938565,-0.07673151,0.02551601,-0.02944821,0.3140337,0.9226277,0.2239218,1,0.5,1,0,0.5,-0.225496,0,0,0,0.5166634,0.234341,0.9108226,-0.3398332,0,0,0,0,0.5,0.225496,0,0,0,0.4619597,0.2476673,0.9626183,0.1096678,0,0,1
1066,-0.08810508,0.007395892,-0.2253578,0.5629627,-0.1200581,0.000996888,0.07995278,0.2948527,0.7472951,-0.595493,1,0.5,0,-0.4881458,-0.2795288,0.2319691,-0.5809086,1.109566,-0.217896,-0.2059758,-0.7789836,0.4981604,0.3808159,1,1,1,-0.4598047,-0.3269679,-0.2157384,0.2860905,0.1738519,-0.1048007,-0.09650558,-0.4974023,0.2454362,-0.832077,1,1,0,-0.07736631,0.005693831,0.2254874,0.2933179,-0.05816361,0.006964806,-0.0198788,0.3785281,0.8991351,0.21971,1,0.5,1,0,0.5,-0.225496,0,0,0,0.5217531,0.2535894,0.9062855,-0.3381404,0,0,0,0,0.5,0.225496,0,0,0,0.4673371,0.2678546,0.9572671,0.1090581,0,0,1
1067,-0.06702567,0.00378635,-0.2252865,0.5208248,-0.07581513,0.005481394,0.1006563,0.3969492,0.715528,-0.5748487,1,0.5,0,-0.5004261,-0.2496429,0.2195337,-0.2114014,0.5926782,-0.3355065,-0.2188911,-0.6935758,0.6273622,0.3540753,1,1,1,-0.4479266,-0.3202088,-0.2228809,0.2838836,0.1891167,-0.2237932,-0.113921,-0.36902,0.2740142,-0.8881106,1,1,0,-0.06981914,0.004346555,0.2257947,0.1551875,-0.03169401,0.007030371,0.001911581,0.4694782,0.8574151,0.2107836,1,0.5,1,0,0.5,-0.225496,0,0,0,0.5344789,0.2952749,0.8951367,-0.3339807,0,0,0,0,0.5,0.225496,0,0,0,0.4807694,0.311445,0.9441567,0.1075645,0,0,1
1068,-0.04672248,0.00166076,-0.2252232,0.4962474,-0.04730763,0.0008665029,0.1182329,0.4578996,0.691747,-0.5584032,1,0.5,0,-0.4986137,-0.247785,0.2045766,0.12462,-0.1252741,-0.3848346,-0.2403692,-0.6501644,0.6864172,0.3257574,1,1,1,-0.4388428,-0.3085094,-0.2383176,0.2165289,0.3165559,-0.4322814,-0.1074654,-0.2777633,0.2993127,-0.9128305,1,1,0,-0.06705368,0.004117291,0.2253877,0.04052819,-0.004190092,-0.0120461,0.01492608,0.5102818,0.8352991,0.2046657,1,0.5,1,0,0.5,-0.225496,0,0,0,0.5419303,0.3165385,0.8887351,-0.3315922,0,0,0,0,0.5,0.225496,0,0,0,0.4886257,0.3336056,0.9366538,0.1067097,0,0,1
1069,-0.03816001,0.001026998,-0.224968,0.04361236,-0.01720387,-0.03485607,0.1413857,0.5171515,0.6657881,-0.537848,1,0.5,0,-0.5098886,-0.2372413,0.1891337,-0.4594954,0.4706124,-0.4134843,-0.255012,-0.5715994,0.7704814,0.2821923,1,1,1,-0.4357948,-0.301129,-0.2511808,-0.02856554,0.09603802,-0.2686889,-0.102865,-0.1660423,0.3144298,-0.9346464,1,1,0,-0.07392319,0.005051812,0.224602,-0.258992,0.04921078,-0.05939009,0.03321862,0.5549889,0.808396,0.196171,1,0.5,1,0,0.5,-0.225496,0,0,0,0.5552891,0.3504761,0.8774846,-0.3273946,0,0,0,0,0.5,0.225496,0,0,0,0.502695,0.3688596,0.9235111,0.1052125,0,0,1
1070,-0.04171635,0.00114323,-0.2242079,-0.170807,0.01514289,-0.01496673,0.1544952,0.5454257,0.65263,-0.5259135,1,0.5,0,-0.5343564,-0.2181005,0.1746255,-0.6135645,0.4360335,-0.3726842,-0.2458146,-0.5337113,0.8179048,0.2149043,1,1,1,-0.4407943,-0.2980847,-0.2593901,-0.1883269,0.06706867,-0.2256871,-0.09741896,-0.104574,0.3177379,-0.9423943,1,1,0,-0.09100021,0.007897212,0.224129,-0.4596533,0.08156683,-0.04588218,0.0420199,0.5676814,0.8005189,0.1921128,1,0.5,1,0,0.5,-0.225496,0,0,0,0.5657396,0.3741015,0.8688802,-0.3241842,0,0,0,0,0.5,0.225496,0,0,0,0.5136878,0.3933112,0.9134962,0.1040715,0,0,1
1071,-0.05082811,0.002007947,-0.223413,-0.2926567,0.02478709,0.006336721,0.1668115,0.5681257,0.6418725,-0.5150076,1,0.5,0,-0.5545912,-0.2139576,0.1641955,-0.5502942,0.1630709,-0.2253578,-0.2499543,-0.4996302,0.8480149,0.1767496,1,1,1,-0.4527673,-0.2922769,-0.2681692,-0.3675537,0.1464442,-0.1792923,-0.08879307,-0.05619179,0.3251967,-0.9439754,1,1,0,-0.1124306,0.01226323,0.2234177,-0.5425332,0.1188906,-0.02623649,0.05082208,0.5759215,0.795653,0.1877516,1,0.5,1,0,0.5,-0.225496,0,0,0,0.5777068,0.3986806,0.8592318,-0.3205844,0,0,0,0,0.5,0.225496,0,0,0,0.526262,0.4186658,0.9023036,0.1027964,0,0,1
1072,-0.06844301,0.004300769,-0.2228979,-0.4738037,0.06536187,0.02268107,0.1757976,0.5806226,0.6367302,-0.5073974,1,0.5,0,-0.5763416,-0.2081628,0.1612784,-0.5443516,0.1352609,-0.02035574,-0.2499985,-0.4620581,0.8713439,0.1651125,1,1,1,-0.4725229,-0.286479,-0.2706478,-0.5288201,0.1431719,-0.01692475,-0.08501971,-0.02818586,0.3362112,-0.9413647,1,1,0,-0.1345788,0.01795887,0.2230696,-0.5540373,0.1490534,0.001638383,0.06050003,0.5820652,0.7920765,0.1838886,1,0.5,1,0,0.5,-0.225496,0,0,0,0.5905066,0.4225801,0.8491467,-0.3168216,0,0,0,0,0.5,0.225496,0,0,0,0.5396953,0.4432321,0.8906456,0.1014682,0,0,1
1073,-0.09240166,0.008095823,-0.2233123,-0.6277512,0.1127345,-0.01150743,0.1838428,0.5873712,0.6347889,-0.5020339,1,0.5,0,-0.5972119,-0.202868,0.1658097,-0.503275,0.103271,0.1633466,-0.2499512,-0.4124823,0.8923537,0.183203,1,1,1,-0.4973534,-0.2820223,-0.2669792,-0.6419289,0.1029969,0.1283199,-0.08709168,-0.007949099,0.3486916,-0.9372038,1,1,0,-0.1554127,0.02428785,0.2230944,-0.5092503,0.1635786,0.005640837,0.07278019,0.5912538,0.7861443,0.1799895,1,0.5,1,0,0.5,-0.225496,0,0,0,0.6049659,0.447137,0.8380349,-0.3126757,0,0,0,0,0.5,0.225496,0,0,0,0.5548515,0.4683798,0.8778487,0.1000103,0,0,1
1074,-0.1207809,0.01429213,-0.2237764,-0.7363546,0.1689165,-0.01637862,0.1894246,0.5860874,0.6386371,-0.4986425,1,0.5,0,-0.6153195,-0.1999341,0.1766742,-0.4356565,0.06523805,0.2965995,-0.2499928,-0.3618917,0.9042378,0.2266902,1,1,1,-0.5244451,-0.278838,-0.2580059,-0.6850693,0.07365647,0.2505631,-0.09435824,0.0009833166,0.3627881,-0.9318712,1,1,0,-0.1742576,0.03091859,0.2237704,-0.4554542,0.1729532,0.01363606,0.08519548,0.5990928,0.7807965,0.177326,1,0.5,1,0,0.5,-0.225496,0,0,0,0.6190642,0.4690026,0.8274771,-0.3087365,0,0,0,0,0.5,0.225496,0,0,0,0.5696105,0.490687,0.8657357,0.09863029,0,0,1
1075,-0.1518146,0.02301989,-0.2244489,-0.7800791,0.2316413,-0.01634062,0.1952428,0.580883,0.6458462,-0.4954368,1,0.5,0,-0.6313382,-0.1982819,0.1901575,-0.3866853,0.03011079,0.3437103,-0.2499932,-0.3026675,0.9108477,0.2806225,1,1,1,-0.5519315,-0.275912,-0.2470551,-0.685561,0.07741305,0.2790564,-0.1034274,0.009425278,0.3784629,-0.9255685,1,1,0,-0.1917595,0.03771878,0.2246562,-0.4337275,0.1817369,0.01697988,0.09868056,0.6078531,0.774568,0.1748114,1,0.5,1,0,0.5,-0.225496,0,0,0,0.6338483,0.4900738,0.8166877,-0.304711,0,0,0,0,0.5,0.225496,0,0,0,0.5850686,0.5121052,0.8534023,0.09722519,0,0,1
1076,-0.1827833,0.03393909,-0.2249283,-0.7650542,0.2878676,-0.01082942,0.202376,0.5744792,0.6548331,-0.4910878,1,0.5,0,-0.6455455,-0.1976752,0.2029076,-0.3469349,0.005580487,0.3082806,-0.2499644,-0.2370134,0.9131688,0.331583,1,1,1,-0.5784928,-0.2716316,-0.2370814,-0.6522747,0.1207963,0.2379247,-0.1109018,0.02002302,0.3967337,-0.9177154,1,1,0,-0.2090813,0.04515176,0.2252031,-0.4316019,0.1882967,0.01571701,0.1126446,0.6156954,0.7690459,0.1717196,1,0.5,1,0,0.5,-0.225496,0,0,0,0.6491615,0.5101839,0.805805,-0.3006505,0,0,0,0,0.5,0.225496,0,0,0,0.6010604,0.5324719,0.8410075,0.09581309,0,0,1
1077,-0.2117694,0.04639181,-0.2252979,-0.7040362,0.3176538,-0.001706184,0.2115496,0.5689949,0.6638916,-0.485276,1,0.5,0,-0.6579946,-0.1976868,0.2131048,-0.3008188,-0.005491825,0.2402351,-0.2499883,-0.1654209,0.9132102,0.3724019,1,1,1,-0.6028326,-0.2651028,-0.2295764,-0.5918475,0.1756326,0.1692735,-0.1149258,0.03584985,0.4178343,-0.9078156,1,1,0,-0.2256686,0.053272,0.2254063,-0.4094632,0.2021405,0.004823508,0.1274303,0.6231271,0.7638649,0.1679968,1,0.5,1,0,0.5,-0.225496,0,0,0,0.66494,0.5293298,0.7948907,-0.2965784,0,0,0,0,0.5,0.225496,0,0,0,0.6175183,0.5517918,0.8286217,0.09440203,0,0,1
1078,-0.2367401,0.05892199,-0.2254767,-0.6014379,0.3137346,-0.00797883,0.2236233,0.5683216,0.6701304,-0.4774261,1,0.5,0,-0.6682921,-0.1979829,0.2206229,-0.2416165,-0.007364902,0.1632199,-0.2499422,-0.08118635,0.9118576,0.4023985,1,1,1,-0.6243136,-0.2570322,-0.2244652,-0.5190583,0.2048016,0.107918,-0.1155952,0.06159453,0.4395571,-0.8961003,1,1,0,-0.2407487,0.06127192,0.2255168,-0.3563607,0.1925035,-0.009524081,0.1437498,0.6326093,0.7569274,0.1639097,1,0.5,1,0,0.5,-0.225496,0,0,0,0.6818357,0.5482918,0.7835269,-0.2923385,0,0,0,0,0.5,0.225496,0,0,0,0.63512,0.5708566,0.8157728,0.09293818,0,0,1
1079,-0.2567276,0.07029931,-0.2254273,-0.4622886,0.2756835,0.002654643,0.2376792,0.5727925,0.6727847,-0.4682622,1,0.5,0,-0.6750767,-0.1995345,0.2258446,-0.1457424,-0.05223157,0.1209684,-0.2499855,0.01675127,0.9058096,0.4233538,1,1,1,-0.6417491,-0.248821,-0.2212871,-0.4076035,0.2009385,0.06908703,-0.1136365,0.09709934,0.4585812,-0.8833318,1,1,0,-0.2529928,0.06849887,0.2256037,-0.2846935,0.1735114,0.002764167,0.1613539,0.6445442,0.7477068,0.1596781,1,0.5,1,0,0.5,-0.225496,0,0,0,0.6992681,0.5663994,0.7721376,-0.288089,0,0,0,0,0.5,0.225496,0,0,0,0.6532588,0.5889959,0.802942,0.09147643,0,0,1
1080,-0.2712856,0.07942825,-0.2252897,-0.3291742,0.2095346,0.0051111,0.2530829,0.5825288,0.6711456,-0.4585016,1,0.5,0,-0.6776317,-0.2034857,0.2293448,-0.02985896,-0.1206451,0.07798675,-0.2499696,0.12937,0.8899491,0.4373261,1,1,1,-0.6539033,-0.2422956,-0.2193247,-0.2679498,0.1464643,0.04386233,-0.1100859,0.1438132,0.4711408,-0.8702552,1,1,0,-0.2613097,0.07325436,0.225547,-0.1794875,0.1056225,0.001201779,0.179484,0.6603076,0.7347552,0.155334,1,0.5,1,0,0.5,-0.225496,0,0,0,0.7169274,0.5834186,0.7609328,-0.2839085,0,0,0,0,0.5,0.225496,0,0,0,0.6716118,0.6059841,0.7903642,0.09004348,0,0,1
1081,-0.2801022,0.08548248,-0.2253479,-0.1848594,0.1346641,0.001224131,0.2700089,0.5980083,0.6642553,-0.4484986,1,0.5,0,-0.6737061,-0.2124413,0.2315525,0.1416058,-0.2638386,0.04532116,-0.2499548,0.2674228,0.8540806,0.4461295,1,1,1,-0.6597792,-0.239767,-0.2185423,-0.09779934,0.03605933,0.01670644,-0.1052578,0.2046771,0.4717838,-0.8576289,1,1,0,-0.2651253,0.07577018,0.2253251,-0.06898347,0.0416998,-0.007738176,0.1992267,0.6799634,0.7176073,0.1506308,1,0.5,1,0,0.5,-0.225496,0,0,0,0.7350276,0.5996416,0.7497808,-0.2797476,0,0,0,0,0.5,0.225496,0,0,0,0.6904012,0.6221213,0.777889,0.08862222,0,0,1
1082,-0.2831378,0.08769167,-0.2252655,-0.04097076,0.03061519,0.002177061,0.2972578,0.6303183,0.6443232,-0.4330663,1,0.5,0,-0.661146,-0.2295801,0.232402,0.3723623,-0.4930595,0.01167208,-0.2416984,0.4820644,0.7604285,0.4351577,1,1,1,-0.6580876,-0.2430047,-0.2183296,0.09520654,-0.1203239,-0.001367182,-0.09474701,0.314807,0.4515583,-0.8348603,1,1,0,-0.2654462,0.0760385,0.2252946,0.01099855,-0.005440044,0.0001944602,0.2305862,0.7120554,0.6871722,0.1441235,1,0.5,1,0,0.5,-0.225496,0,0,0,0.7625812,0.6222681,0.7334182,-0.2736426,0,0,0,0,0.5,0.225496,0,0,0,0.7189641,0.6445342,0.7596614,0.08654562,0,0,1
1083,-0.2808453,0.08621258,-0.2252017,0.08790944,-0.06293396,0.001391769,0.3134218,0.6506739,0.629701,-0.4243821,1,0.5,0,-0.6384657,-0.2552184,0.2316149,0.6299856,-0.6863374,-0.03049598,-0.2333755,0.6437964,0.6405323,0.4186221,1,1,1,-0.6477696,-0.2533057,-0.2192829,0.3159405,-0.3029489,-0.02391563,-0.0861243,0.3922626,0.4172613,-0.8197701,1,1,0,-0.2625136,0.07437015,0.2252257,0.09445552,-0.0528753,-0.001146645,0.2492082,0.7309103,0.6678653,0.1404492,1,0.5,1,0,0.5,-0.225496,0,0,0,0.7779413,0.6339239,0.7246029,-0.2703536,0,0,0,0,0.5,0.225496,0,0,0,0.7348667,0.6560364,0.7498785,0.08543108,0,0,1
1084,-0.273066,0.08110789,-0.2252785,0.2271564,-0.1463075,0.002833457,0.3420653,0.6849826,0.6022192,-0.4100377,1,0.5,0,-0.6054019,-0.287193,0.2298895,0.8978192,-0.8287597,-0.05082266,-0.1981626,0.8099201,0.4598734,0.3640684,1,1,1,-0.6283001,-0.270812,-0.2202503,0.5489709,-0.4758658,-0.02729968,-0.06532186,0.5097243,0.3570182,-0.7827637,1,1,0,-0.2564729,0.07074962,0.2252707,0.1722337,-0.1019925,0.0001743437,0.2809978,0.7597886,0.6360448,0.13479,1,0.5,1,0,0.5,-0.225496,0,0,0,0.8035014,0.6519871,0.7103943,-0.2650523,0,0,0,0,0.5,0.225496,0,0,0,0.7613001,0.6738017,0.7341631,0.08364068,0,0,1
1085,-0.2600138,0.07278063,-0.2252577,0.3594355,-0.2333538,0.005952271,0.3638341,0.7119417,0.5774033,-0.3996806,1,0.5,0,-0.5616181,-0.323628,0.2274681,1.167635,-0.9254146,-0.05129131,-0.153235,0.9037682,0.2952202,0.3099163,1,1,1,-0.5992587,-0.2944397,-0.2210317,0.7860723,-0.6281974,-0.006506595,-0.04212305,0.6022459,0.2873268,-0.7448108,1,1,0,-0.2469693,0.06498891,0.2254507,0.2539241,-0.1544875,0.004927071,0.3041325,0.7810204,0.6105821,0.131136,1,0.5,1,0,0.5,-0.225496,0,0,0,0.8200347,0.6628714,0.7014967,-0.2617325,0,0,0,0,0.5,0.225496,0,0,0,0.7783793,0.6844707,0.7243546,0.08252323,0,0,1
1086,-0.2427689,0.06246002,-0.225504,0.4559146,-0.2598715,-0.004790725,0.3922213,0.7418402,0.5474651,-0.3872403,1,0.5,0,-0.5072806,-0.3608345,0.2248933,1.418096,-0.9245563,-0.05214813,-0.08388075,0.9549522,0.1566029,0.2520752,1,1,1,-0.5599223,-0.32397,-0.2215929,1.057235,-0.7704648,-0.004296752,-0.004080445,0.6951375,0.2057389,-0.6888071,1,1,0,-0.2324887,0.05680426,0.2254077,0.3946142,-0.2266278,0.0002212823,0.3342767,0.805687,0.57871,0.1263463,1,0.5,1,0,0.5,-0.225496,0,0,0,0.8398669,0.6751824,0.6911134,-0.2578585,0,0,0,0,0.5,0.225496,0,0,0,0.7988477,0.6965055,0.7129396,0.08122277,0,0,1
1087,-0.2233934,0.05213375,-0.2254954,0.4876824,-0.2528404,-0.0008448962,0.4244299,0.7699368,0.5172201,-0.3737389,1,0.5,0,-0.4453093,-0.395274,0.2243418,1.586877,-0.8289072,0.001538545,0.001768231,0.9762211,0.06123536,0.2079482,1,1,1,-0.507854,-0.3590747,-0.2208842,1.388476,-0.9107981,0.01837537,0.05069,0.7759211,0.1215298,-0.6190128,1,1,0,-0.2100107,0.04586843,0.2253352,0.6276476,-0.2919064,-0.002574922,0.371537,0.8320191,0.541421,0.1208614,1,0.5,1,0,0.5,-0.225496,0,0,0,0.8606402,0.6872839,0.680562,-0.2539217,0,0,0,0,0.5,0.225496,0,0,0,0.8202665,0.7083009,0.7013736,0.07990508,0,0,1
1088,-0.2031203,0.04277828,-0.2251982,0.5180316,-0.2378029,0.004182013,0.458838,0.7945828,0.4889025,-0.3600172,1,0.5,0,-0.3786488,-0.4253102,0.2249181,1.698933,-0.7242966,0.01114607,0.09566087,0.984365,0.001157999,0.1761372,1,1,1,-0.4414454,-0.3966685,-0.2207251,1.742891,-0.939909,-0.009688739,0.1253477,0.8372161,0.04690436,-0.544857,1,1,0,-0.1769751,0.03221237,0.2249761,0.8857589,-0.3438314,-0.01692028,0.4175818,0.8588024,0.4993695,0.1144052,1,0.5,1,0,0.5,-0.225496,0,0,0,0.8813261,0.6986015,0.6703703,-0.2501191,0,0,0,0,0.5,0.225496,0,0,0,0.841575,0.7193012,0.6902335,0.07863593,0,0,1
1089,-0.1773248,0.03258486,-0.2245827,0.7002491,-0.2692814,0.006798658,0.5112592,0.8235586,0.453479,-0.3407462,1,0.5,0,-0.3058509,-0.4518412,0.2249908,1.863559,-0.6405624,-0.01193211,0.2125564,0.9884203,-0.03626553,0.1473438,1,1,1,-0.3636936,-0.4314848,-0.2219116,1.99927,-0.8452613,-0.04295858,0.2313326,0.8839514,-0.007499801,-0.4675187,1,1,0,-0.1385089,0.0193048,0.2246439,0.9729598,-0.3092583,-0.01351014,0.4843858,0.8854731,0.4523682,0.1063037,1,0.5,1,0,0.5,-0.225496,0,0,0,0.913244,0.7147782,0.6552301,-0.2444702,0,0,0,0,0.5,0.225496,0,0,0,0.8744165,0.7349709,0.6737404,0.07675694,0,0,1
1090,-0.1414268,0.02032768,-0.2246107,0.967652,-0.3092013,-0.002589823,0.5560496,0.8455123,0.422639,-0.3263206,1,0.5,0,-0.2263137,-0.4737986,0.2245839,2.027324,-0.5173163,-0.01347587,0.3161571,0.9900252,-0.05856545,0.1281418,1,1,1,-0.2776886,-0.460641,-0.2233398,2.195186,-0.6871927,-0.04335197,0.3316178,0.9098425,-0.04165495,-0.4128576,1,1,0,-0.1005198,0.0101243,0.2244322,0.9357494,-0.2051015,-0.003189595,0.535911,0.9014385,0.4210056,0.1008119,1,0.5,1,0,0.5,-0.225496,0,0,0,0.9306228,0.7229927,0.6472706,-0.2415004,0,0,0,0,0.5,0.225496,0,0,0,0.89228,0.7429036,0.6650961,0.07577211,0,0,1
1091,-0.09568501,0.009248511,-0.2249035,1.190897,-0.2619231,-0.002999605,0.6122991,0.8664465,0.3913053,-0.3100816,1,0.5,0,-0.1415764,-0.4899012,0.2247133,2.144253,-0.3618331,0.01116619,0.4260174,0.9911868,-0.0690065,0.1130792,1,1,1,-0.1852355,-0.4827431,-0.2241895,2.34437,-0.5097317,-0.01965836,0.4412262,0.9287853,-0.06028631,-0.365682,1,1,0,-0.06462374,0.004186614,0.2250454,0.8935537,-0.1286801,0.01900122,0.5889168,0.9135766,0.3950592,0.09646776,1,0.5,1,0,0.5,-0.225496,0,0,0,0.9488758,0.7312101,0.6391162,-0.238458,0,0,0,0,0.5,0.225496,0,0,0,0.911029,0.7508227,0.6562586,0.07476529,0,0,1
1092,-0.04435126,0.001990305,-0.2254999,1.305148,-0.1497809,-0.0153251,0.6940285,0.8875765,0.3584423,-0.2893565,1,0.5,0,-0.0538503,-0.49853,0.2245199,2.204786,-0.1702354,-0.00747368,0.5579695,0.9927437,-0.06855588,0.09879297,1,1,1,-0.08826651,-0.496162,-0.2251138,2.445811,-0.2779977,-0.02574028,0.5751888,0.9448353,-0.06525555,-0.3209797,1,1,0,-0.02845376,0.000807796,0.2252212,0.9099935,-0.0668316,-0.000472367,0.6620427,0.925688,0.3672909,0.09054844,1,0.5,1,0,0.5,-0.225496,0,0,0,0.9818822,0.7450948,0.624881,-0.2331467,0,0,0,0,0.5,0.225496,0,0,0,0.9449003,0.7641654,0.6408747,0.07301265,0,0,1
1093,0.008657034,-5.656053E-05,-0.2256214,1.327066,-0.01646903,-0.007253143,0.7666576,0.9013695,0.3362736,-0.2728609,1,0.5,0,0.03469775,-0.4992611,0.2251826,2.212263,0.03765823,0.01554266,0.6747812,0.9940296,-0.06236152,0.08953376,1,1,1,0.0110605,-0.5001166,-0.2252375,2.490452,-0.03917964,-0.001174957,0.6973786,0.955529,-0.06189904,-0.2883278,1,1,0,0.008471163,0.000118846,0.2253868,0.9256209,0.00692329,0.0005282464,0.7230285,0.933372,0.3484128,0.08616868,1,0.5,1,0,0.5,-0.225496,0,0,0,1.003559,0.7535916,0.615872,-0.2297854,0,0,0,0,0.5,0.225496,0,0,0,0.9671237,0.7723067,0.6311669,0.07190668,0,0,1
1094,0.06081107,0.003597912,-0.2254478,1.290702,0.1248046,0.003590436,0.8418906,0.9117213,0.3201438,-0.2574337,1,0.5,0,0.1218379,-0.4922964,0.2255808,2.16082,0.2221302,0.01583174,0.7904932,0.9953227,-0.05137294,0.08181429,1,1,1,0.1102638,-0.4939739,-0.2252715,2.47203,0.2122031,0.007335099,0.8206302,0.9638452,-0.05147077,-0.2614445,1,1,0,0.04540948,0.001950155,0.2252998,0.9237346,0.07045262,-0.004906954,0.7859093,0.9394354,0.3327996,0.08188742,1,0.5,1,0,0.5,-0.225496,0,0,0,1.025951,0.761898,0.6068347,-0.2264135,0,0,0,0,0.5,0.225496,0,0,0,0.9900634,0.7802482,0.6214501,0.07079967,0,0,1
1095,0.1094917,0.01220222,-0.2251852,1.185396,0.2451073,0.007260594,0.9159801,0.9191305,0.3094692,-0.2437783,1,0.5,0,0.2050664,-0.4782602,0.2258729,2.050663,0.3833996,0.002443791,0.9020255,0.9964477,-0.0372748,0.07551426,1,1,1,0.2068536,-0.4782562,-0.2251132,2.390297,0.4528509,0.005950036,0.9417232,0.9702503,-0.03624563,-0.2393755,1,1,0,0.08250505,0.006576844,0.224902,0.9302549,0.1330136,-0.01474619,0.8499764,0.9440786,0.3204329,0.07770654,1,0.5,1,0,0.5,-0.225496,0,0,0,1.048437,0.7697948,0.5980224,-0.2231256,0,0,0,0,0.5,0.225496,0,0,0,1.013083,0.7877817,0.6119956,0.06972256,0,0,1
1096,0.1520168,0.02378225,-0.2247515,1.015731,0.3045246,0.0151217,0.9863932,0.9244663,0.3025998,-0.2319383,1,0.5,0,0.2824265,-0.4585798,0.2266175,1.895406,0.516318,0.01776741,1.008655,0.9972659,-0.02159529,0.0706706,1,1,1,0.2983684,-0.4543214,-0.2240286,2.247066,0.6526473,0.03446566,1.059164,0.9751841,-0.01816449,-0.2206494,1,1,0,0.1202932,0.01450219,0.2250086,0.9477082,0.2172413,0.004190953,0.9167209,0.9475379,0.3109308,0.07412086,1,0.5,1,0,0.5,-0.225496,0,0,0,1.071744,0.777546,0.5891543,-0.2198169,0,0,0,0,0.5,0.225496,0,0,0,1.036926,0.7951608,0.6025012,0.06864089,0,0,1
1097,0.1864279,0.03609383,-0.2250725,0.8084978,0.3027392,-0.003904106,1.050369,0.9282373,0.2980541,-0.2225744,1,0.5,0,0.3529676,-0.4349086,0.226306,1.72073,0.6036895,-0.01250953,1.10919,0.9978002,-0.005536077,0.0660618,1,1,1,0.3828255,-0.4237627,-0.2235629,2.062293,0.7982495,0.01315326,1.171205,0.9786398,0.001338746,-0.2055779,1,1,0,0.1577182,0.02538311,0.2249333,0.9284582,0.2891741,0.00414327,0.9845834,0.9500313,0.304047,0.07068198,1,0.5,1,0,0.5,-0.225496,0,0,0,1.095637,0.7850674,0.5803326,-0.2165255,0,0,0,0,0.5,0.225496,0,0,0,1.061352,0.8023065,0.5930759,0.0675671,0,0,1
1098,0.2127901,0.04726454,-0.2252519,0.6162668,0.2661203,-0.01009927,1.1085,0.9313211,0.2942272,-0.2146421,1,0.5,0,0.4157561,-0.4089822,0.225952,1.515055,0.6666931,-0.01758338,1.204378,0.998016,0.009984748,0.06216463,1,1,1,0.458438,-0.3881428,-0.2225255,1.831161,0.913069,0.02071933,1.277406,0.9810244,0.02129912,-0.1927109,1,1,0,0.1929741,0.03877352,0.2252228,0.856157,0.3510137,0.000357628,1.053127,0.9517665,0.2992502,0.06774899,1,0.5,1,0,0.5,-0.225496,0,0,0,1.121322,0.7927111,0.5711387,-0.2130952,0,0,0,0,0.5,0.225496,0,0,0,1.087592,0.8095533,0.5832734,0.06645033,0,0,1
1099,0.2336412,0.05746056,-0.2254405,0.4999327,0.2461524,-0.005578252,1.159174,0.9336738,0.2913863,-0.2082003,1,0.5,0,0.4708773,-0.3821569,0.224802,1.336553,0.6723377,-0.02267958,1.289972,0.997984,0.02449373,0.05854955,1,1,1,0.5231685,-0.3501442,-0.2219809,1.5402,0.9536598,0.01728833,1.371726,0.9823314,0.04052718,-0.1827089,1,1,0,0.2229313,0.05213711,0.2254692,0.7019895,0.3302538,0.004319848,1.114456,0.9529016,0.29616,0.06532802,1,0.5,1,0,0.5,-0.225496,0,0,0,1.145402,0.7994923,0.5627804,-0.2099767,0,0,0,0,0.5,0.225496,0,0,0,1.112175,0.8159696,0.5743792,0.06543705,0,0,1
1100,0.2522931,0.06785072,-0.2255481,0.4590722,0.2687001,-0.002258272,1.221167,0.9366783,0.2869278,-0.2007639,1,0.5,0,0.5201172,-0.3538006,0.2242115,1.203146,0.7142308,-0.0135623,1.384274,0.997734,0.03831684,0.05530593,1,1,1,0.5744138,-0.314448,-0.2217939,1.189206,0.8637953,0.0001795591,1.467431,0.9831604,0.05669932,-0.173726,1,1,0,0.2433771,0.06274354,0.2254407,0.4446225,0.2359618,0.002223999,1.179417,0.9546548,0.2910197,0.06278411,1,0.5,1,0,0.5,-0.225496,0,0,0,1.181111,0.8089212,0.5508261,-0.2055164,0,0,0,0,0.5,0.225496,0,0,0,1.148605,0.8248713,0.5616872,0.06399108,0,0,1
1101,0.2690964,0.07825857,-0.2253692,0.4020603,0.2560903,0.004570933,1.267856,0.9383357,0.2852373,-0.1953605,1,0.5,0,0.5631332,-0.3241745,0.226226,1.029438,0.7384765,0.06430449,1.458415,0.9971733,0.05199381,0.05424079,1,1,1,0.6122937,-0.2852499,-0.2204133,0.8653734,0.6916407,0.04606249,1.535646,0.9834911,0.06914271,-0.1672262,1,1,0,0.2545676,0.06930515,0.2254173,0.2325767,0.1408768,0.005514922,1.220526,0.9557044,0.2878802,0.06127039,1,0.5,1,0,0.5,-0.225496,0,0,0,1.205356,0.8149304,0.5429952,-0.2025947,0,0,0,0,0.5,0.225496,0,0,0,1.17332,0.8305322,0.5533909,0.06304592,0,0,1
1102,0.2816305,0.08681606,-0.22515,0.2777414,0.1948417,0.01467243,1.309914,0.939869,0.2833373,-0.1906997,1,0.5,0,0.5974615,-0.2961874,0.2295318,0.7986757,0.6784471,0.09303618,1.524052,0.996473,0.06413502,0.05411511,1,1,1,0.6390401,-0.2628994,-0.2183673,0.6056281,0.5161704,0.05586895,1.592482,0.9837558,0.07794602,-0.1617062,1,1,0,0.2597389,0.07259496,0.2251585,0.1032666,0.06590972,0.002668799,1.254803,0.9569107,0.2841315,0.05992606,1,0.5,1,0,0.5,-0.225496,0,0,0,1.229649,0.8206586,0.5353687,-0.1997492,0,0,0,0,0.5,0.225496,0,0,0,1.198072,0.8359196,0.5453244,0.06212694,0,0,1
1103,0.2882411,0.09129875,-0.2249802,0.1292184,0.08352588,-0.003547223,1.345981,0.941566,0.2802298,-0.1868818,1,0.5,0,0.6219634,-0.2727153,0.232516,0.5512836,0.5519258,0.05327465,1.580542,0.9958149,0.07367536,0.05408012,1,1,1,0.6560256,-0.2471763,-0.2163938,0.3695013,0.3488438,0.03234373,1.64008,0.9840274,0.08355936,-0.1571875,1,1,0,0.2613536,0.07349366,0.2248502,0.01798422,0.001460314,-0.01790375,1.285715,0.9582856,0.2797163,0.05871611,1,0.5,1,0,0.5,-0.225496,0,0,0,1.2547,0.826279,0.5277256,-0.1968975,0,0,0,0,0.5,0.225496,0,0,0,1.223581,0.841197,0.5372534,0.06120743,0,0,1
1104,0.2877604,0.09091484,-0.2248084,-0.05294832,-0.04537852,0.0008866194,1.373666,0.9434094,0.2758843,-0.1840288,1,0.5,0,0.636894,-0.2558633,0.2349139,0.3179402,0.3735022,0.05339908,1.626701,0.9953293,0.08000031,0.0540339,1,1,1,0.6637011,-0.2384846,-0.2149974,0.1329601,0.172525,0.02983884,1.677681,0.9843379,0.08610784,-0.1538322,1,1,0,0.2606382,0.07317522,0.2250731,-0.02708138,-0.02377556,0.0082925,1.313725,0.9596339,0.2752211,0.05793223,1,0.5,1,0,0.5,-0.225496,0,0,0,1.27957,0.8315905,0.5203505,-0.1941458,0,0,0,0,0.5,0.225496,0,0,0,1.248894,0.8461766,0.5294775,0.06032155,0,0,1
1105,0.2809495,0.08644633,-0.2250042,-0.2097786,-0.1405463,-0.004456194,1.395461,0.9453987,0.2703545,-0.182016,1,0.5,0,0.6429518,-0.246748,0.2349028,0.0952572,0.1777605,-0.002761931,1.664466,0.9951499,0.0828158,0.05308598,1,1,1,0.6620232,-0.2371722,-0.2155562,-0.1008213,-0.01526476,-0.01530797,1.706888,0.9846624,0.08556292,-0.1520494,1,1,0,0.256908,0.07092351,0.2250967,-0.1061529,-0.06290974,0.002217294,1.339439,0.9611216,0.2701495,0.05713519,1,0.5,1,0,0.5,-0.225496,0,0,0,1.305551,0.8368728,0.5128628,-0.1913521,0,0,0,0,0.5,0.225496,0,0,0,1.275324,0.8511214,0.5215948,0.05942351,0,0,1
1106,0.2687577,0.07833641,-0.2253275,-0.3363298,-0.2155502,-0.01480729,1.410407,0.9474347,0.2639942,-0.1807612,1,0.5,0,0.6401271,-0.2458199,0.2334389,-0.1245022,-0.02983959,-0.05094783,1.691721,0.9952702,0.08220942,0.05175791,1,1,1,0.6511884,-0.2438106,-0.2173864,-0.3277869,-0.2161072,-0.05500766,1.725694,0.9850486,0.08185737,-0.1515871,1,1,0,0.2501601,0.06707116,0.225227,-0.1923115,-0.1082145,0.001915545,1.360984,0.9626024,0.2649518,0.05654372,1,0.5,1,0,0.5,-0.225496,0,0,0,1.330909,0.841783,0.5057598,-0.1887019,0,0,0,0,0.5,0.225496,0,0,0,1.301108,0.8557112,0.5141281,0.05857284,0,0,1
1107,0.2522522,0.06812713,-0.225395,-0.4360454,-0.2647058,-0.009298328,1.421462,0.9495027,0.257162,-0.1797563,1,0.5,0,0.6286083,-0.2534133,0.2307452,-0.3463389,-0.2399878,-0.07886443,1.710323,0.9956871,0.07808214,0.05010364,1,1,1,0.6308754,-0.2582185,-0.220143,-0.5624356,-0.4120441,-0.07601979,1.735466,0.9855024,0.07505438,-0.1521575,1,1,0,0.240141,0.06134139,0.225429,-0.2757707,-0.1484879,0.00319332,1.379662,0.9641746,0.2592707,0.05608935,1,0.5,1,0,0.5,-0.225496,0,0,0,1.35704,0.8466061,0.4986429,-0.1860466,0,0,0,0,0.5,0.225496,0,0,0,1.327665,0.8602131,0.5066573,0.05772173,0,0,1
1108,0.2318978,0.05689931,-0.225341,-0.5242223,-0.2901099,0.005562606,1.441078,0.95208,0.248779,-0.177912,1,0.5,0,0.6081926,-0.2693283,0.2277399,-0.5652102,-0.4496844,-0.07766339,1.732468,0.9963664,0.0701787,0.04826043,1,1,1,0.6011091,-0.2802331,-0.2230782,-0.8060727,-0.5941945,-0.07546696,1.748388,0.9861611,0.06483176,-0.1525885,1,1,0,0.2271991,0.05447845,0.2255791,-0.3428327,-0.1772837,0.007662925,1.407876,0.9661856,0.2518394,0.05533854,1,0.5,1,0,0.5,-0.225496,0,0,0,1.39442,0.8531178,0.4888039,-0.1823756,0,0,0,0,0.5,0.225496,0,0,0,1.365634,0.8662812,0.4963461,0.056547,0,0,1
1109,0.2089986,0.04572203,-0.2255059,-0.591174,-0.2846494,0.004204364,1.440587,0.9535262,0.2430821,-0.1780419,1,0.5,0,0.5784185,-0.2928098,0.2241049,-0.8005711,-0.6349223,-0.08067939,1.726248,0.9971129,0.05982721,0.04676247,1,1,1,0.5614722,-0.308894,-0.2263592,-1.0573,-0.750922,-0.07211718,1.73301,0.9865045,0.05244311,-0.1551087,1,1,0,0.2114954,0.04699595,0.225449,-0.4008824,-0.1837141,0.005283209,1.415222,0.9674585,0.2469667,0.05505836,1,0.5,1,0,0.5,-0.225496,0,0,0,1.415997,0.856683,0.4832993,-0.1803218,0,0,0,0,0.5,0.225496,0,0,0,1.38754,0.8695987,0.4905857,0.05589074,0,0,1
1110,0.1840679,0.03500891,-0.2254305,-0.6301346,-0.2570792,-0.001827628,1.442549,0.9550169,0.2373216,-0.1778233,1,0.5,0,0.5390247,-0.3229018,0.2205948,-1.049498,-0.7863748,-0.09302873,1.714813,0.9978829,0.04654939,0.04541911,1,1,1,0.511548,-0.3427981,-0.2291247,-1.312358,-0.8761111,-0.07243755,1.711959,0.9867488,0.03761456,-0.1578351,1,1,0,0.1943562,0.03921794,0.2254234,-0.4428478,-0.1867422,-0.007703904,1.425478,0.9688272,0.2416116,0.0547518,1,0.5,1,0,0.5,-0.225496,0,0,0,1.441499,0.8607265,0.4769512,-0.1779533,0,0,0,0,0.5,0.225496,0,0,0,1.413421,0.8733571,0.48395,0.05513476,0,0,1
1111,0.1579961,0.02544558,-0.2253637,-0.6532463,-0.232811,-0.000817329,1.444514,0.9563237,0.2321637,-0.1776093,1,0.5,0,0.4895277,-0.3578246,0.2177099,-1.304724,-0.8939225,-0.07229525,1.694353,0.998525,0.03106856,0.04452787,1,1,1,0.4509358,-0.3798217,-0.2310436,-1.577822,-0.9438161,-0.04634859,1.68145,0.9867401,0.0211686,-0.1609221,1,1,0,0.1763434,0.03195583,0.2252706,-0.4555987,-0.1792178,-0.006277116,1.435829,0.9700918,0.2365683,0.0543801,1,0.5,1,0,0.5,-0.225496,0,0,0,1.467803,0.8647151,0.4705757,-0.1755745,0,0,0,0,0.5,0.225496,0,0,0,1.440105,0.8770599,0.4772937,0.05437643,0,0,1
1112,0.1318949,0.01762462,-0.2252055,-0.6484504,-0.1821947,0.005604329,1.446652,0.9574021,0.227891,-0.1773329,1,0.5,0,0.4291731,-0.3946119,0.2161397,-1.574395,-0.9272281,-0.03359394,1.663372,0.9989067,0.01450886,0.04443972,1,1,1,0.3793477,-0.416759,-0.2314706,-1.857582,-0.9104151,0.003868343,1.640258,0.9864144,0.004317724,-0.1642188,1,1,0,0.157994,0.02534448,0.2250344,-0.4633995,-0.1635018,-0.00312403,1.445815,0.9712272,0.2319566,0.05397966,1,0.5,1,0,0.5,-0.225496,0,0,0,1.494014,0.8685164,0.4643899,-0.1732666,0,0,0,0,0.5,0.225496,0,0,0,1.466686,0.8805848,0.4708428,0.0536415,0,0,1
1113,0.1067561,0.01127425,-0.2250172,-0.6158813,-0.1440967,0.001125783,1.464977,0.9589834,0.222534,-0.1755833,1,0.5,0,0.357998,-0.42985,0.2167207,-1.844694,-0.8620981,0.0223741,1.637815,0.9989744,-0.001800924,0.04524281,1,1,1,0.2977538,-0.4507315,-0.2297865,-2.100758,-0.8161369,0.05310255,1.604794,0.9860244,-0.01175011,-0.1661857,1,1,0,0.1386259,0.0194895,0.224804,-0.4973607,-0.1435239,-0.008679185,1.470142,0.9726458,0.2261205,0.0531962,1,0.5,1,0,0.5,-0.225496,0,0,0,1.53391,0.8739934,0.4552807,-0.1698679,0,0,0,0,0.5,0.225496,0,0,0,1.507126,0.8856567,0.4613563,0.05256074,0,0,1
1114,0.08331507,0.006784989,-0.2249448,-0.5753114,-0.1038145,-0.001113117,1.464979,0.9595175,0.2202492,-0.1755463,1,0.5,0,0.2768137,-0.4601951,0.2193266,-2.086508,-0.7219675,0.07689747,1.581583,0.9987258,-0.01642746,0.04771687,1,1,1,0.2076466,-0.4775496,-0.2260227,-2.298239,-0.6120431,0.1026914,1.539985,0.9851854,-0.02526962,-0.1696202,1,1,0,0.1168615,0.01359438,0.2248137,-0.5654859,-0.1429777,-0.001317263,1.471473,0.9733727,0.2229776,0.05316517,1,0.5,1,0,0.5,-0.225496,0,0,0,1.555351,0.8767926,0.4505313,-0.1680959,0,0,0,0,0.5,0.225496,0,0,0,1.528849,0.8882456,0.4564163,0.05199794,0,0,1
1115,0.06031153,0.003474844,-0.2249738,-0.5846156,-0.07878243,-0.004338475,1.480437,0.9605363,0.2168586,-0.1741907,1,0.5,0,0.1869754,-0.482547,0.2223601,-2.294436,-0.5056592,0.07497075,1.532313,0.9983432,-0.02782397,0.05036629,1,1,1,0.1125202,-0.4937077,-0.2222738,-2.39197,-0.3340707,0.08795414,1.485389,0.9844371,-0.03410297,-0.1723964,1,1,0,0.09139,0.00822826,0.2249538,-0.6604003,-0.133893,0.00172183,1.484301,0.974328,0.2188318,0.05289209,1,0.5,1,0,0.5,-0.225496,0,0,0,1.590382,0.8811643,0.4429812,-0.1652789,0,0,0,0,0.5,0.225496,0,0,0,1.56433,0.8922847,0.4485716,0.05110422,0,0,1
1116,0.0349349,0.000934632,-0.225055,-0.6552988,-0.05495446,0.001012534,1.479188,0.960767,0.215712,-0.1743417,1,0.5,0,0.0900343,-0.4955135,0.2255165,-2.461545,-0.2614216,0.06894025,1.460713,0.9979213,-0.03545316,0.05381538,1,1,1,0.01715289,-0.4988526,-0.2195352,-2.375063,-0.05656036,0.05098136,1.415497,0.9834294,-0.03803323,-0.1772569,1,1,0,0.06329246,0.003769815,0.225096,-0.7104657,-0.111194,0.002951921,1.479961,0.9747141,0.2170597,0.05307981,1,0.5,1,0,0.5,-0.225496,0,0,0,1.61212,0.8837581,0.438422,-0.1635778,0,0,0,0,0.5,0.225496,0,0,0,1.58634,0.8946785,0.4438395,0.05056511,0,0,1
1117,0.005555356,-0.0001812321,-0.2251179,-0.7601716,-0.01733751,2.533198E-05,1.484176,0.9610881,0.2146073,-0.1739351,1,0.5,0,-0.01010871,-0.4975449,0.2276381,-2.507244,0.02265722,0.05435201,1.395715,0.9976732,-0.03774032,0.05677971,1,1,1,-0.07537621,-0.4936192,-0.218635,-2.288075,0.1848609,0.01605154,1.358401,0.9825847,-0.03638567,-0.1822184,1,1,0,0.03183081,0.0007718949,0.2250489,-0.8177293,-0.06106944,0.0006303194,1.482574,0.9751179,0.2152615,0.0529861,1,0.5,1,0,0.5,-0.225496,0,0,0,1.642945,0.8872895,0.4321156,-0.1612249,0,0,0,0,0.5,0.225496,0,0,0,1.61754,0.8979347,0.4372998,0.04982007,0,0,1
1118,-0.0278514,0.0005919348,-0.2251744,-0.8644217,0.03253983,-0.007187578,1.482313,0.960921,0.2151991,-0.1741271,1,0.5,0,-0.108842,-0.4892457,0.2292265,-2.44814,0.265287,0.01876429,1.328218,0.9976141,-0.03459416,0.05974481,1,1,1,-0.1629765,-0.4809004,-0.2184626,-2.15552,0.3568695,-0.01820252,1.302632,0.9817426,-0.03045569,-0.1877602,1,1,0,-0.004665007,-0.0001079519,0.2251991,-0.9351431,0.001866189,-0.006903711,1.477311,0.9750779,0.2153895,0.05320309,1,0.5,1,0,0.5,-0.225496,0,0,0,1.670752,0.8903356,0.4265803,-0.1591596,0,0,0,0,0.5,0.225496,0,0,0,1.645676,0.9007407,0.4315656,0.04916679,0,0,1
1119,-0.06465008,0.004115105,-0.2252071,-0.9339444,0.1067964,-0.002411009,1.477626,0.960327,0.2174906,-0.1745563,1,0.5,0,-0.2026546,-0.4728221,0.2295582,-2.305418,0.4557567,0.007324669,1.265189,0.9977195,-0.02652526,0.06206599,1,1,1,-0.2442382,-0.4625943,-0.2194511,-1.988806,0.4828142,-0.02219231,1.253146,0.9808537,-0.02087349,-0.1936239,1,1,0,-0.04577909,0.00193141,0.2253456,-1.058296,0.07646459,0.003676118,1.468018,0.9746042,0.2174428,0.05352877,1,0.5,1,0,0.5,-0.225496,0,0,0,1.698505,0.8932515,0.4211953,-0.1571504,0,0,0,0,0.5,0.225496,0,0,0,1.673749,0.9034243,0.4259921,0.04853181,0,0,1
1120,-0.1037073,0.01075918,-0.2253947,-0.9854425,0.1863486,-0.002306701,1.47108,0.9592678,0.2215837,-0.1752312,1,0.5,0,-0.2891735,-0.4505678,0.2283976,-2.113197,0.5822348,-0.03434198,1.208946,0.9978828,-0.01437602,0.06342951,1,1,1,-0.3181734,-0.4408613,-0.221601,-1.800274,0.5582976,-0.06020742,1.210844,0.9798251,-0.008686542,-0.1996682,1,1,0,-0.08988437,0.008033169,0.2253425,-1.114714,0.177542,-0.001171232,1.456284,0.9735891,0.2218661,0.05384826,1,0.5,1,0,0.5,-0.225496,0,0,0,1.725955,0.8960202,0.4160011,-0.1552124,0,0,0,0,0.5,0.225496,0,0,0,1.701509,0.9059702,0.4206207,0.04791987,0,0,1
1121,-0.1427679,0.02072029,-0.2255535,-0.97722,0.2745934,-0.01639054,1.436416,0.9565227,0.2306943,-0.17845,1,0.5,0,-0.3668751,-0.4244491,0.2270368,-1.883195,0.674771,-0.05153047,1.131634,0.9978455,0.0009505272,0.06560098,1,1,1,-0.3839036,-0.4173085,-0.2235437,-1.59001,0.5960273,-0.06483497,1.147334,0.9779985,0.005276094,-0.2085452,1,1,0,-0.1354464,0.0186427,0.2253743,-1.132691,0.2863312,-0.01107827,1.41487,0.9711089,0.2322051,0.05502946,1,0.5,1,0,0.5,-0.225496,0,0,0,1.726397,0.8960638,0.4159186,-0.1551816,0,0,0,0,0.5,0.225496,0,0,0,1.701955,0.9060103,0.4205354,0.04791015,0,0,1
1122,-0.1800856,0.03339857,-0.2254052,-0.9105805,0.3294072,0.003124775,1.374418,0.9518272,0.2450886,-0.1842733,1,0.5,0,-0.4352051,-0.3964589,0.2256195,-1.645862,0.7109272,-0.0252612,1.032931,0.9974374,0.01927097,0.06890037,1,1,1,-0.4407799,-0.3932212,-0.2252727,-1.366747,0.598945,-0.02650098,1.062409,0.9750509,0.02097966,-0.2209875,1,1,0,-0.1796529,0.0332326,0.225574,-1.093733,0.3937641,0.006812069,1.345719,0.9668619,0.2488097,0.05719938,1,0.5,1,0,0.5,-0.225496,0,0,0,1.698853,0.8932874,0.4211286,-0.1571255,0,0,0,0,0.5,0.225496,0,0,0,1.674102,0.9034573,0.425923,0.04852395,0,0,1
1123,-0.2136434,0.04790891,-0.2254346,-0.8102413,0.3609703,0.003977121,1.315952,0.9464197,0.2609699,-0.1902223,1,0.5,0,-0.4935469,-0.367599,0.2243747,-1.394946,0.7240969,-0.02499969,0.9437124,0.9965625,0.040452,0.07229605,1,1,1,-0.4884849,-0.3697437,-0.2265081,-1.137455,0.5756962,-0.01737774,0.985875,0.9716912,0.0378607,-0.2332014,1,1,0,-0.2201324,0.05096216,0.2254242,-0.9845402,0.4559094,-0.003465266,1.280481,0.96163,0.2678838,0.05921106,1,0.5,1,0,0.5,-0.225496,0,0,0,1.670395,0.8902973,0.4266505,-0.1591858,0,0,0,0,0.5,0.225496,0,0,0,1.645315,0.9007054,0.4316383,0.04917507,0,0,1
1124,-0.2419989,0.06231608,-0.2255006,-0.6731833,0.3585429,-0.005531313,1.263134,0.9406881,0.2769591,-0.1959582,1,0.5,0,-0.5421653,-0.3396196,0.2236923,-1.156509,0.6880793,-0.01866669,0.8650804,0.9951009,0.06327859,0.07596059,1,1,1,-0.5271726,-0.3482584,-0.2269674,-0.9090874,0.5245538,-0.009295348,0.9186677,0.9680812,0.05479902,-0.2445727,1,1,0,-0.2549152,0.06968526,0.2252368,-0.8258599,0.4694216,-0.00841916,1.221894,0.9557167,0.2878721,0.06111691,1,0.5,1,0,0.5,-0.225496,0,0,0,1.642187,0.8872046,0.4322685,-0.1612819,0,0,0,0,0.5,0.225496,0,0,0,1.616773,0.8978565,0.4374584,0.04983813,0,0,1
1125,-0.2642128,0.07535993,-0.2251802,-0.51865,0.308687,0.002465398,1.217277,0.9350734,0.2919506,-0.2010044,1,0.5,0,-0.5811282,-0.3134778,0.2239371,-0.9188298,0.6333279,0.01587272,0.7979351,0.9930114,0.08669323,0.08007884,1,1,1,-0.5571105,-0.3298815,-0.226116,-0.6937924,0.4380749,0.03050194,0.8611372,0.964548,0.07061635,-0.2542844,1,1,0,-0.2822082,0.08719882,0.2253136,-0.6325203,0.4182281,0.0008232895,1.171982,0.9496422,0.3069405,0.06298728,1,0.5,1,0,0.5,-0.225496,0,0,0,1.615116,0.8841087,0.437801,-0.1633461,0,0,0,0,0.5,0.225496,0,0,0,1.589373,0.8950019,0.4431952,0.05049171,0,0,1
1126,-0.2804894,0.08592556,-0.2252037,-0.3673153,0.2472096,-0.007317218,1.174409,0.929528,0.3057351,-0.2061645,1,0.5,0,-0.6114114,-0.2911857,0.2236993,-0.7058445,0.5273612,-0.01137555,0.7372342,0.9905058,0.1089642,0.0838154,1,1,1,-0.5785426,-0.3155496,-0.225528,-0.4861178,0.3281296,0.01156852,0.8095993,0.9608715,0.0843391,-0.2638426,1,1,0,-0.3007874,0.1006614,0.2251481,-0.4094245,0.3020746,-0.006357583,1.127288,0.9439701,0.3236436,0.06461551,1,0.5,1,0,0.5,-0.225496,0,0,0,1.585915,0.8806203,0.4439299,-0.1656328,0,0,0,0,0.5,0.225496,0,0,0,1.559807,0.8917822,0.4495567,0.05121645,0,0,1
1127,-0.2902201,0.09272309,-0.2251589,-0.2020077,0.1397696,-0.0001266599,1.138678,0.9248948,0.3165497,-0.2106325,1,0.5,0,-0.6332665,-0.2738838,0.2232863,-0.4937979,0.3969835,-0.008807335,0.6868868,0.9879277,0.128164,0.08702286,1,1,1,-0.5921648,-0.3057894,-0.2247791,-0.2945782,0.2135561,0.01465232,0.7673965,0.9576009,0.09484845,-0.2720373,1,1,0,-0.3105352,0.1080958,0.2252323,-0.1857818,0.1519491,0.002519787,1.091296,0.9396677,0.3356357,0.06612991,1,0.5,1,0,0.5,-0.225496,0,0,0,1.558603,0.8772088,0.4498196,-0.1678303,0,0,0,0,0.5,0.225496,0,0,0,1.532144,0.8886304,0.4556764,0.05191365,0,0,1
1128,-0.2928459,0.09454559,-0.2251609,-0.01944155,0.00747219,-0.002386422,1.109403,0.9216242,0.3234402,-0.2144652,1,0.5,0,-0.6463691,-0.262798,0.2220659,-0.2740027,0.2324344,-0.0231743,0.6460229,0.9857932,0.1424072,0.08906093,1,1,1,-0.5988916,-0.3008391,-0.2248285,-0.1271993,0.09555373,0.001171232,0.7330519,0.9547199,0.101505,-0.2796545,1,1,0,-0.3120306,0.1091448,0.2251682,0.01256317,-0.01193136,-0.001799316,1.062361,0.9370949,0.3425232,0.06731362,1,0.5,1,0,0.5,-0.225496,0,0,0,1.532588,0.8738175,0.4555769,-0.1699784,0,0,0,0,0.5,0.225496,0,0,0,1.505785,0.8854939,0.4616645,0.05259585,0,0,1
1129,-0.2876136,0.09068052,-0.2251844,0.1784758,-0.1336367,-0.0007219616,1.072054,0.918567,0.3286659,-0.2195754,1,0.5,0,-0.6497725,-0.2587883,0.2210274,-0.02418459,0.05023034,-0.03141389,0.5993754,0.9840842,0.152097,0.09189529,1,1,1,-0.5992946,-0.3002737,-0.2251846,0.02598764,-0.01635552,-0.01701117,0.6904577,0.9511937,0.1056117,-0.2899595,1,1,0,-0.3063702,0.1047539,0.2252576,0.1838014,-0.1380139,0.001812727,1.024534,0.9348959,0.3481418,0.06904247,1,0.5,1,0,0.5,-0.225496,0,0,0,1.493855,0.8684938,0.464427,-0.1732804,0,0,0,0,0.5,0.225496,0,0,0,1.466524,0.8805639,0.4708815,0.05364591,0,0,1
1130,-0.2747908,0.08191936,-0.2252326,0.364873,-0.2500852,0.003740193,1.052445,0.918425,0.3271738,-0.2223799,1,0.5,0,-0.6431296,-0.2625092,0.2198186,0.235653,-0.1343981,-0.02304018,0.5746752,0.9839864,0.1521305,0.09288258,1,1,1,-0.5928767,-0.3037947,-0.2264563,0.2020181,-0.1173884,-0.03099592,0.6670505,0.9491609,0.1047129,-0.2968649,1,1,0,-0.2946304,0.09585463,0.2250452,0.3319727,-0.2422539,-0.004160406,1.003364,0.9352124,0.3471245,0.06987341,1,0.5,1,0,0.5,-0.225496,0,0,0,1.466944,0.8645877,0.4707811,-0.1756512,0,0,0,0,0.5,0.225496,0,0,0,1.439234,0.8769416,0.477508,0.05440085,0,0,1
1131,-0.2555123,0.07011317,-0.2251956,0.5191805,-0.3066858,-0.0009655957,1.047528,0.9205807,0.3205842,-0.2230625,1,0.5,0,-0.6265666,-0.2740196,0.2183151,0.4765483,-0.3328801,-0.03635587,0.5690062,0.9855605,0.1421698,0.0919687,1,1,1,-0.5787865,-0.3113295,-0.2285929,0.4065634,-0.2103926,-0.05849751,0.6608785,0.9487215,0.09877908,-0.3002837,1,1,0,-0.2767425,0.08328989,0.2250567,0.4818888,-0.3386096,-0.001053513,0.9966393,0.9376972,0.340289,0.0701951,1,0.5,1,0,0.5,-0.225496,0,0,0,1.449283,0.8619257,0.4750465,-0.1772426,0,0,0,0,0.5,0.225496,0,0,0,1.421319,0.8744707,0.4819607,0.05490812,0,0,1
1132,-0.2309813,0.05646687,-0.2250283,0.6434585,-0.3421852,0.005854669,1.036564,0.9224907,0.3139908,-0.2245453,1,0.5,0,-0.5995935,-0.2917492,0.2178543,0.7343861,-0.4832061,-0.0006288292,0.5619287,0.9876874,0.1264217,0.09214772,1,1,1,-0.556283,-0.3232336,-0.2300144,0.62435,-0.3179015,-0.02506302,0.6514745,0.9484919,0.08924768,-0.3039706,1,1,0,-0.252948,0.06854093,0.225289,0.63113,-0.3791777,0.00733808,0.9842758,0.9401886,0.3331867,0.07093628,1,0.5,1,0,0.5,-0.225496,0,0,0,1.422036,0.8576568,0.4817808,-0.1797552,0,0,0,0,0.5,0.225496,0,0,0,1.393669,0.8705043,0.4889978,0.05570983,0,0,1
1133,-0.2031321,0.04301263,-0.2252567,0.7259744,-0.3309849,0.005618485,1.029116,0.9246305,0.3067214,-0.2257884,1,0.5,0,-0.5624619,-0.3150286,0.2172348,0.9910945,-0.6139877,0.003161283,0.5648094,0.9903535,0.1042171,0.09131663,1,1,1,-0.5247312,-0.3397904,-0.231406,0.8501086,-0.4363062,-0.01401455,0.6506385,0.9492717,0.07492327,-0.3054008,1,1,0,-0.223591,0.05265954,0.225199,0.7603507,-0.3881594,0.00682697,0.9770815,0.9433526,0.3240576,0.07122086,1,0.5,1,0,0.5,-0.225496,0,0,0,1.395134,0.8532378,0.4886199,-0.1823069,0,0,0,0,0.5,0.225496,0,0,0,1.366358,0.866393,0.4961534,0.05652505,0,0,1
1134,-0.1724997,0.03072977,-0.2253763,0.7715139,-0.2872815,-0.003248455,1.012175,0.925532,0.302035,-0.228397,1,0.5,0,-0.5149851,-0.3427209,0.2179358,1.248262,-0.7204208,0.01365692,0.5648695,0.9926859,0.07820589,0.09196977,1,1,1,-0.4838176,-0.3606311,-0.2316982,1.086548,-0.542398,-0.01042784,0.6455348,0.9499918,0.05706406,-0.3070166,1,1,0,-0.1905936,0.03756161,0.2252539,0.8482601,-0.3740076,0.001570583,0.9609703,0.9455857,0.3172971,0.07204382,1,0.5,1,0,0.5,-0.225496,0,0,0,1.356943,0.8465885,0.4986692,-0.1860564,0,0,0,0,0.5,0.225496,0,0,0,1.327566,0.8601967,0.5066848,0.05772486,0,0,1
1135,-0.1406775,0.02014063,-0.2253618,0.8028816,-0.2527776,0.000816584,1.010476,0.9276215,0.2953644,-0.2286444,1,0.5,0,-0.4572732,-0.3737341,0.2194439,1.510016,-0.7872972,0.04885497,0.5903566,0.994678,0.0479347,0.09120308,1,1,1,-0.433379,-0.3851871,-0.2307607,1.319708,-0.6348746,0.03507958,0.6633381,0.9528167,0.03508261,-0.3015123,1,1,0,-0.1555967,0.02488442,0.2253896,0.8752655,-0.3003364,0.00828803,0.961519,0.948486,0.308504,0.07210963,1,0.5,1,0,0.5,-0.225496,0,0,0,1.331413,0.8418784,0.5056205,-0.18865,0,0,0,0,0.5,0.225496,0,0,0,1.30162,0.8558002,0.5139818,0.05855617,0,0,1
1136,-0.1093102,0.01196013,-0.225435,0.7776535,-0.1888409,-0.002155454,1.017875,0.9300299,0.2885351,-0.2275781,1,0.5,0,-0.389501,-0.4067258,0.2213239,1.760986,-0.8253115,0.05151631,0.6361694,0.995871,0.01696417,0.08918031,1,1,1,-0.3735572,-0.4124129,-0.2293359,1.557273,-0.6870109,0.04474225,0.6994989,0.9565845,0.01132728,-0.2912349,1,1,0,-0.1204295,0.01466273,0.2254564,0.8721024,-0.2290667,0.005932155,0.9720204,0.9514472,0.2993591,0.07164056,1,0.5,1,0,0.5,-0.225496,0,0,0,1.313897,0.8385148,0.5105032,-0.1904717,0,0,0,0,0.5,0.225496,0,0,0,1.283811,0.852657,0.5191132,0.05914078,0,0,1
1137,-0.08001886,0.006322136,-0.2255154,0.7129821,-0.1293171,-0.003152342,1.001783,0.9296221,0.2878725,-0.2300701,1,0.5,0,-0.3116585,-0.4391189,0.223203,2.008515,-0.7961291,0.0473574,0.6690893,0.9960328,-0.01122149,0.08827642,1,1,1,-0.3045251,-0.4403207,-0.2276618,1.785289,-0.6889555,0.04297273,0.7221639,0.9586151,-0.01171747,-0.2844641,1,1,0,-0.08675131,0.007433021,0.2254225,0.8258722,-0.1664999,-0.001209975,0.9592105,0.9521303,0.2970326,0.07224629,1,0.5,1,0,0.5,-0.225496,0,0,0,1.276441,0.8309364,0.5212669,-0.1944877,0,0,0,0,0.5,0.225496,0,0,0,1.245711,0.8455639,0.530443,0.06043155,0,0,1
1138,-0.05389435,0.002838958,-0.2255491,0.6314323,-0.07429244,-0.001401455,0.9973835,0.9299061,0.2863922,-0.2307686,1,0.5,0,-0.2243387,-0.4677716,0.2249069,2.236469,-0.6875771,0.04223065,0.7271876,0.9957578,-0.03403852,0.08548559,1,1,1,-0.2268737,-0.466262,-0.2260617,1.993808,-0.622529,0.04104675,0.768239,0.9615276,-0.03174637,-0.2728679,1,1,0,-0.0559442,0.00309845,0.2254514,0.749459,-0.09369105,0.004128369,0.9589008,0.95303,0.2941245,0.07228139,1,0.5,1,0,0.5,-0.225496,0,0,0,1.251767,0.8256354,0.5286092,-0.1972272,0,0,0,0,0.5,0.225496,0,0,0,1.220595,0.840593,0.5381858,0.06131366,0,0,1
1139,-0.0313972,0.0008380988,-0.2254838,0.5435517,-0.04836642,0.003561379,0.9856213,0.9291776,0.2873129,-0.2325517,1,0.5,0,-0.1290841,-0.489084,0.2259505,2.423554,-0.4767032,0.0268452,0.7886324,0.9954112,-0.04895425,0.08221937,1,1,1,-0.1418653,-0.4867553,-0.2248076,2.164952,-0.4675018,0.03580825,0.8173177,0.9640332,-0.04612045,-0.2617498,1,1,0,-0.02844428,0.0007772886,0.2255486,0.6652801,-0.04142889,0.005876275,0.9515376,0.95303,0.2940174,0.07271506,1,0.5,1,0,0.5,-0.225496,0,0,0,1.223378,0.819207,0.5373168,-0.200476,0,0,0,0,0.5,0.225496,0,0,0,1.191684,0.834555,0.5473836,0.06236153,0,0,1
1140,-0.01174352,8.44804E-05,-0.2254621,0.4776138,-0.006930634,-0.001360477,0.9765331,0.9284318,0.2885709,-0.2339684,1,0.5,0,-0.02861683,-0.4994638,0.2256426,2.532826,-0.1845212,-0.02062321,0.8600875,0.9955146,-0.05401402,0.07767339,1,1,1,-0.05185918,-0.4984168,-0.2247804,2.272306,-0.2246738,-0.009676073,0.8765897,0.9666967,-0.05260593,-0.2504598,1,1,0,-0.003508053,2.394356E-05,0.2254542,0.6130798,-0.004014261,-0.001794101,0.9472463,0.9529101,0.2943687,0.07286542,1,0.5,1,0,0.5,-0.225496,0,0,0,1.19954,0.8135164,0.5448533,-0.2032879,0,0,0,0,0.5,0.225496,0,0,0,1.167393,0.829201,0.5553581,0.06327003,0,0,1
1141,0.007324891,2.316156E-05,-0.2253902,0.4789059,-0.001376051,0.001714379,0.9670826,0.9274961,0.290388,-0.2354265,1,0.5,0,0.07285292,-0.4969787,0.2239007,2.530411,0.1382635,-0.05931484,0.9317815,0.9961307,-0.04957369,0.0725674,1,1,1,0.03974834,-0.498932,-0.2258798,2.289436,0.05575868,-0.04326032,0.9372829,0.9692851,-0.05074295,-0.2406484,1,1,0,0.0207224,0.0003920582,0.2253332,0.6044694,0.0134093,-0.01004562,0.942597,0.9525259,0.2955725,0.07301634,1,0.5,1,0,0.5,-0.225496,0,0,0,1.175859,0.8075789,0.5525524,-0.2061605,0,0,0,0,0.5,0.225496,0,0,0,1.143249,0.8236055,0.5635179,0.06419966,0,0,1
1142,0.02783043,0.0005910085,-0.2252543,0.5307322,0.02309293,0.008321557,0.957888,0.9264433,0.2926089,-0.2368181,1,0.5,0,0.1712976,-0.4820646,0.2215899,2.43067,0.4393699,-0.06092491,0.9986165,0.996998,-0.03741091,0.06778914,1,1,1,0.1292503,-0.4890577,-0.2274142,2.211655,0.3121556,-0.04085378,0.9943832,0.9716854,-0.0421965,-0.23248,1,1,0,0.04565899,0.001979565,0.2254523,0.6326469,0.05034682,0.003664942,0.937714,0.9518437,0.2976806,0.07334717,1,0.5,1,0,0.5,-0.225496,0,0,0,1.151271,0.801092,0.5607801,-0.2092303,0,0,0,0,0.5,0.225496,0,0,0,1.118165,0.8174815,0.5722531,0.06519483,0,0,1
1143,0.05174395,0.002393397,-0.2252833,0.6130752,0.0460041,0.00733659,0.9515841,0.9253772,0.2951213,-0.2378665,1,0.5,0,0.2629826,-0.4573047,0.2186045,2.239742,0.6711128,-0.06235766,1.05794,0.9977928,-0.02009368,0.06329157,1,1,1,0.2134361,-0.4707681,-0.2295225,2.066031,0.4988032,-0.03850313,1.045658,0.9736661,-0.02896377,-0.2261318,1,1,0,0.07281438,0.005066748,0.2252954,0.701755,0.09059362,0.003774466,0.9346814,0.9509659,0.3004616,0.07339288,1,0.5,1,0,0.5,-0.225496,0,0,0,1.126304,0.7941436,0.5693893,-0.2124425,0,0,0,0,0.5,0.225496,0,0,0,1.092679,0.8109097,0.5814103,0.06623808,0,0,1
1144,0.07917247,0.006151248,-0.2252306,0.7077622,0.1082027,-0.001807512,0.9495182,0.9243329,0.2981344,-0.2381692,1,0.5,0,0.3453632,-0.4266964,0.2158901,1.99688,0.7845166,-0.06973299,1.108888,0.9982222,-0.0004328398,0.05960025,1,1,1,0.2905598,-0.447061,-0.2313536,1.883531,0.6106617,-0.05093964,1.090657,0.9752098,-0.01324044,-0.2208858,1,1,0,0.1026249,0.01044359,0.2252108,0.7586825,0.1425828,-0.002536179,0.9353088,0.9498234,0.3040764,0.07330184,1,0.5,1,0,0.5,-0.225496,0,0,0,1.101911,0.7869756,0.5780595,-0.2156774,0,0,0,0,0.5,0.225496,0,0,0,1.067763,0.8041169,0.5906504,0.06729078,0,0,1
1145,0.109037,0.0118557,-0.2252162,0.7602598,0.16269,0.001890213,0.9501696,0.9231288,0.3019341,-0.2380523,1,0.5,0,0.4170327,-0.3942583,0.2140779,1.721979,0.8121136,-0.04234762,1.14968,0.9981872,0.01924114,0.05702802,1,1,1,0.3599039,-0.4207089,-0.2324822,1.682592,0.6687673,-0.02883078,1.128181,0.9762798,0.003249703,-0.2164883,1,1,0,0.1348193,0.01823187,0.2250377,0.8145421,0.2103762,-0.002893062,0.9388081,0.9483374,0.3087499,0.07300328,1,0.5,1,0,0.5,-0.225496,0,0,0,1.077624,0.7794355,0.5869585,-0.2189977,0,0,0,0,0.5,0.225496,0,0,0,1.042939,0.7969573,0.6001534,0.06837341,0,0,1
1146,0.1404887,0.02002056,-0.2251347,0.79283,0.2284792,0.001318008,0.9541506,0.9217315,0.3067224,-0.2373445,1,0.5,0,0.4776895,-0.3632695,0.2130907,1.444257,0.7619712,-0.02275781,1.181289,0.9977686,0.03731094,0.05536864,1,1,1,0.4209431,-0.3938735,-0.2332157,1.473284,0.6669554,-0.01952053,1.159143,0.9768842,0.01936334,-0.2128905,1,1,0,0.1675063,0.0287365,0.224987,0.8154507,0.2732465,-0.003057719,0.944806,0.9463928,0.3147388,0.0726651,1,0.5,1,0,0.5,-0.225496,0,0,0,1.054502,0.7718531,0.595689,-0.2222551,0,0,0,0,0.5,0.225496,0,0,0,1.019289,0.7897428,0.6094956,0.06943773,0,0,1
1147,0.1719017,0.03023103,-0.2251459,0.7796767,0.2706104,-0.004050882,0.9581642,0.9198258,0.3128804,-0.2366989,1,0.5,0,0.5275069,-0.3358628,0.2135951,1.175577,0.6624656,0.02368317,1.20183,0.9970807,0.05296488,0.05499674,1,1,1,0.4735714,-0.3685138,-0.2330093,1.26348,0.6179007,0.01121611,1.181407,0.9771144,0.03418937,-0.2099488,1,1,0,0.199111,0.04109868,0.2249904,0.7774066,0.3209486,-0.0009648506,0.9497947,0.9439036,0.3221827,0.07241744,1,0.5,1,0,0.5,-0.225496,0,0,0,1.03109,0.7637407,0.604798,-0.2256537,0,0,0,0,0.5,0.225496,0,0,0,0.9953252,0.7820074,0.6192633,0.07055054,0,0,1
1148,0.2023169,0.04259075,-0.2250151,0.7490049,0.323781,0.002883376,0.9610068,0.9172596,0.3207314,-0.2361489,1,0.5,0,0.5666355,-0.3127568,0.215203,0.9119693,0.5479979,0.0457898,1.21085,0.9962541,0.06619121,0.05564664,1,1,1,0.5171583,-0.3458498,-0.2317683,1.032775,0.5462723,0.03497602,1.193833,0.9770526,0.04731881,-0.2076759,1,1,0,0.2275145,0.05449597,0.2251032,0.6851788,0.3365741,0.00243187,0.951214,0.9408124,0.3310993,0.07242437,1,0.5,1,0,0.5,-0.225496,0,0,0,1.007131,0.7549478,0.6144123,-0.2292408,0,0,0,0,0.5,0.225496,0,0,0,0.9707844,0.7736046,0.629596,0.07172771,0,0,1
1149,0.2301087,0.05598993,-0.225338,0.6753023,0.3347346,-0.01385436,0.9487301,0.912409,0.3326982,-0.2383729,1,0.5,0,0.5955034,-0.2950373,0.2176695,0.6569954,0.4095407,0.06585272,1.19512,0.9953448,0.07725862,0.05761806,1,1,1,0.5517586,-0.3268843,-0.2301107,0.8089694,0.4484372,0.04507156,1.183283,0.9763564,0.05888237,-0.2079928,1,1,0,0.2514852,0.0677366,0.2250277,0.5705411,0.323051,-0.003896655,0.9349294,0.9360816,0.3440843,0.07319367,1,0.5,1,0,0.5,-0.225496,0,0,0,0.9726535,0.7413324,0.6287969,-0.2346078,0,0,0,0,0.5,0.225496,0,0,0,0.9354339,0.7605545,0.6451011,0.07349415,0,0,1
1150,0.2537712,0.06909566,-0.2253063,0.5613426,0.3243865,-0.004749747,0.946566,0.9087792,0.3422559,-0.2387076,1,0.5,0,0.6145861,-0.2833495,0.2204153,0.4167797,0.2538041,0.06725344,1.184481,0.9946229,0.08468512,0.05961201,1,1,1,0.5773864,-0.3121851,-0.2281202,0.5851152,0.3384666,0.04575627,1.178666,0.9759083,0.06780079,-0.2073791,1,1,0,0.270444,0.07922573,0.2252535,0.4419492,0.2693848,-0.001008064,0.9278104,0.9323939,0.3538465,0.07371674,1,0.5,1,0,0.5,-0.225496,0,0,0,0.9499035,0.731661,0.6386632,-0.238289,0,0,0,0,0.5,0.225496,0,0,0,0.9120843,0.7512566,0.6557682,0.07470942,0,0,1
1151,0.2724307,0.08049636,-0.2253702,0.4327672,0.2608274,-0.0002048911,0.9486791,0.9060493,0.3496263,-0.2384035,1,0.5,0,0.6242449,-0.2778368,0.2228699,0.181082,0.1034201,0.06926882,1.174134,0.994179,0.08850141,0.06144665,1,1,1,0.5941313,-0.3023042,-0.2265127,0.366822,0.2113835,0.04288035,1.17518,0.975582,0.07384033,-0.2068511,1,1,0,0.2835304,0.08795445,0.2254035,0.2934383,0.1964182,0.002310426,0.9238585,0.929639,0.3609589,0.07402667,1,0.5,1,0,0.5,-0.225496,0,0,0,0.934832,0.7249239,0.6453717,-0.240792,0,0,0,0,0.5,0.225496,0,0,0,0.8966048,0.7447662,0.6630365,0.07553747,0,0,1
1152,0.2851566,0.08914018,-0.2254437,0.2804787,0.1908579,-0.001162291,0.9223442,0.8999125,0.3621769,-0.2428693,1,0.5,0,0.6251187,-0.2786968,0.2242822,-0.03450514,-0.05836787,0.03057719,1.12997,0.9938509,0.09037171,0.06397797,1,1,1,0.6020547,-0.2975163,-0.2256973,0.1420677,0.08938912,0.01671017,1.138918,0.9743524,0.07839543,-0.2109302,1,1,0,0.2903301,0.09275004,0.2254975,0.1339704,0.08950125,-0.002263487,0.8899152,0.9246311,0.3732243,0.07590208,1,0.5,1,0,0.5,-0.225496,0,0,0,0.9023293,0.7094116,0.6603299,-0.2463729,0,0,0,0,0.5,0.225496,0,0,0,0.8631909,0.7297795,0.6792886,0.07738901,0,0,1
1153,0.2911772,0.09358288,-0.225403,0.1061902,0.08362237,0.007645789,0.9084021,0.8965243,0.3689166,-0.2452446,1,0.5,0,0.6173168,-0.2856836,0.2252944,-0.2462388,-0.2147124,0.01918972,1.098462,0.9939593,0.08778213,0.06587229,1,1,1,0.601813,-0.2983285,-0.2252196,-0.05707743,-0.05405995,0.009337816,1.115784,0.9737086,0.07901523,-0.2136546,1,1,0,0.2908166,0.09314904,0.2255108,-0.0284657,-0.01919196,0.004174562,0.8689648,0.922088,0.3792275,0.0770734,1,0.5,1,0,0.5,-0.225496,0,0,0,0.8858697,0.7009962,0.6681725,-0.249299,0,0,0,0,0.5,0.225496,0,0,0,0.8462529,0.7216247,0.6878351,0.07836269,0,0,1
1154,0.2901085,0.09290756,-0.2254079,-0.07491711,-0.04827568,0.01038537,0.8724788,0.8909089,0.3780805,-0.2516672,1,0.5,0,0.6008876,-0.2983958,0.2257732,-0.4672469,-0.3485562,0.01361892,1.042463,0.9942101,0.08272753,0.06857418,1,1,1,0.5936499,-0.3045078,-0.2250846,-0.2537728,-0.1859427,0.007832053,1.069529,0.9724544,0.07740679,-0.2198651,1,1,0,0.284847,0.08895694,0.2255301,-0.1911686,-0.1293324,0.004943462,0.8261238,0.9180833,0.3883174,0.07957784,1,0.5,1,0,0.5,-0.225496,0,0,0,0.8589225,0.6863123,0.6814222,-0.2542426,0,0,0,0,0.5,0.225496,0,0,0,0.8184962,0.7073552,0.7023153,0.08001236,0,0,1
1155,0.2816704,0.08688448,-0.225506,-0.2581761,-0.1783245,-0.004973264,0.8325053,0.885787,0.3849024,-0.2592905,1,0.5,0,0.5761551,-0.3165462,0.2257923,-0.675446,-0.4784899,-0.007206949,0.9826359,0.9947153,0.07382379,0.07135422,1,1,1,0.5778572,-0.3159567,-0.2251686,-0.4451843,-0.315644,-0.00683144,1.0203,0.9711918,0.07238265,-0.2270398,1,1,0,0.2722952,0.0804114,0.2253323,-0.355141,-0.2390725,-0.007582459,0.7800975,0.9147277,0.3956038,0.08228462,1,0.5,1,0,0.5,-0.225496,0,0,0,0.835817,0.672731,0.6932088,-0.2586402,0,0,0,0,0.5,0.225496,0,0,0,0.7946695,0.6941119,0.7152404,0.08148488,0,0,1
1156,0.2658203,0.07638454,-0.2254443,-0.4406514,-0.287727,-0.0002726914,0.7885878,0.8809841,0.3898722,-0.2680797,1,0.5,0,0.5426686,-0.3387934,0.2265535,-0.8888397,-0.5826043,0.006052854,0.9187708,0.9952796,0.06146631,0.07510269,1,1,1,0.5540588,-0.332074,-0.2242332,-0.6446006,-0.4305379,0.01585335,0.9675039,0.9699898,0.06400391,-0.2345705,1,1,0,0.2531463,0.06888407,0.2253229,-0.5192595,-0.3091806,-0.00606999,0.73131,0.9116723,0.4019167,0.0855373,1,0.5,1,0,0.5,-0.225496,0,0,0,0.8163239,0.6604795,0.7034743,-0.2624704,0,0,0,0,0.5,0.225496,0,0,0,0.7745471,0.6821285,0.7265326,0.08277136,0,0,1
1157,0.2427094,0.06266092,-0.2252739,-0.6184565,-0.3688609,0.005698206,0.7366173,0.8751524,0.3951594,-0.2792083,1,0.5,0,0.5004009,-0.3642543,0.2271938,-1.120568,-0.6420659,0.03724323,0.8456185,0.9957653,0.04588651,0.07966138,1,1,1,0.5219544,-0.3519865,-0.2231399,-0.8556399,-0.5192848,0.04943462,0.9059992,0.9683318,0.05264121,-0.2440542,1,1,0,0.2281858,0.05511344,0.2254505,-0.6580259,-0.3396701,0.007690493,0.6758335,0.9080411,0.409168,0.08968152,1,0.5,1,0,0.5,-0.225496,0,0,0,0.7967792,0.647388,0.7140769,-0.2664262,0,0,0,0,0.5,0.225496,0,0,0,0.7543516,0.6692854,0.73823,0.08410401,0,0,1
1158,0.2129881,0.04756813,-0.2253551,-0.7802236,-0.3885954,-0.002831222,0.6775985,0.8673348,0.4021474,-0.2932706,1,0.5,0,0.44915,-0.3915735,0.226897,-1.339093,-0.6881449,-0.00305921,0.7625388,0.9960361,0.02726771,0.08466828,1,1,1,0.4811849,-0.3744198,-0.222664,-1.072221,-0.5765485,0.01461655,0.8353155,0.9657411,0.03862774,-0.2566165,1,1,0,0.1978257,0.04070403,0.2253426,-0.7850978,-0.3609508,-0.0001989306,0.614167,0.9031051,0.4188816,0.09454827,1,0.5,1,0,0.5,-0.225496,0,0,0,0.7768431,0.6331116,0.7252262,-0.2705861,0,0,0,0,0.5,0.225496,0,0,0,0.7337302,0.6552358,0.7505693,0.08550978,0,0,1
1159,0.1779488,0.03260563,-0.2252896,-0.9034615,-0.3629332,0.003392996,0.6153653,0.8573807,0.4111708,-0.3095753,1,0.5,0,0.3890009,-0.4190663,0.2269723,-1.555803,-0.6863508,0.001183153,0.6722564,0.9958102,0.005914874,0.0912533,1,1,1,0.4314342,-0.3984034,-0.221555,-1.30194,-0.6043139,0.02556444,0.757372,0.9621481,0.02194783,-0.2716419,1,1,0,0.1633263,0.02716198,0.2254204,-0.8879382,-0.3299015,0.006558004,0.5503389,0.8965393,0.4314436,0.100368,1,0.5,1,0,0.5,-0.225496,0,0,0,0.7580392,0.618696,0.736066,-0.2746305,0,0,0,0,0.5,0.225496,0,0,0,0.7142589,0.6410032,0.7626051,0.08688097,0,0,1
1160,0.1398806,0.01962825,-0.2253012,-0.9657565,-0.3085994,0.00829399,0.5514981,0.8441274,0.4238032,-0.3283898,1,0.5,0,0.3206682,-0.4445955,0.2269306,-1.752496,-0.6264912,0.01215116,0.5738847,0.9948795,-0.01731609,0.09957365,1,1,1,0.3723074,-0.4230212,-0.2206263,-1.539966,-0.6154599,0.03769772,0.6706799,0.9567305,0.002544506,-0.2909645,1,1,0,0.1253057,0.01558892,0.2254501,-0.9642038,-0.2767432,0.006674978,0.4840176,0.8872032,0.4487612,0.1071629,1,0.5,1,0,0.5,-0.225496,0,0,0,0.7393246,0.6033268,0.7471812,-0.2787777,0,0,0,0,0.5,0.225496,0,0,0,0.6948587,0.6257792,0.774987,0.08829161,0,0,1
1161,0.1013826,0.01011327,-0.2254107,-0.9605926,-0.2218587,-0.001535565,0.4903451,0.8273044,0.4403649,-0.3487782,1,0.5,0,0.2457191,-0.4664579,0.2269283,-1.90902,-0.5223738,0.01216159,0.4704115,0.9930359,-0.04169149,0.1101886,1,1,1,0.3034043,-0.4472952,-0.2199364,-1.7817,-0.6062465,0.02633185,0.5766349,0.9486397,-0.0197794,-0.3157398,1,1,0,0.08465289,0.006838575,0.2253537,-1.022415,-0.2069931,-0.0003024937,0.4179296,0.874345,0.4715379,0.1147732,1,0.5,1,0,0.5,-0.225496,0,0,0,0.7215863,0.5877066,0.7580307,-0.2828257,0,0,0,0,0.5,0.225496,0,0,0,0.6764503,0.6102547,0.7871136,0.08967315,0,0,1
1162,0.06446369,0.003889021,-0.2252975,-0.9105406,-0.1279767,0.004991891,0.4326375,0.8065106,0.460939,-0.3702376,1,0.5,0,0.1655088,-0.4831093,0.2275836,-2.035059,-0.3777967,0.02317802,0.361877,0.9899638,-0.06626154,0.1248248,1,1,1,0.2251265,-0.4696174,-0.2192108,-2.01354,-0.5366015,0.02331958,0.4748087,0.9364348,-0.04474457,-0.3479768,1,1,0,0.04318386,0.001651921,0.225188,-1.032896,-0.1088431,-0.0006534162,0.3533279,0.8565314,0.5011578,0.123268,1,0.5,1,0,0.5,-0.225496,0,0,0,0.7040764,0.5711583,0.7690542,-0.2869386,0,0,0,0,0.5,0.225496,0,0,0,0.6582581,0.5937522,0.7994764,0.0910816,0,0,1
1163,0.02992443,0.000796431,-0.2251981,-0.8493133,-0.06038655,0.0006020071,0.3791103,0.7810985,0.4854868,-0.3926675,1,0.5,0,0.08122738,-0.4940932,0.2280144,-2.130605,-0.2328546,-0.001367927,0.2489395,0.9853595,-0.09091955,0.1442232,1,1,1,0.1390548,-0.487212,-0.2191238,-2.192029,-0.402175,-0.004050882,0.3672097,0.9176582,-0.07058504,-0.3910517,1,1,0,0.003097045,-0.0002177247,0.2250594,-0.9856157,-0.02292498,-0.007550421,0.2922894,0.8328325,0.5374075,0.1326023,1,0.5,1,0,0.5,-0.225496,0,0,0,0.6866593,0.5534421,0.7803419,-0.2911501,0,0,0,0,0.5,0.225496,0,0,0,0.6401414,0.5760227,0.81218,0.09252887,0,0,1
1164,-0.002996247,-0.0002822205,-0.2251841,-0.8158077,-0.01714928,-0.008203092,0.3192589,0.743271,0.5196376,-0.421337,1,0.5,0,-0.006129503,-0.4983183,0.2275744,-2.197442,-0.06125125,-0.0276737,0.1195107,0.9778655,-0.1167346,0.1736441,1,1,1,0.04798846,-0.4976158,-0.2201584,-2.297971,-0.2121107,-0.03886597,0.2458726,0.8847572,-0.0960162,-0.4560543,1,1,0,-0.03286055,0.0009438811,0.2249016,-0.8693757,0.04454132,-0.007897618,0.2270516,0.7964593,0.5872263,0.1442835,1,0.5,1,0,0.5,-0.225496,0,0,0,0.6624538,0.5264103,0.7965908,-0.2972127,0,0,0,0,0.5,0.225496,0,0,0,0.6149263,0.5488503,0.8305482,0.09462149,0,0,1
1165,-0.0350655,0.001126112,-0.225059,-0.7973631,0.04754548,-0.00682697,0.2744731,0.7052202,0.5515054,-0.4455403,1,0.5,0,-0.09453871,-0.4951053,0.2260098,-2.209021,0.1322628,-0.04961269,0.002883017,0.9678212,-0.1374183,0.210804,1,1,1,-0.04515482,-0.4987105,-0.2223115,-2.33079,0.03582092,-0.0687212,0.140196,0.8373761,-0.1135754,-0.534698,1,1,0,-0.06330039,0.003864076,0.2250481,-0.7273161,0.08326759,-0.00325963,0.1812336,0.760296,0.6310083,0.1542027,1,0.5,1,0,0.5,-0.225496,0,0,0,0.6465962,0.5069261,0.8076078,-0.3013232,0,0,0,0,0.5,0.225496,0,0,0,0.5983828,0.5291776,0.8430576,0.09604666,0,0,1
1166,-0.06666078,0.004464918,-0.22512,-0.7854735,0.08993427,0.003048034,0.2408693,0.6673899,0.5810268,-0.4658311,1,0.5,0,-0.1809698,-0.4834865,0.2241855,-2.137219,0.3445865,-0.03595056,-0.1016717,0.9543375,-0.1443195,0.2615568,1,1,1,-0.1373799,-0.4904304,-0.22459,-2.292597,0.2655582,-0.04574435,0.04994565,0.7704934,-0.1171578,-0.6265891,1,1,0,-0.08886932,0.007933871,0.2253205,-0.6131346,0.1087844,0.009355698,0.1499244,0.7266077,0.6676682,0.1620504,1,0.5,1,0,0.5,-0.225496,0,0,0,0.6365242,0.4937065,0.8147649,-0.3039935,0,0,0,0,0.5,0.225496,0,0,0,0.5878645,0.5157898,0.8512089,0.09697531,0,0,1
1167,-0.09644229,0.009315876,-0.2254692,-0.7310028,0.1293124,-0.0108488,0.1962782,0.6024449,0.6252039,-0.4961654,1,0.5,0,-0.2625908,-0.4642343,0.2231354,-2.003157,0.5259128,-0.0312254,-0.2238294,0.917262,-0.1384444,0.3734483,1,1,1,-0.2263949,-0.4734876,-0.2263331,-2.196115,0.4778387,-0.04433172,-0.04610395,0.637848,-0.1046222,-0.7630231,1,1,0,-0.1109205,0.01231819,0.2252821,-0.5323408,0.115103,-0.003506245,0.1059908,0.6683121,0.7233083,0.1737355,1,0.5,1,0,0.5,-0.225496,0,0,0,0.6149029,0.4627413,0.8305656,-0.3098889,0,0,0,0,0.5,0.225496,0,0,0,0.5652559,0.4843076,0.8692747,0.09903348,0,0,1
1168,-0.1248534,0.01530817,-0.2253138,-0.7190633,0.1565806,-0.007400665,0.1665566,0.5415524,0.6620716,-0.5180563,1,0.5,0,-0.2621947,-0.4649552,0.2247951,0.7516894,-0.2903925,-0.06513598,-0.2499766,0.8944525,-0.155806,0.4191413,1,1,1,-0.3093311,-0.4494616,-0.2235153,-2.027045,0.6311046,0.06056132,-0.1130832,0.4561643,-0.06063735,-0.8878273,1,1,0,-0.1290211,0.01686963,0.2256835,-0.413672,0.06106684,-0.005338343,0.07845843,0.6168249,0.7656032,0.1826986,1,0.5,1,0,0.5,-0.225496,0,0,0,0.6013051,0.441139,0.8408206,-0.313715,0,0,0,0,0.5,0.225496,0,0,0,0.5510161,0.4622467,0.8810521,0.1003752,0,0,1
1169,-0.1642953,0.02627336,-0.2244385,-1.151992,0.3509324,0.06690475,0.1383362,0.454803,0.708519,-0.5395879,1,0.5,0,-0.2284361,-0.4738623,0.2151933,0.8154395,-0.195773,-0.22344,-0.2499833,0.9046453,-0.1914364,0.3807479,1,1,1,-0.3709182,-0.4289856,-0.2108115,-1.281073,0.4106896,0.4084805,-0.1587525,0.2452596,-0.008749065,-0.9694179,1,1,0,-0.1306782,0.01637667,0.2253594,0.1683698,-0.0624981,0.01070723,0.05832887,0.5801854,0.7923228,0.188705,1,0.5,1,0,0.5,-0.225496,0,0,0,0.5878952,0.4178826,0.851185,-0.3175821,0,0,0,0,0.5,0.225496,0,0,0,0.5369561,0.4384105,0.8929983,0.1017362,0,0,1
1170,-0.2090053,0.04490294,-0.2184914,-0.8806754,0.3811875,0.1354889,0.1187069,0.348427,0.7611083,-0.5470949,1,0.5,0,-0.1930711,-0.4813381,0.1964763,0.9084064,-0.1827464,-0.549722,-0.2499858,0.9259812,-0.22134,0.3058878,1,1,1,-0.3834924,-0.4237139,-0.2084035,-0.04525634,0.04557224,-0.07881749,-0.1690284,0.1241408,0.006907349,-0.9922405,1,1,0,-0.101034,0.009751017,0.2183785,0.7228165,-0.1615041,-0.2279722,0.05157864,0.586581,0.7900071,0.178358,1,0.5,1,0,0.5,-0.225496,0,0,0,0.5756911,0.3947039,0.8608419,-0.3211851,0,0,0,0,0.5,0.225496,0,0,0,0.5241451,0.4145697,0.9041687,0.1030088,0,0,1
1171,-0.1980356,0.03953432,-0.2220272,0.4907908,-0.2300351,-0.1220361,0.1100212,0.3213217,0.7631445,-0.5606808,1,0.5,0,-0.1613268,-0.4848106,0.1899549,0.7385562,-0.03729762,0.01768694,-0.2499763,0.9307992,-0.2352201,0.2797932,1,1,1,-0.3561288,-0.4348227,-0.2140606,0.9901036,-0.4035638,-0.1657002,-0.1636784,0.1127486,-0.02623286,-0.9932773,1,1,0,-0.119972,0.01282117,0.2216576,-0.7193967,0.132997,0.1444758,0.02727246,0.5198007,0.8322474,0.192799,1,0.5,1,0,0.5,-0.225496,0,0,0,0.5640103,0.3703429,0.8702924,-0.3247111,0,0,0,0,0.5,0.225496,0,0,0,0.5118694,0.3894264,0.9151378,0.1042585,0,0,1
1172,-0.1854271,0.034683,-0.2235862,0.2888867,-0.08453655,-0.01359732,0.1017935,0.2966736,0.7655167,-0.5709369,1,0.5,0,-0.1339043,-0.4831215,0.1995465,0.6807576,0.03239812,0.2504216,-0.2499646,0.920106,-0.2284537,0.3181411,1,1,1,-0.2737529,-0.4574496,-0.2285672,2.354057,-0.5378517,-0.4020596,-0.1385777,0.2495984,-0.08701609,-0.9644319,1,1,0,-0.1299176,0.01633208,0.2236917,-0.09139854,0.05713657,0.03677161,0.01106459,0.4579572,0.8655111,0.2028935,1,0.5,1,0,0.5,-0.225496,0,0,0,0.5532392,0.3455657,0.8791925,-0.3280318,0,0,0,0,0.5,0.225496,0,0,0,0.5005372,0.3637679,0.9255028,0.1054394,0,0,1
1173,-0.166229,0.02827321,-0.2247943,0.5447099,-0.1924159,-0.01872853,0.0940764,0.280051,0.7646713,-0.5803872,1,0.5,0,-0.1057372,-0.4829848,0.2086877,0.6975281,-0.003388525,0.2448902,-0.2498405,0.906875,-0.2277938,0.3545245,1,1,1,-0.1666207,-0.4715106,-0.2381059,2.727499,-0.2795623,-0.1351268,-0.1026835,0.4177525,-0.1145451,-0.9013115,1,1,0,-0.1272744,0.01637062,0.2243848,0.105168,-0.0122089,0.02908931,-0.001254767,0.4116855,0.8869671,0.2092948,1,0.5,1,0,0.5,-0.225496,0,0,0,0.5428166,0.3189445,0.8879797,-0.3313104,0,0,0,0,0.5,0.225496,0,0,0,0.4895598,0.3361097,0.9357697,0.106609,0,0,1
1174,-0.135403,0.01837249,-0.2253821,0.8503343,-0.2618268,-0.01422912,0.08668298,0.2823569,0.757432,-0.5887031,1,0.5,0,-0.07847676,-0.4846698,0.2176326,0.6778567,-0.0618473,0.2032415,-0.2499676,0.8902054,-0.2346487,0.3904797,1,1,1,-0.05735695,-0.4754006,-0.2327313,2.719708,-0.03756882,0.2105714,-0.0684337,0.5646873,-0.1144682,-0.8173282,1,1,0,-0.1175633,0.01378917,0.2252089,0.2935761,-0.0789143,0.01417995,-0.01199043,0.3760041,0.9011896,0.2155878,1,0.5,1,0,0.5,-0.225496,0,0,0,0.5331887,0.2913862,0.8962545,-0.3343978,0,0,0,0,0.5,0.225496,0,0,0,0.4794083,0.3073865,0.9454688,0.107714,0,0,1
1175,-0.09046561,0.007572888,-0.2256597,1.230669,-0.2678386,-0.01011938,0.08273482,0.3075211,0.7440312,-0.593168,1,0.5,0,-0.04722179,-0.4875825,0.2244618,0.8327448,-0.06589892,0.1675554,-0.2466477,0.8780149,-0.2430705,0.4123185,1,1,1,0.0447494,-0.4736817,-0.2168354,2.46437,0.05175026,0.4552619,-0.03676084,0.6787386,-0.102931,-0.7271308,1,1,0,-0.1010552,0.009490112,0.2252427,0.4336333,-0.109279,-0.0119783,-0.02129525,0.3522291,0.9097259,0.2198489,1,0.5,1,0,0.5,-0.225496,0,0,0,0.5244827,0.2632244,0.9038708,-0.3372394,0,0,0,0,0.5,0.225496,0,0,0,0.4702199,0.2779461,0.9544228,0.1087341,0,0,1
1176,-0.02717059,0.0001103368,-0.2237414,1.700097,-0.1406286,0.07277432,0.08698261,0.3606724,0.7259335,-0.5856074,1,0.5,0,-0.002967237,-0.4871604,0.2372932,1.196244,0.04700573,0.3624821,-0.2295325,0.8722371,-0.2261286,0.4336683,1,1,1,0.1271199,-0.4747622,-0.1944147,1.919898,-0.05234184,0.5642998,-0.01503649,0.7546938,-0.1005482,-0.6483265,1,1,0,-0.08314929,0.006172207,0.2238521,0.4521968,-0.06999823,-0.04717039,-0.02903309,0.3306596,0.9176276,0.2205082,1,0.5,1,0,0.5,-0.225496,0,0,0,0.516812,0.2349294,0.9106895,-0.3397836,0,0,0,0,0.5,0.225496,0,0,0,0.4621167,0.2482849,0.9624612,0.1096499,0,0,1
1177,0.03758243,0.0007925584,-0.2202137,1.480128,0.0763996,0.0724614,0.09864628,0.4108054,0.7129294,-0.568305,1,0.5,0,0.05130183,-0.4848704,0.2449964,1.401025,0.03320725,0.06276446,-0.2058807,0.8827934,-0.2001582,0.4249853,1,1,1,0.1930172,-0.4731501,-0.1830297,1.584831,0.1066894,0.1278416,0.00511539,0.7945946,-0.09334528,-0.5999218,1,1,0,-0.05570619,0.002986754,0.2211716,0.8111668,-0.0937165,-0.05708041,-0.0335626,0.3272433,0.9197092,0.2169028,1,0.5,1,0,0.5,-0.225496,0,0,0,0.5100747,0.2062666,0.9167638,-0.3420499,0,0,0,0,0.5,0.225496,0,0,0,0.4549937,0.2181634,0.96964,0.1104677,0,0,1
1178,0.06756671,0.003851069,-0.2231006,0.5519122,0.07421226,-0.1059063,0.1017221,0.4056511,0.714368,-0.5701977,1,0.5,0,0.1122684,-0.4879103,0.2316301,1.560722,-0.08389059,-0.4312212,-0.1842558,0.9146359,-0.1960773,0.3535461,1,1,1,0.2499042,-0.4609869,-0.1970573,1.354288,0.3485577,-0.4773335,0.0325309,0.8007548,-0.06569931,-0.5953782,1,1,0,-0.0001345093,-0.0007076254,0.2229054,1.561231,-0.0685002,0.06765801,-0.02822053,0.3738781,0.9014643,0.2181218,1,0.5,1,0,0.5,-0.225496,0,0,0,0.5039939,0.1758203,0.9223164,-0.3441216,0,0,0,0,0.5,0.225496,0,0,0,0.4485598,0.1860953,0.9762169,0.111217,0,0,1
1179,0.08952969,0.007279722,-0.2257877,0.6222064,0.1022873,-0.04779698,0.1021765,0.3905727,0.7195228,-0.5742298,1,0.5,0,0.1813454,-0.48339,0.2213448,1.802109,0.2097876,-0.1515858,-0.1528696,0.9420361,-0.1653269,0.2919503,1,1,1,0.288622,-0.4513475,-0.2155545,0.8136946,0.1762808,-0.417299,0.04940295,0.7904689,-0.04613639,-0.6107621,1,1,0,0.0673716,0.003621298,0.2247356,1.651919,0.1744851,0.02580957,-0.009155661,0.4340186,0.8752699,0.2133785,1,0.5,1,0,0.5,-0.225496,0,0,0,0.4990303,0.1458054,0.9268988,-0.3458314,0,0,0,0,0.5,0.225496,0,0,0,0.4433045,0.1544188,0.9816554,0.1118366,0,0,1
1180,0.1229608,0.01501801,-0.2255365,0.8814216,0.2216638,0.004083665,0.1080642,0.3886521,0.725282,-0.5682566,1,0.5,0,0.2612173,-0.4652877,0.2247254,2.028545,0.5095528,0.09899218,-0.1090748,0.9581932,-0.1004993,0.267891,1,1,1,0.305145,-0.4507094,-0.2239663,0.3104032,-0.006838146,-0.165023,0.04228556,0.7717513,-0.04556524,-0.63429,1,1,0,0.1227604,0.01519311,0.2255349,1.304084,0.3153048,0.008665029,0.01141369,0.4617103,0.8626932,0.2063593,1,0.5,1,0,0.5,-0.225496,0,0,0,0.4948342,0.1139533,0.9308084,-0.34729,0,0,0,0,0.5,0.225496,0,0,0,0.4388594,0.1207472,0.9863032,0.1123661,0,0,1
1181,0.1569808,0.02526985,-0.2253903,0.8240837,0.2617179,0.007337335,0.1111019,0.3677566,0.7384527,-0.5651926,1,0.5,0,0.3392546,-0.4407528,0.2248995,1.910127,0.6460609,-0.01895875,-0.07942998,0.9677593,-0.03507812,0.2494222,1,1,1,0.3114771,-0.4503374,-0.2252165,0.1197547,0.01971722,0.02460034,0.01340479,0.738663,-0.04740394,-0.672406,1,1,0,0.1697547,0.02967174,0.2253302,1.137227,0.3812116,-0.0026159,0.02454025,0.4527978,0.8687069,0.2008048,1,0.5,1,0,0.5,-0.225496,0,0,0,0.4906737,0.06839385,0.9347175,-0.3487485,0,0,0,0,0.5,0.225496,0,0,0,0.4344497,0.07250896,0.9909576,0.1128964,0,0,1
1182,0.1847968,0.03460802,-0.2251358,0.6330947,0.219882,0.01077205,0.1169162,0.3599389,0.7466298,-0.5594532,1,0.5,0,0.4084861,-0.4130422,0.2225828,1.651629,0.6979126,-0.06700385,-0.04242319,0.9741346,0.0283184,0.224187,1,1,1,0.3141814,-0.4483229,-0.2171274,0.07062706,0.06243589,0.2499358,-0.01249513,0.7208887,-0.04579003,-0.6915364,1,1,0,0.2110545,0.04636622,0.2250099,1.008734,0.431619,-0.01029075,0.04388851,0.4565455,0.8684983,0.1930726,1,0.5,1,0,0.5,-0.225496,0,0,0,0.4890558,0.03766758,0.9362465,-0.349319,0,0,0,0,0.5,0.225496,0,0,0,0.4327344,0.03994207,0.99278,0.113104,0,0,1
1183,0.1968614,0.03956962,-0.2235132,0.1941622,0.08773342,0.05847218,0.1119374,0.3256481,0.7608125,-0.5613534,1,0.5,0,0.457942,-0.3886205,0.2220377,1.085262,0.5689504,0.03685804,-0.02699116,0.9732521,0.0790249,0.2157204,1,1,1,0.3251049,-0.4433329,-0.2055856,0.3599526,0.1459167,0.2936729,-0.03785762,0.7086989,-0.03750544,-0.7045135,1,1,0,0.2526975,0.0674706,0.2233737,1.038621,0.5547203,-0.05256536,0.06505018,0.4514862,0.8733217,0.1829461,1,0.5,1,0,0.5,-0.225496,0,0,0,0.4883569,0.002443308,0.9369085,-0.349566,0,0,0,0,0.5,0.225496,0,0,0,0.4319931,0.002591071,0.9935696,0.113194,0,0,1
1184,0.2068821,0.04403783,-0.2215098,0.3303462,0.1518164,0.03595205,0.1096832,0.3030992,0.7709543,-0.5601432,1,0.5,0,0.4866073,-0.3704708,0.2265819,0.6106156,0.3909738,0.09953979,-0.02018568,0.968124,0.1157307,0.2221317,1,1,1,0.3464838,-0.4355969,-0.1971233,0.5684602,0.2229632,0.1393371,-0.04624662,0.7149174,-0.02114994,-0.698889,1,1,0,0.2787474,0.08423766,0.2220502,0.4917966,0.3332482,-0.01086891,0.08019906,0.442365,0.8794183,0.1758883,1,0.5,1,0,0.5,-0.225496,0,0,0,0.4886007,-0.0223423,0.9366775,-0.3494798,0,0,0,0,0.5,0.225496,0,0,0,0.4322517,-0.02369276,0.993294,0.1131626,0,0,1
1185,0.2292913,0.05484814,-0.2235781,0.5879069,0.2921929,-0.06286132,0.1184891,0.2949045,0.777456,-0.5555118,1,0.5,0,0.4985665,-0.3643844,0.2259798,0.1882271,0.08282366,-0.04001708,-0.03198886,0.9650849,0.1316542,0.2264471,1,1,1,0.3729028,-0.4238154,-0.2031275,0.699583,0.317295,-0.2295406,-0.04098305,0.7102281,0.004759366,-0.7039555,1,1,0,0.2820551,0.08637319,0.2233666,-0.02527983,-0.01991429,0.03863277,0.07315856,0.4102862,0.8939467,0.1803456,1,0.5,1,0,0.5,-0.225496,0,0,0,0.4894659,-0.04739529,0.9358584,-0.3491742,0,0,0,0,0.5,0.225496,0,0,0,0.4331691,-0.05025458,0.9923174,0.1130513,0,0,1
1186,0.2458276,0.06391898,-0.2250269,0.3389904,0.1910119,-0.02868624,0.118753,0.2492812,0.7917845,-0.5576165,1,0.5,0,0.4932829,-0.3681608,0.22598,-0.2314434,-0.1372576,0.02792777,-0.08054912,0.9576777,0.1378927,0.2526638,1,1,1,0.4065193,-0.4093769,-0.2147501,0.8809302,0.3639834,-0.2777011,-0.04008898,0.6847742,0.03614412,-0.7278584,1,1,0,0.2743298,0.08144662,0.2248034,-0.2434359,-0.1478591,0.0349492,0.04943776,0.332605,0.9235744,0.1907466,1,0.5,1,0,0.5,-0.225496,0,0,0,0.4925881,-0.09226798,0.9329147,-0.3480759,0,0,0,0,0.5,0.225496,0,0,0,0.4364791,-0.09779619,0.9888101,0.1126517,0,0,1
1187,0.2506832,0.06729572,-0.2255024,0.06186741,0.04539827,-0.01325831,0.1167641,0.2156198,0.7998126,-0.5601856,1,0.5,0,0.476179,-0.3782016,0.2259754,-0.4794838,-0.2783538,-0.01506508,-0.1231378,0.9512295,0.1268326,0.2812047,1,1,1,0.4418173,-0.3948442,-0.2234358,0.8653629,0.3555582,-0.1918592,-0.0267421,0.6848711,0.06583259,-0.7256842,1,1,0,0.2595894,0.07258189,0.2254193,-0.4188167,-0.243728,0.0081718,0.02899027,0.2682333,0.9425162,0.199284,1,0.5,1,0,0.5,-0.225496,0,0,0,0.4953371,-0.118248,0.930338,-0.3471146,0,0,0,0,0.5,0.225496,0,0,0,0.4393923,-0.1252902,0.9857436,0.1123024,0,0,1
1188,0.2472322,0.06545127,-0.2255112,-0.1324662,-0.07321428,0.001817197,0.1089096,0.1631454,0.8071005,-0.5674261,1,0.5,0,0.452256,-0.3917223,0.2242665,-0.6365853,-0.3556581,-0.0514053,-0.1764505,0.9407049,0.1059426,0.3222583,1,1,1,0.4719096,-0.3813154,-0.2261698,0.7129508,0.3232644,-0.02442227,-0.02374581,0.6803472,0.09382502,-0.7268594,1,1,0,0.2364534,0.05938011,0.2253297,-0.629844,-0.3546334,-0.004344435,0.004511058,0.1755402,0.9620802,0.2087759,1,0.5,1,0,0.5,-0.225496,0,0,0,0.4993575,-0.1479865,0.9265954,-0.3457181,0,0,0,0,0.5,0.225496,0,0,0,0.443651,-0.1567225,0.981295,0.1117956,0,0,1
1189,0.2371376,0.05950512,-0.22502,-0.2910876,-0.1743306,0.009647761,0.0976311,0.08212494,0.8123826,-0.5773127,1,0.5,0,0.4219421,-0.4067789,0.2229469,-0.7903489,-0.3850566,-0.03352316,-0.2437391,0.9126826,0.07500608,0.401727,1,1,1,0.4939569,-0.3694921,-0.2207392,0.4915865,0.2799244,0.1809739,-0.03862053,0.6630111,0.122476,-0.7385228,1,1,0,0.2057735,0.04409902,0.2246409,-0.8050564,-0.3942005,-0.03105403,-0.01806983,0.03676108,0.9754505,0.2171288,1,0.5,1,0,0.5,-0.225496,0,0,0,0.506086,-0.1869196,0.9203985,-0.343406,0,0,0,0,0.5,0.225496,0,0,0,0.4507738,-0.1977938,0.9739435,0.110958,0,0,1
1190,0.2189867,0.05030654,-0.2241342,-0.9075444,-0.4599294,0.04429074,0.08775169,0.02123676,0.8103874,-0.5855095,1,0.5,0,0.4295164,-0.3984477,0.2309364,0.3787161,0.4165592,0.3994735,-0.2494003,0.8899118,0.1099455,0.4426837,1,1,1,0.5049506,-0.3595773,-0.212001,0.5496832,0.4957395,0.4369134,-0.04866144,0.6612459,0.1471682,-0.7355919,1,1,0,0.1718442,0.03003183,0.2239797,-1.696467,-0.7033598,-0.03306197,-0.03098172,-0.07390039,0.9723114,0.2216964,1,0.5,1,0,0.5,-0.225496,0,0,0,0.5096968,-0.2045216,0.917107,-0.342178,0,0,0,0,0.5,0.225496,0,0,0,0.454594,-0.2163274,0.9700459,0.110514,0,0,1
1191,0.1903731,0.0375403,-0.2240797,-0.7656779,-0.3224944,-0.01489074,0.07974815,-0.09204266,0.7995546,-0.5934986,1,0.5,0,0.4552028,-0.3708151,0.2414759,0.652011,0.7435086,0.1990274,-0.2499589,0.8457335,0.2207034,0.4858237,1,1,1,0.5052461,-0.350368,-0.2062909,-0.06001296,0.2323628,0.08212703,-0.07505977,0.6154076,0.1779827,-0.7678513,1,1,0,0.1458787,0.02163355,0.2245091,-0.6187918,-0.2032992,0.008860234,-0.03002796,-0.2082165,0.9524685,0.2223729,1,0.5,1,0,0.5,-0.225496,0,0,0,0.5179636,-0.2394335,0.9096592,-0.3393992,0,0,0,0,0.5,0.225496,0,0,0,0.4633338,-0.2530116,0.9612452,0.1095114,0,0,1
1192,0.1582737,0.02552153,-0.2246892,-0.7949393,-0.2859854,-0.01439155,0.08155811,-0.2142679,0.7763997,-0.5926996,1,0.5,0,0.4800482,-0.3350362,0.2439665,0.6160128,0.9486828,0.01731516,-0.2499675,0.7885584,0.3638081,0.4958015,1,1,1,0.495316,-0.3432769,-0.2066826,-0.307724,0.1495347,-0.02923609,-0.1016379,0.5332661,0.207658,-0.8200643,1,1,0,0.1239078,0.01547186,0.2249131,-0.5262116,-0.140544,0.01012832,-0.01919103,-0.330641,0.9181856,0.2182012,1,0.5,1,0,0.5,-0.225496,0,0,0,0.5280401,-0.2751673,0.9007431,-0.3360725,0,0,0,0,0.5,0.225496,0,0,0,0.4739754,-0.2904416,0.9507427,0.1083148,0,0,1
1193,0.1274428,0.01614252,-0.2250997,-1.541546,-0.4689502,-0.02052487,0.08758801,-0.2980748,0.7524703,-0.5873159,1,0.5,0,0.4965807,-0.300217,0.239014,0.8266288,1.740958,-0.2476254,-0.2399637,0.7460218,0.4837132,0.4576822,1,1,1,0.4772328,-0.3409707,-0.2098124,-0.9041596,0.1153112,-0.1564898,-0.1172377,0.4562748,0.2221465,-0.8616636,1,1,0,0.1051499,0.01084204,0.2253133,-0.9378947,-0.2314913,0.02000854,-0.009180665,-0.4022622,0.8900261,0.2145663,1,0.5,1,0,0.5,-0.225496,0,0,0,0.5336359,-0.2927414,0.8958668,-0.3342531,0,0,0,0,0.5,0.225496,0,0,0,0.47988,-0.3088011,0.9450136,0.1076622,0,0,1
1194,0.0993323,0.009121425,-0.2248716,-0.6451066,-0.1494193,0.01730845,0.105784,-0.3999702,0.7182782,-0.569298,1,0.5,0,0.5061237,-0.2721203,0.2285298,0.3144802,0.7714349,-0.2801591,-0.2499668,0.6578963,0.6154372,0.4340617,1,1,1,0.4571404,-0.3400813,-0.2147931,-0.4714983,0.02490283,-0.1138874,-0.1355668,0.3169649,0.2357599,-0.9186679,1,1,0,0.09175377,0.007841822,0.2261375,-0.2748323,-0.06512406,0.02950133,0.01178211,-0.4882431,0.847708,0.2073881,1,0.5,1,0,0.5,-0.225496,0,0,0,0.5457308,-0.3266881,0.8855051,-0.3303871,0,0,0,0,0.5,0.225496,0,0,0,0.4926304,-0.3441642,0.932875,0.1062792,0,0,1
1195,0.08052878,0.005295699,-0.2249263,-0.4523953,-0.0834766,0.01834855,0.1284713,-0.4773116,0.6862616,-0.5488338,1,0.5,0,0.5221399,-0.2422691,0.2133204,0.4020037,0.6864104,-0.3878483,-0.2499479,0.5664198,0.7347704,0.3732039,1,1,1,0.4505077,-0.3312876,-0.2233662,-0.04956128,0.3372924,-0.2563328,-0.1369972,0.1928421,0.2609137,-0.9459049,1,1,0,0.08869866,0.007203261,0.2260229,-9.685758E-05,0.003130758,0.01000837,0.03297007,-0.5475106,0.8128097,0.1989285,1,0.5,1,0,0.5,-0.225496,0,0,0,0.5590694,-0.3592828,0.8743525,-0.326226,0,0,0,0,0.5,0.225496,0,0,0,0.5066726,-0.3779833,0.9198621,0.1047967,0,0,1
1196,0.06662177,0.003781125,-0.224826,-0.6953511,-0.07572874,0.005014243,0.1443391,-0.5183609,0.6670108,-0.5351623,1,0.5,0,0.5337604,-0.2289112,0.1970625,0.5810263,0.6678971,-0.8128944,-0.249983,0.5325176,0.7883019,0.3082292,1,1,1,0.4604754,-0.3038995,-0.2417001,0.4983844,1.369405,-0.9166974,-0.1135832,0.1548932,0.3159814,-0.9360362,1,1,0,0.0944068,0.008435964,0.2252769,0.2854069,0.06163516,-0.03730209,0.04183537,-0.5651444,0.8017859,0.1942968,1,0.5,1,0,0.5,-0.225496,0,0,0,0.5664622,-0.3756551,0.8682915,-0.3239646,0,0,0,0,0.5,0.225496,0,0,0,0.5144473,-0.3949165,0.9128123,0.1039936,0,0,1
1197,0.06234495,0.003599779,-0.2245613,-0.06389117,0.003040013,0.0003218652,0.1669257,-0.5640509,0.6441494,-0.5166413,1,0.5,0,0.5511806,-0.2119504,0.1832242,0.4342558,0.3922412,-0.3340208,-0.2499884,0.4506016,0.8561584,0.252885,1,1,1,0.4783316,-0.2718139,-0.2578773,0.4522117,0.790875,-0.3955694,-0.08994001,0.09707507,0.3760086,-0.9215172,1,1,0,0.105448,0.0110467,0.2244195,0.2971006,0.07585965,-0.02577455,0.05933315,-0.5954894,0.781371,0.1866857,1,0.5,1,0,0.5,-0.225496,0,0,0,0.5812713,-0.4055642,0.8563993,-0.3195276,0,0,0,0,0.5,0.225496,0,0,0,0.5300046,-0.4257505,0.8990251,0.1024228,0,0,1
1198,0.06376521,0.003966882,-0.2239205,0.07055833,0.009277467,0.00605956,0.1881553,-0.5998663,0.6248108,-0.4997717,1,0.5,0,0.5675982,-0.1992017,0.1729303,0.3935309,0.2990113,-0.2316602,-0.2499482,0.3640518,0.9070054,0.2116775,1,1,1,0.4946861,-0.2456384,-0.2698489,0.3972353,0.5903544,-0.2639101,-0.07006884,0.0421455,0.4195127,-0.9067705,1,1,0,0.1180999,0.01402699,0.2237708,0.312004,0.07961666,-0.02028198,0.07696658,-0.6212952,0.762656,0.1798559,1,0.5,1,0,0.5,-0.225496,0,0,0,0.5972507,-0.4343277,0.8439274,-0.3148743,0,0,0,0,0.5,0.225496,0,0,0,0.5467669,-0.4552746,0.8846287,0.1007827,0,0,1
1199,0.07004116,0.004908234,-0.2237151,0.3137977,0.04706762,0.01026988,0.1962729,-0.6109822,0.6188784,-0.49365,1,0.5,0,0.5791507,-0.1945966,0.1687283,0.5776229,0.2302506,-0.210102,-0.2491464,0.3336575,0.9224638,0.19425,1,1,1,0.5079328,-0.2307609,-0.275188,0.662339,0.7438767,-0.2669529,-0.05903783,0.02830477,0.4427571,-0.8961948,1,1,0,0.1293877,0.01701573,0.2233192,0.5643907,0.149437,-0.02258123,0.08390111,-0.6269278,0.7587171,0.1769464,1,0.5,1,0,0.5,-0.225496,0,0,0,0.6055839,-0.4481356,0.8375664,-0.3125009,0,0,0,0,0.5,0.225496,0,0,0,0.5554987,-0.4694004,0.8773104,0.09994896,0,0,1
1200,0.08166555,0.006533836,-0.2237579,0.5812197,0.08128016,-0.002136082,0.2190791,-0.6400393,0.6015108,-0.4780529,1,0.5,0,0.5910822,-0.1863256,0.1714667,0.5965742,0.4135528,0.1369201,-0.2499778,0.1966934,0.9586126,0.2058486,1,1,1,0.5198526,-0.2295354,-0.2717318,0.5959871,0.06127583,0.1728103,-0.06120801,-0.05025586,0.4477398,-0.8927505,1,1,0,0.1382949,0.01932264,0.2235856,0.4453601,0.1153455,0.01331941,0.1098712,-0.6617948,0.7301913,0.1698483,1,0.5,1,0,0.5,-0.225496,0,0,0,0.6271663,-0.4807671,0.8215292,-0.3065173,0,0,0,0,0.5,0.225496,0,0,0,0.5780843,-0.502655,0.8589309,0.09785505,0,0,1
1201,0.09727791,0.009351185,-0.2241179,0.7806181,0.1408675,-0.01799987,0.2240245,-0.642301,0.6012935,-0.4752848,1,0.5,0,0.5976203,-0.185973,0.1804983,0.3269078,0.01762734,0.4515776,-0.2499618,0.1411816,0.959961,0.241956,1,1,1,0.5286767,-0.2405761,-0.2619632,0.4412057,-0.5520361,0.4884275,-0.07407773,-0.07898819,0.4353469,-0.8967909,1,1,0,0.1447877,0.02126344,0.2242334,0.3246405,0.09704012,0.03238992,0.1206787,-0.6727021,0.7206039,0.1679346,1,0.5,1,0,0.5,-0.225496,0,0,0,0.6371222,-0.4945111,0.8143364,-0.3038337,0,0,0,0,0.5,0.225496,0,0,0,0.5884892,-0.5166055,0.8507205,0.09691966,0,0,1
1202,0.1157316,0.01303258,-0.2247719,0.4723111,0.09361374,-0.01242459,0.2391374,-0.6554471,0.5939797,-0.4664518,1,0.5,0,0.6025016,-0.1866722,0.1924183,0.1010925,-0.05102979,0.3074901,-0.249945,0.009216187,0.9571005,0.2896094,1,1,1,0.5343044,-0.2596791,-0.2474779,0.1256407,-0.505721,0.3778251,-0.09128919,-0.1612207,0.4069403,-0.8991148,1,1,0,0.149496,0.02241333,0.2249703,0.1105734,0.02510148,0.0177458,0.1443793,-0.6994344,0.6958841,0.1629014,1,0.5,1,0,0.5,-0.225496,0,0,0,0.6563218,-0.5190571,0.8008152,-0.2987888,0,0,0,0,0.5,0.225496,0,0,0,0.6085314,-0.5414344,0.8353395,0.09516735,0,0,1
1203,0.1345118,0.01760161,-0.2251395,0.4599931,0.1156341,-0.004581364,0.2529691,-0.6654426,0.5891365,-0.4583713,1,0.5,0,0.603577,-0.1931127,0.2052607,0.004291536,-0.1905166,0.3176005,-0.2499412,-0.1279401,0.9313301,0.3409624,1,1,1,0.5385065,-0.2771935,-0.2332642,0.1155496,-0.3917547,0.3366248,-0.104576,-0.2454656,0.3763214,-0.8933806,1,1,0,0.1534646,0.0235688,0.2255507,0.0902601,0.03003852,0.01555756,0.1675913,-0.7221557,0.6734192,0.1581067,1,0.5,1,0,0.5,-0.225496,0,0,0,0.6750711,-0.5408775,0.7880374,-0.2940213,0,0,0,0,0.5,0.225496,0,0,0,0.6280754,-0.5634105,0.8208671,0.09351857,0,0,1
1204,0.1502579,0.02223043,-0.22536,0.3619643,0.1148922,-0.00153035,0.2667813,-0.6748528,0.584561,-0.4504023,1,0.5,0,0.5997434,-0.2058133,0.2169773,-0.1351297,-0.3679202,0.2880977,-0.2499842,-0.2718987,0.8806911,0.3878845,1,1,1,0.5461244,-0.2832723,-0.2241811,0.2187998,-0.06749484,0.1900405,-0.1080588,-0.3102455,0.3641558,-0.8781447,1,1,0,0.1558769,0.02436238,0.225587,0.04898237,0.02104063,0.001586229,0.189899,-0.7419136,0.6527947,0.153047,1,0.5,1,0,0.5,-0.225496,0,0,0,0.6927685,-0.5598089,0.7763451,-0.2896589,0,0,0,0,0.5,0.225496,0,0,0,0.6464984,-0.5824015,0.8076766,0.09201583,0,0,1
1205,0.1617575,0.02633538,-0.2255079,0.2710753,0.0960397,-0.006841871,0.2824039,-0.6861127,0.5781354,-0.4415979,1,0.5,0,0.5873547,-0.2292631,0.2271977,-0.3768386,-0.684281,0.2385893,-0.2498668,-0.4446433,0.7865283,0.4285623,1,1,1,0.5565211,-0.2805313,-0.2199302,0.2555848,0.08750115,0.08515123,-0.1039029,-0.3586336,0.367255,-0.8581991,1,1,0,0.1567942,0.02481131,0.2254308,0.02378375,0.01065359,-0.007352981,0.2126518,-0.7602318,0.6325828,0.1479415,1,0.5,1,0,0.5,-0.225496,0,0,0,0.71031,-0.5771866,0.7650933,-0.2854607,0,0,0,0,0.5,0.225496,0,0,0,0.664737,-0.5997704,0.7950293,0.09057495,0,0,1
1206,0.1718758,0.03037305,-0.2253283,0.2497972,0.103013,0.01189933,0.2998575,-0.6986095,0.570568,-0.4317373,1,0.5,0,0.5639252,-0.2671891,0.2339185,-0.6523582,-1.017408,0.1442806,-0.2430952,-0.6490288,0.6181701,0.443427,1,1,1,0.5631528,-0.2809421,-0.2168619,0.127852,-0.06189796,0.08380193,-0.09679085,-0.4154444,0.3597583,-0.8354519,1,1,0,0.1589153,0.0259567,0.2254304,0.06407129,0.03475166,0.005736204,0.2363945,-0.7764162,0.6137426,0.143171,1,0.5,1,0,0.5,-0.225496,0,0,0,0.7291107,-0.5944654,0.7533903,-0.2810943,0,0,0,0,0.5,0.225496,0,0,0,0.6842614,-0.6169785,0.7819219,0.08908167,0,0,1
1207,0.1828966,0.03455132,-0.2250924,0.2754704,0.1003223,0.01245812,0.3169363,-0.7097465,0.5637543,-0.4224227,1,0.5,0,0.5290678,-0.3128369,0.2360962,-0.9494696,-1.173,0.02809764,-0.2156149,-0.8215846,0.3979222,0.408236,1,1,1,0.5625232,-0.290497,-0.2131429,-0.06338658,-0.2980561,0.1018651,-0.08839139,-0.4863626,0.3292034,-0.809368,1,1,0,0.162545,0.0271036,0.2253313,0.1050413,0.04168918,-0.002115966,0.2593423,-0.7903804,0.5967054,0.1387139,1,0.5,1,0,0.5,-0.225496,0,0,0,0.7484295,-0.6109389,0.7417319,-0.2767445,0,0,0,0,0.5,0.225496,0,0,0,0.7042999,-0.6333258,0.7689114,0.08759944,0,0,1
1208,0.1949338,0.03904093,-0.2251465,0.3191137,0.1155591,-0.006056579,0.3333552,-0.7190723,0.5580344,-0.4141649,1,0.5,0,0.4815935,-0.3605263,0.2327927,-1.266051,-1.177489,-0.1211599,-0.1613008,-0.9228926,0.1933094,0.3330174,1,1,1,0.5532588,-0.3093705,-0.2094698,-0.2967836,-0.5307483,0.07917437,-0.07550716,-0.5675426,0.2747503,-0.7761493,1,1,0,0.1671779,0.02834836,0.224993,0.1099572,0.02586889,-0.01242236,0.2813983,-0.802406,0.5814555,0.1343655,1,0.5,1,0,0.5,-0.225496,0,0,0,0.7678958,-0.6263736,0.7303439,-0.2724956,0,0,0,0,0.5,0.225496,0,0,0,0.724468,-0.648589,0.7562468,0.0861566,0,0,1
1209,0.2100588,0.045429,-0.2244773,0.4117058,0.1801298,0.01838655,0.3490218,-0.7259921,0.5552614,-0.4057343,1,0.5,0,0.4251117,-0.4011214,0.22799,-1.442871,-0.9383712,-0.1201928,-0.0836508,-0.9639268,0.05975415,0.2593735,1,1,1,0.5293013,-0.3389873,-0.2064223,-0.7165077,-0.8161101,0.06161037,-0.05009425,-0.6604505,0.193402,-0.7255349,1,1,0,0.1693288,0.02868238,0.2244998,0.01014918,-0.001874939,-0.01701713,0.305887,-0.815391,0.5642012,0.1296705,1,0.5,1,0,0.5,-0.225496,0,0,0,0.7883515,-0.6414723,0.7187479,-0.268169,0,0,0,0,0.5,0.225496,0,0,0,0.7456369,-0.6634693,0.7433948,0.08469241,0,0,1
1210,0.2263847,0.05353367,-0.222892,0.3645228,0.1861975,0.0409417,0.363832,-0.7309404,0.5551237,-0.3969429,1,0.5,0,0.3663421,-0.430149,0.2218779,-1.47183,-0.6705868,-0.1944684,0.001918018,-0.9791486,-0.008266211,0.2029772,1,1,1,0.4839419,-0.3748076,-0.2100325,-1.271412,-0.883222,-0.1688995,0.001306057,-0.745757,0.1021181,-0.6583453,1,1,0,0.1652863,0.02757347,0.2233562,-0.1176209,-0.03642553,-0.02725498,0.3342535,-0.8300931,0.5436878,0.1238907,1,0.5,1,0,0.5,-0.225496,0,0,0,0.8086843,-0.6554632,0.7075809,-0.2640025,0,0,0,0,0.5,0.225496,0,0,0,0.7666557,-0.677212,0.731059,0.08328704,0,0,1
1211,0.2259703,0.05358865,-0.2233284,-0.1340561,-0.06907865,-0.02315939,0.3882564,-0.7477216,0.5399214,-0.3865195,1,0.5,0,0.3071283,-0.4517519,0.2122844,-1.489755,-0.4932093,-0.2065279,0.09083056,-0.9867642,-0.04358596,0.1561943,1,1,1,0.4197257,-0.4074906,-0.2221299,-1.70913,-0.8109453,-0.2913096,0.08196557,-0.8083177,0.0318049,-0.5878868,1,1,0,0.1665269,0.02802488,0.2230852,0.1090557,0.0274784,0.01380146,0.360453,-0.8409662,0.527658,0.1198034,1,0.5,1,0,0.5,-0.225496,0,0,0,0.8301092,-0.6692223,0.6961834,-0.2597501,0,0,0,0,0.5,0.225496,0,0,0,0.7887794,-0.6906835,0.7185093,0.08185729,0,0,1
1212,0.209961,0.04569703,-0.2249423,-0.4582534,-0.2208193,-0.04257711,0.4205235,-0.772661,0.5124226,-0.374724,1,0.5,0,0.2455578,-0.4642595,0.2109078,-1.543926,-0.253968,0.02408252,0.1828168,-0.9895125,-0.05603192,0.1331365,1,1,1,0.3408088,-0.4368078,-0.2289979,-2.054512,-0.7076833,-0.1199708,0.1773375,-0.8568916,-0.01595636,-0.5152497,1,1,0,0.1733237,0.03041386,0.2243818,0.1376071,0.05511923,0.02850966,0.3823539,-0.8476076,0.5172685,0.1182993,1,0.5,1,0,0.5,-0.225496,0,0,0,0.8511025,-0.6818237,0.6853662,-0.2557141,0,0,0,0,0.5,0.225496,0,0,0,0.8104351,-0.702983,0.7066355,0.08050456,0,0,1
1213,0.1870391,0.03578632,-0.2255569,-0.6311665,-0.2630069,-0.02778844,0.4587409,-0.7988093,0.4816591,-0.3604278,1,0.5,0,0.1850804,-0.4702947,0.217084,-1.495474,-0.1299367,0.1495921,0.2751899,-0.9904798,-0.05714051,0.125239,1,1,1,0.2506402,-0.4600952,-0.2290528,-2.306723,-0.5364614,0.003470482,0.2849557,-0.8946366,-0.04343579,-0.4446783,1,1,0,0.1697228,0.02934628,0.2251194,-0.1616285,-0.05840335,0.0008501116,0.4119987,-0.8587375,0.4992839,0.1152626,1,0.5,1,0,0.5,-0.225496,0,0,0,0.872896,-0.6940732,0.6744866,-0.2516549,0,0,0,0,0.5,0.225496,0,0,0,0.8328936,-0.7149035,0.6947291,0.0791481,0,0,1
1214,0.1551632,0.02459649,-0.2254315,-0.8636217,-0.2836912,0.001708419,0.5051869,-0.8252019,0.4482713,-0.343649,1,0.5,0,0.1264533,-0.4752024,0.2245637,-1.458075,-0.1189501,0.1874969,0.3659377,-0.9910552,-0.0568198,0.1207519,1,1,1,0.1551963,-0.4755162,-0.2255535,-2.400031,-0.3368021,0.1085446,0.3999138,-0.9216983,-0.05502324,-0.3839851,1,1,0,0.1535683,0.02396525,0.2255357,-0.4764872,-0.1599654,0.004310908,0.4509446,-0.873949,0.4731771,0.1109799,1,0.5,1,0,0.5,-0.225496,0,0,0,0.8951236,-0.7057765,0.6637405,-0.2476454,0,0,0,0,0.5,0.225496,0,0,0,0.8557773,-0.7262589,0.6830031,0.07781219,0,0,1
1215,0.1121062,0.01267608,-0.2254216,-1.151347,-0.2889826,0.001378358,0.5626554,-0.8508385,0.4128112,-0.3250551,1,0.5,0,0.06899693,-0.4803478,0.2310847,-1.428602,-0.1310006,0.1549319,0.4552959,-0.9915854,-0.05689108,0.116283,1,1,1,0.05961432,-0.4844489,-0.2197303,-2.379884,-0.184095,0.1557537,0.5168546,-0.9407836,-0.05748004,-0.3340992,1,1,0,0.1266791,0.01632971,0.2253315,-0.7340143,-0.2032297,-0.0100784,0.4990469,-0.8904241,0.4427517,0.105432,1,0.5,1,0,0.5,-0.225496,0,0,0,0.9176095,-0.716879,0.6532124,-0.2437173,0,0,0,0,0.5,0.225496,0,0,0,0.8789048,-0.7370011,0.6715474,0.07650709,0,0,1
1216,0.0584117,0.003236176,-0.2248827,-1.406851,-0.208132,0.01177267,0.6334547,-0.8740736,0.3786972,-0.3042757,1,0.5,0,0.01324535,-0.48581,0.2355601,-1.380534,-0.1349196,0.08556623,0.5440296,-0.9922029,-0.05728763,0.1106866,1,1,1,-0.03356002,-0.4880114,-0.2130169,-2.309127,-0.05232545,0.1617157,0.6344484,-0.9543797,-0.05466213,-0.2935496,1,1,0,0.09008177,0.008053921,0.2250451,-0.9697024,-0.2009101,-0.01002178,0.5579317,-0.9065356,0.4102854,0.09929294,1,0.5,1,0,0.5,-0.225496,0,0,0,0.9413627,-0.7278768,0.6424476,-0.2397009,0,0,0,0,0.5,0.225496,0,0,0,0.9033134,-0.7476124,0.6598669,0.07517637,0,0,1
1217,-0.002613083,-0.0003067457,-0.2241188,-1.55178,-0.04266719,0.02191142,0.7132635,-0.8924385,0.3508663,-0.2836307,1,0.5,0,-0.04034339,-0.4908257,0.2350393,-1.327136,-0.1184881,-0.05356746,0.6282473,-0.9931275,-0.05745701,0.1019629,1,1,1,-0.1226493,-0.4853993,-0.2083235,-2.19459,0.1134381,0.0941873,0.748219,-0.9636124,-0.04758725,-0.2630336,1,1,0,0.04455322,0.001858299,0.2244164,-1.193902,-0.1361166,-0.01498014,0.6253561,-0.9202393,0.3801982,0.0927852,1,0.5,1,0,0.5,-0.225496,0,0,0,0.9640927,-0.7377607,0.6324736,-0.2359796,0,0,0,0,0.5,0.225496,0,0,0,0.9266497,-0.7571235,0.6490731,0.07394667,0,0,1
1218,-0.06372948,0.003615989,-0.2238657,-1.50444,0.1445145,0.004276635,0.7971065,-0.9055496,0.331211,-0.2651021,1,0.5,0,-0.09295598,-0.4933924,0.2276109,-1.316881,-0.04039408,-0.2203629,0.7104983,-0.9944836,-0.05567325,0.08889806,1,1,1,-0.2050686,-0.4757982,-0.2089363,-2.004703,0.2873452,-0.04946144,0.8573354,-0.9694975,-0.03668818,-0.2423397,1,1,0,-0.009580332,-0.000473252,0.2238975,-1.408653,-0.03115543,-0.009693209,0.7030233,-0.9313578,0.3537145,0.08636364,1,0.5,1,0,0.5,-0.225496,0,0,0,0.9868975,-0.7471024,0.6227733,-0.2323603,0,0,0,0,0.5,0.225496,0,0,0,0.9500434,-0.7660907,0.6386015,0.07275368,0,0,1
1219,-0.1211026,0.01438761,-0.2240022,-1.417139,0.312871,0.00210628,0.8814669,-0.914533,0.3187826,-0.2490122,1,0.5,0,-0.1488691,-0.4890877,0.2190465,-1.440044,0.1753793,-0.1768247,0.7964928,-0.9958895,-0.0486603,0.07639576,1,1,1,-0.274857,-0.4613947,-0.2131861,-1.637551,0.3791438,-0.1104072,0.9562225,-0.9731696,-0.02430585,-0.2288017,1,1,0,-0.06860818,0.004547729,0.2239546,-1.474422,0.1884532,0.004746022,0.7893653,-0.9391462,0.3339222,0.08062465,1,0.5,1,0,0.5,-0.225496,0,0,0,1.010523,-0.7562244,0.6130327,-0.2287261,0,0,0,0,0.5,0.225496,0,0,0,0.9742597,-0.7748258,0.6281118,0.07155862,0,0,1
1220,-0.1750538,0.03143934,-0.2239266,-1.316844,0.4551445,0.002461673,0.9645271,-0.9204841,0.3123461,-0.234838,1,0.5,0,-0.214405,-0.4766452,0.2140242,-1.688157,0.3572853,-0.09887148,0.8915296,-0.9970505,-0.03639537,0.06756899,1,1,1,-0.3259992,-0.445261,-0.2219195,-1.163678,0.4054831,-0.2412909,1.037641,-0.9748827,-0.01252634,-0.2223663,1,1,0,-0.122292,0.01466307,0.2238049,-1.314173,0.2811428,-0.002984704,0.8721491,-0.9440026,0.3211481,0.07565134,1,0.5,1,0,0.5,-0.225496,0,0,0,1.03389,-0.7647353,0.6036937,-0.2252416,0,0,0,0,0.5,0.225496,0,0,0,0.9981929,-0.7829567,0.6180779,0.0704155,0,0,1
1221,-0.2181089,0.04987181,-0.2245053,-0.9668175,0.4598541,-0.02675579,1.038774,-0.9242502,0.309254,-0.223883,1,0.5,0,-0.2821005,-0.4570674,0.2130187,-1.682748,0.5227225,-0.02087653,0.9894356,-0.99783,-0.02085853,0.06245231,1,1,1,-0.3639223,-0.4284271,-0.2296034,-0.8957002,0.4325317,-0.1871676,1.106528,-0.9760337,-0.001510774,-0.2176143,1,1,0,-0.1745165,0.0310574,0.2240886,-1.302271,0.4384871,0.01175255,0.9561343,-0.9467666,0.3138841,0.07148284,1,0.5,1,0,0.5,-0.225496,0,0,0,1.057789,-0.7729563,0.5944322,-0.2217861,0,0,0,0,0.5,0.225496,0,0,0,1.022652,-0.7907932,0.6081495,0.06928438,0,0,1
1222,-0.2481897,0.06577491,-0.2249598,-0.6904113,0.378105,-0.008454923,1.100631,-0.9269078,0.3072382,-0.2155149,1,0.5,0,-0.3461791,-0.4324799,0.2167143,-1.571541,0.6442207,0.1251549,1.084594,-0.9981273,-0.004089286,0.06103411,1,1,1,-0.3951285,-0.4120117,-0.231149,-0.7475215,0.394799,0.01108721,1.168017,-0.9775538,0.008386178,-0.2105189,1,1,0,-0.221561,0.05165418,0.2249911,-1.116393,0.5261056,0.02020822,1.036897,-0.94802,0.3107914,0.06831373,1,0.5,1,0,0.5,-0.225496,0,0,0,1.082142,-0.7808701,0.5852823,-0.2183723,0,0,0,0,0.5,0.225496,0,0,0,1.047558,-0.7983207,0.598362,0.06816933,0,0,1
1223,-0.2676364,0.07767513,-0.2254318,-0.4313992,0.2663561,-0.003616513,1.151757,-0.9291289,0.3049329,-0.2091299,1,0.5,0,-0.405689,-0.4059071,0.2222882,-1.457187,0.6688836,0.1548455,1.175993,-0.9980639,0.01198867,0.06103138,1,1,1,-0.4217344,-0.3979205,-0.2283408,-0.6380724,0.3370808,0.1014457,1.224573,-0.9792529,0.01628201,-0.2019867,1,1,0,-0.2580563,0.07167391,0.2254741,-0.8352171,0.4793948,0.01523123,1.107725,-0.9486169,0.3095516,0.06560457,1,0.5,1,0,0.5,-0.225496,0,0,0,1.106948,-0.7884879,0.5762476,-0.2150014,0,0,0,0,0.5,0.225496,0,0,0,1.072909,-0.8055512,0.588718,0.06707061,0,0,1
1224,-0.2771264,0.08389583,-0.2254101,-0.1740084,0.1170502,0.006283077,1.192515,-0.9314453,0.3012651,-0.2040809,1,0.5,0,-0.4603651,-0.3797706,0.2271423,-1.33452,0.6487849,0.1135752,1.263589,-0.9978086,0.02621323,0.0607524,1,1,1,-0.4443204,-0.3873264,-0.2235303,-0.5378726,0.2448247,0.1290039,1.277618,-0.9809077,0.02175586,-0.1932531,1,1,0,-0.2830471,0.08765417,0.2255196,-0.5520912,0.3680666,0.00497848,1.167029,-0.9492376,0.3081256,0.06329799,1,0.5,1,0,0.5,-0.225496,0,0,0,1.132537,-0.795914,0.5672153,-0.2116313,0,0,0,0,0.5,0.225496,0,0,0,1.099043,-0.8125854,0.5790963,0.06597444,0,0,1
1225,-0.2769262,0.08343839,-0.2250691,0.06683472,-0.05345645,0.01287535,1.222289,-0.934005,0.2957914,-0.2003549,1,0.5,0,-0.5094212,-0.3548969,0.2296957,-1.188729,0.6085696,0.04408436,1.345757,-0.9974889,0.03852248,0.05943131,1,1,1,-0.4627026,-0.3807565,-0.218078,-0.429702,0.1446799,0.1308211,1.326534,-0.9824088,0.02477014,-0.1850927,1,1,0,-0.2971093,0.09788198,0.2252152,-0.2916591,0.2121941,-0.004348906,1.214218,-0.9501765,0.3056099,0.06137797,1,0.5,1,0,0.5,-0.225496,0,0,0,1.158394,-0.8030062,0.5583717,-0.2083317,0,0,0,0,0.5,0.225496,0,0,0,1.125433,-0.8192898,0.5696945,0.06490333,0,0,1
1226,-0.2672431,0.07695274,-0.2244837,0.2923415,-0.1932629,0.01615361,1.241532,-0.9367328,0.288799,-0.197805,1,0.5,0,-0.5511144,-0.3323559,0.2275275,-0.9885792,0.5455854,-0.08311051,1.420522,-0.9972401,0.04875972,0.05598868,1,1,1,-0.4763772,-0.377079,-0.2150312,-0.3120155,0.07891807,0.05799907,1.371369,-0.9834962,0.0261418,-0.17903,1,1,0,-0.3020414,0.101149,0.224602,-0.06012174,0.0390351,-0.019186,1.25068,-0.9517154,0.301111,0.05974936,1,0.5,1,0,0.5,-0.225496,0,0,0,1.184527,-0.8097864,0.5497091,-0.2050997,0,0,0,0,0.5,0.225496,0,0,0,1.152088,-0.8256869,0.5605028,0.06385616,0,0,1
1227,-0.2514911,0.06737176,-0.2238508,0.415899,-0.2524004,0.01247749,1.252502,-0.9392803,0.2815242,-0.1962057,1,0.5,0,-0.5819677,-0.3134623,0.2205062,-0.6876501,0.4422279,-0.1936377,1.482318,-0.997099,0.05677078,0.05070136,1,1,1,-0.4857764,-0.3744408,-0.2159877,-0.2140702,0.06671998,-0.05119072,1.410853,-0.9840505,0.02698227,-0.1758313,1,1,0,-0.2964787,0.09705225,0.2240099,0.2065481,-0.150662,-0.01604558,1.273174,-0.9537011,0.2949807,0.05865744,1,0.5,1,0,0.5,-0.225496,0,0,0,1.209313,-0.815883,0.5417381,-0.2021256,0,0,0,0,0.5,0.225496,0,0,0,1.177353,-0.8314287,0.5520603,0.06289433,0,0,1
1228,-0.2321473,0.05672118,-0.2237868,0.5120898,-0.2812081,0.005028399,1.261065,-0.9416773,0.2741076,-0.1952153,1,0.5,0,-0.5967858,-0.3018634,0.2116534,-0.2644987,0.2309696,-0.2052382,1.528869,-0.9971036,0.06118511,0.04517459,1,1,1,-0.4937123,-0.3695534,-0.2221292,-0.2105148,0.1376227,-0.1712666,1.450982,-0.9840787,0.0289324,-0.1753626,1,1,0,-0.2811804,0.08577566,0.2236537,0.4426615,-0.3352975,-0.00714958,1.28545,-0.9562787,0.2866368,0.05805469,1,0.5,1,0,0.5,-0.225496,0,0,0,1.235198,-0.8219278,0.5336568,-0.1991105,0,0,0,0,0.5,0.225496,0,0,0,1.203723,-0.8371121,0.5435155,0.06192086,0,0,1
1229,-0.2097157,0.04562975,-0.2241356,0.5705634,-0.2649994,-0.01157001,1.266315,-0.9437923,0.2670135,-0.1948326,1,0.5,0,-0.5942742,-0.2977923,0.2066974,0.1670838,0.05543979,-0.1041495,1.557422,-0.9971666,0.06231472,0.04213884,1,1,1,-0.5003558,-0.3613072,-0.2297953,-0.1425386,0.2256394,-0.1959451,1.489731,-0.9838888,0.03251334,-0.1758002,1,1,0,-0.2553371,0.06946035,0.2240513,0.7046285,-0.434768,0.01272187,1.285916,-0.9589787,0.2774264,0.05826217,1,0.5,1,0,0.5,-0.225496,0,0,0,1.260858,-0.8276184,0.52588,-0.1962089,0,0,0,0,0.5,0.225496,0,0,0,1.22985,-0.8424534,0.5353064,0.06098562,0,0,1
1230,-0.1847236,0.03504482,-0.2245111,0.651751,-0.2642713,0.001577288,1.270451,-0.9456855,0.260411,-0.1945895,1,0.5,0,-0.5761673,-0.3011521,0.2067273,0.5371752,-0.1351342,0.04382433,1.571319,-0.9973033,0.06027457,0.04187056,1,1,1,-0.5022053,-0.3510392,-0.2353536,-0.00727475,0.2655224,-0.1062312,1.524611,-0.9837799,0.0370248,-0.175517,1,1,0,-0.2224792,0.05191646,0.2246001,0.8480523,-0.4331557,0.02547652,1.280574,-0.961513,0.2684059,0.05874515,1,0.5,1,0,0.5,-0.225496,0,0,0,1.287638,-0.8332592,0.518002,-0.1932696,0,0,0,0,0.5,0.225496,0,0,0,1.257103,-0.8477395,0.5270038,0.06003973,0,0,1
1231,-0.1581254,0.02557936,-0.2251744,0.6765055,-0.2201719,-0.01192168,1.274328,-0.947302,0.2545073,-0.1945381,1,0.5,0,-0.5453945,-0.3115056,0.2097989,0.8387003,-0.2997847,0.09569529,1.573206,-0.9975339,0.05522576,0.04331404,1,1,1,-0.4965135,-0.3422108,-0.2374777,0.2015159,0.2055735,-0.02459885,1.552323,-0.9838668,0.0408265,-0.174182,1,1,0,-0.1860096,0.03578094,0.224865,0.9220969,-0.3844281,0.007344785,1.273111,-0.9636782,0.2604355,0.0591418,1,0.5,1,0,0.5,-0.225496,0,0,0,1.315339,-0.8387959,0.5100976,-0.1903204,0,0,0,0,0.5,0.225496,0,0,0,1.285278,-0.8529198,0.5186868,0.0590922,0,0,1
1232,-0.1306329,0.01726017,-0.2252357,0.6813164,-0.1998532,-0.002400578,1.285572,-0.9492054,0.2482455,-0.1933474,1,0.5,0,-0.5047525,-0.3285605,0.2149539,1.076895,-0.4647138,0.1298242,1.573462,-0.9978449,0.04699364,0.04579486,1,1,1,-0.4820026,-0.3383756,-0.2353544,0.418237,0.05574378,0.07011595,1.578718,-0.9843777,0.04215309,-0.1709488,1,1,0,-0.1488558,0.02249404,0.2253804,0.9299707,-0.3128628,0.01338199,1.273966,-0.9656879,0.25282,0.05940384,1,0.5,1,0,0.5,-0.225496,0,0,0,1.350323,-0.8453884,0.5004532,-0.186722,0,0,0,0,0.5,0.225496,0,0,0,1.32084,-0.859077,0.5085566,0.05793811,0,0,1
1233,-0.1041038,0.01096945,-0.2255365,0.6578277,-0.1497375,-0.005790594,1.290238,-0.9503522,0.2440845,-0.1930115,1,0.5,0,-0.45472,-0.3519275,0.2201827,1.307928,-0.6241518,0.1299032,1.555752,-0.9981618,0.0360318,0.04873288,1,1,1,-0.4589165,-0.3414636,-0.2306982,0.6231191,-0.1286686,0.1298987,1.587575,-0.9849561,0.04049503,-0.1679931,1,1,0,-0.1127886,0.0128211,0.2253583,0.8868921,-0.2202913,-0.0008732084,1.268589,-0.9668961,0.2481193,0.05957197,1,0.5,1,0,0.5,-0.225496,0,0,0,1.378313,-0.8503656,0.4929955,-0.1839395,0,0,0,0,0.5,0.225496,0,0,0,1.349276,-0.8637179,0.5007364,0.05704718,0,0,1
1234,-0.07991351,0.006294115,-0.2255042,0.5818019,-0.09903758,-0.004579874,1.296157,-0.9513533,0.2406772,-0.1923574,1,0.5,0,-0.3958883,-0.3811706,0.2246042,1.527596,-0.7572743,0.1008779,1.527951,-0.9984241,0.02210576,0.05158123,1,1,1,-0.427948,-0.3526292,-0.2243396,0.8227411,-0.3346325,0.1631402,1.586729,-0.9856642,0.03516069,-0.165014,1,1,0,-0.07944702,0.006103437,0.2254467,0.8164096,-0.1449925,-0.006248059,1.265267,-0.9677367,0.2447808,0.05973416,1,0.5,1,0,0.5,-0.225496,0,0,0,1.405269,-0.8549274,0.4860207,-0.1813371,0,0,0,0,0.5,0.225496,0,0,0,1.376649,-0.8679655,0.4934327,0.0562151,0,0,1
1235,-0.06015093,0.003231534,-0.2255486,0.4552096,-0.06709249,-0.001880527,1.306849,-0.9523612,0.2375581,-0.1912438,1,0.5,0,-0.3291516,-0.4124156,0.2286014,1.708109,-0.7785815,0.10411,1.492781,-0.9984907,0.006816792,0.05449739,1,1,1,-0.388399,-0.3739822,-0.2168416,1.054043,-0.6019252,0.1945332,1.577175,-0.9864461,0.02504256,-0.1621634,1,1,0,-0.04956208,0.002108602,0.225324,0.7269354,-0.07825689,-0.008246305,1.266097,-0.9683408,0.2424038,0.05963658,1,0.5,1,0,0.5,-0.225496,0,0,0,1.432488,-0.8593183,0.4791751,-0.178783,0,0,0,0,0.5,0.225496,0,0,0,1.404277,-0.8720486,0.4862738,0.05539951,0,0,1
1236,-0.04818479,0.001961357,-0.2252125,0.2381611,-0.02208053,0.009690229,1.325146,-0.9535429,0.2344806,-0.1891424,1,0.5,0,-0.2577586,-0.4412681,0.2341707,1.808365,-0.6917286,0.1488232,1.453328,-0.9982598,-0.007816433,0.05844935,1,1,1,-0.3366562,-0.4061322,-0.2085002,1.380478,-0.864153,0.2100789,1.555345,-0.9870976,0.009666408,-0.1598273,1,1,0,-0.02272543,-2.492467E-05,0.2251524,0.6527113,-0.03794988,-0.009647761,1.270135,-0.9687935,0.2406455,0.05940362,1,0.5,1,0,0.5,-0.225496,0,0,0,1.459664,-0.8635001,0.4725299,-0.1763037,0,0,0,0,0.5,0.225496,0,0,0,1.43185,-0.8759324,0.4793332,0.05460878,0,0,1
1237,-0.04573406,0.001683985,-0.2242033,0.003248082,-0.0004197123,0.03043861,1.35186,-0.9550474,0.2309483,-0.1858689,1,0.5,0,-0.182585,-0.4654382,0.2400204,1.905793,-0.5762565,0.1316794,1.409649,-0.9978094,-0.02065208,0.06284945,1,1,1,-0.2710437,-0.4440632,-0.2017437,1.727527,-0.9482626,0.1441546,1.519797,-0.9871905,-0.008943087,-0.1592951,1,1,0,0.0002400235,-0.0003079087,0.2244089,0.5437281,-0.001330593,-0.02511294,1.277528,-0.9691216,0.2394855,0.05873826,1,0.5,1,0,0.5,-0.225496,0,0,0,1.486243,-0.8674067,0.4662068,-0.1739445,0,0,0,0,0.5,0.225496,0,0,0,1.458806,-0.8795563,0.4727369,0.05385729,0,0,1
1238,-0.04756835,0.001832598,-0.2229821,-0.02592505,-0.003040868,0.02901406,1.383534,-0.9566855,0.2271436,-0.182095,1,0.5,0,-0.1030727,-0.4852077,0.2383959,2.011805,-0.4733847,-0.1110778,1.362165,-0.9974701,-0.03179509,0.06357972,1,1,1,-0.1934574,-0.4759799,-0.2033305,2.000865,-0.7229286,-0.1139567,1.475124,-0.9861853,-0.02530467,-0.1637013,1,1,0,0.01611852,0.0001255274,0.2235488,0.3287844,0.009631831,-0.01892448,1.292725,-0.9696205,0.2376971,0.05776056,1,0.5,1,0,0.5,-0.225496,0,0,0,1.513628,-0.871254,0.4598665,-0.1715789,0,0,0,0,0.5,0.225496,0,0,0,1.48657,-0.883121,0.4661301,0.05310461,0,0,1
1239,-0.03881199,0.001289563,-0.2239683,0.3135843,-0.02402721,-0.04337283,1.405576,-0.9576731,0.2242312,-0.1805063,1,0.5,0,-0.02027534,-0.4986184,0.2260951,2.088729,-0.2704189,-0.3432171,1.310951,-0.9974767,-0.0400996,0.05858526,1,1,1,-0.1084198,-0.4937712,-0.2162181,2.159397,-0.3547238,-0.3601903,1.425322,-0.9840049,-0.03519993,-0.1746295,1,1,0,0.0164429,6.099395E-05,0.2237293,-0.1142905,-0.007285506,0.01004413,1.323183,-0.970645,0.2336907,0.05689463,1,0.5,1,0,0.5,-0.225496,0,0,0,1.541328,-0.8749729,0.4536263,-0.1692506,0,0,0,0,0.5,0.225496,0,0,0,1.514642,-0.8865628,0.459635,0.05236464,0,0,1
1240,-0.02176101,0.0002163928,-0.2252113,0.4243532,-0.03128354,-0.01126156,1.420118,-0.9583341,0.221974,-0.1797865,1,0.5,0,0.06304901,-0.4970045,0.2188867,2.063698,0.1439378,-0.08898605,1.259521,-0.9976037,-0.04035445,0.05620089,1,1,1,-0.01805339,-0.4998158,-0.2247225,2.296426,-0.08858893,-0.1293563,1.369939,-0.9820677,-0.03947496,-0.1843495,1,1,0,0.003765658,-0.0005505412,0.2250631,-0.3408273,-0.02323429,0.04406275,1.366755,-0.9720546,0.2279085,0.05628115,1,0.5,1,0,0.5,-0.225496,0,0,0,1.569602,-0.8786006,0.447429,-0.1669383,0,0,0,0,0.5,0.225496,0,0,0,1.543286,-0.8899166,0.4531917,0.05163057,0,0,1
1241,-0.00769569,-0.0004082553,-0.2255724,0.3375307,-0.006667336,-0.002016128,1.437897,-0.9591506,0.2196153,-0.1783234,1,0.5,0,0.1389139,-0.4799595,0.2220381,1.829337,0.4961537,0.113114,1.216012,-0.9977352,-0.03144471,0.05946235,1,1,1,0.07661844,-0.4933283,-0.2244834,2.378322,0.2572895,0.03382416,1.308804,-0.9809914,-0.03722258,-0.1904482,1,1,0,-0.002859174,-0.0003669055,0.2254706,-0.0890689,0.01221421,0.004377963,1.405053,-0.9731479,0.2234232,0.05536361,1,0.5,1,0,0.5,-0.225496,0,0,0,1.598378,-0.8821286,0.4412932,-0.1646491,0,0,0,0,0.5,0.225496,0,0,0,1.572427,-0.8931748,0.4468192,0.05090458,0,0,1
1242,0.007543754,-0.0002901934,-0.2256322,0.4095599,0.007449821,-0.003153087,1.454455,-0.9598349,0.2178151,-0.1768433,1,0.5,0,0.2042948,-0.45742,0.2268999,1.574609,0.5763518,0.1220927,1.182895,-0.9978058,-0.01867022,0.06352143,1,1,1,0.1700589,-0.473076,-0.222476,2.305826,0.5834939,0.0543304,1.247964,-0.9802483,-0.0269319,-0.1959285,1,1,0,0.001720579,-0.0003178066,0.2254095,0.1762437,-0.00135755,-0.002767892,1.432201,-0.9739033,0.2203095,0.0545541,1,0.5,1,0,0.5,-0.225496,0,0,0,1.627065,-0.8854913,0.4353416,-0.1624285,0,0,0,0,0.5,0.225496,0,0,0,1.601468,-0.896277,0.4406443,0.0502011,0,0,1
1243,0.02844619,0.0006814309,-0.2254423,0.5722083,0.0320616,-0.006309154,1.464508,-0.9601594,0.217195,-0.1758416,1,0.5,0,0.2611622,-0.435058,0.2317969,1.371951,0.5524995,0.1087457,1.157325,-0.9977072,-0.005465433,0.06745622,1,1,1,0.2565417,-0.444297,-0.2190801,2.109572,0.7466826,0.08315372,1.192559,-0.9796677,-0.01081023,-0.2003357,1,1,0,0.01520175,9.276667E-05,0.2252952,0.3772872,0.01052569,-0.01506433,1.449535,-0.9743274,0.2185612,0.0540104,1,0.5,1,0,0.5,-0.225496,0,0,0,1.654732,-0.8885964,0.4297518,-0.1603429,0,0,0,0,0.5,0.225496,0,0,0,1.629468,-0.899139,0.4348505,0.04954102,0,0,1
1244,0.05597083,0.003068702,-0.225329,0.7261574,0.07178305,0.005632641,1.469275,-0.9600922,0.2178816,-0.1753585,1,0.5,0,0.3108804,-0.4158892,0.2360336,1.194311,0.4605489,0.1005553,1.139917,-0.9974746,0.006165413,0.07075576,1,1,1,0.3334045,-0.4126751,-0.2143386,1.85901,0.7941696,0.1253523,1.147586,-0.9791606,0.008087503,-0.2029264,1,1,0,0.03568499,0.001295866,0.2252784,0.5566818,0.04195759,0.002387912,1.460988,-0.9744938,0.2178982,0.05368642,1,0.5,1,0,0.5,-0.225496,0,0,0,1.683189,-0.8916572,0.4241502,-0.1582529,0,0,0,0,0.5,0.225496,0,0,0,1.658257,-0.9019573,0.4290498,0.04888017,0,0,1
1245,0.08870184,0.007788762,-0.224978,0.8426901,0.1291366,0.009910021,1.468673,-0.9595525,0.2203458,-0.1752337,1,0.5,0,0.3537208,-0.4019098,0.2388037,1.025042,0.3182308,0.0578426,1.128544,-0.9972258,0.01479246,0.07295089,1,1,1,0.4006751,-0.3825522,-0.2092794,1.623002,0.7332239,0.1296513,1.111666,-0.978535,0.02695829,-0.2043099,1,1,0,0.06152605,0.003668115,0.2251881,0.6800714,0.07234471,0.001319498,1.466617,-0.9743743,0.2184809,0.05348683,1,0.5,1,0,0.5,-0.225496,0,0,0,1.710956,-0.8945211,0.4188233,-0.1562654,0,0,0,0,0.5,0.225496,0,0,0,1.686341,-0.904592,0.4235386,0.0482523,0,0,1
1246,0.1248362,0.01551392,-0.2248768,0.9163741,0.211195,0.007286671,1.465691,-0.958524,0.22461,-0.1754481,1,0.5,0,0.3895609,-0.3929344,0.2393786,0.8583147,0.1912028,0.002915413,1.124168,-0.9970873,0.02035847,0.07350139,1,1,1,0.4581777,-0.3566731,-0.20489,1.371444,0.6138268,0.1104057,1.086003,-0.9778172,0.04371173,-0.2048483,1,1,0,0.09133218,0.008039781,0.2248981,0.7676731,0.1181241,-0.003053249,1.468969,-0.9739445,0.2204401,0.05327565,1,0.5,1,0,0.5,-0.225496,0,0,0,1.738955,-0.8972931,0.4135858,-0.1543113,0,0,0,0,0.5,0.225496,0,0,0,1.714651,-0.9071399,0.4181245,0.04763549,0,0,1
1247,0.162862,0.02683552,-0.2245705,0.960156,0.3071569,0.007049742,1.402222,-0.9542102,0.2380561,-0.1811411,1,0.5,0,0.419692,-0.3871701,0.2383088,0.7217872,0.1359285,-0.03520475,1.063257,-0.9968227,0.02483912,0.07568099,1,1,1,0.5042116,-0.337729,-0.2019556,1.074902,0.4180359,0.05544277,1.011107,-0.9752914,0.05841476,-0.2130594,1,1,0,0.1228817,0.01503436,0.2246016,0.78873,0.1884491,-0.005210938,1.409672,-0.9714231,0.2309476,0.05477463,1,0.5,1,0,0.5,-0.225496,0,0,0,1.711166,-0.8945423,0.4187836,-0.1562506,0,0,0,0,0.5,0.225496,0,0,0,1.686553,-0.9046116,0.4234975,0.04824762,0,0,1
1248,0.2004192,0.04142999,-0.2241853,0.9261873,0.3764193,0.009474162,1.339752,-0.9489191,0.2540723,-0.1870825,1,0.5,0,0.4456907,-0.3822653,0.2363485,0.6264957,0.1214758,-0.05800354,1.005643,-0.9965866,0.02904718,0.07727497,1,1,1,0.536955,-0.3278547,-0.201964,0.732455,0.1897977,-0.02666787,0.9488789,-0.9726415,0.06773879,-0.2222159,1,1,0,0.1544781,0.02408018,0.2242215,0.7862266,0.2426625,-0.00944287,1.35032,-0.9683282,0.2432445,0.05632619,1,0.5,1,0,0.5,-0.225496,0,0,0,1.682777,-0.891614,0.4242302,-0.1582827,0,0,0,0,0.5,0.225496,0,0,0,1.657841,-0.9019174,0.4291326,0.0488896,0,0,1
