frame,x0,y0,z0,vx0,vy0,vz0,x1,y1,z1,vx1,vy1,vz1,x2,y2,z2,vx2,vy2,vz2,x3,y3,z3,vx3,vy3,vz3,x4,y4,z4,vx4,vy4,vz4,x5,y5,z5,vx5,vy5,vz5,x6,y6,z6,vx6,vy6,vz6,x7,y7,z7,vx7,vy7,vz7,x8,y8,z8,vx8,vy8,vz8,x9,y9,z9,vx9,vy9,vz9,dx0,dy0,dz0,dx1,dy1,dz1,dx2,dy2,dz2,dx3,dy3,dz3,dx4,dy4,dz4,dx5,dy5,dz5,dx6,dy6,dz6,dx7,dy7,dz7,dx8,dy8,dz8,dx9,dy9,dz9
1,-0,4660969,-0,4124999,0,1201941,0,0,0,-0,4774206,-0,4124999,0,06057475,0,0,0,-0,4960571,-0,4499999,0,06266653,0,0,0,-0,4842914,-0,4499999,0,1243446,0,0,0,-0,4999998,-0,4499999,0,0,0,0,-0,4474226,-0,4124999,0,1779181,0,0,0,-0,4648881,-0,4499999,0,184062,0,0,0,-0,4812151,-0,4124999,0,0,0,0,-0,4960571,-0,4499999,-0,06266659,0,0,0,-0,4216921,-0,4124999,0,2328362,0,0,0,0,0,0,0,0,0,0,0,0,0,0,0,0,0,0,0,0,0,0,0,0,0,0,0,0,0,0,0,0,0
2,-0,466097,-0,4949999,0,1322135,-5,960467E-06,-4,125002,0,6009734,-0,4774207,-0,4949999,0,06663226,-5,960467E-06,-4,125002,0,3028755,-0,4960572,-0,54,0,06893321,-5,960467E-06,-4,500003,0,3133343,-0,4842915,-0,54,0,1367791,-5,960467E-06,-4,500003,0,6217266,-0,4999999,-0,54,0,-5,960467E-06,-4,500003,0,-0,4474227,-0,4949999,0,19571,-5,960467E-06,-4,125002,0,8895952,-0,4648882,-0,54,0,2024682,-5,960467E-06,-4,500003,0,9203147,-0,4812152,-0,4949999,0,-5,960467E-06,-4,125002,0,-0,4960572,-0,54,-0,06893328,-5,960467E-06,-4,500003,-0,3133347,-0,4216922,-0,4949999,0,2561199,-4,47035E-06,-4,125002,1,164188,0,0,0,0,0,0,0,0,0,0,0,0,0,0,0,0,0,0,0,0,0,0,0,0,0,0,0,0,0,0
3,-0,4664985,-0,4965909,0,1324012,-0,02007187,-0,0795469,0,009384755,-0,4776977,-0,4967208,0,06679991,-0,01385063,-0,08604232,0,008382652,-0,4962834,-0,5417348,0,06913856,-0,01130701,-0,08674268,0,01026765,-0,4844064,-0,5417126,0,1369592,-0,00574142,-0,08563105,0,009001795,-0,4995111,-0,5420962,0,0001789439,0,0244394,-0,1048118,0,0089472,-0,4479743,-0,4964114,0,1959271,-0,02757908,-0,07057044,0,01085476,-0,4653573,-0,5414442,0,2027266,-0,02345295,-0,07221404,0,01291857,-0,4810885,-0,4969542,0,0001499802,0,006337466,-0,09771291,0,007499011,-0,4957993,-0,5420133,-0,06876472,0,01289547,-0,1006663,0,0084281,-0,4226398,-0,4961072,0,2564687,-0,04737826,-0,05536231,0,01743735,0,0,0,0,0,0,0,0,0,0,0,0,0,0,0,0,0,0,0,0,0,0,0,0,0,0,0,0,0,0
4,-0,4680289,-0,5104864,0,1320077,-0,07652196,-0,6947774,-0,01967476,-0,4797855,-0,5105729,0,06650934,-0,1043886,-0,6926063,-0,01452827,-0,497988,-0,5557318,0,06887124,-0,08522872,-0,6998512,-0,01336597,-0,48585,-0,5556162,0,1366998,-0,07218274,-0,6951812,-0,01296849,-0,5008551,-0,5562639,-0,0001644878,-0,06720278,-0,7083836,-0,01717159,-0,4511217,-0,5093552,0,1959673,-0,1573697,-0,6471949,0,002013893,-0,4685027,-0,5543579,0,2029716,-0,1572699,-0,6456854,0,01224727,-0,4827099,-0,5110246,-0,0001713373,-0,08107278,-0,7035199,-0,01606588,-0,496407,-0,5563887,-0,06912398,-0,03038199,-0,7187727,-0,01796298,-0,4248773,-0,5091926,0,2561474,-0,111878,-0,654273,-0,01606197,0,0,0,0,0,0,0,0,0,0,0,0,0,0,0,0,0,0,0,0,0,0,0,0,0,0,0,0,0,0
5,-0,4605121,-0,5107865,0,127936,0,3758417,-0,01500547,-0,2035857,-0,4776526,-0,5085808,0,06367664,0,1066432,0,09960536,-0,1416352,-0,4950803,-0,5540256,0,06567694,0,1453847,0,08531217,-0,1597152,-0,4769363,-0,5565352,0,1321126,0,4456865,-0,04594924,-0,2293603,-0,5026546,-0,5522738,-0,003009961,-0,08997325,0,1995028,-0,1422737,-0,4529653,-0,5063859,0,1935328,-0,09218011,0,1484663,-0,1217269,-0,4697659,-0,5517049,0,2000349,-0,06315859,0,1326532,-0,1468339,-0,4829841,-0,5076742,-0,002911339,-0,01370758,0,1675189,-0,1370001,-0,4993143,-0,5519188,-0,07208534,-0,1453683,0,2234966,-0,1480684,-0,4222158,-0,5085242,0,2514701,0,1330749,0,03342034,-0,2338679,0,0,0,0,0,0,0,0,0,0,0,0,0,0,0,0,0,0,0,0,0,0,0,0,0,0,0,0,0,0
6,-0,4604895,-0,4944558,0,1232418,0,001128018,0,8165348,-0,2347105,-0,4689642,-0,4955078,0,05716826,0,4344212,0,6536501,-0,3254189,-0,477351,-0,543521,0,05816133,0,8864645,0,5252274,-0,375781,-0,4708037,-0,5420265,0,1266351,0,3066303,0,7254335,-0,273876,-0,4804816,-0,542729,-0,01076308,1,108653,0,4772426,-0,3876564,-0,4452218,-0,4924184,0,1877081,0,3871755,0,698376,-0,2912374,-0,4611525,-0,5380514,0,1943341,0,4306691,0,6826761,-0,285037,-0,4732512,-0,4945188,-0,009495044,0,4866423,0,6577688,-0,3291854,-0,4877822,-0,5382028,-0,07925086,0,5766096,0,6858024,-0,3582758,-0,414688,-0,49391,0,2459056,0,3763916,0,7307145,-0,2782227,0,0,0,0,0,0,0,0,0,0,0,0,0,0,0,0,0,0,0,0,0,0,0,0,0,0,0,0,0,0
7,-0,4588298,-0,5054591,0,1173929,0,08298311,-0,5501615,-0,2924429,-0,4607795,-0,5083032,0,05095033,0,4092337,-0,6397712,-0,310897,-0,4750414,-0,5549001,0,05240308,0,1154811,-0,5689504,-0,2879123,-0,4747324,-0,5514273,0,1211731,-0,1964376,-0,4700394,-0,2730993,-0,4749414,-0,5552087,-0,01667118,0,2770082,-0,6239893,-0,2954049,-0,4300316,-0,5094937,0,1768343,0,7595095,-0,8537654,-0,5436892,-0,4463669,-0,5549514,0,1833983,0,7392812,-0,8450005,-0,5467909,-0,4601402,-0,5087473,-0,01573912,0,655553,-0,7114249,-0,3122038,-0,4753882,-0,5519637,-0,08567703,0,6196993,-0,6880465,-0,3213086,-0,3985427,-0,5116405,0,2344203,0,8072633,-0,88653,-0,5742679,0,0,0,0,0,0,0,0,0,0,0,0,0,0,0,0,0,0,0,0,0,0,0,0,0,0,0,0,0,0
8,-0,4484824,-0,5171567,0,1153013,0,5173715,-0,5848827,-0,104582,-0,4611084,-0,5181104,0,04983875,-0,01644642,-0,4903587,-0,05557893,-0,472529,-0,5654917,0,05205632,0,1256198,-0,5295815,-0,01733788,-0,4659752,-0,5623536,0,1205802,0,4378619,-0,5463156,-0,0296455,-0,4555635,-0,5709069,-0,0146168,0,9688977,-0,78491,0,1027191,-0,3996978,-0,5298981,0,1581671,1,51669,-1,02022,-0,9333584,-0,4158809,-0,5752769,0,1654712,1,5243,-1,016277,-0,8963559,-0,4431705,-0,5237297,-0,0142444,0,8484829,-0,7491174,0,07473564,-0,4437087,-0,5719877,-0,08259978,1,583972,-1,001203,0,1538624,-0,3652874,-0,532235,0,2140335,1,662766,-1,029724,-1,019337,0,0,0,0,0,0,0,0,0,0,0,0,0,0,0,0,0,0,0,0,0,0,0,0,0,0,0,0,0,0
9,-0,4267986,-0,5244377,0,1050691,1,084194,-0,3640474,-0,5116081,-0,470069,-0,5133628,0,0556997,-0,4480259,0,2373786,0,2930477,-0,4861516,-0,5592978,0,05831702,-0,6811309,0,3096939,0,313035,-0,4422574,-0,5703629,0,1102085,1,185892,-0,4004629,-0,5185859,-0,4523908,-0,5725031,-0,0004125511,0,1586319,-0,07981065,0,7102127,-0,3658283,-0,5417586,0,1242181,1,693473,-0,5930247,-1,697451,-0,3786351,-0,5886358,0,1278398,1,862291,-0,6679448,-1,88157,-0,4342326,-0,5271448,0,001091752,0,4468979,-0,1707555,0,7668082,-0,4206244,-0,5814228,-0,06107726,1,154219,-0,4717531,1,076127,-0,3265135,-0,5475844,0,1765104,1,938698,-0,7674697,-1,876156,0,0,0,0,0,0,0,0,0,0,0,0,0,0,0,0,0,0,0,0,0,0,0,0,0,0,0,0,0,0
10,-0,407481,-0,5304474,0,06362058,0,9658802,-0,300488,-2,072429,-0,47075,-0,5111538,0,05656357,-0,03405215,0,1104504,0,04319364,-0,4858652,-0,5576183,0,05698821,0,01432002,0,08397403,-0,06644077,-0,4206716,-0,5772736,0,067196,1,079292,-0,3455372,-2,150625,-0,4371942,-0,5720137,0,009969617,0,7598314,0,0244707,0,5191086,-0,3457072,-0,545463,0,08213882,1,006058,-0,1852215,-2,103965,-0,3559993,-0,593098,0,08327976,1,131791,-0,2231092,-2,228005,-0,4261999,-0,5246838,0,00878738,0,4016311,0,1230509,0,3847815,-0,3847766,-0,5833422,-0,0338378,1,792388,-0,09596948,1,361973,-0,2925389,-0,5552252,0,119412,1,698732,-0,3820391,-2,854925,0,0,0,0,0,0,0,0,0,0,0,0,0,0,0,0,0,0,0,0,0,0,0,0,0,0,0,0,0,0
11,-0,3934905,-0,5326606,0,03564693,0,6995249,-0,110659,-1,398683,-0,4548692,-0,5163613,0,05554929,0,7940385,-0,260374,-0,05071389,-0,4677269,-0,5633852,0,05744381,0,9069148,-0,2883435,0,02278035,-0,4046094,-0,5801243,0,03559094,0,8031058,-0,1425356,-1,580253,-0,4327339,-0,5734211,-0,001264221,0,2230168,-0,07036629,-0,5616921,-0,3350682,-0,5452919,0,06403746,0,5319479,0,00855625,-0,9050682,-0,3447761,-0,5930524,0,06626478,0,5611601,0,002279879,-0,8507494,-0,4246814,-0,5253972,-0,003326601,0,07592592,-0,03567041,-0,6056993,-0,3735169,-0,5832019,-0,03541127,0,562987,0,007012489,-0,07867369,-0,2780055,-0,5546072,0,09501132,0,7266659,0,03090204,-1,220033,0,0,0,0,0,0,0,0,0,0,0,0,0,0,0,0,0,0,0,0,0,0,0,0,0,0,0,0,0,0
12,-0,3821961,-0,5296897,0,008201798,0,564717,0,1485468,-1,372257,-0,4437935,-0,5151535,0,02885824,0,553787,0,06039145,-1,334553,-0,4556967,-0,5624631,0,0293329,0,6015095,0,04610421,-1,405546,-0,3926234,-0,5772614,0,006060094,0,5993011,0,1431466,-1,476543,-0,4152005,-0,5711614,-0,02598542,0,876667,0,1129836,-1,236061,-0,3255822,-0,5425091,0,04001253,0,4743012,0,1391411,-1,201247,-0,3327108,-0,5905857,0,03652447,0,6032618,0,123334,-1,487016,-0,4098791,-0,5226794,-0,0282134,0,7401186,0,1358867,-1,244341,-0,3476811,-0,5775706,-0,03903336,1,29179,0,2815665,-0,1811045,-0,2687082,-0,5523875,0,07139636,0,4648657,0,1109839,-1,180748,0,0,0,0,0,0,0,0,0,0,0,0,0,0,0,0,0,0,0,0,0,0,0,0,0,0,0,0,0,0
13,-0,3702174,-0,5327459,-0,02148719,0,5989375,-0,1528115,-1,48445,-0,435327,-0,5195534,-0,01750335,0,4233273,-0,2199949,-2,31808,-0,4460774,-0,5669418,-0,02243932,0,480965,-0,2239347,-2,588613,-0,3787336,-0,580416,-0,02710185,0,6944898,-0,1577289,-1,658098,-0,3883027,-0,5738516,-0,05982983,1,344893,-0,1345099,-1,692221,-0,314689,-0,5456241,0,01213356,0,5446615,-0,15575,-1,393949,-0,3204989,-0,5936575,0,006507859,0,6105977,-0,1535893,-1,500831,-0,3853984,-0,5250949,-0,06169949,1,224034,-0,120771,-1,674305,-0,3236707,-0,575026,-0,03537917,1,200518,0,1272321,0,1827097,-0,2631516,-0,5555441,0,05155935,0,2778308,-0,1578302,-0,9918507,0,0,0,0,0,0,0,0,0,0,0,0,0,0,0,0,0,0,0,0,0,0,0,0,0,0,0,0,0,0
14,-0,3574339,-0,5357236,-0,04512097,0,6391721,-0,1488835,-1,181689,-0,4223448,-0,5242476,-0,03593091,0,6491082,-0,2347113,-0,9213782,-0,4323967,-0,5716974,-0,04169014,0,6840336,-0,2377779,-0,9625411,-0,3653679,-0,5833002,-0,05220374,0,668289,-0,1442105,-1,255095,-0,3714637,-0,5784617,-0,07371014,0,8419517,-0,2305062,-0,6940153,-0,3041904,-0,5490935,-0,008149928,0,5249308,-0,1734734,-1,014175,-0,3123826,-0,5970709,-0,01098922,0,4058124,-0,170669,-0,874854,-0,3683468,-0,5297331,-0,0750283,0,8525792,-0,2319098,-0,6664409,-0,3038703,-0,580801,-0,05963747,0,9900231,-0,2887518,-1,212916,-0,2512833,-0,5594726,0,02926715,0,5934181,-0,1964242,-1,114611,0,0,0,0,0,0,0,0,0,0,0,0,0,0,0,0,0,0,0,0,0,0,0,0,0,0,0,0,0,0
15,-0,3436485,-0,5348485,-0,0570414,0,6892744,0,04375579,-0,5960217,-0,3990169,-0,528575,-0,0205228,1,166395,-0,2163709,0,7704056,-0,4057345,-0,5768965,-0,02106861,1,333112,-0,2599598,1,031077,-0,3519125,-0,5824385,-0,06370922,0,6727683,0,04308524,-0,5752741,-0,373198,-0,5789278,-0,08193989,-0,08671585,-0,02330245,-0,4114879,-0,2878351,-0,548128,-0,02406347,0,8177641,0,0482768,-0,7956772,-0,2929391,-0,5960124,-0,03161851,0,9721789,0,05292597,-1,031465,-0,3675057,-0,5305647,-0,07930548,0,04205705,-0,04158022,-0,2138589,-0,3050586,-0,5858431,-0,07312556,-0,05941542,-0,2521069,-0,6744047,-0,2334951,-0,5586195,0,01125858,0,8894075,0,0426531,-0,9004287,0,0,0,0,0,0,0,0,0,0,0,0,0,0,0,0,0,0,0,0,0,0,0,0,0,0,0,0,0,0
16,-0,3352734,-0,535318,-0,05589741,0,4187511,-0,02347828,0,05719906,-0,3821107,-0,5319479,-0,008661434,0,8453134,-0,1686454,0,5930685,-0,3872364,-0,5804618,-0,009132362,0,924908,-0,1782627,0,5968127,-0,3427768,-0,5831712,-0,06171112,0,4567834,-0,03663601,0,09990506,-0,3744225,-0,5794067,-0,07697299,-0,06122591,-0,02394618,0,2483451,-0,2743785,-0,5466897,-0,03262752,0,6728309,0,07191303,-0,4282027,-0,2790112,-0,594711,-0,03951721,0,6963941,0,06506743,-0,3949355,-0,3670723,-0,5313317,-0,07371234,0,02167077,-0,03835262,0,2796569,-0,3059938,-0,5881574,-0,08001047,-0,04676135,-0,1157105,-0,344246,-0,2176182,-0,5558378,-0,0009240346,0,793847,0,1390845,-0,609131,0,0,0,0,0,0,0,0,0,0,0,0,0,0,0,0,0,0,0,0,0,0,0,0,0,0,0,0,0,0
17,-0,3145404,-0,5375554,-0,0401143,1,03665,-0,111869,0,7891561,-0,3486136,-0,5359212,0,01703155,1,674851,-0,1986653,1,28465,-0,3507528,-0,5846548,0,01811098,1,82418,-0,2096505,1,362168,-0,3175135,-0,58619,-0,04217441,1,263166,-0,1509399,0,9768361,-0,3616395,-0,5837694,-0,05010149,0,6391483,-0,2181352,1,343575,-0,2487815,-0,5405426,-0,04819667,1,279851,0,3073574,-0,778458,-0,2508075,-0,5882542,-0,05797309,1,410184,0,3228397,-0,922794,-0,3537813,-0,5356232,-0,04957585,0,6645458,-0,2145738,1,206825,-0,302614,-0,5914466,-0,08505492,0,1689911,-0,1644612,-0,2522224,-0,1903941,-0,5480404,-0,0190998,1,361207,0,3898712,-0,9087887,0,0,0,0,0,0,0,0,0,0,0,0,0,0,0,0,0,0,0,0,0,0,0,0,0,0,0,0,0,0
18,-0,3061048,-0,5455241,-0,02421594,0,421782,-0,3984363,0,7949184,-0,338906,-0,5416882,0,03369448,0,4853802,-0,2883495,0,833147,-0,338146,-0,5902615,0,0381923,0,6303402,-0,2803357,1,004066,-0,311337,-0,5940148,-0,02526437,0,3088282,-0,3912391,0,8455021,-0,326269,-0,5947412,-0,02959024,1,768529,-0,5485924,1,025563,-0,240491,-0,5516141,-0,01864097,0,4145229,-0,5535754,1,477786,-0,2434282,-0,6003035,-0,01891484,0,3689685,-0,6024631,1,952913,-0,3258203,-0,5459642,-0,03164185,1,398053,-0,5170496,0,8967003,-0,2982769,-0,5960503,-0,09270485,0,2168567,-0,2301843,-0,382497,-0,1752784,-0,5549219,-0,01140635,0,755785,-0,3440769,0,3846728,0,0,0,0,0,0,0,0,0,0,0,0,0,0,0,0,0,0,0,0,0,0,0,0,0,0,0,0,0,0
19,-0,3115976,-0,5467144,-0,01090105,-0,2746375,-0,05951526,0,6657448,-0,3525687,-0,5398797,0,04128262,-0,6831351,0,09042326,0,3794072,-0,3519954,-0,5883062,0,04857349,-0,6924722,0,09776358,0,5190596,-0,3197885,-0,5950081,-0,0121081,-0,4225748,-0,04966857,0,657814,-0,3201194,-0,5950795,-0,01233398,0,3074796,-0,01691283,0,8628134,-0,2600588,-0,5557964,0,02944849,-0,9783905,-0,209114,2,404474,-0,2641615,-0,6042681,0,02688496,-1,036669,-0,1982302,2,289991,-0,3151694,-0,5465366,-0,01372301,0,5325454,-0,02861918,0,8959426,-0,3094514,-0,5965576,-0,08055936,-0,5587282,-0,02536775,0,6072751,-0,2339235,-0,5607421,0,089678,-2,93226,-0,2910109,5,054219,0,0,0,0,0,0,0,0,0,0,0,0,0,0,0,0,0,0,0,0,0,0,0,0,0,0,0,0,0,0
20,-0,3205631,-0,5498134,0,0595701,-0,4482778,-0,1549513,3,523558,-0,3822638,-0,5364068,0,0384886,-1,484752,0,1736463,-0,1397012,-0,3941941,-0,5836266,0,04065006,-2,109935,0,2339811,-0,3961715,-0,329927,-0,597596,0,06105106,-0,5069273,-0,1293928,3,657959,-0,3470611,-0,5958805,-0,008308107,-1,347086,-0,04005136,0,2012936,-0,2984231,-0,5512282,0,1220641,-1,918217,0,2284081,4,63078,-0,3064494,-0,5991719,0,1253209,-2,114397,0,254807,4,921797,-0,3350314,-0,5486001,-0,007030716,-0,9931017,-0,1031787,0,3346147,-0,3045989,-0,6035964,-0,06218809,0,2426253,-0,3519388,0,9185638,-0,2603622,-0,5534735,0,1759638,-1,321932,0,3634335,4,314291,0,0,0,0,0,0,0,0,0,0,0,0,0,0,0,0,0,0,0,0,0,0,0,0,0,0,0,0,0,0
21,-0,3569912,-0,5411562,0,1158476,-1,821407,0,432861,2,813875,-0,3460034,-0,5460491,0,0501776,1,813022,-0,4821123,0,5844504,-0,3507211,-0,5945379,0,05232025,2,17365,-0,5455616,0,5835096,-0,3686784,-0,5884202,0,1185874,-1,937572,0,4587891,2,876818,-0,3618071,-0,594583,-0,01587316,-0,7372993,0,06487372,-0,3782528,-0,3149471,-0,5475343,0,1665804,-0,8261967,0,184697,2,225819,-0,3254061,-0,5948687,0,1713152,-0,9478349,0,2151609,2,299716,-0,3551168,-0,5462879,-0,0159369,-1,004269,0,1156122,-0,4453095,-0,2965823,-0,6021502,-0,03711434,0,4008324,0,0723094,1,253688,-0,2650997,-0,5532445,0,2088851,-0,2368749,0,01145006,1,646069,0,0,0,0,0,0,0,0,0,0,0,0,0,0,0,0,0,0,0,0,0,0,0,0,0,0,0,0,0,0
22,-0,3079545,-0,5496652,0,09926749,2,451839,-0,4254462,-0,8290045,-0,3466159,-0,5459995,0,04518075,-0,03062786,0,002476574,-0,2498428,-0,3532049,-0,5942838,0,04548166,-0,1241908,0,01270473,-0,3419294,-0,3102457,-0,5983913,0,0991974,2,921636,-0,4985543,-0,9695001,-0,3976721,-0,5867217,-0,006856753,-1,793251,0,3930689,0,4508206,-0,3130863,-0,54855,0,1652597,0,09303693,-0,05078616,-0,06603377,-0,3196867,-0,5968704,0,1670301,0,2859698,-0,1000852,-0,2142542,-0,3871447,-0,5390328,-0,007395992,-1,601396,0,362757,0,4270456,-0,3441164,-0,5970362,-0,0493851,-2,376706,0,2556981,-0,6135382,-0,2588157,-0,5538567,0,2018133,0,3142,-0,03060998,-0,3535928,0,0,0,0,0,0,0,0,0,0,0,0,0,0,0,0,0,0,0,0,0,0,0,0,0,0,0,0,0,0
23,-0,319603,-0,5520597,0,1004359,-0,582427,-0,1197249,0,05841965,-0,3423763,-0,547824,0,03796306,0,2119825,-0,09122495,-0,3608845,-0,3468609,-0,5963476,0,03552233,0,3172041,-0,1031936,-0,4979668,-0,3301678,-0,5996605,0,1023172,-0,9961028,-0,06346109,0,1559921,-0,4048047,-0,5872169,-0,0009888153,-0,3566296,-0,02475978,0,293397,-0,3111832,-0,5503245,0,1660492,0,09515736,-0,08872453,0,03947245,-0,3195759,-0,5981712,0,1699712,0,005540254,-0,06504061,0,1470551,-0,3950582,-0,5394071,-0,00226029,-0,3956781,-0,01871885,0,2567852,-0,3508058,-0,5976794,-0,04276245,-0,3344701,-0,0321597,0,3311324,-0,2540215,-0,5569566,0,1978017,0,2397091,-0,154999,-0,2005801,0,0,0,0,0,0,0,0,0,0,0,0,0,0,0,0,0,0,0,0,0,0,0,0,0,0,0,0,0,0
24,-0,3377551,-0,5527398,0,1043582,-0,9076033,-0,03400744,0,1961176,-0,3577017,-0,5507386,0,04087553,-0,7662717,-0,1457275,0,1456233,-0,3671916,-0,5985857,0,04143631,-1,01654,-0,1119018,0,2956995,-0,3452623,-0,6008941,0,1066143,-0,7547292,-0,06167891,0,2148529,-0,4189237,-0,5871467,-0,00279284,-0,7059518,0,003507735,-0,09020125,-0,3077407,-0,5537505,0,163355,0,1721264,-0,1713008,-0,1347118,-0,315996,-0,6015087,0,1685121,0,1789988,-0,1668722,-0,07295537,-0,4081549,-0,5396081,-0,001415805,-0,6548318,-0,01004637,0,04222426,-0,3642134,-0,5968646,-0,04380918,-0,6703826,0,04073979,-0,05233625,-0,2451697,-0,5618482,0,1815791,0,4425885,-0,2445788,-0,8111301,0,0,0,0,0,0,0,0,0,0,0,0,0,0,0,0,0,0,0,0,0,0,0,0,0,0,0,0,0,0
25,-0,3402437,-0,5500466,0,09419715,-0,1244337,0,1346589,-0,5080542,-0,3623036,-0,5472396,0,03141673,-0,2300964,0,1749486,-0,4729399,-0,3708304,-0,5952373,0,03134942,-0,1819388,0,1674176,-0,5043447,-0,3510152,-0,5975105,0,0972537,-0,2876447,0,1691819,-0,46803,-0,43161,-0,5825931,0,001142932,-0,6343129,0,2276809,0,1967887,-0,3014007,-0,5544894,0,1476752,0,3169985,-0,03694595,-0,7839869,-0,3090699,-0,6024649,0,1511699,0,3463031,-0,0478089,-0,8671108,-0,4205841,-0,5351242,0,001231123,-0,6214606,0,224191,0,1323465,-0,3647799,-0,5964554,-0,009237311,-0,02832414,0,02046228,1,728594,-0,2398392,-0,5618547,0,1693143,0,266529,-0,0003248454,-0,6132382,0,0,0,0,0,0,0,0,0,0,0,0,0,0,0,0,0,0,0,0,0,0,0,0,0,0,0,0,0,0
26,-0,3343417,-0,5522246,0,08352496,0,2950997,-0,1088977,-0,53361,-0,3599588,-0,5464191,0,0223616,0,1172409,0,04102291,-0,4527568,-0,3656042,-0,5947175,0,0191733,0,2613128,0,02599062,-0,6088066,-0,3422684,-0,6003209,0,08377196,0,4373433,-0,140521,-0,6740875,-0,4298101,-0,5838264,-0,00379919,0,08999262,-0,06166401,-0,2471062,-0,3019382,-0,5561158,0,1410892,-0,02687426,-0,08131865,-0,3293009,-0,3085434,-0,6043956,0,1432548,0,0263244,-0,09653572,-0,3957526,-0,420613,-0,535852,-0,003460626,-0,001443923,-0,03638567,-0,2345875,-0,3616482,-0,5951098,-0,006357722,0,1565859,0,06727877,0,1439795,-0,2393175,-0,5630507,0,1595442,0,02608449,-0,05979838,-0,4885042,0,0,0,0,0,0,0,0,0,0,0,0,0,0,0,0,0,0,0,0,0,0,0,0,0,0,0,0,0,0
27,-0,3184557,-0,5514591,0,06944624,0,7943007,0,03827514,-0,7039363,-0,3647899,-0,5461549,0,02189671,-0,2415539,0,01321138,-0,0232448,-0,3712603,-0,5945019,0,02170753,-0,2828078,0,0107795,0,1267117,-0,3195002,-0,6001558,0,06685041,1,138409,0,008252266,-0,8460779,-0,4289913,-0,5848269,-0,01491802,0,04093798,-0,0500262,-0,5559419,-0,3066325,-0,5542862,0,1345683,-0,2347157,0,09148125,-0,326045,-0,3124694,-0,6027393,0,1349631,-0,1962975,0,08281472,-0,4145847,-0,4205265,-0,5367259,-0,01347228,0,004321339,-0,04369916,-0,5005827,-0,365454,-0,5934569,-0,04082071,-0,1902909,0,08264485,-1,72315,-0,241382,-0,5614278,0,1336078,-0,1032256,0,08114281,-1,29682,0,0,0,0,0,0,0,0,0,0,0,0,0,0,0,0,0,0,0,0,0,0,0,0,0,0,0,0,0,0
28,-0,3302422,-0,5514404,0,07237602,-0,5893263,0,000932813,0,1464893,-0,3730111,-0,5454143,0,02175205,-0,4110621,0,03703238,-0,007232654,-0,3800677,-0,5936627,0,02076661,-0,4403682,0,0419587,-0,04704596,-0,3363954,-0,5998173,0,07359148,-0,8447591,0,01692475,0,3370536,-0,423545,-0,5845739,-0,03207514,0,2723173,0,01264811,-0,8578563,-0,2977711,-0,5531963,0,1300348,0,4430713,0,05449655,-0,2266736,-0,3020138,-0,6016418,0,1327783,0,5227806,0,05487206,-0,1092405,-0,4156763,-0,5365337,-0,02879737,0,242512,0,009611253,-0,7662551,-0,3558641,-0,5932136,-0,04316856,0,4794972,0,01216531,-0,1173921,-0,2362533,-0,5590149,0,107758,0,2564342,0,1206458,-1,292493,0,0,0,0,0,0,0,0,0,0,0,0,0,0,0,0,0,0,0,0,0,0,0,0,0,0,0,0,0,0
29,-0,3403069,-0,549009,0,08375336,-0,5032347,0,1215697,0,5688673,-0,3700339,-0,5455517,0,0243423,0,1488597,-0,006872418,0,1295126,-0,3801264,-0,5932734,0,02562758,-0,00293702,0,01946688,0,2430487,-0,3474106,-0,5971917,0,08609664,-0,5507635,0,1312823,0,6252586,-0,4043371,-0,5878893,-0,03885036,0,9603951,-0,1657695,-0,3387609,-0,2853453,-0,5543333,0,1202442,0,6212863,-0,05685391,-0,4895346,-0,2884848,-0,6030089,0,1205799,0,6764459,-0,06835166,-0,6099193,-0,3990656,-0,5393752,-0,0354165,0,8305374,-0,1420737,-0,3309567,-0,3355504,-0,5938622,-0,03421792,1,015684,-0,0324309,0,447532,-0,2286493,-0,5574598,0,08723,0,3801981,0,07775429,-1,026401,0,0,0,0,0,0,0,0,0,0,0,0,0,0,0,0,0,0,0,0,0,0,0,0,0,0,0,0,0,0
30,-0,3445691,-0,5478943,0,08750863,-0,2131105,0,05573633,0,1877636,-0,373484,-0,5450312,0,02756922,-0,1725063,0,0260234,0,1613458,-0,3765359,-0,5937703,0,02601481,0,1795263,-0,02484323,0,01936137,-0,3525584,-0,5959466,0,09049907,-0,2573878,0,0622541,0,2201212,-0,3973719,-0,5887361,-0,03952216,0,3482611,-0,04234017,-0,03359003,-0,2828506,-0,5560676,0,1103444,0,1247392,-0,08671287,-0,4949858,-0,2866494,-0,6045817,0,1071645,0,09177182,-0,0786424,-0,6707712,-0,3949585,-0,5402103,-0,03547679,0,2053515,-0,04175605,-0,00301432,-0,3292827,-0,5915658,-0,02786337,0,3133864,0,1148224,0,3177278,-0,2226923,-0,5582144,0,08414357,0,2978535,-0,03772677,-0,1543213,0,0,0,0,0,0,0,0,0,0,0,0,0,0,0,0,0,0,0,0,0,0,0,0,0,0,0,0,0,0
31,-0,3400511,-0,5483399,0,09126118,0,2259032,-0,02228023,0,1876273,-0,3718423,-0,5451146,0,03283962,0,08208755,-0,004166367,0,2635202,-0,3746827,-0,5937855,0,03081556,0,09265844,-0,0007629397,0,2400377,-0,3476919,-0,596534,0,0941068,0,2433241,-0,02936722,0,1803868,-0,4086721,-0,5876524,-0,02891007,-0,565012,0,05418362,0,5306046,-0,2754726,-0,5573561,0,1032311,0,3689007,-0,0644237,-0,3556655,-0,2798533,-0,6056548,0,09811617,0,3398047,-0,05365612,-0,4524173,-0,4035392,-0,5391377,-0,02552219,-0,4290329,0,05363228,0,4977301,-0,34038,-0,5920908,-0,04005286,-0,5548658,-0,0262499,-0,609475,-0,2103664,-0,561664,0,09589257,0,6162929,-0,172481,0,5874502,0,0,0,0,0,0,0,0,0,0,0,0,0,0,0,0,0,0,0,0,0,0,0,0,0,0,0,0,0,0
32,-0,3319489,-0,5508247,0,08327231,0,4051076,-0,12424,-0,3994437,-0,3696723,-0,5454758,0,02877348,0,1084984,-0,0180632,-0,2033072,-0,3767854,-0,5937003,0,02780749,-0,1051337,0,004261734,-0,1504039,-0,3391691,-0,5990266,0,0852649,0,4261421,-0,1246304,-0,4420953,-0,4139498,-0,5852538,-0,02977492,-0,2638848,0,1199306,-0,04324263,-0,2693309,-0,5585672,0,1034406,0,3070803,-0,06055536,0,01047552,-0,2727732,-0,6070917,0,1002855,0,3540055,-0,07184449,0,1084656,-0,4049642,-0,5373515,-0,02720676,-0,07124993,0,08930568,-0,08422828,-0,3557464,-0,5924606,-0,06629778,-0,7683221,-0,01848937,-1,312246,-0,2038346,-0,5625837,0,1060937,0,3265911,-0,04598798,0,5100569,0,0,0,0,0,0,0,0,0,0,0,0,0,0,0,0,0,0,0,0,0,0,0,0,0,0,0,0,0,0
33,-0,3181771,-0,5559472,0,07850277,0,6885934,-0,2561242,-0,2384768,-0,3622969,-0,5484655,0,02927439,0,3687711,-0,1494825,0,02504569,-0,3695717,-0,596579,0,02707048,0,3606828,-0,1439363,-0,03685012,-0,3234143,-0,6044862,0,07759365,0,7877383,-0,2729805,-0,3835627,-0,4233873,-0,5845612,-0,01458966,-0,4718767,0,03463329,0,7592632,-0,2575141,-0,56226,0,1043919,0,5908402,-0,1846433,0,04756378,-0,2579874,-0,6105351,0,09722907,0,7392886,-0,1721681,-0,1528208,-0,4112183,-0,5372599,-0,01471568,-0,3127069,0,004580619,0,6245542,-0,3887621,-0,591688,-0,07397521,-1,650784,0,03862979,-0,3838719,-0,1937752,-0,5645594,0,1201217,0,5029688,-0,09878282,0,7013994,0,0,0,0,0,0,0,0,0,0,0,0,0,0,0,0,0,0,0,0,0,0,0,0,0,0,0,0,0,0
34,-0,3169086,-0,55598,0,08005581,0,06342234,-0,001639128,0,07765184,-0,3586872,-0,5488207,0,02870709,0,1804859,-0,01775921,-0,02836512,-0,3655472,-0,5970476,0,02645908,0,2012268,-0,0234306,-0,03057012,-0,3234332,-0,6042893,0,08045506,-0,0009432439,0,009843711,0,143071,-0,4266189,-0,5850925,-0,003525967,-0,1615763,-0,0265658,0,553185,-0,2569121,-0,5629469,0,1072385,0,03010483,-0,03434123,0,1423304,-0,2592251,-0,6115155,0,1033608,-0,06188306,-0,04902186,0,3065867,-0,4153963,-0,5376356,-0,004830275,-0,208901,-0,01878441,0,4942704,-0,4082186,-0,5896491,-0,06992477,-0,9728256,0,1019419,0,2025221,-0,1936699,-0,5665165,0,1244817,0,005264582,-0,09785298,0,2179985,0,0,0,0,0,0,0,0,0,0,0,0,0,0,0,0,0,0,0,0,0,0,0,0,0,0,0,0,0,0
35,-0,3179449,-0,5554634,0,07357199,-0,05181285,0,0258267,-0,3241913,-0,3686687,-0,5464531,0,03145311,-0,4990773,0,1183808,0,1373009,-0,3779134,-0,5942915,0,03082403,-0,6183075,0,137806,0,2182477,-0,3259161,-0,6035546,0,07500271,-0,1241461,0,03673436,-0,272618,-0,4389985,-0,5802728,0,001795394,-0,6189796,0,2409846,0,2660682,-0,2634665,-0,5623689,0,1104958,-0,3277228,0,02889634,0,1628645,-0,2695171,-0,6106831,0,1131597,-0,5145984,0,04162194,0,4899474,-0,4265241,-0,5331064,0,0009745863,-0,5563902,0,226462,0,2902431,-0,4326525,-0,5815613,-0,06695241,-1,221695,0,4043938,0,1486183,-0,2004204,-0,5685071,0,127758,-0,3375226,-0,09953383,0,1638149,0,0,0,0,0,0,0,0,0,0,0,0,0,0,0,0,0,0,0,0,0,0,0,0,0,0,0,0,0,0
36,-0,3179042,-0,5528607,0,05747712,0,002032519,0,1301349,-0,8047436,-0,3805989,-0,5383745,0,04030056,-0,5965086,0,4039289,0,442373,-0,3930853,-0,5855029,0,04325431,-0,758599,0,4394324,0,621514,-0,3284356,-0,600269,0,06157864,-0,125976,0,1642824,-0,6712039,-0,451535,-0,5704468,0,009869626,-0,6268265,0,4912975,0,4037117,-0,2679977,-0,5592697,0,1005455,-0,2265603,0,1549602,-0,4975142,-0,2785529,-0,6062061,0,1081878,-0,451793,0,2238483,-0,2485958,-0,4370131,-0,5240023,0,00755262,-0,5244495,0,4552038,0,3289019,-0,4812301,-0,5626915,-0,05197795,-2,428884,0,9434912,0,7487233,-0,2094,-0,5668758,0,1293164,-0,4489819,0,08156601,0,07792342,0,0,0,0,0,0,0,0,0,0,0,0,0,0,0,0,0,0,0,0,0,0,0,0,0,0,0,0,0,0
37,-0,319479,-0,5503877,0,05469146,-0,07873926,0,1236499,-0,1392829,-0,378973,-0,5371593,0,02776199,0,0812948,0,060761,-0,626929,-0,3933597,-0,5832327,0,03512884,-0,01371801,0,1135081,-0,4062738,-0,3307011,-0,5975779,0,05972989,-0,1132727,0,1345516,-0,09243716,-0,4555009,-0,5659862,0,01053515,-0,1982973,0,2230317,0,03327636,-0,2615034,-0,5599912,0,08517052,0,3247158,-0,03607275,-0,7687512,-0,2689589,-0,6080852,0,08758528,0,4797013,-0,09395484,-1,030128,-0,4399651,-0,5199671,0,006600975,-0,147599,0,2017618,-0,04758231,-0,4934845,-0,5564016,-0,04634353,-0,6127196,0,3144921,0,2817209,-0,2120266,-0,5645756,0,1280337,-0,1313314,0,1150132,-0,06413835,0,0,0,0,0,0,0,0,0,0,0,0,0,0,0,0,0,0,0,0,0,0,0,0,0,0,0,0,0,0
38,-0,3204089,-0,5416106,0,04179684,-0,04649164,0,4388573,-0,6447314,-0,380114,-0,5271698,0,0161398,-0,05705061,0,4994752,-0,5811096,-0,3936739,-0,5738927,0,01920332,-0,01570881,0,4670026,-0,7962761,-0,3297986,-0,5894507,0,04004534,0,04512521,0,4063638,-0,9842278,-0,453949,-0,5563906,-0,009670049,0,07759485,0,4797818,-1,01026,-0,2592312,-0,5533852,0,06410084,0,113611,0,3302993,-1,053485,-0,2667738,-0,6015381,0,06400199,0,1092568,0,3273578,-1,179165,-0,4380753,-0,5103467,-0,01231689,0,0944883,0,4810216,-0,9458935,-0,4987961,-0,542115,-0,06023627,-0,265579,0,7143292,-0,6946371,-0,2180105,-0,559099,0,1149088,-0,2991953,0,2738268,-0,6562429,0,0,0,0,0,0,0,0,0,0,0,0,0,0,0,0,0,0,0,0,0,0,0,0,0,0,0,0,0,0
39,-0,3166015,-0,5425185,0,03255858,0,1903699,-0,04539492,-0,4619131,-0,377371,-0,5282052,0,009415499,0,1371533,-0,05176963,-0,3362152,-0,3899283,-0,5752828,0,01063719,0,1872808,-0,06950501,-0,4283069,-0,3265058,-0,5902638,0,03294503,0,164637,-0,04065932,-0,355016,-0,4454012,-0,559629,-0,02743038,0,4273923,-0,1619191,-0,8880169,-0,2562833,-0,5537699,0,05734208,0,1473949,-0,01923741,-0,3379382,-0,2633577,-0,6020367,0,05672242,0,1708031,-0,02493263,-0,3639785,-0,4310382,-0,5130087,-0,02717266,0,3518553,-0,1331032,-0,742789,-0,4881994,-0,544449,-0,07948989,0,5298364,-0,116697,-0,9626817,-0,2156867,-0,559652,0,1085721,0,1161941,-0,02764763,-0,3168364,0,0,0,0,0,0,0,0,0,0,0,0,0,0,0,0,0,0,0,0,0,0,0,0,0,0,0,0,0,0
40,-0,3134897,-0,5455743,0,0281292,0,155589,-0,1527906,-0,2214693,-0,3716862,-0,5329095,-0,001583462,0,2842353,-0,2352179,-0,5499483,-0,3809155,-0,5806942,-0,005534826,0,4506396,-0,2705724,-0,8086008,-0,3216256,-0,5936394,0,02680777,0,2440111,-0,1687796,-0,3068628,-0,4324313,-0,5654823,-0,04871871,0,6484943,-0,2926679,-1,064417,-0,2533156,-0,555606,0,05391574,0,1483843,-0,09180311,-0,1713172,-0,2586566,-0,6039892,0,05165456,0,2350555,-0,0976235,-0,2533932,-0,4213532,-0,5182235,-0,04366342,0,4842522,-0,2607376,-0,8245381,-0,480422,-0,5478445,-0,09497358,0,3888698,-0,1697779,-0,7741845,-0,2131239,-0,5617327,0,1055103,0,1281381,-0,104037,-0,1530886,0,0,0,0,0,0,0,0,0,0,0,0,0,0,0,0,0,0,0,0,0,0,0,0,0,0,0,0,0,0
41,-0,3109642,-0,5513667,0,02098423,0,1262755,-0,2896191,-0,3572485,-0,3734029,-0,5390394,0,001483534,-0,08583073,-0,3064932,0,1533498,-0,3831008,-0,586827,-0,0004329757,-0,1092688,-0,3066422,0,2550926,-0,3173633,-0,599418,0,01597279,0,213115,-0,2889307,-0,5417495,-0,4191165,-0,5753585,-0,05824643,0,6657394,-0,4938098,-0,4763866,-0,2596114,-0,5614465,0,06155277,-0,3147886,-0,2920241,0,3818521,-0,2673854,-0,6095996,0,0617788,-0,4364418,-0,2805234,0,5062122,-0,4088373,-0,5278985,-0,05391042,0,6257924,-0,4837515,-0,5123504,-0,4565851,-0,5604792,-0,1143346,1,191843,-0,631735,-0,9680502,-0,2185797,-0,5669708,0,1125454,-0,2727897,-0,2619059,0,3517573,0,0,0,0,0,0,0,0,0,0,0,0,0,0,0,0,0,0,0,0,0,0,0,0,0,0,0,0,0,0
42,-0,3138823,-0,5512272,0,02570065,-0,1459063,0,006976726,0,2358212,-0,3767124,-0,5385151,0,007909971,-0,1654775,0,02621413,0,321322,-0,3871094,-0,5861133,0,006930553,-0,2004267,0,0356883,0,3681766,-0,3218619,-0,5994248,0,02439202,-0,2249272,-0,0003367664,0,4209619,-0,4200505,-0,575915,-0,052891,-0,04669728,-0,02782644,0,2677715,-0,2676409,-0,5596429,0,07239939,-0,4014747,0,09018186,0,5423312,-0,2798584,-0,6064306,0,07821509,-0,6236481,0,158453,0,8218148,-0,4062501,-0,5291678,-0,05130912,0,1293645,-0,06346407,0,1300648,-0,4314258,-0,5687021,-0,1206201,1,257967,-0,411144,-0,3142749,-0,2231715,-0,5642635,0,1204897,-0,229592,0,1353652,0,397213,0,0,0,0,0,0,0,0,0,0,0,0,0,0,0,0,0,0,0,0,0,0,0,0,0,0,0,0,0,0
43,-0,3209096,-0,5527253,0,03822356,-0,3513665,-0,07490519,0,6261457,-0,3794555,-0,5391281,0,009605414,-0,1371548,-0,0306517,0,08477218,-0,3916768,-0,5862933,0,009999659,-0,2283708,-0,009003285,0,1534554,-0,3309924,-0,6004654,0,03928738,-0,4565256,-0,05202892,0,7447683,-0,4100356,-0,5802637,-0,05628983,0,5007433,-0,2174319,-0,1699413,-0,271164,-0,5615104,0,08106174,-0,1761571,-0,09337965,0,4331177,-0,283883,-0,6079858,0,08854627,-0,2012313,-0,07776025,0,516559,-0,3962322,-0,5335193,-0,05476656,0,5008938,-0,2175779,-0,172872,-0,4074416,-0,5772026,-0,1251702,1,19921,-0,425026,-0,2275088,-0,2220173,-0,5671005,0,1241968,0,05770924,-0,1418472,0,1853538,0,0,0,0,0,0,0,0,0,0,0,0,0,0,0,0,0,0,0,0,0,0,0,0,0,0,0,0,0,0
44,-0,3268842,-0,5542044,0,05568971,-0,2987311,-0,07395747,0,8733076,-0,3715714,-0,5454376,0,007105499,0,3942059,-0,3154756,-0,1249958,-0,381834,-0,5931149,0,006820026,0,4921394,-0,3410788,-0,1589817,-0,3380111,-0,6015077,0,05932244,-0,3509374,-0,05211534,1,001753,-0,3921456,-0,5886688,-0,06131144,0,8945022,-0,4202576,-0,2510808,-0,2734625,-0,5628802,0,09391467,-0,1149267,-0,06848875,0,6426464,-0,280459,-0,6110819,0,09535468,0,171198,-0,1548052,0,3404205,-0,3797391,-0,541562,-0,05902625,0,8246544,-0,4021318,-0,2129846,-0,3857763,-0,5853994,-0,1299933,1,083264,-0,4098387,-0,2411553,-0,2181072,-0,5690506,0,1288396,0,1955085,-0,09750728,0,2321412,0,0,0,0,0,0,0,0,0,0,0,0,0,0,0,0,0,0,0,0,0,0,0,0,0,0,0,0,0,0
45,-0,320262,-0,5541031,0,06649579,0,3311129,0,005063416,0,5403044,-0,3468344,-0,5507502,0,005540045,1,236851,-0,2656282,-0,07827271,-0,3513114,-0,5993115,0,003934124,1,526133,-0,309828,-0,1442952,-0,3289291,-0,6020969,0,0690238,0,4540997,-0,02946259,0,4850678,-0,3419472,-0,596102,-0,06445267,2,509918,-0,371659,-0,1570615,-0,2661836,-0,5610952,0,1039829,0,3639476,0,08924905,0,5034102,-0,2762865,-0,6079891,0,1125795,0,2086298,0,1546384,0,8612401,-0,341371,-0,5475033,-0,06090804,1,918405,-0,2970667,-0,09408932,-0,3417261,-0,5895261,-0,1332269,2,202512,-0,2063365,-0,1616784,-0,2102478,-0,5659475,0,1378648,0,3929684,0,1551569,0,4512625,0,0,0,0,0,0,0,0,0,0,0,0,0,0,0,0,0,0,0,0,0,0,0,0,0,0,0,0,0,0
46,-0,3211973,-0,5549794,0,07084574,-0,04676731,-0,04381241,0,2174974,-0,3440885,-0,552295,0,008381741,0,1372964,-0,07723871,0,1420848,-0,3487113,-0,6008818,0,007138801,0,1300037,-0,07851723,0,1602339,-0,3291206,-0,6030616,0,0731162,-0,009574,-0,04823508,0,2046202,-0,3268307,-0,5994086,-0,05836921,0,7558289,-0,1653284,0,3041731,-0,2663219,-0,5613396,0,1072757,-0,006914142,-0,01221896,0,1646396,-0,2742374,-0,6090102,0,113741,0,1024545,-0,0510514,0,05807879,-0,3256315,-0,550746,-0,05561862,0,7869783,-0,1621366,0,2644709,-0,3301144,-0,5937234,-0,1271381,0,5805882,-0,2098651,0,3044428,-0,2090762,-0,5657398,0,1391473,0,05857872,0,01038611,0,06412344,0,0,0,0,0,0,0,0,0,0,0,0,0,0,0,0,0,0,0,0,0,0,0,0,0,0,0,0,0,0
47,-0,3305042,-0,5498614,0,07464071,-0,4653456,0,2558977,0,1897489,-0,3448505,-0,5482531,0,009608103,-0,0380993,0,2020926,0,06131811,-0,3489465,-0,5967839,0,008445822,-0,01176149,0,204897,0,06535105,-0,3392877,-0,5977792,0,07667619,-0,5083533,0,2641202,0,1779997,-0,3139516,-0,5965369,-0,05105699,0,6439554,0,1435847,0,3656111,-0,2708083,-0,5585858,0,101834,-0,2243237,0,1376898,-0,2720815,-0,2784463,-0,6064833,0,1069128,-0,2104477,0,126341,-0,3414129,-0,3115599,-0,5479205,-0,04827479,0,703578,0,141278,0,3671919,-0,3145451,-0,5911109,-0,1197887,0,7784638,0,1306236,0,3674702,-0,2112968,-0,56435,0,1288759,-0,1110279,0,06948712,-0,513571,0,0,0,0,0,0,0,0,0,0,0,0,0,0,0,0,0,0,0,0,0,0,0,0,0,0,0,0,0,0
48,-0,3351794,-0,5459288,0,07535543,-0,2337576,0,1966298,0,03573598,-0,3448488,-0,5444858,0,009430081,8,04663E-05,0,1883657,-0,008901119,-0,3467619,-0,5932229,0,007952569,0,1092315,0,1780481,-0,02466264,-0,3436782,-0,593946,0,07679272,-0,219527,0,1916588,0,005826729,-0,2986839,-0,5918646,-0,04155043,0,7633838,0,2336116,0,4753282,-0,2742879,-0,5549816,0,0996346,-0,1739786,0,1802088,-0,1099717,-0,2794961,-0,6034549,0,09875116,-0,05248936,0,1514197,-0,4080819,-0,2987263,-0,5431458,-0,03876558,0,64168,0,2387346,0,4754605,-0,2955266,-0,5862207,-0,1103282,0,9509239,0,2445103,0,4730253,-0,2135903,-0,5611173,0,1238994,-0,1146749,0,1616359,-0,2488238,0,0,0,0,0,0,0,0,0,0,0,0,0,0,0,0,0,0,0,0,0,0,0,0,0,0,0,0,0,0
49,-0,3409934,-0,5413321,0,07462128,-0,2907009,0,2298386,-0,03670754,-0,3476491,-0,5380847,0,008398802,-0,1400144,0,3200562,-0,05156395,-0,3494695,-0,5867898,0,005490092,-0,1353816,0,3216566,-0,1231239,-0,3493008,-0,5894057,0,07434297,-0,2811314,0,2270193,-0,1224876,-0,2885743,-0,5853559,-0,02702076,0,5054789,0,3254385,0,7264839,-0,2782696,-0,5512741,0,09321339,-0,199087,0,1853765,-0,3210605,-0,2834835,-0,5996892,0,0902683,-0,1993717,0,1882852,-0,4241431,-0,2903048,-0,5365964,-0,02574422,0,4210742,0,327471,0,6510682,-0,2665329,-0,5812371,-0,09241807,1,449688,0,2491833,0,895505,-0,2160791,-0,5583106,0,1128611,-0,1244419,0,1403362,-0,5519184,0,0,0,0,0,0,0,0,0,0,0,0,0,0,0,0,0,0,0,0,0,0,0,0,0,0,0,0,0,0
50,-0,3483128,-0,5373204,0,08052845,-0,3659712,0,2005816,0,2953586,-0,3465941,-0,536023,0,01387049,0,05275162,0,1030833,0,2735845,-0,3467908,-0,5848228,0,01232977,0,1339377,0,09835068,0,341984,-0,3574185,-0,5852702,0,08044872,-0,4058839,0,2067745,0,3052877,-0,2846401,-0,5822559,-0,0177087,0,1967118,0,154999,0,4656031,-0,283225,-0,5486999,0,08430936,-0,2477677,0,1287133,-0,4452014,-0,2900579,-0,5969844,0,08433388,-0,3287197,0,135243,-0,296721,-0,2882947,-0,5336531,-0,01858658,0,1005084,0,1471609,0,3578823,-0,2534546,-0,5794326,-0,0792511,0,6539139,0,09022359,0,6583489,-0,219773,-0,5569561,0,09913356,-0,1846955,0,06772283,-0,6863753,0,0,0,0,0,0,0,0,0,0,0,0,0,0,0,0,0,0,0,0,0,0,0,0,0,0,0,0,0,0
51,-0,3596659,-0,5335184,0,09592998,-0,5676525,0,1901031,0,7700767,-0,3433436,-0,5367094,0,0313446,0,162524,-0,03432037,0,8737058,-0,3441069,-0,5854535,0,03289689,0,1341954,-0,03153385,1,028356,-0,3697405,-0,5813175,0,09679847,-0,6161007,0,1976312,0,8174877,-0,298728,-0,5860184,-0,01911039,-0,7043961,-0,1881243,-0,07008466,-0,2970666,-0,5461408,0,07855072,-0,6920788,0,1279533,-0,2879323,-0,3052021,-0,5942256,0,07784662,-0,7572103,0,1379401,-0,3243634,-0,3004264,-0,5372446,-0,01977603,-0,6065878,-0,179571,-0,05947251,-0,2460619,-0,5833103,-0,0636464,0,3696339,-0,193885,0,7802352,-0,2323575,-0,5564925,0,07374424,-0,6292256,0,02318026,-1,269466,0,0,0,0,0,0,0,0,0,0,0,0,0,0,0,0,0,0,0,0,0,0,0,0,0,0,0,0,0,0
52,-0,3613157,-0,5324171,0,1000553,-0,08249137,0,05506279,0,2062638,-0,3497235,-0,5370084,0,03457175,-0,3189923,-0,01494885,0,1613577,-0,3512169,-0,5857001,0,03697123,-0,3555001,-0,01233221,0,2037172,-0,3716993,-0,5800732,0,1026158,-0,09793792,0,06221833,0,2908663,-0,313485,-0,5877017,-0,02091446,-0,7378522,-0,08416775,-0,09020337,-0,3019399,-0,5457133,0,07410951,-0,2436683,0,02137423,-0,2220605,-0,3095537,-0,5938084,0,07742034,-0,2175779,0,02086163,-0,02131389,-0,3090893,-0,5391569,-0,01835874,-0,4331427,-0,09561483,0,07086464,-0,2585349,-0,5888588,-0,06271172,-0,6236511,-0,277427,0,04673379,-0,2375559,-0,5557423,0,06650255,-0,2599173,0,0375122,-0,362085,0,0,0,0,0,0,0,0,0,0,0,0,0,0,0,0,0,0,0,0,0,0,0,0,0,0,0,0,0,0
53,-0,3674696,-0,5276353,0,1023626,-0,3076957,0,2390922,0,1153652,-0,3764893,-0,5322922,0,03656584,-1,338295,0,235811,0,09970464,-0,3826416,-0,5805588,0,03999834,-1,571237,0,257066,0,1513556,-0,3772254,-0,575008,0,1084473,-0,2763079,0,2532572,0,2915775,-0,3383666,-0,5881189,-0,01241705,-1,244081,-0,02085865,0,4248706,-0,3095354,-0,5422109,0,07379703,-0,3797726,0,1751185,-0,01562387,-0,317021,-0,5900274,0,07947342,-0,3733636,0,1890481,0,1026541,-0,3319566,-0,5397565,-0,01259364,-1,143367,-0,02998115,0,2882548,-0,2887439,-0,5933614,-0,06009972,-1,510446,-0,2251298,0,1306,-0,2476057,-0,5534806,0,05467514,-0,5024912,0,113085,-0,5913707,0,0,0,0,0,0,0,0,0,0,0,0,0,0,0,0,0,0,0,0,0,0,0,0,0,0,0,0,0,0
54,-0,3707928,-0,529466,0,09501071,-0,1661614,-0,09153489,-0,3675924,-0,390607,-0,5320048,0,03152193,-0,7058832,0,01436771,-0,2521957,-0,3980457,-0,5801256,0,03489779,-0,770207,0,02166034,-0,2550277,-0,3802774,-0,5768523,0,1013454,-0,1525999,-0,09221438,-0,3550967,-0,3469481,-0,5894592,-0,01059724,-0,4290732,-0,06701353,0,09099063,-0,3090017,-0,5433546,0,07571627,0,02668501,-0,05718472,0,09596203,-0,3155118,-0,5909567,0,08416841,0,07545802,-0,04646482,0,2347496,-0,3415405,-0,5410941,-0,01280795,-0,4791977,-0,06687942,-0,01071557,-0,3029403,-0,5952396,-0,06353094,-0,7098216,-0,09390716,-0,171561,-0,2484663,-0,5547332,0,05317833,-0,04302787,-0,06263258,-0,07484037,0,0,0,0,0,0,0,0,0,0,0,0,0,0,0,0,0,0,0,0,0,0,0,0,0,0,0,0,0,0
55,-0,3747239,-0,5330901,0,07704871,-0,1965509,-0,1812071,-0,8981004,-0,4057619,-0,5306968,0,01819942,-0,7577467,0,06540122,-0,6661258,-0,414817,-0,5785659,0,0200572,-0,8385647,0,07798377,-0,74203,-0,3840595,-0,5806716,0,08163727,-0,1891062,-0,1909644,-0,9854075,-0,3556502,-0,5893371,-0,0138117,-0,4351051,0,006103518,-0,1607231,-0,3096134,-0,5449373,0,07432877,-0,03058613,-0,07913116,-0,06937499,-0,3169399,-0,5931305,0,07702731,-0,07140341,-0,1086921,-0,3570551,-0,3484023,-0,5410904,-0,01437837,-0,3430875,0,0001847745,-0,07852077,-0,3121186,-0,595048,-0,0671401,-0,4589142,0,00957847,-0,180458,-0,2467219,-0,5548729,0,05758225,0,08721802,-0,006985667,0,220196,0,0,0,0,0,0,0,0,0,0,0,0,0,0,0,0,0,0,0,0,0,0,0,0,0,0,0,0,0,0
56,-0,3817562,-0,5375032,0,02644508,-0,3516169,-0,2206565,-2,530183,-0,4325606,-0,5247675,-0,01463646,-1,339932,0,2964647,-1,641795,-0,4439913,-0,5721595,-0,01654343,-1,458717,0,3203185,-1,830032,-0,3895264,-0,5855368,0,02345705,-0,2733411,-0,2432586,-2,909012,-0,3767413,-0,5862435,-0,02343657,-1,054556,0,1546801,-0,4812437,-0,3182124,-0,5478985,0,04215647,-0,4299493,-0,148061,-1,608616,-0,3253741,-0,5960147,0,04530538,-0,4217105,-0,1442105,-1,586097,-0,3679805,-0,5382872,-0,02479577,-0,9789113,0,1401574,-0,5208701,-0,3446902,-0,5922582,-0,08430292,-1,628584,0,1394928,-0,8581414,-0,253252,-0,556919,0,03921369,-0,3265032,-0,1023025,-0,9184286,0,0,0,0,0,0,0,0,0,0,0,0,0,0,0,0,0,0,0,0,0,0,0,0,0,0,0,0,0,0
57,-0,3827664,-0,5360564,0,003921096,-0,05051048,0,07234219,-1,1262,-0,442731,-0,5184034,-0,01967941,-0,5085217,0,3182085,-0,2521476,-0,4563311,-0,5654004,-0,02078781,-0,6169873,0,3379555,-0,2122188,-0,3898103,-0,5820797,-0,01119753,-0,01419783,0,1728535,-1,73273,-0,3908703,-0,5823146,-0,0344638,-0,7064494,0,1964451,-0,5513614,-0,3177877,-0,5469239,0,009669066,0,02123416,0,0487298,-1,624371,-0,3236215,-0,5947071,0,001307612,0,0876293,0,06538334,-2,199889,-0,379824,-0,5348776,-0,03497093,-0,5921739,0,1704813,-0,5087584,-0,3533663,-0,5900966,-0,09191786,-0,4338028,0,1080782,-0,3807472,-0,2565068,-0,5575122,0,03077434,-0,1627431,-0,02966226,-0,4219675,0,0,0,0,0,0,0,0,0,0,0,0,0,0,0,0,0,0,0,0,0,0,0,0,0,0,0,0,0,0
58,-0,3825858,-0,5361525,0,01071137,0,009028617,-0,004807116,0,3395137,-0,4420851,-0,5201786,-0,01526865,0,0322953,-0,08876327,0,2205383,-0,454977,-0,5674018,-0,01506022,0,06770495,-0,1000703,0,2863792,-0,3889178,-0,583002,-0,001783474,0,04462453,-0,04611613,0,4707032,-0,393814,-0,5824077,-0,04326715,-0,1471878,-0,004655125,-0,4401678,-0,3173839,-0,5413734,0,000648029,0,02019108,0,2775223,-0,451052,-0,3220177,-0,5866867,-0,01651371,0,08019063,0,4010202,-0,8910664,-0,3832885,-0,5348287,-0,04319489,-0,1732246,0,002446772,-0,4111979,-0,3581398,-0,5886332,-0,1020919,-0,2386735,0,07316771,-0,5087024,-0,2538961,-0,5519844,0,01412233,0,1305357,0,2763898,-0,8326008,0,0,0,0,0,0,0,0,0,0,0,0,0,0,0,0,0,0,0,0,0,0,0,0,0,0,0,0,0,0
59,-0,384748,-0,5356633,0,02088896,-0,108108,0,02446176,0,5088796,-0,4395555,-0,5191942,-0,0134555,0,1264796,0,04922153,0,09065749,-0,4538002,-0,5658687,-0,0142078,0,05883875,0,07665458,0,04262139,-0,3926316,-0,5831357,0,01250882,-0,1856864,-0,006684664,0,7146152,-0,3973723,-0,5806609,-0,05113995,-0,1779125,0,08733872,-0,3936404,-0,3193358,-0,5457463,0,02199706,-0,0975937,-0,2186418,1,067452,-0,3250922,-0,5937319,0,01586596,-0,1537279,-0,3522636,1,618984,-0,3857752,-0,5333164,-0,05038781,-0,1243383,0,07561448,-0,3596464,-0,3568343,-0,5881102,-0,1065714,0,06527158,0,02615155,-0,2239765,-0,2540834,-0,5519876,0,0157278,-0,009365384,-0,0001579524,0,08027333,0,0,0,0,0,0,0,0,0,0,0,0,0,0,0,0,0,0,0,0,0,0,0,0,0,0,0,0,0,0
60,-0,3854636,-0,535747,0,03529728,-0,03578068,-0,004184248,0,7204165,-0,4330958,-0,5212274,-0,008939782,0,3229828,-0,1016587,0,2257858,-0,4475787,-0,5678477,-0,009697462,0,3110738,-0,09894673,0,2255167,-0,3943686,-0,5835199,0,03120972,-0,08684997,-0,0192076,0,9350454,-0,4006607,-0,5797459,-0,05890709,-0,1644225,0,04575254,-0,3883568,-0,3207016,-0,5473599,0,04230715,-0,06829056,-0,08068386,1,015505,-0,3272201,-0,595482,0,03812179,-0,1063958,-0,08750264,1,112792,-0,3881383,-0,5326531,-0,05689386,-0,1181543,0,03316404,-0,3253025,-0,3559256,-0,5878617,-0,1108453,0,04543515,0,01242459,-0,2136954,-0,2555537,-0,5550572,0,03813721,-0,07351342,-0,153482,1,120471,0,0,0,0,0,0,0,0,0,0,0,0,0,0,0,0,0,0,0,0,0,0,0,0,0,0,0,0,0,0
61,-0,3872365,-0,5346564,0,05150712,-0,08864556,0,05452933,0,810492,-0,4222973,-0,5242047,-0,00414806,0,5399289,-0,1488656,0,2395862,-0,4368604,-0,570707,-0,00470295,0,535916,-0,1429678,0,2497257,-0,3972363,-0,5823618,0,05042681,-0,1433865,0,05790295,0,9608547,-0,4033277,-0,5786449,-0,06447797,-0,1333491,0,05505087,-0,2785443,-0,3223516,-0,5472648,0,05477126,-0,08250329,0,004756453,0,6232057,-0,3300544,-0,5953908,0,05316975,-0,1417131,0,004559757,0,7523983,-0,3914413,-0,5312931,-0,06295675,-0,1651466,0,06799999,-0,3031447,-0,3520104,-0,5886821,-0,1094744,0,1957626,-0,04101993,0,06854649,-0,2574411,-0,5568008,0,05446896,-0,09437058,-0,08718077,0,8165875,0,0,0,0,0,0,0,0,0,0,0,0,0,0,0,0,0,0,0,0,0,0,0,0,0,0,0,0,0,0
62,-0,3866838,-0,5332635,0,06630208,0,02763719,0,06964508,0,7397487,-0,404438,-0,5291874,0,002325371,0,8929659,-0,2491356,0,3236716,-0,4156201,-0,5766667,0,00147347,1,062015,-0,2979816,0,3088211,-0,3970866,-0,5809001,0,06765354,0,007486346,0,07308725,0,861337,-0,4067448,-0,575695,-0,06699382,-0,1708568,0,1474918,-0,1257923,-0,3218214,-0,5464928,0,06741525,0,02651067,0,03860296,0,6321999,-0,3299375,-0,5945052,0,06553308,0,005842748,0,04428031,0,6181665,-0,392753,-0,5290792,-0,06339362,-0,06558748,0,1106948,-0,02184362,-0,3490832,-0,5882844,-0,1029925,0,1463563,0,01988412,0,3240952,-0,2577084,-0,556844,0,07687793,-0,01336337,-0,002157689,1,120449,0,0,0,0,0,0,0,0,0,0,0,0,0,0,0,0,0,0,0,0,0,0,0,0,0,0,0,0,0,0
63,-0,3825448,-0,5353189,0,07493323,0,2069504,-0,1027674,0,4315575,-0,3848912,-0,5346555,0,00843343,0,9773407,-0,2734066,0,3054031,-0,3935317,-0,5826149,0,00730599,1,104419,-0,2974124,0,2916261,-0,393109,-0,5829109,0,07618973,0,1988799,-0,1005412,0,4268093,-0,4032832,-0,5773151,-0,06088023,0,17308,-0,08100274,0,3056796,-0,318492,-0,5482287,0,08558992,0,1664714,-0,0867993,0,9087335,-0,3268373,-0,5962104,0,08728678,0,1550109,-0,0852615,1,087685,-0,3896263,-0,5305603,-0,05805392,0,1563356,-0,07405284,0,2669851,-0,3485917,-0,5892633,-0,1012566,0,02457649,-0,04894139,0,08679595,-0,2559035,-0,5577252,0,1033715,0,09024445,-0,04405977,1,324681,0,0,0,0,0,0,0,0,0,0,0,0,0,0,0,0,0,0,0,0,0,0,0,0,0,0,0,0,0,0
64,-0,3659845,-0,5437463,0,09372818,0,8280146,-0,4213722,0,9397477,-0,360159,-0,5456941,0,02743852,1,236611,-0,5519303,0,9502549,-0,3683895,-0,5937461,0,02723272,1,257113,-0,5565586,0,9963368,-0,375423,-0,5915426,0,0956917,0,8842993,-0,4315855,0,9750992,-0,3764564,-0,59031,-0,04124342,1,341343,-0,6497475,0,9818409,-0,3074269,-0,5530062,0,1230061,0,5532565,-0,2388717,1,870811,-0,3154652,-0,6009128,0,1274904,0,5686092,-0,2351196,2,010184,-0,3655861,-0,5428027,-0,03904863,1,202009,-0,6121221,0,9502648,-0,3460229,-0,5927951,-0,1031785,0,1284406,-0,1765937,-0,09609688,-0,2435915,-0,5617995,0,1355877,0,615597,-0,2037168,1,610809,0,0,0,0,0,0,0,0,0,0,0,0,0,0,0,0,0,0,0,0,0,0,0,0,0,0,0,0,0,0
65,-0,3589537,-0,5460039,0,1049355,0,3515409,-0,1128793,0,5603662,-0,352873,-0,5494226,0,03875505,0,3642978,-0,1864225,0,5658267,-0,3634551,-0,5970972,0,03947236,0,2467216,-0,1675577,0,6119823,-0,3683303,-0,5937381,0,1080432,0,3546329,-0,1097739,0,6175744,-0,3552657,-0,5979889,-0,02903539,1,059534,-0,3839435,0,6104015,-0,2980576,-0,555458,0,1292147,0,4684629,-0,1225919,0,3104315,-0,3058842,-0,603202,0,1346271,0,4790457,-0,1144588,0,3568353,-0,3501549,-0,5493652,-0,02785625,0,7715616,-0,3281267,0,5596195,-0,3393478,-0,5962514,-0,09620477,0,3337548,-0,1728118,0,3486884,-0,2366879,-0,5621009,0,151961,0,3451848,-0,01506806,0,8186671,0,0,0,0,0,0,0,0,0,0,0,0,0,0,0,0,0,0,0,0,0,0,0,0,0,0,0,0,0,0
66,-0,353647,-0,5484062,0,1101048,0,2653317,-0,1201183,0,2584652,-0,3574342,-0,5492564,0,04367376,-0,2280594,0,008305911,0,2459358,-0,3706687,-0,5961456,0,04406217,-0,3606828,0,04757943,0,2294905,-0,3621812,-0,5964538,0,1124694,0,3074573,-0,1357884,0,2213125,-0,3705303,-0,5948353,-0,02498135,-0,7632288,0,1576812,0,2027021,-0,2916211,-0,5576528,0,1313235,0,3218265,-0,1097411,0,1054354,-0,3007225,-0,604413,0,1418526,0,2580852,-0,06055238,0,3612736,-0,3598383,-0,5472548,-0,02302052,-0,4841702,0,1055211,0,2417867,-0,33582,-0,5986486,-0,08449059,0,1763926,-0,119862,0,585709,-0,2296333,-0,5641985,0,1518924,0,3527263,-0,1048804,-0,003431739,0,0,0,0,0,0,0,0,0,0,0,0,0,0,0,0,0,0,0,0,0,0,0,0,0,0,0,0,0,0
67,-0,3505503,-0,548799,0,1232888,0,154838,-0,01963974,0,6592027,-0,3523433,-0,550599,0,0567384,0,2545462,-0,06712678,0,6532318,-0,3584071,-0,5989988,0,05736651,0,6130802,-0,1426578,0,6652173,-0,3584392,-0,5968151,0,1261774,0,1870991,-0,0180632,0,6854001,-0,3752672,-0,5959945,-0,009515755,-0,2368481,-0,05795958,0,7732802,-0,2860966,-0,5576477,0,1354623,0,2762244,0,0002563001,0,2069444,-0,2912563,-0,6061225,0,1357989,0,4733132,-0,0854731,-0,3026867,-0,3649336,-0,5483695,-0,008867738,-0,2547623,-0,05573633,0,7076392,-0,3153078,-0,6069835,-0,04190079,1,025609,-0,4167439,2,129491,-0,2256536,-0,5631495,0,1606336,0,1989879,0,05245211,0,4370587,0,0,0,0,0,0,0,0,0,0,0,0,0,0,0,0,0,0,0,0,0,0,0,0,0,0,0,0,0,0
68,-0,3519803,-0,5477036,0,131463,-0,07150176,0,05477371,0,4087074,-0,3478982,-0,5523944,0,06522208,0,2222554,-0,08977357,0,4241843,-0,3525337,-0,600906,0,06750763,0,2936722,-0,09536151,0,5070564,-0,360125,-0,5955557,0,1357634,-0,08428845,0,06296935,0,4792968,-0,3701027,-0,6005396,0,0007332361,0,2582283,-0,2272577,0,5124497,-0,2867595,-0,5571072,0,1384336,-0,03314467,0,02702774,0,1485609,-0,2926793,-0,6054133,0,1418452,-0,07115307,0,0354618,0,3023141,-0,3623758,-0,5523481,0,0001208388,0,1278863,-0,1989306,0,449429,-0,3043251,-0,6097673,-0,01822626,0,5491334,-0,1391918,1,183727,-0,227666,-0,5616987,0,1668673,-0,1006224,0,0725359,0,3116862,0,0,0,0,0,0,0,0,0,0,0,0,0,0,0,0,0,0,0,0,0,0,0,0,0,0,0,0,0,0
69,-0,3568074,-0,5489165,0,1167002,-0,2413557,-0,06064477,-0,7381412,-0,3459315,-0,5505569,0,05106588,0,09833131,0,09187762,-0,7078103,-0,3488682,-0,5992294,0,05084579,0,1832739,0,08383098,-0,8330922,-0,3627557,-0,5973392,0,1182683,-0,1315341,-0,08917455,-0,8747518,-0,3898105,-0,5947285,-0,004582971,-0,9853904,0,2905579,-0,2658105,-0,3022813,-0,5534967,0,1539044,-0,776093,0,1805217,0,7735442,-0,308726,-0,6014192,0,1602145,-0,802331,0,1997054,0,9184677,-0,3833712,-0,5463654,-0,004033017,-1,049771,0,299135,-0,2076929,-0,3213042,-0,6023738,-0,0002882837,-0,8489553,0,3696771,0,8968992,-0,2384399,-0,5593724,0,1678763,-0,5386943,0,1163185,0,05045312,0,0,0,0,0,0,0,0,0,0,0,0,0,0,0,0,0,0,0,0,0,0,0,0,0,0,0,0,0,0
70,-0,3544237,-0,5484444,0,1098551,0,119187,0,02360345,-0,3422526,-0,3503984,-0,5482758,0,04345567,-0,2233417,0,1140535,-0,3805104,-0,3532329,-0,5969652,0,04224126,-0,2182336,0,1132101,-0,430227,-0,3567446,-0,5971813,0,1110092,0,3005551,0,007894638,-0,3629574,-0,4079914,-0,5908547,0,0005730572,-0,9090472,0,1936883,0,2578015,-0,3125406,-0,5485924,0,1612704,-0,5129622,0,2452166,0,3682987,-0,3198948,-0,5962275,0,1688108,-0,5584436,0,2595843,0,429813,-0,3998415,-0,5427513,-0,001124906,-0,8235145,0,1807094,0,1454056,-0,3397544,-0,6009703,-0,003137596,-0,9225089,0,07017258,-0,1424657,-0,2475929,-0,5570946,0,1659401,-0,4576521,0,1138896,-0,09681437,0,0,0,0,0,0,0,0,0,0,0,0,0,0,0,0,0,0,0,0,0,0,0,0,0,0,0,0,0,0
71,-0,3599381,-0,5461187,0,1027322,-0,2757238,0,1162857,-0,3561479,-0,3634939,-0,5447425,0,03628682,-0,6547751,0,1766653,-0,3584425,-0,3679983,-0,5932667,0,03463288,-0,7382709,0,1849235,-0,3804192,-0,3594209,-0,5949965,0,1029514,-0,133817,0,1092405,-0,4028892,-0,4232854,-0,5849065,-0,005924497,-0,7646981,0,2974124,-0,3248778,-0,3237012,-0,5451641,0,1583682,-0,5580294,0,1714141,-0,1451113,-0,3315477,-0,5928059,0,1656053,-0,5826461,0,1710803,-0,1602732,-0,4140207,-0,536953,-0,006683815,-0,7089573,0,2899112,-0,2779456,-0,3551313,-0,5963214,-0,008028854,-0,7688466,0,2324463,-0,244563,-0,2587784,-0,5546295,0,1614161,-0,5592728,0,1232535,-0,226199,0,0,0,0,0,0,0,0,0,0,0,0,0,0,0,0,0,0,0,0,0,0,0,0,0,0,0,0,0,0
72,-0,3773864,-0,5423062,0,09607159,-0,8724112,0,1906217,-0,3330288,-0,3793552,-0,5408041,0,02957296,-0,7930684,0,1969219,-0,3356932,-0,3846939,-0,5892448,0,02773338,-0,8347798,0,2010942,-0,344975,-0,3816726,-0,5909032,0,09650669,-1,112585,0,2046645,-0,3222359,-0,4346328,-0,5801336,-0,0190811,-0,5673739,0,2386422,-0,6578302,-0,3337348,-0,5449111,0,1458544,-0,5016806,0,01265109,-0,6256911,-0,3412919,-0,5927449,0,1518498,-0,48721,0,003048779,-0,687776,-0,4247115,-0,5323167,-0,01867708,-0,5345421,0,2318145,-0,5996636,-0,3670005,-0,5925027,-0,02583941,-0,5934598,0,1909376,-0,890528,-0,2690561,-0,5534962,0,1537103,-0,5138861,0,05666318,-0,3852876,0,0,0,0,0,0,0,0,0,0,0,0,0,0,0,0,0,0,0,0,0,0,0,0,0,0,0,0,0,0
73,-0,4184777,-0,5308829,0,09293666,-2,05457,0,5711677,-0,1567465,-0,4226095,-0,5314763,0,0264896,-2,162714,0,4663916,-0,1541683,-0,4380933,-0,5777526,0,02707031,-2,669975,0,5746129,-0,03315342,-0,4296239,-0,578272,0,09543213,-2,397565,0,6315621,-0,05372839,-0,4540752,-0,5712187,-0,03981584,-0,9721164,0,4457446,-1,036738,-0,3555819,-0,5437834,0,1090298,-1,092358,0,05638304,-1,84123,-0,3640757,-0,5917577,0,1100448,-1,139187,0,04935862,-2,09025,-0,4432573,-0,5237765,-0,03656908,-0,9272922,0,4270138,-0,8946002,-0,388783,-0,5832283,-0,05872336,-1,089126,0,4637184,-1,644199,-0,2924697,-0,5537558,0,12414,-1,170682,-0,01297892,-1,47852,0,0,0,0,0,0,0,0,0,0,0,0,0,0,0,0,0,0,0,0,0,0,0,0,0,0,0,0,0,0
74,-0,4298918,-0,5278938,0,09498288,-0,5707028,0,1494527,0,1023107,-0,436195,-0,5281055,0,02875897,-0,6792772,0,1685382,0,1134687,-0,4529601,-0,5739098,0,02957644,-0,7433403,0,1921386,0,1253063,-0,440874,-0,5753699,0,09745754,-0,5625086,0,1451046,0,1012706,-0,4572186,-0,5712155,-0,03941816,-0,1571701,0,0001609326,0,0198843,-0,3652626,-0,5420001,0,09208775,-0,4840331,0,08916859,-0,8471026,-0,3741754,-0,5899229,0,09187882,-0,5049886,0,09174053,-0,9082999,-0,4481024,-0,523243,-0,03676768,-0,2422527,0,02667309,-0,009930324,-0,4011831,-0,5778119,-0,07938744,-0,6200018,0,2708198,-1,033204,-0,3028755,-0,5528641,0,1095859,-0,5202876,0,04458429,-0,7277041,0,0,0,0,0,0,0,0,0,0,0,0,0,0,0,0,0,0,0,0,0,0,0,0,0,0,0,0,0,0
75,-0,4421746,-0,5216204,0,09348812,-0,6141382,0,3136725,-0,07473792,-0,4406077,-0,5218876,0,02687827,-0,2206356,0,310895,-0,09403484,-0,4523355,-0,5692827,0,02610831,0,03123136,0,2313555,-0,1734065,-0,4505689,-0,569622,0,0948865,-0,4847424,0,2873958,-0,128552,-0,4635563,-0,5636919,-0,04172461,-0,3168882,0,3761829,-0,1153226,-0,3819185,-0,5321147,0,06796782,-0,832795,0,4942658,-1,205997,-0,3906964,-0,579796,0,06308789,-0,8260491,0,5063476,-1,439547,-0,4563272,-0,5155773,-0,03778455,-0,4112424,0,3832878,-0,05084334,-0,425001,-0,5631439,-0,09904035,-1,190897,0,7333997,-0,9826459,-0,3187812,-0,5441915,0,08129916,-0,7952857,0,4336299,-1,414336,0,0,0,0,0,0,0,0,0,0,0,0,0,0,0,0,0,0,0,0,0,0,0,0,0,0,0,0,0,0
76,-0,452646,-0,5196498,0,08970717,-0,5235733,0,0985295,-0,1890478,-0,4440707,-0,5193878,0,02369461,-0,1731471,0,124991,-0,1591834,-0,4522535,-0,5674036,0,02153835,0,004100801,0,09395782,-0,2284978,-0,461028,-0,5676939,0,08981674,-0,5229549,0,09640459,-0,2534879,-0,4794359,-0,558196,-0,04126487,-0,7939774,0,2747924,0,02298673,-0,3920155,-0,5294953,0,06477382,-0,504853,0,1309723,-0,1596999,-0,4008979,-0,5769978,0,05827586,-0,5100744,0,1399071,-0,2406013,-0,4695692,-0,5106187,-0,03738296,-0,6621006,0,2479286,0,02007932,-0,4407291,-0,5599543,-0,09842862,-0,7864031,0,1594782,0,03058651,-0,3277364,-0,5414432,0,07068873,-0,4477592,0,1374156,-0,5305218,0,0,0,0,0,0,0,0,0,0,0,0,0,0,0,0,0,0,0,0,0,0,0,0,0,0,0,0,0,0
77,-0,4637671,-0,5154926,0,08913731,-0,5560535,0,2078594,-0,02849289,-0,4461577,-0,5168867,0,02494033,-0,1043499,0,1250536,0,06228604,-0,4525595,-0,5651643,0,02329842,-0,01529903,0,1119614,0,08800322,-0,4741205,-0,563135,0,08869208,-0,6546276,0,2279461,-0,05623328,-0,4879008,-0,5566954,-0,03541534,-0,4232483,0,07503036,0,2924767,-0,4006393,-0,5280552,0,07368995,-0,4311876,0,07200542,0,4458064,-0,4093732,-0,575866,0,07022256,-0,4237669,0,05659165,0,5973349,-0,480443,-0,5086058,-0,03171821,-0,543687,0,1006455,0,2832377,-0,4565273,-0,5551948,-0,0969423,-0,7899138,0,2379776,0,07431622,-0,3362812,-0,5383951,0,06546329,-0,4272388,0,1524062,-0,2612722,0,0,0,0,0,0,0,0,0,0,0,0,0,0,0,0,0,0,0,0,0,0,0,0,0,0,0,0,0,0
78,-0,470542,-0,5121226,0,0914005,-0,3387482,0,1685024,0,1131598,-0,4510172,-0,5141674,0,0277675,-0,2429784,0,1359642,0,1413586,-0,4572034,-0,5625049,0,02655179,-0,2321945,0,1329721,0,1626689,-0,4813201,-0,5596894,0,09101827,-0,3599764,0,1722784,0,1163099,-0,5001473,-0,5538811,-0,02680331,-0,6123232,0,1407147,0,4306014,-0,4059989,-0,5258381,0,08535903,-0,2679811,0,1108528,0,5834544,-0,4149354,-0,5735517,0,08138,-0,2781109,0,1157135,0,5578725,-0,4934377,-0,5056116,-0,0229941,-0,6497386,0,149709,0,4362058,-0,4672251,-0,5519403,-0,08749857,-0,5348893,0,1627237,0,4721867,-0,3431786,-0,5354778,0,06834216,-0,3448726,0,1458645,0,1439438,0,0,0,0,0,0,0,0,0,0,0,0,0,0,0,0,0,0,0,0,0,0,0,0,0,0,0,0,0,0
79,-0,4770419,-0,5083394,0,08742911,-0,324993,0,1891584,-0,1985696,-0,4660198,-0,5074112,0,0217586,-0,7501307,0,3378124,-0,3004449,-0,4737476,-0,5554429,0,01891244,-0,8272099,0,3530981,-0,3819677,-0,4892505,-0,5555274,0,08603186,-0,3965245,0,2080978,-0,2493207,-0,5313931,-0,5422502,-0,016741,-1,562292,0,5815449,0,5031161,-0,4128221,-0,5237678,0,08280235,-0,3411607,0,1035184,-0,1278341,-0,4228592,-0,5714459,0,08083563,-0,3961863,0,1052887,-0,02721884,-0,5202296,-0,4947729,-0,01507947,-1,339596,0,5419376,0,3957315,-0,4826426,-0,5503761,-0,06503876,-0,7708761,0,07821026,1,122991,-0,3484769,-0,5366673,0,08544709,-0,2649159,-0,05947652,0,8552465,0,0,0,0,0,0,0,0,0,0,0,0,0,0,0,0,0,0,0,0,0,0,0,0,0,0,0,0,0,0
80,-0,4784977,-0,5080249,0,08132116,-0,07278922,0,01572371,-0,3053979,-0,4896096,-0,501651,0,0160279,-1,179488,0,2880068,-0,2865354,-0,5012864,-0,5488908,0,01251179,-1,376945,0,3276081,-0,3200328,-0,4906136,-0,5552356,0,08024035,-0,06815496,0,0145942,-0,2895755,-0,5599224,-0,5302087,-0,01881308,-1,426465,0,6020757,-0,1036044,-0,4142014,-0,523788,0,08520608,-0,0689626,-0,001010299,0,1201869,-0,4239704,-0,5711269,0,0791092,-0,05556347,0,01595319,-0,08632135,-0,5446,-0,4839188,-0,0174029,-1,218519,0,5427005,-0,1161712,-0,4962349,-0,5491537,-0,03761129,-0,6796154,0,06111863,1,371374,-0,3517434,-0,5376682,0,100036,-0,1633227,-0,0500411,0,7294461,0,0,0,0,0,0,0,0,0,0,0,0,0,0,0,0,0,0,0,0,0,0,0,0,0,0,0,0,0,0
81,-0,4811186,-0,506718,0,08239737,-0,1310483,0,06534459,0,05381072,-0,5040473,-0,4989683,0,02044056,-0,7218871,0,1341388,0,2206333,-0,5189868,-0,5454561,0,01922681,-0,8850191,0,171733,0,3357511,-0,4944245,-0,553616,0,08303034,-0,1905427,0,0809789,0,1394995,-0,5626587,-0,5281565,-0,03143641,-0,1368166,0,1026094,-0,6311664,-0,4177784,-0,5236227,0,09202373,-0,1788528,0,008264188,0,3408825,-0,4285914,-0,5710955,0,09050655,-0,2310486,0,001570583,0,569868,-0,5497628,-0,4815962,-0,02504428,-0,2581418,0,1161322,-0,3820693,-0,5027711,-0,5471188,-0,00295758,-0,3268109,0,1017481,1,732686,-0,3550796,-0,5374304,0,1058835,-0,1668126,0,01188815,0,2923758,0,0,0,0,0,0,0,0,0,0,0,0,0,0,0,0,0,0,0,0,0,0,0,0,0,0,0,0,0,0
82,-0,4852753,-0,5062146,0,08239778,-0,2078325,0,02517403,2,04891E-05,-0,5085923,-0,4960479,0,02087659,-0,2272488,0,1460195,0,02180162,-0,5202515,-0,54321,0,0165822,-0,06323459,0,1123071,-0,1322305,-0,4994008,-0,5528829,0,08149141,-0,2488137,0,03665687,-0,07694665,-0,5790121,-0,5240405,-0,01420681,-0,8176687,0,205803,0,8614804,-0,4231394,-0,5242869,0,09649722,-0,2680467,-0,03321172,0,2236743,-0,4348036,-0,5715407,0,09451938,-0,3106118,-0,02226234,0,2006416,-0,5639026,-0,477736,-0,01175477,-0,7069889,0,1930089,0,6644758,-0,5138622,-0,5442414,-0,003379423,-0,5545529,0,1438678,-0,02109216,-0,3624322,-0,5392961,0,1169753,-0,3676312,-0,09328429,0,554589,0,0,0,0,0,0,0,0,0,0,0,0,0,0,0,0,0,0,0,0,0,0,0,0,0,0,0,0,0,0
83,-0,4838968,-0,5047196,0,08294533,0,06892684,0,07474723,0,02737754,-0,5055571,-0,4950217,0,02074145,0,1517594,0,05131068,-0,006757027,-0,5181727,-0,5419664,0,01687757,0,1039416,0,06217661,0,01476873,-0,4983902,-0,5512766,0,08217475,0,05052688,0,08031133,0,03416689,-0,5830069,-0,5216436,0,004531666,-0,1997412,0,1198411,0,936924,-0,4228828,-0,522988,0,1009103,0,01282841,0,06494822,0,220652,-0,4341938,-0,570247,0,09670855,0,03049077,0,06468596,0,1094584,-0,5672998,-0,4754036,0,004552889,-0,1698614,0,1166195,0,8153831,-0,5223368,-0,5405473,-0,02264551,-0,4237296,0,1847059,-0,9633046,-0,3611425,-0,5384329,0,1172455,0,0644848,0,04315974,0,01350977,0,0,0,0,0,0,0,0,0,0,0,0,0,0,0,0,0,0,0,0,0,0,0,0,0,0,0,0,0,0
84,-0,478085,-0,5018642,0,0796143,0,2905906,0,1427711,-0,1665515,-0,5053478,-0,4898797,0,02008757,0,01046658,0,2571003,-0,03269418,-0,5189429,-0,5365463,0,01592331,-0,03851058,0,2710075,-0,04771335,-0,4923211,-0,5484824,0,07829447,0,3034548,0,1397133,-0,1940139,-0,5844591,-0,515047,0,01168424,-0,07261041,0,3298343,0,3576288,-0,4197917,-0,5193611,0,1056144,0,1545564,0,1813412,0,2352071,-0,430326,-0,5667899,0,1010092,0,1933888,0,1728535,0,2150346,-0,5679714,-0,4691594,0,009240342,-0,03357829,0,3122107,0,2343728,-0,5291754,-0,5351717,-0,02451689,-0,3419311,0,2687813,-0,09356917,-0,3603099,-0,5340973,0,1291551,0,04163237,0,2167822,0,5954801,0,0,0,0,0,0,0,0,0,0,0,0,0,0,0,0,0,0,0,0,0,0,0,0,0,0,0,0,0,0
85,-0,4705701,-0,4993149,0,0787207,0,3757434,0,1274661,-0,04468041,-0,5098582,-0,4848024,0,02700684,-0,2255202,0,2538652,0,3459638,-0,5253556,-0,5309623,0,02462649,-0,3206344,0,2791972,0,4351594,-0,4848703,-0,5459532,0,07827199,0,3725441,0,1264573,-0,001124293,-0,5873756,-0,5072597,0,005629889,-0,1458258,0,3893615,-0,3027177,-0,4131313,-0,5162084,0,1069118,0,3330202,0,1576365,0,06487111,-0,4267124,-0,562866,0,110324,0,1806826,0,1961947,0,4657382,-0,5686544,-0,4621912,0,00485261,-0,0341505,0,3484102,-0,2193867,-0,5266137,-0,5310304,-0,01716215,0,1280874,0,2070666,0,3677374,-0,3540286,-0,5306634,0,1316337,0,3140674,0,1716942,0,1239308,0,0,0,0,0,0,0,0,0,0,0,0,0,0,0,0,0,0,0,0,0,0,0,0,0,0,0,0,0,0
86,-0,4637609,-0,4986248,0,08045386,0,3404619,0,03450365,0,08665811,-0,5122156,-0,4821342,0,03790499,-0,1178682,0,1334072,0,5449075,-0,5291672,-0,5278614,0,03813237,-0,1905829,0,1550496,0,675294,-0,4791377,-0,5448363,0,08228961,0,2866299,0,05584361,0,2008815,-0,5830945,-0,5062429,0,0008614612,0,2140583,0,05084278,-0,2384215,-0,4066618,-0,5154286,0,1094706,0,3234745,0,03899039,0,1279392,-0,4214564,-0,5615372,0,1152432,0,2627985,0,06644133,0,2459598,-0,5639202,-0,4613236,0,001228807,0,236711,0,04338326,-0,1811902,-0,5227188,-0,5298772,-0,02325251,0,1947434,0,0576556,-0,3045183,-0,3504196,-0,5287735,0,1406546,0,1804487,0,09449426,0,4510457,0,0,0,0,0,0,0,0,0,0,0,0,0,0,0,0,0,0,0,0,0,0,0,0,0,0,0,0,0,0
87,-0,4562351,-0,5010844,0,08044936,0,3762858,-0,1229823,-0,0002250076,-0,5117813,-0,4817635,0,04932117,0,02171398,0,01853705,0,5708091,-0,5303647,-0,5266973,0,05252199,-0,05987289,0,05820098,0,7194812,-0,4732357,-0,5465369,0,08548103,0,2950997,-0,08502904,0,159571,-0,573363,-0,510646,0,0009176697,0,4865738,-0,2201588,0,002810424,-0,4012978,-0,5169086,0,1137791,0,2682002,-0,07400218,0,2154262,-0,414607,-0,5637463,0,1164876,0,3424706,-0,1104534,0,06221908,-0,5543672,-0,4656672,0,0005448106,0,477648,-0,217183,-0,03419985,-0,5240507,-0,5301594,-0,04338224,-0,0665963,-0,01410544,-1,006487,-0,3475773,-0,52924,0,1494062,0,1421154,-0,02332629,0,437581,0,0,0,0,0,0,0,0,0,0,0,0,0,0,0,0,0,0,0,0,0,0,0,0,0,0,0,0,0,0
88,-0,4494486,-0,5055473,0,08364586,0,3393294,-0,223145,0,1598251,-0,50669,-0,4857579,0,05604859,0,2545626,-0,1997203,0,3363715,-0,5250161,-0,5308226,0,05968097,0,2674283,-0,2062649,0,3579493,-0,4655498,-0,5513831,0,08766789,0,3842951,-0,2423109,0,1093429,-0,5569775,-0,5207537,-0,0006942257,0,8192781,-0,505385,-0,0805948,-0,3952997,-0,5205103,0,1187099,0,2999054,-0,1800806,0,2465383,-0,4072692,-0,5677542,0,119833,0,3668906,-0,2003969,0,1672704,-0,5390503,-0,4754377,-0,001412684,0,7658455,-0,4885243,-0,09787475,-0,5191019,-0,535004,-0,05661975,0,2474398,-0,2422304,-0,6618758,-0,342916,-0,5319574,0,1564969,0,2330647,-0,1358688,0,354536,0,0,0,0,0,0,0,0,0,0,0,0,0,0,0,0,0,0,0,0,0,0,0,0,0,0,0,0,0,0
89,-0,4424314,-0,5123732,0,08741736,0,3508584,-0,3412934,0,188575,-0,4968422,-0,4945611,0,05343595,0,4923912,-0,4401596,-0,1306322,-0,514744,-0,5397907,0,05665091,0,5136045,-0,4484029,-0,1515031,-0,457437,-0,558682,0,08987851,0,4056366,-0,3649445,0,1105309,-0,5400711,-0,532369,-0,007158305,0,8453164,-0,5807641,-0,3232041,-0,3901093,-0,5261863,0,1255117,0,2595187,-0,2838017,0,3400897,-0,403299,-0,5729414,0,1293788,0,1985119,-0,2593608,0,4772885,-0,5233178,-0,4865655,-0,007311952,0,7866296,-0,5563917,-0,2949635,-0,5135975,-0,5406533,-0,07039124,0,2752216,-0,2824695,-0,6885747,-0,3373597,-0,5370832,0,1630965,0,2778159,-0,2562911,0,3299759,0,0,0,0,0,0,0,0,0,0,0,0,0,0,0,0,0,0,0,0,0,0,0,0,0,0,0,0,0,0
90,-0,4352332,-0,5191146,0,09062786,0,3599109,-0,3370703,0,1605254,-0,4837516,-0,5044244,0,0475225,0,6545293,-0,4931661,-0,2956725,-0,5008135,-0,5500512,0,04980824,0,6965253,-0,5130263,-0,3421336,-0,4490716,-0,5658438,0,09244125,0,4182728,-0,358087,0,128137,-0,5219169,-0,5435464,-0,01561612,0,9077106,-0,5588683,-0,4228911,-0,3841834,-0,53167,0,1308235,0,2962963,-0,2741845,0,2655917,-0,3984065,-0,577883,0,1370031,0,244625,-0,2470792,0,3812166,-0,5053687,-0,4976729,-0,01526275,0,8974526,-0,5553665,-0,3975401,-0,5023761,-0,5484689,-0,08164684,0,5610707,-0,3907771,-0,5627806,-0,3294502,-0,5429792,0,165191,0,395471,-0,2948017,0,1047276,0,0,0,0,0,0,0,0,0,0,0,0,0,0,0,0,0,0,0,0,0,0,0,0,0,0,0,0,0,0
91,-0,4121864,-0,530459,0,09169637,1,152337,-0,5672219,0,05342553,-0,4425101,-0,5241119,0,03273616,2,062077,-0,9843741,-0,7393177,-0,4562313,-0,5709073,0,03377831,2,229113,-1,042804,-0,8014965,-0,4274526,-0,576542,0,09611269,1,08095,-0,5349102,0,1835723,-0,4626114,-0,5685887,-0,03499269,2,965277,-1,252118,-0,9688288,-0,3672045,-0,539748,0,1394141,0,8489419,-0,4038991,0,4295314,-0,3792108,-0,5868283,0,1436086,0,9597842,-0,4472645,0,3302762,-0,4537036,-0,5206825,-0,03300435,2,583259,-1,150483,-0,8870801,-0,4754887,-0,5616929,-0,1025231,1,344371,-0,6612005,-1,043815,-0,3091354,-0,5512677,0,1678727,1,015744,-0,4144223,0,1340867,0,0,0,0,0,0,0,0,0,0,0,0,0,0,0,0,0,0,0,0,0,0,0,0,0,0,0,0,0,0
92,-0,3672324,-0,5464776,0,08122162,2,247704,-0,8009288,-0,523738,-0,3819785,-0,5441391,0,01638455,3,026581,-1,001364,-0,8175808,-0,3868453,-0,5926182,0,0147624,3,469302,-1,085547,-0,9507959,-0,3739457,-0,5947832,0,08239895,2,675344,-0,9120617,-0,6856872,-0,4068096,-0,5866047,-0,05109334,2,790093,-0,9007964,-0,805033,-0,3445247,-0,5472342,0,1434314,1,133995,-0,3743143,0,2008625,-0,3556596,-0,5944623,0,1484375,1,177559,-0,3817023,0,2414466,-0,3988073,-0,5386042,-0,04797544,2,744814,-0,8960847,-0,7485547,-0,4420776,-0,5752828,-0,1094034,1,670552,-0,6794932,-0,3440121,-0,2845181,-0,557987,0,1677262,1,230865,-0,3359647,-0,007327649,0,0,0,0,0,0,0,0,0,0,0,0,0,0,0,0,0,0,0,0,0,0,0,0,0,0,0,0,0,0
93,-0,3372064,-0,552675,0,07480361,1,501302,-0,3098698,-0,3209004,-0,3529539,-0,5500091,0,01016361,1,451229,-0,2934994,-0,3110471,-0,3595622,-0,5983019,0,008884522,1,364153,-0,2841831,-0,2938941,-0,3432727,-0,6010219,0,0757335,1,533651,-0,311938,-0,3332728,-0,3832791,-0,5916275,-0,05559354,1,176525,-0,2511413,-0,22501,-0,3313139,-0,5511733,0,1407745,0,6605374,-0,1969517,-0,1328424,-0,3408276,-0,5988764,0,1441612,0,7416028,-0,2207012,-0,2138161,-0,3752684,-0,5436262,-0,05243407,1,176943,-0,2510996,-0,2229317,-0,4254964,-0,5795104,-0,1088743,0,8290637,-0,211382,0,0264533,-0,2729018,-0,5599961,0,1694954,0,5808132,-0,1004577,0,08846153,0,0,0,0,0,0,0,0,0,0,0,0,0,0,0,0,0,0,0,0,0,0,0,0,0,0,0,0,0,0
94,-0,2920657,-0,555777,0,05361486,2,257035,-0,1551003,-1,059438,-0,3047158,-0,5531299,-0,01173046,2,411906,-0,1560361,-1,094704,-0,3066791,-0,6017767,-0,01417279,2,644158,-0,1737387,-1,152866,-0,2968108,-0,6043559,0,05388117,2,323097,-0,1666964,-1,092617,-0,3449323,-0,5956268,-0,07125821,1,917341,-0,1999677,-0,7832336,-0,3142671,-0,5523915,0,1158871,0,8523423,-0,06091001,-1,244372,-0,3217092,-0,6005078,0,1175506,0,9559218,-0,08157197,-1,330529,-0,337034,-0,5474365,-0,07004011,1,911724,-0,1905144,-0,8803023,-0,4090763,-0,5831183,-0,09338393,0,8210021,-0,1803935,0,7745194,-0,2603283,-0,558807,0,1530113,0,6286758,0,05945566,-0,8242059,0,0,0,0,0,0,0,0,0,0,0,0,0,0,0,0,0,0,0,0,0,0,0,0,0,0,0,0,0,0
95,-0,2776025,-0,5570186,0,03785561,0,7231611,-0,06207826,-0,7879631,-0,2969,-0,5527668,-0,02572786,0,390792,0,0181526,-0,6998702,-0,2987979,-0,6013451,-0,02930201,0,3940614,0,02157987,-0,7564612,-0,2803463,-0,6056444,0,03693072,0,8232284,-0,06442668,-0,8475229,-0,3286058,-0,5938644,-0,09113704,0,8163261,0,08811954,-0,9939417,-0,3053071,-0,5555021,0,09796221,0,4479991,-0,1555294,-0,8962456,-0,3114639,-0,6039116,0,09794931,0,5122619,-0,1701892,-0,9800669,-0,3237649,-0,545534,-0,08641888,0,6634521,0,09512309,-0,8189391,-0,395586,-0,587032,-0,07568478,0,6745162,-0,1956851,0,884958,-0,2540225,-0,561315,0,1385874,0,3152893,-0,1253993,-0,7211941,0,0,0,0,0,0,0,0,0,0,0,0,0,0,0,0,0,0,0,0,0,0,0,0,0,0,0,0,0,0
96,-0,2598497,-0,5532217,0,01832785,0,8876387,0,1898438,-0,9763883,-0,2911159,-0,5482017,-0,04033042,0,2892048,0,2282531,-0,7301283,-0,3009877,-0,5960483,-0,03971893,-0,1094923,0,2648385,-0,5208464,-0,2593708,-0,6019612,0,01500796,1,048775,0,1841605,-1,096139,-0,3323049,-0,5884387,-0,1007808,-0,1849578,0,2712877,-0,4821861,-0,2963118,-0,5564757,0,07352013,0,4497634,-0,04868211,-1,222104,-0,3000574,-0,604954,0,06999534,0,5703288,-0,0521213,-1,397699,-0,3256061,-0,5402572,-0,09696356,-0,09205941,0,26384,-0,5272342,-0,3781623,-0,5843595,-0,04923879,0,8711848,0,1336247,1,3223,-0,2477843,-0,5626383,0,117353,0,3119142,-0,06616417,-1,061722,0,0,0,0,0,0,0,0,0,0,0,0,0,0,0,0,0,0,0,0,0,0,0,0,0,0,0,0,0,0
97,-0,2518836,-0,5520204,-0,0002758754,0,3983067,0,0600666,-0,9301865,-0,2924427,-0,5459692,-0,05260642,-0,06634149,0,1116276,-0,6137999,-0,2930757,-0,5942797,-0,05907713,0,3956021,0,08842949,-0,9679102,-0,2505579,-0,600576,-0,005222759,0,4406439,0,06926063,-1,011536,-0,3483523,-0,5857889,-0,09979436,-0,8023667,0,1324893,0,04931988,-0,2876657,-0,5576687,0,05508581,0,4323082,-0,05965235,-0,9217165,-0,2895935,-0,6062233,0,0507763,0,5231934,-0,06346705,-0,9609528,-0,339753,-0,5375006,-0,09893747,-0,7073435,0,1378298,-0,09869527,-0,3490668,-0,5846679,-0,03052712,1,454779,-0,01541973,0,9355837,-0,2399901,-0,5628709,0,09993004,0,3897095,-0,01162887,-0,8711479,0,0,0,0,0,0,0,0,0,0,0,0,0,0,0,0,0,0,0,0,0,0,0,0,0,0,0,0,0,0
98,-0,244551,-0,5486715,-0,01705889,0,3666261,0,1674444,-0,8391512,-0,2871562,-0,5412022,-0,06781328,0,2643273,0,2383471,-0,7603434,-0,290448,-0,5897024,-0,07294193,0,1313866,0,228864,-0,6932405,-0,2430588,-0,5969086,-0,02357128,0,3749529,0,1833678,-0,9174262,-0,3577843,-0,5819678,-0,08586574,-0,4716011,0,1910568,0,696431,-0,27915,-0,5562503,0,03887917,0,4257815,0,0709236,-0,8103324,-0,279643,-0,6046908,0,03381627,0,4975246,0,07662776,-0,8480014,-0,3505839,-0,5336354,-0,08799057,-0,5415442,0,1932592,0,5473448,-0,3312488,-0,5810099,-0,02187937,0,8909006,0,1828999,0,4323878,-0,244127,-0,5616313,0,09436458,-0,2068461,0,06197694,-0,2782733,0,0,0,0,0,0,0,0,0,0,0,0,0,0,0,0,0,0,0,0,0,0,0,0,0,0,0,0,0,0
99,-0,2415132,-0,5456065,-0,02756157,0,1518921,0,1532496,-0,5251343,-0,2850874,-0,5370567,-0,07715738,0,1034409,0,2072782,-0,4672052,-0,2895321,-0,5853326,-0,08268379,0,04579427,0,2184899,-0,4870931,-0,2403944,-0,5938398,-0,0351634,0,1332231,0,1534403,-0,5796062,-0,3575962,-0,5782008,-0,07329249,0,009401146,0,1883478,0,6286631,-0,2763345,-0,5541812,0,02799424,0,1407773,0,1034528,-0,5442465,-0,2765837,-0,6027222,0,02230293,0,1529664,0,09843115,-0,5756676,-0,3514697,-0,5297328,-0,07495748,-0,04429372,0,1951338,0,6516553,-0,3531836,-0,5743611,-0,004378498,-1,096741,0,3324391,0,875044,-0,235095,-0,5604076,0,07892575,0,4515985,0,06118419,-0,7719415,0,0,0,0,0,0,0,0,0,0,0,0,0,0,0,0,0,0,0,0,0,0,0,0,0,0,0,0,0,0
100,-0,2534035,-0,5427515,-0,04435771,-0,5945126,0,1427502,-0,8398073,-0,2982047,-0,5325404,-0,09268816,-0,6558689,0,2258123,-0,7765393,-0,3062336,-0,5806712,-0,09612886,-0,8350763,0,2330721,-0,6722538,-0,2535841,-0,5908159,-0,05279969,-0,6594839,0,1511962,-0,8818153,-0,3600509,-0,5724086,-0,05340257,-0,1227335,0,2896101,0,9944962,-0,2779362,-0,5523732,0,01636515,-0,08008632,0,0904024,-0,5814548,-0,2811313,-0,6004781,0,009143359,-0,2273829,0,1122058,-0,6579787,-0,3561915,-0,5242594,-0,06026478,-0,2360911,0,2736659,0,7346348,-0,4053714,-0,5597977,-0,002815472,-2,609394,0,7281694,0,0781513,-0,2204805,-0,5600452,0,0472365,0,7307242,0,01811982,-1,584463,0,0,0,0,0,0,0,0,0,0,0,0,0,0,0,0,0,0,0,0,0,0,0,0,0,0,0,0,0,0
101,-0,2589496,-0,5426924,-0,05170392,-0,2773063,0,002953411,-0,3673104,-0,3044434,-0,5321212,-0,09929594,-0,3119306,0,02095998,-0,3303894,-0,3125664,-0,5801806,-0,1030083,-0,3166423,0,02452732,-0,3439737,-0,2596491,-0,5907683,-0,06014831,-0,3032537,0,002378226,-0,3674307,-0,3693577,-0,5713841,-0,06457318,-0,4653381,0,05122425,-0,5585306,-0,2812659,-0,5522384,0,009884982,-0,1664863,0,006738308,-0,3240085,-0,2854433,-0,6002536,0,002576339,-0,2156005,0,01122058,-0,3283511,-0,3637375,-0,5232089,-0,06963269,-0,3772961,0,05252662,-0,4683953,-0,4139267,-0,5591494,-0,01332376,-0,4277633,0,032416,-0,5254144,-0,2227565,-0,5609311,0,03850879,-0,113798,-0,04429223,-0,4363857,0,0,0,0,0,0,0,0,0,0,0,0,0,0,0,0,0,0,0,0,0,0,0,0,0,0,0,0,0,0
102,-0,264376,-0,5418965,-0,05860442,-0,271319,0,03979506,-0,3450252,-0,3064566,-0,5306384,-0,1090251,-0,1006633,0,07414225,-0,4864594,-0,3139051,-0,5786446,-0,1143883,-0,06693158,0,07680061,-0,5689992,-0,2649773,-0,5899172,-0,06718607,-0,266409,0,04255773,-0,3518884,-0,3748188,-0,5705823,-0,08268648,-0,273055,0,04009308,-0,9056658,-0,2851263,-0,5517357,0,003488042,-0,1930163,0,02513529,-0,3198471,-0,2895406,-0,599742,-0,004007545,-0,2048642,0,02558232,-0,3291943,-0,36886,-0,5223171,-0,08643042,-0,2561257,0,04459025,-0,8398871,-0,4290787,-0,5590286,-0,04152267,-0,7575992,0,006037953,-1,409946,-0,2271209,-0,560903,0,03285857,-0,2182179,0,00140369,-0,282511,0,0,0,0,0,0,0,0,0,0,0,0,0,0,0,0,0,0,0,0,0,0,0,0,0,0,0,0,0,0
103,-0,2703721,-0,5405162,-0,06553841,-0,299807,0,06901625,-0,3466999,-0,3081647,-0,5277568,-0,118869,-0,08540157,0,1440794,-0,4921952,-0,314761,-0,5755361,-0,1265552,-0,04279466,0,1554281,-0,6083472,-0,2716435,-0,5884311,-0,07441731,-0,3333093,0,07430318,-0,3615619,-0,3806626,-0,5674035,-0,1072228,-0,2921925,0,1589388,-1,226817,-0,2873599,-0,5507199,-0,002378281,-0,1116798,0,05078914,-0,2933162,-0,291772,-0,5987265,-0,009758271,-0,1115695,0,05077722,-0,2875364,-0,3736417,-0,5191131,-0,1085269,-0,2390862,0,1602024,-1,104824,-0,4459739,-0,5557314,-0,08778789,-0,8447606,0,1648605,-2,313262,-0,2288705,-0,5597541,0,02613411,-0,08748252,0,05744698,-0,3362234,0,0,0,0,0,0,0,0,0,0,0,0,0,0,0,0,0,0,0,0,0,0,0,0,0,0,0,0,0,0
104,-0,2840923,-0,5412846,-0,07263795,-0,6860125,-0,03842117,-0,3549767,-0,3175724,-0,527596,-0,1285019,-0,4703881,0,008040669,-0,4816426,-0,3234635,-0,5751469,-0,1376762,-0,435129,0,01945794,-0,556049,-0,2869108,-0,5892411,-0,08104935,-0,7633644,-0,04050137,-0,331602,-0,3865291,-0,5607386,-0,1619097,-0,293325,0,3332437,-2,734344,-0,2943369,-0,5510097,-0,00798583,-0,3488497,-0,01448989,-0,2803776,-0,2993489,-0,5990669,-0,01441268,-0,3788443,-0,01702011,-0,2327205,-0,379959,-0,5144047,-0,1481982,-0,315863,0,2354176,-1,983567,-0,4525295,-0,5456309,-0,1754537,-0,3277795,0,5050274,-4,383293,-0,2327757,-0,5594045,0,01325342,-0,1952597,0,01747907,-0,6440346,0,0,0,0,0,0,0,0,0,0,0,0,0,0,0,0,0,0,0,0,0,0,0,0,0,0,0,0,0,0
105,-0,2927402,-0,5423648,-0,07063684,-0,4323916,-0,05401077,0,1000554,-0,325573,-0,5290381,-0,1269664,-0,4000308,-0,07210675,0,07677528,-0,3307316,-0,5766359,-0,1362498,-0,3634022,-0,07444921,0,07132146,-0,2959861,-0,5903794,-0,07841051,-0,4537644,-0,05691054,0,1319416,-0,3876564,-0,5616349,-0,1722696,-0,05636515,-0,04481377,-0,5179958,-0,2971154,-0,551593,-0,005249695,-0,1389266,-0,02916456,0,1368068,-0,3016291,-0,5998145,-0,01080046,-0,1140118,-0,03738405,0,1806112,-0,3787402,-0,5142671,-0,1646167,0,06093832,0,006881359,-0,8209217,-0,4469802,-0,5441197,-0,2028272,0,2774627,0,07555786,-1,368674,-0,2331419,-0,5583009,0,008027268,-0,01830906,0,05517902,-0,2613077,0,0,0,0,0,0,0,0,0,0,0,0,0,0,0,0,0,0,0,0,0,0,0,0,0,0,0,0,0,0
106,-0,3011218,-0,5424677,-0,06749754,-0,4190834,-0,005140902,0,1569648,-0,332253,-0,5289642,-0,1247386,-0,3339992,0,00369847,0,1113881,-0,3364029,-0,5764974,-0,1347388,-0,2835647,0,006926063,0,07554817,-0,3056835,-0,5904764,-0,07471792,-0,4848735,-0,00485182,0,1846296,-0,384712,-0,5606576,-0,1814214,0,1472206,0,04886689,-0,4575895,-0,2981629,-0,5515391,-0,002014821,-0,05237611,0,002694131,0,1617438,-0,3024818,-0,5998482,-0,006939713,-0,04263373,-0,001680852,0,1930372,-0,3813333,-0,5139603,-0,167506,-0,1296536,0,01533926,-0,1444691,-0,4367394,-0,5425957,-0,2231527,0,5120398,0,07619861,-1,016277,-0,2327578,-0,5567793,0,0002028422,0,01920239,0,07608238,-0,3912214,0,0,0,0,0,0,0,0,0,0,0,0,0,0,0,0,0,0,0,0,0,0,0,0,0,0,0,0,0,0
107,-0,3057903,-0,5412753,-0,06352993,-0,2334238,0,05961659,0,1983807,-0,3350012,-0,5278462,-0,1219142,-0,1374096,0,05589726,0,1412187,-0,3361803,-0,575269,-0,133134,0,01112819,0,06141665,0,08024129,-0,3090166,-0,5892411,-0,07139029,-0,1666532,0,06176534,0,1663816,-0,3800919,-0,5601888,-0,1841973,0,2310068,0,02343656,-0,1387969,-0,2985626,-0,5512677,0,001488655,-0,01998246,0,01357198,0,1751738,-0,3022212,-0,5995921,-0,004000517,0,01302958,0,0128001,0,1469599,-0,3738565,-0,5127854,-0,174128,0,373839,0,05874636,-0,3310995,-0,4297536,-0,5426471,-0,2287815,0,3492908,-0,002565981,-0,2814421,-0,2336587,-0,5543259,-0,008145243,-0,04504176,0,1226694,-0,4174044,0,0,0,0,0,0,0,0,0,0,0,0,0,0,0,0,0,0,0,0,0,0,0,0,0,0,0,0,0,0
108,-0,307961,-0,5401,-0,05805761,-0,1085327,0,05876424,0,273616,-0,3356847,-0,5264367,-0,1170027,-0,03417732,0,07047656,0,2455791,-0,3349971,-0,5736684,-0,1292584,0,05915763,0,08003119,0,1937815,-0,3117331,-0,5880955,-0,06599329,-0,1358271,0,05727711,0,2698501,-0,3766465,-0,5584247,-0,1823894,0,1722679,0,08820895,0,09039421,-0,2992249,-0,5504152,0,006686511,-0,03311785,0,0426233,0,2598929,-0,3015104,-0,5988252,0,0008576908,0,03554077,0,03834666,0,2429105,-0,3799365,-0,5130174,-0,1650296,-0,3040032,-0,01160205,0,4549207,-0,4296817,-0,5441499,-0,2245232,0,003592671,-0,07514361,0,2129161,-0,2368223,-0,5503452,-0,01391138,-0,1581826,0,1990319,-0,2883069,0,0,0,0,0,0,0,0,0,0,0,0,0,0,0,0,0,0,0,0,0,0,0,0,0,0,0,0,0,0
109,-0,3024613,-0,5382668,-0,05033896,0,2749817,0,09166304,0,385933,-0,3416758,-0,5270733,-0,1028805,-0,2995552,-0,03182889,0,7061097,-0,34521,-0,574903,-0,1116686,-0,5106421,-0,0617266,0,879487,-0,3035536,-0,5864614,-0,05809358,0,4089744,0,08170906,0,3949858,-0,3977571,-0,5614547,-0,1543616,-1,05553,-0,1515031,1,401391,-0,3069489,-0,5477126,0,01499386,-0,3861995,0,1351297,0,4153675,-0,3081479,-0,5961743,0,009530544,-0,3318758,0,1325459,0,4336429,-0,390484,-0,513897,-0,1466379,-0,5273731,-0,04397931,0,9195868,-0,4386617,-0,5450371,-0,2074776,-0,448999,-0,0443578,0,8522834,-0,2463887,-0,5456319,-0,0102749,-0,4783207,0,2356649,0,181824,0,0,0,0,0,0,0,0,0,0,0,0,0,0,0,0,0,0,0,0,0,0,0,0,0,0,0,0,0,0
110,-0,3016113,-0,5356746,-0,03562785,0,04250111,0,1296074,0,7355559,-0,3499424,-0,526004,-0,08034586,-0,4133271,0,05346539,1,126731,-0,3593737,-0,5737236,-0,08197845,-0,7081839,0,05896988,1,484511,-0,3043242,-0,5841197,-0,04163842,-0,03852995,0,1170814,0,8227586,-0,4006914,-0,5616302,-0,1361335,-0,1467124,-0,008776788,0,911406,-0,3357294,-0,5397415,0,02084969,-1,439028,0,3985555,0,2927918,-0,3392455,-0,5883202,0,01709998,-1,55488,0,3927054,0,3784719,-0,389555,-0,5142441,-0,1326209,0,04644992,-0,0173539,0,7008511,-0,4437748,-0,5459799,-0,1877791,-0,2556563,-0,04714133,0,984921,-0,2705384,-0,543545,0,0130023,-1,207482,0,1043469,1,16386,0,0,0,0,0,0,0,0,0,0,0,0,0,0,0,0,0,0,0,0,0,0,0,0,0,0,0,0,0,0
111,-0,3061763,-0,5354079,-0,01722371,-0,2282501,0,01333654,0,920207,-0,34987,-0,5268111,-0,066754,0,003619493,-0,04035832,0,6795934,-0,3587258,-0,5747165,-0,06834816,0,03239365,-0,04964771,0,6815146,-0,3089309,-0,5839357,-0,02156663,-0,2303333,0,009199981,1,00359,-0,3996137,-0,5632764,-0,1228016,0,05388113,-0,0823051,0,6665933,-0,3490897,-0,5365975,0,03321838,-0,6680148,0,1571984,0,618435,-0,3564343,-0,5844641,0,02778502,-0,8594412,0,1928032,0,5342521,-0,3947066,-0,5152438,-0,1149557,-0,2575816,-0,04998745,0,8832566,-0,4427297,-0,5487103,-0,1746986,0,05225839,-0,1365215,0,6540271,-0,2977648,-0,5481061,0,0725916,-1,361324,-0,2280534,2,979466,0,0,0,0,0,0,0,0,0,0,0,0,0,0,0,0,0,0,0,0,0,0,0,0,0,0,0,0,0,0
112,-0,3215145,-0,5394282,0,001845963,-0,7669094,-0,2010138,0,9534841,-0,3506572,-0,5312565,-0,05748027,-0,03936143,-0,2222688,0,4636867,-0,359935,-0,5791154,-0,0603461,-0,06046297,-0,2199442,0,4001034,-0,3264483,-0,5878937,-0,0008208585,-0,8758712,-0,1978994,1,037289,-0,4063877,-0,5651411,-0,1095151,-0,338699,-0,09323958,0,6643264,-0,331773,-0,5411962,0,06720292,0,8658383,-0,2299339,1,699227,-0,3314329,-0,5899189,0,06763673,1,250071,-0,2727391,1,992586,-0,3896281,-0,5192575,-0,110544,0,2539278,-0,2006859,0,220585,-0,4453853,-0,5503415,-0,1645602,-0,1327828,-0,08155707,0,5069213,-0,3295902,-0,5399741,0,1329442,-1,59127,0,4065992,3,017632,0,0,0,0,0,0,0,0,0,0,0,0,0,0,0,0,0,0,0,0,0,0,0,0,0,0,0,0,0,0
113,-0,3459208,-0,540466,0,02901931,-1,220315,-0,05188885,1,358668,-0,3572153,-0,5359046,-0,03634338,-0,3279032,-0,2324046,1,056845,-0,3665675,-0,5837539,-0,03893813,-0,331624,-0,2319277,1,070399,-0,3583612,-0,5875861,0,02938428,-1,595644,0,01538099,1,510257,-0,3991927,-0,5722914,-0,09874594,0,3597499,-0,3575148,0,5384592,-0,3316229,-0,5426955,0,0937205,0,007502737,-0,07496181,1,325879,-0,3408794,-0,5905816,0,09552503,-0,4723223,-0,03313424,1,394416,-0,3913996,-0,5245665,-0,0925331,-0,08857403,-0,2654464,0,9005479,-0,4394393,-0,5568683,-0,152776,0,2973006,-0,3263385,0,58921,-0,3297265,-0,5399995,0,1594072,-0,006812814,-0,00127256,1,32315,0,0,0,0,0,0,0,0,0,0,0,0,0,0,0,0,0,0,0,0,0,0,0,0,0,0,0,0,0,0
114,-0,3693561,-0,5417511,0,075478,-1,171767,-0,06425681,2,322935,-0,3842975,-0,5381,0,01061675,-1,354114,-0,1097709,2,348007,-0,4007383,-0,5839312,0,01100404,-1,708541,-0,008863214,2,49711,-0,3781628,-0,589607,0,07621045,-0,9900798,-0,1010448,2,341309,-0,4028854,-0,581574,-0,0581889,-0,1846344,-0,4641296,2,027853,-0,3539863,-0,5422009,0,1398375,-1,118169,0,024727,2,305853,-0,3619931,-0,5901451,0,1430228,-1,055688,0,02182425,2,374888,-0,389331,-0,5348371,-0,0559122,0,103426,-0,51353,1,831045,-0,3994406,-0,5774527,-0,1271512,1,999938,-1,029224,1,28124,-0,3344138,-0,5403191,0,2025058,-0,2343641,-0,01597703,2,154929,0,0,0,0,0,0,0,0,0,0,0,0,0,0,0,0,0,0,0,0,0,0,0,0,0,0,0,0,0,0
115,-0,3756444,-0,5412335,0,09023307,-0,3144146,0,02587737,0,7377535,-0,3841862,-0,5396003,0,02417218,0,005568566,-0,07501248,0,6777719,-0,3943287,-0,5873878,0,0236229,0,3204809,-0,1728297,0,6309432,-0,3809415,-0,5897391,0,09106982,-0,1389355,-0,006604197,0,7429689,-0,3965312,-0,5843977,-0,04527837,0,3177093,-0,1411856,0,6455269,-0,3536173,-0,5417814,0,1526559,0,01845063,0,02097786,0,6409178,-0,3532526,-0,5904618,0,1537977,0,4370274,-0,01583398,0,5387465,-0,3831579,-0,5376146,-0,04257812,0,3086553,-0,1388759,0,6667047,-0,3760455,-0,5849145,-0,1112126,1,169757,-0,3730895,0,7969308,-0,3428973,-0,5391504,0,2173274,-0,4241751,0,05843642,0,7410797,0,0,0,0,0,0,0,0,0,0,0,0,0,0,0,0,0,0,0,0,0,0,0,0,0,0,0,0,0,0
116,-0,3810929,-0,5393769,0,1052873,-0,2724276,0,09283129,0,7527116,-0,378877,-0,5413175,0,03885747,0,2654598,-0,08586053,0,7342651,-0,3896241,-0,5888776,0,0389603,0,2352298,-0,07449093,0,7668707,-0,3920984,-0,5868279,0,1077723,-0,5578476,0,1455606,0,8351266,-0,3940706,-0,5861754,-0,02988628,0,123033,-0,08888248,0,7696045,-0,356097,-0,5410098,0,1665194,-0,1239867,0,03857614,0,693174,-0,3621506,-0,5892444,0,1694259,-0,4449012,0,06086829,0,7814097,-0,3799393,-0,5395185,-0,02788757,0,1609311,-0,09519462,0,7345274,-0,3647261,-0,5908315,-0,09220129,0,5659687,-0,2958508,0,9505648,-0,3532347,-0,5363199,0,2318811,-0,5168708,0,1415253,0,7276888,0,0,0,0,0,0,0,0,0,0,0,0,0,0,0,0,0,0,0,0,0,0,0,0,0,0,0,0,0,0
117,-0,379091,-0,5423893,0,1189656,0,1000986,-0,150621,0,6839148,-0,3811608,-0,5433155,0,05237043,-0,1141921,-0,0999004,0,6756478,-0,3944287,-0,5902121,0,05257089,-0,2402306,-0,06672445,0,6805294,-0,3873582,-0,5903961,0,1211418,0,237009,-0,1784117,0,6684708,-0,3906548,-0,5895702,-0,01644588,0,1707897,-0,1697422,0,6720207,-0,371189,-0,5396579,0,1846006,-0,7545981,0,06759766,0,9040605,-0,3770261,-0,5879176,0,1888243,-0,7437783,0,06634,0,9699214,-0,3733481,-0,5440223,-0,01396288,0,3295587,-0,2251924,0,6962348,-0,349659,-0,6004834,-0,07090855,0,7533568,-0,4825922,1,064638,-0,3599905,-0,5346295,0,2490965,-0,3377901,0,08451942,0,8607696,0,0,0,0,0,0,0,0,0,0,0,0,0,0,0,0,0,0,0,0,0,0,0,0,0,0,0,0,0,0
118,-0,3839797,-0,5389268,0,1507057,-0,2444372,0,1731247,1,587006,-0,3730473,-0,5464219,0,0852,0,4056768,-0,1553208,1,64148,-0,3791382,-0,5947443,0,08912324,0,7645252,-0,226608,1,827618,-0,3925566,-0,5867054,0,1558839,-0,2599181,0,1845331,1,737109,-0,3446436,-0,6024408,0,02994767,2,30056,-0,6435307,2,319678,-0,3772596,-0,5325413,0,2164538,-0,3035323,0,3558309,1,592664,-0,388972,-0,5792525,0,2237355,-0,5972939,0,4332574,1,74556,-0,3365499,-0,5544136,0,02970762,1,839913,-0,5195649,2,183526,-0,2984654,-0,608866,-0,02100437,2,559681,-0,4191311,2,49521,-0,3707244,-0,5232529,0,2811403,-0,5366983,0,5688282,1,602189,0,0,0,0,0,0,0,0,0,0,0,0,0,0,0,0,0,0,0,0,0,0,0,0,0,0,0,0,0,0
119,-0,3811285,-0,5347819,0,1654424,0,1425624,0,2072454,0,7368366,-0,3864116,-0,5400404,0,09943028,-0,6682175,0,3190757,0,7115139,-0,3930999,-0,5883343,0,1028931,-0,6980854,0,3205003,0,6884924,-0,3878401,-0,5827475,0,1713177,0,2358259,0,1978964,0,7716905,-0,3413695,-0,5966512,0,05771556,0,1637042,0,289482,1,388395,-0,3838418,-0,5252953,0,2307737,-0,3291101,0,362298,0,7159914,-0,3928799,-0,5725188,0,2388858,-0,195393,0,3366859,0,7575157,-0,3420289,-0,548458,0,05025267,-0,2739475,0,297779,1,027253,-0,2910302,-0,6014417,0,01052845,0,3717603,0,3712149,1,576641,-0,3870651,-0,5127896,0,2951539,-0,8170354,0,523165,0,7006797,0,0,0,0,0,0,0,0,0,0,0,0,0,0,0,0,0,0,0,0,0,0,0,0,0,0,0,0,0,0
120,-0,3893098,-0,5320409,0,163098,-0,4090683,0,137052,-0,1172185,-0,3977242,-0,5362067,0,09719209,-0,565626,0,1916856,-0,1119093,-0,4046275,-0,5843534,0,1002241,-0,5763772,0,1990438,-0,1334482,-0,3945332,-0,5802397,0,168215,-0,3346549,0,1253903,-0,1551353,-0,3485981,-0,5931701,0,06092545,-0,3614308,0,1740546,0,1604947,-0,3841816,-0,5246631,0,2287249,-0,01699031,0,03161133,-0,1024403,-0,3916033,-0,5722498,0,2361711,0,06383064,0,01344979,-0,1357347,-0,3441106,-0,5446559,0,05818854,-0,1040861,0,1901061,0,3967939,-0,2994964,-0,5989007,0,01272889,-0,4233109,0,1270473,0,1100224,-0,3926676,-0,5126079,0,2928417,-0,2801241,0,009083752,-0,1156107,0,0,0,0,0,0,0,0,0,0,0,0,0,0,0,0,0,0,0,0,0,0,0,0,0,0,0,0,0,0
121,-0,4012813,-0,5294596,0,1559068,-0,5985754,0,129065,-0,3595637,-0,4112563,-0,532185,0,0901853,-0,6766053,0,2010853,-0,3503399,-0,4183378,-0,5804241,0,09240928,-0,6855178,0,1964629,-0,3907421,-0,4043476,-0,5779687,0,1598158,-0,4907208,0,1135499,-0,4199611,-0,3574647,-0,5890686,0,0609421,-0,4433291,0,2050758,0,0008324165,-0,391899,-0,5238765,0,2212333,-0,3858672,0,03932716,-0,3745781,-0,4008707,-0,5713753,0,2279612,-0,4633712,0,04372599,-0,4104951,-0,3525464,-0,5405095,0,05974775,-0,421791,0,2073229,0,0779603,-0,2948845,-0,5937767,0,03156392,0,2305926,0,2562017,0,9417517,-0,3951347,-0,5133532,0,2859938,-0,1233534,-0,03726186,-0,3423931,0,0,0,0,0,0,0,0,0,0,0,0,0,0,0,0,0,0,0,0,0,0,0,0,0,0,0,0,0,0
122,-0,4258088,-0,5232783,0,1376035,-1,226372,0,3090651,-0,9151641,-0,4399123,-0,5219004,0,07258225,-1,432802,0,5142303,-0,8801527,-0,4476618,-0,5700572,0,0723759,-1,4662,0,518349,-1,00167,-0,4361378,-0,5708266,0,1402891,-1,589509,0,3571065,-0,9763379,-0,3800602,-0,5790767,0,06173732,-1,129775,0,4995944,0,03976078,-0,4155564,-0,5207748,0,2030355,-1,182873,0,1550884,-0,9098921,-0,4266925,-0,5679742,0,2080546,-1,291092,0,1700521,-0,9953294,-0,3743799,-0,5306265,0,06380526,-1,091677,0,4941495,0,2028757,-0,3118024,-0,5851305,0,05301539,-0,8458931,0,4323127,1,072574,-0,3930947,-0,5186877,0,2647094,0,1019985,-0,2667279,-1,064224,0,0,0,0,0,0,0,0,0,0,0,0,0,0,0,0,0,0,0,0,0,0,0,0,0,0,0,0,0,0
123,-0,4410281,-0,5182541,0,1320985,-0,7609683,0,2512098,-0,2752477,-0,4554102,-0,516283,0,06699744,-0,774895,0,2808661,-0,2792408,-0,4638398,-0,5643222,0,06663746,-0,8088979,0,2867491,-0,286922,-0,4527754,-0,565494,0,1345848,-0,8318845,0,2666296,-0,2852113,-0,3955414,-0,574546,0,06831864,-0,774059,0,2265335,0,3290664,-0,4183596,-0,5196394,0,1943449,-0,1401589,0,05676749,-0,4345262,-0,4332239,-0,5656639,0,2002666,-0,326568,0,1155138,-0,3894018,-0,3894544,-0,5261778,0,06756335,-0,7537234,0,2224357,0,1879048,-0,3268038,-0,581584,0,0653515,-0,7500711,0,1773209,0,6168059,-0,3874919,-0,5212652,0,2523979,0,2801434,-0,1288742,-0,6155747,0,0,0,0,0,0,0,0,0,0,0,0,0,0,0,0,0,0,0,0,0,0,0,0,0,0,0,0,0,0
124,-0,4400477,-0,5189229,0,1236028,0,04902335,-0,03343822,-0,424785,-0,4719226,-0,5112272,0,06552746,-0,82562,0,2527923,-0,07349889,-0,4817298,-0,5589867,0,06389967,-0,8945037,0,2667756,-0,1368899,-0,4567249,-0,564628,0,1279094,-0,1974747,0,04329981,-0,3337727,-0,4142794,-0,5713109,0,07159169,-0,9369019,0,1617581,0,1636524,-0,4155832,-0,5210993,0,1850514,0,1388193,-0,07299188,-0,464678,-0,428585,-0,5677605,0,1903031,0,2319456,-0,1048267,-0,4981728,-0,4070067,-0,5231143,0,07550233,-0,8776132,0,1531721,0,3969488,-0,3457025,-0,5799127,0,07204074,-0,9449366,0,08356872,0,3344619,-0,3846769,-0,5223238,0,2430149,0,140749,-0,05293193,-0,4691498,0,0,0,0,0,0,0,0,0,0,0,0,0,0,0,0,0,0,0,0,0,0,0,0,0,0,0,0,0,0
125,-0,4385859,-0,5181097,0,1125135,0,07308725,0,04065634,-0,5544672,-0,4905806,-0,5060058,0,07275161,-0,9328995,0,2610714,0,3612076,-0,5016887,-0,5534529,0,07127522,-0,9979416,0,2766879,0,3687778,-0,4484753,-0,5658834,0,1131702,0,4124807,-0,06276967,-0,7369588,-0,4350898,-0,5676033,0,08271967,-1,040519,0,1853795,0,5563992,-0,4116615,-0,5219515,0,1728714,0,196083,-0,04261138,-0,6090018,-0,4163053,-0,5704787,0,1734998,0,6139817,-0,1359136,-0,8401673,-0,4258044,-0,5197182,0,08120096,-0,9398866,0,1698077,0,2849315,-0,3679664,-0,579339,0,07141622,-1,113193,0,02868177,-0,03122577,-0,3857338,-0,5228053,0,233169,-0,05284848,-0,02407135,-0,4922936,0,0,0,0,0,0,0,0,0,0,0,0,0,0,0,0,0,0,0,0,0,0,0,0,0,0,0,0,0,0
126,-0,4413657,-0,5145591,0,1009788,-0,1389921,0,1775325,-0,5767333,-0,5051095,-0,4998335,0,08885793,-0,7264468,0,3086136,0,8053164,-0,5171362,-0,5471023,0,0897029,-0,7723752,0,3175319,0,9213842,-0,4509173,-0,56242,0,1007546,-0,1220987,0,1731724,-0,6207826,-0,4498763,-0,5622119,0,09414775,-0,7393259,0,2695681,0,5714043,-0,409176,-0,5204477,0,1585192,0,1242787,0,07519129,-0,7176059,-0,4130544,-0,5689844,0,157556,0,1625464,0,07471445,-0,7971908,-0,4400221,-0,5148221,0,08799459,-0,710887,0,2448023,0,3396818,-0,3884208,-0,5770213,0,06636172,-1,022721,0,1158864,-0,2527253,-0,3905751,-0,5222269,0,2214552,-0,242065,0,0289172,-0,5856904,0,0,0,0,0,0,0,0,0,0,0,0,0,0,0,0,0,0,0,0,0,0,0,0,0,0,0,0,0,0
127,-0,4484386,-0,5107976,0,09334993,-0,353642,0,1880736,-0,3814457,-0,5120363,-0,4940642,0,1039031,-0,3463419,0,2884642,0,7522575,-0,5241497,-0,5408676,0,1104147,-0,3506751,0,3117354,1,035591,-0,4596828,-0,5583128,0,09340528,-0,4382746,0,205356,-0,3674639,-0,4591759,-0,5581173,0,0947457,-0,4649835,0,2047301,0,02989733,-0,4129714,-0,51833,0,1488192,-0,1897738,0,1058817,-0,4850039,-0,4190778,-0,5666466,0,1479483,-0,301169,0,1168937,-0,4803875,-0,4498791,-0,5110094,0,08622985,-0,4928516,0,1906366,-0,08823689,-0,4027553,-0,5743016,0,05836112,-0,7167238,0,1359851,-0,4000302,-0,3947149,-0,5209563,0,2119026,-0,2069891,0,06353261,-0,4776301,0,0,0,0,0,0,0,0,0,0,0,0,0,0,0,0,0,0,0,0,0,0,0,0,0,0,0,0,0,0
128,-0,453172,-0,5090692,0,08925101,-0,2366723,0,08642081,-0,2049462,-0,5146239,-0,491034,0,108177,-0,1293779,0,1515106,0,2136976,-0,5250129,-0,5373182,0,119871,-0,04315974,0,1774699,0,4728133,-0,4660844,-0,556228,0,08936293,-0,3200786,0,1042426,-0,2021179,-0,4663709,-0,5562735,0,08870913,-0,3597455,0,09219352,-0,3018284,-0,4198285,-0,5172266,0,1458501,-0,342855,0,05517306,-0,1484521,-0,4284271,-0,5651902,0,1458644,-0,4674675,0,07281902,-0,1041949,-0,4605711,-0,5101182,0,07394125,-0,5345958,0,04455747,-0,6144302,-0,4115218,-0,5736315,0,05057402,-0,4383253,0,03350677,-0,3893552,-0,3995459,-0,5200022,0,2082601,-0,2415479,0,04770162,-0,182125,0,0,0,0,0,0,0,0,0,0,0,0,0,0,0,0,0,0,0,0,0,0,0,0,0,0,0,0,0,0
129,-0,4641541,-0,5127638,0,09072343,-0,549105,-0,1847298,0,07362108,-0,5250688,-0,4950961,0,07057579,-0,5222442,-0,2031059,-1,880063,-0,5398759,-0,5415739,0,0716648,-0,743151,-0,2127857,-2,410309,-0,4762137,-0,5599827,0,09046392,-0,5064683,-0,1877368,0,05504975,-0,4747704,-0,5608157,0,05903178,-0,419979,-0,2271117,-1,483868,-0,4296468,-0,5207864,0,1466423,-0,4909115,-0,1779915,0,0396073,-0,4407407,-0,5682396,0,1484486,-0,6156775,-0,1524717,0,1292147,-0,4628994,-0,5136673,0,05489597,-0,1164183,-0,177455,-0,9522645,-0,4121975,-0,5765768,0,03400088,-0,03378542,-0,1472653,-0,8286573,-0,4058893,-0,5232328,0,20783,-0,3171713,-0,1615257,-0,02150537,0,0,0,0,0,0,0,0,0,0,0,0,0,0,0,0,0,0,0,0,0,0,0,0,0,0,0,0,0,0
130,-0,4746749,-0,5120394,0,09719707,-0,5260365,0,03622176,0,323682,-0,5258736,-0,4966257,0,05757479,-0,04024209,-0,07647875,-0,6500502,-0,5406735,-0,5431001,0,05706611,-0,03988148,-0,07630888,-0,7299348,-0,4874194,-0,5590905,0,09772758,-0,5602854,0,04461112,0,3631832,-0,4748675,-0,5621541,0,04858196,-0,00485331,-0,06692114,-0,5224912,-0,4355946,-0,5209787,0,1498593,-0,297393,-0,009614233,0,1608521,-0,4459313,-0,5685772,0,1514101,-0,2595291,-0,01687706,0,1480707,-0,462754,-0,5149019,0,04586956,0,007270279,-0,0617266,-0,4513208,-0,4149272,-0,5772997,0,01763116,-0,1364843,-0,03614427,-0,8184864,-0,4074202,-0,5242941,0,2090886,-0,07654282,-0,05306902,0,06292986,0,0,0,0,0,0,0,0,0,0,0,0,0,0,0,0,0,0,0,0,0,0,0,0,0,0,0,0,0,0
131,-0,4844272,-0,5077292,0,1047867,-0,4876183,0,2155096,0,3794813,-0,5252666,-0,4952559,0,0537443,0,0303507,0,06849024,-0,1915247,-0,5400442,-0,5417655,0,05302913,0,03146232,0,06673041,-0,2018492,-0,4960062,-0,5551193,0,1042272,-0,4293399,0,198558,0,3249814,-0,4745845,-0,5606481,0,04166182,0,01414717,0,07529858,-0,3460073,-0,4406518,-0,5180152,0,1533491,-0,2528579,0,1481742,0,1744904,-0,450774,-0,5656653,0,1545571,-0,2421365,0,1455933,0,1573533,-0,4625268,-0,5133663,0,04006778,0,01135916,0,07677677,-0,2900892,-0,4137198,-0,5747218,0,01159439,0,0603691,0,1288951,-0,3018383,-0,4068437,-0,5228956,0,2094279,0,02882333,0,0699282,0,01696423,0,0,0,0,0,0,0,0,0,0,0,0,0,0,0,0,0,0,0,0,0,0,0,0,0,0,0,0,0,0
132,-0,4911393,-0,5040194,0,1095809,-0,3356026,0,1854867,0,2397117,-0,5198388,-0,4956573,0,05009617,0,271389,-0,02006889,-0,1824065,-0,5335648,-0,5424702,0,0491491,0,3239722,-0,0352353,-0,1940016,-0,5058094,-0,5504758,0,1116543,-0,4901605,0,2321781,0,3713542,-0,4670852,-0,5599375,0,04231689,0,3749655,0,03553034,0,03275369,-0,4446137,-0,5156616,0,155264,-0,1980961,0,1176805,0,09574596,-0,4564373,-0,5629036,0,1574375,-0,2831684,0,1380832,0,1440198,-0,4563449,-0,5125319,0,03795275,0,3090979,0,04172327,-0,1057512,-0,4136807,-0,5738359,0,000632774,0,001952053,0,04429223,-0,5480812,-0,4043349,-0,5225502,0,2066816,0,125441,0,01726747,-0,1373143,0,0,0,0,0,0,0,0,0,0,0,0,0,0,0,0,0,0,0,0,0,0,0,0,0,0,0,0,0,0
133,-0,5028448,-0,4949651,0,1228625,-0,5852746,0,4527183,0,6640798,-0,5122089,-0,4958799,0,05695406,0,3814937,-0,01113415,0,3428945,-0,5260409,-0,5426119,0,0587357,0,3761949,-0,007086995,0,4793301,-0,5202547,-0,5402983,0,1273424,-0,7222626,0,5088719,0,7844067,-0,4646427,-0,5598931,0,03228404,0,1221285,0,002220274,-0,5016426,-0,4508196,-0,5101989,0,160875,-0,310293,0,2731354,0,280548,-0,4647353,-0,5567846,0,1639702,-0,4148991,0,3059537,0,3266366,-0,4545994,-0,512343,0,0274756,0,08727614,0,00944436,-0,5238577,-0,4354251,-0,5706198,-0,02935467,-1,087217,0,1608074,-1,499373,-0,3980674,-0,5225737,0,1980063,0,313376,-0,001174212,-0,433767,0,0,0,0,0,0,0,0,0,0,0,0,0,0,0,0,0,0,0,0,0,0,0,0,0,0,0,0,0,0
134,-0,5039706,-0,492108,0,1275528,-0,05629065,0,1428545,0,2345138,-0,5112913,-0,4941791,0,06141343,0,04588367,0,08504245,0,2229686,-0,5266559,-0,5403937,0,06369483,-0,03074707,0,1109124,0,2479569,-0,5222244,-0,5370973,0,1323405,-0,09848777,0,1600534,0,249906,-0,4727827,-0,5583405,0,02440386,-0,407,0,0776321,-0,3940095,-0,4511616,-0,508644,0,1638838,-0,01710356,0,07774237,0,1504407,-0,4661911,-0,5548733,0,1675078,-0,07278773,0,09556118,0,1768769,-0,4610551,-0,51108,0,02084374,-0,3227861,0,06315114,-0,3315933,-0,4480208,-0,5676116,-0,03938563,-0,6297874,0,1504064,-0,5015483,-0,3975298,-0,5224423,0,1991558,0,02687724,0,006568435,0,05747753,0,0,0,0,0,0,0,0,0,0,0,0,0,0,0,0,0,0,0,0,0,0,0,0,0,0,0,0,0,0
135,-0,4968401,-0,492708,0,1282915,0,3565238,-0,02999903,0,03693627,-0,5075048,-0,4938873,0,06259576,0,1893253,0,01458824,0,05911684,-0,5231654,-0,5400339,0,06514375,0,1745225,0,01798571,0,07244575,-0,5151673,-0,5375778,0,1335074,0,3528567,-0,02402664,0,05834105,-0,4791092,-0,5558627,0,0144176,-0,3163264,0,1238883,-0,4993128,-0,4452995,-0,5081781,0,1668117,0,2931075,0,02329946,0,1463965,-0,46135,-0,5538177,0,1726937,0,2420546,0,05277994,0,2592982,-0,4673047,-0,5086007,0,01137595,-0,3124804,0,1239658,-0,4733898,-0,45864,-0,5636316,-0,05101433,-0,5309599,0,1990021,-0,5814351,-0,3914767,-0,5217377,0,2019319,0,3026546,0,03523232,0,1388044,0,0,0,0,0,0,0,0,0,0,0,0,0,0,0,0,0,0,0,0,0,0,0,0,0,0,0,0,0,0
136,-0,4826518,-0,4972025,0,1215335,0,7094133,-0,224726,-0,3378989,-0,4957953,-0,4965901,0,05629492,0,5854728,-0,1351372,-0,3150423,-0,5110708,-0,5429519,0,05813632,0,6047311,-0,1458973,-0,3503717,-0,5003251,-0,5424001,0,1261213,0,7421079,-0,2411158,-0,3693016,-0,4888005,-0,5511231,-0,006714966,-0,4845666,0,2369822,-1,056629,-0,4357309,-0,5098385,0,1664869,0,4784288,-0,08302036,-0,01624227,-0,4505436,-0,5561337,0,1710776,0,5403178,-0,1157999,-0,0808053,-0,4743399,-0,5045342,-0,006334099,-0,3517614,0,2033234,-0,8855028,-0,4592159,-0,5578035,-0,06902312,-0,02879502,0,2914042,-0,9004403,-0,3764164,-0,525954,0,1898078,0,7530141,-0,2108158,-0,6062026,0,0,0,0,0,0,0,0,0,0,0,0,0,0,0,0,0,0,0,0,0,0,0,0,0,0,0,0,0,0
137,-0,4568771,-0,5090033,0,105434,1,288738,-0,59004,-0,8049778,-0,4611575,-0,5081195,0,03894247,1,731893,-0,5764695,-0,8676225,-0,4749746,-0,5548377,0,038225,1,804808,-0,5942913,-0,9955665,-0,4711708,-0,5555647,0,1070585,1,457716,-0,6582292,-0,9531394,-0,4865555,-0,5486444,-0,02975939,0,112252,0,123936,-1,152221,-0,419252,-0,5174264,0,1591626,0,8239436,-0,3793986,-0,3662141,-0,4327686,-0,5641603,0,1631545,0,8887518,-0,4013301,-0,3961572,-0,4732838,-0,5019979,-0,02654111,0,05280676,0,1268119,-1,010351,-0,495338,-0,5392141,-0,09795627,-1,806106,0,9294722,-1,446658,-0,3576823,-0,53312,0,1758493,0,9367082,-0,3583016,-0,697926,0,0,0,0,0,0,0,0,0,0,0,0,0,0,0,0,0,0,0,0,0,0,0,0,0,0,0,0,0,0
138,-0,4090682,-0,525044,0,07739666,2,390444,-0,8020374,-1,401867,-0,4435349,-0,5164558,0,02106668,0,8811284,-0,4168155,-0,8937901,-0,4481494,-0,5647221,0,01544222,1,341262,-0,4942211,-1,139139,-0,4164931,-0,5733098,0,07598893,2,733887,-0,8872572,-1,553482,-0,4753963,-0,5527984,-0,0470604,0,5579593,-0,2077044,-0,8650509,-0,3970124,-0,5281757,0,1425794,1,111982,-0,5374643,-0,8291605,-0,409215,-0,5753223,0,144041,1,177681,-0,5580994,-0,9556729,-0,4627198,-0,5060103,-0,04210373,0,5282001,-0,2006174,-0,7781315,-0,4886298,-0,5402546,-0,1138272,0,3354104,-0,05202594,-0,793546,-0,3380706,-0,5417399,0,1680291,0,9805832,-0,4309924,-0,3910141,0,0,0,0,0,0,0,0,0,0,0,0,0,0,0,0,0,0,0,0,0,0,0,0,0,0,0,0,0,0
139,-0,3528594,-0,5461363,0,03971324,2,810444,-1,054612,-1,884172,-0,4015814,-0,534692,-0,004148216,2,097676,-0,9118143,-1,260745,-0,4105684,-0,5824098,-0,008199298,1,879052,-0,8843843,-1,182077,-0,3591605,-0,5944261,0,03601577,2,86663,-1,055813,-1,998659,-0,4311018,-0,5711631,-0,07326734,2,214725,-0,9182308,-1,310348,-0,3336399,-0,5525545,0,1027141,3,168629,-1,218942,-1,993264,-0,3412083,-0,6007029,0,1017845,3,400336,-1,269028,-2,112829,-0,4241244,-0,5235258,-0,06597544,1,92977,-0,8757774,-1,193586,-0,4663156,-0,5555068,-0,1306205,1,11571,-0,7626089,-0,8396651,-0,2906859,-0,5594421,0,1518746,2,369239,-0,8851115,-0,8077207,0,0,0,0,0,0,0,0,0,0,0,0,0,0,0,0,0,0,0,0,0,0,0,0,0,0,0,0,0,0
140,-0,3296343,-0,5528376,0,02788943,1,161255,-0,3350676,-0,5911908,-0,3798466,-0,542136,-0,01440857,1,086739,-0,3721984,-0,513018,-0,3873487,-0,5901303,-0,01911163,1,160983,-0,3860267,-0,5456168,-0,3352276,-0,6011857,0,02445737,1,196646,-0,3379793,-0,5779201,-0,4186394,-0,577505,-0,07940315,0,6231236,-0,3170968,-0,3067908,-0,3003326,-0,5595012,0,08687981,1,665362,-0,3473313,-0,7917169,-0,3071946,-0,6077597,0,08657993,1,700685,-0,3528418,-0,7602277,-0,4129536,-0,5298024,-0,07097013,0,5585375,-0,3138305,-0,2497346,-0,4601518,-0,5612442,-0,1322659,0,3081904,-0,2868713,-0,08226934,-0,2681625,-0,5635935,0,1439684,1,126171,-0,2075703,-0,3953108,0,0,0,0,0,0,0,0,0,0,0,0,0,0,0,0,0,0,0,0,0,0,0,0,0,0,0,0,0,0
141,-0,3048693,-0,5564325,0,01641928,1,238248,-0,1797438,-0,5735077,-0,3584792,-0,5460148,-0,02164995,1,068373,-0,1939387,-0,3620693,-0,3668933,-0,593954,-0,0245445,1,022771,-0,191185,-0,2716438,-0,3101285,-0,6047693,0,01296144,1,254955,-0,1791836,-0,574797,-0,4120151,-0,5810833,-0,07534853,0,3312127,-0,1789153,0,2027315,-0,2642182,-0,5634984,0,06819278,1,805723,-0,1998634,-0,934352,-0,2685781,-0,6120342,0,06690625,1,930829,-0,2137245,-0,9836842,-0,4002579,-0,5339214,-0,07220881,0,6347897,-0,205949,-0,06193409,-0,4465936,-0,5668777,-0,1334692,0,6779122,-0,2816738,-0,06016644,-0,2479297,-0,5658846,0,1317999,1,011638,-0,1145572,-0,6084266,0,0,0,0,0,0,0,0,0,0,0,0,0,0,0,0,0,0,0,0,0,0,0,0,0,0,0,0,0,0
142,-0,2827113,-0,5572372,0,006374619,1,107903,-0,04023613,-0,5022333,-0,342491,-0,5496263,-0,02202441,0,7994074,-0,1805753,-0,01872266,-0,3458189,-0,5977321,-0,02984623,1,053721,-0,1889051,-0,2650864,-0,2835299,-0,6053404,-0,001632899,1,329932,-0,02855064,-0,7297171,-0,4000673,-0,5850338,-0,07086769,0,5973908,-0,1975239,0,2240417,-0,2334088,-0,5646459,0,05016392,1,540471,-0,05737545,-0,9014435,-0,2355684,-0,6131613,0,04661584,1,650481,-0,05635621,-1,014521,-0,3887649,-0,5376058,-0,0686464,0,5746471,-0,1842172,0,1781207,-0,4274445,-0,5738783,-0,1332487,0,9574521,-0,3500344,0,01102686,-0,2282946,-0,5687333,0,1155069,0,9817567,-0,1424313,-0,8146509,0,0,0,0,0,0,0,0,0,0,0,0,0,0,0,0,0,0,0,0,0,0,0,0,0,0,0,0,0,0
143,-0,2670811,-0,5589691,0,002451706,0,7815081,-0,08659367,-0,1961457,-0,3310449,-0,5515158,-0,01434551,0,5723076,-0,0944734,0,3839453,-0,336645,-0,5998403,-0,01792203,0,4586967,-0,1054109,0,5962103,-0,269778,-0,607328,-0,003397987,0,6875965,-0,09938184,-0,0882544,-0,3876853,-0,588669,-0,06307364,0,6191003,-0,1817615,0,3897032,-0,2099646,-0,5652273,0,03534827,1,172211,-0,0290692,-0,7407829,-0,2111737,-0,6137663,0,03145766,1,219737,-0,03024639,-0,7579095,-0,3767651,-0,5411227,-0,0619402,0,599991,-0,1758457,0,3353102,-0,4106447,-0,5802933,-0,1275995,0,8399907,-0,3207476,0,2824598,-0,212691,-0,5695235,0,1008212,0,7801782,-0,03951193,-0,7342855,0,0,0,0,0,0,0,0,0,0,0,0,0,0,0,0,0,0,0,0,0,0,0,0,0,0,0,0,0,0
144,-0,2545505,-0,5600817,0,009914027,0,626533,-0,05562904,0,3731162,-0,3189106,-0,5532088,-0,005680996,0,6067144,-0,08465055,0,4332256,-0,3247129,-0,6016064,-0,006647284,0,5966025,-0,08830134,0,5637375,-0,2572118,-0,6085603,0,005197096,0,6283107,-0,06161335,0,4297543,-0,3666047,-0,5937225,-0,0609371,1,054031,-0,2526731,0,106827,-0,1893162,-0,5637035,0,02045824,1,032421,0,07619265,-0,7445017,-0,189611,-0,6121853,0,01562287,1,078139,0,07904771,-0,7917394,-0,3585157,-0,5456367,-0,05888014,0,9124715,-0,225699,0,1530033,-0,3957864,-0,5845746,-0,1228162,0,7429156,-0,2140642,0,2391652,-0,2012222,-0,5691974,0,08481889,0,5734438,0,01630486,-0,8001152,0,0,0,0,0,0,0,0,0,0,0,0,0,0,0,0,0,0,0,0,0,0,0,0,0,0,0,0,0,0
145,-0,2333172,-0,5594131,0,005048112,1,061661,0,03342928,-0,2432958,-0,2995486,-0,5550674,0,009463906,0,9681005,-0,09293262,0,7572454,-0,3037901,-0,6036433,0,00736635,1,046141,-0,1018465,0,700682,-0,2353289,-0,6080683,0,001785431,1,094146,0,02459587,-0,1705833,-0,3275049,-0,5969306,-0,05716656,1,954991,-0,1604051,0,188527,-0,1690472,-0,5601333,-0,01084024,1,013448,0,178507,-1,564925,-0,1694952,-0,6084327,-0,01712717,1,005786,0,1876325,-1,637503,-0,3274557,-0,5485727,-0,05089983,1,552998,-0,1468003,0,3990156,-0,3843481,-0,5902156,-0,09583706,0,5719157,-0,2820493,1,348956,-0,1851117,-0,5673556,0,05243862,0,8055213,0,09208921,-1,619014,0,0,0,0,0,0,0,0,0,0,0,0,0,0,0,0,0,0,0,0,0,0,0,0,0,0,0,0,0,0
146,-0,2218729,-0,5543158,0,01044681,0,572219,0,2548636,0,2699353,-0,2860865,-0,5508366,0,02746607,0,6731051,0,21154,0,9001085,-0,2893629,-0,5995505,0,02809927,0,7213625,0,2046377,1,036646,-0,2226115,-0,6030098,0,01137211,0,63587,0,2529264,0,479334,-0,3364626,-0,5952403,-0,02216643,-0,4478844,0,08451346,1,750007,-0,1658369,-0,5549451,-0,02494206,0,1605131,0,2594114,-0,7050913,-0,1689709,-0,6032364,-0,03145481,0,02621786,0,2598108,-0,7163826,-0,3303525,-0,5468167,-0,02228318,-0,1448393,0,08779768,1,430833,-0,3838192,-0,587884,-0,07186254,0,0264451,0,1165778,1,198726,-0,18204,-0,5617374,0,03831803,0,1535878,0,2809108,-0,70603,0,0,0,0,0,0,0,0,0,0,0,0,0,0,0,0,0,0,0,0,0,0,0,0,0,0,0,0,0,0
147,-0,2185083,-0,5529333,0,02071253,0,1682282,0,06912652,0,5132858,-0,2842853,-0,5474899,0,02917983,0,09005968,0,1673341,0,08568814,-0,2890498,-0,5959805,0,03047155,0,01565368,0,1785041,0,1186138,-0,2211413,-0,6016166,0,02032341,0,07350597,0,06965998,0,4475651,-0,348755,-0,5892296,-0,003531459,-0,614624,0,3005327,0,9317488,-0,1581376,-0,5550343,-0,006449932,0,3849672,-0,004458429,0,924607,-0,1610698,-0,6033419,-0,01261703,0,395053,-0,005275013,0,9418893,-0,3407228,-0,5411165,-0,005925699,-0,5185144,0,2850116,0,8178745,-0,3794084,-0,5855757,-0,06529141,0,2205432,0,1154155,0,3285566,-0,1794491,-0,5608113,0,05538303,0,129544,0,04630687,0,8532505,0,0,0,0,0,0,0,0,0,0,0,0,0,0,0,0,0,0,0,0,0,0,0,0,0,0,0,0,0,0
148,-0,2198256,-0,5523998,0,01594826,-0,06586315,0,02667607,-0,2382136,-0,2854411,-0,5467612,0,02536783,-0,05778822,0,03643633,-0,1906003,-0,2906619,-0,5952852,0,02410557,-0,08060339,0,03476144,-0,3182991,-0,2226976,-0,6010495,0,01478455,-0,07781389,0,02835394,-0,276943,-0,3542188,-0,5859266,-0,001255191,-0,2731876,0,1651526,0,1138134,-0,1540574,-0,5551287,0,008877495,0,2040111,-0,00472069,0,7663717,-0,1550323,-0,6036963,0,004445559,0,301876,-0,01771749,0,8531299,-0,3446534,-0,5381676,-0,004319235,-0,19653,0,1474441,0,08032323,-0,3806592,-0,5829635,-0,06503479,-0,06254318,0,1306117,0,01283102,-0,1711157,-0,5598032,0,07211003,0,4166709,0,05040171,0,8363506,0,0,0,0,0,0,0,0,0,0,0,0,0,0,0,0,0,0,0,0,0,0,0,0,0,0,0,0,0,0
149,-0,2206807,-0,5542276,0,01178578,-0,04275592,-0,09139184,-0,2081237,-0,2865619,-0,5488073,0,01920206,-0,05604329,-0,1023025,-0,3082884,-0,2915985,-0,5973399,0,01748472,-0,04683139,-0,1027316,-0,3310424,-0,223426,-0,602795,0,009251593,-0,03641994,-0,08727316,-0,2766478,-0,3531704,-0,5880066,-0,01240771,0,05241933,-0,1040012,-0,5576264,-0,1550811,-0,5571777,0,01990876,-0,05118551,-0,1024485,0,5515636,-0,1552638,-0,6058007,0,015673,-0,01157597,-0,1052231,0,5613725,-0,3434654,-0,5402755,-0,0148008,0,05939903,-0,105393,-0,5240785,-0,3895624,-0,5819222,-0,07077972,-0,4451604,0,0520617,-0,2872464,-0,1613756,-0,5620283,0,08505625,0,4870044,-0,1112551,0,6473112,0,0,0,0,0,0,0,0,0,0,0,0,0,0,0,0,0,0,0,0,0,0,0,0,0,0,0,0,0,0
150,-0,2227654,-0,558741,0,0115872,-0,1042374,-0,2256692,-0,009929253,-0,2890294,-0,5528868,0,01091654,-0,1233727,-0,2039791,-0,4142762,-0,2942307,-0,6013708,0,01087907,-0,1316101,-0,2015442,-0,3302827,-0,2256438,-0,6074173,0,01220879,-0,1108885,-0,2311141,0,1478598,-0,3464872,-0,5939321,-0,0336437,0,3341616,-0,2962739,-1,0618,-0,1593331,-0,5612878,0,03037489,-0,2126024,-0,2055079,0,5233066,-0,1588683,-0,6099609,0,0273644,-0,1802229,-0,2080054,0,5845701,-0,3377734,-0,5459363,-0,03414705,0,2846019,-0,2830417,-0,9673126,-0,3923102,-0,5845416,-0,08444165,-0,1373903,-0,1309693,-0,6830971,-0,1525782,-0,5644572,0,09560801,0,4398705,-0,1214415,0,5275881,0,0,0,0,0,0,0,0,0,0,0,0,0,0,0,0,0,0,0,0,0,0,0,0,0,0,0,0,0,0
151,-0,2336407,-0,5640361,0,002064962,-0,543766,-0,264758,-0,4761121,-0,2993032,-0,5566643,-0,005636765,-0,5136894,-0,1888753,-0,8276657,-0,3054702,-0,6050473,-0,006989446,-0,5619767,-0,1838268,-0,8934263,-0,2374541,-0,6126005,0,0008131521,-0,5905154,-0,2591611,-0,569782,-0,3494128,-0,5962456,-0,0595546,-0,1462833,-0,1156748,-1,295545,-0,1795527,-0,5682698,0,04002241,-1,010976,-0,3490986,0,4823763,-0,1795562,-0,6169363,0,03720977,-1,034396,-0,3487737,0,4922685,-0,3430358,-0,5481326,-0,05537758,-0,2631218,-0,1098156,-1,061527,-0,4004782,-0,5840064,-0,1044364,-0,4084007,0,0267625,-0,9997364,-0,1531449,-0,570875,0,1000737,-0,02833382,-0,3208936,0,2232854,0,0,0,0,0,0,0,0,0,0,0,0,0,0,0,0,0,0,0,0,0,0,0,0,0,0,0,0,0,0
152,-0,2351144,-0,5629731,-0,007214251,-0,07368255,0,05315246,-0,4639608,-0,3008763,-0,5545723,-0,01339116,-0,07865581,0,1046002,-0,3877198,-0,3080254,-0,6027868,-0,01265217,-0,1277566,0,1130224,-0,2831365,-0,2397724,-0,6114748,-0,009649033,-0,1159154,0,05628469,-0,5231094,-0,3636373,-0,5933242,-0,0525183,-0,7112253,0,1460672,0,3518147,-0,1911349,-0,5687116,0,0419308,-0,5791122,-0,02208949,0,09541944,-0,1919631,-0,6173711,0,03904602,-0,620346,-0,0217408,0,0918128,-0,3565495,-0,5451996,-0,04905606,-0,675683,0,1466483,0,3160763,-0,3985088,-0,5823817,-0,1111015,0,09847287,0,0812352,-0,3332575,-0,1594025,-0,5718293,0,09932218,-0,312882,-0,04771354,-0,03757702,0,0,0,0,0,0,0,0,0,0,0,0,0,0,0,0,0,0,0,0,0,0,0,0,0,0,0,0,0,0
153,-0,2343521,-0,5613132,-0,0128382,0,03811719,0,08299354,-0,2811974,-0,2992454,-0,5543814,-0,0260238,0,08154216,0,009545688,-0,6316325,-0,3047262,-0,6027615,-0,02875392,0,1649559,0,001266599,-0,8050874,-0,2369731,-0,6096675,-0,01841399,0,1399652,0,09036366,-0,4382478,-0,3697338,-0,5924453,-0,04959674,-0,3048227,0,04394652,0,1460784,-0,2021458,-0,5686277,0,04452448,-0,5505475,0,004196169,0,1296839,-0,2033547,-0,6172164,0,04078525,-0,5695792,0,007736686,0,08696154,-0,3616458,-0,5443962,-0,04750887,-0,2548189,0,04017057,0,07735959,-0,3868741,-0,5851386,-0,1160617,0,5817356,-0,1378447,-0,2480102,-0,1661698,-0,5729265,0,09929208,-0,3383667,-0,05486014,-0,001504645,0,0,0,0,0,0,0,0,0,0,0,0,0,0,0,0,0,0,0,0,0,0,0,0,0,0,0,0,0,0
154,-0,2417274,-0,5590999,-0,002576187,-0,3687696,0,110665,0,5131007,-0,2955014,-0,550489,-0,04077514,0,1872004,0,1946212,-0,7375671,-0,2989927,-0,59853,-0,04833034,0,2866776,0,2115757,-0,9788218,-0,2438036,-0,6074812,-0,008048736,-0,3415236,0,1093179,0,5182627,-0,3677558,-0,5916999,-0,0470891,0,09889904,0,0372708,0,1253818,-0,2136594,-0,565969,0,05699139,-0,5756768,0,1329333,0,6233456,-0,216779,-0,6145667,0,05451183,-0,6712156,0,1324863,0,6863293,-0,3617242,-0,5432589,-0,04586308,-0,003916027,0,05686583,0,08228927,-0,3644339,-0,5887556,-0,11597,1,12201,-0,1808525,0,004586579,-0,1736463,-0,5703744,0,1088877,-0,3738226,0,1276046,0,4797829,0,0,0,0,0,0,0,0,0,0,0,0,0,0,0,0,0,0,0,0,0,0,0,0,0,0,0,0,0,0
155,-0,2454753,-0,5605202,0,005488669,-0,1873934,-0,07101598,0,4032429,-0,301476,-0,553569,-0,02985233,-0,2987282,-0,1539976,0,5461409,-0,3061897,-0,6019775,-0,03348301,-0,3598498,-0,1723737,0,742367,-0,2468342,-0,6090079,0,0007045969,-0,1515337,-0,0763357,0,4376668,-0,3729906,-0,5925939,-0,04820691,-0,2617405,-0,04470052,-0,05589037,-0,2167861,-0,5661419,0,06488044,-0,1563386,-0,008645657,0,3944527,-0,2194239,-0,6148061,0,06321598,-0,1322464,-0,01196862,0,4352074,-0,3654396,-0,5444534,-0,04672328,-0,1857729,-0,05972388,-0,0430098,-0,3542725,-0,5920183,-0,114648,0,5080702,-0,163135,0,06610195,-0,1871761,-0,5688718,0,1233854,-0,6764891,0,07513168,0,7248844,0,0,0,0,0,0,0,0,0,0,0,0,0,0,0,0,0,0,0,0,0,0,0,0,0,0,0,0,0,0
156,-0,2519541,-0,5621107,0,01550241,-0,3239417,-0,07952157,0,5006872,-0,310724,-0,5550169,-0,01484467,-0,4624026,-0,07239583,0,7503831,-0,3168388,-0,603393,-0,0162688,-0,532456,-0,07077459,0,8607106,-0,2554973,-0,6107632,0,01409894,-0,4331523,-0,0877649,0,6697175,-0,3776325,-0,5930399,-0,04729374,-0,2320946,-0,02229811,0,04565867,-0,222107,-0,56523,0,07453416,-0,2660417,0,04559757,0,482686,-0,219276,-0,6138034,0,07226994,0,007394704,0,05013051,0,4526982,-0,3689418,-0,545067,-0,04591638,-0,1751111,-0,03067852,0,04034491,-0,3511539,-0,594516,-0,1110489,0,1559273,-0,1248837,0,1799513,-0,2052902,-0,5662578,0,1380009,-0,9057071,0,1306981,0,730776,0,0,0,0,0,0,0,0,0,0,0,0,0,0,0,0,0,0,0,0,0,0,0,0,0,0,0,0,0,0
157,-0,2542679,-0,5613051,0,01816037,-0,1156897,0,04027785,0,1328979,-0,3178787,-0,5534995,-0,0001822939,-0,3577338,0,07587078,0,733119,-0,325108,-0,6016828,0,001497598,-0,4134597,0,08550588,0,8883205,-0,258254,-0,6098413,0,01593646,-0,1378358,0,04609527,0,0918759,-0,3768491,-0,5937224,-0,04351132,0,03916772,-0,03412665,0,1891211,-0,2347466,-0,5647061,0,08130068,-0,6319838,0,02619327,0,3383262,-0,2368671,-0,6134524,0,08086041,-0,8795563,0,0175506,0,4295239,-0,3686756,-0,5456268,-0,04280617,0,01331419,-0,02799035,0,1555103,-0,358591,-0,5941733,-0,1101348,-0,3718556,0,01713634,0,04570449,-0,2232802,-0,5650157,0,1459461,-0,8995015,0,06210807,0,3972569,0,0,0,0,0,0,0,0,0,0,0,0,0,0,0,0,0,0,0,0,0,0,0,0,0,0,0,0,0,0
158,-0,2581387,-0,5598475,0,02316912,-0,1935408,0,07287863,0,2504377,-0,3221005,-0,551509,0,00661348,-0,211087,0,09952489,0,3397889,-0,3295503,-0,5997003,0,00783689,-0,2221138,0,09912852,0,3169647,-0,2625467,-0,6083682,0,02117712,-0,2146349,0,07365647,0,2620333,-0,3794036,-0,5914692,-0,03919157,-0,1277239,0,1126588,0,2159876,-0,2500322,-0,5622572,0,08880159,-0,7642801,0,1224459,0,3750456,-0,2546477,-0,6107692,0,08917459,-0,8890267,0,1341612,0,415709,-0,3708033,-0,5434521,-0,03830045,-0,1063869,0,1087338,0,2252865,-0,3609733,-0,5918955,-0,1057768,-0,1191125,0,1138866,0,2179024,-0,2457,-0,5613136,0,1543275,-1,120987,0,1851053,0,41907,0,0,0,0,0,0,0,0,0,0,0,0,0,0,0,0,0,0,0,0,0,0,0,0,0,0,0,0,0,0
159,-0,2645771,-0,5580651,0,04537743,-0,3219188,0,0891209,1,110416,-0,3200559,-0,5507001,0,009395767,0,1022265,0,04044177,0,1391144,-0,3262773,-0,5990223,0,007347531,0,1636506,0,03390016,-0,024468,-0,269047,-0,6066068,0,04490934,-0,3250138,0,08806888,1,186612,-0,3870635,-0,5880198,-0,02357312,-0,3829958,0,1724691,0,7809225,-0,2789859,-0,5562993,0,1099468,-1,447681,0,2978952,1,05726,-0,2845672,-0,6047223,0,1115708,-1,495979,0,3023447,1,11981,-0,3769677,-0,5402884,-0,0239046,-0,3082217,0,1581848,0,7197928,-0,3477603,-0,5951918,-0,07986142,0,6606522,-0,1648158,1,295769,-0,2829188,-0,5528812,0,1754005,-1,860945,0,4216166,1,053653,0,0,0,0,0,0,0,0,0,0,0,0,0,0,0,0,0,0,0,0,0,0,0,0,0,0,0,0,0,0
160,-0,2821341,-0,5567445,0,06353237,-0,8778486,0,06603303,0,9077474,-0,3187596,-0,5512967,0,00817277,0,0648156,-0,02982916,-0,06114987,-0,3266776,-0,5995988,0,007870893,-0,02001823,-0,02882482,0,02616813,-0,2875339,-0,6052383,0,06408396,-0,9243477,0,06842616,0,9587314,-0,3890619,-0,5876565,-0,01898256,-0,09991828,0,0181675,0,2295285,-0,2912539,-0,554114,0,1290781,-0,6134036,0,1092643,0,9565685,-0,2996283,-0,6020564,0,1314317,-0,7530513,0,1332969,0,9930454,-0,3786228,-0,5402249,-0,01947977,-0,08275512,0,003173948,0,2212414,-0,3428629,-0,5969383,-0,06944692,0,2448694,-0,08732084,0,520725,-0,2973453,-0,5489843,0,1942576,-0,7213238,0,1948477,0,9428549,0,0,0,0,0,0,0,0,0,0,0,0,0,0,0,0,0,0,0,0,0,0,0,0,0,0,0,0,0,0
161,-0,3421073,-0,5446501,0,1009275,-2,998663,0,6047162,1,869756,-0,343568,-0,5493177,0,0344141,-1,240421,0,09894971,1,312067,-0,3552507,-0,5966118,0,03732717,-1,428655,0,1493484,1,472814,-0,3590842,-0,5900457,0,1058283,-3,577515,0,7596287,2,087218,-0,3907261,-0,5895573,-0,02151147,-0,08321109,-0,09504262,-0,1264459,-0,3041075,-0,5519098,0,1547088,-0,6426784,0,110209,1,281533,-0,3163619,-0,5989658,0,1587051,-0,8366827,0,1545281,1,363673,-0,38011,-0,5419466,-0,0209248,-0,07435831,-0,08608703,-0,07225138,-0,3343354,-0,6000777,-0,05996172,0,4263746,-0,1569719,0,4742602,-0,3092158,-0,544186,0,2196929,-0,5935269,0,2399147,1,271766,0,0,0,0,0,0,0,0,0,0,0,0,0,0,0,0,0,0,0,0,0,0,0,0,0,0,0,0,0,0
162,-0,3699237,-0,5383354,0,1188624,-1,390818,0,3157349,0,896747,-0,3927597,-0,5347539,0,05644559,-2,459585,0,7281932,1,101575,-0,4088432,-0,5808726,0,05888381,-2,679625,0,7869604,1,077833,-0,3876434,-0,5833924,0,1243437,-1,427959,0,3326656,0,9257693,-0,3768094,-0,5930445,-0,001190204,0,6958383,-0,1743556,1,016064,-0,3340535,-0,5446944,0,1741956,-1,497303,0,3607722,0,9743426,-0,3474886,-0,5912579,0,179343,-1,556336,0,3853948,1,031894,-0,3699711,-0,54498,-0,005691874,0,5069436,-0,1516671,0,7616464,-0,3291852,-0,6027141,-0,05039404,0,2575085,-0,1318217,0,4783843,-0,3228047,-0,5399788,0,2387631,-0,6794411,0,2103598,0,9535078,0,0,0,0,0,0,0,0,0,0,0,0,0,0,0,0,0,0,0,0,0,0,0,0,0,0,0,0,0,0
163,-0,3858674,-0,5350863,0,1310277,-0,7971871,0,1624555,0,6082649,-0,3936643,-0,5369312,0,06490975,-0,04522802,-0,1088679,0,4232082,-0,4077461,-0,5836211,0,06700221,0,05485567,-0,1374245,0,4059199,-0,3954357,-0,5827816,0,1347261,-0,3896149,0,03053845,0,5191216,-0,3764648,-0,5938315,0,006178547,0,01723022,-0,03935398,0,3684377,-0,3772151,-0,5308092,0,1965922,-2,158081,0,6942603,1,11983,-0,3914345,-0,5772198,0,2027489,-2,197295,0,7019046,1,170297,-0,3667344,-0,5462611,0,004580971,0,1618386,-0,06405713,0,5136425,-0,3232655,-0,6044337,-0,03649952,0,2959878,-0,08597676,0,6947265,-0,3356463,-0,5365502,0,2472291,-0,6420823,0,171429,0,4232997,0,0,0,0,0,0,0,0,0,0,0,0,0,0,0,0,0,0,0,0,0,0,0,0,0,0,0,0,0,0
164,-0,3742228,-0,5358493,0,1488846,0,5822303,-0,03814699,0,8928452,-0,363609,-0,5432205,0,08343254,1,502763,-0,3144623,0,92614,-0,3715848,-0,5911807,0,08673488,1,808066,-0,37798,0,9866342,-0,3856054,-0,5830219,0,1536244,0,491515,-0,0120163,0,9449128,-0,3841862,-0,5920922,0,01890318,-0,3860728,0,08696619,0,6362321,-0,4021225,-0,5224056,0,2075428,-1,245368,0,4201772,0,54753,-0,4161056,-0,5686945,0,213223,-1,233554,0,4262688,0,5237038,-0,3743026,-0,5443079,0,01746558,-0,3784107,0,09765927,0,6442308,-0,3267258,-0,6028368,-0,01797888,-0,1730145,0,07984045,0,9260321,-0,3672181,-0,5251938,0,2631093,-1,578591,0,5678209,0,7940124,0,0,0,0,0,0,0,0,0,0,0,0,0,0,0,0,0,0,0,0,0,0,0,0,0,0,0,0,0,0
165,-0,3656069,-0,5371742,0,1528303,0,4307972,-0,06624463,0,1972862,-0,3647608,-0,5430593,0,0865092,-0,05759152,0,008058551,0,1538329,-0,3740571,-0,5908716,0,08989862,-0,1236156,0,01545251,0,1581871,-0,372934,-0,584995,0,1584695,0,6335708,-0,09865168,0,2422557,-0,3895874,-0,5909452,0,02267484,-0,2700598,0,05734863,0,1885827,-0,3987726,-0,5244609,0,2087055,0,1674951,-0,1027614,0,05813318,-0,4105263,-0,5714534,0,2141642,0,2789633,-0,1379461,0,04705938,-0,3791528,-0,5433485,0,02128245,-0,2425135,0,04797282,0,1908436,-0,3373847,-0,6021026,-0,02115996,-0,5329492,0,0367135,-0,1590541,-0,3819268,-0,5204141,0,2720539,-0,7354352,0,2389849,0,4472317,0,0,0,0,0,0,0,0,0,0,0,0,0,0,0,0,0,0,0,0,0,0,0,0,0,0,0,0,0,0
166,-0,3649267,-0,538836,0,1536106,0,03401043,-0,08309188,0,03901647,-0,37037,-0,544028,0,08745519,-0,2804564,-0,04843475,0,04729966,-0,3771349,-0,5921809,0,09092332,-0,1538888,-0,0654638,0,05123505,-0,3707102,-0,5868696,0,1592879,0,1111865,-0,09373132,0,04092158,-0,3931039,-0,593014,0,02376128,-0,1758233,-0,1034379,0,05432211,-0,3866401,-0,5278847,0,2152124,0,6066265,-0,1711906,0,3253469,-0,3946717,-0,5754133,0,2224497,0,7927316,-0,1979978,0,4142785,-0,3836118,-0,5452139,0,022012,-0,2229498,-0,09326939,0,03647722,-0,3400547,-0,6035397,-0,01918419,-0,1334996,-0,07185641,0,09878859,-0,3903083,-0,5166802,0,2798818,-0,419073,0,1866937,0,3913955,0,0,0,0,0,0,0,0,0,0,0,0,0,0,0,0,0,0,0,0,0,0,0,0,0,0,0,0,0,0
167,-0,3784339,-0,5390193,0,1429999,-0,6753611,-0,009164218,-0,5305389,-0,3846979,-0,5421926,0,07679651,-0,7163975,0,09177033,-0,5329343,-0,3942955,-0,589985,0,07916731,-0,8580301,0,1097948,-0,5878007,-0,3866919,-0,5868325,0,1475044,-0,7990855,0,001853705,-0,5891773,-0,4079124,-0,5889172,0,01153318,-0,7404286,0,2048404,-0,611405,-0,3638516,-0,534413,0,2073915,1,139424,-0,326419,-0,3910454,-0,3711167,-0,5821821,0,214026,1,177748,-0,3384383,-0,4211875,-0,3980673,-0,5411716,0,01137878,-0,7227737,0,2021135,-0,531661,-0,3440682,-0,6005806,-0,01213043,-0,2006725,0,1479567,0,352688,-0,3857089,-0,5219739,0,2681134,0,2299667,-0,2646835,-0,5884233,0,0,0,0,0,0,0,0,0,0,0,0,0,0,0,0,0,0,0,0,0,0,0,0,0,0,0,0,0,0
168,-0,383132,-0,5394347,0,1351351,-0,2349065,-0,02076925,-0,3932366,-0,3973293,-0,5401603,0,07007424,-0,6315711,0,101614,-0,3361137,-0,4043829,-0,5884174,0,07129439,-0,5043717,0,07838312,-0,3936464,-0,3920785,-0,5872061,0,139004,-0,2693312,-0,0186801,-0,42502,-0,4149102,-0,5868783,0,003092662,-0,3498898,0,1019448,-0,4220263,-0,3665104,-0,5363415,0,1991213,-0,1329408,-0,09642247,-0,4135118,-0,3745843,-0,5840587,0,2051267,-0,1733781,-0,09382967,-0,4449645,-0,4052254,-0,5391052,0,003771856,-0,3579037,0,1033217,-0,3803465,-0,3481138,-0,5986409,-0,009878414,-0,2022833,0,09698275,0,112601,-0,3826126,-0,5249771,0,2617792,0,1548187,-0,1501591,-0,3167094,0,0,0,0,0,0,0,0,0,0,0,0,0,0,0,0,0,0,0,0,0,0,0,0,0,0,0,0,0,0
169,-0,3864883,-0,5408289,0,1256244,-0,1678125,-0,06971064,-0,4755357,-0,4051744,-0,5395312,0,06174519,-0,3922524,0,03145338,-0,4164524,-0,4168891,-0,5867929,0,06319186,-0,6253096,0,08122328,-0,4051266,-0,3975944,-0,5881771,0,129284,-0,2757923,-0,04855098,-0,4859986,-0,4203088,-0,586178,-0,005800938,-0,2699287,0,03501476,-0,4446802,-0,3715133,-0,5383672,0,1900607,-0,2501429,-0,1012862,-0,4530312,-0,380654,-0,5859092,0,1956025,-0,3034861,-0,09252731,-0,4762107,-0,4109357,-0,5383378,-0,00474341,-0,2855153,0,0383705,-0,4257635,-0,3526812,-0,5976957,-0,01343959,-0,2283678,0,04726054,-0,1780587,-0,3787113,-0,5285815,0,2545946,0,1950622,-0,1802207,-0,3592299,0,0,0,0,0,0,0,0,0,0,0,0,0,0,0,0,0,0,0,0,0,0,0,0,0,0,0,0,0,0
170,-0,3988796,-0,5402123,0,107202,-0,6195667,0,03082754,-0,9211212,-0,4145878,-0,5381831,0,04262013,-0,4706727,0,06740692,-0,9562535,-0,4281828,-0,5850348,0,04349407,-0,5646857,0,08790199,-0,9848899,-0,4127182,-0,5868955,0,110542,-0,756191,0,06408396,-0,9371024,-0,429305,-0,5840716,-0,02555259,-0,4498126,0,1053215,-0,9875829,-0,3795299,-0,5404102,0,1704269,-0,4008324,-0,1021475,-0,9816896,-0,3917352,-0,5873252,0,1757413,-0,5540582,-0,07079843,-0,9930622,-0,4199111,-0,5362141,-0,02385815,-0,448774,0,1061827,-0,9557374,-0,3620249,-0,5953388,-0,0364058,-0,4671873,0,1178474,-1,148311,-0,3685432,-0,5351957,0,2349042,0,5084054,-0,3307105,-0,9845209,0,0,0,0,0,0,0,0,0,0,0,0,0,0,0,0,0,0,0,0,0,0,0,0,0,0,0,0,0,0
171,-0,4006951,-0,5390118,0,09834429,-0,09077344,0,06002786,-0,4428865,-0,4126467,-0,5383494,0,03288477,0,09705726,-0,008317832,-0,486768,-0,4266166,-0,5850253,0,03401119,0,0783101,0,0004798176,-0,4741443,-0,4192361,-0,5839395,0,1025726,-0,325893,0,1477987,-0,398468,-0,4311342,-0,5833085,-0,03492567,-0,09145591,0,03815295,-0,4686543,-0,3771472,-0,5418869,0,1602239,0,1191363,-0,07383826,-0,5101467,-0,3923867,-0,5879241,0,1654281,-0,03257842,-0,0299424,-0,5156608,-0,4223936,-0,5352229,-0,03311414,-0,1241208,0,0495583,-0,4627998,-0,3694203,-0,5916344,-0,06499005,-0,369768,0,1852185,-1,429213,-0,3686222,-0,5365662,0,2250986,-0,003951789,-0,06852451,-0,4902819,0,0,0,0,0,0,0,0,0,0,0,0,0,0,0,0,0,0,0,0,0,0,0,0,0,0,0,0,0,0
172,-0,3930075,-0,5419257,0,08706713,0,3843756,-0,1456977,-0,5638583,-0,4047262,-0,5398424,0,02156609,0,3960238,-0,07464591,-0,5659346,-0,42088,-0,5859603,0,0222322,0,2868266,-0,0467539,-0,5889499,-0,4094594,-0,587684,0,09006197,0,4888328,-0,1872242,-0,6255316,-0,4359307,-0,5796747,-0,04486651,-0,2398268,0,1816899,-0,4970424,-0,375689,-0,5428646,0,150933,0,07291141,-0,04888179,-0,4645454,-0,3893114,-0,5894256,0,1555453,0,1537666,-0,07507506,-0,4941361,-0,4251575,-0,5322227,-0,04160127,-0,1381949,0,150013,-0,4243564,-0,3708704,-0,5915404,-0,06472522,-0,0725061,0,004699828,0,01324155,-0,3711713,-0,536826,0,2161867,-0,1274527,-0,01299084,-0,4455911,0,0,0,0,0,0,0,0,0,0,0,0,0,0,0,0,0,0,0,0,0,0,0,0,0,0,0,0,0,0
173,-0,38349,-0,5436717,0,07925426,0,4758777,-0,08729998,-0,3906434,-0,3999295,-0,5397809,0,01488792,0,2398373,0,003075601,-0,3339083,-0,4089818,-0,5876646,0,01341303,0,5949142,-0,08521382,-0,4409587,-0,3915581,-0,5917223,0,07993492,0,8950639,-0,2019168,-0,5063525,-0,4355005,-0,5789914,-0,04972187,0,02150984,0,03416838,-0,2427679,-0,3674487,-0,5444779,0,1435105,0,4120158,-0,08066598,-0,3711292,-0,3818454,-0,5909139,0,1478204,0,3733011,-0,07441643,-0,3862457,-0,4246585,-0,5315075,-0,04658748,0,02494753,0,03575982,-0,2493109,-0,3680356,-0,5921034,-0,05737777,0,1417429,-0,0281483,0,3673728,-0,3695258,-0,53694,0,2086949,0,0822753,-0,005698206,-0,3745915,0,0,0,0,0,0,0,0,0,0,0,0,0,0,0,0,0,0,0,0,0,0,0,0,0,0,0,0,0,0
174,-0,3698483,-0,5460925,0,07302777,0,6820831,-0,1210362,-0,3113245,-0,392116,-0,5413585,0,01055048,0,3906743,-0,07888082,-0,216872,-0,3986502,-0,5896443,0,0082688,0,5165787,-0,09898547,-0,2572114,-0,3762607,-0,594399,0,07325478,0,7648709,-0,1338333,-0,3340074,-0,4355218,-0,5801845,-0,04930393,-0,001065433,-0,05965533,0,02089721,-0,3560828,-0,5465863,0,1377666,0,5682933,-0,1054198,-0,2871932,-0,3670888,-0,5939669,0,1412156,0,7378313,-0,1526505,-0,3302419,-0,4255604,-0,5323787,-0,04645903,-0,04509391,-0,04355909,0,006422403,-0,3673978,-0,5922911,-0,0524058,0,03188552,-0,009384755,0,2485982,-0,359622,-0,5400808,0,2030088,0,4951896,-0,1570434,-0,2843053,0,0,0,0,0,0,0,0,0,0,0,0,0,0,0,0,0,0,0,0,0,0,0,0,0,0,0,0,0,0
175,-0,3566519,-0,5479308,0,07025403,0,6598222,-0,09191934,-0,1386874,-0,3814135,-0,5427892,0,008741764,0,5351263,-0,07153454,-0,09043607,-0,3864811,-0,5911793,0,005734633,0,6084564,-0,07674697,-0,1267084,-0,3634504,-0,5961853,0,07055248,0,6405162,-0,08931462,-0,1351148,-0,4365674,-0,581091,-0,04075673,-0,05227926,-0,04532637,0,4273601,-0,341956,-0,5484632,0,134771,0,7063377,-0,09384457,-0,1497798,-0,3512991,-0,5962158,0,1380446,0,7894832,-0,1124472,-0,1585492,-0,4263561,-0,5333009,-0,03969213,-0,03978463,-0,04611017,0,3383453,-0,370705,-0,5929121,-0,05803971,-0,1653597,-0,03105105,-0,2816956,-0,3433061,-0,5429194,0,2002252,0,8157972,-0,1419277,-0,1391814,0,0,0,0,0,0,0,0,0,0,0,0,0,0,0,0,0,0,0,0,0,0,0,0,0,0,0,0,0,0
176,-0,3477194,-0,5485556,0,069214,0,4466267,-0,03123881,-0,05200135,-0,3793398,-0,5423725,0,01089933,0,1036823,0,02083183,0,1078782,-0,3864259,-0,5905058,0,008598004,0,002756716,0,03367068,0,1431686,-0,3551847,-0,5967075,0,06968459,0,4132839,-0,02610983,-0,04339444,-0,4405983,-0,5786436,-0,03261767,-0,2015457,0,1223684,0,4069533,-0,3307584,-0,5495062,0,1332463,0,5598816,-0,05215409,-0,07623437,-0,3410812,-0,597072,0,1367114,0,5108939,-0,04280807,-0,06666186,-0,4291614,-0,5312397,-0,03221704,-0,1402647,0,1030565,0,3737548,-0,3783683,-0,5917715,-0,05935733,-0,3831656,0,05702975,-0,06588085,-0,333307,-0,5434853,0,1986068,0,4999535,-0,02829732,-0,0809193,0,0,0,0,0,0,0,0,0,0,0,0,0,0,0,0,0,0,0,0,0,0,0,0,0,0,0,0,0,0
177,-0,3421097,-0,5501653,0,06855012,0,2804847,-0,08048418,-0,03319421,-0,3822064,-0,5420033,0,01605479,-0,1433284,0,01845957,0,2577734,-0,3942358,-0,5892875,0,01678025,-0,3904925,0,06091895,0,4091123,-0,3525555,-0,5977942,0,07080818,0,131464,-0,0543386,0,05617926,-0,4408077,-0,5764861,-0,03253771,-0,01046956,0,1078755,0,003997983,-0,3214071,-0,5508968,0,1314536,0,4675643,-0,06952587,-0,08963425,-0,3284466,-0,5990137,0,134853,0,6317335,-0,09708408,-0,09291921,-0,4285427,-0,5293614,-0,03030167,0,03093184,0,0939161,0,09576841,-0,3757809,-0,5909482,-0,05080031,0,1293719,0,04116298,0,4278513,-0,325962,-0,544873,0,1966996,0,3672512,-0,06938282,-0,09536002,0,0,0,0,0,0,0,0,0,0,0,0,0,0,0,0,0,0,0,0,0,0,0,0,0,0,0,0,0,0
178,-0,3235196,-0,5551195,0,0648079,0,9295035,-0,247711,-0,187111,-0,3778252,-0,5435714,0,02801493,0,2190606,-0,078401,0,5980069,-0,3903255,-0,5906616,0,03021178,0,1955123,-0,06870928,0,671577,-0,332552,-0,6029781,0,06560549,1,000171,-0,2591939,-0,2601345,-0,4293706,-0,5810871,-0,02591799,0,5718576,-0,2300472,0,3309861,-0,3071645,-0,5559741,0,128942,0,7121342,-0,2538682,-0,1255818,-0,3166742,-0,6037581,0,1321798,0,5886185,-0,2372206,-0,1336583,-0,4180324,-0,5336656,-0,02437816,0,5255179,-0,2152086,0,2961756,-0,3766455,-0,5907192,-0,0694963,-0,04322829,0,01145006,-0,9347997,-0,315017,-0,5493164,0,1937418,0,5472499,-0,2221704,-0,1478896,0,0,0,0,0,0,0,0,0,0,0,0,0,0,0,0,0,0,0,0,0,0,0,0,0,0,0,0,0,0
179,-0,3098976,-0,558771,0,06253842,0,6811011,-0,1825721,-0,1134742,-0,3679851,-0,5467272,0,03238353,0,4920038,-0,1577944,0,2184303,-0,3802896,-0,5938423,0,03534138,0,5017983,-0,1590342,0,25648,-0,3190516,-0,6066493,0,06410895,0,6750214,-0,1835585,-0,07482733,-0,4185682,-0,5855541,-0,02153388,0,5401182,-0,2233536,0,2192054,-0,2956301,-0,5583594,0,127152,0,5767199,-0,119263,-0,08949865,-0,3025674,-0,6065295,0,1305849,0,7053393,-0,1385689,-0,07974881,-0,4077343,-0,5380264,-0,02054728,0,5149024,-0,2180398,0,1915439,-0,3821473,-0,5911058,-0,07993636,-0,2750905,-0,01932979,-0,5220032,-0,3068076,-0,5514815,0,1914784,0,4104705,-0,108257,-0,1131691,0,0,0,0,0,0,0,0,0,0,0,0,0,0,0,0,0,0,0,0,0,0,0,0,0,0,0,0,0,0
180,-0,2905668,-0,5596395,0,05577593,0,9665418,-0,04342796,-0,3381246,-0,3535463,-0,5501015,0,03648138,0,7219392,-0,168711,0,2048925,-0,3623756,-0,5980345,0,03866697,0,8956987,-0,2096088,0,1662797,-0,2965597,-0,6080168,0,05628478,1,124599,-0,06837848,-0,3912084,-0,4028239,-0,5913136,-0,01686871,0,7872137,-0,287974,0,2332588,-0,2848277,-0,5586051,0,1216939,0,5401196,-0,01228452,-0,272907,-0,2919528,-0,6067628,0,1246148,0,5307289,-0,01166463,-0,2985005,-0,3942871,-0,5432873,-0,0159343,0,6723615,-0,2630473,0,2306492,-0,384976,-0,5916715,-0,08357876,-0,1414374,-0,02828242,-0,1821202,-0,2964974,-0,5522418,0,1860212,0,5155103,-0,03801288,-0,272862,0,0,0,0,0,0,0,0,0,0,0,0,0,0,0,0,0,0,0,0,0,0,0,0,0,0,0,0,0,0
181,-0,277555,-0,5590719,0,04788112,0,6505894,0,02838076,-0,3947403,-0,3427399,-0,5503628,0,03767906,0,5403238,-0,01306832,0,05988406,-0,3503263,-0,598532,0,03963105,0,6024676,-0,02487601,0,04820378,-0,2825658,-0,6075555,0,047888,0,6996933,0,02306701,-0,4198391,-0,3962127,-0,5916169,-0,01147829,0,330563,-0,01516343,0,2695212,-0,2775855,-0,5580469,0,1140641,0,3621088,0,02790989,-0,381487,-0,2825158,-0,6064822,0,1163761,0,4718529,0,01402796,-0,4119353,-0,3881803,-0,5434954,-0,01069193,0,3053383,-0,01040101,0,2621188,-0,392065,-0,5895184,-0,08041686,-0,3544496,0,107655,0,158095,-0,281976,-0,5536788,0,1794545,0,7260668,-0,07184747,-0,3283338,0,0,0,0,0,0,0,0,0,0,0,0,0,0,0,0,0,0,0,0,0,0,0,0,0,0,0,0,0,0
182,-0,2699124,-0,5560784,0,03907965,0,3821315,0,1496763,-0,4400738,-0,3358136,-0,5474947,0,03515027,0,3463151,0,1434059,-0,1264394,-0,3430652,-0,5956802,0,03658847,0,3630535,0,1425893,-0,152129,-0,2748108,-0,6045949,0,03840701,0,3877507,0,1480282,-0,4740501,-0,3963639,-0,5871677,-0,006477815,-0,007560852,0,2224565,0,2500236,-0,2722968,-0,5557555,0,1052141,0,2644331,0,1145691,-0,4425002,-0,2739398,-0,604467,0,106904,0,428802,0,1007587,-0,4736094,-0,3871892,-0,5392834,-0,006655707,0,04955681,0,2105982,0,2018111,-0,3915169,-0,5867798,-0,07535774,0,02740474,0,1369268,0,2529559,-0,2717348,-0,5526998,0,1707921,0,5120622,0,04894735,-0,4331218,0,0,0,0,0,0,0,0,0,0,0,0,0,0,0,0,0,0,0,0,0,0,0,0,0,0,0,0,0,0
183,-0,2648351,-0,5531889,0,03180379,0,2538622,0,1444758,-0,3637934,-0,3308605,-0,5446885,0,03081432,0,2476514,0,1403094,-0,2167978,-0,3379517,-0,5928987,0,03228447,0,2556742,0,1390756,-0,2152001,-0,2696748,-0,6016817,0,03054798,0,2567993,0,1456619,-0,3929513,-0,3945673,-0,5839717,-0,006214679,0,08982871,0,1598031,0,01315678,-0,2667311,-0,5537179,0,0979722,0,2782882,0,1018823,-0,3620976,-0,2681899,-0,6024604,0,09902626,0,2874912,0,1003296,-0,3938852,-0,3855535,-0,5360258,-0,00641765,0,08178654,0,1628817,0,01190289,-0,3897921,-0,5834295,-0,07512848,0,08624051,0,1675189,0,0114631,-0,2656357,-0,5515653,0,1635789,0,3049539,0,05672576,-0,3606597,0,0,0,0,0,0,0,0,0,0,0,0,0,0,0,0,0,0,0,0,0,0,0,0,0,0,0,0,0,0
184,-0,2614291,-0,5528415,0,02327373,0,1703025,0,01736582,-0,426503,-0,3260486,-0,5438921,0,01004314,0,2405957,0,0398189,-1,038559,-0,3334917,-0,5920652,0,00927977,0,2230034,0,04167856,-1,150235,-0,2662806,-0,6013228,0,02105809,0,1697109,0,01794697,-0,474495,-0,3996024,-0,5798396,-0,006461272,-0,2517552,0,2066047,-0,01232964,-0,2498705,-0,5560747,0,08839575,0,8430306,-0,1178414,-0,4788226,-0,2596752,-0,6038702,0,08921293,0,4257383,-0,0704855,-0,4906664,-0,3897155,-0,5320503,-0,006110514,-0,2080993,0,1987726,0,01535679,-0,4071685,-0,575982,-0,07504763,-0,86882,0,3723712,0,004042686,-0,2463044,-0,5549728,0,1539706,0,9665679,-0,170374,-0,4804166,0,0,0,0,0,0,0,0,0,0,0,0,0,0,0,0,0,0,0,0,0,0,0,0,0,0,0,0,0,0
185,-0,2596883,-0,5597401,0,02447476,0,08703921,-0,3449263,0,06005142,-0,3158947,-0,5500895,-0,009819879,0,5076976,-0,3098698,-0,9931515,-0,3224875,-0,5982012,-0,01429801,0,5502092,-0,3068001,-1,17889,-0,2650168,-0,6081542,0,02230715,0,06319138,-0,3415735,0,06245312,-0,3906396,-0,5870753,-0,01369488,0,4481422,-0,3617854,-0,3616804,-0,2277149,-0,5648507,0,08221766,1,107778,-0,4388036,-0,3089046,-0,2336591,-0,613211,0,08299983,1,300804,-0,4670413,-0,3106554,-0,3816866,-0,5391402,-0,01250272,0,4014434,-0,3544928,-0,3196104,-0,4110675,-0,5799912,-0,07926776,-0,194952,-0,2004594,-0,2110065,-0,22842,-0,5628867,0,147916,0,8942205,-0,3956975,-0,3027261,0,0,0,0,0,0,0,0,0,0,0,0,0,0,0,0,0,0,0,0,0,0,0,0,0,0,0,0,0,0
186,-0,2702115,-0,5580719,0,02842157,-0,5261602,0,08341077,0,1973405,-0,3228355,-0,546602,-0,01095211,-0,3470437,0,1743764,-0,05661135,-0,3280693,-0,5942985,-0,019235,-0,2790914,0,1951338,-0,2468494,-0,2767788,-0,6062081,0,02536175,-0,5880999,0,0973076,0,15273,-0,3965533,-0,5844743,-0,01983629,-0,2956868,0,1300514,-0,3070706,-0,2275538,-0,5660231,0,07862747,0,00805408,-0,05861821,-0,1795099,-0,2341883,-0,6142712,0,07849514,-0,02645851,-0,05301239,-0,2252341,-0,3885809,-0,5365204,-0,01811754,-0,3447177,0,1309872,-0,2807411,-0,4247064,-0,5760028,-0,08208369,-0,681943,0,1994223,-0,140797,-0,2094319,-0,5677353,0,1417897,0,9494018,-0,2424301,-0,3063188,0,0,0,0,0,0,0,0,0,0,0,0,0,0,0,0,0,0,0,0,0,0,0,0,0,0,0,0,0,0
187,-0,305759,-0,5534463,0,05015756,-1,777374,0,231278,1,0868,-0,3645803,-0,5408518,0,02197939,-2,087241,0,2875091,1,646575,-0,3724736,-0,5885839,0,01501518,-2,220214,0,2857269,1,71251,-0,3127824,-0,6016385,0,04678605,-1,800185,0,2284796,1,071216,-0,4336823,-0,5723079,-0,01266256,-1,85645,0,6083193,0,3586864,-0,2519671,-0,5632588,0,08760429,-1,220663,0,1382173,0,4488414,-0,2626375,-0,6106299,0,09276631,-1,42246,0,1820684,0,7135588,-0,4202637,-0,5254107,-0,01147535,-1,584139,0,5554887,0,3321096,-0,450426,-0,5642949,-0,07917247,-1,28598,0,5853953,0,1455613,-0,2016479,-0,569249,0,1292289,0,3892036,-0,07568601,-0,628038,0,0,0,0,0,0,0,0,0,0,0,0,0,0,0,0,0,0,0,0,0,0,0,0,0,0,0,0,0,0
188,-0,3362247,-0,5423025,0,08800796,-1,523288,0,5571904,1,892521,-0,3898285,-0,5297711,0,05007044,-1,262409,0,5540373,1,404553,-0,4033913,-0,5765586,0,0526697,-1,545887,0,6012651,1,882727,-0,3480355,-0,5895966,0,09106544,-1,762652,0,6020936,2,21397,-0,4505117,-0,5641891,0,003905643,-0,8414704,0,4059376,0,8284104,-0,2745987,-0,5564516,0,1091651,-1,13158,0,3403606,1,078041,-0,2817361,-0,604082,0,1006884,-0,9549323,0,3273906,0,3961051,-0,4355405,-0,5178483,0,002619237,-0,7638383,0,3781171,0,7047296,-0,4337969,-0,5693799,-0,06296831,0,8314539,-0,2542497,0,8102085,-0,2102837,-0,5674426,0,1176222,-0,4317911,0,09032194,-0,5803379,0,0,0,0,0,0,0,0,0,0,0,0,0,0,0,0,0,0,0,0,0,0,0,0,0,0,0,0,0,0
189,-0,3494363,-0,5369806,0,1045551,-0,6605777,0,2660931,0,8273586,-0,3988494,-0,5270849,0,06095934,-0,4510434,0,1343072,0,5444452,-0,4110684,-0,5742948,0,06304715,-0,3838541,0,1131922,0,5188726,-0,3637236,-0,5829133,0,1123497,-0,7844093,0,3341676,1,064215,-0,4557844,-0,5632412,0,01167771,-0,2636374,0,04739465,0,3886036,-0,2908109,-0,5493482,0,1327221,-0,8106115,0,3551663,1,177851,-0,3021621,-0,5962698,0,1393495,-1,021299,0,3906132,1,933056,-0,4414866,-0,516596,0,01066019,-0,2973081,0,06261768,0,4020479,-0,4281506,-0,5709934,-0,05123582,0,2823175,-0,08067492,0,5866243,-0,2286016,-0,5652915,0,1191735,-0,915898,0,1075536,0,07756691,0,0,0,0,0,0,0,0,0,0,0,0,0,0,0,0,0,0,0,0,0,0,0,0,0,0,0,0,0,0
190,-0,3573803,-0,5353851,0,1254638,-0,397201,0,07977489,1,045435,-0,3977436,-0,5312908,0,07263643,0,0552878,-0,2102912,0,5838549,-0,4087267,-0,5786974,0,07646979,0,1170844,-0,220129,0,6711321,-0,3698285,-0,5817869,0,1332818,-0,3052444,0,05631747,1,046603,-0,4570476,-0,5696682,0,02802466,-0,06315561,-0,3213466,0,8173475,-0,3039628,-0,5418995,0,1639117,-0,6575959,0,3724368,1,559479,-0,3146164,-0,5885671,0,1733413,-0,6227153,0,3851356,1,699591,-0,4445822,-0,5225494,0,02587999,-0,1547784,-0,2976717,0,76099,-0,4344192,-0,5769544,-0,0368629,-0,3134311,-0,2980502,0,7186464,-0,2447209,-0,5591887,0,1414157,-0,8059609,0,3051401,1,112112,0,0,0,0,0,0,0,0,0,0,0,0,0,0,0,0,0,0,0,0,0,0,0,0,0,0,0,0,0,0
191,-0,357372,-0,5343171,0,1298778,0,0004142525,0,0534028,0,220699,-0,4049506,-0,5287738,0,08355001,-0,360349,0,1258463,0,5456793,-0,4136469,-0,5767665,0,08569559,-0,2460108,0,09654466,0,4612906,-0,3679712,-0,5813813,0,1370024,0,09286556,0,02028347,0,1860329,-0,4611325,-0,5686329,0,03627394,-0,2042488,0,05176367,0,4124642,-0,3043279,-0,5393299,0,1691948,-0,01825244,0,1284808,0,264156,-0,3140873,-0,5860792,0,1790072,0,02645553,0,124392,0,283295,-0,4485705,-0,5215961,0,03347887,-0,1994164,0,04766585,0,3799442,-0,4342808,-0,5779502,-0,02668756,0,006918612,-0,04979076,0,5087673,-0,2445952,-0,5556885,0,1472684,0,006281587,0,1750112,0,2926328,0,0,0,0,0,0,0,0,0,0,0,0,0,0,0,0,0,0,0,0,0,0,0,0,0,0,0,0,0,0
192,-0,3592118,-0,5326772,0,1317101,-0,09198938,0,08199218,0,09161685,-0,4061899,-0,5278357,0,08474376,-0,06196352,0,04690887,0,05968737,-0,4217383,-0,5730576,0,09445448,-0,4045697,0,185445,0,4379446,-0,3698094,-0,5797287,0,1392155,-0,09190891,0,08262995,0,1106516,-0,4659121,-0,5670157,0,04165139,-0,238979,0,08085969,0,2688729,-0,3043419,-0,5382792,0,1683806,-0,0006988648,0,05253556,-0,04070924,-0,3137192,-0,5850747,0,1781194,0,01840145,0,05022587,-0,04439058,-0,4532992,-0,5200016,0,03810889,-0,2364323,0,07972124,0,2315012,-0,4252658,-0,5804276,-0,0125019,0,4507529,-0,1238704,0,7092835,-0,2421313,-0,5530419,0,1532209,0,1231984,0,1323283,0,2976255,0,0,0,0,0,0,0,0,0,0,0,0,0,0,0,0,0,0,0,0,0,0,0,0,0,0,0,0,0,0
193,-0,3616037,-0,5307833,0,127569,-0,1195983,0,09469692,-0,2070584,-0,4126813,-0,5243017,0,08542728,-0,3245742,0,176698,0,03417583,-0,427501,-0,5697563,0,09486466,-0,2881349,0,1650662,0,02050885,-0,3738418,-0,5769042,0,137549,-0,2016187,0,1412213,-0,08332285,-0,4710726,-0,5644632,0,04146276,-0,2580241,0,1276255,-0,009431694,-0,304979,-0,5373796,0,161215,-0,0318572,0,04497768,-0,3582822,-0,3143148,-0,5842918,0,1706761,-0,02977551,0,03914835,-0,3721678,-0,4587164,-0,5174044,0,03751931,-0,27086,0,1298607,-0,02947916,-0,4193375,-0,580012,-0,001522431,0,296411,0,02077819,0,5489735,-0,2419913,-0,55145,0,1491899,0,007000568,0,07959607,-0,2015487,0,0,0,0,0,0,0,0,0,0,0,0,0,0,0,0,0,0,0,0,0,0,0,0,0,0,0,0,0,0
194,-0,3668286,-0,5294484,0,1159294,-0,2612443,0,06674531,-0,5819789,-0,420704,-0,5208892,0,07776114,-0,401132,0,1706273,-0,3833072,-0,432707,-0,5678869,0,08264503,-0,2602995,0,09346906,-0,6109818,-0,3785437,-0,575993,0,1244479,-0,2350987,0,04556181,-0,6550557,-0,4763788,-0,5603895,0,02968227,-0,2653123,0,203684,-0,5890248,-0,3054588,-0,5397625,0,1385929,-0,02399237,-0,1191438,-1,131101,-0,3140713,-0,587326,0,1447963,0,01217127,-0,1517118,-1,29399,-0,4646057,-0,5131211,0,02806263,-0,2944679,0,2141655,-0,472834,-0,411558,-0,5754734,0,01129516,0,3889786,0,2269329,0,64088,-0,2408797,-0,5497747,0,1446296,0,05557539,0,08376542,-0,2280139,0,0,0,0,0,0,0,0,0,0,0,0,0,0,0,0,0,0,0,0,0,0,0,0,0,0,0,0,0,0
195,-0,3691052,-0,5303505,0,0967612,-0,1138285,-0,04510583,-0,9584107,-0,4284828,-0,518471,0,06926557,-0,3889413,0,1209081,-0,4247786,-0,4411058,-0,5653759,0,07411958,-0,4199417,0,1255483,-0,4262725,-0,379844,-0,5775454,0,1030237,-0,06501528,-0,07762018,-1,071209,-0,4762222,-0,5601674,0,0148974,0,007830563,0,01110733,-0,7392436,-0,3058835,-0,541774,0,1125269,-0,02123267,-0,1005769,-1,303301,-0,3132985,-0,5899107,0,1140616,0,0386432,-0,1292378,-1,536732,-0,4668768,-0,5122446,0,01495133,-0,1135529,0,04382731,-0,6555653,-0,4081469,-0,5717006,0,01207819,0,1705513,0,1886398,0,03915137,-0,2436001,-0,5499121,0,1316805,-0,1360186,-0,006869438,-0,6474572,0,0,0,0,0,0,0,0,0,0,0,0,0,0,0,0,0,0,0,0,0,0,0,0,0,0,0,0,0,0
196,-0,371167,-0,5326686,0,0700101,-0,1030922,-0,1159043,-1,337555,-0,4348605,-0,5155455,0,0608847,-0,318885,0,1462758,-0,4190435,-0,4491306,-0,5617754,0,06699347,-0,4012407,0,180024,-0,3563059,-0,3837897,-0,5787591,0,08027306,-0,197281,-0,06068351,-1,137534,-0,4734747,-0,5607436,0,002322367,0,1373739,-0,0288129,-0,6287521,-0,3089527,-0,5447147,0,08927256,-0,1534612,-0,1470328,-1,162719,-0,3181699,-0,5923412,0,09426841,-0,2435715,-0,121525,-0,9896621,-0,4648173,-0,5127065,0,001177772,0,1029745,-0,02309383,-0,6886781,-0,4060297,-0,5713405,-0,008187101,0,1058639,0,01800359,-1,013265,-0,2463498,-0,5542505,0,106686,-0,1374864,-0,2169193,-1,249724,0,0,0,0,0,0,0,0,0,0,0,0,0,0,0,0,0,0,0,0,0,0,0,0,0,0,0,0,0,0
197,-0,3709317,-0,5344409,0,04594866,0,01176745,-0,08861724,-1,203073,-0,4346418,-0,5153634,0,0482277,0,01093448,0,009104613,-0,6328503,-0,4492637,-0,5615357,0,05401276,-0,006651881,0,01198948,-0,6490356,-0,3833885,-0,5812771,0,05184997,0,02005697,-0,1259,-1,421155,-0,4722082,-0,5603217,-0,0111658,0,06332698,0,02109707,-0,6744087,-0,309134,-0,5474223,0,06567799,-0,00906438,-0,1353831,-1,179729,-0,3190638,-0,5949231,0,07076406,-0,04469754,-0,1290918,-1,175218,-0,4639238,-0,5121752,-0,01179782,0,04467519,0,02656282,-0,6487799,-0,4052021,-0,5703796,-0,02474905,0,04137905,0,04804732,-0,8280975,-0,2467036,-0,5578813,0,08292962,-0,01768843,-0,1815409,-1,187821,0,0,0,0,0,0,0,0,0,0,0,0,0,0,0,0,0,0,0,0,0,0,0,0,0,0,0,0,0,0
198,-0,3638263,-0,5341712,0,01906164,0,3552707,0,01348556,-1,344351,-0,42603,-0,5168843,0,03533808,0,4305901,-0,07604662,-0,6444812,-0,4386931,-0,563749,0,04009336,0,5285265,-0,110665,-0,6959704,-0,3753936,-0,5815402,0,01955045,0,3997476,-0,01315773,-1,614976,-0,4740945,-0,5581993,-0,01893534,-0,09431545,0,1061172,-0,3884771,-0,3017882,-0,5482091,0,03751939,0,3672899,-0,03933908,-1,40793,-0,3128383,-0,5953023,0,04397431,0,3112764,-0,01896323,-1,339488,-0,4648325,-0,5101786,-0,01859079,-0,04543813,0,09983186,-0,3396486,-0,4059155,-0,5690097,-0,02445752,-0,03567041,0,06849173,0,01457641,-0,2412539,-0,5584426,0,06070805,0,2724857,-0,02806486,-1,111079,0,0,0,0,0,0,0,0,0,0,0,0,0,0,0,0,0,0,0,0,0,0,0,0,0,0,0,0,0,0
199,-0,3439731,-0,5402216,-0,01308057,0,9926592,-0,3025175,-1,607111,-0,4081449,-0,5257332,-0,003100693,0,8942548,-0,4424425,-1,921939,-0,4193306,-0,5731671,-0,0005478195,0,9681273,-0,4709067,-2,03206,-0,3531551,-0,5880532,-0,01250493,1,111924,-0,3256471,-1,602769,-0,4693224,-0,5619727,-0,04685371,0,2386049,-0,1886667,-1,395919,-0,2791289,-0,5514678,-0,005455544,1,132964,-0,1629323,-2,148747,-0,2860052,-0,5997964,-0,006132179,1,341655,-0,2247036,-2,505325,-0,4597538,-0,5141114,-0,04380521,0,2539382,-0,1966418,-1,260721,-0,4025644,-0,5725562,-0,0616365,0,1675547,-0,1773239,-1,85895,-0,2180339,-0,5598782,0,01715984,1,161001,-0,0717819,-2,177412,0,0,0,0,0,0,0,0,0,0,0,0,0,0,0,0,0,0,0,0,0,0,0,0,0,0,0,0,0,0
200,-0,3144648,-0,5345549,-0,07855594,1,475414,0,2833338,-3,27377,-0,3784765,-0,5265163,-0,06213206,1,48342,-0,03915431,-2,951569,-0,3865195,-0,5744053,-0,06641608,1,640554,-0,06191137,-3,293414,-0,320946,-0,5822839,-0,08605885,1,610454,0,2884657,-3,677697,-0,4521363,-0,563154,-0,0479605,0,8593071,-0,05906823,-0,05533958,-0,2547067,-0,5457021,-0,05240601,1,22111,0,2882839,-2,347524,-0,2594245,-0,5938506,-0,0582485,1,329035,0,2972902,-2,605817,-0,4426396,-0,5152967,-0,04754728,0,8557115,-0,05926492,-0,1871035,-0,4079942,-0,5699057,-0,1006266,-0,2714918,0,132525,-1,949507,-0,1904084,-0,5524351,-0,041123,1,381275,0,3721566,-2,914143,0,0,0,0,0,0,0,0,0,0,0,0,0,0,0,0,0,0,0,0,0,0,0,0,0,0,0,0,0,0
201,-0,295371,-0,5315862,-0,09531353,0,9546909,0,1484335,-0,83788,-0,3610654,-0,5264376,-0,08525512,0,870559,0,003930928,-1,156153,-0,3663152,-0,5747174,-0,08980493,1,010219,-0,0156045,-1,169443,-0,2993668,-0,5791499,-0,1053792,1,078962,0,1566977,-0,9660188,-0,4135291,-0,5724562,-0,03943419,1,930361,-0,4651071,0,4263157,-0,2297018,-0,5372508,-0,08970933,1,250245,0,4225673,-1,865167,-0,2313624,-0,5849884,-0,09932614,1,403109,0,44311,-2,053883,-0,4101381,-0,523769,-0,04000319,1,625074,-0,4236163,0,3772044,-0,403114,-0,5723201,-0,1077253,0,2440126,-0,1207203,-0,3549361,-0,1681425,-0,5428936,-0,06766956,1,113297,0,4770758,-1,327328,0,0,0,0,0,0,0,0,0,0,0,0,0,0,0,0,0,0,0,0,0,0,0,0,0,0,0,0,0,0
frame,x0,y0,z0,vx0,vy0,vz0,x1,y1,z1,vx1,vy1,vz1,x2,y2,z2,vx2,vy2,vz2,x3,y3,z3,vx3,vy3,vz3,x4,y4,z4,vx4,vy4,vz4,x5,y5,z5,vx5,vy5,vz5,x6,y6,z6,vx6,vy6,vz6,x7,y7,z7,vx7,vy7,vz7,x8,y8,z8,vx8,vy8,vz8,x9,y9,z9,vx9,vy9,vz9,dx0,dy0,dz0,dx1,dy1,dz1,dx2,dy2,dz2,dx3,dy3,dz3,dx4,dy4,dz4,dx5,dy5,dz5,dx6,dy6,dz6,dx7,dy7,dz7,dx8,dy8,dz8,dx9,dy9,dz9
1,-0,4660969,-0,4124999,0,1201941,0,0,0,-0,4774206,-0,4124999,0,06057475,0,0,0,-0,4960571,-0,4499999,0,06266653,0,0,0,-0,4842914,-0,4499999,0,1243446,0,0,0,-0,4999998,-0,4499999,0,0,0,0,-0,4474226,-0,4124999,0,1779181,0,0,0,-0,4648881,-0,4499999,0,184062,0,0,0,-0,4812151,-0,4124999,0,0,0,0,-0,4960571,-0,4499999,-0,06266659,0,0,0,-0,4216921,-0,4124999,0,2328362,0,0,0,0,0,0,0,0,0,0,0,0,0,0,0,0,0,0,0,0,0,0,0,0,0,0,0,0,0,0,0,0,0
2,-0,466097,-0,4949999,0,1322135,-5,960467E-06,-4,125002,0,6009734,-0,4774207,-0,4949999,0,06663226,-5,960467E-06,-4,125002,0,3028755,-0,4960572,-0,54,0,06893321,-5,960467E-06,-4,500003,0,3133343,-0,4842915,-0,54,0,1367791,-5,960467E-06,-4,500003,0,6217266,-0,4999999,-0,54,0,-5,960467E-06,-4,500003,0,-0,4474227,-0,4949999,0,19571,-5,960467E-06,-4,125002,0,8895952,-0,4648882,-0,54,0,2024682,-5,960467E-06,-4,500003,0,9203147,-0,4812152,-0,4949999,0,-5,960467E-06,-4,125002,0,-0,4960572,-0,54,-0,06893328,-5,960467E-06,-4,500003,-0,3133347,-0,4216922,-0,4949999,0,2561199,-4,47035E-06,-4,125002,1,164188,0,0,0,0,0,0,0,0,0,0,0,0,0,0,0,0,0,0,0,0,0,0,0,0,0,0,0,0,0,0
3,-0,4664985,-0,4965909,0,1324012,-0,02007187,-0,0795469,0,009384755,-0,4776977,-0,4967208,0,06679991,-0,01385063,-0,08604232,0,008382652,-0,4962834,-0,5417348,0,06913856,-0,01130701,-0,08674268,0,01026765,-0,4844064,-0,5417126,0,1369592,-0,00574142,-0,08563105,0,009001795,-0,4995111,-0,5420962,0,0001789439,0,0244394,-0,1048118,0,0089472,-0,4479743,-0,4964114,0,1959271,-0,02757908,-0,07057044,0,01085476,-0,4653573,-0,5414442,0,2027266,-0,02345295,-0,07221404,0,01291857,-0,4810885,-0,4969542,0,0001499802,0,006337466,-0,09771291,0,007499011,-0,4957993,-0,5420133,-0,06876472,0,01289547,-0,1006663,0,0084281,-0,4226398,-0,4961072,0,2564687,-0,04737826,-0,05536231,0,01743735,0,0,0,0,0,0,0,0,0,0,0,0,0,0,0,0,0,0,0,0,0,0,0,0,0,0,0,0,0,0
4,-0,4681013,-0,5105401,0,1320334,-0,08014295,-0,6974626,-0,01839028,-0,4797944,-0,5106606,0,06651933,-0,1048327,-0,6969902,-0,0140287,-0,4979818,-0,5558116,0,06887916,-0,08492175,-0,7038388,-0,01296998,-0,4858578,-0,5556934,0,1367167,-0,07257316,-0,6990436,-0,01212508,-0,5008804,-0,5563446,-0,0001575262,-0,0684664,-0,7124189,-0,01682352,-0,4511834,-0,509414,0,1959999,-0,1604558,-0,6501305,0,00364408,-0,4685223,-0,5544357,0,202988,-0,1582489,-0,6495717,0,01306758,-0,4827876,-0,5110905,-0,0001614561,-0,08495901,-0,706816,-0,01557182,-0,4964348,-0,5564677,-0,06911918,-0,03177376,-0,7227215,-0,01772308,-0,4248874,-0,509266,0,2561529,-0,1123831,-0,6579387,-0,01578928,0,0,0,0,0,0,0,0,0,0,0,0,0,0,0,0,0,0,0,0,0,0,0,0,0,0,0,0,0,0
5,-0,4604769,-0,5110266,0,1281915,0,381221,-0,02432466,-0,1920947,-0,4777763,-0,5088058,0,06395346,0,1009047,0,09274188,-0,1282938,-0,495023,-0,5543205,0,06595509,0,1479418,0,0745565,-0,1462035,-0,4767498,-0,5568219,0,1323531,0,4554005,-0,05642178,-0,2181814,-0,5024716,-0,5526412,-0,002755553,-0,07956031,0,1851708,-0,1299014,-0,4532977,-0,5064895,0,1938324,-0,1057178,0,1462222,-0,1083784,-0,4700263,-0,5518463,0,2003036,-0,07520321,0,1294673,-0,1342208,-0,4829779,-0,5079675,-0,00264718,-0,009514395,0,1561523,-0,1242862,-0,4996342,-0,5520131,-0,07186989,-0,1599715,0,2227307,-0,1375355,-0,422893,-0,5084713,0,2519567,0,09972308,0,03973247,-0,2098114,0,0,0,0,0,0,0,0,0,0,0,0,0,0,0,0,0,0,0,0,0,0,0,0,0,0,0,0,0,0
6,-0,4612164,-0,493848,0,1237618,-0,03697278,0,8589331,-0,2214861,-0,4692926,-0,4951344,0,05769667,0,4241811,0,6835702,-0,3128396,-0,4771422,-0,5432724,0,05876802,0,8940387,0,5524012,-0,3593538,-0,4717647,-0,5413668,0,1273261,0,2492563,0,7727566,-0,2513492,-0,4824865,-0,54226,-0,009989889,0,9992559,0,5190583,-0,361717,-0,4463814,-0,4915659,0,1883174,0,3458174,0,7461789,-0,2757461,-0,4628885,-0,5369681,0,1951193,0,3568919,0,7439139,-0,2592147,-0,4736098,-0,494336,-0,008965913,0,4684063,0,6815749,-0,3159368,-0,48829,-0,5381516,-0,0786172,0,5672129,0,6930742,-0,3373658,-0,4153131,-0,4934457,0,2462029,0,3789918,0,7512811,-0,2876872,0,0,0,0,0,0,0,0,0,0,0,0,0,0,0,0,0,0,0,0,0,0,0,0,0,0,0,0,0,0
7,-0,4616178,-0,4953251,0,1201189,-0,02007038,-0,07385913,-0,182147,-0,4652183,-0,4980975,0,05369304,0,2037168,-0,1481563,-0,2001814,-0,4772512,-0,5453224,0,05546726,-0,005450847,-0,1024992,-0,1650384,-0,4777856,-0,5411717,0,1242223,-0,3010468,0,009751324,-0,1551867,-0,474656,-0,5467747,-0,01351974,0,3915282,-0,2257378,-0,1764928,-0,4371838,-0,4974396,0,1816107,0,4598813,-0,2936811,-0,3353381,-0,4551488,-0,5421626,0,1888633,0,3869878,-0,2597273,-0,3127993,-0,4619478,-0,4996923,-0,01292832,0,583102,-0,2678157,-0,1981203,-0,4778771,-0,5433964,-0,0824456,0,5206468,-0,2622367,-0,19142,-0,4055903,-0,4999004,0,2391231,0,4861431,-0,3227339,-0,3539921,0,0,0,0,0,0,0,0,0,0,0,0,0,0,0,0,0,0,0,0,0,0,0,0,0,0,0,0,0,0
8,-0,4470727,-0,5214127,0,1111374,0,7272515,-1,30438,-0,4490705,-0,4652528,-0,518486,0,04718835,-0,001722575,-1,019428,-0,3252351,-0,4800205,-0,5649294,0,04826483,-0,1384631,-0,9803478,-0,3601213,-0,4618316,-0,5677844,0,1146153,0,7976997,-1,330632,-0,4803533,-0,4734104,-0,5667698,-0,02045311,0,06227645,-0,9997551,-0,3466682,-0,4214248,-0,5239841,0,1720877,0,7879469,-1,327226,-0,4761489,-0,4373691,-0,5695923,0,178564,0,8889843,-1,371486,-0,5149664,-0,4573257,-0,5207667,-0,01904627,0,2311052,-1,05372,-0,305898,-0,4705531,-0,5640345,-0,08939367,0,3661977,-1,031909,-0,3474036,-0,3922777,-0,5249239,0,2308972,0,6656306,-1,251175,-0,4112938,0,0,0,0,0,0,0,0,0,0,0,0,0,0,0,0,0,0,0,0,0,0,0,0,0,0,0,0,0,0
9,-0,4273451,-0,5261435,0,09671891,0,9863813,-0,2365381,-0,7209271,-0,4713708,-0,5146007,0,04813004,-0,3059016,0,1942665,0,04708471,-0,486331,-0,56102,0,04951612,-0,3155233,0,1954675,0,0625646,-0,4395609,-0,5732831,0,0985375,1,113539,-0,2749355,-0,8038889,-0,4594654,-0,5696976,-0,01349386,0,697251,-0,1463891,0,3479622,-0,3953102,-0,531226,0,154468,1,305734,-0,3620984,-0,880986,-0,4092304,-0,5776331,0,1598267,1,406932,-0,4020424,-0,936861,-0,4475889,-0,5223782,-0,01375891,0,4868375,-0,08057657,0,2643681,-0,4462176,-0,571763,-0,08125506,1,216776,-0,386423,0,4069307,-0,3711448,-0,5305724,0,2155398,1,056642,-0,2824248,-0,7678713,0,0,0,0,0,0,0,0,0,0,0,0,0,0,0,0,0,0,0,0,0,0,0,0,0,0,0,0,0,0
10,-0,4230852,-0,5290328,0,09232714,0,2129988,-0,1444638,-0,2195888,-0,4718132,-0,5150972,0,04921676,-0,02211929,-0,02482534,0,05433599,-0,4876865,-0,5611935,0,05103223,-0,06777796,-0,00867248,0,07580522,-0,4399154,-0,5743006,0,09894271,-0,01772941,-0,05087854,0,02026037,-0,4560012,-0,5726145,-0,009215917,0,1732127,-0,1458437,0,2138975,-0,3724771,-0,5407757,0,133332,1,141651,-0,477484,-1,0568,-0,3845502,-0,5879144,0,1370493,1,234015,-0,5140634,-1,138872,-0,4400489,-0,526502,-0,008360014,0,3769995,-0,2061904,0,2699451,-0,4229426,-0,5812831,-0,06922393,1,163748,-0,4760059,0,6015564,-0,3390111,-0,544259,0,1897702,1,606686,-0,6843302,-1,288482,0,0,0,0,0,0,0,0,0,0,0,0,0,0,0,0,0,0,0,0,0,0,0,0,0,0,0,0,0,0
11,-0,4138787,-0,5310265,0,08096109,0,4603209,-0,09968881,-0,5683029,-0,4702423,-0,5140141,0,04992435,0,07854405,0,05415382,0,03537947,-0,4858688,-0,5601789,0,05098371,0,09088371,0,05072655,-0,00242591,-0,427316,-0,5778913,0,08259302,0,6299751,-0,1795352,-0,8174851,-0,4452182,-0,5733556,-0,003222114,0,5391481,-0,03705324,0,2996903,-0,3546238,-0,546144,0,1063186,0,8926693,-0,2684147,-1,35067,-0,3656188,-0,5935625,0,107828,0,9465683,-0,2824039,-1,461064,-0,4286395,-0,5275431,-0,0005619546,0,5704718,-0,05205574,0,3899032,-0,4037529,-0,5836505,-0,05747229,0,9594876,-0,1183689,0,5875825,-0,3090813,-0,5542594,0,1530168,1,496494,-0,5000235,-1,837669,0,0,0,0,0,0,0,0,0,0,0,0,0,0,0,0,0,0,0,0,0,0,0,0,0,0,0,0,0,0
12,-0,4005342,-0,5314924,0,05906192,0,667228,-0,0232935,-1,094959,-0,4635308,-0,5149738,0,04521952,0,3355758,-0,04798176,-0,2352416,-0,4768392,-0,5619636,0,04592301,0,451483,-0,08923415,-0,2530349,-0,4109756,-0,5790425,0,05652409,0,8170161,-0,05755725,-1,303447,-0,4267686,-0,5746183,-7,085254E-05,0,9224821,-0,06313624,0,1575631,-0,3376014,-0,545045,0,07438497,0,8511174,0,05494954,-1,596683,-0,3456594,-0,5930284,0,07172079,0,9979699,0,02670289,-1,805364,-0,42119,-0,526403,-0,005219005,0,372474,0,0570059,-0,2328526,-0,363147,-0,5830866,-0,02555885,2,030294,0,02819301,1,595673,-0,2904799,-0,554547,0,1191545,0,9300697,-0,01437963,-1,693117,0,0,0,0,0,0,0,0,0,0,0,0,0,0,0,0,0,0,0,0,0,0,0,0,0,0,0,0,0,0
13,-0,3848511,-0,5355937,0,03797221,0,7841545,-0,2050669,-1,054486,-0,449678,-0,5211964,0,03339293,0,6926376,-0,3111334,-0,5913297,-0,4609993,-0,5686747,0,03264646,0,791997,-0,3355534,-0,663828,-0,3937493,-0,5834029,0,03471122,0,8613188,-0,218019,-1,090644,-0,4109244,-0,5778236,-0,01408005,0,7922071,-0,160265,-0,7004601,-0,3254464,-0,5475031,0,06467349,0,6077515,-0,1229048,-0,4855743,-0,3301924,-0,5954802,0,05745586,0,7733527,-0,1225889,-0,7132468,-0,4064732,-0,529259,-0,01694338,0,735842,-0,1428009,-0,5862188,-0,3422756,-0,5828029,-0,02035331,1,043569,0,01418591,0,2602768,-0,2657906,-0,5563732,0,0905823,1,234463,-0,09130839,-1,428609,0,0,0,0,0,0,0,0,0,0,0,0,0,0,0,0,0,0,0,0,0,0,0,0,0,0,0,0,0,0
14,-0,3714162,-0,5349429,0,01898864,0,6717476,0,03254415,-0,9491791,-0,4362997,-0,5213013,0,01344372,0,6689193,-0,005245211,-0,997461,-0,4467159,-0,5688085,0,008556203,0,7141668,-0,006690624,-1,204513,-0,3796045,-0,5827971,0,01441037,0,7072407,0,03029109,-1,015043,-0,3851576,-0,5766238,-0,02222904,1,288345,0,05998912,-0,4074497,-0,3131661,-0,5466939,0,04805013,0,6140145,0,04046263,-0,8311683,-0,3183427,-0,5948843,0,04262482,0,5924808,0,02979637,-0,7415519,-0,3828039,-0,5280474,-0,02628697,1,183463,0,06058218,-0,4671796,-0,3170831,-0,5792407,-0,03352554,1,25963,0,1781077,-0,6586117,-0,2514616,-0,5549343,0,06885937,0,7164526,0,07194284,-1,086147,0,0,0,0,0,0,0,0,0,0,0,0,0,0,0,0,0,0,0,0,0,0,0,0,0,0,0,0,0,0
15,-0,3552876,-0,5357625,-0,00707273,0,8064303,-0,04098417,-1,303069,-0,4207906,-0,5239593,-0,006610963,0,7754523,-0,1328976,-1,002734,-0,4301695,-0,5715348,-0,0131863,0,8273217,-0,1363159,-1,087126,-0,3624268,-0,5835624,-0,01328196,0,8588839,-0,03826918,-1,384617,-0,3662727,-0,5776666,-0,03937976,0,9442452,-0,05214217,-0,8575362,-0,301729,-0,5475144,0,02997872,0,5718547,-0,04102887,-0,9035709,-0,3082888,-0,5957411,0,0269187,0,5026953,-0,04284086,-0,7853067,-0,3656271,-0,5290045,-0,04441465,0,8588407,-0,04785361,-0,9063845,-0,2992709,-0,5750437,-0,02250038,0,890607,0,2098502,0,5512584,-0,2399287,-0,5564223,0,05029128,0,5766439,-0,07439855,-0,9284047,0,0,0,0,0,0,0,0,0,0,0,0,0,0,0,0,0,0,0,0,0,0,0,0,0,0,0,0,0,0
16,-0,3390142,-0,5375798,-0,03168229,0,8136693,-0,09086136,-1,230478,-0,4010617,-0,528955,-0,009149987,0,9864469,-0,2497853,-0,1269513,-0,4097481,-0,5768781,-0,01229542,1,021068,-0,267163,0,04454434,-0,346462,-0,5853319,-0,0380674,0,7982421,-0,08847419,-1,239273,-0,3594804,-0,5808212,-0,05958382,0,3396155,-0,1577259,-1,010203,-0,2827084,-0,5497009,0,0009022268,0,9510297,-0,1093209,-1,453825,-0,2872718,-0,5977458,-0,005868993,1,050854,-0,1002372,-1,639385,-0,357702,-0,5320505,-0,05991316,0,3962578,-0,1523018,-0,7749261,-0,2906384,-0,5817887,-0,06488694,0,4316287,-0,3372462,-2,119329,-0,2262645,-0,5587963,0,0332263,0,6832096,-0,1187027,-0,8532494,0,0,0,0,0,0,0,0,0,0,0,0,0,0,0,0,0,0,0,0,0,0,0,0,0,0,0,0,0,0
17,-0,3209824,-0,5405861,-0,04702182,0,9015906,-0,150314,-0,7669768,-0,3716896,-0,5364963,-0,004052247,1,468607,-0,3770681,0,2548871,-0,3772161,-0,58496,-0,00461934,1,626602,-0,4040958,0,383804,-0,3279032,-0,5885428,-0,05258546,0,9279374,-0,1605452,-0,7259029,-0,3536766,-0,5851926,-0,06951065,0,2901883,-0,2185733,-0,4963417,-0,2599784,-0,5511447,-0,0235284,1,136502,-0,07219318,-1,221532,-0,2637168,-0,5991471,-0,0312272,1,177748,-0,07006231,-1,267911,-0,3495059,-0,5366852,-0,06700794,0,4098059,-0,231734,-0,3547392,-0,2922105,-0,5873595,-0,1009582,-0,07860515,-0,2785416,-1,803564,-0,2066134,-0,5604582,0,01364569,0,9825562,-0,08309487,-0,9790311,0,0,0,0,0,0,0,0,0,0,0,0,0,0,0,0,0,0,0,0,0,0,0,0,0,0,0,0,0,0
18,-0,2979761,-0,5423259,-0,05243411,1,150313,-0,08699302,-0,2706149,-0,3340128,-0,5438102,0,003719652,1,88384,-0,3656925,0,3885951,-0,330697,-0,5925158,0,005184305,2,325958,-0,3777923,0,4901825,-0,3020383,-0,5907343,-0,05749423,1,293248,-0,1095742,-0,2454386,-0,3256882,-0,5922859,-0,06371991,1,399421,-0,3546627,0,2895371,-0,2322865,-0,5476277,-0,04615995,1,384596,0,1758517,-1,131578,-0,2337226,-0,5954596,-0,05546794,1,499712,0,1843751,-1,212037,-0,3229009,-0,543624,-0,06217733,1,33025,-0,3469409,0,2415308,-0,282357,-0,5915225,-0,1174325,0,4926743,-0,2081514,-0,8237149,-0,1833322,-0,5567653,-0,003212368,1,164061,0,1846463,-0,8429031,0,0,0,0,0,0,0,0,0,0,0,0,0,0,0,0,0,0,0,0,0,0,0,0,0,0,0,0,0,0
19,-0,2677359,-0,5502819,-0,009977241,1,512012,-0,3977986,2,122844,-0,3307726,-0,5486711,0,0115064,0,16201,-0,243047,0,3893378,-0,3320207,-0,5973665,0,01391716,-0,06618503,-0,2425344,0,4366428,-0,2677256,-0,5989832,-0,01074013,1,715635,-0,4124464,2,337706,-0,3081098,-0,5993,-0,05083391,0,87892,-0,3507049,0,6443002,-0,2111439,-0,548728,-0,04442544,1,057131,-0,05501511,0,08672554,-0,2103138,-0,5974427,-0,04805345,1,170443,-0,09915832,0,3707243,-0,304172,-0,550685,-0,04969157,0,936446,-0,3530504,0,6242881,-0,2894287,-0,5977406,-0,1172268,-0,3535868,-0,3109039,0,01028479,-0,1493175,-0,5498121,-0,02080687,1,700736,0,3476621,-0,8797252,0,0,0,0,0,0,0,0,0,0,0,0,0,0,0,0,0,0,0,0,0,0,0,0,0,0,0,0,0,0
20,-0,2791714,-0,5527135,0,005515545,-0,5717787,-0,1215786,0,7746396,-0,3456815,-0,5486823,0,01002952,-0,7454458,-0,0005602839,-0,07384441,-0,3484719,-0,5973054,0,01509353,-0,8225623,0,003054739,0,05881887,-0,2811379,-0,6011183,0,0006343457,-0,6706181,-0,106752,0,5687242,-0,3051513,-0,6031671,-0,0383964,0,1479224,-0,1933546,0,6218756,-0,2140336,-0,5552615,0,01701631,-0,1444847,-0,3266753,3,072089,-0,2134528,-0,6038448,0,01106185,-0,1569547,-0,3201009,2,955767,-0,2989126,-0,5546637,-0,03733897,0,2629698,-0,1989365,0,6176303,-0,2829681,-0,6031617,-0,1036885,0,3230305,-0,2710552,0,6769134,-0,218347,-0,5627863,0,08197347,-3,451478,-0,6487104,5,139019,0,0,0,0,0,0,0,0,0,0,0,0,0,0,0,0,0,0,0,0,0,0,0,0,0,0,0,0,0,0
21,-0,3750582,-0,5316128,0,09502205,-4,794339,1,055035,4,475327,-0,3583343,-0,5378138,0,03091104,-0,632641,0,5434277,1,044077,-0,3686418,-0,585492,0,03194605,-1,008496,0,5906733,0,8426261,-0,3808095,-0,5799384,0,09950215,-4,983583,1,058993,4,943392,-0,3259781,-0,594079,-0,02160139,-1,041338,0,4544021,0,8397509,-0,3557417,-0,5271477,0,1580649,-7,085407,1,40569,7,052433,-0,3635953,-0,574783,0,1655776,-7,507126,1,453087,7,725789,-0,3194603,-0,5457266,-0,02281192,-1,027385,0,4468562,0,7263528,-0,2793287,-0,6001188,-0,07213063,0,1819716,0,1521439,1,577896,-0,2985258,-0,5409681,0,1288151,-4,008943,1,090909,2,342081,0,0,0,0,0,0,0,0,0,0,0,0,0,0,0,0,0,0,0,0,0,0,0,0,0,0,0,0,0,0
22,-0,3814816,-0,5238421,0,1044871,-0,3211708,0,388533,0,4732514,-0,3192846,-0,5326316,0,08241374,1,952485,0,2591104,2,575136,-0,3239149,-0,5809891,0,08570657,2,236346,0,2251447,2,688027,-0,3884275,-0,5719611,0,1080394,-0,3808977,0,3988655,0,4268629,-0,3577117,-0,5799617,0,02548422,-1,586682,0,7058653,2,354281,-0,3903821,-0,516508,0,169614,-1,732022,0,5319866,0,577456,-0,3982785,-0,5643919,0,1753736,-1,734159,0,519556,0,4897999,-0,3482095,-0,5321886,0,02220432,-1,437462,0,6769004,2,250813,-0,3168673,-0,59011,-0,02925825,-1,876933,0,5004408,2,14362,-0,3351559,-0,5292944,0,1360574,-1,831505,0,5836847,0,3621148,0,0,0,0,0,0,0,0,0,0,0,0,0,0,0,0,0,0,0,0,0,0,0,0,0,0,0,0,0,0
23,-0,4290092,-0,5112435,0,1186257,-2,376381,0,6299319,0,7069303,-0,3694882,-0,5261949,0,09288173,-2,510182,0,3218324,0,5233998,-0,3798951,-0,5737908,0,09410751,-2,799011,0,3599109,0,4200471,-0,4402558,-0,5584856,0,1234999,-2,591414,0,6737771,0,7730263,-0,409357,-0,5671169,0,03201931,-2,582267,0,6422403,0,3267546,-0,4220616,-0,5051895,0,1841614,-1,583975,0,5659255,0,7273677,-0,434906,-0,551651,0,1914391,-1,831376,0,6370457,0,8032757,-0,393978,-0,520735,0,03094156,-2,288427,0,5726787,0,4368622,-0,363312,-0,5810681,-0,01767,-2,322237,0,4520954,0,579413,-0,364242,-0,5243101,0,1596169,-1,454302,0,2492161,1,177977,0,0,0,0,0,0,0,0,0,0,0,0,0,0,0,0,0,0,0,0,0,0,0,0,0,0,0,0,0,0
24,-0,4821051,-0,4957816,0,1214958,-2,654798,0,7730934,0,1435064,-0,4219781,-0,5165552,0,1019486,-2,624496,0,4819872,0,4533434,-0,4359793,-0,5631658,0,1053715,-2,80421,0,5312535,0,5632011,-0,4984722,-0,5415938,0,1246198,-2,910825,0,8445863,0,05599225,-0,4195306,-0,5711702,0,03873292,-0,5086766,-0,2026618,0,3356805,-0,439593,-0,5064382,0,171111,-0,8765716,-0,06243589,-0,6525191,-0,4530763,-0,5532082,0,1745764,-0,9085152,-0,0778586,-0,8431341,-0,4046175,-0,5248252,0,03806123,-0,5319747,-0,2045096,0,3559839,-0,3862852,-0,581095,-0,02103598,-1,148658,-0,001347066,-0,1682991,-0,3768827,-0,5228774,0,1803864,-0,632039,0,07163587,1,038476,0,0,0,0,0,0,0,0,0,0,0,0,0,0,0,0,0,0,0,0,0,0,0,0,0,0,0,0,0,0
25,-0,4964833,-0,492499,0,1295824,-0,7189083,0,1641319,0,404332,-0,4404616,-0,5131349,0,1001714,-0,9241748,0,1710147,-0,0888579,-0,4545454,-0,5596711,0,103969,-0,9283054,0,1747341,-0,07012489,-0,5130785,-0,5382105,0,133192,-0,7303137,0,16917,0,4286108,-0,4202942,-0,572969,0,04550416,-0,03818275,-0,08994345,0,3385623,-0,4432652,-0,5079712,0,1658497,-0,1836092,-0,07664862,-0,2630674,-0,4553897,-0,5552291,0,1659772,-0,1156718,-0,1010478,-0,4299613,-0,4088399,-0,5256525,0,042737,-0,2111168,-0,04136266,0,2337887,-0,3878417,-0,5827747,-0,01467997,-0,07782432,-0,08398297,0,3178005,-0,3820114,-0,5229856,0,1845399,-0,2564357,-0,005412104,0,2076738,0,0,0,0,0,0,0,0,0,0,0,0,0,0,0,0,0,0,0,0,0,0,0,0,0,0,0,0,0,0
26,-0,5051796,-0,4931948,0,1360943,-0,4348176,-0,03479423,0,3255927,-0,456105,-0,5126901,0,09559236,-0,7821667,0,0222385,-0,2289542,-0,4696909,-0,5592827,0,09997133,-0,7572743,0,01942218,-0,199885,-0,521955,-0,5388198,0,1399336,-0,4438253,-0,03046693,0,3370793,-0,4210794,-0,5758433,0,05370196,-0,03925861,-0,1437158,0,4098899,-0,4458595,-0,5120507,0,1585772,-0,1297147,-0,2039791,-0,363622,-0,4600567,-0,5585616,0,1616948,-0,2333508,-0,1666248,-0,2141201,-0,4109969,-0,5283998,0,04900844,-0,1078532,-0,1373649,0,3135721,-0,3856785,-0,5874713,-0,004410195,0,1081601,-0,2348305,0,5134889,-0,3858542,-0,5279936,0,1797851,-0,1921371,-0,2503962,-0,2377414,0,0,0,0,0,0,0,0,0,0,0,0,0,0,0,0,0,0,0,0,0,0,0,0,0,0,0,0,0,0
27,-0,4992547,-0,5024837,0,1494601,0,2962486,-0,4644411,0,668289,-0,4693681,-0,5174511,0,09184052,-0,6631556,-0,2380491,-0,1875919,-0,4792053,-0,5649004,0,09828696,-0,4757227,-0,280887,-0,08421879,-0,5143459,-0,5484936,0,1551546,0,3804566,-0,4836919,0,7610533,-0,4389197,-0,5784513,0,0438205,-0,8920152,-0,1304001,-0,4940728,-0,4365004,-0,5207648,0,1601801,0,4679533,-0,4357042,0,08014518,-0,4491095,-0,5677572,0,1631849,0,5473616,-0,4597785,0,07450509,-0,4231554,-0,5322098,0,04574109,-0,6079244,-0,1905025,-0,1633676,-0,3891626,-0,5915047,-0,002320667,-0,1742066,-0,2016694,0,1044765,-0,3751531,-0,5353084,0,1787645,0,5350533,-0,3657402,-0,05102606,0,0,0,0,0,0,0,0,0,0,0,0,0,0,0,0,0,0,0,0,0,0,0,0,0,0,0,0,0,0
28,-0,4928796,-0,5051016,0,1479575,0,3187553,-0,1308948,-0,0751287,-0,4652655,-0,5186129,0,08894972,0,205128,-0,05809071,-0,1445402,-0,4775725,-0,5656552,0,09288039,0,081642,-0,03774168,-0,2703284,-0,5080218,-0,5512047,0,1529574,0,3162057,-0,1355559,-0,1098633,-0,4426498,-0,5777273,0,03441375,-0,1865045,0,03620388,-0,4703378,-0,4308144,-0,5228761,0,162687,0,2843009,-0,1055658,0,1253434,-0,4435119,-0,5697892,0,1664672,0,2798812,-0,1015991,0,1641162,-0,4297002,-0,5307686,0,03393772,-0,3272415,0,07205907,-0,5901687,-0,3937974,-0,5897101,-0,01305382,-0,2317415,0,08973185,-0,5366579,-0,3708104,-0,536517,0,1857367,0,2171383,-0,06043317,0,3486098,0,0,0,0,0,0,0,0,0,0,0,0,0,0,0,0,0,0,0,0,0,0,0,0,0,0,0,0,0,0
29,-0,4862768,-0,5082214,0,1437656,0,3301398,-0,1559944,-0,2095946,-0,4641785,-0,519846,0,08208341,0,05435201,-0,06165507,-0,3433155,-0,4778383,-0,56651,0,08490681,-0,01329184,-0,04273655,-0,3986792,-0,50169,-0,554239,0,1483812,0,3165872,-0,1517118,-0,2288097,-0,4374955,-0,5797459,0,03042169,0,2577142,-0,1009316,-0,1996029,-0,4257853,-0,5252171,0,16453,0,2514557,-0,1170457,0,09215105,-0,4394112,-0,5716932,0,1707674,0,2050341,-0,09520356,0,2150089,-0,4239725,-0,5328286,0,030398,0,286384,-0,1029969,-0,1769863,-0,3953876,-0,5901284,-0,02337452,-0,07950965,-0,02091528,-0,5160353,-0,3675569,-0,537867,0,1919615,0,1626716,-0,06749633,0,3112362,0,0,0,0,0,0,0,0,0,0,0,0,0,0,0,0,0,0,0,0,0,0,0,0,0,0,0,0,0,0
30,-0,479715,-0,5102911,0,1360265,0,3280879,-0,1034826,-0,3869572,-0,4585241,-0,52105,0,07380077,0,2827169,-0,06020071,-0,4141321,-0,4663525,-0,5690705,0,07882517,0,574291,-0,1280249,-0,3040822,-0,4952679,-0,5563338,0,1400428,0,3211067,-0,1047433,-0,4169213,-0,4254847,-0,5793402,0,0240597,0,6005424,0,02028645,-0,3180997,-0,421762,-0,5264236,0,1638009,0,2011628,-0,06032588,-0,03645422,-0,4360745,-0,5726217,0,1703298,0,1668364,-0,0464231,-0,02188013,-0,4259317,-0,5310712,0,01642044,-0,09795729,0,08786622,-0,6988783,-0,3984661,-0,58701,-0,03913834,-0,1539231,0,1559169,-0,7881914,-0,365931,-0,5385771,0,196257,0,08129629,-0,0355065,0,214775,0,0,0,0,0,0,0,0,0,0,0,0,0,0,0,0,0,0,0,0,0,0,0,0,0,0,0,0,0,0
31,-0,4700302,-0,5119967,0,1282646,0,4842432,-0,08528236,-0,3880942,-0,4450654,-0,522674,0,06745435,0,6729382,-0,08119944,-0,3173215,-0,4565795,-0,5699389,0,06997927,0,4886525,-0,043422,-0,4422953,-0,4853646,-0,5582376,0,13146,0,4951673,-0,09518865,-0,4291365,-0,4309092,-0,5777034,0,006292358,-0,2712281,0,08184019,-0,8883677,-0,4187838,-0,5254919,0,1680467,0,1489133,0,04658403,0,2122902,-0,4276924,-0,5734308,0,1652708,0,4191058,-0,04045369,-0,2529488,-0,4186838,-0,5304732,0,006684295,0,3623949,0,02990366,-0,4868073,-0,3992979,-0,583595,-0,05485876,-0,04159065,0,1707495,-0,7860211,-0,3653462,-0,5368094,0,2045094,0,02924056,0,08838478,0,4126237,0,0,0,0,0,0,0,0,0,0,0,0,0,0,0,0,0,0,0,0,0,0,0,0,0,0,0,0,0,0
32,-0,4576414,-0,5162296,0,1210816,0,619437,-0,2116443,-0,3591509,-0,4357266,-0,5250493,0,05884952,0,466937,-0,1187653,-0,4302414,-0,4503055,-0,5715621,0,05930965,0,3137009,-0,08116069,-0,5334809,-0,4726905,-0,5625374,0,1238096,0,6337049,-0,2149881,-0,3825226,-0,4260197,-0,5779307,-0,005045546,0,2444745,-0,01136959,-0,5668954,-0,4070041,-0,5292443,0,1616963,0,5889835,-0,1876206,-0,3175208,-0,420486,-0,5759059,0,1660616,0,3603162,-0,1237542,0,03954099,-0,4145765,-0,5305093,-0,004237667,0,2053664,-0,001806021,-0,5460984,-0,4014894,-0,5810459,-0,06956556,-0,1095757,0,1274556,-0,7353402,-0,3608887,-0,5374804,0,2077186,0,2228753,-0,03354849,0,160458,0,0,0,0,0,0,0,0,0,0,0,0,0,0,0,0,0,0,0,0,0,0,0,0,0,0,0,0,0,0
33,-0,4439598,-0,5215781,0,1145666,0,6840798,-0,2674223,-0,3257473,-0,4314104,-0,5279759,0,04944599,0,2158106,-0,1463295,-0,4701767,-0,4381796,-0,5762375,0,05220903,0,6062957,-0,2337695,-0,3550309,-0,4589311,-0,5679798,0,1174095,0,6879705,-0,2721221,-0,3200052,-0,4199348,-0,5808343,-0,01416134,0,3042461,-0,1451761,-0,4557897,-0,3976319,-0,5327361,0,1604387,0,4686104,-0,174588,-0,06288143,-0,4106929,-0,5794678,0,1646995,0,4896568,-0,1780988,-0,06810653,-0,4152473,-0,5322854,-0,01518001,-0,03354253,-0,088805,-0,5471176,-0,4017833,-0,5824994,-0,08073051,-0,01469404,-0,07267299,-0,558248,-0,3574311,-0,5383452,0,2120641,0,1728819,-0,04324021,0,2172784,0,0,0,0,0,0,0,0,0,0,0,0,0,0,0,0,0,0,0,0,0,0,0,0,0,0,0,0,0,0
34,-0,3962551,-0,5401354,0,09663976,2,385237,-0,9278688,-0,8963432,-0,4022326,-0,5396808,0,03036156,1,458893,-0,5852433,-0,954222,-0,4167895,-0,586247,0,03048679,1,069503,-0,5004736,-1,086112,-0,4068838,-0,5876535,0,09869722,2,602365,-0,9836827,-0,9356133,-0,4149855,-0,5850285,-0,03859341,0,2474637,-0,2097101,-1,221604,-0,3774127,-0,5405473,0,1601208,1,010962,-0,3905596,-0,01589284,-0,3909427,-0,5870925,0,1653595,0,9875123,-0,3812344,0,03299938,-0,4032565,-0,5377645,-0,03630413,0,5995395,-0,273958,-1,056206,-0,405214,-0,5823968,-0,1069431,-0,1715378,0,005128982,-1,31063,-0,3389087,-0,5449539,0,2131522,0,9261165,-0,3304363,0,05440342,0,0,0,0,0,0,0,0,0,0,0,0,0,0,0,0,0,0,0,0,0,0,0,0,0,0,0,0,0,0
35,-0,3692152,-0,5476711,0,0898228,1,351995,-0,376785,-0,3408482,-0,3830284,-0,5458652,0,02480535,0,9602073,-0,3092201,-0,2778108,-0,3891419,-0,5942775,0,02386913,1,382383,-0,4015268,-0,3308835,-0,3759126,-0,5959093,0,09145456,1,548559,-0,4127921,-0,362133,-0,4016188,-0,5896099,-0,04386702,0,6683367,-0,2290727,-0,2636806,-0,3615064,-0,5454494,0,1555074,0,7953125,-0,2451063,-0,2306723,-0,3733979,-0,5925931,0,159882,0,8772392,-0,2750309,-0,2738715,-0,3938888,-0,5415663,-0,04090631,0,4683884,-0,1900852,-0,2301094,-0,4113613,-0,5823032,-0,1118364,-0,3073649,0,004681947,-0,2446652,-0,3283897,-0,5477083,0,2121317,0,5259516,-0,1377226,-0,05102681,0,0,0,0,0,0,0,0,0,0,0,0,0,0,0,0,0,0,0,0,0,0,0,0,0,0,0,0,0,0
36,-0,3440362,-0,5505962,0,08153833,1,258952,-0,146252,-0,4142238,-0,3550455,-0,5490538,0,01577248,1,399147,-0,1594335,-0,4516433,-0,3681219,-0,596056,0,01623698,1,050999,-0,08892719,-0,3816074,-0,3528814,-0,5985052,0,08321679,1,151561,-0,1297951,-0,4118884,-0,3889978,-0,589434,-0,04901564,0,6310525,0,008797649,-0,2574311,-0,3471524,-0,5468643,0,147652,0,7177043,-0,07074478,-0,3927694,-0,3583866,-0,5941304,0,1513072,0,7505628,-0,0768632,-0,4287446,-0,3772219,-0,5420836,-0,04703584,0,8333433,-0,02586544,-0,3064764,-0,4221665,-0,5772737,-0,1082827,-0,5402567,0,2514751,0,1776875,-0,3197415,-0,5478839,0,2072996,0,4324125,-0,008776788,-0,2416023,0,0,0,0,0,0,0,0,0,0,0,0,0,0,0,0,0,0,0,0,0,0,0,0,0,0,0,0,0,0
37,-0,3254541,-0,5530035,0,0700141,0,9291071,-0,1203657,-0,5762118,-0,3386446,-0,5497794,0,004864084,0,8200485,-0,0362754,-0,5454202,-0,34642,-0,5978938,0,003110423,1,085094,-0,09188954,-0,6563281,-0,3335102,-0,6010998,0,07064083,0,9685594,-0,1297296,-0,6287983,-0,3747047,-0,5892017,-0,05932603,0,714654,0,01161397,-0,5155199,-0,3234558,-0,5514985,0,1361651,1,184828,-0,2317102,-0,5743439,-0,3300775,-0,5997242,0,1390107,1,415459,-0,2796919,-0,6148214,-0,3680911,-0,5411895,-0,05437739,0,456542,0,0447035,-0,3670778,-0,4316477,-0,5759489,-0,09612079,-0,4740627,0,06623867,0,6080936,-0,30952,-0,548993,0,2003924,0,5110713,-0,05545618,-0,3453621,0,0,0,0,0,0,0,0,0,0,0,0,0,0,0,0,0,0,0,0,0,0,0,0,0,0,0,0,0,0
38,-0,3143454,-0,5538188,0,05784132,0,5554336,-0,04076661,-0,6086389,-0,328084,-0,5497202,-0,007116022,0,5280303,0,002959372,-0,5990055,-0,3373471,-0,5976391,-0,009027158,0,4536467,0,01273454,-0,6068793,-0,3227369,-0,6018528,0,05807573,0,5386668,-0,03765227,-0,6282555,-0,3729301,-0,5865671,-0,06715988,0,08872751,0,1317293,-0,3916926,-0,2949025,-0,5559064,0,1210022,1,427667,-0,2203942,-0,758146,-0,2995076,-0,6044062,0,1224927,1,528492,-0,2340973,-0,8259031,-0,3668302,-0,5386569,-0,06036725,0,06304237,0,1266301,-0,2994928,-0,440043,-0,5749054,-0,07849772,-0,4197644,0,05217495,0,8811541,-0,2912405,-0,5533836,0,1865101,0,9139765,-0,21953,-0,6941143,0,0,0,0,0,0,0,0,0,0,0,0,0,0,0,0,0,0,0,0,0,0,0,0,0,0,0,0,0,0
39,-0,2816525,-0,5590882,0,02975678,1,634643,-0,2634675,-1,404228,-0,3198838,-0,5502414,-0,02396978,0,4100071,-0,02606214,-0,842688,-0,3250377,-0,5984312,-0,02938212,0,6154718,-0,03960134,-1,017748,-0,2876487,-0,607446,0,0277676,1,754411,-0,2796562,-1,515407,-0,3899757,-0,587281,-0,05020689,-0,8522782,-0,03569426,0,8476501,-0,2587582,-0,5633522,0,09163828,1,807214,-0,3722908,-1,468198,-0,2636551,-0,6118702,0,0917884,1,792627,-0,3732027,-1,535214,-0,3812528,-0,5393734,-0,04802497,-0,7211301,-0,03582539,0,6171139,-0,4576282,-0,5733268,-0,05060445,-0,8792583,0,0789285,1,394664,-0,2401309,-0,5642092,0,1545934,2,555483,-0,541279,-1,595836,0,0,0,0,0,0,0,0,0,0,0,0,0,0,0,0,0,0,0,0,0,0,0,0,0,0,0,0,0,0
40,-0,2681558,-0,5595829,0,01543615,0,6748366,-0,02473594,-0,7160317,-0,3210208,-0,5513061,-0,02421425,-0,05684646,-0,05323591,-0,01222399,-0,3284433,-0,5996426,-0,02545952,-0,1702846,-0,06057026,0,1961298,-0,2707784,-0,6080376,0,01122844,0,8435134,-0,0295818,-0,8269584,-0,3964336,-0,5869809,-0,02575354,-0,3228964,0,01500249,1,222668,-0,2399084,-0,56532,0,07511267,0,9424928,-0,09838942,-0,8262809,-0,2454017,-0,6137679,0,07460506,0,9126711,-0,09488169,-0,8591678,-0,3861578,-0,5399223,-0,03354402,-0,2452464,-0,02744497,0,7240481,-0,4613361,-0,5738972,-0,04552225,-0,1853959,-0,02852083,0,2541102,-0,2187443,-0,5676323,0,1373087,1,069329,-0,1711578,-0,8642341,0,0,0,0,0,0,0,0,0,0,0,0,0,0,0,0,0,0,0,0,0,0,0,0,0,0,0,0,0,0
41,-0,2659048,-0,5587935,0,005150366,0,1125515,0,03947021,-0,5142897,-0,3252066,-0,5494031,-0,02357673,-0,2092914,0,09514991,0,0318762,-0,3330638,-0,5973586,-0,02552485,-0,2310202,0,1141996,-0,003266429,-0,2709158,-0,6072628,0,002515229,-0,006867948,0,03873707,-0,4356609,-0,4006069,-0,5847605,-0,01881372,-0,2086625,0,1110197,0,3469911,-0,2278797,-0,5646453,0,05904793,0,6014312,0,03373326,-0,8032376,-0,2303443,-0,6133561,0,05726461,0,7528695,0,02059043,-0,8670228,-0,3908544,-0,5368652,-0,02080066,-0,2348334,0,1528562,0,6371679,-0,461466,-0,5720727,-0,04884591,-0,006493929,0,09122495,-0,1661828,-0,2023606,-0,5675231,0,1195326,0,819185,0,005459788,-0,8888081,0,0,0,0,0,0,0,0,0,0,0,0,0,0,0,0,0,0,0,0,0,0,0,0,0,0,0,0,0,0
42,-0,2654397,-0,5553985,-0,004004792,0,02325178,0,1697511,-0,4577581,-0,3292503,-0,5463892,-0,02110274,-0,202188,0,1506955,0,1236998,-0,337621,-0,5943645,-0,01745711,-0,2278627,0,1497061,0,4033875,-0,2702608,-0,603857,-0,006581869,0,03274829,0,1702935,-0,4548551,-0,4051402,-0,5806234,-0,01389115,-0,2266646,0,206858,0,2461284,-0,2189469,-0,5615734,0,04272823,0,4466409,0,1535953,-0,8159851,-0,2194546,-0,6101418,0,03900585,0,5444849,0,160715,-0,9129384,-0,3947062,-0,5332481,-0,0187194,-0,1925901,0,1808525,0,1040634,-0,4619114,-0,5703661,-0,05188053,-0,02227427,0,08533005,-0,1517315,-0,1904913,-0,5655383,0,1017911,0,5934635,0,09923879,-0,8870751,0,0,0,0,0,0,0,0,0,0,0,0,0,0,0,0,0,0,0,0,0,0,0,0,0,0,0,0,0,0
43,-0,2680717,-0,5466442,-0,008241538,-0,1315967,0,4377158,-0,2118374,-0,3338139,-0,5367672,-0,01199711,-0,2281771,0,481102,0,4552813,-0,3421194,-0,5847119,-0,009775207,-0,2249212,0,4826279,0,3840951,-0,2741018,-0,5950686,-0,006810951,-0,1920492,0,4394205,-0,01145413,-0,4043893,-0,5734605,-0,03741095,0,03754498,0,3581466,-1,17599,-0,2073402,-0,5527545,0,01761417,0,5803356,0,4409464,-1,255703,-0,208866,-0,601305,0,01330232,0,5294333,0,4418375,-1,285177,-0,3944978,-0,5257226,-0,03765105,0,01042337,0,3762783,-0,9465833,-0,4675283,-0,5589467,-0,06132762,-0,2808408,0,570974,-0,4723543,-0,1731888,-0,5579865,0,07345013,0,8651282,0,3775926,-1,417048,0,0,0,0,0,0,0,0,0,0,0,0,0,0,0,0,0,0,0,0,0,0,0,0,0,0,0,0,0,0
44,-0,2744545,-0,5461026,0,003385803,-0,3191413,0,02707542,0,5813673,-0,3327053,-0,5358061,-0,02699804,0,05543085,0,04805626,-0,7500469,-0,3398425,-0,5839656,-0,03125804,0,1138479,0,0373155,-1,074142,-0,2801325,-0,594458,0,00128698,-0,3015341,0,03052653,0,4048967,-0,4052775,-0,5710137,-0,0486659,-0,04440995,0,1223356,-0,562748,-0,213228,-0,5532391,0,02730819,-0,2943912,-0,02423228,0,4847012,-0,2169535,-0,6018519,0,02676902,-0,4043774,-0,02734364,0,6733354,-0,3949399,-0,5233011,-0,04783013,-0,02210737,0,121072,-0,5089538,-0,4721825,-0,5549302,-0,05398723,-0,23271,0,200823,0,3670193,-0,156848,-0,5571595,0,06078248,0,8170399,0,04135074,-0,6333827,0,0,0,0,0,0,0,0,0,0,0,0,0,0,0,0,0,0,0,0,0,0,0,0,0,0,0,0,0,0
45,-0,2777466,-0,5460876,0,0132467,-0,1646028,0,000753999,0,4930452,-0,3350166,-0,5346785,-0,01849589,-0,1155675,0,05637708,0,4251077,-0,3377356,-0,5812201,-0,03262781,0,1053423,0,1372725,-0,06848837,-0,278885,-0,5933024,0,001064795,0,06237331,0,05778076,-0,01110927,-0,4052824,-0,5718048,-0,04387339,-0,0002458692,-0,03955366,0,2396259,-0,2182918,-0,5538226,0,04159845,-0,2531894,-0,0291735,0,7145129,-0,218789,-0,6018469,0,03241833,-0,09177629,0,0002473594,0,2824652,-0,3992003,-0,5244856,-0,03278762,-0,2130181,-0,0592232,0,7521254,-0,4697282,-0,5563046,-0,06395544,0,1227126,-0,06871822,-0,4984105,-0,1552722,-0,5578753,0,06013154,0,07878992,-0,0357926,-0,03254713,0,0,0,0,0,0,0,0,0,0,0,0,0,0,0,0,0,0,0,0,0,0,0,0,0,0,0,0,0,0
46,-0,2798029,-0,5469784,0,01604207,-0,102818,-0,04454257,0,1397685,-0,340548,-0,536503,-0,008920283,-0,2765716,-0,09122197,0,4787808,-0,3479567,-0,5845171,-0,01350542,-0,5110534,-0,1648456,0,95612,-0,285407,-0,5953559,0,01309816,-0,3261001,-0,102672,0,6016686,-0,4154657,-0,5715966,-0,02009847,-0,5091669,0,01040995,1,188746,-0,2218613,-0,5546395,0,04707198,-0,1784713,-0,0408441,0,2736767,-0,2263559,-0,6031543,0,04688314,-0,3783451,-0,06536844,0,7232408,-0,4051584,-0,523887,-0,01970919,-0,2979056,0,02993048,0,6539218,-0,4565242,-0,5607731,-0,07451916,0,6601992,-0,2234281,-0,5281864,-0,159254,-0,5596166,0,06616632,-0,1990893,-0,08706454,0,3017389,0,0,0,0,0,0,0,0,0,0,0,0,0,0,0,0,0,0,0,0,0,0,0,0,0,0,0,0,0,0
47,-0,2837099,-0,5492206,0,02421809,-0,1953468,-0,1121104,0,408801,-0,3479947,-0,5379178,0,0104194,-0,372331,-0,0707418,0,9669843,-0,3572133,-0,585844,0,01080151,-0,4628332,-0,06634596,1,215347,-0,2909878,-0,5973952,0,02518566,-0,2790422,-0,1019657,0,604375,-0,418518,-0,5727497,-0,01791657,-0,1526148,-0,0576556,0,1090951,-0,2251828,-0,5565239,0,05436657,-0,1660772,-0,09422008,0,3647295,-0,2317241,-0,6046397,0,05869482,-0,2684088,-0,0742704,0,5905845,-0,4071542,-0,525261,-0,01792005,-0,09979162,-0,06870332,0,08945739,-0,4243072,-0,5694541,-0,08681246,1,61085,-0,4340472,-0,614665,-0,1636954,-0,5620339,0,0767093,-0,2220699,-0,1208634,0,5271493,0,0,0,0,0,0,0,0,0,0,0,0,0,0,0,0,0,0,0,0,0,0,0,0,0,0,0,0,0,0
48,-0,2903375,-0,5574554,0,04935526,-0,3313841,-0,4117401,1,256859,-0,3469331,-0,5476379,0,01569315,0,05307647,-0,4860045,0,263688,-0,3567006,-0,5955189,0,01674661,0,02563597,-0,4837455,0,2972553,-0,299865,-0,6049828,0,05430445,-0,4438596,-0,3793807,1,45594,-0,3954812,-0,5871844,-0,03970932,1,151842,-0,7217351,-1,089638,-0,2323544,-0,5649149,0,08064254,-0,3585809,-0,4195513,1,313799,-0,2375765,-0,6134717,0,08136879,-0,2926187,-0,4416021,1,133699,-0,385946,-0,5394149,-0,03781422,1,060409,-0,7076922,-0,9947091,-0,4068921,-0,580631,-0,1075445,0,8707572,-0,5588444,-1,036603,-0,1700902,-0,5708116,0,1010582,-0,3197433,-0,4388841,1,217447,0,0,0,0,0,0,0,0,0,0,0,0,0,0,0,0,0,0,0,0,0,0,0,0,0,0,0,0,0,0
49,-0,2900052,-0,5587831,0,05704453,0,0166148,-0,06638172,0,3844635,-0,341114,-0,5509055,0,01513438,0,2909587,-0,1633824,-0,02793862,-0,3498082,-0,5989337,0,01539073,0,3446208,-0,1707406,-0,06779402,-0,2996611,-0,606305,0,06208575,0,01019538,-0,06611052,0,3890654,-0,376745,-0,5925527,-0,04792527,0,9368095,-0,2684118,-0,4107974,-0,2359657,-0,5646998,0,09483095,-0,1805642,0,01075566,0,7094207,-0,2434506,-0,6125161,0,1007542,-0,2937072,0,04778208,0,9692687,-0,369619,-0,5444542,-0,04484657,0,8163515,-0,2519638,-0,3516174,-0,4078949,-0,5824634,-0,1087794,-0,05014094,-0,09162132,-0,06174336,-0,1721126,-0,5722605,0,1081168,-0,1011208,-0,0724465,0,3529282,0,0,0,0,0,0,0,0,0,0,0,0,0,0,0,0,0,0,0,0,0,0,0,0,0,0,0,0,0,0
50,-0,2834208,-0,5579804,0,0625822,0,3292204,0,0401348,0,2768838,-0,3259282,-0,5530064,0,01165981,0,759286,-0,1050443,-0,1737285,-0,3316305,-0,6014591,0,01058833,0,9088877,-0,1262725,-0,2401202,-0,290892,-0,6060371,0,06597798,0,4384579,0,01339615,0,1946117,-0,3615247,-0,5948108,-0,05131236,0,7610145,-0,1129091,-0,1693547,-0,2329195,-0,5617384,0,1051601,0,1523108,0,1480669,0,5164595,-0,239836,-0,6095547,0,1115438,0,180731,0,1480699,0,53948,-0,3561507,-0,5464991,-0,04750223,0,673418,-0,1022488,-0,132783,-0,3992846,-0,5844662,-0,1082793,0,4305156,-0,1001388,0,02500341,-0,1689413,-0,5683552,0,1187621,0,1585648,0,1952649,0,5322656,0,0,0,0,0,0,0,0,0,0,0,0,0,0,0,0,0,0,0,0,0,0,0,0,0,0,0,0,0,0
51,-0,2770758,-0,5578486,0,06317253,0,3172503,0,006589296,0,0295166,-0,3078763,-0,5544992,0,004192104,0,9025965,-0,07463995,-0,3733856,-0,3097792,-0,6031793,0,001473106,1,092566,-0,08600656,-0,4557614,-0,2774506,-0,6066346,0,06214456,0,6720709,-0,02987386,-0,1916713,-0,3529845,-0,5968228,-0,05205016,0,4270108,-0,1005978,-0,03689007,-0,2310716,-0,5586712,0,1109939,0,09239543,0,1533598,0,29169,-0,2374492,-0,6065573,0,1179017,0,119339,0,149873,0,3178963,-0,3482586,-0,5484435,-0,04864888,0,3946008,-0,09721819,-0,05733261,-0,3815456,-0,5876494,-0,114394,0,8869488,-0,1591623,-0,3057366,-0,1663934,-0,5651495,0,1207762,0,127396,0,1602859,0,1007066,0,0,0,0,0,0,0,0,0,0,0,0,0,0,0,0,0,0,0,0,0,0,0,0,0,0,0,0,0,0
52,-0,2781236,-0,5560605,0,06560946,-0,05238654,0,08940402,0,1218461,-0,3028775,-0,551928,0,00380285,0,2499403,0,1285583,-0,0194627,-0,2962134,-0,5997148,-0,002967372,0,6782862,0,1732261,-0,222024,-0,2745227,-0,6046624,0,06223212,0,146395,0,09860996,0,004377963,-0,3409381,-0,5967102,-0,05556832,0,6023201,0,005629661,-0,1759077,-0,2333287,-0,5558671,0,1146301,-0,112857,0,1402081,0,1818091,-0,2387386,-0,6040602,0,1208957,-0,06446617,0,1248539,0,1497009,-0,344696,-0,548645,-0,04810728,0,17813,-0,01007319,0,02707989,-0,3795586,-0,5890296,-0,1124947,0,09935204,-0,06901029,0,09496439,-0,1682874,-0,5615642,0,1215659,-0,09469766,0,179264,0,03948139,0,0,0,0,0,0,0,0,0,0,0,0,0,0,0,0,0,0,0,0,0,0,0,0,0,0,0,0,0,0
53,-0,2802946,-0,5507033,0,06920341,-0,1085505,0,2678574,0,179698,-0,313259,-0,5488737,0,0115142,-0,5190747,0,1527191,0,3855677,-0,3146386,-0,5975296,0,009527587,-0,9212557,0,1092583,0,6247482,-0,2785752,-0,5995226,0,06822024,-0,2026261,0,2569885,0,299406,-0,3377077,-0,5924165,-0,05538321,0,1615197,0,2146871,0,009255115,-0,2358315,-0,5495951,0,118425,-0,1251393,0,313598,0,1897451,-0,2405834,-0,5977235,0,1253168,-0,0922427,0,3168316,0,221057,-0,3390958,-0,5439544,-0,04996603,0,2800108,0,2345295,-0,09293765,-0,3777637,-0,5858444,-0,1112369,0,08974526,0,1592607,0,06289335,-0,1704,-0,5552673,0,1194045,-0,1056299,0,3148438,-0,108067,0,0,0,0,0,0,0,0,0,0,0,0,0,0,0,0,0,0,0,0,0,0,0,0,0,0,0,0,0,0
54,-0,2920666,-0,5424857,0,07583123,-0,5886006,0,4108818,0,3313912,-0,3250203,-0,541518,0,01791146,-0,5880656,0,3677817,0,3198631,-0,3259851,-0,5903349,0,0168097,-0,5673262,0,359735,0,364106,-0,2937494,-0,5912383,0,07751457,-0,7587108,0,4142167,0,4647167,-0,3465598,-0,5868388,-0,04895324,-0,4426049,0,2788813,0,321499,-0,2421232,-0,5422019,0,1195144,-0,3145845,0,3696622,0,05446675,-0,2476538,-0,5898715,0,1281905,-0,3535183,0,392604,0,143686,-0,3448234,-0,5382718,-0,04576927,-0,2863811,0,2841265,0,209838,-0,3888787,-0,5802824,-0,1031253,-0,5557525,0,2781005,0,4055789,-0,1781222,-0,5509707,0,1077167,-0,3861116,0,2148331,-0,5843925,0,0,0,0,0,0,0,0,0,0,0,0,0,0,0,0,0,0,0,0,0,0,0,0,0,0,0,0,0,0
55,-0,3089635,-0,5352609,0,08260199,-0,8448455,0,361243,0,3385381,-0,3295072,-0,5361686,0,01922958,-0,224343,0,267473,0,06590618,-0,334617,-0,5846091,0,02068009,-0,4315989,0,2862902,0,1935193,-0,3153671,-0,5834073,0,08678365,-1,080886,0,391549,0,4634546,-0,3646325,-0,5815691,-0,04139447,-0,9036351,0,2634884,0,3779383,-0,2494424,-0,5396979,0,1112461,-0,36596,0,1251966,-0,4134113,-0,2551609,-0,587441,0,1192159,-0,3753552,0,121525,-0,4487326,-0,3562434,-0,5334976,-0,0419675,-0,5709978,0,2387137,0,1900886,-0,3985416,-0,5748654,-0,1011444,-0,483145,0,2708496,0,09904582,-0,1881678,-0,549762,0,08983906,-0,5022818,0,06043317,-0,8938811,0,0,0,0,0,0,0,0,0,0,0,0,0,0,0,0,0,0,0,0,0,0,0,0,0,0,0,0,0,0
56,-0,3312316,-0,5339839,0,07908892,-1,113405,0,06384554,-0,1756538,-0,3639846,-0,5330406,0,02109158,-1,723873,0,1563967,0,09309997,-0,3682873,-0,5816513,0,02186483,-1,683511,0,1478911,0,05923707,-0,3400074,-0,5816157,0,084708,-1,232017,0,08957688,-0,1037829,-0,3884124,-0,5790673,-0,04419153,-1,188995,0,1250864,-0,1398529,-0,2673667,-0,5461189,0,06657595,-0,896218,-0,3210486,-2,23351,-0,274041,-0,5942038,0,07138599,-0,9440068,-0,3381402,-2,391496,-0,3838993,-0,5305669,-0,04246428,-1,382797,0,1465351,-0,02483875,-0,3943971,-0,5743836,-0,1128779,0,2072246,0,02409221,-0,5866757,-0,2023469,-0,5547255,0,06310277,-0,708955,-0,248176,-1,336815,0,0,0,0,0,0,0,0,0,0,0,0,0,0,0,0,0,0,0,0,0,0,0,0,0,0,0,0,0,0
57,-0,3376336,-0,5354559,0,06424546,-0,3201024,-0,07359985,-0,7421731,-0,389726,-0,528173,0,02348141,-1,287069,0,2433837,0,1194912,-0,3987638,-0,5760719,0,02503385,-1,523826,0,2789707,0,158451,-0,346215,-0,5832244,0,06896014,-0,3103779,-0,08043352,-0,7873933,-0,3996966,-0,5763141,-0,04402177,-0,5642133,0,1376629,0,008488078,-0,2753494,-0,5475609,0,04529158,-0,3991337,-0,07209781,-1,064219,-0,283002,-0,5957012,0,04563389,-0,4480513,-0,07486942,-1,287605,-0,394344,-0,5278692,-0,0431601,-0,5222322,0,1348854,-0,03479125,-0,3955003,-0,5739841,-0,1129123,-0,05515667,0,01997352,-0,001722575,-0,2107193,-0,5569363,0,05196978,-0,4186185,-0,1105398,-0,55665,0,0,0,0,0,0,0,0,0,0,0,0,0,0,0,0,0,0,0,0,0,0,0,0,0,0,0,0,0,0
58,-0,3447939,-0,5367799,0,03949413,-0,358014,-0,06619993,-1,237567,-0,4069254,-0,5238856,0,01936529,-0,8599717,0,2143682,-0,2058058,-0,418128,-0,5712975,0,02059551,-0,9682108,0,2387167,-0,2219172,-0,3541753,-0,5845307,0,04242975,-0,3980176,-0,06531479,-1,32652,-0,4061243,-0,5741345,-0,04730731,-0,3213824,0,1089812,-0,1642774,-0,2803189,-0,5489702,0,03077571,-0,248474,-0,07046464,-0,7257935,-0,2878648,-0,5971522,0,03078078,-0,2431408,-0,07255378,-0,742656,-0,3962466,-0,5263579,-0,04652471,-0,09513054,0,07556084,-0,1682304,-0,4020517,-0,5723642,-0,1161701,-0,3275723,0,0809938,-0,1628899,-0,2159256,-0,5582563,0,03953769,-0,2603167,-0,06599727,-0,6216046,0,0,0,0,0,0,0,0,0,0,0,0,0,0,0,0,0,0,0,0,0,0,0,0,0,0,0,0,0,0
59,-0,3495638,-0,5379284,0,01475942,-0,2384947,-0,05742314,-1,236736,-0,4142027,-0,5221415,0,01430565,-0,3638627,0,08720759,-0,252982,-0,4266631,-0,5692387,0,01571693,-0,4267575,0,1029432,-0,2439288,-0,359774,-0,5855504,0,01686156,-0,2799333,-0,05098583,-1,27841,-0,4195704,-0,5714397,-0,05288618,-0,6723049,0,1347393,-0,2789437,-0,2846792,-0,550639,0,0173671,-0,2180175,-0,08344057,-0,6704311,-0,2925796,-0,5987726,0,01768906,-0,2357365,-0,08102062,-0,6545859,-0,4061052,-0,5245873,-0,05203251,-0,4929306,0,08853082,-0,2753901,-0,422592,-0,5678959,-0,1217244,-1,027015,0,2234162,-0,2777108,-0,2205353,-0,560226,0,02723582,-0,2304845,-0,09848479,-0,6150938,0,0,0,0,0,0,0,0,0,0,0,0,0,0,0,0,0,0,0,0,0,0,0,0,0,0,0,0,0,0
60,-0,3534392,-0,537576,-0,009640302,-0,1937688,0,01761914,-1,219986,-0,4150622,-0,522184,0,01017061,-0,04297795,-0,002127887,-0,2067522,-0,4275672,-0,5693865,0,01085115,-0,0452012,-0,007390979,-0,2432892,-0,3640385,-0,5851469,-0,01057128,-0,2132238,0,02017618,-1,371643,-0,4426565,-0,5644885,-0,05641706,-1,154307,0,3475608,-0,1765436,-0,2896293,-0,5509632,0,001674613,-0,2475039,-0,01620949,-0,7846245,-0,2983524,-0,5988801,0,003318371,-0,2886431,-0,005373361,-0,7185348,-0,4246447,-0,5192103,-0,05589607,-0,9269763,0,2688498,-0,193178,-0,4470568,-0,560168,-0,1253207,-1,223238,0,3863932,-0,179818,-0,2260466,-0,5612514,0,01447152,-0,2755643,-0,05127193,-0,6382152,0,0,0,0,0,0,0,0,0,0,0,0,0,0,0,0,0,0,0,0,0,0,0,0,0,0,0,0,0,0
61,-0,3578721,-0,5336954,-0,02229561,-0,2216459,0,1940311,-0,6327657,-0,4142112,-0,5190833,0,009951097,0,04255326,0,1550347,-0,01097583,-0,4273897,-0,5660563,0,01012338,0,008870665,0,1665116,-0,03638846,-0,3689789,-0,5811923,-0,02305015,-0,2470211,0,1977295,-0,623944,-0,4463618,-0,5592741,-0,05595595,-0,1852662,0,2607168,0,02305546,-0,2939789,-0,5478331,-0,012339,-0,217481,0,156501,-0,700681,-0,3025358,-0,5957425,-0,01494205,-0,2091707,0,1568795,-0,9130213,-0,4286073,-0,5139245,-0,05519423,-0,1981274,0,2642901,0,03509206,-0,4549446,-0,5531138,-0,1242785,-0,3943892,0,3527136,0,05211199,-0,2329824,-0,5590811,0,009257006,-0,3467874,0,1085163,-0,2607257,0,0,0,0,0,0,0,0,0,0,0,0,0,0,0,0,0,0,0,0,0,0,0,0,0,0,0,0,0,0
62,-0,3581384,-0,5304196,-0,02555243,-0,01331419,0,1637877,-0,1628412,-0,412165,-0,5189071,0,01163425,0,1023099,0,00881255,0,08415769,-0,4224755,-0,5665797,0,01284991,0,2457098,-0,02617241,0,1363267,-0,36889,-0,57785,-0,02893359,0,004443528,0,1671136,-0,2941721,-0,4318272,-0,5645357,-0,05552214,0,7267329,-0,2630801,0,02169033,-0,2938039,-0,5444707,-0,01874155,0,008752946,0,1681239,-0,3201278,-0,3022229,-0,5922721,-0,02263661,0,01564473,0,1735211,-0,3847282,-0,4207531,-0,5170507,-0,05453594,0,3927068,-0,1563073,0,03291444,-0,4362884,-0,5605279,-0,1243382,0,9328056,-0,3707083,-0,002983959,-0,23551,-0,5561027,0,009293647,-0,1263813,0,1489193,0,001832005,0,0,0,0,0,0,0,0,0,0,0,0,0,0,0,0,0,0,0,0,0,0,0,0,0,0,0,0,0,0
63,-0,358144,-0,5299692,-0,02237984,-0,0002831222,0,0225246,0,1586296,-0,4141425,-0,5188656,0,01187728,-0,09887669,0,002074243,0,01215148,-0,4247047,-0,5665802,0,01152119,-0,1114578,-2,68221E-05,-0,06643625,-0,368903,-0,5772589,-0,02736313,-0,0006482007,0,02955795,0,07852319,-0,4124857,-0,5666254,-0,0566007,0,9670723,-0,104481,-0,05392807,-0,2933757,-0,5438306,-0,02184359,0,02141,0,03200473,-0,1551018,-0,3022246,-0,5918019,-0,02125386,-8,195642E-05,0,02351106,0,06913741,-0,4108235,-0,5179724,-0,054924,0,4964816,-0,04608633,-0,01940318,-0,4089588,-0,5626085,-0,1254971,1,366485,-0,104028,-0,05794654,-0,2316603,-0,5542926,-0,00175482,0,1924836,0,09050671,-0,5524235,0,0,0,0,0,0,0,0,0,0,0,0,0,0,0,0,0,0,0,0,0,0,0,0,0,0,0,0,0,0
64,-0,3578613,-0,5324311,-0,01374052,0,01413674,-0,1230956,0,4319665,-0,4184417,-0,5205217,0,0110784,-0,2149598,-0,08280578,-0,03994402,-0,4289559,-0,5681742,0,01058687,-0,2125577,-0,07970038,-0,04671576,-0,3668297,-0,5803044,-0,01651736,0,1036629,-0,152278,0,5422888,-0,4133696,-0,5690189,-0,05672527,-0,04419239,-0,1196772,-0,006228501,-0,2929878,-0,5433346,-0,02143203,0,01939536,0,02479852,0,02057767,-0,3002536,-0,5909245,-0,02903938,0,09854738,0,04386904,-0,389276,-0,4083951,-0,5205407,-0,0549483,0,1214222,-0,1284153,-0,001214631,-0,4036672,-0,5658141,-0,1250441,0,2645777,-0,1602799,0,02264903,-0,2387781,-0,5568684,0,0134851,-0,355892,-0,1287908,0,7619965,0,0,0,0,0,0,0,0,0,0,0,0,0,0,0,0,0,0,0,0,0,0,0,0,0,0,0,0,0,0
65,-0,3589126,-0,5392315,0,01681724,-0,05256685,-0,3400238,1,527888,-0,4227218,-0,5229937,0,007052823,-0,2140076,-0,1235992,-0,2012789,-0,4355745,-0,5700622,0,006717985,-0,3309311,-0,09439889,-0,1934445,-0,369269,-0,5868391,0,01467953,-0,1219631,-0,3267349,1,559845,-0,4270008,-0,5700597,-0,06184455,-0,6815585,-0,05203786,-0,2559639,-0,2941172,-0,5524742,0,01978543,-0,05646946,-0,45698,2,060874,-0,3021896,-0,6004379,0,0165414,-0,09679798,-0,4756721,2,27904,-0,4119208,-0,5238223,-0,05875725,-0,1762883,-0,1640797,-0,1904477,-0,4039817,-0,571428,-0,1270027,-0,01572222,-0,2806963,-0,09792972,-0,2504704,-0,5622733,0,06787883,-0,584613,-0,2702446,2,719688,0,0,0,0,0,0,0,0,0,0,0,0,0,0,0,0,0,0,0,0,0,0,0,0,0,0,0,0,0,0
66,-0,3591568,-0,5410438,0,0291771,-0,01221151,-0,09061102,0,6179935,-0,4194744,-0,5248589,0,006193366,0,1623706,-0,09326044,-0,04297285,-0,4329017,-0,5717275,0,005851019,0,1336411,-0,08326474,-0,04334833,-0,3708397,-0,5883492,0,03062318,-0,07853809,-0,07550421,0,7971826,-0,4191453,-0,5733746,-0,06177188,0,3927709,-0,1657457,0,003633463,-0,297916,-0,5544789,0,05040617,-0,1899422,-0,1002372,1,531038,-0,3066795,-0,6024317,0,05010602,-0,2244965,-0,09968881,1,678232,-0,4049058,-0,5268099,-0,05891744,0,3507511,-0,1493782,-0,008009563,-0,400388,-0,5733579,-0,1282012,0,1796813,-0,096494,-0,05992579,-0,2536439,-0,5620718,0,09832998,-0,1586766,0,01007319,1,522558,0,0,0,0,0,0,0,0,0,0,0,0,0,0,0,0,0,0,0,0,0,0,0,0,0,0,0,0,0,0
67,-0,3509486,-0,542516,0,05607804,0,4104139,-0,07361177,1,345047,-0,3918789,-0,5325696,0,004531293,1,379777,-0,3855349,-0,08310372,-0,4048147,-0,5795956,0,004626751,1,404346,-0,3934027,-0,06121341,-0,3642103,-0,5892878,0,05941762,0,331472,-0,04692676,1,439723,-0,3984756,-0,579483,-0,06413767,1,03349,-0,3054233,-0,1182899,-0,3092509,-0,5496596,0,1070171,-0,5667436,0,2409697,2,830549,-0,3185701,-0,5974368,0,1098751,-0,5945283,0,2497436,2,988455,-0,3914599,-0,5311759,-0,06225375,0,6722959,-0,2182991,-0,1668156,-0,3868618,-0,576842,-0,1321573,0,6763103,-0,1742036,-0,1978063,-0,256727,-0,5568228,0,145842,-0,1541556,0,2624513,2,375601,0,0,0,0,0,0,0,0,0,0,0,0,0,0,0,0,0,0,0,0,0,0,0,0,0,0,0,0,0,0
68,-0,3482138,-0,5426589,0,06976951,0,1367376,-0,007143619,0,6845738,-0,3700307,-0,5384322,0,006938233,1,092409,-0,2931298,0,120347,-0,3839372,-0,5851292,0,007690642,1,043879,-0,2766819,0,1531946,-0,3576052,-0,5905732,0,07103635,0,330256,-0,06427171,0,5809366,-0,3924031,-0,5818517,-0,06076222,0,3036247,-0,1184315,0,1687727,-0,3130814,-0,5473283,0,1257442,-0,1915277,0,1165629,0,9363539,-0,3223956,-0,5949827,0,1295653,-0,1912744,0,1227081,0,9845093,-0,3823213,-0,5341371,-0,05858683,0,4569294,-0,148064,0,183346,-0,3810652,-0,5794675,-0,1288625,0,2898322,-0,1312793,0,1647398,-0,258507,-0,554277,0,1616324,-0,08899871,0,1272887,0,7895212,0,0,0,0,0,0,0,0,0,0,0,0,0,0,0,0,0,0,0,0,0,0,0,0,0,0,0,0,0,0
69,-0,3361196,-0,5464185,0,07616929,0,6047132,-0,1879812,0,3199891,-0,3454003,-0,5460083,0,01024466,1,23152,-0,3788055,0,1653212,-0,359998,-0,5925623,0,01118779,1,196962,-0,371653,0,1748575,-0,3503564,-0,5929031,0,07937424,0,3624381,-0,1164973,0,4168948,-0,3780733,-0,5864085,-0,0551838,0,7164899,-0,2278418,0,2789213,-0,3143834,-0,54777,0,1387429,-0,06509873,-0,02208651,0,6499345,-0,3228383,-0,5956891,0,1420949,-0,02213717,-0,03532173,0,6264823,-0,3651538,-0,539479,-0,05321431,0,8583743,-0,2670945,0,2686263,-0,3708831,-0,5838887,-0,1238325,0,5091028,-0,2210588,0,2515038,-0,2592469,-0,5542003,0,1738014,-0,03699364,0,003835561,0,6084489,0,0,0,0,0,0,0,0,0,0,0,0,0,0,0,0,0,0,0,0,0,0,0,0,0,0,0,0,0,0
70,-0,3196262,-0,5526016,0,08162966,0,8246708,-0,3091545,0,2730188,-0,3227326,-0,5529415,0,01517628,1,133389,-0,3466608,0,2465815,-0,3318151,-0,6008998,0,01500075,1,409142,-0,4168751,0,190648,-0,3323704,-0,5996275,0,08385585,0,8993018,-0,336218,0,2240808,-0,3489595,-0,5956542,-0,051687,1,455689,-0,4622849,0,1748399,-0,3120039,-0,5504894,0,1472786,0,1189739,-0,1359702,0,4267843,-0,3209673,-0,5982557,0,1513993,0,09354953,-0,1283288,0,4652204,-0,3375847,-0,5482951,-0,04970364,1,378458,-0,4408063,0,1755333,-0,3585455,-0,5888344,-0,1198068,0,61688,-0,2472849,0,2012831,-0,257161,-0,5569261,0,1828215,0,1042933,-0,136292,0,4510047,0,0,0,0,0,0,0,0,0,0,0,0,0,0,0,0,0,0,0,0,0,0,0,0,0,0,0,0,0,0
71,-0,3283873,-0,5507501,0,08512351,-0,43806,0,09257201,0,1746923,-0,3131638,-0,5449755,0,02022123,0,4784377,0,3982992,0,2522476,-0,3000765,-0,591893,0,01861062,1,586934,0,4503371,0,1804934,-0,3234189,-0,5990759,0,08330547,0,4475744,0,02757908,-0,0275191,-0,3090164,-0,5898448,-0,05004823,1,997154,0,2904685,0,08193872,-0,3147739,-0,5508334,0,1500409,-0,1385019,-0,01719893,0,1381167,-0,3236487,-0,5991418,0,152191,-0,1340673,-0,04430415,0,0395842,-0,322846,-0,5433062,-0,04561205,0,7369357,0,2494455,0,2045798,-0,3356571,-0,5898182,-0,1139068,1,144423,-0,04918875,0,2949999,-0,2567402,-0,5598518,0,179389,0,02104194,-0,1462818,-0,1716235,0,0,0,0,0,0,0,0,0,0,0,0,0,0,0,0,0,0,0,0,0,0,0,0,0,0,0,0,0,0
72,-0,3495775,-0,5480295,0,09315254,-1,05951,0,1360328,0,4014516,-0,3353941,-0,5485251,0,02802725,-1,111514,-0,1774789,0,390301,-0,3426924,-0,5968984,0,02626756,-2,130797,-0,2502711,0,3828473,-0,3576024,-0,5959615,0,09343396,-1,709177,0,1557232,0,5064247,-0,3319351,-0,5941079,-0,04185309,-1,145936,-0,2131552,0,4097571,-0,3173533,-0,5517593,0,1508164,-0,1289666,-0,04629495,0,03877656,-0,3258418,-0,599712,0,1540787,-0,1096592,-0,02850891,0,09438474,-0,3332765,-0,5453168,-0,03873468,-0,5215289,-0,1005263,0,3438686,-0,3401725,-0,5883331,-0,1102787,-0,2257706,0,0742555,0,1814038,-0,2540984,-0,5612273,0,1660452,0,1320884,-0,06877485,-0,6671878,0,0,0,0,0,0,0,0,0,0,0,0,0,0,0,0,0,0,0,0,0,0,0,0,0,0,0,0,0,0
73,-0,3721893,-0,5427985,0,1007712,-1,13059,0,2615483,0,3809308,-0,4033446,-0,5330313,0,04265922,-3,397526,0,7746908,0,7315988,-0,4180863,-0,5796285,0,04195248,-3,769697,0,8634988,0,7842464,-0,3801838,-0,590849,0,09835199,-1,129069,0,2556235,0,2459017,-0,4045956,-0,5810195,-0,02584406,-3,633024,0,6544205,0,8004519,-0,312516,-0,5531424,0,1277293,0,2418638,-0,06915632,-1,154358,-0,3182049,-0,6014858,0,125345,0,3818469,-0,08869175,-1,436685,-0,3864073,-0,5359905,-0,02179926,-2,656538,0,4663141,0,8467714,-0,3890064,-0,5791186,-0,09339614,-2,441696,0,4607232,0,8441303,-0,2584545,-0,5606908,0,1645446,-0,2178029,0,0268221,-0,07503259,0,0,0,0,0,0,0,0,0,0,0,0,0,0,0,0,0,0,0,0,0,0,0,0,0,0,0,0,0,0
74,-0,375798,-0,542585,0,1034198,-0,1804323,0,01067818,0,1324315,-0,4138152,-0,5312226,0,04973986,-0,5235331,0,09043518,0,3540322,-0,4289856,-0,5775664,0,04986767,-0,544964,0,1031042,0,3957595,-0,3824848,-0,5908145,0,09900787,-0,1150489,0,001722575,0,03279411,-0,4009207,-0,5851085,-0,01274605,0,1837418,-0,20445,0,6549007,-0,3154898,-0,5523772,0,1288569,-0,1486898,0,03826322,0,05638006,-0,3197195,-0,6007329,0,1243448,-0,07572922,0,03764631,-0,05000906,-0,3844119,-0,5393199,-0,009706641,0,09976778,-0,1664699,0,6046311,-0,3716498,-0,5898903,-0,0751244,0,8678321,-0,5385848,0,9135876,-0,2561355,-0,5593408,0,1561139,0,1159505,0,06749931,-0,4215361,0,0,0,0,0,0,0,0,0,0,0,0,0,0,0,0,0,0,0,0,0,0,0,0,0,0,0,0,0,0
75,-0,3830083,-0,5407335,0,1218498,-0,3605144,0,09257499,0,9215038,-0,4133745,-0,5389095,0,06266381,0,02203436,-0,3843458,0,6461977,-0,4228067,-0,5867694,0,06517165,0,3089459,-0,460151,0,7651995,-0,3930652,-0,5880842,0,1272609,-0,5290228,0,1365185,1,412653,-0,3967744,-0,5933585,0,001560135,0,2073155,-0,4124971,0,7153094,-0,3181214,-0,5529294,0,1271431,-0,1315788,-0,02761186,-0,08568916,-0,325798,-0,6010537,0,1289032,-0,3039242,-0,0160426,0,2279201,-0,384384,-0,5461926,0,003011919,0,001394749,-0,3436388,0,6359283,-0,3629864,-0,5987737,-0,05841166,0,4331665,-0,444171,0,8356372,-0,2585408,-0,5607321,0,1537423,-0,1202673,-0,06956163,-0,1185775,0,0,0,0,0,0,0,0,0,0,0,0,0,0,0,0,0,0,0,0,0,0,0,0,0,0,0,0,0,0
76,-0,3977464,-0,5381951,0,1069368,-0,7369089,0,1269162,-0,7456514,-0,4484276,-0,5262301,0,06550772,-1,752651,0,6339701,0,1421955,-0,460803,-0,5733986,0,06558648,-1,899818,0,6685379,0,02074168,-0,4106401,-0,585042,0,1113151,-0,8787412,0,1521081,-0,7972896,-0,3981744,-0,5880166,0,04045084,-0,06999674,0,2670945,1,944536,-0,3436175,-0,5486414,0,1435402,-1,274808,0,214401,0,8198577,-0,3528276,-0,5964911,0,1461638,-1,351484,0,2281309,0,8630264,-0,3903399,-0,5401598,0,03515415,-0,2977939,0,3016413,1,607112,-0,3517196,-0,5996842,-0,009218217,0,5633446,-0,04552307,2,459673,-0,284711,-0,5577639,0,1711304,-1,308509,0,1484067,0,8694071,0,0,0,0,0,0,0,0,0,0,0,0,0,0,0,0,0,0,0,0,0,0,0,0,0,0,0,0,0,0
77,-0,4114491,-0,5333912,0,09184442,-0,6851333,0,2401949,-0,7546204,-0,4698499,-0,5174102,0,06409921,-1,071115,0,4409971,-0,07042515,-0,4836289,-0,5641618,0,06401068,-1,141297,0,4618408,-0,07879029,-0,4257486,-0,5797507,0,09784667,-0,7554251,0,2645673,-0,6734236,-0,421717,-0,580631,0,03833687,-1,177131,0,3692777,-0,1056986,-0,3609253,-0,5427036,0,1334731,-0,8653868,0,2968909,-0,5033592,-0,3744045,-0,5887712,0,1421514,-1,078843,0,3859968,-0,2006196,-0,4091676,-0,5335211,0,04128085,-0,9413857,0,3319354,0,3063352,-0,3592014,-0,5939474,0,01185802,-0,3740908,0,2868385,1,053812,-0,3069259,-0,550797,0,1697296,-1,110748,0,3483476,-0,07004443,0,0,0,0,0,0,0,0,0,0,0,0,0,0,0,0,0,0,0,0,0,0,0,0,0,0,0,0,0,0
78,-0,4173517,-0,529757,0,08530544,-0,2951295,0,1817138,-0,3269491,-0,4759215,-0,514281,0,05795528,-0,3035845,0,1564563,-0,3071967,-0,4890636,-0,5613168,0,05730578,-0,2717317,0,1422525,-0,3352453,-0,4280443,-0,5773258,0,08489266,-0,1147852,0,1212448,-0,6477008,-0,4230905,-0,5775301,0,04421066,-0,06867501,0,1550437,0,2936899,-0,3666761,-0,540442,0,126497,-0,2875434,0,113076,-0,3488013,-0,3771784,-0,5879891,0,1294742,-0,1386956,0,03910364,-0,6338569,-0,4138058,-0,5299774,0,03907932,-0,2319084,0,1771868,-0,110077,-0,3576493,-0,590128,0,02549159,0,07760379,0,1909704,0,6816788,-0,3125914,-0,5493435,0,1626364,-0,2832742,0,07267299,-0,3546597,0,0,0,0,0,0,0,0,0,0,0,0,0,0,0,0,0,0,0,0,0,0,0,0,0,0,0,0,0,0
79,-0,4210707,-0,527995,0,07719571,-0,1859487,0,08809868,-0,4054868,-0,4796011,-0,5128473,0,0492637,-0,1839758,0,07168654,-0,4345795,-0,4918837,-0,5601202,0,0476229,-0,1410068,0,05982818,-0,4841441,-0,4297476,-0,5757474,0,07281571,-0,08516613,0,07891658,-0,6038478,-0,424839,-0,5750553,0,03914281,-0,08742813,0,1237423,-0,2533928,-0,36863,-0,5399991,0,1157348,-0,09769503,0,0221491,-0,538111,-0,3768013,-0,5880452,0,1145128,0,01885445,-0,00280738,-0,7480725,-0,4165446,-0,5273582,0,03279325,-0,1369402,0,1309604,-0,3143036,-0,3572374,-0,5858785,0,02822373,0,02059639,0,2124757,0,1366073,-0,3152453,-0,5491195,0,1527685,-0,1326949,0,0112027,-0,4933918,0,0,0,0,0,0,0,0,0,0,0,0,0,0,0,0,0,0,0,0,0,0,0,0,0,0,0,0,0,0
80,-0,4231347,-0,5264736,0,06857205,-0,1032025,0,07607046,-0,4311832,-0,4827733,-0,5114412,0,0430128,-0,1586125,0,07030371,-0,3125451,-0,4950466,-0,5586731,0,04196678,-0,1581461,0,07235709,-0,2828057,-0,4313959,-0,5742301,0,06331649,-0,08241686,0,07586482,-0,4749609,-0,4285643,-0,5739886,0,03132345,-0,1862601,0,05333724,-0,3909683,-0,3706803,-0,538763,0,1069973,-0,1025141,0,0618011,-0,4368754,-0,3743764,-0,5867693,0,09930999,0,1212433,0,06379785,-0,7601406,-0,4186157,-0,5262671,0,03180878,-0,1035542,0,05455317,-0,04922321,-0,3608638,-0,5860878,0,02376728,-0,1813204,-0,0104636,-0,2228227,-0,3176027,-0,5480247,0,1444816,-0,1178712,0,05473795,-0,4143478,0,0,0,0,0,0,0,0,0,0,0,0,0,0,0,0,0,0,0,0,0,0,0,0,0,0,0,0,0,0
81,-0,425371,-0,5261097,0,05688639,-0,1118124,0,01819433,-0,5842834,-0,4839666,-0,5095651,0,03008921,-0,05966278,0,09380583,-0,6461799,-0,496907,-0,5564736,0,02714838,-0,09302054,0,1099736,-0,7409207,-0,4366078,-0,5735211,0,05575512,-0,2605961,0,03544988,-0,3780689,-0,4301423,-0,572673,0,02038564,-0,07890466,0,06577673,-0,5468905,-0,3707557,-0,53881,0,09205817,-0,003771485,-0,002348424,-0,7469571,-0,3791979,-0,5868067,0,09066918,-0,2410741,-0,001868606,-0,4320403,-0,4193351,-0,5252689,0,02431568,-0,03596993,0,04991295,-0,3746551,-0,3707561,-0,5818706,-0,01358675,-0,4946174,0,2108575,-1,867702,-0,3208993,-0,5479761,0,1338423,-0,1648293,0,00243187,-0,531965,0,0,0,0,0,0,0,0,0,0,0,0,0,0,0,0,0,0,0,0,0,0,0,0,0,0,0,0,0,0
82,-0,4250801,-0,5257103,0,05070143,0,01454503,0,01997054,-0,309248,-0,486452,-0,5093617,0,03073475,-0,1242698,0,01017154,0,03227714,-0,4989128,-0,5564619,0,02760116,-0,1002893,0,000587106,0,02263906,-0,4349024,-0,5732535,0,04673733,0,08527193,0,01338125,-0,4508898,-0,4327213,-0,5713467,0,01475286,-0,1289502,0,06631616,-0,281639,-0,3701361,-0,5389183,0,08540893,0,03098102,-0,005412104,-0,3324625,-0,3798079,-0,5867096,0,08511744,-0,03049971,0,00485182,-0,2775875,-0,4226066,-0,5237692,0,01806797,-0,1635746,0,07498267,-0,3123858,-0,3749973,-0,5793304,-0,02247019,-0,2120585,0,1270116,-0,4441723,-0,3244725,-0,5477293,0,1319052,-0,1786605,0,01234115,-0,09685609,0,0,0,0,0,0,0,0,0,0,0,0,0,0,0,0,0,0,0,0,0,0,0,0,0,0,0,0,0,0
83,-0,4252172,-0,5244047,0,04734626,-0,006859007,0,06527903,-0,1677584,-0,4895568,-0,5078729,0,04325443,-0,1552418,0,07443729,0,6259844,-0,5023817,-0,5547899,0,04005222,-0,1734466,0,08359852,0,6225535,-0,4357901,-0,5719053,0,04417159,-0,04438611,0,0674099,-0,1282869,-0,4417011,-0,5674893,0,009766241,-0,4489886,0,1928718,-0,2493313,-0,3700477,-0,5378696,0,08126547,0,004419686,0,05243423,-0,2071728,-0,3782988,-0,5858793,0,07872074,0,07545802,0,04151465,-0,3198349,-0,4305836,-0,5202385,0,01455463,-0,3988506,0,1765371,-0,1756669,-0,3813649,-0,5768932,-0,02218029,-0,3183798,0,1218617,0,01449511,-0,3222109,-0,5476956,0,1251596,0,113082,0,001680852,-0,3372767,0,0,0,0,0,0,0,0,0,0,0,0,0,0,0,0,0,0,0,0,0,0,0,0,0,0,0,0,0,0
84,-0,4236304,-0,5232841,0,04319319,0,07934275,0,05603137,-0,2076537,-0,487837,-0,5094195,0,05365963,0,08598719,-0,07732812,0,5202599,-0,4996746,-0,5566121,0,0495947,0,1353592,-0,09110872,0,4771242,-0,4332962,-0,5708688,0,03825469,0,1246974,0,05182626,-0,2958452,-0,4509572,-0,5626446,0,0008967198,-0,4628049,0,2422334,-0,4434762,-0,3689795,-0,5369859,0,07784933,0,05341323,0,04418494,-0,1708072,-0,3761021,-0,5849796,0,07315242,0,109835,0,04498662,-0,278416,-0,43741,-0,5168927,0,01060221,-0,3413232,0,1672894,-0,1976214,-0,3897815,-0,5723677,-0,02969448,-0,4208298,0,2262712,-0,3757098,-0,3204173,-0,5475131,0,1207236,0,08967672,0,009128455,-0,2218042,0,0,0,0,0,0,0,0,0,0,0,0,0,0,0,0,0,0,0,0,0,0,0,0,0,0,0,0,0,0
85,-0,4274556,-0,5199776,0,04652689,-0,1912624,0,1653225,0,1666848,-0,4912409,-0,5063089,0,06026778,-0,1701937,0,1555324,0,3304079,-0,5020353,-0,5538036,0,06099313,-0,1180351,0,1404226,0,5699218,-0,4374344,-0,5674033,0,04133377,-0,2069131,0,1732738,0,153954,-0,4550271,-0,563391,0,01139188,-0,2034933,-0,03732146,0,5247583,-0,3691494,-0,5342517,0,07441749,-0,008498136,0,1367063,-0,1715918,-0,3769494,-0,5821488,0,06989035,-0,042367,0,1415372,-0,1631037,-0,4437908,-0,515906,0,0142154,-0,3190399,0,0493318,0,18066,-0,392226,-0,57525,-0,01463351,-0,1222283,-0,1441151,0,7530491,-0,3194546,-0,545419,0,1158441,0,04813971,0,1047045,-0,2439738,0,0,0,0,0,0,0,0,0,0,0,0,0,0,0,0,0,0,0,0,0,0,0,0,0,0,0,0,0,0
86,-0,4352256,-0,5200377,0,06072319,-0,3884988,-0,003004075,0,7098154,-0,4996871,-0,5036884,0,06307954,-0,422311,0,131023,0,1405882,-0,5124484,-0,5507602,0,06432994,-0,5206587,0,1521707,0,1668405,-0,4458339,-0,5676163,0,05988107,-0,4199745,-0,01064837,0,9273655,-0,4574018,-0,5647775,0,02497405,-0,118734,-0,06932321,0,6791087,-0,3718092,-0,5334886,0,0742619,-0,1329914,0,03815891,-0,007779527,-0,3793069,-0,5813497,0,06913126,-0,1178772,0,03995897,-0,03795476,-0,4450405,-0,5176715,0,02749194,-0,06248209,-0,08827154,0,6638272,-0,3924768,-0,5791636,0,00628777,-0,01253784,-0,1956791,1,046064,-0,3164837,-0,5448164,0,1078604,0,1485408,0,03012718,-0,3991825,0,0,0,0,0,0,0,0,0,0,0,0,0,0,0,0,0,0,0,0,0,0,0,0,0,0,0,0,0,0
87,-0,4399683,-0,5181957,0,07748453,-0,2371372,0,09209815,0,8380672,-0,5033216,-0,5020891,0,06485284,-0,1817257,0,07996562,0,08866493,-0,5166189,-0,5489034,0,06744957,-0,208524,0,09284023,0,1559813,-0,451309,-0,5654089,0,08170195,-0,2737523,0,11037,1,091044,-0,4528893,-0,5662237,0,04736758,0,2256245,-0,07231238,1,119677,-0,3752975,-0,5328375,0,0772012,-0,1744122,0,03255309,0,1469646,-0,3847039,-0,5807157,0,07674885,-0,2698497,0,03169776,0,3808798,-0,4408472,-0,5188823,0,04827427,0,2096654,-0,06054046,1,039117,-0,3925732,-0,5793237,0,01644409,-0,004820528,-0,008004907,0,5078163,-0,3177848,-0,5438829,0,1070621,-0,06505551,0,04667642,-0,03991687,0,0,0,0,0,0,0,0,0,0,0,0,0,0,0,0,0,0,0,0,0,0,0,0,0,0,0,0,0,0
88,-0,4429006,-0,5202504,0,08405513,-0,1466111,-0,1027316,0,3285301,-0,5052449,-0,5040072,0,06771307,-0,09616021,-0,09590689,0,1430117,-0,5172827,-0,5511611,0,06327749,-0,03319086,-0,1128823,-0,2086041,-0,4539564,-0,5677658,0,08475006,-0,1323715,-0,1178444,0,1524058,-0,4499156,-0,5663037,0,06012863,0,1486824,-0,003999473,0,6380523,-0,3785309,-0,5341276,0,09086967,-0,1616732,-0,06450417,0,6834242,-0,3869884,-0,5820108,0,08703197,-0,1142219,-0,06475451,0,5141562,-0,4405484,-0,5185156,0,05805299,0,01493842,0,0183344,0,488936,-0,3836551,-0,5780098,0,04320759,0,445904,0,06569328,1,338176,-0,3169706,-0,5456567,0,1104493,0,04071297,-0,08868877,0,1693622,0,0,0,0,0,0,0,0,0,0,0,0,0,0,0,0,0,0,0,0,0,0,0,0,0,0,0,0,0,0
89,-0,4397522,-0,5208099,0,08760533,0,1574189,-0,02797545,0,1775105,-0,5026743,-0,5040078,0,07350076,0,1285285,-2,980233E-05,0,2893844,-0,5164639,-0,5507887,0,07656735,0,04093947,0,01861752,0,6644933,-0,4501086,-0,5682532,0,08362599,0,192389,-0,02436937,-0,05620348,-0,4630547,-0,5673149,0,03605532,-0,6569537,-0,05055668,-1,203666,-0,3765477,-0,534547,0,1014219,0,09916428,-0,0209719,0,5276105,-0,3843551,-0,5824478,0,09702116,0,1316637,-0,02185107,0,4994596,-0,4501738,-0,5202855,0,03567887,-0,4812719,-0,08849505,-1,118707,-0,4059649,-0,581571,-0,000131602,-1,115491,-0,17806,-2,166961,-0,3137436,-0,5452909,0,1172584,0,1613483,0,01828671,0,3404537,0,0,0,0,0,0,0,0,0,0,0,0,0,0,0,0,0,0,0,0,0,0,0,0,0,0,0,0,0,0
90,-0,4373074,-0,5204144,0,08939924,0,1222387,0,01977385,0,08969534,-0,4990746,-0,5029827,0,07178674,0,1799852,0,05125405,-0,08570109,-0,5137818,-0,5495059,0,07439082,0,1341075,0,0641376,-0,1088266,-0,4493365,-0,567639,0,09052986,0,03860594,0,03070833,0,3451934,-0,4610431,-0,5663095,0,03297057,0,1005799,0,05027058,-0,1542377,-0,3763536,-0,534532,0,1111664,0,00970364,0,0007510188,0,4872242,-0,3845159,-0,5824297,0,1074494,-0,008040669,0,0009059909,0,5214149,-0,4527849,-0,5186598,0,02636865,-0,1305536,0,08128288,-0,4655109,-0,4142567,-0,5793239,-0,01618401,-0,4145892,0,1123578,-0,8026207,-0,3147201,-0,5455914,0,1309639,-0,04882516,-0,01502038,0,6852767,0,0,0,0,0,0,0,0,0,0,0,0,0,0,0,0,0,0,0,0,0,0,0,0,0,0,0,0,0,0
91,-0,4342145,-0,5185488,0,09320854,0,1546473,0,09327833,0,1904652,-0,4932956,-0,5015107,0,06767599,0,2889515,0,07360283,-0,2055374,-0,5085737,-0,5477898,0,06998519,0,2604038,0,08580688,-0,2202817,-0,4471747,-0,5654559,0,09567247,0,1080901,0,109154,0,2571308,-0,4663419,-0,5625044,0,01733982,-0,2649383,0,1902551,-0,7815377,-0,3747373,-0,5325351,0,1185689,0,08081499,0,09984676,0,3701267,-0,3854793,-0,5799527,0,1218023,-0,04816802,0,1238525,0,7176443,-0,4534584,-0,5155275,0,0160264,-0,03367366,0,1566142,-0,5171127,-0,417769,-0,5754694,-0,03008049,-0,1756132,0,1927257,-0,6948245,-0,3147888,-0,5436177,0,143045,-0,003433229,0,09868447,0,6040553,0,0,0,0,0,0,0,0,0,0,0,0,0,0,0,0,0,0,0,0,0,0,0,0,0,0,0,0,0,0
92,-0,4326389,-0,5178673,0,1001713,0,07877651,0,03407599,0,3481367,-0,4849279,-0,5025611,0,06188259,0,4183831,-0,05252066,-0,2896703,-0,5008584,-0,5486171,0,06378187,0,3857644,-0,04136266,-0,3101659,-0,4445298,-0,565152,0,09981531,0,1322449,0,01519323,0,2071419,-0,4668685,-0,5609142,0,00494562,-0,02633334,0,07950965,-0,6197103,-0,3748136,-0,5316747,0,1294349,-0,003813209,0,04301967,0,5433006,-0,3827021,-0,5796361,0,125453,0,1388565,0,01582802,0,1825333,-0,4542809,-0,5138139,0,003661365,-0,04112722,0,08568469,-0,6182522,-0,4242432,-0,5721481,-0,04819613,-0,3237129,0,1660646,-0,9057822,-0,314748,-0,5429373,0,1538102,0,00203997,0,03401639,0,53826,0,0,0,0,0,0,0,0,0,0,0,0,0,0,0,0,0,0,0,0,0,0,0,0,0,0,0,0,0,0
93,-0,4296402,-0,5197257,0,1036865,0,1499385,-0,0929207,0,17576,-0,4733044,-0,5070823,0,05504565,0,5811738,-0,2260626,-0,3418471,-0,4894099,-0,5531144,0,05639536,0,5724269,-0,2248676,-0,3693258,-0,4421155,-0,5668452,0,1045242,0,1207144,-0,08465949,0,2354429,-0,4629898,-0,5623052,-0,006767064,0,1939372,-0,06955269,-0,5856345,-0,3716286,-0,5335323,0,132438,0,1592458,-0,09288196,0,1501568,-0,382035,-0,5811102,0,1341386,0,03335626,-0,07370713,0,4342804,-0,4510691,-0,5150421,-0,007391623,0,1605899,-0,06141069,-0,5526496,-0,431814,-0,5693363,-0,06800344,-0,3785373,0,1405895,-0,9903659,-0,3136245,-0,5443286,0,1613008,0,05617591,-0,06956461,0,3745289,0,0,0,0,0,0,0,0,0,0,0,0,0,0,0,0,0,0,0,0,0,0,0,0,0,0,0,0,0,0
94,-0,4169198,-0,5295883,0,102421,0,6360191,-0,4931303,-0,06327371,-0,4361852,-0,5256866,0,038842,1,85596,-0,9302143,-0,8101826,-0,4510318,-0,5721353,0,03957162,1,918905,-0,9510431,-0,8411875,-0,4303786,-0,5763661,0,1051248,0,5868467,-0,4760416,0,03003107,-0,4589945,-0,5688275,-0,02892269,0,1997621,-0,326112,-1,107782,-0,3625607,-0,5421441,0,1380978,0,4533993,-0,4305901,0,2829903,-0,3752025,-0,5888637,0,1437669,0,3416257,-0,3876717,0,4814127,-0,4445484,-0,5222965,-0,02729329,0,3260375,-0,3627212,-0,9950837,-0,4310627,-0,5737008,-0,09185615,0,03756435,-0,2182276,-1,192636,-0,305481,-0,5530092,0,1687271,0,4071744,-0,4340263,0,3713155,0,0,0,0,0,0,0,0,0,0,0,0,0,0,0,0,0,0,0,0,0,0,0,0,0,0,0,0,0,0
95,-0,4021032,-0,5364903,0,09642494,0,7408294,-0,3450961,-0,2998029,-0,4104064,-0,5352156,0,03040681,1,288944,-0,4764469,-0,4217597,-0,422694,-0,5823547,0,03005387,1,416892,-0,5109699,-0,4758873,-0,4147325,-0,5835711,0,09846066,0,7823023,-0,3602506,-0,3332065,-0,4503833,-0,5728461,-0,03248644,0,4305633,-0,2009303,-0,1781876,-0,3493696,-0,5479739,0,1347262,0,6595539,-0,2914907,-0,1685799,-0,3618218,-0,5947468,0,1405282,0,6690356,-0,294158,-0,1619317,-0,4359008,-0,5262977,-0,03063495,0,4323797,-0,2000601,-0,1670831,-0,4268831,-0,5759434,-0,09734582,0,2089799,-0,1121283,-0,2744836,-0,2974761,-0,5560966,0,1741913,0,4002468,-0,1543731,0,2732084,0,0,0,0,0,0,0,0,0,0,0,0,0,0,0,0,0,0,0,0,0,0,0,0,0,0,0,0,0,0
96,-0,3841579,-0,5422664,0,09175237,0,8972663,-0,2888055,-0,2336291,-0,3839832,-0,5438993,0,02523176,1,32116,-0,4341872,-0,2587528,-0,3978457,-0,5906587,0,02544695,1,242416,-0,4152002,-0,2303465,-0,3964261,-0,5894187,0,09427998,0,9153236,-0,2923818,-0,209034,-0,4357225,-0,5778707,-0,0308532,0,7330391,-0,2512307,0,08166193,-0,3353994,-0,5517622,0,135561,0,6985116,-0,1894117,0,04173668,-0,3426212,-0,5999594,0,1354284,0,9600285,-0,2606274,-0,2549902,-0,4202107,-0,5316774,-0,02948146,0,7845032,-0,2689869,0,0576745,-0,413844,-0,5816289,-0,09623742,0,6519573,-0,2842755,0,05542005,-0,2852937,-0,5584208,0,1773689,0,6091195,-0,1162082,0,1588792,0,0,0,0,0,0,0,0,0,0,0,0,0,0,0,0,0,0,0,0,0,0,0,0,0,0,0,0,0,0
97,-0,3650849,-0,5482662,0,08708892,0,9536479,-0,2999933,-0,2331723,-0,3554966,-0,5515172,0,02131923,1,424328,-0,3808947,-0,1956263,-0,3664618,-0,5990168,0,0211177,1,569194,-0,4179092,-0,2164624,-0,3762714,-0,5957124,0,08919439,1,007736,-0,3146858,-0,2542799,-0,4126786,-0,5863479,-0,02858603,1,152194,-0,4238607,0,1133589,-0,3224109,-0,5552512,0,1372324,0,6494212,-0,1744539,0,08357319,-0,3280459,-0,6037083,0,1372139,0,7287654,-0,1874448,0,08927513,-0,3992978,-0,5394604,-0,02757744,1,045648,-0,389147,0,09520132,-0,4031331,-0,5859991,-0,09698051,0,535545,-0,2185077,-0,03715457,-0,2744578,-0,5600529,0,1817712,0,5417945,-0,08160773,0,2201186,0,0,0,0,0,0,0,0,0,0,0,0,0,0,0,0,0,0,0,0,0,0,0,0,0,0,0,0,0,0
98,-0,3250023,-0,5552214,0,07152389,2,004134,-0,3477605,-0,7782518,-0,3191209,-0,5555791,0,005248793,1,818787,-0,203094,-0,8035224,-0,3266599,-0,6037195,0,003907403,1,990094,-0,2351315,-0,8605151,-0,3332355,-0,6032641,0,07245966,2,151796,-0,3775837,-0,8367367,-0,3903764,-0,5912798,-0,01961836,1,115112,-0,2465964,0,4483837,-0,2985365,-0,5575429,0,132132,1,193724,-0,114584,-0,2550223,-0,3058773,-0,6056182,0,135212,1,108434,-0,0954986,-0,1000949,-0,3798611,-0,5436172,-0,0196897,0,9718317,-0,2078445,0,3943871,-0,3877853,-0,5904022,-0,08863053,0,7673892,-0,2201558,0,417499,-0,2589715,-0,5593703,0,1845033,0,7743123,0,03413261,0,1366027,0,0,0,0,0,0,0,0,0,0,0,0,0,0,0,0,0,0,0,0,0,0,0,0,0,0,0,0,0,0
99,-0,3096316,-0,5572362,0,0696009,0,7685336,-0,1007378,-0,09614978,-0,3179134,-0,5563946,0,003562052,0,06037506,-0,04077853,-0,08433709,-0,3263109,-0,6044324,0,003138765,0,01745225,-0,03564657,-0,03843191,-0,3197026,-0,604884,0,07168854,0,6766456,-0,08099678,-0,03855602,-0,3921272,-0,591013,-0,01277299,-0,0875384,0,01333953,0,3422684,-0,2885586,-0,5579675,0,1323572,0,4988941,-0,0212282,0,01126007,-0,2941507,-0,6063366,0,1352549,0,5863296,-0,03591777,0,002145768,-0,3812245,-0,5434207,-0,01302443,-0,06816986,0,009825829,0,3332636,-0,3770803,-0,5931002,-0,08019406,0,5352499,-0,1349033,0,4218241,-0,2524945,-0,558193,0,187274,0,323853,0,05886259,0,1385354,0,0,0,0,0,0,0,0,0,0,0,0,0,0,0,0,0,0,0,0,0,0,0,0,0,0,0,0,0,0
100,-0,2872513,-0,5562447,0,05001817,1,119015,0,0495732,-0,9791369,-0,3195747,-0,5498107,-0,007778801,-0,08306506,0,3291966,-0,5670429,-0,3286639,-0,5977229,-0,009044308,-0,1176537,0,3354759,-0,6091539,-0,2934417,-0,6045793,0,04975151,1,313045,0,01523793,-1,096852,-0,3931344,-0,5841779,0,0116523,-0,05036445,0,3417553,1,221265,-0,2589008,-0,5591872,0,1098204,1,48289,-0,06098749,-1,126843,-0,2684059,-0,6069123,0,1134652,1,287242,-0,02878607,-1,089489,-0,383057,-0,5365589,0,008148751,-0,09162281,0,3430904,1,058659,-0,3947949,-0,5869985,-0,05736949,-0,8857328,0,3050865,1,141229,-0,2398359,-0,5574946,0,1727057,0,6329271,0,03492238,-0,7284153,0,0,0,0,0,0,0,0,0,0,0,0,0,0,0,0,0,0,0,0,0,0,0,0,0,0,0,0,0,0
101,-0,2797392,-0,5555428,0,03913453,0,3756063,0,03509821,-0,5441821,-0,3234619,-0,5474107,-0,01033588,-0,1943574,0,1199991,-0,1278542,-0,3326932,-0,5952868,-0,01126038,-0,2014623,0,1218021,-0,1108038,-0,2860571,-0,6038827,0,0387045,0,3692271,0,03482999,-0,5523505,-0,3957171,-0,581769,0,01351144,-0,1291305,0,1204461,0,09295702,-0,2411623,-0,559966,0,09268231,0,8869241,-0,03893675,-0,8569024,-0,2453903,-0,60849,0,09368415,1,15078,-0,07888678,-0,9890512,-0,3856353,-0,5341748,0,01012376,-0,128916,0,1192064,0,0987505,-0,4216898,-0,5792294,-0,0504158,-1,344744,0,3884585,0,3476847,-0,2284298,-0,5588254,0,1571174,0,5703094,-0,06654266,-0,7794145,0,0,0,0,0,0,0,0,0,0,0,0,0,0,0,0,0,0,0,0,0,0,0,0,0,0,0,0,0,0
102,-0,2737594,-0,5526305,0,02564791,0,2989889,0,1456112,-0,6743312,-0,3286993,-0,5438944,-0,0109749,-0,2618731,0,1758189,-0,03195076,-0,3386709,-0,5916045,-0,008695861,-0,2988846,0,1841158,0,1282261,-0,2790616,-0,6010382,0,02459436,0,3497766,0,1422257,-0,705507,-0,4031408,-0,5753999,0,009976992,-0,3711851,0,3184528,-0,1767227,-0,2261509,-0,5577336,0,0713917,0,7505718,0,1116187,-1,064531,-0,2279042,-0,6064278,0,06988246,0,8743029,0,1031101,-1,190085,-0,3915167,-0,528259,0,005267279,-0,2940716,0,2957882,-0,2428242,-0,4442019,-0,5691323,-0,04519339,-1,125606,0,5048515,0,2611206,-0,2141599,-0,5593408,0,1359763,0,7134939,-0,02577008,-1,057057,0,0,0,0,0,0,0,0,0,0,0,0,0,0,0,0,0,0,0,0,0,0,0,0,0,0,0,0,0,0
103,-0,271167,-0,5511467,0,01192856,0,1296238,0,07419291,-0,6859676,-0,3318916,-0,541001,-0,01325565,-0,1596138,0,1446665,-0,1140377,-0,3415999,-0,588749,-0,01153426,-0,1464487,0,142777,-0,1419201,-0,2784728,-0,5993441,0,01386245,0,02944024,0,08470121,-0,5365959,-0,4086798,-0,5731258,-0,006572183,-0,2769546,0,1137078,-0,8274591,-0,2202382,-0,5564309,0,0540344,0,2956339,0,065133,-0,8678652,-0,2212443,-0,60514,0,05116865,0,3329949,0,0643939,-0,9356911,-0,3968623,-0,5259753,-0,01026569,-0,2672793,0,1141847,-0,7766485,-0,4650415,-0,5603614,-0,04437151,-1,041981,0,4385473,0,04109406,-0,1958631,-0,5596924,0,1148925,0,9148378,-0,0175804,-1,054188,0,0,0,0,0,0,0,0,0,0,0,0,0,0,0,0,0,0,0,0,0,0,0,0,0,0,0,0,0,0
104,-0,2813462,-0,5470037,-0,01393785,-0,5089642,0,2071471,-1,293321,-0,3454576,-0,5337277,-0,02600712,-0,6783011,0,363666,-0,6375738,-0,3570086,-0,5808845,-0,02202607,-0,7704365,0,3932239,-0,5245907,-0,2901943,-0,5949804,-0,01275128,-0,5860748,0,2181889,-1,330687,-0,4170424,-0,5668883,-0,05330427,-0,4181297,0,3118725,-2,336605,-0,2266158,-0,5552575,0,02238942,-0,3188805,0,05867185,-1,58225,-0,2310268,-0,6038552,0,02055544,-0,4891241,0,06423893,-1,530661,-0,4051006,-0,5196106,-0,05254708,-0,4119144,0,3182353,-2,11407,-0,4834813,-0,5485219,-0,04903235,-0,9219903,0,5919727,-0,2330418,-0,1869872,-0,5603285,0,07459819,0,4437955,-0,03180505,-2,014717,0,0,0,0,0,0,0,0,0,0,0,0,0,0,0,0,0,0,0,0,0,0,0,0,0,0,0,0,0,0
105,-0,2888969,-0,5457214,-0,02216583,-0,3775315,0,06411972,-0,4113993,-0,3496373,-0,533244,-0,04639141,-0,2089829,0,02418459,-1,019215,-0,3610823,-0,5806274,-0,04431343,-0,203687,0,01285375,-1,114368,-0,2968814,-0,5937829,-0,02306806,-0,3343539,0,05987289,-0,5158392,-0,4239548,-0,5646284,-0,0679578,-0,3456177,0,1129956,-0,7326766,-0,2304988,-0,5549108,0,007626172,-0,1941495,0,01733602,-0,7381628,-0,2347505,-0,6034104,0,004182688,-0,1861871,0,02224148,-0,8186379,-0,4114512,-0,5175259,-0,06612085,-0,317529,0,1042366,-0,6786888,-0,4902636,-0,5454258,-0,06863674,-0,3391118,0,1548052,-0,98022,-0,1922532,-0,5613317,0,06063649,-0,2632999,-0,05015733,-0,6980852,0,0,0,0,0,0,0,0,0,0,0,0,0,0,0,0,0,0,0,0,0,0,0,0,0,0,0,0,0,0
106,-0,2957392,-0,5439323,-0,03447488,-0,3421174,0,08945171,-0,6154526,-0,3524629,-0,5306416,-0,06666945,-0,1412795,0,13012,-1,013902,-0,3622264,-0,5782357,-0,07087653,-0,05720409,0,1195848,-1,328156,-0,3045407,-0,5918362,-0,0357647,-0,382966,0,09733442,-0,6348324,-0,4282337,-0,5618675,-0,08278454,-0,213945,0,1380444,-0,7413375,-0,2374658,-0,5544255,-0,004798381,-0,3483468,0,02426506,-0,6212279,-0,2421646,-0,6027391,-0,009501619,-0,3707045,0,03356339,-0,6842156,-0,4164809,-0,5148757,-0,07728816,-0,251487,0,1325131,-0,5583657,-0,4938253,-0,5427253,-0,09271966,-0,1780883,0,1350284,-1,204147,-0,2014662,-0,5623278,0,04950127,-0,4606472,-0,04980566,-0,5567608,0,0,0,0,0,0,0,0,0,0,0,0,0,0,0,0,0,0,0,0,0,0,0,0,0,0,0,0,0,0
107,-0,3001528,-0,5445136,-0,04544229,-0,2206803,-0,02906622,-0,548371,-0,3561369,-0,5305107,-0,0785935,-0,1837001,0,006547573,-0,5962028,-0,3658982,-0,5780377,-0,08373886,-0,1835913,0,009903315,-0,6431169,-0,3048867,-0,5921285,-0,05484961,-0,01730175,-0,01461506,-0,9542458,-0,4315613,-0,5612493,-0,09699994,-0,1663805,0,03091098,-0,71077,-0,2442683,-0,5556924,-0,01180771,-0,3401244,-0,06334784,-0,3504667,-0,2498181,-0,6039777,-0,01576282,-0,3826717,-0,06192925,-0,3130603,-0,4190431,-0,5142215,-0,09384975,-0,1281083,0,03270508,-0,8280798,-0,4959704,-0,5414897,-0,1121428,-0,1072526,0,06178024,-0,9711597,-0,2078974,-0,5634119,0,04226925,-0,3215605,-0,05420449,-0,3616014,0,0,0,0,0,0,0,0,0,0,0,0,0,0,0,0,0,0,0,0,0,0,0,0,0,0,0,0,0,0
108,-0,301754,-0,5462425,-0,05466077,-0,08006099,-0,08644465,-0,460924,-0,3589624,-0,5322987,-0,08566809,-0,1412765,-0,08940402,-0,3537299,-0,3685714,-0,5797806,-0,09118953,-0,1336575,-0,08714799,-0,3725333,-0,3079034,-0,5940658,-0,06177025,-0,1508326,-0,09686653,-0,3460323,-0,4322734,-0,5626549,-0,1116926,-0,03560634,-0,07027987,-0,7346339,-0,2487167,-0,5576092,-0,01675243,-0,2224223,-0,09583835,-0,2472357,-0,2548033,-0,6058553,-0,0200447,-0,2492608,-0,09388033,-0,2140942,-0,41978,-0,5157037,-0,1076549,-0,03684761,-0,07410648,-0,6902586,-0,4953876,-0,5425597,-0,1312122,0,02913625,-0,05350413,-0,9534705,-0,2098092,-0,5651643,0,03558864,-0,09559173,-0,08761887,-0,3340307,0,0,0,0,0,0,0,0,0,0,0,0,0,0,0,0,0,0,0,0,0,0,0,0,0,0,0,0,0,0
109,-0,302078,-0,5464305,-0,05730497,-0,01619757,-0,009396676,-0,1322104,-0,3581597,-0,5328175,-0,09050322,0,04013331,-0,02593995,-0,2417562,-0,3681304,-0,5803669,-0,09491536,0,02204777,-0,02931358,-0,1862918,-0,3105262,-0,5943894,-0,05994442,-0,1311407,-0,01617671,0,09129144,-0,4277423,-0,5632179,-0,1252743,0,2265573,-0,0281483,-0,6790842,-0,2494895,-0,5569254,-0,01844334,-0,03863798,0,03419222,-0,08454578,-0,2552837,-0,6052129,-0,02087148,-0,02402366,0,03212095,-0,04133863,-0,4171603,-0,5163383,-0,1170135,0,1309857,-0,03173352,-0,4679294,-0,4900095,-0,5434983,-0,1477634,0,268905,-0,04692974,-0,8275601,-0,2057736,-0,5636882,0,03010835,0,2017797,0,07380548,-0,2740144,0,0,0,0,0,0,0,0,0,0,0,0,0,0,0,0,0,0,0,0,0,0,0,0,0,0,0,0,0,0
110,-0,2997908,-0,5456001,-0,05480736,0,1143575,0,04152061,0,1248809,-0,3536242,-0,5333319,-0,09200957,0,2267779,-0,02571643,-0,07531795,-0,3609819,-0,5810422,-0,09866218,0,3574239,-0,03376605,-0,1873412,-0,307298,-0,5936831,-0,057295,0,1614079,0,03531577,0,1324714,-0,4190173,-0,5654846,-0,1327413,0,4362481,-0,1133353,-0,3733532,-0,2463546,-0,554785,-0,01686957,0,1567431,0,1070172,0,07868841,-0,2532115,-0,6030445,-0,01622958,0,1036108,0,1084209,0,2320949,-0,4087687,-0,5182181,-0,1264623,0,4195826,-0,09398762,-0,4724378,-0,4790104,-0,5471045,-0,1615102,0,5499574,-0,1803101,-0,6873394,-0,1944304,-0,5607446,0,02286729,0,567163,0,1471788,-0,3620533,0,0,0,0,0,0,0,0,0,0,0,0,0,0,0,0,0,0,0,0,0,0,0,0,0,0,0,0,0,0
111,-0,2985739,-0,5428877,-0,05333225,0,06084891,0,1356155,0,07375519,-0,3517243,-0,5315283,-0,0917195,0,09499345,0,09017888,0,01450368,-0,3597959,-0,5793967,-0,09634727,0,05930068,0,0822753,0,1157456,-0,3047839,-0,5911787,-0,05669618,0,1257062,0,1252205,0,0299411,-0,4117442,-0,564668,-0,1394342,0,3636555,0,0408292,-0,3346415,-0,2428553,-0,5515267,-0,01874584,0,1749635,0,1629174,-0,09381355,-0,2481067,-0,5999869,-0,01926032,0,2552391,0,152877,-0,151537,-0,4039725,-0,5173451,-0,1307437,0,2398089,0,0436485,-0,2140732,-0,4706745,-0,5474635,-0,1711464,0,4167976,-0,01794697,-0,4818091,-0,1809618,-0,5577295,0,002326867,0,6734284,0,1507551,-1,027022,0,0,0,0,0,0,0,0,0,0,0,0,0,0,0,0,0,0,0,0,0,0,0,0,0,0,0,0,0,0
112,-0,2925992,-0,5418923,-0,05580844,0,2987311,0,0497699,-0,1238093,-0,3480808,-0,5311152,-0,0910937,0,1821727,0,020656,0,03129021,-0,3559554,-0,5790215,-0,09504998,0,1920284,0,01876355,0,06486478,-0,2984913,-0,5901884,-0,05864565,0,3146307,0,04951062,-0,09747375,-0,4078116,-0,5650935,-0,1385519,0,1966313,-0,02127589,0,04411491,-0,2317455,-0,5499437,-0,03076974,0,5554909,0,07914904,-0,601195,-0,2332044,-0,5979865,-0,03900238,0,745118,0,1000196,-0,9871035,-0,3998428,-0,5175759,-0,1311445,0,206484,-0,01153648,-0,02003834,-0,4636162,-0,548268,-0,1756313,0,3529148,-0,04022421,-0,2242432,-0,1665963,-0,5525989,-0,02252018,0,718275,0,2565295,-1,242353,0,0,0,0,0,0,0,0,0,0,0,0,0,0,0,0,0,0,0,0,0,0,0,0,0,0,0,0,0,0
113,-0,2798865,-0,5415009,-0,06892711,0,6356361,0,01957119,-0,6559337,-0,3408383,-0,5311521,-0,09413511,0,3621267,-0,001844764,-0,1520709,-0,3458236,-0,5789525,-0,1031185,0,5065875,0,00344813,-0,4034271,-0,2799518,-0,5876024,-0,08467345,0,9269778,0,1293034,-1,30139,-0,4063528,-0,5644771,-0,1335213,0,07293674,0,03082157,0,2515287,-0,2168214,-0,5472331,-0,04914896,0,7462035,0,1355291,-0,9189613,-0,213559,-0,5919515,-0,06858301,0,9822701,0,3017486,-1,479032,-0,393664,-0,5173423,-0,1327399,0,3089429,0,01167655,-0,07977265,-0,4583346,-0,5478855,-0,1759353,0,2640785,0,01912118,-0,01520366,-0,1515471,-0,5447188,-0,04246717,0,7524598,0,3940047,-0,9973499,0,0,0,0,0,0,0,0,0,0,0,0,0,0,0,0,0,0,0,0,0,0,0,0,0,0,0,0,0,0
114,-0,268362,-0,5390876,-0,07915833,0,5762237,0,1206667,-0,5115612,-0,3291908,-0,5310267,-0,1048397,0,5823764,0,006267431,-0,5352291,-0,3290532,-0,5766782,-0,1219537,0,838523,0,1137168,-0,941759,-0,2661277,-0,5850611,-0,09491728,0,6912026,0,1270622,-0,5121918,-0,3896315,-0,5634747,-0,1526213,0,8360687,0,05011858,-0,9550017,-0,2026945,-0,5372452,-0,07104994,0,7063466,0,4993977,-1,095049,-0,1985961,-0,5843946,-0,08332057,0,7481474,0,3778489,-0,736878,-0,3868607,-0,5178328,-0,1356889,0,3401624,-0,02452136,-0,1474463,-0,4544683,-0,5491272,-0,1727894,0,1933173,-0,06208124,0,1572952,-0,1388078,-0,5353745,-0,05552875,0,636966,0,4672171,-0,6530792,0,0,0,0,0,0,0,0,0,0,0,0,0,0,0,0,0,0,0,0,0,0,0,0,0,0,0,0,0,0
115,-0,2678734,-0,5348492,-0,08186468,0,02443344,0,2119214,-0,1353175,-0,3255764,-0,5258883,-0,1140456,0,1807184,0,25692,-0,4602978,-0,326884,-0,5729306,-0,1266404,0,1084581,0,1873792,-0,2343354,-0,2641919,-0,5803341,-0,09915367,0,09678904,0,2363504,-0,2118194,-0,3882048,-0,5613615,-0,1564803,0,07133487,0,1056612,-0,192947,-0,2016789,-0,5288331,-0,08105393,0,05078094,0,4206033,-0,5002002,-0,1962979,-0,5752282,-0,09556862,0,1149074,0,4583212,-0,612403,-0,3834964,-0,514311,-0,145057,0,1682148,0,1760871,-0,4684063,-0,4545301,-0,5491799,-0,1717288,-0,003091992,-0,002634526,0,053034,-0,1387679,-0,527356,-0,06155802,0,001993776,0,4009219,-0,3014636,0,0,0,0,0,0,0,0,0,0,0,0,0,0,0,0,0,0,0,0,0,0,0,0,0,0,0,0,0,0
116,-0,2726416,-0,5285265,-0,08724053,-0,2384112,0,3161312,-0,2687928,-0,337088,-0,5256116,-0,1039131,-0,5755785,0,01383424,0,5066296,-0,3344221,-0,569651,-0,1247286,-0,3769071,0,1639784,0,09558801,-0,2674723,-0,5719727,-0,108543,-0,1640201,0,4180701,-0,4694665,-0,400791,-0,5630706,-0,1426828,-0,6293105,-0,08545522,0,6898749,-0,2106546,-0,5311649,-0,06427876,-0,4487829,-0,1165927,0,8387591,-0,2046837,-0,5765222,-0,08114454,-0,4192876,-0,06470086,0,7212042,-0,3992232,-0,5168355,-0,126788,-0,786339,-0,1262248,0,9134483,-0,4595759,-0,5469925,-0,1757131,-0,2522916,0,1093656,-0,1992167,-0,1511958,-0,5329551,-0,03630972,-0,6213928,-0,2799542,1,262416,0,0,0,0,0,0,0,0,0,0,0,0,0,0,0,0,0,0,0,0,0,0,0,0,0,0,0,0,0,0
117,-0,3001935,-0,5213131,-0,09644023,-1,377598,0,3606738,-0,4599853,-0,3653054,-0,5155647,-0,1094746,-1,410869,0,5023481,-0,2780781,-0,3678282,-0,5624509,-0,1223202,-1,670305,0,3600033,0,1204204,-0,2999349,-0,5677983,-0,1113442,-1,623127,0,2087236,-0,1400594,-0,4367341,-0,5571234,-0,1215402,-1,797155,0,2973617,1,057129,-0,2672471,-0,5381905,-0,04157353,-2,829629,-0,3512771,1,135262,-0,2565511,-0,5823358,-0,05988057,-2,593375,-0,290683,1,063199,-0,4318694,-0,5093825,-0,1126015,-1,632311,0,3726514,0,7093257,-0,4696277,-0,5407144,-0,1801452,-0,5025895,0,313908,-0,2216035,-0,2297004,-0,5517097,0,01092741,-3,925231,-0,9377275,2,361857,0,0,0,0,0,0,0,0,0,0,0,0,0,0,0,0,0,0,0,0,0,0,0,0,0,0,0,0,0,0
118,-0,3435862,-0,5280122,-0,05832218,-2,169634,-0,3349544,1,905903,-0,3984798,-0,5127182,-0,0928665,-1,658722,0,142324,0,8304063,-0,4055741,-0,5594885,-0,1042285,-1,887297,0,1481236,0,904585,-0,3512356,-0,5757484,-0,06501312,-2,565039,-0,3975065,2,316554,-0,4733019,-0,5461904,-0,1081878,-1,828391,0,5466464,0,6676199,-0,3336524,-0,5374011,0,006181709,-3,320265,0,03946723,2,387763,-0,3450304,-0,5848101,0,002682207,-4,423965,-0,1237125,3,12814,-0,4630597,-0,4986413,-0,1030473,-1,559516,0,5370575,0,4777087,-0,4772603,-0,5360838,-0,1764217,-0,3816293,0,2315314,0,1861752,-0,3103694,-0,5464361,0,06653279,-4,033454,0,2636761,2,78027,0,0,0,0,0,0,0,0,0,0,0,0,0,0,0,0,0,0,0,0,0,0,0,0,0,0,0,0,0,0
119,-0,3997068,-0,5245674,-0,004028168,-2,80603,0,1722366,2,714702,-0,4320957,-0,5117397,-0,06062065,-1,680797,0,04892351,1,612293,-0,4468808,-0,5580679,-0,06382906,-2,065335,0,07103088,2,019975,-0,4131142,-0,5714363,-0,005271409,-3,093932,0,215602,2,987087,-0,500862,-0,5363781,-0,1010677,-1,378006,0,490618,0,3560045,-0,3715467,-0,5331631,0,05524804,-1,894719,0,2119035,2,453317,-0,3852704,-0,579897,0,05673638,-2,011999,0,2456517,2,70271,-0,4842076,-0,4907236,-0,09649424,-1,057394,0,3958882,0,3276554,-0,481749,-0,5350958,-0,1674406,-0,2244339,0,04940035,0,4490519,-0,3334068,-0,5420352,0,1081255,-1,151868,0,2200455,2,079634,0,0,0,0,0,0,0,0,0,0,0,0,0,0,0,0,0,0,0,0,0,0,0,0,0,0,0,0,0,0
120,-0,454647,-0,5083438,0,04336563,-2,747014,0,8111838,2,369691,-0,4638418,-0,5043771,-0,02245708,-1,587305,0,3681333,1,908179,-0,4790224,-0,5507147,-0,02404469,-1,607079,0,3676565,1,989219,-0,4712248,-0,5543126,0,0442508,-2,905526,0,8561853,2,476112,-0,5036435,-0,5387502,-0,08744773,-0,1390756,-0,1186073,0,6809993,-0,4081359,-0,5237787,0,08801976,-1,82946,0,4692199,1,638587,-0,4160879,-0,5715669,0,08132965,-1,540878,0,4165085,1,229664,-0,4860752,-0,4934206,-0,08454271,-0,09337965,-0,1348511,0,5975767,-0,4730017,-0,5450505,-0,1490383,0,4373612,-0,4977377,0,9201151,-0,3570073,-0,5371964,0,1270588,-1,180026,0,2419413,0,9466674,0,0,0,0,0,0,0,0,0,0,0,0,0,0,0,0,0,0,0,0,0,0,0,0,0,0,0,0,0,0
121,-0,4748605,-0,5006197,0,05421904,-1,010672,0,3862025,0,5426705,-0,4900633,-0,4932891,-0,01018653,-1,311076,0,5544009,0,6135278,-0,5099742,-0,5378426,-0,01141819,-1,54759,0,6436052,0,6313254,-0,493349,-0,5457207,0,05493739,-1,10621,0,4295977,0,5343294,-0,4690211,-0,5527436,-0,06502324,1,731124,-0,6996694,1,121225,-0,4334021,-0,5157253,0,1034656,-1,263309,0,4026712,0,7722914,-0,4467568,-0,5626359,0,1023656,-1,533448,0,4465492,1,0518,-0,4522886,-0,5070472,-0,06347047,1,68933,-0,6813321,1,053612,-0,4472347,-0,5567559,-0,1304989,1,288355,-0,5852702,0,9269726,-0,3730364,-0,5326223,0,1227797,-0,8014578,0,2287061,-0,2139543,0,0,0,0,0,0,0,0,0,0,0,0,0,0,0,0,0,0,0,0,0,0,0,0,0,0,0,0,0,0
122,-0,4762545,-0,5035175,0,06060995,-0,06970021,-0,14489,0,3195455,-0,4670357,-0,5063658,-0,005253464,1,151383,-0,6538364,0,2466533,-0,4827728,-0,5524056,-0,006487678,1,360071,-0,7281485,0,2465255,-0,4933523,-0,5492031,0,06150606,-0,0001683832,-0,1741201,0,3284336,-0,4348016,-0,5655803,-0,05441446,1,710973,-0,641835,0,5304393,-0,4532079,-0,5100634,0,1223906,-0,9902914,0,2830924,0,9462528,-0,4665267,-0,5568305,0,1240827,-0,9884943,0,2902718,1,085853,-0,4230268,-0,5182204,-0,05409951,1,46309,-0,5586597,0,4685482,-0,4116717,-0,5691414,-0,1193794,1,778147,-0,6192776,0,5559763,-0,3897417,-0,5272527,0,1214636,-0,8352611,0,2684773,-0,06580355,0,0,0,0,0,0,0,0,0,0,0,0,0,0,0,0,0,0,0,0,0,0,0,0,0,0,0,0,0,0
123,-0,4725244,-0,5073333,0,07112423,0,186503,-0,1907916,0,5257141,-0,4389313,-0,5182692,0,01455654,1,405217,-0,5951735,0,9905007,-0,4433248,-0,5665403,0,0205893,1,972397,-0,7067356,1,35385,-0,4869825,-0,5540143,0,07256742,0,3184916,-0,2405615,0,5530682,-0,4098644,-0,5748879,-0,03935969,1,24686,-0,4653783,0,7527391,-0,4738701,-0,5038772,0,137163,-1,03311,0,3093125,0,7386211,-0,4886228,-0,5502698,0,1408788,-1,104802,0,3280343,0,8398075,-0,4003438,-0,5270236,-0,0392212,1,134149,-0,4401566,0,7439156,-0,3782953,-0,5794251,-0,1006327,1,668823,-0,5141826,0,9373314,-0,4116634,-0,5225083,0,1476352,-1,096088,0,2372206,1,308578,0,0,0,0,0,0,0,0,0,0,0,0,0,0,0,0,0,0,0,0,0,0,0,0,0,0,0,0,0,0
124,-0,4357955,-0,5157383,0,1165972,1,836445,-0,4202487,2,273647,-0,4018573,-0,5290053,0,06090249,1,853702,-0,5368056,2,317299,-0,4101741,-0,5767302,0,06604851,1,657537,-0,5094947,2,272961,-0,447556,-0,5626503,0,1223153,1,971326,-0,4317971,2,487395,-0,3852028,-0,586073,0,002194336,1,233081,-0,5592557,2,077702,-0,4950825,-0,4969625,0,1394018,-1,060619,0,3457309,0,1119383,-0,5108823,-0,5431482,0,1400236,-1,112976,0,3560813,-0,04276263,-0,3756521,-0,5383366,0,0001993198,1,234589,-0,5656543,1,971027,-0,3616146,-0,5916543,-0,06267538,0,8340318,-0,6114604,1,897869,-0,4486943,-0,5113133,0,1835736,-1,851544,0,5597534,1,796919,0,0,0,0,0,0,0,0,0,0,0,0,0,0,0,0,0,0,0,0,0,0,0,0,0,0,0,0,0,0
125,-0,4261583,-0,5176423,0,1336944,0,4818605,-0,09520058,0,854861,-0,3974349,-0,5305532,0,0750119,0,2211184,-0,0773907,0,7054706,-0,4147731,-0,5761335,0,07560654,-0,2299518,0,02983214,0,4779017,-0,4373895,-0,5647826,0,1397956,0,5083265,-0,1066149,0,8740131,-0,3788592,-0,5882368,0,01767386,0,3171833,-0,1081914,0,7739766,-0,4869485,-0,4997561,0,1529685,0,4066961,-0,1396776,0,6783361,-0,5015339,-0,5462278,0,1550497,0,4674168,-0,1539827,0,7513064,-0,3687245,-0,5405445,0,01560659,0,3463776,-0,1103938,0,7703637,-0,3376688,-0,5975946,-0,0371248,1,197292,-0,297016,1,27753,-0,4544512,-0,5065023,0,2096042,-0,2878444,0,2405466,1,301531,0,0,0,0,0,0,0,0,0,0,0,0,0,0,0,0,0,0,0,0,0,0,0,0,0,0,0,0,0,0
126,-0,4263784,-0,5187694,0,1444267,-0,01100302,-0,05635323,0,5366186,-0,3933397,-0,5325956,0,08841924,0,2047614,-0,1021207,0,670367,-0,4048832,-0,5798902,0,09222063,0,4944952,-0,1878322,0,8307047,-0,4389431,-0,5655138,0,1503193,-0,07768127,-0,03656448,0,5261893,-0,359384,-0,5928692,0,04183108,0,9737585,-0,2316208,1,207862,-0,4795372,-0,4991548,0,1786703,0,3705652,0,0300631,1,285089,-0,4954782,-0,5450196,0,1831301,0,3027887,0,06041231,1,404019,-0,355408,-0,5446416,0,0348524,0,6658288,-0,2048553,0,962291,-0,3135439,-0,6023214,-0,008999921,1,206248,-0,2363385,1,406244,-0,4517027,-0,5022265,0,2380832,0,1374245,0,21379,1,423953,0,0,0,0,0,0,0,0,0,0,0,0,0,0,0,0,0,0,0,0,0,0,0,0,0,0,0,0,0,0
127,-0,418196,-0,5210774,0,1573435,0,409119,-0,1154006,0,6458382,-0,3795479,-0,5343515,0,1047968,0,6895918,-0,08779768,0,818881,-0,3945762,-0,580709,0,1043331,0,5153539,-0,04094245,0,6056222,-0,4315477,-0,5678791,0,1609572,0,369771,-0,1182616,0,5318912,-0,3429667,-0,5951232,0,06090407,0,8208665,-0,1126975,0,9536499,-0,4673112,-0,5030082,0,1978761,0,611301,-0,1926706,0,9602901,-0,4810004,-0,5493206,0,20452,0,7238898,-0,2150507,1,069498,-0,3320628,-0,5474845,0,05974491,1,167258,-0,1421452,1,244626,-0,3008755,-0,6044771,0,007065566,0,6334173,-0,1077861,0,8032747,-0,4507164,-0,4980626,0,2612551,0,04931392,0,2081946,1,158594,0,0,0,0,0,0,0,0,0,0,0,0,0,0,0,0,0,0,0,0,0,0,0,0,0,0,0,0,0,0
128,-0,4073351,-0,5228294,0,1723587,0,5430462,-0,08760098,0,7507588,-0,3687699,-0,5368432,0,1200717,0,5388963,-0,1245857,0,7637429,-0,3727784,-0,5846797,0,1286148,1,089886,-0,1985342,1,214086,-0,4171921,-0,5700638,0,1794683,0,7177803,-0,1092375,0,925557,-0,3268303,-0,595377,0,0779089,0,8068177,-0,01269281,0,8502414,-0,4551187,-0,5052579,0,2145459,0,6096246,-0,112483,0,8334908,-0,4676278,-0,5517795,0,2221554,0,6686302,-0,1229466,0,8817706,-0,3254484,-0,5471967,0,07070329,0,3307195,0,01439155,0,5479195,-0,3070268,-0,6039727,0,01220445,-0,3075646,0,02521873,0,2569443,-0,4555103,-0,4937029,0,2791719,-0,2396957,0,2179892,0,8958388,0,0,0,0,0,0,0,0,0,0,0,0,0,0,0,0,0,0,0,0,0,0,0,0,0,0,0,0,0,0
129,-0,3942235,-0,5221535,0,1848372,0,6555783,0,03379585,0,623929,-0,3621642,-0,5357041,0,1280581,0,3302888,0,05695524,0,3993219,-0,361477,-0,5832762,0,1387635,0,5650746,0,07017854,0,5074354,-0,3949347,-0,5692293,0,1973841,1,112871,0,04172625,0,8957903,-0,3248364,-0,5938118,0,08105259,0,09969477,0,07826391,0,1571846,-0,4352919,-0,5072971,0,234634,0,9913404,-0,1019597,1,004406,-0,4389291,-0,5540187,0,247873,1,434935,-0,1119614,1,285881,-0,3298135,-0,5463976,0,07074004,-0,2182559,0,03995599,0,001837686,-0,294956,-0,6023642,0,01917892,0,603539,0,08042756,0,3487238,-0,4687122,-0,4888133,0,2881495,-0,6600919,0,2444775,0,4488842,0,0,0,0,0,0,0,0,0,0,0,0,0,0,0,0,0,0,0,0,0,0,0,0,0,0,0,0,0,0
130,-0,3891981,-0,5203925,0,1909813,0,2512694,0,08804802,0,3072039,-0,3540768,-0,5331507,0,1357762,0,4043685,0,1276702,0,3859045,-0,3601906,-0,581179,0,1422254,0,0643179,0,1048565,0,1730972,-0,3944272,-0,5679643,0,200299,0,02537073,0,06324949,0,1457446,-0,3347811,-0,5912446,0,07898686,-0,4972341,0,1283586,-0,1032863,-0,4322787,-0,5055959,0,2392687,0,1506642,0,08506183,0,2317362,-0,4418378,-0,5526463,0,2473072,-0,1454354,0,06861988,-0,02829359,-0,3242516,-0,5435493,0,07682813,0,2780975,0,1424134,0,3044044,-0,3000228,-0,5998726,0,01994114,-0,2533407,0,1245767,0,03811067,-0,4758145,-0,4878882,0,2849795,-0,3551187,0,04625471,-0,1585037,0,0,0,0,0,0,0,0,0,0,0,0,0,0,0,0,0,0,0,0,0,0,0,0,0,0,0,0,0,0
131,-0,3922317,-0,5198254,0,1913333,-0,1516805,0,02835692,0,01759828,-0,3523689,-0,5319211,0,1392229,0,08539412,0,06147924,0,1723357,-0,3549229,-0,579995,0,1477958,0,2633871,0,05919936,0,27852,-0,4026513,-0,5672761,0,1958008,-0,4112007,0,03440978,-0,2249093,-0,3299304,-0,5907556,0,0843263,0,2425359,0,02444685,0,2669719,-0,4370703,-0,5047491,0,2377944,-0,2395824,0,04234017,-0,07371831,-0,452183,-0,5510923,0,2401778,-0,5172597,0,07770064,-0,3564695,-0,3334792,-0,5429383,0,07609943,-0,4613819,0,03055037,-0,03643484,-0,3168837,-0,5999349,0,01725663,-0,8430455,-0,003111364,-0,1342254,-0,4846272,-0,4863819,0,2791791,-0,440635,0,07531348,-0,2900184,0,0,0,0,0,0,0,0,0,0,0,0,0,0,0,0,0,0,0,0,0,0,0,0,0,0,0,0,0,0
132,-0,398578,-0,5195644,0,1887697,-0,3173114,0,01304746,-0,1281813,-0,3614173,-0,5328394,0,1353859,-0,4524188,-0,04591348,-0,1918533,-0,3670173,-0,5808834,0,1422595,-0,6047236,-0,0444174,-0,2768138,-0,4042345,-0,5669209,0,1986765,-0,07916245,0,01775921,0,1437851,-0,3397492,-0,5907903,0,07940299,-0,4909398,-0,001734496,-0,2461654,-0,4436864,-0,5033257,0,2341337,-0,3308059,0,07116798,-0,1830355,-0,4517481,-0,550123,0,2452877,0,02174378,0,04846754,0,2554969,-0,3411482,-0,5425242,0,07269302,-0,3834502,0,02070666,-0,1703207,-0,3356023,-0,5983955,0,01084075,-0,9359259,0,07697049,-0,3207942,-0,488577,-0,4843938,0,2782452,-0,1974881,0,09940568,-0,04669281,0,0,0,0,0,0,0,0,0,0,0,0,0,0,0,0,0,0,0,0,0,0,0,0,0,0,0,0,0,0
133,-0,4106888,-0,5208571,0,1778355,-0,6055447,-0,06463232,-0,5467082,-0,3702805,-0,534609,0,126738,-0,4431592,-0,08848015,-0,4323939,-0,3781734,-0,5824685,0,1324586,-0,5578043,-0,07925633,-0,4900472,-0,4248345,-0,5674654,0,1808594,-1,029998,-0,02722145,-0,8908529,-0,3730575,-0,5897253,0,0640104,-1,665417,0,05325081,-0,7696297,-0,4501127,-0,5045573,0,2283114,-0,3213124,-0,06158056,-0,2911137,-0,465635,-0,5504845,0,2332068,-0,6943467,-0,0180781,-0,6040434,-0,3644486,-0,5418588,0,06066221,-1,165021,0,03326835,-0,6015406,-0,3750118,-0,5926595,-0,004947652,-1,970477,0,2867968,-0,7894202,-0,4871213,-0,4857104,0,2791802,0,07278326,-0,0658259,0,04674943,0,0,0,0,0,0,0,0,0,0,0,0,0,0,0,0,0,0,0,0,0,0,0,0,0,0,0,0,0,0
134,-0,4190331,-0,5202547,0,1635792,-0,4172148,0,03011824,-0,712813,-0,3729178,-0,5341771,0,1175927,-0,1318664,0,02159775,-0,4572658,-0,3815208,-0,5820081,0,1221955,-0,1673684,0,02301932,-0,5131556,-0,4281486,-0,5676206,0,1707304,-0,1657084,-0,007763508,-0,5064519,-0,3906844,-0,5848852,0,05373479,-0,8813444,0,2420069,-0,5137811,-0,454248,-0,5044913,0,2175134,-0,2067641,0,003302099,-0,5398983,-0,4673886,-0,550928,0,2242968,-0,08767698,-0,02217294,-0,4455024,-0,3742328,-0,5389827,0,05098626,-0,4892083,0,1438022,-0,4837981,-0,3897955,-0,5873473,-0,01535088,-0,7391858,0,2656103,-0,5201614,-0,4834498,-0,4872015,0,2737777,0,1835764,-0,07455948,-0,2701254,0,0,0,0,0,0,0,0,0,0,0,0,0,0,0,0,0,0,0,0,0,0,0,0,0,0,0,0,0,0
135,-0,4243593,-0,5214317,0,1429344,-0,2663077,-0,05885067,-1,032245,-0,374986,-0,5362762,0,1008137,-0,1034096,-0,1049549,-0,8389472,-0,3845097,-0,5839224,0,1049791,-0,1494483,-0,09571616,-0,8608203,-0,4370761,-0,5684045,0,1466198,-0,4463734,-0,03919305,-1,205531,-0,3943724,-0,5860869,0,03663741,-0,1844005,-0,06008448,-0,8548694,-0,447831,-0,5093695,0,2036637,0,320846,-0,2439112,-0,6924878,-0,4579639,-0,5565578,0,2107428,0,4712315,-0,281492,-0,6776991,-0,3814799,-0,539106,0,03447298,-0,3623547,-0,006160142,-0,8256643,-0,3929285,-0,587797,-0,03245962,-0,156653,-0,02248288,-0,8554377,-0,4663073,-0,4954958,0,265179,0,8571256,-0,4147129,-0,4299359,0,0,0,0,0,0,0,0,0,0,0,0,0,0,0,0,0,0,0,0,0,0,0,0,0,0,0,0,0,0
136,-0,4223153,-0,5240364,0,1348837,0,1022011,-0,1302332,-0,4025312,-0,3757155,-0,5388253,0,08973479,-0,03647508,-0,1274556,-0,5539479,-0,3864591,-0,586301,0,09291504,-0,09746555,-0,1189262,-0,6032026,-0,4362987,-0,5706471,0,1377911,0,0388682,-0,1121313,-0,4414366,-0,3901682,-0,5882646,0,02399451,0,2102078,-0,1088888,-0,6321453,-0,4377671,-0,5144097,0,1985655,0,503196,-0,2520115,-0,2549098,-0,453531,-0,5602641,0,2032677,0,2216459,-0,1853109,-0,373757,-0,3814089,-0,5402964,0,02324336,0,003549458,-0,05952122,-0,5614812,-0,392897,-0,5872423,-0,04499546,0,001578034,0,02773405,-0,6267923,-0,4555758,-0,501062,0,2604091,0,5365747,-0,2783121,-0,2384932,0,0,0,0,0,0,0,0,0,0,0,0,0,0,0,0,0,0,0,0,0,0,0,0,0,0,0,0,0,0
137,-0,4147219,-0,5281159,0,1283241,0,3796683,-0,2039731,-0,3279836,-0,3731763,-0,5406346,0,07783286,0,1269594,-0,09046499,-0,5950971,-0,382971,-0,5883385,0,08044802,0,1744003,-0,1018763,-0,6233512,-0,4279894,-0,5749403,0,1308067,0,4154684,-0,2146573,-0,3492185,-0,385073,-0,5897262,0,01140509,0,2547638,-0,07307532,-0,6294712,-0,4361005,-0,5176831,0,190137,0,08333179,-0,1636685,-0,4214244,-0,447386,-0,5648439,0,1956897,0,3072531,-0,2289922,-0,3788972,-0,3805768,-0,5411672,0,01144426,0,04160555,-0,04354121,-0,589955,-0,3844483,-0,588217,-0,05760454,0,4224362,-0,04873576,-0,6304542,-0,4405865,-0,5083215,0,2550257,0,7494646,-0,3629716,-0,2691747,0,0,0,0,0,0,0,0,0,0,0,0,0,0,0,0,0,0,0,0,0,0,0,0,0,0,0,0,0,0
138,-0,404474,-0,5323364,0,12291,0,5123975,-0,2110244,-0,2707036,-0,3722713,-0,5422195,0,06551728,0,04525186,-0,07924739,-0,6157792,-0,3826234,-0,5898797,0,06689727,0,0173837,-0,07705989,-0,6775382,-0,4173838,-0,5792794,0,1253843,0,5302774,-0,216955,-0,2711223,-0,3816279,-0,5903127,-0,002163352,0,1722515,-0,0293255,-0,6784222,-0,4273129,-0,5217528,0,1841247,0,4393773,-0,2034844,-0,3006161,-0,4410227,-0,5683029,0,1887298,0,3181623,-0,1729519,-0,3479967,-0,3743197,-0,5421141,-0,001230555,0,312853,-0,04734399,-0,633741,-0,3816032,-0,5871485,-0,07122415,0,142254,0,05342367,-0,6809804,-0,4218971,-0,5160342,0,2493243,0,934473,-0,3856392,-0,2850668,0,0,0,0,0,0,0,0,0,0,0,0,0,0,0,0,0,0,0,0,0,0,0,0,0,0,0,0,0,0
139,-0,3906628,-0,5360672,0,1164113,0,6905559,-0,1865447,-0,324933,-0,371788,-0,5420157,0,05285228,0,02416224,0,0101924,-0,6332501,-0,3811318,-0,5898635,0,05359421,0,07458034,0,0008106235,-0,6651529,-0,4031416,-0,5831782,0,1184903,0,7121119,-0,194943,-0,3446968,-0,3771574,-0,5898561,-0,01537249,0,2235279,0,02282561,-0,6604572,-0,4148905,-0,5259684,0,1771759,0,6211209,-0,21078,-0,3474416,-0,4276158,-0,5728408,0,1815924,0,6703483,-0,2268941,-0,3568681,-0,3712111,-0,5414479,-0,01385775,0,1554326,0,03330709,-0,6313598,-0,3883183,-0,5845766,-0,08337083,-0,3357546,0,1285971,-0,6073347,-0,4022102,-0,5226293,0,2415082,0,9843413,-0,3297509,-0,3908084,0,0,0,0,0,0,0,0,0,0,0,0,0,0,0,0,0,0,0,0,0,0,0,0,0,0,0,0,0,0
140,-0,3655207,-0,5416055,0,09432066,1,25711,-0,2769114,-1,104534,-0,3722116,-0,5405024,0,02811872,-0,02118052,0,07566515,-1,236679,-0,3742171,-0,5892373,0,02665083,0,3457339,0,03131033,-1,34717,-0,3705198,-0,5901088,0,09541226,1,631089,-0,3465296,-1,153904,-0,3825839,-0,5850151,-0,04176868,-0,2713249,0,2420516,-1,31981,-0,3693632,-0,5387689,0,160355,2,276369,-0,640029,-0,8410457,-0,3726871,-0,5872615,0,1638158,2,746433,-0,7210347,-0,8888338,-0,3771662,-0,5366656,-0,03830751,-0,2977551,0,239119,-1,222489,-0,4356812,-0,5744722,-0,08463755,-2,368147,0,5052181,-0,06333555,-0,366194,-0,5336222,0,225848,1,800813,-0,5496475,-0,7830101,0,0,0,0,0,0,0,0,0,0,0,0,0,0,0,0,0,0,0,0,0,0,0,0,0,0,0,0,0,0
141,-0,3480238,-0,5448532,0,07222571,0,8748446,-0,162384,-1,104748,-0,3681368,-0,539392,0,0090243,0,2037437,0,05551877,-0,9547213,-0,3712787,-0,5878405,0,004834706,0,146921,0,06983879,-1,090807,-0,3506909,-0,5934756,0,07037017,0,9914477,-0,1683385,-1,252105,-0,4010505,-0,5786124,-0,05683726,-0,9233299,0,3201367,-0,7534291,-0,3282794,-0,5472888,0,1353661,2,05419,-0,4259916,-1,249441,-0,3305644,-0,5959436,0,1358442,2,106138,-0,4341038,-1,398578,-0,3931029,-0,5306777,-0,05225844,-0,7968354,0,2993913,-0,6975469,-0,4687866,-0,5661044,-0,05219645,-1,655272,0,418395,1,622055,-0,310446,-0,5466819,0,1986365,2,787402,-0,652987,-1,360571,0,0,0,0,0,0,0,0,0,0,0,0,0,0,0,0,0,0,0,0,0,0,0,0,0,0,0,0,0,0
142,-0,3386627,-0,5428348,0,06216028,0,4680546,0,1009196,-0,503272,-0,3692743,-0,5354458,0,003592744,-0,05687626,0,1973093,-0,2715779,-0,3760987,-0,5836055,3,142076E-05,-0,2409995,0,2117516,-0,2401643,-0,3423416,-0,5913855,0,05955654,0,4174652,0,1045049,-0,540682,-0,4200248,-0,5716928,-0,05187051,-0,9487141,0,3459813,0,2483376,-0,3133934,-0,5470329,0,1231941,0,7442969,0,01279414,-0,6086013,-0,3182091,-0,5955399,0,1235264,0,6177636,0,02018214,-0,6158935,-0,4091036,-0,5242083,-0,0487402,-0,8000347,0,3234715,0,175912,-0,4868769,-0,5549737,-0,04791355,-0,9045143,0,5565348,0,2141454,-0,2916691,-0,5480199,0,1851997,0,9388435,-0,0668973,-0,6718437,0,0,0,0,0,0,0,0,0,0,0,0,0,0,0,0,0,0,0,0,0,0,0,0,0,0,0,0,0,0
143,-0,3343783,-0,540136,0,05743,0,2142207,0,134936,-0,2365139,-0,3724281,-0,5313358,0,003517004,-0,1576931,0,205499,-0,003786992,-0,3820096,-0,5790522,0,001326501,-0,2955468,0,227663,0,06475405,-0,3402367,-0,5884742,0,05538901,0,1052455,0,1455665,-0,2083766,-0,4282239,-0,5655331,-0,04825245,-0,4099594,0,3079833,0,180903,-0,3017431,-0,5454094,0,1147678,0,5825164,0,08117262,-0,4213152,-0,3054823,-0,5939953,0,1142304,0,6363409,0,07723275,-0,4648006,-0,4172378,-0,5182188,-0,0441049,-0,4067095,0,2994747,0,2317653,-0,4927374,-0,5474621,-0,06486676,-0,2930225,0,375578,-0,8476609,-0,2724401,-0,5474306,0,1734814,0,9614486,0,02946557,-0,5859124,0,0,0,0,0,0,0,0,0,0,0,0,0,0,0,0,0,0,0,0,0,0,0,0,0,0,0,0,0,0
144,-0,3327217,-0,5382655,0,05667093,0,08282962,0,09352867,-0,03795327,-0,3766579,-0,5277047,0,007892073,-0,2114878,0,1815588,0,2187536,-0,3852324,-0,575487,0,003866053,-0,1611427,0,1782597,0,1269776,-0,3431345,-0,5859014,0,05760072,-0,1448915,0,1286388,0,1105855,-0,4355741,-0,5606241,-0,0412106,-0,3675105,0,245452,0,3520924,-0,2912951,-0,5452043,0,1078136,0,5224021,0,01025796,-0,3477124,-0,2973131,-0,5935754,0,1080661,0,4084603,0,02099574,-0,3082113,-0,4232517,-0,5136096,-0,03771065,-0,3006951,0,2304585,0,3197125,-0,4952056,-0,5410901,-0,07010297,-0,12341,0,3185989,-0,2618105,-0,2575997,-0,5482358,0,1641397,0,74202,-0,04025997,-0,4670868,0,0,0,0,0,0,0,0,0,0,0,0,0,0,0,0,0,0,0,0,0,0,0,0,0,0,0,0,0,0
145,-0,3288951,-0,5387447,0,05681787,0,191328,-0,02396108,0,007346834,-0,3784601,-0,527104,0,01390868,-0,09011183,0,03003181,0,3008303,-0,3920242,-0,5739208,0,01556753,-0,3395872,0,07830861,0,5850743,-0,3385676,-0,5865083,0,05717812,0,2283425,-0,03034772,-0,02112985,-0,4437347,-0,5586789,-0,02760017,-0,4080282,0,09725992,0,6805218,-0,2790444,-0,5474621,0,0994903,0,6125348,-0,1128912,-0,4161639,-0,2862335,-0,5956396,0,1004963,0,5539792,-0,1032114,-0,3784923,-0,4284427,-0,5123687,-0,02781596,-0,25955,0,06204846,0,4947348,-0,482459,-0,5445426,-0,08313637,0,6373289,-0,1726211,-0,6516705,-0,2465778,-0,550219,0,1564882,0,5510951,-0,0991613,-0,3825741,0,0,0,0,0,0,0,0,0,0,0,0,0,0,0,0,0,0,0,0,0,0,0,0,0,0,0,0,0,0
146,-0,3264777,-0,5412772,0,05970446,0,1208693,-0,1266271,0,1443294,-0,3803816,-0,5279543,0,0228704,-0,09607527,-0,04251601,0,4480864,-0,3940397,-0,5747608,0,02466428,-0,1007736,-0,04199745,0,4548376,-0,3348421,-0,5892891,0,05678117,0,1862765,-0,1390398,-0,01984742,-0,4319334,-0,5639878,-0,03204016,0,5900669,-0,2654464,-0,2219993,-0,2702363,-0,5522062,0,09277087,0,440404,-0,2372057,-0,3359714,-0,2789946,-0,6000775,0,09507922,0,3619464,-0,2218933,-0,2708537,-0,4208133,-0,5165778,-0,02910725,0,3814699,-0,2104551,-0,06456462,-0,4557295,-0,5527672,-0,0958545,1,336472,-0,4112335,-0,6359066,-0,2270124,-0,5568206,0,1419795,0,9782743,-0,3300787,-0,7254365,0,0,0,0,0,0,0,0,0,0,0,0,0,0,0,0,0,0,0,0,0,0,0,0,0,0,0,0,0,0
147,-0,3205394,-0,5469487,0,05633518,0,2969177,-0,2835722,-0,1684636,-0,3766142,-0,5332296,0,02317458,0,1883746,-0,2637655,0,01520888,-0,3898111,-0,5801904,0,02448982,0,2114267,-0,2714814,-0,008723143,-0,3341825,-0,5932326,0,06306815,0,03298075,-0,1971722,0,3143491,-0,4124323,-0,5736969,-0,04048558,0,9750564,-0,4854532,-0,4222713,-0,2630017,-0,5583324,0,0870721,0,3617318,-0,3063084,-0,284939,-0,273296,-0,6057311,0,09196792,0,2849282,-0,2826841,-0,1555652,-0,4029066,-0,5259767,-0,03778475,0,8953322,-0,4699441,-0,4338751,-0,4394121,-0,5631663,-0,1032072,0,8158731,-0,5199524,-0,3676371,-0,2121027,-0,5644367,0,1282623,0,7454838,-0,3808083,-0,6858612,0,0,0,0,0,0,0,0,0,0,0,0,0,0,0,0,0,0,0,0,0,0,0,0,0,0,0,0,0,0
148,-0,3156049,-0,5528332,0,05665444,0,2467261,-0,2942265,0,01596287,-0,3714989,-0,5393999,0,02308124,0,2557621,-0,3085138,-0,004667232,-0,3847827,-0,5864367,0,02473751,0,2514229,-0,3123136,0,01238445,-0,3273349,-0,6000689,0,06000039,0,3423782,-0,3418149,-0,153388,-0,3945551,-0,5836586,-0,0437054,0,8938569,-0,4980864,-0,1609909,-0,2566008,-0,564688,0,08435697,0,3200428,-0,3177793,-0,1357563,-0,2675556,-0,6116955,0,09123993,0,2870233,-0,29822,-0,03639945,-0,3915997,-0,5349755,-0,04054018,0,5653443,-0,4499437,-0,1377715,-0,4126491,-0,5765114,-0,1099738,1,33815,-0,6672564,-0,3383273,-0,2019761,-0,5715516,0,1203344,0,506332,-0,3557415,-0,3963956,0,0,0,0,0,0,0,0,0,0,0,0,0,0,0,0,0,0,0,0,0,0,0,0,0,0,0,0,0,0
149,-0,2981918,-0,5564731,0,05122884,0,8706543,-0,1819939,-0,2712804,-0,3560962,-0,5448118,0,02050026,0,770137,-0,2705963,-0,129049,-0,3680322,-0,59201,0,023302,0,8375246,-0,2786638,-0,07177538,-0,3061091,-0,6045697,0,05081579,1,061292,-0,2250404,-0,4592301,-0,3986389,-0,5860547,-0,03830592,-0,2041877,-0,1198084,0,2699739,-0,2385179,-0,5654254,0,07846499,0,9041484,-0,03687145,-0,2945991,-0,2433742,-0,6139538,0,07666024,1,209069,-0,1129151,-0,7289848,-0,3878803,-0,5384466,-0,03785173,0,185971,-0,1735539,0,1344227,-0,3765014,-0,5888209,-0,1036528,1,807386,-0,6154778,0,3160482,-0,1770193,-0,571769,0,1007681,1,247837,-0,01087189,-0,9783119,0,0,0,0,0,0,0,0,0,0,0,0,0,0,0,0,0,0,0,0,0,0,0,0,0,0,0,0,0,0
150,-0,2871134,-0,5603715,0,0442983,0,5539196,-0,1949192,-0,3465268,-0,3411143,-0,5512503,0,006613032,0,7490936,-0,3219218,-0,6943614,-0,347574,-0,5995396,0,002713977,1,02291,-0,3764839,-1,029402,-0,2926044,-0,6087961,0,04306875,0,6752344,-0,2113194,-0,3873523,-0,3966085,-0,5872926,-0,04433662,0,1015202,-0,06189349,-0,3015352,-0,2272044,-0,5668086,0,07168091,0,5656722,-0,06916228,-0,3392042,-0,2309671,-0,6154271,0,07213832,0,6203564,-0,07366243,-0,2260958,-0,3842047,-0,540126,-0,04317482,0,1837806,-0,08396807,-0,2661546,-0,3671645,-0,5916877,-0,106706,0,4668446,-0,1433403,-0,1526606,-0,163321,-0,5708305,0,08655512,0,684915,0,04692676,-0,7106512,0,0,0,0,0,0,0,0,0,0,0,0,0,0,0,0,0,0,0,0,0,0,0,0,0,0,0,0,0,0
151,-0,2832736,-0,5598148,0,03929852,0,1919911,0,02783538,-0,2499891,-0,3364796,-0,5513334,4,422677E-05,0,231737,-0,004157426,-0,3284404,-0,3451289,-0,5993524,0,0001036551,0,1222536,0,009363893,-0,1305162,-0,2867956,-0,6084224,0,0354417,0,2904401,0,01868308,-0,3813529,-0,3889346,-0,5898483,-0,05238045,0,3836916,-0,1277864,-0,4021916,-0,221108,-0,565432,0,06136798,0,3048235,0,06883147,-0,5156469,-0,2242896,-0,6140112,0,06287277,0,333874,0,07079545,-0,4632777,-0,3795139,-0,5420601,-0,05017094,0,2345384,-0,09670559,-0,3498062,-0,3575535,-0,5916169,-0,113873,0,4805492,0,003543498,-0,3583492,-0,1566884,-0,5684947,0,07409658,0,3316299,0,1167894,-0,6229272,0,0,0,0,0,0,0,0,0,0,0,0,0,0,0,0,0,0,0,0,0,0,0,0,0,0,0,0,0,0
152,-0,2726745,-0,556184,0,01661338,0,5299556,0,1815379,-1,134258,-0,3275154,-0,5488383,-0,02019671,0,4482092,0,1247556,-1,012047,-0,3353728,-0,5969989,-0,01988148,0,4878076,0,1176745,-0,9992571,-0,2770246,-0,6048212,0,01583636,0,4885526,0,1800597,-0,9802672,-0,3836868,-0,587472,-0,06833298,0,2623917,0,1188159,-0,7976267,-0,209632,-0,5612656,0,03600022,0,5737985,0,2083213,-1,268388,-0,2106069,-0,6098422,0,0317769,0,6841342,0,2084495,-1,554794,-0,3775805,-0,5392707,-0,06320961,0,09667132,0,139469,-0,6519337,-0,3256879,-0,5891797,-0,1058347,1,593279,0,1218588,0,4019143,-0,1446441,-0,56272,0,04577862,0,6022187,0,288734,-1,415899,0,0,0,0,0,0,0,0,0,0,0,0,0,0,0,0,0,0,0,0,0,0,0,0,0,0,0,0,0,0
153,-0,2684878,-0,5529757,0,006901068,0,2093346,0,160414,-0,4856158,-0,3256775,-0,5462025,-0,02655228,0,0918955,0,1317919,-0,3177789,-0,3297884,-0,5946259,-0,0309182,0,2792181,0,1186461,-0,551836,-0,2730106,-0,60153,0,007465134,0,2006964,0,1645625,-0,4185615,-0,3832144,-0,5844747,-0,07343943,0,02361835,0,149867,-0,2553225,-0,204496,-0,5578439,0,02323309,0,2567985,0,1710833,-0,6383569,-0,2056901,-0,6064349,0,01942034,0,2458402,0,1703621,-0,6178284,-0,3785844,-0,5364416,-0,06597932,-0,05019607,0,1414568,-0,1384855,-0,3156684,-0,5870547,-0,08789195,0,5009757,0,1062483,0,8971393,-0,140398,-0,5597032,0,03739648,0,2123044,0,1508386,-0,419107,0,0,0,0,0,0,0,0,0,0,0,0,0,0,0,0,0,0,0,0,0,0,0,0,0,0,0,0,0,0
154,-0,2659319,-0,5492505,-0,001885263,0,1277924,0,1862616,-0,4393167,-0,3252976,-0,5431015,-0,03156679,0,01899303,0,1550466,-0,2507255,-0,3278638,-0,5914019,-0,0379652,0,09623025,0,1612008,-0,3523506,-0,2698401,-0,5978578,-0,001352989,0,1585276,0,1836062,-0,4409063,-0,3837576,-0,5815191,-0,0772376,-0,02715738,0,1477779,-0,1899087,-0,2006759,-0,5533918,0,008336293,0,1910069,0,2226056,-0,7448401,-0,2019899,-0,6020728,0,007252949,0,1850084,0,2181054,-0,6083698,-0,3793695,-0,5335971,-0,06965533,-0,03925116,0,1422257,-0,1838007,-0,3152103,-0,5850993,-0,08426879,0,02290607,0,09777252,0,1811583,-0,1365893,-0,5544927,0,0226464,0,1904332,0,260529,-0,7375047,0,0,0,0,0,0,0,0,0,0,0,0,0,0,0,0,0,0,0,0,0,0,0,0,0,0,0,0,0,0
155,-0,2665203,-0,5436072,-0,01438308,-0,02941788,0,2821655,-0,624891,-0,3254826,-0,5375291,-0,04484699,-0,009249154,0,278622,-0,6640103,-0,3318134,-0,5858765,-0,04405702,-0,1974807,0,2762736,-0,304591,-0,2699828,-0,5922478,-0,01449193,-0,007136169,0,2805026,-0,6569475,-0,393079,-0,5764514,-0,07457227,-0,4660727,0,2533854,0,1332664,-0,2008206,-0,5476981,-0,005470907,-0,007235262,0,2846868,-0,6903602,-0,2015346,-0,5956351,-0,0148692,0,02276898,0,321889,-1,106108,-0,387103,-0,5283269,-0,06895331,-0,3866763,0,2635092,0,03510119,-0,3261721,-0,5812938,-0,09097616,-0,5480903,0,190276,-0,335369,-0,1352752,-0,5470827,-0,01037493,0,06570446,0,3704996,-1,651067,0,0,0,0,0,0,0,0,0,0,0,0,0,0,0,0,0,0,0,0,0,0,0,0,0,0,0,0,0,0
156,-0,2671712,-0,5448914,-0,01507268,-0,03254564,-0,06421211,-0,03448014,-0,3263821,-0,5387917,-0,04494215,-0,0449747,-0,06313028,-0,004757943,-0,3301094,-0,5871757,-0,04940031,0,08519892,-0,06496312,-0,2671647,-0,2704989,-0,5935765,-0,01551749,-0,02580584,-0,06643537,-0,0512778,-0,395693,-0,5785233,-0,06920379,-0,1306966,-0,1035959,0,2684244,-0,2015183,-0,5486084,-0,007297826,-0,03488661,-0,04551413,-0,09134597,-0,2020425,-0,5969487,-0,01462634,-0,02539755,-0,06568434,0,01214277,-0,3894573,-0,5302987,-0,06506267,-0,1177147,-0,09859208,0,1945318,-0,3288924,-0,584141,-0,08588339,-0,1360119,-0,1423598,0,254639,-0,136501,-0,547577,-0,01699154,-0,06128701,-0,02471508,-0,3308307,0,0,0,0,0,0,0,0,0,0,0,0,0,0,0,0,0,0,0,0,0,0,0,0,0,0,0,0,0,0
157,-0,267933,-0,5458462,-0,01633352,-0,03808738,-0,04774036,-0,06304176,-0,3285567,-0,5405113,-0,04329931,-0,1087279,-0,08597676,0,08214194,-0,3307633,-0,5887047,-0,05013454,-0,03269018,-0,07644895,-0,03671126,-0,2708057,-0,5946117,-0,0166271,-0,01533926,-0,05176069,-0,05548068,-0,3971221,-0,5811564,-0,06789555,-0,07145855,-0,1316548,0,06541165,-0,2020088,-0,5489392,-0,01131105,-0,02452434,-0,01654328,-0,2006611,-0,2024031,-0,5972202,-0,01904689,-0,01802818,-0,01357496,-0,2210272,-0,3912208,-0,5327422,-0,06476739,-0,08817617,-0,1221747,0,01476408,-0,3292482,-0,5868559,-0,07973184,-0,01779348,-0,1357467,0,3075776,-0,1371888,-0,5472857,-0,02094507,-0,03439115,0,01456142,-0,1976769,0,0,0,0,0,0,0,0,0,0,0,0,0,0,0,0,0,0,0,0,0,0,0,0,0,0,0,0,0,0
158,-0,2727455,-0,5448505,-0,01197523,-0,2406285,0,04978778,0,2179143,-0,3324862,-0,5403299,-0,04088234,-0,1964793,0,00906587,0,1208488,-0,3367072,-0,5889069,-0,04172178,-0,2971993,-0,01010895,0,4206381,-0,2765099,-0,5933259,-0,008418949,-0,2852083,0,06428959,0,4104078,-0,399781,-0,5811024,-0,06871285,-0,1329423,0,002703072,-0,04086496,-0,2069487,-0,5485674,-0,005987356,-0,2469965,0,01859368,0,2661846,-0,2080573,-0,5972607,-0,005540688,-0,2827139,-0,002023578,0,6753102,-0,3934418,-0,5327834,-0,06691101,-0,1110495,-0,002062321,-0,1071811,-0,3320676,-0,5879722,-0,0803195,-0,140971,-0,05581381,-0,02938324,-0,1412093,-0,549315,-0,004859908,-0,2010257,-0,101465,0,8042586,0,0,0,0,0,0,0,0,0,0,0,0,0,0,0,0,0,0,0,0,0,0,0,0,0,0,0,0,0,0
159,-0,2793204,-0,5448212,-0,01958599,-0,3287436,0,001463295,-0,3805382,-0,343516,-0,5382434,-0,03601218,-0,5514892,0,1043261,0,2435082,-0,3501731,-0,5864082,-0,03248002,-0,6732943,0,1249344,0,4620882,-0,2821101,-0,5933963,-0,02315636,-0,2800108,-0,003519656,-0,7368706,-0,404922,-0,5798397,-0,07416216,-0,2570496,0,06313326,-0,2724652,-0,2137252,-0,5481954,-0,01088145,-0,338822,0,01859666,-0,2447048,-0,2143203,-0,59683,-0,01361853,-0,3131488,0,02153815,-0,4038922,-0,3990558,-0,5313776,-0,07236957,-0,2807022,0,07029179,-0,2729279,-0,3362974,-0,5863148,-0,07867116,-0,2114893,0,08286837,0,08241686,-0,1515983,-0,5493141,0,01066567,-0,5194487,4,47035E-05,0,776279,0,0,0,0,0,0,0,0,0,0,0,0,0,0,0,0,0,0,0,0,0,0,0,0,0,0,0,0,0,0
160,-0,3030764,-0,545189,-0,03071988,-1,187803,-0,01839102,-0,5566944,-0,360287,-0,5357714,-0,06350704,-0,8385483,0,1236022,-1,374743,-0,3667728,-0,5838818,-0,06776383,-0,829986,0,1263202,-1,764191,-0,3099111,-0,5934393,-0,0298962,-1,390049,-0,002151729,-0,3369925,-0,4334384,-0,5716864,-0,08139849,-1,42582,0,4076631,-0,3618167,-0,2418843,-0,5524402,-0,006340653,-1,407957,-0,2122403,0,2270399,-0,2455947,-0,6009779,-0,007332345,-1,563718,-0,2073974,0,3143093,-0,4238527,-0,5238266,-0,07968623,-1,239844,0,3775509,-0,3658333,-0,3664578,-0,583064,-0,09371974,-1,508017,0,1625389,-0,7524288,-0,1779128,-0,5567763,0,008392598,-1,315725,-0,3731103,-0,1136534,0,0,0,0,0,0,0,0,0,0,0,0,0,0,0,0,0,0,0,0,0,0,0,0,0,0,0,0,0,0
161,-0,3097288,-0,5466127,-0,03797818,-0,3326194,-0,07118586,-0,3629154,-0,3711485,-0,5352347,-0,06106748,-0,543076,0,02683104,0,121978,-0,3788109,-0,5830064,-0,06685269,-0,6019043,0,04377069,0,04555697,-0,3136905,-0,5943119,-0,04717162,-0,1889692,-0,04362764,-0,8637709,-0,4449748,-0,5687436,-0,08079821,-0,5768212,0,1471401,0,03001393,-0,2485019,-0,5550918,-0,01433463,-0,3308789,-0,1325787,-0,3996989,-0,2501929,-0,6030859,-0,02303906,-0,2299123,-0,1054019,-0,785336,-0,4339027,-0,5212319,-0,07922242,-0,5025016,0,1297325,0,02319069,-0,3806943,-0,5813893,-0,1026136,-0,7118258,0,08373562,-0,4446937,-0,1849299,-0,559613,0,001612477,-0,3508554,-0,1418353,-0,3390062,0,0,0,0,0,0,0,0,0,0,0,0,0,0,0,0,0,0,0,0,0,0,0,0,0,0,0,0,0,0
162,-0,3163155,-0,5449734,-0,04066569,-0,3293322,0,08196834,-0,1343752,-0,3809061,-0,5343934,-0,05178192,-0,4878791,0,04206897,0,4642781,-0,3879172,-0,5814848,-0,06244521,-0,4553156,0,0760794,0,2203739,-0,3206579,-0,5922496,-0,05189819,-0,3483714,0,1031161,-0,2363286,-0,4533753,-0,5656347,-0,07849399,-0,4200252,0,155449,0,115211,-0,2518496,-0,5530281,-0,02763892,-0,167387,0,1031846,-0,6652151,-0,2549511,-0,6011832,-0,03494843,-0,2379105,0,09513501,-0,5954687,-0,4408072,-0,5184141,-0,07668793,-0,3452213,0,1408905,0,1267244,-0,3968868,-0,5776336,-0,1163034,-0,8096281,0,1877845,-0,6844888,-0,190271,-0,5597426,-0,005628102,-0,267058,-0,006479027,-0,3620291,0,0,0,0,0,0,0,0,0,0,0,0,0,0,0,0,0,0,0,0,0,0,0,0,0,0,0,0,0,0
163,-0,3200037,-0,5418779,-0,03932966,-0,1844139,0,1547725,0,06680138,-0,3860595,-0,5351731,-0,03442212,-0,2576695,-0,03898741,0,8679902,-0,3924677,-0,582694,-0,04345725,-0,2275259,-0,06045999,0,9493985,-0,324071,-0,5900084,-0,04654698,-0,1706541,0,1120568,0,2675603,-0,4522263,-0,5665348,-0,07429958,0,05744847,-0,04500749,0,2097205,-0,2543122,-0,5479296,-0,03273153,-0,1231298,0,2549232,-0,2546304,-0,2555534,-0,59415,-0,0480536,-0,03011526,0,3516616,-0,6552591,-0,438967,-0,5195517,-0,07229935,0,09200577,-0,05687775,0,219429,-0,413978,-0,5733113,-0,1313638,-0,8545581,0,2161146,-0,7530204,-0,1927091,-0,5555961,-0,01144588,-0,1219027,0,2073289,-0,2908892,0,0,0,0,0,0,0,0,0,0,0,0,0,0,0,0,0,0,0,0,0,0,0,0,0,0,0,0,0,0
164,-0,3249481,-0,5420655,-0,03082261,-0,2472193,-0,009378795,0,4253528,-0,3907206,-0,5373539,-0,02193178,-0,2330557,-0,1090378,0,6245175,-0,3960989,-0,5851636,-0,03049089,-0,1815558,-0,12348,0,6483185,-0,3285694,-0,5889187,-0,04363075,-0,2249242,0,05448463,0,1458118,-0,4457432,-0,5691838,-0,07592203,0,3241555,-0,1324505,-0,0811227,-0,2590312,-0,5472444,-0,02642876,-0,235951,0,03426374,0,3151385,-0,2604606,-0,5943192,-0,03915187,-0,2453596,-0,008457903,0,445087,-0,4314221,-0,5225816,-0,07303505,0,3772469,-0,1514942,-0,03678502,-0,4250674,-0,5698282,-0,1417742,-0,5544724,0,1741589,-0,5205209,-0,1956463,-0,5529649,-0,009979876,-0,1468592,0,1315564,0,07330047,0,0,0,0,0,0,0,0,0,0,0,0,0,0,0,0,0,0,0,0,0,0,0,0,0,0,0,0,0,0
165,-0,3314728,-0,5446792,-0,01426929,-0,3262357,-0,1306862,0,8276662,-0,3975322,-0,5364705,-0,01205412,-0,3405826,0,04416706,0,4938832,-0,4044265,-0,5845503,-0,01665721,-0,4163803,0,03066362,0,6916839,-0,3362722,-0,5923313,-0,02327021,-0,3851371,-0,1706303,1,018027,-0,4336617,-0,5725082,-0,07807533,0,6040754,-0,1662195,-0,107665,-0,2663411,-0,5522512,-0,004340411,-0,3654958,-0,2503426,1,104418,-0,2679919,-0,5983036,-0,02043296,-0,3765629,-0,1992197,0,9359459,-0,4206111,-0,5256749,-0,07381228,0,5405533,-0,1546682,-0,0388615,-0,4338902,-0,564571,-0,1466621,-0,4411386,0,2628596,-0,2443978,-0,2008869,-0,5554928,0,0003496072,-0,2620318,-0,1263947,0,5164744,0,0,0,0,0,0,0,0,0,0,0,0,0,0,0,0,0,0,0,0,0,0,0,0,0,0,0,0,0,0
166,-0,3388643,-0,545744,0,009556456,-0,3695713,-0,05323889,1,191288,-0,4030526,-0,5340124,-0,003263676,-0,2760203,0,1229078,0,4395222,-0,4120932,-0,5819187,-0,0059932,-0,383337,0,1315833,0,5332008,-0,3454403,-0,5938822,0,006920758,-0,4584076,-0,07754269,1,509549,-0,4219497,-0,5743968,-0,07391973,0,585601,-0,0944287,0,2077804,-0,2734207,-0,553602,0,01435255,-0,3539787,-0,06753805,0,9346486,-0,2774592,-0,6020871,0,01082826,-0,4733669,-0,1891763,1,563062,-0,4104691,-0,5272382,-0,06924799,0,5070986,-0,07816258,0,2282147,-0,4325384,-0,5634293,-0,1413006,0,06758723,0,05708339,0,2680757,-0,2081863,-0,5585832,0,01977486,-0,3649713,-0,1545191,0,9712629,0,0,0,0,0,0,0,0,0,0,0,0,0,0,0,0,0,0,0,0,0,0,0,0,0,0,0,0,0,0
167,-0,3451076,-0,5460166,0,03205364,-0,3121675,-0,01363159,1,12486,-0,4046686,-0,5325204,0,005476057,-0,08080009,0,0746012,0,4369868,-0,4155802,-0,5801151,0,004254019,-0,1743496,0,0901759,0,5123612,-0,3509135,-0,5937976,0,02395145,-0,2736599,0,004228951,0,8515349,-0,4129115,-0,5771329,-0,06463548,0,4519077,-0,1368046,0,4642127,-0,2805751,-0,5550249,0,0438176,-0,3577189,-0,07114413,1,473253,-0,2857586,-0,6034598,0,04328123,-0,4149722,-0,06863478,1,622649,-0,4004705,-0,5301138,-0,06109674,0,4999312,-0,1437814,0,4075629,-0,418316,-0,5690382,-0,1329849,0,7111239,-0,280443,0,4157865,-0,2152541,-0,5609418,0,04091161,-0,3533894,-0,1179308,1,056838,0,0,0,0,0,0,0,0,0,0,0,0,0,0,0,0,0,0,0,0,0,0,0,0,0,0,0,0,0,0
168,-0,3606384,-0,5444304,0,0798859,-0,7765371,0,07931295,2,391614,-0,3872777,-0,5399368,0,01906972,0,8695457,-0,3708245,0,6796836,-0,3963901,-0,5878285,0,01854871,0,9595055,-0,385666,0,714735,-0,3698577,-0,5922543,0,08193658,-0,9472106,0,07716718,2,899258,-0,3968731,-0,5852417,-0,0504165,0,8019212,-0,4054429,0,710949,-0,2954138,-0,5560083,0,07989613,-0,7419366,-0,04917385,1,803927,-0,30249,-0,604232,0,07895719,-0,8365679,-0,03860892,1,783798,-0,3868521,-0,5375692,-0,0476609,0,6809193,-0,3727676,0,6717919,-0,3840601,-0,5825443,-0,1181974,1,712792,-0,6753089,0,7393732,-0,2308145,-0,5647905,0,08789226,-0,778019,-0,1924367,2,349033,0,0,0,0,0,0,0,0,0,0,0,0,0,0,0,0,0,0,0,0,0,0,0,0,0,0,0,0,0,0
169,-0,3666869,-0,5442165,0,0940821,-0,3024266,0,01069606,0,7098104,-0,3764058,-0,544075,0,02822958,0,5435976,-0,2069087,0,4579928,-0,3844287,-0,5921533,0,02836932,0,5980688,-0,2162398,0,4910303,-0,3768554,-0,5918317,0,09683611,-0,3498839,0,02112985,0,7449768,-0,3856466,-0,5904124,-0,04067341,0,561327,-0,2585323,0,4871547,-0,3027244,-0,5562789,0,1066568,-0,3655286,-0,01353026,1,338035,-0,3098112,-0,6044795,0,1028112,-0,3660606,-0,01237691,1,1927,-0,3756783,-0,5427149,-0,03852892,0,558691,-0,2572865,0,4565993,-0,3795186,-0,5868992,-0,1094751,0,2270789,-0,2177418,0,4361199,-0,2377591,-0,5656732,0,1104454,-0,3472315,-0,0441313,1,127659,0,0,0,0,0,0,0,0,0,0,0,0,0,0,0,0,0,0,0,0,0,0,0,0,0,0,0,0,0,0
170,-0,3701569,-0,5432558,0,1052453,-0,1735017,0,04803242,0,558162,-0,3659894,-0,5465965,0,03892159,0,5208166,-0,1260728,0,5346008,-0,3719689,-0,5949903,0,04007292,0,622991,-0,1418502,0,5851803,-0,3804691,-0,5908946,0,1083108,-0,1806826,0,04685225,0,5737363,-0,3717865,-0,5947099,-0,02905627,0,6930026,-0,2148748,0,5808576,-0,3064412,-0,5554891,0,1184964,-0,1858384,0,03949405,0,5919783,-0,3164205,-0,6017863,0,130344,-0,3304632,0,1346589,1,37664,-0,3613333,-0,5471002,-0,02762341,0,7172498,-0,2192647,0,5452759,-0,3650649,-0,5924959,-0,09775177,0,7226858,-0,279835,0,5861642,-0,2430184,-0,5647796,0,1327878,-0,2629661,0,04467668,1,11712,0,0,0,0,0,0,0,0,0,0,0,0,0,0,0,0,0,0,0,0,0,0,0,0,0,0,0,0,0,0
171,-0,3729162,-0,5415404,0,1157414,-0,1379654,0,08576814,0,5248035,-0,3548891,-0,5482564,0,05209253,0,5550163,-0,08299652,0,6585474,-0,3637441,-0,5962523,0,05373387,0,4112409,-0,06310048,0,6830481,-0,3837451,-0,5889437,0,1192078,-0,1638041,0,09754602,0,5448485,-0,3539481,-0,59847,-0,01460903,0,8919198,-0,188008,0,7223619,-0,3116136,-0,5528543,0,1381077,-0,2586202,0,1317382,0,9805646,-0,319796,-0,6008717,0,1405662,-0,1687751,0,04573168,0,5111115,-0,3504125,-0,5497808,-0,01443398,0,5460399,-0,134033,0,6594717,-0,3518711,-0,5966623,-0,0836603,0,6596881,-0,2083213,0,7045738,-0,2489841,-0,5618381,0,1556897,-0,2982841,0,1470775,1,145095,0,0,0,0,0,0,0,0,0,0,0,0,0,0,0,0,0,0,0,0,0,0,0,0,0,0,0,0,0,0
172,-0,3783405,-0,5395246,0,1330152,-0,2712147,0,1007915,0,8636917,-0,3560183,-0,5462723,0,07053079,-0,05645903,0,09920601,0,9219136,-0,3599588,-0,5947871,0,07349207,0,1892657,0,07325712,0,9879099,-0,3882977,-0,587248,0,1358253,-0,2276287,0,08478764,0,8308734,-0,3415647,-0,5984365,0,006954519,0,6191748,0,001677871,1,078178,-0,3182245,-0,549664,0,1587491,-0,3305451,0,159517,1,032072,-0,3244692,-0,5979891,0,1583405,-0,2336607,0,1441301,0,8887138,-0,3414054,-0,5496942,0,005567478,0,4503565,0,00433326,1,000073,-0,3475536,-0,5986067,-0,06189704,0,2158777,-0,09722117,1,088163,-0,2634526,-0,5561952,0,1944144,-0,7234278,0,2821447,1,936236,0,0,0,0,0,0,0,0,0,0,0,0,0,0,0,0,0,0,0,0,0,0,0,0,0,0,0,0,0,0
173,-0,3840257,-0,5370552,0,1448145,-0,2842606,0,1234711,0,5899655,-0,3819443,-0,5408178,0,07830983,-1,296302,0,2727242,0,3889517,-0,4012545,-0,5855763,0,07947312,-2,064788,0,4605414,0,299053,-0,3940367,-0,5847682,0,1481635,-0,2869488,0,1239867,0,6169143,-0,3925823,-0,5889092,0,01091249,-2,550882,0,4763635,0,1978986,-0,332378,-0,5441265,0,1856415,-0,7076758,0,2768756,1,34462,-0,3429649,-0,5910635,0,1933786,-0,9247873,0,3462793,1,751908,-0,3756278,-0,5432018,0,01204778,-1,711123,0,3246189,0,3240153,-0,3616163,-0,5967783,-0,05043464,-0,7031354,0,09141866,0,5731205,-0,2759155,-0,5505937,0,2186233,-0,6231444,0,2800734,1,210443,0,0,0,0,0,0,0,0,0,0,0,0,0,0,0,0,0,0,0,0,0,0,0,0,0,0,0,0,0,0
174,-0,3857998,-0,5365941,0,1482349,-0,08870367,0,02305509,0,1710207,-0,3902121,-0,5399302,0,08185393,-0,4133882,0,04438164,0,1772054,-0,4047143,-0,5864064,0,08427477,-0,1729877,-0,04150273,0,2400824,-0,396407,-0,5839786,0,1526245,-0,1185179,0,03948213,0,2230504,-0,3873652,-0,5933899,0,01775874,0,2608553,-0,2240361,0,3423128,-0,3400128,-0,5413905,0,195768,-0,3817411,0,1367987,0,5063238,-0,350768,-0,5883074,0,203517,-0,3901558,0,137806,0,5069221,-0,3731237,-0,5467751,0,01773366,0,1252056,-0,178665,0,284294,-0,3565916,-0,6009403,-0,0436736,0,2512322,-0,2081008,0,3380518,-0,2844112,-0,547622,0,230136,-0,4247831,0,1485855,0,5756366,0,0,0,0,0,0,0,0,0,0,0,0,0,0,0,0,0,0,0,0,0,0,0,0,0,0,0,0,0,0
175,-0,3906903,-0,5353153,0,14779,-0,2445252,0,06393792,-0,02224819,-0,387951,-0,5419044,0,081722,0,1130552,-0,09871427,-0,006596747,-0,3995024,-0,5892299,0,08502848,0,2605916,-0,1411766,0,0376858,-0,4026309,-0,5822688,0,1534692,-0,311193,0,085488,0,0422314,-0,3708682,-0,5983635,0,02277011,0,8248466,-0,2486796,0,2505683,-0,3480503,-0,5391099,0,1983341,-0,401877,0,1140297,0,128305,-0,3604916,-0,5853412,0,2074126,-0,4861774,0,1483083,0,1947761,-0,3669835,-0,5498031,0,01893458,0,3070117,-0,1514018,0,06004583,-0,3511054,-0,6034395,-0,04319629,0,2743126,-0,1249552,0,02386552,-0,2971196,-0,5438746,0,2395336,-0,635423,0,1873703,0,4698815,0,0,0,0,0,0,0,0,0,0,0,0,0,0,0,0,0,0,0,0,0,0,0,0,0,0,0,0,0,0
176,-0,3918659,-0,5370489,0,1408956,-0,05878212,-0,08667711,-0,3447199,-0,3719131,-0,5456145,0,07784992,0,8018959,-0,1855046,-0,1936038,-0,3782209,-0,5938468,0,08159042,1,064079,-0,2308459,-0,1719032,-0,402038,-0,5845068,0,1454944,0,02964438,-0,1118988,-0,3987403,-0,368037,-0,5987309,0,01345736,0,1415641,-0,01837016,-0,4656374,-0,354961,-0,5386379,0,1958387,-0,3455357,0,02360047,-0,124766,-0,3668869,-0,5851648,0,204286,-0,3197641,0,008821491,-0,1563267,-0,3627523,-0,5503237,0,01190593,0,2115608,-0,02602936,-0,3514323,-0,3542518,-0,6007693,-0,0542156,-0,1573206,0,1335055,-0,5509652,-0,3112204,-0,5401223,0,2447747,-0,7050383,0,1876146,0,2620527,0,0,0,0,0,0,0,0,0,0,0,0,0,0,0,0,0,0,0,0,0,0,0,0,0,0,0,0,0,0
177,-0,3940519,-0,5385349,0,1325021,-0,1093001,-0,07430318,-0,4196765,-0,373592,-0,5455322,0,06947611,-0,08394572,0,004118682,-0,4186908,-0,374481,-0,5940951,0,07366938,0,1869933,-0,01241267,-0,3960522,-0,4016682,-0,5865893,0,1365666,0,01849086,-0,1041264,-0,4463898,-0,3612199,-0,5982978,0,0059586,0,3408553,0,02165736,-0,3749383,-0,3650837,-0,5372105,0,1920496,-0,5061315,0,07137063,-0,1894557,-0,3762223,-0,5840233,0,2000823,-0,4667746,0,05707445,-0,2101877,-0,3632067,-0,5495642,0,003777567,-0,02272428,0,03797711,-0,4064184,-0,3578384,-0,5991182,-0,06315033,-0,1793326,0,08255544,-0,446737,-0,3260841,-0,5366529,0,2449011,-0,7431853,0,1734705,0,006322565,0,0,0,0,0,0,0,0,0,0,0,0,0,0,0,0,0,0,0,0,0,0,0,0,0,0,0,0,0,0
178,-0,4003502,-0,5375751,0,1236691,-0,3149153,0,04799368,-0,4416482,-0,3802633,-0,5448522,0,06067064,-0,3335671,0,0339985,-0,4402738,-0,3910295,-0,5924419,0,0618412,-0,827426,0,08265975,-0,5914091,-0,4094997,-0,5853276,0,1277621,-0,3915758,0,06308558,-0,4402244,-0,3704693,-0,5969483,-0,003848032,-0,4624726,0,06747249,-0,4903317,-0,3743027,-0,536476,0,1845499,-0,4609512,0,03672542,-0,3749886,-0,3867539,-0,5829591,0,1923316,-0,5265804,0,05321207,-0,3875317,-0,3615585,-0,5489477,-0,003207509,0,0824109,0,03082456,-0,3492539,-0,359248,-0,5966256,-0,07194668,-0,07047805,0,1246334,-0,4398176,-0,3362785,-0,5367602,0,2380339,-0,5097212,-0,00536442,-0,3433587,0,0,0,0,0,0,0,0,0,0,0,0,0,0,0,0,0,0,0,0,0,0,0,0,0,0,0,0,0,0
179,-0,4122639,-0,5340664,0,1155325,-0,5956831,0,1754314,-0,4068309,-0,3861088,-0,5423717,0,05492409,-0,292276,0,1240254,-0,2873276,-0,3989383,-0,5894957,0,05500899,-0,3954412,0,14731,-0,3416108,-0,4230656,-0,5814755,0,1189686,-0,6782936,0,1926065,-0,4396731,-0,3730335,-0,5947987,-0,008719218,-0,1282111,0,1074821,-0,2435594,-0,382231,-0,535639,0,1744966,-0,3964172,0,04184844,-0,5026633,-0,3945985,-0,5822814,0,1812966,-0,39223,0,03388526,-0,5517515,-0,3638721,-0,5468553,-0,007761983,-0,1156792,0,1046181,-0,2277238,-0,3579348,-0,5947913,-0,07608488,0,06565752,0,0917137,-0,2069101,-0,345161,-0,5366253,0,2286475,-0,4441218,0,006747249,-0,4693242,0,0,0,0,0,0,0,0,0,0,0,0,0,0,0,0,0,0,0,0,0,0,0,0,0,0,0,0,0,0
180,-0,4288765,-0,5305611,0,1098477,-0,8306313,0,1752675,-0,2842398,-0,3958,-0,5396621,0,05282647,-0,4845576,0,1354814,-0,1048811,-0,4018931,-0,5879166,0,05597297,-0,1477376,0,07895234,0,04819876,-0,440168,-0,5779637,0,1123884,-0,8551214,0,1755894,-0,329014,-0,3697197,-0,5942163,-0,004720723,0,1656905,0,02911986,0,1999248,-0,3897648,-0,536024,0,1629482,-0,3766866,-0,01925231,-0,5774187,-0,4021636,-0,5827773,0,1691723,-0,3782542,-0,02479852,-0,6062182,-0,3630106,-0,5458488,-0,005064162,0,0430763,0,05032422,0,1348911,-0,3601421,-0,5946309,-0,07302612,-0,1103655,0,008019808,0,1529381,-0,352281,-0,5379148,0,2167768,-0,3560038,-0,06447735,-0,5935336,0,0,0,0,0,0,0,0,0,0,0,0,0,0,0,0,0,0,0,0,0,0,0,0,0,0,0,0,0,0
181,-0,4667622,-0,5176274,0,1065137,-1,894284,0,6466838,-0,1666982,-0,420053,-0,531504,0,06118735,-1,212653,0,4079016,0,4180444,-0,4289649,-0,5792483,0,06522284,-1,353589,0,4334154,0,462494,-0,4806648,-0,5643817,0,1083357,-2,024844,0,6791028,-0,2026343,-0,3842864,-0,5900554,0,01362397,-0,7283363,0,2080441,0,9172352,-0,4124456,-0,5312957,0,141635,-1,134044,0,236416,-1,06566,-0,423911,-0,57866,0,1439281,-1,087368,0,2058686,-1,262208,-0,3785138,-0,5417686,0,009961465,-0,7751617,0,2040149,0,7512816,-0,3561514,-0,5965862,-0,04912392,0,1995356,-0,09776656,1,195111,-0,3647813,-0,5398729,0,1859139,-0,6250131,-0,09790663,-1,543143,0,0,0,0,0,0,0,0,0,0,0,0,0,0,0,0,0,0,0,0,0,0,0,0,0,0,0,0,0,0
182,-0,4778722,-0,5134786,0,1068136,-0,5555021,0,2074421,0,0149943,-0,4331278,-0,5288472,0,06020912,-0,6537395,0,1328439,-0,04891159,-0,4484872,-0,5752056,0,05915974,-0,9761158,0,2021343,-0,3031555,-0,4929378,-0,5598322,0,1095758,-0,6136464,0,2274723,0,0620045,-0,3948519,-0,5889369,0,01722815,-0,5282747,0,05592706,0,1802089,-0,4198522,-0,529631,0,1341691,-0,3703268,0,08323494,-0,3732966,-0,4322485,-0,576727,0,1364242,-0,416878,0,09664599,-0,3751957,-0,390571,-0,5407086,0,01002434,-0,602861,0,05299749,0,003143634,-0,3400161,-0,5981827,-0,02393842,0,8067656,-0,07982555,1,259275,-0,3681283,-0,5404633,0,1730811,-0,167352,-0,02951921,-0,6416413,0,0,0,0,0,0,0,0,0,0,0,0,0,0,0,0,0,0,0,0,0,0,0,0,0,0,0,0,0,0
183,-0,4816484,-0,5111207,0,1046748,-0,1888067,0,1178951,-0,1069423,-0,4308726,-0,5273966,0,06488382,0,1127586,0,07252994,0,2337351,-0,4404511,-0,5748793,0,07046545,0,401804,0,01631678,0,5652856,-0,4959314,-0,5577575,0,1076385,-0,1496807,0,103736,-0,09686504,-0,3890947,-0,5884551,0,02618073,0,2878593,0,02408923,0,4476291,-0,420706,-0,5277396,0,1244136,-0,04269334,0,09457175,-0,4877759,-0,4315552,-0,5752303,0,1233209,0,03466757,0,07483664,-0,6551675,-0,3838379,-0,540437,0,01943434,0,3366546,0,01358092,0,4705003,-0,3304264,-0,5976423,-0,00933178,0,4794868,0,02702178,0,7303322,-0,3673142,-0,5398105,0,1605637,0,04070403,0,03264249,-0,6258699,0,0,0,0,0,0,0,0,0,0,0,0,0,0,0,0,0,0,0,0,0,0,0,0,0,0,0,0,0,0
184,-0,4850597,-0,508445,0,1180352,-0,1705692,0,1337857,0,6680208,-0,4326962,-0,5241899,0,08018865,-0,09117726,0,1603336,0,765242,-0,4421757,-0,5718193,0,08507922,-0,08622859,0,1529992,0,7306888,-0,4971238,-0,555437,0,123333,-0,05961957,0,1160264,0,7847256,-0,3899238,-0,5843879,0,04130981,-0,04145505,0,2033592,0,7564542,-0,4207108,-0,5237027,0,1220709,-0,0002384187,0,2018423,-0,1171336,-0,4305065,-0,5714515,0,1222349,0,05243572,0,1889408,-0,05429576,-0,3887124,-0,5365933,0,0314951,-0,2437235,0,1921833,0,6030383,-0,3378243,-0,5930645,-0,003496175,-0,3698932,0,2288879,0,2917803,-0,3580589,-0,5357578,0,1377903,0,4627677,0,202635,-1,138672,0,0,0,0,0,0,0,0,0,0,0,0,0,0,0,0,0,0,0,0,0,0,0,0,0,0,0,0,0,0
185,-0,4829348,-0,5080082,0,1243582,0,1062483,0,02183915,0,3161502,-0,4345148,-0,5230776,0,08135185,-0,0909299,0,05561414,0,05815963,-0,4436221,-0,5707074,0,08621858,-0,07231984,0,05559327,0,05696828,-0,4954582,-0,5549418,0,1288288,0,08327964,0,0247568,0,2747935,-0,3958846,-0,5829022,0,03776936,-0,2980368,0,0742853,-0,1770225,-0,4191579,-0,5231668,0,1334199,0,077647,0,02679528,0,5674502,-0,4291906,-0,5707519,0,1361759,0,06579312,0,034979,0,6970498,-0,3912558,-0,5346989,0,03183139,-0,127171,0,09472076,0,01681429,-0,3621089,-0,5918991,-0,02183482,-1,214235,0,0582725,-0,9169324,-0,355085,-0,5354118,0,1414049,0,1486928,0,01730026,0,1807325,0,0,0,0,0,0,0,0,0,0,0,0,0,0,0,0,0,0,0,0,0,0,0,0,0,0,0,0,0,0
186,-0,4790498,-0,5095014,0,130146,0,1942501,-0,07466081,0,2893892,-0,4337708,-0,5235651,0,08328427,0,03719778,-0,02437533,0,09662103,-0,4413593,-0,5713552,0,08909565,0,1131371,-0,03238918,0,1438536,-0,4915967,-0,5565277,0,1338281,0,1930729,-0,07929209,0,2499611,-0,4094594,-0,5819591,0,02875063,-0,6787422,0,04715325,-0,4509364,-0,4155416,-0,5245444,0,1407307,0,1808137,-0,06887618,0,3655376,-0,4255708,-0,5722259,0,1430936,0,1809911,-0,07370117,0,3458852,-0,4019956,-0,5338843,0,02549551,-0,5369904,0,04073085,-0,3167941,-0,3814814,-0,5889369,-0,03402149,-0,968622,0,1481087,-0,6093341,-0,3527641,-0,5361609,0,155618,0,1160473,-0,03745557,0,7106523,0,0,0,0,0,0,0,0,0,0,0,0,0,0,0,0,0,0,0,0,0,0,0,0,0,0,0,0,0,0
187,-0,4762593,-0,509295,0,1354929,0,1395241,0,01032055,0,2673448,-0,4359966,-0,5233787,0,08435007,-0,1112894,0,00932217,0,0532903,-0,4448404,-0,5709941,0,08927709,-0,1740546,0,01805723,0,009071831,-0,4890951,-0,556172,0,1399443,0,1250819,0,01778603,0,3058114,-0,42529,-0,5797405,0,02370487,-0,7915276,0,1109302,-0,2522884,-0,4127218,-0,5248048,0,1456699,0,1409889,-0,01302064,0,2469608,-0,422852,-0,5724342,0,1467541,0,1359404,-0,01041294,0,1830214,-0,4159116,-0,5319242,0,02105673,-0,6957996,0,09800199,-0,2219391,-0,3876883,-0,5888924,-0,03340431,-0,3103451,0,002226234,0,03085939,-0,3526075,-0,5361218,0,1695699,0,007827583,0,001955033,0,6975959,0,0,0,0,0,0,0,0,0,0,0,0,0,0,0,0,0,0,0,0,0,0,0,0,0,0,0,0,0,0
188,-0,4728088,-0,5112764,0,13786,0,1725257,-0,0990719,0,1183585,-0,4431492,-0,5241009,0,07968374,-0,3576295,-0,03611149,-0,2333165,-0,4528504,-0,5716773,0,08421971,-0,4005001,-0,03415944,-0,2528691,-0,4861506,-0,5579091,0,1429298,0,1472265,-0,08685891,0,1492754,-0,4231043,-0,5817838,0,02272798,0,1092822,-0,1021624,-0,04884453,-0,4102693,-0,5264571,0,1533705,0,1226232,-0,08261803,0,385032,-0,4211752,-0,5737938,0,1576598,0,08384141,-0,06797913,0,5452859,-0,4145176,-0,5338299,0,02020695,0,06970319,-0,09528104,-0,04248891,-0,3907966,-0,5891705,-0,03785158,-0,1554162,-0,01390279,-0,222364,-0,3499492,-0,5375384,0,1769672,0,1329184,-0,07083121,0,3698678,0,0,0,0,0,0,0,0,0,0,0,0,0,0,0,0,0,0,0,0,0,0,0,0,0,0,0,0,0,0
189,-0,4679417,-0,5138567,0,1357718,0,2433524,-0,1290143,-0,104414,-0,4490896,-0,5238546,0,07270385,-0,297022,0,01231432,-0,3489946,-0,4575408,-0,5716891,0,07685212,-0,234522,-0,0005930664,-0,3683796,-0,4814931,-0,5604894,0,1404696,0,2328754,-0,1290143,-0,1230084,-0,4169743,-0,5818434,0,02193253,0,3065021,-0,002983214,-0,03977224,-0,4079745,-0,527806,0,1600969,0,1147449,-0,06744269,0,3363186,-0,4204772,-0,5742235,0,1683948,0,03489555,-0,0214845,0,5367542,-0,4122333,-0,5334647,0,01780908,0,1142145,0,01825691,-0,1198938,-0,393499,-0,5881782,-0,04266854,-0,1351223,0,04961194,-0,2408478,-0,3488788,-0,5382396,0,1868024,0,05351903,-0,03505947,0,4917601,0,0,0,0,0,0,0,0,0,0,0,0,0,0,0,0,0,0,0,0,0,0,0,0,0,0,0,0,0,0
190,-0,462854,-0,5154189,0,1351873,0,2543853,-0,07811192,-0,02922193,-0,4479792,-0,5244666,0,07095911,0,05552026,-0,03059806,-0,08723702,-0,4594979,-0,5717228,0,07395177,-0,09785149,-0,001683832,-0,1450178,-0,47677,-0,5619224,0,1399137,0,2361507,-0,07164779,-0,02779515,-0,4257538,-0,5818516,0,01450271,-0,438975,-0,000408292,-0,3714913,-0,406429,-0,527951,0,1673916,0,07727447,-0,007250908,0,3647374,-0,4185222,-0,5747696,0,1735778,0,09775314,-0,02730788,0,2591454,-0,4177054,-0,533825,0,01217966,-0,2736063,-0,01801551,-0,2814707,-0,3955687,-0,5882333,-0,04730468,-0,1034841,-0,002753736,-0,2318074,-0,3494847,-0,5378108,0,1987164,-0,03029556,0,0214398,0,5956995,0,0,0,0,0,0,0,0,0,0,0,0,0,0,0,0,0,0,0,0,0,0,0,0,0,0,0,0,0,0
191,-0,4561958,-0,5161911,0,1329082,0,3329114,-0,03860892,-0,1139574,-0,4419425,-0,5241557,0,06833444,0,3018351,0,01554192,-0,1312338,-0,4487384,-0,5722767,0,0719229,0,5379724,-0,02769233,-0,1014434,-0,4698639,-0,5628996,0,1368445,0,3453077,-0,04886093,-0,1534619,-0,433509,-0,5777624,0,004877822,-0,3877626,0,2044589,-0,4812447,-0,4023508,-0,5278418,0,1694949,0,2039061,0,005459788,0,1051613,-0,4137428,-0,5749861,0,1742113,0,2389685,-0,01082421,0,03167913,-0,4262198,-0,5295218,0,00356796,-0,4257189,0,2151639,-0,4305853,-0,4024852,-0,5828093,-0,05652199,-0,3458248,0,2712013,-0,4608657,-0,3446759,-0,5379027,0,1991464,0,2404422,-0,00459552,0,0214994,0,0,0,0,0,0,0,0,0,0,0,0,0,0,0,0,0,0,0,0,0,0,0,0,0,0,0,0,0,0
192,-0,4502879,-0,5142699,0,1327843,0,2953933,0,09606186,-0,00619516,-0,4342314,-0,5225156,0,06870008,0,3855588,0,08200708,0,01828224,-0,4470831,-0,5695566,0,0706226,0,08276555,0,136003,-0,06501491,-0,464302,-0,5608391,0,1366909,0,2780945,0,1030267,-0,007678572,-0,4295819,-0,574923,0,003990173,0,1963571,0,1419724,-0,04438245,-0,3966562,-0,5264698,0,1696382,0,284733,0,068602,0,007165226,-0,4056732,-0,5743971,0,1695285,0,4034804,0,02944769,-0,234142,-0,4254124,-0,5262755,0,00250282,0,04036726,0,1623154,-0,05325698,-0,4152673,-0,5767586,-0,06348614,-0,6391066,0,3025324,-0,3482077,-0,3416771,-0,5359447,0,2040872,0,14994,0,09790067,0,2470383,0,0,0,0,0,0,0,0,0,0,0,0,0,0,0,0,0,0,0,0,0,0,0,0,0,0,0,0,0,0
193,-0,4462529,-0,5114226,0,1338915,0,2017529,0,1423628,0,05536231,-0,4332253,-0,5191123,0,06913978,0,05030485,0,1701654,0,02198481,-0,4426029,-0,5669215,0,07198192,0,2240122,0,1317561,0,06796609,-0,4608144,-0,5578702,0,1378276,0,1743824,0,1484424,0,05683603,-0,4287871,-0,5717601,0,004419668,0,03973992,0,1581461,0,02147475,-0,3928521,-0,5242017,0,1708786,0,1902045,0,1134038,0,0620194,-0,4028547,-0,5718891,0,1716206,0,1409263,0,1254023,0,104604,-0,4207301,-0,5237384,0,003850529,0,2341152,0,1268506,0,06738544,-0,4340099,-0,5699964,-0,06446701,-0,9371254,0,3381104,-0,04904347,-0,3382044,-0,5341885,0,2058221,0,1736314,0,0878096,0,08674491,0,0,0,0,0,0,0,0,0,0,0,0,0,0,0,0,0,0,0,0,0,0,0,0,0,0,0,0,0,0
194,-0,439872,-0,5119955,0,1335866,0,3190459,-0,02864302,-0,01524613,-0,4264067,-0,5197167,0,06884693,0,3409268,-0,03021957,-0,01464263,-0,4401779,-0,5664637,0,07062785,0,1212508,0,02288819,-0,06770346,-0,4549113,-0,5582309,0,1373838,0,2951534,-0,01803339,-0,02219305,-0,4296412,-0,5702645,0,002482792,-0,04270526,0,07478002,-0,0968438,-0,3882089,-0,5245323,0,1729742,0,2321602,-0,01652838,0,104782,-0,4035531,-0,5700896,0,1811707,-0,0349194,0,08997325,0,4775064,-0,4206744,-0,5223286,0,002330207,0,002785028,0,07049146,-0,07601611,-0,4506854,-0,5650013,-0,06304806,-0,833777,0,2497555,0,07094744,-0,3361098,-0,5342756,0,2117462,0,1047343,-0,004354121,0,2962054,0,0,0,0,0,0,0,0,0,0,0,0,0,0,0,0,0,0,0,0,0,0,0,0,0,0,0,0,0,0
195,-0,43017,-0,516726,0,1310878,0,4850985,-0,2365262,-0,1249403,-0,4250165,-0,5217019,0,06494619,0,06951395,-0,09925965,-0,1950369,-0,4350971,-0,569361,0,06680362,0,2540381,-0,1448632,-0,1912118,-0,4448432,-0,5631546,0,1347426,0,5034046,-0,2461881,-0,1320586,-0,438241,-0,569506,-0,002199705,-0,4299896,0,03792347,-0,2341249,-0,3854265,-0,5262428,0,1789424,0,1391203,-0,08552674,0,2984123,-0,4017719,-0,5713755,0,187408,0,08905683,-0,06429555,0,3118673,-0,4262684,-0,5222109,-0,001755417,-0,2796979,0,005885961,-0,2042813,-0,4635005,-0,5609542,-0,06588162,-0,6407546,0,2023578,-0,1416781,-0,3347467,-0,5360518,0,2194672,0,06815198,-0,08881096,0,386049,0,0,0,0,0,0,0,0,0,0,0,0,0,0,0,0,0,0,0,0,0,0,0,0,0,0,0,0,0,0
196,-0,4167693,-0,523777,0,1287323,0,6700369,-0,3525497,-0,1177721,-0,4226025,-0,5256583,0,06241308,0,1206995,-0,1978219,-0,1266556,-0,4336472,-0,5731214,0,06384113,0,07249418,-0,1880229,-0,1481243,-0,4312162,-0,5702148,0,1326205,0,6813529,-0,3530087,-0,1061053,-0,4428367,-0,5712231,-0,004575532,-0,2297849,-0,08585457,-0,1187914,-0,3780675,-0,5303255,0,1819988,0,3679501,-0,2041341,0,1528189,-0,3932483,-0,5760678,0,189345,0,4261793,-0,2346129,0,09684566,-0,431076,-0,5239128,-0,003748474,-0,2403812,-0,08509461,-0,09965288,-0,4694197,-0,5619209,-0,06762643,-0,295961,-0,04833939,-0,08724038,-0,3317606,-0,5374264,0,22799,0,1493082,-0,06873015,0,4261406,0,0,0,0,0,0,0,0,0,0,0,0,0,0,0,0,0,0,0,0,0,0,0,0,0,0,0,0,0,0
197,-0,3855585,-0,5371801,0,1188195,1,56054,-0,6701561,-0,4956411,-0,4130351,-0,5328336,0,05839968,0,4783692,-0,3587665,-0,2006697,-0,4293054,-0,5787423,0,06151731,0,2170891,-0,281045,-0,1161913,-0,4038251,-0,5819186,0,1254128,1,369551,-0,5851897,-0,360387,-0,4381551,-0,5781564,-0,007017415,0,2340765,-0,3466667,-0,1220942,-0,3594694,-0,5377573,0,1796208,0,9299073,-0,3715934,-0,1188986,-0,3746131,-0,5835049,0,1873179,0,9317625,-0,3718556,-0,1013525,-0,4291086,-0,5301256,-0,006465731,0,09836707,-0,3106387,-0,1358629,-0,4227892,-0,5784997,-0,07447854,2,331523,-0,828937,-0,3426058,-0,3167524,-0,5428184,0,2292233,0,7504079,-0,2696009,0,06166625,0,0,0,0,0,0,0,0,0,0,0,0,0,0,0,0,0,0,0,0,0,0,0,0,0,0,0,0,0,0
198,-0,367164,-0,5426493,0,1095168,0,9197224,-0,2734573,-0,4651381,-0,3883249,-0,5412885,0,04642448,1,235511,-0,4227431,-0,5987605,-0,3954304,-0,5896104,0,04705324,1,693753,-0,5434039,-0,7232035,-0,3794595,-0,589587,0,1141126,1,218284,-0,3834189,-0,5650068,-0,40457,-0,5873582,-0,02130292,1,679256,-0,4600884,-0,7142754,-0,3481905,-0,5401801,0,1728235,0,5639436,-0,1211405,-0,3398651,-0,3630449,-0,5860432,0,1805511,0,5784082,-0,1269132,-0,3383384,-0,398984,-0,538893,-0,01936149,1,506231,-0,4383745,-0,6447883,-0,3983758,-0,5836062,-0,09000827,1,220674,-0,2553285,-0,7764868,-0,3106209,-0,5425283,0,2266208,0,3065736,0,01450778,-0,1301229,0,0,0,0,0,0,0,0,0,0,0,0,0,0,0,0,0,0,0,0,0,0,0,0,0,0,0,0,0,0
199,-0,3490808,-0,5469762,0,09748264,0,9041641,-0,2163471,-0,6017061,-0,3631868,-0,5464682,0,03250602,1,256903,-0,2589853,-0,695923,-0,3665762,-0,5951526,0,03195654,1,44271,-0,2771111,-0,7548354,-0,3556755,-0,5952487,0,09997757,1,189201,-0,2830864,-0,7067534,-0,3727348,-0,5921286,-0,03676003,1,591762,-0,238523,-0,7728561,-0,3312027,-0,5452241,0,1612224,0,8493919,-0,2521963,-0,5800592,-0,3430017,-0,5921752,0,167251,1,002163,-0,3066034,-0,6650056,-0,3725104,-0,5434757,-0,03348626,1,323681,-0,2291352,-0,7062386,-0,3878391,-0,5857863,-0,1038867,0,5268322,-0,109002,-0,6939224,-0,3018767,-0,5442135,0,2199347,0,4372107,-0,08426312,-0,3343054,0,0,0,0,0,0,0,0,0,0,0,0,0,0,0,0,0,0,0,0,0,0,0,0,0,0,0,0,0,0
200,-0,3265177,-0,5542193,0,08328483,1,128154,-0,362155,-0,7098908,-0,3398182,-0,5526823,0,01817813,1,168432,-0,3107072,-0,716395,-0,3416432,-0,6014439,0,01649216,1,24665,-0,3145636,-0,7732195,-0,3305328,-0,6028305,0,08444417,1,257134,-0,3790917,-0,7766705,-0,349694,-0,5969195,-0,05193961,1,152039,-0,2395422,-0,7589794,-0,3127291,-0,5527869,0,1479564,0,9236786,-0,3781439,-0,6633009,-0,3180301,-0,6011167,0,1517816,1,248581,-0,4470738,-0,7734697,-0,3504717,-0,5483482,-0,0474718,1,101937,-0,2436222,-0,6992775,-0,3716124,-0,5897729,-0,1170026,0,8113372,-0,1993299,-0,6557963,-0,2915686,-0,5494959,0,2100558,0,5154045,-0,2641172,-0,4939469,0,0,0,0,0,0,0,0,0,0,0,0,0,0,0,0,0,0,0,0,0,0,0,0,0,0,0,0,0,0
201,-0,3133216,-0,5558528,0,07228694,0,6598073,-0,08167329,-0,5498948,-0,3252002,-0,5524911,0,006974166,0,7308993,0,009563569,-0,5601983,-0,3144141,-0,5996995,0,001567229,1,361457,0,08721951,-0,7462467,-0,3045988,-0,6037922,0,06973894,1,296701,-0,04808309,-0,7352616,-0,3294663,-0,5935802,-0,06559753,1,011388,0,1669616,-0,6828959,-0,2994515,-0,5557226,0,1368497,0,6638812,-0,1467825,-0,5553315,-0,2968665,-0,6044682,0,1380039,1,05818,-0,1675726,-0,6888869,-0,3392194,-0,5463302,-0,05796707,0,5626159,0,1009018,-0,5247638,-0,3579041,-0,5876418,-0,1283837,0,685415,0,1065523,-0,5690532,-0,280774,-0,5527973,0,1998436,0,5397322,-0,1650692,-0,5106108,0,0,0,0,0,0,0,0,0,0,0,0,0,0,0,0,0,0,0,0,0,0,0,0,0,0,0,0,0,0
202,-0,297633,-0,559127,0,04904854,0,7844272,-0,1637132,-1,161921,-0,31762,-0,5547973,-0,01428345,0,3790097,-0,1153112,-1,062881,-0,3181778,-0,6034363,-0,01828158,-0,1881839,-0,1868398,-0,992441,-0,3009734,-0,6077419,0,04827859,0,1812682,-0,1974852,-1,073018,-0,3451501,-0,5960941,-0,08138303,-0,7841933,-0,1256913,-0,7892757,-0,2805235,-0,5602276,0,1129603,0,9463984,-0,225249,-1,194473,-0,2813109,-0,609036,0,1138681,0,7777828,-0,2283932,-1,206792,-0,3425755,-0,5476777,-0,0756487,-0,1678065,-0,06737712,-0,8840814,-0,373388,-0,5856182,-0,1434618,-0,7741931,0,1011819,-0,7539044,-0,2552308,-0,559023,0,1736604,1,277161,-0,3112854,-1,309158,0,0,0,0,0,0,0,0,0,0,0,0,0,0,0,0,0,0,0,0,0,0,0,0,0,0,0,0,0,0
203,-0,29924,-0,5583398,0,04060601,-0,08035007,0,03936292,-0,4221266,-0,3220347,-0,5533797,-0,02161025,-0,2207325,0,07088187,-0,3663401,-0,328788,-0,6017017,-0,02386383,-0,5305129,0,08672778,-0,2791123,-0,3074244,-0,6064074,0,04141113,-0,3225477,0,06672445,-0,3433732,-0,3561545,-0,5931945,-0,08657043,-0,5502182,0,1449764,-0,2593697,-0,2713233,-0,5609505,0,1004208,0,4600095,-0,03614725,-0,6269737,-0,2797819,-0,6088294,0,1040865,0,07644895,0,01032949,-0,4890809,-0,3490893,-0,5451026,-0,08199855,-0,3256888,0,128755,-0,3174928,-0,3816039,-0,5819781,-0,1496591,-0,4107969,0,1820029,-0,309866,-0,2416536,-0,5608153,0,1589618,0,6788607,-0,08961562,-0,7349308,0,0,0,0,0,0,0,0,0,0,0,0,0,0,0,0,0,0,0,0,0,0,0,0,0,0,0,0,0,0
204,-0,3076029,-0,5547483,0,03167339,-0,4181432,0,179574,-0,446631,-0,3257667,-0,549661,-0,03221333,-0,1866014,0,1859308,-0,5301543,-0,3351631,-0,5975522,-0,03409625,-0,3187523,0,2074749,-0,5116214,-0,3134502,-0,603192,0,03087575,-0,3012912,0,1607717,-0,5267692,-0,3656739,-0,5873954,-0,09507988,-0,4759701,0,2899559,-0,425473,-0,2714502,-0,5592734,0,08698321,-0,006343427,0,0838578,-0,6718802,-0,2780381,-0,6074576,0,08932897,0,08718673,0,06859306,-0,7378749,-0,350807,-0,5408404,-0,09346084,-0,08588735,0,2131076,-0,5731145,-0,3868709,-0,5764466,-0,1598973,-0,2633498,0,2765776,-0,5119102,-0,2352796,-0,5606531,0,1417896,0,3186994,0,008109215,-0,8586097,0,0,0,0,0,0,0,0,0,0,0,0,0,0,0,0,0,0,0,0,0,0,0,0,0,0,0,0,0,0
205,-0,3123029,-0,5527626,0,0186992,-0,2349989,0,09928349,-0,6487097,-0,3315367,-0,5457147,-0,04455173,-0,288497,0,1973183,-0,6169204,-0,3368162,-0,5939868,-0,04924589,-0,08265528,0,1782716,-0,7574822,-0,3202695,-0,600838,0,01733105,-0,340967,0,1176984,-0,6772356,-0,365352,-0,583044,-0,111163,0,01609475,0,2175719,-0,8041549,-0,277793,-0,5588995,0,07469567,-0,317143,0,018695,-0,6143774,-0,280027,-0,607613,0,07248447,-0,09944294,-0,007769469,-0,8422255,-0,3589028,-0,535172,-0,1045162,-0,4047902,0,2834232,-0,5527673,-0,3877157,-0,5695807,-0,1751085,-0,04224183,0,3432931,-0,7605585,-0,2322865,-0,5623803,0,1218997,0,1496532,-0,08636121,-0,9944953,0,0,0,0,0,0,0,0,0,0,0,0,0,0,0,0,0,0,0,0,0,0,0,0,0,0,0,0,0,0
206,-0,3196401,-0,550054,-0,005406914,-0,3668623,0,1354337,-1,205306,-0,3415195,-0,5403348,-0,06744237,-0,4991444,0,2689929,-1,144532,-0,3499262,-0,5880345,-0,07299171,-0,6555038,0,297618,-1,187292,-0,3282051,-0,5979731,-0,00837859,-0,3967793,0,1432449,-1,285482,-0,3685731,-0,5753062,-0,1382695,-0,1610563,0,3868909,-1,355327,-0,2929485,-0,5574909,0,05466122,-0,7577705,0,0704259,-1,001723,-0,2983823,-0,6059177,0,05277883,-0,9177673,0,0847638,-0,9852827,-0,3630926,-0,5276374,-0,1293588,-0,2094881,0,3767313,-1,242132,-0,4245394,-0,5600648,-0,1758467,-1,841185,0,4757972,-0,03691168,-0,2318673,-0,5645375,0,07787856,0,02096073,-0,1078576,-2,201059,0,0,0,0,0,0,0,0,0,0,0,0,0,0,0,0,0,0,0,0,0,0,0,0,0,0,0,0,0,0
207,-0,3188906,-0,5497383,-0,0175561,0,03747495,0,01578034,-0,6074597,-0,346031,-0,5386416,-0,07729071,-0,2255724,0,08465949,-0,4924173,-0,3521516,-0,5864511,-0,0844662,-0,1112685,0,07916692,-0,5737251,-0,3267539,-0,5977327,-0,02142627,0,07256272,0,01201928,-0,6523842,-0,383912,-0,5716683,-0,1440018,-0,7669452,0,1818926,-0,286615,-0,297304,-0,5572664,0,04453291,-0,2177791,0,01122654,-0,5064156,-0,3035876,-0,6055535,0,04254424,-0,2602608,0,01820923,-0,5117295,-0,3767935,-0,5243342,-0,1347784,-0,6850469,0,1651586,-0,27098,-0,4475217,-0,5560797,-0,166041,-1,149115,0,1992524,0,4902841,-0,2347936,-0,5654461,0,06320163,-0,1463168,-0,04543366,-0,7338471,0,0,0,0,0,0,0,0,0,0,0,0,0,0,0,0,0,0,0,0,0,0,0,0,0,0,0,0,0,0
208,-0,3151457,-0,544081,-0,03321069,0,1872436,0,2828689,-0,7827297,-0,3554917,-0,5317369,-0,08476882,-0,4730361,0,3452392,-0,3739053,-0,3659711,-0,5792423,-0,088892,-0,6909746,0,3604414,-0,2212898,-0,3217384,-0,5921623,-0,03780068,0,2507717,0,2785237,-0,8187207,-0,417457,-0,5625092,-0,1316626,-1,67725,0,4579546,0,6169583,-0,2962014,-0,5516776,0,02975497,0,05512985,0,2794416,-0,7388977,-0,3038144,-0,5998254,0,027861,-0,01134128,0,2864064,-0,7341622,-0,4043285,-0,5157491,-0,1274753,-1,376747,0,4292549,0,3651568,-0,4797252,-0,5415217,-0,1529819,-1,610175,0,7279041,0,6529557,-0,2342131,-0,5616398,0,0490358,0,02902896,0,1903177,-0,7082919,0,0,0,0,0,0,0,0,0,0,0,0,0,0,0,0,0,0,0,0,0,0,0,0,0,0,0,0,0,0
209,-0,3159196,-0,5440395,-0,03899192,-0,03869386,0,002071262,-0,2890616,-0,3642977,-0,5305171,-0,08278154,-0,4403027,0,06098749,0,09936396,-0,3771503,-0,5775807,-0,08420103,-0,5589622,0,08307698,0,2345485,-0,3234365,-0,5919809,-0,04350138,-0,08490536,0,00906587,-0,2850355,-0,4325059,-0,5595636,-0,1213366,-0,7524449,0,1472802,0,5163035,-0,2892257,-0,552799,0,02094863,0,3487886,-0,05607309,-0,4403169,-0,2963627,-0,6009732,0,01877396,0,3725858,-0,05739333,-0,4543524,-0,4181668,-0,5131096,-0,118202,-0,6919178,0,1319737,0,463664,-0,4888051,-0,5382532,-0,1552273,-0,4539924,0,1634241,-0,1122699,-0,2278139,-0,5619659,0,04209682,0,3199571,-0,01630784,-0,3469491,0,0,0,0,0,0,0,0,0,0,0,0,0,0,0,0,0,0,0,0,0,0,0,0,0,0,0,0,0,0
210,-0,3264001,-0,5427189,-0,03584333,-0,5240248,0,06603005,0,1574297,-0,3824595,-0,5275198,-0,06843044,-0,9080876,0,149867,0,7175553,-0,3931679,-0,5747872,-0,07369635,-0,8008766,0,1396776,0,5252345,-0,3312729,-0,5899568,-0,04719083,-0,3918172,0,1012057,-0,1844725,-0,4495139,-0,5560762,-0,1090559,-0,8503977,0,1743735,0,6140357,-0,2678945,-0,5546392,-0,007251247,1,066557,-0,09200875,-1,409994,-0,2717388,-0,6024874,-0,01572972,1,231196,-0,07570687,-1,725184,-0,4346003,-0,5097126,-0,1061457,-0,8216757,0,1698495,0,6028166,-0,4935178,-0,5371445,-0,1587994,-0,2356366,0,05543234,-0,1786054,-0,2024426,-0,5584085,-0,01083461,1,268565,0,1778723,-2,646572,0,0,0,0,0,0,0,0,0,0,0,0,0,0,0,0,0,0,0,0,0,0,0,0,0,0,0,0,0,0
211,-0,3155066,-0,5466712,-0,03857506,0,5446749,-0,1976133,-0,1365865,-0,3716837,-0,5333496,-0,07167494,0,538792,-0,2914937,-0,1622249,-0,37932,-0,5808827,-0,07963602,0,6923932,-0,3047736,-0,296984,-0,3195908,-0,5943304,-0,04816126,0,5841019,-0,2186776,-0,04852137,-0,4330639,-0,5637076,-0,1194687,0,8224982,-0,3815742,-0,5206412,-0,2557442,-0,5563071,-0,01165098,0,6075146,-0,08339587,-0,2199866,-0,257149,-0,6039537,-0,02177144,0,7294866,-0,07331374,-0,3020864,-0,4210474,-0,516801,-0,1134244,0,6776469,-0,3544183,-0,3639364,-0,4777299,-0,5441184,-0,1684327,0,7893923,-0,3486933,-0,4816623,-0,1961827,-0,5514292,-0,03884491,0,3129998,0,3489645,-1,400516,0,0,0,0,0,0,0,0,0,0,0,0,0,0,0,0,0,0,0,0,0,0,0,0,0,0,0,0,0,0
212,-0,2960984,-0,5463831,-0,03147793,0,9704131,0,01440347,0,3548564,-0,3507501,-0,5371336,-0,068307,1,046677,-0,1892001,0,168397,-0,3534091,-0,5849496,-0,07782486,1,295545,-0,2033443,0,09055812,-0,2971332,-0,5944767,-0,0394337,1,12288,-0,007316473,0,4363784,-0,3992706,-0,5708127,-0,127409,1,689664,-0,3552528,-0,3970181,-0,2387001,-0,5521374,0,001113901,0,8522082,0,2084882,0,6382442,-0,2361479,-0,5997911,-0,008736102,1,050057,0,2081276,0,6517673,-0,3940773,-0,5234064,-0,1171158,1,348503,-0,3302695,-0,1845711,-0,4435565,-0,5533941,-0,1775233,1,708674,-0,4637869,-0,4545318,-0,195729,-0,5391852,-0,04691961,0,02268181,0,6121995,-0,4037348,0,0,0,0,0,0,0,0,0,0,0,0,0,0,0,0,0,0,0,0,0,0,0,0,0,0,0,0,0,0
frame,x0,y0,z0,vx0,vy0,vz0,x1,y1,z1,vx1,vy1,vz1,x2,y2,z2,vx2,vy2,vz2,x3,y3,z3,vx3,vy3,vz3,x4,y4,z4,vx4,vy4,vz4,x5,y5,z5,vx5,vy5,vz5,x6,y6,z6,vx6,vy6,vz6,x7,y7,z7,vx7,vy7,vz7,x8,y8,z8,vx8,vy8,vz8,x9,y9,z9,vx9,vy9,vz9,dx0,dy0,dz0,dx1,dy1,dz1,dx2,dy2,dz2,dx3,dy3,dz3,dx4,dy4,dz4,dx5,dy5,dz5,dx6,dy6,dz6,dx7,dy7,dz7,dx8,dy8,dz8,dx9,dy9,dz9
1,-0,4660969,-0,4124999,0,1201941,0,0,0,-0,4774206,-0,4124999,0,06057475,0,0,0,-0,4960571,-0,4499999,0,06266653,0,0,0,-0,4842914,-0,4499999,0,1243446,0,0,0,-0,4999998,-0,4499999,0,0,0,0,-0,4474226,-0,4124999,0,1779181,0,0,0,-0,4648881,-0,4499999,0,184062,0,0,0,-0,4812151,-0,4124999,0,0,0,0,-0,4960571,-0,4499999,-0,06266659,0,0,0,-0,4216921,-0,4124999,0,2328362,0,0,0,0,0,0,0,0,0,0,0,0,0,0,0,0,0,0,0,0,0,0,0,0,0,0,0,0,0,0,0,0,0
2,-0,466097,-0,4949999,0,1322135,-5,960467E-06,-4,125002,0,6009734,-0,4774207,-0,4949999,0,06663226,-5,960467E-06,-4,125002,0,3028755,-0,4960572,-0,54,0,06893321,-5,960467E-06,-4,500003,0,3133343,-0,4842915,-0,54,0,1367791,-5,960467E-06,-4,500003,0,6217266,-0,4999999,-0,54,0,-5,960467E-06,-4,500003,0,-0,4474227,-0,4949999,0,19571,-5,960467E-06,-4,125002,0,8895952,-0,4648882,-0,54,0,2024682,-5,960467E-06,-4,500003,0,9203147,-0,4812152,-0,4949999,0,-5,960467E-06,-4,125002,0,-0,4960572,-0,54,-0,06893328,-5,960467E-06,-4,500003,-0,3133347,-0,4216922,-0,4949999,0,2561199,-4,47035E-06,-4,125002,1,164188,0,0,0,0,0,0,0,0,0,0,0,0,0,0,0,0,0,0,0,0,0,0,0,0,0,0,0,0,0,0
3,-0,4664985,-0,4965909,0,1324012,-0,02007187,-0,0795469,0,009384755,-0,4776977,-0,4967208,0,06679991,-0,01385063,-0,08604232,0,008382652,-0,4962834,-0,5417348,0,06913856,-0,01130701,-0,08674268,0,01026765,-0,4844064,-0,5417126,0,1369592,-0,00574142,-0,08563105,0,009001795,-0,4995111,-0,5420962,0,0001789439,0,0244394,-0,1048118,0,0089472,-0,4479743,-0,4964114,0,1959271,-0,02757908,-0,07057044,0,01085476,-0,4653573,-0,5414442,0,2027266,-0,02345295,-0,07221404,0,01291857,-0,4810885,-0,4969542,0,0001499802,0,006337466,-0,09771291,0,007499011,-0,4957993,-0,5420133,-0,06876472,0,01289547,-0,1006663,0,0084281,-0,4226398,-0,4961072,0,2564687,-0,04737826,-0,05536231,0,01743735,0,0,0,0,0,0,0,0,0,0,0,0,0,0,0,0,0,0,0,0,0,0,0,0,0,0,0,0,0,0
4,-0,4592662,-0,5004928,0,1290009,0,3616126,-0,1950935,-0,1700156,-0,4743372,-0,500136,0,06415907,0,168027,-0,1707614,-0,1320422,-0,4843759,-0,5478854,0,06544785,0,5953732,-0,3075273,-0,1845357,-0,4733028,-0,5469638,0,1334314,0,5551803,-0,2625585,-0,1763903,-0,4985462,-0,5447907,-0,00203535,0,04824253,-0,1347274,-0,1107147,-0,4548474,-0,4945207,0,1948131,-0,3436552,0,094533,-0,05569907,-0,472383,-0,5395262,0,201542,-0,3512846,0,09590391,-0,0592299,-0,4827941,-0,4985534,-0,002080728,-0,08528087,-0,07995817,-0,1115354,-0,4968117,-0,5438258,-0,07102315,-0,05061777,-0,09062592,-0,1129218,-0,417714,-0,5000937,0,2486699,0,246288,-0,1993255,-0,3899375,0,0,0,0,0,0,0,0,0,0,0,0,0,0,0,0,0,0,0,0,0,0,0,0,0,0,0,0,0,0
5,-0,4504384,-0,5206438,0,1191034,0,4413934,-1,007551,-0,4948756,-0,4648263,-0,5198558,0,05412929,0,4755409,-0,9859894,-0,5014891,-0,4800277,-0,5661514,0,05601478,0,2174095,-0,9133015,-0,4716538,-0,467394,-0,5661801,0,1236806,0,295438,-0,9608153,-0,4875386,-0,4909969,-0,5635045,-0,01209107,0,3774689,-0,935689,-0,5027862,-0,4161327,-0,526791,0,1753807,1,935735,-1,613518,-0,9716187,-0,430341,-0,5730793,0,1808689,2,1021,-1,677657,-1,033656,-0,4762708,-0,5169962,-0,01156404,0,3261627,-0,9221423,-0,4741659,-0,468587,-0,5682165,-0,07724059,1,411234,-1,219535,-0,3108719,-0,3834179,-0,5291856,0,2322745,1,714805,-1,454595,-0,8197736,0,0,0,0,0,0,0,0,0,0,0,0,0,0,0,0,0,0,0,0,0,0,0,0,0,0,0,0,0,0
6,-0,4021863,-0,5342566,0,08211233,2,412603,-0,6806406,-1,849554,-0,4216396,-0,5309758,0,01850052,2,159337,-0,5560013,-1,781439,-0,4337402,-0,5781984,0,01886052,2,314379,-0,6023529,-1,857714,-0,4165139,-0,5807434,0,08550109,2,544008,-0,7281664,-1,908977,-0,4774164,-0,5655789,-0,03311443,0,6790253,-0,1037211,-1,051169,-0,3578166,-0,543484,0,1304609,2,915807,-0,8346472,-2,245992,-0,3662891,-0,5915618,0,1308107,3,202598,-0,9241257,-2,502913,-0,4646256,-0,5185643,-0,03103288,0,5822601,-0,07840696,-0,9734421,-0,417402,-0,5789129,-0,06455713,2,55925,-0,5348178,0,6341732,-0,3106026,-0,5507944,0,1755749,3,640765,-1,080439,-2,834978,0,0,0,0,0,0,0,0,0,0,0,0,0,0,0,0,0,0,0,0,0,0,0,0,0,0,0,0,0,0
7,-0,3390928,-0,5366681,-0,01288347,3,154677,-0,1205743,-4,749792,-0,4005254,-0,5229794,-0,03431903,1,05571,0,3998192,-2,640979,-0,4110417,-0,5704944,-0,03744074,1,134925,0,3852011,-2,815064,-0,3469037,-0,5846442,-0,0164806,3,480512,-0,1950414,-5,099087,-0,4704846,-0,5533292,-0,06819008,0,3465892,0,6124856,-1,753783,-0,2795672,-0,5474072,0,01409628,3,912473,-0,1961619,-5,818233,-0,2836372,-0,5955285,0,007623139,4,132594,-0,1983375,-6,159379,-0,4601384,-0,5064183,-0,0594351,0,2243609,0,6073,-1,420112,-0,4027207,-0,5667481,-0,06782917,0,7340688,0,6082358,-0,1636021,-0,2328303,-0,5565681,0,05932891,3,888619,-0,2886863,-5,812304,0,0,0,0,0,0,0,0,0,0,0,0,0,0,0,0,0,0,0,0,0,0,0,0,0,0,0,0,0,0
8,-0,308588,-0,5339312,-0,08415848,1,525239,0,1368434,-3,563752,-0,3732263,-0,5260765,-0,07013206,1,364959,-0,1548529,-1,790652,-0,3799632,-0,5743777,-0,07038552,1,553926,-0,1941622,-1,647239,-0,3149079,-0,5817435,-0,09190928,1,599788,0,145036,-3,771435,-0,4426163,-0,5637289,-0,04331663,1,393417,-0,5199851,1,243673,-0,2477856,-0,5447927,-0,0605557,1,589077,0,130725,-3,7326,-0,2517173,-0,5928081,-0,06790952,1,595997,0,1360238,-3,776634,-0,4356712,-0,5157469,-0,04896426,1,223364,-0,4664274,0,523542,-0,3816224,-0,5745188,-0,07387912,1,054913,-0,388533,-0,3024978,-0,2066369,-0,5551722,-0,01030084,1,309669,0,06979409,-3,481488,0,0,0,0,0,0,0,0,0,0,0,0,0,0,0,0,0,0,0,0,0,0,0,0,0,0,0,0,0,0
9,-0,2732687,-0,5368344,-0,08428703,1,765967,-0,1451612,-0,006427246,-0,339463,-0,5299752,-0,08660711,1,688162,-0,1949371,-0,8237529,-0,3453857,-0,5783337,-0,08482718,1,728874,-0,1978011,-0,7220834,-0,2769764,-0,5853444,-0,08124941,1,896577,-0,1800448,0,5329939,-0,4136655,-0,5682707,-0,08450117,1,44754,-0,2270908,-2,059228,-0,2072411,-0,5407581,-0,08025442,2,027229,0,201732,-0,9849364,-0,2085998,-0,5894431,-0,0838733,2,155878,0,1682491,-0,7981896,-0,4055484,-0,5201628,-0,08417194,1,506137,-0,2207936,-1,760385,-0,3454431,-0,5781324,-0,08911906,1,808966,-0,1806796,-0,7619973,-0,1473664,-0,5439358,-0,05325665,2,963527,0,5618187,-2,147791,0,0,0,0,0,0,0,0,0,0,0,0,0,0,0,0,0,0,0,0,0,0,0,0,0,0,0,0,0,0
10,-0,2617259,-0,5380445,-0,07388964,0,5771416,-0,06050172,0,5198693,-0,3253325,-0,5319028,-0,09268264,0,7065269,-0,09638075,-0,3037767,-0,3306652,-0,5803415,-0,09348673,0,7360238,-0,1003921,-0,4329776,-0,2637173,-0,5865363,-0,07799047,0,6629559,-0,05959871,0,1629469,-0,3990771,-0,570811,-0,09679269,0,7294166,-0,1270146,-0,6145763,-0,1999246,-0,5415776,-0,05029837,0,3658237,-0,04097821,1,497803,-0,1977331,-0,5894242,-0,05938785,0,5433338,0,000944734,1,224273,-0,3910249,-0,5227416,-0,09999039,0,7261741,-0,1289428,-0,790923,-0,3313411,-0,5812114,-0,1047031,0,7050979,-0,1539529,-0,7792032,-0,1391506,-0,5425031,-0,02561668,0,4107872,0,07163885,1,381999,0,0,0,0,0,0,0,0,0,0,0,0,0,0,0,0,0,0,0,0,0,0,0,0,0,0,0,0,0,0
11,-0,2870751,-0,5440648,-0,0500689,-1,267462,-0,3010185,1,191038,-0,3322346,-0,5326071,-0,09778157,-0,3451051,-0,03521146,-0,2549463,-0,3366742,-0,5804805,-0,1060284,-0,3004463,-0,006946924,-0,6270825,-0,2915868,-0,5922894,-0,05533302,-1,393478,-0,2876521,1,132873,-0,3982452,-0,5679656,-0,1344438,0,0415981,0,1422734,-1,882554,-0,2831754,-0,5509452,0,01583454,-4,16254,-0,4683794,3,306647,-0,2936136,-0,5983964,0,01306282,-4,794026,-0,4486116,3,622535,-0,3885384,-0,52022,-0,1322515,0,1243294,0,1260817,-1,613054,-0,3317761,-0,580179,-0,1198698,-0,02174527,0,05162062,-0,7583353,-0,2732769,-0,5557629,0,08049194,-6,706316,-0,6629946,5,305433,0,0,0,0,0,0,0,0,0,0,0,0,0,0,0,0,0,0,0,0,0,0,0,0,0,0,0,0,0,0
12,-0,3754798,-0,5340018,0,05577017,-4,420235,0,5031528,5,291955,-0,369989,-0,5360848,-0,01045038,-1,887722,-0,1738877,4,366561,-0,3806282,-0,583728,-0,01082774,-2,197705,-0,162378,4,760033,-0,3883129,-0,5810373,0,05758087,-4,836308,0,5626055,5,645697,-0,3522063,-0,5874041,-0,07385416,2,301946,-0,9719286,3,029481,-0,3769997,-0,530061,0,1218571,-4,691218,1,044211,5,301131,-0,392919,-0,5760331,0,1256997,-4,965274,1,118166,5,631848,-0,3353148,-0,5420827,-0,06726897,2,661179,-1,093135,3,249126,-0,3135478,-0,5915555,-0,1311355,0,911412,-0,5688252,-0,5632861,-0,3441648,-0,5360351,0,1784233,-3,544398,0,9863917,4,896568,0,0,0,0,0,0,0,0,0,0,0,0,0,0,0,0,0,0,0,0,0,0,0,0,0,0,0,0,0,0
13,-0,3741302,-0,5390589,0,08718762,0,06747845,-0,2528549,1,570873,-0,3651599,-0,5434972,0,02126059,0,241457,-0,3706188,1,58555,-0,3739125,-0,5915963,0,02266275,0,3357888,-0,3934146,1,674525,-0,389557,-0,5852605,0,08944113,-0,06220343,-0,2111585,1,593014,-0,3350182,-0,5983841,-0,03418579,0,8594025,-0,5490007,1,983419,-0,3610069,-0,5394031,0,1522004,0,7996428,-0,4671039,1,517163,-0,3716958,-0,5868334,0,1555295,1,06116,-0,5400124,1,491486,-0,3234623,-0,5512563,-0,03011595,0,5926254,-0,4586818,1,857651,-0,2823595,-0,605224,-0,07883221,1,559415,-0,6834212,2,615167,-0,3330303,-0,5406418,0,2115824,0,55673,-0,2303333,1,657956,0,0,0,0,0,0,0,0,0,0,0,0,0,0,0,0,0,0,0,0,0,0,0,0,0,0,0,0,0,0
14,-0,3536949,-0,5509318,0,09639783,1,021766,-0,5936446,0,4605109,-0,3858779,-0,5456673,0,03838947,-1,035901,-0,1085043,0,8564442,-0,396928,-0,5931408,0,03918571,-1,15078,-0,07722381,0,8261483,-0,3628793,-0,598709,0,09881286,1,333887,-0,67243,0,468587,-0,4024207,-0,591202,-0,02962585,-3,370122,0,3591092,0,2279973,-0,3255098,-0,5522212,0,1563222,1,774854,-0,6409051,0,2060891,-0,3324926,-0,6003309,0,1601882,1,960165,-0,6748768,0,2329395,-0,3923811,-0,5435057,-0,02800542,-3,445941,0,3875287,0,1055265,-0,3361714,-0,6030667,-0,04509472,-2,690593,0,1078636,1,686875,-0,3109777,-0,5485187,0,2203545,1,10263,-0,3938438,0,4386077,0,0,0,0,0,0,0,0,0,0,0,0,0,0,0,0,0,0,0,0,0,0,0,0,0,0,0,0,0,0
15,-0,3406623,-0,5442777,0,06641038,0,6516295,0,3327013,-1,499373,-0,3886254,-0,5353716,0,02114619,-0,1373739,0,5147846,-0,8621643,-0,3973188,-0,583326,0,019545,-0,01953543,0,4907372,-0,9820358,-0,347525,-0,5925729,0,06619511,0,7677126,0,3068091,-1,630888,-0,4649349,-0,5693078,0,02139099,-3,12571,1,094708,2,550843,-0,3245454,-0,5458777,0,1305852,0,0482172,0,3171743,-1,286849,-0,3279099,-0,5944955,0,1317952,0,2291338,0,2917678,-1,419654,-0,4540073,-0,5218467,0,01943672,-3,08131,1,082951,2,372108,-0,3973996,-0,5833914,0,02022281,-3,06141,0,9837661,3,265878,-0,3290879,-0,5431841,0,1960841,-0,9055111,0,2667279,-1,213524,0,0,0,0,0,0,0,0,0,0,0,0,0,0,0,0,0,0,0,0,0,0,0,0,0,0,0,0,0,0
16,-0,3514302,-0,5388873,0,05531877,-0,5383956,0,2695204,-0,5545808,-0,4122913,-0,5284128,0,03035348,-1,1833,0,3479423,0,4603648,-0,4222584,-0,576101,0,03254064,-1,246985,0,361252,0,6497822,-0,3576333,-0,5872291,0,05363852,-0,5054148,0,2671869,-0,6278296,-0,4822629,-0,5603943,0,06280087,-0,866403,0,445676,2,070495,-0,3415197,-0,5414143,0,1206995,-0,8487154,0,2231718,-0,494284,-0,3479257,-0,589717,0,1213982,-1,000789,0,2389253,-0,519847,-0,4714476,-0,5130877,0,0572659,-0,8720163,0,4379513,1,89146,-0,4249722,-0,5757038,0,02710505,-1,378632,0,3843786,0,3441121,-0,338498,-0,5400554,0,1862979,-0,4705043,0,1564354,-0,4893089,0,0,0,0,0,0,0,0,0,0,0,0,0,0,0,0,0,0,0,0,0,0,0,0,0,0,0,0,0,0
17,-0,3773741,-0,5302013,0,04597184,-1,297194,0,4343035,-0,4673462,-0,4418314,-0,5166838,0,03590615,-1,477004,0,5864474,0,2776335,-0,4530648,-0,5640476,0,03949535,-1,540319,0,6026717,0,3477357,-0,3857193,-0,5781703,0,04325153,-1,404301,0,4529418,-0,5193498,-0,5110005,-0,5459893,0,07248381,-1,436878,0,7202479,0,4841471,-0,362523,-0,5353817,0,1102759,-1,050164,0,3016264,-0,5211813,-0,3691058,-0,583678,0,1094516,-1,059008,0,3019513,-0,5973338,-0,4993654,-0,499233,0,06495052,-1,395892,0,6927344,0,3842311,-0,4500881,-0,5638911,0,04536951,-1,255796,0,5906376,0,9132233,-0,3409094,-0,5385879,0,1722148,-0,1205713,0,07337633,-0,7041539,0,0,0,0,0,0,0,0,0,0,0,0,0,0,0,0,0,0,0,0,0,0,0,0,0,0,0,0,0,0
18,-0,4150656,-0,5226551,0,05285239,-1,884577,0,3773065,0,3440275,-0,4704475,-0,506829,0,01952357,-1,430803,0,4927399,-0,8191293,-0,4849605,-0,5535054,0,01994046,-1,594787,0,5271079,-0,9777448,-0,4253549,-0,5702413,0,05009658,-1,981778,0,3964515,0,3422526,-0,541914,-0,5333877,0,05360702,-1,545677,0,6300839,-0,9438396,-0,3733689,-0,5335516,0,1031047,-0,5422952,0,09150509,-0,3585623,-0,3838231,-0,5811973,0,1034194,-0,7358658,0,1240373,-0,3016089,-0,5292927,-0,4870877,0,0443901,-1,496365,0,6072643,-1,028021,-0,4773045,-0,5525996,0,03853174,-1,360819,0,5645725,-0,3418885,-0,3456903,-0,5385122,0,1624803,-0,239046,0,003781916,-0,4867243,0,0,0,0,0,0,0,0,0,0,0,0,0,0,0,0,0,0,0,0,0,0,0,0,0,0,0,0,0,0
19,-0,4452327,-0,5182136,0,07283945,-1,508357,0,2220751,0,9993535,-0,4819857,-0,5053635,0,01883233,-0,5769151,0,073275,-0,03456214,-0,496386,-0,5518562,0,01645734,-0,5712735,0,08246008,-0,1741561,-0,4595707,-0,5648249,0,07317971,-1,710791,0,2708168,1,154157,-0,559942,-0,5308989,0,03332578,-0,9014014,0,1244367,-1,014063,-0,3993026,-0,5309743,0,1187519,-1,296685,0,1288653,0,7823612,-0,4117538,-0,5780566,0,1204082,-1,396536,0,1570345,0,8494391,-0,5449615,-0,4847066,0,02803669,-0,7834378,0,1190559,-0,8176705,-0,4967813,-0,5513702,0,01375965,-0,9738404,0,0614703,-1,238605,-0,3595115,-0,5387915,0,1704052,-0,691061,-0,01396537,0,3962421,0,0,0,0,0,0,0,0,0,0,0,0,0,0,0,0,0,0,0,0,0,0,0,0,0,0,0,0,0,0
20,-0,4550462,-0,5108709,0,08940084,-0,4906746,0,3671379,0,8280697,-0,49426,-0,4983225,0,03708383,-0,613712,0,3520535,0,9125754,-0,5102702,-0,5443815,0,03692471,-0,6942126,0,3737362,1,023369,-0,4679716,-0,5578903,0,08955755,-0,4200445,0,3467323,0,8188921,-0,5648067,-0,5234554,0,000140489,-0,2432347,0,3721775,-1,659265,-0,4144807,-0,5208436,0,1407576,-0,7589075,0,5065354,1,100286,-0,4289659,-0,5672041,0,1451151,-0,860602,0,542626,1,235346,-0,5463445,-0,4782964,0,000488759,-0,06915036,0,3205107,-1,377397,-0,5120463,-0,5429932,-0,03998721,-0,7632497,0,418851,-2,687344,-0,3609911,-0,5334163,0,1767707,-0,07397982,0,2687604,0,3182763,0,0,0,0,0,0,0,0,0,0,0,0,0,0,0,0,0,0,0,0,0,0,0,0,0,0,0,0,0,0
21,-0,4543371,-0,5076019,0,09863107,0,03545584,0,1634509,0,4615115,-0,4923482,-0,4958665,0,04522528,0,09559099,0,1227975,0,4070725,-0,5108712,-0,5409082,0,04739062,-0,03004671,0,1736642,0,5232958,-0,4711971,-0,5532366,0,1022702,-0,1612753,0,2326847,0,6356316,-0,5099944,-0,5426913,-0,02163742,2,740614,-0,9617988,-1,088896,-0,4008508,-0,5236464,0,1343154,0,6814989,-0,1401365,-0,3221096,-0,413543,-0,570705,0,1349167,0,7711458,-0,175047,-0,5099187,-0,4941631,-0,4965737,-0,02151299,2,609071,-0,9138647,-1,100088,-0,5254339,-0,5355781,-0,08856788,-0,6693813,0,3707559,-2,429034,-0,3401381,-0,5389341,0,1541627,1,042651,-0,2758862,-1,130402,0,0,0,0,0,0,0,0,0,0,0,0,0,0,0,0,0,0,0,0,0,0,0,0,0,0,0,0,0,0
22,-0,4293015,-0,5202722,0,09389783,1,25178,-0,6335171,-0,2366622,-0,4487808,-0,5166132,0,0303699,2,178369,-1,037337,-0,742769,-0,4630909,-0,5632386,0,03116205,2,389016,-1,116518,-0,8114291,-0,4444956,-0,5665032,0,0973548,1,335072,-0,6633284,-0,2457691,-0,4627798,-0,5626874,-0,03788519,2,360735,-0,9998028,-0,8123887,-0,3709459,-0,5366893,0,120712,1,495243,-0,6521466,-0,6801705,-0,3816311,-0,5842215,0,1181821,1,595592,-0,6758245,-0,8367311,-0,450343,-0,5155767,-0,03635252,2,191002,-0,950152,-0,7419771,-0,500817,-0,5492451,-0,09392688,1,230845,-0,6833497,-0,2679502,-0,3081343,-0,5507122,0,1338223,1,60019,-0,588909,-1,017019,0,0,0,0,0,0,0,0,0,0,0,0,0,0,0,0,0,0,0,0,0,0,0,0,0,0,0,0,0,0
23,-0,3584509,-0,5484323,0,07422128,3,542532,-1,408005,-0,9838276,-0,3683359,-0,5474755,0,008419124,4,022245,-1,543111,-1,097539,-0,3789743,-0,5950484,0,00839593,4,205832,-1,590494,-1,138306,-0,3700628,-0,5957524,0,07667106,3,721644,-1,462463,-1,034188,-0,4105727,-0,5861577,-0,0523479,2,610355,-1,173518,-0,7231358,-0,3036574,-0,559211,0,1099393,3,364429,-1,126084,-0,5386325,-0,3099913,-0,6075371,0,1074725,3,581992,-1,165781,-0,535482,-0,3997794,-0,5386151,-0,04975725,2,528184,-1,15192,-0,6702368,-0,4075552,-0,5815286,-0,121205,4,663094,-1,614178,-1,363906,-0,2390387,-0,5672516,0,1180712,3,454781,-0,8269671,-0,7875531,0,0,0,0,0,0,0,0,0,0,0,0,0,0,0,0,0,0,0,0,0,0,0,0,0,0,0,0,0,0
24,-0,2813565,-0,5615839,0,05811727,3,854722,-0,6575825,-0,8052008,-0,3196852,-0,5564059,0,003940741,2,432537,-0,4465224,-0,2239193,-0,3317644,-0,6035657,0,006832187,2,360495,-0,4258634,-0,07818717,-0,2881314,-0,609937,0,05975394,4,096574,-0,709227,-0,8458564,-0,3621895,-0,5973657,-0,05494354,2,41916,-0,5604001,-0,1297819,-0,255203,-0,5623975,0,1189468,2,422721,-0,1593292,0,4503755,-0,2608908,-0,6106177,0,1225412,2,45503,-0,1540304,0,7534354,-0,3550577,-0,5491146,-0,05215649,2,236084,-0,524974,-0,1199617,-0,3533682,-0,5930445,-0,1232831,2,709348,-0,575793,-0,1039055,-0,1898871,-0,569092,0,1205946,2,457582,-0,09202365,0,1261689,0,0,0,0,0,0,0,0,0,0,0,0,0,0,0,0,0,0,0,0,0,0,0,0,0,0,0,0,0,0
25,-0,269901,-0,5544318,0,05345214,0,5727741,0,3576072,-0,2332569,-0,296344,-0,5518956,-0,007708257,1,167061,0,2255143,-0,5824501,-0,2982217,-0,6005946,-0,00969368,1,677132,0,1485557,-0,8262938,-0,2736322,-0,6029674,0,05459183,0,7249567,0,3484787,-0,2581052,-0,354438,-0,5950981,-0,04935662,0,3875749,0,113383,0,2793457,-0,2505844,-0,5533811,0,1167935,0,2309279,0,4508199,-0,1076658,-0,2570913,-0,6014851,0,121099,0,189975,0,4566314,-0,07210824,-0,3506294,-0,5466039,-0,04630724,0,2214179,0,1255364,0,2924622,-0,3271274,-0,5916559,-0,1126388,1,31204,0,0694305,0,5322164,-0,1863586,-0,5601812,0,1289476,0,1764254,0,4455419,0,4176495,0,0,0,0,0,0,0,0,0,0,0,0,0,0,0,0,0,0,0,0,0,0,0,0,0,0,0,0,0,0
26,-0,2942315,-0,545683,0,02125479,-1,216525,0,4374416,-1,609868,-0,3257555,-0,5382205,-0,03686221,-1,470574,0,683755,-1,457698,-0,3283087,-0,5865759,-0,04268089,-1,50435,0,700933,-1,649361,-0,2961628,-0,5942516,0,01775731,-1,126527,0,4357876,-1,841727,-0,3800718,-0,5767025,-0,08729089,-1,281688,0,9197805,-1,896714,-0,2558094,-0,5500824,0,07500676,-0,2612487,0,1649351,-2,089339,-0,2604822,-0,5986516,0,07612158,-0,1695485,0,1416714,-2,248872,-0,3752259,-0,5286333,-0,08063698,-1,229828,0,8985285,-1,716487,-0,313085,-0,5839332,-0,07205194,0,7021192,0,3861339,2,029343,-0,1904915,-0,5556299,0,07931904,-0,2066464,0,2275647,-2,481429,0,0,0,0,0,0,0,0,0,0,0,0,0,0,0,0,0,0,0,0,0,0,0,0,0,0,0,0,0,0
27,-0,3278793,-0,5441431,0,008388653,-1,682388,0,07699433,-0,6433073,-0,3591342,-0,5352952,-0,04967288,-1,668938,0,1462669,-0,6405341,-0,3661158,-0,583291,-0,05435346,-1,890353,0,1642466,-0,5836286,-0,3358659,-0,5922282,0,006912747,-1,985156,0,101173,-0,5422285,-0,3646328,-0,5746326,-0,1229347,0,7719475,0,1034946,-1,78219,-0,265961,-0,5540476,0,02961746,-0,5075814,-0,198257,-2,269466,-0,2716142,-0,6024355,0,02826311,-0,5565988,-0,1891942,-2,392924,-0,3660613,-0,5261877,-0,1154861,0,4582303,0,122279,-1,742455,-0,3499363,-0,5819229,-0,05556501,-1,842564,0,1005143,0,8243467,-0,20063,-0,5608249,0,02903849,-0,506925,-0,2597482,-2,514028,0,0,0,0,0,0,0,0,0,0,0,0,0,0,0,0,0,0,0,0,0,0,0,0,0,0,0,0,0,0
28,-0,3372671,-0,5411074,-0,007951358,-0,4693912,0,1517863,-0,8170009,-0,3793469,-0,5303398,-0,05839724,-1,010636,0,2477707,-0,4362183,-0,38763,-0,5781429,-0,06290191,-1,075712,0,2574027,-0,427423,-0,3444186,-0,5892559,-0,01042571,-0,4276382,0,1486123,-0,8669231,-0,3740804,-0,5722319,-0,1303558,-0,4723789,0,1200319,-0,3710588,-0,2720261,-0,5493582,-0,01551369,-0,3032551,0,2344669,-2,256559,-0,2770448,-0,5976563,-0,01967039,-0,2715321,0,2389641,-2,396676,-0,3697614,-0,5240431,-0,1241979,-0,1850069,0,1072318,-0,4355917,-0,3386466,-0,5812504,-0,07181329,0,564486,0,033623,-0,8124139,-0,2071916,-0,5544612,-0,02456996,-0,3280797,0,3181846,-2,680423,0,0,0,0,0,0,0,0,0,0,0,0,0,0,0,0,0,0,0,0,0,0,0,0,0,0,0,0,0,0
29,-0,338409,-0,5381303,-0,03682363,-0,05709382,0,1488537,-1,443614,-0,3973795,-0,5267116,-0,0654729,-0,9016264,0,1814098,-0,353783,-0,4047716,-0,574563,-0,07139942,-0,8570794,0,1789988,-0,4248755,-0,3435313,-0,5863093,-0,04218998,0,04436823,0,1473338,-1,588214,-0,3874313,-0,5672094,-0,1378369,-0,6675454,0,2511294,-0,3740551,-0,2781499,-0,5404506,-0,06411622,-0,3061877,0,445384,-2,430127,-0,2820941,-0,5883313,-0,07241158,-0,252463,0,4662486,-2,637061,-0,3845332,-0,5189883,-0,1305145,-0,7385868,0,2527387,-0,3158332,-0,3550087,-0,5764953,-0,07747497,-0,8181038,0,2377541,-0,2830842,-0,2133819,-0,5465234,-0,05504852,-0,3095151,0,3968896,-1,523929,0,0,0,0,0,0,0,0,0,0,0,0,0,0,0,0,0,0,0,0,0,0,0,0,0,0,0,0,0,0
30,-0,3413006,-0,5280233,-0,06515115,-0,144583,0,5053492,-1,416377,-0,4025953,-0,526962,-0,03903854,-0,2607898,-0,01251996,1,321718,-0,4074618,-0,5749444,-0,04668033,-0,1345084,-0,01907051,1,235955,-0,3464851,-0,5745723,-0,07872146,-0,1476929,0,5868467,-1,826575,-0,4520424,-0,5602643,-0,09740599,-3,230558,0,3472538,2,021549,-0,2902356,-0,52063,-0,1067162,-0,6042885,0,991029,-2,130001,-0,2946647,-0,566403,-0,1227616,-0,6285312,1,096413,-2,517501,-0,439588,-0,5132893,-0,0930303,-2,752742,0,2849491,1,874213,-0,3854099,-0,576958,-0,09045704,-1,520064,-0,02313257,-0,6491042,-0,2319753,-0,5346579,-0,07990045,-0,9296682,0,5932751,-1,242597,0,0,0,0,0,0,0,0,0,0,0,0,0,0,0,0,0,0,0,0,0,0,0,0,0,0,0,0,0,0
31,-0,3492352,-0,5264244,-0,05850968,-0,3967287,0,07994476,0,3320738,-0,4061426,-0,5274,-0,02391492,-0,1773686,-0,02189876,0,7561814,-0,4121792,-0,5748889,-0,03397863,-0,2358736,0,002771617,0,6350857,-0,3573852,-0,571319,-0,07570939,-0,5450072,0,1626671,0,1506039,-0,4753259,-0,5593305,-0,0576616,-1,164173,0,04669132,1,987221,-0,2965216,-0,5197055,-0,09792523,-0,3142969,0,04622342,0,4395498,-0,300955,-0,5654476,-0,1141822,-0,3145145,0,04777016,0,4289714,-0,4620809,-0,5123003,-0,05756846,-1,124648,0,04945101,1,773093,-0,4312026,-0,570012,-0,1096477,-2,289634,0,3473015,-0,9595331,-0,2375056,-0,5334268,-0,0726272,-0,2765158,0,06155672,0,3636626,0,0,0,0,0,0,0,0,0,0,0,0,0,0,0,0,0,0,0,0,0,0,0,0,0,0,0,0,0,0
32,-0,3597799,-0,527849,-0,03082504,-0,5272346,-0,07122758,1,384233,-0,4255934,-0,5195186,-0,02505854,-0,972541,0,3940703,-0,05718109,-0,4331816,-0,566828,-0,03464027,-1,050118,0,4030468,-0,03308227,-0,3655365,-0,5739632,-0,04553115,-0,4075618,-0,1322121,1,508912,-0,4897112,-0,5483366,-0,06993856,-0,7192674,0,5496922,-0,6138481,-0,2987549,-0,5262052,-0,05640506,-0,1116649,-0,3249825,2,07601,-0,3017611,-0,5727955,-0,07050492,-0,04030617,-0,3673913,2,183863,-0,4744628,-0,5020325,-0,06734343,-0,6190943,0,5133899,-0,4887486,-0,4738914,-0,5481889,-0,1371229,-2,13444,1,091156,-1,373761,-0,2338315,-0,5321602,-0,04831924,0,1837031,0,06332698,1,215399,0,0,0,0,0,0,0,0,0,0,0,0,0,0,0,0,0,0,0,0,0,0,0,0,0,0,0,0,0,0
33,-0,3891755,-0,5283344,0,01081414,-1,46978,-0,024274,2,08196,-0,4383655,-0,5135185,-0,03148015,-0,6386059,0,3000052,-0,3210805,-0,446892,-0,5608685,-0,03952814,-0,6855193,0,2979757,-0,2443935,-0,3968188,-0,576137,0,00524113,-1,564114,-0,1086891,2,538615,-0,4889899,-0,5424965,-0,09114271,0,03606679,0,2920063,-1,060208,-0,3239521,-0,5383132,0,01600464,-1,259864,-0,6053987,3,620486,-0,3291318,-0,5862218,0,008728769,-1,368532,-0,6713184,3,961686,-0,4742558,-0,4963286,-0,08513129,0,01034886,0,2851979,-0,8893933,-0,488564,-0,5319751,-0,1594099,-0,7336336,0,810689,-1,11435,-0,2591297,-0,5455673,0,02347917,-1,264912,-0,6703558,3,589922,0,0,0,0,0,0,0,0,0,0,0,0,0,0,0,0,0,0,0,0,0,0,0,0,0,0,0,0,0,0
34,-0,4039504,-0,5292014,0,05834351,-0,7387477,-0,04335048,2,376469,-0,4206828,-0,523407,-0,005895187,0,8841369,-0,4944267,1,279249,-0,4284278,-0,5714865,-0,008920205,0,9232107,-0,5309018,1,530397,-0,4172812,-0,5760744,0,05897116,-1,023122,0,003132225,2,686502,-0,4359185,-0,5642174,-0,0771688,2,653569,-1,086048,0,698696,-0,3902411,-0,5309789,0,1229921,-3,314449,0,3667147,5,349374,-0,4047191,-0,5774238,0,1263696,-3,779371,0,4399003,5,882045,-0,4251376,-0,5168706,-0,07223292,2,455912,-1,0271,0,6449188,-0,4238259,-0,5583745,-0,1449575,3,236911,-1,319972,0,7226179,-0,3609211,-0,5349735,0,1815973,-5,089571,0,5296918,7,905908,0,0,0,0,0,0,0,0,0,0,0,0,0,0,0,0,0,0,0,0,0,0,0,0,0,0,0,0,0,0
35,-0,378297,-0,536994,0,09916885,1,282672,-0,3896268,2,041268,-0,369039,-0,5395144,0,03331859,2,582192,-0,8053723,1,96069,-0,376831,-0,5876453,0,03311049,2,579841,-0,8079383,2,101536,-0,3868689,-0,5849437,0,101209,1,520615,-0,4434647,2,111895,-0,3610353,-0,5881116,-0,03417413,3,744164,-1,194707,2,149734,-0,3832005,-0,5322644,0,1650247,0,3520311,-0,06427767,2,10163,-0,3936846,-0,579695,0,1691586,0,5517277,-0,1135588,2,139451,-0,3560887,-0,5396551,-0,03217493,3,452448,-1,139227,2,0029,-0,3613496,-0,5836126,-0,1031505,3,123816,-1,261902,2,090353,-0,3808924,-0,5262569,0,2303818,-0,998563,0,4358293,2,439226,0,0,0,0,0,0,0,0,0,0,0,0,0,0,0,0,0,0,0,0,0,0,0,0,0,0,0,0,0,0
36,-0,3432842,-0,5437856,0,1433643,1,75064,-0,3395827,2,209771,-0,3287797,-0,551186,0,07892665,2,012964,-0,5835774,2,280404,-0,3234802,-0,5993701,0,08482983,2,667538,-0,5862417,2,585968,-0,3424329,-0,5919872,0,1507039,2,221803,-0,3521772,2,474742,-0,3057727,-0,6037403,0,01827433,2,763131,-0,7814381,2,622424,-0,3671587,-0,534074,0,2043941,0,8020881,-0,09047989,1,968472,-0,3737777,-0,5819127,0,2109537,0,9953429,-0,1108855,2,089756,-0,3121583,-0,5554783,0,01449588,2,19652,-0,7911596,2,333542,-0,29302,-0,6057662,-0,04953348,3,416477,-1,107681,2,680851,-0,3994302,-0,5210336,0,2601462,-0,9268928,0,2611668,1,488221,0,0,0,0,0,0,0,0,0,0,0,0,0,0,0,0,0,0,0,0,0,0,0,0,0,0,0,0,0,0
37,-0,3479801,-0,5381911,0,1660561,-0,2347947,0,2797277,1,134594,-0,315783,-0,5462178,0,1084141,0,6498369,0,2484084,1,474372,-0,3088721,-0,5935025,0,1178819,0,7304046,0,2933831,1,652604,-0,3489556,-0,5864036,0,1737483,-0,3261374,0,2791793,1,152223,-0,2744304,-0,5985374,0,05826526,1,567117,0,2601475,1,999547,-0,3798639,-0,5273547,0,222711,-0,6352591,0,3359677,0,9158466,-0,3851895,-0,5749593,0,2311086,-0,5705866,0,3476711,1,007742,-0,2835919,-0,5512025,0,05005729,1,428322,0,213787,1,778071,-0,273726,-0,6084499,-0,01018293,0,9647045,-0,134185,1,967528,-0,4082987,-0,5128928,0,2802055,-0,443423,0,4070403,1,002966,0,0,0,0,0,0,0,0,0,0,0,0,0,0,0,0,0,0,0,0,0,0,0,0,0,0,0,0,0,0
38,-0,388061,-0,5284187,0,1717556,-2,004045,0,4886212,0,2849737,-0,3683533,-0,5388328,0,1091007,-2,628517,0,3692479,0,03433229,-0,3859369,-0,5842684,0,1100482,-3,853241,0,4617037,-0,3916854,-0,4032635,-0,5745469,0,1760923,-2,715398,0,592837,0,1171984,-0,3545462,-0,5956561,0,04949174,-4,005795,0,1440645,-0,4386764,-0,4022111,-0,5166515,0,235353,-1,117361,0,5351576,0,6320986,-0,4165514,-0,5627523,0,2422373,-1,568099,0,6103488,0,5564379,-0,3396102,-0,5492017,0,04985315,-2,800916,0,1000405,-0,01020693,-0,3195455,-0,6044996,-0,009594003,-2,290977,0,197515,0,02944657,-0,4302174,-0,498672,0,2919824,-1,095936,0,7110405,0,5888435,0,0,0,0,0,0,0,0,0,0,0,0,0,0,0,0,0,0,0,0,0,0,0,0,0,0,0,0,0,0
39,-0,4005092,-0,5228823,0,1780433,-0,6224098,0,276816,0,3143856,-0,3840511,-0,5333506,0,1144101,-0,7848921,0,27411,0,2654676,-0,3973526,-0,5801417,0,1176629,-0,5707833,0,2063335,0,3807371,-0,4153234,-0,5690746,0,1832059,-0,6029921,0,2736152,0,3556804,-0,379216,-0,5880728,0,05145383,-1,233489,0,3791632,0,09810481,-0,4198243,-0,5088395,0,239806,-0,880662,0,3906013,0,2226517,-0,4325511,-0,5551762,0,2480002,-0,7999811,0,3788055,0,2881469,-0,3665283,-0,5410527,0,05050458,-1,345908,0,4074515,0,03257134,-0,3495643,-0,5955741,-0,010534,-1,500941,0,4462721,-0,04700005,-0,4455795,-0,490734,0,2974468,-0,768106,0,3969015,0,2732233,0,0,0,0,0,0,0,0,0,0,0,0,0,0,0,0,0,0,0,0,0,0,0,0,0,0,0,0,0,0
40,-0,4161116,-0,5186759,0,1761345,-0,7801193,0,210321,-0,09544272,-0,3894318,-0,5301747,0,1162948,-0,2690316,0,1587988,0,09423535,-0,3944089,-0,5782966,0,1223,0,1471818,0,09225611,0,2318547,-0,4272767,-0,5659216,0,1816201,-0,5976664,0,1576484,-0,07928762,-0,3914845,-0,5852695,0,05361358,-0,6134244,0,1401693,0,1079876,-0,4460987,-0,5040897,0,2332588,-1,313721,0,2374918,-0,3273593,-0,4553345,-0,5510178,0,2423807,-1,139175,0,207919,-0,2809757,-0,384382,-0,5371453,0,05015519,-0,8926857,0,1953722,-0,01746976,-0,368829,-0,5917636,-0,01127931,-0,9632353,0,1905263,-0,03726558,-0,456881,-0,4889088,0,2963062,-0,5650731,0,09125624,-0,05703124,0,0,0,0,0,0,0,0,0,0,0,0,0,0,0,0,0,0,0,0,0,0,0,0,0,0,0,0,0,0
41,-0,4429248,-0,5157944,0,1646451,-1,340661,0,1440764,-0,5744698,-0,4053627,-0,5278739,0,1110607,-0,7965448,0,11504,-0,2617029,-0,4097218,-0,5759769,0,1177494,-0,7656443,0,1159847,-0,2275311,-0,4474919,-0,5634142,0,1740007,-1,010761,0,1253695,-0,3809729,-0,3971386,-0,5846859,0,05038184,-0,2827064,0,02917947,-0,1615871,-0,4754865,-0,500877,0,220436,-1,469389,0,1606346,-0,6411428,-0,4883296,-0,5475777,0,2268111,-1,649754,0,1720072,-0,7784824,-0,3953252,-0,5361657,0,04562366,-0,547159,0,04897716,-0,2265765,-0,3826885,-0,5901147,-0,01700771,-0,6929758,0,08244517,-0,28642,-0,4577504,-0,4965043,0,2835537,-0,04347118,-0,3797726,-0,6376239,0,0,0,0,0,0,0,0,0,0,0,0,0,0,0,0,0,0,0,0,0,0,0,0,0,0,0,0,0,0
42,-0,4785383,-0,5078381,0,1535598,-1,780676,0,3978135,-0,5542616,-0,4380322,-0,5229741,0,1029465,-1,633478,0,2449871,-0,4057133,-0,447294,-0,570515,0,1086009,-1,87861,0,2730967,-0,4574237,-0,4913069,-0,5545923,0,1591084,-2,190749,0,4410954,-0,7446143,-0,4203339,-0,5813875,0,04598816,-1,159765,0,1649202,-0,2196842,-0,4877984,-0,4967176,0,2181813,-0,6155925,0,2079667,-0,1127363,-0,505476,-0,5416831,0,2248814,-0,8573193,0,2947272,-0,0964858,-0,4141984,-0,5331919,0,04145727,-0,9436596,0,1486928,-0,2083192,-0,3972593,-0,588883,-0,01863107,-0,7285419,0,06158355,-0,08116796,-0,4429496,-0,5064992,0,265088,0,7400411,-0,4997479,-0,9232882,0,0,0,0,0,0,0,0,0,0,0,0,0,0,0,0,0,0,0,0,0,0,0,0,0,0,0,0,0,0
43,-0,4956219,-0,5002455,0,1431965,-0,8541811,0,3796311,-0,5181665,-0,4641544,-0,5145808,0,08629472,-1,306111,0,4196646,-0,8325878,-0,4761024,-0,5616348,0,0903523,-1,440423,0,4440101,-0,9124324,-0,5114249,-0,5462316,0,1474903,-1,005902,0,4180374,-0,5809034,-0,4354131,-0,5747952,0,03597148,-0,7539603,0,3296138,-0,5008343,-0,4843551,-0,4969583,0,2082928,0,1721621,-0,01203418,-0,494426,-0,500309,-0,5425564,0,2149561,0,2583505,-0,0436634,-0,4962625,-0,4271268,-0,5269589,0,03211652,-0,6464216,0,311646,-0,4670376,-0,3990838,-0,5840129,-0,02215863,-0,09122495,0,2435059,-0,176378,-0,4300344,-0,510244,0,2428429,0,6457585,-0,1872361,-1,112251,0,0,0,0,0,0,0,0,0,0,0,0,0,0,0,0,0,0,0,0,0,0,0,0,0,0,0,0,0,0
44,-0,4882779,-0,5026327,0,1349972,0,3671975,-0,1193583,-0,4099676,-0,4605883,-0,5152356,0,07574127,0,1783044,-0,03273786,-0,5276726,-0,4715675,-0,5625899,0,079804,0,2267451,-0,04775824,-0,5274149,-0,503848,-0,5486362,0,1390276,0,3788473,-0,1202316,-0,423138,-0,4733375,-0,5662826,0,01087811,-1,89622,0,425631,-1,254669,-0,4756977,-0,5000402,0,1999087,0,432873,-0,1540959,-0,4192019,-0,4914352,-0,54576,0,2063255,0,4436882,-0,1601816,-0,4315341,-0,4610176,-0,5191321,0,009133009,-1,69454,0,3913434,-1,149176,-0,4588695,-0,5709379,-0,05650241,-2,989286,0,6537529,-1,71719,-0,4237232,-0,5117355,0,2383264,0,315562,-0,07457736,-0,2258287,0,0,0,0,0,0,0,0,0,0,0,0,0,0,0,0,0,0,0,0,0,0,0,0,0,0,0,0,0,0
45,-0,4787702,-0,5075462,0,1184748,0,4753875,-0,2456755,-0,8261207,-0,4710428,-0,5143969,0,05273012,-0,5227255,0,04193486,-1,150558,-0,4871324,-0,5604094,0,05478354,-0,7782432,0,1090289,-1,251024,-0,4969423,-0,5525821,0,1224938,0,3452854,-0,1972974,-0,826691,-0,5179619,-0,5504807,-0,00618339,-2,231223,0,7900926,-0,8530755,-0,4550011,-0,5105471,0,1801925,1,034831,-0,5253436,-0,9858121,-0,4699166,-0,5566449,0,1853546,1,075931,-0,5442443,-1,048542,-0,4993876,-0,5053689,-0,006991054,-1,9185,0,6881598,-0,8062035,-0,5074785,-0,5542896,-0,07435525,-2,430449,0,832415,-0,8926423,-0,4131116,-0,5176072,0,2302639,0,5305784,-0,2935828,-0,4031235,0,0,0,0,0,0,0,0,0,0,0,0,0,0,0,0,0,0,0,0,0,0,0,0,0,0,0,0,0,0
46,-0,444829,-0,5173565,0,09060048,1,697058,-0,4905136,-1,393714,-0,482874,-0,5041443,0,03764633,-0,591557,0,5126299,-0,7541898,-0,5039536,-0,5480002,0,04060639,-0,8410591,0,6204578,-0,7088578,-0,4652665,-0,5613427,0,09598398,1,58379,-0,4380288,-1,32549,-0,5336491,-0,5358791,-0,02057599,-0,7843587,0,7300827,-0,7196301,-0,4110034,-0,5251178,0,1469545,2,199882,-0,728533,-1,6619,-0,4281009,-0,5704302,0,1527664,2,090784,-0,6892654,-1,629411,-0,5113319,-0,4925501,-0,02157432,-0,5972179,0,6409379,-0,7291638,-0,5536034,-0,5252981,-0,08584792,-2,306245,1,449574,-0,5746337,-0,3793246,-0,5289032,0,2043409,1,689351,-0,5648019,-1,296151,0,0,0,0,0,0,0,0,0,0,0,0,0,0,0,0,0,0,0,0,0,0,0,0,0,0,0,0,0,0
47,-0,4246924,-0,5206631,0,08031164,1,006833,-0,1653344,-0,5144419,-0,4617264,-0,5086566,0,02636456,1,057378,-0,2256156,-0,5640886,-0,4821619,-0,5528281,0,0294889,1,089584,-0,2413929,-0,5558745,-0,4443754,-0,5649225,0,08577021,1,044554,-0,1789898,-0,5106887,-0,5192382,-0,5377461,-0,02673039,0,720543,-0,09335283,-0,3077202,-0,3862972,-0,530084,0,1334147,1,235313,-0,2483131,-0,6769906,-0,4019663,-0,5760202,0,1384217,1,306733,-0,2794982,-0,7172356,-0,4976833,-0,493986,-0,02789479,0,6824303,-0,07179233,-0,3160235,-0,5316583,-0,5317125,-0,09438907,1,097253,-0,3207208,-0,4270574,-0,3559153,-0,5332928,0,1914774,1,170466,-0,2194793,-0,6431724,0,0,0,0,0,0,0,0,0,0,0,0,0,0,0,0,0,0,0,0,0,0,0,0,0,0,0,0,0,0
48,-0,3978024,-0,5322726,0,06808964,1,344498,-0,580472,-0,6111002,-0,4392219,-0,5199478,0,01741046,1,125227,-0,5645576,-0,4477055,-0,4560618,-0,5657086,0,01904914,1,305008,-0,6440284,-0,5219883,-0,4096186,-0,579567,0,06802095,1,737838,-0,7322255,-0,8874632,-0,4807597,-0,5570106,-0,04481669,1,923927,-0,9632233,-0,9043154,-0,3541438,-0,5422253,0,1168505,1,607671,-0,6070646,-0,8282087,-0,365506,-0,5895218,0,1195043,1,823015,-0,6750795,-0,9458684,-0,4646745,-0,5109742,-0,04364009,1,650441,-0,8494127,-0,7872654,-0,4909091,-0,5501312,-0,1127389,2,037459,-0,9209338,-0,9174905,-0,3258731,-0,5448012,0,1760805,1,502111,-0,5754205,-0,7698502,0,0,0,0,0,0,0,0,0,0,0,0,0,0,0,0,0,0,0,0,0,0,0,0,0,0,0,0,0,0
49,-0,3680454,-0,5442096,0,04895876,1,487853,-0,5968513,-0,9565443,-0,4072975,-0,5331006,-0,003609191,1,596222,-0,6576421,-1,050983,-0,4199618,-0,580241,-0,005201683,1,804999,-0,7266167,-1,212541,-0,3765858,-0,5922014,0,04687867,1,651642,-0,6317201,-1,057115,-0,420213,-0,5758591,-0,07416862,3,027339,-0,9424243,-1,467597,-0,3267155,-0,5528444,0,09997087,1,371417,-0,5309554,-0,8439828,-0,3357483,-0,6007394,0,1011389,1,487889,-0,5608829,-0,918274,-0,4137759,-0,5277319,-0,06985404,2,54493,-0,8378837,-1,310698,-0,4300319,-0,5668453,-0,1419533,3,043861,-0,8357052,-1,460722,-0,2897822,-0,5576951,0,1540667,1,804545,-0,644696,-1,100688,0,0,0,0,0,0,0,0,0,0,0,0,0,0,0,0,0,0,0,0,0,0,0,0,0,0,0,0,0,0
50,-0,3335429,-0,5527978,0,03060876,1,725127,-0,4294099,-0,9175007,-0,3728967,-0,5420496,-0,02202415,1,720039,-0,4474493,-0,9207484,-0,3841126,-0,5894693,-0,02440172,1,79246,-0,4614146,-0,9600023,-0,3403222,-0,6010225,0,02743377,1,813183,-0,4410567,-0,972245,-0,3796186,-0,5852049,-0,09318373,2,029718,-0,4672917,-0,950756,-0,2897392,-0,5612677,0,07955654,1,848815,-0,4211666,-1,020717,-0,2950439,-0,6096786,0,07805781,2,035219,-0,4469575,-1,154053,-0,3727367,-0,5371426,-0,08862735,2,051962,-0,4705371,-0,9386655,-0,411916,-0,5732954,-0,1530458,0,9057972,-0,322503,-0,5546237,-0,2434107,-0,5669101,0,1257628,2,318575,-0,460753,-1,415197,0,0,0,0,0,0,0,0,0,0,0,0,0,0,0,0,0,0,0,0,0,0,0,0,0,0,0,0,0,0
51,-0,2822551,-0,560366,0,01238139,2,564387,-0,3784092,-0,9113688,-0,3412154,-0,5513439,-0,01703083,1,584064,-0,4647167,0,2496663,-0,3478612,-0,5996179,-0,02038962,1,812571,-0,5074324,0,2006049,-0,2854286,-0,6087493,0,007240397,2,744682,-0,3863366,-1,009669,-0,378038,-0,5893434,-0,08163685,0,07903132,-0,2069236,0,5773446,-0,2241754,-0,566438,0,04342819,3,278191,-0,2585114,-1,806418,-0,2240349,-0,6147672,0,03713686,3,55045,-0,2544315,-2,046048,-0,3664289,-0,542093,-0,07816689,0,3153921,-0,2475203,0,5230231,-0,3930534,-0,579136,-0,1482608,0,9431321,-0,2920331,0,2392494,-0,1688195,-0,5699358,0,07851561,3,729564,-0,1512826,-2,362358,0,0,0,0,0,0,0,0,0,0,0,0,0,0,0,0,0,0,0,0,0,0,0,0,0,0,0,0,0,0
52,-0,2563089,-0,5581731,0,002490066,1,29731,0,1096428,-0,4945662,-0,3220807,-0,5527583,-0,006470778,0,9567369,-0,07071796,0,5280028,-0,3263944,-0,6011948,-0,01021096,1,073341,-0,07884505,0,5089334,-0,2590216,-0,6069077,0,002797987,1,320351,0,09207729,-0,2221206,-0,3622775,-0,591747,-0,06841446,0,7880244,-0,1201809,0,6611193,-0,1916033,-0,5610958,0,01685854,1,628607,0,2671094,-1,328483,-0,19083,-0,6092918,0,009341907,1,660246,0,2737702,-1,389748,-0,3569359,-0,543614,-0,0626275,0,4746454,-0,0760496,0,7769696,-0,3970904,-0,579312,-0,1267347,-0,2018527,-0,00880063,1,076302,-0,1331584,-0,5641294,0,04681844,1,783054,0,2903194,-1,584859,0,0,0,0,0,0,0,0,0,0,0,0,0,0,0,0,0,0,0,0,0,0,0,0,0,0,0,0,0,0
53,-0,245479,-0,5522605,0,004399435,0,5414957,0,2956332,0,09546851,-0,3102759,-0,546105,-0,009456012,0,5902397,0,3326656,-0,1492618,-0,3151439,-0,5945632,-0,01236575,0,5625235,0,3315808,-0,1077398,-0,2483596,-0,6008915,0,003235784,0,5330997,0,3008128,0,02188988,-0,3614322,-0,5850844,-0,06272087,0,04226567,0,3331275,0,2846797,-0,1793634,-0,5551564,0,005521391,0,6119954,0,2969713,-0,5668579,-0,1799091,-0,6037534,0,001709238,0,5460473,0,2769203,-0,3816336,-0,3529924,-0,5371389,-0,05992797,0,1971782,0,3237576,0,1349764,-0,4099748,-0,5721754,-0,1101085,-0,6442177,0,3568323,0,8313119,-0,1201471,-0,5572269,0,03381981,0,6505675,0,3451259,-0,6499317,0,0,0,0,0,0,0,0,0,0,0,0,0,0,0,0,0,0,0,0,0,0,0,0,0,0,0,0,0,0
54,-0,2349731,-0,5503144,-0,01096143,0,5252952,0,09730164,-0,7680433,-0,2970899,-0,5435661,-0,0339058,0,6592991,0,126943,-1,22249,-0,3015096,-0,5918958,-0,03873672,0,6817135,0,1333714,-1,318549,-0,2376424,-0,5989029,-0,01400102,0,5358579,0,09942655,-0,8618407,-0,3568142,-0,5810096,-0,07867349,0,2308995,0,2037407,-0,7976311,-0,1711385,-0,5538804,0,006124733,0,4112439,0,06379785,0,03016709,-0,1718352,-0,6025965,0,004566152,0,4036935,0,05784335,0,1428458,-0,348199,-0,5331282,-0,07559555,0,2396689,0,2005339,-0,7833791,-0,4111742,-0,567059,-0,1189043,-0,05997422,0,2558202,-0,4397871,-0,1086769,-0,5546644,0,02643411,0,573509,0,1281232,-0,3692853,0,0,0,0,0,0,0,0,0,0,0,0,0,0,0,0,0,0,0,0,0,0,0,0,0,0,0,0,0,0
55,-0,2276053,-0,5539318,-0,02958193,0,3683926,-0,1808704,-0,9310257,-0,278475,-0,5461692,-0,07191264,0,9307477,-0,1301527,-1,900343,-0,2827767,-0,5944484,-0,0769777,0,9366501,-0,1276345,-1,91205,-0,2298264,-0,6024171,-0,0336552,0,3907995,-0,1757056,-0,9827094,-0,3444976,-0,5841575,-0,1062386,0,6158324,-0,1573921,-1,378258,-0,1699163,-0,5581846,0,00268524,0,0611067,-0,2152116,-0,1719747,-0,1692296,-0,6067264,-0,002029771,0,1302787,-0,2064944,-0,3297963,-0,3377003,-0,5361527,-0,1010936,0,5249368,-0,151223,-1,274905,-0,4056498,-0,5706056,-0,1354646,0,2762229,-0,1773328,-0,8280157,-0,1067096,-0,5581906,0,02046619,0,09836707,-0,1763076,-0,298396,0,0,0,0,0,0,0,0,0,0,0,0,0,0,0,0,0,0,0,0,0,0,0,0,0,0,0,0,0,0
56,-0,236739,-0,5582299,-0,04533934,-0,456688,-0,2149046,-0,7878706,-0,2689433,-0,5475229,-0,102599,0,4765825,-0,06768706,-1,534316,-0,2694215,-0,5953475,-0,1123126,0,667757,-0,04495086,-1,766748,-0,238,-0,6065332,-0,05208005,-0,4086779,-0,205806,-0,9212425,-0,329697,-0,5860138,-0,1448648,0,7400262,-0,09281639,-1,931311,-0,1752223,-0,5623388,-0,02114012,-0,2652996,-0,2077104,-1,191268,-0,1752813,-0,6109034,-0,02490587,-0,3025831,-0,2088518,-1,143806,-0,3228739,-0,5378498,-0,1409138,0,7413182,-0,08485618,-1,99101,-0,3876621,-0,5733068,-0,1801586,0,8993853,-0,1350582,-2,234703,-0,1106552,-0,5626088,-0,008779789,-0,1972821,-0,2209098,-1,4623,0,0,0,0,0,0,0,0,0,0,0,0,0,0,0,0,0,0,0,0,0,0,0,0,0,0,0,0,0,0
57,-0,2336463,-0,5575881,-0,05525573,0,1546376,0,03209115,-0,49582,-0,2630607,-0,5465794,-0,1139805,0,2941312,0,04717709,-0,5690801,-0,2666588,-0,5945843,-0,1219556,0,1381338,0,03815891,-0,4821489,-0,2324259,-0,6056321,-0,0632661,0,2787018,0,04505219,-0,5593028,-0,309685,-0,5810552,-0,1740324,1,000601,0,2479286,-1,458379,-0,1674163,-0,5549548,-0,05535967,0,390304,0,3692003,-1,710978,-0,1641511,-0,6019988,-0,06773693,0,5565116,0,445232,-2,141554,-0,3048197,-0,5334095,-0,1645062,0,9027127,0,2220125,-1,17962,-0,354528,-0,5651491,-0,223859,1,656706,0,4078867,-2,185021,-0,1084717,-0,5576386,-0,02650967,0,1091727,0,2485068,-0,8864943,0,0,0,0,0,0,0,0,0,0,0,0,0,0,0,0,0,0,0,0,0,0,0,0,0,0,0,0,0,0
58,-0,2414615,-0,5552263,-0,01917555,-0,3907615,0,1180917,1,80401,-0,2264912,-0,544147,-0,08312076,1,828478,0,1216203,1,54299,-0,2213998,-0,5919658,-0,09110859,2,262952,0,1309246,1,542352,-0,2382886,-0,6034282,-0,02534434,-0,2931335,0,1101941,1,896089,-0,2637019,-0,5855073,-0,1453021,2,299155,-0,2226026,1,436514,-0,1857613,-0,5459934,-0,05372825,-0,9172503,0,4480721,0,08157122,-0,1825981,-0,5936387,-0,06400296,-0,9223502,0,4180046,0,1866986,-0,2627739,-0,5370905,-0,1387923,2,102291,-0,1840503,1,285697,-0,3117271,-0,576431,-0,1940979,2,140043,-0,5640956,1,488056,-0,1223844,-0,5448391,-0,0365149,-0,6956331,0,6399783,-0,5002617,0,0,0,0,0,0,0,0,0,0,0,0,0,0,0,0,0,0,0,0,0,0,0,0,0,0,0,0,0,0
59,-0,2700802,-0,5556346,-0,00389939,-1,430934,-0,0204146,0,7638085,-0,22077,-0,5512279,-0,04839732,0,2860599,-0,3540488,1,736173,-0,2189983,-0,599806,-0,05242974,0,1200751,-0,392011,1,933943,-0,2712985,-0,6042112,-0,007849888,-1,650496,-0,03914835,0,8747231,-0,2538266,-0,5943511,-0,1117581,0,4937696,-0,4421892,1,677205,-0,2062806,-0,5549029,-0,02151128,-1,025966,-0,4454734,1,610849,-0,206266,-0,6029499,-0,02941034,-1,183396,-0,4655572,1,729632,-0,2545338,-0,5459083,-0,1056971,0,4120053,-0,4408898,1,654758,-0,2991634,-0,5871164,-0,163251,0,628187,-0,5342724,1,542344,-0,1419918,-0,555992,-0,00831272,-0,9803694,-0,5576464,1,410109,0,0,0,0,0,0,0,0,0,0,0,0,0,0,0,0,0,0,0,0,0,0,0,0,0,0,0,0,0,0
60,-0,2948022,-0,5509588,0,01048618,-1,236101,0,2337904,0,7192789,-0,2286854,-0,550442,0,001373371,-0,3957705,0,03929438,2,488535,-0,2274715,-0,5991167,0,0008856809,-0,4236596,0,0344664,2,665772,-0,2946897,-0,5996101,0,01533329,-1,169558,0,2300561,1,15916,-0,2597475,-0,5975785,-0,0601354,-0,296046,-0,1613737,2,581134,-0,2297878,-0,5514792,-0,002300099,-1,175361,0,1711846,0,9605596,-0,2311253,-0,5997095,-0,01101395,-1,242967,0,1620204,0,9198202,-0,2569854,-0,5488799,-0,05911026,-0,122583,-0,1485795,2,329345,-0,2971043,-0,5927606,-0,1179614,0,1029537,-0,2822102,2,264482,-0,1933613,-0,5615365,0,05121638,-2,568475,-0,2772243,2,976456,0,0,0,0,0,0,0,0,0,0,0,0,0,0,0,0,0,0,0,0,0,0,0,0,0,0,0,0,0,0
61,-0,3605193,-0,5413742,0,05916306,-3,285859,0,4792275,2,433845,-0,296548,-0,5497473,0,04262573,-3,393134,0,03473462,2,062619,-0,3014851,-0,59824,0,04491128,-3,70068,0,04383327,2,201281,-0,3689317,-0,5893568,0,0559899,-3,712104,0,5126657,2,032831,-0,2811072,-0,6016576,-0,02094823,-1,067988,-0,2039523,1,95936,-0,3059949,-0,5523794,0,09505536,-3,810357,-0,04501345,4,867775,-0,3143856,-0,6004077,0,09588625,-4,163017,-0,03491046,5,345012,-0,2772912,-0,5530153,-0,0212279,-1,015288,-0,2067686,1,894119,-0,3013691,-0,5988395,-0,08693977,-0,2132402,-0,3039421,1,551084,-0,2480398,-0,561031,0,1245091,-2,733926,0,02527536,3,664637,0,0,0,0,0,0,0,0,0,0,0,0,0,0,0,0,0,0,0,0,0,0,0,0,0,0,0,0,0,0
62,-0,372337,-0,5401587,0,1122841,-0,5908834,0,06077292,2,656055,-0,3826558,-0,5393481,0,04651472,-4,30539,0,5199613,0,1944494,-0,395616,-0,5861449,0,04677147,-4,706545,0,6047579,0,09300955,-0,3796556,-0,5885677,0,1138026,-0,5361932,0,03945531,2,890637,-0,3659519,-0,5926138,-0,01535774,-4,242237,0,4521878,0,2795246,-0,329383,-0,5445418,0,1624978,-1,169408,0,3918828,3,372121,-0,330581,-0,5931998,0,1614377,-0,8097711,0,3603937,3,277574,-0,3567459,-0,5447113,-0,01476625,-3,972739,0,4152002,0,3230828,-0,3025936,-0,6028072,-0,04039906,-0,06122293,-0,1983852,2,327036,-0,2891811,-0,545783,0,2144986,-2,057067,0,7623973,4,499476,0,0,0,0,0,0,0,0,0,0,0,0,0,0,0,0,0,0,0,0,0,0,0,0,0,0,0,0,0,0
63,-0,3526503,-0,5437136,0,1123813,0,9843339,-0,1777411,0,004860388,-0,3314689,-0,5462826,0,04938003,2,559348,-0,3467263,0,1432654,-0,3339303,-0,5951172,0,04975917,3,084284,-0,4486145,0,1493851,-0,3581432,-0,5920778,0,114146,1,07562,-0,175506,0,01716875,-0,3675732,-0,5920157,-0,01045934,-0,08106384,0,02990664,0,2449196,-0,3056697,-0,5463794,0,1590341,1,185668,-0,09188358,-0,1731821,-0,3104138,-0,5946785,0,1632311,1,008362,-0,07393363,0,08966926,-0,3590256,-0,5440163,-0,01140354,-0,113982,0,03474952,0,1681357,-0,3051435,-0,6020843,-0,03825492,-0,1274974,0,03614427,0,1072072,-0,2677851,-0,5446917,0,2127408,1,069801,0,05456509,-0,08789007,0,0,0,0,0,0,0,0,0,0,0,0,0,0,0,0,0,0,0,0,0,0,0,0,0,0,0,0,0,0
64,-0,3494244,-0,5501699,0,1132941,0,1612962,-0,3228159,0,04563855,-0,3654174,-0,5491571,0,04872479,-1,697428,-0,1437218,-0,03276208,-0,3722903,-0,5973724,0,04859263,-1,917998,-0,1127601,-0,05832671,-0,3524633,-0,5988986,0,114552,0,2839939,-0,341043,0,02030172,-0,3732277,-0,5951621,-0,02047208,-0,2827258,-0,1573206,-0,5006368,-0,3067106,-0,5506032,0,1637846,-0,05204382,-0,2111853,0,2375239,-0,3077269,-0,5992597,0,166383,0,134343,-0,2290607,0,1575977,-0,3642025,-0,5473005,-0,01797122,-0,2588482,-0,1642079,-0,3283844,-0,305986,-0,6057221,-0,03190543,-0,04212411,-0,1818926,0,3174746,-0,2838204,-0,5469894,0,2252101,-0,8017677,-0,114885,0,6234678,0,0,0,0,0,0,0,0,0,0,0,0,0,0,0,0,0,0,0,0,0,0,0,0,0,0,0,0,0,0
65,-0,3737174,-0,5450952,0,1034586,-1,214651,0,2537341,-0,4917769,-0,4150506,-0,5380414,0,05185078,-2,481661,0,5557867,0,1562998,-0,4257129,-0,5856547,0,05279388,-2,671131,0,5858841,0,2100623,-0,382107,-0,5930299,0,1056423,-1,482183,0,2934397,-0,4454853,-0,3754905,-0,5960053,0,006551294,-0,1131401,-0,04216136,1,351169,-0,3384829,-0,5474978,0,159367,-1,588619,0,1552672,-0,2208807,-0,3452094,-0,5956361,0,1633524,-1,874123,0,1811803,-0,1515344,-0,3656321,-0,5482919,0,008183837,-0,0714809,-0,04957022,1,307753,-0,3159782,-0,6055228,-0,02715159,-0,4996078,0,0099659,0,2376918,-0,330699,-0,542435,0,2244215,-2,34393,0,2277226,-0,03943221,0,0,0,0,0,0,0,0,0,0,0,0,0,0,0,0,0,0,0,0,0,0,0,0,0,0,0,0,0,0
66,-0,4000399,-0,5368707,0,08362149,-1,316125,0,4112245,-0,9918548,-0,4403907,-0,5266323,0,03166459,-1,267006,0,5704525,-1,00931,-0,450318,-0,5743173,0,02887856,-1,230258,0,5668702,-1,195766,-0,4111976,-0,584332,0,08466859,-1,454531,0,4348906,-1,048687,-0,3838979,-0,5871081,0,04282503,-0,4203709,0,4448594,1,813687,-0,3844601,-0,5380079,0,147898,-2,298857,0,4744979,-0,5734513,-0,3960465,-0,5852484,0,1514538,-2,541857,0,5193861,-0,5949276,-0,3754304,-0,5391282,0,04079512,-0,4899116,0,4581841,1,630565,-0,3342928,-0,5963113,-0,004315143,-0,9157304,0,4605772,1,141823,-0,3595579,-0,5387638,0,20865,-1,442944,0,1835585,-0,7885757,0,0,0,0,0,0,0,0,0,0,0,0,0,0,0,0,0,0,0,0,0,0,0,0,0,0,0,0,0,0
67,-0,4185864,-0,531358,0,07002345,-0,927325,0,2756358,-0,6799023,-0,4664588,-0,5166287,0,02608202,-1,303407,0,5001785,-0,2791284,-0,4781461,-0,5637795,0,02183332,-1,391404,0,5268903,-0,3522618,-0,4327621,-0,5780316,0,0716548,-1,078223,0,3150226,-0,6506897,-0,4145713,-0,5796614,0,04360414,-1,53367,0,3723355,0,03895556,-0,4125001,-0,529909,0,1359057,-1,402003,0,4049452,-0,5996125,-0,4288072,-0,5756848,0,1399888,-1,638033,0,4781784,-0,5732494,-0,4044202,-0,5319709,0,04534497,-1,44949,0,3578635,0,227493,-0,3467678,-0,5922217,0,03949679,-0,6237539,0,2044768,2,190598,-0,3766104,-0,5371129,0,1904961,-0,8526254,0,0825465,-0,9076949,0,0,0,0,0,0,0,0,0,0,0,0,0,0,0,0,0,0,0,0,0,0,0,0,0,0,0,0,0,0
68,-0,4266909,-0,5256364,0,05828251,-0,4052253,0,2860816,-0,5870473,-0,4912127,-0,5093425,0,05763001,-1,237695,0,3643127,1,5774,-0,5039853,-0,5564288,0,05733938,-1,291964,0,3675343,1,775303,-0,4372083,-0,5732052,0,05696922,-0,2223135,0,2413184,-0,7342794,-0,43695,-0,5727677,0,0539791,-1,118935,0,3446878,0,5187482,-0,4123698,-0,5295113,0,1227735,0,006516281,0,01988114,-0,6566106,-0,4234426,-0,5769879,0,1239607,0,2682285,-0,06515684,-0,8014071,-0,4264631,-0,5251679,0,0549603,-1,102145,0,340149,0,4807664,-0,3691591,-0,5861015,0,05566004,-1,119563,0,3060133,0,8081626,-0,3874537,-0,5330104,0,1834297,-0,5421686,0,2051235,-0,3533216,0,0,0,0,0,0,0,0,0,0,0,0,0,0,0,0,0,0,0,0,0,0,0,0,0,0,0,0,0,0
69,-0,4482887,-0,5178598,0,05812681,-1,079889,0,3888281,-0,007784929,-0,5015998,-0,5014238,0,09450917,-0,5193533,0,3959329,1,843959,-0,5140754,-0,5483664,0,09892908,-0,5045028,0,4031183,2,079486,-0,4614311,-0,5648017,0,05765395,-1,211142,0,4201772,0,03423636,-0,4476707,-0,5650185,0,08995312,-0,5360337,0,3874572,1,798702,-0,4074704,-0,5286839,0,1090905,0,2449707,0,0413716,-0,6841517,-0,4179673,-0,5763125,0,1093014,0,2737672,0,03377201,-0,7329634,-0,4378474,-0,5176965,0,08328759,-0,5692171,0,3735723,1,416365,-0,3844999,-0,579885,0,06635884,-0,767042,0,3108234,0,5349405,-0,3885849,-0,5317713,0,1719137,-0,05655589,0,06195607,-0,5757975,0,0,0,0,0,0,0,0,0,0,0,0,0,0,0,0,0,0,0,0,0,0,0,0,0,0,0,0,0,0
70,-0,4685692,-0,5055428,0,07525536,-1,014026,0,6158533,0,8564278,-0,5122456,-0,487183,0,1220336,-0,5322906,0,7120404,1,376224,-0,5251707,-0,533627,0,1294063,-0,5547675,0,73697,1,523862,-0,482923,-0,5520767,0,07823399,-1,074593,0,63625,1,029002,-0,4604331,-0,5522149,0,1143105,-0,6381231,0,6401839,1,217868,-0,4102626,-0,5208583,0,1027129,-0,139612,0,3912778,-0,3188805,-0,4206759,-0,5685079,0,1016383,-0,1354308,0,3902288,-0,3831559,-0,4502226,-0,5053659,0,1053105,-0,618759,0,6165298,1,101144,-0,4054233,-0,5698358,0,07651093,-1,046168,0,5024584,0,5076045,-0,3800725,-0,5279579,0,1605529,0,4256176,0,1906724,-0,56804,0,0,0,0,0,0,0,0,0,0,0,0,0,0,0,0,0,0,0,0,0,0,0,0,0,0,0,0,0,0
71,-0,473707,-0,5070317,0,07599477,-0,2568916,-0,07444921,0,03697091,-0,5113838,-0,4879894,0,1276869,0,04308822,-0,04031809,0,282664,-0,5227709,-0,5345049,0,1372117,0,1199902,-0,04389288,0,3902698,-0,4910453,-0,5525709,0,07872985,-0,4061164,-0,0247121,0,02479331,-0,4634549,-0,5532845,0,1072704,-0,1510904,-0,05348327,-0,3520047,-0,4250804,-0,5220224,0,1183518,-0,7408905,-0,05820396,0,781947,-0,4385682,-0,5688483,0,1196373,-0,8946169,-0,01702011,0,8999497,-0,45318,-0,5060632,0,1004588,-0,1478688,-0,03486277,-0,2425835,-0,4011564,-0,5687357,0,08160129,0,213346,0,05500617,0,2545183,-0,3814085,-0,5324647,0,1662876,-0,06680045,-0,2253444,0,2867342,0,0,0,0,0,0,0,0,0,0,0,0,0,0,0,0,0,0,0,0,0,0,0,0,0,0,0,0,0,0
72,-0,4484903,-0,5153529,0,07956881,1,260837,-0,4160585,0,1787019,-0,5081921,-0,49728,0,1030068,0,1595855,-0,464529,-1,234004,-0,5209375,-0,5441039,0,1085579,0,09167198,-0,4799487,-1,432693,-0,4615789,-0,5623018,0,07873299,1,47332,-0,486544,0,0001568348,-0,4639988,-0,5615811,0,07341174,-0,02719314,-0,4148306,-1,692932,-0,4189422,-0,5235495,0,1382509,0,3069119,-0,07635358,0,9949546,-0,4303603,-0,570954,0,139071,0,410393,-0,1052827,0,9716865,-0,4577978,-0,5143585,0,06262062,-0,2308936,-0,414768,-1,89191,-0,3962829,-0,5710594,0,06280438,0,2436713,-0,1161844,-0,939846,-0,3755443,-0,5324246,0,1867604,0,2932118,0,002008677,1,023639,0,0,0,0,0,0,0,0,0,0,0,0,0,0,0,0,0,0,0,0,0,0,0,0,0,0,0,0,0,0
73,-0,4269167,-0,5205572,0,09898767,1,078682,-0,2602161,0,9709433,-0,4869696,-0,5036901,0,07588121,1,061127,-0,3205047,-1,356282,-0,5016382,-0,5502348,0,07746934,0,9649638,-0,3065468,-1,554426,-0,4391569,-0,5677363,0,1004981,1,121104,-0,2717258,1,088255,-0,4579924,-0,5637936,0,02564251,0,3003196,-0,1106233,-2,388462,-0,3897303,-0,5274827,0,1533246,1,460595,-0,1966626,0,7536883,-0,4028966,-0,5741466,0,1582594,1,373186,-0,1596332,0,9594206,-0,449071,-0,5159689,0,02229022,0,436339,-0,08051696,-2,016521,-0,4045633,-0,5750412,-0,01676299,-0,41402,-0,1990915,-3,97837,-0,3504826,-0,5320975,0,2057515,1,253084,0,01635254,0,9495568,0,0,0,0,0,0,0,0,0,0,0,0,0,0,0,0,0,0,0,0,0,0,0,0,0,0,0,0,0,0
74,-0,4233068,-0,519918,0,109798,0,1804949,0,031963,0,5405175,-0,4704235,-0,505823,0,06495056,0,8273023,-0,1066477,-0,5465327,-0,4868223,-0,5517437,0,0664923,0,7407951,-0,07544461,-0,5488521,-0,4368317,-0,5667213,0,1114664,0,1162574,0,05075337,0,5484185,-0,4914386,-0,5504575,-0,00239921,-1,672312,0,6668063,-1,402087,-0,3727475,-0,5320137,0,1507565,0,849143,-0,2265454,-0,1284063,-0,3825365,-0,5797682,0,1512414,1,018006,-0,2810777,-0,3509016,-0,4781989,-0,5035157,-0,001300817,-1,456395,0,6226602,-1,179552,-0,5223971,-0,5388279,-0,06295119,-5,891691,1,810668,-2,309411,-0,3245853,-0,5405431,0,1945284,1,294864,-0,4222782,-0,5611563,0,0,0,0,0,0,0,0,0,0,0,0,0,0,0,0,0,0,0,0,0,0,0,0,0,0,0,0,0,0
75,-0,3958866,-0,5240686,0,09036507,1,37101,-0,2075315,-0,9716474,-0,4173631,-0,5179776,0,02769995,2,653025,-0,6077292,-1,862531,-0,4278826,-0,5655612,0,02575044,2,946987,-0,6908777,-2,037094,-0,4090062,-0,5710254,0,09174959,1,391277,-0,2152056,-0,9858434,-0,4792584,-0,5506101,-0,01783364,0,6090137,-0,007629397,-0,7717218,-0,373105,-0,5275902,0,1524181,-0,01787842,0,221175,0,08307698,-0,3843608,-0,574931,0,1555016,-0,09121303,0,2418579,0,2130129,-0,4658565,-0,5036623,-0,01580772,0,6171244,-0,007334354,-0,7253453,-0,4722053,-0,5479245,-0,08652574,2,509593,-0,4548313,-1,178728,-0,3165135,-0,5383403,0,1841891,0,4035906,0,1101405,-0,5169647,0,0,0,0,0,0,0,0,0,0,0,0,0,0,0,0,0,0,0,0,0,0,0,0,0,0,0,0,0,0
76,-0,3786914,-0,5285428,0,07119969,0,8597601,-0,2237112,-0,9582695,-0,3891442,-0,5258874,0,00564082,1,410945,-0,3954919,-1,102957,-0,4009851,-0,5731102,0,004473722,1,344875,-0,3774466,-1,063836,-0,3904102,-0,5758461,0,07257479,0,9298015,-0,2410383,-0,9587404,-0,4048493,-0,5686197,-0,0644264,3,720453,-0,9004805,-2,329639,-0,3639859,-0,5292009,0,1356983,0,4559578,-0,08053783,-0,8359898,-0,3784396,-0,5754921,0,140073,0,2960594,-0,02805592,-0,7714334,-0,3955888,-0,5209177,-0,06068275,3,513387,-0,8627657,-2,243753,-0,4312986,-0,5568425,-0,1272221,2,045336,-0,4458995,-2,034818,-0,3247191,-0,5355076,0,1880134,-0,4102783,0,1416356,0,1912162,0,0,0,0,0,0,0,0,0,0,0,0,0,0,0,0,0,0,0,0,0,0,0,0,0,0,0,0,0,0
77,-0,3574879,-0,5400606,0,04275999,1,060173,-0,5758914,-1,421986,-0,3858936,-0,5312501,-0,01686863,0,162527,-0,2681346,-1,125473,-0,4020273,-0,5773483,-0,01689249,-0,05211087,-0,2119065,-1,068311,-0,3752443,-0,5854105,0,0459068,0,7582951,-0,4782172,-1,3334,-0,407964,-0,5732925,-0,08562675,-0,1557336,-0,2336414,-1,060018,-0,3331282,-0,5444582,0,1042223,1,542882,-0,7628623,-1,573799,-0,3522612,-0,5889295,0,1102391,1,30892,-0,6718668,-1,491696,-0,3962235,-0,5261126,-0,08252419,-0,03173799,-0,2597482,-1,092072,-0,4240127,-0,5631726,-0,1521089,0,3642948,-0,3165067,-1,244341,-0,3135607,-0,5437702,0,1669197,0,5579221,-0,4131319,-1,054687,0,0,0,0,0,0,0,0,0,0,0,0,0,0,0,0,0,0,0,0,0,0,0,0,0,0,0,0,0,0
78,-0,3285252,-0,5500789,0,01095085,1,448137,-0,5009146,-1,590458,-0,361149,-0,5408224,-0,04632501,1,237234,-0,4786165,-1,47282,-0,3709384,-0,5884897,-0,04945968,1,55445,-0,5570682,-1,62836,-0,3368353,-0,5980644,0,009607044,1,92045,-0,6326946,-1,814989,-0,3996145,-0,5767707,-0,1111419,0,4174726,-0,1739085,-1,275756,-0,3016456,-0,5554406,0,07130099,1,574134,-0,5491229,-1,646066,-0,3118672,-0,6030606,0,07318883,2,019701,-0,7065567,-1,852514,-0,3894532,-0,529373,-0,1057061,0,3385158,-0,1630217,-1,159097,-0,4195728,-0,5635878,-0,1758848,0,2219946,-0,02075732,-1,188797,-0,2972296,-0,5530017,0,1368316,0,8165556,-0,4615756,-1,504405,0,0,0,0,0,0,0,0,0,0,0,0,0,0,0,0,0,0,0,0,0,0,0,0,0,0,0,0,0,0
79,-0,2977039,-0,5535607,-0,01601208,1,541064,-0,1740874,-1,348147,-0,3310247,-0,5438005,-0,07285383,1,506216,-0,1489044,-1,326442,-0,3341744,-0,5919034,-0,08025447,1,838201,-0,1706869,-1,53974,-0,3039365,-0,6018271,-0,01914502,1,64494,-0,1881362,-1,437604,-0,3779935,-0,5792288,-0,1321751,1,081054,-0,1229078,-1,051664,-0,2698798,-0,5599877,0,04368836,1,588287,-0,227356,-1,380632,-0,2759441,-0,6083521,0,04303274,1,796154,-0,2645762,-1,507805,-0,3715323,-0,5315389,-0,1244352,0,8960459,-0,1082927,-0,9364527,-0,4249951,-0,5632699,-0,1802983,-0,2711148,0,01589656,-0,2206744,-0,2714095,-0,5598253,0,1093323,1,291006,-0,3411801,-1,374967,0,0,0,0,0,0,0,0,0,0,0,0,0,0,0,0,0,0,0,0,0,0,0,0,0,0,0,0,0,0
80,-0,2688812,-0,5512618,-0,03941829,1,441138,0,1149446,-1,170311,-0,3160235,-0,5410529,-0,08532743,0,7500607,0,1373798,-0,6236805,-0,3249614,-0,5888898,-0,08810326,0,4606502,0,1506806,-0,3924401,-0,2724177,-0,5996704,-0,04487138,1,57594,0,1078368,-1,286318,-0,3650036,-0,5762359,-0,1429892,0,6494942,0,1496465,-0,540703,-0,2362987,-0,5591778,0,01766376,1,679058,0,04049839,-1,301231,-0,2398098,-0,6077139,0,0147634,1,806719,0,03191234,-1,413467,-0,3578229,-0,5284747,-0,1357037,0,6854686,0,1532078,-0,5634251,-0,4246562,-0,5609399,-0,1743601,0,01694263,0,1164973,0,2969095,-0,2392284,-0,5621049,0,08319746,1,609052,-0,113982,-1,306741,0,0,0,0,0,0,0,0,0,0,0,0,0,0,0,0,0,0,0,0,0,0,0,0,0,0,0,0,0,0
81,-0,2466615,-0,5465176,-0,05571117,1,110986,0,2372087,-0,8146442,-0,3011253,-0,5381323,-0,09303292,0,7449079,0,1460314,-0,3852745,-0,3020655,-0,585575,-0,1040542,1,144793,0,1657397,-0,7975451,-0,2467523,-0,5945923,-0,06404205,1,283272,0,253901,-0,9585339,-0,3620851,-0,5750648,-0,1365494,0,1459242,0,05855563,0,3219881,-0,1989717,-0,5534884,-0,01036026,1,86635,0,2844663,-1,401201,-0,1964226,-0,6015443,-0,01814021,2,169361,0,308478,-1,645181,-0,3590818,-0,5278675,-0,1245642,-0,06294402,0,03036262,0,5569751,-0,4217652,-0,5614684,-0,1687238,0,1445488,-0,02642275,0,2818168,-0,2005514,-0,5632864,0,05456668,1,93385,-0,05907419,-1,431539,0,0,0,0,0,0,0,0,0,0,0,0,0,0,0,0,0,0,0,0,0,0,0,0,0,0,0,0,0,0
82,-0,2426135,-0,5478507,-0,0538901,0,2023996,-0,06665292,0,0910534,-0,3011985,-0,5404886,-0,08464598,-0,003658236,-0,1178146,0,4193472,-0,3055108,-0,5887484,-0,08989852,-0,172262,-0,1586706,0,7077823,-0,243026,-0,5959617,-0,0617377,0,1863123,-0,06846789,0,1152177,-0,3629785,-0,577784,-0,126623,-0,04466774,-0,1359612,0,4963184,-0,1820843,-0,5516156,-0,02739311,0,8443702,0,09364191,-0,851643,-0,1797209,-0,5995787,-0,03581377,0,835086,0,09827916,-0,8836788,-0,3560793,-0,5298208,-0,1211117,0,1501248,-0,09766523,0,1726241,-0,4207946,-0,5638747,-0,1617182,0,0485331,-0,120318,0,350281,-0,1744342,-0,5617161,0,03702744,1,305861,0,07851425,-0,8769625,0,0,0,0,0,0,0,0,0,0,0,0,0,0,0,0,0,0,0,0,0,0,0,0,0,0,0,0,0,0
83,-0,2386981,-0,5494041,-0,05295895,0,1957693,-0,07767084,0,04655739,-0,298618,-0,5420741,-0,08096711,0,1290217,-0,07927719,0,1839434,-0,3002952,-0,5895417,-0,09201529,0,2607794,-0,03966691,-0,1058385,-0,2391575,-0,5974374,-0,06126926,0,1934283,-0,07378462,0,02342221,-0,3644415,-0,5797313,-0,1158473,-0,0731543,-0,09736422,0,5387875,-0,174752,-0,5519165,-0,03600184,0,3666157,-0,0150472,-0,4304365,-0,1725883,-0,5997236,-0,04529493,0,3566296,-0,007244947,-0,4740581,-0,3584034,-0,5318058,-0,1088179,-0,1162023,-0,09924773,0,6146873,-0,4221542,-0,56546,-0,1511469,-0,06798211,-0,07926527,0,5285638,-0,1438337,-0,5608175,0,0212412,1,530027,0,04493298,-0,7893122,0,0,0,0,0,0,0,0,0,0,0,0,0,0,0,0,0,0,0,0,0,0,0,0,0,0,0,0,0,0
84,-0,2325042,-0,552665,-0,05287395,0,3096962,-0,1630456,0,004250186,-0,2951815,-0,5465631,-0,0743375,0,1718283,-0,2244473,0,3314806,-0,2981478,-0,5946056,-0,08217662,0,1073689,-0,2531917,0,4919337,-0,2330536,-0,6008281,-0,06063892,0,3051923,-0,1695365,0,0315169,-0,3524531,-0,5828042,-0,1231184,0,5994233,-0,1536459,-0,363555,-0,1757264,-0,5578122,-0,01928964,-0,04872011,-0,2947838,0,8356102,-0,1756356,-0,6063501,-0,02362342,-0,1523659,-0,3313215,1,083576,-0,3470899,-0,5350595,-0,1146506,0,5656736,-0,162685,-0,2916341,-0,4083545,-0,5681446,-0,1609585,0,6899866,-0,1342297,-0,4905822,-0,1192052,-0,5599756,0,01415815,1,231425,0,04209282,-0,3541526,0,0,0,0,0,0,0,0,0,0,0,0,0,0,0,0,0,0,0,0,0,0,0,0,0,0,0,0,0,0
85,-0,2224377,-0,5609182,-0,02771719,0,5033256,-0,412661,1,257839,-0,2792833,-0,5547872,-0,06176036,0,7949072,-0,4112066,0,6288574,-0,2814026,-0,6030262,-0,06863571,0,8372608,-0,4210325,0,6770457,-0,2214405,-0,6090887,-0,03536901,0,5806545,-0,4130276,1,263496,-0,3310024,-0,5924065,-0,1154547,1,072532,-0,4801126,0,3831865,-0,1643108,-0,5637006,0,003762201,0,570778,-0,2944173,1,152593,-0,161614,-0,6120111,-0,002191066,0,7010783,-0,2830507,1,071618,-0,3290947,-0,5447617,-0,1050537,0,8997578,-0,4851105,0,479844,-0,3826292,-0,5791327,-0,1593776,1,286267,-0,5494031,0,07904398,-0,09877703,-0,5593104,0,004246685,1,021409,0,03326239,-0,4955735,0,0,0,0,0,0,0,0,0,0,0,0,0,0,0,0,0,0,0,0,0,0,0,0,0,0,0,0,0,0
86,-0,2175947,-0,5591725,-0,008491464,0,2421492,0,08728508,0,9612865,-0,2722445,-0,5555782,-0,04644445,0,3519417,-0,0395477,0,7657959,-0,2689081,-0,6030963,-0,05701675,0,6247225,-0,003504755,0,5809485,-0,2164655,-0,6077607,-0,01251284,0,2487504,0,06639662,1,142809,-0,3178402,-0,5939499,-0,1048965,0,6581115,-0,07717314,0,5279096,-0,1559392,-0,5586924,0,01562307,0,418582,0,2504081,0,5930439,-0,1515457,-0,6068868,0,009314867,0,5034158,0,2562136,0,5752969,-0,3216146,-0,5474107,-0,09050369,0,3740059,-0,1324535,0,7275029,-0,3725053,-0,5834351,-0,1459674,0,5061926,-0,2151192,0,670513,-0,09262036,-0,5501792,0,000435362,0,3078339,0,4565598,-0,1905662,0,0,0,0,0,0,0,0,0,0,0,0,0,0,0,0,0,0,0,0,0,0,0,0,0,0,0,0,0,0
87,-0,2615581,-0,5565935,0,001221527,-2,198171,0,1289487,0,4856498,-0,3253496,-0,5520282,-0,01710481,-2,655254,0,1774967,1,466982,-0,3282993,-0,6006145,-0,02134028,-2,969561,0,124091,1,783824,-0,260547,-0,6042546,-0,008811697,-2,204077,0,1753063,0,1850573,-0,335584,-0,5924808,-0,08950932,-0,8871902,0,07345679,0,7693588,-0,1998089,-0,5591756,0,02494449,-2,193487,-0,02415777,0,4660709,-0,194961,-0,6057525,0,01133548,-2,170763,0,05671682,0,1010309,-0,332963,-0,5442611,-0,08295144,-0,5674201,0,1574815,0,3776124,-0,3793505,-0,58136,-0,141793,-0,3422575,0,1037509,0,2087177,-0,1374147,-0,5581543,0,04580039,-2,239718,-0,3987552,2,268252,0,0,0,0,0,0,0,0,0,0,0,0,0,0,0,0,0,0,0,0,0,0,0,0,0,0,0,0,0,0
88,-0,3237419,-0,5521691,0,04330974,-3,109191,0,2212197,2,104412,-0,376368,-0,5415198,0,003875302,-2,55092,0,5254241,1,049006,-0,386025,-0,589299,0,002414154,-2,886281,0,5657765,1,187722,-0,3293001,-0,6005073,0,03986413,-3,437654,0,1873643,2,433792,-0,3928514,-0,5840904,-0,06612544,-2,863373,0,4195185,1,169194,-0,2785863,-0,5597947,0,09109741,-3,938872,-0,03095569,3,307647,-0,281386,-0,6083429,0,08821708,-4,321252,-0,1295209,3,844081,-0,3787074,-0,5375414,-0,06285723,-2,287222,0,3359826,1,004711,-0,3787709,-0,5820704,-0,1337862,0,02897681,-0,03551842,0,4003407,-0,234837,-0,5642408,0,1398557,-4,871118,-0,3043265,4,702766,0,0,0,0,0,0,0,0,0,0,0,0,0,0,0,0,0,0,0,0,0,0,0,0,0,0,0,0,0,0
89,-0,378535,-0,534853,0,0969277,-2,739659,0,8658055,2,680899,-0,3784099,-0,5383949,0,03026655,-0,1020983,0,1562447,1,319563,-0,3876044,-0,5861431,0,03179505,-0,07897022,0,1577914,1,469045,-0,3891573,-0,5824114,0,1004488,-2,992862,0,9047959,3,029233,-0,38031,-0,587922,-0,03690542,0,6270724,-0,1915813,1,461002,-0,3582295,-0,5342019,0,1601507,-3,98216,1,279638,3,452666,-0,3726735,-0,5802311,0,1668136,-4,56438,1,405588,3,929827,-0,3683354,-0,5406596,-0,03571942,0,5186023,-0,1559079,1,356891,-0,3517323,-0,5920225,-0,09965245,1,351931,-0,4976036,1,70669,-0,3092396,-0,5427019,0,2033134,-3,720129,1,076946,3,172886,0,0,0,0,0,0,0,0,0,0,0,0,0,0,0,0,0,0,0,0,0,0,0,0,0,0,0,0,0,0
90,-0,3775264,-0,5322581,0,1292276,0,050433,0,1297474,1,614994,-0,3757552,-0,5388405,0,06308979,0,1327366,-0,02228321,1,641162,-0,3829261,-0,5870059,0,06691241,0,2339111,-0,0431359,1,755868,-0,3868802,-0,5797136,0,1352774,0,1138568,0,1348913,1,741432,-0,340239,-0,5958552,0,01346902,2,003553,-0,3966571,2,518723,-0,3825853,-0,5220534,0,1944669,-1,217792,0,6074252,1,715814,-0,3970322,-0,5679415,0,202078,-1,217934,0,6144794,1,763224,-0,3370074,-0,547222,0,009391034,1,566399,-0,3281177,2,255523,-0,3222165,-0,6008798,-0,05309274,1,475791,-0,4428686,2,327986,-0,3484204,-0,5225207,0,2505618,-1,959043,1,009059,2,362423,0,0,0,0,0,0,0,0,0,0,0,0,0,0,0,0,0,0,0,0,0,0,0,0,0,0,0,0,0,0
91,-0,3810838,-0,5325187,0,1419281,-0,1778708,-0,01303256,0,6350259,-0,4015229,-0,5334706,0,07840239,-1,288388,0,2684982,0,7656302,-0,4127444,-0,5808868,0,08215155,-1,490915,0,3059508,0,7619574,-0,3991929,-0,5771596,0,149615,-0,6156358,0,127697,0,7168788,-0,3661167,-0,593464,0,03264745,-1,293886,0,119561,0,958922,-0,3642389,-0,5275669,0,2059601,0,9173218,-0,2756716,0,5746553,-0,3746929,-0,5746572,0,2135447,1,116963,-0,3357829,0,5733321,-0,3641021,-0,5452814,0,02435171,-1,354732,0,09702746,0,7480341,-0,3143648,-0,6017198,-0,01237611,0,3925847,-0,04199745,2,035832,-0,3683318,-0,515627,0,270477,-0,9955723,0,3446849,0,9957601,0,0,0,0,0,0,0,0,0,0,0,0,0,0,0,0,0,0,0,0,0,0,0,0,0,0,0,0,0,0
92,-0,407511,-0,5283854,0,1468538,-1,32136,0,2066673,0,246285,-0,4228713,-0,5292782,0,08210973,-1,067417,0,2096207,0,1853672,-0,4344257,-0,5767233,0,08465128,-1,084066,0,2081753,0,1249865,-0,4186876,-0,5755215,0,1517299,-0,974736,0,08190575,0,1057476,-0,3950094,-0,586437,0,02843642,-1,444637,0,3513487,-0,2105515,-0,3762172,-0,5286247,0,2052407,-0,5989181,-0,0528902,-0,03596546,-0,3850469,-0,5761555,0,2114425,-0,5176978,-0,07491711,-0,1051069,-0,3754151,-0,5423674,0,03684984,-0,5656528,0,1457006,0,6249068,-0,3501326,-0,594664,-0,02350704,-1,788389,0,3527911,-0,5565467,-0,3679554,-0,520794,0,2698984,0,01882166,-0,2583475,-0,02893211,0,0,0,0,0,0,0,0,0,0,0,0,0,0,0,0,0,0,0,0,0,0,0,0,0,0,0,0,0,0
93,-0,4402035,-0,5220774,0,1486112,-1,634627,0,3153981,0,08786846,-0,4359871,-0,5290251,0,08252352,-0,6557944,0,01265109,0,02068952,-0,4467971,-0,5764903,0,08603287,-0,6185668,0,01164973,0,06907995,-0,4552476,-0,5681256,0,1538863,-1,827998,0,3697963,0,1078174,-0,3893739,-0,5903783,0,05022485,0,2817751,-0,197065,1,089422,-0,4017953,-0,527401,0,2022923,-1,278903,0,06118121,-0,1474202,-0,413861,-0,5742723,0,2081165,-1,440707,0,09416346,-0,166303,-0,3823133,-0,5423945,0,0451657,-0,3449114,-0,001356006,0,4157932,-0,3295454,-0,600703,0,01711443,1,029361,-0,3019513,2,031075,-0,3675967,-0,5283411,0,2583238,0,01793355,-0,3773572,-0,5787286,0,0,0,0,0,0,0,0,0,0,0,0,0,0,0,0,0,0,0,0,0,0,0,0,0,0,0,0,0,0
94,-0,4587298,-0,5176311,0,1418304,-0,9263176,0,2223165,-0,3390366,-0,4370495,-0,5293428,0,07988789,-0,0531167,-0,01588464,-0,1317814,-0,4445184,-0,5772785,0,08568712,0,1139343,-0,03940763,-0,01728759,-0,4741622,-0,5637065,0,1464019,-0,9457338,0,2209545,-0,3742205,-0,3812851,-0,5883989,0,06028241,0,4044385,0,09897057,0,5028781,-0,4221081,-0,5234482,0,1966153,-1,015641,0,1976431,-0,2838538,-0,4378913,-0,5689248,0,2042769,-1,201514,0,2673746,-0,1919769,-0,3772538,-0,5404709,0,05232803,0,2529756,0,09618107,0,3581164,-0,3299031,-0,5986124,0,01517043,-0,01788587,0,1045287,-0,09719989,-0,3706249,-0,5338081,0,2360463,-0,1514093,-0,27335,-1,113876,0,0,0,0,0,0,0,0,0,0,0,0,0,0,0,0,0,0,0,0,0,0,0,0,0,0,0,0,0,0
95,-0,4684656,-0,5134155,0,1311298,-0,4867868,0,21078,-0,5350331,-0,4411758,-0,525762,0,07159906,-0,2063141,0,1790405,-0,4144417,-0,4503089,-0,5734661,0,07653498,-0,2895237,0,1906187,-0,4576074,-0,4843809,-0,5593721,0,1347359,-0,5109327,0,2167226,-0,5832965,-0,3969234,-0,5861947,0,03458982,-0,7819149,0,110209,-1,28463,-0,4226065,-0,5246339,0,1775419,-0,02491773,-0,05928876,-0,9536672,-0,4385945,-0,5701358,0,1845301,-0,03516228,-0,0605494,-0,9873431,-0,3883718,-0,5382876,0,03282846,-0,5559,0,109163,-0,9749789,-0,3350204,-0,5967402,0,005813692,-0,2558635,0,09360913,-0,4678371,-0,3727887,-0,5348632,0,2190996,-0,1081869,-0,05275609,-0,8473333,0,0,0,0,0,0,0,0,0,0,0,0,0,0,0,0,0,0,0,0,0,0,0,0,0,0,0,0,0,0
96,-0,4663122,-0,5156792,0,1233191,0,1076669,-0,1131863,-0,3905343,-0,4479889,-0,5243683,0,05990525,-0,3406586,0,0696868,-0,5846909,-0,4584971,-0,5719563,0,0625561,-0,409411,0,07549229,-0,6989441,-0,4814044,-0,5619226,0,1267136,0,1488254,-0,1275272,-0,4011141,-0,3982804,-0,5851617,0,03144781,-0,067848,0,05165042,-0,1571006,-0,4132122,-0,5292403,0,1604528,0,4697131,-0,2303154,-0,8544568,-0,4272839,-0,575515,0,1664348,0,5655291,-0,2689601,-0,9047638,-0,3913892,-0,5370876,0,02696739,-0,1508698,0,06000104,-0,2930536,-0,3429061,-0,5951982,-0,008611687,-0,3942864,0,07710162,-0,7212693,-0,3603051,-0,5396004,0,19792,0,6241786,-0,236857,-1,058983,0,0,0,0,0,0,0,0,0,0,0,0,0,0,0,0,0,0,0,0,0,0,0,0,0,0,0,0,0,0
97,-0,4536879,-0,5209481,0,1277661,0,6312179,-0,2634437,0,2223485,-0,4505657,-0,5252176,0,06145674,-0,12884,-0,04246535,0,07757454,-0,4611267,-0,5728142,0,06304944,-0,1314819,-0,04289748,0,02466665,-0,466023,-0,5681156,0,1315313,0,7690686,-0,3096492,0,2408826,-0,4065251,-0,5845327,0,02247123,-0,4122363,0,0314504,-0,4488291,-0,3931879,-0,5342324,0,1509699,1,001218,-0,2496065,-0,4741447,-0,4011793,-0,5822606,0,1488311,1,30523,-0,3372819,-0,8801888,-0,3999219,-0,5362551,0,01940481,-0,4266353,0,0416279,-0,3781289,-0,3430584,-0,5930896,-0,003578793,-0,007614496,0,1054317,0,2516448,-0,3337421,-0,5442832,0,1768987,1,328153,-0,2341391,-1,051062,0,0,0,0,0,0,0,0,0,0,0,0,0,0,0,0,0,0,0,0,0,0,0,0,0,0,0,0,0,0
98,-0,4408362,-0,5219309,0,1195199,0,6425845,-0,04913809,-0,4123056,-0,4660408,-0,5180029,0,0580226,-0,7737535,0,3607334,-0,1717069,-0,477632,-0,5654191,0,05884282,-0,8252639,0,3697576,-0,2103307,-0,4529685,-0,5690166,0,1230039,0,6527233,-0,04505219,-0,4263678,-0,4200225,-0,5777054,0,02261466,-0,6748694,0,3413619,0,007171559,-0,3813639,-0,5345544,0,1460084,0,5911993,-0,0161022,-0,2480776,-0,388646,-0,5826651,0,1424915,0,6266656,-0,02022684,-0,3169784,-0,4171731,-0,5295332,0,01380522,-0,8625585,0,3360928,-0,2799799,-0,3528055,-0,5824332,0,006714528,-0,4873561,0,5328181,0,5146663,-0,3202593,-0,544669,0,1679582,0,6741377,-0,01929105,-0,4470246,0,0,0,0,0,0,0,0,0,0,0,0,0,0,0,0,0,0,0,0,0,0,0,0,0,0,0,0,0,0
99,-0,4267595,-0,5284832,0,09328919,0,7038343,-0,3276141,-1,311538,-0,4822327,-0,5124744,0,06010471,-0,8095968,0,2764286,0,1041057,-0,4964764,-0,5592239,0,05982963,-0,9422231,0,3097595,0,04934018,-0,4417063,-0,57463,0,09858575,0,5631136,-0,2806665,-1,22091,-0,4369762,-0,5743924,0,0279021,-0,8476872,0,1656503,0,2643721,-0,3739282,-0,5401285,0,131269,0,3717841,-0,2787025,-0,7369692,-0,3882,-0,5860126,0,1397825,0,0222996,-0,1673729,-0,1354494,-0,4322358,-0,5266721,0,01771586,-0,7531378,0,1430542,0,1955321,-0,3796904,-0,5861153,-0,008879153,-1,344245,-0,1841039,-0,7796844,-0,3209493,-0,5488709,0,1690099,-0,03449769,-0,2100975,0,05258249,0,0,0,0,0,0,0,0,0,0,0,0,0,0,0,0,0,0,0,0,0,0,0,0,0,0,0,0,0,0
100,-0,4183402,-0,5275946,0,07338039,0,4209654,0,04442932,-0,9954404,-0,4817041,-0,5083724,0,07990383,0,02643169,0,2050967,0,9899564,-0,4964466,-0,5547799,0,08297552,0,001490117,0,2222002,1,157295,-0,4311239,-0,5747024,0,0743532,0,5291166,-0,003623964,-1,211628,-0,4570668,-0,5690079,0,0280295,-1,004528,0,2692283,0,006370249,-0,3668132,-0,5400034,0,1131604,0,355752,0,00625253,-0,9054281,-0,3752972,-0,5879493,0,1117763,0,6451401,-0,09683672,-1,400311,-0,4479905,-0,5212761,0,02369433,-0,7877338,0,2698035,0,2989236,-0,397411,-0,5815067,-0,004575625,-0,8860309,0,2304316,0,2151765,-0,3225235,-0,5483781,0,1609694,-0,07871392,0,02464057,-0,4020268,0,0,0,0,0,0,0,0,0,0,0,0,0,0,0,0,0,0,0,0,0,0,0,0,0,0,0,0,0,0
101,-0,4062161,-0,5308528,0,06335089,0,6062033,-0,1629115,-0,5014753,-0,4665628,-0,5131689,0,08537386,0,7570642,-0,2398253,0,2735016,-0,4793038,-0,5599896,0,09035864,0,857142,-0,2604873,0,3691563,-0,4189155,-0,5779285,0,06248677,0,6104218,-0,1613051,-0,5933216,-0,4753495,-0,5665308,0,02175896,-0,9141359,0,1238555,-0,313527,-0,3636228,-0,5421828,0,1127104,0,159517,-0,1089693,-0,0224989,-0,3738566,-0,5898502,0,1126804,0,07203224,-0,0950456,0,04520344,-0,4649887,-0,5188257,0,01892337,-0,8499119,0,1225204,-0,2385481,-0,4098738,-0,5799143,0,00366613,-0,62314,0,07961991,0,4120879,-0,3200396,-0,5506632,0,1610073,0,1241953,-0,1142532,0,001895428,0,0,0,0,0,0,0,0,0,0,0,0,0,0,0,0,0,0,0,0,0,0,0,0,0,0,0,0,0,0
102,-0,3931688,-0,5359536,0,07332313,0,6523656,-0,2550394,0,4986124,-0,4562,-0,5181639,0,06154961,0,5181404,-0,2497495,-1,191213,-0,4707107,-0,5646746,0,06370617,0,4296543,-0,2342493,-1,332624,-0,4052913,-0,5832108,0,07457141,0,6812099,-0,2641113,0,6042323,-0,485147,-0,5614336,-0,003743553,-0,4898744,0,2548606,-1,275126,-0,348249,-0,5453573,0,1210203,0,7686886,-0,1587242,0,4154933,-0,3624706,-0,5915375,0,1274508,0,5692991,-0,08436444,0,7385242,-0,4732275,-0,5141686,-0,002881989,-0,4119398,0,2328546,-1,090268,-0,4179399,-0,5767387,-0,007648409,-0,4033075,0,1587809,-0,5657272,-0,300823,-0,5528127,0,1657581,0,9608317,-0,1074762,0,2375417,0,0,0,0,0,0,0,0,0,0,0,0,0,0,0,0,0,0,0,0,0,0,0,0,0,0,0,0,0,0
103,-0,3849587,-0,5371324,0,08986191,0,4105048,-0,05894008,0,8269392,-0,4232422,-0,528607,0,03618076,1,647889,-0,5221547,-1,268443,-0,4377506,-0,5750996,0,03786809,1,648005,-0,5212517,-1,291905,-0,3979326,-0,5840633,0,0933686,0,3679381,-0,04262628,0,9398602,-0,4830496,-0,5608719,-0,01230795,0,1048685,0,02808274,-0,4282203,-0,3323749,-0,5478048,0,128566,0,7937062,-0,1223743,0,3772867,-0,3413746,-0,5957003,0,1302713,1,054801,-0,2081395,0,1410246,-0,4684183,-0,5143561,-0,01079035,0,2404631,-0,009375814,-0,3954182,-0,4225848,-0,577303,-0,04132628,-0,2322421,-0,02821685,-1,683895,-0,2793925,-0,555654,0,1665826,1,071528,-0,1420677,0,04122333,0,0,0,0,0,0,0,0,0,0,0,0,0,0,0,0,0,0,0,0,0,0,0,0,0,0,0,0,0,0
104,-0,367034,-0,539822,0,08894247,0,8962352,-0,1344801,-0,04597196,-0,3780048,-0,5397522,0,02330374,2,261875,-0,5572619,-0,6438511,-0,3892758,-0,5871745,0,02422889,2,423743,-0,6037446,-0,6819602,-0,3798565,-0,5867482,0,09243985,0,9038035,-0,1342446,-0,04643762,-0,4521349,-0,570868,0,0007559803,1,545737,-0,499803,0,6531971,-0,3167269,-0,5494808,0,1308839,0,7824036,-0,08380118,0,1158923,-0,3290282,-0,5961602,0,1374207,0,6173226,-0,02299548,0,3574693,-0,4385539,-0,524091,-2,885417E-05,1,493219,-0,4867466,0,538075,-0,4133053,-0,5814861,-0,05528245,0,4639717,-0,2091558,-0,6978088,-0,2619226,-0,5581633,0,1660811,0,873493,-0,1254648,-0,0250727,0,0,0,0,0,0,0,0,0,0,0,0,0,0,0,0,0,0,0,0,0,0,0,0,0,0,0,0,0,0
105,-0,3077049,-0,5579818,0,06824709,2,966457,-0,9079907,-1,034769,-0,3519506,-0,5496867,0,01918635,1,302709,-0,4967245,-0,2058699,-0,3608223,-0,5976032,0,01792246,1,422674,-0,5214335,-0,3153214,-0,3138758,-0,6062946,0,06768753,3,299037,-0,9773198,-1,237616,-0,4166844,-0,5844357,-0,02051316,1,772525,-0,6783875,-1,063458,-0,2698143,-0,5624439,0,1223543,2,345628,-0,6481531,-0,4264807,-0,2781695,-0,6102602,0,1261927,2,542935,-0,7050011,-0,5614022,-0,4048961,-0,537103,-0,01950024,1,682892,-0,6505998,-0,9735695,-0,4167875,-0,5812279,-0,08957062,-0,1741082,0,01291037,-1,714409,-0,2227719,-0,5659521,0,1680192,1,957537,-0,389436,0,09690303,0,0,0,0,0,0,0,0,0,0,0,0,0,0,0,0,0,0,0,0,0,0,0,0,0,0,0,0,0,0
106,-0,2988921,-0,5574275,0,03763739,0,4406409,0,02771617,-1,530486,-0,3639661,-0,5462711,0,02930116,-0,6007748,0,1707823,0,5057407,-0,3728959,-0,5941457,0,02768705,-0,6036776,0,1728744,0,4882296,-0,3052477,-0,6056151,0,03378313,0,4314052,0,03397168,-1,695221,-0,3767055,-0,5895834,-0,04099649,1,998944,-0,2573849,-1,024167,-0,2403677,-0,5665984,0,06728895,1,472331,-0,2077253,-2,753267,-0,2467792,-0,6149338,0,06822876,1,569514,-0,2336771,-2,898197,-0,3651248,-0,5422856,-0,03758313,1,988564,-0,2591283,-0,9041451,-0,3767013,-0,5826746,-0,1097254,2,00431,-0,07233325,-1,007738,-0,2061232,-0,5693438,0,1233244,0,8324344,-0,1695872,-2,234741,0,0,0,0,0,0,0,0,0,0,0,0,0,0,0,0,0,0,0,0,0,0,0,0,0,0,0,0,0,0
107,-0,2857351,-0,5590512,0,02018255,0,6578522,-0,08118752,-0,8727422,-0,3514911,-0,5489575,0,01939464,0,6237509,-0,1343191,-0,4953261,-0,3597578,-0,5970191,0,01855193,0,656903,-0,1436681,-0,456756,-0,2916794,-0,607332,0,01671468,0,6784129,-0,08584265,-0,8534225,-0,359468,-0,5940549,-0,05040969,0,8618761,-0,2235771,-0,4706602,-0,2217613,-0,5669611,0,03506729,0,9303209,-0,0181377,-1,611084,-0,2255341,-0,6154857,0,0326286,1,062256,-0,02759398,-1,780008,-0,3545911,-0,5456044,-0,0472537,0,5266862,-0,1659424,-0,4835285,-0,3819871,-0,5861277,-0,115153,-0,2642901,-0,1726568,-0,2713834,-0,1749449,-0,5720117,0,08078643,1,558915,-0,1333953,-2,126898,0,0,0,0,0,0,0,0,0,0,0,0,0,0,0,0,0,0,0,0,0,0,0,0,0,0,0,0,0,0
108,-0,2704211,-0,5583118,0,004038685,0,7656994,0,03697278,-0,8071936,-0,3357524,-0,549204,0,01305084,0,7869336,-0,01232625,-0,3171901,-0,343339,-0,5973715,0,01329969,0,820941,-0,01762212,-0,2626123,-0,2761044,-0,606715,0,001785774,0,7787544,0,03085138,-0,7464458,-0,3732632,-0,5913039,-0,04860478,-0,6897601,0,1375527,0,09024557,-0,2057905,-0,5655614,0,01640967,0,7985394,0,0699878,-0,9328816,-0,2090585,-0,6140857,0,01371414,0,8237805,0,06999674,-0,9457236,-0,3646167,-0,5433378,-0,04689647,-0,5012782,0,1133323,0,01786166,-0,3911238,-0,5842749,-0,1149648,-0,4568355,0,09263758,0,00941046,-0,1538875,-0,5703701,0,0563324,1,052871,0,08207861,-1,222702,0,0,0,0,0,0,0,0,0,0,0,0,0,0,0,0,0,0,0,0,0,0,0,0,0,0,0,0,0,0
109,-0,2575052,-0,5569869,-0,004018176,0,6457927,0,06624463,-0,4028432,-0,3236694,-0,5500832,-0,001462002,0,6041514,-0,04396142,-0,7256423,-0,3294742,-0,598539,-0,00309428,0,6932411,-0,05837383,-0,8196988,-0,2615136,-0,6048212,-0,01283565,0,7295388,0,09468798,-0,7310715,-0,3729029,-0,5897704,-0,05601805,0,01801551,0,07667246,-0,3706639,-0,1916402,-0,5606402,-0,008795153,0,7075164,0,24606,-1,260242,-0,1930694,-0,6090114,-0,01417208,0,799455,0,2537162,-1,394312,-0,3636237,-0,5419213,-0,05434421,0,0496492,0,07082227,-0,3723872,-0,4143909,-0,5782635,-0,1099722,-1,163355,0,3005714,0,2496307,-0,1322298,-0,5644073,0,01883083,1,082883,0,2981396,-1,875079,0,0,0,0,0,0,0,0,0,0,0,0,0,0,0,0,0,0,0,0,0,0,0,0,0,0,0,0,0,0
110,-0,2644963,-0,5526551,-0,0112059,-0,3495516,0,2165885,-0,3593864,-0,3297005,-0,5444424,-0,02149597,-0,3015549,0,2820404,-1,001699,-0,3363049,-0,5926836,-0,02434933,-0,3415377,0,2927692,-1,062753,-0,2682896,-0,6009459,-0,01749913,-0,3388019,0,1937658,-0,2331743,-0,3795413,-0,5819587,-0,07711013,-0,331919,0,3905864,-1,054604,-0,1985835,-0,5571173,-0,009238633,-0,3471637,0,1761407,-0,02217401,-0,2001086,-0,6056678,-0,01340913,-0,3519619,0,1671821,0,03814787,-0,3734829,-0,5339758,-0,07087026,-0,4929604,0,397274,-0,8263029,-0,4257024,-0,5680352,-0,1266746,-0,5655753,0,511414,-0,8351203,-0,1331429,-0,5579181,-0,01427204,-0,04565345,0,324464,-1,655144,0,0,0,0,0,0,0,0,0,0,0,0,0,0,0,0,0,0,0,0,0,0,0,0,0,0,0,0,0,0
111,-0,2689643,-0,5539306,-0,02762968,-0,2234013,-0,06377401,-0,8211895,-0,3320925,-0,5450047,-0,0465394,-0,1195997,-0,02811254,-1,252172,-0,3379124,-0,5931047,-0,05266974,-0,08037093,-0,02105535,-1,416021,-0,2736864,-0,6024011,-0,02948386,-0,2698378,-0,07275942,-0,5992364,-0,3926716,-0,5794534,-0,09254319,-0,6565156,0,1252652,-0,7716532,-0,2068837,-0,5598266,-0,005400075,-0,4150131,-0,1354635,0,191928,-0,210866,-0,6082817,-0,002613487,-0,5378681,-0,1306951,0,5397822,-0,3815829,-0,5320171,-0,08938798,-0,4050003,0,09793643,-0,9258863,-0,4384643,-0,5635504,-0,1418768,-0,6380918,0,2242447,-0,76011,-0,1430441,-0,5632892,0,01007289,-0,49506,-0,2685578,1,217247,0,0,0,0,0,0,0,0,0,0,0,0,0,0,0,0,0,0,0,0,0,0,0,0,0,0,0,0,0,0
112,-0,2725766,-0,5516261,-0,04265385,-0,180617,0,1152218,-0,7512086,-0,3354293,-0,5419101,-0,06225731,-0,1668394,0,1547307,-0,7858956,-0,3423529,-0,5900121,-0,06668609,-0,2220259,0,1546294,-0,7008173,-0,2793732,-0,5999313,-0,04060276,-0,2843426,0,123489,-0,5559453,-0,3861859,-0,5771186,-0,1184594,0,3242866,0,1167387,-1,295813,-0,210285,-0,5585511,-0,02150184,-0,1700626,0,06377401,-0,8050888,-0,2133739,-0,6072003,-0,02387356,-0,1253941,0,05407038,-1,063004,-0,3756191,-0,5297252,-0,1141251,0,2981873,0,1145959,-1,236856,-0,4321927,-0,5609332,-0,1673114,0,3135802,0,1308561,-1,271731,-0,1471145,-0,562561,-0,004364332,-0,2035194,0,03640951,-0,7218612,0,0,0,0,0,0,0,0,0,0,0,0,0,0,0,0,0,0,0,0,0,0,0,0,0,0,0,0,0,0
113,-0,2783006,-0,5460313,-0,06130714,-0,2862008,0,2797426,-0,9326648,-0,3423728,-0,5370257,-0,07694364,-0,3471778,0,2442152,-0,7343166,-0,3487315,-0,5850136,-0,08253908,-0,3189341,0,2499283,-0,7926501,-0,2821588,-0,5942841,-0,06757388,-0,1392782,0,2823592,-1,348557,-0,3718421,-0,5727139,-0,1463967,0,7171902,0,2202393,-1,396861,-0,2130572,-0,5514908,-0,05215117,-0,1386099,0,3530176,-1,532467,-0,2139301,-0,5991115,-0,06236197,-0,02780856,0,4044385,-1,924421,-0,3662573,-0,5249376,-0,138121,0,4680948,0,2393783,-1,199795,-0,4114072,-0,5572185,-0,2007686,1,039273,0,1857371,-1,672859,-0,1497258,-0,5550985,-0,03555314,-0,130567,0,3731282,-1,559441,0,0,0,0,0,0,0,0,0,0,0,0,0,0,0,0,0,0,0,0,0,0,0,0,0,0,0,0,0,0
114,-0,2738551,-0,5386671,-0,08151765,0,2222792,0,3682078,-1,010526,-0,3390726,-0,5348512,-0,06914907,0,165011,0,1087279,0,3897285,-0,3438913,-0,5830532,-0,07508142,0,2420143,0,09801988,0,3728831,-0,2765193,-0,5867208,-0,08899746,0,2819748,0,3781648,-1,071179,-0,3657902,-0,5711857,-0,1394828,0,302592,0,07640722,0,3456922,-0,2114155,-0,5441993,-0,06041249,0,08208531,0,3645749,-0,4130661,-0,2109931,-0,5921584,-0,06967925,0,1468473,0,3476562,-0,3658639,-0,3631383,-0,5233737,-0,1304341,0,1559467,0,07819536,0,3843443,-0,3937045,-0,5564533,-0,2009175,0,8851368,0,03826024,-0,007445368,-0,1477312,-0,5462922,-0,04424296,0,09973276,0,4403146,-0,4344912,0,0,0,0,0,0,0,0,0,0,0,0,0,0,0,0,0,0,0,0,0,0,0,0,0,0,0,0,0,0
115,-0,2714261,-0,5321413,-0,09172709,0,1214475,0,3262908,-0,5104722,-0,3336325,-0,5359864,-0,06843195,0,2720029,-0,05676153,0,03585593,-0,335395,-0,5837081,-0,07861941,0,4248114,-0,0327468,-0,1768992,-0,2716486,-0,5792324,-0,1042648,0,2435372,0,3744216,-0,7633693,-0,394011,-0,572217,-0,1133197,-1,411039,-0,05156698,1,308157,-0,2099968,-0,5377128,-0,0677564,0,07093328,0,3243269,-0,3671955,-0,2076248,-0,5846974,-0,08052964,0,1684167,0,3730507,-0,5425198,-0,3871277,-0,5243967,-0,106739,-1,199471,-0,05114974,1,184753,-0,392565,-0,5614725,-0,1815128,0,05697461,-0,2509625,0,9702351,-0,1493555,-0,5405295,-0,04270016,-0,08121434,0,2881349,0,07714036,0,0,0,0,0,0,0,0,0,0,0,0,0,0,0,0,0,0,0,0,0,0,0,0,0,0,0,0,0,0
116,-0,2839032,-0,5286422,-0,08415619,-0,6238552,0,1749546,0,3785452,-0,3357858,-0,5348937,-0,04299435,-0,1076624,0,05463662,1,27188,-0,3368183,-0,5831568,-0,05011749,-0,07116351,0,02756716,1,425097,-0,282465,-0,5768666,-0,09188972,-0,5408215,0,1182884,0,6187561,-0,3933526,-0,5743755,-0,08883373,0,03291817,-0,1079232,1,224298,-0,2190786,-0,5286974,-0,0696739,-0,4540922,0,4507663,-0,09587485,-0,2141482,-0,574317,-0,08627797,-0,3261701,0,5190195,-0,2874167,-0,3876154,-0,5262126,-0,08421118,-0,02438278,-0,09079281,1,126393,-0,4166671,-0,5638198,-0,1529688,-1,205106,-0,1173616,1,4272,-0,1886801,-0,5449734,-0,01380619,-1,966233,-0,2221943,1,444699,0,0,0,0,0,0,0,0,0,0,0,0,0,0,0,0,0,0,0,0,0,0,0,0,0,0,0,0,0,0
117,-0,3046767,-0,5427407,0,002073729,-1,038674,-0,7049236,4,311498,-0,3701193,-0,5344415,-0,00672155,-1,716676,0,02261103,1,813641,-0,3768186,-0,5826836,-0,009054018,-2,000015,0,02365709,2,053174,-0,309374,-0,5912967,0,001850258,-1,34545,-0,7215056,4,687001,-0,4184159,-0,5724716,-0,06323999,-1,253163,0,09519462,1,279688,-0,3254838,-0,5402623,0,06496683,-5,32026,-0,5782428,6,732039,-0,3371096,-0,5876536,0,06440915,-6,148073,-0,6668332,7,534359,-0,4075633,-0,5249901,-0,06119494,-0,9973962,0,06112459,1,150813,-0,4174972,-0,5681524,-0,1321484,-0,04150273,-0,2166302,1,041024,-0,2871028,-0,5496525,0,1175027,-4,92114,-0,2339573,6,565445,0,0,0,0,0,0,0,0,0,0,0,0,0,0,0,0,0,0,0,0,0,0,0,0,0,0,0,0,0,0
118,-0,4011003,-0,5271552,0,1003684,-4,821182,0,7792774,4,914737,-0,3911945,-0,5334134,0,03478618,-1,053761,0,05140604,2,075387,-0,4029253,-0,5807349,0,03672493,-1,305338,0,09743575,2,288948,-0,4155785,-0,5735553,0,1040048,-5,310226,0,8870724,5,107731,-0,3760228,-0,5882799,-0,02643121,2,119657,-0,7904145,1,84044,-0,3594242,-0,5351303,0,1511464,-1,697021,0,2566011,4,308982,-0,3693772,-0,5828097,0,1537904,-1,613379,0,2421946,4,469065,-0,3664528,-0,5404724,-0,02680147,2,055525,-0,7741186,1,719674,-0,3578497,-0,5905098,-0,09317017,2,982372,-1,117871,1,94891,-0,3119327,-0,5416903,0,1958759,-1,241495,0,3981085,3,918661,0,0,0,0,0,0,0,0,0,0,0,0,0,0,0,0,0,0,0,0,0,0,0,0,0,0,0,0,0,0
119,-0,3958156,-0,5288878,0,1412858,0,264232,-0,08663241,2,04587,-0,3750793,-0,5415681,0,07908139,0,8057597,-0,4077376,2,214761,-0,3745704,-0,5896734,0,08921966,1,417749,-0,4469247,2,624738,-0,409811,-0,5753912,0,1468929,0,2883734,-0,09179715,2,144405,-0,3211248,-0,5959506,0,04587639,2,744901,-0,3835352,3,615382,-0,3483462,-0,536893,0,1869454,0,5539002,-0,08813743,1,78995,-0,3623217,-0,5828114,0,1955345,0,3527717,-8,04663E-05,2,087203,-0,3297995,-0,5502799,0,03087253,1,832665,-0,4903706,2,883701,-0,2758285,-0,6021261,-0,00610918,4,101065,-0,5808177,4,353052,-0,3066733,-0,5395538,0,2377881,0,2629713,0,1068265,2,095614,0,0,0,0,0,0,0,0,0,0,0,0,0,0,0,0,0,0,0,0,0,0,0,0,0,0,0,0,0,0
120,-0,3471843,-0,549598,0,1270277,2,43157,-1,035509,-0,7129053,-0,3528673,-0,5527567,0,06071898,1,110599,-0,5594316,-0,9181207,-0,3612975,-0,6007467,0,06295981,0,6636413,-0,5536648,-1,312993,-0,3620591,-0,5958375,0,1317206,2,387595,-1,022312,-0,7586177,-0,3754649,-0,5994803,-0,004636513,-2,717006,-0,1764864,-2,525646,-0,3486687,-0,5414437,0,192742,-0,01612604,-0,2275349,0,2898292,-0,3657959,-0,5866039,0,1994581,-0,1737089,-0,1896263,0,1961806,-0,3696772,-0,55102,-0,003826857,-1,993883,-0,03700556,-1,73497,-0,3249996,-0,6031959,-0,05158237,-2,458559,-0,05348923,-2,27366,-0,3525019,-0,5295899,0,2572421,-2,29143,0,4981967,0,9726998,0,0,0,0,0,0,0,0,0,0,0,0,0,0,0,0,0,0,0,0,0,0,0,0,0,0,0,0,0,0
121,-0,3223352,-0,5514678,0,06684498,1,242453,-0,0934929,-3,009138,-0,3306205,-0,5477579,0,0009753388,1,112344,0,2499432,-2,987183,-0,3342127,-0,5963252,-0,002201332,1,354245,0,2210767,-3,258058,-0,3286829,-0,5998531,0,06637762,1,66881,-0,2007813,-3,267149,-0,3995445,-0,5883067,-0,02308283,-1,203984,0,5586835,-0,9223164,-0,312304,-0,5524775,0,1321805,1,818239,-0,5516919,-3,028076,-0,3103487,-0,6012794,0,1324928,2,772362,-0,7337782,-3,348265,-0,3925589,-0,5400411,-0,02271211,-1,144088,0,5489441,-0,9442631,-0,3381034,-0,5953155,-0,05379465,-0,6551894,0,3940226,-0,110614,-0,2906607,-0,5503049,0,1940088,3,092061,-1,035753,-3,161666,0,0,0,0,0,0,0,0,0,0,0,0,0,0,0,0,0,0,0,0,0,0,0,0,0,0,0,0,0,0
122,-0,3026565,-0,5490549,0,03875517,0,9839345,0,1206488,-1,404491,-0,3449619,-0,5445254,-0,01255628,-0,7170695,0,161621,-0,6765812,-0,351151,-0,5928574,-0,0127976,-0,8469183,0,173387,-0,5298135,-0,30378,-0,5977769,0,03694012,1,245144,0,1038105,-1,471876,-0,4189021,-0,5824292,-0,004574107,-0,9678785,0,2938749,0,9254367,-0,2844658,-0,5507488,0,1023892,1,391909,0,08643869,-1,489565,-0,2856623,-0,5995725,0,1028631,1,234322,0,08534495,-1,481485,-0,410606,-0,5343553,-0,006004077,-0,9023521,0,2842875,0,8354021,-0,365658,-0,5912241,-0,047729,-1,377728,0,2045662,0,3032825,-0,2857747,-0,5494509,0,168011,0,2442987,0,04270079,-1,299891,0,0,0,0,0,0,0,0,0,0,0,0,0,0,0,0,0,0,0,0,0,0,0,0,0,0,0,0,0,0
123,-0,320208,-0,5506781,0,03049869,-0,8775744,-0,08116367,-0,4128242,-0,3483815,-0,5434575,-0,0293234,-0,1709834,0,05339684,-0,8383566,-0,3549899,-0,5916304,-0,03304469,-0,1919464,0,06135109,-1,012355,-0,3270713,-0,5989693,0,02946903,-1,164563,-0,05961957,-0,3735543,-0,4120159,-0,5848743,0,005302968,0,3443108,-0,1222551,0,493854,-0,3239764,-0,5507339,0,09665731,-1,97553,0,0007450584,-0,2865949,-0,336001,-0,5979719,0,09742542,-2,516937,0,08003417,-0,2718837,-0,4060942,-0,5364723,0,003564127,0,2255903,-0,105849,0,4784104,-0,3800969,-0,5893769,-0,05576748,-0,7219467,0,09236339,-0,401924,-0,3156798,-0,5509153,0,1617561,-1,495253,-0,07321838,-0,3127472,0,0,0,0,0,0,0,0,0,0,0,0,0,0,0,0,0,0,0,0,0,0,0,0,0,0,0,0,0,0
124,-0,3455003,-0,5507058,0,05038761,-1,264613,-0,001382828,0,9944467,-0,3808503,-0,5405715,-0,005097563,-1,623439,0,1443029,1,211293,-0,3938315,-0,58753,-0,006557289,-1,942078,0,2050222,1,324371,-0,3597244,-0,5973899,0,05240826,-1,632654,0,07896724,1,146962,-0,448932,-0,571523,0,03190545,-1,845808,0,6675663,1,330125,-0,3339469,-0,5506982,0,1156335,-0,498526,0,00178516,0,948808,-0,3414052,-0,5988096,0,1183929,-0,2702103,-0,04188718,1,048373,-0,4368617,-0,5244719,0,02757402,-1,538379,0,6000193,1,200495,-0,4158486,-0,5838412,-0,02743872,-1,787584,0,2767832,1,416438,-0,3306229,-0,5465702,0,1810383,-0,7471535,0,217256,0,96411,0,0,0,0,0,0,0,0,0,0,0,0,0,0,0,0,0,0,0,0,0,0,0,0,0,0,0,0,0,0
125,-0,3313958,-0,5543441,0,05710549,0,7052216,-0,1819164,0,3358937,-0,3734719,-0,5447436,0,00642946,0,3689186,-0,2086074,0,5763514,-0,3839233,-0,59235,0,004911,0,4954102,-0,2410025,0,5734147,-0,3420213,-0,6019261,0,05870872,0,8851562,-0,2268077,0,315023,-0,4493244,-0,5766016,0,02058295,-0,01961739,-0,2539338,-0,5661252,-0,3369934,-0,5499299,0,1229388,-0,1523242,0,03841521,0,3652649,-0,351685,-0,5963104,0,1262926,-0,5139889,0,1249582,0,3949864,-0,4375455,-0,5293896,0,01735943,-0,03418924,-0,2458812,-0,51073,-0,441691,-0,5815814,-0,04783712,-1,292125,0,1129926,-1,01992,-0,3205929,-0,5496824,0,1864852,0,5014988,-0,1556099,0,2723472,0,0,0,0,0,0,0,0,0,0,0,0,0,0,0,0,0,0,0,0,0,0,0,0,0,0,0,0,0,0
126,-0,3167726,-0,5541238,0,06003077,0,73116,0,01101792,0,1462641,-0,3751647,-0,5436896,0,02979517,-0,08464012,0,05269947,1,168286,-0,384585,-0,5915193,0,02948113,-0,03308506,0,04153551,1,228507,-0,3238093,-0,6023771,0,0599688,0,9105999,-0,02254845,0,06300381,-0,4224353,-0,5819209,-0,02749857,1,344455,-0,265965,-2,404077,-0,3070788,-0,5546104,0,1254928,1,495727,-0,2340288,0,1277015,-0,3154985,-0,6025513,0,1279637,1,809325,-0,3120424,0,08355531,-0,4121071,-0,5343787,-0,02504782,1,27192,-0,2494575,-2,120363,-0,4866774,-0,5653172,-0,04669911,-2,249319,0,8132073,0,05690048,-0,3000804,-0,5517007,0,1907663,1,025625,-0,1009137,0,2140575,0,0,0,0,0,0,0,0,0,0,0,0,0,0,0,0,0,0,0,0,0,0,0,0,0,0,0,0,0,0
127,-0,3329563,-0,5465956,0,07573483,-0,809181,0,3764094,0,7852036,-0,3741798,-0,5385433,0,02420183,0,04924389,0,2573133,-0,2796667,-0,3836908,-0,5864235,0,02326412,0,04470797,0,2547891,-0,3108507,-0,3398637,-0,5948375,0,07570324,-0,8027214,0,3769757,0,7867226,-0,4048655,-0,5791662,-0,04202888,0,8784879,0,1377375,-0,7265158,-0,2850091,-0,5523431,0,120872,1,10349,0,1133651,-0,231037,-0,2904348,-0,6007721,0,1227917,1,253182,0,08895699,-0,2585997,-0,3929217,-0,5319523,-0,03949922,0,959273,0,1213193,-0,7225702,-0,4712023,-0,5611408,-0,03546847,0,773758,0,208822,0,5615322,-0,2835445,-0,5491845,0,1864651,0,8267957,0,1258076,-0,2150633,0,0,0,0,0,0,0,0,0,0,0,0,0,0,0,0,0,0,0,0,0,0,0,0,0,0,0,0,0,0
128,-0,349376,-0,5378775,0,08667248,-0,8209857,0,4359038,0,5468825,-0,3616205,-0,5356426,0,02128491,0,627965,0,145036,-0,1458463,-0,3734042,-0,5829261,0,02092628,0,5143331,0,1748712,-0,1168922,-0,3596058,-0,5855286,0,08836444,-0,987107,0,4654469,0,63306,-0,3827219,-0,5782192,-0,04735654,1,107184,0,04734697,-0,266383,-0,2950045,-0,5472664,0,1232557,-0,4997703,0,2538354,0,119184,-0,3020697,-0,5954701,0,1241787,-0,5817431,0,2651007,0,06935152,-0,3733321,-0,5304535,-0,0442237,0,979476,0,07494095,-0,2362245,-0,4398747,-0,5630618,-0,08302078,1,566379,-0,09605292,-2,377617,-0,2597304,-0,5505049,0,1785325,1,190703,-0,06602111,-0,3966318,0,0,0,0,0,0,0,0,0,0,0,0,0,0,0,0,0,0,0,0,0,0,0,0,0,0,0,0,0,0
129,-0,3328836,-0,5475906,0,07475583,0,8246171,-0,4856529,-0,5958328,-0,3554848,-0,5403923,0,01245469,0,3067882,-0,2374829,-0,4415112,-0,3574601,-0,5886635,0,006656093,0,797205,-0,2868683,-0,7135094,-0,3369043,-0,5960692,0,07206923,1,135077,-0,5270274,-0,8147608,-0,4025286,-0,5788172,-0,04470814,-0,9903376,-0,02990068,0,13242,-0,3042296,-0,5521193,0,1342355,-0,4612582,-0,2426446,0,5489877,-0,3115884,-0,6003249,0,1356997,-0,4759373,-0,242737,0,5760505,-0,3961781,-0,5305896,-0,03971958,-1,142298,-0,006806853,0,2252064,-0,4002471,-0,5706034,-0,1131644,1,98138,-0,37708,-1,507183,-0,2477972,-0,5588972,0,1671274,0,5966606,-0,4196139,-0,5702513,0,0,0,0,0,0,0,0,0,0,0,0,0,0,0,0,0,0,0,0,0,0,0,0,0,0,0,0,0,0
130,-0,3437866,-0,544874,0,07831288,-0,5451503,0,1358301,0,1778529,-0,3897966,-0,5350257,0,0312147,-1,715591,0,2683313,0,9380007,-0,4018675,-0,5822663,0,03188071,-2,220372,0,3198565,1,261231,-0,3564232,-0,5917535,0,08279678,-0,9759459,0,2157808,0,536378,-0,4507214,-0,5685907,-0,01504393,-2,409639,0,5113276,1,483211,-0,2866206,-0,5562811,0,1097338,0,8804504,-0,2080918,-1,225083,-0,2960346,-0,6040582,0,112751,0,7776934,-0,1866669,-1,14744,-0,436037,-0,5221621,-0,01515336,-1,992945,0,4213752,1,228311,-0,4631494,-0,563183,-0,08279123,-3,145118,0,3710212,1,518661,-0,2391216,-0,5621323,0,1546347,0,4337789,-0,1617551,-0,6246383,0,0,0,0,0,0,0,0,0,0,0,0,0,0,0,0,0,0,0,0,0,0,0,0,0,0,0,0,0,0
131,-0,3441489,-0,5495294,0,07919263,-0,01811237,-0,2327711,0,0439875,-0,3850938,-0,5410798,0,02727753,0,2351404,-0,3027083,-0,1968584,-0,4006714,-0,5872358,0,03126196,0,05980583,-0,248474,-0,03093743,-0,3552687,-0,5969251,0,08199225,0,05772414,-0,2585799,-0,04022682,-0,446314,-0,5744177,-0,01883731,0,2203689,-0,2913476,-0,1896693,-0,2929767,-0,5581536,0,1203104,-0,3178046,-0,09362403,0,528829,-0,3018507,-0,6059208,0,1239067,-0,2908082,-0,09312931,0,5577898,-0,4319809,-0,5278324,-0,01842871,0,2028019,-0,2835126,-0,1637671,-0,4244813,-0,5789227,-0,08421569,1,933408,-0,7869872,-0,07122311,-0,2370244,-0,5651955,0,1540146,0,1048603,-0,1531602,-0,03100337,0,0,0,0,0,0,0,0,0,0,0,0,0,0,0,0,0,0,0,0,0,0,0,0,0,0,0,0,0,0
132,-0,3353124,-0,5521317,0,07970037,0,4418256,-0,130117,0,02538675,-0,3805702,-0,5438778,0,03173489,0,2261774,-0,1399011,0,2228681,-0,3965181,-0,5896161,0,03751498,0,2076642,-0,1190156,0,3126515,-0,3487885,-0,5985332,0,08639333,0,324011,-0,08040372,0,2200541,-0,4349045,-0,5810456,-0,01940585,0,5704763,-0,331399,-0,02842677,-0,2845933,-0,5597088,0,1214192,0,4191698,-0,07776025,0,05543979,-0,2972214,-0,6058666,0,1309147,0,2314658,0,002712013,0,3503987,-0,4235732,-0,5336134,-0,01827471,0,4203873,-0,2890528,0,007699713,-0,4005183,-0,5863256,-0,07898676,1,198148,-0,370145,0,2614469,-0,2353873,-0,5635513,0,164758,0,08185807,0,08220974,0,5371707,0,0,0,0,0,0,0,0,0,0,0,0,0,0,0,0,0,0,0,0,0,0,0,0,0,0,0,0,0,0
133,-0,3250078,-0,5510432,0,07662364,0,5152272,0,054428,-0,1538363,-0,3751071,-0,5426391,0,03367233,0,2731563,0,06193819,0,09687193,-0,3843031,-0,5905456,0,03363564,0,6107497,-0,04647376,-0,1939674,-0,3338158,-0,5989516,0,07961357,0,7486331,-0,02092124,-0,3389881,-0,4383684,-0,57843,-0,007533429,-0,1731978,0,1307816,0,5936213,-0,2752039,-0,5565427,0,1198298,0,4694702,0,158307,-0,07947165,-0,2824624,-0,604497,0,1245623,0,737949,0,06847981,-0,3176202,-0,4264323,-0,5311815,-0,007473592,-0,1429543,0,1215965,0,5400562,-0,4010064,-0,586243,-0,065077,-0,02440215,0,004130604,0,6954882,-0,2251023,-0,5591393,0,1622293,0,5142512,0,2206028,-0,1264379,0,0,0,0,0,0,0,0,0,0,0,0,0,0,0,0,0,0,0,0,0,0,0,0,0,0,0,0,0,0
134,-0,3329922,-0,5435407,0,06073634,-0,3992186,0,375122,-0,7943652,-0,3851884,-0,5333816,0,02083462,-0,5040662,0,4628749,-0,6418859,-0,3999717,-0,5795063,0,02695993,-0,7834274,0,5519661,-0,3337858,-0,3440404,-0,5907398,0,06569743,-0,5112262,0,4105897,-0,695807,-0,4491081,-0,5676231,-0,02025452,-0,5369844,0,5403461,-0,6360549,-0,2749036,-0,5527998,0,09098192,0,01501442,0,1871467,-1,442392,-0,2855762,-0,5994441,0,1004774,-0,1556859,0,2526433,-1,204247,-0,4379102,-0,520115,-0,01794792,-0,5738961,0,5533251,-0,5237168,-0,3847268,-0,5800122,-0,0419572,0,8139807,0,3115417,1,15599,-0,2174653,-0,5587782,0,1222563,0,3818461,0,01805425,-1,998649,0,0,0,0,0,0,0,0,0,0,0,0,0,0,0,0,0,0,0,0,0,0,0,0,0,0,0,0,0,0
135,-0,3275121,-0,5446101,0,04302068,0,2740042,-0,05347135,-0,8857833,-0,3822237,-0,5336516,0,006763079,0,1482368,-0,01350046,-0,7035772,-0,3912883,-0,5815298,0,00437657,0,4341708,-0,1011759,-1,129168,-0,3362046,-0,592657,0,04412166,0,3917889,-0,09585921,-1,078789,-0,4475386,-0,5672665,-0,03300231,0,07847401,0,01782776,-0,6373896,-0,2625698,-0,5556107,0,05019667,0,6166922,-0,1405478,-2,039263,-0,2684538,-0,6034986,0,04334226,0,8561198,-0,2027274,-2,856757,-0,4357746,-0,5199816,-0,03066076,0,1067788,0,006669763,-0,6356422,-0,3845737,-0,5799662,-0,05849949,0,007653239,0,00230074,-0,8271146,-0,1974325,-0,5632344,0,05385077,1,001643,-0,2228112,-3,420278,0,0,0,0,0,0,0,0,0,0,0,0,0,0,0,0,0,0,0,0,0,0,0,0,0,0,0,0,0,0
136,-0,3035611,-0,5509906,0,01080296,1,197553,-0,319025,-1,610887,-0,3632141,-0,5409071,-0,01691401,0,9504799,-0,3627779,-1,183855,-0,3715129,-0,5889328,-0,01867828,0,9887655,-0,370151,-1,152743,-0,3094548,-0,5993907,0,009263948,1,33749,-0,3366829,-1,742886,-0,4340574,-0,5753655,-0,04460321,0,6740632,-0,4049511,-0,5800455,-0,2377446,-0,5581635,0,01167467,1,24126,-0,1276374,-1,926101,-0,2416615,-0,6065915,0,01627581,1,339613,-0,1546443,-1,353323,-0,4230748,-0,5278656,-0,04333825,0,6349939,-0,3942014,-0,6338746,-0,3776013,-0,5858624,-0,08295653,0,3486188,-0,2948107,-1,222853,-0,1722765,-0,5624586,0,01514844,1,257798,0,03879072,-1,935117,0,0,0,0,0,0,0,0,0,0,0,0,0,0,0,0,0,0,0,0,0,0,0,0,0,0,0,0,0,0
137,-0,2704411,-0,5493112,-0,04455753,1,655996,0,08397105,-2,768025,-0,3350582,-0,541866,-0,0585903,1,407797,-0,04794301,-2,083816,-0,3406548,-0,5901539,-0,06279778,1,542909,-0,06105604,-2,205976,-0,2736376,-0,5977464,-0,04908213,1,790862,0,08221272,-2,917305,-0,406422,-0,582332,-0,04315136,1,381769,-0,3483237,0,07259253,-0,2076226,-0,5543189,-0,02422377,1,5061,0,192228,-1,794923,-0,2087106,-0,6029354,-0,02806641,1,647548,0,1828045,-2,217112,-0,400252,-0,5340229,-0,04604052,1,14114,-0,3078641,-0,1351134,-0,3587059,-0,5898453,-0,09248877,0,9447727,-0,1991452,-0,4766123,-0,1468683,-0,5568957,0,0005467926,1,270415,0,2781422,-0,7300829,0,0,0,0,0,0,0,0,0,0,0,0,0,0,0,0,0,0,0,0,0,0,0,0,0,0,0,0,0,0
138,-0,2517056,-0,5474822,-0,05620427,0,9367782,0,09145144,-0,5823373,-0,3171311,-0,5424484,-0,06741754,0,8963544,-0,02911986,-0,441362,-0,3206411,-0,5905354,-0,07436536,1,000683,-0,01907349,-0,5783791,-0,2529765,-0,595802,-0,06251637,1,033052,0,09722117,-0,6717124,-0,3879178,-0,585727,-0,05912781,0,9252135,-0,1697511,-0,7988225,-0,1869878,-0,5499632,-0,04233991,1,031743,0,2177865,-0,9058075,-0,1855481,-0,5979992,-0,05083624,1,158123,0,246811,-1,138492,-0,3833289,-0,5370811,-0,05990423,0,8461524,-0,1529098,-0,6931857,-0,331904,-0,5900601,-0,09927697,1,340095,-0,01074076,-0,3394098,-0,1288634,-0,5529428,-0,01191661,0,9002451,0,1976491,-0,6231706,0,0,0,0,0,0,0,0,0,0,0,0,0,0,0,0,0,0,0,0,0,0,0,0,0,0,0,0,0,0
139,-0,2629179,-0,5439316,-0,03338366,-0,5606162,0,1775295,1,141031,-0,3262788,-0,5395201,-0,0545502,-0,4573839,0,1464159,0,6433674,-0,3293444,-0,5878925,-0,05782354,-0,4351633,0,1321465,0,8270913,-0,2616953,-0,591513,-0,0445242,-0,4359396,0,2144487,0,899609,-0,3954818,-0,5803488,-0,07638067,-0,3782006,0,2689124,-0,8626435,-0,2171662,-0,5532089,0,01386158,-1,50892,-0,1622856,2,810076,-0,2173967,-0,6014991,0,006761503,-1,592431,-0,1749934,2,879888,-0,3895549,-0,531809,-0,07442923,-0,3112973,0,2636046,-0,7262505,-0,3312885,-0,5853034,-0,1014328,0,03077389,0,2378375,-0,1077913,-0,2209616,-0,5621289,0,07878822,-4,604913,-0,4593076,4,535244,0,0,0,0,0,0,0,0,0,0,0,0,0,0,0,0,0,0,0,0,0,0,0,0,0,0,0,0,0,0
140,-0,3637766,-0,5298548,0,08521305,-5,042936,0,7038388,5,929838,-0,3415691,-0,5320687,0,02276286,-0,7645163,0,3725679,3,865655,-0,3390508,-0,5807443,0,02398522,-0,4853221,0,3574105,4,090439,-0,3634258,-0,5786663,0,0885262,-5,086524,0,6423386,6,652523,-0,3553903,-0,5806451,-0,04360608,2,004572,-0,01481772,1,63873,-0,3673173,-0,5241706,0,1506654,-7,507562,1,451913,6,840193,-0,3713103,-0,5726272,0,1564636,-7,695683,1,443595,7,485106,-0,3457265,-0,5328537,-0,04394975,2,191421,-0,05223455,1,523975,-0,3612541,-0,5777233,-0,112588,-1,49828,0,3790022,-0,5577618,-0,3405992,-0,5192108,0,2104907,-5,981884,2,145908,6,585128,0,0,0,0,0,0,0,0,0,0,0,0,0,0,0,0,0,0,0,0,0,0,0,0,0,0,0,0,0,0
141,-0,3513235,-0,5245013,0,1188003,0,6226572,0,2676756,1,679365,-0,349731,-0,5299305,0,05245664,-0,4080938,0,1069129,1,484689,-0,3599801,-0,5775394,0,05505437,-1,046466,0,1602412,1,553458,-0,3592991,-0,5724858,0,1237346,0,2063335,0,3090234,1,760422,-0,3490597,-0,5815295,-0,01327844,0,3165306,-0,04421772,1,516382,-0,371339,-0,5143241,0,181171,-0,2010823,0,4923256,1,525283,-0,3731505,-0,5621666,0,1901244,-0,09200726,0,523028,1,683042,-0,3441193,-0,5330242,-0,01373312,0,0803605,-0,008523468,1,510832,-0,3274508,-0,5821314,-0,07921255,1,690165,-0,2204032,1,668774,-0,3831958,-0,5014164,0,2446467,-2,129831,0,8897159,1,707797,0,0,0,0,0,0,0,0,0,0,0,0,0,0,0,0,0,0,0,0,0,0,0,0,0,0,0,0,0,0
142,-0,4127435,-0,518185,0,1305824,-3,071002,0,3158183,0,5891031,-0,3818602,-0,5303958,0,0730489,-1,606464,-0,02326668,1,029614,-0,3891274,-0,5782681,0,07791175,-1,457362,-0,03643037,1,142869,-0,4229726,-0,5655782,0,1366816,-3,183678,0,3453793,0,6473503,-0,3729065,-0,5854314,0,01105022,-1,192341,-0,195095,1,216433,-0,4143676,-0,5089542,0,1963565,-2,151429,0,2684952,0,7592734,-0,4339998,-0,5530805,0,2032397,-3,042468,0,4543068,0,6557631,-0,3638294,-0,5375463,0,009242218,-0,9855066,-0,2261043,1,148767,-0,3506625,-0,5905067,-0,05405802,-1,160583,-0,4187645,1,257727,-0,3979766,-0,5055831,0,25999,-0,7390398,-0,2083332,0,7671672,0,0,0,0,0,0,0,0,0,0,0,0,0,0,0,0,0,0,0,0,0,0,0,0,0,0,0,0,0,0
143,-0,429209,-0,52188,0,1510117,-0,823276,-0,1847506,1,021466,-0,4059714,-0,5348688,0,08999975,-1,205559,-0,2236516,0,8475426,-0,4156581,-0,5824308,0,09568368,-1,326539,-0,2081395,0,8885968,-0,4448316,-0,5677649,0,1563351,-1,092951,-0,1093358,0,9826746,-0,3679247,-0,5959429,0,04767838,0,2490924,-0,5255761,1,831409,-0,4008268,-0,5235504,0,2107664,0,677039,-0,7298085,0,7204975,-0,4142219,-0,5698891,0,2176057,0,9888936,-0,8404288,0,7183018,-0,3634973,-0,5479147,0,0402328,0,01660288,-0,5184235,1,54953,-0,3268379,-0,6064966,-0,006790204,1,191228,-0,7994953,2,363392,-0,3887896,-0,5166185,0,2749323,0,4593508,-0,5517724,0,7471147,0,0,0,0,0,0,0,0,0,0,0,0,0,0,0,0,0,0,0,0,0,0,0,0,0,0,0,0,0,0
144,-0,4286757,-0,5235388,0,1641091,0,02666266,-0,08294287,0,6548705,-0,4020536,-0,535718,0,104249,0,1958907,-0,04245641,0,7124643,-0,4056378,-0,5838198,0,1116854,0,5010175,-0,06944838,0,8000888,-0,4412608,-0,570456,0,1692091,0,1785428,-0,1345516,0,6436991,-0,3756434,-0,5937008,0,05027744,-0,3859372,0,1121074,0,1299529,-0,3848944,-0,5289176,0,2134338,0,7966179,-0,2683581,0,1333662,-0,3973947,-0,5753477,0,221522,0,8413631,-0,2729298,0,1958155,-0,3724888,-0,5452719,0,04527069,-0,4495727,0,1321406,0,2518945,-0,3423889,-0,6004054,-0,009929757,-0,7775503,0,304559,-0,1569777,-0,3467202,-0,5291945,0,2670093,2,103472,-0,6287994,-0,3961505,0,0,0,0,0,0,0,0,0,0,0,0,0,0,0,0,0,0,0,0,0,0,0,0,0,0,0,0,0,0
145,-0,4258507,-0,5229617,0,1622525,0,1412511,0,0288576,-0,09283055,-0,3990443,-0,5342244,0,1023842,0,150463,0,07467869,-0,09324405,-0,4059687,-0,5822594,0,1073672,-0,01654626,0,07801953,-0,2159116,-0,4380152,-0,5699895,0,1670962,0,1622797,0,02332331,-0,1056456,-0,3954401,-0,5890531,0,03946789,-0,9898339,0,2323837,-0,5404778,-0,3780339,-0,5297081,0,2074806,0,3430279,-0,03952982,-0,297659,-0,3883922,-0,5768937,0,2138335,0,4501225,-0,07730427,-0,384427,-0,3887625,-0,5408431,0,03677763,-0,8136871,0,2214403,-0,4246533,-0,3399688,-0,5973432,-0,0008997902,0,1210079,0,1531095,0,4514985,-0,3420664,-0,5293466,0,2623808,0,2326862,-0,007602575,-0,2314256,0,0,0,0,0,0,0,0,0,0,0,0,0,0,0,0,0,0,0,0,0,0,0,0,0,0,0,0,0,0
146,-0,4272997,-0,5221478,0,1527713,-0,07244799,0,04069211,-0,474059,-0,4151401,-0,5304214,0,08789098,-0,8047867,0,1901508,-0,7246587,-0,4271438,-0,5775924,0,09069467,-1,058755,0,2333493,-0,8336275,-0,4407561,-0,5687509,0,1576397,-0,1370431,0,06192925,-0,4728259,-0,4054996,-0,5851277,0,02553625,-0,502977,0,1962722,-0,6965821,-0,3802755,-0,5298807,0,1987311,-0,1120791,-0,008627776,-0,4374722,-0,39093,-0,5771527,0,2038851,-0,1268879,-0,01294911,-0,4974196,-0,3979062,-0,5370185,0,0236513,-0,4571872,0,1912326,-0,6563166,-0,3404882,-0,5946572,0,004328856,-0,02597125,0,1343012,0,2614324,-0,3311435,-0,5354074,0,2420089,0,5461457,-0,3030421,-1,018596,0,0,0,0,0,0,0,0,0,0,0,0,0,0,0,0,0,0,0,0,0,0,0,0,0,0,0,0,0,0
147,-0,4197799,-0,5259984,0,1518241,0,3759907,-0,1925261,-0,04736336,-0,4230744,-0,5302964,0,08551458,-0,3967153,0,006246569,-0,1188204,-0,4360763,-0,5772019,0,08822733,-0,4466252,0,01952649,-0,1233671,-0,4328332,-0,5727399,0,1568641,0,3961445,-0,1994491,-0,0387788,-0,4187796,-0,5839343,0,02169603,-0,6640005,0,05966725,-0,1920111,-0,3663068,-0,535844,0,1895444,0,6984326,-0,2981664,-0,4593374,-0,3760753,-0,5834391,0,1936823,0,7427368,-0,3143163,-0,5101377,-0,4104599,-0,53587,0,02018059,-0,6276848,0,05742612,-0,1735355,-0,3530904,-0,5939898,0,002836934,-0,6301122,0,0333667,-0,07459615,-0,3246827,-0,5391859,0,2402177,0,3230424,-0,1889259,-0,08955974,0,0,0,0,0,0,0,0,0,0,0,0,0,0,0,0,0,0,0,0,0,0,0,0,0,0,0,0,0,0
148,-0,4039004,-0,5311229,0,1437975,0,7939744,-0,2562256,-0,4013272,-0,4132153,-0,5335036,0,07794208,0,4929545,-0,1603574,-0,3786249,-0,4240541,-0,5809581,0,0802515,0,6011101,-0,1878113,-0,3987917,-0,4167919,-0,5778807,0,1486849,0,8020657,-0,2570421,-0,4089566,-0,449122,-0,57652,0,01605885,-1,517116,0,3707172,-0,2818591,-0,3577764,-0,5378613,0,1908019,0,4265221,-0,100866,0,06287547,-0,3703527,-0,5842969,0,198626,0,2861307,-0,0428945,0,2471828,-0,4379525,-0,529028,0,01613949,-1,37463,0,342098,-0,2020553,-0,3902574,-0,5887085,-0,01797317,-1,858347,0,2640695,-1,040506,-0,3071876,-0,5437014,0,2322877,0,8747551,-0,2257706,-0,3964999,0,0,0,0,0,0,0,0,0,0,0,0,0,0,0,0,0,0,0,0,0,0,0,0,0,0,0,0,0,0
149,-0,3877106,-0,5374882,0,1239634,0,809488,-0,3182681,-0,9917055,-0,4064675,-0,5344474,0,06015476,0,3373877,-0,04718902,-0,8893664,-0,4163219,-0,5821724,0,05983648,0,3866123,-0,06071331,-1,020752,-0,399293,-0,5847933,0,1265057,0,8749414,-0,3456296,-1,108961,-0,4665898,-0,5697616,0,01418266,-0,8733947,0,3379197,-0,09380964,-0,3505526,-0,5426288,0,1784794,0,3611879,-0,238371,-0,6161238,-0,3615015,-0,5898368,0,1834346,0,4425572,-0,2769948,-0,7595691,-0,4546546,-0,5223946,0,01560669,-0,8351061,0,3316702,-0,02663966,-0,4011929,-0,5836236,-0,003660557,-0,546776,0,2542437,0,7156309,-0,3172624,-0,5435327,0,2351034,-0,5037429,0,008434061,0,140787,0,0,0,0,0,0,0,0,0,0,0,0,0,0,0,0,0,0,0,0,0,0,0,0,0,0,0,0,0,0
150,-0,3712305,-0,5417543,0,1025726,0,8240092,-0,2133043,-1,069541,-0,4046247,-0,5345303,0,04548053,0,09214137,-0,004145505,-0,7337117,-0,4172847,-0,5816207,0,04596248,-0,04814269,0,02758504,-0,6937,-0,3790593,-0,5898678,0,1027213,1,011689,-0,2537222,-1,189225,-0,4827563,-0,562326,0,03566803,-0,8083257,0,3717782,1,074269,-0,3409135,-0,5453509,0,1612198,0,4819559,-0,1361073,-0,8629839,-0,3496221,-0,5932117,0,164538,0,593971,-0,1687408,-0,9448301,-0,4677048,-0,5158731,0,03415948,-0,6525087,0,3260763,0,9276395,-0,4276238,-0,5792344,-0,002564519,-1,321546,0,2194614,0,05480194,-0,3094379,-0,5462821,0,2188648,0,3912257,-0,1374692,-0,8119333,0,0,0,0,0,0,0,0,0,0,0,0,0,0,0,0,0,0,0,0,0,0,0,0,0,0,0,0,0,0
151,-0,3633432,-0,5428497,0,08240888,0,3943609,-0,05476775,-1,008187,-0,4039929,-0,5323997,0,03073365,0,03159196,0,1065314,-0,7373444,-0,4163609,-0,5795665,0,02979824,0,04619362,0,1027078,-0,8082126,-0,3754579,-0,5900342,0,08421785,0,1800672,-0,008323792,-0,925171,-0,4824827,-0,5604488,0,03553865,0,01368225,0,09386245,-0,006468783,-0,3218115,-0,5504948,0,1333284,0,9551007,-0,2571941,-1,394568,-0,3357661,-0,5968068,0,1396967,0,6927985,-0,1797558,-1,242066,-0,4681456,-0,5139233,0,0321129,-0,02204181,0,09748939,-0,1023287,-0,4610756,-0,5701274,-0,02939895,-1,672592,0,4553499,-1,341722,-0,2837734,-0,5538636,0,1867753,1,283226,-0,3790797,-1,604475,0,0,0,0,0,0,0,0,0,0,0,0,0,0,0,0,0,0,0,0,0,0,0,0,0,0,0,0,0,0
152,-0,3482992,-0,5434483,0,06611432,0,7522005,-0,02993346,-0,814728,-0,4054558,-0,5304031,0,03450463,-0,07314536,0,09982888,0,1885489,-0,4188359,-0,5771526,0,03740158,-0,1237542,0,1206995,0,380167,-0,3590268,-0,5910193,0,06863028,0,8215535,-0,04925134,-0,7793787,-0,47492,-0,5615281,0,0002230652,0,378135,-0,05396607,-1,76578,-0,2960997,-0,5523722,0,1058746,1,285592,-0,09387139,-1,37269,-0,3014815,-0,6007571,0,104694,1,714233,-0,197515,-1,750135,-0,4599484,-0,5151052,-0,0008585026,0,4098625,-0,05909803,-1,648571,-0,4915807,-0,5560659,-0,0665664,-1,525255,0,7030728,-1,858373,-0,2470062,-0,5578523,0,1490742,1,838361,-0,1994313,-1,885056,0,0,0,0,0,0,0,0,0,0,0,0,0,0,0,0,0,0,0,0,0,0,0,0,0,0,0,0,0,0
153,-0,3455522,-0,541736,0,05550553,0,137353,0,08561615,-0,5304399,-0,3981826,-0,5291153,0,01681236,0,363657,0,06438794,-0,8846138,-0,4112583,-0,5760697,0,01769898,0,3788845,0,0541419,-0,9851304,-0,3571615,-0,5890009,0,05832403,0,09326939,0,1009167,-0,5153126,-0,440365,-0,5673102,-0,044303,1,727749,-0,2891065,-2,226304,-0,2897066,-0,5523707,0,08935796,0,3196539,7,450584E-05,-0,8258339,-0,2982841,-0,6003103,0,09150669,0,1598672,0,02233983,-0,659367,-0,4278212,-0,5202228,-0,04232964,1,606359,-0,2558769,-2,073558,-0,4979171,-0,549,-0,07774837,-0,3168212,0,3532948,-0,5590985,-0,2362504,-0,5594274,0,1268561,0,5377913,-0,07875565,-1,110905,0,0,0,0,0,0,0,0,0,0,0,0,0,0,0,0,0,0,0,0,0,0,0,0,0,0,0,0,0,0
154,-0,3342384,-0,5469213,0,03582522,0,5656871,-0,2592624,-0,9840161,-0,3711668,-0,5367713,-0,0185725,1,350791,-0,3827991,-1,769243,-0,3772317,-0,5847508,-0,02457612,1,701329,-0,4340531,-2,113755,-0,342559,-0,5949335,0,03420046,0,7301244,-0,2966256,-1,206179,-0,4168652,-0,5708848,-0,07947198,1,174993,-0,1787306,-1,758449,-0,2915025,-0,5549091,0,08571102,-0,08979741,-0,1269162,-0,1823467,-0,3021993,-0,6023828,0,08915851,-0,1957596,-0,1036257,-0,1174093,-0,4065454,-0,5235141,-0,07355599,1,06379,-0,1645655,-1,561318,-0,4827141,-0,5534032,-0,09085851,0,7601517,-0,2201588,-0,6555076,-0,2338455,-0,5648839,0,1154868,0,1202442,-0,2728255,-0,5684624,0,0,0,0,0,0,0,0,0,0,0,0,0,0,0,0,0,0,0,0,0,0,0,0,0,0,0,0,0,0
155,-0,3130274,-0,5508733,0,02554715,1,060555,-0,1976014,-0,5139036,-0,3656703,-0,5400275,-0,0139831,0,2748282,-0,1628101,0,2294701,-0,3690504,-0,587813,-0,02364346,0,4090638,-0,1531125,0,04663283,-0,3192702,-0,5992008,0,02243626,1,16444,-0,2133698,-0,58821,-0,4231348,-0,5737414,-0,0642815,-0,3134788,-0,1428277,0,759524,-0,2789806,-0,5583115,0,08209611,0,6260949,-0,1701207,-0,1807459,-0,2868547,-0,6063886,0,08222864,0,7672298,-0,2002925,-0,3464935,-0,4141926,-0,5262377,-0,05746574,-0,3823565,-0,1361788,0,8045127,-0,476523,-0,5561171,-0,1044613,0,3095539,-0,135693,-0,680141,-0,2173016,-0,5675185,0,1025999,0,827195,-0,1317323,-0,6443473,0,0,0,0,0,0,0,0,0,0,0,0,0,0,0,0,0,0,0,0,0,0,0,0,0,0,0,0,0,0
156,-0,313164,-0,5520586,0,04640015,-0,006830695,-0,0592679,1,042651,-0,3644534,-0,541176,0,005565379,0,06084295,-0,05742612,0,9774244,-0,3795895,-0,5871915,0,01052712,-0,5269529,0,03107489,1,70853,-0,3264652,-0,5985289,0,053025,-0,3597485,0,03359617,1,529438,-0,4162389,-0,5794148,-0,04759749,0,3447922,-0,2836705,0,8342009,-0,2633411,-0,5591549,0,08940028,0,781976,-0,0421703,0,365209,-0,2719809,-0,6069449,0,0937769,0,7436919,-0,02781452,0,5774131,-0,401115,-0,5330962,-0,04958927,0,6538766,-0,3429265,0,3938237,-0,4487792,-0,5694659,-0,1077773,1,387191,-0,6674441,-0,1658001,-0,1985854,-0,5700401,0,08908222,0,9358127,-0,1260788,-0,6758831,0,0,0,0,0,0,0,0,0,0,0,0,0,0,0,0,0,0,0,0,0,0,0,0,0,0,0,0,0,0
157,-0,2984788,-0,5561153,0,05700698,0,734261,-0,2028317,0,5303415,-0,3423371,-0,5502812,0,007350636,1,105814,-0,4552605,0,08926286,-0,3535425,-0,5976275,0,010326,1,302347,-0,5218001,-0,01005587,-0,3085146,-0,6035687,0,0621381,0,8975286,-0,2519906,0,4556552,-0,3858239,-0,5916778,-0,05053984,1,520752,-0,6131502,-0,1471177,-0,2404824,-0,5640291,0,08794138,1,142935,-0,2437116,-0,07294531,-0,2467721,-0,6123371,0,09053139,1,260439,-0,2696068,-0,1622756,-0,3789197,-0,5434057,-0,04805395,1,109769,-0,515476,0,07676616,-0,4200848,-0,5821686,-0,1097101,1,43472,-0,6351324,-0,09663854,-0,1759548,-0,5720914,0,07891029,1,131531,-0,1025647,-0,5085966,0,0,0,0,0,0,0,0,0,0,0,0,0,0,0,0,0,0,0,0,0,0,0,0,0,0,0,0,0,0
158,-0,2630301,-0,5621265,0,04386785,1,772433,-0,3005595,-0,6569565,-0,3117267,-0,5561748,-0,001100364,1,530523,-0,2946765,-0,4225502,-0,3153792,-0,6047048,-0,004811103,1,908166,-0,353864,-0,7568556,-0,2668432,-0,610746,0,04361901,2,083572,-0,3588648,-0,925955,-0,359294,-0,5956532,-0,05730598,1,326494,-0,1987696,-0,3383071,-0,215335,-0,5651129,0,0896409,1,257374,-0,05419257,0,08497614,-0,2178326,-0,6137587,0,0913431,1,446979,-0,07108453,0,04058594,-0,3540843,-0,5474843,-0,05188601,1,241766,-0,2039314,-0,1916029,-0,4106741,-0,5834662,-0,1018413,0,4705341,-0,06488266,0,3934389,-0,1549091,-0,5683151,0,06409253,1,052284,0,1888127,-0,7408882,0,0,0,0,0,0,0,0,0,0,0,0,0,0,0,0,0,0,0,0,0,0,0,0,0,0,0,0,0,0
159,-0,2453615,-0,5564009,0,03005126,0,8834298,0,2862782,-0,6908301,-0,2915801,-0,5498495,-0,01751917,1,007331,0,3162624,-0,8209405,-0,290772,-0,5978525,-0,02601826,1,230364,0,3426166,-1,060359,-0,2457682,-0,6049274,0,02566574,1,053748,0,2909304,-0,8976637,-0,3472132,-0,5900751,-0,06506889,0,6040397,0,2789052,-0,3881452,-0,2165595,-0,5610083,0,08952129,-0,06122442,0,2052338,-0,005980583,-0,2202735,-0,6096609,0,0891173,-0,1220443,0,204891,-0,1112901,-0,3440844,-0,5419208,-0,05811683,0,4999997,0,278175,-0,3115411,-0,4153667,-0,5827006,-0,07363795,-0,2346278,0,0382811,1,410169,-0,1545464,-0,5647833,0,06838714,0,01813547,0,1765937,0,2147307,0,0,0,0,0,0,0,0,0,0,0,0,0,0,0,0,0,0,0,0,0,0,0,0,0,0,0,0,0,0
160,-0,2747917,-0,5530522,0,01674317,-1,471507,0,1674355,-0,6654044,-0,3306597,-0,5443496,-0,0184084,-1,95398,0,2749951,-0,04446136,-0,3382806,-0,5924778,-0,01984604,-2,375434,0,2687336,0,3086111,-0,2819279,-0,6012118,0,01884318,-1,807984,0,1857788,-0,3411283,-0,3985036,-0,58021,-0,05133655,-2,564521,0,4932555,0,6866171,-0,2159327,-0,5594399,0,04637732,0,03133864,0,07841888,-2,157199,-0,2195152,-0,6080388,0,04635932,0,03791155,0,08110705,-2,1379,-0,3890108,-0,5324546,-0,04854273,-2,246324,0,4733147,0,478705,-0,4585315,-0,564949,-0,08186761,-2,15824,0,8875791,-0,411483,-0,1503463,-0,5633904,0,04737694,0,2100044,0,06964508,-1,050511,0,0,0,0,0,0,0,0,0,0,0,0,0,0,0,0,0,0,0,0,0,0,0,0,0,0,0,0,0,0
161,-0,2814353,-0,551526,-0,01454416,-0,3321828,0,07631186,-1,564367,-0,3467813,-0,5415847,-0,02183161,-0,8060816,0,1382441,-0,171161,-0,3543349,-0,5894884,-0,02717998,-0,8027139,0,1494706,-0,366697,-0,2861053,-0,5991113,-0,02415739,-0,2088712,0,1050264,-2,150029,-0,4205042,-0,5753968,-0,04127989,-1,100026,0,2406598,0,5028334,-0,2156424,-0,5576771,-0,01116005,0,01451597,0,08813743,-2,87687,-0,2177907,-0,6052837,-0,02084202,0,08622635,0,1377553,-3,360069,-0,409132,-0,5278999,-0,04139746,-1,006058,0,2277345,0,3572639,-0,4636013,-0,5636507,-0,09390444,-0,2534912,0,06491544,-0,6018417,-0,1499388,-0,5599737,-0,009733478,0,02037586,0,1708359,-2,855522,0,0,0,0,0,0,0,0,0,0,0,0,0,0,0,0,0,0,0,0,0,0,0,0,0,0,0,0,0,0
162,-0,2845567,-0,5439482,-0,07650279,-0,1560718,0,378886,-3,097933,-0,3475898,-0,5325286,-0,09434228,-0,04042388,0,4528047,-3,625535,-0,3520569,-0,5779288,-0,111436,0,1139001,0,5779805,-4,212804,-0,2854151,-0,5882301,-0,09706755,0,03451259,0,5440625,-3,645509,-0,4206214,-0,5693311,-0,1110773,-0,005863609,0,3032835,-3,489873,-0,2206833,-0,5515014,-0,0608029,-0,252045,0,3087879,-2,482143,-0,2204631,-0,5973388,-0,07727063,-0,1336195,0,3972442,-2,821431,-0,4135576,-0,5231557,-0,09661941,-0,2212794,0,2372087,-2,761099,-0,4855089,-0,5517278,-0,1277244,-1,09538,0,596145,-1,690997,-0,1550009,-0,5500497,-0,06099412,-0,2531067,0,496197,-2,563033,0,0,0,0,0,0,0,0,0,0,0,0,0,0,0,0,0,0,0,0,0,0,0,0,0,0,0,0,0,0
163,-0,2874406,-0,5357309,-0,09158445,-0,1441911,0,4108669,-0,7540832,-0,3536974,-0,5300153,-0,09150031,-0,3053815,0,1256675,0,1420987,-0,3583446,-0,574514,-0,1111099,-0,3143848,0,1707406,0,01630635,-0,290046,-0,5824388,-0,1053689,-0,2315463,0,2895654,-0,4150668,-0,4269231,-0,5676567,-0,105261,-0,3150852,0,08372071,0,290816,-0,222148,-0,5410164,-0,08238208,-0,07323626,0,5242499,-1,078959,-0,2216287,-0,5859985,-0,1011966,-0,05828144,0,5670162,-1,196301,-0,419804,-0,5209369,-0,092871,-0,312324,0,1109392,0,1874205,-0,4886469,-0,5492066,-0,1306247,-0,1569003,0,1260609,-0,1450182,-0,1570328,-0,5426106,-0,0743414,-0,1015924,0,371957,-0,6673642,0,0,0,0,0,0,0,0,0,0,0,0,0,0,0,0,0,0,0,0,0,0,0,0,0,0,0,0,0,0
164,-0,2949565,-0,5344167,-0,07106938,-0,3757955,0,06571116,1,025754,-0,3610769,-0,5279862,-0,07410523,-0,3689753,0,1014561,0,8697547,-0,3659303,-0,5736042,-0,09037685,-0,3792869,0,04549028,1,036653,-0,2974568,-0,5805826,-0,08679397,-0,3705414,0,09281043,0,9287462,-0,4340929,-0,5677255,-0,08006671,-0,3584878,-0,00344217,1,259715,-0,2305685,-0,5318319,-0,08607844,-0,421028,0,4592242,-0,1848181,-0,2309084,-0,5775596,-0,1027896,-0,4639836,0,4219415,-0,07964897,-0,4274482,-0,5199052,-0,07214367,-0,382206,0,05158486,1,036367,-0,4753685,-0,5512006,-0,1330098,0,6639215,-0,09970073,-0,1192518,-0,1655583,-0,5344709,-0,07731175,-0,4262777,0,4069866,-0,1485177,0,0,0,0,0,0,0,0,0,0,0,0,0,0,0,0,0,0,0,0,0,0,0,0,0,0,0,0,0,0
165,-0,297409,-0,5333709,-0,06010191,-0,1226277,0,05229118,0,5483739,-0,360955,-0,5350594,-0,04036364,0,006096067,-0,3536613,1,68708,-0,3640442,-0,5825117,-0,05143368,0,094308,-0,445375,1,94716,-0,2989346,-0,580191,-0,07364615,-0,07388893,0,01957715,0,6573911,-0,4281036,-0,5707976,-0,07462279,0,2994643,-0,1536042,0,2721959,-0,2311631,-0,5361131,-0,05588459,-0,02972708,-0,2140583,1,509693,-0,2322228,-0,5850681,-0,05903541,-0,06571936,-0,375423,2,187711,-0,4194569,-0,5229286,-0,07043965,0,3995629,-0,1511694,0,08520115,-0,4484295,-0,5597891,-0,1396929,1,346951,-0,4294218,-0,3341557,-0,1712805,-0,5397443,-0,02838738,-0,2861106,-0,2636702,2,44622,0,0,0,0,0,0,0,0,0,0,0,0,0,0,0,0,0,0,0,0,0,0,0,0,0,0,0,0,0,0
166,-0,3001508,-0,5434852,-0,009517456,-0,1370878,-0,5057158,2,529223,-0,3656859,-0,5351524,-0,01773144,-0,2365471,-0,004652144,1,13161,-0,3725471,-0,5832771,-0,0204728,-0,4251467,-0,03827216,1,548045,-0,3047474,-0,5920488,-0,01248566,-0,2906413,-0,5928906,3,058026,-0,4221935,-0,5717227,-0,06711269,0,295505,-0,0462562,0,3755053,-0,251576,-0,5499966,0,03500863,-1,020646,-0,6941769,4,544663,-0,2556084,-0,5985636,0,03470593,-1,169282,-0,6747725,4,687069,-0,4113775,-0,5242161,-0,06520219,0,4039721,-0,06437602,0,2618731,-0,413963,-0,5692316,-0,135628,1,723323,-0,4721286,0,2032445,-0,2715391,-0,5480524,0,09757309,-5,012931,-0,4154058,6,298026,0,0,0,0,0,0,0,0,0,0,0,0,0,0,0,0,0,0,0,0,0,0,0,0,0,0,0,0,0,0
167,-0,3440026,-0,5415492,0,06311819,-2,192592,0,09679798,3,631783,-0,3588063,-0,5405169,-0,001821472,0,3439815,-0,268224,0,795499,-0,3720328,-0,5874714,-0,0003281326,0,02571494,-0,2097161,1,007234,-0,3557743,-0,5886533,0,06659302,-2,551345,0,1697779,3,953936,-0,4093942,-0,5769549,-0,05741001,0,6399664,-0,2616079,0,4851341,-0,349967,-0,5341136,0,1286819,-4,91955,0,7941487,4,683667,-0,3647684,-0,5802987,0,1340084,-5,458,0,9132448,4,965127,-0,3968962,-0,5298783,-0,05563365,0,7240641,-0,2831103,0,4784275,-0,3754888,-0,5821266,-0,1173429,1,923711,-0,6447496,0,914254,-0,3251425,-0,5343497,0,1895176,-2,680171,0,6851348,4,59723,0,0,0,0,0,0,0,0,0,0,0,0,0,0,0,0,0,0,0,0,0,0,0,0,0,0,0,0,0,0
168,-0,3983907,-0,5275698,0,1031345,-2,719404,0,698972,2,000818,-0,3725168,-0,538669,0,04280627,-0,6855282,0,0923932,2,231388,-0,3816164,-0,5864372,0,04681672,-0,4791798,0,05171003,2,357243,-0,4140178,-0,5737481,0,1062614,-2,912178,0,745261,1,983421,-0,3498053,-0,5956562,-0,01372937,2,979444,-0,9350631,2,184033,-0,3834197,-0,5272877,0,1675823,-1,672635,0,3412993,1,945017,-0,3999766,-0,5728417,0,1732383,-1,760412,0,3728481,1,961496,-0,3424968,-0,5474555,-0,01603153,2,719971,-0,8788619,1,980107,-0,3086852,-0,6028654,-0,06859573,3,340184,-1,036939,2,43736,-0,3485563,-0,5324554,0,2230427,-1,170689,0,09471182,1,676254,0,0,0,0,0,0,0,0,0,0,0,0,0,0,0,0,0,0,0,0,0,0,0,0,0,0,0,0,0,0
169,-0,3776603,-0,5384313,0,1123317,1,036519,-0,543079,0,4598593,-0,3807195,-0,5397814,0,04588036,-0,4101308,-0,05561712,0,1537046,-0,3943327,-0,5866436,0,04656782,-0,6358179,-0,01031757,-0,01244508,-0,392422,-0,5848011,0,1153999,1,079791,-0,5526515,0,4569257,-0,3475206,-0,5987102,-0,002830708,0,1142383,-0,1527012,0,5449335,-0,3731641,-0,5344639,0,17823,0,512776,-0,3588112,0,5323867,-0,3875235,-0,5806988,0,1836562,0,6226542,-0,3928573,0,5208926,-0,3422303,-0,5503616,-0,007784349,0,01332313,-0,1453043,0,4123593,-0,2871014,-0,6070387,-0,03503589,1,079189,-0,208664,1,677992,-0,3618253,-0,5295557,0,2427388,-0,6634476,0,1449854,0,9848047,0,0,0,0,0,0,0,0,0,0,0,0,0,0,0,0,0,0,0,0,0,0,0,0,0,0,0,0,0,0
170,-0,3422784,-0,5519063,0,1161386,1,769093,-0,6737503,0,1903453,-0,344217,-0,554618,0,04954377,1,825125,-0,7418308,0,1831705,-0,3562894,-0,6019043,0,05112285,1,902165,-0,7630351,0,2277517,-0,3499887,-0,5999447,0,1196276,2,121667,-0,7571819,0,2113846,-0,3622116,-0,6008481,-0,01765571,-0,734553,-0,106898,-0,7412505,-0,3554211,-0,5443496,0,1806974,0,8871514,-0,4942866,0,123372,-0,3661685,-0,5915598,0,1856857,1,067751,-0,5430492,0,1014762,-0,3546983,-0,5526991,-0,01641357,-0,6233978,-0,1168758,-0,4314614,-0,3025846,-0,607672,-0,0518725,-0,7741588,-0,03166796,-0,8418308,-0,362792,-0,5348465,0,2452408,-0,04833492,-0,2645404,0,125102,0,0,0,0,0,0,0,0,0,0,0,0,0,0,0,0,0,0,0,0,0,0,0,0,0,0,0,0,0,0
171,-0,3105339,-0,5482595,0,1041611,1,587226,0,1823426,-0,5988764,-0,3324448,-0,5496251,0,04136812,0,588611,0,2496452,-0,4087828,-0,3315784,-0,5983663,0,04107762,1,235553,0,1769007,-0,5022617,-0,3118438,-0,5969574,0,1070341,1,907248,0,1493663,-0,6296756,-0,3630668,-0,5966085,-0,0204129,-0,04275741,0,211981,-0,1378596,-0,3262132,-0,5431647,0,1683832,1,460398,0,05924406,-0,6157095,-0,3255404,-0,5916433,0,1738509,2,031404,-0,004175307,-0,591741,-0,3581254,-0,5480689,-0,02019474,-0,171359,0,2315105,-0,1890582,-0,3078265,-0,6005026,-0,06166259,-0,2620981,0,3584744,-0,4895045,-0,3557339,-0,5364318,0,2268036,0,3529029,-0,07926527,-0,9218607,0,0,0,0,0,0,0,0,0,0,0,0,0,0,0,0,0,0,0,0,0,0,0,0,0,0,0,0,0,0
172,-0,309557,-0,5531079,0,07801752,0,04884752,-0,2424181,-1,30718,-0,3397612,-0,5514706,0,01863584,-0,3658237,-0,09227399,-1,136615,-0,3419497,-0,6001754,0,01752343,-0,5185665,-0,09045903,-1,17771,-0,3110245,-0,6017902,0,07899593,0,04096033,-0,2416403,-1,40191,-0,3690061,-0,595812,-0,04585744,-0,2969669,0,03982784,-1,272227,-0,3252341,-0,5503011,0,142267,0,04895331,-0,3568204,-1,305811,-0,3279731,-0,5988392,0,1453488,-0,1216338,-0,3597946,-1,425104,-0,3625152,-0,5475613,-0,04407985,-0,2194867,0,02538265,-1,194256,-0,3004067,-0,6035507,-0,04346116,0,3709914,-0,1524091,0,9100718,-0,3411517,-0,5445075,0,205722,0,7291082,-0,4037829,-1,054084,0,0,0,0,0,0,0,0,0,0,0,0,0,0,0,0,0,0,0,0,0,0,0,0,0,0,0,0,0,0
173,-0,3054204,-0,5541341,0,08286758,0,2068297,-0,05131068,0,2425031,-0,3238803,-0,553134,0,01894881,0,7940489,-0,08316937,0,01564855,-0,332172,-0,6012424,0,0196987,0,4888879,-0,05334618,0,1087638,-0,3104801,-0,6026121,0,0850089,0,02722294,-0,04109742,0,3006485,-0,3485267,-0,5976319,-0,04728829,1,023971,-0,09099547,-0,07154274,-0,3347847,-0,5474555,0,141803,-0,4775288,0,1422793,-0,02320112,-0,3414979,-0,5956313,0,1456224,-0,6762403,0,1603962,0,01368225,-0,344452,-0,5489924,-0,04441708,0,9031612,-0,07155541,-0,01686123,-0,2797947,-0,601943,-0,04090389,1,030602,0,08038583,0,1278636,-0,335838,-0,5414273,0,207252,0,2656848,0,1540095,0,07649961,0,0,0,0,0,0,0,0,0,0,0,0,0,0,0,0,0,0,0,0,0,0,0,0,0,0,0,0,0,0
174,-0,2814239,-0,551348,0,09327917,1,199824,0,1393051,0,5205797,-0,3028297,-0,5517556,0,03023128,1,052531,0,0689179,0,5641237,-0,3050878,-0,6005287,0,03053996,1,354211,0,03568532,0,5420632,-0,2855099,-0,5998082,0,09651316,1,248509,0,1401961,0,5752134,-0,3504558,-0,5970706,-0,02133202,-0,09645674,0,02806188,1,297814,-0,3299969,-0,5434089,0,1376035,0,2393917,0,202334,-0,2099776,-0,3379771,-0,5914093,0,1397814,0,1760394,0,2110989,-0,2920532,-0,3470239,-0,5484269,-0,01964492,-0,1285956,0,02827347,1,238608,-0,2925409,-0,5984293,-0,05896958,-0,6373125,0,1756877,-0,9032851,-0,3358084,-0,538716,0,2029444,0,001484156,0,1355649,-0,2153792,0,0,0,0,0,0,0,0,0,0,0,0,0,0,0,0,0,0,0,0,0,0,0,0,0,0,0,0,0,0
175,-0,2681837,-0,5519131,0,08289501,0,6620111,-0,02825857,-0,5192081,-0,3108444,-0,5511392,0,03178611,-0,4007386,0,03082157,0,07774153,-0,3148475,-0,5997682,0,03339195,-0,4879849,0,0380248,0,1425994,-0,2676573,-0,6006325,0,0835639,0,8926306,-0,04121663,-0,6474631,-0,3775238,-0,5937918,0,005056426,-1,3534,0,1639426,1,319423,-0,2929217,-0,5503852,0,1443234,1,853757,-0,3488155,0,3359982,-0,2960359,-0,5989702,0,1459118,2,097062,-0,3780426,0,3065207,-0,3723997,-0,5452951,0,006697241,-1,268794,0,1565934,1,317109,-0,3327707,-0,5952272,-0,04751325,-2,011491,0,1601041,0,5728167,-0,3060478,-0,5466161,0,2086205,1,488028,-0,3950031,0,2838084,0,0,0,0,0,0,0,0,0,0,0,0,0,0,0,0,0,0,0,0,0,0,0,0,0,0,0,0,0,0
176,-0,3306204,-0,5495666,0,08654799,-3,121838,0,1173258,0,1826488,-0,3616398,-0,5436203,0,02787525,-2,539771,0,3759445,-0,195543,-0,3660558,-0,5920352,0,02416465,-2,560417,0,3866495,-0,461365,-0,3374579,-0,5979117,0,08656116,-3,490032,0,1360447,0,1498629,-0,4256426,-0,5812657,-0,009757156,-2,405942,0,626302,-0,7406794,-0,2797622,-0,5559532,0,1285342,0,6579744,-0,2784015,-0,7894608,-0,2847643,-0,6043407,0,1298081,0,56358,-0,268525,-0,805186,-0,4241143,-0,5349146,0,006081685,-2,585726,0,5190225,-0,0307778,-0,3606014,-0,5893161,0,01174614,-1,391535,0,2955527,2,962971,-0,2645219,-0,5549265,0,1924171,2,076296,-0,4155191,-0,8101742,0,0,0,0,0,0,0,0,0,0,0,0,0,0,0,0,0,0,0,0,0,0,0,0,0,0,0,0,0,0
177,-0,3568795,-0,5425984,0,07294501,-1,312957,0,3484131,-0,6801489,-0,4086782,-0,5313893,0,0326222,-2,351918,0,6115499,0,2373476,-0,4180029,-0,5791724,0,02991125,-2,597358,0,6431373,0,2873302,-0,3631069,-0,590817,0,06983611,-1,282451,0,3547342,-0,8362527,-0,4838684,-0,5636805,0,01606983,-2,911289,0,8792642,1,29135,-0,3032265,-0,550993,0,1109828,-1,173214,0,2480121,-0,8775688,-0,3098365,-0,5993174,0,1120157,-1,253613,0,2511651,-0,8896183,-0,4711427,-0,5165749,0,01399811,-2,351424,0,916985,0,3958215,-0,4198679,-0,5797862,-0,004614719,-2,963328,0,4764976,-0,8180434,-0,2535956,-0,5561859,0,1537767,0,5463185,-0,06297233,-1,932016,0,0,0,0,0,0,0,0,0,0,0,0,0,0,0,0,0,0,0,0,0,0,0,0,0,0,0,0,0,0
178,-0,3792386,-0,5370097,0,07839972,-1,117954,0,2794327,0,2727353,-0,4371553,-0,5221934,0,04936512,-1,423856,0,4597934,0,8371463,-0,4534136,-0,5676045,0,05614205,-1,770536,0,5783948,1,311541,-0,3922205,-0,5837791,0,08352929,-1,455679,0,3518941,0,6846591,-0,4989751,-0,556602,0,005260992,-0,7553342,0,3539236,-0,5404419,-0,3316784,-0,5442111,0,1237909,-1,422597,0,3390939,0,6404008,-0,3436682,-0,5908233,0,1313918,-1,691582,0,4247041,0,9688046,-0,4848154,-0,5098964,0,004346976,-0,6836358,0,3339262,-0,482557,-0,4840178,-0,5607954,-0,06202066,-3,207496,0,9495411,-2,870298,-0,2762755,-0,5519798,0,1581252,-1,133998,0,2103061,0,2174222,0,0,0,0,0,0,0,0,0,0,0,0,0,0,0,0,0,0,0,0,0,0,0,0,0,0,0,0,0,0
179,-0,3954178,-0,5260873,0,09091638,-0,808959,0,5461189,0,6258334,-0,4367454,-0,5175564,0,03931545,0,02049357,0,2318502,-0,5024837,-0,4492395,-0,5645558,0,040167,0,2087087,0,152436,-0,7987528,-0,4076786,-0,5732592,0,09433533,-0,7729071,0,5259933,0,5403022,-0,4795058,-0,5557817,-0,02131886,0,9734649,0,04101397,-1,328993,-0,3428493,-0,5361414,0,1299829,-0,5585464,0,4034849,0,3096049,-0,3553288,-0,5826851,0,1373626,-0,583032,0,4069091,0,2985389,-0,468235,-0,5083901,-0,01892871,0,8290219,0,07531348,-1,163785,-0,5280482,-0,5403153,-0,06791641,-2,201518,1,024005,-0,2947874,-0,2873429,-0,5448259,0,1639155,-0,5533713,0,3576936,0,2895148,0,0,0,0,0,0,0,0,0,0,0,0,0,0,0,0,0,0,0,0,0,0,0,0,0,0,0,0,0,0
180,-0,3969359,-0,5214789,0,07191544,-0,07590356,0,2304227,-0,9500474,-0,4298998,-0,5123534,0,01483873,0,3422798,0,2601505,-1,223836,-0,4413477,-0,559755,0,0128746,0,3945889,0,2400429,-1,364621,-0,4080384,-0,56895,0,07241718,-0,01799018,0,2154619,-1,095907,-0,4880339,-0,5447143,-0,03569304,-0,4264044,0,5533698,-0,7187092,-0,3521142,-0,5305531,0,1198565,-0,4632445,0,2794148,-0,5063208,-0,3653473,-0,5771395,0,1254019,-0,5009266,0,2772809,-0,5980352,-0,4746145,-0,4979426,-0,03257469,-0,3189759,0,5223768,-0,682299,-0,5444787,-0,5245917,-0,07002107,-0,8215252,0,7861796,-0,1052332,-0,2947553,-0,542478,0,1496188,-0,3706188,0,1173974,-0,7148328,0,0,0,0,0,0,0,0,0,0,0,0,0,0,0,0,0,0,0,0,0,0,0,0,0,0,0,0,0,0
181,-0,3969769,-0,5200602,0,04998244,-0,0020504,0,07093254,-1,09665,-0,4315664,-0,5083857,-0,005721119,-0,08333179,0,1983882,-1,027993,-0,4454232,-0,5550684,-0,00796693,-0,2037749,0,2343298,-1,042077,-0,4108591,-0,5667961,0,05041798,-0,1410321,0,1076967,-1,099961,-0,5020583,-0,5348006,-0,04185964,-0,7012206,0,4956873,-0,3083303,-0,353985,-0,5313303,0,09903567,-0,0935391,-0,03886224,-1,041044,-0,3663742,-0,578392,0,1011993,-0,05134197,-0,06262662,-1,210128,-0,4854563,-0,4889817,-0,04000371,-0,5420911,0,4480453,-0,3714513,-0,5500996,-0,5139418,-0,08686043,-0,281045,0,5324932,-0,8419685,-0,2946364,-0,5449821,0,1237952,0,005944076,-0,1252085,-1,291183,0,0,0,0,0,0,0,0,0,0,0,0,0,0,0,0,0,0,0,0,0,0,0,0,0,0,0,0,0,0
182,-0,3875206,-0,5297376,0,03255711,0,472814,-0,4838677,-0,871267,-0,4311559,-0,5151108,-0,01556028,0,02052636,-0,3362567,-0,4919584,-0,4455435,-0,5616201,-0,01791634,-0,006017091,-0,3275872,-0,4974709,-0,4030433,-0,5759529,0,03436746,0,3907876,-0,4578443,-0,8025262,-0,5034701,-0,5402448,-0,04885166,-0,07058981,-0,2722086,-0,3496011,-0,3479401,-0,53996,0,08461168,0,3022434,-0,4314842,-0,7211998,-0,3607093,-0,5869413,0,08705101,0,2832429,-0,4274638,-0,7074161,-0,4857731,-0,4947911,-0,04816548,-0,01583696,-0,2904685,-0,4080888,-0,5397624,-0,5236133,-0,1051737,0,5168559,-0,4835756,-0,9156651,-0,2912845,-0,5528471,0,1151246,0,1675979,-0,3932507,-0,4335297,0,0,0,0,0,0,0,0,0,0,0,0,0,0,0,0,0,0,0,0,0,0,0,0,0,0,0,0,0,0
183,-0,3725505,-0,5361302,0,02337399,0,7485035,-0,31963,-0,4591561,-0,4228204,-0,5212538,-0,0176074,0,4167737,-0,3071518,-0,1023558,-0,4375087,-0,5677369,-0,01796106,0,4017414,-0,3058405,-0,002235641,-0,3852019,-0,5832046,0,02407697,0,8920733,-0,3625812,-0,5145249,-0,4884898,-0,54945,-0,06079562,0,7490146,-0,4602613,-0,597198,-0,3391965,-0,5431967,0,08012231,0,4371824,-0,1618326,-0,2244689,-0,3516072,-0,5902064,0,08335824,0,455104,-0,1632572,-0,1846385,-0,4708607,-0,5039803,-0,06060982,0,7456201,-0,4594641,-0,6222172,-0,514289,-0,5375329,-0,1237293,1,273671,-0,6959769,-0,9277791,-0,2790129,-0,5566218,0,1026934,0,6135809,-0,1887352,-0,6215619,0,0,0,0,0,0,0,0,0,0,0,0,0,0,0,0,0,0,0,0,0,0,0,0,0,0,0,0,0,0
184,-0,3462935,-0,5474954,0,01251563,1,312849,-0,568259,-0,5429181,-0,397592,-0,532882,-0,0273132,1,261423,-0,5814078,-0,4852905,-0,4112937,-0,5797163,-0,02832683,1,310751,-0,5989703,-0,5182887,-0,360356,-0,5941202,0,01567335,1,242295,-0,5457821,-0,420181,-0,4220176,-0,5731539,-0,09632695,3,323608,-1,185197,-1,776568,-0,3127884,-0,5528454,0,0693711,1,320407,-0,4824342,-0,5375603,-0,322336,-0,6005487,0,07228644,1,463564,-0,5171122,-0,5535903,-0,4124116,-0,5255777,-0,09191115,2,922453,-1,079867,-1,565067,-0,4461205,-0,5606936,-0,1599915,3,408427,-1,158038,-1,813108,-0,2485718,-0,5643801,0,0769453,1,522054,-0,3879131,-1,287403,0,0,0,0,0,0,0,0,0,0,0,0,0,0,0,0,0,0,0,0,0,0,0,0,0,0,0,0,0,0
185,-0,2874174,-0,5507903,-0,006849255,2,943809,-0,1647443,-0,9682449,-0,3466604,-0,5443863,-0,0365668,2,546583,-0,5752178,-0,4626798,-0,3503787,-0,5927846,-0,0413774,3,045751,-0,6534132,-0,6525288,-0,2877822,-0,5990801,-0,01338119,3,628692,-0,2479971,-1,452727,-0,3886009,-0,5823779,-0,09787007,1,670838,-0,4612001,-0,07715563,-0,2860169,-0,5586855,0,05889586,1,338573,-0,2920092,-0,5237624,-0,2903936,-0,6070707,0,05462247,1,597121,-0,3261001,-0,8831989,-0,3868238,-0,5343546,-0,08892689,1,27939,-0,4388483,0,1492132,-0,4267636,-0,5690432,-0,1537911,0,9678472,-0,4174801,0,3100203,-0,2213826,-0,5627564,0,04818229,1,359461,0,08118454,-1,438151,0,0,0,0,0,0,0,0,0,0,0,0,0,0,0,0,0,0,0,0,0,0,0,0,0,0,0,0,0,0
186,-0,251434,-0,5502387,-0,000965308,1,799171,0,02757908,0,2941975,-0,3053595,-0,5465245,-0,03987671,2,065045,-0,1069069,-0,1654955,-0,3065519,-0,5951034,-0,04426309,2,191339,-0,11594,-0,1442847,-0,248855,-0,5986016,-0,006845148,1,946358,0,02392829,0,326802,-0,3528574,-0,5875712,-0,094932,1,787177,-0,2596647,0,1469035,-0,2735387,-0,5581293,0,06100182,0,6239089,0,02781154,0,105298,-0,2777012,-0,60633,0,05484708,0,6346169,0,03703536,0,01123045,-0,3534195,-0,5396336,-0,08572352,1,670217,-0,2639503,0,1601685,-0,396066,-0,5762562,-0,1476344,1,534877,-0,360647,0,307832,-0,2123307,-0,5595438,0,03728711,0,4525924,0,1606286,-0,5447591,0,0,0,0,0,0,0,0,0,0,0,0,0,0,0,0,0,0,0,0,0,0,0,0,0,0,0,0,0,0
187,-0,249859,-0,5571664,0,01433963,0,07875043,-0,3463866,0,765247,-0,2867026,-0,5514731,-0,04076404,0,9328458,-0,2474309,-0,04436655,-0,2815312,-0,5989777,-0,05031212,1,251039,-0,1937152,-0,3024518,-0,2488941,-0,6058106,0,0100878,-0,001953543,-0,3604533,0,846648,-0,3198221,-0,5896676,-0,1071668,1,651765,-0,1048208,-0,6117399,-0,252893,-0,5620236,0,08026612,1,032287,-0,1947165,0,9632154,-0,2540437,-0,6106963,0,07821336,1,182878,-0,218317,1,168314,-0,3262489,-0,5431753,-0,09371796,1,358531,-0,1770855,-0,3997223,-0,366389,-0,5795957,-0,1573409,1,483851,-0,1669795,-0,4853221,-0,2014614,-0,5606536,0,03950585,0,5434687,-0,05548599,0,1109373,0,0,0,0,0,0,0,0,0,0,0,0,0,0,0,0,0,0,0,0,0,0,0,0,0,0,0,0,0,0
188,-0,270346,-0,5581672,0,02681935,-1,024355,-0,05003812,0,6239862,-0,294322,-0,5522128,-0,03496237,-0,3809722,-0,03698768,0,2900834,-0,2998031,-0,6005659,-0,03847473,-0,9135995,-0,0794113,0,5918699,-0,2766392,-0,606478,0,02618119,-1,387258,-0,0333667,0,8046699,-0,3063624,-0,5928125,-0,106913,0,6729859,-0,1572431,0,01268723,-0,231763,-0,5629165,0,08046477,1,056498,-0,0446439,0,009932373,-0,2315992,-0,6116554,0,07763705,1,122226,-0,04795196,-0,02881513,-0,3067007,-0,5445445,-0,1001083,0,9774122,-0,06845894,-0,3195179,-0,3272803,-0,5819414,-0,1719175,1,955438,-0,1172811,-0,7288325,-0,2042752,-0,5586535,0,02097096,-0,1406924,0,1000047,-0,9267448,0,0,0,0,0,0,0,0,0,0,0,0,0,0,0,0,0,0,0,0,0,0,0,0,0,0,0,0,0,0
189,-0,2598955,-0,5612117,0,0265001,0,5225273,-0,1522273,-0,01596222,-0,2900691,-0,5556318,-0,0325961,0,2126441,-0,1709462,0,1183136,-0,2946142,-0,6041122,-0,03573612,0,2594487,-0,177315,0,1369306,-0,2589734,-0,6098015,0,02300315,0,8832935,-0,1661748,-0,1589021,-0,3052329,-0,5969074,-0,1036145,0,05647095,-0,204748,0,1649291,-0,2363078,-0,5640773,0,08825919,-0,2272383,-0,05804005,0,3897214,-0,2371497,-0,6128368,0,08791095,-0,2775253,-0,05907121,0,513695,-0,3020665,-0,5486232,-0,09785391,0,2317072,-0,2039344,0,1127203,-0,3260102,-0,5861539,-0,1686418,0,0635043,-0,210625,0,1637832,-0,2064215,-0,5633804,0,02978553,-0,1073145,-0,2363444,0,4407285,0,0,0,0,0,0,0,0,0,0,0,0,0,0,0,0,0,0,0,0,0,0,0,0,0,0,0,0,0,0
190,-0,2566103,-0,5615376,0,0326743,0,16426,-0,01629592,0,3087099,-0,2700368,-0,557503,-0,0323946,1,001616,-0,09356145,0,01007524,-0,2744961,-0,6060536,-0,03528978,1,005903,-0,09706918,0,02231692,-0,2586598,-0,6102339,0,0315225,0,0156805,-0,02162159,0,4259678,-0,3019404,-0,59804,-0,09811582,0,1646266,-0,05662742,0,2749325,-0,2418264,-0,5627509,0,09719618,-0,2759286,0,06632212,0,4468499,-0,2425883,-0,6114758,0,09807988,-0,2719314,0,06805065,0,5084465,-0,294252,-0,5500553,-0,09409016,0,3907265,-0,07160607,0,188188,-0,3171881,-0,5883282,-0,1647894,0,4411044,-0,1087159,0,1926229,-0,2096569,-0,5635484,0,03992326,-0,1617686,-0,008401278,0,5068866,0,0,0,0,0,0,0,0,0,0,0,0,0,0,0,0,0,0,0,0,0,0,0,0,0,0,0,0,0,0
191,-0,2545721,-0,5620704,0,04046702,0,1019106,-0,02664031,0,3896361,-0,2593444,-0,5589949,-0,02581678,0,5346226,-0,07459524,0,3288908,-0,2593916,-0,607655,-0,02902837,0,7552269,-0,08007291,0,3130709,-0,2533899,-0,6108143,0,03954052,0,2634929,-0,02901853,0,400901,-0,2756681,-0,6013222,-0,0958922,1,313614,-0,1641125,0,111181,-0,2498248,-0,5621735,0,1064715,-0,3999205,0,02886952,0,4637645,-0,2505494,-0,6109259,0,1079782,-0,3980556,0,02749265,0,4949151,-0,2787649,-0,5530725,-0,08935292,0,774357,-0,1508564,0,2368619,-0,3027487,-0,5927668,-0,1588381,0,721969,-0,221929,0,2975629,-0,213512,-0,5636664,0,05176444,-0,1927578,-0,005900862,0,5920595,0,0,0,0,0,0,0,0,0,0,0,0,0,0,0,0,0,0,0,0,0,0,0,0,0,0,0,0,0,0
192,-0,25261,-0,559377,0,05243948,0,09810481,0,1346738,0,5986235,-0,2454771,-0,5586263,-0,01371337,0,6933647,0,01842976,0,605171,-0,2479798,-0,6073533,-0,01536848,0,5705888,0,01508594,0,6829947,-0,252223,-0,6081135,0,05337667,0,05834403,0,1350403,0,6918079,-0,2704638,-0,6021145,-0,08047564,0,2602161,-0,03961326,0,7708281,-0,2803588,-0,5574727,0,1125031,-1,526699,0,2350391,0,3015795,-0,2855648,-0,6060114,0,1132385,-1,750769,0,2457262,0,2630142,-0,2626748,-0,5540324,-0,07804069,0,8045036,-0,04799964,0,5656118,-0,2817594,-0,5951965,-0,1482728,1,049465,-0,1214892,0,5282687,-0,2291018,-0,5628918,0,07192351,-0,7794875,0,03873111,1,007954,0,0,0,0,0,0,0,0,0,0,0,0,0,0,0,0,0,0,0,0,0,0,0,0,0,0,0,0,0,0
193,-0,2629269,-0,5577547,0,06335185,-0,5158471,0,08111301,0,5456185,-0,2300171,-0,5585417,0,005515601,0,7729973,0,004231932,0,9614487,-0,2303445,-0,6073261,0,004970744,0,8817647,0,001361967,1,016962,-0,2646367,-0,6064748,0,06465016,-0,6206843,0,08193555,0,5636743,-0,2462164,-0,6046917,-0,06220773,1,21237,-0,1288623,0,9133959,-0,309607,-0,5539389,0,1101657,-1,462414,0,1766891,-0,1168658,-0,3158775,-0,6023014,0,1099443,-1,515636,0,1855016,-0,1647067,-0,2423139,-0,5561494,-0,0600305,1,018046,-0,105846,0,9005098,-0,2642703,-0,5986618,-0,1286137,0,8744571,-0,1732648,0,9829525,-0,2528907,-0,5604066,0,07765409,-1,189445,0,1242608,0,2865289,0,0,0,0,0,0,0,0,0,0,0,0,0,0,0,0,0,0,0,0,0,0,0,0,0,0,0,0,0,0
194,-0,2895425,-0,5552978,0,07894383,-1,330778,0,1228452,0,7795992,-0,2799989,-0,5578277,0,01299293,-2,499089,0,03569724,0,3738667,-0,2824274,-0,6065064,0,01372684,-2,604144,0,04098417,0,4378049,-0,2912449,-0,6038766,0,0819541,-1,330412,0,1299084,0,8651975,-0,2394444,-0,6078058,-0,04024385,0,3385992,-0,1557023,1,098195,-0,3282593,-0,5497981,0,1325839,-0,9326134,0,2070398,1,120908,-0,3371903,-0,5978005,0,1324754,-1,065642,0,2250434,1,126555,-0,2375236,-0,559114,-0,03859279,0,2395139,-0,1482338,1,071886,-0,2290449,-0,6046329,-0,1083622,1,761273,-0,2985538,1,012576,-0,2661656,-0,5603643,0,1142253,-0,6637471,0,002112986,1,828564,0,0,0,0,0,0,0,0,0,0,0,0,0,0,0,0,0,0,0,0,0,0,0,0,0,0,0,0,0,0
195,-0,3658179,-0,5440289,0,0782943,-3,813772,0,5634459,-0,03247635,-0,359041,-0,5448086,0,01207533,-3,952107,0,6509575,-0,04588004,-0,3714551,-0,5918882,0,01041776,-4,451388,0,7309112,-0,1654539,-0,3786571,-0,5910768,0,0789049,-4,370612,0,6399902,-0,1524602,-0,331668,-0,5986981,-0,04554479,-4,61118,0,4553826,-0,2650471,-0,3376306,-0,5500229,0,1379551,-0,4685642,-0,01123846,0,26856,-0,3447807,-0,5982912,0,1380375,-0,3795193,-0,02453626,0,278105,-0,3208058,-0,5512288,-0,04237505,-4,164108,0,394264,-0,1891131,-0,2749588,-0,6076699,-0,0839154,-2,295701,-0,1518518,1,222341,-0,2731349,-0,558892,0,1468608,-0,3484668,0,07361475,1,631775,0,0,0,0,0,0,0,0,0,0,0,0,0,0,0,0,0,0,0,0,0,0,0,0,0,0,0,0,0,0
196,-0,3892201,-0,5360223,0,09366104,-1,170111,0,4003288,0,7683373,-0,4020288,-0,5314134,0,02845138,-2,149392,0,6697568,0,818803,-0,4179699,-0,5774872,0,02751808,-2,325743,0,7200482,0,8550161,-0,3997193,-0,5836425,0,09366442,-1,053109,0,3717126,0,7379766,-0,3794546,-0,5877083,-0,02884081,-2,389329,0,5494925,0,8351994,-0,3313584,-0,5477977,0,1237221,0,3136085,0,1112611,-0,7116522,-0,3415149,-0,5953778,0,1277528,0,1632885,0,1456708,-0,5142348,-0,3679897,-0,5401772,-0,02828198,-2,359199,0,552577,0,7046537,-0,336959,-0,5956541,-0,08272051,-3,100008,0,6007912,0,05974437,-0,2811953,-0,5546445,0,165811,-0,4030184,0,2123744,0,9475116,0,0,0,0,0,0,0,0,0,0,0,0,0,0,0,0,0,0,0,0,0,0,0,0,0,0,0,0,0,0
197,-0,3932113,-0,5369449,0,09725904,-0,1995609,-0,04612805,0,1798999,-0,4262498,-0,5265489,0,04030129,-1,211048,0,2432288,0,5924957,-0,4412333,-0,5729712,0,03976136,-1,163169,0,2258004,0,6121643,-0,4004007,-0,585083,0,09398115,-0,03407003,-0,0720233,0,01583621,-0,4014356,-0,5833275,-0,01564384,-1,099049,0,2190382,0,6598483,-0,3379921,-0,5466425,0,1325625,-0,3316851,0,05775692,0,4420223,-0,3421448,-0,5950282,0,128601,-0,03149511,0,01748205,0,04241095,-0,388018,-0,5364521,-0,01350301,-1,001415,0,1862556,0,7389492,-0,3497673,-0,5945905,-0,06001509,-0,6404149,0,05318227,1,135272,-0,2915536,-0,5536115,0,1785541,-0,5179169,0,05165042,0,6371515,0,0,0,0,0,0,0,0,0,0,0,0,0,0,0,0,0,0,0,0,0,0,0,0,0,0,0,0,0,0
198,-0,4156039,-0,5331391,0,1194338,-1,119629,0,1902909,1,108737,-0,4329375,-0,5313794,0,05522861,-0,3343852,-0,2415271,0,7463659,-0,4449143,-0,5786265,0,05620394,-0,1840473,-0,2827646,0,8221294,-0,4257912,-0,5807955,0,1223071,-1,269524,0,2143771,1,416299,-0,3908117,-0,5913939,0,01530591,0,5311939,-0,4033209,1,547488,-0,3571937,-0,5430255,0,1489304,-0,9600792,0,1808525,0,8183974,-0,3631017,-0,5914664,0,1479413,-1,047844,0,1780898,0,9670135,-0,3823004,-0,5433875,0,01333623,0,2858819,-0,3467681,1,341962,-0,3456818,-0,6000205,-0,03614726,0,2042741,-0,2715023,1,193392,-0,3111708,-0,549143,0,1953748,-0,9808589,0,2234281,0,8410368,0,0,0,0,0,0,0,0,0,0,0,0,0,0,0,0,0,0,0,0,0,0,0,0,0,0,0,0,0,0
199,-0,4422863,-0,5239426,0,1247598,-1,334122,0,4598232,0,2663021,-0,4517289,-0,5261367,0,05888078,-0,9395737,0,2621354,0,1826086,-0,4625972,-0,5736244,0,0611736,-0,8841473,0,2501042,0,2484827,-0,4552574,-0,570673,0,1295768,-1,473313,0,5061211,0,3634849,-0,3976047,-0,5876563,0,04256086,-0,3396513,0,1868815,1,362748,-0,3992187,-0,5301355,0,1751145,-2,101254,0,6445023,1,309202,-0,4159893,-0,5746814,0,1855603,-2,644379,0,8392487,1,880953,-0,3892275,-0,5396828,0,03971954,-0,3463568,0,1852334,1,319166,-0,3518264,-0,59679,-0,008434525,-0,3072293,0,1615286,1,385637,-0,3474026,-0,5395933,0,2144757,-1,81159,0,477484,0,9550471,0,0,0,0,0,0,0,0,0,0,0,0,0,0,0,0,0,0,0,0,0,0,0,0,0,0,0,0,0,0
200,-0,461211,-0,5153778,0,1270107,-0,946233,0,4282417,0,1125429,-0,4697077,-0,5172361,0,06097257,-0,8989382,0,4450323,0,1045896,-0,4808159,-0,5647289,0,06297443,-0,9109381,0,444776,0,09004179,-0,4778603,-0,5610147,0,131698,-1,130145,0,482917,0,1060583,-0,413159,-0,5786499,0,06224407,-0,7777172,0,4503192,0,9841604,-0,4177018,-0,5250922,0,1758427,-0,9241525,0,2521635,0,03640951,-0,4321692,-0,5713201,0,1816536,-0,8089948,0,1680643,-0,1953379,-0,4046056,-0,5311555,0,055384,-0,7689047,0,4263641,0,7832232,-0,3502213,-0,5919542,0,03717387,0,08025321,0,2417893,2,280421,-0,3739791,-0,5318135,0,2242793,-1,328823,0,388989,0,4901791,0,0,0,0,0,0,0,0,0,0,0,0,0,0,0,0,0,0,0,0,0,0,0,0,0,0,0,0,0,0
201,-0,475947,-0,5124637,0,1336064,-0,7368001,0,1457036,0,3297896,-0,4710353,-0,5187762,0,06748118,-0,06638172,-0,07700625,0,3254305,-0,4819443,-0,5662841,0,07043178,-0,05641731,-0,07776025,0,3728674,-0,492723,-0,5580896,0,1379674,-0,7431361,0,1462579,0,3134714,-0,4163642,-0,5803736,0,05369093,-0,1602591,-0,08618239,-0,4276572,-0,4306369,-0,5236031,0,1804855,-0,6467538,0,07445219,0,2321445,-0,4447556,-0,5700006,0,1853776,-0,6293225,0,0659764,0,186199,-0,4096278,-0,5328416,0,04533008,-0,2511115,-0,08430484,-0,5026961,-0,353955,-0,5923396,0,0265596,-0,1866848,-0,01927019,-0,5307134,-0,3912179,-0,5292163,0,2326869,-0,8619416,0,1298577,0,4203806,0,0,0,0,0,0,0,0,0,0,0,0,0,0,0,0,0,0,0,0,0,0,0,0,0,0,0,0,0,0
202,-0,4838153,-0,5086481,0,1408003,-0,3934132,0,1907796,0,3596933,-0,4728285,-0,5172043,0,07570031,-0,08965734,0,07859173,0,4109567,-0,4857046,-0,564084,0,07877178,-0,188017,0,1100064,0,4170002,-0,5004422,-0,5543125,0,1453346,-0,3859596,0,1888514,0,3683606,-0,4357762,-0,5788965,0,03350622,-0,9705979,0,07385316,-1,009236,-0,4392664,-0,5191494,0,1885922,-0,4314797,0,222689,0,4053348,-0,4541311,-0,5651264,0,1946678,-0,4687728,0,2437086,0,4645104,-0,4273347,-0,5310403,0,02869043,-0,8853454,0,09006564,-0,8319829,-0,3792544,-0,591323,-0,003978428,-1,264969,0,05082788,-1,526902,-0,3933398,-0,5270045,0,2349319,-0,1060963,0,1105935,0,1122483,0,0,0,0,0,0,0,0,0,0,0,0,0,0,0,0,0,0,0,0,0,0,0,0,0,0,0,0,0,0
203,-0,4856634,-0,5072341,0,1425582,-0,09240512,0,07070008,0,08789305,-0,4686048,-0,5179565,0,07913409,0,2111853,-0,03760757,0,1716894,-0,4804604,-0,5651641,0,08301909,0,2622114,-0,05400779,0,2123659,-0,5021499,-0,5529311,0,1472401,-0,08538369,0,06907287,0,09527657,-0,4366032,-0,5785447,0,0312831,-0,04135223,0,01759232,-0,1111562,-0,442668,-0,5166646,0,191937,-0,1700775,0,12424,0,167238,-0,4553203,-0,5635565,0,1961184,-0,05946162,0,07849637,0,0725292,-0,4298412,-0,5305665,0,02627881,-0,1253248,0,02369286,-0,1205814,-0,3997626,-0,587972,-0,02647159,-1,025412,0,1675517,-1,124659,-0,4034632,-0,521717,0,244361,-0,5061703,0,2643765,0,4714565,0,0,0,0,0,0,0,0,0,0,0,0,0,0,0,0,0,0,0,0,0,0,0,0,0,0,0,0,0,0
204,-0,4835183,-0,5057032,0,1383547,0,1072526,0,07654729,-0,2101735,-0,4545331,-0,5192239,0,07997794,0,703584,-0,0633687,0,04219228,-0,4661878,-0,5663943,0,08413604,0,7136288,-0,06150904,0,05584734,-0,4995135,-0,5515848,0,1425756,0,1318172,0,06731156,-0,2332271,-0,4657022,-0,5708116,0,01525371,-1,45495,0,3866555,-0,8014695,-0,4474735,-0,5121372,0,193475,-0,2402739,0,2263666,0,07689822,-0,4599977,-0,5590637,0,1980212,-0,2338679,0,2246411,0,09514097,-0,4533739,-0,5236499,0,01338635,-1,176633,0,3458293,-0,6446234,-0,4129225,-0,5842393,-0,02731507,-0,6579938,0,1866341,-0,04217393,-0,4092766,-0,5164156,0,2467004,-0,2906681,0,2650679,0,1169675,0,0,0,0,0,0,0,0,0,0,0,0,0,0,0,0,0,0,0,0,0,0,0,0,0,0,0,0,0,0
205,-0,4749678,-0,5092591,0,1318152,0,4275234,-0,1777977,-0,3269756,-0,4571924,-0,5191993,0,06840016,-0,1329661,0,001230836,-0,5788891,-0,4691503,-0,5663667,0,07160691,-0,1481221,0,001379848,-0,6264566,-0,4909731,-0,5550968,0,1359468,0,4270242,-0,1755983,-0,3314385,-0,4790118,-0,5667067,0,003297243,-0,6654816,0,2052457,-0,5978236,-0,4412111,-0,5148343,0,1885316,0,3131167,-0,1348526,-0,2471679,-0,4565666,-0,5606628,0,1948846,0,1715542,-0,07995668,-0,1568288,-0,4671051,-0,5193598,0,002418248,-0,6865624,0,2145053,-0,5484051,-0,4423064,-0,5754944,-0,054517,-1,469195,0,437245,-1,360097,-0,4098198,-0,5165024,0,2461858,-0,02716334,-0,00433922,-0,02572612,0,0,0,0,0,0,0,0,0,0,0,0,0,0,0,0,0,0,0,0,0,0,0,0,0,0,0,0,0,0
206,-0,4623939,-0,5162684,0,1277343,0,6286951,-0,3504635,-0,2040454,-0,461618,-0,520372,0,06132247,-0,2212808,-0,05863907,-0,3538848,-0,476108,-0,5668848,0,06307517,-0,3478841,-0,02590121,-0,4265873,-0,4773851,-0,5625205,0,1317715,0,6793964,-0,3711851,-0,2087691,-0,5012175,-0,5596721,-0,0008128236,-1,110283,0,3517272,-0,2055034,-0,4343275,-0,5191085,0,1875977,0,3441797,-0,2137125,-0,04669355,-0,4476605,-0,5656595,0,193372,0,445305,-0,249836,-0,07563013,-0,484938,-0,5136417,-0,0008284203,-0,8916426,0,2859057,-0,1623335,-0,4552827,-0,573962,-0,05046747,-0,6488162,0,0766218,0,2024767,-0,4104526,-0,5176455,0,2487589,-0,03163816,-0,05715492,0,1286522,0,0,0,0,0,0,0,0,0,0,0,0,0,0,0,0,0,0,0,0,0,0,0,0,0,0,0,0,0,0
207,-0,4456945,-0,5174913,0,1251854,0,834972,-0,06114843,-0,1274467,-0,4528224,-0,5194948,0,05904198,0,4397826,0,04386308,-0,1140243,-0,4691981,-0,5653567,0,06128337,0,345491,0,07640424,-0,0895901,-0,4627787,-0,5629259,0,1298035,0,7303241,-0,02027155,-0,09839911,-0,5155988,-0,5493127,0,01275087,-0,7190678,0,5179705,0,678185,-0,4223297,-0,5188959,0,1870775,0,5998942,0,01063347,-0,02601371,-0,4367164,-0,5650544,0,1931433,0,5472037,0,03025831,-0,01143367,-0,4972435,-0,5040815,0,0116964,-0,6152781,0,4780086,0,6262415,-0,4721848,-0,5661014,-0,03836676,-0,8451063,0,3930272,0,6050358,-0,4035209,-0,5155669,0,2498878,0,3465877,0,1039267,0,05644562,0,0,0,0,0,0,0,0,0,0,0,0,0,0,0,0,0,0,0,0,0,0,0,0,0,0,0,0,0,0
208,-0,4129314,-0,52438,0,1212919,1,638158,-0,3444345,-0,1946707,-0,4465451,-0,517518,0,0642729,0,3138633,0,09883944,0,2615458,-0,4632118,-0,5631959,0,06750154,0,2993153,0,1080364,0,3109089,-0,4270715,-0,570867,0,1256475,1,785361,-0,3970535,-0,2077975,-0,5042242,-0,5501334,0,01349604,0,5687329,-0,04103483,0,0372586,-0,4109176,-0,5178857,0,1871416,0,5706059,0,05050601,0,003205241,-0,4279186,-0,5630379,0,1937419,0,4398914,0,1008213,0,02992899,-0,4858869,-0,5049254,0,01187965,0,5678313,-0,04219414,0,009162402,-0,4873118,-0,5576234,-0,05306017,-0,7563519,0,4239025,-0,7346709,-0,3961866,-0,5131237,0,2510014,0,3667103,0,1221627,0,05568119,0,0,0,0,0,0,0,0,0,0,0,0,0,0,0,0,0,0,0,0,0,0,0,0,0,0,0,0,0,0
209,-0,4011752,-0,5258467,0,1183127,0,5878078,-0,0733346,-0,1489618,-0,4335043,-0,5190566,0,06057523,0,6520393,-0,07693174,-0,1848833,-0,4508549,-0,5644823,0,06381367,0,6178456,-0,06431939,-0,1843937,-0,4161476,-0,5720412,0,1228347,0,5461949,-0,05870762,-0,1406413,-0,4636691,-0,5624689,-0,004055442,2,027755,-0,6167742,-0,8775746,-0,3870901,-0,5230155,0,1829246,1,191372,-0,2564878,-0,21085,-0,401264,-0,5692089,0,1895953,1,332731,-0,3085465,-0,2073296,-0,4480452,-0,5162905,-0,004486558,1,892085,-0,568259,-0,8183108,-0,4901419,-0,5524876,-0,06704532,-0,141503,0,2567918,-0,6992576,-0,3837933,-0,5139085,0,2478701,0,619668,-0,03924073,-0,1565681,0,0,0,0,0,0,0,0,0,0,0,0,0,0,0,0,0,0,0,0,0,0,0,0,0,0,0,0,0,0
210,-0,3882807,-0,5338126,0,1117027,0,6447273,-0,3982933,-0,3304993,-0,4114095,-0,5298831,0,04942746,1,104744,-0,5413266,-0,5573886,-0,4245051,-0,5768448,0,05032849,1,317493,-0,6181213,-0,6742595,-0,4016156,-0,5805926,0,1151643,0,7265988,-0,4275741,-0,383521,-0,4167922,-0,5784668,-0,01827705,2,343843,-0,7998976,-0,7110809,-0,3724504,-0,5325152,0,1759438,0,7319856,-0,4749866,-0,349039,-0,3866192,-0,5787883,0,1819519,0,7322374,-0,4789712,-0,3821717,-0,4062687,-0,530862,-0,01711863,2,088825,-0,7285747,-0,631604,-0,4561495,-0,5668358,-0,0738057,1,699618,-0,7174107,-0,3380195,-0,3565792,-0,5282226,0,2394655,1,360705,-0,7157061,-0,4202256,0,0,0,0,0,0,0,0,0,0,0,0,0,0,0,0,0,0,0,0,0,0,0,0,0,0,0,0,0,0
211,-0,3678956,-0,5435475,0,1068135,1,019255,-0,4867436,-0,2444615,-0,3844292,-0,5420107,0,04239937,1,349012,-0,6063762,-0,3514047,-0,3928751,-0,5900802,0,04251143,1,5815,-0,6617727,-0,3908531,-0,3799809,-0,5906942,0,1101793,1,081737,-0,505078,-0,2492488,-0,3906931,-0,5888143,-0,02652013,1,304956,-0,5173715,-0,4121537,-0,3465004,-0,543502,0,1694038,1,297503,-0,5493405,-0,3269979,-0,3617621,-0,5893422,0,1761827,1,242856,-0,527695,-0,288459,-0,3851175,-0,5404478,-0,0243219,1,057564,-0,4792871,-0,3601637,-0,4041421,-0,582629,-0,09399896,2,600373,-0,7896605,-1,009663,-0,3280658,-0,5395155,0,232323,1,425671,-0,564644,-0,3571273,0,0,0,0,0,0,0,0,0,0,0,0,0,0,0,0,0,0,0,0,0,0,0,0,0,0,0,0,0,0
212,-0,3427751,-0,5505867,0,09656116,1,256022,-0,3519626,-0,5126173,-0,3637972,-0,5486856,0,03347807,1,031603,-0,3337474,-0,4460653,-0,3735849,-0,5964751,0,0343976,0,9645108,-0,3197463,-0,4056915,-0,3498113,-0,5987898,0,09901167,1,508476,-0,4047813,-0,5583825,-0,3808222,-0,5945431,-0,03422334,0,4935445,-0,2864422,-0,3851607,-0,3224298,-0,5494882,0,1595398,1,203529,-0,2993078,-0,4932018,-0,3348893,-0,5961655,0,1659517,1,343644,-0,3411652,-0,5115526,-0,3708828,-0,5468205,-0,03285444,0,7117349,-0,3186376,-0,4266268,-0,3839513,-0,5903072,-0,1030754,1,009542,-0,3839107,-0,4538236,-0,3031845,-0,5450736,0,2221565,1,244066,-0,2779068,-0,5083243,0,0,0,0,0,0,0,0,0,0,0,0,0,0,0,0,0,0,0,0,0,0,0,0,0,0,0,0,0,0
213,-0,3187308,-0,5570225,0,08085021,1,202217,-0,3217907,-0,7855478,-0,3352967,-0,5556847,0,01650962,1,425025,-0,3499539,-0,8484227,-0,3390655,-0,6043321,0,01551375,1,725969,-0,3928514,-0,9441927,-0,3232821,-0,6055919,0,08251184,1,326465,-0,3401043,-0,8249916,-0,3638736,-0,5990952,-0,04869432,0,8474324,-0,2276064,-0,7235494,-0,2953666,-0,55638,0,1428528,1,353159,-0,3445925,-0,8343492,-0,3062008,-0,6035892,0,1488629,1,434425,-0,3711881,-0,8544374,-0,3537375,-0,5513148,-0,0474458,0,8572642,-0,2247126,-0,7295686,-0,3889244,-0,5905636,-0,1123458,-0,2486573,-0,01282096,-0,4635198,-0,2586551,-0,5571439,0,1973007,2,22647,-0,6035122,-1,242794,0,0,0,0,0,0,0,0,0,0,0,0,0,0,0,0,0,0,0,0,0,0,0,0,0,0,0,0,0,0
214,-0,2868695,-0,5616184,0,03680857,1,593066,-0,2297969,-2,202083,-0,3051177,-0,5548025,-0,0268867,1,508949,0,04410746,-2,169817,-0,3025831,-0,6031005,-0,03354149,1,824122,0,06158056,-2,452763,-0,291684,-0,6101828,0,03410349,1,579904,-0,2295435,-2,420418,-0,3261334,-0,5936121,-0,09774353,1,887011,0,2741547,-2,452462,-0,2529346,-0,5672814,0,09334687,2,121603,-0,5450698,-2,475299,-0,2535723,-0,6160067,0,09060877,2,631427,-0,620872,-2,912709,-0,3222361,-0,5453229,-0,09067372,1,575071,0,2995939,-2,161397,-0,3924598,-0,5838598,-0,1152019,-0,1767711,0,3351898,-0,1428035,-0,1963153,-0,5692497,0,1266291,3,116992,-0,6052914,-3,533581,0,0,0,0,0,0,0,0,0,0,0,0,0,0,0,0,0,0,0,0,0,0,0,0,0,0,0,0,0,0
215,-0,2747403,-0,5534396,-0,0004114093,0,6064611,0,4089417,-1,860999,-0,2930217,-0,542679,-0,06345599,0,6047996,0,6061765,-1,828465,-0,2953497,-0,590618,-0,07199872,0,3616722,0,6241264,-1,922863,-0,2770723,-0,6018137,-0,006589933,0,7305878,0,4184546,-2,034672,-0,3398228,-0,5775488,-0,1231816,-0,6844717,0,8031669,-1,271903,-0,2487575,-0,5615438,0,05993769,0,2088548,0,2868832,-1,67046,-0,2522994,-0,6100364,0,05671151,0,06364288,0,2985151,-1,694864,-0,3349432,-0,5299408,-0,1137746,-0,6353574,0,7691029,-1,155046,-0,4025789,-0,5752376,-0,09446494,-0,5059557,0,4311087,1,036848,-0,1895341,-0,56686,0,08769825,0,3390604,0,1194865,-1,946542,0,0,0,0,0,0,0,0,0,0,0,0,0,0,0,0,0,0,0,0,0,0,0,0,0,0,0,0,0,0
216,-0,2606958,-0,5494112,-0,05515532,0,7022235,0,2014191,-2,737197,-0,3091545,-0,5379705,-0,09945904,-0,8066389,0,2354265,-1,800153,-0,313707,-0,5857095,-0,108135,-0,9178657,0,2454252,-1,806816,-0,2614688,-0,597229,-0,06479012,0,7801744,0,2292336,-2,910011,-0,3805839,-0,5750456,-0,1218981,-2,038052,0,1251609,0,0641715,-0,2299079,-0,5606193,0,002453353,0,9424824,0,04622342,-2,874218,-0,2312712,-0,6088836,-0,004475719,1,051411,0,05764069,-3,059362,-0,373496,-0,5275327,-0,1138348,-1,927637,0,1204074,-0,003008173,-0,4485238,-0,5628496,-0,1243993,-2,297244,0,6193998,-1,496718,-0,1688296,-0,5651966,0,02622944,1,035227,0,08316639,-3,073442,0,0,0,0,0,0,0,0,0,0,0,0,0,0,0,0,0,0,0,0,0,0,0,0,0,0,0,0,0,0
217,-0,2724121,-0,5479826,-0,07446947,-0,5858155,0,07143322,-0,9657078,-0,3336965,-0,5368835,-0,09807836,-1,227099,0,05434754,0,06903413,-0,3423251,-0,584795,-0,1006416,-1,430908,0,04572572,0,3746727,-0,2772763,-0,596081,-0,08082459,-0,7903787,0,05740228,-0,8017238,-0,4076764,-0,5702502,-0,1177549,-1,354628,0,2397717,0,2071635,-0,2155997,-0,5570344,-0,04171234,0,7154073,0,1792461,-2,208285,-0,2172506,-0,6051816,-0,04909706,0,7010314,0,1850963,-2,231068,-0,3962293,-0,522896,-0,1167341,-1,136665,0,2318353,-0,1449649,-0,4700728,-0,5529823,-0,1419071,-1,077451,0,4933687,-0,8753888,-0,155953,-0,562371,-0,01472919,0,6438287,0,1412839,-2,047932,0,0,0,0,0,0,0,0,0,0,0,0,0,0,0,0,0,0,0,0,0,0,0,0,0,0,0,0,0,0
218,-0,2722351,-0,5395137,-0,07852042,0,008852784,0,4234435,-0,2025478,-0,337306,-0,5299916,-0,08831627,-0,180474,0,3445955,0,4881045,-0,3449188,-0,578149,-0,09040028,-0,1296819,0,332299,0,5120656,-0,2777541,-0,5879158,-0,07852721,-0,02388806,0,4082562,0,114869,-0,4051078,-0,5653748,-0,1217398,0,1284302,0,2437682,-0,1992461,-0,2064959,-0,5457737,-0,08095478,0,4551934,0,5630317,-1,962123,-0,209844,-0,5943227,-0,08532368,0,370326,0,5429479,-1,811332,-0,3974553,-0,5176986,-0,1145213,-0,06130191,0,2598674,0,1106382,-0,4656168,-0,5495986,-0,1510263,0,2228023,0,1691819,-0,455963,-0,1527294,-0,5521175,-0,04386321,0,1611792,0,5126716,-1,456702,0,0,0,0,0,0,0,0,0,0,0,0,0,0,0,0,0,0,0,0,0,0,0,0,0,0,0,0,0,0
219,-0,2678922,-0,5295109,-0,09687635,0,2171458,0,5001428,-0,9177968,-0,3337361,-0,5223467,-0,08993629,0,1784951,0,3822477,-0,08100088,-0,3397835,-0,5706891,-0,08887912,0,2567635,0,3729971,0,07605816,-0,2714522,-0,578023,-0,09400391,0,3150941,0,4946413,-0,7738351,-0,4032352,-0,561466,-0,114638,0,09362999,0,1954377,0,3550877,-0,2020981,-0,533639,-0,1030772,0,2198891,0,6067368,-1,10612,-0,2037578,-0,5824492,-0,1036535,0,3043131,0,5936744,-0,9164914,-0,3961581,-0,5133013,-0,1118674,0,06485882,0,2198697,0,1326956,-0,4632838,-0,5492218,-0,1464849,0,1166508,0,01884402,0,2270737,-0,1374651,-0,5357379,-0,09077171,0,7632184,0,81898,-2,345426,0,0,0,0,0,0,0,0,0,0,0,0,0,0,0,0,0,0,0,0,0,0,0,0,0,0,0,0,0,0
220,-0,2609085,-0,5187638,-0,1224706,0,349185,0,537354,-1,279714,-0,3267885,-0,5143861,-0,1307735,0,3473775,0,398031,-2,041862,-0,3294098,-0,5617257,-0,1421116,0,5186828,0,4481705,-2,661625,-0,260564,-0,5648494,-0,1382381,0,5444097,0,6586792,-2,211708,-0,3975717,-0,5585665,-0,1309813,0,2831773,0,1449764,-0,8171606,-0,1957018,-0,520923,-0,1111678,0,3198148,0,635803,-0,4045331,-0,1926145,-0,5661402,-0,1291661,0,5571636,0,8154485,-1,275628,-0,3930664,-0,5104808,-0,1240516,0,1545877,0,1410217,-0,60921,-0,4643376,-0,5486204,-0,145584,-0,05269351,0,03006757,0,04504399,-0,1305418,-0,5190348,-0,1026685,0,3461623,0,8351568,-0,5948415,0,0,0,0,0,0,0,0,0,0,0,0,0,0,0,0,0,0,0,0,0,0,0,0,0,0,0,0,0,0
221,-0,2558121,-0,5074324,-0,1336554,0,2548189,0,5665692,-0,5592386,-0,3206667,-0,5037204,-0,1484728,0,3060908,0,533283,-0,8849676,-0,3197649,-0,5484379,-0,1677828,0,4822465,0,6643894,-1,283561,-0,2523772,-0,5517658,-0,15346,0,4093425,0,6541821,-0,7610995,-0,3889717,-0,5480363,-0,1675647,0,43,0,5265118,-1,829176,-0,1911609,-0,5074695,-0,1194019,0,2270446,0,6726744,-0,4117021,-0,1849631,-0,5507984,-0,1409461,0,3825703,0,7670912,-0,5890006,-0,3875335,-0,5019717,-0,1521474,0,2766432,0,4254552,-1,40479,-0,4569969,-0,5483039,-0,1550507,0,3670381,0,01582504,-0,4733348,-0,1344862,-0,5148032,-0,0868777,-0,1972207,0,2115787,0,7895421,0,0,0,0,0,0,0,0,0,0,0,0,0,0,0,0,0,0,0,0,0,0,0,0,0,0,0,0,0,0
222,-0,2726318,-0,5027675,-0,1211547,-0,8409846,0,233245,0,6250332,-0,3389365,-0,5062938,-0,1178535,-0,9134922,-0,1286686,1,530967,-0,3381972,-0,5522828,-0,1340448,-0,9216133,-0,1922429,1,686902,-0,2695065,-0,5481803,-0,1383624,-0,856464,0,179273,0,7548812,-0,4066033,-0,5546026,-0,1249804,-0,8815843,-0,3283144,2,129216,-0,2198798,-0,5122832,-0,08248501,-1,435943,-0,2406866,1,845844,-0,2134267,-0,5574594,-0,1000188,-1,423181,-0,33305,2,046362,-0,4055903,-0,507179,-0,1133858,-0,9028409,-0,2603621,1,938081,-0,4661292,-0,5435181,-0,1581549,-0,4566165,0,2392889,-0,1552135,-0,1932043,-0,5300428,-0,02517692,-2,935905,-0,7619771,3,085041,0,0,0,0,0,0,0,0,0,0,0,0,0,0,0,0,0,0,0,0,0,0,0,0,0,0,0,0,0,0
223,-0,3678253,-0,5241278,-0,04809266,-4,75968,-1,068017,3,653105,-0,4130124,-0,5076578,-0,09438944,-3,703794,-0,06819966,1,173204,-0,4209039,-0,554807,-0,1043217,-4,135339,-0,1262129,1,486154,-0,3790726,-0,5713852,-0,05223178,-5,478311,-1,160244,4,306533,-0,4864918,-0,5391326,-0,1188293,-3,994426,0,7734987,0,3075579,-0,3632721,-0,5298627,0,01768237,-7,169618,-0,8789752,5,008371,-0,3743611,-0,5773324,0,01578413,-8,046721,-0,9936486,5,790151,-0,4759365,-0,4921687,-0,1107543,-3,517312,0,7505122,0,1315743,-0,5126895,-0,5208361,-0,1801353,-2,328014,1,134104,-1,099018,-0,3425852,-0,5365226,0,07974505,-7,469048,-0,3239901,5,2461,0,0,0,0,0,0,0,0,0,0,0,0,0,0,0,0,0,0,0,0,0,0,0,0,0,0,0,0,0,0
224,-0,4797825,-0,4901918,0,04521948,-5,597859,1,6968,4,665609,-0,4890946,-0,4851594,-0,02057161,-3,804115,1,124917,3,690893,-0,5122913,-0,5279602,-0,02149023,-4,569368,1,342339,4,141577,-0,4967294,-0,5359699,0,04526761,-5,882839,1,770768,4,874972,-0,4886602,-0,5370132,-0,08590966,-0,1084209,0,1059682,1,645982,-0,4366865,-0,5051779,0,09328177,-3,670724,1,234243,3,779972,-0,4531142,-0,5510197,0,09593348,-3,937657,1,315636,4,007469,-0,4718163,-0,4912584,-0,08484661,0,2060131,0,04551413,1,295386,-0,4724266,-0,5395978,-0,1530314,2,013143,-0,9380881,1,355196,-0,3804524,-0,5234519,0,1223458,-1,893359,0,6535324,2,130041,0,0,0,0,0,0,0,0,0,0,0,0,0,0,0,0,0,0,0,0,0,0,0,0,0,0,0,0,0,0
225,-0,4981285,-0,4842107,0,06772533,-0,9173039,0,299059,1,125293,-0,4586469,-0,5005512,0,01662854,1,522387,-0,7695872,1,860009,-0,4812589,-0,5435802,0,01201159,1,551617,-0,780997,1,675092,-0,5170803,-0,5291469,0,06906573,-1,017547,0,3411503,1,189907,-0,4389937,-0,5582586,-0,04050387,2,483327,-1,062268,2,270291,-0,4522051,-0,5013559,0,1123928,-0,7759306,0,1910985,0,9555537,-0,4664781,-0,5480065,0,1111595,-0,6681966,0,1506597,0,7613003,-0,41957,-0,5136629,-0,03590497,2,612313,-1,120225,2,447083,-0,3959517,-0,5696756,-0,09342293,3,82375,-1,503891,2,980424,-0,3938163,-0,5192807,0,1367792,-0,6681981,0,2085597,0,7216657,0,0,0,0,0,0,0,0,0,0,0,0,0,0,0,0,0,0,0,0,0,0,0,0,0,0,0,0,0,0
226,-0,4745505,-0,5052513,0,09409223,1,178903,-1,052031,1,318345,-0,4269983,-0,5216723,0,05034154,1,582434,-1,056058,1,685651,-0,4456805,-0,5665651,0,04597227,1,778921,-1,149247,1,698035,-0,4901152,-0,5514098,0,09636913,1,348255,-1,113147,1,36517,-0,3982271,-0,5798908,-0,002211343,2,038334,-1,081613,1,914627,-0,4638456,-0,5045351,0,1593881,-0,5820262,-0,1589597,2,349766,-0,4795839,-0,5504478,0,1640421,-0,6552922,-0,1220644,2,644134,-0,3808754,-0,5346164,0,003784223,1,934732,-1,047674,1,98446,-0,345566,-0,5923648,-0,04512289,2,519284,-1,134459,2,415003,-0,4017911,-0,5240521,0,1683147,-0,3987388,-0,2385707,1,576779,0,0,0,0,0,0,0,0,0,0,0,0,0,0,0,0,0,0,0,0,0,0,0,0,0,0,0,0,0,0
227,-0,4230494,-0,5253106,0,1447622,2,575053,-1,002968,2,533501,-0,3933098,-0,5389042,0,08676867,1,684422,-0,8615944,1,821357,-0,3945277,-0,5867798,0,09663143,2,557641,-1,010737,2,532959,-0,4321614,-0,5725828,0,1526361,2,897693,-1,05865,2,81335,-0,3605226,-0,597783,0,03751327,1,885224,-0,8946095,1,986232,-0,4634538,-0,5084884,0,194726,0,01959354,-0,197667,1,766892,-0,4788645,-0,5545102,0,1994124,0,03597291,-0,2031208,1,768512,-0,3548673,-0,5494211,0,03329496,1,300406,-0,7402334,1,475537,-0,3082737,-0,6055633,-0,00712878,1,864616,-0,659928,1,899706,-0,4049303,-0,5245917,0,2196419,-0,1569585,-0,02697707,2,566359,0,0,0,0,0,0,0,0,0,0,0,0,0,0,0,0,0,0,0,0,0,0,0,0,0,0,0,0,0,0
228,-0,4075277,-0,5271377,0,1683984,0,7760856,-0,0913531,1,181808,-0,3652984,-0,5402274,0,1186561,1,40057,-0,06616119,1,594372,-0,3708724,-0,5881833,0,1254057,1,182767,-0,07017556,1,438715,-0,4202413,-0,5741424,0,1715923,0,596005,-0,07798079,0,9478089,-0,3195422,-0,5986114,0,08028078,2,049022,-0,0414163,2,138376,-0,4528747,-0,5106506,0,2136436,0,5289527,-0,108108,0,9458843,-0,4666451,-0,5570811,0,2190313,0,6109717,-0,1285464,0,9809498,-0,3179005,-0,5505031,0,07266807,1,848342,-0,05410316,1,968656,-0,2862779,-0,6074463,0,02032791,1,099793,-0,09414557,1,372835,-0,4050464,-0,5187146,0,2578611,-0,005808475,0,293854,1,910962,0,0,0,0,0,0,0,0,0,0,0,0,0,0,0,0,0,0,0,0,0,0,0,0,0,0,0,0,0,0
229,-0,3969977,-0,5223629,0,1885723,0,5265014,0,2387405,1,008697,-0,3444639,-0,5342727,0,149246,1,041726,0,2977343,1,529498,-0,3492426,-0,5823627,0,1562217,1,081492,0,2910317,1,540801,-0,4045401,-0,5700377,0,1952374,0,785062,0,2052367,1,182256,-0,3181818,-0,5926657,0,09543894,0,06802085,0,2972842,0,7579084,-0,4560763,-0,5083793,0,2151222,-0,1600788,0,1135618,0,07392991,-0,4673098,-0,5556884,0,2186345,-0,03323855,0,06963316,-0,01984016,-0,3143023,-0,5443906,0,09048178,0,1799078,0,3056289,0,890686,-0,2936567,-0,5996571,0,03119939,-0,368944,0,3894599,0,543574,-0,4152932,-0,5135038,0,2663955,-0,5123379,0,2605409,0,4267218,0,0,0,0,0,0,0,0,0,0,0,0,0,0,0,0,0,0,0,0,0,0,0,0,0,0,0,0,0,0
230,-0,4157584,-0,5138823,0,190354,-0,9380359,0,4240306,0,08908588,-0,3541691,-0,5237281,0,1670645,-0,4852595,0,5272301,0,8909259,-0,3568223,-0,5712376,0,1778426,-0,3789859,0,5562576,1,081043,-0,4199489,-0,5606635,0,2033329,-0,770441,0,4687102,0,4047753,-0,3192325,-0,5842556,0,1214001,-0,05253705,0,420502,1,298059,-0,470868,-0,4987915,0,2240571,-0,7395837,0,4793914,0,4467422,-0,4814192,-0,5461382,0,2301761,-0,7054704,0,4775109,0,5770797,-0,3144076,-0,536144,0,1148724,-0,005263092,0,4123302,1,219529,-0,2786894,-0,5942313,0,06643975,0,7483649,0,2712877,1,762019,-0,4369448,-0,4987279,0,2804435,-1,08258,0,7387954,0,7023978,0,0,0,0,0,0,0,0,0,0,0,0,0,0,0,0,0,0,0,0,0,0,0,0,0,0,0,0,0,0
231,-0,4428897,-0,511662,0,1770352,-1,356565,0,1110137,-0,6659391,-0,3804025,-0,5227277,0,1571306,-1,311668,0,05002024,-0,4966976,-0,3841218,-0,5700372,0,1683721,-1,364975,0,06001892,-0,4735226,-0,4495413,-0,5589961,0,1869487,-1,479622,0,08336905,-0,8192073,-0,3205153,-0,5790718,0,1426314,-0,06414058,0,2591909,1,061564,-0,4812109,-0,4947204,0,2283685,-0,5171494,0,2035544,0,2155722,-0,4942483,-0,5411547,0,2357534,-0,641455,0,2491743,0,2788627,-0,3214253,-0,5326946,0,1276531,-0,3508838,0,1724691,0,6390392,-0,2605172,-0,5869229,0,1091266,0,9086106,0,3654183,2,134344,-0,4541537,-0,492168,0,2882183,-0,8604485,0,3279926,0,3887387,0,0,0,0,0,0,0,0,0,0,0,0,0,0,0,0,0,0,0,0,0,0,0,0,0,0,0,0,0,0
232,-0,4614022,-0,5087131,0,1569433,-0,9256247,0,1474441,-1,004596,-0,3981333,-0,5206838,0,1401321,-0,8865405,0,1021952,-0,8499253,-0,4042952,-0,5685045,0,1474212,-1,00867,0,0766367,-1,047546,-0,4695627,-0,556049,0,1654799,-1,001072,0,1473547,-1,073441,-0,3382944,-0,5779606,0,1295574,-0,8889574,0,05556049,-0,6536993,-0,4951359,-0,4923415,0,2116473,-0,6962481,0,1189456,-0,8360635,-0,5110985,-0,5381454,0,2170337,-0,842509,0,150469,-0,9359825,-0,3343506,-0,5298379,0,1227154,-0,6462651,0,1428337,-0,2468889,-0,2747561,-0,5853412,0,1036727,-0,711942,0,07908943,-0,2726977,-0,4603584,-0,4970848,0,2671262,-0,3102304,-0,245838,-1,054605,0,0,0,0,0,0,0,0,0,0,0,0,0,0,0,0,0,0,0,0,0,0,0,0,0,0,0,0,0,0
233,-0,4647731,-0,5068074,0,1520393,-0,1685456,0,095287,-0,2451994,-0,4028214,-0,518815,0,1308692,-0,2344073,0,09343926,-0,4631447,-0,4091644,-0,5668302,0,136574,-0,2434627,0,08371475,-0,5423608,-0,4729379,-0,5543346,0,1594387,-0,1687557,0,08571748,-0,3020616,-0,3426754,-0,5754119,0,1195413,-0,2190472,0,1274348,-0,5008078,-0,4918419,-0,492314,0,210824,0,1646996,0,001376868,-0,04116224,-0,5083637,-0,5379498,0,2158599,0,1367391,0,009778146,-0,05869048,-0,3414224,-0,5284347,0,1062034,-0,3535943,0,07016066,-0,8255996,-0,2751798,-0,5794914,0,1054942,-0,02118499,0,2924861,0,09107482,-0,4439422,-0,5040026,0,2541735,0,8208099,-0,3458919,-0,6476345,0,0,0,0,0,0,0,0,0,0,0,0,0,0,0,0,0,0,0,0,0,0,0,0,0,0,0,0,0,0
234,-0,460808,-0,511007,0,1552708,0,198257,-0,2099783,0,1615748,-0,4087223,-0,5231773,0,115595,-0,2950461,-0,2181143,-0,7637109,-0,4119409,-0,5710406,0,1247538,-0,1388252,-0,2105207,-0,5910093,-0,468623,-0,5586683,0,161904,0,2157421,-0,2166838,0,1232647,-0,3443988,-0,5760778,0,110818,-0,08617196,-0,03329219,-0,436162,-0,4813065,-0,4981547,0,2169568,0,5267726,-0,2920361,0,3066399,-0,4960497,-0,5442995,0,2230666,0,6156998,-0,3174843,0,3603341,-0,3457873,-0,5302054,0,09412818,-0,2182425,-0,08853678,-0,6037599,-0,2799516,-0,5812081,0,08645296,-0,2385915,-0,08583371,-0,9520602,-0,4243502,-0,5116394,0,2467135,0,9795997,-0,3818394,-0,3730001,0,0,0,0,0,0,0,0,0,0,0,0,0,0,0,0,0,0,0,0,0,0,0,0,0,0,0,0,0,0
235,-0,4645461,-0,5110077,0,1517615,-0,1869068,-3,874303E-05,-0,1754665,-0,4254511,-0,5248062,0,09961863,-0,8364383,-0,08144382,-0,7988188,-0,4286472,-0,572651,0,1090455,-0,8353148,-0,08051994,-0,7854182,-0,4754239,-0,558251,0,1575979,-0,3400446,0,02086461,-0,2153077,-0,3614314,-0,578154,0,09384529,-0,85163,-0,1038105,-0,8486364,-0,4642915,-0,5021105,0,2173941,0,8507464,-0,1977921,0,02186448,-0,4802703,-0,5475491,0,2250792,0,7889721,-0,1624793,0,1006313,-0,3622946,-0,5317595,0,07893346,-0,8253667,-0,07770362,-0,7597364,-0,3008129,-0,5856429,0,06150306,-1,043065,-0,2217383,-1,247496,-0,4153021,-0,5113817,0,2602147,0,4524054,0,01288653,0,6750616,0,0,0,0,0,0,0,0,0,0,0,0,0,0,0,0,0,0,0,0,0,0,0,0,0,0,0,0,0,0
236,-0,4525459,-0,5087406,0,1351245,0,6000089,0,1133562,-0,8318532,-0,4451262,-0,5157492,0,06930083,-0,9837542,0,4528494,-1,51589,-0,4563313,-0,5630642,0,07220753,-1,384204,0,4793407,-1,841897,-0,4688017,-0,55454,0,1394174,0,3311084,0,1855523,-0,9090248,-0,4060827,-0,5760119,0,02672988,-2,232566,0,1071036,-3,355772,-0,4139917,-0,516352,0,1883651,2,514995,-0,7120731,-1,451451,-0,4284658,-0,5625522,0,194162,2,590225,-0,7501575,-1,545865,-0,3962658,-0,5282004,0,02547453,-1,698562,0,1779527,-2,672948,-0,36715,-0,5840276,-0,02968871,-3,316858,0,08076432,-4,55959,-0,3580139,-0,529048,0,2202615,2,86441,-0,8833144,-1,997659,0,0,0,0,0,0,0,0,0,0,0,0,0,0,0,0,0,0,0,0,0,0,0,0,0,0,0,0,0,0
237,-0,3098726,-0,5590662,0,04776527,7,13367,-2,51628,-4,367961,-0,3624337,-0,546246,0,009087213,4,134625,-1,524839,-3,010682,-0,3745741,-0,5934224,0,008130535,4,087862,-1,51791,-3,203851,-0,3216633,-0,6063785,0,05033751,7,356924,-2,591927,-4,453995,-0,434452,-0,5753751,-0,02136711,-1,418464,0,03184081,-2,40485,-0,3061704,-0,5554359,0,1137358,5,391065,-1,954196,-3,731467,-0,31988,-0,6019591,0,1186414,5,429294,-1,970346,-3,776027,-0,4178176,-0,5296009,-0,02430209,-1,07759,-0,07002059,-2,488832,-0,4722558,-0,5634867,-0,07794992,-5,255291,1,027045,-2,413061,-0,2800953,-0,5559515,0,1740265,3,89593,-1,345176,-2,311753,0,0,0,0,0,0,0,0,0,0,0,0,0,0,0,0,0,0,0,0,0,0,0,0,0,0,0,0,0,0
238,-0,2304683,-0,5566933,0,01657226,3,970215,0,1186461,-1,559651,-0,2906168,-0,5500892,0,04421021,3,590844,-0,1921595,1,756151,-0,2958297,-0,5985189,0,0465506,3,937222,-0,2548278,1,921004,-0,2320329,-0,6052043,0,02137716,4,481522,0,0587106,-1,448018,-0,3144779,-0,597937,-0,01992936,5,998709,-1,128099,0,07188742,-0,1680921,-0,5599615,-0,005387697,6,903918,-0,2262802,-5,956176,-0,1699791,-0,6087124,-0,007544782,7,495049,-0,3376634,-6,309314,-0,3106838,-0,5492798,-0,01944348,5,356692,-0,9839479,0,2429304,-0,3269272,-0,594658,-0,08783042,7,266433,-1,558567,-0,4940251,-0,1228313,-0,563251,0,04218436,7,863206,-0,3649773,-6,59211,0,0,0,0,0,0,0,0,0,0,0,0,0,0,0,0,0,0,0,0,0,0,0,0,0,0,0,0,0,0
239,-0,2392525,-0,5556199,0,02705622,-0,4392104,0,05366804,0,5241983,-0,2944805,-0,5523555,-0,01001633,-0,1931832,-0,1133144,-2,711328,-0,2957768,-0,6009784,-0,01378792,0,002643467,-0,1229734,-3,016927,-0,2423837,-0,6042379,0,02968298,-0,5175413,0,04831852,0,4152914,-0,3516493,-0,5944758,-0,05388296,-1,858575,0,1730622,-1,697681,-0,1731682,-0,5588053,0,02889787,-0,2538049,0,05780759,1,714279,-0,174081,-0,6072752,0,03382345,-0,2050952,0,07185939,2,068413,-0,3458652,-0,5460677,-0,05214881,-1,759072,0,1606048,-1,635267,-0,3445093,-0,5912309,-0,12246,-0,8791033,0,1713545,-1,731478,-0,1074899,-0,5591253,0,02959479,0,767067,0,2062858,-0,6294786,0,0,0,0,0,0,0,0,0,0,0,0,0,0,0,0,0,0,0,0,0,0,0,0,0,0,0,0,0,0
240,-0,2206424,-0,5545312,-0,04642722,0,9305071,0,05443396,-3,674173,-0,286651,-0,5507978,-0,05435925,0,3914775,0,07788244,-2,217147,-0,2897895,-0,5993584,-0,05787331,0,2993644,0,08099678,-2,20427,-0,2211919,-0,6028315,-0,05327239,1,059594,0,07031861,-4,14777,-0,3584758,-0,5934799,-0,05487143,-0,3413217,0,04979374,-0,04942326,-0,183593,-0,5618152,0,007986754,-0,5212406,-0,1504928,-1,045556,-0,1861214,-0,6103736,0,005111873,-0,6020243,-0,1549215,-1,43558,-0,3532266,-0,5450216,-0,05346864,-0,3680693,0,05230608,-0,06599149,-0,3451789,-0,591338,-0,1226269,-0,03348292,-0,005352499,-0,008349124,-0,1353644,-0,5660483,0,05237143,-1,393723,-0,3461511,1,138832,0,0,0,0,0,0,0,0,0,0,0,0,0,0,0,0,0,0,0,0,0,0,0,0,0,0,0,0,0,0
241,-0,2473432,-0,5532908,0,006686766,-1,335042,0,06202164,2,6557,-0,3127359,-0,5472152,-0,004271356,-1,304245,0,1791329,2,504395,-0,3192331,-0,5949869,0,002737349,-1,47218,0,2185793,3,030534,-0,2509956,-0,6016744,0,01059697,-1,490186,0,05785527,3,193469,-0,379462,-0,5896754,-0,03077374,-1,04931,0,1902283,1,204885,-0,1825411,-0,5558286,0,01983129,0,05259516,0,2993287,0,5922269,-0,1831235,-0,6047272,0,01999681,0,1498968,0,2823205,0,7442469,-0,3735646,-0,541205,-0,03137242,-1,0169,0,1908303,1,104811,-0,342806,-0,5932872,-0,08915553,0,1186491,-0,09745959,1,673571,-0,1292867,-0,5562428,0,05864542,0,3038832,0,4902782,0,3136999,0,0,0,0,0,0,0,0,0,0,0,0,0,0,0,0,0,0,0,0,0,0,0,0,0,0,0,0,0,0
242,-0,3177527,-0,5540757,0,08668488,-3,520478,-0,03924371,3,999907,-0,3454679,-0,5503001,0,02613227,-1,636603,-0,1542479,1,520182,-0,361508,-0,5962218,0,02985849,-2,113745,-0,06174746,1,356058,-0,3259746,-0,6021234,0,08867479,-3,748953,-0,0224501,3,903893,-0,3871414,-0,5902609,-0,03406889,-0,3839733,-0,02927483,-0,1647575,-0,2743756,-0,5585344,0,1366172,-4,591724,-0,1352877,5,839298,-0,2814103,-0,6065816,0,1405052,-4,914342,-0,09272102,6,02542,-0,3758955,-0,5427834,-0,03283362,-0,1165435,-0,07891956,-0,07305986,-0,3495391,-0,596044,-0,0916961,-0,3366576,-0,1378418,-0,1270283,-0,2163331,-0,563718,0,1668694,-4,352319,-0,37376,5,411202,0,0,0,0,0,0,0,0,0,0,0,0,0,0,0,0,0,0,0,0,0,0,0,0,0,0,0,0,0,0
243,-0,3510267,-0,5451256,0,112981,-1,663696,0,4475029,1,314807,-0,3547809,-0,5483962,0,0464121,-0,4656481,0,0951976,1,013992,-0,3524826,-0,5972828,0,04845066,0,4512699,-0,05304816,0,9296085,-0,3614196,-0,592793,0,1167144,-1,772248,0,4665198,1,401983,-0,3245156,-0,5967222,-0,014675,3,131294,-0,3230692,0,9696946,-0,3118634,-0,5488124,0,166282,-1,874394,0,4860969,1,483242,-0,323317,-0,595588,0,1735232,-2,095334,0,5496802,1,650902,-0,3324728,-0,548678,-0,01646454,2,171134,-0,2947302,0,8184541,-0,3323521,-0,5987568,-0,08333053,0,8593518,-0,1356423,0,4182788,-0,2638853,-0,552864,0,2110015,-2,377615,0,5426975,2,206604,0,0,0,0,0,0,0,0,0,0,0,0,0,0,0,0,0,0,0,0,0,0,0,0,0,0,0,0,0,0
244,-0,3659537,-0,5424055,0,1102251,-0,7463533,0,136003,-0,1377967,-0,399543,-0,537417,0,052878,-2,238111,0,548959,0,323295,-0,4115377,-0,584684,0,05526787,-2,952757,0,6299379,0,3408607,-0,368778,-0,5910502,0,1091107,-0,3679217,0,08714203,-0,3801891,-0,3633822,-0,5973305,0,007613518,-1,943331,-0,0304103,1,114426,-0,3333664,-0,544376,0,1676473,-1,07515,0,2218247,0,06826597,-0,337457,-0,5929069,0,1701504,-0,7070008,0,1340569,-0,1686372,-0,3496628,-0,5504611,0,01034474,-0,8594964,-0,08915368,1,340465,-0,3232735,-0,604585,-0,04787792,0,4539298,-0,2914072,1,772631,-0,300385,-0,5433848,0,2243795,-1,824985,0,4739614,0,6688977,0,0,0,0,0,0,0,0,0,0,0,0,0,0,0,0,0,0,0,0,0,0,0,0,0,0,0,0,0,0
245,-0,400742,-0,5378277,0,09861291,-1,739413,0,2288909,-0,580608,-0,4379109,-0,5303378,0,04386603,-1,918396,0,3539623,-0,4505988,-0,4491409,-0,5778908,0,04397401,-1,880161,0,3396632,-0,5646932,-0,4100544,-0,5856363,0,1000664,-2,063823,0,2706946,-0,4522113,-0,3821222,-0,5914216,0,03304779,-0,9369988,0,2954425,1,271714,-0,3730368,-0,5404119,0,1587754,-1,983521,0,1982034,-0,4435966,-0,3821573,-0,5881898,0,1624789,-2,235018,0,2358527,-0,3835762,-0,3756955,-0,543997,0,02350913,-1,301639,0,3232003,0,6582196,-0,3149886,-0,6013291,0,01992174,0,4142465,0,1627952,3,389985,-0,3383282,-0,5419464,0,2144838,-1,89716,0,07192197,-0,4947828,0,0,0,0,0,0,0,0,0,0,0,0,0,0,0,0,0,0,0,0,0,0,0,0,0,0,0,0,0,0
246,-0,4372906,-0,5277105,0,08816569,-1,827434,0,5058618,-0,5223612,-0,4761041,-0,5172509,0,03515023,-1,909656,0,654343,-0,4357899,-0,4875172,-0,5647093,0,03304095,-1,918816,0,6590726,-0,546653,-0,4474763,-0,5754011,0,08799043,-1,871092,0,5117597,-0,6038005,-0,4201371,-0,5790516,0,03944153,-1,90075,0,6185027,0,3196872,-0,4009889,-0,534716,0,1430836,-1,397606,0,2847971,-0,7845904,-0,4131903,-0,5817647,0,1469501,-1,551648,0,3212572,-0,776441,-0,4108615,-0,53163,0,03281677,-1,758297,0,6183537,0,4653822,-0,3524479,-0,5892022,0,04924123,-1,872968,0,6063434,1,465975,-0,367624,-0,5379231,0,1995921,-1,464788,0,2011628,-0,7445845,0,0,0,0,0,0,0,0,0,0,0,0,0,0,0,0,0,0,0,0,0,0,0,0,0,0,0,0,0,0
247,-0,4654757,-0,5149152,0,0892339,-1,409254,0,6397667,0,05341025,-0,5169504,-0,498155,0,05057771,-2,042317,0,9547938,0,771374,-0,5316296,-0,5446333,0,04846655,-2,205619,1,003799,0,7712801,-0,4777279,-0,5620533,0,08765662,-1,512585,0,6673905,-0,01669005,-0,4654538,-0,5634236,0,04243897,-2,265834,0,7813963,0,149872,-0,4183422,-0,5275196,0,1339392,-0,8676652,0,3598185,-0,4572222,-0,4300439,-0,5748471,0,1351416,-0,8426819,0,3458799,-0,590426,-0,4531307,-0,5162799,0,04296619,-2,113462,0,7675055,0,5074713,-0,398461,-0,5793796,0,04782891,-2,300655,0,4911306,-0,07061607,-0,3808057,-0,5346223,0,1873686,-0,659086,0,1650394,-0,6111751,0,0,0,0,0,0,0,0,0,0,0,0,0,0,0,0,0,0,0,0,0,0,0,0,0,0,0,0,0,0
248,-0,4880879,-0,5021718,0,1013328,-1,130611,0,6371679,0,6049453,-0,5491284,-0,4812733,0,08523882,-1,608903,0,8440871,1,733056,-0,5657583,-0,5271394,0,08513243,-1,70644,0,8746985,1,833295,-0,5021782,-0,5488157,0,1003919,-1,222513,0,66188,0,6367619,-0,5029778,-0,5479419,0,06528081,-1,8762,0,7740888,1,142092,-0,428731,-0,5194416,0,1249148,-0,5194383,0,4038991,-0,4512211,-0,4399602,-0,5668539,0,1227316,-0,495817,0,3996582,-0,6205013,-0,4891995,-0,501169,0,06360176,-1,803441,0,7555458,1,031779,-0,4400704,-0,5656574,0,04301342,-2,080471,0,6861094,-0,2407749,-0,3781514,-0,5324088,0,1647141,0,1327128,0,1106739,-1,132729,0,0,0,0,0,0,0,0,0,0,0,0,0,0,0,0,0,0,0,0,0,0,0,0,0,0,0,0,0,0
249,-0,5078249,-0,4863507,0,1103866,-0,9868492,0,7910568,0,4526893,-0,5704921,-0,4641726,0,1079285,-1,068184,0,8550335,1,134486,-0,5876379,-0,5097005,0,1122423,-1,093978,0,8719418,1,355492,-0,5228594,-0,5320117,0,1187719,-1,03406,0,8402023,0,9190027,-0,5255425,-0,5326119,0,09199286,-1,128236,0,7664981,1,335603,-0,4445548,-0,5054181,0,1158237,-0,7911909,0,7011744,-0,4545527,-0,4575097,-0,5524899,0,1172048,-0,8774731,0,7182005,-0,2763395,-0,5140051,-0,4866872,0,08025103,-1,240279,0,7240894,0,8324637,-0,4635457,-0,5521023,0,06849444,-1,173766,0,6777557,1,274052,-0,3835846,-0,5211689,0,1347304,-0,2716572,0,5619975,-1,499183,0,0,0,0,0,0,0,0,0,0,0,0,0,0,0,0,0,0,0,0,0,0,0,0,0,0,0,0,0,0
250,-0,5204904,-0,4824473,0,123004,-0,6332757,0,195168,0,6308722,-0,5817085,-0,4594866,0,1107456,-0,5608203,0,234303,0,1408514,-0,6004208,-0,504296,0,1156384,-0,6391438,0,2702267,0,1698062,-0,5367609,-0,5282162,0,1268367,-0,6950739,0,1897723,0,4032386,-0,5501646,-0,5277076,0,07452297,-1,231105,0,2452136,-0,8734945,-0,458694,-0,502289,0,1360695,-0,7069576,0,1564563,1,012288,-0,4719664,-0,5491806,0,1353066,-0,7228377,0,1654685,0,9050894,-0,5368232,-0,4814509,0,06637865,-1,140908,0,2618165,-0,6936191,-0,4941233,-0,5485089,0,0400723,-1,528879,0,1796723,-1,421108,-0,3971055,-0,5189833,0,1512566,-0,6760466,0,1092792,0,8263099,0,0,0,0,0,0,0,0,0,0,0,0,0,0,0,0,0,0,0,0,0,0,0,0,0,0,0,0,0,0
251,-0,5221506,-0,4778635,0,1266259,-0,08301142,0,2291919,0,1810924,-0,5790257,-0,4561357,0,09968936,0,1341403,0,1675442,-0,5528102,-0,5990944,-0,5003595,0,1042617,0,06631914,0,1968265,-0,5688327,-0,5403399,-0,5227057,0,1323704,-0,1789541,0,2755286,0,2766864,-0,5784551,-0,5144219,0,03988955,-1,414526,0,664288,-1,731672,-0,4645502,-0,4966524,0,1532423,-0,2928109,0,2818288,0,858644,-0,4815936,-0,5414835,0,1621822,-0,4813598,0,3848524,1,34378,-0,5624846,-0,4683975,0,03619557,-1,283068,0,6526681,-1,509155,-0,5172141,-0,535544,0,01556829,-1,154542,0,6482455,-1,225201,-0,4069542,-0,5122754,0,1805554,-0,4924374,0,3353955,1,464939,0,0,0,0,0,0,0,0,0,0,0,0,0,0,0,0,0,0,0,0,0,0,0,0,0,0,0,0,0,0
252,-0,5163427,-0,4774525,0,1221775,0,2903969,0,02054722,-0,2224208,-0,5574889,-0,4632931,0,07182875,1,076839,-0,3578709,-1,393031,-0,5778386,-0,50753,0,07484225,1,06279,-0,3585251,-1,470975,-0,5330958,-0,5232389,0,1247323,0,3622086,-0,02666117,-0,3819035,-0,5894558,-0,5048984,0,006845029,-0,5500349,0,4761727,-1,652226,-0,4615565,-0,4948119,0,1549863,0,1496852,0,09202514,0,08719865,-0,4789526,-0,5395989,0,163417,0,1320526,0,094232,0,06174001,-0,570988,-0,4597201,0,006578402,-0,425172,0,4338713,-1,480859,-0,5307717,-0,5274441,-0,02187329,-0,6778779,0,4049928,-1,87208,-0,4058558,-0,5095948,0,1862056,0,05492272,0,13403,0,2825127,0,0,0,0,0,0,0,0,0,0,0,0,0,0,0,0,0,0,0,0,0,0,0,0,0,0,0,0,0,0
253,-0,5054061,-0,4784289,0,1072269,0,5468282,-0,04881771,-0,7475301,-0,5237013,-0,4745872,0,04338693,1,689381,-0,5647066,-1,422092,-0,5421321,-0,5196496,0,04490708,1,785324,-0,6059798,-1,496759,-0,5240068,-0,523329,0,1112841,0,4544469,-0,004503133,-0,6724114,-0,5778558,-0,5050111,-0,01237025,0,5799981,-0,005632641,-0,9607642,-0,454319,-0,4950417,0,1459568,0,3618734,-0,01149029,-0,4514748,-0,4702226,-0,5409625,0,1498142,0,4364999,-0,0681788,-0,6801362,-0,5582034,-0,4603017,-0,0118812,0,6392303,-0,02907963,-0,9229802,-0,5223229,-0,5270372,-0,04716489,0,4224392,0,02034605,-1,26458,-0,4042241,-0,5081538,0,1863303,0,08158538,0,07205012,0,006236883,0,0,0,0,0,0,0,0,0,0,0,0,0,0,0,0,0,0,0,0,0,0,0,0,0,0,0,0,0,0
254,-0,4862096,-0,4948687,0,09251989,0,9598274,-0,8219901,-0,7353488,-0,491633,-0,4974853,0,02624557,1,603416,-1,144901,-0,8570682,-0,511095,-0,5421523,0,02873382,1,551855,-1,125139,-0,8086633,-0,5067694,-0,5388019,0,09737354,0,8618716,-0,7736477,-0,6955287,-0,5410461,-0,5305791,-0,03239775,1,840485,-1,278401,-1,001376,-0,4511372,-0,5040756,0,1479117,0,1590893,-0,4516931,0,09774197,-0,4680659,-0,5495183,0,1528959,0,1078353,-0,4277946,0,154081,-0,5230813,-0,4852723,-0,03137884,1,756106,-1,24853,-0,9748824,-0,5156148,-0,5375976,-0,09620441,0,3354044,-0,5280198,-2,451977,-0,3992612,-0,5183907,0,1855675,0,2481447,-0,5118461,-0,03814326,0,0,0,0,0,0,0,0,0,0,0,0,0,0,0,0,0,0,0,0,0,0,0,0,0,0,0,0,0,0
255,-0,4198833,-0,5278513,0,07117342,3,316317,-1,64913,-1,067324,-0,4274041,-0,5280465,0,005061586,3,211447,-1,528063,-1,0592,-0,4422429,-0,5744362,0,005869188,3,442608,-1,614193,-1,143232,-0,4362115,-0,5736712,0,07454072,3,527898,-1,743466,-1,141641,-0,4631613,-0,5669671,-0,05959548,3,894244,-1,8194,-1,359887,-0,4127093,-0,5244167,0,1368676,1,921395,-1,017055,-0,5522037,-0,4297457,-0,5697196,0,142643,1,916011,-1,010064,-0,5126418,-0,449594,-0,5201938,-0,05738833,3,674367,-1,746078,-1,300475,-0,4718803,-0,559587,-0,1277625,2,186727,-1,099471,-1,577904,-0,378239,-0,5293564,0,1925305,1,051107,-0,5482825,0,3481501,0,0,0,0,0,0,0,0,0,0,0,0,0,0,0,0,0,0,0,0,0,0,0,0,0,0,0,0,0,0
256,-0,3626153,-0,5458373,0,05165982,2,863398,-0,8993003,-0,9756804,-0,3647557,-0,5461243,-0,0148447,3,132422,-0,9038929,-0,9953149,-0,3769768,-0,593339,-0,01512776,3,263309,-0,9451393,-1,049848,-0,3745922,-0,5930385,0,05369633,3,080964,-0,9683642,-1,04222,-0,3959262,-0,5861416,-0,08110809,3,361757,-0,9587291,-1,075631,-0,3735877,-0,5392309,0,1166435,1,956082,-0,7407132,-1,011203,-0,3892472,-0,5852624,0,1201818,2,024925,-0,7771376,-1,123063,-0,3828774,-0,5391121,-0,07856394,3,33583,-0,9459141,-1,058781,-0,4247696,-0,5732101,-0,1425302,2,355535,-0,6811532,-0,7383856,-0,3542399,-0,5400977,0,1793729,1,199955,-0,5370649,-0,6578783,0,0,0,0,0,0,0,0,0,0,0,0,0,0,0,0,0,0,0,0,0,0,0,0,0,0,0,0,0,0
257,-0,3104691,-0,5544541,0,02884155,2,607315,-0,4308434,-1,140914,-0,3129157,-0,5511324,-0,03765438,2,591998,-0,2504052,-1,140484,-0,3274496,-0,5978112,-0,03990899,2,476359,-0,2236129,-1,239062,-0,3136262,-0,6031273,0,02763458,3,048305,-0,5044402,-1,303088,-0,3317448,-0,5904887,-0,1086416,3,209068,-0,2173514,-1,376675,-0,3064206,-0,5552328,0,0948896,3,358356,-0,8000943,-1,087697,-0,3154443,-0,6031995,0,09619685,3,690144,-0,8968595,-1,199247,-0,328619,-0,5421793,-0,1021981,2,71292,-0,1533628,-1,181708,-0,3689956,-0,5788804,-0,1656067,2,788703,-0,2835186,-1,153826,-0,3206826,-0,5500327,0,1587763,1,677867,-0,4967543,-1,029831,0,0,0,0,0,0,0,0,0,0,0,0,0,0,0,0,0,0,0,0,0,0,0,0,0,0,0,0,0,0
258,-0,2541315,-0,5516714,0,003593062,2,816879,0,1391352,-1,262425,-0,2822589,-0,5459253,-0,05662799,1,532841,0,2603562,-0,9486808,-0,2828204,-0,5943623,-0,06192655,2,231459,0,1724482,-1,100879,-0,2542852,-0,600284,0,0004459017,2,967049,0,1421631,-1,359434,-0,3061067,-0,5852044,-0,1263667,1,28191,0,2642156,-0,8862574,-0,2490366,-0,5551206,0,06966971,2,869203,0,005608799,-1,260995,-0,2477238,-0,6037733,0,06851368,3,386029,-0,02868773,-1,384159,-0,3055128,-0,5371268,-0,1185136,1,15531,0,2526284,-0,8157737,-0,3402793,-0,5734826,-0,1852605,1,435817,0,2698929,-0,9826918,-0,2538763,-0,5558913,0,1351895,3,340316,-0,2929271,-1,179342,0,0,0,0,0,0,0,0,0,0,0,0,0,0,0,0,0,0,0,0,0,0,0,0,0,0,0,0,0,0
259,-0,2045272,-0,5409203,-0,02614756,2,480217,0,5375596,-1,487032,-0,2226901,-0,5328978,-0,08966967,2,978443,0,6513777,-1,652084,-0,2202751,-0,5809714,-0,09741553,3,127268,0,6695422,-1,774449,-0,2003285,-0,5892285,-0,03206133,2,697838,0,5527767,-1,625362,-0,2742926,-0,5751113,-0,1400313,1,590701,0,5046548,-0,6832305,-0,2132212,-0,5491285,0,03906568,1,790766,0,2996088,-1,530202,-0,2186502,-0,5973375,0,03352049,1,453679,0,3217877,-1,74966,-0,2766807,-0,5277321,-0,1286671,1,441609,0,4697325,-0,5076787,-0,3404364,-0,5721171,-0,1597966,-0,007855895,0,06827119,1,273196,-0,2260965,-0,5543648,0,1032514,1,38899,0,07632378,-1,596906,0,0,0,0,0,0,0,0,0,0,0,0,0,0,0,0,0,0,0,0,0,0,0,0,0,0,0,0,0,0
260,-0,2023487,-0,5419248,-0,04499222,0,1089216,-0,05022587,-0,9422335,-0,2160772,-0,5316111,-0,1092877,0,330642,0,0643343,-0,9809032,-0,2160509,-0,579629,-0,117892,0,2112106,0,06712082,-1,023823,-0,1993629,-0,5900924,-0,05188136,0,04828053,-0,04319252,-0,9910021,-0,2849797,-0,5773274,-0,1212711,-0,5343514,-0,1108081,0,9380117,-0,2113595,-0,5507095,0,01997654,0,09308461,-0,07905069,-0,9544576,-0,2099185,-0,5991865,0,01521165,0,4365856,-0,09244684,-0,9154426,-0,2826003,-0,5290403,-0,1147949,-0,2959804,-0,06540718,0,6936121,-0,352722,-0,5707785,-0,1333556,-0,6142797,0,06693307,1,322052,-0,2230932,-0,5565276,0,08434358,0,150168,-0,1081408,-0,9453896,0,0,0,0,0,0,0,0,0,0,0,0,0,0,0,0,0,0,0,0,0,0,0,0,0,0,0,0,0,0
261,-0,193188,-0,5473559,-0,05253118,0,4580365,-0,2715589,-0,3769483,-0,2275104,-0,5388618,-0,1089746,-0,5716609,-0,3625365,0,01565777,-0,2309127,-0,5871397,-0,1151234,-0,7430899,-0,3755362,0,138427,-0,1914133,-0,5955889,-0,05932039,0,3974767,-0,2748252,-0,3719514,-0,2993021,-0,5797383,-0,1214333,-0,7161203,-0,1205445,-0,008107725,-0,2109744,-0,5558442,0,01070451,0,01925901,-0,2567382,-0,4636014,-0,2108582,-0,6043621,0,005741736,-0,04698412,-0,2587826,-0,4734958,-0,2932286,-0,5314983,-0,1181874,-0,5314159,-0,1228989,-0,1696241,-0,363641,-0,5684907,-0,1440162,-0,5459535,0,1143873,-0,5330319,-0,2134871,-0,5618346,0,07609557,0,4803063,-0,2653511,-0,4124006,0,0,0,0,0,0,0,0,0,0,0,0,0,0,0,0,0,0,0,0,0,0,0,0,0,0,0,0,0,0
262,-0,1942609,-0,553821,-0,04700223,-0,0536442,-0,323254,0,276448,-0,2426153,-0,5463342,-0,09218856,-0,7552433,-0,3736199,0,8393008,-0,2483448,-0,5946612,-0,09528346,-0,871605,-0,3760757,0,9919997,-0,1948394,-0,6022974,-0,05255635,-0,1713038,-0,3354253,0,3382019,-0,3064168,-0,5836239,-0,1310227,-0,3557386,-0,1942784,-0,4794737,-0,1987589,-0,5603741,0,0187334,0,6107758,-0,2264948,0,4014448,-0,2029676,-0,608809,0,01514515,0,39453,-0,2223433,0,4701709,-0,2965768,-0,5358401,-0,1300978,-0,1674101,-0,2170921,-0,5955218,-0,364337,-0,5694319,-0,1658205,-0,03479721,-0,04705789,-1,090216,-0,196915,-0,5645413,0,08422779,0,828601,-0,1353354,0,4066108,0,0,0,0,0,0,0,0,0,0,0,0,0,0,0,0,0,0,0,0,0,0,0,0,0,0,0,0,0,0
263,-0,2023744,-0,5581353,-0,02967911,-0,4056753,-0,2157153,0,8661562,-0,2496826,-0,5526333,-0,07614881,-0,353367,-0,314954,0,8019879,-0,2501878,-0,6009925,-0,0825698,-0,09214882,-0,3165634,0,6356831,-0,2002411,-0,6064854,-0,03550043,-0,2700844,-0,2094001,0,8527964,-0,2876456,-0,5912577,-0,139712,0,9385634,-0,3816904,-0,4344651,-0,1762493,-0,5633425,0,03093435,1,125481,-0,1484156,0,6100473,-0,1777176,-0,6120382,0,02901187,1,262501,-0,1614601,0,6933365,-0,2842328,-0,5431364,-0,1324615,0,6172004,-0,3648163,-0,1181849,-0,3305833,-0,5787838,-0,1922977,1,687685,-0,4675956,-1,323861,-0,1500549,-0,565622,0,09106026,2,34301,-0,05403461,0,3416238,0,0,0,0,0,0,0,0,0,0,0,0,0,0,0,0,0,0,0,0,0,0,0,0,0,0,0,0,0,0
264,-0,198057,-0,5577129,-0,01923726,0,2158687,0,02112091,0,5220929,-0,2446038,-0,5536205,-0,0665427,0,2539397,-0,04936161,0,4803056,-0,2387503,-0,6008203,-0,07760057,0,5718747,0,008609895,0,2484617,-0,1914961,-0,6052729,-0,02775411,0,4372479,0,06062391,0,3873159,-0,2787394,-0,5908785,-0,1329997,0,4453095,0,01896024,0,3356182,-0,1597254,-0,5610413,0,03460801,0,8261937,0,1150579,0,1836832,-0,1539189,-0,609157,0,02938588,1,189936,0,1440585,0,01870041,-0,2789212,-0,5431564,-0,1228278,0,265579,-0,0009983781,0,4816866,-0,2801346,-0,5750108,-0,2001875,2,522437,0,1886488,-0,3944905,-0,1243464,-0,5618882,0,08989561,1,285426,0,1866908,-0,05823264,0,0,0,0,0,0,0,0,0,0,0,0,0,0,0,0,0,0,0,0,0,0,0,0,0,0,0,0,0,0
265,-0,2261326,-0,5515903,0,02082445,-1,403777,0,3061326,2,003086,-0,2739149,-0,5571629,-0,0257685,-1,465552,-0,1771183,2,038711,-0,2616903,-0,6041093,-0,03259208,-1,147005,-0,1644493,2,250425,-0,2052941,-0,5931129,0,005680806,-0,6899002,0,6079974,1,671747,-0,2744672,-0,5955139,-0,09976017,0,2136097,-0,2317698,1,661975,-0,2098222,-0,5654281,0,08365289,-2,50484,-0,2193392,2,452245,-0,1978531,-0,6114977,0,07129176,-2,196712,-0,1170338,2,095295,-0,285772,-0,5487218,-0,09053128,-0,3425376,-0,2782733,1,614825,-0,2924391,-0,5848324,-0,1655932,-0,615226,-0,4910799,1,729716,-0,1556116,-0,5605807,0,1193764,-1,563265,0,0653744,1,474042,0,0,0,0,0,0,0,0,0,0,0,0,0,0,0,0,0,0,0,0,0,0,0,0,0,0,0,0,0,0
266,-0,3555105,-0,5437762,0,1035073,-6,468898,0,3907056,4,134142,-0,3608893,-0,5447322,0,0370693,-4,348722,0,6215336,3,141891,-0,3763094,-0,5910087,0,03810558,-5,730953,0,6550285,3,534885,-0,3707684,-0,5899554,0,1067547,-8,273715,0,1578749,5,053694,-0,385076,-0,5876849,-0,03040969,-5,530443,0,3914477,3,467525,-0,3264813,-0,5482598,0,1629507,-5,832961,0,8584145,3,964892,-0,3360075,-0,5960319,0,165501,-6,907723,0,7732901,4,710463,-0,3730962,-0,5405339,-0,02842681,-4,366212,0,4093976,3,105225,-0,3639259,-0,5886645,-0,09624986,-3,574342,-0,1916052,3,467169,-0,273961,-0,5557637,0,2015522,-5,917469,0,2408505,4,108789,0,0,0,0,0,0,0,0,0,0,0,0,0,0,0,0,0,0,0,0,0,0,0,0,0,0,0,0,0,0
267,-0,4004395,-0,5331339,0,1168988,-2,246452,0,5321147,0,6695772,-0,3831666,-0,5410356,0,05290936,-1,113867,0,1848311,0,7920036,-0,3855157,-0,589738,0,05815453,-0,4603179,0,06353559,1,002447,-0,4149556,-0,5796497,0,1197262,-2,20936,0,5152883,0,6485789,-0,3617132,-0,595672,-0,006392084,1,168141,-0,3993542,1,200881,-0,3733461,-0,5369332,0,1772379,-2,343238,0,5663308,0,7143627,-0,3848181,-0,5842203,0,1810018,-2,440531,0,5905809,0,7750403,-0,3531677,-0,5476557,-0,006282629,0,9964217,-0,3560902,1,10721,-0,3054214,-0,6041136,-0,04537558,2,925224,-0,7724556,2,543715,-0,3169606,-0,5473398,0,2092111,-2,149982,0,4211964,0,3829443,0,0,0,0,0,0,0,0,0,0,0,0,0,0,0,0,0,0,0,0,0,0,0,0,0,0,0,0,0,0
268,-0,4128094,-0,5326625,0,121401,-0,6184953,0,02356769,0,2251101,-0,3622776,-0,5437726,0,079455,1,04445,-0,1368523,1,327283,-0,3678096,-0,5919458,0,08413315,0,8853067,-0,1103908,1,298932,-0,4225445,-0,5803484,0,1243194,-0,3794463,-0,0349343,0,2296605,-0,3598924,-0,5977085,0,01578243,0,09104017,-0,1018227,1,108726,-0,3907393,-0,5322477,0,1837915,-0,8696589,0,2342761,0,3276789,-0,4026937,-0,5791793,0,1898679,-0,8937795,0,2520503,0,4433082,-0,3525506,-0,5494608,0,01366618,0,03085734,-0,09025637,0,9974409,-0,3003348,-0,6065354,-0,01815057,0,2543301,-0,1210899,1,361251,-0,3315888,-0,5430897,0,2100192,-0,7314089,0,2125026,0,04040675,0,0,0,0,0,0,0,0,0,0,0,0,0,0,0,0,0,0,0,0,0,0,0,0,0,0,0,0,0,0
269,-0,4312798,-0,5287902,0,1192859,-0,9235207,0,1936168,-0,1057554,-0,3766076,-0,541831,0,08354797,-0,7164988,0,09708408,0,2046485,-0,3837656,-0,5898181,0,08859777,-0,7978025,0,1063854,0,2232314,-0,4425183,-0,5761425,0,1218571,-0,9986911,0,2102942,-0,1231172,-0,3477585,-0,5994802,0,03046661,0,6066951,-0,08858446,0,7342094,-0,3986326,-0,532333,0,1767686,-0,3946649,-0,004267694,-0,3511453,-0,4108732,-0,5791776,0,1825274,-0,4089759,8,642677E-05,-0,3670262,-0,3440084,-0,5511136,0,02603894,0,4271107,-0,08263889,0,6186379,-0,3086091,-0,6061413,-0,02596045,-0,413713,0,01970828,-0,3904939,-0,3462694,-0,5404238,0,2155845,-0,73403,0,1332999,0,2782644,0,0,0,0,0,0,0,0,0,0,0,0,0,0,0,0,0,0,0,0,0,0,0,0,0,0,0,0,0,0
270,-0,4477878,-0,5242457,0,1146814,-0,825398,0,2272219,-0,2302241,-0,405403,-0,5359351,0,06471899,-1,439769,0,2947928,-0,9414494,-0,4142543,-0,5837966,0,06718789,-1,524433,0,3010751,-1,070495,-0,4606407,-0,5712896,0,1165575,-0,9061206,0,2426446,-0,26498,-0,3664294,-0,593363,0,01831479,-0,9335477,0,3058584,-0,6075912,-0,4024549,-0,5338517,0,1619563,-0,1911194,-0,07593635,-0,7406185,-0,4174084,-0,579715,0,1690724,-0,3267617,-0,02687277,-0,6727504,-0,3594588,-0,545157,0,01711033,-0,7725227,0,2978296,-0,4464302,-0,3060483,-0,6014493,-0,01397012,0,1280368,0,234601,0,5995167,-0,3573386,-0,5403813,0,2091989,-0,5534607,0,002121926,-0,3192798,0,0,0,0,0,0,0,0,0,0,0,0,0,0,0,0,0,0,0,0,0,0,0,0,0,0,0,0,0,0
271,-0,437299,-0,5284324,0,1022707,0,5244376,-0,2093316,-0,6205386,-0,3802092,-0,5405698,0,07035784,1,25969,-0,231737,0,2819424,-0,3879568,-0,5886644,0,07307061,1,314876,-0,2433867,0,294136,-0,4484502,-0,5758656,0,1033775,0,6095248,-0,2287985,-0,6589985,-0,3511596,-0,5961542,0,01522199,0,7634926,-0,1395614,-0,1546401,-0,4007535,-0,5348464,0,1572063,0,08507077,-0,04973115,-0,2374963,-0,406723,-0,5832453,0,1571785,0,5342724,-0,1765133,-0,5946959,-0,3439601,-0,54782,0,01476739,0,7749382,-0,1331509,-0,1171472,-0,2917372,-0,6034386,-0,01921827,0,715557,-0,09946529,-0,2624077,-0,3514153,-0,5402468,0,2003228,0,2961637,0,006723407,-0,4438044,0,0,0,0,0,0,0,0,0,0,0,0,0,0,0,0,0,0,0,0,0,0,0,0,0,0,0,0,0,0
272,-0,4338441,-0,528236,0,09561938,0,1727477,0,009819869,-0,3325639,-0,3811338,-0,5395007,0,05659483,-0,04623087,0,05345943,-0,6881504,-0,3896658,-0,5875428,0,05738619,-0,08545373,0,05607607,-0,7842214,-0,4449221,-0,5756958,0,09676287,0,176406,0,008487705,-0,3307329,-0,3424957,-0,594986,0,007397863,0,4331978,0,05841257,-0,3912066,-0,3817907,-0,5383286,0,135198,0,9481419,-0,1741142,-1,100418,-0,3916903,-0,5859795,0,1386227,0,7516328,-0,1367093,-0,9277921,-0,3381138,-0,5465155,0,006004691,0,2923117,0,06522837,-0,4381352,-0,288898,-0,5994938,-0,03612152,0,1419604,0,1972378,-0,8451629,-0,3693928,-0,5358254,0,1998191,-0,8988757,0,2210707,-0,02518521,0,0,0,0,0,0,0,0,0,0,0,0,0,0,0,0,0,0,0,0,0,0,0,0,0,0,0,0,0,0
273,-0,4183643,-0,5338781,0,1033652,0,773986,-0,2821089,0,387291,-0,3948939,-0,539973,0,04145652,-0,6880063,-0,02361835,-0,7569162,-0,404271,-0,5878007,0,04148214,-0,730257,-0,01289249,-0,7952024,-0,4288011,-0,5814912,0,1055646,0,8060503,-0,2897681,0,4400885,-0,3615981,-0,5940667,-0,01258421,-0,9551231,0,04596116,-0,9991041,-0,362818,-0,5434348,0,1380149,0,9486366,-0,2553076,0,1408466,-0,3708367,-0,5914854,0,1406616,1,042681,-0,2752991,0,1019456,-0,3586489,-0,5454026,-0,01432605,-1,026752,0,05564394,-1,016537,-0,2980647,-0,5973592,-0,03929462,-0,4583375,0,1067311,-0,1586548,-0,3506087,-0,5413417,0,202524,0,9392042,-0,2758147,0,1352445,0,0,0,0,0,0,0,0,0,0,0,0,0,0,0,0,0,0,0,0,0,0,0,0,0,0,0,0,0,0
274,-0,3844642,-0,5400888,0,1091184,1,695006,-0,3105314,0,2876603,-0,3879801,-0,5415399,0,04265049,0,3456907,-0,07834437,0,05969854,-0,3916359,-0,5901204,0,04296419,0,6317558,-0,1159877,0,07410257,-0,3935209,-0,587975,0,1118439,1,764012,-0,3241898,0,3139624,-0,4093269,-0,587338,-0,02376921,-2,38644,0,3364385,-0,5592504,-0,3347101,-0,5460438,0,1523454,1,405393,-0,1304478,0,7165271,-0,3412628,-0,5941992,0,1556648,1,478699,-0,1356871,0,750162,-0,4020275,-0,5391164,-0,02253811,-2,168935,0,3143103,-0,4106033,-0,3411199,-0,596325,-0,01824629,-2,152758,0,05171003,1,052417,-0,3329725,-0,5408927,0,2178573,0,8818138,0,0224501,0,7666628,0,0,0,0,0,0,0,0,0,0,0,0,0,0,0,0,0,0,0,0,0,0,0,0,0,0,0,0,0,0
275,-0,3439659,-0,5473745,0,09673712,2,024915,-0,3642888,-0,6190645,-0,3954635,-0,538729,0,05546279,-0,3741683,0,1405448,0,6406152,-0,402542,-0,5870004,0,05310355,-0,5453053,0,1560003,0,5069681,-0,3511112,-0,5955198,0,09809033,2,120485,-0,3772439,-0,687678,-0,4572088,-0,5752773,0,01274108,-2,394094,0,6030353,1,825515,-0,3349552,-0,5459302,0,1623669,-0,01225621,0,005677345,0,5010734,-0,3343489,-0,5947434,0,1646094,0,3456907,-0,02721251,0,4472287,-0,4478086,-0,5272234,0,01595872,-2,289052,0,594649,1,924842,-0,3886203,-0,5864406,0,01077366,-2,375024,0,4942181,1,450998,-0,3175279,-0,5422983,0,2256223,0,7722306,-0,07027987,0,3882529,0,0,0,0,0,0,0,0,0,0,0,0,0,0,0,0,0,0,0,0,0,0,0,0,0,0,0,0,0,0
276,-0,3391982,-0,5417021,0,07891827,0,2383859,0,2836229,-0,8909426,-0,3996441,-0,5290607,0,0539706,-0,2090336,0,4834147,-0,0746094,-0,4114996,-0,5763673,0,05693034,-0,4478844,0,5316558,0,1913397,-0,348028,-0,5895891,0,079974,0,15416,0,2965362,-0,9058166,-0,4580095,-0,5661146,0,007006672,-0,04003496,0,4581334,-0,2867205,-0,3412809,-0,5388458,0,1450763,-0,3162847,0,3542186,-0,8645329,-0,3452913,-0,5873892,0,1483863,-0,5471202,0,3677131,-0,8111569,-0,4454818,-0,5190424,0,006493215,0,1163379,0,4090519,-0,4732752,-0,454404,-0,5662668,-0,06195596,-3,289184,1,008693,-3,636482,-0,3368722,-0,5341969,0,2105256,-0,9672183,0,4050733,-0,754838,0,0,0,0,0,0,0,0,0,0,0,0,0,0,0,0,0,0,0,0,0,0,0,0,0,0,0,0,0,0
277,-0,3611057,-0,5333931,0,06865017,-1,095374,0,4154505,-0,5134052,-0,3850314,-0,527263,0,006858467,0,7306385,0,08988384,-2,355608,-0,3944206,-0,5750429,0,004776082,0,8539546,0,06622079,-2,607714,-0,3699876,-0,5812642,0,06891768,-1,097984,0,4162462,-0,5528162,-0,4383452,-0,5623172,-0,0469958,0,9832148,0,1898707,-2,700125,-0,3432311,-0,535174,0,1323742,-0,09750728,0,1835913,-0,6351034,-0,3534293,-0,5827621,0,1353904,-0,4069002,0,2313555,-0,6497945,-0,4267131,-0,5150709,-0,04382108,0,9384353,0,1985759,-2,515716,-0,5046557,-0,5439844,-0,05299257,-2,512584,1,114122,0,4481697,-0,3336857,-0,5323181,0,1973827,0,1593263,0,09393994,-0,6571429,0,0,0,0,0,0,0,0,0,0,0,0,0,0,0,0,0,0,0,0,0,0,0,0,0,0,0,0,0,0
278,-0,397612,-0,5251858,0,06623719,-1,825315,0,4103632,-0,1206492,-0,412627,-0,5207825,0,001560312,-1,37978,0,3240259,-0,2649079,-0,4279791,-0,5670277,0,0009670831,-1,677928,0,4007609,-0,19045,-0,4119842,-0,5718067,0,06777568,-2,099829,0,4728766,-0,05710015,-0,4189487,-0,5672243,-0,06752741,0,9698246,-0,2453537,-1,026581,-0,3753214,-0,5290722,0,1283898,-1,604514,0,3050925,-0,1992189,-0,3917539,-0,5746896,0,1332016,-1,916229,0,4036249,-0,1094379,-0,4078089,-0,5197966,-0,06505231,0,9452108,-0,2362848,-1,061562,-0,4854639,-0,5504195,-0,05972151,0,9595889,-0,3217579,-0,3364471,-0,3455571,-0,5327051,0,1867422,-0,5935716,-0,01935364,-0,5320268,0,0,0,0,0,0,0,0,0,0,0,0,0,0,0,0,0,0,0,0,0,0,0,0,0,0,0,0,0,0
279,-0,4013309,-0,5276274,0,0743017,-0,1859427,-0,1220793,0,403226,-0,4061537,-0,5300572,0,007890747,0,3236638,-0,4637333,0,3165219,-0,4186074,-0,5771722,0,00969781,0,4685851,-0,5072238,0,4365365,-0,4188008,-0,5730215,0,07843333,-0,3408314,-0,06074312,0,5328825,-0,4180693,-0,5781757,-0,05934546,0,04396887,-0,5475702,0,4090976,-0,3747173,-0,531442,0,1348169,0,03020466,-0,1184941,0,3213526,-0,3917521,-0,5766199,0,1412202,8,9407E-05,-0,09651486,0,4009278,-0,405443,-0,5311067,-0,05886179,0,1182959,-0,5655053,0,3095259,-0,4693045,-0,5623502,-0,1028619,0,8079681,-0,5965354,-2,157019,-0,3313271,-0,5399474,0,183384,0,7114995,-0,3621133,-0,1679101,0,0,0,0,0,0,0,0,0,0,0,0,0,0,0,0,0,0,0,0,0,0,0,0,0,0,0,0,0,0
280,-0,3646176,-0,5381947,0,07000495,1,835663,-0,5283626,-0,2148376,-0,3773651,-0,539891,0,00468256,1,439427,-0,4916908,-0,1604094,-0,3947009,-0,5852846,0,008286489,1,195328,-0,4056217,-0,07056606,-0,3838704,-0,5825419,0,07629132,1,746521,-0,4760208,-0,1071007,-0,411923,-0,5820094,-0,05857258,0,3073172,-0,1916856,0,03864413,-0,3380962,-0,5402706,0,1308224,1,831052,-0,4414292,-0,1997233,-0,3504641,-0,5872248,0,1359594,2,0644,-0,5302491,-0,2630406,-0,3934338,-0,5368735,-0,05996786,0,6004574,-0,2883406,-0,05530345,-0,4326651,-0,5738093,-0,1239992,1,831973,-0,5729529,-1,056868,-0,2802793,-0,5516651,0,1597481,2,552392,-0,5858871,-1,181793,0,0,0,0,0,0,0,0,0,0,0,0,0,0,0,0,0,0,0,0,0,0,0,0,0,0,0,0,0,0
281,-0,3206806,-0,5530131,0,05191108,2,196851,-0,7409218,-0,9046942,-0,3367048,-0,5502607,-0,0126589,2,03302,-0,5184861,-0,8670733,-0,3453603,-0,5982566,-0,0134922,2,467027,-0,6486001,-1,088935,-0,3286608,-0,6011037,0,05323714,2,760484,-0,9280864,-1,152709,-0,3720321,-0,5904518,-0,07678979,1,994545,-0,4221233,-0,910861,-0,2971777,-0,5541928,0,1137896,2,045926,-0,696108,-0,8516405,-0,3055626,-0,6020715,0,1176858,2,245075,-0,7423314,-0,9136781,-0,3669495,-0,5422593,-0,07165395,1,324216,-0,2692939,-0,5843046,-0,4021498,-0,579186,-0,1379221,1,525765,-0,2688349,-0,6961427,-0,2362534,-0,5622234,0,1369814,2,201297,-0,5279155,-1,138336,0,0,0,0,0,0,0,0,0,0,0,0,0,0,0,0,0,0,0,0,0,0,0,0,0,0,0,0,0,0
282,-0,2651578,-0,5539941,0,02435668,2,776139,-0,04905166,-1,37772,-0,2994882,-0,5484584,-0,03247848,1,860831,0,0901163,-0,9909796,-0,2986407,-0,5967741,-0,03875402,2,335981,0,07412437,-1,263092,-0,2634187,-0,6025414,0,02014546,3,262104,-0,07188621,-1,654585,-0,3371592,-0,5883753,-0,09547975,1,743644,0,1038254,-0,9344984,-0,2663145,-0,5589446,0,09046614,1,54316,-0,2375931,-1,166174,-0,2708198,-0,6074694,0,08809296,1,737142,-0,2698989,-1,479643,-0,3360212,-0,5402364,-0,08776797,1,546416,0,1011461,-0,8057016,-0,3956677,-0,5793087,-0,131296,0,3241063,-0,006139281,0,3313051,-0,2017987,-0,5646951,0,1011988,1,722735,-0,1235813,-1,789131,0,0,0,0,0,0,0,0,0,0,0,0,0,0,0,0,0,0,0,0,0,0,0,0,0,0,0,0,0,0
283,-0,2643013,-0,5544578,0,00786375,0,04282745,-0,02318324,-0,8246469,-0,289656,-0,5461237,-0,0530898,0,4916104,0,1167328,-1,030566,-0,2906743,-0,5943981,-0,06022801,0,3983201,0,1187981,-1,073699,-0,2662558,-0,6029942,0,003570492,-0,1418561,-0,02264083,-0,8287485,-0,3444978,-0,5852084,-0,1025398,-0,3669278,0,1583487,-0,3530005,-0,2372706,-0,5598958,0,0680471,1,452196,-0,04755856,-1,120953,-0,2402189,-0,608521,0,06668327,1,530047,-0,05257728,-1,070485,-0,3399488,-0,5371017,-0,09593113,-0,196381,0,1567335,-0,4081579,-0,4090714,-0,5743182,-0,1247417,-0,6701874,0,249529,0,3277147,-0,1717131,-0,562982,0,06610418,1,504282,0,08565489,-1,754732,0,0,0,0,0,0,0,0,0,0,0,0,0,0,0,0,0,0,0,0,0,0,0,0,0,0,0,0,0,0
284,-0,2615326,-0,5581016,-0,01162125,0,1384363,-0,1821906,-0,9742502,-0,3092724,-0,5489259,-0,057067,-0,9808216,-0,1401097,-0,1988602,-0,3159373,-0,5970448,-0,0611634,-1,263148,-0,1323343,-0,04676992,-0,2656927,-0,606562,-0,0149834,0,02815725,-0,1783908,-0,9276947,-0,3728165,-0,5841619,-0,09824032,-1,415939,0,05232396,0,2149721,-0,2132883,-0,5643001,0,03324949,1,199116,-0,2202154,-1,739881,-0,2144879,-0,6129516,0,03007613,1,28655,-0,2215327,-1,830358,-0,3625032,-0,5366321,-0,09546737,-1,12772,0,02348126,0,02318808,-0,4338092,-0,5676718,-0,1261117,-1,236889,0,3323169,-0,0685029,-0,1480806,-0,5646327,0,0253786,1,181627,-0,08253756,-2,03628,0,0,0,0,0,0,0,0,0,0,0,0,0,0,0,0,0,0,0,0,0,0,0,0,0,0,0,0,0,0
285,-0,256912,-0,5550486,-0,03192108,0,2310307,0,1526476,-1,014992,-0,3179605,-0,5443338,-0,05631299,-0,4344078,0,2296061,0,03770051,-0,3265504,-0,5923604,-0,05748732,-0,5306574,0,2342225,0,1838042,-0,2601599,-0,6027255,-0,04133268,0,2766387,0,1918257,-1,317465,-0,3873248,-0,5788981,-0,08726953,-0,7254112,0,2631874,0,5485395,-0,1943979,-0,562405,-0,01077698,0,9445239,0,09475354,-2,201324,-0,1943662,-0,609525,-0,02349004,1,006087,0,1713336,-2,678309,-0,3767768,-0,5312517,-0,08504957,-0,7136795,0,2690227,0,5208901,-0,4266682,-0,5660979,-0,1425065,0,3570484,0,07869902,-0,8197355,-0,1287016,-0,5619494,-0,00964212,0,9689499,0,1341671,-1,751037,0,0,0,0,0,0,0,0,0,0,0,0,0,0,0,0,0,0,0,0,0,0,0,0,0,0,0,0,0,0
286,-0,2403791,-0,5541062,-0,05979155,0,826646,0,04712345,-1,393524,-0,3041221,-0,5461109,-0,07721753,0,6919208,-0,08885566,-1,045227,-0,3080793,-0,5934834,-0,0880026,0,923555,-0,05615356,-1,525765,-0,2410877,-0,6009016,-0,07337518,0,9536121,0,09119514,-1,602126,-0,3738525,-0,5818053,-0,1058261,0,6736132,-0,1453579,-0,9278309,-0,1782557,-0,5601372,-0,03791605,0,8071098,0,1133949,-1,356954,-0,1765278,-0,6070503,-0,05121294,0,8919198,0,1237333,-1,386146,-0,3655029,-0,5339701,-0,1005507,0,5636948,-0,1359195,-0,7750544,-0,4257447,-0,5663217,-0,1487169,0,04617425,-0,01119376,-0,3105209,-0,112719,-0,5578708,-0,03456472,0,7991291,0,2039284,-1,24613,0,0,0,0,0,0,0,0,0,0,0,0,0,0,0,0,0,0,0,0,0,0,0,0,0,0,0,0,0,0
287,-0,2226721,-0,5554235,-0,05973814,0,8853454,-0,06586614,0,002670476,-0,2819248,-0,5489846,-0,08921649,1,109869,-0,143686,-0,5999478,-0,2827916,-0,5964696,-0,1001776,1,264388,-0,1493097,-0,6087496,-0,2227378,-0,6036704,-0,06705121,0,9174947,-0,1384408,0,3161987,-0,3414643,-0,58535,-0,1351064,1,619413,-0,1772345,-1,464014,-0,1642875,-0,5592288,-0,02879364,0,6984073,0,04541578,0,4561208,-0,1596218,-0,6063944,-0,04041325,0,8452985,0,03279449,0,5399844,-0,3359079,-0,5376272,-0,1267972,1,479753,-0,1828552,-1,312329,-0,4003106,-0,5708291,-0,1684557,1,271707,-0,2253682,-0,9869438,-0,1095494,-0,5448425,-0,06212002,0,1584806,0,6514134,-1,377765,0,0,0,0,0,0,0,0,0,0,0,0,0,0,0,0,0,0,0,0,0,0,0,0,0,0,0,0,0,0
288,-0,2050068,-0,5520266,-0,04584337,0,8832674,0,1698465,0,6947388,-0,258807,-0,5475659,-0,08472675,1,15589,0,0709385,0,2244868,-0,2546646,-0,5944226,-0,09762636,1,40635,0,1023531,0,1275614,-0,1999497,-0,5994732,-0,05603369,1,139407,0,2098621,0,550876,-0,3126982,-0,5870028,-0,1347565,1,438302,-0,08264187,0,01749472,-0,156871,-0,5556895,-0,0004680449,0,370826,0,1769663,1,41628,-0,1519549,-0,6036779,-0,007379251,0,3833467,0,1358271,1,651701,-0,3098211,-0,5390002,-0,1268997,1,304339,-0,06864968,-0,005123021,-0,3697275,-0,5757096,-0,1722091,1,529158,-0,2440275,-0,1876683,-0,123228,-0,543345,-0,05543411,-0,6839297,0,07487538,0,3342956,0,0,0,0,0,0,0,0,0,0,0,0,0,0,0,0,0,0,0,0,0,0,0,0,0,0,0,0,0,0
289,-0,2013275,-0,5532334,-0,01885904,0,1839639,-0,06034376,1,349217,-0,2508594,-0,5494844,-0,0630151,0,3973798,-0,09592775,1,085583,-0,2570205,-0,5978693,-0,06153455,-0,1177952,-0,172338,1,804591,-0,2016974,-0,602034,-0,02055763,-0,08738864,-0,1280398,1,773804,-0,309601,-0,5906652,-0,1058002,0,1548619,-0,1831204,1,447819,-0,1580465,-0,5547307,0,03139621,-0,05877393,0,04794301,1,593214,-0,1492614,-0,6021728,0,02370433,0,134676,0,07525387,1,55418,-0,3004405,-0,5428288,-0,1071436,0,4690321,-0,1914323,0,9878058,-0,3636089,-0,5798835,-0,1475133,0,3059269,-0,2086938,1,234793,-0,1660492,-0,5451153,-0,03317856,-2,141061,-0,08851293,1,112778,0,0,0,0,0,0,0,0,0,0,0,0,0,0,0,0,0,0,0,0,0,0,0,0,0,0,0,0,0,0
290,-0,2060779,-0,5547612,0,0002737152,-0,2375171,-0,07638636,0,9566383,-0,249869,-0,5511581,-0,0495397,0,0495203,-0,08368495,0,6737706,-0,2538102,-0,5998458,-0,05079235,0,1605169,-0,09882156,0,5371101,-0,2061542,-0,6036096,-0,00128798,-0,222838,-0,07878247,0,9634831,-0,3065295,-0,5927101,-0,09479751,0,1535744,-0,1022429,0,5501325,-0,1785857,-0,5568206,0,06102045,-1,026963,-0,1044959,1,481212,-0,1627381,-0,6025897,0,05181572,-0,6738382,-0,02084375,1,40557,-0,2988169,-0,5445485,-0,09429658,0,08117709,-0,0859857,0,6423495,-0,3530843,-0,5830514,-0,1449891,0,5262317,-0,1583934,0,1262054,-0,1941062,-0,5503173,-0,003246128,-1,402852,-0,2601028,1,496622,0,0,0,0,0,0,0,0,0,0,0,0,0,0,0,0,0,0,0,0,0,0,0,0,0,0,0,0,0,0
291,-0,2444249,-0,5533158,0,0400803,-1,917351,0,07226768,1,99033,-0,2529081,-0,5515712,-0,02597187,-0,1519569,-0,020656,1,178392,-0,2548408,-0,6003552,-0,02780318,-0,05152972,-0,02547205,1,149459,-0,2430921,-0,602099,0,03997261,-1,846898,0,07553104,2,06303,-0,2899638,-0,5946933,-0,08705778,0,8282858,-0,0991613,0,3869863,-0,2823117,-0,5542488,0,09476055,-5,186299,0,1285911,1,687006,-0,2926706,-0,6014587,0,08740979,-6,496625,0,05654695,1,779704,-0,2940747,-0,5467334,-0,07839862,0,2371118,-0,1092464,0,7948983,-0,3358634,-0,5871741,-0,1383493,0,8610431,-0,2061338,0,3319913,-0,2363013,-0,5560637,0,04785955,-2,109759,-0,2873154,2,555285,0,0,0,0,0,0,0,0,0,0,0,0,0,0,0,0,0,0,0,0,0,0,0,0,0,0,0,0,0,0
292,-0,3194092,-0,5473723,0,0881753,-3,749218,0,297177,2,404751,-0,2994959,-0,5508668,0,02478994,-2,329391,0,03522338,2,538092,-0,304953,-0,5993067,0,02473044,-2,505613,0,05242529,2,626682,-0,3275304,-0,5953642,0,08983261,-4,221913,0,3367395,2,493001,-0,2820421,-0,599787,-0,04056999,0,3960864,-0,2546848,2,32439,-0,3562393,-0,5381318,0,142402,-3,696383,0,8058491,2,382072,-0,3652432,-0,5857404,0,1463884,-3,628632,0,7859173,2,948932,-0,2819929,-0,5510449,-0,0396129,0,6040903,-0,2155752,1,939287,-0,2867536,-0,5967107,-0,10953,2,455493,-0,4768344,1,440965,-0,3343129,-0,5359583,0,2043052,-4,900578,1,005265,7,822287,0,0,0,0,0,0,0,0,0,0,0,0,0,0,0,0,0,0,0,0,0,0,0,0,0,0,0,0,0,0
293,-0,3377333,-0,5431005,0,1117691,-0,9162042,0,2135874,1,179692,-0,3219911,-0,5469905,0,04701717,-1,124761,0,1938165,1,111362,-0,3238653,-0,595909,0,04908741,-0,9456161,0,1698852,1,217849,-0,3340364,-0,5914767,0,1169888,-0,3252984,0,1943738,1,357811,-0,3428425,-0,5963712,-0,01730004,-3,040026,0,1707912,1,163498,-0,3451873,-0,5361763,0,1773655,0,5525994,0,0977755,1,748177,-0,3521902,-0,5841194,0,1828785,0,6526517,0,08104745,1,824506,-0,3364077,-0,5482162,-0,01828456,-2,720743,0,1414389,1,066418,-0,3133537,-0,5998184,-0,0797803,-1,330008,-0,1553834,1,487488,-0,3252731,-0,5309662,0,2397213,0,4519867,0,2496095,1,770805,0,0,0,0,0,0,0,0,0,0,0,0,0,0,0,0,0,0,0,0,0,0,0,0,0,0,0,0,0,0
294,-0,3417657,-0,5402585,0,08011264,-0,2016187,0,1421005,-1,582825,-0,3780662,-0,5349421,0,02432928,-2,803753,0,6024184,-1,134395,-0,3861773,-0,5829694,0,02417764,-3,1156,0,6469818,-1,245489,-0,3434755,-0,5889218,0,07800828,-0,4719587,0,1277477,-1,949028,-0,3590099,-0,5854164,-0,03931412,-0,8083659,0,5477401,-1,100704,-0,3150792,-0,5426341,0,1406313,1,505407,-0,3228934,-1,836712,-0,3153874,-0,5914522,0,1404692,1,840141,-0,3666402,-2,120467,-0,3476222,-0,5381136,-0,03499274,-0,560725,0,5051287,-0,8354095,-0,2987133,-0,5954262,-0,07144888,0,7320213,0,2196104,0,4165707,-0,2946545,-0,5423357,0,2030679,1,530933,-0,5684766,-1,832671,0,0,0,0,0,0,0,0,0,0,0,0,0,0,0,0,0,0,0,0,0,0,0,0,0,0,0,0,0,0
295,-0,3595756,-0,5416465,0,06112569,-0,8904952,-0,0694007,-0,949348,-0,3969782,-0,5335423,0,00680664,-0,9456042,0,06999078,-0,8761322,-0,4058171,-0,5815375,0,004723803,-0,9819914,0,07159117,-0,9726925,-0,3663081,-0,5898562,0,06060828,-1,141629,-0,04672112,-0,8700004,-0,3596785,-0,5860081,-0,04645393,-0,03343375,-0,02958776,-0,3569904,-0,3147913,-0,5472395,0,1095,0,01439602,-0,2302677,-1,556567,-0,3169392,-0,5959273,0,1078893,-0,07759187,-0,2237529,-1,628995,-0,3506056,-0,5384216,-0,04091593,-0,1491681,-0,01539887,-0,2961598,-0,2915141,-0,5973003,-0,04811297,0,3599615,-0,0937045,1,166796,-0,2881626,-0,5496659,0,1695272,0,3245966,-0,3665091,-1,677035,0,0,0,0,0,0,0,0,0,0,0,0,0,0,0,0,0,0,0,0,0,0,0,0,0,0,0,0,0,0
296,-0,3694818,-0,5405235,0,03638184,-0,4953103,0,05615058,-1,237193,-0,4164858,-0,528808,-0,009290366,-0,9753767,0,236714,-0,8048506,-0,4254797,-0,5768678,-0,01333787,-0,9831313,0,2334864,-0,903084,-0,3771583,-0,5886161,0,03405341,-0,5425128,0,06200674,-1,327744,-0,3573578,-0,5871054,-0,003588867,0,1160354,-0,05486312,2,143254,-0,3264799,-0,5488888,0,08602074,-0,5844297,-0,08246604,-1,173961,-0,3321886,-0,5972509,0,08493796,-0,7624689,-0,06618205,-1,147569,-0,3508988,-0,5402954,-0,01597449,-0,01465977,-0,0936896,1,247073,-0,2884927,-0,5945739,-0,004827088,0,151071,0,1363189,2,164295,-0,2895843,-0,5536243,0,1401912,-0,07108602,-0,1979233,-1,466799,0,0,0,0,0,0,0,0,0,0,0,0,0,0,0,0,0,0,0,0,0,0,0,0,0,0,0,0,0,0
297,-0,3933304,-0,5331018,0,03205425,-1,192433,0,3710867,-0,2163793,-0,4329172,-0,5194519,-0,0200188,-0,8215728,0,4678043,-0,5364221,-0,4449189,-0,5666401,-0,02379996,-0,9719599,0,5113842,-0,5231044,-0,3952745,-0,5808857,0,02194598,-0,9058092,0,3865184,-0,6053718,-0,3782851,-0,5807607,-0,03488434,-1,046363,0,3172339,-1,564774,-0,3373106,-0,5417001,0,06624866,-0,5415353,0,359437,-0,9886045,-0,3375758,-0,5896823,0,05762549,-0,2693595,0,37843,-1,365624,-0,3695674,-0,5327235,-0,03667407,-0,9334314,0,378594,-1,03498,-0,3101087,-0,5914592,-0,03720143,-1,080803,0,1557351,-1,618718,-0,281435,-0,5473818,0,1003041,0,4074664,0,3121288,-1,99436,0,0,0,0,0,0,0,0,0,0,0,0,0,0,0,0,0,0,0,0,0,0,0,0,0,0,0,0,0,0
298,-0,4214577,-0,5270439,0,06193972,-1,406365,0,302896,1,494274,-0,4471864,-0,5183848,0,001115802,-0,7134575,0,05335512,1,056731,-0,4598339,-0,5654489,-0,001110932,-0,7457483,0,05955996,1,134452,-0,4284324,-0,5752562,0,05941543,-1,657893,0,2814741,1,873473,-0,3939597,-0,5806506,-0,01520513,-0,7837299,0,005507472,0,9839609,-0,3559006,-0,5353075,0,05832498,-0,929502,0,31963,-0,396184,-0,3607261,-0,5835475,0,05316579,-1,157515,0,3067435,-0,2229852,-0,3840926,-0,5329215,-0,01523102,-0,726262,-0,009900335,1,072153,-0,3303413,-0,5921541,-0,03946973,-1,01163,-0,03474654,-0,113415,-0,2924435,-0,5424028,0,07350867,-0,5504253,0,2489478,-1,33977,0,0,0,0,0,0,0,0,0,0,0,0,0,0,0,0,0,0,0,0,0,0,0,0,0,0,0,0,0,0
299,-0,4380455,-0,5179879,0,1068391,-0,82939,0,4527988,2,244972,-0,458489,-0,5155829,0,04349397,-0,5651327,0,1400978,2,118909,-0,4715338,-0,5625476,0,04508664,-0,5849975,0,1450688,2,30988,-0,4460497,-0,5660196,0,1089922,-0,8808676,0,4618319,2,47884,-0,4180885,-0,5769923,0,003896303,-1,206443,0,1829148,0,955072,-0,3842377,-0,5275568,0,06947409,-1,416857,0,3875317,0,5574557,-0,3914017,-0,5758204,0,06892042,-1,533783,0,3863515,0,7877318,-0,4074932,-0,5293695,0,00265226,-1,170031,0,1776011,0,8941641,-0,3628086,-0,5887973,-0,03573329,-1,623364,0,1678408,0,1868224,-0,3203495,-0,5362922,0,05679324,-1,395305,0,3055305,-0,835772,0,0,0,0,0,0,0,0,0,0,0,0,0,0,0,0,0,0,0,0,0,0,0,0,0,0,0,0,0,0
300,-0,4441221,-0,5151062,0,1249067,-0,3038288,0,1440853,0,9033788,-0,464955,-0,5140005,0,0616598,-0,3233002,0,07911626,0,9082919,-0,4780927,-0,5609091,0,06430948,-0,3279419,0,08192363,0,9611422,-0,452223,-0,5631014,0,1281097,-0,3086643,0,1459092,0,9558771,-0,431621,-0,5747456,0,01513831,-0,6766262,0,1123339,0,5621004,-0,3941987,-0,5253899,0,08266062,-0,4980462,0,1083494,0,6593267,-0,4025086,-0,5733954,0,08208812,-0,5553427,0,1212538,0,6583853,-0,4166867,-0,5283629,0,01780352,-0,4596757,0,0503272,0,7575631,-0,3814646,-0,586675,-0,03072411,-0,9328026,0,1061172,0,2504587,-0,3342443,-0,5346289,0,05743431,-0,6947371,0,08316341,0,03205353,0,0,0,0,0,0,0,0,0,0,0,0,0,0,0,0,0,0,0,0,0,0,0,0,0,0,0,0,0,0
301,-0,4557348,-0,5107868,0,1515507,-0,5806374,0,2159716,1,332201,-0,4748835,-0,5106321,0,08778668,-0,4964235,0,1684219,1,306345,-0,4890561,-0,5571941,0,09105453,-0,5481737,0,185752,1,337253,-0,4652709,-0,5584614,0,1556807,-0,6523969,0,2320022,1,37855,-0,4502564,-0,5710053,0,03561751,-0,93177,0,1870156,1,023961,-0,4028241,-0,523714,0,1139142,-0,4312711,0,08379224,1,56268,-0,4128335,-0,5714003,0,1135064,-0,5162449,0,09975437,1,570914,-0,435405,-0,5245625,0,035834,-0,935911,0,1900227,0,9015245,-0,4026976,-0,5842906,-0,01269199,-1,061647,0,1192183,0,9016067,-0,348607,-0,5338808,0,07831182,-0,7181379,0,03740789,1,043876,0,0,0,0,0,0,0,0,0,0,0,0,0,0,0,0,0,0,0,0,0,0,0,0,0,0,0,0,0,0
302,-0,4720927,-0,5064463,0,1672166,-0,8178937,0,2170236,0,7832962,-0,4797751,-0,5093765,0,1011761,-0,2445803,0,06278159,0,6694688,-0,4944243,-0,5558328,0,1040755,-0,2684073,0,06806257,0,6510476,-0,4837043,-0,5535692,0,1720557,-0,9216685,0,2446086,0,8187469,-0,4595469,-0,5685813,0,0458275,-0,4645245,0,1212001,0,5104997,-0,4118294,-0,5225734,0,1451342,-0,4502671,0,05703273,1,561003,-0,4213922,-0,5701857,0,1488919,-0,4279377,0,06072821,1,769277,-0,4428099,-0,5228015,0,04724119,-0,3702493,0,08804802,0,5703597,-0,4096622,-0,5835139,0,0003695002,-0,3482328,0,03883542,0,6530746,-0,3531526,-0,5356439,0,118598,-0,2272771,-0,08815829,2,014307,0,0,0,0,0,0,0,0,0,0,0,0,0,0,0,0,0,0,0,0,0,0,0,0,0,0,0,0,0,0
303,-0,480738,-0,5009158,0,1713447,-0,4322665,0,2765269,0,2064035,-0,4782566,-0,5075129,0,1051742,0,07592443,0,09317998,0,1999066,-0,4934087,-0,5537229,0,108293,0,05077871,0,1054973,0,2108772,-0,4947368,-0,5473256,0,1768391,-0,5516233,0,3121794,0,2391742,-0,44353,-0,5712934,0,06398641,0,8008468,-0,1356066,0,9079456,-0,4170798,-0,5188869,0,1732367,-0,2625213,0,1843215,1,405123,-0,4288239,-0,5660512,0,1767102,-0,3715874,0,2067269,1,390914,-0,4305432,-0,5243073,0,06152625,0,613338,-0,07528964,0,7142535,-0,3993371,-0,5846977,0,01269389,0,5162569,-0,05918743,0,6162199,-0,3535091,-0,533238,0,1809558,-0,01782776,0,1202971,3,117891,0,0,0,0,0,0,0,0,0,0,0,0,0,0,0,0,0,0,0,0,0,0,0,0,0,0,0,0,0,0
304,-0,4764109,-0,5023322,0,1672243,0,2163575,-0,07082227,-0,2060183,-0,4581641,-0,5150624,0,1044142,1,004625,-0,3774764,-0,0379976,-0,4665171,-0,5627342,0,1109666,1,34458,-0,4505696,0,1336784,-0,4916375,-0,5482365,0,1734494,0,1549632,-0,04554393,-0,1694896,-0,41909,-0,575906,0,06261264,1,222,-0,2306313,-0,06868842,-0,4216003,-0,5146727,0,2021453,-0,2260224,0,2107114,1,445429,-0,4344248,-0,561233,0,2088109,-0,2800451,0,2409101,1,605034,-0,4129875,-0,527848,0,05699471,0,8777846,-0,1770348,-0,2265773,-0,3719673,-0,5861263,0,01320848,1,368492,-0,07143322,0,02572929,-0,3597288,-0,5285242,0,2194145,-0,3109814,0,2356918,1,922937,0,0,0,0,0,0,0,0,0,0,0,0,0,0,0,0,0,0,0,0,0,0,0,0,0,0,0,0,0,0
305,-0,4369289,-0,5180474,0,1337953,1,974099,-0,7857594,-1,671455,-0,4450463,-0,5198582,0,06775264,0,6558883,-0,2397896,-1,83308,-0,4541327,-0,5677475,0,06930772,0,619221,-0,2506644,-2,082944,-0,4479317,-0,5653666,0,1378464,2,185292,-0,8565042,-1,780151,-0,3973553,-0,577942,0,03135351,1,086738,-0,1017988,-1,562957,-0,409743,-0,5182845,0,1942233,0,5928623,-0,1805902,-0,3961006,-0,4241737,-0,5641319,0,2021149,0,5125554,-0,1449437,-0,3347987,-0,3919626,-0,5295441,0,02842484,1,051243,-0,08480552,-1,428494,-0,3487957,-0,5847035,-0,01728268,1,158578,0,07114115,-1,524559,-0,3556823,-0,5280991,0,2303082,0,2023251,0,02125503,0,5446854,0,0,0,0,0,0,0,0,0,0,0,0,0,0,0,0,0,0,0,0,0,0,0,0,0,0,0,0,0,0
306,-0,4048675,-0,5267301,0,1115036,1,603069,-0,4341366,-1,114584,-0,4311012,-0,5233029,0,05040392,0,6972584,-0,1722337,-0,8674364,-0,4421841,-0,5707757,0,05151646,0,5974325,-0,1514078,-0,8895636,-0,4162388,-0,5739911,0,1152162,1,584644,-0,4312279,-1,13151,-0,4009084,-0,5798848,-0,00309105,-0,1776577,-0,09714071,-1,722228,-0,3873602,-0,5249583,0,1753569,1,119145,-0,3336908,-0,9433191,-0,3998655,-0,5716324,0,1816588,1,215414,-0,3750266,-1,022805,-0,3905711,-0,5322586,-0,001834564,0,06957802,-0,1357228,-1,512971,-0,3533131,-0,5872172,-0,05259364,-0,2258704,-0,1256854,-1,765549,-0,3476615,-0,5276779,0,2276093,0,4010381,0,02105833,-0,1349427,0,0,0,0,0,0,0,0,0,0,0,0,0,0,0,0,0,0,0,0,0,0,0,0,0,0,0,0,0,0
307,-0,3859229,-0,5338604,0,0885477,0,9472329,-0,3565134,-1,147795,-0,4158806,-0,5280422,0,02940853,0,7610309,-0,2369673,-1,04977,-0,4283424,-0,5751485,0,03003897,0,6920817,-0,2186389,-1,073875,-0,3976758,-0,5811064,0,09140674,0,9281535,-0,3557654,-1,190471,-0,3914461,-0,5839233,-0,02760289,0,4731165,-0,2019227,-1,225592,-0,3581319,-0,5361102,0,1485603,1,461411,-0,5575927,-1,339829,-0,367229,-0,583822,0,1527101,1,631827,-0,6094786,-1,447437,-0,381539,-0,5361331,-0,027354,0,4516052,-0,1937241,-1,275972,-0,3633351,-0,5879371,-0,09050598,-0,5011009,-0,03599526,-1,895618,-0,3353388,-0,5343004,0,2101405,0,6161364,-0,3311278,-0,8734424,0,0,0,0,0,0,0,0,0,0,0,0,0,0,0,0,0,0,0,0,0,0,0,0,0,0,0,0,0,0
308,-0,3645376,-0,5422578,0,0621467,1,069265,-0,4198732,-1,320051,-0,4003764,-0,5320914,0,007048767,0,7752079,-0,2024592,-1,117989,-0,416338,-0,5782542,0,007901853,0,600222,-0,1552851,-1,106856,-0,3766347,-0,5894483,0,06307188,1,052054,-0,4170926,-1,416744,-0,4070651,-0,5806643,-0,06057552,-0,7809508,0,1629502,-1,648632,-0,3347001,-0,547636,0,1210054,1,171594,-0,5762937,-1,377748,-0,3480438,-0,5943626,0,1251324,0,9592596,-0,5270334,-1,378882,-0,3980086,-0,5327268,-0,05969847,-0,8234817,0,1703114,-1,617224,-0,3714781,-0,5843623,-0,119818,-0,4071505,0,1787425,-1,465604,-0,3126695,-0,5476336,0,1828844,1,133465,-0,6666603,-1,362803,0,0,0,0,0,0,0,0,0,0,0,0,0,0,0,0,0,0,0,0,0,0,0,0,0,0,0,0,0,0
309,-0,3500385,-0,5443464,0,03819161,0,7249567,-0,1044274,-1,197755,-0,3747299,-0,5344123,-0,02286166,1,282327,-0,1160443,-1,495522,-0,3814146,-0,5823067,-0,0289599,1,746169,-0,2026261,-1,843089,-0,3565063,-0,5925384,0,03440935,1,006422,-0,1545042,-1,433127,-0,4340543,-0,5676358,-0,07122438,-1,349462,0,6514224,-0,5324433,-0,3184901,-0,5520824,0,09586786,0,8104968,-0,2223165,-1,256876,-0,3282425,-0,599958,0,09631614,0,9900649,-0,2797694,-1,440815,-0,4211855,-0,5205923,-0,06904627,-1,158846,0,6067249,-0,4673898,-0,4263188,-0,5649524,-0,1397576,-2,742034,0,9704951,-0,9969771,-0,2725746,-0,5604327,0,142086,2,004746,-0,6399544,-2,03992,0,0,0,0,0,0,0,0,0,0,0,0,0,0,0,0,0,0,0,0,0,0,0,0,0,0,0,0,0,0
310,-0,3352066,-0,5478485,0,02373007,0,7415923,-0,1751066,-0,7230773,-0,3792318,-0,5363538,-0,0249131,-0,2250955,-0,09707812,-0,1025721,-0,3935252,-0,5829346,-0,02422259,-0,6055298,-0,03139378,0,2368655,-0,3480013,-0,5948317,0,02611042,0,4252495,-0,1146675,-0,4149466,-0,438085,-0,5681807,-0,07487157,-0,2015353,-0,02724529,-0,1823597,-0,2846245,-0,5586821,0,06522079,1,693282,-0,3299863,-1,532354,-0,2924994,-0,6067501,0,06458334,1,787154,-0,3396065,-1,586641,-0,4235636,-0,5216014,-0,07258879,-0,1189024,-0,05045237,-0,1771261,-0,4278254,-0,5661291,-0,1432511,-0,07532987,-0,05883577,-0,174676,-0,2279216,-0,5674502,0,09717879,2,232647,-0,3508718,-2,245364,0,0,0,0,0,0,0,0,0,0,0,0,0,0,0,0,0,0,0,0,0,0,0,0,0,0,0,0,0,0
311,-0,3035682,-0,5550243,0,001299915,1,581921,-0,3587903,-1,121508,-0,3599301,-0,5442594,-0,03230515,0,965086,-0,3952803,-0,3696025,-0,3674087,-0,5922179,-0,03705949,1,305827,-0,4641654,-0,641845,-0,3101571,-0,6033664,-0,0003622742,1,892211,-0,4267367,-1,323635,-0,4176238,-0,577903,-0,08236488,1,023063,-0,4861118,-0,3746656,-0,2487621,-0,5628973,0,0375785,1,793121,-0,2107591,-1,382115,-0,2504697,-0,6113388,0,03245774,2,101488,-0,2294333,-1,60628,-0,40495,-0,5308834,-0,07972203,0,9306807,-0,4641028,-0,3566624,-0,4580035,-0,5623271,-0,1361935,-1,508906,0,1901001,0,3528775,-0,1974866,-0,5681589,0,0782786,1,521751,-0,03543498,-0,9450096,0,0,0,0,0,0,0,0,0,0,0,0,0,0,0,0,0,0,0,0,0,0,0,0,0,0,0,0,0,0
312,-0,279828,-0,557795,-0,007924275,1,187014,-0,1385362,-0,4612097,-0,3354285,-0,5486414,-0,04325322,1,225079,-0,2191008,-0,5474041,-0,3360675,-0,5957487,-0,05613811,1,56706,-0,1765401,-0,9539312,-0,2769454,-0,6044183,-0,02186526,1,660585,-0,05259218,-1,07515,-0,3963886,-0,5840307,-0,08791102,1,061756,-0,3063859,-0,277307,-0,2250494,-0,5642605,0,02868926,1,185636,-0,0681639,-0,4444619,-0,222489,-0,6120539,0,01892759,1,399033,-0,03575684,-0,6765081,-0,3896667,-0,5363377,-0,08016112,0,7641631,-0,2727152,-0,02195426,-0,4595789,-0,5694723,-0,1117978,-0,07877055,-0,3572614,1,219787,-0,1670832,-0,5669755,0,05955594,1,520174,0,05916657,-0,9361332,0,0,0,0,0,0,0,0,0,0,0,0,0,0,0,0,0,0,0,0,0,0,0,0,0,0,0,0,0,0
313,-0,2631606,-0,5555257,-0,0134768,0,8333687,0,1134664,-0,2776266,-0,3253933,-0,5472304,-0,03545868,0,501758,0,07055405,0,3897275,-0,3285846,-0,5945854,-0,04692868,0,374146,0,05816521,0,4604716,-0,2650052,-0,6034838,-0,02201259,0,5970093,0,0467241,-0,007366485,-0,3941644,-0,5835543,-0,06582361,0,1112149,0,02382101,1,104371,-0,2018785,-0,5611603,0,01097339,1,158547,0,1550139,-0,8857941,-0,2029421,-0,609722,0,006262969,0,9773481,0,1165987,-0,633231,-0,3865975,-0,5358064,-0,05951471,0,1534597,0,0265658,1,032321,-0,4615641,-0,5701447,-0,07313976,-0,09926114,-0,03362001,1,932903,-0,1494089,-0,5654051,0,05027982,0,8837129,0,07852021,-0,4638063,0,0,0,0,0,0,0,0,0,0,0,0,0,0,0,0,0,0,0,0,0,0,0,0,0,0,0,0,0,0
314,-0,2563576,-0,5497568,-0,005626461,0,3401475,0,2884449,0,3925174,-0,3199355,-0,5414566,-0,02375626,0,272891,0,2886863,0,5851209,-0,329027,-0,5887644,-0,01548739,-0,02212078,0,2910466,1,572065,-0,2614829,-0,5982878,-0,005516689,0,1761139,0,2598018,0,8247954,-0,3959277,-0,5760866,-0,02678297,-0,08816574,0,3733845,1,952032,-0,1907166,-0,5557311,0,0007911684,0,5580941,0,2714605,-0,5091112,-0,1933169,-0,6043003,-0,002686527,0,4812585,0,271085,-0,447475,-0,3848644,-0,5290304,-0,03295213,0,08665774,0,3387989,1,32813,-0,4595854,-0,562513,-0,04992333,0,09893779,0,3815861,1,160822,-0,1408212,-0,5605917,0,04315192,0,4293846,0,2406717,-0,3563955,0,0,0,0,0,0,0,0,0,0,0,0,0,0,0,0,0,0,0,0,0,0,0,0,0,0,0,0,0,0
315,-0,2543065,-0,5535262,-0,006863741,0,1025573,-0,18847,-0,06186406,-0,3192104,-0,5426808,-0,01661534,0,03625752,-0,06120803,0,3570464,-0,329288,-0,5896019,-0,007959449,-0,01304895,-0,04187526,0,376397,-0,2620245,-0,6011294,0,0007708446,-0,02707989,-0,1420797,0,3143768,-0,394617,-0,5769998,-0,02624744,0,06553235,-0,04566016,0,02677665,-0,1908588,-0,5602391,0,01095851,-0,007110092,-0,225401,0,5083674,-0,1949455,-0,6088449,0,01238636,-0,08142966,-0,2272309,0,7536445,-0,3837017,-0,5294169,-0,02821903,0,05813243,-0,01932085,0,2366552,-0,4557515,-0,5627868,-0,05483045,0,1916931,-0,01368821,-0,2453557,-0,134023,-0,5633785,0,04371824,0,3399128,-0,1393378,0,02831613,0,0,0,0,0,0,0,0,0,0,0,0,0,0,0,0,0,0,0,0,0,0,0,0,0,0,0,0,0,0
316,-0,2538881,-0,556088,-0,005258881,0,02091975,-0,1280904,0,08024307,-0,3187478,-0,5452815,-0,01581696,0,0231281,-0,1300335,0,03991892,-0,3277735,-0,5932014,-0,01459897,0,07572624,-0,1799733,-0,3319762,-0,2608996,-0,6042206,-0,002454688,0,05624446,-0,1545609,-0,1612767,-0,3933884,-0,5795044,-0,03113107,0,06143155,-0,1252294,-0,2441815,-0,1902801,-0,563325,0,01165114,0,02893509,-0,1542986,0,03463148,-0,1941813,-0,6119463,0,01114758,0,03821255,-0,1550735,-0,06193889,-0,381419,-0,5323872,-0,03500434,0,114137,-0,148517,-0,3392658,-0,452044,-0,5657814,-0,06484519,0,185375,-0,1497299,-0,5007373,-0,1364865,-0,5671294,0,04900834,-0,1231745,-0,1875491,0,2645052,0,0,0,0,0,0,0,0,0,0,0,0,0,0,0,0,0,0,0,0,0,0,0,0,0,0,0,0,0,0
317,-0,2522853,-0,5584021,-0,002144873,0,08014145,-0,1157016,0,1557005,-0,3137811,-0,5486425,-0,0257851,0,2483339,-0,1680524,-0,4984072,-0,3221933,-0,5966711,-0,02610804,0,2790065,-0,1734854,-0,5754537,-0,2580599,-0,6067803,-0,003181251,0,1419888,-0,1279861,-0,0363282,-0,3851417,-0,5836716,-0,05129976,0,4123332,-0,20836,-1,008435,-0,1888551,-0,5652826,0,01545457,0,07124919,-0,0978798,0,1901715,-0,1923664,-0,6139047,0,01482309,0,0907414,-0,09791855,0,1837757,-0,3736719,-0,5362712,-0,05253917,0,3873514,-0,1942009,-0,8767418,-0,4312265,-0,5722293,-0,1014082,1,040875,-0,3223987,-1,828151,-0,1369494,-0,5687863,0,05557408,-0,02314896,-0,08284453,0,3282872,0,0,0,0,0,0,0,0,0,0,0,0,0,0,0,0,0,0,0,0,0,0,0,0,0,0,0,0,0,0
318,-0,2449163,-0,5611629,-0,002034073,0,3684507,-0,1380414,0,005539986,-0,3011779,-0,5529258,-0,03655738,0,6301614,-0,2141626,-0,5386144,-0,3090461,-0,6010534,-0,03697545,0,657359,-0,2191127,-0,543371,-0,2512042,-0,6094697,-0,0005219307,0,342782,-0,1344711,0,1329661,-0,3686571,-0,5892087,-0,06976998,0,8242297,-0,2768577,-0,9235114,-0,1860533,-0,5668548,0,02772596,0,1400911,-0,07860962,0,6135696,-0,1889366,-0,6155363,0,02742829,0,1714901,-0,08158091,0,6302602,-0,3579767,-0,5416281,-0,0696916,0,784764,-0,2678425,-0,8576218,-0,4132433,-0,5774949,-0,1211811,0,8991603,-0,2632768,-0,9886451,-0,1348615,-0,5693106,0,06873447,0,1043998,-0,02621413,0,6580195,0,0,0,0,0,0,0,0,0,0,0,0,0,0,0,0,0,0,0,0,0,0,0,0,0,0,0,0,0,0
319,-0,2318124,-0,5629673,-0,0003186064,0,6551939,-0,09022061,0,08577336,-0,2832783,-0,5557857,-0,0418108,0,8949835,-0,1429946,-0,2626711,-0,2905728,-0,6039956,-0,04256028,0,9236667,-0,1471103,-0,2792415,-0,2353913,-0,6115915,-0,002002999,0,7906463,-0,1060874,-0,07405347,-0,3400147,-0,5939829,-0,08967391,1,432124,-0,2387107,-0,9951968,-0,1810936,-0,5671292,0,04188647,0,2479852,-0,01371801,0,7080259,-0,1843507,-0,6157005,0,04360231,0,2292962,-0,008210543,0,8087012,-0,3322229,-0,5459329,-0,08611399,1,28769,-0,2152444,-0,8211198,-0,3960717,-0,5806224,-0,1276239,0,8585799,-0,1563758,-0,3221383,-0,1262315,-0,5685982,0,07793833,0,4314998,0,03561975,0,4601931,0,0,0,0,0,0,0,0,0,0,0,0,0,0,0,0,0,0,0,0,0,0,0,0,0,0,0,0,0,0
320,-0,2268778,-0,5635048,0,006609438,0,2467276,-0,02687575,0,3464023,-0,2737811,-0,5569698,-0,0401004,0,474857,-0,0592083,0,08552041,-0,2749876,-0,6052918,-0,04688132,0,7792595,-0,06481411,-0,216052,-0,2278624,-0,6121396,0,002771323,0,3764467,-0,02740921,0,2387162,-0,3231348,-0,5956036,-0,09534452,0,8439947,-0,08103552,-0,2835308,-0,173748,-0,5667664,0,04592792,0,3672773,0,01814068,0,2020725,-0,1751388,-0,615519,0,04629019,0,4605973,0,009074811,0,1343942,-0,3189366,-0,5475265,-0,08834393,0,6643149,-0,07967952,-0,1114969,-0,3841004,-0,5842083,-0,1257158,0,598568,-0,1792968,0,09540472,-0,1210612,-0,5670807,0,08497062,0,2585144,0,07587376,0,351615,0,0,0,0,0,0,0,0,0,0,0,0,0,0,0,0,0,0,0,0,0,0,0,0,0,0,0,0,0,0
321,-0,2212708,-0,5610991,0,02920477,0,2803506,0,1202852,1,129767,-0,2599857,-0,5560282,-0,02462967,0,6897736,0,04708173,0,7735367,-0,2569672,-0,6039675,-0,03260678,0,9010199,0,06621781,0,7137272,-0,2186995,-0,6096292,0,0243912,0,4581453,0,1255215,1,080994,-0,3083211,-0,597861,-0,0783155,0,7406834,-0,1128674,0,8514516,-0,1638873,-0,5603709,0,06207713,0,4930387,0,3197761,0,8074607,-0,1581111,-0,6084281,0,05627652,0,8513857,0,3545465,0,4993167,-0,3094479,-0,5498657,-0,06906069,0,4744353,-0,1169563,0,9641621,-0,356616,-0,5876921,-0,1267361,1,374221,-0,1741887,-0,05101489,-0,1102252,-0,5576629,0,0998225,0,5417971,0,4708918,0,7425941,0,0,0,0,0,0,0,0,0,0,0,0,0,0,0,0,0,0,0,0,0,0,0,0,0,0,0,0,0,0
322,-0,2147263,-0,5601788,0,0435539,0,3272274,0,04601778,0,7174569,-0,2648091,-0,5577804,-5,805995E-05,-0,2411724,-0,08760992,1,228581,-0,2689726,-0,6063278,0,0005094156,-0,6002697,-0,1180172,1,655811,-0,2154229,-0,608919,0,04384186,0,1638279,0,03551246,0,9725337,-0,312567,-0,6012741,-0,05286558,-0,2122954,-0,1706571,1,272496,-0,1619986,-0,5595322,0,08353005,0,09443317,0,04193486,1,072646,-0,1616849,-0,6082973,0,08625923,-0,1786911,0,006538632,1,499136,-0,3082946,-0,5527015,-0,0502927,0,05766603,-0,1417906,0,9383999,-0,332947,-0,5944112,-0,1184818,1,183449,-0,3359557,0,4127139,-0,1162434,-0,5561671,0,1306135,-0,3009086,0,07478896,1,539551,0,0,0,0,0,0,0,0,0,0,0,0,0,0,0,0,0,0,0,0,0,0,0,0,0,0,0,0,0,0
323,-0,2364192,-0,5614293,0,06348513,-1,084644,-0,06252529,0,9965618,-0,2706162,-0,5570819,0,006705255,-0,2903567,0,03492238,0,3381659,-0,2678213,-0,6054174,0,0002850446,0,05756619,0,04552307,-0,01121855,-0,2341392,-0,6099972,0,06023984,-0,9358141,-0,05390944,0,8198993,-0,3243637,-0,6014891,-0,03920247,-0,5898359,-0,01074672,0,6831561,-0,1900651,-0,561,0,1103804,-1,403323,-0,07339421,1,342519,-0,1834307,-0,6092609,0,1063731,-1,087291,-0,04817845,1,005694,-0,3200655,-0,5528579,-0,03846706,-0,5885484,-0,007823112,0,591282,-0,3092941,-0,6000891,-0,1066097,1,182644,-0,2838941,0,5936025,-0,142055,-0,5573285,0,154894,-1,290579,-0,05806687,1,214024,0,0,0,0,0,0,0,0,0,0,0,0,0,0,0,0,0,0,0,0,0,0,0,0,0,0,0,0,0,0
324,-0,3113817,-0,5492818,0,0858524,-3,74813,0,6073716,1,118364,-0,3527089,-0,5431651,0,03406784,-4,104634,0,6958428,1,36813,-0,3634004,-0,5906218,0,03570823,-4,778956,0,7397774,1,77116,-0,3214431,-0,5968343,0,09005142,-4,365195,0,6581428,1,490579,-0,3235701,-0,5995241,-0,02011487,0,03968032,0,09824637,0,9543805,-0,2619028,-0,5548869,0,1294303,-3,591887,0,3056587,0,9524953,-0,2709808,-0,602266,0,1361512,-4,377506,0,3497453,1,488905,-0,3177752,-0,5510924,-0,02222169,0,114517,0,08827452,0,8122692,-0,2757794,-0,6057422,-0,06957881,1,675736,-0,2826543,1,851547,-0,2091371,-0,5584903,0,168379,-3,35411,-0,05809369,0,6742532,0,0,0,0,0,0,0,0,0,0,0,0,0,0,0,0,0,0,0,0,0,0,0,0,0,0,0,0,0,0
325,-0,3411643,-0,5436004,0,07247905,-1,48913,0,2840729,-0,6686675,-0,382126,-0,5357815,0,0206553,-1,470855,0,3691794,-0,6706271,-0,3930905,-0,5833981,0,02124355,-1,484503,0,3611864,-0,7232347,-0,3523928,-0,5907267,0,07644305,-1,547489,0,3053786,-0,6804186,-0,336343,-0,5949013,-0,01636373,-0,6386431,0,2311439,0,187557,-0,3106438,-0,54461,0,1312163,-2,437053,0,5138429,0,08929823,-0,3251369,-0,590478,0,1394409,-2,707809,0,5894008,0,1644873,-0,3307557,-0,5465305,-0,02061304,-0,6490233,0,2280981,0,08043259,-0,2838007,-0,6031702,-0,06042007,-0,4010649,0,1285971,0,4579374,-0,2656825,-0,5494546,0,1788309,-2,82727,0,4517885,0,5225921,0,0,0,0,0,0,0,0,0,0,0,0,0,0,0,0,0,0,0,0,0,0,0,0,0,0,0,0,0,0
326,-0,3836515,-0,5378227,0,06079455,-2,124358,0,288886,-0,5842252,-0,4183092,-0,5282162,0,004588084,-1,80916,0,3782661,-0,8033611,-0,430768,-0,575284,0,003097169,-1,883879,0,4057051,-0,9073192,-0,3982733,-0,5844362,0,06297203,-2,294026,0,3145249,-0,6735514,-0,3778474,-0,5861728,-0,03995654,-2,075222,0,4364224,-1,179641,-0,3585117,-0,5422403,0,1219595,-2,393396,0,1184851,-0,4628373,-0,370451,-0,5893996,0,1252059,-2,265705,0,05391838,-0,7117535,-0,3653854,-0,5393386,-0,03451142,-1,73149,0,359592,-0,6949196,-0,3268956,-0,5926918,-0,08624456,-2,154746,0,523919,-1,291225,-0,3245622,-0,5460452,0,1777906,-2,943985,0,1704664,-0,05201253,0,0,0,0,0,0,0,0,0,0,0,0,0,0,0,0,0,0,0,0,0,0,0,0,0,0,0,0,0,0
327,-0,4193744,-0,5310687,0,0643874,-1,786148,0,3376992,0,1796421,-0,4453894,-0,5226119,0,003585424,-1,354012,0,2802135,-0,05013305,-0,459313,-0,5694531,0,00248192,-1,427252,0,2915443,-0,03076245,-0,4427021,-0,5738057,0,06931455,-2,221438,0,5315247,0,3171259,-0,3997099,-0,5845357,-0,02900841,-1,093123,0,08185807,0,5474069,-0,3996069,-0,5340188,0,1276462,-2,054758,0,4110755,0,2843325,-0,4137751,-0,5806786,0,1310119,-2,166207,0,4360529,0,2903031,-0,3883855,-0,5371701,-0,02783688,-1,150005,0,1084269,0,3337273,-0,3363142,-0,5974904,-0,05321673,-0,470932,-0,2399267,1,651392,-0,3671624,-0,5393252,0,1847026,-2,130012,0,3360034,0,3456013,0,0,0,0,0,0,0,0,0,0,0,0,0,0,0,0,0,0,0,0,0,0,0,0,0,0,0,0,0,0
328,-0,455599,-0,5177858,0,07822388,-1,811232,0,664142,0,6918243,-0,4671906,-0,5152848,0,01266667,-1,090061,0,3663571,0,4540626,-0,480819,-0,5621886,0,01247199,-1,075301,0,3632249,0,4995036,-0,4723709,-0,5635027,0,08079002,-1,483441,0,5151542,0,5737739,-0,4203151,-0,5775682,-0,01728083,-1,030262,0,3483744,0,5863793,-0,4367788,-0,5200998,0,1416834,-1,858599,0,6959501,0,7018636,-0,454784,-0,5651392,0,1469396,-2,050445,0,7769677,0,7963832,-0,406154,-0,5316284,-0,009023041,-0,888424,0,2770842,0,9406924,-0,3544684,-0,5930011,-0,03197308,-0,9077076,0,2244652,1,062183,-0,4002916,-0,527814,0,1958331,-1,656458,0,5755606,0,5565221,0,0,0,0,0,0,0,0,0,0,0,0,0,0,0,0,0,0,0,0,0,0,0,0,0,0,0,0,0,0
329,-0,4684248,-0,5122668,0,09214456,-0,6412866,0,2759547,0,6960343,-0,4855493,-0,5088781,0,02795567,-0,9179372,0,3203334,0,7644501,-0,5001007,-0,5554083,0,02843317,-0,9640846,0,3390164,0,7980594,-0,4804655,-0,5594605,0,09432196,-0,4047321,0,2021075,0,6765972,-0,4376909,-0,5733529,0,004959847,-0,8687887,0,2107651,1,112034,-0,456099,-0,5113727,0,1571876,-0,9660113,0,4363568,0,7752101,-0,4715322,-0,5574224,0,1621836,-0,8374113,0,3858419,0,7621999,-0,4261187,-0,5260709,0,002675828,-0,9982337,0,277877,0,5849437,-0,3785201,-0,5879425,-0,0274684,-1,202587,0,2529294,0,2252338,-0,4268675,-0,5141826,0,2159751,-1,328797,0,6815675,1,007099,0,0,0,0,0,0,0,0,0,0,0,0,0,0,0,0,0,0,0,0,0,0,0,0,0,0,0,0,0,0
330,-0,4883109,-0,5072693,0,1051799,-0,9943087,0,2498747,0,651767,-0,5025751,-0,5048736,0,0401633,-0,8512888,0,200227,0,6103817,-0,5178142,-0,5512074,0,04097263,-0,8856717,0,2100469,0,6269732,-0,5068195,-0,5522099,0,1089665,-1,317703,0,3625305,0,7322285,-0,4583595,-0,5694196,0,01097877,-1,033435,0,1966656,0,3009465,-0,4630324,-0,5114334,0,1662227,-0,3466682,-0,003036858,0,4517542,-0,4804749,-0,5565611,0,172052,-0,4471334,0,04306735,0,4934209,-0,4457061,-0,5223359,0,00994724,-0,9793732,0,1867504,0,3635707,-0,3935908,-0,5854442,-0,006799849,-0,7535341,0,1249165,1,033428,-0,4375646,-0,512512,0,2267239,-0,5348536,0,08352998,0,5374419,0,0,0,0,0,0,0,0,0,0,0,0,0,0,0,0,0,0,0,0,0,0,0,0,0,0,0,0,0,0
331,-0,4957895,-0,504695,0,1222185,-0,3739284,0,1287133,0,8519303,-0,5123362,-0,5020239,0,05777194,-0,4880549,0,142485,0,8804323,-0,5281675,-0,5482296,0,05916066,-0,5176665,0,1488865,0,909402,-0,5155995,-0,5490147,0,1268625,-0,4390003,0,1597584,0,8947983,-0,4683994,-0,5674319,0,03017332,-0,501995,0,09938482,0,9597277,-0,4653411,-0,5110552,0,1806212,-0,1154349,0,01890958,0,7199246,-0,4831288,-0,5560251,0,1867642,-0,1326949,0,02679826,0,7356117,-0,4583526,-0,5202118,0,02289832,-0,6323251,0,1062036,0,6475545,-0,4012752,-0,5812522,0,02025548,-0,3842221,0,2095998,1,352767,-0,4314467,-0,5159815,0,2366884,0,3058912,-0,1734734,0,4982265,0,0,0,0,0,0,0,0,0,0,0,0,0,0,0,0,0,0,0,0,0,0,0,0,0,0,0,0,0,0
332,-0,4941385,-0,5046626,0,1417464,0,08254948,0,001621247,0,9763945,-0,5020268,-0,506481,0,07568014,0,5154701,-0,2228559,0,8954108,-0,5154928,-0,5533723,0,07776286,0,6337347,-0,2571345,0,9301102,-0,5120261,-0,5497721,0,1464714,0,178671,-0,03786685,0,9804446,-0,4677498,-0,5670809,0,02966908,0,03248007,0,0175506,-0,02521231,-0,4576218,-0,5123567,0,19646,0,3859641,-0,06507339,0,7919412,-0,4733902,-0,5581041,0,202386,0,4869284,-0,1039505,0,7810901,-0,4506576,-0,5217162,0,03564483,0,3847496,-0,07522109,0,6373253,-0,4132376,-0,5803714,-0,01078912,-0,5981194,0,04403593,-1,552231,-0,42361,-0,5159731,0,2525181,0,3918366,0,0004202129,0,7914852,0,0,0,0,0,0,0,0,0,0,0,0,0,0,0,0,0,0,0,0,0,0,0,0,0,0,0,0,0,0
333,-0,5015473,-0,4973106,0,1594163,-0,3704385,0,3675969,0,8834954,-0,5025437,-0,5034364,0,09312566,-0,02584756,0,1522303,0,8722759,-0,5166845,-0,5500596,0,09689843,-0,05958381,0,1656354,0,956779,-0,5194725,-0,5422531,0,1652562,-0,3723206,0,3759505,0,9392429,-0,4740854,-0,5652504,0,04465323,-0,3167779,0,09152297,0,7492078,-0,4540263,-0,5094929,0,2039727,0,1797751,0,1431883,0,3756316,-0,4676485,-0,5561479,0,2078634,0,2870844,0,09781126,0,2738693,-0,4581433,-0,5192142,0,04588871,-0,3742845,0,1251013,0,5121943,-0,4221592,-0,580166,0,001518599,-0,4460813,0,01026988,0,6153863,-0,4250257,-0,5121847,0,2628231,-0,07078502,0,1894207,0,5152496,0,0,0,0,0,0,0,0,0,0,0,0,0,0,0,0,0,0,0,0,0,0,0,0,0,0,0,0,0,0
334,-0,5046692,-0,4933479,0,1637917,-0,1560957,0,1981349,0,2187693,-0,5056654,-0,500492,0,09760085,-0,1560838,0,1472176,0,2237597,-0,520026,-0,5470272,0,1021301,-0,1670749,0,1516224,0,2615833,-0,524544,-0,5374399,0,1701953,-0,2535731,0,2406598,0,2469563,-0,4656017,-0,5654036,0,06356198,0,4241871,-0,00766218,0,9454383,-0,458623,-0,5064764,0,2095358,-0,2298341,0,1508266,0,2781564,-0,4747268,-0,5521381,0,2148895,-0,3539117,0,2004863,0,3513047,-0,4581494,-0,5181795,0,05414461,-0,0003039838,0,05173685,0,4127951,-0,4205269,-0,5807452,0,01337477,0,08161518,-0,02895893,0,5928088,-0,4215123,-0,5123057,0,2634052,0,1756714,-0,006049874,0,02910645,0,0,0,0,0,0,0,0,0,0,0,0,0,0,0,0,0,0,0,0,0,0,0,0,0,0,0,0,0,0
335,-0,4673839,-0,5103595,0,1498744,1,864264,-0,8505795,-0,6958614,-0,4860942,-0,508936,0,08602661,0,9785611,-0,4222007,-0,5787122,-0,5023379,-0,5548456,0,08887337,0,8844051,-0,3909232,-0,6628363,-0,4841032,-0,5558134,0,155269,2,022039,-0,9186748,-0,7463167,-0,488887,-0,5619369,0,0215421,-1,164265,0,1733393,-2,100995,-0,4531507,-0,5068627,0,2144374,0,2736123,-0,01931489,0,245081,-0,4718717,-0,55114,0,2225201,0,1427547,0,04990997,0,381531,-0,4735898,-0,5156187,0,02082797,-0,772022,0,1280398,-1,665832,-0,4374386,-0,5779674,-0,02170439,-0,8455831,0,1388908,-1,753959,-0,4166071,-0,5115174,0,2688151,0,2452583,0,03941359,0,270492,0,0,0,0,0,0,0,0,0,0,0,0,0,0,0,0,0,0,0,0,0,0,0,0,0,0,0,0,0,0
336,-0,4395059,-0,5242566,0,1324341,1,393903,-0,6948534,-0,8720148,-0,4591182,-0,52211,0,06887923,1,348801,-0,6587001,-0,8573692,-0,4761332,-0,5677135,0,07165673,1,310236,-0,6433936,-0,8608322,-0,4544276,-0,5704218,0,1369789,1,483782,-0,7304195,-0,914507,-0,493488,-0,5633877,0,004969771,-0,2300502,-0,07254186,-0,8286166,-0,4225155,-0,5223238,0,196429,1,531764,-0,7730547,-0,9004194,-0,4364176,-0,5685953,0,2030209,1,772705,-0,8727703,-0,974961,-0,4774923,-0,5172549,0,004926275,-0,1951248,-0,08181337,-0,7950851,-0,4531518,-0,575672,-0,04978389,-0,785661,0,1147718,-1,403975,-0,4150475,-0,5146397,0,2613223,0,07798228,-0,1561136,-0,3746362,0,0,0,0,0,0,0,0,0,0,0,0,0,0,0,0,0,0,0,0,0,0,0,0,0,0,0,0,0,0
337,-0,4077408,-0,5317614,0,1038141,1,588253,-0,3752412,-1,431004,-0,430134,-0,5281413,0,04125573,1,449208,-0,3015609,-1,381176,-0,4442723,-0,5747744,0,04261087,1,593042,-0,3530444,-1,452294,-0,4209293,-0,578602,0,1072895,1,674915,-0,4090132,-1,484471,-0,4916406,-0,5599622,-0,005396214,0,09236638,0,171277,-0,5182994,-0,4022804,-0,527555,0,1696881,1,011753,-0,2615602,-1,337048,-0,4213457,-0,5720807,0,1755272,0,7535967,-0,1742662,-1,374688,-0,4754449,-0,5139655,-0,005632476,0,102371,0,1644701,-0,5279378,-0,4683223,-0,5668344,-0,07002632,-0,7585275,0,4418792,-1,012122,-0,3999822,-0,5191522,0,2347629,0,7532629,-0,2256245,-1,327971,0,0,0,0,0,0,0,0,0,0,0,0,0,0,0,0,0,0,0,0,0,0,0,0,0,0,0,0,0,0
338,-0,3625659,-0,5375919,0,0540952,2,258746,-0,2915235,-2,485945,-0,3885724,-0,5302181,-0,006717117,2,078081,-0,1038433,-2,398643,-0,3999616,-0,5776016,-0,008551987,2,215538,-0,1413614,-2,558144,-0,3735372,-0,5850887,0,05459247,2,369606,-0,3243328,-2,634851,-0,4598869,-0,560223,-0,03813342,1,587685,-0,01304448,-1,636861,-0,3645745,-0,5354177,0,1202241,1,885297,-0,3931345,-2,4732,-0,3772908,-0,582368,0,1229433,2,202744,-0,5143674,-2,629195,-0,4455009,-0,5136425,-0,03737742,1,497201,0,01615286,-1,587248,-0,4818461,-0,5507798,-0,1029164,-0,6761866,0,8027288,-1,644503,-0,351617,-0,5343016,0,1846003,2,41826,-0,757474,-2,508132,0,0,0,0,0,0,0,0,0,0,0,0,0,0,0,0,0,0,0,0,0,0,0,0,0,0,0,0,0,0
339,-0,3246604,-0,5473008,0,01288812,1,895279,-0,4854472,-2,060355,-0,3795514,-0,5347937,-0,02233509,0,4510494,-0,2287776,-0,7808989,-0,3868186,-0,5826033,-0,02965459,0,6571504,-0,2500833,-1,055131,-0,3326155,-0,5955029,0,0108268,2,046088,-0,5207123,-2,188284,-0,4047666,-0,5678686,-0,09478017,2,756016,-0,3822775,-2,832338,-0,3057513,-0,5524402,0,07617855,2,941163,-0,8511279,-2,202278,-0,3104792,-0,6008736,0,07547425,3,34058,-0,925279,-2,373452,-0,401732,-0,5205308,-0,08344945,2,188448,-0,3444166,-2,303602,-0,4681889,-0,5556734,-0,1196626,0,6828594,-0,2446801,-0,8373145,-0,2996008,-0,5531164,0,1416097,2,600811,-0,9407405,-2,149531,0,0,0,0,0,0,0,0,0,0,0,0,0,0,0,0,0,0,0,0,0,0,0,0,0,0,0,0,0,0
340,-0,3497476,-0,5416591,0,05921215,-1,254361,0,2820851,2,316202,-0,3907061,-0,5326537,0,007512112,-0,5577313,0,1069963,1,492361,-0,4092343,-0,5773614,0,01319332,-1,120787,0,2620936,2,142397,-0,3636304,-0,5881426,0,06375989,-1,550748,0,3680141,2,646656,-0,4440348,-0,5681919,-0,0458363,-1,963409,-0,01616479,2,447195,-0,2942787,-0,553836,0,09347331,0,5736309,-0,06978813,0,8647382,-0,3069986,-0,6004165,0,1001609,0,1740322,0,02285541,1,234333,-0,4293269,-0,5215564,-0,04575485,-1,379745,-0,05128087,1,884731,-0,4261213,-0,5719188,-0,1125366,2,10338,-0,8122715,0,3563033,-0,232098,-0,5678409,0,1100697,3,375142,-0,7362249,-1,577001,0,0,0,0,0,0,0,0,0,0,0,0,0,0,0,0,0,0,0,0,0,0,0,0,0,0,0,0,0,0
341,-0,3260694,-0,5503976,0,07273233,1,183908,-0,4369231,0,6760091,-0,363211,-0,5455812,0,01765993,1,374755,-0,6463709,0,5073912,-0,3735365,-0,5932409,0,01947081,1,78489,-0,7939729,0,3138742,-0,3367399,-0,5977175,0,07746828,1,344525,-0,4787447,0,6854194,-0,4008812,-0,588038,-0,04370823,2,15768,-0,9923075,0,1064035,-0,2639313,-0,5614098,0,09293296,1,517368,-0,3786893,-0,02701731,-0,2710043,-0,6097712,0,09237313,1,799715,-0,4677357,-0,3893884,-0,3915592,-0,5402306,-0,04262745,1,888382,-0,9337101,0,1563697,-0,3821047,-0,5886377,-0,110219,2,200829,-0,8359406,0,1158797,-0,1988632,-0,5703254,0,09248066,1,661743,-0,1242251,-0,8794531,0,0,0,0,0,0,0,0,0,0,0,0,0,0,0,0,0,0,0,0,0,0,0,0,0,0,0,0,0,0
