frame,x0,y0,z0,vx0,vy0,vz0,sdf0,nx0,ny0,nz0,md0,u0,v0,x1,y1,z1,vx1,vy1,vz1,sdf1,nx1,ny1,nz1,md1,u1,v1,x2,y2,z2,vx2,vy2,vz2,sdf2,nx2,ny2,nz2,md2,u2,v2,x3,y3,z3,vx3,vy3,vz3,sdf3,nx3,ny3,nz3,md3,u3,v3,x4,y4,z4,vx4,vy4,vz4,sdf4,nx4,ny4,nz4,md4,u4,v4,x5,y5,z5,vx5,vy5,vz5,sdf5,nx5,ny5,nz5,md5,u5,v5,x6,y6,z6,vx6,vy6,vz6,sdf6,nx6,ny6,nz6,md6,u6,v6,x7,y7,z7,vx7,vy7,vz7,sdf7,nx7,ny7,nz7,md7,u7,v7,x8,y8,z8,vx8,vy8,vz8,sdf8,nx8,ny8,nz8,md8,u8,v8,x9,y9,z9,vx9,vy9,vz9,sdf9,nx9,ny9,nz9,md9,u9,v9,x10,y10,z10,vx10,vy10,vz10,sdf10,nx10,ny10,nz10,md10,u10,v10,x11,y11,z11,vx11,vy11,vz11,sdf11,nx11,ny11,nz11,md11,u11,v11,x12,y12,z12,vx12,vy12,vz12,sdf12,nx12,ny12,nz12,md12,u12,v12,x13,y13,z13,vx13,vy13,vz13,sdf13,nx13,ny13,nz13,md13,u13,v13,x14,y14,z14,vx14,vy14,vz14,sdf14,nx14,ny14,nz14,md14,u14,v14,x15,y15,z15,vx15,vy15,vz15,sdf15,nx15,ny15,nz15,md15,u15,v15,x16,y16,z16,vx16,vy16,vz16,sdf16,nx16,ny16,nz16,md16,u16,v16,x17,y17,z17,vx17,vy17,vz17,sdf17,nx17,ny17,nz17,md17,u17,v17,x18,y18,z18,vx18,vy18,vz18,sdf18,nx18,ny18,nz18,md18,u18,v18,x19,y19,z19,vx19,vy19,vz19,sdf19,nx19,ny19,nz19,md19,u19,v19,x20,y20,z20,vx20,vy20,vz20,sdf20,nx20,ny20,nz20,md20,u20,v20,x21,y21,z21,vx21,vy21,vz21,sdf21,nx21,ny21,nz21,md21,u21,v21,x22,y22,z22,vx22,vy22,vz22,sdf22,nx22,ny22,nz22,md22,u22,v22,x23,y23,z23,vx23,vy23,vz23,sdf23,nx23,ny23,nz23,md23,u23,v23,x24,y24,z24,vx24,vy24,vz24,sdf24,nx24,ny24,nz24,md24,u24,v24,x25,y25,z25,vx25,vy25,vz25,sdf25,nx25,ny25,nz25,md25,u25,v25,x26,y26,z26,vx26,vy26,vz26,sdf26,nx26,ny26,nz26,md26,u26,v26,x27,y27,z27,vx27,vy27,vz27,sdf27,nx27,ny27,nz27,md27,u27,v27,x28,y28,z28,vx28,vy28,vz28,sdf28,nx28,ny28,nz28,md28,u28,v28,x29,y29,z29,vx29,vy29,vz29,sdf29,nx29,ny29,nz29,md29,u29,v29,x30,y30,z30,vx30,vy30,vz30,sdf30,nx30,ny30,nz30,md30,u30,v30,x31,y31,z31,vx31,vy31,vz31,sdf31,nx31,ny31,nz31,md31,u31,v31
0,-7.751172E-09,0.6666666,0.65,0,0,0,-0.2485366,0,0,0,1,0,0,-0.4596195,0.6666666,0.4596193,0,0,0,-0.1370007,0,0,0,1,0,0,-0.4949749,0,0.4949745,0,0,0,-0.0411585,0,0,0,1,0,0,-8.347416E-09,0,0.6999999,0,0,0,-0.1392078,0,0,0,1,0,0,-0.6999999,0,0,0,0,0,0.136265,0,0,0,1,0,0,0.4596193,0.6666666,0.4596195,0,0,0,-0.1498529,0,0,0,1,0,0,0.4949746,0,0.4949748,0,0,0,-0.05278021,0,0,0,1,0,0,-0.65,0.6666666,0,0,0,0,0.05441719,0,0,0,1,0,0,-0.4949747,0,-0.4949747,0,0,0,-0.04375637,0,0,0,1,0,0,0.65,0.6666666,5.68248E-08,0,0,0,0.041233,0,0,0,1,0,0,0.6999999,0,6.119594E-08,0,0,0,0.1257338,0,0,0,1,0,0,-0.4596194,0.6666666,-0.4596194,0,0,0,-0.1334468,0,0,0,1,0,0,3.059797E-08,0,-0.6999999,0,0,0,-0.1282568,0,0,0,1,0,0,0.4596194,0.6666666,-0.4596194,0,0,0,-0.1136039,0,0,0,1,0,0,0.4949747,0,-0.4949747,0,0,0,-0.02558345,0,0,0,1,0,0,2.84124E-08,0.6666666,-0.65,0,0,0,-0.2285606,0,0,0,1,0,0,0.424264,1.333333,0.4242641,0,0,0,-0.05023819,0,0,0,1,0,0,-7.154928E-09,1.333333,0.6,0,0,0,-0.123089,0,0,0,1,0,0,-0.4242642,1.333333,0.4242639,0,0,0,-0.04030472,0,0,0,1,0,0,0.6,1.333333,5.245366E-08,0,0,0,0.1048499,0,0,0,1,0,0,-0.6,1.333333,0,0,0,0,0.1115263,0,0,0,1,0,0,-0.424264,1.333333,-0.424264,0,0,0,-0.04591489,0,0,0,1,0,0,2.622683E-08,1.333333,-0.6,0,0,0,-0.1177939,0,0,0,1,0,0,0.424264,1.333333,-0.424264,0,0,0,-0.03024817,0,0,0,1,0,0,0.3889087,2,0.3889088,0,0,0,0.05000001,0,0,0,0,0,0,0.55,2,4.808253E-08,0,0,0,0.05000001,0,0,0,0,0,0,-6.558685E-09,2,0.55,0,0,0,0.05000001,0,0,0,0,0,0,0.3889087,2,-0.3889087,0,0,0,0.04999995,0,0,0,0,0,0,-0.3889089,2,0.3889086,0,0,0,0.05000001,0,0,0,0,0,0,2.404126E-08,2,-0.55,0,0,0,0.05000001,0,0,0,0,0,0,-0.3889087,2,-0.3889087,0,0,0,0.04999995,0,0,0,0,0,0,-0.55,2,0,0,0,0,0.05000001,0,0,0,0,0,0
1,-7.751172E-09,0.6666666,0.65,0,0,0,-0.2483463,0,0,0,1,0,0,-0.4596195,0.6666666,0.4596193,0,0,0,-0.130488,0,0,0,1,0,0,-0.4949749,0,0.4949745,0,0,0,-0.03145295,0,0,0,1,0,0,-8.347416E-09,0,0.6999999,0,0,0,-0.1388505,0,0,0,1,0,0,-0.6999999,0,0,0,0,0,0.1256627,0,0,0,1,0,0,0.4596193,0.6666666,0.4596195,0,0,0,-0.1563595,0,0,0,1,0,0,0.4949746,0,0.4949748,0,0,0,-0.06221753,0,0,0,1,0,0,-0.65,0.6666666,0,0,0,0,0.05085111,0,0,0,1,0,0,-0.4949747,0,-0.4949747,0,0,0,-0.05345392,0,0,0,1,0,0,0.65,0.6666666,5.68248E-08,0,0,0,0.03453547,0,0,0,1,0,0,0.6999999,0,6.119594E-08,0,0,0,0.1153789,0,0,0,1,0,0,-0.4596194,0.6666666,-0.4596194,0,0,0,-0.1399434,0,0,0,1,0,0,3.059797E-08,0,-0.6999999,0,0,0,-0.1277817,0,0,0,1,0,0,0.4596194,0.6666666,-0.4596194,0,0,0,-0.1070824,0,0,0,1,0,0,0.4949747,0,-0.4949747,0,0,0,-0.01555067,0,0,0,1,0,0,2.84124E-08,0.6666666,-0.65,0,0,0,-0.2283017,0,0,0,1,0,0,0.424264,1.333333,0.4242641,0,0,0,-0.05327672,0,0,0,1,0,0,-7.154928E-09,1.333333,0.6,0,0,0,-0.1230859,0,0,0,1,0,0,-0.4242642,1.333333,0.4242639,0,0,0,-0.03732532,0,0,0,1,0,0,0.6,1.333333,5.245366E-08,0,0,0,0.1014373,0,0,0,1,0,0,-0.6,1.333333,0,0,0,0,0.1082231,0,0,0,1,0,0,-0.424264,1.333333,-0.424264,0,0,0,-0.04888135,0,0,0,1,0,0,2.622683E-08,1.333333,-0.6,0,0,0,-0.1177894,0,0,0,1,0,0,0.424264,1.333333,-0.424264,0,0,0,-0.02736604,0,0,0,1,0,0,0.3889087,2,0.3889088,0,0,0,0.05000001,0,0,0,0,0,0,0.55,2,4.808253E-08,0,0,0,0.05000001,0,0,0,0,0,0,-6.558685E-09,2,0.55,0,0,0,0.05000001,0,0,0,0,0,0,0.3889087,2,-0.3889087,0,0,0,0.04999995,0,0,0,0,0,0,-0.3889089,2,0.3889086,0,0,0,0.05000001,0,0,0,0,0,0,2.404126E-08,2,-0.55,0,0,0,0.05000001,0,0,0,0,0,0,-0.3889087,2,-0.3889087,0,0,0,0.04999995,0,0,0,0,0,0,-0.55,2,0,0,0,0,0.05000001,0,0,0,0,0,0
2,3.577986E-05,0.6666021,0.6500232,0.001789381,-0.003224612,0.001159311,-0.2480069,0,0,0,1,0,0,-0.4596725,0.6667544,0.4598008,-0.002646447,0.004389884,0.009076301,-0.1238866,0,0,0,1,0,0,-0.4950724,-2.251427E-05,0.494905,-0.004875662,-0.001125714,-0.003476442,-0.02157372,0,0,0,1,0,0,3.057157E-05,9.98968E-05,0.6999696,0.001528996,0.004994842,-0.001516939,-0.1382461,0,0,0,1,0,0,-0.699946,0.0001556819,6.611347E-05,0.002694131,0.007784098,0.003305675,0.1150649,0,0,0,1,0,0,0.45958,0.6666696,0.4598647,-0.001965464,0.0001490117,0.01226068,-0.1628214,0,0,0,1,0,0,0.4949931,0.0001126414,0.4949187,0.0009223822,0.005632072,-0.00280291,-0.07157773,0,0,0,1,0,0,-0.6499663,0.6667062,9.089743E-05,0.001683832,0.001978875,0.004544873,0.04410714,0,0,0,1,0,0,-0.4950167,-5.550879E-05,-0.4951924,-0.002101065,-0.002775441,-0.01088381,-0.06286943,0,0,0,1,0,0,0.650047,0.6668241,0.0001186249,0.002351404,0.007873776,0.005928407,0.0277856,0,0,0,1,0,0,0.7001488,0.0001537776,-7.386615E-05,0.007441643,0.007688883,-0.003696369,0.1052102,0,0,0,1,0,0,-0.4597761,0.6667256,-0.4596869,-0.007836523,0.002947451,-0.003378095,-0.1462935,0,0,0,1,0,0,3.801388E-05,1.918259E-05,-0.7000663,0.001899165,0.0009591297,-0.00331998,-0.1269193,0,0,0,1,0,0,0.4596727,0.6667411,-0.4599397,0.002665819,0.003722311,-0.01601726,-0.1004174,0,0,0,1,0,0,0.4952172,-6.883863E-05,-0.4949935,0.01212657,-0.003441933,-0.0009402636,-0.005174875,0,0,0,1,0,0,-6.115546E-05,0.6667854,-0.6499306,-0.003059195,0.005936625,0.003468992,-0.2279884,0,0,0,1,0,0,0.4241783,1.333437,0.4241111,-0.004285576,0.005203487,-0.007651749,-0.056364,0,0,0,1,0,0,-7.115214E-05,1.333358,0.5997814,-0.003557251,0.001257658,-0.0109315,-0.123206,0,0,0,1,0,0,-0.4239798,1.333365,0.4240471,0.01422316,0.001591445,-0.0108406,-0.03460491,0,0,0,1,0,0,0.5996565,1.333413,-0.0001054302,-0.01717807,0.003969671,-0.005274134,0.09781927,0,0,0,1,0,0,-0.5998719,1.333412,-0.0001560302,0.006404521,0.003921987,-0.007801512,0.1047925,0,0,0,1,0,0,-0.4241988,1.333315,-0.4240743,0.003263356,-0.0009298328,0.009486083,-0.05197573,0,0,0,1,0,0,-4.060541E-05,1.333406,-0.5998396,-0.002031582,0.003647806,0.008022788,-0.1178419,0,0,0,1,0,0,0.4241215,1.333338,-0.4240318,-0.007127228,0.0002622606,0.01161099,-0.02466595,0,0,0,1,0,0,0.3889087,2,0.3889088,0,0,0,0.05000001,0,0,0,0,0,0,0.55,2,4.808253E-08,0,0,0,0.05000001,0,0,0,0,0,0,-6.558685E-09,2,0.55,0,0,0,0.05000001,0,0,0,0,0,0,0.3889087,2,-0.3889087,0,0,0,0.04999995,0,0,0,0,0,0,-0.3889089,2,0.3889086,0,0,0,0.05000001,0,0,0,0,0,0,2.404126E-08,2,-0.55,0,0,0,0.05000001,0,0,0,0,0,0,-0.3889087,2,-0.3889087,0,0,0,0.04999995,0,0,0,0,0,0,-0.55,2,0,0,0,0,0.05000001,0,0,0,0,0,0
3,5.258173E-05,0.6667508,0.6504261,0.0008400939,0.007435682,0.02014936,-0.2466674,0,0,0,1,0,0,-0.4597326,0.6668003,0.4597079,-0.003008546,0.0022918,-0.004643204,-0.1117856,0,0,0,1,0,0,-0.4949798,0.0002858574,0.4950415,0.004629793,0.01541859,0.006823245,-0.002996922,0,0,0,1,0,0,2.206511E-05,0.0001740462,0.6999407,-0.0004253229,0.003707469,-0.001445413,-0.1361642,0,0,0,1,0,0,-0.6998033,0.0001004367,0.0001002997,0.007137659,-0.002762261,0.001709313,0.09541583,0,0,0,1,0,0,0.4596223,0.6667046,0.4598498,0.002114476,0.001749397,-0.0007420781,-0.1751194,0,0,0,1,0,0,0.4947673,3.139004E-05,0.4948056,-0.01128614,-0.004062569,-0.005654993,-0.08886701,0,0,0,1,0,0,-0.6500972,0.6667257,-0.000235752,-0.006544593,0.0009745363,-0.01633248,0.03128803,0,0,0,1,0,0,-0.4950892,0.000130366,-0.4949855,-0.003623964,0.009293741,0.01034439,-0.08055919,0,0,0,1,0,0,0.6504949,0.6668297,-0.0001389648,0.02239645,0.0002801419,-0.01287949,0.01546943,0,0,0,1,0,0,0.7002199,0.0002205342,0.000153412,0.003555418,0.003337829,0.01136391,0.0860936,0,0,0,1,0,0,-0.45965,0.6666517,-0.4597007,0.006304684,-0.003692509,-0.0006884339,-0.1587144,0,0,0,1,0,0,0.0001626154,0.0002613031,-0.7001699,0.006230078,0.01210603,-0.005179645,-0.1245032,0,0,0,1,0,0,0.4597432,0.6667508,-0.4598593,0.003525616,0.0004887583,0.004021825,-0.08828664,0,0,0,1,0,0,0.495004,0.0001115624,-0.4948326,-0.01066179,0.009020054,0.00804663,0.01382715,0,0,0,1,0,0,-4.939424E-05,0.6667027,-0.6499884,0.0005880613,-0.004133584,-0.002890826,-0.2268625,0,0,0,1,0,0,0.424118,1.333194,0.4241113,-0.003014506,-0.01215935,1.192093E-05,-0.06233561,0,0,0,1,0,0,-9.749054E-05,1.333528,0.6000186,-0.001316921,0.008463863,0.01186133,-0.1229075,0,0,0,1,0,0,-0.4241799,1.333312,0.4241982,-0.01000911,-0.002646447,0.007553401,-0.02892119,0,0,0,1,0,0,0.5997078,1.33349,4.843686E-06,0.002568961,0.003862383,0.005513696,0.09139282,0,0,0,1,0,0,-0.6000012,1.333451,-0.0001525187,-0.006464126,0.001984835,0.0001755718,0.09865457,0,0,0,1,0,0,-0.4240433,1.333441,-0.4241972,0.007775429,0.006324055,-0.006145241,-0.05759507,0,0,0,1,0,0,0.0001119642,1.333192,-0.5996249,0.007628482,-0.01071096,0.01073182,-0.1181226,0,0,0,1,0,0,0.4241786,1.333428,-0.4238921,0.002853574,0.004482271,0.006988647,-0.0192588,0,0,0,1,0,0,0.3889087,2,0.3889088,0,0,0,0.05000001,0,0,0,0,0,0,0.55,2,4.808253E-08,0,0,0,0.05000001,0,0,0,0,0,0,-6.558685E-09,2,0.55,0,0,0,0.05000001,0,0,0,0,0,0,0.3889087,2,-0.3889087,0,0,0,0.04999995,0,0,0,0,0,0,-0.3889089,2,0.3889086,0,0,0,0.05000001,0,0,0,0,0,0,2.404126E-08,2,-0.55,0,0,0,0.05000001,0,0,0,0,0,0,-0.3889087,2,-0.3889087,0,0,0,0.04999995,0,0,0,0,0,0,-0.55,2,0,0,0,0,0.05000001,0,0,0,0,0,0
4,-0.0001057011,0.666721,0.6504679,-0.007914144,-0.001490117,0.002086163,-0.2459994,0,0,0,1,0,0,-0.4596078,0.6668375,0.4596689,0.006242099,0.001862646,-0.001950563,-0.1061457,0,0,0,1,0,0,-0.4946129,9.213603E-05,0.4950198,0.01834185,-0.009686074,-0.001083315,0.005882204,0,0,0,1,0,0,-0.0002104455,0.0001219211,0.6995876,-0.01162554,-0.002606253,-0.01765192,-0.1349907,0,0,0,1,0,0,-0.6996772,7.712465E-05,5.399944E-06,0.006303194,-0.001165603,-0.004744991,0.08598089,0,0,0,1,0,0,0.4598843,0.6667674,0.4599024,0.01309962,0.003141166,0.002628566,-0.1808195,0,0,0,1,0,0,0.4945397,-1.822984E-05,0.4947917,-0.011383,-0.002480995,-0.0006929043,-0.09706438,0,0,0,1,0,0,-0.6502379,0.6666998,0.0001247996,-0.007036331,-0.001293421,0.01802759,0.02531987,0,0,0,1,0,0,-0.4949998,2.999447E-05,-0.4948969,0.00447035,-0.005018577,0.004431607,-0.08890116,0,0,0,1,0,0,0.6503667,0.6668125,-3.125418E-05,-0.006410482,-0.0008612875,0.005385535,0.009070456,0,0,0,1,0,0,0.6999941,3.633788E-05,0.0001930959,-0.01128912,-0.009209817,0.001984197,0.07687068,0,0,0,1,0,0,-0.4593709,0.6668373,-0.4595966,0.01395792,0.009280447,0.005204977,-0.1649527,0,0,0,1,0,0,1.032427E-05,0.0002025622,-0.6998877,-0.007614559,-0.002937048,0.01411141,-0.1231724,0,0,0,1,0,0,0.4598033,0.6666355,-0.4597969,0.003005565,-0.005766752,0.003120304,-0.08247167,0,0,0,1,0,0,0.4951554,0.0001461788,-0.4948539,0.007569793,0.001730823,-0.001065433,0.02336061,0,0,0,1,0,0,8.859729E-05,0.6666777,-0.6498656,0.006899579,-0.001248718,0.006142261,-0.2262969,0,0,0,1,0,0,0.4243231,1.333475,0.4242732,0.01025498,0.01404882,0.008091333,-0.0647527,0,0,0,1,0,0,2.848806E-05,1.333399,0.6001365,0.006298932,-0.006443264,0.005894902,-0.1229233,0,0,0,1,0,0,-0.424262,1.33342,0.4241084,-0.004105271,0.005406144,-0.004488232,-0.02617484,0,0,0,1,0,0,0.599523,1.333354,6.612422E-06,-0.009241704,-0.006800893,8.84368E-05,0.08804595,0,0,0,1,0,0,-0.5999931,1.333349,3.199765E-05,0.000408292,-0.005143883,0.009225823,0.09563029,0,0,0,1,0,0,-0.4241972,1.333539,-0.4241529,-0.007697943,0.004887583,0.002218784,-0.06016296,0,0,0,1,0,0,0.0001201943,1.333247,-0.5997402,0.0004115083,0.002759696,-0.005763771,-0.1179934,0,0,0,1,0,0,0.4244401,1.333529,-0.4241522,0.01307428,0.005030634,-0.01300574,-0.01637238,0,0,0,1,0,0,0.3889087,2,0.3889088,0,0,0,0.05000001,0,0,0,0,0,0,0.55,2,4.808253E-08,0,0,0,0.05000001,0,0,0,0,0,0,-6.558685E-09,2,0.55,0,0,0,0.05000001,0,0,0,0,0,0,0.3889087,2,-0.3889087,0,0,0,0.04999995,0,0,0,0,0,0,-0.3889089,2,0.3889086,0,0,0,0.05000001,0,0,0,0,0,0,2.404126E-08,2,-0.55,0,0,0,0.05000001,0,0,0,0,0,0,-0.3889087,2,-0.3889087,0,0,0,0.04999995,0,0,0,0,0,0,-0.55,2,0,0,0,0,0.05000001,0,0,0,0,0,0
5,0.000101999,0.6667239,0.6504826,0.01038501,0.0001430512,0.0007361177,-0.2450543,0,0,0,1,0,0,-0.4598526,0.6668157,0.4598707,-0.01224131,-0.001090765,0.01009107,-0.09833509,0,0,0,1,0,0,-0.4945846,-0.0001112035,0.4947434,0.001414121,-0.01016698,-0.01381934,0.01788139,0,0,0,1,0,0,3.340575E-05,0.0001081973,0.6996712,0.01219257,-0.0006861925,0.004178287,-0.132682,0,0,0,1,0,0,-0.6997761,7.181585E-05,1.201661E-05,-0.004944207,-0.0002654401,0.0003308332,0.07402289,0,0,0,1,0,0,0.4599147,0.6667547,0.4599101,0.001521409,-0.0006377699,0.0003844501,-0.1886113,0,0,0,1,0,0,0.4946137,-0.0002030225,0.4946585,0.00369996,-0.009239636,-0.006663802,-0.1072934,0,0,0,1,0,0,-0.6501921,0.6667085,0.0001426092,0.0022918,0.0004351141,0.0008904794,0.01706642,0,0,0,1,0,0,-0.4949084,6.760668E-05,-0.4948169,0.004568698,0.001880611,0.003999473,-0.09964508,0,0,0,1,0,0,0.6502064,0.6669061,-2.634497E-05,-0.008013847,0.004678966,0.0002454606,0.0007004738,0,0,0,1,0,0,0.699848,-3.842594E-05,0.0001707837,-0.007304552,-0.003738193,-0.001115611,0.06502563,0,0,0,1,0,0,-0.4595807,0.666721,-0.4596004,-0.01049042,-0.005814435,-0.0001892448,-0.1725772,0,0,0,1,0,0,0.0002066021,0.0001178333,-0.6995438,0.009813897,-0.004236442,0.01719595,-0.1209493,0,0,0,1,0,0,0.459821,0.6668562,-0.4597424,0.0008821491,0.01103282,0.002725424,-0.07497185,0,0,0,1,0,0,0.4953251,0.0003094548,-0.4950724,0.008486215,0.008163801,-0.01092405,0.03594643,0,0,0,1,0,0,6.975034E-05,0.6667533,-0.6500755,-0.0009423479,0.003778936,-0.01049638,-0.2250552,0,0,0,1,0,0,0.4240057,1.333255,0.4241394,-0.01586825,-0.01098514,-0.006687644,-0.06882554,0,0,0,1,0,0,-5.061116E-05,1.333468,0.5998814,-0.003954962,0.003463031,-0.0127554,-0.1230253,0,0,0,1,0,0,-0.4239899,1.333432,0.424196,0.01360924,0.0005722048,0.004380943,-0.0229001,0,0,0,1,0,0,0.5996712,1.333322,3.72735E-05,0.00740886,-0.001585484,0.001533055,0.08402121,0,0,0,1,0,0,-0.5999403,1.33339,-7.978434E-05,0.002637506,0.0020504,-0.005589101,0.0915935,0,0,0,1,0,0,-0.4240841,1.333462,-0.4239996,0.005654993,-0.003856422,0.00766218,-0.06391966,0,0,0,1,0,0,6.826419E-05,1.333292,-0.5999146,-0.002596509,0.002264977,-0.008720163,-0.1178302,0,0,0,1,0,0,0.4241138,1.333461,-0.4241759,-0.01631231,-0.003379585,-0.001184643,-0.01332074,0,0,0,1,0,0,0.3889087,2,0.3889088,0,0,0,0.05000001,0,0,0,0,0,0,0.55,2,4.808253E-08,0,0,0,0.05000001,0,0,0,0,0,0,-6.558685E-09,2,0.55,0,0,0,0.05000001,0,0,0,0,0,0,0.3889087,2,-0.3889087,0,0,0,0.04999995,0,0,0,0,0,0,-0.3889089,2,0.3889086,0,0,0,0.05000001,0,0,0,0,0,0,2.404126E-08,2,-0.55,0,0,0,0.05000001,0,0,0,0,0,0,-0.3889087,2,-0.3889087,0,0,0,0.04999995,0,0,0,0,0,0,-0.55,2,0,0,0,0,0.05000001,0,0,0,0,0,0
6,-0.000137202,0.6666028,0.650243,-0.01196005,-0.006052854,-0.01197756,-0.2443083,0,0,0,1,0,0,-0.4599066,0.666696,0.4601072,-0.002698601,-0.005984309,0.01182259,-0.09183097,0,0,0,1,0,0,-0.4947591,3.956527E-05,0.4945923,-0.008720163,0.007538443,-0.007556382,0.02828968,0,0,0,1,0,0,-3.237081E-06,-0.000204398,0.6995155,-0.001832142,-0.01562977,-0.00778437,-0.1303967,0,0,0,1,0,0,-0.6997168,-4.824136E-05,0.000124959,0.002965332,-0.006002863,0.005647121,0.06388873,0,0,0,1,0,0,0.4596969,0.6668497,0.4598412,-0.01088828,0.004753472,-0.00344515,-0.1955152,0,0,0,1,0,0,0.4946699,8.655929E-05,0.4947225,0.00281185,0.01447909,0.003202261,-0.1159495,0,0,0,1,0,0,-0.6503902,0.6668439,4.027311E-05,-0.009906296,0.00676811,-0.005116807,0.01015764,0,0,0,1,0,0,-0.4947451,-3.591131E-05,-0.4947841,0.008164349,-0.005175902,0.001639128,-0.1086031,0,0,0,1,0,0,0.6500846,0.666753,-0.0002292292,-0.006091597,-0.007653239,-0.01014421,-0.006407857,0,0,0,1,0,0,0.6996035,-2.909197E-06,-6.598537E-06,-0.01222492,0.001775838,-0.008869113,0.05495924,0,0,0,1,0,0,-0.4596847,0.6666917,-0.4596186,-0.005203487,-0.001466275,-0.0009089712,-0.179152,0,0,0,1,0,0,0.000275377,-8.225764E-05,-0.6992489,0.003438747,-0.01000455,0.01474619,-0.1186544,0,0,0,1,0,0,0.4600005,0.6668891,-0.4598045,0.008979443,0.001645089,-0.003106893,-0.06842095,0,0,0,1,0,0,0.4952365,0.0002827506,-0.4955231,-0.004431607,-0.001335209,-0.02253504,0.04670984,0,0,0,1,0,0,-8.918397E-05,0.6666326,-0.6502898,-0.007946718,-0.006034973,-0.01071394,-0.2238464,0,0,0,1,0,0,0.4240957,1.333378,0.4242584,0.004495682,0.006139281,0.005947056,-0.07178915,0,0,0,1,0,0,-0.0001330567,1.333299,0.5998679,-0.004122278,-0.008445982,-0.0006735328,-0.123142,0,0,0,1,0,0,-0.4240642,1.333459,0.4241757,-0.003719331,0.001341105,-0.001014769,-0.01991761,0,0,0,1,0,0,0.5999361,1.333462,7.331637E-05,0.01324714,0.006997588,0.001802144,0.08076811,0,0,0,1,0,0,-0.5997713,1.333447,-7.575566E-05,0.008448962,0.002855064,0.0002014342,0.08808827,0,0,0,1,0,0,-0.4241464,1.333337,-0.4240612,-0.003114344,-0.00625849,-0.003078581,-0.06700689,0,0,0,1,0,0,3.282561E-05,1.333443,-0.59975,-0.00177193,0.007510188,0.008231404,-0.1178235,0,0,0,1,0,0,0.423912,1.333387,-0.4241234,-0.01008958,-0.003683568,0.002624095,-0.0107094,0,0,0,1,0,0,0.3889087,2,0.3889088,0,0,0,0.05000001,0,0,0,0,0,0,0.55,2,4.808253E-08,0,0,0,0.05000001,0,0,0,0,0,0,-6.558685E-09,2,0.55,0,0,0,0.05000001,0,0,0,0,0,0,0.3889087,2,-0.3889087,0,0,0,0.04999995,0,0,0,0,0,0,-0.3889089,2,0.3889086,0,0,0,0.05000001,0,0,0,0,0,0,2.404126E-08,2,-0.55,0,0,0,0.05000001,0,0,0,0,0,0,-0.3889087,2,-0.3889087,0,0,0,0.04999995,0,0,0,0,0,0,-0.55,2,0,0,0,0,0.05000001,0,0,0,0,0,0
7,7.938831E-05,0.6666474,0.6502942,0.01082952,0.002229215,0.00256002,-0.2432202,0,0,0,1,0,0,-0.4598635,0.6667794,0.4596401,0.002151729,0.004169347,-0.02335311,-0.08576792,0,0,0,1,0,0,-0.4950042,0.0002876388,0.4947203,-0.0122577,0.01240368,0.006398561,0.03885263,0,0,0,1,0,0,-0.000395232,0.0001854811,0.6995246,-0.01959975,0.01949396,0.0004559757,-0.1279298,0,0,0,1,0,0,-0.6997364,9.465589E-05,-8.79275E-05,-0.0009804968,0.007144865,-0.01064433,0.05378181,0,0,0,1,0,0,0.4597177,0.6665658,0.4596717,0.001037121,-0.01419485,-0.008474294,-0.2022601,0,0,0,1,0,0,0.4947302,-4.918071E-05,0.4946542,0.003015996,-0.006787003,-0.003415348,-0.1242421,0,0,0,1,0,0,-0.6503518,0.6668519,8.329195E-06,0.001922251,0.0004023315,-0.001597196,0.003041565,0,0,0,1,0,0,-0.4944575,-4.317873E-05,-0.4943411,0.0143841,-0.0003633711,0.0221491,-0.1176558,0,0,0,1,0,0,0.6502921,0.6666258,-2.715803E-05,0.01037419,-0.006359818,0.01010356,-0.01338243,0,0,0,1,0,0,0.699356,-0.0001600332,4.420775E-06,-0.01237393,-0.007856204,0.0005509658,0.0450539,0,0,0,1,0,0,-0.4597009,0.6666511,-0.4597032,-0.0008106235,-0.002029539,-0.004233422,-0.185752,0,0,0,1,0,0,0.0001962772,-9.627858E-05,-0.6993461,-0.003954995,-0.0007010472,-0.004863741,-0.1158178,0,0,0,1,0,0,0.4601279,0.6668817,-0.4600216,0.006367269,-0.0003695489,-0.01085401,-0.06193274,0,0,0,1,0,0,0.4950595,0.0001661258,-0.4952566,-0.008846823,-0.005831243,0.01332313,0.05718005,0,0,0,1,0,0,6.058839E-05,0.6667604,-0.650215,0.007488621,0.00638962,0.003740193,-0.2227626,0,0,0,1,0,0,0.4242148,1.333443,0.424133,0.005955996,0.003224612,-0.006267431,-0.07484275,0,0,0,1,0,0,8.522757E-05,1.333439,0.5995609,0.01091422,0.006967786,-0.01535118,-0.1232459,0,0,0,1,0,0,-0.4238568,1.333421,0.4239638,0.01037419,-0.001865626,-0.01059473,-0.01726496,0,0,0,1,0,0,0.5999217,1.333408,0.0001347275,-0.0007212165,-0.002694131,0.003070557,0.07719249,0,0,0,1,0,0,-0.5997963,1.333147,-0.0001513758,-0.001248718,-0.01499653,-0.003781007,0.08452868,0,0,0,1,0,0,-0.424003,1.33318,-0.4241249,0.007168951,-0.007843974,-0.00318736,-0.07025152,0,0,0,1,0,0,0.0001445877,1.333436,-0.5998835,0.005588104,-0.0003337862,-0.006675723,-0.1177131,0,0,0,1,0,0,0.4242979,1.333513,-0.4240431,0.01929403,0.006270411,0.004011394,-0.007574975,0,0,0,1,0,0,0.3889087,2,0.3889088,0,0,0,0.05000001,0,0,0,0,0,0,0.55,2,4.808253E-08,0,0,0,0.05000001,0,0,0,0,0,0,-6.558685E-09,2,0.55,0,0,0,0.05000001,0,0,0,0,0,0,0.3889087,2,-0.3889087,0,0,0,0.04999995,0,0,0,0,0,0,-0.3889089,2,0.3889086,0,0,0,0.05000001,0,0,0,0,0,0,2.404126E-08,2,-0.55,0,0,0,0.05000001,0,0,0,0,0,0,-0.3889087,2,-0.3889087,0,0,0,0.04999995,0,0,0,0,0,0,-0.55,2,0,0,0,0,0.05000001,0,0,0,0,0,0
8,-0.0002603178,0.6668587,0.6503951,-0.01698531,0.01056195,0.005042555,-0.2422612,0,0,0,1,0,0,-0.4602206,0.6667101,0.4599054,-0.0178516,-0.003463031,0.01326502,-0.08103704,0,0,0,1,0,0,-0.4947345,8.331787E-05,0.4948886,0.01348705,-0.01021605,0.00841767,0.04593861,0,0,0,1,0,0,-0.0002333171,0.0001424814,0.6995146,0.008095747,-0.002149983,-0.0005006792,-0.1260064,0,0,0,1,0,0,-0.6995372,-0.0001193538,5.822448E-05,0.00996292,-0.01070049,0.007307602,0.04692334,0,0,0,1,0,0,0.4596829,0.6666821,0.4597258,-0.001737476,0.005811455,0.002706052,-0.2068451,0,0,0,1,0,0,0.4946488,0.0001694997,0.4947737,-0.004070999,0.01093403,0.005972388,-0.1299908,0,0,0,1,0,0,-0.6501585,0.6666274,-2.271598E-05,0.009664897,-0.01122654,-0.00155226,-0.002052128,0,0,0,1,0,0,-0.4943391,-5.97577E-05,-0.4947603,0.005918744,-0.0008289489,-0.02095849,-0.1233509,0,0,0,1,0,0,0.6502836,0.6667098,-9.29185E-05,-0.0004261734,0.004202129,-0.003288025,-0.01824969,0,0,0,1,0,0,0.6995316,3.447869E-05,-4.61161E-05,0.008776788,0.009725599,-0.002526845,0.03852338,0,0,0,1,0,0,-0.4596338,0.6665475,-0.4597331,0.003355743,-0.005179645,-0.001491607,-0.1903833,0,0,0,1,0,0,0.0002227824,-9.299164E-05,-0.69967,0.001325264,0.0001643468,-0.01619459,-0.1134533,0,0,0,1,0,0,0.4598224,0.666684,-0.4597313,-0.01527668,-0.009882454,0.01451225,-0.05800647,0,0,0,1,0,0,0.4948418,-7.580211E-05,-0.4946444,-0.0108853,-0.0120964,0.03061147,0.06423545,0,0,0,1,0,0,0.000102212,0.6667258,-0.6501386,0.002081181,-0.001731516,0.003820659,-0.2219777,0,0,0,1,0,0,0.423919,1.333374,0.4241768,-0.0147909,-0.003415348,0.002191962,-0.07723832,0,0,0,1,0,0,-8.358029E-05,1.333456,0.5997621,-0.008440397,0.0008881096,0.01006127,-0.1230754,0,0,0,1,0,0,-0.4243054,1.333365,0.4240164,-0.02243371,-0.002801419,0.002630056,-0.01497751,0,0,0,1,0,0,0.5997995,1.333358,4.282129E-05,-0.006109478,-0.002521277,-0.004595311,0.07467973,0,0,0,1,0,0,-0.5997809,1.333328,-0.0001029906,0.0007718804,0.009077791,0.002419258,0.08228558,0,0,0,1,0,0,-0.4240145,1.333251,-0.4239829,-0.0005751851,0.003558399,0.007103386,-0.07235348,0,0,0,1,0,0,-7.366748E-05,1.33338,-0.5999196,-0.01091276,-0.002789499,-0.001803041,-0.1177372,0,0,0,1,0,0,0.4241074,1.33322,-0.4240557,-0.009524826,-0.01465083,-0.0006273391,-0.005977571,0,0,0,1,0,0,0.3889087,2,0.3889088,0,0,0,0.05000001,0,0,0,0,0,0,0.55,2,4.808253E-08,0,0,0,0.05000001,0,0,0,0,0,0,-6.558685E-09,2,0.55,0,0,0,0.05000001,0,0,0,0,0,0,0.3889087,2,-0.3889087,0,0,0,0.04999995,0,0,0,0,0,0,-0.3889089,2,0.3889086,0,0,0,0.05000001,0,0,0,0,0,0,2.404126E-08,2,-0.55,0,0,0,0.05000001,0,0,0,0,0,0,-0.3889087,2,-0.3889087,0,0,0,0.04999995,0,0,0,0,0,0,-0.55,2,0,0,0,0,0.05000001,0,0,0,0,0,0
9,-0.0002289682,0.6668798,0.650691,0.001567479,0.001057983,0.01479388,-0.2406736,0,0,0,1,0,0,-0.4599991,0.6668901,0.4599124,0.01107157,0.009000305,0.0003471972,-0.07492608,0,0,0,1,0,0,-0.4944015,-6.00729E-05,0.4947862,0.01664758,-0.007169541,-0.005118551,0.0563755,0,0,0,1,0,0,-0.0002118675,2.785046E-05,0.6994931,0.001072479,-0.005731551,-0.001075864,-0.1228371,0,0,0,1,0,0,-0.6996924,0.0001577223,0.0001742895,-0.007763508,0.01385381,0.005803252,0.03701872,0,0,0,1,0,0,0.4597312,0.6668602,0.4599704,0.002415479,0.008907918,0.01222939,-0.2134772,0,0,0,1,0,0,0.4946537,0.0001855356,0.4949843,0.0002458692,0.0008017934,0.01053363,-0.1380789,0,0,0,1,0,0,-0.6501222,0.6667136,0.0001672947,0.001811982,0.004309418,0.009500539,-0.009281695,0,0,0,1,0,0,-0.4947065,0.0001380679,-0.494929,-0.01837016,0.009891285,-0.008438531,-0.1315203,0,0,0,1,0,0,0.6503426,0.6667448,5.117835E-05,0.002950431,0.001749397,0.007204845,-0.02553862,0,0,0,1,0,0,0.6999558,9.992687E-05,0.0002287449,0.0212133,0.00327241,0.01374306,0.02903521,0,0,0,1,0,0,-0.4598827,0.6668994,-0.4597866,-0.01244396,0.01759232,-0.00267476,-0.1969029,0,0,0,1,0,0,7.862125E-05,0.0002728332,-0.7000483,-0.007208061,0.01829125,-0.01891554,-0.1099754,0,0,0,1,0,0,0.4596947,0.6667463,-0.4595859,-0.00638515,0.003111364,0.007270279,-0.05184627,0,0,0,1,0,0,0.4947746,4.707047E-05,-0.4946883,-0.003363193,0.006143632,-0.002194942,0.07515502,0,0,0,1,0,0,2.008603E-05,0.6666569,-0.6501573,-0.004106299,-0.00344515,-0.0009357933,-0.2206057,0,0,0,1,0,0,0.4239874,1.333235,0.4241225,0.003421308,-0.006949904,-0.002719463,-0.08052444,0,0,0,1,0,0,-0.0001884052,1.333424,0.6000991,-0.00524125,-0.001615286,0.01684726,-0.1228492,0,0,0,1,0,0,-0.4242482,1.333483,0.4242426,0.002864004,0.00587702,0.01130701,-0.01196963,0,0,0,1,0,0,0.5995442,1.333503,0.000180835,-0.01276434,0.007271769,0.006900688,0.0709129,0,0,0,1,0,0,-0.5999163,1.333272,-0.0002493083,-0.006774071,-0.002831222,-0.007315888,0.07882875,0,0,0,1,0,0,-0.4241719,1.333344,-0.4241609,-0.007866326,0.004661085,-0.008901957,-0.07527041,0,0,0,1,0,0,-4.074665E-05,1.333327,-0.5998634,0.001646042,-0.002652408,0.00280738,-0.1177946,0,0,0,1,0,0,0.4241976,1.333283,-0.4241463,0.004509093,0.003153087,-0.004528465,-0.003026366,0,0,0,1,0,0,0.3889087,2,0.3889088,0,0,0,0.05000001,0,0,0,0,0,0,0.55,2,4.808253E-08,0,0,0,0.05000001,0,0,0,0,0,0,-6.558685E-09,2,0.55,0,0,0,0.05000001,0,0,0,0,0,0,0.3889087,2,-0.3889087,0,0,0,0.04999995,0,0,0,0,0,0,-0.3889089,2,0.3889086,0,0,0,0.05000001,0,0,0,0,0,0,2.404126E-08,2,-0.55,0,0,0,0.05000001,0,0,0,0,0,0,-0.3889087,2,-0.3889087,0,0,0,0.04999995,0,0,0,0,0,0,-0.55,2,0,0,0,0,0.05000001,0,0,0,0,0,0
10,0.0001186304,0.6668199,0.6505316,0.01737994,-0.002998115,-0.007966164,-0.2394871,0,0,0,1,0,0,-0.459727,0.666832,0.4598689,0.01360477,-0.002905728,-0.0021711,-0.06896365,0,0,0,1,0,0,-0.4945574,4.15236E-05,0.4947626,-0.007796291,0.005079827,-0.001183153,0.06714761,0,0,0,1,0,0,6.196252E-05,4.402323E-05,0.6998071,0.01369151,0.0008086386,0.01569987,-0.1192364,0,0,0,1,0,0,-0.6998054,0.0001834164,0.0003633823,-0.005650523,0.001284707,0.009454647,0.02740937,0,0,0,1,0,0,0.4599846,0.6667613,0.4601269,0.01267046,-0.004947187,0.007826093,-0.2199377,0,0,0,1,0,0,0.4946767,3.394039E-05,0.4950294,0.00114888,-0.007579764,0.002251566,-0.1458554,0,0,0,1,0,0,-0.6500201,0.6668645,-2.236515E-05,0.00510812,0.007542971,-0.009482997,-0.01669031,0,0,0,1,0,0,-0.4949731,-0.0003742099,-0.4947598,-0.01333058,-0.0256139,0.008463863,-0.1393117,0,0,0,1,0,0,0.6504782,0.6667427,0.0002696047,0.006783011,-0.0001072884,0.01092132,-0.03276759,0,0,0,1,0,0,0.6998856,3.29069E-05,0.000302059,-0.003510715,-0.003351,0.003665706,0.01946074,0,0,0,1,0,0,-0.4598871,0.6668859,-0.4597197,-0.0002220274,-0.000676513,0.003342332,-0.2036658,0,0,0,1,0,0,-0.0001985611,0.0001321506,-0.7003784,-0.01385912,-0.007034135,-0.01650155,-0.1060883,0,0,0,1,0,0,0.4596588,0.666658,-0.4596747,-0.00179112,-0.004413726,-0.004436078,-0.0456059,0,0,0,1,0,0,0.4948311,0.0001435989,-0.4948589,0.002825261,0.004826426,-0.008532409,0.08619517,0,0,0,1,0,0,-0.0001010739,0.6666103,-0.6497331,-0.006058001,-0.002327562,0.02120734,-0.2195689,0,0,0,1,0,0,0.4242087,1.333582,0.4242658,0.01106412,0.01735092,0.007165971,-0.08329862,0,0,0,1,0,0,0.000133409,1.333347,0.5998366,0.01609072,-0.003868343,-0.01312495,-0.1230949,0,0,0,1,0,0,-0.4240616,1.333447,0.4243644,0.009328131,-0.001794101,0.006093087,-0.009224355,0,0,0,1,0,0,0.5995416,1.333267,0.0001421898,-0.0001311303,-0.01180172,-0.001932262,0.06721669,0,0,0,1,0,0,-0.6001319,1.333446,0.0001633315,-0.0107795,0.008732084,0.020632,0.07577389,0,0,0,1,0,0,-0.4242456,1.333524,-0.424127,-0.003688039,0.008970503,0.001695753,-0.07823503,0,0,0,1,0,0,0.0001576862,1.333138,-0.5995524,0.009921647,-0.009471182,0.01555086,-0.1181052,0,0,0,1,0,0,0.4243595,1.333424,-0.4240877,0.008097294,0.007063153,0.002926589,-5.763769E-05,0,0,0,1,0,0,0.3889087,2,0.3889088,0,0,0,0.05000001,0,0,0,0,0,0,0.55,2,4.808253E-08,0,0,0,0.05000001,0,0,0,0,0,0,-6.558685E-09,2,0.55,0,0,0,0.05000001,0,0,0,0,0,0,0.3889087,2,-0.3889087,0,0,0,0.04999995,0,0,0,0,0,0,-0.3889089,2,0.3889086,0,0,0,0.05000001,0,0,0,0,0,0,2.404126E-08,2,-0.55,0,0,0,0.05000001,0,0,0,0,0,0,-0.3889087,2,-0.3889087,0,0,0,0.04999995,0,0,0,0,0,0,-0.55,2,0,0,0,0,0.05000001,0,0,0,0,0,0
11,0.0001432993,0.6669024,0.6504003,0.001233447,0.004124643,-0.006565454,-0.2381456,0,0,0,1,0,0,-0.4594964,0.6666712,0.4597646,0.01153052,-0.00804365,-0.005215408,-0.06320745,0,0,0,1,0,0,-0.494466,0.0001942645,0.4946616,0.004573168,0.007637049,-0.005050005,0.07739216,0,0,0,1,0,0,0.0003438615,0.0001188658,0.7003789,0.01409495,0.003742129,0.02858938,-0.1152874,0,0,0,1,0,0,-0.6998015,0.0001107999,0.0002365864,0.0001966954,-0.003630824,-0.0063398,0.01804125,0,0,0,1,0,0,0.4602078,0.6667276,0.4599732,0.01115799,-0.001683832,-0.007686022,-0.2263692,0,0,0,1,0,0,0.4949039,-4.474316E-05,0.4950223,0.01135916,-0.003934179,-0.0003531577,-0.1530856,0,0,0,1,0,0,-0.6501944,0.6667525,7.236762E-05,-0.008717183,-0.005596878,0.00473664,-0.02357471,0,0,0,1,0,0,-0.4949117,4.010186E-05,-0.4947163,0.00306815,0.02071559,0.00217259,-0.1472406,0,0,0,1,0,0,0.6502358,0.6668574,-8.66477E-07,-0.01212359,0.005733969,-0.01352356,-0.03994387,0,0,0,1,0,0,0.6998554,3.807114E-05,0.0003014041,-0.001507998,0.000258212,-3.274473E-05,0.01034182,0,0,0,1,0,0,-0.4597876,0.6667473,-0.4597153,0.00497848,-0.006926063,0.0002205373,-0.2102965,0,0,0,1,0,0,-0.0003433257,0.0002707847,-0.7003891,-0.00723823,0.006931707,-0.000536442,-0.1023993,0,0,0,1,0,0,0.4596565,0.6665381,-0.4597003,-0.000114739,-0.00599623,-0.001284481,-0.03958839,0,0,0,1,0,0,0.4949884,0.0001509974,-0.4947851,0.007866326,0.0003699215,0.003691019,0.09698743,0,0,0,1,0,0,-2.194202E-05,0.6665344,-0.6499861,0.003956598,-0.003793837,-0.01264811,-0.217759,0,0,0,1,0,0,0.4242162,1.333319,0.4243532,0.0003755094,-0.01317263,0.004373493,-0.08656371,0,0,0,1,0,0,8.331524E-05,1.333461,0.5996526,-0.002504689,0.005728009,-0.009199981,-0.1231106,0,0,0,1,0,0,-0.424088,1.333434,0.4241977,-0.001318753,-0.0006616118,-0.008338694,-0.006489158,0,0,0,1,0,0,0.5997764,1.333347,0.0001203518,0.01174212,0.003999473,-0.001091901,0.06396586,0,0,0,1,0,0,-0.6000932,1.333422,-2.614874E-05,0.001937152,-0.001209975,-0.009474014,0.07230091,0,0,0,1,0,0,-0.4240237,1.333196,-0.4239996,0.01109541,-0.0163734,0.006370249,-0.08168244,0,0,0,1,0,0,9.601623E-05,1.333348,-0.5996476,-0.0030835,0.01051426,-0.004759433,-0.1178753,0,0,0,1,0,0,0.4240639,1.333155,-0.4240405,-0.01478345,-0.01346469,0.002361835,0.002225041,0,0,0,1,0,0,0.3889087,2,0.3889088,0,0,0,0.05000001,0,0,0,0,0,0,0.55,2,4.808253E-08,0,0,0,0.05000001,0,0,0,0,0,0,-6.558685E-09,2,0.55,0,0,0,0.05000001,0,0,0,0,0,0,0.3889087,2,-0.3889087,0,0,0,0.04999995,0,0,0,0,0,0,-0.3889089,2,0.3889086,0,0,0,0.05000001,0,0,0,0,0,0,2.404126E-08,2,-0.55,0,0,0,0.05000001,0,0,0,0,0,0,-0.3889087,2,-0.3889087,0,0,0,0.04999995,0,0,0,0,0,0,-0.55,2,0,0,0,0,0.05000001,0,0,0,0,0,0
12,0.0002150162,0.6668205,0.6501575,0.003585847,-0.00409484,-0.01214445,-0.2367067,0,0,0,1,0,0,-0.4593005,0.6666251,0.4599051,0.009797517,-0.00230074,0.00702143,-0.0570215,0,0,0,1,0,0,-0.4945265,2.903546E-05,0.4944701,-0.003027917,-0.008261456,-0.00957251,0.08855319,0,0,0,1,0,0,0.0005277434,0.0002927728,0.7005872,0.009194097,0.008695357,0.01041294,-0.1111644,0,0,0,1,0,0,-0.6997337,0.0001193335,-3.276276E-05,0.003388525,0.0004266791,-0.01346746,0.008100748,0,0,0,1,0,0,0.4600624,0.6667804,0.4599921,-0.007270279,0.002637506,0.000944734,-0.2334289,0,0,0,1,0,0,0.4951988,-6.291042E-05,0.4949922,0.01474321,-0.0009083635,-0.001503528,-0.1605283,0,0,0,1,0,0,-0.6502951,0.6668575,-0.0001038867,-0.005036594,0.005251171,-0.008812719,-0.03109157,0,0,0,1,0,0,-0.4947485,0.0001047513,-0.4948906,0.008159879,0.003232474,-0.008714203,-0.1551885,0,0,0,1,0,0,0.6501554,0.6666445,0.0001004709,-0.004020335,-0.01064539,0.00506687,-0.04763937,0,0,0,1,0,0,0.6997331,6.566413E-05,0.0001647954,-0.006118419,0.00137965,-0.006830438,0.0007716417,0,0,0,1,0,0,-0.4600695,0.6668937,-0.4599427,-0.01409501,0.007316473,-0.0113681,-0.2168552,0,0,0,1,0,0,-9.6179E-05,9.900894E-05,-0.6998965,0.01235734,-0.008588791,0.02462865,-0.09835649,0,0,0,1,0,0,0.4596277,0.6668814,-0.459654,-0.001439453,0.01716913,0.002317131,-0.03335488,0,0,0,1,0,0,0.4948416,0.0002703409,-0.4947614,-0.007341805,0.005967177,0.001186133,0.1082078,0,0,0,1,0,0,0.0001368954,0.6668342,-0.6502486,0.007941873,0.01499057,-0.01312793,-0.2157157,0,0,0,1,0,0,0.424239,1.333431,0.4243833,0.001139939,0.005584958,0.001500548,-0.08978283,0,0,0,1,0,0,0.0001907579,1.333315,0.5998045,0.005372137,-0.007325414,0.007593635,-0.1231105,0,0,0,1,0,0,-0.4239791,1.333498,0.4241048,0.005441906,0.003230573,-0.004641714,-0.003633499,0,0,0,1,0,0,0.5997813,1.333437,0.0001996519,0.0002443791,0.004500153,0.003965007,0.06028265,0,0,0,1,0,0,-0.5997243,1.333422,6.572268E-05,0.01844466,5.960467E-06,0.004593573,0.06846803,0,0,0,1,0,0,-0.4242755,1.333528,-0.4242244,-0.01259,0.01661778,-0.01124293,-0.08445704,0,0,0,1,0,0,2.647588E-05,1.33338,-0.5997283,-0.003477019,0.001591445,-0.004038216,-0.1177835,0,0,0,1,0,0,0.4243991,1.333499,-0.4241297,0.01676381,0.01722575,-0.004459919,0.005534649,0,0,0,1,0,0,0.3889087,2,0.3889088,0,0,0,0.05000001,0,0,0,0,0,0,0.55,2,4.808253E-08,0,0,0,0.05000001,0,0,0,0,0,0,-6.558685E-09,2,0.55,0,0,0,0.05000001,0,0,0,0,0,0,0.3889087,2,-0.3889087,0,0,0,0.04999995,0,0,0,0,0,0,-0.3889089,2,0.3889086,0,0,0,0.05000001,0,0,0,0,0,0,2.404126E-08,2,-0.55,0,0,0,0.05000001,0,0,0,0,0,0,-0.3889087,2,-0.3889087,0,0,0,0.04999995,0,0,0,0,0,0,-0.55,2,0,0,0,0,0.05000001,0,0,0,0,0,0
13,0.0001429506,0.6666879,0.6501883,-0.003603282,-0.006628039,0.001543761,-0.2346671,0,0,0,1,0,0,-0.459709,0.6666346,0.4598993,-0.02042503,0.0004708769,-0.0002861024,-0.04980546,0,0,0,1,0,0,-0.4944445,9.547665E-05,0.4943837,0.004102291,0.003322061,-0.004321339,0.100648,0,0,0,1,0,0,0.0003496753,0.0001823943,0.7004535,-0.008903408,-0.00551893,-0.006684664,-0.106375,0,0,0,1,0,0,-0.6996374,0.0001567604,-0.0002399756,0.004816057,0.001871344,-0.01036065,-0.002583086,0,0,0,1,0,0,0.4599437,0.6668758,0.4598587,-0.005935135,0.004774334,-0.006669763,-0.2411796,0,0,0,1,0,0,0.4953578,6.624003E-05,0.4952885,0.007954243,0.006457525,0.01481176,-0.1683901,0,0,0,1,0,0,-0.6504508,0.6667317,-0.0001291445,-0.00778437,-0.006294253,-0.00126289,-0.03927338,0,0,0,1,0,0,-0.4945445,-1.76661E-05,-0.4947889,0.01020134,-0.006120873,0.005087258,-0.1636311,0,0,0,1,0,0,0.6500746,0.6667272,0.0001063021,-0.004038216,0.004139544,0.0002915637,-0.05600959,0,0,0,1,0,0,0.6996314,-0.0001050504,1.431967E-05,-0.005084278,-0.008535731,-0.00752379,-0.009401858,0,0,0,1,0,0,-0.4598514,0.6667987,-0.4598916,0.01090318,-0.004747512,0.00255108,-0.2246487,0,0,0,1,0,0,7.135014E-05,8.917761E-05,-0.6995142,0.008376461,-0.0004915664,0.01911522,-0.09355235,0,0,0,1,0,0,0.4598308,0.666727,-0.4594564,0.01015067,-0.007721785,0.009879474,-0.02636969,0,0,0,1,0,0,0.4946611,-5.586733E-05,-0.4945581,-0.009024147,-0.01631042,0.01016558,0.1205997,0,0,0,1,0,0,3.80087E-05,0.6668499,-0.6502826,-0.004944336,0.0007808211,-0.001698733,-0.2136469,0,0,0,1,0,0,0.4243644,1.333492,0.4245326,0.006271901,0.003075601,0.007466975,-0.09325618,0,0,0,1,0,0,-0.0001063586,1.333405,0.6001526,-0.01485583,0.004518034,0.01740754,-0.1227525,0,0,0,1,0,0,-0.4240822,1.333285,0.4240622,-0.005151333,-0.01068116,-0.002132357,-0.0005182624,0,0,0,1,0,0,0.5999578,1.333575,7.274615E-05,0.008824471,0.006884339,-0.006345288,0.05646974,0,0,0,1,0,0,-0.5996445,1.333395,-0.0001400761,0.003987552,-0.001335145,-0.01028994,0.06439215,0,0,0,1,0,0,-0.4241471,1.333438,-0.4243755,0.006420913,-0.004512073,-0.007551911,-0.08810735,0,0,0,1,0,0,2.966427E-05,1.333459,-0.5999563,0.0001594194,0.00395775,-0.01139939,-0.1175449,0,0,0,1,0,0,0.4242689,1.333533,-0.4240464,-0.00651032,0.00166297,0.004164876,0.008503079,0,0,0,1,0,0,0.3889087,2,0.3889088,0,0,0,0.05000001,0,0,0,0,0,0,0.55,2,4.808253E-08,0,0,0,0.05000001,0,0,0,0,0,0,-6.558685E-09,2,0.55,0,0,0,0.05000001,0,0,0,0,0,0,0.3889087,2,-0.3889087,0,0,0,0.04999995,0,0,0,0,0,0,-0.3889089,2,0.3889086,0,0,0,0.05000001,0,0,0,0,0,0,2.404126E-08,2,-0.55,0,0,0,0.05000001,0,0,0,0,0,0,-0.3889087,2,-0.3889087,0,0,0,0.04999995,0,0,0,0,0,0,-0.55,2,0,0,0,0,0.05000001,0,0,0,0,0,0
14,0.000721085,0.666921,0.6515656,0.02890673,0.01165271,0.06886426,-0.2316694,0,0,0,1,0,0,-0.4590764,0.6669835,0.4597905,0.03162773,0.01744927,-0.005443397,-0.04461384,0,0,0,1,0,0,-0.4945107,0.0001809626,0.4948344,-0.00331253,0.004274298,0.02253355,0.1114444,0,0,0,1,0,0,4.808104E-05,-5.041328E-05,0.7001356,-0.01507972,-0.01164038,-0.0158906,-0.1020019,0,0,0,1,0,0,-0.698956,-6.679574E-05,0.0005097681,0.03407301,-0.01117781,0.03748721,-0.01169068,0,0,0,1,0,0,0.4603556,0.6666732,0.4599893,0.02059341,-0.01013279,0.006531182,-0.2473525,0,0,0,1,0,0,0.4951963,0.0001157782,0.49509,-0.008076432,0.002476911,-0.009922687,-0.1753258,0,0,0,1,0,0,-0.6498602,0.6669328,0.0002216979,0.02953113,0.01005531,0.01754213,-0.0468331,0,0,0,1,0,0,-0.4946443,-2.219947E-05,-0.4946072,-0.004987421,-0.0002266688,0.009085242,-0.1705644,0,0,0,1,0,0,0.6501158,0.6668061,0.00016306,0.002059341,0.003942849,0.002837892,-0.06320554,0,0,0,1,0,0,0.6995912,-0.000115597,2.763015E-05,-0.002011657,-0.0005273285,0.000665524,-0.01811069,0,0,0,1,0,0,-0.4598001,0.6667445,-0.4596482,0.002565981,-0.002709032,0.01217127,-0.2313683,0,0,0,1,0,0,0.0003016956,0.0002463246,-0.6995836,0.01151728,0.007857352,-0.003468992,-0.08881277,0,0,0,1,0,0,0.4598825,0.6668044,-0.4595402,0.002585352,0.003868343,-0.004187228,-0.02043265,0,0,0,1,0,0,0.4946427,-4.320182E-05,-0.4946596,-0.0009208921,0.0006332756,-0.005078318,0.1314882,0,0,0,1,0,0,2.288416E-05,0.6667965,-0.6502616,-0.0007562273,-0.002667309,0.001052022,-0.2117721,0,0,0,1,0,0,0.424779,1.333454,0.4248488,0.0207305,-0.001895428,0.01580865,-0.09608084,0,0,0,1,0,0,0.0007667723,1.333674,0.600935,0.04365656,0.01345873,0.03911854,-0.1221267,0,0,0,1,0,0,-0.4239242,1.33329,0.4245133,0.007896128,0.0002920629,0.0225559,0.002218246,0,0,0,1,0,0,0.5999191,1.333343,0.0001786528,-0.001937152,-0.01157523,0.005295336,0.0527463,0,0,0,1,0,0,-0.5999134,1.333528,-8.27984E-06,-0.01344383,0.006622079,0.006589814,0.0613097,0,0,0,1,0,0,-0.4241726,1.333335,-0.4239927,-0.00127405,-0.005173685,0.01913757,-0.09136915,0,0,0,1,0,0,-2.780742E-05,1.333244,-0.5998139,-0.002873586,-0.01074672,0.007122758,-0.1177809,0,0,0,1,0,0,0.424125,1.333463,-0.4240072,-0.007197264,-0.003498794,0.001958013,0.01098233,0,0,0,1,0,0,0.3889087,2,0.3889088,0,0,0,0.05000001,0,0,0,0,0,0,0.55,2,4.808253E-08,0,0,0,0.05000001,0,0,0,0,0,0,-6.558685E-09,2,0.55,0,0,0,0.05000001,0,0,0,0,0,0,0.3889087,2,-0.3889087,0,0,0,0.04999995,0,0,0,0,0,0,-0.3889089,2,0.3889086,0,0,0,0.05000001,0,0,0,0,0,0,2.404126E-08,2,-0.55,0,0,0,0.05000001,0,0,0,0,0,0,-0.3889087,2,-0.3889087,0,0,0,0.04999995,0,0,0,0,0,0,-0.55,2,0,0,0,0,0.05000001,0,0,0,0,0,0
15,0.001565481,0.6676193,0.6525244,0.04221983,0.0349194,0.04793705,-0.2290091,0,0,0,1,0,0,-0.4579991,0.6673563,0.4601167,0.05386474,0.01863838,0.01630933,-0.03949213,0,0,0,1,0,0,-0.4932177,0.0005345945,0.4964663,0.06465169,0.0176816,0.08159581,0.1218249,0,0,0,1,0,0,0.001125382,6.504107E-07,0.7002708,0.05386505,0.002553185,0.006756189,-0.09739351,0,0,0,1,0,0,-0.6976727,-0.0001313095,0.001317744,0.06416144,-0.003225689,0.04039879,-0.02152622,0,0,0,1,0,0,0.4612566,0.6669401,0.460189,0.04505219,0.01334549,0.009980801,-0.2532943,0,0,0,1,0,0,0.4949906,-9.970579E-05,0.494738,-0.01028479,-0.01077421,-0.01760275,-0.1822351,0,0,0,1,0,0,-0.6488525,0.666516,0.0008767948,0.05038681,-0.02083779,0.03275486,-0.055053,0,0,0,1,0,0,-0.4947341,-8.526155E-05,-0.4942962,-0.004492702,-0.003153105,0.01554788,-0.1775584,0,0,0,1,0,0,0.6505024,0.6669978,0.0001064523,0.01932979,0.009587411,-0.002830382,-0.070373,0,0,0,1,0,0,0.6998643,-3.618702E-06,9.901519E-05,0.01365543,0.005598916,0.003569254,-0.02684623,0,0,0,1,0,0,-0.4595847,0.6668261,-0.4592082,0.01076907,0.004076959,0.02200008,-0.2385869,0,0,0,1,0,0,0.0002742769,0.0002025929,-0.6998878,-0.001370934,-0.002186587,-0.01521111,-0.08340651,0,0,0,1,0,0,0.459809,0.6668171,-0.4596229,-0.003674628,0.0006347897,-0.004135074,-0.01440251,0,0,0,1,0,0,0.4949717,0.0002474434,-0.4947961,0.01645238,0.01453227,-0.006823245,0.1431269,0,0,0,1,0,0,-0.0001841974,0.6665927,-0.6501071,-0.01035408,-0.0101924,0.007721785,-0.2098805,0,0,0,1,0,0,0.4257012,1.333613,0.4253032,0.04610719,0.007957223,0.0227213,-0.09854978,0,0,0,1,0,0,0.001167599,1.334087,0.6013657,0.02004134,0.02062918,0.02153517,-0.1215757,0,0,0,1,0,0,-0.4237306,1.333326,0.4247334,0.009682778,0.001764298,0.01100302,0.004982769,0,0,0,1,0,0,0.599681,1.33352,-0.0001335193,-0.01190305,0.008839373,-0.01560861,0.04908365,0,0,0,1,0,0,-0.5998823,1.333405,0.000229027,0.001555682,-0.006169083,0.01186535,0.05774337,0,0,0,1,0,0,-0.4242428,1.333508,-0.42406,-0.003512205,0.008660559,-0.003361703,-0.09441245,0,0,0,1,0,0,-0.0001535918,1.333291,-0.5997059,-0.006289224,0.002336503,0.005397203,-0.1178144,0,0,0,1,0,0,0.4241078,1.333285,-0.4239858,-0.0008612875,-0.008869175,0.001069904,0.0136016,0,0,0,1,0,0,0.3889087,2,0.3889088,0,0,0,0.05000001,0,0,0,0,0,0,0.55,2,4.808253E-08,0,0,0,0.05000001,0,0,0,0,0,0,-6.558685E-09,2,0.55,0,0,0,0.05000001,0,0,0,0,0,0,0.3889087,2,-0.3889087,0,0,0,0.04999995,0,0,0,0,0,0,-0.3889089,2,0.3889086,0,0,0,0.05000001,0,0,0,0,0,0,2.404126E-08,2,-0.55,0,0,0,0.05000001,0,0,0,0,0,0,-0.3889087,2,-0.3889087,0,0,0,0.04999995,0,0,0,0,0,0,-0.55,2,0,0,0,0,0.05000001,0,0,0,0,0,0
16,0.002498146,0.6684735,0.6532979,0.04663326,0.04270973,0.03867747,-0.2264411,0,0,0,1,0,0,-0.4569957,0.6672124,0.4606747,0.05017074,-0.007197264,0.02790095,-0.03406954,0,0,0,1,0,0,-0.4922529,0.0006845049,0.4974962,0.04823806,0.007495526,0.05149396,0.1326463,0,0,0,1,0,0,0.002540011,9.110379E-05,0.7013534,0.07073151,0.004522671,0.05412998,-0.09181809,0,0,0,1,0,0,-0.6961203,-0.0004424388,0.001820654,0.07762018,-0.01555647,0.02514551,-0.03158921,0,0,0,1,0,0,0.4622743,0.6673332,0.460606,0.05088599,0.01965762,0.02085418,-0.259142,0,0,0,1,0,0,0.4951406,0.0002572441,0.494754,0.007499757,0.0178475,0.0008016828,-0.1888722,0,0,0,1,0,0,-0.6479473,0.6661345,0.001535494,0.04526081,-0.01907647,0.03293496,-0.06335938,0,0,0,1,0,0,-0.4944822,4.280385E-05,-0.4937447,0.01259745,0.006403273,0.0275761,-0.1848417,0,0,0,1,0,0,0.6507791,0.6668662,4.615628E-05,0.01383722,-0.006583336,-0.003014805,-0.07788289,0,0,0,1,0,0,0.7001123,0.0001113236,0.0001396791,0.01240075,0.005747116,0.002033199,-0.0356077,0,0,0,1,0,0,-0.459394,0.6666338,-0.4589573,0.009535257,-0.009611253,0.0125438,-0.2458575,0,0,0,1,0,0,4.588834E-05,9.826839E-05,-0.7000081,-0.01141944,-0.005216226,-0.006014111,-0.07781923,0,0,0,1,0,0,0.4598269,0.6667194,-0.4599385,0.00089407,-0.004881622,-0.01578183,-0.008116186,0,0,0,1,0,0,0.4952047,-2.91013E-05,-0.4947135,0.01164675,-0.01382724,0.004132094,0.1550735,0,0,0,1,0,0,3.603148E-05,0.6664956,-0.6495595,0.01101145,-0.0048548,0.02738238,-0.2080801,0,0,0,1,0,0,0.4264834,1.333544,0.425387,0.0391096,-0.003463031,0.004190208,-0.1014749,0,0,0,1,0,0,0.001594494,1.334728,0.6023159,0.02134476,0.03206731,0.04751088,-0.1205205,0,0,0,1,0,0,-0.4235882,1.333369,0.4250321,0.007116797,0.002157689,0.01493544,0.007854283,0,0,0,1,0,0,0.6001404,1.333526,-0.0001952974,0.02296866,0.0002741815,-0.003088909,0.04567134,0,0,0,1,0,0,-0.599928,1.333355,0.0001217986,-0.002285839,-0.002485515,-0.005361425,0.05406237,0,0,0,1,0,0,-0.4240328,1.333205,-0.423863,0.01050234,-0.01513959,0.009848181,-0.09813148,0,0,0,1,0,0,0.0002010913,1.333135,-0.5995426,0.01773416,-0.00779033,0.008165839,-0.1179555,0,0,0,1,0,0,0.4240583,1.333205,-0.4239873,-0.002470613,-0.004017354,-7.15256E-05,0.01630032,0,0,0,1,0,0,0.3889087,2,0.3889088,0,0,0,0.05000001,0,0,0,0,0,0,0.55,2,4.808253E-08,0,0,0,0.05000001,0,0,0,0,0,0,-6.558685E-09,2,0.55,0,0,0,0.05000001,0,0,0,0,0,0,0.3889087,2,-0.3889087,0,0,0,0.04999995,0,0,0,0,0,0,-0.3889089,2,0.3889086,0,0,0,0.05000001,0,0,0,0,0,0,2.404126E-08,2,-0.55,0,0,0,0.05000001,0,0,0,0,0,0,-0.3889087,2,-0.3889087,0,0,0,0.04999995,0,0,0,0,0,0,-0.55,2,0,0,0,0,0.05000001,0,0,0,0,0,0
17,0.003703997,0.668867,0.6540076,0.06029254,0.01967252,0.03548266,-0.2244247,0,0,0,1,0,0,-0.4553379,0.6668374,0.4612886,0.08289221,-0.01874865,0.03069491,-0.03060478,0,0,0,1,0,0,-0.4895578,0.001380557,0.4981324,0.1347587,0.03480262,0.0318125,0.139091,0,0,0,1,0,0,0.005874877,0.002026763,0.7064778,0.1667434,0.096783,0.2562226,-0.08556861,0,0,0,1,0,0,-0.6942452,-0.0008735582,0.002435557,0.09375516,-0.02155598,0.03074516,-0.03960049,0,0,0,1,0,0,0.4648889,0.6677617,0.4626163,0.1307279,0.0214249,0.1005143,-0.2612245,0,0,0,1,0,0,0.4990509,0.001857152,0.4977098,0.1955152,0.07999545,0.1477928,-0.190599,0,0,0,1,0,0,-0.6474432,0.6660454,0.00171654,0.02520085,-0.004455449,0.009052314,-0.06975788,0,0,0,1,0,0,-0.4940248,-0.0003993421,-0.4933049,0.02287031,-0.02210731,0.02198667,-0.190136,0,0,0,1,0,0,0.6511064,0.6671873,0.0006602207,0.01636446,0.0160575,0.03070324,-0.0838573,0,0,0,1,0,0,0.7002746,0.0003740938,0.0009713827,0.008118155,0.01313852,0.04158519,-0.04270613,0,0,0,1,0,0,-0.4590873,0.6665522,-0.4587828,0.01533777,-0.004079939,0.008729104,-0.2515974,0,0,0,1,0,0,0.0004099253,0.0002691712,-0.7003478,0.01820185,0.008545144,-0.01698435,-0.07299906,0,0,0,1,0,0,0.4598786,0.6664659,-0.4587252,0.002588333,-0.01267493,0.06066414,-0.003700435,0,0,0,1,0,0,0.4955459,0.0002879714,-0.4944516,0.01706184,0.01585364,0.01309366,0.1642945,0,0,0,1,0,0,0.0001656387,0.6664924,-0.6495553,0.006480362,-0.0001579524,0.0002115966,-0.2062156,0,0,0,1,0,0,0.4273119,1.333794,0.4262067,0.04142524,0.01251698,0.04098566,-0.1031594,0,0,0,1,0,0,0.002293846,1.334929,0.6024817,0.03496762,0.01006127,0.00828803,-0.1203601,0,0,0,1,0,0,-0.4232746,1.333247,0.4254493,0.0156805,-0.006103518,0.02085865,0.009871602,0,0,0,1,0,0,0.6006863,1.333594,-8.097984E-05,0.02729596,0.003421308,0.005715882,0.04313356,0,0,0,1,0,0,-0.5993539,1.333383,0.0005004479,0.02870561,0.001418591,0.01893247,0.05094081,0,0,0,1,0,0,-0.4239453,1.333359,-0.4240018,0.004373493,0.007689002,-0.006939474,-0.1006135,0,0,0,1,0,0,0.0002683473,1.332811,-0.599156,0.0033628,-0.01618863,0.01933277,-0.1184154,0,0,0,1,0,0,0.423915,1.333285,-0.4231789,-0.007167461,0.004017354,0.04041941,0.01816338,0,0,0,1,0,0,0.3889087,2,0.3889088,0,0,0,0.05000001,0,0,0,0,0,0,0.55,2,4.808253E-08,0,0,0,0.05000001,0,0,0,0,0,0,-6.558685E-09,2,0.55,0,0,0,0.05000001,0,0,0,0,0,0,0.3889087,2,-0.3889087,0,0,0,0.04999995,0,0,0,0,0,0,-0.3889089,2,0.3889086,0,0,0,0.05000001,0,0,0,0,0,0,2.404126E-08,2,-0.55,0,0,0,0.05000001,0,0,0,0,0,0,-0.3889087,2,-0.3889087,0,0,0,0.04999995,0,0,0,0,0,0,-0.55,2,0,0,0,0,0.05000001,0,0,0,0,0,0
18,0.005518122,0.6696661,0.6542857,0.09070629,0.03995301,0.01390577,-0.222472,0,0,0,1,0,0,-0.4539659,0.6669351,0.4614777,0.06859753,0.004887583,0.009456281,-0.02577281,0,0,0,1,0,0,-0.4863762,0.0006672256,0.4971534,0.1590789,-0.03566658,-0.04895033,0.1476742,0,0,0,1,0,0,0.008314746,0.004140649,0.7108786,0.1219935,0.1056943,0.2200366,-0.07831019,0,0,0,1,0,0,-0.6914702,-0.001346981,0.003019569,0.1387507,-0.02367116,0.02920064,-0.05010825,0,0,0,1,0,0,0.4664717,0.6691427,0.4626878,0.0791401,0.06904605,0.00357181,-0.2666272,0,0,0,1,0,0,0.5029398,0.003123276,0.500686,0.1944423,0.06330621,0.1488075,-0.1933592,0,0,0,1,0,0,-0.6468837,0.6657889,0.002121449,0.02797545,-0.01282394,0.02024546,-0.07790744,0,0,0,1,0,0,-0.4937076,-0.0001067542,-0.4944161,0.01585633,0.0146294,-0.05555602,-0.1960075,0,0,0,1,0,0,0.6512317,0.6672992,0.001464312,0.00626445,0.005593898,0.04020457,-0.09192437,0,0,0,1,0,0,0.6996753,-6.579018E-05,0.00283514,-0.02996923,-0.02199421,0.09318792,-0.05234808,0,0,0,1,0,0,-0.458898,0.6666729,-0.4597482,0.009462241,0.006031992,-0.04827382,-0.2581136,0,0,0,1,0,0,0.0007724654,4.629189E-05,-0.7008733,0.01812701,-0.01114397,-0.02627374,-0.06631339,0,0,0,1,0,0,0.4592608,0.665858,-0.4565274,-0.0308931,-0.03039838,0.1098916,0.001180291,0,0,0,1,0,0,0.4963015,0.0001743709,-0.4933956,0.03777893,-0.005680026,0.05279931,0.1764705,0,0,0,1,0,0,0.0009210401,0.6663929,-0.6496725,0.03777009,-0.004974009,-0.005862119,-0.2033857,0,0,0,1,0,0,0.4283816,1.33399,0.4267236,0.05348476,0.009781126,0.02584458,-0.1056147,0,0,0,1,0,0,0.00262856,1.335397,0.6026314,0.01673572,0.02338291,0.007486346,-0.119966,0,0,0,1,0,0,-0.4228529,1.33296,0.425523,0.02108664,-0.0143528,0.003685059,0.01224875,0,0,0,1,0,0,0.6023597,1.33435,-0.0005674268,0.08366707,0.03779532,-0.02432236,0.0411678,0,0,0,1,0,0,-0.598613,1.333019,0.0006361677,0.03704728,-0.01820923,0.006785992,0.04655933,0,0,0,1,0,0,-0.424011,1.333246,-0.4242747,-0.003285707,-0.005626681,-0.013645,-0.1038965,0,0,0,1,0,0,0.0004985703,1.332862,-0.5991177,0.01151116,0.00255108,0.00191331,-0.1183325,0,0,0,1,0,0,0.4240283,1.333222,-0.4233928,0.005663934,-0.003159047,-0.01069457,0.02103269,0,0,0,1,0,0,0.3889087,2,0.3889088,0,0,0,0.05000001,0,0,0,0,0,0,0.55,2,4.808253E-08,0,0,0,0.05000001,0,0,0,0,0,0,-6.558685E-09,2,0.55,0,0,0,0.05000001,0,0,0,0,0,0,0.3889087,2,-0.3889087,0,0,0,0.04999995,0,0,0,0,0,0,-0.3889089,2,0.3889086,0,0,0,0.05000001,0,0,0,0,0,0,2.404126E-08,2,-0.55,0,0,0,0.05000001,0,0,0,0,0,0,-0.3889087,2,-0.3889087,0,0,0,0.04999995,0,0,0,0,0,0,-0.55,2,0,0,0,0,0.05000001,0,0,0,0,0,0
19,0.005947666,0.6701531,0.6541997,0.02147724,0.02435149,-0.004300477,-0.2203463,0,0,0,1,0,0,-0.4521474,0.6667992,0.4596277,0.09092692,-0.006794932,-0.09249751,-0.02205575,0,0,0,1,0,0,-0.4835226,-3.522888E-05,0.4950125,0.1426817,-0.03512274,-0.107044,0.1562204,0,0,0,1,0,0,0.01000599,0.006358877,0.7155969,0.08456221,0.1109115,0.2359183,-0.07040566,0,0,0,1,0,0,-0.6895526,-0.001483599,0.0007247823,0.09588007,-0.006830916,-0.1147394,-0.06106406,0,0,0,1,0,0,0.4681856,0.6703658,0.464512,0.08569662,0.06115737,0.09121154,-0.2709298,0,0,0,1,0,0,0.505488,0.004761685,0.5040126,0.1274139,0.08192046,0.1663328,-0.1966883,0,0,0,1,0,0,-0.6463448,0.6656325,0.001595718,0.02694429,-0.007820132,-0.02628654,-0.08646405,0,0,0,1,0,0,-0.4982372,0.00179349,-0.4974011,-0.2264769,0.09501225,-0.1492516,-0.1984724,0,0,0,1,0,0,0.6508313,0.6673408,0.001867486,-0.02002121,0.002080203,0.02015872,-0.1003108,0,0,0,1,0,0,0.6981186,-7.454702E-05,0.004716124,-0.07783177,-0.0004378422,0.09404924,-0.06272632,0,0,0,1,0,0,-0.4606271,0.6678185,-0.4615466,-0.08645657,0.05728009,-0.08991662,-0.2623817,0,0,0,1,0,0,-0.00150735,0.001671836,-0.7042934,-0.1139908,0.08127721,-0.1710058,-0.05899811,0,0,0,1,0,0,0.4578174,0.6651955,-0.4546831,-0.07216933,-0.03312232,0.09221438,0.00538969,0,0,0,1,0,0,0.4941233,-0.0002743437,-0.4914992,-0.1089082,-0.02243574,0.09481762,0.1797527,0,0,0,1,0,0,0.0003119094,0.6665914,-0.6497839,-0.03045655,0.009924177,-0.005570056,-0.2009321,0,0,0,1,0,0,0.4293043,1.334387,0.4277428,0.04613848,0.01986624,0.05095901,-0.107868,0,0,0,1,0,0,0.002642773,1.33567,0.6038855,0.0007106111,0.01364351,0.06270709,-0.118928,0,0,0,1,0,0,-0.4224492,1.333268,0.4246229,0.02018661,0.01540185,-0.04500153,0.01470423,0,0,0,1,0,0,0.6032569,1.334408,-0.0005310253,0.04486145,0.002914668,0.001820076,0.03803331,0,0,0,1,0,0,-0.5991418,1.33331,0.0003827191,-0.02644063,0.01453758,-0.01267244,0.04334116,0,0,0,1,0,0,-0.4245944,1.333549,-0.4247209,-0.02917052,0.01510978,-0.02230854,-0.1065117,0,0,0,1,0,0,0.0003788276,1.332881,-0.5992157,-0.005987138,0.0009298328,-0.004902484,-0.1182368,0,0,0,1,0,0,0.4239158,1.333034,-0.4232166,-0.00562221,-0.009429459,0.00881106,0.02353191,0,0,0,1,0,0,0.3889087,2,0.3889088,0,0,0,0.05000001,0,0,0,0,0,0,0.55,2,4.808253E-08,0,0,0,0.05000001,0,0,0,0,0,0,-6.558685E-09,2,0.55,0,0,0,0.05000001,0,0,0,0,0,0,0.3889087,2,-0.3889087,0,0,0,0.04999995,0,0,0,0,0,0,-0.3889089,2,0.3889086,0,0,0,0.05000001,0,0,0,0,0,0,2.404126E-08,2,-0.55,0,0,0,0.05000001,0,0,0,0,0,0,-0.3889087,2,-0.3889087,0,0,0,0.04999995,0,0,0,0,0,0,-0.55,2,0,0,0,0,0.05000001,0,0,0,0,0,0
20,0.007075928,0.6708552,0.6544042,0.05641312,0.03510417,0.01022518,-0.2186218,0,0,0,1,0,0,-0.4495164,0.6665013,0.4569935,0.131552,-0.01489819,-0.1317114,-0.02056897,0,0,0,1,0,0,-0.4800331,-0.0006477904,0.492292,0.1744733,-0.03062809,-0.1360238,0.1616644,0,0,0,1,0,0,0.0116752,0.008212438,0.7202797,0.08346037,0.09267806,0.2341391,-0.0634318,0,0,0,1,0,0,-0.687386,-0.002081701,-0.001086129,0.1083315,-0.02990508,-0.09054562,-0.06986952,0,0,0,1,0,0,0.4704781,0.6713566,0.4662847,0.1146257,0.04954042,0.08863512,-0.2733782,0,0,0,1,0,0,0.507529,0.00571234,0.5067389,0.1020491,0.04753277,0.1363129,-0.1988655,0,0,0,1,0,0,-0.6458133,0.6657706,0.001050677,0.02657474,0.006905201,-0.02725207,-0.09338069,0,0,0,1,0,0,-0.5025564,0.002645833,-0.500773,-0.2159611,0.04261715,-0.1685963,-0.1988869,0,0,0,1,0,0,0.6497975,0.6672871,0.002595742,-0.05168917,-0.002688171,0.03641284,-0.1078173,0,0,0,1,0,0,0.6952889,-0.0007691072,0.006373686,-0.1414866,-0.03472802,0.08287813,-0.07180274,0,0,0,1,0,0,-0.4622284,0.6689132,-0.4625488,-0.08006099,0.05473795,-0.05011262,-0.2657711,0,0,0,1,0,0,-0.003227501,0.003481063,-0.707563,-0.08600759,0.09046139,-0.1634837,-0.05282444,0,0,0,1,0,0,0.456059,0.664776,-0.4529083,-0.08791838,-0.02097786,0.08873794,0.008027017,0,0,0,1,0,0,0.4902981,-0.001508192,-0.4888506,-0.1912609,-0.06169242,0.1324326,0.1744024,0,0,0,1,0,0,-0.0009328974,0.6664287,-0.6487768,-0.06224036,-0.008133057,0.050357,-0.2001884,0,0,0,1,0,0,0.4304446,1.334389,0.4286397,0.05701187,9.536747E-05,0.04484506,-0.1096072,0,0,0,1,0,0,0.003033786,1.335948,0.6043298,0.01955066,0.01388789,0.02221168,-0.1184933,0,0,0,1,0,0,-0.4225926,1.333266,0.4248207,-0.007173422,-7.748607E-05,0.009889904,0.01710051,0,0,0,1,0,0,0.6039042,1.334784,-0.0005796143,0.03236831,0.01876355,-0.002429449,0.03569597,0,0,0,1,0,0,-0.6004505,1.333685,0.0007071496,-0.06543698,0.01875759,0.01622153,0.04172093,0,0,0,1,0,0,-0.4259284,1.333988,-0.4252718,-0.06669912,0.0219524,-0.0275463,-0.1078402,0,0,0,1,0,0,0.0005670395,1.332806,-0.5998243,0.009410596,-0.003767015,-0.03042818,-0.1178089,0,0,0,1,0,0,0.4234642,1.332963,-0.4224905,-0.02258272,-0.003504755,0.03630371,0.02510864,0,0,0,1,0,0,0.3889087,2,0.3889088,0,0,0,0.05000001,0,0,0,0,0,0,0.55,2,4.808253E-08,0,0,0,0.05000001,0,0,0,0,0,0,-6.558685E-09,2,0.55,0,0,0,0.05000001,0,0,0,0,0,0,0.3889087,2,-0.3889087,0,0,0,0.04999995,0,0,0,0,0,0,-0.3889089,2,0.3889086,0,0,0,0.05000001,0,0,0,0,0,0,2.404126E-08,2,-0.55,0,0,0,0.05000001,0,0,0,0,0,0,-0.3889087,2,-0.3889087,0,0,0,0.04999995,0,0,0,0,0,0,-0.55,2,0,0,0,0,0.05000001,0,0,0,0,0,0
21,0.009127647,0.6711702,0.6544109,0.102586,0.01575053,0.0003367664,-0.2169077,0,0,0,1,0,0,-0.4465434,0.6661028,0.4555869,0.1486481,-0.01992286,-0.07032904,-0.01800823,0,0,0,1,0,0,-0.4763245,-0.0009153819,0.4901816,0.1854286,-0.01337958,-0.1055226,0.1689422,0,0,0,1,0,0,0.01446222,0.01069133,0.7246434,0.1393515,0.1239447,0.2181859,-0.05634373,0,0,0,1,0,0,-0.6841463,-0.002509706,-0.002444357,0.1619846,-0.02140025,-0.06791139,-0.08050096,0,0,0,1,0,0,0.4730842,0.6727932,0.46779,0.1303018,0.07182959,0.07526729,-0.2767627,0,0,0,1,0,0,0.5144718,0.007947154,0.5112264,0.3471406,0.1117408,0.2243728,-0.1986369,0,0,0,1,0,0,-0.6459801,0.6661524,0.001213968,-0.008338694,0.01908839,0.00816453,-0.1006311,0,0,0,1,0,0,-0.5092668,0.005197375,-0.505582,-0.3355206,0.1275772,-0.2404482,-0.1987729,0,0,0,1,0,0,0.6498367,0.6677706,0.003299609,0.001960994,0.02417565,0.03519332,-0.1156062,0,0,0,1,0,0,0.6926517,-0.001225157,0.008609058,-0.1318604,-0.0228025,0.1117686,-0.08219481,0,0,0,1,0,0,-0.4642989,0.6703674,-0.4631891,-0.1035259,0.07270876,-0.03201367,-0.2700417,0,0,0,1,0,0,-0.005204986,0.006148896,-0.7110884,-0.09887429,0.1333917,-0.1762659,-0.04573697,0,0,0,1,0,0,0.4547433,0.6644051,-0.4509495,-0.06578418,-0.01854301,0.09794239,0.01197064,0,0,0,1,0,0,0.4879923,-0.001600461,-0.4865168,-0.1152873,-0.004613488,0.116691,0.16922,0,0,0,1,0,0,-0.002077224,0.6666217,-0.6485036,-0.05721634,0.009647015,0.01365841,-0.1982481,0,0,0,1,0,0,0.4325875,1.335207,0.4303055,0.1071468,0.04090072,0.08329007,-0.1104757,0,0,0,1,0,0,0.003708128,1.336256,0.6047242,0.03371714,0.01543165,0.0197202,-0.1181253,0,0,0,1,0,0,-0.4220771,1.332919,0.4251269,0.02577604,-0.01737476,0.01531095,0.0192669,0,0,0,1,0,0,0.6054278,1.335031,-0.0005767709,0.07617775,0.01237393,0.0001421723,0.03327179,0,0,0,1,0,0,-0.6013816,1.334214,0.0008609578,-0.04655423,0.02646447,0.007690414,0.03921229,0,0,0,1,0,0,-0.426851,1.334698,-0.4259284,-0.04612805,0.0355065,-0.03283025,-0.1097767,0,0,0,1,0,0,0.000445179,1.33287,-0.5998299,-0.006093028,0.003212692,-0.0002801419,-0.1177449,0,0,0,1,0,0,0.4230923,1.333011,-0.4220217,-0.01859219,0.002366305,0.02343954,0.02731824,0,0,0,1,0,0,0.3889087,2,0.3889088,0,0,0,0.05000001,0,0,0,0,0,0,0.55,2,4.808253E-08,0,0,0,0.05000001,0,0,0,0,0,0,-6.558685E-09,2,0.55,0,0,0,0.05000001,0,0,0,0,0,0,0.3889087,2,-0.3889087,0,0,0,0.04999995,0,0,0,0,0,0,-0.3889089,2,0.3889086,0,0,0,0.05000001,0,0,0,0,0,0,2.404126E-08,2,-0.55,0,0,0,0.05000001,0,0,0,0,0,0,-0.3889087,2,-0.3889087,0,0,0,0.04999995,0,0,0,0,0,0,-0.55,2,0,0,0,0,0.05000001,0,0,0,0,0,0
22,0.01111212,0.6715831,0.6526575,0.09922352,0.02064408,-0.08766953,-0.2163809,0,0,0,1,0,0,-0.4448883,0.6665251,0.4535974,0.08275363,0.02111495,-0.09947572,-0.01376808,0,0,0,1,0,0,-0.4731568,-0.001133559,0.4881944,0.158386,-0.01090884,-0.099358,0.1760096,0,0,0,1,0,0,0.01800082,0.01222661,0.7247436,0.1769298,0.07676406,0.005009772,-0.05151147,0,0,0,1,0,0,-0.6809384,-0.003548753,-0.003311748,0.1603932,-0.05195236,-0.0433696,-0.09141982,0,0,0,1,0,0,0.4744176,0.6747546,0.4682783,0.0666723,0.09807054,0.02441407,-0.2826253,0,0,0,1,0,0,0.5241445,0.01311154,0.5147163,0.4836352,0.2582192,0.1744986,-0.1997186,0,0,0,1,0,0,-0.6463548,0.6670682,0.002212502,-0.01873375,0.04579427,0.04992674,-0.1083725,0,0,0,1,0,0,-0.5188934,0.009572765,-0.5093958,-0.4813315,0.2187696,-0.1906932,-0.1992205,0,0,0,1,0,0,0.651535,0.6691846,0.002325278,0.08491579,0.07070306,-0.04871656,-0.1221915,0,0,0,1,0,0,0.6902575,-0.001488662,0.01048671,-0.11971,-0.01317526,0.09388252,-0.09319609,0,0,0,1,0,0,-0.4650661,0.671664,-0.4628122,-0.03836305,0.06482901,0.01884402,-0.2769397,0,0,0,1,0,0,-0.007008582,0.006858813,-0.7109213,-0.09017982,0.03549588,0.008353595,-0.03950351,0,0,0,1,0,0,0.4537078,0.6643146,-0.4490711,-0.0517741,-0.004526975,0.09391759,0.01697612,0,0,0,1,0,0,0.4861991,-0.001528771,-0.4840533,-0.08966181,0.003584499,0.1231745,0.1639431,0,0,0,1,0,0,-0.003548098,0.6659824,-0.6465883,-0.07354372,-0.03196598,0.09576384,-0.1973724,0,0,0,1,0,0,0.4332594,1.335404,0.4310663,0.03359468,0.00983477,0.03804268,-0.1135333,0,0,0,1,0,0,0.003470456,1.336603,0.605642,-0.01188361,0.01732112,0.04588963,-0.1172192,0,0,0,1,0,0,-0.4213133,1.333226,0.4259209,0.03818871,0.0153482,0.0396982,0.02213115,0,0,0,1,0,0,0.6083189,1.335893,-0.001201837,0.1445562,0.04311206,-0.03125333,0.03184724,0,0,0,1,0,0,-0.603123,1.334778,0.000981967,-0.0870705,0.02818109,0.006050462,0.0367552,0,0,0,1,0,0,-0.427774,1.335279,-0.4260288,-0.04614891,0.02908708,-0.005021693,-0.1125082,0,0,0,1,0,0,0.0005454767,1.332872,-0.6001184,0.00501489,9.536747E-05,-0.01442433,-0.1174806,0,0,0,1,0,0,0.4230269,1.332903,-0.4227309,-0.003270806,-0.005400183,-0.0354618,0.03037804,0,0,0,1,0,0,0.3889087,2,0.3889088,0,0,0,0.05000001,0,0,0,0,0,0,0.55,2,4.808253E-08,0,0,0,0.05000001,0,0,0,0,0,0,-6.558685E-09,2,0.55,0,0,0,0.05000001,0,0,0,0,0,0,0.3889087,2,-0.3889087,0,0,0,0.04999995,0,0,0,0,0,0,-0.3889089,2,0.3889086,0,0,0,0.05000001,0,0,0,0,0,0,2.404126E-08,2,-0.55,0,0,0,0.05000001,0,0,0,0,0,0,-0.3889087,2,-0.3889087,0,0,0,0.04999995,0,0,0,0,0,0,-0.55,2,0,0,0,0,0.05000001,0,0,0,0,0,0
23,0.01114699,0.6733173,0.6536634,0.001743669,0.08671287,0.05029442,-0.2127028,0,0,0,1,0,0,-0.4425358,0.6667067,0.4514817,0.1176239,0.009080771,-0.1057879,-0.01037705,0,0,0,1,0,0,-0.4695271,-0.0004313199,0.4863759,0.1814843,0.03511195,-0.09092543,0.1713337,0,0,0,1,0,0,0.01921546,0.01199632,0.721594,0.06073185,-0.01151478,-0.1574785,-0.04745823,0,0,0,1,0,0,-0.6794754,-0.003575123,-0.004758147,0.07314983,-0.001318509,-0.07231994,-0.1011812,0,0,0,1,0,0,0.4786458,0.6767107,0.4706228,0.2114118,0.0978053,0.117226,-0.2848845,0,0,0,1,0,0,0.5261141,0.01629458,0.5188084,0.09847883,0.1591522,0.204602,-0.2032402,0,0,0,1,0,0,-0.6513553,0.6678769,0.001477366,-0.2500237,0.04043283,-0.03675681,-0.1128519,0,0,0,1,0,0,-0.5239931,0.01204827,-0.5128061,-0.2549828,0.1237752,-0.1705111,-0.2009919,0,0,0,1,0,0,0.6550313,0.6707346,0.002343312,0.1748116,0.07749799,0.0009017185,-0.1274693,0,0,0,1,0,0,0.6886988,-0.00139014,0.01231062,-0.0779331,0.004926093,0.09119542,-0.1031723,0,0,0,1,0,0,-0.4703866,0.6730216,-0.4658521,-0.2660246,0.0678778,-0.1519949,-0.2780102,0,0,0,1,0,0,-0.008132344,0.006538271,-0.7075203,-0.05618813,-0.01602714,0.1700491,-0.0349853,0,0,0,1,0,0,0.4509246,0.6644426,-0.4472367,-0.139162,0.006401541,0.09172264,0.02011126,0,0,0,1,0,0,0.483578,-0.001302236,-0.4813909,-0.1310572,0.01132675,0.1331181,0.158608,0,0,0,1,0,0,-0.00421665,0.666953,-0.6475229,-0.03342764,0.0485331,-0.04673006,-0.1937078,0,0,0,1,0,0,0.4357067,1.335693,0.4320041,0.1223654,0.01446009,0.04688652,-0.1152937,0,0,0,1,0,0,0.003803619,1.336727,0.6054323,0.01665814,0.006204846,-0.01048446,-0.1173351,0,0,0,1,0,0,-0.4225088,1.333802,0.4253841,-0.05977305,0.02880098,-0.02683849,0.02623206,0,0,0,1,0,0,0.6088671,1.336625,-0.001443886,0.02740921,0.0365615,-0.01210245,0.0285638,0,0,0,1,0,0,-0.6042221,1.335137,0.0007102548,-0.05495252,0.01793505,-0.01358561,0.03364509,0,0,0,1,0,0,-0.4295647,1.336261,-0.4271421,-0.08953515,0.04906656,-0.0556648,-0.1139913,0,0,0,1,0,0,0.0008459538,1.332784,-0.6000326,0.01502386,-0.004386904,0.004291536,-0.1174905,0,0,0,1,0,0,0.4239081,1.333284,-0.4232978,0.04405828,0.01903773,-0.02834202,0.03432572,0,0,0,1,0,0,0.3889087,2,0.3889088,0,0,0,0.05000001,0,0,0,0,0,0,0.55,2,4.808253E-08,0,0,0,0.05000001,0,0,0,0,0,0,-6.558685E-09,2,0.55,0,0,0,0.05000001,0,0,0,0,0,0,0.3889087,2,-0.3889087,0,0,0,0.04999995,0,0,0,0,0,0,-0.3889089,2,0.3889086,0,0,0,0.05000001,0,0,0,0,0,0,2.404126E-08,2,-0.55,0,0,0,0.05000001,0,0,0,0,0,0,-0.3889087,2,-0.3889087,0,0,0,0.04999995,0,0,0,0,0,0,-0.55,2,0,0,0,0,0.05000001,0,0,0,0,0,0
24,0.01486532,0.6734524,0.6561492,0.1859168,0.006753209,0.1242906,-0.2093205,0,0,0,1,0,0,-0.4433378,0.667083,0.4520351,-0.04009606,0.01881123,0.02767296,-0.004423916,0,0,0,1,0,0,-0.4639538,0.004138771,0.4799679,0.2786682,0.2285046,-0.3204034,0.1614124,0,0,0,1,0,0,0.02473069,0.01356955,0.7153835,0.2757617,0.07866163,-0.3105254,-0.04949856,0,0,0,1,0,0,-0.6747349,-0.003575193,-0.006025519,0.2370269,-3.504103E-06,-0.06336866,-0.1115796,0,0,0,1,0,0,0.4867229,0.677724,0.4739626,0.4038559,0.05066397,0.1669899,-0.282494,0,0,0,1,0,0,0.5418785,0.02381404,0.5223385,0.7882181,0.375973,0.1765073,-0.2009378,0,0,0,1,0,0,-0.662289,0.671677,0.002018693,-0.5466851,0.1900048,0.02706636,-0.1096072,0,0,0,1,0,0,-0.5400653,0.02044523,-0.5169324,-0.803614,0.4198484,-0.2063186,-0.1986223,0,0,0,1,0,0,0.6651845,0.6738102,0.002177013,0.5076619,0.15378,-0.008314956,-0.125199,0,0,0,1,0,0,0.6859337,-0.00201731,0.01321371,-0.138256,-0.03135851,0.04515491,-0.1116189,0,0,0,1,0,0,-0.4770846,0.6768722,-0.4696059,-0.3349007,0.192532,-0.1876877,-0.2758171,0,0,0,1,0,0,-0.0158274,0.006554328,-0.7004685,-0.3847532,0.0008028702,0.3525884,-0.03767461,0,0,0,1,0,0,0.4503547,0.6642262,-0.4471036,-0.02849699,-0.01082123,0.006651881,0.02475667,0,0,0,1,0,0,0.4766592,-0.0007314709,-0.4730985,-0.3459381,0.02853829,0.4146205,0.1476898,0,0,0,1,0,0,-0.007670303,0.6668512,-0.6484564,-0.1726827,-0.005093219,-0.04667344,-0.1915421,0,0,0,1,0,0,0.437189,1.335562,0.4332513,0.07411245,-0.006580356,0.06236288,-0.1172022,0,0,0,1,0,0,0.005033509,1.336088,0.6026372,0.06149453,-0.03192426,-0.1397521,-0.1199101,0,0,0,1,0,0,-0.4197653,1.332814,0.4247299,0.1371742,-0.04939439,-0.03270955,0.02579749,0,0,0,1,0,0,0.6094712,1.336313,-0.001700575,0.03020466,-0.01556278,-0.01283442,0.02545482,0,0,0,1,0,0,-0.6052867,1.335765,0.001364562,-0.05322995,0.03141166,0.03271535,0.03169131,0,0,0,1,0,0,-0.4309599,1.337266,-0.4270539,-0.06975982,0.05024673,0.004410746,-0.1154982,0,0,0,1,0,0,0.001866899,1.330845,-0.5960784,0.0510473,-0.09695295,0.1977087,-0.1212749,0,0,0,1,0,0,0.4218462,1.332304,-0.4207695,-0.1030937,-0.04895331,0.1264155,0.0338645,0,0,0,1,0,0,0.3889087,2,0.3889088,0,0,0,0.05000001,0,0,0,0,0,0,0.55,2,4.808253E-08,0,0,0,0.05000001,0,0,0,0,0,0,-6.558685E-09,2,0.55,0,0,0,0.05000001,0,0,0,0,0,0,0.3889087,2,-0.3889087,0,0,0,0.04999995,0,0,0,0,0,0,-0.3889089,2,0.3889086,0,0,0,0.05000001,0,0,0,0,0,0,2.404126E-08,2,-0.55,0,0,0,0.05000001,0,0,0,0,0,0,-0.3889087,2,-0.3889087,0,0,0,0.04999995,0,0,0,0,0,0,-0.55,2,0,0,0,0,0.05000001,0,0,0,0,0,0
25,0.01486532,0.6734524,0.6561492,0,0,0,-0.2093205,0,0,0,1,0,0,-0.4433378,0.667083,0.4520351,0,0,0,-0.004423916,0,0,0,1,0,0,-0.4639538,0.004138771,0.4799679,0,0,0,0.1614124,0,0,0,1,0,0,0.02473069,0.01356955,0.7153835,0,0,0,-0.04949856,0,0,0,1,0,0,-0.6747349,-0.003575193,-0.006025519,0,0,0,-0.1115796,0,0,0,1,0,0,0.4867229,0.677724,0.4739626,0,0,0,-0.282494,0,0,0,1,0,0,0.5418785,0.02381404,0.5223385,0,0,0,-0.2009378,0,0,0,1,0,0,-0.662289,0.671677,0.002018693,0,0,0,-0.1096072,0,0,0,1,0,0,-0.5400653,0.02044523,-0.5169324,0,0,0,-0.1986223,0,0,0,1,0,0,0.6651845,0.6738102,0.002177013,0,0,0,-0.125199,0,0,0,1,0,0,0.6859337,-0.00201731,0.01321371,0,0,0,-0.1116189,0,0,0,1,0,0,-0.4770846,0.6768722,-0.4696059,0,0,0,-0.2758171,0,0,0,1,0,0,-0.0158274,0.006554328,-0.7004685,0,0,0,-0.03767461,0,0,0,1,0,0,0.4503547,0.6642262,-0.4471036,0,0,0,0.02475667,0,0,0,1,0,0,0.4766592,-0.0007314709,-0.4730985,0,0,0,0.1476898,0,0,0,1,0,0,-0.007670303,0.6668512,-0.6484564,0,0,0,-0.1915421,0,0,0,1,0,0,0.437189,1.335562,0.4332513,0,0,0,-0.1172022,0,0,0,1,0,0,0.005033509,1.336088,0.6026372,0,0,0,-0.1199101,0,0,0,1,0,0,-0.4197653,1.332814,0.4247299,0,0,0,0.02579749,0,0,0,1,0,0,0.6094712,1.336313,-0.001700575,0,0,0,0.02545482,0,0,0,1,0,0,-0.6052867,1.335765,0.001364562,0,0,0,0.03169131,0,0,0,1,0,0,-0.4309599,1.337266,-0.4270539,0,0,0,-0.1154982,0,0,0,1,0,0,0.001866899,1.330845,-0.5960784,0,0,0,-0.1212749,0,0,0,1,0,0,0.4218462,1.332304,-0.4207695,0,0,0,0.0338645,0,0,0,1,0,0,0.3889087,2,0.3889088,0,0,0,0.05000001,0,0,0,0,0,0,0.55,2,4.808253E-08,0,0,0,0.05000001,0,0,0,0,0,0,-6.558685E-09,2,0.55,0,0,0,0.05000001,0,0,0,0,0,0,0.3889087,2,-0.3889087,0,0,0,0.04999995,0,0,0,0,0,0,-0.3889089,2,0.3889086,0,0,0,0.05000001,0,0,0,0,0,0,2.404126E-08,2,-0.55,0,0,0,0.05000001,0,0,0,0,0,0,-0.3889087,2,-0.3889087,0,0,0,0.04999995,0,0,0,0,0,0,-0.55,2,0,0,0,0,0.05000001,0,0,0,0,0,0
26,0.01719709,0.6742646,0.6586066,0.1165882,0.04061164,0.1228691,-0.2031059,0,0,0,1,0,0,-0.443552,0.6679389,0.4512109,-0.01070947,0.04279615,-0.04121365,0.005144775,0,0,0,1,0,0,-0.446604,0.003380141,0.455936,0.8674893,-0.03793151,-1.201594,0.1344525,0,0,0,1,0,0,0.03532886,0.01340687,0.6975517,0.5299088,-0.008134034,-0.8915935,-0.05588913,0,0,0,1,0,0,-0.6726708,0.0001265357,-0.01210494,0.1032055,0.1850865,-0.3039711,-0.1295512,0,0,0,1,0,0,0.4980585,0.6817731,0.4809186,0.5667763,0.2024562,0.3477962,-0.2804896,0,0,0,1,0,0,0.5714411,0.04391392,0.5348463,1.478133,1.004995,0.6253901,-0.195963,0,0,0,1,0,0,-0.6793979,0.6787553,0.006194231,-0.8554492,0.3539176,0.208777,-0.1054453,0,0,0,1,0,0,-0.5733694,0.03965305,-0.5265865,-1.665205,0.9603912,-0.4827024,-0.1926726,0,0,0,1,0,0,0.6823034,0.6815943,-0.002678839,0.8559439,0.3892066,-0.2427927,-0.1205443,0,0,0,1,0,0,0.6926321,0.002688482,0.01592395,0.3349186,0.2352897,0.1355119,-0.1222521,0,0,0,1,0,0,-0.4862116,0.6855357,-0.4759842,-0.4563468,0.433174,-0.3189192,-0.2747064,0,0,0,1,0,0,-0.0301206,0.005602804,-0.6852596,-0.7146599,-0.04757622,0.7604453,-0.04282719,0,0,0,1,0,0,0.444252,0.6632547,-0.4443125,-0.3051327,-0.04857482,0.1395599,0.02849317,0,0,0,1,0,0,0.4578957,-0.005390919,-0.4436836,-0.9381775,-0.2329725,1.470747,0.1166022,0,0,0,1,0,0,-0.01225859,0.6659469,-0.645338,-0.2294145,-0.04521312,0.1559198,-0.1907812,0,0,0,1,0,0,0.4385235,1.335626,0.4343945,0.06672594,0.003206731,0.05716088,-0.1221198,0,0,0,1,0,0,0.005089365,1.335721,0.6021596,0.002792828,-0.0183642,-0.02388359,-0.1205156,0,0,0,1,0,0,-0.4180918,1.333676,0.425882,0.08367601,0.04308226,0.05760046,0.0299685,0,0,0,1,0,0,0.6094258,1.336998,-0.003415827,-0.002270938,0.03423096,-0.08576264,0.0196597,0,0,0,1,0,0,-0.6094334,1.337822,0.00203472,-0.2073348,0.1028777,0.03350791,0.02963096,0,0,0,1,0,0,-0.4351548,1.339347,-0.4307643,-0.2097488,0.1040519,-0.1855195,-0.1161177,0,0,0,1,0,0,0.004150064,1.329118,-0.5956578,0.1141583,-0.0863314,0.02103151,-0.122101,0,0,0,1,0,0,0.4215358,1.332168,-0.4201561,-0.01552106,-0.006800893,0.03066958,0.03797442,0,0,0,1,0,0,0.3889087,2,0.3889088,0,0,0,0.05000001,0,0,0,0,0,0,0.55,2,4.808253E-08,0,0,0,0.05000001,0,0,0,0,0,0,-6.558685E-09,2,0.55,0,0,0,0.05000001,0,0,0,0,0,0,0.3889087,2,-0.3889087,0,0,0,0.04999995,0,0,0,0,0,0,-0.3889089,2,0.3889086,0,0,0,0.05000001,0,0,0,0,0,0,2.404126E-08,2,-0.55,0,0,0,0.05000001,0,0,0,0,0,0,-0.3889087,2,-0.3889087,0,0,0,0.04999995,0,0,0,0,0,0,-0.55,2,0,0,0,0,0.05000001,0,0,0,0,0,0
27,0.01888601,0.6742819,0.6554251,0.0844464,0.0008642677,-0.1590729,-0.2041928,0,0,0,1,0,0,-0.4401294,0.6688767,0.448669,0.171128,0.04689099,-0.127092,0.005728424,0,0,0,1,0,0,-0.4362402,0.001952005,0.4366806,0.5181895,-0.07140684,-0.9627689,0.11517,0,0,0,1,0,0,0.04045288,0.01277539,0.6890658,0.2562014,-0.03157376,-0.4242929,-0.05825746,0,0,0,1,0,0,-0.6844805,0.005338313,-0.01305917,-0.5904856,0.2605889,-0.04771167,-0.1299822,0,0,0,1,0,0,0.5050579,0.6844106,0.4848959,0.3499733,0.1318723,0.198865,-0.2778875,0,0,0,1,0,0,0.5876862,0.05465984,0.5409271,0.8122566,0.5372959,0.3040404,-0.1925589,0,0,0,1,0,0,-0.6862264,0.6835026,0.006802431,-0.3414215,0.2373607,0.03041002,-0.1050999,0,0,0,1,0,0,-0.5909473,0.05032296,-0.5331513,-0.8788917,0.5334958,-0.3282429,-0.1880436,0,0,0,1,0,0,0.6887736,0.6855393,-0.004165952,0.3235103,0.1972497,-0.07435566,-0.1202696,0,0,0,1,0,0,0.7054463,0.008921772,0.01614001,0.6407114,0.3116647,0.01080316,-0.1220361,0,0,0,1,0,0,-0.4919327,0.6890166,-0.4779532,-0.2860592,0.1740456,-0.09844605,-0.2740572,0,0,0,1,0,0,-0.03667139,0.005625718,-0.6778355,-0.3275398,0.001145713,0.3712089,-0.04510814,0,0,0,1,0,0,0.4400326,0.6637593,-0.4417136,-0.2109707,0.02523066,0.1299412,0.02852297,0,0,0,1,0,0,0.4495739,-0.006806261,-0.4292187,-0.4160883,-0.07076713,0.7232431,0.1019483,0,0,0,1,0,0,-0.01439943,0.6654447,-0.6428332,-0.1070419,-0.02510847,0.1252383,-0.1911686,0,0,0,1,0,0,0.4418015,1.336422,0.4375017,0.1639009,0.03980996,0.1553596,-0.1215044,0,0,0,1,0,0,0.006654012,1.336532,0.6025881,0.07823236,0.04056694,0.02142788,-0.1200057,0,0,0,1,0,0,-0.418357,1.334943,0.4275178,-0.01325906,0.06336572,0.08179399,0.03358024,0,0,0,1,0,0,0.6119741,1.337769,-0.003702767,0.1274169,0.03854634,-0.01434701,0.01874077,0,0,0,1,0,0,-0.6124756,1.339042,0.002342172,-0.1521111,0.06099346,0.01537264,0.02947718,0,0,0,1,0,0,-0.4384282,1.340846,-0.4342275,-0.1636685,0.07494095,-0.173162,-0.114749,0,0,0,1,0,0,0.004341912,1.328819,-0.5952873,0.00959237,-0.01495481,0.01852513,-0.1224371,0,0,0,1,0,0,0.4208716,1.331935,-0.4194375,-0.03321023,-0.01167059,0.03592969,0.03935367,0,0,0,1,0,0,0.3889087,2,0.3889088,0,0,0,0.05000001,0,0,0,0,0,0,0.55,2,4.808253E-08,0,0,0,0.05000001,0,0,0,0,0,0,-6.558685E-09,2,0.55,0,0,0,0.05000001,0,0,0,0,0,0,0.3889087,2,-0.3889087,0,0,0,0.04999995,0,0,0,0,0,0,-0.3889089,2,0.3889086,0,0,0,0.05000001,0,0,0,0,0,0,2.404126E-08,2,-0.55,0,0,0,0.05000001,0,0,0,0,0,0,-0.3889087,2,-0.3889087,0,0,0,0.04999995,0,0,0,0,0,0,-0.55,2,0,0,0,0,0.05000001,0,0,0,0,0,0
28,0.01965907,0.674556,0.6517693,0.03865279,0.01370311,-0.1827926,-0.204131,0,0,0,1,0,0,-0.4360267,0.6699865,0.445279,0.2051369,0.05548897,-0.1695008,0.00746578,0,0,0,1,0,0,-0.4239058,0.0001116562,0.4144587,0.616722,-0.09201749,-1.111095,0.09380215,0,0,0,1,0,0,0.04561016,0.0132133,0.6819174,0.2578638,0.02189526,-0.3574224,-0.05706203,0,0,0,1,0,0,-0.6960424,0.01098315,-0.01418532,-0.5780967,0.2822421,-0.05630727,-0.133265,0,0,0,1,0,0,0.5109208,0.6885499,0.4890848,0.2931447,0.2069683,0.2094463,-0.2781859,0,0,0,1,0,0,0.5993217,0.0630397,0.5451556,0.5817744,0.4189933,0.2114237,-0.1934246,0,0,0,1,0,0,-0.6917648,0.6880804,0.006831772,-0.2769233,0.2288909,0.001467043,-0.1092514,0,0,0,1,0,0,-0.6042148,0.05987656,-0.5388718,-0.6633791,0.4776804,-0.2860219,-0.1875837,0,0,0,1,0,0,0.695771,0.6896492,-0.005316625,0.3498705,0.205493,-0.05753366,-0.1227928,0,0,0,1,0,0,0.716549,0.01573951,0.0183206,0.555137,0.3408872,0.1090291,-0.1266609,0,0,0,1,0,0,-0.496075,0.6928169,-0.4794689,-0.2071143,0.1900137,-0.07578734,-0.2772681,0,0,0,1,0,0,-0.04371101,0.005240662,-0.6718889,-0.3519814,-0.01925284,0.297326,-0.04318136,0,0,0,1,0,0,0.4346499,0.6638352,-0.4394563,-0.269133,0.003796817,0.1128689,0.0298261,0,0,0,1,0,0,0.4420872,-0.007741976,-0.4139323,-0.3743337,-0.04678575,0.7643241,0.08693171,0,0,0,1,0,0,-0.01625474,0.6656157,-0.6400864,-0.09276577,0.00855029,0.1373411,-0.190409,0,0,0,1,0,0,0.4447974,1.337111,0.4398877,0.149797,0.03443362,0.1192987,-0.1227784,0,0,0,1,0,0,0.00744369,1.33719,0.6043823,0.03948392,0.03288985,0.08970801,-0.1185464,0,0,0,1,0,0,-0.4194525,1.336265,0.4297993,-0.05477818,0.06612542,0.1140744,0.03905177,0,0,0,1,0,0,0.6142562,1.338229,-0.005006885,0.1141042,0.02298952,-0.06520595,0.01631385,0,0,0,1,0,0,-0.6158063,1.340393,0.002446692,-0.1665354,0.06753209,0.005225979,0.02806276,0,0,0,1,0,0,-0.4412399,1.342087,-0.4380513,-0.1405836,0.06207826,-0.1911909,-0.1150445,0,0,0,1,0,0,0.005314397,1.328366,-0.5950297,0.04862428,-0.02267362,0.01288057,-0.1225565,0,0,0,1,0,0,0.4208286,1.332067,-0.4191419,-0.002147258,0.006592277,0.01477898,0.04252076,0,0,0,1,0,0,0.3889087,2,0.3889088,0,0,0,0.05000001,0,0,0,0,0,0,0.55,2,4.808253E-08,0,0,0,0.05000001,0,0,0,0,0,0,-6.558685E-09,2,0.55,0,0,0,0.05000001,0,0,0,0,0,0,0.3889087,2,-0.3889087,0,0,0,0.04999995,0,0,0,0,0,0,-0.3889089,2,0.3889086,0,0,0,0.05000001,0,0,0,0,0,0,2.404126E-08,2,-0.55,0,0,0,0.05000001,0,0,0,0,0,0,-0.3889087,2,-0.3889087,0,0,0,0.04999995,0,0,0,0,0,0,-0.55,2,0,0,0,0,0.05000001,0,0,0,0,0,0
29,0.02204929,0.6743191,0.648989,0.1195113,-0.01184345,-0.139013,-0.2052065,0,0,0,1,0,0,-0.4335324,0.6721748,0.44458,0.1247109,0.1094133,-0.03495069,0.008535445,0,0,0,1,0,0,-0.4087591,0.001334267,0.3903812,0.757331,0.06113057,-1.203874,0.07021964,0,0,0,1,0,0,0.05363679,0.01729782,0.6750159,0.4013318,0.2042261,-0.3450723,-0.06215966,0,0,0,1,0,0,-0.7135404,0.02136629,-0.01516773,-0.8749012,0.5191573,-0.04912063,-0.1316509,0,0,0,1,0,0,0.5203145,0.6936497,0.495387,0.4696818,0.2549888,0.315109,-0.2711797,0,0,0,1,0,0,0.6163604,0.07457593,0.5476506,0.8519325,0.5768119,0.1247526,-0.1913635,0,0,0,1,0,0,-0.7013432,0.6935382,0.007464424,-0.4789205,0.272891,0.03163259,-0.1057605,0,0,0,1,0,0,-0.6231651,0.07152611,-0.5429913,-0.9475145,0.5824775,-0.2059758,-0.1831907,0,0,0,1,0,0,0.7074311,0.6960047,-0.006970878,0.5830082,0.3177763,-0.0827127,-0.116818,0,0,0,1,0,0,0.7326829,0.02614536,0.01907076,0.8066925,0.5202924,0.03750819,-0.1256689,0,0,0,1,0,0,-0.5012518,0.6983399,-0.4837671,-0.2588362,0.2761514,-0.2149091,-0.2744267,0,0,0,1,0,0,-0.05200664,0.005708891,-0.6660252,-0.4147816,0.02341148,0.2931864,-0.04578394,0,0,0,1,0,0,0.4309888,0.6647992,-0.4395209,-0.1830593,0.04819633,-0.003230573,0.03047276,0,0,0,1,0,0,0.4350007,-0.006714653,-0.3952183,-0.3543259,0.05136618,0.9356994,0.06874174,0,0,0,1,0,0,-0.019154,0.6649678,-0.6375645,-0.1449627,-0.03239514,0.1260967,-0.1912594,0,0,0,1,0,0,0.4480256,1.337818,0.4428165,0.1614109,0.03535749,0.1464397,-0.1220352,0,0,0,1,0,0,0.008766598,1.337938,0.6051677,0.06614542,0.03737809,0.03927352,-0.1178222,0,0,0,1,0,0,-0.4187684,1.337023,0.4302372,0.03420563,0.03790261,0.02189578,0.04105514,0,0,0,1,0,0,0.616766,1.338279,-0.006384692,0.1254917,0.002497436,-0.06889038,0.01567739,0,0,0,1,0,0,-0.6192661,1.341804,0.002873432,-0.1729906,0.07056597,0.02133703,0.02865767,0,0,0,1,0,0,-0.4449142,1.343753,-0.4424482,-0.183718,0.08326772,-0.2198444,-0.1126756,0,0,0,1,0,0,0.007224186,1.326916,-0.5944717,0.09548952,-0.07247928,0.02789797,-0.123331,0,0,0,1,0,0,0.420104,1.331835,-0.4179188,-0.03623368,-0.01161695,0.06115439,0.04348242,0,0,0,1,0,0,0.3889087,2,0.3889088,0,0,0,0.05000001,0,0,0,0,0,0,0.55,2,4.808253E-08,0,0,0,0.05000001,0,0,0,0,0,0,-6.558685E-09,2,0.55,0,0,0,0.05000001,0,0,0,0,0,0,0.3889087,2,-0.3889087,0,0,0,0.04999995,0,0,0,0,0,0,-0.3889089,2,0.3889086,0,0,0,0.05000001,0,0,0,0,0,0,2.404126E-08,2,-0.55,0,0,0,0.05000001,0,0,0,0,0,0,-0.3889087,2,-0.3889087,0,0,0,0.04999995,0,0,0,0,0,0,-0.55,2,0,0,0,0,0.05000001,0,0,0,0,0,0
30,0.02241063,0.6750647,0.646178,0.01806664,0.03728272,-0.1405508,-0.2053034,0,0,0,1,0,0,-0.4320759,0.6743276,0.4443226,0.07282797,0.1076401,-0.01286716,0.01103044,0,0,0,1,0,0,-0.3919508,0.001559075,0.3621868,0.8404184,0.01124039,-1.409725,0.04427344,0,0,0,1,0,0,0.05939687,0.01946243,0.6678534,0.2880042,0.1082308,-0.3581287,-0.06471986,0,0,0,1,0,0,-0.7252759,0.03051724,-0.01669131,-0.5867722,0.4575473,-0.07617905,-0.1340585,0,0,0,1,0,0,0.5284838,0.6986295,0.499866,0.4084678,0.2489896,0.2239526,-0.2667497,0,0,0,1,0,0,0.6268998,0.08368556,0.5506192,0.5269738,0.4554817,0.1484275,-0.1917685,0,0,0,1,0,0,-0.706629,0.6986302,0.007878549,-0.2642871,0.2546013,0.02070629,-0.1066328,0,0,0,1,0,0,-0.6352193,0.08116424,-0.5466615,-0.6027075,0.4819067,-0.1835109,-0.1823703,0,0,0,1,0,0,0.7147339,0.7009472,-0.009800736,0.3651382,0.2471239,-0.1414929,-0.1148916,0,0,0,1,0,0,0.7440215,0.03421985,0.0207422,0.5669298,0.4037248,0.08357199,-0.1277328,0,0,0,1,0,0,-0.5053648,0.703405,-0.4876747,-0.205654,0.2532543,-0.1953811,-0.2731284,0,0,0,1,0,0,-0.05958425,0.005645661,-0.6592903,-0.3788804,-0.003161515,0.3367485,-0.04766661,0,0,0,1,0,0,0.4270118,0.6650765,-0.438641,-0.1988471,0.01386703,0.04399123,0.03114444,0,0,0,1,0,0,0.4221914,-0.007810532,-0.3713717,-0.6404685,-0.05479399,1.19233,0.04681164,0,0,0,1,0,0,-0.02070421,0.6643561,-0.6339991,-0.07751075,-0.03058911,0.1782686,-0.1921265,0,0,0,1,0,0,0.4496949,1.338307,0.4441442,0.08346292,0.02447964,0.06638619,-0.123246,0,0,0,1,0,0,0.0101263,1.339012,0.6073531,0.06798522,0.05371573,0.1092673,-0.1159563,0,0,0,1,0,0,-0.4189615,1.338703,0.4321263,-0.009651486,0.08400086,0.09445403,0.04481763,0,0,0,1,0,0,0.618257,1.338984,-0.008053474,0.07454756,0.03526808,-0.08343913,0.01447719,0,0,0,1,0,0,-0.6220789,1.343076,0.002868095,-0.1406402,0.06356838,-0.0002668357,0.02823102,0,0,0,1,0,0,-0.4465355,1.344714,-0.4453735,-0.08106384,0.04805924,-0.1462624,-0.1128548,0,0,0,1,0,0,0.008259935,1.326724,-0.596086,0.05178747,-0.009626154,-0.08071664,-0.1219668,0,0,0,1,0,0,0.4199666,1.331846,-0.4180001,-0.006866458,0.0005722048,-0.004066528,0.0455606,0,0,0,1,0,0,0.3889087,2,0.3889088,0,0,0,0.05000001,0,0,0,0,0,0,0.55,2,4.808253E-08,0,0,0,0.05000001,0,0,0,0,0,0,-6.558685E-09,2,0.55,0,0,0,0.05000001,0,0,0,0,0,0,0.3889087,2,-0.3889087,0,0,0,0.04999995,0,0,0,0,0,0,-0.3889089,2,0.3889086,0,0,0,0.05000001,0,0,0,0,0,0,2.404126E-08,2,-0.55,0,0,0,0.05000001,0,0,0,0,0,0,-0.3889087,2,-0.3889087,0,0,0,0.04999995,0,0,0,0,0,0,-0.55,2,0,0,0,0,0.05000001,0,0,0,0,0,0
31,0.02162522,0.6752122,0.6448128,-0.03927035,0.007373097,-0.06826225,-0.2021966,0,0,0,1,0,0,-0.4320351,0.6755249,0.4438199,0.00204146,0.05986693,-0.02513678,0.01694751,0,0,0,1,0,0,-0.3754787,0.002660941,0.3319382,0.8236054,0.05509333,-1.512427,0.01817292,0,0,0,1,0,0,0.06423951,0.02255419,0.6606698,0.242132,0.1545877,-0.3591777,-0.06407535,0,0,0,1,0,0,-0.735962,0.03834977,-0.01902529,-0.5343052,0.3916267,-0.116699,-0.1392733,0,0,0,1,0,0,0.5358656,0.7032109,0.5047261,0.36909,0.2290727,0.2430052,-0.2651795,0,0,0,1,0,0,0.6364562,0.09374129,0.5536228,0.4778178,0.5027866,0.1501829,-0.1948825,0,0,0,1,0,0,-0.7145129,0.7028521,0.008931714,-0.3941984,0.2110929,0.05265826,-0.108364,0,0,0,1,0,0,-0.6449825,0.09079676,-0.5497202,-0.4881622,0.4816262,-0.1529337,-0.1851297,0,0,0,1,0,0,0.7222223,0.7056042,-0.01167721,0.3744186,0.2328516,-0.09382371,-0.1164426,0,0,0,1,0,0,0.7544487,0.04208766,0.02209839,0.521359,0.3933906,0.06780953,-0.132619,0,0,0,1,0,0,-0.5117887,0.7088708,-0.4911446,-0.3211917,0.2732904,-0.1734928,-0.2727361,0,0,0,1,0,0,-0.0667221,0.008376934,-0.6532846,-0.3568928,0.1365637,0.3002824,-0.04683566,0,0,0,1,0,0,0.425494,0.6654136,-0.4384483,-0.07589015,0.01685322,0.009636585,0.03623819,0,0,0,1,0,0,0.4071775,-0.007933375,-0.3437988,-0.750694,-0.006142168,1.378643,0.0224334,0,0,0,1,0,0,-0.02091243,0.6647565,-0.6330292,-0.01041117,0.02002121,0.04849734,-0.18884,0,0,0,1,0,0,0.4507747,1.338889,0.4461671,0.0539914,0.02908112,0.1011417,-0.1258672,0,0,0,1,0,0,0.01057035,1.339415,0.6081891,0.02220227,0.02016426,0.04180075,-0.1152821,0,0,0,1,0,0,-0.4198864,1.339895,0.4328399,-0.04624875,0.05959275,0.03567936,0.0495531,0,0,0,1,0,0,0.6186116,1.339631,-0.009159555,0.01772941,0.03234149,-0.05530405,0.01069468,0,0,0,1,0,0,-0.623989,1.343576,0.002695058,-0.09550754,0.02504588,-0.008651885,0.02518749,0,0,0,1,0,0,-0.4472952,1.345079,-0.4473052,-0.03798755,0.01826883,-0.09658489,-0.1156702,0,0,0,1,0,0,0.009096708,1.326097,-0.5964698,0.04183866,-0.03134013,-0.01918972,-0.1217182,0,0,0,1,0,0,0.4195105,1.331711,-0.417446,-0.02280773,-0.00676513,0.02770425,0.04809368,0,0,0,1,0,0,0.3889087,2,0.3889088,0,0,0,0.05000001,0,0,0,0,0,0,0.55,2,4.808253E-08,0,0,0,0.05000001,0,0,0,0,0,0,-6.558685E-09,2,0.55,0,0,0,0.05000001,0,0,0,0,0,0,0.3889087,2,-0.3889087,0,0,0,0.04999995,0,0,0,0,0,0,-0.3889089,2,0.3889086,0,0,0,0.05000001,0,0,0,0,0,0,2.404126E-08,2,-0.55,0,0,0,0.05000001,0,0,0,0,0,0,-0.3889087,2,-0.3889087,0,0,0,0.04999995,0,0,0,0,0,0,-0.55,2,0,0,0,0,0.05000001,0,0,0,0,0,0
32,0.02277583,0.674693,0.6444374,0.0575307,-0.02595783,-0.01876653,-0.2000802,0,0,0,1,0,0,-0.4316868,0.6776969,0.4450785,0.0174135,0.1085997,0.06293061,0.02076221,0,0,0,1,0,0,-0.3592918,0.009674491,0.3015951,0.8093449,0.3506777,-1.517159,-0.00966686,0,0,0,1,0,0,0.07194384,0.02703899,0.6531711,0.3852168,0.2242404,-0.3749372,-0.06858391,0,0,0,1,0,0,-0.7519106,0.04943666,-0.01865496,-0.797433,0.554345,0.01851638,-0.1385011,0,0,0,1,0,0,0.5451691,0.7083142,0.5113082,0.4651757,0.2551646,0.3291042,-0.2585485,0,0,0,1,0,0,0.6523709,0.1073822,0.5558976,0.7957342,0.682048,0.1137376,-0.1943375,0,0,0,1,0,0,-0.7265456,0.7094185,0.009591127,-0.6016346,0.3283204,0.03297065,-0.1032587,0,0,0,1,0,0,-0.6606231,0.1033159,-0.5529827,-0.7820311,0.6259586,-0.1631261,-0.1833717,0,0,0,1,0,0,0.7337046,0.711731,-0.01438284,0.5741181,0.3063382,-0.1352815,-0.1109009,0,0,0,1,0,0,0.7698609,0.05368944,0.02147368,0.7706109,0.5800892,-0.03123564,-0.1322268,0,0,0,1,0,0,-0.519115,0.7150664,-0.4961886,-0.3663184,0.3097804,-0.2522008,-0.2681029,0,0,0,1,0,0,-0.07375408,0.01218324,-0.646576,-0.351599,0.1903154,0.3354312,-0.04986167,0,0,0,1,0,0,0.4256326,0.6668426,-0.4394652,0.006929043,0.07145408,-0.05084576,0.04076952,0,0,0,1,0,0,0.3909361,-0.005129028,-0.3111855,-0.8120674,0.1402174,1.630669,-0.006783783,0,0,0,1,0,0,-0.02244264,0.6643187,-0.6324999,-0.07651014,-0.02188982,0.02646447,-0.1868692,0,0,0,1,0,0,0.4525836,1.338978,0.4478896,0.09044562,0.004440548,0.08612577,-0.1271954,0,0,0,1,0,0,0.01160504,1.339544,0.6084192,0.05173489,0.006455185,0.0115037,-0.1153416,0,0,0,1,0,0,-0.4183162,1.340431,0.4326843,0.07851425,0.02678634,-0.0077799,0.0507322,0,0,0,1,0,0,0.6195862,1.340667,-0.009652871,0.04873278,0.0518203,-0.02466581,0.008788109,0,0,0,1,0,0,-0.6254637,1.344181,0.002663556,-0.07373396,0.03023149,-0.001575065,0.02332199,0,0,0,1,0,0,-0.4484952,1.345701,-0.449996,-0.05999955,0.03110172,-0.1345397,-0.1164652,0,0,0,1,0,0,0.01046775,1.325153,-0.596245,0.06855189,-0.04719498,0.01124144,-0.1219678,0,0,0,1,0,0,0.4183183,1.331048,-0.4160255,-0.05961063,-0.03311636,0.07102492,0.04858834,0,0,0,1,0,0,0.3889087,2,0.3889088,0,0,0,0.05000001,0,0,0,0,0,0,0.55,2,4.808253E-08,0,0,0,0.05000001,0,0,0,0,0,0,-6.558685E-09,2,0.55,0,0,0,0.05000001,0,0,0,0,0,0,0.3889087,2,-0.3889087,0,0,0,0.04999995,0,0,0,0,0,0,-0.3889089,2,0.3889086,0,0,0,0.05000001,0,0,0,0,0,0,2.404126E-08,2,-0.55,0,0,0,0.05000001,0,0,0,0,0,0,-0.3889087,2,-0.3889087,0,0,0,0.04999995,0,0,0,0,0,0,-0.55,2,0,0,0,0,0.05000001,0,0,0,0,0,0
33,0.02273022,0.6757722,0.6436723,-0.00228081,0.05396011,-0.03825726,-0.1980877,0,0,0,1,0,0,-0.4300837,0.6794878,0.445531,0.08015487,0.08954708,0.02262295,0.02309245,0,0,0,1,0,0,-0.343688,0.0171252,0.2702571,0.7801878,0.3725354,-1.566901,-0.03727335,0,0,0,1,0,0,0.07814094,0.02914362,0.645327,0.3098553,0.1052317,-0.3922017,-0.0715223,0,0,0,1,0,0,-0.7622005,0.05868159,-0.02002304,-0.5144956,0.4622467,-0.06840409,-0.1414126,0,0,0,1,0,0,0.5527089,0.7138126,0.5160558,0.3769876,0.2749176,0.2373786,-0.2540476,0,0,0,1,0,0,0.6626997,0.1185519,0.5592448,0.5164416,0.5584804,0.167361,-0.1948653,0,0,0,1,0,0,-0.734244,0.7159656,0.009631813,-0.384921,0.3273548,0.002034289,-0.1017388,0,0,0,1,0,0,-0.6710957,0.1149443,-0.5564005,-0.52363,0.5814182,-0.1708926,-0.183812,0,0,0,1,0,0,0.7404873,0.7160399,-0.01813768,0.3391327,0.215447,-0.187742,-0.1089683,0,0,0,1,0,0,0.7813483,0.06308877,0.02301432,0.5743744,0.469967,0.07703242,-0.134261,0,0,0,1,0,0,-0.5255862,0.7212484,-0.5009989,-0.323558,0.3091038,-0.2405138,-0.263974,0,0,0,1,0,0,-0.08107852,0.01495298,-0.6387652,-0.3662223,0.138487,0.3905417,-0.0534665,0,0,0,1,0,0,0.4243068,0.6672037,-0.4390191,-0.06628934,0.01805127,0.02230556,0.04368025,0,0,0,1,0,0,0.3698308,-0.002633984,-0.2733868,-1.055265,0.1247522,1.889933,-0.03872341,0,0,0,1,0,0,-0.02269396,0.6636957,-0.6293426,-0.01256615,-0.0311494,0.157863,-0.1865813,0,0,0,1,0,0,0.4539442,1.339011,0.4484059,0.06802681,0.00166297,0.02581478,-0.1291789,0,0,0,1,0,0,0.01236759,1.340114,0.6098342,0.03812739,0.02850295,0.07075074,-0.1142377,0,0,0,1,0,0,-0.4187657,1.34215,0.4343734,-0.02247841,0.0859559,0.08445534,0.05454654,0,0,0,1,0,0,0.6209897,1.341302,-0.01082452,0.07017258,0.03172756,-0.05858254,0.00735271,0,0,0,1,0,0,-0.6273519,1.344984,0.002662394,-0.09441081,0.04015566,-5.811455E-05,0.02199757,0,0,0,1,0,0,-0.4485519,1.345802,-0.4530771,-0.002834202,0.005024673,-0.1540587,-0.1180314,0,0,0,1,0,0,0.01123435,1.325019,-0.5976747,0.03833027,-0.006681683,-0.07148388,-0.1207114,0,0,0,1,0,0,0.4184038,1.331407,-0.416088,0.004278125,0.01794101,-0.003123285,0.05092764,0,0,0,1,0,0,0.3889087,2,0.3889088,0,0,0,0.05000001,0,0,0,0,0,0,0.55,2,4.808253E-08,0,0,0,0.05000001,0,0,0,0,0,0,-6.558685E-09,2,0.55,0,0,0,0.05000001,0,0,0,0,0,0,0.3889087,2,-0.3889087,0,0,0,0.04999995,0,0,0,0,0,0,-0.3889089,2,0.3889086,0,0,0,0.05000001,0,0,0,0,0,0,2.404126E-08,2,-0.55,0,0,0,0.05000001,0,0,0,0,0,0,-0.3889087,2,-0.3889087,0,0,0,0.04999995,0,0,0,0,0,0,-0.55,2,0,0,0,0,0.05000001,0,0,0,0,0,0
34,0.02195295,0.6758445,0.643175,-0.03886355,0.003612043,-0.02486409,-0.1952113,0,0,0,1,0,0,-0.4300388,0.6803562,0.4456218,0.002244116,0.04341902,0.004540386,0.02708608,0,0,0,1,0,0,-0.3305848,0.025371,0.241175,0.6551641,0.4122904,-1.454106,-0.06198472,0,0,0,1,0,0,0.08285849,0.03152371,0.6380709,0.2358773,0.1190043,-0.3628047,-0.0730207,0,0,0,1,0,0,-0.7710412,0.06712707,-0.02313844,-0.4420312,0.4222741,-0.1557703,-0.1459008,0,0,0,1,0,0,0.5587915,0.7182913,0.5209755,0.3041328,0.2239377,0.2459855,-0.250832,0,0,0,1,0,0,0.6719087,0.1297391,0.5624875,0.460449,0.5593637,0.1621366,-0.1960679,0,0,0,1,0,0,-0.7443615,0.7213389,0.01046138,-0.5058708,0.2686651,0.04147819,-0.09841621,0,0,0,1,0,0,-0.6804296,0.1260221,-0.5596848,-0.4666956,0.5538917,-0.1642109,-0.18474,0,0,0,1,0,0,0.7471564,0.720071,-0.02067899,0.3334553,0.2015532,-0.1270654,-0.1080237,0,0,0,1,0,0,0.7928829,0.07197028,0.02388037,0.5767288,0.4440753,0.04330242,-0.1357563,0,0,0,1,0,0,-0.5320973,0.7276922,-0.5060952,-0.3255547,0.32219,-0.2548159,-0.2596633,0,0,0,1,0,0,-0.08894385,0.01789676,-0.6314265,-0.3932664,0.1471891,0.3669353,-0.05679727,0,0,0,1,0,0,0.4231524,0.6670544,-0.4387469,-0.05772116,-0.007465485,0.01361073,0.04705697,0,0,0,1,0,0,0.3477378,0.003059348,-0.2326933,-1.104655,0.2846667,2.034675,-0.07226121,0,0,0,1,0,0,-0.02239986,0.6629686,-0.6274002,0.01470475,-0.03635289,0.09711985,-0.1847745,0,0,0,1,0,0,0.4552355,1.339187,0.4498898,0.06456377,0.008815531,0.07419738,-0.1308347,0,0,0,1,0,0,0.01270565,1.339999,0.6103144,0.01690291,-0.005775692,0.02400876,-0.1141388,0,0,0,1,0,0,-0.4193073,1.343139,0.4346257,-0.02707989,0.04945995,0.01261384,0.05771756,0,0,0,1,0,0,0.6209669,1.341686,-0.01150919,-0.001141429,0.01924039,-0.03423343,0.004447997,0,0,0,1,0,0,-0.6287404,1.345438,0.002613141,-0.06942454,0.02268554,-0.002462651,0.0199855,0,0,0,1,0,0,-0.4486083,1.345651,-0.4554174,-0.002817811,-0.00753403,-0.1170114,-0.1201409,0,0,0,1,0,0,0.01227188,1.324766,-0.5988193,0.0518765,-0.01267195,-0.05722942,-0.1196254,0,0,0,1,0,0,0.4182829,1.331266,-0.4156211,-0.006048384,-0.007063153,0.02334715,0.05276632,0,0,0,1,0,0,0.3889087,2,0.3889088,0,0,0,0.05000001,0,0,0,0,0,0,0.55,2,4.808253E-08,0,0,0,0.05000001,0,0,0,0,0,0,-6.558685E-09,2,0.55,0,0,0,0.05000001,0,0,0,0,0,0,0.3889087,2,-0.3889087,0,0,0,0.04999995,0,0,0,0,0,0,-0.3889089,2,0.3889086,0,0,0,0.05000001,0,0,0,0,0,0,2.404126E-08,2,-0.55,0,0,0,0.05000001,0,0,0,0,0,0,-0.3889087,2,-0.3889087,0,0,0,0.04999995,0,0,0,0,0,0,-0.55,2,0,0,0,0,0.05000001,0,0,0,0,0,0
35,0.02216844,0.6756133,0.6436452,0.01077475,-0.01155735,0.02351106,-0.1915773,0,0,0,1,0,0,-0.4307894,0.6817439,0.4470055,-0.03753008,0.06938282,0.06918314,0.0322873,0,0,0,1,0,0,-0.3206797,0.03678101,0.2162707,0.4952537,0.5705008,-1.245214,-0.08345461,0,0,0,1,0,0,0.08746529,0.03490522,0.6312479,0.2303404,0.1690755,-0.3411533,-0.07384628,0,0,0,1,0,0,-0.7794733,0.07613031,-0.02554939,-0.4216077,0.450162,-0.1205475,-0.1510203,0,0,0,1,0,0,0.5646753,0.7224447,0.5256439,0.2941878,0.2076657,0.2334208,-0.2484452,0,0,0,1,0,0,0.6824601,0.1404433,0.5656862,0.5275698,0.5352089,0.1599312,-0.1964894,0,0,0,1,0,0,-0.7555063,0.7280176,0.01121546,-0.5572441,0.3339351,0.03770414,-0.09451586,0,0,0,1,0,0,-0.690645,0.1382105,-0.5626174,-0.5107673,0.6094213,-0.1466305,-0.1859936,0,0,0,1,0,0,0.7548147,0.7253471,-0.02241008,0.3829153,0.2638073,-0.08655483,-0.1069213,0,0,0,1,0,0,0.8048561,0.08155297,0.02366309,0.5986603,0.4791351,-0.01086398,-0.1371399,0,0,0,1,0,0,-0.5387554,0.734053,-0.511636,-0.332904,0.3180386,-0.2770395,-0.2553691,0,0,0,1,0,0,-0.09704057,0.02131365,-0.6227441,-0.4048364,0.1708445,0.4341157,-0.06059116,0,0,0,1,0,0,0.4221781,0.6671636,-0.4385164,-0.04871638,0.005459788,0.01152456,0.05086136,0,0,0,1,0,0,0.3271351,0.01418458,-0.1925625,-1.030134,0.5562621,2.006545,-0.1054026,0,0,0,1,0,0,-0.02235728,0.6628826,-0.6258643,0.002129284,-0.004303457,0.07679465,-0.1824893,0,0,0,1,0,0,0.4553636,1.339433,0.4511212,0.006407502,0.0123024,0.06157013,-0.1334981,0,0,0,1,0,0,0.01288759,1.339864,0.6099333,0.00909679,-0.006729367,-0.01905263,-0.1145998,0,0,0,1,0,0,-0.4179968,1.343696,0.4342915,0.0655249,0.02781154,-0.01671017,0.05917716,0,0,0,1,0,0,0.6205631,1.342126,-0.01211883,-0.02018512,0.02197624,-0.03048187,0.0009711385,0,0,0,1,0,0,-0.6298037,1.345896,0.002548782,-0.05316141,0.022918,-0.003217942,0.01743233,0,0,0,1,0,0,-0.4485354,1.345861,-0.4572343,0.003641845,0.01051426,-0.09084497,-0.1225383,0,0,0,1,0,0,0.01323624,1.324102,-0.59998,0.04821818,-0.03318788,-0.05803706,-0.1187862,0,0,0,1,0,0,0.4175543,1.331054,-0.4149045,-0.03643037,-0.01057983,0.03582688,0.05417758,0,0,0,1,0,0,0.3889087,2,0.3889088,0,0,0,0.05000001,0,0,0,0,0,0,0.55,2,4.808253E-08,0,0,0,0.05000001,0,0,0,0,0,0,-6.558685E-09,2,0.55,0,0,0,0.05000001,0,0,0,0,0,0,0.3889087,2,-0.3889087,0,0,0,0.04999995,0,0,0,0,0,0,-0.3889089,2,0.3889086,0,0,0,0.05000001,0,0,0,0,0,0,2.404126E-08,2,-0.55,0,0,0,0.05000001,0,0,0,0,0,0,-0.3889087,2,-0.3889087,0,0,0,0.04999995,0,0,0,0,0,0,-0.55,2,0,0,0,0,0.05000001,0,0,0,0,0,0
36,0.02252343,0.6757482,0.6442148,0.01774934,0.006741288,0.02847911,-0.1877749,0,0,0,1,0,0,-0.4314645,0.6831334,0.4484238,-0.03375264,0.06947818,0.07091764,0.03756088,0,0,0,1,0,0,-0.3133198,0.05002978,0.1954452,0.3679962,0.6624388,-1.041277,-0.1014749,0,0,0,1,0,0,0.09271426,0.03879489,0.6244535,0.2624487,0.1944835,-0.3397198,-0.0746882,0,0,0,1,0,0,-0.7864426,0.08463866,-0.02801977,-0.3484638,0.4254175,-0.1235189,-0.1572325,0,0,0,1,0,0,0.5700563,0.7263527,0.5299351,0.2690525,0.195402,0.2145589,-0.2469687,0,0,0,1,0,0,0.6931642,0.1520771,0.5689464,0.5352052,0.5816894,0.1630098,-0.1971785,0,0,0,1,0,0,-0.7675514,0.7353036,0.01150092,-0.6022545,0.3643037,0.01427285,-0.0903039,0,0,0,1,0,0,-0.7015534,0.1514922,-0.5664501,-0.5454215,0.6640824,-0.191635,-0.1865895,0,0,0,1,0,0,0.7631641,0.7314684,-0.02424693,0.4174711,0.306064,-0.0918425,-0.1053244,0,0,0,1,0,0,0.8158973,0.0904258,0.02345874,0.5520585,0.4436416,-0.01021764,-0.1390985,0,0,0,1,0,0,-0.5446806,0.7409726,-0.5169309,-0.296262,0.3459813,-0.2647461,-0.251798,0,0,0,1,0,0,-0.1049897,0.02491751,-0.61415,-0.3974566,0.1801931,0.4297079,-0.06375962,0,0,0,1,0,0,0.421408,0.6674591,-0.4381002,-0.03850164,0.01477898,0.02080799,0.05132586,0,0,0,1,0,0,0.3107888,0.02861106,-0.1559592,-0.8173126,0.7213243,1.830163,-0.1353109,0,0,0,1,0,0,-0.022434,0.6626379,-0.6246942,-0.003836026,-0.01223386,0.05850794,-0.1796617,0,0,0,1,0,0,0.4557272,1.340197,0.4528917,0.01817942,0.03817083,0.08852635,-0.1356128,0,0,0,1,0,0,0.01338088,1.339787,0.6091288,0.02466488,-0.003862383,-0.04022719,-0.1153961,0,0,0,1,0,0,-0.4169683,1.344335,0.4339962,0.05142393,0.03197194,-0.01476557,0.06100798,0,0,0,1,0,0,0.6207556,1.342627,-0.0124915,0.009620193,0.02503992,-0.01863358,-0.002326012,0,0,0,1,0,0,-0.6311234,1.346496,0.00260519,-0.06598832,0.02997519,0.002820395,0.0150069,0,0,0,1,0,0,-0.4483477,1.345784,-0.4591665,0.009386245,-0.003862383,-0.09661023,-0.1253094,0,0,0,1,0,0,0.01469919,1.323524,-0.6008162,0.07314741,-0.02887846,-0.04181267,-0.1179156,0,0,0,1,0,0,0.4172181,1.33093,-0.4144889,-0.01680852,-0.006210806,0.02078415,0.05612957,0,0,0,1,0,0,0.3889087,2,0.3889088,0,0,0,0.05000001,0,0,0,0,0,0,0.55,2,4.808253E-08,0,0,0,0.05000001,0,0,0,0,0,0,-6.558685E-09,2,0.55,0,0,0,0.05000001,0,0,0,0,0,0,0.3889087,2,-0.3889087,0,0,0,0.04999995,0,0,0,0,0,0,-0.3889089,2,0.3889086,0,0,0,0.05000001,0,0,0,0,0,0,2.404126E-08,2,-0.55,0,0,0,0.05000001,0,0,0,0,0,0,-0.3889087,2,-0.3889087,0,0,0,0.04999995,0,0,0,0,0,0,-0.55,2,0,0,0,0,0.05000001,0,0,0,0,0,0
37,0.0231609,0.6762811,0.6450352,0.03187359,0.02664627,0.04101993,-0.1839491,0,0,0,1,0,0,-0.4304403,0.6844448,0.4491759,0.05120786,0.06557109,0.03760459,0.04104316,0,0,0,1,0,0,-0.3069338,0.06393021,0.1773655,0.3192992,0.6950217,-0.903983,-0.1167231,0,0,0,1,0,0,0.09965908,0.04245,0.6169977,0.3472408,0.1827559,-0.3727914,-0.07670152,0,0,0,1,0,0,-0.794058,0.09356698,-0.03047171,-0.3807695,0.4464162,-0.1225969,-0.1630211,0,0,0,1,0,0,0.5755073,0.7303576,0.5337458,0.2725513,0.2002478,0.1905382,-0.2456783,0,0,0,1,0,0,0.7062271,0.1666789,0.5731125,0.6531479,0.7300931,0.2083064,-0.1966323,0,0,0,1,0,0,-0.7794518,0.7428837,0.01266732,-0.5950185,0.3790022,0.05832033,-0.08564496,0,0,0,1,0,0,-0.714496,0.1671926,-0.5716162,-0.6471279,0.7850233,-0.2583087,-0.185472,0,0,0,1,0,0,0.7722263,0.7380518,-0.02642766,0.4531117,0.3291698,-0.1090364,-0.1027925,0,0,0,1,0,0,0.8260325,0.09911921,0.02318879,0.5067618,0.4346704,-0.01349738,-0.1414962,0,0,0,1,0,0,-0.5496992,0.7473946,-0.5216728,-0.2509327,0.3210963,-0.2370954,-0.2492326,0,0,0,1,0,0,-0.1126241,0.0278763,-0.6046891,-0.3817187,0.1479396,0.4730465,-0.06684303,0,0,0,1,0,0,0.4201189,0.667802,-0.4372103,-0.06445798,0.01714528,0.04449936,0.04876518,0,0,0,1,0,0,0.2987505,0.04433079,-0.1255795,-0.6019177,0.7859868,1.518985,-0.1597229,0,0,0,1,0,0,-0.02288844,0.6625441,-0.6239057,-0.02272232,-0.004687907,0.03942253,-0.1766845,0,0,0,1,0,0,0.4568217,1.340592,0.4542337,0.05472752,0.01974107,0.06709698,-0.1377212,0,0,0,1,0,0,0.01349602,1.339307,0.6081315,0.005757019,-0.02402068,-0.04986526,-0.1164961,0,0,0,1,0,0,-0.4160747,1.345007,0.4341668,0.04468413,0.03361107,0.008530919,0.06304711,0,0,0,1,0,0,0.6205176,1.343465,-0.01308624,-0.01189709,0.04190804,-0.02973695,-0.005629897,0,0,0,1,0,0,-0.6323409,1.347158,0.002543345,-0.06087425,0.03309251,-0.003092283,0.0125047,0,0,0,1,0,0,-0.4488381,1.346358,-0.4607793,-0.02452136,0.02868177,-0.08064213,-0.1273399,0,0,0,1,0,0,0.0162903,1.323032,-0.6013309,0.07955538,-0.02461077,-0.02573133,-0.1171361,0,0,0,1,0,0,0.4166451,1.330661,-0.4142475,-0.02864749,-0.01343489,0.01206547,0.05782491,0,0,0,1,0,0,0.3889087,2,0.3889088,0,0,0,0.05000001,0,0,0,0,0,0,0.55,2,4.808253E-08,0,0,0,0.05000001,0,0,0,0,0,0,-6.558685E-09,2,0.55,0,0,0,0.05000001,0,0,0,0,0,0,0.3889087,2,-0.3889087,0,0,0,0.04999995,0,0,0,0,0,0,-0.3889089,2,0.3889086,0,0,0,0.05000001,0,0,0,0,0,0,2.404126E-08,2,-0.55,0,0,0,0.05000001,0,0,0,0,0,0,-0.3889087,2,-0.3889087,0,0,0,0.04999995,0,0,0,0,0,0,-0.55,2,0,0,0,0,0.05000001,0,0,0,0,0,0
38,0.02385011,0.677114,0.6451953,0.03446025,0.0416428,0.008004907,-0.1807316,0,0,0,1,0,0,-0.4274081,0.685132,0.4480119,0.1516104,0.03435613,-0.05819949,0.04236543,0,0,0,1,0,0,-0.3007174,0.07754559,0.1599226,0.310822,0.6807691,-0.8721445,-0.1303296,0,0,0,1,0,0,0.1073497,0.04497336,0.6080047,0.3845328,0.1261678,-0.4496457,-0.07938516,0,0,0,1,0,0,-0.8016217,0.1021111,-0.03298682,-0.3781886,0.4272057,-0.1257556,-0.1686162,0,0,0,1,0,0,0.5803517,0.7349047,0.5381273,0.2422185,0.2273531,0.219074,-0.2441966,0,0,0,1,0,0,0.7201757,0.1833391,0.5785484,0.6974313,0.8330103,0.2717943,-0.1949821,0,0,0,1,0,0,-0.7900263,0.7495251,0.01427817,-0.5287262,0.3320725,0.0805423,-0.08218366,0,0,0,1,0,0,-0.7278811,0.1846733,-0.5784971,-0.6692561,0.8740332,-0.3440411,-0.1829568,0,0,0,1,0,0,0.7817052,0.744308,-0.0292946,0.4739435,0.3128113,-0.1433471,-0.09971035,0,0,0,1,0,0,0.8344013,0.1074268,0.02411917,0.4184397,0.4153782,0.04651884,-0.1455331,0,0,0,1,0,0,-0.5532728,0.7533896,-0.5256345,-0.1786799,0.2997519,-0.1980842,-0.2481961,0,0,0,1,0,0,-0.1204952,0.02985276,-0.5943381,-0.3935588,0.09882286,0.5175503,-0.06989425,0,0,0,1,0,0,0.4183955,0.6674039,-0.4356516,-0.086166,-0.01990498,0.07793459,0.04555571,0,0,0,1,0,0,0.2905877,0.05936017,-0.1022438,-0.40814,0.7514688,1.166789,-0.1776094,0,0,0,1,0,0,-0.02385065,0.6630284,-0.6240073,-0.04811009,0.0242144,-0.005078318,-0.1733017,0,0,0,1,0,0,0.4584129,1.340727,0.4554877,0.07955584,0.006783011,0.06270262,-0.1397807,0,0,0,1,0,0,0.0136718,1.33938,0.6080064,0.008788895,0.003677608,-0.00625253,-0.1166473,0,0,0,1,0,0,-0.4152393,1.345943,0.4342729,0.04176946,0.04679563,0.005307796,0.06523097,0,0,0,1,0,0,0.6214903,1.343738,-0.01411766,0.04863443,0.01365543,-0.05157131,-0.008228004,0,0,0,1,0,0,-0.6331593,1.34743,0.002474891,-0.0409186,0.01360775,-0.003422658,0.009476125,0,0,0,1,0,0,-0.4496179,1.346842,-0.4617667,-0.03898741,0.02421142,-0.04937204,-0.1295379,0,0,0,1,0,0,0.01760635,1.322372,-0.6011185,0.06580272,-0.03299118,0.01061857,-0.1170259,0,0,0,1,0,0,0.4158562,1.330295,-0.4138596,-0.03944637,-0.01830459,0.01939536,0.0592435,0,0,0,1,0,0,0.3889087,2,0.3889088,0,0,0,0.05000001,0,0,0,0,0,0,0.55,2,4.808253E-08,0,0,0,0.05000001,0,0,0,0,0,0,-6.558685E-09,2,0.55,0,0,0,0.05000001,0,0,0,0,0,0,0.3889087,2,-0.3889087,0,0,0,0.04999995,0,0,0,0,0,0,-0.3889089,2,0.3889086,0,0,0,0.05000001,0,0,0,0,0,0,2.404126E-08,2,-0.55,0,0,0,0.05000001,0,0,0,0,0,0,-0.3889087,2,-0.3889087,0,0,0,0.04999995,0,0,0,0,0,0,-0.55,2,0,0,0,0,0.05000001,0,0,0,0,0,0
39,0.02413944,0.67779,0.6444563,0.01446652,0.03380181,-0.03694893,-0.1778116,0,0,0,1,0,0,-0.4229813,0.6854545,0.4456858,0.221339,0.01612902,-0.1163051,0.04245752,0,0,0,1,0,0,-0.2937775,0.09094143,0.1420348,0.3469931,0.6697922,-0.8943934,-0.1425358,0,0,0,1,0,0,0.1158784,0.04664837,0.5976729,0.4264312,0.08375052,-0.5165907,-0.08229584,0,0,0,1,0,0,-0.8114296,0.110982,-0.03366883,-0.4903944,0.4435444,-0.03410076,-0.1720272,0,0,0,1,0,0,0.5843244,0.7396036,0.5430998,0.1986326,0.2349437,0.248623,-0.243046,0,0,0,1,0,0,0.7336729,0.2004795,0.5845137,0.6748589,0.8570168,0.2982677,-0.1931792,0,0,0,1,0,0,-0.7982586,0.755684,0.01583519,-0.4116149,0.3079445,0.07785129,-0.08123827,0,0,0,1,0,0,-0.7398139,0.2024064,-0.5867328,-0.5966427,0.8866567,-0.4117878,-0.1801422,0,0,0,1,0,0,0.7917504,0.7507331,-0.03213947,0.5022617,0.3212543,-0.1422437,-0.09656721,0,0,0,1,0,0,0.8413131,0.1151037,0.02627578,0.3455909,0.3838463,0.1078306,-0.1512036,0,0,0,1,0,0,-0.5556904,0.7581077,-0.5287502,-0.1208783,0.2359063,-0.1557857,-0.2490516,0,0,0,1,0,0,-0.1272829,0.03069479,-0.5840077,-0.3393823,0.04210185,0.5165161,-0.07094848,0,0,0,1,0,0,0.4161537,0.6670398,-0.433503,-0.112094,-0.01820625,0.1074285,0.0417732,0,0,0,1,0,0,0.2871007,0.07322735,-0.08493613,-0.1743511,0.6933597,0.8653827,-0.1902471,0,0,0,1,0,0,-0.02430592,0.6638188,-0.6244304,-0.02276368,0.03951789,-0.0211537,-0.1692176,0,0,0,1,0,0,0.4602595,1.341006,0.4564264,0.09233359,0.01394153,0.0469357,-0.1419192,0,0,0,1,0,0,0.01372066,1.339438,0.6086842,0.002442907,0.002872945,0.03389122,-0.1162363,0,0,0,1,0,0,-0.4152108,1.347316,0.4350246,0.001423061,0.06862882,0.03758521,0.06855917,0,0,0,1,0,0,0.6219093,1.34403,-0.01452953,0.02095104,0.01461506,-0.02059323,-0.01167113,0,0,0,1,0,0,-0.6341318,1.347744,0.002252126,-0.04862549,0.01571179,-0.01113827,0.006317675,0,0,0,1,0,0,-0.4503693,1.347423,-0.4630614,-0.0375718,0.02907516,-0.06473365,-0.1317371,0,0,0,1,0,0,0.01920627,1.321512,-0.600324,0.0799958,-0.04303457,0.03972651,-0.1172953,0,0,0,1,0,0,0.4152369,1.329759,-0.4130739,-0.03096761,-0.0267923,0.03928693,0.06073433,0,0,0,1,0,0,0.3889087,2,0.3889088,0,0,0,0.05000001,0,0,0,0,0,0,0.55,2,4.808253E-08,0,0,0,0.05000001,0,0,0,0,0,0,-6.558685E-09,2,0.55,0,0,0,0.05000001,0,0,0,0,0,0,0.3889087,2,-0.3889087,0,0,0,0.04999995,0,0,0,0,0,0,-0.3889089,2,0.3889086,0,0,0,0.05000001,0,0,0,0,0,0,2.404126E-08,2,-0.55,0,0,0,0.05000001,0,0,0,0,0,0,-0.3889087,2,-0.3889087,0,0,0,0.04999995,0,0,0,0,0,0,-0.55,2,0,0,0,0,0.05000001,0,0,0,0,0,0
40,0.02417706,0.678917,0.6430932,0.001881272,0.05635025,-0.06815496,-0.1754942,0,0,0,1,0,0,-0.4170229,0.6856686,0.4420577,0.2979205,0.010705,-0.1814068,0.04066366,0,0,0,1,0,0,-0.2852491,0.1041604,0.1231292,0.4264207,0.6609476,-0.9452783,-0.1538357,0,0,0,1,0,0,0.1251083,0.04842951,0.5874668,0.4614992,0.0890572,-0.5103053,-0.08575922,0,0,0,1,0,0,-0.8255414,0.1223208,-0.03380807,-0.7055911,0.5669436,-0.006961825,-0.1726575,0,0,0,1,0,0,0.5887734,0.7447699,0.5483061,0.2224536,0.2583147,0.2603174,-0.2409474,0,0,0,1,0,0,0.7467859,0.2187608,0.5903071,0.6556484,0.9140682,0.2896668,-0.1913573,0,0,0,1,0,0,-0.8050108,0.7610251,0.01727909,-0.3376098,0.2670557,0.07219485,-0.08148122,0,0,0,1,0,0,-0.7505198,0.2189898,-0.5940927,-0.5352947,0.8291672,-0.3679933,-0.177691,0,0,0,1,0,0,0.8026865,0.7579197,-0.03450129,0.5468043,0.3593297,-0.1180908,-0.09237838,0,0,0,1,0,0,0.8488321,0.1235208,0.02841242,0.3759505,0.4208548,0.1068321,-0.1563596,0,0,0,1,0,0,-0.5572335,0.7622077,-0.5309313,-0.07715526,0.2050013,-0.1090557,-0.2509667,0,0,0,1,0,0,-0.1334613,0.03132229,-0.5757243,-0.3089228,0.03137487,0.414172,-0.07042372,0,0,0,1,0,0,0.4139208,0.6666498,-0.431106,-0.111644,-0.01949967,0.1198501,0.0379566,0,0,0,1,0,0,0.2873377,0.08649804,-0.0717231,0.01185239,0.6635345,0.6606514,-0.2004018,0,0,0,1,0,0,-0.02483033,0.6646348,-0.6255769,-0.02622056,0.04079939,-0.05732777,-0.1647316,0,0,0,1,0,0,0.4628232,1.341321,0.4580342,0.1281858,0.01574755,0.08038583,-0.1432101,0,0,0,1,0,0,0.01378847,1.339747,0.6097364,0.003390481,0.01547933,0.05261006,-0.1154052,0,0,0,1,0,0,-0.4160706,1.348832,0.4365262,-0.04298987,0.07580522,0.07507655,0.0727542,0,0,0,1,0,0,0.6225766,1.344215,-0.01514645,0.03336371,0.009244684,-0.03084616,-0.01475459,0,0,0,1,0,0,-0.6350313,1.34807,0.001988896,-0.0449747,0.01628996,-0.01316153,0.003248453,0,0,0,1,0,0,-0.4512906,1.348014,-0.4648284,-0.04606547,0.02954603,-0.08835051,-0.1334859,0,0,0,1,0,0,0.02081609,1.320488,-0.598484,0.08049107,-0.05117657,0.09199981,-0.1183476,0,0,0,1,0,0,0.4137109,1.329342,-0.4116896,-0.07629845,-0.02086163,0.06921443,0.06125802,0,0,0,1,0,0,0.3889087,2,0.3889088,0,0,0,0.05000001,0,0,0,0,0,0,0.55,2,4.808253E-08,0,0,0,0.05000001,0,0,0,0,0,0,-6.558685E-09,2,0.55,0,0,0,0.05000001,0,0,0,0,0,0,0.3889087,2,-0.3889087,0,0,0,0.04999995,0,0,0,0,0,0,-0.3889089,2,0.3889086,0,0,0,0.05000001,0,0,0,0,0,0,2.404126E-08,2,-0.55,0,0,0,0.05000001,0,0,0,0,0,0,-0.3889087,2,-0.3889087,0,0,0,0.04999995,0,0,0,0,0,0,-0.55,2,0,0,0,0,0.05000001,0,0,0,0,0,0
41,0.02415598,0.6800784,0.6416035,-0.001053885,0.05807283,-0.07448795,-0.1731996,0,0,0,1,0,0,-0.4101867,0.6854364,0.4381154,0.3418104,-0.01161099,-0.1971126,0.03820658,0,0,0,1,0,0,-0.2763403,0.1182708,0.1031022,0.4454406,0.7055215,-1.001349,-0.1646948,0,0,0,1,0,0,0.134857,0.04973273,0.5775285,0.4874321,0.06516094,-0.4969152,-0.08887827,0,0,0,1,0,0,-0.8386539,0.1333145,-0.03374909,-0.6556215,0.5496836,0.002949127,-0.1736353,0,0,0,1,0,0,0.5927449,0.7502897,0.5532684,0.1985759,0.2759935,0.2481164,-0.2391513,0,0,0,1,0,0,0.7578064,0.2358119,0.5955191,0.5510243,0.8525531,0.2606005,-0.1904568,0,0,0,1,0,0,-0.8116825,0.7666367,0.01809171,-0.3335865,0.28058,0.0406312,-0.08203322,0,0,0,1,0,0,-0.7603914,0.234589,-0.6005058,-0.4935803,0.7799636,-0.3206552,-0.1758303,0,0,0,1,0,0,0.8134615,0.7657712,-0.03652382,0.5387517,0.3925772,-0.1011264,-0.08828741,0,0,0,1,0,0,0.8562762,0.1326979,0.03067384,0.3722043,0.4588572,0.1130709,-0.1618887,0,0,0,1,0,0,-0.557811,0.7661914,-0.5328891,-0.0288725,0.1991809,-0.09788875,-0.2535778,0,0,0,1,0,0,-0.1387438,0.03232194,-0.568579,-0.2641239,0.04998261,0.3572644,-0.06862038,0,0,0,1,0,0,0.4116166,0.6666731,-0.4292027,-0.1152114,0.001165271,0.0951663,0.03479797,0,0,0,1,0,0,0.289034,0.09977438,-0.06057266,0.08481446,0.6638176,0.5575223,-0.2090835,0,0,0,1,0,0,-0.0259729,0.6653655,-0.6263949,-0.05712856,0.03653766,-0.04090072,-0.1607921,0,0,0,1,0,0,0.465178,1.341506,0.4594485,0.1177386,0.009268526,0.07071647,-0.1448137,0,0,0,1,0,0,0.01359634,1.339984,0.6107218,-0.00960641,0.01181365,0.04926922,-0.1145886,0,0,0,1,0,0,-0.4170419,1.350297,0.4377676,-0.04856439,0.07324222,0.06206932,0.07692868,0,0,0,1,0,0,0.6239308,1.344645,-0.01580255,0.06770793,0.02147556,-0.03280506,-0.01721525,0,0,0,1,0,0,-0.635518,1.348475,0.001958891,-0.02433361,0.02025367,-0.001500245,-5.960464E-06,0,0,0,1,0,0,-0.4522887,1.348618,-0.466309,-0.04990252,0.03017784,-0.07403049,-0.1353184,0,0,0,1,0,0,0.02276001,1.31929,-0.5970375,0.09719594,-0.05989673,0.07232431,-0.1190653,0,0,0,1,0,0,0.4128515,1.328813,-0.4106077,-0.04297199,-0.02644063,0.05409571,0.06235522,0,0,0,1,0,0,0.3889087,2,0.3889088,0,0,0,0.05000001,0,0,0,0,0,0,0.55,2,4.808253E-08,0,0,0,0.05000001,0,0,0,0,0,0,-6.558685E-09,2,0.55,0,0,0,0.05000001,0,0,0,0,0,0,0.3889087,2,-0.3889087,0,0,0,0.04999995,0,0,0,0,0,0,-0.3889089,2,0.3889086,0,0,0,0.05000001,0,0,0,0,0,0,2.404126E-08,2,-0.55,0,0,0,0.05000001,0,0,0,0,0,0,-0.3889087,2,-0.3889087,0,0,0,0.04999995,0,0,0,0,0,0,-0.55,2,0,0,0,0,0.05000001,0,0,0,0,0,0
42,0.02424397,0.6811963,0.6397516,0.004399104,0.0558913,-0.09259287,-0.1710871,0,0,0,1,0,0,-0.4037805,0.6848792,0.4347316,0.320308,-0.02785922,-0.1691908,0.0365482,0,0,0,1,0,0,-0.2675853,0.1338622,0.08374678,0.4377486,0.7795702,-0.9677719,-0.1738541,0,0,0,1,0,0,0.1450685,0.05212926,0.5689961,0.5105751,0.1198268,-0.4266204,-0.09156615,0,0,0,1,0,0,-0.8521907,0.1457217,-0.03398118,-0.6768438,0.6203609,-0.01160447,-0.175029,0,0,0,1,0,0,0.5966037,0.7561458,0.5583102,0.1929373,0.292802,0.252089,-0.2373404,0,0,0,1,0,0,0.7683093,0.2524305,0.5996463,0.5251469,0.8309301,0.2063633,-0.1903421,0,0,0,1,0,0,-0.818528,0.7726143,0.018705,-0.3422739,0.2988787,0.03066437,-0.08266032,0,0,0,1,0,0,-0.7695721,0.2500798,-0.6066003,-0.4590364,0.7745381,-0.3047289,-0.1743931,0,0,0,1,0,0,0.8236098,0.773491,-0.0384904,0.5074145,0.3859879,-0.09832945,-0.08500558,0,0,0,1,0,0,0.8648101,0.1429423,0.03250932,0.4266949,0.5122172,0.09177396,-0.1669213,0,0,0,1,0,0,-0.558323,0.7701928,-0.5352478,-0.02560318,0.200072,-0.1179368,-0.2559535,0,0,0,1,0,0,-0.1438798,0.03327508,-0.5610318,-0.2568007,0.0476571,0.3773601,-0.06641853,0,0,0,1,0,0,0.409867,0.6669912,-0.4279415,-0.08747879,0.01590551,0.06305727,0.03247523,0,0,0,1,0,0,0.2906202,0.1130753,-0.04929009,0.07930848,0.6650454,0.5641288,-0.2170776,0,0,0,1,0,0,-0.02684099,0.6660217,-0.6269235,-0.04340468,0.03280939,-0.02642871,-0.156781,0,0,0,1,0,0,0.4673748,1.342258,0.4613549,0.109841,0.03756286,0.09532277,-0.146015,0,0,0,1,0,0,0.01352591,1.339961,0.6115196,-0.003521751,-0.001132489,0.03989042,-0.1141081,0,0,0,1,0,0,-0.4179609,1.351748,0.4387275,-0.04594775,0.07259253,0.04799666,0.08102119,0,0,0,1,0,0,0.6251338,1.345009,-0.01654451,0.06015005,0.01822711,-0.03709785,-0.01990378,0,0,0,1,0,0,-0.6360952,1.348854,0.002171418,-0.02886058,0.01894236,0.01062638,-0.00322789,0,0,0,1,0,0,-0.4532484,1.349145,-0.4677024,-0.04798623,0.0263393,-0.06966594,-0.1373683,0,0,0,1,0,0,0.02480325,1.318468,-0.5956843,0.1021624,-0.04112126,0.06765726,-0.1193868,0,0,0,1,0,0,0.4114798,1.328407,-0.4096399,-0.06858411,-0.02034307,0.04839154,0.06315082,0,0,0,1,0,0,0.3889087,2,0.3889088,0,0,0,0.05000001,0,0,0,0,0,0,0.55,2,4.808253E-08,0,0,0,0.05000001,0,0,0,0,0,0,-6.558685E-09,2,0.55,0,0,0,0.05000001,0,0,0,0,0,0,0.3889087,2,-0.3889087,0,0,0,0.04999995,0,0,0,0,0,0,-0.3889089,2,0.3889086,0,0,0,0.05000001,0,0,0,0,0,0,2.404126E-08,2,-0.55,0,0,0,0.05000001,0,0,0,0,0,0,-0.3889087,2,-0.3889087,0,0,0,0.04999995,0,0,0,0,0,0,-0.55,2,0,0,0,0,0.05000001,0,0,0,0,0,0
43,0.02445198,0.6820975,0.6390458,0.01040055,0.04506113,-0.03529193,-0.1696958,0,0,0,1,0,0,-0.3971754,0.6847792,0.4310784,0.3302575,-0.005003812,-0.18266,0.03253353,0,0,0,1,0,0,-0.260176,0.1507227,0.06572112,0.3704654,0.8430246,-0.9012837,-0.185295,0,0,0,1,0,0,0.1552068,0.05486425,0.5611058,0.5069176,0.1367495,-0.3945173,-0.09807724,0,0,0,1,0,0,-0.8663468,0.1596814,-0.03359275,-0.7078055,0.6979826,0.01942162,-0.1732711,0,0,0,1,0,0,0.6005846,0.7620885,0.5634645,0.1990468,0.2971352,0.2577157,-0.2327842,0,0,0,1,0,0,0.7786343,0.2695852,0.6028593,0.5162479,0.8577365,0.1606465,-0.1883411,0,0,0,1,0,0,-0.8268005,0.7793569,0.01946017,-0.4136266,0.33713,0.03775863,-0.0781908,0,0,0,1,0,0,-0.7792246,0.2668285,-0.6126491,-0.482622,0.8374382,-0.3024371,-0.1701394,0,0,0,1,0,0,0.8338084,0.7815892,-0.04072735,0.5099298,0.4049124,-0.1118476,-0.07782626,0,0,0,1,0,0,0.875753,0.1552783,0.03319621,0.547147,0.6168018,0.03434496,-0.1676019,0,0,0,1,0,0,-0.5594332,0.7745129,-0.5381772,-0.05550983,0.2160073,-0.1464695,-0.2550271,0,0,0,1,0,0,-0.1494547,0.03468114,-0.5527359,-0.278745,0.07030278,0.4147948,-0.0693115,0,0,0,1,0,0,0.4081461,0.6672459,-0.4269143,-0.0860453,0.01273454,0.05136283,0.03085285,0,0,0,1,0,0,0.2913205,0.1282007,-0.0362839,0.03501625,0.756273,0.6503099,-0.2298411,0,0,0,1,0,0,-0.0274075,0.6664395,-0.6274886,-0.02832526,0.02088846,-0.02825559,-0.1542935,0,0,0,1,0,0,0.4695559,1.342865,0.4630036,0.1090527,0.03038646,0.08243474,-0.1458434,0,0,0,1,0,0,0.01348243,1.339919,0.6119098,-0.002173661,-0.002080203,0.01950861,-0.1138949,0,0,0,1,0,0,-0.4184846,1.352995,0.439362,-0.02618582,0.06231668,0.03172607,0.08359158,0,0,0,1,0,0,0.6261303,1.345268,-0.0173008,0.0498295,0.01294017,-0.03781469,-0.02108055,0,0,0,1,0,0,-0.6368088,1.349181,0.002058782,-0.03567936,0.01638532,-0.005631815,-0.004848659,0,0,0,1,0,0,-0.4541709,1.349693,-0.4693718,-0.04612358,0.02743007,-0.08347335,-0.1377918,0,0,0,1,0,0,0.02660224,1.317646,-0.5941817,0.08994931,-0.0410855,0.07513466,-0.1199974,0,0,0,1,0,0,0.4102536,1.327758,-0.4086025,-0.06131085,-0.03241898,0.05186798,0.06292802,0,0,0,1,0,0,0.3889087,2,0.3889088,0,0,0,0.05000001,0,0,0,0,0,0,0.55,2,4.808253E-08,0,0,0,0.05000001,0,0,0,0,0,0,-6.558685E-09,2,0.55,0,0,0,0.05000001,0,0,0,0,0,0,0.3889087,2,-0.3889087,0,0,0,0.04999995,0,0,0,0,0,0,-0.3889089,2,0.3889086,0,0,0,0.05000001,0,0,0,0,0,0,2.404126E-08,2,-0.55,0,0,0,0.05000001,0,0,0,0,0,0,-0.3889087,2,-0.3889087,0,0,0,0.04999995,0,0,0,0,0,0,-0.55,2,0,0,0,0,0.05000001,0,0,0,0,0,0
44,0.02274459,0.6836032,0.638523,-0.08536944,0.07528368,-0.02613665,-0.1655169,0,0,0,1,0,0,-0.3921891,0.6838533,0.4272228,0.2493144,-0.04629197,-0.1927794,0.03225064,0,0,0,1,0,0,-0.2535644,0.1652628,0.04922578,0.3305824,0.7270086,-0.8247673,-0.1898332,0,0,0,1,0,0,0.162505,0.0552358,0.5538123,0.364908,0.01857747,-0.3646733,-0.09667033,0,0,0,1,0,0,-0.8725086,0.1674531,-0.03496542,-0.3080906,0.3885874,-0.06863385,-0.1788957,0,0,0,1,0,0,0.6022132,0.7664081,0.5664029,0.08142892,0.2159805,0.1469166,-0.2342604,0,0,0,1,0,0,0.7805012,0.279468,0.6068326,0.09334985,0.4941406,0.1986653,-0.1917756,0,0,0,1,0,0,-0.8320872,0.7836722,0.01908752,-0.2643318,0.2157659,-0.0186327,-0.08133841,0,0,0,1,0,0,-0.7809275,0.2784804,-0.6183191,-0.08514527,0.5825939,-0.2835007,-0.1722102,0,0,0,1,0,0,0.8392093,0.7868884,-0.04173851,0.2700449,0.2649577,-0.0505578,-0.07977605,0,0,0,1,0,0,0.8817344,0.1632066,0.03444514,0.2990694,0.3964172,0.06244632,-0.1733162,0,0,0,1,0,0,-0.5586585,0.777704,-0.5410558,0.03873707,0.1595528,-0.1439304,-0.2578173,0,0,0,1,0,0,-0.1531835,0.0350608,-0.544528,-0.1864404,0.01898334,0.410396,-0.06562209,0,0,0,1,0,0,0.4070851,0.6667494,-0.426071,-0.05305114,-0.02482534,0.04216434,0.02920341,0,0,0,1,0,0,0.2884863,0.1419228,-0.0211792,-0.1417086,0.6861026,0.7552354,-0.2370389,0,0,0,1,0,0,-0.02580487,0.6669105,-0.6272753,0.0801314,0.0235498,0.01066328,-0.1493489,0,0,0,1,0,0,0.4696887,1.343181,0.4634698,0.00664145,0.01575351,0.0233099,-0.1492081,0,0,0,1,0,0,0.01243265,1.339824,0.6128259,-0.05248913,-0.004750492,0.04580619,-0.1130527,0,0,0,1,0,0,-0.4203918,1.354408,0.440168,-0.09536151,0.07065538,0.04029872,0.08844221,0,0,0,1,0,0,0.6257873,1.345457,-0.01802977,-0.01715422,0.009465221,-0.03644826,-0.02503908,0,0,0,1,0,0,-0.6363657,1.348882,0.001867298,0.02215208,-0.01496077,-0.009574227,-0.009434521,0,0,0,1,0,0,-0.4535402,1.349477,-0.4700254,0.03153534,-0.01082421,-0.03267677,-0.1416437,0,0,0,1,0,0,0.02811919,1.317114,-0.5943776,0.0758475,-0.0265956,-0.009799007,-0.1192174,0,0,0,1,0,0,0.4103035,1.327855,-0.4089227,0.002498926,0.004845859,-0.01600981,0.06548208,0,0,0,1,0,0,0.3889087,2,0.3889088,0,0,0,0.05000001,0,0,0,0,0,0,0.55,2,4.808253E-08,0,0,0,0.05000001,0,0,0,0,0,0,-6.558685E-09,2,0.55,0,0,0,0.05000001,0,0,0,0,0,0,0.3889087,2,-0.3889087,0,0,0,0.04999995,0,0,0,0,0,0,-0.3889089,2,0.3889086,0,0,0,0.05000001,0,0,0,0,0,0,2.404126E-08,2,-0.55,0,0,0,0.05000001,0,0,0,0,0,0,-0.3889087,2,-0.3889087,0,0,0,0.04999995,0,0,0,0,0,0,-0.55,2,0,0,0,0,0.05000001,0,0,0,0,0,0
45,0.02151931,0.6832208,0.6385915,-0.06126419,-0.0191182,0.003421308,-0.1607088,0,0,0,1,0,0,-0.3894005,0.6823599,0.4268454,0.1394302,-0.07467273,-0.01886935,0.03484464,0,0,0,1,0,0,-0.2502145,0.1783278,0.03779127,0.1674921,0.6532493,-0.5717257,-0.1914254,0,0,0,1,0,0,0.1685484,0.05820184,0.549772,0.3021718,0.1483018,-0.2020181,-0.09433752,0,0,0,1,0,0,-0.8874157,0.1825094,-0.03597848,-0.7453534,0.7528151,-0.05065298,-0.1799085,0,0,0,1,0,0,0.6043423,0.7703282,0.5709248,0.1064539,0.196004,0.2260954,-0.2340256,0,0,0,1,0,0,0.7867903,0.2916306,0.6079219,0.3144504,0.60813,0.05446675,-0.194777,0,0,0,1,0,0,-0.8395148,0.7890707,0.01954294,-0.3713818,0.2699227,0.02277094,-0.08170044,0,0,0,1,0,0,-0.7860765,0.2915178,-0.6228552,-0.2574504,0.6518679,-0.2268047,-0.1728748,0,0,0,1,0,0,0.846092,0.7926123,-0.04295013,0.3441365,0.2861948,-0.06058107,-0.08002084,0,0,0,1,0,0,0.8961598,0.1774098,0.03376414,0.7212701,0.7101583,-0.03404991,-0.1736861,0,0,0,1,0,0,-0.5606987,0.7812804,-0.5440665,-0.1020104,0.17882,-0.1505376,-0.2584949,0,0,0,1,0,0,-0.1572417,0.03754449,-0.5372046,-0.2029077,0.1241843,0.3661723,-0.06297392,0,0,0,1,0,0,0.4076814,0.6666468,-0.4267368,0.02981872,-0.005128982,-0.03328921,0.02932686,0,0,0,1,0,0,0.2849268,0.1561657,-0.006779673,-0.1779781,0.7121447,0.7199765,-0.2428646,0,0,0,1,0,0,-0.02435444,0.6671425,-0.6284696,0.07252156,0.01159907,-0.05971196,-0.1434263,0,0,0,1,0,0,0.4705149,1.343707,0.4657263,0.04130901,0.02633334,0.1128212,-0.1511289,0,0,0,1,0,0,0.0120538,1.339027,0.6114404,-0.01894246,-0.0398636,-0.06927553,-0.1144339,0,0,0,1,0,0,-0.4200587,1.355233,0.4394772,0.01665653,0.04125835,-0.03453793,0.09064889,0,0,0,1,0,0,0.6247033,1.345361,-0.01814128,-0.05419853,-0.004845859,-0.005575551,-0.02979279,0,0,0,1,0,0,-0.6348472,1.348523,0.00197003,0.07592741,-0.01797677,0.005136624,-0.01457274,0,0,0,1,0,0,-0.4527909,1.349258,-0.4711366,0.03746302,-0.01091958,-0.05556049,-0.1452171,0,0,0,1,0,0,0.02903673,1.316586,-0.5927343,0.04587706,-0.02638699,0.08216503,-0.1199116,0,0,0,1,0,0,0.4096372,1.327503,-0.4079111,-0.03331603,-0.01758934,0.05058052,0.06680608,0,0,0,1,0,0,0.3889087,2,0.3889088,0,0,0,0.05000001,0,0,0,0,0,0,0.55,2,4.808253E-08,0,0,0,0.05000001,0,0,0,0,0,0,-6.558685E-09,2,0.55,0,0,0,0.05000001,0,0,0,0,0,0,0.3889087,2,-0.3889087,0,0,0,0.04999995,0,0,0,0,0,0,-0.3889089,2,0.3889086,0,0,0,0.05000001,0,0,0,0,0,0,2.404126E-08,2,-0.55,0,0,0,0.05000001,0,0,0,0,0,0,-0.3889087,2,-0.3889087,0,0,0,0.04999995,0,0,0,0,0,0,-0.55,2,0,0,0,0,0.05000001,0,0,0,0,0,0
46,0.02176556,0.6839558,0.6399018,0.01231283,0.03675224,0.06551745,-0.1559881,0,0,0,1,0,0,-0.3850335,0.6822923,0.4263213,0.2183513,-0.003376605,-0.02620817,0.03538048,0,0,0,1,0,0,-0.2500857,0.1928907,0.03128523,0.006441774,0.728144,-0.3253022,-0.1917189,0,0,0,1,0,0,0.1763468,0.06127632,0.5441548,0.3899211,0.153724,-0.2808602,-0.09393311,0,0,0,1,0,0,-0.8983602,0.1966558,-0.03507515,-0.5472245,0.7073219,0.04516637,-0.1825283,0,0,0,1,0,0,0.6054857,0.7748006,0.5754051,0.0571728,0.2236218,0.2240152,-0.2340682,0,0,0,1,0,0,0.7946892,0.3039298,0.6088098,0.3949495,0.6149592,0.04439356,-0.1968272,0,0,0,1,0,0,-0.8492278,0.7966997,0.01989803,-0.4856499,0.381452,0.01775493,-0.0794549,0,0,0,1,0,0,-0.7925277,0.3057526,-0.626019,-0.3225626,0.7117438,-0.1581908,-0.1738009,0,0,0,1,0,0,0.8544874,0.8000166,-0.04430445,0.4197659,0.3702165,-0.06771575,-0.07837051,0,0,0,1,0,0,0.9078586,0.1918397,0.03273578,0.5849364,0.7214959,-0.05141797,-0.1758848,0,0,0,1,0,0,-0.5621971,0.7861357,-0.5481303,-0.07492009,0.2427638,-0.2031893,-0.2581421,0,0,0,1,0,0,-0.1632765,0.04041436,-0.5291765,-0.3017404,0.1434936,0.4014046,-0.06201351,0,0,0,1,0,0,0.4071387,0.6668404,-0.4272189,-0.02713801,0.009676818,-0.02410711,0.02932858,0,0,0,1,0,0,0.2833956,0.173886,0.006956477,-0.07655922,0.8860174,0.6868078,-0.2501366,0,0,0,1,0,0,-0.02426851,0.6675746,-0.6290109,0.004296659,0.02160669,-0.02706648,-0.1388108,0,0,0,1,0,0,0.4709772,1.344003,0.4660423,0.0231132,0.0148058,0.01580418,-0.1542488,0,0,0,1,0,0,0.01121647,1.338358,0.6110639,-0.04186674,-0.03347398,-0.01882613,-0.1148742,0,0,0,1,0,0,-0.4195704,1.355739,0.438857,0.02441109,0.02532006,-0.03100933,0.09255761,0,0,0,1,0,0,0.624314,1.345314,-0.01867713,-0.01946688,-0.002306701,-0.02679258,-0.03384024,0,0,0,1,0,0,-0.6350547,1.348801,0.001985238,-0.01037717,0.01392365,0.0007604135,-0.01813269,0,0,0,1,0,0,-0.4526709,1.349363,-0.4710568,0.00600219,0.00523329,0.003989042,-0.1487547,0,0,0,1,0,0,0.03087756,1.315671,-0.5925644,0.09204181,-0.04578831,0.008496646,-0.1194176,0,0,0,1,0,0,0.4085903,1.327019,-0.407072,-0.05234631,-0.02421738,0.04195274,0.06775951,0,0,0,1,0,0,0.3889087,2,0.3889088,0,0,0,0.05000001,0,0,0,0,0,0,0.55,2,4.808253E-08,0,0,0,0.05000001,0,0,0,0,0,0,-6.558685E-09,2,0.55,0,0,0,0.05000001,0,0,0,0,0,0,0.3889087,2,-0.3889087,0,0,0,0.04999995,0,0,0,0,0,0,-0.3889089,2,0.3889086,0,0,0,0.05000001,0,0,0,0,0,0,2.404126E-08,2,-0.55,0,0,0,0.05000001,0,0,0,0,0,0,-0.3889087,2,-0.3889087,0,0,0,0.04999995,0,0,0,0,0,0,-0.55,2,0,0,0,0,0.05000001,0,0,0,0,0,0
47,0.02171207,0.6848641,0.6408995,-0.002674666,0.0454128,0.04988613,-0.1515075,0,0,0,1,0,0,-0.3800021,0.6811264,0.424861,0.2515719,-0.05829635,-0.07301274,0.03548747,0,0,0,1,0,0,-0.2505295,0.2067586,0.02586559,-0.02219082,0.693396,-0.2709817,-0.1912618,0,0,0,1,0,0,0.1856694,0.06366764,0.5378294,0.4661309,0.1195662,-0.3162683,-0.09464586,0,0,0,1,0,0,-0.9087505,0.2107514,-0.03522717,-0.5195143,0.7047805,-0.007600899,-0.1856767,0,0,0,1,0,0,0.6066169,0.7788974,0.5792326,0.05655887,0.2048404,0.1913757,-0.2344526,0,0,0,1,0,0,0.802476,0.3190636,0.6115432,0.3893407,0.7566917,0.1366735,-0.1975409,0,0,0,1,0,0,-0.8583018,0.8044635,0.02027798,-0.4536988,0.3881903,0.01899731,-0.07740915,0,0,0,1,0,0,-0.7984382,0.3214217,-0.6303882,-0.2955229,0.7834557,-0.2184601,-0.1737375,0,0,0,1,0,0,0.8628806,0.8075355,-0.04624946,0.4196646,0.3759445,-0.0972506,-0.07614642,0,0,0,1,0,0,0.9179546,0.2041534,0.03213225,0.5048038,0.6156849,-0.03017691,-0.1783731,0,0,0,1,0,0,-0.5624916,0.790789,-0.5513464,-0.01472533,0.2326668,-0.1608045,-0.2588821,0,0,0,1,0,0,-0.1701356,0.04248961,-0.5208811,-0.3429563,0.1037626,0.414768,-0.06138253,0,0,0,1,0,0,0.4055119,0.6663582,-0.426603,-0.08133951,-0.02410711,0.03079326,0.02832389,0,0,0,1,0,0,0.2823978,0.1919073,0.0206585,-0.04988762,0.9010661,0.6851014,-0.2570323,0,0,0,1,0,0,-0.02397856,0.6677893,-0.6292868,0.01449725,0.01073778,-0.0137955,-0.1343151,0,0,0,1,0,0,0.4720114,1.344305,0.4669113,0.0517145,0.01507402,0.04344882,-0.1567131,0,0,0,1,0,0,0.01054253,1.337498,0.6100822,-0.03369671,-0.04299285,-0.04908444,-0.1158829,0,0,0,1,0,0,-0.4191456,1.356433,0.438729,0.02124161,0.03468396,-0.006404521,0.0946508,0,0,0,1,0,0,0.623608,1.345307,-0.01938319,-0.03529789,-0.0003695489,-0.03530319,-0.03789812,0,0,0,1,0,0,-0.6342375,1.348762,0.002193952,0.040859,-0.001966954,0.01043571,-0.02242553,0,0,0,1,0,0,-0.4528652,1.349506,-0.4718128,-0.009717051,0.007140639,-0.03779979,-0.1516171,0,0,0,1,0,0,0.03249212,1.315097,-0.591823,0.080728,-0.02866388,0.03707112,-0.1191734,0,0,0,1,0,0,0.4078325,1.326622,-0.40675,-0.03788771,-0.01982451,0.01610369,0.06903958,0,0,0,1,0,0,0.3889087,2,0.3889088,0,0,0,0.05000001,0,0,0,0,0,0,0.55,2,4.808253E-08,0,0,0,0.05000001,0,0,0,0,0,0,-6.558685E-09,2,0.55,0,0,0,0.05000001,0,0,0,0,0,0,0.3889087,2,-0.3889087,0,0,0,0.04999995,0,0,0,0,0,0,-0.3889089,2,0.3889086,0,0,0,0.05000001,0,0,0,0,0,0,2.404126E-08,2,-0.55,0,0,0,0.05000001,0,0,0,0,0,0,-0.3889087,2,-0.3889087,0,0,0,0.04999995,0,0,0,0,0,0,-0.55,2,0,0,0,0,0.05000001,0,0,0,0,0,0
48,0.0212879,0.6856754,0.6416615,-0.02120846,0.04056694,0.0380993,-0.1467302,0,0,0,1,0,0,-0.3723154,0.6786529,0.4210974,0.3843324,-0.1236737,-0.1881824,0.03365523,0,0,0,1,0,0,-0.2496147,0.2197313,0.01902546,0.04573988,0.6486337,-0.3420068,-0.1898524,0,0,0,1,0,0,0.1961484,0.06433719,0.5305594,0.5239466,0.03347734,-0.3634991,-0.09483892,0,0,0,1,0,0,-0.921206,0.2263665,-0.03401405,-0.6227764,0.7807511,0.06065613,-0.1871704,0,0,0,1,0,0,0.6083344,0.7826164,0.5821271,0.08587245,0.1859517,0.1447261,-0.2355791,0,0,0,1,0,0,0.810307,0.3361014,0.6159782,0.391546,0.8518878,0.2217472,-0.1971176,0,0,0,1,0,0,-0.865421,0.8104798,0.02112802,-0.3559621,0.3008158,0.04250204,-0.0778892,0,0,0,1,0,0,-0.8028079,0.3367775,-0.6357914,-0.2184869,0.7677886,-0.2701612,-0.1735694,0,0,0,1,0,0,0.8706272,0.8143614,-0.04841207,0.387329,0.3412963,-0.1081307,-0.07509416,0,0,0,1,0,0,0.9276644,0.2154865,0.0317795,0.485489,0.5666534,-0.01763721,-0.1811584,0,0,0,1,0,0,-0.5628249,0.794573,-0.5541561,-0.01666547,0.1892001,-0.1404822,-0.2603194,0,0,0,1,0,0,-0.17646,0.0438604,-0.5122692,-0.3162206,0.06853941,0.4305961,-0.05927575,0,0,0,1,0,0,0.4032723,0.6652207,-0.4241271,-0.1119778,-0.05687477,0.1237989,0.02559143,0,0,0,1,0,0,0.2810185,0.2090819,0.03333302,-0.06896856,0.8587304,0.6337262,-0.260983,0,0,0,1,0,0,-0.02308895,0.66799,-0.6298167,0.04448045,0.01003147,-0.0264913,-0.1289947,0,0,0,1,0,0,0.4732536,1.344413,0.4678268,0.06210807,0.005424025,0.04577639,-0.1594126,0,0,0,1,0,0,0.009531919,1.336987,0.6093121,-0.05053074,-0.0255406,-0.0385076,-0.1163823,0,0,0,1,0,0,-0.4197824,1.35744,0.4390129,-0.03183783,0.05034806,0.01419634,0.09799463,0,0,0,1,0,0,0.622696,1.345204,-0.01993611,-0.04560055,-0.005155804,-0.02764576,-0.04245573,0,0,0,1,0,0,-0.6329384,1.348468,0.002475198,0.06495716,-0.01469255,0.0140623,-0.02740699,0,0,0,1,0,0,-0.4526728,1.349564,-0.4723804,0.009620193,0.002908708,-0.02838076,-0.1550466,0,0,0,1,0,0,0.03377903,1.314715,-0.5907951,0.06434529,-0.01912714,0.05139412,-0.1190996,0,0,0,1,0,0,0.4072646,1.326456,-0.4065272,-0.02839715,-0.008338694,0.01114011,0.07072532,0,0,0,1,0,0,0.3889087,2,0.3889088,0,0,0,0.05000001,0,0,0,0,0,0,0.55,2,4.808253E-08,0,0,0,0.05000001,0,0,0,0,0,0,-6.558685E-09,2,0.55,0,0,0,0.05000001,0,0,0,0,0,0,0.3889087,2,-0.3889087,0,0,0,0.04999995,0,0,0,0,0,0,-0.3889089,2,0.3889086,0,0,0,0.05000001,0,0,0,0,0,0,2.404126E-08,2,-0.55,0,0,0,0.05000001,0,0,0,0,0,0,-0.3889087,2,-0.3889087,0,0,0,0.04999995,0,0,0,0,0,0,-0.55,2,0,0,0,0,0.05000001,0,0,0,0,0,0
49,0.02118998,0.6873628,0.6414224,-0.004895872,0.0843704,-0.0119567,-0.143436,0,0,0,1,0,0,-0.3620913,0.6752996,0.4143615,0.5112054,-0.1676649,-0.3367917,0.02916497,0,0,0,1,0,0,-0.2484059,0.2324119,0.01059991,0.06043988,0.6340327,-0.4212776,-0.1897086,0,0,0,1,0,0,0.2073436,0.06350844,0.5227945,0.5597616,-0.04143716,-0.3882439,-0.09533292,0,0,0,1,0,0,-0.9363932,0.2447344,-0.03036813,-0.7593605,0.9183984,0.182296,-0.1853213,0,0,0,1,0,0,0.6088588,0.7862639,0.5852304,0.02622009,0.1823724,0.1551659,-0.2367252,0,0,0,1,0,0,0.8172963,0.353001,0.620824,0.3494681,0.8449826,0.242293,-0.1960989,0,0,0,1,0,0,-0.871317,0.8164869,0.02126675,-0.2947987,0.3003539,0.0069364,-0.07911748,0,0,0,1,0,0,-0.8060985,0.3512769,-0.6413857,-0.1645268,0.7249701,-0.2797128,-0.1730274,0,0,0,1,0,0,0.8784427,0.8212057,-0.05003894,0.3907742,0.3422172,-0.08134342,-0.07373458,0,0,0,1,0,0,0.9387094,0.2289411,0.03099907,0.5522522,0.6727333,-0.03902178,-0.1828495,0,0,0,1,0,0,-0.5636764,0.7976559,-0.55578,-0.04257264,0.1541466,-0.08119646,-0.2622442,0,0,0,1,0,0,-0.1820934,0.04511848,-0.5038414,-0.2816686,0.06290416,0.4213901,-0.05701751,0,0,0,1,0,0,0.4007928,0.6641819,-0.4208934,-0.1239777,-0.05194249,0.1616836,0.02229726,0,0,0,1,0,0,0.2804523,0.2250109,0.0444258,-0.02830775,0.7964495,0.5546392,-0.2637177,0,0,0,1,0,0,-0.02214957,0.668317,-0.6306409,0.04696941,0.01634956,-0.04121067,-0.1237195,0,0,0,1,0,0,0.4756967,1.344981,0.4692993,0.1221538,0.0283897,0.0736222,-0.1606504,0,0,0,1,0,0,0.008367483,1.336298,0.6087815,-0.05822184,-0.0344217,-0.02652706,-0.1167496,0,0,0,1,0,0,-0.4208639,1.358737,0.4392846,-0.05407485,0.06486776,0.01358539,0.1016846,0,0,0,1,0,0,0.6230524,1.345203,-0.02048859,0.0178218,-3.57628E-05,-0.02762425,-0.0458253,0,0,0,1,0,0,-0.6317801,1.348439,0.003009692,0.05791488,-0.001424552,0.0267247,-0.03178024,0,0,0,1,0,0,-0.4525818,1.349379,-0.4736546,0.004550816,-0.009238724,-0.06370994,-0.1580318,0,0,0,1,0,0,0.03501348,1.313906,-0.5889258,0.0617225,-0.04045965,0.0934631,-0.1198552,0,0,0,1,0,0,0.4068089,1.326195,-0.4063171,-0.02278388,-0.01301766,0.01050234,0.07230872,0,0,0,1,0,0,0.3889087,2,0.3889088,0,0,0,0.05000001,0,0,0,0,0,0,0.55,2,4.808253E-08,0,0,0,0.05000001,0,0,0,0,0,0,-6.558685E-09,2,0.55,0,0,0,0.05000001,0,0,0,0,0,0,0.3889087,2,-0.3889087,0,0,0,0.04999995,0,0,0,0,0,0,-0.3889089,2,0.3889086,0,0,0,0.05000001,0,0,0,0,0,0,2.404126E-08,2,-0.55,0,0,0,0.05000001,0,0,0,0,0,0,-0.3889087,2,-0.3889087,0,0,0,0.04999995,0,0,0,0,0,0,-0.55,2,0,0,0,0,0.05000001,0,0,0,0,0,0
50,0.02139153,0.689556,0.6404914,0.01007757,0.1096577,-0.04655125,-0.1450943,0,0,0,1,0,0,-0.34946,0.6715947,0.4050434,0.6315651,-0.1852483,-0.4659073,0.01795125,0,0,0,1,0,0,-0.2469469,0.244396,0.002474234,0.07294941,0.5992035,-0.4062839,-0.1986313,0,0,0,1,0,0,0.2196645,0.06176557,0.5155331,0.6160478,-0.08714389,-0.3630699,-0.106006,0,0,0,1,0,0,-0.9524998,0.2651985,-0.02437057,-0.8053306,1.023203,0.299878,-0.1742774,0,0,0,1,0,0,0.6085672,0.790169,0.5883999,-0.0145793,0.195256,0.1584739,-0.2329923,0,0,0,1,0,0,0.8232311,0.367988,0.6247755,0.2967389,0.7493529,0.1975746,-0.1902719,0,0,0,1,0,0,-0.8759782,0.8220116,0.0201749,-0.2330632,0.2762378,-0.05459266,-0.07344282,0,0,0,1,0,0,-0.8075231,0.3636521,-0.6464523,-0.07123354,0.618759,-0.2533318,-0.1682441,0,0,0,1,0,0,0.8856947,0.8283601,-0.05099908,0.362602,0.3577204,-0.04800709,-0.06453109,0,0,0,1,0,0,0.9496103,0.242912,0.03071813,0.545043,0.6985421,-0.01404705,-0.1781695,0,0,0,1,0,0,-0.56357,0.7999462,-0.5567731,0.005316737,0.1145125,-0.04965665,-0.260683,0,0,0,1,0,0,-0.1868737,0.04586608,-0.4962933,-0.2390177,0.03737995,0.3774063,-0.06441718,0,0,0,1,0,0,0.3985121,0.6633062,-0.4181202,-0.1140357,-0.04378559,0.1386613,0.01953351,0,0,0,1,0,0,0.2817942,0.2398477,0.05332266,0.06709549,0.7418419,0.4448434,-0.2760587,0,0,0,1,0,0,-0.02095978,0.6688372,-0.631303,0.05948946,0.02601148,-0.03310741,-0.122858,0,0,0,1,0,0,0.4781282,1.346039,0.4709514,0.1215771,0.0528753,0.08260462,-0.1577086,0,0,0,1,0,0,0.007023101,1.335502,0.6085235,-0.06721912,-0.03984572,-0.01289845,-0.1169168,0,0,0,1,0,0,-0.4228549,1.359915,0.4403915,-0.09955171,0.05888345,0.05534741,0.104131,0,0,0,1,0,0,0.6244807,1.345026,-0.02094977,0.07141235,-0.008857254,-0.0230589,-0.04460818,0,0,0,1,0,0,-0.630357,1.348191,0.003099602,0.07115605,-0.01242757,0.004495484,-0.03277189,0,0,0,1,0,0,-0.452522,1.349488,-0.4752058,0.002989174,0.005424025,-0.07756057,-0.1571318,0,0,0,1,0,0,0.03635256,1.312964,-0.5863872,0.0669543,-0.04708173,0.1269311,-0.1214728,0,0,0,1,0,0,0.4063554,1.325755,-0.4060078,-0.02267362,-0.022012,0.01546443,0.07157892,0,0,0,1,0,0,0.3889087,2,0.3889088,0,0,0,0.05000001,0,0,0,0,0,0,0.55,2,4.808253E-08,0,0,0,0.05000001,0,0,0,0,0,0,-6.558685E-09,2,0.55,0,0,0,0.05000001,0,0,0,0,0,0,0.3889087,2,-0.3889087,0,0,0,0.04999995,0,0,0,0,0,0,-0.3889089,2,0.3889086,0,0,0,0.05000001,0,0,0,0,0,0,2.404126E-08,2,-0.55,0,0,0,0.05000001,0,0,0,0,0,0,-0.3889087,2,-0.3889087,0,0,0,0.04999995,0,0,0,0,0,0,-0.55,2,0,0,0,0,0.05000001,0,0,0,0,0,0
51,0.01708923,0.6919062,0.6397577,-0.2151154,0.1175076,-0.03668369,-0.1480604,0,0,0,1,0,0,-0.3414757,0.6675193,0.3978082,0.3992142,-0.2037705,-0.3617616,0.007003605,0,0,0,1,0,0,-0.2438591,0.2409307,-0.009096267,0.1543925,-0.1732656,-0.5785253,-0.2114536,0,0,0,1,0,0,0.221241,0.0507106,0.5106316,0.07882121,-0.5527486,-0.2450795,-0.1128749,0,0,0,1,0,0,-0.9491164,0.2637833,-0.02467652,0.16917,-0.07075968,-0.01529717,-0.169412,0,0,0,1,0,0,0.6019531,0.788934,0.5869481,-0.3307046,-0.06175044,-0.07258955,-0.2328555,0,0,0,1,0,0,0.8061226,0.3578726,0.6294974,-0.8554254,-0.5057724,0.2360941,-0.1898867,0,0,0,1,0,0,-0.8676544,0.8161556,0.01480503,0.4161896,-0.292802,-0.2684933,-0.07634336,0,0,0,1,0,0,-0.7871334,0.3506716,-0.6490405,1.019487,-0.6490218,-0.1294077,-0.1706109,0,0,0,1,0,0,0.8808604,0.8250907,-0.04799572,-0.2417178,-0.1634718,0.1501678,-0.06267536,0,0,0,1,0,0,0.9412342,0.2349688,0.03756588,-0.4188033,-0.3971563,0.3423879,-0.1789195,0,0,0,1,0,0,-0.5566435,0.794847,-0.5578229,0.346324,-0.254959,-0.05249085,-0.259941,0,0,0,1,0,0,-0.178472,0.04125228,-0.492707,0.42009,-0.23069,0.1793132,-0.06851017,0,0,0,1,0,0,0.4018631,0.6622435,-0.4195261,0.1675517,-0.05313458,-0.07029477,0.02096426,0,0,0,1,0,0,0.2781501,0.2404218,0.0607834,-0.1822055,0.02870337,0.3730369,-0.2878146,0,0,0,1,0,0,-0.01247972,0.6688123,-0.6311584,0.4240031,-0.001245738,0.007233026,-0.1224385,0,0,0,1,0,0,0.4767826,1.346536,0.469083,-0.06728175,0.02487303,-0.09341989,-0.1552054,0,0,0,1,0,0,0.004595122,1.335243,0.6110013,-0.121399,-0.01290441,0.1238853,-0.1145068,0,0,0,1,0,0,-0.428226,1.361055,0.4397988,-0.2685533,0.0570059,-0.02963693,0.1068971,0,0,0,1,0,0,0.6222953,1.344393,-0.02007805,-0.1092703,-0.03162624,0.04358592,-0.0429073,0,0,0,1,0,0,-0.6254981,1.34612,0.00237608,0.2429427,-0.1035452,-0.0361761,-0.03387207,0,0,0,1,0,0,-0.4470718,1.345908,-0.4747924,0.2725126,-0.1789809,0.02066941,-0.1592447,0,0,0,1,0,0,0.03657018,1.312824,-0.586797,0.01088083,-0.007009509,-0.0204891,-0.121604,0,0,0,1,0,0,0.4085687,1.326564,-0.4087644,0.110665,0.04042388,-0.1378284,0.07228285,0,0,0,1,0,0,0.3889087,2,0.3889088,0,0,0,0.05000001,0,0,0,0,0,0,0.55,2,4.808253E-08,0,0,0,0.05000001,0,0,0,0,0,0,-6.558685E-09,2,0.55,0,0,0,0.05000001,0,0,0,0,0,0,0.3889087,2,-0.3889087,0,0,0,0.04999995,0,0,0,0,0,0,-0.3889089,2,0.3889086,0,0,0,0.05000001,0,0,0,0,0,0,2.404126E-08,2,-0.55,0,0,0,0.05000001,0,0,0,0,0,0,-0.3889087,2,-0.3889087,0,0,0,0.04999995,0,0,0,0,0,0,-0.55,2,0,0,0,0,0.05000001,0,0,0,0,0,0
52,0.01395889,0.6870905,0.6390916,-0.1565168,-0.240782,-0.03330411,-0.1492507,0,0,0,1,0,0,-0.3520562,0.6639813,0.4091046,-0.5290242,-0.1768977,0.5648243,0.01590431,0,0,0,1,0,0,-0.2427375,0.2263676,-0.006248834,0.05608054,-0.728156,0.1423717,-0.2126027,0,0,0,1,0,0,0.2136033,0.04855369,0.5156888,-0.3818856,-0.1078457,0.2528639,-0.1141405,0,0,0,1,0,0,-0.9427701,0.2551567,-0.03241361,0.3173144,-0.4313292,-0.3868546,-0.1691335,0,0,0,1,0,0,0.5979765,0.7859591,0.5869149,-0.1988292,-0.1487435,-0.00165999,-0.2309434,0,0,0,1,0,0,0.7973605,0.3478557,0.625939,-0.4381062,-0.5008476,-0.1779199,-0.1917674,0,0,0,1,0,0,-0.8597632,0.8087463,0.01160966,0.394562,-0.3704639,-0.1597687,-0.07889384,0,0,0,1,0,0,-0.7772945,0.3347755,-0.6455072,0.4919442,-0.7948089,0.1766653,-0.1729368,0,0,0,1,0,0,0.8742072,0.8182706,-0.04394219,-0.3326596,-0.3410073,0.2026769,-0.06456399,0,0,0,1,0,0,0.9314183,0.2212379,0.04313476,-0.4907968,-0.686546,0.278444,-0.1784998,0,0,0,1,0,0,-0.5541638,0.7898792,-0.5597768,0.1239896,-0.2483905,-0.09769205,-0.2564518,0,0,0,1,0,0,-0.1599364,0.04459224,-0.4941382,0.9267796,0.1669979,-0.07156137,-0.06749529,0,0,0,1,0,0,0.4206245,0.6635554,-0.4298956,0.9380717,0.06559791,-0.5184786,0.03207266,0,0,0,1,0,0,0.2762898,0.2302974,0.05563854,-0.09301607,-0.5062209,-0.2572428,-0.2893801,0,0,0,1,0,0,-0.00517442,0.6664836,-0.6362133,0.3652651,-0.1164347,-0.2527476,-0.1178309,0,0,0,1,0,0,0.472877,1.346702,0.4705814,-0.1952783,0.008314852,0.07492158,-0.1530063,0,0,0,1,0,0,0.003626379,1.333873,0.6101205,-0.0484372,-0.06852153,-0.04403593,-0.1156418,0,0,0,1,0,0,-0.425739,1.359436,0.4359535,0.1243502,-0.08094314,-0.1922653,0.100989,0,0,0,1,0,0,0.6206998,1.344894,-0.01788931,-0.07977489,0.02500416,0.1094372,-0.04090089,0,0,0,1,0,0,-0.6168985,1.342452,0.001896258,0.4299821,-0.1834095,-0.02399111,-0.03859425,0,0,0,1,0,0,-0.4383962,1.340802,-0.4714195,0.4337775,-0.2553047,0.1686484,-0.1657016,0,0,0,1,0,0,0.03496928,1.312615,-0.5850306,-0.08004516,-0.01042486,0.0883222,-0.1240404,0,0,0,1,0,0,0.4093588,1.327073,-0.4085088,0.03950299,0.02549292,0.01278073,0.07101619,0,0,0,1,0,0,0.3889087,2,0.3889088,0,0,0,0.05000001,0,0,0,0,0,0,0.55,2,4.808253E-08,0,0,0,0.05000001,0,0,0,0,0,0,-6.558685E-09,2,0.55,0,0,0,0.05000001,0,0,0,0,0,0,0.3889087,2,-0.3889087,0,0,0,0.04999995,0,0,0,0,0,0,-0.3889089,2,0.3889086,0,0,0,0.05000001,0,0,0,0,0,0,2.404126E-08,2,-0.55,0,0,0,0.05000001,0,0,0,0,0,0,-0.3889087,2,-0.3889087,0,0,0,0.04999995,0,0,0,0,0,0,-0.55,2,0,0,0,0,0.05000001,0,0,0,0,0,0
53,0.01030536,0.6829315,0.6435382,-0.1826768,-0.2079518,0.2223284,-0.1465419,0,0,0,1,0,0,-0.3701651,0.6659921,0.4288086,-0.9054426,0.1005382,0.9851967,0.03082138,0,0,0,1,0,0,-0.2462185,0.2105431,0.01116513,-0.1740531,-0.7912259,0.8706983,-0.2081685,0,0,0,1,0,0,0.200635,0.05262341,0.5249352,-0.6484131,0.2034862,0.4623206,-0.1140085,0,0,0,1,0,0,-0.9305872,0.243337,-0.03899626,0.6091478,-0.5909855,-0.3291331,-0.1720069,0,0,0,1,0,0,0.5954226,0.7844494,0.5875257,-0.1276941,-0.07548633,0.03054143,-0.2271718,0,0,0,1,0,0,0.7861861,0.3285763,0.6150138,-0.5587193,-0.9639699,-0.5462589,-0.1999328,0,0,0,1,0,0,-0.8564519,0.8015266,0.01272679,0.1655669,-0.3609867,0.05585675,-0.07546496,0,0,0,1,0,0,-0.7670036,0.3193637,-0.6358444,0.5145462,-0.77059,0.4831375,-0.1803702,0,0,0,1,0,0,0.8685666,0.811706,-0.04212167,-0.2820284,-0.328228,0.09102583,-0.06415355,0,0,0,1,0,0,0.9217032,0.2127872,0.04720535,-0.4857572,-0.4225368,0.2035298,-0.178654,0,0,0,1,0,0,-0.5528061,0.7871448,-0.5638623,0.06788078,-0.1367212,-0.2042741,-0.249866,0,0,0,1,0,0,-0.1403379,0.05141018,-0.4983965,0.979926,0.340897,-0.2129124,-0.06646353,0,0,0,1,0,0,0.441638,0.6682196,-0.4452308,1.050672,0.2332092,-0.7667589,0.04938757,0,0,0,1,0,0,0.2791014,0.2138515,0.03815857,0.1405791,-0.8222978,-0.8739989,-0.2845576,0,0,0,1,0,0,0.0002549961,0.666196,-0.6433707,0.2714709,-0.01437963,-0.3578724,-0.1134557,0,0,0,1,0,0,0.4656627,1.344482,0.4661882,-0.3607155,-0.1110197,-0.2196596,-0.1568027,0,0,0,1,0,0,0.003281729,1.333703,0.6103594,-0.0172325,-0.008487705,0.01194478,-0.1155025,0,0,0,1,0,0,-0.4212761,1.357146,0.4302336,0.223145,-0.1145244,-0.2859936,0.09255433,0,0,0,1,0,0,0.617783,1.345453,-0.01536451,-0.1458377,0.02796055,0.1262402,-0.03977138,0,0,0,1,0,0,-0.6097054,1.338856,0.0004150271,0.3596546,-0.1798034,-0.07406157,-0.04257149,0,0,0,1,0,0,-0.4301356,1.336601,-0.463548,0.413029,-0.2100707,0.3935726,-0.1733162,0,0,0,1,0,0,0.03420775,1.312349,-0.5855715,-0.03807621,-0.01330376,-0.0270486,-0.1245922,0,0,0,1,0,0,0.4088255,1.327064,-0.40671,-0.02666266,-0.0004947187,0.08993749,0.06793135,0,0,0,1,0,0,0.3889087,2,0.3889088,0,0,0,0.05000001,0,0,0,0,0,0,0.55,2,4.808253E-08,0,0,0,0.05000001,0,0,0,0,0,0,-6.558685E-09,2,0.55,0,0,0,0.05000001,0,0,0,0,0,0,0.3889087,2,-0.3889087,0,0,0,0.04999995,0,0,0,0,0,0,-0.3889089,2,0.3889086,0,0,0,0.05000001,0,0,0,0,0,0,2.404126E-08,2,-0.55,0,0,0,0.05000001,0,0,0,0,0,0,-0.3889087,2,-0.3889087,0,0,0,0.04999995,0,0,0,0,0,0,-0.55,2,0,0,0,0,0.05000001,0,0,0,0,0,0
54,0.006018477,0.6795807,0.6495551,-0.2143442,-0.1675398,0.3008486,-0.1423202,0,0,0,1,0,0,-0.3900775,0.6695228,0.4487816,-0.9956245,0.1765371,0.9986509,0.04740733,0,0,0,1,0,0,-0.2527352,0.1959274,0.03186993,-0.3258341,-0.7307823,1.035241,-0.2029785,0,0,0,1,0,0,0.1870784,0.05935945,0.5357075,-0.677831,0.3368023,0.5386117,-0.1134184,0,0,0,1,0,0,-0.9165449,0.2314092,-0.04414278,0.7021132,-0.5963894,-0.2573256,-0.1758873,0,0,0,1,0,0,0.5927923,0.7819506,0.5873154,-0.1315177,-0.1249403,-0.01051724,-0.224577,0,0,0,1,0,0,0.7745019,0.3094156,0.602991,-0.5842092,-0.9580333,-0.6011399,-0.208952,0,0,0,1,0,0,-0.8537513,0.7965441,0.01345787,0.1350284,-0.2491237,0.03655368,-0.07116991,0,0,0,1,0,0,-0.7571291,0.3053246,-0.6266185,0.4937263,-0.7019523,0.4612954,-0.1872477,0,0,0,1,0,0,0.8643449,0.8067377,-0.04004459,-0.211087,-0.2484174,0.1038539,-0.06249225,0,0,0,1,0,0,0.9111032,0.2046252,0.0481514,-0.5299958,-0.4081005,0.04730226,-0.1784836,0,0,0,1,0,0,-0.5498211,0.7854589,-0.5658054,0.1492501,-0.08429292,-0.09715859,-0.2457745,0,0,0,1,0,0,-0.1263687,0.05578744,-0.5049324,0.6984594,0.2188633,-0.326796,-0.06624818,0,0,0,1,0,0,0.4563592,0.671966,-0.4587213,0.736064,0.1873196,-0.6745251,0.06521904,0,0,0,1,0,0,0.2877512,0.1950548,0.01576294,0.432493,-0.9398338,-1.119782,-0.2772763,0,0,0,1,0,0,0.004459823,0.6672652,-0.6487925,0.2102415,0.05346241,-0.271088,-0.1112478,0,0,0,1,0,0,0.4576403,1.342576,0.4616517,-0.40112,-0.09531979,-0.2268256,-0.161018,0,0,0,1,0,0,0.002687036,1.332839,0.6094292,-0.02973467,-0.04321339,-0.04650952,-0.1165124,0,0,0,1,0,0,-0.4177421,1.355289,0.4265668,0.1766995,-0.09285811,-0.183341,0.08570141,0,0,0,1,0,0,0.6109762,1.345194,-0.01387033,-0.3403397,-0.01296401,0.07470877,-0.04150826,0,0,0,1,0,0,-0.6046771,1.336812,-0.0003738078,0.2514125,-0.1021624,-0.03944176,-0.04401904,0,0,0,1,0,0,-0.4242609,1.333919,-0.4568865,0.2937378,-0.1340807,0.3330768,-0.178141,0,0,0,1,0,0,0.03400373,1.312575,-0.5868084,-0.01020097,0.01128316,-0.06184581,-0.124109,0,0,0,1,0,0,0.4091767,1.327342,-0.4066912,0.01755954,0.01393557,0.0009432439,0.06622398,0,0,0,1,0,0,0.3889087,2,0.3889088,0,0,0,0.05000001,0,0,0,0,0,0,0.55,2,4.808253E-08,0,0,0,0.05000001,0,0,0,0,0,0,-6.558685E-09,2,0.55,0,0,0,0.05000001,0,0,0,0,0,0,0.3889087,2,-0.3889087,0,0,0,0.04999995,0,0,0,0,0,0,-0.3889089,2,0.3889086,0,0,0,0.05000001,0,0,0,0,0,0,2.404126E-08,2,-0.55,0,0,0,0.05000001,0,0,0,0,0,0,-0.3889087,2,-0.3889087,0,0,0,0.04999995,0,0,0,0,0,0,-0.55,2,0,0,0,0,0.05000001,0,0,0,0,0,0
55,0.002440041,0.6774094,0.6544278,-0.1789218,-0.1085639,0.2436311,-0.1397808,0,0,0,1,0,0,-0.4060203,0.6733596,0.4598207,-0.7971364,0.1918376,0.5519586,0.05824792,0,0,0,1,0,0,-0.2578231,0.1823932,0.0472106,-0.2543942,-0.6767097,0.7670335,-0.1995504,0,0,0,1,0,0,0.1734457,0.06377011,0.5431029,-0.6816323,0.2205328,0.3697695,-0.1129873,0,0,0,1,0,0,-0.9033079,0.2189103,-0.04792824,0.6618502,-0.6249475,-0.1892733,-0.1779525,0,0,0,1,0,0,0.5917641,0.7773664,0.5846239,-0.05140902,-0.2292098,-0.1345754,-0.223518,0,0,0,1,0,0,0.7649096,0.2958238,0.5977324,-0.4796179,-0.6795886,-0.2629341,-0.2115209,0,0,0,1,0,0,-0.8487808,0.7919302,0.01279193,0.2485276,-0.2306969,-0.03329703,-0.0690065,0,0,0,1,0,0,-0.7494303,0.2923295,-0.6202813,0.3849389,-0.6497549,0.3168584,-0.1902963,0,0,0,1,0,0,0.8588116,0.8011776,-0.03800378,-0.276667,-0.2780021,0.102041,-0.06190252,0,0,0,1,0,0,0.8999375,0.1929815,0.04705017,-0.5582871,-0.5821841,-0.05506149,-0.1764464,0,0,0,1,0,0,-0.5462462,0.7828935,-0.5646485,0.1787455,-0.1282692,0.05784633,-0.2446662,0,0,0,1,0,0,-0.1177658,0.05581478,-0.5120775,0.4301438,0.001366996,-0.3572525,-0.06730086,0,0,0,1,0,0,0.4629727,0.6733328,-0.4643633,0.3306733,0.06833974,-0.2821015,0.07276398,0,0,0,1,0,0,0.2965312,0.1758675,-0.006815587,0.4389988,-0.9593662,-1.128927,-0.2673048,0,0,0,1,0,0,0.005852658,0.6685789,-0.6517262,0.06964175,0.06568434,-0.1466841,-0.1126136,0,0,0,1,0,0,0.4515863,1.341145,0.4577879,-0.3027008,-0.07153752,-0.1931921,-0.1634521,0,0,0,1,0,0,0.002373475,1.332314,0.6083916,-0.01567805,-0.02624394,-0.0518799,-0.1174878,0,0,0,1,0,0,-0.4165391,1.354058,0.425547,0.06014707,-0.06154182,-0.05099179,0.08168387,0,0,0,1,0,0,0.6052476,1.345044,-0.01282704,-0.2864332,-0.007486346,0.05216442,-0.04216814,0,0,0,1,0,0,-0.6033941,1.335614,-0.00146571,0.0641525,-0.05994441,-0.05459514,-0.04239535,0,0,0,1,0,0,-0.4214406,1.332315,-0.4533843,0.1410142,-0.08019808,0.1751081,-0.1790569,0,0,0,1,0,0,0.03365553,1.312682,-0.587407,-0.01741015,0.005352499,-0.0299275,-0.1241853,0,0,0,1,0,0,0.4101428,1.327808,-0.4072805,0.04830511,0.0232935,-0.02946557,0.0652113,0,0,0,1,0,0,0.3889087,2,0.3889088,0,0,0,0.05000001,0,0,0,0,0,0,0.55,2,4.808253E-08,0,0,0,0.05000001,0,0,0,0,0,0,-6.558685E-09,2,0.55,0,0,0,0.05000001,0,0,0,0,0,0,0.3889087,2,-0.3889087,0,0,0,0.04999995,0,0,0,0,0,0,-0.3889089,2,0.3889086,0,0,0,0.05000001,0,0,0,0,0,0,2.404126E-08,2,-0.55,0,0,0,0.05000001,0,0,0,0,0,0,-0.3889087,2,-0.3889087,0,0,0,0.04999995,0,0,0,0,0,0,-0.55,2,0,0,0,0,0.05000001,0,0,0,0,0,0
56,0.0001425141,0.676633,0.6566369,-0.1148764,-0.03882052,0.1104564,-0.1403245,0,0,0,1,0,0,-0.4155795,0.6764721,0.4617898,-0.4779609,0.1556248,0.0984535,0.06152534,0,0,0,1,0,0,-0.2600345,0.1693955,0.05524849,-0.1105696,-0.6498876,0.4018949,-0.1984664,0,0,0,1,0,0,0.1602853,0.06322873,0.5467466,-0.6580244,-0.02706909,0.1821847,-0.1117144,0,0,0,1,0,0,-0.8907287,0.2041601,-0.05038602,0.6289634,-0.7375064,-0.1228892,-0.1781422,0,0,0,1,0,0,0.5906916,0.7719206,0.5807201,-0.05362632,-0.272289,-0.1951904,-0.2236795,0,0,0,1,0,0,0.7567095,0.286843,0.5987192,-0.4100056,-0.4490437,0.04934074,-0.2089575,0,0,0,1,0,0,-0.841428,0.7855161,0.01157555,0.3676386,-0.3207029,-0.06081874,-0.06989187,0,0,0,1,0,0,-0.7424861,0.2808279,-0.6176676,0.3472091,-0.5750852,0.1306862,-0.1898856,0,0,0,1,0,0,0.8507885,0.7927623,-0.03742977,-0.4011513,-0.4207643,0.02870039,-0.0638243,0,0,0,1,0,0,0.8884915,0.1787941,0.0468522,-0.5723032,-0.7093731,-0.009898286,-0.1740731,0,0,0,1,0,0,-0.5427157,0.7788136,-0.5617865,0.1765252,-0.203997,0.1431019,-0.2453913,0,0,0,1,0,0,-0.1126695,0.05181618,-0.5187001,0.2548148,-0.1999299,-0.3311307,-0.0686385,0,0,0,1,0,0,0.4632955,0.6727722,-0.4626172,0.01614094,-0.02803208,0.08730594,0.07225752,0,0,0,1,0,0,0.302063,0.1550483,-0.02642575,0.276591,-1.040958,-0.9805083,-0.2543167,0,0,0,1,0,0,0.006015381,0.6692743,-0.6517807,0.008136177,0.03477038,-0.002726914,-0.1165828,0,0,0,1,0,0,0.4493876,1.340066,0.4558603,-0.1099349,-0.05393627,-0.09637777,-0.1628072,0,0,0,1,0,0,0.003053144,1.332512,0.6078445,0.03398346,0.009906296,-0.02735854,-0.1180125,0,0,0,1,0,0,-0.4173851,1.353584,0.4255511,-0.04229845,-0.02367497,0.0002056361,0.0800212,0,0,0,1,0,0,0.6027427,1.345279,-0.01160263,-0.1252443,0.01176596,0.06122075,-0.04056376,0,0,0,1,0,0,-0.6050602,1.335337,-0.002602085,-0.08330646,-0.0138104,-0.05681874,-0.0382483,0,0,0,1,0,0,-0.4214434,1.332263,-0.4527569,-0.0001415611,-0.002586843,0.03137292,-0.1761421,0,0,0,1,0,0,0.03244797,1.313428,-0.5882869,-0.06037804,0.03729464,-0.04399421,-0.1240333,0,0,0,1,0,0,0.4113711,1.328485,-0.4077106,0.06141218,0.03383161,-0.02150835,0.06451809,0,0,0,1,0,0,0.3889087,2,0.3889088,0,0,0,0.05000001,0,0,0,0,0,0,0.55,2,4.808253E-08,0,0,0,0.05000001,0,0,0,0,0,0,-6.558685E-09,2,0.55,0,0,0,0.05000001,0,0,0,0,0,0,0.3889087,2,-0.3889087,0,0,0,0.04999995,0,0,0,0,0,0,-0.3889089,2,0.3889086,0,0,0,0.05000001,0,0,0,0,0,0,2.404126E-08,2,-0.55,0,0,0,0.05000001,0,0,0,0,0,0,-0.3889087,2,-0.3889087,0,0,0,0.04999995,0,0,0,0,0,0,-0.55,2,0,0,0,0,0.05000001,0,0,0,0,0,0
57,-0.0005474272,0.6759687,0.6566278,-0.03449708,-0.0332147,-0.0004529955,-0.1436014,0,0,0,1,0,0,-0.4196509,0.6775607,0.4591599,-0.2035708,0.05443396,-0.1314968,0.05952919,0,0,0,1,0,0,-0.2614287,0.1568741,0.0602526,-0.06971362,-0.626071,0.2502055,-0.1988314,0,0,0,1,0,0,0.1498141,0.05878544,0.5488291,-0.5235599,-0.2221643,0.1041264,-0.1110018,0,0,0,1,0,0,-0.8780302,0.1877262,-0.05203937,0.6349238,-0.8216958,-0.08266757,-0.1770746,0,0,0,1,0,0,0.5884611,0.7672172,0.5767364,-0.1115233,-0.2351732,-0.1991839,-0.2241239,0,0,0,1,0,0,0.7502723,0.2778704,0.6011066,-0.3218592,-0.4486279,0.1193703,-0.204055,0,0,0,1,0,0,-0.8334126,0.7792946,0.01034519,0.4007699,-0.3110797,-0.06151835,-0.07106245,0,0,0,1,0,0,-0.7374358,0.2706383,-0.6175793,0.2525181,-0.5094783,0.004413726,-0.1862725,0,0,0,1,0,0,0.8414001,0.7836901,-0.03695511,-0.4694195,-0.4536124,0.0237329,-0.06681806,0,0,0,1,0,0,0.8774772,0.1655618,0.04788098,-0.5507114,-0.6616156,0.05143883,-0.1718537,0,0,0,1,0,0,-0.5401515,0.7735832,-0.5580384,0.1282096,-0.2615214,0.187403,-0.2464584,0,0,0,1,0,0,-0.1098228,0.04613758,-0.5247962,0.1423348,-0.2839306,-0.3048093,-0.07101947,0,0,0,1,0,0,0.4599384,0.6708911,-0.4581105,-0.1678572,-0.09405319,0.2253369,0.06853497,0,0,0,1,0,0,0.3048533,0.1341988,-0.04301916,0.1395137,-1.042475,-0.8296711,-0.2406605,0,0,0,1,0,0,0.005257104,0.6692231,-0.649994,-0.03791388,-0.002563001,0.08933846,-0.1223636,0,0,0,1,0,0,0.4488744,1.339488,0.4549686,-0.02565832,-0.02891422,-0.04458429,-0.1603768,0,0,0,1,0,0,0.003072818,1.332793,0.6084005,0.0009837215,0.01404286,0.0278026,-0.1175023,0,0,0,1,0,0,-0.4186165,1.35307,0.4260244,-0.06157013,-0.02573729,0.02366603,0.07869714,0,0,0,1,0,0,0.6027713,1.345191,-0.01039454,0.001433492,-0.004422667,0.06040472,-0.03732723,0,0,0,1,0,0,-0.6074589,1.33585,-0.002805571,-0.1199365,0.02565385,-0.01017432,-0.0326519,0,0,0,1,0,0,-0.4230035,1.332921,-0.4539615,-0.07800314,0.03288389,-0.06023052,-0.170998,0,0,0,1,0,0,0.03067701,1.314196,-0.5890309,-0.08854804,0.03840329,-0.03719927,-0.1241707,0,0,0,1,0,0,0.4124788,1.329042,-0.4085854,0.05538615,0.02788306,-0.0437394,0.06370294,0,0,0,1,0,0,0.3889087,2,0.3889088,0,0,0,0.05000001,0,0,0,0,0,0,0.55,2,4.808253E-08,0,0,0,0.05000001,0,0,0,0,0,0,-6.558685E-09,2,0.55,0,0,0,0.05000001,0,0,0,0,0,0,0.3889087,2,-0.3889087,0,0,0,0.04999995,0,0,0,0,0,0,-0.3889089,2,0.3889086,0,0,0,0.05000001,0,0,0,0,0,0,2.404126E-08,2,-0.55,0,0,0,0.05000001,0,0,0,0,0,0,-0.3889087,2,-0.3889087,0,0,0,0.04999995,0,0,0,0,0,0,-0.55,2,0,0,0,0,0.05000001,0,0,0,0,0,0
58,0.0004655884,0.6753466,0.6552466,0.0506508,-0.03110768,-0.06906095,-0.1470103,0,0,0,1,0,0,-0.4215366,0.6778384,0.4547813,-0.09428564,0.01388491,-0.2189309,0.0575968,0,0,0,1,0,0,-0.2641828,0.1441592,0.06707731,-0.1377017,-0.6357464,0.3412356,-0.1940316,0,0,0,1,0,0,0.1418896,0.05357517,0.5522326,-0.3962258,-0.2605136,0.1701773,-0.1060386,0,0,0,1,0,0,-0.8636375,0.1703112,-0.05326736,0.719634,-0.8707512,-0.06139933,-0.1800008,0,0,0,1,0,0,0.5850875,0.7631721,0.573206,-0.1686782,-0.2022535,-0.1765192,-0.2272443,0,0,0,1,0,0,0.7437556,0.2657708,0.6013166,-0.3258349,-0.6049799,0.01050234,-0.2029233,0,0,0,1,0,0,-0.8256348,0.7737085,0.008930603,0.3888877,-0.2793015,-0.07072914,-0.07594365,0,0,0,1,0,0,-0.7339996,0.2603621,-0.6171812,0.1718075,-0.5138071,0.01990498,-0.1843693,0,0,0,1,0,0,0.8324063,0.7761635,-0.03551577,-0.4496904,-0.376329,0.07196724,-0.07335842,0,0,0,1,0,0,0.8662767,0.1539209,0.04956895,-0.5600246,-0.5820418,0.0843989,-0.1737278,0,0,0,1,0,0,-0.5380768,0.7688395,-0.5538195,0.103736,-0.2371819,0.2109439,-0.2497923,0,0,0,1,0,0,-0.1081646,0.04055991,-0.5307892,0.08291233,-0.2788833,-0.2996476,-0.06911558,0,0,0,1,0,0,0.4559273,0.6689221,-0.4540497,-0.2005518,-0.09845201,0.2030403,0.06450081,0,0,0,1,0,0,0.3070925,0.1169088,-0.05768683,0.1119584,-0.8645039,-0.7333837,-0.2253701,0,0,0,1,0,0,0.004015478,0.6686651,-0.6479959,-0.06208131,-0.02789797,0.0999004,-0.1264748,0,0,0,1,0,0,0.4488111,1.339169,0.4545869,-0.003166498,-0.01596213,-0.01908839,-0.1590391,0,0,0,1,0,0,0.00324465,1.332919,0.6090509,0.008591617,0.006300213,0.03252031,-0.1170582,0,0,0,1,0,0,-0.4189361,1.352093,0.4267633,-0.01598001,-0.04882218,0.03694297,0.07752889,0,0,0,1,0,0,0.6031824,1.344539,-0.01004727,0.02055169,-0.03257395,0.01736349,-0.03566885,0,0,0,1,0,0,-0.6095493,1.33638,-0.00299181,-0.1045198,0.02646447,-0.009311983,-0.02907562,0,0,0,1,0,0,-0.4247234,1.333695,-0.4553234,-0.08599613,0.03871323,-0.06809685,-0.1672506,0,0,0,1,0,0,0.02910124,1.314979,-0.5896884,-0.07878843,0.03913046,-0.03287495,-0.1240686,0,0,0,1,0,0,0.4132027,1.329406,-0.4091548,0.03619345,0.01820327,-0.02846719,0.06349605,0,0,0,1,0,0,0.3889087,2,0.3889088,0,0,0,0.05000001,0,0,0,0,0,0,0.55,2,4.808253E-08,0,0,0,0.05000001,0,0,0,0,0,0,-6.558685E-09,2,0.55,0,0,0,0.05000001,0,0,0,0,0,0,0.3889087,2,-0.3889087,0,0,0,0.04999995,0,0,0,0,0,0,-0.3889089,2,0.3889086,0,0,0,0.05000001,0,0,0,0,0,0,2.404126E-08,2,-0.55,0,0,0,0.05000001,0,0,0,0,0,0,-0.3889087,2,-0.3889087,0,0,0,0.04999995,0,0,0,0,0,0,-0.55,2,0,0,0,0,0.05000001,0,0,0,0,0,0
59,0.002935993,0.6746372,0.6542143,0.1235203,-0.03546776,-0.05161764,-0.1529928,0,0,0,1,0,0,-0.4220485,0.6780772,0.4518316,-0.02559573,0.01193583,-0.1474843,0.052468,0,0,0,1,0,0,-0.2685184,0.1339607,0.07889269,-0.2167807,-0.5099209,0.5907691,-0.1912664,0,0,0,1,0,0,0.1372405,0.05181338,0.558143,-0.2324508,-0.08808974,0.2955199,-0.1087732,0,0,0,1,0,0,-0.8536653,0.1580111,-0.05322503,0.4986109,-0.6150077,0.002116711,-0.1762648,0,0,0,1,0,0,0.5834548,0.7602838,0.5698776,-0.08163455,-0.1444162,-0.1664192,-0.2258587,0,0,0,1,0,0,0.7413709,0.2544478,0.5984872,-0.1192362,-0.566152,-0.1414717,-0.1987152,0,0,0,1,0,0,-0.821597,0.770184,0.00945027,0.2018899,-0.1762272,0.02598335,-0.07159919,0,0,0,1,0,0,-0.7361469,0.254524,-0.6164228,-0.1073629,-0.2919094,0.03792347,-0.17745,0,0,0,1,0,0,0.8272658,0.7723969,-0.03375009,-0.2570272,-0.1883299,0.08828402,-0.07114953,0,0,0,1,0,0,0.861236,0.1483174,0.04905231,-0.2520383,-0.2801762,-0.0258321,-0.1683616,0,0,0,1,0,0,-0.5382589,0.7656406,-0.5501786,-0.009101633,-0.1599461,0.1820476,-0.2482694,0,0,0,1,0,0,-0.1082163,0.03727218,-0.5362812,-0.002585352,-0.1643867,-0.2745987,-0.07532799,0,0,0,1,0,0,0.4521674,0.6682942,-0.4519923,-0.1879976,-0.03139378,0.1028687,0.06335151,0,0,0,1,0,0,0.3107114,0.1056461,-0.07020669,0.1809449,-0.5631352,-0.6259932,-0.2187577,0,0,0,1,0,0,0.0007157739,0.6679404,-0.6465137,-0.1649853,-0.03623368,0.07411245,-0.1334611,0,0,0,1,0,0,0.4494502,1.339815,0.455171,0.03195406,0.03231169,0.02920927,-0.1542575,0,0,0,1,0,0,0.003795627,1.33309,0.6087999,0.02754886,0.008523468,-0.01254976,-0.1173347,0,0,0,1,0,0,-0.4176196,1.350903,0.426902,0.0658259,-0.05952122,0.006935003,0.07349384,0,0,0,1,0,0,0.6044946,1.344363,-0.01013814,0.06560984,-0.008815531,-0.004543645,-0.03080326,0,0,0,1,0,0,-0.6119974,1.337431,-0.002757104,-0.1224041,0.05255344,0.01173532,-0.02271461,0,0,0,1,0,0,-0.4275779,1.334882,-0.4560803,-0.1427219,0.05931856,-0.037843,-0.1610096,0,0,0,1,0,0,0.02787247,1.315458,-0.5901065,-0.06143891,0.02395512,-0.02090634,-0.1243391,0,0,0,1,0,0,0.4131654,1.329536,-0.4091679,-0.001862646,0.006496909,-0.0006541612,0.06113851,0,0,0,1,0,0,0.3889087,2,0.3889088,0,0,0,0.05000001,0,0,0,0,0,0,0.55,2,4.808253E-08,0,0,0,0.05000001,0,0,0,0,0,0,-6.558685E-09,2,0.55,0,0,0,0.05000001,0,0,0,0,0,0,0.3889087,2,-0.3889087,0,0,0,0.04999995,0,0,0,0,0,0,-0.3889089,2,0.3889086,0,0,0,0.05000001,0,0,0,0,0,0,2.404126E-08,2,-0.55,0,0,0,0.05000001,0,0,0,0,0,0,-0.3889087,2,-0.3889087,0,0,0,0.04999995,0,0,0,0,0,0,-0.55,2,0,0,0,0,0.05000001,0,0,0,0,0,0
60,0.004269113,0.6753079,0.6527133,0.06665602,0.03353657,-0.07504824,-0.1589233,0,0,0,1,0,0,-0.4225515,0.6785388,0.4491194,-0.02515019,0.02308191,-0.1356096,0.0473904,0,0,0,1,0,0,-0.2728396,0.1208602,0.09084953,-0.2160625,-0.6550251,0.5978426,-0.185898,0,0,0,1,0,0,0.1320889,0.04896117,0.5644175,-0.2575838,-0.1426103,0.3137232,-0.1099177,0,0,0,1,0,0,-0.838754,0.1441502,-0.05265358,0.745565,-0.6930429,0.02857206,-0.1757586,0,0,0,1,0,0,0.5805632,0.7564687,0.5645697,-0.144583,-0.1907528,-0.2653987,-0.2270328,0,0,0,1,0,0,0.7328517,0.2405506,0.5962616,-0.4259588,-0.6948578,-0.1112819,-0.1971211,0,0,0,1,0,0,-0.8129404,0.7636706,0.00981331,0.4328342,-0.325671,0.018152,-0.07242608,0,0,0,1,0,0,-0.7291699,0.2432029,-0.6142426,0.3488483,-0.5660543,0.109008,-0.1758284,0,0,0,1,0,0,0.8198808,0.7680938,-0.03145161,-0.3692509,-0.215158,0.1149238,-0.07145458,0,0,0,1,0,0,0.8467664,0.1350273,0.04900055,-0.7234785,-0.6645026,-0.002588333,-0.1677541,0,0,0,1,0,0,-0.5365667,0.7621564,-0.5468212,0.08460584,-0.1742125,0.1678676,-0.2476489,0,0,0,1,0,0,-0.1060121,0.033776,-0.5418754,0.1102083,-0.1748091,-0.2797098,-0.07929367,0,0,0,1,0,0,0.4500721,0.6678303,-0.4509648,-0.1047671,-0.02319516,0.05137475,0.06348425,0,0,0,1,0,0,0.3121579,0.0970413,-0.08021579,0.0723258,-0.430238,-0.5004553,-0.2136982,0,0,0,1,0,0,-0.0005730551,0.6680739,-0.6454461,-0.06444148,0.006672743,0.05338194,-0.1390654,0,0,0,1,0,0,0.4491651,1.340148,0.4545469,-0.01425446,0.01667143,-0.03120751,-0.1508327,0,0,0,1,0,0,0.004194402,1.334003,0.6098743,0.01993873,0.04565718,0.05371871,-0.1161603,0,0,0,1,0,0,-0.4186041,1.350643,0.4274531,-0.049226,-0.0130117,0.02755822,0.0719803,0,0,0,1,0,0,0.6062265,1.3443,-0.01103502,0.08659665,-0.003153087,-0.04484404,-0.02536303,0,0,0,1,0,0,-0.6135945,1.337606,-0.002907352,-0.07985535,0.008773807,-0.0075124,-0.01772755,0,0,0,1,0,0,-0.4284804,1.335522,-0.4551036,-0.04512521,0.03203155,0.04883112,-0.1570799,0,0,0,1,0,0,0.02707184,1.31628,-0.5920216,-0.04003105,0.0411153,-0.09575788,-0.123178,0,0,0,1,0,0,0.4148152,1.329977,-0.4109881,0.08248839,0.02202393,-0.09101186,0.06083345,0,0,0,1,0,0,0.3889087,2,0.3889088,0,0,0,0.05000001,0,0,0,0,0,0,0.55,2,4.808253E-08,0,0,0,0.05000001,0,0,0,0,0,0,-6.558685E-09,2,0.55,0,0,0,0.05000001,0,0,0,0,0,0,0.3889087,2,-0.3889087,0,0,0,0.04999995,0,0,0,0,0,0,-0.3889089,2,0.3889086,0,0,0,0.05000001,0,0,0,0,0,0,2.404126E-08,2,-0.55,0,0,0,0.05000001,0,0,0,0,0,0,-0.3889087,2,-0.3889087,0,0,0,0.04999995,0,0,0,0,0,0,-0.55,2,0,0,0,0,0.05000001,0,0,0,0,0,0
61,0.004756227,0.6751435,0.6517329,0.0243557,-0.008219483,-0.04901888,-0.1636556,0,0,0,1,0,0,-0.4254841,0.6781725,0.4495325,-0.1466305,-0.01831651,0.02065451,0.04571295,0,0,0,1,0,0,-0.2769841,0.1062635,0.1049283,-0.2072246,-0.7298372,0.7039405,-0.1769626,0,0,0,1,0,0,0.1253852,0.04632703,0.5712687,-0.3351831,-0.1317071,0.3425629,-0.1095017,0,0,0,1,0,0,-0.8278287,0.1337324,-0.05374131,0.5462649,-0.5208911,-0.05438647,-0.1740484,0,0,0,1,0,0,0.5783771,0.7519951,0.5593129,-0.109306,-0.2236784,-0.2628357,-0.2279318,0,0,0,1,0,0,0.7251926,0.2287879,0.594023,-0.382954,-0.5881371,-0.1119256,-0.195397,0,0,0,1,0,0,-0.8045936,0.7570469,0.009672653,0.41734,-0.3311844,-0.007032839,-0.07348567,0,0,0,1,0,0,-0.7216327,0.2283397,-0.6087003,0.3768624,-0.743157,0.277117,-0.1764807,0,0,0,1,0,0,0.8117394,0.7622651,-0.02943455,-0.4070671,-0.291434,0.1008531,-0.07298833,0,0,0,1,0,0,0.8343526,0.1232583,0.04848982,-0.6206932,-0.5884549,-0.02553613,-0.1658858,0,0,0,1,0,0,-0.5365068,0.7586015,-0.5434439,0.002998115,-0.1777411,0.168869,-0.2461161,0,0,0,1,0,0,-0.1006792,0.03354493,-0.5505229,0.2666433,-0.01155325,-0.4323753,-0.08078611,0,0,0,1,0,0,0.4519301,0.6680162,-0.4503824,0.09290431,0.009295348,0.02912135,0.06480247,0,0,0,1,0,0,0.3111553,0.08719052,-0.09035699,-0.05012901,-0.4925395,-0.5070603,-0.2063349,0,0,0,1,0,0,-0.0006365376,0.6678236,-0.6455478,-0.003174123,-0.012514,-0.005087258,-0.1428345,0,0,0,1,0,0,0.4488881,1.340252,0.4545581,-0.01385213,0.005179645,0.0005587938,-0.1474043,0,0,0,1,0,0,0.004671299,1.3344,0.6098374,0.02384487,0.01988412,-0.001847745,-0.1160906,0,0,0,1,0,0,-0.4192104,1.349898,0.4274518,-0.03031493,-0.03724696,-6.705525E-05,0.06980157,0,0,0,1,0,0,0.607699,1.344903,-0.01045603,0.07362369,0.0301838,0.02894957,-0.02042347,0,0,0,1,0,0,-0.6129688,1.337416,-0.002832377,0.03128649,-0.009530786,0.003748761,-0.01456374,0,0,0,1,0,0,-0.4281151,1.335279,-0.4540287,0.01826287,-0.01217127,0.05374851,-0.1545994,0,0,0,1,0,0,0.02514215,1.316956,-0.5925139,-0.09648487,0.03381969,-0.02461077,-0.1234651,0,0,0,1,0,0,0.4155973,1.330265,-0.4122075,0.03910811,0.01439453,-0.0609711,0.05962145,0,0,0,1,0,0,0.3889087,2,0.3889088,0,0,0,0.05000001,0,0,0,0,0,0,0.55,2,4.808253E-08,0,0,0,0.05000001,0,0,0,0,0,0,-6.558685E-09,2,0.55,0,0,0,0.05000001,0,0,0,0,0,0,0.3889087,2,-0.3889087,0,0,0,0.04999995,0,0,0,0,0,0,-0.3889089,2,0.3889086,0,0,0,0.05000001,0,0,0,0,0,0,2.404126E-08,2,-0.55,0,0,0,0.05000001,0,0,0,0,0,0,-0.3889087,2,-0.3889087,0,0,0,0.04999995,0,0,0,0,0,0,-0.55,2,0,0,0,0,0.05000001,0,0,0,0,0,0
62,0.005787863,0.6748921,0.6521621,0.05158183,-0.0125736,0.02146066,-0.1673611,0,0,0,1,0,0,-0.4290171,0.6778886,0.4512992,-0.1766504,-0.01419485,0.08833412,0.04496378,0,0,0,1,0,0,-0.28393,0.09397115,0.1211744,-0.3472926,-0.614618,0.8123043,-0.1672882,0,0,0,1,0,0,0.1186006,0.04353275,0.5778539,-0.3392284,-0.1397143,0.3292562,-0.1087838,0,0,0,1,0,0,-0.8142672,0.121758,-0.05227631,0.6780776,-0.5987181,0.07325023,-0.1726884,0,0,0,1,0,0,0.5751968,0.7477888,0.5543158,-0.1590133,-0.2103181,-0.2498568,-0.229178,0,0,0,1,0,0,0.7175241,0.2165429,0.5912576,-0.3834249,-0.6122525,-0.1382709,-0.193873,0,0,0,1,0,0,-0.7975494,0.7520133,0.00864308,0.352207,-0.2516807,-0.05147869,-0.07350945,0,0,0,1,0,0,-0.7133963,0.212848,-0.601577,0.4118176,-0.774588,0.3561647,-0.1783789,0,0,0,1,0,0,0.8031892,0.7560177,-0.02817613,-0.4275145,-0.3123702,0.0629212,-0.07479137,0,0,0,1,0,0,0.8212097,0.1119569,0.04840773,-0.6571444,-0.5650682,-0.004104713,-0.1649201,0,0,0,1,0,0,-0.5370215,0.7553556,-0.5401582,-0.02573729,-0.1622975,0.1642824,-0.2440306,0,0,0,1,0,0,-0.09480716,0.03438881,-0.5599901,0.2936044,0.04219414,-0.4733624,-0.08156651,0,0,0,1,0,0,0.4546173,0.6688026,-0.4503173,0.1343594,0.0393212,0.003252925,0.06694347,0,0,0,1,0,0,0.3104375,0.07672305,-0.1025258,-0.03589095,-0.5233737,-0.6084385,-0.1965913,0,0,0,1,0,0,-0.00142313,0.6671242,-0.6454639,-0.03932963,-0.03497006,0.004193189,-0.1469217,0,0,0,1,0,0,0.4478452,1.340004,0.4531942,-0.05214515,-0.01238585,-0.06819519,-0.1452931,0,0,0,1,0,0,0.005133668,1.334556,0.609701,0.02311846,0.00779033,-0.006815794,-0.1162342,0,0,0,1,0,0,-0.4188867,1.348774,0.42721,0.01618416,-0.05620124,-0.01208783,0.06662506,0,0,0,1,0,0,0.6087697,1.345502,-0.009670856,0.05353393,0.02994538,0.03925861,-0.01592124,0,0,0,1,0,0,-0.6126669,1.33736,-0.002661742,0.01509488,-0.002777578,0.008531745,-0.01112765,0,0,0,1,0,0,-0.4275714,1.334761,-0.4526004,0.02718569,-0.02589227,0.07141384,-0.1526291,0,0,0,1,0,0,0.0235251,1.31793,-0.5935306,-0.08085261,0.04868509,-0.05083682,-0.1230433,0,0,0,1,0,0,0.4163406,1.330534,-0.4126491,0.037165,0.01344085,-0.02208055,0.05821258,0,0,0,1,0,0,0.3889087,2,0.3889088,0,0,0,0.05000001,0,0,0,0,0,0,0.55,2,4.808253E-08,0,0,0,0.05000001,0,0,0,0,0,0,-6.558685E-09,2,0.55,0,0,0,0.05000001,0,0,0,0,0,0,0.3889087,2,-0.3889087,0,0,0,0.04999995,0,0,0,0,0,0,-0.3889089,2,0.3889086,0,0,0,0.05000001,0,0,0,0,0,0,2.404126E-08,2,-0.55,0,0,0,0.05000001,0,0,0,0,0,0,-0.3889087,2,-0.3889087,0,0,0,0.04999995,0,0,0,0,0,0,-0.55,2,0,0,0,0,0.05000001,0,0,0,0,0,0
63,0.006395142,0.6745036,0.6527109,0.03036395,-0.01942218,0.02743901,-0.1706874,0,0,0,1,0,0,-0.4333588,0.6781296,0.4531145,-0.2170847,0.01205206,0.09076599,0.04468471,0,0,0,1,0,0,-0.2920845,0.08200813,0.1396783,-0.4077272,-0.5981511,0.9251959,-0.1551435,0,0,0,1,0,0,0.111152,0.0419087,0.5851507,-0.3724301,-0.0812026,0.3648402,-0.1077621,0,0,0,1,0,0,-0.8004252,0.1103981,-0.05079878,0.6920967,-0.5679979,0.07387663,-0.1715476,0,0,0,1,0,0,0.5715601,0.7436725,0.5488736,-0.181833,-0.2058119,-0.2721102,-0.2308755,0,0,0,1,0,0,0.7091665,0.2038405,0.5878464,-0.4178824,-0.6351183,-0.1705617,-0.192881,0,0,0,1,0,0,-0.7909185,0.7474077,0.007338749,0.331545,-0.2302767,-0.06521654,-0.07313746,0,0,0,1,0,0,-0.7042115,0.1979968,-0.5946131,0.4592391,-0.7425587,0.3481956,-0.1804047,0,0,0,1,0,0,0.7948841,0.750025,-0.0267618,-0.4152538,-0.2996327,0.07071628,-0.07633972,0,0,0,1,0,0,0.8081812,0.1010444,0.0481862,-0.6514254,-0.5456263,-0.0110766,-0.1637531,0,0,0,1,0,0,-0.5365531,0.7516484,-0.5366704,0.02341867,-0.1853586,0.1743884,-0.2426168,0,0,0,1,0,0,-0.0901493,0.03415212,-0.5695229,0.2328929,-0.01183488,-0.4766377,-0.08231777,0,0,0,1,0,0,0.4561542,0.6689287,-0.4503075,0.07684532,0.006306174,0.0004887583,0.06902671,0,0,0,1,0,0,0.3124388,0.06547037,-0.1177958,0.1000673,-0.5626342,-0.7635012,-0.1842284,0,0,0,1,0,0,-0.00186713,0.6671157,-0.6451345,-0.02220002,-0.0004231932,0.01647175,-0.1511656,0,0,0,1,0,0,0.4466996,1.33957,0.4517002,-0.05727711,-0.02168418,-0.07470104,-0.1434079,0,0,0,1,0,0,0.005410249,1.334673,0.6092107,0.01382905,0.005853178,-0.0245154,-0.1165794,0,0,0,1,0,0,-0.4184264,1.347597,0.4269952,0.02301783,-0.05880596,-0.01074374,0.06327689,0,0,0,1,0,0,0.6095675,1.345817,-0.009344174,0.0398934,0.01573563,0.01633415,-0.01156068,0,0,0,1,0,0,-0.6129937,1.337454,-0.002494826,-0.01633764,0.004714729,0.008345783,-0.00713104,0,0,0,1,0,0,-0.4271193,1.334694,-0.4512568,0.02260358,-0.003337862,0.06718042,-0.1502276,0,0,0,1,0,0,0.02170795,1.318886,-0.5944965,-0.09085754,0.0477791,-0.04829766,-0.1227,0,0,0,1,0,0,0.4175303,1.331115,-0.4141557,0.05948397,0.02905132,-0.07532838,0.05755222,0,0,0,1,0,0,0.3889087,2,0.3889088,0,0,0,0.05000001,0,0,0,0,0,0,0.55,2,4.808253E-08,0,0,0,0.05000001,0,0,0,0,0,0,-6.558685E-09,2,0.55,0,0,0,0.05000001,0,0,0,0,0,0,0.3889087,2,-0.3889087,0,0,0,0.04999995,0,0,0,0,0,0,-0.3889089,2,0.3889086,0,0,0,0.05000001,0,0,0,0,0,0,2.404126E-08,2,-0.55,0,0,0,0.05000001,0,0,0,0,0,0,-0.3889087,2,-0.3889087,0,0,0,0.04999995,0,0,0,0,0,0,-0.55,2,0,0,0,0,0.05000001,0,0,0,0,0,0
64,0.007230145,0.6744151,0.6529962,0.04175016,-0.004428627,0.01426638,-0.1744183,0,0,0,1,0,0,-0.4374464,0.6782809,0.4542024,-0.204377,0.007566812,0.0543982,0.04387933,0,0,0,1,0,0,-0.3002969,0.06947012,0.1599971,-0.410618,-0.626901,1.015939,-0.1400189,0,0,0,1,0,0,0.1033813,0.04085,0.5928844,-0.3885364,-0.05293491,0.3866883,-0.1065755,0,0,0,1,0,0,-0.7872549,0.09972451,-0.05001446,0.6585183,-0.5336789,0.03921596,-0.1701501,0,0,0,1,0,0,0.5678815,0.7390216,0.5431275,-0.183934,-0.2325476,-0.2873064,-0.2327383,0,0,0,1,0,0,0.7008311,0.1908923,0.5846698,-0.4167678,-0.6474103,-0.1588286,-0.1912833,0,0,0,1,0,0,-0.7833381,0.7415923,0.007538143,0.3790201,-0.2907724,0.009969672,-0.07310313,0,0,0,1,0,0,-0.6953753,0.1843582,-0.5887282,0.4418136,-0.6819333,0.2942414,-0.1812241,0,0,0,1,0,0,0.7862409,0.7445157,-0.02515166,-0.4321577,-0.2754689,0.08050691,-0.07794935,0,0,0,1,0,0,0.7955163,0.09015849,0.04745031,-0.633243,-0.5442942,-0.03679452,-0.1617948,0,0,0,1,0,0,-0.5351049,0.7476173,-0.532566,0.07241371,-0.2015562,0.2052248,-0.2421018,0,0,0,1,0,0,-0.08622573,0.03249376,-0.5781658,0.1961783,-0.08291791,-0.4321488,-0.0832454,0,0,0,1,0,0,0.4561069,0.668537,-0.4496374,-0.002367795,-0.01958907,0.03350528,0.07025021,0,0,0,1,0,0,0.3175058,0.05356444,-0.1369659,0.2533496,-0.5952966,-0.958509,-0.1684535,0,0,0,1,0,0,-0.002319281,0.667146,-0.6451526,-0.02260753,0.001510978,-0.0009059909,-0.155156,0,0,0,1,0,0,0.445631,1.339581,0.4507422,-0.05343112,0.0005304816,-0.0478998,-0.1408818,0,0,0,1,0,0,0.005590484,1.334682,0.6088304,0.009011784,0.0004589559,-0.01901687,-0.1168895,0,0,0,1,0,0,-0.4184476,1.346296,0.4267924,-0.001059473,-0.06506445,-0.01013577,0.06018645,0,0,0,1,0,0,0.6100458,1.345862,-0.009446615,0.02391339,0.002264977,-0.00512209,-0.007334173,0,0,0,1,0,0,-0.6130731,1.337296,-0.002501093,-0.003972651,-0.007933381,-0.0003133436,-0.003454924,0,0,0,1,0,0,-0.4273995,1.334733,-0.4493077,-0.0140071,0.001960994,0.09745512,-0.1475197,0,0,0,1,0,0,0.01995477,1.319719,-0.5955849,-0.0876591,0.04166366,-0.05441906,-0.1222904,0,0,0,1,0,0,0.4187295,1.331359,-0.4156021,0.05995931,0.01220108,-0.07231984,0.05665827,0,0,0,1,0,0,0.3889087,2,0.3889088,0,0,0,0.05000001,0,0,0,0,0,0,0.55,2,4.808253E-08,0,0,0,0.05000001,0,0,0,0,0,0,-6.558685E-09,2,0.55,0,0,0,0.05000001,0,0,0,0,0,0,0.3889087,2,-0.3889087,0,0,0,0.04999995,0,0,0,0,0,0,-0.3889089,2,0.3889086,0,0,0,0.05000001,0,0,0,0,0,0,2.404126E-08,2,-0.55,0,0,0,0.05000001,0,0,0,0,0,0,-0.3889087,2,-0.3889087,0,0,0,0.04999995,0,0,0,0,0,0,-0.55,2,0,0,0,0,0.05000001,0,0,0,0,0,0
65,0.007508334,0.6745382,0.6533867,0.01390945,0.006157162,0.01952351,-0.1779965,0,0,0,1,0,0,-0.4400518,0.6781952,0.4539044,-0.1302734,-0.004285576,-0.01489968,0.04106456,0,0,0,1,0,0,-0.3090489,0.05578263,0.1813557,-0.4376011,-0.6843745,1.06793,-0.1226005,0,0,0,1,0,0,0.09548791,0.03775717,0.6004878,-0.3946708,-0.1546415,0.3801675,-0.1047645,0,0,0,1,0,0,-0.7732533,0.08851802,-0.04870844,0.7000807,-0.5603248,0.06530082,-0.1682962,0,0,0,1,0,0,0.5632516,0.7341238,0.5374129,-0.2314956,-0.2448888,-0.2857269,-0.2347611,0,0,0,1,0,0,0.6902935,0.1771623,0.5818599,-0.5268814,-0.6864998,-0.1404942,-0.1899275,0,0,0,1,0,0,-0.7738455,0.7348384,0.007845998,0.474632,-0.3376962,0.01539277,-0.07435298,0,0,0,1,0,0,-0.6859162,0.1712637,-0.5839696,0.4729511,-0.6547223,0.2379329,-0.1810276,0,0,0,1,0,0,0.7765318,0.737783,-0.02319152,-0.4854562,-0.3366352,0.09800712,-0.08045846,0,0,0,1,0,0,0.7833073,0.07983995,0.04656832,-0.6104501,-0.5159272,-0.04409926,-0.1590858,0,0,0,1,0,0,-0.5317448,0.742744,-0.5281287,0.1680017,-0.2436669,0.2218635,-0.2427548,0,0,0,1,0,0,-0.08176617,0.02920125,-0.5862553,0.2229785,-0.1646256,-0.4044713,-0.08372116,0,0,0,1,0,0,0.4552937,0.6676611,-0.4484648,-0.04065783,-0.04379453,0.05863162,0.07100451,0,0,0,1,0,0,0.3248748,0.03986612,-0.1604533,0.3684478,-0.6849161,-1.174367,-0.1478969,0,0,0,1,0,0,-0.002773796,0.6670494,-0.6452518,-0.02272576,-0.004827978,-0.004956128,-0.1592449,0,0,0,1,0,0,0.4443847,1.339229,0.448992,-0.06231519,-0.01760126,-0.08750562,-0.1388009,0,0,0,1,0,0,0.005896871,1.335005,0.6087383,0.01531935,0.01611114,-0.004604461,-0.1168219,0,0,0,1,0,0,-0.4188369,1.345717,0.4268964,-0.01946539,-0.02894403,0.005199017,0.05766249,0,0,0,1,0,0,0.6100669,1.345453,-0.009421099,0.001055003,-0.02046228,0.001275819,-0.003492117,0,0,0,1,0,0,-0.6132396,1.33718,-0.002377169,-0.008323792,-0.005805495,0.006196196,0.0006073713,0,0,0,1,0,0,-0.4276091,1.334938,-0.4477444,-0.01048148,0.0102222,0.07816556,-0.1443373,0,0,0,1,0,0,0.01831354,1.320757,-0.5962543,-0.0820611,0.05190375,-0.033471,-0.1219697,0,0,0,1,0,0,0.4195885,1.331765,-0.4169829,0.04295113,0.02031327,-0.06904307,0.0553658,0,0,0,1,0,0,0.3889087,2,0.3889088,0,0,0,0.05000001,0,0,0,0,0,0,0.55,2,4.808253E-08,0,0,0,0.05000001,0,0,0,0,0,0,-6.558685E-09,2,0.55,0,0,0,0.05000001,0,0,0,0,0,0,0.3889087,2,-0.3889087,0,0,0,0.04999995,0,0,0,0,0,0,-0.3889089,2,0.3889086,0,0,0,0.05000001,0,0,0,0,0,0,2.404126E-08,2,-0.55,0,0,0,0.05000001,0,0,0,0,0,0,-0.3889087,2,-0.3889087,0,0,0,0.04999995,0,0,0,0,0,0,-0.55,2,0,0,0,0,0.05000001,0,0,0,0,0,0
66,0.007376666,0.6743947,0.6537659,-0.006583382,-0.007176402,0.01896024,-0.1812234,0,0,0,1,0,0,-0.4411004,0.6770785,0.4525202,-0.05243125,-0.05583765,-0.06921145,0.03687602,0,0,0,1,0,0,-0.3200204,0.04233645,0.2049906,-0.5485746,-0.6723093,1.181743,-0.1023257,0,0,0,1,0,0,0.08753262,0.03313284,0.6083298,-0.3977643,-0.2312168,0.3921004,-0.1017119,0,0,0,1,0,0,-0.7611226,0.07708583,-0.04702096,0.6065341,-0.5716095,0.08437432,-0.164616,0,0,0,1,0,0,0.5569749,0.7288805,0.5323225,-0.3138335,-0.2621652,-0.2545238,-0.2375359,0,0,0,1,0,0,0.6781726,0.1626032,0.578225,-0.6060424,-0.727957,-0.1817466,-0.1896779,0,0,0,1,0,0,-0.7638862,0.7282006,0.007979002,0.4979642,-0.3318907,0.006650205,-0.07613283,0,0,0,1,0,0,-0.6765823,0.1580364,-0.5798824,0.4666986,-0.6613689,0.2043576,-0.1799991,0,0,0,1,0,0,0.7663625,0.7308207,-0.0209845,-0.5084665,-0.3481151,0.110351,-0.08363396,0,0,0,1,0,0,0.7738318,0.07103875,0.04508877,-0.4737737,-0.4400605,-0.07397778,-0.1546909,0,0,0,1,0,0,-0.5280809,0.7369784,-0.5228295,0.1831979,-0.288281,0.2649606,-0.2443958,0,0,0,1,0,0,-0.07690696,0.02544069,-0.5946583,0.2429602,-0.1880281,-0.4201503,-0.08315647,0,0,0,1,0,0,0.4540448,0.6667436,-0.4477458,-0.06244632,-0.04587473,0.03595056,0.07215333,0,0,0,1,0,0,0.3352419,0.02584576,-0.1883501,0.5183564,-0.7010184,-1.394844,-0.1226223,0,0,0,1,0,0,-0.003605826,0.6670134,-0.6451677,-0.04160156,-0.001800061,0.004202129,-0.163572,0,0,0,1,0,0,0.4434955,1.338932,0.4477014,-0.04446061,-0.01487136,-0.06453099,-0.1363458,0,0,0,1,0,0,0.005703626,1.33515,0.6086663,-0.009662289,0.007265809,-0.003600122,-0.1167191,0,0,0,1,0,0,-0.4195518,1.344988,0.4276114,-0.03574492,-0.03646018,0.03574939,0.05547798,0,0,0,1,0,0,0.6094348,1.344517,-0.008705977,-0.03160239,-0.04680159,0.0357561,-0.0007475615,0,0,0,1,0,0,-0.6132458,1.337302,-0.002428335,-0.0003099443,0.006109478,-0.002558297,0.004562974,0,0,0,1,0,0,-0.4280002,1.33505,-0.4464286,-0.01955778,0.005596878,0.06579014,-0.1410494,0,0,0,1,0,0,0.01669634,1.321528,-0.5962092,-0.08086016,0.03855826,0.002259017,-0.1222588,0,0,0,1,0,0,0.4201379,1.331826,-0.4172089,0.0274703,0.00306368,-0.01129807,0.05337226,0,0,0,1,0,0,0.3889087,2,0.3889088,0,0,0,0.05000001,0,0,0,0,0,0,0.55,2,4.808253E-08,0,0,0,0.05000001,0,0,0,0,0,0,-6.558685E-09,2,0.55,0,0,0,0.05000001,0,0,0,0,0,0,0.3889087,2,-0.3889087,0,0,0,0.04999995,0,0,0,0,0,0,-0.3889089,2,0.3889086,0,0,0,0.05000001,0,0,0,0,0,0,2.404126E-08,2,-0.55,0,0,0,0.05000001,0,0,0,0,0,0,-0.3889087,2,-0.3889087,0,0,0,0.04999995,0,0,0,0,0,0,-0.55,2,0,0,0,0,0.05000001,0,0,0,0,0,0
67,0.007324534,0.6742837,0.6540106,-0.00260661,-0.005546215,0.01223386,-0.1843286,0,0,0,1,0,0,-0.4409493,0.6754839,0.4507934,0.007557872,-0.0797272,-0.08634333,0.03188366,0,0,0,1,0,0,-0.3335064,0.02966308,0.2321149,-0.6743001,-0.6336685,1.356217,-0.07801217,0,0,0,1,0,0,0.07994238,0.02798415,0.6175284,-0.3795123,-0.2574343,0.4599305,-0.0970118,0,0,0,1,0,0,-0.7498416,0.06583366,-0.04446052,0.5640479,-0.5626088,0.1280217,-0.1602343,0,0,0,1,0,0,0.5493762,0.7231169,0.5273882,-0.3799351,-0.2881826,-0.2467156,-0.2415679,0,0,0,1,0,0,0.6641178,0.1466846,0.5739247,-0.702745,-0.7959287,-0.2150179,-0.1906414,0,0,0,1,0,0,-0.7533041,0.7217966,0.007221453,0.5291077,-0.3201993,-0.03787744,-0.07928491,0,0,0,1,0,0,-0.6658499,0.1437247,-0.5756499,0.5366179,-0.7155854,0.2116264,-0.1796446,0,0,0,1,0,0,0.7552212,0.7236984,-0.01817598,-0.5570652,-0.3561141,0.1404262,-0.08844787,0,0,0,1,0,0,0.7661373,0.06378507,0.04277263,-0.3847273,-0.362684,-0.115807,-0.1496389,0,0,0,1,0,0,-0.5232091,0.7302973,-0.5172126,0.2435894,-0.3340544,0.2808453,-0.2475288,0,0,0,1,0,0,-0.07178175,0.02057871,-0.6037846,0.2562606,-0.2430992,-0.4563184,-0.08062077,0,0,0,1,0,0,0.4521862,0.6656974,-0.4468817,-0.09292815,-0.05230906,0.04320296,0.06761467,0,0,0,1,0,0,0.3487403,0.01285662,-0.219741,0.67492,-0.6494575,-1.569544,-0.09359312,0,0,0,1,0,0,-0.004060499,0.666859,-0.645401,-0.02273364,-0.007721785,-0.01166463,-0.1671195,0,0,0,1,0,0,0.4426025,1.338705,0.4464825,-0.04464986,-0.01131297,-0.06094428,-0.1340416,0,0,0,1,0,0,0.005197518,1.335218,0.6083618,-0.02530539,0.003421308,-0.01522303,-0.1167446,0,0,0,1,0,0,-0.4203103,1.344003,0.4275906,-0.03792794,-0.04923346,-0.001041592,0.05313349,0,0,0,1,0,0,0.608573,1.343197,-0.007821289,-0.0430912,-0.06600025,0.04423444,0.00129807,0,0,0,1,0,0,-0.6127046,1.337029,-0.001978359,0.02706052,-0.01364947,0.02249882,0.007851601,0,0,0,1,0,0,-0.428656,1.335284,-0.4454229,-0.03278555,0.0117004,0.0502825,-0.1376024,0,0,0,1,0,0,0.0150641,1.322284,-0.5959255,-0.08161211,0.03778936,0.01418591,-0.122674,0,0,0,1,0,0,0.4203349,1.331963,-0.4170134,0.009846691,0.006854537,0.009775165,0.05115503,0,0,0,1,0,0,0.3889087,2,0.3889088,0,0,0,0.05000001,0,0,0,0,0,0,0.55,2,4.808253E-08,0,0,0,0.05000001,0,0,0,0,0,0,-6.558685E-09,2,0.55,0,0,0,0.05000001,0,0,0,0,0,0,0.3889087,2,-0.3889087,0,0,0,0.04999995,0,0,0,0,0,0,-0.3889089,2,0.3889086,0,0,0,0.05000001,0,0,0,0,0,0,2.404126E-08,2,-0.55,0,0,0,0.05000001,0,0,0,0,0,0,-0.3889087,2,-0.3889087,0,0,0,0.04999995,0,0,0,0,0,0,-0.55,2,0,0,0,0,0.05000001,0,0,0,0,0,0
68,0.007203524,0.673963,0.6547514,-0.006050479,-0.01603664,0.03704132,-0.1869036,0,0,0,1,0,0,-0.4407556,0.6740397,0.4495228,0.009685759,-0.07221404,-0.06352665,0.02679169,0,0,0,1,0,0,-0.3486485,0.01845198,0.2632644,-0.7571059,-0.5605556,1.557479,-0.04944789,0,0,0,1,0,0,0.07274681,0.02336052,0.6280814,-0.359779,-0.2311818,0.5276503,-0.09177458,0,0,0,1,0,0,-0.7403159,0.05635709,-0.04171318,0.476289,-0.4738284,0.1373673,-0.1550717,0,0,0,1,0,0,0.5414642,0.7174284,0.5218939,-0.3955992,-0.2844245,-0.274712,-0.246078,0,0,0,1,0,0,0.6500188,0.1305165,0.5689878,-0.7049504,-0.808404,-0.2468438,-0.1914978,0,0,0,1,0,0,-0.7424384,0.7150599,0.006377802,0.5432847,-0.3368319,-0.04218257,-0.0827359,0,0,0,1,0,0,-0.65423,0.1297036,-0.5710788,0.5809965,-0.7010508,0.2285541,-0.1797845,0,0,0,1,0,0,0.7437523,0.7167255,-0.0153491,-0.5734446,-0.3486426,0.1413444,-0.09341723,0,0,0,1,0,0,0.7600901,0.05706332,0.03996726,-0.3023626,-0.3360874,-0.1402684,-0.1432211,0,0,0,1,0,0,-0.5172423,0.7237612,-0.5116671,0.2983392,-0.3268034,0.277275,-0.2511586,0,0,0,1,0,0,-0.06564292,0.01607525,-0.6131731,0.3069417,-0.2251729,-0.4694255,-0.07734853,0,0,0,1,0,0,0.4505071,0.6649947,-0.4462916,-0.08395615,-0.03513397,0.02950729,0.06107807,0,0,0,1,0,0,0.3644772,0.001677704,-0.2537016,0.7868442,-0.5589458,-1.69803,-0.06187791,0,0,0,1,0,0,-0.00430778,0.6668333,-0.6448619,-0.01236406,-0.001284481,0.02695323,-0.1712206,0,0,0,1,0,0,0.4418148,1.338429,0.4452022,-0.03938676,-0.01382232,-0.06401541,-0.1317082,0,0,0,1,0,0,0.004780428,1.335024,0.6075152,-0.02085451,-0.009727482,-0.04233123,-0.1173455,0,0,0,1,0,0,-0.4209758,1.342932,0.4275293,-0.0332758,-0.05356076,-0.00306368,0.05060542,0,0,0,1,0,0,0.6076039,1.342287,-0.006980705,-0.04845561,-0.0455022,0.04202921,0.003554344,0,0,0,1,0,0,-0.6119214,1.337052,-0.001609707,0.03915729,0.00114441,0.01843262,0.01111919,0,0,0,1,0,0,-0.4297712,1.335527,-0.4443549,-0.05576464,0.01214147,0.05340131,-0.1338652,0,0,0,1,0,0,0.01367834,1.323417,-0.5958953,-0.06928782,0.05663636,0.001507998,-0.1225558,0,0,0,1,0,0,0.4207795,1.332331,-0.4175831,0.02223105,0.01837612,-0.02848656,0.04940712,0,0,0,1,0,0,0.3889087,2,0.3889088,0,0,0,0.05000001,0,0,0,0,0,0,0.55,2,4.808253E-08,0,0,0,0.05000001,0,0,0,0,0,0,-6.558685E-09,2,0.55,0,0,0,0.05000001,0,0,0,0,0,0,0.3889087,2,-0.3889087,0,0,0,0.04999995,0,0,0,0,0,0,-0.3889089,2,0.3889086,0,0,0,0.05000001,0,0,0,0,0,0,2.404126E-08,2,-0.55,0,0,0,0.05000001,0,0,0,0,0,0,-0.3889087,2,-0.3889087,0,0,0,0.04999995,0,0,0,0,0,0,-0.55,2,0,0,0,0,0.05000001,0,0,0,0,0,0
69,0.007268227,0.674134,0.6549343,0.003235113,0.00855029,0.009146336,-0.1899532,0,0,0,1,0,0,-0.4405495,0.6728319,0.4488724,0.01030416,-0.06038847,-0.03252031,0.02187014,0,0,0,1,0,0,-0.3661024,0.009459722,0.2973992,-0.8726958,-0.4496129,1.706736,-0.01761889,0,0,0,1,0,0,0.06532137,0.01991739,0.6388267,-0.3712719,-0.1721565,0.5372646,-0.08639789,0,0,0,1,0,0,-0.731817,0.04808763,-0.0388174,0.4249426,-0.4134735,0.1447889,-0.1497592,0,0,0,1,0,0,0.533113,0.7112721,0.5163627,-0.4175605,-0.3078134,-0.2765597,-0.2511891,0,0,0,1,0,0,0.6350444,0.1148784,0.563845,-0.7487181,-0.7819082,-0.2571375,-0.192942,0,0,0,1,0,0,-0.731562,0.7084214,0.006115753,0.5438181,-0.3319265,-0.01310248,-0.08615035,0,0,0,1,0,0,-0.641855,0.1153778,-0.5663822,0.6187501,-0.7162927,0.2348305,-0.1802022,0,0,0,1,0,0,0.7328064,0.7109931,-0.01166603,-0.5472931,-0.286621,0.1841536,-0.09826696,0,0,0,1,0,0,0.7539325,0.05021402,0.03618218,-0.307879,-0.3424651,-0.1892543,-0.1365494,0,0,0,1,0,0,-0.5115546,0.7172095,-0.5067806,0.2843858,-0.3275843,0.2443255,-0.2542536,0,0,0,1,0,0,-0.05869757,0.01270832,-0.6222575,0.3472676,-0.1683467,-0.4542174,-0.07388109,0,0,0,1,0,0,0.4500754,0.6647989,-0.4463247,-0.02158285,-0.009793047,-0.00165552,0.05577564,0,0,0,1,0,0,0.3827271,-0.004515887,-0.2884298,0.9124998,-0.3096797,-1.736412,-0.03026944,0,0,0,1,0,0,-0.004512543,0.6673399,-0.6456459,-0.01023815,0.025329,-0.03919901,-0.1740599,0,0,0,1,0,0,0.4407006,1.338957,0.444403,-0.0557095,0.02639891,-0.03996195,-0.1289268,0,0,0,1,0,0,0.004466461,1.334952,0.6066552,-0.01569838,-0.00357628,-0.04300179,-0.1179003,0,0,0,1,0,0,-0.4213797,1.341871,0.4270861,-0.02019555,-0.05308392,-0.02216251,0.04782951,0,0,0,1,0,0,0.6071147,1.341327,-0.005624398,-0.02446176,-0.04799964,0.06781537,0.005795181,0,0,0,1,0,0,-0.6112024,1.336766,-0.001435226,0.03595056,-0.01427532,0.008724063,0.01406038,0,0,0,1,0,0,-0.4301765,1.33605,-0.4420449,-0.02026112,0.02617837,0.1154975,-0.1309322,0,0,0,1,0,0,0.01218277,1.324149,-0.595753,-0.07477871,0.03659727,0.007113817,-0.1227732,0,0,0,1,0,0,0.4210956,1.332291,-0.4177639,0.01580418,-0.001978875,-0.009039048,0.04731321,0,0,0,1,0,0,0.3889087,2,0.3889088,0,0,0,0.05000001,0,0,0,0,0,0,0.55,2,4.808253E-08,0,0,0,0.05000001,0,0,0,0,0,0,-6.558685E-09,2,0.55,0,0,0,0.05000001,0,0,0,0,0,0,0.3889087,2,-0.3889087,0,0,0,0.04999995,0,0,0,0,0,0,-0.3889089,2,0.3889086,0,0,0,0.05000001,0,0,0,0,0,0,2.404126E-08,2,-0.55,0,0,0,0.05000001,0,0,0,0,0,0,-0.3889087,2,-0.3889087,0,0,0,0.04999995,0,0,0,0,0,0,-0.55,2,0,0,0,0,0.05000001,0,0,0,0,0,0
70,0.007013459,0.6742857,0.655386,-0.01273838,0.007581714,0.02258421,-0.1926405,0,0,0,1,0,0,-0.4407364,0.6715525,0.4485622,-0.009343032,-0.06396773,-0.01551063,0.01719326,0,0,0,1,0,0,-0.3841783,0.003360422,0.3321418,-0.903793,-0.3049651,1.737133,0.01510018,0,0,0,1,0,0,0.05870944,0.0174916,0.6499338,-0.3305969,-0.1212893,0.5553576,-0.08168942,0,0,0,1,0,0,-0.7222528,0.0394251,-0.03556359,0.4782082,-0.4331263,0.1626908,-0.144607,0,0,0,1,0,0,0.5245508,0.7054685,0.510569,-0.4281105,-0.2901824,-0.2896876,-0.2563227,0,0,0,1,0,0,0.6199839,0.1006559,0.5583644,-0.7530245,-0.7111243,-0.2740325,-0.1946585,0,0,0,1,0,0,-0.721015,0.7015927,0.005755472,0.5273493,-0.3414334,-0.01801404,-0.08915377,0,0,0,1,0,0,-0.6280935,0.101519,-0.5613703,0.6880763,-0.6929374,0.2505959,-0.1813397,0,0,0,1,0,0,0.7233678,0.7057831,-0.007883249,-0.4719319,-0.2605022,0.1891389,-0.1015412,0,0,0,1,0,0,0.7442992,0.04239622,0.03297448,-0.4816653,-0.3908904,-0.1603848,-0.1320314,0,0,0,1,0,0,-0.5051087,0.7106518,-0.501282,0.3222973,-0.3278883,0.2749265,-0.2580417,0,0,0,1,0,0,-0.05052813,0.01000793,-0.6318158,0.4084723,-0.1350195,-0.4779162,-0.06977552,0,0,0,1,0,0,0.4512115,0.6647035,-0.4469885,0.05680325,-0.004768373,-0.03318788,0.05183643,0,0,0,1,0,0,0.4028541,-0.007157904,-0.3235553,1.006346,-0.1321009,-1.756275,0.00184226,0,0,0,1,0,0,-0.004208354,0.6678846,-0.6478266,0.01520943,0.02723933,-0.1090348,-0.1754547,0,0,0,1,0,0,0.4397071,1.33914,0.4435463,-0.04967304,0.009155277,-0.0428349,-0.1262577,0,0,0,1,0,0,0.003805212,1.334913,0.6058293,-0.03306243,-0.001960994,-0.04129411,-0.1183282,0,0,0,1,0,0,-0.4223659,1.340958,0.4266716,-0.04930945,-0.04564526,-0.02072454,0.0455094,0,0,0,1,0,0,0.6067393,1.340373,-0.004664029,-0.01876951,-0.04772546,0.04801845,0.008383095,0,0,0,1,0,0,-0.6093777,1.336081,-0.00124615,0.09123687,-0.03427269,0.009453818,0.01606297,0,0,0,1,0,0,-0.4298865,1.335789,-0.4393734,0.01449884,-0.01306534,0.1335756,-0.1289953,0,0,0,1,0,0,0.01099196,1.324948,-0.5949692,-0.05954078,0.03997089,0.03919007,-0.123269,0,0,0,1,0,0,0.4213816,1.332486,-0.4182413,0.01429916,0.009715561,-0.02386869,0.04530144,0,0,0,1,0,0,0.3889087,2,0.3889088,0,0,0,0.05000001,0,0,0,0,0,0,0.55,2,4.808253E-08,0,0,0,0.05000001,0,0,0,0,0,0,-6.558685E-09,2,0.55,0,0,0,0.05000001,0,0,0,0,0,0,0.3889087,2,-0.3889087,0,0,0,0.04999995,0,0,0,0,0,0,-0.3889089,2,0.3889086,0,0,0,0.05000001,0,0,0,0,0,0,2.404126E-08,2,-0.55,0,0,0,0.05000001,0,0,0,0,0,0,-0.3889087,2,-0.3889087,0,0,0,0.04999995,0,0,0,0,0,0,-0.55,2,0,0,0,0,0.05000001,0,0,0,0,0,0
71,0.007432235,0.6743498,0.6565565,0.02093879,0.003209711,0.05852582,-0.1948102,0,0,0,1,0,0,-0.4406018,0.6702221,0.4485787,0.006727877,-0.06652179,0.0008270148,0.01237363,0,0,0,1,0,0,-0.4008492,0.0006362844,0.3651862,-0.8335475,-0.1362069,1.65222,0.04635036,0,0,0,1,0,0,0.05333197,0.01546596,0.6597714,-0.2688731,-0.101282,0.4918786,-0.07827067,0,0,0,1,0,0,-0.7125707,0.03084108,-0.03154777,0.4841061,-0.4292013,0.2007908,-0.1392925,0,0,0,1,0,0,0.5167466,0.7007185,0.504851,-0.3902079,-0.2375008,-0.2858968,-0.2607278,0,0,0,1,0,0,0.6075716,0.08890507,0.5531946,-0.6206157,-0.5875411,-0.2584905,-0.1954219,0,0,0,1,0,0,-0.7107045,0.6954056,0.004968246,0.5155267,-0.3093572,-0.03936129,-0.09216768,0,0,0,1,0,0,-0.6155639,0.08913396,-0.5566537,0.6264808,-0.6192545,0.2358288,-0.1819131,0,0,0,1,0,0,0.7147646,0.7004248,-0.005560996,-0.4301609,-0.2679111,0.1161127,-0.103654,0,0,0,1,0,0,0.7325339,0.03410871,0.03061889,-0.5882623,-0.4143756,-0.1177794,-0.1293197,0,0,0,1,0,0,-0.4981959,0.7040756,-0.4960611,0.34564,-0.3288091,0.2610491,-0.2620377,0,0,0,1,0,0,-0.04197166,0.007523846,-0.6412703,0.4278239,-0.1242041,-0.4727276,-0.06525314,0,0,0,1,0,0,0.4528704,0.6648907,-0.4478918,0.08294436,0.009360913,-0.04516842,0.04843259,0,0,0,1,0,0,0.4233045,-0.00734305,-0.3591408,1.022524,-0.009257327,-1.779275,0.03512347,0,0,0,1,0,0,-0.004220756,0.6685244,-0.6497511,-0.0006200748,0.03198982,-0.09622578,-0.1770486,0,0,0,1,0,0,0.4388031,1.338697,0.4417833,-0.0452012,-0.02213121,-0.08814935,-0.1244115,0,0,0,1,0,0,0.003219386,1.334644,0.6050787,-0.02929134,-0.01345873,-0.03753008,-0.1188923,0,0,0,1,0,0,-0.4225731,1.339615,0.4260511,-0.01035631,-0.0671387,-0.03102423,0.04231292,0,0,0,1,0,0,0.6060936,1.339637,-0.003839962,-0.03228487,-0.03679396,0.04120338,0.0108602,0,0,0,1,0,0,-0.6076704,1.335502,-0.001009985,0.08536581,-0.02892615,0.01180823,0.01813096,0,0,0,1,0,0,-0.4297702,1.335953,-0.4369295,0.005815926,0.008231404,0.1221985,-0.1266338,0,0,0,1,0,0,0.009768634,1.325485,-0.593852,-0.06116608,0.02684594,0.05585852,-0.1241467,0,0,0,1,0,0,0.4217137,1.332666,-0.418837,0.01660735,0.009036068,-0.02978296,0.04339373,0,0,0,1,0,0,0.3889087,2,0.3889088,0,0,0,0.05000001,0,0,0,0,0,0,0.55,2,4.808253E-08,0,0,0,0.05000001,0,0,0,0,0,0,-6.558685E-09,2,0.55,0,0,0,0.05000001,0,0,0,0,0,0,0.3889087,2,-0.3889087,0,0,0,0.04999995,0,0,0,0,0,0,-0.3889089,2,0.3889086,0,0,0,0.05000001,0,0,0,0,0,0,2.404126E-08,2,-0.55,0,0,0,0.05000001,0,0,0,0,0,0,-0.3889087,2,-0.3889087,0,0,0,0.04999995,0,0,0,0,0,0,-0.55,2,0,0,0,0,0.05000001,0,0,0,0,0,0
72,0.007699134,0.6745883,0.6578137,0.01334495,0.01192391,0.0628561,-0.1967863,0,0,0,1,0,0,-0.4402398,0.6689247,0.4481826,0.01810194,-0.06487074,-0.01980961,0.007088423,0,0,0,1,0,0,-0.4164127,-0.0008044089,0.3938986,-0.7781762,-0.0720347,1.435619,0.07432121,0,0,0,1,0,0,0.0476642,0.01245509,0.6675681,-0.2833891,-0.1505436,0.3898354,-0.07553464,0,0,0,1,0,0,-0.70196,0.02239806,-0.02786196,0.5305382,-0.4221513,0.1842908,-0.1347219,0,0,0,1,0,0,0.5089245,0.6960872,0.4996219,-0.3911079,-0.2315612,-0.2614559,-0.2647114,0,0,0,1,0,0,0.596544,0.07860466,0.5497382,-0.551379,-0.5150208,-0.1728178,-0.1945866,0,0,0,1,0,0,-0.7001934,0.689867,0.004447993,0.5255552,-0.2769293,-0.02601269,-0.09499669,0,0,0,1,0,0,-0.6029881,0.0774558,-0.5529628,0.6287875,-0.5839082,0.184545,-0.1817913,0,0,0,1,0,0,0.7058017,0.6946514,-0.004335688,-0.4481466,-0.2886744,0.06126538,-0.1056049,0,0,0,1,0,0,0.7194092,0.02563975,0.02840883,-0.6562384,-0.4234482,-0.1105031,-0.1274294,0,0,0,1,0,0,-0.4907628,0.6975297,-0.490799,0.3716545,-0.3272922,0.2631054,-0.2663088,0,0,0,1,0,0,-0.03422857,0.004219689,-0.6496856,0.3871545,-0.1652079,-0.4207613,-0.06139952,0,0,0,1,0,0,0.4531685,0.664559,-0.4474945,0.01490266,-0.016585,0.01986624,0.04345936,0,0,0,1,0,0,0.4423191,-0.006198492,-0.3936738,0.9507287,0.05722793,-1.726652,0.06835115,0,0,0,1,0,0,-0.004233407,0.669116,-0.6515302,-0.0006325545,0.02957584,-0.08895401,-0.1786819,0,0,0,1,0,0,0.4381007,1.338044,0.4394966,-0.03511907,-0.0326872,-0.1143352,-0.1227637,0,0,0,1,0,0,0.002611845,1.33454,0.6045536,-0.03037702,-0.005191566,-0.02625586,-0.1191916,0,0,0,1,0,0,-0.4223911,1.338569,0.425518,0.009097163,-0.05228522,-0.02665223,0.03894693,0,0,0,1,0,0,0.60557,1.339078,-0.002924569,-0.02617837,-0.02795459,0.04576969,0.01351446,0,0,0,1,0,0,-0.6061246,1.335152,-0.000957177,0.07728639,-0.01752973,0.002640408,0.0203886,0,0,0,1,0,0,-0.4296298,1.33578,-0.434363,0.00701696,-0.008666519,0.1283229,-0.1245335,0,0,0,1,0,0,0.008666175,1.326181,-0.5929394,-0.05512296,0.03479125,0.04563333,-0.1247183,0,0,0,1,0,0,0.4222547,1.332876,-0.4194076,0.0270486,0.0104785,-0.02853126,0.04163164,0,0,0,1,0,0,0.3889087,2,0.3889088,0,0,0,0.05000001,0,0,0,0,0,0,0.55,2,4.808253E-08,0,0,0,0.05000001,0,0,0,0,0,0,-6.558685E-09,2,0.55,0,0,0,0.05000001,0,0,0,0,0,0,0.3889087,2,-0.3889087,0,0,0,0.04999995,0,0,0,0,0,0,-0.3889089,2,0.3889086,0,0,0,0.05000001,0,0,0,0,0,0,2.404126E-08,2,-0.55,0,0,0,0.05000001,0,0,0,0,0,0,-0.3889087,2,-0.3889087,0,0,0,0.04999995,0,0,0,0,0,0,-0.55,2,0,0,0,0,0.05000001,0,0,0,0,0,0
73,0.007777782,0.6745393,0.6590102,0.003932395,-0.002449752,0.05982818,-0.1986919,0,0,0,1,0,0,-0.4401009,0.6674222,0.4470112,0.006940964,-0.07512572,-0.05856904,0.001582563,0,0,0,1,0,0,-0.4302471,-0.001705761,0.4177606,-0.6917182,-0.04506762,1.193104,0.09849662,0,0,0,1,0,0,0.04098983,0.009108954,0.6742924,-0.3337183,-0.1673071,0.336218,-0.0729686,0,0,0,1,0,0,-0.6901093,0.01320588,-0.02513699,0.592536,-0.4596092,0.1362485,-0.1308022,0,0,0,1,0,0,0.501157,0.6915023,0.4942903,-0.3883751,-0.2292455,-0.2665804,-0.2684886,0,0,0,1,0,0,0.5856297,0.06913979,0.5476537,-0.5457165,-0.4732436,-0.1042277,-0.1928351,0,0,0,1,0,0,-0.6896431,0.6845283,0.00340012,0.5275162,-0.2669365,-0.05239368,-0.09784174,0,0,0,1,0,0,-0.5903932,0.06658164,-0.5497712,0.6297472,-0.5437082,0.1595796,-0.1812989,0,0,0,1,0,0,0.6955611,0.6886758,-0.003931326,-0.5120309,-0.2987773,0.02021814,-0.1080732,0,0,0,1,0,0,0.7055643,0.01669819,0.02672786,-0.6922427,-0.4470783,-0.08404891,-0.1257231,0,0,0,1,0,0,-0.4835465,0.6908717,-0.4851212,0.3608154,-0.332901,0.2838881,-0.2704718,0,0,0,1,0,0,-0.02730216,0.0008013704,-0.6575158,0.3463208,-0.170916,-0.3915133,-0.05840117,0,0,0,1,0,0,0.4514635,0.6638974,-0.4453149,-0.08524958,-0.03308059,0.1089827,0.03598583,0,0,0,1,0,0,0.4580213,-0.00452178,-0.4239874,0.7851127,0.08383562,-1.515678,0.09836113,0,0,0,1,0,0,-0.004314976,0.6692285,-0.6522149,-0.004078472,0.005626681,-0.03423692,-0.1812507,0,0,0,1,0,0,0.4373414,1.337095,0.4372638,-0.03796668,-0.04742147,-0.1116395,-0.1212392,0,0,0,1,0,0,0.001981118,1.334233,0.604007,-0.03153641,-0.01533628,-0.02732874,-0.1196519,0,0,0,1,0,0,-0.4224448,1.337596,0.4250064,-0.0026837,-0.04867317,-0.02558083,0.03571492,0,0,0,1,0,0,0.6047539,1.338637,-0.001985668,-0.04080833,-0.02204181,0.04694504,0.01611805,0,0,0,1,0,0,-0.6049925,1.334792,-0.0006638825,0.05660655,-0.01800657,0.01466473,0.0231356,0,0,0,1,0,0,-0.4303294,1.336109,-0.433478,-0.034979,0.01646281,0.044252,-0.1208502,0,0,0,1,0,0,0.0067477,1.327536,-0.5938095,-0.0959238,0.06777051,-0.04350843,-0.123803,0,0,0,1,0,0,0.4229038,1.333066,-0.4200406,0.03245474,0.009506945,-0.03165306,0.03987366,0,0,0,1,0,0,0.3889087,2,0.3889088,0,0,0,0.05000001,0,0,0,0,0,0,0.55,2,4.808253E-08,0,0,0,0.05000001,0,0,0,0,0,0,-6.558685E-09,2,0.55,0,0,0,0.05000001,0,0,0,0,0,0,0.3889087,2,-0.3889087,0,0,0,0.04999995,0,0,0,0,0,0,-0.3889089,2,0.3889086,0,0,0,0.05000001,0,0,0,0,0,0,2.404126E-08,2,-0.55,0,0,0,0.05000001,0,0,0,0,0,0,-0.3889087,2,-0.3889087,0,0,0,0.04999995,0,0,0,0,0,0,-0.55,2,0,0,0,0,0.05000001,0,0,0,0,0,0
74,0.007514874,0.6743441,0.6607231,-0.01314539,-0.009763245,0.08564297,-0.1996408,0,0,0,1,0,0,-0.4404188,0.6656153,0.4453983,-0.01589507,-0.09034578,-0.08064213,-0.003190637,0,0,0,1,0,0,-0.4438434,-0.001055019,0.4372672,-0.6798166,0.03253709,0.9753276,0.1189119,0,0,0,1,0,0,0.03409338,0.005206046,0.6800285,-0.3448227,-0.1951455,0.2868028,-0.07003611,0,0,0,1,0,0,-0.6782246,0.003825974,-0.02252824,0.5942347,-0.4689954,0.1304377,-0.1272916,0,0,0,1,0,0,0.4939455,0.6869446,0.4892196,-0.360574,-0.2278865,-0.2535374,-0.2721715,0,0,0,1,0,0,0.5752819,0.06000559,0.5459153,-0.5173923,-0.4567105,-0.08691851,-0.1909598,0,0,0,1,0,0,-0.6806179,0.6807158,0.002043622,0.451258,-0.1906247,-0.06782493,-0.09984905,0,0,0,1,0,0,-0.5782467,0.05644419,-0.546661,0.6073239,-0.5068727,0.1555116,-0.1810541,0,0,0,1,0,0,0.684943,0.6832228,-0.003525529,-0.5309048,-0.2726496,0.02028984,-0.1113927,0,0,0,1,0,0,0.6931655,0.00875018,0.0247386,-0.6199422,-0.3974004,-0.09946268,-0.1237452,0,0,0,1,0,0,-0.4764534,0.6853237,-0.4790909,0.3546552,-0.2774031,0.3015147,-0.2749862,0,0,0,1,0,0,-0.02158271,-0.001878445,-0.6654049,0.2859725,-0.1339908,-0.3944547,-0.05551493,0,0,0,1,0,0,0.4492114,0.662758,-0.443469,-0.1126036,-0.05697014,0.09229336,0.02860576,0,0,0,1,0,0,0.4703504,-0.002481626,-0.4475828,0.6164508,0.1020078,-1.179772,0.1223809,0,0,0,1,0,0,-0.00433644,0.6694446,-0.6542042,-0.001073187,0.01080633,-0.09946529,-0.18228,0,0,0,1,0,0,0.4361122,1.336359,0.4353914,-0.06145987,-0.03682972,-0.09362254,-0.1200078,0,0,0,1,0,0,0.001437136,1.333928,0.6031134,-0.02719909,-0.01526476,-0.04467966,-0.1203688,0,0,0,1,0,0,-0.4227065,1.336542,0.4251319,-0.01308621,-0.05267861,0.006274881,0.03296292,0,0,0,1,0,0,0.603771,1.337855,-0.00119215,-0.04914107,-0.03908874,0.03967592,0.01813501,0,0,0,1,0,0,-0.6038088,1.334536,-0.0005164178,0.05918743,-0.01279116,0.007373237,0.02552634,0,0,0,1,0,0,-0.4304018,1.336025,-0.4334346,-0.003620984,-0.004225971,0.00216663,-0.1178221,0,0,0,1,0,0,0.00573763,1.328958,-0.5966197,-0.05050355,0.07107857,-0.1405061,-0.1212459,0,0,0,1,0,0,0.4223921,1.332926,-0.4199443,-0.02558232,-0.006997588,0.004817547,0.03701508,0,0,0,1,0,0,0.3889087,2,0.3889088,0,0,0,0.05000001,0,0,0,0,0,0,0.55,2,4.808253E-08,0,0,0,0.05000001,0,0,0,0,0,0,-6.558685E-09,2,0.55,0,0,0,0.05000001,0,0,0,0,0,0,0.3889087,2,-0.3889087,0,0,0,0.04999995,0,0,0,0,0,0,-0.3889089,2,0.3889086,0,0,0,0.05000001,0,0,0,0,0,0,2.404126E-08,2,-0.55,0,0,0,0.05000001,0,0,0,0,0,0,-0.3889087,2,-0.3889087,0,0,0,0.04999995,0,0,0,0,0,0,-0.55,2,0,0,0,0,0.05000001,0,0,0,0,0,0
75,0.007443394,0.674351,0.6619968,-0.003574022,0.0003457071,0.06368759,-0.2006151,0,0,0,1,0,0,-0.4414114,0.6643454,0.4446722,-0.04962834,-0.06349089,-0.03630669,-0.006498754,0,0,0,1,0,0,-0.4565986,0.0009671384,0.4544891,-0.6377595,0.1011079,0.8610952,0.137203,0,0,0,1,0,0,0.02720028,0.0030065,0.6858751,-0.3446552,-0.1099773,0.2923311,-0.06676257,0,0,0,1,0,0,-0.6663983,-0.003875724,-0.02047691,0.5913111,-0.385085,0.1025664,-0.1256785,0,0,0,1,0,0,0.4867214,0.6830213,0.4843642,-0.3612043,-0.1961649,-0.2427713,-0.2764656,0,0,0,1,0,0,0.5644087,0.05124208,0.5438064,-0.5436572,-0.4381757,-0.1054436,-0.1904002,0,0,0,1,0,0,-0.6733817,0.6775753,0.0005076003,0.3618093,-0.1570225,-0.0768011,-0.1013929,0,0,0,1,0,0,-0.5653799,0.04696199,-0.5422994,0.643343,-0.4741106,0.2180816,-0.1829099,0,0,0,1,0,0,0.6756437,0.6786202,-0.002223745,-0.4649641,-0.2301306,0.06508923,-0.1149231,0,0,0,1,0,0,0.6819736,0.001952367,0.02248731,-0.5595925,-0.3398907,-0.1125644,-0.1222066,0,0,0,1,0,0,-0.4716876,0.6809316,-0.4743898,0.238286,-0.2196015,0.2350555,-0.2775148,0,0,0,1,0,0,-0.01599771,-0.001855441,-0.6733943,0.2792502,0.001150201,-0.3994705,-0.05264413,0,0,0,1,0,0,0.4501605,0.6623266,-0.4427248,0.04745724,-0.02157093,0.0372097,0.02503765,0,0,0,1,0,0,0.4789431,-9.035051E-05,-0.4648331,0.4296379,0.1195638,-0.8625124,0.1401365,0,0,0,1,0,0,-0.003846679,0.6697214,-0.6555893,0.02448807,0.01383722,-0.06925169,-0.1831518,0,0,0,1,0,0,0.4347768,1.336021,0.4334903,-0.06676766,-0.01686216,-0.09505454,-0.1190556,0,0,0,1,0,0,0.0006339736,1.333607,0.6023039,-0.04015813,-0.01603366,-0.04047455,-0.1209877,0,0,0,1,0,0,-0.4227928,1.335624,0.4247854,-0.004313888,-0.04590156,-0.0173241,0.03038073,0,0,0,1,0,0,0.6028503,1.337467,0.0001178066,-0.04603567,-0.01937748,0.06549787,0.01968563,0,0,0,1,0,0,-0.6027198,1.33386,-0.0008314904,0.05444887,-0.03377797,-0.01575363,0.02705711,0,0,0,1,0,0,-0.4294605,1.335616,-0.4319537,0.04706683,-0.02042652,0.07404688,-0.1166397,0,0,0,1,0,0,0.004445625,1.330034,-0.5976824,-0.06460026,0.05378725,-0.05313756,-0.1201459,0,0,0,1,0,0,0.4229448,1.333009,-0.4204345,0.0276357,0.004172327,-0.02451093,0.03563595,0,0,0,1,0,0,0.3889087,2,0.3889088,0,0,0,0.05000001,0,0,0,0,0,0,0.55,2,4.808253E-08,0,0,0,0.05000001,0,0,0,0,0,0,-6.558685E-09,2,0.55,0,0,0,0.05000001,0,0,0,0,0,0,0.3889087,2,-0.3889087,0,0,0,0.04999995,0,0,0,0,0,0,-0.3889089,2,0.3889086,0,0,0,0.05000001,0,0,0,0,0,0,2.404126E-08,2,-0.55,0,0,0,0.05000001,0,0,0,0,0,0,-0.3889087,2,-0.3889087,0,0,0,0.04999995,0,0,0,0,0,0,-0.55,2,0,0,0,0,0.05000001,0,0,0,0,0,0
76,0.0072357,0.6745353,0.6641102,-0.01038469,0.009217862,0.1056672,-0.2019824,0,0,0,1,0,0,-0.4437028,0.6647862,0.446009,-0.1145676,0.02203883,0.06683919,-0.01113147,0,0,0,1,0,0,-0.4675159,0.003361195,0.4715025,-0.545867,0.1197029,0.8506689,0.1561456,0,0,0,1,0,0,0.02113138,0.003406442,0.6933449,-0.303445,0.01999709,0.3734888,-0.06693918,0,0,0,1,0,0,-0.6589276,-0.006420264,-0.01904431,0.3735365,-0.1272271,0.07162981,-0.1205969,0,0,0,1,0,0,0.4807386,0.6798943,0.4797267,-0.2991409,-0.156349,-0.2318741,-0.2764178,0,0,0,1,0,0,0.5518337,0.04230882,0.5398529,-0.6287488,-0.4466628,-0.1976789,-0.1893016,0,0,0,1,0,0,-0.6666381,0.6736618,-0.0001549701,0.3371806,-0.1956762,-0.03312853,-0.09859121,0,0,0,1,0,0,-0.5489569,0.03586373,-0.5355833,0.8211467,-0.5549127,0.3358037,-0.1848318,0,0,0,1,0,0,0.6681693,0.6748938,-0.0004695533,-0.3737213,-0.1863212,0.08770963,-0.1132164,0,0,0,1,0,0,0.6723526,-0.003555208,0.02098928,-0.4810544,-0.2753789,-0.07490192,-0.117188,0,0,0,1,0,0,-0.4677475,0.6781136,-0.4728529,0.1970053,-0.1408995,0.07684234,-0.2740081,0,0,0,1,0,0,-0.01048277,-0.001223964,-0.6803185,0.2757471,0.03157385,-0.3462107,-0.05413187,0,0,0,1,0,0,0.4523254,0.6621895,-0.4427309,0.1082436,-0.006854537,-0.0003054739,0.020006,0,0,0,1,0,0,0.4843743,0.001977117,-0.4765664,0.2715604,0.1033734,-0.5866694,0.1535059,0,0,0,1,0,0,-0.002995027,0.6702607,-0.6566203,0.04258263,0.02696813,-0.05155208,-0.1855228,0,0,0,1,0,0,0.4330419,1.33553,0.431665,-0.08674566,-0.02456904,-0.09126518,-0.1168088,0,0,0,1,0,0,0.0003419935,1.333213,0.6011404,-0.01459901,-0.01972914,-0.05817416,-0.122027,0,0,0,1,0,0,-0.4224145,1.334426,0.4235123,0.01891554,-0.05992057,-0.06365927,0.02575022,0,0,0,1,0,0,0.6026171,1.337254,0.000903441,-0.01165867,-0.01069308,0.03928173,0.02382582,0,0,0,1,0,0,-0.6015134,1.333386,-0.001116667,0.06031992,-0.0236869,-0.01425885,0.03034407,0,0,0,1,0,0,-0.4277173,1.335065,-0.4286921,0.08715991,-0.02754928,0.1630799,-0.115108,0,0,0,1,0,0,0.003589979,1.330722,-0.5984344,-0.0427823,0.03444554,-0.03759862,-0.1194397,0,0,0,1,0,0,0.4229299,1.332878,-0.4208707,-0.0007450584,-0.006574395,-0.02181084,0.03242755,0,0,0,1,0,0,0.3889087,2,0.3889088,0,0,0,0.05000001,0,0,0,0,0,0,0.55,2,4.808253E-08,0,0,0,0.05000001,0,0,0,0,0,0,-6.558685E-09,2,0.55,0,0,0,0.05000001,0,0,0,0,0,0,0.3889087,2,-0.3889087,0,0,0,0.04999995,0,0,0,0,0,0,-0.3889089,2,0.3889086,0,0,0,0.05000001,0,0,0,0,0,0,2.404126E-08,2,-0.55,0,0,0,0.05000001,0,0,0,0,0,0,-0.3889087,2,-0.3889087,0,0,0,0.04999995,0,0,0,0,0,0,-0.55,2,0,0,0,0,0.05000001,0,0,0,0,0,0
77,0.005796448,0.6742104,0.6646785,-0.0719626,-0.01624525,0.02841355,-0.2037954,0,0,0,1,0,0,-0.4470096,0.6652488,0.4498137,-0.1653419,0.02312959,0.1902357,-0.01331604,0,0,0,1,0,0,-0.4766894,0.004022221,0.4880881,-0.4586728,0.03305133,0.8292827,0.1753615,0,0,0,1,0,0,0.01556289,0.004021121,0.7026647,-0.2784248,0.030734,0.4659923,-0.06478643,0,0,0,1,0,0,-0.6569896,-0.007723743,-0.01510239,0.09690229,-0.06517395,0.1970962,-0.1117609,0,0,0,1,0,0,0.4728354,0.6785364,0.4764692,-0.3951626,-0.06789866,-0.1628712,-0.2775193,0,0,0,1,0,0,0.5332636,0.02953314,0.530871,-0.9285066,-0.6387845,-0.4490944,-0.1933274,0,0,0,1,0,0,-0.6582229,0.6683955,0.0006126625,0.4207613,-0.2633155,0.03838165,-0.09794217,0,0,0,1,0,0,-0.5265582,0.02203072,-0.5241252,1.119936,-0.6916511,0.5729082,-0.1921371,0,0,0,1,0,0,0.6597841,0.6709654,0.0004396454,-0.4192563,-0.1964212,0.04545995,-0.1130568,0,0,0,1,0,0,0.6681043,-0.005199369,0.02021733,-0.2124132,-0.08220807,-0.03859719,-0.1113656,0,0,0,1,0,0,-0.4641538,0.6746973,-0.4713855,0.1796857,-0.1708151,0.07337037,-0.2711539,0,0,0,1,0,0,-0.004965844,0.0003985487,-0.6900795,0.2758464,0.08112567,-0.488049,-0.05259317,0,0,0,1,0,0,0.4549798,0.6625155,-0.4452387,0.1327187,0.0162989,-0.1253903,0.01679808,0,0,0,1,0,0,0.4870751,0.001953772,-0.4855146,0.1350403,-0.001167227,-0.4474105,0.1645529,0,0,0,1,0,0,-0.001782537,0.6697028,-0.6559672,0.06062451,-0.02789797,0.03265442,-0.1886945,0,0,0,1,0,0,0.4300944,1.334589,0.4286446,-0.1473755,-0.04702808,-0.1510174,-0.1165262,0,0,0,1,0,0,-0.0006134579,1.333295,0.6022516,-0.04777259,0.004100801,0.05556049,-0.1210762,0,0,0,1,0,0,-0.4220577,1.333524,0.4221867,0.01783819,-0.04509689,-0.06627741,0.02163523,0,0,0,1,0,0,0.6011435,1.336742,0.001202507,-0.07368329,-0.02557636,0.01495329,0.02652007,0,0,0,1,0,0,-0.6003628,1.333006,-0.0007596035,0.05753043,-0.01900793,0.0178532,0.03343862,0,0,0,1,0,0,-0.4264799,1.3347,-0.4251433,0.06186965,-0.01828075,0.1774401,-0.1136888,0,0,0,1,0,0,0.002728458,1.331793,-0.599746,-0.04307611,0.05350711,-0.06558301,-0.1180507,0,0,0,1,0,0,0.4231906,1.333045,-0.4215056,0.01303107,0.008368496,-0.03174544,0.02999651,0,0,0,1,0,0,0.3889087,2,0.3889088,0,0,0,0.05000001,0,0,0,0,0,0,0.55,2,4.808253E-08,0,0,0,0.05000001,0,0,0,0,0,0,-6.558685E-09,2,0.55,0,0,0,0.05000001,0,0,0,0,0,0,0.3889087,2,-0.3889087,0,0,0,0.04999995,0,0,0,0,0,0,-0.3889089,2,0.3889086,0,0,0,0.05000001,0,0,0,0,0,0,2.404126E-08,2,-0.55,0,0,0,0.05000001,0,0,0,0,0,0,-0.3889087,2,-0.3889087,0,0,0,0.04999995,0,0,0,0,0,0,-0.55,2,0,0,0,0,0.05000001,0,0,0,0,0,0
78,0.004018011,0.6735529,0.6640369,-0.08892192,-0.03287495,-0.03207923,-0.205534,0,0,0,1,0,0,-0.4505999,0.666377,0.4549608,-0.1795159,0.05640986,0.2573566,-0.01270032,0,0,0,1,0,0,-0.4847402,0.005816057,0.5006717,-0.4025401,0.08969185,0.6291794,0.1810647,0,0,0,1,0,0,0.01046556,0.007493843,0.7162507,-0.2548665,0.1736362,0.6792995,-0.0580098,0,0,0,1,0,0,-0.6641258,-0.005512476,-0.009753078,-0.3568114,0.1105634,0.2674658,-0.09993643,0,0,0,1,0,0,0.4681205,0.6759207,0.4739334,-0.2357409,-0.1307816,-0.1267925,-0.2785279,0,0,0,1,0,0,0.5132391,0.01651537,0.5191793,-1.001224,-0.6508887,-0.5845847,-0.2011414,0,0,0,1,0,0,-0.6492368,0.6649855,-0.0004207194,0.449306,-0.1705021,-0.05166912,-0.1013061,0,0,0,1,0,0,-0.5080131,0.009914959,-0.5132896,0.9272579,-0.6057882,0.5417767,-0.1990938,0,0,0,1,0,0,0.6514761,0.6666656,0.002118057,-0.4153998,-0.2149881,0.08392063,-0.1163363,0,0,0,1,0,0,0.6720142,-0.004335821,0.01617795,0.1954973,0.04317744,-0.2019691,-0.1019934,0,0,0,1,0,0,-0.4639299,0.6720539,-0.4697474,0.01119823,-0.1321734,0.08190724,-0.2681761,0,0,0,1,0,0,-0.001990668,0.005352157,-0.7052856,0.1487588,0.2476805,-0.7603052,-0.04641724,0,0,0,1,0,0,0.4564055,0.663776,-0.4491217,0.0712842,0.06302597,-0.1941488,0.01491719,0,0,0,1,0,0,0.4882011,0.001043197,-0.4919163,0.0562981,-0.04552876,-0.320083,0.1725348,0,0,0,1,0,0,-0.0008577011,0.6699931,-0.6568344,0.04624181,0.01451672,-0.04335644,-0.1895131,0,0,0,1,0,0,0.4281473,1.334247,0.4269496,-0.09735528,-0.01712442,-0.08475187,-0.1161073,0,0,0,1,0,0,-0.0006909624,1.333862,0.6034516,-0.003875229,0.02834202,0.05999508,-0.1198804,0,0,0,1,0,0,-0.4225015,1.333016,0.4213523,-0.02218933,-0.02536775,-0.04172029,0.01954395,0,0,0,1,0,0,0.5998703,1.33568,0.001861914,-0.06366076,-0.05308988,0.0329704,0.02742267,0,0,0,1,0,0,-0.5987312,1.332632,-0.000690882,0.08158091,-0.01869202,0.003436075,0.03462332,0,0,0,1,0,0,-0.4260064,1.334124,-0.4255435,0.02367497,-0.02878309,-0.0200078,-0.111894,0,0,0,1,0,0,0.001369519,1.332523,-0.6003357,-0.06794694,0.03653766,-0.02948345,-0.1174476,0,0,0,1,0,0,0.4230576,1.333144,-0.4213678,-0.006647411,0.004941227,0.00689179,0.02803349,0,0,0,1,0,0,0.3889087,2,0.3889088,0,0,0,0.05000001,0,0,0,0,0,0,0.55,2,4.808253E-08,0,0,0,0.05000001,0,0,0,0,0,0,-6.558685E-09,2,0.55,0,0,0,0.05000001,0,0,0,0,0,0,0.3889087,2,-0.3889087,0,0,0,0.04999995,0,0,0,0,0,0,-0.3889089,2,0.3889086,0,0,0,0.05000001,0,0,0,0,0,0,2.404126E-08,2,-0.55,0,0,0,0.05000001,0,0,0,0,0,0,-0.3889087,2,-0.3889087,0,0,0,0.04999995,0,0,0,0,0,0,-0.55,2,0,0,0,0,0.05000001,0,0,0,0,0,0
79,0.002834998,0.6732194,0.661986,-0.05915064,-0.01667441,-0.1025439,-0.2095669,0,0,0,1,0,0,-0.4501278,0.6677357,0.4545252,0.02360494,0.06793442,-0.02178253,-0.01943439,0,0,0,1,0,0,-0.4908281,0.007420216,0.5069194,-0.3043951,0.08020797,0.3123851,0.1763932,0,0,0,1,0,0,0.007243,0.01156459,0.7271864,-0.1611281,0.2035373,0.5467864,-0.05589312,0,0,0,1,0,0,-0.6765208,-0.004883468,-0.003576458,-0.6197515,0.0314504,0.3088312,-0.08030558,0,0,0,1,0,0,0.4648521,0.6720661,0.4688551,-0.1634226,-0.1927317,-0.2539129,-0.2780931,0,0,0,1,0,0,0.5061786,0.01274585,0.51631,-0.3530265,-0.1884758,-0.1434625,-0.1995688,0,0,0,1,0,0,-0.6430693,0.6644529,-0.001259893,0.3083767,-0.02663137,-0.0419587,-0.09924531,0,0,0,1,0,0,-0.5014745,0.007459388,-0.510859,0.3269286,-0.1227786,0.1215309,-0.1977051,0,0,0,1,0,0,0.6439701,0.6646518,0.004063576,-0.3753008,-0.1006902,0.09727599,-0.1162252,0,0,0,1,0,0,0.6801459,-0.003494799,0.009684503,0.4065843,0.04205109,-0.3246726,-0.08581263,0,0,0,1,0,0,-0.4634807,0.6703408,-0.4653619,0.02245755,-0.08565191,0.2192737,-0.2647499,0,0,0,1,0,0,-0.002938367,0.00922775,-0.7187628,-0.04738498,0.1937797,-0.6738576,-0.04437399,0,0,0,1,0,0,0.455643,0.6638004,-0.4502334,-0.03812166,0.001221896,-0.05558582,0.008636832,0,0,0,1,0,0,0.4892652,0.001190676,-0.4933625,0.0532076,0.00737393,-0.0723094,0.1765593,0,0,0,1,0,0,-0.000497899,0.6708192,-0.6577147,0.01799011,0.04130603,-0.04401507,-0.1913208,0,0,0,1,0,0,0.4277113,1.334904,0.4278526,-0.02179743,0.03286005,0.04514905,-0.1121519,0,0,0,1,0,0,0.0002325357,1.334459,0.6032001,0.04617492,0.02986194,-0.0125736,-0.1198241,0,0,0,1,0,0,-0.4238232,1.333838,0.4229485,-0.06608519,0.0410855,0.07980916,0.01866817,0,0,0,1,0,0,0.5991628,1.334696,0.001570884,-0.03537537,-0.04919769,-0.0145515,0.03028154,0,0,0,1,0,0,-0.5988129,1.332278,-0.001160052,-0.00408888,-0.01769663,-0.02345853,0.03801119,0,0,0,1,0,0,-0.4257733,1.333997,-0.4267321,0.01165718,-0.006377699,-0.05943032,-0.1083652,0,0,0,1,0,0,0.0002038757,1.333381,-0.6003762,-0.0582822,0.04289748,-0.002026559,-0.1170825,0,0,0,1,0,0,0.4232233,1.333178,-0.4217985,0.008283559,0.001680852,-0.02153368,0.02560109,0,0,0,1,0,0,0.3889087,2,0.3889088,0,0,0,0.05000001,0,0,0,0,0,0,0.55,2,4.808253E-08,0,0,0,0.05000001,0,0,0,0,0,0,-6.558685E-09,2,0.55,0,0,0,0.05000001,0,0,0,0,0,0,0.3889087,2,-0.3889087,0,0,0,0.04999995,0,0,0,0,0,0,-0.3889089,2,0.3889086,0,0,0,0.05000001,0,0,0,0,0,0,2.404126E-08,2,-0.55,0,0,0,0.05000001,0,0,0,0,0,0,-0.3889087,2,-0.3889087,0,0,0,0.04999995,0,0,0,0,0,0,-0.55,2,0,0,0,0,0.05000001,0,0,0,0,0,0
80,0.002430508,0.6723698,0.6564802,-0.0202245,-0.04248323,-0.2752901,-0.2171637,0,0,0,1,0,0,-0.4490869,0.667722,0.4547116,0.0520468,-0.0006824735,0.00932068,-0.02659601,0,0,0,1,0,0,-0.4950526,0.006783757,0.5082855,-0.2112255,-0.03182296,0.06830397,0.1686477,0,0,0,1,0,0,0.005694031,0.01217238,0.7321027,-0.07744849,0.03038958,0.2458126,-0.05777973,0,0,0,1,0,0,-0.6897039,-0.001920485,-0.0006261482,-0.6591531,0.1481492,0.1475155,-0.06148469,0,0,0,1,0,0,0.4611274,0.6698962,0.4628852,-0.1862348,-0.1084954,-0.2984957,-0.2777183,0,0,0,1,0,0,0.4989336,0.00682716,0.5104904,-0.3622489,-0.2959349,-0.2909811,-0.1981288,0,0,0,1,0,0,-0.6403737,0.6642552,-0.001506679,0.1347781,-0.009882454,-0.01233931,-0.09345645,0,0,0,1,0,0,-0.4951248,0.002398625,-0.5041155,0.3174857,-0.2530383,0.3371776,-0.196821,0,0,0,1,0,0,0.6389184,0.6645608,0.00396405,-0.2525867,-0.004550816,-0.004976314,-0.112279,0,0,0,1,0,0,0.6900746,-0.002178197,0.005512389,0.4964324,0.06583014,-0.2086058,-0.06855267,0,0,0,1,0,0,-0.4633887,0.6694527,-0.4622863,0.004602971,-0.04440846,0.1537815,-0.2595814,0,0,0,1,0,0,-0.003767239,0.01184815,-0.7271217,-0.04144362,0.1310199,-0.417945,-0.04561299,0,0,0,1,0,0,0.4534748,0.6646687,-0.4508362,-0.1084134,0.04341306,-0.0301391,0.0003297925,0,0,0,1,0,0,0.4896731,-8.901767E-05,-0.4937302,0.02039374,-0.06398471,-0.01838357,0.1802745,0,0,0,1,0,0,-0.0005072248,0.6701638,-0.6531863,-0.0004662901,-0.03277064,0.2264173,-0.1982504,0,0,0,1,0,0,0.4291994,1.335403,0.4292308,0.07440153,0.0249684,0.06891045,-0.1067787,0,0,0,1,0,0,0.00168845,1.335764,0.6043423,0.07279576,0.06523731,0.05711021,-0.1183942,0,0,0,1,0,0,-0.4257148,1.334361,0.4238347,-0.09457771,0.02615453,0.04431011,0.01770276,0,0,0,1,0,0,0.6014386,1.334946,0.0008891064,0.1137943,0.01248718,-0.03408892,0.03639996,0,0,0,1,0,0,-0.6010669,1.333271,-0.0005474149,-0.1127005,0.04964473,0.03063189,0.04437333,0,0,0,1,0,0,-0.4274223,1.334612,-0.4278125,-0.08245263,0.03077389,-0.05401971,-0.1029817,0,0,0,1,0,0,-0.0008508969,1.334958,-0.6029885,-0.05273865,0.07881525,-0.1306117,-0.1144015,0,0,0,1,0,0,0.4245974,1.333425,-0.4245906,0.0687063,0.01237393,-0.139609,0.02469641,0,0,0,1,0,0,0.3889087,2,0.3889088,0,0,0,0.05000001,0,0,0,0,0,0,0.55,2,4.808253E-08,0,0,0,0.05000001,0,0,0,0,0,0,-6.558685E-09,2,0.55,0,0,0,0.05000001,0,0,0,0,0,0,0.3889087,2,-0.3889087,0,0,0,0.04999995,0,0,0,0,0,0,-0.3889089,2,0.3889086,0,0,0,0.05000001,0,0,0,0,0,0,2.404126E-08,2,-0.55,0,0,0,0.05000001,0,0,0,0,0,0,-0.3889087,2,-0.3889087,0,0,0,0.04999995,0,0,0,0,0,0,-0.55,2,0,0,0,0,0.05000001,0,0,0,0,0,0
81,0.0007985103,0.6710959,0.6524994,-0.08159993,-0.06369355,-0.1990408,-0.2226304,0,0,0,1,0,0,-0.4501959,0.6670854,0.4562813,-0.05545171,-0.03183187,0.07848594,-0.03068918,0,0,0,1,0,0,-0.4973808,0.004495686,0.5064914,-0.1164109,-0.1144036,-0.08970205,0.1598487,0,0,0,1,0,0,0.004180812,0.009917594,0.7314982,-0.07566096,-0.1127393,-0.03022553,-0.06217402,0,0,0,1,0,0,-0.6975265,9.793697E-05,0.000953175,-0.3911318,0.1009211,0.07896619,-0.0472762,0,0,0,1,0,0,0.4582717,0.6680675,0.4597659,-0.1427845,-0.09143654,-0.155966,-0.2754943,0,0,0,1,0,0,0.4911433,0.001181104,0.5052398,-0.389515,-0.2823029,-0.2625317,-0.1971254,0,0,0,1,0,0,-0.6370435,0.6644579,-0.002007039,0.1665086,0.01013577,-0.02501798,-0.08905023,0,0,0,1,0,0,-0.4883645,-0.001553635,-0.4984465,0.3380136,-0.1976131,0.2834485,-0.1964257,0,0,0,1,0,0,0.6369907,0.6642155,0.004148284,-0.09638373,-0.01726449,0.009211669,-0.1065877,0,0,0,1,0,0,0.699246,-0.0004842451,0.003114062,0.4585715,0.08469762,-0.1199164,-0.05310249,0,0,0,1,0,0,-0.4623963,0.6683637,-0.4603002,0.04961791,-0.05444589,0.09930436,-0.2550887,0,0,0,1,0,0,-0.004534756,0.01177787,-0.7301214,-0.03837587,-0.003513835,-0.1499862,-0.04913664,0,0,0,1,0,0,0.4515575,0.6648572,-0.4516779,-0.09586219,0.009426478,-0.04208387,-0.007013083,0,0,0,1,0,0,0.4902146,-0.001011612,-0.4944331,0.02707393,-0.04612972,-0.03514887,0.1723151,0,0,0,1,0,0,-3.493056E-05,0.6693777,-0.6490616,0.02361472,-0.0393063,0.2062351,-0.2043365,0,0,0,1,0,0,0.4290505,1.335401,0.4296631,-0.007441643,-0.0001192093,0.02161414,-0.103431,0,0,0,1,0,0,0.002126307,1.336175,0.6059137,0.02189285,0.02054573,0.07857087,-0.1171268,0,0,0,1,0,0,-0.4267696,1.335016,0.4248663,-0.05274417,0.03276468,0.05158337,0.01644909,0,0,0,1,0,0,0.6020901,1.334495,9.822575E-05,0.03257097,-0.02253057,-0.03954405,0.04058892,0,0,0,1,0,0,-0.6019313,1.334185,0.0004247495,-0.04321637,0.04565718,0.04860824,0.04941463,0,0,0,1,0,0,-0.4282524,1.334944,-0.4285644,-0.04150571,0.01659394,-0.03759564,-0.09875357,0,0,0,1,0,0,-0.00110462,1.335308,-0.6036368,-0.01268615,0.01754165,-0.032416,-0.1137714,0,0,0,1,0,0,0.425325,1.333612,-0.4250515,0.03637822,0.009351972,-0.02304466,0.02286953,0,0,0,1,0,0,0.3889087,2,0.3889088,0,0,0,0.05000001,0,0,0,0,0,0,0.55,2,4.808253E-08,0,0,0,0.05000001,0,0,0,0,0,0,-6.558685E-09,2,0.55,0,0,0,0.05000001,0,0,0,0,0,0,0.3889087,2,-0.3889087,0,0,0,0.04999995,0,0,0,0,0,0,-0.3889089,2,0.3889086,0,0,0,0.05000001,0,0,0,0,0,0,2.404126E-08,2,-0.55,0,0,0,0.05000001,0,0,0,0,0,0,-0.3889087,2,-0.3889087,0,0,0,0.04999995,0,0,0,0,0,0,-0.55,2,0,0,0,0,0.05000001,0,0,0,0,0,0
82,-0.001567686,0.670337,0.6537604,-0.1183099,-0.03794731,0.06304982,-0.2231005,0,0,0,1,0,0,-0.4546034,0.6674518,0.4601624,-0.2203749,0.0183195,0.1940564,-0.03167653,0,0,0,1,0,0,-0.4980363,0.001582581,0.5039271,-0.03277363,-0.1456553,-0.1282156,0.1486003,0,0,0,1,0,0,0.001349589,0.008300979,0.7281755,-0.1415612,-0.08083082,-0.1661361,-0.06886989,0,0,0,1,0,0,-0.7003928,0.001423178,0.002777985,-0.1433135,0.06626207,0.09124056,-0.03556305,0,0,0,1,0,0,0.4569915,0.6665814,0.4602786,-0.06401094,-0.07430318,0.02563597,-0.2692815,0,0,0,1,0,0,0.4853412,-0.001150591,0.500334,-0.2901093,-0.1165848,-0.2452881,-0.1959794,0,0,0,1,0,0,-0.6367905,0.6644385,-0.0007126451,0.01265109,-0.0009685759,0.0647197,-0.08058286,0,0,0,1,0,0,-0.486977,-0.002731904,-0.4939175,0.06937388,-0.05891345,0.2264501,-0.1929694,0,0,0,1,0,0,0.6372328,0.6639723,0.004135387,0.01210273,-0.01215935,-0.0006448247,-0.09827483,0,0,0,1,0,0,0.7030873,0.001231064,0.00139949,0.1920641,0.08576548,-0.08572862,-0.04111773,0,0,0,1,0,0,-0.4603125,0.6678238,-0.4583917,0.104189,-0.02699794,0.09542558,-0.2507255,0,0,0,1,0,0,-0.004358679,0.009906833,-0.7282544,0.008803866,-0.09355195,0.09334985,-0.05580205,0,0,0,1,0,0,0.4531723,0.6650853,-0.4547285,0.0807375,0.01140237,-0.1525313,-0.0109067,0,0,0,1,0,0,0.4938332,-0.000695803,-0.4948029,0.1809315,0.01579044,-0.01848788,0.1633464,0,0,0,1,0,0,0.0009954225,0.6687218,-0.6487245,0.05151767,-0.03279449,0.0168562,-0.2068308,0,0,0,1,0,0,0.4260555,1.335123,0.4278376,-0.1497523,-0.01389385,-0.09127263,-0.1025413,0,0,0,1,0,0,0.001412913,1.336023,0.6058362,-0.03566975,-0.007557872,-0.003877284,-0.1171871,0,0,0,1,0,0,-0.4272754,1.335383,0.4259145,-0.02529026,0.01832248,0.05240741,0.01435906,0,0,0,1,0,0,0.5990137,1.33328,0.0004738766,-0.1538158,-0.06075504,0.01878255,0.0414449,0,0,0,1,0,0,-0.6006799,1.333784,0.0004473036,0.06257,-0.02003313,0.001127703,0.0520851,0,0,0,1,0,0,-0.4267416,1.334422,-0.4277714,0.07553998,-0.02610089,0.03965051,-0.0968774,0,0,0,1,0,0,-0.0008514709,1.33494,-0.6031717,0.01265744,-0.01841188,0.02325476,-0.1143302,0,0,0,1,0,0,0.4247828,1.333628,-0.4244891,-0.02711118,0.0007808211,0.02812148,0.01943123,0,0,0,1,0,0,0.3889087,2,0.3889088,0,0,0,0.05000001,0,0,0,0,0,0,0.55,2,4.808253E-08,0,0,0,0.05000001,0,0,0,0,0,0,-6.558685E-09,2,0.55,0,0,0,0.05000001,0,0,0,0,0,0,0.3889087,2,-0.3889087,0,0,0,0.04999995,0,0,0,0,0,0,-0.3889089,2,0.3889086,0,0,0,0.05000001,0,0,0,0,0,0,2.404126E-08,2,-0.55,0,0,0,0.05000001,0,0,0,0,0,0,-0.3889087,2,-0.3889087,0,0,0,0.04999995,0,0,0,0,0,0,-0.55,2,0,0,0,0,0.05000001,0,0,0,0,0,0
83,-0.002610685,0.6696757,0.6559611,-0.05214997,-0.03306271,0.1100362,-0.2228293,0,0,0,1,0,0,-0.459163,0.6689065,0.4620484,-0.2279789,0.07273558,0.09429906,-0.03289479,0,0,0,1,0,0,-0.4962246,0.0009605421,0.5019668,0.09058122,-0.03110196,-0.0980169,0.1356032,0,0,0,1,0,0,-0.001162221,0.008205262,0.7214969,-0.1255906,-0.004785836,-0.3339262,-0.07852709,0,0,0,1,0,0,-0.7010024,0.001273914,0.00449156,-0.03048183,-0.007463214,0.08567876,-0.02564436,0,0,0,1,0,0,0.4581793,0.6668835,0.4618408,0.05939158,0.01510382,0.07810894,-0.2607575,0,0,0,1,0,0,0.4831837,-0.001488116,0.4953436,-0.107874,-0.01687625,-0.24952,-0.1940308,0,0,0,1,0,0,-0.6404037,0.6649111,0.0003509967,-0.1806618,0.02362729,0.05318211,-0.0694297,0,0,0,1,0,0,-0.4892916,-0.002476651,-0.4921525,-0.1157269,0.01276263,0.08824769,-0.1865677,0,0,0,1,0,0,0.6395273,0.6637257,0.002937585,0.1147271,-0.01232923,-0.05989014,-0.08829683,0,0,0,1,0,0,0.7019662,0.001990368,0.001258678,-0.05605223,0.03796522,-0.007040627,-0.03385746,0,0,0,1,0,0,-0.459009,0.6669214,-0.4569158,0.06517472,-0.04511775,0.07379505,-0.2460783,0,0,0,1,0,0,-0.001825871,0.006724836,-0.7191781,0.1266405,-0.1590999,0.453815,-0.06641394,0,0,0,1,0,0,0.4579155,0.6661464,-0.4588493,0.237164,0.0530571,-0.2060414,-0.01118737,0,0,0,1,0,0,0.4958089,-0.0002333654,-0.4959843,0.0987858,0.02312189,-0.05907121,0.1541185,0,0,0,1,0,0,0.0007560811,0.6674895,-0.6494833,-0.01196708,-0.06161633,-0.03793837,-0.2083719,0,0,0,1,0,0,0.4238974,1.334572,0.4263168,-0.1079023,-0.02757908,-0.07603917,-0.1015214,0,0,0,1,0,0,0.000883734,1.335139,0.6037729,-0.02645894,-0.04420878,-0.1031638,-0.119146,0,0,0,1,0,0,-0.4265617,1.334939,0.4258251,0.03568532,-0.02219678,-0.00447035,0.01078087,0,0,0,1,0,0,0.5966421,1.333065,0.0007957018,-0.1185805,-0.01075864,0.01609126,0.04306901,0,0,0,1,0,0,-0.6003119,1.333495,-0.0001838662,0.01839996,-0.01446605,-0.0315585,0.05493003,0,0,0,1,0,0,-0.4244844,1.33339,-0.4255333,0.1128614,-0.05157592,0.1119018,-0.09660673,0,0,0,1,0,0,-0.001079641,1.334625,-0.6022515,-0.01140849,-0.01573563,0.04600884,-0.1152384,0,0,0,1,0,0,0.4242823,1.333425,-0.4239185,-0.02502055,-0.01015664,0.02852977,0.01611567,0,0,0,1,0,0,0.3889087,2,0.3889088,0,0,0,0.05000001,0,0,0,0,0,0,0.55,2,4.808253E-08,0,0,0,0.05000001,0,0,0,0,0,0,-6.558685E-09,2,0.55,0,0,0,0.05000001,0,0,0,0,0,0,0.3889087,2,-0.3889087,0,0,0,0.04999995,0,0,0,0,0,0,-0.3889089,2,0.3889086,0,0,0,0.05000001,0,0,0,0,0,0,2.404126E-08,2,-0.55,0,0,0,0.05000001,0,0,0,0,0,0,-0.3889087,2,-0.3889087,0,0,0,0.04999995,0,0,0,0,0,0,-0.55,2,0,0,0,0,0.05000001,0,0,0,0,0,0
84,-0.00175795,0.6692457,0.6562271,0.0426368,-0.0214994,0.0132978,-0.2248311,0,0,0,1,0,0,-0.461152,0.6692477,0.4621431,-0.09945188,0.01706184,0.004734101,-0.03683007,0,0,0,1,0,0,-0.4937048,0.000981711,0.4992507,0.1259909,0.001058443,-0.1358063,0.1217784,0,0,0,1,0,0,-0.001660796,0.006142022,0.7115391,-0.02492876,-0.1031621,-0.4978897,-0.09051204,0,0,0,1,0,0,-0.6988798,0.0001893793,0.004715899,0.1061321,-0.05422674,0.01121697,-0.01824856,0,0,0,1,0,0,0.4605718,0.6669022,0.4622485,0.1196251,0.0009357933,0.02038629,-0.25202,0,0,0,1,0,0,0.483476,-0.001826067,0.4917893,0.01461804,-0.01689758,-0.1777188,-0.1895564,0,0,0,1,0,0,-0.6460015,0.6659311,0.001484218,-0.2798856,0.05100073,0.05666108,-0.05656791,0,0,0,1,0,0,-0.49234,-0.001171409,-0.4916805,-0.1524196,0.06526213,0.02360196,-0.1792277,0,0,0,1,0,0,0.6451568,0.6647814,0.001355744,0.2814741,0.05278292,-0.07909209,-0.07516044,0,0,0,1,0,0,0.6988909,0.001051421,0.0002629258,-0.1537681,-0.04694738,-0.04978762,-0.02716976,0,0,0,1,0,0,-0.4590493,0.666046,-0.457243,-0.002014638,-0.04377367,-0.01636148,-0.2394401,0,0,0,1,0,0,0.0006090002,0.001707102,-0.7043235,0.1217436,-0.2508868,0.7427278,-0.08084208,0,0,0,1,0,0,0.4610268,0.6672137,-0.4616122,0.1555622,0.05336704,-0.1381428,-0.01332021,0,0,0,1,0,0,0.4962181,0.0006953086,-0.497039,0.02046079,0.04643372,-0.05273374,0.1435661,0,0,0,1,0,0,-0.0002861747,0.667066,-0.6503242,-0.05211281,-0.02117456,-0.04204811,-0.209961,0,0,0,1,0,0,0.4236292,1.333829,0.4251926,-0.01341403,-0.03714563,-0.05621018,-0.09938902,0,0,0,1,0,0,0.0008989342,1.334379,0.6024138,0.0007600119,-0.03802182,-0.06795529,-0.1206271,0,0,0,1,0,0,-0.4258527,1.334519,0.4256,0.03545286,-0.02100468,-0.01125634,0.007224202,0,0,0,1,0,0,0.5970097,1.333112,0.0005018489,0.01837612,0.002324582,-0.01469265,0.04702795,0,0,0,1,0,0,-0.6005934,1.333167,-0.0003980511,-0.01407862,-0.01637936,-0.01070925,0.05832636,0,0,0,1,0,0,-0.4237079,1.333015,-0.4238346,0.0388235,-0.01875759,0.08493815,-0.09481555,0,0,0,1,0,0,-0.0006696483,1.333707,-0.6001583,0.02049962,-0.04593732,0.1046628,-0.1172853,0,0,0,1,0,0,0.4238235,1.333267,-0.423603,-0.02294333,-0.007891658,0.01577736,0.01296538,0,0,0,1,0,0,0.3889087,2,0.3889088,0,0,0,0.05000001,0,0,0,0,0,0,0.55,2,4.808253E-08,0,0,0,0.05000001,0,0,0,0,0,0,-6.558685E-09,2,0.55,0,0,0,0.05000001,0,0,0,0,0,0,0.3889087,2,-0.3889087,0,0,0,0.04999995,0,0,0,0,0,0,-0.3889089,2,0.3889086,0,0,0,0.05000001,0,0,0,0,0,0,2.404126E-08,2,-0.55,0,0,0,0.05000001,0,0,0,0,0,0,-0.3889087,2,-0.3889087,0,0,0,0.04999995,0,0,0,0,0,0,-0.55,2,0,0,0,0,0.05000001,0,0,0,0,0,0
85,-0.0009066866,0.6686394,0.6556894,0.04256316,-0.03031493,-0.02688469,-0.2269992,0,0,0,1,0,0,-0.4611329,0.6679617,0.4624545,0.0009551648,-0.06430151,0.01556874,-0.04087824,0,0,0,1,0,0,-0.4921661,0.0003076505,0.4956175,0.07693771,-0.03370304,-0.1816572,0.1114885,0,0,0,1,0,0,-0.0002607327,0.001227438,0.7003566,0.07000321,-0.2457293,-0.5591276,-0.101485,0,0,0,1,0,0,-0.6959796,-0.0004868188,0.002539928,0.1450092,-0.03380992,-0.1087986,-0.01475155,0,0,0,1,0,0,0.4619058,0.6668662,0.4616956,0.06670061,-0.001800061,-0.02764465,-0.2463053,0,0,0,1,0,0,0.4861533,-0.001372364,0.4904211,0.1338617,0.02268516,-0.06840828,-0.1840915,0,0,0,1,0,0,-0.6529298,0.6671178,0.00289167,-0.3464194,0.05933347,0.07037262,-0.04421681,0,0,0,1,0,0,-0.494787,0.0004018976,-0.4913291,-0.122352,0.07866537,0.01756848,-0.1736451,0,0,0,1,0,0,0.6510359,0.6666694,0.0002742348,0.2939553,0.09439889,-0.05407546,-0.06375068,0,0,0,1,0,0,0.6963336,-0.0001032095,-0.0005870234,-0.1278639,-0.05773153,-0.04249748,-0.02209443,0,0,0,1,0,0,-0.4592151,0.666802,-0.4586239,-0.00829101,0.03780426,-0.06904605,-0.2335666,0,0,0,1,0,0,0.001661628,-0.002086666,-0.6901575,0.05263141,-0.1896885,0.7083002,-0.09424698,0,0,0,1,0,0,0.4627553,0.6681584,-0.4627144,0.08642677,0.04723372,-0.05511197,-0.0158233,0,0,0,1,0,0,0.4963228,0.001851595,-0.4968469,0.005230309,0.05781435,0.009602312,0.1350755,0,0,0,1,0,0,-0.0008426778,0.666702,-0.6511278,-0.02782517,-0.01820029,-0.04017951,-0.2108257,0,0,0,1,0,0,0.4240444,1.333345,0.424615,0.02076031,-0.02420546,-0.02888293,-0.09727186,0,0,0,1,0,0,0.0006543667,1.333816,0.6005731,-0.01222838,-0.02816321,-0.09203259,-0.1222461,0,0,0,1,0,0,-0.4244825,1.334108,0.4252387,0.06850812,-0.02056957,-0.0180632,0.00380981,0,0,0,1,0,0,0.597884,1.333461,0.0003602725,0.04371705,0.01746417,-0.00707882,0.05057651,0,0,0,1,0,0,-0.5998758,1.333374,0.0001504089,0.03588201,0.01035333,0.02742301,0.06064403,0,0,0,1,0,0,-0.4236881,1.333319,-0.4227833,0.0009909276,0.01518727,0.05256387,-0.0926441,0,0,0,1,0,0,0.0001844365,1.332986,-0.5993429,0.04270425,-0.03604294,0.04076661,-0.1182539,0,0,0,1,0,0,0.423647,1.333239,-0.4232017,-0.008821491,-0.001412631,0.02006144,0.01073831,0,0,0,1,0,0,0.3889087,2,0.3889088,0,0,0,0.05000001,0,0,0,0,0,0,0.55,2,4.808253E-08,0,0,0,0.05000001,0,0,0,0,0,0,-6.558685E-09,2,0.55,0,0,0,0.05000001,0,0,0,0,0,0,0.3889087,2,-0.3889087,0,0,0,0.04999995,0,0,0,0,0,0,-0.3889089,2,0.3889086,0,0,0,0.05000001,0,0,0,0,0,0,2.404126E-08,2,-0.55,0,0,0,0.05000001,0,0,0,0,0,0,-0.3889087,2,-0.3889087,0,0,0,0.04999995,0,0,0,0,0,0,-0.55,2,0,0,0,0,0.05000001,0,0,0,0,0,0
86,4.788201E-05,0.6678451,0.6553602,0.04772845,-0.03971757,-0.01645983,-0.2294378,0,0,0,1,0,0,-0.4621175,0.6673571,0.4627255,-0.04922749,-0.03022851,0.01354963,-0.04586101,0,0,0,1,0,0,-0.4917097,0.0002842669,0.4916015,0.02281965,-0.00116918,-0.2008022,0.09873879,0,0,0,1,0,0,-0.0001174956,-0.001812905,0.6914501,0.007161859,-0.1520172,-0.4453244,-0.1121343,0,0,0,1,0,0,-0.6941237,-0.0007588366,0.00119698,0.09279255,-0.0136009,-0.06714744,-0.007524014,0,0,0,1,0,0,0.4623303,0.6671007,0.4617706,0.02122075,0.01172424,0.003747643,-0.2390557,0,0,0,1,0,0,0.4907774,-0.0001789311,0.4904433,0.231208,0.05967168,0.001110137,-0.1747888,0,0,0,1,0,0,-0.6582534,0.6684296,0.002813517,-0.2661796,0.06558897,-0.003907621,-0.03181201,0,0,0,1,0,0,-0.4970383,0.003053982,-0.4920174,-0.1125664,0.1326043,-0.03441425,-0.1658733,0,0,0,1,0,0,0.6551585,0.6680045,-0.0006771876,0.2061278,0.06675425,-0.04757114,-0.05195165,0,0,0,1,0,0,0.6959968,-1.260992E-05,-0.0007521809,-0.01683832,0.00452998,-0.008257878,-0.0133701,0,0,0,1,0,0,-0.4600054,0.6675345,-0.4593222,-0.03951342,0.03662111,-0.03491195,-0.2256335,0,0,0,1,0,0,0.002697982,-0.002627622,-0.6831584,0.05181774,-0.02704782,0.3499569,-0.1044595,0,0,0,1,0,0,0.4645148,0.6688409,-0.4629866,0.087975,0.03412665,-0.01360924,-0.02026522,0,0,0,1,0,0,0.4963601,0.002040284,-0.496269,0.001867116,0.00943447,0.02889634,0.1235422,0,0,0,1,0,0,-0.000500265,0.6669696,-0.6524892,0.01712065,0.01338125,-0.06806853,-0.2114076,0,0,0,1,0,0,0.4239426,1.332908,0.4242065,-0.005088748,-0.02183319,-0.02042354,-0.09447736,0,0,0,1,0,0,0.00018938,1.333383,0.5996105,-0.02324934,-0.02164842,-0.04813077,-0.1231641,0,0,0,1,0,0,-0.423613,1.333583,0.424734,0.04347863,-0.02620817,-0.02523513,-0.0001332164,0,0,0,1,0,0,0.5982918,1.334025,0.0007862608,0.02038778,0.02818705,0.02129942,0.05471349,0,0,0,1,0,0,-0.5992123,1.332929,-0.0003295776,0.03317596,-0.02227427,-0.02399933,0.06327134,0,0,0,1,0,0,-0.422887,1.332813,-0.4217674,0.04005434,-0.02530218,0.05079361,-0.09062946,0,0,0,1,0,0,0.0008464314,1.332467,-0.5982744,0.03309976,-0.02593995,0.05342963,-0.1192948,0,0,0,1,0,0,0.4237551,1.333219,-0.4234214,0.005403163,-0.0009655957,-0.01098216,0.008124828,0,0,0,1,0,0,0.3889087,2,0.3889088,0,0,0,0.05000001,0,0,0,0,0,0,0.55,2,4.808253E-08,0,0,0,0.05000001,0,0,0,0,0,0,-6.558685E-09,2,0.55,0,0,0,0.05000001,0,0,0,0,0,0,0.3889087,2,-0.3889087,0,0,0,0.04999995,0,0,0,0,0,0,-0.3889089,2,0.3889086,0,0,0,0.05000001,0,0,0,0,0,0,2.404126E-08,2,-0.55,0,0,0,0.05000001,0,0,0,0,0,0,-0.3889087,2,-0.3889087,0,0,0,0.04999995,0,0,0,0,0,0,-0.55,2,0,0,0,0,0.05000001,0,0,0,0,0,0
87,-0.0001276877,0.6669897,0.6545914,-0.008778489,-0.04276635,-0.03843607,-0.2319427,0,0,0,1,0,0,-0.4644217,0.667952,0.4621359,-0.1152114,0.02974273,-0.02948047,-0.05028892,0,0,0,1,0,0,-0.4913011,2.620523E-05,0.4888116,0.0204295,-0.01290309,-0.1394943,0.08627838,0,0,0,1,0,0,-0.001554261,-0.001723248,0.6872459,-0.07183832,0.004482888,-0.2102108,-0.1197761,0,0,0,1,0,0,-0.6949906,-0.0007421902,0.0004462106,-0.04334154,0.0008323204,-0.03753846,0.002501905,0,0,0,1,0,0,0.4629499,0.6671677,0.461436,0.03098251,0.003349782,-0.01672954,-0.2316957,0,0,0,1,0,0,0.4947647,0.001605776,0.4915184,0.1993612,0.08923539,0.05375596,-0.1650565,0,0,0,1,0,0,-0.6585579,0.6690803,0.001656504,-0.01522303,0.03253819,-0.05785067,-0.02429014,0,0,0,1,0,0,-0.4991119,0.004197358,-0.4942207,-0.1036778,0.05716885,-0.1101643,-0.1561151,0,0,0,1,0,0,0.6569754,0.6685948,-0.001003538,0.09084944,0.02951921,-0.01631754,-0.04244184,0,0,0,1,0,0,0.6970176,0.0001482894,-0.0008756224,0.05103948,0.008044968,-0.006172075,-0.003176332,0,0,0,1,0,0,-0.4605047,0.6675909,-0.4599352,-0.02496392,0.002822281,-0.03065021,-0.217913,0,0,0,1,0,0,0.002628013,-0.002600343,-0.6829368,-0.003498445,0.001363946,0.01107753,-0.1095835,0,0,0,1,0,0,0.4651092,0.6689074,-0.4633052,0.0297174,0.00332296,-0.01593233,-0.02587575,0,0,0,1,0,0,0.4959964,0.002005821,-0.4946216,-0.01818538,-0.00172318,0.08236918,0.1111363,0,0,0,1,0,0,-0.0001519328,0.6669911,-0.6523364,0.01741662,0.001075864,0.007638338,-0.2133718,0,0,0,1,0,0,0.4229634,1.332791,0.4237915,-0.04895927,-0.005853178,-0.02074838,-0.0919621,0,0,0,1,0,0,-0.0002064952,1.332619,0.5987666,-0.01979376,-0.03818871,-0.04219712,-0.1242625,0,0,0,1,0,0,-0.4233229,1.333181,0.4246055,0.01450033,-0.02013446,-0.006426873,-0.003549755,0,0,0,1,0,0,0.5986651,1.334206,0.0004905336,0.01866818,0.009083752,-0.01478637,0.05894715,0,0,0,1,0,0,-0.5994081,1.332947,-0.0005564234,-0.009793047,0.0009417537,-0.0113423,0.06697148,0,0,0,1,0,0,-0.4224625,1.332826,-0.4221926,0.02122522,0.0006675723,-0.02125801,-0.08748931,0,0,0,1,0,0,0.000780502,1.332171,-0.5978633,-0.003296467,-0.01482368,0.02055169,-0.119829,0,0,0,1,0,0,0.4237818,1.333323,-0.423613,0.001336635,0.005173685,-0.00957996,0.005429149,0,0,0,1,0,0,0.3889087,2,0.3889088,0,0,0,0.05000001,0,0,0,0,0,0,0.55,2,4.808253E-08,0,0,0,0.05000001,0,0,0,0,0,0,-6.558685E-09,2,0.55,0,0,0,0.05000001,0,0,0,0,0,0,0.3889087,2,-0.3889087,0,0,0,0.04999995,0,0,0,0,0,0,-0.3889089,2,0.3889086,0,0,0,0.05000001,0,0,0,0,0,0,2.404126E-08,2,-0.55,0,0,0,0.05000001,0,0,0,0,0,0,-0.3889087,2,-0.3889087,0,0,0,0.04999995,0,0,0,0,0,0,-0.55,2,0,0,0,0,0.05000001,0,0,0,0,0,0
88,-0.001496923,0.6666138,0.652935,-0.06846179,-0.01879633,-0.08282068,-0.2350829,0,0,0,1,0,0,-0.4640187,0.6678384,0.4606293,0.02014936,-0.005680325,-0.07532689,-0.05798858,0,0,0,1,0,0,-0.4918053,-0.001014798,0.4876748,-0.02521277,-0.05205017,-0.05683901,0.07463861,0,0,0,1,0,0,-0.001973187,-0.001883502,0.6869794,-0.02094628,-0.008012695,-0.0133276,-0.1244158,0,0,0,1,0,0,-0.6979187,-0.0003635546,-9.629507E-05,-0.1464069,0.01893179,-0.0271253,0.01515388,0,0,0,1,0,0,0.4620073,0.666992,0.4610468,-0.04713239,-0.008782748,-0.01945794,-0.2251937,0,0,0,1,0,0,0.4962216,0.002842265,0.4938619,0.07284585,0.0618245,0.1171768,-0.1552082,0,0,0,1,0,0,-0.6567208,0.6687803,0.000657977,0.09185378,-0.01499951,-0.04992639,-0.01821846,0,0,0,1,0,0,-0.5002558,0.003781633,-0.4959688,-0.05719664,-0.02078626,-0.08740578,-0.1455925,0,0,0,1,0,0,0.6563725,0.6684198,-0.001132371,-0.03014804,-0.008752946,-0.006441658,-0.03476506,0,0,0,1,0,0,0.698659,0.0004716523,-0.0003817759,0.08206967,0.01616815,0.02469233,0.008138537,0,0,0,1,0,0,-0.4603828,0.6674255,-0.4599029,0.006091597,-0.008270148,0.001613796,-0.2105525,0,0,0,1,0,0,0.001755458,-0.00189041,-0.6881756,-0.04362778,0.03549668,-0.2619357,-0.1106655,0,0,0,1,0,0,0.4635496,0.668081,-0.4620581,-0.07797632,-0.04131795,0.06235543,-0.03446269,0,0,0,1,0,0,0.4947813,0.000877387,-0.4927382,-0.06075355,-0.05642172,0.09416942,0.09742028,0,0,0,1,0,0,-0.000317383,0.6666334,-0.6506704,-0.008272517,-0.01788438,0.0833005,-0.2169339,0,0,0,1,0,0,0.4226259,1.333008,0.4234076,-0.01687557,0.01083613,-0.01919419,-0.08855629,0,0,0,1,0,0,-0.0007203154,1.332528,0.5986392,-0.02569102,-0.004559757,-0.006368759,-0.124383,0,0,0,1,0,0,-0.4239828,1.333545,0.4244016,-0.03299267,0.01820923,-0.01019538,-0.006050646,0,0,0,1,0,0,0.5986229,1.333935,0.0003402708,-0.002112986,-0.01354218,-0.007513141,0.06283295,0,0,0,1,0,0,-0.6001555,1.333215,-0.0006825936,-0.03736915,0.01337529,-0.006308508,0.07152468,0,0,0,1,0,0,-0.4230486,1.333088,-0.4229235,-0.02930612,0.0130713,-0.03654809,-0.08318377,0,0,0,1,0,0,0.0009265742,1.332345,-0.5980448,0.007303609,0.008696321,-0.009071831,-0.1195948,0,0,0,1,0,0,0.4239496,1.333333,-0.4236273,0.008386377,0.0005245211,-0.0007137659,0.002509654,0,0,0,1,0,0,0.3889087,2,0.3889088,0,0,0,0.05000001,0,0,0,0,0,0,0.55,2,4.808253E-08,0,0,0,0.05000001,0,0,0,0,0,0,-6.558685E-09,2,0.55,0,0,0,0.05000001,0,0,0,0,0,0,0.3889087,2,-0.3889087,0,0,0,0.04999995,0,0,0,0,0,0,-0.3889089,2,0.3889086,0,0,0,0.05000001,0,0,0,0,0,0,2.404126E-08,2,-0.55,0,0,0,0.05000001,0,0,0,0,0,0,-0.3889087,2,-0.3889087,0,0,0,0.04999995,0,0,0,0,0,0,-0.55,2,0,0,0,0,0.05000001,0,0,0,0,0,0
89,-0.001567757,0.6660948,0.6502065,-0.003541687,-0.02594889,-0.1364262,-0.238786,0,0,0,1,0,0,-0.4618635,0.6669794,0.4591125,0.1077578,-0.04295113,-0.07583949,-0.06459963,0,0,0,1,0,0,-0.4933982,-0.0006008927,0.4890662,-0.07964078,0.02069526,0.06957206,0.06906307,0,0,0,1,0,0,-0.001672334,-0.001751564,0.6907733,0.01504267,0.006596863,0.1896978,-0.1240062,0,0,0,1,0,0,-0.7014881,0.0003106286,-0.0008586288,-0.1784713,0.03370917,-0.0381167,0.02416277,0,0,0,1,0,0,0.4608308,0.6669657,0.4606944,-0.05882385,-0.001314283,-0.01762063,-0.2218186,0,0,0,1,0,0,0.4967141,0.002104089,0.4963741,0.02462567,-0.03690882,0.1256094,-0.1480818,0,0,0,1,0,0,-0.6539741,0.6683031,-0.0009403587,0.1373351,-0.02386273,-0.07991682,-0.01647031,0,0,0,1,0,0,-0.4995815,0.002068551,-0.4970114,0.03371538,-0.08565415,-0.05212726,-0.1393998,0,0,0,1,0,0,0.6542776,0.6679148,-0.0006087938,-0.1047463,-0.02524854,0.02617889,-0.03198594,0,0,0,1,0,0,0.7004764,-4.176428E-05,0.0009284378,0.0908703,-0.02567084,0.06551071,0.01569188,0,0,0,1,0,0,-0.4606179,0.667113,-0.460002,-0.01175255,-0.01562536,-0.004956128,-0.2057786,0,0,0,1,0,0,-0.0006708316,-0.0008751011,-0.6954971,-0.1213145,0.05076545,-0.366077,-0.1083142,0,0,0,1,0,0,0.4602602,0.666602,-0.4596491,-0.1644716,-0.07395151,0.1204491,-0.0423761,0,0,0,1,0,0,0.4934712,-0.0007629876,-0.4913984,-0.06550702,-0.08201876,0.06699118,0.08885491,0,0,0,1,0,0,-0.0001645208,0.6660017,-0.6484137,0.007643116,-0.03158749,0.1128376,-0.2201806,0,0,0,1,0,0,0.4231339,1.332961,0.4234576,0.02539904,-0.002306701,0.002497436,-0.08606583,0,0,0,1,0,0,-0.0008042144,1.332357,0.5985542,-0.004194955,-0.008523468,-0.004249813,-0.1245741,0,0,0,1,0,0,-0.4245225,1.333478,0.423941,-0.02698303,-0.003361703,-0.02302826,-0.007742047,0,0,0,1,0,0,0.5987643,1.333578,1.933159E-05,0.007072094,-0.01788736,-0.01604697,0.06528765,0,0,0,1,0,0,-0.6009349,1.333591,-0.0001988784,-0.03896953,0.01881719,0.02418577,0.07484704,0,0,0,1,0,0,-0.424008,1.333347,-0.4241922,-0.04796686,0.01297594,-0.06343278,-0.0798431,0,0,0,1,0,0,0.0006341339,1.332483,-0.5986652,-0.01462202,0.006932023,-0.03102125,-0.1191224,0,0,0,1,0,0,0.4238414,1.333274,-0.4239101,-0.005410614,-0.002944471,-0.0141427,0.0006047487,0,0,0,1,0,0,0.3889087,2,0.3889088,0,0,0,0.05000001,0,0,0,0,0,0,0.55,2,4.808253E-08,0,0,0,0.05000001,0,0,0,0,0,0,-6.558685E-09,2,0.55,0,0,0,0.05000001,0,0,0,0,0,0,0.3889087,2,-0.3889087,0,0,0,0.04999995,0,0,0,0,0,0,-0.3889089,2,0.3889086,0,0,0,0.05000001,0,0,0,0,0,0,2.404126E-08,2,-0.55,0,0,0,0.05000001,0,0,0,0,0,0,-0.3889087,2,-0.3889087,0,0,0,0.04999995,0,0,0,0,0,0,-0.55,2,0,0,0,0,0.05000001,0,0,0,0,0,0
90,-0.0007483252,0.6657203,0.6471999,0.0409716,-0.01872779,-0.1503319,-0.2434513,0,0,0,1,0,0,-0.4600613,0.6664063,0.4580621,0.09011332,-0.02865196,-0.05252364,-0.07312709,0,0,0,1,0,0,-0.4951729,-0.0006607675,0.4917173,-0.08873943,-0.002993743,0.1325548,0.06024593,0,0,0,1,0,0,-0.001268338,-0.0006323204,0.6978797,0.02019979,0.05596222,0.3553183,-0.1223953,0,0,0,1,0,0,-0.7034072,0.0006603241,-0.001206148,-0.09595457,0.01748478,-0.01737596,0.03581005,0,0,0,1,0,0,0.459278,0.6670896,0.4599298,-0.07763955,0.006192925,-0.03823192,-0.2164277,0,0,0,1,0,0,0.4973816,0.0007080783,0.4977296,0.03337415,-0.06980059,0.06777498,-0.1380262,0,0,0,1,0,0,-0.6509315,0.6671268,-0.001243814,0.152132,-0.05881491,-0.01517275,-0.01182228,0,0,0,1,0,0,-0.4976189,0.0001690917,-0.4966596,0.09812865,-0.09497301,0.01758785,-0.1316369,0,0,0,1,0,0,0.651109,0.6673396,0.0007617414,-0.1584292,-0.02876223,0.06852679,-0.02781856,0,0,0,1,0,0,0.7018387,0.0002805459,0.001668982,0.06811622,0.01611552,0.0370272,0.02642584,0,0,0,1,0,0,-0.4610812,0.6671215,-0.460178,-0.02316684,0.0004261734,-0.008799139,-0.1982037,0,0,0,1,0,0,-0.002214534,0.0007314602,-0.7023583,-0.07718517,0.0803281,-0.3430606,-0.1074051,0,0,0,1,0,0,0.4574305,0.6657855,-0.4576656,-0.1414836,-0.04082622,0.0991777,-0.05217612,0,0,0,1,0,0,0.4929799,-0.0009905266,-0.4915046,-0.02456606,-0.01137695,-0.005310776,0.07695866,0,0,0,1,0,0,-0.000252774,0.6662369,-0.6473415,-0.004412665,0.01176298,0.05360546,-0.2228633,0,0,0,1,0,0,0.4238251,1.333537,0.4244797,0.03456028,0.02877713,0.05110355,-0.08152765,0,0,0,1,0,0,-0.0006368736,1.332863,0.5992372,0.008367046,0.02527238,0.0341505,-0.1237884,0,0,0,1,0,0,-0.4247117,1.333523,0.423749,-0.009463731,0.002253057,-0.009600822,-0.01064372,0,0,0,1,0,0,0.6008016,1.333173,-2.339101E-05,0.1018674,-0.02024771,-0.002136131,0.0704118,0,0,0,1,0,0,-0.6014033,1.33387,0.0002256977,-0.02341867,0.01392961,0.02122881,0.07915258,0,0,0,1,0,0,-0.4253456,1.333939,-0.4246575,-0.0668824,0.02960564,-0.0232637,-0.07510775,0,0,0,1,0,0,0.0002901873,1.333177,-0.5996432,-0.01719734,0.03467204,-0.04890265,-0.1180137,0,0,0,1,0,0,0.4241883,1.333389,-0.4239324,0.01734794,0.00573993,-0.001114607,-0.001974642,0,0,0,1,0,0,0.3889087,2,0.3889088,0,0,0,0.05000001,0,0,0,0,0,0,0.55,2,4.808253E-08,0,0,0,0.05000001,0,0,0,0,0,0,-6.558685E-09,2,0.55,0,0,0,0.05000001,0,0,0,0,0,0,0.3889087,2,-0.3889087,0,0,0,0.04999995,0,0,0,0,0,0,-0.3889089,2,0.3889086,0,0,0,0.05000001,0,0,0,0,0,0,2.404126E-08,2,-0.55,0,0,0,0.05000001,0,0,0,0,0,0,-0.3889087,2,-0.3889087,0,0,0,0.04999995,0,0,0,0,0,0,-0.55,2,0,0,0,0,0.05000001,0,0,0,0,0,0
91,0.0001988151,0.6661856,0.6466947,0.04735703,0.0232637,-0.02526046,-0.2456976,0,0,0,1,0,0,-0.458386,0.6661453,0.4581151,0.08376244,-0.01305342,0.002650918,-0.081949,0,0,0,1,0,0,-0.4969321,0.0001045054,0.4953525,-0.08795563,0.03826366,0.18176,0.05035365,0,0,0,1,0,0,-6.19479E-05,0.0009898455,0.7042311,0.06031952,0.08110832,0.3175737,-0.1217121,0,0,0,1,0,0,-0.7031382,0.0006145103,-0.0009180023,0.01345277,-0.002290694,0.01440728,0.04723406,0,0,0,1,0,0,0.4584382,0.6667604,0.4587223,-0.04198702,-0.01645685,-0.06037655,-0.2099033,0,0,0,1,0,0,0.4977732,0.0003643847,0.4983897,0.01958013,-0.01718469,0.03300459,-0.1278587,0,0,0,1,0,0,-0.6478857,0.6666068,-0.001388115,0.1522869,-0.02599658,-0.007215052,-0.00627178,0,0,0,1,0,0,-0.4956016,-0.0003081314,-0.4965324,0.100869,-0.02386117,0.006362798,-0.1233034,0,0,0,1,0,0,0.6476921,0.6663288,0.001086126,-0.1708449,-0.0505388,0.01621924,-0.02271795,0,0,0,1,0,0,0.7021379,8.53175E-05,0.00103817,0.01496077,-0.009761426,-0.03154059,0.03820425,0,0,0,1,0,0,-0.4605331,0.6670619,-0.4599663,0.02740474,-0.002983214,0.01058728,-0.1909376,0,0,0,1,0,0,-0.002020445,0.001918489,-0.7068186,0.009704455,0.05935149,-0.2230168,-0.1078609,0,0,0,1,0,0,0.4564907,0.6656386,-0.4566312,-0.04699232,-0.007343295,0.05171897,-0.06073815,0,0,0,1,0,0,0.4933396,-0.001020774,-0.4928346,0.01798571,-0.001512352,-0.06649795,0.06500196,0,0,0,1,0,0,-0.0002277357,0.6667553,-0.6480772,0.001251918,0.02591909,-0.03678502,-0.2237744,0,0,0,1,0,0,0.4246138,1.333719,0.4250237,0.03943445,0.009083752,0.02720357,-0.07699025,0,0,0,1,0,0,-5.385261E-05,1.333693,0.6006027,0.02915106,0.04151465,0.06827715,-0.1223394,0,0,0,1,0,0,-0.4245515,1.333378,0.4242061,0.008013847,-0.007230046,0.02285541,-0.01409245,0,0,0,1,0,0,0.6017954,1.333211,2.085933E-05,0.04968645,0.001931191,0.002212518,0.07535094,0,0,0,1,0,0,-0.6011124,1.333973,0.0003471316,0.01454354,0.005161764,0.006071695,0.08305091,0,0,0,1,0,0,-0.4256395,1.333954,-0.4257463,-0.01469255,0.0007510188,-0.0544429,-0.07091975,0,0,0,1,0,0,-0.000386116,1.333659,-0.6005518,-0.03381518,0.02411605,-0.0454277,-0.1171277,0,0,0,1,0,0,0.4243056,1.333456,-0.4242773,0.005862119,0.003325941,-0.01724363,-0.005004287,0,0,0,1,0,0,0.3889087,2,0.3889088,0,0,0,0.05000001,0,0,0,0,0,0,0.55,2,4.808253E-08,0,0,0,0.05000001,0,0,0,0,0,0,-6.558685E-09,2,0.55,0,0,0,0.05000001,0,0,0,0,0,0,0.3889087,2,-0.3889087,0,0,0,0.04999995,0,0,0,0,0,0,-0.3889089,2,0.3889086,0,0,0,0.05000001,0,0,0,0,0,0,2.404126E-08,2,-0.55,0,0,0,0.05000001,0,0,0,0,0,0,-0.3889087,2,-0.3889087,0,0,0,0.04999995,0,0,0,0,0,0,-0.55,2,0,0,0,0,0.05000001,0,0,0,0,0,0
92,0.0006298197,0.6668751,0.6482704,0.02155024,0.03447832,0.07878843,-0.2454434,0,0,0,1,0,0,-0.4568645,0.6662141,0.458557,0.07607642,0.00344217,0.02209843,-0.08966017,0,0,0,1,0,0,-0.49724,0.0007237449,0.4988008,-0.01539589,0.03096198,0.172414,0.04083365,0,0,0,1,0,0,0.001166127,0.001639355,0.7077908,0.06140378,0.0324755,0.1779825,-0.1220578,0,0,0,1,0,0,-0.7015256,0.0001926645,-2.844368E-06,0.08063021,-0.02109229,0.04575792,0.05654514,0,0,0,1,0,0,0.4577172,0.6665608,0.4582534,-0.03605039,-0.009980801,-0.02344103,-0.2038791,0,0,0,1,0,0,0.4974394,0.0004958029,0.4981366,-0.01668782,0.006570912,-0.01265556,-0.1198183,0,0,0,1,0,0,-0.6458518,0.6658043,-0.0002324702,0.1016975,-0.04012586,0.05778224,-0.0003926158,0,0,0,1,0,0,-0.4945564,-0.00035547,-0.4967946,0.05225839,-0.002366928,-0.01311303,-0.1152359,0,0,0,1,0,0,0.6460556,0.6660271,0.0007045502,-0.08182231,-0.01508296,-0.01907879,-0.016738,0,0,0,1,0,0,0.7013124,-0.000116553,0.0004728536,-0.04127623,-0.01009353,-0.02826582,0.04773623,0,0,0,1,0,0,-0.4600515,0.6667881,-0.4596758,0.02408178,-0.01368821,0.01452417,-0.1846417,0,0,0,1,0,0,-0.001107581,0.002704358,-0.708523,0.04564324,0.03929346,-0.0852168,-0.1095601,0,0,0,1,0,0,0.4572532,0.665805,-0.457047,0.03812315,0.008317832,-0.02078862,-0.06637079,0,0,0,1,0,0,0.4943222,-0.000567626,-0.4951208,0.04913064,0.02265739,-0.1143083,0.05542994,0,0,0,1,0,0,0.000191949,0.6671214,-0.6495898,0.02098424,0.01830459,-0.07562938,-0.2235063,0,0,0,1,0,0,0.4251651,1.334004,0.4253876,0.02756418,0.0142634,0.01819135,-0.0730648,0,0,0,1,0,0,0.0004817983,1.33406,0.6012907,0.02678255,0.0183344,0.03439786,-0.1216649,0,0,0,1,0,0,-0.4242027,1.333611,0.4242937,0.01744033,0.01163483,0.004380943,-0.0171507,0,0,0,1,0,0,0.6012489,1.333539,3.052234E-05,-0.02732278,0.0164032,0.0004831503,0.07874721,0,0,0,1,0,0,-0.600042,1.333585,0.0003469868,0.05352201,-0.01940728,-7.241036E-06,0.0855338,0,0,0,1,0,0,-0.4251685,1.333851,-0.4255083,0.02354682,-0.005143883,0.01190156,-0.06820905,0,0,0,1,0,0,-0.0006259751,1.33397,-0.6015362,-0.01199296,0.0155449,-0.04921855,-0.1162602,0,0,0,1,0,0,0.4249307,1.333661,-0.4249301,0.03125818,0.010252,-0.03264249,-0.007098615,0,0,0,1,0,0,0.3889087,2,0.3889088,0,0,0,0.05000001,0,0,0,0,0,0,0.55,2,4.808253E-08,0,0,0,0.05000001,0,0,0,0,0,0,-6.558685E-09,2,0.55,0,0,0,0.05000001,0,0,0,0,0,0,0.3889087,2,-0.3889087,0,0,0,0.04999995,0,0,0,0,0,0,-0.3889089,2,0.3889086,0,0,0,0.05000001,0,0,0,0,0,0,2.404126E-08,2,-0.55,0,0,0,0.05000001,0,0,0,0,0,0,-0.3889087,2,-0.3889087,0,0,0,0.04999995,0,0,0,0,0,0,-0.55,2,0,0,0,0,0.05000001,0,0,0,0,0,0
93,0.001282796,0.6673684,0.6501492,0.03264884,0.02466143,0.09393994,-0.2445006,0,0,0,1,0,0,-0.4560446,0.6664432,0.4588216,0.04099311,0.01145602,0.01322777,-0.09519285,0,0,0,1,0,0,-0.4963768,0.0009733629,0.5003419,0.04315676,0.0124809,0.07705393,0.0325495,0,0,0,1,0,0,0.002003076,0.00156379,0.7078995,0.04184744,-0.003778261,0.005435946,-0.1240025,0,0,0,1,0,0,-0.6994076,-1.918739E-05,0.0003863747,0.1058966,-0.0105926,0.01946096,0.06263113,0,0,0,1,0,0,0.4583662,0.6666215,0.4587421,0.0324458,0.003033878,0.02443195,-0.1979261,0,0,0,1,0,0,0.4962111,0.0003395334,0.4965813,-0.06141367,-0.00781348,-0.0777677,-0.1149347,0,0,0,1,0,0,-0.6452036,0.6652842,0.000446447,0.03240706,-0.02600552,0.03394587,0.004704297,0,0,0,1,0,0,-0.4941393,-0.0002443534,-0.4962976,0.02085567,0.00555583,0.02485068,-0.1091941,0,0,0,1,0,0,0.646027,0.6659039,0.0004528622,-0.001430512,-0.006163123,-0.01258441,-0.01120985,0,0,0,1,0,0,0.6998636,-0.0001425918,-5.023871E-05,-0.07244352,-0.001301941,-0.02615463,0.05420381,0,0,0,1,0,0,-0.4595055,0.6667271,-0.4596889,0.02730192,-0.003048779,-0.0006541612,-0.1799842,0,0,0,1,0,0,-0.0004010123,0.002374944,-0.707091,0.03532846,-0.01647072,0.07160011,-0.1126351,0,0,0,1,0,0,0.4585236,0.6663196,-0.4583611,0.06352069,0.02573133,-0.06570371,-0.06961387,0,0,0,1,0,0,0.4954895,0.0006450635,-0.4973847,0.05836787,0.0606345,-0.1131967,0.04862595,0,0,0,1,0,0,2.638594E-05,0.6675014,-0.6510264,-0.008278158,0.01900197,-0.07182661,-0.2229954,0,0,0,1,0,0,0.4254681,1.33372,0.42532,0.01515449,-0.01420379,-0.003376605,-0.07064962,0,0,0,1,0,0,0.0008047676,1.334246,0.6021462,0.01614847,0.009328131,0.04277529,-0.1209849,0,0,0,1,0,0,-0.4239584,1.333591,0.4243561,0.01221151,-0.0009715561,0.003121794,-0.01955396,0,0,0,1,0,0,0.600511,1.333488,-4.736231E-05,-0.03689827,-0.002568961,-0.003894234,0.08089262,0,0,0,1,0,0,-0.5995961,1.333161,7.032917E-05,0.02229215,-0.02118946,-0.01383288,0.08749276,0,0,0,1,0,0,-0.4248457,1.333801,-0.4249324,0.01614392,-0.002533198,0.02879502,-0.0662778,0,0,0,1,0,0,-0.0006226851,1.334059,-0.6012048,0.0001645036,0.00446439,0.0165701,-0.1164293,0,0,0,1,0,0,0.4246613,1.333523,-0.4248819,-0.01347066,-0.006872418,0.002411009,-0.009553671,0,0,0,1,0,0,0.3889087,2,0.3889088,0,0,0,0.05000001,0,0,0,0,0,0,0.55,2,4.808253E-08,0,0,0,0.05000001,0,0,0,0,0,0,-6.558685E-09,2,0.55,0,0,0,0.05000001,0,0,0,0,0,0,0.3889087,2,-0.3889087,0,0,0,0.04999995,0,0,0,0,0,0,-0.3889089,2,0.3889086,0,0,0,0.05000001,0,0,0,0,0,0,2.404126E-08,2,-0.55,0,0,0,0.05000001,0,0,0,0,0,0,-0.3889087,2,-0.3889087,0,0,0,0.04999995,0,0,0,0,0,0,-0.55,2,0,0,0,0,0.05000001,0,0,0,0,0,0
94,0.001559173,0.6677375,0.651143,0.01381886,0.01845659,0.04968645,-0.2445369,0,0,0,1,0,0,-0.4568564,0.6666172,0.4594073,-0.04058631,0.008699302,0.02928377,-0.1009271,0,0,0,1,0,0,-0.4951998,0.001021202,0.4994266,0.05885365,0.002391972,-0.04576596,0.02027816,0,0,0,1,0,0,0.00187538,0.0008791399,0.7051988,-0.006384777,-0.03423252,-0.1350344,-0.128372,0,0,0,1,0,0,-0.6970529,-0.0006079065,0.000519794,0.1177371,-0.02943597,0.006670967,0.07148623,0,0,0,1,0,0,0.4596416,0.6667836,0.4596233,0.06377401,0.008103254,0.04405977,-0.189336,0,0,0,1,0,0,0.4940332,-0.0007141382,0.4945123,-0.1088962,-0.0526836,-0.1034454,-0.1080379,0,0,0,1,0,0,-0.6462763,0.6656302,0.0005266284,-0.05363228,0.01730026,0.004009072,0.01318103,0,0,0,1,0,0,-0.4938213,-0.0002222479,-0.4956802,0.01590103,0.001105278,0.03087224,-0.1004437,0,0,0,1,0,0,0.6473699,0.6660159,-3.91801E-05,0.06714168,0.005599859,-0.02460213,-0.002329946,0,0,0,1,0,0,0.6979979,-0.000507226,-0.0002068119,-0.09328429,-0.01823171,-0.007828664,0.06317598,0,0,0,1,0,0,-0.4584878,0.6665253,-0.4593408,0.0508845,-0.01009107,0.01740456,-0.1740283,0,0,0,1,0,0,0.0002064577,0.0008340512,-0.7037626,0.03037351,-0.07704467,0.1664192,-0.1173993,0,0,0,1,0,0,0.4589688,0.666649,-0.4595255,0.02226234,0.01646877,-0.05822333,-0.07549161,0,0,0,1,0,0,0.4961529,0.0005887783,-0.4979204,0.03317,-0.00281426,-0.02678485,0.03818798,0,0,0,1,0,0,-0.0001434223,0.6673204,-0.6514183,-0.008490414,-0.009053949,-0.01959503,-0.2237067,0,0,0,1,0,0,0.4256544,1.333601,0.4250222,0.00931472,-0.005942585,-0.01489372,-0.06737947,0,0,0,1,0,0,0.0007133973,1.334217,0.6016877,-0.004568517,-0.001436473,-0.02292694,-0.1213113,0,0,0,1,0,0,-0.4239398,1.333401,0.4248498,0.000932813,-0.009500984,0.02468527,-0.02261877,0,0,0,1,0,0,0.6002639,1.333535,-0.0001694709,-0.01235307,0.002360345,-0.006105432,0.0844785,0,0,0,1,0,0,-0.5991685,1.333042,1.18117E-05,0.02138318,-0.005954506,-0.002925875,0.09066182,0,0,0,1,0,0,-0.4241724,1.333362,-0.4246182,0.03366323,-0.0219226,0.01571179,-0.06389499,0,0,0,1,0,0,-0.0001852348,1.333929,-0.6008872,0.02187252,-0.00651479,0.0158757,-0.1167192,0,0,0,1,0,0,0.4243205,1.333474,-0.4244291,-0.01704098,-0.002461673,0.02264232,-0.01293743,0,0,0,1,0,0,0.3889087,2,0.3889088,0,0,0,0.05000001,0,0,0,0,0,0,0.55,2,4.808253E-08,0,0,0,0.05000001,0,0,0,0,0,0,-6.558685E-09,2,0.55,0,0,0,0.05000001,0,0,0,0,0,0,0.3889087,2,-0.3889087,0,0,0,0.04999995,0,0,0,0,0,0,-0.3889089,2,0.3889086,0,0,0,0.05000001,0,0,0,0,0,0,2.404126E-08,2,-0.55,0,0,0,0.05000001,0,0,0,0,0,0,-0.3889087,2,-0.3889087,0,0,0,0.04999995,0,0,0,0,0,0,-0.55,2,0,0,0,0,0.05000001,0,0,0,0,0,0
95,0.000667594,0.6678125,0.6524037,-0.04457898,0.003749134,0.06303491,-0.2439955,0,0,0,1,0,0,-0.4582912,0.666833,0.4599381,-0.07174316,0.01078845,0.02654345,-0.10584,0,0,0,1,0,0,-0.4940519,0.0005548362,0.496916,0.05739333,-0.02331831,-0.1255304,0.00819999,0,0,0,1,0,0,0.0008604783,-6.46158E-05,0.7011784,-0.05074512,-0.0471878,-0.2010197,-0.1332543,0,0,0,1,0,0,-0.6960061,-0.0008702425,0.0003783987,0.05233886,-0.01311681,-0.007069766,0.08089197,0,0,0,1,0,0,0.4605234,0.667088,0.4604436,0.04408659,0.01522005,0.04101397,-0.1814586,0,0,0,1,0,0,0.4925572,-0.0003934232,0.4938314,-0.07379952,0.01603576,-0.03404619,-0.1008294,0,0,0,1,0,0,-0.6490848,0.6660863,0.000762728,-0.1404256,0.02280475,0.01180498,0.02293313,0,0,0,1,0,0,-0.4939925,-5.414582E-05,-0.4946911,-0.008562211,0.008405107,0.0494525,-0.09176892,0,0,0,1,0,0,0.6491446,0.6664141,-0.0002483335,0.08873645,0.01991392,-0.01045767,0.006465673,0,0,0,1,0,0,0.6973342,-0.0004485764,6.015628E-05,-0.0331849,0.00293248,0.01334842,0.07252735,0,0,0,1,0,0,-0.4586169,0.6666738,-0.4592901,-0.006456675,0.007426742,0.002536179,-0.1672351,0,0,0,1,0,0,0.0004728379,-0.0001960168,-0.6999588,0.01331902,-0.05150342,0.1901896,-0.1224433,0,0,0,1,0,0,0.4601236,0.6670567,-0.4605562,0.05773904,0.02038778,-0.0515327,-0.08048922,0,0,0,1,0,0,0.4962125,0.0008520383,-0.4972155,0.002978743,0.01316301,0.03524424,0.02724642,0,0,0,1,0,0,-6.854689E-05,0.6670603,-0.6515654,0.003743771,-0.01300574,-0.007355216,-0.2244475,0,0,0,1,0,0,0.4249981,1.333632,0.4245756,-0.03281684,0.00153184,-0.02232791,-0.06478721,0,0,0,1,0,0,0.0003806911,1.333712,0.6006252,-0.01663531,-0.02526642,-0.05312266,-0.1223816,0,0,0,1,0,0,-0.4242023,1.333501,0.4243928,-0.01312495,0.00497699,-0.02285243,-0.02544004,0,0,0,1,0,0,0.5994213,1.33326,7.479279E-05,-0.04213156,-0.0137508,0.01221319,0.08712292,0,0,0,1,0,0,-0.5993592,1.332928,-0.0004036293,-0.009536747,-0.005692246,-0.02077206,0.09402001,0,0,0,1,0,0,-0.4237813,1.333091,-0.4239998,0.01955629,-0.01356006,0.03091992,-0.06146181,0,0,0,1,0,0,-2.115997E-06,1.333698,-0.6004521,0.009155942,-0.01153946,0.02175868,-0.1171834,0,0,0,1,0,0,0.4240789,1.33323,-0.4240044,-0.01207889,-0.01219511,0.02123118,-0.0162366,0,0,0,1,0,0,0.3889087,2,0.3889088,0,0,0,0.05000001,0,0,0,0,0,0,0.55,2,4.808253E-08,0,0,0,0.05000001,0,0,0,0,0,0,-6.558685E-09,2,0.55,0,0,0,0.05000001,0,0,0,0,0,0,0.3889087,2,-0.3889087,0,0,0,0.04999995,0,0,0,0,0,0,-0.3889089,2,0.3889086,0,0,0,0.05000001,0,0,0,0,0,0,2.404126E-08,2,-0.55,0,0,0,0.05000001,0,0,0,0,0,0,-0.3889087,2,-0.3889087,0,0,0,0.04999995,0,0,0,0,0,0,-0.55,2,0,0,0,0,0.05000001,0,0,0,0,0,0
96,-9.249302E-05,0.6671609,0.6527981,-0.03800436,-0.03257991,0.01972318,-0.2442594,0,0,0,1,0,0,-0.4607396,0.6670898,0.4607626,-0.122419,0.01283885,0.0412211,-0.1101092,0,0,0,1,0,0,-0.493189,-8.915579E-05,0.4937797,0.04314484,-0.03219961,-0.1568124,-0.004304707,0,0,0,1,0,0,-0.0005063962,-0.000206529,0.6982434,-0.06834375,-0.007095661,-0.1467527,-0.1373413,0,0,0,1,0,0,-0.6967037,-0.0004226413,0.0001262235,-0.03488065,0.02238007,-0.01260877,0.09227145,0,0,0,1,0,0,0.4609925,0.6667415,0.4610694,0.02345742,-0.01732112,0.03129394,-0.173709,0,0,0,1,0,0,0.4923076,-0.0002828484,0.4933801,-0.01247973,0.005528739,-0.02256782,-0.09178656,0,0,0,1,0,0,-0.6515418,0.6669037,0.0003719869,-0.1228482,0.04087092,-0.01953706,0.03248578,0,0,0,1,0,0,-0.4941667,0.0001095729,-0.4939076,-0.008709732,0.008185939,0.03917666,-0.08227241,0,0,0,1,0,0,0.6509619,0.6666566,-5.033871E-05,0.09086732,0.01212061,0.009899743,0.01548648,0,0,0,1,0,0,0.6978266,-0.0002952973,0.0001046536,0.02462269,0.007663957,0.002224865,0.08362013,0,0,0,1,0,0,-0.4594444,0.6668192,-0.4599131,-0.04137607,0.007268789,-0.03115387,-0.1591557,0,0,0,1,0,0,0.0008758761,-0.0004643071,-0.6969348,0.02015192,-0.01341452,0.1511992,-0.1269003,0,0,0,1,0,0,0.4612028,0.667062,-0.460807,0.05395862,0.0002622606,-0.01253933,-0.08623707,0,0,0,1,0,0,0.4954058,0.0005671185,-0.4957346,-0.04033597,-0.014246,0.07404539,0.01492614,0,0,0,1,0,0,-0.0001377219,0.6667802,-0.6512781,-0.003458751,-0.01400412,0.01436472,-0.2255501,0,0,0,1,0,0,0.4237745,1.333239,0.4238922,-0.06117823,-0.0196457,-0.03416987,-0.06277364,0,0,0,1,0,0,2.461385E-05,1.333118,0.5994347,-0.01780387,-0.02968312,-0.05952718,-0.1236062,0,0,0,1,0,0,-0.4239091,1.333239,0.4241116,0.01465679,-0.01309515,-0.01406074,-0.02902758,0,0,0,1,0,0,0.5986567,1.333298,0.0002226115,-0.03822745,0.001901389,0.00739094,0.09021127,0,0,0,1,0,0,-0.5996782,1.333154,-0.000196386,-0.01594723,0.01130701,0.01036217,0.09805065,0,0,0,1,0,0,-0.4236773,1.333017,-0.4237166,0.005197527,-0.003731252,0.0141576,-0.05843651,0,0,0,1,0,0,0.0001084065,1.333284,-0.5992914,0.005526126,-0.0207007,0.0580311,-0.1182836,0,0,0,1,0,0,0.4239059,1.333271,-0.4235875,-0.008651618,0.002056361,0.02084822,-0.01948828,0,0,0,1,0,0,0.3889087,2,0.3889088,0,0,0,0.05000001,0,0,0,0,0,0,0.55,2,4.808253E-08,0,0,0,0.05000001,0,0,0,0,0,0,-6.558685E-09,2,0.55,0,0,0,0.05000001,0,0,0,0,0,0,0.3889087,2,-0.3889087,0,0,0,0.04999995,0,0,0,0,0,0,-0.3889089,2,0.3889086,0,0,0,0.05000001,0,0,0,0,0,0,2.404126E-08,2,-0.55,0,0,0,0.05000001,0,0,0,0,0,0,-0.3889087,2,-0.3889087,0,0,0,0.04999995,0,0,0,0,0,0,-0.55,2,0,0,0,0,0.05000001,0,0,0,0,0,0
97,-0.0009483483,0.6666572,0.6519867,-0.04279278,-0.02518297,-0.0405729,-0.2456375,0,0,0,1,0,0,-0.4623502,0.6671603,0.4611245,-0.08052889,0.003528596,0.01809896,-0.115786,0,0,0,1,0,0,-0.493293,-0.000365934,0.4912136,-0.005200507,-0.01383892,-0.128305,-0.0164789,0,0,0,1,0,0,-0.001044632,-0.000214316,0.6966163,-0.02691182,-0.0003893526,-0.08135441,-0.1401941,0,0,0,1,0,0,-0.6985456,5.246653E-05,7.112771E-05,-0.09209219,0.0237554,-0.002754791,0.1055364,0,0,0,1,0,0,0.4609577,0.666862,0.4611933,-0.001738966,0.006023052,0.006192925,-0.1662067,0,0,0,1,0,0,0.4926008,-0.0001251645,0.493498,0.01465679,0.007884197,0.005894902,-0.08129925,0,0,0,1,0,0,-0.6529825,0.6675344,-0.0003506277,-0.0720382,0.03153087,-0.03613074,0.04135847,0,0,0,1,0,0,-0.4942521,-3.803679E-05,-0.4931861,-0.004267694,-0.007380486,0.03607424,-0.07187808,0,0,0,1,0,0,0.6521803,0.6668941,-0.0001696353,0.06091597,0.01187623,-0.00596483,0.02446675,0,0,0,1,0,0,0.6987073,-5.440425E-05,0.0002940554,0.04403295,0.01204466,0.009470095,0.09576333,0,0,0,1,0,0,-0.4602841,0.6670044,-0.4605522,-0.04198255,0.009259585,-0.03195108,-0.1506517,0,0,0,1,0,0,0.0005744364,-0.0008742249,-0.6952751,-0.01507199,-0.0204959,0.08298758,-0.1298824,0,0,0,1,0,0,0.461028,0.667087,-0.4608213,-0.008738045,0.001248718,-0.000715256,-0.09369886,0,0,0,1,0,0,0.4941331,-0.0001742757,-0.493461,-0.06363692,-0.03706972,0.1136795,0.001475513,0,0,0,1,0,0,-5.588443E-06,0.6664674,-0.650414,0.006606675,-0.01564026,0.04320445,-0.2271043,0,0,0,1,0,0,0.4229668,1.333042,0.4235035,-0.04038812,-0.009822849,-0.0194341,-0.06007361,0,0,0,1,0,0,-0.0003961932,1.332689,0.598838,-0.02104036,-0.02145768,-0.02983214,-0.1243158,0,0,0,1,0,0,-0.424075,1.333237,0.4238778,-0.0082925,-0.0001132489,-0.01168848,-0.03231883,0,0,0,1,0,0,0.5986633,1.333197,0.0004310216,0.0003308059,-0.005090239,0.01042051,0.09401673,0,0,0,1,0,0,-0.5994453,1.333287,-2.263468E-05,0.01164377,0.006628039,0.00868757,0.1017924,0,0,0,1,0,0,-0.4237182,1.333191,-0.4238244,-0.00204444,0.008744005,-0.005389752,-0.05484551,0,0,0,1,0,0,0.0004193475,1.332828,-0.5990828,0.01554706,-0.02280475,0.0104338,-0.1187552,0,0,0,1,0,0,0.4238999,1.333232,-0.4234612,-0.0002995135,-0.001949073,0.006312134,-0.02278703,0,0,0,1,0,0,0.3889087,2,0.3889088,0,0,0,0.05000001,0,0,0,0,0,0,0.55,2,4.808253E-08,0,0,0,0.05000001,0,0,0,0,0,0,-6.558685E-09,2,0.55,0,0,0,0.05000001,0,0,0,0,0,0,0.3889087,2,-0.3889087,0,0,0,0.04999995,0,0,0,0,0,0,-0.3889089,2,0.3889086,0,0,0,0.05000001,0,0,0,0,0,0,2.404126E-08,2,-0.55,0,0,0,0.05000001,0,0,0,0,0,0,-0.3889087,2,-0.3889087,0,0,0,0.04999995,0,0,0,0,0,0,-0.55,2,0,0,0,0,0.05000001,0,0,0,0,0,0
98,-0.001378569,0.6663046,0.6505901,-0.02151104,-0.01763106,-0.06982985,-0.2473289,0,0,0,1,0,0,-0.462695,0.6670645,0.4607816,-0.01723916,-0.004789235,-0.01714528,-0.1201987,0,0,0,1,0,0,-0.493795,-0.0006627745,0.4904138,-0.02509804,-0.01484203,-0.03999175,-0.02332759,0,0,0,1,0,0,-0.001220392,-0.0003205977,0.6960493,-0.008787987,-0.005314085,-0.02835096,-0.1413516,0,0,0,1,0,0,-0.7004421,0.0001551634,-0.0001534424,-0.09482507,0.005134845,-0.01122851,0.1145719,0,0,0,1,0,0,0.4605523,0.6668697,0.4605197,-0.02027155,0.0003844501,-0.03367813,-0.1621962,0,0,0,1,0,0,0.493441,-4.782412E-05,0.4940591,0.04201086,0.003867023,0.02805592,-0.07388473,0,0,0,1,0,0,-0.6537349,0.6678805,-0.0003425423,-0.03761651,0.01730622,0.0004042669,0.0469116,0,0,0,1,0,0,-0.4944226,0.0002985321,-0.4933148,-0.008524958,0.01682845,-0.006435814,-0.06508404,0,0,0,1,0,0,0.6523374,0.6671723,6.248006E-05,0.007855895,0.01391173,0.01160577,0.02938318,0,0,0,1,0,0,0.6997304,0.0001830106,0.0004487014,0.05115571,0.01187075,0.007732304,0.1038134,0,0,0,1,0,0,-0.4607948,0.6668727,-0.4601566,-0.02553613,-0.006586316,0.01977832,-0.1457071,0,0,0,1,0,0,-0.0001534243,-0.001066646,-0.6953285,-0.03639305,-0.00962107,-0.002670289,-0.1306166,0,0,0,1,0,0,0.4604681,0.66689,-0.460499,-0.0279978,-0.009849671,0.01611412,-0.0989359,0,0,0,1,0,0,0.4932282,-0.0006259249,-0.492255,-0.04524292,-0.02258247,0.06029906,-0.006901503,0,0,0,1,0,0,0.0001407306,0.666603,-0.6501361,0.007315956,0.006780031,0.01389683,-0.2277327,0,0,0,1,0,0,0.4230109,1.33309,0.4238714,0.002203883,0.002384187,0.01839549,-0.0577209,0,0,0,1,0,0,-0.0008158904,1.332667,0.5989416,-0.02098487,-0.001120568,0.005176665,-0.1242569,0,0,0,1,0,0,-0.4241763,1.333404,0.4238022,-0.005066397,0.008356575,-0.003778936,-0.03426534,0,0,0,1,0,0,0.5989416,1.333373,6.11767E-05,0.01391471,0.008833412,-0.01849225,0.09690112,0,0,0,1,0,0,-0.5998639,1.333325,-0.0001947302,-0.02093018,0.001895428,-0.008604782,0.1044555,0,0,0,1,0,0,-0.4238769,1.33314,-0.4238951,-0.007933381,-0.002563001,-0.003534557,-0.05261421,0,0,0,1,0,0,0.0004433043,1.332881,-0.5985913,0.001197838,0.002640487,0.02457202,-0.1190597,0,0,0,1,0,0,0.4240588,1.333251,-0.4237479,0.007945302,0.0009477142,-0.01433492,-0.02461177,0,0,0,1,0,0,0.3889087,2,0.3889088,0,0,0,0.05000001,0,0,0,0,0,0,0.55,2,4.808253E-08,0,0,0,0.05000001,0,0,0,0,0,0,-6.558685E-09,2,0.55,0,0,0,0.05000001,0,0,0,0,0,0,0.3889087,2,-0.3889087,0,0,0,0.04999995,0,0,0,0,0,0,-0.3889089,2,0.3889086,0,0,0,0.05000001,0,0,0,0,0,0,2.404126E-08,2,-0.55,0,0,0,0.05000001,0,0,0,0,0,0,-0.3889087,2,-0.3889087,0,0,0,0.04999995,0,0,0,0,0,0,-0.55,2,0,0,0,0,0.05000001,0,0,0,0,0,0
99,-0.0008557145,0.6663235,0.6494842,0.02614273,0.000944734,-0.05529525,-0.2488371,0,0,0,1,0,0,-0.4617762,0.6669323,0.4603726,0.04593881,-0.006610158,-0.02045185,-0.128377,0,0,0,1,0,0,-0.4944688,-0.0008442434,0.4912462,-0.03369005,-0.009073446,0.04161896,-0.03326339,0,0,0,1,0,0,-0.001377164,-0.0007096266,0.6965104,-0.007838625,-0.01945145,0.02305807,-0.1415547,0,0,0,1,0,0,-0.7019834,0.0006544489,-0.0001796184,-0.07706586,0.02496429,-0.001308801,0.1274613,0,0,0,1,0,0,0.4598178,0.6665789,0.4598284,-0.03672542,-0.01454056,-0.03456475,-0.1559277,0,0,0,1,0,0,0.4944685,0.0001088442,0.494709,0.05137475,0.007833418,0.03249646,-0.0625481,0,0,0,1,0,0,-0.6530305,0.6675442,-0.0004527078,0.03521742,-0.0168115,-0.005508276,0.05368161,0,0,0,1,0,0,-0.4950007,3.034235E-05,-0.4937852,-0.02890528,-0.01340949,-0.02352,-0.05370712,0,0,0,1,0,0,0.6520032,0.6671844,0.0005146344,-0.01670719,0.0006049874,0.02260773,0.03638661,0,0,0,1,0,0,0.7002665,-1.153303E-05,0.0002283635,0.02680422,-0.009727184,-0.0110169,0.1158053,0,0,0,1,0,0,-0.4609249,0.6671228,-0.4603252,-0.00650287,0.01250804,-0.008432571,-0.1382934,0,0,0,1,0,0,-0.0003491955,-0.0002484448,-0.6968272,-0.009788563,0.04091009,-0.07493499,-0.1305524,0,0,0,1,0,0,0.4603782,0.6667908,-0.4598345,-0.004492702,-0.004956128,0.03322662,-0.106466,0,0,0,1,0,0,0.4935739,-4.745811E-05,-0.4924549,0.01728535,0.02892335,-0.009994213,-0.0179742,0,0,0,1,0,0,-0.0001381146,0.6663197,-0.6494645,-0.01394226,-0.01416207,0.03357829,-0.2288507,0,0,0,1,0,0,0.4233207,1.333366,0.4240603,0.01549125,0.01382232,0.00944585,-0.05389196,0,0,0,1,0,0,-0.0004306086,1.332846,0.5987993,0.0192641,0.008964542,-0.007110837,-0.1242391,0,0,0,1,0,0,-0.4243116,1.333391,0.4239497,-0.00676662,-0.000625849,0.007373097,-0.0374186,0,0,0,1,0,0,0.5998188,1.333387,0.0001228682,0.0438601,0.0007092956,0.003084577,0.1013685,0,0,0,1,0,0,-0.600152,1.33357,-3.773858E-05,-0.01440645,0.01224876,0.007849585,0.1085336,0,0,0,1,0,0,-0.4241997,1.333426,-0.4237632,-0.01614094,0.01426936,0.006596747,-0.0489431,0,0,0,1,0,0,0.0004208051,1.33294,-0.5990484,-0.001124962,0.002944471,-0.02285541,-0.1187153,0,0,0,1,0,0,0.4239776,1.333243,-0.423757,-0.004059078,-0.0004351141,-0.0004515054,-0.02785045,0,0,0,1,0,0,0.3889087,2,0.3889088,0,0,0,0.05000001,0,0,0,0,0,0,0.55,2,4.808253E-08,0,0,0,0.05000001,0,0,0,0,0,0,-6.558685E-09,2,0.55,0,0,0,0.05000001,0,0,0,0,0,0,0.3889087,2,-0.3889087,0,0,0,0.04999995,0,0,0,0,0,0,-0.3889089,2,0.3889086,0,0,0,0.05000001,0,0,0,0,0,0,2.404126E-08,2,-0.55,0,0,0,0.05000001,0,0,0,0,0,0,-0.3889087,2,-0.3889087,0,0,0,0.04999995,0,0,0,0,0,0,-0.55,2,0,0,0,0,0.05000001,0,0,0,0,0,0
100,-0.0005983945,0.6661671,0.6488119,0.012866,-0.007817152,-0.03361107,-0.2497188,0,0,0,1,0,0,-0.4608864,0.6667407,0.4596894,0.04449191,-0.00958145,-0.03416093,-0.1360828,0,0,0,1,0,0,-0.4952049,-0.000252957,0.4932908,-0.03680439,0.02956433,0.1022324,-0.04194009,0,0,0,1,0,0,-0.0007796658,-0.0002621671,0.6975084,0.02987494,0.02237298,0.04989805,-0.1412811,0,0,0,1,0,0,-0.7023401,0.0005442161,-0.0002796901,-0.0178367,-0.005511645,-0.005003588,0.1385627,0,0,0,1,0,0,0.4596173,0.666623,0.4595913,-0.0100255,0.002205373,-0.01185537,-0.1496012,0,0,0,1,0,0,0.4955259,0.0003026581,0.4954358,0.05286934,0.009690699,0.03633948,-0.05187178,0,0,0,1,0,0,-0.6514268,0.6671385,-2.191986E-05,0.08018616,-0.02028645,0.0215394,0.05548561,0,0,0,1,0,0,-0.4956724,0.0002775069,-0.4948053,-0.03358872,0.01235823,-0.05100371,-0.04295415,0,0,0,1,0,0,0.6512078,0.6669963,-0.0001458028,-0.03977121,-0.009405617,-0.03302187,0.04268402,0,0,0,1,0,0,0.7007342,0.0002172933,0.0002730111,0.02338589,0.01144132,0.002232382,0.1266609,0,0,0,1,0,0,-0.4602631,0.6667549,-0.4595975,0.03308953,-0.01839698,0.03638716,-0.1326079,0,0,0,1,0,0,-0.0002136655,-4.649506E-05,-0.6989949,0.006776507,0.01009749,-0.1083881,-0.1291566,0,0,0,1,0,0,0.4597719,0.6666401,-0.4595179,-0.03031344,-0.00753701,0.01582951,-0.1137728,0,0,0,1,0,0,0.4943213,-0.0003012444,-0.4935966,0.03736766,-0.01268932,-0.05708488,-0.02698845,0,0,0,1,0,0,-0.0001360748,0.6664702,-0.649175,0.0001019915,0.007522109,0.01447499,-0.2293967,0,0,0,1,0,0,0.4237818,1.333333,0.4240972,0.02305658,-0.001668931,0.001843274,-0.05049926,0,0,0,1,0,0,-0.0003458372,1.333231,0.5995032,0.004238574,0.01922251,0.0351906,-0.1234918,0,0,0,1,0,0,-0.4243652,1.333526,0.4240256,-0.00267625,0.00675917,0.003796817,-0.04029882,0,0,0,1,0,0,0.6003107,1.333486,0.0001511187,0.02459289,0.004941227,0.001412524,0.1052631,0,0,0,1,0,0,-0.6006128,1.333534,-0.0001299871,-0.02304018,-0.001800061,-0.00461243,0.1122056,0,0,0,1,0,0,-0.4243038,1.333514,-0.4243296,-0.005206468,0.004446508,-0.02832265,-0.04563046,0,0,0,1,0,0,0.0002797172,1.333208,-0.5994076,-0.007054396,0.01342893,-0.01795591,-0.1182848,0,0,0,1,0,0,0.424428,1.333548,-0.4242019,0.02252162,0.01525283,-0.02224893,-0.03013158,0,0,0,1,0,0,0.3889087,2,0.3889088,0,0,0,0.05000001,0,0,0,0,0,0,0.55,2,4.808253E-08,0,0,0,0.05000001,0,0,0,0,0,0,-6.558685E-09,2,0.55,0,0,0,0.05000001,0,0,0,0,0,0,0.3889087,2,-0.3889087,0,0,0,0.04999995,0,0,0,0,0,0,-0.3889089,2,0.3889086,0,0,0,0.05000001,0,0,0,0,0,0,2.404126E-08,2,-0.55,0,0,0,0.05000001,0,0,0,0,0,0,-0.3889087,2,-0.3889087,0,0,0,0.04999995,0,0,0,0,0,0,-0.55,2,0,0,0,0,0.05000001,0,0,0,0,0,0
101,-0.000124555,0.6663691,0.6490459,0.02369199,0.01010001,0.01169742,-0.2495528,0,0,0,1,0,0,-0.4596053,0.6667067,0.4591482,0.06405266,-0.001698733,-0.02706052,-0.1441736,0,0,0,1,0,0,-0.4953394,6.794521E-05,0.4954224,-0.006724897,0.01604512,0.1065806,-0.05090576,0,0,0,1,0,0,-0.0004321452,-8.120787E-05,0.6993391,0.01737604,0.009047966,0.09153489,-0.1397834,0,0,0,1,0,0,-0.7016178,0.0004077875,-4.985177E-05,0.03611745,-0.006821431,0.01149192,0.1286248,0,0,0,1,0,0,0.4592783,0.6665986,0.4591783,-0.0169471,-0.001218915,-0.02065004,-0.1434492,0,0,0,1,0,0,0.4963748,0.0003220716,0.4958168,0.04244746,0.0009706757,0.01905114,-0.04122633,0,0,0,1,0,0,-0.6493015,0.6665165,5.183843E-05,0.1062662,-0.03110172,0.003687916,0.04659337,0,0,0,1,0,0,-0.495966,9.918486E-05,-0.4958448,-0.01467616,-0.008916103,-0.05197527,-0.03214788,0,0,0,1,0,0,0.6502599,0.666932,-5.745577E-05,-0.04739465,-0.003212692,0.004417352,0.04856074,0,0,0,1,0,0,0.7007439,-1.244312E-05,-4.676304E-05,0.0004827978,-0.01148683,-0.01598871,0.1375243,0,0,0,1,0,0,-0.4595068,0.6665714,-0.4593309,0.0378132,-0.009173159,0.0133276,-0.1267827,0,0,0,1,0,0,-0.0001623888,6.367781E-05,-0.700969,0.002563833,0.005508646,-0.09870533,-0.1275505,0,0,0,1,0,0,0.4591996,0.6664551,-0.459156,-0.0286162,-0.009247664,0.018093,-0.1211541,0,0,0,1,0,0,0.4951121,-2.964031E-05,-0.4950441,0.03954323,0.01358021,-0.07237199,-0.03598666,0,0,0,1,0,0,-3.482667E-05,0.6663556,-0.6490125,0.005062406,-0.005730989,0.008124116,-0.2296835,0,0,0,1,0,0,0.4241456,1.333315,0.4242169,0.01818836,-0.0009238723,0.005985799,-0.04712737,0,0,0,1,0,0,-0.0001723182,1.333347,0.6001768,0.008675952,0.005811455,0.0336826,-0.1229619,0,0,0,1,0,0,-0.4243662,1.333408,0.4243743,-5.36442E-05,-0.005948546,0.01743437,-0.04333973,0,0,0,1,0,0,0.6004276,1.333459,-5.186082E-05,0.005847218,-0.001376868,-0.01014898,0.1088872,0,0,0,1,0,0,-0.6003,1.333666,2.17535E-05,0.01564026,0.006598237,0.007587035,0.1128337,0,0,0,1,0,0,-0.4244291,1.333483,-0.424314,-0.006265941,-0.001549721,0.000779331,-0.04254329,0,0,0,1,0,0,5.059501E-05,1.333303,-0.5999649,-0.01145611,0.004732611,-0.02786816,-0.1178426,0,0,0,1,0,0,0.424385,1.33342,-0.4245284,-0.002150238,-0.00638962,-0.01632125,-0.03311193,0,0,0,1,0,0,0.3889087,2,0.3889088,0,0,0,0.05000001,0,0,0,0,0,0,0.55,2,4.808253E-08,0,0,0,0.05000001,0,0,0,0,0,0,-6.558685E-09,2,0.55,0,0,0,0.05000001,0,0,0,0,0,0,0.3889087,2,-0.3889087,0,0,0,0.04999995,0,0,0,0,0,0,-0.3889089,2,0.3889086,0,0,0,0.05000001,0,0,0,0,0,0,2.404126E-08,2,-0.55,0,0,0,0.05000001,0,0,0,0,0,0,-0.3889087,2,-0.3889087,0,0,0,0.04999995,0,0,0,0,0,0,-0.55,2,0,0,0,0,0.05000001,0,0,0,0,0,0
102,0.0003095882,0.6667429,0.6494613,0.02170717,0.01868904,0.02077223,-0.249046,0,0,0,1,0,0,-0.458548,0.6665153,0.4587126,0.05286487,-0.00957251,-0.02177955,-0.152386,0,0,0,1,0,0,-0.4958219,0.0002907203,0.4968677,-0.02412499,0.01113876,0.07226172,-0.06015801,0,0,0,1,0,0,0.000424723,0.0004369573,0.7014976,0.04284343,0.02590827,0.1079262,-0.1377543,0,0,0,1,0,0,-0.7002897,-0.0002691635,2.723925E-05,0.06640556,-0.03384756,0.003854552,0.1164798,0,0,0,1,0,0,0.4590571,0.6666404,0.4591751,-0.01106263,0.002089144,-0.0001594425,-0.1367218,0,0,0,1,0,0,0.4965079,0.0003419238,0.4959942,0.006651881,0.0009926113,0.008866195,-0.03062922,0,0,0,1,0,0,-0.6480992,0.6661416,6.419934E-05,0.06011131,-0.01874269,0.0006180456,0.03817517,0,0,0,1,0,0,-0.495701,0.0001074194,-0.4962741,0.01324714,0.0004117284,-0.02146513,-0.02150321,0,0,0,1,0,0,0.6489574,0.6667335,-6.897107E-05,-0.06512704,-0.009927157,-0.0005757652,0.05441827,0,0,0,1,0,0,0.7005965,-3.328432E-05,9.73963E-05,-0.007367137,-0.00104206,0.00720797,0.1336718,0,0,0,1,0,0,-0.4591312,0.6664209,-0.4592753,0.01877845,-0.007525089,0.002780558,-0.1202231,0,0,0,1,0,0,7.539915E-05,0.000378313,-0.7022071,0.0118894,0.01573177,-0.06190243,-0.1263316,0,0,0,1,0,0,0.4588844,0.6664742,-0.4589465,-0.01575798,0.0009506944,0.01047701,-0.1286054,0,0,0,1,0,0,0.4956695,0.0002557999,-0.4960521,0.02786965,0.01427201,-0.0504032,-0.04573196,0,0,0,1,0,0,-1.166522E-05,0.666589,-0.6495376,0.001158073,0.01167357,-0.02625288,-0.2291472,0,0,0,1,0,0,0.4246043,1.333421,0.4245747,0.02293439,0.005340579,0.01789034,-0.04339677,0,0,0,1,0,0,6.792224E-05,1.333674,0.6008555,0.01201203,0.0163734,0.03393294,-0.1222662,0,0,0,1,0,0,-0.4242614,1.333352,0.42455,0.00524074,-0.002765657,0.008782748,-0.04663217,0,0,0,1,0,0,0.6004056,1.333435,-4.773809E-06,-0.001102686,-0.001186133,0.002354352,0.1124793,0,0,0,1,0,0,-0.6000522,1.33356,6.544931E-05,0.01238883,-0.005298855,0.002184791,0.1089337,0,0,0,1,0,0,-0.4243244,1.33356,-0.4243218,0.00523627,0.003802778,-0.0003889205,-0.03940886,0,0,0,1,0,0,-5.645538E-05,1.333571,-0.6004486,-0.005352522,0.01342297,-0.02418459,-0.1173181,0,0,0,1,0,0,0.4244615,1.333388,-0.4244941,0.003822149,-0.001603366,0.001713634,-0.03621525,0,0,0,1,0,0,0.3889087,2,0.3889088,0,0,0,0.05000001,0,0,0,0,0,0,0.55,2,4.808253E-08,0,0,0,0.05000001,0,0,0,0,0,0,-6.558685E-09,2,0.55,0,0,0,0.05000001,0,0,0,0,0,0,0.3889087,2,-0.3889087,0,0,0,0.04999995,0,0,0,0,0,0,-0.3889089,2,0.3889086,0,0,0,0.05000001,0,0,0,0,0,0,2.404126E-08,2,-0.55,0,0,0,0.05000001,0,0,0,0,0,0,-0.3889087,2,-0.3889087,0,0,0,0.04999995,0,0,0,0,0,0,-0.55,2,0,0,0,0,0.05000001,0,0,0,0,0,0
103,0.0006586612,0.6669975,0.6500846,0.01745366,0.01272858,0.0311643,-0.2481937,0,0,0,1,0,0,-0.4578117,0.6665061,0.4588092,0.03681482,-0.0004589559,0.004829468,-0.1595873,0,0,0,1,0,0,-0.4958898,0.0004850452,0.4973883,-0.003397466,0.009716248,0.02603085,-0.06923634,0,0,0,1,0,0,0.0006672793,0.0003127967,0.7031451,0.01212782,-0.006208036,0.08237365,-0.135567,0,0,0,1,0,0,-0.6987648,-0.0003552582,6.337527E-05,0.07624331,-0.004304736,0.001806802,0.1048963,0,0,0,1,0,0,0.4589595,0.6667777,0.4594387,-0.004877152,0.006866458,0.01317561,-0.1303173,0,0,0,1,0,0,0.4958583,-3.438289E-05,0.4960239,-0.03248007,-0.01881534,0.001487136,-0.02124357,0,0,0,1,0,0,-0.6477727,0.6662261,7.838548E-05,0.01632572,0.004222991,0.0007093072,0.03105789,0,0,0,1,0,0,-0.4953483,0.0003545584,-0.496251,0.01763702,0.01235695,0.00115335,-0.01187563,0,0,0,1,0,0,0.6481856,0.666375,0.0003243746,-0.03859104,-0.0179261,0.01966729,0.05505788,0,0,0,1,0,0,0.7001516,6.719266E-06,0.0003664356,-0.02224744,0.00200018,0.01345197,0.1228093,0,0,0,1,0,0,-0.4588658,0.6664782,-0.4594085,0.01327098,0.002864004,-0.006656351,-0.1140286,0,0,0,1,0,0,0.0001948642,0.000509171,-0.7023164,0.005973255,0.006542905,-0.005465748,-0.1257283,0,0,0,1,0,0,0.4589566,0.666542,-0.4588306,0.003609063,0.003391506,0.005792084,-0.1351739,0,0,0,1,0,0,0.4959485,0.0005534145,-0.4964395,0.01394898,0.01488074,-0.01936705,-0.05507207,0,0,0,1,0,0,0.0001752245,0.6669289,-0.6501619,0.00934449,0.01699329,-0.03121795,-0.2283864,0,0,0,1,0,0,0.4249651,1.333686,0.4246742,0.01804233,0.01322032,0.004971029,-0.03995728,0,0,0,1,0,0,0.0003211831,1.333859,0.6009269,0.01266305,0.009232763,0.00357032,-0.1220757,0,0,0,1,0,0,-0.424179,1.333341,0.4243185,0.004118682,-0.000548363,-0.01157225,-0.049775,0,0,0,1,0,0,0.6002827,1.333506,4.922443E-05,-0.006142261,0.003528596,0.002699913,0.115757,0,0,0,1,0,0,-0.5998178,1.333287,-0.0002418821,0.01172424,-0.01366139,-0.01536658,0.1053257,0,0,0,1,0,0,-0.4243797,1.333357,-0.4247717,-0.002762676,-0.01010299,-0.02249629,-0.03644967,0,0,0,1,0,0,-8.167084E-05,1.333825,-0.6008934,-0.001260774,0.01266599,-0.02224148,-0.1168282,0,0,0,1,0,0,0.4243496,1.333321,-0.424372,-0.005592408,-0.003343822,0.006105008,-0.03928715,0,0,0,1,0,0,0.3889087,2,0.3889088,0,0,0,0.05000001,0,0,0,0,0,0,0.55,2,4.808253E-08,0,0,0,0.05000001,0,0,0,0,0,0,-6.558685E-09,2,0.55,0,0,0,0.05000001,0,0,0,0,0,0,0.3889087,2,-0.3889087,0,0,0,0.04999995,0,0,0,0,0,0,-0.3889089,2,0.3889086,0,0,0,0.05000001,0,0,0,0,0,0,2.404126E-08,2,-0.55,0,0,0,0.05000001,0,0,0,0,0,0,-0.3889087,2,-0.3889087,0,0,0,0.04999995,0,0,0,0,0,0,-0.55,2,0,0,0,0,0.05000001,0,0,0,0,0,0
104,0.0007356482,0.6670961,0.6504655,0.003849347,0.004929306,0.01904369,-0.2474613,0,0,0,1,0,0,-0.4580288,0.6661763,0.4593822,-0.0108555,-0.01648963,0.02865196,-0.1657552,0,0,0,1,0,0,-0.4954472,0.0004387582,0.4969985,0.02213121,-0.002314351,-0.01948775,-0.07887655,0,0,0,1,0,0,0.0006283839,0.0005028716,0.7036318,-0.001944768,0.009503752,0.02433659,-0.1342483,0,0,0,1,0,0,-0.6980809,-0.0002278529,-0.0004442655,0.0341952,0.006370269,-0.02538205,0.09426159,0,0,0,1,0,0,0.459445,0.66698,0.4600315,0.02427251,0.01011491,0.0296414,-0.1232866,0,0,0,1,0,0,0.4951168,-7.298744E-05,0.4955236,-0.03707112,-0.001930228,-0.0250131,-0.01217163,0,0,0,1,0,0,-0.6485436,0.666185,0.0001846658,-0.03854336,-0.002053381,0.00531402,0.02486789,0,0,0,1,0,0,-0.4950598,-1.176997E-05,-0.495781,0.01442284,-0.01831643,0.02349914,-0.002050281,0,0,0,1,0,0,0.6479995,0.6663412,0.0003967107,-0.009301309,-0.001686812,0.003616807,0.04804307,0,0,0,1,0,0,0.6995941,8.181081E-05,0.0004910065,-0.02787412,0.003754579,0.006228545,0.1118668,0,0,0,1,0,0,-0.4589918,0.66659,-0.4596344,-0.006300213,0.005590918,-0.01129508,-0.1074752,0,0,0,1,0,0,0.000411535,0.0003020537,-0.7017481,0.01083354,-0.01035587,0.02841653,-0.1252701,0,0,0,1,0,0,0.4591179,0.6666778,-0.459041,0.008063021,0.006788972,-0.01051873,-0.1415453,0,0,0,1,0,0,0.4958415,0.0003497094,-0.4959797,-0.005348029,-0.01018526,0.02298654,-0.06477243,0,0,0,1,0,0,7.978865E-05,0.6668171,-0.6501164,-0.004771795,-0.005587938,0.002276898,-0.2281622,0,0,0,1,0,0,0.4247111,1.333571,0.4247192,-0.01269877,-0.005733969,0.002250076,-0.03722703,0,0,0,1,0,0,0.0003077567,1.333716,0.6006249,-0.0006713223,-0.00715256,-0.01510084,-0.1223786,0,0,0,1,0,0,-0.4238037,1.333427,0.4240544,0.01876504,0.004279615,-0.01320541,-0.05308157,0,0,0,1,0,0,0.6000224,1.333497,0.0001186633,-0.01301468,-0.000447035,0.003471945,0.1156932,0,0,0,1,0,0,-0.5996606,1.333235,6.83441E-05,0.007858875,-0.002580882,0.01551132,0.1016743,0,0,0,1,0,0,-0.4245076,1.333389,-0.4244491,-0.006397071,0.001579524,0.01613349,-0.03353071,0,0,0,1,0,0,-0.0002091176,1.33369,-0.6005067,-0.00637234,-0.006711486,0.01933873,-0.1171877,0,0,0,1,0,0,0.4240117,1.333367,-0.4240895,-0.01689792,0.002306701,0.01412482,-0.04251021,0,0,0,1,0,0,0.3889087,2,0.3889088,0,0,0,0.05000001,0,0,0,0,0,0,0.55,2,4.808253E-08,0,0,0,0.05000001,0,0,0,0,0,0,-6.558685E-09,2,0.55,0,0,0,0.05000001,0,0,0,0,0,0,0.3889087,2,-0.3889087,0,0,0,0.04999995,0,0,0,0,0,0,-0.3889089,2,0.3889086,0,0,0,0.05000001,0,0,0,0,0,0,2.404126E-08,2,-0.55,0,0,0,0.05000001,0,0,0,0,0,0,-0.3889087,2,-0.3889087,0,0,0,0.04999995,0,0,0,0,0,0,-0.55,2,0,0,0,0,0.05000001,0,0,0,0,0,0
105,6.661687E-05,0.6671213,0.6510218,-0.03345158,0.001260639,0.0278175,-0.2464659,0,0,0,1,0,0,-0.4589244,0.6666335,0.4597378,-0.0447795,0.02285839,0.01778156,-0.1715933,0,0,0,1,0,0,-0.4944982,0.000193948,0.4957431,0.04744979,-0.01224051,-0.06277265,-0.08933216,0,0,0,1,0,0,0.0007213434,0.0008949144,0.7027173,0.004647977,0.01960214,-0.04572572,-0.133887,0,0,0,1,0,0,-0.6983247,-0.0001460622,-0.0001739647,-0.01219213,0.004089534,0.01351505,0.08398646,0,0,0,1,0,0,0.4598889,0.6668895,0.4601111,0.0221938,-0.004526975,0.003980102,-0.1163347,0,0,0,1,0,0,0.4944426,0.0002142655,0.495365,-0.03371091,0.01436266,-0.007930401,-0.002635598,0,0,0,1,0,0,-0.6494939,0.6664925,0.0002221837,-0.04751386,0.01537502,0.001875893,0.01862252,0,0,0,1,0,0,-0.4946743,-6.763758E-05,-0.4951758,0.01927764,-0.002793382,0.0302598,0.007938504,0,0,0,1,0,0,0.6488723,0.6662957,0.0002515099,0.04363658,-0.002276898,-0.007260041,0.04166722,0,0,0,1,0,0,0.6992721,-6.622828E-05,0.0003575752,-0.01609922,-0.007401958,-0.006671568,0.1008872,0,0,0,1,0,0,-0.4595936,0.6668816,-0.4600028,-0.03008695,0.0145793,-0.0184238,-0.1002861,0,0,0,1,0,0,-0.000103109,-6.249918E-05,-0.7002342,-0.02573221,-0.01822765,0.07569197,-0.1251547,0,0,0,1,0,0,0.4596237,0.6665586,-0.459324,0.02529026,-0.005960467,-0.01415164,-0.1478055,0,0,0,1,0,0,0.4951777,1.549439E-05,-0.4952381,-0.03319235,-0.01671076,0.03708304,-0.07513398,0,0,0,1,0,0,-3.414064E-05,0.666864,-0.6502513,-0.005696467,0.002342463,-0.006744268,-0.2276134,0,0,0,1,0,0,0.4243878,1.333609,0.4243578,-0.01616777,0.00191331,-0.01806916,-0.03449053,0,0,0,1,0,0,0.0001016044,1.333547,0.6001966,-0.01030762,-0.00842214,-0.02141298,-0.1227886,0,0,0,1,0,0,-0.4240913,1.333442,0.4240634,-0.01437814,0.0007569793,0.000447035,-0.0559994,0,0,0,1,0,0,0.5995277,1.333293,0.0001549483,-0.02473892,-0.01019836,0.001814251,0.111835,0,0,0,1,0,0,-0.5996339,1.333299,-2.231814E-05,0.001335145,0.003206731,-0.004533114,0.09820312,0,0,0,1,0,0,-0.4242066,1.333392,-0.4245085,0.01505018,0.0001549721,-0.002972783,-0.03075451,0,0,0,1,0,0,8.818881E-05,1.333484,-0.600193,0.01486533,-0.01031161,0.01568199,-0.1175541,0,0,0,1,0,0,0.4242141,1.333477,-0.4241802,0.01011938,0.005513432,-0.004535915,-0.04529727,0,0,0,1,0,0,0.3889087,2,0.3889088,0,0,0,0.05000001,0,0,0,0,0,0,0.55,2,4.808253E-08,0,0,0,0.05000001,0,0,0,0,0,0,-6.558685E-09,2,0.55,0,0,0,0.05000001,0,0,0,0,0,0,0.3889087,2,-0.3889087,0,0,0,0.04999995,0,0,0,0,0,0,-0.3889089,2,0.3889086,0,0,0,0.05000001,0,0,0,0,0,0,2.404126E-08,2,-0.55,0,0,0,0.05000001,0,0,0,0,0,0,-0.3889087,2,-0.3889087,0,0,0,0.04999995,0,0,0,0,0,0,-0.55,2,0,0,0,0,0.05000001,0,0,0,0,0,0
106,0.0001041903,0.666896,0.6512254,0.001878672,-0.01126528,0.0101775,-0.2458107,0,0,0,1,0,0,-0.4596727,0.6667569,0.4603557,-0.03741385,0.006169083,0.03089459,-0.1757923,0,0,0,1,0,0,-0.4943612,0.0002723051,0.4943494,0.006851557,0.003917856,-0.06968531,-0.09695983,0,0,0,1,0,0,0.0003825703,0.000487367,0.7009471,-0.01693866,-0.02037738,-0.08850995,-0.1340601,0,0,0,1,0,0,-0.6990489,0.0002848157,0.0001321831,-0.03620686,0.02154391,0.0153074,0.07662153,0,0,0,1,0,0,0.4602538,0.6667518,0.460334,0.01824499,-0.006884339,0.01114607,-0.1110241,0,0,0,1,0,0,0.4940754,-5.141731E-05,0.4948825,-0.01836122,-0.01328415,-0.02412499,0.00477463,0,0,0,1,0,0,-0.6510396,0.6669022,-6.673386E-06,-0.07728639,0.02048612,-0.01144286,0.01475716,0,0,0,1,0,0,-0.4944004,4.99621E-05,-0.4942137,0.01369119,0.005879986,0.04810544,0.01529914,0,0,0,1,0,0,0.6500643,0.6665535,0.0003322611,0.05960169,0.01288951,0.004037561,0.0374071,0,0,0,1,0,0,0.6994079,-3.808255E-05,0.0004328199,0.006791952,0.001407287,0.003762238,0.09303057,0,0,0,1,0,0,-0.4602445,0.6670663,-0.4602331,-0.03254862,0.009235743,-0.01151413,-0.09473425,0,0,0,1,0,0,-9.421019E-05,9.124261E-06,-0.6988554,0.0004449395,0.003581173,0.06894174,-0.1252268,0,0,0,1,0,0,0.4595993,0.6667341,-0.4597212,-0.001218915,0.008776788,-0.01986028,-0.1528055,0,0,0,1,0,0,0.4943186,0.0001163984,-0.4945279,-0.04295411,0.005045201,0.0355065,-0.08332944,0,0,0,1,0,0,-4.963189E-05,0.6667942,-0.6504775,-0.0007745628,-0.003486873,-0.01130999,-0.2269903,0,0,0,1,0,0,0.4240299,1.333469,0.4241141,-0.0178963,-0.007039311,-0.0121817,-0.03262126,0,0,0,1,0,0,6.68136E-05,1.33343,0.5995757,-0.001739539,-0.00587106,-0.03104509,-0.1232858,0,0,0,1,0,0,-0.423858,1.333195,0.4239002,0.01166463,-0.01233817,-0.008155408,-0.05873919,0,0,0,1,0,0,0.5995236,1.333482,0.0001011685,-0.0002026559,0.009465221,-0.002688993,0.1093583,0,0,0,1,0,0,-0.5995486,1.333179,5.403184E-06,0.004264714,-0.006026032,0.001386067,0.09540677,0,0,0,1,0,0,-0.4240966,1.333488,-0.4239984,0.005503001,0.004768373,0.02550335,-0.02869189,0,0,0,1,0,0,4.804895E-05,1.333293,-0.5996827,-0.002006994,-0.00957251,0.02551378,-0.1180394,0,0,0,1,0,0,0.4240812,1.333278,-0.4239028,-0.00664145,-0.009948019,0.01387299,-0.04789251,0,0,0,1,0,0,0.3889087,2,0.3889088,0,0,0,0.05000001,0,0,0,0,0,0,0.55,2,4.808253E-08,0,0,0,0.05000001,0,0,0,0,0,0,-6.558685E-09,2,0.55,0,0,0,0.05000001,0,0,0,0,0,0,0.3889087,2,-0.3889087,0,0,0,0.04999995,0,0,0,0,0,0,-0.3889089,2,0.3889086,0,0,0,0.05000001,0,0,0,0,0,0,2.404126E-08,2,-0.55,0,0,0,0.05000001,0,0,0,0,0,0,-0.3889087,2,-0.3889087,0,0,0,0.04999995,0,0,0,0,0,0,-0.55,2,0,0,0,0,0.05000001,0,0,0,0,0,0
107,-0.0003973097,0.6667191,0.6509483,-0.02507501,-0.008845333,-0.01385511,-0.2453357,0,0,0,1,0,0,-0.4608811,0.6669052,0.4607245,-0.06041827,0.007417801,0.01843721,-0.1821954,0,0,0,1,0,0,-0.4941828,-0.0002281297,0.4934867,0.008918349,-0.02502175,-0.04313441,-0.1072801,0,0,0,1,0,0,-0.0003181342,6.806261E-05,0.6987631,-0.03503524,-0.02096523,-0.1091987,-0.1337045,0,0,0,1,0,0,-0.6998574,0.0004125053,0.000279881,-0.04042687,0.006384481,0.007384897,0.06583297,0,0,0,1,0,0,0.4604105,0.6669089,0.4604933,0.007838014,0.007855895,0.007966164,-0.1036313,0,0,0,1,0,0,0.4941717,7.272724E-05,0.4946063,0.004814567,0.006207231,-0.0138104,0.01638573,0,0,0,1,0,0,-0.6517861,0.6671514,1.803981E-05,-0.03732742,0.01245738,0.00123566,0.007384956,0,0,0,1,0,0,-0.4943317,-7.586296E-05,-0.4936404,0.003439189,-0.006291255,0.02866836,0.0270381,0,0,0,1,0,0,0.6508625,0.6669828,4.538299E-05,0.03991129,0.02146662,-0.01434391,0.02998877,0,0,0,1,0,0,0.6995958,0.0002292992,8.770732E-05,0.009393696,0.01336909,-0.01725564,0.08123434,0,0,0,1,0,0,-0.4604653,0.6669439,-0.4602355,-0.01104027,-0.006121399,-0.0001177192,-0.08733571,0,0,0,1,0,0,-0.0002992016,-0.0004885113,-0.697665,-0.01024957,-0.02488179,0.05951824,-0.1239074,0,0,0,1,0,0,0.4601519,0.6667184,-0.46021,0.02762825,-0.0007867816,-0.02443642,-0.1597679,0,0,0,1,0,0,0.4938603,-0.0001939409,-0.4936077,-0.02291352,-0.01551697,0.04601033,-0.09441274,0,0,0,1,0,0,5.367651E-05,0.6668367,-0.6503861,0.005165422,0.002121926,0.004568698,-0.2263657,0,0,0,1,0,0,0.4238729,1.333436,0.4242014,-0.007848444,-0.001645089,0.004363062,-0.02935845,0,0,0,1,0,0,-0.0002920578,1.333124,0.5991452,-0.01794358,-0.01528264,-0.02152325,-0.1238074,0,0,0,1,0,0,-0.4240996,1.333275,0.4239716,-0.0120774,0.004011394,0.003565849,-0.0620259,0,0,0,1,0,0,0.5993573,1.333268,4.609585E-05,-0.008314852,-0.0106752,-0.002753632,0.1053026,0,0,0,1,0,0,-0.5995572,1.333348,-6.651798E-05,-0.0004291536,0.008487705,-0.00359606,0.09157175,0,0,0,1,0,0,-0.4239828,1.33343,-0.4241069,0.005687776,-0.002872945,-0.005421045,-0.02548432,0,0,0,1,0,0,0.0002167123,1.333224,-0.5993019,0.008433172,-0.00345111,0.01904369,-0.1183507,0,0,0,1,0,0,0.4241322,1.333262,-0.4239146,0.002548099,-0.0008225444,-0.0005900862,-0.05127633,0,0,0,1,0,0,0.3889087,2,0.3889088,0,0,0,0.05000001,0,0,0,0,0,0,0.55,2,4.808253E-08,0,0,0,0.05000001,0,0,0,0,0,0,-6.558685E-09,2,0.55,0,0,0,0.05000001,0,0,0,0,0,0,0.3889087,2,-0.3889087,0,0,0,0.04999995,0,0,0,0,0,0,-0.3889089,2,0.3889086,0,0,0,0.05000001,0,0,0,0,0,0,2.404126E-08,2,-0.55,0,0,0,0.05000001,0,0,0,0,0,0,-0.3889087,2,-0.3889087,0,0,0,0.04999995,0,0,0,0,0,0,-0.55,2,0,0,0,0,0.05000001,0,0,0,0,0,0
108,-0.0006610497,0.6665764,0.650474,-0.01318701,-0.007131699,-0.0237167,-0.2449392,0,0,0,1,0,0,-0.4613888,0.6669518,0.460691,-0.02538563,0.002330543,-0.001674891,-0.188997,0,0,0,1,0,0,-0.4944735,-0.0004853863,0.4928343,-0.01453311,-0.01286284,-0.03262014,-0.1164781,0,0,0,1,0,0,-0.0009705864,-0.0003239943,0.6970878,-0.03262262,-0.01960286,-0.08376542,-0.1326743,0,0,0,1,0,0,-0.7003551,0.0004982688,0.0002496261,-0.02488495,0.004288177,-0.001512746,0.05561095,0,0,0,1,0,0,0.4599312,0.6668549,0.4601918,-0.02396704,-0.002703072,-0.015077,-0.09744364,0,0,0,1,0,0,0.4942269,1.06381E-05,0.4943608,0.002762676,-0.003104458,-0.01227558,0.02748233,0,0,0,1,0,0,-0.6521879,0.6673717,0.0001317715,-0.02008975,0.01101494,0.005686587,6.115437E-05,0,0,0,1,0,0,-0.4944049,8.037254E-06,-0.4934541,-0.003659727,0.004195013,0.00931472,0.03839618,0,0,0,1,0,0,0.6517162,0.6670655,-0.0001028361,0.0426829,0.004133584,-0.007410959,0.02305096,0,0,0,1,0,0,0.6999024,0.0004314551,0.0003600875,0.01533032,0.0101078,0.01361901,0.07056016,0,0,0,1,0,0,-0.4604117,0.6669228,-0.4599701,0.00268221,-0.001055003,0.01326949,-0.08075196,0,0,0,1,0,0,-5.553639E-05,1.778423E-05,-0.6975723,0.01218326,0.02531479,0.004637243,-0.1218466,0,0,0,1,0,0,0.4606682,0.6670183,-0.4601228,0.02581776,0.01499653,0.004360082,-0.166582,0,0,0,1,0,0,0.4939403,-0.0002132185,-0.4933185,0.003999473,-0.0009638785,0.01446158,-0.1041118,0,0,0,1,0,0,-5.410449E-05,0.6666843,-0.6503959,-0.005389052,-0.007617476,-0.0004887583,-0.2255086,0,0,0,1,0,0,0.4236263,1.333249,0.4237352,-0.01232923,-0.00932217,-0.0233099,-0.02662212,0,0,0,1,0,0,-0.0003187922,1.333001,0.5993814,-0.001336719,-0.006157162,0.01180768,-0.1237366,0,0,0,1,0,0,-0.4240998,1.333401,0.4241147,-1.341105E-05,0.00626445,0.007157031,-0.06524146,0,0,0,1,0,0,0.5995879,1.333445,0.0003199238,0.01152754,0.008851293,0.0136914,0.1020721,0,0,0,1,0,0,-0.5999715,1.333313,-8.643876E-05,-0.02071858,-0.00178814,-0.0009960397,0.08813506,0,0,0,1,0,0,-0.4237501,1.333274,-0.4237513,0.01163632,-0.007826093,0.01777709,-0.02276272,0,0,0,1,0,0,0.0003878465,1.333019,-0.5990179,0.008556714,-0.01021028,0.01420081,-0.1186955,0,0,0,1,0,0,0.4240525,1.333355,-0.4239097,-0.003986062,0.004673006,0.0002413989,-0.05450743,0,0,0,1,0,0,0.3889087,2,0.3889088,0,0,0,0.05000001,0,0,0,0,0,0,0.55,2,4.808253E-08,0,0,0,0.05000001,0,0,0,0,0,0,-6.558685E-09,2,0.55,0,0,0,0.05000001,0,0,0,0,0,0,0.3889087,2,-0.3889087,0,0,0,0.04999995,0,0,0,0,0,0,-0.3889089,2,0.3889086,0,0,0,0.05000001,0,0,0,0,0,0,2.404126E-08,2,-0.55,0,0,0,0.05000001,0,0,0,0,0,0,-0.3889087,2,-0.3889087,0,0,0,0.04999995,0,0,0,0,0,0,-0.55,2,0,0,0,0,0.05000001,0,0,0,0,0,0
109,-0.0007378461,0.6663121,0.6504112,-0.003839824,-0.01321734,-0.003135205,-0.2439942,0,0,0,1,0,0,-0.4614943,0.6671055,0.4603157,-0.005276503,0.007683042,-0.01876206,-0.1961593,0,0,0,1,0,0,-0.4947454,1.951871E-05,0.4933509,-0.01359732,0.02524526,0.02583266,-0.1250983,0,0,0,1,0,0,-0.001059195,-0.0004735143,0.6965593,-0.004430449,-0.007476,-0.02642573,-0.1303827,0,0,0,1,0,0,-0.7007756,0.0003637973,0.0002685482,-0.02102257,-0.00672358,0.0009461048,0.04573512,0,0,0,1,0,0,0.459819,0.6667086,0.4599172,-0.00561178,-0.007313493,-0.01372845,-0.09109306,0,0,0,1,0,0,0.4941173,-5.451073E-06,0.4942859,-0.00548214,-0.0008044592,-0.003746153,0.03832275,0,0,0,1,0,0,-0.6515092,0.6673187,-0.0002675602,0.03393592,-0.002649427,-0.01996659,-0.007956386,0,0,0,1,0,0,-0.4945978,0.000140734,-0.4941923,-0.009645525,0.006634841,-0.03691317,0.05000907,0,0,0,1,0,0,0.6518676,0.6671397,-0.0002092781,0.007572773,0.003710391,-0.005322101,0.01559973,0,0,0,1,0,0,0.7000663,0.000206434,0.0001722659,0.008192661,-0.01125106,-0.009391083,0.06009185,0,0,0,1,0,0,-0.4600441,0.6668537,-0.4597746,0.0183791,-0.003454091,0.009775165,-0.07462043,0,0,0,1,0,0,7.928998E-05,-0.0001838741,-0.6979092,0.006741322,-0.01008292,-0.01684726,-0.1187818,0,0,0,1,0,0,0.4605294,0.6667151,-0.4602627,-0.006940964,-0.01515747,-0.006994608,-0.1737741,0,0,0,1,0,0,0.4944589,-0.0001096808,-0.4934473,0.02592952,0.005176889,-0.006441774,-0.1129169,0,0,0,1,0,0,4.018986E-05,0.666526,-0.649659,0.00471472,-0.0079155,0.03684165,-0.2252925,0,0,0,1,0,0,0.4234425,1.333292,0.4240144,-0.00919104,0.002151729,0.0139609,-0.02357566,0,0,0,1,0,0,-0.0005756957,1.332982,0.5994602,-0.01284518,-0.0009655957,0.003942849,-0.123706,0,0,0,1,0,0,-0.4241877,1.333339,0.4242254,-0.004395844,-0.00306964,0.005532803,-0.06847167,0,0,0,1,0,0,0.5994636,1.333253,0.0001454537,-0.006213787,-0.009602312,-0.00872351,0.09828687,0,0,0,1,0,0,-0.6000571,1.333442,-0.0001824717,-0.004276635,0.006490949,-0.004801648,0.08462548,0,0,0,1,0,0,-0.4238718,1.333113,-0.4239642,-0.006085637,-0.008040669,-0.01064241,-0.01970387,0,0,0,1,0,0,0.0003570238,1.332939,-0.5991407,-0.001541136,-0.004023315,-0.006142261,-0.1186626,0,0,0,1,0,0,0.4242487,1.333376,-0.4241428,0.009809438,0.001031161,-0.01165569,-0.05746186,0,0,0,1,0,0,0.3889087,2,0.3889088,0,0,0,0.05000001,0,0,0,0,0,0,0.55,2,4.808253E-08,0,0,0,0.05000001,0,0,0,0,0,0,-6.558685E-09,2,0.55,0,0,0,0.05000001,0,0,0,0,0,0,0.3889087,2,-0.3889087,0,0,0,0.04999995,0,0,0,0,0,0,-0.3889089,2,0.3889086,0,0,0,0.05000001,0,0,0,0,0,0,2.404126E-08,2,-0.55,0,0,0,0.05000001,0,0,0,0,0,0,-0.3889087,2,-0.3889087,0,0,0,0.04999995,0,0,0,0,0,0,-0.55,2,0,0,0,0,0.05000001,0,0,0,0,0,0
110,-0.0007933602,0.6665888,0.6503463,-0.002775703,0.01383424,-0.003248455,-0.2433644,0,0,0,1,0,0,-0.4608173,0.6668295,0.4599499,0.033848,-0.01379848,-0.01829267,-0.2014147,0,0,0,1,0,0,-0.4951504,-0.0001506441,0.4943179,-0.02025069,-0.008508145,0.04834684,-0.1297011,0,0,0,1,0,0,-0.0009537408,-0.0005663254,0.6972113,0.005272728,-0.004640557,0.03259779,-0.1278918,0,0,0,1,0,0,-0.7007507,0.0003025644,0.0001240079,0.001242757,-0.003061644,-0.007227017,0.03939307,0,0,0,1,0,0,0.4596221,0.666661,0.4596117,-0.009843711,-0.002381206,-0.0152737,-0.08729506,0,0,0,1,0,0,0.4941695,0.0002186909,0.4944647,0.002612174,0.0112071,0.0089407,0.0452776,0,0,0,1,0,0,-0.6507509,0.66699,8.525896E-05,0.03791453,-0.01643599,0.01764097,-0.01358432,0,0,0,1,0,0,-0.4948585,0.0003177486,-0.4948599,-0.01303703,0.008850732,-0.03337713,0.0575071,0,0,0,1,0,0,0.6510965,0.6671262,-0.0001386714,-0.03855528,-0.0006735328,0.003530336,0.01014763,0,0,0,1,0,0,0.7004565,0.0001550437,-1.613054E-05,0.01951159,-0.002569513,-0.009419827,0.05377167,0,0,0,1,0,0,-0.4597221,0.6666895,-0.4594803,0.01609922,-0.008210543,0.01471639,-0.07092762,0,0,0,1,0,0,0.0002933514,0.0001406478,-0.6991912,0.01070308,0.0162261,-0.06409588,-0.1159687,0,0,0,1,0,0,0.4602219,0.6669354,-0.4600798,-0.01537651,0.01101494,0.009144846,-0.1785828,0,0,0,1,0,0,0.4947636,6.776564E-05,-0.4941907,0.01523346,0.008872324,-0.03716649,-0.1180952,0,0,0,1,0,0,0.0001331518,0.6664937,-0.649573,0.004648097,-0.001618267,0.004303457,-0.2247192,0,0,0,1,0,0,0.423775,1.333332,0.4240979,0.01662374,0.001972914,0.004172327,-0.02136153,0,0,0,1,0,0,-0.0002978444,1.333311,0.599685,0.01389257,0.01643897,0.01123548,-0.1232891,0,0,0,1,0,0,-0.4244204,1.333508,0.4243881,-0.01163185,0.008434061,0.008134547,-0.07022125,0,0,0,1,0,0,0.5995191,1.333453,0.00024415,0.002774597,0.009971861,0.004934818,0.09624231,0,0,0,1,0,0,-0.6000775,1.333407,-0.0001013739,-0.00101924,-0.00178814,0.004054889,0.08227682,0,0,0,1,0,0,-0.42407,1.333379,-0.4240545,-0.009910766,0.01333356,-0.004518034,-0.01748818,0,0,0,1,0,0,0.000134547,1.333124,-0.5996862,-0.01112384,0.009232763,-0.0272751,-0.1181376,0,0,0,1,0,0,0.4242413,1.333301,-0.4241341,-0.0003665687,-0.003749134,0.0004380943,-0.05952072,0,0,0,1,0,0,0.3889087,2,0.3889088,0,0,0,0.05000001,0,0,0,0,0,0,0.55,2,4.808253E-08,0,0,0,0.05000001,0,0,0,0,0,0,-6.558685E-09,2,0.55,0,0,0,0.05000001,0,0,0,0,0,0,0.3889087,2,-0.3889087,0,0,0,0.04999995,0,0,0,0,0,0,-0.3889089,2,0.3889086,0,0,0,0.05000001,0,0,0,0,0,0,2.404126E-08,2,-0.55,0,0,0,0.05000001,0,0,0,0,0,0,-0.3889087,2,-0.3889087,0,0,0,0.04999995,0,0,0,0,0,0,-0.55,2,0,0,0,0,0.05000001,0,0,0,0,0,0
111,-0.0004663004,0.6665509,0.6501587,0.01635299,-0.001895428,-0.009378795,-0.2421918,0,0,0,1,0,0,-0.4598508,0.6667759,0.4596526,0.04832448,-0.00268221,-0.01486242,-0.2098852,0,0,0,1,0,0,-0.4956174,0.0002799544,0.4954983,-0.02334715,0.02152993,0.05902203,-0.1378965,0,0,0,1,0,0,-0.0006022814,-0.000286433,0.6988307,0.01757298,0.01399463,0.08097294,-0.1231452,0,0,0,1,0,0,-0.7005618,0.0001997416,0.0001990204,0.00944436,-0.005141141,0.003750624,0.02865863,0,0,0,1,0,0,0.4595363,0.6665536,0.4595377,-0.004288556,-0.005367401,-0.00370294,-0.08058906,0,0,0,1,0,0,0.4944976,-4.738349E-05,0.4946524,0.0164032,-0.01330372,0.009386245,0.05737674,0,0,0,1,0,0,-0.6500696,0.6666943,0.0001413365,0.03406705,-0.01478196,0.002803879,-0.02227563,0,0,0,1,0,0,-0.4951563,0.0001829393,-0.4953575,-0.01488925,-0.006740469,-0.02488048,0.06991279,0,0,0,1,0,0,0.6500239,0.666671,-0.0002577085,-0.05363228,-0.02276004,-0.005951855,0.001048863,0,0,0,1,0,0,0.7008472,0.0004244342,-0.0002462841,0.01953543,0.01346953,-0.01150768,0.04298741,0,0,0,1,0,0,-0.4596602,0.66681,-0.4593931,0.003096462,0.006026032,0.004357101,-0.06423545,0,0,0,1,0,0,-1.443349E-06,0.0002174616,-0.7003765,-0.01473974,0.003840691,-0.05926492,-0.1114707,0,0,0,1,0,0,0.4598975,0.6666847,-0.4600282,-0.01621992,-0.01253486,0.002579392,-0.1864069,0,0,0,1,0,0,0.495061,0.000138412,-0.4952234,0.01487285,0.003532318,-0.05163701,-0.1267194,0,0,0,1,0,0,6.067896E-06,0.6667981,-0.649865,-0.006354195,0.01522303,-0.01460016,-0.223174,0,0,0,1,0,0,0.4239295,1.333322,0.4242704,0.007729236,-0.0004827978,0.008624796,-0.01800185,0,0,0,1,0,0,-0.0001215012,1.333423,0.5998331,0.008817164,0.005638602,0.00740588,-0.1230823,0,0,0,1,0,0,-0.4243037,1.333457,0.4241979,0.005835297,-0.002533198,-0.009509925,-0.07386589,0,0,0,1,0,0,0.5997997,1.333376,1.001159E-05,0.01403094,-0.00383258,-0.01170692,0.09260899,0,0,0,1,0,0,-0.599905,1.333458,-0.0001248749,0.008624796,0.002586843,-0.001175049,0.07828945,0,0,0,1,0,0,-0.4243046,1.33338,-0.4242125,-0.0117302,5.36442E-05,-0.007899108,-0.0141353,0,0,0,1,0,0,-0.000127694,1.333366,-0.6000581,-0.01311206,0.01211763,-0.01859368,-0.1176788,0,0,0,1,0,0,0.4243229,1.333428,-0.4243272,0.004076959,0.006324055,-0.009654466,-0.0626846,0,0,0,1,0,0,0.3889087,2,0.3889088,0,0,0,0.05000001,0,0,0,0,0,0,0.55,2,4.808253E-08,0,0,0,0.05000001,0,0,0,0,0,0,-6.558685E-09,2,0.55,0,0,0,0.05000001,0,0,0,0,0,0,0.3889087,2,-0.3889087,0,0,0,0.04999995,0,0,0,0,0,0,-0.3889089,2,0.3889086,0,0,0,0.05000001,0,0,0,0,0,0,2.404126E-08,2,-0.55,0,0,0,0.05000001,0,0,0,0,0,0,-0.3889087,2,-0.3889087,0,0,0,0.04999995,0,0,0,0,0,0,-0.55,2,0,0,0,0,0.05000001,0,0,0,0,0,0
112,4.028984E-05,0.6668613,0.6501127,0.02532952,0.01552106,-0.00230074,-0.2407868,0,0,0,1,0,0,-0.459318,0.6667179,0.4591772,0.02664329,-0.002899767,-0.02377034,-0.2176097,0,0,0,1,0,0,-0.4954808,0.0001581391,0.4960307,0.006826225,-0.006090765,0.02662094,-0.1457904,0,0,0,1,0,0,-4.330848E-05,0.0001821206,0.7008083,0.02794866,0.02342768,0.09888116,-0.1180119,0,0,0,1,0,0,-0.7003055,0.0001038451,-4.919513E-05,0.01281798,-0.004794829,-0.01241078,0.01877582,0,0,0,1,0,0,0.4593834,0.666546,0.459214,-0.007647279,-0.0003784896,-0.01618267,-0.07451177,0,0,0,1,0,0,0.4946403,-1.82799E-05,0.4948945,0.007136169,0.00145518,0.01210273,0.06858838,0,0,0,1,0,0,-0.6494619,0.666425,0.0001107708,0.03038348,-0.01346469,-0.001528289,-0.03041828,0,0,0,1,0,0,-0.4952107,0.0001379152,-0.4954187,-0.002719463,-0.002251203,-0.0030607,0.08125991,0,0,0,1,0,0,0.6493551,0.6665986,-0.0002154856,-0.0334412,-0.003620984,0.002111147,-0.007131636,0,0,0,1,0,0,0.7005478,9.596755E-05,-0.0005050018,-0.01496971,-0.01642334,-0.01293589,0.03259766,0,0,0,1,0,0,-0.4595217,0.666689,-0.4596961,0.006923082,-0.006049874,-0.01514853,-0.05791038,0,0,0,1,0,0,-0.0001934563,0.0002288536,-0.700954,-0.009600651,0.0005696,-0.02887548,-0.107367,0,0,0,1,0,0,0.4593932,0.6666446,-0.4597398,-0.02521426,-0.002008677,0.01441688,-0.1940282,0,0,0,1,0,0,0.4953453,0.000215178,-0.4959135,0.01421124,0.003838302,-0.03450514,-0.1347105,0,0,0,1,0,0,-3.742345E-05,0.6668121,-0.6501181,-0.002174568,0.0007003549,-0.01265407,-0.2216168,0,0,0,1,0,0,0.4242142,1.333339,0.4242345,0.01423359,0.0008344654,-0.001794101,-0.01479954,0,0,0,1,0,0,8.100408E-05,1.333616,0.6001548,0.01012527,0.009626154,0.0160873,-0.1226947,0,0,0,1,0,0,-0.4242452,1.333452,0.4241323,0.002925099,-0.0002443791,-0.003278257,-0.07720357,0,0,0,1,0,0,0.5998993,1.333395,-0.0001700223,0.00497997,0.0009417537,-0.009001697,0.08911592,0,0,0,1,0,0,-0.5999658,1.333328,-0.0001102205,-0.003039838,-0.006532672,0.0007327205,0.07459587,0,0,0,1,0,0,-0.4245203,1.333438,-0.4243631,-0.01078547,0.002896787,-0.00752956,-0.01097143,0,0,0,1,0,0,-0.0001437016,1.333592,-0.6003203,-0.0008003797,0.0112772,-0.01311005,-0.1173207,0,0,0,1,0,0,0.424462,1.333396,-0.4246279,0.006955865,-0.001585484,-0.01503677,-0.06568629,0,0,0,1,0,0,0.3889087,2,0.3889088,0,0,0,0.05000001,0,0,0,0,0,0,0.55,2,4.808253E-08,0,0,0,0.05000001,0,0,0,0,0,0,-6.558685E-09,2,0.55,0,0,0,0.05000001,0,0,0,0,0,0,0.3889087,2,-0.3889087,0,0,0,0.04999995,0,0,0,0,0,0,-0.3889089,2,0.3889086,0,0,0,0.05000001,0,0,0,0,0,0,2.404126E-08,2,-0.55,0,0,0,0.05000001,0,0,0,0,0,0,-0.3889087,2,-0.3889087,0,0,0,0.04999995,0,0,0,0,0,0,-0.55,2,0,0,0,0,0.05000001,0,0,0,0,0,0
113,9.615744E-06,0.6668037,0.6501659,-0.001533705,-0.002881886,0.002658368,-0.2391431,0,0,0,1,0,0,-0.4589691,0.6665503,0.4595864,0.0174448,-0.008380417,0.02045632,-0.2252105,0,0,0,1,0,0,-0.4953326,0.0002717696,0.4959781,0.00741333,0.005681525,-0.002630056,-0.1543426,0,0,0,1,0,0,0.0006461862,0.0005913877,0.7020542,0.03447475,0.02046337,0.06229284,-0.1128616,0,0,0,1,0,0,-0.6998758,0.0002673994,-0.0002813705,0.02148152,0.008177721,-0.01160877,0.008175135,0,0,0,1,0,0,0.459418,0.6666684,0.4594086,0.001731516,0.006118419,0.009725992,-0.06773454,0,0,0,1,0,0,0.4948969,0.0001334796,0.4951359,0.01283139,0.007587977,0.01207144,0.08063978,0,0,0,1,0,0,-0.6491784,0.666272,-4.392325E-05,0.01417399,-0.007650259,-0.007734704,-0.03873813,0,0,0,1,0,0,-0.4950476,-0.0001954589,-0.4953403,0.008153918,-0.01666871,0.003920497,0.09325367,0,0,0,1,0,0,0.6489019,0.6665528,-0.0001641501,-0.02265573,-0.0022918,0.002566775,-0.01564181,0,0,0,1,0,0,0.7000823,0.0001638464,-0.0001104255,-0.02327562,0.003393945,0.01972882,0.02168047,0,0,0,1,0,0,-0.459232,0.6667382,-0.4596729,0.01448542,0.002458693,0.001157821,-0.05151153,0,0,0,1,0,0,-0.000133948,0.0002502787,-0.7013227,0.002975418,0.001071255,-0.0184387,-0.102933,0,0,0,1,0,0,0.4590716,0.666618,-0.4595926,-0.01607836,-0.001326204,0.007364157,-0.2018786,0,0,0,1,0,0,0.4952342,0.000304213,-0.4960401,-0.005552175,0.004451754,-0.006331506,-0.1435594,0,0,0,1,0,0,-9.934212E-05,0.6668127,-0.6503891,-0.003095935,2.68221E-05,-0.01355112,-0.2198136,0,0,0,1,0,0,0.4244369,1.333543,0.424297,0.01113266,0.01021624,0.003127755,-0.01132488,0,0,0,1,0,0,4.219173E-05,1.333362,0.6001095,-0.001940618,-0.01270771,-0.002264977,-0.1228989,0,0,0,1,0,0,-0.4242999,1.333399,0.4240166,-0.002734364,-0.002658368,-0.005783143,-0.08074069,0,0,0,1,0,0,0.6001762,1.3334,-6.595638E-05,0.01384318,0.0002324582,0.005203298,0.08561194,0,0,0,1,0,0,-0.5998852,1.333392,-0.0001623302,0.004029275,0.003200771,-0.002605488,0.07067108,0,0,0,1,0,0,-0.4243775,1.33355,-0.4243664,0.007140639,0.005573037,-0.0001654029,-0.007914782,0,0,0,1,0,0,-0.000298123,1.333788,-0.600613,-0.00772107,0.00982881,-0.01463593,-0.1169485,0,0,0,1,0,0,0.4243161,1.333386,-0.4245457,-0.007295611,-0.0004887583,0.004109742,-0.06920606,0,0,0,1,0,0,0.3889087,2,0.3889088,0,0,0,0.05000001,0,0,0,0,0,0,0.55,2,4.808253E-08,0,0,0,0.05000001,0,0,0,0,0,0,-6.558685E-09,2,0.55,0,0,0,0.05000001,0,0,0,0,0,0,0.3889087,2,-0.3889087,0,0,0,0.04999995,0,0,0,0,0,0,-0.3889089,2,0.3889086,0,0,0,0.05000001,0,0,0,0,0,0,2.404126E-08,2,-0.55,0,0,0,0.05000001,0,0,0,0,0,0,-0.3889087,2,-0.3889087,0,0,0,0.04999995,0,0,0,0,0,0,-0.55,2,0,0,0,0,0.05000001,0,0,0,0,0,0
114,0.0003908094,0.6670024,0.6502118,0.01905969,0.009936098,0.00229478,-0.2374304,0,0,0,1,0,0,-0.4588755,0.6665545,0.4597369,0.004680457,0.0002115966,0.007525089,-0.2320729,0,0,0,1,0,0,-0.4952377,0.0002093506,0.4953686,0.004741551,-0.003120948,-0.03047438,-0.1621,0,0,0,1,0,0,0.0004295083,0.0006259015,0.702229,-0.0108339,0.001725689,0.008738045,-0.1087266,0,0,0,1,0,0,-0.6994237,-3.965954E-05,-0.0001136611,0.02260805,-0.01535296,0.008385473,-0.00141263,0,0,0,1,0,0,0.4596152,0.6668926,0.4598753,0.009860102,0.01120866,0.02333821,-0.06133336,0,0,0,1,0,0,0.4950921,1.144232E-05,0.4953135,0.009758774,-0.006101866,0.008878116,0.09179276,0,0,0,1,0,0,-0.6491425,0.6666818,-0.0002160228,0.001797081,0.0204891,-0.008604983,-0.04612005,0,0,0,1,0,0,-0.4947302,-2.636552E-05,-0.4952321,0.01586974,0.00845467,0.005409124,0.1040014,0,0,0,1,0,0,0.648977,0.6665577,-3.332947E-05,0.003755094,0.0002443791,0.006541033,-0.02300185,0,0,0,1,0,0,0.6994473,7.215509E-05,0.0002387575,-0.03175141,-0.004584569,0.01745915,0.01169515,0,0,0,1,0,0,-0.4595501,0.6666479,-0.4596559,-0.01590551,-0.004518034,0.0008523468,-0.04513556,0,0,0,1,0,0,-0.0002284785,0.0002814936,-0.7010513,-0.004726526,0.001560747,0.01357198,-0.09904188,0,0,0,1,0,0,0.4592348,0.666562,-0.4591945,0.008159879,-0.0028044,0.01990051,-0.2088208,0,0,0,1,0,0,0.4954437,0.0001513021,-0.4959043,0.01047552,-0.007645548,0.006791952,-0.1512153,0,0,0,1,0,0,0.000114555,0.6669219,-0.6505884,0.01069486,0.005462768,-0.0099659,-0.2181445,0,0,0,1,0,0,0.4245464,1.333553,0.4243942,0.005476179,0.0005006792,0.00485629,-0.008322299,0,0,0,1,0,0,0.0002231376,1.333629,0.6003148,0.009047298,0.01333356,0.01026392,-0.1225291,0,0,0,1,0,0,-0.4241768,1.333587,0.4242875,0.006152692,0.009399656,0.01354367,-0.08383363,0,0,0,1,0,0,0.6001616,1.333437,9.490369E-05,-0.0007301572,0.001859666,0.008043007,0.08221656,0,0,0,1,0,0,-0.5996005,1.33321,9.941968E-05,0.01423359,-0.009101633,0.0130875,0.06665951,0,0,0,1,0,0,-0.4242689,1.333425,-0.4243842,0.005429985,-0.006240609,-0.0008881096,-0.005242527,0,0,0,1,0,0,-4.035181E-05,1.333504,-0.600439,0.01288856,-0.01419783,0.008699302,-0.1172791,0,0,0,1,0,0,0.4242715,1.333284,-0.4243152,-0.002227725,-0.005078318,0.01152605,-0.072496,0,0,0,1,0,0,0.3889087,2,0.3889088,0,0,0,0.05000001,0,0,0,0,0,0,0.55,2,4.808253E-08,0,0,0,0.05000001,0,0,0,0,0,0,-6.558685E-09,2,0.55,0,0,0,0.05000001,0,0,0,0,0,0,0.3889087,2,-0.3889087,0,0,0,0.04999995,0,0,0,0,0,0,-0.3889089,2,0.3889086,0,0,0,0.05000001,0,0,0,0,0,0,2.404126E-08,2,-0.55,0,0,0,0.05000001,0,0,0,0,0,0,-0.3889087,2,-0.3889087,0,0,0,0.04999995,0,0,0,0,0,0,-0.55,2,0,0,0,0,0.05000001,0,0,0,0,0,0
115,0.0001029957,0.6668624,0.6503693,-0.01439069,-0.007000568,0.007876757,-0.2356699,0,0,0,1,0,0,-0.459328,0.6665962,0.4594096,-0.02262444,0.002083183,-0.01636297,-0.2385539,0,0,0,1,0,0,-0.4948016,0.000269019,0.4954276,0.02180935,0.002983419,0.002948941,-0.1694063,0,0,0,1,0,0,0.0003184305,0.0004468391,0.7015278,-0.005553889,-0.008953123,-0.03505947,-0.1050161,0,0,0,1,0,0,-0.6991612,-0.0001112984,-7.467306E-05,0.01312495,-0.003581946,0.001949405,-0.01052845,0,0,0,1,0,0,0.45997,0.6667802,0.460032,0.01773984,-0.00562072,0.007835033,-0.05503529,0,0,0,1,0,0,0.4951157,0.0002439171,0.4958199,0.001177192,0.01162374,0.02532006,0.1025979,0,0,0,1,0,0,-0.6499347,0.6667362,-8.655736E-05,-0.03961028,0.002717973,0.006473276,-0.05280012,0,0,0,1,0,0,-0.4945114,-7.486103E-05,-0.495077,0.01094044,-0.002424777,0.007754568,0.1146981,0,0,0,1,0,0,0.6495764,0.6665108,0.0001406887,0.02996923,-0.002342463,0.008700914,-0.02975219,0,0,0,1,0,0,0.6988544,-0.0004545557,0.0003173939,-0.0296414,-0.02633555,0.003931826,0.002162814,0,0,0,1,0,0,-0.4593182,0.6666519,-0.4594522,0.01159609,0.0002026559,0.01018346,-0.03952634,0,0,0,1,0,0,0.0003016495,0.0002517063,-0.7005293,0.02650641,-0.001489367,0.0260979,-0.09533364,0,0,0,1,0,0,0.4594684,0.6665671,-0.4593076,0.01167655,0.0002592803,-0.005654993,-0.2152922,0,0,0,1,0,0,0.4950541,6.787093E-05,-0.4953479,-0.01948179,-0.004171561,0.02782048,-0.1591289,0,0,0,1,0,0,8.121564E-05,0.6666476,-0.6504058,-0.001666968,-0.01371801,0.009131435,-0.2167032,0,0,0,1,0,0,0.4242906,1.333384,0.4244519,-0.01278967,-0.008469824,0.002887846,-0.005790591,0,0,0,1,0,0,7.85723E-05,1.333285,0.5999039,-0.007228268,-0.01716615,-0.02054573,-0.1230521,0,0,0,1,0,0,-0.4242406,1.333311,0.4242623,-0.00318885,-0.01381636,-0.001260639,-0.08715588,0,0,0,1,0,0,0.5998027,1.33347,0.0001559227,-0.01794399,0.00166297,0.003050949,0.07858193,0,0,0,1,0,0,-0.5997634,1.333286,-9.243816E-05,-0.008144978,0.003814699,-0.009592895,0.06335574,0,0,0,1,0,0,-0.4241818,1.333452,-0.424637,0.004354121,0.001329184,-0.01264215,-0.002475262,0,0,0,1,0,0,-1.37371E-05,1.333593,-0.6000559,0.001330736,0.004452469,0.01915396,-0.1174632,0,0,0,1,0,0,0.424096,1.33325,-0.4241545,-0.008776788,-0.001734496,0.008033219,-0.07575238,0,0,0,1,0,0,0.3889087,2,0.3889088,0,0,0,0.05000001,0,0,0,0,0,0,0.55,2,4.808253E-08,0,0,0,0.05000001,0,0,0,0,0,0,-6.558685E-09,2,0.55,0,0,0,0.05000001,0,0,0,0,0,0,0.3889087,2,-0.3889087,0,0,0,0.04999995,0,0,0,0,0,0,-0.3889089,2,0.3889086,0,0,0,0.05000001,0,0,0,0,0,0,2.404126E-08,2,-0.55,0,0,0,0.05000001,0,0,0,0,0,0,-0.3889087,2,-0.3889087,0,0,0,0.04999995,0,0,0,0,0,0,-0.55,2,0,0,0,0,0.05000001,0,0,0,0,0,0
116,-9.846628E-06,0.6668698,0.6507824,-0.005642117,0.0003725292,0.020656,-0.2338682,0,0,0,1,0,0,-0.459656,0.6666744,0.4596938,-0.0164032,0.003913046,0.01420826,-0.243549,0,0,0,1,0,0,-0.4947326,0.0001655482,0.4948434,0.00344813,-0.00517354,-0.02920927,-0.1751844,0,0,0,1,0,0,0.0001351229,0.0001571821,0.7003506,-0.009165386,-0.01448285,-0.05885663,-0.10228,0,0,0,1,0,0,-0.6992779,8.271067E-05,-0.0001605338,-0.005835297,0.009700458,-0.004293038,-0.01758236,0,0,0,1,0,0,0.4597916,0.6670147,0.4603496,-0.008919839,0.01172424,0.01588017,-0.05038226,0,0,0,1,0,0,0.4951316,0.0003582312,0.4954106,0.0007942322,0.005715705,-0.02046526,0.111142,0,0,0,1,0,0,-0.650164,0.6667274,-0.0001406389,-0.01146496,-0.0004410745,-0.002704078,-0.05854964,0,0,0,1,0,0,-0.4945824,-0.0002120821,-0.4947235,-0.003547968,-0.006861054,0.01767427,0.1235766,0,0,0,1,0,0,0.6500494,0.6665483,0.0003614653,0.02365113,0.001871587,0.01103883,-0.0352143,0,0,0,1,0,0,0.6989012,-0.0001372519,0.0006194507,0.002339483,0.0158652,0.01510284,-0.005180597,0,0,0,1,0,0,-0.4596744,0.6667597,-0.4599548,-0.0178069,0.005391242,-0.02513082,-0.0342958,0,0,0,1,0,0,0.0001322688,-5.199737E-05,-0.6996759,-0.008469039,-0.01518519,0.04267396,-0.09218204,0,0,0,1,0,0,0.4597954,0.6666571,-0.4594764,0.01635403,0.004497172,-0.008437041,-0.2203633,0,0,0,1,0,0,0.4949115,0.0002704606,-0.4948221,-0.007130208,0.01012949,0.02628864,-0.1654055,0,0,0,1,0,0,-0.0001484316,0.6666515,-0.6501964,-0.01148236,0.0001966954,0.01046956,-0.2154696,0,0,0,1,0,0,0.4243089,1.333509,0.4242384,0.0009164218,0.006246569,-0.01067818,-0.003494382,0,0,0,1,0,0,-0.0001710671,1.333205,0.6001457,-0.01248197,-0.003993513,0.01209081,-0.1229625,0,0,0,1,0,0,-0.4239511,1.33336,0.4240738,0.0144735,0.002455712,-0.009424988,-0.08994246,0,0,0,1,0,0,0.5994941,1.333288,6.121195E-05,-0.01542867,-0.009107593,-0.004735537,0.0754565,0,0,0,1,0,0,-0.5997426,1.333403,-0.0001711422,0.001040102,0.00587106,-0.003935202,0.06055838,0,0,0,1,0,0,-0.4241023,1.333354,-0.4241285,0.003974141,-0.004887583,0.02542586,-0.0005201101,0,0,0,1,0,0,0.0001400153,1.333362,-0.5998482,0.007687625,-0.01158715,0.01038611,-0.1177745,0,0,0,1,0,0,0.4240325,1.333365,-0.423851,-0.003172458,0.005775692,0.01517684,-0.07830417,0,0,0,1,0,0,0.3889087,2,0.3889088,0,0,0,0.05000001,0,0,0,0,0,0,0.55,2,4.808253E-08,0,0,0,0.05000001,0,0,0,0,0,0,-6.558685E-09,2,0.55,0,0,0,0.05000001,0,0,0,0,0,0,0.3889087,2,-0.3889087,0,0,0,0.04999995,0,0,0,0,0,0,-0.3889089,2,0.3889086,0,0,0,0.05000001,0,0,0,0,0,0,2.404126E-08,2,-0.55,0,0,0,0.05000001,0,0,0,0,0,0,-0.3889087,2,-0.3889087,0,0,0,0.04999995,0,0,0,0,0,0,-0.55,2,0,0,0,0,0.05000001,0,0,0,0,0,0
117,-1.575893E-05,0.6667323,0.650587,-0.0002956151,-0.006875399,-0.009772185,-0.2317923,0,0,0,1,0,0,-0.4600267,0.6668581,0.4600469,-0.01853109,0.009182099,0.0176549,-0.2510983,0,0,0,1,0,0,-0.4944905,0.000227211,0.4944974,0.01210571,0.003083138,-0.01729877,-0.1834008,0,0,0,1,0,0,-0.0001286438,9.71366E-05,0.6993975,-0.01318834,-0.003002278,-0.04765691,-0.09739488,0,0,0,1,0,0,-0.6992614,5.542905E-05,-7.664257E-06,0.0008225444,-0.001364082,0.007643479,-0.02803886,0,0,0,1,0,0,0.4599509,0.6670927,0.4604182,0.007964673,0.003901126,0.003430249,-0.04322684,0,0,0,1,0,0,0.4946005,-1.52811E-05,0.4950238,-0.02655388,-0.01867562,-0.01933575,0.1236861,0,0,0,1,0,0,-0.6506887,0.6669629,0.0001281137,-0.026235,0.0117749,0.01343763,-0.06709909,0,0,0,1,0,0,-0.4949308,8.458876E-05,-0.4944184,-0.01742394,0.01483355,0.01525581,0.1369916,0,0,0,1,0,0,0.6504769,0.6666846,0.0002354732,0.02137125,0.006815794,-0.006299607,-0.04381567,0,0,0,1,0,0,0.6993337,7.823649E-05,0.0006819365,0.02162457,0.01077442,0.003124292,-0.01569039,0,0,0,1,0,0,-0.4599115,0.6668425,-0.4600308,-0.01185835,0.004139544,-0.003799798,-0.0270679,0,0,0,1,0,0,0.0001147303,8.557323E-05,-0.6992337,-0.0008769242,0.006878533,0.02210737,-0.08678925,0,0,0,1,0,0,0.4600362,0.666634,-0.4596938,0.01203567,-0.001156331,-0.01086891,-0.2281527,0,0,0,1,0,0,0.4946533,-7.918553E-05,-0.4943878,-0.01290888,-0.01748231,0.02171547,-0.1739441,0,0,0,1,0,0,0.0001093295,0.6666506,-0.650286,0.01288806,-4.47035E-05,-0.004479291,-0.2132583,0,0,0,1,0,0,0.4238652,1.333318,0.424103,-0.02218486,-0.009518865,-0.00676662,-0.0006257892,0,0,0,1,0,0,-0.000156162,1.333445,0.5999706,0.0007452541,0.01199246,-0.008755926,-0.1228769,0,0,0,1,0,0,-0.4241441,1.333342,0.4241501,-0.009649996,-0.0009179119,0.003816189,-0.09365249,0,0,0,1,0,0,0.5995746,1.333402,3.813385E-05,0.004026295,0.005710127,-0.001153905,0.0714519,0,0,0,1,0,0,-0.5998263,1.333147,-7.073594E-05,-0.004187228,-0.01280308,0.005020314,0.05615389,0,0,0,1,0,0,-0.4238691,1.333312,-0.4238755,0.01166314,-0.002104045,0.01265109,0.002487421,0,0,0,1,0,0,0.0001092108,1.33312,-0.5997503,-0.001540228,-0.01207591,0.004893543,-0.1179899,0,0,0,1,0,0,0.4241797,1.333393,-0.423852,0.007359686,0.001364947,-5.066397E-05,-0.08190954,0,0,0,1,0,0,0.3889087,2,0.3889088,0,0,0,0.05000001,0,0,0,0,0,0,0.55,2,4.808253E-08,0,0,0,0.05000001,0,0,0,0,0,0,-6.558685E-09,2,0.55,0,0,0,0.05000001,0,0,0,0,0,0,0.3889087,2,-0.3889087,0,0,0,0.04999995,0,0,0,0,0,0,-0.3889089,2,0.3889086,0,0,0,0.05000001,0,0,0,0,0,0,2.404126E-08,2,-0.55,0,0,0,0.05000001,0,0,0,0,0,0,-0.3889087,2,-0.3889087,0,0,0,0.04999995,0,0,0,0,0,0,-0.55,2,0,0,0,0,0.05000001,0,0,0,0,0,0
118,-0.0001689119,0.6667655,0.6506174,-0.007657649,0.00165999,0.001519919,-0.2297167,0,0,0,1,0,0,-0.4605102,0.6667712,0.4600468,-0.02417863,-0.0043422,-2.980233E-06,-0.2577212,0,0,0,1,0,0,-0.494408,0.0001003707,0.4942769,0.004121663,-0.006342017,-0.01102537,-0.189992,0,0,0,1,0,0,-0.0004137038,-0.0002463032,0.6987483,-0.01425301,-0.017172,-0.0324607,-0.09258389,0,0,0,1,0,0,-0.6993008,-6.086151E-05,9.294994E-05,-0.001966954,-0.00581453,0.005030712,-0.03684878,0,0,0,1,0,0,0.4601448,0.6667231,0.4601614,0.009697679,-0.01847745,-0.01284183,-0.03704178,0,0,0,1,0,0,0.494259,-0.000239515,0.4944247,-0.01707376,-0.0112117,-0.0299588,0.1346476,0,0,0,1,0,0,-0.6510293,0.6670479,6.16481E-05,-0.01702905,0.004249813,-0.00332328,-0.07457018,0,0,0,1,0,0,-0.4949677,1.262208E-05,-0.4943708,-0.001843274,-0.003598336,0.002378226,0.1486515,0,0,0,1,0,0,0.650777,0.6666642,3.880561E-05,0.01500846,-0.00101924,-0.009833385,-0.05146462,0,0,0,1,0,0,0.6999816,0.00012667,2.977414E-05,0.03239514,0.002421676,-0.03260813,-0.02466911,0,0,0,1,0,0,-0.4598744,0.6670144,-0.4596932,0.001858175,0.008594994,0.01688004,-0.02122158,0,0,0,1,0,0,-0.0001824255,-2.657487E-05,-0.6988742,-0.01485779,-0.005607408,0.01797379,-0.08155757,0,0,0,1,0,0,0.460122,0.6668095,-0.4600171,0.004294517,0.008776788,-0.01616777,-0.234918,0,0,0,1,0,0,0.4944043,-0.0001295122,-0.4940902,-0.01244843,-0.002516333,0.0148818,-0.1811369,0,0,0,1,0,0,8.704896E-06,0.6665601,-0.6501887,-0.005031232,-0.004523994,0.004863741,-0.2112883,0,0,0,1,0,0,0.4240554,1.3333,0.4241844,0.009506945,-0.0008881096,0.004069509,0.00243026,0,0,0,1,0,0,-0.0001956239,1.333168,0.599744,-0.001973093,-0.01385213,-0.01133085,-0.1232141,0,0,0,1,0,0,-0.4242678,1.333416,0.4242352,-0.006183984,0.003719331,0.004255773,-0.0968557,0,0,0,1,0,0,0.599589,1.333342,0.0002000728,0.0007182363,-0.002992154,0.008096952,0.06789285,0,0,0,1,0,0,-0.5998499,1.333459,-1.113488E-05,-0.001177192,0.01556874,0.002980054,0.05257279,0,0,0,1,0,0,-0.4241478,1.333273,-0.424089,-0.01393557,-0.001955033,-0.01067371,0.005574346,0,0,0,1,0,0,0.0002037484,1.333176,-0.5993606,0.004726882,0.002789499,0.01948775,-0.1182071,0,0,0,1,0,0,0.4240732,1.333372,-0.4238366,-0.005324187,-0.00101924,0.0007718804,-0.08525258,0,0,0,1,0,0,0.3889087,2,0.3889088,0,0,0,0.05000001,0,0,0,0,0,0,0.55,2,4.808253E-08,0,0,0,0.05000001,0,0,0,0,0,0,-6.558685E-09,2,0.55,0,0,0,0.05000001,0,0,0,0,0,0,0.3889087,2,-0.3889087,0,0,0,0.04999995,0,0,0,0,0,0,-0.3889089,2,0.3889086,0,0,0,0.05000001,0,0,0,0,0,0,2.404126E-08,2,-0.55,0,0,0,0.05000001,0,0,0,0,0,0,-0.3889087,2,-0.3889087,0,0,0,0.04999995,0,0,0,0,0,0,-0.55,2,0,0,0,0,0.05000001,0,0,0,0,0,0
119,-0.003066593,0.6666882,0.653666,-0.1448841,-0.003865363,0.15243,-0.2255796,0,0,0,1,0,0,-0.4639024,0.6671932,0.4624374,-0.1696095,0.02109707,0.1195282,-0.2601998,0,0,0,1,0,0,-0.499035,0.001774469,0.4988911,-0.2313481,0.08370496,0.2307088,-0.1914397,0,0,0,1,0,0,-0.001623575,0.0004210292,0.6980371,-0.06049356,0.03336664,-0.03555717,-0.08866721,0,0,0,1,0,0,-0.699869,0.0002580699,0.0004677679,-0.02841355,0.01594658,0.0187409,-0.04490554,0,0,0,1,0,0,0.457587,0.6658173,0.4597259,-0.1278922,-0.04529359,-0.02177359,-0.03370404,0,0,0,1,0,0,0.4922991,0.001145179,0.4947916,-0.09799752,0.06923471,0.01834781,0.1433989,0,0,0,1,0,0,-0.6509563,0.6669976,0.0004111212,0.003650786,-0.002515317,0.01747366,-0.08224285,0,0,0,1,0,0,-0.4947343,-0.0002083822,-0.4933206,0.01167208,-0.01105022,0.05251469,0.1592494,0,0,0,1,0,0,0.6510018,0.6669255,-0.0001498891,0.01123548,0.01306534,-0.00943474,-0.05876011,0,0,0,1,0,0,0.7001778,0.0003264971,-0.0004095287,0.009810928,0.009991358,-0.02196515,-0.03335971,0,0,0,1,0,0,-0.4601843,0.6667259,-0.4596046,-0.0154987,-0.01442731,0.004431607,-0.01524574,0,0,0,1,0,0,-0.000285225,-0.0002425785,-0.6987983,-0.005139976,-0.01080019,0.003796817,-0.07613051,0,0,0,1,0,0,0.4601123,0.6666944,-0.4606465,-0.0004857781,-0.005754831,-0.03146828,-0.2412625,0,0,0,1,0,0,0.4945364,0.0002141166,-0.4943028,0.006601217,0.01718144,-0.01063049,-0.1873599,0,0,0,1,0,0,-0.0001089977,0.6665492,-0.650138,-0.005885131,-0.0005453827,0.002536179,-0.2092664,0,0,0,1,0,0,0.421797,1.333246,0.4233479,-0.1129181,-0.002712013,-0.04182608,0.003190875,0,0,0,1,0,0,-0.001173312,1.332727,0.5996369,-0.04888441,-0.02205373,-0.005352499,-0.1237239,0,0,0,1,0,0,-0.4242876,1.33379,0.4242279,-0.0009894375,0.01867414,-0.0003650786,-0.09978503,0,0,0,1,0,0,0.5971257,1.332909,0.000716094,-0.1231641,-0.02165438,0.02580107,0.06253618,0,0,0,1,0,0,-0.5996831,1.333339,0.0002530564,0.008338694,-0.005960467,0.01320957,0.04871827,0,0,0,1,0,0,-0.4240672,1.333243,-0.4237401,0.004027785,-0.001490117,0.01744182,0.008077502,0,0,0,1,0,0,0.0002028695,1.333314,-0.5997532,-4.394462E-05,0.006920102,-0.0196308,-0.1178185,0,0,0,1,0,0,0.4242764,1.33342,-0.4241796,0.01015962,0.002396108,-0.01715273,-0.08807421,0,0,0,1,0,0,0.3889087,2,0.3889088,0,0,0,0.05000001,0,0,0,0,0,0,0.55,2,4.808253E-08,0,0,0,0.05000001,0,0,0,0,0,0,-6.558685E-09,2,0.55,0,0,0,0.05000001,0,0,0,0,0,0,0.3889087,2,-0.3889087,0,0,0,0.04999995,0,0,0,0,0,0,-0.3889089,2,0.3889086,0,0,0,0.05000001,0,0,0,0,0,0,2.404126E-08,2,-0.55,0,0,0,0.05000001,0,0,0,0,0,0,-0.3889087,2,-0.3889087,0,0,0,0.04999995,0,0,0,0,0,0,-0.55,2,0,0,0,0,0.05000001,0,0,0,0,0,0
120,-0.004887959,0.6671393,0.6561988,-0.09106834,0.02255441,0.126642,-0.2223196,0,0,0,1,0,0,-0.4654574,0.6686637,0.4629781,-0.07774684,0.07352534,0.02703519,-0.2628317,0,0,0,1,0,0,-0.5060941,0.005131326,0.5049821,-0.352955,0.1678429,0.3045471,-0.1894586,0,0,0,1,0,0,-0.00612164,-0.0007508637,0.6954224,-0.2249033,-0.05859467,-0.1307369,-0.08829856,0,0,0,1,0,0,-0.7003884,0.0007138401,0.001754517,-0.02596975,0.02278852,0.06433745,-0.05065584,0,0,0,1,0,0,0.4529203,0.6650665,0.4591293,-0.2333359,-0.03753604,-0.02982916,-0.03426385,0,0,0,1,0,0,0.4891719,0.001285557,0.4952314,-0.1563594,0.007018904,0.02198667,0.147998,0,0,0,1,0,0,-0.6515481,0.6670668,0.0006233792,-0.02959074,0.003463031,0.01061291,-0.08682537,0,0,0,1,0,0,-0.4933451,-0.0006250085,-0.4912587,0.06945732,-0.02083133,0.1030922,0.1649539,0,0,0,1,0,0,0.6487502,0.6661274,-5.198816E-05,-0.1125783,-0.03990532,0.00489505,-0.06586617,0,0,0,1,0,0,0.6994098,0.0001310813,3.313385E-05,-0.03840031,-0.009770792,0.02213314,-0.03938854,0,0,0,1,0,0,-0.4602087,0.6669082,-0.4589134,-0.001215935,0.009116534,0.03455879,-0.0117119,0,0,0,1,0,0,-0.0006547343,-0.000325691,-0.6982117,-0.01847547,-0.004155628,0.02933146,-0.07268298,0,0,0,1,0,0,0.4598953,0.6665,-0.4606825,-0.01085401,-0.009721521,-0.001798571,-0.2459154,0,0,0,1,0,0,0.4946353,-7.225583E-06,-0.494927,0.004947187,-0.01106711,-0.03121199,-0.1908506,0,0,0,1,0,0,-3.382343E-05,0.6666397,-0.6501016,0.003758714,0.004523994,0.001817942,-0.2079035,0,0,0,1,0,0,0.4208399,1.333206,0.4230247,-0.0478551,-0.002014638,-0.01615733,0.004177511,0,0,0,1,0,0,-0.00162919,1.332632,0.6006079,-0.02279392,-0.004756453,0.04855098,-0.1232008,0,0,0,1,0,0,-0.4253608,1.334122,0.424466,-0.0536591,0.01662374,0.01190305,-0.1009517,0,0,0,1,0,0,0.5943698,1.332702,0.001269529,-0.1377941,-0.01038313,0.02767177,0.05821735,0,0,0,1,0,0,-0.599961,1.333319,-0.0001218283,-0.01389385,-0.0010252,-0.01874425,0.04664606,0,0,0,1,0,0,-0.424022,1.333445,-0.4239177,0.002263487,0.01010895,-0.008881096,0.009998322,0,0,0,1,0,0,-0.0002609707,1.333445,-0.6000245,-0.02319202,0.006538632,-0.01356304,-0.1174613,0,0,0,1,0,0,0.4245194,1.333429,-0.424682,0.01215041,0.0004172327,-0.0251189,-0.08983463,0,0,0,1,0,0,0.3889087,2,0.3889088,0,0,0,0.05000001,0,0,0,0,0,0,0.55,2,4.808253E-08,0,0,0,0.05000001,0,0,0,0,0,0,-6.558685E-09,2,0.55,0,0,0,0.05000001,0,0,0,0,0,0,0.3889087,2,-0.3889087,0,0,0,0.04999995,0,0,0,0,0,0,-0.3889089,2,0.3889086,0,0,0,0.05000001,0,0,0,0,0,0,2.404126E-08,2,-0.55,0,0,0,0.05000001,0,0,0,0,0,0,-0.3889087,2,-0.3889087,0,0,0,0.04999995,0,0,0,0,0,0,-0.55,2,0,0,0,0,0.05000001,0,0,0,0,0,0
121,-0.003608121,0.6681449,0.657173,0.06399194,0.0502825,0.04870893,-0.2187264,0,0,0,1,0,0,-0.4659539,0.6707191,0.4634468,-0.02482534,0.1027704,0.02343656,-0.2689401,0,0,0,1,0,0,-0.5109636,0.009341953,0.5114968,-0.2434731,0.2105315,0.3257395,-0.1911927,0,0,0,1,0,0,-0.01012373,-0.001148068,0.6937145,-0.2001045,-0.01986024,-0.08539561,-0.08502102,0,0,0,1,0,0,-0.6999686,0.001208237,0.004735203,0.02099276,0.02471985,0.1490344,-0.06104076,0,0,0,1,0,0,0.4510488,0.6646003,0.4579507,-0.09357337,-0.02331139,-0.05893113,-0.03021693,0,0,0,1,0,0,0.4866469,-0.0004831048,0.494231,-0.1262472,-0.08843311,-0.05001726,0.1577983,0,0,0,1,0,0,-0.6512169,0.6674755,0.001113713,0.01655818,0.02043546,0.02451671,-0.09536266,0,0,0,1,0,0,-0.4917601,-0.0009058845,-0.4894068,0.07925037,-0.01404381,0.09259734,0.1751002,0,0,0,1,0,0,0.6469285,0.6656772,0.0004162242,-0.09108488,-0.02250672,0.02341063,-0.07543844,0,0,0,1,0,0,0.6984709,-0.0006109588,-0.0002979791,-0.04694762,-0.03710202,-0.01655565,-0.04891843,0,0,0,1,0,0,-0.4603439,0.6664152,-0.4581659,-0.00676364,-0.02465249,0.03737362,-0.005699754,0,0,0,1,0,0,-0.000554959,-0.000431648,-0.6977023,0.004988765,-0.005297849,0.02546609,-0.06683773,0,0,0,1,0,0,0.4598067,0.6666706,-0.4605167,-0.004428627,0.008532409,0.008286539,-0.2532101,0,0,0,1,0,0,0.4948713,0.0001533148,-0.4962395,0.01180023,0.008027022,-0.06562474,-0.1962203,0,0,0,1,0,0,-0.0003999161,0.6671787,-0.6501511,-0.01830464,0.02695025,-0.002473594,-0.2053905,0,0,0,1,0,0,0.4214496,1.333247,0.4237073,0.03048332,0.002062321,0.03412665,0.007773221,0,0,0,1,0,0,-0.0007240088,1.333479,0.6016112,0.04525907,0.04234912,0.05016329,-0.1217592,0,0,0,1,0,0,-0.4251751,1.334286,0.4252277,0.009281937,0.008189681,0.03808589,-0.1041958,0,0,0,1,0,0,0.5950031,1.332666,0.001509078,0.03166498,-0.001794101,0.01197744,0.05505878,0,0,0,1,0,0,-0.6014228,1.333497,-0.0007148336,-0.07309023,0.008898977,-0.02965027,0.04417425,0,0,0,1,0,0,-0.4244055,1.333434,-0.4240338,-0.0191778,-0.0005424025,-0.005804005,0.01319039,0,0,0,1,0,0,-0.000776674,1.333898,-0.6005198,-0.02578517,0.0226617,-0.02476872,-0.1166949,0,0,0,1,0,0,0.4245688,1.333368,-0.4247936,0.002466143,-0.003010036,-0.005581977,-0.09318,0,0,0,1,0,0,0.3889087,2,0.3889088,0,0,0,0.05000001,0,0,0,0,0,0,0.55,2,4.808253E-08,0,0,0,0.05000001,0,0,0,0,0,0,-6.558685E-09,2,0.55,0,0,0,0.05000001,0,0,0,0,0,0,0.3889087,2,-0.3889087,0,0,0,0.04999995,0,0,0,0,0,0,-0.3889089,2,0.3889086,0,0,0,0.05000001,0,0,0,0,0,0,2.404126E-08,2,-0.55,0,0,0,0.05000001,0,0,0,0,0,0,-0.3889087,2,-0.3889087,0,0,0,0.04999995,0,0,0,0,0,0,-0.55,2,0,0,0,0,0.05000001,0,0,0,0,0,0
122,-0.005290313,0.6668116,0.6557357,-0.08410963,-0.06666782,-0.07186535,-0.2182272,0,0,0,1,0,0,-0.4723773,0.6735038,0.4653493,-0.3211708,0.1392335,0.09512309,-0.2688423,0,0,0,1,0,0,-0.5218059,0.01631526,0.5196528,-0.5421194,0.3486657,0.4077972,-0.1892633,0,0,0,1,0,0,-0.01264903,0.001445511,0.692563,-0.1262651,0.129679,-0.05757513,-0.08233386,0,0,0,1,0,0,-0.7106198,0.005286323,0.006968128,-0.5325618,0.2039044,0.1116463,-0.06327802,0,0,0,1,0,0,0.4481881,0.6635794,0.4568251,-0.1430363,-0.05104544,-0.05627873,-0.02736205,0,0,0,1,0,0,0.4849071,-0.0005018293,0.4909532,-0.08699004,-0.0009362269,-0.163889,0.1663422,0,0,0,1,0,0,-0.6505124,0.6687352,1.164436E-05,0.03522636,0.06298425,-0.05510347,-0.1028275,0,0,0,1,0,0,-0.4897622,-0.001200382,-0.4873597,0.09989742,-0.01472488,0.1023516,0.1726316,0,0,0,1,0,0,0.6477183,0.6655957,-2.713975E-05,0.03948809,-0.004076959,-0.02216821,-0.08258408,0,0,0,1,0,0,0.7043259,0.001627915,-0.002688798,0.2927483,0.1119437,-0.119541,-0.05443579,0,0,0,1,0,0,-0.45845,0.6660317,-0.4564172,0.09469841,-0.01917184,0.08743558,-0.002332509,0,0,0,1,0,0,0.001509295,-0.0003174018,-0.6971544,0.1032127,0.005712308,0.02739729,-0.06212407,0,0,0,1,0,0,0.4656589,0.6680256,-0.4633541,0.2926098,0.06774965,-0.141871,-0.2533354,0,0,0,1,0,0,0.5028509,0.003379531,-0.5001798,0.3989787,0.1613109,-0.1970158,-0.196525,0,0,0,1,0,0,0.000311532,0.6671658,-0.6505741,0.03557242,-0.0006437304,-0.0211537,-0.2028872,0,0,0,1,0,0,0.4192819,1.333236,0.4226281,-0.1083822,-0.0005722048,-0.05395713,0.008536756,0,0,0,1,0,0,-0.001086837,1.333504,0.6018139,-0.01814141,0.001239777,0.01013279,-0.1216427,0,0,0,1,0,0,-0.4250075,1.33477,0.4255497,0.008380417,0.0241995,0.0161022,-0.1071284,0,0,0,1,0,0,0.5947546,1.332383,0.001943288,-0.01242459,-0.01412631,0.02171054,0.05139405,0,0,0,1,0,0,-0.6013265,1.33311,-0.001115186,0.004813077,-0.01932979,-0.02001761,0.04038656,0,0,0,1,0,0,-0.4232752,1.332874,-0.4237284,0.05651566,-0.02799631,0.01527072,0.01458263,0,0,0,1,0,0,-0.0008009859,1.33376,-0.5998825,-0.001215598,-0.0068903,0.03186465,-0.1171942,0,0,0,1,0,0,0.4248351,1.333549,-0.4251946,0.01331866,0.009042028,-0.02004803,-0.09592164,0,0,0,1,0,0,0.3889087,2,0.3889088,0,0,0,0.05000001,0,0,0,0,0,0,0.55,2,4.808253E-08,0,0,0,0.05000001,0,0,0,0,0,0,-6.558685E-09,2,0.55,0,0,0,0.05000001,0,0,0,0,0,0,0.3889087,2,-0.3889087,0,0,0,0.04999995,0,0,0,0,0,0,-0.3889089,2,0.3889086,0,0,0,0.05000001,0,0,0,0,0,0,2.404126E-08,2,-0.55,0,0,0,0.05000001,0,0,0,0,0,0,-0.3889087,2,-0.3889087,0,0,0,0.04999995,0,0,0,0,0,0,-0.55,2,0,0,0,0,0.05000001,0,0,0,0,0,0
123,-0.00965701,0.6648555,0.6506876,-0.2183349,-0.09780232,-0.2524049,-0.2218659,0,0,0,1,0,0,-0.4755664,0.6753832,0.4682891,-0.1594544,0.09396974,0.1469926,-0.2709259,0,0,0,1,0,0,-0.5320652,0.01954842,0.5248816,-0.5129607,0.1616578,0.261441,-0.1871984,0,0,0,1,0,0,-0.01740446,0.0004988731,0.6866997,-0.2377718,-0.04733193,-0.2931626,-0.08236831,0,0,0,1,0,0,-0.7309318,0.01391438,0.008412017,-1.015598,0.4314028,0.07219448,-0.0594365,0,0,0,1,0,0,0.4398018,0.6620876,0.4516533,-0.4193144,-0.07458928,-0.2585904,-0.03078723,0,0,0,1,0,0,0.4811339,-0.001221401,0.4858315,-0.1886622,-0.0359786,-0.256087,0.1728811,0,0,0,1,0,0,-0.649164,0.6694577,-0.001996612,0.06741884,0.03612639,-0.1004129,-0.1105526,0,0,0,1,0,0,-0.4875288,-0.002335854,-0.4848575,0.1116679,-0.05677361,0.1251117,0.1676771,0,0,0,1,0,0,0.649785,0.6676546,0.0007001274,0.1033366,0.1029432,0.03636337,-0.08771366,0,0,0,1,0,0,0.7225397,0.009515626,-0.004468813,0.9106938,0.3943858,-0.08900077,-0.05216342,0,0,0,1,0,0,-0.4506718,0.6632962,-0.4520238,0.38891,-0.1367778,0.21967,-0.00469929,0,0,0,1,0,0,0.01082262,-0.001757855,-0.6933272,0.4656664,-0.0720227,0.1913578,-0.06228971,0,0,0,1,0,0,0.4701871,0.6705868,-0.4665627,0.2264098,0.1280606,-0.1604289,-0.2540946,0,0,0,1,0,0,0.5149132,0.007229582,-0.5053523,0.6031158,0.1925026,-0.2586217,-0.1939391,0,0,0,1,0,0,0.004137914,0.6662624,-0.6459162,0.1913192,-0.04516842,0.2328963,-0.2060405,0,0,0,1,0,0,0.4175224,1.333351,0.4225456,-0.08797649,0.00573993,-0.004127624,0.009939611,0,0,0,1,0,0,-0.002511087,1.3326,0.6022252,-0.07121252,-0.04516842,0.02056957,-0.1222415,0,0,0,1,0,0,-0.4276816,1.335754,0.4260756,-0.1337037,0.04920961,0.0262946,-0.1078948,0,0,0,1,0,0,0.595327,1.33329,0.002651497,0.0286162,0.04535319,0.03541047,0.04906344,0,0,0,1,0,0,-0.6025521,1.333426,-0.001314057,-0.06127658,0.0158012,-0.009943595,0.0378716,0,0,0,1,0,0,-0.4211843,1.331467,-0.4233942,0.1045466,-0.07035735,0.01671017,0.01473725,0,0,0,1,0,0,-0.0005665369,1.333533,-0.5993972,0.01172245,-0.01136065,0.02426506,-0.1176925,0,0,0,1,0,0,0.4261791,1.334044,-0.4275034,0.06719533,0.02476574,-0.1154393,-0.09714395,0,0,0,1,0,0,0.3889087,2,0.3889088,0,0,0,0.05000001,0,0,0,0,0,0,0.55,2,4.808253E-08,0,0,0,0.05000001,0,0,0,0,0,0,-6.558685E-09,2,0.55,0,0,0,0.05000001,0,0,0,0,0,0,0.3889087,2,-0.3889087,0,0,0,0.04999995,0,0,0,0,0,0,-0.3889089,2,0.3889086,0,0,0,0.05000001,0,0,0,0,0,0,2.404126E-08,2,-0.55,0,0,0,0.05000001,0,0,0,0,0,0,-0.3889087,2,-0.3889087,0,0,0,0.04999995,0,0,0,0,0,0,-0.55,2,0,0,0,0,0.05000001,0,0,0,0,0,0
124,-0.01448229,0.6645537,0.6469685,-0.2412641,-0.0150919,-0.1859517,-0.2243896,0,0,0,1,0,0,-0.4776296,0.6786718,0.4717301,-0.1031608,0.1644314,0.1720519,-0.2735268,0,0,0,1,0,0,-0.5420334,0.02187984,0.5311032,-0.4984113,0.1165712,0.3110797,-0.1842988,0,0,0,1,0,0,-0.02317254,-0.00326049,0.6743838,-0.2884041,-0.1879683,-0.6157997,-0.08589518,0,0,0,1,0,0,-0.7528709,0.02536068,0.01120526,-1.096955,0.5723153,0.1396624,-0.05608654,0,0,0,1,0,0,0.4319251,0.660605,0.446281,-0.3938363,-0.07413331,-0.2686189,-0.03354055,0,0,0,1,0,0,0.4744465,-0.001765552,0.4785434,-0.3343703,-0.02720755,-0.3644051,0.1689942,0,0,0,1,0,0,-0.6463267,0.6705995,0.0003026639,0.1418651,0.05708637,0.1149639,-0.121776,0,0,0,1,0,0,-0.4840008,-0.003012161,-0.479658,0.1763985,-0.03381537,0.2599747,0.1599789,0,0,0,1,0,0,0.6476287,0.6689763,-0.002577287,-0.1078129,0.06608668,-0.1638708,-0.0988099,0,0,0,1,0,0,0.7424928,0.01931563,-0.008432925,0.997654,0.4900002,-0.1982057,-0.050318,0,0,0,1,0,0,-0.4429118,0.6626797,-0.4462266,0.3879996,-0.03082456,0.2898605,-0.007711172,0,0,0,1,0,0,0.01760622,-0.003475763,-0.6858653,0.3391801,-0.08589543,0.3730954,-0.06363755,0,0,0,1,0,0,0.4742789,0.674195,-0.4710852,0.2045915,0.1804084,-0.2261237,-0.2544358,0,0,0,1,0,0,0.5250282,0.009273732,-0.5112332,0.5057486,0.1022075,-0.2940447,-0.1911524,0,0,0,1,0,0,0.007160072,0.6655718,-0.6411315,0.1511079,-0.03453197,0.2392382,-0.2088777,0,0,0,1,0,0,0.4163844,1.333237,0.4222685,-0.05690011,-0.005680325,-0.01385511,0.01172608,0,0,0,1,0,0,-0.001896789,1.334171,0.6056716,0.03071488,0.07852915,0.1723201,-0.1186785,0,0,0,1,0,0,-0.4318946,1.338162,0.4298597,-0.2106489,0.1203895,0.1892016,-0.1057805,0,0,0,1,0,0,0.5950157,1.33416,0.003088173,-0.01556278,0.04348161,0.0218338,0.04579186,0,0,0,1,0,0,-0.6031439,1.333662,-0.001106874,-0.02959372,0.01178384,0.01035917,0.03452438,0,0,0,1,0,0,-0.4200601,1.331015,-0.423315,0.05621018,-0.02260209,0.00396073,0.01634538,0,0,0,1,0,0,-0.0007911939,1.335343,-0.6040143,-0.01123285,0.09047989,-0.2308548,-0.1131743,0,0,0,1,0,0,0.4288013,1.335116,-0.4315751,0.1311109,0.0535548,-0.2035872,-0.09668481,0,0,0,1,0,0,0.3889087,2,0.3889088,0,0,0,0.05000001,0,0,0,0,0,0,0.55,2,4.808253E-08,0,0,0,0.05000001,0,0,0,0,0,0,-6.558685E-09,2,0.55,0,0,0,0.05000001,0,0,0,0,0,0,0.3889087,2,-0.3889087,0,0,0,0.04999995,0,0,0,0,0,0,-0.3889089,2,0.3889086,0,0,0,0.05000001,0,0,0,0,0,0,2.404126E-08,2,-0.55,0,0,0,0.05000001,0,0,0,0,0,0,-0.3889087,2,-0.3889087,0,0,0,0.04999995,0,0,0,0,0,0,-0.55,2,0,0,0,0,0.05000001,0,0,0,0,0,0
125,-0.01771432,0.6646303,0.6427186,-0.1616015,0.0038296,-0.2124966,-0.2266222,0,0,0,1,0,0,-0.4827104,0.6841531,0.4764183,-0.2540425,0.2740653,0.2344103,-0.2730382,0,0,0,1,0,0,-0.5497982,0.02463444,0.5365993,-0.388241,0.1377297,0.2748044,-0.183607,0,0,0,1,0,0,-0.03146476,-0.004409037,0.6603374,-0.414611,-0.05742735,-0.7023188,-0.09213018,0,0,0,1,0,0,-0.7730418,0.03675153,0.01667928,-1.008547,0.5695429,0.2737009,-0.05557811,0,0,0,1,0,0,0.425893,0.659308,0.4404362,-0.3016026,-0.06484988,-0.2922402,-0.03427136,0,0,0,1,0,0,0.4670163,-0.003107421,0.467097,-0.371507,-0.06709348,-0.5723225,0.1550224,0,0,0,1,0,0,-0.6452284,0.6722722,0.002971953,0.05491378,0.08363727,0.1334645,-0.132232,0,0,0,1,0,0,-0.4797629,-0.004170131,-0.4707583,0.2118946,-0.05789854,0.4449876,0.149103,0,0,0,1,0,0,0.6461614,0.6705961,-0.006400644,-0.07336441,0.08098784,-0.1911679,-0.1101763,0,0,0,1,0,0,0.7636187,0.03141875,-0.01364326,1.056296,0.6051565,-0.2605167,-0.04934311,0,0,0,1,0,0,-0.4370737,0.6625288,-0.4394398,0.2919034,-0.007545951,0.3393398,-0.008871675,0,0,0,1,0,0,0.02342142,-0.004133377,-0.6773257,0.2907603,-0.0328807,0.426981,-0.06503385,0,0,0,1,0,0,0.4788696,0.6790528,-0.4776002,0.2295376,0.242889,-0.3257529,-0.2533856,0,0,0,1,0,0,0.532374,0.01106348,-0.5168455,0.3672899,0.08948733,-0.2806188,-0.1902237,0,0,0,1,0,0,0.008588634,0.6651896,-0.636016,0.07142816,-0.01910926,0.2557755,-0.2111482,0,0,0,1,0,0,0.4159184,1.333239,0.4219606,-0.02329946,0.0001132489,-0.01539291,0.01429915,0,0,0,1,0,0,-0.001048613,1.335876,0.6091623,0.04240881,0.0852466,0.1745344,-0.1149356,0,0,0,1,0,0,-0.4355799,1.340465,0.4339427,-0.1842649,0.1151562,0.2041505,-0.1042591,0,0,0,1,0,0,0.5963928,1.335017,0.002870628,0.06885532,0.04287364,-0.01087726,0.04322976,0,0,0,1,0,0,-0.6064889,1.334425,-0.001727873,-0.1672507,0.03816487,-0.03104995,0.03349006,0,0,0,1,0,0,-0.419808,1.330759,-0.4231113,0.01260341,-0.012815,0.01018495,0.01892179,0,0,0,1,0,0,-0.001264676,1.33695,-0.6085466,-0.0236741,0.08036497,-0.226611,-0.1088037,0,0,0,1,0,0,0.4310871,1.336032,-0.4352053,0.114292,0.04582407,-0.1815111,-0.09696788,0,0,0,1,0,0,0.3889087,2,0.3889088,0,0,0,0.05000001,0,0,0,0,0,0,0.55,2,4.808253E-08,0,0,0,0.05000001,0,0,0,0,0,0,-6.558685E-09,2,0.55,0,0,0,0.05000001,0,0,0,0,0,0,0.3889087,2,-0.3889087,0,0,0,0.04999995,0,0,0,0,0,0,-0.3889089,2,0.3889086,0,0,0,0.05000001,0,0,0,0,0,0,2.404126E-08,2,-0.55,0,0,0,0.05000001,0,0,0,0,0,0,-0.3889087,2,-0.3889087,0,0,0,0.04999995,0,0,0,0,0,0,-0.55,2,0,0,0,0,0.05000001,0,0,0,0,0,0
126,-0.0201261,0.664095,0.6391994,-0.1205894,-0.02676548,-0.1759619,-0.2279499,0,0,0,1,0,0,-0.4898485,0.6896185,0.4830073,-0.3569053,0.2732695,0.3294499,-0.2691767,0,0,0,1,0,0,-0.5575431,0.02831001,0.5402418,-0.3872456,0.1837786,0.182128,-0.1839708,0,0,0,1,0,0,-0.03916781,-0.005140399,0.6442059,-0.3851525,-0.03656809,-0.8065733,-0.09994692,0,0,0,1,0,0,-0.7921807,0.04878146,0.02212331,-0.956947,0.6014966,0.2722015,-0.05514872,0,0,0,1,0,0,0.4209374,0.6582031,0.4356886,-0.2477811,-0.05524161,-0.2373801,-0.0341478,0,0,0,1,0,0,0.4599044,-0.004778101,0.4534195,-0.3555985,-0.08353405,-0.6838712,0.1398546,0,0,0,1,0,0,-0.6458473,0.6748347,0.004867492,-0.03094078,0.1281232,0.094777,-0.1400321,0,0,0,1,0,0,-0.4760157,-0.0055691,-0.4595238,0.1873643,-0.06994848,0.5617248,0.1368496,0,0,0,1,0,0,0.6474661,0.673026,-0.009469189,0.06523135,0.1214982,-0.1534273,-0.1180186,0,0,0,1,0,0,0.7849228,0.04541006,-0.01890483,1.065204,0.6995655,-0.263079,-0.04785389,0,0,0,1,0,0,-0.4330225,0.6619214,-0.4340196,0.202559,-0.0303656,0.271012,-0.008287311,0,0,0,1,0,0,0.02887435,-0.005530394,-0.6668348,0.2726465,-0.06985085,0.5245449,-0.06763017,0,0,0,1,0,0,0.4841601,0.6839449,-0.4863093,0.264524,0.2446056,-0.4354523,-0.2497351,0,0,0,1,0,0,0.5396369,0.01395157,-0.5204831,0.3631474,0.1444046,-0.1818777,-0.1905352,0,0,0,1,0,0,0.009933199,0.664468,-0.6307939,0.06722824,-0.03608169,0.2611042,-0.2135217,0,0,0,1,0,0,0.4142251,1.333179,0.4213162,-0.08466545,-0.002998115,-0.03222228,0.0155524,0,0,0,1,0,0,-0.0004061884,1.336822,0.6111233,0.03212126,0.04732611,0.0980467,-0.1127943,0,0,0,1,0,0,-0.4374157,1.342113,0.4370639,-0.0917897,0.08237961,0.1560629,-0.1043958,0,0,0,1,0,0,0.5967985,1.335088,0.002337917,0.02028347,0.003558399,-0.02663558,0.03966832,0,0,0,1,0,0,-0.6089342,1.33535,-0.001674428,-0.1222611,0.0462115,0.002672222,0.0319134,0,0,0,1,0,0,-0.4189467,1.330455,-0.4223841,0.04306288,-0.01520515,0.03636034,0.02061796,0,0,0,1,0,0,-0.00172355,1.337755,-0.6105967,-0.02294372,0.04026295,-0.1025081,-0.1067045,0,0,0,1,0,0,0.433301,1.33685,-0.4384699,0.1106948,0.04091264,-0.1632304,-0.0972243,0,0,0,1,0,0,0.3889087,2,0.3889088,0,0,0,0.05000001,0,0,0,0,0,0,0.55,2,4.808253E-08,0,0,0,0.05000001,0,0,0,0,0,0,-6.558685E-09,2,0.55,0,0,0,0.05000001,0,0,0,0,0,0,0.3889087,2,-0.3889087,0,0,0,0.04999995,0,0,0,0,0,0,-0.3889089,2,0.3889086,0,0,0,0.05000001,0,0,0,0,0,0,2.404126E-08,2,-0.55,0,0,0,0.05000001,0,0,0,0,0,0,-0.3889087,2,-0.3889087,0,0,0,0.04999995,0,0,0,0,0,0,-0.55,2,0,0,0,0,0.05000001,0,0,0,0,0,0
127,-0.02265453,0.6638829,0.6364081,-0.1264214,-0.01060367,-0.1395643,-0.2287679,0,0,0,1,0,0,-0.4960608,0.6944664,0.4896734,-0.3106133,0.2423943,0.3333048,-0.2655946,0,0,0,1,0,0,-0.5633144,0.03126872,0.5418468,-0.2885671,0.1479357,0.08024874,-0.1858929,0,0,0,1,0,0,-0.04579371,-0.00655181,0.6250967,-0.3312954,-0.0705706,-0.9554598,-0.1089247,0,0,0,1,0,0,-0.8098416,0.06093112,0.02672912,-0.8830432,0.6074833,0.2302907,-0.05483025,0,0,0,1,0,0,0.4175721,0.6573931,0.4319849,-0.168267,-0.04050137,-0.1851813,-0.03266138,0,0,0,1,0,0,0.4531776,-0.004855324,0.4405301,-0.3363372,-0.003861149,-0.644471,0.1255042,0,0,0,1,0,0,-0.6491409,0.6778162,0.006303371,-0.1646817,0.1490772,0.07179397,-0.1447755,0,0,0,1,0,0,-0.4718664,-0.006443864,-0.4487665,0.2074645,-0.04373819,0.5378621,0.1251917,0,0,0,1,0,0,0.6513608,0.6763106,-0.012347,0.1947374,0.1642287,-0.1438908,-0.1228895,0,0,0,1,0,0,0.8034106,0.05868186,-0.02368224,0.9243939,0.6635903,-0.2388702,-0.04732019,0,0,0,1,0,0,-0.4305166,0.6620995,-0.4304272,0.1252979,0.008904938,0.1796202,-0.006288946,0,0,0,1,0,0,0.03407569,-0.006513196,-0.6538118,0.2600669,-0.04914011,0.6511512,-0.07224399,0,0,0,1,0,0,0.4893452,0.6892487,-0.49459,0.2592535,0.2651931,-0.4140334,-0.2457496,0,0,0,1,0,0,0.5448186,0.01634772,-0.5214662,0.2590836,0.1198075,-0.04915597,-0.1929041,0,0,0,1,0,0,0.01130139,0.6640408,-0.6270944,0.06840958,-0.02135933,0.1849712,-0.2145871,0,0,0,1,0,0,0.4131286,1.333189,0.4210297,-0.05482735,0.0004768373,-0.01432598,0.01721436,0,0,0,1,0,0,0.0005328849,1.337522,0.6122863,0.04695369,0.03499986,0.05815031,-0.1112994,0,0,0,1,0,0,-0.4397344,1.343786,0.4395072,-0.1159355,0.08367899,0.1221627,-0.104243,0,0,0,1,0,0,0.5968128,1.335206,0.001906443,0.0007182363,0.005859139,-0.02157369,0.03608716,0,0,0,1,0,0,-0.6101039,1.335745,-0.001488639,-0.05848708,0.01977087,0.009289475,0.02926451,0,0,0,1,0,0,-0.4183644,1.330357,-0.4219519,0.02911539,-0.004869701,0.02160967,0.02254647,0,0,0,1,0,0,-0.001411274,1.338125,-0.612413,0.01561378,0.01847149,-0.09081665,-0.1052145,0,0,0,1,0,0,0.4350297,1.337636,-0.4408453,0.08643273,0.03926159,-0.1187668,-0.09792536,0,0,0,1,0,0,0.3889087,2,0.3889088,0,0,0,0.05000001,0,0,0,0,0,0,0.55,2,4.808253E-08,0,0,0,0.05000001,0,0,0,0,0,0,-6.558685E-09,2,0.55,0,0,0,0.05000001,0,0,0,0,0,0,0.3889087,2,-0.3889087,0,0,0,0.04999995,0,0,0,0,0,0,-0.3889089,2,0.3889086,0,0,0,0.05000001,0,0,0,0,0,0,2.404126E-08,2,-0.55,0,0,0,0.05000001,0,0,0,0,0,0,-0.3889087,2,-0.3889087,0,0,0,0.04999995,0,0,0,0,0,0,-0.55,2,0,0,0,0,0.05000001,0,0,0,0,0,0
128,-0.02460407,0.6630642,0.6335003,-0.09747683,-0.04093648,-0.1453907,-0.2293334,0,0,0,1,0,0,-0.502567,0.6993458,0.4970898,-0.3253103,0.2439708,0.3708185,-0.2612005,0,0,0,1,0,0,-0.5681969,0.03484127,0.5435401,-0.2441228,0.1786276,0.08466247,-0.188433,0,0,0,1,0,0,-0.05311376,-0.006921428,0.6041965,-0.3660026,-0.01848092,-1.04501,-0.1193666,0,0,0,1,0,0,-0.8271248,0.07359321,0.03130054,-0.8641604,0.633105,0.2285712,-0.05468577,0,0,0,1,0,0,0.415474,0.6565627,0.4289696,-0.1049042,-0.04152061,-0.150767,-0.02981108,0,0,0,1,0,0,0.4480714,-0.005409207,0.4273746,-0.2553121,-0.02769415,-0.6577777,0.1118166,0,0,0,1,0,0,-0.6531418,0.6803234,0.007432409,-0.2000452,0.1253576,0.05645193,-0.1488974,0,0,0,1,0,0,-0.4676191,-0.006902708,-0.4375957,0.212364,-0.02294221,0.5585405,0.1133355,0,0,0,1,0,0,0.6565027,0.679638,-0.01480157,0.2570928,0.1663685,-0.1227286,-0.1264942,0,0,0,1,0,0,0.8202463,0.07144931,-0.02816444,0.8417819,0.6383729,-0.22411,-0.0475561,0,0,0,1,0,0,-0.4285119,0.6618884,-0.4275299,0.1002327,-0.01055897,0.1448647,-0.003551126,0,0,0,1,0,0,0.0408631,-0.00727123,-0.6383379,0.3393705,-0.03790175,0.7736984,-0.07910103,0,0,0,1,0,0,0.4952579,0.6946215,-0.5021627,0.2956362,0.2686383,-0.3786372,-0.2415015,0,0,0,1,0,0,0.5507773,0.01922846,-0.5224417,0.2979339,0.1440369,-0.0487745,-0.1949707,0,0,0,1,0,0,0.01257922,0.6636388,-0.6238621,0.06389141,-0.02010167,0.1616181,-0.2150912,0,0,0,1,0,0,0.4117143,1.333102,0.4207659,-0.070712,-0.00434518,-0.01318902,0.01855421,0,0,0,1,0,0,0.001024057,1.337899,0.6127539,0.02455863,0.01882315,0.02337993,-0.1105837,0,0,0,1,0,0,-0.4405247,1.344794,0.4414455,-0.0395164,0.05038382,0.09691719,-0.1056719,0,0,0,1,0,0,0.5976823,1.335561,0.001761927,0.04347267,0.01774431,-0.007225791,0.03337729,0,0,0,1,0,0,-0.6107994,1.336061,-0.001602156,-0.03477634,0.01581908,-0.005675837,0.02632302,0,0,0,1,0,0,-0.4173096,1.329802,-0.4210044,0.0527397,-0.02776385,0.04737677,0.02369463,0,0,0,1,0,0,-0.001438028,1.338031,-0.6125538,-0.001337694,-0.004684927,-0.007039311,-0.1051424,0,0,0,1,0,0,0.4365947,1.338425,-0.4430229,0.07825199,0.03948213,-0.1088798,-0.09879839,0,0,0,1,0,0,0.3889087,2,0.3889088,0,0,0,0.05000001,0,0,0,0,0,0,0.55,2,4.808253E-08,0,0,0,0.05000001,0,0,0,0,0,0,-6.558685E-09,2,0.55,0,0,0,0.05000001,0,0,0,0,0,0,0.3889087,2,-0.3889087,0,0,0,0.04999995,0,0,0,0,0,0,-0.3889089,2,0.3889086,0,0,0,0.05000001,0,0,0,0,0,0,2.404126E-08,2,-0.55,0,0,0,0.05000001,0,0,0,0,0,0,-0.3889087,2,-0.3889087,0,0,0,0.04999995,0,0,0,0,0,0,-0.55,2,0,0,0,0,0.05000001,0,0,0,0,0,0
129,-0.02652146,0.6623896,0.6297697,-0.09586982,-0.03373028,-0.1865298,-0.230608,0,0,0,1,0,0,-0.5086488,0.7043586,0.5037841,-0.3040911,0.2506436,0.334716,-0.2573431,0,0,0,1,0,0,-0.5739267,0.03849815,0.545451,-0.2864898,0.1828442,0.09554628,-0.1902002,0,0,0,1,0,0,-0.0613943,-0.007821702,0.5814398,-0.4140269,-0.04501373,-1.137838,-0.1305801,0,0,0,1,0,0,-0.8433895,0.08651871,0.03477561,-0.8132371,0.6462752,0.1737536,-0.05466574,0,0,0,1,0,0,0.4125353,0.6559964,0.4259436,-0.1469344,-0.02831222,-0.1513005,-0.02790308,0,0,0,1,0,0,0.4442301,-0.005151358,0.4168389,-0.1920656,0.01289242,-0.5267816,0.1008439,0,0,0,1,0,0,-0.6565016,0.683122,0.00882217,-0.1679898,0.1399339,0.06948808,-0.1534979,0,0,0,1,0,0,-0.4633276,-0.0075037,-0.4260797,0.2145723,-0.0300496,0.575802,0.1015902,0,0,0,1,0,0,0.661468,0.6836789,-0.01673877,0.2482654,0.2020479,-0.09685982,-0.1297015,0,0,0,1,0,0,0.8340562,0.08257504,-0.03106849,0.6904963,0.5562866,-0.1452026,-0.04886127,0,0,0,1,0,0,-0.4243152,0.6612332,-0.4236387,0.2098353,-0.03275872,0.1945616,-0.003078222,0,0,0,1,0,0,0.04937211,-0.009557615,-0.6200028,0.4254507,-0.1143193,0.9167526,-0.08769095,0,0,0,1,0,0,0.5005338,0.6997098,-0.5090513,0.2637924,0.2544136,-0.3444286,-0.2379966,0,0,0,1,0,0,0.559945,0.02505839,-0.5251883,0.4583897,0.2914967,-0.1373321,-0.1956784,0,0,0,1,0,0,0.01389511,0.6627952,-0.6199955,0.06579442,-0.04217924,0.1933307,-0.2160666,0,0,0,1,0,0,0.4103042,1.333419,0.4205918,-0.07050338,0.01584292,-0.008705262,0.02008307,0,0,0,1,0,0,0.001573492,1.338675,0.6135235,0.02747174,0.0388086,0.03848375,-0.1093631,0,0,0,1,0,0,-0.44157,1.346326,0.443166,-0.05226436,0.07660988,0.08602295,-0.1065965,0,0,0,1,0,0,0.5984762,1.335936,0.001796588,0.03969671,0.01875759,0.001733041,0.03073692,0,0,0,1,0,0,-0.6119231,1.336572,-0.001189408,-0.05618336,0.0255406,0.02063741,0.02365941,0,0,0,1,0,0,-0.4167637,1.329507,-0.420445,0.02729596,-0.01477004,0.02796651,0.02543622,0,0,0,1,0,0,-0.001124052,1.338102,-0.6131001,0.01569882,0.003528596,-0.02731384,-0.1047447,0,0,0,1,0,0,0.437631,1.33913,-0.4449584,0.05181583,0.0352204,-0.09677861,-0.1001018,0,0,0,1,0,0,0.3889087,2,0.3889088,0,0,0,0.05000001,0,0,0,0,0,0,0.55,2,4.808253E-08,0,0,0,0.05000001,0,0,0,0,0,0,-6.558685E-09,2,0.55,0,0,0,0.05000001,0,0,0,0,0,0,0.3889087,2,-0.3889087,0,0,0,0.04999995,0,0,0,0,0,0,-0.3889089,2,0.3889086,0,0,0,0.05000001,0,0,0,0,0,0,2.404126E-08,2,-0.55,0,0,0,0.05000001,0,0,0,0,0,0,-0.3889087,2,-0.3889087,0,0,0,0.04999995,0,0,0,0,0,0,-0.55,2,0,0,0,0,0.05000001,0,0,0,0,0,0
130,-0.02827512,0.6618327,0.6257147,-0.08768284,-0.02784432,-0.2027512,-0.2319449,0,0,0,1,0,0,-0.5142447,0.7094533,0.5097413,-0.2797933,0.2547354,0.2978594,-0.2543676,0,0,0,1,0,0,-0.5810177,0.04222896,0.5486073,-0.3545494,0.1865404,0.1578183,-0.1904469,0,0,0,1,0,0,-0.07121895,-0.008333506,0.557418,-0.4912326,-0.02559019,-1.201091,-0.1425208,0,0,0,1,0,0,-0.8591411,0.09958422,0.03791104,-0.7875773,0.6532757,0.1567713,-0.05496526,0,0,0,1,0,0,0.4084013,0.6553792,0.4222598,-0.2066986,-0.0308633,-0.1841874,-0.02711642,0,0,0,1,0,0,0.4424694,-0.00458767,0.4065188,-0.08803312,0.02818444,-0.5160065,0.09059381,0,0,0,1,0,0,-0.6597733,0.6862905,0.01077926,-0.163588,0.1584232,0.09785461,-0.1585667,0,0,0,1,0,0,-0.4588754,-0.007939642,-0.4149459,0.222613,-0.02179715,0.5566897,0.09046239,0,0,0,1,0,0,0.6653815,0.6869867,-0.01802897,0.1956762,0.165388,-0.06451004,-0.1339019,0,0,0,1,0,0,0.8470867,0.0933201,-0.03357867,0.6515237,0.5372534,-0.1255094,-0.05063218,0,0,0,1,0,0,-0.4196983,0.661073,-0.4184366,0.2308459,-0.008007887,0.2601028,-0.003342927,0,0,0,1,0,0,0.05919684,-0.009886195,-0.5997548,0.4912367,-0.016429,1.012403,-0.09845781,0,0,0,1,0,0,0.5072019,0.7048913,-0.5151583,0.3334076,0.2590776,-0.3053517,-0.2340612,0,0,0,1,0,0,0.568768,0.0306979,-0.529044,0.4411491,0.2819759,-0.1927853,-0.1957359,0,0,0,1,0,0,0.01470051,0.6624133,-0.6173417,0.04027008,-0.01909436,0.1326889,-0.2156039,0,0,0,1,0,0,0.4094629,1.334092,0.421284,-0.04206599,0.0336826,0.03461094,0.02252573,0,0,0,1,0,0,0.002603968,1.339768,0.6150351,0.05152383,0.0546396,0.07557872,-0.107304,0,0,0,1,0,0,-0.4434462,1.34751,0.4464412,-0.09381179,0.05917551,0.1637594,-0.1068081,0,0,0,1,0,0,0.5995565,1.336527,0.002313618,0.05401375,0.02955795,0.02585152,0.0285061,0,0,0,1,0,0,-0.613184,1.336992,-0.001558218,-0.06304684,0.02098084,-0.01844055,0.02122438,0,0,0,1,0,0,-0.4153931,1.32897,-0.4191434,0.06853196,-0.02682806,0.06508084,0.02624851,0,0,0,1,0,0,-0.0009076371,1.338299,-0.6138858,0.01082074,0.009864572,-0.03928246,-0.1040758,0,0,0,1,0,0,0.438948,1.339639,-0.4469111,0.06584825,0.02545715,-0.09763096,-0.1014485,0,0,0,1,0,0,0.3889087,2,0.3889088,0,0,0,0.05000001,0,0,0,0,0,0,0.55,2,4.808253E-08,0,0,0,0.05000001,0,0,0,0,0,0,-6.558685E-09,2,0.55,0,0,0,0.05000001,0,0,0,0,0,0,0.3889087,2,-0.3889087,0,0,0,0.04999995,0,0,0,0,0,0,-0.3889089,2,0.3889086,0,0,0,0.05000001,0,0,0,0,0,0,2.404126E-08,2,-0.55,0,0,0,0.05000001,0,0,0,0,0,0,-0.3889087,2,-0.3889087,0,0,0,0.04999995,0,0,0,0,0,0,-0.55,2,0,0,0,0,0.05000001,0,0,0,0,0,0
131,-0.02951986,0.6611698,0.6208015,-0.06223696,-0.03314616,-0.2456577,-0.2337933,0,0,0,1,0,0,-0.518605,0.7140124,0.5148594,-0.218016,0.2279521,0.2559067,-0.2526945,0,0,0,1,0,0,-0.588662,0.04673304,0.5531003,-0.3822179,0.2252039,0.22465,-0.1897008,0,0,0,1,0,0,-0.081523,-0.008182993,0.5320155,-0.515203,0.007525648,-1.270125,-0.1551749,0,0,0,1,0,0,-0.8740935,0.1123596,0.04084134,-0.7476214,0.6387672,0.1465155,-0.0553019,0,0,0,1,0,0,0.4041079,0.6547659,0.4179602,-0.2146722,-0.03066362,-0.2149836,-0.0267868,0,0,0,1,0,0,0.4399728,-0.004306606,0.3960204,-0.1248286,0.01405322,-0.5249189,0.08050996,0,0,0,1,0,0,-0.6622808,0.6886993,0.01258789,-0.1253725,0.1204402,0.09043132,-0.1642033,0,0,0,1,0,0,-0.4545739,-0.008073243,-0.4045748,0.2150745,-0.006680054,0.5185546,0.08032793,0,0,0,1,0,0,0.6692103,0.6899263,-0.02051552,0.1914413,0.1469821,-0.1243276,-0.1386341,0,0,0,1,0,0,0.8602137,0.1051461,-0.03608467,0.6563517,0.591298,-0.1252998,-0.05222911,0,0,0,1,0,0,-0.4155714,0.6600479,-0.4144441,0.2063439,-0.05125703,0.1996235,-0.00270462,0,0,0,1,0,0,0.07006449,-0.01078246,-0.5773862,0.5433826,-0.04481321,1.118428,-0.1103988,0,0,0,1,0,0,0.5130381,0.7100474,-0.5217749,0.2918096,0.2578051,-0.3308297,-0.2301264,0,0,0,1,0,0,0.5768136,0.03536646,-0.5337297,0.4022808,0.2334277,-0.2342821,-0.1948703,0,0,0,1,0,0,0.01627262,0.6622978,-0.6144282,0.07860566,-0.005775692,0.1456768,-0.2157322,0,0,0,1,0,0,0.4090993,1.333863,0.4209601,-0.01818091,-0.01148582,-0.01619608,0.02449274,0,0,0,1,0,0,0.003417675,1.340684,0.6167916,0.04068538,0.04578831,0.0878245,-0.1052442,0,0,0,1,0,0,-0.4447745,1.348774,0.4488726,-0.06641302,0.06322863,0.1215727,-0.1075006,0,0,0,1,0,0,0.601597,1.336908,0.002469407,0.1020253,0.01904369,0.007789457,0.02682191,0,0,0,1,0,0,-0.6145173,1.337387,-0.001443263,-0.06666484,0.01977087,0.005747793,0.01873678,0,0,0,1,0,0,-0.414386,1.328658,-0.4183732,0.05035253,-0.0156045,0.03851058,0.02752626,0,0,0,1,0,0,-0.0009178303,1.338451,-0.6145361,-0.0005096606,0.007605555,-0.03251733,-0.1034857,0,0,0,1,0,0,0.4404424,1.340579,-0.4491374,0.07472041,0.04700424,-0.1113162,-0.1022014,0,0,0,1,0,0,0.3889087,2,0.3889088,0,0,0,0.05000001,0,0,0,0,0,0,0.55,2,4.808253E-08,0,0,0,0.05000001,0,0,0,0,0,0,-6.558685E-09,2,0.55,0,0,0,0.05000001,0,0,0,0,0,0,0.3889087,2,-0.3889087,0,0,0,0.04999995,0,0,0,0,0,0,-0.3889089,2,0.3889086,0,0,0,0.05000001,0,0,0,0,0,0,2.404126E-08,2,-0.55,0,0,0,0.05000001,0,0,0,0,0,0,-0.3889087,2,-0.3889087,0,0,0,0.04999995,0,0,0,0,0,0,-0.55,2,0,0,0,0,0.05000001,0,0,0,0,0,0
132,-0.03148183,0.6604832,0.6156939,-0.09809858,-0.03432633,-0.2553792,-0.2360425,0,0,0,1,0,0,-0.5236311,0.7186742,0.5202113,-0.2513052,0.23309,0.2675952,-0.2501881,0,0,0,1,0,0,-0.5964851,0.05211646,0.5583316,-0.3911556,0.2691711,0.2615632,-0.188638,0,0,0,1,0,0,-0.09150689,-0.007283009,0.5053164,-0.4991947,0.04499922,-1.334957,-0.16787,0,0,0,1,0,0,-0.888053,0.1256827,0.04217658,-0.6979766,0.6661593,0.0667617,-0.05573547,0,0,0,1,0,0,0.3994879,0.654112,0.4131803,-0.2310009,-0.03269316,-0.2389924,-0.02694118,0,0,0,1,0,0,0.4370288,-0.00365987,0.3847164,-0.1472027,0.03233678,-0.5652013,0.0698328,0,0,0,1,0,0,-0.6648689,0.6913929,0.01427491,-0.1294047,0.1346797,0.08435127,-0.1695193,0,0,0,1,0,0,-0.4508714,-0.008000122,-0.3953347,0.1851247,0.003656048,0.4620047,0.07158613,0,0,0,1,0,0,0.6731389,0.693632,-0.02338732,0.1964302,0.1852841,-0.1435899,-0.1431263,0,0,0,1,0,0,0.8733133,0.1176414,-0.03893653,0.6549808,0.6247672,-0.1425934,-0.05382669,0,0,0,1,0,0,-0.4107616,0.6592883,-0.4111592,0.2404914,-0.03798009,0.1642496,-0.002662659,0,0,0,1,0,0,0.08141575,-0.01128089,-0.5534715,0.5675635,-0.02492164,1.195735,-0.1231108,0,0,0,1,0,0,0.5178241,0.7153947,-0.5289188,0.2393008,0.2673627,-0.3571959,-0.2263087,0,0,0,1,0,0,0.5848263,0.04026558,-0.5383888,0.4006328,0.2449564,-0.2329589,-0.1939546,0,0,0,1,0,0,0.01794132,0.6618939,-0.6115693,0.08343498,-0.02019406,0.1429439,-0.2157796,0,0,0,1,0,0,0.408122,1.333978,0.4207159,-0.04886689,0.005775692,-0.01220704,0.02612692,0,0,0,1,0,0,0.004031655,1.341341,0.61769,0.03069899,0.03286601,0.04491808,-0.1039842,0,0,0,1,0,0,-0.4458359,1.350222,0.4509324,-0.05307051,0.07239583,0.1029894,-0.1083018,0,0,0,1,0,0,0.6030237,1.337041,0.002209447,0.07133487,0.006657842,-0.01299804,0.02443135,0,0,0,1,0,0,-0.6151125,1.337614,-0.001597793,-0.02976061,0.01131893,-0.00772654,0.01576298,0,0,0,1,0,0,-0.413693,1.328224,-0.4177132,0.03465118,-0.0216961,0.03300012,0.02896535,0,0,0,1,0,0,-0.0007269018,1.338935,-0.6161763,0.009546427,0.02420546,-0.08201006,-0.1020266,0,0,0,1,0,0,0.4422793,1.341308,-0.4519874,0.09184781,0.03647806,-0.1424984,-0.1025982,0,0,0,1,0,0,0.3889087,2,0.3889088,0,0,0,0.05000001,0,0,0,0,0,0,0.55,2,4.808253E-08,0,0,0,0.05000001,0,0,0,0,0,0,-6.558685E-09,2,0.55,0,0,0,0.05000001,0,0,0,0,0,0,0.3889087,2,-0.3889087,0,0,0,0.04999995,0,0,0,0,0,0,-0.3889089,2,0.3889086,0,0,0,0.05000001,0,0,0,0,0,0,2.404126E-08,2,-0.55,0,0,0,0.05000001,0,0,0,0,0,0,-0.3889087,2,-0.3889087,0,0,0,0.04999995,0,0,0,0,0,0,-0.55,2,0,0,0,0,0.05000001,0,0,0,0,0,0
133,-0.03372899,0.6600173,0.6121438,-0.1123583,-0.02329946,-0.1775057,-0.2369075,0,0,0,1,0,0,-0.5279949,0.7225964,0.5257743,-0.2181889,0.1961113,0.2781482,-0.2482017,0,0,0,1,0,0,-0.6050543,0.05804141,0.564042,-0.4284592,0.2962477,0.2855213,-0.1870687,0,0,0,1,0,0,-0.1024231,-0.006106,0.476599,-0.54581,0.05885048,-1.435871,-0.1808529,0,0,0,1,0,0,-0.9006988,0.1386032,0.04287838,-0.6322893,0.6460245,0.03509001,-0.05693507,0,0,0,1,0,0,0.394326,0.6533104,0.4082958,-0.2580957,-0.04008414,-0.2442286,-0.02744544,0,0,0,1,0,0,0.4337188,-0.002214362,0.3737471,-0.1655013,0.07227542,-0.5484643,0.05946589,0,0,0,1,0,0,-0.6689156,0.6936751,0.0153558,-0.202334,0.1141102,0.05404444,-0.173615,0,0,0,1,0,0,-0.4474015,-0.007566995,-0.3860612,0.1734943,0.02165638,0.4636751,0.06306118,0,0,0,1,0,0,0.6764719,0.697196,-0.02613488,0.1666517,0.1782001,-0.1373781,-0.1482443,0,0,0,1,0,0,0.8846056,0.1298735,-0.04170923,0.5646142,0.6116053,-0.1386347,-0.05689013,0,0,0,1,0,0,-0.4063427,0.6589848,-0.4083304,0.2209426,-0.01517535,0.1414374,-0.002198458,0,0,0,1,0,0,0.09301351,-0.01074765,-0.528088,0.5798882,0.02666215,1.269174,-0.1363327,0,0,0,1,0,0,0.5229802,0.7205735,-0.5358871,0.2578021,0.2589435,-0.3484161,-0.222392,0,0,0,1,0,0,0.5929528,0.04588892,-0.5431513,0.406325,0.2811671,-0.2381206,-0.1932243,0,0,0,1,0,0,0.01935772,0.6616156,-0.6097032,0.07082012,-0.01391471,0.09330217,-0.2147203,0,0,0,1,0,0,0.407243,1.334055,0.4207101,-0.04395099,0.00382662,-0.0002905728,0.0279038,0,0,0,1,0,0,0.004174328,1.341611,0.6184442,0.007133654,0.01348854,0.03771187,-0.1032013,0,0,0,1,0,0,-0.447405,1.351372,0.452828,-0.07845315,0.05749466,0.09478185,-0.1091456,0,0,0,1,0,0,0.6031266,1.337253,0.001789485,0.005143883,0.01059175,-0.02099807,0.02096248,0,0,0,1,0,0,-0.615167,1.337766,-0.001421997,-0.002723933,0.007629397,0.008789837,0.01214749,0,0,0,1,0,0,-0.4126392,1.327726,-0.4168539,0.05269053,-0.02487899,0.04296305,0.03006029,0,0,0,1,0,0,-0.0005787769,1.33944,-0.6182858,0.00740625,0.02526046,-0.1054764,-0.1002184,0,0,0,1,0,0,0.4441398,1.34202,-0.4548944,0.09302352,0.03560187,-0.1453505,-0.1030284,0,0,0,1,0,0,0.3889087,2,0.3889088,0,0,0,0.05000001,0,0,0,0,0,0,0.55,2,4.808253E-08,0,0,0,0.05000001,0,0,0,0,0,0,-6.558685E-09,2,0.55,0,0,0,0.05000001,0,0,0,0,0,0,0.3889087,2,-0.3889087,0,0,0,0.04999995,0,0,0,0,0,0,-0.3889089,2,0.3889086,0,0,0,0.05000001,0,0,0,0,0,0,2.404126E-08,2,-0.55,0,0,0,0.05000001,0,0,0,0,0,0,-0.3889087,2,-0.3889087,0,0,0,0.04999995,0,0,0,0,0,0,-0.55,2,0,0,0,0,0.05000001,0,0,0,0,0,0
134,-0.03503206,0.6595023,0.6131946,-0.0651533,-0.02574624,0.05253854,-0.2332273,0,0,0,1,0,0,-0.5326074,0.7270344,0.5309471,-0.2306283,0.2219022,0.2586425,-0.2460978,0,0,0,1,0,0,-0.6134223,0.06525606,0.5730406,-0.4184009,0.3607327,0.4499288,-0.1838299,0,0,0,1,0,0,-0.1141324,-0.003255545,0.4484717,-0.585465,0.1425228,-1.406363,-0.1936789,0,0,0,1,0,0,-0.9114451,0.150596,0.04383371,-0.5373152,0.5996394,0.04776644,-0.0594756,0,0,0,1,0,0,0.3890582,0.6518041,0.4037076,-0.2633885,-0.07531348,-0.2294064,-0.02770734,0,0,0,1,0,0,0.4297582,-0.0002679788,0.3636421,-0.1980291,0.09731922,-0.5052524,0.0500052,0,0,0,1,0,0,-0.6728762,0.6962551,0.01651526,-0.1980335,0.1289994,0.05797295,-0.1777495,0,0,0,1,0,0,-0.4428622,-0.007100923,-0.3757953,0.2269656,0.02330361,0.5132945,0.05392128,0,0,0,1,0,0,0.680072,0.7005584,-0.02874673,0.1800031,0.1681179,-0.1305927,-0.1531373,0,0,0,1,0,0,0.8946165,0.1413482,-0.04429934,0.5005451,0.5737367,-0.1295059,-0.06065691,0,0,0,1,0,0,-0.4019871,0.658313,-0.4054442,0.2177806,-0.03358723,0.1443118,-0.001579463,0,0,0,1,0,0,0.1055789,-0.009039506,-0.5002888,0.6282704,0.08540716,1.38996,-0.1510676,0,0,0,1,0,0,0.5277405,0.7258503,-0.5427071,0.2380163,0.26384,-0.3409983,-0.2187065,0,0,0,1,0,0,0.6017165,0.0527142,-0.5499697,0.4381837,0.3412639,-0.3409208,-0.1912583,0,0,0,1,0,0,0.02042018,0.6613061,-0.608735,0.05312285,-0.01547635,0.04841091,-0.2126391,0,0,0,1,0,0,0.4060195,1.334098,0.4204101,-0.06117227,0.002145768,-0.01499951,0.02929133,0,0,0,1,0,0,0.004694581,1.342133,0.6188871,0.02601269,0.02610685,0.02214612,-0.1023555,0,0,0,1,0,0,-0.4484862,1.352383,0.45439,-0.05406293,0.05053284,0.07809851,-0.1105041,0,0,0,1,0,0,0.6024634,1.336981,0.002135787,-0.03315808,-0.01357794,0.0173151,0.01695359,0,0,0,1,0,0,-0.6153488,1.337851,-0.001503582,-0.009086732,0.004220011,-0.004079287,0.0086779,0,0,0,1,0,0,-0.4117126,1.327467,-0.416182,0.04632922,-0.01298786,0.03359766,0.03141487,0,0,0,1,0,0,-0.0005829157,1.339842,-0.6193305,-0.0002069429,0.02006293,-0.05223455,-0.09918809,0,0,0,1,0,0,0.4451722,1.342564,-0.4570327,0.05161913,0.02718569,-0.1069144,-0.1043777,0,0,0,1,0,0,0.3889087,2,0.3889088,0,0,0,0.05000001,0,0,0,0,0,0,0.55,2,4.808253E-08,0,0,0,0.05000001,0,0,0,0,0,0,-6.558685E-09,2,0.55,0,0,0,0.05000001,0,0,0,0,0,0,0.3889087,2,-0.3889087,0,0,0,0.04999995,0,0,0,0,0,0,-0.3889089,2,0.3889086,0,0,0,0.05000001,0,0,0,0,0,0,2.404126E-08,2,-0.55,0,0,0,0.05000001,0,0,0,0,0,0,-0.3889087,2,-0.3889087,0,0,0,0.04999995,0,0,0,0,0,0,-0.55,2,0,0,0,0,0.05000001,0,0,0,0,0,0
135,-0.03859284,0.6608223,0.6184016,-0.178039,0.06600025,0.2603532,-0.22712,0,0,0,1,0,0,-0.5362229,0.7312045,0.5361927,-0.180772,0.2085031,0.2622754,-0.2447773,0,0,0,1,0,0,-0.6263541,0.07659275,0.5869809,-0.6465884,0.5668348,0.697014,-0.1767459,0,0,0,1,0,0,-0.1262247,6.335868E-06,0.428455,-0.604616,0.1630941,-1.000835,-0.202056,0,0,0,1,0,0,-0.9159247,0.1599418,0.04386491,-0.2239794,0.4672879,0.001560152,-0.06678557,0,0,0,1,0,0,0.3809633,0.6496882,0.4004585,-0.404747,-0.1057953,-0.162457,-0.02977985,0,0,0,1,0,0,0.4219994,0.002738147,0.3562283,-0.3879385,0.1503064,-0.3706904,0.04281312,0,0,0,1,0,0,-0.6754575,0.6972266,0.01910581,-0.129062,0.04857482,0.1295276,-0.1844898,0,0,0,1,0,0,-0.4366712,-0.007130873,-0.3660222,0.3095509,-0.001497521,0.4886584,0.04581696,0,0,0,1,0,0,0.6801655,0.7020017,-0.03006096,0.004675986,0.07216635,-0.06571154,-0.1611935,0,0,0,1,0,0,0.9025253,0.1527178,-0.04521367,0.3954412,0.568481,-0.04571659,-0.06582993,0,0,0,1,0,0,-0.3954989,0.6573916,-0.4033482,0.3244103,-0.04607143,0.1047984,-0.002444029,0,0,0,1,0,0,0.1199912,-0.007529558,-0.4693251,0.7206137,0.07549746,1.548188,-0.1667162,0,0,0,1,0,0,0.532268,0.7304597,-0.548399,0.2263756,0.2304704,-0.2845944,-0.2162271,0,0,0,1,0,0,0.6120905,0.06111872,-0.5594599,0.5187036,0.4202263,-0.4745128,-0.1873653,0,0,0,1,0,0,0.02183526,0.6613601,-0.6082318,0.07075419,0.002700092,0.02515913,-0.2102118,0,0,0,1,0,0,0.4040822,1.334224,0.4198022,-0.09686504,0.006306174,-0.03039689,0.03013283,0,0,0,1,0,0,0.004708368,1.342745,0.6205858,0.000689342,0.03061892,0.08493368,-0.1007264,0,0,0,1,0,0,-0.4494155,1.353672,0.455588,-0.04646333,0.06446841,0.0599012,-0.1120062,0,0,0,1,0,0,0.5972731,1.336576,0.003289938,-0.2595157,-0.02024771,0.05770756,0.009744287,0,0,0,1,0,0,-0.6153485,1.337597,-0.001546876,1.490117E-05,-0.01267791,-0.002164674,0.004736185,0,0,0,1,0,0,-0.4108159,1.327228,-0.4147178,0.04483463,-0.01195074,0.07321092,0.03267092,0,0,0,1,0,0,-0.0002615324,1.340399,-0.6213931,0.01606917,0.02788306,-0.103131,-0.09742123,0,0,0,1,0,0,0.4460871,1.343195,-0.4585556,0.04574658,0.03154875,-0.07614943,-0.1060914,0,0,0,1,0,0,0.3889087,2,0.3889088,0,0,0,0.05000001,0,0,0,0,0,0,0.55,2,4.808253E-08,0,0,0,0.05000001,0,0,0,0,0,0,-6.558685E-09,2,0.55,0,0,0,0.05000001,0,0,0,0,0,0,0.3889087,2,-0.3889087,0,0,0,0.04999995,0,0,0,0,0,0,-0.3889089,2,0.3889086,0,0,0,0.05000001,0,0,0,0,0,0,2.404126E-08,2,-0.55,0,0,0,0.05000001,0,0,0,0,0,0,-0.3889087,2,-0.3889087,0,0,0,0.04999995,0,0,0,0,0,0,-0.55,2,0,0,0,0,0.05000001,0,0,0,0,0,0
136,-0.04005416,0.6617734,0.6221878,-0.07306601,0.04755558,0.1893074,-0.2213447,0,0,0,1,0,0,-0.5406547,0.7357063,0.5419921,-0.2215893,0.2250881,0.2899737,-0.2421686,0,0,0,1,0,0,-0.6411701,0.09020822,0.5999675,-0.7407996,0.6807736,0.6493303,-0.1699069,0,0,0,1,0,0,-0.139797,0.003023917,0.4107204,-0.6786163,0.1508791,-0.8867312,-0.209798,0,0,0,1,0,0,-0.9183775,0.1669767,0.04516511,-0.1226426,0.351745,0.06500988,-0.075418,0,0,0,1,0,0,0.3724307,0.648922,0.3970104,-0.4266279,-0.03830792,-0.1724035,-0.03289008,0,0,0,1,0,0,0.4126525,0.002754232,0.3473025,-0.4673468,0.0008042323,-0.4462885,0.03610563,0,0,0,1,0,0,-0.6773672,0.7002068,0.01951248,-0.09548668,0.1490117,0.02033357,-0.189837,0,0,0,1,0,0,-0.4292717,-0.006774668,-0.3552932,0.3699766,0.01781029,0.5364495,0.03715491,0,0,0,1,0,0,0.6775994,0.7022956,-0.03162373,-0.128305,0.01469553,-0.07813828,-0.1716747,0,0,0,1,0,0,0.9092032,0.1633947,-0.0439539,0.3338934,0.533841,0.06298872,-0.07074261,0,0,0,1,0,0,-0.3870895,0.655875,-0.399535,0.4204707,-0.07582906,0.1906589,-0.005391955,0,0,0,1,0,0,0.1364721,-0.004920548,-0.4356,0.8240472,0.1304505,1.686255,-0.1841269,0,0,0,1,0,0,0.5361249,0.7343149,-0.553046,0.1928449,0.1927585,-0.2323509,-0.2148668,0,0,0,1,0,0,0.6248731,0.07119998,-0.5740716,0.6391289,0.5040629,-0.7305834,-0.179082,0,0,0,1,0,0,0.02317917,0.6615567,-0.6090719,0.0671957,0.00983179,-0.04200341,-0.206691,0,0,0,1,0,0,0.4028523,1.334324,0.4197539,-0.06149712,0.005030634,-0.002412499,0.03156894,0,0,0,1,0,0,0.004929898,1.343668,0.6228381,0.01107648,0.04611613,0.1126141,-0.0984571,0,0,0,1,0,0,-0.4502653,1.354586,0.4576786,-0.04249068,0.04570486,0.1045257,-0.1133822,0,0,0,1,0,0,0.5944793,1.336242,0.004215848,-0.1396895,-0.01668931,0.04629553,0.004377067,0,0,0,1,0,0,-0.6137437,1.337289,-0.001660386,0.0802398,-0.01538993,-0.005675488,-0.0002645254,0,0,0,1,0,0,-0.4096687,1.326371,-0.4150506,0.05736055,-0.04281403,-0.01664311,0.03375995,0,0,0,1,0,0,-0.0004363495,1.341382,-0.6244799,-0.008740859,0.04912617,-0.1543373,-0.09453338,0,0,0,1,0,0,0.447022,1.343943,-0.4601511,0.04674198,0.03740193,-0.07977489,-0.1075869,0,0,0,1,0,0,0.3889087,2,0.3889088,0,0,0,0.05000001,0,0,0,0,0,0,0.55,2,4.808253E-08,0,0,0,0.05000001,0,0,0,0,0,0,-6.558685E-09,2,0.55,0,0,0,0.05000001,0,0,0,0,0,0,0.3889087,2,-0.3889087,0,0,0,0.04999995,0,0,0,0,0,0,-0.3889089,2,0.3889086,0,0,0,0.05000001,0,0,0,0,0,0,2.404126E-08,2,-0.55,0,0,0,0.05000001,0,0,0,0,0,0,-0.3889087,2,-0.3889087,0,0,0,0.04999995,0,0,0,0,0,0,-0.55,2,0,0,0,0,0.05000001,0,0,0,0,0,0
137,-0.04009381,0.6620147,0.6240113,-0.001982786,0.012061,0.09117726,-0.2164637,0,0,0,1,0,0,-0.5442128,0.7401548,0.5478727,-0.177905,0.2224267,0.2940269,-0.2400028,0,0,0,1,0,0,-0.6551098,0.1038712,0.6123395,-0.6969842,0.6831511,0.6186011,-0.1634585,0,0,0,1,0,0,-0.154183,0.00618898,0.3954087,-0.7193009,0.1582532,-0.7655877,-0.2166153,0,0,0,1,0,0,-0.9204518,0.1742237,0.04660747,-0.1037121,0.3623532,0.07211811,-0.08446449,0,0,0,1,0,0,0.3637974,0.6478845,0.392177,-0.431666,-0.05187692,-0.2416731,-0.0362609,0,0,0,1,0,0,0.4019427,0.0004201173,0.3362541,-0.5354884,-0.1167058,-0.5524235,0.02936131,0,0,0,1,0,0,-0.6789306,0.7028399,0.01974872,-0.07816854,0.1316548,0.01181206,-0.1955094,0,0,0,1,0,0,-0.4200909,-0.006629281,-0.3433063,0.4590379,0.007269348,0.5993428,0.02810109,0,0,0,1,0,0,0.6738232,0.70181,-0.03315023,-0.1888127,-0.02427996,-0.07632527,-0.1833947,0,0,0,1,0,0,0.913284,0.1721431,-0.04384236,0.2040417,0.4374215,0.005577134,-0.07789111,0,0,0,1,0,0,-0.3775054,0.6540872,-0.3950373,0.4792081,-0.0893921,0.2248869,-0.009388804,0,0,0,1,0,0,0.1545921,-0.0007097775,-0.3990685,0.9060007,0.2105386,1.826578,-0.2025371,0,0,0,1,0,0,0.5390137,0.7384733,-0.5571055,0.144443,0.207919,-0.2029777,-0.2144141,0,0,0,1,0,0,0.637321,0.08277004,-0.5901122,0.6223949,0.5785035,-0.8020315,-0.1701462,0,0,0,1,0,0,0.02442666,0.6618095,-0.609085,0.06237414,0.01263917,-0.0006526711,-0.2037843,0,0,0,1,0,0,0.4022737,1.334487,0.4198332,-0.02893062,0.008141997,0.00396073,0.033584,0,0,0,1,0,0,0.005664177,1.344629,0.6243027,0.03671398,0.04807713,0.0732303,-0.09655261,0,0,0,1,0,0,-0.4498097,1.35501,0.4592889,0.02277792,0.02118946,0.08051845,-0.1160561,0,0,0,1,0,0,0.5934445,1.335995,0.005055117,-0.05174281,-0.01236201,0.04196348,0.0002974868,0,0,0,1,0,0,-0.6134537,1.337102,-0.00165654,0.01449884,-0.009369854,0.0001923007,-0.004310429,0,0,0,1,0,0,-0.4093119,1.326143,-0.4154088,0.01784117,-0.01140237,-0.01790971,0.03582329,0,0,0,1,0,0,-0.0007761762,1.34295,-0.6279635,-0.01699134,0.07839206,-0.1741827,-0.09093356,0,0,0,1,0,0,0.4480624,1.344282,-0.4617575,0.05202445,0.01694561,-0.08031878,-0.1093147,0,0,0,1,0,0,0.3889087,2,0.3889088,0,0,0,0.05000001,0,0,0,0,0,0,0.55,2,4.808253E-08,0,0,0,0.05000001,0,0,0,0,0,0,-6.558685E-09,2,0.55,0,0,0,0.05000001,0,0,0,0,0,0,0.3889087,2,-0.3889087,0,0,0,0.04999995,0,0,0,0,0,0,-0.3889089,2,0.3889086,0,0,0,0.05000001,0,0,0,0,0,0,2.404126E-08,2,-0.55,0,0,0,0.05000001,0,0,0,0,0,0,-0.3889087,2,-0.3889087,0,0,0,0.04999995,0,0,0,0,0,0,-0.55,2,0,0,0,0,0.05000001,0,0,0,0,0,0
138,-0.04051201,0.6624624,0.6245462,-0.02090969,0.02238751,0.02674164,-0.2127759,0,0,0,1,0,0,-0.5484195,0.7448705,0.5540892,-0.2103389,0.2357841,0.3108294,-0.2371492,0,0,0,1,0,0,-0.6663898,0.1158248,0.6237029,-0.5640002,0.5976787,0.5681696,-0.1579681,0,0,0,1,0,0,-0.1678952,0.01047397,0.3816886,-0.6856087,0.2142494,-0.6860036,-0.2225651,0,0,0,1,0,0,-0.9236116,0.1833658,0.0472592,-0.1579911,0.4571022,0.03258662,-0.0928849,0,0,0,1,0,0,0.3568348,0.6467832,0.3867809,-0.3481285,-0.05506577,-0.2698005,-0.03804255,0,0,0,1,0,0,0.3902524,-0.00168011,0.3240638,-0.5845177,-0.1050114,-0.6095129,0.022587,0,0,0,1,0,0,-0.6796297,0.7047226,0.02066835,-0.03495516,0.09413365,0.04598128,-0.2026566,0,0,0,1,0,0,-0.4099085,-0.006992572,-0.3301694,0.5091192,-0.01816455,0.6568479,0.01915121,0,0,0,1,0,0,0.6697617,0.7019448,-0.03488877,-0.2030731,0.006738308,-0.08692689,-0.1954162,0,0,0,1,0,0,0.9167334,0.1795188,-0.04573906,0.1724721,0.3687853,-0.09483512,-0.08619785,0,0,0,1,0,0,-0.3685609,0.6523911,-0.391918,0.4472213,-0.08480552,0.155966,-0.01232862,0,0,0,1,0,0,0.1721055,0.005687537,-0.3629661,0.8756671,0.3198659,1.80512,-0.2191524,0,0,0,1,0,0,0.5416489,0.7425376,-0.5618977,0.1317591,0.2032132,-0.2396078,-0.2136421,0,0,0,1,0,0,0.6479886,0.09486335,-0.6071655,0.5333784,0.6046655,-0.8526627,-0.1610217,0,0,0,1,0,0,0.02417515,0.6616725,-0.6122482,-0.01257537,-0.006848576,-0.158161,-0.1972626,0,0,0,1,0,0,0.4013623,1.334831,0.4201581,-0.04556777,0.01719595,0.01624972,0.03552985,0,0,0,1,0,0,0.006586903,1.345737,0.6264582,0.04613629,0.0553787,0.1077742,-0.09401959,0,0,0,1,0,0,-0.4500379,1.35556,0.4611249,-0.01140833,0.02752544,0.09180013,-0.1182465,0,0,0,1,0,0,0.5930514,1.335675,0.005261611,-0.01965166,-0.01603366,0.01032469,-0.003709495,0,0,0,1,0,0,-0.6123787,1.337047,-0.001514624,0.05375149,-0.002747775,0.007095779,-0.009006619,0,0,0,1,0,0,-0.409181,1.325774,-0.4154987,0.006544593,-0.01848341,-0.004492702,0.03798223,0,0,0,1,0,0,-0.001021177,1.344397,-0.6320092,-0.01225007,0.07238987,-0.2022833,-0.08704078,0,0,0,1,0,0,0.4494428,1.344983,-0.4638002,0.06901923,0.03503563,-0.1021356,-0.1105016,0,0,0,1,0,0,0.3889087,2,0.3889088,0,0,0,0.05000001,0,0,0,0,0,0,0.55,2,4.808253E-08,0,0,0,0.05000001,0,0,0,0,0,0,-6.558685E-09,2,0.55,0,0,0,0.05000001,0,0,0,0,0,0,0.3889087,2,-0.3889087,0,0,0,0.04999995,0,0,0,0,0,0,-0.3889089,2,0.3889086,0,0,0,0.05000001,0,0,0,0,0,0,2.404126E-08,2,-0.55,0,0,0,0.05000001,0,0,0,0,0,0,-0.3889087,2,-0.3889087,0,0,0,0.04999995,0,0,0,0,0,0,-0.55,2,0,0,0,0,0.05000001,0,0,0,0,0,0
139,-0.0414713,0.6626753,0.624575,-0.04796444,0.01064241,0.001442433,-0.2097758,0,0,0,1,0,0,-0.5531793,0.7501864,0.5605891,-0.2379865,0.2657981,0.3249915,-0.2333428,0,0,0,1,0,0,-0.6747245,0.1253538,0.632769,-0.416738,0.4764492,0.4533054,-0.1542305,0,0,0,1,0,0,-0.1808012,0.01654193,0.3683207,-0.645301,0.3033984,-0.6683963,-0.2290689,0,0,0,1,0,0,-0.9298609,0.1951024,0.04816781,-0.3124655,0.586834,0.04543049,-0.09894735,0,0,0,1,0,0,0.3513866,0.6461349,0.3828937,-0.2724097,-0.03241302,-0.1943619,-0.03839785,0,0,0,1,0,0,0.3785512,-0.002841493,0.3111261,-0.5850571,-0.05806914,-0.646888,0.0157153,0,0,0,1,0,0,-0.6785567,0.7057394,0.02169308,0.05364718,0.0508398,0.05123636,-0.2113269,0,0,0,1,0,0,-0.3977728,-0.00604641,-0.3172585,0.606786,0.04730811,0.6455439,0.01067746,0,0,0,1,0,0,0.6668364,0.701261,-0.03856127,-0.1462669,-0.03418626,-0.1836248,-0.2075426,0,0,0,1,0,0,0.9180613,0.1868736,-0.0497848,0.06639066,0.3677385,-0.2022871,-0.09691352,0,0,0,1,0,0,-0.3603973,0.6514974,-0.388536,0.4081802,-0.04468562,0.1690984,-0.01502585,0,0,0,1,0,0,0.1874363,0.01204044,-0.337558,0.7665414,0.3176453,1.270404,-0.2296326,0,0,0,1,0,0,0.5430535,0.7464026,-0.5677659,0.0702292,0.1932532,-0.2934099,-0.212581,0,0,0,1,0,0,0.6590591,0.1071583,-0.624894,0.5535277,0.6147462,-0.8864287,-0.1505615,0,0,0,1,0,0,0.02428838,0.6636714,-0.6185759,0.005661419,0.09994213,-0.3163846,-0.1888131,0,0,0,1,0,0,0.4007665,1.333727,0.4185131,-0.02978892,-0.05518796,-0.08224997,0.036394,0,0,0,1,0,0,0.007468747,1.346919,0.6277635,0.04409225,0.05912187,0.06526711,-0.09201968,0,0,0,1,0,0,-0.4503396,1.356332,0.4624647,-0.01508594,0.03859998,0.06698969,-0.1203415,0,0,0,1,0,0,0.5924268,1.334983,0.00474859,-0.03123285,-0.03457667,-0.02565105,-0.008296013,0,0,0,1,0,0,-0.609729,1.335736,-0.002121547,0.1324833,-0.06555917,-0.03034619,-0.01515776,0,0,0,1,0,0,-0.4084994,1.325255,-0.4160805,0.03408195,-0.02592207,-0.02909155,0.0396561,0,0,0,1,0,0,-0.001231591,1.34588,-0.6355962,-0.0105207,0.07411245,-0.1793505,-0.08345759,0,0,0,1,0,0,0.4499108,1.345077,-0.4653853,0.0233993,0.00472069,-0.07925335,-0.1127528,0,0,0,1,0,0,0.3889087,2,0.3889088,0,0,0,0.05000001,0,0,0,0,0,0,0.55,2,4.808253E-08,0,0,0,0.05000001,0,0,0,0,0,0,-6.558685E-09,2,0.55,0,0,0,0.05000001,0,0,0,0,0,0,0.3889087,2,-0.3889087,0,0,0,0.04999995,0,0,0,0,0,0,-0.3889089,2,0.3889086,0,0,0,0.05000001,0,0,0,0,0,0,2.404126E-08,2,-0.55,0,0,0,0.05000001,0,0,0,0,0,0,-0.3889087,2,-0.3889087,0,0,0,0.04999995,0,0,0,0,0,0,-0.55,2,0,0,0,0,0.05000001,0,0,0,0,0,0
140,-0.0426998,0.6626667,0.6259764,-0.06142503,-0.0004261734,0.07006827,-0.2057937,0,0,0,1,0,0,-0.5582895,0.7562523,0.5679946,-0.2555103,0.3032954,0.3702761,-0.2281368,0,0,0,1,0,0,-0.6810851,0.1329517,0.6400898,-0.3180296,0.3798941,0.3660412,-0.1516365,0,0,0,1,0,0,-0.1924997,0.02386154,0.3551863,-0.5849259,0.3659805,-0.6567168,-0.2357092,0,0,0,1,0,0,-0.9369991,0.2090327,0.04884381,-0.3569098,0.6965141,0.03379995,-0.1041473,0,0,0,1,0,0,0.348016,0.6453624,0.3806131,-0.1685337,-0.03862382,-0.1140297,-0.03669709,0,0,0,1,0,0,0.3670586,-0.002824116,0.2990715,-0.5746337,0.0008688312,-0.6027299,0.009925306,0,0,0,1,0,0,-0.6743544,0.706015,0.02211079,0.2101184,0.0137806,0.02088575,-0.222013,0,0,0,1,0,0,-0.3840083,-0.006619811,-0.3035223,0.6882268,-0.02867006,0.6868097,0.003320634,0,0,0,1,0,0,0.6657275,0.7018862,-0.03996265,-0.05544426,0.03125669,-0.07006902,-0.2163184,0,0,0,1,0,0,0.9201157,0.1931218,-0.05310974,0.1027227,0.3124119,-0.1662471,-0.1060362,0,0,0,1,0,0,-0.353156,0.6504003,-0.3854567,0.3620656,-0.05485418,0.1539678,-0.01692539,0,0,0,1,0,0,0.2014636,0.01772186,-0.3198734,0.7013637,0.2840709,0.8842338,-0.2364042,0,0,0,1,0,0,0.5451443,0.7502876,-0.5735704,0.1045406,0.1942486,-0.2902241,-0.2107975,0,0,0,1,0,0,0.6695697,0.1206653,-0.6378328,0.5255284,0.6753511,-0.6469371,-0.1439403,0,0,0,1,0,0,0.02472526,0.6649767,-0.6214925,0.02184427,0.06526413,-0.1458318,-0.1833976,0,0,0,1,0,0,0.3989547,1.333917,0.4182528,-0.09059314,0.009477142,-0.01301617,0.03718245,0,0,0,1,0,0,0.008203787,1.348072,0.629698,0.03675198,0.05766156,0.09672347,-0.08965373,0,0,0,1,0,0,-0.4505233,1.357025,0.4639437,-0.009183589,0.03464223,0.07394704,-0.1223654,0,0,0,1,0,0,0.5907122,1.334225,0.00407238,-0.0857294,-0.03789069,-0.03381051,-0.01363283,0,0,0,1,0,0,-0.6084864,1.335327,-0.002090321,0.06212893,-0.02043248,0.001561328,-0.01988083,0,0,0,1,0,0,-0.4079451,1.32512,-0.4161054,0.0277117,-0.00675917,-0.001245738,0.04137832,0,0,0,1,0,0,-0.001056542,1.346691,-0.6380913,0.008752445,0.04054309,-0.1247526,-0.08119202,0,0,0,1,0,0,0.4505928,1.34569,-0.4665249,0.03409685,0.03063084,-0.05698057,-0.1145743,0,0,0,1,0,0,0.3889087,2,0.3889088,0,0,0,0.05000001,0,0,0,0,0,0,0.55,2,4.808253E-08,0,0,0,0.05000001,0,0,0,0,0,0,-6.558685E-09,2,0.55,0,0,0,0.05000001,0,0,0,0,0,0,0.3889087,2,-0.3889087,0,0,0,0.04999995,0,0,0,0,0,0,-0.3889089,2,0.3889086,0,0,0,0.05000001,0,0,0,0,0,0,2.404126E-08,2,-0.55,0,0,0,0.05000001,0,0,0,0,0,0,-0.3889087,2,-0.3889087,0,0,0,0.04999995,0,0,0,0,0,0,-0.55,2,0,0,0,0,0.05000001,0,0,0,0,0,0
141,-0.04380175,0.6639816,0.6277572,-0.05509762,0.06574097,0.08904044,-0.2014408,0,0,0,1,0,0,-0.562226,0.7628004,0.5750918,-0.1968265,0.3274025,0.3548594,-0.2240043,0,0,0,1,0,0,-0.6864358,0.1400497,0.6470734,-0.2675356,0.3549026,0.349182,-0.1495926,0,0,0,1,0,0,-0.204003,0.03254135,0.342947,-0.5751657,0.4339907,-0.6119671,-0.2419208,0,0,0,1,0,0,-0.9441777,0.2231511,0.05086658,-0.3589334,0.7059212,0.1011387,-0.1102702,0,0,0,1,0,0,0.3457776,0.6445732,0.3793959,-0.1119197,-0.03946425,-0.06086233,-0.03339976,0,0,0,1,0,0,0.3574359,-0.001623502,0.2887002,-0.4811333,0.06003074,-0.5185636,0.005967617,0,0,0,1,0,0,-0.6710571,0.7066497,0.02303408,0.1648635,0.03173352,0.04616475,-0.232612,0,0,0,1,0,0,-0.3704219,-0.006967652,-0.2880002,0.6793204,-0.01739208,0.7761049,-0.004204333,0,0,0,1,0,0,0.6654094,0.7034963,-0.03992281,-0.01590252,0.08050802,0.001991541,-0.2239207,0,0,0,1,0,0,0.9231859,0.2003208,-0.05622294,0.1535118,0.3599511,-0.15566,-0.1149397,0,0,0,1,0,0,-0.3468837,0.649874,-0.3817737,0.3136174,-0.02631248,0.1841471,-0.01793545,0,0,0,1,0,0,0.2136794,0.02363146,-0.3064133,0.6107907,0.2954803,0.6730022,-0.2400619,0,0,0,1,0,0,0.5474874,0.7544526,-0.5787765,0.117156,0.2082498,-0.2603055,-0.2094963,0,0,0,1,0,0,0.6796368,0.1342253,-0.6482087,0.5033554,0.6779994,-0.518796,-0.1393629,0,0,0,1,0,0,0.02454571,0.6651799,-0.6225637,-0.008977767,0.0101626,-0.05356076,-0.1786827,0,0,0,1,0,0,0.3988234,1.33473,0.419372,-0.006565454,0.04066826,0.05595835,0.04014903,0,0,0,1,0,0,0.009893902,1.349874,0.6320749,0.08450577,0.09011034,0.1188457,-0.08625251,0,0,0,1,0,0,-0.4519933,1.357901,0.4660709,-0.07350299,0.04379155,0.1063601,-0.1235254,0,0,0,1,0,0,0.5888488,1.333583,0.004117409,-0.09316806,-0.03209711,0.00225145,-0.01896989,0,0,0,1,0,0,-0.6083542,1.335231,-0.002081927,0.006610158,-0.004822018,0.0004196774,-0.02389669,0,0,0,1,0,0,-0.4080076,1.325095,-0.4163265,-0.003124775,-0.001233817,-0.01105518,0.04386836,0,0,0,1,0,0,-0.0009213309,1.347036,-0.639616,0.006760578,0.01726151,-0.07623437,-0.07990772,0,0,0,1,0,0,0.4509418,1.346017,-0.4671275,0.01745225,0.01636148,-0.03012867,-0.1172546,0,0,0,1,0,0,0.3889087,2,0.3889088,0,0,0,0.05000001,0,0,0,0,0,0,0.55,2,4.808253E-08,0,0,0,0.05000001,0,0,0,0,0,0,-6.558685E-09,2,0.55,0,0,0,0.05000001,0,0,0,0,0,0,0.3889087,2,-0.3889087,0,0,0,0.04999995,0,0,0,0,0,0,-0.3889089,2,0.3889086,0,0,0,0.05000001,0,0,0,0,0,0,2.404126E-08,2,-0.55,0,0,0,0.05000001,0,0,0,0,0,0,-0.3889087,2,-0.3889087,0,0,0,0.04999995,0,0,0,0,0,0,-0.55,2,0,0,0,0,0.05000001,0,0,0,0,0,0
142,-0.04378441,0.6646818,0.6286302,0.0008668754,0.03501178,0.0436485,-0.1972584,0,0,0,1,0,0,-0.5662574,0.7696112,0.5827803,-0.2015681,0.3405394,0.3844263,-0.2190165,0,0,0,1,0,0,-0.6913747,0.1480963,0.6542172,-0.2469451,0.4023285,0.3571869,-0.147661,0,0,0,1,0,0,-0.2147767,0.04210783,0.3319696,-0.5386847,0.4783243,-0.5488711,-0.2480087,0,0,0,1,0,0,-0.950806,0.23594,0.05416843,-0.3314109,0.6394426,0.1650925,-0.1166583,0,0,0,1,0,0,0.3437557,0.6443287,0.3785507,-0.1010955,-0.01222194,-0.04225673,-0.0302341,0,0,0,1,0,0,0.3502508,-0.000196484,0.2784497,-0.3592567,0.07135091,-0.5125271,0.002280533,0,0,0,1,0,0,-0.6685042,0.7079243,0.02418431,0.1276464,0.06373229,0.05751133,-0.2422515,0,0,0,1,0,0,-0.3582138,-0.00619771,-0.2720586,0.610404,0.03849714,0.7970813,-0.01172733,0,0,0,1,0,0,0.6651849,0.7046759,-0.04064206,-0.01122952,0.05897584,-0.03596248,-0.2317359,0,0,0,1,0,0,0.9272146,0.2088844,-0.05880447,0.201431,0.4281813,-0.1290767,-0.122768,0,0,0,1,0,0,-0.3428381,0.6498317,-0.3783343,0.2022789,-0.002118946,0.1719684,-0.01999253,0,0,0,1,0,0,0.2245164,0.03065469,-0.2962778,0.5418527,0.3511615,0.5067782,-0.2431033,0,0,0,1,0,0,0.5505583,0.7593709,-0.5841317,0.1535416,0.245914,-0.2677621,-0.2072134,0,0,0,1,0,0,0.6880131,0.1466563,-0.6582682,0.4188182,0.621553,-0.502977,-0.1349064,0,0,0,1,0,0,0.02382758,0.6655992,-0.6233705,-0.03590641,0.02096594,-0.04033746,-0.1740309,0,0,0,1,0,0,0.3984304,1.334984,0.4199342,-0.01964868,0.01267791,0.02811254,0.0423829,0,0,0,1,0,0,0.01145378,1.351479,0.6344597,0.07799392,0.08021596,0.1192391,-0.08300745,0,0,0,1,0,0,-0.4518195,1.358828,0.4680759,0.008693341,0.04633071,0.1002521,-0.1254962,0,0,0,1,0,0,0.5882444,1.333431,0.004251093,-0.03021957,-0.007617476,0.006684198,-0.02298909,0,0,0,1,0,0,-0.6087595,1.335429,-0.002048735,-0.02026261,0.009906296,0.001659606,-0.02726674,0,0,0,1,0,0,-0.4081459,1.324952,-0.416206,-0.006915632,-0.00715256,0.006027522,0.04619545,0,0,0,1,0,0,-0.0009250332,1.347477,-0.6407388,-0.0001851179,0.02206565,-0.05614164,-0.07881027,0,0,0,1,0,0,0.4511278,1.346253,-0.4677083,0.009299818,0.01181365,-0.02904237,-0.1200112,0,0,0,1,0,0,0.3889087,2,0.3889088,0,0,0,0.05000001,0,0,0,0,0,0,0.55,2,4.808253E-08,0,0,0,0.05000001,0,0,0,0,0,0,-6.558685E-09,2,0.55,0,0,0,0.05000001,0,0,0,0,0,0,0.3889087,2,-0.3889087,0,0,0,0.04999995,0,0,0,0,0,0,-0.3889089,2,0.3889086,0,0,0,0.05000001,0,0,0,0,0,0,2.404126E-08,2,-0.55,0,0,0,0.05000001,0,0,0,0,0,0,-0.3889087,2,-0.3889087,0,0,0,0.04999995,0,0,0,0,0,0,-0.55,2,0,0,0,0,0.05000001,0,0,0,0,0,0
143,-0.04311465,0.6651132,0.6289571,0.03348777,0.02157093,0.01634658,-0.1931247,0,0,0,1,0,0,-0.5705795,0.7759567,0.5896058,-0.2161086,0.3172756,0.3412755,-0.2145244,0,0,0,1,0,0,-0.6959583,0.1573488,0.6621658,-0.229177,0.4626276,0.397432,-0.145429,0,0,0,1,0,0,-0.2247466,0.05173275,0.3218665,-0.498494,0.4812462,-0.5051525,-0.2531911,0,0,0,1,0,0,-0.9561923,0.2466604,0.05777456,-0.2693148,0.5360218,0.1803067,-0.1237059,0,0,0,1,0,0,0.342243,0.6444221,0.3776555,-0.07563534,0.004670026,-0.04476162,-0.02683318,0,0,0,1,0,0,0.3436267,0.001269431,0.2676468,-0.3312023,0.07329579,-0.540142,-0.001304984,0,0,0,1,0,0,-0.667266,0.7087494,0.02494057,0.06190839,0.04125239,0.03781302,-0.2507529,0,0,0,1,0,0,-0.3470321,-0.00529089,-0.2573619,0.5590858,0.04534099,0.7348377,-0.01735026,0,0,0,1,0,0,0.6650678,0.7056502,-0.04216816,-0.005853178,0.04871489,-0.07630478,-0.2399155,0,0,0,1,0,0,0.9320522,0.2186515,-0.06153977,0.2418817,0.4883552,-0.1367648,-0.1300777,0,0,0,1,0,0,-0.3406337,0.6504505,-0.3771729,0.110221,0.03094078,0.05807134,-0.02136576,0,0,0,1,0,0,0.2338376,0.03843095,-0.2885208,0.4660623,0.3888133,0.3878461,-0.2452322,0,0,0,1,0,0,0.5535696,0.7650683,-0.5901136,0.1505674,0.2848716,-0.2990932,-0.2041361,0,0,0,1,0,0,0.6936295,0.1574217,-0.668115,0.2808185,0.5382711,-0.4923376,-0.1308767,0,0,0,1,0,0,0.02291095,0.6658692,-0.6240893,-0.04583133,0.01350046,-0.03594162,-0.1692874,0,0,0,1,0,0,0.398099,1.335262,0.4200577,-0.01656712,0.01390577,0.006175044,0.04454148,0,0,0,1,0,0,0.01274234,1.352844,0.636247,0.0644279,0.06823543,0.08936826,-0.08040339,0,0,0,1,0,0,-0.4515912,1.359222,0.4688894,0.0114128,0.01972318,0.04067571,-0.1283602,0,0,0,1,0,0,0.5879889,1.333211,0.004334829,-0.01277626,-0.01097918,0.004186786,-0.0268051,0,0,0,1,0,0,-0.6089934,1.335499,-0.002087144,-0.01169444,0.003498794,-0.001920435,-0.03079313,0,0,0,1,0,0,-0.4087524,1.325386,-0.4165313,-0.03032387,0.02170206,-0.01626611,0.04928154,0,0,0,1,0,0,-0.0009555672,1.348239,-0.6422377,-0.0015267,0.03811122,-0.07494691,-0.07723421,0,0,0,1,0,0,0.4514498,1.346453,-0.4683678,0.01609922,0.009983782,-0.03297628,-0.1226707,0,0,0,1,0,0,0.3889087,2,0.3889088,0,0,0,0.05000001,0,0,0,0,0,0,0.55,2,4.808253E-08,0,0,0,0.05000001,0,0,0,0,0,0,-6.558685E-09,2,0.55,0,0,0,0.05000001,0,0,0,0,0,0,0.3889087,2,-0.3889087,0,0,0,0.04999995,0,0,0,0,0,0,-0.3889089,2,0.3889086,0,0,0,0.05000001,0,0,0,0,0,0,2.404126E-08,2,-0.55,0,0,0,0.05000001,0,0,0,0,0,0,-0.3889087,2,-0.3889087,0,0,0,0.04999995,0,0,0,0,0,0,-0.55,2,0,0,0,0,0.05000001,0,0,0,0,0,0
144,-0.04271539,0.6650774,0.6300464,0.01996309,-0.00178814,0.05446377,-0.1883919,0,0,0,1,0,0,-0.5747402,0.7819169,0.5957346,-0.2080322,0.2980114,0.3064395,-0.2106053,0,0,0,1,0,0,-0.7009865,0.1687161,0.6715803,-0.2514125,0.568364,0.4707219,-0.1422399,0,0,0,1,0,0,-0.2324237,0.06171715,0.3119361,-0.3838563,0.49922,-0.4965218,-0.2569851,0,0,0,1,0,0,-0.9600226,0.2557819,0.06092365,-0.1915158,0.456077,0.1574547,-0.1314703,0,0,0,1,0,0,0.3410777,0.6441947,0.3760099,-0.05826207,-0.01136959,-0.08227977,-0.02326411,0,0,0,1,0,0,0.3371516,0.004602585,0.25502,-0.3237591,0.1666578,-0.6313401,-0.00676769,0,0,0,1,0,0,-0.6673496,0.7092651,0.02496959,-0.004181268,0.02578498,0.001451094,-0.2578118,0,0,0,1,0,0,-0.336484,-0.004384115,-0.2438218,0.5274059,0.04533876,0.6770055,-0.02118611,0,0,0,1,0,0,0.6688882,0.7081249,-0.04372524,0.191021,0.1237363,-0.07785413,-0.2444456,0,0,0,1,0,0,0.9397315,0.2313843,-0.06424939,0.3839673,0.6366382,-0.1354812,-0.1352046,0,0,0,1,0,0,-0.3402403,0.6506813,-0.3775416,0.01967103,0.01153946,-0.01843423,-0.02105713,0,0,0,1,0,0,0.2423087,0.04750316,-0.2830672,0.4235508,0.4536107,0.2726839,-0.2475261,0,0,0,1,0,0,0.5588835,0.7715729,-0.5953873,0.2656968,0.3252329,-0.2636881,-0.200018,0,0,0,1,0,0,0.6959973,0.1646877,-0.6749575,0.1183898,0.3632964,-0.3421248,-0.1291934,0,0,0,1,0,0,0.02217204,0.6658218,-0.6244989,-0.03694567,-0.002372266,-0.02048016,-0.1648239,0,0,0,1,0,0,0.3977647,1.335001,0.419779,-0.01671911,-0.01306534,-0.01393557,0.04626834,0,0,0,1,0,0,0.01340735,1.353642,0.6367924,0.03325088,0.03991129,0.02726616,-0.0792141,0,0,0,1,0,0,-0.4506287,1.358965,0.4691191,0.04812779,-0.01283885,0.01148284,-0.1322858,0,0,0,1,0,0,0.5877517,1.333307,0.004386978,-0.01185835,0.004780294,0.002607471,-0.03039098,0,0,0,1,0,0,-0.6089526,1.33576,-0.001963395,0.002035499,0.01304746,0.006187465,-0.03441542,0,0,0,1,0,0,-0.4083024,1.325417,-0.4159348,0.02250225,0.0015378,0.02982469,0.05100644,0,0,0,1,0,0,-0.0009276108,1.348392,-0.6435381,0.00139782,0.007647279,-0.06501677,-0.07620817,0,0,0,1,0,0,0.4518236,1.346572,-0.469032,0.01869202,0.005960467,-0.03320874,-0.1253068,0,0,0,1,0,0,0.3889087,2,0.3889088,0,0,0,0.05000001,0,0,0,0,0,0,0.55,2,4.808253E-08,0,0,0,0.05000001,0,0,0,0,0,0,-6.558685E-09,2,0.55,0,0,0,0.05000001,0,0,0,0,0,0,0.3889087,2,-0.3889087,0,0,0,0.04999995,0,0,0,0,0,0,-0.3889089,2,0.3889086,0,0,0,0.05000001,0,0,0,0,0,0,2.404126E-08,2,-0.55,0,0,0,0.05000001,0,0,0,0,0,0,-0.3889087,2,-0.3889087,0,0,0,0.04999995,0,0,0,0,0,0,-0.55,2,0,0,0,0,0.05000001,0,0,0,0,0,0
145,-0.04214386,0.6649182,0.6299061,0.0285769,-0.007963183,-0.007012489,-0.1844479,0,0,0,1,0,0,-0.5810305,0.7887957,0.6011257,-0.3145189,0.3439398,0.2695562,-0.2058632,0,0,0,1,0,0,-0.7005112,0.1786746,0.6785443,0.02376438,0.4979247,0.3482045,-0.1425429,0,0,0,1,0,0,-0.2368466,0.07533489,0.2986368,-0.2211445,0.6808874,-0.664966,-0.2611719,0,0,0,1,0,0,-0.9680743,0.2653461,0.06511099,-0.4025848,0.4782097,0.2093668,-0.1358867,0,0,0,1,0,0,0.3434948,0.6447888,0.3771216,0.1208529,0.02970399,0.05558284,-0.01634556,0,0,0,1,0,0,0.3320497,0.01022025,0.2400032,-0.2550931,0.2808832,-0.7508415,-0.01492918,0,0,0,1,0,0,-0.6738637,0.711982,0.02468683,-0.3257037,0.135845,-0.01413823,-0.2592967,0,0,0,1,0,0,-0.327989,-0.000260544,-0.2288213,0.4247503,0.2061787,0.7500219,-0.02743626,0,0,0,1,0,0,0.6754256,0.7114121,-0.04628154,0.326872,0.1643628,-0.1278149,-0.2472976,0,0,0,1,0,0,0.9498844,0.2476354,-0.06747064,0.507644,0.8125561,-0.1610626,-0.1389043,0,0,0,1,0,0,-0.3447703,0.6511104,-0.3789122,-0.2265007,0.0214547,-0.06852898,-0.01967782,0,0,0,1,0,0,0.2498863,0.06066848,-0.2786119,0.3788808,0.6582665,0.222762,-0.2518238,0,0,0,1,0,0,0.5650154,0.7803432,-0.6051176,0.3065915,0.4385145,-0.4865142,-0.1912806,0,0,0,1,0,0,0.6950797,0.1656263,-0.6763912,-0.04587771,0.04693421,-0.07168654,-0.1310432,0,0,0,1,0,0,0.02228651,0.6657298,-0.6236981,0.005723445,-0.0045985,0.04004242,-0.1616677,0,0,0,1,0,0,0.3965813,1.334778,0.4184537,-0.05916657,-0.01111031,-0.06626549,0.04707807,0,0,0,1,0,0,0.01368935,1.353371,0.636241,0.0140999,-0.01353026,-0.02756716,-0.07959092,0,0,0,1,0,0,-0.4500009,1.358841,0.4685689,0.03138931,-0.006210806,-0.02750755,-0.1363217,0,0,0,1,0,0,0.587813,1.333342,0.003674556,0.00306368,0.001734496,-0.03562114,-0.03418541,0,0,0,1,0,0,-0.6093701,1.336203,-0.001645906,-0.02087355,0.02215506,0.01587443,-0.0377537,0,0,0,1,0,0,-0.4074953,1.325421,-0.4141693,0.04035534,0.000178814,0.08827452,0.05215329,0,0,0,1,0,0,-0.001091306,1.347867,-0.6419767,-0.00818476,-0.02628566,0.07807019,-0.07759142,0,0,0,1,0,0,0.4524969,1.347071,-0.4703531,0.03366472,0.02493859,-0.06605539,-0.1272762,0,0,0,1,0,0,0.3889087,2,0.3889088,0,0,0,0.05000001,0,0,0,0,0,0,0.55,2,4.808253E-08,0,0,0,0.05000001,0,0,0,0,0,0,-6.558685E-09,2,0.55,0,0,0,0.05000001,0,0,0,0,0,0,0.3889087,2,-0.3889087,0,0,0,0.04999995,0,0,0,0,0,0,-0.3889089,2,0.3889086,0,0,0,0.05000001,0,0,0,0,0,0,2.404126E-08,2,-0.55,0,0,0,0.05000001,0,0,0,0,0,0,-0.3889087,2,-0.3889087,0,0,0,0.04999995,0,0,0,0,0,0,-0.55,2,0,0,0,0,0.05000001,0,0,0,0,0,0
146,-0.04292082,0.6635445,0.6236557,-0.03884827,-0.06868544,-0.3125192,-0.1858808,0,0,0,1,0,0,-0.5858739,0.7934175,0.6114799,-0.2421678,0.2310873,0.5177112,-0.1983638,0,0,0,1,0,0,-0.6985654,0.1827143,0.6790048,0.09728972,0.2019846,0.02302528,-0.1464168,0,0,0,1,0,0,-0.2451489,0.09199659,0.2815338,-0.4151145,0.8330851,-0.8551482,-0.2701625,0,0,0,1,0,0,-0.9816508,0.2824243,0.06710073,-0.6788256,0.8539099,0.09948727,-0.1352856,0,0,0,1,0,0,0.3499959,0.6435302,0.3790891,0.3250555,-0.06292763,0.09837601,-0.005112112,0,0,0,1,0,0,0.3276637,0.01458531,0.224439,-0.219299,0.2182534,-0.7782105,-0.02254307,0,0,0,1,0,0,-0.6826147,0.7141272,0.02102594,-0.4375519,0.1072616,-0.1830445,-0.2572205,0,0,0,1,0,0,-0.3348737,0.002372917,-0.2204354,-0.3442363,0.1316731,0.4192972,-0.03159851,0,0,0,1,0,0,0.682192,0.7148175,-0.04554394,0.3383191,0.1702667,0.03687983,-0.2479615,0,0,0,1,0,0,0.9625534,0.2645565,-0.07312398,0.6334516,0.8460547,-0.2826673,-0.1407139,0,0,0,1,0,0,-0.3532749,0.6520041,-0.3829907,-0.4252287,0.0446886,-0.2039269,-0.01559991,0,0,0,1,0,0,0.2535232,0.07652453,-0.26834,0.1818449,0.7928028,0.5135955,-0.2557431,0,0,0,1,0,0,0.5704886,0.7882474,-0.6145937,0.2736629,0.3952087,-0.4738064,-0.1830877,0,0,0,1,0,0,0.6920282,0.1665832,-0.6747525,-0.152579,0.0478402,0.08193555,-0.1359045,0,0,0,1,0,0,0.01913534,0.6635166,-0.6194651,-0.1575582,-0.110659,0.2116472,-0.1589142,0,0,0,1,0,0,0.396665,1.334928,0.4189633,0.004184248,0.007462504,0.02547652,0.04948348,0,0,0,1,0,0,0.0142978,1.35193,0.6309513,0.03042236,-0.0720382,-0.2644838,-0.08381593,0,0,0,1,0,0,-0.4497479,1.358611,0.4668993,0.0126496,-0.01149774,-0.08348081,-0.1406183,0,0,0,1,0,0,0.589114,1.332218,0.003276328,0.06504955,-0.05617144,-0.01991138,-0.03751606,0,0,0,1,0,0,-0.6109645,1.337645,-0.0002560328,-0.07971826,0.07209781,0.0694937,-0.04001814,0,0,0,1,0,0,-0.4075165,1.325669,-0.4129536,-0.001063943,0.01239181,0.06078782,0.05416614,0,0,0,1,0,0,-0.0005235933,1.346949,-0.6396281,0.02838564,-0.04588367,0.1174301,-0.08000261,0,0,0,1,0,0,0.4513352,1.346568,-0.4691998,-0.05808624,-0.02512337,0.05766752,-0.1319748,0,0,0,1,0,0,0.3889087,2,0.3889088,0,0,0,0.05000001,0,0,0,0,0,0,0.55,2,4.808253E-08,0,0,0,0.05000001,0,0,0,0,0,0,-6.558685E-09,2,0.55,0,0,0,0.05000001,0,0,0,0,0,0,0.3889087,2,-0.3889087,0,0,0,0.04999995,0,0,0,0,0,0,-0.3889089,2,0.3889086,0,0,0,0.05000001,0,0,0,0,0,0,2.404126E-08,2,-0.55,0,0,0,0.05000001,0,0,0,0,0,0,-0.3889087,2,-0.3889087,0,0,0,0.04999995,0,0,0,0,0,0,-0.55,2,0,0,0,0,0.05000001,0,0,0,0,0,0
147,-0.04193627,0.6620754,0.6164069,0.04922749,-0.07345381,-0.3624411,-0.1869037,0,0,0,1,0,0,-0.5865662,0.7960411,0.6180153,-0.03461541,0.1311839,0.3267677,-0.1966057,0,0,0,1,0,0,-0.6983456,0.1857188,0.6794083,0.0109911,0.1502269,0.0201732,-0.1490634,0,0,0,1,0,0,-0.2470611,0.1048906,0.258197,-0.09561185,0.6447005,-1.16684,-0.2709717,0,0,0,1,0,0,-0.997688,0.2998386,0.07267803,-0.8018616,0.8707139,0.2788649,-0.1334673,0,0,0,1,0,0,0.3543071,0.6436526,0.3790542,0.2155588,0.006118419,-0.001741946,0.0004316568,0,0,0,1,0,0,0.3402594,0.01821071,0.2208845,0.6297859,0.1812699,-0.1777255,-0.02510786,0,0,0,1,0,0,-0.6919339,0.7187129,0.02272986,-0.4659595,0.2292872,0.08519621,-0.257111,0,0,0,1,0,0,-0.3540449,0.003343568,-0.2205852,-0.9585608,0.04853254,-0.007490071,-0.03146172,0,0,0,1,0,0,0.6910104,0.720935,-0.04389676,0.4409196,0.3058763,0.08235931,-0.2456872,0,0,0,1,0,0,0.9771435,0.2839519,-0.07573465,0.7295015,0.9697709,-0.1305335,-0.1397278,0,0,0,1,0,0,-0.3605511,0.6529961,-0.3859619,-0.363815,0.04959704,-0.1485617,-0.012622,0,0,0,1,0,0,0.2549177,0.09127428,-0.2514334,0.06972554,0.7374878,0.8453328,-0.2564661,0,0,0,1,0,0,0.5693668,0.792372,-0.6227969,-0.05609097,0.2062321,-0.4101576,-0.1801994,0,0,0,1,0,0,0.6942005,0.1736019,-0.672951,0.1086176,0.3509381,0.09007458,-0.1409408,0,0,0,1,0,0,0.01875391,0.6608593,-0.6088827,-0.01907172,-0.1328648,0.5291226,-0.1621861,0,0,0,1,0,0,0.3970096,1.336063,0.4207171,0.01723171,0.05676749,0.08769039,0.05291837,0,0,0,1,0,0,0.01487244,1.351478,0.6282203,0.02873182,-0.02261401,-0.1365543,-0.08565408,0,0,0,1,0,0,-0.4491032,1.359191,0.4671654,0.03223569,0.02898575,0.01330674,-0.1437582,0,0,0,1,0,0,0.5920941,1.330682,0.001594498,0.1490057,-0.07680658,-0.08409157,-0.04050106,0,0,0,1,0,0,-0.6132128,1.339769,0.002318927,-0.1124144,0.1061976,0.128748,-0.0419817,0,0,0,1,0,0,-0.409876,1.326957,-0.4129833,-0.1179755,0.06442072,-0.001487136,0.05897415,0,0,0,1,0,0,0.0002552738,1.345087,-0.6364614,0.03894337,-0.09310249,0.1583309,-0.08365476,0,0,0,1,0,0,0.4509181,1.346443,-0.4688811,-0.02085418,-0.006276371,0.01593531,-0.13568,0,0,0,1,0,0,0.3889087,2,0.3889088,0,0,0,0.05000001,0,0,0,0,0,0,0.55,2,4.808253E-08,0,0,0,0.05000001,0,0,0,0,0,0,-6.558685E-09,2,0.55,0,0,0,0.05000001,0,0,0,0,0,0,0.3889087,2,-0.3889087,0,0,0,0.04999995,0,0,0,0,0,0,-0.3889089,2,0.3889086,0,0,0,0.05000001,0,0,0,0,0,0,2.404126E-08,2,-0.55,0,0,0,0.05000001,0,0,0,0,0,0,-0.3889087,2,-0.3889087,0,0,0,0.04999995,0,0,0,0,0,0,-0.55,2,0,0,0,0,0.05000001,0,0,0,0,0,0
148,-0.04235844,0.6629241,0.6083925,-0.02110862,0.04243256,-0.4007222,-0.1897338,0,0,0,1,0,0,-0.5864094,0.799819,0.6210375,0.007840994,0.1888932,0.1511098,-0.1976948,0,0,0,1,0,0,-0.6975605,0.1945601,0.6876409,0.03925563,0.4420625,0.4116298,-0.1469541,0,0,0,1,0,0,-0.2481284,0.1164675,0.2421455,-0.05336481,0.5788444,-0.8025753,-0.268641,0,0,0,1,0,0,-1.011301,0.3160299,0.07502215,-0.6806287,0.809564,0.1172062,-0.1322709,0,0,0,1,0,0,0.3571719,0.6438016,0.3762007,0.1432419,0.007450583,-0.1426787,-0.002304733,0,0,0,1,0,0,0.3584602,0.02283153,0.2240755,0.9100411,0.2310413,0.1595483,-0.02452654,0,0,0,1,0,0,-0.6996256,0.7232245,0.0273805,-0.3845842,0.2255798,0.2325321,-0.2599448,0,0,0,1,0,0,-0.3729663,0.007043818,-0.2241938,-0.9460706,0.1850126,-0.18043,-0.03000093,0,0,0,1,0,0,0.6980506,0.7269101,-0.04850935,0.3520103,0.2987565,-0.2306297,-0.248173,0,0,0,1,0,0,0.9912747,0.3017831,-0.07964687,0.7065627,0.8915592,-0.195611,-0.1389859,0,0,0,1,0,0,-0.361984,0.6544451,-0.381834,-0.07164183,0.07244948,0.206399,-0.01667809,0,0,0,1,0,0,0.2575869,0.1016035,-0.2306845,0.1334608,0.5164595,1.037443,-0.2537135,0,0,0,1,0,0,0.5685269,0.7948956,-0.6244695,-0.04199745,0.1261801,-0.08363131,-0.1828423,0,0,0,1,0,0,0.6958167,0.1818762,-0.6779971,0.08080903,0.413716,-0.2523036,-0.1404725,0,0,0,1,0,0,0.01743276,0.6598557,-0.601508,-0.06605753,-0.05018117,0.3687324,-0.1626459,0,0,0,1,0,0,0.3991669,1.336618,0.4222848,0.1078621,0.02774001,0.07838461,0.05751997,0,0,0,1,0,0,0.01658968,1.352237,0.6283592,0.08586239,0.03793241,0.006946924,-0.08434999,0,0,0,1,0,0,-0.450148,1.361489,0.4709083,-0.052242,0.114888,0.1871438,-0.1432574,0,0,0,1,0,0,0.5945206,1.331286,0.000478329,0.1213253,0.03019572,-0.05580845,-0.04246122,0,0,0,1,0,0,-0.6177366,1.341986,0.003144909,-0.2261938,0.1108528,0.04129914,-0.04159707,0,0,0,1,0,0,-0.4128164,1.328359,-0.4131843,-0.1470179,0.07012489,-0.01004786,0.06436527,0,0,0,1,0,0,-0.0002681173,1.345586,-0.6372309,-0.02616956,0.02497436,-0.03847481,-0.0826118,0,0,0,1,0,0,0.4530591,1.347476,-0.4722067,0.1070515,0.05167129,-0.1662791,-0.1355313,0,0,0,1,0,0,0.3889087,2,0.3889088,0,0,0,0.05000001,0,0,0,0,0,0,0.55,2,4.808253E-08,0,0,0,0.05000001,0,0,0,0,0,0,-6.558685E-09,2,0.55,0,0,0,0.05000001,0,0,0,0,0,0,0.3889087,2,-0.3889087,0,0,0,0.04999995,0,0,0,0,0,0,-0.3889089,2,0.3889086,0,0,0,0.05000001,0,0,0,0,0,0,2.404126E-08,2,-0.55,0,0,0,0.05000001,0,0,0,0,0,0,-0.3889087,2,-0.3889087,0,0,0,0.04999995,0,0,0,0,0,0,-0.55,2,0,0,0,0,0.05000001,0,0,0,0,0,0
149,-0.04396389,0.6632931,0.5974188,-0.0802724,0.01845361,-0.5486848,-0.1939182,0,0,0,1,0,0,-0.5884015,0.8039449,0.6237802,-0.09960536,0.2062977,0.1371354,-0.1990964,0,0,0,1,0,0,-0.6969078,0.2019703,0.6942312,0.03263355,0.3705131,0.3295125,-0.1456744,0,0,0,1,0,0,-0.2498099,0.1271945,0.2306874,-0.08407313,0.5363519,-0.5729067,-0.2620482,0,0,0,1,0,0,-1.024587,0.3316419,0.0764908,-0.6643178,0.7806036,0.07343258,-0.1334388,0,0,0,1,0,0,0.3586428,0.6452799,0.373224,0.07354322,0.07391277,-0.1488329,-0.004999995,0,0,0,1,0,0,0.3719648,0.02704273,0.2244962,0.67523,0.2105599,0.02103672,-0.02255702,0,0,0,1,0,0,-0.7066724,0.7276567,0.03162019,-0.3523411,0.2216072,0.2119843,-0.2653423,0,0,0,1,0,0,-0.3879632,0.01254647,-0.2271037,-0.7498461,0.2751329,-0.1454965,-0.02724284,0,0,0,1,0,0,0.7037238,0.7312921,-0.05219762,0.2836586,0.2191008,-0.1844135,-0.2541899,0,0,0,1,0,0,1.004701,0.3211667,-0.07898657,0.6713095,0.9691823,0.03301502,-0.1398078,0,0,0,1,0,0,-0.3625596,0.6565456,-0.3770803,-0.02878309,0.1050294,0.237684,-0.02121621,0,0,0,1,0,0,0.2633138,0.1154712,-0.2110917,0.2863468,0.6933882,0.9796392,-0.2508441,0,0,0,1,0,0,0.5701447,0.7985506,-0.6274128,0.08089247,0.1827479,-0.1471639,-0.1841235,0,0,0,1,0,0,0.6973786,0.1870807,-0.6839893,0.07809702,0.2602213,-0.2996148,-0.1381954,0,0,0,1,0,0,0.01879067,0.6600418,-0.5952017,0.06789568,0.009304289,0.3153147,-0.1627486,0,0,0,1,0,0,0.4003019,1.336111,0.4217168,0.05675109,-0.02532602,-0.02839715,0.0608694,0,0,0,1,0,0,0.0174299,1.353159,0.6287729,0.04201077,0.04611017,0.0206858,-0.08303463,0,0,0,1,0,0,-0.4530369,1.363806,0.4750746,-0.144446,0.1158834,0.2083139,-0.1426234,0,0,0,1,0,0,0.5991278,1.332086,-0.0005220184,0.2303571,0.03999473,-0.05001739,-0.04381019,0,0,0,1,0,0,-0.6207186,1.343047,0.003380488,-0.1490981,0.0530422,0.01177894,-0.04389513,0,0,0,1,0,0,-0.4135711,1.329214,-0.4122488,-0.03773572,0.04270675,0.04677476,0.0680176,0,0,0,1,0,0,-0.0006801514,1.346274,-0.6380713,-0.02060171,0.03436805,-0.04201831,-0.08142972,0,0,0,1,0,0,0.4553398,1.348794,-0.4755981,0.1140342,0.065887,-0.1695738,-0.1360665,0,0,0,1,0,0,0.3889087,2,0.3889088,0,0,0,0.05000001,0,0,0,0,0,0,0.55,2,4.808253E-08,0,0,0,0.05000001,0,0,0,0,0,0,-6.558685E-09,2,0.55,0,0,0,0.05000001,0,0,0,0,0,0,0.3889087,2,-0.3889087,0,0,0,0.04999995,0,0,0,0,0,0,-0.3889089,2,0.3889086,0,0,0,0.05000001,0,0,0,0,0,0,2.404126E-08,2,-0.55,0,0,0,0.05000001,0,0,0,0,0,0,-0.3889087,2,-0.3889087,0,0,0,0.04999995,0,0,0,0,0,0,-0.55,2,0,0,0,0,0.05000001,0,0,0,0,0,0
150,-0.04641956,0.6621559,0.5841257,-0.1227836,-0.05686285,-0.6646546,-0.200882,0,0,0,1,0,0,-0.5922531,0.8082855,0.6294665,-0.1925827,0.2170295,0.2843173,-0.195586,0,0,0,1,0,0,-0.6983002,0.2099024,0.6971669,-0.06961825,0.3966042,0.1467854,-0.1464331,0,0,0,1,0,0,-0.2510784,0.1411293,0.2190572,-0.06342532,0.6967391,-0.5815121,-0.2601617,0,0,0,1,0,0,-1.042913,0.3544062,0.07780291,-0.9163145,1.138215,0.06560536,-0.1271639,0,0,0,1,0,0,0.3620272,0.6461688,0.3718393,0.1692236,0.04444422,-0.0692338,-0.006183982,0,0,0,1,0,0,0.3854769,0.03232791,0.2214836,0.6756025,0.2642592,-0.1506284,-0.02576125,0,0,0,1,0,0,-0.714866,0.7330394,0.03171857,-0.4096808,0.2691389,0.004919248,-0.2647644,0,0,0,1,0,0,-0.4006887,0.0184089,-0.2268741,-0.6362754,0.2931214,0.01147911,-0.02833629,0,0,0,1,0,0,0.7117193,0.7365118,-0.05138908,0.3997745,0.260985,0.04042705,-0.2532833,0,0,0,1,0,0,1.02212,0.3476871,-0.07926711,0.8709375,1.326019,-0.01402721,-0.1341735,0,0,0,1,0,0,-0.3668678,0.6569118,-0.3762796,-0.2154053,0.01831055,0.04003347,-0.02187943,0,0,0,1,0,0,0.2687664,0.1333518,-0.1926629,0.2726303,0.8940275,0.921445,-0.2528215,0,0,0,1,0,0,0.5737688,0.8037586,-0.6342325,0.1812042,0.2603979,-0.3409834,-0.1793392,0,0,0,1,0,0,0.7008458,0.1926304,-0.6846152,0.1733572,0.2774873,-0.03129245,-0.139562,0,0,0,1,0,0,0.02033737,0.6593045,-0.5878066,0.07733473,-0.03686549,0.3697576,-0.1646635,0,0,0,1,0,0,0.400083,1.336564,0.4223644,-0.0109464,0.02262593,0.03237874,0.06313908,0,0,0,1,0,0,0.01756172,1.352426,0.6267239,0.006591345,-0.03665091,-0.1024515,-0.08472097,0,0,0,1,0,0,-0.4537956,1.365661,0.47661,-0.03793241,0.09273294,0.07676932,-0.1434913,0,0,0,1,0,0,0.603188,1.331766,-0.001818848,0.2030105,-0.01598001,-0.06484149,-0.04514903,0,0,0,1,0,0,-0.6228232,1.344655,0.004280355,-0.1052291,0.08041862,0.04499337,-0.04555309,0,0,0,1,0,0,-0.4135759,1.329488,-0.4113078,-0.0002369286,0.01369715,0.04705044,0.07003933,0,0,0,1,0,0,-0.0005703093,1.345246,-0.6354111,0.005492107,-0.05137326,0.1330078,-0.08396924,0,0,0,1,0,0,0.456303,1.34936,-0.4772074,0.04815908,0.02827049,-0.08046481,-0.1376088,0,0,0,1,0,0,0.3889087,2,0.3889088,0,0,0,0.05000001,0,0,0,0,0,0,0.55,2,4.808253E-08,0,0,0,0.05000001,0,0,0,0,0,0,-6.558685E-09,2,0.55,0,0,0,0.05000001,0,0,0,0,0,0,0.3889087,2,-0.3889087,0,0,0,0.04999995,0,0,0,0,0,0,-0.3889089,2,0.3889086,0,0,0,0.05000001,0,0,0,0,0,0,2.404126E-08,2,-0.55,0,0,0,0.05000001,0,0,0,0,0,0,-0.3889087,2,-0.3889087,0,0,0,0.04999995,0,0,0,0,0,0,-0.55,2,0,0,0,0,0.05000001,0,0,0,0,0,0
151,-0.04288689,0.6618147,0.5756587,0.1766338,-0.01705588,-0.4233481,-0.2092709,0,0,0,1,0,0,-0.5896435,0.8083839,0.6333067,0.1304836,0.004920365,0.1920075,-0.1892833,0,0,0,1,0,0,-0.6945109,0.2139251,0.7018087,0.1894624,0.2011352,0.2320916,-0.1437232,0,0,0,1,0,0,-0.2527852,0.1458707,0.2123441,-0.08534197,0.2370716,-0.3356525,-0.2750694,0,0,0,1,0,0,-1.047196,0.3677609,0.07614215,-0.2141596,0.6677332,-0.08303824,-0.1139559,0,0,0,1,0,0,0.3653483,0.6478431,0.375358,0.1660556,0.08371475,0.1759336,-0.003109932,0,0,0,1,0,0,0.3922591,0.03150577,0.2190527,0.3391118,-0.04110729,-0.1215458,-0.03501618,0,0,0,1,0,0,-0.7182406,0.7333685,0.03307676,-0.1687289,0.01645089,0.06790965,-0.2553739,0,0,0,1,0,0,-0.4042093,0.01715197,-0.224829,-0.176026,-0.06284633,0.102254,-0.03564471,0,0,0,1,0,0,0.7124485,0.7391536,-0.05131233,0.03646018,0.1320869,0.003837051,-0.243826,0,0,0,1,0,0,1.027681,0.3619107,-0.07975596,0.2780498,0.7111791,-0.02444238,-0.1199099,0,0,0,1,0,0,-0.3674757,0.6573275,-0.3778921,-0.03039838,0.02078415,-0.08062574,-0.02053499,0,0,0,1,0,0,0.2711647,0.1436089,-0.1795256,0.1199156,0.5128549,0.6568613,-0.2699629,0,0,0,1,0,0,0.5689997,0.8048182,-0.6376264,-0.2384544,0.05297961,-0.1696975,-0.1742676,0,0,0,1,0,0,0.6995929,0.1962379,-0.6846926,-0.0626445,0.1803742,-0.003871323,-0.1400296,0,0,0,1,0,0,0.01805014,0.6577667,-0.5838065,-0.1143616,-0.07689002,0.2000035,-0.1699848,0,0,0,1,0,0,0.4029479,1.338013,0.4257462,0.1432449,0.07244352,0.1690925,0.06496447,0,0,0,1,0,0,0.01900894,1.352803,0.6253725,0.0723609,0.01886488,-0.06756786,-0.08493805,0,0,0,1,0,0,-0.4528074,1.364831,0.4762388,0.0494078,-0.04149081,-0.01855791,-0.1414132,0,0,0,1,0,0,0.6064444,1.330515,-0.003563009,0.1628191,-0.0625551,-0.08720811,-0.04066199,0,0,0,1,0,0,-0.6246022,1.345888,0.00587185,-0.08895103,0.06163123,0.07957477,-0.04045105,0,0,0,1,0,0,-0.4161202,1.330683,-0.412573,-0.1272157,0.05975964,-0.0632629,0.07091963,0,0,0,1,0,0,-0.0003449889,1.345457,-0.636612,0.01126602,0.0105381,-0.06004276,-0.08308357,0,0,0,1,0,0,0.4559134,1.348958,-0.4765628,-0.01948179,-0.02005697,0.03222973,-0.1351404,0,0,0,1,0,0,0.3889087,2,0.3889088,0,0,0,0.05000001,0,0,0,0,0,0,0.55,2,4.808253E-08,0,0,0,0.05000001,0,0,0,0,0,0,-6.558685E-09,2,0.55,0,0,0,0.05000001,0,0,0,0,0,0,0.3889087,2,-0.3889087,0,0,0,0.04999995,0,0,0,0,0,0,-0.3889089,2,0.3889086,0,0,0,0.05000001,0,0,0,0,0,0,2.404126E-08,2,-0.55,0,0,0,0.05000001,0,0,0,0,0,0,-0.3889087,2,-0.3889087,0,0,0,0.04999995,0,0,0,0,0,0,-0.55,2,0,0,0,0,0.05000001,0,0,0,0,0,0
152,-0.03607135,0.6643069,0.5791637,0.3407768,0.1246095,0.1752497,-0.2074983,0,0,0,1,0,0,-0.5790827,0.8037686,0.6308829,0.5280407,-0.2307684,-0.1211912,-0.1935744,0,0,0,1,0,0,-0.6893443,0.2108876,0.7051382,0.2583326,-0.1518742,0.1664758,-0.1401476,0,0,0,1,0,0,-0.2524371,0.1357955,0.2191892,0.01740605,-0.50376,0.342256,-0.2795269,0,0,0,1,0,0,-1.032371,0.3579634,0.07479529,0.7412675,-0.4898729,-0.06734285,-0.1185157,0,0,0,1,0,0,0.3628228,0.6499287,0.3765789,-0.1262755,0.1042843,0.06104263,-0.002035022,0,0,0,1,0,0,0.3878414,0.02579183,0.2194181,-0.2208845,-0.2856968,0.01827032,-0.03580558,0,0,0,1,0,0,-0.7150096,0.7298803,0.03764696,0.1615525,-0.1744062,0.22851,-0.2544525,0,0,0,1,0,0,-0.3967215,0.01564988,-0.2237293,0.3743903,-0.07510449,0.05498829,-0.03909969,0,0,0,1,0,0,0.7034184,0.7355406,-0.05454114,-0.4515024,-0.1806498,-0.1614406,-0.246461,0,0,0,1,0,0,1.017427,0.3524619,-0.07957089,-0.5126836,-0.472437,0.009253625,-0.1204727,0,0,0,1,0,0,-0.3655754,0.6595241,-0.3805135,0.09501431,0.1098305,-0.1310662,-0.01803833,0,0,0,1,0,0,0.2660932,0.1365259,-0.1826143,-0.2535776,-0.3541493,-0.1544357,-0.272914,0,0,0,1,0,0,0.5595344,0.8003951,-0.6344208,-0.473267,-0.2211542,0.1602829,-0.1786407,0,0,0,1,0,0,0.6923259,0.1892304,-0.6861839,-0.3633501,-0.3503734,-0.07456544,-0.1373906,0,0,0,1,0,0,0.01530222,0.6587035,-0.5907362,-0.1373957,0.04684033,-0.3464819,-0.1676016,0,0,0,1,0,0,0.4081836,1.338121,0.4271168,0.2617882,0.005429985,0.068526,0.06773943,0,0,0,1,0,0,0.02177711,1.355693,0.6291071,0.1384086,0.1444996,0.1867295,-0.0796572,0,0,0,1,0,0,-0.4505458,1.364267,0.4761201,0.1130835,-0.02820493,-0.005935135,-0.1398859,0,0,0,1,0,0,0.6089468,1.330131,-0.004880011,0.1251221,-0.01919866,-0.06585009,-0.03624272,0,0,0,1,0,0,-0.6222754,1.345298,0.006079789,0.1163424,-0.02949239,0.01039696,-0.03897506,0,0,0,1,0,0,-0.4188617,1.332227,-0.413746,-0.1370773,0.07720593,-0.05864801,0.07222253,0,0,0,1,0,0,-0.0001124069,1.348017,-0.6439068,0.01162911,0.1279831,-0.3647389,-0.07639527,0,0,0,1,0,0,0.4555992,1.348766,-0.4761971,-0.0157103,-0.009608272,0.01828522,-0.1325553,0,0,0,1,0,0,0.3889087,2,0.3889088,0,0,0,0.05000001,0,0,0,0,0,0,0.55,2,4.808253E-08,0,0,0,0.05000001,0,0,0,0,0,0,-6.558685E-09,2,0.55,0,0,0,0.05000001,0,0,0,0,0,0,0.3889087,2,-0.3889087,0,0,0,0.04999995,0,0,0,0,0,0,-0.3889089,2,0.3889086,0,0,0,0.05000001,0,0,0,0,0,0,2.404126E-08,2,-0.55,0,0,0,0.05000001,0,0,0,0,0,0,-0.3889087,2,-0.3889087,0,0,0,0.04999995,0,0,0,0,0,0,-0.55,2,0,0,0,0,0.05000001,0,0,0,0,0,0
153,-0.03228883,0.6673469,0.5895938,0.1891264,0.1519979,0.5215021,-0.2024754,0,0,0,1,0,0,-0.5742625,0.8007163,0.627597,0.2410085,-0.1526148,-0.1642913,-0.1952746,0,0,0,1,0,0,-0.691258,0.2075649,0.6995555,-0.09568635,-0.1661353,-0.2791376,-0.141992,0,0,0,1,0,0,-0.2508895,0.1226811,0.2323439,0.07738176,-0.655721,0.6577323,-0.2814218,0,0,0,1,0,0,-1.017153,0.3376103,0.07864475,0.7608834,-1.017656,0.1924728,-0.1242031,0,0,0,1,0,0,0.358812,0.6490875,0.3709284,-0.2005429,-0.04206003,-0.2825217,-0.007741809,0,0,0,1,0,0,0.3792383,0.02298305,0.2224092,-0.430155,-0.1404394,0.1495563,-0.03518808,0,0,0,1,0,0,-0.7109142,0.7299423,0.03651292,0.2047689,0.003096462,-0.05670211,-0.2493556,0,0,0,1,0,0,-0.3885602,0.01841862,-0.227303,0.408061,0.1384371,-0.1786881,-0.04136646,0,0,0,1,0,0,0.6941468,0.7318841,-0.05556735,-0.4635813,-0.1828224,-0.05131049,-0.2479379,0,0,0,1,0,0,1.007133,0.3352421,-0.08030333,-0.514722,-0.8609939,-0.03662223,-0.1207971,0,0,0,1,0,0,-0.3621245,0.6604579,-0.3820713,0.1725481,0.04668834,-0.07789138,-0.01652282,0,0,0,1,0,0,0.2616141,0.1237387,-0.1958156,-0.2239526,-0.6393588,-0.6600643,-0.2747102,0,0,0,1,0,0,0.5566385,0.7968464,-0.6293908,-0.1447946,-0.1774312,0.2514989,-0.1811939,0,0,0,1,0,0,0.6914089,0.1818208,-0.6821457,-0.04584791,-0.370481,0.2019108,-0.1373341,0,0,0,1,0,0,0.01713105,0.6626084,-0.6035872,0.09144147,0.195244,-0.6425502,-0.1643173,0,0,0,1,0,0,0.4109909,1.337956,0.428433,0.1403615,-0.008243325,0.06581249,0.06823003,0,0,0,1,0,0,0.02333042,1.357459,0.6315418,0.07766544,0.08831028,0.1217366,-0.07643664,0,0,0,1,0,0,-0.4494499,1.363849,0.4763326,0.05479457,-0.02090336,0.01062304,-0.1374065,0,0,0,1,0,0,0.6094002,1.331437,-0.004418992,0.02266766,0.06527903,0.02305094,-0.0315097,0,0,0,1,0,0,-0.6165851,1.342395,0.004479941,0.284511,-0.1451493,-0.07999244,-0.04037136,0,0,0,1,0,0,-0.4174361,1.331308,-0.414886,0.07127973,-0.04593136,-0.05699994,0.06872457,0,0,0,1,0,0,-0.0006004319,1.350275,-0.6485474,-0.02440126,0.1128972,-0.232032,-0.07152396,0,0,0,1,0,0,0.456729,1.349261,-0.47857,0.05649032,0.02474786,-0.1186446,-0.1273291,0,0,0,1,0,0,0.3889087,2,0.3889088,0,0,0,0.05000001,0,0,0,0,0,0,0.55,2,4.808253E-08,0,0,0,0.05000001,0,0,0,0,0,0,-6.558685E-09,2,0.55,0,0,0,0.05000001,0,0,0,0,0,0,0.3889087,2,-0.3889087,0,0,0,0.04999995,0,0,0,0,0,0,-0.3889089,2,0.3889086,0,0,0,0.05000001,0,0,0,0,0,0,2.404126E-08,2,-0.55,0,0,0,0.05000001,0,0,0,0,0,0,-0.3889087,2,-0.3889087,0,0,0,0.04999995,0,0,0,0,0,0,-0.55,2,0,0,0,0,0.05000001,0,0,0,0,0,0
154,-0.03025333,0.6685317,0.6046306,0.1017748,0.0592381,0.7518443,-0.1939009,0,0,0,1,0,0,-0.573577,0.7996669,0.6259897,0.03427567,-0.05246999,-0.08036795,-0.1931335,0,0,0,1,0,0,-0.6908283,0.199029,0.6904606,0.0214845,-0.4267955,-0.4547449,-0.14575,0,0,0,1,0,0,-0.2494913,0.1124674,0.2469214,0.06991032,-0.5106853,0.7288749,-0.284239,0,0,0,1,0,0,-1.002076,0.3163864,0.08223704,0.753862,-1.061197,0.1796149,-0.1293765,0,0,0,1,0,0,0.3555043,0.6480491,0.3690631,-0.1653851,-0.05192461,-0.09326641,-0.009639978,0,0,0,1,0,0,0.3682085,0.02198739,0.225196,-0.5514922,-0.04978294,0.1393386,-0.03486001,0,0,0,1,0,0,-0.7051944,0.7280709,0.03190363,0.2859921,-0.09357039,-0.2304646,-0.2446786,0,0,0,1,0,0,-0.3755279,0.01804365,-0.2284659,0.6516146,-0.01874874,-0.05814063,-0.0423286,0,0,0,1,0,0,0.6879015,0.7282326,-0.05393557,-0.3122659,-0.182578,0.0815891,-0.2460554,0,0,0,1,0,0,0.9930574,0.3131139,-0.08264296,-0.7037583,-1.106407,-0.1169812,-0.1249099,0,0,0,1,0,0,-0.3612219,0.6591967,-0.3828683,0.04512819,-0.06305876,-0.03985168,-0.01571995,0,0,0,1,0,0,0.256652,0.1101608,-0.2137862,-0.2481059,-0.6788938,-0.8985292,-0.2750213,0,0,0,1,0,0,0.5573809,0.7940487,-0.6256637,0.03711881,-0.1398862,0.186354,-0.1807816,0,0,0,1,0,0,0.6890973,0.1744386,-0.6768826,-0.1155824,-0.3691079,0.2631546,-0.1386346,0,0,0,1,0,0,0.01671683,0.6657043,-0.6163279,-0.02071104,0.1547933,-0.6370368,-0.1589755,0,0,0,1,0,0,0.4102162,1.338233,0.4281854,-0.03873111,0.0138402,-0.01237989,0.06560725,0,0,0,1,0,0,0.02295201,1.357351,0.6316286,-0.01892076,-0.005400183,0.00433922,-0.07670653,0,0,0,1,0,0,-0.4477398,1.362252,0.4744591,0.08550141,-0.07982853,-0.09367619,-0.1371499,0,0,0,1,0,0,0.6055895,1.33256,-0.003811771,-0.1905323,0.05615356,0.03036105,-0.03003287,0,0,0,1,0,0,-0.6122687,1.340033,0.002757971,0.2158225,-0.1180649,-0.08609851,-0.0405578,0,0,0,1,0,0,-0.4157482,1.329684,-0.4162041,0.08439574,-0.08121136,-0.06590488,0.0647735,0,0,0,1,0,0,-0.001581699,1.351006,-0.648465,-0.04906337,0.0365615,0.004118682,-0.07082278,0,0,0,1,0,0,0.4566224,1.349516,-0.478577,-0.005327167,0.01271964,-0.0003501774,-0.1241533,0,0,0,1,0,0,0.3889087,2,0.3889088,0,0,0,0.05000001,0,0,0,0,0,0,0.55,2,4.808253E-08,0,0,0,0.05000001,0,0,0,0,0,0,-6.558685E-09,2,0.55,0,0,0,0.05000001,0,0,0,0,0,0,0.3889087,2,-0.3889087,0,0,0,0.04999995,0,0,0,0,0,0,-0.3889089,2,0.3889086,0,0,0,0.05000001,0,0,0,0,0,0,2.404126E-08,2,-0.55,0,0,0,0.05000001,0,0,0,0,0,0,-0.3889087,2,-0.3889087,0,0,0,0.04999995,0,0,0,0,0,0,-0.55,2,0,0,0,0,0.05000001,0,0,0,0,0,0
155,-0.03052387,0.6694145,0.618716,-0.01352681,0.04414024,0.7042679,-0.1879993,0,0,0,1,0,0,-0.5737965,0.7967772,0.6249476,-0.0109762,-0.1444817,-0.05210342,-0.1891395,0,0,0,1,0,0,-0.6881773,0.1913968,0.6857015,0.1325489,-0.3816129,-0.2379538,-0.1458862,0,0,0,1,0,0,-0.2455602,0.1054316,0.2595994,0.1965524,-0.351789,0.6338994,-0.289964,0,0,0,1,0,0,-0.9872577,0.2986522,0.08225517,0.7409218,-0.8867118,0.0009063635,-0.1302859,0,0,0,1,0,0,0.3568175,0.6465153,0.3742512,0.06566199,-0.07668737,0.259407,-0.005255282,0,0,0,1,0,0,0.3546191,0.02166372,0.2275105,-0.6794679,-0.01618323,0.1157232,-0.03616965,0,0,0,1,0,0,-0.6998627,0.7237337,0.02944851,0.2665819,-0.2168567,-0.122756,-0.2395861,0,0,0,1,0,0,-0.3630335,0.01511984,-0.2275244,0.624721,-0.1461906,0.0470713,-0.04512,0,0,0,1,0,0,0.6858504,0.72464,-0.05169815,-0.1025528,-0.1796306,0.1118713,-0.2383511,0,0,0,1,0,0,0.9769928,0.2897578,-0.0843132,-0.8032265,-1.167809,-0.0835121,-0.1271244,0,0,0,1,0,0,-0.3619637,0.6578606,-0.386181,-0.03708751,-0.06680492,-0.1656324,-0.01227081,0,0,0,1,0,0,0.2513716,0.09918097,-0.2329527,-0.2640204,-0.5489936,-0.9583246,-0.2790669,0,0,0,1,0,0,0.5575224,0.7918787,-0.6229574,0.007078054,-0.1085014,0.1353145,-0.1782184,0,0,0,1,0,0,0.6860279,0.1702999,-0.6744502,-0.1534701,-0.206937,0.1216203,-0.1380735,0,0,0,1,0,0,0.01535435,0.666498,-0.6224951,-0.06812432,0.03968777,-0.3083588,-0.1584532,0,0,0,1,0,0,0.4080058,1.337377,0.4264947,-0.110522,-0.04281403,-0.08453581,0.06019872,0,0,0,1,0,0,0.02153227,1.35645,0.6307845,-0.07098693,-0.04504921,-0.04220606,-0.07852042,0,0,0,1,0,0,-0.446622,1.360732,0.4713177,0.05589279,-0.07601979,-0.1570672,-0.136086,0,0,0,1,0,0,0.5989332,1.332399,-0.002213417,-0.3328146,-0.00805259,0.07991775,-0.02984256,0,0,0,1,0,0,-0.6099391,1.338961,0.002578304,0.1164794,-0.05359652,-0.008983389,-0.0381068,0,0,0,1,0,0,-0.4147984,1.329273,-0.4161147,0.04749151,-0.02055169,0.00447035,0.06100696,0,0,0,1,0,0,-0.0008557372,1.349658,-0.6469974,0.0362981,-0.06737116,0.07338229,-0.07294989,0,0,0,1,0,0,0.4545516,1.348291,-0.475284,-0.1035408,-0.06121399,0.164649,-0.1236262,0,0,0,1,0,0,0.3889087,2,0.3889088,0,0,0,0.05000001,0,0,0,0,0,0,0.55,2,4.808253E-08,0,0,0,0.05000001,0,0,0,0,0,0,-6.558685E-09,2,0.55,0,0,0,0.05000001,0,0,0,0,0,0,0.3889087,2,-0.3889087,0,0,0,0.04999995,0,0,0,0,0,0,-0.3889089,2,0.3889086,0,0,0,0.05000001,0,0,0,0,0,0,2.404126E-08,2,-0.55,0,0,0,0.05000001,0,0,0,0,0,0,-0.3889087,2,-0.3889087,0,0,0,0.04999995,0,0,0,0,0,0,-0.55,2,0,0,0,0,0.05000001,0,0,0,0,0,0
156,-0.02917735,0.6705234,0.6292136,0.0673258,0.05544724,0.5248817,-0.182825,0,0,0,1,0,0,-0.5712974,0.7923113,0.620046,0.1249552,-0.223297,-0.2450795,-0.1911346,0,0,0,1,0,0,-0.6843503,0.1825219,0.6833157,0.1913548,-0.4437426,-0.1192898,-0.1442822,0,0,0,1,0,0,-0.2426555,0.0951917,0.2701511,0.1452365,-0.5119963,0.5275862,-0.2908662,0,0,0,1,0,0,-0.9692934,0.2776906,0.08143576,0.8982155,-1.048077,-0.04097039,-0.1353149,0,0,0,1,0,0,0.3579755,0.6463453,0.3822282,0.05789699,-0.008499626,0.3988461,-0.0072155,0,0,0,1,0,0,0.3386345,0.01703834,0.2295225,-0.7992315,-0.2312694,0.1006037,-0.03331649,0,0,0,1,0,0,-0.6944665,0.7183002,0.03008066,0.2698125,-0.2716751,0.0316078,-0.2385564,0,0,0,1,0,0,-0.3532128,0.009306153,-0.2268618,0.4910382,-0.2906844,0.03313275,-0.0452615,0,0,0,1,0,0,0.6832737,0.7191409,-0.05014613,-0.1288355,-0.2749504,0.07760118,-0.2340775,0,0,0,1,0,0,0.9547834,0.2607773,-0.08310759,-1.110471,-1.449025,0.06028043,-0.1349541,0,0,0,1,0,0,-0.361555,0.6570367,-0.3885958,0.02043546,-0.04119577,-0.1207397,-0.009662032,0,0,0,1,0,0,0.2448412,0.08656672,-0.250128,-0.3265218,-0.6307131,-0.8587662,-0.2769858,0,0,0,1,0,0,0.5567805,0.7873603,-0.6171351,-0.03709795,-0.2259196,0.2911152,-0.1802146,0,0,0,1,0,0,0.681284,0.167848,-0.6777641,-0.2371968,-0.1225971,-0.165695,-0.1340369,0,0,0,1,0,0,0.01155477,0.6653126,-0.6275221,-0.1899787,-0.0592679,-0.2513499,-0.1558699,0,0,0,1,0,0,0.4075123,1.336376,0.4245152,-0.02467633,-0.05003812,-0.09897355,0.05660927,0,0,0,1,0,0,0.02056698,1.355924,0.6316144,-0.04826432,-0.02632142,0.04149379,-0.07876641,0,0,0,1,0,0,-0.4459647,1.359123,0.469372,0.03286452,-0.08046034,-0.09728376,-0.1351669,0,0,0,1,0,0,0.5948436,1.331737,-0.0003723062,-0.2044798,-0.03309847,0.09205557,-0.0288831,0,0,0,1,0,0,-0.608753,1.338127,0.002229059,0.05930366,-0.04172923,-0.01746222,-0.03560239,0,0,0,1,0,0,-0.4140322,1.329323,-0.4147679,0.0383109,0.002497436,0.06733987,0.05785996,0,0,0,1,0,0,0.0002152129,1.348557,-0.6453674,0.05354753,-0.05504491,0.08149746,-0.07513589,0,0,0,1,0,0,0.4506427,1.346222,-0.4692621,-0.1954452,-0.1034677,0.3010975,-0.1267452,0,0,0,1,0,0,0.3889087,2,0.3889088,0,0,0,0.05000001,0,0,0,0,0,0,0.55,2,4.808253E-08,0,0,0,0.05000001,0,0,0,0,0,0,-6.558685E-09,2,0.55,0,0,0,0.05000001,0,0,0,0,0,0,0.3889087,2,-0.3889087,0,0,0,0.04999995,0,0,0,0,0,0,-0.3889089,2,0.3889086,0,0,0,0.05000001,0,0,0,0,0,0,2.404126E-08,2,-0.55,0,0,0,0.05000001,0,0,0,0,0,0,-0.3889087,2,-0.3889087,0,0,0,0.04999995,0,0,0,0,0,0,-0.55,2,0,0,0,0,0.05000001,0,0,0,0,0,0
157,-0.0287794,0.6721742,0.6389866,0.01989743,0.08253756,0.488651,-0.1785586,0,0,0,1,0,0,-0.5688578,0.788179,0.6141242,0.121978,-0.2066166,-0.2960892,-0.1938145,0,0,0,1,0,0,-0.6824982,0.1761312,0.6828656,0.09260181,-0.3195376,-0.02250374,-0.1409619,0,0,0,1,0,0,-0.238346,0.08513913,0.2831078,0.2154731,-0.5026287,0.6478372,-0.2900014,0,0,0,1,0,0,-0.9527518,0.2563623,0.08265437,0.8270833,-1.066418,0.0609305,-0.1391371,0,0,0,1,0,0,0.3570751,0.6454493,0.3849849,-0.04501792,-0.04480185,0.1378343,-0.01166272,0,0,0,1,0,0,0.325172,0.014947,0.2314285,-0.6731259,-0.1045668,0.09530041,-0.03238708,0,0,0,1,0,0,-0.6883456,0.7137032,0.03222258,0.3060461,-0.2298535,0.107096,-0.2386782,0,0,0,1,0,0,-0.3467513,0.005876901,-0.2307217,0.3230737,-0.1714627,-0.1929977,-0.04379427,0,0,0,1,0,0,0.6811721,0.7142425,-0.04840948,-0.105083,-0.2449245,0.08683246,-0.2292026,0,0,0,1,0,0,0.9339697,0.234728,-0.08234925,-1.040689,-1.302463,0.03791714,-0.1409577,0,0,0,1,0,0,-0.3617254,0.6556499,-0.3885368,-0.008520488,-0.06934109,0.002950431,-0.009438753,0,0,0,1,0,0,0.2399821,0.07592017,-0.2685346,-0.2429561,-0.5323274,-0.9203289,-0.2761779,0,0,0,1,0,0,0.5581359,0.7841071,-0.6113323,0.06777051,-0.1626611,0.2901406,-0.1806802,0,0,0,1,0,0,0.6774786,0.16629,-0.6811146,-0.190267,-0.07789809,-0.1675249,-0.1298193,0,0,0,1,0,0,0.008953189,0.6658221,-0.6341219,-0.1300793,0.02547205,-0.3299923,-0.1529941,0,0,0,1,0,0,0.4069906,1.334674,0.4220437,-0.02608449,-0.08513335,-0.1235754,0.05253589,0,0,0,1,0,0,0.01997565,1.356451,0.6333199,-0.02956662,0.0263393,0.08527342,-0.07758999,0,0,0,1,0,0,-0.445345,1.358603,0.4687371,0.03098698,-0.02600552,-0.03174694,-0.1329205,0,0,0,1,0,0,0.5917566,1.332001,0.00203037,-0.1543493,0.01322628,0.1201339,-0.0265125,0,0,0,1,0,0,-0.6080419,1.33697,0.0009612456,0.03555419,-0.05782249,-0.06339071,-0.03264594,0,0,0,1,0,0,-0.4126272,1.32869,-0.4126021,0.07024708,-0.0316322,0.1082898,0.05367291,0,0,0,1,0,0,7.297914E-05,1.347733,-0.6425277,-0.00711169,-0.04122259,0.1419873,-0.077649,0,0,0,1,0,0,0.4481064,1.344774,-0.4656345,-0.1268164,-0.07238987,0.1813815,-0.1276304,0,0,0,1,0,0,0.3889087,2,0.3889088,0,0,0,0.05000001,0,0,0,0,0,0,0.55,2,4.808253E-08,0,0,0,0.05000001,0,0,0,0,0,0,-6.558685E-09,2,0.55,0,0,0,0.05000001,0,0,0,0,0,0,0.3889087,2,-0.3889087,0,0,0,0.04999995,0,0,0,0,0,0,-0.3889089,2,0.3889086,0,0,0,0.05000001,0,0,0,0,0,0,2.404126E-08,2,-0.55,0,0,0,0.05000001,0,0,0,0,0,0,-0.3889087,2,-0.3889087,0,0,0,0.04999995,0,0,0,0,0,0,-0.55,2,0,0,0,0,0.05000001,0,0,0,0,0,0
158,-0.02899976,0.6736486,0.6476532,-0.01101802,0.07372203,0.4333259,-0.1750978,0,0,0,1,0,0,-0.5678299,0.7854703,0.6072488,0.0513971,-0.1354337,-0.3437699,-0.196164,0,0,0,1,0,0,-0.6795914,0.1704935,0.6827639,0.145343,-0.2818839,-0.005084278,-0.1379641,0,0,0,1,0,0,-0.2319691,0.07545722,0.2975235,0.3188462,-0.4840957,0.7207844,-0.2868067,0,0,0,1,0,0,-0.9386276,0.2357354,0.08487871,0.7062081,-1.031343,0.1112171,-0.1408625,0,0,0,1,0,0,0.3561892,0.6454009,0.3859803,-0.04429372,-0.00241995,0.04977288,-0.01671648,0,0,0,1,0,0,0.3171699,0.01548818,0.2350548,-0.4001038,0.02705898,0.1813144,-0.03262627,0,0,0,1,0,0,-0.6833809,0.7099756,0.03333839,0.2482326,-0.1863778,0.05579034,-0.2373248,0,0,0,1,0,0,-0.3397567,0.003731355,-0.2358524,0.3497304,-0.1072773,-0.2565333,-0.04164273,0,0,0,1,0,0,0.6781852,0.7109818,-0.04780533,-0.1493425,-0.1630337,0.03020727,-0.2252315,0,0,0,1,0,0,0.916725,0.2159426,-0.08440638,-0.8622352,-0.9392697,-0.1028568,-0.145515,0,0,0,1,0,0,-0.3619187,0.6544588,-0.3875092,-0.009664897,-0.059554,0.05137624,-0.01010728,0,0,0,1,0,0,0.2349756,0.06651969,-0.2864715,-0.2503254,-0.4700245,-0.8968491,-0.2746592,0,0,0,1,0,0,0.5583092,0.7817636,-0.6083986,0.008666519,-0.1171768,0.1466871,-0.1792253,0,0,0,1,0,0,0.6726203,0.161624,-0.6795987,-0.2429158,-0.2333016,0.07579628,-0.1291711,0,0,0,1,0,0,0.007335843,0.6675621,-0.6405302,-0.08086733,0.08700196,-0.3204168,-0.1508467,0,0,0,1,0,0,0.4060833,1.334369,0.4208905,-0.04536213,-0.01522303,-0.05766007,0.04924071,0,0,0,1,0,0,0.01876133,1.35613,0.6347242,-0.06071611,-0.01603962,0.07021728,-0.07736486,0,0,0,1,0,0,-0.4459312,1.358113,0.4684636,-0.02931209,-0.02450348,-0.01367629,-0.1299846,0,0,0,1,0,0,0.5892732,1.332621,0.002411566,-0.1241744,0.03097059,0.01905977,-0.02449089,0,0,0,1,0,0,-0.6078639,1.33597,-0.0006919648,0.008901957,-0.05002024,-0.08266055,-0.0292083,0,0,0,1,0,0,-0.4119871,1.328523,-0.4114433,0.03200771,-0.008356575,0.05794021,0.05066556,0,0,0,1,0,0,-0.0002675002,1.347426,-0.6414557,-0.01702398,-0.01534224,0.0535995,-0.07851768,0,0,0,1,0,0,0.4475202,1.344459,-0.4648239,-0.02930762,-0.01577139,0.04052819,-0.1255101,0,0,0,1,0,0,0.3889087,2,0.3889088,0,0,0,0.05000001,0,0,0,0,0,0,0.55,2,4.808253E-08,0,0,0,0.05000001,0,0,0,0,0,0,-6.558685E-09,2,0.55,0,0,0,0.05000001,0,0,0,0,0,0,0.3889087,2,-0.3889087,0,0,0,0.04999995,0,0,0,0,0,0,-0.3889089,2,0.3889086,0,0,0,0.05000001,0,0,0,0,0,0,2.404126E-08,2,-0.55,0,0,0,0.05000001,0,0,0,0,0,0,-0.3889087,2,-0.3889087,0,0,0,0.04999995,0,0,0,0,0,0,-0.55,2,0,0,0,0,0.05000001,0,0,0,0,0,0
159,-0.02783248,0.6753691,0.6530074,0.05836405,0.08602444,0.2677114,-0.1735754,0,0,0,1,0,0,-0.5657659,0.782056,0.6026245,0.1031995,-0.1707167,-0.2312184,-0.1974281,0,0,0,1,0,0,-0.6756494,0.1645727,0.6814805,0.1970977,-0.2960415,-0.06417336,-0.1362084,0,0,0,1,0,0,-0.226181,0.06623354,0.3131324,0.2894067,-0.4611844,0.7804456,-0.283328,0,0,0,1,0,0,-0.9236885,0.2181694,0.08664638,0.7469568,-0.8783016,0.08838329,-0.1434063,0,0,0,1,0,0,0.3571854,0.6456969,0.3875078,0.04980864,0.01480282,0.07637295,-0.02012992,0,0,0,1,0,0,0.3132787,0.01367087,0.2416248,-0.1945601,-0.09086536,0.3284992,-0.03014493,0,0,0,1,0,0,-0.6791172,0.7064368,0.03465347,0.213185,-0.1769424,0.065754,-0.2355483,0,0,0,1,0,0,-0.331058,0.002202711,-0.2385963,0.4349338,-0.07643221,-0.1371958,-0.04123843,0,0,0,1,0,0,0.6740632,0.7077909,-0.04647429,-0.206101,-0.1595468,0.06655234,-0.2218467,0,0,0,1,0,0,0.9032412,0.2010359,-0.08576003,-0.6741914,-0.7453355,-0.06768222,-0.1469261,0,0,0,1,0,0,-0.3630579,0.6538848,-0.3880642,-0.05696418,-0.02870263,-0.02774895,-0.009044886,0,0,0,1,0,0,0.2274253,0.05667116,-0.3019286,-0.3775129,-0.4924264,-0.7728505,-0.2703047,0,0,0,1,0,0,0.5540393,0.7772505,-0.6052815,-0.213495,-0.2256514,0.1558513,-0.1808808,0,0,0,1,0,0,0.6674854,0.1565968,-0.677963,-0.2567471,-0.2513611,0.08178356,-0.1285494,0,0,0,1,0,0,0.006179204,0.6693662,-0.6453224,-0.05783197,0.09020273,-0.2396108,-0.1501014,0,0,0,1,0,0,0.4067188,1.333952,0.420528,0.03177376,-0.02083779,-0.01812578,0.04736221,0,0,0,1,0,0,0.01857597,1.356092,0.6351587,-0.009267781,-0.00191927,0.02172292,-0.07725668,0,0,0,1,0,0,-0.4463643,1.357449,0.4678502,-0.02165438,-0.03317596,-0.03066958,-0.1274359,0,0,0,1,0,0,0.5879847,1.332365,0.001808341,-0.06442072,-0.01279116,-0.03016123,-0.02256089,0,0,0,1,0,0,-0.6072237,1.335365,-0.0010824,0.03201069,-0.03027321,-0.01952178,-0.02642882,0,0,0,1,0,0,-0.4126916,1.32914,-0.4110992,-0.03522636,0.03082754,0.01720489,0.04937679,0,0,0,1,0,0,-0.0005177461,1.347578,-0.6412621,-0.0125123,0.007599595,0.009682778,-0.07849598,0,0,0,1,0,0,0.4471531,1.344394,-0.463641,-0.01835526,-0.003224612,0.0591472,-0.1232862,0,0,0,1,0,0,0.3889087,2,0.3889088,0,0,0,0.05000001,0,0,0,0,0,0,0.55,2,4.808253E-08,0,0,0,0.05000001,0,0,0,0,0,0,-6.558685E-09,2,0.55,0,0,0,0.05000001,0,0,0,0,0,0,0.3889087,2,-0.3889087,0,0,0,0.04999995,0,0,0,0,0,0,-0.3889089,2,0.3889086,0,0,0,0.05000001,0,0,0,0,0,0,2.404126E-08,2,-0.55,0,0,0,0.05000001,0,0,0,0,0,0,-0.3889087,2,-0.3889087,0,0,0,0.04999995,0,0,0,0,0,0,-0.55,2,0,0,0,0,0.05000001,0,0,0,0,0,0
160,-0.02539488,0.6759013,0.6582313,0.1218801,0.0266105,0.2611966,-0.1723358,0,0,0,1,0,0,-0.5634647,0.7779831,0.5992036,0.1150609,-0.2036453,-0.1710445,-0.1962792,0,0,0,1,0,0,-0.6717113,0.1598659,0.6807508,0.196904,-0.2353356,-0.03648402,-0.1332663,0,0,0,1,0,0,-0.2193886,0.05712361,0.3305342,0.3396192,-0.4554968,0.8700881,-0.2816155,0,0,0,1,0,0,-0.9078363,0.2021345,0.08720961,0.792608,-0.8017431,0.02816172,-0.1434612,0,0,0,1,0,0,0.3585591,0.6454458,0.3892873,0.06868693,-0.0125587,0.08897487,-0.02468705,0,0,0,1,0,0,0.3140416,0.009608677,0.2519439,0.03814252,-0.20311,0.5159566,-0.02604526,0,0,0,1,0,0,-0.675422,0.7030752,0.03480795,0.1847596,-0.1680762,0.007723834,-0.2300032,0,0,0,1,0,0,-0.3223542,0.0003830312,-0.2399734,0.4351916,-0.09098403,-0.06885606,-0.04335201,0,0,0,1,0,0,0.669727,0.7041418,-0.04555244,-0.216809,-0.1824529,0.0460921,-0.2163329,0,0,0,1,0,0,0.8918613,0.1870081,-0.08454107,-0.5689921,-0.7013897,0.06094801,-0.1425671,0,0,0,1,0,0,-0.3629964,0.652951,-0.3899764,0.003075601,-0.04668834,-0.09560887,-0.007430196,0,0,0,1,0,0,0.2181143,0.04466908,-0.3167076,-0.4655497,-0.6001043,-0.7389548,-0.2661956,0,0,0,1,0,0,0.5480965,0.770959,-0.5992098,-0.2971382,-0.3145756,0.3035845,-0.1845676,0,0,0,1,0,0,0.6645005,0.1533849,-0.6791146,-0.1492441,-0.1605943,-0.05757811,-0.1241325,0,0,0,1,0,0,0.005451188,0.6704094,-0.6488802,-0.0364008,0.05216303,-0.1778872,-0.151529,0,0,0,1,0,0,0.407175,1.333322,0.419977,0.02281071,-0.03151895,-0.02754779,0.04435962,0,0,0,1,0,0,0.01788041,1.355778,0.6350738,-0.03477793,-0.01568795,-0.004240872,-0.07787776,0,0,0,1,0,0,-0.4444827,1.355881,0.4662814,0.0940815,-0.07839802,-0.07844123,-0.1260501,0,0,0,1,0,0,0.5873092,1.332024,0.001599759,-0.03377797,-0.0170529,-0.01042912,-0.018861,0,0,0,1,0,0,-0.6059149,1.334756,-0.001119017,0.06543996,-0.03040434,-0.001830847,-0.02299011,0,0,0,1,0,0,-0.4135354,1.329581,-0.4114639,-0.04219116,0.02206565,-0.01823903,0.04747385,0,0,0,1,0,0,-0.0006753493,1.347602,-0.641597,-0.007880162,0.001198054,-0.01674891,-0.07821244,0,0,0,1,0,0,0.4462528,1.343827,-0.462375,-0.04501494,-0.02834798,0.06329568,-0.120638,0,0,0,1,0,0,0.3889087,2,0.3889088,0,0,0,0.05000001,0,0,0,0,0,0,0.55,2,4.808253E-08,0,0,0,0.05000001,0,0,0,0,0,0,-6.558685E-09,2,0.55,0,0,0,0.05000001,0,0,0,0,0,0,0.3889087,2,-0.3889087,0,0,0,0.04999995,0,0,0,0,0,0,-0.3889089,2,0.3889086,0,0,0,0.05000001,0,0,0,0,0,0,2.404126E-08,2,-0.55,0,0,0,0.05000001,0,0,0,0,0,0,-0.3889087,2,-0.3889087,0,0,0,0.04999995,0,0,0,0,0,0,-0.55,2,0,0,0,0,0.05000001,0,0,0,0,0,0
161,-0.02210193,0.6775168,0.6644714,0.1646476,0.08077326,0.3120066,-0.1688467,0,0,0,1,0,0,-0.5590869,0.7721535,0.5947914,0.2188892,-0.2914788,-0.2206118,-0.1990852,0,0,0,1,0,0,-0.6663008,0.1543855,0.6784269,0.2705277,-0.2740228,-0.1161963,-0.1328479,0,0,0,1,0,0,-0.2116,0.0462705,0.3505423,0.3894301,-0.5426556,1.000408,-0.2730724,0,0,0,1,0,0,-0.8868406,0.1842986,0.08544371,1.049784,-0.8917961,-0.08829538,-0.1492499,0,0,0,1,0,0,0.3597291,0.646283,0.3922719,0.05849751,0.04186334,0.1492322,-0.02800059,0,0,0,1,0,0,0.3188325,0.005339172,0.2681953,0.2395452,-0.2134753,0.8125666,-0.01563799,0,0,0,1,0,0,-0.6709445,0.6997126,0.03453062,0.2238751,-0.1681328,-0.01386609,-0.2273549,0,0,0,1,0,0,-0.3165347,-0.0008075153,-0.2456988,0.2909736,-0.05952735,-0.2862708,-0.04121083,0,0,0,1,0,0,0.6631402,0.6999515,-0.04509263,-0.3293426,-0.2095164,0.02299082,-0.2155639,0,0,0,1,0,0,0.8752247,0.1684966,-0.08137058,-0.8318309,-0.9255778,0.1585242,-0.1434985,0,0,0,1,0,0,-0.3618261,0.6528368,-0.3929339,0.05851688,-0.005710127,-0.1478777,-0.01237684,0,0,0,1,0,0,0.2064881,0.03109454,-0.332698,-0.5813124,-0.6787272,-0.7995176,-0.2550882,0,0,0,1,0,0,0.5399408,0.7627523,-0.5906439,-0.4077883,-0.4103364,0.4282983,-0.1934506,0,0,0,1,0,0,0.660839,0.1499696,-0.6807302,-0.1830728,-0.1707644,-0.0807822,-0.1203318,0,0,0,1,0,0,0.005158433,0.6722408,-0.6532791,-0.01463777,0.09156767,-0.2199472,-0.1513548,0,0,0,1,0,0,0.4080089,1.332863,0.4192124,0.04169346,-0.02295376,-0.03823341,0.04243237,0,0,0,1,0,0,0.01755735,1.355652,0.6353364,-0.01615314,-0.006312134,0.01312793,-0.07798272,0,0,0,1,0,0,-0.4424128,1.354465,0.4646132,0.1034916,-0.07079843,-0.0834063,-0.1257926,0,0,0,1,0,0,0.5867648,1.332119,0.001663806,-0.02722145,0.004780294,0.003202354,-0.01587039,0,0,0,1,0,0,-0.6041436,1.334212,-0.001180526,0.08856658,-0.02722741,-0.003075455,-0.02106047,0,0,0,1,0,0,-0.4152133,1.330173,-0.4128248,-0.08389506,0.02960564,-0.06804171,0.04731452,0,0,0,1,0,0,-0.0003651325,1.34819,-0.6434218,0.01551084,0.02937318,-0.09123687,-0.0766238,0,0,0,1,0,0,0.4457413,1.343482,-0.4609692,-0.02557487,-0.01727939,0.07029477,-0.1187292,0,0,0,1,0,0,0.3889087,2,0.3889088,0,0,0,0.05000001,0,0,0,0,0,0,0.55,2,4.808253E-08,0,0,0,0.05000001,0,0,0,0,0,0,-6.558685E-09,2,0.55,0,0,0,0.05000001,0,0,0,0,0,0,0.3889087,2,-0.3889087,0,0,0,0.04999995,0,0,0,0,0,0,-0.3889089,2,0.3889086,0,0,0,0.05000001,0,0,0,0,0,0,2.404126E-08,2,-0.55,0,0,0,0.05000001,0,0,0,0,0,0,-0.3889087,2,-0.3889087,0,0,0,0.04999995,0,0,0,0,0,0,-0.55,2,0,0,0,0,0.05000001,0,0,0,0,0,0
162,-0.02103986,0.6796396,0.6732453,0.05310376,0.106141,0.4386933,-0.1641894,0,0,0,1,0,0,-0.555243,0.7676644,0.5890347,0.1921953,-0.2244533,-0.2878339,-0.2021373,0,0,0,1,0,0,-0.6643277,0.153268,0.679051,0.09865168,-0.05587565,0.03120901,-0.1297532,0,0,0,1,0,0,-0.199234,0.03634147,0.3742282,0.6183023,-0.4964514,1.184296,-0.2604658,0,0,0,1,0,0,-0.8701392,0.1677652,0.08534343,0.8350734,-0.8266705,-0.00501387,-0.1514708,0,0,0,1,0,0,0.3615862,0.6455359,0.3934653,0.09285662,-0.03735425,0.05967172,-0.03058583,0,0,0,1,0,0,0.3270345,0.005731754,0.2869842,0.4101025,0.01962907,0.939447,-0.00529182,0,0,0,1,0,0,-0.6680683,0.6972167,0.03380644,0.1438082,-0.1247943,-0.03620909,-0.2228286,0,0,0,1,0,0,-0.3166533,-0.001423714,-0.2563803,-0.005927684,-0.03080993,-0.5340713,-0.03632033,0,0,0,1,0,0,0.6601341,0.6968811,-0.044301,-0.1503051,-0.1535208,0.0395816,-0.2112998,0,0,0,1,0,0,0.8612721,0.1514299,-0.08054327,-0.6976309,-0.8533369,0.04136564,-0.1426574,0,0,0,1,0,0,-0.3621201,0.6527823,-0.3946227,-0.0147,-0.002723933,-0.08443597,-0.01643652,0,0,0,1,0,0,0.1941652,0.01840676,-0.3527067,-0.6161439,-0.6343895,-1.000436,-0.242663,0,0,0,1,0,0,0.5359285,0.7558783,-0.5814356,-0.2006114,-0.3436984,0.4604163,-0.1999856,0,0,0,1,0,0,0.6599287,0.1491911,-0.6825628,-0.04551711,-0.03892185,-0.09162728,-0.1157913,0,0,0,1,0,0,0.004926311,0.6739553,-0.6591902,-0.0116061,0.08572642,-0.2955557,-0.1498013,0,0,0,1,0,0,0.4086689,1.332299,0.4185213,0.03299863,-0.02819301,-0.03455581,0.04027569,0,0,0,1,0,0,0.01710258,1.355037,0.6348118,-0.02273853,-0.03070833,-0.02622904,-0.07898605,0,0,0,1,0,0,-0.4416709,1.353555,0.4631407,0.03709646,-0.04550816,-0.07362667,-0.1243244,0,0,0,1,0,0,0.584793,1.332808,0.002812455,-0.0985891,0.0344515,0.0574325,-0.01309472,0,0,0,1,0,0,-0.6023004,1.333075,-0.001886777,0.09215776,-0.05683305,-0.03531254,-0.01922882,0,0,0,1,0,0,-0.4155731,1.330363,-0.4134813,-0.01799018,0.009500984,-0.03282727,0.04564708,0,0,0,1,0,0,-0.0004934206,1.348364,-0.6432432,-0.006414405,0.008732084,0.00892878,-0.07661098,0,0,0,1,0,0,0.4452344,1.343069,-0.4600478,-0.02534837,-0.02061129,0.04606994,-0.1166252,0,0,0,1,0,0,0.3889087,2,0.3889088,0,0,0,0.05000001,0,0,0,0,0,0,0.55,2,4.808253E-08,0,0,0,0.05000001,0,0,0,0,0,0,-6.558685E-09,2,0.55,0,0,0,0.05000001,0,0,0,0,0,0,0.3889087,2,-0.3889087,0,0,0,0.04999995,0,0,0,0,0,0,-0.3889089,2,0.3889086,0,0,0,0.05000001,0,0,0,0,0,0,2.404126E-08,2,-0.55,0,0,0,0.05000001,0,0,0,0,0,0,-0.3889087,2,-0.3889087,0,0,0,0.04999995,0,0,0,0,0,0,-0.55,2,0,0,0,0,0.05000001,0,0,0,0,0,0
163,-0.01996111,0.6820184,0.6786038,0.05393757,0.1189411,0.267923,-0.1623718,0,0,0,1,0,0,-0.5498354,0.7623625,0.5827518,0.2703817,-0.2650977,-0.3141464,-0.2066879,0,0,0,1,0,0,-0.6603577,0.1530418,0.6797111,0.1985044,-0.01131073,0.0330031,-0.1276888,0,0,0,1,0,0,-0.184107,0.02651594,0.399736,0.7563475,-0.491277,1.275389,-0.2444792,0,0,0,1,0,0,-0.855255,0.1530184,0.08445027,0.744209,-0.7373403,-0.04465768,-0.152018,0,0,0,1,0,0,0.3645782,0.6463207,0.3969728,0.1496018,0.03923775,0.1753733,-0.03219771,0,0,0,1,0,0,0.3365516,0.006513163,0.304718,0.4758554,0.03907046,0.8866895,0.004787743,0,0,0,1,0,0,-0.6652364,0.6952057,0.03252021,0.1415998,-0.1005501,-0.06431176,-0.2178635,0,0,0,1,0,0,-0.3227977,-0.003561338,-0.2705714,-0.3072188,-0.1068813,-0.7095578,-0.02825093,0,0,0,1,0,0,0.6578052,0.6948088,-0.04199037,-0.1164437,-0.1036138,0.1155315,-0.2054469,0,0,0,1,0,0,0.8459415,0.1361187,-0.07873774,-0.766528,-0.7655594,0.09027686,-0.1428762,0,0,0,1,0,0,-0.3637398,0.6528571,-0.3955773,-0.08098486,0.003737213,-0.04772993,-0.01954877,0,0,0,1,0,0,0.1817578,0.008030674,-0.3757997,-0.6203721,-0.5188044,-1.154651,-0.2300246,0,0,0,1,0,0,0.5313969,0.75051,-0.5745335,-0.2265842,-0.2684177,0.3451021,-0.204576,0,0,0,1,0,0,0.6584592,0.1489253,-0.6820082,-0.0734717,-0.01329408,0.02772809,-0.1134716,0,0,0,1,0,0,0.004146372,0.6757212,-0.6618863,-0.03899696,0.08829538,-0.1348019,-0.150597,0,0,0,1,0,0,0.4097092,1.33242,0.4191467,0.05201849,0.006055834,0.0312701,0.0391019,0,0,0,1,0,0,0.0160421,1.354498,0.6342074,-0.05302413,-0.02699495,-0.03022255,-0.08016765,0,0,0,1,0,0,-0.4418728,1.353277,0.4619632,-0.01009405,-0.01388789,-0.05887302,-0.1217707,0,0,0,1,0,0,0.5831916,1.333233,0.00300955,-0.08006993,0.02121926,0.009854736,-0.01061749,0,0,0,1,0,0,-0.6022638,1.332881,-0.00248933,0.001829863,-0.009691719,-0.03012769,-0.01563346,0,0,0,1,0,0,-0.41684,1.330773,-0.4138596,-0.06334635,0.02048612,-0.01891554,0.04476988,0,0,0,1,0,0,-0.0006668273,1.347836,-0.6419243,-0.00867034,-0.02641083,0.06594362,-0.07785964,0,0,0,1,0,0,0.4447385,1.342929,-0.4591242,-0.02479256,-0.00702143,0.04617574,-0.1143463,0,0,0,1,0,0,0.3889087,2,0.3889088,0,0,0,0.05000001,0,0,0,0,0,0,0.55,2,4.808253E-08,0,0,0,0.05000001,0,0,0,0,0,0,-6.558685E-09,2,0.55,0,0,0,0.05000001,0,0,0,0,0,0,0.3889087,2,-0.3889087,0,0,0,0.04999995,0,0,0,0,0,0,-0.3889089,2,0.3889086,0,0,0,0.05000001,0,0,0,0,0,0,2.404126E-08,2,-0.55,0,0,0,0.05000001,0,0,0,0,0,0,-0.3889087,2,-0.3889087,0,0,0,0.04999995,0,0,0,0,0,0,-0.55,2,0,0,0,0,0.05000001,0,0,0,0,0,0
164,-0.01765219,0.6836872,0.6795722,0.1154461,0.08344057,0.04842283,-0.1645733,0,0,0,1,0,0,-0.5431254,0.7565411,0.5763488,0.3354998,-0.2910675,-0.3201456,-0.2106198,0,0,0,1,0,0,-0.6554241,0.1509523,0.6794152,0.2466769,-0.1044713,-0.01479388,-0.1249905,0,0,0,1,0,0,-0.1684967,0.01799863,0.4258296,0.7805142,-0.4258654,1.304681,-0.2305324,0,0,0,1,0,0,-0.8440293,0.139873,0.08450313,0.5612853,-0.6572696,0.002642722,-0.1475058,0,0,0,1,0,0,0.3687954,0.6475747,0.4006264,0.210856,0.06269815,0.1826809,-0.03440976,0,0,0,1,0,0,0.3452975,0.005914872,0.3170695,0.4372941,-0.02991456,0.6175774,0.01088852,0,0,0,1,0,0,-0.6655728,0.6935957,0.03259644,-0.01682342,-0.08049908,0.003811718,-0.2085696,0,0,0,1,0,0,-0.3348424,-0.004157284,-0.2853414,-0.6022396,-0.02979733,-0.7384974,-0.02152854,0,0,0,1,0,0,0.6557922,0.6927815,-0.03941836,-0.1006484,-0.1013637,0.1286002,-0.1968602,0,0,0,1,0,0,0.8313,0.1223772,-0.07752574,-0.7320794,-0.687072,0.06059969,-0.1404748,0,0,0,1,0,0,-0.3696309,0.6546709,-0.3979232,-0.2945544,0.09069148,-0.117299,-0.02069914,0,0,0,1,0,0,0.1678475,0.002858887,-0.4005555,-0.695515,-0.2585894,-1.237788,-0.2214715,0,0,0,1,0,0,0.5298502,0.7467442,-0.568317,-0.07733408,-0.1882882,0.3108264,-0.2047791,0,0,0,1,0,0,0.6535028,0.1466748,-0.6793998,-0.2478243,-0.1125232,0.130418,-0.112527,0,0,0,1,0,0,0.001702486,0.6768284,-0.6651453,-0.1221943,0.05536082,-0.1629532,-0.1508965,0,0,0,1,0,0,0.412411,1.332665,0.4207121,0.1350895,0.01224876,0.07827434,0.03882241,0,0,0,1,0,0,0.01577288,1.354295,0.6339352,-0.01346088,-0.01014471,-0.01360775,-0.08068955,0,0,0,1,0,0,-0.4422547,1.352712,0.4610588,-0.01909734,-0.02828242,-0.04522206,-0.1182061,0,0,0,1,0,0,0.5856201,1.334265,0.004134706,0.1214266,0.05158188,0.05625781,-0.00345701,0,0,0,1,0,0,-0.6026142,1.332686,-0.002588142,-0.01751781,-0.009763245,-0.004940598,-0.01084214,0,0,0,1,0,0,-0.4175328,1.331466,-0.4133495,-0.03463627,0.03465416,0.02550484,0.04260635,0,0,0,1,0,0,-0.0006215984,1.347494,-0.6404836,0.002261444,-0.0171125,0.07203522,-0.07913327,0,0,0,1,0,0,0.4432813,1.342251,-0.4568374,-0.07285926,-0.03391506,0.1143426,-0.1125852,0,0,0,1,0,0,0.3889087,2,0.3889088,0,0,0,0.05000001,0,0,0,0,0,0,0.55,2,4.808253E-08,0,0,0,0.05000001,0,0,0,0,0,0,-6.558685E-09,2,0.55,0,0,0,0.05000001,0,0,0,0,0,0,0.3889087,2,-0.3889087,0,0,0,0.04999995,0,0,0,0,0,0,-0.3889089,2,0.3889086,0,0,0,0.05000001,0,0,0,0,0,0,2.404126E-08,2,-0.55,0,0,0,0.05000001,0,0,0,0,0,0,-0.3889087,2,-0.3889087,0,0,0,0.04999995,0,0,0,0,0,0,-0.55,2,0,0,0,0,0.05000001,0,0,0,0,0,0
165,-0.01356103,0.6838787,0.6778881,0.2045579,0.00957251,-0.08420649,-0.1670882,0,0,0,1,0,0,-0.5347457,0.7497814,0.5696342,0.4189851,-0.3379883,-0.3357322,-0.2176916,0,0,0,1,0,0,-0.6459938,0.1438572,0.6751819,0.4715146,-0.3547573,-0.2116681,-0.1271991,0,0,0,1,0,0,-0.1516955,0.01001216,0.4501804,0.8400615,-0.3993238,1.217543,-0.2129861,0,0,0,1,0,0,-0.8330726,0.1269767,0.08378749,0.5478355,-0.6448182,-0.0357818,-0.1449708,0,0,0,1,0,0,0.3755754,0.6488201,0.4046731,0.339,0.06227198,0.2023355,-0.03250092,0,0,0,1,0,0,0.3506596,0.002429247,0.3239597,0.2681033,-0.1742813,0.3445075,0.01552296,0,0,0,1,0,0,-0.6655303,0.6914749,0.03304247,0.002127887,-0.1060427,0.02230146,-0.2024048,0,0,0,1,0,0,-0.3496172,-0.005235845,-0.3025906,-0.7387358,-0.05392807,-0.8624647,-0.01030344,0,0,0,1,0,0,0.6549107,0.6908134,-0.03674523,-0.04407765,-0.09840731,0.1336568,-0.1898204,0,0,0,1,0,0,0.8167386,0.1093997,-0.07687613,-0.7280681,-0.6488795,0.03248082,-0.1408091,0,0,0,1,0,0,-0.3791018,0.6556311,-0.4028114,-0.4735457,0.04800858,-0.2444074,-0.01599425,0,0,0,1,0,0,0.1523034,-0.0006485991,-0.4252893,-0.7772046,-0.1753744,-1.236694,-0.2087353,0,0,0,1,0,0,0.5258327,0.7430063,-0.5630362,-0.2008767,-0.1868934,0.2640397,-0.2073337,0,0,0,1,0,0,0.6430778,0.1393419,-0.672983,-0.5212488,-0.3666462,0.320843,-0.117003,0,0,0,1,0,0,-0.001226999,0.677935,-0.6680011,-0.1464743,0.05532803,-0.142786,-0.1501938,0,0,0,1,0,0,0.4158517,1.332727,0.4216709,0.1720355,0.003087522,0.04793705,0.03965163,0,0,0,1,0,0,0.01607556,1.353655,0.6323794,0.0151339,-0.03200771,-0.07779303,-0.08218545,0,0,0,1,0,0,-0.4404947,1.351695,0.4591933,0.08800332,-0.05084278,-0.09327237,-0.1176369,0,0,0,1,0,0,0.588757,1.334369,0.004033504,0.1568437,0.005245211,-0.00506011,0.002057731,0,0,0,1,0,0,-0.6026286,1.332967,-0.00225385,-0.0007241967,0.01402498,0.01671459,-0.007406116,0,0,0,1,0,0,-0.4189492,1.332379,-0.4128757,-0.07082227,0.04567506,0.02369137,0.04192239,0,0,0,1,0,0,-0.00061863,1.346607,-0.6379344,0.0001484238,-0.04432799,0.1274586,-0.08154064,0,0,0,1,0,0,0.4417661,1.341407,-0.4546509,-0.07576051,-0.04217626,0.1093254,-0.1119889,0,0,0,1,0,0,0.3889087,2,0.3889088,0,0,0,0.05000001,0,0,0,0,0,0,0.55,2,4.808253E-08,0,0,0,0.05000001,0,0,0,0,0,0,-6.558685E-09,2,0.55,0,0,0,0.05000001,0,0,0,0,0,0,0.3889087,2,-0.3889087,0,0,0,0.04999995,0,0,0,0,0,0,-0.3889089,2,0.3889086,0,0,0,0.05000001,0,0,0,0,0,0,2.404126E-08,2,-0.55,0,0,0,0.05000001,0,0,0,0,0,0,-0.3889087,2,-0.3889087,0,0,0,0.04999995,0,0,0,0,0,0,-0.55,2,0,0,0,0,0.05000001,0,0,0,0,0,0
166,-0.01090207,0.682789,0.6759474,0.1329478,-0.05448165,-0.0970364,-0.1703366,0,0,0,1,0,0,-0.5290099,0.7438607,0.5636238,0.2867908,-0.2960325,-0.3005178,-0.2221434,0,0,0,1,0,0,-0.6381806,0.1366479,0.6703748,0.3906639,-0.3604645,-0.2403558,-0.1288099,0,0,0,1,0,0,-0.1355902,0.00357026,0.4736869,0.805268,-0.3220952,1.175322,-0.1967763,0,0,0,1,0,0,-0.8274958,0.1167543,0.08304756,0.2788426,-0.5111179,-0.03699662,-0.1382723,0,0,0,1,0,0,0.3822242,0.6489949,0.408011,0.3324406,0.008741025,0.1668946,-0.03068215,0,0,0,1,0,0,0.3536126,-0.001196057,0.3264928,0.1476512,-0.1812652,0.1266584,0.0168106,0,0,0,1,0,0,-0.6673266,0.6893133,0.03307756,-0.0898153,-0.1080782,0.001754426,-0.1942244,0,0,0,1,0,0,-0.3645249,-0.004939595,-0.3185829,-0.7453862,0.01481253,-0.7996145,0.0003262162,0,0,0,1,0,0,0.655141,0.6889127,-0.03395215,0.01151562,-0.09503368,0.1396539,-0.1815131,0,0,0,1,0,0,0.8072596,0.100714,-0.07816365,-0.4739495,-0.4342852,-0.06437602,-0.1385871,0,0,0,1,0,0,-0.3891213,0.6567503,-0.4079835,-0.5009742,0.05596282,-0.2586083,-0.01091051,0,0,0,1,0,0,0.1365404,-0.003265327,-0.4508282,-0.7881518,-0.1308365,-1.276942,-0.1952774,0,0,0,1,0,0,0.5235679,0.7395437,-0.5602888,-0.1132369,-0.1731307,0.1373679,-0.2065838,0,0,0,1,0,0,0.6329895,0.13075,-0.6645057,-0.5044164,-0.4295925,0.4238667,-0.1223572,0,0,0,1,0,0,-0.003261435,0.6783385,-0.6710457,-0.1017218,0.0201732,-0.1522333,-0.1496678,0,0,0,1,0,0,0.4174245,1.332878,0.4222168,0.07863942,0.007581714,0.02729745,0.03880268,0,0,0,1,0,0,0.01527239,1.352425,0.6297388,-0.04015836,-0.06148222,-0.1320273,-0.08512753,0,0,0,1,0,0,-0.4379594,1.349994,0.4561568,0.1267612,-0.08505587,-0.151825,-0.1183451,0,0,0,1,0,0,0.5903504,1.333982,0.003456921,0.07967356,-0.01937152,-0.02882915,0.006124139,0,0,0,1,0,0,-0.6020373,1.332608,-0.002206566,0.0295669,-0.01791716,0.00236421,-0.004529297,0,0,0,1,0,0,-0.4195433,1.332814,-0.4122457,-0.02970399,0.02170802,0.03150256,0.04017586,0,0,0,1,0,0,-0.0009277014,1.345359,-0.6346322,-0.01545358,-0.06240013,0.1651109,-0.08465022,0,0,0,1,0,0,0.4399341,1.340417,-0.4521647,-0.09159897,-0.04949572,0.124307,-0.1116855,0,0,0,1,0,0,0.3889087,2,0.3889088,0,0,0,0.05000001,0,0,0,0,0,0,0.55,2,4.808253E-08,0,0,0,0.05000001,0,0,0,0,0,0,-6.558685E-09,2,0.55,0,0,0,0.05000001,0,0,0,0,0,0,0.3889087,2,-0.3889087,0,0,0,0.04999995,0,0,0,0,0,0,-0.3889089,2,0.3889086,0,0,0,0.05000001,0,0,0,0,0,0,2.404126E-08,2,-0.55,0,0,0,0.05000001,0,0,0,0,0,0,-0.3889087,2,-0.3889087,0,0,0,0.04999995,0,0,0,0,0,0,-0.55,2,0,0,0,0,0.05000001,0,0,0,0,0,0
167,-0.009384278,0.6812212,0.6732772,0.07588983,-0.07839206,-0.1335085,-0.174641,0,0,0,1,0,0,-0.5244125,0.7380255,0.5577886,0.2298714,-0.2917589,-0.2917619,-0.2256579,0,0,0,1,0,0,-0.6307344,0.1285006,0.6634982,0.3723086,-0.4073673,-0.3438295,-0.1314616,0,0,0,1,0,0,-0.1215435,-0.0005405381,0.4956115,0.7023345,-0.20554,1.096233,-0.1832739,0,0,0,1,0,0,-0.8218493,0.1087348,0.07971416,0.2823235,-0.4009781,-0.1666699,-0.1315289,0,0,0,1,0,0,0.3873799,0.6493174,0.411492,0.2577887,0.01612306,0.1740471,-0.03021377,0,0,0,1,0,0,0.3544263,-0.004729662,0.3277229,0.04068466,-0.1766803,0.06150308,0.01730019,0,0,0,1,0,0,-0.6668037,0.6870229,0.03162718,0.02614261,-0.1145184,-0.07251914,-0.1872635,0,0,0,1,0,0,-0.3761981,-0.005963863,-0.3323388,-0.5836623,-0.05121345,-0.6877932,0.01083475,0,0,0,1,0,0,0.6546224,0.6873277,-0.03180157,-0.02593101,-0.07925037,0.1075292,-0.1740481,0,0,0,1,0,0,0.800892,0.09471855,-0.07698614,-0.3183813,-0.2997705,0.05887526,-0.1337841,0,0,0,1,0,0,-0.3974773,0.6577219,-0.4130743,-0.4178004,0.04858078,-0.2545373,-0.007241547,0,0,0,1,0,0,0.1225244,-0.004896913,-0.4754722,-0.7007967,-0.08157931,-1.232203,-0.182726,0,0,0,1,0,0,0.5201607,0.736422,-0.5582072,-0.1703621,-0.1560867,0.1040817,-0.2059441,0,0,0,1,0,0,0.6222711,0.120582,-0.6546147,-0.5359205,-0.508404,0.4945489,-0.1284797,0,0,0,1,0,0,-0.004658538,0.6786916,-0.6723067,-0.06985517,0.0176549,-0.06304684,-0.1509253,0,0,0,1,0,0,0.4181449,1.332866,0.4224208,0.0360191,-0.000625849,0.01019836,0.03707737,0,0,0,1,0,0,0.01431403,1.350981,0.6276764,-0.0479182,-0.07218722,-0.1031191,-0.08786386,0,0,0,1,0,0,-0.4362684,1.348667,0.4534953,0.0845522,-0.06635192,-0.1330793,-0.1181627,0,0,0,1,0,0,0.5904249,1.333238,0.002449012,0.003722311,-0.03720523,-0.05039548,0.008709133,0,0,0,1,0,0,-0.6015066,1.332624,-0.002089608,0.026536,0.0007927421,0.005847916,-0.001436889,0,0,0,1,0,0,-0.4202062,1.33346,-0.4123385,-0.03314467,0.03229977,-0.004643204,0.03876251,0,0,0,1,0,0,-0.001021228,1.344807,-0.6320552,-0.004676321,-0.02763272,0.1288504,-0.0868355,0,0,0,1,0,0,0.4388376,1.340056,-0.4502179,-0.05482735,-0.01805425,0.09734038,-0.1102958,0,0,0,1,0,0,0.3889087,2,0.3889088,0,0,0,0.05000001,0,0,0,0,0,0,0.55,2,4.808253E-08,0,0,0,0.05000001,0,0,0,0,0,0,-6.558685E-09,2,0.55,0,0,0,0.05000001,0,0,0,0,0,0,0.3889087,2,-0.3889087,0,0,0,0.04999995,0,0,0,0,0,0,-0.3889089,2,0.3889086,0,0,0,0.05000001,0,0,0,0,0,0,2.404126E-08,2,-0.55,0,0,0,0.05000001,0,0,0,0,0,0,-0.3889087,2,-0.3889087,0,0,0,0.04999995,0,0,0,0,0,0,-0.55,2,0,0,0,0,0.05000001,0,0,0,0,0,0
168,-0.009717116,0.6815231,0.6737247,-0.0166419,0.01509488,0.02237559,-0.1779591,0,0,0,1,0,0,-0.520124,0.7335745,0.5526716,0.2144248,-0.2225519,-0.25585,-0.2266005,0,0,0,1,0,0,-0.6236091,0.1204163,0.6553665,0.3562661,-0.4042113,-0.4065813,-0.1336566,0,0,0,1,0,0,-0.1100865,-0.002637069,0.5147719,0.5728482,-0.1048266,0.9580184,-0.1754511,0,0,0,1,0,0,-0.8160833,0.1016276,0.07668646,0.2883018,-0.3553571,-0.1513854,-0.1231295,0,0,0,1,0,0,0.391527,0.6503718,0.4144351,0.2073527,0.05272331,0.1471565,-0.03244376,0,0,0,1,0,0,0.3542793,-0.005652524,0.3321079,-0.007347765,-0.04614312,0.2192513,0.01923406,0,0,0,1,0,0,-0.6649703,0.6856518,0.03018835,0.09167198,-0.06855431,-0.07194162,-0.1790595,0,0,0,1,0,0,-0.38314,-0.006037842,-0.3435057,-0.3470944,-0.003698959,-0.5583438,0.01898617,0,0,0,1,0,0,0.652635,0.6859432,-0.03116378,-0.09936992,-0.06922188,0.03188924,-0.1664248,0,0,0,1,0,0,0.7952533,0.09003142,-0.07477984,-0.2819331,-0.2343566,0.1103152,-0.1262765,0,0,0,1,0,0,-0.4032551,0.6592588,-0.4169089,-0.2888919,0.07684532,-0.1917333,-0.007761061,0,0,0,1,0,0,0.1102431,-0.00620401,-0.4986367,-0.6140663,-0.06535491,-1.158224,-0.1733694,0,0,0,1,0,0,0.5166021,0.7332175,-0.5552232,-0.1779289,-0.1602233,0.1492024,-0.2045991,0,0,0,1,0,0,0.6124736,0.1097289,-0.645173,-0.4898729,-0.5426521,0.4720839,-0.1321692,0,0,0,1,0,0,-0.004632925,0.6794175,-0.6732311,0.001280639,0.03629626,-0.04622044,-0.1538922,0,0,0,1,0,0,0.4188192,1.332754,0.422495,0.03371687,-0.005608799,0.003710391,0.03454715,0,0,0,1,0,0,0.01339159,1.350293,0.6271058,-0.04612191,-0.03440382,-0.02853275,-0.08908194,0,0,0,1,0,0,-0.4362088,1.348327,0.4519832,0.002978743,-0.01698733,-0.07560405,-0.1150167,0,0,0,1,0,0,0.5905604,1.33291,0.001995884,0.006774071,-0.01639128,-0.02265641,0.01271862,0,0,0,1,0,0,-0.6011922,1.332349,-0.002211265,0.01572073,-0.01375676,-0.006082878,0.002707958,0,0,0,1,0,0,-0.4208374,1.333563,-0.4132634,-0.03156067,0.005173685,-0.04624577,0.03657317,0,0,0,1,0,0,-0.001463379,1.344702,-0.6318972,-0.02210755,-0.005203487,0.007903579,-0.08694291,0,0,0,1,0,0,0.4382201,1.339763,-0.4496649,-0.03087671,-0.01467467,0.02765359,-0.1071826,0,0,0,1,0,0,0.3889087,2,0.3889088,0,0,0,0.05000001,0,0,0,0,0,0,0.55,2,4.808253E-08,0,0,0,0.05000001,0,0,0,0,0,0,-6.558685E-09,2,0.55,0,0,0,0.05000001,0,0,0,0,0,0,0.3889087,2,-0.3889087,0,0,0,0.04999995,0,0,0,0,0,0,-0.3889089,2,0.3889086,0,0,0,0.05000001,0,0,0,0,0,0,2.404126E-08,2,-0.55,0,0,0,0.05000001,0,0,0,0,0,0,-0.3889087,2,-0.3889087,0,0,0,0.04999995,0,0,0,0,0,0,-0.55,2,0,0,0,0,0.05000001,0,0,0,0,0,0
169,-0.009698168,0.6832423,0.6757927,0.0009473882,0.08596186,0.1033992,-0.1789683,0,0,0,1,0,0,-0.5154762,0.7295123,0.5467707,0.2323897,-0.2031089,-0.2950461,-0.2296756,0,0,0,1,0,0,-0.613535,0.1096741,0.6444865,0.5037041,-0.5371144,-0.5440029,-0.1394786,0,0,0,1,0,0,-0.1018025,-0.004346049,0.5316755,0.4142007,-0.08544908,0.8451823,-0.1678991,0,0,0,1,0,0,-0.8046393,0.09229553,0.07353382,0.5721989,-0.4666055,-0.157632,-0.1208866,0,0,0,1,0,0,0.3960072,0.6521881,0.4181163,0.2240122,0.09081069,0.1840622,-0.03292745,0,0,0,1,0,0,0.3551445,-0.006458372,0.3414285,0.04325809,-0.04029243,0.4660295,0.02639449,0,0,0,1,0,0,-0.6620091,0.6839253,0.02865635,0.148058,-0.08632842,-0.07659973,-0.1740454,0,0,0,1,0,0,-0.3863201,-0.006692727,-0.3520399,-0.1590044,-0.03274424,-0.4267128,0.02589899,0,0,0,1,0,0,0.6494507,0.6836512,-0.02979957,-0.159216,-0.1146019,0.06821084,-0.1618789,0,0,0,1,0,0,0.7860643,0.08202166,-0.07028399,-0.4594507,-0.4004882,0.2247923,-0.1219133,0,0,0,1,0,0,-0.4074091,0.6606672,-0.4191087,-0.2076984,0.07041696,-0.10999,-0.008699119,0,0,0,1,0,0,0.098285,-0.007732548,-0.5205817,-0.5979052,-0.0764269,-1.097252,-0.1613903,0,0,0,1,0,0,0.5118325,0.7285993,-0.5489408,-0.2384783,-0.2309144,0.3141196,-0.2081766,0,0,0,1,0,0,0.601743,0.09785853,-0.6343245,-0.5365314,-0.5935198,0.5424263,-0.1379396,0,0,0,1,0,0,-0.004273927,0.6798612,-0.6736586,0.01794992,0.02218784,-0.02137722,-0.1564798,0,0,0,1,0,0,0.4204356,1.332696,0.4228316,0.08081648,-0.002872945,0.01682789,0.03353906,0,0,0,1,0,0,0.01309472,1.349913,0.6265516,-0.01484347,-0.01901389,-0.02770723,-0.08988339,0,0,0,1,0,0,-0.4377633,1.348322,0.4511167,-0.07772598,-0.0002384187,-0.04332663,-0.1113633,0,0,0,1,0,0,0.5905966,1.333666,0.001664246,0.001811982,0.0377834,-0.01658188,0.01631671,0,0,0,1,0,0,-0.6012965,1.332057,-0.002619006,-0.005218389,-0.0146091,-0.02038703,0.006222606,0,0,0,1,0,0,-0.4214478,1.333644,-0.4145427,-0.03051908,0.004041196,-0.06396326,0.03510988,0,0,0,1,0,0,-0.001223384,1.344751,-0.6314771,0.01199974,0.002408029,0.02100468,-0.08727872,0,0,0,1,0,0,0.4379098,1.339631,-0.4484379,-0.0155151,-0.006568435,0.06134811,-0.1049282,0,0,0,1,0,0,0.3889087,2,0.3889088,0,0,0,0.05000001,0,0,0,0,0,0,0.55,2,4.808253E-08,0,0,0,0.05000001,0,0,0,0,0,0,-6.558685E-09,2,0.55,0,0,0,0.05000001,0,0,0,0,0,0,0.3889087,2,-0.3889087,0,0,0,0.04999995,0,0,0,0,0,0,-0.3889089,2,0.3889086,0,0,0,0.05000001,0,0,0,0,0,0,2.404126E-08,2,-0.55,0,0,0,0.05000001,0,0,0,0,0,0,-0.3889087,2,-0.3889087,0,0,0,0.04999995,0,0,0,0,0,0,-0.55,2,0,0,0,0,0.05000001,0,0,0,0,0,0
170,-0.009659449,0.6843479,0.680154,0.001935988,0.05527737,0.2180667,-0.1778608,0,0,0,1,0,0,-0.5141915,0.7271287,0.5420445,0.06423297,-0.1191825,-0.2363116,-0.2288279,0,0,0,1,0,0,-0.6047069,0.1008422,0.6350629,0.4414024,-0.441595,-0.4711809,-0.1436545,0,0,0,1,0,0,-0.09473385,-0.003556838,0.5489128,0.3534333,0.03946058,0.8618627,-0.1622408,0,0,0,1,0,0,-0.7921572,0.08210713,0.07271276,0.6241056,-0.5094199,-0.04105271,-0.119322,0,0,0,1,0,0,0.4027736,0.6523975,0.4220299,0.3383206,0.01046956,0.1956777,-0.03109115,0,0,0,1,0,0,0.3595969,-0.006152786,0.354089,0.222619,0.01527931,0.6330224,0.0364241,0,0,0,1,0,0,-0.6599107,0.6825522,0.02680302,0.1049191,-0.06865266,-0.09266645,-0.1675855,0,0,0,1,0,0,-0.3876757,-0.00756004,-0.3581572,-0.06778243,-0.04336568,-0.3058673,0.03092104,0,0,0,1,0,0,0.6485922,0.6815258,-0.02704153,-0.04292132,-0.1062692,0.1379017,-0.1542028,0,0,0,1,0,0,0.7765995,0.07221477,-0.06722756,-0.4732432,-0.4903445,0.1528219,-0.1169699,0,0,0,1,0,0,-0.4125102,0.6610795,-0.4207392,-0.2550558,0.02061725,-0.08152279,-0.008961141,0,0,0,1,0,0,0.08694327,-0.008608994,-0.543488,-0.567087,-0.04382233,-1.145316,-0.1492899,0,0,0,1,0,0,0.5094281,0.7235233,-0.5421926,-0.1202196,-0.2537967,0.3374071,-0.2101313,0,0,0,1,0,0,0.5939642,0.08982614,-0.6253496,-0.3889413,-0.4016192,0.4487457,-0.1415445,0,0,0,1,0,0,-0.003948028,0.6799423,-0.673549,0.01629496,0.004053117,0.005480649,-0.1595978,0,0,0,1,0,0,0.4200488,1.332729,0.4226281,-0.01933724,0.001621247,-0.01017452,0.03066295,0,0,0,1,0,0,0.01260722,1.349185,0.6247252,-0.02437496,-0.03638865,-0.09132031,-0.09183437,0,0,0,1,0,0,-0.4376571,1.34767,0.4500155,0.005310776,-0.03259779,-0.05505981,-0.109016,0,0,0,1,0,0,0.5902991,1.33391,0.002044544,-0.01487732,0.01223684,0.0190149,0.01988167,0,0,0,1,0,0,-0.6016531,1.331943,-0.002875857,-0.01782776,-0.005710127,-0.01284255,0.01019233,0,0,0,1,0,0,-0.4212848,1.333514,-0.4146111,0.008150938,-0.006490949,-0.003421308,0.03243637,0,0,0,1,0,0,-0.001260437,1.343571,-0.6283394,-0.001852657,-0.05897286,0.1568825,-0.09030038,0,0,0,1,0,0,0.4368136,1.33888,-0.4459841,-0.05480947,-0.03756882,0.1226888,-0.103845,0,0,0,1,0,0,0.3889087,2,0.3889088,0,0,0,0.05000001,0,0,0,0,0,0,0.55,2,4.808253E-08,0,0,0,0.05000001,0,0,0,0,0,0,-6.558685E-09,2,0.55,0,0,0,0.05000001,0,0,0,0,0,0,0.3889087,2,-0.3889087,0,0,0,0.04999995,0,0,0,0,0,0,-0.3889089,2,0.3889086,0,0,0,0.05000001,0,0,0,0,0,0,2.404126E-08,2,-0.55,0,0,0,0.05000001,0,0,0,0,0,0,-0.3889087,2,-0.3889087,0,0,0,0.04999995,0,0,0,0,0,0,-0.55,2,0,0,0,0,0.05000001,0,0,0,0,0,0
171,-0.008923091,0.6841186,0.6834737,0.0368179,-0.01146198,0.1659841,-0.1770337,0,0,0,1,0,0,-0.5123681,0.7230293,0.538131,0.0911713,-0.2049715,-0.1956732,-0.228302,0,0,0,1,0,0,-0.597653,0.09390099,0.6268752,0.3526987,-0.347059,-0.4093857,-0.1466322,0,0,0,1,0,0,-0.08587597,-0.003486705,0.5651398,0.4428943,0.003506664,0.8113536,-0.154924,0,0,0,1,0,0,-0.7796126,0.07223645,0.07046503,0.6272289,-0.4935345,-0.1123868,-0.1176671,0,0,0,1,0,0,0.407768,0.6526632,0.4267748,0.2497197,0.01328886,0.2372459,-0.03040034,0,0,0,1,0,0,0.3678342,-0.006475419,0.3666853,0.4118638,-0.01613168,0.6298187,0.04740477,0,0,0,1,0,0,-0.6581291,0.6807083,0.02399475,0.08908216,-0.09219352,-0.1404138,-0.160923,0,0,0,1,0,0,-0.3887046,-0.008918439,-0.3645537,-0.0514433,-0.06791996,-0.3198252,0.03670514,0,0,0,1,0,0,0.6496132,0.6794454,-0.02358841,0.05104842,-0.1040191,0.172656,-0.1449654,0,0,0,1,0,0,0.7660361,0.06305113,-0.06290489,-0.5281689,-0.4581822,0.2161336,-0.1129982,0,0,0,1,0,0,-0.4179059,0.6610633,-0.4238402,-0.2697856,-0.0008106235,-0.1550496,-0.00819248,0,0,0,1,0,0,0.07582374,-0.00890109,-0.566808,-0.5559767,-0.01460482,-1.165998,-0.1361784,0,0,0,1,0,0,0.5057062,0.7182276,-0.5357227,-0.1860977,-0.2647878,0.3234984,-0.2129448,0,0,0,1,0,0,0.5878375,0.08542344,-0.6188879,-0.3063352,-0.2201353,0.3230841,-0.1436985,0,0,0,1,0,0,-0.004569225,0.680678,-0.6745238,-0.03105985,0.03678502,-0.04873874,-0.1612358,0,0,0,1,0,0,0.4195711,1.332574,0.4222165,-0.02388657,-0.007754568,-0.02057702,0.02766168,0,0,0,1,0,0,0.0115172,1.347488,0.6224159,-0.05450121,-0.08487108,-0.1154662,-0.09492302,0,0,0,1,0,0,-0.4359251,1.34608,0.4473763,0.08660261,-0.07950071,-0.1319603,-0.1090207,0,0,0,1,0,0,0.5883122,1.333747,0.002546397,-0.0993431,-0.008195641,0.02509263,0.02184761,0,0,0,1,0,0,-0.6016116,1.331953,-0.002893985,0.002074243,0.0004947187,-0.0009064333,0.01367337,0,0,0,1,0,0,-0.4219585,1.333959,-0.4151258,-0.03368856,0.02222062,-0.02573431,0.0309571,0,0,0,1,0,0,-0.00120858,1.342064,-0.6241615,0.002592861,-0.07534626,0.2088935,-0.094293,0,0,0,1,0,0,0.4352325,1.338233,-0.4432772,-0.07905069,-0.03235937,0.1353458,-0.1032298,0,0,0,1,0,0,0.3889087,2,0.3889088,0,0,0,0.05000001,0,0,0,0,0,0,0.55,2,4.808253E-08,0,0,0,0.05000001,0,0,0,0,0,0,-6.558685E-09,2,0.55,0,0,0,0.05000001,0,0,0,0,0,0,0.3889087,2,-0.3889087,0,0,0,0.04999995,0,0,0,0,0,0,-0.3889089,2,0.3889086,0,0,0,0.05000001,0,0,0,0,0,0,2.404126E-08,2,-0.55,0,0,0,0.05000001,0,0,0,0,0,0,-0.3889087,2,-0.3889087,0,0,0,0.04999995,0,0,0,0,0,0,-0.55,2,0,0,0,0,0.05000001,0,0,0,0,0,0
172,-0.007486513,0.6839876,0.6851273,0.07182893,-0.006553533,0.08268061,-0.1773354,0,0,0,1,0,0,-0.5086195,0.7184349,0.5334635,0.1874269,-0.2297164,-0.2333761,-0.2298326,0,0,0,1,0,0,-0.5908893,0.08873047,0.6205942,0.338185,-0.2585259,-0.3140481,-0.1486734,0,0,0,1,0,0,-0.07650529,-0.004100842,0.5797485,0.4685341,-0.03070689,0.7304314,-0.1472968,0,0,0,1,0,0,-0.7677265,0.06385565,0.06662167,0.5943062,-0.4190402,-0.1921681,-0.1156357,0,0,0,1,0,0,0.412838,0.6538767,0.4310221,0.2534986,0.06067457,0.212367,-0.02985573,0,0,0,1,0,0,0.378141,-0.00653233,0.3791737,0.5153404,-0.002845518,0.62442,0.05899954,0,0,0,1,0,0,-0.6550173,0.678612,0.02120581,0.155592,-0.1048178,-0.1394471,-0.1557359,0,0,0,1,0,0,-0.3903644,-0.009309029,-0.3731665,-0.08298907,-0.01952952,-0.4306378,0.04439956,0,0,0,1,0,0,0.6498779,0.6783548,-0.02151334,0.01323522,-0.05453231,0.1037537,-0.1370047,0,0,0,1,0,0,0.7542244,0.05447719,-0.05873081,-0.5905839,-0.4286976,0.2087039,-0.1104947,0,0,0,1,0,0,-0.4220902,0.6619175,-0.4279611,-0.2092169,0.04270973,-0.2060444,-0.008319199,0,0,0,1,0,0,0.06478357,-0.008779192,-0.5901707,-0.5520085,0.006094903,-1.168138,-0.1222547,0,0,0,1,0,0,0.5004932,0.7133256,-0.5290769,-0.2606482,-0.2450974,0.3322901,-0.216905,0,0,0,1,0,0,0.5829176,0.08157457,-0.6136427,-0.2459915,-0.1924437,0.2622605,-0.1444792,0,0,0,1,0,0,-0.004735302,0.6817458,-0.6769776,-0.008303885,0.0533879,-0.1226932,-0.1615772,0,0,0,1,0,0,0.4197136,1.332577,0.4221874,0.007122758,0.0001609326,-0.001454354,0.0254091,0,0,0,1,0,0,0.01053995,1.346691,0.6215709,-0.04886246,-0.03984572,-0.04224779,-0.09635556,0,0,0,1,0,0,-0.433974,1.34446,0.4446428,0.09755347,-0.08101466,-0.1366705,-0.1093207,0,0,0,1,0,0,0.5877832,1.333651,0.002437972,-0.02645255,-0.004762413,-0.005421231,0.0245657,0,0,0,1,0,0,-0.5997893,1.331484,-0.002755478,0.09111468,-0.02341867,0.006925399,0.01538879,0,0,0,1,0,0,-0.4228123,1.33418,-0.4166767,-0.04268588,0.01109839,-0.07754418,0.02983296,0,0,0,1,0,0,-0.0006953898,1.341297,-0.6223555,0.02565951,-0.03837349,0.09030107,-0.09620756,0,0,0,1,0,0,0.4342944,1.337829,-0.4412779,-0.04690589,-0.02020598,0.09996448,-0.1018909,0,0,0,1,0,0,0.3889087,2,0.3889088,0,0,0,0.05000001,0,0,0,0,0,0,0.55,2,4.808253E-08,0,0,0,0.05000001,0,0,0,0,0,0,-6.558685E-09,2,0.55,0,0,0,0.05000001,0,0,0,0,0,0,0.3889087,2,-0.3889087,0,0,0,0.04999995,0,0,0,0,0,0,-0.3889089,2,0.3889086,0,0,0,0.05000001,0,0,0,0,0,0,2.404126E-08,2,-0.55,0,0,0,0.05000001,0,0,0,0,0,0,-0.3889087,2,-0.3889087,0,0,0,0.04999995,0,0,0,0,0,0,-0.55,2,0,0,0,0,0.05000001,0,0,0,0,0,0
173,-0.005306009,0.6837358,0.6843745,0.1090252,-0.01258553,-0.03764333,-0.1796739,0,0,0,1,0,0,-0.5037234,0.7143121,0.5275825,0.2448083,-0.2061427,-0.2940507,-0.2324928,0,0,0,1,0,0,-0.5837494,0.08394577,0.6160979,0.3569932,-0.2392349,-0.2248169,-0.1493488,0,0,0,1,0,0,-0.06775847,-0.004380698,0.5937802,0.4373411,-0.01399278,0.7015857,-0.1405668,0,0,0,1,0,0,-0.7569247,0.05636685,0.06234106,0.5400869,-0.3744399,-0.2140307,-0.1123497,0,0,0,1,0,0,0.4172293,0.6552566,0.4338658,0.2195642,0.06899539,0.1421854,-0.0306645,0,0,0,1,0,0,0.38945,-0.006547311,0.391781,0.5654531,-0.0007490863,0.6303626,0.07149708,0,0,0,1,0,0,-0.6498914,0.6761102,0.01897018,0.2562941,-0.1250893,-0.1117814,-0.1522201,0,0,0,1,0,0,-0.392943,-0.01008895,-0.3836055,-0.1289323,-0.03899603,-0.5219506,0.05428708,0,0,0,1,0,0,0.648451,0.6769661,-0.02006729,-0.07134679,-0.06943646,0.0723027,-0.1304433,0,0,0,1,0,0,0.7420191,0.0456696,-0.05472932,-0.6102654,-0.4403794,0.2000744,-0.1077027,0,0,0,1,0,0,-0.4251927,0.6624406,-0.4314493,-0.1551226,0.02615453,-0.1744092,-0.009808123,0,0,0,1,0,0,0.05558233,-0.007508362,-0.613601,-0.4600625,0.06354155,-1.171512,-0.1094422,0,0,0,1,0,0,0.4959803,0.7086009,-0.5223771,-0.2256484,-0.2362342,0.3349901,-0.2199508,0,0,0,1,0,0,0.5774162,0.07719478,-0.6085508,-0.2750696,-0.2189894,0.2545924,-0.1448217,0,0,0,1,0,0,-0.004390671,0.6826067,-0.6795824,0.01723155,0.04304649,-0.1302392,-0.1619919,0,0,0,1,0,0,0.4208927,1.332651,0.4226517,0.05895647,0.003713371,0.02321155,0.02398479,0,0,0,1,0,0,0.01003663,1.346241,0.6207275,-0.02516579,-0.02248884,-0.0421703,-0.09743285,0,0,0,1,0,0,-0.4324918,1.343398,0.4422961,0.07410797,-0.05308988,-0.1173377,-0.1086243,0,0,0,1,0,0,0.5888878,1.334034,0.002268245,0.05522969,0.01912118,-0.008486378,0.0289166,0,0,0,1,0,0,-0.59882,1.33091,-0.003142376,0.04846456,-0.02869369,-0.01934495,0.01805711,0,0,0,1,0,0,-0.4236275,1.334223,-0.4179402,-0.04076214,0.002110005,-0.0631735,0.02835768,0,0,0,1,0,0,-0.0008036777,1.341061,-0.6216345,-0.005414397,-0.01179576,0.03605188,-0.09687561,0,0,0,1,0,0,0.4335953,1.337422,-0.4402606,-0.03495516,-0.02031923,0.05086811,-0.09987742,0,0,0,1,0,0,0.3889087,2,0.3889088,0,0,0,0.05000001,0,0,0,0,0,0,0.55,2,4.808253E-08,0,0,0,0.05000001,0,0,0,0,0,0,-6.558685E-09,2,0.55,0,0,0,0.05000001,0,0,0,0,0,0,0.3889087,2,-0.3889087,0,0,0,0.04999995,0,0,0,0,0,0,-0.3889089,2,0.3889086,0,0,0,0.05000001,0,0,0,0,0,0,2.404126E-08,2,-0.55,0,0,0,0.05000001,0,0,0,0,0,0,-0.3889087,2,-0.3889087,0,0,0,0.04999995,0,0,0,0,0,0,-0.55,2,0,0,0,0,0.05000001,0,0,0,0,0,0
174,-0.003434112,0.6836212,0.682829,0.09359491,-0.005733969,-0.07727149,-0.1834656,0,0,0,1,0,0,-0.4977333,0.709729,0.5200418,0.299503,-0.2291531,-0.3770323,-0.2355542,0,0,0,1,0,0,-0.5768492,0.07795911,0.6107866,0.3450097,-0.2993332,-0.2655656,-0.1485971,0,0,0,1,0,0,-0.05944017,-0.00508766,0.6081464,0.4159152,-0.03534813,0.7183108,-0.1349196,0,0,0,1,0,0,-0.7465575,0.04822384,0.0575827,0.5183639,-0.4071509,-0.2379178,-0.1061271,0,0,0,1,0,0,0.4207635,0.656447,0.4348388,0.1767085,0.05951824,0.04864784,-0.03414619,0,0,0,1,0,0,0.4007767,-0.006636582,0.4045493,0.5663323,-0.004463528,0.6384166,0.08505797,0,0,0,1,0,0,-0.6437201,0.6731473,0.01702505,0.3085614,-0.1481474,-0.09725675,-0.147947,0,0,0,1,0,0,-0.3965021,-0.010427,-0.3964874,-0.1779557,-0.0169023,-0.6440955,0.06674272,0,0,0,1,0,0,0.6469236,0.6759177,-0.01852146,-0.07636848,-0.05241635,0.07729161,-0.121935,0,0,0,1,0,0,0.7298685,0.03663413,-0.05075018,-0.6075295,-0.4517738,0.198957,-0.1026024,0,0,0,1,0,0,-0.427968,0.662426,-0.434016,-0.1387656,-0.0007301572,-0.1283363,-0.01309961,0,0,0,1,0,0,0.047213,-0.006235386,-0.6347812,-0.4184663,0.0636488,-1.059014,-0.09959143,0,0,0,1,0,0,0.4910586,0.7032971,-0.5152079,-0.2460824,-0.2651901,0.3584565,-0.2220978,0,0,0,1,0,0,0.5710351,0.07147545,-0.6027778,-0.3190578,-0.2859664,0.2886505,-0.1441468,0,0,0,1,0,0,-0.003674748,0.68379,-0.6805066,0.03579618,0.05916359,-0.04620852,-0.1646411,0,0,0,1,0,0,0.4229571,1.332917,0.4235761,0.1032189,0.0132978,0.04621895,0.02280372,0,0,0,1,0,0,0.009863692,1.345914,0.6204112,-0.008647101,-0.01631976,-0.0158161,-0.09801412,0,0,0,1,0,0,-0.4319114,1.342266,0.4408153,0.02902151,-0.05661847,-0.07404092,-0.1063102,0,0,0,1,0,0,0.5911101,1.334111,0.001478795,0.111118,0.003850462,-0.03947249,0.03457201,0,0,0,1,0,0,-0.5984653,1.330445,-0.0036346,0.01773537,-0.02327562,-0.02461121,0.0221836,0,0,0,1,0,0,-0.4242211,1.334445,-0.41915,-0.02967865,0.01109243,-0.0604898,0.02613157,0,0,0,1,0,0,-0.001074573,1.340808,-0.6204113,-0.01354475,-0.01266003,0.06115737,-0.09788436,0,0,0,1,0,0,0.4335293,1.337321,-0.4397531,-0.003300609,-0.005054476,0.02537371,-0.0962792,0,0,0,1,0,0,0.3889087,2,0.3889088,0,0,0,0.05000001,0,0,0,0,0,0,0.55,2,4.808253E-08,0,0,0,0.05000001,0,0,0,0,0,0,-6.558685E-09,2,0.55,0,0,0,0.05000001,0,0,0,0,0,0,0.3889087,2,-0.3889087,0,0,0,0.04999995,0,0,0,0,0,0,-0.3889089,2,0.3889086,0,0,0,0.05000001,0,0,0,0,0,0,2.404126E-08,2,-0.55,0,0,0,0.05000001,0,0,0,0,0,0,-0.3889087,2,-0.3889087,0,0,0,0.04999995,0,0,0,0,0,0,-0.55,2,0,0,0,0,0.05000001,0,0,0,0,0,0
175,-0.003179781,0.6829711,0.6802943,0.01271655,-0.0325054,-0.1267374,-0.1879357,0,0,0,1,0,0,-0.4906612,0.7037395,0.5103485,0.3536077,-0.2994777,-0.4846664,-0.2426836,0,0,0,1,0,0,-0.5688814,0.06932833,0.601557,0.3983916,-0.4315393,-0.4614802,-0.1514257,0,0,0,1,0,0,-0.05009308,-0.005545433,0.623492,0.4673548,-0.02288863,0.7672819,-0.1258495,0,0,0,1,0,0,-0.7344293,0.03891283,0.05014893,0.606409,-0.4655508,-0.3716886,-0.1020831,0,0,0,1,0,0,0.4239495,0.6574346,0.4360916,0.1593009,0.04937949,0.06263854,-0.03622913,0,0,0,1,0,0,0.412137,-0.006667546,0.4193964,0.5680176,-0.001548185,0.7423553,0.101171,0,0,0,1,0,0,-0.6389797,0.6709098,0.01451252,0.2370209,-0.111872,-0.1256266,-0.144268,0,0,0,1,0,0,-0.4036939,-0.01079735,-0.4109984,-0.359586,-0.01851749,-0.7255483,0.08159584,0,0,0,1,0,0,0.6455922,0.6746273,-0.01591203,-0.06657246,-0.06452205,0.1304715,-0.1150895,0,0,0,1,0,0,0.7166889,0.02637668,-0.04426489,-0.6589803,-0.5128725,0.324265,-0.0990479,0,0,0,1,0,0,-0.4306617,0.6628139,-0.4368868,-0.1346857,0.01939536,-0.1435415,-0.01492798,0,0,0,1,0,0,0.03901417,-0.004726197,-0.6537916,-0.4099419,0.07545949,-0.9505186,-0.08881122,0,0,0,1,0,0,0.4845932,0.6976535,-0.5058801,-0.3232704,-0.2821804,0.4663946,-0.2284261,0,0,0,1,0,0,0.5628802,0.06346716,-0.5921689,-0.4077466,-0.4004149,0.5304488,-0.1483494,0,0,0,1,0,0,-0.002775713,0.6840239,-0.679736,0.04495176,0.01169444,0.03852846,-0.1679822,0,0,0,1,0,0,0.4243417,1.333159,0.4243601,0.0692338,0.01211167,0.0392005,0.02177888,0,0,0,1,0,0,0.009198639,1.345314,0.6197898,-0.0332527,-0.03003479,-0.03107191,-0.09906894,0,0,0,1,0,0,-0.4319717,1.341687,0.4390543,-0.003014506,-0.02893807,-0.088051,-0.104264,0,0,0,1,0,0,0.5928812,1.334748,0.001453595,0.08855466,0.03188254,-0.001259981,0.03947353,0,0,0,1,0,0,-0.5988627,1.330458,-0.00396314,-0.01986922,0.0006437304,-0.01642698,0.02599674,0,0,0,1,0,0,-0.4249975,1.334635,-0.4206604,-0.03882052,0.009548668,-0.07552359,0.02484447,0,0,0,1,0,0,-0.000909965,1.340266,-0.6192058,0.00823038,-0.02708436,0.06027522,-0.09915346,0,0,0,1,0,0,0.4332021,1.337179,-0.4393024,-0.01636297,-0.007086995,0.02253206,-0.09379113,0,0,0,1,0,0,0.3889087,2,0.3889088,0,0,0,0.05000001,0,0,0,0,0,0,0.55,2,4.808253E-08,0,0,0,0.05000001,0,0,0,0,0,0,-6.558685E-09,2,0.55,0,0,0,0.05000001,0,0,0,0,0,0,0.3889087,2,-0.3889087,0,0,0,0.04999995,0,0,0,0,0,0,-0.3889089,2,0.3889086,0,0,0,0.05000001,0,0,0,0,0,0,2.404126E-08,2,-0.55,0,0,0,0.05000001,0,0,0,0,0,0,-0.3889087,2,-0.3889087,0,0,0,0.04999995,0,0,0,0,0,0,-0.55,2,0,0,0,0,0.05000001,0,0,0,0,0,0
176,-0.002820461,0.681657,0.6778383,0.017966,-0.0657052,-0.1228005,-0.1922953,0,0,0,1,0,0,-0.4860872,0.69831,0.5025581,0.2286986,-0.2714725,-0.3895195,-0.2462383,0,0,0,1,0,0,-0.5612372,0.06132255,0.591827,0.382209,-0.4002891,-0.4864963,-0.1541753,0,0,0,1,0,0,-0.04149441,-0.004174353,0.6414351,0.4299335,0.06855401,0.8971575,-0.1160662,0,0,0,1,0,0,-0.7258889,0.03063281,0.04408098,0.4270198,-0.4140011,-0.3033978,-0.09554392,0,0,0,1,0,0,0.4280414,0.6580691,0.4388611,0.2045975,0.03172756,0.1384751,-0.03715873,0,0,0,1,0,0,0.4257611,-0.005499326,0.4341396,0.6812054,0.05841099,0.7371607,0.1179248,0,0,0,1,0,0,-0.6368064,0.6692982,0.01156663,0.1086683,-0.08057955,-0.1472944,-0.1377735,0,0,0,1,0,0,-0.4164229,-0.009972073,-0.4269541,-0.6364542,0.04126361,-0.7977861,0.09883809,0,0,0,1,0,0,0.6440167,0.6724477,-0.01291583,-0.07877055,-0.1089812,0.14981,-0.1082008,0,0,0,1,0,0,0.7072507,0.01871036,-0.03878962,-0.471914,-0.3833161,0.2737635,-0.09346741,0,0,0,1,0,0,-0.4347804,0.66311,-0.4398381,-0.2059341,0.01480282,-0.1475648,-0.01562703,0,0,0,1,0,0,0.03092037,-0.002731171,-0.6706314,-0.4046903,0.09975135,-0.8419905,-0.07969338,0,0,0,1,0,0,0.4806378,0.6916419,-0.4979661,-0.1977713,-0.3005834,0.3957005,-0.2316501,0,0,0,1,0,0,0.5548329,0.05606179,-0.5821539,-0.4023643,-0.3702687,0.5007477,-0.1517797,0,0,0,1,0,0,-0.002131949,0.6833495,-0.678744,0.03218824,-0.03371538,0.04960002,-0.1713742,0,0,0,1,0,0,0.4241983,1.333429,0.4246366,-0.007170442,0.01348258,0.01382828,0.01932347,0,0,0,1,0,0,0.007626378,1.343474,0.6168668,-0.07861304,-0.09201173,-0.1461477,-0.1027263,0,0,0,1,0,0,-0.4314961,1.340345,0.4367651,0.02378226,-0.06710294,-0.1144588,-0.103137,0,0,0,1,0,0,0.5931736,1.334374,0.001041587,0.01461804,-0.01871587,-0.02060043,0.04270416,0,0,0,1,0,0,-0.5984697,1.330441,-0.003817019,0.01964868,-0.0008285049,0.00730603,0.02916527,0,0,0,1,0,0,-0.4248136,1.334424,-0.4211248,0.00919551,-0.01057983,-0.02322049,0.02218831,0,0,0,1,0,0,-0.001099376,1.339764,-0.6166574,-0.009470542,-0.02511741,0.1274229,-0.1012699,0,0,0,1,0,0,0.4322178,1.336689,-0.4372413,-0.04921408,-0.02450348,0.1030565,-0.09241068,0,0,0,1,0,0,0.3889087,2,0.3889088,0,0,0,0.05000001,0,0,0,0,0,0,0.55,2,4.808253E-08,0,0,0,0.05000001,0,0,0,0,0,0,-6.558685E-09,2,0.55,0,0,0,0.05000001,0,0,0,0,0,0,0.3889087,2,-0.3889087,0,0,0,0.04999995,0,0,0,0,0,0,-0.3889089,2,0.3889086,0,0,0,0.05000001,0,0,0,0,0,0,2.404126E-08,2,-0.55,0,0,0,0.05000001,0,0,0,0,0,0,-0.3889087,2,-0.3889087,0,0,0,0.04999995,0,0,0,0,0,0,-0.55,2,0,0,0,0,0.05000001,0,0,0,0,0,0
177,-0.001624956,0.6794573,0.6755435,0.0597753,-0.1099825,-0.114736,-0.1960462,0,0,0,1,0,0,-0.4801872,0.6926364,0.494127,0.2949999,-0.2836825,-0.421557,-0.2512844,0,0,0,1,0,0,-0.5533707,0.05359487,0.581539,0.3933252,-0.3863843,-0.5144002,-0.157418,0,0,0,1,0,0,-0.0315474,-0.002990888,0.6590584,0.4973507,0.05917329,0.8811626,-0.1051522,0,0,0,1,0,0,-0.7191382,0.02365793,0.03740112,0.3375353,-0.3487438,-0.3339933,-0.08803135,0,0,0,1,0,0,0.4327939,0.6590812,0.4425974,0.2376259,0.05060138,0.1868174,-0.03708649,0,0,0,1,0,0,0.4390391,-0.005361865,0.4476147,0.6639006,0.006873047,0.6737548,0.1307492,0,0,0,1,0,0,-0.6370856,0.6680202,0.009528165,-0.01396239,-0.06389918,-0.1019233,-0.1297941,0,0,0,1,0,0,-0.4325764,-0.008651801,-0.4421856,-0.8076715,0.06601361,-0.7615763,0.1166853,0,0,0,1,0,0,0.6429692,0.6700751,-0.01046244,-0.0523776,-0.1186282,0.1226697,-0.1014051,0,0,0,1,0,0,0.700238,0.01268293,-0.0323946,-0.3506304,-0.3013719,0.3197509,-0.08643502,0,0,0,1,0,0,-0.4397627,0.6633866,-0.4436817,-0.2491177,0.01383424,-0.1921804,-0.01507622,0,0,0,1,0,0,0.02225245,-0.002543732,-0.6815579,-0.433396,0.009371961,-0.5463245,-0.07346445,0,0,0,1,0,0,0.4742278,0.6857818,-0.4897998,-0.3205003,-0.2930017,0.4083113,-0.2368934,0,0,0,1,0,0,0.5461642,0.04813087,-0.5734135,-0.4334362,-0.3965463,0.4370214,-0.1543624,0,0,0,1,0,0,-0.002745469,0.6815956,-0.6765372,-0.03067603,-0.08769933,0.1103402,-0.175263,0,0,0,1,0,0,0.4244072,1.333089,0.4242833,0.01044423,-0.01699925,-0.01766682,0.01670337,0,0,0,1,0,0,0.006052574,1.341817,0.6147057,-0.07869027,-0.08282664,-0.1080573,-0.1057195,0,0,0,1,0,0,-0.4288243,1.338963,0.4343149,0.133586,-0.06909969,-0.1225085,-0.1035513,0,0,0,1,0,0,0.5929663,1.333823,0.0009403956,-0.01036227,-0.0275314,-0.005059578,0.04545957,0,0,0,1,0,0,-0.5984307,1.330859,-0.003397934,0.001952053,0.02091528,0.02095427,0.03260809,0,0,0,1,0,0,-0.4256666,1.334748,-0.4225137,-0.04265012,0.01618863,-0.06944391,0.02096331,0,0,0,1,0,0,-0.001200449,1.338726,-0.6138779,-0.005053655,-0.05186798,0.1389742,-0.1039349,0,0,0,1,0,0,0.4306002,1.336099,-0.4348619,-0.08088055,-0.02954007,0.1189724,-0.09172285,0,0,0,1,0,0,0.3889087,2,0.3889088,0,0,0,0.05000001,0,0,0,0,0,0,0.55,2,4.808253E-08,0,0,0,0.05000001,0,0,0,0,0,0,-6.558685E-09,2,0.55,0,0,0,0.05000001,0,0,0,0,0,0,0.3889087,2,-0.3889087,0,0,0,0.04999995,0,0,0,0,0,0,-0.3889089,2,0.3889086,0,0,0,0.05000001,0,0,0,0,0,0,2.404126E-08,2,-0.55,0,0,0,0.05000001,0,0,0,0,0,0,-0.3889087,2,-0.3889087,0,0,0,0.04999995,0,0,0,0,0,0,-0.55,2,0,0,0,0,0.05000001,0,0,0,0,0,0
178,-0.0007837169,0.6779923,0.6716163,0.04206195,-0.07325116,-0.1963616,-0.2021028,0,0,0,1,0,0,-0.4738177,0.6866809,0.4868927,0.3184752,-0.297773,-0.3617124,-0.2541819,0,0,0,1,0,0,-0.54515,0.04589641,0.5701602,0.4110368,-0.3849229,-0.5689415,-0.1597673,0,0,0,1,0,0,-0.0225723,-0.001953901,0.67502,0.4487554,0.05184933,0.7980826,-0.09703022,0,0,0,1,0,0,-0.7133545,0.01764022,0.03036396,0.289187,-0.3008859,-0.3518579,-0.07775998,0,0,0,1,0,0,0.4373483,0.6603774,0.446306,0.2277196,0.06481113,0.1854316,-0.0387671,0,0,0,1,0,0,0.4513138,-0.004663154,0.4603998,0.6137344,0.03493557,0.6392571,0.131534,0,0,0,1,0,0,-0.6395016,0.6679959,0.007832887,-0.1207978,-0.001218915,-0.08476394,-0.1178542,0,0,0,1,0,0,-0.4500449,-0.006752716,-0.4551978,-0.8734275,0.09495429,-0.6506088,0.134047,0,0,0,1,0,0,0.6412486,0.6679937,-0.008143616,-0.0860304,-0.1040698,0.115941,-0.09316778,0,0,0,1,0,0,0.6945962,0.007438413,-0.02499546,-0.282094,-0.2622259,0.3699575,-0.07596403,0,0,0,1,0,0,-0.444038,0.6645134,-0.4465428,-0.2137632,0.05633833,-0.1430542,-0.01717734,0,0,0,1,0,0,0.01514335,-0.002027913,-0.6881776,-0.355455,0.02579093,-0.3309877,-0.07286119,0,0,0,1,0,0,0.4683029,0.680939,-0.4817953,-0.2962427,-0.242144,0.4002245,-0.2396228,0,0,0,1,0,0,0.5371287,0.0394307,-0.5624999,-0.4517706,-0.4350085,0.5456778,-0.1564344,0,0,0,1,0,0,-0.003565424,0.6785414,-0.6712887,-0.04099775,-0.1527072,0.2624274,-0.1824356,0,0,0,1,0,0,0.4257572,1.333154,0.4244737,0.06749931,0.003254415,0.009518865,0.01460153,0,0,0,1,0,0,0.004939596,1.340317,0.6124331,-0.0556489,-0.07501844,-0.1136274,-0.1085907,0,0,0,1,0,0,-0.4282677,1.338113,0.4326384,0.0278324,-0.04248025,-0.08382502,-0.101154,0,0,0,1,0,0,0.5940838,1.333426,0.0009225953,0.05587342,-0.01989008,-0.0008900159,0.05025345,0,0,0,1,0,0,-0.5989515,1.331675,-0.002220323,-0.0260383,0.04078151,0.05888056,0.0373717,0,0,0,1,0,0,-0.4272935,1.335271,-0.4239348,-0.08134547,0.02617837,-0.07105324,0.01974583,0,0,0,1,0,0,-0.001100575,1.338007,-0.6116841,0.004993678,-0.03594758,0.1096905,-0.1060094,0,0,0,1,0,0,0.4288039,1.335067,-0.4323781,-0.08981381,-0.05159976,0.1241878,-0.09064424,0,0,0,1,0,0,0.3889087,2,0.3889088,0,0,0,0.05000001,0,0,0,0,0,0,0.55,2,4.808253E-08,0,0,0,0.05000001,0,0,0,0,0,0,-6.558685E-09,2,0.55,0,0,0,0.05000001,0,0,0,0,0,0,0.3889087,2,-0.3889087,0,0,0,0.04999995,0,0,0,0,0,0,-0.3889089,2,0.3889086,0,0,0,0.05000001,0,0,0,0,0,0,2.404126E-08,2,-0.55,0,0,0,0.05000001,0,0,0,0,0,0,-0.3889087,2,-0.3889087,0,0,0,0.04999995,0,0,0,0,0,0,-0.55,2,0,0,0,0,0.05000001,0,0,0,0,0,0
179,-0.0007479435,0.6761386,0.6667814,0.00178867,-0.09268228,-0.2417446,-0.2086531,0,0,0,1,0,0,-0.4665761,0.6799847,0.4774237,0.362082,-0.3348113,-0.4734533,-0.260628,0,0,0,1,0,0,-0.5334825,0.03442018,0.5531887,0.5833747,-0.5738117,-0.8485738,-0.1669825,0,0,0,1,0,0,-0.01519161,-0.00154323,0.6889941,0.3690343,0.0205336,0.6987038,-0.08892411,0,0,0,1,0,0,-0.7040648,0.009646922,0.02161475,0.4644813,-0.3996648,-0.4374609,-0.07066971,0,0,0,1,0,0,0.4426392,0.6622366,0.4499741,0.2645419,0.09296242,0.1834006,-0.03849202,0,0,0,1,0,0,0.4625135,-0.004022318,0.4748111,0.5599859,0.03204182,0.7205623,0.1348257,0,0,0,1,0,0,-0.6423762,0.6679929,0.006055128,-0.1437337,-0.0001460314,-0.08888797,-0.1073592,0,0,0,1,0,0,-0.4669985,-0.004859272,-0.4685167,-0.8476782,0.09467226,-0.665948,0.1511174,0,0,0,1,0,0,0.6398162,0.666308,-0.004883972,-0.07162097,-0.08428398,0.1629823,-0.08607233,0,0,0,1,0,0,0.6880692,0.001035689,-0.01540769,-0.3263475,-0.3201363,0.4793883,-0.06669331,0,0,0,1,0,0,-0.44804,0.6652841,-0.448752,-0.2000988,0.03853442,-0.1104594,-0.01828957,0,0,0,1,0,0,0.008630725,-0.001926943,-0.6924441,-0.3256316,0.005048527,-0.2133221,-0.07249832,0,0,0,1,0,0,0.4624873,0.6753682,-0.4719615,-0.2907799,-0.2785386,0.4916923,-0.2448652,0,0,0,1,0,0,0.5254202,0.02775987,-0.5460539,-0.5854281,-0.5835415,0.822303,-0.1633585,0,0,0,1,0,0,-0.003577042,0.6750594,-0.6649202,-0.000580901,-0.1740993,0.318423,-0.1903283,0,0,0,1,0,0,0.4269307,1.333551,0.4253845,0.05867483,0.01986028,0.04554244,0.01339054,0,0,0,1,0,0,0.003867477,1.338961,0.6097327,-0.05360597,-0.06776455,-0.1350225,-0.1116087,0,0,0,1,0,0,-0.4285763,1.3374,0.4312629,-0.01543165,-0.03567339,-0.06877634,-0.09882605,0,0,0,1,0,0,0.5964393,1.333635,0.0009634768,0.1177758,0.01045466,0.002044079,0.0554741,0,0,0,1,0,0,-0.6001352,1.33255,-0.001449727,-0.05918743,0.04373195,0.03852984,0.04191095,0,0,0,1,0,0,-0.4274001,1.335209,-0.4246407,-0.005331638,-0.003129245,-0.03529491,0.0174554,0,0,0,1,0,0,-0.001397763,1.337149,-0.6096096,-0.01485941,-0.04292132,0.103724,-0.1080331,0,0,0,1,0,0,0.4273544,1.334465,-0.4298462,-0.07247332,-0.03005863,0.1265943,-0.08984792,0,0,0,1,0,0,0.3889087,2,0.3889088,0,0,0,0.05000001,0,0,0,0,0,0,0.55,2,4.808253E-08,0,0,0,0.05000001,0,0,0,0,0,0,-6.558685E-09,2,0.55,0,0,0,0.05000001,0,0,0,0,0,0,0.3889087,2,-0.3889087,0,0,0,0.04999995,0,0,0,0,0,0,-0.3889089,2,0.3889086,0,0,0,0.05000001,0,0,0,0,0,0,2.404126E-08,2,-0.55,0,0,0,0.05000001,0,0,0,0,0,0,-0.3889087,2,-0.3889087,0,0,0,0.04999995,0,0,0,0,0,0,-0.55,2,0,0,0,0,0.05000001,0,0,0,0,0,0
180,-0.001446562,0.6735377,0.6624615,-0.03493093,-0.1300455,-0.2159984,-0.2147591,0,0,0,1,0,0,-0.4635568,0.674279,0.4687868,0.1509637,-0.2852829,-0.4318433,-0.2631666,0,0,0,1,0,0,-0.5220336,0.02270411,0.5352779,0.5724462,-0.5858039,-0.8955423,-0.17405,0,0,0,1,0,0,-0.009481641,0.0009756049,0.7016084,0.2854986,0.1259418,0.6307127,-0.08295363,0,0,0,1,0,0,-0.6977214,0.002255378,0.01400997,0.3171713,-0.3695774,-0.3802391,-0.06217325,0,0,0,1,0,0,0.4477781,0.6651641,0.4559992,0.2569483,0.1463742,0.3012569,-0.03747946,0,0,0,1,0,0,0.4759222,-0.0009977267,0.4898605,0.6704333,0.1512296,0.7524717,0.1402888,0,0,0,1,0,0,-0.6457668,0.6673274,0.003892421,-0.1695276,-0.03327729,-0.1081354,-0.0967412,0,0,0,1,0,0,-0.4829588,-0.001817922,-0.4824755,-0.7980171,0.1520676,-0.6979379,0.1584364,0,0,0,1,0,0,0.640497,0.6645653,-0.0008042507,0.03404321,-0.08713905,0.2039861,-0.07715631,0,0,0,1,0,0,0.6845329,-0.00291788,-0.004031259,-0.1768173,-0.1976785,0.568822,-0.05558914,0,0,0,1,0,0,-0.4536508,0.6655215,-0.4518135,-0.2805398,0.01187027,-0.1530737,-0.01726812,0,0,0,1,0,0,0.003200421,-0.0009705224,-0.6976905,-0.2715153,0.04782104,-0.2623201,-0.07176358,0,0,0,1,0,0,0.4588234,0.6696626,-0.4628531,-0.1831994,-0.2852799,0.4554184,-0.2480743,0,0,0,1,0,0,0.5112103,0.01527587,-0.5237458,-0.7104966,-0.6242006,1.115403,-0.1745397,0,0,0,1,0,0,-0.003107862,0.6714298,-0.6590118,0.02345901,-0.1814813,0.2954186,-0.1978169,0,0,0,1,0,0,0.425044,1.333743,0.425376,-0.09433333,0.009590391,-0.0004246833,0.009583116,0,0,0,1,0,0,0.001727583,1.336103,0.6055616,-0.1069947,-0.1429201,-0.2085567,-0.1168507,0,0,0,1,0,0,-0.4280741,1.336217,0.4291266,0.02510996,-0.05913975,-0.1068131,-0.09774095,0,0,0,1,0,0,0.5969808,1.333239,0.001451939,0.02707244,-0.01977087,0.02442309,0.05898505,0,0,0,1,0,0,-0.6006726,1.333005,-0.0007677942,-0.02686979,0.02278687,0.03409665,0.04558879,0,0,0,1,0,0,-0.4269987,1.334672,-0.4247836,0.02006889,-0.0268519,-0.00714809,0.01446414,0,0,0,1,0,0,-0.00127466,1.335558,-0.6050153,0.006155148,-0.07953051,0.2297164,-0.1123741,0,0,0,1,0,0,0.4253127,1.333879,-0.4264448,-0.1020864,-0.02930762,0.17007,-0.08986706,0,0,0,1,0,0,0.3889087,2,0.3889088,0,0,0,0.05000001,0,0,0,0,0,0,0.55,2,4.808253E-08,0,0,0,0.05000001,0,0,0,0,0,0,-6.558685E-09,2,0.55,0,0,0,0.05000001,0,0,0,0,0,0,0.3889087,2,-0.3889087,0,0,0,0.04999995,0,0,0,0,0,0,-0.3889089,2,0.3889086,0,0,0,0.05000001,0,0,0,0,0,0,2.404126E-08,2,-0.55,0,0,0,0.05000001,0,0,0,0,0,0,-0.3889087,2,-0.3889087,0,0,0,0.04999995,0,0,0,0,0,0,-0.55,2,0,0,0,0,0.05000001,0,0,0,0,0,0
181,-0.0001590476,0.6705415,0.6590496,0.06437574,-0.1498104,-0.1705945,-0.2193932,0,0,0,1,0,0,-0.4590101,0.669657,0.4618228,0.2273352,-0.2311022,-0.3482001,-0.2654801,0,0,0,1,0,0,-0.5091953,0.01181009,0.5177057,0.6419125,-0.5447012,-0.8786086,-0.181288,0,0,0,1,0,0,-0.004401515,0.002502954,0.7107995,0.2540064,0.07636749,0.459558,-0.07930958,0,0,0,1,0,0,-0.6932006,-0.001567578,0.005407358,0.2260388,-0.1911479,-0.4301307,-0.05314809,0,0,0,1,0,0,0.4533396,0.6673338,0.4632137,0.2780737,0.1084835,0.360726,-0.03553897,0,0,0,1,0,0,0.490316,0.0009247799,0.5005349,0.7196921,0.09612537,0.5337196,0.1457173,0,0,0,1,0,0,-0.6479727,0.6665438,0.002215154,-0.1102955,-0.03918113,-0.08386339,-0.08727247,0,0,0,1,0,0,-0.4964535,0.0001237008,-0.4932413,-0.6747338,0.09708116,-0.5382883,0.1629474,0,0,0,1,0,0,0.6425962,0.6638874,0.003415485,0.1049608,-0.0338942,0.2109869,-0.06662482,0,0,0,1,0,0,0.6878348,-0.002616085,0.005235109,0.165096,0.01508976,0.4633186,-0.04144019,0,0,0,1,0,0,-0.4601291,0.6667698,-0.4574953,-0.3239156,0.06241503,-0.2840922,-0.01486593,0,0,0,1,0,0,-0.002763308,9.658068E-05,-0.7020547,-0.2981866,0.05335518,-0.2182127,-0.07153034,0,0,0,1,0,0,0.4557519,0.6648882,-0.4562525,-0.1535714,-0.2387197,0.330031,-0.2489038,0,0,0,1,0,0,0.4961976,0.003058205,-0.4990969,-0.7506359,-0.6108834,1.232446,-0.1864106,0,0,0,1,0,0,-0.002695618,0.6677204,-0.6520325,0.02061219,-0.1854689,0.3489675,-0.2063321,0,0,0,1,0,0,0.4240956,1.334365,0.4260244,-0.04742147,0.0311196,0.03241749,0.006875634,0,0,0,1,0,0,-8.755787E-05,1.334446,0.6030632,-0.09075709,-0.08282664,-0.1249165,-0.1200231,0,0,0,1,0,0,-0.4250495,1.334205,0.426074,0.1512305,-0.1005888,-0.1526297,-0.09907651,0,0,0,1,0,0,0.5963326,1.332281,0.002060094,-0.03240706,-0.04794003,0.03040777,0.06138349,0,0,0,1,0,0,-0.6011543,1.333739,-0.0001490712,-0.02408327,0.03668071,0.03093616,0.04945797,0,0,0,1,0,0,-0.4260301,1.334385,-0.424952,0.04843326,-0.0143528,-0.00841767,0.01112574,0,0,0,1,0,0,-0.000814468,1.33383,-0.6001993,0.02300963,-0.08640889,0.2407999,-0.1170034,0,0,0,1,0,0,0.4228366,1.332666,-0.4220743,-0.1238034,-0.06064179,0.2185241,-0.09084892,0,0,0,1,0,0,0.3889087,2,0.3889088,0,0,0,0.05000001,0,0,0,0,0,0,0.55,2,4.808253E-08,0,0,0,0.05000001,0,0,0,0,0,0,-6.558685E-09,2,0.55,0,0,0,0.05000001,0,0,0,0,0,0,0.3889087,2,-0.3889087,0,0,0,0.04999995,0,0,0,0,0,0,-0.3889089,2,0.3889086,0,0,0,0.05000001,0,0,0,0,0,0,2.404126E-08,2,-0.55,0,0,0,0.05000001,0,0,0,0,0,0,-0.3889087,2,-0.3889087,0,0,0,0.04999995,0,0,0,0,0,0,-0.55,2,0,0,0,0,0.05000001,0,0,0,0,0,0
182,0.001096959,0.6703311,0.6604843,0.06280036,-0.0105232,0.07173422,-0.2201002,0,0,0,1,0,0,-0.4562552,0.6674715,0.4620984,0.1377434,-0.1092762,0.01377911,-0.2600369,0,0,0,1,0,0,-0.49631,0.006200446,0.5074207,0.6442668,-0.2804824,-0.5142512,-0.1850272,0,0,0,1,0,0,0.003737036,0.004180926,0.715281,0.4069277,0.08389863,0.2240748,-0.07962513,0,0,0,1,0,0,-0.6876704,-0.0005462755,-0.001312283,0.276515,0.05106515,-0.3359822,-0.04547089,0,0,0,1,0,0,0.4613646,0.6694946,0.4673649,0.4012512,0.1080394,0.2075613,-0.03387791,0,0,0,1,0,0,0.5001551,0.006125964,0.5043245,0.4919546,0.2600593,0.1894803,0.1410263,0,0,0,1,0,0,-0.6504815,0.6659961,0.002607936,-0.125438,-0.02738238,0.01963911,-0.07636917,0,0,0,1,0,0,-0.5046664,0.004660212,-0.4991306,-0.4106493,0.2268256,-0.2944679,0.1575315,0,0,0,1,0,0,0.645317,0.6653255,0.003782763,0.1360387,0.07190409,0.01836389,-0.05490398,0,0,0,1,0,0,0.6918249,0.0004024919,0.005839753,0.1995058,0.1509289,0.03023221,-0.02903914,0,0,0,1,0,0,-0.4666393,0.6707669,-0.4650117,-0.3255085,0.1998574,-0.3758208,-0.01379019,0,0,0,1,0,0,-0.007655705,0.003057412,-0.7040014,-0.2446199,0.1480416,-0.09733442,-0.07582641,0,0,0,1,0,0,0.4564714,0.6639752,-0.4567053,0.03597291,-0.04564824,-0.02263785,-0.2401975,0,0,0,1,0,0,0.4851645,-0.001803586,-0.4875551,-0.5516517,-0.2430897,0.5770939,-0.1897737,0,0,0,1,0,0,-0.001978186,0.6678845,-0.6539382,0.03587161,0.008201602,-0.095287,-0.207202,0,0,0,1,0,0,0.4251965,1.334738,0.4268033,0.0550464,0.01861454,0.03894569,0.004863977,0,0,0,1,0,0,0.0003678205,1.334224,0.6019707,0.02276893,-0.01112223,-0.0546247,-0.1208803,0,0,0,1,0,0,-0.4224223,1.333515,0.4239624,0.1313612,-0.03452899,-0.1055807,-0.0980671,0,0,0,1,0,0,0.5966484,1.332284,0.0011628,0.01578928,0.0001907349,-0.0448647,0.06540567,0,0,0,1,0,0,-0.5994396,1.333218,0.0004674581,0.08573536,-0.02606512,0.03082648,0.05194539,0,0,0,1,0,0,-0.4255381,1.33413,-0.4245484,0.02460034,-0.01274348,0.02017916,0.007274806,0,0,0,1,0,0,0.0005137469,1.333181,-0.6001507,0.06641077,-0.0324607,0.00242889,-0.1177004,0,0,0,1,0,0,0.4223623,1.332594,-0.4211485,-0.02371521,-0.003635885,0.04629346,-0.08778346,0,0,0,1,0,0,0.3889087,2,0.3889088,0,0,0,0.05000001,0,0,0,0,0,0,0.55,2,4.808253E-08,0,0,0,0.05000001,0,0,0,0,0,0,-6.558685E-09,2,0.55,0,0,0,0.05000001,0,0,0,0,0,0,0.3889087,2,-0.3889087,0,0,0,0.04999995,0,0,0,0,0,0,-0.3889089,2,0.3889086,0,0,0,0.05000001,0,0,0,0,0,0,2.404126E-08,2,-0.55,0,0,0,0.05000001,0,0,0,0,0,0,-0.3889087,2,-0.3889087,0,0,0,0.04999995,0,0,0,0,0,0,-0.55,2,0,0,0,0,0.05000001,0,0,0,0,0,0
183,0.004569202,0.6716956,0.6599188,0.1736122,0.06822947,-0.02827049,-0.2216149,0,0,0,1,0,0,-0.4541054,0.6664354,0.4614982,0.1074926,-0.0518054,-0.03001095,-0.2560242,0,0,0,1,0,0,-0.4844614,0.003695184,0.4993633,0.5924317,-0.1252632,-0.4028724,-0.1898152,0,0,0,1,0,0,0.0107737,0.006440045,0.7149346,0.3518332,0.112956,-0.01731814,-0.08314699,0,0,0,1,0,0,-0.677619,-0.002293965,-0.004045631,0.5025657,-0.08738453,-0.1366674,-0.04381031,0,0,0,1,0,0,0.469235,0.6699558,0.4657121,0.393519,0.02306403,-0.08264336,-0.03268993,0,0,0,1,0,0,0.5035941,0.007350005,0.504536,0.1719505,0.06120207,0.01057685,0.133513,0,0,0,1,0,0,-0.6542553,0.6663737,0.004111431,-0.1886935,0.0188768,0.07517477,-0.06651169,0,0,0,1,0,0,-0.5070412,0.007426956,-0.499941,-0.1187355,0.1383373,-0.04052074,0.1486189,0,0,0,1,0,0,0.6509635,0.6674691,0.001196238,0.2823265,0.1071841,-0.1293263,-0.04363656,0,0,0,1,0,0,0.691856,-0.001410922,0.003929822,0.001552702,-0.09067072,-0.09549657,-0.02087855,0,0,0,1,0,0,-0.4712679,0.6737177,-0.467586,-0.2314315,0.1475394,-0.1287148,-0.01449817,0,0,0,1,0,0,-0.009920944,0.006869003,-0.7043799,-0.113262,0.1905796,-0.0189215,-0.08123332,0,0,0,1,0,0,0.4561309,0.6653945,-0.4554371,-0.01702458,0.07096234,0.06340744,-0.234558,0,0,0,1,0,0,0.4780069,-0.003899617,-0.4814103,-0.3578828,-0.1048016,0.3072382,-0.1904973,0,0,0,1,0,0,-0.002472846,0.6685612,-0.6531866,-0.02473301,0.03383757,0.03758074,-0.2096704,0,0,0,1,0,0,0.4274977,1.33414,0.4264541,0.1150564,-0.02987982,-0.01746119,0.003542364,0,0,0,1,0,0,0.001730291,1.33454,0.6007428,0.06812356,0.01579524,-0.06139579,-0.1213144,0,0,0,1,0,0,-0.4219435,1.333302,0.4237104,0.02394171,-0.01063943,-0.01259894,-0.09557551,0,0,0,1,0,0,0.5995645,1.33438,-5.879343E-05,0.1458049,0.1047612,-0.0610797,0.07155895,0,0,0,1,0,0,-0.5996099,1.33352,0.0008961459,-0.008514527,0.01509786,0.0214344,0.05547172,0,0,0,1,0,0,-0.426656,1.334934,-0.4240341,-0.05589875,0.04019143,0.02571643,0.005896449,0,0,0,1,0,0,0.0003340627,1.332968,-0.599591,-0.008984214,-0.01066328,0.02798737,-0.1182327,0,0,0,1,0,0,0.4232663,1.333138,-0.4227477,0.04519971,0.02720357,-0.07996115,-0.08337134,0,0,0,1,0,0,0.3889087,2,0.3889088,0,0,0,0.05000001,0,0,0,0,0,0,0.55,2,4.808253E-08,0,0,0,0.05000001,0,0,0,0,0,0,-6.558685E-09,2,0.55,0,0,0,0.05000001,0,0,0,0,0,0,0.3889087,2,-0.3889087,0,0,0,0.04999995,0,0,0,0,0,0,-0.3889089,2,0.3889086,0,0,0,0.05000001,0,0,0,0,0,0,2.404126E-08,2,-0.55,0,0,0,0.05000001,0,0,0,0,0,0,-0.3889087,2,-0.3889087,0,0,0,0.04999995,0,0,0,0,0,0,-0.55,2,0,0,0,0,0.05000001,0,0,0,0,0,0
184,0.006805252,0.6721078,0.6592761,0.1118025,0.02060831,-0.03213884,-0.2235231,0,0,0,1,0,0,-0.4551287,0.666402,0.4602377,-0.05116465,-0.001668931,-0.06302299,-0.2493308,0,0,0,1,0,0,-0.4778872,0.001722282,0.4914488,0.3287093,-0.09864514,-0.3957243,-0.1910532,0,0,0,1,0,0,0.01250115,0.008300943,0.7122713,0.08637247,0.09304494,-0.1331688,-0.09036708,0,0,0,1,0,0,-0.6699331,-0.004712837,-0.005341631,0.3842951,-0.1209436,-0.06480005,-0.04022855,0,0,0,1,0,0,0.4733255,0.6719396,0.4661959,0.2045245,0.09918813,0.02419353,-0.03468943,0,0,0,1,0,0,0.504487,0.006949896,0.5026293,0.0446439,-0.02000542,-0.09533767,0.1232259,0,0,0,1,0,0,-0.655946,0.6669888,0.002605466,-0.08453432,0.03075601,-0.07529827,-0.05696034,0,0,0,1,0,0,-0.5056224,0.006807953,-0.5001721,0.0709385,-0.03095019,-0.01155586,0.1367734,0,0,0,1,0,0,0.6557966,0.6697729,0.001140246,0.2416522,0.115186,-0.002799603,-0.03171605,0,0,0,1,0,0,0.6918114,-0.0007738024,0.00474892,-0.002229215,0.03185598,0.04095488,-0.0121451,0,0,0,1,0,0,-0.4714574,0.6744425,-0.4679324,-0.009477142,0.03623666,-0.01732112,-0.01989341,0,0,0,1,0,0,-0.01034932,0.007635165,-0.7052101,-0.02141889,0.03830815,-0.04151465,-0.08563286,0,0,0,1,0,0,0.4562077,0.6663162,-0.4566487,0.003840031,0.04608633,-0.0605792,-0.2271335,0,0,0,1,0,0,0.477191,-0.003161308,-0.4777459,-0.04079343,0.03691545,0.1832188,-0.1868465,0,0,0,1,0,0,-0.002974843,0.6686778,-0.6509478,-0.02509984,0.005829337,0.1119405,-0.2135274,0,0,0,1,0,0,0.4281814,1.334446,0.4266697,0.03418775,0.01527072,0.01078398,0.00157094,0,0,0,1,0,0,0.00146422,1.333904,0.5991679,-0.01330356,-0.03179313,-0.07874671,-0.1228953,0,0,0,1,0,0,-0.4221746,1.332516,0.4236914,-0.01155586,-0.03929736,-0.0009506944,-0.09285724,0,0,0,1,0,0,0.6029196,1.334981,-0.001542586,0.1677573,0.03008248,-0.07418964,0.07729715,0,0,0,1,0,0,-0.6015383,1.334214,0.0008247025,-0.09642247,0.03473164,-0.003572171,0.06083387,0,0,0,1,0,0,-0.427269,1.335264,-0.4243171,-0.03064872,0.01651645,-0.01415164,0.003969908,0,0,0,1,0,0,0.001093294,1.332358,-0.598667,0.03796159,-0.03047587,0.04619958,-0.1194029,0,0,0,1,0,0,0.4239272,1.333302,-0.4231923,0.03304632,0.008201602,-0.02223105,-0.07964951,0,0,0,1,0,0,0.3889087,2,0.3889088,0,0,0,0.05000001,0,0,0,0,0,0,0.55,2,4.808253E-08,0,0,0,0.05000001,0,0,0,0,0,0,-6.558685E-09,2,0.55,0,0,0,0.05000001,0,0,0,0,0,0,0.3889087,2,-0.3889087,0,0,0,0.04999995,0,0,0,0,0,0,-0.3889089,2,0.3889086,0,0,0,0.05000001,0,0,0,0,0,0,2.404126E-08,2,-0.55,0,0,0,0.05000001,0,0,0,0,0,0,-0.3889087,2,-0.3889087,0,0,0,0.04999995,0,0,0,0,0,0,-0.55,2,0,0,0,0,0.05000001,0,0,0,0,0,0
185,0.005891756,0.6708719,0.6576135,-0.04567482,-0.06179812,-0.08313063,-0.2270021,0,0,0,1,0,0,-0.455843,0.6662813,0.4575475,-0.03571661,-0.006031992,-0.1345099,-0.2439743,0,0,0,1,0,0,-0.4748447,-0.001149519,0.4830492,0.152126,-0.1435901,-0.4199775,-0.1898303,0,0,0,1,0,0,0.01056675,0.008078751,0.7090328,-0.09672003,-0.01110961,-0.161922,-0.09795368,0,0,0,1,0,0,-0.6716488,-0.004444585,-0.008280973,-0.08578304,0.01341261,-0.1469671,-0.02992505,0,0,0,1,0,0,0.4744354,0.6721942,0.468347,0.05549344,0.01273156,0.1075551,-0.03825992,0,0,0,1,0,0,0.5039276,0.006019036,0.5013292,-0.02796949,-0.04654305,-0.06500485,0.112664,0,0,0,1,0,0,-0.6549789,0.6670607,-0.0004997858,0.04835727,0.003594161,-0.1552627,-0.04967421,0,0,0,1,0,0,-0.5031818,0.003617125,-0.4999866,0.1220286,-0.1595415,0.009275977,0.1253288,0,0,0,1,0,0,0.6564899,0.6698952,0.001500273,0.03466608,0.006118419,0.01800136,-0.02410644,0,0,0,1,0,0,0.6922906,-0.0004216039,0.006269645,0.02396108,0.01760993,0.0760363,-0.002945364,0,0,0,1,0,0,-0.4680789,0.6735979,-0.4685125,0.1689286,-0.04222693,-0.02900512,-0.02795571,0,0,0,1,0,0,-0.008530964,0.006145256,-0.7066579,0.09091794,-0.07449549,-0.07238689,-0.08881211,0,0,0,1,0,0,0.4573813,0.6656938,-0.4573873,0.05868229,-0.0311196,-0.03692956,-0.2196362,0,0,0,1,0,0,0.4802511,-0.003219642,-0.4771096,0.1530037,-0.002916694,0.03181697,-0.178652,0,0,0,1,0,0,-0.00228024,0.6672055,-0.649677,0.03473017,-0.07361773,0.06354155,-0.216502,0,0,0,1,0,0,0.4272173,1.334377,0.4264553,-0.04820677,-0.003409387,-0.01072288,-0.001836598,0,0,0,1,0,0,0.0009628108,1.333362,0.5981861,-0.02507046,-0.02711416,-0.04908742,-0.1240336,0,0,0,1,0,0,-0.4220464,1.33187,0.4225523,0.006407502,-0.03227593,-0.05695375,-0.09080869,0,0,0,1,0,0,0.6014951,1.334188,-0.001415645,-0.0712246,-0.03964306,0.006347018,0.07897192,0,0,0,1,0,0,-0.6016682,1.333913,0.0003849596,-0.006496909,-0.01506806,-0.02198716,0.06420398,0,0,0,1,0,0,-0.4258005,1.334409,-0.4243416,0.0734255,-0.04274847,-0.001221896,-0.0001652837,0,0,0,1,0,0,0.001745866,1.332138,-0.5990289,0.03262858,-0.01100898,-0.01809896,-0.119388,0,0,0,1,0,0,0.4231902,1.33303,-0.4219759,-0.03685357,-0.01359583,0.0608206,-0.07786673,0,0,0,1,0,0,0.3889087,2,0.3889088,0,0,0,0.05000001,0,0,0,0,0,0,0.55,2,4.808253E-08,0,0,0,0.05000001,0,0,0,0,0,0,-6.558685E-09,2,0.55,0,0,0,0.05000001,0,0,0,0,0,0,0.3889087,2,-0.3889087,0,0,0,0.04999995,0,0,0,0,0,0,-0.3889089,2,0.3889086,0,0,0,0.05000001,0,0,0,0,0,0,2.404126E-08,2,-0.55,0,0,0,0.05000001,0,0,0,0,0,0,-0.3889087,2,-0.3889087,0,0,0,0.04999995,0,0,0,0,0,0,-0.55,2,0,0,0,0,0.05000001,0,0,0,0,0,0
186,0.003232185,0.6686209,0.654135,-0.1329786,-0.1125455,-0.1739205,-0.232523,0,0,0,1,0,0,-0.4570447,0.6654651,0.4563602,-0.06008597,-0.04081132,-0.05936774,-0.2374899,0,0,0,1,0,0,-0.4770179,-0.003724675,0.4771098,-0.1086638,-0.1287579,-0.2969743,-0.1837171,0,0,0,1,0,0,0.007135989,0.005592695,0.7065566,-0.1715379,-0.1243029,-0.1238108,-0.1040877,0,0,0,1,0,0,-0.6805958,-0.003067377,-0.009041573,-0.4473509,0.06886043,-0.03803001,-0.01494253,0,0,0,1,0,0,0.4716226,0.6715275,0.4688994,-0.1406372,-0.03333689,0.02761931,-0.04589087,0,0,0,1,0,0,0.5020227,0.004177879,0.5012367,-0.0952423,-0.09205788,-0.004625322,0.1016962,0,0,0,1,0,0,-0.653379,0.6677427,-0.004043851,0.07999542,0.03410281,-0.1772033,-0.04276776,0,0,0,1,0,0,-0.4990733,0.001178028,-0.499855,0.2054275,-0.1219549,0.006583336,0.1123106,0,0,0,1,0,0,0.6555157,0.6686958,0.001914489,-0.04870893,-0.05997124,0.0207108,-0.01821828,0,0,0,1,0,0,0.6931165,-1.998935E-05,0.006898993,0.04129709,0.02008074,0.03146742,0.006255984,0,0,0,1,0,0,-0.4651774,0.6714723,-0.4680282,0.1450748,-0.1062811,0.02421589,-0.03581887,0,0,0,1,0,0,-0.004094613,0.005525046,-0.7071783,0.2218177,-0.03101049,-0.02602042,-0.09361893,0,0,0,1,0,0,0.4584033,0.6656282,-0.4564433,0.0510961,-0.003281237,0.04719796,-0.2130449,0,0,0,1,0,0,0.4850895,-0.002323862,-0.4816058,0.2419204,0.04478903,-0.2248094,-0.1668218,0,0,0,1,0,0,-0.001080213,0.666468,-0.6499779,0.06000138,-0.03687443,-0.0150472,-0.2179891,0,0,0,1,0,0,0.4255732,1.334072,0.4254163,-0.08220527,-0.01526476,-0.05194994,-0.006117761,0,0,0,1,0,0,-0.0003103765,1.332594,0.5972067,-0.06365939,-0.03836752,-0.04897418,-0.1254101,0,0,0,1,0,0,-0.4228683,1.331958,0.4216006,-0.04109295,0.004404785,-0.04758837,-0.08758867,0,0,0,1,0,0,0.6004508,1.334224,-5.380007E-05,-0.05221667,0.001794101,0.06809229,0.08178252,0,0,0,1,0,0,-0.6006392,1.333546,-7.722431E-05,0.05145075,-0.01832844,-0.0231092,0.06663793,0,0,0,1,0,0,-0.4249725,1.333719,-0.424725,0.04139991,-0.03449918,-0.01917035,-0.003616095,0,0,0,1,0,0,0.001899282,1.331885,-0.5985845,0.00767083,-0.01264811,0.0222236,-0.1198933,0,0,0,1,0,0,0.4226321,1.332695,-0.4210072,-0.02790244,-0.01676083,0.04843773,-0.0759483,0,0,0,1,0,0,0.3889087,2,0.3889088,0,0,0,0.05000001,0,0,0,0,0,0,0.55,2,4.808253E-08,0,0,0,0.05000001,0,0,0,0,0,0,-6.558685E-09,2,0.55,0,0,0,0.05000001,0,0,0,0,0,0,0.3889087,2,-0.3889087,0,0,0,0.04999995,0,0,0,0,0,0,-0.3889089,2,0.3889086,0,0,0,0.05000001,0,0,0,0,0,0,2.404126E-08,2,-0.55,0,0,0,0.05000001,0,0,0,0,0,0,-0.3889087,2,-0.3889087,0,0,0,0.04999995,0,0,0,0,0,0,-0.55,2,0,0,0,0,0.05000001,0,0,0,0,0,0
187,0.0012867,0.6666084,0.6496165,-0.09727428,-0.1006276,-0.2259285,-0.2392447,0,0,0,1,0,0,-0.4590088,0.665375,0.4571287,-0.09820465,-0.004506113,0.03842862,-0.2272326,0,0,0,1,0,0,-0.4838898,-0.003628721,0.4774688,-0.3435941,0.004797687,0.01795293,-0.1701957,0,0,0,1,0,0,0.00325029,0.003658994,0.70415,-0.194285,-0.0966851,-0.1203299,-0.1113749,0,0,0,1,0,0,-0.6926631,-0.001067201,-0.00646463,-0.6033632,0.1000089,0.1288472,0.004065037,0,0,0,1,0,0,0.4668688,0.6699798,0.4660359,-0.23769,-0.07738772,-0.1431779,-0.05825537,0,0,0,1,0,0,0.5000617,0.001669696,0.4999367,-0.09805266,-0.1254092,-0.06500038,0.0873906,0,0,0,1,0,0,-0.6524945,0.6684787,-0.005539223,0.0442207,0.03679694,-0.07476861,-0.03396183,0,0,0,1,0,0,-0.4946086,0.000587953,-0.4984649,0.2232359,-0.02950375,0.06950352,0.09481913,0,0,0,1,0,0,0.6533314,0.6672881,0.001628246,-0.1092166,-0.07038417,-0.01431218,-0.011576,0,0,0,1,0,0,0.6935832,-0.000916135,0.005643106,0.02333225,-0.0448073,-0.06279438,0.01778787,0,0,0,1,0,0,-0.4620976,0.6690572,-0.4647504,0.1539872,-0.1207561,0.163889,-0.0466873,0,0,0,1,0,0,-0.001029075,0.003861035,-0.706675,0.153277,-0.08320058,0.02516509,-0.09922099,0,0,0,1,0,0,0.4587354,0.6660346,-0.4564846,0.01660884,0.02032221,-0.002065302,-0.2044633,0,0,0,1,0,0,0.4909346,-0.001086804,-0.489124,0.2922566,0.06185291,-0.3759132,-0.1502971,0,0,0,1,0,0,9.493955E-05,0.6674513,-0.6514152,0.05875763,0.04916491,-0.07186535,-0.2187159,0,0,0,1,0,0,0.4245968,1.333512,0.4245439,-0.04881622,-0.02800227,-0.04362019,-0.01086134,0,0,0,1,0,0,-0.0007915664,1.332166,0.5973899,-0.02405951,-0.02140404,0.009161238,-0.1256701,0,0,0,1,0,0,-0.4237531,1.332137,0.4222071,-0.04424008,0.008922819,0.03032536,-0.0828495,0,0,0,1,0,0,0.6010666,1.334053,0.0004627371,0.03079177,-0.008565191,0.02582687,0.08647716,0,0,0,1,0,0,-0.5997588,1.333247,-0.0005374189,0.04402103,-0.01498461,-0.02300974,0.07025844,0,0,0,1,0,0,-0.4244031,1.33325,-0.4257748,0.02847017,-0.0234604,-0.05249234,-0.007387996,0,0,0,1,0,0,0.001467391,1.331988,-0.5985945,-0.02159456,0.005173685,-0.0005006792,-0.1197788,0,0,0,1,0,0,0.4231188,1.333013,-0.4218537,0.02433212,0.01593829,-0.04232825,-0.07142323,0,0,0,1,0,0,0.3889087,2,0.3889088,0,0,0,0.05000001,0,0,0,0,0,0,0.55,2,4.808253E-08,0,0,0,0.05000001,0,0,0,0,0,0,-6.558685E-09,2,0.55,0,0,0,0.05000001,0,0,0,0,0,0,0.3889087,2,-0.3889087,0,0,0,0.04999995,0,0,0,0,0,0,-0.3889089,2,0.3889086,0,0,0,0.05000001,0,0,0,0,0,0,2.404126E-08,2,-0.55,0,0,0,0.05000001,0,0,0,0,0,0,-0.3889087,2,-0.3889087,0,0,0,0.04999995,0,0,0,0,0,0,-0.55,2,0,0,0,0,0.05000001,0,0,0,0,0,0
188,-0.0009612432,0.6652244,0.6459491,-0.1123972,-0.06920102,-0.1833678,-0.2445998,0,0,0,1,0,0,-0.4610623,0.6660752,0.4585751,-0.102672,0.03501178,0.07231984,-0.2185125,0,0,0,1,0,0,-0.4918282,-0.00210994,0.4850574,-0.3969209,0.0759391,0.3794284,-0.154914,0,0,0,1,0,0,-0.0001885226,0.001445226,0.7014653,-0.1719407,-0.1106885,-0.1342357,-0.1169879,0,0,0,1,0,0,-0.7042041,0.001020396,-0.001737209,-0.5770507,0.1043799,0.2363712,0.01955652,0,0,0,1,0,0,0.4609898,0.6681223,0.4612544,-0.2939523,-0.09287301,-0.2390743,-0.07063603,0,0,0,1,0,0,0.4974132,0.0007655605,0.4971172,-0.1324252,-0.04520678,-0.1409725,0.07473004,0,0,0,1,0,0,-0.6500099,0.6681132,-0.004198009,0.124231,-0.01827479,0.0670607,-0.0301798,0,0,0,1,0,0,-0.4921018,-0.0008811461,-0.4957289,0.1253352,-0.07345499,0.1367972,0.08224297,0,0,0,1,0,0,0.6498479,0.6663396,2.44523E-05,-0.1741738,-0.04742445,-0.0801897,-0.008835912,0,0,0,1,0,0,0.6947287,-0.001198268,0.002122257,0.05727413,-0.01410664,-0.1760425,0.02613127,0,0,0,1,0,0,-0.4589296,0.6663158,-0.4603048,0.1584024,-0.1370699,0.2222837,-0.05635339,0,0,0,1,0,0,0.0003404638,0.0005806324,-0.7038845,0.06847697,-0.1640202,0.1395226,-0.1040255,0,0,0,1,0,0,0.458259,0.666342,-0.4581753,-0.02382101,0.01536906,-0.08453283,-0.1978567,0,0,0,1,0,0,0.4958989,0.0007589351,-0.4963155,0.2482162,0.09228701,-0.3595741,-0.1367886,0,0,0,1,0,0,0.0002261088,0.6676152,-0.6521391,0.006558464,0.008198622,-0.03619494,-0.2192974,0,0,0,1,0,0,0.4236746,1.333369,0.423941,-0.04611017,-0.0071466,-0.03014208,-0.01439154,0,0,0,1,0,0,-0.0009779679,1.332359,0.5985426,-0.009320077,0.009614233,0.05763473,-0.1247866,0,0,0,1,0,0,-0.4245701,1.333213,0.4233155,-0.04085006,0.05382302,0.05542191,-0.07835728,0,0,0,1,0,0,0.6015864,1.333396,-0.0001533831,0.02598764,-0.03285409,-0.03080602,0.08941442,0,0,0,1,0,0,-0.5991219,1.332922,-0.0004704723,0.03184677,-0.01626015,0.00334733,0.07278323,0,0,0,1,0,0,-0.4240932,1.33309,-0.4260037,0.01549572,-0.008004907,-0.01144261,-0.01018578,0,0,0,1,0,0,0.0002795816,1.333255,-0.600085,-0.0593905,0.06331804,-0.0745267,-0.1177539,0,0,0,1,0,0,0.424107,1.333357,-0.4237916,0.04941227,0.01718999,-0.09689633,-0.06714064,0,0,0,1,0,0,0.3889087,2,0.3889088,0,0,0,0.05000001,0,0,0,0,0,0,0.55,2,4.808253E-08,0,0,0,0.05000001,0,0,0,0,0,0,-6.558685E-09,2,0.55,0,0,0,0.05000001,0,0,0,0,0,0,0.3889087,2,-0.3889087,0,0,0,0.04999995,0,0,0,0,0,0,-0.3889089,2,0.3889086,0,0,0,0.05000001,0,0,0,0,0,0,2.404126E-08,2,-0.55,0,0,0,0.05000001,0,0,0,0,0,0,-0.3889087,2,-0.3889087,0,0,0,0.04999995,0,0,0,0,0,0,-0.55,2,0,0,0,0,0.05000001,0,0,0,0,0,0
189,-0.002390191,0.6655477,0.6457304,-0.0714474,0.01616777,-0.01093448,-0.2463295,0,0,0,1,0,0,-0.4614504,0.6677145,0.4604765,-0.01940579,0.08196536,0.09507094,-0.2108721,0,0,0,1,0,0,-0.4998969,0.0001575602,0.4960936,-0.4034312,0.1133751,0.5518096,-0.1377707,0,0,0,1,0,0,-0.002957118,-0.0005481633,0.698341,-0.1384298,-0.09966949,-0.1562179,-0.1225867,0,0,0,1,0,0,-0.7123431,0.004363712,0.001911118,-0.4069509,0.1671659,0.1824165,0.03261369,0,0,0,1,0,0,0.4556879,0.6658081,0.4569733,-0.2650918,-0.1157076,-0.2140568,-0.08240283,0,0,0,1,0,0,0.4940627,-1.55797E-05,0.4940954,-0.1675234,-0.03905703,-0.1510889,0.06129259,0,0,0,1,0,0,-0.6486039,0.6671926,-0.0002558831,0.07030371,-0.04602673,0.1971064,-0.02648741,0,0,0,1,0,0,-0.4916208,-0.0009974067,-0.4930615,0.02405048,-0.00581303,0.1333729,0.0709815,0,0,0,1,0,0,0.6472161,0.6659859,-0.00126764,-0.1315892,-0.01768769,-0.06460465,-0.005081892,0,0,0,1,0,0,0.6980346,-0.0006891851,-0.001909667,0.1652957,0.02545414,-0.2015963,0.03614664,0,0,0,1,0,0,-0.4574893,0.665784,-0.4571253,0.07201287,-0.02658964,0.1589746,-0.06436563,0,0,0,1,0,0,0.001048261,-0.0004225482,-0.7006212,0.03538985,-0.05015905,0.1631648,-0.1098124,0,0,0,1,0,0,0.4593406,0.6671562,-0.4601842,0.05407783,0.04070999,-0.1004443,-0.1896479,0,0,0,1,0,0,0.4992272,0.002661161,-0.5026761,0.1664118,0.09511135,-0.3180282,-0.1245561,0,0,0,1,0,0,-0.0001720806,0.6675532,-0.6516114,-0.01990947,-0.003099443,0.02638699,-0.2209224,0,0,0,1,0,0,0.423426,1.333139,0.423812,-0.01243055,-0.01150966,-0.006450715,-0.01738626,0,0,0,1,0,0,-0.0002799038,1.333487,0.6007711,0.03490322,0.0564337,0.111425,-0.1224173,0,0,0,1,0,0,-0.4257921,1.334308,0.4252664,-0.06109925,0.05475285,0.09754304,-0.07330751,0,0,0,1,0,0,0.6007476,1.33331,-0.000162413,-0.04193784,-0.004303457,-0.0004514981,0.09182036,0,0,0,1,0,0,-0.6000175,1.333286,-0.000458181,-0.04478397,0.01822115,0.0006145625,0.0769006,0,0,0,1,0,0,-0.4245342,1.333479,-0.4248257,-0.02205075,0.01946092,0.05889686,-0.01253217,0,0,0,1,0,0,-0.000604827,1.33433,-0.6016741,-0.04422045,0.05377533,-0.079456,-0.1158333,0,0,0,1,0,0,0.424861,1.333552,-0.4256132,0.03769846,0.009727482,-0.09107593,-0.06312972,0,0,0,1,0,0,0.3889087,2,0.3889088,0,0,0,0.05000001,0,0,0,0,0,0,0.55,2,4.808253E-08,0,0,0,0.05000001,0,0,0,0,0,0,-6.558685E-09,2,0.55,0,0,0,0.05000001,0,0,0,0,0,0,0.3889087,2,-0.3889087,0,0,0,0.04999995,0,0,0,0,0,0,-0.3889089,2,0.3889086,0,0,0,0.05000001,0,0,0,0,0,0,2.404126E-08,2,-0.55,0,0,0,0.05000001,0,0,0,0,0,0,-0.3889087,2,-0.3889087,0,0,0,0.04999995,0,0,0,0,0,0,-0.55,2,0,0,0,0,0.05000001,0,0,0,0,0,0
190,-0.002657216,0.666206,0.6475876,-0.01335126,0.0329137,0.09285811,-0.2459936,0,0,0,1,0,0,-0.4619568,0.6698272,0.4625944,-0.02532006,0.1056344,0.1058951,-0.2011739,0,0,0,1,0,0,-0.50458,0.003190296,0.5057139,-0.2341584,0.1516369,0.4810186,-0.1215307,0,0,0,1,0,0,-0.004855247,-0.0009527985,0.6957417,-0.09490651,-0.02023177,-0.129962,-0.1287775,0,0,0,1,0,0,-0.7168303,0.007110223,0.005043569,-0.2243579,0.1373256,0.1566226,0.0459159,0,0,0,1,0,0,0.4525653,0.6646737,0.4542935,-0.15613,-0.0567198,-0.1339868,-0.09349388,0,0,0,1,0,0,0.4907233,-0.000801353,0.491144,-0.166972,-0.03928868,-0.1475707,0.04504687,0,0,0,1,0,0,-0.6480232,0.6664873,0.002687063,0.02903343,-0.03526808,0.1471474,-0.01960337,0,0,0,1,0,0,-0.4927461,-0.0006975391,-0.4901943,-0.05626532,0.01499338,0.1433612,0.05798721,0,0,0,1,0,0,0.646762,0.6666396,-0.002183668,-0.02270938,0.0326872,-0.0458014,0.002879202,0,0,0,1,0,0,0.7017112,0.0006857184,-0.004626286,0.1838297,0.0687452,-0.135831,0.04963684,0,0,0,1,0,0,-0.4568236,0.6659727,-0.4557711,0.03328623,0.009435419,0.06770942,-0.0728237,0,0,0,1,0,0,0.001952822,-0.0007348342,-0.6980516,0.04522807,-0.01561431,0.1284808,-0.1159225,0,0,0,1,0,0,0.4603063,0.6683525,-0.4619114,0.04828574,0.05981328,-0.08636121,-0.1798079,0,0,0,1,0,0,0.5014673,0.004480806,-0.5061067,0.1120091,0.09098225,-0.1715333,-0.1119902,0,0,0,1,0,0,-0.0008442603,0.6675714,-0.6509243,-0.033609,0.0009089712,0.03435315,-0.2228871,0,0,0,1,0,0,0.4236525,1.333146,0.4239568,0.01132489,0.000357628,0.007237497,-0.0206216,0,0,0,1,0,0,0.0002968066,1.334484,0.6026477,0.02883553,0.0498593,0.09383265,-0.1203983,0,0,0,1,0,0,-0.4263068,1.334831,0.4261851,-0.02573879,0.02615453,0.04593732,-0.06857824,0,0,0,1,0,0,0.5999542,1.333572,-0.000185865,-0.03966989,0.01309515,-0.001172599,0.09535426,0,0,0,1,0,0,-0.6009871,1.333609,-0.0001689564,-0.04847946,0.01612902,0.01446124,0.08191985,0,0,0,1,0,0,-0.4249671,1.333942,-0.4237179,-0.02164395,0.02313853,0.05539211,-0.01561445,0,0,0,1,0,0,-0.0009537741,1.334562,-0.6027645,-0.01744736,0.01158715,-0.05452039,-0.1149141,0,0,0,1,0,0,0.4255635,1.33364,-0.4270861,0.03512354,0.004398825,-0.07364455,-0.05850238,0,0,0,1,0,0,0.3889087,2,0.3889088,0,0,0,0.05000001,0,0,0,0,0,0,0.55,2,4.808253E-08,0,0,0,0.05000001,0,0,0,0,0,0,-6.558685E-09,2,0.55,0,0,0,0.05000001,0,0,0,0,0,0,0.3889087,2,-0.3889087,0,0,0,0.04999995,0,0,0,0,0,0,-0.3889089,2,0.3889086,0,0,0,0.05000001,0,0,0,0,0,0,2.404126E-08,2,-0.55,0,0,0,0.05000001,0,0,0,0,0,0,-0.3889087,2,-0.3889087,0,0,0,0.04999995,0,0,0,0,0,0,-0.55,2,0,0,0,0,0.05000001,0,0,0,0,0,0
191,-0.002237093,0.6674062,0.6492901,0.02100616,0.06000998,0.08512441,-0.2452447,0,0,0,1,0,0,-0.46246,0.6710087,0.4647473,-0.02516062,0.05907419,0.1076445,-0.1934735,0,0,0,1,0,0,-0.5072834,0.00611399,0.5101316,-0.1351715,0.1461847,0.220883,-0.111138,0,0,0,1,0,0,-0.005606533,-0.001257116,0.6937557,-0.03756433,-0.0152159,-0.0992984,-0.1330534,0,0,0,1,0,0,-0.7167557,0.008092839,0.007205614,0.003728272,0.04913085,0.1081023,0.05372733,0,0,0,1,0,0,0.4523197,0.6643619,0.4543855,-0.01228452,-0.01559258,0.00459701,-0.09934425,0,0,0,1,0,0,0.4884422,-0.001449819,0.4890288,-0.114052,-0.03242332,-0.1057595,0.0329634,0,0,0,1,0,0,-0.6480182,0.6669639,0.003396322,0.0002473594,0.02382995,0.03546296,-0.01322883,0,0,0,1,0,0,-0.4925557,-0.001058275,-0.4875522,0.009523336,-0.01803681,0.1321018,0.04717112,0,0,0,1,0,0,0.6472253,0.6667504,-0.002414723,0.02316535,0.005537274,-0.01155276,0.009836316,0,0,0,1,0,0,0.7040381,0.001862318,-0.005443946,0.1163483,0.05882999,-0.040883,0.06016308,0,0,0,1,0,0,-0.4560577,0.6661553,-0.4551263,0.038296,0.009128455,0.03224016,-0.07945329,0,0,0,1,0,0,0.00217551,-0.001135385,-0.6956678,0.01113441,-0.02002753,0.1191915,-0.1205001,0,0,0,1,0,0,0.4611514,0.6690444,-0.4633141,0.04225375,0.03459753,-0.07013682,-0.1721831,0,0,0,1,0,0,0.5026038,0.004607228,-0.5064239,0.05682113,0.006321098,-0.01585782,-0.1031719,0,0,0,1,0,0,-0.0008613231,0.6672078,-0.6498497,-0.0008531442,-0.0181824,0.05373361,-0.2249049,0,0,0,1,0,0,0.4244685,1.333201,0.4240246,0.04079641,0.002759696,0.003388525,-0.0226323,0,0,0,1,0,0,0.001047164,1.334953,0.6033607,0.03751786,0.02344848,0.03564657,-0.119539,0,0,0,1,0,0,-0.4264647,1.335306,0.4271688,-0.007891658,0.02374054,0.04918577,-0.06498826,0,0,0,1,0,0,0.5995395,1.333349,7.174411E-05,-0.02073646,-0.01112819,0.01288046,0.09808362,0,0,0,1,0,0,-0.601439,1.333673,-0.0001504341,-0.02259315,0.003224612,0.0009261104,0.08550906,0,0,0,1,0,0,-0.4247257,1.333736,-0.4236547,0.01206696,-0.01029373,0.003159047,-0.01853764,0,0,0,1,0,0,-0.0007758074,1.334584,-0.6030058,0.008898339,0.001102686,-0.01206398,-0.1147574,0,0,0,1,0,0,0.4255652,1.333642,-0.42694,8.642677E-05,0.0001192093,0.007303062,-0.0557726,0,0,0,1,0,0,0.3889087,2,0.3889088,0,0,0,0.05000001,0,0,0,0,0,0,0.55,2,4.808253E-08,0,0,0,0.05000001,0,0,0,0,0,0,-6.558685E-09,2,0.55,0,0,0,0.05000001,0,0,0,0,0,0,0.3889087,2,-0.3889087,0,0,0,0.04999995,0,0,0,0,0,0,-0.3889089,2,0.3889086,0,0,0,0.05000001,0,0,0,0,0,0,2.404126E-08,2,-0.55,0,0,0,0.05000001,0,0,0,0,0,0,-0.3889087,2,-0.3889087,0,0,0,0.04999995,0,0,0,0,0,0,-0.55,2,0,0,0,0,0.05000001,0,0,0,0,0,0
192,-0.00189899,0.6679341,0.6511101,0.01690513,0.02639593,0.09100143,-0.2443102,0,0,0,1,0,0,-0.4635243,0.6713045,0.4656228,-0.05321356,0.0147909,0.04377367,-0.1857466,0,0,0,1,0,0,-0.5067132,0.00731973,0.5101107,0.02851487,0.06028702,-0.001043082,-0.1040922,0,0,0,1,0,0,-0.005640286,-0.001055364,0.6926565,-0.00168765,0.01008763,-0.05496445,-0.1364977,0,0,0,1,0,0,-0.7128648,0.006514696,0.008138761,0.1945437,-0.07890718,0.04665737,0.05993181,0,0,0,1,0,0,0.4531074,0.6649336,0.4554607,0.03938676,0.0285864,0.05376341,-0.1042103,0,0,0,1,0,0,0.4874971,-0.00130991,0.4888392,-0.04725607,0.006995458,-0.009481613,0.02211618,0,0,0,1,0,0,-0.6489616,0.6675973,0.003297294,-0.04716815,0.03167094,-0.004951378,-0.005437374,0,0,0,1,0,0,-0.4909959,-0.001257143,-0.4862668,0.07798973,-0.009943386,0.0642732,0.03524333,0,0,0,1,0,0,0.6485634,0.6669892,-0.00201314,0.06690922,0.0119418,0.02007915,0.01807779,0,0,0,1,0,0,0.7054146,0.00262355,-0.00425097,0.06882253,0.03806162,0.05964881,0.07119352,0,0,0,1,0,0,-0.456364,0.6657576,-0.4543125,-0.01531542,-0.01988412,0.04068913,-0.0853737,0,0,0,1,0,0,0.002405145,-0.001397707,-0.6944314,0.01148179,-0.01311612,0.06181898,-0.1239602,0,0,0,1,0,0,0.4620947,0.6690614,-0.4636081,0.04716517,0.0008493665,-0.01469553,-0.1648206,0,0,0,1,0,0,0.5018578,0.003516636,-0.5044187,-0.0373006,-0.05452959,0.100261,-0.0959335,0,0,0,1,0,0,-0.0002363877,0.6669506,-0.6494061,0.03124679,-0.01285971,0.0221789,-0.2263125,0,0,0,1,0,0,0.4241738,1.333015,0.4238975,-0.01473427,-0.00931621,-0.006353857,-0.02578026,0,0,0,1,0,0,0.0009190108,1.334935,0.6029285,-0.006407636,-0.0009059909,-0.02160669,-0.119865,0,0,0,1,0,0,-0.4263612,1.33509,0.4275163,0.005172195,-0.01082421,0.01737029,-0.06213194,0,0,0,1,0,0,0.599251,1.333499,0.0002418763,-0.01442731,0.007504228,0.008506615,0.1011831,0,0,0,1,0,0,-0.6012025,1.333619,-0.0003305426,0.01182259,-0.00268221,-0.009005425,0.08868665,0,0,0,1,0,0,-0.4242391,1.333533,-0.423488,0.02433063,-0.01012087,0.008337203,-0.02178532,0,0,0,1,0,0,-0.0007678843,1.334326,-0.6019692,0.0003961586,-0.01289249,0.05182924,-0.1156698,0,0,0,1,0,0,0.4253259,1.333696,-0.4266021,-0.01196564,0.002688171,0.01689345,-0.053137,0,0,0,1,0,0,0.3889087,2,0.3889088,0,0,0,0.05000001,0,0,0,0,0,0,0.55,2,4.808253E-08,0,0,0,0.05000001,0,0,0,0,0,0,-6.558685E-09,2,0.55,0,0,0,0.05000001,0,0,0,0,0,0,0.3889087,2,-0.3889087,0,0,0,0.04999995,0,0,0,0,0,0,-0.3889089,2,0.3889086,0,0,0,0.05000001,0,0,0,0,0,0,2.404126E-08,2,-0.55,0,0,0,0.05000001,0,0,0,0,0,0,-0.3889087,2,-0.3889087,0,0,0,0.04999995,0,0,0,0,0,0,-0.55,2,0,0,0,0,0.05000001,0,0,0,0,0,0
193,-0.001573135,0.6678351,0.653113,0.01629276,-0.004953148,0.1001448,-0.2430385,0,0,0,1,0,0,-0.4642511,0.6706107,0.4652222,-0.03634395,-0.0346929,-0.02003015,-0.1793323,0,0,0,1,0,0,-0.5041211,0.005811613,0.5068518,0.1296014,-0.07540587,-0.1629472,-0.0992465,0,0,0,1,0,0,-0.005630271,-0.0008364948,0.6929483,0.0005007723,0.01094345,0.0145942,-0.1383539,0,0,0,1,0,0,-0.7066707,0.003490315,0.007070813,0.3097059,-0.1512191,-0.05339742,0.06482148,0,0,0,1,0,0,0.4549504,0.6652167,0.4570242,0.09215031,0.01415611,0.07817599,-0.1075926,0,0,0,1,0,0,0.4877805,-0.001272226,0.4898497,0.01416952,0.001884189,0.05052688,0.01339608,0,0,0,1,0,0,-0.6499826,0.6675158,0.002801355,-0.0510514,-0.004076959,-0.024797,0.00211221,0,0,0,1,0,0,-0.4899077,-0.001656896,-0.4864203,0.05441161,-0.01998767,-0.007675591,0.02492303,0,0,0,1,0,0,0.6497593,0.6668903,-0.001116618,0.05979242,-0.004947187,0.04482613,0.02594507,0,0,0,1,0,0,0.7056434,0.002347824,-0.002974731,0.01143814,-0.01378627,0.06381198,0.08113319,0,0,0,1,0,0,-0.4572479,0.6656209,-0.4551759,-0.04419537,-0.006833675,-0.04317166,-0.08987164,0,0,0,1,0,0,0.002796225,-0.00126304,-0.6943685,0.019554,0.00673336,0.003147126,-0.1261814,0,0,0,1,0,0,0.4626265,0.6686145,-0.4629897,0.02659262,-0.02234579,0.03091694,-0.1586206,0,0,0,1,0,0,0.4998811,0.002024976,-0.4999031,-0.0988305,-0.07458303,0.2257765,-0.0909602,0,0,0,1,0,0,0.0004113991,0.6668665,-0.649045,0.03238935,-0.004202129,0.01805425,-0.2274727,0,0,0,1,0,0,0.4233235,1.333232,0.4239421,-0.04251601,0.01083613,0.002232195,-0.02889031,0,0,0,1,0,0,0.0007085105,1.334523,0.6018559,-0.01052502,-0.02060533,-0.05363228,-0.1209111,0,0,0,1,0,0,-0.4254275,1.334567,0.4265286,0.04668834,-0.02614857,-0.04938247,-0.06061828,0,0,0,1,0,0,0.5983742,1.333353,0.0005804748,-0.04383923,-0.007331374,0.01692993,0.1035408,0,0,0,1,0,0,-0.6008926,1.333525,-0.000273425,0.01549721,-0.004714729,0.002855879,0.09151459,0,0,0,1,0,0,-0.4234465,1.333096,-0.4230989,0.03962965,-0.02186299,0.01945496,-0.02533054,0,0,0,1,0,0,-0.0004574103,1.33384,-0.6005457,0.0155237,-0.02433659,0.07117692,-0.1170233,0,0,0,1,0,0,0.425109,1.333717,-0.4255834,-0.01084209,0.001031161,0.05093815,-0.05087966,0,0,0,1,0,0,0.3889087,2,0.3889088,0,0,0,0.05000001,0,0,0,0,0,0,0.55,2,4.808253E-08,0,0,0,0.05000001,0,0,0,0,0,0,-6.558685E-09,2,0.55,0,0,0,0.05000001,0,0,0,0,0,0,0.3889087,2,-0.3889087,0,0,0,0.04999995,0,0,0,0,0,0,-0.3889089,2,0.3889086,0,0,0,0.05000001,0,0,0,0,0,0,2.404126E-08,2,-0.55,0,0,0,0.05000001,0,0,0,0,0,0,-0.3889087,2,-0.3889087,0,0,0,0.04999995,0,0,0,0,0,0,-0.55,2,0,0,0,0,0.05000001,0,0,0,0,0,0
194,-0.001125467,0.6674451,0.6544322,0.02238343,-0.01949669,0.0659615,-0.2425288,0,0,0,1,0,0,-0.4636782,0.6689341,0.4638321,0.02864451,-0.083828,-0.06950352,-0.1726359,0,0,0,1,0,0,-0.4999369,0.002976471,0.5019727,0.2092109,-0.1417572,-0.243953,-0.09312111,0,0,0,1,0,0,-0.004119226,-0.0009791687,0.6941584,0.07555229,-0.007133695,0.06050172,-0.1393083,0,0,0,1,0,0,-0.699546,0.0008919025,0.003852744,0.3562362,-0.1299207,-0.1609035,0.07243085,0,0,0,1,0,0,0.4571005,0.6655115,0.4586509,0.1075075,0.01474023,0.08133057,-0.1125196,0,0,0,1,0,0,0.4892235,-0.0009511706,0.4914609,0.07214698,0.01605279,0.08055869,0.002897799,0,0,0,1,0,0,-0.650288,0.666905,0.001980437,-0.01527072,-0.03053547,-0.04104589,0.01110214,0,0,0,1,0,0,-0.4901128,-0.001642988,-0.4890229,-0.01025945,0.0006953781,-0.1301304,0.01352078,0,0,0,1,0,0,0.651273,0.6670659,-0.0001633135,0.07568303,0.008779768,0.04766524,0.0361557,0,0,0,1,0,0,0.7043734,0.001810945,-0.0013796,-0.06349983,-0.02684397,0.07975661,0.09299976,0,0,0,1,0,0,-0.4586903,0.6661275,-0.4576635,-0.07211867,0.025329,-0.12438,-0.09512919,0,0,0,1,0,0,0.00200332,-0.0008863013,-0.6950889,-0.03964525,0.01883693,-0.03602208,-0.127901,0,0,0,1,0,0,0.462437,0.6678759,-0.4618542,-0.009474162,-0.03693105,0.05677494,-0.1513618,0,0,0,1,0,0,0.4967755,0.0003211777,-0.4950143,-0.1552836,-0.08518997,0.2444402,-0.08412689,0,0,0,1,0,0,0.0008747964,0.6664683,-0.6488432,0.02316987,-0.01991094,0.01009107,-0.2285108,0,0,0,1,0,0,0.4227142,1.332989,0.4235631,-0.03046395,-0.01212359,-0.01894981,-0.03309834,0,0,0,1,0,0,9.780734E-05,1.333787,0.6009682,-0.03053517,-0.03682972,-0.04438164,-0.1220895,0,0,0,1,0,0,-0.4240867,1.33392,0.4253878,0.06703737,-0.03234149,-0.05704018,-0.05862755,0,0,0,1,0,0,0.5975536,1.333441,0.0006233588,-0.04102887,0.004398825,0.002144202,0.1069103,0,0,0,1,0,0,-0.6000974,1.333456,-0.0002035313,0.03976227,-0.00344515,0.00349469,0.09496605,0,0,0,1,0,0,-0.4232676,1.332981,-0.4232576,0.008948151,-0.00574589,-0.007936361,-0.02891743,0,0,0,1,0,0,-3.976253E-05,1.333193,-0.599305,0.0208824,-0.03232361,0.06203356,-0.1183668,0,0,0,1,0,0,0.4244984,1.333535,-0.4247296,-0.03053249,-0.00906587,0.04268887,-0.04812133,0,0,0,1,0,0,0.3889087,2,0.3889088,0,0,0,0.05000001,0,0,0,0,0,0,0.55,2,4.808253E-08,0,0,0,0.05000001,0,0,0,0,0,0,-6.558685E-09,2,0.55,0,0,0,0.05000001,0,0,0,0,0,0,0.3889087,2,-0.3889087,0,0,0,0.04999995,0,0,0,0,0,0,-0.3889089,2,0.3889086,0,0,0,0.05000001,0,0,0,0,0,0,2.404126E-08,2,-0.55,0,0,0,0.05000001,0,0,0,0,0,0,-0.3889087,2,-0.3889087,0,0,0,0.04999995,0,0,0,0,0,0,-0.55,2,0,0,0,0,0.05000001,0,0,0,0,0,0
195,-0.0003936582,0.6675491,0.654542,0.03659044,0.005197527,0.00548661,-0.2429139,0,0,0,1,0,0,-0.4618876,0.667345,0.4616789,0.08953217,-0.07945302,-0.1076624,-0.1690157,0,0,0,1,0,0,-0.4948587,0.000748136,0.4963404,0.2539084,-0.1114168,-0.2816187,-0.09032339,0,0,0,1,0,0,-0.001275951,-0.0006921003,0.6962387,0.1421638,0.01435342,0.1040161,-0.1388221,0,0,0,1,0,0,-0.6944504,-0.000685546,0.0002091128,0.2547801,-0.07887246,-0.1821816,0.07915962,0,0,0,1,0,0,0.4597628,0.6665521,0.4605946,0.1331151,0.05202892,0.09718839,-0.1153212,0,0,0,1,0,0,0.4919223,-3.968717E-05,0.4936212,0.134942,0.04557419,0.1080141,-0.003871858,0,0,0,1,0,0,-0.6507981,0.6664159,0.0007488434,-0.02550484,-0.02445878,-0.06157971,0.01861328,0,0,0,1,0,0,-0.4923168,-0.0002216117,-0.4926197,-0.1101971,0.07106886,-0.1798392,0.006496251,0,0,0,1,0,0,0.6520522,0.6672791,0.0002619011,0.03896357,0.01066328,0.02126074,0.04365122,0,0,0,1,0,0,0.7017828,0.0008809962,0.0002609862,-0.1295299,-0.04649747,0.08202932,0.1012926,0,0,0,1,0,0,-0.4599089,0.6671978,-0.4606299,-0.06093236,0.05351605,-0.1483188,-0.09884423,0,0,0,1,0,0,0.0005804013,-0.0004001038,-0.6970618,-0.07114599,0.02430988,-0.09864274,-0.127701,0,0,0,1,0,0,0.46114,0.6669971,-0.4608366,-0.06485286,-0.04393758,0.05087854,-0.1467327,0,0,0,1,0,0,0.4938006,-0.001050672,-0.491413,-0.1487449,-0.0685925,0.1800687,-0.07885689,0,0,0,1,0,0,0.0008988163,0.6665811,-0.6499854,0.001200999,0.005638602,-0.05711319,-0.2278706,0,0,0,1,0,0,0.4231075,1.333206,0.4240974,0.01966656,0.01085401,0.0267163,-0.03530681,0,0,0,1,0,0,-0.000333048,1.333344,0.6000587,-0.02154277,-0.0221491,-0.04547836,-0.1230444,0,0,0,1,0,0,-0.4236477,1.333282,0.4241207,0.02195091,-0.03188254,-0.06335529,-0.05683947,0,0,0,1,0,0,0.5978019,1.333361,0.0003834936,0.01241267,-0.003993513,-0.01199327,0.1100944,0,0,0,1,0,0,-0.5992594,1.333104,-0.0001605665,0.0418991,-0.01760126,0.00214824,0.09735423,0,0,0,1,0,0,-0.4234348,1.332868,-0.423734,-0.008361045,-0.005650523,-0.02381952,-0.03144592,0,0,0,1,0,0,0.0004758584,1.33279,-0.5990753,0.02578106,-0.02017618,0.0114888,-0.1188331,0,0,0,1,0,0,0.4242148,1.333269,-0.4240653,-0.01417995,-0.0132978,0.03321619,-0.04589486,0,0,0,1,0,0,0.3889087,2,0.3889088,0,0,0,0.05000001,0,0,0,0,0,0,0.55,2,4.808253E-08,0,0,0,0.05000001,0,0,0,0,0,0,-6.558685E-09,2,0.55,0,0,0,0.05000001,0,0,0,0,0,0,0.3889087,2,-0.3889087,0,0,0,0.04999995,0,0,0,0,0,0,-0.3889089,2,0.3889086,0,0,0,0.05000001,0,0,0,0,0,0,2.404126E-08,2,-0.55,0,0,0,0.05000001,0,0,0,0,0,0,-0.3889087,2,-0.3889087,0,0,0,0.04999995,0,0,0,0,0,0,-0.55,2,0,0,0,0,0.05000001,0,0,0,0,0,0
196,0.0008460191,0.6674675,0.6527474,0.06198389,-0.004076959,-0.08972887,-0.2450826,0,0,0,1,0,0,-0.4590831,0.6662847,0.4592672,0.1402245,-0.05301835,-0.1205862,-0.1663325,0,0,0,1,0,0,-0.4908324,-0.001026041,0.4907828,0.2013192,-0.08870886,-0.27788,-0.08663726,0,0,0,1,0,0,0.00126196,0.0002742168,0.6993638,0.1268956,0.04831588,0.1562566,-0.1375819,0,0,0,1,0,0,-0.6924737,-0.001498468,-0.002601095,0.09883348,-0.04064613,-0.1405104,0.08820093,0,0,0,1,0,0,0.4625802,0.6674426,0.4620791,0.1408682,0.04452469,0.07422271,-0.1181992,0,0,0,1,0,0,0.495306,0.0004232732,0.4954004,0.1691864,0.02314803,0.08895848,-0.01002109,0,0,0,1,0,0,-0.6516269,0.666591,-0.0006983789,-0.04143716,0.008755926,-0.07236115,0.02652848,0,0,0,1,0,0,-0.4950903,0.0005865789,-0.4959888,-0.1386747,0.04040954,-0.1684592,0.0001289248,0,0,0,1,0,0,0.6521746,0.6674383,0.0007722711,0.006118419,0.007960203,0.02551851,0.05055875,0,0,0,1,0,0,0.6982358,-0.0001371873,0.001341944,-0.1773507,-0.0509092,0.05404793,0.1086782,0,0,0,1,0,0,-0.4615718,0.6678549,-0.4627374,-0.08314404,0.03285409,-0.1053721,-0.1025023,0,0,0,1,0,0,-0.0009306344,0.0006479953,-0.6995142,-0.07555182,0.05240498,-0.1226217,-0.1270698,0,0,0,1,0,0,0.4597292,0.666444,-0.4595457,-0.07053766,-0.02765657,0.06454738,-0.1422694,0,0,0,1,0,0,0.4920129,-0.0006740688,-0.4905949,-0.08938167,0.01883015,0.0409037,-0.07192171,0,0,0,1,0,0,-6.081718E-07,0.6669329,-0.6512064,-0.04497124,0.01759232,-0.06105008,-0.2269927,0,0,0,1,0,0,0.4241987,1.33348,0.4243885,0.05455913,0.01369715,0.01455397,-0.03708148,0,0,0,1,0,0,-9.523533E-05,1.333191,0.5988643,0.01189064,-0.007611516,-0.05971792,-0.1239494,0,0,0,1,0,0,-0.4234236,1.332642,0.4228884,0.01120568,-0.03201367,-0.06161335,-0.05488133,0,0,0,1,0,0,0.5991476,1.333403,0.0001570217,0.06728771,0.002133847,-0.0113236,0.1142296,0,0,0,1,0,0,-0.5992721,1.333008,-0.0002562368,-0.0006377699,-0.004798176,-0.004783518,0.1005969,0,0,0,1,0,0,-0.4240847,1.333319,-0.4241654,-0.03249646,0.02253653,-0.02157093,-0.03331584,0,0,0,1,0,0,0.0006607971,1.332636,-0.5991368,0.009246938,-0.007700923,-0.003075601,-0.1189049,0,0,0,1,0,0,0.4236196,1.333022,-0.4229954,-0.02976061,-0.01236797,0.05349519,-0.04399061,0,0,0,1,0,0,0.3889087,2,0.3889088,0,0,0,0.05000001,0,0,0,0,0,0,0.55,2,4.808253E-08,0,0,0,0.05000001,0,0,0,0,0,0,-6.558685E-09,2,0.55,0,0,0,0.05000001,0,0,0,0,0,0,0.3889087,2,-0.3889087,0,0,0,0.04999995,0,0,0,0,0,0,-0.3889089,2,0.3889086,0,0,0,0.05000001,0,0,0,0,0,0,2.404126E-08,2,-0.55,0,0,0,0.05000001,0,0,0,0,0,0,-0.3889087,2,-0.3889087,0,0,0,0.04999995,0,0,0,0,0,0,-0.55,2,0,0,0,0,0.05000001,0,0,0,0,0,0
197,0.001947911,0.6666699,0.6499282,0.05509463,-0.03988148,-0.1409621,-0.2480926,0,0,0,1,0,0,-0.4575769,0.6651517,0.4573172,0.07531199,-0.05664828,-0.09749833,-0.1643699,0,0,0,1,0,0,-0.4889079,-0.00154125,0.487247,0.09622131,-0.0257605,-0.1767904,-0.08368886,0,0,0,1,0,0,0.002761372,0.00112374,0.702231,0.07497061,0.04247617,0.1433612,-0.1360561,0,0,0,1,0,0,-0.693685,-0.001247521,-0.004467611,-0.0605643,0.01254739,-0.09332587,0.09622991,0,0,0,1,0,0,0.4639474,0.6684574,0.4630684,0.06836209,0.05074145,0.04946442,-0.120607,0,0,0,1,0,0,0.4981324,0.0003726711,0.4968044,0.1413212,-0.002530106,0.0701994,-0.01337963,0,0,0,1,0,0,-0.6523207,0.6672915,-0.002284216,-0.0346929,0.0350237,-0.07929188,0.03215772,0,0,0,1,0,0,-0.4972949,0.0008000055,-0.4980073,-0.1102299,0.01067133,-0.1009211,-0.003733397,0,0,0,1,0,0,0.6514512,0.6669711,0.0007664968,-0.03617109,-0.02335907,-0.000288713,0.05423951,0,0,0,1,0,0,0.6953144,-0.0006806309,0.002365895,-0.1460672,-0.02717219,0.05119754,0.1131946,0,0,0,1,0,0,-0.462204,0.6684808,-0.4635929,-0.03160984,0.03129543,-0.04277678,-0.1056086,0,0,0,1,0,0,-0.002129723,0.001181473,-0.7014306,-0.05995447,0.0266739,-0.09581748,-0.1261712,0,0,0,1,0,0,0.4584445,0.666275,-0.4584528,-0.06423446,-0.008448962,0.05464407,-0.1396977,0,0,0,1,0,0,0.4909462,-0.0004518297,-0.4913507,-0.05333873,0.01111196,-0.03779085,-0.06655806,0,0,0,1,0,0,-0.001085027,0.6668928,-0.6519375,-0.05422097,-0.002005697,-0.03655256,-0.2264208,0,0,0,1,0,0,0.4254525,1.333594,0.4249311,0.06269219,0.005668404,0.02712758,-0.03784502,0,0,0,1,0,0,-0.0001631282,1.332811,0.598218,-0.003394645,-0.01901985,-0.03231467,-0.124666,0,0,0,1,0,0,-0.4232985,1.332287,0.422778,0.00625253,-0.01774431,-0.005520883,-0.05330771,0,0,0,1,0,0,0.6007577,1.333471,-7.231369E-05,0.08050206,0.003379585,-0.01146678,0.1175472,0,0,0,1,0,0,-0.599629,1.333197,-0.0001598334,-0.01784564,0.009435419,0.004820169,0.1031045,0,0,0,1,0,0,-0.4246127,1.333707,-0.4248084,-0.0264004,0.01940728,-0.03215225,-0.03434187,0,0,0,1,0,0,0.0004973042,1.332804,-0.5995741,-0.008174649,0.00841618,-0.02186597,-0.1184794,0,0,0,1,0,0,0.4233887,1.333017,-0.4225287,-0.01154244,-0.0002563001,0.02333076,-0.04243356,0,0,0,1,0,0,0.3889087,2,0.3889088,0,0,0,0.05000001,0,0,0,0,0,0,0.55,2,4.808253E-08,0,0,0,0.05000001,0,0,0,0,0,0,-6.558685E-09,2,0.55,0,0,0,0.05000001,0,0,0,0,0,0,0.3889087,2,-0.3889087,0,0,0,0.04999995,0,0,0,0,0,0,-0.3889089,2,0.3889086,0,0,0,0.05000001,0,0,0,0,0,0,2.404126E-08,2,-0.55,0,0,0,0.05000001,0,0,0,0,0,0,-0.3889087,2,-0.3889087,0,0,0,0.04999995,0,0,0,0,0,0,-0.55,2,0,0,0,0,0.05000001,0,0,0,0,0,0
198,0.001829771,0.6663973,0.6477408,-0.005907021,-0.01362861,-0.1093656,-0.2506897,0,0,0,1,0,0,-0.4574273,0.665495,0.4568436,0.007477405,0.01716316,-0.02367795,-0.1555883,0,0,0,1,0,0,-0.4890248,-0.001863241,0.4863252,-0.005845728,-0.01609954,-0.04608782,-0.07111812,0,0,0,1,0,0,0.002991337,0.002289332,0.7043532,0.01149826,0.05827963,0.1061082,-0.1358644,0,0,0,1,0,0,-0.6963325,-0.0007344389,-0.004255751,-0.132373,0.0256541,0.01059301,0.112367,0,0,0,1,0,0,0.4637549,0.668802,0.4626758,-0.009626154,0.01722873,-0.01962782,-0.1297107,0,0,0,1,0,0,0.4996952,0.0008001074,0.4977077,0.07813725,0.02137182,0.04516842,-0.02542573,0,0,0,1,0,0,-0.6522032,0.667679,-0.002416073,0.00587702,0.0193745,-0.00659287,0.04151165,0,0,0,1,0,0,-0.4983355,0.001362886,-0.4986876,-0.0520319,0.02814403,-0.0340149,-0.01666361,0,0,0,1,0,0,0.6507622,0.6667899,0.0005521005,-0.03444852,-0.00905991,-0.01071982,0.05724967,0,0,0,1,0,0,0.6938685,-0.001270097,0.002947644,-0.07229748,-0.02947333,0.02908747,0.1267194,0,0,0,1,0,0,-0.4622183,0.6684387,-0.463136,-0.0007137659,-0.002104045,0.02284498,-0.1145234,0,0,0,1,0,0,-0.002432663,0.001623183,-0.7027304,-0.015147,0.02208552,-0.06498995,-0.1262179,0,0,0,1,0,0,0.4575421,0.6660404,-0.4577356,-0.04512073,-0.01173318,0.03586115,-0.1317197,0,0,0,1,0,0,0.4911602,-0.0004278791,-0.492532,0.01069904,0.001197527,-0.05906525,-0.05270231,0,0,0,1,0,0,-0.001163266,0.6670919,-0.6514209,-0.003911929,0.009953979,0.02582968,-0.2272265,0,0,0,1,0,0,0.4255413,1.333612,0.4250487,0.004437568,0.0009238723,0.005881491,-0.04184824,0,0,0,1,0,0,-2.259464E-05,1.333001,0.5986583,0.007026681,0.009512905,0.02201498,-0.1242314,0,0,0,1,0,0,-0.4236237,1.332744,0.4228321,-0.01625866,0.02281667,0.002706052,-0.04860294,0,0,0,1,0,0,0.6019452,1.333599,-0.0003611377,0.05937817,0.006413462,-0.01444121,0.1146055,0,0,0,1,0,0,-0.6002318,1.333453,-9.388424E-05,-0.0301391,0.01282096,0.003297462,0.1083646,0,0,0,1,0,0,-0.4252325,1.333936,-0.4251078,-0.03098698,0.01143814,-0.01496971,-0.03767568,0,0,0,1,0,0,0.0003335079,1.332999,-0.5997754,-0.00818982,0.009745363,-0.01006723,-0.1181953,0,0,0,1,0,0,0.4236114,1.333209,-0.4230893,0.01113415,0.009602312,-0.02802761,-0.03796214,0,0,0,1,0,0,0.3889087,2,0.3889088,0,0,0,0.05000001,0,0,0,0,0,0,0.55,2,4.808253E-08,0,0,0,0.05000001,0,0,0,0,0,0,-6.558685E-09,2,0.55,0,0,0,0.05000001,0,0,0,0,0,0,0.3889087,2,-0.3889087,0,0,0,0.04999995,0,0,0,0,0,0,-0.3889089,2,0.3889086,0,0,0,0.05000001,0,0,0,0,0,0,2.404126E-08,2,-0.55,0,0,0,0.05000001,0,0,0,0,0,0,-0.3889087,2,-0.3889087,0,0,0,0.04999995,0,0,0,0,0,0,-0.55,2,0,0,0,0,0.05000001,0,0,0,0,0,0
199,0.0008427656,0.6663868,0.6473525,-0.04935029,-0.0005275013,-0.0194192,-0.2512316,0,0,0,1,0,0,-0.4581364,0.6657338,0.4572017,-0.03545286,0.0119418,0.01790524,-0.1481951,0,0,0,1,0,0,-0.4905427,-0.001742386,0.487919,-0.07589462,0.006042772,0.07969144,-0.0598616,0,0,0,1,0,0,0.002200173,0.002923693,0.7053693,-0.03955823,0.03171805,0.05080404,-0.1357377,0,0,0,1,0,0,-0.699074,-0.0003681913,-0.002683084,-0.1370788,0.01831239,0.0786334,0.124491,0,0,0,1,0,0,0.4622209,0.6685995,0.4619612,-0.07670078,-0.01012385,-0.03573151,-0.1378095,0,0,0,1,0,0,0.4997348,0.001190738,0.4983035,0.001978875,0.01953156,0.02979041,-0.03503513,0,0,0,1,0,0,-0.6511099,0.667329,-0.001770776,0.05466642,-0.01749993,0.03226488,0.0470289,0,0,0,1,0,0,-0.4981942,0.001049274,-0.4982237,0.007067624,-0.01568057,0.02319516,-0.02683711,0,0,0,1,0,0,0.6498051,0.666697,0.000313834,-0.04785361,-0.004646184,-0.01191333,0.0498808,0,0,0,1,0,0,0.6949701,-0.0009565451,0.002613103,0.05508067,0.01567761,-0.01672705,0.1347592,0,0,0,1,0,0,-0.4614133,0.6676233,-0.4615496,0.04024954,-0.04076959,0.0793204,-0.122306,0,0,0,1,0,0,-0.00219001,0.0011573,-0.7029148,0.01213265,-0.02329417,-0.009220842,-0.12622,0,0,0,1,0,0,0.457355,0.6659368,-0.4575646,-0.009356443,-0.005179645,0.0085488,-0.1253655,0,0,0,1,0,0,0.4921696,-0.0002583792,-0.4934857,0.05047472,0.008474998,-0.04768522,-0.04178679,0,0,0,1,0,0,-0.001049051,0.6671308,-0.6510505,0.005710721,0.001946092,0.01851917,-0.2276586,0,0,0,1,0,0,0.4250622,1.333661,0.4245572,-0.02395214,0.00242591,-0.024575,-0.04530352,0,0,0,1,0,0,-0.0004225395,1.33287,0.5992937,-0.01999725,-0.006544593,0.03176929,-0.1239053,0,0,0,1,0,0,-0.4241875,1.332934,0.4235079,-0.02819003,0.009506945,0.03378989,-0.04487574,0,0,0,1,0,0,0.6019015,1.333426,-0.0003718605,-0.002187491,-0.008642677,-0.0005361394,0.1111037,0,0,0,1,0,0,-0.6002804,1.333381,-0.0003275379,-0.00242889,-0.003618003,-0.01168269,0.111827,0,0,0,1,0,0,-0.4252546,1.333753,-0.4252509,-0.001108647,-0.009161238,-0.00715405,-0.04066825,0,0,0,1,0,0,0.0002468464,1.333371,-0.6000142,-0.004333073,0.0185907,-0.01193583,-0.117758,0,0,0,1,0,0,0.4237229,1.333192,-0.4235415,0.005576017,-0.0008404258,-0.02260805,-0.03484738,0,0,0,1,0,0,0.3889087,2,0.3889088,0,0,0,0.05000001,0,0,0,0,0,0,0.55,2,4.808253E-08,0,0,0,0.05000001,0,0,0,0,0,0,-6.558685E-09,2,0.55,0,0,0,0.05000001,0,0,0,0,0,0,0.3889087,2,-0.3889087,0,0,0,0.04999995,0,0,0,0,0,0,-0.3889089,2,0.3889086,0,0,0,0.05000001,0,0,0,0,0,0,2.404126E-08,2,-0.55,0,0,0,0.05000001,0,0,0,0,0,0,-0.3889087,2,-0.3889087,0,0,0,0.04999995,0,0,0,0,0,0,-0.55,2,0,0,0,0,0.05000001,0,0,0,0,0,0
200,0.0003269673,0.6664534,0.6485209,-0.02578993,0.003328921,0.05842151,-0.2500493,0,0,0,1,0,0,-0.4585445,0.6662591,0.4583913,-0.02040715,0.02626182,0.05947652,-0.1402715,0,0,0,1,0,0,-0.4929163,-0.0009587474,0.4914889,-0.1186803,0.03918192,0.1784921,-0.04651475,0,0,0,1,0,0,0.001038045,0.00149917,0.7048413,-0.05810642,-0.0712262,-0.02640189,-0.1356686,0,0,0,1,0,0,-0.7016046,0.0002436276,-0.0006823039,-0.1265288,0.03059096,0.100039,0.1371224,0,0,0,1,0,0,0.4606093,0.6676958,0.4611098,-0.08057806,-0.0451863,-0.04256817,-0.1465575,0,0,0,1,0,0,0.4980751,0.001047554,0.4979521,-0.08298162,-0.007159202,-0.01757295,-0.04682577,0,0,0,1,0,0,-0.6500065,0.667097,-0.0009696278,0.0551671,-0.01159609,0.04005742,0.05294043,0,0,0,1,0,0,-0.4968731,0.0004292059,-0.4968291,0.06605092,-0.03100344,0.06972852,-0.03889376,0,0,0,1,0,0,0.6485002,0.6661608,0.0006108132,-0.06524625,-0.02681018,0.01484897,0.04143631,0,0,0,1,0,0,0.6977783,-0.0004832762,0.001827304,0.1404107,0.02366345,-0.03928996,0.1261497,0,0,0,1,0,0,-0.4603355,0.6668744,-0.4600848,0.05389007,-0.03744663,0.07323924,-0.1308305,0,0,0,1,0,0,-0.0008977731,0.0004650319,-0.7018806,0.06461189,-0.03461343,0.05171003,-0.1268518,0,0,0,1,0,0,0.4578774,0.6659572,-0.4575529,0.02612175,0.00101924,0.000587106,-0.1178262,0,0,0,1,0,0,0.4940282,-0.0002454533,-0.4943728,0.09292666,0.0006462959,-0.04435183,-0.02925509,0,0,0,1,0,0,-0.000550137,0.6668122,-0.6502577,0.02494572,-0.01593233,0.03964008,-0.2283633,0,0,0,1,0,0,0.4242139,1.333745,0.4245431,-0.04241617,0.004243853,-0.0007063153,-0.04909396,0,0,0,1,0,0,-0.0001853633,1.333112,0.5997903,0.01185881,0.01210571,0.0248313,-0.1233917,0,0,0,1,0,0,-0.4239954,1.33335,0.42388,0.009603802,0.02081991,0.01860411,-0.04141098,0,0,0,1,0,0,0.6008046,1.333397,-2.346089E-06,-0.05484226,-0.001448393,0.01847573,0.1064484,0,0,0,1,0,0,-0.6001313,1.333475,-1.927607E-05,0.007453564,0.004714729,0.0154131,0.1125964,0,0,0,1,0,0,-0.4251417,1.333814,-0.4250486,0.005649033,0.003087522,0.01011491,-0.04394174,0,0,0,1,0,0,-4.542948E-05,1.333424,-0.6001322,-0.0146138,0.002694131,-0.005900862,-0.1176386,0,0,0,1,0,0,0.4239319,1.333144,-0.4236946,0.0104487,-0.00241995,-0.007656219,-0.0315634,0,0,0,1,0,0,0.3889087,2,0.3889088,0,0,0,0.05000001,0,0,0,0,0,0,0.55,2,4.808253E-08,0,0,0,0.05000001,0,0,0,0,0,0,-6.558685E-09,2,0.55,0,0,0,0.05000001,0,0,0,0,0,0,0.3889087,2,-0.3889087,0,0,0,0.04999995,0,0,0,0,0,0,-0.3889089,2,0.3889086,0,0,0,0.05000001,0,0,0,0,0,0,2.404126E-08,2,-0.55,0,0,0,0.05000001,0,0,0,0,0,0,-0.3889087,2,-0.3889087,0,0,0,0.04999995,0,0,0,0,0,0,-0.55,2,0,0,0,0,0.05000001,0,0,0,0,0,0
201,-0.0005589101,0.6667457,0.6494735,-0.04429389,0.01461804,0.04763009,-0.2488988,0,0,0,1,0,0,-0.4592561,0.6664392,0.459936,-0.03557952,0.009009246,0.07723722,-0.1318877,0,0,0,1,0,0,-0.4959601,-4.749966E-05,0.4956331,-0.1521856,0.04556241,0.2072126,-0.03215039,0,0,0,1,0,0,-7.330693E-05,0.0003473136,0.7025379,-0.05556762,-0.05759282,-0.1151681,-0.1368577,0,0,0,1,0,0,-0.7022499,0.0004254534,0.0005122825,-0.03226699,0.009091292,0.05972935,0.1296793,0,0,0,1,0,0,0.4588195,0.6666765,0.4596902,-0.08949194,-0.05096497,-0.07098171,-0.1558521,0,0,0,1,0,0,0.4953698,0.0004541715,0.4966382,-0.1352654,-0.02966916,-0.06569179,-0.05965585,0,0,0,1,0,0,-0.6492675,0.6667211,0.0004574315,0.03695191,-0.01879633,0.071353,0.05157608,0,0,0,1,0,0,-0.4951728,0.0001873633,-0.4950151,0.08501712,-0.01209214,0.09069744,-0.05156744,0,0,0,1,0,0,0.6484882,0.6664033,0.0005633927,-0.0006020071,0.01212359,-0.002371026,0.03415883,0,0,0,1,0,0,0.7008053,0.0002214369,0.0007146348,0.1513512,0.03523567,-0.05563351,0.1176987,0,0,0,1,0,0,-0.4593117,0.6662995,-0.4589691,0.051187,-0.02874733,0.05578401,-0.139303,0,0,0,1,0,0,0.0004306291,-2.571401E-05,-0.7001992,0.06642014,-0.0245373,0.0840694,-0.1276862,0,0,0,1,0,0,0.4591903,0.666631,-0.4585278,0.06564411,0.03369452,-0.04874619,-0.1091134,0,0,0,1,0,0,0.4959429,0.0002415986,-0.4951977,0.09573553,0.0243526,-0.04124792,-0.01658809,0,0,0,1,0,0,7.709214E-05,0.6666532,-0.6493451,0.03136147,-0.007948282,0.04563035,-0.2290101,0,0,0,1,0,0,0.4240864,1.333796,0.4246395,-0.006377699,0.002515317,0.004819037,-0.05242491,0,0,0,1,0,0,0.0002299697,1.333661,0.6003018,0.02076666,0.02744199,0.02557338,-0.1226455,0,0,0,1,0,0,-0.4243199,1.333769,0.4244062,-0.0162229,0.02096892,0.02631099,-0.0375132,0,0,0,1,0,0,0.6000677,1.333534,0.0004653826,-0.03684463,0.006812814,0.02338644,0.1020703,0,0,0,1,0,0,-0.6002387,1.333505,0.0002157636,-0.005370381,0.001502038,0.01175199,0.1091823,0,0,0,1,0,0,-0.4244054,1.333557,-0.4245006,0.03681184,-0.01285077,0.02740027,-0.04801917,0,0,0,1,0,0,-0.0001968297,1.333433,-0.600185,-0.007570016,0.000447035,-0.002643467,-0.1175961,0,0,0,1,0,0,0.424316,1.333573,-0.4243007,0.01920313,0.02147556,-0.03030599,-0.02769911,0,0,0,1,0,0,0.3889087,2,0.3889088,0,0,0,0.05000001,0,0,0,0,0,0,0.55,2,4.808253E-08,0,0,0,0.05000001,0,0,0,0,0,0,-6.558685E-09,2,0.55,0,0,0,0.05000001,0,0,0,0,0,0,0.3889087,2,-0.3889087,0,0,0,0.04999995,0,0,0,0,0,0,-0.3889089,2,0.3889086,0,0,0,0.05000001,0,0,0,0,0,0,2.404126E-08,2,-0.55,0,0,0,0.05000001,0,0,0,0,0,0,-0.3889087,2,-0.3889087,0,0,0,0.04999995,0,0,0,0,0,0,-0.55,2,0,0,0,0,0.05000001,0,0,0,0,0,0
202,-0.000711021,0.6669685,0.650539,-0.00760555,0.01114011,0.05327763,-0.2475204,0,0,0,1,0,0,-0.4603041,0.6671495,0.4604549,-0.05239698,0.03551246,0.02594591,-0.1242139,0,0,0,1,0,0,-0.4978412,0.0008210551,0.4989329,-0.09405915,0.04342775,0.1649872,-0.01976204,0,0,0,1,0,0,-0.001111068,-2.561742E-05,0.6999205,-0.05188807,-0.01864656,-0.130868,-0.1383119,0,0,0,1,0,0,-0.7012855,0.0001760272,0.001573725,0.04822018,-0.01247131,0.05307212,0.1186484,0,0,0,1,0,0,0.457391,0.6659094,0.4583325,-0.07142726,-0.0383556,-0.06788227,-0.1642952,0,0,0,1,0,0,0.4930631,-0.0002978801,0.4943427,-0.115335,-0.0376026,-0.1147777,-0.07154679,0,0,0,1,0,0,-0.6490723,0.6663643,0.001409154,0.009757284,-0.01783968,0.04758612,0.04497725,0,0,0,1,0,0,-0.4940489,-0.0002308179,-0.4936265,0.05619528,-0.02090906,0.0694305,-0.06255871,0,0,0,1,0,0,0.6492754,0.6664971,0.000224661,0.03935994,0.004687907,-0.01693659,0.02823979,0,0,0,1,0,0,0.7030323,0.00076522,-0.0006296497,0.1113475,0.02718916,-0.06721425,0.1096057,0,0,0,1,0,0,-0.458424,0.6661842,-0.4578185,0.0443876,-0.005763771,0.05752894,-0.1471574,0,0,0,1,0,0,0.001222517,-0.0002986369,-0.6988046,0.03959442,-0.01364615,0.0697315,-0.1280034,0,0,0,1,0,0,0.4608158,0.6668462,-0.4600583,0.08127543,0.01075864,-0.07652643,-0.1004861,0,0,0,1,0,0,0.4967141,0.0002570204,-0.4959958,0.03855826,0.0007710896,-0.03990681,-0.005451441,0,0,0,1,0,0,0.0006181,0.6664624,-0.6488702,0.0270504,-0.009539727,0.02374352,-0.229084,0,0,0,1,0,0,0.4238046,1.333408,0.4241462,-0.01408905,-0.01937152,-0.02466143,-0.05608201,0,0,0,1,0,0,-0.0002556537,1.333726,0.6009904,-0.02428118,0.003236533,0.03443064,-0.1221224,0,0,0,1,0,0,-0.4248115,1.333835,0.4251022,-0.02458096,0.003296138,0.03479721,-0.03394103,0,0,0,1,0,0,0.5993,1.333412,0.0003222858,-0.03838839,-0.006085637,-0.007154845,0.09801263,0,0,0,1,0,0,-0.6002409,1.33352,5.790059E-05,-0.0001102686,0.0007331374,-0.007893154,0.1058087,0,0,0,1,0,0,-0.4235734,1.333203,-0.4238174,0.04159959,-0.01770259,0.03416093,-0.05202872,0,0,0,1,0,0,-0.0002425604,1.33344,-0.6000466,-0.002286532,0.0003278257,0.006923082,-0.1176838,0,0,0,1,0,0,0.4245143,1.333563,-0.4248518,0.009918217,-0.0004827978,-0.02755524,-0.02451658,0,0,0,1,0,0,0.3889087,2,0.3889088,0,0,0,0.05000001,0,0,0,0,0,0,0.55,2,4.808253E-08,0,0,0,0.05000001,0,0,0,0,0,0,-6.558685E-09,2,0.55,0,0,0,0.05000001,0,0,0,0,0,0,0.3889087,2,-0.3889087,0,0,0,0.04999995,0,0,0,0,0,0,-0.3889089,2,0.3889086,0,0,0,0.05000001,0,0,0,0,0,0,2.404126E-08,2,-0.55,0,0,0,0.05000001,0,0,0,0,0,0,-0.3889087,2,-0.3889087,0,0,0,0.04999995,0,0,0,0,0,0,-0.55,2,0,0,0,0,0.05000001,0,0,0,0,0,0
203,-0.0005992395,0.667091,0.6517749,0.005589079,0.00612438,0.06179514,-0.2458556,0,0,0,1,0,0,-0.4606769,0.667707,0.4609737,-0.01864285,0.0278771,0.02593697,-0.1171589,0,0,0,1,0,0,-0.498603,0.00185157,0.5003398,-0.03809036,0.05152575,0.07034692,-0.008942485,0,0,0,1,0,0,-0.001614077,-0.0008405951,0.6971178,-0.02515047,-0.0407489,-0.1401365,-0.1393706,0,0,0,1,0,0,-0.7003905,0.0003252268,0.002142102,0.04475119,0.007459983,0.02841888,0.1074225,0,0,0,1,0,0,0.4573025,0.6659207,0.4581209,-0.004425647,0.0005662444,-0.01058281,-0.1711027,0,0,0,1,0,0,0.4914672,-0.0006927876,0.4922808,-0.07979575,-0.01974538,-0.1030952,-0.08282179,0,0,0,1,0,0,-0.6492775,0.6663973,0.001266642,-0.01025796,0.001651049,-0.007125587,0.03824818,0,0,0,1,0,0,-0.4934591,-0.000258425,-0.4931126,0.02948941,-0.001380358,0.02569557,-0.07281017,0,0,0,1,0,0,0.6498643,0.6667848,-0.0005604173,0.02944471,0.01438857,-0.03925393,0.02220941,0,0,0,1,0,0,0.7038134,0.001362524,-0.001486283,0.03905596,0.02986521,-0.0428317,0.1000571,0,0,0,1,0,0,-0.4582163,0.666042,-0.4578003,0.01038313,-0.007110837,0.0009104613,-0.1539842,0,0,0,1,0,0,0.001722993,-0.0003959185,-0.6979872,0.02502383,-0.004864085,0.04086794,-0.1275191,0,0,0,1,0,0,0.4615229,0.6675357,-0.4614,0.03535302,0.03447236,-0.06708506,-0.09279084,0,0,0,1,0,0,0.497213,0.0003389411,-0.49637,0.02494753,0.004096035,-0.01870544,0.005433619,0,0,0,1,0,0,0.0006615942,0.6664709,-0.6488329,0.002174712,0.0004231932,0.001868606,-0.2286078,0,0,0,1,0,0,0.4238619,1.333219,0.4241155,0.002864004,-0.009459261,-0.00153631,-0.05927414,0,0,0,1,0,0,0.0003169334,1.333781,0.6010789,0.02862937,0.002765657,0.004425647,-0.1220354,0,0,0,1,0,0,-0.4243714,1.333603,0.4248875,0.02200455,-0.01163483,-0.01073331,-0.03147918,0,0,0,1,0,0,0.5990453,1.33344,0.0002975926,-0.01273156,0.001412631,-0.001234661,0.09436125,0,0,0,1,0,0,-0.6001441,1.333497,-8.9983E-05,0.004842879,-0.001156331,-0.007394182,0.1023054,0,0,0,1,0,0,-0.423504,1.33314,-0.4235092,0.003471972,-0.003165008,0.01541079,-0.05523461,0,0,0,1,0,0,-0.0002272861,1.333803,-0.6002321,0.0007637154,0.01813174,-0.009277467,-0.1172873,0,0,0,1,0,0,0.4248543,1.33368,-0.4250499,0.01699925,0.005829337,-0.009906296,-0.02124864,0,0,0,1,0,0,0.3889087,2,0.3889088,0,0,0,0.05000001,0,0,0,0,0,0,0.55,2,4.808253E-08,0,0,0,0.05000001,0,0,0,0,0,0,-6.558685E-09,2,0.55,0,0,0,0.05000001,0,0,0,0,0,0,0.3889087,2,-0.3889087,0,0,0,0.04999995,0,0,0,0,0,0,-0.3889089,2,0.3889086,0,0,0,0.05000001,0,0,0,0,0,0,2.404126E-08,2,-0.55,0,0,0,0.05000001,0,0,0,0,0,0,-0.3889087,2,-0.3889087,0,0,0,0.04999995,0,0,0,0,0,0,-0.55,2,0,0,0,0,0.05000001,0,0,0,0,0,0
204,-0.000315842,0.6672708,0.6521149,0.01416988,0.008988384,0.01699925,-0.2450379,0,0,0,1,0,0,-0.4611072,0.6677428,0.4610923,-0.02151282,0.00178814,0.005930664,-0.1108798,0,0,0,1,0,0,-0.4978646,0.002356368,0.5001366,0.0369236,0.02523992,-0.01015962,-0.0007256269,0,0,0,1,0,0,-0.001675235,-0.0009088433,0.6955932,-0.003057912,-0.003412411,-0.07622841,-0.139488,0,0,0,1,0,0,-0.6990249,6.975595E-05,0.001662938,0.06828013,-0.01277355,-0.02395822,0.0966723,0,0,0,1,0,0,0.4580505,0.6657227,0.4582958,0.03740193,-0.009900335,0.008745495,-0.1763588,0,0,0,1,0,0,0.4909731,-0.0009772955,0.4913023,-0.02470762,-0.0142254,-0.04892351,-0.09174597,0,0,0,1,0,0,-0.6493292,0.6666429,0.0008881261,-0.002583862,0.01227856,-0.0189258,0.03193009,0,0,0,1,0,0,-0.4934111,-0.0002973774,-0.4931524,0.002402068,-0.00194762,-0.001990796,-0.08129758,0,0,0,1,0,0,0.6507009,0.6670499,-0.001040959,0.04183055,0.0132531,-0.0240271,0.01693797,0,0,0,1,0,0,0.7034678,0.001365873,-0.001916636,-0.01727939,0.0001674752,-0.02151765,0.09065825,0,0,0,1,0,0,-0.4584445,0.6661547,-0.4586314,-0.01140982,0.005638602,-0.04155339,-0.1593971,0,0,0,1,0,0,0.001517252,-0.0005748212,-0.6976176,-0.01028708,-0.008945137,0.01848043,-0.1264767,0,0,0,1,0,0,0.461572,0.6677042,-0.462225,0.002457202,0.00842512,-0.04124941,-0.08658278,0,0,0,1,0,0,0.496754,0.0004307976,-0.4965412,-0.02295227,0.004592828,-0.008562211,0.01447159,0,0,0,1,0,0,0.0004058728,0.666639,-0.649345,-0.01278608,0.008407239,-0.02560616,-0.2275518,0,0,0,1,0,0,0.4239209,1.333313,0.4238148,0.002951921,0.004673006,-0.01503677,-0.06206214,0,0,0,1,0,0,2.611908E-06,1.333793,0.6007131,-0.01571608,0.0005781653,-0.01828969,-0.122253,0,0,0,1,0,0,-0.4243603,1.33372,0.4248148,0.0005543234,0.005847218,-0.003635885,-0.02875656,0,0,0,1,0,0,0.5987341,1.333452,-7.994127E-05,-0.01556278,0.0005781653,-0.0188767,0.09111083,0,0,0,1,0,0,-0.6000194,1.333429,-0.0002101918,0.006234648,-0.003409387,-0.006010443,0.09908986,0,0,0,1,0,0,-0.4235306,1.333026,-0.4237064,-0.001332164,-0.005710127,-0.009863082,-0.05796462,0,0,0,1,0,0,-6.115562E-05,1.333521,-0.6001827,0.008306526,-0.01407266,0.002473594,-0.1175116,0,0,0,1,0,0,0.4248016,1.333484,-0.4251508,-0.002637506,-0.009810928,-0.005044045,-0.01878762,0,0,0,1,0,0,0.3889087,2,0.3889088,0,0,0,0.05000001,0,0,0,0,0,0,0.55,2,4.808253E-08,0,0,0,0.05000001,0,0,0,0,0,0,-6.558685E-09,2,0.55,0,0,0,0.05000001,0,0,0,0,0,0,0.3889087,2,-0.3889087,0,0,0,0.04999995,0,0,0,0,0,0,-0.3889089,2,0.3889086,0,0,0,0.05000001,0,0,0,0,0,0,2.404126E-08,2,-0.55,0,0,0,0.05000001,0,0,0,0,0,0,-0.3889087,2,-0.3889087,0,0,0,0.04999995,0,0,0,0,0,0,-0.55,2,0,0,0,0,0.05000001,0,0,0,0,0,0
205,-0.0001067736,0.6671034,0.6522782,0.01045342,-0.008368496,0.008162859,-0.2442791,0,0,0,1,0,0,-0.4610699,0.6675001,0.4608756,0.001861156,-0.01213253,-0.01083464,-0.1050537,0,0,0,1,0,0,-0.4967015,0.001420648,0.4981757,0.0581518,-0.04678599,-0.09804819,0.007261753,0,0,0,1,0,0,-0.001334927,-0.0008129874,0.6956932,0.01701541,0.004792797,0.004997851,-0.1380057,0,0,0,1,0,0,-0.6982385,-7.678989E-05,0.0006825029,0.0393212,-0.007327295,-0.04902176,0.08610594,0,0,0,1,0,0,0.4586281,0.6660696,0.4589011,0.02888293,0.01734496,0.03026576,-0.1817031,0,0,0,1,0,0,0.4919133,-0.0006108187,0.4918279,0.04701318,0.01832385,0.02628119,-0.09921455,0,0,0,1,0,0,-0.6500622,0.6663868,0.0008391116,-0.03665091,-0.01280308,-0.002450724,0.02616805,0,0,0,1,0,0,-0.493628,3.474881E-05,-0.4936753,-0.01084656,0.01660632,-0.02614261,-0.08955622,0,0,0,1,0,0,0.6509312,0.6672006,-0.0009405697,0.0115186,0.00753701,0.00501947,0.01070714,0,0,0,1,0,0,0.7020986,0.001113055,-0.001677222,-0.06845894,-0.01264094,0.01197073,0.08009642,0,0,0,1,0,0,-0.4590024,0.666589,-0.4593959,-0.02789498,0.021711,-0.03822447,-0.1646669,0,0,0,1,0,0,0.0008665795,-0.0003226491,-0.6980262,-0.03253363,0.01260861,-0.0204295,-0.1246888,0,0,0,1,0,0,0.4612049,0.66746,-0.4620068,-0.01835824,-0.01220704,0.01090914,-0.08105773,0,0,0,1,0,0,0.4961023,0.0002638235,-0.4960828,-0.0325814,-0.008348705,0.02291949,0.02346635,0,0,0,1,0,0,0.0004052122,0.666849,-0.6503839,-3.302704E-05,0.01049936,-0.05194845,-0.2258341,0,0,0,1,0,0,0.4239239,1.333113,0.4239538,0.0001519919,-0.009977821,0.006949904,-0.06502575,0,0,0,1,0,0,4.937276E-06,1.333486,0.6002843,0.0001162684,-0.01532436,-0.02144278,-0.1227594,0,0,0,1,0,0,-0.4240274,1.333401,0.424407,0.01664758,-0.01593233,-0.02039076,-0.02659065,0,0,0,1,0,0,0.5990283,1.333287,-8.10387E-05,0.01471341,-0.008249286,-5.487166E-05,0.08803272,0,0,0,1,0,0,-0.5997232,1.333207,-0.0002889908,0.01481176,-0.01110435,-0.003939951,0.095599,0,0,0,1,0,0,-0.4235159,1.333035,-0.4236466,0.0007376078,0.0004768373,0.002993644,-0.06079084,0,0,0,1,0,0,-8.149302E-05,1.333513,-0.6001567,-0.00101687,-0.0003933908,0.001296401,-0.1175279,0,0,0,1,0,0,0.4245187,1.333492,-0.4248183,-0.01414121,0.0003933908,0.01662374,-0.01645327,0,0,0,1,0,0,0.3889087,2,0.3889088,0,0,0,0.05000001,0,0,0,0,0,0,0.55,2,4.808253E-08,0,0,0,0.05000001,0,0,0,0,0,0,-6.558685E-09,2,0.55,0,0,0,0.05000001,0,0,0,0,0,0,0.3889087,2,-0.3889087,0,0,0,0.04999995,0,0,0,0,0,0,-0.3889089,2,0.3889086,0,0,0,0.05000001,0,0,0,0,0,0,2.404126E-08,2,-0.55,0,0,0,0.05000001,0,0,0,0,0,0,-0.3889087,2,-0.3889087,0,0,0,0.04999995,0,0,0,0,0,0,-0.55,2,0,0,0,0,0.05000001,0,0,0,0,0,0
206,-0.0002221667,0.6668398,0.6512297,-0.005769659,-0.01318157,-0.05242529,-0.2445936,0,0,0,1,0,0,-0.4608033,0.6669298,0.460528,0.01333207,-0.02851785,-0.01738072,-0.09956861,0,0,0,1,0,0,-0.4947075,0.0001630178,0.4952868,0.09970371,-0.06288154,-0.1444445,0.01428282,0,0,0,1,0,0,-0.0006774588,-0.000505771,0.6974409,0.03287344,0.01536083,0.08738343,-0.1349968,0,0,0,1,0,0,-0.6986831,9.650447E-05,-3.836843E-05,-0.02223254,0.008664722,-0.03604358,0.07681048,0,0,0,1,0,0,0.4599061,0.6665688,0.4597859,0.0638962,0.02495945,0.04423859,-0.1862216,0,0,0,1,0,0,0.4933104,-0.0001806816,0.4932962,0.06985369,0.02150686,0.07341209,-0.1057081,0,0,0,1,0,0,-0.6505789,0.6665473,0.0002229332,-0.02583266,0.008022788,-0.03080893,0.02003795,0,0,0,1,0,0,-0.4940711,0.0002431833,-0.4942423,-0.02215655,0.01042173,-0.02834947,-0.09732372,0,0,0,1,0,0,0.6508057,0.6669484,-0.0005400453,-0.006279352,-0.01261235,0.02002623,0.004047215,0,0,0,1,0,0,0.6999327,0.0003963113,-0.0007802204,-0.1082957,-0.03583719,0.04485009,0.06896728,0,0,0,1,0,0,-0.4595503,0.6668781,-0.4599297,-0.0273958,0.01445711,-0.02668948,-0.1699864,0,0,0,1,0,0,0.0001587174,-0.0002198838,-0.6991494,-0.03539312,0.005138263,-0.0561625,-0.1219831,0,0,0,1,0,0,0.4605154,0.6671467,-0.4607657,-0.03447236,-0.01566709,0.06205442,-0.07631522,0,0,0,1,0,0,0.4951243,0.0003136735,-0.4954193,-0.04890116,0.002492501,0.03317447,0.03198254,0,0,0,1,0,0,0.0001800456,0.6667516,-0.6509846,-0.01125834,-0.004872682,-0.03003181,-0.2244841,0,0,0,1,0,0,0.4239004,1.333235,0.4240766,-0.001177192,0.006073716,0.006139281,-0.0677731,0,0,0,1,0,0,-0.0002727134,1.333294,0.5998078,-0.01388254,-0.009626154,-0.02382399,-0.1231948,0,0,0,1,0,0,-0.4240617,1.333281,0.4240196,-0.001718105,-0.00599623,-0.01937003,-0.02407151,0,0,0,1,0,0,0.5993068,1.333326,1.845553E-05,0.01392365,0.001978875,0.004974714,0.08504337,0,0,0,1,0,0,-0.5994309,1.333012,-0.0001650512,0.01461506,-0.0097096,0.006196985,0.09222358,0,0,0,1,0,0,-0.423714,1.333143,-0.4238343,-0.009903315,0.005406144,-0.009386245,-0.06330603,0,0,0,1,0,0,8.969029E-05,1.333122,-0.5998124,0.008559169,-0.01953841,0.01721383,-0.1180267,0,0,0,1,0,0,0.4242899,1.333461,-0.4244488,-0.01144112,-0.001519919,0.01847447,-0.01415706,0,0,0,1,0,0,0.3889087,2,0.3889088,0,0,0,0.05000001,0,0,0,0,0,0,0.55,2,4.808253E-08,0,0,0,0.05000001,0,0,0,0,0,0,-6.558685E-09,2,0.55,0,0,0,0.05000001,0,0,0,0,0,0,0.3889087,2,-0.3889087,0,0,0,0.04999995,0,0,0,0,0,0,-0.3889089,2,0.3889086,0,0,0,0.05000001,0,0,0,0,0,0,2.404126E-08,2,-0.55,0,0,0,0.05000001,0,0,0,0,0,0,-0.3889087,2,-0.3889087,0,0,0,0.04999995,0,0,0,0,0,0,-0.55,2,0,0,0,0,0.05000001,0,0,0,0,0,0
207,6.005771E-05,0.6666062,0.6500464,0.01411123,-0.01167953,-0.05916359,-0.2446829,0,0,0,1,0,0,-0.4599941,0.666546,0.4597184,0.04046114,-0.01918972,-0.04047753,-0.09284902,0,0,0,1,0,0,-0.4934497,-0.0006568493,0.4922238,0.06288739,-0.04099337,-0.1531482,0.02497971,0,0,0,1,0,0,-6.545876E-06,2.96166E-05,0.699698,0.03354566,0.02676939,0.1128585,-0.1307114,0,0,0,1,0,0,-0.6995028,0.000126371,-0.0004898813,-0.04098119,0.001493325,-0.02257565,0.06495881,0,0,0,1,0,0,0.4606177,0.6670813,0.4606363,0.0355825,0.02562405,0.04252346,-0.1933033,0,0,0,1,0,0,0.4950031,0.0001099964,0.4950029,0.08463416,0.0145339,0.08533452,-0.1142837,0,0,0,1,0,0,-0.6507813,0.6670171,-0.0005668101,-0.01012385,0.0234902,-0.03948718,0.01136571,0,0,0,1,0,0,-0.4946259,0.0001857874,-0.494989,-0.02773703,-0.002869797,-0.03733636,-0.1073613,0,0,0,1,0,0,0.650444,0.6665911,3.880473E-05,-0.01808406,-0.01786352,0.02894251,-0.005117297,0,0,0,1,0,0,0.6980187,-0.0004608892,0.0006136499,-0.09570125,-0.04286004,0.06969354,0.05501455,0,0,0,1,0,0,-0.4602206,0.6668647,-0.4604071,-0.03351273,-0.0006705525,-0.02387316,-0.1772873,0,0,0,1,0,0,-0.0004384667,0.0002310037,-0.7000596,-0.02985922,0.02254438,-0.04550816,-0.1185977,0,0,0,1,0,0,0.459495,0.6666256,-0.459549,-0.0510201,-0.02605618,0.0608355,-0.06992966,0,0,0,1,0,0,0.493792,-0.0001445192,-0.4942917,-0.06661567,-0.02290965,0.05638155,0.04352176,0,0,0,1,0,0,-0.0002102756,0.666788,-0.6508512,-0.01951606,0.001820923,0.006666782,-0.2234726,0,0,0,1,0,0,0.424229,1.333384,0.424186,0.01643003,0.007468465,0.005471709,-0.07123977,0,0,0,1,0,0,-7.275312E-05,1.333209,0.5996863,0.009998018,-0.004225971,-0.006076696,-0.1233358,0,0,0,1,0,0,-0.4242273,1.33325,0.4240217,-0.008279089,-0.001561642,0.0001057983,-0.02041209,0,0,0,1,0,0,0.5997885,1.333392,0.0001539114,0.02408327,0.003266336,0.006772797,0.08112389,0,0,0,1,0,0,-0.5994891,1.333293,-0.0002130675,-0.002911688,0.01403094,-0.002400815,0.08825749,0,0,0,1,0,0,-0.4241799,1.333364,-0.424222,-0.02329648,0.01103282,-0.01938642,-0.06644988,0,0,0,1,0,0,0.0001379137,1.333333,-0.5997499,0.002411173,0.01055003,0.003129245,-0.1178967,0,0,0,1,0,0,0.4240756,1.333351,-0.4236972,-0.01071692,-0.005495551,0.03758074,-0.01115561,0,0,0,1,0,0,0.3889087,2,0.3889088,0,0,0,0.05000001,0,0,0,0,0,0,0.55,2,4.808253E-08,0,0,0,0.05000001,0,0,0,0,0,0,-6.558685E-09,2,0.55,0,0,0,0.05000001,0,0,0,0,0,0,0.3889087,2,-0.3889087,0,0,0,0.04999995,0,0,0,0,0,0,-0.3889089,2,0.3889086,0,0,0,0.05000001,0,0,0,0,0,0,2.404126E-08,2,-0.55,0,0,0,0.05000001,0,0,0,0,0,0,-0.3889087,2,-0.3889087,0,0,0,0.04999995,0,0,0,0,0,0,-0.55,2,0,0,0,0,0.05000001,0,0,0,0,0,0
208,0.0001707236,0.6664991,0.6491075,0.005533296,-0.00535548,-0.04694464,-0.2446373,0,0,0,1,0,0,-0.4593121,0.6662228,0.4590539,0.03409983,-0.01616181,-0.03322513,-0.08775926,0,0,0,1,0,0,-0.4929456,-0.0009351931,0.490977,0.0252083,-0.0139172,-0.06234201,0.0340088,0,0,0,1,0,0,0.0005911013,0.0006797325,0.7017674,0.02988237,0.03250581,0.1034707,-0.1269644,0,0,0,1,0,0,-0.7000577,-0.0001015147,-0.001058839,-0.02774895,-0.01139429,-0.02844791,0.05584502,0,0,0,1,0,0,0.4610704,0.6675951,0.4611555,0.02263338,0.02568961,0.02595634,-0.198911,0,0,0,1,0,0,0.4964002,0.0005645727,0.4968613,0.06985518,0.02272882,0.09292219,-0.1205075,0,0,0,1,0,0,-0.6511379,0.6673174,-0.0009701063,-0.01782776,0.01501442,-0.02016482,0.00488627,0,0,0,1,0,0,-0.4952047,-2.050753E-05,-0.4957387,-0.02894403,-0.01031475,-0.03748687,-0.1146485,0,0,0,1,0,0,0.6502679,0.6667369,0.0006736522,-0.00880361,0.007289651,0.03174239,-0.0121941,0,0,0,1,0,0,0.6970909,-0.0008507557,0.001684837,-0.04638733,-0.01949334,0.05355939,0.0447517,0,0,0,1,0,0,-0.4605998,0.6670792,-0.4605945,-0.01896323,0.01072586,-0.009366874,-0.1831253,0,0,0,1,0,0,-0.0007856055,0.0003885771,-0.7005746,-0.01735695,0.007878674,-0.02574922,-0.115747,0,0,0,1,0,0,0.4586978,0.6664721,-0.4582157,-0.03986062,-0.007674101,0.06666484,-0.06520021,0,0,0,1,0,0,0.4935417,-0.0002498326,-0.4934372,-0.012514,-0.005265671,0.04272612,0.05310822,0,0,0,1,0,0,-0.0004089829,0.6668778,-0.6507419,-0.009935371,0.004491212,0.005465748,-0.2225672,0,0,0,1,0,0,0.4243399,1.33339,0.4242431,0.005544724,0.0003159047,0.002855064,-0.07410681,0,0,0,1,0,0,-8.870329E-05,1.333055,0.5991221,-0.0007975086,-0.007712844,-0.02820791,-0.1238118,0,0,0,1,0,0,-0.4241079,1.333251,0.4236754,0.005970898,6.556514E-05,-0.01731665,-0.01786429,0,0,0,1,0,0,0.6004845,1.33342,0.0002222363,0.03480019,0.001436473,0.003416243,0.07833517,0,0,0,1,0,0,-0.5997054,1.333273,-2.142011E-05,-0.01081527,-0.001013279,0.009582371,0.08527672,0,0,0,1,0,0,-0.4246069,1.333561,-0.4247585,-0.0213489,0.00983477,-0.02682359,-0.06875151,0,0,0,1,0,0,0.0004748338,1.333123,-0.5995524,0.01684601,-0.01054407,0.009873513,-0.1181422,0,0,0,1,0,0,0.4237038,1.333234,-0.4231791,-0.0185907,-0.00587702,0.02590419,-0.009010255,0,0,0,1,0,0,0.3889087,2,0.3889088,0,0,0,0.05000001,0,0,0,0,0,0,0.55,2,4.808253E-08,0,0,0,0.05000001,0,0,0,0,0,0,-6.558685E-09,2,0.55,0,0,0,0.05000001,0,0,0,0,0,0,0.3889087,2,-0.3889087,0,0,0,0.04999995,0,0,0,0,0,0,-0.3889089,2,0.3889086,0,0,0,0.05000001,0,0,0,0,0,0,2.404126E-08,2,-0.55,0,0,0,0.05000001,0,0,0,0,0,0,-0.3889087,2,-0.3889087,0,0,0,0.04999995,0,0,0,0,0,0,-0.55,2,0,0,0,0,0.05000001,0,0,0,0,0,0
209,4.832165E-05,0.6664279,0.6488616,-0.006120099,-0.003561379,-0.01229644,-0.2438034,0,0,0,1,0,0,-0.4590943,0.6660522,0.458961,0.01089126,-0.008526448,-0.004644694,-0.08229786,0,0,0,1,0,0,-0.4930049,-0.001008937,0.4912122,-0.002968312,-0.003687186,0.01176298,0.04365981,0,0,0,1,0,0,0.0009332756,0.0009776074,0.7026353,0.01710872,0.01489375,0.0433922,-0.1239107,0,0,0,1,0,0,-0.7000319,0.0001191429,-0.001531198,0.001290441,0.01103289,-0.02361797,0.04656851,0,0,0,1,0,0,0.4607957,0.6677464,0.4614449,-0.0137359,0.007563832,0.01447201,-0.2050477,0,0,0,1,0,0,0.4974972,0.0008080401,0.4975536,0.05484971,0.01217338,0.03461541,-0.1269456,0,0,0,1,0,0,-0.650921,0.6671338,-0.0009065825,0.01084507,-0.009179119,0.003176189,-0.001750767,0,0,0,1,0,0,-0.4958037,0.00036934,-0.4960088,-0.02994687,0.01949238,-0.01350195,-0.121932,0,0,0,1,0,0,0.6497126,0.6666216,0.0008011229,-0.02776683,-0.005763771,0.006373535,-0.01921916,0,0,0,1,0,0,0.6974361,-0.000507226,0.00217155,0.01725853,0.01717649,0.02433567,0.03599131,0,0,0,1,0,0,-0.4603921,0.667113,-0.460645,0.01038462,0.001689792,-0.002527238,-0.1893185,0,0,0,1,0,0,-0.0007499756,0.0003374261,-0.7006642,0.001781493,-0.00255755,-0.004479291,-0.1129485,0,0,0,1,0,0,0.4585845,0.6661399,-0.4578622,-0.005662444,-0.01660884,0.01767725,-0.05971736,0,0,0,1,0,0,0.4936624,-0.0001660935,-0.4930819,0.006034973,0.004186955,0.01776517,0.06280822,0,0,0,1,0,0,-0.000168673,0.6666414,-0.6502604,0.0120155,-0.01182259,0.02407731,-0.2218894,0,0,0,1,0,0,0.4242017,1.333525,0.4245062,-0.006911161,0.006747249,0.01315624,-0.07688498,0,0,0,1,0,0,-0.0003027782,1.333102,0.5993552,-0.01070375,0.002354384,0.01165569,-0.1235902,0,0,0,1,0,0,-0.424157,1.333325,0.4237486,-0.002454222,0.003671648,0.003661217,-0.01515132,0,0,0,1,0,0,0.6004767,1.333562,0.0003205131,-0.0003904106,0.007081035,0.004913844,0.07517177,0,0,0,1,0,0,-0.5997844,1.333359,0.0001781061,-0.003948809,0.004309418,0.009976317,0.08236206,0,0,0,1,0,0,-0.4246173,1.333524,-0.4245347,-0.000523031,-0.001817942,0.01119078,-0.07162678,0,0,0,1,0,0,0.0002139482,1.333185,-0.5997632,-0.01304428,0.003105403,-0.0105381,-0.1179595,0,0,0,1,0,0,0.4238744,1.33321,-0.4233883,0.008530919,-0.001192093,-0.01045615,-0.00631237,0,0,0,1,0,0,0.3889087,2,0.3889088,0,0,0,0.05000001,0,0,0,0,0,0,0.55,2,4.808253E-08,0,0,0,0.05000001,0,0,0,0,0,0,-6.558685E-09,2,0.55,0,0,0,0.05000001,0,0,0,0,0,0,0.3889087,2,-0.3889087,0,0,0,0.04999995,0,0,0,0,0,0,-0.3889089,2,0.3889086,0,0,0,0.05000001,0,0,0,0,0,0,2.404126E-08,2,-0.55,0,0,0,0.05000001,0,0,0,0,0,0,-0.3889087,2,-0.3889087,0,0,0,0.04999995,0,0,0,0,0,0,-0.55,2,0,0,0,0,0.05000001,0,0,0,0,0,0
210,0.0002257018,0.6665654,0.6492594,0.008869011,0.006878379,0.01989306,-0.2422683,0,0,0,1,0,0,-0.4589092,0.6662406,0.4589325,0.009253625,0.009420518,-0.001427532,-0.07674336,0,0,0,1,0,0,-0.493831,-0.0005287771,0.4926054,-0.04130305,0.02400799,0.06966147,0.05441743,0,0,0,1,0,0,0.0004559842,0.0007670118,0.7023188,-0.02386457,-0.01052979,-0.01582504,-0.1211759,0,0,0,1,0,0,-0.6997268,-0.0001449192,-0.0007754103,0.01525581,-0.01320312,0.03778942,0.03759861,0,0,0,1,0,0,0.4602493,0.6673725,0.4607562,-0.02731831,-0.01869202,-0.03443511,-0.2120507,0,0,0,1,0,0,0.4971385,0.0008122159,0.4974025,-0.01793206,0.0002087881,-0.007554892,-0.1347331,0,0,0,1,0,0,-0.6503868,0.6670644,-0.0006109926,0.02671183,-0.003468992,0.0147795,-0.008731425,0,0,0,1,0,0,-0.4958268,9.323135E-06,-0.4960336,-0.001157821,-0.01800085,-0.001239777,-0.1294103,0,0,0,1,0,0,0.6493525,0.6665293,0.0007539026,-0.01800359,-0.004616382,-0.002361014,-0.02615112,0,0,0,1,0,0,0.6986477,-0.0005183753,0.001672067,0.06058218,-0.0005574637,-0.02497419,0.02839029,0,0,0,1,0,0,-0.4602102,0.6669087,-0.4605368,0.009097163,-0.01021326,0.005409124,-0.1957031,0,0,0,1,0,0,-0.0004147417,0.0002748915,-0.7002123,0.0167617,-0.00312673,0.02259315,-0.110234,0,0,0,1,0,0,0.4589196,0.6661773,-0.4580069,0.01675338,0.001868606,-0.007237497,-0.05359524,0,0,0,1,0,0,0.4939048,-0.0002683689,-0.4937105,0.01211763,-0.005113771,-0.03143401,0.07325768,0,0,0,1,0,0,-0.0004842502,0.6666006,-0.6496645,-0.01577887,-0.00203848,0.02979637,-0.2213008,0,0,0,1,0,0,0.4243942,1.333557,0.4245331,0.009629134,0.001597405,0.001342595,-0.0796482,0,0,0,1,0,0,-0.0001143895,1.333316,0.5997665,0.009419442,0.01068116,0.02056361,-0.1231588,0,0,0,1,0,0,-0.4241352,1.333356,0.4239532,0.001087785,0.001573563,0.01022965,-0.01244539,0,0,0,1,0,0,0.6004197,1.333465,0.0001426472,-0.002849103,-0.004869701,-0.008893296,0.07186812,0,0,0,1,0,0,-0.6001403,1.333461,0.000163054,-0.01779795,0.00511408,-0.0007526079,0.07952929,0,0,0,1,0,0,-0.4245129,1.333458,-0.4244342,0.005221369,-0.00331998,0.005021693,-0.07462329,0,0,0,1,0,0,0.0001671037,1.333108,-0.599862,-0.002342229,-0.003814699,-0.004944207,-0.1179345,0,0,0,1,0,0,0.4241949,1.333431,-0.4237087,0.01602471,0.01103878,-0.01602173,-0.003290415,0,0,0,1,0,0,0.3889087,2,0.3889088,0,0,0,0.05000001,0,0,0,0,0,0,0.55,2,4.808253E-08,0,0,0,0.05000001,0,0,0,0,0,0,-6.558685E-09,2,0.55,0,0,0,0.05000001,0,0,0,0,0,0,0.3889087,2,-0.3889087,0,0,0,0.04999995,0,0,0,0,0,0,-0.3889089,2,0.3889086,0,0,0,0.05000001,0,0,0,0,0,0,2.404126E-08,2,-0.55,0,0,0,0.05000001,0,0,0,0,0,0,-0.3889087,2,-0.3889087,0,0,0,0.04999995,0,0,0,0,0,0,-0.55,2,0,0,0,0,0.05000001,0,0,0,0,0,0
211,0.0002727416,0.66677,0.6501763,0.002351989,0.01023114,0.04584493,-0.2396786,0,0,0,1,0,0,-0.459078,0.6666961,0.4591459,-0.008440021,0.02277196,0.01067222,-0.06902725,0,0,0,1,0,0,-0.4949549,0.0001317125,0.4949744,-0.05619528,0.03302449,0.1184464,0.0688929,0,0,0,1,0,0,0.0002782816,0.0004412823,0.7014219,-0.008885135,-0.01628648,-0.04484655,-0.1176515,0,0,0,1,0,0,-0.6996073,-0.000141224,-0.0003806629,0.005978348,0.0001847636,0.01973738,0.02584118,0,0,0,1,0,0,0.4597315,0.6669815,0.4598414,-0.02589227,-0.01955331,-0.04573913,-0.2211296,0,0,0,1,0,0,0.4960195,0.0003990082,0.4964334,-0.05594941,-0.02066039,-0.04845412,-0.1453611,0,0,0,1,0,0,-0.650361,0.6667125,6.902965E-05,0.001287461,-0.0175953,0.03400113,-0.01728034,0,0,0,1,0,0,-0.4957433,1.437393E-05,-0.4954473,0.004176797,0.0002525396,0.02931209,-0.1395995,0,0,0,1,0,0,0.6498148,0.6667593,0.0004877079,0.02311767,0.01150072,-0.01330974,-0.03437924,0,0,0,1,0,0,0.7000055,-5.517709E-05,0.0006434526,0.06788674,0.02315992,-0.05143072,0.01827312,0,0,0,1,0,0,-0.4598165,0.6667603,-0.4600762,0.01968295,-0.007423761,0.02303422,-0.2044151,0,0,0,1,0,0,-0.0002079454,1.275504E-05,-0.699909,0.01033982,-0.01310683,0.01516343,-0.105965,0,0,0,1,0,0,0.4591356,0.6663514,-0.4587471,0.01079888,0.008708242,-0.03700854,-0.04560572,0,0,0,1,0,0,0.4950776,0.0001918185,-0.4943954,0.05864205,0.02300938,-0.03424139,0.08763134,0,0,0,1,0,0,-0.0002585978,0.6664457,-0.6494861,0.01128263,-0.007745627,0.008916859,-0.2196445,0,0,0,1,0,0,0.4241945,1.333497,0.4246218,-0.009986762,-0.002986194,0.004436078,-0.08366257,0,0,0,1,0,0,3.073809E-05,1.33329,0.5997369,0.00725638,-0.001317263,-0.001478196,-0.1231909,0,0,0,1,0,0,-0.4241145,1.333375,0.4239835,0.001038611,0.0009596352,0.001513959,-0.008969784,0,0,0,1,0,0,0.6000667,1.333561,-5.076152E-05,-0.01765192,0.004827978,-0.009670442,0.0673908,0,0,0,1,0,0,-0.600255,1.333495,3.7241E-05,-0.005730989,0.001674891,-0.006290652,0.0754112,0,0,0,1,0,0,-0.424486,1.333664,-0.4244328,0.001344085,0.01029373,7.15256E-05,-0.07827884,0,0,0,1,0,0,0.0001825044,1.33338,-0.5998207,0.000770036,0.0135541,0.002065302,-0.1177419,0,0,0,1,0,0,0.4240891,1.333247,-0.4240494,-0.005289914,-0.009202961,-0.01703651,-2.753735E-05,0,0,0,1,0,0,0.3889087,2,0.3889088,0,0,0,0.05000001,0,0,0,0,0,0,0.55,2,4.808253E-08,0,0,0,0.05000001,0,0,0,0,0,0,-6.558685E-09,2,0.55,0,0,0,0.05000001,0,0,0,0,0,0,0.3889087,2,-0.3889087,0,0,0,0.04999995,0,0,0,0,0,0,-0.3889089,2,0.3889086,0,0,0,0.05000001,0,0,0,0,0,0,2.404126E-08,2,-0.55,0,0,0,0.05000001,0,0,0,0,0,0,-0.3889087,2,-0.3889087,0,0,0,0.04999995,0,0,0,0,0,0,-0.55,2,0,0,0,0,0.05000001,0,0,0,0,0,0
212,8.225297E-05,0.6667771,0.6504482,-0.009524434,0.0003516675,0.01359284,-0.2379947,0,0,0,1,0,0,-0.4594806,0.6666779,0.459988,-0.02013297,-0.0009089712,0.04210325,-0.06280339,0,0,0,1,0,0,-0.4956349,0.0005216255,0.4965716,-0.03400148,0.01949566,0.07986131,0.0795455,0,0,0,1,0,0,6.373361E-05,-6.779442E-05,0.6999187,-0.0107274,-0.02545385,-0.07515851,-0.1153028,0,0,0,1,0,0,-0.6995018,4.117723E-05,0.0001479167,0.005275013,0.009120064,0.02642899,0.01724899,0,0,0,1,0,0,0.4591478,0.6663877,0.4595167,-0.02918394,-0.02968908,-0.01623631,-0.2279172,0,0,0,1,0,0,0.4946766,-8.598954E-05,0.4947902,-0.06714764,-0.02424989,-0.08216205,-0.1537571,0,0,0,1,0,0,-0.650156,0.6665144,0.000572176,0.010252,-0.009906296,0.02515733,-0.0238322,0,0,0,1,0,0,-0.4951513,5.592453E-05,-0.4946916,0.02959819,0.002077531,0.03778936,-0.1475179,0,0,0,1,0,0,0.6498289,0.666656,-8.954633E-05,0.0007033351,-0.005167725,-0.02886273,-0.04070157,0,0,0,1,0,0,0.7012452,0.0003073215,-0.0002956978,0.06198588,0.01812494,-0.04695754,0.01112902,0,0,0,1,0,0,-0.4593475,0.6667901,-0.4593645,0.02345444,0.001490117,0.0355825,-0.2112171,0,0,0,1,0,0,2.006054E-05,-3.025986E-05,-0.699733,0.0114003,-0.002150746,0.00880361,-0.1025033,0,0,0,1,0,0,0.4598171,0.6668696,-0.4598095,0.03407301,0.02590717,-0.05311968,-0.0390988,0,0,0,1,0,0,0.495488,-2.031271E-05,-0.495028,0.02051891,-0.01060657,-0.03163369,0.09817559,0,0,0,1,0,0,0.0002988285,0.6664428,-0.6493015,0.02787132,-0.0001430512,0.009229783,-0.2182577,0,0,0,1,0,0,0.4243076,1.333331,0.4243053,0.005652013,-0.008326773,-0.01582355,-0.0866881,0,0,0,1,0,0,0.0001318879,1.333614,0.6000877,0.005057493,0.01621843,0.01753867,-0.1227124,0,0,0,1,0,0,-0.4240423,1.333397,0.424252,0.003609063,0.001108647,0.01342893,-0.006373405,0,0,0,1,0,0,0.5996605,1.333337,0.0002306726,-0.02031029,-0.0111878,0.01407171,0.06363529,0,0,0,1,0,0,-0.5999047,1.333389,8.612016E-05,0.01751185,-0.005263092,0.002443959,0.07198668,0,0,0,1,0,0,-0.4241687,1.333471,-0.4242596,0.01586527,-0.009649996,0.008662049,-0.08149111,0,0,0,1,0,0,-6.787651E-05,1.333507,-0.6000128,-0.01251905,0.006353857,-0.009605292,-0.1175287,0,0,0,1,0,0,0.4242588,1.333418,-0.4242001,0.008486215,0.008559231,-0.00753105,0.002723277,0,0,0,1,0,0,0.3889087,2,0.3889088,0,0,0,0.05000001,0,0,0,0,0,0,0.55,2,4.808253E-08,0,0,0,0.05000001,0,0,0,0,0,0,-6.558685E-09,2,0.55,0,0,0,0.05000001,0,0,0,0,0,0,0.3889087,2,-0.3889087,0,0,0,0.04999995,0,0,0,0,0,0,-0.3889089,2,0.3889086,0,0,0,0.05000001,0,0,0,0,0,0,2.404126E-08,2,-0.55,0,0,0,0.05000001,0,0,0,0,0,0,-0.3889087,2,-0.3889087,0,0,0,0.04999995,0,0,0,0,0,0,-0.55,2,0,0,0,0,0.05000001,0,0,0,0,0,0
213,-0.0002167662,0.6670524,0.650939,-0.01495097,0.0137657,0.02454222,-0.2359495,0,0,0,1,0,0,-0.460141,0.6671007,0.4604299,-0.033018,0.02114177,0.02209694,-0.05646127,0,0,0,1,0,0,-0.4956007,0.0005096809,0.4968559,0.001710654,-0.0005972283,0.01421422,0.08951747,0,0,0,1,0,0,-0.000400037,-8.599192E-05,0.6986618,-0.02318854,-0.0009098756,-0.06284418,-0.1125678,0,0,0,1,0,0,-0.6997601,-9.454053E-05,0.0008378039,-0.01291931,-0.006785891,0.03449437,0.009076834,0,0,0,1,0,0,0.4591462,0.6663994,0.4589548,-7.748607E-05,0.0005841258,-0.02809317,-0.2343971,0,0,0,1,0,0,0.4934128,-2.581676E-05,0.4938607,-0.06318989,0.00300864,-0.04647376,-0.1619466,0,0,0,1,0,0,-0.6494902,0.6664142,0.0007756327,0.03328623,-0.005009772,0.01017284,-0.03108412,0,0,0,1,0,0,-0.4943104,-4.475392E-05,-0.4939434,0.04204662,-0.005033924,0.0374064,-0.1554861,0,0,0,1,0,0,0.6501302,0.6669323,-0.0006183184,0.0150621,0.01381636,-0.02643862,-0.046911,0,0,0,1,0,0,0.7017106,0.0004869633,-0.0007755462,0.02326966,0.008982095,-0.02399243,0.003153205,0,0,0,1,0,0,-0.4592393,0.6663877,-0.4591191,0.005407634,-0.02011956,0.0122726,-0.2176585,0,0,0,1,0,0,0.0004037998,-0.0001429038,-0.699567,0.01918697,-0.005632197,0.00829697,-0.09862536,0,0,0,1,0,0,0.4604118,0.666962,-0.4606785,0.02973975,0.004622342,-0.0434518,-0.03262258,0,0,0,1,0,0,0.4955911,0.0002083826,-0.4955735,0.005154314,0.01143477,-0.02727063,0.1085352,0,0,0,1,0,0,0.0002368953,0.6667784,-0.6497078,-0.003096661,0.0167817,-0.02031327,-0.2163138,0,0,0,1,0,0,0.4240765,1.333308,0.4240084,-0.01155287,-0.001168252,-0.01484603,-0.08990729,0,0,0,1,0,0,1.15591E-05,1.333675,0.6004518,-0.006016443,0.003057719,0.01820625,-0.122394,0,0,0,1,0,0,-0.4244291,1.333645,0.4245897,-0.01933873,0.01238585,0.01688153,-0.003236234,0,0,0,1,0,0,0.5994131,1.333412,-0.0003348465,-0.01236797,0.003719331,-0.02827596,0.06038225,0,0,0,1,0,0,-0.5999505,1.333362,-0.0001429428,-0.002288819,-0.001364947,-0.01145315,0.06873357,0,0,0,1,0,0,-0.4240682,1.33321,-0.424079,0.005023183,-0.01301766,0.009028617,-0.08467716,0,0,0,1,0,0,8.092145E-05,1.333578,-0.6002001,0.007439901,0.003558399,-0.009363893,-0.1173128,0,0,0,1,0,0,0.42461,1.333496,-0.4246384,0.01755954,0.003886224,-0.02191813,0.005678892,0,0,0,1,0,0,0.3889087,2,0.3889088,0,0,0,0.05000001,0,0,0,0,0,0,0.55,2,4.808253E-08,0,0,0,0.05000001,0,0,0,0,0,0,-6.558685E-09,2,0.55,0,0,0,0.05000001,0,0,0,0,0,0,0.3889087,2,-0.3889087,0,0,0,0.04999995,0,0,0,0,0,0,-0.3889089,2,0.3889086,0,0,0,0.05000001,0,0,0,0,0,0,2.404126E-08,2,-0.55,0,0,0,0.05000001,0,0,0,0,0,0,-0.3889087,2,-0.3889087,0,0,0,0.04999995,0,0,0,0,0,0,-0.55,2,0,0,0,0,0.05000001,0,0,0,0,0,0
214,-0.0004989922,0.6669909,0.6509861,-0.0141113,-0.003072621,0.002354384,-0.2342454,0,0,0,1,0,0,-0.4605262,0.667183,0.460557,-0.01926125,0.004115702,0.006355348,-0.05055654,0,0,0,1,0,0,-0.4954547,0.000208528,0.4962069,0.007298592,-0.01505765,-0.03245027,0.09910691,0,0,0,1,0,0,-0.0004560125,-0.0006446284,0.6977646,-0.002798777,-0.02793184,-0.04486145,-0.1091861,0,0,0,1,0,0,-0.7000598,7.871111E-05,0.0009985385,-0.01498163,0.008662585,0.008036732,0.0008451939,0,0,0,1,0,0,0.4590854,0.6661924,0.45915,-0.003039838,-0.01034737,0.009757284,-0.2404994,0,0,0,1,0,0,0.4932531,-0.000113508,0.4933589,-0.007985535,-0.004384563,-0.02509356,-0.1687796,0,0,0,1,0,0,-0.6492906,0.6664478,0.0007076299,0.009983782,0.001677871,-0.003400141,-0.03796303,0,0,0,1,0,0,-0.4937837,-5.749247E-05,-0.4942007,0.02633781,-0.0006369281,-0.01286418,-0.1624461,0,0,0,1,0,0,0.6504608,0.6668466,-0.000768906,0.01653136,-0.004282596,-0.007529382,-0.05324399,0,0,0,1,0,0,0.7012158,0.0005838708,-0.001154153,-0.02473892,0.004845377,-0.01893035,-0.005413771,0,0,0,1,0,0,-0.4591574,0.6663412,-0.4591905,0.00409335,-0.002324582,-0.0035733,-0.223804,0,0,0,1,0,0,0.0006491382,-0.0001868596,-0.6992423,0.01226693,-0.00219779,0.01623631,-0.09474891,0,0,0,1,0,0,0.4604898,0.6671309,-0.4608335,0.003898145,0.008445982,-0.007747117,-0.02699918,0,0,0,1,0,0,0.4956572,0.0002393292,-0.4961607,0.003305079,0.001547333,-0.02936424,0.1188567,0,0,0,1,0,0,0.0002809202,0.6669553,-0.650362,0.002201249,0.008842353,-0.03271104,-0.2140285,0,0,0,1,0,0,0.4238476,1.333204,0.4240068,-0.01144708,-0.005185606,-8.04663E-05,-0.09306306,0,0,0,1,0,0,3.601924E-05,1.333659,0.6003949,0.001223008,-0.000816584,-0.002846123,-0.1224283,0,0,0,1,0,0,-0.4242803,1.333617,0.4245325,0.007438662,-0.001394749,-0.002858044,-0.0008183718,0,0,0,1,0,0,0.5990231,1.333224,0.0001444049,-0.01949967,-0.009399656,0.02396258,0.05653965,0,0,0,1,0,0,-0.5996928,1.333382,-6.815848E-05,0.01288653,0.0009775165,0.003739219,0.06540924,0,0,0,1,0,0,-0.423821,1.33331,-0.423921,0.01236052,0.00497699,0.007900598,-0.087686,0,0,0,1,0,0,-0.000103671,1.333458,-0.599804,-0.009229624,-0.00599623,0.01980365,-0.1176735,0,0,0,1,0,0,0.4245202,1.333367,-0.4246309,-0.004491212,-0.006455185,0.0003755094,0.008011699,0,0,0,1,0,0,0.3889087,2,0.3889088,0,0,0,0.05000001,0,0,0,0,0,0,0.55,2,4.808253E-08,0,0,0,0.05000001,0,0,0,0,0,0,-6.558685E-09,2,0.55,0,0,0,0.05000001,0,0,0,0,0,0,0.3889087,2,-0.3889087,0,0,0,0.04999995,0,0,0,0,0,0,-0.3889089,2,0.3889086,0,0,0,0.05000001,0,0,0,0,0,0,2.404126E-08,2,-0.55,0,0,0,0.05000001,0,0,0,0,0,0,-0.3889087,2,-0.3889087,0,0,0,0.04999995,0,0,0,0,0,0,-0.55,2,0,0,0,0,0.05000001,0,0,0,0,0,0
215,0.0001664832,0.6668904,0.6515737,0.03327379,-0.005024673,0.02937914,-0.2315945,0,0,0,1,0,0,-0.4596938,0.6672262,0.460133,0.04161896,0.002157689,-0.02120287,-0.0442124,0,0,0,1,0,0,-0.4953243,0.0003809863,0.4956333,0.006519261,0.008622916,-0.0286773,0.1118929,0,0,0,1,0,0,-0.0005941577,-0.0005414787,0.6976422,-0.006907264,0.005157486,-0.006118419,-0.1038134,0,0,0,1,0,0,-0.6994932,9.640757E-05,0.0008353522,0.0283301,0.0008848234,-0.008159314,-0.01078796,0,0,0,1,0,0,0.4599023,0.6664715,0.4594907,0.0408441,0.01395643,0.01703651,-0.2477354,0,0,0,1,0,0,0.4935054,-0.0001598535,0.4937958,0.01261831,-0.002317277,0.02184511,-0.1766903,0,0,0,1,0,0,-0.6497439,0.6666906,7.173135E-05,-0.02266468,0.01214445,-0.03179494,-0.04672039,0,0,0,1,0,0,-0.4937524,-0.0001280867,-0.4940993,0.001561642,-0.003529713,0.005070867,-0.1710868,0,0,0,1,0,0,0.6507381,0.6669604,-0.0003375594,0.01386703,0.005689266,0.02156734,-0.06209892,0,0,0,1,0,0,0.6999028,6.962584E-05,-0.0006503831,-0.06565156,-0.02571226,0.02518851,-0.01728386,0,0,0,1,0,0,-0.4593115,0.6664026,-0.4594958,-0.007705394,0.00306964,-0.01526476,-0.2316187,0,0,0,1,0,0,0.0007456371,-0.0001735892,-0.6993284,0.004824946,0.0006635181,-0.004306437,-0.08889925,0,0,0,1,0,0,0.4605825,0.6670555,-0.4605647,0.004634263,-0.003772975,0.01344085,-0.01972103,0,0,0,1,0,0,0.4959065,0.0006300103,-0.4962272,0.01246632,0.01953406,-0.00332147,0.1324439,0,0,0,1,0,0,0.0002416784,0.6667608,-0.6505229,-0.001962094,-0.009724502,-0.00804663,-0.2115439,0,0,0,1,0,0,0.4246494,1.333247,0.424559,0.04009308,0.00217557,0.02761186,-0.09626198,0,0,0,1,0,0,0.0005377043,1.333516,0.6007369,0.02508426,-0.0071466,0.01710058,-0.1223454,0,0,0,1,0,0,-0.4240412,1.333383,0.4241976,0.0119567,-0.0117302,-0.01674593,0.002158403,0,0,0,1,0,0,0.5993066,1.333275,4.279587E-05,0.01417399,0.002580882,-0.005080454,0.05244887,0,0,0,1,0,0,-0.5996216,1.333142,-0.0001465532,0.003558399,-0.01196266,-0.003919738,0.06098026,0,0,0,1,0,0,-0.4238881,1.333219,-0.4239811,-0.003354253,-0.004535915,-0.003005565,-0.09150368,0,0,0,1,0,0,9.287745E-05,1.333374,-0.5999363,0.009827424,-0.004202129,-0.006613138,-0.1175885,0,0,0,1,0,0,0.4245329,1.333664,-0.4244514,0.0006377699,0.01485944,0.008977953,0.01141918,0,0,0,1,0,0,0.3889087,2,0.3889088,0,0,0,0.05000001,0,0,0,0,0,0,0.55,2,4.808253E-08,0,0,0,0.05000001,0,0,0,0,0,0,-6.558685E-09,2,0.55,0,0,0,0.05000001,0,0,0,0,0,0,0.3889087,2,-0.3889087,0,0,0,0.04999995,0,0,0,0,0,0,-0.3889089,2,0.3889086,0,0,0,0.05000001,0,0,0,0,0,0,2.404126E-08,2,-0.55,0,0,0,0.05000001,0,0,0,0,0,0,-0.3889087,2,-0.3889087,0,0,0,0.04999995,0,0,0,0,0,0,-0.55,2,0,0,0,0,0.05000001,0,0,0,0,0,0
216,0.001439956,0.6671907,0.6524826,0.06367368,0.01501442,0.04544558,-0.2292605,0,0,0,1,0,0,-0.4584891,0.6672782,0.4601311,0.06023499,0.002601744,-9.387735E-05,-0.03980911,0,0,0,1,0,0,-0.4935525,0.0001816201,0.4957319,0.08859191,-0.009968312,0.004930796,0.120551,0,0,0,1,0,0,0.0002567912,-0.0006255287,0.6989136,0.04254746,-0.004202499,0.06356838,-0.09856504,0,0,0,1,0,0,-0.6979321,3.169768E-06,0.0009274769,0.07805231,-0.004661892,0.004606233,-0.02034551,0,0,0,1,0,0,0.4608533,0.6669942,0.4604201,0.04755111,0.02613367,0.04647078,-0.2526095,0,0,0,1,0,0,0.4945888,-0.0003297402,0.4940415,0.05416574,-0.008494336,0.01228899,-0.1818787,0,0,0,1,0,0,-0.6490145,0.6666081,0.000581354,0.03646614,-0.004127624,0.02548114,-0.05403829,0,0,0,1,0,0,-0.4939678,-0.000247969,-0.4942728,-0.01076907,-0.005994118,-0.00867695,-0.1771058,0,0,0,1,0,0,0.6504116,0.6669345,-4.918916E-05,-0.01632572,-0.001293421,0.01441852,-0.06940734,0,0,0,1,0,0,0.699496,0.0001678006,5.548343E-05,-0.02034009,0.004908742,0.03529334,-0.02605098,0,0,0,1,0,0,-0.4591438,0.6666018,-0.4596525,0.008389357,0.00995994,-0.007833543,-0.2378587,0,0,0,1,0,0,0.0008387168,0.0001026027,-0.6997061,0.004653987,0.0138096,-0.01888276,-0.08399558,0,0,0,1,0,0,0.4599223,0.6671093,-0.4599402,-0.03301204,0.002688171,0.03122242,-0.01502317,0,0,0,1,0,0,0.4955242,0.000561683,-0.4956096,-0.01911522,-0.003416366,0.03087969,0.1422973,0,0,0,1,0,0,-6.06208E-06,0.6667833,-0.6507993,-0.01238703,0.001123548,-0.01381934,-0.2094552,0,0,0,1,0,0,0.4255135,1.333467,0.4252039,0.04320296,0.01096726,0.03224165,-0.09837079,0,0,0,1,0,0,0.0009523478,1.334157,0.6013484,0.02073218,0.03207923,0.03057421,-0.1215076,0,0,0,1,0,0,-0.4233981,1.333152,0.424549,0.03215076,-0.01152754,0.01756848,0.00420928,0,0,0,1,0,0,0.5998156,1.333486,7.554602E-05,0.02545119,0.01052022,0.001637508,0.04957336,0,0,0,1,0,0,-0.5995533,1.333162,-0.0001768076,0.003415348,0.0009655957,-0.001512718,0.05768031,0,0,0,1,0,0,-0.4240896,1.333163,-0.42423,-0.01007319,-0.002837182,-0.01244694,-0.09427112,0,0,0,1,0,0,1.692213E-05,1.333156,-0.5997494,-0.003797767,-0.01090169,0.009346012,-0.1178595,0,0,0,1,0,0,0.4239587,1.333325,-0.4241492,-0.02870859,-0.01691581,0.01510978,0.01319641,0,0,0,1,0,0,0.3889087,2,0.3889088,0,0,0,0.05000001,0,0,0,0,0,0,0.55,2,4.808253E-08,0,0,0,0.05000001,0,0,0,0,0,0,-6.558685E-09,2,0.55,0,0,0,0.05000001,0,0,0,0,0,0,0.3889087,2,-0.3889087,0,0,0,0.04999995,0,0,0,0,0,0,-0.3889089,2,0.3889086,0,0,0,0.05000001,0,0,0,0,0,0,2.404126E-08,2,-0.55,0,0,0,0.05000001,0,0,0,0,0,0,-0.3889087,2,-0.3889087,0,0,0,0.04999995,0,0,0,0,0,0,-0.55,2,0,0,0,0,0.05000001,0,0,0,0,0,0
217,0.002249331,0.6679319,0.6528695,0.04046873,0.03705622,0.01934171,-0.2271607,0,0,0,1,0,0,-0.457408,0.6671569,0.4604734,0.05405696,-0.006067755,0.0171125,-0.0349015,0,0,0,1,0,0,-0.4920319,0.0002203792,0.496332,0.07603022,0.001937956,0.03000201,0.1300797,0,0,0,1,0,0,0.002242655,0.0002920098,0.7013628,0.0992932,0.04587694,0.1224637,-0.09280217,0,0,0,1,0,0,-0.6959366,-0.0005532833,0.001298669,0.09977821,-0.02782266,0.0185596,-0.03020942,0,0,0,1,0,0,0.4623454,0.6672285,0.4608593,0.07460269,0.0117153,0.02195985,-0.2576474,0,0,0,1,0,0,0.4958475,0.0002604262,0.4951462,0.06293508,0.02950833,0.05523267,-0.1870031,0,0,0,1,0,0,-0.648087,0.6663911,0.001045872,0.04637839,-0.01085103,0.02322592,-0.06195146,0,0,0,1,0,0,-0.4943588,-0.0001769079,-0.4941027,-0.01954884,0.00355306,0.008504096,-0.1833593,0,0,0,1,0,0,0.6505212,0.6669909,0.0001693867,0.005480649,0.002819301,0.0109288,-0.07667881,0,0,0,1,0,0,0.6993423,7.278292E-07,0.0005333249,-0.007683042,-0.008353644,0.02389208,-0.03468239,0,0,0,1,0,0,-0.4594329,0.666867,-0.4596447,-0.01445562,0.01326204,0.0003889205,-0.2441073,0,0,0,1,0,0,5.010948E-05,0.0002541973,-0.7003521,-0.03943038,0.007579735,-0.03230275,-0.07866687,0,0,0,1,0,0,0.459735,0.666711,-0.4596038,-0.009362403,-0.01991094,0.01682193,-0.009468496,0,0,0,1,0,0,0.4951164,0.0003193007,-0.4948147,-0.02038778,-0.01211912,0.03974439,0.1527134,0,0,0,1,0,0,-8.139349E-05,0.6665699,-0.6504009,-0.003766572,-0.01066924,0.01992286,-0.2077537,0,0,0,1,0,0,0.4261548,1.333706,0.4256933,0.03206582,0.01196862,0.02447368,-0.1008291,0,0,0,1,0,0,0.001459423,1.334576,0.6020018,0.02535375,0.020957,0.0326723,-0.1208235,0,0,0,1,0,0,-0.4233352,1.333309,0.4248891,0.003148617,0.007843974,0.01700968,0.007046342,0,0,0,1,0,0,0.6002678,1.333526,-6.484966E-05,0.02260805,0.001990796,-0.007019787,0.04643458,0,0,0,1,0,0,-0.5995359,1.333203,-7.44076E-05,0.0008702282,0.002080203,0.00512,0.05430001,0,0,0,1,0,0,-0.4240192,1.333206,-0.4241994,0.003516675,0.002187491,0.00153184,-0.09740388,0,0,0,1,0,0,0.0004054971,1.333264,-0.5997918,0.01942876,0.005406144,-0.002118946,-0.1176674,0,0,0,1,0,0,0.4241706,1.33347,-0.4236869,0.01059473,0.007206204,0.0231132,0.01593274,0,0,0,1,0,0,0.3889087,2,0.3889088,0,0,0,0.05000001,0,0,0,0,0,0,0.55,2,4.808253E-08,0,0,0,0.05000001,0,0,0,0,0,0,-6.558685E-09,2,0.55,0,0,0,0.05000001,0,0,0,0,0,0,0.3889087,2,-0.3889087,0,0,0,0.04999995,0,0,0,0,0,0,-0.3889089,2,0.3889086,0,0,0,0.05000001,0,0,0,0,0,0,2.404126E-08,2,-0.55,0,0,0,0.05000001,0,0,0,0,0,0,-0.3889087,2,-0.3889087,0,0,0,0.04999995,0,0,0,0,0,0,-0.55,2,0,0,0,0,0.05000001,0,0,0,0,0,0
218,0.003579434,0.6687893,0.6536791,0.06650522,0.04287066,0.04048349,-0.224833,0,0,0,1,0,0,-0.4556752,0.66684,0.4605048,0.08664135,-0.01584292,0.001570583,-0.03093207,0,0,0,1,0,0,-0.4905974,0.0006649031,0.4971924,0.07172379,0.02222621,0.04302265,0.1392566,0,0,0,1,0,0,0.004752514,0.00106464,0.7054632,0.125493,0.03863155,0.2050192,-0.08587265,0,0,0,1,0,0,-0.6934476,-0.001298144,0.001733408,0.1244456,-0.03724305,0.02173698,-0.03982943,0,0,0,1,0,0,0.4641097,0.6676323,0.4623598,0.0882164,0.02019108,0.07502142,-0.2616009,0,0,0,1,0,0,0.4978136,0.0008094316,0.4972056,0.09830747,0.02745028,0.102973,-0.1906778,0,0,0,1,0,0,-0.6475995,0.6660588,0.001317169,0.02437533,-0.01661182,0.01356485,-0.06932336,0,0,0,1,0,0,-0.4946717,3.469888E-05,-0.4943116,-0.01564622,0.01058034,-0.01044125,-0.1890232,0,0,0,1,0,0,0.6505511,0.666887,0.001007236,0.001496077,-0.005197527,0.04189248,-0.08407301,0,0,0,1,0,0,0.6995134,-8.766141E-05,0.000931489,0.00855327,-0.004419464,0.01990821,-0.04257625,0,0,0,1,0,0,-0.4596138,0.6667868,-0.4593565,-0.009045009,-0.004011394,0.01440943,-0.2503898,0,0,0,1,0,0,-3.535918E-05,0.0004818649,-0.7010419,-0.004273435,0.01138339,-0.03448726,-0.07306182,0,0,0,1,0,0,0.4593984,0.6662725,-0.4584701,-0.01683236,-0.02192558,0.05668255,-0.004568815,0,0,0,1,0,0,0.4949952,8.136517E-05,-0.4939156,-0.006063285,-0.01189678,0.04495235,0.1629783,0,0,0,1,0,0,0.0001289758,0.6667792,-0.6500311,0.01051847,0.01046658,0.01848639,-0.2059406,0,0,0,1,0,0,0.4271198,1.33369,0.4261638,0.04825147,-0.000816584,0.02352298,-0.1031597,0,0,0,1,0,0,0.001980832,1.334921,0.6023004,0.02607048,0.01720787,0.01492799,-0.1204405,0,0,0,1,0,0,-0.4232903,1.333153,0.4252178,0.002245606,-0.007820132,0.0164345,0.009592712,0,0,0,1,0,0,0.6008509,1.333558,-0.000202194,0.02915562,0.001615286,-0.00686722,0.0435127,0,0,0,1,0,0,-0.5994699,1.333207,0.0003138958,0.003299118,0.0002026559,0.01941518,0.05109,0,0,0,1,0,0,-0.4242051,1.333277,-0.4241409,-0.009290878,0.003534557,0.002925099,-0.1002528,0,0,0,1,0,0,0.0004412728,1.332983,-0.5992852,0.001788785,-0.01406074,0.025329,-0.1181791,0,0,0,1,0,0,0.4238993,1.333151,-0.4232899,-0.01356751,-0.01592041,0.01984984,0.01793665,0,0,0,1,0,0,0.3889087,2,0.3889088,0,0,0,0.05000001,0,0,0,0,0,0,0.55,2,4.808253E-08,0,0,0,0.05000001,0,0,0,0,0,0,-6.558685E-09,2,0.55,0,0,0,0.05000001,0,0,0,0,0,0,0.3889087,2,-0.3889087,0,0,0,0.04999995,0,0,0,0,0,0,-0.3889089,2,0.3889086,0,0,0,0.05000001,0,0,0,0,0,0,2.404126E-08,2,-0.55,0,0,0,0.05000001,0,0,0,0,0,0,-0.3889087,2,-0.3889087,0,0,0,0.04999995,0,0,0,0,0,0,-0.55,2,0,0,0,0,0.05000001,0,0,0,0,0,0
219,0.005166305,0.6696284,0.6542249,0.07934354,0.04195572,0.02729,-0.2228334,0,0,0,1,0,0,-0.4533581,0.6668119,0.4605216,0.1158566,-0.00140369,0.0008404258,-0.0277136,0,0,0,1,0,0,-0.4876674,0.001132181,0.4973633,0.1464993,0.0233639,0.008542839,0.146682,0,0,0,1,0,0,0.007682818,0.003424612,0.7106193,0.1465153,0.1179986,0.2578051,-0.0789659,0,0,0,1,0,0,-0.6914403,-0.001442186,0.001959692,0.1003683,-0.007202078,0.01131417,-0.04901028,0,0,0,1,0,0,0.4662183,0.6687539,0.4629964,0.1054302,0.05607905,0.03183336,-0.2654829,0,0,0,1,0,0,0.5014262,0.002456589,0.5002728,0.1806275,0.08235791,0.1533583,-0.193071,0,0,0,1,0,0,-0.6472793,0.665996,0.001698771,0.01600981,-0.003144146,0.01908012,-0.07632303,0,0,0,1,0,0,-0.4946341,0.000106299,-0.4944391,0.001880527,0.003580006,-0.006374719,-0.1944796,0,0,0,1,0,0,0.6508412,0.6673657,0.001300673,0.0145048,0.02393425,0.01467183,-0.09077889,0,0,0,1,0,0,0.6992601,-0.0002123082,0.002799066,-0.01266301,-0.006232343,0.09337886,-0.05108142,0,0,0,1,0,0,-0.4590376,0.6669807,-0.4592726,0.02880992,0.009694699,0.004194679,-0.2569849,0,0,0,1,0,0,0.0001014707,0.0004201176,-0.7008626,0.006841496,-0.003087368,0.008961562,-0.06785363,0,0,0,1,0,0,0.4589832,0.6658188,-0.4566649,-0.02076031,-0.02268554,0.09025935,-0.0001068711,0,0,0,1,0,0,0.4952655,-0.0002118819,-0.4926103,0.01351536,-0.01466236,0.06526711,0.1733032,0,0,0,1,0,0,0.0005369791,0.6664835,-0.6495223,0.02040017,-0.01478494,0.02544225,-0.2041105,0,0,0,1,0,0,0.4285316,1.333813,0.4268447,0.07058981,0.006181004,0.0340447,-0.1049901,0,0,0,1,0,0,0.002568702,1.335303,0.6023254,0.02939351,0.01912118,0.001251698,-0.1202298,0,0,0,1,0,0,-0.4227643,1.332991,0.4251134,0.02629758,-0.008070472,-0.005222859,0.01158196,0,0,0,1,0,0,0.6018284,1.334037,-0.0002880715,0.04887583,0.02395512,-0.004293875,0.04117799,0,0,0,1,0,0,-0.5992496,1.333234,0.0006016422,0.01101494,0.001347066,0.01438732,0.04780227,0,0,0,1,0,0,-0.4241826,1.333324,-0.4244127,0.001125038,0.002348424,-0.01359135,-0.1030892,0,0,0,1,0,0,0.0005657056,1.332734,-0.5994623,0.006221643,-0.01241565,-0.008854274,-0.1181825,0,0,0,1,0,0,0.4238221,1.333278,-0.4232661,-0.003859402,0.006324055,0.001189113,0.02037597,0,0,0,1,0,0,0.3889087,2,0.3889088,0,0,0,0.05000001,0,0,0,0,0,0,0.55,2,4.808253E-08,0,0,0,0.05000001,0,0,0,0,0,0,-6.558685E-09,2,0.55,0,0,0,0.05000001,0,0,0,0,0,0,0.3889087,2,-0.3889087,0,0,0,0.04999995,0,0,0,0,0,0,-0.3889089,2,0.3889086,0,0,0,0.05000001,0,0,0,0,0,0,2.404126E-08,2,-0.55,0,0,0,0.05000001,0,0,0,0,0,0,-0.3889087,2,-0.3889087,0,0,0,0.04999995,0,0,0,0,0,0,-0.55,2,0,0,0,0,0.05000001,0,0,0,0,0,0
220,0.005931531,0.669996,0.6542562,0.03826133,0.01838208,0.001564623,-0.2203016,0,0,0,1,0,0,-0.452326,0.6666904,0.459939,0.05160274,-0.006076696,-0.02912731,-0.02182621,0,0,0,1,0,0,-0.4849491,0.0008141585,0.4961815,0.135915,-0.01590113,-0.05909207,0.1574578,0,0,0,1,0,0,0.009749731,0.006056273,0.7152426,0.1033457,0.1315831,0.2311618,-0.07051492,0,0,0,1,0,0,-0.6902349,-0.00134085,0.001404197,0.06026926,0.005066775,-0.02777472,-0.06020528,0,0,0,1,0,0,0.4674244,0.6701289,0.464209,0.06030502,0.06874803,0.06062689,-0.2716852,0,0,0,1,0,0,0.504001,0.00413056,0.5028751,0.1287401,0.0836986,0.130114,-0.1977922,0,0,0,1,0,0,-0.6469009,0.665567,0.001432884,0.01891852,-0.02144874,-0.01329438,-0.08599001,0,0,0,1,0,0,-0.4970822,0.0009386889,-0.4962722,-0.1224041,0.04161951,-0.09165559,-0.1992599,0,0,0,1,0,0,0.6505507,0.6674093,0.002123571,-0.01452566,0.002181531,0.04114491,-0.100579,0,0,0,1,0,0,0.6985725,9.556331E-05,0.004504196,-0.03437997,0.01539358,0.08525655,-0.06227255,0,0,0,1,0,0,-0.4606938,0.6676341,-0.4614829,-0.08281323,0.0326723,-0.110513,-0.2623267,0,0,0,1,0,0,-0.001023713,0.00153412,-0.7035464,-0.05625921,0.05570016,-0.134188,-0.05939257,0,0,0,1,0,0,0.4582937,0.6655447,-0.4551172,-0.03447385,-0.01370609,0.07738623,0.00584209,0,0,0,1,0,0,0.4943975,-0.0001464211,-0.4914917,-0.04339965,0.003273042,0.05592855,0.17982,0,0,0,1,0,0,0.000286048,0.6663104,-0.6493474,-0.01254656,-0.008654598,0.008746985,-0.201355,0,0,0,1,0,0,0.4289262,1.334317,0.4278367,0.01972765,0.02520085,0.04960151,-0.108088,0,0,0,1,0,0,0.002579126,1.335337,0.6033577,0.0005212149,0.001704694,0.05161168,-0.1195112,0,0,0,1,0,0,-0.4229025,1.33307,0.4248191,-0.006909671,0.003933908,-0.0147149,0.01496464,0,0,0,1,0,0,0.6033296,1.334608,-0.0004524082,0.07506016,0.02856256,-0.008216838,0.03820926,0,0,0,1,0,0,-0.5991316,1.33348,0.0006501835,0.005897882,0.01229048,0.002427066,0.04356217,0,0,0,1,0,0,-0.424627,1.333548,-0.4245916,-0.02222062,0.01119376,-0.008943681,-0.1065007,0,0,0,1,0,0,0.0003546436,1.33279,-0.5992544,-0.01055311,0.002795459,0.01039207,-0.1182791,0,0,0,1,0,0,0.4239799,1.333184,-0.4231072,0.007890168,-0.004696848,0.007943812,0.02360892,0,0,0,1,0,0,0.3889087,2,0.3889088,0,0,0,0.05000001,0,0,0,0,0,0,0.55,2,4.808253E-08,0,0,0,0.05000001,0,0,0,0,0,0,-6.558685E-09,2,0.55,0,0,0,0.05000001,0,0,0,0,0,0,0.3889087,2,-0.3889087,0,0,0,0.04999995,0,0,0,0,0,0,-0.3889089,2,0.3889086,0,0,0,0.05000001,0,0,0,0,0,0,2.404126E-08,2,-0.55,0,0,0,0.05000001,0,0,0,0,0,0,-0.3889087,2,-0.3889087,0,0,0,0.04999995,0,0,0,0,0,0,-0.55,2,0,0,0,0,0.05000001,0,0,0,0,0,0
221,0.006852539,0.6705964,0.6544575,0.04605043,0.03001691,0.01006425,-0.2181779,0,0,0,1,0,0,-0.4499484,0.6666397,0.4578061,0.1188815,-0.002536179,-0.1066477,-0.01921707,0,0,0,1,0,0,-0.481529,0.0001585621,0.4939289,0.1710088,-0.03277983,-0.1126275,0.1646239,0,0,0,1,0,0,0.01173576,0.008654742,0.7206532,0.09930143,0.1299235,0.2705337,-0.06263125,0,0,0,1,0,0,-0.6883068,-0.001962643,-0.0001588247,0.09640459,-0.03108967,-0.07815113,-0.06977707,0,0,0,1,0,0,0.4700458,0.6709198,0.4662528,0.1310677,0.03954472,0.1021922,-0.2746451,0,0,0,1,0,0,0.5067611,0.005229282,0.5057218,0.1380087,0.05493608,0.142336,-0.2002556,0,0,0,1,0,0,-0.6461955,0.6657844,0.001504365,0.03526808,0.01086891,0.003574051,-0.09378022,0,0,0,1,0,0,-0.5019765,0.00251195,-0.4995059,-0.2447159,0.07866311,-0.1616851,-0.2005356,0,0,0,1,0,0,0.6500817,0.667241,0.002692715,-0.02345146,-0.00841618,0.02845726,-0.1085744,0,0,0,1,0,0,0.6963823,-0.0003730731,0.005679883,-0.1095087,-0.02343183,0.05878436,-0.07180858,0,0,0,1,0,0,-0.4627779,0.6689448,-0.4622122,-0.1042039,0.06553235,-0.03646465,-0.2663493,0,0,0,1,0,0,-0.00393304,0.003727578,-0.7079436,-0.1454664,0.1096729,-0.2198608,-0.05215478,0,0,0,1,0,0,0.4561987,0.6646201,-0.4535744,-0.1047492,-0.04622938,0.07714185,0.009117663,0,0,0,1,0,0,0.4908464,-0.00105434,-0.4896261,-0.1775564,-0.04539597,0.0932828,0.174794,0,0,0,1,0,0,-0.001043197,0.666311,-0.6490313,-0.06646229,2.68221E-05,0.0158012,-0.1996572,0,0,0,1,0,0,0.4303053,1.334395,0.4284682,0.06895515,0.003874304,0.03157408,-0.110164,0,0,0,1,0,0,0.003127927,1.335975,0.6042173,0.02744003,0.03187658,0.04298093,-0.118565,0,0,0,1,0,0,-0.4224028,1.333119,0.4248714,0.02498628,0.002437831,0.002616645,0.01721925,0,0,0,1,0,0,0.6034285,1.334471,-0.0006805817,0.004947187,-0.006872418,-0.01140868,0.03474212,0,0,0,1,0,0,-0.6003842,1.333728,0.0008533138,-0.0626296,0.01238585,0.01015652,0.04130381,0,0,0,1,0,0,-0.425772,1.334049,-0.4251754,-0.05725326,0.02506376,-0.0291899,-0.1083346,0,0,0,1,0,0,0.0004521816,1.332855,-0.5992218,0.004876906,0.003212692,0.001630188,-0.1182034,0,0,0,1,0,0,0.42347,1.332903,-0.4223574,-0.0254959,-0.01403094,0.03749283,0.02537185,0,0,0,1,0,0,0.3889087,2,0.3889088,0,0,0,0.05000001,0,0,0,0,0,0,0.55,2,4.808253E-08,0,0,0,0.05000001,0,0,0,0,0,0,-6.558685E-09,2,0.55,0,0,0,0.05000001,0,0,0,0,0,0,0.3889087,2,-0.3889087,0,0,0,0.04999995,0,0,0,0,0,0,-0.3889089,2,0.3889086,0,0,0,0.05000001,0,0,0,0,0,0,2.404126E-08,2,-0.55,0,0,0,0.05000001,0,0,0,0,0,0,-0.3889087,2,-0.3889087,0,0,0,0.04999995,0,0,0,0,0,0,-0.55,2,0,0,0,0,0.05000001,0,0,0,0,0,0
222,0.008315472,0.6714715,0.654299,0.07314666,0.04375579,-0.00792444,-0.2171968,0,0,0,1,0,0,-0.4476165,0.6664319,0.4562927,0.1165927,-0.01038909,-0.07567111,-0.0178684,0,0,0,1,0,0,-0.4770334,-0.0007436779,0.4912606,0.2247767,-0.04511202,-0.1334176,0.1678501,0,0,0,1,0,0,0.01391642,0.01078276,0.7247572,0.1090329,0.106401,0.205198,-0.05711365,0,0,0,1,0,0,-0.6847835,-0.002574367,-0.001278206,0.1761646,-0.03058619,-0.05596907,-0.07809949,0,0,0,1,0,0,0.4725038,0.6722268,0.4670633,0.1228989,0.06535354,0.0405267,-0.2765767,0,0,0,1,0,0,0.509587,0.006106338,0.5090021,0.1412929,0.04385281,0.1640142,-0.2007566,0,0,0,1,0,0,-0.6455697,0.666064,0.001458655,0.03129245,0.01398028,-0.002285513,-0.09953755,0,0,0,1,0,0,-0.5055038,0.003996189,-0.5024912,-0.1763672,0.07421195,-0.149265,-0.201159,0,0,0,1,0,0,0.6491376,0.6675335,0.002979656,-0.04720392,0.01462699,0.01434703,-0.1147536,0,0,0,1,0,0,0.6932225,-0.001075,0.007597785,-0.1579911,-0.03509635,0.09589513,-0.08005476,0,0,0,1,0,0,-0.463995,0.669944,-0.4624506,-0.06085487,0.04996063,-0.01192242,-0.2696301,0,0,0,1,0,0,-0.005105633,0.00580098,-0.7112923,-0.05862967,0.1036702,-0.1674325,-0.04651773,0,0,0,1,0,0,0.4544815,0.6649112,-0.4518963,-0.08585755,0.01455546,0.08390251,0.01090521,0,0,0,1,0,0,0.4881509,-0.00160158,-0.4871534,-0.1347736,-0.02736198,0.123635,0.1702574,0,0,0,1,0,0,-0.001897976,0.6666973,-0.6484284,-0.04273893,0.01931787,0.03014804,-0.1987323,0,0,0,1,0,0,0.4316348,1.334881,0.4296557,0.06647411,0.02429486,0.05937668,-0.1109198,0,0,0,1,0,0,0.00351573,1.336268,0.6047375,0.01939018,0.01466871,0.0260085,-0.1180732,0,0,0,1,0,0,-0.4224195,1.333427,0.4252775,-0.0008359555,0.01541377,0.02030433,0.01938456,0,0,0,1,0,0,0.605139,1.335055,-0.0008008777,0.08552078,0.02921821,-0.006014801,0.03381288,0,0,0,1,0,0,-0.6014631,1.334246,0.0008119165,-0.05394521,0.02592207,-0.002069865,0.03990722,0,0,0,1,0,0,-0.4268131,1.334599,-0.4259237,-0.05205425,0.02750159,-0.03741534,-0.1092925,0,0,0,1,0,0,0.000424395,1.332953,-0.5999486,-0.001389334,0.004947187,-0.03633799,-0.1176156,0,0,0,1,0,0,0.423399,1.333053,-0.422329,-0.003549458,0.007516149,0.001417101,0.02720284,0,0,0,1,0,0,0.3889087,2,0.3889088,0,0,0,0.05000001,0,0,0,0,0,0,0.55,2,4.808253E-08,0,0,0,0.05000001,0,0,0,0,0,0,-6.558685E-09,2,0.55,0,0,0,0.05000001,0,0,0,0,0,0,0.3889087,2,-0.3889087,0,0,0,0.04999995,0,0,0,0,0,0,-0.3889089,2,0.3889086,0,0,0,0.05000001,0,0,0,0,0,0,2.404126E-08,2,-0.55,0,0,0,0.05000001,0,0,0,0,0,0,-0.3889087,2,-0.3889087,0,0,0,0.04999995,0,0,0,0,0,0,-0.55,2,0,0,0,0,0.05000001,0,0,0,0,0,0
223,0.01098735,0.6715857,0.6532568,0.1335939,0.005710127,-0.05210938,-0.2167214,0,0,0,1,0,0,-0.4458266,0.6665694,0.4549782,0.08949641,0.006875399,-0.06572308,-0.01456201,0,0,0,1,0,0,-0.4740296,-0.00139608,0.4886845,0.1501933,-0.03262014,-0.1288042,0.1753371,0,0,0,1,0,0,0.01601022,0.01225832,0.7257239,0.1046903,0.07377815,0.04833641,-0.05215955,0,0,0,1,0,0,-0.6812997,-0.003130215,-0.002376495,0.1741887,-0.02779241,-0.05491448,-0.0881868,0,0,0,1,0,0,0.4738238,0.6741688,0.4677243,0.06600472,0.097096,0.0330493,-0.2810903,0,0,0,1,0,0,0.5188168,0.009864198,0.5119458,0.4614921,0.1878931,0.1471878,-0.2006806,0,0,0,1,0,0,-0.6450702,0.6667027,0.00191271,0.02497436,0.03193618,0.0227028,-0.1068659,0,0,0,1,0,0,-0.5135708,0.006796931,-0.5063514,-0.4033478,0.1400372,-0.1930089,-0.200644,0,0,0,1,0,0,0.6500471,0.6684293,0.002764013,0.04547538,0.04478695,-0.01078214,-0.1209892,0,0,0,1,0,0,0.691032,-0.001314271,0.009556525,-0.1095266,-0.01196355,0.09793708,-0.08958322,0,0,0,1,0,0,-0.464532,0.6710463,-0.4626357,-0.02684892,0.05511346,-0.009255115,-0.2751544,0,0,0,1,0,0,-0.005832868,0.006723103,-0.7116148,-0.03636176,0.04610614,-0.01612604,-0.04080927,0,0,0,1,0,0,0.4544314,0.6644958,-0.4501628,-0.002506376,-0.02076925,0.08667562,0.01584077,0,0,0,1,0,0,0.4874262,-0.001296424,-0.4855927,-0.03623666,0.01525778,0.07803443,0.1663741,0,0,0,1,0,0,-0.00303747,0.6661462,-0.6475497,-0.05697476,-0.02755822,0.04393162,-0.1973353,0,0,0,1,0,0,0.4329166,1.335352,0.4307042,0.06408992,0.02356769,0.0524238,-0.112652,0,0,0,1,0,0,0.003805131,1.336538,0.60563,0.01447006,0.01351834,0.04462602,-0.1173355,0,0,0,1,0,0,-0.4213969,1.333205,0.4259126,0.05113186,-0.01111031,0.03175439,0.0211904,0,0,0,1,0,0,0.6074566,1.335663,-0.001251621,0.1158834,0.0304103,-0.02253717,0.0324834,0,0,0,1,0,0,-0.6022204,1.334458,0.0009537525,-0.03786089,0.01059771,0.007091803,0.03722519,0,0,0,1,0,0,-0.4271053,1.334805,-0.4256168,-0.01460761,0.01031161,0.01534373,-0.1121857,0,0,0,1,0,0,0.0003629043,1.333153,-0.6005868,-0.003074534,0.009977821,-0.03191234,-0.1170139,0,0,0,1,0,0,0.4234006,1.332984,-0.422867,7.897618E-05,-0.003468992,-0.0268981,0.02979338,0,0,0,1,0,0,0.3889087,2,0.3889088,0,0,0,0.05000001,0,0,0,0,0,0,0.55,2,4.808253E-08,0,0,0,0.05000001,0,0,0,0,0,0,-6.558685E-09,2,0.55,0,0,0,0.05000001,0,0,0,0,0,0,0.3889087,2,-0.3889087,0,0,0,0.04999995,0,0,0,0,0,0,-0.3889089,2,0.3889086,0,0,0,0.05000001,0,0,0,0,0,0,2.404126E-08,2,-0.55,0,0,0,0.05000001,0,0,0,0,0,0,-0.3889087,2,-0.3889087,0,0,0,0.04999995,0,0,0,0,0,0,-0.55,2,0,0,0,0,0.05000001,0,0,0,0,0,0
224,0.01219979,0.6722023,0.6531994,0.06062228,0.03083052,-0.002872945,-0.21437,0,0,0,1,0,0,-0.4437289,0.6664844,0.4526367,0.1048848,-0.004252793,-0.117074,-0.01089877,0,0,0,1,0,0,-0.4715145,-0.0005311655,0.487905,0.1257539,0.04324577,-0.03897549,0.1738184,0,0,0,1,0,0,0.0183406,0.01208064,0.7230714,0.116519,-0.008884029,-0.1326264,-0.04825145,0,0,0,1,0,0,-0.679439,-0.003646297,-0.003917032,0.09303693,-0.02580411,-0.07702688,-0.09820706,0,0,0,1,0,0,0.4766136,0.6754045,0.4694424,0.1394854,0.06178918,0.08590523,-0.2850403,0,0,0,1,0,0,0.525255,0.01386311,0.5158331,0.3219069,0.1999455,0.1943619,-0.2024245,0,0,0,1,0,0,-0.6483529,0.6672238,0.001402171,-0.1641334,0.0260532,-0.02552696,-0.1127843,0,0,0,1,0,0,-0.5216972,0.01003211,-0.5109482,-0.4063191,0.1617592,-0.2298445,-0.2005554,0,0,0,1,0,0,0.6527051,0.6696051,0.002413342,0.1328976,0.05879106,-0.01753357,-0.1269295,0,0,0,1,0,0,0.6894441,-0.001318367,0.01088244,-0.0793964,-0.0002048154,0.06629557,-0.09946895,0,0,0,1,0,0,-0.4677295,0.6719909,-0.4650442,-0.1598776,0.04723074,-0.1204238,-0.2783734,0,0,0,1,0,0,-0.006701003,0.006381603,-0.7089723,-0.0434068,-0.01707497,0.1321257,-0.03561062,0,0,0,1,0,0,0.4524042,0.6649918,-0.4484576,-0.1013622,0.02479852,0.08526299,0.01967674,0,0,0,1,0,0,0.4859943,-0.0006198997,-0.4842563,-0.07159415,0.03382624,0.06682131,0.1622587,0,0,0,1,0,0,-0.004381356,0.6664237,-0.6476812,-0.0671943,0.01387895,-0.006571415,-0.1946137,0,0,0,1,0,0,0.4350167,1.335619,0.4317129,0.1050085,0.01333356,0.050433,-0.1146322,0,0,0,1,0,0,0.00390089,1.336777,0.6053261,0.004787955,0.01192689,-0.01519621,-0.1173885,0,0,0,1,0,0,-0.4212645,1.33321,0.4252744,0.006619099,0.0002741815,-0.03190787,0.02392489,0,0,0,1,0,0,0.6091378,1.336356,-0.001433143,0.08405748,0.03462435,-0.00907612,0.02997583,0,0,0,1,0,0,-0.6033138,1.334996,0.0009408401,-0.05467238,0.02686979,-0.0006456192,0.03428811,0,0,0,1,0,0,-0.4292147,1.335858,-0.4269315,-0.1054734,0.05264284,-0.06573351,-0.1133651,0,0,0,1,0,0,0.0005491608,1.332889,-0.5999822,0.009312826,-0.01320839,0.03023149,-0.1175299,0,0,0,1,0,0,0.4233975,1.333249,-0.4228659,-0.0001549721,0.013268,5.513432E-05,0.03284651,0,0,0,1,0,0,0.3889087,2,0.3889088,0,0,0,0.05000001,0,0,0,0,0,0,0.55,2,4.808253E-08,0,0,0,0.05000001,0,0,0,0,0,0,-6.558685E-09,2,0.55,0,0,0,0.05000001,0,0,0,0,0,0,0.3889087,2,-0.3889087,0,0,0,0.04999995,0,0,0,0,0,0,-0.3889089,2,0.3889086,0,0,0,0.05000001,0,0,0,0,0,0,2.404126E-08,2,-0.55,0,0,0,0.05000001,0,0,0,0,0,0,-0.3889087,2,-0.3889087,0,0,0,0.04999995,0,0,0,0,0,0,-0.55,2,0,0,0,0,0.05000001,0,0,0,0,0,0
225,0.01440339,0.6729804,0.6551495,0.1101796,0.03890397,0.0975043,-0.2107756,0,0,0,1,0,0,-0.4425706,0.6666747,0.4516,0.05791637,0.009515885,-0.05183371,-0.00671339,0,0,0,1,0,0,-0.4677159,0.003149438,0.484439,0.1899303,0.1840302,-0.1733006,0.1670294,0,0,0,1,0,0,0.02258412,0.01215503,0.7178832,0.2121761,0.003719378,-0.2594114,-0.04778618,0,0,0,1,0,0,-0.6765549,-0.003905623,-0.005257751,0.1442075,-0.0129663,-0.067036,-0.1078427,0,0,0,1,0,0,0.483378,0.6769806,0.4728995,0.3382237,0.07880333,0.1728535,-0.2840243,0,0,0,1,0,0,0.5367737,0.02009921,0.5203139,0.5759361,0.3118055,0.224042,-0.2015933,0,0,0,1,0,0,-0.6578139,0.6698456,0.001738805,-0.4730524,0.1310915,0.01683167,-0.11178,0,0,0,1,0,0,-0.5346537,0.01719981,-0.5155999,-0.6478252,0.3583848,-0.2325834,-0.1993206,0,0,0,1,0,0,0.6604183,0.6719162,0.001658971,0.3856631,0.1155585,-0.03771858,-0.1272693,0,0,0,1,0,0,0.6871186,-0.001571172,0.01236931,-0.1162708,-0.01264022,0.07434393,-0.1087192,0,0,0,1,0,0,-0.4735546,0.6747952,-0.4681519,-0.2912508,0.140214,-0.1553864,-0.278003,0,0,0,1,0,0,-0.01299979,0.005655832,-0.7026942,-0.3149394,-0.03628858,0.313905,-0.03618264,0,0,0,1,0,0,0.4500606,0.6641117,-0.447352,-0.1171768,-0.04400613,0.05528035,0.02303213,0,0,0,1,0,0,0.4797007,-0.001172186,-0.4788372,-0.3146769,-0.02761431,0.2709554,0.1542023,0,0,0,1,0,0,-0.006520306,0.6665428,-0.6482424,-0.1069476,0.005951526,-0.02806188,-0.1920599,0,0,0,1,0,0,0.4369605,1.335372,0.4324307,0.09718988,-0.01235009,0.03589393,-0.1168043,0,0,0,1,0,0,0.004570918,1.336121,0.6037623,0.03350141,-0.03281833,-0.07818642,-0.1190407,0,0,0,1,0,0,-0.42036,1.332601,0.4249837,0.04522504,-0.03045798,-0.01453758,0.02547419,0,0,0,1,0,0,0.6094152,1.336108,-0.001570771,0.01387299,-0.01240969,-0.006881365,0.02630246,0,0,0,1,0,0,-0.6044946,1.33546,0.001183925,-0.0590414,0.02321006,0.01215426,0.03187579,0,0,0,1,0,0,-0.4305361,1.336876,-0.4272294,-0.06606582,0.05086662,-0.01489521,-0.1150506,0,0,0,1,0,0,0.001618059,1.33178,-0.5979592,0.05344495,-0.05545618,0.1011521,-0.1194105,0,0,0,1,0,0,0.4225086,1.332673,-0.4213709,-0.04444273,-0.02882482,0.07475021,0.03403199,0,0,0,1,0,0,0.3889087,2,0.3889088,0,0,0,0.05000001,0,0,0,0,0,0,0.55,2,4.808253E-08,0,0,0,0.05000001,0,0,0,0,0,0,-6.558685E-09,2,0.55,0,0,0,0.05000001,0,0,0,0,0,0,0.3889087,2,-0.3889087,0,0,0,0.04999995,0,0,0,0,0,0,-0.3889089,2,0.3889086,0,0,0,0.05000001,0,0,0,0,0,0,2.404126E-08,2,-0.55,0,0,0,0.05000001,0,0,0,0,0,0,-0.3889087,2,-0.3889087,0,0,0,0.04999995,0,0,0,0,0,0,-0.55,2,0,0,0,0,0.05000001,0,0,0,0,0,0
226,0.01571066,0.674435,0.6582065,0.06536355,0.07272962,0.1528532,-0.2058491,0,0,0,1,0,0,-0.4428856,0.667309,0.4515403,-0.01575202,0.03171564,-0.002986194,-0.0009911656,0,0,0,1,0,0,-0.4605745,0.005169127,0.4765556,0.3570692,0.1009845,-0.3941701,0.1563504,0,0,0,1,0,0,0.02826139,0.01319805,0.7107027,0.2838636,0.0521512,-0.3590228,-0.04969299,0,0,0,1,0,0,-0.6686108,-0.003964842,-0.008281942,0.3972025,-0.002960978,-0.1512096,-0.1216664,0,0,0,1,0,0,0.4903019,0.678863,0.4760304,0.3461929,0.09411875,0.1565442,-0.2830799,0,0,0,1,0,0,0.5482274,0.02849816,0.5261768,0.5726846,0.4199475,0.2931447,-0.2010555,0,0,0,1,0,0,-0.6662917,0.6734181,0.003091732,-0.4238905,0.1786263,0.06764638,-0.1110016,0,0,0,1,0,0,-0.5479149,0.02556932,-0.5204156,-0.6630632,0.4184756,-0.240785,-0.198343,0,0,0,1,0,0,0.6704392,0.6754534,0.0006306123,0.5010458,0.176859,-0.05141794,-0.1253479,0,0,0,1,0,0,0.6832966,-0.002068263,0.01452361,-0.1911045,-0.02485459,0.1077147,-0.1189561,0,0,0,1,0,0,-0.4796899,0.6795608,-0.4714313,-0.3067659,0.2382816,-0.1639709,-0.2769125,0,0,0,1,0,0,-0.02082485,0.005570133,-0.6956084,-0.391253,-0.00428497,0.3542902,-0.038149,0,0,0,1,0,0,0.4477507,0.6634482,-0.446442,-0.1154989,-0.03317298,0.04549624,0.02644223,0,0,0,1,0,0,0.4702892,-0.002421145,-0.4663957,-0.4705759,-0.06244799,0.6220731,0.1397532,0,0,0,1,0,0,-0.008738575,0.666993,-0.6481829,-0.1109135,0.02251268,0.002974273,-0.1900725,0,0,0,1,0,0,0.4371538,1.335086,0.4321852,0.009664897,-0.01428724,-0.01227856,-0.1204545,0,0,0,1,0,0,0.005006276,1.336061,0.6026391,0.0217679,-0.002998115,-0.0561625,-0.119929,0,0,0,1,0,0,-0.4191579,1.333155,0.4252127,0.06010386,0.02769233,0.01145155,0.02757335,0,0,0,1,0,0,0.6089009,1.336081,-0.002557955,-0.02571643,-0.001347066,-0.04935924,0.0224461,0,0,0,1,0,0,-0.606144,1.335947,0.001405213,-0.08246604,0.02437235,0.01106438,0.02977538,0,0,0,1,0,0,-0.4321365,1.337672,-0.4278704,-0.08002076,0.0398338,-0.03204943,-0.1166423,0,0,0,1,0,0,0.002842766,1.330234,-0.5957728,0.06123535,-0.07730725,0.1093179,-0.1216403,0,0,0,1,0,0,0.4217297,1.332259,-0.4205172,-0.0389442,-0.02071262,0.04268439,0.03556734,0,0,0,1,0,0,0.3889087,2,0.3889088,0,0,0,0.05000001,0,0,0,0,0,0,0.55,2,4.808253E-08,0,0,0,0.05000001,0,0,0,0,0,0,-6.558685E-09,2,0.55,0,0,0,0.05000001,0,0,0,0,0,0,0.3889087,2,-0.3889087,0,0,0,0.04999995,0,0,0,0,0,0,-0.3889089,2,0.3889086,0,0,0,0.05000001,0,0,0,0,0,0,2.404126E-08,2,-0.55,0,0,0,0.05000001,0,0,0,0,0,0,-0.3889087,2,-0.3889087,0,0,0,0.04999995,0,0,0,0,0,0,-0.55,2,0,0,0,0,0.05000001,0,0,0,0,0,0
227,0.01756246,0.6743453,0.6592949,0.09259035,-0.004485251,0.05441906,-0.2026739,0,0,0,1,0,0,-0.443923,0.6680411,0.4516946,-0.05187096,0.03660323,0.007714334,0.005506754,0,0,0,1,0,0,-0.4506807,0.005157875,0.4632996,0.4946919,-0.0005626122,-0.6627979,0.1413414,0,0,0,1,0,0,0.0345462,0.01492385,0.7009703,0.3142406,0.08628977,-0.4866214,-0.05374998,0,0,0,1,0,0,-0.6709022,-0.0007713247,-0.01095338,-0.1145691,0.1596759,-0.1335722,-0.1296423,0,0,0,1,0,0,0.4961434,0.6808856,0.4797312,0.2920748,0.1011283,0.1850397,-0.2827397,0,0,0,1,0,0,0.5677664,0.04094338,0.5323266,0.9769533,0.6222613,0.3074915,-0.1979498,0,0,0,1,0,0,-0.6785709,0.6774038,0.00591922,-0.6139579,0.1992852,0.1413745,-0.1064564,0,0,0,1,0,0,-0.5687649,0.03675502,-0.5239517,-1.0425,0.5592855,-0.1768053,-0.1953592,0,0,0,1,0,0,0.6817649,0.6807072,-0.002123443,0.5662831,0.2626897,-0.1377028,-0.1213367,0,0,0,1,0,0,0.6897407,0.0012333,0.0153956,0.3222079,0.1650783,0.04359951,-0.1231925,0,0,0,1,0,0,-0.4848604,0.6844139,-0.475244,-0.2585248,0.2426536,-0.1906336,-0.2763004,0,0,0,1,0,0,-0.0283777,0.006074471,-0.6886651,-0.3776427,0.02521692,0.3471644,-0.03976464,0,0,0,1,0,0,0.4453832,0.663585,-0.4453451,-0.1183734,0.006839636,0.05484822,0.02964938,0,0,0,1,0,0,0.4610093,-0.004187254,-0.4489751,-0.463997,-0.08830547,0.8710299,0.1215548,0,0,0,1,0,0,-0.01191309,0.6661121,-0.6468654,-0.1587256,-0.04404487,0.06587806,-0.1893347,0,0,0,1,0,0,0.4385593,1.335203,0.4336933,0.07027242,0.00587106,0.07540885,-0.122582,0,0,0,1,0,0,0.005284892,1.335533,0.6014405,0.01393082,-0.02637507,-0.05992653,-0.1211713,0,0,0,1,0,0,-0.4182451,1.332955,0.4253727,0.0456393,-0.009983782,0.008001926,0.02951318,0,0,0,1,0,0,0.6093377,1.336739,-0.003262183,0.02183915,0.03291966,-0.03521142,0.01946014,0,0,0,1,0,0,-0.6085984,1.337046,0.001818573,-0.1227201,0.05493166,0.02066802,0.02856922,0,0,0,1,0,0,-0.4343667,1.339052,-0.4298435,-0.1115114,0.06897452,-0.09865765,-0.1170755,0,0,0,1,0,0,0.004093447,1.329186,-0.5949174,0.0625341,-0.05238058,0.04277231,-0.1225743,0,0,0,1,0,0,0.4211656,1.331987,-0.4201963,-0.02820493,-0.01360179,0.01604558,0.03754234,0,0,0,1,0,0,0.3889087,2,0.3889088,0,0,0,0.05000001,0,0,0,0,0,0,0.55,2,4.808253E-08,0,0,0,0.05000001,0,0,0,0,0,0,-6.558685E-09,2,0.55,0,0,0,0.05000001,0,0,0,0,0,0,0.3889087,2,-0.3889087,0,0,0,0.04999995,0,0,0,0,0,0,-0.3889089,2,0.3889086,0,0,0,0.05000001,0,0,0,0,0,0,2.404126E-08,2,-0.55,0,0,0,0.05000001,0,0,0,0,0,0,-0.3889087,2,-0.3889087,0,0,0,0.04999995,0,0,0,0,0,0,-0.55,2,0,0,0,0,0.05000001,0,0,0,0,0,0
228,0.01982005,0.673943,0.6561792,0.1128794,-0.02011359,-0.1557828,-0.2042761,0,0,0,1,0,0,-0.4414305,0.6693446,0.4503424,0.1246244,0.0651777,-0.06760809,0.006457329,0,0,0,1,0,0,-0.4394881,0.004140786,0.4428765,0.5596312,-0.05085445,-1.021158,0.1206295,0,0,0,1,0,0,0.04023104,0.01402115,0.6912493,0.284242,-0.04513498,-0.4860492,-0.05820584,0,0,0,1,0,0,-0.6827626,0.005082578,-0.01192752,-0.5930218,0.2926953,-0.04870698,-0.129536,0,0,0,1,0,0,0.5042889,0.6837078,0.4838562,0.4072772,0.1411111,0.206253,-0.2782551,0,0,0,1,0,0,0.5877504,0.05364105,0.539459,0.9991978,0.6348839,0.3566177,-0.1921795,0,0,0,1,0,0,-0.6860231,0.6831129,0.00663641,-0.3726126,0.2854527,0.03585952,-0.1042277,0,0,0,1,0,0,-0.5900258,0.04852511,-0.5310579,-1.063046,0.5885047,-0.3553094,-0.1882451,0,0,0,1,0,0,0.6881161,0.6852046,-0.003951387,0.3175588,0.2248705,-0.0913972,-0.1197836,0,0,0,1,0,0,0.7032962,0.00791675,0.01506836,0.6777766,0.3341726,-0.01636204,-0.1215801,0,0,0,1,0,0,-0.4917454,0.6885592,-0.478,-0.3442512,0.2072693,-0.1377985,-0.2732697,0,0,0,1,0,0,-0.03618274,0.006128951,-0.6794987,-0.3902523,0.002724027,0.4583212,-0.04503703,0,0,0,1,0,0,0.4407709,0.663993,-0.4426393,-0.2306164,0.0203997,0.1352907,0.02855307,0,0,0,1,0,0,0.4504074,-0.006156667,-0.4311594,-0.5300956,-0.09847068,0.8907858,0.1036808,0,0,0,1,0,0,-0.01466268,0.6653196,-0.6430528,-0.1374799,-0.03962816,0.1906306,-0.1915528,0,0,0,1,0,0,0.4411407,1.336408,0.4370601,0.1290739,0.06022456,0.168337,-0.1215284,0,0,0,1,0,0,0.006521647,1.336162,0.6021268,0.06183777,0.0314355,0.03431143,-0.1205451,0,0,0,1,0,0,-0.4168906,1.334253,0.4270442,0.06772581,0.06487372,0.08357319,0.03150809,0,0,0,1,0,0,0.6119179,1.337509,-0.003641215,0.1290083,0.03848077,-0.01895159,0.01912451,0,0,0,1,0,0,-0.6119811,1.339015,0.002560605,-0.1691372,0.09843711,0.03710162,0.02975005,0,0,0,1,0,0,-0.4381013,1.340743,-0.4339296,-0.186728,0.0845671,-0.2043024,-0.1146045,0,0,0,1,0,0,0.004363348,1.328752,-0.5953147,0.01349506,-0.02167822,-0.01986624,-0.1224728,0,0,0,1,0,0,0.4206999,1.331878,-0.4193277,-0.02328903,-0.005406144,0.04342945,0.03876066,0,0,0,1,0,0,0.3889087,2,0.3889088,0,0,0,0.05000001,0,0,0,0,0,0,0.55,2,4.808253E-08,0,0,0,0.05000001,0,0,0,0,0,0,-6.558685E-09,2,0.55,0,0,0,0.05000001,0,0,0,0,0,0,0.3889087,2,-0.3889087,0,0,0,0.04999995,0,0,0,0,0,0,-0.3889089,2,0.3889086,0,0,0,0.05000001,0,0,0,0,0,0,2.404126E-08,2,-0.55,0,0,0,0.05000001,0,0,0,0,0,0,-0.3889087,2,-0.3889087,0,0,0,0.04999995,0,0,0,0,0,0,-0.55,2,0,0,0,0,0.05000001,0,0,0,0,0,0
229,0.01957852,0.6746695,0.6518655,-0.01207656,0.03632607,-0.2156884,-0.2053255,0,0,0,1,0,0,-0.4368564,0.6699318,0.4454775,0.2287091,0.02935828,-0.2432481,0.005963147,0,0,0,1,0,0,-0.4267662,-0.0001092211,0.4184123,0.6360921,-0.2125005,-1.22321,0.09777915,0,0,0,1,0,0,0.04341042,0.01232346,0.6823441,0.158969,-0.08488473,-0.4452588,-0.05844778,0,0,0,1,0,0,-0.6926307,0.009420399,-0.01441925,-0.4934045,0.2168911,-0.1245862,-0.1322488,0,0,0,1,0,0,0.5092586,0.68781,0.4878398,0.2484859,0.2051116,0.1991794,-0.2775508,0,0,0,1,0,0,0.5976205,0.06186574,0.5459225,0.4935058,0.4112344,0.3231765,-0.1912473,0,0,0,1,0,0,-0.690589,0.6872505,0.007153307,-0.2282948,0.2068818,0.02584484,-0.1068594,0,0,0,1,0,0,-0.6008992,0.05811539,-0.5376917,-0.5436691,0.4795142,-0.331691,-0.1872721,0,0,0,1,0,0,0.6928612,0.688848,-0.005108398,0.2372564,0.1821668,-0.05785059,-0.1220914,0,0,0,1,0,0,0.7137272,0.0136891,0.01828092,0.5215468,0.2886178,0.1606283,-0.1248319,0,0,0,1,0,0,-0.4958077,0.6924586,-0.479353,-0.2031148,0.1949698,-0.06764832,-0.2748518,0,0,0,1,0,0,-0.04328021,0.005150095,-0.6723954,-0.3548739,-0.04894284,0.3551634,-0.0459168,0,0,0,1,0,0,0.4347639,0.663243,-0.4388652,-0.3003464,-0.03750028,0.1887054,0.02755708,0,0,0,1,0,0,0.4410107,-0.008605545,-0.4139016,-0.4698323,-0.122444,0.8628908,0.08717114,0,0,0,1,0,0,-0.01556218,0.6656082,-0.6393901,-0.04497484,0.01443327,0.1831324,-0.1921334,0,0,0,1,0,0,0.4442166,1.337303,0.4397186,0.153792,0.04475119,0.1329274,-0.1215256,0,0,0,1,0,0,0.007171878,1.337281,0.6042314,0.03251155,0.05595686,0.105232,-0.1185104,0,0,0,1,0,0,-0.4195121,1.336307,0.4295098,-0.1310751,0.1027227,0.1232774,0.03792024,0,0,0,1,0,0,0.6143146,1.338118,-0.004905091,0.1198382,0.03044606,-0.06319381,0.01792777,0,0,0,1,0,0,-0.6156974,1.340328,0.002419886,-0.1858146,0.06564262,-0.00703597,0.02954704,0,0,0,1,0,0,-0.4408967,1.342001,-0.4373969,-0.13977,0.0629008,-0.1733632,-0.1140795,0,0,0,1,0,0,0.004828625,1.328803,-0.5960792,0.02326384,0.00255108,-0.03822745,-0.1217088,0,0,0,1,0,0,0.421392,1.332273,-0.4199831,0.03460647,0.01975299,-0.03276766,0.04219878,0,0,0,1,0,0,0.3889087,2,0.3889088,0,0,0,0.05000001,0,0,0,0,0,0,0.55,2,4.808253E-08,0,0,0,0.05000001,0,0,0,0,0,0,-6.558685E-09,2,0.55,0,0,0,0.05000001,0,0,0,0,0,0,0.3889087,2,-0.3889087,0,0,0,0.04999995,0,0,0,0,0,0,-0.3889089,2,0.3889086,0,0,0,0.05000001,0,0,0,0,0,0,2.404126E-08,2,-0.55,0,0,0,0.05000001,0,0,0,0,0,0,-0.3889087,2,-0.3889087,0,0,0,0.04999995,0,0,0,0,0,0,-0.55,2,0,0,0,0,0.05000001,0,0,0,0,0,0
230,0.02041425,0.6744138,0.6492129,0.04178632,-0.0127852,-0.1326293,-0.2050252,0,0,0,1,0,0,-0.4345821,0.6710644,0.4438671,0.1137138,0.0566304,-0.08051845,0.008416057,0,0,0,1,0,0,-0.4118915,-0.0008078266,0.3936549,0.7437336,-0.03493029,-1.237867,0.07416463,0,0,0,1,0,0,0.05030559,0.01482052,0.6755784,0.344759,0.1248534,-0.3382893,-0.06058937,0,0,0,1,0,0,-0.7067015,0.01760382,-0.01637198,-0.7035378,0.4091714,-0.09763654,-0.1337428,0,0,0,1,0,0,0.517355,0.6923677,0.4934831,0.40482,0.2278835,0.282164,-0.2734127,0,0,0,1,0,0,0.609979,0.0710509,0.5484055,0.6179276,0.4592581,0.1241476,-0.1918029,0,0,0,1,0,0,-0.6983722,0.6916644,0.007202114,-0.3891619,0.2206952,0.002440392,-0.1070796,0,0,0,1,0,0,-0.6156783,0.06781076,-0.5420188,-0.7389519,0.4847687,-0.216356,-0.1853991,0,0,0,1,0,0,0.7034563,0.6943799,-0.005867939,0.5297574,0.2765955,-0.03797704,-0.1193198,0,0,0,1,0,0,0.7264611,0.02214075,0.02009822,0.6366971,0.4225827,0.09086508,-0.1271747,0,0,0,1,0,0,-0.4998471,0.6968321,-0.4823842,-0.2019704,0.2186746,-0.1515628,-0.2752797,0,0,0,1,0,0,-0.04977516,0.005756366,-0.6670594,-0.3247475,0.03031354,0.2667994,-0.04566091,0,0,0,1,0,0,0.4315163,0.6640666,-0.4380687,-0.1623795,0.04117788,0.03982486,0.0295434,0,0,0,1,0,0,0.4345777,-0.007719244,-0.3967524,-0.3216521,0.04431509,0.8574623,0.07045346,0,0,0,1,0,0,-0.01774705,0.6652467,-0.6380026,-0.1092433,-0.01807512,0.06937686,-0.1910282,0,0,0,1,0,0,0.4468659,1.337968,0.4422281,0.1324684,0.03326537,0.1254753,-0.1220499,0,0,0,1,0,0,0.008284142,1.337875,0.6052684,0.05561323,0.02971293,0.05184712,-0.1176794,0,0,0,1,0,0,-0.4195289,1.337036,0.4302326,-0.000841916,0.03646614,0.03614427,0.04109281,0,0,0,1,0,0,0.616432,1.338549,-0.005828742,0.1058698,0.02155901,-0.04618258,0.01623589,0,0,0,1,0,0,-0.6182901,1.341361,0.002497314,-0.1296342,0.05165936,0.003871405,0.02837664,0,0,0,1,0,0,-0.4435667,1.343344,-0.4407887,-0.1335025,0.0671685,-0.1695917,-0.1136395,0,0,0,1,0,0,0.006712194,1.327206,-0.5951872,0.09417848,-0.07984641,0.04460217,-0.1228099,0,0,0,1,0,0,0.4204443,1.331984,-0.4183753,-0.04738571,-0.01447201,0.08038732,0.04338843,0,0,0,1,0,0,0.3889087,2,0.3889088,0,0,0,0.05000001,0,0,0,0,0,0,0.55,2,4.808253E-08,0,0,0,0.05000001,0,0,0,0,0,0,-6.558685E-09,2,0.55,0,0,0,0.05000001,0,0,0,0,0,0,0.3889087,2,-0.3889087,0,0,0,0.04999995,0,0,0,0,0,0,-0.3889089,2,0.3889086,0,0,0,0.05000001,0,0,0,0,0,0,2.404126E-08,2,-0.55,0,0,0,0.05000001,0,0,0,0,0,0,-0.3889087,2,-0.3889087,0,0,0,0.04999995,0,0,0,0,0,0,-0.55,2,0,0,0,0,0.05000001,0,0,0,0,0,0
231,0.02140814,0.6746809,0.647321,0.04969483,0.01335741,-0.09459261,-0.2040256,0,0,0,1,0,0,-0.4334364,0.6733127,0.4445367,0.05728605,0.1124174,0.03348143,0.01225936,0,0,0,1,0,0,-0.3954731,0.000391239,0.3676065,0.8209246,0.0599533,-1.302422,0.04974139,0,0,0,1,0,0,0.05763783,0.01875658,0.6692905,0.3666119,0.1968028,-0.3143938,-0.06300426,0,0,0,1,0,0,-0.720749,0.02724069,-0.01686966,-0.7023755,0.4818435,-0.02488439,-0.1352872,0,0,0,1,0,0,0.5259628,0.6974628,0.4990182,0.4303904,0.2547563,0.2767534,-0.2689316,0,0,0,1,0,0,0.6222867,0.08056556,0.5495338,0.6153824,0.4757332,0.05641582,-0.1933671,0,0,0,1,0,0,-0.7044802,0.6969795,0.007090271,-0.3053964,0.2657564,-0.005592152,-0.1086816,0,0,0,1,0,0,-0.6300445,0.07729738,-0.545193,-0.7183108,0.4743313,-0.1587064,-0.1843237,0,0,0,1,0,0,0.7135629,0.6999516,-0.008225506,0.5053284,0.2785892,-0.1178784,-0.1163335,0,0,0,1,0,0,0.7380468,0.03098935,0.02155009,0.5792859,0.4424299,0.07259355,-0.1303949,0,0,0,1,0,0,-0.5039853,0.7015874,-0.4865768,-0.2069131,0.237763,-0.2096311,-0.274817,0,0,0,1,0,0,-0.05592677,0.006230881,-0.6614662,-0.3075808,0.02372576,0.2796592,-0.04503936,0,0,0,1,0,0,0.4294147,0.6652021,-0.439145,-0.1050801,0.05677643,-0.05381855,0.03305387,0,0,0,1,0,0,0.4258225,-0.007279951,-0.3766291,-0.437762,0.02196467,1.006164,0.05158597,0,0,0,1,0,0,-0.01980035,0.6643742,-0.6356435,-0.1026652,-0.04362764,0.1179547,-0.1905165,0,0,0,1,0,0,0.4485072,1.338183,0.4438201,0.08206072,0.01074076,0.07959756,-0.1239108,0,0,0,1,0,0,0.009482665,1.338522,0.6066748,0.05992616,0.03235341,0.07032159,-0.1166003,0,0,0,1,0,0,-0.4190224,1.338295,0.4312502,0.02532453,0.06293657,0.05087705,0.04423428,0,0,0,1,0,0,0.6174941,1.3389,-0.007201473,0.05310478,0.0175655,-0.06863659,0.01381987,0,0,0,1,0,0,-0.6206542,1.342479,0.002945164,-0.118205,0.05590918,0.02239253,0.02714151,0,0,0,1,0,0,-0.4453082,1.34416,-0.4443763,-0.08707348,0.04075767,-0.1793803,-0.114121,0,0,0,1,0,0,0.008156768,1.326277,-0.5951998,0.07222875,-0.04645588,-0.0006288292,-0.1229115,0,0,0,1,0,0,0.4196583,1.331847,-0.4174958,-0.03929885,-0.006854537,0.04397633,0.04500371,0,0,0,1,0,0,0.3889087,2,0.3889088,0,0,0,0.05000001,0,0,0,0,0,0,0.55,2,4.808253E-08,0,0,0,0.05000001,0,0,0,0,0,0,-6.558685E-09,2,0.55,0,0,0,0.05000001,0,0,0,0,0,0,0.3889087,2,-0.3889087,0,0,0,0.04999995,0,0,0,0,0,0,-0.3889089,2,0.3889086,0,0,0,0.05000001,0,0,0,0,0,0,2.404126E-08,2,-0.55,0,0,0,0.05000001,0,0,0,0,0,0,-0.3889087,2,-0.3889087,0,0,0,0.04999995,0,0,0,0,0,0,-0.55,2,0,0,0,0,0.05000001,0,0,0,0,0,0
232,0.02181336,0.674956,0.6456645,0.02026112,0.01375378,-0.08282664,-0.202577,0,0,0,1,0,0,-0.43244,0.6753867,0.4448307,0.04981758,0.1036972,0.01469851,0.01592195,0,0,0,1,0,0,-0.378666,0.002178062,0.3395217,0.8403543,0.08934116,-1.404243,0.02458215,0,0,0,1,0,0,0.06420661,0.02250463,0.6626066,0.3284391,0.1874026,-0.3341944,-0.06531405,0,0,0,1,0,0,-0.7345895,0.03717176,-0.01781663,-0.6920281,0.4965538,-0.04734846,-0.1369881,0,0,0,1,0,0,0.5342955,0.702615,0.5041759,0.4166337,0.2576114,0.257887,-0.2646555,0,0,0,1,0,0,0.6351876,0.09183099,0.5517438,0.6450447,0.5632719,0.1105011,-0.1943817,0,0,0,1,0,0,-0.7124262,0.7014839,0.008526855,-0.3973038,0.2252192,0.07182921,-0.1079906,0,0,0,1,0,0,-0.6427772,0.08784116,-0.5483158,-0.6366374,0.5271891,-0.1561434,-0.1843878,0,0,0,1,0,0,0.7217416,0.7048504,-0.01132178,0.4089357,0.2449364,-0.1548137,-0.1145425,0,0,0,1,0,0,0.7504103,0.04024943,0.02233733,0.6181719,0.4630042,0.0393619,-0.1326386,0,0,0,1,0,0,-0.5097153,0.7071917,-0.4907035,-0.2864958,0.2802165,-0.2063335,-0.2728054,0,0,0,1,0,0,-0.06325813,0.008171143,-0.6553171,-0.3665678,0.09701316,0.3074558,-0.04621094,0,0,0,1,0,0,0.4277014,0.6658038,-0.4396562,-0.08566979,0.03008546,-0.02555848,0.03668594,0,0,0,1,0,0,0.4128621,-0.007162166,-0.3524712,-0.6480175,0.005889221,1.207893,0.02971512,0,0,0,1,0,0,-0.02122481,0.6645248,-0.6342173,-0.07122292,0.00753105,0.07131103,-0.1890774,0,0,0,1,0,0,0.4501908,1.338624,0.4452846,0.08418414,0.02207161,0.07322583,-0.1255382,0,0,0,1,0,0,0.01028936,1.339205,0.6080391,0.04033457,0.03411771,0.06821755,-0.1154448,0,0,0,1,0,0,-0.4192835,1.339284,0.4324368,-0.01305342,0.04943015,0.059329,0.04778618,0,0,0,1,0,0,0.6184461,1.339483,-0.008784092,0.04760029,0.02912284,-0.07913097,0.01164705,0,0,0,1,0,0,-0.622892,1.343133,0.002801666,-0.1118929,0.03269316,-0.007174924,0.0254299,0,0,0,1,0,0,-0.4467345,1.344634,-0.4465029,-0.07131848,0.02369882,-0.1063303,-0.1154777,0,0,0,1,0,0,0.009317028,1.32599,-0.5959387,0.05801304,-0.01434684,-0.03694893,-0.1221365,0,0,0,1,0,0,0.4193476,1.331599,-0.4174544,-0.01553298,-0.01238585,0.002069772,0.04706854,0,0,0,1,0,0,0.3889087,2,0.3889088,0,0,0,0.05000001,0,0,0,0,0,0,0.55,2,4.808253E-08,0,0,0,0.05000001,0,0,0,0,0,0,-6.558685E-09,2,0.55,0,0,0,0.05000001,0,0,0,0,0,0,0.3889087,2,-0.3889087,0,0,0,0.04999995,0,0,0,0,0,0,-0.3889089,2,0.3889086,0,0,0,0.05000001,0,0,0,0,0,0,2.404126E-08,2,-0.55,0,0,0,0.05000001,0,0,0,0,0,0,-0.3889087,2,-0.3889087,0,0,0,0.04999995,0,0,0,0,0,0,-0.55,2,0,0,0,0,0.05000001,0,0,0,0,0,0
233,0.02219601,0.6749047,0.6441814,0.01913235,-0.002565981,-0.07415715,-0.2005965,0,0,0,1,0,0,-0.431211,0.6769092,0.4449979,0.06144943,0.07612708,0.008361045,0.01977509,0,0,0,1,0,0,-0.3624624,0.006539728,0.30981,0.8101779,0.2180834,-1.485582,-0.001469076,0,0,0,1,0,0,0.07038771,0.02541549,0.6550173,0.3090554,0.1455432,-0.3794642,-0.06693804,0,0,0,1,0,0,-0.7479492,0.0467364,-0.01880897,-0.6679835,0.4782321,-0.04961707,-0.1391614,0,0,0,1,0,0,0.5426622,0.7072911,0.509402,0.4183354,0.2338023,0.2613069,-0.2608457,0,0,0,1,0,0,0.6475227,0.1036254,0.555465,0.6167563,0.5897204,0.1860619,-0.1950834,0,0,0,1,0,0,-0.7214726,0.7068484,0.00983279,-0.452319,0.268224,0.06529678,-0.1067944,0,0,0,1,0,0,-0.6548355,0.09909623,-0.5517542,-0.6029161,0.5627537,-0.1719178,-0.1851043,0,0,0,1,0,0,0.7298855,0.7095715,-0.01433286,0.4071923,0.2360583,-0.150554,-0.1134406,0,0,0,1,0,0,0.7637451,0.04984113,0.02247446,0.6667408,0.4795851,0.0068564,-0.1343492,0,0,0,1,0,0,-0.516557,0.7130444,-0.4948754,-0.3420861,0.2926351,-0.2085955,-0.2703027,0,0,0,1,0,0,-0.07093401,0.01092256,-0.6486088,-0.3837945,0.1375709,0.3354163,-0.04761708,0,0,0,1,0,0,0.4260739,0.6664379,-0.4395053,-0.08137229,0.0317067,0.007544461,0.04049999,0,0,0,1,0,0,0.3966812,-0.006379697,-0.3231225,-0.8090439,0.0391235,1.467439,0.00411886,0,0,0,1,0,0,-0.02173917,0.6645235,-0.6331397,-0.02571811,-6.25849E-05,0.05387964,-0.1865697,0,0,0,1,0,0,0.4521331,1.338835,0.4470019,0.09711239,0.0105381,0.085865,-0.1273443,0,0,0,1,0,0,0.01134183,1.339564,0.6090075,0.05262361,0.01796485,0.04841687,-0.1148578,0,0,0,1,0,0,-0.4192089,1.34048,0.4329627,0.003729762,0.05983116,0.02629907,0.0511598,0,0,0,1,0,0,0.6198959,1.34037,-0.009666451,0.0724912,0.0443578,-0.04411798,0.009453773,0,0,0,1,0,0,-0.6246942,1.343872,0.002769735,-0.09011034,0.03697874,-0.001596532,0.02320766,0,0,0,1,0,0,-0.4476349,1.345467,-0.4486358,-0.04501643,0.04169346,-0.1066432,-0.1171405,0,0,0,1,0,0,0.0100394,1.325491,-0.5964585,0.03611847,-0.02498628,-0.02598764,-0.1217488,0,0,0,1,0,0,0.4191418,1.331629,-0.4170133,-0.01029224,0.001478196,0.02205671,0.04942095,0,0,0,1,0,0,0.3889087,2,0.3889088,0,0,0,0.05000001,0,0,0,0,0,0,0.55,2,4.808253E-08,0,0,0,0.05000001,0,0,0,0,0,0,-6.558685E-09,2,0.55,0,0,0,0.05000001,0,0,0,0,0,0,0.3889087,2,-0.3889087,0,0,0,0.04999995,0,0,0,0,0,0,-0.3889089,2,0.3889086,0,0,0,0.05000001,0,0,0,0,0,0,2.404126E-08,2,-0.55,0,0,0,0.05000001,0,0,0,0,0,0,-0.3889087,2,-0.3889087,0,0,0,0.04999995,0,0,0,0,0,0,-0.55,2,0,0,0,0,0.05000001,0,0,0,0,0,0
234,0.02274152,0.6754917,0.6434917,0.02727519,0.02934934,-0.0344813,-0.1982927,0,0,0,1,0,0,-0.4300497,0.6785612,0.4453166,0.05806836,0.08259717,0.01593382,0.02317435,0,0,0,1,0,0,-0.3475435,0.01381791,0.279545,0.7459465,0.3639094,-1.513252,-0.02800202,0,0,0,1,0,0,0.07679697,0.02821573,0.6471431,0.320463,0.140012,-0.3937097,-0.06931406,0,0,0,1,0,0,-0.7606939,0.05652926,-0.01942924,-0.6372365,0.4896434,-0.03101352,-0.1410397,0,0,0,1,0,0,0.5506923,0.7124177,0.5147015,0.401503,0.2563299,0.2649755,-0.2565472,0,0,0,1,0,0,0.6601983,0.1159822,0.5587463,0.6337794,0.6178415,0.1640648,-0.1954761,0,0,0,1,0,0,-0.7314714,0.7132385,0.01013099,-0.4999401,0.3195078,0.01491001,-0.1043615,0,0,0,1,0,0,-0.6679018,0.1113314,-0.5554111,-0.6533118,0.6117611,-0.1828463,-0.1848258,0,0,0,1,0,0,0.7388291,0.7149156,-0.01724881,0.447184,0.2672018,-0.1457975,-0.1108859,0,0,0,1,0,0,0.7777692,0.06025059,0.02262394,0.7012072,0.5204734,0.007474239,-0.1352532,0,0,0,1,0,0,-0.5235999,0.7192188,-0.4994753,-0.3521444,0.3087194,-0.229995,-0.266723,0,0,0,1,0,0,-0.07895664,0.01392814,-0.6415802,-0.4011316,0.1502791,0.3514321,-0.05011088,0,0,0,1,0,0,0.424617,0.6671887,-0.4389643,-0.07284436,0.03753902,0.02705158,0.04381329,0,0,0,1,0,0,0.378089,-0.003548014,-0.287851,-0.9296138,0.1415842,1.763574,-0.02609843,0,0,0,1,0,0,-0.02267813,0.6641016,-0.630966,-0.04694827,-0.02109707,0.1086832,-0.1853475,0,0,0,1,0,0,0.4540217,1.339197,0.4486409,0.0944287,0.01809002,0.08194748,-0.1288165,0,0,0,1,0,0,0.01221065,1.339834,0.6095203,0.04344133,0.01348854,0.02564193,-0.1146023,0,0,0,1,0,0,-0.4191873,1.341453,0.4337891,0.001080335,0.04863741,0.04131944,0.05429846,0,0,0,1,0,0,0.6209308,1.341041,-0.01054424,0.05174281,0.03357531,-0.04388966,0.007153928,0,0,0,1,0,0,-0.626549,1.34474,0.002717432,-0.0927389,0.04338624,-0.002615166,0.02138942,0,0,0,1,0,0,-0.4486701,1.345767,-0.4518343,-0.05176069,0.01498461,-0.1599268,-0.1183875,0,0,0,1,0,0,0.01100797,1.325103,-0.5970202,0.04842884,-0.01937748,-0.02808572,-0.1211774,0,0,0,1,0,0,0.4184012,1.331226,-0.4161628,-0.03702791,-0.02011658,0.04252495,0.05078781,0,0,0,1,0,0,0.3889087,2,0.3889088,0,0,0,0.05000001,0,0,0,0,0,0,0.55,2,4.808253E-08,0,0,0,0.05000001,0,0,0,0,0,0,-6.558685E-09,2,0.55,0,0,0,0.05000001,0,0,0,0,0,0,0.3889087,2,-0.3889087,0,0,0,0.04999995,0,0,0,0,0,0,-0.3889089,2,0.3889086,0,0,0,0.05000001,0,0,0,0,0,0,2.404126E-08,2,-0.55,0,0,0,0.05000001,0,0,0,0,0,0,-0.3889087,2,-0.3889087,0,0,0,0.04999995,0,0,0,0,0,0,-0.55,2,0,0,0,0,0.05000001,0,0,0,0,0,0
235,0.02260891,0.6760345,0.6430343,-0.006630088,0.02714099,-0.02287329,-0.1952966,0,0,0,1,0,0,-0.42918,0.6800896,0.4454543,0.04348459,0.07642213,0.006885829,0.02689564,0,0,0,1,0,0,-0.3342429,0.0232449,0.250016,0.6650331,0.4713495,-1.476451,-0.05340308,0,0,0,1,0,0,0.08218142,0.03106836,0.6397848,0.2692224,0.1426317,-0.3679188,-0.07035774,0,0,0,1,0,0,-0.7705356,0.06562695,-0.0211515,-0.4920872,0.4548844,-0.08611292,-0.1453164,0,0,0,1,0,0,0.5575163,0.717137,0.5196702,0.341204,0.2359689,0.2484352,-0.2535763,0,0,0,1,0,0,0.6711258,0.127532,0.5621611,0.5463752,0.577491,0.1707406,-0.1963941,0,0,0,1,0,0,-0.7414989,0.7199639,0.0102939,-0.5013766,0.3362687,0.008145443,-0.1021289,0,0,0,1,0,0,-0.6794487,0.1237333,-0.5588989,-0.5773487,0.6200908,-0.1743913,-0.1855574,0,0,0,1,0,0,0.7461118,0.7195903,-0.02002224,0.3641309,0.2337367,-0.1386718,-0.1102196,0,0,0,1,0,0,0.7905806,0.07011481,0.0231763,0.6405714,0.4932113,0.02761801,-0.1370276,0,0,0,1,0,0,-0.5299477,0.7256516,-0.5043234,-0.3173919,0.3216387,-0.2424032,-0.2635161,0,0,0,1,0,0,-0.08715745,0.01659804,-0.6339391,-0.4100406,0.1334948,0.382051,-0.0525409,0,0,0,1,0,0,0.4227488,0.6672128,-0.4385596,-0.09341095,0.001206995,0.02023578,0.04714239,0,0,0,1,0,0,0.3567974,0.001398951,-0.2476189,-1.06458,0.2473483,2.011608,-0.05923164,0,0,0,1,0,0,-0.0228718,0.6634242,-0.6282762,-0.009683337,-0.03387035,0.134489,-0.1839425,0,0,0,1,0,0,0.4552713,1.339335,0.4496207,0.06248209,0.00689626,0.04899206,-0.1312031,0,0,0,1,0,0,0.01277845,1.340269,0.6101159,0.02838961,0.02174974,0.02977849,-0.1141122,0,0,0,1,0,0,-0.4192505,1.342788,0.4348123,-0.003157557,0.06675127,0.05116018,0.05780339,0,0,0,1,0,0,0.6210787,1.341614,-0.01153373,0.007393959,0.02863408,-0.04947411,0.004072785,0,0,0,1,0,0,-0.6286485,1.345503,0.002753746,-0.1049757,0.03814699,0.001815696,0.01959723,0,0,0,1,0,0,-0.4491027,1.346005,-0.4549414,-0.02163053,0.01189709,-0.1553551,-0.1201668,0,0,0,1,0,0,0.01211333,1.324501,-0.5981655,0.05526759,-0.03008844,-0.05726518,-0.1202779,0,0,0,1,0,0,0.4179639,1.331179,-0.4155031,-0.02186597,-0.002366305,0.03298373,0.05269486,0,0,0,1,0,0,0.3889087,2,0.3889088,0,0,0,0.05000001,0,0,0,0,0,0,0.55,2,4.808253E-08,0,0,0,0.05000001,0,0,0,0,0,0,-6.558685E-09,2,0.55,0,0,0,0.05000001,0,0,0,0,0,0,0.3889087,2,-0.3889087,0,0,0,0.04999995,0,0,0,0,0,0,-0.3889089,2,0.3889086,0,0,0,0.05000001,0,0,0,0,0,0,2.404126E-08,2,-0.55,0,0,0,0.05000001,0,0,0,0,0,0,-0.3889087,2,-0.3889087,0,0,0,0.04999995,0,0,0,0,0,0,-0.55,2,0,0,0,0,0.05000001,0,0,0,0,0,0
236,0.02305153,0.6760944,0.6431666,0.02213084,0.002995135,0.006616118,-0.1927384,0,0,0,1,0,0,-0.4293893,0.6819127,0.4463068,-0.01046509,0.09115342,0.0426233,0.03044271,0,0,0,1,0,0,-0.3232179,0.03515118,0.2232892,0.5512463,0.595314,-1.336341,-0.07741576,0,0,0,1,0,0,0.08739064,0.0345665,0.6323456,0.2604612,0.1749068,-0.371957,-0.07349831,0,0,0,1,0,0,-0.7806512,0.0757196,-0.02354313,-0.5057754,0.5046329,-0.1195815,-0.1485613,0,0,0,1,0,0,0.5640502,0.7217501,0.5250996,0.3266932,0.2306522,0.2714695,-0.2489944,0,0,0,1,0,0,0.6832333,0.1401251,0.5656571,0.6053748,0.6296526,0.1747967,-0.1955759,0,0,0,1,0,0,-0.7538653,0.7274001,0.01118691,-0.618318,0.3718109,0.04465046,-0.0954982,0,0,0,1,0,0,-0.6921144,0.1374609,-0.5627309,-0.6332847,0.6863831,-0.1915992,-0.1843833,0,0,0,1,0,0,0.754622,0.7248356,-0.0226999,0.4255118,0.2622635,-0.1338827,-0.1065345,0,0,0,1,0,0,0.8051853,0.08134238,0.02265464,0.7302347,0.5613784,-0.026083,-0.1358882,0,0,0,1,0,0,-0.5375054,0.732682,-0.5100367,-0.3778847,0.3515245,-0.2856673,-0.2572628,0,0,0,1,0,0,-0.09626617,0.02002726,-0.6248537,-0.4554363,0.171461,0.454271,-0.05873805,0,0,0,1,0,0,0.4209121,0.6671851,-0.4379212,-0.09183291,-0.001385809,0.03191681,0.04920727,0,0,0,1,0,0,0.334794,0.01109906,-0.2054937,-1.100171,0.4850059,2.106257,-0.09451085,0,0,0,1,0,0,-0.02366595,0.662983,-0.6259096,-0.03970733,-0.02205969,0.1183331,-0.1833882,0,0,0,1,0,0,0.456199,1.339443,0.4511278,0.04638584,0.005400183,0.07535371,-0.1327528,0,0,0,1,0,0,0.01338852,1.340269,0.6099778,0.03050367,5.960467E-06,-0.006902221,-0.1144195,0,0,0,1,0,0,-0.4181611,1.343616,0.4349378,0.05446824,0.04138948,0.006271901,0.059268,0,0,0,1,0,0,0.6213994,1.341925,-0.0122645,0.01603664,0.01556874,-0.03653892,0.0017851,0,0,0,1,0,0,-0.6305711,1.346357,0.002788548,-0.09613041,0.04270675,0.00174013,0.01860803,0,0,0,1,0,0,-0.4497992,1.346511,-0.4576562,-0.03482552,0.02530814,-0.1357422,-0.120932,0,0,0,1,0,0,0.01318013,1.324214,-0.5991734,0.0533405,-0.0143528,-0.05039277,-0.1192971,0,0,0,1,0,0,0.4177142,1.331043,-0.4150422,-0.0124842,-0.006812814,0.02304466,0.05417061,0,0,0,1,0,0,0.3889087,2,0.3889088,0,0,0,0.05000001,0,0,0,0,0,0,0.55,2,4.808253E-08,0,0,0,0.05000001,0,0,0,0,0,0,-6.558685E-09,2,0.55,0,0,0,0.05000001,0,0,0,0,0,0,0.3889087,2,-0.3889087,0,0,0,0.04999995,0,0,0,0,0,0,-0.3889089,2,0.3889086,0,0,0,0.05000001,0,0,0,0,0,0,2.404126E-08,2,-0.55,0,0,0,0.05000001,0,0,0,0,0,0,-0.3889087,2,-0.3889087,0,0,0,0.04999995,0,0,0,0,0,0,-0.55,2,0,0,0,0,0.05000001,0,0,0,0,0,0
237,0.02248897,0.6765682,0.6437839,-0.02812809,0.0236869,0.03086628,-0.1889467,0,0,0,1,0,0,-0.4299701,0.68347,0.4468794,-0.02904088,0.07786754,0.02862961,0.03478295,0,0,0,1,0,0,-0.3144192,0.04761011,0.1992255,0.4399361,0.6229469,-1.203187,-0.09825045,0,0,0,1,0,0,0.09186433,0.03776431,0.6250598,0.2236848,0.1598906,-0.3642888,-0.07490766,0,0,0,1,0,0,-0.7862017,0.08337595,-0.02707557,-0.2775283,0.3828173,-0.1766221,-0.1552068,0,0,0,1,0,0,0.5694373,0.7257629,0.5288486,0.2693565,0.2006412,0.1874477,-0.2471473,0,0,0,1,0,0,0.6914523,0.1505561,0.5695707,0.4109503,0.5215527,0.1956791,-0.1962667,0,0,0,1,0,0,-0.7648333,0.7339249,0.01151591,-0.5483987,0.3262372,0.01645019,-0.09143782,0,0,0,1,0,0,-0.7003987,0.1500666,-0.5667005,-0.4142167,0.6302859,-0.1984806,-0.185639,0,0,0,1,0,0,0.7614734,0.7301331,-0.02433726,0.3425689,0.2648742,-0.08186813,-0.1055658,0,0,0,1,0,0,0.8153378,0.08945926,0.02333801,0.5076231,0.4058441,0.03416828,-0.1378212,0,0,0,1,0,0,-0.5429946,0.7396526,-0.5155354,-0.2744616,0.3485294,-0.2749355,-0.2531423,0,0,0,1,0,0,-0.1043073,0.02309326,-0.6155251,-0.4020558,0.1533001,0.4664304,-0.06322885,0,0,0,1,0,0,0.4194263,0.6672352,-0.4368508,-0.07429275,0.002503396,0.05352052,0.0500378,0,0,0,1,0,0,0.3151113,0.0243287,-0.1650255,-0.9841327,0.6614819,2.023412,-0.1275019,0,0,0,1,0,0,-0.02293339,0.6627229,-0.6239772,0.03662791,-0.01300276,0.09661619,-0.1812502,0,0,0,1,0,0,0.4563562,1.339888,0.4524472,0.007857385,0.02224446,0.06597193,-0.1349761,0,0,0,1,0,0,0.01335206,1.339861,0.6096337,-0.001822739,-0.0203848,-0.01720787,-0.1149843,0,0,0,1,0,0,-0.4179937,1.344694,0.4348127,0.008368496,0.0539303,-0.00625402,0.0617913,0,0,0,1,0,0,0.6211435,1.342631,-0.01280374,-0.01279414,0.03526808,-0.02696185,-0.00119406,0,0,0,1,0,0,-0.631925,1.34681,0.002594445,-0.06769302,0.02263785,-0.009705177,0.01647091,0,0,0,1,0,0,-0.449412,1.346395,-0.4592977,0.01936109,-0.005817416,-0.08207563,-0.1235698,0,0,0,1,0,0,0.01440865,1.323707,-0.6009122,0.06142601,-0.02536775,-0.08694235,-0.117865,0,0,0,1,0,0,0.4174683,1.330961,-0.4149545,-0.01229495,-0.004076959,0.004385414,0.05601889,0,0,0,1,0,0,0.3889087,2,0.3889088,0,0,0,0.05000001,0,0,0,0,0,0,0.55,2,4.808253E-08,0,0,0,0.05000001,0,0,0,0,0,0,-6.558685E-09,2,0.55,0,0,0,0.05000001,0,0,0,0,0,0,0.3889087,2,-0.3889087,0,0,0,0.04999995,0,0,0,0,0,0,-0.3889089,2,0.3889086,0,0,0,0.05000001,0,0,0,0,0,0,2.404126E-08,2,-0.55,0,0,0,0.05000001,0,0,0,0,0,0,-0.3889087,2,-0.3889087,0,0,0,0.04999995,0,0,0,0,0,0,-0.55,2,0,0,0,0,0.05000001,0,0,0,0,0,0
238,0.022211,0.6763223,0.6446393,-0.0138986,-0.01229048,0.04276933,-0.1835028,0,0,0,1,0,0,-0.4308578,0.6839182,0.4485249,-0.04438462,0.02240838,0.08227679,0.04184234,0,0,0,1,0,0,-0.307801,0.06047188,0.1789972,0.3309102,0.6430888,-1.011415,-0.11344,0,0,0,1,0,0,0.09707703,0.04111194,0.6180516,0.2606348,0.1673816,-0.3504099,-0.07304674,0,0,0,1,0,0,-0.7915662,0.09108222,-0.03077862,-0.268224,0.385314,-0.1851526,-0.1644248,0,0,0,1,0,0,0.574056,0.7295837,0.53292,0.2309323,0.1910419,0.2035708,-0.2479763,0,0,0,1,0,0,0.7019706,0.1629709,0.5729107,0.5259158,0.6207409,0.1670004,-0.1984411,0,0,0,1,0,0,-0.7762509,0.740966,0.01219662,-0.5708816,0.352055,0.03403562,-0.08984405,0,0,0,1,0,0,-0.7109903,0.1635692,-0.5709814,-0.5295786,0.6751309,-0.2140433,-0.1873433,0,0,0,1,0,0,0.7695141,0.7359693,-0.02598974,0.4020394,0.2918125,-0.08262427,-0.1065943,0,0,0,1,0,0,0.8239415,0.09696772,0.02380498,0.4301848,0.3754233,0.02334873,-0.1429983,0,0,0,1,0,0,-0.5481443,0.7458646,-0.5207265,-0.2574862,0.3105969,-0.2595545,-0.2518496,0,0,0,1,0,0,-0.1112511,0.02636023,-0.6061357,-0.3471894,0.1633488,0.4694732,-0.06352991,0,0,0,1,0,0,0.4194987,0.6672648,-0.4368381,0.003618003,0.001481176,0.0006347897,0.04813486,0,0,0,1,0,0,0.2998588,0.04040046,-0.1306845,-0.7626268,0.8035886,1.717053,-0.1533073,0,0,0,1,0,0,-0.02252099,0.6625091,-0.6234679,0.02061995,-0.01069308,0.02546907,-0.176491,0,0,0,1,0,0,0.4564109,1.340404,0.4541012,0.002735854,0.02578498,0.08270147,-0.1384716,0,0,0,1,0,0,0.01350374,1.339492,0.6085218,0.007583995,-0.01844765,-0.05559625,-0.116115,0,0,0,1,0,0,-0.416694,1.345094,0.4341104,0.06498846,0.01998544,-0.03511609,0.0637992,0,0,0,1,0,0,0.6205183,1.343002,-0.01325087,-0.03126265,0.01858474,-0.02235627,-0.0061813,0,0,0,1,0,0,-0.6323867,1.347121,0.002491939,-0.02308489,0.01553894,-0.00512528,0.01215374,0,0,0,1,0,0,-0.4489629,1.346167,-0.4605371,0.02245606,-0.01139641,-0.06196949,-0.1278152,0,0,0,1,0,0,0.01571698,1.323242,-0.6012844,0.06541636,-0.0232637,-0.01860858,-0.1172116,0,0,0,1,0,0,0.4170109,1.33081,-0.414491,-0.0228718,-0.007545951,0.02317281,0.05847943,0,0,0,1,0,0,0.3889087,2,0.3889088,0,0,0,0.05000001,0,0,0,0,0,0,0.55,2,4.808253E-08,0,0,0,0.05000001,0,0,0,0,0,0,-6.558685E-09,2,0.55,0,0,0,0.05000001,0,0,0,0,0,0,0.3889087,2,-0.3889087,0,0,0,0.04999995,0,0,0,0,0,0,-0.3889089,2,0.3889086,0,0,0,0.05000001,0,0,0,0,0,0,2.404126E-08,2,-0.55,0,0,0,0.05000001,0,0,0,0,0,0,-0.3889087,2,-0.3889087,0,0,0,0.04999995,0,0,0,0,0,0,-0.55,2,0,0,0,0,0.05000001,0,0,0,0,0,0
239,0.02392874,0.6763715,0.6456327,0.08588707,0.002458693,0.04966857,-0.1806602,0,0,0,1,0,0,-0.4289402,0.6851439,0.4490468,0.09587709,0.0612885,0.02609194,0.04348224,0,0,0,1,0,0,-0.3017199,0.07644299,0.1619923,0.3040553,0.7985561,-0.8502464,-0.1290748,0,0,0,1,0,0,0.1057859,0.04574729,0.6096268,0.4354415,0.2317675,-0.4212441,-0.07884806,0,0,0,1,0,0,-0.8021823,0.1020952,-0.03244265,-0.5308064,0.5506507,-0.08320151,-0.1672264,0,0,0,1,0,0,0.5796703,0.7343678,0.5383161,0.2807142,0.2392054,0.2698035,-0.2439602,0,0,0,1,0,0,0.7194578,0.1808289,0.576956,0.8743618,0.8928988,0.2022655,-0.1951581,0,0,0,1,0,0,-0.789826,0.7491033,0.01399985,-0.6787571,0.4068674,0.09016142,-0.08168912,0,0,0,1,0,0,-0.72774,0.1822608,-0.5772026,-0.8374873,0.9345773,-0.3110619,-0.1826687,0,0,0,1,0,0,0.781266,0.744032,-0.02860814,0.5875918,0.4031332,-0.13092,-0.09957874,0,0,0,1,0,0,0.8353374,0.1079171,0.02337532,0.5697968,0.5474689,-0.02148301,-0.1439559,0,0,0,1,0,0,-0.5537671,0.7527944,-0.5257227,-0.2811403,0.3464939,-0.2498121,-0.2473253,0,0,0,1,0,0,-0.1196995,0.03007599,-0.5955193,-0.4224231,0.185788,0.5308183,-0.06985754,0,0,0,1,0,0,0.4189224,0.6677683,-0.4363605,-0.02881141,0.02517403,0.02387912,0.04650855,0,0,0,1,0,0,0.2910175,0.05852364,-0.1034619,-0.442064,0.9061592,1.361132,-0.1770816,0,0,0,1,0,0,-0.02395422,0.6628019,-0.6239049,-0.07166158,0.01464189,-0.02185107,-0.1738416,0,0,0,1,0,0,0.4579532,1.340677,0.4554238,0.07711652,0.01367331,0.06612989,-0.1396934,0,0,0,1,0,0,0.0135008,1.339063,0.6075661,-0.0001473353,-0.0214398,-0.04778506,-0.1171023,0,0,0,1,0,0,-0.4144517,1.345467,0.433886,0.1121119,0.01864434,-0.01122058,0.06397253,0,0,0,1,0,0,0.6207743,1.3436,-0.01344279,0.01280308,0.02988578,-0.009596258,-0.008646846,0,0,0,1,0,0,-0.6330374,1.347672,0.002616927,-0.03253521,0.02756716,0.00624941,0.01000822,0,0,0,1,0,0,-0.4498312,1.346951,-0.4617233,-0.04341753,0.03922583,-0.05930664,-0.1289648,0,0,0,1,0,0,0.01761303,1.322159,-0.6011766,0.09480225,-0.05415084,0.005388262,-0.1171455,0,0,0,1,0,0,0.4152711,1.330193,-0.4130207,-0.08698855,-0.03085734,0.07351789,0.05823213,0,0,0,1,0,0,0.3889087,2,0.3889088,0,0,0,0.05000001,0,0,0,0,0,0,0.55,2,4.808253E-08,0,0,0,0.05000001,0,0,0,0,0,0,-6.558685E-09,2,0.55,0,0,0,0.05000001,0,0,0,0,0,0,0.3889087,2,-0.3889087,0,0,0,0.04999995,0,0,0,0,0,0,-0.3889089,2,0.3889086,0,0,0,0.05000001,0,0,0,0,0,0,2.404126E-08,2,-0.55,0,0,0,0.05000001,0,0,0,0,0,0,-0.3889087,2,-0.3889087,0,0,0,0.04999995,0,0,0,0,0,0,-0.55,2,0,0,0,0,0.05000001,0,0,0,0,0,0
240,0.02346821,0.6778368,0.6450306,-0.0230264,0.07326606,-0.03010334,-0.1777887,0,0,0,1,0,0,-0.4248183,0.6855376,0.446313,0.2060965,0.01968444,-0.1366869,0.04325128,0,0,0,1,0,0,-0.2945821,0.08940177,0.1430692,0.3568904,0.6479389,-0.9461533,-0.1426065,0,0,0,1,0,0,0.1135585,0.04594116,0.5992526,0.3886321,0.009693209,-0.5187096,-0.08150536,0,0,0,1,0,0,-0.8069844,0.1080829,-0.03380568,-0.2401055,0.2993831,-0.06815124,-0.1728104,0,0,0,1,0,0,0.5834677,0.7388756,0.5420437,0.1898737,0.2253891,0.1863808,-0.243289,0,0,0,1,0,0,0.7283613,0.1950811,0.5832711,0.4451753,0.7126081,0.3157557,-0.1945774,0,0,0,1,0,0,-0.7970021,0.75465,0.01497442,-0.3588052,0.2773346,0.04872863,-0.08128351,0,0,0,1,0,0,-0.7354993,0.1983779,-0.5844578,-0.3879608,0.8058574,-0.362757,-0.1822404,0,0,0,1,0,0,0.7891965,0.7496397,-0.0312808,0.396526,0.2803893,-0.133633,-0.09767807,0,0,0,1,0,0,0.8394428,0.1132808,0.02628786,0.2052725,0.2681838,0.1456269,-0.1505053,0,0,0,1,0,0,-0.5552161,0.7576748,-0.528758,-0.07244948,0.2440155,-0.1517624,-0.2482621,0,0,0,1,0,0,-0.1260371,0.03087456,-0.5854802,-0.3168804,0.03992833,0.5019547,-0.07139868,0,0,0,1,0,0,0.4168202,0.6672202,-0.4343602,-0.1051113,-0.02740623,0.1000166,0.04297853,0,0,0,1,0,0,0.2849295,0.07292281,-0.08302022,-0.304404,0.7199588,1.022082,-0.1921319,0,0,0,1,0,0,-0.02361501,0.6636903,-0.6236976,0.01696079,0.0444174,0.01036525,-0.1702682,0,0,0,1,0,0,0.4588332,1.340742,0.4558738,0.04400166,0.003224612,0.02249778,-0.1423776,0,0,0,1,0,0,0.01327992,1.339314,0.6087986,-0.01104377,0.01250506,0.06162527,-0.1160988,0,0,0,1,0,0,-0.4154632,1.347303,0.4349224,-0.05057307,0.09178523,0.05182328,0.06823701,0,0,0,1,0,0,0.6214243,1.343989,-0.01441645,0.03249646,0.01943112,-0.04868295,-0.0112558,0,0,0,1,0,0,-0.6340964,1.34795,0.002252804,-0.05294981,0.01389981,-0.01820618,0.007209957,0,0,0,1,0,0,-0.4499569,1.346896,-0.4627761,-0.006285312,-0.002771617,-0.05264284,-0.1317345,0,0,0,1,0,0,0.01896612,1.321667,-0.601253,0.06765456,-0.02456308,-0.003817679,-0.1166989,0,0,0,1,0,0,0.4155574,1.329998,-0.413553,0.01431555,-0.009763245,-0.02661647,0.06073523,0,0,0,1,0,0,0.3889087,2,0.3889088,0,0,0,0.05000001,0,0,0,0,0,0,0.55,2,4.808253E-08,0,0,0,0.05000001,0,0,0,0,0,0,-6.558685E-09,2,0.55,0,0,0,0.05000001,0,0,0,0,0,0,0.3889087,2,-0.3889087,0,0,0,0.04999995,0,0,0,0,0,0,-0.3889089,2,0.3889086,0,0,0,0.05000001,0,0,0,0,0,0,2.404126E-08,2,-0.55,0,0,0,0.05000001,0,0,0,0,0,0,-0.3889087,2,-0.3889087,0,0,0,0.04999995,0,0,0,0,0,0,-0.55,2,0,0,0,0,0.05000001,0,0,0,0,0,0
241,0.02294285,0.6781647,0.6438318,-0.02626787,0.01639426,-0.05993845,-0.1740415,0,0,0,1,0,0,-0.4200711,0.6851582,0.4439479,0.2373607,-0.01897217,-0.1182542,0.04410589,0,0,0,1,0,0,-0.2860993,0.1008599,0.1246752,0.4241394,0.5729067,-0.9197015,-0.1513506,0,0,0,1,0,0,0.1216848,0.04790474,0.5899309,0.4063165,0.09817913,-0.4660847,-0.08182651,0,0,0,1,0,0,-0.8210832,0.1193093,-0.03536158,-0.7049385,0.5613225,-0.07779508,-0.175482,0,0,0,1,0,0,0.5874187,0.7435508,0.5471949,0.1975477,0.2337576,0.2575607,-0.2430071,0,0,0,1,0,0,0.7414195,0.2133305,0.5885552,0.6529095,0.9124715,0.2642037,-0.194483,0,0,0,1,0,0,-0.8029102,0.7592357,0.01637954,-0.2954037,0.2292843,0.0702556,-0.08432299,0,0,0,1,0,0,-0.7444517,0.2126705,-0.5915397,-0.4476221,0.7146279,-0.3540964,-0.1817895,0,0,0,1,0,0,0.7992873,0.7555614,-0.0338003,0.5045386,0.2960802,-0.1259748,-0.09631914,0,0,0,1,0,0,0.8447531,0.1201414,0.02894325,0.265512,0.3430319,0.1327698,-0.1583044,0,0,0,1,0,0,-0.5571216,0.761225,-0.5307619,-0.0952721,0.1775146,-0.1001954,-0.2514918,0,0,0,1,0,0,-0.1310958,0.03194162,-0.5779113,-0.2529324,0.05335288,0.3784449,-0.06790358,0,0,0,1,0,0,0.4156983,0.6665496,-0.4328572,-0.05609693,-0.03352763,0.07515106,0.03988171,0,0,0,1,0,0,0.2832984,0.08542924,-0.06981759,-0.08155409,0.6253219,0.6601318,-0.1994401,0,0,0,1,0,0,-0.02357681,0.6645573,-0.6256675,0.001909957,0.04335048,-0.09849373,-0.1639259,0,0,0,1,0,0,0.4613841,1.341059,0.4574801,0.1275421,0.01585484,0.08031729,-0.14448,0,0,0,1,0,0,0.01335894,1.339419,0.6095821,0.003950905,0.005257132,0.03917815,-0.1156003,0,0,0,1,0,0,-0.4163236,1.348455,0.4359534,-0.04302116,0.05759003,0.0515491,0.07264626,0,0,0,1,0,0,0.6212921,1.344079,-0.01473042,-0.006607178,0.004500153,-0.01569861,-0.01595324,0,0,0,1,0,0,-0.6337849,1.34769,0.001930306,0.0155747,-0.01299382,-0.0161249,0.002061486,0,0,0,1,0,0,-0.4499062,1.347047,-0.4639303,0.002534688,0.007528069,-0.05770924,-0.1353736,0,0,0,1,0,0,0.02024105,1.320768,-0.5989463,0.06374682,-0.0449896,0.1153321,-0.1180698,0,0,0,1,0,0,0.414484,1.329459,-0.4121302,-0.053674,-0.02694131,0.07114115,0.06209695,0,0,0,1,0,0,0.3889087,2,0.3889088,0,0,0,0.05000001,0,0,0,0,0,0,0.55,2,4.808253E-08,0,0,0,0.05000001,0,0,0,0,0,0,-6.558685E-09,2,0.55,0,0,0,0.05000001,0,0,0,0,0,0,0.3889087,2,-0.3889087,0,0,0,0.04999995,0,0,0,0,0,0,-0.3889089,2,0.3889086,0,0,0,0.05000001,0,0,0,0,0,0,2.404126E-08,2,-0.55,0,0,0,0.05000001,0,0,0,0,0,0,-0.3889087,2,-0.3889087,0,0,0,0.04999995,0,0,0,0,0,0,-0.55,2,0,0,0,0,0.05000001,0,0,0,0,0,0
242,0.02429779,0.6789843,0.6422957,0.06774667,0.04098119,-0.07680658,-0.172815,0,0,0,1,0,0,-0.4131767,0.6854482,0.4412586,0.3447177,0.01450182,-0.1344681,0.04122955,0,0,0,1,0,0,-0.2779074,0.1155639,0.1072397,0.4095973,0.7352024,-0.8717723,-0.1617545,0,0,0,1,0,0,0.1325884,0.05031558,0.5799497,0.5451793,0.1205421,-0.499058,-0.08730775,0,0,0,1,0,0,-0.8368201,0.1322614,-0.03407105,-0.7868442,0.6476025,0.06452615,-0.1741245,0,0,0,1,0,0,0.5920708,0.7492588,0.5529579,0.2326042,0.2854021,0.2881498,-0.2395113,0,0,0,1,0,0,0.7563697,0.2323563,0.5934753,0.7475111,0.951292,0.2460093,-0.1914918,0,0,0,1,0,0,-0.8109246,0.7654582,0.01793846,-0.4007222,0.3111244,0.07794614,-0.0823245,0,0,0,1,0,0,-0.7578636,0.2295125,-0.5971994,-0.6705972,0.8421037,-0.2829851,-0.1782515,0,0,0,1,0,0,0.8118277,0.764115,-0.03613705,0.6270232,0.4276814,-0.1168378,-0.08955258,0,0,0,1,0,0,0.8540125,0.1307004,0.03045177,0.4629703,0.5279521,0.0754257,-0.1620533,0,0,0,1,0,0,-0.5588619,0.7659537,-0.5331229,-0.08701686,0.2364309,-0.11805,-0.2523006,0,0,0,1,0,0,-0.136776,0.0337137,-0.5710421,-0.2840103,0.0886042,0.34346,-0.06768441,0,0,0,1,0,0,0.4143147,0.6668189,-0.4313486,-0.06918016,0.01346469,0.07542822,0.03730929,0,0,0,1,0,0,0.2865779,0.09917153,-0.06059829,0.1639754,0.6871148,0.460965,-0.2084208,0,0,0,1,0,0,-0.02548588,0.6649749,-0.6271388,-0.09545343,0.02087951,-0.07356706,-0.1602359,0,0,0,1,0,0,0.463985,1.341215,0.4590409,0.130044,0.007796291,0.0780389,-0.1455055,0,0,0,1,0,0,0.01374169,1.339691,0.6103964,0.01913757,0.01360179,0.04071595,-0.115043,0,0,0,1,0,0,-0.4157926,1.349673,0.4366513,0.0265509,0.06092193,0.03489555,0.07507008,0,0,0,1,0,0,0.6232667,1.344492,-0.015372,0.09872917,0.02064706,-0.03207886,-0.0175631,0,0,0,1,0,0,-0.6345163,1.348151,0.002077538,-0.03657044,0.0230372,0.00736159,-0.0004935861,0,0,0,1,0,0,-0.451472,1.347982,-0.465201,-0.07829073,0.04677178,-0.06353261,-0.1363671,0,0,0,1,0,0,0.02244972,1.319583,-0.5973103,0.1104334,-0.0592232,0.08180144,-0.1188454,0,0,0,1,0,0,0.412692,1.328727,-0.4102807,-0.08959625,-0.03659131,0.09247217,0.06187421,0,0,0,1,0,0,0.3889087,2,0.3889088,0,0,0,0.05000001,0,0,0,0,0,0,0.55,2,4.808253E-08,0,0,0,0.05000001,0,0,0,0,0,0,-6.558685E-09,2,0.55,0,0,0,0.05000001,0,0,0,0,0,0,0.3889087,2,-0.3889087,0,0,0,0.04999995,0,0,0,0,0,0,-0.3889089,2,0.3889086,0,0,0,0.05000001,0,0,0,0,0,0,2.404126E-08,2,-0.55,0,0,0,0.05000001,0,0,0,0,0,0,-0.3889087,2,-0.3889087,0,0,0,0.04999995,0,0,0,0,0,0,-0.55,2,0,0,0,0,0.05000001,0,0,0,0,0,0
243,0.02411184,0.6810141,0.6407351,-0.009297211,0.1014859,-0.07802847,-0.1710216,0,0,0,1,0,0,-0.405647,0.6852006,0.4367769,0.3764869,-0.01237989,-0.2240838,0.03760344,0,0,0,1,0,0,-0.2694319,0.1307286,0.08851774,0.4237713,0.7582336,-0.9360999,-0.1716613,0,0,0,1,0,0,0.1432607,0.05167752,0.5708593,0.533613,0.06809722,-0.4545214,-0.09125704,0,0,0,1,0,0,-0.847405,0.1427233,-0.03369261,-0.5292478,0.5230965,0.01892206,-0.1759395,0,0,0,1,0,0,0.5958637,0.7552603,0.5571774,0.1896472,0.3000767,0.2109737,-0.2376152,0,0,0,1,0,0,0.7653931,0.2482434,0.5982357,0.4511686,0.7943522,0.2380163,-0.1910612,0,0,0,1,0,0,-0.8172497,0.7712336,0.01861114,-0.3162534,0.2887727,0.03363436,-0.0823921,0,0,0,1,0,0,-0.7664458,0.2450611,-0.6037689,-0.4291089,0.7774304,-0.3284754,-0.1762749,0,0,0,1,0,0,0.8213145,0.7720194,-0.03840316,0.4743369,0.3952236,-0.1133057,-0.08555865,0,0,0,1,0,0,0.8607584,0.1395616,0.03293508,0.3372939,0.4430564,0.1241655,-0.16743,0,0,0,1,0,0,-0.5584242,0.7698172,-0.5351498,0.02188683,0.1931757,-0.1013458,-0.2548847,0,0,0,1,0,0,-0.1416851,0.0339279,-0.5634526,-0.245455,0.01071003,0.3794761,-0.0662322,0,0,0,1,0,0,0.4119772,0.6672696,-0.429466,-0.1168743,0.02253355,0.09413216,0.0343802,0,0,0,1,0,0,0.2899384,0.1109371,-0.05122045,0.1680285,0.5882802,0.468892,-0.2159941,0,0,0,1,0,0,-0.0263234,0.665531,-0.626966,-0.04187638,0.02780558,0.008639697,-0.1572494,0,0,0,1,0,0,0.4663403,1.341914,0.460234,0.1177654,0.03498794,0.05965533,-0.1465017,0,0,0,1,0,0,0.01374458,1.340031,0.6115807,0.0001445879,0.01699925,0.05921128,-0.1140758,0,0,0,1,0,0,-0.4173585,1.351426,0.4383545,-0.07829669,0.08766059,0.08515868,0.0797624,0,0,0,1,0,0,0.6248991,1.345066,-0.01645885,0.08162263,0.02869965,-0.0543426,-0.01920092,0,0,0,1,0,0,-0.6357609,1.348686,0.002223772,-0.06223026,0.02673865,0.007311723,-0.002697587,0,0,0,1,0,0,-0.4524496,1.348757,-0.4668332,-0.04887881,0.03873707,-0.08161369,-0.1377037,0,0,0,1,0,0,0.02439286,1.318782,-0.5964428,0.0971571,-0.04004242,0.04337432,-0.118908,0,0,0,1,0,0,0.4116326,1.328366,-0.4097871,-0.05297067,-0.01806021,0.02468378,0.06278688,0,0,0,1,0,0,0.3889087,2,0.3889088,0,0,0,0.05000001,0,0,0,0,0,0,0.55,2,4.808253E-08,0,0,0,0.05000001,0,0,0,0,0,0,-6.558685E-09,2,0.55,0,0,0,0.05000001,0,0,0,0,0,0,0.3889087,2,-0.3889087,0,0,0,0.04999995,0,0,0,0,0,0,-0.3889089,2,0.3889086,0,0,0,0.05000001,0,0,0,0,0,0,2.404126E-08,2,-0.55,0,0,0,0.05000001,0,0,0,0,0,0,-0.3889087,2,-0.3889087,0,0,0,0.04999995,0,0,0,0,0,0,-0.55,2,0,0,0,0,0.05000001,0,0,0,0,0,0
244,0.02369865,0.6820116,0.6391514,-0.02065972,0.04987719,-0.07918778,-0.1687528,0,0,0,1,0,0,-0.3996873,0.6845327,0.4325931,0.2979876,-0.0333965,-0.2091915,0.03571647,0,0,0,1,0,0,-0.2612984,0.1446416,0.07032246,0.4066797,0.6956513,-0.9097643,-0.1790664,0,0,0,1,0,0,0.1520554,0.05363266,0.5633474,0.4397372,0.09775706,-0.3755958,-0.09309131,0,0,0,1,0,0,-0.859876,0.1539519,-0.03448513,-0.6235483,0.5614313,-0.03962574,-0.1771689,0,0,0,1,0,0,0.5990057,0.7603397,0.5614296,0.1571,0.2539695,0.2126099,-0.2363983,0,0,0,1,0,0,0.7736847,0.2640407,0.6020228,0.4145832,0.7898691,0.1893581,-0.1915593,0,0,0,1,0,0,-0.8229421,0.7761953,0.01905409,-0.2846183,0.2480836,0.02214705,-0.08356422,0,0,0,1,0,0,-0.7739596,0.2599373,-0.610558,-0.3756912,0.7438059,-0.3394575,-0.1743659,0,0,0,1,0,0,0.8298734,0.7784722,-0.04002467,0.4279466,0.3226371,-0.0810752,-0.0833348,0,0,0,1,0,0,0.8692019,0.1489118,0.03380859,0.4221769,0.4675137,0.04367588,-0.1710183,0,0,0,1,0,0,-0.5584271,0.7729931,-0.5371913,-0.0001460314,0.1587958,-0.102076,-0.2573872,0,0,0,1,0,0,-0.1461658,0.0345469,-0.5557553,-0.2240368,0.03094991,0.3848644,-0.064349,0,0,0,1,0,0,0.4104117,0.6671667,-0.4283933,-0.07827583,-0.005146863,0.05363228,0.03241491,0,0,0,1,0,0,0.2911877,0.122913,-0.04106117,0.06246271,0.5987915,0.5079642,-0.2226999,0,0,0,1,0,0,-0.02607407,0.666301,-0.6277567,0.01246669,0.03849865,-0.03953578,-0.1528482,0,0,0,1,0,0,0.4683346,1.342678,0.4621795,0.09971712,0.03817679,0.09727184,-0.1474291,0,0,0,1,0,0,0.01335223,1.340078,0.6120806,-0.0196179,0.002342463,0.0249982,-0.1136395,0,0,0,1,0,0,-0.419195,1.352891,0.4395735,-0.09182546,0.07321838,0.06094875,0.08443701,0,0,0,1,0,0,0.6251945,1.345247,-0.01722894,0.01476706,0.009083752,-0.03850462,-0.02222508,0,0,0,1,0,0,-0.6356594,1.348772,0.002128375,0.005075337,0.004315378,-0.004769887,-0.006318867,0,0,0,1,0,0,-0.4530356,1.34929,-0.4682116,-0.02929718,0.02666117,-0.0689179,-0.1396168,0,0,0,1,0,0,0.02577255,1.317963,-0.5948563,0.06898477,-0.04094841,0.07932487,-0.1196483,0,0,0,1,0,0,0.4109839,1.328077,-0.4095587,-0.03243835,-0.01446009,0.01141727,0.06417954,0,0,0,1,0,0,0.3889087,2,0.3889088,0,0,0,0.05000001,0,0,0,0,0,0,0.55,2,4.808253E-08,0,0,0,0.05000001,0,0,0,0,0,0,-6.558685E-09,2,0.55,0,0,0,0.05000001,0,0,0,0,0,0,0.3889087,2,-0.3889087,0,0,0,0.04999995,0,0,0,0,0,0,-0.3889089,2,0.3889086,0,0,0,0.05000001,0,0,0,0,0,0,2.404126E-08,2,-0.55,0,0,0,0.05000001,0,0,0,0,0,0,-0.3889087,2,-0.3889087,0,0,0,0.04999995,0,0,0,0,0,0,-0.55,2,0,0,0,0,0.05000001,0,0,0,0,0,0
245,0.0230909,0.6828302,0.6387511,-0.03038711,0.04092754,-0.02001525,-0.1654187,0,0,0,1,0,0,-0.3944499,0.6838346,0.4291102,0.2618671,-0.03490449,-0.1741455,0.03457844,0,0,0,1,0,0,-0.2552889,0.1594654,0.05519755,0.3004746,0.7411915,-0.7562458,-0.1846297,0,0,0,1,0,0,0.1597137,0.05573798,0.5566211,0.3829138,0.1052659,-0.3363134,-0.09392428,0,0,0,1,0,0,-0.8715659,0.1653199,-0.03454768,-0.5844983,0.5683983,-0.003127382,-0.1784124,0,0,0,1,0,0,0.6021242,0.7649847,0.5656705,0.1559228,0.2322466,0.2120466,-0.2351302,0,0,0,1,0,0,0.7801157,0.277006,0.6052293,0.3215493,0.6482648,0.1603246,-0.1926596,0,0,0,1,0,0,-0.830049,0.7817023,0.0196128,-0.3553481,0.2753527,0.02793578,-0.0832032,0,0,0,1,0,0,-0.7808681,0.2752995,-0.6166167,-0.345421,0.7681105,-0.3029348,-0.1729905,0,0,0,1,0,0,0.8376088,0.7849807,-0.04142782,0.3867717,0.3254266,-0.07015786,-0.0816707,0,0,0,1,0,0,0.8805128,0.1611919,0.03383506,0.565547,0.6140019,0.001323596,-0.172987,0,0,0,1,0,0,-0.5591236,0.7763127,-0.5399759,-0.03482701,0.1659811,-0.1392276,-0.2586523,0,0,0,1,0,0,-0.1504855,0.03551855,-0.5471076,-0.215985,0.04858246,0.4323872,-0.06304759,0,0,0,1,0,0,0.4089654,0.6673734,-0.4272001,-0.07231238,0.01033843,0.05966278,0.0304901,0,0,0,1,0,0,0.2904442,0.1357298,-0.02907966,-0.03717394,0.6408418,0.5990757,-0.2297546,0,0,0,1,0,0,-0.02601678,0.6668286,-0.6283628,0.002864284,0.02638103,-0.03030301,-0.1487018,0,0,0,1,0,0,0.4695692,1.342872,0.4635266,0.06172958,0.009691719,0.06735924,-0.149368,0,0,0,1,0,0,0.01284867,1.339801,0.6120725,-0.02517799,-0.01382828,-0.000408292,-0.1137149,0,0,0,1,0,0,-0.4194084,1.353986,0.4393583,-0.01066775,0.05477669,-0.01075864,0.08714712,0,0,0,1,0,0,0.6262085,1.345655,-0.01759069,0.05070271,0.02039672,-0.01808732,-0.02471077,0,0,0,1,0,0,-0.6359339,1.348617,0.001763463,-0.01372696,-0.007766488,-0.01824561,-0.009831548,0,0,0,1,0,0,-0.4534801,1.349325,-0.469321,-0.02222509,0.001728535,-0.0554681,-0.1420051,0,0,0,1,0,0,0.02716837,1.317348,-0.5938458,0.06979064,-0.03077389,0.0505239,-0.1198408,0,0,0,1,0,0,0.4104817,1.327932,-0.4088559,-0.02510847,-0.007271769,0.03513993,0.06559199,0,0,0,1,0,0,0.3889087,2,0.3889088,0,0,0,0.05000001,0,0,0,0,0,0,0.55,2,4.808253E-08,0,0,0,0.05000001,0,0,0,0,0,0,-6.558685E-09,2,0.55,0,0,0,0.05000001,0,0,0,0,0,0,0.3889087,2,-0.3889087,0,0,0,0.04999995,0,0,0,0,0,0,-0.3889089,2,0.3889086,0,0,0,0.05000001,0,0,0,0,0,0,2.404126E-08,2,-0.55,0,0,0,0.05000001,0,0,0,0,0,0,-0.3889087,2,-0.3889087,0,0,0,0.04999995,0,0,0,0,0,0,-0.55,2,0,0,0,0,0.05000001,0,0,0,0,0,0
246,0.02277082,0.6834458,0.6387554,-0.01600404,0.03077985,0.0002145768,-0.1615625,0,0,0,1,0,0,-0.3898349,0.6833599,0.4265896,0.2307535,-0.02373458,-0.1260266,0.03443044,0,0,0,1,0,0,-0.2521987,0.174445,0.0434998,0.1545087,0.7489803,-0.5848877,-0.1879512,0,0,0,1,0,0,0.1670783,0.05811998,0.5510199,0.3682339,0.1190998,-0.2800615,-0.09331721,0,0,0,1,0,0,-0.8826852,0.1775856,-0.03473216,-0.5559626,0.6132873,-0.009224009,-0.1807741,0,0,0,1,0,0,0.6037736,0.7694913,0.5698091,0.082472,0.2253325,0.2069325,-0.2351052,0,0,0,1,0,0,0.786844,0.2890348,0.6071912,0.3364147,0.6014364,0.09809438,-0.194542,0,0,0,1,0,0,-0.8382254,0.787923,0.01973449,-0.4088165,0.3110321,0.006084333,-0.08252907,0,0,0,1,0,0,-0.7867006,0.2899427,-0.6223101,-0.2916278,0.7321614,-0.2846689,-0.1724229,0,0,0,1,0,0,0.8451206,0.791755,-0.04270465,0.3755899,0.3387154,-0.06384125,-0.08070034,0,0,0,1,0,0,0.8917518,0.1734936,0.0337031,0.5619498,0.6150867,-0.006598237,-0.1751823,0,0,0,1,0,0,-0.5595666,0.7802582,-0.5429277,-0.0221491,0.1972765,-0.1475931,-0.2599753,0,0,0,1,0,0,-0.1561285,0.03678568,-0.5386649,-0.2821491,0.06335659,0.4221322,-0.06173593,0,0,0,1,0,0,0.4076312,0.6672534,-0.4265991,-0.06670806,-0.00600219,0.0300482,0.02923632,0,0,0,1,0,0,0.289039,0.1504528,-0.01507838,-0.07026049,0.7361512,0.7000647,-0.2374751,0,0,0,1,0,0,-0.02541121,0.6673561,-0.6283326,0.03027843,0.02637805,0.001510978,-0.1444481,0,0,0,1,0,0,0.4704072,1.343564,0.465036,0.04189761,0.03459455,0.07546845,-0.1513562,0,0,0,1,0,0,0.01220574,1.339253,0.611776,-0.03214629,-0.02740623,-0.01482368,-0.1141083,0,0,0,1,0,0,-0.4196846,1.354805,0.4395255,-0.0138104,0.04092456,0.008358065,0.0899986,0,0,0,1,0,0,0.6257778,1.345638,-0.01820103,-0.02153517,-0.0008642677,-0.03051684,-0.02861023,0,0,0,1,0,0,-0.6359829,1.348746,0.001838463,-0.002446772,0.006467106,0.00375003,-0.01343518,0,0,0,1,0,0,-0.4537868,1.34967,-0.4703773,-0.01533479,0.01727343,-0.05281868,-0.1445095,0,0,0,1,0,0,0.02906366,1.316738,-0.593175,0.09476453,-0.03051759,0.03354253,-0.119534,0,0,0,1,0,0,0.4097694,1.327509,-0.408327,-0.03561379,-0.02112389,0.02644361,0.06687421,0,0,0,1,0,0,0.3889087,2,0.3889088,0,0,0,0.05000001,0,0,0,0,0,0,0.55,2,4.808253E-08,0,0,0,0.05000001,0,0,0,0,0,0,-6.558685E-09,2,0.55,0,0,0,0.05000001,0,0,0,0,0,0,0.3889087,2,-0.3889087,0,0,0,0.04999995,0,0,0,0,0,0,-0.3889089,2,0.3889086,0,0,0,0.05000001,0,0,0,0,0,0,2.404126E-08,2,-0.55,0,0,0,0.05000001,0,0,0,0,0,0,-0.3889087,2,-0.3889087,0,0,0,0.04999995,0,0,0,0,0,0,-0.55,2,0,0,0,0,0.05000001,0,0,0,0,0,0
247,0.02260909,0.6840365,0.6391673,-0.00808677,0.02953709,0.02059639,-0.1571062,0,0,0,1,0,0,-0.3850905,0.6827053,0.4249215,0.2372176,-0.0327319,-0.08340779,0.03481883,0,0,0,1,0,0,-0.2509621,0.1886245,0.03453084,0.0618309,0.7089707,-0.4484484,-0.1887307,0,0,0,1,0,0,0.1753765,0.06071391,0.5453439,0.4149088,0.1296966,-0.2838017,-0.0925172,0,0,0,1,0,0,-0.8949701,0.1920297,-0.03504374,-0.614244,0.7222059,-0.01557898,-0.1834339,0,0,0,1,0,0,0.6054771,0.7736531,0.5738466,0.08517507,0.2080918,0.201875,-0.2355513,0,0,0,1,0,0,0.7947132,0.3026075,0.6095264,0.3934593,0.6786394,0.1167596,-0.1959625,0,0,0,1,0,0,-0.8467433,0.7952011,0.01997669,-0.4258992,0.3639074,0.01211018,-0.08181381,0,0,0,1,0,0,-0.7927865,0.3046228,-0.6268056,-0.3042938,0.7340047,-0.2247752,-0.1728023,0,0,0,1,0,0,0.8531185,0.7987055,-0.04393376,0.3998967,0.347525,-0.0614554,-0.08000249,0,0,0,1,0,0,0.903694,0.1867314,0.03301707,0.5971106,0.6618897,-0.03430156,-0.1772658,0,0,0,1,0,0,-0.5606668,0.7847785,-0.546253,-0.05500915,0.226012,-0.1662642,-0.2607608,0,0,0,1,0,0,-0.1624686,0.03854914,-0.5306749,-0.317003,0.08817337,0.3995033,-0.05984873,0,0,0,1,0,0,0.4057277,0.6665916,-0.425944,-0.09517971,-0.03308655,0.03275723,0.02799946,0,0,0,1,0,0,0.2869302,0.1674069,2.177432E-05,-0.1054392,0.8477043,0.7550078,-0.2448997,0,0,0,1,0,0,-0.02525079,0.6676599,-0.6286753,0.008021484,0.01519025,-0.01713634,-0.1397073,0,0,0,1,0,0,0.4716635,1.344129,0.4664241,0.06281587,0.02826453,0.06940666,-0.1535599,0,0,0,1,0,0,0.01164787,1.33855,0.6109726,-0.02789331,-0.03515483,-0.04017057,-0.1149621,0,0,0,1,0,0,-0.4196278,1.355657,0.4396424,0.002837182,0.0426233,0.005847218,0.09273344,0,0,0,1,0,0,0.6251758,1.34538,-0.01877533,-0.03010334,-0.01289249,-0.02871501,-0.0331043,0,0,0,1,0,0,-0.6356987,1.349014,0.001819666,0.01420975,0.01338721,-0.0009398853,-0.01756048,0,0,0,1,0,0,-0.4536845,1.3499,-0.4715862,0.0051111,0.01147986,-0.06044509,-0.1475328,0,0,0,1,0,0,0.0304134,1.31584,-0.5923159,0.06748711,-0.04488232,0.04295411,-0.1196926,0,0,0,1,0,0,0.4091434,1.327178,-0.4076409,-0.03130288,-0.01656414,0.03430547,0.06840414,0,0,0,1,0,0,0.3889087,2,0.3889088,0,0,0,0.05000001,0,0,0,0,0,0,0.55,2,4.808253E-08,0,0,0,0.05000001,0,0,0,0,0,0,-6.558685E-09,2,0.55,0,0,0,0.05000001,0,0,0,0,0,0,0.3889087,2,-0.3889087,0,0,0,0.04999995,0,0,0,0,0,0,-0.3889089,2,0.3889086,0,0,0,0.05000001,0,0,0,0,0,0,2.404126E-08,2,-0.55,0,0,0,0.05000001,0,0,0,0,0,0,-0.3889087,2,-0.3889087,0,0,0,0.04999995,0,0,0,0,0,0,-0.55,2,0,0,0,0,0.05000001,0,0,0,0,0,0
248,0.02228378,0.6849881,0.6399157,-0.01626537,0.04757943,0.03741981,-0.1525705,0,0,0,1,0,0,-0.3789238,0.6814265,0.4225736,0.3083335,-0.06393792,-0.1173929,0.03391188,0,0,0,1,0,0,-0.250306,0.2029275,0.02718508,0.03280492,0.715151,-0.3672881,-0.1887148,0,0,0,1,0,0,0.1843944,0.06228395,0.5383088,0.4508922,0.07850233,-0.351754,-0.09265232,0,0,0,1,0,0,-0.907195,0.2073739,-0.03463066,-0.6112459,0.7672104,0.02065395,-0.1855584,0,0,0,1,0,0,0.6067169,0.7777019,0.5777694,0.06199184,0.2024383,0.1961381,-0.2359851,0,0,0,1,0,0,0.8024172,0.3180152,0.6126952,0.3851981,0.7703844,0.1584381,-0.1965897,0,0,0,1,0,0,-0.8554587,0.802485,0.02043199,-0.4357697,0.3641964,0.02276507,-0.08045262,0,0,0,1,0,0,-0.7985565,0.3198676,-0.6311038,-0.2885015,0.7622424,-0.2149076,-0.1730069,0,0,0,1,0,0,0.8613249,0.8059891,-0.04594813,0.4103185,0.3641815,-0.1007188,-0.07822299,0,0,0,1,0,0,0.9153091,0.2003366,0.03212285,0.5807521,0.6802614,-0.04471077,-0.1791529,0,0,0,1,0,0,-0.5617372,0.7894814,-0.5495301,-0.05352201,0.2351464,-0.1638562,-0.261178,0,0,0,1,0,0,-0.1696033,0.04078991,-0.5224441,-0.3567399,0.1120385,0.4115374,-0.05916548,0,0,0,1,0,0,0.4037296,0.666044,-0.424393,-0.09990487,-0.02738238,0.07754865,0.0260607,0,0,0,1,0,0,0.284276,0.1859297,0.01549333,-0.1327128,0.9261426,0.773578,-0.2522012,0,0,0,1,0,0,-0.02489876,0.6679612,-0.6288293,0.01760145,0.0150621,-0.007700923,-0.1351757,0,0,0,1,0,0,0.4728338,1.344409,0.4674435,0.05851837,0.01401306,0.05096944,-0.1560055,0,0,0,1,0,0,0.01080121,1.337921,0.6102546,-0.04233342,-0.03145338,-0.03589989,-0.1155877,0,0,0,1,0,0,-0.4197938,1.356521,0.4395563,-0.00829548,0.04321339,-0.004303457,0.09547687,0,0,0,1,0,0,0.6248518,1.345189,-0.0193328,-0.01620055,-0.00957251,-0.02787384,-0.03718543,0,0,0,1,0,0,-0.6352093,1.349284,0.002141639,0.0244707,0.01350642,0.01609869,-0.02151126,0,0,0,1,0,0,-0.4538711,1.350097,-0.4723717,-0.009326641,0.009882454,-0.03927203,-0.1504493,0,0,0,1,0,0,0.03210807,1.315389,-0.5916198,0.08473372,-0.02254845,0.03480317,-0.1193041,0,0,0,1,0,0,0.4078979,1.326777,-0.4069248,-0.06227198,-0.02006293,0.03580602,0.0692361,0,0,0,1,0,0,0.3889087,2,0.3889088,0,0,0,0.05000001,0,0,0,0,0,0,0.55,2,4.808253E-08,0,0,0,0.05000001,0,0,0,0,0,0,-6.558685E-09,2,0.55,0,0,0,0.05000001,0,0,0,0,0,0,0.3889087,2,-0.3889087,0,0,0,0.04999995,0,0,0,0,0,0,-0.3889089,2,0.3889086,0,0,0,0.05000001,0,0,0,0,0,0,2.404126E-08,2,-0.55,0,0,0,0.05000001,0,0,0,0,0,0,-0.3889087,2,-0.3889087,0,0,0,0.04999995,0,0,0,0,0,0,-0.55,2,0,0,0,0,0.05000001,0,0,0,0,0,0
249,0.02209367,0.6862239,0.6405162,-0.009505734,0.06178918,0.03002287,-0.1495548,0,0,0,1,0,0,-0.3710908,0.6789629,0.4186905,0.3916518,-0.123182,-0.1941562,0.03044891,0,0,0,1,0,0,-0.2499851,0.2172776,0.01966694,0.01604632,0.7175053,-0.3759072,-0.1919126,0,0,0,1,0,0,0.1947865,0.06316185,0.5307423,0.5196066,0.04389493,-0.3783257,-0.09655637,0,0,0,1,0,0,-0.9208333,0.2244808,-0.03287439,-0.6819192,0.8553419,0.08781314,-0.1840956,0,0,0,1,0,0,0.607945,0.7818869,0.5814787,0.06140175,0.2092482,0.1854629,-0.2348156,0,0,0,1,0,0,0.8102895,0.3346544,0.6167637,0.3936173,0.8319575,0.2034248,-0.1945399,0,0,0,1,0,0,-0.8635331,0.8097072,0.0206686,-0.4037173,0.3611089,0.0118306,-0.0770821,0,0,0,1,0,0,-0.8034641,0.3355351,-0.6359824,-0.2453805,0.7833752,-0.2439321,-0.1712469,0,0,0,1,0,0,0.869709,0.8132813,-0.048013,0.4192026,0.3646077,-0.1032433,-0.07369441,0,0,0,1,0,0,0.9270267,0.2141505,0.03124278,0.5858841,0.6906952,-0.04400361,-0.1788444,0,0,0,1,0,0,-0.5629444,0.7937227,-0.5524758,-0.06035569,0.2120675,-0.1472802,-0.260329,0,0,0,1,0,0,-0.1764995,0.04266959,-0.5138354,-0.3448056,0.09398371,0.4304351,-0.06144351,0,0,0,1,0,0,0.4010051,0.6650391,-0.4219725,-0.1362205,-0.05024375,0.1210273,0.02344829,0,0,0,1,0,0,0.2819007,0.2048834,0.03059839,-0.1187653,0.9476852,0.7552532,-0.2614348,0,0,0,1,0,0,-0.0241203,0.6682627,-0.6291655,0.03892297,0.015077,-0.01680852,-0.1315741,0,0,0,1,0,0,0.4744973,1.344737,0.4684371,0.08317086,0.0163734,0.04967751,-0.1570128,0,0,0,1,0,0,0.009828248,1.337274,0.6096132,-0.04864793,-0.03232361,-0.03207029,-0.1160991,0,0,0,1,0,0,-0.4205168,1.357559,0.4399349,-0.03615023,0.05189779,0.01892895,0.09819478,0,0,0,1,0,0,0.6241724,1.345156,-0.01994361,-0.03396572,-0.001645089,-0.03054041,-0.04016656,0,0,0,1,0,0,-0.6342119,1.349143,0.002632377,0.04986824,-0.007057193,0.02453692,-0.02478999,0,0,0,1,0,0,-0.4539794,1.350145,-0.4734181,-0.005418065,0.002378226,-0.05232098,-0.1523073,0,0,0,1,0,0,0.0335882,1.314571,-0.5905752,0.07400646,-0.04090668,0.05223157,-0.1195475,0,0,0,1,0,0,0.4073605,1.326486,-0.4065139,-0.02686979,-0.01453162,0.02054424,0.07009554,0,0,0,1,0,0,0.3889087,2,0.3889088,0,0,0,0.05000001,0,0,0,0,0,0,0.55,2,4.808253E-08,0,0,0,0.05000001,0,0,0,0,0,0,-6.558685E-09,2,0.55,0,0,0,0.05000001,0,0,0,0,0,0,0.3889087,2,-0.3889087,0,0,0,0.04999995,0,0,0,0,0,0,-0.3889089,2,0.3889086,0,0,0,0.05000001,0,0,0,0,0,0,2.404126E-08,2,-0.55,0,0,0,0.05000001,0,0,0,0,0,0,-0.3889087,2,-0.3889087,0,0,0,0.04999995,0,0,0,0,0,0,-0.55,2,0,0,0,0,0.05000001,0,0,0,0,0,0
250,0.02104956,0.6877986,0.6407549,-0.05220512,0.07873777,0.01193882,-0.1445274,0,0,0,1,0,0,-0.3622931,0.6758901,0.4132535,0.4398839,-0.15364,-0.271848,0.02823412,0,0,0,1,0,0,-0.2482194,0.2287613,0.01062659,0.08828122,0.5741859,-0.4520177,-0.1893226,0,0,0,1,0,0,0.205009,0.0611722,0.5235597,0.5111249,-0.09948261,-0.3591301,-0.09339648,0,0,0,1,0,0,-0.9318613,0.2388898,-0.03083192,-0.5513998,0.7204536,0.1021239,-0.1866251,0,0,0,1,0,0,0.608034,0.7852423,0.5838438,0.004452469,0.1677722,0.1182586,-0.2379242,0,0,0,1,0,0,0.8134985,0.3472088,0.6214388,0.1604498,0.6277206,0.2337576,-0.1965432,0,0,0,1,0,0,-0.868046,0.8142225,0.02024006,-0.2256454,0.2257616,-0.02142695,-0.08198732,0,0,0,1,0,0,-0.8024763,0.3457563,-0.6408678,0.04939141,0.5110608,-0.2442718,-0.1743518,0,0,0,1,0,0,0.8751101,0.8188829,-0.04915282,0.2700568,0.2800794,-0.05699119,-0.07658553,0,0,0,1,0,0,0.9344953,0.2237356,0.03224056,0.3734262,0.4792565,0.04988901,-0.1842064,0,0,0,1,0,0,-0.5625805,0.7960866,-0.5547009,0.01819135,0.1181931,-0.1112581,-0.2635167,0,0,0,1,0,0,-0.1814917,0.043088,-0.5059698,-0.2496147,0.02092049,0.3932805,-0.05587292,0,0,0,1,0,0,0.3991023,0.6638675,-0.419561,-0.09514395,-0.05858245,0.1205728,0.02096665,0,0,0,1,0,0,0.2791224,0.2210386,0.04393378,-0.1389146,0.8077573,0.6667699,-0.2620761,0,0,0,1,0,0,-0.02179256,0.6683565,-0.629451,0.1163868,0.004690887,-0.01427532,-0.1249757,0,0,0,1,0,0,0.4755355,1.34519,0.4689252,0.05190971,0.02264977,0.02440662,-0.1602862,0,0,0,1,0,0,0.008671601,1.336498,0.6094477,-0.05783236,-0.03878476,-0.008273128,-0.1162879,0,0,0,1,0,0,-0.4216422,1.358763,0.4398839,-0.05626979,0.06020071,-0.002548099,0.1022325,0,0,0,1,0,0,0.6237548,1.344844,-0.02055803,-0.02088249,-0.0155747,-0.03072081,-0.04501653,0,0,0,1,0,0,-0.6325341,1.348611,0.002673656,0.08388761,-0.02660156,0.00206394,-0.03079939,0,0,0,1,0,0,-0.4528174,1.349502,-0.47439,0.05810114,-0.03212095,-0.04859718,-0.1570282,0,0,0,1,0,0,0.03467429,1.314081,-0.5894104,0.05430451,-0.02450944,0.05823972,-0.1196408,0,0,0,1,0,0,0.4075277,1.326263,-0.4071579,0.008361045,-0.01115799,-0.03219695,0.07287461,0,0,0,1,0,0,0.3889087,2,0.3889088,0,0,0,0.05000001,0,0,0,0,0,0,0.55,2,4.808253E-08,0,0,0,0.05000001,0,0,0,0,0,0,-6.558685E-09,2,0.55,0,0,0,0.05000001,0,0,0,0,0,0,0.3889087,2,-0.3889087,0,0,0,0.04999995,0,0,0,0,0,0,-0.3889089,2,0.3889086,0,0,0,0.05000001,0,0,0,0,0,0,2.404126E-08,2,-0.55,0,0,0,0.05000001,0,0,0,0,0,0,-0.3889087,2,-0.3889087,0,0,0,0.04999995,0,0,0,0,0,0,-0.55,2,0,0,0,0,0.05000001,0,0,0,0,0,0
251,0.02139954,0.6884608,0.6403701,0.01749872,0.03310741,-0.01924039,-0.1453891,0,0,0,1,0,0,-0.3536114,0.6722292,0.4078957,0.4340874,-0.1830459,-0.2678932,0.02122277,0,0,0,1,0,0,-0.2480316,0.2404049,0.004184413,0.009390716,0.5821826,-0.3221088,-0.1980636,0,0,0,1,0,0,0.2153299,0.06163851,0.5182584,0.5160475,0.02331567,-0.265065,-0.1032475,0,0,0,1,0,0,-0.9488796,0.2599615,-0.026626,-0.8509133,1.053584,0.2102959,-0.1761331,0,0,0,1,0,0,0.6082318,0.7886586,0.5872527,0.009888414,0.1708121,0.1704425,-0.233859,0,0,0,1,0,0,0.8216072,0.3628426,0.6238719,0.4054369,0.7816929,0.1216531,-0.1909038,0,0,0,1,0,0,-0.8749934,0.8207487,0.02006073,-0.347373,0.3263117,-0.008966871,-0.07364726,0,0,0,1,0,0,-0.807645,0.3596564,-0.6448876,-0.2584339,0.6950039,-0.2009869,-0.1687095,0,0,0,1,0,0,0.8828559,0.8260695,-0.04996201,0.3872903,0.3593297,-0.04045946,-0.06702882,0,0,0,1,0,0,0.9490038,0.2403852,0.02985999,0.7254246,0.8324805,-0.1190288,-0.1765697,0,0,0,1,0,0,-0.564138,0.7991734,-0.55654,-0.0778735,0.1543403,-0.0919551,-0.2602015,0,0,0,1,0,0,-0.1853455,0.04575877,-0.4984686,-0.1926855,0.1335385,0.3750609,-0.06382453,0,0,0,1,0,0,0.3995282,0.6635526,-0.4185846,0.02129824,-0.01574457,0.0488192,0.01998836,0,0,0,1,0,0,0.2797576,0.2362817,0.0530257,0.03176035,0.7621567,0.454596,-0.2742688,0,0,0,1,0,0,-0.02096526,0.668418,-0.6308165,0.04136508,0.003075601,-0.06827715,-0.1236704,0,0,0,1,0,0,0.4777605,1.346234,0.4717838,0.1112506,0.05221369,0.142932,-0.1568981,0,0,0,1,0,0,0.007573517,1.335574,0.6078672,-0.05490426,-0.0462413,-0.07902685,-0.1175244,0,0,0,1,0,0,-0.4222626,1.359179,0.4397316,-0.03102423,0.02079011,-0.007617476,0.1028284,0,0,0,1,0,0,0.6243629,1.345239,-0.02085215,0.03040732,0.01973511,-0.01470624,-0.04408127,0,0,0,1,0,0,-0.6301274,1.348344,0.00332033,0.1203388,-0.01332164,0.03233368,-0.03224421,0,0,0,1,0,0,-0.4524189,1.349331,-0.4751505,0.01992584,-0.008565191,-0.0380248,-0.1568561,0,0,0,1,0,0,0.03573708,1.313282,-0.5869447,0.05313943,-0.03992321,0.1232863,-0.1212643,0,0,0,1,0,0,0.4063677,1.325908,-0.4061139,-0.05800279,-0.01775623,0.05220028,0.07138753,0,0,0,1,0,0,0.3889087,2,0.3889088,0,0,0,0.05000001,0,0,0,0,0,0,0.55,2,4.808253E-08,0,0,0,0.05000001,0,0,0,0,0,0,-6.558685E-09,2,0.55,0,0,0,0.05000001,0,0,0,0,0,0,0.3889087,2,-0.3889087,0,0,0,0.04999995,0,0,0,0,0,0,-0.3889089,2,0.3889086,0,0,0,0.05000001,0,0,0,0,0,0,2.404126E-08,2,-0.55,0,0,0,0.05000001,0,0,0,0,0,0,-0.3889087,2,-0.3889087,0,0,0,0.04999995,0,0,0,0,0,0,-0.55,2,0,0,0,0,0.05000001,0,0,0,0,0,0
252,0.01769581,0.6909714,0.6406119,-0.1851864,0.1255304,0.01209081,-0.1478715,0,0,0,1,0,0,-0.3457789,0.6693135,0.4020494,0.3916235,-0.1457811,-0.2923162,0.01028222,0,0,0,1,0,0,-0.2459369,0.2401956,-0.004550537,0.1047351,-0.01046732,-0.4367476,-0.2110316,0,0,0,1,0,0,0.2175683,0.05313219,0.5129411,0.1119204,-0.4253164,-0.2658637,-0.1120903,0,0,0,1,0,0,-0.9475945,0.2614556,-0.02567548,0.06425383,0.07470253,0.04752615,-0.169823,0,0,0,1,0,0,0.6027061,0.788586,0.5869778,-0.2762855,-0.003629924,-0.01374186,-0.2320022,0,0,0,1,0,0,0.8072461,0.3546632,0.626895,-0.7180545,-0.4089715,0.1511545,-0.1906082,0,0,0,1,0,0,-0.8696993,0.8171202,0.01577436,0.2647073,-0.1814247,-0.2143185,-0.07297641,0,0,0,1,0,0,-0.7893783,0.3507605,-0.6471234,0.9133343,-0.4447939,-0.1117915,-0.1706263,0,0,0,1,0,0,0.8800195,0.8243667,-0.0479122,-0.1418174,-0.08513633,0.1024908,-0.06275052,0,0,0,1,0,0,0.9436737,0.2374029,0.03568468,-0.2665014,-0.149119,0.2912346,-0.1760441,0,0,0,1,0,0,-0.5585457,0.7957751,-0.5583321,0.2796144,-0.169915,-0.0896037,-0.2578537,0,0,0,1,0,0,-0.1794558,0.0425849,-0.4940165,0.2944843,-0.1586931,0.222607,-0.07057506,0,0,0,1,0,0,0.4022285,0.6626198,-0.4205837,0.135012,-0.04663767,-0.09995405,0.02203852,0,0,0,1,0,0,0.2765254,0.2394508,0.05981735,-0.1616091,0.1584545,0.3395829,-0.2868069,0,0,0,1,0,0,-0.01371364,0.6689315,-0.6312129,0.3625813,0.02567471,-0.01982153,-0.1236094,0,0,0,1,0,0,0.476023,1.346131,0.4688973,-0.08687232,-0.005120041,-0.1443282,-0.1555901,0,0,0,1,0,0,0.005548962,1.335379,0.6103323,-0.1012277,-0.009745363,0.1232535,-0.1152346,0,0,0,1,0,0,-0.4263632,1.360458,0.4389779,-0.2050281,0.063926,-0.03768654,0.1046067,0,0,0,1,0,0,0.6225487,1.344238,-0.02006241,-0.09071235,-0.05003812,0.03948725,-0.04240292,0,0,0,1,0,0,-0.6265817,1.346257,0.002466416,0.1772822,-0.1043618,-0.04269572,-0.03256857,0,0,0,1,0,0,-0.4477446,1.346405,-0.4742763,0.2337144,-0.1463056,0.04370959,-0.1584137,0,0,0,1,0,0,0.03631967,1.312964,-0.5873289,0.02912955,-0.01588464,-0.01921058,-0.1213304,0,0,0,1,0,0,0.4080822,1.326475,-0.4078091,0.08572493,0.02837182,-0.0847638,0.07136786,0,0,0,1,0,0,0.3889087,2,0.3889088,0,0,0,0.05000001,0,0,0,0,0,0,0.55,2,4.808253E-08,0,0,0,0.05000001,0,0,0,0,0,0,-6.558685E-09,2,0.55,0,0,0,0.05000001,0,0,0,0,0,0,0.3889087,2,-0.3889087,0,0,0,0.04999995,0,0,0,0,0,0,-0.3889089,2,0.3889086,0,0,0,0.05000001,0,0,0,0,0,0,2.404126E-08,2,-0.55,0,0,0,0.05000001,0,0,0,0,0,0,-0.3889087,2,-0.3889087,0,0,0,0.04999995,0,0,0,0,0,0,-0.55,2,0,0,0,0,0.05000001,0,0,0,0,0,0
253,0.01360633,0.6869683,0.6404958,-0.204474,-0.2001555,-0.005805495,-0.1482778,0,0,0,1,0,0,-0.3546821,0.66492,0.4119852,-0.4451604,-0.219676,0.4967915,0.01799732,0,0,0,1,0,0,-0.2444339,0.2275243,-0.003918248,0.07514882,-0.6335648,0.03161443,-0.2137318,0,0,0,1,0,0,0.2125058,0.05000805,0.5167161,-0.2531276,-0.1562071,0.1887501,-0.1147391,0,0,0,1,0,0,-0.9411955,0.2537389,-0.03298258,0.3199519,-0.3858329,-0.3653551,-0.1697283,0,0,0,1,0,0,0.5980672,0.7858449,0.5870483,-0.2319456,-0.137055,0.003522636,-0.2303789,0,0,0,1,0,0,0.7977903,0.3461964,0.6244197,-0.4727932,-0.4233407,-0.1237602,-0.1921685,0,0,0,1,0,0,-0.8618793,0.8100767,0.01250385,0.3910007,-0.3521772,-0.1635256,-0.07552713,0,0,0,1,0,0,-0.7781824,0.3361486,-0.6444718,0.5597951,-0.7305983,0.1325817,-0.1730396,0,0,0,1,0,0,0.8745644,0.8188751,-0.04456424,-0.2727569,-0.2745838,0.1673978,-0.06299758,0,0,0,1,0,0,0.9322394,0.222625,0.04269709,-0.5717191,-0.7388908,0.3506205,-0.1774779,0,0,0,1,0,0,-0.5551222,0.7913313,-0.5598321,0.1711757,-0.2221913,-0.07500055,-0.2551472,0,0,0,1,0,0,-0.1632446,0.04462348,-0.4951851,0.8105602,0.101929,-0.05843195,-0.07032198,0,0,0,1,0,0,0.418066,0.6634279,-0.4299938,0.7918778,0.04040302,-0.4705073,0.03209901,0,0,0,1,0,0,0.275731,0.2313956,0.05624682,-0.03971906,-0.4027607,-0.1785264,-0.2906445,0,0,0,1,0,0,-0.006082484,0.6669345,-0.6354662,0.3815579,-0.09985272,-0.2126635,-0.1194357,0,0,0,1,0,0,0.4716769,1.346145,0.4697785,-0.2173082,0.0006973746,0.04405977,-0.1540912,0,0,0,1,0,0,0.003885822,1.333904,0.6098008,-0.08315703,-0.07376078,-0.02657474,-0.1159385,0,0,0,1,0,0,-0.4252476,1.359373,0.4359338,0.05577805,-0.05421045,-0.152202,0.1003513,0,0,0,1,0,0,0.6191896,1.344414,-0.01801708,-0.167957,0.008797649,0.1022664,-0.04181468,0,0,0,1,0,0,-0.6175752,1.342801,0.001894455,0.4503282,-0.172782,-0.02859803,-0.03758466,0,0,0,1,0,0,-0.4395917,1.341391,-0.4713253,0.4076438,-0.2507032,0.1475528,-0.164404,0,0,0,1,0,0,0.03528465,1.312693,-0.5859114,-0.05175101,-0.01354814,0.07087591,-0.1233011,0,0,0,1,0,0,0.4093286,1.327006,-0.4084027,0.06231966,0.026536,-0.02967716,0.07074153,0,0,0,1,0,0,0.3889087,2,0.3889088,0,0,0,0.05000001,0,0,0,0,0,0,0.55,2,4.808253E-08,0,0,0,0.05000001,0,0,0,0,0,0,-6.558685E-09,2,0.55,0,0,0,0.05000001,0,0,0,0,0,0,0.3889087,2,-0.3889087,0,0,0,0.04999995,0,0,0,0,0,0,-0.3889089,2,0.3889086,0,0,0,0.05000001,0,0,0,0,0,0,2.404126E-08,2,-0.55,0,0,0,0.05000001,0,0,0,0,0,0,-0.3889087,2,-0.3889087,0,0,0,0.04999995,0,0,0,0,0,0,-0.55,2,0,0,0,0,0.05000001,0,0,0,0,0,0
254,0.01004085,0.6828217,0.644336,-0.1782743,-0.2073289,0.1920075,-0.1460023,0,0,0,1,0,0,-0.370761,0.6659949,0.4293794,-0.8039433,0.05374255,0.8697111,0.03118211,0,0,0,1,0,0,-0.2464044,0.2124437,0.009873347,-0.09852204,-0.7540311,0.68958,-0.2104266,0,0,0,1,0,0,0.2009049,0.05267464,0.5237771,-0.5800465,0.1333299,0.3530474,-0.1154549,0,0,0,1,0,0,-0.929957,0.2429443,-0.03970955,0.561926,-0.5397285,-0.3363486,-0.1722672,0,0,0,1,0,0,0.5959567,0.7839676,0.5877724,-0.1055211,-0.09386245,0.03620388,-0.2264942,0,0,0,1,0,0,0.7872128,0.3309092,0.6164141,-0.5288752,-0.7643598,-0.4002841,-0.1980611,0,0,0,1,0,0,-0.8576254,0.8025814,0.01355003,0.2126933,-0.3747614,0.05230915,-0.07316911,0,0,0,1,0,0,-0.7691332,0.3212262,-0.6359246,0.452459,-0.7461193,0.4273565,-0.1790502,0,0,0,1,0,0,0.8694713,0.8119805,-0.04261337,-0.254658,-0.3447266,0.09754341,-0.06255805,0,0,0,1,0,0,0.9225352,0.2128242,0.04621499,-0.4852088,-0.4900427,0.1758951,-0.1770881,0,0,0,1,0,0,-0.5531048,0.7881912,-0.563612,0.100872,-0.1570047,-0.1889945,-0.249346,0,0,0,1,0,0,-0.1441685,0.05081656,-0.4988212,0.9538058,0.3096539,-0.1818032,-0.06939375,0,0,0,1,0,0,0.4386699,0.6671425,-0.4439352,1.030195,0.1857281,-0.6970677,0.04787499,0,0,0,1,0,0,0.2780565,0.2163086,0.04032873,0.1162753,-0.7543507,-0.7959051,-0.2868073,0,0,0,1,0,0,-0.0005862435,0.6661447,-0.6428201,0.2748122,-0.03948809,-0.3676923,-0.1146181,0,0,0,1,0,0,0.4654579,1.344224,0.4660124,-0.3109501,-0.09608869,-0.1883046,-0.1569361,0,0,0,1,0,0,0.003328756,1.333479,0.6098013,-0.02785331,-0.0212133,2.68221E-05,-0.1160429,0,0,0,1,0,0,-0.420998,1.357304,0.4303592,0.2124832,-0.1034737,-0.2787293,0.09228665,0,0,0,1,0,0,0.616215,1.345013,-0.01546078,-0.1487285,0.02993346,0.1278148,-0.04080594,0,0,0,1,0,0,-0.6103269,1.339477,0.0006022042,0.3624143,-0.1662136,-0.06461257,-0.04145443,0,0,0,1,0,0,-0.4309541,1.337103,-0.463903,0.4318805,-0.214398,0.3711136,-0.1721405,0,0,0,1,0,0,0.03450103,1.312299,-0.5856605,-0.03918094,-0.0197053,0.01254678,-0.1244575,0,0,0,1,0,0,0.4086725,1.326921,-0.4066616,-0.03280641,-0.004220011,0.08705411,0.0675779,0,0,0,1,0,0,0.3889087,2,0.3889088,0,0,0,0.05000001,0,0,0,0,0,0,0.55,2,4.808253E-08,0,0,0,0.05000001,0,0,0,0,0,0,-6.558685E-09,2,0.55,0,0,0,0.05000001,0,0,0,0,0,0,0.3889087,2,-0.3889087,0,0,0,0.04999995,0,0,0,0,0,0,-0.3889089,2,0.3889086,0,0,0,0.05000001,0,0,0,0,0,0,2.404126E-08,2,-0.55,0,0,0,0.05000001,0,0,0,0,0,0,-0.3889087,2,-0.3889087,0,0,0,0.04999995,0,0,0,0,0,0,-0.55,2,0,0,0,0,0.05000001,0,0,0,0,0,0
255,0.005749759,0.6794385,0.6498247,-0.2145545,-0.169158,0.2744378,-0.1423488,0,0,0,1,0,0,-0.3894441,0.6696645,0.4467894,-0.9341542,0.1834811,0.8704979,0.04576433,0,0,0,1,0,0,-0.251734,0.1985437,0.02822413,-0.2664821,-0.6950009,0.9175397,-0.2066684,0,0,0,1,0,0,0.1874506,0.05871326,0.5332428,-0.6727154,0.301931,0.4732879,-0.1156489,0,0,0,1,0,0,-0.9168596,0.2311378,-0.04451083,0.6548675,-0.5903291,-0.2400641,-0.1748861,0,0,0,1,0,0,0.5932629,0.7818471,0.5877918,-0.1346917,-0.1060248,0.0009715561,-0.2234235,0,0,0,1,0,0,0.775687,0.3121584,0.6051543,-0.5762907,-0.9375382,-0.56299,-0.2062823,0,0,0,1,0,0,-0.8546529,0.7972891,0.0137211,0.1486272,-0.2646149,0.00855355,-0.06912792,0,0,0,1,0,0,-0.758646,0.3075093,-0.6277056,0.5243601,-0.6858426,0.4109503,-0.1852267,0,0,0,1,0,0,0.864426,0.8066871,-0.04074827,-0.2522648,-0.2646745,0.09325523,-0.06120914,0,0,0,1,0,0,0.9119625,0.2051001,0.0481678,-0.5286338,-0.386207,0.09764083,-0.1771861,0,0,0,1,0,0,-0.5504646,0.7861242,-0.5655355,0.1320094,-0.1033485,-0.09617511,-0.2449998,0,0,0,1,0,0,-0.1291448,0.05529868,-0.5042895,0.7511835,0.2241061,-0.2734171,-0.06944168,0,0,0,1,0,0,0.4540958,0.6711888,-0.4569082,0.7712919,0.2023161,-0.6486523,0.06325054,0,0,0,1,0,0,0.2854206,0.1973631,0.01883773,0.3682034,-0.9472746,-1.074551,-0.2798117,0,0,0,1,0,0,0.003573884,0.6672122,-0.6480914,0.2080065,0.053373,-0.2635688,-0.1127223,0,0,0,1,0,0,0.4579185,1.342135,0.4613743,-0.3769682,-0.1044393,-0.2319054,-0.160916,0,0,0,1,0,0,0.00271224,1.33285,0.6094075,-0.03082581,-0.03144742,-0.0196904,-0.1165341,0,0,0,1,0,0,-0.4180904,1.355531,0.4270291,0.1453773,-0.08862618,-0.1665056,0.08598679,0,0,0,1,0,0,0.6106946,1.34487,-0.01358093,-0.2760203,-0.007122758,0.0939927,-0.0415957,0,0,0,1,0,0,-0.6056839,1.336863,-0.0005664849,0.2321483,-0.130719,-0.05843447,-0.04295152,0,0,0,1,0,0,-0.4250773,1.334217,-0.4575139,0.2938406,-0.144285,0.3194557,-0.1768461,0,0,0,1,0,0,0.0340367,1.31241,-0.5868059,-0.02321639,0.005525353,-0.05727115,-0.1242382,0,0,0,1,0,0,0.4087326,1.327342,-0.4062169,0.003008546,0.02102257,0.02223403,0.06549412,0,0,0,1,0,0,0.3889087,2,0.3889088,0,0,0,0.05000001,0,0,0,0,0,0,0.55,2,4.808253E-08,0,0,0,0.05000001,0,0,0,0,0,0,-6.558685E-09,2,0.55,0,0,0,0.05000001,0,0,0,0,0,0,0.3889087,2,-0.3889087,0,0,0,0.04999995,0,0,0,0,0,0,-0.3889089,2,0.3889086,0,0,0,0.05000001,0,0,0,0,0,0,2.404126E-08,2,-0.55,0,0,0,0.05000001,0,0,0,0,0,0,-0.3889087,2,-0.3889087,0,0,0,0.04999995,0,0,0,0,0,0,-0.55,2,0,0,0,0,0.05000001,0,0,0,0,0,0
256,0.002111624,0.6776006,0.6539856,-0.1819068,-0.0918955,0.2080412,-0.1409799,0,0,0,1,0,0,-0.4057985,0.6734363,0.4579272,-0.8177209,0.1885922,0.5568924,0.05639195,0,0,0,1,0,0,-0.2563747,0.1838568,0.04243538,-0.232035,-0.7343451,0.7105627,-0.204691,0,0,0,1,0,0,0.1723752,0.06273159,0.541769,-0.7537658,0.2009167,0.4263075,-0.1148729,0,0,0,1,0,0,-0.9012786,0.2161926,-0.04858362,0.7790539,-0.7472578,-0.2036399,-0.1773155,0,0,0,1,0,0,0.5911845,0.777551,0.5846957,-0.1039207,-0.2148063,-0.1548052,-0.2224476,0,0,0,1,0,0,0.7632334,0.295538,0.598997,-0.622678,-0.8310202,-0.3078641,-0.2101085,0,0,0,1,0,0,-0.8485577,0.7918666,0.01209605,0.3047616,-0.2711267,-0.08125266,-0.06745702,0,0,0,1,0,0,-0.7483345,0.2921827,-0.62129,0.5155774,-0.7663342,0.3207834,-0.188765,0,0,0,1,0,0,0.8577983,0.8002307,-0.03802136,-0.3313811,-0.3228159,0.1363453,-0.06101406,0,0,0,1,0,0,0.8986223,0.1919693,0.04817253,-0.667012,-0.6565357,0.000236556,-0.1759498,0,0,0,1,0,0,-0.5465038,0.7829025,-0.5644905,0.1980365,-0.1610846,0.05224945,-0.2435053,0,0,0,1,0,0,-0.1185871,0.05549617,-0.5116311,0.5278835,0.009874444,-0.3670813,-0.07057339,0,0,0,1,0,0,0.4621286,0.6729256,-0.4631878,0.4016446,0.08684102,-0.313978,0.0717724,0,0,0,1,0,0,0.2940338,0.1767896,-0.003659653,0.4306616,-1.028672,-1.124869,-0.2706128,0,0,0,1,0,0,0.00612058,0.6682522,-0.6510242,0.1273348,0.05199911,-0.1466364,-0.1139321,0,0,0,1,0,0,0.4514823,1.341154,0.4577247,-0.3218101,-0.04901888,-0.1824782,-0.1626399,0,0,0,1,0,0,0.002243951,1.332311,0.6090259,-0.02341447,-0.02697111,-0.01907945,-0.1170286,0,0,0,1,0,0,-0.4173228,1.354194,0.4256503,0.03838094,-0.06687048,-0.06894025,0.08188051,0,0,0,1,0,0,0.6053115,1.34505,-0.01273053,-0.2691538,0.008964542,0.04251992,-0.04120445,0,0,0,1,0,0,-0.6036818,1.335486,-0.00171379,0.100106,-0.06882551,-0.05736527,-0.04143941,0,0,0,1,0,0,-0.4213122,1.332346,-0.4539246,0.1882539,-0.09358529,0.1794667,-0.1780227,0,0,0,1,0,0,0.03352024,1.312855,-0.5876915,-0.02582316,0.02225042,-0.04428031,-0.1240463,0,0,0,1,0,0,0.4104927,1.328057,-0.4074604,0.08800481,0.03573896,-0.06217512,0.06511128,0,0,0,1,0,0,0.3889087,2,0.3889088,0,0,0,0.05000001,0,0,0,0,0,0,0.55,2,4.808253E-08,0,0,0,0.05000001,0,0,0,0,0,0,-6.558685E-09,2,0.55,0,0,0,0.05000001,0,0,0,0,0,0,0.3889087,2,-0.3889087,0,0,0,0.04999995,0,0,0,0,0,0,-0.3889089,2,0.3889086,0,0,0,0.05000001,0,0,0,0,0,0,2.404126E-08,2,-0.55,0,0,0,0.05000001,0,0,0,0,0,0,-0.3889087,2,-0.3889087,0,0,0,0.04999995,0,0,0,0,0,0,-0.55,2,0,0,0,0,0.05000001,0,0,0,0,0,0
257,-0.0003085894,0.6760964,0.6562296,-0.1210107,-0.07521215,0.1121998,-0.1409822,0,0,0,1,0,0,-0.4171266,0.6766317,0.4618801,-0.5664083,0.1597673,0.1976431,0.06201667,0,0,0,1,0,0,-0.2590368,0.1706427,0.05265208,-0.1331047,-0.6607036,0.5108351,-0.2017837,0,0,0,1,0,0,0.1589976,0.06366546,0.5472172,-0.6688851,0.04669318,0.2724142,-0.1126543,0,0,0,1,0,0,-0.8884644,0.201559,-0.05160741,0.6407084,-0.7316823,-0.1511893,-0.1784227,0,0,0,1,0,0,0.5904343,0.7723272,0.5808937,-0.0375122,-0.2611906,-0.1901001,-0.222608,0,0,0,1,0,0,0.755515,0.2846361,0.5977867,-0.3859194,-0.5450981,-0.06051662,-0.2090468,0,0,0,1,0,0,-0.8418247,0.7857528,0.01084015,0.3366501,-0.3056885,-0.06279515,-0.06829286,0,0,0,1,0,0,-0.742651,0.2801457,-0.6179569,0.2841712,-0.6018492,0.1666517,-0.1885406,0,0,0,1,0,0,0.8502252,0.7926344,-0.0366487,-0.3786595,-0.3798188,0.0686331,-0.06318879,0,0,0,1,0,0,0.8880033,0.1787519,0.04766497,-0.5309465,-0.6608735,-0.02537818,-0.1735549,0,0,0,1,0,0,-0.5431336,0.7787183,-0.5618023,0.1685113,-0.2092124,0.1344085,-0.2443169,0,0,0,1,0,0,-0.1120094,0.0524651,-0.518894,0.328887,-0.1515534,-0.3631444,-0.07034665,0,0,0,1,0,0,0.4640913,0.6729145,-0.462972,0.09813312,-0.0005543234,0.01078994,0.07297111,0,0,0,1,0,0,0.300625,0.1550805,-0.02484963,0.3295602,-1.085458,-1.059499,-0.2562022,0,0,0,1,0,0,0.006161769,0.6689227,-0.6516994,0.002059434,0.03352465,-0.03376307,-0.1172139,0,0,0,1,0,0,0.4488158,1.340178,0.4563029,-0.1333237,-0.04882218,-0.07109198,-0.1621903,0,0,0,1,0,0,0.002799799,1.332214,0.6078323,0.02779238,-0.004863741,-0.05968215,-0.1181359,0,0,0,1,0,0,-0.417197,1.353287,0.4253882,0.006288292,-0.04532935,-0.01310856,0.07926637,0,0,0,1,0,0,0.6030154,1.345261,-0.01143898,-0.1148046,0.01056791,0.06457756,-0.03974909,0,0,0,1,0,0,-0.6049783,1.335387,-0.002578241,-0.06482305,-0.004941227,-0.04322259,-0.03758192,0,0,0,1,0,0,-0.4209846,1.331992,-0.4530592,0.01638383,-0.01769663,0.04327001,-0.1758268,0,0,0,1,0,0,0.03231834,1.31318,-0.5882663,-0.0600951,0.01624823,-0.02874137,-0.1243228,0,0,0,1,0,0,0.4113851,1.328469,-0.4077624,0.04462155,0.02061129,-0.01510084,0.0641197,0,0,0,1,0,0,0.3889087,2,0.3889088,0,0,0,0.05000001,0,0,0,0,0,0,0.55,2,4.808253E-08,0,0,0,0.05000001,0,0,0,0,0,0,-6.558685E-09,2,0.55,0,0,0,0.05000001,0,0,0,0,0,0,0.3889087,2,-0.3889087,0,0,0,0.04999995,0,0,0,0,0,0,-0.3889089,2,0.3889086,0,0,0,0.05000001,0,0,0,0,0,0,2.404126E-08,2,-0.55,0,0,0,0.05000001,0,0,0,0,0,0,-0.3889087,2,-0.3889087,0,0,0,0.04999995,0,0,0,0,0,0,-0.55,2,0,0,0,0,0.05000001,0,0,0,0,0,0
258,-0.0003047163,0.6754951,0.6567912,0.000193657,-0.03006161,0.02808274,-0.1439431,0,0,0,1,0,0,-0.4212538,0.6782015,0.4595648,-0.2063588,0.07849041,-0.1157612,0.0602414,0,0,0,1,0,0,-0.2610256,0.1583381,0.05998485,-0.09943847,-0.6152282,0.3666386,-0.2003987,0,0,0,1,0,0,0.1491994,0.06055648,0.5498805,-0.4899094,-0.1554488,0.1331628,-0.1121423,0,0,0,1,0,0,-0.8768225,0.1868224,-0.05248175,0.5820962,-0.7368284,-0.04371705,-0.1770968,0,0,0,1,0,0,0.5887268,0.7677359,0.5773199,-0.08537177,-0.2295644,-0.1786888,-0.2227349,0,0,0,1,0,0,0.7504467,0.2762127,0.5992715,-0.2534182,-0.4211696,0.07424358,-0.2044619,0,0,0,1,0,0,-0.8343057,0.7798582,0.01022537,0.3759475,-0.2947302,-0.03073878,-0.06919014,0,0,0,1,0,0,-0.7389492,0.2709666,-0.6175179,0.1850904,-0.4589559,0.02194942,-0.1849395,0,0,0,1,0,0,0.8421254,0.7844885,-0.03667491,-0.4049869,-0.4072936,-0.001310185,-0.06510323,0,0,0,1,0,0,0.8776965,0.1666279,0.04765588,-0.5153419,-0.6061996,-0.0004544856,-0.1711793,0,0,0,1,0,0,-0.5405128,0.7741327,-0.5580518,0.1310409,-0.2292813,0.1875252,-0.2455359,0,0,0,1,0,0,-0.1093762,0.04731496,-0.5247273,0.1316578,-0.2575073,-0.2916635,-0.07260054,0,0,0,1,0,0,0.4609896,0.6714053,-0.4593559,-0.1550869,-0.07546249,0.1808063,0.07011819,0,0,0,1,0,0,0.3052464,0.1352146,-0.04331336,0.2310664,-0.9932969,-0.9231867,-0.2420745,0,0,0,1,0,0,0.004517525,0.669063,-0.6503353,-0.08221223,0.007015469,0.06820562,-0.1229432,0,0,0,1,0,0,0.4480021,1.339386,0.4548845,-0.04068466,-0.03961922,-0.07091764,-0.1605321,0,0,0,1,0,0,0.002963784,1.332659,0.6082432,0.008199297,0.0222683,0.02054573,-0.1176644,0,0,0,1,0,0,-0.4179226,1.352617,0.4260645,-0.03627987,-0.03350975,0.03381671,0.07763284,0,0,0,1,0,0,0.6022041,1.345142,-0.01036375,-0.04056396,-0.005936625,0.05376136,-0.03729475,0,0,0,1,0,0,-0.6077033,1.335737,-0.003056217,-0.1362533,0.01747013,-0.02389882,-0.0321933,0,0,0,1,0,0,-0.4228294,1.33284,-0.4535757,-0.09224121,0.0423968,-0.02582819,-0.1709172,0,0,0,1,0,0,0.03109704,1.314071,-0.5891181,-0.06106498,0.04456045,-0.04259052,-0.1240586,0,0,0,1,0,0,0.4119341,1.328887,-0.4082153,0.02744944,0.02089144,-0.0226453,0.0628075,0,0,0,1,0,0,0.3889087,2,0.3889088,0,0,0,0.05000001,0,0,0,0,0,0,0.55,2,4.808253E-08,0,0,0,0.05000001,0,0,0,0,0,0,-6.558685E-09,2,0.55,0,0,0,0.05000001,0,0,0,0,0,0,0.3889087,2,-0.3889087,0,0,0,0.04999995,0,0,0,0,0,0,-0.3889089,2,0.3889086,0,0,0,0.05000001,0,0,0,0,0,0,2.404126E-08,2,-0.55,0,0,0,0.05000001,0,0,0,0,0,0,-0.3889087,2,-0.3889087,0,0,0,0.04999995,0,0,0,0,0,0,-0.55,2,0,0,0,0,0.05000001,0,0,0,0,0,0
