frame,x0,y0,z0,vx0,vy0,vz0,sdf0,nx0,ny0,nz0,md0,u0,v0,x1,y1,z1,vx1,vy1,vz1,sdf1,nx1,ny1,nz1,md1,u1,v1,x2,y2,z2,vx2,vy2,vz2,sdf2,nx2,ny2,nz2,md2,u2,v2,x3,y3,z3,vx3,vy3,vz3,sdf3,nx3,ny3,nz3,md3,u3,v3,x4,y4,z4,vx4,vy4,vz4,sdf4,nx4,ny4,nz4,md4,u4,v4,x5,y5,z5,vx5,vy5,vz5,sdf5,nx5,ny5,nz5,md5,u5,v5
0,0,0,-0.225496,0,0,0,0.5618421,0.9156803,0.4011896,-0.02401109,1,0.5,0,0,-0.5,0.225496,0,0,0,0.5639105,0.9139001,-0.06955472,0.3999359,1,1,1,0,-0.5,-0.225496,0,0,0,0.475453,0.9967757,-0.07586219,-0.02613759,1,1,0,0,0,0.225496,0,0,0,0.6436369,0.8501893,0.3724958,0.3720551,1,0.5,1,0,0.5,-0.225496,0,0,0,0.8429477,0.7240102,0.6895279,-0.0189851,0,0,0,0,0.5,0.225496,0,0,0,0.9085118,0.6903086,0.6574315,0.3020891,0,0,1
1,0,0.0001291806,-0.2254619,0,0.001291806,0.0003412366,0.6369753,0.9268384,0.3747919,-0.02239439,1,0.5,0,0,-0.5000197,0.2255708,0,-0.0001966953,0.0007480383,0.6388888,0.9252812,-0.06499288,0.3736719,1,1,1,0,-0.499965,-0.2254625,0,0.0003501773,0.0003354251,0.5566918,0.9972562,-0.06999674,-0.02409638,1,1,0,0,6.125728E-05,0.2255638,0,0.0006125728,0.0006777048,0.7137178,0.8682351,0.3510381,0.3506283,1,0.5,1,0,0.5,-0.225496,0,0,0,0.9030696,0.751062,0.6599815,-0.01817158,0,0,0,0,0.5,0.225496,0,0,0,0.9659472,0.7188475,0.6316735,0.2902533,0,0,1
2,0,3.87327E-05,-0.2255027,0,-0.0009044785,-0.0004081428,0.7073873,0.9354376,0.35286,-0.0211222,1,0.5,0,0,-0.5000437,0.2254063,0,-0.0002408028,-0.001645237,0.709164,0.9340631,-0.06123549,0.3518185,1,1,1,0,-0.5000003,-0.2256047,0,-0.0003531575,-0.001422316,0.6321467,0.9976053,-0.06536282,-0.02261604,1,1,0,0,4.284691E-05,0.2254167,0,-0.0001841036,-0.001470894,0.7798892,0.8824479,0.3328748,0.3323855,1,0.5,1,0,0.5,-0.225496,0,0,0,0.9607364,0.773196,0.6339268,-0.0174542,0,0,0,0,0.5,0.225496,0,0,0,1.021232,0.7424478,0.608717,0.2797048,0,0,1
3,0,1.678952E-05,-0.2255101,0,-0.0002194318,-7.376075E-05,0.7863963,0.9433625,0.3311707,-0.01983064,1,0.5,0,0,-0.4999333,0.2255587,0,0.001104176,0.001523793,0.7881151,0.9421036,-0.05739652,0.3303731,1,1,1,0,-0.4999763,-0.2253493,0,0.0002396107,0.002553612,0.7160548,0.9979303,-0.06083306,-0.02084554,1,1,0,0,8.775193E-05,0.2254471,0,0.0004490502,0.0003038347,0.8547068,0.8957938,0.314524,0.314051,1,0.5,1,0,0.5,-0.225496,0,0,0,1.026696,0.7948787,0.6065387,-0.01670011,0,0,0,0,0.5,0.225496,0,0,0,1.084676,0.7657958,0.5843467,0.2685067,0,0,1
4,0,3.507205E-05,-0.2254521,0,0.0001828253,0.0005801022,0.8607543,0.9495401,0.3130874,-0.01870437,1,0.5,0,0,-0.5000311,0.2256761,0,-0.0009772182,0.001174808,0.8624167,0.9483815,-0.05433804,0.3124419,1,1,1,0,-0.5000264,-0.2252982,0,-0.000500679,0.0005117059,0.7944568,0.9981722,-0.05718723,-0.01954345,1,1,0,0,7.224153E-05,0.2255121,0,-0.0001551041,0.0006508827,0.9255162,0.906402,0.2988898,0.2984969,1,0.5,1,0,0.5,-0.225496,0,0,0,1.089851,0.8127121,0.5824447,-0.01603672,0,0,0,0,0.5,0.225496,0,0,0,1.145607,0.785176,0.5627104,0.2585648,0,0,1
5,0,6.516797E-05,-0.2254888,0,0.0003009592,-0.0003677607,0.9335489,0.9546465,0.2972101,-0.01778023,1,0.5,0,0,-0.4998966,0.2254091,0,0.001344681,-0.002670437,0.9350313,0.9536604,-0.05149475,0.2964458,1,1,1,0,-0.4999777,-0.2256088,0,0.0004866719,-0.003106743,0.8707697,0.9983679,-0.05396803,-0.01868207,1,1,0,0,2.652725E-05,0.2254957,0,-0.0004571428,-0.0001645088,0.9951342,0.9153242,0.284942,0.2845869,1,0.5,1,0,0.5,-0.225496,0,0,0,1.152576,0.8281208,0.5603373,-0.01542803,0,0,0,0,0.5,0.225496,0,0,0,1.206284,0.8020545,0.5426999,0.24937,0,0,1
6,0,4.622321E-05,-0.2255093,0,-0.0001894477,-0.000204742,1.013077,0.9593908,0.281576,-0.01685922,1,0.5,0,0,-0.4999652,0.2256351,0,-0.0006863475,0.002260059,1.014554,0.9584556,-0.04883632,0.2810301,1,1,1,0,-0.5000138,-0.2253632,0,-0.0003609061,0.002456456,0.9537393,0.9985507,-0.05091273,-0.01744685,1,1,0,0,7.997047E-05,0.2255312,0,0.0005344322,0.0003552437,1.071578,0.9236782,0.271116,0.2707668,1,0.5,1,0,0.5,-0.225496,0,0,0,1.222023,0.8429809,0.5377397,-0.01480584,0,0,0,0,0.5,0.225496,0,0,0,1.273629,0.8184533,0.5220935,0.2399014,0,0,1
7,0,4.696816E-05,-0.2254469,0,7.449562E-06,0.0006245077,1.089961,0.9632969,0.2679606,-0.0160047,1,0.5,0,0,-0.5000024,0.2256243,0,-0.000372231,-0.0001078844,1.091366,0.9624466,-0.04650247,0.2674585,1,1,1,0,-0.500048,-0.2253507,0,-0.0003415346,0.0001250207,1.033603,0.9986969,-0.04828367,-0.01653014,1,1,0,0,1.81159E-05,0.2255927,0,-0.0006185457,0.0006143749,1.145732,0.9306526,0.2588624,0.2586039,1,0.5,1,0,0.5,-0.225496,0,0,0,1.289955,0.8556665,0.5173315,-0.01424393,0,0,0,0,0.5,0.225496,0,0,0,1.339656,0.8325493,0.5033549,0.231291,0,0,1
8,0,4.427188E-05,-0.2255416,0,-2.696281E-05,-0.0009475648,1.163646,0.9665308,0.2560908,-0.01535279,1,0.5,0,0,-0.4999169,0.2254498,0,0.0008556247,-0.001744777,1.164939,0.96578,-0.04439615,0.2555348,1,1,1,0,-0.5000144,-0.2254994,0,0.0003355742,-0.001487285,1.109869,0.998817,-0.04597543,-0.01583943,1,1,0,0,4.043485E-05,0.2254938,0,0.0002231895,-0.000988394,1.217005,0.9364939,0.24813,0.2478117,1,0.5,1,0,0.5,-0.225496,0,0,0,1.355715,0.8664935,0.4989991,-0.01373918,0,0,0,0,0.5,0.225496,0,0,0,1.4037,0.8446524,0.4864212,0.22351,0,0,1
9,0,4.909371E-05,-0.2254381,0,4.821832E-05,0.001035482,1.239429,0.9694289,0.2449362,-0.01462437,1,0.5,0,0,-0.5000464,0.2254366,0,-0.001295507,-0.0001324713,1.240669,0.9687385,-0.04253908,0.2444099,1,1,1,0,-0.499969,-0.2256008,0,0.0004541874,-0.001013726,1.188068,0.9989244,-0.04381873,-0.01516572,1,1,0,0,-1.450148E-05,0.225474,0,-0.0005493633,-0.0001980364,1.290514,0.9417703,0.2379124,0.2376268,1,0.5,1,0,0.5,-0.225496,0,0,0,1.423948,0.8764546,0.4813021,-0.01325192,0,0,0,0,0.5,0.225496,0,0,0,1.470272,0.8558478,0.4699859,0.215958,0,0,1
10,0,-2.104246E-05,-0.2253694,0,-0.0007013617,0.0006861985,1.321936,0.9721837,0.2338056,-0.01392443,1,0.5,0,0,-0.5000406,0.2255983,0,5.841255E-05,0.001617372,1.323175,0.9715233,-0.0406108,0.233438,1,1,1,0,-0.5000364,-0.2254211,0,-0.0006735325,0.001796335,1.272986,0.9990249,-0.04175801,-0.01433804,1,1,0,0,4.9188E-05,0.2255958,0,0.0006368948,0.00121817,1.370829,0.9467766,0.2277328,0.2274905,1,0.5,1,0,0.5,-0.225496,0,0,0,1.498869,0.8861296,0.463262,-0.01275521,0,0,0,0,0.5,0.225496,0,0,0,1.543495,0.866778,0.4531451,0.2082197,0,0,1
11,0,0.0001538152,-0.2254799,0,0.001748577,-0.001104474,1.399985,0.9744294,0.2242932,-0.01341057,1,0.5,0,0,-0.5000312,0.2255141,0,9.357929E-05,-0.0008425117,1.401113,0.9738514,-0.038941,0.2238237,1,1,1,0,-0.4998924,-0.2254943,0,0.001440048,-0.000731647,1.353051,0.9991099,-0.03987605,-0.01375802,1,1,0,0,1.412884E-05,0.2254758,0,-0.0003505916,-0.001199991,1.446845,0.9509753,0.2188228,0.2185463,1,0.5,1,0,0.5,-0.225496,0,0,0,1.570221,0.8943015,0.4472953,-0.01231559,0,0,0,0,0.5,0.225496,0,0,0,1.613341,0.8760543,0.4381687,0.2013381,0,0,1
12,0,0.0001119143,-0.2255589,0,-0.0004190086,-0.0007897615,1.475919,0.9763845,0.2156525,-0.01293517,1,0.5,0,0,-0.5000502,0.2254888,0,-0.0001895428,-0.0002525747,1.477007,0.9758473,-0.03745571,0.2152187,1,1,1,0,-0.4999571,-0.2255189,0,-0.0006470084,-0.0002457201,1.430843,0.9991788,-0.038303,-0.01321645,1,1,0,0,-3.866525E-05,0.225512,0,-0.0005279409,0.0003620982,1.521023,0.9545941,0.2107652,0.2105429,1,0.5,1,0,0.5,-0.225496,0,0,0,1.64013,0.901467,0.4326839,-0.01191329,0,0,0,0,0.5,0.225496,0,0,0,1.68187,0.8842219,0.4244067,0.1950144,0,0,1
13,0,-1.666769E-06,-0.2255542,0,-0.001135811,4.634261E-05,1.543564,0.9779513,0.2084585,-0.01250474,1,0.5,0,0,-0.5000157,0.2255258,0,0.0003451109,0.0003693998,1.544646,0.9774338,-0.03619976,0.2081171,1,1,1,0,-0.5000156,-0.2255068,0,-0.0005850196,0.0001204014,1.500039,0.9992337,-0.03700706,-0.01275317,1,1,0,0,8.040854E-05,0.225437,0,0.001190738,-0.0007505715,1.587239,0.9574878,0.2041359,0.2038276,1,0.5,1,0,0.5,-0.225496,0,0,0,1.70276,0.9072735,0.4203817,-0.01157456,0,0,0,0,0.5,0.225496,0,0,0,1.743334,0.8908641,0.4127784,0.1896712,0,0,1
14,0,4.359119E-05,-0.2254882,0,0.0004525796,0.0006601214,1.46465,0.9761177,0.2168547,-0.01297341,1,0.5,0,0,-0.5000125,0.2255182,0,3.218651E-05,-7.584691E-05,1.465764,0.9755642,-0.03765073,0.2164645,1,1,1,0,-0.5000167,-0.2254795,0,-1.132488E-05,0.0002732873,1.419326,0.999168,-0.03856389,-0.01327524,1,1,0,0,4.607184E-05,0.2255583,0,-0.000343367,0.001213402,1.51005,0.9540705,0.211958,0.2117153,1,0.5,1,0,0.5,-0.225496,0,0,0,1.629745,0.9004503,0.4347939,-0.01197138,0,0,0,0,0.5,0.225496,0,0,0,1.671683,0.8830612,0.4263974,0.1959291,0,0,1
15,0,0.0001796335,-0.2254961,0,0.001360423,-7.882714E-05,1.38598,0.9740399,0.2259725,-0.01351875,1,0.5,0,0,-0.5000137,0.2254525,0,-1.251698E-05,-0.0006568432,1.387096,0.9734641,-0.03922096,0.2254536,1,1,1,0,-0.4999014,-0.2255047,0,0.001152456,-0.0002518296,1.338683,0.9990957,-0.0401926,-0.01387118,1,1,0,0,2.75303E-05,0.2255043,0,-0.0001854154,-0.0005406141,1.433183,0.9502568,0.2203762,0.2201055,1,0.5,1,0,0.5,-0.225496,0,0,0,1.557369,0.8928975,0.4500893,-0.01239252,0,0,0,0,0.5,0.225496,0,0,0,1.600754,0.8744577,0.4407942,0.2025445,0,0,1
16,0,-3.86555E-05,-0.2255833,0,-0.00218289,-0.000872016,1.309526,0.9717959,0.2353995,-0.01413812,1,0.5,0,0,-0.4999491,0.2253817,0,0.0006458163,-0.0007078052,1.310719,0.9711553,-0.04083965,0.2349242,1,1,1,0,-0.5000845,-0.2255903,0,-0.001830161,-0.0008562207,1.260235,0.9990081,-0.04208781,-0.01453801,1,1,0,0,0.0001512215,0.2253837,0,0.001236912,-0.001205504,1.35872,0.9460753,0.2292713,0.2288584,1,0.5,1,0,0.5,-0.225496,0,0,0,1.487564,0.884746,0.4658969,-0.01282776,0,0,0,0,0.5,0.225496,0,0,0,1.532439,0.8652114,0.4556102,0.2093524,0,0,1
17,0,2.167273E-05,-0.2255229,0,0.0006032822,0.0006040931,1.229757,0.9690838,0.2462899,-0.01475519,1,0.5,0,0,-0.5000781,0.2255592,0,-0.001290143,0.001775473,1.23104,0.9683653,-0.042794,0.2458401,1,1,1,0,-0.4999174,-0.22543,0,0.001670122,0.001602769,1.178101,0.9989145,-0.04404827,-0.01515406,1,1,0,0,1.825369E-05,0.2255422,0,-0.001329678,0.001584888,1.281149,0.9411227,0.2391817,0.2389145,1,0.5,1,0,0.5,-0.225496,0,0,0,1.415213,0.8752446,0.4834973,-0.01331236,0,0,0,0,0.5,0.225496,0,0,0,1.461743,0.8544847,0.4720292,0.2168969,0,0,1
18,0,3.830935E-05,-0.2254737,0,0.0001663662,0.0004914403,1.156372,0.9662327,0.2572117,-0.01537924,1,0.5,0,0,-0.4999503,0.2256616,0,0.001278222,0.001023561,1.15773,0.9654414,-0.04460939,0.2567738,1,1,1,0,-0.5000036,-0.2253378,0,-0.0008612871,0.0009225309,1.102351,0.9988078,-0.04618436,-0.01581288,1,1,0,0,7.897332E-05,0.2255794,0,0.0006071962,0.000372231,1.209992,0.9359348,0.2491702,0.248878,1,0.5,1,0,0.5,-0.225496,0,0,0,1.349199,0.8654779,0.5007573,-0.01378759,0,0,0,0,0.5,0.225496,0,0,0,1.397349,0.8435142,0.4880493,0.2242581,0,0,1
19,0,0.0001669424,-0.225446,0,0.001286331,0.0002779067,1.077793,0.9626963,0.2701033,-0.01612756,1,0.5,0,0,-0.5000169,0.2255213,0,-0.0006654859,-0.00140354,1.079149,0.9618696,-0.04687138,0.2694624,1,1,1,0,-0.4998672,-0.2254,0,0.001364052,-0.0006224215,1.020942,0.9986804,-0.04856672,-0.01670019,1,1,0,0,-1.995497E-05,0.2254661,0,-0.0009892829,-0.001133084,1.133905,0.9296351,0.2607129,0.2603984,1,0.5,1,0,0.5,-0.225496,0,0,0,1.279126,0.8537534,0.5204802,-0.01433063,0,0,0,0,0.5,0.225496,0,0,0,1.329122,0.8304177,0.5062538,0.2326231,0,0,1
20,0,6.349717E-05,-0.2255245,0,-0.001034452,-0.0007854402,1.001447,0.958742,0.2837687,-0.01699994,1,0.5,0,0,-0.4998671,0.2254276,0,0.001497567,-0.000936687,1.002866,0.9578367,-0.04915084,0.2830776,1,1,1,0,-0.5000088,-0.2255711,0,-0.001415908,-0.001710206,0.941628,0.9985239,-0.05133694,-0.01773762,1,1,0,0,4.22766E-05,0.2253964,0,0.0006223156,-0.0006976724,1.060331,0.9225604,0.273046,0.272632,1,0.5,1,0,0.5,-0.225496,0,0,0,1.211808,0.8409238,0.5409486,-0.01489419,0,0,0,0,0.5,0.225496,0,0,0,1.263713,0.8161759,0.5250288,0.2412501,0,0,1
21,0,-7.272659E-05,-0.2255164,0,-0.001362238,8.091331E-05,0.924525,0.9540863,0.298996,-0.01791222,1,0.5,0,0,-0.4999869,0.2254466,0,-0.001198351,0.0001904368,0.9260734,0.9530503,-0.05188158,0.2983343,1,1,1,0,-0.4999575,-0.2255447,0,0.0005123019,0.0002636015,0.8613702,0.9983469,-0.0543258,-0.01876395,1,1,0,0,0.0001251871,0.2254121,0,0.0008291047,0.0001573563,0.9865277,0.9142916,0.2866581,0.2861784,1,0.5,1,0,0.5,-0.225496,0,0,0,1.14479,0.8263183,0.56299,-0.01550107,0,0,0,0,0.5,0.225496,0,0,0,1.198743,0.8000736,0.5451088,0.2504769,0,0,1
22,0,0.0001235833,-0.2254402,0,0.001963099,0.0007623434,0.8452164,0.948314,0.3167695,-0.01891158,1,0.5,0,0,-0.4999755,0.2256371,0,0.0001144409,0.001905113,0.8468549,0.9471604,-0.05492463,0.316023,1,1,1,0,-0.4999916,-0.225406,0,-0.0003409386,0.001387298,0.7780842,0.9981248,-0.05789261,-0.01987816,1,1,0,0,7.397997E-05,0.2255677,0,-0.000512071,0.001556426,0.9106827,0.9043051,0.3020339,0.301675,1,0.5,1,0,0.5,-0.225496,0,0,0,1.076548,0.8091649,0.5873591,-0.01617203,0,0,0,0,0.5,0.225496,0,0,0,1.132759,0.781308,0.5671383,0.2605994,0,0,1
23,0,1.296318E-05,-0.2255593,0,-0.001106201,-0.00119105,0.7850132,0.943237,0.3315242,-0.01989028,1,0.5,0,0,-0.4999179,0.2254177,0,0.0005757809,-0.002194047,0.7866867,0.9420102,-0.05744827,0.3306304,1,1,1,0,-0.5000578,-0.2255586,0,-0.0006619096,-0.001526475,0.7146013,0.9979176,-0.06097294,-0.0210428,1,1,0,0,2.065084E-05,0.2254895,0,-0.0005332913,-0.000782162,0.8533859,0.8955849,0.3147813,0.3143889,1,0.5,1,0,0.5,-0.225496,0,0,0,1.025531,0.7945247,0.6070018,-0.01671286,0,0,0,0,0.5,0.225496,0,0,0,1.083553,0.7654127,0.5847608,0.268697,0,0,1
24,0,6.993133E-05,-0.2254411,0,0.0005696815,0.001181364,0.6958827,0.9341368,0.3562807,-0.02127394,1,0.5,0,0,-0.4999499,0.2255696,0,-0.0003197789,0.001519024,0.697719,0.9327046,-0.06174228,0.3553168,1,1,1,0,-0.5000361,-0.2254416,0,0.0002169609,0.001169592,0.6198577,0.9975535,-0.06611208,-0.02271864,1,1,0,0,0.0001439078,0.225523,0,0.001232569,0.0003346801,0.7691025,0.8802426,0.3357837,0.3352944,1,0.5,1,0,0.5,-0.225496,0,0,0,0.9512335,0.7697714,0.6380779,-0.0175685,0,0,0,0,0.5,0.225496,0,0,0,1.01211,0.7387811,0.6123894,0.2813923,0,0,1
25,0,5.543446E-05,-0.2255209,0,-0.0001449687,-0.0007976592,0.6230758,0.9249681,0.3793648,-0.02272412,1,0.5,0,0,-0.4999867,0.2256147,0,-0.0003680587,0.0004510581,0.6250541,0.9233416,-0.0657628,0.378306,1,1,1,0,-0.4999014,-0.2253528,0,0.001347065,0.0008881092,0.5417433,0.9971836,-0.07094014,-0.02433693,1,1,0,0,5.254502E-05,0.2254712,0,-0.0009136277,-0.0005173683,0.7006962,0.8651724,0.3548379,0.3543538,1,0.5,1,0,0.5,-0.225496,0,0,0,0.8918515,0.7463506,0.6653008,-0.01831804,0,0,0,0,0.5,0.225496,0,0,0,0.9552139,0.7138534,0.6363326,0.2923941,0,0,1
26,0,2.914259E-05,-0.2256233,0,-0.0002629187,-0.001024306,0.5507288,0.9137872,0.4054606,-0.02438625,1,0.5,0,0,-0.5000281,0.2254383,0,-0.0004142523,-0.001764745,0.5527828,0.9120044,-0.07031663,0.4041083,1,1,1,0,-0.499977,-0.225643,0,-0.0007554889,-0.002901703,0.4633295,0.9966917,-0.076793,-0.02661914,1,1,0,0,4.079222E-05,0.2253966,0,-0.000117528,-0.0007461011,0.6332902,0.8472168,0.3759327,0.3753642,1,0.5,1,0,0.5,-0.225496,0,0,0,0.8341663,0.7196573,0.6940664,-0.01911006,0,0,0,0,0.5,0.225496,0,0,0,0.9001416,0.6857467,0.6613617,0.303895,0,0,1
27,0,2.427347E-05,-0.2254897,0,-4.869122E-05,0.001336038,0.4800558,0.9002026,0.4346939,-0.02600845,1,0.5,0,0,-0.4999953,0.2254477,0,0.0003284216,9.417534E-05,0.4822648,0.8981782,-0.07533131,0.4331294,1,1,1,0,-0.5000014,-0.2255535,0,-0.0002446771,0.0008952618,0.3857156,0.9960859,-0.08354988,-0.02885066,1,1,0,0,4.404194E-05,0.2255561,0,3.249719E-05,0.001594424,0.5681641,0.8259488,0.3988564,0.3983995,1,0.5,1,0,0.5,-0.225496,0,0,0,0.7792534,0.6896592,0.7238597,-0.01993037,0,0,0,0,0.5,0.225496,0,0,0,0.8479191,0.6545265,0.6869848,0.3156688,0,0,1
28,0,7.599697E-05,-0.22552,0,0.000517235,-0.0003023446,0.4035501,0.8813828,0.4715577,-0.02824411,1,0.5,0,0,-0.4999788,0.2254957,0,0.0001645088,0.0004799664,0.4059416,0.8790561,-0.08165962,0.4696723,1,1,1,0,-0.4999331,-0.2255041,0,0.0006830692,0.0004939735,0.3002045,0.9952124,-0.09239279,-0.03187196,1,1,0,0,2.383523E-05,0.2255362,0,-0.0002020671,-0.0001984835,0.4983928,0.7976555,0.4267097,0.4262213,1,0.5,1,0,0.5,-0.225496,0,0,0,0.7216123,0.6519036,0.7580146,-0.02087077,0,0,0,0,0.5,0.225496,0,0,0,0.793342,0.6157486,0.7159746,0.3289895,0,0,1
29,0,1.761544E-05,-0.2254917,0,-0.0005838153,0.000282377,0.3370153,0.860244,0.5089723,-0.03045551,1,0.5,0,0,-0.5000069,0.225462,0,-0.0002807379,-0.0003364682,0.3396123,0.8575832,-0.08814415,0.5067363,1,1,1,0,-0.4998916,-0.2256174,0,0.0004154444,-0.001133382,0.2242721,0.9941532,-0.1020219,-0.03536988,1,1,0,0,8.565814E-06,0.2254291,0,-0.0001526941,-0.001071095,0.4385772,0.7671584,0.4538876,0.4532703,1,0.5,1,0,0.5,-0.225496,0,0,0,0.6732774,0.6136975,0.7892422,-0.02173057,0,0,0,0,0.5,0.225496,0,0,0,0.7477887,0.5770507,0.7421129,0.3410001,0,0,1
30,0,5.795138E-05,-0.2255018,0,0.0004033594,-0.0001007318,0.2662112,0.8304768,0.5560581,-0.03328299,1,0.5,0,0,-0.4998544,0.2253686,0,0.001525581,-0.0009343028,0.2689583,0.8275099,-0.09604469,0.5531752,1,1,1,0,-0.4999663,-0.2256318,0,-0.0007471442,-0.0001439452,0.1411177,0.9925176,-0.1153709,-0.03997989,1,1,0,0,3.02299E-05,0.2255406,0,0.0002166408,0.001115054,0.3760653,0.7263392,0.4862996,0.4857408,1,0.5,1,0,0.5,-0.225496,0,0,0,0.6238461,0.5661991,0.8239563,-0.02268637,0,0,0,0,0.5,0.225496,0,0,0,0.701427,0.5296373,0.7707501,0.3541588,0,0,1
31,0,1.401169E-05,-0.2254689,0,-0.0004393969,0.0003290176,0.2035778,0.7950241,0.6054967,-0.03619913,1,0.5,0,0,-0.5000346,0.2255168,0,-0.001802146,0.001481771,0.2067041,0.7915071,-0.1047604,0.6021145,1,1,1,0,-0.49999,-0.2254195,0,-0.0002372265,0.002123564,0.06480592,0.9903601,-0.1310008,-0.04500565,1,1,0,0,2.47979E-05,0.2255713,0,-5.431993E-05,0.0003072619,0.3218839,0.6805843,0.5183516,0.5177999,1,0.5,1,0,0.5,-0.225496,0,0,0,0.5821327,0.5169064,0.8557176,-0.02356087,0,0,0,0,0.5,0.225496,0,0,0,0.6625007,0.4811707,0.7965586,0.3660178,0,0,1
32,0,-5.019474E-05,-0.2254778,0,-0.0006420643,-8.925796E-05,0.1419321,0.7470843,0.6635435,-0.03968929,1,0.5,0,0,-0.4999382,0.2257334,0,0.0009641051,0.002166182,0.1455309,0.7429193,-0.1145385,0.6595089,1,1,1,0,-0.500045,-0.2253457,0,-0.0005498528,0.0007377565,-0.01407871,0.9869446,-0.1523806,-0.05216006,1,1,0,0,6.812515E-05,0.2255081,0,0.0004332725,-0.0006325543,0.2697958,0.6229929,0.553482,0.5527545,1,0.5,1,0,0.5,-0.225496,0,0,0,0.5431302,0.4597484,0.8877128,-0.02444181,0,0,0,0,0.5,0.225496,0,0,0,0.6262847,0.4258047,0.8221722,0.3777872,0,0,1
33,0,8.851086E-05,-0.2254995,0,0.001387056,-0.0002169609,0.08238596,0.6802991,0.7316257,-0.04378458,1,0.5,0,0,-0.5000524,0.2254013,0,-0.001142323,-0.003321171,0.08602196,0.6760781,-0.1263645,0.7259135,1,1,1,0,-0.4999771,-0.2256777,0,0.000679493,-0.003319681,-0.09613898,0.9810222,-0.1831745,-0.06358042,1,1,0,0,-4.473659E-05,0.225483,0,-0.001128617,-0.0002512336,0.2207257,0.549719,0.5910089,0.5903536,1,0.5,1,0,0.5,-0.225496,0,0,0,0.5075207,0.3932392,0.9190878,-0.02530568,0,0,0,0,0.5,0.225496,0,0,0,0.5933868,0.3623573,0.8469098,0.3891541,0,0,1
34,0,-3.166668E-05,-0.2253859,0,-0.001201775,0.001136661,0.03327346,0.5997366,0.7987803,-0.04760383,1,0.5,0,0,-0.4999251,0.225602,0,0.001272857,0.002007633,0.03748411,0.5950383,-0.1375391,0.7918411,1,1,1,0,-0.5001157,-0.2253815,0,-0.001386404,0.002961308,-0.1707212,0.9712853,-0.2250849,-0.07708216,1,1,0,0,0.0001481111,0.225637,0,0.001928477,0.001540482,0.1819503,0.4689837,0.6248961,0.6241466,1,0.5,1,0,0.5,-0.225496,0,0,0,0.4800068,0.3263484,0.9448915,-0.02601614,0,0,0,0,0.5,0.225496,0,0,0,0.5680871,0.2994359,0.8669705,0.398372,0,0,1
35,0,6.637178E-05,-0.2255503,0,0.0009803846,-0.001644641,-0.007918894,0.4976093,0.8658458,-0.05192299,1,0.5,0,0,-0.4999401,0.2253295,0,-0.0001496077,-0.00272572,-0.003682822,0.4933622,-0.1489775,0.8569711,1,1,1,0,-0.4999969,-0.2256741,0,0.001187623,-0.002925545,-0.2429141,0.9524605,-0.2878296,-0.09986576,1,1,0,0,5.759873E-05,0.2254335,0,-0.000905124,-0.002035052,0.1499825,0.3767242,0.6554909,0.6545308,1,0.5,1,0,0.5,-0.225496,0,0,0,0.4581673,0.2555547,0.9664283,-0.02660912,0,0,0,0,0.5,0.225496,0,0,0,0.5480846,0.2336301,0.8835164,0.4059748,0,0,1
36,-1.299721E-06,5.895989E-05,-0.2255491,-1.299721E-05,-7.411887E-05,1.177192E-05,-0.04344675,0.3549536,0.9332076,-0.05596093,1,0.5,0,9.997045E-07,-0.499923,0.2253319,9.997045E-06,0.0001707673,2.44379E-05,-0.03887692,0.3514409,-0.1603108,0.9223827,1,1,1,0.006771922,-0.4999485,-0.2256192,0.06771922,0.0004842877,0.0005492568,-0.3139146,0.9072634,-0.3973902,-0.1376742,1,1,0,1.290095E-06,-7.386803E-06,0.2254064,1.290095E-05,-0.0006498553,-0.0002714992,0.1234605,0.2599328,0.6832712,0.6823308,1,0.5,1,0,0.5,-0.225496,0,0,0,0.4404193,0.1723237,0.9846672,-0.0271113,0,0,0,0,0.5,0.225496,0,0,0,0.5318843,0.1570491,0.8973874,0.4123485,0,0,1
37,0.01433017,-0.0003173527,-0.2250776,0.1433147,-0.003763126,0.00471577,-0.0636996,0.2116031,0.9756641,-0.05747775,1,0.5,0,0.01198101,-0.49986,0.2247859,0.1198001,0.000629425,-0.005460382,-0.059553,0.2042774,-0.1676934,0.9644427,1,1,1,0.09091744,-0.4944709,-0.2191823,0.8414552,0.05477607,0.06436825,-0.3167331,0.9216603,-0.373613,-0.1046688,1,1,0,-0.00738277,-0.0001376264,0.2254084,-0.0738406,-0.001302396,2.041459E-05,0.1060666,0.1165047,0.7026659,0.7019169,1,0.5,1,0,0.5,-0.225496,0,0,0,0.4296283,0.08389629,0.996097,-0.02742601,0,0,0,0,0.5,0.225496,0,0,0,0.5220596,0.07630902,0.9060137,0.4163123,0,0,1
38,0.06485762,0.003906181,-0.2230497,0.5052745,0.04223534,0.02027914,-0.06457442,0.1496288,0.9873241,-0.05293592,1,0.5,0,0.08782371,-0.4923877,0.2306765,0.758427,0.07472336,0.05890608,-0.05541658,0.1982042,-0.1493257,0.9687192,1,1,1,0.1863246,-0.4809038,-0.2092415,0.9540714,0.1356709,0.09940863,-0.3052526,0.9582627,-0.2819232,-0.04745358,1,1,0,0.0006193272,-0.0002014665,0.2233509,0.08002096,-0.0006384015,-0.02057493,0.1004425,0.001522087,0.7091412,0.7050649,1,0.5,1,0,0.5,-0.225496,0,0,0,0.426351,0.0003180202,0.9996212,-0.02752304,0,0,0,0,0.5,0.225496,0,0,0,0.5190794,0.0002890828,0.9086632,0.4175297,0,0,1
39,0.08406799,0.006627103,-0.2254078,0.1921037,0.02720922,-0.02358124,-0.06643099,0.0301009,0.9978276,-0.05860146,1,0.5,0,0.2015475,-0.4776012,0.2253446,1.137238,0.1478651,-0.05331933,-0.05209506,0.2914242,-0.1152057,0.9496313,1,1,1,0.2756122,-0.4551043,-0.2189282,0.8928765,0.2579954,-0.09686694,-0.2924802,0.9859061,-0.1402481,-0.09121132,1,1,0,0.06710741,0.003944535,0.2253501,0.6648808,0.04146002,0.01999199,0.104806,-0.006464485,0.7108801,0.7032835,1,0.5,1,0,0.5,-0.225496,0,0,0,0.4290692,-0.07643905,0.9966965,-0.02744251,0,0,0,0,0.5,0.225496,0,0,0,0.5215509,-0.06951898,0.9064649,0.4165196,0,0,1
40,0.1434213,0.02086478,-0.225146,0.5935327,0.1423767,0.002618134,-0.05234769,-0.01897203,0.9982408,-0.05617298,1,0.5,0,0.3287121,-0.439499,0.2299154,1.271646,0.3810221,0.04570857,-0.03495482,0.3801738,-0.02902727,0.9244595,1,1,1,0.3528182,-0.4332683,-0.2203211,0.7720593,0.2183595,-0.0139299,-0.2979401,0.9942795,-0.03597106,-0.1005699,1,1,0,0.1179706,0.01402777,0.2250692,0.5086321,0.1008324,-0.002809465,0.1127482,-0.05539554,0.7181217,0.6937093,1,0.5,1,0,0.5,-0.225496,0,0,0,0.4387246,-0.1618304,0.9864448,-0.02716024,0,0,0,0,0.5,0.225496,0,0,0,0.5303401,-0.1474408,0.8987324,0.4129665,0,0,1
41,0.1903192,0.03746112,-0.2251592,0.4689793,0.1659635,-0.0001318753,-0.03309664,-0.1085677,0.9926276,-0.05388514,1,0.5,0,0.4172325,-0.4049597,0.2288259,0.8852035,0.3453931,-0.01089558,-0.03590009,0.3797085,0.04533575,0.9239947,1,1,1,0.4350282,-0.3985305,-0.221711,0.8221,0.3473786,-0.01389876,-0.3028476,0.9841034,0.1393315,-0.110123,1,1,0,0.1694684,0.02943894,0.2252687,0.5149776,0.1541117,0.001995564,0.1272131,-0.1140624,0.7261311,0.6780291,1,0.5,1,0,0.5,-0.225496,0,0,0,0.4571895,-0.251789,0.9674156,-0.0266363,0,0,0,0,0.5,0.225496,0,0,0,0.5471908,-0.2301489,0.8842705,0.4063213,0,0,1
42,0.2117064,0.04665496,-0.2256173,0.2138725,0.09193834,-0.004581511,-0.015928,-0.2093177,0.9764146,-0.05292043,1,0.5,0,0.4602377,-0.3866706,0.2247539,0.4300526,0.1828912,-0.04071936,-0.04874352,0.3262146,0.0871554,0.9412693,1,1,1,0.5028269,-0.3598901,-0.2234703,0.677987,0.3864035,-0.01759276,-0.2976544,0.9379774,0.3267178,-0.1159912,1,1,0,0.2075725,0.04468727,0.2253266,0.3810418,0.1524832,0.0005784631,0.1430947,-0.1639863,0.7319098,0.6613747,1,0.5,1,0,0.5,-0.225496,0,0,0,0.4778112,-0.3201347,0.9470131,-0.02607455,0,0,0,0,0.5,0.225496,0,0,0,0.5660729,-0.2936303,0.8686085,0.3991247,0,0,1
43,0.2336608,0.05732216,-0.2250262,0.2195439,0.106672,0.005910844,0.0118143,-0.3253426,0.9443311,-0.04889707,1,0.5,0,0.4784471,-0.3747549,0.2270424,0.1820937,0.1191562,0.0228852,-0.06282991,0.1790408,0.11722,0.9768336,1,1,1,0.5652601,-0.3169301,-0.2117829,0.6243318,0.4295996,0.1168735,-0.3017883,0.8328683,0.5502696,-0.05944627,1,1,0,0.2019449,0.04192803,0.2246956,-0.05627617,-0.02759241,-0.006310046,0.1622828,-0.2993146,0.7065381,0.6412601,1,0.5,1,0,0.5,-0.225496,0,0,0,0.5090921,-0.3965702,0.9176566,-0.02526627,0,0,0,0,0.5,0.225496,0,0,0,0.5948349,-0.3655125,0.8457896,0.3886394,0,0,1
44,0.2382158,0.05951827,-0.2233072,0.04554942,0.02196107,0.01719028,0.04273868,-0.4448578,0.894571,-0.04294367,1,0.5,0,0.4925476,-0.3573802,0.2367402,0.1410049,0.1737472,0.0969778,-0.05771405,0.02914467,0.155148,0.9874612,1,1,1,0.6079159,-0.2757487,-0.1916704,0.4265583,0.4118147,0.201125,-0.3022752,0.648672,0.7599013,0.04212701,1,1,0,0.1800701,0.03291842,0.2232358,-0.2187482,-0.09009611,-0.01459718,0.1924501,-0.4326481,0.6627458,0.6112149,1,0.5,1,0,0.5,-0.225496,0,0,0,0.5431669,-0.4598088,0.8876815,-0.02444095,0,0,0,0,0.5,0.225496,0,0,0,0.6263188,-0.4258628,0.8221473,0.3777758,0,0,1
45,0.2267494,0.05377208,-0.223342,-0.1146635,-0.05746186,-0.0003480911,0.08655083,-0.5739044,0.8179548,-0.03979535,1,0.5,0,0.5352058,-0.3108077,0.2484814,0.4265824,0.4657248,0.1174115,-0.03610536,-0.06071996,0.2483156,0.9667742,1,1,1,0.6384708,-0.2273286,-0.1826197,0.3055495,0.484201,0.09050772,-0.286899,0.3524025,0.9322878,0.08155911,1,1,0,0.1692224,0.02891847,0.2233981,-0.1084769,-0.03999945,0.001622289,0.2359157,-0.5355927,0.6181666,0.575335,1,0.5,1,0,0.5,-0.225496,0,0,0,0.5842121,-0.5196156,0.8540764,-0.02351569,0,0,0,0,0.5,0.225496,0,0,0,0.6644366,-0.4838164,0.7952344,0.3654093,0,0,1
46,0.2120961,0.04686991,-0.2242611,-0.1465337,-0.06902177,-0.009190738,0.1370875,-0.6690546,0.742237,-0.03808123,1,0.5,0,0.5851327,-0.2462537,0.2522629,0.4992682,0.6455404,0.03781587,-0.01042697,-0.1086859,0.3671491,0.9237906,1,1,1,0.6540048,-0.1843092,-0.1891809,0.1553398,0.430194,-0.06561205,-0.2575607,0.06460376,0.9969127,0.04462611,1,1,0,0.1685838,0.02902098,0.2243183,-0.00638634,0.001025088,0.009201914,0.2795916,-0.60257,0.5836658,0.5442827,1,0.5,1,0,0.5,-0.225496,0,0,0,0.624992,-0.5674194,0.823117,-0.02266326,0,0,0,0,0.5,0.225496,0,0,0,0.7024989,-0.5308465,0.770063,0.3538431,0,0,1
47,0.1823964,0.03416101,-0.2255069,-0.2969968,-0.1270889,-0.01245797,0.2083353,-0.7593911,0.6496372,-0.03600959,1,0.5,0,0.601182,-0.2248712,0.2324508,0.1604933,0.2138245,-0.1981212,-0.008415252,-0.2423141,0.4091436,0.8797076,1,1,1,0.6356262,-0.1765647,-0.2146045,-0.1837862,0.07744461,-0.254236,-0.2361802,-0.3209528,0.9454759,-0.05535778,1,1,0,0.1709511,0.02982223,0.2253904,0.02367288,0.008012541,0.01072153,0.3309724,-0.6610916,0.5485408,0.5119188,1,0.5,1,0,0.5,-0.225496,0,0,0,0.6734385,-0.6138369,0.7891338,-0.02172759,0,0,0,0,0.5,0.225496,0,0,0,0.7479402,-0.5771911,0.7420228,0.3409586,0,0,1
48,0.1490663,0.02249007,-0.2254121,-0.333301,-0.1167094,0.0009472668,0.2937006,-0.8244269,0.565062,-0.03201729,1,0.5,0,0.5792449,-0.2525863,0.2123964,-0.2193707,-0.2771506,-0.2005447,0.0003948808,-0.4479853,0.3465537,0.8241419,1,1,1,0.5865372,-0.2192188,-0.2374256,-0.4908895,-0.4265413,-0.228211,-0.1980152,-0.7181726,0.6847402,-0.123932,1,1,0,0.1655771,0.0278925,0.2253633,-0.0537397,-0.01929734,-0.0002709031,0.3909483,-0.7159084,0.5094488,0.4774276,1,0.5,1,0,0.5,-0.225496,0,0,0,0.7262141,-0.6551992,0.7551699,-0.02079245,0,0,0,0,0.5,0.225496,0,0,0,0.7976893,-0.6191115,0.713576,0.3278874,0,0,1
49,0.1246086,0.01576042,-0.2247203,-0.2445772,-0.06729649,0.006918609,0.372945,-0.8620347,0.5060576,-0.02831826,1,0.5,0,0.513245,-0.3290517,0.2037838,-0.6599987,-0.764654,-0.08612543,0.05212629,-0.6590382,0.1755908,0.7313251,1,1,1,0.4793706,-0.3360531,-0.2459153,-1.071667,-1.168342,-0.08489758,-0.08963284,-0.9692463,0.2191865,-0.1118884,1,1,0,0.1628888,0.02720628,0.2245471,-0.02688363,-0.006862208,-0.008161962,0.4464453,-0.7546433,0.478851,0.4485702,1,0.5,1,0,0.5,-0.225496,0,0,0,0.7757198,-0.6875471,0.7258648,-0.01998557,0,0,0,0,0.5,0.225496,0,0,0,0.844566,-0.6523424,0.6886981,0.316456,0,0,1
50,0.1297645,0.0166571,-0.2247654,0.05155928,0.008966792,-0.0004512072,0.441,-0.8820547,0.4704114,-0.02631818,1,0.5,0,0.378263,-0.4242883,0.2175449,-1.34982,-0.9523663,0.137611,0.2158955,-0.8122903,0.002390945,0.5832484,1,1,1,0.2924511,-0.4562059,-0.2240852,-1.869195,-1.201529,0.2183014,0.1684442,-0.9983284,-0.04518842,-0.03603172,1,1,0,0.1620287,0.02654882,0.2250009,-0.008600801,-0.006574597,0.004538,0.5108562,-0.7891818,0.4476887,0.4204366,1,0.5,1,0,0.5,-0.225496,0,0,0,0.8339039,-0.7195256,0.6942029,-0.01911381,0,0,0,0,0.5,0.225496,0,0,0,0.8998916,-0.6856087,0.6614798,0.3039492,0,0,1
51,0.1121097,0.012477,-0.2244857,-0.1765477,-0.04180104,0.002797395,0.5288174,-0.9043182,0.4261951,-0.02379981,1,0.5,0,0.1522847,-0.476981,0.2356503,-2.259784,-0.5269262,0.1810537,0.4923972,-0.8970232,-0.05137152,0.4389878,1,1,1,0.07383774,-0.485858,-0.2084196,-2.186134,-0.2965203,0.1566561,0.4705344,-0.9980586,-0.06167526,-0.008675208,1,1,0,0.1506804,0.02294828,0.2247481,-0.1134828,-0.03600536,-0.002528429,0.5850282,-0.8219211,0.4137665,0.3914627,1,0.5,1,0,0.5,-0.225496,0,0,0,0.8945993,-0.7475179,0.66399,-0.01828195,0,0,0,0,0.5,0.225496,0,0,0,0.9578422,-0.7150897,0.6351853,0.291867,0,0,1
52,0.03864509,0.001345817,-0.2248424,-0.7346463,-0.1113118,-0.003567189,0.6636006,-0.9298726,0.3672616,-0.02134958,1,0.5,0,-0.09255036,-0.4675139,0.2402802,-2.44835,0.09467006,0.04629955,0.7912838,-0.9395267,-0.03214936,0.3409632,1,1,1,-0.1242497,-0.471165,-0.2095528,-1.980874,0.1469296,-0.01133248,0.7457507,-0.9993131,-0.03625525,-0.007668337,1,1,0,0.07040211,0.004853289,0.2250379,-0.8027828,-0.1809499,0.002897829,0.7121478,-0.8664315,0.3554462,0.3506485,1,0.5,1,0,0.5,-0.225496,0,0,0,0.9539504,-0.7707589,0.6368855,-0.01753567,0,0,0,0,0.5,0.225496,0,0,0,1.014717,-0.7398379,0.6113352,0.2809078,0,0,1
53,-0.07925368,0.006159793,-0.2254937,-1.178988,0.04813976,-0.006513596,0.8491573,-0.9471215,0.3203183,-0.01889605,1,0.5,0,-0.3007329,-0.4410701,0.2264415,-2.081825,0.2644384,-0.1383874,1.058835,-0.9618052,-0.009667549,0.2735643,1,1,1,-0.287752,-0.4484067,-0.2243523,-1.635023,0.2275831,-0.1479943,0.9866827,-0.9997522,-0.01507161,-0.01638027,1,1,0,-0.07612117,0.005684576,0.225448,-1.465233,0.008312874,0.004100949,0.9114444,-0.9031057,0.305846,0.3014274,1,0.5,1,0,0.5,-0.225496,0,0,0,1.014819,-0.7912246,0.611294,-0.01683104,0,0,0,0,0.5,0.225496,0,0,0,1.073237,-0.7618447,0.5885954,0.2704589,0,0,1
54,-0.1997444,0.04167037,-0.2246406,-1.204907,0.3551058,0.008531064,1.051577,-0.9533604,0.3014161,-0.01588102,1,0.5,0,-0.4515555,-0.3920583,0.2246191,-1.508226,0.4901177,-0.01822367,1.282665,-0.9710311,0.01903983,0.2381934,1,1,1,-0.4021412,-0.4156544,-0.223057,-1.143891,0.3275231,0.01295239,1.181799,-0.9998871,0.006151512,-0.01370974,1,1,0,-0.2357903,0.05900918,0.2245919,-1.596691,0.533246,-0.00856027,1.14667,-0.9201958,0.2945395,0.2578489,1,0.5,1,0,0.5,-0.225496,0,0,0,1.079609,-0.8099904,0.586221,-0.0161407,0,0,0,0,0.5,0.225496,0,0,0,1.135714,-0.7822075,0.5661135,0.2601285,0,0,1
55,-0.2912783,0.09319597,-0.2248051,-0.9153391,0.5152559,-0.00164479,1.231555,-0.9538807,0.2998438,-0.01432534,1,0.5,0,-0.5477283,-0.3300268,0.2304279,-0.9617278,0.6203154,0.05808771,1.458444,-0.9743177,0.04900482,0.2197806,1,1,1,-0.4709612,-0.3732344,-0.2118738,-0.6882009,0.4241997,0.1118319,1.332178,-0.9995642,0.02879937,-0.006480725,1,1,0,-0.3191362,0.1147425,0.2248581,-0.8334592,0.5573331,0.002661347,1.314886,-0.9254326,0.2979485,0.2340963,1,0.5,1,0,0.5,-0.225496,0,0,0,1.145863,-0.8265685,0.5626228,-0.01549096,0,0,0,0,0.5,0.225496,0,0,0,1.199783,-0.8003484,0.5447755,0.2503238,0,0,1
56,-0.3148676,0.111247,-0.2251226,-0.2358931,0.1805108,-0.003174841,1.337847,-0.9562216,0.2923241,-0.01366958,1,0.5,0,-0.5862378,-0.3026105,0.2305883,-0.3850955,0.2741635,0.001604259,1.577618,-0.9764835,0.05938991,0.207251,1,1,1,-0.5270858,-0.3412935,-0.2148324,-0.561246,0.3194091,-0.02958506,1.471484,-0.9990482,0.04296585,-0.007523444,1,1,0,-0.3381186,0.1313323,0.2249181,-0.1898238,0.1658982,0.0006005168,1.413597,-0.9305199,0.2912485,0.222052,1,0.5,1,0,0.5,-0.225496,0,0,0,1.21435,-0.8414395,0.5401465,-0.01487211,0,0,0,0,0.5,0.225496,0,0,0,1.26618,-0.8167467,0.5242954,0.2409132,0,0,1
57,-0.2765035,0.08339848,-0.2252338,0.3836411,-0.2784857,-0.001111776,1.367356,-0.9619783,0.2727913,-0.01351311,1,0.5,0,-0.5768038,-0.316757,0.2253042,0.09434044,-0.1414651,-0.05284086,1.642145,-0.9787648,0.05099704,0.1985413,1,1,1,-0.5586453,-0.329451,-0.2251615,-0.3155947,0.1184255,-0.1032919,1.580891,-0.9988499,0.04639794,-0.01209171,1,1,0,-0.2968626,0.09762043,0.225071,0.4125598,-0.3371188,0.001528412,1.437864,-0.9374832,0.270205,0.2193503,1,0.5,1,0,0.5,-0.225496,0,0,0,1.279909,-0.8538931,0.5202513,-0.01432432,0,0,0,0,0.5,0.225496,0,0,0,1.329883,-0.8305732,0.5060431,0.2325263,0,0,1
58,-0.19509,0.03945143,-0.2255363,0.8141352,-0.4394704,-0.003025532,1.357414,-0.9679953,0.2505911,-0.01374832,1,0.5,0,-0.5115382,-0.3485408,0.2243021,0.652656,-0.3178388,-0.01002103,1.657959,-0.9798221,0.03589463,0.1966219,1,1,1,-0.5316715,-0.3304521,-0.2258568,0.2697378,-0.0100112,-0.006952286,1.636843,-0.9989265,0.04471451,-0.01210045,1,1,0,-0.1973498,0.04047863,0.225504,0.995128,-0.5714179,0.00432983,1.407741,-0.9436437,0.2445188,0.2230407,1,0.5,1,0,0.5,-0.225496,0,0,0,1.351309,-0.8658081,0.5001866,-0.01377187,0,0,0,0,0.5,0.225496,0,0,0,1.399405,-0.8438842,0.487521,0.2240154,0,0,1
59,-0.09799074,0.009448014,-0.2253727,0.9709924,-0.3000342,0.001636446,1.334762,-0.9713301,0.2373322,-0.01382887,1,0.5,0,-0.3830445,-0.3924049,0.2324721,1.284937,-0.4386401,0.08169949,1.612234,-0.9786858,0.01590503,0.2047463,1,1,1,-0.4365292,-0.3583913,-0.2140276,0.9514236,-0.2793917,0.118292,1.621822,-0.9994703,0.03186353,-0.006611095,1,1,0,-0.08119779,0.006292555,0.2253796,1.16152,-0.3418608,-0.001243353,1.36664,-0.9457457,0.2315886,0.2278852,1,0.5,1,0,0.5,-0.225496,0,0,0,1.422121,-0.8762031,0.4817594,-0.01326451,0,0,0,0,0.5,0.225496,0,0,0,1.468489,-0.8555644,0.4704117,0.2161537,0,0,1
60,-0.02417228,0.0004767564,-0.2247106,0.7381846,-0.08971258,0.006621033,1.334184,-0.9724994,0.2325158,-0.01347225,1,0.5,0,-0.2075425,-0.4471571,0.2433838,1.75502,-0.5475226,0.109117,1.516574,-0.9754727,-0.01049161,0.2198698,1,1,1,-0.2763534,-0.430779,-0.2021235,1.601758,-0.7238775,0.1190408,1.535931,-0.9999967,-0.002347335,-0.001043007,1,1,0,0.01548839,3.339085E-05,0.2246741,0.9668618,-0.06259164,-0.007055402,1.344905,-0.9453506,0.2309242,0.2301875,1,0.5,1,0,0.5,-0.225496,0,0,0,1.488521,-0.8848641,0.4656728,-0.01282159,0,0,0,0,0.5,0.225496,0,0,0,1.533375,-0.8653451,0.4554006,0.2092561,0,0,1
61,0.01405243,0.000108562,-0.2244213,0.382247,-0.003681944,0.002892613,1.376266,-0.9737834,0.2271045,-0.01301591,1,0.5,0,0.008231799,-0.494724,0.2320866,2.157743,-0.4756686,-0.1129718,1.384393,-0.9726729,-0.03647009,0.2292975,1,1,1,-0.05803709,-0.4945779,-0.214079,2.183163,-0.6379884,-0.1195547,1.400456,-0.9993213,-0.03608494,-0.0074082,1,1,0,0.05621836,0.002995429,0.224574,0.4072997,0.02962038,-0.001001209,1.3842,-0.9473047,0.2276805,0.2253339,1,0.5,1,0,0.5,-0.225496,0,0,0,1.561039,-0.8933014,0.4492879,-0.01237045,0,0,0,0,0.5,0.225496,0,0,0,1.604348,-0.8749169,0.4400413,0.2021985,0,0,1
62,0.04119308,0.00120548,-0.225389,0.2714065,0.01096918,-0.009676814,1.427124,-0.9750304,0.2216803,-0.01317455,1,0.5,0,0.2286444,-0.4632533,0.2234186,2.204125,0.3147066,-0.0866802,1.24414,-0.9698496,-0.02135913,0.2427664,1,1,1,0.1828801,-0.4782411,-0.2250268,2.409172,0.1633677,-0.1094781,1.238283,-0.9994446,-0.03005327,-0.01439741,1,1,0,0.04486301,0.001706006,0.225563,-0.1135535,-0.01289423,0.009890944,1.470004,-0.9519445,0.2171092,0.2160214,1,0.5,1,0,0.5,-0.225496,0,0,0,1.631968,-0.9006693,0.4343406,-0.0119589,0,0,0,0,0.5,0.225496,0,0,0,1.673863,-0.8833111,0.4259697,0.1957326,0,0,1
63,0.08172495,0.00662815,-0.2254331,0.4053186,0.0542267,-0.0004404783,1.469523,-0.9754907,0.2196614,-0.0129133,1,0.5,0,0.3890737,-0.3802072,0.2317028,1.604293,0.8304608,0.08284241,1.171271,-0.9656739,0.02739996,0.2583081,1,1,1,0.3845865,-0.3913084,-0.2191196,2.017064,0.8693266,0.05907133,1.118875,-0.9997006,0.02142944,-0.01181045,1,1,0,0.07040875,0.004904209,0.2254064,0.2554574,0.03198202,-0.001566559,1.525208,-0.9542564,0.2127703,0.2100557,1,0.5,1,0,0.5,-0.225496,0,0,0,1.706817,-0.9076315,0.4196089,-0.01155329,0,0,0,0,0.5,0.225496,0,0,0,1.747318,-0.8912742,0.4120468,0.189335,0,0,1
64,0.1503838,0.02319907,-0.2251799,0.6865882,0.1657092,0.002531558,1.328931,-0.9692716,0.2456074,-0.01376754,1,0.5,0,0.4930297,-0.3250019,0.2383247,1.03956,0.5520535,0.06621838,0.9991574,-0.953926,0.06736991,0.2923807,1,1,1,0.5221658,-0.311015,-0.2115533,1.375793,0.8029345,0.07566348,0.9057076,-0.996615,0.08179867,-0.008218842,1,1,0,0.1282129,0.01678388,0.225232,0.578041,0.1187967,-0.001743883,1.396985,-0.9461866,0.2334145,0.224162,1,0.5,1,0,0.5,-0.225496,0,0,0,1.634595,-0.9009272,0.4338059,-0.01194418,0,0,0,0,0.5,0.225496,0,0,0,1.676441,-0.8836055,0.4254653,0.1955008,0,0,1
65,0.2236769,0.05241215,-0.2249441,0.7329313,0.2921307,0.002357513,1.192609,-0.9591106,0.2826478,-0.0147371,1,0.5,0,0.5453111,-0.3172505,0.2360039,0.5228141,0.07751375,-0.02320811,0.877141,-0.9452661,0.07896757,0.3166007,1,1,1,0.6012159,-0.2749296,-0.2094704,0.7905012,0.3608537,0.02082899,0.7550215,-0.9927,0.1203727,-0.007545997,1,1,0,0.1947828,0.03923667,0.2249896,0.6656991,0.2245279,-0.00242427,1.26837,-0.9343592,0.2630878,0.2403284,1,0.5,1,0,0.5,-0.225496,0,0,0,1.566353,-0.893882,0.4481325,-0.01233864,0,0,0,0,0.5,0.225496,0,0,0,1.609553,-0.875577,0.4389556,0.2016996,0,0,1
66,0.2793884,0.08484498,-0.2248738,0.5571152,0.3243283,0.0007030368,1.072024,-0.9455953,0.3249601,-0.01582281,1,0.5,0,0.5445777,-0.3373992,0.2263465,-0.007334352,-0.2014863,-0.09657398,0.7966175,-0.9419192,0.06833229,0.3288144,1,1,1,0.6121319,-0.2881777,-0.216845,0.1091599,-0.1324809,-0.07374585,0.6620795,-0.9928364,0.1185997,-0.01449554,1,1,0,0.249168,0.06613372,0.2247583,0.5438526,0.2689705,-0.002312958,1.150167,-0.9191304,0.2982327,0.2574032,1,0.5,1,0,0.5,-0.225496,0,0,0,1.494112,-0.8855505,0.4643672,-0.01278564,0,0,0,0,0.5,0.225496,0,0,0,1.538842,-0.8661222,0.4541793,0.2086949,0,0,1
67,0.295438,0.09644364,-0.2250958,0.1604959,0.1159866,-0.00221923,0.9837258,-0.9358035,0.352116,-0.01691402,1,0.5,0,0.4983434,-0.3657817,0.220272,-0.4623428,-0.2838257,-0.06074429,0.7592983,-0.9414532,0.04781891,0.3337351,1,1,1,0.547132,-0.335599,-0.2270863,-0.6499988,-0.4742134,-0.1024133,0.6406922,-0.9965719,0.07925097,-0.0237455,1,1,0,0.2702102,0.07918447,0.2248653,0.2104215,0.1305075,0.001069754,1.060218,-0.9060938,0.323791,0.2723115,1,0.5,1,0,0.5,-0.225496,0,0,0,1.421898,-0.8761723,0.4818154,-0.01326605,0,0,0,0,0.5,0.225496,0,0,0,1.46827,-0.8555297,0.4704638,0.2161776,0,0,1
68,0.2533002,0.0688383,-0.225371,-0.4213777,-0.2760534,-0.002752393,0.9374647,-0.9387144,0.3442438,-0.01764982,1,0.5,0,0.4122636,-0.4069517,0.2236135,-0.8607978,-0.4116997,0.03341466,0.7636757,-0.9420181,0.01507373,0.3352233,1,1,1,0.4291274,-0.3991842,-0.2270024,-1.180046,-0.6358516,0.0008386374,0.6741585,-0.9994746,0.02283832,-0.02299727,1,1,0,0.2454942,0.06443249,0.2254448,-0.2471593,-0.1475197,0.005795211,1.004477,-0.9020908,0.3259821,0.2827859,1,0.5,1,0,0.5,-0.225496,0,0,0,1.351128,-0.8657798,0.5002356,-0.01377322,0,0,0,0,0.5,0.225496,0,0,0,1.399229,-0.8438525,0.4875663,0.2240362,0,0,1
69,0.1478215,0.0222751,-0.225402,-1.054787,-0.465632,-0.0003094971,0.9471233,-0.9506496,0.3097698,-0.01755341,1,0.5,0,0.2934369,-0.4553365,0.2263487,-1.188267,-0.4838476,0.02735183,0.8022134,-0.9446161,-0.02252815,0.3274031,1,1,1,0.2744941,-0.4613923,-0.224226,-1.546334,-0.6220809,0.02776399,0.7497708,-0.999411,-0.02831902,-0.01938439,1,1,0,0.1645887,0.02775644,0.2252342,-0.8090559,-0.3667605,-0.002105683,0.9944688,-0.9093131,0.3036239,0.2845387,1,0.5,1,0,0.5,-0.225496,0,0,0,1.28305,-0.8544511,0.519335,-0.01429909,0,0,0,0,0.5,0.225496,0,0,0,1.332938,-0.8311948,0.5051998,0.2321388,0,0,1
70,0.00791754,-0.0001861598,-0.2250468,-1.39904,-0.2246126,0.003551543,0.9981366,-0.9586106,0.284229,-0.01671863,1,0.5,0,0.1437575,-0.487449,0.2187809,-1.496794,-0.3211254,-0.07567763,0.8674453,-0.9508898,-0.04493707,0.3062506,1,1,1,0.08660293,-0.4938493,-0.2284461,-1.878911,-0.3245705,-0.04220054,0.8594365,-0.9985345,-0.0499099,-0.02092491,1,1,0,0.03908506,0.001417216,0.2249544,-1.255036,-0.2633923,-0.002798289,1.028787,-0.9190044,0.2795793,0.2779683,1,0.5,1,0,0.5,-0.225496,0,0,0,1.215634,-0.8416991,0.5397423,-0.01486098,0,0,0,0,0.5,0.225496,0,0,0,1.267426,-0.817034,0.5239257,0.2407433,0,0,1
71,-0.1104132,0.01185024,-0.2251648,-1.183308,0.120364,-0.001179874,1.036916,-0.9584207,0.2848888,-0.01637356,1,0.5,0,-0.03661418,-0.4907306,0.2151179,-1.803717,-0.03281564,-0.03662974,0.960928,-0.9577565,-0.04430784,0.2841468,1,1,1,-0.1166223,-0.4881108,-0.2287549,-2.032253,0.05738497,-0.003088266,0.980804,-0.9989312,-0.041944,-0.01941845,1,1,0,-0.08458531,0.00686962,0.2250819,-1.236704,0.05452405,0.00127539,1.069208,-0.9222388,0.2758523,0.2708895,1,0.5,1,0,0.5,-0.225496,0,0,0,1.147666,-0.8269876,0.5620072,-0.01547401,0,0,0,0,0.5,0.225496,0,0,0,1.201528,-0.8008088,0.5442166,0.2500669,0,0,1
72,-0.1858336,0.03566327,-0.2248364,-0.7542043,0.2381303,0.003284067,1.038694,-0.9537914,0.3000358,-0.0161412,1,0.5,0,-0.242781,-0.4679907,0.2181278,-2.061668,0.2273989,0.03009811,1.081397,-0.9640464,-0.02655289,0.264404,1,1,1,-0.3002076,-0.4510696,-0.2288872,-1.835853,0.3704125,-0.001323223,1.082429,-0.9997079,-0.01584247,-0.018255,1,1,0,-0.1532458,0.02398892,0.2248476,-0.6866047,0.171193,-0.002343357,1.062762,-0.9182492,0.2879446,0.2718568,1,0.5,1,0,0.5,-0.225496,0,0,0,1.081466,-0.8104884,0.5855328,-0.01612175,0,0,0,0,0.5,0.225496,0,0,0,1.137507,-0.7827504,0.5654936,0.2598437,0,0,1
73,-0.2033852,0.04314584,-0.2251892,-0.1755154,0.0748257,-0.003528297,0.9836143,-0.9485345,0.3162182,-0.01697827,1,0.5,0,-0.4236442,-0.4042573,0.2271032,-1.808632,0.6373334,0.08975402,1.182767,-0.9671678,0.01292078,0.25381,1,1,1,-0.4498845,-0.3919205,-0.2229093,-1.496769,0.5914912,0.05977944,1.154269,-0.9996918,0.02060096,-0.0138486,1,1,0,-0.1867854,0.03602251,0.2254098,-0.3353964,0.1203359,0.005622059,1.025901,-0.9113698,0.3027868,0.2787926,1,0.5,1,0,0.5,-0.225496,0,0,0,1.019026,-0.7925305,0.6096013,-0.01678444,0,0,0,0,0.5,0.225496,0,0,0,1.077288,-0.763256,0.5870838,0.2697644,0,0,1
74,-0.1939797,0.03917075,-0.2254514,0.09405538,-0.03975093,-0.002622157,0.8957769,-0.942655,0.3332701,-0.01823459,1,0.5,0,-0.5423942,-0.322722,0.2228425,-1.1875,0.8153531,-0.04260674,1.220134,-0.9674543,0.06004068,0.2458196,1,1,1,-0.5393856,-0.3223217,-0.228083,-0.8950102,0.6959873,-0.05173653,1.164611,-0.9979159,0.06228377,-0.01687058,1,1,0,-0.2000776,0.04177812,0.225435,-0.1329219,0.05755607,0.0002524257,0.9652839,-0.902101,0.3192406,0.2903431,1,0.5,1,0,0.5,-0.225496,0,0,0,0.954807,-0.7710689,0.6365106,-0.01752534,0,0,0,0,0.5,0.225496,0,0,0,1.01554,-0.7401696,0.6110035,0.2807554,0,0,1
75,-0.1813241,0.03407574,-0.2251243,0.1265553,-0.05095009,0.003271103,0.8109952,-0.9362032,0.3509362,-0.01916431,1,0.5,0,-0.5950469,-0.267143,0.2125046,-0.5265272,0.5557898,-0.1033786,1.199571,-0.9655853,0.09346885,0.242711,1,1,1,-0.5673351,-0.2836014,-0.2373227,-0.2794951,0.3872037,-0.09239778,1.120071,-0.9958632,0.08789654,-0.02303771,1,1,0,-0.2031627,0.04307494,0.2253093,-0.03085092,0.01296818,-0.001257509,0.9005039,-0.8919622,0.334933,0.3036831,1,0.5,1,0,0.5,-0.225496,0,0,0,0.8972518,-0.7486366,0.6627295,-0.01824724,0,0,0,0,0.5,0.225496,0,0,0,0.96038,-0.7162752,0.6340815,0.2913598,0,0,1
76,-0.167709,0.02880384,-0.2250798,0.1361516,-0.05271899,0.0004446507,0.7218091,-0.9279103,0.372238,-0.02052681,1,0.5,0,-0.5926673,-0.2646235,0.2064385,0.02379596,0.02519548,-0.06066129,1.11887,-0.9628241,0.09968463,0.251063,1,1,1,-0.5441999,-0.2997478,-0.2405386,0.2313513,-0.1614639,-0.03215894,1.01603,-0.9961675,0.08327816,-0.02673998,1,1,0,-0.1966468,0.04017248,0.2248831,0.06515861,-0.02902456,-0.004261583,0.8227386,-0.8789848,0.3524298,0.3212147,1,0.5,1,0,0.5,-0.225496,0,0,0,0.8384025,-0.7217711,0.6918696,-0.01904957,0,0,0,0,0.5,0.225496,0,0,0,0.9041787,-0.687961,0.6594602,0.3030213,0,0,1
77,-0.155056,0.0243898,-0.2250618,0.1265296,-0.04414039,0.000180155,0.6322303,-0.9172094,0.3977899,-0.02213492,1,0.5,0,-0.5341475,-0.3211617,0.2099621,0.5851978,-0.5653819,0.03523603,0.9793931,-0.9582198,0.07086576,0.2771151,1,1,1,-0.4719516,-0.3622093,-0.2348673,0.7224837,-0.6246156,0.05671293,0.8573362,-0.9985647,0.04699696,-0.02568806,1,1,0,-0.1829637,0.03451692,0.2250555,0.1368318,-0.05655568,0.001724213,0.7369143,-0.8621454,0.3723111,0.3436419,1,0.5,1,0,0.5,-0.225496,0,0,0,0.7800726,-0.6901455,0.7233965,-0.01991761,0,0,0,0,0.5,0.225496,0,0,0,0.8486966,-0.6550297,0.6865888,0.3154868,0,0,1
78,-0.1443113,0.02098394,-0.2251184,0.1074474,-0.03405862,-0.0005656481,0.5510511,-0.9047494,0.4252732,-0.02389836,1,0.5,0,-0.4021726,-0.4130462,0.2198121,1.319749,-0.9188449,0.0984998,0.7796897,-0.9446034,0.01012262,0.3280577,1,1,1,-0.3478893,-0.4355937,-0.227331,1.240623,-0.7338434,0.07536292,0.6548793,-0.9996854,-0.008307071,-0.02366571,1,1,0,-0.1688141,0.02916986,0.2252078,0.1414953,-0.05347051,0.001522154,0.6573529,-0.8428205,0.3932853,0.3673968,1,0.5,1,0,0.5,-0.225496,0,0,0,0.7283211,-0.6566904,0.7538745,-0.02075678,0,0,0,0,0.5,0.225496,0,0,0,0.7996805,-0.6206346,0.7124828,0.3273851,0,0,1
79,-0.122904,0.01522572,-0.225314,0.2140728,-0.05758221,-0.001955628,0.45577,-0.8866696,0.4616443,-0.02648541,1,0.5,0,-0.2028154,-0.4765787,0.2275273,1.993572,-0.6353256,0.07715255,0.5224192,-0.9070287,-0.04946967,0.4181527,1,1,1,-0.17654,-0.4818709,-0.2226793,1.713493,-0.462772,0.04651725,0.4031035,-0.9977685,-0.0618654,-0.02511264,1,1,0,-0.1367566,0.01892245,0.2254292,0.3205752,-0.1024741,0.00221476,0.5586747,-0.8135689,0.4202636,0.4018508,1,0.5,1,0,0.5,-0.225496,0,0,0,0.6760511,-0.6160856,0.7873807,-0.02167932,0,0,0,0,0.5,0.225496,0,0,0,0.7503971,-0.5794545,0.7405648,0.3402887,0,0,1
80,-0.0609152,0.003577922,-0.225434,0.6198878,-0.1164779,-0.00120014,0.3270804,-0.8539834,0.5193908,-0.03075151,1,0.5,0,0.01662351,-0.4905124,0.2252401,2.194389,-0.1393369,-0.02287284,0.2618057,-0.8253735,-0.08468357,0.5582001,1,1,1,0.01010025,-0.4914657,-0.2256964,1.866403,-0.09594887,-0.03017098,0.1391783,-0.9939284,-0.1024217,-0.04020226,1,1,0,-0.06039584,0.003444367,0.2254429,0.7636076,-0.1547809,0.0001366436,0.429284,-0.7595026,0.4621239,0.457818,1,0.5,1,0,0.5,-0.225496,0,0,0,0.6290103,-0.5716491,0.8201874,-0.0225826,0,0,0,0,0.5,0.225496,0,0,0,0.7062591,-0.5350407,0.7676626,0.3527401,0,0,1
81,0.04333268,0.00191898,-0.2253271,1.042479,-0.01658942,0.001068562,0.1758256,-0.7730971,0.6331796,-0.03747582,1,0.5,0,0.2170493,-0.4712878,0.2209052,2.004258,0.1922458,-0.04334882,0.04849541,-0.6358526,-0.08256742,0.7673814,1,1,1,0.1797219,-0.4790702,-0.2284566,1.696216,0.1239556,-0.02760217,-0.1092425,-0.9880543,-0.1358136,-0.07282427,1,1,0,0.06037023,0.003586354,0.2253188,1.207661,0.001419869,-0.001241118,0.2879793,-0.6414399,0.5451747,0.5397588,1,0.5,1,0,0.5,-0.225496,0,0,0,0.5854808,-0.5212543,0.8530782,-0.0234882,0,0,0,0,0.5,0.225496,0,0,0,0.6656181,-0.4854176,0.7944283,0.3650389,0,0,1
82,0.1572106,0.02530995,-0.2250493,1.138779,0.2339097,0.002777725,0.05799598,-0.5863611,0.808805,-0.04489162,1,0.5,0,0.3774618,-0.4260056,0.2227058,1.604125,0.4528227,0.01800597,-0.06397769,-0.2452533,-1.278153E-05,0.9694591,1,1,1,0.3126819,-0.448963,-0.2241113,1.3296,0.3010723,0.04345313,-0.3250858,-0.9817146,-0.1312813,-0.1378466,1,1,0,0.1856542,0.0356696,0.2249005,1.25284,0.3208324,-0.004183203,0.1949294,-0.4298904,0.6643403,0.6114297,1,0.5,1,0,0.5,-0.225496,0,0,0,0.5453551,-0.463381,0.8858234,-0.02438979,0,0,0,0,0.5,0.225496,0,0,0,0.6283456,-0.429299,0.8206705,0.3770972,0,0,1
83,0.199307,0.04009233,-0.2200896,0.4209641,0.1478238,0.04959747,0.01025975,-0.4050616,0.9134414,-0.03937132,1,0.5,0,0.4082423,-0.3969621,0.2431207,0.3078046,0.290435,0.2041489,-0.05592322,0.005063572,0.06538942,0.997847,1,1,1,0.2328876,-0.4561997,-0.1681754,-0.7979429,-0.07236779,0.5593593,-0.3214208,-0.9693516,-0.1691111,0.1782101,1,1,0,0.2825287,0.08653732,0.2209116,0.9687451,0.5086773,-0.03988907,0.1746144,-0.1830155,0.7597485,0.6239291,1,0.5,1,0,0.5,-0.225496,0,0,0,0.5114133,-0.4014122,0.9155505,-0.02520828,0,0,0,0,0.5,0.225496,0,0,0,0.5969747,-0.370103,0.8441398,0.3878813,0,0,1
84,0.2293335,0.05523336,-0.2244057,0.3002654,0.1514103,-0.04316106,-0.008758485,-0.1945844,0.9796268,-0.04968168,1,0.5,0,0.2499075,-0.4219127,0.2484237,-1.583347,-0.2495065,0.0530301,-0.04532692,-0.1649844,0.008989468,0.9862552,1,1,1,0.1511663,-0.4375953,-0.1914099,-0.8172129,0.1860443,-0.2323455,-0.3256466,-0.996569,-0.06650465,0.04926818,1,1,0,0.2678149,0.07723017,0.2245269,-0.1471382,-0.09307154,0.03615305,0.1608516,-0.08641358,0.7614874,0.6423936,1,0.5,1,0,0.5,-0.225496,0,0,0,0.4816822,-0.3309844,0.9432787,-0.02597173,0,0,0,0,0.5,0.225496,0,0,0,0.5696245,-0.3037715,0.8657243,0.3977994,0,0,1
85,0.1872709,0.03643578,-0.2252348,-0.4206263,-0.1879758,-0.008291304,-0.0336709,-0.117046,0.9916511,-0.05411379,1,0.5,0,0.04275874,-0.4549516,0.2118103,-2.071488,-0.3303882,-0.3661336,-0.04167217,-0.4343925,-0.06316779,0.898506,1,1,1,0.0732998,-0.4503056,-0.2380737,-0.7786651,-0.1271027,-0.4666381,-0.3254992,-0.9659161,-0.1392864,-0.2181866,1,1,0,0.1679449,0.02892598,0.2252736,-0.9987,-0.4830419,0.007467419,0.1271185,-0.1178533,0.7254226,0.6781391,1,0.5,1,0,0.5,-0.225496,0,0,0,0.4574022,-0.2526137,0.9672006,-0.02663039,0,0,0,0,0.5,0.225496,0,0,0,0.5473851,-0.2309111,0.8841065,0.406246,0,0,1
86,0.07044125,0.004651915,-0.2223211,-1.168297,-0.3178387,0.02913728,-0.0580183,-0.2192274,0.9743659,-0.05050233,1,0.5,0,-0.1407709,-0.4821688,0.1896578,-1.835296,-0.2721727,-0.2215254,-8.219481E-05,-0.6163146,-0.1123561,0.7794437,1,1,1,-0.002952752,-0.4896615,-0.2397669,-0.7625255,-0.393559,-0.01693144,-0.3139023,-0.9150488,-0.3420863,-0.2136882,1,1,0,-0.009675269,-0.0006471116,0.2215849,-1.776202,-0.2957309,-0.03688723,0.1244932,-0.2834474,0.6811169,0.6750832,1,0.5,1,0,0.5,-0.225496,0,0,0,0.4413434,-0.1777627,0.9837006,-0.02708469,0,0,0,0,0.5,0.225496,0,0,0,0.5327265,-0.162033,0.8966556,0.4120122,0,0,1
87,-0.1138292,0.0127341,-0.2240066,-1.842704,0.0808218,-0.0168547,-0.01708925,-0.4148735,0.90852,-0.04971224,1,0.5,0,-0.2288391,-0.4685921,0.2316501,-0.8806822,0.1357675,0.4199235,0.03627026,-0.5880558,-0.07942279,0.8049115,1,1,1,-0.1378324,-0.486461,-0.2097821,-1.348797,0.03200531,0.2998476,-0.2674399,-0.9646975,-0.2599799,-0.04206277,1,1,0,-0.1623475,0.02680785,0.2241636,-1.526722,0.2745496,0.02578735,0.1684935,-0.3722776,0.6773556,0.6345068,1,0.5,1,0,0.5,-0.225496,0,0,0,0.4303824,-0.09299155,0.9952897,-0.02740378,0,0,0,0,0.5,0.225496,0,0,0,0.5227454,-0.08459359,0.9054062,0.4160331,0,0,1
88,-0.2470857,0.06458447,-0.2253112,-1.332565,0.5185037,-0.01304582,0.052279,-0.4569886,0.888291,-0.04583038,1,0.5,0,-0.2481806,-0.4252589,0.2340475,-0.193415,0.433332,0.02397418,0.002642989,-0.5042946,0.001474454,0.8635305,1,1,1,-0.3064813,-0.4318468,-0.2131549,-1.686489,0.5461413,-0.03372744,-0.187887,-0.9989357,-0.01873305,-0.04214776,1,1,0,-0.2636253,0.07447173,0.2253172,-1.012778,0.4766388,0.01153573,0.2097092,-0.3789226,0.7051786,0.5992838,1,0.5,1,0,0.5,-0.225496,0,0,0,0.4263661,-0.005720775,0.9996048,-0.02752259,0,0,0,0,0.5,0.225496,0,0,0,0.5190932,-0.005200243,0.908651,0.4175241,0,0,1
89,-0.3149534,0.1113506,-0.2242751,-0.6786767,0.4676612,0.01036093,0.08854574,-0.4058372,0.9130142,-0.04124584,1,0.5,0,-0.3266084,-0.4153289,0.1941957,-0.7842777,0.09929955,-0.3985181,-0.03281823,-0.5362127,0.02284139,0.8437738,1,1,1,-0.4023329,-0.380254,-0.2490397,-0.9585163,0.5159283,-0.3588481,-0.1669448,-0.9795173,0.1373526,-0.1472419,1,1,0,-0.2731386,0.08105785,0.2238261,-0.09513289,0.06586112,-0.01491085,0.189609,-0.2857257,0.7352831,0.614589,1,0.5,1,0,0.5,-0.225496,0,0,0,0.4294714,0.08187404,0.9962652,-0.02743063,0,0,0,0,0.5,0.225496,0,0,0,0.5219169,0.07446749,0.9061403,0.4163705,0,0,1
90,-0.2954296,0.09656927,-0.2238424,0.1952377,-0.1478132,0.004326552,0.04169339,-0.259663,0.9646958,-0.04401458,1,0.5,0,-0.4090797,-0.4069354,0.20834,-0.8247131,0.08393556,0.1414427,-0.01856726,-0.5282314,0.03959979,0.8481766,1,1,1,-0.4541723,-0.3773182,-0.2393765,-0.5183941,0.02935767,0.09663165,-0.1941225,-0.9788247,0.1591544,-0.1287329,1,1,0,-0.2494906,0.06659649,0.2238546,0.2364802,-0.1446136,0.0002850592,0.1567158,-0.1442309,0.7500908,0.6454156,1,0.5,1,0,0.5,-0.225496,0,0,0,0.4391913,0.1647927,0.9859546,-0.02714675,0,0,0,0,0.5,0.225496,0,0,0,0.5307653,0.1501524,0.8983616,0.4127962,0,0,1
91,-0.1683765,0.02858784,-0.2232176,1.270531,-0.6798143,0.006248206,-0.04021189,0.1412179,0.9886898,-0.05049628,1,0.5,0,-0.4571912,-0.3897356,0.2160868,-0.4811147,0.1719978,0.0774686,-0.02611437,-0.4724439,0.07652568,0.8780322,1,1,1,-0.4529125,-0.382394,-0.2349143,0.01259804,-0.05075812,0.04462257,-0.2734009,-0.9691377,0.1924366,-0.1540794,1,1,0,-0.227762,0.05455936,0.2232136,0.2172859,-0.1203713,-0.006410629,0.1403731,0.00865872,0.7504365,0.6608859,1,0.5,1,0,0.5,-0.225496,0,0,0,0.4552791,0.2442289,0.9693503,-0.02668957,0,0,0,0,0.5,0.225496,0,0,0,0.5454448,0.2231651,0.8857474,0.4069999,0,0,1
92,-0.1062144,0.0113515,-0.2255004,0.6216207,-0.1723634,-0.02282798,-0.01411387,0.4324878,0.9001111,-0.05248223,1,0.5,0,-0.4631827,-0.3459421,0.2197116,-0.05991518,0.4379353,0.03624752,-0.04819727,-0.3249836,0.1771967,0.9289709,1,1,1,-0.4686224,-0.3330671,-0.2311492,-0.1570988,0.4932693,0.03765061,-0.3189133,-0.8408579,0.5131955,-0.1720126,1,1,0,-0.1156221,0.01341519,0.2254405,1.121399,-0.4114417,0.02226949,0.1437225,0.3118302,0.6826158,0.6609066,1,0.5,1,0,0.5,-0.225496,0,0,0,0.47888,0.3231798,0.9459791,-0.02604608,0,0,0,0,0.5,0.225496,0,0,0,0.5670533,0.2964746,0.8678104,0.3987579,0,0,1
93,-0.07854827,0.005711983,-0.2245107,0.2766612,-0.05639516,0.009896904,0.03699481,0.5929554,0.8039407,-0.0456442,1,0.5,0,-0.4149176,-0.3236443,0.253808,0.4826507,0.2229774,0.3409642,-0.0344457,-0.03856777,0.2198577,0.9747692,1,1,1,-0.5033649,-0.255152,-0.183145,-0.3474253,0.7791513,0.4800418,-0.2980231,-0.5268063,0.845879,0.08345007,1,1,0,-0.03533585,0.0006808615,0.2244651,0.8028622,-0.1273433,-0.009754151,0.2021402,0.5150345,0.6076862,0.6045305,1,0.5,1,0,0.5,-0.225496,0,0,0,0.5078219,0.3938813,0.9188131,-0.02529811,0,0,0,0,0.5,0.225496,0,0,0,0.5936644,0.3629653,0.8466948,0.3890553,0,0,1
94,-0.08535967,0.006665384,-0.2208031,-0.06811395,0.00953401,0.03707603,0.08293897,0.6692123,0.7422138,-0.03568657,1,0.5,0,-0.3928415,-0.2990859,0.2912204,0.2207607,0.245584,0.3741235,0.01403505,0.160744,0.2468977,0.9556165,1,1,1,-0.5235302,-0.2179292,-0.1328398,-0.2016526,0.3722274,0.5030525,-0.276139,-0.2146893,0.929464,0.3000086,1,1,0,0.00220718,-0.0004105471,0.2216841,0.3754303,-0.01091409,-0.02781004,0.2662369,0.6234062,0.555428,0.5503312,1,0.5,1,0,0.5,-0.225496,0,0,0,0.541248,0.4566344,0.8893175,-0.02448599,0,0,0,0,0.5,0.225496,0,0,0,0.6245418,0.4228119,0.8234465,0.3783728,0,0,1
95,-0.08510306,0.00686444,-0.2227558,0.002566054,0.001990558,-0.01952723,0.1395429,0.7352752,0.6768341,-0.03558138,1,0.5,0,-0.4385776,-0.2633119,0.2801002,-0.4573607,0.3577402,-0.1112014,0.02019018,0.2244669,0.3127474,0.9229321,1,1,1,-0.5404286,-0.1877572,-0.1527281,-0.1689845,0.3017205,-0.1988836,-0.2566552,0.06128938,0.9790338,0.1942588,1,1,0,-0.01736426,3.121357E-05,0.2232813,-0.1957143,0.004417606,0.01597226,0.3062821,0.667234,0.5283898,0.5249792,1,0.5,1,0,0.5,-0.225496,0,0,0,0.5800611,0.5141775,0.8573589,-0.02360606,0,0,0,0,0.5,0.225496,0,0,0,0.6605726,0.4785078,0.797882,0.3666259,0,0,1
96,-0.08590915,0.007115685,-0.2251954,-0.008060858,0.002512452,-0.02439544,0.2011046,0.7855437,0.6177619,-0.03593666,1,0.5,0,-0.5032054,-0.2357206,0.2421502,-0.646278,0.2759124,-0.3795002,-0.0004877448,0.2671647,0.3809303,0.8851639,1,1,1,-0.5505368,-0.176227,-0.2024267,-0.1010811,0.1153021,-0.4969858,-0.2357856,0.3259502,0.9453423,-0.009184583,1,1,0,-0.06466555,0.003811091,0.2253328,-0.4730129,0.03779878,0.02051517,0.3323583,0.6871943,0.5163775,0.5109973,1,0.5,1,0,0.5,-0.225496,0,0,0,0.6240368,0.5664027,0.8238165,-0.02268252,0,0,0,0,0.5,0.225496,0,0,0,0.7016054,0.529839,0.7706357,0.3541062,0,0,1
97,-0.09354135,0.008550502,-0.2251496,-0.07632196,0.01434817,0.0004574656,0.25995,0.8197151,0.5718146,-0.03309378,1,0.5,0,-0.5482043,-0.2389225,0.2037181,-0.4499888,-0.03201813,-0.3843209,-0.02428547,0.3537406,0.3932559,0.8486562,1,1,1,-0.5480971,-0.1987833,-0.2454907,0.02439678,-0.2255628,-0.4306403,-0.2135546,0.5878494,0.7932289,-0.1588112,1,1,0,-0.1173497,0.01376851,0.225256,-0.5268411,0.09957415,-0.0007681549,0.3562714,0.6997012,0.5135854,0.496637,1,0.5,1,0,0.5,-0.225496,0,0,0,0.6711,0.6118041,0.7907096,-0.02177098,0,0,0,0,0.5,0.225496,0,0,0,0.7457415,0.5751465,0.7433324,0.3415604,0,0,1
98,-0.1089176,0.01190122,-0.2233405,-0.1537621,0.03350713,0.0180912,0.3147161,0.8427837,0.5374894,-0.02864862,1,0.5,0,-0.5558099,-0.2885202,0.1800793,-0.07605612,-0.4959776,-0.2363881,-0.03006932,0.5101542,0.2925533,0.8087987,1,1,1,-0.5070672,-0.2871121,-0.2682664,0.4102987,-0.8832879,-0.2277571,-0.1726305,0.8812056,0.4242544,-0.2085303,1,1,0,-0.1734004,0.030703,0.2227033,-0.5605074,0.169345,-0.02552718,0.3799558,0.7070203,0.5190068,0.4803688,1,0.5,1,0,0.5,-0.225496,0,0,0,0.7210737,0.6515143,0.7583489,-0.02087998,0,0,0,0,0.5,0.225496,0,0,0,0.7928333,0.6153516,0.7162563,0.329119,0,0,1
99,-0.1718305,0.02953442,-0.2249233,-0.6291295,0.176332,-0.01582757,0.3403438,0.8398026,0.5420811,-0.0296584,1,0.5,0,-0.4929241,-0.3622564,0.2159596,0.6288585,-0.7373619,0.3588034,0.07011002,0.6746581,0.1118093,0.7296129,1,1,1,-0.4060798,-0.4122413,-0.2238673,1.009874,-1.251292,0.4439916,-0.02772221,0.9982972,0.02913275,-0.05053653,1,1,0,-0.1943257,0.03880708,0.2254722,-0.2092528,0.08104071,0.02768919,0.4294473,0.7350903,0.5000898,0.457769,1,0.5,1,0,0.5,-0.225496,0,0,0,0.7760196,0.6877272,0.7256942,-0.01998088,0,0,0,0,0.5,0.225496,0,0,0,0.8448504,0.6525286,0.6885524,0.3163891,0,0,1
100,-0.2021431,0.04265441,-0.2251971,-0.3031264,0.1311999,-0.002738684,0.3865036,0.8483609,0.5286548,-0.02842303,1,0.5,0,-0.2995332,-0.4430291,0.2307394,1.933909,-0.8077267,0.1477972,0.2838615,0.835205,-0.0217246,0.5495095,1,1,1,-0.2784938,-0.4515023,-0.2196241,1.27586,-0.3926101,0.04243135,0.1764901,0.998868,-0.03769791,-0.02900877,1,1,0,-0.2193203,0.05042406,0.2254034,-0.2499458,0.1161699,-0.0006881356,0.4736646,0.7547751,0.4893102,0.4369096,1,0.5,1,0,0.5,-0.225496,0,0,0,0.8299091,0.7175063,0.6962882,-0.01917123,0,0,0,0,0.5,0.225496,0,0,0,0.8960856,0.6834955,0.6632831,0.3047779,0,0,1
101,-0.164041,0.02668826,-0.2253503,0.3810212,-0.1596615,-0.00153169,0.4828627,0.8872426,0.4605814,-0.0257923,1,0.5,0,-0.06682125,-0.455898,0.2302443,2.327119,-0.1286888,-0.004950613,0.5608789,0.9136363,-0.02818225,0.4055546,1,1,1,-0.1375185,-0.4725133,-0.2148125,1.409753,-0.2101105,0.04811674,0.3998851,0.9985276,-0.05168806,-0.0164604,1,1,0,-0.1772485,0.03171295,0.2254255,0.4207179,-0.1871112,0.0002209842,0.5621098,0.8086077,0.4309469,0.4005476,1,0.5,1,0,0.5,-0.225496,0,0,0,0.8898147,0.7454797,0.6662759,-0.01834488,0,0,0,0,0.5,0.225496,0,0,0,0.9532659,0.7129313,0.6371855,0.2927861,0,0,1
102,-0.07986477,0.006429173,-0.2244859,0.8417625,-0.2025909,0.008643717,0.6247051,0.9228756,0.3844823,-0.02177097,1,0.5,0,0.09074633,-0.4829599,0.2050275,1.575676,-0.2706194,-0.2521682,0.7759086,0.9472261,-0.04464262,0.3174424,1,1,1,0.05641766,-0.4742385,-0.2446013,1.939362,-0.01725227,-0.2978884,0.6760818,0.9984385,-0.04101632,-0.03792365,1,1,0,-0.03367041,0.0009760791,0.2241451,1.435781,-0.3073687,-0.01280397,0.7400018,0.8743191,0.344335,0.342052,1,0.5,1,0,0.5,-0.225496,0,0,0,0.9517798,0.7699705,0.6378378,-0.01756188,0,0,0,0,0.5,0.225496,0,0,0,1.012634,0.7389942,0.6121772,0.2812948,0,0,1
103,0.08178351,0.006386684,-0.2246997,1.616483,-0.000424888,-0.002137721,0.8448467,0.9467268,0.3215137,-0.01836617,1,0.5,0,0.2238584,-0.4746265,0.2246768,1.331121,0.08333445,0.1964933,0.9784198,0.9572906,-0.03289083,0.2872505,1,1,1,0.2260852,-0.4724046,-0.2263604,1.696676,0.01833916,0.1824094,0.9185084,0.999292,-0.03271368,-0.01858316,1,1,0,0.1104869,0.01240327,0.2254467,1.441573,0.1142719,0.01301631,0.9381102,0.9052892,0.3048468,0.2958374,1,0.5,1,0,0.5,-0.225496,0,0,0,1.009174,0.7894512,0.6135808,-0.01689401,0,0,0,0,0.5,0.225496,0,0,0,1.067802,0.7599297,0.590636,0.2713966,0,0,1
104,0.2532456,0.06863236,-0.2236538,1.714621,0.6224567,0.01045868,1.104306,0.9511698,0.3083156,-0.01474396,1,0.5,0,0.3383929,-0.4394027,0.2082832,1.145344,0.3522375,-0.1639356,1.162096,0.9693267,-0.008063733,0.2456436,1,1,1,0.3467973,-0.42211,-0.242311,1.207121,0.5029461,-0.1595062,1.120076,0.999656,0.002401108,-0.02611666,1,1,0,0.1974581,0.04020268,0.223019,0.8697121,0.277994,-0.02427712,1.099287,0.9192721,0.2915066,0.2645048,1,0.5,1,0,0.5,-0.225496,0,0,0,1.074149,0.8085138,0.5882543,-0.01619668,0,0,0,0,0.5,0.225496,0,0,0,1.130443,0.7805988,0.567944,0.2609696,0,0,1
105,0.3027456,0.1019752,-0.2252877,0.4950002,0.3334281,-0.01633868,1.242334,0.9528713,0.3030275,-0.01451368,1,0.5,0,0.4105144,-0.394255,0.2164722,0.7212159,0.4514772,0.08188918,1.316657,0.9732103,0.01747441,0.229252,1,1,1,0.4506223,-0.3755129,-0.2322822,1.038249,0.4659712,0.1002881,1.30909,0.9994512,0.02790746,-0.01784443,1,1,0,0.2863956,0.08994529,0.2253097,0.889375,0.4974262,0.02290711,1.274654,0.9263046,0.2907301,0.2396578,1,0.5,1,0,0.5,-0.225496,0,0,0,1.14343,0.8260007,0.5634556,-0.01551389,0,0,0,0,0.5,0.225496,0,0,0,1.197428,0.7997246,0.5455314,0.2506711,0,0,1
106,0.2860314,0.0892201,-0.2250526,-0.1671419,-0.1275507,0.002350509,1.297437,0.9579365,0.2866416,-0.01393798,1,0.5,0,0.4734212,-0.3670487,0.2312829,0.6290671,0.2720624,0.148107,1.458214,0.9749804,0.03010461,0.220243,1,1,1,0.5150337,-0.3552579,-0.2176991,0.6441146,0.2025497,0.1458304,1.452195,0.9993021,0.0362372,-0.009066275,1,1,0,0.3063587,0.1042622,0.2253308,0.1996309,0.1431694,0.0002104044,1.370079,0.9315954,0.2835506,0.2274399,1,0.5,1,0,0.5,-0.225496,0,0,0,1.208697,0.8402889,0.5419335,-0.01492131,0,0,0,0,0.5,0.225496,0,0,0,1.260693,0.8154735,0.5259292,0.2416639,0,0,1
107,0.2331968,0.05768141,-0.225505,-0.5283464,-0.3153869,-0.004523396,1.315126,0.9637401,0.2664726,-0.01405135,1,0.5,0,0.5331574,-0.344281,0.2236047,0.5973625,0.2276769,-0.07678121,1.594189,0.9785507,0.03902176,0.2022762,1,1,1,0.5042873,-0.36257,-0.2261009,-0.1074642,-0.07312059,-0.08401722,1.521564,0.9994242,0.03137669,-0.01291122,1,1,0,0.2422666,0.06251596,0.2254047,-0.6409211,-0.4174627,0.0007389486,1.373904,0.938351,0.2606942,0.2270152,1,0.5,1,0,0.5,-0.225496,0,0,0,1.276718,0.8533226,0.5211858,-0.01435005,0,0,0,0,0.5,0.225496,0,0,0,1.326779,0.8299379,0.5069031,0.2329214,0,0,1
108,0.1378381,0.01869526,-0.2252902,-0.9535873,-0.3898615,0.002147406,1.292169,0.9686233,0.2481325,-0.01411153,1,0.5,0,0.5097655,-0.3245493,0.2165272,-0.233919,0.1973179,-0.0707753,1.651018,0.979938,0.04716407,0.1936419,1,1,1,0.4478882,-0.3735619,-0.227651,-0.5639908,-0.109919,-0.01550183,1.546845,0.9995806,0.02561899,-0.0135091,1,1,0,0.1497854,0.02256985,0.2256278,-0.9248118,-0.3994611,0.002231151,1.354042,0.9427423,0.2419416,0.2295675,1,0.5,1,0,0.5,-0.225496,0,0,0,1.347172,0.8651595,0.5013068,-0.01380272,0,0,0,0,0.5,0.225496,0,0,0,1.395374,0.8431574,0.488558,0.2244918,0,0,1
109,0.03281793,0.001073558,-0.2247082,-1.050201,-0.176217,0.005819947,1.258726,0.9699668,0.2428312,-0.01404894,1,0.5,0,0.4023733,-0.3703577,0.1982605,-1.073922,-0.458084,-0.1826674,1.614059,0.9817422,0.02632014,0.1883866,1,1,1,0.3567423,-0.3790241,-0.2503661,-0.9114596,-0.05462199,-0.2271502,1.530998,0.9994249,0.02312947,-0.02479867,1,1,0,0.07355557,0.005284681,0.2244747,-0.7622982,-0.1728517,-0.01153037,1.348499,0.9448982,0.2333162,0.2296321,1,0.5,1,0,0.5,-0.225496,0,0,0,1.41242,0.8748539,0.4842033,-0.0133318,0,0,0,0,0.5,0.225496,0,0,0,1.459017,0.8540447,0.4726861,0.2171988,0,0,1
110,-0.03244136,0.0009707042,-0.224462,-0.6525928,-0.001028537,0.00246197,1.275204,0.9705465,0.2405192,-0.01377985,1,0.5,0,0.2379227,-0.4468678,0.1984968,-1.644507,-0.7651016,0.002363473,1.532833,0.9805441,-0.01026539,0.1960303,1,1,1,0.2248709,-0.4267808,-0.251886,-1.318714,-0.4775676,-0.01519948,1.48091,0.9996568,-0.0003941878,-0.02619301,1,1,0,0.01472117,-0.0002187064,0.2241335,-0.588344,-0.05503387,-0.003412068,1.369322,0.9469106,0.2277731,0.2268916,1,0.5,1,0,0.5,-0.225496,0,0,0,1.484796,0.8844032,0.4665468,-0.01284565,0,0,0,0,0.5,0.225496,0,0,0,1.529732,0.8648236,0.456218,0.2096317,0,0,1
111,-0.02886904,0.0004568376,-0.2254435,0.03572311,-0.005138666,-0.009814203,1.353905,0.9730864,0.2300317,-0.01372426,1,0.5,0,0.02656126,-0.497557,0.2240234,-2.113614,-0.5068913,0.2552657,1.408516,0.9742858,-0.03749352,0.2221745,1,1,1,0.04776413,-0.4936122,-0.2264774,-1.771068,-0.6683132,0.2540866,1.382044,0.9992554,-0.03592487,-0.0140684,1,1,0,-0.02043201,0.0003368324,0.2255074,-0.3515318,0.005555387,0.01373827,1.409917,0.9489662,0.2232227,0.2227885,1,0.5,1,0,0.5,-0.225496,0,0,0,1.553672,0.8924883,0.4508996,-0.01241483,0,0,0,0,0.5,0.225496,0,0,0,1.597133,0.8739926,0.4415553,0.2028942,0,0,1
112,0.009657197,1.143797E-05,-0.224201,0.3852624,-0.004453996,0.01242444,1.46744,0.9761983,0.2165309,-0.01230077,1,0.5,0,-0.1938559,-0.4744162,0.2077599,-2.204172,0.2314076,-0.1626344,1.265514,0.9725772,-0.02742329,0.2309583,1,1,1,-0.1483943,-0.4739443,-0.2408919,-1.961584,0.1966789,-0.1441453,1.263686,0.9993615,-0.02718414,-0.02318547,1,1,0,-0.04092153,0.001447739,0.2239222,-0.2048952,0.01110907,-0.015852,1.464547,0.9518902,0.2175809,0.2157863,1,0.5,1,0,0.5,-0.225496,0,0,0,1.623646,0.899846,0.4360426,-0.01200576,0,0,0,0,0.5,0.225496,0,0,0,1.665703,0.8823714,0.4275748,0.1964702,0,0,1
113,-0.02014329,0.0002305943,-0.2247881,-0.2980049,0.002191564,-0.00587061,1.522784,0.9774708,0.2107148,-0.01225444,1,0.5,0,-0.365477,-0.3901644,0.2009731,-1.716211,0.8425176,-0.06786823,1.180801,0.9708936,0.02132052,0.2385607,1,1,1,-0.3063468,-0.409148,-0.2456962,-1.579525,0.6479624,-0.04804328,1.191711,0.9995854,0.009961492,-0.02701184,1,1,0,-0.05781615,0.003148062,0.2246498,-0.1689462,0.01700323,0.007276684,1.531332,0.9548118,0.2112643,0.2090499,1,0.5,1,0,0.5,-0.225496,0,0,0,1.701717,0.9071811,0.4205809,-0.01158005,0,0,0,0,0.5,0.225496,0,0,0,1.74231,0.8907582,0.412967,0.1897579,0,0,1
114,-0.09129617,0.008043114,-0.2254621,-0.7115287,0.07812519,-0.006740391,1.387236,0.9730998,0.2299888,-0.01349175,1,0.5,0,-0.4745643,-0.325085,0.2150107,-1.090873,0.6507945,0.1403755,1.014665,0.9594205,0.0666253,0.273995,1,1,1,-0.4220849,-0.3669387,-0.2309095,-1.157382,0.422093,0.1478674,1.007155,0.9990214,0.03918725,-0.0205085,1,1,0,-0.1041736,0.01059323,0.2253452,-0.4635742,0.07445168,0.006953776,1.422763,0.9484223,0.2270655,0.2212156,1,0.5,1,0,0.5,-0.225496,0,0,0,1.638786,0.9013362,0.432956,-0.01192078,0,0,0,0,0.5,0.225496,0,0,0,1.680551,0.8840725,0.4246634,0.1951324,0,0,1
115,-0.1734738,0.0308789,-0.225646,-0.8217764,0.2283579,-0.00183925,1.236293,0.964646,0.2631347,-0.01477057,1,0.5,0,-0.5205562,-0.3281626,0.225593,-0.4599187,-0.03077567,0.1058236,0.8977921,0.9499451,0.06999428,0.3044752,1,1,1,-0.5004367,-0.3473408,-0.2245084,-0.7835174,0.1959792,0.06401077,0.8504609,0.9981372,0.05824617,-0.01814818,1,1,0,-0.1721423,0.03033007,0.2254171,-0.6796873,0.1973684,0.000718832,1.288574,0.9371935,0.2551363,0.2378527,1,0.5,1,0,0.5,-0.225496,0,0,0,1.567521,0.8940089,0.4478794,-0.01233167,0,0,0,0,0.5,0.225496,0,0,0,1.610696,0.8757215,0.4387178,0.2015903,0,0,1
116,-0.2481319,0.0658913,-0.225337,-0.7465805,0.3501239,0.003090352,1.098392,0.951338,0.3077413,-0.01585156,1,0.5,0,-0.5008839,-0.3647698,0.2263125,0.1967227,-0.366073,0.007195026,0.8390141,0.9468603,0.04572779,0.3183779,1,1,1,-0.5230367,-0.351811,-0.2238861,-0.2260005,-0.0447017,0.006222576,0.7481421,0.9980485,0.05943955,-0.01913736,1,1,0,-0.2345425,0.05829906,0.22538,-0.6240019,0.2796899,-0.0003707409,1.164111,0.9219341,0.2910257,0.25562,1,0.5,1,0,0.5,-0.225496,0,0,0,1.496642,0.885859,0.4637788,-0.01276944,0,0,0,0,0.5,0.225496,0,0,0,1.541317,0.8664715,0.4536287,0.2084419,0,0,1
117,-0.2824914,0.08717807,-0.2250843,-0.343595,0.2128677,0.002527088,1.000177,0.9395227,0.3420782,-0.01672089,1,0.5,0,-0.4220975,-0.4002486,0.216719,0.7878637,-0.3547874,-0.09593517,0.8367209,0.9499698,0.01926461,0.3117472,1,1,1,-0.4882568,-0.368577,-0.2283189,0.3477997,-0.1676601,-0.04432753,0.7053869,0.9985883,0.04763864,-0.02349362,1,1,0,-0.2603683,0.07270911,0.2251422,-0.2582586,0.1441005,-0.002378225,1.07444,0.9092592,0.3167534,0.2700276,1,0.5,1,0,0.5,-0.225496,0,0,0,1.428936,0.8771375,0.4800574,-0.01321765,0,0,0,0,0.5,0.225496,0,0,0,1.475143,0.8566174,0.4688268,0.2154254,0,0,1
118,-0.2607312,0.07318041,-0.2245689,0.217602,-0.1399765,0.005153716,0.9419427,0.9380112,0.346186,-0.01703877,1,0.5,0,-0.3241036,-0.4371971,0.2090104,0.9799388,-0.3694856,-0.07708639,0.8525589,0.953146,-0.008278494,0.3023975,1,1,1,-0.402867,-0.4060749,-0.2339992,0.8538979,-0.3749794,-0.05680293,0.711064,0.9994704,0.01645252,-0.02807382,1,1,0,-0.2234632,0.05245995,0.2243801,0.3690515,-0.2024917,-0.007621199,1.029915,0.9084337,0.3127363,0.277388,1,0.5,1,0,0.5,-0.225496,0,0,0,1.36033,0.8672059,0.497761,-0.01370509,0,0,0,0,0.5,0.225496,0,0,0,1.4082,0.8454511,0.4852742,0.2229829,0,0,1
119,-0.1652178,0.02788631,-0.2249477,0.9551333,-0.4529411,-0.003787726,0.9400979,0.9488746,0.3151774,-0.01732362,1,0.5,0,-0.2166382,-0.4747809,0.2195777,1.074654,-0.3758377,0.1056729,0.8812265,0.95209,-0.0353171,0.3037718,1,1,1,-0.2792827,-0.4590068,-0.2267894,1.235842,-0.5293182,0.07209778,0.7531288,0.9994245,-0.02633948,-0.02137802,1,1,0,-0.1365267,0.01868333,0.2250973,0.869365,-0.3377662,0.007172674,1.024773,0.9149976,0.2916391,0.2787939,1,0.5,1,0,0.5,-0.225496,0,0,0,1.290028,0.8556794,0.5173103,-0.01424335,0,0,0,0,0.5,0.225496,0,0,0,1.339728,0.8325636,0.5033354,0.2312821,0,0,1
120,-0.01606146,0.0001100951,-0.2255086,1.491564,-0.2777621,-0.005608499,0.9964772,0.9584526,0.2847421,-0.01704573,1,0.5,0,-0.09544856,-0.4935096,0.2249147,1.211896,-0.187287,0.05337059,0.9215856,0.9531015,-0.04748896,0.298902,1,1,1,-0.1209712,-0.4886686,-0.2253164,1.583116,-0.296618,0.0147301,0.8311098,0.99871,-0.04707994,-0.01901902,1,1,0,-0.01613173,0.0001280127,0.2254208,1.203949,-0.1855532,0.003234744,1.055503,0.9220375,0.2739487,0.2734941,1,0.5,1,0,0.5,-0.225496,0,0,0,1.220954,0.8427676,0.5380738,-0.01481504,0,0,0,0,0.5,0.225496,0,0,0,1.272591,0.818217,0.5223992,0.2400419,0,0,1
121,0.1122806,0.01274975,-0.2253328,1.28342,0.1263966,0.001757294,1.048094,0.9588584,0.2834129,-0.01636388,1,0.5,0,0.04271507,-0.487859,0.2195322,1.381636,0.0565064,-0.05382568,0.9770234,0.9578976,-0.04188084,0.284039,1,1,1,0.06590366,-0.4850967,-0.2308426,1.868748,0.03571868,-0.05526245,0.93957,0.9989273,-0.04105163,-0.0214249,1,1,0,0.09580403,0.009304645,0.2254011,1.119358,0.09176631,-0.0001968443,1.089108,0.9237424,0.2739303,0.2676981,1,0.5,1,0,0.5,-0.225496,0,0,0,1.15555,0.8288015,0.5593308,-0.01540032,0,0,0,0,0.5,0.225496,0,0,0,1.209164,0.802803,0.5417854,0.2489498,0,0,1
122,0.1818838,0.0338556,-0.2251226,0.6960323,0.2110585,0.002102405,1.045598,0.9545753,0.2975261,-0.01625429,1,0.5,0,0.1913749,-0.4735248,0.2161727,1.486599,0.1433417,-0.03359497,1.042831,0.9624386,-0.03080364,0.2697461,1,1,1,0.2610576,-0.4598546,-0.2291826,1.95154,0.2524212,0.01660049,1.055205,0.9995869,-0.02176855,-0.01876446,1,1,0,0.1578208,0.02523259,0.225216,0.6201675,0.1592795,-0.001851767,1.078217,0.9195989,0.285913,0.2694281,1,0.5,1,0,0.5,-0.225496,0,0,0,1.091,0.8130139,0.5820237,-0.01602513,0,0,0,0,0.5,0.225496,0,0,0,1.146718,0.7855053,0.5623308,0.2583904,0,0,1
123,0.2006893,0.04176397,-0.2245783,0.1880553,0.07908367,0.0054425,0.9881575,0.949172,0.3143242,-0.01651595,1,0.5,0,0.3412471,-0.4400752,0.2232696,1.498722,0.3344962,0.07096961,1.109782,0.9647736,-0.008743538,0.262936,1,1,1,0.4197018,-0.407611,-0.2196654,1.586442,0.5224356,0.09517223,1.131752,0.9998639,0.01126947,-0.01205169,1,1,0,0.1616095,0.02665716,0.2245336,0.03788769,0.01424571,-0.006823689,1.007136,0.9112899,0.3003426,0.2816824,1,0.5,1,0,0.5,-0.225496,0,0,0,1.025337,0.7944658,0.6070789,-0.01671499,0,0,0,0,0.5,0.225496,0,0,0,1.083367,0.765349,0.5848297,0.2687286,0,0,1
124,0.180359,0.03341177,-0.2249826,-0.2033034,-0.08352194,-0.004043132,0.8864607,0.9433338,0.3313558,-0.01801901,1,0.5,0,0.4547585,-0.3740153,0.2349498,1.135114,0.6605986,0.1168022,1.14181,0.9637502,0.03166302,0.2649209,1,1,1,0.50892,-0.3433019,-0.211648,0.8921811,0.6430909,0.08017361,1.138586,0.9987003,0.05046918,-0.007108578,1,1,0,0.1514264,0.02327148,0.2249756,-0.1018317,-0.03385685,0.004420429,0.9206318,0.9002774,0.3162477,0.2991455,1,0.5,1,0,0.5,-0.225496,0,0,0,0.9592682,0.7726724,0.6345646,-0.01747176,0,0,0,0,0.5,0.225496,0,0,0,1.019823,0.7418867,0.6092817,0.2799642,0,0,1
125,0.1527484,0.02394691,-0.2254272,-0.2761057,-0.09464869,-0.00444591,0.7868425,0.9366713,0.3496519,-0.0197594,1,0.5,0,0.51003,-0.3201934,0.2297581,0.5527151,0.5382195,-0.05191743,1.1241,0.9621515,0.06514786,0.2646132,1,1,1,0.5321895,-0.3016447,-0.2203046,0.2326959,0.4165718,-0.08656606,1.089791,0.9968542,0.07822115,-0.01277188,1,1,0,0.1448165,0.02140262,0.2254422,-0.06609917,-0.01868855,0.004665554,0.8472104,0.8888116,0.3320956,0.3157949,1,0.5,1,0,0.5,-0.225496,0,0,0,0.9021742,0.7506912,0.660403,-0.01818318,0,0,0,0,0.5,0.225496,0,0,0,0.9650903,0.7184539,0.6320429,0.290423,0,0,1
126,0.1314619,0.01773185,-0.2254326,-0.2128655,-0.06215058,-5.379319E-05,0.6855321,0.9270639,0.3742892,-0.02145249,1,0.5,0,0.5136655,-0.3137026,0.219177,0.03635466,0.06490827,-0.1058108,1.043527,0.9596645,0.07275382,0.271571,1,1,1,0.505215,-0.3144113,-0.231807,-0.269745,-0.1276651,-0.1150241,0.9773809,0.996911,0.07553147,-0.02152934,1,1,0,0.1416442,0.02035331,0.2254601,-0.03172293,-0.01049312,0.0001786649,0.7691237,0.8740253,0.351702,0.3352392,1,0.5,1,0,0.5,-0.225496,0,0,0,0.8395447,0.7223366,0.6912796,-0.01903333,0,0,0,0,0.5,0.225496,0,0,0,0.9052675,0.6885537,0.6589493,0.3027865,0,0,1
127,0.1181936,0.01403868,-0.2250553,-0.132683,-0.03693167,0.003772974,0.6026275,0.9166337,0.3990819,-0.02272329,1,0.5,0,0.4685778,-0.3599592,0.211469,-0.4508772,-0.4625669,-0.07708028,0.9234581,0.9561852,0.04639459,0.2890629,1,1,1,0.4279275,-0.3781767,-0.2373539,-0.7728755,-0.6376544,-0.05546868,0.821833,0.9989457,0.03617954,-0.02825917,1,1,0,0.1457714,0.02176468,0.225066,0.04127249,0.01411375,-0.00394091,0.7079761,0.859523,0.3706735,0.3518828,1,0.5,1,0,0.5,-0.225496,0,0,0,0.7863528,0.6938313,0.7198647,-0.01982037,0,0,0,0,0.5,0.225496,0,0,0,0.8546587,0.6588463,0.683567,0.3140983,0,0,1
128,0.1195582,0.01413253,-0.224943,0.01364641,0.0009384658,0.001122802,0.5307149,0.9039198,0.4270168,-0.02419975,1,0.5,0,0.3649558,-0.4292528,0.2173545,-1.036219,-0.6929356,0.05885527,0.7488858,0.9425051,-0.002604565,0.3341815,1,1,1,0.2907608,-0.4555827,-0.2266678,-1.371666,-0.7740599,0.106861,0.6036052,0.9993485,-0.02680549,-0.02416426,1,1,0,0.1531487,0.02364812,0.2247673,0.07377237,0.01883436,-0.002986938,0.6464574,0.8419624,0.3922065,0.3705042,1,0.5,1,0,0.5,-0.225496,0,0,0,0.731939,0.6592253,0.7516606,-0.02069582,0,0,0,0,0.5,0.225496,0,0,0,0.8031003,0.6232255,0.710613,0.3265259,0,0,1
129,0.1110891,0.01229585,-0.2250222,-0.08469112,-0.01836681,-0.0007915497,0.4470299,0.8860631,0.462811,-0.02642176,1,0.5,0,0.1953501,-0.4765449,0.2291709,-1.696058,-0.4729211,0.1181641,0.5195049,0.9057233,-0.04957791,0.4209602,1,1,1,0.1187518,-0.4875923,-0.2151644,-1.720091,-0.3200966,0.1150341,0.3491635,0.9972062,-0.07253296,-0.01785803,1,1,0,0.1434942,0.0206825,0.2247455,-0.09654462,-0.02965618,-0.0002172589,0.5674758,0.8164433,0.4184474,0.3978971,1,0.5,1,0,0.5,-0.225496,0,0,0,0.678205,0.6179224,0.7859413,-0.02163969,0,0,0,0,0.5,0.225496,0,0,0,0.7524232,0.5813045,0.7393667,0.3397382,0,0,1
130,0.05890317,0.003305018,-0.2250024,-0.5218593,-0.08990828,0.0001977384,0.3300534,0.8553333,0.5172017,-0.03012146,1,0.5,0,-0.001418418,-0.485274,0.2340983,-1.967685,-0.08729041,0.04927397,0.2835822,0.8290781,-0.07564486,0.5539921,1,1,1,-0.04575922,-0.4854561,-0.2147216,-1.64511,0.0213623,0.004427433,0.1084012,0.9949192,-0.09772518,-0.02419727,1,1,0,0.08474584,0.007076687,0.2252737,-0.5874835,-0.1360582,0.005281866,0.4538537,0.7714128,0.4540284,0.4458479,1,0.5,1,0,0.5,-0.225496,0,0,0,0.632262,0.5750164,0.8178319,-0.02251775,0,0,0,0,0.5,0.225496,0,0,0,0.7093031,0.5383838,0.7657303,0.3518522,0,0,1
131,-0.03445765,0.00115444,-0.2254164,-0.9336081,-0.02150578,-0.004139543,0.1898164,0.7843454,0.6192292,-0.03684513,1,0.5,0,-0.1796669,-0.4758718,0.2268777,-1.782485,0.09402186,-0.07220671,0.08429879,0.6774703,-0.0853532,0.7305812,1,1,1,-0.1885731,-0.4746079,-0.2240418,-1.428139,0.1084816,-0.09320199,-0.1092796,0.9903216,-0.124406,-0.0615321,1,1,0,-0.02875467,0.000747062,0.2254657,-1.135005,-0.06329625,0.001920015,0.3136815,0.6719549,0.5244645,0.5228897,1,0.5,1,0,0.5,-0.225496,0,0,0,0.5905687,0.5277173,0.8490983,-0.02337862,0,0,0,0,0.5,0.225496,0,0,0,0.6703576,0.4917403,0.7912112,0.3635607,0,0,1
132,-0.1402997,0.01995058,-0.2251562,-1.058421,0.1879614,0.002602041,0.06908435,0.6196553,0.7836282,-0.04420464,1,0.5,0,-0.3213949,-0.4468683,0.2249612,-1.417281,0.2900347,-0.01916498,-0.04124761,0.3739292,-0.04548925,0.926341,1,1,1,-0.2977731,-0.454524,-0.2253409,-1.092,0.200839,-0.01299083,-0.3011425,0.9814204,-0.1434396,-0.1274326,1,1,0,-0.1623811,0.02724383,0.2251822,-1.336265,0.2649677,-0.002834946,0.2039008,0.4696042,0.643903,0.6040372,1,0.5,1,0,0.5,-0.225496,0,0,0,0.5493387,0.4697586,0.8824605,-0.0242972,0,0,0,0,0.5,0.225496,0,0,0,0.6320374,0.4354413,0.8179942,0.3758674,0,0,1
133,-0.2035002,0.04206217,-0.2238193,-0.6320046,0.2211158,0.01336858,0.0109995,0.3985212,0.9159738,-0.04661318,1,0.5,0,-0.3994528,-0.4087627,0.229255,-0.7805789,0.3810564,0.04293829,-0.0703302,0.01790096,0.04011763,0.9990346,1,1,1,-0.2366465,-0.455769,-0.1887812,0.6112654,-0.01244962,0.3655972,-0.3265597,0.9830343,-0.1716383,0.06468383,1,1,0,-0.2605884,0.07164995,0.22275,-0.9820728,0.4440612,-0.02432242,0.1692172,0.218996,0.7436299,0.6317082,1,0.5,1,0,0.5,-0.225496,0,0,0,0.5118757,0.4023659,0.9151321,-0.02519676,0,0,0,0,0.5,0.225496,0,0,0,0.5974011,0.3710077,0.8438118,0.3877306,0,0,1
134,-0.2090408,0.04500149,-0.2224236,-0.05540594,0.02939321,0.01395687,-0.01328409,0.247807,0.9677134,-0.04607128,1,0.5,0,-0.290104,-0.4182929,0.2568294,1.093488,-0.09530276,0.2757436,-0.04139718,0.08623677,0.01680552,0.9961329,1,1,1,-0.1533989,-0.449525,-0.1718493,0.8324764,0.06244034,0.1693189,-0.3199689,0.9790173,-0.1306717,0.1563657,1,1,0,-0.2726937,0.08037387,0.222797,-0.1210529,0.08723915,0.0004704297,0.16213,0.08602345,0.764765,0.6385408,1,0.5,1,0,0.5,-0.225496,0,0,0,0.4832582,0.3352653,0.9417668,-0.02593011,0,0,0,0,0.5,0.225496,0,0,0,0.5710713,0.3077782,0.864555,0.3972621,0,0,1
135,-0.185516,0.03564887,-0.2254916,0.2352479,-0.09352613,-0.0306794,-0.03330848,0.1360512,0.9891949,-0.05462188,1,0.5,0,-0.09708207,-0.4572922,0.224381,1.930219,-0.3899923,-0.3244834,-0.04815874,0.3362417,-0.06925479,0.9392259,1,1,1,-0.07632843,-0.4523391,-0.2260958,0.7707044,-0.02814144,-0.5424644,-0.3233828,0.9777161,-0.1491311,-0.1477532,1,1,0,-0.1842634,0.03502565,0.2255204,0.884303,-0.4534822,0.02723321,0.1307173,0.1026554,0.7309545,0.674661,1,0.5,1,0,0.5,-0.225496,0,0,0,0.4592351,0.2595922,0.9653525,-0.0265795,0,0,0,0,0.5,0.225496,0,0,0,0.5490609,0.2373646,0.8826942,0.405597,0,0,1
136,-0.09185134,0.008502239,-0.2224667,0.9366466,-0.2714663,0.03024891,-0.05725673,0.1852177,0.9813864,-0.05074425,1,0.5,0,0.08758689,-0.4895273,0.1930057,1.84669,-0.3223512,-0.313753,-0.02372152,0.548927,-0.1333826,0.8251595,1,1,1,-0.004116309,-0.4831317,-0.2484739,0.7221212,-0.3079259,-0.2237809,-0.3144601,0.914838,-0.3079214,-0.2612584,1,1,0,-0.01207806,-0.0002658804,0.2214848,1.721853,-0.3529153,-0.04035547,0.1205408,0.2607035,0.6860695,0.6792218,1,0.5,1,0,0.5,-0.225496,0,0,0,0.4425241,0.1844571,0.9824682,-0.02705076,0,0,0,0,0.5,0.225496,0,0,0,0.5338029,0.1681706,0.895722,0.4115833,0,0,1
137,0.08657467,0.006785285,-0.2247363,1.78426,-0.01716955,-0.0226967,-0.03017211,0.3856134,0.9211571,-0.0526498,1,0.5,0,0.217773,-0.4761249,0.2224765,1.301861,0.1340237,0.294708,0.02780122,0.5918331,-0.0949693,0.8004463,1,1,1,0.1029449,-0.4928614,-0.2133025,1.070612,-0.09729743,0.3517132,-0.2910256,0.9452934,-0.3199504,-0.06365628,1,1,0,0.1245015,0.01516512,0.2247269,1.365796,0.15431,0.03242105,0.1504028,0.3368663,0.6782952,0.6530213,1,0.5,1,0,0.5,-0.225496,0,0,0,0.4311684,0.1015899,0.9944495,-0.02738064,0,0,0,0,0.5,0.225496,0,0,0,0.5234605,0.09242886,0.9047735,0.4157425,0,0,1
138,0.2077598,0.04458841,-0.2246678,1.211852,0.3780313,0.0006851554,0.01908654,0.419371,0.9065703,-0.04752161,1,0.5,0,0.2503708,-0.4366204,0.2425697,0.3259782,0.3950447,0.2009319,0.01355356,0.506862,-0.02068031,0.861779,1,1,1,0.2730182,-0.4507918,-0.2075925,1.700733,0.4206967,0.0571005,-0.2158663,0.9958277,-0.08725391,-0.02672152,1,1,0,0.243575,0.06303705,0.2246205,1.190735,0.4787193,-0.00106439,0.1955031,0.3644916,0.7031414,0.6105227,1,0.5,1,0,0.5,-0.225496,0,0,0,0.4264042,0.01071887,0.9995637,-0.02752146,0,0,0,0,0.5,0.225496,0,0,0,0.5191277,0.009743629,0.9086202,0.41751,0,0,1
139,0.286273,0.08967289,-0.225136,0.7851319,0.4508448,-0.0046812,0.05894321,0.3831626,0.9225855,-0.04497049,1,0.5,0,0.3179129,-0.4203823,0.2120499,0.6754208,0.1623815,-0.305198,-0.02016956,0.5122768,0.01170769,0.8587406,1,1,1,0.3855287,-0.400362,-0.2334272,1.125105,0.5042976,-0.2583466,-0.1837597,0.9910876,0.08107121,-0.1057017,1,1,0,0.2669971,0.07683933,0.2252859,0.2342212,0.1380228,0.006654412,0.1868025,0.2837646,0.7321454,0.619226,1,0.5,1,0,0.5,-0.225496,0,0,0,0.4291531,-0.07760496,0.9966065,-0.02744003,0,0,0,0,0.5,0.225496,0,0,0,0.5216272,-0.07058043,0.9063972,0.4164885,0,0,1
140,0.2934158,0.09503618,-0.2227945,0.07142752,0.05363286,0.02341419,0.0417375,0.2705458,0.9617871,-0.04207671,1,0.5,0,0.3987182,-0.4141518,0.2046079,0.8080533,0.06230533,-0.07441983,-0.02325577,0.5283068,0.02485241,0.8486897,1,1,1,0.4478702,-0.3800633,-0.2423854,0.6234148,0.2029872,-0.08958235,-0.1925601,0.9791158,0.1494169,-0.1378656,1,1,0,0.23244,0.05703311,0.2225903,-0.3455713,-0.1980622,-0.02695575,0.147479,0.1321881,0.7460213,0.6526703,1,0.5,1,0,0.5,-0.225496,0,0,0,0.4379185,-0.1565711,0.9872926,-0.02718359,0,0,0,0,0.5,0.225496,0,0,0,0.5296057,-0.1426283,0.8993734,0.4132611,0,0,1
141,0.182821,0.03386341,-0.2244592,-1.105948,-0.6117277,-0.01664653,-0.0373266,-0.09651538,0.9939266,-0.0528649,1,0.5,0,0.4406884,-0.3978986,0.2208122,0.4197019,0.1625311,0.162043,-0.02741975,0.4511664,0.05946367,0.8904566,1,1,1,0.4655715,-0.3786363,-0.2291081,0.1770127,0.01426965,0.1327725,-0.2555005,0.9738072,0.1937168,-0.1190519,1,1,0,0.221042,0.05131698,0.2246645,-0.1139796,-0.05716126,0.02074137,0.1389154,-0.01007027,0.7470739,0.6646647,1,0.5,1,0,0.5,-0.225496,0,0,0,0.4538718,-0.2384766,0.9707804,-0.02672895,0,0,0,0,0.5,0.225496,0,0,0,0.5441591,-0.2178558,0.8868381,0.4075011,0,0,1
142,0.1124662,0.01237858,-0.2254367,-0.7035477,-0.2148483,-0.00977546,-0.01954603,-0.4058032,0.9124258,-0.05294311,1,0.5,0,0.4575016,-0.3629766,0.2133518,0.1681316,0.3492203,-0.07460371,-0.05575755,0.3378011,0.1418671,0.9304645,1,1,1,0.4668636,-0.340172,-0.2370071,0.0129208,0.3846437,-0.07898912,-0.3151944,0.862677,0.4644232,-0.2002485,1,1,0,0.1337285,0.01800442,0.2250418,-0.8731357,-0.3331256,0.003773421,0.138729,-0.2719581,0.6951374,0.6654494,1,0.5,1,0,0.5,-0.225496,0,0,0,0.4760343,-0.3149848,0.9487371,-0.02612202,0,0,0,0,0.5,0.225496,0,0,0,0.5644433,-0.2888232,0.8699383,0.3997357,0,0,1
143,0.0904726,0.007708235,-0.2250643,-0.2199361,-0.0467034,0.003723949,0.02688873,-0.5658284,0.8231496,-0.04757045,1,0.5,0,0.4299563,-0.33388,0.2422071,-0.275453,0.2909663,0.2885526,-0.04641047,0.09117284,0.2030912,0.9749059,1,1,1,0.5074443,-0.266912,-0.1971148,0.4058075,0.7326001,0.3989224,-0.3014024,0.5984115,0.8010572,0.01452783,1,1,0,0.06065463,0.00302509,0.2249729,-0.7307383,-0.1497933,-0.0006888807,0.1871779,-0.4772368,0.624329,0.6184322,1,0.5,1,0,0.5,-0.225496,0,0,0,0.5045581,-0.386838,0.9217983,-0.02538031,0,0,0,0,0.5,0.225496,0,0,0,0.5906575,-0.3563,0.8490292,0.390128,0,0,1
144,0.1064902,0.01073016,-0.2215032,0.1601765,0.03021929,0.03561184,0.06831414,-0.6387708,0.7684662,-0.03783673,1,0.5,0,0.4165846,-0.3030858,0.2847434,-0.1337171,0.307942,0.4253632,0.002877176,-0.1052507,0.244422,0.96394,1,1,1,0.5380763,-0.2293339,-0.1433232,0.3063196,0.3757809,0.5379161,-0.284151,0.3176459,0.9111283,0.2625762,1,1,0,0.02413807,0.0002516219,0.2220165,-0.3651655,-0.02773468,-0.0295642,0.2470924,-0.596144,0.5705474,0.5648786,1,0.5,1,0,0.5,-0.225496,0,0,0,0.5385414,-0.4520886,0.8916351,-0.02454981,0,0,0,0,0.5,0.225496,0,0,0,0.6220361,-0.4184471,0.8252854,0.3792177,0,0,1
145,0.1110056,0.01178391,-0.2226725,0.04515357,0.01053746,-0.01169339,0.1182097,-0.705111,0.7081479,-0.03667443,1,0.5,0,0.4498084,-0.2828664,0.2753714,0.3322381,0.2021942,-0.09372056,0.005859971,-0.1919577,0.2829511,0.9397292,1,1,1,0.5608389,-0.1950534,-0.1528189,0.227626,0.3428051,-0.09495676,-0.2638721,0.05897992,0.9780576,0.1998118,1,1,0,0.04163016,0.001262346,0.2229255,0.1749208,0.01010724,0.009090155,0.2853209,-0.6434082,0.5440608,0.5385385,1,0.5,1,0,0.5,-0.225496,0,0,0,0.5757504,-0.5084006,0.8607945,-0.02370066,0,0,0,0,0.5,0.225496,0,0,0,0.656562,-0.4728774,0.8006489,0.3678973,0,0,1
146,0.121286,0.01468611,-0.2246435,0.1028042,0.02902202,-0.01971021,0.1721772,-0.7542092,0.65561,-0.03666222,1,0.5,0,0.5166098,-0.2439934,0.2531586,0.6680149,0.3887299,-0.222128,0.0009413362,-0.2228572,0.3633292,0.904614,1,1,1,0.5813727,-0.1778451,-0.188321,0.2053386,0.1720822,-0.3550211,-0.2471868,-0.1854154,0.9815738,0.04619625,1,1,0,0.08501454,0.006883833,0.2248145,0.4338439,0.05621487,0.0188899,0.3142227,-0.6671807,0.5316529,0.5217424,1,0.5,1,0,0.5,-0.225496,0,0,0,0.6192952,-0.5612891,0.8273063,-0.02277861,0,0,0,0,0.5,0.225496,0,0,0,0.6971711,-0.5247773,0.7734901,0.3554178,0,0,1
147,0.1408419,0.02005636,-0.2253447,0.1955583,0.05370249,-0.007012039,0.2219508,-0.7855129,0.6178488,-0.03510588,1,0.5,0,0.5685232,-0.225878,0.2315988,0.5191332,0.1811542,-0.2155973,-0.004253685,-0.2812332,0.4036783,0.8706042,1,1,1,0.5993533,-0.1788511,-0.2159418,0.1798058,-0.01005918,-0.2762079,-0.2295771,-0.4015568,0.9139348,-0.05895124,1,1,0,0.1316331,0.01738166,0.2255388,0.4661857,0.1049783,0.007242709,0.3424988,-0.684049,0.5262698,0.5050912,1,0.5,1,0,0.5,-0.225496,0,0,0,0.6658945,-0.6072106,0.7942399,-0.02186818,0,0,0,0,0.5,0.225496,0,0,0,0.7408493,-0.5705314,0.7462631,0.3429071,0,0,1
148,0.1547646,0.02421942,-0.2252814,0.1392277,0.04163062,0.0006331503,0.2778501,-0.8148218,0.5787997,-0.03250163,1,0.5,0,0.5857363,-0.2536516,0.2088533,0.1721311,-0.2777366,-0.2274556,-0.01213929,-0.4157695,0.3532737,0.8380533,1,1,1,0.5972688,-0.2079864,-0.2396722,-0.02084553,-0.291353,-0.2373041,-0.2072518,-0.6534801,0.744714,-0.1355164,1,1,0,0.1750023,0.031067,0.2252031,0.4336917,0.1368534,-0.003357381,0.3753159,-0.7009716,0.5221738,0.485771,1,0.5,1,0,0.5,-0.225496,0,0,0,0.7165421,-0.6482093,0.7611738,-0.02095775,0,0,0,0,0.5,0.225496,0,0,0,0.7885541,-0.6119835,0.718635,0.330212,0,0,1
149,0.1697633,0.02953575,-0.2246059,0.1499872,0.05316328,0.006754845,0.3350612,-0.837585,0.5455118,-0.029466,1,0.5,0,0.5623989,-0.3085262,0.2050909,-0.2333742,-0.5487454,-0.03762394,0.02155966,-0.5882342,0.2252357,0.7766913,1,1,1,0.5389615,-0.3071752,-0.245221,-0.5830729,-0.9918886,-0.05548775,-0.1461349,-0.9332275,0.3357912,-0.1277915,1,1,0,0.2106214,0.0462665,0.2243633,0.3561914,0.151995,-0.008397102,0.4147913,-0.7199202,0.516256,0.4638909,1,0.5,1,0,0.5,-0.225496,0,0,0,0.7702879,-0.6842529,0.7289686,-0.02007103,0,0,0,0,0.5,0.225496,0,0,0,0.8394134,-0.6489394,0.6913474,0.3176734,0,0,1
150,0.2044803,0.04345955,-0.225348,0.3471693,0.139238,-0.007420331,0.3800627,-0.8453481,0.5334387,-0.02880243,1,0.5,0,0.4727581,-0.3812191,0.2209097,-0.896408,-0.7269296,0.1581877,0.1367443,-0.7470528,0.07032789,0.661034,1,1,1,0.3955919,-0.4186301,-0.2218423,-1.433696,-1.114549,0.2337864,0.05332816,-0.9991318,0.01331918,-0.03947444,1,1,0,0.2234405,0.05217919,0.2252654,0.1281902,0.05912691,0.009020269,0.4670211,-0.7497243,0.4944868,0.4397684,1,0.5,1,0,0.5,-0.225496,0,0,0,0.8257692,-0.7153882,0.6984624,-0.01923109,0,0,0,0,0.5,0.225496,0,0,0,0.8921424,-0.6812806,0.6651618,0.3056411,0,0,1
151,0.1833604,0.03460786,-0.2245781,-0.2111992,-0.08851692,0.007698238,0.4664285,-0.8787478,0.4766083,-0.02543191,1,0.5,0,0.2863109,-0.4450782,0.2362763,-1.864472,-0.6385905,0.153666,0.364673,-0.8630968,-0.02206402,0.5045564,1,1,1,0.2201657,-0.4638223,-0.2095011,-1.754261,-0.4519218,0.1234125,0.313377,-0.99885,-0.04650034,-0.01168102,1,1,0,0.2190114,0.05019355,0.2248071,-0.04429042,-0.01985647,-0.004582852,0.5340017,-0.7868419,0.4605346,0.4108379,1,0.5,1,0,0.5,-0.225496,0,0,0,0.8872288,-0.7443669,0.6675178,-0.01837908,0,0,0,0,0.5,0.225496,0,0,0,0.9507931,-0.7117537,0.6382716,0.2932851,0,0,1
152,0.1016763,0.01040691,-0.2245975,-0.8168409,-0.2420095,-0.0001935661,0.5977411,-0.9173069,0.3975499,-0.02240736,1,0.5,0,0.06550097,-0.4748897,0.2407937,-2.208099,-0.2981156,0.04517466,0.6335043,-0.9202795,-0.04313149,0.388877,1,1,1,0.04625199,-0.486304,-0.209677,-1.739138,-0.2248174,-0.00175938,0.5641439,-0.9983516,-0.05666907,-0.009093702,1,1,0,0.1385707,0.0194516,0.2248465,-0.8044074,-0.3074194,0.0003945827,0.6488949,-0.8443515,0.3877218,0.3697871,1,0.5,1,0,0.5,-0.225496,0,0,0,0.9447188,-0.7673754,0.6409552,-0.01764772,0,0,0,0,0.5,0.225496,0,0,0,1.005858,-0.7362192,0.6149317,0.2825604,0,0,1
153,-0.02328148,0.0002687915,-0.2256349,-1.249577,-0.1013812,-0.01037389,0.7829871,-0.9429807,0.3322471,-0.01998061,1,0.5,0,-0.1403471,-0.4855435,0.2251341,-2.058481,-0.1065379,-0.1565959,0.8946118,-0.9514459,-0.04269541,0.3048405,1,1,1,-0.1161643,-0.4909626,-0.2251654,-1.624163,-0.0465858,-0.1548842,0.8045764,-0.9985731,-0.04979595,-0.01929011,1,1,0,-0.02257024,0.0004266238,0.2253511,-1.611409,-0.1902498,0.005045682,0.8508281,-0.8950961,0.3156779,0.3148818,1,0.5,1,0,0.5,-0.225496,0,0,0,1.005333,-0.7882311,0.6151462,-0.01693711,0,0,0,0,0.5,0.225496,0,0,0,1.064105,-0.758613,0.5920318,0.272038,0,0,1
154,-0.1536198,0.02399917,-0.224225,-1.303383,0.2373038,0.01409903,0.9948658,-0.953477,0.3010298,-0.01620545,1,0.5,0,-0.312406,-0.4460788,0.2308989,-1.720589,0.3946471,0.05764753,1.141789,-0.9648662,-0.01222984,0.262457,1,1,1,-0.2552974,-0.4654382,-0.2160103,-1.391331,0.2552441,0.0915508,1.027591,-0.9996117,-0.02581726,-0.01048078,1,1,0,-0.1974388,0.04055418,0.2243378,-1.748685,0.4012755,-0.01013294,1.098782,-0.9189112,0.2918184,0.2654131,1,0.5,1,0,0.5,-0.225496,0,0,0,1.073324,-0.808289,0.5885628,-0.01620518,0,0,0,0,0.5,0.225496,0,0,0,1.129646,-0.780354,0.5682217,0.2610973,0,0,1
155,-0.2592203,0.07187565,-0.2250539,-1.056005,0.4787648,-0.008289218,1.182668,-0.9551076,0.2958847,-0.01488938,1,0.5,0,-0.4516364,-0.3825458,0.2309988,-1.392304,0.6353301,0.0009986758,1.350949,-0.9722285,0.02347672,0.2328529,1,1,1,-0.3701369,-0.4154109,-0.2114131,-1.148394,0.5002731,0.04597217,1.218116,-0.9999589,0.0061632,-0.006642815,1,1,0,-0.2851208,0.08891484,0.2249018,-0.8768199,0.4836066,0.005639941,1.264218,-0.9256394,0.2918659,0.2408443,1,0.5,1,0,0.5,-0.225496,0,0,0,1.135538,-0.8241379,0.5661746,-0.01558875,0,0,0,0,0.5,0.225496,0,0,0,1.189787,-0.7976795,0.547998,0.2518045,0,0,1
156,-0.2876534,0.09060559,-0.2251737,-0.2843305,0.1872994,-0.0011985,1.293336,-0.9575065,0.2880696,-0.01403738,1,0.5,0,-0.537244,-0.3380271,0.2295987,-0.8560762,0.4451868,-0.01400039,1.515016,-0.9760329,0.04365866,0.2131987,1,1,1,-0.4854272,-0.3684678,-0.2174558,-1.152903,0.4694313,-0.06042629,1.415848,-0.9995075,0.03002963,-0.009111241,1,1,0,-0.3090734,0.1068272,0.2250685,-0.239526,0.1791239,0.001666546,1.367391,-0.9310055,0.2853325,0.227627,1,0.5,1,0,0.5,-0.225496,0,0,0,1.203389,-0.8391965,0.5436223,-0.01496781,0,0,0,0,0.5,0.225496,0,0,0,1.255542,-0.8142655,0.5274723,0.2423729,0,0,1
157,-0.2550236,0.06971204,-0.2251175,0.3262973,-0.2089356,0.0005619228,1.332149,-0.9626046,0.2705632,-0.01370933,1,0.5,0,-0.5736983,-0.318509,0.2233357,-0.3645432,0.1951811,-0.06263047,1.627624,-0.9787022,0.05052162,0.1989711,1,1,1,-0.5654519,-0.3221583,-0.22754,-0.8002472,0.4630944,-0.1008424,1.576844,-0.9986612,0.04999974,-0.0132605,1,1,0,-0.2741399,0.08191407,0.2252539,0.3493348,-0.2491316,0.001854002,1.401847,-0.9373792,0.2670636,0.2236005,1,0.5,1,0,0.5,-0.225496,0,0,0,1.270321,-0.8521686,0.5230691,-0.01440191,0,0,0,0,0.5,0.225496,0,0,0,1.320558,-0.8286534,0.5086352,0.2337173,0,0,1
158,-0.1916901,0.03806103,-0.2253849,0.6333354,-0.3165101,-0.002673864,1.341504,-0.9676288,0.252001,-0.01378489,1,0.5,0,-0.5487684,-0.3142597,0.22283,0.2492994,0.04249305,-0.00505656,1.683224,-0.9797302,0.05118132,0.1936723,1,1,1,-0.5742615,-0.2840638,-0.2264547,-0.08809626,0.3809449,0.01085296,1.669274,-0.9977826,0.06543025,-0.01219519,1,1,0,-0.1950827,0.03932393,0.2255354,0.7905722,-0.4259014,0.002815127,1.39337,-0.9429141,0.2457649,0.2247503,1,0.5,1,0,0.5,-0.225496,0,0,0,1.340345,-0.8640785,0.5031665,-0.01385392,0,0,0,0,0.5,0.225496,0,0,0,1.388721,-0.8419468,0.4902789,0.2252826,0,0,1
159,-0.1227242,0.01517532,-0.2254138,0.6896586,-0.2288571,-0.0002887845,1.346905,-0.9709534,0.2388728,-0.01376022,1,0.5,0,-0.4670379,-0.3345717,0.2346061,0.8173051,-0.2031198,0.117761,1.683221,-0.9790909,0.04187771,0.1990665,1,1,1,-0.5132224,-0.2968634,-0.2124673,0.6103915,-0.1279953,0.1398739,1.687607,-0.9982399,0.059031,-0.005699063,1,1,0,-0.1060144,0.01109707,0.2253194,0.8906829,-0.2822685,-0.002159923,1.378317,-0.9458193,0.2327068,0.2264364,1,0.5,1,0,0.5,-0.225496,0,0,0,1.410186,-0.87454,0.4847696,-0.01334739,0,0,0,0,0.5,0.225496,0,0,0,1.456836,-0.8536915,0.4732129,0.2174408,0,0,1
160,-0.06902131,0.004549005,-0.2246707,0.5370292,-0.1062632,0.007430911,1.371125,-0.9730772,0.2301016,-0.01318496,1,0.5,0,-0.3398627,-0.3912783,0.2477925,1.271752,-0.5670661,0.1318642,1.63927,-0.9777124,0.01623063,0.2093202,1,1,1,-0.3940593,-0.3745283,-0.1996424,1.191631,-0.7766488,0.1282492,1.646405,-0.9997124,0.02398044,0.0001666102,1,1,0,-0.03061458,0.000883239,0.2247747,0.753998,-0.1021383,-0.005447119,1.381332,-0.9473836,0.2269049,0.2257841,1,0.5,1,0,0.5,-0.225496,0,0,0,1.481585,-0.8840037,0.4673028,-0.01286647,0,0,0,0,0.5,0.225496,0,0,0,1.526592,-0.8643714,0.4569248,0.2099564,0,0,1
161,-0.04339273,0.001782797,-0.2244325,0.2562858,-0.02766208,0.002382249,1.418905,-0.9747512,0.2229307,-0.01273252,1,0.5,0,-0.1625317,-0.4724534,0.2384386,1.773311,-0.8117515,-0.09353966,1.537859,-0.9763157,-0.02279522,0.2151467,1,1,1,-0.2129028,-0.4684125,-0.2097125,1.811565,-0.9388423,-0.1007013,1.540429,-0.9997726,-0.02078607,-0.004760037,1,1,0,0.0007462187,-0.0001639217,0.2244561,0.3136079,-0.01047161,-0.003185868,1.42274,-0.9498507,0.2214736,0.2207558,1,0.5,1,0,0.5,-0.225496,0,0,0,1.548483,-0.8919099,0.4520419,-0.01244628,0,0,0,0,0.5,0.225496,0,0,0,1.592051,-0.8733352,0.4426278,0.203387,0,0,1
162,-0.02658836,0.0004474426,-0.2253879,0.1680437,-0.01335354,-0.009554327,1.479626,-0.9764377,0.2154182,-0.01282461,1,0.5,0,0.0565689,-0.4933768,0.2240952,2.191006,-0.2092335,-0.1434335,1.399012,-0.9740983,-0.03547992,0.2233241,1,1,1,0.01811434,-0.4974473,-0.225288,2.310172,-0.2903485,-0.155755,1.389799,-0.9991955,-0.03780685,-0.01338132,1,1,0,-0.02414911,0.000198149,0.225523,-0.2489533,0.003620707,0.01066878,1.522303,-0.9546257,0.210749,0.2104151,1,0.5,1,0,0.5,-0.225496,0,0,0,1.619543,-0.8994361,0.4368867,-0.01202901,0,0,0,0,0.5,0.225496,0,0,0,1.661679,-0.8819038,0.4283707,0.1968358,0,0,1
163,0.01163805,3.483648E-05,-0.2251816,0.3822641,-0.004126062,0.002063364,1.521023,-0.9774495,0.2108016,-0.01245982,1,0.5,0,0.2482089,-0.4286813,0.2362639,1.9164,0.6469548,0.1216871,1.292771,-0.9699383,-0.001495626,0.2433462,1,1,1,0.2382817,-0.4454409,-0.2142719,2.201674,0.5200645,0.1101609,1.248971,-0.9999049,-0.01111562,-0.008160188,1,1,0,-0.009055719,-8.84672E-05,0.2253194,0.1509339,-0.002866162,-0.002035648,1.584917,-0.9574202,0.2042822,0.2039982,1,0.5,1,0,0.5,-0.225496,0,0,0,1.692405,-0.9063501,0.4223673,-0.01162924,0,0,0,0,0.5,0.225496,0,0,0,1.733167,-0.8898064,0.4146578,0.1905348,0,0,1
164,0.0914208,0.008321867,-0.2249721,0.7978275,0.08287031,0.002094656,1.397169,-0.9733536,0.2289315,-0.01316283,1,0.5,0,0.3872123,-0.3752278,0.2428873,1.390034,0.5345351,0.06623343,1.113625,-0.9610815,0.03146468,0.2744673,1,1,1,0.409017,-0.3773948,-0.2075217,1.707353,0.6804606,0.06750241,1.029811,-0.999483,0.03177201,-0.004916743,1,1,0,0.06146347,0.003737206,0.2251072,0.7051919,0.03825673,-0.002122372,1.471527,-0.9518377,0.2179717,0.2156233,1,0.5,1,0,0.5,-0.225496,0,0,0,1.648049,-0.9022313,0.4310888,-0.01186937,0,0,0,0,0.5,0.225496,0,0,0,1.689637,-0.8850952,0.4229011,0.1943226,0,0,1
165,0.1881063,0.03664841,-0.2250109,0.9668545,0.2832654,-0.0003877282,1.233633,-0.9636256,0.2668664,-0.01442687,1,0.5,0,0.4770755,-0.3597904,0.2360931,0.8986318,0.1543742,-0.06794199,0.9503069,-0.9526286,0.04565214,0.3006902,1,1,1,0.5222567,-0.3351511,-0.2119906,1.132397,0.4224372,-0.04468903,0.8395606,-0.9976574,0.06781992,-0.008951138,1,1,0,0.1590987,0.02580089,0.2249121,0.9763526,0.2206368,-0.001950413,1.309212,-0.9394037,0.2497225,0.2348603,1,0.5,1,0,0.5,-0.225496,0,0,0,1.576732,-0.8950021,0.4458929,-0.01227698,0,0,0,0,0.5,0.225496,0,0,0,1.61972,-0.8768514,0.4368502,0.2007322,0,0,1
166,0.2680373,0.07734467,-0.2254483,0.7993106,0.4069626,-0.004374087,1.091318,-0.9485222,0.3163068,-0.01599197,1,0.5,0,0.5083121,-0.3613887,0.2235002,0.3123662,-0.01598299,-0.1259288,0.8394797,-0.9474763,0.04823613,0.3161677,1,1,1,0.5696183,-0.3213574,-0.221537,0.4736155,0.1379368,-0.09546399,0.7125348,-0.9961108,0.08630067,-0.01776196,1,1,0,0.2527896,0.06828313,0.225238,0.9369091,0.4248223,0.003258735,1.15822,-0.9194484,0.2980805,0.2564425,1,0.5,1,0,0.5,-0.225496,0,0,0,1.504348,-0.886791,0.4619957,-0.01272034,0,0,0,0,0.5,0.225496,0,0,0,1.548855,-0.8675272,0.4519598,0.207675,0,0,1
167,0.3136942,0.1106034,-0.2251556,0.4565689,0.3325868,0.002927333,0.9831865,-0.932105,0.3617909,-0.01696049,1,0.5,0,0.5011271,-0.3605823,0.2173989,-0.07184982,0.008063614,-0.0610134,0.7675378,-0.9428142,0.05161004,0.3292989,1,1,1,0.5410253,-0.3347059,-0.2310424,-0.2859294,-0.1334849,-0.09505406,0.6591722,-0.996534,0.078758,-0.0267798,1,1,0,0.2900266,0.09256718,0.2249403,0.3723696,0.2428406,-0.002976954,1.057804,-0.902651,0.3328835,0.2727816,1,0.5,1,0,0.5,-0.225496,0,0,0,1.432654,-0.8776428,0.4791339,-0.01319222,0,0,0,0,0.5,0.225496,0,0,0,1.478775,-0.857187,0.4679664,0.21503,0,0,1
168,0.2953208,0.09635796,-0.2250861,-0.183734,-0.1424539,0.0006946921,0.9231466,-0.9300364,0.3670444,-0.01762721,1,0.5,0,0.4610759,-0.3822249,0.2186466,-0.4005125,-0.2164257,0.01247704,0.731964,-0.9398189,0.03553278,0.3398205,1,1,1,0.4698937,-0.3720118,-0.2321486,-0.7113162,-0.3730583,-0.01106173,0.650722,-0.998508,0.04691685,-0.02793774,1,1,0,0.2737671,0.08145034,0.225118,-0.1625946,-0.1111685,0.001776814,0.9992033,-0.897231,0.33848,0.2835626,1,0.5,1,0,0.5,-0.225496,0,0,0,1.365197,-0.8679506,0.4964623,-0.01366933,0,0,0,0,0.5,0.225496,0,0,0,1.412944,-0.8462864,0.4840705,0.2224299,0,0,1
169,0.2054254,0.04395105,-0.2255149,-0.898954,-0.5240691,-0.004287809,0.9092752,-0.9425868,0.33347,-0.01810497,1,0.5,0,0.3882387,-0.4214686,0.2250699,-0.728372,-0.3924373,0.06423324,0.7218804,-0.9375312,0.003708533,0.3478817,1,1,1,0.3684297,-0.4287727,-0.2254064,-1.01464,-0.56761,0.06742179,0.6656402,-0.9997596,-0.002378734,-0.02179608,1,1,0,0.2020242,0.04264576,0.2254768,-0.7174293,-0.3880457,0.003588051,0.9745367,-0.9031755,0.3178258,0.2885495,1,0.5,1,0,0.5,-0.225496,0,0,0,1.291825,-0.855993,0.5167916,-0.01422906,0,0,0,0,0.5,0.225496,0,0,0,1.341476,-0.8329133,0.5028575,0.2310625,0,0,1
170,0.06154241,0.003681433,-0.2250983,-1.43883,-0.4026962,0.004166216,0.9616292,-0.955659,0.2939743,-0.01717143,1,0.5,0,0.2733381,-0.4566397,0.2180512,-1.149006,-0.3517109,-0.0701873,0.7569749,-0.9427582,-0.02437575,0.3325851,1,1,1,0.2272943,-0.4679425,-0.2304624,-1.411354,-0.3916973,-0.05056053,0.7321581,-0.9991146,-0.03403985,-0.02472284,1,1,0,0.08752953,0.007562031,0.2251257,-1.144947,-0.3508373,-0.00351131,0.9992958,-0.9143172,0.2891771,0.2835502,1,0.5,1,0,0.5,-0.225496,0,0,0,1.227699,-0.8441061,0.535973,-0.01475719,0,0,0,0,0.5,0.225496,0,0,0,1.279141,-0.8197,0.520476,0.2391582,0,0,1
171,-0.06618705,0.004222979,-0.2248625,-1.277295,0.005415461,0.002357215,1.005562,-0.9581602,0.2857557,-0.01651379,1,0.5,0,0.1143599,-0.477229,0.2090972,-1.589782,-0.2058932,-0.08953929,0.8276619,-0.9505603,-0.0385859,0.3081336,1,1,1,0.04506949,-0.4831249,-0.2364857,-1.822248,-0.1518247,-0.06023243,0.8330375,-0.9987065,-0.04285321,-0.02737034,1,1,0,-0.03145679,0.0007782575,0.2248387,-1.189863,-0.06783773,-0.002869964,1.031222,-0.9194224,0.2787175,0.2774508,1,0.5,1,0,0.5,-0.225496,0,0,0,1.159083,-0.8296046,0.5581397,-0.01536752,0,0,0,0,0.5,0.225496,0,0,0,1.212586,-0.8036866,0.5407027,0.2484523,0,0,1
172,-0.1385572,0.0193488,-0.2252189,-0.7237015,0.1512582,-0.003563613,1.007573,-0.9552248,0.2954078,-0.01672815,1,0.5,0,-0.0809769,-0.486993,0.2138724,-1.953368,-0.09763926,0.04775196,0.9444001,-0.9571385,-0.04222719,0.2865359,1,1,1,-0.1544735,-0.4805142,-0.2310789,-1.99543,0.02610713,0.05406767,0.9573392,-0.9990726,-0.03740669,-0.0213258,1,1,0,-0.1105547,0.01202536,0.2248808,-0.7909787,0.112471,0.0004215539,1.038287,-0.9179485,0.2847487,0.2762038,1,0.5,1,0,0.5,-0.225496,0,0,0,1.097518,-0.8147099,0.5796491,-0.01595975,0,0,0,0,0.5,0.225496,0,0,0,1.153016,-0.7873573,0.5601882,0.2574059,0,0,1
173,-0.1565722,0.02497021,-0.2252521,-0.1801495,0.05621411,-0.0003321469,0.9432763,-0.9497688,0.3124628,-0.01749639,1,0.5,0,-0.2885726,-0.4574094,0.2251658,-2.075957,0.2958357,0.112934,1.062081,-0.9620365,-0.02010739,0.2721791,1,1,1,-0.336192,-0.4416946,-0.2229905,-1.817185,0.3881967,0.0808838,1.050648,-0.9998389,-0.01012129,-0.0148264,1,1,0,-0.1356656,0.01862348,0.2252453,-0.2511095,0.06598127,0.003645271,0.9834684,-0.9099433,0.2997189,0.2866561,1,0.5,1,0,0.5,-0.225496,0,0,0,1.027227,-0.7950398,0.6063275,-0.0166943,0,0,0,0,0.5,0.225496,0,0,0,1.085188,-0.7659702,0.5841579,0.2684199,0,0,1
174,-0.1520453,0.02350571,-0.2253725,0.04526854,-0.01464508,-0.001203716,0.8641727,-0.9439697,0.3295079,-0.01859918,1,0.5,0,-0.4493394,-0.3736407,0.229742,-1.607668,0.8376873,0.04576147,1.14309,-0.9646651,0.03186639,0.261545,1,1,1,-0.4637953,-0.3673275,-0.2210164,-1.276033,0.7436705,0.0197418,1.100701,-0.9992418,0.03665424,-0.01312947,1,1,0,-0.141717,0.02053384,0.2254306,-0.06051362,0.01910359,0.001852959,0.9185055,-0.9005317,0.3147917,0.2999147,1,0.5,1,0,0.5,-0.225496,0,0,0,0.9655794,-0.7749101,0.631832,-0.01739653,0,0,0,0,0.5,0.225496,0,0,0,1.025883,-0.7442852,0.6068617,0.2788523,0,0,1
175,-0.1553044,0.0248226,-0.2253942,-0.03259093,0.0131689,-0.0002174079,0.7905285,-0.9367925,0.3493317,-0.01967739,1,0.5,0,-0.5404462,-0.294134,0.2253664,-0.911068,0.7950664,-0.04375607,1.155137,-0.9631224,0.07967075,0.2569977,1,1,1,-0.5287369,-0.3077444,-0.2252946,-0.6494159,0.5958313,-0.04278228,1.087004,-0.9970925,0.07451501,-0.01593858,1,1,0,-0.1552415,0.02460094,0.2255265,-0.135245,0.04067097,0.0009587407,0.8585064,-0.8898703,0.3316885,0.3132311,1,0.5,1,0,0.5,-0.225496,0,0,0,0.9029649,-0.7510188,0.6600307,-0.01817293,0,0,0,0,0.5,0.225496,0,0,0,0.965847,-0.7188015,0.6317167,0.2902731,0,0,1
176,-0.1636879,0.02728607,-0.2254854,-0.08383498,0.02463475,-0.000911355,0.7270901,-0.9290386,0.3693992,-0.02076894,1,0.5,0,-0.5759208,-0.2659289,0.2178848,-0.3547454,0.2820516,-0.0748159,1.115463,-0.9608681,0.09908683,0.258678,1,1,1,-0.5427958,-0.2986172,-0.2306852,-0.1405895,0.0912717,-0.05390644,1.024762,-0.9963009,0.08354272,-0.0201246,1,1,0,-0.1737757,0.03098348,0.2253365,-0.1853423,0.06382536,-0.001899749,0.8086174,-0.878868,0.3492109,0.3250274,1,0.5,1,0,0.5,-0.225496,0,0,0,0.8458599,-0.7254293,0.688036,-0.01894402,0,0,0,0,0.5,0.225496,0,0,0,0.9112886,-0.6917977,0.6561379,0.3014947,0,0,1
177,-0.1694524,0.02947634,-0.2251926,-0.05764529,0.02190264,0.002927631,0.6605387,-0.9195088,0.3924698,-0.02170768,1,0.5,0,-0.5584753,-0.303388,0.2114069,0.1744545,-0.3745911,-0.06477818,1.01811,-0.9591852,0.08076625,0.2709995,1,1,1,-0.509438,-0.3369983,-0.2355714,0.333578,-0.3838104,-0.0488618,0.9103717,-0.9976881,0.06310517,-0.0252213,1,1,0,-0.1944375,0.03926039,0.2250012,-0.2066182,0.08276919,-0.00335291,0.7608722,-0.8661548,0.3689988,0.3370692,1,0.5,1,0,0.5,-0.225496,0,0,0,0.789939,-0.6959034,0.7178634,-0.01976527,0,0,0,0,0.5,0.225496,0,0,0,0.8580647,-0.6609943,0.6818526,0.3133106,0,0,1
178,-0.1735435,0.03093704,-0.2246725,-0.04091039,0.01460701,0.005200952,0.5886819,-0.9073725,0.4197158,-0.02266273,1,0.5,0,-0.4749173,-0.3776975,0.2172305,0.8355802,-0.743095,0.05823553,0.8559082,-0.9508121,0.03562375,0.3077129,1,1,1,-0.4212216,-0.403515,-0.2297396,0.8821639,-0.6651673,0.05831838,0.7360808,-0.999545,0.01819057,-0.02405957,1,1,0,-0.2090545,0.04562528,0.2247167,-0.14617,0.06364889,-0.002845675,0.7041854,-0.8498286,0.391655,0.3527004,1,0.5,1,0,0.5,-0.225496,0,0,0,0.7333714,-0.6602201,0.7507877,-0.02067179,0,0,0,0,0.5,0.225496,0,0,0,0.8044547,-0.624243,0.7098752,0.3261869,0,0,1
179,-0.1731125,0.03062149,-0.2254364,0.004309863,-0.003155433,-0.007639378,0.515511,-0.8928551,0.449647,-0.02504793,1,0.5,0,-0.3261081,-0.4441386,0.2259769,1.488092,-0.6644112,0.0874643,0.6422561,-0.9277252,-0.01587961,0.3729259,1,1,1,-0.2765702,-0.4586442,-0.2220532,1.446514,-0.551292,0.07686406,0.5109298,-0.9992403,-0.03229124,-0.02181474,1,1,0,-0.1874893,0.03626774,0.2253066,0.215652,-0.09357549,0.005899519,0.6148845,-0.8261673,0.4146328,0.3814804,1,0.5,1,0,0.5,-0.225496,0,0,0,0.6816442,-0.6208228,0.7836539,-0.02157671,0,0,0,0,0.5,0.225496,0,0,0,0.7556591,-0.5842284,0.7374613,0.3388627,0,0,1
180,-0.1231894,0.01535461,-0.2254112,0.4992313,-0.1526688,0.0002521276,0.3964004,-0.8699281,0.4923632,-0.02834808,1,0.5,0,-0.1371485,-0.4846269,0.224859,1.889596,-0.4048827,-0.011179,0.4022207,-0.8797882,-0.06498062,0.4709037,1,1,1,-0.108517,-0.4845575,-0.2251979,1.680532,-0.259133,-0.03144681,0.2677826,-0.9965471,-0.07626831,-0.03281899,1,1,0,-0.1226274,0.01508274,0.2255649,0.6486188,-0.2118499,0.002582967,0.4914019,-0.7860001,0.4449081,0.4292558,1,0.5,1,0,0.5,-0.225496,0,0,0,0.6354597,-0.5782808,0.8155288,-0.02245433,0,0,0,0,0.5,0.225496,0,0,0,0.7122976,-0.5416282,0.7638389,0.3509831,0,0,1
181,-0.01909802,0.0002098238,-0.2254661,1.040913,-0.1514479,-0.0005491078,0.2303073,-0.8112898,0.5836034,-0.03487045,1,0.5,0,0.05708488,-0.4956384,0.2234166,1.942334,-0.1101154,-0.01442403,0.1713457,-0.7690642,-0.1037296,0.6306983,1,1,1,0.05536322,-0.4941506,-0.2275942,1.638802,-0.09593129,-0.02396315,0.02322137,-0.9900773,-0.130252,-0.05273898,1,1,0,-0.008415628,6.481762E-05,0.2254025,1.142118,-0.1501793,-0.001624227,0.3372572,-0.6948981,0.5088816,0.5080906,1,0.5,1,0,0.5,-0.225496,0,0,0,0.5894519,-0.5263131,0.8499687,-0.02340258,0,0,0,0,0.5,0.225496,0,0,0,0.669317,-0.4903656,0.7919153,0.3638842,0,0,1
182,0.106774,0.01155193,-0.2254439,1.25872,0.113421,0.0002221763,0.08876312,-0.667704,0.7431714,-0.0432159,1,0.5,0,0.233596,-0.4722842,0.2251948,1.765111,0.2335417,0.01778156,0.003832519,-0.5285437,-0.09186431,0.8439209,1,1,1,0.2019065,-0.4792148,-0.2246227,1.465433,0.1493585,0.02971441,-0.196299,-0.9811853,-0.1752209,-0.08107553,1,1,0,0.1246928,0.01561736,0.2251199,1.331084,0.1555254,-0.002826154,0.2186991,-0.5220554,0.6144677,0.591513,1,0.5,1,0,0.5,-0.225496,0,0,0,0.5526251,-0.4749018,0.8797054,-0.02422134,0,0,0,0,0.5,0.225496,0,0,0,0.6350843,-0.4404021,0.8157985,0.3748585,0,0,1
183,0.2025756,0.04158144,-0.2254748,0.9580165,0.3002951,-0.000308305,0.01554376,-0.4182921,0.9069675,-0.04941338,1,0.5,0,0.3746684,-0.4253177,0.2210868,1.410724,0.4696649,-0.04107952,-0.07666603,-0.102886,0.001611646,0.9946918,1,1,1,0.2433923,-0.4565625,-0.2095006,0.4148576,0.226523,0.1512209,-0.3222634,-0.9836538,-0.1719537,-0.05345348,1,1,0,0.2252013,0.05203186,0.2249859,1.005085,0.3641451,-0.001340359,0.1681205,-0.2889033,0.7154875,0.6360916,1,0.5,1,0,0.5,-0.225496,0,0,0,0.5163842,-0.4114817,0.9110727,-0.02508499,0,0,0,0,0.5,0.225496,0,0,0,0.6015596,-0.3796649,0.8406263,0.3862669,0,0,1
184,0.1963267,0.03910149,-0.2198464,-0.06248876,-0.02479956,0.05628347,-0.01408902,-0.286617,0.9571742,-0.04084371,1,0.5,0,0.3206429,-0.4108006,0.2635144,-0.5402541,0.1451716,0.4242757,-0.03599542,-0.03222839,0.03275706,0.9989436,1,1,1,0.1674446,-0.4562917,-0.1583413,-0.7594764,0.002707541,0.5115936,-0.3241356,-0.9561483,-0.1722447,0.2368798,1,1,0,0.2806638,0.08573551,0.2209247,0.5546252,0.3370364,-0.04061133,0.1648823,-0.08262106,0.7696633,0.6330816,1,0.5,1,0,0.5,-0.225496,0,0,0,0.4852672,-0.3406153,0.9398466,-0.02587724,0,0,0,0,0.5,0.225496,0,0,0,0.5729158,-0.3127898,0.8630686,0.3965791,0,0,1
185,0.2053238,0.04365823,-0.2254527,0.08997038,0.04556749,-0.05606309,-0.02668837,-0.1117418,0.9922812,-0.05377581,1,0.5,0,0.1488007,-0.4459935,0.2314009,-1.718422,-0.3519291,-0.3211351,-0.05449197,-0.2455888,-0.04487794,0.9683347,1,1,1,0.08073284,-0.4404022,-0.2144131,-0.8671177,0.158895,-0.5607183,-0.3213546,-0.9934744,-0.08061898,-0.08067996,1,1,0,0.2172927,0.04919387,0.225366,-0.6337112,-0.3654164,0.04441261,0.1390774,-0.06402951,0.7435623,0.6655939,1,0.5,1,0,0.5,-0.225496,0,0,0,0.4616651,-0.2685056,0.9629132,-0.02651234,0,0,0,0,0.5,0.225496,0,0,0,0.5512832,-0.2456165,0.8808283,0.4047396,0,0,1
186,0.1367963,0.01910635,-0.2231974,-0.685275,-0.2455188,0.02255276,-0.0527809,-0.08207047,0.9952758,-0.05187042,1,0.5,0,-0.04424208,-0.4811473,0.1892169,-1.930428,-0.3515378,-0.4218401,-0.05061984,-0.4845381,-0.1227185,0.8661194,1,1,1,0.0119235,-0.4638742,-0.2579358,-0.6880934,-0.2347198,-0.4352266,-0.324222,-0.9192065,-0.2154661,-0.3295963,1,1,0,0.06981151,0.004586983,0.2226014,-1.474812,-0.4460689,-0.02764553,0.1121669,-0.169379,0.7033817,0.6903369,1,0.5,1,0,0.5,-0.225496,0,0,0,0.4424586,-0.1840927,0.9825366,-0.02705264,0,0,0,0,0.5,0.225496,0,0,0,0.5337431,-0.1678364,0.8957738,0.4116071,0,0,1
187,-0.0332756,0.0003641934,-0.22453,-1.700719,-0.1874216,-0.01332521,-0.05333644,-0.2929367,0.9545533,-0.05491821,1,0.5,0,-0.2081606,-0.4760067,0.2127318,-1.639186,0.05140513,0.2351493,0.01606065,-0.5924288,-0.09690091,0.7997739,1,1,1,-0.07483061,-0.497941,-0.2176838,-0.8675411,-0.3406686,0.4025199,-0.3123575,-0.918764,-0.3833943,-0.09424186,1,1,0,-0.06528056,0.00320323,0.2253642,-1.350921,-0.01383753,0.02762735,0.1258354,-0.2602108,0.6858085,0.6796742,1,0.5,1,0,0.5,-0.225496,0,0,0,0.431475,-0.1047463,0.9941223,-0.02737163,0,0,0,0,0.5,0.225496,0,0,0,0.5237395,-0.09530602,0.904527,0.4156292,0,0,1
188,-0.1715062,0.0299632,-0.2240228,-1.382306,0.2959901,0.005071461,-0.006436646,-0.379723,0.923819,-0.04867221,1,0.5,0,-0.2484531,-0.4500343,0.2414084,-0.402925,0.2597246,0.2867657,0.01508009,-0.5132489,-0.04666127,0.8569704,1,1,1,-0.238847,-0.465217,-0.2091793,-1.640164,0.3272408,0.0850445,-0.2420776,-0.9877319,-0.1520495,-0.03558948,1,1,0,-0.2151258,0.04857195,0.224444,-1.498452,0.4536872,-0.009201616,0.1773103,-0.3411095,0.7006713,0.6266611,1,0.5,1,0,0.5,-0.225496,0,0,0,0.4264876,-0.01717364,0.9994738,-0.02751898,0,0,0,0,0.5,0.225496,0,0,0,0.5192037,-0.01561137,0.9085525,0.4174789,0,0,1
189,-0.2731898,0.0804611,-0.2254755,-1.016836,0.504979,-0.01452714,0.04757529,-0.3773144,0.9249159,-0.04652425,1,0.5,0,-0.2961627,-0.4189153,0.2232771,-0.4770955,0.3111899,-0.1813127,-0.01841813,-0.4767224,0.0147113,0.8789307,1,1,1,-0.3627568,-0.4114023,-0.2228092,-1.239098,0.5381468,-0.1362987,-0.2025895,-0.995846,0.04908272,-0.07669264,1,1,0,-0.2729585,0.08055305,0.2255614,-0.5783275,0.319811,0.01117408,0.1930295,-0.2977892,0.7309256,0.6140596,1,0.5,1,0,0.5,-0.225496,0,0,0,0.4287406,0.07169042,0.9970491,-0.02745222,0,0,0,0,0.5,0.225496,0,0,0,0.5212522,0.06519624,0.9067301,0.4166414,0,0,1
190,-0.3134154,0.110352,-0.2226034,-0.4022557,0.298909,0.02872169,0.06199825,-0.2959189,0.9543659,-0.04021963,1,0.5,0,-0.3826182,-0.4146876,0.1924516,-0.8645546,0.04227668,-0.308255,-0.04216751,-0.5143992,0.02470852,0.8571948,1,1,1,-0.4218221,-0.3767573,-0.2551673,-0.5906528,0.3464496,-0.3235808,-0.2155087,-0.9656275,0.1730903,-0.1939155,1,1,0,-0.2502078,0.06668295,0.2219625,0.2275074,-0.138701,-0.03598899,0.1568242,-0.1569649,0.7500986,0.6424283,1,0.5,1,0,0.5,-0.225496,0,0,0,0.4379591,0.15684,0.9872499,-0.02718241,0,0,0,0,0.5,0.225496,0,0,0,0.5296427,0.1428743,0.8993411,0.4132462,0,0,1
191,-0.2394384,0.06080162,-0.2250927,0.7397698,-0.4955038,-0.02489343,-0.01230067,-0.03210565,0.9981593,-0.05145118,1,0.5,0,-0.4305394,-0.4006972,0.2264136,-0.4792124,0.1399046,0.3396203,-0.02542853,-0.4356749,0.05331721,0.8985236,1,1,1,-0.4566407,-0.3896137,-0.2237281,-0.3481862,-0.1285639,0.3143917,-0.2631227,-0.9830414,0.1536082,-0.1001704,1,1,0,-0.2426351,0.06265472,0.2258142,0.07572711,-0.04028231,0.03851697,0.1484263,-0.02907743,0.7536011,0.6566887,1,0.5,1,0,0.5,-0.225496,0,0,0,0.4529973,0.2348176,0.9716712,-0.02675348,0,0,0,0,0.5,0.225496,0,0,0,0.5433602,0.2144806,0.887517,0.4078131,0,0,1
192,-0.1425011,0.02042372,-0.2255252,0.9693728,-0.403779,-0.004324913,-0.02537307,0.3352917,0.9405781,-0.0537795,1,0.5,0,-0.4526514,-0.3855009,0.2102777,-0.2211195,0.1519623,-0.1613598,-0.06094137,-0.3439444,0.09224067,0.9344485,1,1,1,-0.4673575,-0.3596229,-0.2398356,-0.1071677,0.2999085,-0.1610754,-0.3170923,-0.9060193,0.3628997,-0.217791,1,1,0,-0.1771878,0.03172562,0.2240419,0.6544734,-0.3092909,-0.01772314,0.1362488,0.1956025,0.719413,0.6664718,1,0.5,1,0,0.5,-0.225496,0,0,0,0.474224,0.3096204,0.9505001,-0.02617056,0,0,0,0,0.5,0.225496,0,0,0,0.5627837,0.2838203,0.8712968,0.4003599,0,0,1
193,-0.1083379,0.01136808,-0.2249789,0.3416328,-0.09055641,0.005462766,0.01773363,0.5329432,0.8447744,-0.04824666,1,0.5,0,-0.4379157,-0.3377198,0.2448834,0.1473561,0.4778111,0.3460579,-0.04327956,-0.1174794,0.1932915,0.9740826,1,1,1,-0.5124097,-0.2818207,-0.196379,-0.4505229,0.7780218,0.4345663,-0.3070673,-0.6642174,0.7473038,0.01876811,1,1,0,-0.07458676,0.005219605,0.2247677,1.02601,-0.2650602,0.00725776,0.1799086,0.4554637,0.6342317,0.6247423,1,0.5,1,0,0.5,-0.225496,0,0,0,0.5028869,0.3831544,0.9233344,-0.0254226,0,0,0,0,0.5,0.225496,0,0,0,0.5891185,0.3528179,0.8502289,0.3906792,0,0,1
194,-0.09774316,0.009088323,-0.2215942,0.105947,-0.0227976,0.0338468,0.06919074,0.6436274,0.7643982,-0.0379385,1,0.5,0,-0.4102135,-0.3020443,0.2847739,0.2770221,0.356755,0.3989044,0.003262758,0.1070542,0.2463041,0.963262,1,1,1,-0.5315219,-0.2271176,-0.1430891,-0.1911217,0.5470309,0.5328992,-0.2824221,-0.3099213,0.9140745,0.2615657,1,1,0,-0.0164516,-0.0001214343,0.2220846,0.5813516,-0.05341039,-0.02683043,0.24827,0.598231,0.5691509,0.5640807,1,0.5,1,0,0.5,-0.225496,0,0,0,0.5361011,0.4479195,0.8937352,-0.02460763,0,0,0,0,0.5,0.225496,0,0,0,0.6197778,0.4144482,0.8269498,0.3799825,0,0,1
195,-0.08154149,0.006026775,-0.2225927,0.1620167,-0.03061547,-0.00998497,0.1318928,0.7288843,0.6837026,-0.03575407,1,0.5,0,-0.4262093,-0.2738824,0.2801811,-0.159958,0.2816188,-0.04592806,0.01686412,0.2242541,0.2943086,0.9290277,1,1,1,-0.5356246,-0.1901522,-0.1493233,-0.04102707,0.3696539,-0.06234184,-0.2586818,0.02690899,0.9773312,0.2099996,1,1,0,-0.01141388,-0.0002677437,0.2230397,0.05037724,-0.001463093,0.00955075,0.3011602,0.6624198,0.5313947,0.5280339,1,0.5,1,0,0.5,-0.225496,0,0,0,0.5733211,0.5050849,0.8627427,-0.0237543,0,0,0,0,0.5,0.225496,0,0,0,0.6543028,0.4696499,0.8022158,0.3686173,0,0,1
196,-0.07360899,0.005246027,-0.224598,0.07932492,-0.007807477,-0.02005294,0.2011024,0.7876704,0.615097,-0.0350848,1,0.5,0,-0.4761924,-0.2323399,0.2585772,-0.4998305,0.4154259,-0.2160388,0.01980156,0.2879064,0.3725655,0.8822159,1,1,1,-0.537618,-0.176655,-0.1847102,-0.01993418,0.1349722,-0.3538689,-0.2350642,0.3330185,0.9411525,0.05771144,1,1,0,-0.0352819,0.001039148,0.224746,-0.2386802,0.01306892,0.01706317,0.3435273,0.7001133,0.5062541,0.5035356,1,0.5,1,0,0.5,-0.225496,0,0,0,0.617949,0.5598167,0.8283026,-0.02280604,0,0,0,0,0.5,0.225496,0,0,0,0.6959125,0.5233214,0.7743042,0.3557919,0,0,1
197,-0.07323681,0.00530485,-0.2254747,0.003721863,0.0005882233,-0.008766651,0.2647023,0.8250912,0.5640167,-0.03331322,1,0.5,0,-0.5105981,-0.2328235,0.2269984,-0.3440574,-0.00483647,-0.3157876,0.007071078,0.3817764,0.3809653,0.8420879,1,1,1,-0.5296524,-0.1987137,-0.2222581,0.07965684,-0.2205867,-0.3754796,-0.2125692,0.6072194,0.7907515,-0.07743824,1,1,0,-0.07068867,0.004847777,0.2254756,-0.3540677,0.03808629,0.007296056,0.3763435,0.7228869,0.4916425,0.4855124,1,0.5,1,0,0.5,-0.225496,0,0,0,0.6636167,0.60517,0.7957947,-0.02191099,0,0,0,0,0.5,0.225496,0,0,0,0.7387092,0.5684837,0.7475523,0.3434995,0,0,1
198,-0.08321721,0.006897444,-0.2246008,-0.09980403,0.01592595,0.008739233,0.3266467,0.8513957,0.5236789,-0.02975972,1,0.5,0,-0.5105439,-0.2994626,0.1955475,0.0005424023,-0.6663914,-0.3145096,-0.001092255,0.5541642,0.2536288,0.7928269,1,1,1,-0.4876156,-0.285722,-0.2547055,0.420368,-0.8700839,-0.3244738,-0.1648672,0.8933924,0.4185742,-0.1632353,1,1,0,-0.1231964,0.01531807,0.2245998,-0.5250771,0.104703,-0.008758008,0.4031663,0.7349968,0.4886343,0.4701236,1,0.5,1,0,0.5,-0.225496,0,0,0,0.7155359,0.6474681,0.7618039,-0.0209751,0,0,0,0,0.5,0.225496,0,0,0,0.7876041,0.6112288,0.7191651,0.3304556,0,0,1
199,-0.1268768,0.0162566,-0.2234765,-0.436596,0.0935916,0.01124308,0.3608809,0.8575209,0.5137257,-0.02727029,1,0.5,0,-0.4432567,-0.3928152,0.2075451,0.6728718,-0.9335259,0.1199758,0.08749139,0.718042,0.05648554,0.6937039,1,1,1,-0.3811519,-0.4140001,-0.2386345,1.064636,-1.282781,0.1607099,-0.01436377,0.9965242,0.0247096,-0.07955445,1,1,0,-0.1862604,0.03581421,0.223213,-0.6306406,0.2049613,-0.01386821,0.423691,0.7349209,0.4999661,0.458176,1,0.5,1,0,0.5,-0.225496,0,0,0,0.7674874,0.6825316,0.7305793,-0.02011538,0,0,0,0,0.5,0.225496,0,0,0,0.8367577,0.6471631,0.6927209,0.3183045,0,0,1
200,-0.2011053,0.04156073,-0.2256331,-0.7422853,0.2530412,-0.021566,0.3766947,0.8454068,0.5333222,-0.02923831,1,0.5,0,-0.2826864,-0.4514303,0.2224086,1.605703,-0.5861506,0.1486355,0.2836612,0.841668,-0.03245062,0.5390194,1,1,1,-0.2064166,-0.4583947,-0.2221264,1.747353,-0.4439458,0.165081,0.2368973,0.9985819,-0.04396095,-0.03002646,1,1,0,-0.203307,0.04226619,0.2253252,-0.1704653,0.06451983,0.02112165,0.4727485,0.759664,0.4813847,0.4372406,1,0.5,1,0,0.5,-0.225496,0,0,0,0.8213618,0.7131044,0.7007922,-0.01929524,0,0,0,0,0.5,0.225496,0,0,0,0.8879459,0.6788946,0.667173,0.3065653,0,0,1
201,-0.1726263,0.03078258,-0.2254732,0.2847908,-0.1077815,0.001598746,0.4682791,0.8813415,0.4717468,-0.02630769,1,0.5,0,-0.05234707,-0.4508073,0.2295798,2.303393,0.006229877,0.07171214,0.5645071,0.9146616,-0.02330403,0.4035481,1,1,1,-0.06049422,-0.4564961,-0.2212907,1.459224,0.01898557,0.008357614,0.4662327,0.9992589,-0.03156191,-0.02203471,1,1,0,-0.1787922,0.03297937,0.2254448,0.2451475,-0.09286825,0.001196563,0.5533018,0.8043455,0.435753,0.4039154,1,0.5,1,0,0.5,-0.225496,0,0,0,0.8823256,0.7422353,0.6698856,-0.01844427,0,0,0,0,0.5,0.225496,0,0,0,0.9461055,0.7094994,0.6403406,0.2942358,0,0,1
202,-0.07030682,0.004342175,-0.2254763,1.023194,-0.264404,-3.08454E-05,0.6199841,0.9229532,0.3842395,-0.022747,1,0.5,0,0.1467389,-0.4473826,0.2214687,1.990859,0.03424674,-0.08111119,0.8200152,0.9475183,-0.01619877,0.3192908,1,1,1,0.07705776,-0.4734818,-0.2233513,1.37552,-0.1698565,-0.02060652,0.6822422,0.9989979,-0.0401625,-0.01975172,1,1,0,-0.06817643,0.004119862,0.2255552,1.106158,-0.288595,0.00110358,0.6995959,0.8634769,0.358554,0.3547488,1,0.5,1,0,0.5,-0.225496,0,0,0,0.9411597,0.7660495,0.6425381,-0.0176913,0,0,0,0,0.5,0.225496,0,0,0,1.002444,0.7348025,0.6163291,0.2832025,0,0,1
203,0.06687971,0.004515113,-0.2240098,1.371865,0.001729378,0.01466498,0.8260238,0.9456553,0.3246662,-0.0181066,1,0.5,0,0.2691599,-0.4629557,0.216078,1.224211,-0.1557305,-0.05390659,1.014967,0.9612362,-0.02439371,0.2746449,1,1,1,0.2206735,-0.471159,-0.2322144,1.436157,0.02322853,-0.08863047,0.9088476,0.9992246,-0.03205382,-0.02286575,1,1,0,0.1219606,0.01484526,0.2236034,1.90137,0.107254,-0.01951754,0.9447755,0.9060525,0.3051306,0.2931967,1,0.5,1,0,0.5,-0.225496,0,0,0,1.005752,0.7883647,0.6149751,-0.0169324,0,0,0,0,0.5,0.225496,0,0,0,1.064508,0.7587571,0.5918793,0.2719679,0,0,1
204,0.2291817,0.05551708,-0.2251429,1.62302,0.5100197,-0.01133114,1.068069,0.9515497,0.3070765,-0.01603431,1,0.5,0,0.3428758,-0.4247085,0.2331051,0.7371587,0.3824717,0.1702708,1.163172,0.965498,0.0007765184,0.2604091,1,1,1,0.329718,-0.4342357,-0.2175831,1.090445,0.3692326,0.1463124,1.09275,0.9999257,-0.005170738,-0.01103947,1,1,0,0.248855,0.06634645,0.2252655,1.268944,0.5150119,0.01662061,1.145813,0.9185544,0.299151,0.2583924,1,0.5,1,0,0.5,-0.225496,0,0,0,1.06623,0.8063397,0.5912286,-0.01627857,0,0,0,0,0.5,0.225496,0,0,0,1.122798,0.7782321,0.5706194,0.262199,0,0,1
205,0.3181577,0.1142635,-0.2252634,0.8897601,0.5874646,-0.001205504,1.25008,0.9510474,0.3087078,-0.01443559,1,0.5,0,0.3944268,-0.3900134,0.2143453,0.5155095,0.3469509,-0.1875985,1.289675,0.9726224,0.02010788,0.2315198,1,1,1,0.4102812,-0.3770056,-0.2362272,0.8056316,0.5723006,-0.1864403,1.257589,0.9993989,0.02787589,-0.02061184,1,1,0,0.3015575,0.1010463,0.2252982,0.5270247,0.3469986,0.0003266335,1.281553,0.9249285,0.2958353,0.2387233,1,0.5,1,0,0.5,-0.225496,0,0,0,1.134172,0.8238124,0.5666476,-0.01560178,0,0,0,0,0.5,0.225496,0,0,0,1.188466,0.7973225,0.5484269,0.2520016,0,0,1
206,0.3276068,0.1223487,-0.2242622,0.09449154,0.08085109,0.01001224,1.336268,0.9542803,0.2986213,-0.01321279,1,0.5,0,0.4320248,-0.3875273,0.2027084,0.3759804,0.0248614,-0.1163684,1.400292,0.9770774,0.02024569,0.2119193,1,1,1,0.4774339,-0.3542949,-0.2447184,0.6715277,0.2271071,-0.08491263,1.404017,0.9990146,0.03765988,-0.02348635,1,1,0,0.2874558,0.09077103,0.2239452,-0.1410168,-0.1027527,-0.01352996,1.338011,0.9315304,0.2811578,0.2306543,1,0.5,1,0,0.5,-0.225496,0,0,0,1.199387,0.8383653,0.5449023,-0.01500305,0,0,0,0,0.5,0.225496,0,0,0,1.25166,0.8133467,0.5286413,0.2429101,0,0,1
207,0.2515306,0.06763053,-0.2251823,-0.7607621,-0.5471812,-0.009200871,1.323209,0.9625511,0.2707481,-0.01381208,1,0.5,0,0.4405788,-0.3978601,0.2215424,0.08553952,-0.1033276,0.1883398,1.489359,0.9771893,0.01414523,0.2118986,1,1,1,0.5142041,-0.35794,-0.2217133,0.3677022,-0.03645122,0.2300508,1.51887,0.9993737,0.0337119,-0.01075519,1,1,0,0.2291751,0.05528971,0.2251459,-0.5828066,-0.3548132,0.01200765,1.347758,0.9376641,0.2604722,0.2300874,1,0.5,1,0,0.5,-0.225496,0,0,0,1.265883,0.8513597,0.5243835,-0.0144381,0,0,0,0,0.5,0.225496,0,0,0,1.316243,0.8277535,0.5098436,0.2342726,0,0,1
208,0.1338492,0.01803801,-0.2253995,-1.176814,-0.4959252,-0.002172142,1.27438,0.9680756,0.2502496,-0.01431459,1,0.5,0,0.4179419,-0.3849943,0.232525,-0.2263689,0.1286578,0.1098257,1.548431,0.9772488,0.02001812,0.2111494,1,1,1,0.4605599,-0.3604154,-0.215835,-0.5364421,-0.02475381,0.05878329,1.545558,0.9994559,0.03206195,-0.007741166,1,1,0,0.1159888,0.01347072,0.225273,-1.131863,-0.4181899,0.001271069,1.306533,0.940959,0.2432674,0.2354084,1,0.5,1,0,0.5,-0.225496,0,0,0,1.334889,0.8632047,0.5046627,-0.01389511,0,0,0,0,0.5,0.225496,0,0,0,1.383405,0.8409688,0.4916627,0.2259185,0,0,1
209,0.02775874,0.0005814709,-0.2251887,-1.060905,-0.1745654,0.002108365,1.245924,0.9695848,0.24433,-0.01442714,1,0.5,0,0.3378246,-0.3745846,0.2398099,-0.8011732,0.1040965,0.0728488,1.551251,0.976422,0.02506538,0.2144105,1,1,1,0.3373559,-0.3917739,-0.2108666,-1.23204,-0.3135845,0.04968375,1.50274,0.9998393,0.01708965,-0.00542588,1,1,0,0.006701597,-6.947161E-05,0.2253168,-1.092872,-0.1354019,0.0004374981,1.276824,0.9408717,0.2397145,0.239369,1,0.5,1,0,0.5,-0.225496,0,0,0,1.405402,0.8738639,0.4859866,-0.0133809,0,0,0,0,0.5,0.225496,0,0,0,1.452167,0.8529304,0.4743447,0.2179609,0,0,1
210,-0.04252929,0.001297051,-0.2253582,-0.7028803,0.007155804,-0.001695603,1.25762,0.9698911,0.2431112,-0.01442761,1,0.5,0,0.2079062,-0.4177487,0.2364684,-1.299184,-0.4316407,-0.03341511,1.503279,0.9759676,0.004118902,0.217877,1,1,1,0.1726237,-0.4498154,-0.2119925,-1.647322,-0.5804154,-0.01125827,1.420038,0.9999036,-0.01240362,-0.006245947,1,1,0,-0.06155578,0.003448589,0.2253181,-0.6825737,0.03518061,1.326203E-05,1.290758,0.941318,0.2398138,0.2375073,1,0.5,1,0,0.5,-0.225496,0,0,0,1.477608,0.883506,0.4682423,-0.01289234,0,0,0,0,0.5,0.225496,0,0,0,1.522704,0.8638085,0.457803,0.21036,0,0,1
211,-0.06469655,0.004144718,-0.2255315,-0.2216726,0.02847667,-0.001732558,1.311974,0.9713122,0.2373901,-0.01409043,1,0.5,0,0.01203855,-0.4920283,0.2229113,-1.958676,-0.7427958,-0.1355709,1.385944,0.973904,-0.03501073,0.2242439,1,1,1,-0.0109874,-0.4929677,-0.2275291,-1.836111,-0.4315224,-0.1553664,1.315147,0.9992041,-0.03689381,-0.01516632,1,1,0,-0.05749178,0.003039049,0.2254116,0.04064005,-0.004095398,0.0009347498,1.367629,0.9462253,0.229724,0.2277817,1,0.5,1,0,0.5,-0.225496,0,0,0,1.546367,0.8916727,0.4525093,-0.01245915,0,0,0,0,0.5,0.225496,0,0,0,1.589979,0.8730657,0.4430666,0.2035886,0,0,1
212,-0.05130387,0.002126101,-0.2242898,0.1339267,-0.02018617,0.01241729,1.404317,0.9743171,0.2248187,-0.01275511,1,0.5,0,-0.1997905,-0.461837,0.2395726,-2.11829,0.3019127,0.1666135,1.262978,0.9682038,-0.02032753,0.2493353,1,1,1,-0.20119,-0.4746342,-0.2111901,-1.902026,0.1833349,0.1633903,1.206252,0.9995722,-0.0285035,-0.006558266,1,1,0,-0.008597823,-0.0001233558,0.2246796,0.4889395,-0.03162405,-0.007319897,1.491121,0.9532894,0.2138879,0.2132867,1,0.5,1,0,0.5,-0.225496,0,0,0,1.61983,0.8994649,0.4368275,-0.01202738,0,0,0,0,0.5,0.225496,0,0,0,1.661961,0.8819366,0.4283148,0.1968102,0,0,1
213,-0.04339166,0.001683626,-0.2251446,0.07912215,-0.004424753,-0.0085482,1.489456,0.9765378,0.2149752,-0.01263893,1,0.5,0,-0.3509498,-0.3725681,0.2420531,-1.511593,0.8926886,0.02480447,1.19476,0.9648684,0.03152768,0.2608351,1,1,1,-0.3506648,-0.392467,-0.2085802,-1.494748,0.8216718,0.02609864,1.135872,0.9997761,0.02049855,-0.005245028,1,1,0,-0.01823208,0.0001494351,0.2251595,-0.09634253,0.002727909,0.004798621,1.557947,0.9562629,0.207075,0.206594,1,0.5,1,0,0.5,-0.225496,0,0,0,1.691575,0.9062756,0.4225273,-0.01163364,0,0,0,0,0.5,0.225496,0,0,0,1.732352,0.8897209,0.4148091,0.1906043,0,0,1
214,-0.07496706,0.005675354,-0.2255228,-0.315754,0.03991728,-0.003782213,1.426647,0.9744864,0.2240552,-0.01324727,1,0.5,0,-0.4476058,-0.3221462,0.2295502,-0.9665599,0.5042192,-0.1250285,1.068401,0.9594823,0.06621637,0.2738779,1,1,1,-0.4482187,-0.3271601,-0.2214484,-0.9755388,0.6530684,-0.1286824,1.007636,0.9977472,0.06555949,-0.01422653,1,1,0,-0.06923751,0.004830231,0.2254302,-0.5100543,0.04680796,0.002707094,1.478162,0.9520052,0.2177932,0.2150633,1,0.5,1,0,0.5,-0.225496,0,0,0,1.661069,0.9034688,0.4284917,-0.01179786,0,0,0,0,0.5,0.225496,0,0,0,1.702411,0.8865093,0.4204482,0.1931955,0,0,1
215,-0.1284025,0.0166012,-0.2254601,-0.5343547,0.1092585,0.0006276369,1.296234,0.9690632,0.2464051,-0.01417413,1,0.5,0,-0.499491,-0.3298535,0.2165052,-0.5188525,-0.07707298,-0.1304497,0.9347327,0.9545859,0.06701352,0.2903017,1,1,1,-0.5000177,-0.317756,-0.234294,-0.51799,0.09404153,-0.1284553,0.8737495,0.9965782,0.07879457,-0.02496377,1,1,0,-0.1431701,0.0207653,0.225223,-0.7393255,0.1593507,-0.002071112,1.332794,0.9416753,0.2437619,0.2320081,1,0.5,1,0,0.5,-0.225496,0,0,0,1.586034,0.8959907,0.4439046,-0.01222223,0,0,0,0,0.5,0.225496,0,0,0,1.628834,0.8779768,0.4349799,0.1998728,0,0,1
216,-0.1877199,0.03629257,-0.2248373,-0.5931738,0.1969137,0.006227195,1.164447,0.9605388,0.2777454,-0.01492227,1,0.5,0,-0.4927719,-0.3689385,0.2166036,0.06719142,-0.3908503,0.0009831786,0.8603351,0.9510263,0.04194662,0.3062507,1,1,1,-0.4964387,-0.3569929,-0.2342176,0.0357905,-0.3923693,0.0007641315,0.792345,0.9982223,0.05339678,-0.0264771,1,1,0,-0.2237002,0.05239977,0.2245451,-0.8053014,0.3163447,-0.006779879,1.18861,0.9254864,0.2833097,0.2514168,1,0.5,1,0,0.5,-0.225496,0,0,0,1.512377,0.8877495,0.4601524,-0.01266959,0,0,0,0,0.5,0.225496,0,0,0,1.55671,0.8686136,0.4502336,0.2068819,0,0,1
217,-0.247191,0.0651147,-0.2251886,-0.5947108,0.2882213,-0.003513098,1.036159,0.947376,0.319703,-0.01639716,1,0.5,0,-0.4309559,-0.3980137,0.2278017,0.6181604,-0.2907518,0.1119809,0.8418831,0.9475902,0.02085598,0.318807,1,1,1,-0.4170762,-0.4051288,-0.2228992,0.7936245,-0.4813591,0.113184,0.7858082,0.9997096,0.01623194,-0.01780915,1,1,0,-0.2556713,0.07027262,0.2256206,-0.319711,0.1787286,0.01075491,1.087698,0.9112815,0.3125737,0.268074,1,0.5,1,0,0.5,-0.225496,0,0,0,1.438213,0.8783921,0.4777596,-0.01315438,0,0,0,0,0.5,0.225496,0,0,0,1.484204,0.8580322,0.4666858,0.2144416,0,0,1
218,-0.2474771,0.06500118,-0.2254086,-0.002860874,-0.00113517,-0.002200007,0.964057,0.9419265,0.3353703,-0.01735495,1,0.5,0,-0.3325292,-0.4326243,0.2185736,0.9842664,-0.3461057,-0.09228021,0.8600136,0.9514478,-0.004870746,0.3077717,1,1,1,-0.293005,-0.4328894,-0.2307507,1.240712,-0.2776057,-0.07851586,0.8338784,0.9997209,-0.005164941,-0.02305363,1,1,0,-0.2335757,0.0573599,0.2253715,0.2209564,-0.1291272,-0.002490878,1.034551,0.9077153,0.3149846,0.277196,1,0.5,1,0,0.5,-0.225496,0,0,0,1.371808,0.868952,0.4947089,-0.01362105,0,0,0,0,0.5,0.225496,0,0,0,1.419391,0.8474101,0.4824447,0.2216828,0,0,1
219,-0.1669263,0.02844846,-0.2253157,0.8055074,-0.3655272,0.0009289384,0.9490281,0.9493869,0.313623,-0.01747085,1,0.5,0,-0.1974153,-0.4737734,0.2215477,1.351139,-0.4114914,0.02974063,0.9105127,0.9536953,-0.03386954,0.2988613,1,1,1,-0.1770528,-0.4714582,-0.2289731,1.159522,-0.3856879,0.01777679,0.8666255,0.9992217,-0.0332631,-0.02120044,1,1,0,-0.1550038,0.02445616,0.2254405,0.7857184,-0.3290374,0.0006902218,1.019663,0.9131046,0.2964185,0.2799572,1,0.5,1,0,0.5,-0.225496,0,0,0,1.299385,0.8573011,0.5146203,-0.01416928,0,0,0,0,0.5,0.225496,0,0,0,1.348833,0.8343722,0.5008565,0.230143,0,0,1
220,-0.01814614,0.0001806585,-0.2255972,1.487802,-0.282678,-0.00281468,1.006121,0.9589794,0.2829658,-0.01699546,1,0.5,0,-0.04546498,-0.4989735,0.2250021,1.519503,-0.2520007,0.03454447,0.9811809,0.9566824,-0.0492671,0.2869347,1,1,1,-0.0638959,-0.4977887,-0.2256069,1.131569,-0.2633047,0.03366128,0.9006641,0.9985183,-0.05125331,-0.01828199,1,1,0,-0.02540596,0.0005878324,0.2254298,1.295979,-0.2386833,-0.0001065433,1.058256,0.9222351,0.2737597,0.2730166,1,0.5,1,0,0.5,-0.225496,0,0,0,1.231181,0.8447902,0.5348949,-0.01472751,0,0,0,0,0.5,0.225496,0,0,0,1.282522,0.8204582,0.5194887,0.2387045,0,0,1
221,0.1229046,0.01502926,-0.2255139,1.410508,0.148486,0.0008331239,1.068433,0.959514,0.2811909,-0.01626712,1,0.5,0,0.1070179,-0.4874965,0.2209099,1.524829,0.1147696,-0.04092231,1.048615,0.9615348,-0.03971067,0.2717977,1,1,1,0.06678567,-0.4818927,-0.2282646,1.306816,0.1589593,-0.02657712,0.9501679,0.9990669,-0.03854225,-0.0194906,1,1,0,0.1127845,0.01242934,0.2254165,1.381904,0.1184151,-0.0001332164,1.114827,0.9256802,0.2715023,0.263444,1,0.5,1,0,0.5,-0.225496,0,0,0,1.16377,0.8306611,0.5565673,-0.01532423,0,0,0,0,0.5,0.225496,0,0,0,1.217128,0.8048494,0.5392727,0.2477952,0,0,1
222,0.197086,0.0403445,-0.2255313,0.7418135,0.2531525,-0.0001741946,1.072994,0.9549045,0.2964693,-0.01623103,1,0.5,0,0.2473011,-0.4544579,0.2280703,1.402832,0.3303862,0.07160425,1.110469,0.9638649,-0.01767057,0.2658048,1,1,1,0.2202643,-0.4592262,-0.2220549,1.534786,0.2266651,0.06209761,1.025759,0.9996583,-0.02177685,-0.01445502,1,1,0,0.204499,0.04372648,0.2253847,0.9171448,0.3129714,-0.0003182888,1.137102,0.9220395,0.2869256,0.2598401,1,0.5,1,0,0.5,-0.225496,0,0,0,1.100338,0.8154362,0.5786278,-0.01593163,0,0,0,0,0.5,0.225496,0,0,0,1.155741,0.7881507,0.5592662,0.2569822,0,0,1
223,0.201967,0.04247268,-0.2248498,0.04881024,0.02128176,0.006814748,1.005016,0.9501767,0.3112742,-0.01651135,1,0.5,0,0.3756724,-0.4219708,0.2304516,1.283713,0.3248715,0.0238131,1.160505,0.9658127,0.002426518,0.2592294,1,1,1,0.3673564,-0.4293884,-0.2203817,1.470922,0.2983785,0.01673222,1.095554,0.9999162,-0.002123635,-0.01277403,1,1,0,0.2317427,0.05676957,0.2250387,0.2724372,0.1304309,-0.003460199,1.095231,0.9151071,0.3026331,0.2664434,1,0.5,1,0,0.5,-0.225496,0,0,0,1.038268,0.7983423,0.6019759,-0.01657448,0,0,0,0,0.5,0.225496,0,0,0,1.095827,0.7695471,0.5802633,0.2666304,0,0,1
224,0.1742373,0.03118601,-0.2253649,-0.2772973,-0.1128667,-0.005150139,0.8956109,0.9446457,0.3275884,-0.01817474,1,0.5,0,0.4688494,-0.3794347,0.219,0.9317693,0.4253605,-0.1145163,1.167154,0.9674993,0.02793102,0.2513266,1,1,1,0.4668852,-0.3740557,-0.2319395,0.9952879,0.5533269,-0.1155785,1.112159,0.9992844,0.03222033,-0.01981163,1,1,0,0.1966209,0.03990006,0.2249941,-0.3512183,-0.1686952,-0.0004459918,0.9816445,0.9049008,0.3144479,0.2868394,1,0.5,1,0,0.5,-0.225496,0,0,0,0.9721202,0.7771924,0.6290247,-0.01731923,0,0,0,0,0.5,0.225496,0,0,0,1.032167,0.7467337,0.6043729,0.2777087,0,0,1
225,0.139581,0.01988215,-0.2254339,-0.346563,-0.1130386,-0.0006908178,0.783242,0.9374833,0.3474654,-0.01982007,1,0.5,0,0.497375,-0.3306206,0.2246957,0.2852568,0.4881409,0.05695716,1.12037,0.9632444,0.05886273,0.262098,1,1,1,0.5017765,-0.3247347,-0.226262,0.3489128,0.49321,0.05677551,1.068706,0.9977738,0.06455342,-0.01674116,1,1,0,0.141103,0.02022424,0.2254994,-0.5551782,-0.1967582,0.005053282,0.8531749,0.8901584,0.3297609,0.3144452,1,0.5,1,0,0.5,-0.225496,0,0,0,0.9103277,0.7540354,0.656585,-0.01807806,0,0,0,0,0.5,0.225496,0,0,0,0.9728955,0.7220044,0.6286936,0.288884,0,0,1
226,0.1094194,0.01210343,-0.2253147,-0.3016159,-0.07778718,0.001192689,0.6791573,0.928169,0.3715394,-0.02146845,1,0.5,0,0.4698488,-0.3230675,0.2342667,-0.275262,0.0755316,0.09571016,1.021801,0.9560296,0.06763864,0.2853637,1,1,1,0.4832007,-0.3200322,-0.2165221,-0.1857585,0.04702508,0.09739906,0.9721501,0.9973428,0.07198167,-0.01122307,1,1,0,0.09657945,0.009371589,0.2254858,-0.4452358,-0.1085265,-0.0001354516,0.7411617,0.8714556,0.3507775,0.3428126,1,0.5,1,0,0.5,-0.225496,0,0,0,0.8521928,0.7284744,0.6848136,-0.01885529,0,0,0,0,0.5,0.225496,0,0,0,0.9173292,0.6949958,0.6533415,0.3002097,0,0,1
227,0.09345311,0.008724968,-0.2250631,-0.1596627,-0.03378466,0.002515912,0.5909697,0.9168911,0.3984757,-0.02297322,1,0.5,0,0.3968518,-0.3716068,0.2405475,-0.72997,-0.4853937,0.06280735,0.877197,0.9466321,0.03949556,0.319887,1,1,1,0.4185673,-0.3708742,-0.2098872,-0.646334,-0.5084202,0.06634846,0.8265972,0.9991085,0.04155429,-0.007453056,1,1,0,0.06785131,0.004553647,0.2251335,-0.2872814,-0.04817942,-0.003523231,0.6472368,0.8496053,0.3752962,0.3705717,1,0.5,1,0,0.5,-0.225496,0,0,0,0.7963402,0.6995442,0.7143186,-0.01966767,0,0,0,0,0.5,0.225496,0,0,0,0.8641461,0.6647728,0.6788129,0.3119138,0,0,1
228,0.09967389,0.009829901,-0.2248111,0.0622078,0.01104933,0.002519637,0.5213852,0.9040647,0.4267047,-0.02429164,1,0.5,0,0.2714737,-0.4514754,0.234515,-1.253781,-0.7986853,-0.06032512,0.6785208,0.9292989,-0.02161638,0.3686952,1,1,1,0.2984463,-0.4488494,-0.2156011,-1.20121,-0.7797518,-0.05713925,0.6225117,0.9996962,-0.02035558,-0.01389841,1,1,0,0.06648869,0.004429905,0.2250074,-0.01362614,-0.00123742,-0.001261234,0.576281,0.8271196,0.3999234,0.3948852,1,0.5,1,0,0.5,-0.225496,0,0,0,0.739616,0.6644997,0.7470055,-0.02056765,0,0,0,0,0.5,0.225496,0,0,0,0.8103606,0.6286243,0.7066757,0.3247167,0,0,1
229,0.1040326,0.01095421,-0.2255095,0.04358716,0.01124308,-0.006983578,0.454577,0.8886811,0.4577464,-0.02672333,1,0.5,0,0.09381483,-0.4920121,0.2220845,-1.776589,-0.4053679,-0.1243043,0.4407014,0.8909276,-0.07017332,0.4486913,1,1,1,0.1246532,-0.4887322,-0.2278482,-1.73793,-0.3988287,-0.1224706,0.3716416,0.996895,-0.07197023,-0.03194912,1,1,0,0.09017912,0.008045143,0.2253213,0.2369043,0.03615238,0.003139377,0.5322881,0.8083606,0.420469,0.4120181,1,0.5,1,0,0.5,-0.225496,0,0,0,0.6883104,0.6263363,0.7792577,-0.02145567,0,0,0,0,0.5,0.225496,0,0,0,0.7619344,0.5897945,0.7337941,0.3371776,0,0,1
230,0.06936632,0.00452955,-0.2255679,-0.3466628,-0.06424659,-0.0005838275,0.3520424,0.862427,0.5052912,-0.03000773,1,0.5,0,-0.08833427,-0.4681249,0.2263945,-1.821491,0.2388728,0.04309982,0.2187898,0.8029104,-0.05860527,0.5932117,1,1,1,-0.05674994,-0.4792623,-0.2233545,-1.814032,0.09469986,0.04493728,0.1114801,0.9954668,-0.08710384,-0.03819332,1,1,0,0.07285748,0.005181285,0.2254169,-0.1732165,-0.02863859,0.0009553134,0.4549904,0.7731131,0.4515032,0.4454672,1,0.5,1,0,0.5,-0.225496,0,0,0,0.6405965,0.5834299,0.8118559,-0.02235321,0,0,0,0,0.5,0.225496,0,0,0,0.7171103,0.5467525,0.7608185,0.3495952,0,0,1
231,-0.01575489,6.633614E-05,-0.2255049,-0.8512121,-0.04463213,0.000629425,0.2090881,0.7985408,0.6008651,-0.03596861,1,0.5,0,-0.2350495,-0.444048,0.2300472,-1.467152,0.2407682,0.03652677,0.0528422,0.6275591,-0.03264593,0.7778842,1,1,1,-0.2158628,-0.4582066,-0.2202297,-1.591129,0.2105567,0.03124714,-0.131902,0.9946479,-0.08749463,-0.05495749,1,1,0,-0.004966669,-4.188963E-05,0.2253914,-0.7782415,-0.05223174,-0.0002542138,0.3338794,0.6919754,0.510815,0.5101354,1,0.5,1,0,0.5,-0.225496,0,0,0,0.5940014,0.5319834,0.846434,-0.02330526,0,0,0,0,0.5,0.225496,0,0,0,0.6735569,0.4959203,0.7890542,0.3625695,0,0,1
232,-0.1313772,0.01828676,-0.2250088,-1.156223,0.1822043,0.004961491,0.08244538,0.6452126,0.7627956,-0.04293753,1,0.5,0,-0.3367493,-0.4356497,0.2280814,-1.016998,0.08398354,-0.01965746,-0.03913897,0.3698055,-0.0209384,0.9288732,1,1,1,-0.3276205,-0.4405837,-0.2231352,-1.117577,0.1762292,-0.02905458,-0.3183715,0.9885991,-0.080294,-0.1273765,1,1,0,-0.1181919,0.0140284,0.2257565,-1.132252,0.1407029,0.003650934,0.2253992,0.5362377,0.6066017,0.5869272,1,0.5,1,0,0.5,-0.225496,0,0,0,0.5561041,0.4802351,0.8768075,-0.02414155,0,0,0,0,0.5,0.225496,0,0,0,0.6383113,0.4455532,0.8134857,0.3737958,0,0,1
233,-0.1953052,0.03922688,-0.224658,-0.6392802,0.2094012,0.003508031,0.02060574,0.446306,0.8936261,-0.04736399,1,0.5,0,-0.3615832,-0.4251322,0.2307126,-0.2483392,0.1051748,0.02631187,-0.06424826,0.1516264,0.001991464,0.9884359,1,1,1,-0.2534484,-0.4570294,-0.2059941,0.7417211,-0.1644576,0.1714107,-0.3229503,0.9839402,-0.1752584,-0.03385562,1,1,0,-0.2374009,0.05920501,0.2239696,-1.19209,0.4517661,-0.01786962,0.1718412,0.2831827,0.7222019,0.6310562,1,0.5,1,0,0.5,-0.225496,0,0,0,0.5203012,0.4191455,0.9075751,-0.02498869,0,0,0,0,0.5,0.225496,0,0,0,0.6051748,0.3869566,0.8378765,0.3850033,0,0,1
234,-0.2136349,0.04728324,-0.2228543,-0.1832975,0.08056354,0.01803696,-0.008232355,0.2675868,0.9624123,-0.04647371,1,0.5,0,-0.2983886,-0.417971,0.2543656,0.6319457,0.0716126,0.2365299,-0.04315621,0.1025227,0.01757503,0.9945754,1,1,1,-0.1721976,-0.4490603,-0.1775672,0.8125079,0.07969141,0.2842696,-0.3240067,0.9831501,-0.1310294,0.1274641,1,1,0,-0.272883,0.08038543,0.2231502,-0.3548211,0.2118042,-0.008193552,0.1638643,0.1089718,0.7627846,0.6374047,1,0.5,1,0,0.5,-0.225496,0,0,0,0.4885882,0.3492106,0.9366893,-0.0257903,0,0,0,0,0.5,0.225496,0,0,0,0.5759662,0.3208516,0.8606218,0.3954548,0,0,1
235,-0.1895206,0.03700909,-0.2249634,0.2411439,-0.1027415,-0.02109081,-0.02982509,0.1656209,0.9847593,-0.05309375,1,0.5,0,-0.1734728,-0.447646,0.2405555,1.249159,-0.2967504,-0.1381016,-0.04902512,0.2082567,-0.04799822,0.9768957,1,1,1,-0.08869521,-0.4522582,-0.2023578,0.8350241,-0.03197908,-0.2479063,-0.3193696,0.9892913,-0.1453697,-0.01305315,1,1,0,-0.2188199,0.05001621,0.2250176,0.5406314,-0.3036922,0.01867369,0.1399927,0.07589374,0.7437839,0.6640976,1,0.5,1,0,0.5,-0.225496,0,0,0,0.4641702,0.2773279,0.9604113,-0.02644345,0,0,0,0,0.5,0.225496,0,0,0,0.5535753,0.2537942,0.878912,0.4038591,0,0,1
236,-0.08824389,0.007691091,-0.2255829,1.012767,-0.29318,-0.006195456,-0.05528376,0.2136796,0.9752085,-0.05752633,1,0.5,0,-0.02439102,-0.488554,0.2247847,1.490818,-0.4090801,-0.1577081,-0.04218152,0.3470364,-0.1366349,0.9278452,1,1,1,-0.01962688,-0.4874977,-0.2261702,0.6906832,-0.3523952,-0.2381243,-0.3232342,0.9257663,-0.3479051,-0.1480503,1,1,0,-0.08721758,0.007418389,0.2254475,1.316023,-0.4259782,0.004299134,0.1148848,0.1562132,0.7048774,0.6919142,1,0.5,1,0,0.5,-0.225496,0,0,0,0.4443062,0.1940797,0.9806141,-0.02699971,0,0,0,0,0.5,0.225496,0,0,0,0.5354279,0.177,0.8943163,0.4109373,0,0,1
237,0.05590056,0.002910813,-0.224506,1.441444,-0.04780278,0.01076862,-0.04042834,0.3551588,0.9332839,-0.05332364,1,0.5,0,0.1120538,-0.4896157,0.2309746,1.364448,-0.01061708,0.06189927,-0.01223868,0.4497572,-0.1304238,0.8835768,1,1,1,0.0621948,-0.4969502,-0.2171696,0.8182167,-0.09452492,0.09000644,-0.3154353,0.9184595,-0.3844193,-0.09302745,1,1,0,0.1008246,0.01014548,0.2242846,1.880422,0.02727089,-0.01162916,0.1430899,0.3236639,0.678203,0.6597593,1,0.5,1,0,0.5,-0.225496,0,0,0,0.4325469,0.1150831,0.9929795,-0.02734017,0,0,0,0,0.5,0.225496,0,0,0,0.5247148,0.1047319,0.903666,0.4152336,0,0,1
238,0.1901855,0.0372565,-0.2249576,1.34285,0.3434569,-0.004515648,0.01047915,0.4172114,0.9074935,-0.04889053,1,0.5,0,0.2419095,-0.4477219,0.2377409,1.298558,0.4189381,0.06766304,0.01201165,0.5169839,-0.04242462,0.8549432,1,1,1,0.1556016,-0.4612287,-0.2047456,0.9340683,0.3572154,0.1242402,-0.3180991,0.9807199,-0.1936696,-0.0260887,1,1,0,0.2223609,0.05182839,0.2247859,1.215364,0.4168291,0.005013198,0.1847358,0.3580259,0.6978288,0.6203647,1,0.5,1,0,0.5,-0.225496,0,0,0,0.4266313,0.02459684,0.9993187,-0.02751471,0,0,0,0,0.5,0.225496,0,0,0,0.5193342,0.02235989,0.9084361,0.4174254,0,0,1
239,0.2462018,0.06467269,-0.22494,0.560163,0.2741619,0.0001762807,0.02731997,0.3632185,0.9305028,-0.0472957,1,0.5,0,0.3436514,-0.4143329,0.2373046,1.017418,0.3338897,-0.00436306,0.02429187,0.5511852,0.02225301,0.8340861,1,1,1,0.2758826,-0.434204,-0.208124,1.20281,0.2702472,-0.03378391,-0.2784858,0.9986408,-0.03703579,-0.03667461,1,1,0,0.2720799,0.08045761,0.2250987,0.4971895,0.2862922,0.003127754,0.1960428,0.3123521,0.7276243,0.6107364,1,0.5,1,0,0.5,-0.225496,0,0,0,0.4279627,-0.05891344,0.9978849,-0.02747523,0,0,0,0,0.5,0.225496,0,0,0,0.5205448,-0.05356891,0.9073585,0.4169303,0,0,1
240,0.2266765,0.05418918,-0.2249395,-0.1952533,-0.104835,4.61936E-06,-0.01005882,0.1918896,0.9800956,-0.05090306,1,0.5,0,0.4188091,-0.4030538,0.2305311,0.7515773,0.1127914,-0.06773472,0.01745898,0.5529854,0.04434402,0.8320101,1,1,1,0.4004901,-0.4145128,-0.2199801,1.246075,0.1969117,-0.1185612,-0.231182,0.9963181,0.04273232,-0.07432567,1,1,0,0.2530056,0.06857149,0.2251092,-0.1907429,-0.1188613,0.0001056492,0.1631753,0.1814659,0.7457628,0.641021,1,0.5,1,0,0.5,-0.225496,0,0,0,0.4358019,-0.1417628,0.9895256,-0.02724507,0,0,0,0,0.5,0.225496,0,0,0,0.527678,-0.129089,0.9010605,0.4140363,0,0,1
241,0.1624341,0.02701627,-0.2255814,-0.6424239,-0.2717291,-0.006418824,-0.04360521,-0.1077439,0.9925974,-0.05605101,1,0.5,0,0.452326,-0.3830909,0.2222437,0.3351691,0.1996294,-0.0828746,-0.01206955,0.4933452,0.08794111,0.8653767,1,1,1,0.4739259,-0.3642015,-0.2278512,0.7343584,0.5031124,-0.07871121,-0.2290655,0.9681973,0.2280937,-0.1027968,1,1,0,0.1698941,0.02950262,0.2253734,-0.8311154,-0.3906886,0.002641231,0.1246321,-0.06678142,0.7292335,0.6809983,1,0.5,1,0,0.5,-0.225496,0,0,0,0.4502126,-0.2226953,0.9745188,-0.02683188,0,0,0,0,0.5,0.225496,0,0,0,0.5408174,-0.2033093,0.8896854,0.4088095,0,0,1
242,0.09449464,0.008776674,-0.225497,-0.6793946,-0.182396,0.0008437037,-0.02118477,-0.4155156,0.908026,-0.05325023,1,0.5,0,0.4241738,-0.3562563,0.2331616,-0.2815223,0.2683455,0.1091796,-0.04219881,0.2855475,0.1523449,0.9461784,1,1,1,0.4707899,-0.3203489,-0.2139705,-0.03136009,0.4385266,0.1388073,-0.2931018,0.8571372,0.5106431,-0.0675234,1,1,0,0.07987269,0.006125703,0.2252872,-0.9002137,-0.2337692,-0.0008615851,0.1428196,-0.3322505,0.6722348,0.6615965,1,0.5,1,0,0.5,-0.225496,0,0,0,0.4717195,-0.3019902,0.9529499,-0.02623801,0,0,0,0,0.5,0.225496,0,0,0,0.5604883,-0.276712,0.8731827,0.4012265,0,0,1
243,0.08455045,0.006365811,-0.2242039,-0.09944193,-0.02410863,0.01293108,0.0212276,-0.5565515,0.8295144,-0.04643636,1,0.5,0,0.3806062,-0.3580577,0.2531553,-0.4356763,-0.01801401,0.1999368,-0.04174083,0.01301827,0.1482617,0.9888625,1,1,1,0.4960554,-0.273832,-0.1747798,0.2526546,0.4651687,0.3919066,-0.3037024,0.6185248,0.7751903,0.1284794,1,1,0,0.03285106,0.0002586477,0.2239272,-0.4702163,-0.05867055,-0.01360044,0.1915423,-0.4942422,0.6163884,0.613017,1,0.5,1,0,0.5,-0.225496,0,0,0,0.4992405,-0.3749252,0.9267039,-0.02551537,0,0,0,0,0.5,0.225496,0,0,0,0.5857617,-0.3450485,0.8528575,0.3918871,0,0,1
244,0.13083,0.01668121,-0.2205463,0.462796,0.103154,0.03657565,0.0503456,-0.5929553,0.8043694,-0.03733354,1,0.5,0,0.4169066,-0.3223086,0.2841077,0.3630042,0.3574908,0.3095239,-0.003278226,-0.08103891,0.2087514,0.9746053,1,1,1,0.5474175,-0.2486169,-0.1413177,0.513621,0.252151,0.3346209,-0.2925037,0.4349816,0.8548735,0.2828113,1,1,0,0.04111939,0.001419129,0.2213754,0.08268334,0.01160481,-0.02551779,0.2302975,-0.569687,0.5852671,0.5769914,1,0.5,1,0,0.5,-0.225496,0,0,0,0.5330158,-0.4425493,0.8964044,-0.02468112,0,0,0,0,0.5,0.225496,0,0,0,0.6169237,-0.4093032,0.8290629,0.3809535,0,0,1
245,0.1515492,0.02279636,-0.2245556,0.2071914,0.06115155,-0.04009217,0.09071076,-0.6488774,0.7597566,-0.04156952,1,0.5,0,0.5046164,-0.2939545,0.2496845,0.8770978,0.2835414,-0.344232,-0.03035533,-0.06437147,0.2811604,0.9574994,1,1,1,0.5914633,-0.2116694,-0.1852821,0.4404587,0.3694752,-0.4396436,-0.27783,0.2548285,0.9647144,0.06624629,1,1,0,0.1093996,0.01149305,0.2244574,0.6828018,0.1007392,0.03081992,0.243351,-0.5723387,0.5885417,0.5710053,1,0.5,1,0,0.5,-0.225496,0,0,0,0.5696675,-0.5000134,0.8656896,-0.02383544,0,0,0,0,0.5,0.225496,0,0,0,0.6509063,-0.4647191,0.8045833,0.3697051,0,0,1
246,0.1949025,0.03911769,-0.2254715,0.4335333,0.1632132,-0.009159148,0.1260083,-0.6680649,0.7429897,-0.04068873,1,0.5,0,0.5953248,-0.2489681,0.2309657,0.9070837,0.4498641,-0.1871873,-0.03375077,-0.03815969,0.3796937,0.9243249,1,1,1,0.6363547,-0.1955512,-0.2150112,0.4489142,0.1611815,-0.2972916,-0.2678967,0.1001195,0.9928712,-0.06467473,1,1,0,0.1834809,0.03452467,0.2253612,0.7408133,0.2303162,0.00903815,0.2600014,-0.5653092,0.6059524,0.5596848,1,0.5,1,0,0.5,-0.225496,0,0,0,0.6108726,-0.5519235,0.8335789,-0.02295132,0,0,0,0,0.5,0.225496,0,0,0,0.6893002,-0.5155272,0.7786092,0.3577701,0,0,1
247,0.2431305,0.06270447,-0.2255544,0.4822803,0.2358678,-0.0008295476,0.1676764,-0.6802846,0.7319481,-0.03827368,1,0.5,0,0.6505526,-0.2287084,0.2227583,0.5522788,0.2025965,-0.08207425,-0.03113148,-0.09978899,0.4207823,0.9016564,1,1,1,0.6777148,-0.1844167,-0.2252612,0.4136002,0.1113451,-0.1024993,-0.256308,-0.08053521,0.9913469,-0.1036602,1,1,0,0.2450005,0.0636294,0.2254394,0.6151956,0.2910473,0.000782311,0.2907889,-0.5720111,0.6191657,0.5379936,1,0.5,1,0,0.5,-0.225496,0,0,0,0.6594869,-0.6014217,0.7986291,-0.02198903,0,0,0,0,0.5,0.225496,0,0,0,0.7348306,-0.5647257,0.7499004,0.3445784,0,0,1
248,0.2786398,0.08422253,-0.2256933,0.3550927,0.2151806,-0.001388788,0.2141617,-0.6987756,0.7144356,-0.03597688,1,0.5,0,0.6631006,-0.2350214,0.2229534,0.1254797,-0.06312996,0.00195086,-0.02199316,-0.2396995,0.399531,0.8848271,1,1,1,0.7048712,-0.1770041,-0.2224372,0.2715641,0.07412687,0.02823979,-0.2396093,-0.2796084,0.9562397,-0.08616731,1,1,0,0.2774038,0.0833748,0.2254434,0.3240331,0.1974539,4.008412E-05,0.3311075,-0.6019376,0.6128868,0.5118994,1,0.5,1,0,0.5,-0.225496,0,0,0,0.7095082,-0.6429709,0.7656004,-0.02107964,0,0,0,0,0.5,0.225496,0,0,0,0.7819153,-0.6066536,0.7223566,0.3319221,0,0,1
249,0.2976784,0.09805449,-0.2244888,0.1903856,0.1383197,0.01204506,0.265238,-0.7280042,0.6848254,-0.03200155,1,0.5,0,0.644326,-0.2475082,0.2369519,-0.1877457,-0.1248677,0.1399848,0.01679295,-0.4072207,0.3453836,0.8455067,1,1,1,0.7077304,-0.1875495,-0.2055463,0.02859235,-0.1054549,0.1689082,-0.2198011,-0.5247858,0.8510041,-0.01979432,1,1,0,0.2609003,0.07335011,0.2243645,-0.1650351,-0.1002469,-0.01078933,0.3843771,-0.6715174,0.5646349,0.4798457,1,0.5,1,0,0.5,-0.225496,0,0,0,0.7604626,-0.6781437,0.7346509,-0.02022749,0,0,0,0,0.5,0.225496,0,0,0,0.8300989,-0.6426401,0.6961889,0.319898,0,0,1
250,0.2695872,0.07854155,-0.2244023,-0.2809122,-0.1951294,0.0008654594,0.3374355,-0.7975988,0.602484,-0.02913927,1,0.5,0,0.5846174,-0.2966561,0.2364769,-0.597086,-0.4914787,-0.004749447,0.07600826,-0.6126775,0.2245522,0.7577616,1,1,1,0.65168,-0.2434242,-0.2063155,-0.5605042,-0.5587466,-0.007691681,-0.1607641,-0.8426134,0.5381971,-0.01861688,1,1,0,0.2304591,0.05606575,0.2244385,-0.3044119,-0.1728436,0.0007396936,0.4552368,-0.7401994,0.5046557,0.444328,1,0.5,1,0,0.5,-0.225496,0,0,0,0.8179828,-0.711333,0.7025889,-0.01934471,0,0,0,0,0.5,0.225496,0,0,0,0.8847294,-0.6770455,0.6687227,0.3072774,0,0,1
251,0.1986048,0.04074922,-0.2257195,-0.7098232,-0.3779234,-0.01317248,0.442211,-0.8682494,0.4953765,-0.02729697,1,0.5,0,0.4770352,-0.3737061,0.2247209,-1.075822,-0.7705006,-0.1175606,0.1887218,-0.7835438,0.07592887,0.6166798,1,1,1,0.5175882,-0.3441871,-0.2235109,-1.340918,-1.007629,-0.1719542,0.006298006,-0.9857647,0.1615904,-0.04643695,1,1,0,0.1951682,0.0393151,0.2252983,-0.3529082,-0.1675065,0.00859797,0.5355079,-0.7933408,0.4493593,0.4107147,1,0.5,1,0,0.5,-0.225496,0,0,0,0.8754134,-0.7391806,0.6732521,-0.01853697,0,0,0,0,0.5,0.225496,0,0,0,0.9394995,-0.7062725,0.6432791,0.295586,0,0,1
252,0.11985,0.01450772,-0.2252851,-0.7875488,-0.262415,0.004343837,0.5681961,-0.9107022,0.4123847,-0.02367087,1,0.5,0,0.3167044,-0.4478592,0.2228969,-1.603309,-0.7415307,-0.01823992,0.3839821,-0.8777939,-0.0247281,0.4783998,1,1,1,0.2994165,-0.4521736,-0.2277874,-2.181717,-1.079865,-0.04276454,0.2941599,-0.9988441,-0.03295754,-0.03498966,1,1,0,0.1400125,0.01982416,0.2251968,-0.5515575,-0.1949094,-0.00101462,0.6344981,-0.839707,0.3929704,0.3747885,1,0.5,1,0,0.5,-0.225496,0,0,0,0.9324903,-0.7627685,0.6464267,-0.01779837,0,0,0,0,0.5,0.225496,0,0,0,0.9941304,-0.7313007,0.6197585,0.2847784,0,0,1
253,0.03414718,0.0008241113,-0.2249321,-0.8570278,-0.1368361,0.003530383,0.7204142,-0.9366251,0.3497371,-0.0204292,1,0.5,0,0.1100659,-0.4939645,0.2238652,-2.066385,-0.4610527,0.009683073,0.6502582,-0.9277498,-0.05908627,0.3684957,1,1,1,0.02743713,-0.4991604,-0.2194599,-2.719794,-0.4698688,0.08327529,0.6522702,-0.9978395,-0.06349243,-0.01688828,1,1,0,0.06329431,0.00374582,0.225141,-0.7671818,-0.1607834,-0.0005581975,0.7673799,-0.8789183,0.3390821,0.3354487,1,0.5,1,0,0.5,-0.225496,0,0,0,0.9979879,-0.785866,0.6181626,-0.01702016,0,0,0,0,0.5,0.225496,0,0,0,1.057037,-0.7560627,0.5947193,0.2732729,0,0,1
254,-0.07357898,0.005093667,-0.2241337,-1.077262,0.04269556,0.007984042,0.8976569,-0.9510869,0.3084403,-0.01726724,1,0.5,0,-0.1300694,-0.4888378,0.2287868,-2.401353,0.05126655,0.04921645,0.9519652,-0.9544193,-0.04327777,0.2953148,1,1,1,-0.2223898,-0.472062,-0.2123362,-2.49827,0.2709842,0.07123619,0.9788731,-0.99948,-0.0311467,-0.008341648,1,1,0,-0.02642645,0.0002225242,0.2243841,-0.8972076,-0.03523296,-0.007569343,0.9162105,-0.905332,0.3009599,0.2996617,1,0.5,1,0,0.5,-0.225496,0,0,0,1.060431,-0.8047228,0.5934258,-0.01633907,0,0,0,0,0.5,0.225496,0,0,0,1.117202,-0.7764735,0.572594,0.2631063,0,0,1
255,-0.1665701,0.02830224,-0.2251954,-0.9299112,0.2320857,-0.01061723,1.07132,-0.9571581,0.2891214,-0.01603454,1,0.5,0,-0.3561216,-0.4320037,0.2269678,-2.260522,0.5683413,-0.01819015,1.246557,-0.9696526,-0.003437436,0.2444626,1,1,1,-0.4143375,-0.4059499,-0.2194478,-1.919477,0.6611213,-0.07111564,1.251992,-0.9998729,0.01144418,-0.01110039,1,1,0,-0.1453093,0.021297,0.2252234,-1.188828,0.2107448,0.008393228,1.106054,-0.9232197,0.2785068,0.2647628,1,0.5,1,0,0.5,-0.225496,0,0,0,1.126914,-0.8220666,0.5691757,-0.01567138,0,0,0,0,0.5,0.225496,0,0,0,1.181442,-0.7954077,0.5507178,0.2530542,0,0,1
256,-0.2403431,0.06160127,-0.2255206,-0.7377297,0.3329903,-0.003252029,1.22612,-0.9591581,0.2824841,-0.01478496,1,0.5,0,-0.5320355,-0.3458889,0.2240795,-1.759138,0.8611473,-0.02888322,1.494566,-0.9763097,0.04016466,0.2126175,1,1,1,-0.5414352,-0.3377214,-0.2267951,-1.270976,0.6822848,-0.07347286,1.458887,-0.9988903,0.04506569,-0.01367873,1,1,0,-0.2483941,0.06592776,0.2254131,-1.030849,0.4463075,0.001897216,1.286274,-0.9313646,0.2753932,0.2381567,1,0.5,1,0,0.5,-0.225496,0,0,0,1.19149,-0.8367051,0.5474463,-0.0150731,0,0,0,0,0.5,0.225496,0,0,0,1.244,-0.8115129,0.5309634,0.2439771,0,0,1
257,-0.2827853,0.08764181,-0.2249993,-0.4244223,0.2604054,0.00521332,1.351052,-0.9606346,0.2774864,-0.01350544,1,0.5,0,-0.6445348,-0.2637084,0.2211287,-1.124994,0.821805,-0.02950832,1.687009,-0.9784755,0.0742071,0.1925592,1,1,1,-0.6100561,-0.2903816,-0.2277675,-0.6862092,0.4733983,-0.009724051,1.610002,-0.9978455,0.06427409,-0.01315994,1,1,0,-0.3081229,0.1060169,0.2249373,-0.5972872,0.4008914,-0.00475809,1.427772,-0.9355474,0.2759749,0.2204292,1,0.5,1,0,0.5,-0.225496,0,0,0,1.259075,-0.8501055,0.526413,-0.01449397,0,0,0,0,0.5,0.225496,0,0,0,1.309625,-0.8263588,0.5117083,0.2351294,0,0,1
258,-0.2932425,0.09448453,-0.2249522,-0.1045725,0.06842725,0.0004711747,1.441936,-0.9633266,0.2680235,-0.01284912,1,0.5,0,-0.6942474,-0.2155205,0.2164811,-0.4971254,0.4818796,-0.04647553,1.819156,-0.9795474,0.09075695,0.1795831,1,1,1,-0.6280354,-0.276919,-0.2253526,-0.1797926,0.134626,0.02414897,1.71069,-0.9976577,0.06743643,-0.01146819,1,1,0,-0.3170919,0.1126578,0.225142,-0.08969069,0.06640933,0.00204742,1.515015,-0.9402252,0.267322,0.210987,1,0.5,1,0,0.5,-0.225496,0,0,0,1.32936,-0.8623105,0.506188,-0.01393711,0,0,0,0,0.5,0.225496,0,0,0,1.378018,-0.8399683,0.4930729,0.2265664,0,0,1
259,-0.2584348,0.07176521,-0.2245093,0.3480771,-0.2271932,0.004429072,1.478013,-0.9677392,0.2516491,-0.01239084,1,0.5,0,-0.6694233,-0.2348201,0.21128,0.2482402,-0.1929957,-0.05201101,1.86901,-0.9815028,0.08070036,0.1736084,1,1,1,-0.6099964,-0.2836591,-0.2330606,0.1803893,-0.06740153,-0.07708013,1.77047,-0.9979267,0.06269225,-0.01456113,1,1,0,-0.2939617,0.09515105,0.2245668,0.2313021,-0.1750678,-0.005752146,1.562352,-0.9453906,0.2526975,0.2058654,1,0.5,1,0,0.5,-0.225496,0,0,0,1.397284,-0.8727033,0.488066,-0.01343815,0,0,0,0,0.5,0.225496,0,0,0,1.444244,-0.8516247,0.4762776,0.2188491,0,0,1
260,-0.2038054,0.04334551,-0.2251703,0.5462946,-0.2841971,-0.0066109,1.493494,-0.9718072,0.2354387,-0.01262625,1,0.5,0,-0.5758592,-0.3030355,0.216281,0.9356409,-0.6821541,0.05000964,1.849784,-0.9827904,0.05233014,0.1771571,1,1,1,-0.5433421,-0.323795,-0.2330813,0.6665432,-0.4013586,-0.0002069771,1.779361,-0.9988887,0.04483932,-0.01451341,1,1,0,-0.225518,0.0536098,0.225118,0.6844373,-0.4154125,0.005512089,1.561176,-0.9504301,0.2326874,0.2062502,1,0.5,1,0,0.5,-0.225496,0,0,0,1.465477,-0.8819671,0.4711325,-0.01297191,0,0,0,0,0.5,0.225496,0,0,0,1.510845,-0.8620686,0.460503,0.2116006,0,0,1
261,-0.1392585,0.0198075,-0.2255591,0.6454687,-0.2353801,-0.003887713,1.505544,-0.9748978,0.2222876,-0.01274423,1,0.5,0,-0.4135907,-0.3959001,0.2274949,1.622685,-0.9286466,0.1121396,1.770346,-0.9820231,0.01325783,0.188295,1,1,1,-0.4176086,-0.3956553,-0.2234596,1.257335,-0.7186031,0.0962171,1.73388,-0.9998526,0.01358385,-0.01050173,1,1,0,-0.1333004,0.0180888,0.2253991,0.9221762,-0.3552099,0.002810359,1.543948,-0.9536651,0.2172701,0.2081262,1,0.5,1,0,0.5,-0.225496,0,0,0,1.538571,-0.8907917,0.4542398,-0.0125068,0,0,0,0,0.5,0.225496,0,0,0,1.582346,-0.8720651,0.4446906,0.2043349,0,0,1
262,-0.07911152,0.00621414,-0.2248854,0.6014698,-0.1359336,0.006737262,1.519843,-0.9767594,0.213984,-0.01232046,1,0.5,0,-0.183555,-0.4788325,0.2303797,2.300357,-0.8293232,0.0288479,1.622116,-0.9789022,-0.02489612,0.2028069,1,1,1,-0.2319236,-0.4698617,-0.2178988,1.85685,-0.7420641,0.05560771,1.62624,-0.9997517,-0.02062877,-0.008418064,1,1,0,-0.04644138,0.002054582,0.225027,0.86859,-0.1603422,-0.003721118,1.53184,-0.9549131,0.2106734,0.2091833,1,0.5,1,0,0.5,-0.225496,0,0,0,1.608213,-0.8982911,0.4392345,-0.01209365,0,0,0,0,0.5,0.225496,0,0,0,1.650572,-0.8805978,0.4305831,0.1978525,0,0,1
263,-0.01393676,-4.980018E-05,-0.2249221,0.6517476,-0.06263941,-0.0003671646,1.533421,-0.9777372,0.2094747,-0.01225624,1,0.5,0,0.08376753,-0.4959683,0.2182476,2.673225,-0.171358,-0.1213211,1.437425,-0.9757522,-0.03611404,0.2158781,1,1,1,-0.00312602,-0.4999268,-0.2242361,2.287975,-0.3006509,-0.0633727,1.47887,-0.9992269,-0.03735808,-0.01224744,1,1,0,0.01943887,-5.699144E-05,0.2248609,0.6588024,-0.02111574,-0.001660287,1.545258,-0.9557598,0.2082588,0.2077297,1,0.5,1,0,0.5,-0.225496,0,0,0,1.680745,-0.9052936,0.4246255,-0.01169141,0,0,0,0,0.5,0.225496,0,0,0,1.721721,-0.8885968,0.416794,0.1915164,0,0,1
264,0.05999509,0.003371366,-0.2247889,0.7393184,0.03421166,0.001332164,1.432475,-0.9749196,0.2221873,-0.01282753,1,0.5,0,0.3116036,-0.4416922,0.2125092,2.27836,0.5427608,-0.05738392,1.183787,-0.9694811,-0.009319575,0.244989,1,1,1,0.2395442,-0.4633039,-0.232151,2.426702,0.3662294,-0.07914931,1.20517,-0.9995828,-0.02187692,-0.01885503,1,1,0,0.09499051,0.00882712,0.2248623,0.7555164,0.08884111,1.400709E-05,1.446389,-0.9499707,0.223402,0.2182824,1,0.5,1,0,0.5,-0.225496,0,0,0,1.653433,-0.902746,0.4300111,-0.0118397,0,0,0,0,0.5,0.225496,0,0,0,1.694919,-0.8856831,0.4218834,0.193855,0,0,1
265,0.1557002,0.02465772,-0.2251563,0.957051,0.2128635,-0.003674477,1.270528,-0.9669597,0.254533,-0.01420838,1,0.5,0,0.4760354,-0.3678712,0.2181109,1.644318,0.7382101,0.05601704,0.9543065,-0.9569467,0.03997014,0.2874985,1,1,1,0.4404513,-0.3861904,-0.2310687,2.009071,0.7711348,0.01082286,0.9281709,-0.9993747,0.02787454,-0.02175422,1,1,0,0.1754407,0.03163746,0.2253331,0.8045024,0.2281034,0.004707724,1.303935,-0.9381096,0.2536885,0.2357808,1,0.5,1,0,0.5,-0.225496,0,0,0,1.584835,-0.8958641,0.4441598,-0.01222926,0,0,0,0,0.5,0.225496,0,0,0,1.62766,-0.8778327,0.43522,0.1999831,0,0,1
266,0.2482387,0.06597571,-0.225473,0.9253846,0.41318,-0.003166944,1.11952,-0.9526128,0.3037787,-0.01572875,1,0.5,0,0.5785639,-0.307665,0.2270612,1.025285,0.6020615,0.08950263,0.7908992,-0.9392294,0.09166864,0.3308246,1,1,1,0.5765138,-0.3112771,-0.2239608,1.360625,0.7491329,0.07107913,0.7201421,-0.9953762,0.09402422,-0.01963774,1,1,0,0.2427702,0.06278023,0.2254596,0.6732945,0.3114277,0.001264811,1.178387,-0.9224597,0.2912203,0.2534932,1,0.5,1,0,0.5,-0.225496,0,0,0,1.516397,-0.8882248,0.4592349,-0.01264433,0,0,0,0,0.5,0.225496,0,0,0,1.560644,-0.8691525,0.449374,0.2064869,0,0,1
267,0.3081808,0.1062734,-0.2248099,0.5994216,0.4029767,0.006631315,0.9944676,-0.9342765,0.3561625,-0.01660116,1,0.5,0,0.6223249,-0.2789752,0.2293952,0.4376101,0.2868977,0.02333999,0.6734313,-0.9221689,0.1252947,0.3659313,1,1,1,0.6482912,-0.2602757,-0.2204072,0.7177734,0.510014,0.03553629,0.5692537,-0.9877316,0.1549906,-0.01908546,1,1,0,0.2815396,0.08683648,0.2250537,0.3876939,0.2405625,-0.004059225,1.071076,-0.9056768,0.3264237,0.2705494,1,0.5,1,0,0.5,-0.225496,0,0,0,1.439896,-0.8786176,0.4773452,-0.01314297,0,0,0,0,0.5,0.225496,0,0,0,1.485848,-0.8582865,0.4662995,0.2142641,0,0,1
268,0.3143012,0.1106306,-0.225111,0.06120384,0.04357263,-0.00301078,0.915886,-0.9252239,0.3790069,-0.01773517,1,0.5,0,0.6130202,-0.2896665,0.2253969,-0.09304643,-0.1069126,-0.03998309,0.6055595,-0.9147336,0.1233163,0.3847798,1,1,1,0.6637462,-0.2468358,-0.2206122,0.1545507,0.1343988,-0.0020504,0.4773498,-0.9828277,0.1833163,-0.02108993,1,1,0,0.2932474,0.0947966,0.2251241,0.1170781,0.07960118,0.0007046759,0.9912058,-0.8926101,0.3492453,0.2850875,1,0.5,1,0,0.5,-0.225496,0,0,0,1.369898,-0.8686639,0.4952142,-0.01363496,0,0,0,0,0.5,0.225496,0,0,0,1.417528,-0.8470867,0.4829133,0.2218982,0,0,1
269,0.2797628,0.0851215,-0.2251797,-0.3453836,-0.2550914,-0.0006870925,0.8651053,-0.9270761,0.3744191,-0.01844523,1,0.5,0,0.5615728,-0.3260708,0.226201,-0.5144739,-0.3640428,0.008041412,0.5767499,-0.9136258,0.09280633,0.3958218,1,1,1,0.6161373,-0.2847179,-0.2195152,-0.4760897,-0.3788207,0.01096994,0.4400643,-0.988424,0.1502898,-0.02075948,1,1,0,0.2593055,0.0721743,0.225192,-0.3394186,-0.2262229,0.0006788969,0.94319,-0.8910912,0.3451897,0.2946196,1,0.5,1,0,0.5,-0.225496,0,0,0,1.301704,-0.8576987,0.5139579,-0.01415104,0,0,0,0,0.5,0.225496,0,0,0,1.35109,-0.8348159,0.5002458,0.2298624,0,0,1
270,0.2106474,0.04651685,-0.2249421,-0.6911547,-0.3860465,0.002376288,0.8434923,-0.9359257,0.3517079,-0.01856509,1,0.5,0,0.4647673,-0.3783681,0.2315158,-0.9680554,-0.5229729,0.05314797,0.5931895,-0.917763,0.04357151,0.394731,1,1,1,0.4991744,-0.361761,-0.2178887,-1.169629,-0.7704315,0.01626551,0.4711738,-0.99764,0.0661457,-0.01841966,1,1,0,0.1829788,0.03461172,0.2250941,-0.7632676,-0.3756258,-0.0009796023,0.9297875,-0.8987891,0.322154,0.2973128,1,0.5,1,0,0.5,-0.225496,0,0,0,1.23589,-0.845708,0.5334439,-0.01468756,0,0,0,0,0.5,0.225496,0,0,0,1.287096,-0.8214759,0.5181591,0.2380935,0,0,1
271,0.1094775,0.01203404,-0.2253964,-1.011698,-0.3448282,-0.004543215,0.8496603,-0.9456809,0.3245513,-0.01881687,1,0.5,0,0.3112754,-0.4421609,0.2288355,-1.534919,-0.6379279,-0.02680302,0.6570735,-0.9286792,-0.01396703,0.3706208,1,1,1,0.3178897,-0.4424879,-0.2220759,-1.812847,-0.8072689,-0.04187211,0.5682912,-0.9996673,-0.01543393,-0.02066469,1,1,0,0.09636457,0.009292122,0.2254533,-0.8661422,-0.253196,0.003592521,0.925903,-0.9043118,0.3052747,0.2983747,1,0.5,1,0,0.5,-0.225496,0,0,0,1.166925,-0.8313665,0.555514,-0.01529523,0,0,0,0,0.5,0.225496,0,0,0,1.220185,-0.805626,0.5383143,0.2473548,0,0,1
272,0.008815544,-0.0001570453,-0.2254228,-1.00662,-0.1219108,-0.0002644956,0.8649377,-0.9499038,0.3119871,-0.01862563,1,0.5,0,0.1082559,-0.4915398,0.2237021,-2.030195,-0.493789,-0.0513345,0.771579,-0.941443,-0.05154204,0.3332094,1,1,1,0.08151758,-0.4947738,-0.2264728,-2.363721,-0.5228588,-0.04396856,0.7260741,-0.998192,-0.0560927,-0.02159149,1,1,0,0.01786563,0.0001595259,0.2255038,-0.7849893,-0.09132595,0.0005054474,0.9213886,-0.9058109,0.2998191,0.2993579,1,0.5,1,0,0.5,-0.225496,0,0,0,1.100665,-0.8155202,0.5785094,-0.01592837,0,0,0,0,0.5,0.225496,0,0,0,1.156058,-0.7882425,0.5591593,0.2569331,0,0,1
273,-0.0760786,0.005718728,-0.2251615,-0.8489414,0.05875773,0.002612919,0.869647,-0.948846,0.3152044,-0.01837082,1,0.5,0,-0.1172905,-0.4930286,0.2249784,-2.255463,-0.01488805,0.01276299,0.9081311,-0.9521812,-0.04760109,0.3018031,1,1,1,-0.1747693,-0.4844135,-0.2223338,-2.562869,0.1036027,0.04138917,0.8996727,-0.9990013,-0.04173371,-0.01595648,1,1,0,-0.04651067,0.002051903,0.224906,-0.643763,0.01892377,-0.005978346,0.9059569,-0.9033109,0.3044559,0.3022184,1,0.5,1,0,0.5,-0.225496,0,0,0,1.034631,-0.7972637,0.6034025,-0.01661376,0,0,0,0,0.5,0.225496,0,0,0,1.092322,-0.7683783,0.5815408,0.2672173,0,0,1
274,-0.1448558,0.02114067,-0.2249916,-0.6877718,0.1542194,0.001699477,0.8651167,-0.9446573,0.3275476,-0.01830729,1,0.5,0,-0.3240965,-0.4411112,0.2295449,-2.06806,0.519174,0.04566535,1.030403,-0.9597523,-0.009873983,0.2806743,1,1,1,-0.3947799,-0.4118943,-0.2149468,-2.200105,0.7251927,0.07387027,1.039629,-0.9999109,0.009161778,-0.009708066,1,1,0,-0.11514,0.01317203,0.2249983,-0.6862929,0.1112013,0.0009232759,0.9002578,-0.8997284,0.3136365,0.3035144,1,0.5,1,0,0.5,-0.225496,0,0,0,0.9725797,-0.7773513,0.6288284,-0.01731383,0,0,0,0,0.5,0.225496,0,0,0,1.032608,-0.7469044,0.6041988,0.2776287,0,0,1
275,-0.2088546,0.04546295,-0.2252281,-0.6399882,0.2432228,-0.002364665,0.8571608,-0.9375368,0.3473892,-0.01858885,1,0.5,0,-0.4867667,-0.3631085,0.2313263,-1.626702,0.7800266,0.01781374,1.110413,-0.9626728,0.03905303,0.2678359,1,1,1,-0.5416492,-0.3275752,-0.2149083,-1.468694,0.8431908,0.000385195,1.108267,-0.9980825,0.06119931,-0.009269793,1,1,0,-0.1841461,0.03486752,0.2249703,-0.6900613,0.2169549,-0.0002805889,0.8963177,-0.89355,0.3300592,0.3043507,1,0.5,1,0,0.5,-0.225496,0,0,0,0.9104006,-0.7540649,0.6565511,-0.01807713,0,0,0,0,0.5,0.225496,0,0,0,0.9729652,-0.7220358,0.6286638,0.2888703,0,0,1
276,-0.2571657,0.07122304,-0.2253388,-0.4831107,0.2576009,-0.001107007,0.8398023,-0.9283936,0.3711167,-0.01891231,1,0.5,0,-0.5924994,-0.2942025,0.2300855,-1.057327,0.6890598,-0.0124079,1.142014,-0.9617444,0.08026576,0.2619257,1,1,1,-0.6194943,-0.2733505,-0.2196622,-0.7784504,0.5422464,-0.04753873,1.11355,-0.9954404,0.09460475,-0.01218566,1,1,0,-0.2416403,0.06208357,0.2253114,-0.5749421,0.2721605,0.003411025,0.8884994,-0.8846517,0.3515188,0.3063101,1,0.5,1,0,0.5,-0.225496,0,0,0,0.8534029,-0.7290498,0.6842013,-0.01883844,0,0,0,0,0.5,0.225496,0,0,0,0.9184837,-0.6956006,0.6528097,0.2999654,0,0,1
277,-0.2775029,0.08399109,-0.2253962,-0.2033722,0.1276805,-0.0005742908,0.7890966,-0.9182034,0.395619,-0.01970076,1,0.5,0,-0.6383924,-0.2615523,0.2258501,-0.4589301,0.3265026,-0.04235387,1.110591,-0.9589912,0.102104,0.2644061,1,1,1,-0.6392358,-0.2611966,-0.2251521,-0.1974154,0.1215395,-0.05489945,1.054352,-0.9942315,0.1060271,-0.01618174,1,1,0,-0.2765217,0.08339287,0.2255498,-0.3488138,0.213093,0.002384186,0.8562027,-0.8720463,0.3756023,0.3137804,1,0.5,1,0,0.5,-0.225496,0,0,0,0.7958525,-0.6992693,0.7145875,-0.01967507,0,0,0,0,0.5,0.225496,0,0,0,0.8636827,-0.6644874,0.6790436,0.3120198,0,0,1
278,-0.2662093,0.07665464,-0.2253584,0.1129362,-0.07336453,0.0003778934,0.7016429,-0.9080609,0.4183062,-0.0211031,1,0.5,0,-0.6283603,-0.2729423,0.2217243,0.1003212,-0.1139003,-0.04125804,1.020988,-0.9555076,0.1006304,0.2772699,1,1,1,-0.6029682,-0.2929761,-0.2281555,0.3626764,-0.317795,-0.03003404,0.9343829,-0.9954969,0.09273948,-0.01962901,1,1,0,-0.2803438,0.08598599,0.2253436,-0.03822088,0.02593115,-0.002061576,0.7902457,-0.8566582,0.3968128,0.329661,1,0.5,1,0,0.5,-0.225496,0,0,0,0.7404345,-0.6650538,0.7465126,-0.02055408,0,0,0,0,0.5,0.225496,0,0,0,0.8111348,-0.6291921,0.7062584,0.324525,0,0,1
279,-0.2249919,0.05318438,-0.2251606,0.4121739,-0.2347026,0.001977682,0.5818177,-0.8962476,0.4429437,-0.02325773,1,0.5,0,-0.5620621,-0.3234868,0.2189757,0.6629813,-0.5054453,-0.02748564,0.8759998,-0.9495981,0.07450086,0.3044882,1,1,1,-0.5092834,-0.3580917,-0.2276411,0.9368479,-0.6511566,0.005144179,0.7560098,-0.9982948,0.05406666,-0.02200708,1,1,0,-0.2481414,0.06567167,0.2251555,0.3220236,-0.2031431,-0.001880974,0.6865932,-0.8366188,0.4143557,0.3582993,1,0.5,1,0,0.5,-0.225496,0,0,0,0.6885,-0.6264911,0.7791333,-0.02145224,0,0,0,0,0.5,0.225496,0,0,0,0.762113,-0.5899509,0.7336903,0.3371299,0,0,1
280,-0.1559842,0.02465729,-0.2251751,0.6900769,-0.2852709,-0.0001445413,0.4366094,-0.8762216,0.4811582,-0.02687895,1,0.5,0,-0.4304906,-0.4000498,0.2182273,1.315715,-0.7656294,-0.007484704,0.6726104,-0.9339707,0.0221303,0.3566634,1,1,1,-0.3631115,-0.4304715,-0.2267075,1.461719,-0.7237974,0.009336323,0.5281613,-0.9996531,-0.004349007,-0.02597595,1,1,0,-0.1831748,0.03437459,0.2249755,0.6496659,-0.3129709,-0.001800507,0.5542433,-0.8042431,0.4366872,0.4031095,1,0.5,1,0,0.5,-0.225496,0,0,0,0.6401504,-0.5829872,0.8121735,-0.02236195,0,0,0,0,0.5,0.225496,0,0,0,0.7166922,-0.5463117,0.7610799,0.3497154,0,0,1
281,-0.06837321,0.004578825,-0.2250306,0.8761098,-0.2007846,0.001444668,0.2838241,-0.8349944,0.5493309,-0.03193396,1,0.5,0,-0.2318511,-0.4721171,0.2211829,1.986395,-0.7206732,0.0295566,0.4211903,-0.8879455,-0.05006251,0.457216,1,1,1,-0.1766451,-0.4835575,-0.2262508,1.864663,-0.5308604,0.004566461,0.2653796,-0.9965783,-0.07520127,-0.03429778,1,1,0,-0.0953258,0.008894121,0.2250998,0.8784902,-0.2548046,0.001243055,0.4133483,-0.7460915,0.4761536,0.4654301,1,0.5,1,0,0.5,-0.225496,0,0,0,0.5962014,-0.5346788,0.8447353,-0.02325849,0,0,0,0,0.5,0.225496,0,0,0,0.675608,-0.4985638,0.7876775,0.361937,0,0,1
282,0.01913472,0.0003086797,-0.2254749,0.8750793,-0.04270145,-0.00444293,0.1498815,-0.7537605,0.6559792,-0.03919931,1,0.5,0,0.006258161,-0.5000531,0.2248012,2.381093,-0.2793601,0.0361824,0.1623284,-0.7590367,-0.1118072,0.6413755,1,1,1,0.0350182,-0.4995236,-0.2253597,2.116633,-0.1596612,0.008911341,-0.01968989,-0.9868031,-0.1530754,-0.05279858,1,1,0,0.00841553,-8.141759E-05,0.2253965,1.037413,-0.08975539,0.002967119,0.2829069,-0.6393789,0.544022,0.5433551,1,0.5,1,0,0.5,-0.225496,0,0,0,0.5569752,-0.4815531,0.8760849,-0.02412165,0,0,0,0,0.5,0.225496,0,0,0,0.6391195,-0.4468273,0.8129086,0.3735306,0,0,1
283,0.1012068,0.01018109,-0.2255664,0.820721,0.09872414,-0.0009153783,0.04301661,-0.5937707,0.8032556,-0.04708225,1,0.5,0,0.2433922,-0.4696542,0.2247146,2.371341,0.3039891,-0.0008660555,-0.0365614,-0.3889232,-0.0941963,0.9164419,1,1,1,0.2401127,-0.4701338,-0.2262219,2.050945,0.293898,-0.008622408,-0.3094336,-0.9630321,-0.231593,-0.1376,1,1,0,0.1089518,0.01193925,0.2253173,1.005363,0.1202067,-0.0007921457,0.1868119,-0.4581785,0.6376407,0.6192631,1,0.5,1,0,0.5,-0.225496,0,0,0,0.5186226,-0.4158893,0.9090707,-0.02502987,0,0,0,0,0.5,0.225496,0,0,0,0.6036253,-0.383857,0.8390529,0.3855439,0,0,1
284,0.1139817,0.0119688,-0.2185916,0.1277489,0.0178771,0.06974846,-0.003611505,-0.4691752,0.8823105,-0.03745372,1,0.5,0,0.3758168,-0.425305,0.2155139,1.324246,0.4434919,-0.09200677,-0.08347881,0.06948482,0.001668559,0.9975816,1,1,1,0.175575,-0.4831038,-0.1846584,-0.6453772,-0.1297,0.4156354,-0.3187822,-0.9452711,-0.3151117,0.08465841,1,1,0,0.2211072,0.05022931,0.2182083,1.121554,0.3829005,-0.07109001,0.1461502,-0.1946416,0.7370257,0.6472308,1,0.5,1,0,0.5,-0.225496,0,0,0,0.4891654,-0.3506743,0.9361427,-0.02577526,0,0,0,0,0.5,0.225496,0,0,0,0.5764966,-0.3222257,0.8601978,0.3952599,0,0,1
285,0.1532495,0.02358785,-0.2233231,0.3926778,0.1161904,-0.04731491,-0.03607473,-0.2415091,0.9690954,-0.05027337,1,0.5,0,0.2160172,-0.4542517,0.2448866,-1.597996,-0.2894673,0.2937274,-0.05150223,-0.1098656,-0.06299192,0.9919484,1,1,1,0.09591916,-0.4721537,-0.1894837,-0.7965583,0.1095018,-0.04825354,-0.324137,-0.9630935,-0.262441,0.05979799,1,1,0,0.2091928,0.045426,0.2237045,-0.1191442,-0.04803307,0.05496249,0.1363294,-0.0881601,0.7408521,0.6658573,1,0.5,1,0,0.5,-0.225496,0,0,0,0.46359,-0.2753159,0.9609896,-0.02645938,0,0,0,0,0.5,0.225496,0,0,0,0.5530444,-0.2519283,0.8793551,0.4040627,0,0,1
286,0.1191098,0.01365329,-0.2253352,-0.3413966,-0.09934551,-0.02012148,-0.05427772,-0.1543238,0.986384,-0.05684086,1,0.5,0,-0.05402592,-0.4512178,0.2269596,-2.700431,0.03033936,-0.1792705,-0.008617938,-0.4923283,-0.05132015,0.8688953,1,1,1,0.01353775,-0.4751484,-0.2184064,-0.823814,-0.02994746,-0.2892263,-0.317915,-0.9575619,-0.2699202,-0.1010867,1,1,0,0.1255451,0.01540271,0.2256482,-0.8364773,-0.3002329,0.01943663,0.1163605,-0.1011588,0.7161437,0.6905832,1,0.5,1,0,0.5,-0.225496,0,0,0,0.4452146,-0.1987859,0.9796717,-0.02697376,0,0,0,0,0.5,0.225496,0,0,0,0.5362564,-0.1813213,0.8936012,0.4106088,0,0,1
287,0.04347821,0.002118275,-0.2211397,-0.7563163,-0.1153502,0.04195511,-0.06688401,-0.143396,0.9884611,-0.04880846,1,0.5,0,-0.2334444,-0.4618321,0.1792955,-1.794185,-0.1061434,-0.4766408,0.009990335,-0.6647767,-0.07026042,0.7437308,1,1,1,-0.1105415,-0.4724477,-0.2545946,-1.240792,0.02700716,-0.3618819,-0.2722968,-0.9491602,-0.2039835,-0.239762,1,1,0,-0.05124729,0.002021397,0.2199091,-1.767924,-0.1338131,-0.05739123,0.1197761,-0.2530472,0.6906065,0.6775174,1,0.5,1,0,0.5,-0.225496,0,0,0,0.4323488,-0.1132466,0.9931905,-0.02734598,0,0,0,0,0.5,0.225496,0,0,0,0.5245346,-0.1030568,0.903825,0.4153066,0,0,1
288,-0.135811,0.01826631,-0.2254043,-1.792892,0.1614803,-0.04264608,-0.02592742,-0.3448491,0.9371272,-0.05358744,1,0.5,0,-0.3352804,-0.4388814,0.2229221,-1.01836,0.2295077,0.4362658,0.05746192,-0.651081,-0.02310717,0.7586564,1,1,1,-0.2624328,-0.4654169,-0.2215118,-1.518913,0.07030785,0.3308274,-0.2064399,-0.9882314,-0.134272,-0.07327912,1,1,0,-0.1256775,0.01516579,0.2255371,-0.7443015,0.1314439,0.0562802,0.1318427,-0.2427027,0.6982208,0.6734858,1,0.5,1,0,0.5,-0.225496,0,0,0,0.4267642,-0.02985926,0.9991754,-0.02751076,0,0,0,0,0.5,0.225496,0,0,0,0.5194551,-0.02714439,0.9083284,0.4173759,0,0,1
289,-0.2486561,0.0654538,-0.2247698,-1.128451,0.4718749,0.00634551,0.02882069,-0.366244,0.9293392,-0.04683966,1,0.5,0,-0.3341587,-0.4376114,0.2113979,0.0112167,0.01269966,-0.1152416,-0.002682656,-0.5613719,-0.02334807,0.8272342,1,1,1,-0.4383055,-0.3972317,-0.2256676,-1.758727,0.6818518,-0.04155755,-0.1147392,-0.99498,0.07467221,-0.06662391,1,1,0,-0.2146084,0.04768065,0.2245559,-0.8893092,0.3251486,-0.009812564,0.1558221,-0.2434039,0.72227,0.6473643,1,0.5,1,0,0.5,-0.225496,0,0,0,0.427981,0.05924552,0.9978653,-0.02747469,0,0,0,0,0.5,0.225496,0,0,0,0.5205613,0.05387105,0.9073438,0.4169235,0,0,1
290,-0.3066723,0.1046612,-0.2222877,-0.5801619,0.3920745,0.02482086,0.05813235,-0.307282,0.9507803,-0.03993264,1,0.5,0,-0.3799275,-0.4187675,0.1922306,-0.4576874,0.1884386,-0.191673,-0.03761032,-0.5293352,0.01564148,0.8482686,1,1,1,-0.5042793,-0.3543735,-0.2365522,-0.6597379,0.4285821,-0.1088464,-0.1222312,-0.9770815,0.189604,-0.09675816,1,1,0,-0.2388451,0.05997699,0.221507,-0.2423668,0.1229634,-0.03048852,0.1516062,-0.1591095,0.745814,0.6468738,1,0.5,1,0,0.5,-0.225496,0,0,0,0.4361605,0.1443858,0.9891466,-0.02723464,0,0,0,0,0.5,0.225496,0,0,0,0.5280045,0.1314861,0.9007742,0.4139048,0,0,1
291,-0.2614682,0.07347447,-0.2253045,0.452041,-0.3118678,-0.03016844,0.002361715,-0.09446897,0.9942526,-0.05037116,1,0.5,0,-0.4501309,-0.3869959,0.2274622,-0.7020345,0.317716,0.3523163,-0.01010403,-0.4819804,0.07961702,0.8725572,1,1,1,-0.4800873,-0.376208,-0.2224248,0.2419201,-0.2183446,0.1412743,-0.2283773,-0.9795817,0.1833132,-0.08255859,1,1,0,-0.2724757,0.08049337,0.2255278,-0.3363061,0.2051638,0.04020795,0.1640991,-0.08803659,0.7626774,0.6407595,1,0.5,1,0,0.5,-0.225496,0,0,0,0.4507505,0.2250965,0.9739674,-0.0268167,0,0,0,0,0.5,0.225496,0,0,0,0.5413085,0.2055209,0.8892657,0.4086166,0,0,1
292,-0.1852497,0.03554352,-0.2241986,0.7621852,-0.3793094,0.01105964,-0.02563357,0.2252339,0.9729684,-0.05101242,1,0.5,0,-0.498917,-0.3662632,0.2151908,-0.4878613,0.207327,-0.1227145,-0.03231633,-0.4422303,0.127729,0.8877599,1,1,1,-0.4637384,-0.3795981,-0.2342867,0.163489,-0.03390133,-0.1186194,-0.3189177,-0.9478852,0.2562475,-0.1893433,1,1,0,-0.2348517,0.05819267,0.2235856,0.3762396,-0.223007,-0.01942188,0.1458668,0.0886273,0.7496789,0.6558405,1,0.5,1,0,0.5,-0.225496,0,0,0,0.4713107,0.3007206,0.953351,-0.02624906,0,0,0,0,0.5,0.225496,0,0,0,0.5601138,0.27553,0.8734912,0.4013682,0,0,1
293,-0.1325781,0.01765877,-0.2255389,0.5267162,-0.1788475,-0.01340359,0.006389678,0.4794455,0.8761213,-0.05043337,1,0.5,0,-0.4824274,-0.3396484,0.224044,0.164896,0.2661487,0.08853197,-0.05420583,-0.2401626,0.1937029,0.9512103,1,1,1,-0.5148166,-0.3049172,-0.2244708,-0.5107823,0.7468089,0.09815961,-0.3137025,-0.7485456,0.649943,-0.1313531,1,1,0,-0.1326201,0.01762311,0.2254268,1.022316,-0.4056956,0.01841158,0.1608436,0.3673249,0.6712983,0.6437632,1,0.5,1,0,0.5,-0.225496,0,0,0,0.4995121,0.3755476,0.926452,-0.02550844,0,0,0,0,0.5,0.225496,0,0,0,0.5860116,0.3456357,0.8526612,0.3917969,0,0,1
294,-0.1057584,0.01060631,-0.2239943,0.2681965,-0.0705246,0.01544595,0.05849534,0.6221045,0.7817546,-0.04296247,1,0.5,0,-0.4349126,-0.3186867,0.2582068,0.4751483,0.209617,0.3416279,-0.0290392,0.0388318,0.2278604,0.9729192,1,1,1,-0.5387955,-0.2342052,-0.1725849,-0.2397889,0.7071206,0.5188586,-0.2881905,-0.4041111,0.9055061,0.1294328,1,1,0,-0.05261091,0.002010697,0.2238953,0.8000916,-0.1561241,-0.01531512,0.2234312,0.5537362,0.5916398,0.585951,1,0.5,1,0,0.5,-0.225496,0,0,0,0.5312697,0.4394591,0.8979223,-0.02472291,0,0,0,0,0.5,0.225496,0,0,0,0.6153089,0.4063456,0.8302633,0.3815051,0,0,1
295,-0.1026519,0.01013854,-0.220822,0.03106527,-0.00467767,0.03172368,0.1126204,0.7014345,0.7119231,-0.03398838,1,0.5,0,-0.4277624,-0.272266,0.295251,0.07150173,0.4642066,0.3704426,0.02900797,0.1977333,0.2906081,0.9361883,1,1,1,-0.5472749,-0.2014981,-0.1339582,-0.08479416,0.3270705,0.3862673,-0.2655113,-0.06358484,0.9574105,0.2816419,1,1,0,-0.01495152,5.736016E-05,0.2216319,0.3765938,-0.01953337,-0.02263337,0.2918428,0.6534294,0.538058,0.5324692,1,0.5,1,0,0.5,-0.225496,0,0,0,0.568428,0.4982694,0.8666939,-0.02386309,0,0,0,0,0.5,0.225496,0,0,0,0.6497544,0.4630249,0.8053894,0.3700756,0,0,1
296,-0.07149328,0.004813503,-0.2242019,0.3115863,-0.0532504,-0.03379896,0.1935871,0.7829238,0.6211383,-0.03489377,1,0.5,0,-0.4556539,-0.2506007,0.2636057,-0.2789143,0.2166533,-0.3164539,0.02051252,0.3052092,0.3369743,0.8906714,1,1,1,-0.5345982,-0.177301,-0.1743785,0.1267666,0.2419712,-0.4042034,-0.2375214,0.3044854,0.9475021,0.09761363,1,1,0,-0.02466804,0.0001382694,0.2244552,-0.09716517,0.0008090923,0.02823308,0.3424253,0.7001821,0.505847,0.5038491,1,0.5,1,0,0.5,-0.225496,0,0,0,0.6116474,0.5528004,0.832998,-0.02293532,0,0,0,0,0.5,0.225496,0,0,0,0.6900238,0.5163923,0.7781357,0.3575525,0,0,1
297,-0.04653146,0.002037081,-0.2253168,0.2496182,-0.02776423,-0.0111495,0.2750482,0.8330241,0.5522715,-0.03266483,1,0.5,0,-0.4850189,-0.2422737,0.2227378,-0.2936506,0.08326948,-0.4086782,0.005343676,0.4099118,0.363567,0.8365353,1,1,1,-0.5004379,-0.2075614,-0.2267114,0.3416038,-0.302604,-0.5233286,-0.2081296,0.6568922,0.7484096,-0.09151793,1,1,0,-0.048804,0.002215005,0.225645,-0.2413596,0.02076735,0.01189753,0.3823012,0.7291855,0.4853388,0.4824259,1,0.5,1,0,0.5,-0.225496,0,0,0,0.6563817,0.5985612,0.8007736,-0.02204807,0,0,0,0,0.5,0.225496,0,0,0,0.7319154,0.561861,0.751675,0.3453938,0,0,1
298,-0.04201045,0.001772929,-0.2242648,0.04521012,-0.002641514,0.01052052,0.3458073,0.8621989,0.505757,-0.02868829,1,0.5,0,-0.488607,-0.2947444,0.1828246,-0.03588051,-0.5247068,-0.3991322,-0.006362498,0.5726014,0.2658947,0.7755176,1,1,1,-0.4257275,-0.316376,-0.2633213,0.747104,-1.088146,-0.3660993,-0.1320015,0.9389633,0.2978925,-0.1720695,1,1,0,-0.09340549,0.008629829,0.2237777,-0.4460149,0.06414824,-0.01867279,0.409936,0.7449524,0.4776488,0.4657226,1,0.5,1,0,0.5,-0.225496,0,0,0,0.7053941,0.6398442,0.7682135,-0.02115158,0,0,0,0,0.5,0.225496,0,0,0,0.7780343,0.6034771,0.7245502,0.33293,0,0,1
299,-0.08587678,0.006469701,-0.2232453,-0.4386633,0.04696772,0.01019478,0.3812764,0.8709117,0.490731,-0.02637684,1,0.5,0,-0.4286673,-0.3917994,0.1933912,0.5993965,-0.9705505,0.1056658,0.0799278,0.7323729,0.0589738,0.6783451,1,1,1,-0.2927727,-0.4486598,-0.2328665,1.329548,-1.322838,0.3045478,0.06203759,0.9974743,-0.04031725,-0.05847745,1,1,0,-0.1497806,0.02215506,0.2230228,-0.5637512,0.1352523,-0.007549226,0.4353387,0.7522517,0.4791366,0.4522669,1,0.5,1,0,0.5,-0.225496,0,0,0,0.7595245,0.67755,0.7351981,-0.02024255,0,0,0,0,0.5,0.225496,0,0,0,0.8292098,0.6420286,0.6966545,0.320112,0,0,1
300,-0.1543417,0.02424159,-0.2243687,-0.6846493,0.1777189,-0.01123399,0.3982379,0.8648772,0.5012498,-0.02712944,1,0.5,0,-0.2169239,-0.4605125,0.2385567,2.117434,-0.6871307,0.4516546,0.3388824,0.8514701,-0.04114107,0.5227868,1,1,1,-0.1576349,-0.4754352,-0.2083201,1.351378,-0.2677542,0.2454646,0.275195,0.9979068,-0.06377134,-0.01073286,1,1,0,-0.193495,0.03867446,0.224719,-0.4371443,0.165194,0.01696259,0.4698082,0.7606785,0.4791406,0.4379413,1,0.5,1,0,0.5,-0.225496,0,0,0,0.8134965,0.708953,0.7049886,-0.01941078,0,0,0,0,0.5,0.225496,0,0,0,0.88046,0.674563,0.6707909,0.3082277,0,0,1
301,-0.1569825,0.02463721,-0.2254207,-0.02640739,0.003956184,-0.01051992,0.468708,0.8848197,0.465194,-0.02624184,1,0.5,0,0.03210118,-0.4323762,0.2288105,2.490251,0.2813631,-0.09746179,0.6307015,0.92528,-0.00563916,0.3792428,1,1,1,-0.0302054,-0.4590275,-0.2171139,1.274295,0.1640776,-0.08793876,0.4846119,0.9992861,-0.03354364,-0.01738141,1,1,0,-0.1645667,0.0274651,0.225587,0.2892834,-0.1120936,0.008679181,0.5528467,0.8069054,0.4307038,0.404225,1,0.5,1,0,0.5,-0.225496,0,0,0,0.8735188,0.7383331,0.6741808,-0.01856253,0,0,0,0,0.5,0.225496,0,0,0,0.9376894,0.7053779,0.644089,0.2959582,0,0,1
302,-0.09310285,0.008677662,-0.2242103,0.638796,-0.1595955,0.01210421,0.5939658,0.917404,0.3973412,-0.02213073,1,0.5,0,0.200946,-0.4330458,0.1895336,1.688448,-0.006695986,-0.3927685,0.8548803,0.9577653,-0.005200316,0.2875041,1,1,1,0.1256506,-0.439899,-0.2550571,1.55856,0.191285,-0.3794315,0.7236803,0.9989228,-0.01135833,-0.04499304,1,1,0,-0.04377506,0.001603531,0.2240309,1.207916,-0.2586157,-0.01556084,0.7129805,0.8680571,0.352523,0.3495776,1,0.5,1,0,0.5,-0.225496,0,0,0,0.9355842,0.7639478,0.6450336,-0.01776001,0,0,0,0,0.5,0.225496,0,0,0,0.9970968,0.7325588,0.6185305,0.2842141,0,0,1
303,0.04178767,0.001685377,-0.2235384,1.348905,-0.06992285,0.006718189,0.7865341,0.9429497,0.3324322,-0.01829601,1,0.5,0,0.3094877,-0.4446656,0.2029761,1.085417,-0.1161978,0.1344247,1.034802,0.9648393,-0.01216156,0.2625591,1,1,1,0.2724544,-0.4412779,-0.2464208,1.468038,-0.01378953,0.08636311,0.9446305,0.9994277,-0.01057566,-0.03213333,1,1,0,0.1040335,0.01076191,0.2231534,1.478086,0.09158384,-0.0087744,0.9129477,0.9026398,0.309114,0.2994827,1,0.5,1,0,0.5,-0.225496,0,0,0,0.9933804,0.7843609,0.6200697,-0.01707267,0,0,0,0,0.5,0.225496,0,0,0,1.052605,0.7544413,0.596417,0.274053,0,0,1
304,0.2409307,0.06117861,-0.2232018,1.99143,0.5949323,0.003366619,1.074595,0.950818,0.3093992,-0.01473507,1,0.5,0,0.3666115,-0.4303961,0.2178674,0.5712381,0.1426944,0.1489136,1.175776,0.9684079,-0.002623347,0.2493577,1,1,1,0.3722301,-0.4212987,-0.2330451,0.997757,0.1997921,0.1337573,1.128795,0.99979,0.002886359,-0.02028804,1,1,0,0.1831905,0.03474434,0.2234325,0.7915692,0.2398243,0.002790838,1.069551,0.9170859,0.2935517,0.2697794,1,0.5,1,0,0.5,-0.225496,0,0,0,1.06084,0.8048376,0.5932702,-0.01633479,0,0,0,0,0.5,0.225496,0,0,0,1.117597,0.7765983,0.5724542,0.2630421,0,0,1
305,0.3090646,0.1067095,-0.2249932,0.6813386,0.4553093,-0.01791462,1.229244,0.9512574,0.3080592,-0.01445328,1,0.5,0,0.3699171,-0.4039377,0.208325,0.03305554,0.2645841,-0.09542406,1.254138,0.9724485,0.01257727,0.2327782,1,1,1,0.4409794,-0.3754579,-0.2361647,0.6874931,0.458408,-0.03119677,1.277957,0.9993889,0.02842705,-0.02034061,1,1,0,0.2843044,0.08844266,0.2250268,1.01114,0.5369831,0.01594275,1.252237,0.9246444,0.293592,0.2425624,1,0.5,1,0,0.5,-0.225496,0,0,0,1.125648,0.8217592,0.5696189,-0.01568358,0,0,0,0,0.5,0.225496,0,0,0,1.180217,0.7950708,0.5511193,0.2532387,0,0,1
306,0.3152141,0.1113691,-0.2253591,0.06149501,0.04659578,-0.003658533,1.311426,0.954882,0.2966553,-0.01399952,1,0.5,0,0.3899284,-0.3864779,0.2201037,0.2001131,0.1745984,0.1177861,1.353093,0.9737301,0.02132765,0.226704,1,1,1,0.4509718,-0.3699049,-0.226408,0.0999245,0.05553007,0.09756759,1.366486,0.9994481,0.03005385,-0.0141485,1,1,0,0.3096913,0.107096,0.2256216,0.2538687,0.186533,0.005947948,1.354218,0.9298664,0.2875044,0.2295423,1,0.5,1,0,0.5,-0.225496,0,0,0,1.190826,0.8365641,0.5476614,-0.01507902,0,0,0,0,0.5,0.225496,0,0,0,1.243355,0.8113573,0.5311596,0.2440673,0,0,1
307,0.2673127,0.07703838,-0.225295,-0.4790139,-0.3433073,0.000641048,1.331307,0.9614341,0.2746882,-0.01381254,1,0.5,0,0.4363213,-0.3980159,0.2194369,0.4639289,-0.1153803,-0.006667972,1.474946,0.9770846,0.01416954,0.2123789,1,1,1,0.4034394,-0.4041499,-0.2303777,-0.4753247,-0.3424498,-0.03969684,1.397177,0.9998055,0.01151717,-0.01601204,1,1,0,0.2477899,0.06519055,0.2251729,-0.619014,-0.4190541,-0.00448674,1.358405,0.9369096,0.2643075,0.2287837,1,0.5,1,0,0.5,-0.225496,0,0,0,1.257349,0.8497847,0.5269302,-0.01450821,0,0,0,0,0.5,0.225496,0,0,0,1.307947,0.8260023,0.5121833,0.2353477,0,0,1
308,0.1272892,0.01613283,-0.2248707,-1.400235,-0.6090555,0.004243106,1.260535,0.9678488,0.2511356,-0.01412678,1,0.5,0,0.4047254,-0.4074281,0.2187795,-0.3159589,-0.0941214,-0.006573796,1.525226,0.9783441,0.009170308,0.2067816,1,1,1,0.3544778,-0.4291767,-0.2288669,-0.4896155,-0.2502686,0.01510754,1.431339,0.9998869,-0.001644843,-0.01494658,1,1,0,0.1506671,0.02326464,0.22551,-0.9712277,-0.419259,0.00337109,1.334801,0.9414151,0.2448574,0.2319107,1,0.5,1,0,0.5,-0.225496,0,0,0,1.328641,0.8621936,0.5063871,-0.01394259,0,0,0,0,0.5,0.225496,0,0,0,1.377318,0.8398375,0.4932568,0.226651,0,0,1
309,-0.01478698,0.000200595,-0.2241224,-1.420762,-0.1593223,0.00748232,1.194583,0.9677506,0.2515077,-0.01423504,1,0.5,0,0.3001829,-0.4234338,0.1936897,-1.045425,-0.1600575,-0.2508976,1.494153,0.9803178,0.001286857,0.197422,1,1,1,0.2579791,-0.4177996,-0.2553645,-0.9649876,0.1137713,-0.2649757,1.413518,0.9995722,0.004285497,-0.02893334,1,1,0,0.03802264,0.001338777,0.2238065,-1.126445,-0.2192587,-0.01703545,1.296555,0.9422162,0.2378657,0.2358995,1,0.5,1,0,0.5,-0.225496,0,0,0,1.396372,0.8725718,0.4883009,-0.01344462,0,0,0,0,0.5,0.225496,0,0,0,1.443354,0.8514768,0.4764959,0.2189493,0,0,1
310,-0.09797391,0.009546399,-0.2249912,-0.8318693,0.09345804,-0.008687526,1.190964,0.9661459,0.2575728,-0.01477926,1,0.5,0,0.1451389,-0.4490607,0.2036,-1.55044,-0.2562693,0.0991033,1.419875,0.9775799,-0.01201159,0.2102221,1,1,1,0.1240121,-0.4378562,-0.2467532,-1.339669,-0.2005655,0.08611321,1.356331,0.9996624,-0.006386884,-0.02518579,1,1,0,-0.06487093,0.004152234,0.2248358,-1.028936,0.02813457,0.01029313,1.273079,0.9400715,0.2426019,0.2396034,1,0.5,1,0,0.5,-0.225496,0,0,0,1.463895,0.8817641,0.471512,-0.01298236,0,0,0,0,0.5,0.225496,0,0,0,1.509298,0.8618392,0.4608574,0.2117635,0,0,1
311,-0.1115638,0.01250136,-0.2253798,-0.1358985,0.02954963,-0.003885925,1.258838,0.9683154,0.2493131,-0.01442986,1,0.5,0,-0.04815708,-0.4827874,0.2265215,-1.93296,-0.3372663,0.2292146,1.318166,0.9715927,-0.03123333,0.2345889,1,1,1,-0.04062255,-0.482341,-0.2243095,-1.646347,-0.4448482,0.2244367,1.275112,0.9994024,-0.0317394,-0.01369462,1,1,0,-0.1135244,0.01284397,0.2255968,-0.486535,0.08691737,0.007609725,1.307657,0.9410794,0.2427694,0.2354411,1,0.5,1,0,0.5,-0.225496,0,0,0,1.537441,0.8906631,0.4544916,-0.01251373,0,0,0,0,0.5,0.225496,0,0,0,1.581241,0.8719191,0.4449269,0.2044434,0,0,1
312,-0.05831043,0.00319824,-0.2239881,0.5325333,-0.09303122,0.01391679,1.385642,0.9736684,0.2276138,-0.01272145,1,0.5,0,-0.2523767,-0.4669862,0.2172365,-2.042197,0.1580116,-0.09285048,1.194603,0.9689135,-0.02418631,0.2462148,1,1,1,-0.2141742,-0.4718311,-0.2320436,-1.735517,0.1050994,-0.07734135,1.181057,0.9994465,-0.02726324,-0.01906159,1,1,0,-0.1089214,0.01191804,0.2240785,0.04603036,-0.009259265,-0.0151825,1.386583,0.9463563,0.2321224,0.2247866,1,0.5,1,0,0.5,-0.225496,0,0,0,1.608673,0.898338,0.4391388,-0.01209101,0,0,0,0,0.5,0.225496,0,0,0,1.651023,0.8806512,0.4304929,0.197811,0,0,1
313,-0.04324378,0.00166461,-0.2249856,0.1506665,-0.0153363,-0.009974688,1.475995,0.9762163,0.21643,-0.01264456,1,0.5,0,-0.4007378,-0.3734647,0.2041469,-1.48361,0.9352154,-0.1308958,1.12349,0.967979,0.0323595,0.2489371,1,1,1,-0.341997,-0.3989289,-0.2422427,-1.278228,0.7290211,-0.1019908,1.131017,0.9995267,0.01659766,-0.02589961,1,1,0,-0.07533927,0.005582966,0.2248828,0.3358214,-0.06335078,0.0080432,1.491238,0.9526247,0.216741,0.2133762,1,0.5,1,0,0.5,-0.225496,0,0,0,1.67896,0.9051302,0.4249735,-0.01170099,0,0,0,0,0.5,0.225496,0,0,0,1.719969,0.8884099,0.417123,0.1916676,0,0,1
314,-0.06106914,0.00344522,-0.2253505,-0.1782536,0.0178061,-0.003649592,1.433669,0.9749384,0.2220882,-0.01311007,1,0.5,0,-0.4759335,-0.2963288,0.2105733,-0.751957,0.7713589,0.06426379,1.032089,0.9596989,0.08463686,0.2679826,1,1,1,-0.4240754,-0.3401594,-0.2352573,-0.8207837,0.5876958,0.06985456,1.025028,0.9981468,0.0562879,-0.02311908,1,1,0,-0.07775119,0.005732931,0.2254068,-0.02411924,0.001499648,0.005239248,1.464372,0.9512083,0.2197817,0.2165612,1,0.5,1,0,0.5,-0.225496,0,0,0,1.655487,0.9029412,0.4296013,-0.01182841,0,0,0,0,0.5,0.225496,0,0,0,1.696934,0.8859062,0.4214965,0.1936772,0,0,1
315,-0.09701914,0.009467065,-0.2254393,-0.3594999,0.06021845,-0.0008870661,1.321279,0.9708946,0.2390996,-0.01396779,1,0.5,0,-0.4970729,-0.3021957,0.2174354,-0.2113941,-0.05866915,0.06862134,0.9358257,0.9529125,0.08622516,0.2907285,1,1,1,-0.4743714,-0.3185278,-0.2326652,-0.5029604,0.216316,0.02592057,0.8954459,0.9967549,0.07701641,-0.02340843,1,1,0,-0.1078538,0.01167821,0.2254121,-0.301026,0.05945282,5.304813E-05,1.360408,0.9446507,0.2352593,0.2286661,1,0.5,1,0,0.5,-0.225496,0,0,0,1.58265,0.8956327,0.4446259,-0.01224209,0,0,0,0,0.5,0.225496,0,0,0,1.625518,0.8775693,0.4356585,0.2001846,0,0,1
316,-0.1479918,0.02232535,-0.2255086,-0.5097267,0.1285829,-0.000693351,1.199555,0.9644634,0.2637899,-0.01500898,1,0.5,0,-0.4669865,-0.3657442,0.2225597,0.300864,-0.6354848,0.05124286,0.8874511,0.9515031,0.04342915,0.3045582,1,1,1,-0.4805318,-0.3512163,-0.2280224,-0.06160378,-0.3268853,0.04642829,0.8090569,0.9981374,0.05712793,-0.02140653,1,1,0,-0.1542603,0.0243079,0.2253597,-0.4640652,0.1262969,-0.0005234778,1.246436,0.9349843,0.2578439,0.2435587,1,0.5,1,0,0.5,-0.225496,0,0,0,1.512966,0.8878194,0.4600177,-0.01266588,0,0,0,0,0.5,0.225496,0,0,0,1.557287,0.8686928,0.4501074,0.2068238,0,0,1
317,-0.2069443,0.04459723,-0.2253178,-0.5895245,0.2227187,0.001907498,1.0748,0.9541709,0.2988299,-0.01607686,1,0.5,0,-0.3694507,-0.4290505,0.2237364,0.9753579,-0.633063,0.0117676,0.9055206,0.9534701,-0.002170353,0.3014801,1,1,1,-0.4211074,-0.4073675,-0.2237471,0.5942437,-0.5615124,0.04275292,0.7888185,0.9997258,0.01445702,-0.01842546,1,1,0,-0.1993793,0.04105765,0.225693,-0.4511897,0.1674974,0.003332943,1.137083,0.9224903,0.2852987,0.2600314,1,0.5,1,0,0.5,-0.225496,0,0,0,1.444419,0.8792203,0.4762349,-0.0131124,0,0,0,0,0.5,0.225496,0,0,0,1.490266,0.8589666,0.4652644,0.2137884,0,0,1
318,-0.2315662,0.05677415,-0.2246704,-0.2462195,0.1217692,0.006473958,0.9769715,0.9449226,0.3268676,-0.01670339,1,0.5,0,-0.2353913,-0.4584248,0.2085977,1.340594,-0.2937433,-0.1513876,0.9508986,0.9592666,-0.02234809,0.281617,1,1,1,-0.2945548,-0.4390694,-0.2379902,1.265527,-0.3170192,-0.1424316,0.8332406,0.9995459,-0.00980277,-0.02849465,1,1,0,-0.196022,0.03974934,0.2246928,0.03357261,-0.01308311,-0.01000196,1.063818,0.9151753,0.2978283,0.2715743,1,0.5,1,0,0.5,-0.225496,0,0,0,1.372398,0.8690407,0.4945531,-0.01361676,0,0,0,0,0.5,0.225496,0,0,0,1.419966,0.8475097,0.4823002,0.2216164,0,0,1
319,-0.1759911,0.03204805,-0.2248306,0.5557514,-0.247261,-0.001601279,0.9481716,0.9485062,0.316294,-0.01714615,1,0.5,0,-0.09182037,-0.4770557,0.2073723,1.435709,-0.1863089,-0.01225367,1.014481,0.9625543,-0.03371167,0.2689847,1,1,1,-0.150911,-0.4671557,-0.2396183,1.436438,-0.2808625,-0.01628041,0.899846,0.999167,-0.02940016,-0.02830188,1,1,0,-0.141274,0.02008769,0.2247197,0.5474806,-0.1966165,0.000269413,1.03712,0.916205,0.2902101,0.2763088,1,0.5,1,0,0.5,-0.225496,0,0,0,1.305369,0.8583235,0.5129145,-0.01412231,0,0,0,0,0.5,0.225496,0,0,0,1.354658,0.8355132,0.4992836,0.2294202,0,0,1
320,-0.04524003,0.001666703,-0.2254842,1.30751,-0.3038134,-0.006535947,0.9853126,0.9574977,0.2879304,-0.01715744,1,0.5,0,0.04227028,-0.4933729,0.22143,1.340907,-0.1631719,0.1405768,1.068859,0.962288,-0.04294389,0.268622,1,1,1,-0.00940911,-0.4971086,-0.2265313,1.415018,-0.2995291,0.1308702,0.9599884,0.9986479,-0.04870491,-0.01817223,1,1,0,-0.03304714,0.0009159844,0.2253679,1.082268,-0.191717,0.00648126,1.055837,0.9219319,0.2743963,0.2734013,1,0.5,1,0,0.5,-0.225496,0,0,0,1.235355,0.8456041,0.5336084,-0.01469209,0,0,0,0,0.5,0.225496,0,0,0,1.286576,0.8213607,0.5183099,0.2381628,0,0,1
321,0.1115241,0.01241856,-0.2256002,1.567642,0.1075185,-0.001160651,1.059717,0.9595414,0.2810886,-0.01641338,1,0.5,0,0.1519584,-0.4867279,0.2239231,1.096881,0.06644994,0.02493158,1.095592,0.9633086,-0.0380598,0.265684,1,1,1,0.1303085,-0.4872112,-0.2266311,1.397176,0.09897381,-0.0009982288,1.016867,0.9990312,-0.04035373,-0.01755663,1,1,0,0.1047561,0.01099028,0.225307,1.378033,0.1007429,-0.0006087124,1.109809,0.9254794,0.2714548,0.2641972,1,0.5,1,0,0.5,-0.225496,0,0,0,1.166312,0.8312299,0.5557181,-0.01530085,0,0,0,0,0.5,0.225496,0,0,0,1.219591,0.8054757,0.5385001,0.2474402,0,0,1
322,0.2170262,0.04955249,-0.2253347,1.05502,0.3713393,0.002654791,1.097893,0.9545552,0.2976122,-0.01585509,1,0.5,0,0.2459608,-0.4537947,0.2208541,0.940024,0.3293318,-0.03069013,1.110424,0.9650949,-0.01725926,0.2613313,1,1,1,0.2674336,-0.4480021,-0.2295853,1.371251,0.3920916,-0.0295426,1.076116,0.9997264,-0.01395968,-0.01877104,1,1,0,0.2065673,0.04454495,0.2254892,1.018111,0.3355468,0.001822114,1.142293,0.9223797,0.286517,0.2590823,1,0.5,1,0,0.5,-0.225496,0,0,0,1.103012,0.8161206,0.5776627,-0.01590506,0,0,0,0,0.5,0.225496,0,0,0,1.158325,0.7888988,0.5583947,0.2565817,0,0,1
323,0.2538594,0.06880644,-0.2253667,0.3683318,0.1925395,-0.0003196299,1.061095,0.9482993,0.3169611,-0.0162493,1,0.5,0,0.3332382,-0.4301836,0.2186244,0.8727741,0.236111,-0.02229705,1.11497,0.9658162,-0.002590525,0.259215,1,1,1,0.3924757,-0.4117357,-0.2280842,1.250421,0.3626639,0.01501098,1.119308,0.9998108,0.008808895,-0.01734335,1,1,0,0.2400963,0.06112646,0.2253282,0.3352898,0.165815,-0.001610219,1.102865,0.9150004,0.3039098,0.2653549,1,0.5,1,0,0.5,-0.225496,0,0,0,1.03704,0.7979792,0.6024567,-0.01658772,0,0,0,0,0.5,0.225496,0,0,0,1.094644,0.7691536,0.580694,0.2668282,0,0,1
324,0.23654,0.05939505,-0.2248226,-0.1731938,-0.09411395,0.00544101,0.9665719,0.9434885,0.3309726,-0.0169256,1,0.5,0,0.4115915,-0.4114412,0.2227989,0.7835332,0.1874244,0.04174486,1.115134,0.9650873,0.009014002,0.2617733,1,1,1,0.4759619,-0.3794466,-0.2224657,0.8348617,0.3228912,0.05618498,1.123939,0.9994932,0.02866699,-0.0138341,1,1,0,0.2025022,0.0427019,0.2245662,-0.3759405,-0.1842456,-0.007619709,0.9904729,0.905522,0.3144652,0.2848534,1,0.5,1,0,0.5,-0.225496,0,0,0,0.9744788,0.7780063,0.6280185,-0.01729153,0,0,0,0,0.5,0.225496,0,0,0,1.034433,0.7476076,0.6034802,0.2772985,0,0,1
325,0.1721355,0.03041847,-0.2248458,-0.644045,-0.2897657,-0.0002321601,0.8195289,0.9380842,0.345895,-0.01882931,1,0.5,0,0.4441353,-0.377243,0.2366284,0.3254384,0.3419822,0.138295,1.072452,0.9601749,0.03100701,0.2776736,1,1,1,0.4968822,-0.3494926,-0.2103897,0.2092034,0.2995399,0.1207608,1.064482,0.9987814,0.0489027,-0.006640954,1,1,0,0.1408307,0.02011373,0.2250614,-0.6167148,-0.2258817,0.004951507,0.8547679,0.8905766,0.3292916,0.3137522,1,0.5,1,0,0.5,-0.225496,0,0,0,0.9120302,0.7547246,0.6557933,-0.01805626,0,0,0,0,0.5,0.225496,0,0,0,0.9745258,0.7227367,0.6279985,0.2885646,0,0,1
326,0.09752644,0.009546177,-0.2253733,-0.7460905,-0.2087229,-0.005274862,0.6711937,0.9280271,0.3718823,-0.02166449,1,0.5,0,0.4213906,-0.3618191,0.2332349,-0.2274475,0.154238,-0.03393516,0.9771818,0.9550373,0.04344817,0.2932847,1,1,1,0.4539499,-0.3411347,-0.216131,-0.4293227,0.08357853,-0.05741388,0.9459058,0.9982137,0.0586935,-0.01115636,1,1,0,0.08398877,0.007070038,0.2254825,-0.5684197,-0.1304369,0.004211664,0.7331629,0.8704137,0.3511864,0.3450335,1,0.5,1,0,0.5,-0.225496,0,0,0,0.8553543,0.7299738,0.6832162,-0.01881131,0,0,0,0,0.5,0.225496,0,0,0,0.9203457,0.6965721,0.651954,0.2995721,0,0,1
327,0.04203787,0.001679771,-0.2254565,-0.5548857,-0.07866406,-0.0008317828,0.5403546,0.9112661,0.4110904,-0.02446905,1,0.5,0,0.3530661,-0.390678,0.2248831,-0.6832448,-0.2885884,-0.08351803,0.8292954,0.9471697,0.02657198,0.3196303,1,1,1,0.3617767,-0.382788,-0.2260242,-0.9217325,-0.4165331,-0.09893134,0.7687819,0.9992093,0.03405784,-0.02051115,1,1,0,0.04324564,0.001845431,0.2255516,-0.4074313,-0.05224607,0.0006906688,0.6248187,0.8439118,0.3803684,0.3783291,1,0.5,1,0,0.5,-0.225496,0,0,0,0.7957492,0.699211,0.7146445,-0.01967664,0,0,0,0,0.5,0.225496,0,0,0,0.8635845,0.6644268,0.6790925,0.3120422,0,0,1
328,0.0190771,0.0003695695,-0.225405,-0.2296077,-0.01310201,0.0005146861,0.4481887,0.8927941,0.4496674,-0.02679321,1,0.5,0,0.238869,-0.4559174,0.2183101,-1.141971,-0.6523943,-0.06572947,0.6458343,0.9306137,-0.02610973,0.3650704,1,1,1,0.219912,-0.457383,-0.2322627,-1.418647,-0.7459494,-0.06238565,0.5483389,0.9990779,-0.02993591,-0.03077511,1,1,0,0.03633182,0.001158397,0.2252611,-0.06913826,-0.006870339,-0.002904683,0.5533034,0.820079,0.4055417,0.4037404,1,0.5,1,0,0.5,-0.225496,0,0,0,0.7421016,0.6661776,0.7455107,-0.02052649,0,0,0,0,0.5,0.225496,0,0,0,0.8127122,0.6303439,0.7054098,0.324135,0,0,1
329,0.02942385,0.0007241439,-0.2248148,0.1034675,0.003545744,0.005902201,0.3847502,0.8755513,0.4823103,-0.02804724,1,0.5,0,0.07881071,-0.4960942,0.2267569,-1.600583,-0.4017681,0.08446723,0.4306245,0.8854604,-0.07531956,0.4585704,1,1,1,0.02949109,-0.4992597,-0.2215694,-1.904209,-0.418767,0.1069333,0.2784665,0.9951764,-0.09410769,-0.02770757,1,1,0,0.06083028,0.003491826,0.2251585,0.2449846,0.02333429,-0.001026839,0.5074426,0.8000959,0.4263189,0.4220175,1,0.5,1,0,0.5,-0.225496,0,0,0,0.6888984,0.6268159,0.7788723,-0.02144505,0,0,0,0,0.5,0.225496,0,0,0,0.7624881,0.5902792,0.7334722,0.3370297,0,0,1
330,0.02952636,0.0005022805,-0.2251316,0.001025107,-0.002218634,-0.003168285,0.3194444,0.8533245,0.5204774,-0.03066911,1,0.5,0,-0.08847244,-0.4759521,0.2343213,-1.672831,0.2014217,0.07564381,0.2273139,0.799178,-0.0686802,0.597158,1,1,1,-0.1592525,-0.4621858,-0.2108889,-1.887436,0.3707388,0.1068054,0.01186997,0.9972712,-0.07069334,-0.02127274,1,1,0,0.05540342,0.002890247,0.2251909,-0.05426854,-0.006015792,0.0003246963,0.4436876,0.7683995,0.4544833,0.4505632,1,0.5,1,0,0.5,-0.225496,0,0,0,0.6430917,0.5858897,0.8100837,-0.02230442,0,0,0,0,0.5,0.225496,0,0,0,0.7194488,0.5492036,0.7593595,0.3489248,0,0,1
331,-0.02482214,0.0003869496,-0.2250005,-0.543485,-0.001153309,0.001311302,0.2058825,0.7961605,0.6040481,-0.03541736,1,0.5,0,-0.2370894,-0.4388708,0.2385187,-1.48617,0.3708127,0.04197463,0.06104749,0.6233491,-0.02294064,0.7816071,1,1,1,-0.2964786,-0.4191078,-0.2081995,-1.372261,0.4307801,0.02689391,-0.2094632,0.9993201,0.02372231,-0.02822184,1,1,0,0.002621492,-0.0001518361,0.225156,-0.5278193,-0.03042083,-0.0003489852,0.3423437,0.699761,0.5055515,0.5047299,1,0.5,1,0,0.5,-0.225496,0,0,0,0.596577,0.535136,0.8444459,-0.02325052,0,0,0,0,0.5,0.225496,0,0,0,0.6759584,0.4990124,0.7874428,0.3618291,0,0,1
332,-0.09987103,0.009888217,-0.2252285,-0.7504889,0.09501267,-0.002280027,0.09625095,0.6810126,0.7310483,-0.04231188,1,0.5,0,-0.3498471,-0.4152327,0.2320864,-1.127577,0.2363813,-0.0643231,-0.04046217,0.3396418,0.0234308,0.940263,1,1,1,-0.3256801,-0.4362732,-0.2177451,-0.2920151,-0.1716542,-0.09545594,-0.3185921,0.9935917,-0.0566305,-0.09781869,1,1,0,-0.08110673,0.006356436,0.2253823,-0.8372822,0.06508271,0.002262741,0.2405087,0.573685,0.5838641,0.5744461,1,0.5,1,0,0.5,-0.225496,0,0,0,0.555503,0.4793216,0.8773068,-0.0241553,0,0,0,0,0.5,0.225496,0,0,0,0.6377536,0.4446705,0.8138845,0.373979,0,0,1
333,-0.1034774,0.01057647,-0.22053,-0.03606386,0.006882558,0.0469853,0.04403573,0.5954878,0.8024776,-0.03773644,1,0.5,0,-0.3662366,-0.430421,0.2140289,-0.1638949,-0.1518837,-0.1805753,-0.08144796,0.1462361,-0.01056267,0.9891933,1,1,1,-0.2350513,-0.4718482,-0.2154859,0.9062874,-0.3557497,0.0225921,-0.3016145,0.969792,-0.2311065,-0.07805946,1,1,0,-0.1947441,0.03913488,0.2204096,-1.136374,0.3277844,-0.04972652,0.168763,0.3479557,0.6955152,0.6286377,1,0.5,1,0,0.5,-0.225496,0,0,0,0.5202129,0.4189754,0.9076537,-0.02499085,0,0,0,0,0.5,0.225496,0,0,0,0.6050934,0.3867945,0.8379382,0.3850317,0,0,1
334,-0.1666757,0.02789309,-0.2252503,-0.6319828,0.1731661,-0.04720286,-0.01040366,0.3713084,0.9270762,-0.05157362,1,0.5,0,-0.2712283,-0.4580822,0.2258316,0.9500837,-0.2766114,0.1180269,-0.06603271,0.1779828,-0.07392763,0.9812527,1,1,1,-0.1768944,-0.4720252,-0.2150414,0.5815692,-0.001770556,0.004445016,-0.3217258,0.9624079,-0.258171,-0.08437207,1,1,0,-0.1840256,0.03441391,0.2253439,0.1071854,-0.04720971,0.04934281,0.1480273,0.2537569,0.7104853,0.6563673,1,0.5,1,0,0.5,-0.225496,0,0,0,0.4897248,0.3520847,0.9356136,-0.02576069,0,0,0,0,0.5,0.225496,0,0,0,0.5770108,0.3235501,0.8597872,0.3950712,0,0,1
335,-0.1378515,0.01927273,-0.2253479,0.2882421,-0.08620353,-0.0009764731,-0.03598687,0.2759708,0.9596124,-0.05462756,1,0.5,0,-0.0929409,-0.471541,0.2330431,1.782874,-0.1345885,0.07211521,-0.03147352,0.3691673,-0.09720052,0.924266,1,1,1,-0.09920546,-0.4790803,-0.2178894,0.7768894,-0.07055044,-0.02848029,-0.3241408,0.9479178,-0.301834,-0.1017257,1,1,0,-0.1551136,0.02456613,0.2251997,0.2891195,-0.0984778,-0.001442283,0.1293485,0.1760423,0.7159247,0.6756189,1,0.5,1,0,0.5,-0.225496,0,0,0,0.4637592,0.2759046,0.9608209,-0.02645473,0,0,0,0,0.5,0.225496,0,0,0,0.5531992,0.2524741,0.8792259,0.4040034,0,0,1
336,-0.06044403,0.003090866,-0.2255021,0.7740746,-0.1618187,-0.001542419,-0.0521149,0.2809298,0.9580378,-0.05693904,1,0.5,0,0.06246362,-0.4841393,0.2203935,1.554045,-0.1259831,-0.1264961,-0.008087009,0.5056421,-0.1181903,0.8546094,1,1,1,-0.009932748,-0.4942848,-0.2247724,0.8927271,-0.1520455,-0.0688301,-0.3092889,0.9246214,-0.3580539,-0.1298949,1,1,0,-0.05331132,0.002350141,0.2255,1.018023,-0.2221599,0.00300318,0.1182327,0.2150597,0.6928623,0.6882522,1,0.5,1,0,0.5,-0.225496,0,0,0,0.4448925,0.1971317,0.9800056,-0.02698295,0,0,0,0,0.5,0.225496,0,0,0,0.5359627,0.1798021,0.8938546,0.4107252,0,0,1
337,0.03572356,0.001010479,-0.2232602,0.9616759,-0.02080387,0.02241924,-0.04832995,0.3218075,0.9454036,-0.05149826,1,0.5,0,0.1648845,-0.4857175,0.2235283,1.024209,-0.01578182,0.03134817,0.008231401,0.5401315,-0.1175006,0.8333375,1,1,1,0.101523,-0.4945744,-0.2228651,1.114557,-0.002895296,0.01907274,-0.2768192,0.9460949,-0.3072592,-0.1024512,1,1,0,0.09782065,0.009662672,0.2234486,1.51132,0.07312532,-0.02051428,0.1419854,0.3231349,0.6786177,0.6595922,1,0.5,1,0,0.5,-0.225496,0,0,0,0.4328152,0.117523,0.992694,-0.02733231,0,0,0,0,0.5,0.225496,0,0,0,0.524959,0.1069577,0.9034508,0.4151346,0,0,1
338,0.1750251,0.03116557,-0.2254601,1.393015,0.3015509,-0.02199858,0.0006048679,0.404266,0.9132264,-0.05085863,1,0.5,0,0.2472953,-0.4645014,0.2232368,0.8241073,0.2121615,-0.002915263,0.006007016,0.5427745,-0.07608857,0.8364248,1,1,1,0.2004633,-0.4681304,-0.2252997,0.9894035,0.2644399,-0.02434611,-0.2669441,0.9775154,-0.1807737,-0.1085565,1,1,0,0.1710758,0.02978146,0.2255423,0.7325519,0.2011879,0.02093688,0.1543674,0.3032368,0.6965222,0.6503109,1,0.5,1,0,0.5,-0.225496,0,0,0,0.4267547,0.02951421,0.9991857,-0.02751105,0,0,0,0,0.5,0.225496,0,0,0,0.5194464,0.02683067,0.9083362,0.4173795,0,0,1
339,0.2397651,0.06125062,-0.2248717,0.6474001,0.3008506,0.005883425,0.02325195,0.3614041,0.931197,-0.047533,1,0.5,0,0.3000838,-0.4463789,0.2130387,0.5278854,0.1812249,-0.1019803,-0.01706246,0.5164728,-0.04219771,0.8552632,1,1,1,0.3047941,-0.4344257,-0.2378682,1.043307,0.3370467,-0.1256847,-0.2429217,0.9885484,-0.03277488,-0.1473023,1,1,0,0.2073006,0.04474235,0.2246919,0.362248,0.1496088,-0.008503348,0.1530681,0.2398538,0.7208166,0.6503026,1,0.5,1,0,0.5,-0.225496,0,0,0,0.4277351,-0.05460581,0.9981298,-0.02748197,0,0,0,0,0.5,0.225496,0,0,0,0.5203378,-0.04964995,0.9075426,0.4170148,0,0,1
340,0.2288892,0.05507985,-0.2249282,-0.1087596,-0.06170776,-0.000565052,-0.008563101,0.1978202,0.978925,-0.05072521,1,0.5,0,0.32959,-0.4409673,0.217899,0.2950621,0.05411536,0.04860222,-0.03736115,0.4278003,-0.03235206,0.9032941,1,1,1,0.4002399,-0.4146956,-0.2267741,0.9544587,0.1973009,0.1109414,-0.2298651,0.9941958,0.04184716,-0.09911373,1,1,0,0.2021993,0.04244835,0.2251751,-0.05101323,-0.02293997,0.004831105,0.1365467,0.1107952,0.7359214,0.6679401,1,0.5,1,0,0.5,-0.225496,0,0,0,0.4356622,-0.1407271,0.9896734,-0.02724914,0,0,0,0,0.5,0.225496,0,0,0,0.5275508,-0.1281426,0.901172,0.4140875,0,0,1
341,0.1785206,0.03275819,-0.224748,-0.5036853,-0.2232165,0.001802295,-0.03938299,-0.07188872,0.9959645,-0.05372796,1,0.5,0,0.3553827,-0.4316712,0.228536,0.2579266,0.09296119,0.10637,-0.04796129,0.3180013,-0.01254584,0.9480072,1,1,1,0.4325506,-0.3979188,-0.2145518,0.3231066,0.1677686,0.1222225,-0.2768307,0.9899067,0.1258293,-0.06520534,1,1,0,0.1399053,0.01941997,0.2245068,-0.6229404,-0.2302838,-0.006682426,0.1194755,-0.1157891,0.7190275,0.6852681,1,0.5,1,0,0.5,-0.225496,0,0,0,0.4502183,-0.2227212,0.9745129,-0.02683172,0,0,0,0,0.5,0.225496,0,0,0,0.5408226,-0.2033332,0.8896809,0.4088074,0,0,1
342,0.1316988,0.0171457,-0.2239462,-0.4682177,-0.156125,0.008017719,-0.02708051,-0.3455247,0.9370425,-0.05063492,1,0.5,0,0.3698027,-0.4003559,0.2464817,0.1442003,0.3131533,0.1794569,-0.04658699,0.1647472,0.05655798,0.9847129,1,1,1,0.4582166,-0.3606018,-0.1940765,0.2566597,0.3731692,0.2047531,-0.3241658,0.9276489,0.3719309,0.03368788,1,1,0,0.07994241,0.006316245,0.224026,-0.5996286,-0.1310373,-0.004808456,0.1426429,-0.3348077,0.6727161,0.6598158,1,0.5,1,0,0.5,-0.225496,0,0,0,0.4722204,-0.3035363,0.9524589,-0.0262245,0,0,0,0,0.5,0.225496,0,0,0,0.5609474,-0.2781516,0.8728048,0.4010528,0,0,1
343,0.1222614,0.01439335,-0.223683,-0.09437419,-0.02752343,0.002631992,0.006336808,-0.4912469,0.8697637,-0.0467733,1,0.5,0,0.3917275,-0.373697,0.2517265,0.2192476,0.2665889,0.05244881,-0.04478335,0.04553801,0.114897,0.9923331,1,1,1,0.5119459,-0.2956372,-0.1760067,0.5372933,0.6496465,0.1806986,-0.3065149,0.7284698,0.6737613,0.1240061,1,1,0,0.06433412,0.003255519,0.223577,-0.1560829,-0.03060726,-0.004490018,0.1765503,-0.4532755,0.6344768,0.6260834,1,0.5,1,0,0.5,-0.225496,0,0,0,0.4978805,-0.3717858,0.9279669,-0.02555015,0,0,0,0,0.5,0.225496,0,0,0,0.5845101,-0.3420879,0.8538418,0.3923393,0,0,1
344,0.1545904,0.02389793,-0.2226219,0.3232901,0.09504575,0.01061141,0.04021519,-0.5519691,0.8328124,-0.04187572,1,0.5,0,0.4576117,-0.3262097,0.2645703,0.6588426,0.4748726,0.1284376,-0.02480838,0.01018371,0.2100001,0.9776483,1,1,1,0.5617736,-0.2614564,-0.1694899,0.4982769,0.3418076,0.06516725,-0.3002835,0.545779,0.8238857,0.1527669,1,1,0,0.08742033,0.007305027,0.2230868,0.2308621,0.04049508,-0.004901588,0.207275,-0.5165631,0.6126401,0.5981928,1,0.5,1,0,0.5,-0.225496,0,0,0,0.5310814,-0.4391239,0.8980862,-0.02472743,0,0,0,0,0.5,0.225496,0,0,0,0.6151348,-0.4060249,0.8303928,0.3815646,0,0,1
345,0.184169,0.03449904,-0.2247919,0.2957855,0.1060111,-0.02169997,0.07741201,-0.6017593,0.7975225,-0.04293623,1,0.5,0,0.5286908,-0.3015922,0.2429987,0.7107908,0.2461749,-0.2157156,-0.03985456,-0.006392003,0.2703662,0.9627363,1,1,1,0.609445,-0.2268423,-0.1944137,0.4767144,0.3461416,-0.2492377,-0.2861078,0.3637953,0.9311127,0.02611735,1,1,0,0.1476048,0.02169916,0.2246189,0.6018448,0.1439413,0.01532122,0.2267824,-0.5283937,0.6160016,0.5842449,1,0.5,1,0,0.5,-0.225496,0,0,0,0.568063,-0.4977535,0.86699,-0.02387124,0,0,0,0,0.5,0.225496,0,0,0,0.6494153,-0.4625239,0.805627,0.3701847,0,0,1
346,0.2340016,0.05769868,-0.2247977,0.4983263,0.2319964,-5.751848E-05,0.1126735,-0.6124293,0.7894885,-0.04047449,1,0.5,0,0.5914503,-0.2733563,0.2378373,0.6275952,0.2823594,-0.05161479,-0.03597701,-0.03829653,0.3289572,0.943568,1,1,1,0.6584048,-0.2058426,-0.2031429,0.4895979,0.2099968,-0.08729234,-0.2743936,0.2180081,0.9758475,-0.01393107,1,1,0,0.2043284,0.04309598,0.2249492,0.5672356,0.2139682,0.003302246,0.2513792,-0.5388657,0.6243132,0.5655589,1,0.5,1,0,0.5,-0.225496,0,0,0,0.6087272,-0.5494776,0.8351919,-0.02299573,0,0,0,0,0.5,0.225496,0,0,0,0.6872964,-0.513116,0.7799232,0.3583739,0,0,1
347,0.2822148,0.08692639,-0.2243158,0.482132,0.2922772,0.004818141,0.1572204,-0.6241248,0.7804481,-0.03699799,1,0.5,0,0.6275918,-0.2570632,0.2385899,0.3614151,0.1629314,0.007526278,-0.02555177,-0.1366019,0.3560701,0.9244209,1,1,1,0.6978291,-0.189957,-0.2018508,0.3942424,0.1588559,0.01292139,-0.2638873,0.02298354,0.9997051,-0.007838626,1,1,0,0.2436356,0.06293371,0.2243661,0.3930727,0.1983772,-0.005830675,0.28774,-0.5696889,0.6206791,0.5387134,1,0.5,1,0,0.5,-0.225496,0,0,0,0.6565237,-0.5986928,0.8006753,-0.02204537,0,0,0,0,0.5,0.225496,0,0,0,0.7320486,-0.5619927,0.7515937,0.3453565,0,0,1
348,0.3000546,0.09927496,-0.2245896,0.1783976,0.1234856,-0.002737641,0.206087,-0.6673564,0.7439238,-0.03482517,1,0.5,0,0.6331738,-0.2625878,0.2319842,0.05581915,-0.05524635,-0.0660564,-0.01793829,-0.2864623,0.3389861,0.8961182,1,1,1,0.716504,-0.1766508,-0.2029841,0.1867497,0.1330616,-0.01133263,-0.2446907,-0.2144938,0.9766554,-0.01168803,1,1,0,0.2640342,0.0745601,0.2243727,0.2039854,0.1162639,6.631017E-05,0.3294197,-0.6115506,0.6035064,0.5116502,1,0.5,1,0,0.5,-0.225496,0,0,0,0.7053952,-0.6398451,0.7682128,-0.02115156,0,0,0,0,0.5,0.225496,0,0,0,0.7780354,-0.603478,0.7245496,0.3329297,0,0,1
349,0.2912429,0.09318701,-0.2239597,-0.08811712,-0.06087944,0.006299168,0.2647919,-0.7335986,0.6788605,-0.03132837,1,0.5,0,0.6272386,-0.2601886,0.238766,-0.05935133,0.02399176,0.06781802,0.02024865,-0.4325904,0.3187157,0.8433776,1,1,1,0.7048742,-0.1867232,-0.19934,-0.1162988,-0.1007241,0.03644019,-0.2189552,-0.5245393,0.851383,0.002348229,1,1,0,0.2479246,0.06537513,0.224251,-0.161096,-0.09184971,-0.00121668,0.386961,-0.6813926,0.5539985,0.4783198,1,0.5,1,0,0.5,-0.225496,0,0,0,0.7587811,-0.6770782,0.7356323,-0.02025451,0,0,0,0,0.5,0.225496,0,0,0,0.8285054,-0.6415429,0.6970239,0.3202817,0,0,1
350,0.2411339,0.0617303,-0.2250918,-0.5010895,-0.3145671,-0.01132101,0.3479612,-0.8174916,0.5751799,-0.02959072,1,0.5,0,0.5909013,-0.2826497,0.2356739,-0.3633732,-0.2246106,-0.0309217,0.07298154,-0.5993802,0.2501832,0.7603629,1,1,1,0.629046,-0.2535969,-0.2127845,-0.7582814,-0.6687368,-0.1344441,-0.1491615,-0.8701698,0.4914029,-0.0364397,1,1,0,0.217364,0.04968049,0.2251078,-0.3056063,-0.1569464,0.008567721,0.4597063,-0.7470735,0.4956521,0.4429562,1,0.5,1,0,0.5,-0.225496,0,0,0,0.8157158,-0.7101344,0.7037994,-0.01937804,0,0,0,0,0.5,0.225496,0,0,0,0.8825718,-0.675795,0.6697663,0.3077569,0,0,1
351,0.1689785,0.02934776,-0.2255059,-0.7215543,-0.3238253,-0.004141629,0.4585199,-0.8795547,0.475053,-0.02660972,1,0.5,0,0.501035,-0.3492149,0.2214446,-0.8986628,-0.6656525,-0.1422924,0.1668186,-0.7663466,0.1151514,0.632023,1,1,1,0.4815919,-0.3610379,-0.228958,-1.474542,-1.074409,-0.161735,0.03520435,-0.9911305,0.1213782,-0.05410634,1,1,0,0.1783694,0.03286248,0.2253172,-0.3899451,-0.1681801,0.002093464,0.5423393,-0.7998161,0.4402237,0.408041,1,0.5,1,0,0.5,-0.225496,0,0,0,0.8719947,-0.737648,0.6749297,-0.01858315,0,0,0,0,0.5,0.225496,0,0,0,0.9362334,-0.7046551,0.644742,0.2962582,0,0,1
352,0.09464069,0.00849747,-0.2244456,-0.7433779,-0.2085029,0.01060382,0.5870987,-0.9163765,0.3996854,-0.02248698,1,0.5,0,0.3477601,-0.4347576,0.2132144,-1.532749,-0.8554265,-0.08230224,0.3502818,-0.8739128,-0.0102996,0.4859735,1,1,1,0.2595066,-0.4635466,-0.2280785,-2.220852,-1.025087,0.008794963,0.3326468,-0.9984134,-0.04509307,-0.03372192,1,1,0,0.1374523,0.01889304,0.2243448,-0.4091714,-0.1396943,-0.009723604,0.6344302,-0.8404043,0.3921731,0.3740599,1,0.5,1,0,0.5,-0.225496,0,0,0,0.9310979,-0.7622346,0.6470557,-0.01781569,0,0,0,0,0.5,0.225496,0,0,0,0.9927953,-0.7307314,0.6203128,0.285033,0,0,1
353,0.02614256,0.000238151,-0.2241338,-0.6849813,-0.08259319,0.003117919,0.722762,-0.9370688,0.3485864,-0.0197371,1,0.5,0,0.1173964,-0.4928104,0.2235141,-2.303637,-0.5805281,0.1029964,0.6383853,-0.9263632,-0.05868872,0.3720305,1,1,1,0.0109882,-0.4995826,-0.2146285,-2.485184,-0.3603598,0.1344994,0.663388,-0.9979186,-0.06324854,-0.01257406,1,1,0,0.07667363,0.005575838,0.2241033,-0.6077867,-0.1331721,-0.002415478,0.7513041,-0.8753117,0.3449008,0.338929,1,0.5,1,0,0.5,-0.225496,0,0,0,0.9938554,-0.7845169,0.6198726,-0.01706724,0,0,0,0,0.5,0.225496,0,0,0,1.053062,-0.7546092,0.5962416,0.2739724,0,0,1
354,-0.04316085,0.001613907,-0.2252336,-0.6930341,0.01375756,-0.01099825,0.8609731,-0.9491767,0.3141972,-0.01854085,1,0.5,0,-0.1551507,-0.4820242,0.2290857,-2.725471,0.1078621,0.05571604,0.968976,-0.9556276,-0.03813824,0.2920985,1,1,1,-0.2047518,-0.4716179,-0.2191068,-2.1574,0.2796471,-0.0447832,0.9542363,-0.9994215,-0.03136896,-0.01313874,1,1,0,-0.02377136,0.0004629275,0.2253085,-1.00445,-0.0511291,0.01205206,0.907763,-0.9038557,0.3029366,0.3021165,1,0.5,1,0,0.5,-0.225496,0,0,0,1.054746,-0.803117,0.5955956,-0.01639881,0,0,0,0,0.5,0.225496,0,0,0,1.111717,-0.7747284,0.5745425,0.2640016,0,0,1
355,-0.1289414,0.01676918,-0.2253488,-0.8578056,0.1515527,-0.00115186,1.026146,-0.9568454,0.2901223,-0.01660967,1,0.5,0,-0.3909443,-0.4150597,0.2200867,-2.357936,0.6696445,-0.08998945,1.272815,-0.9714997,0.006171138,0.2369603,1,1,1,-0.3767377,-0.417524,-0.2307238,-1.719859,0.5409384,-0.1161696,1.20838,-0.999826,0.004961402,-0.01798417,1,1,0,-0.1490989,0.02258592,0.2252461,-1.253275,0.2212299,-0.0006233156,1.1043,-0.9227975,0.2796148,0.2650665,1,0.5,1,0,0.5,-0.225496,0,0,0,1.121914,-0.820848,0.5709304,-0.0157197,0,0,0,0,0.5,0.225496,0,0,0,1.176604,-0.7940722,0.5523069,0.2537844,0,0,1
356,-0.2165577,0.0490914,-0.2244892,-0.8761625,0.3232222,0.008596331,1.199446,-0.9600211,0.2795566,-0.01441008,1,0.5,0,-0.561085,-0.3256433,0.2155692,-1.701407,0.8941641,-0.04517525,1.521749,-0.9773871,0.04963855,0.2055493,1,1,1,-0.4962622,-0.3654019,-0.2289781,-1.195245,0.5212218,0.01745671,1.412389,-0.999383,0.03168714,-0.01515284,1,1,0,-0.2553844,0.06982795,0.2244556,-1.062856,0.4724203,-0.007905364,1.293324,-0.9314158,0.2764854,0.2366864,1,0.5,1,0,0.5,-0.225496,0,0,0,1.191212,-0.8366462,0.5475363,-0.01507557,0,0,0,0,0.5,0.225496,0,0,0,1.24373,-0.8114479,0.5310454,0.2440148,0,0,1
357,-0.279946,0.08551991,-0.2246966,-0.6338833,0.3642851,-0.002074391,1.344268,-0.9606737,0.2773567,-0.013391,1,0.5,0,-0.6523574,-0.2574401,0.2172877,-0.9127235,0.6820324,0.01718566,1.690873,-0.9786742,0.07693734,0.1904664,1,1,1,-0.5748359,-0.3182359,-0.2228555,-0.7857367,0.4716596,0.06122634,1.569563,-0.9985823,0.05207093,-0.01104363,1,1,0,-0.3119335,0.108653,0.224592,-0.5654901,0.3882503,0.001364052,1.428617,-0.9352438,0.2772209,0.2201536,1,0.5,1,0,0.5,-0.225496,0,0,0,1.256011,-0.8495355,0.5273317,-0.01451927,0,0,0,0,0.5,0.225496,0,0,0,1.306646,-0.8257253,0.512552,0.2355171,0,0,1
358,-0.2958373,0.09679765,-0.2250207,-0.1589134,0.1127774,-0.003241301,1.441852,-0.9629907,0.2692264,-0.01288498,1,0.5,0,-0.6647184,-0.2466235,0.2212822,-0.1236105,0.1081653,0.0399442,1.785208,-0.979721,0.07849459,0.1843518,1,1,1,-0.627492,-0.2774087,-0.2271334,-0.5265611,0.4082716,-0.04277915,1.706815,-0.9976549,0.0673329,-0.01229528,1,1,0,-0.3212232,0.1168054,0.224858,-0.09289742,0.08152388,0.002660006,1.516823,-0.9397807,0.2691389,0.2106571,1,0.5,1,0,0.5,-0.225496,0,0,0,1.32649,-0.8618429,0.5069832,-0.01395901,0,0,0,0,0.5,0.225496,0,0,0,1.375224,-0.8394453,0.4938078,0.2269041,0,0,1
359,-0.2838051,0.08845188,-0.2254006,0.1203227,-0.08345775,-0.003798455,1.503537,-0.9663889,0.2567718,-0.01267786,1,0.5,0,-0.6220353,-0.2764129,0.2282371,0.4268312,-0.2978934,0.06954953,1.81922,-0.9806861,0.06449891,0.1846471,1,1,1,-0.6286213,-0.2737226,-0.2227166,-0.0112927,0.036861,0.04416764,1.786202,-0.9977298,0.06660712,-0.009936408,1,1,0,-0.2715492,0.08014825,0.2253734,0.49674,-0.3665712,0.005154014,1.534373,-0.9457164,0.2487981,0.2090931,1,0.5,1,0,0.5,-0.225496,0,0,0,1.39434,-0.8722782,0.4888247,-0.01345904,0,0,0,0,0.5,0.225496,0,0,0,1.44137,-0.8511468,0.4769827,0.219173,0,0,1
360,-0.2303662,0.05603242,-0.2245041,0.5343888,-0.3241946,0.008964688,1.520764,-0.9710571,0.2385397,-0.01212615,1,0.5,0,-0.5184999,-0.340732,0.2365737,1.035354,-0.6431913,0.08336529,1.793952,-0.9810191,0.03717078,0.1903151,1,1,1,-0.5724194,-0.308229,-0.2099345,0.5620188,-0.3450635,0.1278219,1.807359,-0.9986873,0.05104147,-0.004305552,1,1,0,-0.1928503,0.03851572,0.2246417,0.7869886,-0.4163253,-0.007317215,1.525044,-0.9504789,0.2293855,0.2096951,1,0.5,1,0,0.5,-0.225496,0,0,0,1.464088,-0.8817889,0.4714656,-0.01298108,0,0,0,0,0.5,0.225496,0,0,0,1.509487,-0.8618672,0.4608141,0.2117436,0,0,1
361,-0.1435555,0.02043056,-0.2249225,0.8681072,-0.3560186,-0.00418365,1.508034,-0.9748943,0.2223222,-0.01241137,1,0.5,0,-0.3591155,-0.4221414,0.2321805,1.593845,-0.8140936,-0.04393131,1.715742,-0.9807917,0.00174146,0.19505,1,1,1,-0.4474941,-0.3763743,-0.2077701,1.249253,-0.6814528,0.02164394,1.762118,-0.9997535,0.02193773,-0.003434862,1,1,0,-0.1105825,0.01184738,0.2248534,0.822678,-0.2666834,0.002117008,1.51903,-0.953254,0.2168602,0.2104245,1,0.5,1,0,0.5,-0.225496,0,0,0,1.5369,-0.8906015,0.4546124,-0.01251706,0,0,0,0,0.5,0.225496,0,0,0,1.580711,-0.8718491,0.4450402,0.2044955,0,0,1
362,-0.0694946,0.004536573,-0.2246192,0.7406086,-0.1589398,0.003032237,1.511271,-0.9767434,0.2140619,-0.01224064,1,0.5,0,-0.1689536,-0.4794498,0.2326488,1.901618,-0.5730844,0.004682839,1.609491,-0.9784137,-0.02533778,0.2050963,1,1,1,-0.2312619,-0.4683662,-0.2138844,2.162323,-0.919919,-0.06114364,1.62673,-0.9997803,-0.01992081,-0.006528532,1,1,0,-0.02994496,0.0008896954,0.2247211,0.8063757,-0.1095768,-0.001322627,1.516938,-0.9543902,0.2116523,0.2105772,1,0.5,1,0,0.5,-0.225496,0,0,0,1.609302,-0.8984019,0.4390078,-0.01208741,0,0,0,0,0.5,0.225496,0,0,0,1.651639,-0.8807244,0.4303696,0.1977543,0,0,1
363,0.005583385,-0.0001309373,-0.2254641,0.7507798,-0.04667511,-0.008448511,1.514109,-0.9773086,0.2114429,-0.01264285,1,0.5,0,0.05020402,-0.4987615,0.2247183,2.191577,-0.193117,-0.07930517,1.471454,-0.9758207,-0.03690754,0.215434,1,1,1,0.03808259,-0.4989907,-0.2260868,2.693444,-0.3062454,-0.1220241,1.437458,-0.9991994,-0.03767344,-0.01346446,1,1,0,0.01856721,0.0002668268,0.2252757,0.4851218,-0.006228686,0.005545467,1.54603,-0.9557153,0.2083385,0.207854,1,0.5,1,0,0.5,-0.225496,0,0,0,1.680542,-0.9052749,0.4246652,-0.0116925,0,0,0,0,0.5,0.225496,0,0,0,1.721522,-0.8885755,0.4168314,0.1915336,0,0,1
364,0.08922279,0.007811801,-0.2251448,0.8363941,0.07942738,0.003192723,1.417849,-0.9739933,0.226197,-0.01311095,1,0.5,0,0.2582276,-0.4571526,0.2314878,2.080235,0.4160893,0.06769523,1.253181,-0.9690772,-0.01776917,0.2461171,1,1,1,0.2954097,-0.4475863,-0.2178713,2.573271,0.5140445,0.08215547,1.162022,-0.9998578,-0.01298796,-0.01075274,1,1,0,0.0656113,0.004281753,0.2252272,0.4704408,0.04014926,-0.0004847348,1.485963,-0.9524767,0.2166615,0.2141163,1,0.5,1,0,0.5,-0.225496,0,0,0,1.665349,-0.9038703,0.4276446,-0.01177454,0,0,0,0,0.5,0.225496,0,0,0,1.706612,-0.8869685,0.4196479,0.1928278,0,0,1
365,0.1771737,0.03217709,-0.2244702,0.8795087,0.2436529,0.00674665,1.263698,-0.9655676,0.2597821,-0.01387435,1,0.5,0,0.4189519,-0.3943601,0.236262,1.607243,0.6279251,0.04774198,1.025256,-0.9579974,0.02074402,0.2860255,1,1,1,0.492272,-0.3557996,-0.2070179,1.968623,0.9178665,0.1085339,0.8896629,-0.9987105,0.05051612,-0.005050071,1,1,0,0.1379351,0.01919204,0.2246293,0.7232379,0.1491029,-0.00597924,1.347646,-0.942934,0.240951,0.2298218,1,0.5,1,0,0.5,-0.225496,0,0,0,1.595964,-0.8970303,0.4418015,-0.01216433,0,0,0,0,0.5,0.225496,0,0,0,1.638565,-0.8791609,0.4330006,0.1989633,0,0,1
366,0.2501247,0.06656968,-0.2247456,0.7295103,0.3439259,-0.002754182,1.126363,-0.9529118,0.3028657,-0.01521528,1,0.5,0,0.5349927,-0.3366966,0.2315303,1.160408,0.5766344,-0.0473167,0.8394768,-0.9443335,0.06667034,0.3221634,1,1,1,0.6088989,-0.2813108,-0.2099024,1.166268,0.7448882,-0.02884537,0.6998041,-0.9926676,0.120594,-0.008253375,1,1,0,0.216655,0.04899914,0.2247801,0.7871988,0.298071,0.001508147,1.206676,-0.9276805,0.2783182,0.2488931,1,0.5,1,0,0.5,-0.225496,0,0,0,1.524299,-0.8891501,0.4574423,-0.01259497,0,0,0,0,0.5,0.225496,0,0,0,1.568377,-0.8702019,0.4476941,0.2057149,0,0,1
367,0.2944169,0.09574793,-0.225197,0.4429218,0.2917825,-0.00451386,1.020387,-0.9391279,0.3431679,-0.01657273,1,0.5,0,0.6082146,-0.2902631,0.228184,0.7322186,0.4643348,-0.03346309,0.7011875,-0.927449,0.1130022,0.3564673,1,1,1,0.6474573,-0.2582602,-0.2200122,0.3855842,0.2305058,-0.1010981,0.587992,-0.9878725,0.1541737,-0.01839374,1,1,0,0.2738367,0.08149115,0.2251509,0.5718176,0.3249201,0.003708005,1.09255,-0.9094961,0.3186658,0.2669624,1,0.5,1,0,0.5,-0.225496,0,0,0,1.455578,-0.8806881,0.4735172,-0.01303757,0,0,0,0,0.5,0.225496,0,0,0,1.501171,-0.8606236,0.4627292,0.2126235,0,0,1
368,0.2967599,0.09747216,-0.225455,0.02343029,0.01724228,-0.002580285,0.9434288,-0.9317551,0.3626588,-0.01763508,1,0.5,0,0.6280643,-0.2773152,0.2254495,0.1984978,0.1294795,-0.02734557,0.6092948,-0.9137495,0.1340354,0.3835315,1,1,1,0.6268416,-0.2781954,-0.2255079,-0.206157,-0.1993522,-0.05495608,0.5258644,-0.9892539,0.1440781,-0.02486474,1,1,0,0.299278,0.09942841,0.2255018,0.2544123,0.1793726,0.003509223,1.003055,-0.8931168,0.3495736,0.2830913,1,0.5,1,0,0.5,-0.225496,0,0,0,1.385005,-0.8709162,0.4912453,-0.01352569,0,0,0,0,0.5,0.225496,0,0,0,1.432263,-0.849616,0.4792307,0.220206,0,0,1
369,0.2580934,0.07159349,-0.2250322,-0.3866655,-0.2587867,0.004228204,0.8912519,-0.933679,0.3576588,-0.01799254,1,0.5,0,0.5957083,-0.302368,0.221288,-0.3235602,-0.2505282,-0.04161522,0.5568805,-0.9096277,0.1169782,0.3986146,1,1,1,0.5516008,-0.3332532,-0.2264573,-0.7524085,-0.5505776,-0.009494424,0.5100904,-0.995431,0.09182029,-0.026193,1,1,0,0.2824622,0.08732033,0.2251446,-0.1681578,-0.1210808,-0.003572106,0.9383624,-0.8861563,0.3568783,0.2955755,1,0.5,1,0,0.5,-0.225496,0,0,0,1.311798,-0.8594093,0.5110945,-0.0140722,0,0,0,0,0.5,0.225496,0,0,0,1.360916,-0.8367255,0.4976044,0.2286487,0,0,1
370,0.186092,0.03542563,-0.2248154,-0.7200137,-0.3616785,0.00216797,0.873809,-0.941734,0.3358732,-0.01806319,1,0.5,0,0.5051805,-0.3598906,0.2151695,-0.9052783,-0.5752257,-0.06118432,0.5614734,-0.9182276,0.06228081,0.3911257,1,1,1,0.4238269,-0.4044116,-0.2262096,-1.277738,-0.7115835,0.002476573,0.5565734,-0.9994835,0.02043251,-0.02480626,1,1,0,0.2186791,0.04990653,0.2248625,-0.6378309,-0.3741379,-0.002821088,0.9133502,-0.8923305,0.3367223,0.3006067,1,0.5,1,0,0.5,-0.225496,0,0,0,1.24588,-0.8476269,0.5303916,-0.01460352,0,0,0,0,0.5,0.225496,0,0,0,1.296801,-0.8236054,0.5153605,0.2368076,0,0,1
371,0.08757968,0.007464011,-0.2246244,-0.9851232,-0.2796162,0.001909733,0.8809831,-0.9492949,0.3138807,-0.01783106,1,0.5,0,0.3357969,-0.4379768,0.2140543,-1.693836,-0.7808623,-0.01115248,0.6406171,-0.9317265,-0.01050029,0.363009,1,1,1,0.2614255,-0.4612545,-0.230123,-1.624014,-0.5684295,-0.03913358,0.6380596,-0.9991696,-0.03097773,-0.02646873,1,1,0,0.1266235,0.01599301,0.2246193,-0.9205554,-0.3391352,-0.002432168,0.9118891,-0.9008615,0.3130508,0.3007455,1,0.5,1,0,0.5,-0.225496,0,0,0,1.17751,-0.8336999,0.5520086,-0.01519871,0,0,0,0,0.5,0.225496,0,0,0,1.230444,-0.8081971,0.5351227,0.2458883,0,0,1
372,0.0002129626,-7.961461E-05,-0.2252962,-0.8736671,-0.07543626,-0.006717741,0.888244,-0.9515979,0.3068051,-0.0182217,1,0.5,0,0.1042153,-0.4922341,0.2221296,-2.315816,-0.5425724,0.08075297,0.7898781,-0.9435371,-0.05134908,0.3272631,1,1,1,0.06645551,-0.4957094,-0.227286,-1.9497,-0.3445485,0.02837002,0.7570386,-0.9982252,-0.05545523,-0.02170657,1,1,0,0.01705088,4.053493E-05,0.2254291,-1.095727,-0.1595248,0.008098036,0.9364783,-0.9079234,0.2965868,0.2961612,1,0.5,1,0,0.5,-0.225496,0,0,0,1.113649,-0.8188047,0.5738548,-0.01580021,0,0,0,0,0.5,0.225496,0,0,0,1.16861,-0.7918347,0.554953,0.2550003,0,0,1
373,-0.06574629,0.004421842,-0.2253345,-0.6595924,0.04501456,-0.0003835559,0.8778348,-0.949776,0.31239,-0.0183872,1,0.5,0,-0.1513557,-0.4884507,0.2254252,-2.55571,0.03783375,0.03295675,0.9590417,-0.9555888,-0.04280253,0.2915785,1,1,1,-0.1444228,-0.4894649,-0.225517,-2.108783,0.06244481,0.01768976,0.8889961,-0.9987867,-0.04569118,-0.01837083,1,1,0,-0.08148982,0.006646064,0.2254036,-0.985407,0.06605528,-0.0002548099,0.9567524,-0.9091304,0.2969936,0.2920219,1,0.5,1,0,0.5,-0.225496,0,0,0,1.050128,-0.8017971,0.59737,-0.01644767,0,0,0,0,0.5,0.225496,0,0,0,1.107263,-0.7732949,0.5761348,0.2647333,0,0,1
374,-0.1253889,0.01584706,-0.2248507,-0.5964261,0.1142522,0.004838556,0.863462,-0.9458601,0.3240626,-0.01822615,1,0.5,0,-0.3818265,-0.4213139,0.2183262,-2.304708,0.6713676,-0.07099032,1.101683,-0.9652859,0.002925727,0.2611791,1,1,1,-0.3323295,-0.4394352,-0.229598,-1.879067,0.5002972,-0.04080951,0.9969379,-0.9997642,-0.008975092,-0.01977234,1,1,0,-0.1565802,0.02513659,0.225008,-0.750904,0.1849053,-0.003956407,0.959028,-0.9052846,0.3092035,0.2912953,1,0.5,1,0,0.5,-0.225496,0,0,0,0.9878228,-0.7825229,0.622386,-0.01713644,0,0,0,0,0.5,0.225496,0,0,0,1.04726,-0.7524627,0.5984774,0.2749997,0,0,1
375,-0.1857752,0.03529366,-0.225098,-0.6038633,0.194466,-0.002473444,0.8491614,-0.9395481,0.3419114,-0.01860267,1,0.5,0,-0.5453691,-0.325675,0.2132723,-1.635427,0.9563896,-0.05053863,1.181852,-0.9675025,0.05965154,0.2457246,1,1,1,-0.4740641,-0.3732804,-0.2294697,-1.417346,0.6615472,0.001282394,1.057063,-0.9992474,0.03385834,-0.01892649,1,1,0,-0.2114867,0.04644617,0.2250865,-0.5490652,0.2130958,0.0007857382,0.9410286,-0.8974932,0.3278534,0.2949883,1,0.5,1,0,0.5,-0.225496,0,0,0,0.9242455,-0.7595788,0.6501688,-0.0179014,0,0,0,0,0.5,0.225496,0,0,0,0.9862274,-0.7279012,0.623054,0.2862926,0,0,1
376,-0.2260455,0.05392615,-0.2247368,-0.4027028,0.1863249,0.003612489,0.8171602,-0.9310671,0.3643643,-0.01878037,1,0.5,0,-0.6264254,-0.2663546,0.2113157,-0.8105624,0.5932033,-0.01956612,1.185516,-0.9651313,0.09471601,0.2440295,1,1,1,-0.5728714,-0.306207,-0.234626,-0.9880731,0.670734,-0.05156294,1.078125,-0.9968734,0.07590843,-0.02194125,1,1,0,-0.2579421,0.07136025,0.2248178,-0.464554,0.2491408,-0.002686977,0.918118,-0.8872754,0.3507185,0.2995645,1,0.5,1,0,0.5,-0.225496,0,0,0,0.8633651,-0.7337133,0.6792018,-0.01870078,0,0,0,0,0.5,0.225496,0,0,0,0.927992,-0.7005075,0.648463,0.2979681,0,0,1
377,-0.2527344,0.06842288,-0.2251352,-0.2668892,0.1449673,-0.003983974,0.7763716,-0.9217157,0.3873659,-0.01969267,1,0.5,0,-0.6435649,-0.2542866,0.2179884,-0.1713949,0.1206797,0.06672636,1.131126,-0.9608588,0.1052729,0.2562575,1,1,1,-0.6194278,-0.2715008,-0.2319557,-0.4655641,0.3470621,0.02670348,1.051189,-0.9948142,0.09960047,-0.02060076,1,1,0,-0.2724282,0.08075914,0.2252386,-0.1448601,0.09398893,0.004207641,0.8668931,-0.8750834,0.370738,0.3110987,1,0.5,1,0,0.5,-0.225496,0,0,0,0.8081971,-0.7060995,0.7078444,-0.01948941,0,0,0,0,0.5,0.225496,0,0,0,0.8754187,-0.6715899,0.6732495,0.3093574,0,0,1
378,-0.2593723,0.07244883,-0.2254353,-0.06637901,0.04025958,-0.003000945,0.7072434,-0.9105409,0.4128818,-0.02106887,1,0.5,0,-0.6040175,-0.2879002,0.2271326,0.3954738,-0.3361356,0.09144217,1.012062,-0.9549144,0.09133211,0.2824835,1,1,1,-0.6110163,-0.2830138,-0.2237484,0.08411467,-0.1151296,0.08207262,0.9581106,-0.995047,0.09806266,-0.01628711,1,1,0,-0.2538782,0.06912743,0.2254506,0.1854992,-0.116317,0.00211969,0.7737541,-0.8586826,0.3887151,0.3340131,1,0.5,1,0,0.5,-0.225496,0,0,0,0.7504045,-0.6716804,0.7405604,-0.0203902,0,0,0,0,0.5,0.225496,0,0,0,0.8205712,-0.6359916,0.7012118,0.322206,0,0,1
379,-0.2381883,0.06032997,-0.2249483,0.2118404,-0.1211886,0.004869103,0.6095841,-0.8985478,0.4382993,-0.02248441,1,0.5,0,-0.5049713,-0.3574051,0.2307597,0.9904623,-0.6950492,0.03627151,0.8369529,-0.9452819,0.05130687,0.3221951,1,1,1,-0.5459643,-0.3336184,-0.2177859,0.6505203,-0.5060464,0.05962521,0.8081777,-0.9974107,0.07061852,-0.01359593,1,1,0,-0.2090124,0.04569389,0.2249648,0.448658,-0.2343355,-0.004857183,0.657498,-0.8361471,0.4075116,0.3671409,1,0.5,1,0,0.5,-0.225496,0,0,0,0.6974736,-0.6336892,0.7732947,-0.02129149,0,0,0,0,0.5,0.225496,0,0,0,0.7705668,-0.5972344,0.7288086,0.3348867,0,0,1
380,-0.1798163,0.03313353,-0.2249994,0.5837197,-0.2719645,-0.0005109608,0.4729549,-0.8812798,0.471896,-0.02569434,1,0.5,0,-0.3463812,-0.4373251,0.2255279,1.5859,-0.7991993,-0.05231872,0.6089633,-0.9233944,-0.0102123,0.3837169,1,1,1,-0.4210299,-0.4047099,-0.2180852,1.249344,-0.7109147,-0.002993345,0.5990142,-0.9996769,0.01937199,-0.01645586,1,1,0,-0.1512533,0.02307556,0.2250569,0.5775911,-0.2261833,0.0009210408,0.5341125,-0.80154,0.4342618,0.4110355,1,0.5,1,0,0.5,-0.225496,0,0,0,0.6477401,-0.590403,0.8068029,-0.02221408,0,0,0,0,0.5,0.225496,0,0,0,0.7238072,-0.5537058,0.7566551,0.3476822,0,0,1
381,-0.1031741,0.01080728,-0.2248683,0.7664216,-0.2232624,0.001311451,0.3274595,-0.848781,0.5278897,-0.03005379,1,0.5,0,-0.1559031,-0.48768,0.2242374,1.904781,-0.5035499,-0.01290485,0.3682734,-0.8696119,-0.07103758,0.4885988,1,1,1,-0.2248016,-0.474279,-0.2212654,1.962283,-0.6956911,-0.03180161,0.3256465,-0.9979566,-0.0584742,-0.02575604,1,1,0,-0.06793275,0.004641296,0.2248343,0.8332058,-0.1843426,-0.002226084,0.4005253,-0.7407792,0.4782112,0.4717628,1,0.5,1,0,0.5,-0.225496,0,0,0,0.6032299,-0.5430942,0.8393536,-0.02311032,0,0,0,0,0.5,0.225496,0,0,0,0.6821644,-0.5068312,0.783309,0.3599296,0,0,1
382,-0.001565158,3.449552E-05,-0.2250783,1.01609,-0.1077279,-0.002099574,0.1718159,-0.7723054,0.6341536,-0.03732905,1,0.5,0,0.04425063,-0.4990034,0.2246824,2.001538,-0.1132336,0.00445053,0.1398776,-0.7392529,-0.1140897,0.6636933,1,1,1,0.01454165,-0.4997423,-0.2253565,2.393432,-0.2546328,-0.04091114,0.008752108,-0.9881833,-0.1449474,-0.04984058,1,1,0,0.02378899,0.000601223,0.2251527,0.9172174,-0.04040072,0.003183484,0.278639,-0.6337891,0.5478806,0.5460203,1,0.5,1,0,0.5,-0.225496,0,0,0,0.5609932,-0.487545,0.8727672,-0.02403031,0,0,0,0,0.5,0.225496,0,0,0,0.6428488,-0.452625,0.8102559,0.3723117,0,0,1
383,0.1087717,0.01185426,-0.22544,1.103369,0.1181976,-0.003617704,0.0510785,-0.6054536,0.7945406,-0.04616406,1,0.5,0,0.2370346,-0.4712072,0.2258325,1.92784,0.2779621,0.01150042,-0.02506647,-0.4324596,-0.09518638,0.8966149,1,1,1,0.250172,-0.4677522,-0.2248877,2.356303,0.3199008,0.004688054,-0.3016983,-0.9694936,-0.210549,-0.1255042,1,1,0,0.1021493,0.01037294,0.2254403,0.7836028,0.09771717,0.002875775,0.1980027,-0.487498,0.6251737,0.6095109,1,0.5,1,0,0.5,-0.225496,0,0,0,0.5265794,-0.4309693,0.9020247,-0.02483587,0,0,0,0,0.5,0.225496,0,0,0,0.6109735,-0.3982311,0.8335032,0.3829938,0,0,1
384,0.141911,0.02009334,-0.2233795,0.3313932,0.08239076,0.02060547,-0.004346788,-0.4333074,0.9000109,-0.04716902,1,0.5,0,0.3371691,-0.4388753,0.2245929,1.001344,0.3233185,-0.01239583,-0.07476401,-0.0458856,-0.03027813,0.9984877,1,1,1,0.1902863,-0.4770769,-0.2000949,-0.5988569,-0.093247,0.2479278,-0.3259421,-0.9559749,-0.2934479,-0.0005453381,1,1,0,0.2088632,0.044448,0.2220915,1.067139,0.3407506,-0.03348812,0.1491015,-0.2277273,0.724768,0.6502703,1,0.5,1,0,0.5,-0.225496,0,0,0,0.4926468,-0.3593234,0.9328595,-0.02568486,0,0,0,0,0.5,0.225496,0,0,0,0.5796964,-0.3303533,0.8576485,0.3940885,0,0,1
385,0.1801351,0.03246745,-0.2242465,0.3822404,0.1237412,-0.008670241,-0.02941939,-0.2194639,0.9742591,-0.05152465,1,0.5,0,0.2538009,-0.4463532,0.2375565,-0.8336812,-0.0747785,0.1296359,-0.06097075,-0.06744339,-0.04635955,0.9966455,1,1,1,0.1039528,-0.4605799,-0.1877484,-0.8633345,0.1649702,0.1234648,-0.3168309,-0.9797376,-0.1887867,0.06688657,1,1,0,0.2264763,0.05294581,0.223991,0.1761313,0.08497804,0.0189954,0.1421829,-0.08865739,0.745809,0.660234,1,0.5,1,0,0.5,-0.225496,0,0,0,0.468735,-0.2925573,0.9558857,-0.02631885,0,0,0,0,0.5,0.225496,0,0,0,0.5577544,-0.2679361,0.8754395,0.4022635,0,0,1
386,0.1494272,0.02288782,-0.2251772,-0.3070788,-0.09579638,-0.00930652,-0.0477176,-0.1088842,0.9924946,-0.05566688,1,0.5,0,0.04431462,-0.4522294,0.2403527,-2.094863,-0.05876154,0.02796188,-0.03264022,-0.3302787,-0.0561224,0.9422135,1,1,1,0.0287343,-0.4620643,-0.210294,-0.7521855,-0.01484424,-0.2254556,-0.3259714,-0.9765019,-0.2072321,-0.05915121,1,1,0,0.1728995,0.03071313,0.2251592,-0.5357677,-0.2223267,0.01168251,0.1245091,-0.04127094,0.7313154,0.6807895,1,0.5,1,0,0.5,-0.225496,0,0,0,0.4474161,-0.2097005,0.9773953,-0.02691108,0,0,0,0,0.5,0.225496,0,0,0,0.5382649,-0.1913515,0.8918726,0.4098145,0,0,1
387,0.05264329,0.002101034,-0.2253546,-0.9678391,-0.2078678,-0.001774132,-0.065862,-0.1555863,0.9860944,-0.05840208,1,0.5,0,-0.1424344,-0.4657798,0.2147064,-1.86749,-0.135504,-0.2564624,-0.00752154,-0.5332693,-0.08077461,0.8420804,1,1,1,-0.05566132,-0.4861142,-0.2274308,-0.8439562,-0.2404991,-0.1713677,-0.3121448,-0.9360961,-0.320003,-0.1460208,1,1,0,0.03716949,0.0008195827,0.2254066,-1.3573,-0.2989355,0.002473295,0.1083075,-0.1364765,0.7016511,0.6993282,1,0.5,1,0,0.5,-0.225496,0,0,0,0.4341154,-0.1286663,0.9913123,-0.02729426,0,0,0,0,0.5,0.225496,0,0,0,0.5261425,-0.1171272,0.9024088,0.4146559,0,0,1
388,-0.07498917,0.005475157,-0.2225573,-1.276325,0.03374123,0.02797291,-0.05273172,-0.2585149,0.9646899,-0.05043343,1,0.5,0,-0.2542762,-0.4668494,0.2224769,-1.118417,-0.01069665,0.07770449,0.01684499,-0.5706014,-0.07903611,0.8174151,1,1,1,-0.1594327,-0.4873946,-0.2179391,-1.037714,-0.01280367,0.09491637,-0.2899554,-0.9525074,-0.2922933,-0.08540634,1,1,0,-0.1408879,0.02021829,0.2234996,-1.780574,0.193987,-0.01906976,0.1414154,-0.2830057,0.6956776,0.6602579,1,0.5,1,0,0.5,-0.225496,0,0,0,0.4272418,-0.04382494,0.9986607,-0.02749659,0,0,0,0,0.5,0.225496,0,0,0,0.5198892,-0.03984386,0.9079418,0.4171982,0,0,1
389,-0.2311696,0.05611977,-0.2255077,-1.561805,0.5064461,-0.029504,0.01977712,-0.3704604,0.927551,-0.04907425,1,0.5,0,-0.3140465,-0.4380349,0.2224654,-0.5977038,0.2881455,-0.0001147389,0.00446564,-0.5459911,-0.02385666,0.8374513,1,1,1,-0.2610403,-0.4429523,-0.2253569,-1.016076,0.444423,-0.07417724,-0.2754909,-0.9907281,-0.07550833,-0.1129436,1,1,0,-0.2278202,0.054385,0.2254309,-0.8693234,0.3416671,0.0193134,0.1689998,-0.2828213,0.7180645,0.6359209,1,0.5,1,0,0.5,-0.225496,0,0,0,0.4271553,0.04164653,0.9987539,-0.02749916,0,0,0,0,0.5,0.225496,0,0,0,0.5198107,0.03786272,0.9080117,0.4172304,0,0,1
390,-0.287221,0.09061461,-0.225274,-0.5605142,0.3449484,0.002337247,0.04320097,-0.3054952,0.9510561,-0.04652781,1,0.5,0,-0.3302462,-0.4176969,0.2138244,-0.1619962,0.20338,-0.08641049,-0.0363318,-0.4506895,0.01790749,0.8925011,1,1,1,-0.3805356,-0.4006161,-0.2341033,-1.194953,0.4233623,-0.0874643,-0.2372776,-0.9868206,0.09661879,-0.1298073,1,1,0,-0.2688434,0.07846836,0.2252062,-0.4102316,0.2408336,-0.00224784,0.1760657,-0.2182741,0.7461825,0.6289421,1,0.5,1,0,0.5,-0.225496,0,0,0,0.4342558,0.12981,0.9911633,-0.02729016,0,0,0,0,0.5,0.225496,0,0,0,0.5262703,0.1181714,0.9022964,0.4146042,0,0,1
391,-0.2798057,0.08502818,-0.2241159,0.07415295,-0.0558643,0.01158059,0.01780707,-0.1544106,0.9869084,-0.04657312,1,0.5,0,-0.3562087,-0.4273253,0.2034958,-0.2596259,-0.09628445,-0.1032853,-0.06726632,-0.3613259,-0.003062644,0.9324346,1,1,1,-0.464045,-0.3796659,-0.2318939,-0.8350933,0.2095017,0.0220938,-0.2298841,-0.9780769,0.1715341,-0.1180749,1,1,0,-0.2331458,0.05697129,0.2236367,0.3569758,-0.2149707,-0.01569405,0.1433023,-0.05175634,0.7507688,0.6585345,1,0.5,1,0,0.5,-0.225496,0,0,0,0.4476637,0.2108879,0.9771399,-0.02690405,0,0,0,0,0.5,0.225496,0,0,0,0.5384908,0.1924435,0.8916786,0.4097253,0,0,1
392,-0.1959389,0.0393756,-0.2246553,0.8386682,-0.4565258,-0.005393624,-0.02604482,0.1821274,0.9818979,-0.05202022,1,0.5,0,-0.3869293,-0.419847,0.2275277,-0.3072059,0.07478356,0.2403186,-0.05980274,-0.2377801,0.01397793,0.9712185,1,1,1,-0.4690858,-0.3793604,-0.2140331,-0.05040884,0.003054738,0.1786081,-0.3069291,-0.9676582,0.241567,-0.07268362,1,1,0,-0.1618422,0.02672757,0.2248957,0.7130358,-0.3024372,0.0125891,0.1324546,0.1903962,0.7158262,0.67182,1,0.5,1,0,0.5,-0.225496,0,0,0,0.4683988,0.29147,0.9562176,-0.02632799,0,0,0,0,0.5,0.225496,0,0,0,0.5574465,0.2669252,0.8756945,0.4023806,0,0,1
393,-0.1415239,0.0201557,-0.2242794,0.5441508,-0.192199,0.003758222,-0.002002239,0.4415745,0.895899,-0.0487541,1,0.5,0,-0.434595,-0.356198,0.2499601,-0.4766563,0.6364894,0.2243237,-0.03881684,-0.1586528,0.1513541,0.9756646,1,1,1,-0.5121329,-0.314017,-0.192355,-0.4304704,0.6534341,0.2167808,-0.312088,-0.8020027,0.5959332,0.04068385,1,1,0,-0.0936868,0.00857122,0.2240871,0.6815543,-0.1815635,-0.00808537,0.1636165,0.4034562,0.6548529,0.6390545,1,0.5,1,0,0.5,-0.225496,0,0,0,0.4943619,0.3634763,0.9312505,-0.02564056,0,0,0,0,0.5,0.225496,0,0,0,0.5812734,0.3342605,0.8563976,0.3935138,0,0,1
394,-0.1108093,0.01205374,-0.2242344,0.3071457,-0.0810196,0.0004507601,0.05051756,0.6040727,0.7957125,-0.04402104,1,0.5,0,-0.4517591,-0.3097194,0.2568688,-0.1716414,0.464786,0.06908745,-0.02849093,-0.01780925,0.2466137,0.9689503,1,1,1,-0.5379895,-0.244392,-0.1810174,-0.2585661,0.6962506,0.1133765,-0.2943396,-0.4601158,0.8830481,0.09230086,1,1,0,-0.06339224,0.003596856,0.2243055,0.3029455,-0.04974363,0.002183467,0.2134182,0.5326043,0.602167,0.59475,1,0.5,1,0,0.5,-0.225496,0,0,0,0.5269839,0.4317126,0.9016695,-0.02482609,0,0,0,0,0.5,0.225496,0,0,0,0.6113472,0.3989409,0.833223,0.382865,0,0,1
395,-0.1110578,0.01203374,-0.2239936,-0.002485514,-0.0001999363,0.002407283,0.09917396,0.6811341,0.7310627,-0.04004451,1,0.5,0,-0.4704575,-0.2798665,0.2619052,-0.1869839,0.2985287,0.05036384,-0.01308641,0.100055,0.3001219,0.9486389,1,1,1,-0.5596415,-0.2030227,-0.1735446,-0.2165198,0.4136927,0.07472739,-0.2718416,-0.1773585,0.9772918,0.1159518,1,1,0,-0.05992401,0.003173954,0.2241109,0.03468234,-0.004229024,-0.001945198,0.2582694,0.6056576,0.5659914,0.5593144,1,0.5,1,0,0.5,-0.225496,0,0,0,0.5619178,0.4889038,0.8720073,-0.02400938,0,0,0,0,0.5,0.225496,0,0,0,0.6437072,0.4539411,0.8096478,0.3720323,0,0,1
396,-0.1327713,0.01767073,-0.2236986,-0.2171347,0.05636989,0.002950281,0.145891,0.7258132,0.6869127,-0.03669133,1,0.5,0,-0.5019752,-0.254428,0.2673278,-0.3151768,0.2543855,0.05422652,0.007691741,0.1961669,0.3379452,0.9204953,1,1,1,-0.5865228,-0.1854698,-0.1702401,-0.2688134,0.175529,0.03304541,-0.2571692,0.06195545,0.9905261,0.1225541,1,1,0,-0.07728843,0.005734436,0.2238359,-0.1736442,0.02560482,-0.002750158,0.3005623,0.6548885,0.539289,0.5294228,1,0.5,1,0,0.5,-0.225496,0,0,0,0.6045403,0.5446315,0.8383578,-0.0230829,0,0,0,0,0.5,0.225496,0,0,0,0.6833876,0.5083436,0.7824993,0.3595576,0,0,1
397,-0.1545728,0.02412465,-0.2242324,-0.2180152,0.06453916,-0.005338043,0.1933343,0.7597996,0.6492173,-0.03495053,1,0.5,0,-0.5307484,-0.2554785,0.2562957,-0.2877325,-0.01050502,-0.1103213,0.009872139,0.2954066,0.3344397,0.8949219,1,1,1,-0.6103979,-0.1767341,-0.180612,-0.2387512,0.08735731,-0.1037189,-0.2401036,0.2730705,0.9590972,0.07459903,1,1,0,-0.1092586,0.01153191,0.2244161,-0.3197019,0.0579747,0.005801618,0.3359858,0.684353,0.5233724,0.5076833,1,0.5,1,0,0.5,-0.225496,0,0,0,0.6499515,0.5925189,0.8052514,-0.02217136,0,0,0,0,0.5,0.225496,0,0,0,0.7258813,0.5558189,0.7553749,0.3470939,0,0,1
398,-0.1723021,0.0301459,-0.2246303,-0.1772933,0.06021256,-0.003978908,0.2445891,0.7896895,0.6126143,-0.03307904,1,0.5,0,-0.5535117,-0.2578035,0.2473675,-0.2276331,-0.02324998,-0.08928224,0.02075678,0.3970848,0.3229848,0.8590719,1,1,1,-0.6227977,-0.1844507,-0.1922949,-0.1239979,-0.07716626,-0.116829,-0.2219509,0.494512,0.8687289,0.02771137,1,1,0,-0.1373929,0.0187842,0.2249817,-0.2813432,0.07252289,0.005655885,0.3754719,0.7115059,0.5080508,0.4854316,1,0.5,1,0,0.5,-0.225496,0,0,0,0.6984059,0.6344231,0.7726932,-0.02127492,0,0,0,0,0.5,0.225496,0,0,0,0.7714454,0.597978,0.728305,0.3346553,0,0,1
399,-0.1820929,0.03419701,-0.224923,-0.09790733,0.04051106,-0.002926737,0.3049787,0.8198864,0.5716884,-0.03096103,1,0.5,0,-0.55762,-0.2702837,0.2431602,-0.0410831,-0.1248017,-0.04207328,0.04914325,0.5180142,0.2835623,0.8070028,1,1,1,-0.6050364,-0.2316201,-0.203685,0.1776135,-0.4716937,-0.113901,-0.1934242,0.7732106,0.6340354,-0.01201981,1,1,0,-0.1537306,0.02393084,0.2250416,-0.1633766,0.05146641,0.0005996227,0.4257044,0.7435997,0.4860416,0.4591548,1,0.5,1,0,0.5,-0.225496,0,0,0,0.7518913,0.6726495,0.7396809,-0.02036598,0,0,0,0,0.5,0.225496,0,0,0,0.8219789,0.6369875,0.700465,0.3218629,0,0,1
400,-0.1925149,0.03855127,-0.2251965,-0.1042205,0.04354257,-0.002735108,0.3629757,0.8422389,0.5383133,-0.0291972,1,0.5,0,-0.5177464,-0.3323951,0.2328716,0.398736,-0.6211141,-0.102886,0.09784812,0.6717427,0.1565697,0.7240494,1,1,1,-0.5241228,-0.3355219,-0.218051,0.8091354,-1.039019,-0.1436602,-0.09415036,0.9738181,0.2229349,-0.04447706,1,1,0,-0.1748571,0.03155743,0.2253426,-0.2112645,0.07626597,0.003009886,0.4718744,0.7660347,0.4707989,0.4376518,1,0.5,1,0,0.5,-0.225496,0,0,0,0.8051146,0.7044182,0.7095162,-0.01953544,0,0,0,0,0.5,0.225496,0,0,0,0.8724872,0.6698398,0.6746876,0.3100182,0,0,1
401,-0.1959557,0.03974207,-0.225751,-0.03440782,0.01190808,-0.005545616,0.4302113,0.8651873,0.5006842,-0.027683,1,0.5,0,-0.4084945,-0.4129478,0.2237193,1.09252,-0.805527,-0.09152219,0.2283475,0.813167,0.01792033,0.5817543,1,1,1,-0.3600461,-0.4324922,-0.2243212,1.640767,-0.9697029,-0.06270155,0.1412109,0.9992291,-0.01012495,-0.03793004,1,1,0,-0.2027516,0.04269261,0.2252105,-0.2789459,0.1113518,-0.001321435,0.5184785,0.7835326,0.460189,0.4174958,1,0.5,1,0,0.5,-0.225496,0,0,0,0.8636906,0.7338635,0.6790397,-0.01869632,0,0,0,0,0.5,0.225496,0,0,0,0.9283028,0.7006657,0.6483219,0.2979032,0,0,1
402,-0.1523642,0.02358501,-0.2243412,0.4359147,-0.1615707,0.01409799,0.5295533,0.8993063,0.4366797,-0.02364253,1,0.5,0,-0.2320217,-0.4588776,0.2379542,1.764727,-0.4592985,0.1423483,0.4534064,0.8875819,-0.03448438,0.4593573,1,1,1,-0.1533623,-0.4760172,-0.2057734,2.066838,-0.4352501,0.1854773,0.4262552,0.9985215,-0.05399942,-0.006233083,1,1,0,-0.1956289,0.03974287,0.2243521,0.07122755,-0.02949737,-0.008583516,0.5844389,0.8138947,0.4294782,0.3913103,1,0.5,1,0,0.5,-0.225496,0,0,0,0.9215291,0.7585129,0.6514112,-0.01793561,0,0,0,0,0.5,0.225496,0,0,0,0.9836245,0.7267662,0.6241472,0.2867949,0,0,1
403,-0.06401865,0.003736764,-0.2246657,0.8834559,-0.1984824,-0.003244132,0.678735,0.930939,0.3645745,-0.02092553,1,0.5,0,-0.03646949,-0.484906,0.2366557,1.955523,-0.2602834,-0.01298517,0.7080945,0.9311189,-0.0487594,0.3614416,1,1,1,0.04918959,-0.4828526,-0.2061506,2.025519,-0.06835401,-0.003771782,0.7118886,0.9988861,-0.04691243,-0.005075222,1,1,0,-0.103293,0.01045745,0.2246851,0.923359,-0.2928542,0.003329664,0.7207929,0.8666958,0.3575197,0.3478765,1,0.5,1,0,0.5,-0.225496,0,0,0,0.9855496,0.7817639,0.6233383,-0.01716267,0,0,0,0,0.5,0.225496,0,0,0,1.045074,0.7516461,0.5993239,0.2753887,0,0,1
404,0.06729405,0.004321034,-0.2253622,1.313127,0.005842699,-0.006965697,0.8795975,0.9499312,0.3119178,-0.01838378,1,0.5,0,0.1577523,-0.4864234,0.2258753,1.942218,-0.01517475,-0.1078036,0.9655268,0.9559573,-0.04122984,0.2905954,1,1,1,0.213243,-0.4740234,-0.2216047,1.640534,0.08829236,-0.1545407,0.9574234,0.999347,-0.03295089,-0.01482388,1,1,0,0.05311381,0.002438379,0.2253732,1.564068,-0.08019074,0.00688076,0.930037,0.9065098,0.2995995,0.2974561,1,0.5,1,0,0.5,-0.225496,0,0,0,1.050401,0.8018755,0.5972648,-0.01644477,0,0,0,0,0.5,0.225496,0,0,0,1.107526,0.77338,0.5760403,0.2646899,0,0,1
405,0.2005416,0.04198599,-0.2254848,1.332475,0.3766495,-0.001226217,1.091784,0.955671,0.294001,-0.01601024,1,0.5,0,0.3305276,-0.4405513,0.2260003,1.727753,0.4587218,0.001250058,1.205337,0.9682588,-0.008532771,0.2498042,1,1,1,0.3310389,-0.4408139,-0.2249511,1.177958,0.3320953,-0.03346458,1.151974,0.9998457,-0.008967376,-0.01510383,1,1,0,0.2025022,0.04284015,0.225508,1.493884,0.4040177,0.001348108,1.149531,0.9234033,0.2842263,0.257957,1,0.5,1,0,0.5,-0.225496,0,0,0,1.113171,0.8186855,0.5740246,-0.01580489,0,0,0,0,0.5,0.225496,0,0,0,1.168148,0.7917042,0.5551065,0.2550708,0,0,1
406,0.2765378,0.08303007,-0.225352,0.7599626,0.4104408,0.00132814,1.254064,0.9568568,0.2902004,-0.01445331,1,0.5,0,0.4714725,-0.3742602,0.2276236,1.409449,0.6629103,0.01623303,1.422206,0.974569,0.02691687,0.222465,1,1,1,0.4183798,-0.3964126,-0.2196388,0.8734092,0.4440132,0.05312324,1.320576,0.9998097,0.01625169,-0.01078714,1,1,0,0.287548,0.09066778,0.2254509,0.8504577,0.4782763,-0.0005705655,1.317146,0.9296985,0.2843292,0.2341314,1,0.5,1,0,0.5,-0.225496,0,0,0,1.180271,0.8343002,0.5511016,-0.01517374,0,0,0,0,0.5,0.225496,0,0,0,1.233121,0.8088591,0.5342963,0.2455086,0,0,1
407,0.2784811,0.08421274,-0.2245058,0.0194326,0.01182675,0.008462518,1.328338,0.9601806,0.2790582,-0.01340331,1,0.5,0,0.5649939,-0.3223407,0.2283802,0.9352145,0.5191952,0.007566512,1.58907,0.9774913,0.04961983,0.2050579,1,1,1,0.4933462,-0.3672508,-0.214613,0.749664,0.2916172,0.05025819,1.47133,0.9995283,0.0298018,-0.007412756,1,1,0,0.311688,0.1086995,0.2246135,0.2414,0.1803175,-0.008374304,1.414627,0.9342507,0.2792708,0.2217734,1,0.5,1,0,0.5,-0.225496,0,0,0,1.243506,0.8471743,0.5311137,-0.0146234,0,0,0,0,0.5,0.225496,0,0,0,1.294495,0.823103,0.5160227,0.2371119,0,0,1
408,0.2394298,0.06071947,-0.2249201,-0.3905126,-0.2349328,-0.004143417,1.362781,0.9651686,0.2612865,-0.01337791,1,0.5,0,0.5982732,-0.2984616,0.2163913,0.332793,0.2387908,-0.1198894,1.700268,0.9802173,0.05796493,0.1892457,1,1,1,0.5353848,-0.3421976,-0.2280158,0.4203865,0.2505326,-0.1340283,1.595716,0.9991107,0.03998749,-0.01336814,1,1,0,0.2699073,0.07865865,0.2247926,-0.4178071,-0.3004088,0.001790822,1.44373,0.940653,0.2596342,0.2185451,1,0.5,1,0,0.5,-0.225496,0,0,0,1.312994,0.8596099,0.5107573,-0.01406292,0,0,0,0,0.5,0.225496,0,0,0,1.362081,0.8369496,0.4972932,0.2285057,0,0,1
409,0.1757481,0.03161767,-0.2255158,-0.6368169,-0.2910179,-0.005956292,1.374192,0.9696374,0.244168,-0.01361427,1,0.5,0,0.5557977,-0.2988757,0.220729,-0.4247552,-0.004140735,0.04337668,1.740861,0.9805766,0.05673011,0.1877532,1,1,1,0.5249822,-0.3260674,-0.2283913,-0.1040262,0.1613015,-0.003755242,1.66901,0.9988523,0.0460729,-0.01308954,1,1,0,0.1830091,0.03447159,0.2254197,-0.8689818,-0.4418705,0.006270707,1.429246,0.945731,0.2386796,0.2205108,1,0.5,1,0,0.5,-0.225496,0,0,0,1.384881,0.8708979,0.4912778,-0.01352658,0,0,0,0,0.5,0.225496,0,0,0,1.432142,0.8495953,0.4792609,0.2202199,0,0,1
410,0.1016616,0.01036462,-0.2254605,-0.7408651,-0.2125305,0.0005528331,1.371626,0.9723462,0.2331473,-0.01360339,1,0.5,0,0.4493179,-0.3446275,0.2288697,-1.064798,-0.4575178,0.08140698,1.711044,0.9803174,0.03680276,0.193967,1,1,1,0.4574553,-0.3409092,-0.222028,-0.6752694,-0.1484182,0.06363347,1.677437,0.9991849,0.0390784,-0.01011648,1,1,0,0.09637547,0.009395473,0.2254636,-0.8663365,-0.2507612,0.0004397333,1.413975,0.9480704,0.2274824,0.2222932,1,0.5,1,0,0.5,-0.225496,0,0,0,1.452015,0.8802224,0.4743817,-0.01306137,0,0,0,0,0.5,0.225496,0,0,0,1.497688,0.8600977,0.4635358,0.2129942,0,0,1
411,0.04621072,0.001933237,-0.2253301,-0.5545091,-0.0843138,0.001304001,1.396948,0.9741307,0.2255903,-0.01335306,1,0.5,0,0.287082,-0.4282809,0.2322058,-1.622358,-0.8365348,0.03336117,1.632996,0.9792551,-0.001069365,0.2026285,1,1,1,0.3394495,-0.40293,-0.2150101,-1.180058,-0.6202072,0.0701794,1.641292,0.9999174,0.01077389,-0.007009815,1,1,0,0.03014929,0.0005405068,0.2254318,-0.6622617,-0.08854966,-0.0003185868,1.428334,0.9499465,0.2211964,0.2206214,1,0.5,1,0,0.5,-0.225496,0,0,0,1.525864,0.8893319,0.457089,-0.01258525,0,0,0,0,0.5,0.225496,0,0,0,1.569908,0.8704082,0.4473628,0.2055627,0,0,1
412,0.03701613,0.0009874019,-0.2244541,-0.09194594,-0.009458351,0.00875935,1.46477,0.9760206,0.2173218,-0.0124463,1,0.5,0,0.07591968,-0.4942029,0.2291356,-2.111624,-0.6592193,-0.03070146,1.50423,0.9762155,-0.03402948,0.214115,1,1,1,0.1582095,-0.4840271,-0.2141529,-1.8124,-0.8109713,0.008572042,1.539725,0.9995711,-0.02844849,-0.006938611,1,1,0,-0.001227795,-0.0002161779,0.224886,-0.3137709,-0.007566847,-0.005458146,1.473325,0.9524091,0.2157697,0.2153147,1,0.5,1,0,0.5,-0.225496,0,0,0,1.59641,0.8970767,0.4417075,-0.01216174,0,0,0,0,0.5,0.225496,0,0,0,1.639002,0.8792138,0.4329121,0.1989226,0,0,1
413,0.0319837,0.0006368923,-0.2247756,-0.05032431,-0.003505097,-0.003214329,1.540071,0.9778127,0.2091285,-0.01214446,1,0.5,0,-0.1445237,-0.4804077,0.2111094,-2.204434,0.1379514,-0.1802623,1.364989,0.9749653,-0.02917322,0.2204353,1,1,1,-0.06871337,-0.4889483,-0.2334734,-2.269228,-0.04921198,-0.1932056,1.395452,0.9992923,-0.03321018,-0.01765986,1,1,0,-0.0056268,-0.0002963115,0.2246739,-0.04399004,-0.0008013358,-0.002120435,1.547484,0.9559033,0.2079155,0.2074126,1,0.5,1,0,0.5,-0.225496,0,0,0,1.670438,0.9043444,0.4266419,-0.01174693,0,0,0,0,0.5,0.225496,0,0,0,1.711606,0.8875107,0.4187003,0.1923923,0,0,1
414,-0.02129235,0.0002935108,-0.2253679,-0.5327604,-0.003433814,-0.005923808,1.489701,0.9766957,0.2142501,-0.01274963,1,0.5,0,-0.3197063,-0.4103841,0.2162423,-1.751825,0.7002363,0.05132839,1.196837,0.9694024,0.009202934,0.2453048,1,1,1,-0.2742025,-0.4309603,-0.2320592,-2.054891,0.5798799,0.0141421,1.190733,0.9998159,-0.002933815,-0.01896172,1,1,0,-0.03592104,0.00113044,0.2253877,-0.3029424,0.01426752,0.007137507,1.520716,0.9544654,0.2113758,0.2105134,1,0.5,1,0,0.5,-0.225496,0,0,0,1.672067,0.9044953,0.426322,-0.01173812,0,0,0,0,0.5,0.225496,0,0,0,1.713204,0.8876834,0.418398,0.1922534,0,0,1
415,-0.1111031,0.0125351,-0.2254218,-0.8981071,0.1224159,-0.000538826,1.323971,0.9705667,0.2404287,-0.01393763,1,0.5,0,-0.4394344,-0.3630669,0.2267524,-1.197281,0.4731724,0.1051015,1.005095,0.9580488,0.04181338,0.2835385,1,1,1,-0.4308706,-0.3719715,-0.2240686,-1.566681,0.5898884,0.07990643,0.9517238,0.9991696,0.03721682,-0.0165793,1,1,0,-0.1084419,0.01175926,0.2255458,-0.7252086,0.1062882,0.001581162,1.375117,0.9455128,0.2334571,0.2269436,1,0.5,1,0,0.5,-0.225496,0,0,0,1.597081,0.8971463,0.4415661,-0.01215785,0,0,0,0,0.5,0.225496,0,0,0,1.639661,0.8792931,0.4327789,0.1988614,0,0,1
416,-0.2144427,0.04813987,-0.2250905,-1.033396,0.3560477,0.003312975,1.15809,0.9581234,0.2859555,-0.01513219,1,0.5,0,-0.5054376,-0.3510082,0.2324133,-0.6600317,0.1205871,0.05660921,0.8698635,0.9472913,0.05474401,0.3156616,1,1,1,-0.529747,-0.3398326,-0.2177685,-0.9887645,0.3213885,0.06300032,0.7763861,0.9976216,0.06750888,-0.01392097,1,1,0,-0.1914177,0.03802586,0.2251679,-0.8297579,0.262666,-0.003778934,1.230202,0.9314979,0.2681917,0.2457331,1,0.5,1,0,0.5,-0.225496,0,0,0,1.527138,0.8894796,0.4568018,-0.01257734,0,0,0,0,0.5,0.225496,0,0,0,1.571155,0.8705757,0.4470935,0.205439,0,0,1
417,-0.2882428,0.0913901,-0.2249333,-0.7380012,0.4325023,0.001572818,1.024956,0.9405426,0.3392819,-0.01635014,1,0.5,0,-0.5115968,-0.3592621,0.2221925,-0.06159186,-0.08253902,-0.1022086,0.7841566,0.942979,0.05197024,0.3287702,1,1,1,-0.5652342,-0.3248744,-0.2242394,-0.3548723,0.149582,-0.06470874,0.6619579,0.9959872,0.08703035,-0.02086083,1,1,0,-0.2588722,0.07215644,0.2247875,-0.6745452,0.3413059,-0.003803968,1.103402,0.912845,0.3106872,0.264929,1,0.5,1,0,0.5,-0.225496,0,0,0,1.45582,0.8807196,0.4734586,-0.01303596,0,0,0,0,0.5,0.225496,0,0,0,1.501407,0.8606592,0.4626745,0.2125984,0,0,1
418,-0.3066479,0.1046131,-0.2251109,-0.1840505,0.1322298,-0.001776367,0.9373126,0.9291975,0.3691702,-0.01747072,1,0.5,0,-0.4729361,-0.3745315,0.216271,0.3866068,-0.1526946,-0.05921438,0.7422147,0.9412698,0.04143282,0.3351039,1,1,1,-0.5430102,-0.3360797,-0.2275434,0.2222407,-0.1120535,-0.03304005,0.6032008,0.9963599,0.08150851,-0.02496682,1,1,0,-0.285611,0.08903178,0.2251318,-0.2673882,0.1687533,0.003443062,1.012057,0.8971781,0.3406167,0.2811613,1,0.5,1,0,0.5,-0.225496,0,0,0,1.385453,0.870982,0.4911288,-0.01352248,0,0,0,0,0.5,0.225496,0,0,0,1.4327,0.8496898,0.4791225,0.2201563,0,0,1
419,-0.2733332,0.081334,-0.2249258,0.333147,-0.2327908,0.001851022,0.8864075,0.9304671,0.3659343,-0.01797868,1,0.5,0,-0.4189665,-0.4046007,0.2176109,0.5396959,-0.3006914,0.01339868,0.7183788,0.9392589,0.01756377,0.3427595,1,1,1,-0.4654812,-0.3803487,-0.2303085,0.7752898,-0.4426894,-0.02765045,0.5992252,0.9987568,0.04153045,-0.02757256,1,1,0,-0.2450833,0.0640287,0.2248832,0.4052769,-0.2500308,-0.002485961,0.9691677,0.8972811,0.3335417,0.2891999,1,0.5,1,0,0.5,-0.225496,0,0,0,1.317184,0.8603091,0.5095797,-0.0140305,0,0,0,0,0.5,0.225496,0,0,0,1.36616,0.8377307,0.4962061,0.2280061,0,0,1
420,-0.1712403,0.03024835,-0.2253313,1.020928,-0.5108565,-0.004055202,0.8867508,0.9441514,0.3290053,-0.01826666,1,0.5,0,-0.3328034,-0.4427,0.2258703,0.8616313,-0.3809935,0.08259386,0.7243165,0.9374534,-0.01364029,0.3478433,1,1,1,-0.34931,-0.4368545,-0.2248391,1.161711,-0.5650583,0.05469322,0.6315577,0.999713,-0.00959254,-0.02195127,1,1,0,-0.1558945,0.02491545,0.2253826,0.8918881,-0.3911325,0.004994422,0.9625214,0.9057293,0.3083137,0.2908557,1,0.5,1,0,0.5,-0.225496,0,0,0,1.246463,0.8477379,0.5302144,-0.01459864,0,0,0,0,0.5,0.225496,0,0,0,1.297368,0.8237285,0.5151979,0.2367329,0,0,1
421,-0.03035826,0.0007924318,-0.2254254,1.408821,-0.2945592,-0.0009407103,0.938166,0.9547879,0.2967616,-0.01767903,1,0.5,0,-0.2059633,-0.470111,0.222846,1.268401,-0.2741092,-0.0302428,0.7707648,0.9423763,-0.03471213,0.3327492,1,1,1,-0.1887708,-0.4735405,-0.2277654,1.605393,-0.3668594,-0.02926305,0.715978,0.9989746,-0.03909647,-0.02283383,1,1,0,-0.03996411,0.001653445,0.2254669,1.159304,-0.23262,0.0008428097,0.9910214,0.9144992,0.2868191,0.2853527,1,0.5,1,0,0.5,-0.225496,0,0,0,1.181649,0.8345985,0.5506499,-0.0151613,0,0,0,0,0.5,0.225496,0,0,0,1.234457,0.8091881,0.5338848,0.2453195,0,0,1
