frame,x0,y0,z0,vx0,vy0,vz0,sdf0,nx0,ny0,nz0,md0,u0,v0,x1,y1,z1,vx1,vy1,vz1,sdf1,nx1,ny1,nz1,md1,u1,v1,x2,y2,z2,vx2,vy2,vz2,sdf2,nx2,ny2,nz2,md2,u2,v2,x3,y3,z3,vx3,vy3,vz3,sdf3,nx3,ny3,nz3,md3,u3,v3,x4,y4,z4,vx4,vy4,vz4,sdf4,nx4,ny4,nz4,md4,u4,v4,x5,y5,z5,vx5,vy5,vz5,sdf5,nx5,ny5,nz5,md5,u5,v5,x6,y6,z6,vx6,vy6,vz6,sdf6,nx6,ny6,nz6,md6,u6,v6,x7,y7,z7,vx7,vy7,vz7,sdf7,nx7,ny7,nz7,md7,u7,v7,x8,y8,z8,vx8,vy8,vz8,sdf8,nx8,ny8,nz8,md8,u8,v8,x9,y9,z9,vx9,vy9,vz9,sdf9,nx9,ny9,nz9,md9,u9,v9,x10,y10,z10,vx10,vy10,vz10,sdf10,nx10,ny10,nz10,md10,u10,v10,x11,y11,z11,vx11,vy11,vz11,sdf11,nx11,ny11,nz11,md11,u11,v11,x12,y12,z12,vx12,vy12,vz12,sdf12,nx12,ny12,nz12,md12,u12,v12,x13,y13,z13,vx13,vy13,vz13,sdf13,nx13,ny13,nz13,md13,u13,v13,x14,y14,z14,vx14,vy14,vz14,sdf14,nx14,ny14,nz14,md14,u14,v14,x15,y15,z15,vx15,vy15,vz15,sdf15,nx15,ny15,nz15,md15,u15,v15,x16,y16,z16,vx16,vy16,vz16,sdf16,nx16,ny16,nz16,md16,u16,v16,x17,y17,z17,vx17,vy17,vz17,sdf17,nx17,ny17,nz17,md17,u17,v17,x18,y18,z18,vx18,vy18,vz18,sdf18,nx18,ny18,nz18,md18,u18,v18,x19,y19,z19,vx19,vy19,vz19,sdf19,nx19,ny19,nz19,md19,u19,v19,x20,y20,z20,vx20,vy20,vz20,sdf20,nx20,ny20,nz20,md20,u20,v20,x21,y21,z21,vx21,vy21,vz21,sdf21,nx21,ny21,nz21,md21,u21,v21,x22,y22,z22,vx22,vy22,vz22,sdf22,nx22,ny22,nz22,md22,u22,v22,x23,y23,z23,vx23,vy23,vz23,sdf23,nx23,ny23,nz23,md23,u23,v23,x24,y24,z24,vx24,vy24,vz24,sdf24,nx24,ny24,nz24,md24,u24,v24
0,0,-0.25,0.5,0,0,0,0.5471867,-0.773501,0.06684576,0.6302601,1,0.75,0,0,-0.5,0.25,0,0,0,0.4255269,-0.8751772,-0.1944838,0.4429909,1,1,0.25,0,-0.5,0.5,0,0,0,0.5602359,-0.7639809,-0.1697735,0.622503,1,1,0,0,-0.25,0.25,0,0,0,0.4105493,-0.8895729,0.07687666,0.4502777,1,0.75,0.25,0,0,0.5,0,0,0,0.5927488,-0.74125,0.2928395,0.6039814,1,0.5,0,0,-0.5,0,0,0,0,0.3450444,-0.9585295,-0.2130066,0.1893392,1,1,0.5,0,0,0.25,0,0,0,0.4626006,-0.8414705,0.3324328,0.4259295,1,0.5,0.25,0,0.25,0.5,0,0,0,0.6902101,-0.6805521,0.478907,0.5545239,0,0.25,0,0,-0.25,0,0,0,0,0.3286133,-0.9775369,0.08447848,0.1930937,1,0.75,0.5,0,-0.5,-0.25,0,0,0,0.3346257,-0.970495,-0.2156655,-0.1078328,1,1,0.75,0,0.25,0.25,0,0,0,0.5719608,-0.7556247,0.5317358,0.3824767,0,0.25,0.25,0,0.5,0.5,0,0,0,0.8281943,-0.6098505,0.6173795,0.4969153,0,0,0,0,0.5,0.25,0,0,0,0.723356,-0.6621131,0.6702873,0.3351437,0,0,0.25,0,-0.25,-0.25,0,0,0,0.3179854,-0.9902378,0.08557609,-0.1100264,1,0.75,0.75,0,-0.5,-0.5,0,0,0,0.3967162,-0.9032958,-0.2007324,-0.3791612,1,1,1,0,-0.25,-0.5,0,0,0,0.3812491,-0.9191499,0.0794327,-0.385816,1,0.75,1,0,0,0,0,0,0,0.3854942,-0.9147434,0.3613801,0.1806901,1,0.5,0.5,0,0.25,0,0,0,0,0.5032946,-0.8073401,0.5681282,0.1594746,0,0.25,0.5,0,0.5,0,0,0,0,0.663658,-0.6960808,0.7046744,0.1374974,0,0,0.5,0,0,-0.25,0,0,0,0.3755569,-0.9251254,0.3654816,-0.1027917,1,0.5,0.75,0,0,-0.5,0,0,0,0.4349331,-0.8663721,0.3422705,-0.3636624,1,0.5,1,0,0.25,-0.25,0,0,0,0.4945351,-0.8144509,0.5731321,-0.09049455,0,0.25,0.75,0,0.5,-0.25,0,0,0,0.6561142,-0.7006228,0.7092724,-0.07784698,0,0,0.75,0,0.25,-0.5,0,0,0,0.5471867,-0.773501,0.5443155,-0.3246794,0,0.25,1,0,0.5,-0.5,0,0,0,0.7017071,-0.6740411,0.6823626,-0.2829309,0,0,1
1,0,-0.25,0.5,0,0,0,0.5471867,-0.773501,0.06684576,0.6302601,1,0.75,0,0,-0.5,0.25,0,0,0,0.4255269,-0.8751772,-0.1944838,0.4429909,1,1,0.25,0,-0.5,0.5,0,0,0,0.5602359,-0.7639809,-0.1697735,0.622503,1,1,0,0,-0.25,0.25,0,0,0,0.4105493,-0.8895729,0.07687666,0.4502777,1,0.75,0.25,0,0,0.5,0,0,0,0.5927488,-0.74125,0.2928395,0.6039814,1,0.5,0,0,-0.5,0,0,0,0,0.3450444,-0.9585295,-0.2130066,0.1893392,1,1,0.5,0,0,0.25,0,0,0,0.4626006,-0.8414705,0.3324328,0.4259295,1,0.5,0.25,0,0.25,0.5,0,0,0,0.6902101,-0.6805521,0.478907,0.5545239,0,0.25,0,0,-0.25,0,0,0,0,0.3286133,-0.9775369,0.08447848,0.1930937,1,0.75,0.5,0,-0.5,-0.25,0,0,0,0.3346257,-0.970495,-0.2156655,-0.1078328,1,1,0.75,0,0.25,0.25,0,0,0,0.5719608,-0.7556247,0.5317358,0.3824767,0,0.25,0.25,0,0.5,0.5,0,0,0,0.8281943,-0.6098505,0.6173795,0.4969153,0,0,0,0,0.5,0.25,0,0,0,0.723356,-0.6621131,0.6702873,0.3351437,0,0,0.25,0,-0.25,-0.25,0,0,0,0.3179854,-0.9902378,0.08557609,-0.1100264,1,0.75,0.75,0,-0.5,-0.5,0,0,0,0.3967162,-0.9032958,-0.2007324,-0.3791612,1,1,1,0,-0.25,-0.5,0,0,0,0.3812491,-0.9191499,0.0794327,-0.385816,1,0.75,1,0,0,0,0,0,0,0.3854942,-0.9147434,0.3613801,0.1806901,1,0.5,0.5,0,0.25,0,0,0,0,0.5032946,-0.8073401,0.5681282,0.1594746,0,0.25,0.5,0,0.5,0,0,0,0,0.663658,-0.6960808,0.7046744,0.1374974,0,0,0.5,0,0,-0.25,0,0,0,0.3755569,-0.9251254,0.3654816,-0.1027917,1,0.5,0.75,0,0,-0.5,0,0,0,0.4349331,-0.8663721,0.3422705,-0.3636624,1,0.5,1,0,0.25,-0.25,0,0,0,0.4945351,-0.8144509,0.5731321,-0.09049455,0,0.25,0.75,0,0.5,-0.25,0,0,0,0.6561142,-0.7006228,0.7092724,-0.07784698,0,0,0.75,0,0.25,-0.5,0,0,0,0.5471867,-0.773501,0.5443155,-0.3246794,0,0.25,1,0,0.5,-0.5,0,0,0,0.7017071,-0.6740411,0.6823626,-0.2829309,0,0,1
2,0,-0.2499952,0.500001,0,0.0002406539,5.066397E-05,0.5471877,-0.7735003,0.0668503,0.6302605,1,0.75,0,0,-0.4999039,0.2499569,0,0.004807116,-0.002156199,0.4254891,-0.8752129,-0.1943879,0.4429624,1,1,0.25,0,-0.4999402,0.4999763,0,0.002989174,-0.001183153,0.5602109,-0.7639989,-0.1697212,0.6224954,1,1,0,0,-0.2500004,0.2500179,0,-1.937152E-05,0.0008925799,0.4105573,-0.8895651,0.07687557,0.4502933,1,0.75,0.25,0,5.852794E-05,0.4999877,0,0.002926398,-0.0006169083,0.5927585,-0.7412434,0.2928904,0.6039648,1,0.5,0,0,-0.4999039,1.789589E-05,0,0.004807116,0.0008947948,0.3450273,-0.958549,-0.2128971,0.1893642,1,1,0.5,0,4.652039E-05,0.2499568,0,0.002326021,-0.002159924,0.4625977,-0.841473,0.3324821,0.4258859,1,0.5,0.25,0,0.25,0.5,0,0,0,0.6902101,-0.6805521,0.478907,0.5545239,0,0.25,0,0,-0.250013,3.266905E-09,0,-0.0006496909,1.633453E-07,0.3286122,-0.9775381,0.08446291,0.1930939,1,0.75,0.5,0,-0.4999216,-0.2499695,0,0.003917517,0.001525134,0.3346055,-0.9705184,-0.2155769,-0.1077988,1,1,0.75,0,0.25,0.25,0,0,0,0.5719608,-0.7556247,0.5317358,0.3824767,0,0.25,0.25,0,0.5,0.5,0,0,0,0.8281943,-0.6098505,0.6173795,0.4969153,0,0,0,0,0.5,0.25,0,0,0,0.723356,-0.6621131,0.6702873,0.3351437,0,0,0.25,0,-0.2499292,-0.2499569,0,0.003538282,0.002156199,0.3179867,-0.9902362,0.08566247,-0.1099735,1,0.75,0.75,0,-0.4999276,-0.5000247,0,0.003620984,-0.001233817,0.3967111,-0.903301,-0.2006528,-0.3791909,1,1,1,0,-0.2499647,-0.4999757,0,0.001766533,0.001214445,0.3812426,-0.9191567,0.07947338,-0.3857913,1,0.75,1,0,1.60298E-05,1.268731E-05,0,0.0008014903,0.000634366,0.3855023,-0.9147351,0.3613949,0.1807027,1,0.5,0.5,0,0.25,0,0,0,0,0.5032946,-0.8073401,0.5681282,0.1594746,0,0.25,0.5,0,0.5,0,0,0,0,0.663658,-0.6960808,0.7046744,0.1374974,0,0,0.5,0,-5.575575E-05,-0.25,0,-0.002787789,-1.490117E-06,0.3755366,-0.9251469,0.3654265,-0.1027941,1,0.5,0.75,0,4.065105E-05,-0.5000004,0,0.002032553,-1.78814E-05,0.4349472,-0.8663591,0.3423088,-0.3636573,1,0.5,1,0,0.25,-0.25,0,0,0,0.4945351,-0.8144509,0.5731321,-0.09049455,0,0.25,0.75,0,0.5,-0.25,0,0,0,0.6561142,-0.7006228,0.7092724,-0.07784698,0,0,0.75,0,0.25,-0.5,0,0,0,0.5471867,-0.773501,0.5443155,-0.3246794,0,0.25,1,0,0.5,-0.5,0,0,0,0.7017071,-0.6740411,0.6823626,-0.2829309,0,0,1
3,0,-0.2499952,0.500001,0,0,0,0.5471877,-0.7735003,0.0668503,0.6302605,1,0.75,0,0,-0.4999039,0.2499569,0,0,0,0.4254891,-0.8752129,-0.1943879,0.4429624,1,1,0.25,0,-0.4999402,0.4999763,0,0,0,0.5602109,-0.7639989,-0.1697212,0.6224954,1,1,0,0,-0.2500004,0.2500179,0,0,0,0.4105573,-0.8895651,0.07687557,0.4502933,1,0.75,0.25,0,5.852794E-05,0.4999877,0,0,0,0.5927585,-0.7412434,0.2928904,0.6039648,1,0.5,0,0,-0.4999039,1.789589E-05,0,0,0,0.3450273,-0.958549,-0.2128971,0.1893642,1,1,0.5,0,4.652039E-05,0.2499568,0,0,0,0.4625977,-0.841473,0.3324821,0.4258859,1,0.5,0.25,0,0.25,0.5,0,0,0,0.6902101,-0.6805521,0.478907,0.5545239,0,0.25,0,0,-0.250013,3.266905E-09,0,0,0,0.3286122,-0.9775381,0.08446291,0.1930939,1,0.75,0.5,0,-0.4999216,-0.2499695,0,0,0,0.3346055,-0.9705184,-0.2155769,-0.1077988,1,1,0.75,0,0.25,0.25,0,0,0,0.5719608,-0.7556247,0.5317358,0.3824767,0,0.25,0.25,0,0.5,0.5,0,0,0,0.8281943,-0.6098505,0.6173795,0.4969153,0,0,0,0,0.5,0.25,0,0,0,0.723356,-0.6621131,0.6702873,0.3351437,0,0,0.25,0,-0.2499292,-0.2499569,0,0,0,0.3179867,-0.9902362,0.08566247,-0.1099735,1,0.75,0.75,0,-0.4999276,-0.5000247,0,0,0,0.3967111,-0.903301,-0.2006528,-0.3791909,1,1,1,0,-0.2499647,-0.4999757,0,0,0,0.3812426,-0.9191567,0.07947338,-0.3857913,1,0.75,1,0,1.60298E-05,1.268731E-05,0,0,0,0.3855023,-0.9147351,0.3613949,0.1807027,1,0.5,0.5,0,0.25,0,0,0,0,0.5032946,-0.8073401,0.5681282,0.1594746,0,0.25,0.5,0,0.5,0,0,0,0,0.663658,-0.6960808,0.7046744,0.1374974,0,0,0.5,0,-5.575575E-05,-0.25,0,0,0,0.3755366,-0.9251469,0.3654265,-0.1027941,1,0.5,0.75,0,4.065105E-05,-0.5000004,0,0,0,0.4349472,-0.8663591,0.3423088,-0.3636573,1,0.5,1,0,0.25,-0.25,0,0,0,0.4945351,-0.8144509,0.5731321,-0.09049455,0,0.25,0.75,0,0.5,-0.25,0,0,0,0.6561142,-0.7006228,0.7092724,-0.07784698,0,0,0.75,0,0.25,-0.5,0,0,0,0.5471867,-0.773501,0.5443155,-0.3246794,0,0.25,1,0,0.5,-0.5,0,0,0,0.7017071,-0.6740411,0.6823626,-0.2829309,0,0,1
4,0,-0.2499607,0.5000111,0,0.0017263,0.0005036594,0.5471963,-0.7734939,0.06688271,0.6302649,1,0.75,0,0,-0.4999744,0.2500249,0,-0.003527106,0.003398956,0.4255329,-0.8751714,-0.1944549,0.4430149,1,1,0.25,0,-0.5000356,0.5000015,0,-0.004768373,0.001257658,0.5602428,-0.763976,-0.169806,0.6225004,1,1,0,0,-0.250001,0.2500621,0,-3.129245E-05,0.002214313,0.4105772,-0.8895457,0.0768732,0.4503321,1,0.75,0.25,0,9.402581E-06,0.5000802,0,-0.002456269,0.004628303,0.5928,-0.7412152,0.2928343,0.6040265,1,0.5,0,0,-0.4999757,7.952169E-06,0,-0.003589691,-0.0004971862,0.3450407,-0.9585338,-0.2129787,0.1893494,1,1,0.5,0,4.11027E-05,0.2500263,0,-0.0002708845,0.003472717,0.4626255,-0.8414487,0.3324669,0.4259458,1,0.5,0.25,0,0.25,0.5,0,0,0,0.6902101,-0.6805521,0.478907,0.5545239,0,0.25,0,0,-0.2500019,1.22003E-05,0,0.0005543234,0.0006098521,0.3286155,-0.9775342,0.08447596,0.1931079,1,0.75,0.5,0,-0.4999586,-0.2499895,0,-0.001847745,-0.0009998683,0.3346156,-0.9705067,-0.2156186,-0.1078215,1,1,0.75,0,0.25,0.25,0,0,0,0.5719608,-0.7556247,0.5317358,0.3824767,0,0.25,0.25,0,0.5,0.5,0,0,0,0.8281943,-0.6098505,0.6173795,0.4969153,0,0,0,0,0.5,0.25,0,0,0,0.723356,-0.6621131,0.6702873,0.3351437,0,0,0.25,0,-0.2499478,-0.249993,0,-0.0009283427,-0.001806766,0.3179891,-0.9902333,0.08563952,-0.1100174,1,0.75,0.75,0,-0.5000064,-0.5000031,0,-0.003939868,0.001078845,0.3967187,-0.9032933,-0.200739,-0.3791636,1,1,1,0,-0.2500283,-0.5000072,0,-0.003180654,-0.001575053,0.3812497,-0.9191493,0.07940055,-0.3858239,1,0.75,1,0,5.101203E-05,-2.092787E-05,0,0.001749112,-0.00168076,0.3855089,-0.9147282,0.3614317,0.1806634,1,0.5,0.5,0,0.25,0,0,0,0,0.5032946,-0.8073401,0.5681282,0.1594746,0,0.25,0.5,0,0.5,0,0,0,0,0.663658,-0.6960808,0.7046744,0.1374974,0,0,0.5,0,-2.868582E-05,-0.2499672,0,0.001353497,0.001639873,0.3755431,-0.92514,0.3654546,-0.1027559,1,0.5,0.75,0,-1.993938E-05,-0.4999902,0,-0.003029522,0.0005081298,0.4349228,-0.8663818,0.3422529,-0.3636559,1,0.5,1,0,0.25,-0.25,0,0,0,0.4945351,-0.8144509,0.5731321,-0.09049455,0,0.25,0.75,0,0.5,-0.25,0,0,0,0.6561142,-0.7006228,0.7092724,-0.07784698,0,0,0.75,0,0.25,-0.5,0,0,0,0.5471867,-0.773501,0.5443155,-0.3246794,0,0.25,1,0,0.5,-0.5,0,0,0,0.7017071,-0.6740411,0.6823626,-0.2829309,0,0,1
5,0,-0.249979,0.5000458,0,-0.0009156767,0.001737476,0.547217,-0.7734786,0.0668639,0.6302857,1,0.75,0,0,-0.4999024,0.2500562,0,0.003598632,0.001566113,0.4255328,-0.8751715,-0.1943772,0.4430488,1,1,0.25,0,-0.4999326,0.5000643,0,0.005146863,0.003141166,0.5602645,-0.7639604,-0.1697055,0.6225469,1,1,0,0,-0.2499915,0.2500395,0,0.0004775824,-0.001129508,0.4105678,-0.8895549,0.07688449,0.450312,1,0.75,0.25,0,3.265508E-05,0.4999469,0,0.001162626,-0.006668272,0.5927263,-0.7412652,0.2928754,0.6039452,1,0.5,0,0,-0.4999259,6.054433E-07,0,0.002487005,-0.0003673364,0.3450287,-0.9585474,-0.2129229,0.1893434,1,1,0.5,0,3.195378E-05,0.2499411,0,-0.0004574462,-0.004258009,0.4625862,-0.8414831,0.332471,0.4258747,1,0.5,0.25,0,0.25,0.5,0,0,0,0.6902101,-0.6805521,0.478907,0.5545239,0,0.25,0,0,-0.249977,-1.646442E-05,0,0.001245738,-0.001433237,0.3286121,-0.9775382,0.08450637,0.1930741,1,0.75,0.5,0,-0.499974,-0.2499945,0,-0.0007703903,-0.0002518297,0.3346195,-0.9705022,-0.215636,-0.107827,1,1,0.75,0,0.25,0.25,0,0,0,0.5719608,-0.7556247,0.5317358,0.3824767,0,0.25,0.25,0,0.5,0.5,0,0,0,0.8281943,-0.6098505,0.6173795,0.4969153,0,0,0,0,0.5,0.25,0,0,0,0.723356,-0.6621131,0.6702873,0.3351437,0,0,0.25,0,-0.2499374,-0.2499966,0,0.0005207958,-0.0001803041,0.3179903,-0.9902318,0.08565213,-0.1100216,1,0.75,0.75,0,-0.4999149,-0.5000322,0,0.004574658,-0.001454354,0.3967113,-0.9033007,-0.2006386,-0.3791991,1,1,1,0,-0.2499661,-0.4999989,0,0.003107638,0.0004142525,0.3812514,-0.9191475,0.07947093,-0.3858138,1,0.75,1,0,5.701181E-05,2.001742E-05,0,0.000299989,0.002047265,0.3855184,-0.9147184,0.3614346,0.1807077,1,0.5,0.5,0,0.25,0,0,0,0,0.5032946,-0.8073401,0.5681282,0.1594746,0,0.25,0.5,0,0.5,0,0,0,0,0.663658,-0.6960808,0.7046744,0.1374974,0,0,0.5,0,-5.409532E-05,-0.2500166,0,-0.001270476,-0.002468378,0.3755389,-0.9251445,0.3654274,-0.1028128,1,0.5,0.75,0,6.830974E-05,-0.4999834,0,0.004412457,0.0003412367,0.4349505,-0.8663561,0.3423372,-0.3636378,1,0.5,1,0,0.25,-0.25,0,0,0,0.4945351,-0.8144509,0.5731321,-0.09049455,0,0.25,0.75,0,0.5,-0.25,0,0,0,0.6561142,-0.7006228,0.7092724,-0.07784698,0,0,0.75,0,0.25,-0.5,0,0,0,0.5471867,-0.773501,0.5443155,-0.3246794,0,0.25,1,0,0.5,-0.5,0,0,0,0.7017071,-0.6740411,0.6823626,-0.2829309,0,0,1
6,0,-0.2500335,0.5000447,0,-0.002724678,-5.662443E-05,0.5472126,-0.7734819,0.06681215,0.6302872,1,0.75,0,0,-0.5000112,0.2499616,0,-0.005438926,-0.004731121,0.425512,-0.8751912,-0.1944991,0.4429565,1,1,0.25,0,-0.4999923,0.500023,0,-0.002980233,-0.002065302,0.5602489,-0.7639716,-0.1697642,0.622517,1,1,0,0,-0.2499955,0.2500538,0,-0.0002034009,0.0007122758,0.4105738,-0.889549,0.0768795,0.4503246,1,0.75,0.25,0,-2.775004E-05,0.4999607,0,-0.003020257,0.0006929043,0.5927171,-0.7412715,0.2928226,0.6039631,1,0.5,0,0,-0.4999262,2.007731E-05,0,-1.341105E-05,0.0009735937,0.3450325,-0.9585431,-0.2129222,0.1893656,1,1,0.5,0,4.91866E-06,0.2500166,0,-0.001351757,0.003776701,0.4626094,-0.8414629,0.3324349,0.4259429,1,0.5,0.25,0,0.25,0.5,0,0,0,0.6902101,-0.6805521,0.478907,0.5545239,0,0.25,0,0,-0.2499511,1.453399E-05,0,0.001294911,0.001549921,0.3286203,-0.9775286,0.08453679,0.1931096,1,0.75,0.5,0,-0.4999226,-0.250001,0,0.002571941,-0.0003211201,0.3346091,-0.9705142,-0.2155771,-0.1078361,1,1,0.75,0,0.25,0.25,0,0,0,0.5719608,-0.7556247,0.5317358,0.3824767,0,0.25,0.25,0,0.5,0.5,0,0,0,0.8281943,-0.6098505,0.6173795,0.4969153,0,0,0,0,0.5,0.25,0,0,0,0.723356,-0.6621131,0.6702873,0.3351437,0,0,0.25,0,-0.2498693,-0.2500129,0,0.003404172,-0.0008143488,0.3179979,-0.9902226,0.08573456,-0.1100405,1,0.75,0.75,0,-0.4999446,-0.5000078,0,-0.001484156,0.001218915,0.3967081,-0.903304,-0.2006724,-0.3791734,1,1,1,0,-0.2499679,-0.4999736,0,-8.9407E-05,0.001266599,0.3812415,-0.9191578,0.07946979,-0.3857894,1,0.75,1,0,5.947431E-05,1.752555E-05,0,0.0001231254,-0.0001245936,0.3855188,-0.914718,0.3614372,0.1807048,1,0.5,0.5,0,0.25,0,0,0,0,0.5032946,-0.8073401,0.5681282,0.1594746,0,0.25,0.5,0,0.5,0,0,0,0,0.663658,-0.6960808,0.7046744,0.1374974,0,0,0.5,0,-2.639149E-07,-0.2500331,0,0.002691571,-0.0008225444,0.3755603,-0.9251219,0.3654799,-0.1028291,1,0.5,0.75,0,3.57123E-05,-0.5000141,0,-0.001629873,-0.00153482,0.4349505,-0.8663561,0.3423023,-0.3636707,1,0.5,1,0,0.25,-0.25,0,0,0,0.4945351,-0.8144509,0.5731321,-0.09049455,0,0.25,0.75,0,0.5,-0.25,0,0,0,0.6561142,-0.7006228,0.7092724,-0.07784698,0,0,0.75,0,0.25,-0.5,0,0,0,0.5471867,-0.773501,0.5443155,-0.3246794,0,0.25,1,0,0.5,-0.5,0,0,0,0.7017071,-0.6740411,0.6823626,-0.2829309,0,0,1
7,0,-0.2499457,0.4999796,0,0.004389139,-0.003254415,0.5471774,-0.7735079,0.06689822,0.6302462,1,0.75,0,0,-0.4999786,0.2499862,0,0.001631678,0.001233072,0.4255166,-0.8751869,-0.1944628,0.4429809,1,1,0.25,0,-0.499937,0.4999892,0,0.002764167,-0.001689792,0.5602185,-0.7639935,-0.1697169,0.622503,1,1,0,0,-0.2499981,0.2500069,0,-0.0001288951,-0.002342463,0.4105526,-0.8895698,0.07687847,0.4502836,1,0.75,0.25,0,8.208211E-05,0.4999942,0,0.00549161,0.001674891,0.5927694,-0.741236,0.2929091,0.6039648,1,0.5,0,0,-0.4999647,3.206294E-05,0,-0.001928211,0.0005992817,0.3450429,-0.9585311,-0.2129652,0.1893774,1,1,0.5,0,1.37291E-05,0.2500408,0,0.000440522,0.001209975,0.4626226,-0.8414513,0.3324395,0.4259622,1,0.5,0.25,0,0.25,0.5,0,0,0,0.6902101,-0.6805521,0.478907,0.5545239,0,0.25,0,0,-0.2500219,2.009672E-05,0,-0.003540517,0.0002781366,0.3286153,-0.9775344,0.08445184,0.1931175,1,0.75,0.5,0,-0.4999264,-0.2499715,0,-0.0001892448,0.00147149,0.3346067,-0.970517,-0.2155822,-0.1078011,1,1,0.75,0,0.25,0.25,0,0,0,0.5719608,-0.7556247,0.5317358,0.3824767,0,0.25,0.25,0,0.5,0.5,0,0,0,0.8281943,-0.6098505,0.6173795,0.4969153,0,0,0,0,0.5,0.25,0,0,0,0.723356,-0.6621131,0.6702873,0.3351437,0,0,0.25,0,-0.2499482,-0.2500037,0,-0.003942849,0.0004589559,0.3179902,-0.9902319,0.08563897,-0.1100303,1,0.75,0.75,0,-0.5000303,-0.500009,0,-0.004285576,-5.960467E-05,0.3967257,-0.9032862,-0.200764,-0.3791672,1,1,1,0,-0.2500285,-0.5000394,0,-0.003027172,-0.003290178,0.3812621,-0.9191363,0.07939924,-0.385855,1,0.75,1,0,3.481992E-06,7.37126E-06,0,-0.002799617,-0.0005077145,0.3854968,-0.9147407,0.361383,0.1806979,1,0.5,0.5,0,0.25,0,0,0,0,0.5032946,-0.8073401,0.5681282,0.1594746,0,0.25,0.5,0,0.5,0,0,0,0,0.663658,-0.6960808,0.7046744,0.1374974,0,0,0.5,0,-3.167907E-05,-0.2500493,0,-0.001570758,-0.0008136038,0.3755504,-0.9251323,0.3654482,-0.1028488,1,0.5,0.75,0,-7.924741E-06,-0.5000061,0,-0.002181853,0.000396371,0.4349326,-0.8663726,0.3422621,-0.3636691,1,0.5,1,0,0.25,-0.25,0,0,0,0.4945351,-0.8144509,0.5731321,-0.09049455,0,0.25,0.75,0,0.5,-0.25,0,0,0,0.6561142,-0.7006228,0.7092724,-0.07784698,0,0,0.75,0,0.25,-0.5,0,0,0,0.5471867,-0.773501,0.5443155,-0.3246794,0,0.25,1,0,0.5,-0.5,0,0,0,0.7017071,-0.6740411,0.6823626,-0.2829309,0,0,1
8,0,-0.2500268,0.4999373,0,-0.004056843,-0.002115966,0.5471454,-0.7735316,0.06682279,0.6302251,1,0.75,0,0,-0.4999696,0.2499909,0,0.000447035,0.0002354384,0.425517,-0.8751866,-0.1944531,0.4429858,1,1,0.25,0,-0.4999464,0.4999706,0,-0.0004738571,-0.0009313229,0.5602084,-0.7640007,-0.1697274,0.6224914,1,1,0,0,-0.2499857,0.2499883,0,0.0006221237,-0.0009313229,0.4105451,-0.889577,0.07689276,0.4502669,1,0.75,0.25,0,1.699846E-05,0.4999589,0,-0.003254184,-0.001767278,0.592729,-0.7412634,0.2928603,0.6039547,1,0.5,0,0,-0.4999795,-6.014712E-05,0,-0.0007390979,-0.004610505,0.3450286,-0.9585474,-0.2129863,0.1892715,1,1,0.5,0,5.62508E-05,0.2499482,0,0.002126086,-0.004630538,0.4625973,-0.8414733,0.3324924,0.4258772,1,0.5,0.25,0,0.25,0.5,0,0,0,0.6902101,-0.6805521,0.478907,0.5545239,0,0.25,0,0,-0.2499983,-4.56734E-05,0,0.001177937,-0.003288507,0.3286046,-0.977547,0.08448136,0.1930406,1,0.75,0.5,0,-0.4999793,-0.2499928,0,-0.002644957,-0.001065433,0.3346204,-0.9705011,-0.2156421,-0.1078249,1,1,0.75,0,0.25,0.25,0,0,0,0.5719608,-0.7556247,0.5317358,0.3824767,0,0.25,0.25,0,0.5,0.5,0,0,0,0.8281943,-0.6098505,0.6173795,0.4969153,0,0,0,0,0.5,0.25,0,0,0,0.723356,-0.6621131,0.6702873,0.3351437,0,0,0.25,0,-0.249991,-0.2499514,0,-0.002143533,0.002616645,0.3179808,-0.9902433,0.08558754,-0.1099676,1,0.75,0.75,0,-0.4999647,-0.500023,0,0.003278257,-0.0007003549,0.3967179,-0.9032941,-0.2006927,-0.3791862,1,1,1,0,-0.2499469,-0.4999549,0,0.004079939,0.004225971,0.381236,-0.9191636,0.07949418,-0.3857706,1,0.75,1,0,4.658841E-05,-1.039209E-05,0,0.002155322,-0.0008881679,0.3855092,-0.9147279,0.3614266,0.1806753,1,0.5,0.5,0,0.25,0,0,0,0,0.5032946,-0.8073401,0.5681282,0.1594746,0,0.25,0.5,0,0.5,0,0,0,0,0.663658,-0.6960808,0.7046744,0.1374974,0,0,0.5,0,-2.725446E-05,-0.2500145,0,0.0002212307,0.001738966,0.3755485,-0.9251344,0.365454,-0.1028093,1,0.5,0.75,0,6.873834E-05,-0.5000288,0,0.003833155,-0.001132489,0.4349672,-0.8663406,0.3423315,-0.3636799,1,0.5,1,0,0.25,-0.25,0,0,0,0.4945351,-0.8144509,0.5731321,-0.09049455,0,0.25,0.75,0,0.5,-0.25,0,0,0,0.6561142,-0.7006228,0.7092724,-0.07784698,0,0,0.75,0,0.25,-0.5,0,0,0,0.5471867,-0.773501,0.5443155,-0.3246794,0,0.25,1,0,0.5,-0.5,0,0,0,0.7017071,-0.6740411,0.6823626,-0.2829309,0,0,1
9,0,-0.2499852,0.499979,0,0.002082438,0.002083183,0.5471745,-0.7735101,0.06686071,0.6302474,1,0.75,0,0,-0.4999614,0.2499883,0,0.0004127623,-0.0001318753,0.4255142,-0.8751892,-0.1944448,0.4429843,1,1,0.25,0,-0.4999671,0.5000156,0,-0.001034141,0.002248586,0.5602399,-0.763978,-0.1697419,0.6225153,1,1,0,0,-0.2499673,0.2499877,0,0.0009179119,-3.278257E-05,0.4105462,-0.8895759,0.07691283,0.4502656,1,0.75,0.25,0,-4.633928E-05,0.4999972,0,-0.003166888,0.0019148,0.5927335,-0.7412603,0.2928012,0.6039873,1,0.5,0,0,-0.4999593,-5.842917E-05,0,0.001011789,8.589745E-05,0.3450246,-0.9585519,-0.2129634,0.1892744,1,1,0.5,0,6.170678E-05,0.2499678,0,0.0002727991,0.0009804968,0.4626074,-0.8414645,0.3324945,0.4258931,1,0.5,0.25,0,0.25,0.5,0,0,0,0.6902101,-0.6805521,0.478907,0.5545239,0,0.25,0,0,-0.249974,8.082627E-06,0,0.00121817,0.002687802,0.328617,-0.9775324,0.0845095,0.1931026,1,0.75,0.5,0,-0.4999793,-0.2500141,0,0,-0.001064688,0.3346227,-0.9704984,-0.2156415,-0.1078501,1,1,0.75,0,0.25,0.25,0,0,0,0.5719608,-0.7556247,0.5317358,0.3824767,0,0.25,0.25,0,0.5,0.5,0,0,0,0.8281943,-0.6098505,0.6173795,0.4969153,0,0,0,0,0.5,0.25,0,0,0,0.723356,-0.6621131,0.6702873,0.3351437,0,0,0.25,0,-0.2500206,-0.2500361,0,-0.001476706,-0.004236402,0.3179876,-0.9902351,0.08555073,-0.1100703,1,0.75,0.75,0,-0.500007,-0.5000139,0,-0.002115966,0.0004559757,0.3967229,-0.9032891,-0.2007388,-0.3791739,1,1,1,0,-0.2500125,-0.5000404,0,-0.003282727,-0.004273655,0.3812637,-0.9191347,0.07941718,-0.3858554,1,0.75,1,0,2.247637E-05,7.48351E-06,0,-0.001205603,0.0008937804,0.3855037,-0.9147336,0.3614016,0.1806966,1,0.5,0.5,0,0.25,0,0,0,0,0.5032946,-0.8073401,0.5681282,0.1594746,0,0.25,0.5,0,0.5,0,0,0,0,0.663658,-0.6960808,0.7046744,0.1374974,0,0,0.5,0,-1.855914E-05,-0.2500406,0,0.0004347661,-0.001302362,0.3755544,-0.9251282,0.3654615,-0.1028384,1,0.5,0.75,0,1.352384E-05,-0.4999515,0,-0.002760726,0.003866853,0.4349201,-0.8663841,0.3422897,-0.3636155,1,0.5,1,0,0.25,-0.25,0,0,0,0.4945351,-0.8144509,0.5731321,-0.09049455,0,0.25,0.75,0,0.5,-0.25,0,0,0,0.6561142,-0.7006228,0.7092724,-0.07784698,0,0,0.75,0,0.25,-0.5,0,0,0,0.5471867,-0.773501,0.5443155,-0.3246794,0,0.25,1,0,0.5,-0.5,0,0,0,0.7017071,-0.6740411,0.6823626,-0.2829309,0,0,1
10,0,-0.2499183,0.5000179,0,0.003346057,0.001949073,0.5472035,-0.7734886,0.06692275,0.6302671,1,0.75,0,0,-0.4999041,0.2499984,0,0.002865494,0.0005036594,0.4255075,-0.8751955,-0.1943842,0.4429984,1,1,0.25,0,-0.4999543,0.4999766,0,0.0006437304,-0.001949073,0.5602134,-0.7639971,-0.169734,0.6224941,1,1,0,0,-0.2499901,0.2499692,0,-0.001137704,-0.0009246174,0.4105362,-0.8895857,0.07688869,0.4502503,1,0.75,0.25,0,2.991922E-05,0.4999919,0,0.003812927,-0.0002622606,0.5927527,-0.7412473,0.2928658,0.6039719,1,0.5,0,0,-0.4999815,2.228598E-05,0,-0.001111627,0.004035759,0.3450447,-0.9585292,-0.2129846,0.1893655,1,1,0.5,0,3.880787E-05,0.2499368,0,-0.001144946,-0.001551211,0.4625866,-0.8414827,0.3324779,0.42587,1,0.5,0.25,0,0.25,0.5,0,0,0,0.6902101,-0.6805521,0.478907,0.5545239,0,0.25,0,0,-0.2499602,-1.182446E-05,0,0.0006906691,-0.0009953545,0.3286144,-0.9775355,0.08452644,0.1930792,1,0.75,0.5,0,-0.4999782,-0.2500353,0,5.36442E-05,-0.001059473,0.3346248,-0.970496,-0.2156397,-0.1078752,1,1,0.75,0,0.25,0.25,0,0,0,0.5719608,-0.7556247,0.5317358,0.3824767,0,0.25,0.25,0,0.5,0.5,0,0,0,0.8281943,-0.6098505,0.6173795,0.4969153,0,0,0,0,0.5,0.25,0,0,0,0.723356,-0.6621131,0.6702873,0.3351437,0,0,0.25,0,-0.249989,-0.2499912,0,0.001575798,0.002246351,0.3179853,-0.9902378,0.08558949,-0.1100157,1,0.75,0.75,0,-0.499924,-0.5000122,0,0.004152955,8.344654E-05,0.3967056,-0.9033065,-0.20065,-0.3791793,1,1,1,0,-0.2499299,-0.5000314,0,0.004128369,0.000447035,0.3812668,-0.9191314,0.07951058,-0.3858439,1,0.75,1,0,6.700474E-05,-5.182357E-06,0,0.00222642,-0.0006332936,0.3855175,-0.9147194,0.3614463,0.1806795,1,0.5,0.5,0,0.25,0,0,0,0,0.5032946,-0.8073401,0.5681282,0.1594746,0,0.25,0.5,0,0.5,0,0,0,0,0.663658,-0.6960808,0.7046744,0.1374974,0,0,0.5,0,6.109105E-05,-0.2500513,0,0.003982511,-0.0005334618,0.3755845,-0.9250963,0.3655399,-0.102847,1,0.5,0.75,0,2.405581E-05,-0.4999807,0,0.0005265987,-0.001464785,0.4349344,-0.866371,0.3422957,-0.3636413,1,0.5,1,0,0.25,-0.25,0,0,0,0.4945351,-0.8144509,0.5731321,-0.09049455,0,0.25,0.75,0,0.5,-0.25,0,0,0,0.6561142,-0.7006228,0.7092724,-0.07784698,0,0,0.75,0,0.25,-0.5,0,0,0,0.5471867,-0.773501,0.5443155,-0.3246794,0,0.25,1,0,0.5,-0.5,0,0,0,0.7017071,-0.6740411,0.6823626,-0.2829309,0,0,1
11,0,-0.2500162,0.4999374,0,-0.004898014,-0.004024805,0.5471462,-0.773531,0.06683286,0.6302248,1,0.75,0,0,-0.5000647,0.2500137,0,-0.008030239,0.00076592,0.4255455,-0.8751596,-0.1945498,0.4429968,1,1,0.25,0,-0.5000149,0.4999453,0,-0.003032387,-0.001563132,0.5602043,-0.7640037,-0.1697927,0.62247,1,1,0,0,-0.2500298,0.2499469,0,-0.001987071,-0.001114607,0.4105231,-0.8895985,0.07684615,0.4502323,1,0.75,0.25,0,1.432263E-05,0.499974,0,-0.00077983,-0.0008955601,0.5927373,-0.7412577,0.2928557,0.603964,1,0.5,0,0,-0.4999665,-2.785741E-05,0,0.0007525089,-0.00250717,0.345032,-0.9585436,-0.21297,0.189309,1,1,0.5,0,-8.274228E-05,0.2499982,0,-0.006077509,0.00306964,0.4625724,-0.8414952,0.3323566,0.4259401,1,0.5,0.25,0,0.25,0.5,0,0,0,0.6902101,-0.6805521,0.478907,0.5545239,0,0.25,0,0,-0.2499488,-5.703063E-05,0,0.0005669894,-0.002260309,0.3286066,-0.9775447,0.08454092,0.1930264,1,0.75,0.5,0,-0.4999436,-0.2499879,0,0.001727045,0.002371521,0.3346122,-0.9705106,-0.2156015,-0.10782,1,1,0.75,0,0.25,0.25,0,0,0,0.5719608,-0.7556247,0.5317358,0.3824767,0,0.25,0.25,0,0.5,0.5,0,0,0,0.8281943,-0.6098505,0.6173795,0.4969153,0,0,0,0,0.5,0.25,0,0,0,0.723356,-0.6621131,0.6702873,0.3351437,0,0,0.25,0,-0.249928,-0.25,0,0.003053249,-0.0004388394,0.3179915,-0.9902303,0.0856635,-0.1100256,1,0.75,0.75,0,-0.5000439,-0.5000255,0,-0.00599772,-0.0006616118,0.3967347,-0.9032772,-0.2007773,-0.3791818,1,1,1,0,-0.2500264,-0.5000145,0,-0.004822763,0.0008434061,0.3812526,-0.9191462,0.07940242,-0.3858309,1,0.75,1,0,5.534183E-05,-5.244146E-08,0,-0.0005831459,0.0002564959,0.3855142,-0.9147228,0.3614345,0.1806859,1,0.5,0.5,0,0.25,0,0,0,0,0.5032946,-0.8073401,0.5681282,0.1594746,0,0.25,0.5,0,0.5,0,0,0,0,0.663658,-0.6960808,0.7046744,0.1374974,0,0,0.5,0,-4.740691E-05,-0.2500491,0,-0.0054249,0.0001102686,0.3755447,-0.9251384,0.3654326,-0.1028492,1,0.5,0.75,0,-6.366448E-06,-0.4999463,0,-0.001521114,0.001722575,0.4349114,-0.8663923,0.3422716,-0.3636134,1,0.5,1,0,0.25,-0.25,0,0,0,0.4945351,-0.8144509,0.5731321,-0.09049455,0,0.25,0.75,0,0.5,-0.25,0,0,0,0.6561142,-0.7006228,0.7092724,-0.07784698,0,0,0.75,0,0.25,-0.5,0,0,0,0.5471867,-0.773501,0.5443155,-0.3246794,0,0.25,1,0,0.5,-0.5,0,0,0,0.7017071,-0.6740411,0.6823626,-0.2829309,0,0,1
12,0,-0.2500489,0.5000145,0,-0.001634658,0.003851952,0.5471926,-0.7734967,0.06679869,0.6302704,1,0.75,0,0,-0.5000024,0.2499785,0,0.003111364,-0.001758338,0.4255179,-0.8751857,-0.1944884,0.442972,1,1,0.25,0,-0.5000526,0.4999956,0,-0.001883507,0.002516807,0.5602421,-0.7639765,-0.1698221,0.6224953,1,1,0,0,-0.250012,0.2500033,0,0.0008925799,0.002820046,0.4105498,-0.8895724,0.0768635,0.450281,1,0.75,0.25,0,-4.562379E-05,0.5000119,0,-0.002997322,0.001892448,0.5927427,-0.7412541,0.2927994,0.6039957,1,0.5,0,0,-0.4999289,-4.706441E-05,0,0.001880527,-0.0009603504,0.3450203,-0.9585569,-0.2129285,0.1892889,1,1,0.5,0,2.447308E-05,0.2500572,0,0.00536077,0.002949686,0.4626331,-0.841442,0.332447,0.4259745,1,0.5,0.25,0,0.25,0.5,0,0,0,0.6902101,-0.6805521,0.478907,0.5545239,0,0.25,0,0,-0.2499479,-2.082138E-05,0,4.768373E-05,0.001810463,0.3286137,-0.9775363,0.08454134,0.1930685,1,0.75,0.5,0,-0.5000056,-0.2500802,0,-0.003097953,-0.004617127,0.3346356,-0.9704835,-0.2156697,-0.1079276,1,1,0.75,0,0.25,0.25,0,0,0,0.5719608,-0.7556247,0.5317358,0.3824767,0,0.25,0.25,0,0.5,0.5,0,0,0,0.8281943,-0.6098505,0.6173795,0.4969153,0,0,0,0,0.5,0.25,0,0,0,0.723356,-0.6621131,0.6702873,0.3351437,0,0,0.25,0,-0.2499817,-0.249976,0,-0.0026837,0.001200289,0.3179843,-0.9902391,0.08559863,-0.1099972,1,0.75,0.75,0,-0.4999443,-0.5000461,0,0.00498295,-0.001034141,0.3967226,-0.9032894,-0.2006688,-0.37921,1,1,1,0,-0.2499306,-0.5000024,0,0.004787745,0.0006049874,0.3812556,-0.9191431,0.07951081,-0.3858159,1,0.75,1,0,6.58802E-05,2.254867E-05,0,0.0005269187,0.001130056,0.3855221,-0.9147146,0.3614431,0.1807098,1,0.5,0.5,0,0.25,0,0,0,0,0.5032946,-0.8073401,0.5681282,0.1594746,0,0.25,0.5,0,0.5,0,0,0,0,0.663658,-0.6960808,0.7046744,0.1374974,0,0,0.5,0,-2.633813E-05,-0.2500009,0,0.00105344,0.002406538,0.3755474,-0.9251355,0.3654555,-0.1027939,1,0.5,0.75,0,7.95528E-05,-0.5000292,0,0.004295964,-0.004145505,0.434971,-0.8663371,0.3423417,-0.3636789,1,0.5,1,0,0.25,-0.25,0,0,0,0.4945351,-0.8144509,0.5731321,-0.09049455,0,0.25,0.75,0,0.5,-0.25,0,0,0,0.6561142,-0.7006228,0.7092724,-0.07784698,0,0,0.75,0,0.25,-0.5,0,0,0,0.5471867,-0.773501,0.5443155,-0.3246794,0,0.25,1,0,0.5,-0.5,0,0,0,0.7017071,-0.6740411,0.6823626,-0.2829309,0,0,1
13,0,-0.249983,0.4999882,0,0.003296138,-0.001314283,0.5471804,-0.7735057,0.06686241,0.6302526,1,0.75,0,0,-0.499995,0.2499883,0,0.0003725292,0.0004909934,0.4255207,-0.875183,-0.1944797,0.4429813,1,1,0.25,0,-0.4999747,0.4999694,0,0.003892185,-0.001314283,0.5602125,-0.7639978,-0.1697535,0.6224878,1,1,0,0,-0.2500132,0.2500216,0,-6.407501E-05,0.0009149316,0.410558,-0.8895645,0.0768614,0.4502971,1,0.75,0.25,0,6.709868E-05,0.500001,0,0.005636126,-0.0005453827,0.592769,-0.7412362,0.2928955,0.6039711,1,0.5,0,0,-0.4999672,-2.299405E-05,0,-0.0019148,0.001203518,0.345033,-0.9585424,-0.2129706,0.1893145,1,1,0.5,0,7.592926E-06,0.2499661,0,-0.0008440081,-0.004555287,0.4625887,-0.8414809,0.3324448,0.4258995,1,0.5,0.25,0,0.25,0.5,0,0,0,0.6902101,-0.6805521,0.478907,0.5545239,0,0.25,0,0,-0.2499772,-1.194199E-06,0,-0.001467765,0.0009813594,0.328615,-0.9775348,0.08450578,0.1930919,1,0.75,0.5,0,-0.4999764,-0.2499816,0,0.001460314,0.004931541,0.3346186,-0.9705032,-0.2156391,-0.1078116,1,1,0.75,0,0.25,0.25,0,0,0,0.5719608,-0.7556247,0.5317358,0.3824767,0,0.25,0.25,0,0.5,0.5,0,0,0,0.8281943,-0.6098505,0.6173795,0.4969153,0,0,0,0,0.5,0.25,0,0,0,0.723356,-0.6621131,0.6702873,0.3351437,0,0,0.25,0,-0.2499951,-0.250013,0,-0.0006742778,-0.00185296,0.3179872,-0.9902356,0.08558184,-0.1100421,1,0.75,0.75,0,-0.5000157,-0.5000311,0,-0.00357032,0.000753999,0.3967311,-0.9032808,-0.2007466,-0.3791895,1,1,1,0,-0.2500218,-0.4999876,0,-0.004555287,0.0007420781,0.3812426,-0.9191566,0.07940859,-0.3858048,1,0.75,1,0,3.969474E-05,1.450124E-05,0,-0.001309274,-0.0004023715,0.3855112,-0.9147259,0.361418,0.180703,1,0.5,0.5,0,0.25,0,0,0,0,0.5032946,-0.8073401,0.5681282,0.1594746,0,0.25,0.5,0,0.5,0,0,0,0,0.663658,-0.6960808,0.7046744,0.1374974,0,0,0.5,0,-1.969382E-05,-0.2499919,0,0.0003322158,0.0004500152,0.375549,-0.9251339,0.3654625,-0.1027834,1,0.5,0.75,0,-1.689038E-05,-0.5000378,0,-0.004822161,-0.0004321338,0.4349411,-0.8663647,0.3422495,-0.3636998,1,0.5,1,0,0.25,-0.25,0,0,0,0.4945351,-0.8144509,0.5731321,-0.09049455,0,0.25,0.75,0,0.5,-0.25,0,0,0,0.6561142,-0.7006228,0.7092724,-0.07784698,0,0,0.75,0,0.25,-0.5,0,0,0,0.5471867,-0.773501,0.5443155,-0.3246794,0,0.25,1,0,0.5,-0.5,0,0,0,0.7017071,-0.6740411,0.6823626,-0.2829309,0,0,1
14,0,-0.2499829,0.4999124,0,2.980233E-06,-0.003790857,0.5471326,-0.773541,0.06686553,0.630209,1,0.75,0,0,-0.500006,0.2500176,0,-0.000548363,0.001461059,0.4255358,-0.8751687,-0.1944884,0.4430056,1,1,0.25,0,-0.4999363,0.5000014,0,0.00191927,0.001600385,0.5602258,-0.7639882,-0.1697151,0.6225102,1,1,0,0,-0.2500063,0.249993,0,0.0003457071,-0.001430512,0.4105456,-0.8895765,0.07687003,0.4502717,1,0.75,0.25,0,6.344212E-05,0.4999699,0,-0.0001828282,-0.001551211,0.5927492,-0.7412497,0.2928974,0.6039537,1,0.5,0,0,-0.5000435,-2.578306E-05,0,-0.003814699,-0.0001394505,0.3450488,-0.9585245,-0.2130569,0.1893077,1,1,0.5,0,7.504353E-06,0.2499519,0,-4.428673E-06,-0.0007078054,0.4625826,-0.8414862,0.3324468,0.4258875,1,0.5,0.25,0,0.25,0.5,0,0,0,0.6902101,-0.6805521,0.478907,0.5545239,0,0.25,0,0,-0.2500057,-1.874042E-05,0,-0.001424552,-0.0008773113,0.3286092,-0.9775417,0.08447199,0.193072,1,0.75,0.5,0,-0.50002,-0.2500051,0,-0.002178551,-0.001176447,0.3346305,-0.9704893,-0.2156882,-0.1078383,1,1,0.75,0,0.25,0.25,0,0,0,0.5719608,-0.7556247,0.5317358,0.3824767,0,0.25,0.25,0,0.5,0.5,0,0,0,0.8281943,-0.6098505,0.6173795,0.4969153,0,0,0,0,0.5,0.25,0,0,0,0.723356,-0.6621131,0.6702873,0.3351437,0,0,0.25,0,-0.250017,-0.2500017,0,-0.001092256,0.0005662444,0.317984,-0.9902394,0.08555546,-0.1100287,1,0.75,0.75,0,-0.4999968,-0.4999447,0,0.0009462241,0.004318358,0.3966946,-0.9033176,-0.2007336,-0.3791087,1,1,1,0,-0.2500113,-0.4999524,0,0.0005245211,0.001759828,0.3812299,-0.9191699,0.07942165,-0.3857704,1,0.75,1,0,-4.204261E-05,6.133301E-06,0,-0.004086869,-0.000418397,0.3854801,-0.914758,0.3613384,0.1806999,1,0.5,0.5,0,0.25,0,0,0,0,0.5032946,-0.8073401,0.5681282,0.1594746,0,0.25,0.5,0,0.5,0,0,0,0,0.663658,-0.6960808,0.7046744,0.1374974,0,0,0.5,0,-5.756904E-05,-0.2499508,0,-0.001893762,0.002054871,0.3755309,-0.925153,0.3654267,-0.1027386,1,0.5,0.75,0,-5.845521E-06,-0.4999821,0,0.0005522434,0.002785028,0.4349247,-0.86638,0.3422673,-0.3636466,1,0.5,1,0,0.25,-0.25,0,0,0,0.4945351,-0.8144509,0.5731321,-0.09049455,0,0.25,0.75,0,0.5,-0.25,0,0,0,0.6561142,-0.7006228,0.7092724,-0.07784698,0,0,0.75,0,0.25,-0.5,0,0,0,0.5471867,-0.773501,0.5443155,-0.3246794,0,0.25,1,0,0.5,-0.5,0,0,0,0.7017071,-0.6740411,0.6823626,-0.2829309,0,0,1
15,0,-0.2500522,0.4999994,0,-0.003466011,0.004349651,0.5471828,-0.7735039,0.06679612,0.6302618,1,0.75,0,0,-0.5000013,0.2500519,0,0.0002354384,0.001719595,0.4255502,-0.8751552,-0.1944803,0.4430359,1,1,0.25,0,-0.5000272,0.5000052,0,-0.004541876,0.0001937152,0.5602437,-0.7639753,-0.1697979,0.6225033,1,1,0,0,-0.2500844,0.2500255,0,-0.003902616,0.001624227,0.4105543,-0.889568,0.07678358,0.4503031,1,0.75,0.25,0,-2.572864E-05,0.4999622,0,-0.00445854,-0.0003874303,0.5927185,-0.7412705,0.2928241,0.6039636,1,0.5,0,0,-0.4999959,-8.431372E-06,0,0.002378226,0.0008675848,0.3450419,-0.9585323,-0.2130023,0.1893297,1,1,0.5,0,-2.930493E-05,0.2499536,0,-0.001840465,8.121136E-05,0.4625711,-0.8414962,0.3324125,0.4258943,1,0.5,0.25,0,0.25,0.5,0,0,0,0.6902101,-0.6805521,0.478907,0.5545239,0,0.25,0,0,-0.2500478,-1.600546E-05,0,-0.002102555,0.0001367482,0.3286062,-0.9775452,0.08442155,0.193076,1,0.75,0.5,0,-0.4999867,-0.2499929,0,0.00166297,0.000613183,0.334622,-0.9704992,-0.2156506,-0.1078247,1,1,0.75,0,0.25,0.25,0,0,0,0.5719608,-0.7556247,0.5317358,0.3824767,0,0.25,0.25,0,0.5,0.5,0,0,0,0.8281943,-0.6098505,0.6173795,0.4969153,0,0,0,0,0.5,0.25,0,0,0,0.723356,-0.6621131,0.6702873,0.3351437,0,0,0.25,0,-0.250002,-0.2499605,0,0.0007510188,0.002061576,0.3179808,-0.9902433,0.08557416,-0.1099787,1,0.75,0.75,0,-0.4999179,-0.4999776,0,0.003941359,-0.001645089,0.3966913,-0.903321,-0.2006465,-0.3791468,1,1,1,0,-0.2499549,-0.4999757,0,0.002819301,-0.001163781,0.3812433,-0.9191559,0.07948442,-0.3857909,1,0.75,1,0,-2.673195E-05,3.321726E-05,0,0.0007655334,0.001354199,0.3854905,-0.9147472,0.3613514,0.1807283,1,0.5,0.5,0,0.25,0,0,0,0,0.5032946,-0.8073401,0.5681282,0.1594746,0,0.25,0.5,0,0.5,0,0,0,0,0.663658,-0.6960808,0.7046744,0.1374974,0,0,0.5,0,-8.805974E-07,-0.2499788,0,0.002834423,-0.001398475,0.3755544,-0.9251281,0.3654817,-0.1027678,1,0.5,0.75,0,5.692892E-05,-0.4999746,0,0.003138723,0.0003769995,0.4349434,-0.8663626,0.3423276,-0.3636312,1,0.5,1,0,0.25,-0.25,0,0,0,0.4945351,-0.8144509,0.5731321,-0.09049455,0,0.25,0.75,0,0.5,-0.25,0,0,0,0.6561142,-0.7006228,0.7092724,-0.07784698,0,0,0.75,0,0.25,-0.5,0,0,0,0.5471867,-0.773501,0.5443155,-0.3246794,0,0.25,1,0,0.5,-0.5,0,0,0,0.7017071,-0.6740411,0.6823626,-0.2829309,0,0,1
16,0,-0.2499887,0.50001,0,0.003175439,0.0005289915,0.5471938,-0.7734958,0.06685607,0.6302654,1,0.75,0,0,-0.4999717,0.250043,0,0.001476706,-0.0004485251,0.4255404,-0.8751644,-0.1944504,0.4430309,1,1,0.25,0,-0.4999467,0.500024,0,0.004024805,0.0009357933,0.5602417,-0.7639768,-0.1697223,0.6225221,1,1,0,0,-0.2499253,0.250025,0,0.007952007,-2.384187E-05,0.4105663,-0.8895563,0.07695723,0.4502967,1,0.75,0.25,0,4.386398E-05,0.5000207,0,0.003479633,0.002928079,0.5927742,-0.7412328,0.2928728,0.6039864,1,0.5,0,0,-0.5000173,3.409612E-05,0,-0.001069904,0.002126375,0.3450545,-0.958518,-0.2130245,0.1893772,1,1,0.5,0,2.853531E-05,0.2499991,0,0.002892013,0.002275408,0.4626097,-0.8414626,0.3324593,0.4259245,1,0.5,0.25,0,0.25,0.5,0,0,0,0.6902101,-0.6805521,0.478907,0.5545239,0,0.25,0,0,-0.2500359,1.431506E-05,0,0.0005930664,0.001516026,0.328613,-0.9775371,0.08443516,0.193111,1,0.75,0.5,0,-0.5000402,-0.2500237,0,-0.00267625,-0.001541526,0.3346369,-0.9704819,-0.2157108,-0.1078597,1,1,0.75,0,0.25,0.25,0,0,0,0.5719608,-0.7556247,0.5317358,0.3824767,0,0.25,0.25,0,0.5,0.5,0,0,0,0.8281943,-0.6098505,0.6173795,0.4969153,0,0,0,0,0.5,0.25,0,0,0,0.723356,-0.6621131,0.6702873,0.3351437,0,0,0.25,0,-0.2500062,-0.2499629,0,-0.0002130867,-0.0001199544,0.3179807,-0.9902434,0.08556896,-0.1099817,1,0.75,0.75,0,-0.5000044,-0.4999644,0,-0.004321339,0.0006586316,0.3967036,-0.9033085,-0.2007401,-0.3791268,1,1,1,0,-0.2500059,-0.5000039,0,-0.00254959,-0.001412631,0.3812501,-0.9191488,0.07942594,-0.38582,1,0.75,1,0,8.415052E-06,4.714355E-05,0,0.001757351,0.0006963145,0.3855058,-0.9147314,0.3613849,0.1807409,1,0.5,0.5,0,0.25,0,0,0,0,0.5032946,-0.8073401,0.5681282,0.1594746,0,0.25,0.5,0,0.5,0,0,0,0,0.663658,-0.6960808,0.7046744,0.1374974,0,0,0.5,0,5.76258E-05,-0.2499813,0,0.002925321,-0.000127405,0.3755761,-0.9251052,0.3655395,-0.1027682,1,0.5,0.75,0,2.930505E-05,-0.4999595,0,-0.001381194,0.000753999,0.4349285,-0.8663765,0.3423035,-0.3636209,1,0.5,1,0,0.25,-0.25,0,0,0,0.4945351,-0.8144509,0.5731321,-0.09049455,0,0.25,0.75,0,0.5,-0.25,0,0,0,0.6561142,-0.7006228,0.7092724,-0.07784698,0,0,0.75,0,0.25,-0.5,0,0,0,0.5471867,-0.773501,0.5443155,-0.3246794,0,0.25,1,0,0.5,-0.5,0,0,0,0.7017071,-0.6740411,0.6823626,-0.2829309,0,0,1
17,0,-0.250014,0.4999745,0,-0.001265109,-0.001770259,0.5471698,-0.7735135,0.06683344,0.630246,1,0.75,0,0,-0.5000556,0.2500212,0,-0.004194679,-0.001086295,0.4255471,-0.875158,-0.1945397,0.4430042,1,1,0.25,0,-0.5000561,0.4999638,0,-0.005473199,-0.003007055,0.5602229,-0.7639903,-0.1698286,0.6224765,1,1,0,0,-0.2499954,0.2500257,0,-0.003502519,3.427269E-05,0.4105612,-0.8895613,0.07688073,0.4502999,1,0.75,0.25,0,-6.496908E-05,0.5000088,0,-0.005441655,-0.0005960467,0.5927351,-0.7412593,0.2927837,0.6039971,1,0.5,0,0,-0.5000654,-3.293439E-05,0,-0.002408029,-0.003351527,0.3450521,-0.9585208,-0.2130821,0.1892985,1,1,0.5,0,-3.665362E-05,0.2499581,0,-0.003259448,-0.002046675,0.4625706,-0.8414967,0.3324051,0.4258993,1,0.5,0.25,0,0.25,0.5,0,0,0,0.6902101,-0.6805521,0.478907,0.5545239,0,0.25,0,0,-0.2500442,-3.852809E-06,0,-0.0004127623,-0.0009083939,0.3286088,-0.9775421,0.08442564,0.1930901,1,0.75,0.5,0,-0.4999841,-0.2499681,0,0.0028044,0.002779813,0.3346188,-0.9705029,-0.2156483,-0.1077954,1,1,0.75,0,0.25,0.25,0,0,0,0.5719608,-0.7556247,0.5317358,0.3824767,0,0.25,0.25,0,0.5,0.5,0,0,0,0.8281943,-0.6098505,0.6173795,0.4969153,0,0,0,0,0.5,0.25,0,0,0,0.723356,-0.6621131,0.6702873,0.3351437,0,0,0.25,0,-0.2499269,-0.2499761,0,0.003968181,-0.000663847,0.317989,-0.9902334,0.08566512,-0.1099968,1,0.75,0.75,0,-0.4999893,-0.5000095,0,0.000753999,-0.002256037,0.3967177,-0.9032943,-0.2007201,-0.3791712,1,1,1,0,-0.249996,-0.4999937,0,0.0004917385,0.0005126001,0.381247,-0.9191521,0.07943738,-0.3858097,1,0.75,1,0,-7.357938E-06,4.550493E-05,0,-0.0007886498,-8.193077E-05,0.3854998,-0.9147376,0.3613695,0.1807403,1,0.5,0.5,0,0.25,0,0,0,0,0.5032946,-0.8073401,0.5681282,0.1594746,0,0.25,0.5,0,0.5,0,0,0,0,0.663658,-0.6960808,0.7046744,0.1374974,0,0,0.5,0,-4.909853E-05,-0.2499971,0,-0.005336219,-0.0007890168,0.3755387,-0.9251447,0.3654332,-0.1027906,1,0.5,0.75,0,2.586819E-05,-0.499955,0,-0.000171843,0.0002250076,0.4349257,-0.866379,0.3423009,-0.3636172,1,0.5,1,0,0.25,-0.25,0,0,0,0.4945351,-0.8144509,0.5731321,-0.09049455,0,0.25,0.75,0,0.5,-0.25,0,0,0,0.6561142,-0.7006228,0.7092724,-0.07784698,0,0,0.75,0,0.25,-0.5,0,0,0,0.5471867,-0.773501,0.5443155,-0.3246794,0,0.25,1,0,0.5,-0.5,0,0,0,0.7017071,-0.6740411,0.6823626,-0.2829309,0,0,1
18,0,-0.2500485,0.4999315,0,-0.001721085,-0.002151729,0.5471404,-0.7735353,0.06680244,0.6302226,1,0.75,0,0,-0.5000291,0.2499846,0,0.001326204,-0.001830608,0.4255257,-0.8751783,-0.1945155,0.4429749,1,1,0.25,0,-0.4999793,0.4999243,0,0.003844501,-0.001975895,0.5601852,-0.7640175,-0.1697621,0.6224613,1,1,0,0,-0.2500365,0.250015,0,-0.002057851,-0.0005319717,0.4105532,-0.8895691,0.07683621,0.4502922,1,0.75,0.25,0,8.608054E-06,0.5000233,0,0.003678859,0.0007241967,0.5927655,-0.7412387,0.2928429,0.6039936,1,0.5,0,0,-0.5000249,-5.810517E-05,0,0.002026559,-0.00125854,0.3450387,-0.958536,-0.2130375,0.1892717,1,1,0.5,0,1.221015E-05,0.2499737,0,0.002443189,0.000778586,0.4625935,-0.8414767,0.3324479,0.4259053,1,0.5,0.25,0,0.25,0.5,0,0,0,0.6902101,-0.6805521,0.478907,0.5545239,0,0.25,0,0,-0.2500036,-9.311761E-06,0,0.002026559,-0.0002729477,0.3286112,-0.9775393,0.08447431,0.1930829,1,0.75,0.5,0,-0.4999944,-0.2499662,0,-0.0005140902,9.611253E-05,0.3346208,-0.9705006,-0.2156601,-0.1077929,1,1,0.75,0,0.25,0.25,0,0,0,0.5719608,-0.7556247,0.5317358,0.3824767,0,0.25,0.25,0,0.5,0.5,0,0,0,0.8281943,-0.6098505,0.6173795,0.4969153,0,0,0,0,0.5,0.25,0,0,0,0.723356,-0.6621131,0.6702873,0.3351437,0,0,0.25,0,-0.2500081,-0.2499681,0,-0.004063548,0.0004000963,0.3179811,-0.9902429,0.0855666,-0.109988,1,0.75,0.75,0,-0.5000197,-0.4999402,0,-0.001522899,0.003466011,0.3966975,-0.9033147,-0.2007586,-0.3791024,1,1,1,0,-0.249972,-0.4999987,0,0.001199544,-0.0002518297,0.3812509,-0.919148,0.07946426,-0.3858138,1,0.75,1,0,4.52834E-05,1.299803E-05,0,0.002632068,-0.001625346,0.3855129,-0.9147241,0.3614236,0.1807009,1,0.5,0.5,0,0.25,0,0,0,0,0.5032946,-0.8073401,0.5681282,0.1594746,0,0.25,0.5,0,0.5,0,0,0,0,0.663658,-0.6960808,0.7046744,0.1374974,0,0,0.5,0,-3.785764E-05,-0.2500309,0,0.0005620449,-0.001689047,0.3755463,-0.9251366,0.3654428,-0.1028283,1,0.5,0.75,0,2.988783E-05,-0.5000065,0,0.0002009821,-0.002573431,0.4349458,-0.8663604,0.3422978,-0.3636644,1,0.5,1,0,0.25,-0.25,0,0,0,0.4945351,-0.8144509,0.5731321,-0.09049455,0,0.25,0.75,0,0.5,-0.25,0,0,0,0.6561142,-0.7006228,0.7092724,-0.07784698,0,0,0.75,0,0.25,-0.5,0,0,0,0.5471867,-0.773501,0.5443155,-0.3246794,0,0.25,1,0,0.5,-0.5,0,0,0,0.7017071,-0.6740411,0.6823626,-0.2829309,0,0,1
19,0,-0.2499838,0.4999294,0,0.003232063,-0.0001072884,0.5471433,-0.773533,0.06686398,0.6302188,1,0.75,0,0,-0.4999369,0.2500396,0,0.004607441,0.00274852,0.4255322,-0.8751722,-0.1944146,0.4430312,1,1,0.25,0,-0.4999137,0.5000274,0,0.003278257,0.005152823,0.5602382,-0.7639793,-0.1696918,0.6225274,1,1,0,0,-0.2500367,0.2499525,0,-1.043082E-05,-0.003126265,0.4105251,-0.8895966,0.07683835,0.4502375,1,0.75,0.25,0,4.924927E-05,0.4999867,0,0.002032062,-0.001828373,0.5927552,-0.7412456,0.2928829,0.6039658,1,0.5,0,0,-0.4999618,-1.860453E-06,0,0.003157557,0.002812237,0.3450359,-0.9585391,-0.2129635,0.1893389,1,1,0.5,0,2.088103E-05,0.2499361,0,0.0004335441,-0.001877547,0.4625804,-0.8414882,0.3324615,0.4258721,1,0.5,0.25,0,0.25,0.5,0,0,0,0.6902101,-0.6805521,0.478907,0.5545239,0,0.25,0,0,-0.2500303,-6.293482E-05,0,-0.001333655,-0.002681154,0.3285986,-0.9775541,0.0844434,0.1930212,1,0.75,0.5,0,-0.5000075,-0.2499989,0,-0.000651181,-0.001638383,0.3346272,-0.9704933,-0.2156741,-0.1078313,1,1,0.75,0,0.25,0.25,0,0,0,0.5719608,-0.7556247,0.5317358,0.3824767,0,0.25,0.25,0,0.5,0.5,0,0,0,0.8281943,-0.6098505,0.6173795,0.4969153,0,0,0,0,0.5,0.25,0,0,0,0.723356,-0.6621131,0.6702873,0.3351437,0,0,0.25,0,-0.2499878,-0.2499892,0,0.00101775,-0.001052768,0.3179852,-0.990238,0.08559106,-0.1100132,1,0.75,0.75,0,-0.4999869,-0.5000008,0,0.001639128,-0.003027917,0.3967139,-0.9032981,-0.2007184,-0.3791631,1,1,1,0,-0.249984,-0.4999362,0,-0.0005990269,0.003127755,0.3812258,-0.9191742,0.07945292,-0.3857538,1,0.75,1,0,-4.592208E-06,-2.735453E-05,0,-0.002493781,-0.002017629,0.3854876,-0.9147502,0.3613776,0.1806605,1,0.5,0.5,0,0.25,0,0,0,0,0.5032946,-0.8073401,0.5681282,0.1594746,0,0.25,0.5,0,0.5,0,0,0,0,0.663658,-0.6960808,0.7046744,0.1374974,0,0,0.5,0,-5.060184E-05,-0.2499906,0,-0.0006372104,0.002013893,0.3755375,-0.925146,0.365432,-0.1027833,1,0.5,0.75,0,2.819392E-05,-0.5000627,0,-8.469546E-05,-0.00281036,0.4349656,-0.866342,0.3422887,-0.3637168,1,0.5,1,0,0.25,-0.25,0,0,0,0.4945351,-0.8144509,0.5731321,-0.09049455,0,0.25,0.75,0,0.5,-0.25,0,0,0,0.6561142,-0.7006228,0.7092724,-0.07784698,0,0,0.75,0,0.25,-0.5,0,0,0,0.5471867,-0.773501,0.5443155,-0.3246794,0,0.25,1,0,0.5,-0.5,0,0,0,0.7017071,-0.6740411,0.6823626,-0.2829309,0,0,1
20,0,-0.2500184,0.5000644,0,-0.001731516,0.006750229,0.5472261,-0.773472,0.06682564,0.6302978,1,0.75,0,0,-0.4999643,0.2500261,0,-0.001369417,-0.0006735328,0.4255315,-0.8751728,-0.1944443,0.4430169,1,1,0.25,0,-0.5000994,0.5000157,0,-0.009286407,-0.0005841258,0.5602624,-0.7639618,-0.1698631,0.6225022,1,1,0,0,-0.2500219,0.2500182,0,0.0007420781,0.003284217,0.4105558,-0.8895666,0.07685206,0.4502944,1,0.75,0.25,0,-3.746853E-05,0.4999756,0,-0.004335891,-0.0005587938,0.5927231,-0.7412674,0.2928121,0.6039732,1,0.5,0,0,-0.4999993,-2.31493E-05,0,-0.001876057,-0.001064443,0.3450398,-0.9585347,-0.2130069,0.1893128,1,1,0.5,0,3.586806E-05,0.2499803,0,0.0007493516,0.002206118,0.4626042,-0.8414674,0.3324688,0.4259074,1,0.5,0.25,0,0.25,0.5,0,0,0,0.6902101,-0.6805521,0.478907,0.5545239,0,0.25,0,0,-0.250023,1.551345E-05,0,0.0003635885,0.003922415,0.3286144,-0.9775355,0.08445057,0.1931122,1,0.75,0.5,0,-0.5000096,-0.2499545,0,-0.0001072884,0.002220274,0.3346229,-0.9704982,-0.2156778,-0.1077787,1,1,0.75,0,0.25,0.25,0,0,0,0.5719608,-0.7556247,0.5317358,0.3824767,0,0.25,0.25,0,0.5,0.5,0,0,0,0.8281943,-0.6098505,0.6173795,0.4969153,0,0,0,0,0.5,0.25,0,0,0,0.723356,-0.6621131,0.6702873,0.3351437,0,0,0.25,0,-0.2499673,-0.2500176,0,0.00102371,-0.001422316,0.3179901,-0.9902321,0.08561557,-0.1100474,1,0.75,0.75,0,-0.4999918,-0.5000078,0,-0.0002413989,-0.0003516675,0.3967175,-0.9032944,-0.2007229,-0.3791693,1,1,1,0,-0.250025,-0.5000039,0,-0.00204742,-0.003385545,0.3812487,-0.9191504,0.0794044,-0.3858206,1,0.75,1,0,1.938299E-05,3.705923E-05,0,0.001198761,0.003220689,0.3855079,-0.9147293,0.3613964,0.1807291,1,0.5,0.5,0,0.25,0,0,0,0,0.5032946,-0.8073401,0.5681282,0.1594746,0,0.25,0.5,0,0.5,0,0,0,0,0.663658,-0.6960808,0.7046744,0.1374974,0,0,0.5,0,-5.325721E-06,-0.2499962,0,0.002263807,-0.000280887,0.3755546,-0.9251279,0.3654765,-0.1027877,1,0.5,0.75,0,1.255052E-05,-0.4999807,0,-0.0007821704,0.004097821,0.4349304,-0.8663746,0.3422849,-0.3636428,1,0.5,1,0,0.25,-0.25,0,0,0,0.4945351,-0.8144509,0.5731321,-0.09049455,0,0.25,0.75,0,0.5,-0.25,0,0,0,0.6561142,-0.7006228,0.7092724,-0.07784698,0,0,0.75,0,0.25,-0.5,0,0,0,0.5471867,-0.773501,0.5443155,-0.3246794,0,0.25,1,0,0.5,-0.5,0,0,0,0.7017071,-0.6740411,0.6823626,-0.2829309,0,0,1
21,0,-0.2499788,0.4999981,0,0.001984835,-0.00331402,0.5471869,-0.7735009,0.06686604,0.6302581,1,0.75,0,0,-0.5000365,0.250038,0,-0.003607573,0.0005915763,0.4255508,-0.8751546,-0.1945182,0.4430205,1,1,0.25,0,-0.5000052,0.5000471,0,0.004708769,0.001570583,0.560266,-0.7639592,-0.1697737,0.6225297,1,1,0,0,-0.2500207,0.2500619,0,6.109478E-05,0.002186001,0.4105756,-0.8895473,0.07685173,0.4503326,1,0.75,0.25,0,2.12253E-05,0.4999999,0,0.002934693,0.001218915,0.5927551,-0.7412457,0.2928572,0.6039779,1,0.5,0,0,-0.5000256,-1.188479E-05,0,-0.001314283,0.0005632255,0.3450476,-0.9585259,-0.213036,0.1893244,1,1,0.5,0,4.831481E-06,0.249942,0,-0.001551829,-0.001915545,0.4625775,-0.8414907,0.3324458,0.4258794,1,0.5,0.25,0,0.25,0.5,0,0,0,0.6902101,-0.6805521,0.478907,0.5545239,0,0.25,0,0,-0.2499918,2.614682E-05,0,0.001559407,0.0005316689,0.3286191,-0.97753,0.08448773,0.1931239,1,0.75,0.5,0,-0.5000219,-0.2499786,0,-0.0006139281,-0.001204014,0.3346281,-0.9704921,-0.2156911,-0.1078068,1,1,0.75,0,0.25,0.25,0,0,0,0.5719608,-0.7556247,0.5317358,0.3824767,0,0.25,0.25,0,0.5,0.5,0,0,0,0.8281943,-0.6098505,0.6173795,0.4969153,0,0,0,0,0.5,0.25,0,0,0,0.723356,-0.6621131,0.6702873,0.3351437,0,0,0.25,0,-0.2500016,-0.2500068,0,-0.001715124,0.0005409124,0.317986,-0.9902371,0.08557407,-0.1100347,1,0.75,0.75,0,-0.4999598,-0.5000257,0,0.001597405,-0.0008970503,0.396718,-0.903294,-0.2006872,-0.3791892,1,1,1,0,-0.2499768,-0.4999936,0,0.002407284,0.0005155804,0.3812485,-0.9191505,0.07945905,-0.385809,1,0.75,1,0,-4.067417E-05,2.330118E-05,0,-0.003002859,-0.0006879026,0.3854837,-0.9147542,0.3613384,0.1807185,1,0.5,0.5,0,0.25,0,0,0,0,0.5032946,-0.8073401,0.5681282,0.1594746,0,0.25,0.5,0,0.5,0,0,0,0,0.663658,-0.6960808,0.7046744,0.1374974,0,0,0.5,0,1.817296E-05,-0.2499854,0,0.001174935,0.0005431476,0.3755621,-0.9251199,0.3655002,-0.1027744,1,0.5,0.75,0,5.927587E-05,-0.4999854,0,0.002336268,-0.0002339483,0.4349481,-0.8663582,0.3423284,-0.3636409,1,0.5,1,0,0.25,-0.25,0,0,0,0.4945351,-0.8144509,0.5731321,-0.09049455,0,0.25,0.75,0,0.5,-0.25,0,0,0,0.6561142,-0.7006228,0.7092724,-0.07784698,0,0,0.75,0,0.25,-0.5,0,0,0,0.5471867,-0.773501,0.5443155,-0.3246794,0,0.25,1,0,0.5,-0.5,0,0,0,0.7017071,-0.6740411,0.6823626,-0.2829309,0,0,1
22,0,-0.2499698,0.499994,0,0.0004455449,-0.0002056361,0.5471849,-0.7735023,0.06687468,0.6302555,1,0.75,0,0,-0.4999031,0.2500333,0,0.006671253,-0.0002324582,0.4255228,-0.875181,-0.1943799,0.4430289,1,1,0.25,0,-0.4999929,0.4999639,0,0.0006154182,-0.004157426,0.5602123,-0.763998,-0.1697707,0.6224829,1,1,0,0,-0.2500047,0.2500115,0,0.0007972124,-0.002519787,0.4105541,-0.8895682,0.07687105,0.4502879,1,0.75,0.25,0,8.369873E-05,0.4999912,0,0.003123672,-0.0004380943,0.592768,-0.741237,0.2929109,0.6039628,1,0.5,0,0,-0.4999616,-9.835105E-06,0,0.003200771,0.0001024845,0.3450343,-0.958541,-0.2129636,0.1893298,1,1,0.5,0,1.863232E-05,0.2499512,0,0.000690042,0.0004626812,0.462586,-0.8414832,0.3324572,0.4258853,1,0.5,0.25,0,0.25,0.5,0,0,0,0.6902101,-0.6805521,0.478907,0.5545239,0,0.25,0,0,-0.2499532,-3.676505E-07,0,0.001933426,-0.001325724,0.3286172,-0.9775323,0.08453459,0.1930923,1,0.75,0.5,0,-0.4999976,-0.2499848,0,0.001211465,-0.0003106893,0.3346235,-0.9704975,-0.2156633,-0.1078149,1,1,0.75,0,0.25,0.25,0,0,0,0.5719608,-0.7556247,0.5317358,0.3824767,0,0.25,0.25,0,0.5,0.5,0,0,0,0.8281943,-0.6098505,0.6173795,0.4969153,0,0,0,0,0.5,0.25,0,0,0,0.723356,-0.6621131,0.6702873,0.3351437,0,0,0.25,0,-0.2499766,-0.250048,0,0.001249463,-0.002057851,0.3179926,-0.990229,0.08560392,-0.1100841,1,0.75,0.75,0,-0.4999757,-0.4999865,0,-0.0007957223,0.001963974,0.3967062,-0.9033059,-0.2007076,-0.3791503,1,1,1,0,-0.2499787,-0.4999919,0,-9.387735E-05,8.344654E-05,0.3812477,-0.9191514,0.07945698,-0.3858074,1,0.75,1,0,6.749029E-05,5.114156E-05,0,0.005408225,0.001392019,0.3855278,-0.9147087,0.3614426,0.1807409,1,0.5,0.5,0,0.25,0,0,0,0,0.5032946,-0.8073401,0.5681282,0.1594746,0,0.25,0.5,0,0.5,0,0,0,0,0.663658,-0.6960808,0.7046744,0.1374974,0,0,0.5,0,5.554228E-05,-0.2499531,0,0.001868466,0.001615286,0.3755724,-0.9251091,0.3655386,-0.1027363,1,0.5,0.75,0,5.221661E-05,-0.4999592,0,-0.0003529628,0.001309813,0.4349362,-0.8663692,0.3423252,-0.3636176,1,0.5,1,0,0.25,-0.25,0,0,0,0.4945351,-0.8144509,0.5731321,-0.09049455,0,0.25,0.75,0,0.5,-0.25,0,0,0,0.6561142,-0.7006228,0.7092724,-0.07784698,0,0,0.75,0,0.25,-0.5,0,0,0,0.5471867,-0.773501,0.5443155,-0.3246794,0,0.25,1,0,0.5,-0.5,0,0,0,0.7017071,-0.6740411,0.6823626,-0.2829309,0,0,1
23,0,-0.2500096,0.4999729,0,-0.001986325,-0.001056493,0.547169,-0.7735142,0.06683776,0.6302449,1,0.75,0,0,-0.4999637,0.2500199,0,-0.003032387,-0.0006705525,0.4255286,-0.8751755,-0.1944442,0.4430116,1,1,0.25,0,-0.4999348,0.5000359,0,0.002905728,0.003597142,0.5602471,-0.7639729,-0.1697103,0.6225302,1,1,0,0,-0.2499655,0.2500006,0,0.001960994,-0.0005438926,0.4105522,-0.8895701,0.07691429,0.4502769,1,0.75,0.25,0,3.813577E-05,0.4999998,0,-0.002278149,0.0004321338,0.5927598,-0.7412425,0.2928714,0.6039752,1,0.5,0,0,-0.5000232,-3.435341E-05,0,-0.003081561,-0.001225916,0.3450428,-0.9585313,-0.2130344,0.1892989,1,1,0.5,0,5.511676E-05,0.2499557,0,0.001824223,0.0002242626,0.4626001,-0.8414709,0.3324902,0.4258837,1,0.5,0.25,0,0.25,0.5,0,0,0,0.6902101,-0.6805521,0.478907,0.5545239,0,0.25,0,0,-0.2499976,-2.155987E-05,0,-0.002221764,-0.001059611,0.3286093,-0.9775414,0.08448176,0.1930686,1,0.75,0.5,0,-0.4999839,-0.2499783,0,0.0006854537,0.0003285707,0.3346199,-0.9705017,-0.2156478,-0.1078075,1,1,0.75,0,0.25,0.25,0,0,0,0.5719608,-0.7556247,0.5317358,0.3824767,0,0.25,0.25,0,0.5,0.5,0,0,0,0.8281943,-0.6098505,0.6173795,0.4969153,0,0,0,0,0.5,0.25,0,0,0,0.723356,-0.6621131,0.6702873,0.3351437,0,0,0.25,0,-0.2500219,-0.2500514,0,-0.002262742,-0.0001713634,0.3179891,-0.9902332,0.08554896,-0.1100888,1,0.75,0.75,0,-0.5000319,-0.5000359,0,-0.00280738,-0.002470613,0.3967363,-0.9032756,-0.2007635,-0.3791927,1,1,1,0,-0.2499731,-0.5000128,0,0.0002786518,-0.001046062,0.3812562,-0.9191424,0.07946254,-0.3858274,1,0.75,1,0,-3.562982E-05,-1.527895E-05,0,-0.005156008,-0.003321026,0.3854786,-0.9147596,0.3613462,0.180676,1,0.5,0.5,0,0.25,0,0,0,0,0.5032946,-0.8073401,0.5681282,0.1594746,0,0.25,0.5,0,0.5,0,0,0,0,0.663658,-0.6960808,0.7046744,0.1374974,0,0,0.5,0,-3.372428E-05,-0.2499567,0,-0.004463329,-0.0001810492,0.3755402,-0.9251431,0.3654501,-0.1027442,1,0.5,0.75,0,-1.305706E-05,-0.4999891,0,-0.003263685,-0.001491607,0.4349247,-0.8663799,0.3422596,-0.363654,1,0.5,1,0,0.25,-0.25,0,0,0,0.4945351,-0.8144509,0.5731321,-0.09049455,0,0.25,0.75,0,0.5,-0.25,0,0,0,0.6561142,-0.7006228,0.7092724,-0.07784698,0,0,0.75,0,0.25,-0.5,0,0,0,0.5471867,-0.773501,0.5443155,-0.3246794,0,0.25,1,0,0.5,-0.5,0,0,0,0.7017071,-0.6740411,0.6823626,-0.2829309,0,0,1
24,0,-0.2499322,0.4999669,0,0.003869833,-0.0002965332,0.5471704,-0.7735131,0.06691158,0.6302384,1,0.75,0,0,-0.4999914,0.2500319,0,-0.001384318,0.0005975368,0.4255393,-0.8751654,-0.1944719,0.4430194,1,1,0.25,0,-0.4998975,0.500054,0,0.001868606,0.0009059909,0.5602521,-0.7639692,-0.1696742,0.6225444,1,1,0,0,-0.2500061,0.2500192,0,-0.002029539,0.0009268526,0.4105574,-0.889565,0.07686926,0.4502947,1,0.75,0.25,0,0.000108162,0.4999449,0,0.003501314,-0.002747775,0.5927472,-0.7412511,0.2929389,0.6039319,1,0.5,0,0,-0.5000555,-2.696288E-05,0,-0.001615286,0.0003695266,0.3450511,-0.9585219,-0.2130705,0.1893058,1,1,0.5,0,1.474203E-05,0.2499374,0,-0.002018737,-0.0009134415,0.4625789,-0.8414895,0.3324556,0.4258741,1,0.5,0.25,0,0.25,0.5,0,0,0,0.6902101,-0.6805521,0.478907,0.5545239,0,0.25,0,0,-0.2500349,-3.000413E-05,0,-0.001862646,-0.0004222133,0.3286046,-0.9775471,0.08443729,0.1930595,1,0.75,0.5,0,-0.5000349,-0.2499464,0,-0.002546609,0.001594425,0.3346274,-0.970493,-0.2157069,-0.1077683,1,1,0.75,0,0.25,0.25,0,0,0,0.5719608,-0.7556247,0.5317358,0.3824767,0,0.25,0.25,0,0.5,0.5,0,0,0,0.8281943,-0.6098505,0.6173795,0.4969153,0,0,0,0,0.5,0.25,0,0,0,0.723356,-0.6621131,0.6702873,0.3351437,0,0,0.25,0,-0.2499871,-0.2499758,0,0.001737476,0.003782661,0.3179837,-0.9902397,0.085592,-0.109997,1,0.75,0.75,0,-0.4999303,-0.5000064,0,0.005081298,0.001472235,0.3967047,-0.9033074,-0.2006572,-0.3791733,1,1,1,0,-0.2499474,-0.5000182,0,0.001284481,-0.0002712013,0.3812603,-0.9191381,0.07949132,-0.3858318,1,0.75,1,0,1.289732E-05,9.821035E-06,0,0.002426358,0.001255,0.3855007,-0.9147367,0.3613921,0.1806998,1,0.5,0.5,0,0.25,0,0,0,0,0.5032946,-0.8073401,0.5681282,0.1594746,0,0.25,0.5,0,0.5,0,0,0,0,0.663658,-0.6960808,0.7046744,0.1374974,0,0,0.5,0,4.370257E-05,-0.2500215,0,0.003871344,-0.003239514,0.3755751,-0.9251062,0.365524,-0.1028141,1,0.5,0.75,0,7.753549E-05,-0.4999629,0,0.004529629,0.001309813,0.4349462,-0.86636,0.3423486,-0.3636176,1,0.5,1,0,0.25,-0.25,0,0,0,0.4945351,-0.8144509,0.5731321,-0.09049455,0,0.25,0.75,0,0.5,-0.25,0,0,0,0.6561142,-0.7006228,0.7092724,-0.07784698,0,0,0.75,0,0.25,-0.5,0,0,0,0.5471867,-0.773501,0.5443155,-0.3246794,0,0.25,1,0,0.5,-0.5,0,0,0,0.7017071,-0.6740411,0.6823626,-0.2829309,0,0,1
25,0,-0.2500113,0.4999837,0,-0.00395477,0.0008389357,0.5471756,-0.7735092,0.06683571,0.6302512,1,0.75,0,0,-0.4999071,0.2499804,0,0.00421554,-0.002573431,0.4255001,-0.8752025,-0.194389,0.4429826,1,1,0.25,0,-0.499942,0.4999881,0,-0.002227725,-0.003294648,0.5602186,-0.7639934,-0.1697216,0.6225019,1,1,0,0,-0.2499813,0.2499656,0,0.001242012,-0.00267625,0.4105353,-0.8895866,0.07689842,0.4502468,1,0.75,0.25,0,4.47529E-05,0.4999765,0,-0.003170458,0.001582504,0.5927477,-0.7412507,0.2928807,0.6039605,1,0.5,0,0,-0.5000226,-5.885475E-05,0,0.001642109,-0.001594594,0.3450381,-0.9585367,-0.213035,0.1892709,1,1,0.5,0,2.868954E-05,0.2499502,0,0.0006973757,0.000638515,0.462589,-0.8414807,0.3324666,0.4258829,1,0.5,0.25,0,0.25,0.5,0,0,0,0.6902101,-0.6805521,0.478907,0.5545239,0,0.25,0,0,-0.2499963,1.75361E-05,0,0.001926721,0.002377013,0.328617,-0.9775324,0.08448253,0.193114,1,0.75,0.5,0,-0.5000206,-0.2500278,0,0.0007122758,-0.004073234,0.3346331,-0.9704863,-0.2156883,-0.1078652,1,1,0.75,0,0.25,0.25,0,0,0,0.5719608,-0.7556247,0.5317358,0.3824767,0,0.25,0.25,0,0.5,0.5,0,0,0,0.8281943,-0.6098505,0.6173795,0.4969153,0,0,0,0,0.5,0.25,0,0,0,0.723356,-0.6621131,0.6702873,0.3351437,0,0,0.25,0,-0.2500177,-0.2499435,0,-0.00152737,0.001613051,0.3179776,-0.9902471,0.0855553,-0.1099584,1,0.75,0.75,0,-0.4999357,-0.4999794,0,-0.0002697111,0.001350046,0.3966956,-0.9033166,-0.2006653,-0.379147,1,1,1,0,-0.2499653,-0.4999868,0,-0.000893325,0.001570583,0.3812468,-0.9191523,0.07947227,-0.3858021,1,0.75,1,0,2.89694E-05,-1.616648E-05,0,0.0008036041,-0.001299376,0.3855017,-0.9147356,0.3614098,0.1806703,1,0.5,0.5,0,0.25,0,0,0,0,0.5032946,-0.8073401,0.5681282,0.1594746,0,0.25,0.5,0,0.5,0,0,0,0,0.663658,-0.6960808,0.7046744,0.1374974,0,0,0.5,0,-8.232387E-06,-0.2500353,0,-0.002596749,-0.0006929043,0.3755576,-0.9251248,0.365472,-0.102832,1,0.5,0.75,0,4.326273E-05,-0.5000106,0,-0.001713638,-0.002384187,0.4349518,-0.8663548,0.3423099,-0.3636664,1,0.5,1,0,0.25,-0.25,0,0,0,0.4945351,-0.8144509,0.5731321,-0.09049455,0,0.25,0.75,0,0.5,-0.25,0,0,0,0.6561142,-0.7006228,0.7092724,-0.07784698,0,0,0.75,0,0.25,-0.5,0,0,0,0.5471867,-0.773501,0.5443155,-0.3246794,0,0.25,1,0,0.5,-0.5,0,0,0,0.7017071,-0.6740411,0.6823626,-0.2829309,0,0,1
26,0,-0.2500357,0.5000448,0,-0.001223386,0.003056229,0.5472126,-0.7734819,0.06680999,0.6302873,1,0.75,0,0,-0.4999968,0.2500421,0,-0.004486741,0.003087522,0.4255449,-0.8751601,-0.1944766,0.4430278,1,1,0.25,0,-0.500038,0.4999605,0,-0.004801156,-0.001381338,0.5602177,-0.763994,-0.1698123,0.6224764,1,1,0,0,-0.2500281,0.2499733,0,-0.002341718,0.00038296,0.4105351,-0.8895868,0.076847,0.4502553,1,0.75,0.25,0,1.285159E-05,0.5000129,0,-0.001595066,0.001820923,0.5927604,-0.7412421,0.2928481,0.6039869,1,0.5,0,0,-0.4999464,2.62055E-05,0,0.003811718,0.004253014,0.3450379,-0.9585369,-0.2129448,0.1893716,1,1,0.5,0,2.869208E-05,0.2499837,0,1.269655E-07,0.001677126,0.4626033,-0.8414682,0.3324617,0.4259115,1,0.5,0.25,0,0.25,0.5,0,0,0,0.6902101,-0.6805521,0.478907,0.5545239,0,0.25,0,0,-0.2499501,-3.509353E-06,0,0.002312661,-0.001052273,0.3286169,-0.9775326,0.08453836,0.1930886,1,0.75,0.5,0,-0.5000023,-0.2500245,0,0.0009149316,0.0001668931,0.3346288,-0.9704913,-0.2156675,-0.1078617,1,1,0.75,0,0.25,0.25,0,0,0,0.5719608,-0.7556247,0.5317358,0.3824767,0,0.25,0.25,0,0.5,0.5,0,0,0,0.8281943,-0.6098505,0.6173795,0.4969153,0,0,0,0,0.5,0.25,0,0,0,0.723356,-0.6621131,0.6702873,0.3351437,0,0,0.25,0,-0.2499527,-0.2499723,0,0.003249945,-0.001440198,0.3179863,-0.9902366,0.08563385,-0.1099924,1,0.75,0.75,0,-0.499987,-0.5000464,0,-0.002565981,-0.003346802,0.3967312,-0.9032807,-0.2007145,-0.3792066,1,1,1,0,-0.2499885,-0.5000173,0,-0.001160801,-0.001525879,0.3812567,-0.9191419,0.07944503,-0.3858324,1,0.75,1,0,8.016373E-05,3.167196E-05,0,0.002559718,0.002391923,0.3855289,-0.9147075,0.3614565,0.1807187,1,0.5,0.5,0,0.25,0,0,0,0,0.5032946,-0.8073401,0.5681282,0.1594746,0,0.25,0.5,0,0.5,0,0,0,0,0.663658,-0.6960808,0.7046744,0.1374974,0,0,0.5,0,-3.65346E-05,-0.2500083,0,-0.001415111,0.001350046,0.3755445,-0.9251386,0.3654451,-0.1028027,1,0.5,0.75,0,5.354698E-05,-0.5000246,0,0.0005142127,-0.0007033351,0.4349604,-0.8663468,0.3423178,-0.3636781,1,0.5,1,0,0.25,-0.25,0,0,0,0.4945351,-0.8144509,0.5731321,-0.09049455,0,0.25,0.75,0,0.5,-0.25,0,0,0,0.6561142,-0.7006228,0.7092724,-0.07784698,0,0,0.75,0,0.25,-0.5,0,0,0,0.5471867,-0.773501,0.5443155,-0.3246794,0,0.25,1,0,0.5,-0.5,0,0,0,0.7017071,-0.6740411,0.6823626,-0.2829309,0,0,1
27,0,-0.2499809,0.5000275,0,0.002743305,-0.0008642677,0.5472053,-0.7734873,0.06686284,0.6302751,1,0.75,0,0,-0.4999855,0.2500391,0,0.0005632641,-0.000153482,0.4255414,-0.8751634,-0.1944652,0.4430262,1,1,0.25,0,-0.4999535,0.5000447,0,0.004224481,0.00421107,0.5602558,-0.7639666,-0.1697265,0.6225334,1,1,0,0,-0.2499628,0.2499811,0,0.003264101,0.0003896655,0.4105436,-0.8895785,0.07691798,0.4502597,1,0.75,0.25,0,4.255559E-05,0.5000007,0,0.001485201,-0.0006139281,0.5927618,-0.7412412,0.292875,0.6039749,1,0.5,0,0,-0.4999293,-1.122487E-05,0,0.000855327,-0.001871519,0.3450272,-0.958549,-0.2129273,0.1893297,1,1,0.5,0,8.230729E-05,0.2500603,0,0.002680762,0.003825875,0.4626537,-0.8414241,0.3325,0.4259686,1,0.5,0.25,0,0.25,0.5,0,0,0,0.6902101,-0.6805521,0.478907,0.5545239,0,0.25,0,0,-0.2499832,3.248993E-05,0,-0.001657755,0.001799965,0.328621,-0.9775277,0.08449793,0.1931311,1,0.75,0.5,0,-0.5000015,-0.2499958,0,3.874303E-05,0.001437218,0.3346255,-0.9704951,-0.2156674,-0.1078277,1,1,0.75,0,0.25,0.25,0,0,0,0.5719608,-0.7556247,0.5317358,0.3824767,0,0.25,0.25,0,0.5,0.5,0,0,0,0.8281943,-0.6098505,0.6173795,0.4969153,0,0,0,0,0.5,0.25,0,0,0,0.723356,-0.6621131,0.6702873,0.3351437,0,0,0.25,0,-0.2499579,-0.249958,0,-0.0002622606,0.0007167461,0.3179843,-0.9902391,0.08562765,-0.1099752,1,0.75,0.75,0,-0.5000103,-0.5000417,0,-0.001166761,0.0002324582,0.3967341,-0.9032778,-0.2007399,-0.3792002,1,1,1,0,-0.250021,-0.4999838,0,-0.001621247,0.001674891,0.3812412,-0.9191581,0.07940964,-0.3858011,1,0.75,1,0,4.294044E-05,4.657666E-05,0,-0.001861165,0.0007452355,0.3855181,-0.9147187,0.3614188,0.1807378,1,0.5,0.5,0,0.25,0,0,0,0,0.5032946,-0.8073401,0.5681282,0.1594746,0,0.25,0.5,0,0.5,0,0,0,0,0.663658,-0.6960808,0.7046744,0.1374974,0,0,0.5,0,-5.452495E-05,-0.2499973,0,-0.0008995177,0.0005528333,0.3755367,-0.9251468,0.3654278,-0.102791,1,0.5,0.75,0,2.740059E-05,-0.5000048,0,-0.00130732,0.0009894375,0.4349443,-0.8663618,0.3422957,-0.3636632,1,0.5,1,0,0.25,-0.25,0,0,0,0.4945351,-0.8144509,0.5731321,-0.09049455,0,0.25,0.75,0,0.5,-0.25,0,0,0,0.6561142,-0.7006228,0.7092724,-0.07784698,0,0,0.75,0,0.25,-0.5,0,0,0,0.5471867,-0.773501,0.5443155,-0.3246794,0,0.25,1,0,0.5,-0.5,0,0,0,0.7017071,-0.6740411,0.6823626,-0.2829309,0,0,1
28,0,-0.2499957,0.5000413,0,-0.0007398429,0.0006884339,0.5472131,-0.7734815,0.06684822,0.6302837,1,0.75,0,0,-0.499963,0.2500397,0,0.001125038,3.278257E-05,0.4255373,-0.8751673,-0.1944417,0.4430289,1,1,0.25,0,-0.4999816,0.5000752,0,-0.0014022,0.001525879,0.5602795,-0.7639495,-0.1697492,0.6225483,1,1,0,0,-0.2499892,0.2500409,0,-0.001319498,0.002991409,0.4105685,-0.8895541,0.07688688,0.4503131,1,0.75,0.25,0,8.462452E-06,0.5000403,0,-0.001704658,0.001981855,0.5927756,-0.7412318,0.2928401,0.6040035,1,0.5,0,0,-0.5000287,6.057901E-05,0,-0.004971029,0.003590195,0.345062,-0.9585096,-0.2130361,0.1894069,1,1,0.5,0,3.515409E-05,0.2499892,0,-0.002357661,-0.003553183,0.4626077,-0.8414643,0.3324668,0.4259151,1,0.5,0.25,0,0.25,0.5,0,0,0,0.6902101,-0.6805521,0.478907,0.5545239,0,0.25,0,0,-0.2499459,3.391109E-06,0,0.001867861,-0.001454942,0.3286185,-0.9775307,0.08454327,0.1930966,1,0.75,0.5,0,-0.4999322,-0.2500334,0,0.003468992,-0.001881272,0.3346146,-0.9705078,-0.2155871,-0.1078742,1,1,0.75,0,0.25,0.25,0,0,0,0.5719608,-0.7556247,0.5317358,0.3824767,0,0.25,0.25,0,0.5,0.5,0,0,0,0.8281943,-0.6098505,0.6173795,0.4969153,0,0,0,0,0.5,0.25,0,0,0,0.723356,-0.6621131,0.6702873,0.3351437,0,0,0.25,0,-0.2499777,-0.2499311,0,-0.0009886924,0.001345575,0.3179796,-0.9902447,0.08560397,-0.1099429,1,0.75,0.75,0,-0.4999697,-0.5000519,0,0.002031029,-0.0005066397,0.3967298,-0.9032821,-0.2006956,-0.3792133,1,1,1,0,-0.2499474,-0.4999603,0,0.003679098,0.001175702,0.381238,-0.9191615,0.07949343,-0.3857759,1,0.75,1,0,1.551476E-05,4.834596E-05,0,-0.001371285,8.846477E-05,0.3855085,-0.9147286,0.3613918,0.1807417,1,0.5,0.5,0,0.25,0,0,0,0,0.5032946,-0.8073401,0.5681282,0.1594746,0,0.25,0.5,0,0.5,0,0,0,0,0.663658,-0.6960808,0.7046744,0.1374974,0,0,0.5,0,-4.27028E-05,-0.250003,0,0.0005911074,-0.0002846123,0.3755417,-0.9251416,0.3654392,-0.1027969,1,0.5,0.75,0,8.055402E-05,-0.4999467,0,0.002657672,0.002905728,0.4349414,-0.8663645,0.3423536,-0.3636022,1,0.5,1,0,0.25,-0.25,0,0,0,0.4945351,-0.8144509,0.5731321,-0.09049455,0,0.25,0.75,0,0.5,-0.25,0,0,0,0.6561142,-0.7006228,0.7092724,-0.07784698,0,0,0.75,0,0.25,-0.5,0,0,0,0.5471867,-0.773501,0.5443155,-0.3246794,0,0.25,1,0,0.5,-0.5,0,0,0,0.7017071,-0.6740411,0.6823626,-0.2829309,0,0,1
29,0,-0.2500298,0.5000102,0,-0.001708419,-0.001555682,0.5471911,-0.7734978,0.06681699,0.6302672,1,0.75,0,0,-0.4999096,0.2500187,0,0.002671779,-0.001053513,0.4255176,-0.875186,-0.1943881,0.4430155,1,1,0.25,0,-0.5000119,0.5000341,0,-0.001516939,-0.002056361,0.5602591,-0.7639642,-0.1697811,0.6225215,1,1,0,0,-0.2499777,0.2500127,0,0.0005759301,-0.001411141,0.4105567,-0.8895656,0.07690053,0.4502879,1,0.75,0.25,0,-1.924504E-05,0.499976,0,-0.001385375,-0.003215672,0.5927287,-0.7412636,0.2928272,0.6039706,1,0.5,0,0,-0.4999872,-4.062334E-05,0,0.002074243,-0.00506012,0.345034,-0.9585413,-0.2129941,0.1892934,1,1,0.5,0,3.591255E-05,0.2499543,0,3.792303E-05,-0.001746417,0.4625931,-0.8414771,0.3324727,0.4258853,1,0.5,0.25,0,0.25,0.5,0,0,0,0.6902101,-0.6805521,0.478907,0.5545239,0,0.25,0,0,-0.2500182,1.735125E-05,0,-0.003616513,0.0006980072,0.3286151,-0.9775347,0.08445632,0.1931142,1,0.75,0.5,0,-0.499904,-0.2500025,0,0.00140667,0.001543761,0.3346053,-0.9705186,-0.2155558,-0.1078384,1,1,0.75,0,0.25,0.25,0,0,0,0.5719608,-0.7556247,0.5317358,0.3824767,0,0.25,0.25,0,0.5,0.5,0,0,0,0.8281943,-0.6098505,0.6173795,0.4969153,0,0,0,0,0.5,0.25,0,0,0,0.723356,-0.6621131,0.6702873,0.3351437,0,0,0.25,0,-0.2498824,-0.2500252,0,0.004763903,-0.004705044,0.3179982,-0.9902223,0.08571851,-0.1100554,1,0.75,0.75,0,-0.5000053,-0.4999726,0,-0.001780689,0.00396073,0.3967069,-0.9033052,-0.2007404,-0.3791346,1,1,1,0,-0.2500126,-0.5000077,0,-0.003260375,-0.002370776,0.3812511,-0.9191478,0.07941825,-0.3858239,1,0.75,1,0,2.352391E-05,1.327593E-06,0,0.0004004576,-0.002350919,0.3855029,-0.9147344,0.3614031,0.1806898,1,0.5,0.5,0,0.25,0,0,0,0,0.5032946,-0.8073401,0.5681282,0.1594746,0,0.25,0.5,0,0.5,0,0,0,0,0.663658,-0.6960808,0.7046744,0.1374974,0,0,0.5,0,-7.787348E-06,-0.2500084,0,0.001745773,-0.0002712013,0.375555,-0.9251275,0.3654736,-0.1028015,1,0.5,0.75,0,-5.525536E-05,-0.499989,0,-0.006790472,-0.002114476,0.4349102,-0.8663933,0.3422197,-0.3636595,1,0.5,1,0,0.25,-0.25,0,0,0,0.4945351,-0.8144509,0.5731321,-0.09049455,0,0.25,0.75,0,0.5,-0.25,0,0,0,0.6561142,-0.7006228,0.7092724,-0.07784698,0,0,0.75,0,0.25,-0.5,0,0,0,0.5471867,-0.773501,0.5443155,-0.3246794,0,0.25,1,0,0.5,-0.5,0,0,0,0.7017071,-0.6740411,0.6823626,-0.2829309,0,0,1
30,0,-0.2500376,0.5000197,0,-0.0003859402,0.0004738571,0.5471966,-0.7734937,0.06680927,0.6302729,1,0.75,0,0,-0.4999453,0.2499976,0,-0.00178516,-0.001055003,0.4255152,-0.8751882,-0.1944272,0.4429939,1,1,0.25,0,-0.4999537,0.4999826,0,0.002910198,-0.002573431,0.5602171,-0.7639945,-0.1697329,0.6224976,1,1,0,0,-0.2500004,0.2500023,0,-0.001136214,-0.0005200508,0.4105503,-0.889572,0.07687612,0.4502797,1,0.75,0.25,0,-9.876551E-06,0.5000207,0,0.0004684246,0.002238155,0.5927584,-0.7412434,0.2928279,0.6039951,1,0.5,0,0,-0.4999495,-1.94752E-05,0,0.001886488,0.001057408,0.34503,-0.9585459,-0.2129505,0.1893193,1,1,0.5,0,5.580952E-06,0.2499681,0,-0.001516581,0.0006921592,0.4625889,-0.8414807,0.3324426,0.4259016,1,0.5,0.25,0,0.25,0.5,0,0,0,0.6902101,-0.6805521,0.478907,0.5545239,0,0.25,0,0,-0.250021,-4.773657E-05,0,-0.0001370907,-0.003254392,0.3286023,-0.9775498,0.08445431,0.1930386,1,0.75,0.5,0,-0.5000141,-0.2500506,0,-0.005504491,-0.002403558,0.3346342,-0.970485,-0.2156803,-0.1078923,1,1,0.75,0,0.25,0.25,0,0,0,0.5719608,-0.7556247,0.5317358,0.3824767,0,0.25,0.25,0,0.5,0.5,0,0,0,0.8281943,-0.6098505,0.6173795,0.4969153,0,0,0,0,0.5,0.25,0,0,0,0.723356,-0.6621131,0.6702873,0.3351437,0,0,0.25,0,-0.2499895,-0.2499553,0,-0.005354735,0.003492089,0.3179813,-0.9902427,0.08558934,-0.1099723,1,0.75,0.75,0,-0.4999111,-0.5000556,0,0.004708769,-0.004148485,0.3967195,-0.9032925,-0.2006326,-0.3792218,1,1,1,0,-0.2499291,-0.5000039,0,0.004172327,0.0001907349,0.3812563,-0.9191424,0.07951247,-0.3858173,1,0.75,1,0,5.884015E-06,-1.780157E-05,0,-0.0008819948,-0.0009564587,0.3854931,-0.9147446,0.3613872,0.1806702,1,0.5,0.5,0,0.25,0,0,0,0,0.5032946,-0.8073401,0.5681282,0.1594746,0,0.25,0.5,0,0.5,0,0,0,0,0.663658,-0.6960808,0.7046744,0.1374974,0,0,0.5,0,-4.456734E-05,-0.2500519,0,-0.001839,-0.002177061,0.375546,-0.925137,0.3654353,-0.1028523,1,0.5,0.75,0,1.585202E-05,-0.4999839,0,0.00355537,0.0002548099,0.4349327,-0.8663725,0.3422876,-0.3636453,1,0.5,1,0,0.25,-0.25,0,0,0,0.4945351,-0.8144509,0.5731321,-0.09049455,0,0.25,0.75,0,0.5,-0.25,0,0,0,0.6561142,-0.7006228,0.7092724,-0.07784698,0,0,0.75,0,0.25,-0.5,0,0,0,0.5471867,-0.773501,0.5443155,-0.3246794,0,0.25,1,0,0.5,-0.5,0,0,0,0.7017071,-0.6740411,0.6823626,-0.2829309,0,0,1
31,0,-0.2499956,0.4999906,0,0.002096594,-0.001451374,0.5471811,-0.7735052,0.0668503,0.6302546,1,0.75,0,0,-0.4999872,0.2499497,0,-0.002096594,-0.002391637,0.4255021,-0.8752006,-0.1944752,0.4429484,1,1,0.25,0,-0.4999471,0.5000304,0,0.000332296,0.002388657,0.5602458,-0.7639738,-0.1697221,0.6225258,1,1,0,0,-0.250022,0.2500403,0,-0.001078845,0.001899899,0.4105657,-0.8895569,0.07685112,0.4503138,1,0.75,0.25,0,4.902536E-05,0.5000347,0,0.002945096,0.0006973746,0.5927842,-0.741226,0.2928749,0.6039936,1,0.5,0,0,-0.4999531,9.145868E-06,0,-0.0001773239,0.001431054,0.3450361,-0.9585389,-0.2129531,0.1893518,1,1,0.5,0,-1.293851E-05,0.2500127,0,-0.0009259733,0.002230705,0.4626018,-0.8414695,0.3324189,0.4259422,1,0.5,0.25,0,0.25,0.5,0,0,0,0.6902101,-0.6805521,0.478907,0.5545239,0,0.25,0,0,-0.2500122,-1.729595E-05,0,0.0004380943,0.001522031,0.3286089,-0.977542,0.08446421,0.1930738,1,0.75,0.5,0,-0.5000136,-0.2500592,0,2.384187E-05,-0.0004321338,0.334635,-0.9704841,-0.2156795,-0.1079025,1,1,0.75,0,0.25,0.25,0,0,0,0.5719608,-0.7556247,0.5317358,0.3824767,0,0.25,0.25,0,0.5,0.5,0,0,0,0.8281943,-0.6098505,0.6173795,0.4969153,0,0,0,0,0.5,0.25,0,0,0,0.723356,-0.6621131,0.6702873,0.3351437,0,0,0.25,0,-0.2499586,-0.249938,0,0.001547486,0.000867993,0.3179821,-0.9902418,0.0856271,-0.109951,1,0.75,0.75,0,-0.499996,-0.4999983,0,-0.004245343,0.002866985,0.3967148,-0.9032972,-0.2007283,-0.3791599,1,1,1,0,-0.2500076,-0.4999452,0,-0.003923477,0.00293702,0.3812274,-0.9191725,0.07942604,-0.3857633,1,0.75,1,0,3.098261E-05,2.894364E-05,0,0.00125493,0.002337262,0.3855106,-0.9147264,0.3614084,0.1807194,1,0.5,0.5,0,0.25,0,0,0,0,0.5032946,-0.8073401,0.5681282,0.1594746,0,0.25,0.5,0,0.5,0,0,0,0,0.663658,-0.6960808,0.7046744,0.1374974,0,0,0.5,0,5.163072E-05,-0.2500015,0,0.004809905,0.002521277,0.375576,-0.9251053,0.3655327,-0.1027912,1,0.5,0.75,0,3.004105E-05,-0.499988,0,0.0007094516,-0.0002026559,0.4349391,-0.8663666,0.3423004,-0.3636472,1,0.5,1,0,0.25,-0.25,0,0,0,0.4945351,-0.8144509,0.5731321,-0.09049455,0,0.25,0.75,0,0.5,-0.25,0,0,0,0.6561142,-0.7006228,0.7092724,-0.07784698,0,0,0.75,0,0.25,-0.5,0,0,0,0.5471867,-0.773501,0.5443155,-0.3246794,0,0.25,1,0,0.5,-0.5,0,0,0,0.7017071,-0.6740411,0.6823626,-0.2829309,0,0,1
32,0,-0.2499948,0.4999768,0,4.097821E-05,-0.0006943944,0.5471724,-0.7735116,0.06685164,0.6302465,1,0.75,0,0,-0.4999878,0.2500152,0,-2.831222E-05,0.003275277,0.4255313,-0.875173,-0.1944697,0.4430053,1,1,0.25,0,-0.499943,0.5000373,0,0.0002011657,0.0003457071,0.5602493,-0.7639713,-0.1697177,0.6225302,1,1,0,0,-0.2499975,0.2499969,0,0.001222641,-0.00216961,0.4105481,-0.8895741,0.07687946,0.4502749,1,0.75,0.25,0,5.378384E-06,0.5000098,0,-0.002182349,-0.001242757,0.5927564,-0.7412448,0.2928424,0.6039863,1,0.5,0,0,-0.5000516,7.249193E-06,0,-0.004924836,-9.483378E-05,0.3450567,-0.9585155,-0.2130645,0.189345,1,1,0.5,0,6.053357E-05,0.249963,0,0.003673605,-0.002484025,0.462605,-0.8414667,0.3324941,0.4258892,1,0.5,0.25,0,0.25,0.5,0,0,0,0.6902101,-0.6805521,0.478907,0.5545239,0,0.25,0,0,-0.2500283,-1.362041E-05,0,-0.0008031729,0.0001837771,0.3286083,-0.9775428,0.0844449,0.1930784,1,0.75,0.5,0,-0.4999355,-0.2500159,0,0.003908576,0.00216365,0.3346135,-0.9705091,-0.2155914,-0.1078534,1,1,0.75,0,0.25,0.25,0,0,0,0.5719608,-0.7556247,0.5317358,0.3824767,0,0.25,0.25,0,0.5,0.5,0,0,0,0.8281943,-0.6098505,0.6173795,0.4969153,0,0,0,0,0.5,0.25,0,0,0,0.723356,-0.6621131,0.6702873,0.3351437,0,0,0.25,0,-0.2499909,-0.2499351,0,-0.001616777,0.000140816,0.317979,-0.9902455,0.0855879,-0.109948,1,0.75,0.75,0,-0.5000045,-0.5000348,0,-0.000421703,-0.001826883,0.3967303,-0.9032816,-0.2007342,-0.3791941,1,1,1,0,-0.2499166,-0.499974,0,0.004551562,-0.001437963,0.3812457,-0.9191535,0.07952768,-0.3857879,1,0.75,1,0,2.952985E-05,2.664488E-05,0,-7.263837E-05,-0.000114938,0.3855097,-0.9147274,0.3614072,0.180717,1,0.5,0.5,0,0.25,0,0,0,0,0.5032946,-0.8073401,0.5681282,0.1594746,0,0.25,0.5,0,0.5,0,0,0,0,0.663658,-0.6960808,0.7046744,0.1374974,0,0,0.5,0,-3.589964E-05,-0.250025,0,-0.004376519,-0.001175702,0.3755464,-0.9251366,0.365445,-0.1028216,1,0.5,0.75,0,2.27132E-05,-0.4999754,0,-0.0003663925,0.000625849,0.434932,-0.8663732,0.3422952,-0.3636366,1,0.5,1,0,0.25,-0.25,0,0,0,0.4945351,-0.8144509,0.5731321,-0.09049455,0,0.25,0.75,0,0.5,-0.25,0,0,0,0.6561142,-0.7006228,0.7092724,-0.07784698,0,0,0.75,0,0.25,-0.5,0,0,0,0.5471867,-0.773501,0.5443155,-0.3246794,0,0.25,1,0,0.5,-0.5,0,0,0,0.7017071,-0.6740411,0.6823626,-0.2829309,0,0,1
33,0,-0.2499311,0.4999639,0,0.003186614,-0.0006422403,0.5471686,-0.7735144,0.06691275,0.6302365,1,0.75,0,0,-0.4999034,0.2499082,0,0.004220011,-0.005351009,0.4254674,-0.8752334,-0.194392,0.4429202,1,1,0.25,0,-0.4998808,0.4999728,0,0.003112854,-0.003224612,0.5601987,-0.7640077,-0.1696671,0.6224992,1,1,0,0,-0.249994,0.25002,0,0.0001750887,0.00115484,0.4105588,-0.8895637,0.07688241,0.4502949,1,0.75,0.25,0,0.000109807,0.4999648,0,0.005221432,-0.002251566,0.5927597,-0.7412425,0.292937,0.6039432,1,0.5,0,0,-0.4999591,-5.054758E-05,0,0.004622342,-0.00288984,0.3450261,-0.9585503,-0.2129628,0.1892834,1,1,0.5,0,5.665484E-05,0.249997,0,-0.0001939364,0.001699478,0.4626182,-0.8414551,0.3324856,0.4259186,1,0.5,0.25,0,0.25,0.5,0,0,0,0.6902101,-0.6805521,0.478907,0.5545239,0,0.25,0,0,-0.2500058,-3.142913E-05,0,0.001120568,-0.0008904362,0.3286067,-0.9775445,0.0844721,0.1930573,1,0.75,0.5,0,-0.4999456,-0.2500069,0,-0.0005051495,0.0004544856,0.3346147,-0.9705077,-0.2156032,-0.1078424,1,1,0.75,0,0.25,0.25,0,0,0,0.5719608,-0.7556247,0.5317358,0.3824767,0,0.25,0.25,0,0.5,0.5,0,0,0,0.8281943,-0.6098505,0.6173795,0.4969153,0,0,0,0,0.5,0.25,0,0,0,0.723356,-0.6621131,0.6702873,0.3351437,0,0,0.25,0,-0.2499113,-0.2500243,0,0.003979356,-0.004457684,0.3179956,-0.9902254,0.08568345,-0.1100547,1,0.75,0.75,0,-0.4999721,-0.5000178,0,0.001616777,0.0008523468,0.3967174,-0.9032946,-0.2007011,-0.3791805,1,1,1,0,-0.2499594,-0.5000432,0,-0.002139808,-0.003460051,0.381269,-0.9191291,0.07947701,-0.3858563,1,0.75,1,0,2.859931E-05,-6.275739E-06,0,-4.652686E-05,-0.001646032,0.3855034,-0.9147339,0.3614087,0.1806811,1,0.5,0.5,0,0.25,0,0,0,0,0.5032946,-0.8073401,0.5681282,0.1594746,0,0.25,0.5,0,0.5,0,0,0,0,0.663658,-0.6960808,0.7046744,0.1374974,0,0,0.5,0,-3.490849E-05,-0.2500153,0,4.955766E-05,0.0004842879,0.3755458,-0.9251372,0.3654464,-0.1028106,1,0.5,0.75,0,1.411464E-05,-0.5000064,0,-0.0004299281,-0.001549721,0.4349403,-0.8663654,0.3422829,-0.3636664,1,0.5,1,0,0.25,-0.25,0,0,0,0.4945351,-0.8144509,0.5731321,-0.09049455,0,0.25,0.75,0,0.5,-0.25,0,0,0,0.6561142,-0.7006228,0.7092724,-0.07784698,0,0,0.75,0,0.25,-0.5,0,0,0,0.5471867,-0.773501,0.5443155,-0.3246794,0,0.25,1,0,0.5,-0.5,0,0,0,0.7017071,-0.6740411,0.6823626,-0.2829309,0,0,1
34,0,-0.2500024,0.4999168,0,-0.003564359,-0.002354384,0.5471342,-0.7735398,0.06684687,0.6302123,1,0.75,0,0,-0.4999484,0.2499236,0,-0.002251566,0.0007681552,0.425483,-0.8752187,-0.1944373,0.4429293,1,1,0.25,0,-0.4999689,0.4999236,0,-0.004404785,-0.002458693,0.560183,-0.764019,-0.1697527,0.622462,1,1,0,0,-0.2499809,0.250003,0,0.0006578865,-0.0008523468,0.4105521,-0.8895702,0.07689743,0.4502795,1,0.75,0.25,0,4.775266E-05,0.4999322,0,-0.003102717,-0.001630188,0.5927218,-0.7412683,0.2928904,0.6039343,1,0.5,0,0,-0.4999568,-4.69212E-05,0,0.0001162291,0.0001813191,0.3450263,-0.95855,-0.21296,0.1892877,1,1,0.5,0,3.552152E-05,0.249959,0,-0.001056667,-0.001903624,0.462595,-0.8414754,0.3324716,0.4258893,1,0.5,0.25,0,0.25,0.5,0,0,0,0.6902101,-0.6805521,0.478907,0.5545239,0,0.25,0,0,-0.2500244,-5.770718E-05,0,-0.0009268526,-0.001313903,0.3286001,-0.9775524,0.0844504,0.1930271,1,0.75,0.5,0,-0.5000185,-0.2500877,0,-0.003644825,-0.004042686,0.3346391,-0.9704793,-0.2156842,-0.1079361,1,1,0.75,0,0.25,0.25,0,0,0,0.5719608,-0.7556247,0.5317358,0.3824767,0,0.25,0.25,0,0.5,0.5,0,0,0,0.8281943,-0.6098505,0.6173795,0.4969153,0,0,0,0,0.5,0.25,0,0,0,0.723356,-0.6621131,0.6702873,0.3351437,0,0,0.25,0,-0.2500087,-0.2500753,0,-0.004869701,-0.002548099,0.3179929,-0.9902287,0.08556467,-0.1101174,1,0.75,0.75,0,-0.5000091,-0.5000868,0,-0.001846255,-0.003454091,0.396751,-0.9032608,-0.2007347,-0.3792433,1,1,1,0,-0.249934,-0.5000227,0,0.001265854,0.00102222,0.3812631,-0.9191352,0.07950627,-0.3858356,1,0.75,1,0,-4.90963E-06,4.161309E-06,0,-0.001675448,0.0005218526,0.3854932,-0.9147445,0.361375,0.180695,1,0.5,0.5,0,0.25,0,0,0,0,0.5032946,-0.8073401,0.5681282,0.1594746,0,0.25,0.5,0,0.5,0,0,0,0,0.663658,-0.6960808,0.7046744,0.1374974,0,0,0.5,0,-2.538653E-05,-0.2500106,0,0.000476098,0.0002354384,0.3755488,-0.9251341,0.365456,-0.1028048,1,0.5,0.75,0,2.060311E-05,-0.4999941,0,0.0003244238,0.0006169083,0.4349381,-0.8663675,0.3422907,-0.3636541,1,0.5,1,0,0.25,-0.25,0,0,0,0.4945351,-0.8144509,0.5731321,-0.09049455,0,0.25,0.75,0,0.5,-0.25,0,0,0,0.6561142,-0.7006228,0.7092724,-0.07784698,0,0,0.75,0,0.25,-0.5,0,0,0,0.5471867,-0.773501,0.5443155,-0.3246794,0,0.25,1,0,0.5,-0.5,0,0,0,0.7017071,-0.6740411,0.6823626,-0.2829309,0,0,1
35,0,-0.2499996,0.499979,0,0.0001378358,0.003108383,0.5471735,-0.7735108,0.06684699,0.630248,1,0.75,0,0,-0.4999858,0.2499393,0,-0.001868606,0.0007860365,0.4254972,-0.8752052,-0.1944747,0.4429395,1,1,0.25,0,-0.500011,0.4999688,0,-0.002107025,0.002256037,0.5602182,-0.7639937,-0.1697868,0.6224838,1,1,0,0,-0.2500455,0.2500169,0,-0.003231318,0.0006988648,0.4105534,-0.8895689,0.07682634,0.4502942,1,0.75,0.25,0,4.370475E-05,0.4999592,0,-0.0002023956,0.001351536,0.592737,-0.741258,0.2928827,0.6039507,1,0.5,0,0,-0.4999973,-9.653404E-05,0,-0.002026559,-0.002480643,0.3450255,-0.9585509,-0.2130082,0.1892291,1,1,0.5,0,1.183764E-05,0.2499464,0,-0.001184194,-0.0006280842,0.4625818,-0.841487,0.3324516,0.4258821,1,0.5,0.25,0,0.25,0.5,0,0,0,0.6902101,-0.6805521,0.478907,0.5545239,0,0.25,0,0,-0.2500029,-2.770194E-05,0,0.001074374,0.001500263,0.3286077,-0.9775434,0.08447556,0.1930616,1,0.75,0.5,0,-0.4999259,-0.2499902,0,0.004626812,0.004874917,0.3346087,-0.9705147,-0.2155812,-0.1078232,1,1,0.75,0,0.25,0.25,0,0,0,0.5719608,-0.7556247,0.5317358,0.3824767,0,0.25,0.25,0,0.5,0.5,0,0,0,0.8281943,-0.6098505,0.6173795,0.4969153,0,0,0,0,0.5,0.25,0,0,0,0.723356,-0.6621131,0.6702873,0.3351437,0,0,0.25,0,-0.2499835,-0.25,0,0.001262129,0.00376478,0.3179867,-0.9902361,0.08559617,-0.1100262,1,0.75,0.75,0,-0.4999322,-0.5000284,0,0.003844501,0.002923609,0.3967134,-0.9032987,-0.2006574,-0.3791941,1,1,1,0,-0.2499911,-0.5000426,0,-0.002852828,-0.0009924177,0.3812662,-0.919132,0.07944125,-0.3858568,1,0.75,1,0,2.139652E-05,1.734124E-05,0,0.001315308,0.000658997,0.3855051,-0.9147322,0.3613998,0.1807074,1,0.5,0.5,0,0.25,0,0,0,0,0.5032946,-0.8073401,0.5681282,0.1594746,0,0.25,0.5,0,0.5,0,0,0,0,0.663658,-0.6960808,0.7046744,0.1374974,0,0,0.5,0,-5.065914E-05,-0.2500338,0,-0.001263631,-0.001159311,0.3755419,-0.9251413,0.3654301,-0.1028321,1,0.5,0.75,0,5.9537E-05,-0.4999768,0,0.001946695,0.0008642677,0.4349451,-0.866361,0.3423298,-0.3636329,1,0.5,1,0,0.25,-0.25,0,0,0,0.4945351,-0.8144509,0.5731321,-0.09049455,0,0.25,0.75,0,0.5,-0.25,0,0,0,0.6561142,-0.7006228,0.7092724,-0.07784698,0,0,0.75,0,0.25,-0.5,0,0,0,0.5471867,-0.773501,0.5443155,-0.3246794,0,0.25,1,0,0.5,-0.5,0,0,0,0.7017071,-0.6740411,0.6823626,-0.2829309,0,0,1
36,0,-0.2500502,0.5000691,0,-0.002530963,0.004504623,0.5472269,-0.7734714,0.06679524,0.6303019,1,0.75,0,0,-0.4999469,0.2500035,0,0.001944602,0.003208221,0.4255181,-0.8751855,-0.1944283,0.4429989,1,1,0.25,0,-0.4999519,0.499991,0,0.002957882,0.001110137,0.560222,-0.7639909,-0.1697304,0.6225026,1,1,0,0,-0.2499923,0.2500004,0,0.002659113,-0.0008285049,0.4105501,-0.8895722,0.07688503,0.4502777,1,0.75,0.25,0,6.577343E-06,0.4999951,0,-0.001856371,0.00179112,0.5927478,-0.7412506,0.2928458,0.6039775,1,0.5,0,0,-0.4999744,-5.227891E-05,0,0.00114441,0.002212757,0.3450291,-0.9585469,-0.2129802,0.1892807,1,1,0.5,0,6.142829E-05,0.2500206,0,0.002479533,0.003708155,0.4626298,-0.841445,0.3324865,0.425938,1,0.5,0.25,0,0.25,0.5,0,0,0,0.6902101,-0.6805521,0.478907,0.5545239,0,0.25,0,0,-0.2499885,3.147263E-05,0,0.0007212165,0.00295873,0.3286204,-0.9775285,0.08449168,0.19313,1,0.75,0.5,0,-0.4999701,-0.2499346,0,-0.002208353,0.002782793,0.3346122,-0.9705106,-0.2156332,-0.1077561,1,1,0.75,0,0.25,0.25,0,0,0,0.5719608,-0.7556247,0.5317358,0.3824767,0,0.25,0.25,0,0.5,0.5,0,0,0,0.8281943,-0.6098505,0.6173795,0.4969153,0,0,0,0,0.5,0.25,0,0,0,0.723356,-0.6621131,0.6702873,0.3351437,0,0,0.25,0,-0.2499238,-0.2499789,0,0.002985449,0.001052022,0.3179895,-0.9902327,0.08566888,-0.1100001,1,0.75,0.75,0,-0.4999425,-0.4999827,0,-0.0005155804,0.002281369,0.3966982,-0.903314,-0.2006723,-0.3791496,1,1,1,0,-0.2499977,-0.4999911,0,-0.0003293158,0.002574922,0.3812459,-0.9191533,0.07943561,-0.3858073,1,0.75,1,0,1.514874E-05,1.273223E-05,0,-0.000312389,-0.000230451,0.385502,-0.9147354,0.361394,0.1807028,1,0.5,0.5,0,0.25,0,0,0,0,0.5032946,-0.8073401,0.5681282,0.1594746,0,0.25,0.5,0,0.5,0,0,0,0,0.663658,-0.6960808,0.7046744,0.1374974,0,0,0.5,0,-3.872336E-05,-0.2500136,0,0.0005967896,0.001011789,0.3755442,-0.9251389,0.3654428,-0.1028087,1,0.5,0.75,0,2.002166E-05,-0.5000151,0,-0.001975768,-0.00191331,0.4349455,-0.8663607,0.3422874,-0.3636737,1,0.5,1,0,0.25,-0.25,0,0,0,0.4945351,-0.8144509,0.5731321,-0.09049455,0,0.25,0.75,0,0.5,-0.25,0,0,0,0.6561142,-0.7006228,0.7092724,-0.07784698,0,0,0.75,0,0.25,-0.5,0,0,0,0.5471867,-0.773501,0.5443155,-0.3246794,0,0.25,1,0,0.5,-0.5,0,0,0,0.7017071,-0.6740411,0.6823626,-0.2829309,0,0,1
37,0,-0.249994,0.500021,0,0.00281185,-0.002405048,0.5472003,-0.773491,0.06685064,0.6302719,1,0.75,0,0,-0.4999667,0.2500116,0,-0.0009894375,0.000408292,0.4255255,-0.8751785,-0.1944481,0.4430041,1,1,0.25,0,-0.5000111,0.500026,0,-0.002960862,0.001753867,0.560254,-0.7639679,-0.1697811,0.6225169,1,1,0,0,-0.249993,0.2500826,0,-3.352763E-05,0.004114212,0.410587,-0.8895361,0.07688117,0.4503497,1,0.75,0.25,0,2.606844E-05,0.5000786,0,0.000974555,0.004175307,0.5928038,-0.7412126,0.2928486,0.6040229,1,0.5,0,0,-0.4998777,-4.374154E-05,0,0.004835429,0.0004268686,0.34501,-0.9585685,-0.2128705,0.1892951,1,1,0.5,0,3.619689E-05,0.2500334,0,-0.00126157,0.0006422403,0.4626269,-0.8414475,0.3324613,0.4259526,1,0.5,0.25,0,0.25,0.5,0,0,0,0.6902101,-0.6805521,0.478907,0.5545239,0,0.25,0,0,-0.2499931,2.536782E-05,0,-0.000229478,-0.0003052407,0.3286188,-0.9775304,0.08448631,0.193123,1,0.75,0.5,0,-0.4999782,-0.2499869,0,-0.0004068019,-0.002619625,0.3346196,-0.970502,-0.2156411,-0.1078179,1,1,0.75,0,0.25,0.25,0,0,0,0.5719608,-0.7556247,0.5317358,0.3824767,0,0.25,0.25,0,0.5,0.5,0,0,0,0.8281943,-0.6098505,0.6173795,0.4969153,0,0,0,0,0.5,0.25,0,0,0,0.723356,-0.6621131,0.6702873,0.3351437,0,0,0.25,0,-0.2500277,-0.249973,0,-0.005199762,0.0002980233,0.31798,-0.9902443,0.08554274,-0.1099941,1,0.75,0.75,0,-0.500034,-0.4999449,0,-0.004574658,0.001890958,0.3967022,-0.9033099,-0.2007734,-0.3791057,1,1,1,0,-0.2500527,-0.4999728,0,-0.002751501,0.0009149316,0.3812344,-0.9191652,0.07937419,-0.3857915,1,0.75,1,0,5.832432E-05,1.56396E-05,0,0.00215878,0.0001453689,0.3855181,-0.9147187,0.3614362,0.1807028,1,0.5,0.5,0,0.25,0,0,0,0,0.5032946,-0.8073401,0.5681282,0.1594746,0,0.25,0.5,0,0.5,0,0,0,0,0.663658,-0.6960808,0.7046744,0.1374974,0,0,0.5,0,-8.301608E-07,-0.2499395,0,0.001894661,0.003702195,0.3755504,-0.9251323,0.3654834,-0.1027234,1,0.5,0.75,0,1.186081E-06,-0.5000145,0,-0.0009417792,2.980233E-05,0.4349388,-0.8663668,0.3422696,-0.3636757,1,0.5,1,0,0.25,-0.25,0,0,0,0.4945351,-0.8144509,0.5731321,-0.09049455,0,0.25,0.75,0,0.5,-0.25,0,0,0,0.6561142,-0.7006228,0.7092724,-0.07784698,0,0,0.75,0,0.25,-0.5,0,0,0,0.5471867,-0.773501,0.5443155,-0.3246794,0,0.25,1,0,0.5,-0.5,0,0,0,0.7017071,-0.6740411,0.6823626,-0.2829309,0,0,1
38,0,-0.2500096,0.5000081,0,-0.000779331,-0.0006437304,0.5471911,-0.7734978,0.06683634,0.6302651,1,0.75,0,0,-0.4999987,0.250045,0,-0.001598895,0.001668931,0.4255466,-0.8751585,-0.1944783,0.4430301,1,1,0.25,0,-0.5000297,0.5000684,0,-0.000932813,0.002118946,0.5602834,-0.7639467,-0.169794,0.6225396,1,1,0,0,-0.2500115,0.2500007,0,-0.0009253625,-0.00409484,0.4105487,-0.8895735,0.07686408,0.4502787,1,0.75,0.25,0,2.338295E-05,0.4999805,0,-0.0001342743,-0.004903974,0.5927439,-0.7412533,0.2928622,0.6039663,1,0.5,0,0,-0.5000269,-1.357187E-05,0,-0.007458034,0.001508484,0.3450475,-0.958526,-0.2130376,0.1893224,1,1,0.5,0,-6.323958E-05,0.249929,0,-0.004971826,-0.005222114,0.4625494,-0.8415152,0.3323848,0.4258784,1,0.5,0.25,0,0.25,0.5,0,0,0,0.6902101,-0.6805521,0.478907,0.5545239,0,0.25,0,0,-0.2500143,-6.368944E-06,0,-0.001063943,-0.001586839,0.3286108,-0.9775397,0.08446144,0.1930866,1,0.75,0.5,0,-0.4999844,-0.2499784,0,-0.000306964,0.0004284086,0.33462,-0.9705015,-0.2156483,-0.1078076,1,1,0.75,0,0.25,0.25,0,0,0,0.5719608,-0.7556247,0.5317358,0.3824767,0,0.25,0.25,0,0.5,0.5,0,0,0,0.8281943,-0.6098505,0.6173795,0.4969153,0,0,0,0,0.5,0.25,0,0,0,0.723356,-0.6621131,0.6702873,0.3351437,0,0,0.25,0,-0.2499584,-0.2499928,0,0.003468247,-0.0009901825,0.3179881,-0.9902344,0.08562669,-0.1100172,1,0.75,0.75,0,-0.4999571,-0.5000011,0,0.003841521,-0.00281036,0.3967081,-0.903304,-0.2006864,-0.3791659,1,1,1,0,-0.249965,-0.4999698,0,0.004384669,0.0001460314,0.3812402,-0.9191591,0.07947318,-0.3857856,1,0.75,1,0,9.204437E-07,-1.772273E-05,0,-0.002870195,-0.001668117,0.3854914,-0.9147463,0.3613823,0.1806706,1,0.5,0.5,0,0.25,0,0,0,0,0.5032946,-0.8073401,0.5681282,0.1594746,0,0.25,0.5,0,0.5,0,0,0,0,0.663658,-0.6960808,0.7046744,0.1374974,0,0,0.5,0,-5.315722E-05,-0.2499675,0,-0.002616354,-0.001395494,0.3755342,-0.9251495,0.3654304,-0.1027572,1,0.5,0.75,0,8.768978E-05,-0.5000111,0,0.004325186,0.0001668931,0.4349672,-0.8663405,0.3423518,-0.3636611,1,0.5,1,0,0.25,-0.25,0,0,0,0.4945351,-0.8144509,0.5731321,-0.09049455,0,0.25,0.75,0,0.5,-0.25,0,0,0,0.6561142,-0.7006228,0.7092724,-0.07784698,0,0,0.75,0,0.25,-0.5,0,0,0,0.5471867,-0.773501,0.5443155,-0.3246794,0,0.25,1,0,0.5,-0.5,0,0,0,0.7017071,-0.6740411,0.6823626,-0.2829309,0,0,1
39,0,-0.2500045,0.4999797,0,0.0002533198,-0.001421571,0.5471736,-0.7735107,0.0668423,0.6302486,1,0.75,0,0,-0.4999366,0.2500172,0,0.003106893,-0.001390279,0.4255221,-0.8751817,-0.1944163,0.4430118,1,1,0.25,0,-0.4999596,0.5001001,0,0.003509225,0.001585484,0.5602913,-0.763941,-0.1697265,0.6225649,1,1,0,0,-0.2499883,0.2500573,0,0.001157821,0.002829732,0.410576,-0.8895469,0.07688721,0.4503274,1,0.75,0.25,0,4.621205E-05,0.4999508,0,0.001141455,-0.001485646,0.5927327,-0.7412609,0.2928861,0.6039453,1,0.5,0,0,-0.5000692,3.801406E-05,0,-0.002115966,0.002579298,0.3450663,-0.9585047,-0.2130829,0.1893792,1,1,0.5,0,4.497003E-05,0.2499983,0,0.005410483,0.003468247,0.4626149,-0.841458,0.3324746,0.4259214,1,0.5,0.25,0,0.25,0.5,0,0,0,0.6902101,-0.6805521,0.478907,0.5545239,0,0.25,0,0,-0.2500283,7.241033E-08,0,-0.0006958845,0.0003220678,0.328611,-0.9775396,0.08444463,0.1930943,1,0.75,0.5,0,-0.5000138,-0.2499697,0,-0.001469255,0.000433624,0.3346254,-0.9704953,-0.2156821,-0.1077965,1,1,0.75,0,0.25,0.25,0,0,0,0.5719608,-0.7556247,0.5317358,0.3824767,0,0.25,0.25,0,0.5,0.5,0,0,0,0.8281943,-0.6098505,0.6173795,0.4969153,0,0,0,0,0.5,0.25,0,0,0,0.723356,-0.6621131,0.6702873,0.3351437,0,0,0.25,0,-0.2500513,-0.2499898,0,-0.004648419,0.0001497567,0.3179798,-0.9902445,0.0855139,-0.1100147,1,0.75,0.75,0,-0.500036,-0.4999861,0,-0.003942849,0.000753999,0.3967182,-0.9032938,-0.2007721,-0.3791448,1,1,1,0,-0.2499853,-0.5000433,0,-0.001014769,-0.003671648,0.381267,-0.9191313,0.07944775,-0.3858573,1,0.75,1,0,-8.83141E-05,-1.554802E-05,0,-0.004461729,0.0001087355,0.3854595,-0.9147793,0.3612946,0.1806796,1,0.5,0.5,0,0.25,0,0,0,0,0.5032946,-0.8073401,0.5681282,0.1594746,0,0.25,0.5,0,0.5,0,0,0,0,0.663658,-0.6960808,0.7046744,0.1374974,0,0,0.5,0,-2.811201E-05,-0.2500436,0,0.001252261,-0.003808738,0.3755512,-0.9251316,0.365452,-0.1028422,1,0.5,0.75,0,-9.42738E-06,-0.50002,0,-0.00485586,-0.0004410745,0.4349372,-0.8663684,0.3422589,-0.3636822,1,0.5,1,0,0.25,-0.25,0,0,0,0.4945351,-0.8144509,0.5731321,-0.09049455,0,0.25,0.75,0,0.5,-0.25,0,0,0,0.6561142,-0.7006228,0.7092724,-0.07784698,0,0,0.75,0,0.25,-0.5,0,0,0,0.5471867,-0.773501,0.5443155,-0.3246794,0,0.25,1,0,0.5,-0.5,0,0,0,0.7017071,-0.6740411,0.6823626,-0.2829309,0,0,1
40,0,-0.2500244,0.5000222,0,-0.0009953979,0.002127887,0.5471991,-0.7734919,0.06682166,0.6302739,1,0.75,0,0,-0.4999262,0.2499714,0,0.0005170705,-0.002289564,0.4254999,-0.8752027,-0.1944098,0.442973,1,1,0.25,0,-0.5000143,0.5000601,0,-0.002737344,-0.001999737,0.5602757,-0.7639523,-0.1697807,0.6225364,1,1,0,0,-0.25001,0.2500147,0,-0.001084805,-0.002133847,0.4105551,-0.8895673,0.07686514,0.4502909,1,0.75,0.25,0,6.616537E-06,0.4999944,0,-0.001979776,0.002181531,0.5927473,-0.7412509,0.2928459,0.6039771,1,0.5,0,0,-0.499969,2.065617E-05,0,0.005009772,-0.000867895,0.3450417,-0.9585326,-0.2129706,0.1893642,1,1,0.5,0,-5.147423E-06,0.2500117,0,-0.002505874,0.0006675723,0.4626039,-0.8414676,0.3324263,0.4259402,1,0.5,0.25,0,0.25,0.5,0,0,0,0.6902101,-0.6805521,0.478907,0.5545239,0,0.25,0,0,-0.2499359,1.162514E-06,0,0.004617127,5.450522E-05,0.3286189,-0.9775302,0.08455525,0.1930938,1,0.75,0.5,0,-0.5000392,-0.2499216,0,-0.00127256,0.002407284,0.3346257,-0.970495,-0.2157125,-0.1077388,1,1,0.75,0,0.25,0.25,0,0,0,0.5719608,-0.7556247,0.5317358,0.3824767,0,0.25,0.25,0,0.5,0.5,0,0,0,0.8281943,-0.6098505,0.6173795,0.4969153,0,0,0,0,0.5,0.25,0,0,0,0.723356,-0.6621131,0.6702873,0.3351437,0,0,0.25,0,-0.2499862,-0.2499706,0,0.00325516,0.0009596352,0.3179833,-0.9902403,0.08559313,-0.1099907,1,0.75,0.75,0,-0.4999857,-0.4999823,0,0.002516807,0.0001892448,0.3967066,-0.9033055,-0.2007186,-0.3791455,1,1,1,0,-0.24997,-0.4999701,0,0.00076592,0.003659727,0.38124,-0.9191594,0.07946756,-0.3857861,1,0.75,1,0,2.884107E-05,4.221971E-06,0,0.005857761,0.0009884998,0.3855054,-0.9147319,0.3614081,0.1806925,1,0.5,0.5,0,0.25,0,0,0,0,0.5032946,-0.8073401,0.5681282,0.1594746,0,0.25,0.5,0,0.5,0,0,0,0,0.663658,-0.6960808,0.7046744,0.1374974,0,0,0.5,0,-1.977717E-05,-0.2500027,0,0.0004167424,0.00204742,0.37555,-0.9251328,0.3654619,-0.1027956,1,0.5,0.75,0,8.34012E-05,-0.5000083,0,0.004641431,0.0005841258,0.4349647,-0.8663428,0.3423481,-0.363659,1,0.5,1,0,0.25,-0.25,0,0,0,0.4945351,-0.8144509,0.5731321,-0.09049455,0,0.25,0.75,0,0.5,-0.25,0,0,0,0.6561142,-0.7006228,0.7092724,-0.07784698,0,0,0.75,0,0.25,-0.5,0,0,0,0.5471867,-0.773501,0.5443155,-0.3246794,0,0.25,1,0,0.5,-0.5,0,0,0,0.7017071,-0.6740411,0.6823626,-0.2829309,0,0,1
41,0,-0.2500207,0.5000276,0,0.0001877547,0.000268221,0.5472027,-0.7734892,0.06682502,0.6302769,1,0.75,0,0,-0.4999356,0.2500261,0,-0.0004678966,0.002733619,0.4255259,-0.8751781,-0.1944144,0.4430196,1,1,0.25,0,-0.499998,0.4999971,0,0.0008150939,-0.003151597,0.5602337,-0.7639825,-0.169772,0.6225016,1,1,0,0,-0.2500544,0.2500102,0,-0.002220274,-0.0002235175,0.4105497,-0.8895726,0.07681683,0.4502887,1,0.75,0.25,0,1.715558E-05,0.4999894,0,0.0005269523,-0.0002518297,0.5927474,-0.7412509,0.2928556,0.6039724,1,0.5,0,0,-0.500007,6.903931E-06,0,-0.001901389,-0.0006876123,0.3450472,-0.9585264,-0.2130142,0.1893467,1,1,0.5,0,3.322884E-07,0.2499308,0,0.0002739857,-0.004042686,0.4625713,-0.8414962,0.3324432,0.4258706,1,0.5,0.25,0,0.25,0.5,0,0,0,0.6902101,-0.6805521,0.478907,0.5545239,0,0.25,0,0,-0.2499571,-3.366061E-05,0,-0.001059473,-0.001741157,0.3286104,-0.9775402,0.08453055,0.1930537,1,0.75,0.5,0,-0.4999384,-0.2499208,0,0.005039575,3.874303E-05,0.3346038,-0.9705203,-0.2155974,-0.1077407,1,1,0.75,0,0.25,0.25,0,0,0,0.5719608,-0.7556247,0.5317358,0.3824767,0,0.25,0.25,0,0.5,0.5,0,0,0,0.8281943,-0.6098505,0.6173795,0.4969153,0,0,0,0,0.5,0.25,0,0,0,0.723356,-0.6621131,0.6702873,0.3351437,0,0,0.25,0,-0.2499679,-0.2499233,0,0.000919402,0.002361835,0.3179796,-0.9902447,0.08561599,-0.1099335,1,0.75,0.75,0,-0.5000184,-0.4999268,0,-0.001634658,0.002774597,0.3966922,-0.9033201,-0.2007583,-0.3790897,1,1,1,0,-0.2500484,-0.4999771,0,-0.003918262,-0.0003516675,0.3812364,-0.9191631,0.07937895,-0.3857956,1,0.75,1,0,1.508978E-05,3.420217E-05,0,-0.0006875645,0.001499011,0.3855059,-0.9147314,0.3613924,0.1807263,1,0.5,0.5,0,0.25,0,0,0,0,0.5032946,-0.8073401,0.5681282,0.1594746,0,0.25,0.5,0,0.5,0,0,0,0,0.663658,-0.6960808,0.7046744,0.1374974,0,0,0.5,0,-3.959611E-05,-0.2499973,0,-0.0009909475,0.000267476,0.3755422,-0.925141,0.3654425,-0.1027904,1,0.5,0.75,0,-7.168369E-05,-0.4999151,0,-0.007754247,0.004658105,0.4348778,-0.8664234,0.3422141,-0.3635931,1,0.5,1,0,0.25,-0.25,0,0,0,0.4945351,-0.8144509,0.5731321,-0.09049455,0,0.25,0.75,0,0.5,-0.25,0,0,0,0.6561142,-0.7006228,0.7092724,-0.07784698,0,0,0.75,0,0.25,-0.5,0,0,0,0.5471867,-0.773501,0.5443155,-0.3246794,0,0.25,1,0,0.5,-0.5,0,0,0,0.7017071,-0.6740411,0.6823626,-0.2829309,0,0,1
42,0,-0.2500542,0.5000516,0,-0.001677871,0.001198054,0.5472156,-0.7734797,0.06679215,0.630292,1,0.75,0,0,-0.4999825,0.2500212,0,-0.002345444,-0.0002443791,0.4255329,-0.8751715,-0.1944636,0.4430109,1,1,0.25,0,-0.5000403,0.4999795,0,-0.002114476,-0.000880659,0.5602299,-0.7639853,-0.1698125,0.6224871,1,1,0,0,-0.2500638,0.2500412,0,-0.0004678966,0.001548231,0.4105629,-0.8895596,0.07680544,0.4503161,1,0.75,0.25,0,-8.843756E-06,0.5000321,0,-0.001299967,0.002138318,0.5927657,-0.7412385,0.2928269,0.6040015,1,0.5,0,0,-0.4999835,5.578822E-06,0,0.001174212,-6.625544E-05,0.3450419,-0.9585323,-0.2129877,0.1893463,1,1,0.5,0,-1.546812E-05,0.2499805,0,-0.0007900205,0.002483279,0.4625872,-0.8414822,0.3324213,0.4259152,1,0.5,0.25,0,0.25,0.5,0,0,0,0.6902101,-0.6805521,0.478907,0.5545239,0,0.25,0,0,-0.249928,7.381297E-06,0,0.001456589,0.002052096,0.3286208,-0.977528,0.08456465,0.1931008,1,0.75,0.5,0,-0.4999398,-0.2499887,0,-7.003549E-05,-0.003395976,0.3346115,-0.9705114,-0.2155971,-0.1078211,1,1,0.75,0,0.25,0.25,0,0,0,0.5719608,-0.7556247,0.5317358,0.3824767,0,0.25,0.25,0,0.5,0.5,0,0,0,0.8281943,-0.6098505,0.6173795,0.4969153,0,0,0,0,0.5,0.25,0,0,0,0.723356,-0.6621131,0.6702873,0.3351437,0,0,0.25,0,-0.2499011,-0.2499412,0,0.003337116,-0.0008910898,0.3179873,-0.9902354,0.08569678,-0.1099542,1,0.75,0.75,0,-0.4999441,-0.499996,0,0.003713371,-0.003461541,0.3967035,-0.9033086,-0.2006729,-0.3791621,1,1,1,0,-0.2499944,-0.4999855,0,0.002700837,-0.0004202129,0.381244,-0.9191552,0.07943957,-0.3858018,1,0.75,1,0,1.823829E-05,3.143992E-06,0,0.0001574257,-0.00155291,0.3855014,-0.914736,0.3613978,0.1806921,1,0.5,0.5,0,0.25,0,0,0,0,0.5032946,-0.8073401,0.5681282,0.1594746,0,0.25,0.5,0,0.5,0,0,0,0,0.663658,-0.6960808,0.7046744,0.1374974,0,0,0.5,0,-2.805091E-07,-0.250021,0,0.001965781,-0.001182408,0.375559,-0.9251232,0.3654805,-0.1028154,1,0.5,0.75,0,4.08625E-05,-0.5000396,0,0.005627311,-0.006225707,0.4349616,-0.8663458,0.3423038,-0.3636937,1,0.5,1,0,0.25,-0.25,0,0,0,0.4945351,-0.8144509,0.5731321,-0.09049455,0,0.25,0.75,0,0.5,-0.25,0,0,0,0.6561142,-0.7006228,0.7092724,-0.07784698,0,0,0.75,0,0.25,-0.5,0,0,0,0.5471867,-0.773501,0.5443155,-0.3246794,0,0.25,1,0,0.5,-0.5,0,0,0,0.7017071,-0.6740411,0.6823626,-0.2829309,0,0,1
43,0,-0.2499686,0.4999504,0,0.00428036,-0.005055966,0.5471575,-0.7735226,0.0668776,0.6302303,1,0.75,0,0,-0.5000218,0.2499606,0,-0.001963974,-0.003030897,0.4255136,-0.8751897,-0.1945101,0.4429547,1,1,0.25,0,-0.500024,0.5000125,0,0.0008136038,0.001651049,0.5602477,-0.7639725,-0.1697943,0.6225079,1,1,0,0,-0.2500405,0.249978,0,0.001166761,-0.003159792,0.4105362,-0.8895857,0.07683332,0.4502599,1,0.75,0.25,0,-2.005272E-05,0.5000108,0,-0.0005604482,-0.001066924,0.5927495,-0.7412495,0.292821,0.603991,1,0.5,0,0,-0.4999956,-2.982444E-05,0,-0.0006049874,-0.001770164,0.3450378,-0.958537,-0.2130031,0.1893054,1,1,0.5,0,-8.567351E-05,0.2499694,0,-0.003510271,-0.0005528333,0.4625592,-0.8415067,0.3323581,0.4259161,1,0.5,0.25,0,0.25,0.5,0,0,0,0.6902101,-0.6805521,0.478907,0.5545239,0,0.25,0,0,-0.2500317,2.304213E-05,0,-0.005185606,0.0007830422,0.3286151,-0.9775347,0.08444007,0.1931211,1,0.75,0.5,0,-0.4999536,-0.2501139,0,-0.0006869438,-0.00625998,0.3346279,-0.9704923,-0.2156093,-0.107969,1,1,0.75,0,0.25,0.25,0,0,0,0.5719608,-0.7556247,0.5317358,0.3824767,0,0.25,0.25,0,0.5,0.5,0,0,0,0.8281943,-0.6098505,0.6173795,0.4969153,0,0,0,0,0.5,0.25,0,0,0,0.723356,-0.6621131,0.6702873,0.3351437,0,0,0.25,0,-0.2499444,-0.2500022,0,-0.00216514,-0.003053994,0.3179904,-0.9902317,0.08564352,-0.1100285,1,0.75,0.75,0,-0.4999641,-0.5000548,0,-0.0009983781,-0.00293851,0.3967298,-0.9032822,-0.2006893,-0.3792166,1,1,1,0,-0.2499942,-0.500009,0,9.685758E-06,-0.001174212,0.3812531,-0.9191458,0.07943897,-0.3858245,1,0.75,1,0,-1.53325E-05,1.521968E-05,0,-0.00167854,0.0006037844,0.3854914,-0.9147463,0.3613639,0.1807078,1,0.5,0.5,0,0.25,0,0,0,0,0.5032946,-0.8073401,0.5681282,0.1594746,0,0.25,0.5,0,0.5,0,0,0,0,0.663658,-0.6960808,0.7046744,0.1374974,0,0,0.5,0,-5.913911E-06,-0.2500048,0,-0.0002816702,0.0008091333,0.3755553,-0.9251272,0.3654756,-0.1027974,1,0.5,0.75,0,2.835005E-05,-0.4999917,0,-0.0006256225,0.002396108,0.4349399,-0.8663659,0.3422983,-0.3636509,1,0.5,1,0,0.25,-0.25,0,0,0,0.4945351,-0.8144509,0.5731321,-0.09049455,0,0.25,0.75,0,0.5,-0.25,0,0,0,0.6561142,-0.7006228,0.7092724,-0.07784698,0,0,0.75,0,0.25,-0.5,0,0,0,0.5471867,-0.773501,0.5443155,-0.3246794,0,0.25,1,0,0.5,-0.5,0,0,0,0.7017071,-0.6740411,0.6823626,-0.2829309,0,0,1
44,0,-0.2499964,0.4999153,0,-0.001391769,-0.001755357,0.5471336,-0.7735403,0.06685255,0.6302112,1,0.75,0,0,-0.4999388,0.2499235,0,0.004146995,-0.001853705,0.4254811,-0.8752205,-0.1944273,0.4429302,1,1,0.25,0,-0.4999797,0.4999437,0,0.002214313,-0.00344217,0.5601974,-0.7640087,-0.1697606,0.6224725,1,1,0,0,-0.2500268,0.2499761,0,0.0006824735,-9.536747E-05,0.4105365,-0.8895854,0.07684829,0.4502577,1,0.75,0.25,0,1.922989E-05,0.5000125,0,0.001964131,8.642677E-05,0.592762,-0.741241,0.2928535,0.6039855,1,0.5,0,0,-0.4999391,-0.0001007485,0,0.002828242,-0.003546203,0.3450124,-0.9585658,-0.2129426,0.1892271,1,1,0.5,0,-1.413242E-05,0.2499741,0,0.003577056,0.0002324582,0.4625849,-0.8414842,0.3324235,0.4259095,1,0.5,0.25,0,0.25,0.5,0,0,0,0.6902101,-0.6805521,0.478907,0.5545239,0,0.25,0,0,-0.2499929,-4.772146E-05,0,0.001939387,-0.003538181,0.3286047,-0.9775469,0.08448794,0.1930381,1,0.75,0.5,0,-0.4999435,-0.2499707,0,0.0005036594,0.007159266,0.3346103,-0.9705128,-0.2156018,-0.1077997,1,1,0.75,0,0.25,0.25,0,0,0,0.5719608,-0.7556247,0.5317358,0.3824767,0,0.25,0.25,0,0.5,0.5,0,0,0,0.8281943,-0.6098505,0.6173795,0.4969153,0,0,0,0,0.5,0.25,0,0,0,0.723356,-0.6621131,0.6702873,0.3351437,0,0,0.25,0,-0.2499733,-0.250063,0,-0.001444668,-0.003038348,0.3179945,-0.9902267,0.08560776,-0.1101022,1,0.75,0.75,0,-0.4999435,-0.5000294,0,0.00102669,0.001269579,0.3967161,-0.903296,-0.2006695,-0.3791941,1,1,1,0,-0.2499943,-0.5000078,0,-7.450583E-06,5.960467E-05,0.3812526,-0.9191462,0.07943884,-0.3858233,1,0.75,1,0,3.466396E-05,2.067021E-06,0,0.002499824,-0.0006576329,0.3855071,-0.9147301,0.361414,0.1806898,1,0.5,0.5,0,0.25,0,0,0,0,0.5032946,-0.8073401,0.5681282,0.1594746,0,0.25,0.5,0,0.5,0,0,0,0,0.663658,-0.6960808,0.7046744,0.1374974,0,0,0.5,0,-5.347079E-05,-0.250014,0,-0.002377845,-0.0004619362,0.3755389,-0.9251445,0.3654281,-0.1028099,1,0.5,0.75,0,2.291771E-05,-0.4999737,0,-0.0002716171,0.0009000305,0.4349315,-0.8663737,0.3422956,-0.3636349,1,0.5,1,0,0.25,-0.25,0,0,0,0.4945351,-0.8144509,0.5731321,-0.09049455,0,0.25,0.75,0,0.5,-0.25,0,0,0,0.6561142,-0.7006228,0.7092724,-0.07784698,0,0,0.75,0,0.25,-0.5,0,0,0,0.5471867,-0.773501,0.5443155,-0.3246794,0,0.25,1,0,0.5,-0.5,0,0,0,0.7017071,-0.6740411,0.6823626,-0.2829309,0,0,1
45,0,-0.2500348,0.4999465,0,-0.001917035,0.001560152,0.5471507,-0.7735276,0.06681485,0.6302307,1,0.75,0,0,-0.5000191,0.2500014,0,-0.004012884,0.003893675,0.4255312,-0.8751731,-0.1945035,0.4429903,1,1,0.25,0,-0.5000298,0.499926,0,-0.002503396,-0.0008821491,0.5601948,-0.7640105,-0.1698082,0.6224573,1,1,0,0,-0.2500267,0.2499847,0,4.47035E-06,0.000434369,0.4105403,-0.8895817,0.07684806,0.4502653,1,0.75,0.25,0,1.255055E-05,0.499971,0,-0.000333967,-0.002077223,0.5927349,-0.7412593,0.2928547,0.6039625,1,0.5,0,0,-0.499983,-3.421656E-05,0,-0.002196432,0.003326598,0.3450343,-0.958541,-0.212989,0.1893009,1,1,0.5,0,-1.083281E-05,0.2499483,0,0.0001649809,-0.001288951,0.462575,-0.8414928,0.3324304,0.4258871,1,0.5,0.25,0,0.25,0.5,0,0,0,0.6902101,-0.6805521,0.478907,0.5545239,0,0.25,0,0,-0.2499589,-4.222348E-05,0,0.001699478,0.0002748989,0.3286086,-0.9775423,0.08452856,0.1930438,1,0.75,0.5,0,-0.5000032,-0.2500806,0,-0.002983214,-0.005496296,0.3346351,-0.970484,-0.2156669,-0.1079282,1,1,0.75,0,0.25,0.25,0,0,0,0.5719608,-0.7556247,0.5317358,0.3824767,0,0.25,0.25,0,0.5,0.5,0,0,0,0.8281943,-0.6098505,0.6173795,0.4969153,0,0,0,0,0.5,0.25,0,0,0,0.723356,-0.6621131,0.6702873,0.3351437,0,0,0.25,0,-0.2499934,-0.2499866,0,-0.001004339,0.003818424,0.3179844,-0.9902389,0.08558427,-0.1100102,1,0.75,0.75,0,-0.4999331,-0.5000314,0,0.0005200508,-9.83477E-05,0.3967147,-0.9032974,-0.2006582,-0.3791968,1,1,1,0,-0.2499953,-0.5000151,0,-5.066397E-05,-0.0003665687,0.3812553,-0.9191434,0.07943744,-0.3858305,1,0.75,1,0,2.805635E-05,1.188016E-05,0,-0.0003303807,0.0004906572,0.3855065,-0.9147307,0.3614067,0.180701,1,0.5,0.5,0,0.25,0,0,0,0,0.5032946,-0.8073401,0.5681282,0.1594746,0,0.25,0.5,0,0.5,0,0,0,0,0.663658,-0.6960808,0.7046744,0.1374974,0,0,0.5,0,-5.792138E-05,-0.2499978,0,-0.0002225296,0.0008128587,0.3755355,-0.9251481,0.3654244,-0.1027917,1,0.5,0.75,0,6.264561E-05,-0.4999734,0,0.001986395,1.78814E-05,0.4349449,-0.8663612,0.3423331,-0.3636293,1,0.5,1,0,0.25,-0.25,0,0,0,0.4945351,-0.8144509,0.5731321,-0.09049455,0,0.25,0.75,0,0.5,-0.25,0,0,0,0.6561142,-0.7006228,0.7092724,-0.07784698,0,0,0.75,0,0.25,-0.5,0,0,0,0.5471867,-0.773501,0.5443155,-0.3246794,0,0.25,1,0,0.5,-0.5,0,0,0,0.7017071,-0.6740411,0.6823626,-0.2829309,0,0,1
46,0,-0.250022,0.499993,0,0.0006377699,0.002321602,0.5471808,-0.7735054,0.06682511,0.630257,1,0.75,0,0,-0.4999962,0.2500398,0,0.0011459,0.001923741,0.4255438,-0.8751612,-0.1944761,0.4430259,1,1,0.25,0,-0.5000091,0.5000077,0,0.001037121,0.00408292,0.5602422,-0.7639764,-0.1697811,0.6225066,1,1,0,0,-0.250003,0.2500328,0,0.001186133,0.002403558,0.4105638,-0.8895587,0.07687213,0.4503065,1,0.75,0.25,0,-5.565181E-05,0.5000338,0,-0.003410119,0.003141166,0.5927529,-0.7412472,0.2927875,0.6040101,1,0.5,0,0,-0.4999366,-6.933205E-06,0,0.002323092,0.001364168,0.3450295,-0.9585464,-0.2129352,0.1893343,1,1,0.5,0,1.039517E-05,0.2500402,0,0.001061399,0.004593285,0.4626212,-0.8414525,0.3324365,0.4259621,1,0.5,0.25,0,0.25,0.5,0,0,0,0.6902101,-0.6805521,0.478907,0.5545239,0,0.25,0,0,-0.2499752,-7.480656E-06,0,-0.0008158389,0.001737142,0.3286139,-0.9775361,0.08450832,0.1930845,1,0.75,0.5,0,-0.4999615,-0.2499836,0,0.002081693,0.004852565,0.3346156,-0.9705067,-0.2156221,-0.1078144,1,1,0.75,0,0.25,0.25,0,0,0,0.5719608,-0.7556247,0.5317358,0.3824767,0,0.25,0.25,0,0.5,0.5,0,0,0,0.8281943,-0.6098505,0.6173795,0.4969153,0,0,0,0,0.5,0.25,0,0,0,0.723356,-0.6621131,0.6702873,0.3351437,0,0,0.25,0,-0.249938,-0.2499515,0,0.002768637,0.001755357,0.3179853,-0.9902378,0.08565187,-0.1099672,1,0.75,0.75,0,-0.4999865,-0.5000228,0,-0.002670289,0.0004261734,0.3967222,-0.9032898,-0.200716,-0.3791841,1,1,1,0,-0.2499536,-0.5000003,0,0.002085418,0.0007420781,0.3812529,-0.9191459,0.07948499,-0.3858147,1,0.75,1,0,4.55656E-05,8.887409E-06,0,0.0008754633,-0.0001496377,0.3855123,-0.9147248,0.3614242,0.1806964,1,0.5,0.5,0,0.25,0,0,0,0,0.5032946,-0.8073401,0.5681282,0.1594746,0,0.25,0.5,0,0.5,0,0,0,0,0.663658,-0.6960808,0.7046744,0.1374974,0,0,0.5,0,-1.198107E-05,-0.2500172,0,0.002297017,-0.0009723012,0.3755544,-0.9251282,0.365469,-0.1028117,1,0.5,0.75,0,2.805436E-05,-0.500016,0,-0.001729563,-0.002133847,0.4349486,-0.8663578,0.3422948,-0.3636735,1,0.5,1,0,0.25,-0.25,0,0,0,0.4945351,-0.8144509,0.5731321,-0.09049455,0,0.25,0.75,0,0.5,-0.25,0,0,0,0.6561142,-0.7006228,0.7092724,-0.07784698,0,0,0.75,0,0.25,-0.5,0,0,0,0.5471867,-0.773501,0.5443155,-0.3246794,0,0.25,1,0,0.5,-0.5,0,0,0,0.7017071,-0.6740411,0.6823626,-0.2829309,0,0,1
47,0,-0.2500072,0.5001177,0,0.0007420781,0.006237628,0.5472604,-0.7734466,0.0668342,0.6303282,1,0.75,0,0,-0.4999817,0.2500438,0,0.0007212165,0.0001966954,0.4255427,-0.8751622,-0.1944608,0.4430306,1,1,0.25,0,-0.4999692,0.5000571,0,0.001990796,0.002470613,0.5602661,-0.7639591,-0.1697397,0.622539,1,1,0,0,-0.2500257,0.2500426,0,-0.001135469,0.0004917385,0.4105665,-0.8895561,0.07684696,0.450316,1,0.75,0.25,0,2.680024E-05,0.4999533,0,0.004122604,-0.004023315,0.5927285,-0.7412637,0.2928694,0.60395,1,0.5,0,0,-0.4999959,2.377521E-05,0,-0.002966822,0.001535422,0.345048,-0.9585254,-0.2130008,0.1893665,1,1,0.5,0,7.488467E-06,0.2499338,0,-0.000145335,-0.005318227,0.462575,-0.8414929,0.3324494,0.4258721,1,0.5,0.25,0,0.25,0.5,0,0,0,0.6902101,-0.6805521,0.478907,0.5545239,0,0.25,0,0,-0.2500035,4.883263E-05,0,-0.001416356,0.002815665,0.3286225,-0.977526,0.08447327,0.1931505,1,0.75,0.5,0,-0.4999789,-0.2499781,0,-0.000868738,0.0002741815,0.3346187,-0.970503,-0.2156421,-0.1078074,1,1,0.75,0,0.25,0.25,0,0,0,0.5719608,-0.7556247,0.5317358,0.3824767,0,0.25,0.25,0,0.5,0.5,0,0,0,0.8281943,-0.6098505,0.6173795,0.4969153,0,0,0,0,0.5,0.25,0,0,0,0.723356,-0.6621131,0.6702873,0.3351437,0,0,0.25,0,-0.2499531,-0.2500157,0,-0.000753999,-0.003210456,0.3179911,-0.9902309,0.08563282,-0.1100449,1,0.75,0.75,0,-0.4999936,-0.4999252,0,-0.0003516675,0.004881622,0.3966866,-0.9033256,-0.2007319,-0.3790903,1,1,1,0,-0.2499234,-0.49997,0,0.001508743,0.001513959,0.3812436,-0.9191555,0.07952007,-0.3857844,1,0.75,1,0,6.165552E-06,-1.216538E-05,0,-0.001970003,-0.00105264,0.3854942,-0.9147434,0.3613871,0.1806763,1,0.5,0.5,0,0.25,0,0,0,0,0.5032946,-0.8073401,0.5681282,0.1594746,0,0.25,0.5,0,0.5,0,0,0,0,0.663658,-0.6960808,0.7046744,0.1374974,0,0,0.5,0,-5.011237E-05,-0.2499704,0,-0.001906566,0.002341718,0.3755356,-0.925148,0.3654333,-0.1027604,1,0.5,0.75,0,1.90807E-05,-0.5000253,0,-0.0004486834,-0.0004619362,0.4349489,-0.8663576,0.3422851,-0.3636833,1,0.5,1,0,0.25,-0.25,0,0,0,0.4945351,-0.8144509,0.5731321,-0.09049455,0,0.25,0.75,0,0.5,-0.25,0,0,0,0.6561142,-0.7006228,0.7092724,-0.07784698,0,0,0.75,0,0.25,-0.5,0,0,0,0.5471867,-0.773501,0.5443155,-0.3246794,0,0.25,1,0,0.5,-0.5,0,0,0,0.7017071,-0.6740411,0.6823626,-0.2829309,0,0,1
48,0,-0.249997,0.5000787,0,0.0005073847,-0.001949073,0.5472366,-0.7734642,0.06684541,0.6303053,1,0.75,0,0,-0.499952,0.2500551,0,0.001484156,0.0005662444,0.4255419,-0.875163,-0.1944288,0.4430432,1,1,0.25,0,-0.4999645,0.5000666,0,0.0002354384,0.0004768373,0.5602713,-0.7639554,-0.1697344,0.622545,1,1,0,0,-0.2499601,0.2500612,0,0.003280492,0.0009253625,0.4105799,-0.889543,0.07691789,0.4503297,1,0.75,0.25,0,2.578766E-05,0.5000075,0,-5.062904E-05,0.002709032,0.5927609,-0.7412418,0.2928598,0.6039816,1,0.5,0,0,-0.4999612,2.898011E-05,0,0.001735986,0.0002602449,0.3450416,-0.9585328,-0.2129613,0.1893741,1,1,0.5,0,8.75349E-05,0.250001,0,0.004002323,0.003358723,0.4626302,-0.8414447,0.3325135,0.4259174,1,0.5,0.25,0,0.25,0.5,0,0,0,0.6902101,-0.6805521,0.478907,0.5545239,0,0.25,0,0,-0.2499433,2.596081E-05,0,0.003010036,-0.001143591,0.3286231,-0.9775252,0.08454585,0.1931227,1,0.75,0.5,0,-0.4999763,-0.2499906,0,0.00012815,-0.000625849,0.3346196,-0.970502,-0.2156388,-0.1078223,1,1,0.75,0,0.25,0.25,0,0,0,0.5719608,-0.7556247,0.5317358,0.3824767,0,0.25,0.25,0,0.5,0.5,0,0,0,0.8281943,-0.6098505,0.6173795,0.4969153,0,0,0,0,0.5,0.25,0,0,0,0.723356,-0.6621131,0.6702873,0.3351437,0,0,0.25,0,-0.2500328,-0.2499202,0,-0.003985317,0.004775079,0.3179737,-0.9902518,0.0855372,-0.1099305,1,0.75,0.75,0,-0.4999309,-0.4999901,0,0.003132225,-0.003245474,0.3966986,-0.9033136,-0.2006593,-0.3791576,1,1,1,0,-0.2499599,-0.4999754,0,-0.001821668,-0.0002667309,0.3812428,-0.9191564,0.0794788,-0.3857908,1,0.75,1,0,6.492705E-05,-8.125491E-06,0,0.002938076,0.0002019944,0.3855162,-0.9147207,0.3614444,0.1806764,1,0.5,0.5,0,0.25,0,0,0,0,0.5032946,-0.8073401,0.5681282,0.1594746,0,0.25,0.5,0,0.5,0,0,0,0,0.663658,-0.6960808,0.7046744,0.1374974,0,0,0.5,0,6.079175E-05,-0.2500229,0,0.005545209,-0.00262335,0.3755816,-0.9250994,0.3655408,-0.1028149,1,0.5,0.75,0,5.301992E-05,-0.5000088,0,0.001696962,0.0008255247,0.4349545,-0.8663524,0.3423194,-0.3636634,1,0.5,1,0,0.25,-0.25,0,0,0,0.4945351,-0.8144509,0.5731321,-0.09049455,0,0.25,0.75,0,0.5,-0.25,0,0,0,0.6561142,-0.7006228,0.7092724,-0.07784698,0,0,0.75,0,0.25,-0.5,0,0,0,0.5471867,-0.773501,0.5443155,-0.3246794,0,0.25,1,0,0.5,-0.5,0,0,0,0.7017071,-0.6740411,0.6823626,-0.2829309,0,0,1
49,0,-0.2499489,0.5000619,0,0.002405048,-0.0008404258,0.5472292,-0.7734697,0.06689181,0.6302937,1,0.75,0,0,-0.4999377,0.2499977,0,0.0007167461,-0.00287071,0.4255137,-0.8751896,-0.1944193,0.4429947,1,1,0.25,0,-0.4999803,0.5000225,0,-0.0007882717,-0.002208353,0.5602465,-0.7639733,-0.1697533,0.622518,1,1,0,0,-0.2499289,0.2500361,0,0.001560897,-0.001254678,0.410571,-0.8895518,0.07695293,0.4503065,1,0.75,0.25,0,1.621438E-06,0.5000306,0,-0.001208312,0.00115335,0.5927678,-0.741237,0.2928359,0.603999,1,0.5,0,0,-0.4999479,3.783991E-05,0,0.0006631019,0.00044299,0.3450404,-0.958534,-0.2129459,0.1893848,1,1,0.5,0,8.591094E-05,0.250017,0,-8.119826E-05,0.0007987025,0.4626364,-0.8414392,0.3325097,0.4259313,1,0.5,0.25,0,0.25,0.5,0,0,0,0.6902101,-0.6805521,0.478907,0.5545239,0,0.25,0,0,-0.2499677,-1.495216E-05,0,-0.00121817,-0.002045649,0.3286132,-0.977537,0.08451746,0.1930757,1,0.75,0.5,0,-0.4999306,-0.2500249,0,0.002287329,-0.001714379,0.3346134,-0.9705092,-0.2155856,-0.1078642,1,1,0.75,0,0.25,0.25,0,0,0,0.5719608,-0.7556247,0.5317358,0.3824767,0,0.25,0.25,0,0.5,0.5,0,0,0,0.8281943,-0.6098505,0.6173795,0.4969153,0,0,0,0,0.5,0.25,0,0,0,0.723356,-0.6621131,0.6702873,0.3351437,0,0,0.25,0,-0.249961,-0.2499051,0,0.003591926,0.0007569793,0.3179783,-0.9902464,0.08562455,-0.1099114,1,0.75,0.75,0,-0.5000108,-0.5000017,0,-0.003996493,-0.0005781653,0.396719,-0.903293,-0.2007439,-0.3791619,1,1,1,0,-0.2500234,-0.4999489,0,-0.003174694,0.001321733,0.3812276,-0.9191723,0.07940812,-0.3857675,1,0.75,1,0,4.943104E-05,-4.007425E-05,0,-0.0007748008,-0.001597439,0.3855048,-0.9147325,0.3614316,0.1806426,1,0.5,0.5,0,0.25,0,0,0,0,0.5032946,-0.8073401,0.5681282,0.1594746,0,0.25,0.5,0,0.5,0,0,0,0,0.663658,-0.6960808,0.7046744,0.1374974,0,0,0.5,0,-4.81729E-05,-0.2499962,0,-0.005448235,0.001331419,0.375539,-0.9251444,0.3654341,-0.1027895,1,0.5,0.75,0,2.004966E-05,-0.5000402,0,-0.001648514,-0.001573563,0.4349546,-0.8663522,0.342284,-0.3636971,1,0.5,1,0,0.25,-0.25,0,0,0,0.4945351,-0.8144509,0.5731321,-0.09049455,0,0.25,0.75,0,0.5,-0.25,0,0,0,0.6561142,-0.7006228,0.7092724,-0.07784698,0,0,0.75,0,0.25,-0.5,0,0,0,0.5471867,-0.773501,0.5443155,-0.3246794,0,0.25,1,0,0.5,-0.5,0,0,0,0.7017071,-0.6740411,0.6823626,-0.2829309,0,0,1
50,0,-0.2500286,0.5000042,0,-0.003982337,-0.002887846,0.5471874,-0.7735005,0.06681842,0.6302636,1,0.75,0,0,-0.5000488,0.2499961,0,-0.005555155,-7.823113E-05,0.4255347,-0.8751698,-0.1945349,0.442983,1,1,0.25,0,-0.4999737,0.4999732,0,0.0003293158,-0.002464653,0.5602146,-0.7639962,-0.1697522,0.6224901,1,1,0,0,-0.2500253,0.2500108,0,-0.004820528,-0.001262129,0.4105522,-0.8895701,0.07684863,0.4502881,1,0.75,0.25,0,-2.521473E-05,0.5000228,0,-0.001341809,-0.0003904106,0.5927552,-0.7412456,0.2928147,0.6039987,1,0.5,0,0,-0.4999866,-1.087909E-05,0,-0.001934172,-0.002435951,0.3450395,-0.9585351,-0.2129919,0.1893274,1,1,0.5,0,3.242915E-06,0.2499719,0,-0.004133402,-0.002253802,0.4625897,-0.84148,0.3324399,0.4259051,1,0.5,0.25,0,0.25,0.5,0,0,0,0.6902101,-0.6805521,0.478907,0.5545239,0,0.25,0,0,-0.2499595,-1.784351E-05,0,0.0004112722,-0.0001445678,0.3286133,-0.9775369,0.08452738,0.1930722,1,0.75,0.5,0,-0.4999783,-0.2500554,0,-0.002384187,-0.001522899,0.334627,-0.9704934,-0.2156392,-0.107899,1,1,0.75,0,0.25,0.25,0,0,0,0.5719608,-0.7556247,0.5317358,0.3824767,0,0.25,0.25,0,0.5,0.5,0,0,0,0.8281943,-0.6098505,0.6173795,0.4969153,0,0,0,0,0.5,0.25,0,0,0,0.723356,-0.6621131,0.6702873,0.3351437,0,0,0.25,0,-0.2499236,-0.250025,0,0.001869351,-0.005993994,0.3179946,-0.9902266,0.08566854,-0.1100557,1,0.75,0.75,0,-0.5000089,-0.5000103,0,9.83477E-05,-0.0004321338,0.3967219,-0.9032901,-0.200741,-0.3791703,1,1,1,0,-0.2500089,-0.4999794,0,0.0007241967,-0.001525879,0.3812405,-0.9191589,0.0794234,-0.3857964,1,0.75,1,0,8.991099E-05,3.194348E-05,0,0.002023998,0.003600888,0.3855325,-0.9147038,0.361466,0.1807183,1,0.5,0.5,0,0.25,0,0,0,0,0.5032946,-0.8073401,0.5681282,0.1594746,0,0.25,0.5,0,0.5,0,0,0,0,0.663658,-0.6960808,0.7046744,0.1374974,0,0,0.5,0,-5.217383E-05,-0.2499444,0,-0.0002000469,0.002592803,0.3755322,-0.9251516,0.3654324,-0.1027311,1,0.5,0.75,0,4.54712E-05,-0.5000013,0,0.001271078,0.001946092,0.4349492,-0.8663572,0.3423132,-0.3636575,1,0.5,1,0,0.25,-0.25,0,0,0,0.4945351,-0.8144509,0.5731321,-0.09049455,0,0.25,0.75,0,0.5,-0.25,0,0,0,0.6561142,-0.7006228,0.7092724,-0.07784698,0,0,0.75,0,0.25,-0.5,0,0,0,0.5471867,-0.773501,0.5443155,-0.3246794,0,0.25,1,0,0.5,-0.5,0,0,0,0.7017071,-0.6740411,0.6823626,-0.2829309,0,0,1
51,0,-0.2499901,0.4999058,0,0.001923741,-0.004917385,0.547128,-0.7735444,0.06685896,0.6302055,1,0.75,0,0,-0.50001,0.2499894,0,0.001940132,-0.0003337862,0.4255242,-0.8751797,-0.1944952,0.4429808,1,1,0.25,0,-0.4999574,0.500023,0,0.0008136038,0.002491475,0.5602429,-0.7639759,-0.1697323,0.6225206,1,1,0,0,-0.2499867,0.249973,0,0.001931936,-0.001890213,0.4105381,-0.8895838,0.07689226,0.4502535,1,0.75,0.25,0,3.718534E-05,0.4999639,0,0.003120005,-0.00294298,0.5927379,-0.7412574,0.2928764,0.6039544,1,0.5,0,0,-0.5000107,1.42233E-05,0,-0.001204014,0.00125512,0.3450493,-0.9585239,-0.213018,0.1893549,1,1,0.5,0,1.668233E-05,0.2499097,0,0.0006719712,-0.003108383,0.4625677,-0.8414992,0.3324615,0.4258503,1,0.5,0.25,0,0.25,0.5,0,0,0,0.6902101,-0.6805521,0.478907,0.5545239,0,0.25,0,0,-0.250043,-4.511572E-05,0,-0.004176052,-0.001363611,0.3286009,-0.9775514,0.08442784,0.1930421,1,0.75,0.5,0,-0.4999914,-0.2500081,0,-0.0006571414,0.002363325,0.3346247,-0.9704961,-0.2156555,-0.1078426,1,1,0.75,0,0.25,0.25,0,0,0,0.5719608,-0.7556247,0.5317358,0.3824767,0,0.25,0.25,0,0.5,0.5,0,0,0,0.8281943,-0.6098505,0.6173795,0.4969153,0,0,0,0,0.5,0.25,0,0,0,0.723356,-0.6621131,0.6702873,0.3351437,0,0,0.25,0,-0.249953,-0.2499797,0,-0.001470745,0.002261997,0.3179871,-0.9902356,0.08563337,-0.1100014,1,0.75,0.75,0,-0.4999575,-0.5000478,0,0.002570451,-0.001874567,0.3967258,-0.9032861,-0.2006828,-0.3792104,1,1,1,0,-0.2499977,-0.5000327,0,0.0005580487,-0.002664329,0.3812619,-0.9191365,0.07943413,-0.3858475,1,0.75,1,0,-2.575216E-05,2.215486E-05,0,-0.00578316,-0.0004894313,0.3854889,-0.9147489,0.3613532,0.1807162,1,0.5,0.5,0,0.25,0,0,0,0,0.5032946,-0.8073401,0.5681282,0.1594746,0,0.25,0.5,0,0.5,0,0,0,0,0.663658,-0.6960808,0.7046744,0.1374974,0,0,0.5,0,-2.90909E-05,-0.2500276,0,0.001154147,-0.004162641,0.3755492,-0.9251336,0.3654517,-0.1028242,1,0.5,0.75,0,3.17406E-05,-0.4999585,0,-0.0006865301,0.002139808,0.434929,-0.866376,0.3423059,-0.3636196,1,0.5,1,0,0.25,-0.25,0,0,0,0.4945351,-0.8144509,0.5731321,-0.09049455,0,0.25,0.75,0,0.5,-0.25,0,0,0,0.6561142,-0.7006228,0.7092724,-0.07784698,0,0,0.75,0,0.25,-0.5,0,0,0,0.5471867,-0.773501,0.5443155,-0.3246794,0,0.25,1,0,0.5,-0.5,0,0,0,0.7017071,-0.6740411,0.6823626,-0.2829309,0,0,1
52,0,-0.2499675,0.4999955,0,0.001128763,0.004482271,0.547186,-0.7735016,0.06687681,0.6302562,1,0.75,0,0,-0.4999763,0.2499145,0,0.001686812,-0.003745408,0.4254844,-0.8752173,-0.1944671,0.4429189,1,1,0.25,0,-0.4999869,0.4999836,0,-0.001475216,-0.001969934,0.5602235,-0.7639899,-0.1697632,0.6224948,1,1,0,0,-0.2499947,0.2499659,0,-0.0004023315,-0.000356883,0.4105343,-0.8895876,0.07688374,0.4502476,1,0.75,0.25,0,7.524387E-05,0.5000275,0,0.001902927,0.003178419,0.5927875,-0.7412237,0.292898,0.6039852,1,0.5,0,0,-0.4999482,-3.417522E-05,0,0.003123285,-0.002419927,0.3450269,-0.9585494,-0.2129497,0.1893027,1,1,0.5,0,5.884216E-05,0.2500035,0,0.002107992,0.004687162,0.4626217,-0.8414521,0.3324866,0.4259238,1,0.5,0.25,0,0.25,0.5,0,0,0,0.6902101,-0.6805521,0.478907,0.5545239,0,0.25,0,0,-0.2500393,-5.565202E-05,0,0.0001832844,-0.0005268148,0.3285992,-0.9775534,0.08443244,0.1930298,1,0.75,0.5,0,-0.4999808,-0.250015,0,0.0005304816,-0.0003457071,0.3346232,-0.9704978,-0.2156432,-0.1078511,1,1,0.75,0,0.25,0.25,0,0,0,0.5719608,-0.7556247,0.5317358,0.3824767,0,0.25,0.25,0,0.5,0.5,0,0,0,0.8281943,-0.6098505,0.6173795,0.4969153,0,0,0,0,0.5,0.25,0,0,0,0.723356,-0.6621131,0.6702873,0.3351437,0,0,0.25,0,-0.2499359,-0.2499997,0,0.0008575622,-0.000996143,0.3179908,-0.9902312,0.08565395,-0.1100253,1,0.75,0.75,0,-0.4999538,-0.5000584,0,0.0001847745,-0.0005304816,0.3967291,-0.9032828,-0.200678,-0.3792209,1,1,1,0,-0.249999,-0.4999965,0,-6.63102E-05,0.001811982,0.3812478,-0.9191512,0.0794339,-0.3858126,1,0.75,1,0,-1.869313E-05,-2.567459E-05,0,0.0003529515,-0.002391474,0.3854828,-0.9147552,0.3613636,0.1806634,1,0.5,0.5,0,0.25,0,0,0,0,0.5032946,-0.8073401,0.5681282,0.1594746,0,0.25,0.5,0,0.5,0,0,0,0,0.663658,-0.6960808,0.7046744,0.1374974,0,0,0.5,0,-2.386364E-05,-0.2499676,0,0.0002613631,0.00300184,0.3755449,-0.9251382,0.3654594,-0.1027561,1,0.5,0.75,0,1.9439E-05,-0.4999514,0,-0.0006150803,0.000357628,0.4349221,-0.8663824,0.3422953,-0.3636146,1,0.5,1,0,0.25,-0.25,0,0,0,0.4945351,-0.8144509,0.5731321,-0.09049455,0,0.25,0.75,0,0.5,-0.25,0,0,0,0.6561142,-0.7006228,0.7092724,-0.07784698,0,0,0.75,0,0.25,-0.5,0,0,0,0.5471867,-0.773501,0.5443155,-0.3246794,0,0.25,1,0,0.5,-0.5,0,0,0,0.7017071,-0.6740411,0.6823626,-0.2829309,0,0,1
53,0,-0.2500039,0.4999855,0,-0.001817197,-0.000497699,0.5471773,-0.773508,0.06684266,0.6302519,1,0.75,0,0,-0.499985,0.2499872,0,-0.0004351141,0.003631414,0.4255183,-0.8751853,-0.1944694,0.4429812,1,1,0.25,0,-0.500001,0.4999774,0,-0.0007033351,-0.0003129245,0.5602219,-0.763991,-0.1697767,0.6224898,1,1,0,0,-0.2499867,0.2500086,0,0.0004015864,0.002138318,0.4105542,-0.8895681,0.07689088,0.4502847,1,0.75,0.25,0,3.491904E-05,0.5000475,0,-0.002016242,0.001001358,0.5927877,-0.7412235,0.292861,0.6040034,1,0.5,0,0,-0.4999685,-6.433119E-05,0,-0.001013279,-0.001507799,0.3450255,-0.958551,-0.212974,0.1892673,1,1,0.5,0,2.749655E-05,0.2499981,0,-0.001567281,-0.000267476,0.462609,-0.8414631,0.3324585,0.4259239,1,0.5,0.25,0,0.25,0.5,0,0,0,0.6902101,-0.6805521,0.478907,0.5545239,0,0.25,0,0,-0.2499882,2.387433E-06,0,0.00255704,0.002901973,0.3286148,-0.9775351,0.08449257,0.1930962,1,0.75,0.5,0,-0.4999105,-0.2500523,0,0.003516675,-0.001865626,0.334612,-0.9705108,-0.2155618,-0.1078972,1,1,0.75,0,0.25,0.25,0,0,0,0.5719608,-0.7556247,0.5317358,0.3824767,0,0.25,0.25,0,0.5,0.5,0,0,0,0.8281943,-0.6098505,0.6173795,0.4969153,0,0,0,0,0.5,0.25,0,0,0,0.723356,-0.6621131,0.6702873,0.3351437,0,0,0.25,0,-0.2499549,-0.2499945,0,-0.0009521845,0.000255555,0.3179886,-0.9902339,0.0856309,-0.1100193,1,0.75,0.75,0,-0.4998792,-0.5001066,0,0.003731252,-0.002411009,0.3967324,-0.9032795,-0.200594,-0.3792733,1,1,1,0,-0.249997,-0.5000259,0,0.0001005829,-0.001469255,0.3812593,-0.9191392,0.07943514,-0.3858409,1,0.75,1,0,-8.458241E-06,1.687152E-05,0,0.0005117446,0.002127307,0.3854942,-0.9147435,0.3613706,0.1807091,1,0.5,0.5,0,0.25,0,0,0,0,0.5032946,-0.8073401,0.5681282,0.1594746,0,0.25,0.5,0,0.5,0,0,0,0,0.663658,-0.6960808,0.7046744,0.1374974,0,0,0.5,0,-2.834293E-05,-0.2500019,0,-0.0002239645,-0.00171736,0.3755468,-0.9251361,0.3654535,-0.1027951,1,0.5,0.75,0,6.263101E-05,-0.4999925,0,0.002159602,-0.002059341,0.4349519,-0.8663547,0.3423306,-0.3636471,1,0.5,1,0,0.25,-0.25,0,0,0,0.4945351,-0.8144509,0.5731321,-0.09049455,0,0.25,0.75,0,0.5,-0.25,0,0,0,0.6561142,-0.7006228,0.7092724,-0.07784698,0,0,0.75,0,0.25,-0.5,0,0,0,0.5471867,-0.773501,0.5443155,-0.3246794,0,0.25,1,0,0.5,-0.5,0,0,0,0.7017071,-0.6740411,0.6823626,-0.2829309,0,0,1
54,0,-0.2500274,0.4999869,0,-0.001177192,6.705525E-05,0.5471766,-0.7735085,0.06682023,0.6302536,1,0.75,0,0,-0.4999376,0.249956,0,0.002367795,-0.001560152,0.4254953,-0.8752071,-0.1944231,0.4429585,1,1,0.25,0,-0.4999743,0.4999788,0,0.001335145,7.301572E-05,0.5602182,-0.7639937,-0.1697522,0.6224934,1,1,0,0,-0.2499406,0.2499509,0,0.00230372,-0.002885611,0.4105318,-0.8895901,0.07694338,0.4502324,1,0.75,0.25,0,3.22747E-05,0.5000163,0,-0.0001322173,-0.001561642,0.5927681,-0.7412369,0.2928638,0.6039857,1,0.5,0,0,-0.4999864,-4.737797E-05,0,-0.0008985404,0.0008476618,0.3450325,-0.958543,-0.2129935,0.1892858,1,1,0.5,0,0.0001185077,0.2499573,0,0.004550558,-0.002042205,0.4626219,-0.8414519,0.3325485,0.4258757,1,0.5,0.25,0,0.25,0.5,0,0,0,0.6902101,-0.6805521,0.478907,0.5545239,0,0.25,0,0,-0.2499967,-3.256373E-05,0,-0.0004239382,-0.001747559,0.3286073,-0.9775439,0.0844831,0.1930558,1,0.75,0.5,0,-0.4999752,-0.2500893,0,-0.003235043,-0.001846255,0.33463,-0.97049,-0.2156347,-0.1079392,1,1,0.75,0,0.25,0.25,0,0,0,0.5719608,-0.7556247,0.5317358,0.3824767,0,0.25,0.25,0,0.5,0.5,0,0,0,0.8281943,-0.6098505,0.6173795,0.4969153,0,0,0,0,0.5,0.25,0,0,0,0.723356,-0.6621131,0.6702873,0.3351437,0,0,0.25,0,-0.2500103,-0.2500311,0,-0.002772362,-0.001825393,0.3179879,-0.9902347,0.08556319,-0.1100641,1,0.75,0.75,0,-0.5000091,-0.5000399,0,-0.006495419,0.003337862,0.3967332,-0.9032788,-0.2007387,-0.3791985,1,1,1,0,-0.2500594,-0.5000471,0,-0.003116579,-0.001063943,0.3812626,-0.9191358,0.07936411,-0.3858636,1,0.75,1,0,3.860643E-05,1.951268E-05,0,0.002353234,0.0001320581,0.3855117,-0.9147254,0.3614165,0.1807085,1,0.5,0.5,0,0.25,0,0,0,0,0.5032946,-0.8073401,0.5681282,0.1594746,0,0.25,0.5,0,0.5,0,0,0,0,0.663658,-0.6960808,0.7046744,0.1374974,0,0,0.5,0,-2.437112E-05,-0.250031,0,0.0001985903,-0.001451374,0.3755512,-0.9251315,0.3654562,-0.1028278,1,0.5,0.75,0,-2.313855E-05,-0.5000203,0,-0.00428848,-0.001388789,0.4349326,-0.8663726,0.3422459,-0.3636843,1,0.5,1,0,0.25,-0.25,0,0,0,0.4945351,-0.8144509,0.5731321,-0.09049455,0,0.25,0.75,0,0.5,-0.25,0,0,0,0.6561142,-0.7006228,0.7092724,-0.07784698,0,0,0.75,0,0.25,-0.5,0,0,0,0.5471867,-0.773501,0.5443155,-0.3246794,0,0.25,1,0,0.5,-0.5,0,0,0,0.7017071,-0.6740411,0.6823626,-0.2829309,0,0,1
55,0,-0.2499676,0.4999679,0,0.002988429,-0.0009492043,0.5471686,-0.7735144,0.06687781,0.6302403,1,0.75,0,0,-0.4999295,0.2499697,0,0.0004038216,0.0006884339,0.4254998,-0.8752028,-0.1944134,0.4429712,1,1,0.25,0,-0.500017,0.4999145,0,-0.002133847,-0.003217162,0.5601854,-0.7640173,-0.1697976,0.622452,1,1,0,0,-0.2500451,0.2499369,0,-0.005225839,-0.00070259,0.4105174,-0.8896041,0.07682981,0.4502241,1,0.75,0.25,0,1.879211E-05,0.4999471,0,-0.0006741296,-0.003460051,0.5927223,-0.7412679,0.2928638,0.6039476,1,0.5,0,0,-0.4999608,-6.587755E-05,0,0.00128001,-0.0009249797,0.3450236,-0.9585531,-0.2129655,0.1892659,1,1,0.5,0,6.099035E-06,0.2498943,0,-0.005620434,-0.003147871,0.4625577,-0.841508,0.332454,0.4258387,1,0.5,0.25,0,0.25,0.5,0,0,0,0.6902101,-0.6805521,0.478907,0.5545239,0,0.25,0,0,-0.2499629,-2.022145E-05,0,0.001688302,0.0006171144,0.3286125,-0.9775378,0.08452332,0.1930695,1,0.75,0.5,0,-0.4999713,-0.2500143,0,0.0001937152,0.003746153,0.334621,-0.9705003,-0.2156324,-0.1078506,1,1,0.75,0,0.25,0.25,0,0,0,0.5719608,-0.7556247,0.5317358,0.3824767,0,0.25,0.25,0,0.5,0.5,0,0,0,0.8281943,-0.6098505,0.6173795,0.4969153,0,0,0,0,0.5,0.25,0,0,0,0.723356,-0.6621131,0.6702873,0.3351437,0,0,0.25,0,-0.2499659,-0.2499758,0,0.002223999,0.002760441,0.3179856,-0.9902375,0.0856178,-0.1099969,1,0.75,0.75,0,-0.5000625,-0.5000058,0,-0.002673269,0.001701713,0.396731,-0.9032809,-0.2007988,-0.3791615,1,1,1,0,-0.2499771,-0.5000347,0,0.004114212,0.0006198885,0.3812643,-0.919134,0.07945733,-0.3858488,1,0.75,1,0,7.839327E-05,1.948816E-05,0,0.001989343,-1.226363E-06,0.3855261,-0.9147105,0.3614556,0.1807056,1,0.5,0.5,0,0.25,0,0,0,0,0.5032946,-0.8073401,0.5681282,0.1594746,0,0.25,0.5,0,0.5,0,0,0,0,0.663658,-0.6960808,0.7046744,0.1374974,0,0,0.5,0,-1.193297E-05,-0.2500345,0,0.0006219081,-0.0001743437,0.3755562,-0.9251263,0.3654684,-0.1028312,1,0.5,0.75,0,1.046122E-05,-0.4999664,0,0.001679989,0.002695621,0.4349245,-0.8663801,0.3422848,-0.3636298,1,0.5,1,0,0.25,-0.25,0,0,0,0.4945351,-0.8144509,0.5731321,-0.09049455,0,0.25,0.75,0,0.5,-0.25,0,0,0,0.6561142,-0.7006228,0.7092724,-0.07784698,0,0,0.75,0,0.25,-0.5,0,0,0,0.5471867,-0.773501,0.5443155,-0.3246794,0,0.25,1,0,0.5,-0.5,0,0,0,0.7017071,-0.6740411,0.6823626,-0.2829309,0,0,1
56,0,-0.2500085,0.4999594,0,-0.002042205,-0.0004246833,0.5471605,-0.7735204,0.06683932,0.6302371,1,0.75,0,0,-0.5000344,0.2500106,0,-0.00524223,0.002042205,0.4255382,-0.8751664,-0.1945186,0.4429969,1,1,0.25,0,-0.4999833,0.4999749,0,0.001683832,0.003021957,0.5602174,-0.7639943,-0.1697608,0.6224902,1,1,0,0,-0.2499762,0.2500197,0,0.003445895,0.004142525,0.41056,-0.8895625,0.0769019,0.450294,1,0.75,0.25,0,2.949741E-05,0.5000181,0,0.0005352651,0.003549458,0.5927684,-0.7412366,0.2928612,0.6039872,1,0.5,0,0,-0.499998,5.915137E-06,0,-0.001856685,0.003589636,0.3450451,-0.9585288,-0.213004,0.189346,1,1,0.5,0,2.475085E-05,0.2499685,0,0.0009325909,0.0037089,0.4625955,-0.841475,0.3324603,0.4258991,1,0.5,0.25,0,0.25,0.5,0,0,0,0.6902101,-0.6805521,0.478907,0.5545239,0,0.25,0,0,-0.2499936,-2.150264E-07,0,-0.001532585,0.001000321,0.3286138,-0.9775362,0.08448619,0.1930933,1,0.75,0.5,0,-0.4999741,-0.250026,0,-0.000140071,-0.0005841258,0.3346229,-0.9704981,-0.2156352,-0.1078643,1,1,0.75,0,0.25,0.25,0,0,0,0.5719608,-0.7556247,0.5317358,0.3824767,0,0.25,0.25,0,0.5,0.5,0,0,0,0.8281943,-0.6098505,0.6173795,0.4969153,0,0,0,0,0.5,0.25,0,0,0,0.723356,-0.6621131,0.6702873,0.3351437,0,0,0.25,0,-0.2499631,-0.25003,0,0.0001370907,-0.002709777,0.3179918,-0.99023,0.08562051,-0.1100623,1,0.75,0.75,0,-0.500032,-0.4999971,0,0.001525879,0.0004351141,0.3967216,-0.9032904,-0.2007669,-0.3791558,1,1,1,0,-0.2500215,-0.4999838,0,-0.002223254,0.002548099,0.3812411,-0.9191582,0.07940897,-0.3858011,1,0.75,1,0,2.654524E-05,2.911795E-06,0,-0.002592403,-0.0008288185,0.3855043,-0.914733,0.361406,0.1806913,1,0.5,0.5,0,0.25,0,0,0,0,0.5032946,-0.8073401,0.5681282,0.1594746,0,0.25,0.5,0,0.5,0,0,0,0,0.663658,-0.6960808,0.7046744,0.1374974,0,0,0.5,0,-2.793042E-05,-0.2500073,0,-0.0007998728,0.001356006,0.3755475,-0.9251354,0.3654537,-0.1028012,1,0.5,0.75,0,1.426372E-05,-0.5000293,0,0.0001901254,-0.003145636,0.4349487,-0.8663577,0.34228,-0.3636877,1,0.5,1,0,0.25,-0.25,0,0,0,0.4945351,-0.8144509,0.5731321,-0.09049455,0,0.25,0.75,0,0.5,-0.25,0,0,0,0.6561142,-0.7006228,0.7092724,-0.07784698,0,0,0.75,0,0.25,-0.5,0,0,0,0.5471867,-0.773501,0.5443155,-0.3246794,0,0.25,1,0,0.5,-0.5,0,0,0,0.7017071,-0.6740411,0.6823626,-0.2829309,0,0,1
57,0,-0.250002,0.5000508,0,0.0003263355,0.004570188,0.5472186,-0.7734775,0.06684185,0.6302894,1,0.75,0,0,-0.4999985,0.2500766,0,0.001797081,0.003302099,0.4255605,-0.8751454,-0.1944751,0.4430576,1,1,0.25,0,-0.4999435,0.500046,0,0.001989306,0.003555418,0.5602548,-0.7639673,-0.1697173,0.6225352,1,1,0,0,-0.2500169,0.2500377,0,-0.002034754,0.0008985404,0.410565,-0.8895576,0.07685678,0.4503113,1,0.75,0.25,0,3.493633E-05,0.4999843,0,0.0002719458,-0.001689792,0.5927495,-0.7412495,0.2928713,0.6039667,1,0.5,0,0,-0.4999915,7.754174E-05,0,0.0003248454,0.003581331,0.3450572,-0.9585149,-0.2129932,0.189428,1,1,0.5,0,-8.508947E-06,0.2500438,0,-0.00166299,0.00376776,0.4626165,-0.8414566,0.3324184,0.425968,1,0.5,0.25,0,0.25,0.5,0,0,0,0.6902101,-0.6805521,0.478907,0.5545239,0,0.25,0,0,-0.2500148,6.048785E-05,0,-0.001060963,0.003035145,0.3286237,-0.9775245,0.08445958,0.1931643,1,0.75,0.5,0,-0.4999387,-0.2500122,0,0.001768769,0.0006884339,0.3346138,-0.9705088,-0.2155952,-0.107849,1,1,0.75,0,0.25,0.25,0,0,0,0.5719608,-0.7556247,0.5317358,0.3824767,0,0.25,0.25,0,0.5,0.5,0,0,0,0.8281943,-0.6098505,0.6173795,0.4969153,0,0,0,0,0.5,0.25,0,0,0,0.723356,-0.6621131,0.6702873,0.3351437,0,0,0.25,0,-0.2499228,-0.2500553,0,0.002016128,-0.001260639,0.3179981,-0.9902224,0.08566914,-0.1100923,1,0.75,0.75,0,-0.4999504,-0.4999855,0,0.004078449,0.0005811455,0.3967008,-0.9033113,-0.2006806,-0.3791516,1,1,1,0,-0.2500146,-0.5000598,0,0.0003457071,-0.003802778,0.3812711,-0.919127,0.07941411,-0.3858743,1,0.75,1,0,4.415858E-05,3.345153E-05,0,0.0008806677,0.001526987,0.3855162,-0.9147207,0.361421,0.1807233,1,0.5,0.5,0,0.25,0,0,0,0,0.5032946,-0.8073401,0.5681282,0.1594746,0,0.25,0.5,0,0.5,0,0,0,0,0.663658,-0.6960808,0.7046744,0.1374974,0,0,0.5,0,-2.480486E-05,-0.2499442,0,0.0001562778,0.003158302,0.3755422,-0.925141,0.3654595,-0.1027297,1,0.5,0.75,0,3.21084E-05,-0.5000281,0,0.0008922341,5.960467E-05,0.4349543,-0.8663524,0.342297,-0.3636842,1,0.5,1,0,0.25,-0.25,0,0,0,0.4945351,-0.8144509,0.5731321,-0.09049455,0,0.25,0.75,0,0.5,-0.25,0,0,0,0.6561142,-0.7006228,0.7092724,-0.07784698,0,0,0.75,0,0.25,-0.5,0,0,0,0.5471867,-0.773501,0.5443155,-0.3246794,0,0.25,1,0,0.5,-0.5,0,0,0,0.7017071,-0.6740411,0.6823626,-0.2829309,0,0,1
58,0,-0.2499444,0.5000044,0,0.002877415,-0.002321602,0.5471932,-0.7734963,0.06689843,0.6302604,1,0.75,0,0,-0.4999725,0.2500638,0,0.001297892,-0.0006407502,0.4255498,-0.8751555,-0.1944493,0.4430489,1,1,0.25,0,-0.4999264,0.4999729,0,0.0008538369,-0.003656746,0.5602065,-0.7640021,-0.1697089,0.6224946,1,1,0,0,-0.2500193,0.2500037,0,-0.0001177192,-0.001701713,0.4105495,-0.8895727,0.07685551,0.4502816,1,0.75,0.25,0,0.0001150922,0.4999882,0,0.004007797,0.0001952053,0.5927753,-0.741232,0.2929377,0.6039559,1,0.5,0,0,-0.4999539,2.280039E-05,0,0.001879037,-0.002737068,0.3450389,-0.9585358,-0.2129534,0.1893674,1,1,0.5,0,2.132285E-05,0.2499766,0,0.001491591,-0.003362448,0.4625978,-0.8414729,0.3324559,0.4259064,1,0.5,0.25,0,0.25,0.5,0,0,0,0.6902101,-0.6805521,0.478907,0.5545239,0,0.25,0,0,-0.2499991,3.718391E-06,0,0.0007823113,-0.002838474,0.3286141,-0.9775358,0.08447944,0.193098,1,0.75,0.5,0,-0.4999552,-0.2499553,0,-0.0008225444,0.002847613,0.3346112,-0.9705118,-0.2156156,-0.1077811,1,1,0.75,0,0.25,0.25,0,0,0,0.5719608,-0.7556247,0.5317358,0.3824767,0,0.25,0.25,0,0.5,0.5,0,0,0,0.8281943,-0.6098505,0.6173795,0.4969153,0,0,0,0,0.5,0.25,0,0,0,0.723356,-0.6621131,0.6702873,0.3351437,0,0,0.25,0,-0.2499124,-0.2500242,0,0.0005207958,0.001554192,0.3179955,-0.9902255,0.08568215,-0.1100546,1,0.75,0.75,0,-0.4999672,-0.4999066,0,-0.0008404258,0.003947319,0.3966742,-0.9033381,-0.2007053,-0.3790748,1,1,1,0,-0.2499852,-0.4999712,0,0.001472235,0.004434587,0.3812392,-0.9191602,0.0794504,-0.3857876,1,0.75,1,0,6.6184E-06,-1.767153E-05,0,-0.00187701,-0.002556154,0.3854934,-0.9147443,0.3613879,0.1806703,1,0.5,0.5,0,0.25,0,0,0,0,0.5032946,-0.8073401,0.5681282,0.1594746,0,0.25,0.5,0,0.5,0,0,0,0,0.663658,-0.6960808,0.7046744,0.1374974,0,0,0.5,0,-5.317745E-07,-0.25004,0,0.001213655,-0.00479147,0.3755609,-0.9251213,0.3654794,-0.1028369,1,0.5,0.75,0,7.469179E-05,-0.4999629,0,0.002129171,0.003263356,0.4349452,-0.8663609,0.3423459,-0.363618,1,0.5,1,0,0.25,-0.25,0,0,0,0.4945351,-0.8144509,0.5731321,-0.09049455,0,0.25,0.75,0,0.5,-0.25,0,0,0,0.6561142,-0.7006228,0.7092724,-0.07784698,0,0,0.75,0,0.25,-0.5,0,0,0,0.5471867,-0.773501,0.5443155,-0.3246794,0,0.25,1,0,0.5,-0.5,0,0,0,0.7017071,-0.6740411,0.6823626,-0.2829309,0,0,1
59,0,-0.2500235,0.4999717,0,-0.003951789,-0.001630188,0.5471673,-0.7735153,0.0668246,0.6302448,1,0.75,0,0,-0.4999751,0.2500256,0,-0.0001326204,-0.001908839,0.4255334,-0.875171,-0.1944556,0.4430155,1,1,0.25,0,-0.4999859,0.5000545,0,-0.002971293,0.004079939,0.5602673,-0.7639583,-0.1697552,0.6225359,1,1,0,0,-0.2500086,0.2500284,0,0.0005304816,0.001238287,0.4105614,-0.8895611,0.07686615,0.4503029,1,0.75,0.25,0,3.695999E-05,0.4999917,0,-0.003906613,0.000178814,0.5927546,-0.741246,0.2928717,0.6039707,1,0.5,0,0,-0.4999518,7.010512E-07,0,0.0001057983,-0.001104967,0.3450342,-0.958541,-0.2129521,0.1893423,1,1,0.5,0,1.724789E-05,0.2499743,0,-0.0002037484,-0.0001132489,0.4625955,-0.841475,0.3324525,0.4259051,1,0.5,0.25,0,0.25,0.5,0,0,0,0.6902101,-0.6805521,0.478907,0.5545239,0,0.25,0,0,-0.2500247,-2.309231E-06,0,-0.00128001,-0.0003013812,0.3286108,-0.9775398,0.08444889,0.1930915,1,0.75,0.5,0,-0.4999337,-0.2499847,0,0.001072884,-0.001472235,0.3346097,-0.9705135,-0.2155903,-0.1078166,1,1,0.75,0,0.25,0.25,0,0,0,0.5719608,-0.7556247,0.5317358,0.3824767,0,0.25,0.25,0,0.5,0.5,0,0,0,0.8281943,-0.6098505,0.6173795,0.4969153,0,0,0,0,0.5,0.25,0,0,0,0.723356,-0.6621131,0.6702873,0.3351437,0,0,0.25,0,-0.249895,-0.2499593,0,0.0008702282,0.003244729,0.3179898,-0.9902323,0.08570402,-0.109976,1,0.75,0.75,0,-0.4999545,-0.4999686,0,0.0006362798,-0.003100933,0.3966952,-0.903317,-0.2006864,-0.3791351,1,1,1,0,-0.2500131,-0.4999753,0,-0.00139773,-0.0002071262,0.3812385,-0.9191609,0.07941873,-0.3857926,1,0.75,1,0,-1.12917E-05,4.930573E-06,0,-0.0008955054,0.001130106,0.385491,-0.9147467,0.3613687,0.1806963,1,0.5,0.5,0,0.25,0,0,0,0,0.5032946,-0.8073401,0.5681282,0.1594746,0,0.25,0.5,0,0.5,0,0,0,0,0.663658,-0.6960808,0.7046744,0.1374974,0,0,0.5,0,-3.66316E-05,-0.2499793,0,-0.001804992,0.003033878,0.3755414,-0.9251418,0.3654463,-0.1027699,1,0.5,0.75,0,2.196015E-06,-0.5000198,0,-0.00362479,-0.002846123,0.4349411,-0.8663647,0.3422699,-0.3636804,1,0.5,1,0,0.25,-0.25,0,0,0,0.4945351,-0.8144509,0.5731321,-0.09049455,0,0.25,0.75,0,0.5,-0.25,0,0,0,0.6561142,-0.7006228,0.7092724,-0.07784698,0,0,0.75,0,0.25,-0.5,0,0,0,0.5471867,-0.773501,0.5443155,-0.3246794,0,0.25,1,0,0.5,-0.5,0,0,0,0.7017071,-0.6740411,0.6823626,-0.2829309,0,0,1
60,0,-0.2499448,0.5000267,0,0.003933908,0.002747775,0.5472072,-0.7734859,0.06689718,0.6302732,1,0.75,0,0,-0.499988,0.2500663,0,-0.0006437304,0.002031029,0.4255539,-0.8751516,-0.1944652,0.4430496,1,1,0.25,0,-0.4999257,0.5000034,0,0.003008546,-0.00255406,0.5602254,-0.7639885,-0.1697052,0.6225124,1,1,0,0,-0.249967,0.2500024,0,0.002080203,-0.001299382,0.4105529,-0.8895694,0.07691256,0.4502786,1,0.75,0.25,0,9.058925E-05,0.4999268,0,0.002681464,-0.003248455,0.5927311,-0.741262,0.2929271,0.6039242,1,0.5,0,0,-0.5000303,5.05265E-05,0,-0.003927947,0.002491273,0.3450604,-0.9585114,-0.2130384,0.1893954,1,1,0.5,0,7.103118E-05,0.2499712,0,0.002689166,-0.0001586974,0.462612,-0.8414605,0.3325026,0.4258945,1,0.5,0.25,0,0.25,0.5,0,0,0,0.6902101,-0.6805521,0.478907,0.5545239,0,0.25,0,0,-0.2500423,-8.080242E-07,0,-0.0008791689,7.506036E-05,0.3286096,-0.9775412,0.08442779,0.1930936,1,0.75,0.5,0,-0.5000325,-0.2500038,0,-0.004941227,-0.0009551648,0.3346331,-0.9704863,-0.2157026,-0.1078364,1,1,0.75,0,0.25,0.25,0,0,0,0.5719608,-0.7556247,0.5317358,0.3824767,0,0.25,0.25,0,0.5,0.5,0,0,0,0.8281943,-0.6098505,0.6173795,0.4969153,0,0,0,0,0.5,0.25,0,0,0,0.723356,-0.6621131,0.6702873,0.3351437,0,0,0.25,0,-0.2500688,-0.2499797,0,-0.008690361,-0.00101924,0.3179772,-0.9902477,0.08549286,-0.1100027,1,0.75,0.75,0,-0.5000291,-0.4999518,0,-0.003731252,0.0008374456,0.3967038,-0.9033083,-0.2007677,-0.3791127,1,1,1,0,-0.2499976,-0.4999821,0,0.0007756057,-0.0003427269,0.3812424,-0.9191568,0.07943599,-0.3857987,1,0.75,1,0,-2.957662E-05,1.950145E-05,0,-0.0009142463,0.0007285442,0.3854871,-0.9147508,0.3613496,0.1807135,1,0.5,0.5,0,0.25,0,0,0,0,0.5032946,-0.8073401,0.5681282,0.1594746,0,0.25,0.5,0,0.5,0,0,0,0,0.663658,-0.6960808,0.7046744,0.1374974,0,0,0.5,0,5.081999E-05,-0.2499824,0,0.004372581,-0.0001542271,0.3755738,-0.9251077,0.3655327,-0.1027696,1,0.5,0.75,0,2.330784E-05,-0.5000003,0,0.001055592,0.0009745363,0.4349412,-0.8663646,0.3422924,-0.3636595,1,0.5,1,0,0.25,-0.25,0,0,0,0.4945351,-0.8144509,0.5731321,-0.09049455,0,0.25,0.75,0,0.5,-0.25,0,0,0,0.6561142,-0.7006228,0.7092724,-0.07784698,0,0,0.75,0,0.25,-0.5,0,0,0,0.5471867,-0.773501,0.5443155,-0.3246794,0,0.25,1,0,0.5,-0.5,0,0,0,0.7017071,-0.6740411,0.6823626,-0.2829309,0,0,1
61,0,-0.2499812,0.4999872,0,-0.001821668,-0.001972914,0.5471799,-0.773506,0.06686414,0.6302519,1,0.75,0,0,-0.4999863,0.2500026,0,8.642677E-05,-0.003181399,0.4255254,-0.8751786,-0.1944693,0.4429945,1,1,0.25,0,-0.4999726,0.4999851,0,-0.002343954,-0.0009149316,0.5602219,-0.763991,-0.1697499,0.6224971,1,1,0,0,-0.2499899,0.2499993,0,-0.001143665,-0.0001564623,0.4105498,-0.8895725,0.0768877,0.4502767,1,0.75,0.25,0,3.799557E-05,0.500055,0,-0.002629685,0.006408992,0.5927931,-0.7412199,0.2928624,0.6040072,1,0.5,0,0,-0.4999985,3.905126E-05,0,0.001592935,-0.0005737622,0.3450515,-0.9585215,-0.213003,0.1893838,1,1,0.5,0,4.129214E-05,0.2500115,0,-0.001486953,0.002019108,0.4626193,-0.8414541,0.3324692,0.4259332,1,0.5,0.25,0,0.25,0.5,0,0,0,0.6902101,-0.6805521,0.478907,0.5545239,0,0.25,0,0,-0.2499841,-9.77401E-06,0,0.002912433,-0.0004482995,0.3286127,-0.9775375,0.08449776,0.193082,1,0.75,0.5,0,-0.4999583,-0.2499744,0,0.003710391,0.00147298,0.3346139,-0.9705086,-0.2156187,-0.1078036,1,1,0.75,0,0.25,0.25,0,0,0,0.5719608,-0.7556247,0.5317358,0.3824767,0,0.25,0.25,0,0.5,0.5,0,0,0,0.8281943,-0.6098505,0.6173795,0.4969153,0,0,0,0,0.5,0.25,0,0,0,0.723356,-0.6621131,0.6702873,0.3351437,0,0,0.25,0,-0.249956,-0.2499519,0,0.005638602,0.001387299,0.3179838,-0.9902397,0.08563004,-0.1099678,1,0.75,0.75,0,-0.5000092,-0.4999808,0,0.0009953979,-0.001449884,0.3967108,-0.9033012,-0.2007439,-0.3791421,1,1,1,0,-0.2500174,-0.4999991,0,-0.0009901825,-0.0008478764,0.3812474,-0.9191517,0.07941306,-0.3858157,1,0.75,1,0,5.634892E-05,8.835877E-06,0,0.004296278,-0.0005332789,0.3855162,-0.9147207,0.3614348,0.1806955,1,0.5,0.5,0,0.25,0,0,0,0,0.5032946,-0.8073401,0.5681282,0.1594746,0,0.25,0.5,0,0.5,0,0,0,0,0.663658,-0.6960808,0.7046744,0.1374974,0,0,0.5,0,-7.549963E-06,-0.24997,0,-0.002918499,0.0006206336,0.3755511,-0.9251316,0.3654755,-0.1027581,1,0.5,0.75,0,-1.650739E-05,-0.5000338,0,-0.001990762,-0.001674891,0.4349398,-0.866366,0.3422503,-0.3636959,1,0.5,1,0,0.25,-0.25,0,0,0,0.4945351,-0.8144509,0.5731321,-0.09049455,0,0.25,0.75,0,0.5,-0.25,0,0,0,0.6561142,-0.7006228,0.7092724,-0.07784698,0,0,0.75,0,0.25,-0.5,0,0,0,0.5471867,-0.773501,0.5443155,-0.3246794,0,0.25,1,0,0.5,-0.5,0,0,0,0.7017071,-0.6740411,0.6823626,-0.2829309,0,0,1
62,0,-0.2499619,0.4999683,0,0.0009655957,-0.0009477142,0.5471692,-0.773514,0.06688327,0.6302403,1,0.75,0,0,-0.5000054,0.2500128,0,-0.0009566549,0.0005096199,0.4255336,-0.8751708,-0.1944883,0.4430015,1,1,0.25,0,-0.4999787,0.500005,0,-0.000306964,0.0009953979,0.5602353,-0.7639814,-0.1697536,0.622508,1,1,0,0,-0.2500283,0.2499707,0,-0.001921506,-0.001430512,0.4105339,-0.8895879,0.07684684,0.4502531,1,0.75,0.25,0,2.342178E-05,0.5000398,0,-0.0007286901,-0.0007569793,0.5927798,-0.7412289,0.2928526,0.6040007,1,0.5,0,0,-0.4999622,-9.740945E-06,0,0.001814962,-0.002439611,0.3450345,-0.9585408,-0.2129643,0.1893298,1,1,0.5,0,1.775512E-05,0.2500162,0,-0.001176851,0.0002309681,0.4626134,-0.8414593,0.3324468,0.4259406,1,0.5,0.25,0,0.25,0.5,0,0,0,0.6902101,-0.6805521,0.478907,0.5545239,0,0.25,0,0,-0.2499728,-3.43026E-05,0,0.0005625191,-0.00122643,0.328609,-0.9775419,0.08451172,0.1930533,1,0.75,0.5,0,-0.4999827,-0.2500172,0,-0.001218915,-0.002140553,0.3346238,-0.9704971,-0.2156453,-0.1078536,1,1,0.75,0,0.25,0.25,0,0,0,0.5719608,-0.7556247,0.5317358,0.3824767,0,0.25,0.25,0,0.5,0.5,0,0,0,0.8281943,-0.6098505,0.6173795,0.4969153,0,0,0,0,0.5,0.25,0,0,0,0.723356,-0.6621131,0.6702873,0.3351437,0,0,0.25,0,-0.2499285,-0.249984,0,0.001374633,-0.00160262,0.3179897,-0.9902325,0.08566303,-0.1100062,1,0.75,0.75,0,-0.499974,-0.5000123,0,0.001764298,-0.001572073,0.3967156,-0.9032964,-0.2007035,-0.3791752,1,1,1,0,-0.2500586,-0.4999791,0,-0.002057851,0.0009983781,0.3812364,-0.9191631,0.07936735,-0.3857979,1,0.75,1,0,-2.304281E-05,3.324672E-05,0,-0.003969588,0.001220542,0.3854919,-0.9147458,0.361355,0.1807281,1,0.5,0.5,0,0.25,0,0,0,0,0.5032946,-0.8073401,0.5681282,0.1594746,0,0.25,0.5,0,0.5,0,0,0,0,0.663658,-0.6960808,0.7046744,0.1374974,0,0,0.5,0,-4.488504E-05,-0.2499958,0,-0.001866755,-0.001290441,0.3755401,-0.9251432,0.3654374,-0.1027889,1,0.5,0.75,0,-2.315826E-05,-0.4999297,0,-0.0003325433,0.005206468,0.4348996,-0.8664032,0.3422579,-0.3636002,1,0.5,1,0,0.25,-0.25,0,0,0,0.4945351,-0.8144509,0.5731321,-0.09049455,0,0.25,0.75,0,0.5,-0.25,0,0,0,0.6561142,-0.7006228,0.7092724,-0.07784698,0,0,0.75,0,0.25,-0.5,0,0,0,0.5471867,-0.773501,0.5443155,-0.3246794,0,0.25,1,0,0.5,-0.5,0,0,0,0.7017071,-0.6740411,0.6823626,-0.2829309,0,0,1
63,0,-0.2499784,0.4999594,0,-0.0008262697,-0.0004425647,0.5471625,-0.7735189,0.06686791,0.6302359,1,0.75,0,0,-0.4999488,0.2500409,0,0.002829732,0.00140667,0.4255351,-0.8751694,-0.1944268,0.4430312,1,1,0.25,0,-0.4999746,0.499941,0,0.000204146,-0.003202261,0.5601947,-0.7640106,-0.1697562,0.6224715,1,1,0,0,-0.2500009,0.2499869,0,0.001373888,0.0008113686,0.4105433,-0.8895788,0.07687622,0.4502662,1,0.75,0.25,0,5.698102E-05,0.5000155,0,0.001677963,-0.001215935,0.5927749,-0.7412323,0.2928846,0.6039812,1,0.5,0,0,-0.4999649,-1.166144E-05,0,-0.0001356006,-9.602476E-05,0.3450347,-0.9585405,-0.2129675,0.1893275,1,1,0.5,0,4.13009E-05,0.2499651,0,0.00117729,-0.00255406,0.4625995,-0.8414714,0.3324761,0.4258937,1,0.5,0.25,0,0.25,0.5,0,0,0,0.6902101,-0.6805521,0.478907,0.5545239,0,0.25,0,0,-0.2500155,-5.136682E-05,0,-0.002135337,-0.0008532117,0.3286021,-0.97755,0.08446088,0.1930343,1,0.75,0.5,0,-0.4999656,-0.2499215,0,0.0008568171,0.004783275,0.3346098,-0.9705134,-0.2156284,-0.1077408,1,1,0.75,0,0.25,0.25,0,0,0,0.5719608,-0.7556247,0.5317358,0.3824767,0,0.25,0.25,0,0.5,0.5,0,0,0,0.8281943,-0.6098505,0.6173795,0.4969153,0,0,0,0,0.5,0.25,0,0,0,0.723356,-0.6621131,0.6702873,0.3351437,0,0,0.25,0,-0.2500054,-0.2499083,0,-0.003843756,0.003781171,0.3179748,-0.9902505,0.0855706,-0.1099158,1,0.75,0.75,0,-0.5000078,-0.4999471,0,-0.001692773,0.003258885,0.3966978,-0.9033144,-0.2007453,-0.37911,1,1,1,0,-0.2500327,-0.4999351,0,0.001296401,0.002202393,0.3812215,-0.9191787,0.07939812,-0.3857544,1,0.75,1,0,2.726824E-05,1.164947E-05,0,0.002515553,-0.001079863,0.3855062,-0.9147311,0.361406,0.1807008,1,0.5,0.5,0,0.25,0,0,0,0,0.5032946,-0.8073401,0.5681282,0.1594746,0,0.25,0.5,0,0.5,0,0,0,0,0.663658,-0.6960808,0.7046744,0.1374974,0,0,0.5,0,-1.221458E-05,-0.2500317,0,0.001633524,-0.001794101,0.3755558,-0.9251267,0.3654682,-0.102828,1,0.5,0.75,0,9.920084E-06,-0.5000294,0,0.001653918,-0.004988911,0.4349473,-0.8663591,0.3422759,-0.3636884,1,0.5,1,0,0.25,-0.25,0,0,0,0.4945351,-0.8144509,0.5731321,-0.09049455,0,0.25,0.75,0,0.5,-0.25,0,0,0,0.6561142,-0.7006228,0.7092724,-0.07784698,0,0,0.75,0,0.25,-0.5,0,0,0,0.5471867,-0.773501,0.5443155,-0.3246794,0,0.25,1,0,0.5,-0.5,0,0,0,0.7017071,-0.6740411,0.6823626,-0.2829309,0,0,1
64,0,-0.24996,0.4999608,0,0.0009231273,6.705525E-05,0.5471647,-0.7735173,0.0668854,0.6302359,1,0.75,0,0,-0.4999335,0.2500108,0,0.0007674101,-0.001505018,0.4255188,-0.8751849,-0.1944137,0.4430065,1,1,0.25,0,-0.4999248,0.4999712,0,0.002492965,0.001510978,0.5602051,-0.7640031,-0.1697075,0.6224939,1,1,0,0,-0.2499153,0.2499706,0,0.00427738,-0.000816584,0.4105425,-0.8895795,0.07697023,0.4502487,1,0.75,0.25,0,9.66111E-05,0.5000215,0,0.001981505,0.0003010036,0.5927901,-0.7412219,0.2929168,0.6039783,1,0.5,0,0,-0.4999368,-4.187701E-05,0,0.00140518,-0.001510779,0.345023,-0.9585538,-0.2129372,0.1892944,1,1,0.5,0,2.877017E-05,0.2500395,0,-0.0006265368,0.003722311,0.4626271,-0.8414474,0.3324535,0.4259588,1,0.5,0.25,0,0.25,0.5,0,0,0,0.6902101,-0.6805521,0.478907,0.5545239,0,0.25,0,0,-0.2499805,-3.699553E-05,0,0.001749397,0.000718565,0.3286078,-0.9775433,0.08450253,0.1930503,1,0.75,0.5,0,-0.4998891,-0.249947,0,0.003825129,-0.001274795,0.334596,-0.9705294,-0.2155403,-0.1077731,1,1,0.75,0,0.25,0.25,0,0,0,0.5719608,-0.7556247,0.5317358,0.3824767,0,0.25,0.25,0,0.5,0.5,0,0,0,0.8281943,-0.6098505,0.6173795,0.4969153,0,0,0,0,0.5,0.25,0,0,0,0.723356,-0.6621131,0.6702873,0.3351437,0,0,0.25,0,-0.2499379,-0.2499269,0,0.003374369,-0.0009268526,0.3179826,-0.9902411,0.08565229,-0.1099374,1,0.75,0.75,0,-0.499983,-0.4999636,0,0.001239777,-0.0008255247,0.396699,-0.9033132,-0.2007173,-0.3791279,1,1,1,0,-0.250001,-0.4999572,0,0.001585484,-0.001105667,0.3812326,-0.9191671,0.07943311,-0.3857747,1,0.75,1,0,7.613708E-05,-2.231884E-05,0,0.002443443,-0.001698416,0.3855177,-0.9147192,0.3614565,0.1806601,1,0.5,0.5,0,0.25,0,0,0,0,0.5032946,-0.8073401,0.5681282,0.1594746,0,0.25,0.5,0,0.5,0,0,0,0,0.663658,-0.6960808,0.7046744,0.1374974,0,0,0.5,0,-2.580373E-05,-0.2499629,0,-0.0006794575,0.003436954,0.3755437,-0.9251394,0.3654577,-0.1027509,1,0.5,0.75,0,3.603362E-06,-0.5000294,0,-0.0003158362,0,0.4349451,-0.866361,0.3422699,-0.3636892,1,0.5,1,0,0.25,-0.25,0,0,0,0.4945351,-0.8144509,0.5731321,-0.09049455,0,0.25,0.75,0,0.5,-0.25,0,0,0,0.6561142,-0.7006228,0.7092724,-0.07784698,0,0,0.75,0,0.25,-0.5,0,0,0,0.5471867,-0.773501,0.5443155,-0.3246794,0,0.25,1,0,0.5,-0.5,0,0,0,0.7017071,-0.6740411,0.6823626,-0.2829309,0,0,1
65,0,-0.2499395,0.50001,0,0.00102073,0.002461673,0.547197,-0.7734935,0.06690283,0.6302634,1,0.75,0,0,-0.4999306,0.2500112,0,0.0001415611,1.937152E-05,0.4255184,-0.8751852,-0.1944107,0.4430071,1,1,0.25,0,-0.4998777,0.5000522,0,0.002352894,0.004048647,0.5602475,-0.7639725,-0.1696564,0.6225454,1,1,0,0,-0.2499411,0.2500117,0,-0.001289696,0.002057106,0.4105591,-0.8895633,0.07694051,0.4502857,1,0.75,0.25,0,7.187739E-05,0.499988,0,-0.001236686,-0.001677871,0.5927626,-0.7412406,0.2929016,0.6039628,1,0.5,0,0,-0.4999428,-3.029761E-05,0,-0.0002995135,0.0005789705,0.3450264,-0.9585499,-0.2129434,0.1893073,1,1,0.5,0,0.0001184679,0.2499287,0,0.004484889,-0.005538764,0.4626097,-0.8414626,0.3325527,0.4258514,1,0.5,0.25,0,0.25,0.5,0,0,0,0.6902101,-0.6805521,0.478907,0.5545239,0,0.25,0,0,-0.2499614,4.95673E-05,0,0.0009566549,0.004328144,0.3286262,-0.9775217,0.08452374,0.1931505,1,0.75,0.5,0,-0.4999887,-0.2500499,0,-0.00497997,-0.005143138,0.3346286,-0.9704916,-0.2156512,-0.1078922,1,1,0.75,0,0.25,0.25,0,0,0,0.5719608,-0.7556247,0.5317358,0.3824767,0,0.25,0.25,0,0.5,0.5,0,0,0,0.8281943,-0.6098505,0.6173795,0.4969153,0,0,0,0,0.5,0.25,0,0,0,0.723356,-0.6621131,0.6702873,0.3351437,0,0,0.25,0,-0.2499767,-0.250032,0,-0.001938642,-0.005257877,0.3179908,-0.9902312,0.08560403,-0.1100648,1,0.75,0.75,0,-0.4999644,-0.5000041,0,0.0009283427,-0.002025069,0.3967106,-0.9033014,-0.200694,-0.3791682,1,1,1,0,-0.2500156,-0.5000704,0,-0.0007301572,-0.005659463,0.3812751,-0.9191228,0.07941271,-0.3858845,1,0.75,1,0,4.495181E-05,6.592328E-05,0,-0.001559264,0.004412108,0.3855224,-0.9147143,0.3614194,0.1807588,1,0.5,0.5,0,0.25,0,0,0,0,0.5032946,-0.8073401,0.5681282,0.1594746,0,0.25,0.5,0,0.5,0,0,0,0,0.663658,-0.6960808,0.7046744,0.1374974,0,0,0.5,0,-5.087442E-05,-0.2499501,0,-0.001253535,0.0006400051,0.3755332,-0.9251505,0.3654335,-0.1027376,1,0.5,0.75,0,-5.777647E-06,-0.4999781,0,-0.0004690506,0.002567471,0.4349232,-0.8663813,0.3422679,-0.3636428,1,0.5,1,0,0.25,-0.25,0,0,0,0.4945351,-0.8144509,0.5731321,-0.09049455,0,0.25,0.75,0,0.5,-0.25,0,0,0,0.6561142,-0.7006228,0.7092724,-0.07784698,0,0,0.75,0,0.25,-0.5,0,0,0,0.5471867,-0.773501,0.5443155,-0.3246794,0,0.25,1,0,0.5,-0.5,0,0,0,0.7017071,-0.6740411,0.6823626,-0.2829309,0,0,1
66,0,-0.250014,0.5000208,0,-0.003721566,0.0005394223,0.5471989,-0.773492,0.06683163,0.6302727,1,0.75,0,0,-0.5000318,0.2499504,0,-0.005055966,-0.003040583,0.4255111,-0.8751921,-0.1945215,0.4429449,1,1,0.25,0,-0.5000046,0.5000184,0,-0.006343427,-0.001686812,0.5602481,-0.7639721,-0.1697759,0.6225132,1,1,0,0,-0.2500335,0.2500326,0,-0.004619362,0.001044572,0.4105614,-0.8895611,0.07683886,0.4503075,1,0.75,0.25,0,3.647182E-05,0.4999292,0,-0.001770279,-0.00294,0.5927167,-0.7412717,0.2928815,0.6039343,1,0.5,0,0,-0.5000205,-3.666916E-05,0,-0.003886224,-0.0003185777,0.3450418,-0.9585325,-0.2130315,0.1892963,1,1,0.5,0,1.116297E-05,0.2499866,0,-0.005365249,0.002890826,0.4625986,-0.8414722,0.3324451,0.4259164,1,0.5,0.25,0,0.25,0.5,0,0,0,0.6902101,-0.6805521,0.478907,0.5545239,0,0.25,0,0,-0.250043,1.070141E-06,0,-0.004081429,-0.002424859,0.3286099,-0.9775409,0.08442689,0.1930958,1,0.75,0.5,0,-0.4999529,-0.2500408,0,0.00178963,0.0004559757,0.3346199,-0.9705017,-0.2156106,-0.1078824,1,1,0.75,0,0.25,0.25,0,0,0,0.5719608,-0.7556247,0.5317358,0.3824767,0,0.25,0.25,0,0.5,0.5,0,0,0,0.8281943,-0.6098505,0.6173795,0.4969153,0,0,0,0,0.5,0.25,0,0,0,0.723356,-0.6621131,0.6702873,0.3351437,0,0,0.25,0,-0.2499787,-0.249971,0,-0.0001028181,0.003052504,0.317984,-0.9902394,0.08560223,-0.1099911,1,0.75,0.75,0,-0.5000026,-0.5000275,0,-0.001908839,-0.001168252,0.3967272,-0.9032847,-0.2007329,-0.3791872,1,1,1,0,-0.2499683,-0.4999828,0,0.002360345,0.004380943,0.381245,-0.9191542,0.07946899,-0.3857983,1,0.75,1,0,4.468463E-06,3.442274E-05,0,-0.002024168,-0.001575027,0.385502,-0.9147353,0.3613819,0.1807273,1,0.5,0.5,0,0.25,0,0,0,0,0.5032946,-0.8073401,0.5681282,0.1594746,0,0.25,0.5,0,0.5,0,0,0,0,0.663658,-0.6960808,0.7046744,0.1374974,0,0,0.5,0,-2.398811E-05,-0.2500006,0,0.001344316,-0.002522768,0.3755482,-0.9251347,0.3654579,-0.1027934,1,0.5,0.75,0,-2.561169E-05,-0.4999093,0,-0.0009917023,0.003439189,0.4348914,-0.8664108,0.3422584,-0.3635816,1,0.5,1,0,0.25,-0.25,0,0,0,0.4945351,-0.8144509,0.5731321,-0.09049455,0,0.25,0.75,0,0.5,-0.25,0,0,0,0.6561142,-0.7006228,0.7092724,-0.07784698,0,0,0.75,0,0.25,-0.5,0,0,0,0.5471867,-0.773501,0.5443155,-0.3246794,0,0.25,1,0,0.5,-0.5,0,0,0,0.7017071,-0.6740411,0.6823626,-0.2829309,0,0,1
67,0,-0.2499814,0.4999498,0,0.001627208,-0.003549458,0.5471563,-0.7735234,0.06686543,0.6302304,1,0.75,0,0,-0.5000098,0.2499636,0,0.001096726,0.0006563964,0.4255127,-0.8751906,-0.1944974,0.4429583,1,1,0.25,0,-0.4999869,0.4999492,0,0.0008851293,-0.003460051,0.560202,-0.7640054,-0.1697666,0.622475,1,1,0,0,-0.2500413,0.2499904,0,-0.0003919007,-0.002113731,0.4105418,-0.8895802,0.0768319,0.4502708,1,0.75,0.25,0,6.989087E-05,0.4999343,0,0.001670953,0.0002548099,0.5927296,-0.741263,0.2929086,0.603932,1,0.5,0,0,-0.5000025,-4.458523E-05,0,0.0009000305,-0.0003958035,0.3450364,-0.9585385,-0.2130115,0.1892882,1,1,0.5,0,8.081984E-06,0.2499938,0,-0.0001540493,0.0003606082,0.4626006,-0.8414705,0.3324412,0.425923,1,0.5,0.25,0,0.25,0.5,0,0,0,0.6902101,-0.6805521,0.478907,0.5545239,0,0.25,0,0,-0.2500378,-5.626072E-05,0,0.0002637507,-0.002866544,0.3285993,-0.9775534,0.08443434,0.193029,1,0.75,0.5,0,-0.4999189,-0.2499744,0,0.001698733,0.003317745,0.3346054,-0.9705185,-0.2155736,-0.1078047,1,1,0.75,0,0.25,0.25,0,0,0,0.5719608,-0.7556247,0.5317358,0.3824767,0,0.25,0.25,0,0.5,0.5,0,0,0,0.8281943,-0.6098505,0.6173795,0.4969153,0,0,0,0,0.5,0.25,0,0,0,0.723356,-0.6621131,0.6702873,0.3351437,0,0,0.25,0,-0.2499538,-0.2499535,0,0.001244992,0.0008761886,0.3179842,-0.9902392,0.08563266,-0.1099697,1,0.75,0.75,0,-0.5000178,-0.5000151,0,-0.0007569793,0.0006198885,0.3967255,-0.9032864,-0.2007501,-0.3791741,1,1,1,0,-0.2500405,-0.4999572,0,-0.003607573,0.00127703,0.3812294,-0.9191704,0.07938851,-0.3857761,1,0.75,1,0,1.139331E-05,-2.238714E-05,0,0.0003462427,-0.002840495,0.3854943,-0.9147434,0.3613929,0.1806648,1,0.5,0.5,0,0.25,0,0,0,0,0.5032946,-0.8073401,0.5681282,0.1594746,0,0.25,0.5,0,0.5,0,0,0,0,0.663658,-0.6960808,0.7046744,0.1374974,0,0,0.5,0,-3.577096E-05,-0.2500291,0,-0.0005891428,-0.001424552,0.3755469,-0.9251361,0.365445,-0.1028261,1,0.5,0.75,0,-5.281326E-06,-0.5000652,0,0.001016518,-0.007794801,0.4349551,-0.8663518,0.3422568,-0.3637236,1,0.5,1,0,0.25,-0.25,0,0,0,0.4945351,-0.8144509,0.5731321,-0.09049455,0,0.25,0.75,0,0.5,-0.25,0,0,0,0.6561142,-0.7006228,0.7092724,-0.07784698,0,0,0.75,0,0.25,-0.5,0,0,0,0.5471867,-0.773501,0.5443155,-0.3246794,0,0.25,1,0,0.5,-0.5,0,0,0,0.7017071,-0.6740411,0.6823626,-0.2829309,0,0,1
68,0,-0.2499515,0.4999449,0,0.001496822,-0.0002473594,0.5471553,-0.7735243,0.06689409,0.6302264,1,0.75,0,0,-0.4999521,0.2499138,0,0.002884866,-0.00248626,0.4254794,-0.8752221,-0.1944421,0.4429205,1,1,0.25,0,-0.4999303,0.4999816,0,0.002831222,0.001618267,0.5602125,-0.7639978,-0.1697115,0.6224993,1,1,0,0,-0.2499584,0.2499892,0,0.004148485,-5.885961E-05,0.4105476,-0.8895746,0.07692253,0.4502666,1,0.75,0.25,0,5.354725E-05,0.499945,0,-0.0008171811,0.0005379322,0.5927314,-0.7412618,0.2928932,0.6039408,1,0.5,0,0,-0.5000096,-5.015339E-05,0,-0.0003546478,-0.0002784081,0.3450369,-0.958538,-0.2130198,0.1892815,1,1,0.5,0,2.974678E-05,0.2499228,0,0.00108324,-0.003550948,0.4625776,-0.8414906,0.3324716,0.4258594,1,0.5,0.25,0,0.25,0.5,0,0,0,0.6902101,-0.6805521,0.478907,0.5545239,0,0.25,0,0,-0.2499889,-2.837335E-05,0,0.002443791,0.001394369,0.3286088,-0.9775422,0.08449236,0.1930605,1,0.75,0.5,0,-0.4999569,-0.2500592,0,-0.001901389,-0.004238637,0.3346227,-0.9704984,-0.2156147,-0.1079041,1,1,0.75,0,0.25,0.25,0,0,0,0.5719608,-0.7556247,0.5317358,0.3824767,0,0.25,0.25,0,0.5,0.5,0,0,0,0.8281943,-0.6098505,0.6173795,0.4969153,0,0,0,0,0.5,0.25,0,0,0,0.723356,-0.6621131,0.6702873,0.3351437,0,0,0.25,0,-0.2500172,-0.250044,0,-0.003169478,-0.004524739,0.3179887,-0.9902337,0.08555469,-0.1100797,1,0.75,0.75,0,-0.4999761,-0.5000861,0,0.002083183,-0.003549458,0.3967441,-0.9032677,-0.2006995,-0.3792454,1,1,1,0,-0.2500546,-0.5000155,0,-0.0007063153,-0.002913178,0.3812507,-0.9191481,0.07937056,-0.3858329,1,0.75,1,0,2.742719E-05,2.527769E-05,0,0.0008016939,0.002383243,0.3855087,-0.9147285,0.3614052,0.1807156,1,0.5,0.5,0,0.25,0,0,0,0,0.5032946,-0.8073401,0.5681282,0.1594746,0,0.25,0.5,0,0.5,0,0,0,0,0.663658,-0.6960808,0.7046744,0.1374974,0,0,0.5,0,4.577745E-05,-0.2500141,0,0.004077422,0.0007510188,0.3755751,-0.9251062,0.3655263,-0.1028057,1,0.5,0.75,0,-1.695542E-05,-0.4999263,0,-0.0005837051,0.006943944,0.4349006,-0.8664023,0.3422642,-0.3635962,1,0.5,1,0,0.25,-0.25,0,0,0,0.4945351,-0.8144509,0.5731321,-0.09049455,0,0.25,0.75,0,0.5,-0.25,0,0,0,0.6561142,-0.7006228,0.7092724,-0.07784698,0,0,0.75,0,0.25,-0.5,0,0,0,0.5471867,-0.773501,0.5443155,-0.3246794,0,0.25,1,0,0.5,-0.5,0,0,0,0.7017071,-0.6740411,0.6823626,-0.2829309,0,0,1
69,0,-0.2500168,0.4999121,0,-0.003267081,-0.001636148,0.5471302,-0.7735428,0.06683329,0.6302102,1,0.75,0,0,-0.4999787,0.2499561,0,-0.001329184,0.002115966,0.4255033,-0.8751994,-0.1944658,0.4429548,1,1,0.25,0,-0.4999803,0.499925,0,-0.002503396,-0.002828242,0.5601858,-0.764017,-0.169763,0.6224616,1,1,0,0,-0.2499582,0.2499935,0,8.9407E-06,0.000216812,0.4105496,-0.8895726,0.07692256,0.4502704,1,0.75,0.25,0,-4.106591E-06,0.4999486,0,-0.002882693,0.000178814,0.5927166,-0.7412718,0.2928444,0.6039522,1,0.5,0,0,-0.4999838,-5.037376E-05,0,0.001291931,-1.101871E-05,0.3450314,-0.9585443,-0.2129906,0.1892825,1,1,0.5,0,5.112939E-05,0.2498908,0,0.001069131,-0.00159517,0.4625711,-0.8414962,0.3324961,0.4258291,1,0.5,0.25,0,0.25,0.5,0,0,0,0.6902101,-0.6805521,0.478907,0.5545239,0,0.25,0,0,-0.2499866,-2.199473E-05,0,0.0001117588,0.0003189308,0.3286102,-0.9775405,0.08449491,0.1930679,1,0.75,0.5,0,-0.4999893,-0.2500638,0,-0.001619757,-0.0002309681,0.3346303,-0.9704896,-0.2156516,-0.1079086,1,1,0.75,0,0.25,0.25,0,0,0,0.5719608,-0.7556247,0.5317358,0.3824767,0,0.25,0.25,0,0.5,0.5,0,0,0,0.8281943,-0.6098505,0.6173795,0.4969153,0,0,0,0,0.5,0.25,0,0,0,0.723356,-0.6621131,0.6702873,0.3351437,0,0,0.25,0,-0.2500123,-0.2500201,0,0.0002443791,0.001190603,0.3179865,-0.9902364,0.0855609,-0.1100509,1,0.75,0.75,0,-0.4999802,-0.5000064,0,-0.0002056361,0.003984572,0.3967147,-0.9032974,-0.2007107,-0.379169,1,1,1,0,-0.2500539,-0.5000782,0,3.427269E-05,-0.003135205,0.381275,-0.9191229,0.07936915,-0.3858934,1,0.75,1,0,6.301487E-05,4.169468E-06,0,0.001779385,-0.001055412,0.3855177,-0.9147192,0.3614417,0.18069,1,0.5,0.5,0,0.25,0,0,0,0,0.5032946,-0.8073401,0.5681282,0.1594746,0,0.25,0.5,0,0.5,0,0,0,0,0.663658,-0.6960808,0.7046744,0.1374974,0,0,0.5,0,-4.259977E-05,-0.250027,0,-0.004418863,-0.0006482007,0.3755442,-0.9251389,0.3654383,-0.1028241,1,0.5,0.75,0,-4.170671E-06,-0.4999378,0,0.0006392379,-0.0005722048,0.4349091,-0.8663944,0.3422748,-0.3636052,1,0.5,1,0,0.25,-0.25,0,0,0,0.4945351,-0.8144509,0.5731321,-0.09049455,0,0.25,0.75,0,0.5,-0.25,0,0,0,0.6561142,-0.7006228,0.7092724,-0.07784698,0,0,0.75,0,0.25,-0.5,0,0,0,0.5471867,-0.773501,0.5443155,-0.3246794,0,0.25,1,0,0.5,-0.5,0,0,0,0.7017071,-0.6740411,0.6823626,-0.2829309,0,0,1
70,0,-0.2500171,0.5000032,0,-1.192093E-05,0.004553797,0.5471876,-0.7735004,0.0668294,0.6302626,1,0.75,0,0,-0.4999976,0.2500239,0,-0.000944734,0.003389271,0.425537,-0.8751676,-0.1944791,0.4430119,1,1,0.25,0,-0.5001069,0.5000235,0,-0.006330016,0.004923346,0.5602686,-0.7639573,-0.1698692,0.6225058,1,1,0,0,-0.2499993,0.2499371,0,-0.002053381,-0.002822281,0.410521,-0.8896005,0.07687987,0.4502225,1,0.75,0.25,0,-6.044582E-05,0.4999953,0,-0.002816963,0.002333523,0.5927283,-0.7412639,0.2927897,0.6039885,1,0.5,0,0,-0.4999503,-2.506688E-05,0,0.001670421,0.001265345,0.3450291,-0.9585469,-0.2129517,0.1893129,1,1,0.5,0,1.126073E-05,0.2499367,0,-0.001993434,0.0022918,0.4625774,-0.8414907,0.3324525,0.425874,1,0.5,0.25,0,0.25,0.5,0,0,0,0.6902101,-0.6805521,0.478907,0.5545239,0,0.25,0,0,-0.2499305,-6.435432E-06,0,0.002806635,0.0007779654,0.3286179,-0.9775314,0.08456186,0.1930848,1,0.75,0.5,0,-0.4999568,-0.2499857,0,0.001627208,0.003903361,0.3346148,-0.9705076,-0.2156166,-0.1078171,1,1,0.75,0,0.25,0.25,0,0,0,0.5719608,-0.7556247,0.5317358,0.3824767,0,0.25,0.25,0,0.5,0.5,0,0,0,0.8281943,-0.6098505,0.6173795,0.4969153,0,0,0,0,0.5,0.25,0,0,0,0.723356,-0.6621131,0.6702873,0.3351437,0,0,0.25,0,-0.2500004,-0.2500141,0,0.0005990269,0.0003039838,0.3179868,-0.990236,0.0855755,-0.1100434,1,0.75,0.75,0,-0.4999692,-0.5000204,0,0.0005513432,-0.0007033351,0.3967178,-0.9032942,-0.2006977,-0.3791834,1,1,1,0,-0.2500524,-0.5000423,0,7.748607E-05,0.001794101,0.3812613,-0.9191372,0.07937215,-0.3858587,1,0.75,1,0,2.848366E-05,-1.670479E-05,0,-0.001726561,-0.001043714,0.3855015,-0.9147359,0.3614093,0.1806697,1,0.5,0.5,0,0.25,0,0,0,0,0.5032946,-0.8073401,0.5681282,0.1594746,0,0.25,0.5,0,0.5,0,0,0,0,0.663658,-0.6960808,0.7046744,0.1374974,0,0,0.5,0,-3.93724E-05,-0.2500184,0,0.0001613683,0.0004291536,0.3755445,-0.9251386,0.3654419,-0.1028142,1,0.5,0.75,0,-2.078432E-05,-0.5000051,0,-0.0008306829,-0.003364684,0.4349279,-0.866377,0.3422502,-0.3636698,1,0.5,1,0,0.25,-0.25,0,0,0,0.4945351,-0.8144509,0.5731321,-0.09049455,0,0.25,0.75,0,0.5,-0.25,0,0,0,0.6561142,-0.7006228,0.7092724,-0.07784698,0,0,0.75,0,0.25,-0.5,0,0,0,0.5471867,-0.773501,0.5443155,-0.3246794,0,0.25,1,0,0.5,-0.5,0,0,0,0.7017071,-0.6740411,0.6823626,-0.2829309,0,0,1
71,0,-0.2499558,0.5000048,0,0.003061445,8.04663E-05,0.5471927,-0.7734966,0.06688754,0.6302611,1,0.75,0,0,-0.4999423,0.2500217,0,0.002767147,-0.0001102686,0.4255253,-0.8751786,-0.1944218,0.4430151,1,1,0.25,0,-0.5000019,0.4999998,0,0.005251171,-0.001186133,0.560236,-0.7639809,-0.1697753,0.6225027,1,1,0,0,-0.2500364,0.2500499,0,-0.001855195,0.005640837,0.410569,-0.8895537,0.07683507,0.4503227,1,0.75,0.25,0,7.500454E-06,0.5000545,0,0.003397315,0.002960862,0.5927839,-0.7412261,0.2928369,0.6040118,1,0.5,0,0,-0.499976,3.073163E-05,0,-0.0012815,0.002789926,0.3450451,-0.9585288,-0.212978,0.1893754,1,1,0.5,0,2.923414E-06,0.2500047,0,-0.0004168661,0.003399701,0.4626036,-0.8414679,0.3324348,0.425933,1,0.5,0.25,0,0.25,0.5,0,0,0,0.6902101,-0.6805521,0.478907,0.5545239,0,0.25,0,0,-0.2499716,-1.139619E-06,0,-0.002054871,0.0002647908,0.3286155,-0.9775342,0.08451252,0.1930918,1,0.75,0.5,0,-0.4999872,-0.2499294,0,-0.001519919,0.002818556,0.3346153,-0.970507,-0.2156529,-0.1077495,1,1,0.75,0,0.25,0.25,0,0,0,0.5719608,-0.7556247,0.5317358,0.3824767,0,0.25,0.25,0,0.5,0.5,0,0,0,0.8281943,-0.6098505,0.6173795,0.4969153,0,0,0,0,0.5,0.25,0,0,0,0.723356,-0.6621131,0.6702873,0.3351437,0,0,0.25,0,-0.2499739,-0.2499166,0,0.001322479,0.004872682,0.3179784,-0.9902462,0.08560872,-0.1099254,1,0.75,0.75,0,-0.4999485,-0.4999812,0,0.001035631,0.001960994,0.3966988,-0.9033134,-0.2006789,-0.3791476,1,1,1,0,-0.249969,-0.4999734,0,0.004170837,0.00344664,0.3812413,-0.919158,0.0794686,-0.3857892,1,0.75,1,0,-2.66038E-06,-2.347859E-05,0,-0.001557203,-0.0003386898,0.385489,-0.9147488,0.3613792,0.1806646,1,0.5,0.5,0,0.25,0,0,0,0,0.5032946,-0.8073401,0.5681282,0.1594746,0,0.25,0.5,0,0.5,0,0,0,0,0.663658,-0.6960808,0.7046744,0.1374974,0,0,0.5,0,-1.317439E-05,-0.2499755,0,0.001309901,0.002145023,0.3755496,-0.9251332,0.3654697,-0.1027647,1,0.5,0.75,0,3.625546E-05,-0.5000468,0,0.00285199,-0.002089144,0.4349626,-0.8663448,0.3422984,-0.363701,1,0.5,1,0,0.25,-0.25,0,0,0,0.4945351,-0.8144509,0.5731321,-0.09049455,0,0.25,0.75,0,0.5,-0.25,0,0,0,0.6561142,-0.7006228,0.7092724,-0.07784698,0,0,0.75,0,0.25,-0.5,0,0,0,0.5471867,-0.773501,0.5443155,-0.3246794,0,0.25,1,0,0.5,-0.5,0,0,0,0.7017071,-0.6740411,0.6823626,-0.2829309,0,0,1
72,0,-0.2499777,0.5000862,0,-0.001094491,0.004068018,0.5472425,-0.7734598,0.06686345,0.6303088,1,0.75,0,0,-0.4999912,0.2500408,0,-0.002448262,0.0009551648,0.4255432,-0.8751617,-0.1944709,0.4430272,1,1,0.25,0,-0.4999999,0.5000661,0,9.83477E-05,0.003317,0.560277,-0.7639513,-0.1697669,0.6225412,1,1,0,0,-0.2499843,0.2500684,0,0.002601744,0.0009268526,0.4105813,-0.8895417,0.07689118,0.450337,1,0.75,0.25,0,2.865756E-05,0.4999776,0,0.001057856,-0.003844501,0.5927436,-0.7412534,0.2928671,0.6039637,1,0.5,0,0,-0.4999706,3.26003E-05,0,0.000268221,9.34337E-05,0.3450443,-0.9585296,-0.2129718,0.1893778,1,1,0.5,0,2.462684E-05,0.2500035,0,0.001085172,-5.662443E-05,0.4626104,-0.841462,0.332455,0.4259289,1,0.5,0.25,0,0.25,0.5,0,0,0,0.6902101,-0.6805521,0.478907,0.5545239,0,0.25,0,0,-0.2500234,1.89181E-05,0,-0.002589078,0.001002886,0.328615,-0.9775349,0.08445008,0.1931161,1,0.75,0.5,0,-0.5000027,-0.2499813,0,-0.0007748607,-0.002595038,0.3346242,-0.9704967,-0.2156691,-0.1078105,1,1,0.75,0,0.25,0.25,0,0,0,0.5719608,-0.7556247,0.5317358,0.3824767,0,0.25,0.25,0,0.5,0.5,0,0,0,0.8281943,-0.6098505,0.6173795,0.4969153,0,0,0,0,0.5,0.25,0,0,0,0.723356,-0.6621131,0.6702873,0.3351437,0,0,0.25,0,-0.249959,-0.2499401,0,0.0007443133,-0.001174957,0.3179823,-0.9902415,0.08562651,-0.1099536,1,0.75,0.75,0,-0.4999342,-0.4999356,0,0.0007122758,0.002279879,0.3966786,-0.9033337,-0.2006675,-0.3791053,1,1,1,0,-0.2499842,-0.4999794,0,-0.0007629397,-0.0003024937,0.3812425,-0.9191568,0.07945119,-0.3857956,1,0.75,1,0,1.106728E-05,-1.153701E-06,0,0.0006863831,0.001116245,0.385498,-0.9147395,0.361391,0.180688,1,0.5,0.5,0,0.25,0,0,0,0,0.5032946,-0.8073401,0.5681282,0.1594746,0,0.25,0.5,0,0.5,0,0,0,0,0.663658,-0.6960808,0.7046744,0.1374974,0,0,0.5,0,-5.337251E-05,-0.2500219,0,-0.002009907,-0.002316386,0.3755397,-0.9251437,0.3654279,-0.1028187,1,0.5,0.75,0,6.068257E-05,-0.5000192,0,0.001221356,0.001382828,0.4349609,-0.8663464,0.3423252,-0.3636721,1,0.5,1,0,0.25,-0.25,0,0,0,0.4945351,-0.8144509,0.5731321,-0.09049455,0,0.25,0.75,0,0.5,-0.25,0,0,0,0.6561142,-0.7006228,0.7092724,-0.07784698,0,0,0.75,0,0.25,-0.5,0,0,0,0.5471867,-0.773501,0.5443155,-0.3246794,0,0.25,1,0,0.5,-0.5,0,0,0,0.7017071,-0.6740411,0.6823626,-0.2829309,0,0,1
73,0,-0.2499807,0.5000244,0,-0.0001490117,-0.003087522,0.5472034,-0.7734887,0.0668631,0.6302733,1,0.75,0,0,-0.4999283,0.2500165,0,0.003145636,-0.001214445,0.4255202,-0.8751835,-0.1944078,0.443012,1,1,0.25,0,-0.4999299,0.5000823,0,0.003501774,0.0008076432,0.5602751,-0.7639527,-0.1697012,0.6225575,1,1,0,0,-0.2500132,0.2500502,0,-0.001443923,-0.0009119514,0.4105709,-0.8895519,0.07686035,0.4503221,1,0.75,0.25,0,3.990611E-05,0.5000172,0,0.0005624281,0.001981855,0.5927709,-0.741235,0.2928701,0.603985,1,0.5,0,0,-0.4999576,6.982877E-05,0,0.0006526711,0.001861424,0.3450485,-0.9585248,-0.2129553,0.1894209,1,1,0.5,0,3.391908E-06,0.2500252,0,-0.001061747,0.001084805,0.4626125,-0.8414601,0.3324322,0.4259505,1,0.5,0.25,0,0.25,0.5,0,0,0,0.6902101,-0.6805521,0.478907,0.5545239,0,0.25,0,0,-0.2499757,2.089371E-05,0,0.002382697,9.878053E-05,0.3286194,-0.9775296,0.08450714,0.1931175,1,0.75,0.5,0,-0.5000192,-0.2499687,0,-0.0008255247,0.0006303194,0.3346264,-0.9704941,-0.2156883,-0.1077951,1,1,0.75,0,0.25,0.25,0,0,0,0.5719608,-0.7556247,0.5317358,0.3824767,0,0.25,0.25,0,0.5,0.5,0,0,0,0.8281943,-0.6098505,0.6173795,0.4969153,0,0,0,0,0.5,0.25,0,0,0,0.723356,-0.6621131,0.6702873,0.3351437,0,0,0.25,0,-0.2499641,-0.2499476,0,-0.0002563001,-0.0003747643,0.3179826,-0.9902411,0.08562021,-0.1099627,1,0.75,0.75,0,-0.4999874,-0.5000057,0,-0.002656878,-0.003504755,0.3967159,-0.9032962,-0.2007184,-0.3791677,1,1,1,0,-0.2500498,-0.4999558,0,-0.003276767,0.001183153,0.3812281,-0.9191718,0.07937811,-0.385775,1,0.75,1,0,5.417226E-05,-2.310764E-06,0,0.00215525,-5.785316E-05,0.3855134,-0.9147236,0.3614335,0.1806835,1,0.5,0.5,0,0.25,0,0,0,0,0.5032946,-0.8073401,0.5681282,0.1594746,0,0.25,0.5,0,0.5,0,0,0,0,0.663658,-0.6960808,0.7046744,0.1374974,0,0,0.5,0,-1.29145E-05,-0.2500071,0,0.002022902,0.0007390979,0.375553,-0.9251297,0.3654686,-0.1028003,1,0.5,0.75,0,-5.542033E-06,-0.4999966,0,-0.003311231,0.001130999,0.43493,-0.866375,0.3422657,-0.3636599,1,0.5,1,0,0.25,-0.25,0,0,0,0.4945351,-0.8144509,0.5731321,-0.09049455,0,0.25,0.75,0,0.5,-0.25,0,0,0,0.6561142,-0.7006228,0.7092724,-0.07784698,0,0,0.75,0,0.25,-0.5,0,0,0,0.5471867,-0.773501,0.5443155,-0.3246794,0,0.25,1,0,0.5,-0.5,0,0,0,0.7017071,-0.6740411,0.6823626,-0.2829309,0,0,1
74,0,-0.2499945,0.500003,0,-0.0006899241,-0.001072884,0.5471889,-0.7734994,0.06685086,0.6302616,1,0.75,0,0,-0.4999499,0.2499923,0,-0.001078845,-0.0012137,0.4255137,-0.8751896,-0.1944325,0.4429889,1,1,0.25,0,-0.4999416,0.4999837,0,-0.000587106,-0.004929306,0.5602157,-0.7639955,-0.1697217,0.6224994,1,1,0,0,-0.2499494,0.2500065,0,0.003191085,-0.002183021,0.4105561,-0.8895662,0.07693168,0.4502814,1,0.75,0.25,0,2.845329E-05,0.5000077,0,-0.0005726414,-0.0004768373,0.5927619,-0.7412411,0.292862,0.6039813,1,0.5,0,0,-0.499991,-2.26921E-05,0,-0.001671911,-0.004626045,0.3450382,-0.9585366,-0.2129975,0.1893137,1,1,0.5,0,1.232295E-05,0.2499474,0,0.0004465521,-0.00389442,0.4625823,-0.8414865,0.3324519,0.4258829,1,0.5,0.25,0,0.25,0.5,0,0,0,0.6902101,-0.6805521,0.478907,0.5545239,0,0.25,0,0,-0.2499628,4.842628E-06,0,0.0006459656,-0.0008025544,0.3286174,-0.977532,0.08452293,0.1930986,1,0.75,0.5,0,-0.4999957,-0.2499726,0,0.001174212,-0.0001952053,0.3346218,-0.9704995,-0.2156614,-0.1078004,1,1,0.75,0,0.25,0.25,0,0,0,0.5719608,-0.7556247,0.5317358,0.3824767,0,0.25,0.25,0,0.5,0.5,0,0,0,0.8281943,-0.6098505,0.6173795,0.4969153,0,0,0,0,0.5,0.25,0,0,0,0.723356,-0.6621131,0.6702873,0.3351437,0,0,0.25,0,-0.2500108,-0.2499609,0,-0.002330543,-0.0006623568,0.3179801,-0.9902442,0.08556349,-0.1099793,1,0.75,0.75,0,-0.5000486,-0.5000095,0,-0.0030607,-0.0001907349,0.3967296,-0.9032823,-0.2007836,-0.3791662,1,1,1,0,-0.2500678,-0.4999891,0,-0.0009000305,-0.00166446,0.3812395,-0.9191598,0.07935666,-0.3858078,1,0.75,1,0,1.062382E-05,1.461476E-05,0,-0.002177423,0.0008462766,0.3855007,-0.9147367,0.3613895,0.1807052,1,0.5,0.5,0,0.25,0,0,0,0,0.5032946,-0.8073401,0.5681282,0.1594746,0,0.25,0.5,0,0.5,0,0,0,0,0.663658,-0.6960808,0.7046744,0.1374974,0,0,0.5,0,2.208386E-05,-0.2500307,0,0.001749919,-0.001180172,0.3755682,-0.9251136,0.3655022,-0.1028255,1,0.5,0.75,0,-8.988476E-05,-0.4999789,0,-0.004217139,0.0008821491,0.4348947,-0.8664077,0.3421884,-0.3636548,1,0.5,1,0,0.25,-0.25,0,0,0,0.4945351,-0.8144509,0.5731321,-0.09049455,0,0.25,0.75,0,0.5,-0.25,0,0,0,0.6561142,-0.7006228,0.7092724,-0.07784698,0,0,0.75,0,0.25,-0.5,0,0,0,0.5471867,-0.773501,0.5443155,-0.3246794,0,0.25,1,0,0.5,-0.5,0,0,0,0.7017071,-0.6740411,0.6823626,-0.2829309,0,0,1
75,0,-0.2500029,0.4999826,0,-0.0004172327,-0.00101924,0.5471755,-0.7735093,0.06684374,0.6302502,1,0.75,0,0,-0.4999728,0.2499696,0,-0.00114441,-0.001135469,0.4255081,-0.875195,-0.1944584,0.442967,1,1,0.25,0,-0.5000229,0.4998498,0,-0.004062058,-0.006695095,0.5601462,-0.7640455,-0.1698095,0.6224139,1,1,0,0,-0.2499828,0.2499986,0,-0.001671166,-0.0003986062,0.4105499,-0.8895723,0.0768955,0.4502757,1,0.75,0.25,0,-3.533259E-05,0.500021,0,-0.003189295,0.0006675723,0.5927511,-0.7412484,0.2928065,0.6039994,1,0.5,0,0,-0.4999987,-7.704609E-05,0,-0.0003874303,-0.002717701,0.3450295,-0.9585464,-0.2130088,0.1892513,1,1,0.5,0,7.610797E-05,0.2499642,0,0.003189252,0.0008411709,0.4626107,-0.8414617,0.3325084,0.4258879,1,0.5,0.25,0,0.25,0.5,0,0,0,0.6902101,-0.6805521,0.478907,0.5545239,0,0.25,0,0,-0.2500039,3.202728E-05,0,-0.002054126,0.001359233,0.3286192,-0.9775299,0.08447317,0.193131,1,0.75,0.5,0,-0.499972,-0.2500502,0,0.001186133,-0.003882499,0.3346251,-0.9704956,-0.2156321,-0.107893,1,1,0.75,0,0.25,0.25,0,0,0,0.5719608,-0.7556247,0.5317358,0.3824767,0,0.25,0.25,0,0.5,0.5,0,0,0,0.8281943,-0.6098505,0.6173795,0.4969153,0,0,0,0,0.5,0.25,0,0,0,0.723356,-0.6621131,0.6702873,0.3351437,0,0,0.25,0,-0.2500249,-0.2500226,0,-0.0007078054,-0.003088267,0.3179857,-0.9902374,0.0855456,-0.110054,1,0.75,0.75,0,-0.5000511,-0.5000943,0,-0.0001251698,-0.004237892,0.3967623,-0.9032494,-0.2007791,-0.3792469,1,1,1,0,-0.2500096,-0.5000322,0,0.002908708,-0.002159179,0.3812608,-0.9191377,0.07942075,-0.3858474,1,0.75,1,0,3.897237E-05,2.393915E-05,0,0.001417428,0.0004662195,0.3855127,-0.9147243,0.3614166,0.1807133,1,0.5,0.5,0,0.25,0,0,0,0,0.5032946,-0.8073401,0.5681282,0.1594746,0,0.25,0.5,0,0.5,0,0,0,0,0.663658,-0.6960808,0.7046744,0.1374974,0,0,0.5,0,-4.664824E-05,-0.2499778,0,-0.003436606,0.002644212,0.3755376,-0.9251459,0.3654364,-0.1027686,1,0.5,0.75,0,-5.27089E-05,-0.4999312,0,0.001858794,0.002388657,0.4348901,-0.866412,0.3422298,-0.3636055,1,0.5,1,0,0.25,-0.25,0,0,0,0.4945351,-0.8144509,0.5731321,-0.09049455,0,0.25,0.75,0,0.5,-0.25,0,0,0,0.6561142,-0.7006228,0.7092724,-0.07784698,0,0,0.75,0,0.25,-0.5,0,0,0,0.5471867,-0.773501,0.5443155,-0.3246794,0,0.25,1,0,0.5,-0.5,0,0,0,0.7017071,-0.6740411,0.6823626,-0.2829309,0,0,1
76,0,-0.2500374,0.4999455,0,-0.001728535,-0.001855195,0.5471499,-0.7735282,0.06681237,0.6302302,1,0.75,0,0,-0.500051,0.2499307,0,-0.003911556,-0.001942367,0.4255061,-0.8751968,-0.1945433,0.442926,1,1,0.25,0,-0.5000098,0.4999146,0,0.0006556513,0.003243984,0.5601844,-0.7640181,-0.169791,0.6224527,1,1,0,0,-0.2499889,0.2499581,0,-0.000306964,-0.002022833,0.4105313,-0.8895905,0.07689033,0.4502406,1,0.75,0.25,0,1.492513E-06,0.4999428,0,0.001841256,-0.003910066,0.5927148,-0.741273,0.29285,0.6039479,1,0.5,0,0,-0.5000458,-2.833292E-05,0,-0.002351404,0.00243566,0.3450488,-0.9585245,-0.2130596,0.1893046,1,1,0.5,0,2.086585E-05,0.2499993,0,-0.002762107,0.001756848,0.4626073,-0.8414646,0.3324521,0.4259259,1,0.5,0.25,0,0.25,0.5,0,0,0,0.6902101,-0.6805521,0.478907,0.5545239,0,0.25,0,0,-0.250027,-7.55798E-05,0,-0.00115484,-0.005380356,0.3285964,-0.9775567,0.08444761,0.1930064,1,0.75,0.5,0,-0.5000308,-0.2500083,0,-0.00294149,0.002093614,0.3346332,-0.9704862,-0.2157005,-0.1078418,1,1,0.75,0,0.25,0.25,0,0,0,0.5719608,-0.7556247,0.5317358,0.3824767,0,0.25,0.25,0,0.5,0.5,0,0,0,0.8281943,-0.6098505,0.6173795,0.4969153,0,0,0,0,0.5,0.25,0,0,0,0.723356,-0.6621131,0.6702873,0.3351437,0,0,0.25,0,-0.2499849,-0.250027,0,0.002001227,-0.000217557,0.3179896,-0.9902326,0.08559413,-0.1100588,1,0.75,0.75,0,-0.4999698,-0.5000211,0,0.004065038,0.003659727,0.3967181,-0.9032938,-0.2006983,-0.3791839,1,1,1,0,-0.2500528,-0.5000776,0,-0.002159179,-0.002267958,0.3812749,-0.919123,0.07937048,-0.3858928,1,0.75,1,0,-6.450053E-05,7.968578E-06,0,-0.005173647,-0.0007985288,0.3854724,-0.914766,0.3613162,0.1807035,1,0.5,0.5,0,0.25,0,0,0,0,0.5032946,-0.8073401,0.5681282,0.1594746,0,0.25,0.5,0,0.5,0,0,0,0,0.663658,-0.6960808,0.7046744,0.1374974,0,0,0.5,0,-5.229775E-05,-0.2500292,0,-0.0002824753,-0.002571196,0.3755409,-0.9251425,0.3654286,-0.102827,1,0.5,0.75,0,-7.351086E-06,-0.5000257,0,0.002267892,-0.00472665,0.43494,-0.8663658,0.3422601,-0.3636872,1,0.5,1,0,0.25,-0.25,0,0,0,0.4945351,-0.8144509,0.5731321,-0.09049455,0,0.25,0.75,0,0.5,-0.25,0,0,0,0.6561142,-0.7006228,0.7092724,-0.07784698,0,0,0.75,0,0.25,-0.5,0,0,0,0.5471867,-0.773501,0.5443155,-0.3246794,0,0.25,1,0,0.5,-0.5,0,0,0,0.7017071,-0.6740411,0.6823626,-0.2829309,0,0,1
77,0,-0.2499369,0.4999924,0,0.005028399,0.002343954,0.5471861,-0.7735015,0.06690609,0.6302531,1,0.75,0,0,-0.5000173,0.2499963,0,0.001686812,0.003280492,0.4255286,-0.8751755,-0.1945021,0.4429861,1,1,0.25,0,-0.4999562,0.4999873,0,0.00267923,0.003634395,0.5602205,-0.763992,-0.1697347,0.6225001,1,1,0,0,-0.2499624,0.2499612,0,0.001324714,0.000153482,0.4105347,-0.8895872,0.07691914,0.4502422,1,0.75,0.25,0,1.348346E-05,0.4999568,0,0.0005995475,0.0007003549,0.5927267,-0.7412649,0.2928577,0.6039541,1,0.5,0,0,-0.4999972,-3.162371E-05,0,0.00242889,-0.0001645396,0.3450378,-0.958537,-0.2130049,0.1893032,1,1,0.5,0,7.819553E-06,0.2499386,0,-0.000652315,-0.003037603,0.4625771,-0.841491,0.332449,0.4258761,1,0.5,0.25,0,0.25,0.5,0,0,0,0.6902101,-0.6805521,0.478907,0.5545239,0,0.25,0,0,-0.2499616,2.691053E-06,0,0.003271551,0.003913544,0.3286171,-0.9775323,0.08452448,0.1930961,1,0.75,0.5,0,-0.500003,-0.2500046,0,0.001391769,0.0001892448,0.3346268,-0.9704937,-0.2156688,-0.1078381,1,1,0.75,0,0.25,0.25,0,0,0,0.5719608,-0.7556247,0.5317358,0.3824767,0,0.25,0.25,0,0.5,0.5,0,0,0,0.8281943,-0.6098505,0.6173795,0.4969153,0,0,0,0,0.5,0.25,0,0,0,0.723356,-0.6621131,0.6702873,0.3351437,0,0,0.25,0,-0.2499775,-0.2500092,0,0.0003673138,0.0008881096,0.3179883,-0.9902343,0.08560324,-0.1100373,1,0.75,0.75,0,-0.5000188,-0.5000345,0,-0.002449752,-0.0006675723,0.396733,-0.9032789,-0.2007496,-0.3791925,1,1,1,0,-0.2500451,-0.5000458,0,0.00038296,0.001588464,0.3812632,-0.9191352,0.07938023,-0.3858618,1,0.75,1,0,1.592773E-05,-1.061868E-05,0,0.004021415,-0.0009293634,0.385498,-0.9147394,0.3613965,0.1806773,1,0.5,0.5,0,0.25,0,0,0,0,0.5032946,-0.8073401,0.5681282,0.1594746,0,0.25,0.5,0,0.5,0,0,0,0,0.663658,-0.6960808,0.7046744,0.1374974,0,0,0.5,0,-4.908366E-05,-0.2500241,0,0.0001607045,0.0002577902,0.3755415,-0.9251418,0.365432,-0.102821,1,0.5,0.75,0,-1.773155E-05,-0.4999951,0,-0.0005190235,0.00152737,0.4349253,-0.8663794,0.3422543,-0.3636602,1,0.5,1,0,0.25,-0.25,0,0,0,0.4945351,-0.8144509,0.5731321,-0.09049455,0,0.25,0.75,0,0.5,-0.25,0,0,0,0.6561142,-0.7006228,0.7092724,-0.07784698,0,0,0.75,0,0.25,-0.5,0,0,0,0.5471867,-0.773501,0.5443155,-0.3246794,0,0.25,1,0,0.5,-0.5,0,0,0,0.7017071,-0.6740411,0.6823626,-0.2829309,0,0,1
78,0,-0.2499968,0.4999719,0,-0.00299886,-0.0010252,0.5471692,-0.773514,0.06684989,0.6302437,1,0.75,0,0,-0.4999847,0.2500227,0,0.001630188,0.001318008,0.425534,-0.8751705,-0.1944658,0.443012,1,1,0.25,0,-0.4999846,0.5000066,0,-0.001420081,0.0009611253,0.5602373,-0.7639799,-0.1697588,0.6225083,1,1,0,0,-0.2500137,0.2499948,0,-0.002561511,0.001681597,0.4105459,-0.8895763,0.07686193,0.4502736,1,0.75,0.25,0,7.63086E-06,0.5000064,0,-0.0002926301,0.002476574,0.592755,-0.7412458,0.2928448,0.6039839,1,0.5,0,0,-0.4999894,3.878303E-05,0,0.0003874303,0.003520338,0.3450495,-0.9585238,-0.2129928,0.1893839,1,1,0.5,0,2.918399E-05,0.2499471,0,0.001068222,0.0004291536,0.4625878,-0.8414816,0.3324675,0.4258803,1,0.5,0.25,0,0.25,0.5,0,0,0,0.6902101,-0.6805521,0.478907,0.5545239,0,0.25,0,0,-0.2500042,-1.05284E-05,0,-0.002130122,-0.000660973,0.3286109,-0.9775397,0.08447369,0.1930815,1,0.75,0.5,0,-0.4999929,-0.2499346,0,0.0005036594,0.003496559,0.3346171,-0.9705049,-0.2156593,-0.1077556,1,1,0.75,0,0.25,0.25,0,0,0,0.5719608,-0.7556247,0.5317358,0.3824767,0,0.25,0.25,0,0.5,0.5,0,0,0,0.8281943,-0.6098505,0.6173795,0.4969153,0,0,0,0,0.5,0.25,0,0,0,0.723356,-0.6621131,0.6702873,0.3351437,0,0,0.25,0,-0.2500141,-0.2499483,0,-0.001827628,0.003044308,0.3179784,-0.9902462,0.08555958,-0.1099642,1,0.75,0.75,0,-0.4999895,-0.4999869,0,0.001463295,0.002378226,0.3967091,-0.9033029,-0.2007223,-0.3791496,1,1,1,0,-0.2500167,-0.4999934,0,0.001421571,0.002621115,0.3812453,-0.9191539,0.07941411,-0.3858102,1,0.75,1,0,2.122033E-05,1.296854E-06,0,0.0002646302,0.0005957771,0.3855021,-0.9147353,0.3614008,0.1806899,1,0.5,0.5,0,0.25,0,0,0,0,0.5032946,-0.8073401,0.5681282,0.1594746,0,0.25,0.5,0,0.5,0,0,0,0,0.663658,-0.6960808,0.7046744,0.1374974,0,0,0.5,0,-2.96877E-05,-0.2500368,0,0.0009697985,-0.0006362798,0.3755499,-0.9251329,0.3654507,-0.1028346,1,0.5,0.75,0,6.313819E-06,-0.499952,0,0.001202269,0.002157689,0.4349179,-0.8663863,0.3422828,-0.363617,1,0.5,1,0,0.25,-0.25,0,0,0,0.4945351,-0.8144509,0.5731321,-0.09049455,0,0.25,0.75,0,0.5,-0.25,0,0,0,0.6561142,-0.7006228,0.7092724,-0.07784698,0,0,0.75,0,0.25,-0.5,0,0,0,0.5471867,-0.773501,0.5443155,-0.3246794,0,0.25,1,0,0.5,-0.5,0,0,0,0.7017071,-0.6740411,0.6823626,-0.2829309,0,0,1
79,0,-0.2499918,0.5000061,0,0.0002510847,0.001710654,0.547191,-0.7734978,0.0668533,0.6302633,1,0.75,0,0,-0.4999878,0.2500019,0,-0.0001549721,-0.001037121,0.4255254,-0.8751786,-0.1944709,0.4429937,1,1,0.25,0,-0.4999849,0.5000153,0,-1.341105E-05,0.0004380943,0.5602428,-0.763976,-0.1697582,0.6225134,1,1,0,0,-0.2500316,0.2500155,0,-0.0008955601,0.001036376,0.4105539,-0.8895684,0.07684159,0.4502924,1,0.75,0.25,0,3.58411E-05,0.5000224,0,0.001410512,0.0007987025,0.5927728,-0.7412336,0.2928658,0.6039886,1,0.5,0,0,-0.4999816,6.06747E-05,0,0.0003933908,0.001094584,0.3450519,-0.9585209,-0.2129829,0.1894093,1,1,0.5,0,-1.09799E-05,0.249989,0,-0.002008196,0.002093614,0.4625923,-0.8414778,0.3324243,0.4259217,1,0.5,0.25,0,0.25,0.5,0,0,0,0.6902101,-0.6805521,0.478907,0.5545239,0,0.25,0,0,-0.2499796,-3.929925E-05,0,0.001229346,-0.001438543,0.3286074,-0.9775437,0.08450372,0.1930476,1,0.75,0.5,0,-0.4999627,-0.2499335,0,0.001510978,5.438926E-05,0.3346105,-0.9705126,-0.2156248,-0.1077551,1,1,0.75,0,0.25,0.25,0,0,0,0.5719608,-0.7556247,0.5317358,0.3824767,0,0.25,0.25,0,0.5,0.5,0,0,0,0.8281943,-0.6098505,0.6173795,0.4969153,0,0,0,0,0.5,0.25,0,0,0,0.723356,-0.6621131,0.6702873,0.3351437,0,0,0.25,0,-0.2499269,-0.2499564,0,0.004360827,-0.0004030766,0.3179868,-0.990236,0.08566534,-0.1099729,1,0.75,0.75,0,-0.499902,-0.4999598,0,0.004376473,0.001356006,0.3966813,-0.903331,-0.2006309,-0.3791311,1,1,1,0,-0.2500124,-0.5000071,0,0.0002130867,-0.0006839636,0.3812509,-0.919148,0.07941844,-0.3858233,1,0.75,1,0,7.427508E-05,1.815833E-05,0,0.002652738,0.000843074,0.3855243,-0.9147123,0.3614517,0.1807044,1,0.5,0.5,0,0.25,0,0,0,0,0.5032946,-0.8073401,0.5681282,0.1594746,0,0.25,0.5,0,0.5,0,0,0,0,0.663658,-0.6960808,0.7046744,0.1374974,0,0,0.5,0,-9.921599E-06,-0.2500315,0,0.0009883052,0.0002637507,0.3755566,-0.9251258,0.3654705,-0.1028278,1,0.5,0.75,0,3.712034E-05,-0.5000616,0,0.001540327,-0.005479159,0.4349682,-0.8663396,0.3422973,-0.3637146,1,0.5,1,0,0.25,-0.25,0,0,0,0.4945351,-0.8144509,0.5731321,-0.09049455,0,0.25,0.75,0,0.5,-0.25,0,0,0,0.6561142,-0.7006228,0.7092724,-0.07784698,0,0,0.75,0,0.25,-0.5,0,0,0,0.5471867,-0.773501,0.5443155,-0.3246794,0,0.25,1,0,0.5,-0.5,0,0,0,0.7017071,-0.6740411,0.6823626,-0.2829309,0,0,1
80,0,-0.2500441,0.5000195,0,-0.0026159,0.0006705525,0.547196,-0.7734941,0.06680302,0.6302731,1,0.75,0,0,-0.500016,0.2499992,0,-0.001412631,-0.0001363457,0.4255297,-0.8751745,-0.1945006,0.4429887,1,1,0.25,0,-0.4999875,0.5000139,0,-0.0001341105,-7.15256E-05,0.5602424,-0.7639762,-0.1697607,0.6225123,1,1,0,0,-0.2500163,0.2499929,0,0.0007629397,-0.001130999,0.4105448,-0.8895773,0.07685911,0.4502721,1,0.75,0.25,0,6.64408E-06,0.499944,0,-0.001459851,-0.003916027,0.5927169,-0.7412716,0.2928541,0.6039479,1,0.5,0,0,-0.4999612,-9.290499E-06,0,0.00102073,-0.003498261,0.3450344,-0.9585409,-0.2129631,0.1893304,1,1,0.5,0,9.914568E-06,0.2498965,0,0.001044724,-0.004626067,0.4625599,-0.8415061,0.3324572,0.42584,1,0.5,0.25,0,0.25,0.5,0,0,0,0.6902101,-0.6805521,0.478907,0.5545239,0,0.25,0,0,-0.2499658,-2.891439E-05,0,0.0006869438,0.0005192431,0.3286106,-0.97754,0.08451997,0.1930594,1,0.75,0.5,0,-0.4999806,-0.2500693,0,-0.0008970503,-0.006788972,0.3346289,-0.9704912,-0.2156415,-0.1079154,1,1,0.75,0,0.25,0.25,0,0,0,0.5719608,-0.7556247,0.5317358,0.3824767,0,0.25,0.25,0,0.5,0.5,0,0,0,0.8281943,-0.6098505,0.6173795,0.4969153,0,0,0,0,0.5,0.25,0,0,0,0.723356,-0.6621131,0.6702873,0.3351437,0,0,0.25,0,-0.2499935,-0.2499787,0,-0.003328921,-0.001116842,0.3179836,-0.9902399,0.08558428,-0.1100006,1,0.75,0.75,0,-0.4999741,-0.5000787,0,-0.003604592,-0.005948546,0.3967409,-0.903271,-0.200698,-0.3792386,1,1,1,0,-0.250007,-0.4999391,0,0.0002697111,0.003398956,0.381225,-0.919175,0.07942688,-0.3857574,1,0.75,1,0,5.846072E-05,2.746845E-05,0,-0.0007907183,0.0004655061,0.3855203,-0.9147165,0.3614355,0.1807158,1,0.5,0.5,0,0.25,0,0,0,0,0.5032946,-0.8073401,0.5681282,0.1594746,0,0.25,0.5,0,0.5,0,0,0,0,0.663658,-0.6960808,0.7046744,0.1374974,0,0,0.5,0,-4.154975E-06,-0.2500143,0,0.0002883314,0.0008597974,0.3755569,-0.9251254,0.3654769,-0.1028081,1,0.5,0.75,0,2.826862E-06,-0.4999669,0,-0.001714674,0.004731121,0.4349221,-0.8663824,0.3422775,-0.3636313,1,0.5,1,0,0.25,-0.25,0,0,0,0.4945351,-0.8144509,0.5731321,-0.09049455,0,0.25,0.75,0,0.5,-0.25,0,0,0,0.6561142,-0.7006228,0.7092724,-0.07784698,0,0,0.75,0,0.25,-0.5,0,0,0,0.5471867,-0.773501,0.5443155,-0.3246794,0,0.25,1,0,0.5,-0.5,0,0,0,0.7017071,-0.6740411,0.6823626,-0.2829309,0,0,1
81,0,-0.2500251,0.4999869,0,0.0009536747,-0.001627208,0.5471768,-0.7735083,0.06682245,0.6302536,1,0.75,0,0,-0.4999399,0.2499355,0,0.003805758,-0.003184379,0.4254866,-0.8752152,-0.1944274,0.4429405,1,1,0.25,0,-0.5000417,0.4999589,0,-0.002706052,-0.002747775,0.5602174,-0.7639943,-0.1698158,0.6224751,1,1,0,0,-0.2499538,0.2499997,0,0.003127755,0.0003404917,0.4105527,-0.8895696,0.07692714,0.4502757,1,0.75,0.25,0,-2.137281E-05,0.4999529,0,-0.001400845,0.0004425647,0.5927141,-0.7412735,0.2928292,0.6039575,1,0.5,0,0,-0.4999475,-1.816626E-05,0,0.0006839636,-0.0004437881,0.3450298,-0.9585461,-0.2129481,0.1893209,1,1,0.5,0,1.51424E-05,0.2499402,0,0.0002613917,0.002185256,0.4625802,-0.8414883,0.3324555,0.4258764,1,0.5,0.25,0,0.25,0.5,0,0,0,0.6902101,-0.6805521,0.478907,0.5545239,0,0.25,0,0,-0.2500131,4.629081E-05,0,-0.002363325,0.003760261,0.3286211,-0.9775276,0.08446185,0.1931477,1,0.75,0.5,0,-0.5000038,-0.2499636,0,-0.001156331,0.005283954,0.3346226,-0.9704986,-0.2156709,-0.1077896,1,1,0.75,0,0.25,0.25,0,0,0,0.5719608,-0.7556247,0.5317358,0.3824767,0,0.25,0.25,0,0.5,0.5,0,0,0,0.8281943,-0.6098505,0.6173795,0.4969153,0,0,0,0,0.5,0.25,0,0,0,0.723356,-0.6621131,0.6702873,0.3351437,0,0,0.25,0,-0.2499444,-0.2500484,0,0.002450497,-0.003485383,0.3179954,-0.9902256,0.08564296,-0.1100843,1,0.75,0.75,0,-0.4999585,-0.4999748,0,0.000779331,0.005199017,0.3966984,-0.9033138,-0.2006901,-0.3791406,1,1,1,0,-0.2499928,-0.5000234,0,0.0007092956,-0.00421256,0.3812587,-0.9191399,0.07943995,-0.3858383,1,0.75,1,0,2.546619E-05,-4.905265E-06,0,-0.001649727,-0.001618686,0.3855025,-0.9147348,0.3614055,0.1806828,1,0.5,0.5,0,0.25,0,0,0,0,0.5032946,-0.8073401,0.5681282,0.1594746,0,0.25,0.5,0,0.5,0,0,0,0,0.663658,-0.6960808,0.7046744,0.1374974,0,0,0.5,0,-4.841623E-05,-0.2500513,0,-0.002213064,-0.001850725,0.3755445,-0.9251385,0.3654315,-0.1028518,1,0.5,0.75,0,6.110824E-05,-0.4999966,0,0.00291407,-0.001484156,0.4349529,-0.8663539,0.3423286,-0.3636511,1,0.5,1,0,0.25,-0.25,0,0,0,0.4945351,-0.8144509,0.5731321,-0.09049455,0,0.25,0.75,0,0.5,-0.25,0,0,0,0.6561142,-0.7006228,0.7092724,-0.07784698,0,0,0.75,0,0.25,-0.5,0,0,0,0.5471867,-0.773501,0.5443155,-0.3246794,0,0.25,1,0,0.5,-0.5,0,0,0,0.7017071,-0.6740411,0.6823626,-0.2829309,0,0,1
82,0,-0.2499953,0.4999915,0,0.001488627,0.000229478,0.5471817,-0.7735047,0.06685057,0.630255,1,0.75,0,0,-0.4999876,0.2500158,0,-0.002384187,0.004012139,0.4255314,-0.8751729,-0.1944695,0.4430058,1,1,0.25,0,-0.5000193,0.4999371,0,0.001117588,-0.001090765,0.5602,-0.7640068,-0.1697975,0.6224648,1,1,0,0,-0.2500026,0.2499851,0,-0.002440811,-0.0007309022,0.4105424,-0.8895797,0.07687441,0.4502647,1,0.75,0.25,0,9.616413E-06,0.4999417,0,0.001549462,-0.0005573037,0.5927165,-0.7412719,0.292857,0.603946,1,0.5,0,0,-0.4999789,-5.452188E-06,0,-0.001570583,0.0006357037,0.3450388,-0.9585359,-0.212983,0.189334,1,1,0.5,0,1.921266E-06,0.2499133,0,-0.000661057,-0.00134632,0.4625643,-0.8415022,0.3324473,0.4258555,1,0.5,0.25,0,0.25,0.5,0,0,0,0.6902101,-0.6805521,0.478907,0.5545239,0,0.25,0,0,-0.2500237,-4.02989E-05,0,-0.0005289915,-0.004329487,0.3286035,-0.9775484,0.08445089,0.1930473,1,0.75,0.5,0,-0.5000463,-0.249966,0,-0.002124907,-0.0001199544,0.334632,-0.9704876,-0.2157193,-0.1077913,1,1,0.75,0,0.25,0.25,0,0,0,0.5719608,-0.7556247,0.5317358,0.3824767,0,0.25,0.25,0,0.5,0.5,0,0,0,0.8281943,-0.6098505,0.6173795,0.4969153,0,0,0,0,0.5,0.25,0,0,0,0.723356,-0.6621131,0.6702873,0.3351437,0,0,0.25,0,-0.2500178,-0.2499924,0,-0.003668667,0.00280291,0.317983,-0.9902407,0.08555456,-0.1100174,1,0.75,0.75,0,-0.4999886,-0.5000257,0,-0.001506508,-0.002546609,0.3967237,-0.9032883,-0.200718,-0.3791867,1,1,1,0,-0.2499718,-0.4999574,0,0.001054258,0.003299118,0.3812349,-0.9191647,0.07946602,-0.3857738,1,0.75,1,0,2.023877E-05,3.262874E-05,0,-0.0002613711,0.001876701,0.3855074,-0.9147298,0.3613976,0.1807242,1,0.5,0.5,0,0.25,0,0,0,0,0.5032946,-0.8073401,0.5681282,0.1594746,0,0.25,0.5,0,0.5,0,0,0,0,0.663658,-0.6960808,0.7046744,0.1374974,0,0,0.5,0,3.845948E-05,-0.2500014,0,0.004343787,0.002497436,0.3755711,-0.9251105,0.3655196,-0.1027917,1,0.5,0.75,0,8.382911E-05,-0.4999829,0,0.001136044,0.0006854537,0.4349557,-0.8663512,0.3423519,-0.3636354,1,0.5,1,0,0.25,-0.25,0,0,0,0.4945351,-0.8144509,0.5731321,-0.09049455,0,0.25,0.75,0,0.5,-0.25,0,0,0,0.6561142,-0.7006228,0.7092724,-0.07784698,0,0,0.75,0,0.25,-0.5,0,0,0,0.5471867,-0.773501,0.5443155,-0.3246794,0,0.25,1,0,0.5,-0.5,0,0,0,0.7017071,-0.6740411,0.6823626,-0.2829309,0,0,1
83,0,-0.2499891,0.5000491,0,0.0003106893,0.002878906,0.5472183,-0.7734777,0.06685417,0.6302879,1,0.75,0,0,-0.499972,0.2500098,0,0.000779331,-0.0002980233,0.4255258,-0.8751782,-0.1944538,0.443002,1,1,0.25,0,-0.5000732,0.5000091,0,-0.002694131,0.003597142,0.5602539,-0.763968,-0.1698397,0.622501,1,1,0,0,-0.2500578,0.2500407,0,-0.002758206,0.002780558,0.4105632,-0.8895594,0.07681207,0.4503155,1,0.75,0.25,0,1.102338E-05,0.4999867,0,7.034817E-05,0.002250076,0.592744,-0.7412532,0.2928509,0.603972,1,0.5,0,0,-0.4999253,5.024663E-05,0,0.00267774,0.002784942,0.345038,-0.9585368,-0.2129198,0.1894001,1,1,0.5,0,-2.975617E-05,0.2499786,0,-0.001583873,0.003268571,0.4625816,-0.8414871,0.3324084,0.4259157,1,0.5,0.25,0,0.25,0.5,0,0,0,0.6902101,-0.6805521,0.478907,0.5545239,0,0.25,0,0,-0.2499438,1.401203E-05,0,0.003995748,0.002715547,0.3286207,-0.977528,0.08454558,0.1931089,1,0.75,0.5,0,-0.4999446,-0.2499646,0,0.005081298,7.003549E-05,0.3346099,-0.9705133,-0.2156033,-0.1077924,1,1,0.75,0,0.25,0.25,0,0,0,0.5719608,-0.7556247,0.5317358,0.3824767,0,0.25,0.25,0,0.5,0.5,0,0,0,0.8281943,-0.6098505,0.6173795,0.4969153,0,0,0,0,0.5,0.25,0,0,0,0.723356,-0.6621131,0.6702873,0.3351437,0,0,0.25,0,-0.2499686,-0.2499477,0,0.002461673,0.00223294,0.3179823,-0.9902415,0.08561482,-0.1099629,1,0.75,0.75,0,-0.4999959,-0.49998,0,-0.0003650786,0.002285839,0.3967078,-0.9033043,-0.2007297,-0.3791424,1,1,1,0,-0.2500028,-0.4999933,0,-0.001553447,-0.001794101,0.3812463,-0.9191529,0.07942974,-0.3858096,1,0.75,1,0,6.849162E-06,1.392936E-05,0,-0.0006694805,-0.0009349694,0.3854992,-0.9147383,0.3613858,0.1807048,1,0.5,0.5,0,0.25,0,0,0,0,0.5032946,-0.8073401,0.5681282,0.1594746,0,0.25,0.5,0,0.5,0,0,0,0,0.663658,-0.6960808,0.7046744,0.1374974,0,0,0.5,0,-1.537838E-05,-0.2500175,0,-0.002691894,-0.000804663,0.3755531,-0.9251295,0.3654657,-0.1028121,1,0.5,0.75,0,1.477709E-05,-0.4999512,0,-0.003452603,0.001583994,0.4349205,-0.8663839,0.3422909,-0.3636152,1,0.5,1,0,0.25,-0.25,0,0,0,0.4945351,-0.8144509,0.5731321,-0.09049455,0,0.25,0.75,0,0.5,-0.25,0,0,0,0.6561142,-0.7006228,0.7092724,-0.07784698,0,0,0.75,0,0.25,-0.5,0,0,0,0.5471867,-0.773501,0.5443155,-0.3246794,0,0.25,1,0,0.5,-0.5,0,0,0,0.7017071,-0.6740411,0.6823626,-0.2829309,0,0,1
84,0,-0.2500259,0.5000333,0,-0.001842529,-0.0007927421,0.5472059,-0.7734869,0.06681977,0.6302803,1,0.75,0,0,-0.5000263,0.2500737,0,-0.002713503,0.0031963,0.4255646,-0.8751414,-0.1945043,0.4430525,1,1,0.25,0,-0.4999945,0.5000578,0,0.003932418,0.002437831,0.5602709,-0.7639557,-0.1697628,0.6225369,1,1,0,0,-0.2500028,0.2500436,0,0.002746285,0.0001445413,0.4105687,-0.889554,0.07687192,0.4503159,1,0.75,0.25,0,2.659025E-05,0.500026,0,0.0007783439,0.001962484,0.5927722,-0.7412341,0.2928575,0.6039922,1,0.5,0,0,-0.5000642,2.311817E-05,0,-0.006942454,-0.001356424,0.3450624,-0.9585091,-0.213078,0.1893625,1,1,0.5,0,2.389316E-05,0.2499805,0,0.002682468,9.387735E-05,0.4626003,-0.8414708,0.3324577,0.4259094,1,0.5,0.25,0,0.25,0.5,0,0,0,0.6902101,-0.6805521,0.478907,0.5545239,0,0.25,0,0,-0.2500579,7.84421E-05,0,-0.005706402,0.003221505,0.3286235,-0.9775248,0.08440755,0.193186,1,0.75,0.5,0,-0.4999076,-0.2499992,0,0.001850725,-0.0017263,0.3346056,-0.9705182,-0.21556,-0.1078344,1,1,0.75,0,0.25,0.25,0,0,0,0.5719608,-0.7556247,0.5317358,0.3824767,0,0.25,0.25,0,0.5,0.5,0,0,0,0.8281943,-0.6098505,0.6173795,0.4969153,0,0,0,0,0.5,0.25,0,0,0,0.723356,-0.6621131,0.6702873,0.3351437,0,0,0.25,0,-0.2498787,-0.2499824,0,0.004492702,-0.001733751,0.3179938,-0.9902276,0.08572347,-0.1100038,1,0.75,0.75,0,-0.5000308,-0.4999495,0,-0.001744927,0.001524389,0.3967032,-0.9033089,-0.2007697,-0.3791104,1,1,1,0,-0.2500136,-0.4999223,0,-0.0005394223,0.003549458,0.3812181,-0.9191822,0.07942004,-0.3857414,1,0.75,1,0,-4.168977E-06,2.543208E-05,0,-0.0005509072,0.0005751364,0.3854973,-0.9147403,0.3613741,0.1807182,1,0.5,0.5,0,0.25,0,0,0,0,0.5032946,-0.8073401,0.5681282,0.1594746,0,0.25,0.5,0,0.5,0,0,0,0,0.663658,-0.6960808,0.7046744,0.1374974,0,0,0.5,0,-3.512807E-05,-0.250003,0,-0.0009874848,0.0007227066,0.3755444,-0.9251387,0.3654467,-0.1027967,1,0.5,0.75,0,1.29413E-05,-0.499999,0,-9.178938E-05,-0.002385677,0.4349372,-0.8663684,0.3422828,-0.3636597,1,0.5,1,0,0.25,-0.25,0,0,0,0.4945351,-0.8144509,0.5731321,-0.09049455,0,0.25,0.75,0,0.5,-0.25,0,0,0,0.6561142,-0.7006228,0.7092724,-0.07784698,0,0,0.75,0,0.25,-0.5,0,0,0,0.5471867,-0.773501,0.5443155,-0.3246794,0,0.25,1,0,0.5,-0.5,0,0,0,0.7017071,-0.6740411,0.6823626,-0.2829309,0,0,1
85,0,-0.249938,0.5000144,0,0.004398825,-0.0009417537,0.5472,-0.7734913,0.06690416,0.6302659,1,0.75,0,0,-0.499974,0.2500382,0,0.002616645,-0.001774729,0.4255388,-0.8751659,-0.1944532,0.4430265,1,1,0.25,0,-0.4999367,0.5000222,0,0.002890826,-0.001779199,0.560239,-0.7639787,-0.1697134,0.6225222,1,1,0,0,-0.2500248,0.2499599,0,-0.001099706,-0.004185738,0.4105293,-0.8895925,0.07685108,0.4502435,1,0.75,0.25,0,8.956117E-05,0.4999731,0,0.003148547,-0.002644957,0.5927588,-0.7412432,0.2929188,0.6039513,1,0.5,0,0,-0.4999793,1.346703E-05,0,0.004246833,-0.0004825571,0.3450425,-0.9585316,-0.2129825,0.1893555,1,1,0.5,0,3.273319E-05,0.2499576,0,0.0004420014,-0.001148135,0.4625934,-0.8414767,0.3324693,0.4258886,1,0.5,0.25,0,0.25,0.5,0,0,0,0.6902101,-0.6805521,0.478907,0.5545239,0,0.25,0,0,-0.2499806,2.580935E-06,0,0.003864618,-0.00379306,0.3286154,-0.9775343,0.08450166,0.1930963,1,0.75,0.5,0,-0.4999461,-0.2499261,0,-0.001922251,0.003653021,0.3346061,-0.9705178,-0.215606,-0.1077468,1,1,0.75,0,0.25,0.25,0,0,0,0.5719608,-0.7556247,0.5317358,0.3824767,0,0.25,0.25,0,0.5,0.5,0,0,0,0.8281943,-0.6098505,0.6173795,0.4969153,0,0,0,0,0.5,0.25,0,0,0,0.723356,-0.6621131,0.6702873,0.3351437,0,0,0.25,0,-0.2499927,-0.2499423,0,-0.005697461,0.002002717,0.3179796,-0.9902447,0.08558564,-0.1099567,1,0.75,0.75,0,-0.4999459,-0.49997,0,0.004243853,-0.00102371,0.396694,-0.9033182,-0.2006771,-0.3791371,1,1,1,0,-0.2500007,-0.4999567,0,0.0006467106,-0.001719595,0.3812323,-0.9191674,0.07943343,-0.3857742,1,0.75,1,0,-3.348221E-05,1.634577E-05,0,-0.001465662,-0.0004543157,0.3854851,-0.9147529,0.361346,0.1807104,1,0.5,0.5,0,0.25,0,0,0,0,0.5032946,-0.8073401,0.5681282,0.1594746,0,0.25,0.5,0,0.5,0,0,0,0,0.663658,-0.6960808,0.7046744,0.1374974,0,0,0.5,0,-4.618297E-05,-0.2500088,0,-0.0005527452,-0.0002890826,0.375541,-0.9251423,0.3654355,-0.1028037,1,0.5,0.75,0,2.825813E-05,-0.4999536,0,0.0007658422,0.002269448,0.4349259,-0.8663788,0.3423033,-0.3636155,1,0.5,1,0,0.25,-0.25,0,0,0,0.4945351,-0.8144509,0.5731321,-0.09049455,0,0.25,0.75,0,0.5,-0.25,0,0,0,0.6561142,-0.7006228,0.7092724,-0.07784698,0,0,0.75,0,0.25,-0.5,0,0,0,0.5471867,-0.773501,0.5443155,-0.3246794,0,0.25,1,0,0.5,-0.5,0,0,0,0.7017071,-0.6740411,0.6823626,-0.2829309,0,0,1
86,0,-0.2499824,0.4999624,0,-0.002223999,-0.002600254,0.5471642,-0.7735177,0.06686398,0.6302378,1,0.75,0,0,-0.5000434,0.2500204,0,-0.003471972,-0.00089407,0.4255443,-0.8751607,-0.194527,0.4430045,1,1,0.25,0,-0.4999913,0.4999941,0,-0.002729894,-0.00140667,0.5602307,-0.7639846,-0.1697662,0.6225005,1,1,0,0,-0.2500209,0.2499986,0,0.0001981855,0.001937897,0.4105471,-0.8895751,0.07685394,0.4502773,1,0.75,0.25,0,2.782945E-05,0.4999942,0,-0.003086587,0.001056493,0.5927535,-0.7412468,0.2928637,0.6039736,1,0.5,0,0,-0.4999771,-8.91034E-06,0,0.0001102686,-0.001118869,0.3450378,-0.958537,-0.2129811,0.1893301,1,1,0.5,0,-1.385328E-05,0.250032,0,-0.002329324,0.003723802,0.4626097,-0.8414626,0.3324152,0.4259588,1,0.5,0.25,0,0.25,0.5,0,0,0,0.6902101,-0.6805521,0.478907,0.5545239,0,0.25,0,0,-0.2500398,-6.053929E-05,0,-0.002957137,-0.003156013,0.3285983,-0.9775546,0.08443204,0.1930241,1,0.75,0.5,0,-0.4999251,-0.2499916,0,0.001049042,-0.003276767,0.3346086,-0.9705148,-0.2155802,-0.107825,1,1,0.75,0,0.25,0.25,0,0,0,0.5719608,-0.7556247,0.5317358,0.3824767,0,0.25,0.25,0,0.5,0.5,0,0,0,0.8281943,-0.6098505,0.6173795,0.4969153,0,0,0,0,0.5,0.25,0,0,0,0.723356,-0.6621131,0.6702873,0.3351437,0,0,0.25,0,-0.2499798,-0.2499675,0,0.0006422403,-0.001258404,0.3179835,-0.99024,0.08560093,-0.1099869,1,0.75,0.75,0,-0.4999909,-0.5000159,0,-0.002245606,-0.00229478,0.3967204,-0.9032916,-0.2007213,-0.3791771,1,1,1,0,-0.250003,-0.5000278,0,-0.0001162291,-0.003558399,0.3812596,-0.9191389,0.07942833,-0.385843,1,0.75,1,0,-4.683216E-06,-2.312938E-05,0,0.00143995,-0.001973758,0.3854883,-0.9147495,0.3613772,0.1806651,1,0.5,0.5,0,0.25,0,0,0,0,0.5032946,-0.8073401,0.5681282,0.1594746,0,0.25,0.5,0,0.5,0,0,0,0,0.663658,-0.6960808,0.7046744,0.1374974,0,0,0.5,0,-4.911736E-05,-0.2500752,0,-0.0001467199,-0.003317,0.3755468,-0.9251362,0.3654298,-0.1028788,1,0.5,0.75,0,9.735832E-06,-0.500008,0,-0.0009261156,-0.002723933,0.4349394,-0.8663663,0.3422786,-0.3636685,1,0.5,1,0,0.25,-0.25,0,0,0,0.4945351,-0.8144509,0.5731321,-0.09049455,0,0.25,0.75,0,0.5,-0.25,0,0,0,0.6561142,-0.7006228,0.7092724,-0.07784698,0,0,0.75,0,0.25,-0.5,0,0,0,0.5471867,-0.773501,0.5443155,-0.3246794,0,0.25,1,0,0.5,-0.5,0,0,0,0.7017071,-0.6740411,0.6823626,-0.2829309,0,0,1
87,0,-0.2500569,0.5000069,0,-0.003723057,0.002221764,0.5471872,-0.7735007,0.0667914,0.6302664,1,0.75,0,0,-0.5000187,0.2499109,0,0.001233817,-0.005470964,0.425491,-0.8752111,-0.1945116,0.4429118,1,1,0.25,0,-0.4999749,0.4999432,0,0.0008210543,-0.002545119,0.5601963,-0.7640095,-0.1697562,0.6224727,1,1,0,0,-0.2499809,0.2500173,0,0.001997501,0.0009335581,0.4105585,-0.8895639,0.07689685,0.4502921,1,0.75,0.25,0,-1.461021E-06,0.4999485,0,-0.001464524,-0.002285839,0.5927173,-0.7412713,0.2928466,0.6039517,1,0.5,0,0,-0.4999786,-3.656634E-05,0,-7.748607E-05,-0.0013828,0.3450329,-0.9585426,-0.2129841,0.1892985,1,1,0.5,0,1.74124E-05,0.2499693,0,0.001563285,-0.003137441,0.4625933,-0.8414769,0.3324534,0.4259008,1,0.5,0.25,0,0.25,0.5,0,0,0,0.6902101,-0.6805521,0.478907,0.5545239,0,0.25,0,0,-0.25001,-2.935076E-05,0,0.001488627,0.001559427,0.3286068,-0.9775445,0.0844671,0.1930598,1,0.75,0.5,0,-0.4999702,-0.2500592,0,-0.002254547,-0.00337884,0.3346256,-0.970495,-0.2156298,-0.1079037,1,1,0.75,0,0.25,0.25,0,0,0,0.5719608,-0.7556247,0.5317358,0.3824767,0,0.25,0.25,0,0.5,0.5,0,0,0,0.8281943,-0.6098505,0.6173795,0.4969153,0,0,0,0,0.5,0.25,0,0,0,0.723356,-0.6621131,0.6702873,0.3351437,0,0,0.25,0,-0.2499442,-0.2499887,0,0.00178367,-0.001062453,0.3179889,-0.9902335,0.08564398,-0.1100122,1,0.75,0.75,0,-0.5000744,-0.500026,0,-0.004179778,-0.0005096199,0.396741,-0.9032708,-0.2008099,-0.3791798,1,1,1,0,-0.2500531,-0.5000349,0,-0.002506376,-0.0003546478,0.3812584,-0.9191402,0.07937156,-0.3858516,1,0.75,1,0,4.284897E-05,1.706794E-07,0,0.00237661,0.001165003,0.3855097,-0.9147274,0.3614222,0.1806871,1,0.5,0.5,0,0.25,0,0,0,0,0.5032946,-0.8073401,0.5681282,0.1594746,0,0.25,0.5,0,0.5,0,0,0,0,0.663658,-0.6960808,0.7046744,0.1374974,0,0,0.5,0,6.054336E-05,-0.2500466,0,0.005483038,0.001427532,0.3755839,-0.925097,0.3655395,-0.1028418,1,0.5,0.75,0,-1.986874E-05,-0.4999935,0,-0.001480229,0.000727177,0.434924,-0.8663806,0.3422526,-0.363659,1,0.5,1,0,0.25,-0.25,0,0,0,0.4945351,-0.8144509,0.5731321,-0.09049455,0,0.25,0.75,0,0.5,-0.25,0,0,0,0.6561142,-0.7006228,0.7092724,-0.07784698,0,0,0.75,0,0.25,-0.5,0,0,0,0.5471867,-0.773501,0.5443155,-0.3246794,0,0.25,1,0,0.5,-0.5,0,0,0,0.7017071,-0.6740411,0.6823626,-0.2829309,0,0,1
88,0,-0.2500137,0.499919,0,0.002157689,-0.004394354,0.5471348,-0.7735394,0.06683595,0.630214,1,0.75,0,0,-0.5000221,0.2500357,0,-0.0001698733,0.006238373,0.425547,-0.8751581,-0.1945035,0.4430199,1,1,0.25,0,-0.5000404,0.4999308,0,-0.003272296,-0.0006198885,0.5601996,-0.7640071,-0.1698174,0.6224591,1,1,0,0,-0.2500257,0.2499816,0,-0.00223741,-0.00178516,0.410539,-0.8895829,0.07684935,0.4502625,1,0.75,0.25,0,1.976313E-05,0.4999661,0,0.001061208,0.0008821491,0.5927341,-0.7412599,0.2928615,0.6039585,1,0.5,0,0,-0.4999621,-2.22224E-05,0,0.0008255247,0.0007171973,0.3450321,-0.9585435,-0.2129648,0.1893156,1,1,0.5,0,1.675033E-05,0.2499959,0,-3.310317E-05,0.001328439,0.4626045,-0.8414671,0.3324488,0.4259235,1,0.5,0.25,0,0.25,0.5,0,0,0,0.6902101,-0.6805521,0.478907,0.5545239,0,0.25,0,0,-0.250001,-5.893836E-05,0,0.0004500152,-0.00147938,0.3286018,-0.9775503,0.08447846,0.1930252,1,0.75,0.5,0,-0.5000542,-0.2500402,0,-0.004203619,0.0009492043,0.3346417,-0.9704763,-0.2157264,-0.1078789,1,1,0.75,0,0.25,0.25,0,0,0,0.5719608,-0.7556247,0.5317358,0.3824767,0,0.25,0.25,0,0.5,0.5,0,0,0,0.8281943,-0.6098505,0.6173795,0.4969153,0,0,0,0,0.5,0.25,0,0,0,0.723356,-0.6621131,0.6702873,0.3351437,0,0,0.25,0,-0.2500009,-0.2499682,0,-0.002834947,0.00102669,0.3179818,-0.9902421,0.08557542,-0.109988,1,0.75,0.75,0,-0.5000383,-0.5000257,0,0.001806021,1.490117E-05,0.3967337,-0.9032782,-0.2007712,-0.3791825,1,1,1,0,-0.2500595,-0.5000088,0,-0.0003159047,0.001308322,0.3812478,-0.9191513,0.07936535,-0.3858265,1,0.75,1,0,6.396225E-06,-7.175851E-05,0,-0.001822638,-0.003596461,0.3854836,-0.9147544,0.3613917,0.1806112,1,0.5,0.5,0,0.25,0,0,0,0,0.5032946,-0.8073401,0.5681282,0.1594746,0,0.25,0.5,0,0.5,0,0,0,0,0.663658,-0.6960808,0.7046744,0.1374974,0,0,0.5,0,-3.17857E-05,-0.2500277,0,-0.004616454,0.0009432439,0.3755482,-0.9251347,0.365449,-0.1028244,1,0.5,0.75,0,-6.472009E-06,-0.5000041,0,0.0006698369,-0.0005275013,0.4349324,-0.8663728,0.3422638,-0.363667,1,0.5,1,0,0.25,-0.25,0,0,0,0.4945351,-0.8144509,0.5731321,-0.09049455,0,0.25,0.75,0,0.5,-0.25,0,0,0,0.6561142,-0.7006228,0.7092724,-0.07784698,0,0,0.75,0,0.25,-0.5,0,0,0,0.5471867,-0.773501,0.5443155,-0.3246794,0,0.25,1,0,0.5,-0.5,0,0,0,0.7017071,-0.6740411,0.6823626,-0.2829309,0,0,1
89,0,-0.2500119,0.4999835,0,9.089712E-05,0.003226103,0.5471755,-0.7735093,0.06683509,0.6302511,1,0.75,0,0,-0.499957,0.2500185,0,0.003257395,-0.0008583072,0.4255267,-0.8751773,-0.1944374,0.443011,1,1,0.25,0,-0.49995,0.4999946,0,0.004516544,0.00319034,0.5602239,-0.7639896,-0.1697283,0.6225049,1,1,0,0,-0.2500356,0.2499958,0,-0.000497699,0.0007100406,0.4105446,-0.8895775,0.07683794,0.4502753,1,0.75,0.25,0,3.543845E-05,0.500014,0,0.0007837662,0.002393127,0.5927677,-0.7412371,0.2928668,0.6039838,1,0.5,0,0,-0.499922,-1.671154E-05,0,0.002004207,0.0002755429,0.3450246,-0.958552,-0.2129193,0.1893238,1,1,0.5,0,-4.723144E-06,0.2499539,0,-0.001073674,-0.002095849,0.4625795,-0.841489,0.3324352,0.425891,1,0.5,0.25,0,0.25,0.5,0,0,0,0.6902101,-0.6805521,0.478907,0.5545239,0,0.25,0,0,-0.249952,-3.741013E-05,0,0.002449752,0.001076412,0.3286101,-0.9775406,0.08453675,0.1930493,1,0.75,0.5,0,-0.4999904,-0.2500031,0,0.00319034,0.001858175,0.3346239,-0.970497,-0.2156545,-0.1078367,1,1,0.75,0,0.25,0.25,0,0,0,0.5719608,-0.7556247,0.5317358,0.3824767,0,0.25,0.25,0,0.5,0.5,0,0,0,0.8281943,-0.6098505,0.6173795,0.4969153,0,0,0,0,0.5,0.25,0,0,0,0.723356,-0.6621131,0.6702873,0.3351437,0,0,0.25,0,-0.249996,-0.2500039,0,0.0002436341,-0.001785905,0.3179861,-0.9902368,0.08558092,-0.1100311,1,0.75,0.75,0,-0.4999923,-0.5000328,0,0.00230372,-0.0003546478,0.3967271,-0.9032848,-0.2007213,-0.3791932,1,1,1,0,-0.2499593,-0.5000282,0,0.005006047,-0.0009715561,0.3812632,-0.9191352,0.07947757,-0.3858418,1,0.75,1,0,8.251987E-05,-1.376621E-05,0,0.003806184,0.002899616,0.3855215,-0.9147152,0.3614621,0.1806689,1,0.5,0.5,0,0.25,0,0,0,0,0.5032946,-0.8073401,0.5681282,0.1594746,0,0.25,0.5,0,0.5,0,0,0,0,0.663658,-0.6960808,0.7046744,0.1374974,0,0,0.5,0,4.341052E-05,-0.2500442,0,0.003759813,-0.0008240346,0.3755774,-0.9251038,0.3655227,-0.1028398,1,0.5,0.75,0,1.32866E-05,-0.4999837,0,0.0009879307,0.00101924,0.4349318,-0.8663734,0.3422852,-0.3636454,1,0.5,1,0,0.25,-0.25,0,0,0,0.4945351,-0.8144509,0.5731321,-0.09049455,0,0.25,0.75,0,0.5,-0.25,0,0,0,0.6561142,-0.7006228,0.7092724,-0.07784698,0,0,0.75,0,0.25,-0.5,0,0,0,0.5471867,-0.773501,0.5443155,-0.3246794,0,0.25,1,0,0.5,-0.5,0,0,0,0.7017071,-0.6740411,0.6823626,-0.2829309,0,0,1
90,0,-0.2499853,0.4999769,0,0.001331419,-0.0003278257,0.5471731,-0.7735111,0.06686068,0.6302463,1,0.75,0,0,-0.4999746,0.2500445,0,-0.0008821491,0.001297892,0.4255416,-0.8751632,-0.1944533,0.4430319,1,1,0.25,0,-0.4999809,0.4999832,0,-0.001543761,-0.0005707147,0.5602221,-0.7639908,-0.1697577,0.6224952,1,1,0,0,-0.2499691,0.2499924,0,0.003326686,-0.0001683832,0.4105483,-0.8895739,0.07691071,0.4502699,1,0.75,0.25,0,7.437434E-05,0.499927,0,0.001946795,-0.004352631,0.5927265,-0.7412651,0.2929135,0.603927,1,0.5,0,0,-0.5000179,2.811795E-05,0,-0.004796686,0.002241476,0.3450536,-0.9585192,-0.2130255,0.1893704,1,1,0.5,0,-1.912194E-05,0.2499483,0,-0.0007199398,-0.0002816321,0.4625723,-0.8414953,0.3324227,0.4258883,1,0.5,0.25,0,0.25,0.5,0,0,0,0.6902101,-0.6805521,0.478907,0.5545239,0,0.25,0,0,-0.2500315,-5.147926E-05,0,-0.003977121,-0.0007034566,0.3286007,-0.9775517,0.08444171,0.1930345,1,0.75,0.5,0,-0.4999914,-0.2500017,0,-5.066397E-05,7.003549E-05,0.334624,-0.9704969,-0.2156557,-0.107835,1,1,0.75,0,0.25,0.25,0,0,0,0.5719608,-0.7556247,0.5317358,0.3824767,0,0.25,0.25,0,0.5,0.5,0,0,0,0.8281943,-0.6098505,0.6173795,0.4969153,0,0,0,0,0.5,0.25,0,0,0,0.723356,-0.6621131,0.6702873,0.3351437,0,0,0.25,0,-0.2499944,-0.2499353,0,7.823113E-05,0.003429504,0.3179787,-0.9902459,0.0855836,-0.1099483,1,0.75,0.75,0,-0.4999734,-0.5000548,0,0.000944734,-0.001099706,0.3967317,-0.9032803,-0.2006992,-0.3792158,1,1,1,0,-0.250024,-0.4999405,0,-0.003232808,0.004382433,0.3812243,-0.9191757,0.07940771,-0.3857594,1,0.75,1,0,-2.805873E-05,-6.872067E-06,0,-0.005528932,0.0003447071,0.3854828,-0.9147552,0.3613531,0.1806846,1,0.5,0.5,0,0.25,0,0,0,0,0.5032946,-0.8073401,0.5681282,0.1594746,0,0.25,0.5,0,0.5,0,0,0,0,0.663658,-0.6960808,0.7046744,0.1374974,0,0,0.5,0,-1.647085E-05,-0.2500275,0,-0.00299407,0.0008344654,0.3755538,-0.9251288,0.3654642,-0.1028235,1,0.5,0.75,0,3.274943E-05,-0.4999757,0,0.000973142,0.000396371,0.4349356,-0.8663698,0.3423046,-0.3636355,1,0.5,1,0,0.25,-0.25,0,0,0,0.4945351,-0.8144509,0.5731321,-0.09049455,0,0.25,0.75,0,0.5,-0.25,0,0,0,0.6561142,-0.7006228,0.7092724,-0.07784698,0,0,0.75,0,0.25,-0.5,0,0,0,0.5471867,-0.773501,0.5443155,-0.3246794,0,0.25,1,0,0.5,-0.5,0,0,0,0.7017071,-0.6740411,0.6823626,-0.2829309,0,0,1
91,0,-0.2500255,0.4999603,0,-0.002007932,-0.0008329753,0.5471599,-0.7735208,0.06682317,0.6302383,1,0.75,0,0,-0.4999938,0.2500627,0,-0.0009611253,0.0009104613,0.4255534,-0.8751521,-0.1944716,0.4430459,1,1,0.25,0,-0.4999751,0.4999831,0,0.0002875925,-5.960467E-06,0.5602211,-0.7639916,-0.1697525,0.6224957,1,1,0,0,-0.2499769,0.2500158,0,-0.0003889205,0.001166016,0.4105582,-0.8895643,0.07690133,0.4502906,1,0.75,0.25,0,9.369415E-06,0.5000056,0,-0.003250247,0.003932418,0.592755,-0.7412458,0.2928464,0.6039832,1,0.5,0,0,-0.4999497,1.916317E-05,0,0.003410877,-0.0004477393,0.3450373,-0.9585376,-0.2129489,0.1893634,1,1,0.5,0,2.723464E-05,0.2499816,0,0.00231783,0.00166297,0.4626018,-0.8414694,0.3324606,0.4259098,1,0.5,0.25,0,0.25,0.5,0,0,0,0.6902101,-0.6805521,0.478907,0.5545239,0,0.25,0,0,-0.2500243,-3.032898E-05,0,0.0003606082,0.001057514,0.3286054,-0.9775461,0.08444994,0.1930589,1,0.75,0.5,0,-0.4999506,-0.2499318,0,0.00204295,0.003491343,0.3346077,-0.9705159,-0.215611,-0.1077534,1,1,0.75,0,0.25,0.25,0,0,0,0.5719608,-0.7556247,0.5317358,0.3824767,0,0.25,0.25,0,0.5,0.5,0,0,0,0.8281943,-0.6098505,0.6173795,0.4969153,0,0,0,0,0.5,0.25,0,0,0,0.723356,-0.6621131,0.6702873,0.3351437,0,0,0.25,0,-0.2499034,-0.2499786,0,0.004552307,-0.002160669,0.3179913,-0.9902306,0.0856936,-0.1099994,1,0.75,0.75,0,-0.5000058,-0.4999013,0,-0.001624227,0.007675591,0.39668,-0.9033323,-0.200747,-0.3790665,1,1,1,0,-0.2499877,-0.5000304,0,0.001814217,-0.004492702,0.3812618,-0.9191366,0.0794455,-0.3858449,1,0.75,1,0,2.018826E-05,4.79348E-05,0,0.002412351,0.002740345,0.3855101,-0.914727,0.3613964,0.1807409,1,0.5,0.5,0,0.25,0,0,0,0,0.5032946,-0.8073401,0.5681282,0.1594746,0,0.25,0.5,0,0.5,0,0,0,0,0.663658,-0.6960808,0.7046744,0.1374974,0,0,0.5,0,-5.023514E-05,-0.2499727,0,-0.001688215,0.002740325,0.3755358,-0.9251478,0.3654331,-0.1027631,1,0.5,0.75,0,1.534109E-05,-0.4999552,0,-0.0008704176,0.00102818,0.4349221,-0.8663824,0.3422909,-0.3636187,1,0.5,1,0,0.25,-0.25,0,0,0,0.4945351,-0.8144509,0.5731321,-0.09049455,0,0.25,0.75,0,0.5,-0.25,0,0,0,0.6561142,-0.7006228,0.7092724,-0.07784698,0,0,0.75,0,0.25,-0.5,0,0,0,0.5471867,-0.773501,0.5443155,-0.3246794,0,0.25,1,0,0.5,-0.5,0,0,0,0.7017071,-0.6740411,0.6823626,-0.2829309,0,0,1
92,0,-0.2500025,0.4999916,0,0.00114739,0.001566113,0.5471812,-0.7735051,0.06684372,0.6302554,1,0.75,0,0,-0.4999748,0.2500302,0,0.0009521845,-0.001624227,0.4255354,-0.8751692,-0.1944548,0.4430195,1,1,0.25,0,-0.500051,0.4999906,0,-0.003793837,0.0003740193,0.5602386,-0.763979,-0.1698212,0.6224925,1,1,0,0,-0.2500453,0.2500595,0,-0.003423543,0.002184511,0.4105726,-0.8895501,0.07682492,0.4503314,1,0.75,0.25,0,-5.026461E-05,0.5000007,0,-0.002981703,-0.0002473594,0.5927346,-0.7412596,0.2927973,0.60399,1,0.5,0,0,-0.5000075,1.24303E-05,0,-0.002889336,-0.0003366437,0.3450483,-0.9585251,-0.2130145,0.189353,1,1,0.5,0,2.467341E-06,0.2499944,0,-0.001238365,0.0006400051,0.462599,-0.8414719,0.3324359,0.4259243,1,0.5,0.25,0,0.25,0.5,0,0,0,0.6902101,-0.6805521,0.478907,0.5545239,0,0.25,0,0,-0.2500273,3.090386E-05,0,-0.0001475216,0.003061643,0.328617,-0.9775324,0.08444519,0.1931301,1,0.75,0.5,0,-0.5000582,-0.2499652,0,-0.005382302,-0.001668931,0.3346345,-0.9704847,-0.2157331,-0.10779,1,1,0.75,0,0.25,0.25,0,0,0,0.5719608,-0.7556247,0.5317358,0.3824767,0,0.25,0.25,0,0.5,0.5,0,0,0,0.8281943,-0.6098505,0.6173795,0.4969153,0,0,0,0,0.5,0.25,0,0,0,0.723356,-0.6621131,0.6702873,0.3351437,0,0,0.25,0,-0.2500168,-0.2499014,0,-0.005671384,0.003859402,0.3179731,-0.9902527,0.08555683,-0.1099075,1,0.75,0.75,0,-0.5000482,-0.4999286,0,-0.002118946,-0.001361967,0.3966988,-0.9033133,-0.2007901,-0.3790889,1,1,1,0,-0.249984,-0.499961,0,0.0001855195,0.003468992,0.3812354,-0.9191642,0.0794521,-0.3857778,1,0.75,1,0,1.301294E-05,4.620161E-05,0,-0.0003587661,-8.665978E-05,0.3855073,-0.9147299,0.3613895,0.1807396,1,0.5,0.5,0,0.25,0,0,0,0,0.5032946,-0.8073401,0.5681282,0.1594746,0,0.25,0.5,0,0.5,0,0,0,0,0.663658,-0.6960808,0.7046744,0.1374974,0,0,0.5,0,3.949783E-05,-0.2499971,0,0.00448665,-0.001218915,0.3755711,-0.9251105,0.3655208,-0.1027868,1,0.5,0.75,0,-3.266648E-05,-0.5000215,0,-0.002400379,-0.00331402,0.4349298,-0.8663752,0.3422368,-0.3636866,1,0.5,1,0,0.25,-0.25,0,0,0,0.4945351,-0.8144509,0.5731321,-0.09049455,0,0.25,0.75,0,0.5,-0.25,0,0,0,0.6561142,-0.7006228,0.7092724,-0.07784698,0,0,0.75,0,0.25,-0.5,0,0,0,0.5471867,-0.773501,0.5443155,-0.3246794,0,0.25,1,0,0.5,-0.5,0,0,0,0.7017071,-0.6740411,0.6823626,-0.2829309,0,0,1
93,0,-0.2499727,0.5000812,0,0.001492352,0.004479291,0.5472397,-0.7734619,0.06686849,0.6303057,1,0.75,0,0,-0.4999464,0.250051,0,0.001421571,0.001037121,0.425539,-0.8751657,-0.1944233,0.4430402,1,1,0.25,0,-0.4999641,0.5000057,0,0.004346671,0.0007554892,0.5602332,-0.7639828,-0.1697401,0.6225099,1,1,0,0,-0.2499977,0.2499947,0,0.002379716,-0.003236533,0.4105471,-0.8895751,0.07687934,0.4502729,1,0.75,0.25,0,8.541937E-05,0.4999993,0,0.006784202,-7.003549E-05,0.5927734,-0.7412332,0.2929111,0.6039671,1,0.5,0,0,-0.4999154,-8.678695E-06,0,0.004604461,-0.00105545,0.3450247,-0.9585519,-0.2129114,0.1893333,1,1,0.5,0,4.558002E-05,0.2499766,0,0.002155635,-0.0008888546,0.4626058,-0.8414659,0.3324783,0.4259029,1,0.5,0.25,0,0.25,0.5,0,0,0,0.6902101,-0.6805521,0.478907,0.5545239,0,0.25,0,0,-0.2499434,2.044651E-05,0,0.004195424,-0.0005228674,0.328622,-0.9775265,0.08454594,0.1931163,1,0.75,0.5,0,-0.4999603,-0.2499771,0,0.004895033,-0.0005923214,0.3346146,-0.9705078,-0.2156209,-0.1078067,1,1,0.75,0,0.25,0.25,0,0,0,0.5719608,-0.7556247,0.5317358,0.3824767,0,0.25,0.25,0,0.5,0.5,0,0,0,0.8281943,-0.6098505,0.6173795,0.4969153,0,0,0,0,0.5,0.25,0,0,0,0.723356,-0.6621131,0.6702873,0.3351437,0,0,0.25,0,-0.2499668,-0.2499526,0,0.002498181,-0.002560765,0.317983,-0.9902407,0.08561688,-0.1099688,1,0.75,0.75,0,-0.50005,-0.5000246,0,-8.9407E-05,-0.004802646,0.3967356,-0.9032763,-0.2007838,-0.3791805,1,1,1,0,-0.2500304,-0.5000097,0,-0.002321602,-0.002434851,0.3812504,-0.9191485,0.07939805,-0.3858264,1,0.75,1,0,6.635318E-05,9.561336E-07,0,0.002667013,-0.002262275,0.3855184,-0.9147184,0.3614452,0.1806862,1,0.5,0.5,0,0.25,0,0,0,0,0.5032946,-0.8073401,0.5681282,0.1594746,0,0.25,0.5,0,0.5,0,0,0,0,0.663658,-0.6960808,0.7046744,0.1374974,0,0,0.5,0,-3.66876E-05,-0.2499553,0,-0.003809273,0.002089144,0.3755389,-0.9251444,0.3654473,-0.1027428,1,0.5,0.75,0,-2.243537E-05,-0.499975,0,0.0005115554,0.002324582,0.4349164,-0.8663877,0.3422526,-0.3636421,1,0.5,1,0,0.25,-0.25,0,0,0,0.4945351,-0.8144509,0.5731321,-0.09049455,0,0.25,0.75,0,0.5,-0.25,0,0,0,0.6561142,-0.7006228,0.7092724,-0.07784698,0,0,0.75,0,0.25,-0.5,0,0,0,0.5471867,-0.773501,0.5443155,-0.3246794,0,0.25,1,0,0.5,-0.5,0,0,0,0.7017071,-0.6740411,0.6823626,-0.2829309,0,0,1
94,0,-0.2500467,0.5000592,0,-0.003702195,-0.001096726,0.5472209,-0.7734758,0.06679899,0.6302961,1,0.75,0,0,-0.5000019,0.2500106,0,-0.002777578,-0.002017618,0.4255319,-0.8751724,-0.1944848,0.443,1,1,0.25,0,-0.4999776,0.4999851,0,-0.0006780031,-0.00102818,0.5602227,-0.7639904,-0.1697546,0.6224966,1,1,0,0,-0.2500113,0.2499768,0,-0.0006794932,-0.0008977953,0.410538,-0.889584,0.07686518,0.4502577,1,0.75,0.25,0,-1.456835E-05,0.500012,0,-0.004999388,0.00063926,0.5927519,-0.7412479,0.2928253,0.6039907,1,0.5,0,0,-0.4998842,-6.827504E-06,0,0.001558662,9.255959E-05,0.3450184,-0.958559,-0.2128761,0.1893369,1,1,0.5,0,6.751408E-06,0.2500421,0,-0.001941431,0.003277512,0.4626209,-0.8414528,0.3324328,0.4259643,1,0.5,0.25,0,0.25,0.5,0,0,0,0.6902101,-0.6805521,0.478907,0.5545239,0,0.25,0,0,-0.2499835,1.338826E-05,0,-0.002005697,-0.000352913,0.3286173,-0.9775321,0.08449802,0.1931089,1,0.75,0.5,0,-0.4999199,-0.2499724,0,0.002020598,0.0002317131,0.3346055,-0.9705185,-0.2155748,-0.1078024,1,1,0.75,0,0.25,0.25,0,0,0,0.5719608,-0.7556247,0.5317358,0.3824767,0,0.25,0.25,0,0.5,0.5,0,0,0,0.8281943,-0.6098505,0.6173795,0.4969153,0,0,0,0,0.5,0.25,0,0,0,0.723356,-0.6621131,0.6702873,0.3351437,0,0,0.25,0,-0.2499051,-0.2500475,0,0.003086777,-0.004746022,0.3179987,-0.9902216,0.0856907,-0.1100827,1,0.75,0.75,0,-0.4999428,-0.4999983,0,0.00536144,0.001314283,0.3967041,-0.903308,-0.2006713,-0.3791645,1,1,1,0,-0.2499885,-0.5000198,0,0.002095104,-0.0005066397,0.3812577,-0.9191409,0.07944494,-0.3858348,1,0.75,1,0,7.212353E-05,1.920707E-05,0,0.0002885177,0.0009125473,0.3855237,-0.9147129,0.3614495,0.1807057,1,0.5,0.5,0,0.25,0,0,0,0,0.5032946,-0.8073401,0.5681282,0.1594746,0,0.25,0.5,0,0.5,0,0,0,0,0.663658,-0.6960808,0.7046744,0.1374974,0,0,0.5,0,-1.219961E-05,-0.2500001,0,0.0012244,-0.002238155,0.3755525,-0.9251301,0.3654696,-0.1027923,1,0.5,0.75,0,3.179413E-05,-0.4999157,0,0.002711476,0.002960862,0.4349134,-0.8663904,0.3423117,-0.3635799,1,0.5,1,0,0.25,-0.25,0,0,0,0.4945351,-0.8144509,0.5731321,-0.09049455,0,0.25,0.75,0,0.5,-0.25,0,0,0,0.6561142,-0.7006228,0.7092724,-0.07784698,0,0,0.75,0,0.25,-0.5,0,0,0,0.5471867,-0.773501,0.5443155,-0.3246794,0,0.25,1,0,0.5,-0.5,0,0,0,0.7017071,-0.6740411,0.6823626,-0.2829309,0,0,1
95,0,-0.2499727,0.4999593,0,0.00369847,-0.004997851,0.5471629,-0.7735186,0.06687332,0.6302356,1,0.75,0,0,-0.4999854,0.2499881,0,0.0008270148,-0.001125038,0.4255188,-0.8751849,-0.1944697,0.442982,1,1,0.25,0,-0.4999761,0.4999974,0,7.748607E-05,0.0006169083,0.5602301,-0.7639851,-0.1697519,0.6225039,1,1,0,0,-0.2499218,0.2499808,0,0.004475566,0.0002026559,0.4105467,-0.8895755,0.07696275,0.4502579,1,0.75,0.25,0,3.712667E-05,0.4999548,0,0.002584752,-0.002859534,0.5927324,-0.7412611,0.2928779,0.6039492,1,0.5,0,0,-0.4999751,-2.277274E-05,0,-0.004543366,-0.0007972619,0.3450348,-0.9585404,-0.2129795,0.1893144,1,1,0.5,0,1.768481E-05,0.2499493,0,0.0005466705,-0.004643949,0.4625849,-0.8414842,0.3324566,0.4258837,1,0.5,0.25,0,0.25,0.5,0,0,0,0.6902101,-0.6805521,0.478907,0.5545239,0,0.25,0,0,-0.2499911,2.037385E-05,0,-0.0003814699,0.0003492796,0.328618,-0.9775313,0.08448874,0.1931172,1,0.75,0.5,0,-0.5000033,-0.2500326,0,-0.004170837,-0.003010036,0.3346299,-0.97049,-0.2156685,-0.1078713,1,1,0.75,0,0.25,0.25,0,0,0,0.5719608,-0.7556247,0.5317358,0.3824767,0,0.25,0.25,0,0.5,0.5,0,0,0,0.8281943,-0.6098505,0.6173795,0.4969153,0,0,0,0,0.5,0.25,0,0,0,0.723356,-0.6621131,0.6702873,0.3351437,0,0,0.25,0,-0.2499568,-0.2500307,0,-0.002585352,0.0008389357,0.3179924,-0.9902292,0.08562815,-0.110063,1,0.75,0.75,0,-0.4999733,-0.5000048,0,-0.001524389,-0.0003218652,0.3967127,-0.9032994,-0.2007034,-0.379168,1,1,1,0,-0.2500073,-0.5000347,0,-0.0009387735,-0.0007420781,0.3812619,-0.9191365,0.07942326,-0.3858497,1,0.75,1,0,5.790059E-05,-1.325877E-05,0,-0.0007111473,-0.001623293,0.3855128,-0.9147242,0.3614379,0.1806713,1,0.5,0.5,0,0.25,0,0,0,0,0.5032946,-0.8073401,0.5681282,0.1594746,0,0.25,0.5,0,0.5,0,0,0,0,0.663658,-0.6960808,0.7046744,0.1374974,0,0,0.5,0,-3.709629E-05,-0.2500547,0,-0.001244834,-0.002731384,0.375549,-0.9251338,0.3654426,-0.1028551,1,0.5,0.75,0,3.124689E-05,-0.4999989,0,-2.73618E-05,-0.004158916,0.4349434,-0.8663626,0.3423001,-0.3636572,1,0.5,1,0,0.25,-0.25,0,0,0,0.4945351,-0.8144509,0.5731321,-0.09049455,0,0.25,0.75,0,0.5,-0.25,0,0,0,0.6561142,-0.7006228,0.7092724,-0.07784698,0,0,0.75,0,0.25,-0.5,0,0,0,0.5471867,-0.773501,0.5443155,-0.3246794,0,0.25,1,0,0.5,-0.5,0,0,0,0.7017071,-0.6740411,0.6823626,-0.2829309,0,0,1
96,0,-0.2500213,0.4999215,0,-0.0024274,-0.001889468,0.5471358,-0.7735386,0.06682869,0.6302158,1,0.75,0,0,-0.49999,0.2499316,0,-0.0002309681,-0.002823771,0.4254947,-0.8752077,-0.1944798,0.4429325,1,1,0.25,0,-0.5000204,0.5000122,0,-0.002217294,0.0007390979,0.5602469,-0.7639729,-0.1697911,0.622508,1,1,0,0,-0.2500197,0.2499419,0,-0.004892798,-0.001944602,0.4105216,-0.8896,0.0768574,0.4502275,1,0.75,0.25,0,3.332429E-05,0.4999794,0,-0.0001901194,0.001229346,0.5927461,-0.7412518,0.2928707,0.6039641,1,0.5,0,0,-0.5000422,-3.850361E-05,0,-0.003354253,-0.0007865441,0.3450461,-0.9585276,-0.2130561,0.1892932,1,1,0.5,0,1.296E-05,0.2500174,0,-0.0002362407,0.003408642,0.4626124,-0.8414602,0.3324422,0.4259424,1,0.5,0.25,0,0.25,0.5,0,0,0,0.6902101,-0.6805521,0.478907,0.5545239,0,0.25,0,0,-0.2500147,-5.895032E-05,0,-0.001180917,-0.00396621,0.3286007,-0.9775517,0.08446199,0.1930255,1,0.75,0.5,0,-0.5000123,-0.2500227,0,-0.000447035,0.000497699,0.3346308,-0.970489,-0.2156789,-0.1078593,1,1,0.75,0,0.25,0.25,0,0,0,0.5719608,-0.7556247,0.5317358,0.3824767,0,0.25,0.25,0,0.5,0.5,0,0,0,0.8281943,-0.6098505,0.6173795,0.4969153,0,0,0,0,0.5,0.25,0,0,0,0.723356,-0.6621131,0.6702873,0.3351437,0,0,0.25,0,-0.2499941,-0.2499529,0,-0.001866371,0.003889205,0.3179806,-0.9902435,0.08558375,-0.1099695,1,0.75,0.75,0,-0.500024,-0.5000491,0,-0.002534688,-0.002217294,0.3967397,-0.9032722,-0.2007539,-0.3792061,1,1,1,0,-0.2499741,-0.4999998,0,0.00166148,0.001746417,0.3812511,-0.9191478,0.07946194,-0.3858148,1,0.75,1,0,2.143523E-05,2.758874E-06,0,-0.001823269,0.0008008825,0.3855025,-0.9147349,0.3614009,0.1806915,1,0.5,0.5,0,0.25,0,0,0,0,0.5032946,-0.8073401,0.5681282,0.1594746,0,0.25,0.5,0,0.5,0,0,0,0,0.663658,-0.6960808,0.7046744,0.1374974,0,0,0.5,0,-2.741903E-08,-0.249979,0,0.001853444,0.003783406,0.3755548,-0.9251277,0.3654825,-0.102768,1,0.5,0.75,0,2.269213E-05,-0.5000257,0,-0.0004277385,-0.001338125,0.4349502,-0.8663563,0.3422885,-0.3636832,1,0.5,1,0,0.25,-0.25,0,0,0,0.4945351,-0.8144509,0.5731321,-0.09049455,0,0.25,0.75,0,0.5,-0.25,0,0,0,0.6561142,-0.7006228,0.7092724,-0.07784698,0,0,0.75,0,0.25,-0.5,0,0,0,0.5471867,-0.773501,0.5443155,-0.3246794,0,0.25,1,0,0.5,-0.5,0,0,0,0.7017071,-0.6740411,0.6823626,-0.2829309,0,0,1
97,0,-0.2500048,0.5000145,0,0.0008240346,0.004649164,0.5471956,-0.7734945,0.06684061,0.6302686,1,0.75,0,0,-0.4999418,0.2499707,0,0.002411009,0.001952798,0.4255026,-0.8752002,-0.194426,0.4429709,1,1,0.25,0,-0.4999633,0.5000041,0,0.002856554,-0.000408292,0.560232,-0.7639837,-0.1697396,0.622509,1,1,0,0,-0.2499734,0.2500116,0,0.002315641,0.003481658,0.4105566,-0.8895658,0.07690531,0.4502867,1,0.75,0.25,0,3.457261E-05,0.4999432,0,6.24161E-05,-0.001811982,0.5927247,-0.7412663,0.2928776,0.6039428,1,0.5,0,0,-0.500001,1.075441E-05,0,0.002059341,0.002462902,0.3450466,-0.958527,-0.2130072,0.1893514,1,1,0.5,0,3.299722E-05,0.2499256,0,0.001001861,-0.00459403,0.4625799,-0.8414886,0.3324742,0.4258613,1,0.5,0.25,0,0.25,0.5,0,0,0,0.6902101,-0.6805521,0.478907,0.5545239,0,0.25,0,0,-0.2499731,-2.609116E-05,0,0.002080948,0.001642958,0.3286105,-0.9775401,0.08451122,0.1930628,1,0.75,0.5,0,-0.4999815,-0.2499988,0,0.001539291,0.001195819,0.3346215,-0.9704998,-0.2156444,-0.1078318,1,1,0.75,0,0.25,0.25,0,0,0,0.5719608,-0.7556247,0.5317358,0.3824767,0,0.25,0.25,0,0.5,0.5,0,0,0,0.8281943,-0.6098505,0.6173795,0.4969153,0,0,0,0,0.5,0.25,0,0,0,0.723356,-0.6621131,0.6702873,0.3351437,0,0,0.25,0,-0.2499488,-0.2500341,0,0.002269448,-0.004059078,0.3179935,-0.9902279,0.0856379,-0.110067,1,0.75,0.75,0,-0.5000144,-0.5000501,0,0.0004798176,-4.768373E-05,0.3967381,-0.9032738,-0.2007435,-0.3792078,1,1,1,0,-0.2499479,-0.4999837,0,0.001308322,0.000804663,0.381247,-0.9191521,0.079492,-0.3857984,1,0.75,1,0,6.310616E-05,-1.43344E-06,0,0.002083547,-0.0002096158,0.3855168,-0.9147201,0.3614421,0.1806838,1,0.5,0.5,0,0.25,0,0,0,0,0.5032946,-0.8073401,0.5681282,0.1594746,0,0.25,0.5,0,0.5,0,0,0,0,0.663658,-0.6960808,0.7046744,0.1374974,0,0,0.5,0,-5.246879E-05,-0.2500564,0,-0.00262207,-0.003865363,0.3755436,-0.9251395,0.3654273,-0.1028577,1,0.5,0.75,0,1.812123E-05,-0.4999824,0,-0.0002285451,0.00216365,0.4349329,-0.8663723,0.3422899,-0.3636436,1,0.5,1,0,0.25,-0.25,0,0,0,0.4945351,-0.8144509,0.5731321,-0.09049455,0,0.25,0.75,0,0.5,-0.25,0,0,0,0.6561142,-0.7006228,0.7092724,-0.07784698,0,0,0.75,0,0.25,-0.5,0,0,0,0.5471867,-0.773501,0.5443155,-0.3246794,0,0.25,1,0,0.5,-0.5,0,0,0,0.7017071,-0.6740411,0.6823626,-0.2829309,0,0,1
98,0,-0.2499561,0.4999928,0,0.002435596,-0.001081825,0.5471851,-0.7735022,0.0668878,0.6302542,1,0.75,0,0,-0.5000443,0.249974,0,-0.005128982,0.0001668931,0.425524,-0.8751799,-0.1945323,0.4429643,1,1,0.25,0,-0.4999774,0.500054,0,-0.000701845,0.002497436,0.5602655,-0.7639596,-0.1697474,0.6225365,1,1,0,0,-0.25003,0.2500163,0,-0.002834202,0.0002369286,0.4105543,-0.889568,0.07684325,0.4502931,1,0.75,0.25,0,1.610695E-05,0.4999428,0,-0.000923283,-1.78814E-05,0.5927191,-0.7412701,0.2928622,0.6039456,1,0.5,0,0,-0.5000347,1.304207E-05,0,-0.001683832,0.0001143831,0.3450543,-0.9585183,-0.2130451,0.1893524,1,1,0.5,0,-9.269341E-06,0.2499948,0,-0.002113329,0.003460051,0.4625953,-0.8414751,0.332425,0.4259264,1,0.5,0.25,0,0.25,0.5,0,0,0,0.6902101,-0.6805521,0.478907,0.5545239,0,0.25,0,0,-0.2499644,1.560478E-06,0,0.0004366042,0.001382583,0.3286166,-0.9775329,0.08452114,0.1930948,1,0.75,0.5,0,-0.4999759,-0.2499569,0,0.0002801419,0.002095104,0.3346158,-0.9705064,-0.2156392,-0.1077824,1,1,0.75,0,0.25,0.25,0,0,0,0.5719608,-0.7556247,0.5317358,0.3824767,0,0.25,0.25,0,0.5,0.5,0,0,0,0.8281943,-0.6098505,0.6173795,0.4969153,0,0,0,0,0.5,0.25,0,0,0,0.723356,-0.6621131,0.6702873,0.3351437,0,0,0.25,0,-0.2500369,-0.2500521,0,-0.00440553,-0.0008970503,0.3179879,-0.9902347,0.08553076,-0.1100897,1,0.75,0.75,0,-0.4999677,-0.500001,0,0.002335013,0.002455712,0.3967101,-0.903302,-0.2006977,-0.3791648,1,1,1,0,-0.2500554,-0.4999974,0,-0.005376341,-0.0006854537,0.3812437,-0.9191555,0.07937028,-0.3858154,1,0.75,1,0,8.643512E-06,-5.955804E-06,0,-0.002723133,-0.0002261183,0.3854963,-0.9147413,0.361389,0.1806829,1,0.5,0.5,0,0.25,0,0,0,0,0.5032946,-0.8073401,0.5681282,0.1594746,0,0.25,0.5,0,0.5,0,0,0,0,0.663658,-0.6960808,0.7046744,0.1374974,0,0,0.5,0,8.102986E-06,-0.2500444,0,0.00302859,0.0005990269,0.3755645,-0.9251174,0.3654878,-0.1028415,1,0.5,0.75,0,-1.947229E-05,-0.4999865,0,-0.001879677,-0.000204146,0.4349216,-0.8663828,0.3422539,-0.3636524,1,0.5,1,0,0.25,-0.25,0,0,0,0.4945351,-0.8144509,0.5731321,-0.09049455,0,0.25,0.75,0,0.5,-0.25,0,0,0,0.6561142,-0.7006228,0.7092724,-0.07784698,0,0,0.75,0,0.25,-0.5,0,0,0,0.5471867,-0.773501,0.5443155,-0.3246794,0,0.25,1,0,0.5,-0.5,0,0,0,0.7017071,-0.6740411,0.6823626,-0.2829309,0,0,1
99,0,-0.24998,0.5000169,0,-0.001194329,0.001204014,0.5471987,-0.7734922,0.06686413,0.6302691,1,0.75,0,0,-0.4999917,0.2499469,0,0.002633036,-0.001355261,0.4255018,-0.8752009,-0.1944801,0.4429456,1,1,0.25,0,-0.5000118,0.5000198,0,-0.001722575,-0.001707674,0.5602502,-0.7639707,-0.1697824,0.6225134,1,1,0,0,-0.250007,0.2500605,0,0.00115186,0.002208353,0.410576,-0.8895469,0.07686672,0.4503309,1,0.75,0.25,0,1.83574E-05,0.5000373,0,0.0001125225,0.00472069,0.5927768,-0.741231,0.2928488,0.6040001,1,0.5,0,0,-0.5000175,7.812392E-06,0,0.0008612875,-0.0002614842,0.3450496,-0.9585237,-0.2130259,0.1893472,1,1,0.5,0,5.296786E-05,0.2499824,0,0.003111861,-0.0006176534,0.4626107,-0.8414617,0.3324843,0.4259067,1,0.5,0.25,0,0.25,0.5,0,0,0,0.6902101,-0.6805521,0.478907,0.5545239,0,0.25,0,0,-0.2500317,6.139198E-06,0,-0.003368409,0.0002289361,0.3286118,-0.9775386,0.08444033,0.1931015,1,0.75,0.5,0,-0.4999774,-0.2500213,0,-7.599595E-05,-0.003222377,0.3346231,-0.970498,-0.2156392,-0.1078586,1,1,0.75,0,0.25,0.25,0,0,0,0.5719608,-0.7556247,0.5317358,0.3824767,0,0.25,0.25,0,0.5,0.5,0,0,0,0.8281943,-0.6098505,0.6173795,0.4969153,0,0,0,0,0.5,0.25,0,0,0,0.723356,-0.6621131,0.6702873,0.3351437,0,0,0.25,0,-0.2499807,-0.249962,0,0.002808125,0.004500898,0.3179828,-0.9902409,0.08559995,-0.1099804,1,0.75,0.75,0,-0.4999686,-0.5000471,0,-4.619362E-05,-0.002309681,0.3967278,-0.9032841,-0.2006948,-0.3792089,1,1,1,0,-0.2500377,-0.5000083,0,0.0008881096,-0.000548363,0.3812494,-0.9191496,0.07938993,-0.3858254,1,0.75,1,0,-3.640531E-05,2.769637E-05,0,-0.002252442,0.001682609,0.3854861,-0.9147518,0.3613423,0.180723,1,0.5,0.5,0,0.25,0,0,0,0,0.5032946,-0.8073401,0.5681282,0.1594746,0,0.25,0.5,0,0.5,0,0,0,0,0.663658,-0.6960808,0.7046744,0.1374974,0,0,0.5,0,-4.553032E-05,-0.2500273,0,-0.002681666,0.0008538369,0.3755431,-0.92514,0.3654354,-0.1028245,1,0.5,0.75,0,1.447506E-05,-0.4999825,0,0.001697368,0.0001981855,0.4349318,-0.8663734,0.3422865,-0.3636442,1,0.5,1,0,0.25,-0.25,0,0,0,0.4945351,-0.8144509,0.5731321,-0.09049455,0,0.25,0.75,0,0.5,-0.25,0,0,0,0.6561142,-0.7006228,0.7092724,-0.07784698,0,0,0.75,0,0.25,-0.5,0,0,0,0.5471867,-0.773501,0.5443155,-0.3246794,0,0.25,1,0,0.5,-0.5,0,0,0,0.7017071,-0.6740411,0.6823626,-0.2829309,0,0,1
100,0,-0.2500196,0.5000253,0,-0.001978875,0.0004202129,0.5472014,-0.7734902,0.06682616,0.6302755,1,0.75,0,0,-0.4999443,0.2499631,0,0.002369286,0.0008098784,0.4254997,-0.8752028,-0.1944293,0.4429641,1,1,0.25,0,-0.4999447,0.4999933,0,0.003355743,-0.001329184,0.5602223,-0.7639908,-0.1697236,0.6225047,1,1,0,0,-0.2499961,0.2499608,0,0.0005446377,-0.00498146,0.4105319,-0.8895899,0.0768824,0.4502432,1,0.75,0.25,0,7.579217E-07,0.4999919,0,-0.0008799744,-0.002267958,0.5927441,-0.7412531,0.2928414,0.6039766,1,0.5,0,0,-0.4999822,-2.743624E-06,0,0.001764298,-0.000527801,0.3450401,-0.9585344,-0.2129866,0.1893369,1,1,0.5,0,5.175393E-05,0.2499827,0,-6.069661E-05,1.639128E-05,0.4626105,-0.8414618,0.3324831,0.4259072,1,0.5,0.25,0,0.25,0.5,0,0,0,0.6902101,-0.6805521,0.478907,0.5545239,0,0.25,0,0,-0.2499728,-1.461646E-05,0,0.002948196,-0.001037783,0.3286128,-0.9775374,0.08451138,0.1930762,1,0.75,0.5,0,-0.500007,-0.250055,0,-0.001481176,-0.001685322,0.3346331,-0.9704863,-0.2156721,-0.1078977,1,1,0.75,0,0.25,0.25,0,0,0,0.5719608,-0.7556247,0.5317358,0.3824767,0,0.25,0.25,0,0.5,0.5,0,0,0,0.8281943,-0.6098505,0.6173795,0.4969153,0,0,0,0,0.5,0.25,0,0,0,0.723356,-0.6621131,0.6702873,0.3351437,0,0,0.25,0,-0.2499475,-0.2499888,0,0.001659245,-0.001336635,0.3179886,-0.9902339,0.08563992,-0.1100123,1,0.75,0.75,0,-0.5000032,-0.5000829,0,-0.001731516,-0.00178516,0.3967483,-0.9032635,-0.2007288,-0.37924,1,1,1,0,-0.2500248,-0.4999986,0,0.0006422403,0.0004872682,0.3812466,-0.9191524,0.07940475,-0.3858155,1,0.75,1,0,6.897488E-05,-1.510621E-05,0,0.005269012,-0.002140129,0.3855164,-0.9147205,0.3614489,0.1806685,1,0.5,0.5,0,0.25,0,0,0,0,0.5032946,-0.8073401,0.5681282,0.1594746,0,0.25,0.5,0,0.5,0,0,0,0,0.663658,-0.6960808,0.7046744,0.1374974,0,0,0.5,0,-4.453829E-05,-0.2500407,0,4.960113E-05,-0.0006705525,0.3755449,-0.9251382,0.3654358,-0.1028396,1,0.5,0.75,0,2.493532E-05,-0.5000699,0,0.0005230133,-0.004369022,0.4349671,-0.8663406,0.3422847,-0.3637239,1,0.5,1,0,0.25,-0.25,0,0,0,0.4945351,-0.8144509,0.5731321,-0.09049455,0,0.25,0.75,0,0.5,-0.25,0,0,0,0.6561142,-0.7006228,0.7092724,-0.07784698,0,0,0.75,0,0.25,-0.5,0,0,0,0.5471867,-0.773501,0.5443155,-0.3246794,0,0.25,1,0,0.5,-0.5,0,0,0,0.7017071,-0.6740411,0.6823626,-0.2829309,0,0,1
101,0,-0.249959,0.4999443,0,0.003027917,-0.004053117,0.5471543,-0.7735249,0.06688699,0.6302264,1,0.75,0,0,-0.4999433,0.2500227,0,4.768373E-05,0.002977998,0.4255259,-0.8751781,-0.1944228,0.4430159,1,1,0.25,0,-0.4998682,0.5000049,0,0.00382662,0.0005841258,0.5602165,-0.7639949,-0.1696523,0.622519,1,1,0,0,-0.2499832,0.2499861,0,0.0006444755,0.001261384,0.4105443,-0.8895777,0.07689551,0.4502648,1,0.75,0.25,0,7.445748E-05,0.4999596,0,0.003684979,-0.001612306,0.5927463,-0.7412517,0.2929083,0.603946,1,0.5,0,0,-0.499972,-3.125003E-05,0,0.0005096199,-0.001425321,0.3450325,-0.958543,-0.2129764,0.1893048,1,1,0.5,0,5.048283E-05,0.2499529,0,-6.355515E-05,-0.001490117,0.4625974,-0.8414733,0.3324863,0.425882,1,0.5,0.25,0,0.25,0.5,0,0,0,0.6902101,-0.6805521,0.478907,0.5545239,0,0.25,0,0,-0.2500281,-2.259123E-05,0,-0.002766402,-0.0003987387,0.3286065,-0.9775448,0.08444525,0.193068,1,0.75,0.5,0,-0.4999427,-0.2500075,0,0.003218652,0.002375246,0.3346141,-0.9705084,-0.2155998,-0.1078433,1,1,0.75,0,0.25,0.25,0,0,0,0.5719608,-0.7556247,0.5317358,0.3824767,0,0.25,0.25,0,0.5,0.5,0,0,0,0.8281943,-0.6098505,0.6173795,0.4969153,0,0,0,0,0.5,0.25,0,0,0,0.723356,-0.6621131,0.6702873,0.3351437,0,0,0.25,0,-0.2499728,-0.2499795,0,-0.001262129,0.0004626812,0.3179854,-0.9902377,0.08560939,-0.1100014,1,0.75,0.75,0,-0.500028,-0.5000036,0,-0.001236797,0.00396073,0.3967232,-0.9032888,-0.200762,-0.3791623,1,1,1,0,-0.2499667,-0.5000291,0,0.002904983,-0.001524389,0.381263,-0.9191355,0.0794692,-0.3858429,1,0.75,1,0,3.142333E-05,-1.705395E-05,0,-0.001877578,-9.738719E-05,0.3855025,-0.9147349,0.3614122,0.1806691,1,0.5,0.5,0,0.25,0,0,0,0,0.5032946,-0.8073401,0.5681282,0.1594746,0,0.25,0.5,0,0.5,0,0,0,0,0.663658,-0.6960808,0.7046744,0.1374974,0,0,0.5,0,-4.13061E-05,-0.2500209,0,0.0001616098,0.0009909276,0.375544,-0.9251391,0.3654399,-0.1028171,1,0.5,0.75,0,2.362725E-05,-0.4999961,0,-6.540352E-05,0.003692509,0.4349398,-0.866366,0.3422933,-0.3636556,1,0.5,1,0,0.25,-0.25,0,0,0,0.4945351,-0.8144509,0.5731321,-0.09049455,0,0.25,0.75,0,0.5,-0.25,0,0,0,0.6561142,-0.7006228,0.7092724,-0.07784698,0,0,0.75,0,0.25,-0.5,0,0,0,0.5471867,-0.773501,0.5443155,-0.3246794,0,0.25,1,0,0.5,-0.5,0,0,0,0.7017071,-0.6740411,0.6823626,-0.2829309,0,0,1
102,0,-0.2500007,0.4999647,0,-0.002086163,0.00102371,0.5471644,-0.7735175,0.0668465,0.6302398,1,0.75,0,0,-0.5000015,0.250057,0,-0.002907218,0.001715124,0.4255524,-0.875153,-0.1944801,0.4430403,1,1,0.25,0,-0.4999292,0.5000494,0,-0.003050269,0.002220274,0.5602545,-0.7639676,-0.1697038,0.6225386,1,1,0,0,-0.2500275,0.2500422,0,-0.002214313,0.002805145,0.4105662,-0.8895565,0.07684503,0.4503156,1,0.75,0.25,0,3.482267E-05,0.5000011,0,-0.001981741,0.002074243,0.5927597,-0.7412425,0.2928684,0.6039765,1,0.5,0,0,-0.4999795,2.650294E-05,0,-0.0003755094,0.00288765,0.345045,-0.9585288,-0.2129821,0.1893704,1,1,0.5,0,1.34151E-05,0.2499718,0,-0.001853387,0.000945479,0.4625931,-0.8414771,0.3324493,0.4259036,1,0.5,0.25,0,0.25,0.5,0,0,0,0.6902101,-0.6805521,0.478907,0.5545239,0,0.25,0,0,-0.2499789,2.470533E-06,0,0.002458693,0.001253089,0.3286155,-0.9775342,0.08450368,0.1930961,1,0.75,0.5,0,-0.5000436,-0.2499818,0,-0.005048515,0.001284481,0.3346331,-0.9704863,-0.2157159,-0.10781,1,1,0.75,0,0.25,0.25,0,0,0,0.5719608,-0.7556247,0.5317358,0.3824767,0,0.25,0.25,0,0.5,0.5,0,0,0,0.8281943,-0.6098505,0.6173795,0.4969153,0,0,0,0,0.5,0.25,0,0,0,0.723356,-0.6621131,0.6702873,0.3351437,0,0,0.25,0,-0.2499835,-0.2499346,0,-0.0005386772,0.002244861,0.3179796,-0.9902448,0.08559683,-0.1099473,1,0.75,0.75,0,-0.5000424,-0.4999322,0,-0.0007241967,0.0035733,0.396699,-0.9033132,-0.2007836,-0.3790928,1,1,1,0,-0.2499721,-0.4999362,0,-0.000268221,0.004646184,0.3812267,-0.9191732,0.07946639,-0.3857534,1,0.75,1,0,2.768887E-05,1.906046E-05,0,-0.0001867234,0.001805721,0.3855076,-0.9147295,0.3614059,0.1807088,1,0.5,0.5,0,0.25,0,0,0,0,0.5032946,-0.8073401,0.5681282,0.1594746,0,0.25,0.5,0,0.5,0,0,0,0,0.663658,-0.6960808,0.7046744,0.1374974,0,0,0.5,0,-2.930083E-05,-0.250001,0,0.0006002637,0.0009953979,0.3755463,-0.9251366,0.3654526,-0.1027941,1,0.5,0.75,0,-3.180241E-05,-0.4999529,0,-0.002771484,0.002159179,0.4349051,-0.8663981,0.3422467,-0.3636229,1,0.5,1,0,0.25,-0.25,0,0,0,0.4945351,-0.8144509,0.5731321,-0.09049455,0,0.25,0.75,0,0.5,-0.25,0,0,0,0.6561142,-0.7006228,0.7092724,-0.07784698,0,0,0.75,0,0.25,-0.5,0,0,0,0.5471867,-0.773501,0.5443155,-0.3246794,0,0.25,1,0,0.5,-0.5,0,0,0,0.7017071,-0.6740411,0.6823626,-0.2829309,0,0,1
103,0,-0.2499897,0.5000079,0,0.0005528333,0.002156199,0.5471923,-0.7734969,0.06685527,0.6302642,1,0.75,0,0,-0.4998687,0.2500762,0,0.00664145,0.0009611253,0.4255351,-0.8751694,-0.1943402,0.4430693,1,1,0.25,0,-0.4999192,0.5000401,0,0.000497699,-0.0004649164,0.5602471,-0.7639729,-0.1696956,0.6225342,1,1,0,0,-0.2499611,0.2499788,0,0.00331998,-0.003166498,0.4105427,-0.8895794,0.07691994,0.4502577,1,0.75,0.25,0,4.168597E-05,0.5000113,0,0.0003431647,0.0005066397,0.5927678,-0.741237,0.2928725,0.6039813,1,0.5,0,0,-0.4999455,6.991188E-05,0,0.001701713,0.002170448,0.345046,-0.9585277,-0.2129416,0.1894215,1,1,0.5,0,6.936871E-05,0.2500342,0,0.002797682,0.003115834,0.4626383,-0.8414376,0.3324918,0.4259483,1,0.5,0.25,0,0.25,0.5,0,0,0,0.6902101,-0.6805521,0.478907,0.5545239,0,0.25,0,0,-0.2499652,-1.358689E-05,0,0.0006876889,-0.0008028716,0.3286136,-0.9775364,0.08452047,0.1930772,1,0.75,0.5,0,-0.4999752,-0.249935,0,0.003421308,0.002338738,0.3346133,-0.9705093,-0.215639,-0.1077565,1,1,0.75,0,0.25,0.25,0,0,0,0.5719608,-0.7556247,0.5317358,0.3824767,0,0.25,0.25,0,0.5,0.5,0,0,0,0.8281943,-0.6098505,0.6173795,0.4969153,0,0,0,0,0.5,0.25,0,0,0,0.723356,-0.6621131,0.6702873,0.3351437,0,0,0.25,0,-0.2499659,-0.2499195,0,0.000881404,0.0007562342,0.3179794,-0.990245,0.0856184,-0.1099288,1,0.75,0.75,0,-0.5000341,-0.4998865,0,0.0004172327,0.002284349,0.3966801,-0.9033322,-0.2007785,-0.3790499,1,1,1,0,-0.2499674,-0.4999363,0,0.0002361835,-5.960467E-06,0.3812271,-0.9191728,0.07947171,-0.3857533,1,0.75,1,0,1.650374E-05,2.946917E-05,0,-0.0005592567,0.0005204361,0.3855055,-0.9147317,0.3613941,0.180721,1,0.5,0.5,0,0.25,0,0,0,0,0.5032946,-0.8073401,0.5681282,0.1594746,0,0.25,0.5,0,0.5,0,0,0,0,0.663658,-0.6960808,0.7046744,0.1374974,0,0,0.5,0,-3.407944E-05,-0.2500267,0,-0.0002389307,-0.001284481,0.3755472,-0.9251357,0.3654467,-0.1028233,1,0.5,0.75,0,2.388474E-05,-0.5000244,0,0.002784358,-0.00357479,0.4349502,-0.8663563,0.3422897,-0.3636818,1,0.5,1,0,0.25,-0.25,0,0,0,0.4945351,-0.8144509,0.5731321,-0.09049455,0,0.25,0.75,0,0.5,-0.25,0,0,0,0.6561142,-0.7006228,0.7092724,-0.07784698,0,0,0.75,0,0.25,-0.5,0,0,0,0.5471867,-0.773501,0.5443155,-0.3246794,0,0.25,1,0,0.5,-0.5,0,0,0,0.7017071,-0.6740411,0.6823626,-0.2829309,0,0,1
104,0,-0.2499856,0.5000123,0,0.000204146,0.0002235175,0.5471954,-0.7734946,0.06685898,0.6302667,1,0.75,0,0,-0.4999963,0.2500408,0,-0.00638068,-0.001768769,0.4255443,-0.8751608,-0.1944761,0.4430267,1,1,0.25,0,-0.4999122,0.5000202,0,0.0003501774,-0.0009924177,0.5602335,-0.7639827,-0.1696911,0.6225235,1,1,0,0,-0.2500021,0.2500018,0,-0.00204891,0.00115037,0.4105499,-0.8895723,0.07687432,0.4502794,1,0.75,0.25,0,5.388497E-05,0.5000514,0,0.0006099503,0.002008677,0.5927957,-0.7412181,0.2928762,0.6040026,1,0.5,0,0,-0.4999148,1.258937E-05,0,0.00153184,-0.002866127,0.3450286,-0.9585474,-0.2129097,0.1893576,1,1,0.5,0,1.054475E-05,0.2500392,0,-0.002941199,0.0002548099,0.4626209,-0.8414528,0.3324367,0.4259613,1,0.5,0.25,0,0.25,0.5,0,0,0,0.6902101,-0.6805521,0.478907,0.5545239,0,0.25,0,0,-0.2499798,-3.716056E-05,0,-0.0007323924,-0.001178684,0.3286079,-0.9775432,0.08450338,0.1930501,1,0.75,0.5,0,-0.499948,-0.2499319,0,0.001360477,0.0001549721,0.3346071,-0.9705165,-0.215608,-0.1077536,1,1,0.75,0,0.25,0.25,0,0,0,0.5719608,-0.7556247,0.5317358,0.3824767,0,0.25,0.25,0,0.5,0.5,0,0,0,0.8281943,-0.6098505,0.6173795,0.4969153,0,0,0,0,0.5,0.25,0,0,0,0.723356,-0.6621131,0.6702873,0.3351437,0,0,0.25,0,-0.2499056,-0.2499949,0,0.003014506,-0.00376776,0.3179929,-0.9902287,0.08569069,-0.1100191,1,0.75,0.75,0,-0.4999915,-0.4999784,0,0.002130867,-0.00459701,0.3967063,-0.9033058,-0.2007251,-0.3791413,1,1,1,0,-0.2499431,-0.4999518,0,0.001211465,-0.0007748607,0.381235,-0.9191646,0.07949849,-0.3857675,1,0.75,1,0,6.699853E-05,3.194749E-05,0,0.002524741,0.0001239157,0.3855242,-0.9147124,0.3614435,0.18072,1,0.5,0.5,0,0.25,0,0,0,0,0.5032946,-0.8073401,0.5681282,0.1594746,0,0.25,0.5,0,0.5,0,0,0,0,0.663658,-0.6960808,0.7046744,0.1374974,0,0,0.5,0,-1.222496E-05,-0.2499529,0,0.001092725,0.003690274,0.3755476,-0.9251353,0.3654716,-0.102739,1,0.5,0.75,0,5.357769E-07,-0.5000088,0,-0.001167449,0.0007778409,0.4349365,-0.866369,0.3422698,-0.3636705,1,0.5,1,0,0.25,-0.25,0,0,0,0.4945351,-0.8144509,0.5731321,-0.09049455,0,0.25,0.75,0,0.5,-0.25,0,0,0,0.6561142,-0.7006228,0.7092724,-0.07784698,0,0,0.75,0,0.25,-0.5,0,0,0,0.5471867,-0.773501,0.5443155,-0.3246794,0,0.25,1,0,0.5,-0.5,0,0,0,0.7017071,-0.6740411,0.6823626,-0.2829309,0,0,1
105,0,-0.2500046,0.4999923,0,-0.0009521845,-0.0009998683,0.5471816,-0.7735048,0.06684168,0.6302559,1,0.75,0,0,-0.5000387,0.249975,0,-0.002123416,-0.003291668,0.4255233,-0.8751805,-0.1945264,0.4429656,1,1,0.25,0,-0.4999817,0.5000332,0,-0.003473462,0.0006496909,0.5602534,-0.7639683,-0.1697535,0.622524,1,1,0,0,-0.2499479,0.2499941,0,0.002710522,-0.0003859402,0.4105507,-0.8895716,0.07693379,0.4502705,1,0.75,0.25,0,2.916677E-05,0.5000174,0,-0.00123591,-0.001701713,0.5927678,-0.741237,0.2928611,0.6039868,1,0.5,0,0,-0.5000277,-3.56755E-05,0,-0.005641582,-0.002413244,0.3450435,-0.9585305,-0.2130395,0.1892971,1,1,0.5,0,7.981512E-06,0.2499927,0,-0.0001281618,-0.002329797,0.4626002,-0.8414709,0.3324412,0.425922,1,0.5,0.25,0,0.25,0.5,0,0,0,0.6902101,-0.6805521,0.478907,0.5545239,0,0.25,0,0,-0.249991,-6.594888E-05,0,-0.000561029,-0.001439417,0.3286013,-0.977551,0.08449052,0.1930169,1,0.75,0.5,0,-0.4999695,-0.2500405,0,-0.001077354,-0.00542626,0.3346235,-0.9704975,-0.2156296,-0.1078816,1,1,0.75,0,0.25,0.25,0,0,0,0.5719608,-0.7556247,0.5317358,0.3824767,0,0.25,0.25,0,0.5,0.5,0,0,0,0.8281943,-0.6098505,0.6173795,0.4969153,0,0,0,0,0.5,0.25,0,0,0,0.723356,-0.6621131,0.6702873,0.3351437,0,0,0.25,0,-0.2499822,-0.2499951,0,-0.003827365,-1.341105E-05,0.3179863,-0.9902366,0.0855978,-0.1100203,1,0.75,0.75,0,-0.5000056,-0.4999916,0,-0.0007063153,-0.0006586316,0.3967142,-0.9032979,-0.2007391,-0.3791527,1,1,1,0,-0.2500033,-0.5000257,0,-0.003007055,-0.00369847,0.3812588,-0.9191398,0.07942811,-0.385841,1,0.75,1,0,3.537775E-06,2.67221E-05,0,-0.003173039,-0.0002612694,0.3855003,-0.9147371,0.3613816,0.180719,1,0.5,0.5,0,0.25,0,0,0,0,0.5032946,-0.8073401,0.5681282,0.1594746,0,0.25,0.5,0,0.5,0,0,0,0,0.663658,-0.6960808,0.7046744,0.1374974,0,0,0.5,0,-3.669405E-05,-0.2499782,0,-0.001223455,-0.001268089,0.3755413,-0.9251419,0.3654463,-0.1027687,1,0.5,0.75,0,1.671283E-05,-0.4999551,0,0.0008088531,0.002688171,0.4349225,-0.8663819,0.3422922,-0.3636184,1,0.5,1,0,0.25,-0.25,0,0,0,0.4945351,-0.8144509,0.5731321,-0.09049455,0,0.25,0.75,0,0.5,-0.25,0,0,0,0.6561142,-0.7006228,0.7092724,-0.07784698,0,0,0.75,0,0.25,-0.5,0,0,0,0.5471867,-0.773501,0.5443155,-0.3246794,0,0.25,1,0,0.5,-0.5,0,0,0,0.7017071,-0.6740411,0.6823626,-0.2829309,0,0,1
106,0,-0.2499568,0.4999227,0,0.002393127,-0.003480913,0.5471408,-0.7735349,0.06688999,0.6302139,1,0.75,0,0,-0.4999349,0.2499668,0,0.005194547,-0.0004120173,0.4254995,-0.8752031,-0.1944192,0.4429681,1,1,0.25,0,-0.49998,0.4999622,0,8.195642E-05,-0.003547968,0.5602089,-0.7640004,-0.169759,0.6224832,1,1,0,0,-0.2500197,0.2500044,0,-0.003589691,0.00051111,0.4105498,-0.8895725,0.07685503,0.4502822,1,0.75,0.25,0,9.065838E-05,0.4999705,0,0.003074582,-0.002345444,0.5927576,-0.741244,0.2929201,0.6039496,1,0.5,0,0,-0.4999475,-5.46818E-05,0,0.004008414,-0.0009503154,0.3450229,-0.958554,-0.2129499,0.1892793,1,1,0.5,0,9.411657E-06,0.2500205,0,7.150727E-05,0.001392514,0.4626125,-0.8414601,0.3324384,0.4259455,1,0.5,0.25,0,0.25,0.5,0,0,0,0.6902101,-0.6805521,0.478907,0.5545239,0,0.25,0,0,-0.2500017,-4.393116E-05,0,-0.0005327167,0.001100887,0.3286047,-0.9775469,0.08447731,0.1930427,1,0.75,0.5,0,-0.499946,-0.250075,0,0.001178682,-0.001725555,0.3346221,-0.9704991,-0.2156017,-0.1079231,1,1,0.75,0,0.25,0.25,0,0,0,0.5719608,-0.7556247,0.5317358,0.3824767,0,0.25,0.25,0,0.5,0.5,0,0,0,0.8281943,-0.6098505,0.6173795,0.4969153,0,0,0,0,0.5,0.25,0,0,0,0.723356,-0.6621131,0.6702873,0.3351437,0,0,0.25,0,-0.2499042,-0.2499958,0,0.0038974,-3.129245E-05,0.317993,-0.9902285,0.08569239,-0.1100202,1,0.75,0.75,0,-0.4999219,-0.5000158,0,0.004187228,-0.001209975,0.3967065,-0.9033056,-0.2006474,-0.3791829,1,1,1,0,-0.2499821,-0.5000536,0,0.001056493,-0.001391769,0.3812712,-0.9191269,0.07945096,-0.3858671,1,0.75,1,0,8.908127E-07,-2.189181E-05,0,-0.0001323482,-0.002430696,0.3854906,-0.9147472,0.3613826,0.1806661,1,0.5,0.5,0,0.25,0,0,0,0,0.5032946,-0.8073401,0.5681282,0.1594746,0,0.25,0.5,0,0.5,0,0,0,0,0.663658,-0.6960808,0.7046744,0.1374974,0,0,0.5,0,-4.492616E-05,-0.2499653,0,-0.0004116058,0.0006474557,0.375537,-0.9251465,0.3654387,-0.1027544,1,0.5,0.75,0,7.578907E-05,-0.5000008,0,0.002953813,-0.002285839,0.4349594,-0.8663478,0.3423419,-0.363653,1,0.5,1,0,0.25,-0.25,0,0,0,0.4945351,-0.8144509,0.5731321,-0.09049455,0,0.25,0.75,0,0.5,-0.25,0,0,0,0.6561142,-0.7006228,0.7092724,-0.07784698,0,0,0.75,0,0.25,-0.5,0,0,0,0.5471867,-0.773501,0.5443155,-0.3246794,0,0.25,1,0,0.5,-0.5,0,0,0,0.7017071,-0.6740411,0.6823626,-0.2829309,0,0,1
107,0,-0.249988,0.4999676,0,-0.001560897,0.002244116,0.5471671,-0.7735155,0.0668585,0.630241,1,0.75,0,0,-0.4999333,0.2500022,0,7.748607E-05,0.001771004,0.4255149,-0.8751885,-0.1944143,0.442999,1,1,0.25,0,-0.4999808,0.4999117,0,-4.023315E-05,-0.002525748,0.5601777,-0.7640229,-0.1697648,0.6224539,1,1,0,0,-0.2500173,0.2499462,0,0.0001177192,-0.002908708,0.4105237,-0.8895979,0.07685981,0.4502312,1,0.75,0.25,0,-2.537706E-05,0.5000047,0,-0.005801774,0.001710654,0.5927442,-0.7412531,0.2928175,0.6039883,1,0.5,0,0,-0.4999265,-4.285738E-05,0,0.001049042,0.0005912211,0.3450206,-0.9585565,-0.2129256,0.1892938,1,1,0.5,0,-9.14696E-06,0.2499798,0,-0.0009279313,-0.002036244,0.462589,-0.8414807,0.3324273,0.4259136,1,0.5,0.25,0,0.25,0.5,0,0,0,0.6902101,-0.6805521,0.478907,0.5545239,0,0.25,0,0,-0.2499774,-6.256625E-05,0,0.001215935,-0.0009317551,0.3286031,-0.9775488,0.08450682,0.1930205,1,0.75,0.5,0,-0.4999906,-0.2500038,0,-0.002232195,0.003559889,0.3346241,-0.9704968,-0.2156547,-0.1078375,1,1,0.75,0,0.25,0.25,0,0,0,0.5719608,-0.7556247,0.5317358,0.3824767,0,0.25,0.25,0,0.5,0.5,0,0,0,0.8281943,-0.6098505,0.6173795,0.4969153,0,0,0,0,0.5,0.25,0,0,0,0.723356,-0.6621131,0.6702873,0.3351437,0,0,0.25,0,-0.2499439,-0.2500167,0,-0.00198558,-0.001046807,0.317992,-0.9902298,0.08564395,-0.1100459,1,0.75,0.75,0,-0.5000406,-0.5000448,0,-0.005936625,-0.001451374,0.3967414,-0.9032705,-0.200772,-0.3792005,1,1,1,0,-0.2500486,-0.500044,0,-0.00332296,0.0004768373,0.3812622,-0.9191362,0.07937635,-0.3858602,1,0.75,1,0,2.819508E-05,3.405583E-05,0,0.001365214,0.002797383,0.3855106,-0.9147266,0.3614053,0.1807252,1,0.5,0.5,0,0.25,0,0,0,0,0.5032946,-0.8073401,0.5681282,0.1594746,0,0.25,0.5,0,0.5,0,0,0,0,0.663658,-0.6960808,0.7046744,0.1374974,0,0,0.5,0,-2.651699E-05,-0.2499598,0,0.0009204588,0.0002764167,0.3755431,-0.92514,0.3654571,-0.1027474,1,0.5,0.75,0,7.16224E-06,-0.5000257,0,-0.003431343,-0.001245738,0.4349449,-0.8663612,0.3422738,-0.3636853,1,0.5,1,0,0.25,-0.25,0,0,0,0.4945351,-0.8144509,0.5731321,-0.09049455,0,0.25,0.75,0,0.5,-0.25,0,0,0,0.6561142,-0.7006228,0.7092724,-0.07784698,0,0,0.75,0,0.25,-0.5,0,0,0,0.5471867,-0.773501,0.5443155,-0.3246794,0,0.25,1,0,0.5,-0.5,0,0,0,0.7017071,-0.6740411,0.6823626,-0.2829309,0,0,1
108,0,-0.2499665,0.4999183,0,0.001073629,-0.002466143,0.5471375,-0.7735374,0.06688089,0.6302117,1,0.75,0,0,-0.4999552,0.2500179,0,-0.001093746,0.0007838014,0.4255261,-0.8751779,-0.1944356,0.4430106,1,1,0.25,0,-0.4999306,0.4999807,0,0.002512337,0.00345111,0.5602121,-0.763998,-0.1697119,0.6224988,1,1,0,0,-0.2499572,0.2499926,0,0.003005565,0.002323092,0.4105493,-0.8895729,0.07692367,0.4502696,1,0.75,0.25,0,8.063144E-05,0.4999575,0,0.005300427,-0.002361835,0.5927467,-0.7412513,0.2929138,0.6039436,1,0.5,0,0,-0.4999663,-2.341191E-05,0,-0.001990796,0.0009722739,0.3450328,-0.9585427,-0.2129696,0.1893141,1,1,0.5,0,8.163221E-07,0.2500158,0,0.0004981643,0.001800806,0.4626076,-0.8414643,0.3324312,0.4259428,1,0.5,0.25,0,0.25,0.5,0,0,0,0.6902101,-0.6805521,0.478907,0.5545239,0,0.25,0,0,-0.250034,-6.479873E-05,0,-0.002829732,-0.0001116241,0.3285979,-0.977555,0.08443905,0.1930191,1,0.75,0.5,0,-0.4999361,-0.2500367,0,0.002723933,-0.001643599,0.3346158,-0.9705064,-0.2155916,-0.107878,1,1,0.75,0,0.25,0.25,0,0,0,0.5719608,-0.7556247,0.5317358,0.3824767,0,0.25,0.25,0,0.5,0.5,0,0,0,0.8281943,-0.6098505,0.6173795,0.4969153,0,0,0,0,0.5,0.25,0,0,0,0.723356,-0.6621131,0.6702873,0.3351437,0,0,0.25,0,-0.2499104,-0.2500285,0,0.001676381,-0.0005915763,0.3179961,-0.9902247,0.0856845,-0.1100598,1,0.75,0.75,0,-0.4999264,-0.5000111,0,0.005707147,0.001683832,0.3967057,-0.9033064,-0.2006527,-0.3791781,1,1,1,0,-0.2500059,-0.5000048,0,0.002136827,0.001963974,0.3812505,-0.9191484,0.07942591,-0.3858208,1,0.75,1,0,2.38332E-05,-2.955035E-05,0,-0.0002180944,-0.00318031,0.3854975,-0.91474,0.3614057,0.180656,1,0.5,0.5,0,0.25,0,0,0,0,0.5032946,-0.8073401,0.5681282,0.1594746,0,0.25,0.5,0,0.5,0,0,0,0,0.663658,-0.6960808,0.7046744,0.1374974,0,0,0.5,0,-5.030014E-05,-0.2500408,0,-0.001189158,-0.004050882,0.3755428,-0.9251404,0.3654301,-0.1028399,1,0.5,0.75,0,2.757173E-05,-0.4999688,0,0.001020475,0.002843143,0.4349313,-0.8663738,0.3423006,-0.3636298,1,0.5,1,0,0.25,-0.25,0,0,0,0.4945351,-0.8144509,0.5731321,-0.09049455,0,0.25,0.75,0,0.5,-0.25,0,0,0,0.6561142,-0.7006228,0.7092724,-0.07784698,0,0,0.75,0,0.25,-0.5,0,0,0,0.5471867,-0.773501,0.5443155,-0.3246794,0,0.25,1,0,0.5,-0.5,0,0,0,0.7017071,-0.6740411,0.6823626,-0.2829309,0,0,1
109,0,-0.2499922,0.5000213,0,-0.001284481,0.005149843,0.5472007,-0.7734907,0.06685232,0.630272,1,0.75,0,0,-0.5000183,0.2500366,0,-0.003156067,0.0009372834,0.4255466,-0.8751585,-0.1944994,0.443021,1,1,0.25,0,-0.4999872,0.4999605,0,-0.002829732,-0.001011789,0.560209,-0.7640003,-0.1697658,0.6224815,1,1,0,0,-0.2499619,0.2500368,0,-0.0002361835,0.002208353,0.4105688,-0.8895539,0.07691683,0.4503084,1,0.75,0.25,0,5.17537E-05,0.5000145,0,-0.001443888,0.002853574,0.5927727,-0.7412337,0.2928804,0.6039815,1,0.5,0,0,-0.4999195,-2.167204E-05,0,0.002340973,8.699393E-05,0.3450232,-0.9585536,-0.2129167,0.1893183,1,1,0.5,0,1.42161E-05,0.2499709,0,0.0006699893,-0.002243371,0.462593,-0.8414771,0.3324502,0.4259027,1,0.5,0.25,0,0.25,0.5,0,0,0,0.6902101,-0.6805521,0.478907,0.5545239,0,0.25,0,0,-0.2499949,-1.757375E-05,0,0.001954288,0.00236125,0.3286104,-0.9775403,0.08448495,0.1930732,1,0.75,0.5,0,-0.4999698,-0.2500226,0,-0.001682342,0.000701845,0.3346216,-0.9704997,-0.2156304,-0.1078604,1,1,0.75,0,0.25,0.25,0,0,0,0.5719608,-0.7556247,0.5317358,0.3824767,0,0.25,0.25,0,0.5,0.5,0,0,0,0.8281943,-0.6098505,0.6173795,0.4969153,0,0,0,0,0.5,0.25,0,0,0,0.723356,-0.6621131,0.6702873,0.3351437,0,0,0.25,0,-0.2500273,-0.2499668,0,-0.005846473,0.003086777,0.3179793,-0.990245,0.08554331,-0.1099866,1,0.75,0.75,0,-0.5000163,-0.4999849,0,-0.004491212,0.001314283,0.3967137,-0.9032983,-0.2007511,-0.3791454,1,1,1,0,-0.2500408,-0.5000008,0,-0.001747907,0.0001966954,0.3812462,-0.9191529,0.07938663,-0.3858182,1,0.75,1,0,6.000863E-05,3.649037E-05,0,0.001808772,0.003302037,0.3855225,-0.9147142,0.3614363,0.1807255,1,0.5,0.5,0,0.25,0,0,0,0,0.5032946,-0.8073401,0.5681282,0.1594746,0,0.25,0.5,0,0.5,0,0,0,0,0.663658,-0.6960808,0.7046744,0.1374974,0,0,0.5,0,-1.308848E-05,-0.2500018,0,0.001860584,0.001946092,0.3755524,-0.9251303,0.3654686,-0.1027944,1,0.5,0.75,0,1.179103E-05,-0.5000112,0,-0.0007890355,-0.002118946,0.4349413,-0.8663645,0.3422801,-0.3636712,1,0.5,1,0,0.25,-0.25,0,0,0,0.4945351,-0.8144509,0.5731321,-0.09049455,0,0.25,0.75,0,0.5,-0.25,0,0,0,0.6561142,-0.7006228,0.7092724,-0.07784698,0,0,0.75,0,0.25,-0.5,0,0,0,0.5471867,-0.773501,0.5443155,-0.3246794,0,0.25,1,0,0.5,-0.5,0,0,0,0.7017071,-0.6740411,0.6823626,-0.2829309,0,0,1
110,0,-0.2500519,0.5000853,0,-0.002986194,0.003200771,0.547237,-0.7734638,0.06679297,0.6303113,1,0.75,0,0,-0.5000322,0.2500857,0,-0.0006943944,0.002454222,0.4255711,-0.8751354,-0.1945093,0.4430623,1,1,0.25,0,-0.5000341,0.5000699,0,-0.002345444,0.005470219,0.5602852,-0.7639454,-0.1697978,0.62254,1,1,0,0,-0.249992,0.2500159,0,-0.001505763,-0.001044572,0.4105571,-0.8895653,0.07688475,0.4502913,1,0.75,0.25,0,-4.520158E-06,0.4999856,0,-0.002813694,-0.001448393,0.5927387,-0.7412568,0.292838,0.6039737,1,0.5,0,0,-0.5000182,5.58836E-05,0,-0.004936757,0.003877783,0.3450589,-0.9585131,-0.2130245,0.189402,1,1,0.5,0,2.643428E-05,0.2499338,0,0.0006109089,-0.00185445,0.4625813,-0.8414874,0.3324669,0.4258693,1,0.5,0.25,0,0.25,0.5,0,0,0,0.6902101,-0.6805521,0.478907,0.5545239,0,0.25,0,0,-0.2500201,7.258358E-05,0,-0.001262874,0.004507868,0.3286256,-0.9775223,0.08445291,0.1931784,1,0.75,0.5,0,-0.5000089,-0.2499959,0,-0.001958013,0.001336635,0.3346272,-0.9704933,-0.2156759,-0.1078277,1,1,0.75,0,0.25,0.25,0,0,0,0.5719608,-0.7556247,0.5317358,0.3824767,0,0.25,0.25,0,0.5,0.5,0,0,0,0.8281943,-0.6098505,0.6173795,0.4969153,0,0,0,0,0.5,0.25,0,0,0,0.723356,-0.6621131,0.6702873,0.3351437,0,0,0.25,0,-0.2500179,-0.249961,0,0.000472367,0.0002883376,0.3179795,-0.9902449,0.08555485,-0.1099796,1,0.75,0.75,0,-0.4999989,-0.4999917,0,0.000868738,-0.0003397466,0.3967128,-0.9032992,-0.2007319,-0.3791533,1,1,1,0,-0.2499873,-0.4999028,0,0.002674015,0.004903974,0.3812126,-0.919188,0.07945035,-0.3857216,1,0.75,1,0,7.685153E-07,1.531101E-05,0,-0.002962007,-0.001058968,0.3854973,-0.9147403,0.3613797,0.1807067,1,0.5,0.5,0,0.25,0,0,0,0,0.5032946,-0.8073401,0.5681282,0.1594746,0,0.25,0.5,0,0.5,0,0,0,0,0.663658,-0.6960808,0.7046744,0.1374974,0,0,0.5,0,1.37046E-05,-0.2499456,0,0.001339654,0.002814831,0.3755564,-0.925126,0.3654975,-0.1027296,1,0.5,0.75,0,4.581215E-05,-0.5000153,0,0.001701057,-0.0002056361,0.4349544,-0.8663524,0.3423117,-0.3636705,1,0.5,1,0,0.25,-0.25,0,0,0,0.4945351,-0.8144509,0.5731321,-0.09049455,0,0.25,0.75,0,0.5,-0.25,0,0,0,0.6561142,-0.7006228,0.7092724,-0.07784698,0,0,0.75,0,0.25,-0.5,0,0,0,0.5471867,-0.773501,0.5443155,-0.3246794,0,0.25,1,0,0.5,-0.5,0,0,0,0.7017071,-0.6740411,0.6823626,-0.2829309,0,0,1
111,0,-0.2500028,0.5000648,0,0.002455712,-0.0010252,0.5472274,-0.773471,0.06684049,0.6302975,1,0.75,0,0,-0.4999342,0.2500963,0,0.004898014,0.0005319717,0.4255568,-0.8751489,-0.1944065,0.4430807,1,1,0.25,0,-0.4999667,0.5000212,0,0.003367664,-0.002434851,0.5602434,-0.7639756,-0.169741,0.6225186,1,1,0,0,-0.2499948,0.2500504,0,-0.0001385809,0.001724065,0.4105724,-0.8895504,0.07688041,0.4503216,1,0.75,0.25,0,2.425529E-05,0.5000441,0,0.001438773,0.002926589,0.5927825,-0.7412271,0.2928526,0.6040031,1,0.5,0,0,-0.499956,5.696873E-05,0,0.003114344,5.425684E-05,0.3450458,-0.9585279,-0.2129541,0.1894063,1,1,0.5,0,1.351047E-05,0.250009,0,-0.0006461908,0.003758074,0.462609,-0.8414631,0.3324439,0.4259351,1,0.5,0.25,0,0.25,0.5,0,0,0,0.6902101,-0.6805521,0.478907,0.5545239,0,0.25,0,0,-0.2499786,4.549998E-05,0,0.002077223,-0.001354181,0.3286239,-0.9775243,0.08450323,0.1931461,1,0.75,0.5,0,-0.4999686,-0.2499598,0,0.002014638,0.001804531,0.3346146,-0.9705079,-0.2156309,-0.107786,1,1,0.75,0,0.25,0.25,0,0,0,0.5719608,-0.7556247,0.5317358,0.3824767,0,0.25,0.25,0,0.5,0.5,0,0,0,0.8281943,-0.6098505,0.6173795,0.4969153,0,0,0,0,0.5,0.25,0,0,0,0.723356,-0.6621131,0.6702873,0.3351437,0,0,0.25,0,-0.249994,-0.2499355,0,0.001195074,0.001274795,0.3179787,-0.9902458,0.08558415,-0.1099485,1,0.75,0.75,0,-0.500027,-0.4999095,0,-0.00140518,0.004105271,0.3966874,-0.9033248,-0.200769,-0.3790725,1,1,1,0,-0.2499491,-0.4999394,0,0.001914055,-0.001832844,0.3812298,-0.91917,0.07949223,-0.3857557,1,0.75,1,0,5.447165E-05,4.08115E-05,0,0.002685158,0.001275025,0.3855213,-0.9147155,0.3614306,0.1807306,1,0.5,0.5,0,0.25,0,0,0,0,0.5032946,-0.8073401,0.5681282,0.1594746,0,0.25,0.5,0,0.5,0,0,0,0,0.663658,-0.6960808,0.7046744,0.1374974,0,0,0.5,0,-5.656792E-05,-0.2499837,0,-0.003513627,-0.001905859,0.3755346,-0.9251491,0.3654264,-0.1027757,1,0.5,0.75,0,2.610002E-05,-0.4999989,0,-0.0009856069,0.0008195642,0.4349417,-0.8663642,0.3422952,-0.3636579,1,0.5,1,0,0.25,-0.25,0,0,0,0.4945351,-0.8144509,0.5731321,-0.09049455,0,0.25,0.75,0,0.5,-0.25,0,0,0,0.6561142,-0.7006228,0.7092724,-0.07784698,0,0,0.75,0,0.25,-0.5,0,0,0,0.5471867,-0.773501,0.5443155,-0.3246794,0,0.25,1,0,0.5,-0.5,0,0,0,0.7017071,-0.6740411,0.6823626,-0.2829309,0,0,1
112,0,-0.2500254,0.5000285,0,-0.001130999,-0.001814962,0.5472029,-0.7734891,0.06682045,0.6302775,1,0.75,0,0,-0.4999625,0.2500508,0,-0.001415611,-0.002276898,0.4255421,-0.8751628,-0.1944401,0.4430385,1,1,0.25,0,-0.5000243,0.500023,0,-0.002875925,8.9407E-05,0.5602542,-0.7639678,-0.1697935,0.6225139,1,1,0,0,-0.2500455,0.2499641,0,-0.002533198,-0.004313143,0.4105297,-0.8895921,0.07682838,0.450248,1,0.75,0.25,0,1.229363E-05,0.4999647,0,-0.0005980835,-0.003971161,0.5927311,-0.741262,0.2928555,0.6039589,1,0.5,0,0,-0.4999292,7.561962E-05,0,0.001336635,0.0009325449,0.3450436,-0.9585304,-0.212923,0.1894288,1,1,0.5,0,-2.027296E-05,0.2499594,0,-0.001689172,-0.002480299,0.4625766,-0.8414915,0.33242,0.4258979,1,0.5,0.25,0,0.25,0.5,0,0,0,0.6902101,-0.6805521,0.478907,0.5545239,0,0.25,0,0,-0.2499999,1.689921E-05,0,-0.001063943,-0.001430039,0.3286166,-0.977533,0.08447829,0.1931133,1,0.75,0.5,0,-0.499948,-0.2499456,0,0.001031161,0.0007078054,0.3346086,-0.9705148,-0.2156077,-0.1077698,1,1,0.75,0,0.25,0.25,0,0,0,0.5719608,-0.7556247,0.5317358,0.3824767,0,0.25,0.25,0,0.5,0.5,0,0,0,0.8281943,-0.6098505,0.6173795,0.4969153,0,0,0,0,0.5,0.25,0,0,0,0.723356,-0.6621131,0.6702873,0.3351437,0,0,0.25,0,-0.2499155,-0.2500133,0,0.003921987,-0.00388846,0.317994,-0.9902273,0.08567844,-0.1100415,1,0.75,0.75,0,-0.5000048,-0.4999485,0,0.001108647,-0.001946092,0.3966976,-0.9033145,-0.2007419,-0.3791116,1,1,1,0,-0.2500273,-0.4999738,0,-0.003913046,-0.001718105,0.3812369,-0.9191626,0.07940279,-0.3857916,1,0.75,1,0,5.465796E-05,8.510493E-06,0,9.315412E-06,-0.001615051,0.3855155,-0.9147214,0.3614331,0.1806953,1,0.5,0.5,0,0.25,0,0,0,0,0.5032946,-0.8073401,0.5681282,0.1594746,0,0.25,0.5,0,0.5,0,0,0,0,0.663658,-0.6960808,0.7046744,0.1374974,0,0,0.5,0,-3.951693E-05,-0.2500394,0,0.0008525499,-0.002785028,0.3755466,-0.9251364,0.3654408,-0.1028379,1,0.5,0.75,0,-1.854345E-05,-0.4999697,0,-0.002232175,0.001463295,0.4349158,-0.8663882,0.342257,-0.3636367,1,0.5,1,0,0.25,-0.25,0,0,0,0.4945351,-0.8144509,0.5731321,-0.09049455,0,0.25,0.75,0,0.5,-0.25,0,0,0,0.6561142,-0.7006228,0.7092724,-0.07784698,0,0,0.75,0,0.25,-0.5,0,0,0,0.5471867,-0.773501,0.5443155,-0.3246794,0,0.25,1,0,0.5,-0.5,0,0,0,0.7017071,-0.6740411,0.6823626,-0.2829309,0,0,1
113,0,-0.2499774,0.5000072,0,0.002402068,-0.001066924,0.5471927,-0.7734966,0.06686698,0.6302633,1,0.75,0,0,-0.5000088,0.2500054,0,-0.002311171,-0.002270938,0.425531,-0.8751733,-0.1944924,0.4429947,1,1,0.25,0,-0.5000233,0.4999534,0,4.768373E-05,-0.003482403,0.5602107,-0.7639991,-0.1697996,0.6224738,1,1,0,0,-0.2500306,0.2499288,0,0.0007420781,-0.001768769,0.4105148,-0.8896066,0.07684593,0.4502164,1,0.75,0.25,0,-3.724356E-05,0.5000024,0,-0.00247686,0.001887978,0.5927395,-0.7412563,0.2928079,0.6039889,1,0.5,0,0,-0.4999938,-4.907159E-06,0,-0.003230573,-0.004026341,0.3450421,-0.9585321,-0.2129999,0.1893339,1,1,0.5,0,-4.424413E-06,0.2500505,0,0.0007924275,0.004554542,0.4626207,-0.841453,0.3324213,0.4259731,1,0.5,0.25,0,0.25,0.5,0,0,0,0.6902101,-0.6805521,0.478907,0.5545239,0,0.25,0,0,-0.2500118,-1.189108E-05,0,-0.0005945566,-0.001439515,0.32861,-0.9775407,0.08446461,0.1930801,1,0.75,0.5,0,-0.4999687,-0.2499747,0,-0.001032651,-0.001452119,0.3346162,-0.970506,-0.2156305,-0.1078037,1,1,0.75,0,0.25,0.25,0,0,0,0.5719608,-0.7556247,0.5317358,0.3824767,0,0.25,0.25,0,0.5,0.5,0,0,0,0.8281943,-0.6098505,0.6173795,0.4969153,0,0,0,0,0.5,0.25,0,0,0,0.723356,-0.6621131,0.6702873,0.3351437,0,0,0.25,0,-0.2500172,-0.2499654,0,-0.005082788,0.002393127,0.3179801,-0.9902442,0.08555563,-0.1099849,1,0.75,0.75,0,-0.4999451,-0.4999681,0,0.002984704,-0.0009819869,0.3966931,-0.9033191,-0.2006764,-0.3791354,1,1,1,0,-0.2500066,-0.5000054,0,0.001034141,-0.001582504,0.3812507,-0.9191482,0.07942501,-0.3858215,1,0.75,1,0,2.130808E-05,-5.933816E-05,0,-0.001667494,-0.003392434,0.3854912,-0.9147465,0.3614054,0.1806237,1,0.5,0.5,0,0.25,0,0,0,0,0.5032946,-0.8073401,0.5681282,0.1594746,0,0.25,0.5,0,0.5,0,0,0,0,0.663658,-0.6960808,0.7046744,0.1374974,0,0,0.5,0,-6.750858E-06,-0.2500004,0,0.001638304,0.001949073,0.3755546,-0.925128,0.3654749,-0.1027924,1,0.5,0.75,0,3.109613E-05,-0.4999961,0,0.00248198,-0.001320243,0.4349424,-0.8663636,0.3423003,-0.3636546,1,0.5,1,0,0.25,-0.25,0,0,0,0.4945351,-0.8144509,0.5731321,-0.09049455,0,0.25,0.75,0,0.5,-0.25,0,0,0,0.6561142,-0.7006228,0.7092724,-0.07784698,0,0,0.75,0,0.25,-0.5,0,0,0,0.5471867,-0.773501,0.5443155,-0.3246794,0,0.25,1,0,0.5,-0.5,0,0,0,0.7017071,-0.6740411,0.6823626,-0.2829309,0,0,1
114,0,-0.2499815,0.4999296,0,-0.0002071262,-0.003878774,0.5471436,-0.7735329,0.06686616,0.6302188,1,0.75,0,0,-0.4999321,0.2500138,0,0.00383258,0.000421703,0.4255198,-0.8751839,-0.194412,0.4430092,1,1,0.25,0,-0.4999276,0.4999599,0,0.004784765,0.0003293158,0.5601985,-0.7640079,-0.1697112,0.6224871,1,1,0,0,-0.2500213,0.2499656,0,0.0004678966,0.001842529,0.4105322,-0.8895897,0.07685474,0.4502483,1,0.75,0.25,0,6.875245E-05,0.5000147,0,0.005299802,0.0006109478,0.5927778,-0.7412302,0.2928946,0.6039788,1,0.5,0,0,-0.5000258,-4.147914E-06,0,-0.001598895,3.796223E-05,0.3450491,-0.9585242,-0.2130359,0.1893332,1,1,0.5,0,3.594943E-05,0.2499815,0,0.002018693,-0.003450365,0.4626047,-0.8414669,0.3324687,0.4259085,1,0.5,0.25,0,0.25,0.5,0,0,0,0.6902101,-0.6805521,0.478907,0.5545239,0,0.25,0,0,-0.2500084,-9.25349E-05,0,0.0001698733,-0.004032193,0.3285947,-0.9775587,0.08447026,0.1929863,1,0.75,0.5,0,-0.4999995,-0.250056,0,-0.001542271,-0.004064293,0.3346316,-0.970488,-0.2156634,-0.1078991,1,1,0.75,0,0.25,0.25,0,0,0,0.5719608,-0.7556247,0.5317358,0.3824767,0,0.25,0.25,0,0.5,0.5,0,0,0,0.8281943,-0.6098505,0.6173795,0.4969153,0,0,0,0,0.5,0.25,0,0,0,0.723356,-0.6621131,0.6702873,0.3351437,0,0,0.25,0,-0.2499711,-0.2499685,0,0.002305956,-0.0001557172,0.3179843,-0.990239,0.08561156,-0.1099881,1,0.75,0.75,0,-0.4999975,-0.4999953,0,-0.002618135,-0.001358986,0.396714,-0.9032981,-0.2007301,-0.3791569,1,1,1,0,-0.2499382,-0.5000141,0,0.003424288,-0.0004351141,0.3812595,-0.919139,0.07950193,-0.3858275,1,0.75,1,0,-5.330128E-05,2.76348E-06,0,-0.003730469,0.003105083,0.3854755,-0.9147628,0.3613276,0.180697,1,0.5,0.5,0,0.25,0,0,0,0,0.5032946,-0.8073401,0.5681282,0.1594746,0,0.25,0.5,0,0.5,0,0,0,0,0.663658,-0.6960808,0.7046744,0.1374974,0,0,0.5,0,-1.078592E-05,-0.249979,0,-0.0002017534,0.001068414,0.3755509,-0.9251319,0.3654719,-0.1027685,1,0.5,0.75,0,2.600885E-05,-0.4999915,0,-0.0002543643,0.000229478,0.434939,-0.8663667,0.3422962,-0.363651,1,0.5,1,0,0.25,-0.25,0,0,0,0.4945351,-0.8144509,0.5731321,-0.09049455,0,0.25,0.75,0,0.5,-0.25,0,0,0,0.6561142,-0.7006228,0.7092724,-0.07784698,0,0,0.75,0,0.25,-0.5,0,0,0,0.5471867,-0.773501,0.5443155,-0.3246794,0,0.25,1,0,0.5,-0.5,0,0,0,0.7017071,-0.6740411,0.6823626,-0.2829309,0,0,1
115,0,-0.249971,0.5000043,0,0.000523776,0.003735723,0.5471914,-0.7734976,0.06687311,0.6302614,1,0.75,0,0,-0.4998733,0.2499719,0,0.00294,-0.002097339,0.4254898,-0.8752123,-0.1943547,0.4429782,1,1,0.25,0,-0.4999263,0.4999565,0,6.407501E-05,-0.0001743437,0.5601962,-0.7640095,-0.1697104,0.6224852,1,1,0,0,-0.249957,0.2499302,0,0.003212692,-0.001769514,0.4105211,-0.8896004,0.07692624,0.450215,1,0.75,0.25,0,3.15725E-05,0.5000304,0,-0.001858998,0.0007867816,0.5927764,-0.7412312,0.292861,0.603994,1,0.5,0,0,-0.49989,2.034463E-05,0,0.006788972,0.001224628,0.3450248,-0.9585517,-0.2128814,0.1893676,1,1,0.5,0,6.378411E-05,0.2500834,0,0.001391735,0.005093964,0.4626573,-0.8414209,0.3324794,0.425991,1,0.5,0.25,0,0.25,0.5,0,0,0,0.6902101,-0.6805521,0.478907,0.5545239,0,0.25,0,0,-0.249969,-8.94969E-06,0,0.001970679,0.004179262,0.3286142,-0.9775358,0.08451585,0.1930827,1,0.75,0.5,0,-0.4999904,-0.2500592,0,0.0004544856,-0.0001609326,0.33463,-0.9704899,-0.215653,-0.1079031,1,1,0.75,0,0.25,0.25,0,0,0,0.5719608,-0.7556247,0.5317358,0.3824767,0,0.25,0.25,0,0.5,0.5,0,0,0,0.8281943,-0.6098505,0.6173795,0.4969153,0,0,0,0,0.5,0.25,0,0,0,0.723356,-0.6621131,0.6702873,0.3351437,0,0,0.25,0,-0.2499775,-0.2501154,0,-0.0003211201,-0.00734404,0.318,-0.9902201,0.08560207,-0.1101656,1,0.75,0.75,0,-0.5000415,-0.5000626,0,-0.002202393,-0.003367664,0.3967483,-0.9032635,-0.2007716,-0.3792175,1,1,1,0,-0.2500451,-0.5000578,0,-0.005348029,-0.002181531,0.3812678,-0.9191303,0.0793798,-0.3858733,1,0.75,1,0,8.131705E-05,-1.41869E-05,0,0.006730919,-0.0008475195,0.3855211,-0.9147157,0.361461,0.1806686,1,0.5,0.5,0,0.25,0,0,0,0,0.5032946,-0.8073401,0.5681282,0.1594746,0,0.25,0.5,0,0.5,0,0,0,0,0.663658,-0.6960808,0.7046744,0.1374974,0,0,0.5,0,-1.921036E-05,-0.2500005,0,-0.0004212219,-0.001075864,0.37555,-0.9251328,0.3654626,-0.1027931,1,0.5,0.75,0,-1.601925E-05,-0.4999735,0,-0.002101406,0.0008970503,0.434918,-0.8663861,0.3422588,-0.36364,1,0.5,1,0,0.25,-0.25,0,0,0,0.4945351,-0.8144509,0.5731321,-0.09049455,0,0.25,0.75,0,0.5,-0.25,0,0,0,0.6561142,-0.7006228,0.7092724,-0.07784698,0,0,0.75,0,0.25,-0.5,0,0,0,0.5471867,-0.773501,0.5443155,-0.3246794,0,0.25,1,0,0.5,-0.5,0,0,0,0.7017071,-0.6740411,0.6823626,-0.2829309,0,0,1
116,0,-0.2499676,0.4999576,0,0.0001721085,-0.002336503,0.5471621,-0.7735192,0.06687827,0.6302344,1,0.75,0,0,-0.4999619,0.249968,0,-0.004431607,-0.0001922251,0.4255053,-0.8751975,-0.1944472,0.4429667,1,1,0.25,0,-0.4999152,0.5000521,0,0.0005573037,0.004781784,0.5602539,-0.763968,-0.1696907,0.6225415,1,1,0,0,-0.2499572,0.2499636,0,-1.117588E-05,0.001668186,0.4105362,-0.8895857,0.07692473,0.4502441,1,0.75,0.25,0,4.929558E-05,0.5000328,0,0.0008861545,0.0001221896,0.5927831,-0.7412267,0.2928754,0.6039926,1,0.5,0,0,-0.4999627,-3.396558E-05,0,-0.003631414,-0.002715512,0.34503,-0.9585459,-0.212966,0.1893022,1,1,0.5,0,8.633728E-05,0.2499731,0,0.001127659,-0.005512687,0.4626179,-0.8414554,0.3325165,0.4258939,1,0.5,0.25,0,0.25,0.5,0,0,0,0.6902101,-0.6805521,0.478907,0.5545239,0,0.25,0,0,-0.2499941,1.620832E-05,0,-0.001259149,0.001257901,0.3286169,-0.9775326,0.08448518,0.1931124,1,0.75,0.5,0,-0.4999737,-0.2500724,0,0.0008389357,-0.0006616118,0.3346278,-0.9704925,-0.2156334,-0.1079193,1,1,0.75,0,0.25,0.25,0,0,0,0.5719608,-0.7556247,0.5317358,0.3824767,0,0.25,0.25,0,0.5,0.5,0,0,0,0.8281943,-0.6098505,0.6173795,0.4969153,0,0,0,0,0.5,0.25,0,0,0,0.723356,-0.6621131,0.6702873,0.3351437,0,0,0.25,0,-0.2499178,-0.2500562,0,0.002984704,0.002959372,0.3179986,-0.9902217,0.08567519,-0.1100934,1,0.75,0.75,0,-0.4999547,-0.5000476,0,0.00434071,0.0007510188,0.3967252,-0.9032867,-0.2006799,-0.3792105,1,1,1,0,-0.2499722,-0.5000014,0,0.003644825,0.002819301,0.3812519,-0.919147,0.07946397,-0.3858163,1,0.75,1,0,5.42567E-05,5.28916E-05,0,-0.001353018,0.003353926,0.3855234,-0.9147133,0.3614295,0.1807438,1,0.5,0.5,0,0.25,0,0,0,0,0.5032946,-0.8073401,0.5681282,0.1594746,0,0.25,0.5,0,0.5,0,0,0,0,0.663658,-0.6960808,0.7046744,0.1374974,0,0,0.5,0,-2.534887E-05,-0.2500013,0,-0.0003069258,-3.57628E-05,0.3755478,-0.9251351,0.3654565,-0.1027942,1,0.5,0.75,0,3.046685E-05,-0.4999861,0,0.002324306,-0.0006288292,0.4349385,-0.8663671,0.342301,-0.3636454,1,0.5,1,0,0.25,-0.25,0,0,0,0.4945351,-0.8144509,0.5731321,-0.09049455,0,0.25,0.75,0,0.5,-0.25,0,0,0,0.6561142,-0.7006228,0.7092724,-0.07784698,0,0,0.75,0,0.25,-0.5,0,0,0,0.5471867,-0.773501,0.5443155,-0.3246794,0,0.25,1,0,0.5,-0.5,0,0,0,0.7017071,-0.6740411,0.6823626,-0.2829309,0,0,1
117,0,-0.2499913,0.5000033,0,-0.001186133,0.002288819,0.5471894,-0.7734991,0.06685387,0.6302617,1,0.75,0,0,-0.499926,0.2499949,0,0.001798571,0.001345575,0.4255102,-0.8751929,-0.1944073,0.4429934,1,1,0.25,0,-0.4999727,0.4999899,0,-0.002877415,-0.003109874,0.5602249,-0.7639889,-0.1697496,0.6224999,1,1,0,0,-0.2500149,0.2499451,0,-0.002882631,-0.0009253625,0.4105234,-0.8895982,0.07686248,0.4502301,1,0.75,0.25,0,3.379389E-05,0.499965,0,-0.0007750849,-0.003390016,0.5927376,-0.7412576,0.2928734,0.6039557,1,0.5,0,0,-0.4999703,-2.875621E-05,0,-0.0003799798,0.0002604687,0.3450326,-0.9585429,-0.2129744,0.1893078,1,1,0.5,0,1.164013E-05,0.2500073,0,-0.003734859,0.001708419,0.4626076,-0.8414643,0.3324425,0.425934,1,0.5,0.25,0,0.25,0.5,0,0,0,0.6902101,-0.6805521,0.478907,0.5545239,0,0.25,0,0,-0.2500058,-1.600319E-05,0,-0.0005818906,-0.001610576,0.3286097,-0.977541,0.08447187,0.1930752,1,0.75,0.5,0,-0.4999333,-0.2499669,0,0.002016128,0.005277248,0.3346077,-0.9705158,-0.2155903,-0.1077954,1,1,0.75,0,0.25,0.25,0,0,0,0.5719608,-0.7556247,0.5317358,0.3824767,0,0.25,0.25,0,0.5,0.5,0,0,0,0.8281943,-0.6098505,0.6173795,0.4969153,0,0,0,0,0.5,0.25,0,0,0,0.723356,-0.6621131,0.6702873,0.3351437,0,0,0.25,0,-0.2499844,-0.2499614,0,-0.003329666,0.004743041,0.3179824,-0.9902413,0.08559547,-0.1099796,1,0.75,0.75,0,-0.499959,-0.5000182,0,-0.0002115966,0.001469255,0.3967149,-0.9032971,-0.2006869,-0.3791821,1,1,1,0,-0.2500429,-0.5000074,0,-0.003533067,-0.0003010036,0.3812485,-0.9191505,0.07938408,-0.3858247,1,0.75,1,0,2.089415E-05,3.046249E-05,0,-0.001668128,-0.001121456,0.3855073,-0.9147299,0.3613984,0.1807218,1,0.5,0.5,0,0.25,0,0,0,0,0.5032946,-0.8073401,0.5681282,0.1594746,0,0.25,0.5,0,0.5,0,0,0,0,0.663658,-0.6960808,0.7046744,0.1374974,0,0,0.5,0,-4.454816E-05,-0.2499979,0,-0.0009599646,0.0001654029,0.3755405,-0.9251428,0.3654376,-0.1027913,1,0.5,0.75,0,1.180728E-05,-0.5000091,0,-0.0009329788,-0.00114739,0.4349405,-0.8663653,0.3422804,-0.3636692,1,0.5,1,0,0.25,-0.25,0,0,0,0.4945351,-0.8144509,0.5731321,-0.09049455,0,0.25,0.75,0,0.5,-0.25,0,0,0,0.6561142,-0.7006228,0.7092724,-0.07784698,0,0,0.75,0,0.25,-0.5,0,0,0,0.5471867,-0.773501,0.5443155,-0.3246794,0,0.25,1,0,0.5,-0.5,0,0,0,0.7017071,-0.6740411,0.6823626,-0.2829309,0,0,1
118,0,-0.2499886,0.5000052,0,0.0001363457,9.238724E-05,0.5471908,-0.773498,0.06685638,0.6302626,1,0.75,0,0,-0.4998899,0.2500448,0,0.001806021,0.00249371,0.4255253,-0.8751786,-0.1943651,0.4430401,1,1,0.25,0,-0.4999769,0.4999228,0,-0.0002086163,-0.003357233,0.5601838,-0.7640185,-0.1697601,0.6224607,1,1,0,0,-0.2500103,0.2500491,0,0.000229478,0.005200507,0.4105706,-0.8895521,0.07686354,0.450321,1,0.75,0.25,0,1.792108E-05,0.4999609,0,-0.0007936405,-0.0002071262,0.5927304,-0.7412624,0.2928608,0.6039558,1,0.5,0,0,-0.4998734,-3.249301E-06,0,0.004844369,0.001275346,0.3450168,-0.9585608,-0.2128637,0.1893415,1,1,0.5,0,2.976582E-05,0.2500159,0,0.0009062849,0.0004321338,0.4626173,-0.8414559,0.3324579,0.4259386,1,0.5,0.25,0,0.25,0.5,0,0,0,0.6902101,-0.6805521,0.478907,0.5545239,0,0.25,0,0,-0.2500182,7.591105E-06,0,-0.0006213787,0.001179715,0.3286132,-0.9775369,0.08445651,0.1931029,1,0.75,0.5,0,-0.4999539,-0.2500214,0,-0.00102669,-0.002727659,0.334618,-0.9705039,-0.2156122,-0.1078594,1,1,0.75,0,0.25,0.25,0,0,0,0.5719608,-0.7556247,0.5317358,0.3824767,0,0.25,0.25,0,0.5,0.5,0,0,0,0.8281943,-0.6098505,0.6173795,0.4969153,0,0,0,0,0.5,0.25,0,0,0,0.723356,-0.6621131,0.6702873,0.3351437,0,0,0.25,0,-0.2499292,-0.2500181,0,0.002761931,-0.002834202,0.3179934,-0.9902281,0.08566186,-0.1100474,1,0.75,0.75,0,-0.5000235,-0.4999747,0,-0.003229083,0.00217557,0.3967114,-0.9033006,-0.2007597,-0.379135,1,1,1,0,-0.2499439,-0.4999966,0,0.004947187,0.0005394223,0.3812523,-0.9191465,0.07949602,-0.3858108,1,0.75,1,0,3.541509E-05,-3.258041E-05,0,0.0007260477,-0.003152146,0.3855011,-0.9147363,0.3614173,0.1806519,1,0.5,0.5,0,0.25,0,0,0,0,0.5032946,-0.8073401,0.5681282,0.1594746,0,0.25,0.5,0,0.5,0,0,0,0,0.663658,-0.6960808,0.7046744,0.1374974,0,0,0.5,0,-4.452023E-05,-0.2500392,0,1.396439E-06,-0.002063812,0.3755447,-0.9251384,0.3654359,-0.1028379,1,0.5,0.75,0,1.244358E-05,-0.4999633,0,3.181473E-05,0.002288819,0.4349241,-0.8663805,0.3422871,-0.3636266,1,0.5,1,0,0.25,-0.25,0,0,0,0.4945351,-0.8144509,0.5731321,-0.09049455,0,0.25,0.75,0,0.5,-0.25,0,0,0,0.6561142,-0.7006228,0.7092724,-0.07784698,0,0,0.75,0,0.25,-0.5,0,0,0,0.5471867,-0.773501,0.5443155,-0.3246794,0,0.25,1,0,0.5,-0.5,0,0,0,0.7017071,-0.6740411,0.6823626,-0.2829309,0,0,1
119,0,-0.2499905,0.5000367,0,-9.462241E-05,0.001576543,0.5472105,-0.7734835,0.06685332,0.6302809,1,0.75,0,0,-0.5000032,0.2499814,0,-0.005665424,-0.003167243,0.4255193,-0.8751844,-0.1944888,0.4429745,1,1,0.25,0,-0.499966,0.5000718,0,0.0005453827,0.007453564,0.5602748,-0.7639529,-0.1697352,0.6225479,1,1,0,0,-0.2499245,0.2499851,0,0.004290046,-0.003197045,0.4105484,-0.8895738,0.07695965,0.4502618,1,0.75,0.25,0,2.85945E-05,0.4999766,0,0.0005336711,0.0007867816,0.592743,-0.7412539,0.2928672,0.6039632,1,0.5,0,0,-0.4999938,8.244851E-06,0,-0.006020071,0.0005747078,0.3450446,-0.9585293,-0.2129992,0.1893489,1,1,0.5,0,2.19869E-05,0.2500092,0,-0.0003889459,-0.0003367664,0.4626119,-0.8414606,0.3324517,0.425934,1,0.5,0.25,0,0.25,0.5,0,0,0,0.6902101,-0.6805521,0.478907,0.5545239,0,0.25,0,0,-0.2499707,3.235171E-05,0,0.002376736,0.00123803,0.328622,-0.9775265,0.08451298,0.1931307,1,0.75,0.5,0,-0.4999726,-0.2499338,0,-0.0009357933,0.004382433,0.3346126,-0.9705101,-0.2156361,-0.1077551,1,1,0.75,0,0.25,0.25,0,0,0,0.5719608,-0.7556247,0.5317358,0.3824767,0,0.25,0.25,0,0.5,0.5,0,0,0,0.8281943,-0.6098505,0.6173795,0.4969153,0,0,0,0,0.5,0.25,0,0,0,0.723356,-0.6621131,0.6702873,0.3351437,0,0,0.25,0,-0.2500217,-0.2499848,0,-0.004625322,0.001662225,0.3179818,-0.9902421,0.08554998,-0.1100083,1,0.75,0.75,0,-0.4999754,-0.4999895,0,0.002405048,-0.0007390979,0.3967074,-0.9033048,-0.200707,-0.3791533,1,1,1,0,-0.2500144,-0.5000262,0,-0.003521146,-0.001478196,0.3812581,-0.9191405,0.07941559,-0.3858418,1,0.75,1,0,4.09328E-05,2.13641E-05,0,0.0002758853,0.002697227,0.3855129,-0.9147241,0.3614187,0.1807104,1,0.5,0.5,0,0.25,0,0,0,0,0.5032946,-0.8073401,0.5681282,0.1594746,0,0.25,0.5,0,0.5,0,0,0,0,0.663658,-0.6960808,0.7046744,0.1374974,0,0,0.5,0,-1.24157E-05,-0.2499992,0,0.001605227,0.002002717,0.3755524,-0.9251303,0.3654694,-0.1027913,1,0.5,0.75,0,2.871829E-05,-0.499948,0,0.0008137358,0.0007629397,0.4349241,-0.8663805,0.3423045,-0.3636103,1,0.5,1,0,0.25,-0.25,0,0,0,0.4945351,-0.8144509,0.5731321,-0.09049455,0,0.25,0.75,0,0.5,-0.25,0,0,0,0.6561142,-0.7006228,0.7092724,-0.07784698,0,0,0.75,0,0.25,-0.5,0,0,0,0.5471867,-0.773501,0.5443155,-0.3246794,0,0.25,1,0,0.5,-0.5,0,0,0,0.7017071,-0.6740411,0.6823626,-0.2829309,0,0,1
120,0,-0.2499745,0.4999572,0,0.0008001926,-0.003975631,0.5471615,-0.7735197,0.06687173,0.6302344,1,0.75,0,0,-0.4999903,0.2500439,0,0.0006437304,0.00312403,0.4255444,-0.8751606,-0.1944696,0.44303,1,1,0.25,0,-0.4999681,0.5000375,0,-0.0001028181,-0.001716614,0.5602537,-0.7639681,-0.1697406,0.6225279,1,1,0,0,-0.2500044,0.250029,0,-0.003993513,0.002191217,0.410562,-0.8895605,0.07687078,0.4503032,1,0.75,0.25,0,2.729777E-05,0.499985,0,-6.483663E-05,0.0004172327,0.5927477,-0.7412507,0.2928648,0.6039683,1,0.5,0,0,-0.500074,-1.928875E-06,0,-0.004012884,-0.0005086865,0.3450598,-0.958512,-0.2130903,0.1893334,1,1,0.5,0,-6.14345E-05,0.2499382,0,-0.004171072,-0.003547223,0.4625539,-0.8415113,0.3323851,0.425886,1,0.5,0.25,0,0.25,0.5,0,0,0,0.6902101,-0.6805521,0.478907,0.5545239,0,0.25,0,0,-0.250008,-7.825229E-06,0,-0.001867116,-0.002008848,0.3286111,-0.9775394,0.08446903,0.1930847,1,0.75,0.5,0,-0.5000306,-0.2500444,0,-0.002899767,-0.005531313,0.334637,-0.9704818,-0.2156993,-0.1078845,1,1,0.75,0,0.25,0.25,0,0,0,0.5719608,-0.7556247,0.5317358,0.3824767,0,0.25,0.25,0,0.5,0.5,0,0,0,0.8281943,-0.6098505,0.6173795,0.4969153,0,0,0,0,0.5,0.25,0,0,0,0.723356,-0.6621131,0.6702873,0.3351437,0,0,0.25,0,-0.2500058,-0.2499125,0,0.0007957223,0.003614278,0.3179752,-0.9902501,0.08557013,-0.1099209,1,0.75,0.75,0,-0.4999661,-0.5000297,0,0.0004678966,-0.002008677,0.3967207,-0.9032913,-0.2006936,-0.3791924,1,1,1,0,-0.2499997,-0.4999413,0,0.0007353726,0.004240872,0.3812265,-0.9191734,0.07943512,-0.3857593,1,0.75,1,0,-3.806931E-05,2.794495E-05,0,-0.003950106,0.0003290426,0.3854855,-0.9147524,0.3613407,0.1807234,1,0.5,0.5,0,0.25,0,0,0,0,0.5032946,-0.8073401,0.5681282,0.1594746,0,0.25,0.5,0,0.5,0,0,0,0,0.663658,-0.6960808,0.7046744,0.1374974,0,0,0.5,0,-4.42176E-05,-0.2499949,0,-0.001590096,0.0002145768,0.3755403,-0.9251431,0.3654381,-0.1027878,1,0.5,0.75,0,4.221983E-05,-0.4999939,0,0.0006750776,-0.00229329,0.4349454,-0.8663607,0.3423111,-0.3636511,1,0.5,1,0,0.25,-0.25,0,0,0,0.4945351,-0.8144509,0.5731321,-0.09049455,0,0.25,0.75,0,0.5,-0.25,0,0,0,0.6561142,-0.7006228,0.7092724,-0.07784698,0,0,0.75,0,0.25,-0.5,0,0,0,0.5471867,-0.773501,0.5443155,-0.3246794,0,0.25,1,0,0.5,-0.5,0,0,0,0.7017071,-0.6740411,0.6823626,-0.2829309,0,0,1
121,0,-0.2499564,0.5000008,0,0.0009037558,0.002181531,0.5471901,-0.7734985,0.06688717,0.6302589,1,0.75,0,0,-0.4999584,0.25,0,0.001594425,-0.002194942,0.4255188,-0.8751848,-0.1944406,0.4429948,1,1,0.25,0,-0.5000394,0.4999675,0,-0.003567339,-0.003498794,0.5602223,-0.7639908,-0.1698129,0.6224803,1,1,0,0,-0.2499689,0.2499825,0,0.001775474,-0.002321602,0.4105438,-0.8895783,0.07691132,0.4502612,1,0.75,0.25,0,2.728587E-05,0.4999783,0,-5.947188E-07,-0.0003337862,0.5927438,-0.7412534,0.2928658,0.6039643,1,0.5,0,0,-0.4999559,-3.506327E-05,0,0.005906823,-0.00165672,0.3450283,-0.9585477,-0.2129584,0.1893013,1,1,0.5,0,4.167213E-05,0.2499663,0,0.005155334,0.001402945,0.4626001,-0.8414709,0.3324762,0.4258947,1,0.5,0.25,0,0.25,0.5,0,0,0,0.6902101,-0.6805521,0.478907,0.5545239,0,0.25,0,0,-0.2499585,-2.254953E-05,0,0.002476574,-0.0007362154,0.3286124,-0.9775378,0.08452867,0.1930667,1,0.75,0.5,0,-0.5000054,-0.2499863,0,0.001257658,0.002903492,0.3346254,-0.9704953,-0.2156721,-0.1078164,1,1,0.75,0,0.25,0.25,0,0,0,0.5719608,-0.7556247,0.5317358,0.3824767,0,0.25,0.25,0,0.5,0.5,0,0,0,0.8281943,-0.6098505,0.6173795,0.4969153,0,0,0,0,0.5,0.25,0,0,0,0.723356,-0.6621131,0.6702873,0.3351437,0,0,0.25,0,-0.2499828,-0.2499704,0,0.001149625,-0.002891571,0.3179836,-0.9902399,0.08559736,-0.1099904,1,0.75,0.75,0,-0.5000314,-0.5000088,0,-0.003266336,0.001046062,0.3967259,-0.903286,-0.2007653,-0.3791669,1,1,1,0,-0.2500277,-0.5000227,0,-0.001402945,-0.004068018,0.3812557,-0.919143,0.07940065,-0.3858389,1,0.75,1,0,8.77075E-05,-3.091664E-07,0,0.006288843,-0.001412706,0.3855259,-0.9147107,0.3614662,0.1806832,1,0.5,0.5,0,0.25,0,0,0,0,0.5032946,-0.8073401,0.5681282,0.1594746,0,0.25,0.5,0,0.5,0,0,0,0,0.663658,-0.6960808,0.7046744,0.1374974,0,0,0.5,0,2.959444E-05,-0.2499604,0,0.003690604,0.001725555,0.3755637,-0.9251183,0.3655126,-0.1027457,1,0.5,0.75,0,1.319727E-05,-0.5000322,0,-0.001451129,-0.00191778,0.4349494,-0.866357,0.3422786,-0.3636905,1,0.5,1,0,0.25,-0.25,0,0,0,0.4945351,-0.8144509,0.5731321,-0.09049455,0,0.25,0.75,0,0.5,-0.25,0,0,0,0.6561142,-0.7006228,0.7092724,-0.07784698,0,0,0.75,0,0.25,-0.5,0,0,0,0.5471867,-0.773501,0.5443155,-0.3246794,0,0.25,1,0,0.5,-0.5,0,0,0,0.7017071,-0.6740411,0.6823626,-0.2829309,0,0,1
122,0,-0.2500152,0.5000241,0,-0.002940745,0.001165271,0.5472009,-0.7734905,0.06683031,0.6302747,1,0.75,0,0,-0.4999568,0.2500299,0,7.748607E-05,0.001493097,0.4255317,-0.8751726,-0.1944362,0.4430209,1,1,0.25,0,-0.499948,0.4999662,0,0.004571678,-6.556514E-05,0.5602059,-0.7640025,-0.1697293,0.6224887,1,1,0,0,-0.2499872,0.250015,0,-0.0009171668,0.001621247,0.410557,-0.8895653,0.07689005,0.4502903,1,0.75,0.25,0,1.339865E-05,0.5000631,0,-0.0006943613,0.004240872,0.5927908,-0.7412214,0.2928405,0.604016,1,0.5,0,0,-0.4999453,-2.997342E-05,0,0.0005304816,0.0002544925,0.345027,-0.9585492,-0.2129462,0.1893076,1,1,0.5,0,7.063376E-05,0.2500199,0,0.001448082,0.00268072,0.4626326,-0.8414425,0.3324951,0.425936,1,0.5,0.25,0,0.25,0.5,0,0,0,0.6902101,-0.6805521,0.478907,0.5545239,0,0.25,0,0,-0.2499503,-3.718604E-05,0,0.0004105272,-0.0007318255,0.3286103,-0.9775404,0.0845388,0.1930495,1,0.75,0.5,0,-0.4999511,-0.2500364,0,0.002714993,-0.002501161,0.334619,-0.9705027,-0.2156087,-0.1078772,1,1,0.75,0,0.25,0.25,0,0,0,0.5719608,-0.7556247,0.5317358,0.3824767,0,0.25,0.25,0,0.5,0.5,0,0,0,0.8281943,-0.6098505,0.6173795,0.4969153,0,0,0,0,0.5,0.25,0,0,0,0.723356,-0.6621131,0.6702873,0.3351437,0,0,0.25,0,-0.2500012,-0.2499978,0,-0.0009216372,-0.001372398,0.317985,-0.9902382,0.08557468,-0.1100238,1,0.75,0.75,0,-0.4999646,-0.4999952,0,0.003340842,0.0006780031,0.3967073,-0.9033048,-0.2006949,-0.3791596,1,1,1,0,-0.250001,-0.5000413,0,0.001336635,-0.0009298328,0.381265,-0.9191333,0.07943015,-0.3858559,1,0.75,1,0,7.074929E-05,-3.869195E-05,0,-0.000847911,-0.00191914,0.3855128,-0.9147242,0.3614524,0.1806426,1,0.5,0.5,0,0.25,0,0,0,0,0.5032946,-0.8073401,0.5681282,0.1594746,0,0.25,0.5,0,0.5,0,0,0,0,0.663658,-0.6960808,0.7046744,0.1374974,0,0,0.5,0,-3.92328E-05,-0.2499947,0,-0.003441363,-0.00171736,0.3755421,-0.9251411,0.3654431,-0.1027874,1,0.5,0.75,0,2.148419E-05,-0.4999782,0,0.0004143461,0.002703072,0.4349326,-0.8663726,0.3422936,-0.3636393,1,0.5,1,0,0.25,-0.25,0,0,0,0.4945351,-0.8144509,0.5731321,-0.09049455,0,0.25,0.75,0,0.5,-0.25,0,0,0,0.6561142,-0.7006228,0.7092724,-0.07784698,0,0,0.75,0,0.25,-0.5,0,0,0,0.5471867,-0.773501,0.5443155,-0.3246794,0,0.25,1,0,0.5,-0.5,0,0,0,0.7017071,-0.6740411,0.6823626,-0.2829309,0,0,1
123,0,-0.2499864,0.5000265,0,0.001441688,0.0001162291,0.5472043,-0.773488,0.06685764,0.6302748,1,0.75,0,0,-0.4999655,0.2500421,0,-0.0004321338,0.0006079676,0.4255388,-0.8751659,-0.194444,0.4430307,1,1,0.25,0,-0.4999386,0.4999726,0,0.0004678966,0.000318885,0.5602083,-0.7640008,-0.1697201,0.6224933,1,1,0,0,-0.2500161,0.2499966,0,-0.001442433,-0.000919402,0.4105465,-0.8895757,0.07685926,0.4502753,1,0.75,0.25,0,3.77096E-05,0.4999944,0,0.001215548,-0.003437699,0.5927565,-0.7412447,0.2928719,0.603972,1,0.5,0,0,-0.499889,-1.213925E-05,0,0.00281334,0.0008917091,0.3450184,-0.958559,-0.2128818,0.1893306,1,1,0.5,0,3.739532E-05,0.2500405,0,-0.001661923,0.001029671,0.4626303,-0.8414445,0.3324614,0.4259584,1,0.5,0.25,0,0.25,0.5,0,0,0,0.6902101,-0.6805521,0.478907,0.5545239,0,0.25,0,0,-0.2499782,-5.155939E-05,0,-0.00139773,-0.0007186681,0.3286052,-0.9775464,0.08450558,0.1930334,1,0.75,0.5,0,-0.4999796,-0.2500127,0,-0.001426042,0.001184643,0.3346226,-0.9704985,-0.2156419,-0.1078483,1,1,0.75,0,0.25,0.25,0,0,0,0.5719608,-0.7556247,0.5317358,0.3824767,0,0.25,0.25,0,0.5,0.5,0,0,0,0.8281943,-0.6098505,0.6173795,0.4969153,0,0,0,0,0.5,0.25,0,0,0,0.723356,-0.6621131,0.6702873,0.3351437,0,0,0.25,0,-0.2499991,-0.2499998,0,0.0001065433,-0.0001013279,0.3179854,-0.9902377,0.08557723,-0.1100262,1,0.75,0.75,0,-0.4999922,-0.4999713,0,-0.001378358,0.001193583,0.3967038,-0.9033083,-0.2007264,-0.3791345,1,1,1,0,-0.2500411,-0.5000138,0,-0.002007187,0.001376868,0.3812512,-0.9191477,0.07938584,-0.3858307,1,0.75,1,0,6.470025E-05,-1.581433E-05,0,-0.0003024519,0.001143881,0.3855147,-0.9147222,0.3614448,0.180668,1,0.5,0.5,0,0.25,0,0,0,0,0.5032946,-0.8073401,0.5681282,0.1594746,0,0.25,0.5,0,0.5,0,0,0,0,0.663658,-0.6960808,0.7046744,0.1374974,0,0,0.5,0,-1.490145E-05,-0.2500214,0,0.001216568,-0.0013344,0.3755537,-0.9251288,0.365466,-0.1028165,1,0.5,0.75,0,1.047712E-05,-0.4999803,0,-0.0005503536,-0.0001043082,0.4349295,-0.8663754,0.342283,-0.3636427,1,0.5,1,0,0.25,-0.25,0,0,0,0.4945351,-0.8144509,0.5731321,-0.09049455,0,0.25,0.75,0,0.5,-0.25,0,0,0,0.6561142,-0.7006228,0.7092724,-0.07784698,0,0,0.75,0,0.25,-0.5,0,0,0,0.5471867,-0.773501,0.5443155,-0.3246794,0,0.25,1,0,0.5,-0.5,0,0,0,0.7017071,-0.6740411,0.6823626,-0.2829309,0,0,1
124,0,-0.2499744,0.500008,0,0.0006012621,-0.0009208921,0.5471935,-0.773496,0.0668698,0.6302637,1,0.75,0,0,-0.4999308,0.2499934,0,0.001734496,-0.002434851,0.4255105,-0.8751927,-0.1944125,0.4429916,1,1,0.25,0,-0.4999677,0.5000042,0,-0.001452864,0.001582504,0.560233,-0.763983,-0.1697435,0.6225087,1,1,0,0,-0.2499738,0.2499922,0,0.002115221,-0.0002183021,0.4105478,-0.8895744,0.07690561,0.4502698,1,0.75,0.25,0,4.135272E-05,0.4999494,0,0.000182156,-0.002248586,0.5927304,-0.7412624,0.2928823,0.6039453,1,0.5,0,0,-0.4999546,1.312919E-05,0,-0.003279747,0.001263422,0.3450372,-0.9585376,-0.2129547,0.1893563,1,1,0.5,0,5.940129E-05,0.2500026,0,0.001100299,-0.001893938,0.4626215,-0.8414522,0.3324873,0.425923,1,0.5,0.25,0,0.25,0.5,0,0,0,0.6902101,-0.6805521,0.478907,0.5545239,0,0.25,0,0,-0.2499358,-1.512952E-05,0,0.002119691,0.001821494,0.3286158,-0.9775339,0.08455566,0.1930749,1,0.75,0.5,0,-0.499947,-0.2499709,0,0.001633168,0.002086163,0.3346111,-0.9705119,-0.2156058,-0.1077998,1,1,0.75,0,0.25,0.25,0,0,0,0.5719608,-0.7556247,0.5317358,0.3824767,0,0.25,0.25,0,0.5,0.5,0,0,0,0.8281943,-0.6098505,0.6173795,0.4969153,0,0,0,0,0.5,0.25,0,0,0,0.723356,-0.6621131,0.6702873,0.3351437,0,0,0.25,0,-0.2498897,-0.2499336,0,0.005467238,0.00331402,0.3179874,-0.9902353,0.0857107,-0.1099449,1,0.75,0.75,0,-0.4999865,-0.5000236,0,0.0002831222,-0.002613665,0.3967225,-0.9032895,-0.2007159,-0.3791849,1,1,1,0,-0.2499995,-0.499991,0,0.002080948,0.001138449,0.3812457,-0.9191535,0.07943356,-0.3858073,1,0.75,1,0,8.101275E-05,-1.320796E-05,0,0.000815625,0.0001303187,0.3855211,-0.9147156,0.3614606,0.1806697,1,0.5,0.5,0,0.25,0,0,0,0,0.5032946,-0.8073401,0.5681282,0.1594746,0,0.25,0.5,0,0.5,0,0,0,0,0.663658,-0.6960808,0.7046744,0.1374974,0,0,0.5,0,-2.934957E-05,-0.2500479,0,-0.0007224067,-0.001324714,0.3755512,-0.9251316,0.3654505,-0.1028471,1,0.5,0.75,0,-5.263825E-05,-0.5000356,0,-0.00315577,-0.002765657,0.4349281,-0.8663768,0.342216,-0.3637024,1,0.5,1,0,0.25,-0.25,0,0,0,0.4945351,-0.8144509,0.5731321,-0.09049455,0,0.25,0.75,0,0.5,-0.25,0,0,0,0.6561142,-0.7006228,0.7092724,-0.07784698,0,0,0.75,0,0.25,-0.5,0,0,0,0.5471867,-0.773501,0.5443155,-0.3246794,0,0.25,1,0,0.5,-0.5,0,0,0,0.7017071,-0.6740411,0.6823626,-0.2829309,0,0,1
125,0,-0.2500156,0.5000531,0,-0.002062321,0.002253057,0.5472192,-0.7734771,0.06682878,0.6302913,1,0.75,0,0,-0.4999979,0.2499827,0,-0.003355743,-0.0005342069,0.4255188,-0.8751848,-0.1944833,0.4429761,1,1,0.25,0,-0.4999745,0.5000308,0,-0.0003397466,0.001326204,0.5602506,-0.7639703,-0.1697471,0.6225233,1,1,0,0,-0.2500307,0.2499862,0,-0.002848358,-0.0002980233,0.4105408,-0.8895813,0.07684364,0.4502668,1,0.75,0.25,0,6.009643E-06,0.4999622,0,-0.001767154,0.00063926,0.5927278,-0.7412642,0.2928506,0.6039584,1,0.5,0,0,-0.4999231,2.580938E-05,0,0.001573563,0.00063401,0.3450329,-0.9585426,-0.2129185,0.1893723,1,1,0.5,0,1.113932E-05,0.2499347,0,-0.002413099,-0.003395231,0.4625765,-0.8414916,0.3324527,0.4258723,1,0.5,0.25,0,0.25,0.5,0,0,0,0.6902101,-0.6805521,0.478907,0.5545239,0,0.25,0,0,-0.2499402,2.132854E-05,0,-0.0002197922,0.001822904,0.3286225,-0.977526,0.08454968,0.1931173,1,0.75,0.5,0,-0.4999304,-0.2500285,0,0.0008285049,-0.002875925,0.3346137,-0.9705088,-0.2155853,-0.1078684,1,1,0.75,0,0.25,0.25,0,0,0,0.5719608,-0.7556247,0.5317358,0.3824767,0,0.25,0.25,0,0.5,0.5,0,0,0,0.8281943,-0.6098505,0.6173795,0.4969153,0,0,0,0,0.5,0.25,0,0,0,0.723356,-0.6621131,0.6702873,0.3351437,0,0,0.25,0,-0.2499066,-0.2499313,0,-0.000842661,0.0001117588,0.3179858,-0.9902373,0.08569027,-0.1099424,1,0.75,0.75,0,-0.499958,-0.5000401,0,0.001423061,-0.0008255247,0.396723,-0.903289,-0.2006841,-0.3792031,1,1,1,0,-0.2500247,-0.4999886,0,-0.001259894,0.0001206995,0.3812428,-0.9191565,0.07940523,-0.3858058,1,0.75,1,0,1.763097E-05,1.983852E-05,0,-0.00316909,0.001652324,0.3855042,-0.9147331,0.361396,0.1807104,1,0.5,0.5,0,0.25,0,0,0,0,0.5032946,-0.8073401,0.5681282,0.1594746,0,0.25,0.5,0,0.5,0,0,0,0,0.663658,-0.6960808,0.7046744,0.1374974,0,0,0.5,0,-1.805732E-05,-0.2500255,0,0.0005646131,0.001120568,0.375553,-0.9251296,0.3654627,-0.1028213,1,0.5,0.75,0,9.941545E-06,-0.5000445,0,0.003128991,-0.0004440548,0.4349527,-0.8663539,0.3422739,-0.3637023,1,0.5,1,0,0.25,-0.25,0,0,0,0.4945351,-0.8144509,0.5731321,-0.09049455,0,0.25,0.75,0,0.5,-0.25,0,0,0,0.6561142,-0.7006228,0.7092724,-0.07784698,0,0,0.75,0,0.25,-0.5,0,0,0,0.5471867,-0.773501,0.5443155,-0.3246794,0,0.25,1,0,0.5,-0.5,0,0,0,0.7017071,-0.6740411,0.6823626,-0.2829309,0,0,1
126,0,-0.2500239,0.5000139,0,-0.0004127623,-0.001960994,0.5471939,-0.7734957,0.06682251,0.6302691,1,0.75,0,0,-0.5000085,0.2500048,0,-0.0005275013,0.001107902,0.4255307,-0.8751736,-0.1944922,0.4429943,1,1,0.25,0,-0.500031,0.5000319,0,-0.002826751,5.662443E-05,0.560261,-0.7639628,-0.1697988,0.6225183,1,1,0,0,-0.2500323,0.2500258,0,-7.897618E-05,0.00197664,0.4105584,-0.889564,0.07684042,0.4503015,1,0.75,0.25,0,2.019454E-05,0.4999675,0,0.0007092452,0.0002667309,0.5927352,-0.7412592,0.2928616,0.6039593,1,0.5,0,0,-0.5000015,-2.260939E-05,0,-0.003920497,-0.00242094,0.3450404,-0.958534,-0.2130094,0.1893133,1,1,0.5,0,-7.792014E-06,0.2499565,0,-0.000946567,0.00109002,0.4625795,-0.8414889,0.332432,0.4258936,1,0.5,0.25,0,0.25,0.5,0,0,0,0.6902101,-0.6805521,0.478907,0.5545239,0,0.25,0,0,-0.2499659,7.080384E-06,0,-0.0012815,-0.0007124081,0.3286176,-0.9775318,0.08451924,0.1931012,1,0.75,0.5,0,-0.4999872,-0.2499855,0,-0.002841653,0.002148003,0.3346214,-0.9704999,-0.2156514,-0.107816,1,1,0.75,0,0.25,0.25,0,0,0,0.5719608,-0.7556247,0.5317358,0.3824767,0,0.25,0.25,0,0.5,0.5,0,0,0,0.8281943,-0.6098505,0.6173795,0.4969153,0,0,0,0,0.5,0.25,0,0,0,0.723356,-0.6621131,0.6702873,0.3351437,0,0,0.25,0,-0.2499351,-0.2500157,0,-0.001427532,-0.004220756,0.3179926,-0.990229,0.08565465,-0.1100447,1,0.75,0.75,0,-0.5000657,-0.4999956,0,-0.005385282,0.002227725,0.3967277,-0.9032842,-0.2008031,-0.3791514,1,1,1,0,-0.2499967,-0.4999619,0,0.001399965,0.001335145,0.3812346,-0.919165,0.07943774,-0.3857791,1,0.75,1,0,2.610084E-05,2.485105E-05,0,0.000423494,0.0002506269,0.3855081,-0.9147291,0.3614039,0.1807153,1,0.5,0.5,0,0.25,0,0,0,0,0.5032946,-0.8073401,0.5681282,0.1594746,0,0.25,0.5,0,0.5,0,0,0,0,0.663658,-0.6960808,0.7046744,0.1374974,0,0,0.5,0,-3.453276E-05,-0.2500131,0,-0.0008237727,0.0006198885,0.3755457,-0.9251373,0.3654469,-0.102808,1,0.5,0.75,0,1.300841E-05,-0.4999664,0,0.0001533434,0.003905596,0.4349254,-0.8663793,0.3422872,-0.3636294,1,0.5,1,0,0.25,-0.25,0,0,0,0.4945351,-0.8144509,0.5731321,-0.09049455,0,0.25,0.75,0,0.5,-0.25,0,0,0,0.6561142,-0.7006228,0.7092724,-0.07784698,0,0,0.75,0,0.25,-0.5,0,0,0,0.5471867,-0.773501,0.5443155,-0.3246794,0,0.25,1,0,0.5,-0.5,0,0,0,0.7017071,-0.6740411,0.6823626,-0.2829309,0,0,1
127,0,-0.2500299,0.500033,0,-0.0003010036,0.0009566549,0.5472054,-0.7734872,0.06681602,0.6302803,1,0.75,0,0,-0.4999808,0.250027,0,0.001384318,0.001108647,0.4255351,-0.8751694,-0.1944613,0.4430162,1,1,0.25,0,-0.5000343,0.4999668,0,-0.0001639128,-0.003252925,0.560221,-0.7639917,-0.1698083,0.6224805,1,1,0,0,-0.2500395,0.25006,0,-0.0003620984,0.001712144,0.4105732,-0.8895496,0.07683121,0.4503317,1,0.75,0.25,0,-1.953803E-05,0.5000032,0,-0.001986629,0.00178218,0.5927451,-0.7412525,0.2928226,0.6039864,1,0.5,0,0,-0.5000061,-1.524103E-05,0,-0.000229478,0.0003684183,0.3450428,-0.9585313,-0.2130142,0.1893215,1,1,0.5,0,-2.008226E-05,0.2500041,0,-0.0006145126,0.002381206,0.4625957,-0.8414748,0.3324136,0.425936,1,0.5,0.25,0,0.25,0.5,0,0,0,0.6902101,-0.6805521,0.478907,0.5545239,0,0.25,0,0,-0.2499753,5.23245E-06,0,-0.0004701318,-9.239669E-05,0.3286164,-0.9775332,0.08450802,0.1930993,1,0.75,0.5,0,-0.5000042,-0.2499388,0,-0.0008463863,0.002334268,0.33462,-0.9705015,-0.215672,-0.1077602,1,1,0.75,0,0.25,0.25,0,0,0,0.5719608,-0.7556247,0.5317358,0.3824767,0,0.25,0.25,0,0.5,0.5,0,0,0,0.8281943,-0.6098505,0.6173795,0.4969153,0,0,0,0,0.5,0.25,0,0,0,0.723356,-0.6621131,0.6702873,0.3351437,0,0,0.25,0,-0.2500034,-0.2499961,0,-0.003415348,0.0009804968,0.3179846,-0.9902387,0.08557198,-0.1100218,1,0.75,0.75,0,-0.5000358,-0.4999229,0,0.001496077,0.003632904,0.3966942,-0.903318,-0.2007773,-0.3790846,1,1,1,0,-0.2499691,-0.4999972,0,0.001382828,-0.001765788,0.3812505,-0.9191484,0.07946769,-0.3858122,1,0.75,1,0,-3.528312E-05,-1.58581E-05,0,-0.003069199,-0.002035459,0.3854786,-0.9147595,0.3613466,0.1806753,1,0.5,0.5,0,0.25,0,0,0,0,0.5032946,-0.8073401,0.5681282,0.1594746,0,0.25,0.5,0,0.5,0,0,0,0,0.663658,-0.6960808,0.7046744,0.1374974,0,0,0.5,0,-3.470211E-05,-0.2500183,0,-8.467217E-06,-0.0002607704,0.3755462,-0.9251369,0.3654465,-0.1028139,1,0.5,0.75,0,2.420213E-05,-0.5000104,0,0.0005596864,-0.002203883,0.4349452,-0.8663609,0.3422919,-0.3636688,1,0.5,1,0,0.25,-0.25,0,0,0,0.4945351,-0.8144509,0.5731321,-0.09049455,0,0.25,0.75,0,0.5,-0.25,0,0,0,0.6561142,-0.7006228,0.7092724,-0.07784698,0,0,0.75,0,0.25,-0.5,0,0,0,0.5471867,-0.773501,0.5443155,-0.3246794,0,0.25,1,0,0.5,-0.5,0,0,0,0.7017071,-0.6740411,0.6823626,-0.2829309,0,0,1
128,0,-0.25001,0.5000314,0,0.0009939078,-8.04663E-05,0.5472058,-0.7734869,0.06683498,0.6302786,1,0.75,0,0,-0.4999511,0.2500796,0,0.001485646,0.002630056,0.4255526,-0.8751528,-0.1944256,0.4430646,1,1,0.25,0,-0.5000095,0.5000135,0,0.001236797,0.002332033,0.5602458,-0.7639738,-0.169781,0.6225098,1,1,0,0,-0.2499828,0.2500304,0,0.002836437,-0.001481176,0.4105643,-0.8895583,0.07689427,0.4503036,1,0.75,0.25,0,4.03231E-05,0.5000075,0,0.002993058,0.0002145768,0.5927651,-0.7412389,0.292872,0.6039793,1,0.5,0,0,-0.4999652,3.523769E-05,0,0.00204742,0.002523937,0.3450437,-0.9585304,-0.2129656,0.189381,1,1,0.5,0,4.927393E-05,0.2500183,0,0.003467811,0.0007092956,0.4626248,-0.8414493,0.3324756,0.4259378,1,0.5,0.25,0,0.25,0.5,0,0,0,0.6902101,-0.6805521,0.478907,0.5545239,0,0.25,0,0,-0.2499939,1.060098E-05,0,-0.000932813,0.0002684267,0.3286158,-0.9775338,0.08448556,0.1931059,1,0.75,0.5,0,-0.4999669,-0.2500092,0,0.001861156,-0.003518166,0.3346195,-0.9705021,-0.2156275,-0.1078446,1,1,0.75,0,0.25,0.25,0,0,0,0.5719608,-0.7556247,0.5317358,0.3824767,0,0.25,0.25,0,0.5,0.5,0,0,0,0.8281943,-0.6098505,0.6173795,0.4969153,0,0,0,0,0.5,0.25,0,0,0,0.723356,-0.6621131,0.6702873,0.3351437,0,0,0.25,0,-0.2499347,-0.2499514,0,0.003436954,0.00223443,0.3179856,-0.9902375,0.08565591,-0.109967,1,0.75,0.75,0,-0.4999112,-0.5000483,0,0.006233158,-0.006271901,0.3967167,-0.9032953,-0.2006332,-0.3792149,1,1,1,0,-0.2499325,-0.4999815,0,0.001828373,0.0007838014,0.3812473,-0.9191517,0.07950947,-0.3857958,1,0.75,1,0,2.590572E-05,6.299937E-05,0,0.003059443,0.003942875,0.385515,-0.914722,0.3614009,0.180757,1,0.5,0.5,0,0.25,0,0,0,0,0.5032946,-0.8073401,0.5681282,0.1594746,0,0.25,0.5,0,0.5,0,0,0,0,0.663658,-0.6960808,0.7046744,0.1374974,0,0,0.5,0,-2.613076E-05,-0.2499624,0,0.0004285676,0.002794714,0.3755435,-0.9251396,0.3654574,-0.1027504,1,0.5,0.75,0,8.499165E-05,-0.4999549,0,0.003039477,0.002777578,0.4349458,-0.8663604,0.3423567,-0.3636092,1,0.5,1,0,0.25,-0.25,0,0,0,0.4945351,-0.8144509,0.5731321,-0.09049455,0,0.25,0.75,0,0.5,-0.25,0,0,0,0.6561142,-0.7006228,0.7092724,-0.07784698,0,0,0.75,0,0.25,-0.5,0,0,0,0.5471867,-0.773501,0.5443155,-0.3246794,0,0.25,1,0,0.5,-0.5,0,0,0,0.7017071,-0.6740411,0.6823626,-0.2829309,0,0,1
129,0,-0.2499179,0.5000306,0,0.004605206,-4.172327E-05,0.5472115,-0.7734827,0.06692257,0.6302744,1,0.75,0,0,-0.4999534,0.2500672,0,-0.0001162291,-0.0006183984,0.4255476,-0.8751576,-0.1944291,0.4430536,1,1,0.25,0,-0.4999087,0.5000925,0,0.005042555,0.003951789,0.5602779,-0.7639506,-0.1696807,0.6225655,1,1,0,0,-0.2499853,0.2499932,0,-0.0001236797,-0.001861901,0.4105473,-0.8895749,0.07689299,0.4502711,1,0.75,0.25,0,0.0001017784,0.4999673,0,0.003072768,-0.002007187,0.5927589,-0.7412431,0.2929299,0.603946,1,0.5,0,0,-0.499944,3.32334E-05,0,0.001060963,-0.0001002147,0.3450387,-0.958536,-0.2129417,0.1893798,1,1,0.5,0,5.071597E-05,0.2499895,0,7.210168E-05,-0.001442433,0.462613,-0.8414596,0.3324812,0.4259131,1,0.5,0.25,0,0.25,0.5,0,0,0,0.6902101,-0.6805521,0.478907,0.5545239,0,0.25,0,0,-0.2499706,4.633478E-05,0,0.001166761,0.00178669,0.3286247,-0.9775233,0.08451281,0.1931469,1,0.75,0.5,0,-0.4999401,-0.2499553,0,0.001341105,0.002696366,0.334608,-0.9705155,-0.2155984,-0.1077814,1,1,0.75,0,0.25,0.25,0,0,0,0.5719608,-0.7556247,0.5317358,0.3824767,0,0.25,0.25,0,0.5,0.5,0,0,0,0.8281943,-0.6098505,0.6173795,0.4969153,0,0,0,0,0.5,0.25,0,0,0,0.723356,-0.6621131,0.6702873,0.3351437,0,0,0.25,0,-0.2499928,-0.2499859,0,-0.002904983,-0.001724065,0.3179844,-0.9902389,0.08558501,-0.1100093,1,0.75,0.75,0,-0.5000826,-0.499998,0,-0.008572642,0.002515317,0.3967321,-0.9032798,-0.200821,-0.3791523,1,1,1,0,-0.2500221,-0.5000193,0,-0.004481526,-0.001889468,0.3812548,-0.9191439,0.07940709,-0.3858354,1,0.75,1,0,8.42782E-05,1.448467E-05,0,0.002918625,-0.002425736,0.3855273,-0.9147092,0.3614618,0.1806997,1,0.5,0.5,0,0.25,0,0,0,0,0.5032946,-0.8073401,0.5681282,0.1594746,0,0.25,0.5,0,0.5,0,0,0,0,0.663658,-0.6960808,0.7046744,0.1374974,0,0,0.5,0,6.077675E-05,-0.2500239,0,0.004345377,-0.003076346,0.3755816,-0.9250994,0.3655407,-0.1028162,1,0.5,0.75,0,2.493764E-06,-0.4999355,0,-0.004124896,0.000970066,0.4349105,-0.8663931,0.3422814,-0.3636022,1,0.5,1,0,0.25,-0.25,0,0,0,0.4945351,-0.8144509,0.5731321,-0.09049455,0,0.25,0.75,0,0.5,-0.25,0,0,0,0.6561142,-0.7006228,0.7092724,-0.07784698,0,0,0.75,0,0.25,-0.5,0,0,0,0.5471867,-0.773501,0.5443155,-0.3246794,0,0.25,1,0,0.5,-0.5,0,0,0,0.7017071,-0.6740411,0.6823626,-0.2829309,0,0,1
130,0,-0.2499735,0.4999748,0,-0.002779813,-0.002789499,0.5471727,-0.7735114,0.06687196,0.6302445,1,0.75,0,0,-0.4999748,0.2500385,0,-0.001068414,-0.001437963,0.425539,-0.8751657,-0.194454,0.4430267,1,1,0.25,0,-0.4999385,0.5000135,0,-0.001488627,-0.003948809,0.5602338,-0.7639824,-0.1697158,0.622517,1,1,0,0,-0.2499982,0.2500169,0,-0.0006474557,0.001185388,0.410557,-0.8895653,0.07687794,0.4502923,1,0.75,0.25,0,4.963493E-05,0.5000226,0,-0.002607176,0.002767147,0.592777,-0.7412308,0.2928773,0.6039866,1,0.5,0,0,-0.4999797,-3.187819E-06,0,-0.00178516,-0.001821062,0.3450394,-0.9585351,-0.2129838,0.1893365,1,1,0.5,0,4.566111E-05,0.2500297,0,-0.0002527428,0.002010167,0.4626285,-0.8414461,0.3324706,0.425948,1,0.5,0.25,0,0.25,0.5,0,0,0,0.6902101,-0.6805521,0.478907,0.5545239,0,0.25,0,0,-0.2500189,-9.585408E-06,0,-0.002415479,-0.00279601,0.3286099,-0.9775409,0.08445603,0.1930829,1,0.75,0.5,0,-0.4999851,-0.24997,0,-0.002248586,-0.0007361177,0.3346192,-0.9705024,-0.2156494,-0.1077976,1,1,0.75,0,0.25,0.25,0,0,0,0.5719608,-0.7556247,0.5317358,0.3824767,0,0.25,0.25,0,0.5,0.5,0,0,0,0.8281943,-0.6098505,0.6173795,0.4969153,0,0,0,0,0.5,0.25,0,0,0,0.723356,-0.6621131,0.6702873,0.3351437,0,0,0.25,0,-0.2499267,-0.2499775,0,0.003304334,0.000421703,0.3179891,-0.9902332,0.08566531,-0.1099984,1,0.75,0.75,0,-0.5000172,-0.4999732,0,0.003269316,0.001239777,0.3967096,-0.9033025,-0.2007531,-0.3791342,1,1,1,0,-0.2500194,-0.5000366,0,0.0001341105,-0.0008642677,0.3812617,-0.9191367,0.07940951,-0.385852,1,0.75,1,0,1.836189E-05,4.98847E-05,0,-0.003295816,0.001770003,0.3855098,-0.9147273,0.3613945,0.1807432,1,0.5,0.5,0,0.25,0,0,0,0,0.5032946,-0.8073401,0.5681282,0.1594746,0,0.25,0.5,0,0.5,0,0,0,0,0.663658,-0.6960808,0.7046744,0.1374974,0,0,0.5,0,5.721004E-05,-0.2499785,0,-0.000178336,0.002269448,0.3755757,-0.9251057,0.3655392,-0.102765,1,0.5,0.75,0,-1.157609E-05,-0.4999471,0,-0.000703493,-0.0005796554,0.4349099,-0.8663936,0.3422666,-0.3636148,1,0.5,1,0,0.25,-0.25,0,0,0,0.4945351,-0.8144509,0.5731321,-0.09049455,0,0.25,0.75,0,0.5,-0.25,0,0,0,0.6561142,-0.7006228,0.7092724,-0.07784698,0,0,0.75,0,0.25,-0.5,0,0,0,0.5471867,-0.773501,0.5443155,-0.3246794,0,0.25,1,0,0.5,-0.5,0,0,0,0.7017071,-0.6740411,0.6823626,-0.2829309,0,0,1
131,0,-0.2500398,0.4999597,0,-0.00331253,-0.0007525089,0.5471587,-0.7735217,0.06680958,0.6302385,1,0.75,0,0,-0.4999758,0.2499972,0,-5.36442E-05,-0.002066047,0.4255209,-0.8751828,-0.194459,0.4429907,1,1,0.25,0,-0.499953,0.4999674,0,-0.0007256868,-0.002305211,0.5602076,-0.7640013,-0.1697337,0.6224889,1,1,0,0,-0.2499531,0.2499771,0,0.002256782,-0.001989306,0.4105425,-0.8895795,0.07692873,0.4502558,1,0.75,0.25,0,1.303439E-05,0.5000038,0,-0.001830028,-0.0009417537,0.592755,-0.7412458,0.2928497,0.6039815,1,0.5,0,0,-0.4999503,-5.432774E-06,0,0.001469255,-0.0001122478,0.3450328,-0.9585427,-0.2129507,0.1893353,1,1,0.5,0,6.30931E-05,0.2500447,0,0.0008715995,0.0007510188,0.4626406,-0.8414355,0.3324845,0.4259582,1,0.5,0.25,0,0.25,0.5,0,0,0,0.6902101,-0.6805521,0.478907,0.5545239,0,0.25,0,0,-0.249993,-2.739694E-05,0,0.001292676,-0.0008905769,0.3286086,-0.9775424,0.08448736,0.1930617,1,0.75,0.5,0,-0.499927,-0.2499885,0,0.002905728,-0.0009238723,0.3346087,-0.9705147,-0.2155825,-0.1078211,1,1,0.75,0,0.25,0.25,0,0,0,0.5719608,-0.7556247,0.5317358,0.3824767,0,0.25,0.25,0,0.5,0.5,0,0,0,0.8281943,-0.6098505,0.6173795,0.4969153,0,0,0,0,0.5,0.25,0,0,0,0.723356,-0.6621131,0.6702873,0.3351437,0,0,0.25,0,-0.2499534,-0.2499909,0,-0.001335145,-0.0006720427,0.3179883,-0.9902342,0.08563275,-0.1100149,1,0.75,0.75,0,-0.4999366,-0.5000424,0,0.004032256,-0.003457071,0.3967196,-0.9032924,-0.2006609,-0.379207,1,1,1,0,-0.2499876,-0.5000473,0,0.001591445,-0.0005334618,0.3812683,-0.9191298,0.07944503,-0.3858612,1,0.75,1,0,3.630852E-05,3.422176E-06,0,0.0008973317,-0.002323127,0.3855079,-0.9147292,0.3614155,0.1806911,1,0.5,0.5,0,0.25,0,0,0,0,0.5032946,-0.8073401,0.5681282,0.1594746,0,0.25,0.5,0,0.5,0,0,0,0,0.663658,-0.6960808,0.7046744,0.1374974,0,0,0.5,0,-4.335086E-05,-0.2499766,0,-0.005028047,9.83477E-05,0.3755387,-0.9251447,0.3654397,-0.1027671,1,0.5,0.75,0,6.0349E-05,-0.5000379,0,0.003596256,-0.004541876,0.4349676,-0.8663402,0.3423224,-0.3636895,1,0.5,1,0,0.25,-0.25,0,0,0,0.4945351,-0.8144509,0.5731321,-0.09049455,0,0.25,0.75,0,0.5,-0.25,0,0,0,0.6561142,-0.7006228,0.7092724,-0.07784698,0,0,0.75,0,0.25,-0.5,0,0,0,0.5471867,-0.773501,0.5443155,-0.3246794,0,0.25,1,0,0.5,-0.5,0,0,0,0.7017071,-0.6740411,0.6823626,-0.2829309,0,0,1
132,0,-0.2499974,0.4999942,0,0.002118946,0.001722575,0.5471833,-0.7735035,0.06684849,0.6302566,1,0.75,0,0,-0.4999751,0.2500169,0,3.725292E-05,0.0009872023,0.4255295,-0.8751746,-0.1944563,0.4430079,1,1,0.25,0,-0.4999827,0.5000154,0,-0.001485646,0.002397598,0.5602424,-0.7639762,-0.1697562,0.6225136,1,1,0,0,-0.2499909,0.2499985,0,-0.001889468,0.001072884,0.4105493,-0.8895729,0.07688666,0.450276,1,0.75,0.25,0,3.962695E-05,0.4999293,0,0.001329629,-0.003723802,0.5927178,-0.741271,0.2928841,0.6039339,1,0.5,0,0,-0.4999891,1.769865E-05,0,-0.001938642,0.001156572,0.3450454,-0.9585284,-0.2129934,0.1893599,1,1,0.5,0,-1.14421E-07,0.2498989,0,-0.003160377,-0.007290396,0.4625576,-0.8415082,0.3324475,0.4258435,1,0.5,0.25,0,0.25,0.5,0,0,0,0.6902101,-0.6805521,0.478907,0.5545239,0,0.25,0,0,-0.2500262,-4.270718E-05,0,-0.001659245,-0.0007655125,0.3286029,-0.9775491,0.0844479,0.1930446,1,0.75,0.5,0,-0.4999585,-0.2500212,0,-0.001578034,-0.001639873,0.334619,-0.9705027,-0.2156176,-0.1078591,1,1,0.75,0,0.25,0.25,0,0,0,0.5719608,-0.7556247,0.5317358,0.3824767,0,0.25,0.25,0,0.5,0.5,0,0,0,0.8281943,-0.6098505,0.6173795,0.4969153,0,0,0,0,0.5,0.25,0,0,0,0.723356,-0.6621131,0.6702873,0.3351437,0,0,0.25,0,-0.2499803,-0.2499864,0,-0.001344085,0.0002250076,0.3179855,-0.9902375,0.08560017,-0.1100098,1,0.75,0.75,0,-0.5000116,-0.50004,0,-0.003749134,0.0001192093,0.3967337,-0.9032782,-0.2007414,-0.3791984,1,1,1,0,-0.2500459,-0.5000156,0,-0.002913178,0.001582504,0.3812515,-0.9191474,0.07938043,-0.3858327,1,0.75,1,0,8.188211E-06,1.043879E-05,0,-0.001406016,0.0003508306,0.3854991,-0.9147384,0.3613874,0.1807009,1,0.5,0.5,0,0.25,0,0,0,0,0.5032946,-0.8073401,0.5681282,0.1594746,0,0.25,0.5,0,0.5,0,0,0,0,0.663658,-0.6960808,0.7046744,0.1374974,0,0,0.5,0,-2.023121E-06,-0.2500302,0,0.002066388,-0.0026837,0.3755593,-0.9251229,0.3654783,-0.102826,1,0.5,0.75,0,-2.595172E-05,-0.4999728,0,-0.004315038,0.003254415,0.4349144,-0.8663895,0.3422495,-0.3636406,1,0.5,1,0,0.25,-0.25,0,0,0,0.4945351,-0.8144509,0.5731321,-0.09049455,0,0.25,0.75,0,0.5,-0.25,0,0,0,0.6561142,-0.7006228,0.7092724,-0.07784698,0,0,0.75,0,0.25,-0.5,0,0,0,0.5471867,-0.773501,0.5443155,-0.3246794,0,0.25,1,0,0.5,-0.5,0,0,0,0.7017071,-0.6740411,0.6823626,-0.2829309,0,0,1
133,0,-0.2499765,0.499993,0,0.001046062,-5.811455E-05,0.5471839,-0.7735031,0.06686842,0.6302552,1,0.75,0,0,-0.5000212,0.2500241,0,-0.002306701,0.000357628,0.4255416,-0.8751632,-0.1945037,0.4430098,1,1,0.25,0,-0.4999754,0.5000135,0,0.0003620984,-9.238724E-05,0.5602401,-0.7639779,-0.1697497,0.6225132,1,1,0,0,-0.2499674,0.2499932,0,0.001174957,-0.0002644957,0.4105487,-0.8895735,0.07691251,0.4502705,1,0.75,0.25,0,7.366073E-05,0.4999977,0,0.001701689,0.003419818,0.592769,-0.7412362,0.2929015,0.6039681,1,0.5,0,0,-0.5000002,-1.358187E-05,0,-0.0005558135,-0.001564026,0.3450419,-0.9585324,-0.2130074,0.1893237,1,1,0.5,0,-8.71674E-06,0.2499884,0,-0.0004301161,0.00447333,0.4625928,-0.8414773,0.3324264,0.4259208,1,0.5,0.25,0,0.25,0.5,0,0,0,0.6902101,-0.6805521,0.478907,0.5545239,0,0.25,0,0,-0.250014,-3.76419E-05,0,0.0006109478,0.000253264,0.3286049,-0.9775468,0.08446243,0.1930502,1,0.75,0.5,0,-0.4999955,-0.2499806,0,-0.001846255,0.002034754,0.3346226,-0.9704985,-0.2156609,-0.1078099,1,1,0.75,0,0.25,0.25,0,0,0,0.5719608,-0.7556247,0.5317358,0.3824767,0,0.25,0.25,0,0.5,0.5,0,0,0,0.8281943,-0.6098505,0.6173795,0.4969153,0,0,0,0,0.5,0.25,0,0,0,0.723356,-0.6621131,0.6702873,0.3351437,0,0,0.25,0,-0.2499906,-0.2500288,0,-0.0005140902,-0.002121181,0.3179893,-0.990233,0.08558722,-0.1100612,1,0.75,0.75,0,-0.5000261,-0.4999944,0,-0.000727177,0.002278388,0.3967193,-0.9032927,-0.2007608,-0.3791537,1,1,1,0,-0.2500462,-0.4999809,0,-1.490117E-05,0.001734496,0.3812381,-0.9191613,0.0793813,-0.3857992,1,0.75,1,0,1.685141E-05,-6.87132E-05,0,0.0004331601,-0.003957601,0.3854879,-0.91475,0.3614017,0.1806138,1,0.5,0.5,0,0.25,0,0,0,0,0.5032946,-0.8073401,0.5681282,0.1594746,0,0.25,0.5,0,0.5,0,0,0,0,0.663658,-0.6960808,0.7046744,0.1374974,0,0,0.5,0,-1.962965E-06,-0.2500145,0,3.007791E-06,0.0007897618,0.3755577,-0.9251246,0.3654791,-0.1028081,1,0.5,0.75,0,-7.516793E-05,-0.5000064,0,-0.002460812,-0.001677871,0.4349098,-0.8663938,0.3421986,-0.3636783,1,0.5,1,0,0.25,-0.25,0,0,0,0.4945351,-0.8144509,0.5731321,-0.09049455,0,0.25,0.75,0,0.5,-0.25,0,0,0,0.6561142,-0.7006228,0.7092724,-0.07784698,0,0,0.75,0,0.25,-0.5,0,0,0,0.5471867,-0.773501,0.5443155,-0.3246794,0,0.25,1,0,0.5,-0.5,0,0,0,0.7017071,-0.6740411,0.6823626,-0.2829309,0,0,1
134,0,-0.2500422,0.4999748,0,-0.003287198,-0.0009089712,0.547168,-0.7735149,0.06680665,0.6302473,1,0.75,0,0,-0.4999985,0.250011,0,0.001138449,-0.0006526711,0.4255314,-0.8751729,-0.1944812,0.4430006,1,1,0.25,0,-0.5000049,0.5000051,0,-0.001475216,-0.0004231932,0.5602398,-0.7639781,-0.1697776,0.6225055,1,1,0,0,-0.2500052,0.2500631,0,-0.001892448,0.003490598,0.4105773,-0.8895456,0.07686854,0.4503331,1,0.75,0.25,0,5.693113E-06,0.5000277,0,-0.003398382,0.001496077,0.5927671,-0.7412375,0.2928398,0.6039966,1,0.5,0,0,-0.5000595,4.151694E-05,0,-0.002968312,0.002754941,0.3450649,-0.9585062,-0.2130719,0.1893837,1,1,0.5,0,1.076193E-05,0.2500614,0,0.0009739341,0.003651531,0.4626304,-0.8414444,0.3324337,0.4259801,1,0.5,0.25,0,0.25,0.5,0,0,0,0.6902101,-0.6805521,0.478907,0.5545239,0,0.25,0,0,-0.2499818,4.334256E-05,0,0.001612306,0.004049225,0.3286232,-0.9775251,0.08449948,0.1931437,1,0.75,0.5,0,-0.499989,-0.2500062,0,0.0003248454,-0.001282245,0.3346239,-0.970497,-0.2156528,-0.1078404,1,1,0.75,0,0.25,0.25,0,0,0,0.5719608,-0.7556247,0.5317358,0.3824767,0,0.25,0.25,0,0.5,0.5,0,0,0,0.8281943,-0.6098505,0.6173795,0.4969153,0,0,0,0,0.5,0.25,0,0,0,0.723356,-0.6621131,0.6702873,0.3351437,0,0,0.25,0,-0.2499597,-0.2499417,0,0.001543761,0.004357101,0.3179824,-0.9902414,0.08562569,-0.1099556,1,0.75,0.75,0,-0.4999896,-0.500007,0,0.001825393,-0.0006273391,0.3967168,-0.9032953,-0.2007207,-0.3791687,1,1,1,0,-0.2499529,-0.4999945,0,0.00466481,-0.000676513,0.3812507,-0.9191481,0.07948603,-0.385809,1,0.75,1,0,9.399539E-06,2.071938E-06,0,-0.0003725937,0.003539258,0.385498,-0.9147395,0.3613892,0.1806916,1,0.5,0.5,0,0.25,0,0,0,0,0.5032946,-0.8073401,0.5681282,0.1594746,0,0.25,0.5,0,0.5,0,0,0,0,0.663658,-0.6960808,0.7046744,0.1374974,0,0,0.5,0,-5.035914E-05,-0.2499984,0,-0.00241981,0.0008009377,0.3755384,-0.925145,0.3654318,-0.1027921,1,0.5,0.75,0,2.48269E-05,-0.5000268,0,0.004999744,-0.00102222,0.4349514,-0.8663552,0.3422903,-0.3636839,1,0.5,1,0,0.25,-0.25,0,0,0,0.4945351,-0.8144509,0.5731321,-0.09049455,0,0.25,0.75,0,0.5,-0.25,0,0,0,0.6561142,-0.7006228,0.7092724,-0.07784698,0,0,0.75,0,0.25,-0.5,0,0,0,0.5471867,-0.773501,0.5443155,-0.3246794,0,0.25,1,0,0.5,-0.5,0,0,0,0.7017071,-0.6740411,0.6823626,-0.2829309,0,0,1
135,0,-0.2500142,0.5000551,0,0.00139922,0.004011394,0.5472205,-0.7734761,0.06683003,0.6302924,1,0.75,0,0,-0.4999828,0.2500335,0,0.0007808211,0.001126528,0.4255384,-0.8751662,-0.1944629,0.4430216,1,1,0.25,0,-0.4999882,0.4999989,0,0.0008374456,-0.000306964,0.5602331,-0.763983,-0.1697629,0.6225036,1,1,0,0,-0.249981,0.2500669,0,0.001212955,0.0001907349,0.4105809,-0.8895421,0.07689488,0.4503355,1,0.75,0.25,0,2.080175E-05,0.4999906,0,0.0007554324,-0.001853705,0.5927492,-0.7412497,0.2928584,0.6039726,1,0.5,0,0,-0.4999942,-5.770587E-06,0,0.003266336,-0.002364377,0.345042,-0.9585322,-0.2130003,0.1893329,1,1,0.5,0,2.543563E-05,0.250007,0,0.0007336849,-0.002720953,0.4626121,-0.8414605,0.3324552,0.4259317,1,0.5,0.25,0,0.25,0.5,0,0,0,0.6902101,-0.6805521,0.478907,0.5545239,0,0.25,0,0,-0.2499952,1.988339E-05,0,-0.0006727877,-0.001172959,0.3286176,-0.9775318,0.08448382,0.1931167,1,0.75,0.5,0,-0.4999606,-0.2499746,0,0.001417101,0.001580269,0.3346145,-0.970508,-0.2156213,-0.1078038,1,1,0.75,0,0.25,0.25,0,0,0,0.5719608,-0.7556247,0.5317358,0.3824767,0,0.25,0.25,0,0.5,0.5,0,0,0,0.8281943,-0.6098505,0.6173795,0.4969153,0,0,0,0,0.5,0.25,0,0,0,0.723356,-0.6621131,0.6702873,0.3351437,0,0,0.25,0,-0.2500049,-0.2499948,0,-0.002259762,-0.002656133,0.3179843,-0.990239,0.08557022,-0.1100202,1,0.75,0.75,0,-0.50006,-0.4999914,0,-0.003521146,0.000779331,0.396725,-0.903287,-0.2007974,-0.3791479,1,1,1,0,-0.2499716,-0.499948,0,-0.0009357933,0.002324582,0.3812313,-0.9191684,0.07946654,-0.3857647,1,0.75,1,0,3.689757E-05,-3.184876E-05,0,0.001374902,-0.001696035,0.3855018,-0.9147356,0.3614187,0.1806525,1,0.5,0.5,0,0.25,0,0,0,0,0.5032946,-0.8073401,0.5681282,0.1594746,0,0.25,0.5,0,0.5,0,0,0,0,0.663658,-0.6960808,0.7046744,0.1374974,0,0,0.5,0,-3.98988E-05,-0.2500436,0,0.0005230173,-0.002259762,0.3755469,-0.9251361,0.3654403,-0.1028427,1,0.5,0.75,0,-1.631935E-05,-0.4999909,0,-0.002057313,0.001794101,0.4349242,-0.8663803,0.3422562,-0.3636561,1,0.5,1,0,0.25,-0.25,0,0,0,0.4945351,-0.8144509,0.5731321,-0.09049455,0,0.25,0.75,0,0.5,-0.25,0,0,0,0.6561142,-0.7006228,0.7092724,-0.07784698,0,0,0.75,0,0.25,-0.5,0,0,0,0.5471867,-0.773501,0.5443155,-0.3246794,0,0.25,1,0,0.5,-0.5,0,0,0,0.7017071,-0.6740411,0.6823626,-0.2829309,0,0,1
136,0,-0.2499982,0.5000622,0,0.0007994476,0.0003546478,0.5472261,-0.773472,0.06684494,0.6302958,1,0.75,0,0,-0.4999636,0.2500522,0,0.0009641055,0.0009357933,0.425543,-0.875162,-0.1944411,0.4430397,1,1,0.25,0,-0.5000173,0.4999949,0,-0.001457334,-0.0001996756,0.5602356,-0.7639811,-0.16979,0.6224984,1,1,0,0,-0.2500107,0.2500182,0,-0.001485646,-0.00243187,0.4105567,-0.8895657,0.07686429,0.450294,1,0.75,0.25,0,2.256526E-05,0.5000145,0,8.817545E-05,0.001198054,0.5927641,-0.7412395,0.292856,0.6039863,1,0.5,0,0,-0.4999074,1.681141E-05,0,0.0043422,0.0011291,0.3450279,-0.9585482,-0.2129011,0.1893627,1,1,0.5,0,2.149738E-06,0.2499708,0,-0.001164295,-0.001809747,0.4625889,-0.8414807,0.332439,0.4259043,1,0.5,0.25,0,0.25,0.5,0,0,0,0.6902101,-0.6805521,0.478907,0.5545239,0,0.25,0,0,-0.2499691,5.726132E-05,0,0.001308322,0.001868897,0.328627,-0.9775206,0.08451444,0.1931596,1,0.75,0.5,0,-0.499952,-0.2499829,0,0.0004291536,-0.0004135074,0.3346135,-0.9705091,-0.2156112,-0.1078138,1,1,0.75,0,0.25,0.25,0,0,0,0.5719608,-0.7556247,0.5317358,0.3824767,0,0.25,0.25,0,0.5,0.5,0,0,0,0.8281943,-0.6098505,0.6173795,0.4969153,0,0,0,0,0.5,0.25,0,0,0,0.723356,-0.6621131,0.6702873,0.3351437,0,0,0.25,0,-0.2499125,-0.249987,0,0.004618617,0.0003933908,0.3179914,-0.9902305,0.08568241,-0.1100097,1,0.75,0.75,0,-0.4999365,-0.4999834,0,0.006175044,0.0003978611,0.3966972,-0.9033149,-0.2006659,-0.3791507,1,1,1,0,-0.2499257,-0.5000064,0,0.00229329,-0.002920629,0.3812575,-0.9191411,0.07951623,-0.3858196,1,0.75,1,0,7.273359E-05,3.370754E-05,0,0.001791802,0.003277816,0.3855266,-0.91471,0.361449,0.1807215,1,0.5,0.5,0,0.25,0,0,0,0,0.5032946,-0.8073401,0.5681282,0.1594746,0,0.25,0.5,0,0.5,0,0,0,0,0.663658,-0.6960808,0.7046744,0.1374974,0,0,0.5,0,-4.667846E-05,-0.250012,0,-0.0003389832,0.001582504,0.3755412,-0.9251421,0.3654349,-0.1028073,1,0.5,0.75,0,8.381686E-05,-0.5000359,0,0.005006813,-0.002247096,0.4349749,-0.8663334,0.3423448,-0.3636845,1,0.5,1,0,0.25,-0.25,0,0,0,0.4945351,-0.8144509,0.5731321,-0.09049455,0,0.25,0.75,0,0.5,-0.25,0,0,0,0.6561142,-0.7006228,0.7092724,-0.07784698,0,0,0.75,0,0.25,-0.5,0,0,0,0.5471867,-0.773501,0.5443155,-0.3246794,0,0.25,1,0,0.5,-0.5,0,0,0,0.7017071,-0.6740411,0.6823626,-0.2829309,0,0,1
137,0,-0.2499276,0.5000014,0,0.003531577,-0.003039838,0.5471925,-0.7734968,0.06691454,0.630258,1,0.75,0,0,-0.4998974,0.2500139,0,0.003309549,-0.00191629,0.4255131,-0.8751902,-0.1943758,0.4430126,1,1,0.25,0,-0.4999146,0.4999984,0,0.005137922,0.0001713634,0.5602204,-0.7639921,-0.1696955,0.6225106,1,1,0,0,-0.2499791,0.249991,0,0.001581014,-0.001360477,0.4105468,-0.8895753,0.07689985,0.450269,1,0.75,0.25,0,0.0001035753,0.5000303,0,0.004050502,0.0007897618,0.5927975,-0.7412169,0.2929212,0.6039823,1,0.5,0,0,-0.4999914,5.719673E-05,0,-0.004199149,0.002019267,0.3450534,-0.9585193,-0.2129941,0.1894048,1,1,0.5,0,2.882674E-05,0.2499985,0,0.001333851,0.001387299,0.4626096,-0.8414626,0.3324596,0.425924,1,0.5,0.25,0,0.25,0.5,0,0,0,0.6902101,-0.6805521,0.478907,0.5545239,0,0.25,0,0,-0.2499539,-2.773603E-05,0,0.0007577243,-0.004249869,0.3286119,-0.9775385,0.08453427,0.1930606,1,0.75,0.5,0,-0.4999774,-0.2500166,0,-0.001268089,-0.001686812,0.3346226,-0.9704986,-0.2156393,-0.1078531,1,1,0.75,0,0.25,0.25,0,0,0,0.5719608,-0.7556247,0.5317358,0.3824767,0,0.25,0.25,0,0.5,0.5,0,0,0,0.8281943,-0.6098505,0.6173795,0.4969153,0,0,0,0,0.5,0.25,0,0,0,0.723356,-0.6621131,0.6702873,0.3351437,0,0,0.25,0,-0.2499862,-0.2499473,0,-0.003685059,0.00198111,0.3179807,-0.9902434,0.08559343,-0.1099627,1,0.75,0.75,0,-0.4998948,-0.499983,0,0.002087654,2.086163E-05,0.3966887,-0.9033235,-0.2006212,-0.3791539,1,1,1,0,-0.2499162,-0.4999935,0,0.0004783274,0.0006422403,0.3812533,-0.9191455,0.07952747,-0.3858068,1,0.75,1,0,1.318974E-05,1.243625E-05,0,-0.002977194,-0.001063565,0.3855012,-0.9147362,0.3613922,0.1807027,1,0.5,0.5,0,0.25,0,0,0,0,0.5032946,-0.8073401,0.5681282,0.1594746,0,0.25,0.5,0,0.5,0,0,0,0,0.663658,-0.6960808,0.7046744,0.1374974,0,0,0.5,0,-8.848901E-06,-0.2500314,0,0.001891479,-0.000970066,0.3755569,-0.9251254,0.3654715,-0.1028276,1,0.5,0.75,0,8.502718E-05,-0.4999558,0,6.051598E-05,0.004005434,0.4349462,-0.86636,0.3423566,-0.36361,1,0.5,1,0,0.25,-0.25,0,0,0,0.4945351,-0.8144509,0.5731321,-0.09049455,0,0.25,0.75,0,0.5,-0.25,0,0,0,0.6561142,-0.7006228,0.7092724,-0.07784698,0,0,0.75,0,0.25,-0.5,0,0,0,0.5471867,-0.773501,0.5443155,-0.3246794,0,0.25,1,0,0.5,-0.5,0,0,0,0.7017071,-0.6740411,0.6823626,-0.2829309,0,0,1
138,0,-0.2500329,0.499968,0,-0.005266817,-0.001667441,0.5471643,-0.7735175,0.06681574,0.6302431,1,0.75,0,0,-0.5000437,0.2499757,0,-0.007319453,-0.001911075,0.4255247,-0.8751793,-0.1945316,0.4429657,1,1,0.25,0,-0.5000412,0.5000347,0,-0.006330016,0.001819432,0.5602645,-0.7639604,-0.1698078,0.622519,1,1,0,0,-0.2500514,0.2500157,0,-0.003616513,0.001233817,0.4105524,-0.8895699,0.07681994,0.4502934,1,0.75,0.25,0,-1.671865E-05,0.5000029,0,-0.006014699,-0.001373888,0.5927457,-0.7412521,0.292825,0.6039858,1,0.5,0,0,-0.4999866,3.263148E-05,0,0.0002369286,-0.001228263,0.3450477,-0.9585258,-0.2129899,0.189377,1,1,0.5,0,7.391764E-06,0.2499831,0,-0.001071749,-0.0007733706,0.4625959,-0.8414746,0.3324421,0.425914,1,0.5,0.25,0,0.25,0.5,0,0,0,0.6902101,-0.6805521,0.478907,0.5545239,0,0.25,0,0,-0.2500431,-2.285142E-05,0,-0.004459919,0.0002442303,0.3286052,-0.9775463,0.0844273,0.193068,1,0.75,0.5,0,-0.4999377,-0.2500286,0,0.001987816,-0.0006020071,0.3346153,-0.970507,-0.2155935,-0.1078684,1,1,0.75,0,0.25,0.25,0,0,0,0.5719608,-0.7556247,0.5317358,0.3824767,0,0.25,0.25,0,0.5,0.5,0,0,0,0.8281943,-0.6098505,0.6173795,0.4969153,0,0,0,0,0.5,0.25,0,0,0,0.723356,-0.6621131,0.6702873,0.3351437,0,0,0.25,0,-0.2499933,-0.2500264,0,-0.0003561379,-0.003953279,0.3179888,-0.9902336,0.08558387,-0.1100582,1,0.75,0.75,0,-0.4999423,-0.5000587,0,-0.002375246,-0.003781916,0.3967269,-0.903285,-0.2006656,-0.3792221,1,1,1,0,-0.2499912,-0.4999674,0,-0.003750624,0.001306832,0.3812373,-0.9191622,0.07944379,-0.3857842,1,0.75,1,0,-1.417569E-05,1.761549E-05,0,-0.001368272,0.0002589619,0.3854923,-0.9147455,0.3613649,0.1807103,1,0.5,0.5,0,0.25,0,0,0,0,0.5032946,-0.8073401,0.5681282,0.1594746,0,0.25,0.5,0,0.5,0,0,0,0,0.663658,-0.6960808,0.7046744,0.1374974,0,0,0.5,0,-4.784519E-05,-0.2500075,0,-0.001949815,0.001196564,0.3755403,-0.9251431,0.365434,-0.1028022,1,0.5,0.75,0,4.25473E-05,-0.5000103,0,-0.002123995,-0.002726914,0.4349515,-0.8663551,0.3423093,-0.3636663,1,0.5,1,0,0.25,-0.25,0,0,0,0.4945351,-0.8144509,0.5731321,-0.09049455,0,0.25,0.75,0,0.5,-0.25,0,0,0,0.6561142,-0.7006228,0.7092724,-0.07784698,0,0,0.75,0,0.25,-0.5,0,0,0,0.5471867,-0.773501,0.5443155,-0.3246794,0,0.25,1,0,0.5,-0.5,0,0,0,0.7017071,-0.6740411,0.6823626,-0.2829309,0,0,1
139,0,-0.250003,0.499993,0,0.001497567,0.001248718,0.5471821,-0.7735044,0.06684321,0.6302562,1,0.75,0,0,-0.5000705,0.2499376,0,-0.001335145,-0.001903624,0.425513,-0.8751903,-0.1945629,0.4429302,1,1,0.25,0,-0.499974,0.5000177,0,0.003358723,-0.0008523468,0.5602424,-0.7639762,-0.169748,0.6225159,1,1,0,0,-0.2500513,0.2500241,0,2.980233E-06,0.000421703,0.4105562,-0.8895662,0.07681969,0.4503008,1,0.75,0.25,0,4.144372E-05,0.499963,0,0.00290812,-0.001993776,0.5927386,-0.7412568,0.2928801,0.6039532,1,0.5,0,0,-0.5000549,-1.363085E-05,0,-0.003413857,-0.002313117,0.3450535,-0.9585192,-0.2130692,0.189321,1,1,0.5,0,-2.194513E-05,0.2499374,0,-0.001466845,-0.002280624,0.4625667,-0.8415001,0.3324217,0.4258795,1,0.5,0.25,0,0.25,0.5,0,0,0,0.6902101,-0.6805521,0.478907,0.5545239,0,0.25,0,0,-0.250049,2.388758E-05,0,-0.0002965332,0.002336951,0.3286138,-0.9775363,0.08441927,0.1931224,1,0.75,0.5,0,-0.4999531,-0.2500368,0,-0.0007718804,-0.0004097821,0.3346195,-0.9705021,-0.2156109,-0.1078777,1,1,0.75,0,0.25,0.25,0,0,0,0.5719608,-0.7556247,0.5317358,0.3824767,0,0.25,0.25,0,0.5,0.5,0,0,0,0.8281943,-0.6098505,0.6173795,0.4969153,0,0,0,0,0.5,0.25,0,0,0,0.723356,-0.6621131,0.6702873,0.3351437,0,0,0.25,0,-0.2499772,-0.2499721,0,0.0008083883,0.002712758,0.3179842,-0.9902391,0.08560412,-0.1099925,1,0.75,0.75,0,-0.4999314,-0.5000626,0,0.0005438926,-0.0001996756,0.3967263,-0.9032857,-0.2006537,-0.3792268,1,1,1,0,-0.2499313,-0.4999639,0,0.002993644,0.0001728535,0.3812407,-0.9191587,0.07951143,-0.3857788,1,0.75,1,0,-1.728531E-05,-1.9326E-05,0,-0.0001554807,-0.001847075,0.3854845,-0.9147535,0.3613646,0.1806702,1,0.5,0.5,0,0.25,0,0,0,0,0.5032946,-0.8073401,0.5681282,0.1594746,0,0.25,0.5,0,0.5,0,0,0,0,0.663658,-0.6960808,0.7046744,0.1374974,0,0,0.5,0,-3.687628E-05,-0.2500449,0,0.0005484455,-0.001870096,0.3755481,-0.9251348,0.3654432,-0.102844,1,0.5,0.75,0,8.028966E-05,-0.500027,0,0.001887119,-0.0008344654,0.4349704,-0.8663375,0.3423427,-0.3636768,1,0.5,1,0,0.25,-0.25,0,0,0,0.4945351,-0.8144509,0.5731321,-0.09049455,0,0.25,0.75,0,0.5,-0.25,0,0,0,0.6561142,-0.7006228,0.7092724,-0.07784698,0,0,0.75,0,0.25,-0.5,0,0,0,0.5471867,-0.773501,0.5443155,-0.3246794,0,0.25,1,0,0.5,-0.5,0,0,0,0.7017071,-0.6740411,0.6823626,-0.2829309,0,0,1
140,0,-0.2500069,0.5000508,0,-0.0001937152,0.002892317,0.5472183,-0.7734777,0.0668372,0.6302897,1,0.75,0,0,-0.5000104,0.249943,0,0.003004075,0.000268221,0.4255037,-0.8751991,-0.1944999,0.4429404,1,1,0.25,0,-0.5000249,0.4999221,0,-0.002545119,-0.004780294,0.5601916,-0.7640128,-0.1698041,0.6224555,1,1,0,0,-0.2500127,0.2499841,0,0.001931191,-0.002001972,0.4105412,-0.8895808,0.07686337,0.4502642,1,0.75,0.25,0,-4.565436E-05,0.4999844,0,-0.004354906,0.001072884,0.5927261,-0.7412654,0.2928038,0.6039798,1,0.5,0,0,-0.499986,-6.67291E-05,0,0.00344664,-0.002654914,0.3450288,-0.9585472,-0.2129939,0.1892637,1,1,0.5,0,2.300997E-05,0.2500044,0,0.002247756,0.003346802,0.4626102,-0.8414621,0.3324534,0.4259298,1,0.5,0.25,0,0.25,0.5,0,0,0,0.6902101,-0.6805521,0.478907,0.5545239,0,0.25,0,0,-0.2500149,4.005112E-05,0,0.001704694,0.0008081769,0.3286198,-0.9775292,0.0844598,0.1931405,1,0.75,0.5,0,-0.499925,-0.249984,0,0.00140518,0.002642722,0.3346078,-0.9705158,-0.2155803,-0.1078159,1,1,0.75,0,0.25,0.25,0,0,0,0.5719608,-0.7556247,0.5317358,0.3824767,0,0.25,0.25,0,0.5,0.5,0,0,0,0.8281943,-0.6098505,0.6173795,0.4969153,0,0,0,0,0.5,0.25,0,0,0,0.723356,-0.6621131,0.6702873,0.3351437,0,0,0.25,0,-0.2499435,-0.2500222,0,0.001685322,-0.002502651,0.3179926,-0.990229,0.08564445,-0.1100526,1,0.75,0.75,0,-0.500031,-0.5000419,0,-0.00497997,0.001037121,0.3967384,-0.9032735,-0.200762,-0.3791986,1,1,1,0,-0.2500355,-0.500026,0,-0.005208703,-0.003102423,0.3812563,-0.9191423,0.0793918,-0.3858423,1,0.75,1,0,9.078107E-06,-1.284305E-05,0,0.001318171,0.0003241476,0.3854952,-0.9147424,0.36139,0.1806753,1,0.5,0.5,0,0.25,0,0,0,0,0.5032946,-0.8073401,0.5681282,0.1594746,0,0.25,0.5,0,0.5,0,0,0,0,0.663658,-0.6960808,0.7046744,0.1374974,0,0,0.5,0,-6.909661E-06,-0.2500461,0,0.001498332,-6.109478E-05,0.3755592,-0.9251231,0.3654728,-0.1028441,1,0.5,0.75,0,1.41254E-05,-0.5000353,0,-0.003308214,-0.0004142525,0.4349508,-0.8663557,0.3422791,-0.3636932,1,0.5,1,0,0.25,-0.25,0,0,0,0.4945351,-0.8144509,0.5731321,-0.09049455,0,0.25,0.75,0,0.5,-0.25,0,0,0,0.6561142,-0.7006228,0.7092724,-0.07784698,0,0,0.75,0,0.25,-0.5,0,0,0,0.5471867,-0.773501,0.5443155,-0.3246794,0,0.25,1,0,0.5,-0.5,0,0,0,0.7017071,-0.6740411,0.6823626,-0.2829309,0,0,1
141,0,-0.2500089,0.4999784,0,-0.0001013279,-0.003623964,0.5471725,-0.7735115,0.06683818,0.630248,1,0.75,0,0,-0.500029,0.2499487,0,-0.000932813,0.0002853574,0.4255098,-0.8751933,-0.1945188,0.4429437,1,1,0.25,0,-0.4999816,0.5000249,0,0.00216514,0.005140902,0.5602481,-0.7639721,-0.1697542,0.6225193,1,1,0,0,-0.250062,0.2500105,0,-0.002464653,0.001320988,0.4105493,-0.8895729,0.07680856,0.4502892,1,0.75,0.25,0,3.672802E-06,0.4999804,0,0.002466359,-0.0002026559,0.592738,-0.7412573,0.2928457,0.6039695,1,0.5,0,0,-0.5000211,-8.037936E-06,0,-0.001756848,0.002934559,0.3450474,-0.9585262,-0.2130308,0.189329,1,1,0.5,0,-2.439601E-05,0.249952,0,-0.0023703,-0.00262037,0.4625721,-0.8414954,0.3324173,0.4258922,1,0.5,0.25,0,0.25,0.5,0,0,0,0.6902101,-0.6805521,0.478907,0.5545239,0,0.25,0,0,-0.2500401,-4.816581E-05,0,-0.001257658,-0.004410848,0.3286006,-0.9775518,0.08443139,0.1930385,1,0.75,0.5,0,-0.4999563,-0.2500531,0,-0.001564623,-0.003454836,0.334622,-0.9704993,-0.2156141,-0.1078968,1,1,0.75,0,0.25,0.25,0,0,0,0.5719608,-0.7556247,0.5317358,0.3824767,0,0.25,0.25,0,0.5,0.5,0,0,0,0.8281943,-0.6098505,0.6173795,0.4969153,0,0,0,0,0.5,0.25,0,0,0,0.723356,-0.6621131,0.6702873,0.3351437,0,0,0.25,0,-0.2499649,-0.2500327,0,-0.001070649,-0.0005245211,0.3179919,-0.9902298,0.08561835,-0.1100655,1,0.75,0.75,0,-0.4999227,-0.5000144,0,0.005416574,0.001376868,0.3967062,-0.9033059,-0.2006484,-0.3791815,1,1,1,0,-0.2500275,-0.4999807,0,0.0003978611,0.002261997,0.3812395,-0.9191598,0.07940234,-0.3857983,1,0.75,1,0,-1.491431E-05,-5.217876E-05,0,-0.001199621,-0.001966787,0.3854794,-0.9147587,0.3613693,0.1806341,1,0.5,0.5,0,0.25,0,0,0,0,0.5032946,-0.8073401,0.5681282,0.1594746,0,0.25,0.5,0,0.5,0,0,0,0,0.663658,-0.6960808,0.7046744,0.1374974,0,0,0.5,0,-4.716559E-05,-0.2500038,0,-0.002012797,0.002115966,0.3755401,-0.9251432,0.3654348,-0.102798,1,0.5,0.75,0,1.647544E-05,-0.4999818,0,0.0001175021,0.002673269,0.4349322,-0.866373,0.3422884,-0.3636433,1,0.5,1,0,0.25,-0.25,0,0,0,0.4945351,-0.8144509,0.5731321,-0.09049455,0,0.25,0.75,0,0.5,-0.25,0,0,0,0.6561142,-0.7006228,0.7092724,-0.07784698,0,0,0.75,0,0.25,-0.5,0,0,0,0.5471867,-0.773501,0.5443155,-0.3246794,0,0.25,1,0,0.5,-0.5,0,0,0,0.7017071,-0.6740411,0.6823626,-0.2829309,0,0,1
142,0,-0.2499962,0.5000126,0,0.0006347897,0.001713634,0.547195,-0.773495,0.06684887,0.6302671,1,0.75,0,0,-0.5000221,0.2499978,0,0.0003486873,0.002454967,0.4255302,-0.875174,-0.194507,0.4429869,1,1,0.25,0,-0.499993,0.5000165,0,-0.0005707147,-0.0004231932,0.5602449,-0.7639744,-0.1697655,0.6225132,1,1,0,0,-0.2500317,0.2500281,0,0.001513959,0.0008791689,0.4105595,-0.889563,0.07684094,0.4503035,1,0.75,0.25,0,3.568309E-05,0.5000045,0,0.001600515,0.001204014,0.592762,-0.741241,0.2928686,0.6039783,1,0.5,0,0,-0.5000002,7.441007E-06,0,0.001043082,0.0007739475,0.3450459,-0.9585279,-0.2130065,0.1893476,1,1,0.5,0,6.766981E-06,0.2499816,0,0.00155815,0.001481176,0.462595,-0.8414754,0.3324417,0.4259129,1,0.5,0.25,0,0.25,0.5,0,0,0,0.6902101,-0.6805521,0.478907,0.5545239,0,0.25,0,0,-0.2500087,2.244608E-05,0,0.001569093,0.003530596,0.3286169,-0.9775326,0.08446761,0.1931199,1,0.75,0.5,0,-0.4999064,-0.2500648,0,0.002492965,-0.0005841258,0.3346125,-0.9705103,-0.2155568,-0.1079121,1,1,0.75,0,0.25,0.25,0,0,0,0.5719608,-0.7556247,0.5317358,0.3824767,0,0.25,0.25,0,0.5,0.5,0,0,0,0.8281943,-0.6098505,0.6173795,0.4969153,0,0,0,0,0.5,0.25,0,0,0,0.723356,-0.6621131,0.6702873,0.3351437,0,0,0.25,0,-0.249954,-0.2499745,0,0.0005416574,0.002908708,0.3179865,-0.9902364,0.08563216,-0.1099951,1,0.75,0.75,0,-0.4998914,-0.5000196,0,0.001563132,-0.0002622606,0.3967019,-0.9033102,-0.2006145,-0.3791891,1,1,1,0,-0.2500094,-0.5000011,0,0.0009030107,-0.00101924,0.3812488,-0.9191502,0.079422,-0.3858174,1,0.75,1,0,1.511876E-05,1.025608E-05,0,0.001501654,0.003121744,0.3855015,-0.9147359,0.3613942,0.1807001,1,0.5,0.5,0,0.25,0,0,0,0,0.5032946,-0.8073401,0.5681282,0.1594746,0,0.25,0.5,0,0.5,0,0,0,0,0.663658,-0.6960808,0.7046744,0.1374974,0,0,0.5,0,-4.283612E-05,-0.2500125,0,0.0002164737,-0.0004366042,0.3755426,-0.9251406,0.3654387,-0.1028077,1,0.5,0.75,0,3.835714E-05,-0.500002,0,0.001094086,-0.001010299,0.434947,-0.8663592,0.3423064,-0.3636591,1,0.5,1,0,0.25,-0.25,0,0,0,0.4945351,-0.8144509,0.5731321,-0.09049455,0,0.25,0.75,0,0.5,-0.25,0,0,0,0.6561142,-0.7006228,0.7092724,-0.07784698,0,0,0.75,0,0.25,-0.5,0,0,0,0.5471867,-0.773501,0.5443155,-0.3246794,0,0.25,1,0,0.5,-0.5,0,0,0,0.7017071,-0.6740411,0.6823626,-0.2829309,0,0,1
143,0,-0.24996,0.5000047,0,0.001806766,-0.000396371,0.5471923,-0.7734969,0.06688355,0.6302612,1,0.75,0,0,-0.4999858,0.249982,0,0.001810492,-0.0007882717,0.4255162,-0.8751873,-0.1944708,0.4429766,1,1,0.25,0,-0.4999551,0.500037,0,0.001898409,0.00102818,0.5602512,-0.7639699,-0.1697287,0.6225289,1,1,0,0,-0.2500312,0.2499631,0,2.533198E-05,-0.003249945,0.4105303,-0.8895915,0.07684397,0.4502465,1,0.75,0.25,0,-5.719525E-06,0.4999293,0,-0.002070131,-0.003759564,0.5927044,-0.7412801,0.2928461,0.6039413,1,0.5,0,0,-0.4999429,-3.068951E-05,0,0.002865494,-0.001906527,0.3450264,-0.9585499,-0.2129436,0.1893069,1,1,0.5,0,2.032592E-05,0.2499428,0,0.0006779474,-0.001941622,0.462583,-0.8414859,0.33246,0.4258778,1,0.5,0.25,0,0.25,0.5,0,0,0,0.6902101,-0.6805521,0.478907,0.5545239,0,0.25,0,0,-0.2499362,2.480936E-06,0,0.003623219,-0.0009982574,0.3286192,-0.9775299,0.08455483,0.1930953,1,0.75,0.5,0,-0.4999768,-0.2500331,0,-0.003516675,0.001581014,0.3346242,-0.9704967,-0.2156381,-0.1078727,1,1,0.75,0,0.25,0.25,0,0,0,0.5719608,-0.7556247,0.5317358,0.3824767,0,0.25,0.25,0,0.5,0.5,0,0,0,0.8281943,-0.6098505,0.6173795,0.4969153,0,0,0,0,0.5,0.25,0,0,0,0.723356,-0.6621131,0.6702873,0.3351437,0,0,0.25,0,-0.2499765,-0.2499774,0,-0.001122058,-0.0001452864,0.3179849,-0.9902384,0.08560489,-0.1099989,1,0.75,0.75,0,-0.4999805,-0.4999787,0,-0.004455449,0.00204444,0.3967043,-0.9033079,-0.2007134,-0.3791425,1,1,1,0,-0.2500476,-0.5000045,0,-0.001908839,-0.0001698733,0.3812471,-0.919152,0.07937884,-0.385822,1,0.75,1,0,9.047308E-05,-5.721783E-05,0,0.003767718,-0.003373697,0.3855166,-0.9147203,0.3614731,0.1806209,1,0.5,0.5,0,0.25,0,0,0,0,0.5032946,-0.8073401,0.5681282,0.1594746,0,0.25,0.5,0,0.5,0,0,0,0,0.663658,-0.6960808,0.7046744,0.1374974,0,0,0.5,0,-3.741697E-05,-0.2500031,0,0.0002709575,0.0004678966,0.3755436,-0.9251395,0.3654445,-0.1027969,1,0.5,0.75,0,-5.732903E-06,-0.5000016,0,-0.002204503,2.086163E-05,0.4349318,-0.8663734,0.3422648,-0.3636646,1,0.5,1,0,0.25,-0.25,0,0,0,0.4945351,-0.8144509,0.5731321,-0.09049455,0,0.25,0.75,0,0.5,-0.25,0,0,0,0.6561142,-0.7006228,0.7092724,-0.07784698,0,0,0.75,0,0.25,-0.5,0,0,0,0.5471867,-0.773501,0.5443155,-0.3246794,0,0.25,1,0,0.5,-0.5,0,0,0,0.7017071,-0.6740411,0.6823626,-0.2829309,0,0,1
144,0,-0.2500155,0.4999369,0,-0.002770872,-0.003391506,0.547146,-0.7735311,0.06683359,0.6302243,1,0.75,0,0,-0.4999294,0.2500133,0,0.002822281,0.001561642,0.425519,-0.8751846,-0.1944092,0.443009,1,1,0.25,0,-0.4999686,0.5000041,0,-0.0006780031,-0.001648069,0.560233,-0.763983,-0.1697444,0.6225085,1,1,0,0,-0.2500226,0.2499671,0,0.000433624,0.0001974405,0.4105327,-0.8895891,0.07685329,0.4502497,1,0.75,0.25,0,2.098227E-05,0.5000144,0,0.00133509,0.004254283,0.5927637,-0.7412399,0.2928547,0.6039864,1,0.5,0,0,-0.4999397,-7.73626E-06,0,0.0001624227,0.001147663,0.3450301,-0.9585458,-0.2129388,0.1893332,1,1,0.5,0,1.490833E-05,0.2499808,0,-0.0002708798,0.001901389,0.4625974,-0.8414733,0.3324493,0.4259109,1,0.5,0.25,0,0.25,0.5,0,0,0,0.6902101,-0.6805521,0.478907,0.5545239,0,0.25,0,0,-0.2499662,4.222018E-06,0,-0.001499802,8.705414E-05,0.328617,-0.9775324,0.08451886,0.1930979,1,0.75,0.5,0,-0.4999853,-0.250027,0,-0.0004291536,0.0003054739,0.3346254,-0.9704952,-0.2156481,-0.1078652,1,1,0.75,0,0.25,0.25,0,0,0,0.5719608,-0.7556247,0.5317358,0.3824767,0,0.25,0.25,0,0.5,0.5,0,0,0,0.8281943,-0.6098505,0.6173795,0.4969153,0,0,0,0,0.5,0.25,0,0,0,0.723356,-0.6621131,0.6702873,0.3351437,0,0,0.25,0,-0.2499435,-0.2500057,0,0.001649559,-0.001411886,0.3179908,-0.9902312,0.0856446,-0.1100326,1,0.75,0.75,0,-0.5000113,-0.4999885,0,-0.0015378,-0.0004902484,0.3967142,-0.9032979,-0.2007454,-0.3791493,1,1,1,0,-0.2500131,-0.4999479,0,0.001727045,0.002831222,0.381228,-0.9191719,0.07941975,-0.3857661,1,0.75,1,0,3.069355E-05,4.576186E-05,0,-0.002988978,0.005148986,0.3855136,-0.9147234,0.3614069,0.1807378,1,0.5,0.5,0,0.25,0,0,0,0,0.5032946,-0.8073401,0.5681282,0.1594746,0,0.25,0.5,0,0.5,0,0,0,0,0.663658,-0.6960808,0.7046744,0.1374974,0,0,0.5,0,4.069282E-05,-0.2500068,0,0.003905491,-0.0001847745,0.3755726,-0.9251089,0.3655216,-0.1027977,1,0.5,0.75,0,4.302088E-05,-0.5000061,0,0.00243769,-0.0002235175,0.4349501,-0.8663564,0.3423103,-0.3636623,1,0.5,1,0,0.25,-0.25,0,0,0,0.4945351,-0.8144509,0.5731321,-0.09049455,0,0.25,0.75,0,0.5,-0.25,0,0,0,0.6561142,-0.7006228,0.7092724,-0.07784698,0,0,0.75,0,0.25,-0.5,0,0,0,0.5471867,-0.773501,0.5443155,-0.3246794,0,0.25,1,0,0.5,-0.5,0,0,0,0.7017071,-0.6740411,0.6823626,-0.2829309,0,0,1
145,0,-0.2500323,0.5000647,0,-0.000841916,0.0063926,0.5472254,-0.7734725,0.06681245,0.6302986,1,0.75,0,0,-0.5000076,0.250014,0,-0.003911556,3.725292E-05,0.4255345,-0.8751699,-0.1944905,0.4430024,1,1,0.25,0,-0.5000336,0.4999786,0,-0.003249945,-0.00127256,0.5602282,-0.7639865,-0.1698065,0.6224873,1,1,0,0,-0.2500313,0.2500143,0,-0.0004380943,0.00236407,0.4105533,-0.889569,0.07684193,0.4502914,1,0.75,0.25,0,-7.938404E-05,0.5000554,0,-0.005018318,0.002053381,0.592759,-0.741243,0.2927641,0.6040265,1,0.5,0,0,-0.4999525,-3.323743E-05,0,-0.00063926,-0.001275059,0.345028,-0.9585481,-0.2129544,0.1893035,1,1,0.5,0,-8.046543E-06,0.250001,0,-0.001147744,0.001012534,0.4625984,-0.8414724,0.3324252,0.4259316,1,0.5,0.25,0,0.25,0.5,0,0,0,0.6902101,-0.6805521,0.478907,0.5545239,0,0.25,0,0,-0.2499346,3.268407E-05,0,0.001582504,0.001423103,0.3286251,-0.9775229,0.08455622,0.1931304,1,0.75,0.5,0,-0.4999414,-0.2499814,0,0.002196432,0.002279134,0.3346111,-0.970512,-0.2155991,-0.1078124,1,1,0.75,0,0.25,0.25,0,0,0,0.5719608,-0.7556247,0.5317358,0.3824767,0,0.25,0.25,0,0.5,0.5,0,0,0,0.8281943,-0.6098505,0.6173795,0.4969153,0,0,0,0,0.5,0.25,0,0,0,0.723356,-0.6621131,0.6702873,0.3351437,0,0,0.25,0,-0.2499883,-0.2499782,0,-0.002240391,0.001371652,0.3179839,-0.9902395,0.08559055,-0.11,1,0.75,0.75,0,-0.4999657,-0.5000311,0,0.002276898,-0.002126397,0.3967211,-0.9032909,-0.2006931,-0.3791938,1,1,1,0,-0.2499892,-0.5000185,0,0.001193583,-0.003528596,0.3812571,-0.9191415,0.07944421,-0.3858335,1,0.75,1,0,7.414605E-05,-1.423421E-05,0,0.002172625,-0.002999805,0.3855184,-0.9147184,0.361454,0.180669,1,0.5,0.5,0,0.25,0,0,0,0,0.5032946,-0.8073401,0.5681282,0.1594746,0,0.25,0.5,0,0.5,0,0,0,0,0.663658,-0.6960808,0.7046744,0.1374974,0,0,0.5,0,-4.627904E-05,-0.2500156,0,-0.004348594,-0.0004410745,0.3755417,-0.9251416,0.3654352,-0.1028114,1,0.5,0.75,0,5.437552E-05,-0.4999979,0,0.0005677319,0.000408292,0.434951,-0.8663555,0.3423221,-0.3636532,1,0.5,1,0,0.25,-0.25,0,0,0,0.4945351,-0.8144509,0.5731321,-0.09049455,0,0.25,0.75,0,0.5,-0.25,0,0,0,0.6561142,-0.7006228,0.7092724,-0.07784698,0,0,0.75,0,0.25,-0.5,0,0,0,0.5471867,-0.773501,0.5443155,-0.3246794,0,0.25,1,0,0.5,-0.5,0,0,0,0.7017071,-0.6740411,0.6823626,-0.2829309,0,0,1
146,0,-0.2499875,0.5000683,0,0.002238155,0.000178814,0.5472306,-0.7734686,0.06685486,0.6302989,1,0.75,0,0,-0.4999379,0.2499663,0,0.003485383,-0.002383442,0.4254999,-0.8752027,-0.1944224,0.4429675,1,1,0.25,0,-0.499936,0.5000216,0,0.004878642,0.002151729,0.5602385,-0.7639791,-0.1697128,0.6225219,1,1,0,0,-0.2499517,0.2499775,0,0.003980102,-0.001841784,0.4105428,-0.8895792,0.07693023,0.4502561,1,0.75,0.25,0,3.044169E-05,0.4999404,0,0.005491289,-0.00575036,0.5927217,-0.7412683,0.2928746,0.6039419,1,0.5,0,0,-0.4999093,1.499994E-05,0,0.002157689,0.002411869,0.3450279,-0.9585482,-0.2129034,0.1893606,1,1,0.5,0,9.030302E-05,0.2499961,0,0.004917481,-0.0002488495,0.462629,-0.8414457,0.3325168,0.4259129,1,0.5,0.25,0,0.25,0.5,0,0,0,0.6902101,-0.6805521,0.478907,0.5545239,0,0.25,0,0,-0.2499277,1.590111E-06,0,0.0003427269,-0.001554698,0.3286197,-0.9775292,0.08456504,0.1930941,1,0.75,0.5,0,-0.4999746,-0.250101,0,-0.00165999,-0.005977603,0.3346311,-0.9704887,-0.2156337,-0.1079531,1,1,0.75,0,0.25,0.25,0,0,0,0.5719608,-0.7556247,0.5317358,0.3824767,0,0.25,0.25,0,0.5,0.5,0,0,0,0.8281943,-0.6098505,0.6173795,0.4969153,0,0,0,0,0.5,0.25,0,0,0,0.723356,-0.6621131,0.6702873,0.3351437,0,0,0.25,0,-0.2499763,-0.2500244,0,0.0005990269,-0.002310426,0.3179901,-0.9902321,0.08560455,-0.1100557,1,0.75,0.75,0,-0.4999661,-0.5000451,0,-2.086163E-05,-0.0007033351,0.3967265,-0.9032854,-0.2006923,-0.3792072,1,1,1,0,-0.2500133,-0.4999643,0,-0.001202524,0.002709032,0.3812343,-0.9191653,0.07941898,-0.385782,1,0.75,1,0,0.0001212874,-3.088282E-05,0,0.002357067,-0.0008324308,0.3855325,-0.9147038,0.3615015,0.1806474,1,0.5,0.5,0,0.25,0,0,0,0,0.5032946,-0.8073401,0.5681282,0.1594746,0,0.25,0.5,0,0.5,0,0,0,0,0.663658,-0.6960808,0.7046744,0.1374974,0,0,0.5,0,-4.466475E-05,-0.2500368,0,8.071423E-05,-0.001056493,0.3755444,-0.9251387,0.3654358,-0.1028352,1,0.5,0.75,0,2.345123E-05,-0.5000123,0,-0.001546215,-0.0007182363,0.4349456,-0.8663605,0.342291,-0.3636706,1,0.5,1,0,0.25,-0.25,0,0,0,0.4945351,-0.8144509,0.5731321,-0.09049455,0,0.25,0.75,0,0.5,-0.25,0,0,0,0.6561142,-0.7006228,0.7092724,-0.07784698,0,0,0.75,0,0.25,-0.5,0,0,0,0.5471867,-0.773501,0.5443155,-0.3246794,0,0.25,1,0,0.5,-0.5,0,0,0,0.7017071,-0.6740411,0.6823626,-0.2829309,0,0,1
147,0,-0.2499695,0.4999052,0,0.0009037558,-0.008156898,0.547129,-0.7735437,0.0668786,0.6302043,1,0.75,0,0,-0.5000113,0.2499874,0,-0.003667177,0.001052768,0.4255235,-0.8751804,-0.1944967,0.4429789,1,1,0.25,0,-0.499908,0.499968,0,0.00140369,-0.00268221,0.5602003,-0.7640066,-0.1696924,0.6224937,1,1,0,0,-0.2499892,0.2499316,0,-0.001873077,-0.002297015,0.4105193,-0.8896022,0.07689108,0.4502173,1,0.75,0.25,0,5.376288E-05,0.4999786,0,0.00116606,0.001907349,0.5927516,-0.7412481,0.2928879,0.6039603,1,0.5,0,0,-0.4999776,-8.678586E-06,0,-0.003415348,-0.001183927,0.345038,-0.9585368,-0.2129817,0.1893303,1,1,0.5,0,4.982435E-05,0.2499561,0,-0.002023934,-0.001998246,0.4625985,-0.8414723,0.3324853,0.4258848,1,0.5,0.25,0,0.25,0.5,0,0,0,0.6902101,-0.6805521,0.478907,0.5545239,0,0.25,0,0,-0.2500194,-2.562298E-05,0,-0.004583599,-0.001360655,0.3286067,-0.9775445,0.08445574,0.1930643,1,0.75,0.5,0,-0.4999395,-0.2500476,0,0.001756848,0.002671779,0.3346177,-0.9705042,-0.2155951,-0.1078908,1,1,0.75,0,0.25,0.25,0,0,0,0.5719608,-0.7556247,0.5317358,0.3824767,0,0.25,0.25,0,0.5,0.5,0,0,0,0.8281943,-0.6098505,0.6173795,0.4969153,0,0,0,0,0.5,0.25,0,0,0,0.723356,-0.6621131,0.6702873,0.3351437,0,0,0.25,0,-0.2499219,-0.250002,0,0.002720953,0.001123548,0.3179922,-0.9902295,0.08567085,-0.1100279,1,0.75,0.75,0,-0.4999568,-0.5000666,0,0.0004664065,-0.001075864,0.3967329,-0.9032791,-0.2006805,-0.3792285,1,1,1,0,-0.2499684,-0.5000445,0,0.002244116,-0.004011394,0.3812688,-0.9191293,0.0794668,-0.3858579,1,0.75,1,0,3.746413E-05,-1.706015E-05,0,-0.004191163,0.000691134,0.3855047,-0.9147326,0.3614182,0.1806687,1,0.5,0.5,0,0.25,0,0,0,0,0.5032946,-0.8073401,0.5681282,0.1594746,0,0.25,0.5,0,0.5,0,0,0,0,0.663658,-0.6960808,0.7046744,0.1374974,0,0,0.5,0,-9.882938E-06,-0.2499659,0,0.001739091,0.003542007,0.3755499,-0.9251329,0.3654733,-0.1027536,1,0.5,0.75,0,7.929964E-05,-0.5000061,0,0.002792421,0.0003099443,0.4349625,-0.8663449,0.3423445,-0.3636574,1,0.5,1,0,0.25,-0.25,0,0,0,0.4945351,-0.8144509,0.5731321,-0.09049455,0,0.25,0.75,0,0.5,-0.25,0,0,0,0.6561142,-0.7006228,0.7092724,-0.07784698,0,0,0.75,0,0.25,-0.5,0,0,0,0.5471867,-0.773501,0.5443155,-0.3246794,0,0.25,1,0,0.5,-0.5,0,0,0,0.7017071,-0.6740411,0.6823626,-0.2829309,0,0,1
148,0,-0.2500397,0.4999506,0,-0.00350997,0.002273918,0.5471529,-0.773526,0.06681004,0.6302333,1,0.75,0,0,-0.5000301,0.2499328,0,-0.0009417537,-0.002728404,0.425503,-0.8751998,-0.1945214,0.4429298,1,1,0.25,0,-0.5000789,0.4999171,0,-0.00854731,-0.002546609,0.5601976,-0.7640085,-0.1698541,0.6224473,1,1,0,0,-0.2500397,0.2499861,0,-0.002524258,0.002724678,0.41054,-0.889582,0.07683389,0.4502669,1,0.75,0.25,0,-8.788557E-05,0.4999785,0,-0.007082426,-1.490117E-06,0.5927101,-0.7412762,0.2927694,0.6039832,1,0.5,0,0,-0.5000241,-8.92016E-05,0,-0.002326072,-0.004026152,0.3450326,-0.9585429,-0.2130381,0.1892362,1,1,0.5,0,-2.386139E-05,0.2499676,0,-0.003684288,0.0005751851,0.4625789,-0.8414895,0.3324155,0.4259055,1,0.5,0.25,0,0.25,0.5,0,0,0,0.6902101,-0.6805521,0.478907,0.5545239,0,0.25,0,0,-0.2499683,-3.243411E-05,0,0.00255406,-0.0003405564,0.3286097,-0.977541,0.08451708,0.1930554,1,0.75,0.5,0,-0.5000354,-0.2500083,0,-0.004796686,0.001965464,0.3346342,-0.970485,-0.2157058,-0.1078416,1,1,0.75,0,0.25,0.25,0,0,0,0.5719608,-0.7556247,0.5317358,0.3824767,0,0.25,0.25,0,0.5,0.5,0,0,0,0.8281943,-0.6098505,0.6173795,0.4969153,0,0,0,0,0.5,0.25,0,0,0,0.723356,-0.6621131,0.6702873,0.3351437,0,0,0.25,0,-0.2500296,-0.2500227,0,-0.005384537,-0.001038611,0.3179853,-0.9902378,0.08553992,-0.1100542,1,0.75,0.75,0,-0.5000238,-0.5000293,0,-0.003348292,0.001868606,0.3967321,-0.9032798,-0.2007554,-0.3791871,1,1,1,0,-0.2500515,-0.4999781,0,-0.004157426,0.00331998,0.3812366,-0.9191629,0.07937535,-0.3857966,1,0.75,1,0,-2.301334E-05,-3.149182E-06,0,-0.003023875,0.0006955484,0.3854854,-0.9147525,0.3613577,0.1806883,1,0.5,0.5,0,0.25,0,0,0,0,0.5032946,-0.8073401,0.5681282,0.1594746,0,0.25,0.5,0,0.5,0,0,0,0,0.663658,-0.6960808,0.7046744,0.1374974,0,0,0.5,0,-2.835451E-05,-0.2499563,0,-0.0009235792,0.0004820528,0.3755421,-0.9251411,0.3654555,-0.1027435,1,0.5,0.75,0,-5.035535E-05,-0.4999514,0,-0.006482752,0.002732874,0.4348983,-0.8664044,0.3422294,-0.363624,1,0.5,1,0,0.25,-0.25,0,0,0,0.4945351,-0.8144509,0.5731321,-0.09049455,0,0.25,0.75,0,0.5,-0.25,0,0,0,0.6561142,-0.7006228,0.7092724,-0.07784698,0,0,0.75,0,0.25,-0.5,0,0,0,0.5471867,-0.773501,0.5443155,-0.3246794,0,0.25,1,0,0.5,-0.5,0,0,0,0.7017071,-0.6740411,0.6823626,-0.2829309,0,0,1
149,0,-0.2500033,0.4999558,0,0.001817942,0.0002592803,0.5471587,-0.7735217,0.06684439,0.6302348,1,0.75,0,0,-0.5000233,0.2500386,0,0.0003397466,0.005286934,0.4255485,-0.8751568,-0.1945045,0.4430222,1,1,0.25,0,-0.5000132,0.4999224,0,0.003287198,0.000268221,0.5601897,-0.7640142,-0.1697934,0.6224569,1,1,0,0,-0.250003,0.2499848,0,0.001834334,-6.25849E-05,0.4105422,-0.8895799,0.07687399,0.4502645,1,0.75,0.25,0,3.282369E-05,0.4999662,0,0.006035465,-0.0006154182,0.592738,-0.7412573,0.2928724,0.6039565,1,0.5,0,0,-0.4999231,-9.259333E-06,0,0.005050005,0.003997115,0.3450263,-0.9585501,-0.2129202,0.1893323,1,1,0.5,0,7.127429E-06,0.2499695,0,0.001549442,9.238724E-05,0.46259,-0.8414798,0.3324438,0.4259025,1,0.5,0.25,0,0.25,0.5,0,0,0,0.6902101,-0.6805521,0.478907,0.5545239,0,0.25,0,0,-0.2500107,-4.933388E-05,0,-0.002120436,-0.0008449889,0.3286029,-0.9775491,0.0844666,0.1930366,1,0.75,0.5,0,-0.4999889,-0.2500262,0,0.002324582,-0.0008985404,0.3346261,-0.9704945,-0.2156522,-0.1078641,1,1,0.75,0,0.25,0.25,0,0,0,0.5719608,-0.7556247,0.5317358,0.3824767,0,0.25,0.25,0,0.5,0.5,0,0,0,0.8281943,-0.6098505,0.6173795,0.4969153,0,0,0,0,0.5,0.25,0,0,0,0.723356,-0.6621131,0.6702873,0.3351437,0,0,0.25,0,-0.2499716,-0.249975,0,0.002899767,0.002386422,0.317985,-0.9902382,0.08561085,-0.1099959,1,0.75,0.75,0,-0.4999892,-0.5000297,0,0.001731516,-2.384187E-05,0.3967254,-0.9032866,-0.2007183,-0.3791905,1,1,1,0,-0.2499992,-0.4999814,0,0.002616645,-0.0001654029,0.381242,-0.9191573,0.07943425,-0.385798,1,0.75,1,0,1.36091E-05,-3.215748E-05,0,0.001831123,-0.001450415,0.3854933,-0.9147443,0.3613958,0.1806539,1,0.5,0.5,0,0.25,0,0,0,0,0.5032946,-0.8073401,0.5681282,0.1594746,0,0.25,0.5,0,0.5,0,0,0,0,0.663658,-0.6960808,0.7046744,0.1374974,0,0,0.5,0,-2.035622E-05,-0.2499902,0,0.0003999149,-0.001697243,0.3755485,-0.9251343,0.3654619,-0.1027816,1,0.5,0.75,0,1.386104E-05,-0.4999604,0,0.003210821,-0.0004485251,0.4349235,-0.866381,0.3422888,-0.3636238,1,0.5,1,0,0.25,-0.25,0,0,0,0.4945351,-0.8144509,0.5731321,-0.09049455,0,0.25,0.75,0,0.5,-0.25,0,0,0,0.6561142,-0.7006228,0.7092724,-0.07784698,0,0,0.75,0,0.25,-0.5,0,0,0,0.5471867,-0.773501,0.5443155,-0.3246794,0,0.25,1,0,0.5,-0.5,0,0,0,0.7017071,-0.6740411,0.6823626,-0.2829309,0,0,1
150,0,-0.2500185,0.5000269,0,-0.0007614496,0.003552438,0.5472025,-0.7734894,0.06682705,0.6302763,1,0.75,0,0,-0.5000342,0.250002,0,-0.0005453827,-0.001826883,0.4255344,-0.8751701,-0.1945192,0.4429895,1,1,0.25,0,-0.4999754,0.5000649,0,0.001889468,0.007124248,0.5602721,-0.7639548,-0.1697445,0.622543,1,1,0,0,-0.2500238,0.2500499,0,-0.001043082,0.003257395,0.41057,-0.8895527,0.07684874,0.4503223,1,0.75,0.25,0,1.714778E-05,0.500045,0,-0.0007837957,0.003938378,0.5927811,-0.741228,0.2928465,0.6040048,1,0.5,0,0,-0.4999499,5.281986E-05,0,-0.001339615,0.003103961,0.3450437,-0.9585303,-0.2129475,0.1894018,1,1,0.5,0,1.201521E-05,0.2499844,0,0.0002443892,0.0007472935,0.462598,-0.8414727,0.3324462,0.4259144,1,0.5,0.25,0,0.25,0.5,0,0,0,0.6902101,-0.6805521,0.478907,0.5545239,0,0.25,0,0,-0.2499971,-1.006218E-05,0,0.0006832185,0.001963586,0.3286116,-0.9775388,0.08448219,0.1930819,1,0.75,0.5,0,-0.499978,-0.2500317,0,0.0005453827,-0.0002712013,0.3346244,-0.9704965,-0.2156395,-0.1078709,1,1,0.75,0,0.25,0.25,0,0,0,0.5719608,-0.7556247,0.5317358,0.3824767,0,0.25,0.25,0,0.5,0.5,0,0,0,0.8281943,-0.6098505,0.6173795,0.4969153,0,0,0,0,0.5,0.25,0,0,0,0.723356,-0.6621131,0.6702873,0.3351437,0,0,0.25,0,-0.2499323,-0.2500063,0,0.001963974,-0.001565368,0.3179918,-0.99023,0.08565816,-0.1100333,1,0.75,0.75,0,-0.5000058,-0.4999766,0,-0.0008344654,0.002655388,0.3967085,-0.9033036,-0.2007406,-0.3791384,1,1,1,0,-0.2499755,-0.5000075,0,0.001183898,-0.001303852,0.381254,-0.9191448,0.07946004,-0.3858224,1,0.75,1,0,1.147331E-05,-5.155842E-06,0,-0.0001067895,0.001350082,0.3854975,-0.9147401,0.3613918,0.1806836,1,0.5,0.5,0,0.25,0,0,0,0,0.5032946,-0.8073401,0.5681282,0.1594746,0,0.25,0.5,0,0.5,0,0,0,0,0.663658,-0.6960808,0.7046744,0.1374974,0,0,0.5,0,-4.770849E-05,-0.2500421,0,-0.001367614,-0.002593548,0.3755438,-0.9251393,0.3654326,-0.1028414,1,0.5,0.75,0,-3.647159E-05,-0.4999819,0,-0.002516632,-0.001077354,0.4349141,-0.8663898,0.3422384,-0.3636505,1,0.5,1,0,0.25,-0.25,0,0,0,0.4945351,-0.8144509,0.5731321,-0.09049455,0,0.25,0.75,0,0.5,-0.25,0,0,0,0.6561142,-0.7006228,0.7092724,-0.07784698,0,0,0.75,0,0.25,-0.5,0,0,0,0.5471867,-0.773501,0.5443155,-0.3246794,0,0.25,1,0,0.5,-0.5,0,0,0,0.7017071,-0.6740411,0.6823626,-0.2829309,0,0,1
151,0,-0.2500063,0.5000084,0,0.0006109478,-0.0009238723,0.5471916,-0.7734974,0.06683941,0.6302652,1,0.75,0,0,-0.4999333,0.2500443,0,0.005047025,0.002112986,0.4255335,-0.8751709,-0.1944103,0.4430356,1,1,0.25,0,-0.4999889,0.5000313,0,-0.0006735328,-0.001680852,0.5602534,-0.7639683,-0.1697602,0.6225222,1,1,0,0,-0.2499325,0.2500031,0,0.004567953,-0.002342463,0.4105559,-0.8895665,0.07695026,0.4502778,1,0.75,0.25,0,1.498192E-05,0.4999879,0,-0.0001082931,-0.002855064,0.5927459,-0.7412519,0.292854,0.603972,1,0.5,0,0,-0.4999869,5.067424E-06,0,-0.001847745,-0.002387623,0.3450425,-0.9585316,-0.2129915,0.1893456,1,1,0.5,0,1.619673E-05,0.2499968,0,0.0002090759,0.0006221237,0.4626047,-0.8414669,0.3324482,0.4259244,1,0.5,0.25,0,0.25,0.5,0,0,0,0.6902101,-0.6805521,0.478907,0.5545239,0,0.25,0,0,-0.2499636,5.455577E-05,0,0.001671911,0.003230899,0.3286269,-0.9775207,0.08452099,0.1931563,1,0.75,0.5,0,-0.4999849,-0.2500064,0,-0.0003427269,0.001263619,0.3346231,-0.970498,-0.2156481,-0.1078408,1,1,0.75,0,0.25,0.25,0,0,0,0.5719608,-0.7556247,0.5317358,0.3824767,0,0.25,0.25,0,0.5,0.5,0,0,0,0.8281943,-0.6098505,0.6173795,0.4969153,0,0,0,0,0.5,0.25,0,0,0,0.723356,-0.6621131,0.6702873,0.3351437,0,0,0.25,0,-0.2500163,-0.250001,0,-0.004200639,0.0002637507,0.317984,-0.9902394,0.08555627,-0.1100279,1,0.75,0.75,0,-0.4999878,-0.5000287,0,0.0009030107,-0.002601744,0.3967246,-0.9032874,-0.2007169,-0.3791896,1,1,1,0,-0.2500179,-0.5000021,0,-0.002118201,0.000268221,0.3812485,-0.9191505,0.07941246,-0.3858187,1,0.75,1,0,4.89174E-05,9.093965E-06,0,0.001872205,0.0007124906,0.3855135,-0.9147235,0.3614275,0.1806964,1,0.5,0.5,0,0.25,0,0,0,0,0.5032946,-0.8073401,0.5681282,0.1594746,0,0.25,0.5,0,0.5,0,0,0,0,0.663658,-0.6960808,0.7046744,0.1374974,0,0,0.5,0,2.618627E-05,-0.2499996,0,0.003694739,0.002124161,0.3755665,-0.9251153,0.3655076,-0.1027902,1,0.5,0.75,0,-1.045158E-05,-0.4999907,0,0.001301001,-0.0004366042,0.4349262,-0.8663786,0.3422618,-0.3636551,1,0.5,1,0,0.25,-0.25,0,0,0,0.4945351,-0.8144509,0.5731321,-0.09049455,0,0.25,0.75,0,0.5,-0.25,0,0,0,0.6561142,-0.7006228,0.7092724,-0.07784698,0,0,0.75,0,0.25,-0.5,0,0,0,0.5471867,-0.773501,0.5443155,-0.3246794,0,0.25,1,0,0.5,-0.5,0,0,0,0.7017071,-0.6740411,0.6823626,-0.2829309,0,0,1
152,0,-0.2500189,0.4999605,0,-0.0006288292,-0.002393127,0.5471605,-0.7735204,0.06682939,0.6302382,1,0.75,0,0,-0.4999995,0.2500092,0,-0.003309549,-0.001753867,0.4255309,-0.8751734,-0.1944824,0.442999,1,1,0.25,0,-0.5000104,0.4999621,0,-0.001078845,-0.003460051,0.5602139,-0.7639968,-0.1697869,0.6224801,1,1,0,0,-0.2499963,0.2499628,0,-0.003189595,-0.002015383,0.4105328,-0.889589,0.07688215,0.4502449,1,0.75,0.25,0,-4.155183E-06,0.5000096,0,-0.0009568555,0.001084805,0.5927534,-0.7412468,0.2928345,0.6039877,1,0.5,0,0,-0.4999781,5.725342E-07,0,0.0004410745,-0.0002247446,0.3450398,-0.9585347,-0.2129818,0.1893408,1,1,0.5,0,-1.289583E-05,0.2500044,0,-0.001454629,0.0003755094,0.4625982,-0.8414726,0.3324202,0.4259351,1,0.5,0.25,0,0.25,0.5,0,0,0,0.6902101,-0.6805521,0.478907,0.5545239,0,0.25,0,0,-0.2500077,-9.446507E-05,0,-0.002201647,-0.007451045,0.3285944,-0.977559,0.08447116,0.1929841,1,0.75,0.5,0,-0.5000272,-0.2500295,0,-0.002118946,-0.001156331,0.3346347,-0.9704844,-0.2156959,-0.107867,1,1,0.75,0,0.25,0.25,0,0,0,0.5719608,-0.7556247,0.5317358,0.3824767,0,0.25,0.25,0,0.5,0.5,0,0,0,0.8281943,-0.6098505,0.6173795,0.4969153,0,0,0,0,0.5,0.25,0,0,0,0.723356,-0.6621131,0.6702873,0.3351437,0,0,0.25,0,-0.2500286,-0.2499491,0,-0.0006109478,0.002595783,0.3179773,-0.9902475,0.08554203,-0.1099653,1,0.75,0.75,0,-0.4999509,-0.5000485,0,0.001843274,-0.0009924177,0.3967248,-0.9032872,-0.2006758,-0.3792117,1,1,1,0,-0.2499786,-0.5000017,0,0.001961739,2.384187E-05,0.3812515,-0.9191474,0.07945672,-0.3858169,1,0.75,1,0,4.523468E-05,1.925452E-05,0,-0.0001841358,0.000508028,0.385514,-0.914723,0.3614231,0.1807078,1,0.5,0.5,0,0.25,0,0,0,0,0.5032946,-0.8073401,0.5681282,0.1594746,0,0.25,0.5,0,0.5,0,0,0,0,0.663658,-0.6960808,0.7046744,0.1374974,0,0,0.5,0,-2.317859E-05,-0.2499647,0,-0.002468243,0.001747907,0.3755448,-0.9251382,0.3654602,-0.1027528,1,0.5,0.75,0,4.209392E-05,-0.50004,0,0.002627276,-0.002466143,0.4349621,-0.8663453,0.3423049,-0.3636939,1,0.5,1,0,0.25,-0.25,0,0,0,0.4945351,-0.8144509,0.5731321,-0.09049455,0,0.25,0.75,0,0.5,-0.25,0,0,0,0.6561142,-0.7006228,0.7092724,-0.07784698,0,0,0.75,0,0.25,-0.5,0,0,0,0.5471867,-0.773501,0.5443155,-0.3246794,0,0.25,1,0,0.5,-0.5,0,0,0,0.7017071,-0.6740411,0.6823626,-0.2829309,0,0,1
153,0,-0.2499537,0.4999748,0,0.00325963,0.000715256,0.547174,-0.7735105,0.06689078,0.6302437,1,0.75,0,0,-0.5000294,0.2499883,0,-0.001496077,-0.001043082,0.4255275,-0.8751766,-0.1945155,0.4429781,1,1,0.25,0,-0.4999429,0.4999439,0,0.003375114,-0.0009074811,0.5601913,-0.7640131,-0.1697269,0.6224763,1,1,0,0,-0.2500036,0.2499762,0,-0.0003650786,0.0006727877,0.4105383,-0.8895836,0.07687367,0.450257,1,0.75,0.25,0,-1.224699E-05,0.4999843,0,-0.0004045904,-0.001266599,0.5927358,-0.7412588,0.2928318,0.6039742,1,0.5,0,0,-0.5000098,-6.262043E-05,0,-0.001585484,-0.00315965,0.3450346,-0.9585406,-0.2130206,0.1892673,1,1,0.5,0,1.036758E-06,0.250043,0,0.0006966297,0.001931191,0.4626193,-0.8414541,0.3324274,0.4259659,1,0.5,0.25,0,0.25,0.5,0,0,0,0.6902101,-0.6805521,0.478907,0.5545239,0,0.25,0,0,-0.2500137,-3.765336E-05,0,-0.0003039838,0.002840587,0.3286049,-0.9775468,0.08446276,0.1930502,1,0.75,0.5,0,-0.4999056,-0.2500398,0,0.006084146,-0.0005126001,0.3346096,-0.9705137,-0.2155566,-0.1078825,1,1,0.75,0,0.25,0.25,0,0,0,0.5719608,-0.7556247,0.5317358,0.3824767,0,0.25,0.25,0,0.5,0.5,0,0,0,0.8281943,-0.6098505,0.6173795,0.4969153,0,0,0,0,0.5,0.25,0,0,0,0.723356,-0.6621131,0.6702873,0.3351437,0,0,0.25,0,-0.2498822,-0.2500413,0,0.007316473,-0.004608931,0.318,-0.9902201,0.08571855,-0.110075,1,0.75,0.75,0,-0.500021,-0.499979,0,-0.003506245,0.003474952,0.3967125,-0.9032996,-0.2007567,-0.3791394,1,1,1,0,-0.2500058,-0.4999843,0,-0.001356751,0.0008702282,0.3812426,-0.9191567,0.07942673,-0.385801,1,0.75,1,0,3.749033E-05,-9.882076E-06,0,-0.0003872177,-0.00145683,0.385506,-0.9147313,0.3614177,0.1806765,1,0.5,0.5,0,0.25,0,0,0,0,0.5032946,-0.8073401,0.5681282,0.1594746,0,0.25,0.5,0,0.5,0,0,0,0,0.663658,-0.6960808,0.7046744,0.1374974,0,0,0.5,0,-2.607789E-05,-0.2500124,0,-0.0001449651,-0.002387912,0.3755487,-0.9251341,0.3654553,-0.1028069,1,0.5,0.75,0,-5.679137E-06,-0.4999935,0,-0.002388654,0.002326072,0.4349288,-0.8663761,0.3422659,-0.3636571,1,0.5,1,0,0.25,-0.25,0,0,0,0.4945351,-0.8144509,0.5731321,-0.09049455,0,0.25,0.75,0,0.5,-0.25,0,0,0,0.6561142,-0.7006228,0.7092724,-0.07784698,0,0,0.75,0,0.25,-0.5,0,0,0,0.5471867,-0.773501,0.5443155,-0.3246794,0,0.25,1,0,0.5,-0.5,0,0,0,0.7017071,-0.6740411,0.6823626,-0.2829309,0,0,1
154,0,-0.2500163,0.499994,0,-0.0031285,0.0009581451,0.5471818,-0.7735046,0.06683053,0.6302573,1,0.75,0,0,-0.5000276,0.2499447,0,8.9407E-05,-0.002183021,0.4255077,-0.8751953,-0.1945177,0.4429403,1,1,0.25,0,-0.4999269,0.4999944,0,0.0008016828,0.002522768,0.5602199,-0.7639925,-0.1697072,0.622507,1,1,0,0,-0.2500072,0.2499737,0,-0.0001832844,-0.0001251698,0.4105369,-0.8895851,0.07686976,0.4502549,1,0.75,0.25,0,2.217382E-05,0.4999727,0,0.001721041,-0.0005766752,0.5927389,-0.7412567,0.2928624,0.603962,1,0.5,0,0,-0.4999532,-8.544332E-06,0,0.002831222,0.002703806,0.3450328,-0.9585426,-0.212954,0.1893317,1,1,0.5,0,-3.305222E-06,0.2499142,0,-0.0002170991,-0.006438049,0.462563,-0.8415034,0.3324423,0.425857,1,0.5,0.25,0,0.25,0.5,0,0,0,0.6902101,-0.6805521,0.478907,0.5545239,0,0.25,0,0,-0.2500343,-5.445434E-05,0,-0.00102818,-0.0008400496,0.3285999,-0.9775527,0.08443845,0.1930311,1,0.75,0.5,0,-0.4999943,-0.2501221,0,-0.004436078,-0.004118682,0.3346376,-0.970481,-0.2156556,-0.1079776,1,1,0.75,0,0.25,0.25,0,0,0,0.5719608,-0.7556247,0.5317358,0.3824767,0,0.25,0.25,0,0.5,0.5,0,0,0,0.8281943,-0.6098505,0.6173795,0.4969153,0,0,0,0,0.5,0.25,0,0,0,0.723356,-0.6621131,0.6702873,0.3351437,0,0,0.25,0,-0.2499651,-0.2500128,0,-0.00414625,0.001426042,0.3179897,-0.9902325,0.08561825,-0.1100415,1,0.75,0.75,0,-0.4999844,-0.5000643,0,0.001834334,-0.004264714,0.3967375,-0.9032744,-0.2007102,-0.3792239,1,1,1,0,-0.249996,-0.5000451,0,0.0004895033,-0.003042818,0.3812668,-0.9191314,0.07943565,-0.3858594,1,0.75,1,0,-2.133887E-05,-8.614843E-07,0,-0.002941461,0.0004510298,0.3854864,-0.9147515,0.3613592,0.1806907,1,0.5,0.5,0,0.25,0,0,0,0,0.5032946,-0.8073401,0.5681282,0.1594746,0,0.25,0.5,0,0.5,0,0,0,0,0.663658,-0.6960808,0.7046744,0.1374974,0,0,0.5,0,-2.306504E-05,-0.2500256,0,0.0001506424,-0.0006586316,0.3755512,-0.9251316,0.3654577,-0.1028216,1,0.5,0.75,0,1.411918E-05,-0.5000167,0,0.000989916,-0.001160801,0.434944,-0.866362,0.3422816,-0.363676,1,0.5,1,0,0.25,-0.25,0,0,0,0.4945351,-0.8144509,0.5731321,-0.09049455,0,0.25,0.75,0,0.5,-0.25,0,0,0,0.6561142,-0.7006228,0.7092724,-0.07784698,0,0,0.75,0,0.25,-0.5,0,0,0,0.5471867,-0.773501,0.5443155,-0.3246794,0,0.25,1,0,0.5,-0.5,0,0,0,0.7017071,-0.6740411,0.6823626,-0.2829309,0,0,1
155,0,-0.2499936,0.5000017,0,0.001132489,0.00038296,0.5471882,-0.7735,0.06685176,0.6302608,1,0.75,0,0,-0.5000036,0.2499661,0,0.001201034,0.001071394,0.4255126,-0.8751907,-0.1944907,0.4429612,1,1,0.25,0,-0.4999878,0.4999555,0,-0.003047289,-0.001943112,0.5602061,-0.7640024,-0.1697669,0.6224785,1,1,0,0,-0.25002,0.2499841,0,-0.0006362798,0.0005185606,0.4105406,-0.8895814,0.07685547,0.4502645,1,0.75,0.25,0,2.470241E-05,0.5000149,0,0.0001264295,0.002108515,0.5927651,-0.7412389,0.2928577,0.603986,1,0.5,0,0,-0.4999377,2.253257E-06,0,0.0007718804,0.0005398796,0.3450316,-0.9585441,-0.2129361,0.1893447,1,1,0.5,0,9.436475E-06,0.2499543,0,0.0006370851,0.002004207,0.4625843,-0.8414847,0.3324482,0.4258893,1,0.5,0.25,0,0.25,0.5,0,0,0,0.6902101,-0.6805521,0.478907,0.5545239,0,0.25,0,0,-0.2499538,-3.506747E-05,0,0.004023315,0.0009693438,0.3286104,-0.9775402,0.08453449,0.193052,1,0.75,0.5,0,-0.4999383,-0.2500962,0,0.002796949,0.001294911,0.3346227,-0.9704984,-0.2155924,-0.1079485,1,1,0.75,0,0.25,0.25,0,0,0,0.5719608,-0.7556247,0.5317358,0.3824767,0,0.25,0.25,0,0.5,0.5,0,0,0,0.8281943,-0.6098505,0.6173795,0.4969153,0,0,0,0,0.5,0.25,0,0,0,0.723356,-0.6621131,0.6702873,0.3351437,0,0,0.25,0,-0.2499083,-0.2500465,0,0.002843888,-0.001686812,0.3179983,-0.9902221,0.08568688,-0.1100816,1,0.75,0.75,0,-0.5000062,-0.5001031,0,-0.001092256,-0.001937152,0.3967566,-0.9032552,-0.2007303,-0.379259,1,1,1,0,-0.2500163,-0.5000145,0,-0.001017005,0.00152886,0.3812534,-0.9191453,0.07941377,-0.3858306,1,0.75,1,0,4.980215E-05,2.183379E-05,0,0.003557052,0.001134764,0.3855162,-0.9147207,0.3614274,0.1807102,1,0.5,0.5,0,0.25,0,0,0,0,0.5032946,-0.8073401,0.5681282,0.1594746,0,0.25,0.5,0,0.5,0,0,0,0,0.663658,-0.6960808,0.7046744,0.1374974,0,0,0.5,0,-4.963206E-05,-0.2500309,0,-0.001328352,-0.0002667309,0.375542,-0.9251413,0.3654312,-0.1028288,1,0.5,0.75,0,2.232079E-05,-0.5000015,0,0.0004100809,0.0007599595,0.4349414,-0.8663645,0.3422913,-0.3636608,1,0.5,1,0,0.25,-0.25,0,0,0,0.4945351,-0.8144509,0.5731321,-0.09049455,0,0.25,0.75,0,0.5,-0.25,0,0,0,0.6561142,-0.7006228,0.7092724,-0.07784698,0,0,0.75,0,0.25,-0.5,0,0,0,0.5471867,-0.773501,0.5443155,-0.3246794,0,0.25,1,0,0.5,-0.5,0,0,0,0.7017071,-0.6740411,0.6823626,-0.2829309,0,0,1
156,0,-0.2499314,0.4999277,0,0.003112854,-0.003696979,0.5471457,-0.7735313,0.06691393,0.6302158,1,0.75,0,0,-0.5000531,0.2499878,0,-0.002476574,0.00108406,0.4255318,-0.8751725,-0.1945402,0.4429754,1,1,0.25,0,-0.4999548,0.4999929,0,0.001649559,0.001868606,0.5602238,-0.7639896,-0.1697329,0.6225034,1,1,0,0,-0.2499621,0.2499999,0,0.002893062,0.0007897618,0.4105521,-0.8895701,0.07691804,0.4502761,1,0.75,0.25,0,8.691418E-05,0.4999575,0,0.003110589,-0.002869965,0.5927486,-0.74125,0.292919,0.6039427,1,0.5,0,0,-0.4999994,2.56688E-05,0,-0.003084542,0.001170777,0.3450491,-0.9585242,-0.2130047,0.1893685,1,1,0.5,0,-1.88438E-05,0.249916,0,-0.001414014,-0.001917035,0.4625586,-0.8415073,0.3324277,0.4258608,1,0.5,0.25,0,0.25,0.5,0,0,0,0.6902101,-0.6805521,0.478907,0.5545239,0,0.25,0,0,-0.2500463,-2.816222E-05,0,-0.004625322,0.000345263,0.3286039,-0.9775479,0.0844235,0.1930619,1,0.75,0.5,0,-0.4999975,-0.2500144,0,-0.002957882,0.00409335,0.3346267,-0.9704938,-0.2156623,-0.1078499,1,1,0.75,0,0.25,0.25,0,0,0,0.5719608,-0.7556247,0.5317358,0.3824767,0,0.25,0.25,0,0.5,0.5,0,0,0,0.8281943,-0.6098505,0.6173795,0.4969153,0,0,0,0,0.5,0.25,0,0,0,0.723356,-0.6621131,0.6702873,0.3351437,0,0,0.25,0,-0.2499812,-0.2499394,0,-0.003644825,0.005357715,0.3179803,-0.9902439,0.08559965,-0.109953,1,0.75,0.75,0,-0.5000004,-0.50007,0,0.0002920629,0.001651049,0.3967429,-0.9032689,-0.2007268,-0.379228,1,1,1,0,-0.2500286,-0.4999706,0,-0.000612438,0.002196432,0.3812355,-0.9191641,0.07940149,-0.3857886,1,0.75,1,0,-1.480774E-05,-4.070518E-05,0,-0.003230496,-0.00312695,0.3854815,-0.9147566,0.3613686,0.1806467,1,0.5,0.5,0,0.25,0,0,0,0,0.5032946,-0.8073401,0.5681282,0.1594746,0,0.25,0.5,0,0.5,0,0,0,0,0.663658,-0.6960808,0.7046744,0.1374974,0,0,0.5,0,-3.026279E-05,-0.2500232,0,0.0009684642,0.0003874303,0.3755483,-0.9251345,0.3654507,-0.1028192,1,0.5,0.75,0,-4.849266E-06,-0.5000162,0,-0.001358503,-0.0007361177,0.4349374,-0.8663682,0.3422637,-0.3636781,1,0.5,1,0,0.25,-0.25,0,0,0,0.4945351,-0.8144509,0.5731321,-0.09049455,0,0.25,0.75,0,0.5,-0.25,0,0,0,0.6561142,-0.7006228,0.7092724,-0.07784698,0,0,0.75,0,0.25,-0.5,0,0,0,0.5471867,-0.773501,0.5443155,-0.3246794,0,0.25,1,0,0.5,-0.5,0,0,0,0.7017071,-0.6740411,0.6823626,-0.2829309,0,0,1
157,0,-0.2500348,0.5000812,0,-0.005170705,0.007675591,0.5472356,-0.7734649,0.06680943,0.6303083,1,0.75,0,0,-0.5000194,0.2499627,0,0.001683832,-0.001255423,0.4255141,-0.8751892,-0.1945075,0.4429567,1,1,0.25,0,-0.500011,0.5000454,0,-0.00280589,0.002625586,0.5602659,-0.7639593,-0.1697791,0.6225282,1,1,0,0,-0.2500162,0.2500027,0,-0.002705307,0.0001415611,0.4105493,-0.8895729,0.07685886,0.4502807,1,0.75,0.25,0,1.462016E-05,0.5000149,0,-0.003614702,0.002869965,0.5927621,-0.7412409,0.2928493,0.6039877,1,0.5,0,0,-0.4999759,1.839259E-05,0,0.001177192,-0.0003638105,0.3450427,-0.9585314,-0.2129784,0.1893613,1,1,0.5,0,-1.15512E-05,0.2500029,0,0.0003646299,0.004346671,0.462598,-0.8414727,0.3324217,0.4259337,1,0.5,0.25,0,0.25,0.5,0,0,0,0.6902101,-0.6805521,0.478907,0.5545239,0,0.25,0,0,-0.2499893,1.696299E-05,0,0.002849848,0.002256261,0.3286175,-0.9775319,0.08449092,0.1931132,1,0.75,0.5,0,-0.4999106,-0.249963,0,0.004346671,0.002569706,0.3346024,-0.970522,-0.2155644,-0.1077914,1,1,0.75,0,0.25,0.25,0,0,0,0.5719608,-0.7556247,0.5317358,0.3824767,0,0.25,0.25,0,0.5,0.5,0,0,0,0.8281943,-0.6098505,0.6173795,0.4969153,0,0,0,0,0.5,0.25,0,0,0,0.723356,-0.6621131,0.6702873,0.3351437,0,0,0.25,0,-0.2499405,-0.2500231,0,0.002031029,-0.004186483,0.317993,-0.9902285,0.08564799,-0.1100536,1,0.75,0.75,0,-0.4999669,-0.4999656,0,0.001674891,0.005222859,0.3966965,-0.9033157,-0.2006999,-0.3791312,1,1,1,0,-0.2500313,-0.5000536,0,-0.0001370907,-0.004148485,0.3812673,-0.9191309,0.07939551,-0.3858688,1,0.75,1,0,4.190595E-05,3.383771E-05,0,0.002835686,0.003727146,0.3855155,-0.9147215,0.3614188,0.1807239,1,0.5,0.5,0,0.25,0,0,0,0,0.5032946,-0.8073401,0.5681282,0.1594746,0,0.25,0.5,0,0.5,0,0,0,0,0.663658,-0.6960808,0.7046744,0.1374974,0,0,0.5,0,-1.544854E-05,-0.2499976,0,0.0007407128,0.001279265,0.3755511,-0.9251316,0.3654664,-0.1027897,1,0.5,0.75,0,1.812545E-05,-0.4999926,0,0.001148736,0.001181663,0.4349366,-0.8663689,0.3422886,-0.3636531,1,0.5,1,0,0.25,-0.25,0,0,0,0.4945351,-0.8144509,0.5731321,-0.09049455,0,0.25,0.75,0,0.5,-0.25,0,0,0,0.6561142,-0.7006228,0.7092724,-0.07784698,0,0,0.75,0,0.25,-0.5,0,0,0,0.5471867,-0.773501,0.5443155,-0.3246794,0,0.25,1,0,0.5,-0.5,0,0,0,0.7017071,-0.6740411,0.6823626,-0.2829309,0,0,1
158,0,-0.2500296,0.5000012,0,0.0002577902,-0.004002453,0.5471854,-0.773502,0.06681755,0.630262,1,0.75,0,0,-0.4999578,0.2500116,0,0.003081561,0.002443791,0.4255238,-0.8751801,-0.1944389,0.4430049,1,1,0.25,0,-0.4999834,0.5000316,0,0.001379848,-0.0006914142,0.5602527,-0.7639688,-0.1697552,0.6225229,1,1,0,0,-0.2500326,0.2499877,0,-0.0008180741,-0.000753254,0.4105412,-0.8895808,0.07684157,0.4502681,1,0.75,0.25,0,1.750269E-05,0.5000389,0,0.0001441262,0.001201034,0.5927775,-0.7412305,0.2928478,0.6040012,1,0.5,0,0,-0.5000294,-3.225216E-05,0,-0.00267923,-0.002532239,0.3450446,-0.9585294,-0.2130414,0.189301,1,1,0.5,0,-4.947282E-06,0.2499858,0,0.000330196,-0.0008568171,0.462593,-0.8414772,0.3324303,0.4259181,1,0.5,0.25,0,0.25,0.5,0,0,0,0.6902101,-0.6805521,0.478907,0.5545239,0,0.25,0,0,-0.2500437,4.051361E-05,0,-0.002718718,0.001177531,0.3286175,-0.9775319,0.08442529,0.1931416,1,0.75,0.5,0,-0.4999872,-0.249955,0,-0.00383109,0.0004008414,0.334618,-0.9705039,-0.2156522,-0.1077798,1,1,0.75,0,0.25,0.25,0,0,0,0.5719608,-0.7556247,0.5317358,0.3824767,0,0.25,0.25,0,0.5,0.5,0,0,0,0.8281943,-0.6098505,0.6173795,0.4969153,0,0,0,0,0.5,0.25,0,0,0,0.723356,-0.6621131,0.6702873,0.3351437,0,0,0.25,0,-0.2500339,-0.2499592,0,-0.004668536,0.003195555,0.317978,-0.9902467,0.08553541,-0.1099775,1,0.75,0.75,0,-0.4999922,-0.4999985,0,-0.001266599,-0.001646579,0.3967141,-0.903298,-0.2007242,-0.3791604,1,1,1,0,-0.2500134,-0.4999683,0,0.0008955601,0.004261734,0.3812358,-0.9191637,0.07941867,-0.3857859,1,0.75,1,0,3.110704E-06,5.19287E-05,0,-0.001939763,0.0009045498,0.3855047,-0.9147326,0.3613793,0.1807466,1,0.5,0.5,0,0.25,0,0,0,0,0.5032946,-0.8073401,0.5681282,0.1594746,0,0.25,0.5,0,0.5,0,0,0,0,0.663658,-0.6960808,0.7046744,0.1374974,0,0,0.5,0,-1.019086E-05,-0.2499898,0,0.0002628839,0.0003919007,0.3755522,-0.9251305,0.365472,-0.1027806,1,0.5,0.75,0,3.541794E-05,-0.500017,0,0.0008646244,-0.001220406,0.4349514,-0.8663552,0.3423016,-0.3636734,1,0.5,1,0,0.25,-0.25,0,0,0,0.4945351,-0.8144509,0.5731321,-0.09049455,0,0.25,0.75,0,0.5,-0.25,0,0,0,0.6561142,-0.7006228,0.7092724,-0.07784698,0,0,0.75,0,0.25,-0.5,0,0,0,0.5471867,-0.773501,0.5443155,-0.3246794,0,0.25,1,0,0.5,-0.5,0,0,0,0.7017071,-0.6740411,0.6823626,-0.2829309,0,0,1
159,0,-0.2500011,0.4999655,0,0.001424552,-0.00178665,0.5471649,-0.7735171,0.06684607,0.6302402,1,0.75,0,0,-0.4999805,0.2499614,0,-0.001135469,-0.002508611,0.425506,-0.8751969,-0.1944672,0.4429592,1,1,0.25,0,-0.4999155,0.4999948,0,0.003395976,-0.001840294,0.5602182,-0.7639937,-0.1696966,0.6225084,1,1,0,0,-0.2500281,0.2500339,0,0.0002250076,0.002308936,0.4105624,-0.8895601,0.07684473,0.4503084,1,0.75,0.25,0,5.658854E-05,0.4999812,0,0.001954294,-0.002887846,0.592754,-0.7412464,0.2928899,0.6039613,1,0.5,0,0,-0.5000445,-3.229843E-05,0,-0.0007510188,-2.313755E-06,0.3450477,-0.9585258,-0.2130584,0.1893002,1,1,0.5,0,7.019456E-06,0.2500068,0,0.0005983372,0.001050532,0.4626058,-0.8414659,0.3324383,0.4259342,1,0.5,0.25,0,0.25,0.5,0,0,0,0.6902101,-0.6805521,0.478907,0.5545239,0,0.25,0,0,-0.2500257,-1.863183E-05,0,0.0009015206,-0.002957273,0.3286076,-0.9775436,0.08444806,0.1930725,1,0.75,0.5,0,-0.499952,-0.2499848,0,0.001758338,-0.001493097,0.3346137,-0.9705089,-0.2156112,-0.1078161,1,1,0.75,0,0.25,0.25,0,0,0,0.5719608,-0.7556247,0.5317358,0.3824767,0,0.25,0.25,0,0.5,0.5,0,0,0,0.8281943,-0.6098505,0.6173795,0.4969153,0,0,0,0,0.5,0.25,0,0,0,0.723356,-0.6621131,0.6702873,0.3351437,0,0,0.25,0,-0.2500086,-0.249959,0,0.001265109,7.450583E-06,0.3179801,-0.9902442,0.08556612,-0.1099771,1,0.75,0.75,0,-0.4998854,-0.5000085,0,0.005339088,-0.0005006792,0.3966964,-0.9033157,-0.200609,-0.3791791,1,1,1,0,-0.2499029,-0.5000156,0,0.005523863,-0.002363325,0.3812628,-0.9191356,0.0795416,-0.3858277,1,0.75,1,0,-5.550366E-06,2.633614E-05,0,-0.0004330537,-0.001279628,0.385497,-0.9147406,0.3613727,0.1807192,1,0.5,0.5,0,0.25,0,0,0,0,0.5032946,-0.8073401,0.5681282,0.1594746,0,0.25,0.5,0,0.5,0,0,0,0,0.663658,-0.6960808,0.7046744,0.1374974,0,0,0.5,0,-1.134821E-05,-0.2499973,0,-5.78674E-05,-0.0003777446,0.3755525,-0.9251301,0.3654705,-0.1027892,1,0.5,0.75,0,0.0001090375,-0.4999395,0,0.00368098,0.003872813,0.4349485,-0.8663579,0.3423815,-0.3635917,1,0.5,1,0,0.25,-0.25,0,0,0,0.4945351,-0.8144509,0.5731321,-0.09049455,0,0.25,0.75,0,0.5,-0.25,0,0,0,0.6561142,-0.7006228,0.7092724,-0.07784698,0,0,0.75,0,0.25,-0.5,0,0,0,0.5471867,-0.773501,0.5443155,-0.3246794,0,0.25,1,0,0.5,-0.5,0,0,0,0.7017071,-0.6740411,0.6823626,-0.2829309,0,0,1
160,0,-0.2500205,0.4999524,0,-0.0009685759,-0.000651181,0.5471554,-0.7735242,0.06682818,0.6302335,1,0.75,0,0,-0.4998482,0.2499725,0,0.006617608,0.0005543234,0.4254852,-0.8752166,-0.1943285,0.4429812,1,1,0.25,0,-0.4999602,0.4999658,0,-0.002235175,-0.001451374,0.5602077,-0.7640013,-0.1697405,0.6224872,1,1,0,0,-0.2499992,0.2500217,0,0.001443923,-0.0006064775,0.4105591,-0.8895633,0.07687672,0.4502966,1,0.75,0.25,0,-1.326443E-07,0.5000044,0,-0.00283606,0.001162291,0.5927514,-0.7412482,0.2928387,0.603984,1,0.5,0,0,-0.5000136,-8.56909E-05,0,0.001540781,-0.002669625,0.3450311,-0.9585446,-0.2130261,0.1892407,1,1,0.5,0,4.910124E-05,0.2499896,0,0.00210409,-0.0008605424,0.4626125,-0.8414601,0.3324797,0.4259134,1,0.5,0.25,0,0.25,0.5,0,0,0,0.6902101,-0.6805521,0.478907,0.5545239,0,0.25,0,0,-0.2500182,-2.181328E-05,0,0.0003740193,-0.0001590727,0.3286076,-0.9775436,0.08445709,0.1930687,1,0.75,0.5,0,-0.5000175,-0.2500094,0,-0.003272296,-0.001228601,0.3346304,-0.9704894,-0.2156852,-0.1078434,1,1,0.75,0,0.25,0.25,0,0,0,0.5719608,-0.7556247,0.5317358,0.3824767,0,0.25,0.25,0,0.5,0.5,0,0,0,0.8281943,-0.6098505,0.6173795,0.4969153,0,0,0,0,0.5,0.25,0,0,0,0.723356,-0.6621131,0.6702873,0.3351437,0,0,0.25,0,-0.2499814,-0.2499823,0,0.001360477,-0.001165271,0.317985,-0.9902382,0.08559887,-0.1100049,1,0.75,0.75,0,-0.4999341,-0.5000387,0,-0.002434851,-0.001507998,0.3967177,-0.9032943,-0.2006586,-0.3792037,1,1,1,0,-0.2500017,-0.5000171,0,-0.004938247,-7.450584E-05,0.3812556,-0.9191431,0.07943019,-0.3858326,1,0.75,1,0,4.115239E-05,-6.998882E-06,0,0.002335139,-0.001666752,0.3855078,-0.9147294,0.361421,0.1806794,1,0.5,0.5,0,0.25,0,0,0,0,0.5032946,-0.8073401,0.5681282,0.1594746,0,0.25,0.5,0,0.5,0,0,0,0,0.663658,-0.6960808,0.7046744,0.1374974,0,0,0.5,0,-3.667608E-05,-0.2500152,0,-0.001266394,-0.00089407,0.3755451,-0.9251379,0.3654447,-0.1028105,1,0.5,0.75,0,5.247406E-05,-0.4999305,0,-0.002828173,0.0004500152,0.4349259,-0.8663788,0.3423293,-0.3635909,1,0.5,1,0,0.25,-0.25,0,0,0,0.4945351,-0.8144509,0.5731321,-0.09049455,0,0.25,0.75,0,0.5,-0.25,0,0,0,0.6561142,-0.7006228,0.7092724,-0.07784698,0,0,0.75,0,0.25,-0.5,0,0,0,0.5471867,-0.773501,0.5443155,-0.3246794,0,0.25,1,0,0.5,-0.5,0,0,0,0.7017071,-0.6740411,0.6823626,-0.2829309,0,0,1
161,0,-0.2500135,0.5000612,0,0.0003516675,0.005438926,0.5472244,-0.7734732,0.06683049,0.6302959,1,0.75,0,0,-0.4999419,0.2500091,0,-0.004687907,0.001829118,0.4255196,-0.8751841,-0.1944226,0.4430042,1,1,0.25,0,-0.5000081,0.4999876,0,-0.002397598,0.001093746,0.5602295,-0.7639855,-0.1697822,0.6224951,1,1,0,0,-0.2499862,0.2500146,0,0.0006504359,-0.0003546478,0.4105569,-0.8895655,0.07689119,0.45029,1,0.75,0.25,0,2.471608E-05,0.499989,0,0.001242437,-0.0007718804,0.5927495,-0.7412495,0.2928619,0.603971,1,0.5,0,0,-0.499945,8.573408E-06,0,0.003433229,0.004713217,0.3450343,-0.958541,-0.212944,0.1893516,1,1,0.5,0,1.598668E-05,0.2500283,0,-0.001655729,0.001939387,0.4626181,-0.8414552,0.3324434,0.4259512,1,0.5,0.25,0,0.25,0.5,0,0,0,0.6902101,-0.6805521,0.478907,0.5545239,0,0.25,0,0,-0.2500015,6.655085E-05,0,0.0008359555,0.004418208,0.328626,-0.9775218,0.08447538,0.193171,1,0.75,0.5,0,-0.49991,-0.2499908,0,0.005371871,0.0009298328,0.3346053,-0.9705186,-0.215563,-0.1078244,1,1,0.75,0,0.25,0.25,0,0,0,0.5719608,-0.7556247,0.5317358,0.3824767,0,0.25,0.25,0,0.5,0.5,0,0,0,0.8281943,-0.6098505,0.6173795,0.4969153,0,0,0,0,0.5,0.25,0,0,0,0.723356,-0.6621131,0.6702873,0.3351437,0,0,0.25,0,-0.2499347,-0.2500415,0,0.002337248,-0.002955646,0.3179955,-0.9902255,0.08565491,-0.1100757,1,0.75,0.75,0,-0.4999913,-0.5000331,0,-0.002859534,0.0002801419,0.396727,-0.9032849,-0.2007203,-0.3791935,1,1,1,0,-0.2500062,-0.4999852,0,-0.0002235175,0.001597405,0.3812429,-0.9191564,0.07942626,-0.3858019,1,0.75,1,0,2.3737E-05,2.312125E-05,0,-0.0008707698,0.001506007,0.385507,-0.9147302,0.3614017,0.1807136,1,0.5,0.5,0,0.25,0,0,0,0,0.5032946,-0.8073401,0.5681282,0.1594746,0,0.25,0.5,0,0.5,0,0,0,0,0.663658,-0.6960808,0.7046744,0.1374974,0,0,0.5,0,-2.276999E-05,-0.2499468,0,0.0006953052,0.003419818,0.3755432,-0.92514,0.3654614,-0.1027326,1,0.5,0.75,0,-5.883943E-05,-0.5000026,0,-0.005565676,-0.003604592,0.434914,-0.8663899,0.3422146,-0.3636726,1,0.5,1,0,0.25,-0.25,0,0,0,0.4945351,-0.8144509,0.5731321,-0.09049455,0,0.25,0.75,0,0.5,-0.25,0,0,0,0.6561142,-0.7006228,0.7092724,-0.07784698,0,0,0.75,0,0.25,-0.5,0,0,0,0.5471867,-0.773501,0.5443155,-0.3246794,0,0.25,1,0,0.5,-0.5,0,0,0,0.7017071,-0.6740411,0.6823626,-0.2829309,0,0,1
162,0,-0.2499975,0.5000068,0,0.0007979575,-0.002720953,0.5471911,-0.7734978,0.06684785,0.6302639,1,0.75,0,0,-0.4999729,0.2500814,0,-0.001548231,0.003616513,0.4255577,-0.8751481,-0.1944481,0.4430641,1,1,0.25,0,-0.4999791,0.5000424,0,0.001451374,0.002737344,0.5602586,-0.7639645,-0.1697502,0.6225296,1,1,0,0,-0.25003,0.250002,0,-0.002189727,-0.0006318095,0.4105479,-0.8895743,0.07684386,0.4502805,1,0.75,0.25,0,1.964019E-05,0.5000092,0,-0.0002537946,0.001010299,0.5927601,-0.7412423,0.2928544,0.6039836,1,0.5,0,0,-0.499973,4.535009E-05,0,-0.00140071,0.001838835,0.3450472,-0.9585263,-0.2129739,0.1893922,1,1,0.5,0,1.867441E-05,0.2499829,0,0.0001343867,-0.002270193,0.4625996,-0.8414714,0.3324525,0.4259122,1,0.5,0.25,0,0.25,0.5,0,0,0,0.6902101,-0.6805521,0.478907,0.5545239,0,0.25,0,0,-0.2499599,-3.66054E-06,0,0.002080203,-0.003510571,0.328616,-0.9775337,0.08452662,0.1930886,1,0.75,0.5,0,-0.4999697,-0.2499254,0,-0.002981724,0.003270061,0.3346111,-0.970512,-0.215633,-0.1077453,1,1,0.75,0,0.25,0.25,0,0,0,0.5719608,-0.7556247,0.5317358,0.3824767,0,0.25,0.25,0,0.5,0.5,0,0,0,0.8281943,-0.6098505,0.6173795,0.4969153,0,0,0,0,0.5,0.25,0,0,0,0.723356,-0.6621131,0.6702873,0.3351437,0,0,0.25,0,-0.2500003,-0.2499428,0,-0.003281982,0.004931541,0.317979,-0.9902454,0.08557639,-0.1099574,1,0.75,0.75,0,-0.5000116,-0.4999774,0,-0.001013279,0.002782048,0.39671,-0.9033021,-0.2007467,-0.3791387,1,1,1,0,-0.2499567,-0.4999366,0,0.002475829,0.00243038,0.3812281,-0.9191718,0.07948378,-0.3857532,1,0.75,1,0,2.900388E-05,-7.934483E-06,0,0.0002633442,-0.001552787,0.3855032,-0.9147341,0.3614092,0.1806793,1,0.5,0.5,0,0.25,0,0,0,0,0.5032946,-0.8073401,0.5681282,0.1594746,0,0.25,0.5,0,0.5,0,0,0,0,0.663658,-0.6960808,0.7046744,0.1374974,0,0,0.5,0,-3.6337E-05,-0.2499857,0,-0.0006783511,-0.001946092,0.3755422,-0.925141,0.3654463,-0.1027771,1,0.5,0.75,0,2.210734E-05,-0.5000741,0,0.00404734,-0.0035733,0.4349677,-0.8663401,0.3422815,-0.3637282,1,0.5,1,0,0.25,-0.25,0,0,0,0.4945351,-0.8144509,0.5731321,-0.09049455,0,0.25,0.75,0,0.5,-0.25,0,0,0,0.6561142,-0.7006228,0.7092724,-0.07784698,0,0,0.75,0,0.25,-0.5,0,0,0,0.5471867,-0.773501,0.5443155,-0.3246794,0,0.25,1,0,0.5,-0.5,0,0,0,0.7017071,-0.6740411,0.6823626,-0.2829309,0,0,1
163,0,-0.249918,0.500061,0,0.003975631,0.002712013,0.5472306,-0.7734686,0.06692126,0.6302919,1,0.75,0,0,-0.4999533,0.2500596,0,0.0009804968,-0.001089275,0.4255442,-0.8751608,-0.1944297,0.443047,1,1,0.25,0,-0.4999837,0.5000867,0,-0.000229478,0.002214313,0.560287,-0.7639441,-0.16975,0.6225547,1,1,0,0,-0.2500049,0.2500681,0,0.001253188,0.003305079,0.4105796,-0.8895434,0.07686871,0.4503375,1,0.75,0.25,0,2.345383E-05,0.5000724,0,0.0001906821,0.003159047,0.5927994,-0.7412156,0.2928474,0.6040196,1,0.5,0,0,-0.5000043,4.230311E-05,0,-0.001564623,-0.0001523492,0.3450533,-0.9585194,-0.2130094,0.1893872,1,1,0.5,0,2.729321E-05,0.2500242,0,0.00043094,0.002064557,0.46262,-0.8414535,0.3324544,0.4259461,1,0.5,0.25,0,0.25,0.5,0,0,0,0.6902101,-0.6805521,0.478907,0.5545239,0,0.25,0,0,-0.2500315,6.28089E-05,0,-0.00358075,0.003323474,0.3286228,-0.9775257,0.0844395,0.1931673,1,0.75,0.5,0,-0.4999537,-0.2499072,0,0.0007972124,0.0009074811,0.3346057,-0.9705182,-0.2156153,-0.1077242,1,1,0.75,0,0.25,0.25,0,0,0,0.5719608,-0.7556247,0.5317358,0.3824767,0,0.25,0.25,0,0.5,0.5,0,0,0,0.8281943,-0.6098505,0.6173795,0.4969153,0,0,0,0,0.5,0.25,0,0,0,0.723356,-0.6621131,0.6702873,0.3351437,0,0,0.25,0,-0.2499467,-0.2499565,0,0.002679975,-0.0006839636,0.3179851,-0.9902381,0.08564128,-0.1099733,1,0.75,0.75,0,-0.4999875,-0.4999259,0,0.001204014,0.002574922,0.3966857,-0.9033266,-0.2007253,-0.3790915,1,1,1,0,-0.2499947,-0.4999505,0,-0.001902134,-0.0006973746,0.3812304,-0.9191694,0.0794404,-0.385768,1,0.75,1,0,1.172654E-05,-1.841757E-05,0,-0.0008638676,-0.0005241546,0.3854951,-0.9147425,0.361393,0.1806691,1,0.5,0.5,0,0.25,0,0,0,0,0.5032946,-0.8073401,0.5681282,0.1594746,0,0.25,0.5,0,0.5,0,0,0,0,0.663658,-0.6960808,0.7046744,0.1374974,0,0,0.5,0,-5.877511E-05,-0.2499711,0,-0.001121906,0.0007309022,0.3755325,-0.9251513,0.3654247,-0.1027616,1,0.5,0.75,0,2.978865E-05,-0.5000455,0,0.0003840653,0.001430512,0.4349599,-0.8663473,0.3422925,-0.3637006,1,0.5,1,0,0.25,-0.25,0,0,0,0.4945351,-0.8144509,0.5731321,-0.09049455,0,0.25,0.75,0,0.5,-0.25,0,0,0,0.6561142,-0.7006228,0.7092724,-0.07784698,0,0,0.75,0,0.25,-0.5,0,0,0,0.5471867,-0.773501,0.5443155,-0.3246794,0,0.25,1,0,0.5,-0.5,0,0,0,0.7017071,-0.6740411,0.6823626,-0.2829309,0,0,1
164,0,-0.2499716,0.5001297,0,-0.002678485,0.003433229,0.5472703,-0.7734393,0.06686758,0.6303336,1,0.75,0,0,-0.499937,0.2500731,0,0.0008150939,0.0006750229,0.425547,-0.8751581,-0.1944115,0.4430603,1,1,0.25,0,-0.49993,0.5000592,0,0.00268221,-0.001370907,0.5602608,-0.763963,-0.1697036,0.6225442,1,1,0,0,-0.2499793,0.2500588,0,0.00127852,-0.0004634263,0.4105774,-0.8895455,0.07689698,0.4503284,1,0.75,0.25,0,7.293316E-05,0.4999399,0,0.002473967,-0.006620589,0.5927339,-0.7412601,0.2929102,0.6039348,1,0.5,0,0,-0.5000221,3.899795E-05,0,-0.0008910898,-0.0001652578,0.3450565,-0.9585158,-0.2130297,0.1893826,1,1,0.5,0,4.788977E-05,0.2499024,0,0.001029829,-0.006090852,0.462575,-0.8414928,0.3324914,0.4258394,1,0.5,0.25,0,0.25,0.5,0,0,0,0.6902101,-0.6805521,0.478907,0.5545239,0,0.25,0,0,-0.2499754,0.0001034558,0,0.00280589,0.002032344,0.3286353,-0.9775108,0.08450595,0.1932134,1,0.75,0.5,0,-0.4999971,-0.2499505,0,-0.0021711,-0.00216514,0.3346197,-0.9705019,-0.2156637,-0.1077743,1,1,0.75,0,0.25,0.25,0,0,0,0.5719608,-0.7556247,0.5317358,0.3824767,0,0.25,0.25,0,0.5,0.5,0,0,0,0.8281943,-0.6098505,0.6173795,0.4969153,0,0,0,0,0.5,0.25,0,0,0,0.723356,-0.6621131,0.6702873,0.3351437,0,0,0.25,0,-0.2499584,-0.2500135,0,-0.0005848708,-0.002849848,0.3179904,-0.9902317,0.08562643,-0.1100423,1,0.75,0.75,0,-0.5000345,-0.499994,0,-0.002348424,-0.003400446,0.3967209,-0.9032911,-0.2007698,-0.3791525,1,1,1,0,-0.2500501,-0.4999872,0,-0.002770127,-0.001834334,0.3812402,-0.9191592,0.07937665,-0.3858054,1,0.75,1,0,2.437711E-05,9.243944E-06,0,0.0006325291,0.001383076,0.3855047,-0.9147326,0.3614034,0.1806984,1,0.5,0.5,0,0.25,0,0,0,0,0.5032946,-0.8073401,0.5681282,0.1594746,0,0.25,0.5,0,0.5,0,0,0,0,0.663658,-0.6960808,0.7046744,0.1374974,0,0,0.5,0,-5.445795E-05,-0.2500251,0,0.0002158577,-0.002697856,0.3755397,-0.9251437,0.3654267,-0.1028224,1,0.5,0.75,0,-1.048139E-05,-0.4999529,0,-0.002013503,0.004629793,0.4349124,-0.8663913,0.3422668,-0.36362,1,0.5,1,0,0.25,-0.25,0,0,0,0.4945351,-0.8144509,0.5731321,-0.09049455,0,0.25,0.75,0,0.5,-0.25,0,0,0,0.6561142,-0.7006228,0.7092724,-0.07784698,0,0,0.75,0,0.25,-0.5,0,0,0,0.5471867,-0.773501,0.5443155,-0.3246794,0,0.25,1,0,0.5,-0.5,0,0,0,0.7017071,-0.6740411,0.6823626,-0.2829309,0,0,1
165,0,-0.2499758,0.4999954,0,-0.0002108515,-0.006714466,0.5471854,-0.773502,0.06686897,0.6302565,1,0.75,0,0,-0.4999436,0.2500254,0,-0.0003337862,-0.002385677,0.4255272,-0.8751769,-0.1944229,0.4430182,1,1,0.25,0,-0.499928,0.5000392,0,9.983782E-05,-0.001001358,0.560248,-0.7639722,-0.1697037,0.6225328,1,1,0,0,-0.249959,0.2500202,0,0.001018495,-0.001929701,0.4105616,-0.8895609,0.07692068,0.4502938,1,0.75,0.25,0,5.114434E-05,0.4999942,0,-0.001089441,0.002713503,0.5927603,-0.7412422,0.2928832,0.6039698,1,0.5,0,0,-0.4999571,5.719403E-05,0,0.003251435,0.0009098043,0.345046,-0.9585277,-0.2129554,0.1894065,1,1,0.5,0,5.246053E-05,0.2500323,0,0.0002285381,0.006496164,0.4626319,-0.8414431,0.3324765,0.4259492,1,0.5,0.25,0,0.25,0.5,0,0,0,0.6902101,-0.6805521,0.478907,0.5545239,0,0.25,0,0,-0.2500161,-3.084114E-05,0,-0.002036989,-0.006714849,0.328606,-0.9775454,0.08445977,0.1930582,1,0.75,0.5,0,-0.500033,-0.2500549,0,-0.00179112,-0.005217643,0.3346387,-0.9704798,-0.2157017,-0.1078969,1,1,0.75,0,0.25,0.25,0,0,0,0.5719608,-0.7556247,0.5317358,0.3824767,0,0.25,0.25,0,0.5,0.5,0,0,0,0.8281943,-0.6098505,0.6173795,0.4969153,0,0,0,0,0.5,0.25,0,0,0,0.723356,-0.6621131,0.6702873,0.3351437,0,0,0.25,0,-0.2499889,-0.2499625,0,-0.001525134,0.002548845,0.3179821,-0.9902416,0.08559,-0.109981,1,0.75,0.75,0,-0.4999871,-0.5000767,0,0.002367795,-0.004138054,0.3967428,-0.9032691,-0.2007121,-0.3792355,1,1,1,0,-0.2499754,-0.4999854,0,0.003735723,9.089712E-05,0.3812454,-0.9191537,0.07946096,-0.385801,1,0.75,1,0,2.77987E-05,7.190966E-05,0,0.0001710797,0.003133287,0.3855172,-0.9147196,0.3614021,0.1807666,1,0.5,0.5,0,0.25,0,0,0,0,0.5032946,-0.8073401,0.5681282,0.1594746,0,0.25,0.5,0,0.5,0,0,0,0,0.663658,-0.6960808,0.7046744,0.1374974,0,0,0.5,0,3.387882E-05,-0.2499763,0,0.004416841,0.002437831,0.3755669,-0.9251149,0.3655162,-0.1027635,1,0.5,0.75,0,7.868477E-05,-0.4999833,0,0.00445831,-0.001518429,0.434954,-0.8663528,0.342347,-0.3636363,1,0.5,1,0,0.25,-0.25,0,0,0,0.4945351,-0.8144509,0.5731321,-0.09049455,0,0.25,0.75,0,0.5,-0.25,0,0,0,0.6561142,-0.7006228,0.7092724,-0.07784698,0,0,0.75,0,0.25,-0.5,0,0,0,0.5471867,-0.773501,0.5443155,-0.3246794,0,0.25,1,0,0.5,-0.5,0,0,0,0.7017071,-0.6740411,0.6823626,-0.2829309,0,0,1
166,0,-0.2500018,0.4999321,0,-0.001300127,-0.003163518,0.5471438,-0.7735327,0.0668468,0.6302211,1,0.75,0,0,-0.4999554,0.2499094,0,-0.0005856159,-0.005801769,0.425478,-0.8752233,-0.1944458,0.4429164,1,1,0.25,0,-0.4999718,0.4999911,0,-0.002190472,-0.002408029,0.5602255,-0.7639884,-0.1697486,0.6225006,1,1,0,0,-0.2499849,0.2499867,0,-0.001297892,-0.001674891,0.4105445,-0.8895776,0.07689362,0.4502655,1,0.75,0.25,0,5.421613E-05,0.4999747,0,0.0001535895,-0.0009775165,0.5927495,-0.7412495,0.2928889,0.6039579,1,0.5,0,0,-0.4999961,-3.262421E-05,0,-0.001952053,-0.004490914,0.3450374,-0.9585375,-0.2130038,0.1893021,1,1,0.5,0,1.825878E-05,0.2500148,0,-0.001710088,-0.0008761886,0.462613,-0.8414596,0.3324475,0.4259394,1,0.5,0.25,0,0.25,0.5,0,0,0,0.6902101,-0.6805521,0.478907,0.5545239,0,0.25,0,0,-0.2500216,-3.165177E-05,0,-0.0002726914,-4.05311E-05,0.3286054,-0.9775462,0.08445325,0.1930573,1,0.75,0.5,0,-0.4999642,-0.2500169,0,0.003439189,0.001899899,0.3346198,-0.9705018,-0.2156242,-0.1078538,1,1,0.75,0,0.25,0.25,0,0,0,0.5719608,-0.7556247,0.5317358,0.3824767,0,0.25,0.25,0,0.5,0.5,0,0,0,0.8281943,-0.6098505,0.6173795,0.4969153,0,0,0,0,0.5,0.25,0,0,0,0.723356,-0.6621131,0.6702873,0.3351437,0,0,0.25,0,-0.2499618,-0.2499386,0,0.001356751,0.001198054,0.3179818,-0.9902421,0.0856232,-0.1099518,1,0.75,0.75,0,-0.5000089,-0.500032,0,-0.001089275,0.002235175,0.3967302,-0.9032817,-0.2007392,-0.379191,1,1,1,0,-0.2499898,-0.4999935,0,-0.0007197264,-0.000408292,0.3812475,-0.9191516,0.07944445,-0.3858094,1,0.75,1,0,2.42702E-05,-4.650043E-05,0,-0.000176425,-0.005920507,0.3854946,-0.914743,0.3614073,0.1806374,1,0.5,0.5,0,0.25,0,0,0,0,0.5032946,-0.8073401,0.5681282,0.1594746,0,0.25,0.5,0,0.5,0,0,0,0,0.663658,-0.6960808,0.7046744,0.1374974,0,0,0.5,0,-4.02063E-05,-0.2499877,0,-0.003704257,-0.0005699696,0.375541,-0.9251422,0.3654424,-0.1027795,1,0.5,0.75,0,1.405544E-05,-0.5000495,0,-0.003231468,-0.00331402,0.434956,-0.8663509,0.3422771,-0.3637065,1,0.5,1,0,0.25,-0.25,0,0,0,0.4945351,-0.8144509,0.5731321,-0.09049455,0,0.25,0.75,0,0.5,-0.25,0,0,0,0.6561142,-0.7006228,0.7092724,-0.07784698,0,0,0.75,0,0.25,-0.5,0,0,0,0.5471867,-0.773501,0.5443155,-0.3246794,0,0.25,1,0,0.5,-0.5,0,0,0,0.7017071,-0.6740411,0.6823626,-0.2829309,0,0,1
167,0,-0.2499393,0.4999794,0,0.003122539,0.002361835,0.5471778,-0.7735076,0.06690426,0.6302457,1,0.75,0,0,-0.4999527,0.2499538,0,0.0001341105,0.002223999,0.4254972,-0.8752052,-0.1944389,0.4429552,1,1,0.25,0,-0.4999138,0.4999508,0,0.002904237,-0.002011657,0.5601906,-0.7640136,-0.1696995,0.6224833,1,1,0,0,-0.2499708,0.2499837,0,0.0007055703,-0.0001519919,0.4105442,-0.8895779,0.07690914,0.4502622,1,0.75,0.25,0,2.609863E-05,0.5000288,0,-0.001405876,0.002709032,0.5927739,-0.7412329,0.2928566,0.603994,1,0.5,0,0,-0.499999,-8.426874E-05,0,-0.0001460314,-0.002582228,0.3450282,-0.9585479,-0.2130095,0.1892431,1,1,0.5,0,1.795173E-05,0.2499817,0,-1.535237E-05,-0.001653285,0.4625988,-0.8414721,0.332452,0.4259113,1,0.5,0.25,0,0.25,0.5,0,0,0,0.6902101,-0.6805521,0.478907,0.5545239,0,0.25,0,0,-0.250014,-1.955527E-05,0,0.0003799798,0.0006048247,0.3286083,-0.9775427,0.08446212,0.1930712,1,0.75,0.5,0,-0.499935,-0.2499483,0,0.001460314,0.003428759,0.3346061,-0.9705178,-0.2155927,-0.1077734,1,1,0.75,0,0.25,0.25,0,0,0,0.5719608,-0.7556247,0.5317358,0.3824767,0,0.25,0.25,0,0.5,0.5,0,0,0,0.8281943,-0.6098505,0.6173795,0.4969153,0,0,0,0,0.5,0.25,0,0,0,0.723356,-0.6621131,0.6702873,0.3351437,0,0,0.25,0,-0.2499745,-0.2500445,0,-0.0006370249,-0.005295129,0.3179924,-0.9902292,0.08560653,-0.1100798,1,0.75,0.75,0,-0.5000028,-0.5000075,0,0.0003039838,0.001224876,0.3967196,-0.9032924,-0.2007348,-0.3791681,1,1,1,0,-0.2500343,-0.5000472,0,-0.002224744,-0.0026837,0.3812646,-0.9191337,0.07939241,-0.3858628,1,0.75,1,0,-6.499923E-05,3.325556E-06,0,-0.004463474,0.0024913,0.3854713,-0.914767,0.361316,0.1806985,1,0.5,0.5,0,0.25,0,0,0,0,0.5032946,-0.8073401,0.5681282,0.1594746,0,0.25,0.5,0,0.5,0,0,0,0,0.663658,-0.6960808,0.7046744,0.1374974,0,0,0.5,0,-3.669554E-05,-0.2500421,0,0.0001755378,-0.002717228,0.3755479,-0.925135,0.3654435,-0.1028408,1,0.5,0.75,0,-1.825085E-05,-0.5000589,0,-0.001615315,-0.0004678966,0.4349483,-0.866358,0.3422454,-0.3637195,1,0.5,1,0,0.25,-0.25,0,0,0,0.4945351,-0.8144509,0.5731321,-0.09049455,0,0.25,0.75,0,0.5,-0.25,0,0,0,0.6561142,-0.7006228,0.7092724,-0.07784698,0,0,0.75,0,0.25,-0.5,0,0,0,0.5471867,-0.773501,0.5443155,-0.3246794,0,0.25,1,0,0.5,-0.5,0,0,0,0.7017071,-0.6740411,0.6823626,-0.2829309,0,0,1
168,0,-0.2499741,0.4999505,0,-0.001738966,-0.001445413,0.5471573,-0.7735228,0.06687236,0.6302305,1,0.75,0,0,-0.5000327,0.2499857,0,-0.004002453,0.00159368,0.4255269,-0.8751771,-0.1945192,0.4429755,1,1,0.25,0,-0.4999445,0.5000479,0,-0.001539291,0.00485182,0.5602562,-0.7639663,-0.169718,0.6225362,1,1,0,0,-0.250064,0.249981,0,-0.004658105,-0.0001363457,0.4105358,-0.8895861,0.07680753,0.4502634,1,0.75,0.25,0,8.404479E-05,0.4999583,0,0.002897309,-0.003528596,0.5927482,-0.7412504,0.2929166,0.6039436,1,0.5,0,0,-0.5000018,1.389231E-05,0,-0.0001370907,0.004908055,0.3450474,-0.9585261,-0.2130079,0.1893549,1,1,0.5,0,-1.825433E-05,0.2499368,0,-0.001810304,-0.002245606,0.4625677,-0.8414993,0.3324252,0.4258785,1,0.5,0.25,0,0.25,0.5,0,0,0,0.6902101,-0.6805521,0.478907,0.5545239,0,0.25,0,0,-0.2500351,-2.517091E-05,0,-0.001055003,-0.0002807821,0.3286055,-0.977546,0.08443695,0.1930651,1,0.75,0.5,0,-0.4999611,-0.2500309,0,-0.001308322,-0.004130604,0.3346207,-0.9705008,-0.2156203,-0.1078705,1,1,0.75,0,0.25,0.25,0,0,0,0.5719608,-0.7556247,0.5317358,0.3824767,0,0.25,0.25,0,0.5,0.5,0,0,0,0.8281943,-0.6098505,0.6173795,0.4969153,0,0,0,0,0.5,0.25,0,0,0,0.723356,-0.6621131,0.6702873,0.3351437,0,0,0.25,0,-0.2499519,-0.2500156,0,0.001131744,0.001443923,0.3179912,-0.9902307,0.08563432,-0.1100447,1,0.75,0.75,0,-0.4998664,-0.5000839,0,0.006820264,-0.003820659,0.3967212,-0.9032907,-0.2005823,-0.3792527,1,1,1,0,-0.2499071,-0.5000545,0,0.006357583,-0.0003665687,0.3812776,-0.9191202,0.07953552,-0.3858654,1,0.75,1,0,4.469256E-06,-1.554702E-05,0,0.003473426,-0.000943629,0.385493,-0.9147446,0.3613856,0.1806727,1,0.5,0.5,0,0.25,0,0,0,0,0.5032946,-0.8073401,0.5681282,0.1594746,0,0.25,0.5,0,0.5,0,0,0,0,0.663658,-0.6960808,0.7046744,0.1374974,0,0,0.5,0,-2.911501E-05,-0.2500536,0,0.0003790266,-0.0005796554,0.3755518,-0.9251308,0.3654505,-0.1028536,1,0.5,0.75,0,0.0001041986,-0.5000114,0,0.006122473,0.002372266,0.434973,-0.8663352,0.3423673,-0.3636591,1,0.5,1,0,0.25,-0.25,0,0,0,0.4945351,-0.8144509,0.5731321,-0.09049455,0,0.25,0.75,0,0.5,-0.25,0,0,0,0.6561142,-0.7006228,0.7092724,-0.07784698,0,0,0.75,0,0.25,-0.5,0,0,0,0.5471867,-0.773501,0.5443155,-0.3246794,0,0.25,1,0,0.5,-0.5,0,0,0,0.7017071,-0.6740411,0.6823626,-0.2829309,0,0,1
169,0,-0.2499761,0.4999798,0,-9.760264E-05,0.001467765,0.5471756,-0.7735092,0.06686932,0.6302475,1,0.75,0,0,-0.5000007,0.249944,0,0.001600385,-0.002084673,0.4255022,-0.8752005,-0.1944898,0.4429422,1,1,0.25,0,-0.4999959,0.4999997,0,-0.002568961,-0.002408029,0.5602349,-0.7639816,-0.1697699,0.6225033,1,1,0,0,-0.2499227,0.2499683,0,0.007063153,-0.0006318095,0.4105409,-0.8895811,0.07696224,0.450247,1,0.75,0.25,0,4.333451E-05,0.4999872,0,-0.002035515,0.001445413,0.5927538,-0.7412466,0.2928778,0.603967,1,0.5,0,0,-0.500017,-3.552533E-05,0,-0.0007599595,-0.002470883,0.3450413,-0.958533,-0.2130275,0.1892978,1,1,0.5,0,2.477219E-05,0.2499788,0,0.002151327,0.002098084,0.4625999,-0.8414711,0.3324588,0.4259078,1,0.5,0.25,0,0.25,0.5,0,0,0,0.6902101,-0.6805521,0.478907,0.5545239,0,0.25,0,0,-0.249996,8.837751E-06,0,0.001952798,0.001700434,0.3286154,-0.9775344,0.08448307,0.1931039,1,0.75,0.5,0,-0.4999602,-0.2500448,0,4.917385E-05,-0.0006943944,0.3346219,-0.9704993,-0.2156188,-0.107887,1,1,0.75,0,0.25,0.25,0,0,0,0.5719608,-0.7556247,0.5317358,0.3824767,0,0.25,0.25,0,0.5,0.5,0,0,0,0.8281943,-0.6098505,0.6173795,0.4969153,0,0,0,0,0.5,0.25,0,0,0,0.723356,-0.6621131,0.6702873,0.3351437,0,0,0.25,0,-0.2499408,-0.2500005,0,0.0005543234,0.0007525089,0.3179905,-0.9902316,0.08564796,-0.1100264,1,0.75,0.75,0,-0.4999145,-0.5000564,0,-0.002406538,0.001373888,0.3967205,-0.9032915,-0.2006361,-0.3792224,1,1,1,0,-0.2499995,-0.4999622,0,-0.004617127,0.004619362,0.3812346,-0.919165,0.07943461,-0.3857794,1,0.75,1,0,4.821393E-05,1.872776E-05,0,0.002187234,0.001713739,0.385515,-0.9147219,0.3614261,0.180707,1,0.5,0.5,0,0.25,0,0,0,0,0.5032946,-0.8073401,0.5681282,0.1594746,0,0.25,0.5,0,0.5,0,0,0,0,0.663658,-0.6960808,0.7046744,0.1374974,0,0,0.5,0,3.328775E-05,-0.2500129,0,0.003120139,0.002036989,0.3755705,-0.9251111,0.365514,-0.1028049,1,0.5,0.75,0,1.752602E-05,-0.4999743,0,-0.004333628,0.001856685,0.4349298,-0.8663752,0.3422904,-0.3636362,1,0.5,1,0,0.25,-0.25,0,0,0,0.4945351,-0.8144509,0.5731321,-0.09049455,0,0.25,0.75,0,0.5,-0.25,0,0,0,0.6561142,-0.7006228,0.7092724,-0.07784698,0,0,0.75,0,0.25,-0.5,0,0,0,0.5471867,-0.773501,0.5443155,-0.3246794,0,0.25,1,0,0.5,-0.5,0,0,0,0.7017071,-0.6740411,0.6823626,-0.2829309,0,0,1
170,0,-0.2499579,0.4999887,0,0.0009059909,0.0004425647,0.5471823,-0.7735043,0.0668862,0.6302519,1,0.75,0,0,-0.4999825,0.2499545,0,0.0009119514,0.0005245211,0.4255033,-0.8751994,-0.1944698,0.442953,1,1,0.25,0,-0.5000191,0.4999719,0,-0.001160801,-0.001388789,0.5602217,-0.7639912,-0.1697939,0.6224849,1,1,0,0,-0.2500193,0.2500046,0,-0.004830958,0.001811237,0.4105499,-0.8895724,0.07685538,0.4502824,1,0.75,0.25,0,2.791673E-05,0.4999422,0,-0.0007708895,-0.002248586,0.5927221,-0.7412681,0.2928722,0.6039433,1,0.5,0,0,-0.5000853,-9.522279E-05,0,-0.003415348,-0.002984874,0.3450446,-0.9585294,-0.2131075,0.1892264,1,1,0.5,0,-5.617234E-06,0.2499319,0,-0.001519472,-0.002342463,0.4625698,-0.8414974,0.3324376,0.4258725,1,0.5,0.25,0,0.25,0.5,0,0,0,0.6902101,-0.6805521,0.478907,0.5545239,0,0.25,0,0,-0.250065,-7.63248E-08,0,-0.003450365,-0.000445704,0.3286078,-0.9775433,0.08440056,0.1930949,1,0.75,0.5,0,-0.5000202,-0.2499884,0,-0.003002585,0.002821536,0.3346288,-0.9704913,-0.215689,-0.1078185,1,1,0.75,0,0.25,0.25,0,0,0,0.5719608,-0.7556247,0.5317358,0.3824767,0,0.25,0.25,0,0.5,0.5,0,0,0,0.8281943,-0.6098505,0.6173795,0.4969153,0,0,0,0,0.5,0.25,0,0,0,0.723356,-0.6621131,0.6702873,0.3351437,0,0,0.25,0,-0.2500268,-0.249959,0,-0.004301967,0.002077968,0.3179785,-0.9902461,0.08554402,-0.1099772,1,0.75,0.75,0,-0.4999564,-0.5000097,0,-0.002095104,0.002339483,0.3967112,-0.9033009,-0.2006849,-0.3791741,1,1,1,0,-0.2499812,-0.4999893,0,0.0009149316,-0.001358986,0.3812465,-0.9191526,0.0794543,-0.385805,1,0.75,1,0,-1.373106E-05,2.233248E-05,0,-0.003097251,0.0001802363,0.3854933,-0.9147444,0.361365,0.1807155,1,0.5,0.5,0,0.25,0,0,0,0,0.5032946,-0.8073401,0.5681282,0.1594746,0,0.25,0.5,0,0.5,0,0,0,0,0.663658,-0.6960808,0.7046744,0.1374974,0,0,0.5,0,-2.709039E-05,-0.2500256,0,-0.003018908,-0.0006362798,0.3755497,-0.9251331,0.3654537,-0.1028218,1,0.5,0.75,0,4.647696E-05,-0.4999936,0,0.001447548,-0.0009626154,0.4349467,-0.8663595,0.3423152,-0.3636502,1,0.5,1,0,0.25,-0.25,0,0,0,0.4945351,-0.8144509,0.5731321,-0.09049455,0,0.25,0.75,0,0.5,-0.25,0,0,0,0.6561142,-0.7006228,0.7092724,-0.07784698,0,0,0.75,0,0.25,-0.5,0,0,0,0.5471867,-0.773501,0.5443155,-0.3246794,0,0.25,1,0,0.5,-0.5,0,0,0,0.7017071,-0.6740411,0.6823626,-0.2829309,0,0,1
171,0,-0.2499337,0.5000328,0,0.00121221,0.002208353,0.5472119,-0.7734824,0.06690746,0.6302763,1,0.75,0,0,-0.4999444,0.2500009,0,0.001904369,0.002320857,0.4255165,-0.875187,-0.1944259,0.4429969,1,1,0.25,0,-0.499996,0.4999162,0,0.00115484,-0.002788008,0.5601829,-0.7640191,-0.1697783,0.622455,1,1,0,0,-0.2499979,0.250026,0,0.001069904,0.001072884,0.4105611,-0.8895614,0.07687792,0.4503004,1,0.75,0.25,0,1.820198E-05,0.5000393,0,-0.0004857375,0.00485629,0.5927778,-0.7412302,0.2928483,0.6040013,1,0.5,0,0,-0.4999247,-5.040883E-05,0,0.008030239,0.002240698,0.3450188,-0.9585586,-0.2129239,0.1892852,1,1,0.5,0,4.094887E-05,0.249999,0,0.002328306,0.003351273,0.4626138,-0.8414589,0.3324707,0.4259226,1,0.5,0.25,0,0.25,0.5,0,0,0,0.6902101,-0.6805521,0.478907,0.5545239,0,0.25,0,0,-0.2499656,-1.922865E-05,0,0.004972519,-0.0009576168,0.3286125,-0.9775378,0.0845201,0.1930707,1,0.75,0.5,0,-0.4999884,-0.2500309,0,0.001589954,-0.002124161,0.3346265,-0.970494,-0.2156515,-0.1078697,1,1,0.75,0,0.25,0.25,0,0,0,0.5719608,-0.7556247,0.5317358,0.3824767,0,0.25,0.25,0,0.5,0.5,0,0,0,0.8281943,-0.6098505,0.6173795,0.4969153,0,0,0,0,0.5,0.25,0,0,0,0.723356,-0.6621131,0.6702873,0.3351437,0,0,0.25,0,-0.24994,-0.2500599,0,0.004341455,-0.00504628,0.317997,-0.9902236,0.08564823,-0.1100981,1,0.75,0.75,0,-0.4999451,-0.5000187,0,0.0005647542,-0.0004529955,0.3967123,-0.9032997,-0.2006721,-0.3791837,1,1,1,0,-0.2499913,-0.5000138,0,-0.0005088748,-0.001224876,0.3812551,-0.9191436,0.07944198,-0.385829,1,0.75,1,0,3.588318E-05,-1.761872E-05,0,0.002480713,-0.001997561,0.385504,-0.9147333,0.3614166,0.1806682,1,0.5,0.5,0,0.25,0,0,0,0,0.5032946,-0.8073401,0.5681282,0.1594746,0,0.25,0.5,0,0.5,0,0,0,0,0.663658,-0.6960808,0.7046744,0.1374974,0,0,0.5,0,-2.03747E-06,-0.2499681,0,0.001252646,0.002874435,0.375553,-0.9251297,0.365481,-0.1027558,1,0.5,0.75,0,4.417429E-05,-0.5000355,0,-0.0001151337,-0.002098084,0.4349612,-0.8663461,0.3423074,-0.3636895,1,0.5,1,0,0.25,-0.25,0,0,0,0.4945351,-0.8144509,0.5731321,-0.09049455,0,0.25,0.75,0,0.5,-0.25,0,0,0,0.6561142,-0.7006228,0.7092724,-0.07784698,0,0,0.75,0,0.25,-0.5,0,0,0,0.5471867,-0.773501,0.5443155,-0.3246794,0,0.25,1,0,0.5,-0.5,0,0,0,0.7017071,-0.6740411,0.6823626,-0.2829309,0,0,1
172,0,-0.2499618,0.4999824,0,-0.001402945,-0.002524258,0.5471781,-0.7735074,0.06688282,0.6302484,1,0.75,0,0,-0.500046,0.2500043,0,-0.005081298,0.0001698733,0.4255378,-0.8751669,-0.1945312,0.4429904,1,1,0.25,0,-0.4999701,0.5000585,0,0.001296401,0.007118287,0.5602672,-0.7639583,-0.1697403,0.6225398,1,1,0,0,-0.2499681,0.2499662,0,0.001494587,-0.002992154,0.4105365,-0.8895854,0.07691283,0.4502468,1,0.75,0.25,0,-2.057822E-05,0.4999988,0,-0.001939011,-0.002025069,0.5927421,-0.7412545,0.2928225,0.6039841,1,0.5,0,0,-0.4999945,-2.310487E-05,0,-0.003488363,0.001365199,0.3450388,-0.9585359,-0.2130014,0.1893131,1,1,0.5,0,1.450138E-05,0.2499603,0,-0.001322375,-0.001931191,0.4625885,-0.841481,0.332452,0.4258936,1,0.5,0.25,0,0.25,0.5,0,0,0,0.6902101,-0.6805521,0.478907,0.5545239,0,0.25,0,0,-0.2500101,1.748102E-05,0,-0.002226234,0.001835484,0.3286158,-0.9775338,0.08446603,0.1931142,1,0.75,0.5,0,-0.5000122,-0.2500351,0,-0.001190603,-0.0002101065,0.3346321,-0.9704875,-0.2156785,-0.107874,1,1,0.75,0,0.25,0.25,0,0,0,0.5719608,-0.7556247,0.5317358,0.3824767,0,0.25,0.25,0,0.5,0.5,0,0,0,0.8281943,-0.6098505,0.6173795,0.4969153,0,0,0,0,0.5,0.25,0,0,0,0.723356,-0.6621131,0.6702873,0.3351437,0,0,0.25,0,-0.2499795,-0.2500362,0,-0.00197515,0.001184643,0.3179911,-0.9902309,0.08560056,-0.1100699,1,0.75,0.75,0,-0.4999312,-0.500073,0,0.0006958845,-0.002712013,0.3967301,-0.9032818,-0.2006526,-0.3792367,1,1,1,0,-0.2499666,-0.5000429,0,0.001239032,-0.001451374,0.3812683,-0.9191298,0.07946891,-0.3858562,1,0.75,1,0,4.609166E-06,5.923032E-05,0,-0.001563701,0.003842453,0.3855066,-0.9147307,0.3613803,0.1807544,1,0.5,0.5,0,0.25,0,0,0,0,0.5032946,-0.8073401,0.5681282,0.1594746,0,0.25,0.5,0,0.5,0,0,0,0,0.663658,-0.6960808,0.7046744,0.1374974,0,0,0.5,0,-4.652766E-05,-0.2499962,0,-0.002224511,-0.0014022,0.3755396,-0.9251438,0.3654357,-0.1027894,1,0.5,0.75,0,3.852156E-05,-0.4999954,0,-0.0002826365,0.002005697,0.4349447,-0.8663614,0.3423074,-0.363653,1,0.5,1,0,0.25,-0.25,0,0,0,0.4945351,-0.8144509,0.5731321,-0.09049455,0,0.25,0.75,0,0.5,-0.25,0,0,0,0.6561142,-0.7006228,0.7092724,-0.07784698,0,0,0.75,0,0.25,-0.5,0,0,0,0.5471867,-0.773501,0.5443155,-0.3246794,0,0.25,1,0,0.5,-0.5,0,0,0,0.7017071,-0.6740411,0.6823626,-0.2829309,0,0,1
173,0,-0.2499983,0.4999546,0,-0.001824648,-0.001388789,0.5471581,-0.7735221,0.06684925,0.6302339,1,0.75,0,0,-0.4999725,0.2499788,0,0.003677608,-0.001277775,0.4255121,-0.8751911,-0.1944572,0.442975,1,1,0.25,0,-0.4999652,0.4999641,0,0.0002458692,-0.00472069,0.5602076,-0.7640013,-0.1697452,0.6224857,1,1,0,0,-0.2500121,0.2499459,0,-0.002200902,-0.001012534,0.410524,-0.8895977,0.07686555,0.4502307,1,0.75,0.25,0,5.601952E-05,0.5000157,0,0.003829889,0.000841916,0.5927747,-0.7412323,0.2928838,0.6039815,1,0.5,0,0,-0.5000332,-3.876992E-05,0,-0.001937152,-0.0007832528,0.3450441,-0.9585298,-0.2130459,0.1892933,1,1,0.5,0,3.255532E-05,0.2499606,0,0.0009026973,1.192093E-05,0.4625947,-0.8414757,0.3324686,0.4258912,1,0.5,0.25,0,0.25,0.5,0,0,0,0.6902101,-0.6805521,0.478907,0.5545239,0,0.25,0,0,-0.2500133,-5.914752E-05,0,-0.0001579524,-0.003831428,0.3286008,-0.9775516,0.08446375,0.1930252,1,0.75,0.5,0,-0.4999675,-0.2500445,0,0.002235175,-0.0004693868,0.3346235,-0.9704975,-0.2156272,-0.1078863,1,1,0.75,0,0.25,0.25,0,0,0,0.5719608,-0.7556247,0.5317358,0.3824767,0,0.25,0.25,0,0.5,0.5,0,0,0,0.8281943,-0.6098505,0.6173795,0.4969153,0,0,0,0,0.5,0.25,0,0,0,0.723356,-0.6621131,0.6702873,0.3351437,0,0,0.25,0,-0.2500232,-0.2499998,0,-0.002186001,0.001822413,0.3179833,-0.9902402,0.08554792,-0.1100264,1,0.75,0.75,0,-0.4999327,-0.5000072,0,-7.450584E-05,0.003290178,0.3967054,-0.9033067,-0.2006598,-0.3791737,1,1,1,0,-0.2500185,-0.4999901,0,-0.002595783,0.002637506,0.3812438,-0.9191554,0.07941221,-0.3858071,1,0.75,1,0,2.213059E-06,-1.290358E-06,0,-0.0001198054,-0.003026035,0.3854948,-0.9147428,0.3613824,0.1806885,1,0.5,0.5,0,0.25,0,0,0,0,0.5032946,-0.8073401,0.5681282,0.1594746,0,0.25,0.5,0,0.5,0,0,0,0,0.663658,-0.6960808,0.7046744,0.1374974,0,0,0.5,0,-4.621884E-05,-0.2500342,0,1.544104E-05,-0.001902879,0.3755436,-0.9251395,0.3654344,-0.1028324,1,0.5,0.75,0,1.451207E-05,-0.5000113,0,-0.001200475,-0.0007927421,0.4349422,-0.8663637,0.3422827,-0.3636709,1,0.5,1,0,0.25,-0.25,0,0,0,0.4945351,-0.8144509,0.5731321,-0.09049455,0,0.25,0.75,0,0.5,-0.25,0,0,0,0.6561142,-0.7006228,0.7092724,-0.07784698,0,0,0.75,0,0.25,-0.5,0,0,0,0.5471867,-0.773501,0.5443155,-0.3246794,0,0.25,1,0,0.5,-0.5,0,0,0,0.7017071,-0.6740411,0.6823626,-0.2829309,0,0,1
174,0,-0.2499714,0.4999498,0,0.00134334,-0.0002399088,0.5471569,-0.773523,0.06687498,0.6302301,1,0.75,0,0,-0.5000011,0.2499764,0,-0.001433492,-0.0001184643,0.4255167,-0.8751869,-0.1944872,0.4429703,1,1,0.25,0,-0.5000578,0.4999246,0,-0.004631283,-0.001977385,0.5601987,-0.7640077,-0.169834,0.6224537,1,1,0,0,-0.2500125,0.2500279,0,-2.235175E-05,0.004100056,0.4105609,-0.8895616,0.07686194,0.4503026,1,0.75,0.25,0,2.650438E-06,0.4999981,0,-0.002668455,-0.0008776787,0.5927485,-0.7412502,0.292842,0.6039799,1,0.5,0,0,-0.4999294,-5.199717E-05,0,0.005191566,-0.000661363,0.3450195,-0.9585577,-0.2129292,0.1892832,1,1,0.5,0,6.495174E-06,0.2499613,0,-0.001303008,3.352763E-05,0.4625863,-0.841483,0.3324445,0.4258956,1,0.5,0.25,0,0.25,0.5,0,0,0,0.6902101,-0.6805521,0.478907,0.5545239,0,0.25,0,0,-0.2499347,-3.352827E-06,0,0.003928693,0.002789736,0.3286182,-0.9775311,0.0845568,0.1930885,1,0.75,0.5,0,-0.4999387,-0.2499497,0,0.001439453,0.004737081,0.3346071,-0.9705166,-0.2155969,-0.1077749,1,1,0.75,0,0.25,0.25,0,0,0,0.5719608,-0.7556247,0.5317358,0.3824767,0,0.25,0.25,0,0.5,0.5,0,0,0,0.8281943,-0.6098505,0.6173795,0.4969153,0,0,0,0,0.5,0.25,0,0,0,0.723356,-0.6621131,0.6702873,0.3351437,0,0,0.25,0,-0.2498915,-0.2499814,0,0.006583336,0.000919402,0.3179926,-0.9902291,0.08570793,-0.1100027,1,0.75,0.75,0,-0.5000111,-0.4999743,0,-0.003919007,0.001640619,0.3967087,-0.9033034,-0.2007464,-0.3791358,1,1,1,0,-0.2500082,-0.5000031,0,0.0005155804,-0.0006496909,0.3812497,-0.9191493,0.07942338,-0.3858193,1,0.75,1,0,1.35839E-05,1.210892E-05,0,0.0005685424,0.0006699642,0.3855013,-0.9147361,0.3613926,0.1807023,1,0.5,0.5,0,0.25,0,0,0,0,0.5032946,-0.8073401,0.5681282,0.1594746,0,0.25,0.5,0,0.5,0,0,0,0,0.663658,-0.6960808,0.7046744,0.1374974,0,0,0.5,0,-4.387326E-06,-0.2499474,0,0.002091577,0.00434071,0.37555,-0.9251328,0.3654796,-0.1027325,1,0.5,0.75,0,-2.87765E-06,-0.4999964,0,-0.0008694865,0.0007420781,0.4349309,-0.8663743,0.3422682,-0.3636594,1,0.5,1,0,0.25,-0.25,0,0,0,0.4945351,-0.8144509,0.5731321,-0.09049455,0,0.25,0.75,0,0.5,-0.25,0,0,0,0.6561142,-0.7006228,0.7092724,-0.07784698,0,0,0.75,0,0.25,-0.5,0,0,0,0.5471867,-0.773501,0.5443155,-0.3246794,0,0.25,1,0,0.5,-0.5,0,0,0,0.7017071,-0.6740411,0.6823626,-0.2829309,0,0,1
175,0,-0.2500037,0.5000794,0,-0.001615286,0.006480517,0.5472364,-0.7734643,0.06683906,0.6303059,1,0.75,0,0,-0.4999591,0.2500489,0,0.002104045,0.003625454,0.4255406,-0.8751642,-0.1944367,0.4430372,1,1,0.25,0,-0.4999677,0.5000565,0,0.004506113,0.006596747,0.5602655,-0.7639596,-0.1697383,0.6225388,1,1,0,0,-0.249968,0.2500211,0,0.002226234,-0.0003427269,0.4105612,-0.8895613,0.07691081,0.4502949,1,0.75,0.25,0,1.404005E-06,0.4999855,0,-6.232171E-05,-0.0006288292,0.5927405,-0.7412556,0.292843,0.6039728,1,0.5,0,0,-0.4999874,-5.666911E-06,0,-0.002901257,0.002316514,0.3450406,-0.9585338,-0.2129926,0.1893333,1,1,0.5,0,5.299099E-05,0.249957,0,0.002324792,-0.0002145768,0.4625999,-0.8414711,0.3324881,0.4258851,1,0.5,0.25,0,0.25,0.5,0,0,0,0.6902101,-0.6805521,0.478907,0.5545239,0,0.25,0,0,-0.2499521,4.748268E-05,0,-0.0008694831,0.002541777,0.3286265,-0.9775212,0.08453497,0.1931479,1,0.75,0.5,0,-0.4999923,-0.249981,0,-0.00267774,-0.001565368,0.334622,-0.9704993,-0.2156573,-0.1078105,1,1,0.75,0,0.25,0.25,0,0,0,0.5719608,-0.7556247,0.5317358,0.3824767,0,0.25,0.25,0,0.5,0.5,0,0,0,0.8281943,-0.6098505,0.6173795,0.4969153,0,0,0,0,0.5,0.25,0,0,0,0.723356,-0.6621131,0.6702873,0.3351437,0,0,0.25,0,-0.2499634,-0.2500064,0,-0.003594907,-0.001253188,0.3179892,-0.9902332,0.08562038,-0.1100338,1,0.75,0.75,0,-0.500013,-0.5000355,0,-9.536747E-05,-0.003056229,0.3967323,-0.9032797,-0.2007433,-0.379194,1,1,1,0,-0.2499586,-0.49997,0,0.002478809,0.00165403,0.3812408,-0.9191585,0.07948043,-0.3857856,1,0.75,1,0,-8.351863E-06,2.014348E-05,0,-0.001096789,0.0004017281,0.3854948,-0.9147428,0.3613704,0.1807127,1,0.5,0.5,0,0.25,0,0,0,0,0.5032946,-0.8073401,0.5681282,0.1594746,0,0.25,0.5,0,0.5,0,0,0,0,0.663658,-0.6960808,0.7046744,0.1374974,0,0,0.5,0,-4.36048E-05,-0.2499807,0,-0.001960875,-0.00166297,0.3755391,-0.9251443,0.3654393,-0.1027718,1,0.5,0.75,0,2.282527E-05,-0.4999864,0,0.001285147,0.0005006792,0.434936,-0.8663694,0.3422938,-0.3636467,1,0.5,1,0,0.25,-0.25,0,0,0,0.4945351,-0.8144509,0.5731321,-0.09049455,0,0.25,0.75,0,0.5,-0.25,0,0,0,0.6561142,-0.7006228,0.7092724,-0.07784698,0,0,0.75,0,0.25,-0.5,0,0,0,0.5471867,-0.773501,0.5443155,-0.3246794,0,0.25,1,0,0.5,-0.5,0,0,0,0.7017071,-0.6740411,0.6823626,-0.2829309,0,0,1
176,0,-0.249962,0.5001244,0,0.002083183,0.002250076,0.5472677,-0.7734413,0.06687685,0.6303302,1,0.75,0,0,-0.4999648,0.2500332,0,-0.0002875925,-0.0007838014,0.4255348,-0.8751697,-0.1944441,0.443023,1,1,0.25,0,-0.4999342,0.5000785,0,0.001673401,0.001099706,0.5602735,-0.7639538,-0.1697055,0.622555,1,1,0,0,-0.2500151,0.2500554,0,-0.002352894,0.001715124,0.4105731,-0.8895497,0.07685813,0.4503267,1,0.75,0.25,0,5.033543E-05,0.4999957,0,0.002446572,0.0005081298,0.5927609,-0.7412418,0.2928823,0.6039708,1,0.5,0,0,-0.4999636,6.191783E-05,0,0.001189113,0.003379238,0.3450484,-0.958525,-0.2129625,0.1894115,1,1,0.5,0,3.180865E-05,0.2500166,0,-0.001059117,0.002983214,0.4626183,-0.841455,0.3324597,0.425939,1,0.5,0.25,0,0.25,0.5,0,0,0,0.6902101,-0.6805521,0.478907,0.5545239,0,0.25,0,0,-0.249986,1.931446E-05,0,-0.001695008,-0.001408412,0.3286182,-0.977531,0.0844949,0.1931158,1,0.75,0.5,0,-0.4999467,-0.2499473,0,0.002278388,0.001685322,0.3346085,-0.970515,-0.2156061,-0.1077719,1,1,0.75,0,0.25,0.25,0,0,0,0.5719608,-0.7556247,0.5317358,0.3824767,0,0.25,0.25,0,0.5,0.5,0,0,0,0.8281943,-0.6098505,0.6173795,0.4969153,0,0,0,0,0.5,0.25,0,0,0,0.723356,-0.6621131,0.6702873,0.3351437,0,0,0.25,0,-0.2499889,-0.2499886,0,-0.001271815,0.0008925799,0.317985,-0.9902382,0.08558972,-0.1100125,1,0.75,0.75,0,-0.4999385,-0.5000071,0,0.003725292,0.001418591,0.3967066,-0.9033055,-0.200666,-0.3791732,1,1,1,0,-0.2500278,-0.4999672,0,-0.003460796,0.0001415611,0.3812342,-0.9191654,0.07940248,-0.3857853,1,0.75,1,0,2.313734E-05,-2.369317E-06,0,0.001574461,-0.00112564,0.3855022,-0.9147352,0.361403,0.1806858,1,0.5,0.5,0,0.25,0,0,0,0,0.5032946,-0.8073401,0.5681282,0.1594746,0,0.25,0.5,0,0.5,0,0,0,0,0.663658,-0.6960808,0.7046744,0.1374974,0,0,0.5,0,-3.810941E-05,-0.2500143,0,0.0002747694,-0.001679362,0.3755445,-0.9251386,0.3654433,-0.1028095,1,0.5,0.75,0,-2.402517E-05,-0.499989,0,-0.002342523,-0.00012815,0.4349209,-0.8663834,0.3422492,-0.3636553,1,0.5,1,0,0.25,-0.25,0,0,0,0.4945351,-0.8144509,0.5731321,-0.09049455,0,0.25,0.75,0,0.5,-0.25,0,0,0,0.6561142,-0.7006228,0.7092724,-0.07784698,0,0,0.75,0,0.25,-0.5,0,0,0,0.5471867,-0.773501,0.5443155,-0.3246794,0,0.25,1,0,0.5,-0.5,0,0,0,0.7017071,-0.6740411,0.6823626,-0.2829309,0,0,1
177,0,-0.2499675,0.5000364,0,-0.0002734364,-0.004401805,0.5472118,-0.7734825,0.0668752,0.6302797,1,0.75,0,0,-0.4998587,0.2500606,0,0.005304815,0.001366437,0.4255263,-0.8751777,-0.1943313,0.4430566,1,1,0.25,0,-0.4999339,0.5000288,0,1.639128E-05,-0.002482534,0.5602425,-0.7639762,-0.1697101,0.6225262,1,1,0,0,-0.2499481,0.2500408,0,0.003345312,-0.0007301572,0.4105716,-0.8895511,0.07693173,0.4503114,1,0.75,0.25,0,7.506897E-05,0.5000362,0,0.001236677,0.002023578,0.5927926,-0.7412202,0.2928964,0.6039904,1,0.5,0,0,-0.4999433,3.245375E-06,0,0.00101626,-0.002933624,0.3450329,-0.9585425,-0.2129423,0.1893456,1,1,0.5,0,8.388737E-05,0.2500151,0,0.002603937,-7.450584E-05,0.462635,-0.8414404,0.3325081,0.42593,1,0.5,0.25,0,0.25,0.5,0,0,0,0.6902101,-0.6805521,0.478907,0.5545239,0,0.25,0,0,-0.2500281,3.716636E-06,0,-0.00210628,-0.0007798914,0.3286117,-0.9775387,0.08444473,0.1930985,1,0.75,0.5,0,-0.4999602,-0.2499895,0,-0.0006735328,-0.002107025,0.3346159,-0.9705063,-0.2156204,-0.1078214,1,1,0.75,0,0.25,0.25,0,0,0,0.5719608,-0.7556247,0.5317358,0.3824767,0,0.25,0.25,0,0.5,0.5,0,0,0,0.8281943,-0.6098505,0.6173795,0.4969153,0,0,0,0,0.5,0.25,0,0,0,0.723356,-0.6621131,0.6702873,0.3351437,0,0,0.25,0,-0.2499604,-0.249939,0,0.001422316,0.002478809,0.317982,-0.9902418,0.08562481,-0.1099523,1,0.75,0.75,0,-0.4999942,-0.4999433,0,-0.002786518,0.00319183,0.3966936,-0.9033186,-0.200731,-0.3791075,1,1,1,0,-0.2499999,-0.4999796,0,0.001393259,-0.0006183984,0.3812413,-0.919158,0.07943347,-0.3857962,1,0.75,1,0,2.317677E-05,1.849303E-05,0,1.97133E-06,0.001043118,0.3855059,-0.9147313,0.3614015,0.1807085,1,0.5,0.5,0,0.25,0,0,0,0,0.5032946,-0.8073401,0.5681282,0.1594746,0,0.25,0.5,0,0.5,0,0,0,0,0.663658,-0.6960808,0.7046744,0.1374974,0,0,0.5,0,-1.356032E-05,-0.2500174,0,0.001227455,-0.0001579524,0.3755538,-0.9251288,0.3654675,-0.102812,1,0.5,0.75,0,-9.285847E-06,-0.5000345,0,0.0007369664,-0.002273918,0.4349425,-0.8663635,0.3422571,-0.3636956,1,0.5,1,0,0.25,-0.25,0,0,0,0.4945351,-0.8144509,0.5731321,-0.09049455,0,0.25,0.75,0,0.5,-0.25,0,0,0,0.6561142,-0.7006228,0.7092724,-0.07784698,0,0,0.75,0,0.25,-0.5,0,0,0,0.5471867,-0.773501,0.5443155,-0.3246794,0,0.25,1,0,0.5,-0.5,0,0,0,0.7017071,-0.6740411,0.6823626,-0.2829309,0,0,1
178,0,-0.2500428,0.5000261,0,-0.00376627,-0.0005126001,0.5472003,-0.773491,0.066804,0.6302768,1,0.75,0,0,-0.5000091,0.2499763,0,-0.007520619,-0.00421405,0.4255182,-0.8751854,-0.1944955,0.4429694,1,1,0.25,0,-0.499942,0.5000047,0,-0.0004053117,-0.001206995,0.5602289,-0.7639859,-0.16972,0.6225115,1,1,0,0,-0.2500215,0.2500439,0,-0.003670157,0.0001549721,0.4105674,-0.8895552,0.07685147,0.4503169,1,0.75,0.25,0,2.686131E-06,0.4999846,0,-0.003619143,-0.002580882,0.5927403,-0.7412557,0.2928442,0.603972,1,0.5,0,0,-0.4999087,-3.153978E-05,0,0.001731516,-0.001739259,0.345019,-0.9585583,-0.2129049,0.1893075,1,1,0.5,0,1.428149E-05,0.2500138,0,-0.003480295,-6.556514E-05,0.4626113,-0.8414612,0.3324439,0.4259391,1,0.5,0.25,0,0.25,0.5,0,0,0,0.6902101,-0.6805521,0.478907,0.5545239,0,0.25,0,0,-0.2499979,1.488667E-05,0,0.001510233,0.0005585021,0.3286164,-0.9775332,0.0844807,0.1931109,1,0.75,0.5,0,-0.4999318,-0.2500482,0,0.001418591,-0.002937765,0.3346162,-0.970506,-0.2155863,-0.1078918,1,1,0.75,0,0.25,0.25,0,0,0,0.5719608,-0.7556247,0.5317358,0.3824767,0,0.25,0.25,0,0.5,0.5,0,0,0,0.8281943,-0.6098505,0.6173795,0.4969153,0,0,0,0,0.5,0.25,0,0,0,0.723356,-0.6621131,0.6702873,0.3351437,0,0,0.25,0,-0.2499056,-0.2500154,0,0.00273958,-0.003818424,0.3179951,-0.990226,0.08569042,-0.1100439,1,0.75,0.75,0,-0.4999861,-0.5000167,0,0.0004068019,-0.003671648,0.3967198,-0.9032922,-0.2007161,-0.3791783,1,1,1,0,-0.2499895,-0.4999893,0,0.0005222859,-0.0004857781,0.3812458,-0.9191533,0.07944492,-0.3858053,1,0.75,1,0,4.195114E-06,-1.158687E-05,0,-0.0009490832,-0.001503996,0.3854936,-0.914744,0.3613851,0.1806771,1,0.5,0.5,0,0.25,0,0,0,0,0.5032946,-0.8073401,0.5681282,0.1594746,0,0.25,0.5,0,0.5,0,0,0,0,0.663658,-0.6960808,0.7046744,0.1374974,0,0,0.5,0,-3.193058E-05,-0.2500151,0,-0.0009185136,0.0001192093,0.3755469,-0.9251361,0.3654494,-0.1028101,1,0.5,0.75,0,2.523119E-05,-0.5000717,0,0.001725853,-0.001862646,0.4349679,-0.8663399,0.3422847,-0.3637255,1,0.5,1,0,0.25,-0.25,0,0,0,0.4945351,-0.8144509,0.5731321,-0.09049455,0,0.25,0.75,0,0.5,-0.25,0,0,0,0.6561142,-0.7006228,0.7092724,-0.07784698,0,0,0.75,0,0.25,-0.5,0,0,0,0.5471867,-0.773501,0.5443155,-0.3246794,0,0.25,1,0,0.5,-0.5,0,0,0,0.7017071,-0.6740411,0.6823626,-0.2829309,0,0,1
179,0,-0.2500164,0.4999732,0,0.001323224,-0.002643467,0.5471687,-0.7735143,0.06683128,0.6302454,1,0.75,0,0,-0.4999591,0.2499467,0,0.002498926,-0.001478941,0.4254953,-0.875207,-0.1944463,0.4429484,1,1,0.25,0,-0.4999762,0.4999629,0,-0.001709164,-0.002089144,0.5602087,-0.7640005,-0.1697554,0.622484,1,1,0,0,-0.2499903,0.2500342,0,0.001562387,-0.0004827978,0.4105654,-0.8895572,0.07688595,0.4503073,1,0.75,0.25,0,6.139842E-06,0.4999096,0,0.0001726856,-0.003747643,0.5926961,-0.7412857,0.2928592,0.6039279,1,0.5,0,0,-0.499984,-3.568131E-05,0,-0.003768505,-0.0002070766,0.3450342,-0.958541,-0.2129902,0.1892992,1,1,0.5,0,1.88075E-05,0.2499692,0,0.0002263004,-0.00223294,0.4625937,-0.8414765,0.3324547,0.4259005,1,0.5,0.25,0,0.25,0.5,0,0,0,0.6902101,-0.6805521,0.478907,0.5545239,0,0.25,0,0,-0.2499652,-4.165777E-06,0,0.001636148,-0.0009526229,0.3286154,-0.9775343,0.08452029,0.1930882,1,0.75,0.5,0,-0.5000162,-0.2500548,0,-0.004220011,-0.0003308059,0.3346351,-0.970484,-0.2156826,-0.1078973,1,1,0.75,0,0.25,0.25,0,0,0,0.5719608,-0.7556247,0.5317358,0.3824767,0,0.25,0.25,0,0.5,0.5,0,0,0,0.8281943,-0.6098505,0.6173795,0.4969153,0,0,0,0,0.5,0.25,0,0,0,0.723356,-0.6621131,0.6702873,0.3351437,0,0,0.25,0,-0.2499644,-0.2500052,0,-0.00293851,0.0005066397,0.3179889,-0.9902334,0.08561923,-0.1100324,1,0.75,0.75,0,-0.49995,-0.5000795,0,0.001803041,-0.003138186,0.3967363,-0.9032755,-0.2006722,-0.3792413,1,1,1,0,-0.2499516,-0.5000212,0,0.001893193,-0.001597405,0.3812612,-0.9191373,0.0794865,-0.3858348,1,0.75,1,0,8.665436E-05,4.257653E-05,0,0.004122964,0.002708171,0.3855332,-0.9147031,0.3614621,0.1807302,1,0.5,0.5,0,0.25,0,0,0,0,0.5032946,-0.8073401,0.5681282,0.1594746,0,0.25,0.5,0,0.5,0,0,0,0,0.663658,-0.6960808,0.7046744,0.1374974,0,0,0.5,0,5.762028E-05,-0.249996,0,0.004477545,0.0009529296,0.3755776,-0.9251036,0.3655388,-0.1027847,1,0.5,0.75,0,9.168959E-05,-0.4999911,0,0.003322921,0.004029275,0.4349613,-0.866346,0.3423582,-0.3636419,1,0.5,1,0,0.25,-0.25,0,0,0,0.4945351,-0.8144509,0.5731321,-0.09049455,0,0.25,0.75,0,0.5,-0.25,0,0,0,0.6561142,-0.7006228,0.7092724,-0.07784698,0,0,0.75,0,0.25,-0.5,0,0,0,0.5471867,-0.773501,0.5443155,-0.3246794,0,0.25,1,0,0.5,-0.5,0,0,0,0.7017071,-0.6740411,0.6823626,-0.2829309,0,0,1
180,0,-0.2499629,0.4999571,0,0.002675505,-0.000804663,0.5471622,-0.7735192,0.0668828,0.6302339,1,0.75,0,0,-0.4999951,0.2499465,0,-0.001795591,-8.9407E-06,0.4255022,-0.8752005,-0.1944837,0.4429449,1,1,0.25,0,-0.5000365,0.4999646,0,-0.003017486,8.493666E-05,0.56022,-0.7639924,-0.1698105,0.622479,1,1,0,0,-0.2499952,0.2499688,0,-0.000242889,-0.003269316,0.4105356,-0.8895863,0.07688314,0.4502502,1,0.75,0.25,0,2.210003E-05,0.5000024,0,0.0007980099,0.004641714,0.5927567,-0.7412446,0.2928576,0.6039793,1,0.5,0,0,-0.4999728,-8.791824E-05,0,0.0005602839,-0.002611848,0.345022,-0.958555,-0.2129801,0.1892401,1,1,0.5,0,5.288541E-05,0.249968,0,0.001703896,-5.960467E-05,0.4626046,-0.841467,0.3324864,0.4258945,1,0.5,0.25,0,0.25,0.5,0,0,0,0.6902101,-0.6805521,0.478907,0.5545239,0,0.25,0,0,-0.2499752,1.867396E-05,0,-0.0005006792,0.001141988,0.328619,-0.9775301,0.08450784,0.1931149,1,0.75,0.5,0,-0.5000083,-0.250018,0,0.000396371,0.001840294,0.3346294,-0.9704906,-0.2156745,-0.1078539,1,1,0.75,0,0.25,0.25,0,0,0,0.5719608,-0.7556247,0.5317358,0.3824767,0,0.25,0.25,0,0.5,0.5,0,0,0,0.8281943,-0.6098505,0.6173795,0.4969153,0,0,0,0,0.5,0.25,0,0,0,0.723356,-0.6621131,0.6702873,0.3351437,0,0,0.25,0,-0.2499968,-0.2500128,0,-0.001620502,-0.0003755094,0.317987,-0.9902357,0.0855798,-0.1100418,1,0.75,0.75,0,-0.5000266,-0.5000578,0,-0.00383109,0.001081825,0.3967435,-0.9032683,-0.200756,-0.3792141,1,1,1,0,-0.2500087,-0.5000147,0,-0.002855064,0.0003278257,0.3812541,-0.9191447,0.07942234,-0.3858305,1,0.75,1,0,3.613757E-05,1.523967E-05,0,-0.002525841,-0.001366844,0.38551,-0.9147271,0.3614145,0.180704,1,0.5,0.5,0,0.25,0,0,0,0,0.5032946,-0.8073401,0.5681282,0.1594746,0,0.25,0.5,0,0.5,0,0,0,0,0.663658,-0.6960808,0.7046744,0.1374974,0,0,0.5,0,-3.492768E-05,-0.250006,0,-0.0046274,-0.0004999341,0.3755448,-0.9251382,0.3654468,-0.1028,1,0.5,0.75,0,1.107469E-05,-0.5000324,0,-0.004030746,-0.002062321,0.4349487,-0.8663577,0.3422766,-0.3636909,1,0.5,1,0,0.25,-0.25,0,0,0,0.4945351,-0.8144509,0.5731321,-0.09049455,0,0.25,0.75,0,0.5,-0.25,0,0,0,0.6561142,-0.7006228,0.7092724,-0.07784698,0,0,0.75,0,0.25,-0.5,0,0,0,0.5471867,-0.773501,0.5443155,-0.3246794,0,0.25,1,0,0.5,-0.5,0,0,0,0.7017071,-0.6740411,0.6823626,-0.2829309,0,0,1
181,0,-0.250048,0.4998958,0,-0.004256519,-0.00306666,0.5471178,-0.7735519,0.06680433,0.6302021,1,0.75,0,0,-0.4999925,0.2499466,0,0.0001296402,2.980233E-06,0.4255018,-0.8752009,-0.194481,0.4429452,1,1,0.25,0,-0.4999698,0.4999489,0,0.003334881,-0.0007882717,0.5601989,-0.7640076,-0.169751,0.6224764,1,1,0,0,-0.2499371,0.2499661,0,0.002901257,-0.0001370907,0.4105389,-0.8895831,0.07694659,0.4502456,1,0.75,0.25,0,1.045874E-05,0.4999703,0,-0.0005820647,-0.001609326,0.592734,-0.74126,0.292853,0.6039624,1,0.5,0,0,-0.4999364,-0.0001053074,0,0.001822413,-0.0008694598,0.3450109,-0.9585676,-0.2129397,0.1892221,1,1,0.5,0,2.186667E-05,0.2499963,0,-0.001550938,0.001417101,0.4626064,-0.8414655,0.3324535,0.4259231,1,0.5,0.25,0,0.25,0.5,0,0,0,0.6902101,-0.6805521,0.478907,0.5545239,0,0.25,0,0,-0.2500024,-8.165301E-05,0,-0.001361222,-0.005016351,0.3285973,-0.9775557,0.0844772,0.1929989,1,0.75,0.5,0,-0.4999748,-0.2500495,0,0.001671911,-0.001572073,0.3346256,-0.970495,-0.2156354,-0.1078921,1,1,0.75,0,0.25,0.25,0,0,0,0.5719608,-0.7556247,0.5317358,0.3824767,0,0.25,0.25,0,0.5,0.5,0,0,0,0.8281943,-0.6098505,0.6173795,0.4969153,0,0,0,0,0.5,0.25,0,0,0,0.723356,-0.6621131,0.6702873,0.3351437,0,0,0.25,0,-0.249997,-0.2499773,0,-1.043082E-05,0.001773984,0.3179831,-0.9902405,0.08557995,-0.1099989,1,0.75,0.75,0,-0.4998975,-0.5000918,0,0.006458166,-0.001698733,0.3967305,-0.9032815,-0.2006149,-0.3792575,1,1,1,0,-0.2499909,-0.5000306,0,0.000893325,-0.0007987025,0.3812616,-0.9191368,0.07944193,-0.3858453,1,0.75,1,0,1.768159E-05,1.835522E-05,0,-0.0009227992,0.0001557776,0.3855039,-0.9147334,0.3613961,0.1807088,1,0.5,0.5,0,0.25,0,0,0,0,0.5032946,-0.8073401,0.5681282,0.1594746,0,0.25,0.5,0,0.5,0,0,0,0,0.663658,-0.6960808,0.7046744,0.1374974,0,0,0.5,0,-2.861217E-05,-0.2500233,0,0.0003157758,-0.0008657578,0.3755489,-0.9251339,0.3654523,-0.1028193,1,0.5,0.75,0,4.747258E-05,-0.4999789,0,0.001819895,0.00267476,0.4349417,-0.8663642,0.3423181,-0.3636364,1,0.5,1,0,0.25,-0.25,0,0,0,0.4945351,-0.8144509,0.5731321,-0.09049455,0,0.25,0.75,0,0.5,-0.25,0,0,0,0.6561142,-0.7006228,0.7092724,-0.07784698,0,0,0.75,0,0.25,-0.5,0,0,0,0.5471867,-0.773501,0.5443155,-0.3246794,0,0.25,1,0,0.5,-0.5,0,0,0,0.7017071,-0.6740411,0.6823626,-0.2829309,0,0,1
182,0,-0.2499613,0.5000051,0,0.004335495,0.005465748,0.5471925,-0.7734968,0.06688238,0.6302615,1,0.75,0,0,-0.4998832,0.2499342,0,0.005462768,-0.0006191435,0.425475,-0.8752263,-0.1943685,0.4429446,1,1,0.25,0,-0.4999584,0.4999752,0,0.0005736949,0.001315773,0.5602133,-0.7639972,-0.1697379,0.6224928,1,1,0,0,-0.2499636,0.249979,0,-0.001324714,0.0006467106,0.4105426,-0.8895795,0.07691718,0.4502579,1,0.75,0.25,0,-1.307114E-05,0.5000195,0,-0.001176494,0.002461673,0.5927567,-0.7412446,0.2928254,0.6039949,1,0.5,0,0,-0.4999628,-2.484411E-05,0,-0.001320243,0.004023168,0.3450317,-0.9585439,-0.2129657,0.1893126,1,1,0.5,0,4.766231E-05,0.2500135,0,0.001289783,0.0008575622,0.4626222,-0.8414516,0.3324748,0.4259339,1,0.5,0.25,0,0.25,0.5,0,0,0,0.6902101,-0.6805521,0.478907,0.5545239,0,0.25,0,0,-0.2499665,-4.579614E-05,0,0.001796336,0.001792844,0.3286073,-0.9775439,0.08451954,0.1930398,1,0.75,0.5,0,-0.4999427,-0.2500447,0,0.001607836,0.0002384187,0.3346182,-0.9705037,-0.2155988,-0.1078873,1,1,0.75,0,0.25,0.25,0,0,0,0.5719608,-0.7556247,0.5317358,0.3824767,0,0.25,0.25,0,0.5,0.5,0,0,0,0.8281943,-0.6098505,0.6173795,0.4969153,0,0,0,0,0.5,0.25,0,0,0,0.723356,-0.6621131,0.6702873,0.3351437,0,0,0.25,0,-0.2499306,-0.2500424,0,0.00332296,-0.00325665,0.317996,-0.990225,0.08565985,-0.1100768,1,0.75,0.75,0,-0.4999637,-0.5000936,0,-0.00331253,-8.9407E-05,0.3967444,-0.9032674,-0.2006857,-0.3792536,1,1,1,0,-0.2499637,-0.500051,0,0.001358986,-0.00101924,0.3812717,-0.9191263,0.07947187,-0.385864,1,0.75,1,0,8.296238E-05,2.670599E-05,0,0.003264041,0.0004175387,0.385529,-0.9147074,0.3614596,0.1807131,1,0.5,0.5,0,0.25,0,0,0,0,0.5032946,-0.8073401,0.5681282,0.1594746,0,0.25,0.5,0,0.5,0,0,0,0,0.663658,-0.6960808,0.7046744,0.1374974,0,0,0.5,0,-1.599333E-05,-0.2500124,0,0.000630942,0.0005468728,0.3755524,-0.9251302,0.3654653,-0.1028064,1,0.5,0.75,0,5.941812E-05,-0.5000067,0,0.0005972771,-0.001390279,0.4349559,-0.866351,0.3423257,-0.3636607,1,0.5,1,0,0.25,-0.25,0,0,0,0.4945351,-0.8144509,0.5731321,-0.09049455,0,0.25,0.75,0,0.5,-0.25,0,0,0,0.6561142,-0.7006228,0.7092724,-0.07784698,0,0,0.75,0,0.25,-0.5,0,0,0,0.5471867,-0.773501,0.5443155,-0.3246794,0,0.25,1,0,0.5,-0.5,0,0,0,0.7017071,-0.6740411,0.6823626,-0.2829309,0,0,1
183,0,-0.249977,0.4999715,0,-0.0007845464,-0.001680852,0.5471703,-0.7735132,0.06686881,0.6302428,1,0.75,0,0,-0.500018,0.2499599,0,-0.006739798,0.001285226,0.4255126,-0.8751907,-0.1945063,0.4429544,1,1,0.25,0,-0.4999374,0.5000394,0,0.001047552,0.003211201,0.5602497,-0.763971,-0.1697123,0.6225321,1,1,0,0,-0.2500007,0.2500281,0,-0.00185594,0.002452732,0.4105619,-0.8895606,0.07687479,0.4503023,1,0.75,0.25,0,6.18066E-05,0.499977,0,0.003743888,-0.002124907,0.5927531,-0.7412471,0.2928949,0.603958,1,0.5,0,0,-0.4999873,-5.419903E-06,0,-0.001226366,0.0009712107,0.3450407,-0.9585338,-0.2129925,0.1893336,1,1,0.5,0,1.109961E-05,0.2500231,0,-0.001828136,0.0004798176,0.4626142,-0.8414586,0.3324396,0.4259475,1,0.5,0.25,0,0.25,0.5,0,0,0,0.6902101,-0.6805521,0.478907,0.5545239,0,0.25,0,0,-0.2500046,-9.701698E-06,0,-0.001905114,0.001804723,0.328611,-0.9775395,0.08447318,0.1930825,1,0.75,0.5,0,-0.4999536,-0.250065,0,-0.0005453827,-0.001013279,0.3346227,-0.9704984,-0.2156107,-0.107911,1,1,0.75,0,0.25,0.25,0,0,0,0.5719608,-0.7556247,0.5317358,0.3824767,0,0.25,0.25,0,0.5,0.5,0,0,0,0.8281943,-0.6098505,0.6173795,0.4969153,0,0,0,0,0.5,0.25,0,0,0,0.723356,-0.6621131,0.6702873,0.3351437,0,0,0.25,0,-0.2499329,-0.2500425,0,-0.000115484,-2.980233E-06,0.3179957,-0.9902252,0.08565706,-0.1100769,1,0.75,0.75,0,-0.4999321,-0.5001062,0,0.001581014,-0.0006318095,0.3967429,-0.9032689,-0.2006507,-0.3792684,1,1,1,0,-0.2499702,-0.500007,0,-0.0003233553,0.002199412,0.3812542,-0.9191446,0.0794661,-0.3858218,1,0.75,1,0,2.967226E-05,-8.16554E-06,0,-0.002664507,-0.001743577,0.3855035,-0.9147338,0.3614098,0.1806789,1,0.5,0.5,0,0.25,0,0,0,0,0.5032946,-0.8073401,0.5681282,0.1594746,0,0.25,0.5,0,0.5,0,0,0,0,0.663658,-0.6960808,0.7046744,0.1374974,0,0,0.5,0,5.885556E-05,-0.2499529,0,0.003742446,0.002974273,0.3755736,-0.9251078,0.3655419,-0.1027359,1,0.5,0.75,0,3.004138E-05,-0.5000263,0,-0.001468837,-0.0009804968,0.434953,-0.8663538,0.3422953,-0.3636828,1,0.5,1,0,0.25,-0.25,0,0,0,0.4945351,-0.8144509,0.5731321,-0.09049455,0,0.25,0.75,0,0.5,-0.25,0,0,0,0.6561142,-0.7006228,0.7092724,-0.07784698,0,0,0.75,0,0.25,-0.5,0,0,0,0.5471867,-0.773501,0.5443155,-0.3246794,0,0.25,1,0,0.5,-0.5,0,0,0,0.7017071,-0.6740411,0.6823626,-0.2829309,0,0,1
184,0,-0.2499781,0.5000033,0,-5.662443E-05,0.001591445,0.5471903,-0.7734984,0.06686645,0.6302611,1,0.75,0,0,-0.4999324,0.2499681,0,0.004281105,0.0004097821,0.4254996,-0.875203,-0.1944165,0.4429695,1,1,0.25,0,-0.4999642,0.4999852,0,-0.001338125,-0.002712013,0.5602205,-0.763992,-0.1697422,0.622498,1,1,0,0,-0.2499658,0.2499945,0,0.001747907,-0.001677126,0.4105495,-0.8895727,0.07691422,0.4502716,1,0.75,0.25,0,3.095624E-05,0.5000158,0,-0.001542519,0.001940132,0.5927675,-0.7412373,0.2928628,0.6039856,1,0.5,0,0,-0.4999433,-4.708495E-05,0,0.002202393,-0.002083253,0.3450234,-0.9585534,-0.2129447,0.1892881,1,1,0.5,0,6.057872E-05,0.249969,0,0.002473956,-0.002703817,0.4626076,-0.8414644,0.3324933,0.4258942,1,0.5,0.25,0,0.25,0.5,0,0,0,0.6902101,-0.6805521,0.478907,0.5545239,0,0.25,0,0,-0.2500117,4.802505E-05,0,-0.000357628,0.002886338,0.3286216,-0.9775271,0.08446347,0.1931497,1,0.75,0.5,0,-0.4999247,-0.2499415,0,0.001442433,0.006175044,0.3346031,-0.9705212,-0.2155812,-0.1077656,1,1,0.75,0,0.25,0.25,0,0,0,0.5719608,-0.7556247,0.5317358,0.3824767,0,0.25,0.25,0,0.5,0.5,0,0,0,0.8281943,-0.6098505,0.6173795,0.4969153,0,0,0,0,0.5,0.25,0,0,0,0.723356,-0.6621131,0.6702873,0.3351437,0,0,0.25,0,-0.2499499,-0.2499854,0,-0.0008486215,0.002852828,0.317988,-0.9902346,0.08563711,-0.1100082,1,0.75,0.75,0,-0.4999663,-0.499957,0,-0.001707674,0.007462504,0.3966932,-0.903319,-0.2006999,-0.379123,1,1,1,0,-0.2499977,-0.5000035,0,-0.001376123,0.000178814,0.3812506,-0.9191483,0.0794352,-0.3858193,1,0.75,1,0,4.162382E-05,3.088482E-05,0,0.0005975779,0.001952519,0.3855149,-0.9147221,0.3614187,0.1807207,1,0.5,0.5,0,0.25,0,0,0,0,0.5032946,-0.8073401,0.5681282,0.1594746,0,0.25,0.5,0,0.5,0,0,0,0,0.663658,-0.6960808,0.7046744,0.1374974,0,0,0.5,0,1.723323E-07,-0.2500177,0,-0.002934163,-0.003242494,0.3755589,-0.9251234,0.365481,-0.1028117,1,0.5,0.75,0,2.194672E-05,-0.4999691,0,-0.000404733,0.002859534,0.4349294,-0.8663756,0.3422953,-0.3636308,1,0.5,1,0,0.25,-0.25,0,0,0,0.4945351,-0.8144509,0.5731321,-0.09049455,0,0.25,0.75,0,0.5,-0.25,0,0,0,0.6561142,-0.7006228,0.7092724,-0.07784698,0,0,0.75,0,0.25,-0.5,0,0,0,0.5471867,-0.773501,0.5443155,-0.3246794,0,0.25,1,0,0.5,-0.5,0,0,0,0.7017071,-0.6740411,0.6823626,-0.2829309,0,0,1
185,0,-0.2499824,0.4999965,0,-0.000217557,-0.0003397466,0.5471857,-0.7735018,0.06686259,0.6302574,1,0.75,0,0,-0.4999254,0.250012,0,0.0003471972,0.002195687,0.4255177,-0.8751859,-0.1944052,0.4430083,1,1,0.25,0,-0.4999719,0.4999909,0,-0.0003859402,0.0002846123,0.5602254,-0.7639885,-0.1697487,0.6225005,1,1,0,0,-0.2499682,0.249993,0,-0.0001221896,-7.748607E-05,0.4105486,-0.8895736,0.07691161,0.4502703,1,0.75,0.25,0,5.028689E-05,0.5000161,0,0.0009665331,1.490117E-05,0.5927732,-0.7412334,0.292879,0.6039826,1,0.5,0,0,-0.499971,1.013866E-05,0,-0.001385809,0.002861182,0.3450401,-0.9585344,-0.2129733,0.1893521,1,1,0.5,0,6.075937E-05,0.2499965,0,9.032741E-06,0.001376868,0.4626194,-0.8414541,0.3324894,0.4259176,1,0.5,0.25,0,0.25,0.5,0,0,0,0.6902101,-0.6805521,0.478907,0.5545239,0,0.25,0,0,-0.2499247,4.438014E-05,0,0.004351141,-0.0001822452,0.3286282,-0.9775192,0.08456781,0.1931438,1,0.75,0.5,0,-0.4999768,-0.2499617,0,-0.002600254,-0.001013279,0.3346165,-0.9705056,-0.2156401,-0.1077881,1,1,0.75,0,0.25,0.25,0,0,0,0.5719608,-0.7556247,0.5317358,0.3824767,0,0.25,0.25,0,0.5,0.5,0,0,0,0.8281943,-0.6098505,0.6173795,0.4969153,0,0,0,0,0.5,0.25,0,0,0,0.723356,-0.6621131,0.6702873,0.3351437,0,0,0.25,0,-0.2499674,-0.2499072,0,-0.0008769337,0.003909321,0.3179779,-0.9902468,0.08561673,-0.109914,1,0.75,0.75,0,-0.5000185,-0.4999666,0,-0.002613665,-0.0004827978,0.3967073,-0.9033048,-0.2007551,-0.3791278,1,1,1,0,-0.2500366,-0.4999542,0,-0.001947583,0.002464653,0.3812285,-0.9191713,0.07939299,-0.385773,1,0.75,1,0,2.170048E-05,-4.308025E-06,0,-0.0009961674,-0.001759643,0.3855013,-0.9147362,0.3614017,0.1806837,1,0.5,0.5,0,0.25,0,0,0,0,0.5032946,-0.8073401,0.5681282,0.1594746,0,0.25,0.5,0,0.5,0,0,0,0,0.663658,-0.6960808,0.7046744,0.1374974,0,0,0.5,0,-3.226564E-06,-0.2499819,0,-0.0001699449,0.00179261,0.3755539,-0.9251286,0.3654792,-0.1027714,1,0.5,0.75,0,1.416729E-05,-0.5000463,0,-0.0003889719,-0.003860892,0.4349548,-0.866352,0.3422776,-0.3637035,1,0.5,1,0,0.25,-0.25,0,0,0,0.4945351,-0.8144509,0.5731321,-0.09049455,0,0.25,0.75,0,0.5,-0.25,0,0,0,0.6561142,-0.7006228,0.7092724,-0.07784698,0,0,0.75,0,0.25,-0.5,0,0,0,0.5471867,-0.773501,0.5443155,-0.3246794,0,0.25,1,0,0.5,-0.5,0,0,0,0.7017071,-0.6740411,0.6823626,-0.2829309,0,0,1
186,0,-0.2499596,0.5000377,0,0.00114441,0.002056361,0.5472131,-0.7734815,0.0668827,0.6302802,1,0.75,0,0,-0.4999182,0.2500484,0,0.0003606082,0.001817942,0.4255324,-0.875172,-0.1943943,0.4430405,1,1,0.25,0,-0.4998818,0.5000383,0,0.004504623,0.002373756,0.5602397,-0.7639782,-0.1696615,0.622537,1,1,0,0,-0.2500132,0.2500235,0,-0.002250076,0.001523644,0.4105588,-0.8895636,0.07686133,0.4502987,1,0.75,0.25,0,8.993744E-05,0.5000389,0,0.001982528,0.001138449,0.5927986,-0.7412162,0.2929085,0.6039895,1,0.5,0,0,-0.4998868,1.877519E-05,0,0.00420809,0.0004318263,0.3450238,-0.9585529,-0.2128778,0.189366,1,1,0.5,0,2.451016E-05,0.2500117,0,-0.001812461,0.0007562342,0.4626138,-0.841459,0.3324537,0.4259358,1,0.5,0.25,0,0.25,0.5,0,0,0,0.6902101,-0.6805521,0.478907,0.5545239,0,0.25,0,0,-0.2499745,-1.675403E-05,0,-0.00248924,-0.00305671,0.3286122,-0.9775381,0.08450937,0.1930737,1,0.75,0.5,0,-0.4999424,-0.2499443,0,0.001716614,0.0008724633,0.3346072,-0.9705164,-0.2156013,-0.1077684,1,1,0.75,0,0.25,0.25,0,0,0,0.5719608,-0.7556247,0.5317358,0.3824767,0,0.25,0.25,0,0.5,0.5,0,0,0,0.8281943,-0.6098505,0.6173795,0.4969153,0,0,0,0,0.5,0.25,0,0,0,0.723356,-0.6621131,0.6702873,0.3351437,0,0,0.25,0,-0.2499781,-0.2499592,0,-0.0005334618,-0.002600254,0.3179827,-0.9902409,0.08560318,-0.1099769,1,0.75,0.75,0,-0.5000244,-0.4999788,0,-0.0002950431,-0.0006064775,0.3967131,-0.903299,-0.2007604,-0.3791388,1,1,1,0,-0.2499692,-0.4999709,0,0.003371389,-0.0008374456,0.3812404,-0.919159,0.07946844,-0.3857868,1,0.75,1,0,3.340628E-05,-1.960085E-05,0,0.0005852903,-0.0007646413,0.3855028,-0.9147346,0.3614143,0.1806662,1,0.5,0.5,0,0.25,0,0,0,0,0.5032946,-0.8073401,0.5681282,0.1594746,0,0.25,0.5,0,0.5,0,0,0,0,0.663658,-0.6960808,0.7046744,0.1374974,0,0,0.5,0,5.52201E-05,-0.2500111,0,0.002922334,-0.001460314,0.3755783,-0.9251029,0.3655358,-0.1028019,1,0.5,0.75,0,2.515145E-05,-0.5000238,0,0.0005492083,0.001126528,0.4349504,-0.8663561,0.342291,-0.3636811,1,0.5,1,0,0.25,-0.25,0,0,0,0.4945351,-0.8144509,0.5731321,-0.09049455,0,0.25,0.75,0,0.5,-0.25,0,0,0,0.6561142,-0.7006228,0.7092724,-0.07784698,0,0,0.75,0,0.25,-0.5,0,0,0,0.5471867,-0.773501,0.5443155,-0.3246794,0,0.25,1,0,0.5,-0.5,0,0,0,0.7017071,-0.6740411,0.6823626,-0.2829309,0,0,1
187,0,-0.2500145,0.5000326,0,-0.002746285,-0.0002533198,0.5472063,-0.7734866,0.06683068,0.6302795,1,0.75,0,0,-0.4999704,0.2499982,0,-0.002610684,-0.002509356,0.4255203,-0.8751834,-0.1944533,0.4429921,1,1,0.25,0,-0.4999955,0.499971,0,-0.005686285,-0.003364684,0.560217,-0.7639945,-0.1697724,0.6224867,1,1,0,0,-0.2500124,0.2500181,0,4.023315E-05,-0.0002697111,0.4105564,-0.8895659,0.07686242,0.450294,1,0.75,0.25,0,4.405945E-05,0.5000306,0,-0.0022939,-0.0004142525,0.5927802,-0.7412286,0.2928714,0.6039921,1,0.5,0,0,-0.4999731,1.935283E-06,0,-0.004316868,-0.0008419955,0.345039,-0.9585356,-0.2129762,0.1893427,1,1,0.5,0,3.459309E-05,0.2500063,0,0.0005041467,-0.0002652408,0.4626148,-0.841458,0.3324638,0.4259298,1,0.5,0.25,0,0.25,0.5,0,0,0,0.6902101,-0.6805521,0.478907,0.5545239,0,0.25,0,0,-0.2500094,3.371998E-05,0,-0.001745672,0.002523701,0.328619,-0.9775301,0.08446653,0.1931331,1,0.75,0.5,0,-0.499944,-0.2499396,0,-7.897618E-05,0.0002346934,0.3346071,-0.9705166,-0.2156033,-0.1077628,1,1,0.75,0,0.25,0.25,0,0,0,0.5719608,-0.7556247,0.5317358,0.3824767,0,0.25,0.25,0,0.5,0.5,0,0,0,0.8281943,-0.6098505,0.6173795,0.4969153,0,0,0,0,0.5,0.25,0,0,0,0.723356,-0.6621131,0.6702873,0.3351437,0,0,0.25,0,-0.2499326,-0.2499759,0,0.002270938,-0.0008344654,0.3179885,-0.990234,0.08565811,-0.1099966,1,0.75,0.75,0,-0.4998973,-0.499968,0,0.006355348,0.0005394223,0.3966835,-0.9033288,-0.2006252,-0.3791393,1,1,1,0,-0.2499742,-0.4999672,0,-0.0002481044,0.0001832844,0.3812385,-0.9191609,0.07946298,-0.3857835,1,0.75,1,0,1.999508E-05,-4.011641E-05,0,-0.0006705601,-0.001025778,0.3854942,-0.9147435,0.3614027,0.1806448,1,0.5,0.5,0,0.25,0,0,0,0,0.5032946,-0.8073401,0.5681282,0.1594746,0,0.25,0.5,0,0.5,0,0,0,0,0.663658,-0.6960808,0.7046744,0.1374974,0,0,0.5,0,-5.521205E-05,-0.2499969,0,-0.005521609,0.0007100406,0.3755364,-0.9251471,0.3654271,-0.1027906,1,0.5,0.75,0,4.376126E-05,-0.5000313,0,0.000930491,-0.0003755094,0.4349595,-0.8663477,0.3423076,-0.3636856,1,0.5,1,0,0.25,-0.25,0,0,0,0.4945351,-0.8144509,0.5731321,-0.09049455,0,0.25,0.75,0,0.5,-0.25,0,0,0,0.6561142,-0.7006228,0.7092724,-0.07784698,0,0,0.75,0,0.25,-0.5,0,0,0,0.5471867,-0.773501,0.5443155,-0.3246794,0,0.25,1,0,0.5,-0.5,0,0,0,0.7017071,-0.6740411,0.6823626,-0.2829309,0,0,1
188,0,-0.2499848,0.5000412,0,0.001482666,0.0004291536,0.5472137,-0.7734811,0.06685852,0.6302832,1,0.75,0,0,-0.5000619,0.2499874,0,-0.004574658,-0.0005401673,0.4255334,-0.8751711,-0.1945494,0.4429742,1,1,0.25,0,-0.499984,0.4999798,0,0.0005781653,0.0004380943,0.5602206,-0.763992,-0.1697609,0.6224929,1,1,0,0,-0.2500327,0.2500177,0,-0.001011789,-1.639128E-05,0.4105548,-0.8895676,0.07684033,0.4502944,1,0.75,0.25,0,-4.401009E-05,0.4999835,0,-0.004403478,-0.002355875,0.592726,-0.7412654,0.2928053,0.6039789,1,0.5,0,0,-0.5000218,4.603868E-05,0,-0.00243038,0.002205171,0.3450577,-0.9585144,-0.213029,0.1893907,1,1,0.5,0,1.86696E-05,0.2499578,0,-0.000796175,-0.00242591,0.4625889,-0.8414807,0.3324562,0.4258909,1,0.5,0.25,0,0.25,0.5,0,0,0,0.6902101,-0.6805521,0.478907,0.5545239,0,0.25,0,0,-0.2499698,1.559613E-05,0,0.00197962,-0.0009061929,0.3286189,-0.9775302,0.08451433,0.1931112,1,0.75,0.5,0,-0.4999865,-0.2499887,0,-0.002124907,-0.002457202,0.3346215,-0.9704998,-0.2156504,-0.1078198,1,1,0.75,0,0.25,0.25,0,0,0,0.5719608,-0.7556247,0.5317358,0.3824767,0,0.25,0.25,0,0.5,0.5,0,0,0,0.8281943,-0.6098505,0.6173795,0.4969153,0,0,0,0,0.5,0.25,0,0,0,0.723356,-0.6621131,0.6702873,0.3351437,0,0,0.25,0,-0.2499474,-0.2500108,0,-0.0007361177,-0.001741946,0.317991,-0.9902309,0.08563984,-0.1100388,1,0.75,0.75,0,-0.4999204,-0.4999724,0,-0.00115186,-0.0002220274,0.3966898,-0.9033225,-0.2006495,-0.3791416,1,1,1,0,-0.2499645,-0.5000041,0,0.0004827978,-0.001843274,0.3812535,-0.9191452,0.07947257,-0.3858187,1,0.75,1,0,2.973483E-05,-9.956053E-06,0,0.0004869877,0.001508018,0.3855032,-0.9147342,0.3614101,0.180677,1,0.5,0.5,0,0.25,0,0,0,0,0.5032946,-0.8073401,0.5681282,0.1594746,0,0.25,0.5,0,0.5,0,0,0,0,0.663658,-0.6960808,0.7046744,0.1374974,0,0,0.5,0,-5.880382E-05,-0.2499522,0,-0.0001795887,0.00223294,0.3755305,-0.9251533,0.3654255,-0.1027403,1,0.5,0.75,0,6.921317E-05,-0.5000387,0,0.001272596,-0.0003725292,0.4349709,-0.8663371,0.3423306,-0.3636891,1,0.5,1,0,0.25,-0.25,0,0,0,0.4945351,-0.8144509,0.5731321,-0.09049455,0,0.25,0.75,0,0.5,-0.25,0,0,0,0.6561142,-0.7006228,0.7092724,-0.07784698,0,0,0.75,0,0.25,-0.5,0,0,0,0.5471867,-0.773501,0.5443155,-0.3246794,0,0.25,1,0,0.5,-0.5,0,0,0,0.7017071,-0.6740411,0.6823626,-0.2829309,0,0,1
189,0,-0.2499231,0.4999551,0,0.003089012,-0.004304947,0.5471636,-0.7735181,0.06692072,0.6302311,1,0.75,0,0,-0.5000539,0.249977,0,0.0004023315,-0.0005200508,0.4255272,-0.8751769,-0.194542,0.4429659,1,1,0.25,0,-0.4999573,0.5000214,0,0.001332164,0.002080203,0.5602419,-0.7639766,-0.1697323,0.6225196,1,1,0,0,-0.2500611,0.2499795,0,-0.001420081,-0.001909585,0.4105354,-0.8895865,0.07681077,0.450262,1,0.75,0.25,0,1.679415E-05,0.5000154,0,0.003040213,0.001598895,0.5927631,-0.7412403,0.292851,0.6039877,1,0.5,0,0,-0.5000054,3.253215E-05,0,0.0008195642,-0.000675327,0.3450517,-0.9585212,-0.2130111,0.189376,1,1,0.5,0,-8.909627E-06,0.2500089,0,-0.001378962,0.00255257,0.4626015,-0.8414697,0.3324232,0.4259383,1,0.5,0.25,0,0.25,0.5,0,0,0,0.6902101,-0.6805521,0.478907,0.5545239,0,0.25,0,0,-0.2499485,2.645788E-05,0,0.001065433,0.0005430876,0.3286228,-0.9775257,0.08453964,0.1931234,1,0.75,0.5,0,-0.499942,-0.2500162,0,0.002224744,-0.001373888,0.3346149,-0.9705074,-0.2155988,-0.1078536,1,1,0.75,0,0.25,0.25,0,0,0,0.5719608,-0.7556247,0.5317358,0.3824767,0,0.25,0.25,0,0.5,0.5,0,0,0,0.8281943,-0.6098505,0.6173795,0.4969153,0,0,0,0,0.5,0.25,0,0,0,0.723356,-0.6621131,0.6702873,0.3351437,0,0,0.25,0,-0.2499558,-0.2500598,0,-0.000420958,-0.002452732,0.3179957,-0.9902252,0.08562906,-0.1100982,1,0.75,0.75,0,-0.4999661,-0.5000171,0,-0.002285839,-0.002235175,0.3967159,-0.9032961,-0.2006947,-0.3791804,1,1,1,0,-0.2499823,-0.5000098,0,-0.0008873645,-0.0002831222,0.3812543,-0.9191445,0.07945237,-0.3858248,1,0.75,1,0,5.303072E-06,-1.55955E-05,0,-0.001221588,-0.0002819724,0.3854933,-0.9147443,0.3613864,0.1806726,1,0.5,0.5,0,0.25,0,0,0,0,0.5032946,-0.8073401,0.5681282,0.1594746,0,0.25,0.5,0,0.5,0,0,0,0,0.663658,-0.6960808,0.7046744,0.1374974,0,0,0.5,0,-4.296444E-05,-0.2499636,0,0.0007919695,-0.0005677345,0.3755375,-0.925146,0.3654407,-0.1027524,1,0.5,0.75,0,5.73131E-05,-0.5000023,0,-0.0005950041,0.001820923,0.4349536,-0.8663532,0.3423243,-0.3636569,1,0.5,1,0,0.25,-0.25,0,0,0,0.4945351,-0.8144509,0.5731321,-0.09049455,0,0.25,0.75,0,0.5,-0.25,0,0,0,0.6561142,-0.7006228,0.7092724,-0.07784698,0,0,0.75,0,0.25,-0.5,0,0,0,0.5471867,-0.773501,0.5443155,-0.3246794,0,0.25,1,0,0.5,-0.5,0,0,0,0.7017071,-0.6740411,0.6823626,-0.2829309,0,0,1
190,0,-0.2499913,0.4999742,0,-0.003412367,0.0009551648,0.547171,-0.7735127,0.06685507,0.6302449,1,0.75,0,0,-0.5000111,0.2499937,0,0.002139808,0.0008374456,0.4255263,-0.8751777,-0.1944959,0.4429844,1,1,0.25,0,-0.4999765,0.4999738,0,-0.0009581451,-0.002381206,0.5602155,-0.7639956,-0.1697546,0.6224902,1,1,0,0,-0.2499326,0.2500281,0,0.006421658,0.002426655,0.4105671,-0.8895555,0.07694915,0.4502997,1,0.75,0.25,0,1.595994E-05,0.4999478,0,-4.171081E-05,-0.003384055,0.5927219,-0.7412682,0.2928613,0.6039485,1,0.5,0,0,-0.4999671,-5.119145E-05,0,0.0019148,-0.004186181,0.3450277,-0.9585485,-0.2129718,0.1892823,1,1,0.5,0,2.41298E-05,0.2499304,0,0.001651972,-0.003921987,0.4625791,-0.8414893,0.3324653,0.4258668,1,0.5,0.25,0,0.25,0.5,0,0,0,0.6902101,-0.6805521,0.478907,0.5545239,0,0.25,0,0,-0.2499455,-1.990296E-05,0,0.0001497567,-0.002318043,0.3286141,-0.9775359,0.08454415,0.1930695,1,0.75,0.5,0,-0.4999762,-0.2500003,0,-0.001712144,0.0007957223,0.3346206,-0.9705008,-0.2156384,-0.1078338,1,1,0.75,0,0.25,0.25,0,0,0,0.5719608,-0.7556247,0.5317358,0.3824767,0,0.25,0.25,0,0.5,0.5,0,0,0,0.8281943,-0.6098505,0.6173795,0.4969153,0,0,0,0,0.5,0.25,0,0,0,0.723356,-0.6621131,0.6702873,0.3351437,0,0,0.25,0,-0.2499325,-0.250026,0,0.001164526,0.001692773,0.3179939,-0.9902274,0.08565772,-0.110057,1,0.75,0.75,0,-0.4999049,-0.4999723,0,0.0030607,0.002238155,0.3966867,-0.9033256,-0.2006329,-0.3791429,1,1,1,0,-0.2499947,-0.5000166,0,-0.0006228688,-0.0003397466,0.3812559,-0.9191428,0.07943808,-0.3858318,1,0.75,1,0,2.633194E-05,8.302277E-05,0,0.001051444,0.004930915,0.3855187,-0.9147181,0.3613999,0.1807788,1,0.5,0.5,0,0.25,0,0,0,0,0.5032946,-0.8073401,0.5681282,0.1594746,0,0.25,0.5,0,0.5,0,0,0,0,0.663658,-0.6960808,0.7046744,0.1374974,0,0,0.5,0,-5.12127E-05,-0.2499672,0,-0.0004124136,-0.0001825393,0.3755349,-0.9251487,0.3654324,-0.1027569,1,0.5,0.75,0,5.52745E-05,-0.4999787,0,-0.0001019298,0.001181663,0.4349443,-0.8663617,0.3423255,-0.3636352,1,0.5,1,0,0.25,-0.25,0,0,0,0.4945351,-0.8144509,0.5731321,-0.09049455,0,0.25,0.75,0,0.5,-0.25,0,0,0,0.6561142,-0.7006228,0.7092724,-0.07784698,0,0,0.75,0,0.25,-0.5,0,0,0,0.5471867,-0.773501,0.5443155,-0.3246794,0,0.25,1,0,0.5,-0.5,0,0,0,0.7017071,-0.6740411,0.6823626,-0.2829309,0,0,1
191,0,-0.2500067,0.4998686,0,-0.0007689002,-0.005277993,0.5471034,-0.7735626,0.0668447,0.6301848,1,0.75,0,0,-0.499985,0.2500159,0,0.001303852,0.001107902,0.425531,-0.8751733,-0.1944668,0.4430061,1,1,0.25,0,-0.5000164,0.4999339,0,-0.001995266,-0.001993776,0.5601975,-0.7640086,-0.1697952,0.6224632,1,1,0,0,-0.25001,0.2499539,0,-0.003867598,-0.003708155,0.4105278,-0.889594,0.07686752,0.4502377,1,0.75,0.25,0,4.721082E-05,0.4999974,0,0.001562545,0.002484025,0.5927612,-0.7412416,0.2928794,0.6039723,1,0.5,0,0,-0.5000151,1.124645E-05,0,-0.002400578,0.003121896,0.3450497,-0.9585235,-0.2130231,0.1893513,1,1,0.5,0,7.679812E-06,0.2499749,0,-0.0008224997,0.002222509,0.4625925,-0.8414776,0.3324436,0.425907,1,0.5,0.25,0,0.25,0.5,0,0,0,0.6902101,-0.6805521,0.478907,0.5545239,0,0.25,0,0,-0.2500196,-4.58446E-05,0,-0.00370592,-0.001297083,0.3286028,-0.9775492,0.08445585,0.1930408,1,0.75,0.5,0,-0.4999906,-0.2500277,0,-0.0007197264,-0.001367927,0.3346266,-0.9704939,-0.2156541,-0.1078658,1,1,0.75,0,0.25,0.25,0,0,0,0.5719608,-0.7556247,0.5317358,0.3824767,0,0.25,0.25,0,0.5,0.5,0,0,0,0.8281943,-0.6098505,0.6173795,0.4969153,0,0,0,0,0.5,0.25,0,0,0,0.723356,-0.6621131,0.6702873,0.3351437,0,0,0.25,0,-0.2500458,-0.250005,0,-0.005665424,0.001047552,0.317982,-0.9902419,0.08552045,-0.110033,1,0.75,0.75,0,-0.4999632,-0.5000645,0,-0.002914668,-0.004607441,0.3967333,-0.9032786,-0.2006875,-0.3792259,1,1,1,0,-0.2500002,-0.5000204,0,-0.0002764167,-0.0001937152,0.381257,-0.9191417,0.07943171,-0.3858357,1,0.75,1,0,2.005239E-05,3.845557E-05,0,-0.0003139772,-0.002228361,0.3855084,-0.9147288,0.361397,0.1807306,1,0.5,0.5,0,0.25,0,0,0,0,0.5032946,-0.8073401,0.5681282,0.1594746,0,0.25,0.5,0,0.5,0,0,0,0,0.663658,-0.6960808,0.7046744,0.1374974,0,0,0.5,0,-3.331105E-05,-0.2500192,0,0.0008950832,-0.002596528,0.3755468,-0.9251362,0.3654478,-0.1028148,1,0.5,0.75,0,5.793083E-05,-0.5000032,0,0.0001328165,-0.001223386,0.4349541,-0.8663527,0.3423247,-0.3636576,1,0.5,1,0,0.25,-0.25,0,0,0,0.4945351,-0.8144509,0.5731321,-0.09049455,0,0.25,0.75,0,0.5,-0.25,0,0,0,0.6561142,-0.7006228,0.7092724,-0.07784698,0,0,0.75,0,0.25,-0.5,0,0,0,0.5471867,-0.773501,0.5443155,-0.3246794,0,0.25,1,0,0.5,-0.5,0,0,0,0.7017071,-0.6740411,0.6823626,-0.2829309,0,0,1
192,0,-0.24997,0.5000448,0,0.001835824,0.00880659,0.5472169,-0.7734787,0.06687252,0.6302847,1,0.75,0,0,-0.4999838,0.2499805,0,6.25849E-05,-0.001768769,0.4255151,-0.8751883,-0.1944688,0.4429755,1,1,0.25,0,-0.5000479,0.4999347,0,-0.001576543,4.172327E-05,0.5602033,-0.7640044,-0.169824,0.6224605,1,1,0,0,-0.2499931,0.2499806,0,0.000841916,0.00133589,0.4105411,-0.8895809,0.07688488,0.4502604,1,0.75,0.25,0,2.632998E-05,0.4999782,0,-0.001044043,-0.0009626154,0.5927434,-0.7412536,0.292865,0.6039644,1,0.5,0,0,-0.4999549,-4.482854E-05,0,0.003007055,-0.002803751,0.3450263,-0.95855,-0.2129578,0.1892902,1,1,0.5,0,5.85124E-05,0.2500249,0,0.00254163,0.002499671,0.4626307,-0.8414442,0.3324832,0.425942,1,0.5,0.25,0,0.25,0.5,0,0,0,0.6902101,-0.6805521,0.478907,0.5545239,0,0.25,0,0,-0.2500301,-2.870545E-06,0,-0.0005215409,0.002148703,0.3286102,-0.9775405,0.08444251,0.1930909,1,0.75,0.5,0,-0.4999148,-0.2499901,0,0.003790857,0.001876802,0.3346062,-0.9705176,-0.2155685,-0.1078235,1,1,0.75,0,0.25,0.25,0,0,0,0.5719608,-0.7556247,0.5317358,0.3824767,0,0.25,0.25,0,0.5,0.5,0,0,0,0.8281943,-0.6098505,0.6173795,0.4969153,0,0,0,0,0.5,0.25,0,0,0,0.723356,-0.6621131,0.6702873,0.3351437,0,0,0.25,0,-0.2499614,-0.2500449,0,0.004220756,-0.001995266,0.3179936,-0.9902278,0.08562244,-0.1100802,1,0.75,0.75,0,-0.5000424,-0.5000418,0,-0.00396073,0.001132489,0.3967406,-0.9032713,-0.2007742,-0.3791975,1,1,1,0,-0.2500374,-0.5000681,0,-0.001856685,-0.002381206,0.3812724,-0.9191256,0.07938819,-0.385883,1,0.75,1,0,-1.880529E-05,-1.892503E-05,0,-0.001942885,-0.002869031,0.385484,-0.914754,0.3613631,0.1806708,1,0.5,0.5,0,0.25,0,0,0,0,0.5032946,-0.8073401,0.5681282,0.1594746,0,0.25,0.5,0,0.5,0,0,0,0,0.663658,-0.6960808,0.7046744,0.1374974,0,0,0.5,0,-2.514309E-05,-0.2500378,0,0.000408398,-0.0009298328,0.3755516,-0.925131,0.3654551,-0.1028355,1,0.5,0.75,0,-2.407914E-05,-0.5000274,0,-0.0041005,-0.001212955,0.4349349,-0.8663705,0.3422441,-0.363691,1,0.5,1,0,0.25,-0.25,0,0,0,0.4945351,-0.8144509,0.5731321,-0.09049455,0,0.25,0.75,0,0.5,-0.25,0,0,0,0.6561142,-0.7006228,0.7092724,-0.07784698,0,0,0.75,0,0.25,-0.5,0,0,0,0.5471867,-0.773501,0.5443155,-0.3246794,0,0.25,1,0,0.5,-0.5,0,0,0,0.7017071,-0.6740411,0.6823626,-0.2829309,0,0,1
193,0,-0.2499979,0.5000095,0,-0.001398475,-0.001764298,0.5471928,-0.7734965,0.06684735,0.6302655,1,0.75,0,0,-0.4999443,0.2499453,0,0.001972914,-0.001758338,0.4254918,-0.8752103,-0.194431,0.4429486,1,1,0.25,0,-0.4999108,0.5000297,0,0.006854537,0.004747512,0.5602392,-0.7639785,-0.1696889,0.622529,1,1,0,0,-0.2500046,0.2499999,0,-0.0005736949,0.0009648506,0.4105489,-0.8895733,0.07687163,0.4502778,1,0.75,0.25,0,3.114223E-05,0.4999462,0,0.0002406129,-0.001600385,0.5927255,-0.7412658,0.2928742,0.6039451,1,0.5,0,0,-0.499988,-1.055851E-05,0,-0.00165552,0.001713502,0.3450398,-0.9585347,-0.2129936,0.1893277,1,1,0.5,0,-1.348569E-06,0.2499937,0,-0.00299305,-0.001558662,0.4625975,-0.8414732,0.3324324,0.4259244,1,0.5,0.25,0,0.25,0.5,0,0,0,0.6902101,-0.6805521,0.478907,0.5545239,0,0.25,0,0,-0.2499876,-3.895189E-05,0,0.002121181,-0.001804068,0.3286068,-0.9775444,0.08449405,0.1930482,1,0.75,0.5,0,-0.5000691,-0.2500211,0,-0.007715825,-0.001548976,0.3346429,-0.970475,-0.2157439,-0.1078558,1,1,0.75,0,0.25,0.25,0,0,0,0.5719608,-0.7556247,0.5317358,0.3824767,0,0.25,0.25,0,0.5,0.5,0,0,0,0.8281943,-0.6098505,0.6173795,0.4969153,0,0,0,0,0.5,0.25,0,0,0,0.723356,-0.6621131,0.6702873,0.3351437,0,0,0.25,0,-0.2500428,-0.2499714,0,-0.004071744,0.003673883,0.3179785,-0.9902461,0.08552445,-0.1099924,1,0.75,0.75,0,-0.5000198,-0.5000265,0,0.001126528,0.0007689002,0.3967302,-0.9032817,-0.2007514,-0.3791848,1,1,1,0,-0.2500308,-0.4999956,0,0.0003293158,0.003620984,0.381245,-0.9191541,0.07939813,-0.3858128,1,0.75,1,0,2.209886E-05,1.009313E-05,0,0.002045208,0.001450909,0.385504,-0.9147333,0.3614011,0.1806995,1,0.5,0.5,0,0.25,0,0,0,0,0.5032946,-0.8073401,0.5681282,0.1594746,0,0.25,0.5,0,0.5,0,0,0,0,0.663658,-0.6960808,0.7046744,0.1374974,0,0,0.5,0,-3.355369E-05,-0.2500306,0,-0.0004205302,0.0003561379,0.3755478,-0.9251351,0.3654471,-0.1028278,1,0.5,0.75,0,-1.158017E-05,-0.5000259,0,0.0006249487,7.450584E-05,0.4349386,-0.866367,0.3422561,-0.363688,1,0.5,1,0,0.25,-0.25,0,0,0,0.4945351,-0.8144509,0.5731321,-0.09049455,0,0.25,0.75,0,0.5,-0.25,0,0,0,0.6561142,-0.7006228,0.7092724,-0.07784698,0,0,0.75,0,0.25,-0.5,0,0,0,0.5471867,-0.773501,0.5443155,-0.3246794,0,0.25,1,0,0.5,-0.5,0,0,0,0.7017071,-0.6740411,0.6823626,-0.2829309,0,0,1
194,0,-0.2499679,0.5000275,0,0.001502783,0.0009000305,0.5472062,-0.7734867,0.0668752,0.6302747,1,0.75,0,0,-0.4999479,0.2500021,0,-0.0001817942,0.002838672,0.4255177,-0.8751859,-0.1944295,0.4429976,1,1,0.25,0,-0.4998986,0.4999921,0,0.0006094577,-0.001877547,0.5602137,-0.763997,-0.1696815,0.6225086,1,1,0,0,-0.2499149,0.2500243,0,0.004485251,0.001219661,0.4105668,-0.8895558,0.07696863,0.4502957,1,0.75,0.25,0,5.336075E-05,0.5000055,0,0.001110926,0.002968312,0.5927678,-0.741237,0.2928832,0.603976,1,0.5,0,0,-0.4999308,-3.212685E-06,0,0.002861024,0.0003672914,0.3450291,-0.9585469,-0.2129286,0.1893388,1,1,0.5,0,2.503829E-05,0.2499752,0,0.001319344,-0.0009246174,0.4625984,-0.8414724,0.3324595,0.4259047,1,0.5,0.25,0,0.25,0.5,0,0,0,0.6902101,-0.6805521,0.478907,0.5545239,0,0.25,0,0,-0.2499543,-2.645506E-05,0,0.001668931,0.0006248418,0.328612,-0.9775383,0.0845338,0.1930621,1,0.75,0.5,0,-0.4999891,-0.2499731,0,0.004002453,0.002399088,0.3346204,-0.9705011,-0.2156538,-0.1078012,1,1,0.75,0,0.25,0.25,0,0,0,0.5719608,-0.7556247,0.5317358,0.3824767,0,0.25,0.25,0,0.5,0.5,0,0,0,0.8281943,-0.6098505,0.6173795,0.4969153,0,0,0,0,0.5,0.25,0,0,0,0.723356,-0.6621131,0.6702873,0.3351437,0,0,0.25,0,-0.2500193,-0.2499936,0,0.001175702,-0.001107157,0.317983,-0.9902407,0.08555274,-0.1100189,1,0.75,0.75,0,-0.5000179,-0.4999576,0,9.536747E-05,0.00344515,0.3967037,-0.9033084,-0.2007552,-0.3791192,1,1,1,0,-0.249956,-0.5000425,0,0.003741683,-0.002342463,0.381269,-0.9191291,0.07948088,-0.3858555,1,0.75,1,0,5.977026E-05,1.300293E-05,0,0.00188357,0.00014549,0.3855182,-0.9147186,0.3614378,0.1806999,1,0.5,0.5,0,0.25,0,0,0,0,0.5032946,-0.8073401,0.5681282,0.1594746,0,0.25,0.5,0,0.5,0,0,0,0,0.663658,-0.6960808,0.7046744,0.1374974,0,0,0.5,0,3.052433E-05,-0.2500362,0,0.003203902,-0.0002756716,0.3755718,-0.9251097,0.3655103,-0.1028313,1,0.5,0.75,0,2.497704E-05,-0.4999605,0,0.001827861,0.003269316,0.4349273,-0.8663775,0.3422993,-0.3636224,1,0.5,1,0,0.25,-0.25,0,0,0,0.4945351,-0.8144509,0.5731321,-0.09049455,0,0.25,0.75,0,0.5,-0.25,0,0,0,0.6561142,-0.7006228,0.7092724,-0.07784698,0,0,0.75,0,0.25,-0.5,0,0,0,0.5471867,-0.773501,0.5443155,-0.3246794,0,0.25,1,0,0.5,-0.5,0,0,0,0.7017071,-0.6740411,0.6823626,-0.2829309,0,0,1
195,0,-0.2500043,0.4999944,0,-0.001820923,-0.00165403,0.5471829,-0.7735038,0.06684191,0.630257,1,0.75,0,0,-0.4999678,0.2500462,0,-0.0009909276,0.002202393,0.425541,-0.8751638,-0.194446,0.443034,1,1,0.25,0,-0.4999986,0.5000231,0,-0.004996361,0.001549721,0.5602499,-0.7639708,-0.1697699,0.6225165,1,1,0,0,-0.2500065,0.2500715,0,-0.004579129,0.002360345,0.410581,-0.889542,0.07686685,0.4503405,1,0.75,0.25,0,2.116784E-05,0.5000339,0,-0.001609646,0.001415611,0.5927755,-0.7412319,0.2928517,0.6039976,1,0.5,0,0,-0.4999577,2.948764E-05,0,-0.001344085,0.001635017,0.345041,-0.9585334,-0.2129574,0.1893748,1,1,0.5,0,2.687642E-05,0.2499923,0,9.19062E-05,0.0008538369,0.4626063,-0.8414655,0.3324587,0.425919,1,0.5,0.25,0,0.25,0.5,0,0,0,0.6902101,-0.6805521,0.478907,0.5545239,0,0.25,0,0,-0.2499926,1.140727E-05,0,-0.00191778,0.001893117,0.3286161,-0.9775335,0.0844871,0.1931068,1,0.75,0.5,0,-0.4999071,-0.2500422,0,0.004099311,-0.003454091,0.3346102,-0.970513,-0.2155583,-0.1078853,1,1,0.75,0,0.25,0.25,0,0,0,0.5719608,-0.7556247,0.5317358,0.3824767,0,0.25,0.25,0,0.5,0.5,0,0,0,0.8281943,-0.6098505,0.6173795,0.4969153,0,0,0,0,0.5,0.25,0,0,0,0.723356,-0.6621131,0.6702873,0.3351437,0,0,0.25,0,-0.2498837,-0.2499854,0,0.006780031,0.0004112722,0.3179937,-0.9902277,0.08571739,-0.1100074,1,0.75,0.75,0,-0.4999087,-0.4999828,0,0.005461278,-0.001260639,0.3966914,-0.9033208,-0.2006362,-0.3791525,1,1,1,0,-0.2499408,-0.4999443,0,0.0007569793,0.004911425,0.3812323,-0.9191674,0.07950138,-0.3857601,1,0.75,1,0,5.778394E-05,-4.530844E-05,0,-9.931577E-05,-0.00291557,0.3855069,-0.9147303,0.3614402,0.1806363,1,0.5,0.5,0,0.25,0,0,0,0,0.5032946,-0.8073401,0.5681282,0.1594746,0,0.25,0.5,0,0.5,0,0,0,0,0.663658,-0.6960808,0.7046744,0.1374974,0,0,0.5,0,-1.001524E-05,-0.2500161,0,-0.002026979,0.001001358,0.375555,-0.9251275,0.365471,-0.1028104,1,0.5,0.75,0,0.0001171196,-0.4999945,0,0.004607128,-0.001698733,0.4349713,-0.8663368,0.3423818,-0.3636417,1,0.5,1,0,0.25,-0.25,0,0,0,0.4945351,-0.8144509,0.5731321,-0.09049455,0,0.25,0.75,0,0.5,-0.25,0,0,0,0.6561142,-0.7006228,0.7092724,-0.07784698,0,0,0.75,0,0.25,-0.5,0,0,0,0.5471867,-0.773501,0.5443155,-0.3246794,0,0.25,1,0,0.5,-0.5,0,0,0,0.7017071,-0.6740411,0.6823626,-0.2829309,0,0,1
196,0,-0.2500335,0.4999839,0,-0.001460314,-0.0005245211,0.5471743,-0.7735102,0.06681456,0.6302521,1,0.75,0,0,-0.4999729,0.2500215,0,-0.0002563001,-0.001232326,0.4255311,-0.8751732,-0.1944536,0.4430121,1,1,0.25,0,-0.4999962,0.5000007,0,0.0001192093,-0.001123548,0.5602356,-0.7639811,-0.16977,0.6225038,1,1,0,0,-0.2499748,0.2500729,0,0.001582504,7.003549E-05,0.410584,-0.889539,0.07690135,0.4503406,1,0.75,0.25,0,2.275779E-05,0.4999877,0,7.949714E-05,-0.002306701,0.592748,-0.7412505,0.2928605,0.6039706,1,0.5,0,0,-0.4999441,1.88495E-05,0,0.0006824735,-0.0005319074,0.345036,-0.958539,-0.2129425,0.1893633,1,1,0.5,0,2.981505E-05,0.2499586,0,0.0001469319,-0.001685322,0.4625929,-0.8414772,0.3324664,0.4258899,1,0.5,0.25,0,0.25,0.5,0,0,0,0.6902101,-0.6805521,0.478907,0.5545239,0,0.25,0,0,-0.2499806,3.374139E-05,0,0.0006027522,0.001116707,0.3286214,-0.9775272,0.0845011,0.1931325,1,0.75,0.5,0,-0.4999547,-0.2499641,0,-0.002378226,0.003906341,0.334612,-0.9705108,-0.2156148,-0.1077915,1,1,0.75,0,0.25,0.25,0,0,0,0.5719608,-0.7556247,0.5317358,0.3824767,0,0.25,0.25,0,0.5,0.5,0,0,0,0.8281943,-0.6098505,0.6173795,0.4969153,0,0,0,0,0.5,0.25,0,0,0,0.723356,-0.6621131,0.6702873,0.3351437,0,0,0.25,0,-0.2499143,-0.2499953,0,-0.00152737,-0.0004954638,0.3179922,-0.9902295,0.0856802,-0.1100197,1,0.75,0.75,0,-0.5000092,-0.4999901,0,-0.005023183,-0.0003680588,0.3967143,-0.9032977,-0.2007431,-0.379151,1,1,1,0,-0.2500035,-0.4999626,0,-0.003132225,-0.0009149316,0.3812344,-0.9191652,0.0794301,-0.3857799,1,0.75,1,0,7.974622E-05,-3.490774E-05,0,0.001098114,0.0005200351,0.3855167,-0.9147202,0.361461,0.180646,1,0.5,0.5,0,0.25,0,0,0,0,0.5032946,-0.8073401,0.5681282,0.1594746,0,0.25,0.5,0,0.5,0,0,0,0,0.663658,-0.6960808,0.7046744,0.1374974,0,0,0.5,0,-5.338501E-05,-0.2499961,0,-0.002168489,0.001002103,0.375537,-0.9251465,0.365429,-0.1027896,1,0.5,0.75,0,2.455535E-05,-0.4999726,0,-0.004628213,0.001096726,0.4349316,-0.8663735,0.3422973,-0.3636337,1,0.5,1,0,0.25,-0.25,0,0,0,0.4945351,-0.8144509,0.5731321,-0.09049455,0,0.25,0.75,0,0.5,-0.25,0,0,0,0.6561142,-0.7006228,0.7092724,-0.07784698,0,0,0.75,0,0.25,-0.5,0,0,0,0.5471867,-0.773501,0.5443155,-0.3246794,0,0.25,1,0,0.5,-0.5,0,0,0,0.7017071,-0.6740411,0.6823626,-0.2829309,0,0,1
197,0,-0.2499811,0.4999886,0,0.002618135,0.0002369286,0.5471808,-0.7735054,0.06686416,0.6302528,1,0.75,0,0,-0.5000066,0.2500577,0,-0.001686812,0.001807512,0.4255537,-0.8751518,-0.1944853,0.4430404,1,1,0.25,0,-0.4999607,0.5000541,0,0.001773239,0.002670289,0.5602628,-0.7639616,-0.1697322,0.6225382,1,1,0,0,-0.2499958,0.2499931,0,-0.001049787,-0.003993513,0.4105465,-0.8895757,0.07688147,0.4502714,1,0.75,0.25,0,5.716371E-07,0.499972,0,-0.001109308,-0.0007838014,0.5927321,-0.7412613,0.2928445,0.6039652,1,0.5,0,0,-0.5000144,3.855398E-05,0,-0.003515185,0.0009852244,0.3450547,-0.9585178,-0.213021,0.1893825,1,1,0.5,0,-5.421551E-05,0.2499991,0,-0.00420153,0.002025069,0.4625822,-0.8414866,0.3323828,0.4259367,1,0.5,0.25,0,0.25,0.5,0,0,0,0.6902101,-0.6805521,0.478907,0.5545239,0,0.25,0,0,-0.2500157,-4.587119E-05,0,-0.001755357,-0.003980631,0.3286031,-0.9775488,0.08446059,0.1930407,1,0.75,0.5,0,-0.4999767,-0.2499597,0,-0.001101196,0.0002197922,0.3346163,-0.9705058,-0.2156401,-0.1077857,1,1,0.75,0,0.25,0.25,0,0,0,0.5719608,-0.7556247,0.5317358,0.3824767,0,0.25,0.25,0,0.5,0.5,0,0,0,0.8281943,-0.6098505,0.6173795,0.4969153,0,0,0,0,0.5,0.25,0,0,0,0.723356,-0.6621131,0.6702873,0.3351437,0,0,0.25,0,-0.2499989,-0.2500129,0,-0.004231932,-0.0008821491,0.3179868,-0.990236,0.08557729,-0.110042,1,0.75,0.75,0,-0.500008,-0.5000051,0,5.960467E-05,-0.0007495287,0.3967198,-0.9032922,-0.2007405,-0.3791654,1,1,1,0,-0.2499726,-0.4999782,0,0.001543761,-0.0007838014,0.3812429,-0.9191563,0.07946437,-0.385794,1,0.75,1,0,8.156616E-06,-1.209532E-05,0,-0.003579482,0.001140622,0.3854949,-0.9147426,0.361389,0.1806762,1,0.5,0.5,0,0.25,0,0,0,0,0.5032946,-0.8073401,0.5681282,0.1594746,0,0.25,0.5,0,0.5,0,0,0,0,0.663658,-0.6960808,0.7046744,0.1374974,0,0,0.5,0,-8.690024E-06,-0.2500193,0,0.00223475,-0.001158566,0.3755558,-0.9251267,0.3654722,-0.1028138,1,0.5,0.75,0,1.735044E-05,-0.4999378,0,-0.0003602456,0.001740456,0.4349164,-0.8663876,0.3422951,-0.3636023,1,0.5,1,0,0.25,-0.25,0,0,0,0.4945351,-0.8144509,0.5731321,-0.09049455,0,0.25,0.75,0,0.5,-0.25,0,0,0,0.6561142,-0.7006228,0.7092724,-0.07784698,0,0,0.75,0,0.25,-0.5,0,0,0,0.5471867,-0.773501,0.5443155,-0.3246794,0,0.25,1,0,0.5,-0.5,0,0,0,0.7017071,-0.6740411,0.6823626,-0.2829309,0,0,1
198,0,-0.2500483,0.5000517,0,-0.003358723,0.003151597,0.5472161,-0.7734793,0.06679776,0.6302918,1,0.75,0,0,-0.4999465,0.2500072,0,0.003004075,-0.002521277,0.4255197,-0.8751839,-0.1944276,0.4430022,1,1,0.25,0,-0.5000256,0.4999802,0,-0.003245474,-0.003693999,0.5602279,-0.7639867,-0.169799,0.622489,1,1,0,0,-0.2500162,0.2500032,0,-0.001018495,0.0005081298,0.4105495,-0.8895727,0.07685885,0.4502811,1,0.75,0.25,0,9.29459E-06,0.5000301,0,0.0004361478,0.002902747,0.5927697,-0.7412357,0.2928424,0.6039975,1,0.5,0,0,-0.4999188,-2.317179E-05,0,0.004778804,-0.00308629,0.3450227,-0.9585541,-0.2129159,0.1893166,1,1,0.5,0,3.841499E-05,0.2500193,0,0.004631527,0.001009554,0.4626216,-0.8414521,0.3324654,0.4259402,1,0.5,0.25,0,0.25,0.5,0,0,0,0.6902101,-0.6805521,0.478907,0.5545239,0,0.25,0,0,-0.2500196,5.101685E-05,0,-0.0001937152,0.004844404,0.3286215,-0.9775271,0.08445405,0.1931534,1,0.75,0.5,0,-0.499959,-0.2499464,0,0.0008851293,0.000663847,0.3346111,-0.970512,-0.2156202,-0.1077704,1,1,0.75,0,0.25,0.25,0,0,0,0.5719608,-0.7556247,0.5317358,0.3824767,0,0.25,0.25,0,0.5,0.5,0,0,0,0.8281943,-0.6098505,0.6173795,0.4969153,0,0,0,0,0.5,0.25,0,0,0,0.723356,-0.6621131,0.6702873,0.3351437,0,0,0.25,0,-0.249921,-0.2499914,0,0.003895165,0.001073629,0.3179911,-0.9902308,0.08567207,-0.1100152,1,0.75,0.75,0,-0.4999623,-0.4999933,0,0.002285839,0.0005915763,0.3967061,-0.903306,-0.2006926,-0.379158,1,1,1,0,-0.249986,-0.5000128,0,-0.0006698075,-0.001725555,0.3812551,-0.9191436,0.07944807,-0.3858278,1,0.75,1,0,2.950493E-05,-3.375813E-05,0,0.001067416,-0.001083141,0.3854988,-0.9147387,0.3614116,0.180651,1,0.5,0.5,0,0.25,0,0,0,0,0.5032946,-0.8073401,0.5681282,0.1594746,0,0.25,0.5,0,0.5,0,0,0,0,0.663658,-0.6960808,0.7046744,0.1374974,0,0,0.5,0,-2.151357E-05,-0.2499873,0,-0.0006411775,0.00159517,0.3755478,-0.9251351,0.3654609,-0.1027783,1,0.5,0.75,0,1.007335E-05,-0.4999666,0,-0.0003638543,-0.001439453,0.4349244,-0.8663802,0.3422844,-0.36363,1,0.5,1,0,0.25,-0.25,0,0,0,0.4945351,-0.8144509,0.5731321,-0.09049455,0,0.25,0.75,0,0.5,-0.25,0,0,0,0.6561142,-0.7006228,0.7092724,-0.07784698,0,0,0.75,0,0.25,-0.5,0,0,0,0.5471867,-0.773501,0.5443155,-0.3246794,0,0.25,1,0,0.5,-0.5,0,0,0,0.7017071,-0.6740411,0.6823626,-0.2829309,0,0,1
199,0,-0.2500249,0.4999808,0,0.001169742,-0.003544988,0.5471729,-0.7735112,0.06682285,0.63025,1,0.75,0,0,-0.4999671,0.2499963,0,-0.00102818,-0.0005461278,0.4255189,-0.8751848,-0.19445,0.4429908,1,1,0.25,0,-0.5000067,0.4999623,0,0.000944734,-0.0008925799,0.5602134,-0.7639971,-0.1697835,0.6224806,1,1,0,0,-0.2499941,0.2499718,0,0.001104922,-0.001572073,0.410537,-0.889585,0.07688417,0.4502527,1,0.75,0.25,0,3.175754E-05,0.5000139,0,0.001123148,-0.0008076432,0.5927665,-0.7412379,0.2928638,0.6039844,1,0.5,0,0,-0.4999472,-2.010357E-05,0,-0.001423061,0.0001534109,0.3450294,-0.9585466,-0.2129479,0.1893187,1,1,0.5,0,2.727857E-05,0.249971,0,-0.0005568212,-0.002414734,0.4625974,-0.8414733,0.3324622,0.4259008,1,0.5,0.25,0,0.25,0.5,0,0,0,0.6902101,-0.6805521,0.478907,0.5545239,0,0.25,0,0,-0.2499938,-3.927704E-05,0,0.001285226,-0.004514697,0.3286062,-0.9775451,0.08448663,0.1930479,1,0.75,0.5,0,-0.4999535,-0.249955,0,0.0002741815,-0.0004291536,0.3346108,-0.9705122,-0.2156137,-0.1077808,1,1,0.75,0,0.25,0.25,0,0,0,0.5719608,-0.7556247,0.5317358,0.3824767,0,0.25,0.25,0,0.5,0.5,0,0,0,0.8281943,-0.6098505,0.6173795,0.4969153,0,0,0,0,0.5,0.25,0,0,0,0.723356,-0.6621131,0.6702873,0.3351437,0,0,0.25,0,-0.2500025,-0.2499726,0,-0.004076959,0.0009432439,0.3179821,-0.9902418,0.08557334,-0.1099933,1,0.75,0.75,0,-0.500031,-0.4999906,0,-0.003436209,0.0001370907,0.3967189,-0.9032931,-0.2007664,-0.3791496,1,1,1,0,-0.2500318,-0.4999847,0,-0.002292545,0.00140071,0.3812407,-0.9191586,0.07939734,-0.3858024,1,0.75,1,0,2.824269E-05,-5.134931E-05,0,-6.311241E-05,-0.0008795595,0.3854951,-0.9147425,0.3614116,0.1806319,1,0.5,0.5,0,0.25,0,0,0,0,0.5032946,-0.8073401,0.5681282,0.1594746,0,0.25,0.5,0,0.5,0,0,0,0,0.663658,-0.6960808,0.7046744,0.1374974,0,0,0.5,0,-2.954886E-05,-0.2500024,0,-0.0004017645,-0.0007502738,0.3755464,-0.9251366,0.3654523,-0.1027956,1,0.5,0.75,0,-3.297358E-05,-0.4999822,0,-0.002152348,-0.0007808211,0.4349154,-0.8663886,0.3422417,-0.3636502,1,0.5,1,0,0.25,-0.25,0,0,0,0.4945351,-0.8144509,0.5731321,-0.09049455,0,0.25,0.75,0,0.5,-0.25,0,0,0,0.6561142,-0.7006228,0.7092724,-0.07784698,0,0,0.75,0,0.25,-0.5,0,0,0,0.5471867,-0.773501,0.5443155,-0.3246794,0,0.25,1,0,0.5,-0.5,0,0,0,0.7017071,-0.6740411,0.6823626,-0.2829309,0,0,1
200,0,-0.2500152,0.5000279,0,0.0004842879,0.002355875,0.5472033,-0.7734888,0.06683016,0.6302767,1,0.75,0,0,-0.5000015,0.2499638,0,-0.001719595,-0.001623482,0.4255112,-0.875192,-0.1944887,0.4429594,1,1,0.25,0,-0.4999474,0.5000132,0,0.002968312,0.002545119,0.5602351,-0.7639815,-0.169724,0.6225159,1,1,0,0,-0.2499699,0.2499888,0,0.001209975,0.0008501116,0.4105465,-0.8895756,0.07690994,0.4502667,1,0.75,0.25,0,6.187579E-06,0.4999849,0,-0.001278499,-0.001451374,0.5927416,-0.7412549,0.2928471,0.6039717,1,0.5,0,0,-0.4999755,-4.289004E-06,0,-0.001412631,0.0007907287,0.3450384,-0.9585364,-0.2129791,0.1893354,1,1,0.5,0,-1.554742E-05,0.2500172,0,-0.0021413,0.002311916,0.4626028,-0.8414686,0.3324158,0.4259464,1,0.5,0.25,0,0.25,0.5,0,0,0,0.6902101,-0.6805521,0.478907,0.5545239,0,0.25,0,0,-0.2499343,4.351956E-05,0,0.002975763,0.004139832,0.3286272,-0.9775204,0.08455631,0.193143,1,0.75,0.5,0,-0.4999533,-0.2500626,0,1.192093E-05,-0.005378576,0.3346223,-0.9704989,-0.2156104,-0.1079082,1,1,0.75,0,0.25,0.25,0,0,0,0.5719608,-0.7556247,0.5317358,0.3824767,0,0.25,0.25,0,0.5,0.5,0,0,0,0.8281943,-0.6098505,0.6173795,0.4969153,0,0,0,0,0.5,0.25,0,0,0,0.723356,-0.6621131,0.6702873,0.3351437,0,0,0.25,0,-0.2499831,-0.2499792,0,0.0009723012,-0.0003337862,0.3179845,-0.9902388,0.08559686,-0.1100012,1,0.75,0.75,0,-0.4999369,-0.5000563,0,0.004702808,-0.003285707,0.3967249,-0.9032871,-0.2006601,-0.3792203,1,1,1,0,-0.2499663,-0.5000331,0,0.003276767,-0.00241995,0.3812646,-0.9191337,0.07946955,-0.3858468,1,0.75,1,0,1.316445E-05,5.326288E-05,0,-0.0007539121,0.005230612,0.3855086,-0.9147286,0.3613891,0.1807473,1,0.5,0.5,0,0.25,0,0,0,0,0.5032946,-0.8073401,0.5681282,0.1594746,0,0.25,0.5,0,0.5,0,0,0,0,0.663658,-0.6960808,0.7046744,0.1374974,0,0,0.5,0,-3.508561E-06,-0.2499869,0,0.001302015,0.0007733706,0.3755543,-0.9251282,0.3654787,-0.102777,1,0.5,0.75,0,1.091047E-05,-0.5000156,0,0.002194204,-0.001671911,0.4349425,-0.8663634,0.3422787,-0.3636754,1,0.5,1,0,0.25,-0.25,0,0,0,0.4945351,-0.8144509,0.5731321,-0.09049455,0,0.25,0.75,0,0.5,-0.25,0,0,0,0.6561142,-0.7006228,0.7092724,-0.07784698,0,0,0.75,0,0.25,-0.5,0,0,0,0.5471867,-0.773501,0.5443155,-0.3246794,0,0.25,1,0,0.5,-0.5,0,0,0,0.7017071,-0.6740411,0.6823626,-0.2829309,0,0,1
201,0,-0.2499815,0.500011,0,0.001686812,-0.0008463863,0.5471948,-0.773495,0.06686292,0.6302657,1,0.75,0,0,-0.4999416,0.2500076,0,0.002993644,0.002186001,0.4255189,-0.8751848,-0.1944224,0.4430029,1,1,0.25,0,-0.4998965,0.5000284,0,0.002543629,0.0007599595,0.560236,-0.7639809,-0.1696759,0.6225297,1,1,0,0,-0.2499689,0.2499626,0,4.917385E-05,-0.001309813,0.4105349,-0.889587,0.07691201,0.4502437,1,0.75,0.25,0,3.605242E-05,0.4999941,0,0.001493242,0.0004589559,0.5927558,-0.7412452,0.2928706,0.6039722,1,0.5,0,0,-0.4999513,-2.867328E-06,0,0.001209975,7.108386E-05,0.3450335,-0.9585419,-0.2129517,0.1893382,1,1,0.5,0,5.110004E-05,0.249977,0,0.003332374,-0.002009422,0.4626079,-0.8414642,0.3324834,0.4259024,1,0.5,0.25,0,0.25,0.5,0,0,0,0.6902101,-0.6805521,0.478907,0.5545239,0,0.25,0,0,-0.2499881,-2.144661E-05,0,-0.002690406,-0.00324831,0.3286102,-0.9775405,0.08449312,0.1930685,1,0.75,0.5,0,-0.4999869,-0.2499865,0,-0.001680852,0.003802033,0.3346214,-0.9704999,-0.215651,-0.1078172,1,1,0.75,0,0.25,0.25,0,0,0,0.5719608,-0.7556247,0.5317358,0.3824767,0,0.25,0.25,0,0.5,0.5,0,0,0,0.8281943,-0.6098505,0.6173795,0.4969153,0,0,0,0,0.5,0.25,0,0,0,0.723356,-0.6621131,0.6702873,0.3351437,0,0,0.25,0,-0.2500003,-0.2500021,0,-0.0008620325,-0.001145155,0.3179855,-0.9902375,0.08557568,-0.110029,1,0.75,0.75,0,-0.4999866,-0.5000073,0,-0.002485515,0.002449752,0.3967163,-0.9032958,-0.2007175,-0.3791693,1,1,1,0,-0.2500584,-0.5000048,0,-0.004605951,0.001418591,0.3812463,-0.9191528,0.07936666,-0.3858226,1,0.75,1,0,4.447626E-05,1.292551E-05,0,0.001565591,-0.002016869,0.3855126,-0.9147244,0.3614228,0.1807009,1,0.5,0.5,0,0.25,0,0,0,0,0.5032946,-0.8073401,0.5681282,0.1594746,0,0.25,0.5,0,0.5,0,0,0,0,0.663658,-0.6960808,0.7046744,0.1374974,0,0,0.5,0,-2.373871E-05,-0.2500199,0,-0.001011508,-0.001649559,0.3755503,-0.9251325,0.3654573,-0.1028152,1,0.5,0.75,0,1.388581E-06,-0.4999369,0,-0.0004760948,0.003933908,0.4349107,-0.8663929,0.3422802,-0.3636037,1,0.5,1,0,0.25,-0.25,0,0,0,0.4945351,-0.8144509,0.5731321,-0.09049455,0,0.25,0.75,0,0.5,-0.25,0,0,0,0.6561142,-0.7006228,0.7092724,-0.07784698,0,0,0.75,0,0.25,-0.5,0,0,0,0.5471867,-0.773501,0.5443155,-0.3246794,0,0.25,1,0,0.5,-0.5,0,0,0,0.7017071,-0.6740411,0.6823626,-0.2829309,0,0,1
202,0,-0.2499889,0.4999126,0,-0.0003710391,-0.004920365,0.5471324,-0.7735412,0.06685982,0.6302093,1,0.75,0,0,-0.5000021,0.250026,0,-0.003023447,0.000919402,0.4255388,-0.8751659,-0.1944836,0.4430133,1,1,0.25,0,-0.4999705,0.4999724,0,-0.00369847,-0.002799929,0.5602137,-0.763997,-0.1697492,0.62249,1,1,0,0,-0.2500231,0.249999,0,-0.002708287,0.001822413,0.4105471,-0.8895751,0.07685149,0.4502777,1,0.75,0.25,0,3.426369E-05,0.4999866,0,-8.943629E-05,-0.0003725292,0.5927508,-0.7412486,0.2928703,0.6039681,1,0.5,0,0,-0.5000421,-2.659168E-05,0,-0.004538896,-0.001186218,0.3450483,-0.9585251,-0.2130554,0.1893068,1,1,0.5,0,2.475078E-05,0.2499806,0,-0.001317463,0.000178814,0.4626006,-0.8414705,0.3324585,0.4259093,1,0.5,0.25,0,0.25,0.5,0,0,0,0.6902101,-0.6805521,0.478907,0.5545239,0,0.25,0,0,-0.2500502,-2.323202E-05,0,-0.003103913,-8.927048E-05,0.3286046,-0.9775471,0.08441877,0.1930677,1,0.75,0.5,0,-0.5000023,-0.2500221,0,-0.0007718804,-0.001779944,0.3346286,-0.9704916,-0.2156676,-0.1078589,1,1,0.75,0,0.25,0.25,0,0,0,0.5719608,-0.7556247,0.5317358,0.3824767,0,0.25,0.25,0,0.5,0.5,0,0,0,0.8281943,-0.6098505,0.6173795,0.4969153,0,0,0,0,0.5,0.25,0,0,0,0.723356,-0.6621131,0.6702873,0.3351437,0,0,0.25,0,-0.2499671,-0.2499387,0,0.001662225,0.003170223,0.3179814,-0.9902425,0.08561675,-0.1099521,1,0.75,0.75,0,-0.500039,-0.50007,0,-0.002616645,-0.003135205,0.3967506,-0.9032612,-0.2007682,-0.3792247,1,1,1,0,-0.2500204,-0.4999991,0,0.001899899,0.0002831222,0.3812472,-0.9191519,0.0794097,-0.3858158,1,0.75,1,0,-3.643837E-06,3.342513E-05,0,-0.002406006,0.001024981,0.3854989,-0.9147385,0.3613741,0.1807268,1,0.5,0.5,0,0.25,0,0,0,0,0.5032946,-0.8073401,0.5681282,0.1594746,0,0.25,0.5,0,0.5,0,0,0,0,0.663658,-0.6960808,0.7046744,0.1374974,0,0,0.5,0,1.808594E-05,-0.2500092,0,0.002091234,0.0005349519,0.3755645,-0.9251174,0.3654991,-0.1028013,1,0.5,0.75,0,-1.724275E-06,-0.5000111,0,-0.0001556429,-0.003710391,0.4349366,-0.8663689,0.3422673,-0.3636729,1,0.5,1,0,0.25,-0.25,0,0,0,0.4945351,-0.8144509,0.5731321,-0.09049455,0,0.25,0.75,0,0.5,-0.25,0,0,0,0.6561142,-0.7006228,0.7092724,-0.07784698,0,0,0.75,0,0.25,-0.5,0,0,0,0.5471867,-0.773501,0.5443155,-0.3246794,0,0.25,1,0,0.5,-0.5,0,0,0,0.7017071,-0.6740411,0.6823626,-0.2829309,0,0,1
203,0,-0.2500058,0.5000097,0,-0.000841916,0.0048548,0.5471923,-0.7734969,0.06683991,0.6302659,1,0.75,0,0,-0.4999647,0.2499507,0,0.001868606,-0.0037618,0.4254982,-0.8752043,-0.1944517,0.4429514,1,1,0.25,0,-0.4999733,0.4999243,0,-0.0001430512,-0.002408029,0.5601841,-0.7640182,-0.1697567,0.6224619,1,1,0,0,-0.2500008,0.249994,0,0.001113117,-0.0002495945,0.4105465,-0.8895756,0.07687598,0.4502725,1,0.75,0.25,0,3.253437E-05,0.4999527,0,-8.646606E-05,-0.001695753,0.5927298,-0.7412629,0.2928744,0.6039487,1,0.5,0,0,-0.499924,-1.7505E-05,0,0.005903842,0.0004543342,0.3450249,-0.9585516,-0.2129216,0.1893228,1,1,0.5,0,4.255426E-05,0.2499413,0,0.0008901744,-0.001963974,0.4625898,-0.84148,0.3324807,0.4258733,1,0.5,0.25,0,0.25,0.5,0,0,0,0.6902101,-0.6805521,0.478907,0.5545239,0,0.25,0,0,-0.2500119,-2.255025E-05,0,0.0019148,3.408833E-05,0.3286079,-0.9775432,0.08446464,0.1930677,1,0.75,0.5,0,-0.4999492,-0.2500322,0,0.002658368,-0.0005051495,0.3346182,-0.9705037,-0.2156066,-0.1078724,1,1,0.75,0,0.25,0.25,0,0,0,0.5719608,-0.7556247,0.5317358,0.3824767,0,0.25,0.25,0,0.5,0.5,0,0,0,0.8281943,-0.6098505,0.6173795,0.4969153,0,0,0,0,0.5,0.25,0,0,0,0.723356,-0.6621131,0.6702873,0.3351437,0,0,0.25,0,-0.2499921,-0.2499871,0,-0.001253188,-0.002416969,0.3179846,-0.9902387,0.08558578,-0.1100107,1,0.75,0.75,0,-0.5000328,-0.500061,0,0.000306964,0.000447035,0.396746,-0.9032658,-0.2007624,-0.3792167,1,1,1,0,-0.2500109,-0.5000162,0,0.0004753472,-0.0008523468,0.3812545,-0.9191443,0.07941984,-0.385832,1,0.75,1,0,2.846579E-05,-4.682348E-06,0,0.001605482,-0.001905375,0.3855036,-0.9147336,0.3614084,0.1806828,1,0.5,0.5,0,0.25,0,0,0,0,0.5032946,-0.8073401,0.5681282,0.1594746,0,0.25,0.5,0,0.5,0,0,0,0,0.663658,-0.6960808,0.7046744,0.1374974,0,0,0.5,0,-2.628791E-06,-0.2500415,0,-0.001035737,-0.001618267,0.3755603,-0.9251219,0.3654773,-0.1028388,1,0.5,0.75,0,2.747545E-05,-0.4999784,0,0.001459987,0.001639128,0.4349347,-0.8663707,0.3422993,-0.3636386,1,0.5,1,0,0.25,-0.25,0,0,0,0.4945351,-0.8144509,0.5731321,-0.09049455,0,0.25,0.75,0,0.5,-0.25,0,0,0,0.6561142,-0.7006228,0.7092724,-0.07784698,0,0,0.75,0,0.25,-0.5,0,0,0,0.5471867,-0.773501,0.5443155,-0.3246794,0,0.25,1,0,0.5,-0.5,0,0,0,0.7017071,-0.6740411,0.6823626,-0.2829309,0,0,1
204,0,-0.2500334,0.4999694,0,-0.001384318,-0.002014638,0.5471652,-0.773517,0.0668152,0.6302438,1,0.75,0,0,-0.5000349,0.2499548,0,-0.003507735,0.0002019108,0.4255136,-0.8751897,-0.1945243,0.4429484,1,1,0.25,0,-0.5001013,0.4998663,0,-0.006397071,-0.002899767,0.5601698,-0.7640285,-0.1698796,0.6224157,1,1,0,0,-0.2500574,0.2500007,0,-0.002828242,0.0003337862,0.4105452,-0.889577,0.07681397,0.4502805,1,0.75,0.25,0,-6.118223E-05,0.5000229,0,-0.004685832,0.003510715,0.5927448,-0.7412527,0.2927845,0.6040047,1,0.5,0,0,-0.5000579,-6.547984E-05,0,-0.006693604,-0.002398743,0.3450443,-0.9585296,-0.2130751,0.1892617,1,1,0.5,0,-1.548773E-05,0.2499889,0,-0.002902101,0.002378226,0.4625908,-0.8414791,0.3324201,0.4259223,1,0.5,0.25,0,0.25,0.5,0,0,0,0.6902101,-0.6805521,0.478907,0.5545239,0,0.25,0,0,-0.2499785,-3.204447E-05,0,0.001669676,-0.000474711,0.3286089,-0.977542,0.08450484,0.193056,1,0.75,0.5,0,-0.500022,-0.2500117,0,-0.003641845,0.00102669,0.3346317,-0.970488,-0.2156904,-0.107846,1,1,0.75,0,0.25,0.25,0,0,0,0.5719608,-0.7556247,0.5317358,0.3824767,0,0.25,0.25,0,0.5,0.5,0,0,0,0.8281943,-0.6098505,0.6173795,0.4969153,0,0,0,0,0.5,0.25,0,0,0,0.723356,-0.6621131,0.6702873,0.3351437,0,0,0.25,0,-0.2499631,-0.2499635,0,0.001449884,0.001177937,0.3179845,-0.9902388,0.08562124,-0.1099819,1,0.75,0.75,0,-0.4999682,-0.5000721,0,0.003232063,-0.0005513432,0.3967372,-0.9032747,-0.2006923,-0.3792327,1,1,1,0,-0.2500315,-0.5000125,0,-0.001031161,0.0001847745,0.3812514,-0.9191475,0.07939671,-0.3858291,1,0.75,1,0,-1.894661E-05,2.708902E-05,0,-0.002370621,0.001588569,0.3854923,-0.9147455,0.3613595,0.180721,1,0.5,0.5,0,0.25,0,0,0,0,0.5032946,-0.8073401,0.5681282,0.1594746,0,0.25,0.5,0,0.5,0,0,0,0,0.663658,-0.6960808,0.7046744,0.1374974,0,0,0.5,0,-5.785127E-05,-0.2499996,0,-0.002761125,0.002096594,0.3755358,-0.9251478,0.3654244,-0.1027938,1,0.5,0.75,0,3.592906E-06,-0.499999,0,-0.001194128,-0.001034141,0.434934,-0.8663713,0.342274,-0.363661,1,0.5,1,0,0.25,-0.25,0,0,0,0.4945351,-0.8144509,0.5731321,-0.09049455,0,0.25,0.75,0,0.5,-0.25,0,0,0,0.6561142,-0.7006228,0.7092724,-0.07784698,0,0,0.75,0,0.25,-0.5,0,0,0,0.5471867,-0.773501,0.5443155,-0.3246794,0,0.25,1,0,0.5,-0.5,0,0,0,0.7017071,-0.6740411,0.6823626,-0.2829309,0,0,1
205,0,-0.2500537,0.4999824,0,-0.001013279,0.0006526711,0.5471721,-0.7735118,0.06679541,0.6302521,1,0.75,0,0,-0.4999929,0.2499466,0,0.002096594,-0.0004097821,0.4255018,-0.8752009,-0.1944815,0.4429452,1,1,0.25,0,-0.500023,0.4998955,0,0.003913046,0.001461804,0.5601747,-0.764025,-0.169805,0.6224404,1,1,0,0,-0.2500293,0.2499732,0,0.00140518,-0.001373888,0.410535,-0.8895869,0.0768457,0.4502553,1,0.75,0.25,0,-5.311838E-06,0.4999372,0,0.002793521,-0.004287066,0.5927093,-0.7412767,0.2928452,0.6039458,1,0.5,0,0,-0.5000222,-0.0001071795,0,0.00178516,-0.002084983,0.3450288,-0.9585472,-0.2130367,0.1892158,1,1,0.5,0,1.796728E-05,0.2499932,0,0.001672752,0.0002145768,0.4626037,-0.8414678,0.3324504,0.4259211,1,0.5,0.25,0,0.25,0.5,0,0,0,0.6902101,-0.6805521,0.478907,0.5545239,0,0.25,0,0,-0.2500507,-3.391859E-05,0,-0.003609808,-9.370582E-05,0.3286025,-0.9775496,0.08441836,0.1930553,1,0.75,0.5,0,-0.4999451,-0.2500252,0,0.003844501,-0.0006780031,0.3346165,-0.9705056,-0.2156021,-0.1078642,1,1,0.75,0,0.25,0.25,0,0,0,0.5719608,-0.7556247,0.5317358,0.3824767,0,0.25,0.25,0,0.5,0.5,0,0,0,0.8281943,-0.6098505,0.6173795,0.4969153,0,0,0,0,0.5,0.25,0,0,0,0.723356,-0.6621131,0.6702873,0.3351437,0,0,0.25,0,-0.2499059,-0.2499832,0,0.002861024,-0.0009849671,0.3179916,-0.9902303,0.08569045,-0.1100051,1,0.75,0.75,0,-0.5000471,-0.4999989,0,-0.003944339,0.003659727,0.3967252,-0.9032867,-0.2007829,-0.3791561,1,1,1,0,-0.250028,-0.499992,0,0.0001758338,0.0010252,0.3812438,-0.9191554,0.07940139,-0.3858092,1,0.75,1,0,7.227971E-06,-1.007624E-05,0,0.001308729,-0.001858264,0.385495,-0.9147426,0.361388,0.1806785,1,0.5,0.5,0,0.25,0,0,0,0,0.5032946,-0.8073401,0.5681282,0.1594746,0,0.25,0.5,0,0.5,0,0,0,0,0.663658,-0.6960808,0.7046744,0.1374974,0,0,0.5,0,-2.438735E-05,-0.2500566,0,0.001673197,-0.002849103,0.3755538,-0.9251287,0.3654551,-0.1028567,1,0.5,0.75,0,-3.02351E-07,-0.5000422,0,-0.0001947629,-0.002157689,0.4349484,-0.866358,0.3422646,-0.3637016,1,0.5,1,0,0.25,-0.25,0,0,0,0.4945351,-0.8144509,0.5731321,-0.09049455,0,0.25,0.75,0,0.5,-0.25,0,0,0,0.6561142,-0.7006228,0.7092724,-0.07784698,0,0,0.75,0,0.25,-0.5,0,0,0,0.5471867,-0.773501,0.5443155,-0.3246794,0,0.25,1,0,0.5,-0.5,0,0,0,0.7017071,-0.6740411,0.6823626,-0.2829309,0,0,1
206,0,-0.2500288,0.5000003,0,0.001247228,0.00089407,0.5471849,-0.7735023,0.06681841,0.6302615,1,0.75,0,0,-0.4999688,0.2499745,0,0.001206995,0.001398475,0.4255095,-0.8751936,-0.1944538,0.4429717,1,1,0.25,0,-0.4999906,0.4998971,0,0.001622737,7.748607E-05,0.5601702,-0.7640283,-0.1697752,0.6224445,1,1,0,0,-0.2500236,0.2500302,0,0.0002861024,0.002849103,0.4105611,-0.8895614,0.07684978,0.450305,1,0.75,0.25,0,2.640859E-05,0.4999939,0,0.001586022,0.002832712,0.5927528,-0.7412472,0.2928626,0.6039736,1,0.5,0,0,-0.4999557,-8.0049E-05,0,0.00332445,0.001356525,0.3450198,-0.9585574,-0.2129603,0.1892499,1,1,0.5,0,-9.328422E-06,0.2499724,0,-0.001364786,-0.001038611,0.4625858,-0.8414834,0.3324282,0.4259074,1,0.5,0.25,0,0.25,0.5,0,0,0,0.6902101,-0.6805521,0.478907,0.5545239,0,0.25,0,0,-0.2499905,-1.536521E-05,0,0.003012271,0.0009276691,0.3286111,-0.9775394,0.08449019,0.1930757,1,0.75,0.5,0,-0.5000174,-0.2500246,0,-0.003615023,3.427269E-05,0.3346321,-0.9704875,-0.2156847,-0.1078614,1,1,0.75,0,0.25,0.25,0,0,0,0.5719608,-0.7556247,0.5317358,0.3824767,0,0.25,0.25,0,0.5,0.5,0,0,0,0.8281943,-0.6098505,0.6173795,0.4969153,0,0,0,0,0.5,0.25,0,0,0,0.723356,-0.6621131,0.6702873,0.3351437,0,0,0.25,0,-0.2499891,-0.2500246,0,-0.004157426,-0.002066792,0.317989,-0.9902334,0.08558907,-0.110056,1,0.75,0.75,0,-0.5000063,-0.5000376,0,0.00203848,-0.001934172,0.3967317,-0.9032802,-0.200736,-0.3791965,1,1,1,0,-0.2499592,-0.5000155,0,0.003439934,-0.001177192,0.3812583,-0.9191403,0.07947814,-0.3858296,1,0.75,1,0,4.342722E-05,-2.389723E-06,0,0.001809963,0.0003843261,0.3855095,-0.9147276,0.3614229,0.1806842,1,0.5,0.5,0,0.25,0,0,0,0,0.5032946,-0.8073401,0.5681282,0.1594746,0,0.25,0.5,0,0.5,0,0,0,0,0.663658,-0.6960808,0.7046744,0.1374974,0,0,0.5,0,-5.463062E-05,-0.2500113,0,-0.001512164,0.002263487,0.3755382,-0.9251453,0.3654271,-0.1028069,1,0.5,0.75,0,2.898234E-05,-0.4999376,0,0.001464235,0.005228819,0.4349204,-0.866384,0.3423061,-0.3636006,1,0.5,1,0,0.25,-0.25,0,0,0,0.4945351,-0.8144509,0.5731321,-0.09049455,0,0.25,0.75,0,0.5,-0.25,0,0,0,0.6561142,-0.7006228,0.7092724,-0.07784698,0,0,0.75,0,0.25,-0.5,0,0,0,0.5471867,-0.773501,0.5443155,-0.3246794,0,0.25,1,0,0.5,-0.5,0,0,0,0.7017071,-0.6740411,0.6823626,-0.2829309,0,0,1
207,0,-0.25005,0.4999976,0,-0.001062453,-0.0001370907,0.5471818,-0.7735046,0.06679831,0.6302607,1,0.75,0,0,-0.5000488,0.2499977,0,-0.003997983,0.001156331,0.4255353,-0.8751692,-0.1945347,0.4429843,1,1,0.25,0,-0.5000345,0.4999927,0,-0.002197922,0.004781784,0.5602372,-0.76398,-0.1698059,0.6224954,1,1,0,0,-0.2500243,0.2499982,0,-3.57628E-05,-0.00159964,0.4105466,-0.8895755,0.07685022,0.4502771,1,0.75,0.25,0,5.439541E-06,0.4999406,0,-0.001048453,-0.002664329,0.5927145,-0.7412732,0.2928537,0.603946,1,0.5,0,0,-0.5000018,4.626435E-05,0,-0.002308191,0.00631567,0.3450536,-0.9585192,-0.2130065,0.1893919,1,1,0.5,0,-1.182863E-05,0.2499443,0,-0.0001250106,-0.001405925,0.462573,-0.8414946,0.33243,0.4258839,1,0.5,0.25,0,0.25,0.5,0,0,0,0.6902101,-0.6805521,0.478907,0.5545239,0,0.25,0,0,-0.250042,-4.510016E-05,0,-0.002575667,-0.001486748,0.3286011,-0.9775512,0.08442905,0.1930421,1,0.75,0.5,0,-0.5000104,-0.2500489,0,0.0003486873,-0.001215935,0.3346332,-0.9704862,-0.2156761,-0.1078904,1,1,0.75,0,0.25,0.25,0,0,0,0.5719608,-0.7556247,0.5317358,0.3824767,0,0.25,0.25,0,0.5,0.5,0,0,0,0.8281943,-0.6098505,0.6173795,0.4969153,0,0,0,0,0.5,0.25,0,0,0,0.723356,-0.6621131,0.6702873,0.3351437,0,0,0.25,0,-0.2500108,-0.2500153,0,-0.00108406,0.0004619362,0.3179861,-0.9902369,0.08556287,-0.1100451,1,0.75,0.75,0,-0.4999557,-0.5000225,0,0.002528728,0.000753999,0.3967159,-0.9032962,-0.2006831,-0.3791864,1,1,1,0,-0.2500166,-0.4999751,0,-0.00286922,0.002020598,0.3812382,-0.9191613,0.07941484,-0.3857925,1,0.75,1,0,9.472248E-06,3.596637E-05,0,-0.001697749,0.001917805,0.3855041,-0.9147332,0.3613868,0.1807287,1,0.5,0.5,0,0.25,0,0,0,0,0.5032946,-0.8073401,0.5681282,0.1594746,0,0.25,0.5,0,0.5,0,0,0,0,0.663658,-0.6960808,0.7046744,0.1374974,0,0,0.5,0,-8.1464E-06,-0.2500148,0,0.002324212,-0.0001728535,0.3755555,-0.925127,0.3654729,-0.1028088,1,0.5,0.75,0,1.596088E-05,-0.4999577,0,-0.0006510731,-0.001005829,0.4349232,-0.8663813,0.3422912,-0.363621,1,0.5,1,0,0.25,-0.25,0,0,0,0.4945351,-0.8144509,0.5731321,-0.09049455,0,0.25,0.75,0,0.5,-0.25,0,0,0,0.6561142,-0.7006228,0.7092724,-0.07784698,0,0,0.75,0,0.25,-0.5,0,0,0,0.5471867,-0.773501,0.5443155,-0.3246794,0,0.25,1,0,0.5,-0.5,0,0,0,0.7017071,-0.6740411,0.6823626,-0.2829309,0,0,1
208,0,-0.249965,0.5000097,0,0.004249813,0.0006049874,0.5471951,-0.7734948,0.06687864,0.6302643,1,0.75,0,0,-0.4999684,0.24996,0,0.004015864,-0.001884998,0.425503,-0.8751997,-0.1944547,0.4429591,1,1,0.25,0,-0.4999821,0.4999486,0,0.002621115,-0.002206863,0.5602008,-0.7640062,-0.1697623,0.6224751,1,1,0,0,-0.2499817,0.249999,0,0.002130122,3.650786E-05,0.4105502,-0.889572,0.0768967,0.450276,1,0.75,0.25,0,8.82069E-05,0.4999939,0,0.00413837,0.002667309,0.5927709,-0.741235,0.2929143,0.6039636,1,0.5,0,0,-0.4999253,-7.920594E-05,0,0.003825129,-0.006273516,0.3450135,-0.9585646,-0.212926,0.1892524,1,1,0.5,0,3.385361E-05,0.2500392,0,0.002284113,0.004744532,0.4626286,-0.841446,0.3324583,0.4259578,1,0.5,0.25,0,0.25,0.5,0,0,0,0.6902101,-0.6805521,0.478907,0.5545239,0,0.25,0,0,-0.2499276,1.309433E-05,0,0.005719813,0.002909726,0.3286219,-0.9775267,0.08456498,0.1931075,1,0.75,0.5,0,-0.4999058,-0.2499689,0,0.0052318,0.003999473,0.334602,-0.9705225,-0.2155588,-0.1077986,1,1,0.75,0,0.25,0.25,0,0,0,0.5719608,-0.7556247,0.5317358,0.3824767,0,0.25,0.25,0,0.5,0.5,0,0,0,0.8281943,-0.6098505,0.6173795,0.4969153,0,0,0,0,0.5,0.25,0,0,0,0.723356,-0.6621131,0.6702873,0.3351437,0,0,0.25,0,-0.2498653,-0.2500975,0,0.007272515,-0.004109742,0.3180076,-0.9902109,0.08573843,-0.1101426,1,0.75,0.75,0,-0.5000072,-0.5000045,0,-0.002570451,0.0008970503,0.3967194,-0.9032926,-0.2007397,-0.3791649,1,1,1,0,-0.2500772,-0.5000436,0,-0.003029407,-0.003424288,0.3812598,-0.9191387,0.07934415,-0.3858608,1,0.75,1,0,3.001658E-05,3.593281E-05,0,0.001027217,-1.677837E-06,0.3855116,-0.9147255,0.3614069,0.1807271,1,0.5,0.5,0,0.25,0,0,0,0,0.5032946,-0.8073401,0.5681282,0.1594746,0,0.25,0.5,0,0.5,0,0,0,0,0.663658,-0.6960808,0.7046744,0.1374974,0,0,0.5,0,-4.386523E-05,-0.249958,0,-0.001785942,0.002839417,0.3755366,-0.9251469,0.36544,-0.1027461,1,0.5,0.75,0,-2.884138E-05,-0.4999903,0,-0.002240114,-0.001628698,0.4349198,-0.8663845,0.3422445,-0.3636572,1,0.5,1,0,0.25,-0.25,0,0,0,0.4945351,-0.8144509,0.5731321,-0.09049455,0,0.25,0.75,0,0.5,-0.25,0,0,0,0.6561142,-0.7006228,0.7092724,-0.07784698,0,0,0.75,0,0.25,-0.5,0,0,0,0.5471867,-0.773501,0.5443155,-0.3246794,0,0.25,1,0,0.5,-0.5,0,0,0,0.7017071,-0.6740411,0.6823626,-0.2829309,0,0,1
209,0,-0.2499707,0.5000086,0,-0.0002846123,-5.066397E-05,0.5471941,-0.7734956,0.06687326,0.6302639,1,0.75,0,0,-0.5000479,0.2500391,0,-0.003971161,0.003957005,0.4255535,-0.875152,-0.1945299,0.4430204,1,1,0.25,0,-0.4999717,0.4999947,0,0.0005170705,0.002306701,0.5602278,-0.7639868,-0.1697482,0.6225028,1,1,0,0,-0.2500035,0.2499888,0,-0.001091511,-0.0005073847,0.410544,-0.8895781,0.07687325,0.450268,1,0.75,0.25,0,-1.372448E-05,0.4999985,0,-0.005096571,0.000229478,0.5927439,-0.7412533,0.2928282,0.6039828,1,0.5,0,0,-0.4999676,-1.906856E-05,0,-0.002112986,0.00300687,0.3450339,-0.9585415,-0.2129709,0.1893189,1,1,0.5,0,-4.128865E-05,0.2499608,0,-0.003757115,-0.003917517,0.4625703,-0.841497,0.3324004,0.4259022,1,0.5,0.25,0,0.25,0.5,0,0,0,0.6902101,-0.6805521,0.478907,0.5545239,0,0.25,0,0,-0.2499968,-6.697347E-05,0,-0.003458561,-0.004003392,0.3286006,-0.9775518,0.08448368,0.1930158,1,0.75,0.5,0,-0.5000459,-0.249993,0,-0.007005039,-0.00120774,0.3346348,-0.9704843,-0.2157182,-0.1078233,1,1,0.75,0,0.25,0.25,0,0,0,0.5719608,-0.7556247,0.5317358,0.3824767,0,0.25,0.25,0,0.5,0.5,0,0,0,0.8281943,-0.6098505,0.6173795,0.4969153,0,0,0,0,0.5,0.25,0,0,0,0.723356,-0.6621131,0.6702873,0.3351437,0,0,0.25,0,-0.2500531,-0.2500232,0,-0.00938997,0.003717841,0.3179833,-0.9902402,0.08551138,-0.110055,1,0.75,0.75,0,-0.5000089,-0.5000155,0,-8.9407E-05,-0.000548363,0.3967239,-0.9032881,-0.2007407,-0.3791752,1,1,1,0,-0.2500234,-0.5000834,0,0.002691151,-0.001993776,0.3812795,-0.9191182,0.07940345,-0.3858974,1,0.75,1,0,-5.499431E-05,4.586429E-05,0,-0.004250546,0.0004965743,0.3854826,-0.9147554,0.3613227,0.1807442,1,0.5,0.5,0,0.25,0,0,0,0,0.5032946,-0.8073401,0.5681282,0.1594746,0,0.25,0.5,0,0.5,0,0,0,0,0.663658,-0.6960808,0.7046744,0.1374974,0,0,0.5,0,-4.89923E-05,-0.2500144,0,-0.0002563539,-0.002821536,0.3755406,-0.9251428,0.3654325,-0.1028101,1,0.5,0.75,0,3.180442E-06,-0.4999794,0,0.001601092,0.0005468728,0.4349267,-0.866378,0.3422762,-0.3636428,1,0.5,1,0,0.25,-0.25,0,0,0,0.4945351,-0.8144509,0.5731321,-0.09049455,0,0.25,0.75,0,0.5,-0.25,0,0,0,0.6561142,-0.7006228,0.7092724,-0.07784698,0,0,0.75,0,0.25,-0.5,0,0,0,0.5471867,-0.773501,0.5443155,-0.3246794,0,0.25,1,0,0.5,-0.5,0,0,0,0.7017071,-0.6740411,0.6823626,-0.2829309,0,0,1
210,0,-0.2500088,0.5000006,0,-0.001905859,-0.0004023315,0.5471865,-0.7735012,0.06683735,0.6302608,1,0.75,0,0,-0.4999683,0.2500662,0,0.003978611,0.001353026,0.42555,-0.8751553,-0.1944447,0.4430513,1,1,0.25,0,-0.4999786,0.4999837,0,-0.000344217,-0.000548363,0.560222,-0.7639909,-0.1697556,0.6224958,1,1,0,0,-0.2499773,0.2499898,0,0.001312048,4.917385E-05,0.4105464,-0.8895757,0.07690186,0.4502679,1,0.75,0.25,0,1.302466E-05,0.5000511,0,0.001337458,0.002631546,0.5927835,-0.7412264,0.2928421,0.6040091,1,0.5,0,0,-0.4999303,3.585975E-05,0,0.001867116,0.002746416,0.3450363,-0.9585387,-0.2129261,0.1893834,1,1,0.5,0,3.677742E-05,0.2500126,0,0.003903305,0.002589823,0.4626182,-0.8414551,0.3324649,0.4259348,1,0.5,0.25,0,0.25,0.5,0,0,0,0.6902101,-0.6805521,0.478907,0.5545239,0,0.25,0,0,-0.2499469,4.388443E-05,0,0.002494455,0.005542897,0.3286263,-0.9775215,0.08454127,0.1931436,1,0.75,0.5,0,-0.5000128,-0.2500248,0,0.00165701,-0.001586229,0.3346311,-0.9704887,-0.2156794,-0.1078617,1,1,0.75,0,0.25,0.25,0,0,0,0.5719608,-0.7556247,0.5317358,0.3824767,0,0.25,0.25,0,0.5,0.5,0,0,0,0.8281943,-0.6098505,0.6173795,0.4969153,0,0,0,0,0.5,0.25,0,0,0,0.723356,-0.6621131,0.6702873,0.3351437,0,0,0.25,0,-0.2500101,-0.2499831,0,0.002148748,0.002001972,0.3179826,-0.9902411,0.08556399,-0.1100062,1,0.75,0.75,0,-0.5000528,-0.5000553,0,-0.002190472,-0.001987816,0.3967478,-0.903264,-0.2007842,-0.3792095,1,1,1,0,-0.2500234,-0.5000032,0,-1.490117E-06,0.004014374,0.3812485,-0.9191505,0.07940621,-0.3858199,1,0.75,1,0,0.0001108397,1.189532E-05,0,0.008291702,-0.001698449,0.3855364,-0.9146998,0.361488,0.1806949,1,0.5,0.5,0,0.25,0,0,0,0,0.5032946,-0.8073401,0.5681282,0.1594746,0,0.25,0.5,0,0.5,0,0,0,0,0.663658,-0.6960808,0.7046744,0.1374974,0,0,0.5,0,-2.852504E-06,-0.2499463,0,0.002306991,0.003406407,0.3755504,-0.9251324,0.3654811,-0.1027312,1,0.5,0.75,0,1.391218E-05,-0.5000115,0,0.0005365869,-0.001606346,0.4349421,-0.8663638,0.3422821,-0.3636712,1,0.5,1,0,0.25,-0.25,0,0,0,0.4945351,-0.8144509,0.5731321,-0.09049455,0,0.25,0.75,0,0.5,-0.25,0,0,0,0.6561142,-0.7006228,0.7092724,-0.07784698,0,0,0.75,0,0.25,-0.5,0,0,0,0.5471867,-0.773501,0.5443155,-0.3246794,0,0.25,1,0,0.5,-0.5,0,0,0,0.7017071,-0.6740411,0.6823626,-0.2829309,0,0,1
211,0,-0.2499202,0.5000108,0,0.004433097,0.0005126001,0.5471989,-0.773492,0.06692123,0.6302631,1,0.75,0,0,-0.4999872,0.250054,0,-0.0009477142,-0.0006079676,0.4255483,-0.8751569,-0.1944655,0.443039,1,1,0.25,0,-0.4999455,0.5000412,0,0.0016585,0.002872945,0.5602522,-0.7639692,-0.1697195,0.6225323,1,1,0,0,-0.2499201,0.2499907,0,0.002857299,4.768373E-05,0.4105512,-0.889571,0.07696421,0.4502665,1,0.75,0.25,0,2.309576E-05,0.5000293,0,0.0005035549,-0.001093746,0.5927733,-0.7412333,0.292854,0.6039947,1,0.5,0,0,-0.4999337,0.0001033057,0,-0.0001728535,0.003372301,0.3450499,-0.9585233,-0.2129268,0.1894602,1,1,0.5,0,2.195449E-05,0.2500212,0,-0.0007411468,0.0004306437,0.462617,-0.8414562,0.3324499,0.4259443,1,0.5,0.25,0,0.25,0.5,0,0,0,0.6902101,-0.6805521,0.478907,0.5545239,0,0.25,0,0,-0.2500068,-1.090428E-05,0,-0.00299737,-0.002739437,0.3286106,-0.97754,0.08447052,0.1930812,1,0.75,0.5,0,-0.4999541,-0.2499323,0,0.00293255,0.004624577,0.3346085,-0.970515,-0.215615,-0.1077539,1,1,0.75,0,0.25,0.25,0,0,0,0.5719608,-0.7556247,0.5317358,0.3824767,0,0.25,0.25,0,0.5,0.5,0,0,0,0.8281943,-0.6098505,0.6173795,0.4969153,0,0,0,0,0.5,0.25,0,0,0,0.723356,-0.6621131,0.6702873,0.3351437,0,0,0.25,0,-0.2500088,-0.2499383,0,6.705525E-05,0.002241136,0.3179778,-0.990247,0.08556614,-0.109952,1,0.75,0.75,0,-0.4999949,-0.4999805,0,0.002890826,0.003738703,0.3967078,-0.9033043,-0.2007286,-0.379143,1,1,1,0,-0.2500012,-0.4999761,0,0.001110137,0.001353026,0.3812398,-0.9191596,0.07943218,-0.385793,1,0.75,1,0,2.935149E-05,-1.432774E-05,0,-0.004074411,-0.001311154,0.3855022,-0.9147351,0.36141,0.1806722,1,0.5,0.5,0,0.25,0,0,0,0,0.5032946,-0.8073401,0.5681282,0.1594746,0,0.25,0.5,0,0.5,0,0,0,0,0.663658,-0.6960808,0.7046744,0.1374974,0,0,0.5,0,-2.995766E-05,-0.2499802,0,-0.001355258,-0.001693518,0.375544,-0.9251392,0.3654529,-0.1027706,1,0.5,0.75,0,1.360461E-05,-0.5000045,0,-1.537847E-05,0.0003486873,0.4349394,-0.8663663,0.3422827,-0.3636648,1,0.5,1,0,0.25,-0.25,0,0,0,0.4945351,-0.8144509,0.5731321,-0.09049455,0,0.25,0.75,0,0.5,-0.25,0,0,0,0.6561142,-0.7006228,0.7092724,-0.07784698,0,0,0.75,0,0.25,-0.5,0,0,0,0.5471867,-0.773501,0.5443155,-0.3246794,0,0.25,1,0,0.5,-0.5,0,0,0,0.7017071,-0.6740411,0.6823626,-0.2829309,0,0,1
212,0,-0.2500111,0.4999711,0,-0.004546346,-0.001987816,0.5471678,-0.773515,0.06683638,0.6302439,1,0.75,0,0,-0.5000577,0.2501152,0,-0.003522636,0.003057719,0.4255891,-0.8751183,-0.1945331,0.4430855,1,1,0.25,0,-0.4999995,0.5000805,0,-0.002703072,0.001966954,0.5602859,-0.7639449,-0.1697651,0.6225496,1,1,0,0,-0.2500361,0.2500867,0,-0.005798044,0.004795941,0.4105855,-0.8895375,0.07683397,0.4503549,1,0.75,0.25,0,3.980762E-05,0.5000379,0,0.0008355934,0.0004321338,0.5927833,-0.7412266,0.2928667,0.603997,1,0.5,0,0,-0.5000038,6.619858E-05,0,-0.003504755,-0.001855359,0.3450577,-0.9585144,-0.2130077,0.1894145,1,1,0.5,0,1.974825E-05,0.2499778,0,-0.0001103121,-0.002171845,0.4625977,-0.841473,0.3324543,0.4259077,1,0.5,0.25,0,0.25,0.5,0,0,0,0.6902101,-0.6805521,0.478907,0.5545239,0,0.25,0,0,-0.250035,4.068143E-05,0,-0.001411141,0.002579287,0.3286182,-0.9775311,0.08443569,0.1931416,1,0.75,0.5,0,-0.5000035,-0.2498887,0,-0.002470613,0.002177061,0.3346145,-0.970508,-0.2156727,-0.1077009,1,1,0.75,0,0.25,0.25,0,0,0,0.5719608,-0.7556247,0.5317358,0.3824767,0,0.25,0.25,0,0.5,0.5,0,0,0,0.8281943,-0.6098505,0.6173795,0.4969153,0,0,0,0,0.5,0.25,0,0,0,0.723356,-0.6621131,0.6702873,0.3351437,0,0,0.25,0,-0.249998,-0.2499194,0,0.0005371871,0.0009424988,0.3179767,-0.9902483,0.0855794,-0.1099291,1,0.75,0.75,0,-0.5000126,-0.499939,0,-0.0008821491,0.002074243,0.3966956,-0.9033166,-0.2007511,-0.3791019,1,1,1,0,-0.250009,-0.4998604,0,-0.0003904106,0.005783143,0.3811946,-0.9192067,0.0794274,-0.3856815,1,0.75,1,0,-1.073417E-05,3.691671E-05,0,-0.002004284,0.002562223,0.385497,-0.9147405,0.3613668,0.1807312,1,0.5,0.5,0,0.25,0,0,0,0,0.5032946,-0.8073401,0.5681282,0.1594746,0,0.25,0.5,0,0.5,0,0,0,0,0.663658,-0.6960808,0.7046744,0.1374974,0,0,0.5,0,-3.561946E-05,-0.2499047,0,-0.0002830901,0.00377223,0.3755342,-0.9251495,0.3654505,-0.1026856,1,0.5,0.75,0,1.296627E-05,-0.4999902,0,-3.191686E-05,0.000715256,0.434934,-0.8663713,0.342284,-0.3636516,1,0.5,1,0,0.25,-0.25,0,0,0,0.4945351,-0.8144509,0.5731321,-0.09049455,0,0.25,0.75,0,0.5,-0.25,0,0,0,0.6561142,-0.7006228,0.7092724,-0.07784698,0,0,0.75,0,0.25,-0.5,0,0,0,0.5471867,-0.773501,0.5443155,-0.3246794,0,0.25,1,0,0.5,-0.5,0,0,0,0.7017071,-0.6740411,0.6823626,-0.2829309,0,0,1
213,0,-0.2500692,0.5000794,0,-0.002905728,0.005415084,0.5472322,-0.7734675,0.06677678,0.6303085,1,0.75,0,0,-0.5000015,0.2500586,0,0.00280738,-0.002828242,0.4255531,-0.8751523,-0.19448,0.4430417,1,1,0.25,0,-0.5000796,0.4999188,0,-0.004002453,-0.008088353,0.5601988,-0.7640077,-0.1698545,0.6224481,1,1,0,0,-0.2499682,0.250018,0,0.003393741,-0.003433229,0.4105598,-0.8895626,0.07691068,0.4502922,1,0.75,0.25,0,-2.29363E-05,0.500051,0,-0.003137197,0.0006556513,0.592773,-0.7412336,0.292812,0.6040148,1,0.5,0,0,-0.5000408,2.356823E-05,0,-0.001847745,-0.002131518,0.3450575,-0.9585146,-0.2130515,0.1893641,1,1,0.5,0,3.874043E-06,0.2499914,0,-0.0007937107,0.0006780031,0.4625983,-0.8414725,0.3324376,0.4259216,1,0.5,0.25,0,0.25,0.5,0,0,0,0.6902101,-0.6805521,0.478907,0.5545239,0,0.25,0,0,-0.2500124,7.252234E-05,0,0.001132489,0.001592046,0.3286263,-0.9775215,0.0844622,0.1931782,1,0.75,0.5,0,-0.4999664,-0.2498994,0,0.001856685,-0.0005319717,0.3346076,-0.970516,-0.21563,-0.1077145,1,1,0.75,0,0.25,0.25,0,0,0,0.5719608,-0.7556247,0.5317358,0.3824767,0,0.25,0.25,0,0.5,0.5,0,0,0,0.8281943,-0.6098505,0.6173795,0.4969153,0,0,0,0,0.5,0.25,0,0,0,0.723356,-0.6621131,0.6702873,0.3351437,0,0,0.25,0,-0.2499551,-0.2499342,0,0.002146513,-0.0007390979,0.317982,-0.9902419,0.08563132,-0.1099465,1,0.75,0.75,0,-0.499984,-0.4999308,0,0.001429022,0.0004097821,0.3966868,-0.9033254,-0.2007211,-0.3790965,1,1,1,0,-0.2499844,-0.4999157,0,0.001231581,-0.002764167,0.3812178,-0.9191825,0.07945325,-0.3857341,1,0.75,1,0,6.405262E-06,2.459878E-06,0,0.0008569721,-0.001722842,0.385497,-0.9147406,0.3613862,0.1806923,1,0.5,0.5,0,0.25,0,0,0,0,0.5032946,-0.8073401,0.5681282,0.1594746,0,0.25,0.5,0,0.5,0,0,0,0,0.663658,-0.6960808,0.7046744,0.1374974,0,0,0.5,0,-1.46436E-05,-0.2499442,0,0.001048794,-0.00197515,0.3755459,-0.9251372,0.3654695,-0.1027293,1,0.5,0.75,0,7.207246E-05,-0.4999681,0,0.002955311,0.001104177,0.4349462,-0.8663599,0.3423427,-0.3636232,1,0.5,1,0,0.25,-0.25,0,0,0,0.4945351,-0.8144509,0.5731321,-0.09049455,0,0.25,0.75,0,0.5,-0.25,0,0,0,0.6561142,-0.7006228,0.7092724,-0.07784698,0,0,0.75,0,0.25,-0.5,0,0,0,0.5471867,-0.773501,0.5443155,-0.3246794,0,0.25,1,0,0.5,-0.5,0,0,0,0.7017071,-0.6740411,0.6823626,-0.2829309,0,0,1
214,0,-0.2500327,0.500057,0,0.001823903,-0.001120568,0.5472205,-0.7734761,0.06681236,0.6302941,1,0.75,0,0,-0.5000026,0.2500414,0,-5.066397E-05,-0.0008583072,0.4255458,-0.8751593,-0.1944826,0.4430266,1,1,0.25,0,-0.5000219,0.4999732,0,0.002881886,0.002720953,0.5602229,-0.7639903,-0.1697963,0.6224853,1,1,0,0,-0.2500009,0.2500333,0,-0.001633913,0.0007644299,0.4105642,-0.8895584,0.07687443,0.4503068,1,0.75,0.25,0,-9.046773E-06,0.5000606,0,0.0006944764,0.0004768373,0.5927827,-0.7412269,0.2928221,0.6040181,1,0.5,0,0,-0.4999338,2.769097E-05,0,0.005348029,0.0002061371,0.3450356,-0.9585395,-0.2129305,0.1893739,1,1,0.5,0,2.997774E-05,0.2499998,0,0.001305185,0.000421703,0.4626105,-0.8414618,0.3324605,0.4259249,1,0.5,0.25,0,0.25,0.5,0,0,0,0.6902101,-0.6805521,0.478907,0.5545239,0,0.25,0,0,-0.2499608,-2.188116E-05,0,0.002578647,-0.004720177,0.3286124,-0.9775379,0.08452585,0.1930675,1,0.75,0.5,0,-0.4999705,-0.2499892,0,-0.0002071262,-0.004488977,0.3346182,-0.9705037,-0.2156322,-0.1078207,1,1,0.75,0,0.25,0.25,0,0,0,0.5719608,-0.7556247,0.5317358,0.3824767,0,0.25,0.25,0,0.5,0.5,0,0,0,0.8281943,-0.6098505,0.6173795,0.4969153,0,0,0,0,0.5,0.25,0,0,0,0.723356,-0.6621131,0.6702873,0.3351437,0,0,0.25,0,-0.2499321,-0.2499353,0,0.00115186,-5.438926E-05,0.317984,-0.9902394,0.08565927,-0.1099475,1,0.75,0.75,0,-0.4998963,-0.4999737,0,0.004383923,-0.002142788,0.3966854,-0.9033268,-0.2006237,-0.3791448,1,1,1,0,-0.2499764,-0.4999866,0,0.0004008414,-0.003542007,0.3812458,-0.9191533,0.07945983,-0.3858022,1,0.75,1,0,-1.000554E-05,4.388383E-05,0,-0.0008205404,0.002071199,0.3854985,-0.914739,0.361367,0.1807387,1,0.5,0.5,0,0.25,0,0,0,0,0.5032946,-0.8073401,0.5681282,0.1594746,0,0.25,0.5,0,0.5,0,0,0,0,0.663658,-0.6960808,0.7046744,0.1374974,0,0,0.5,0,-5.516706E-06,-0.2500046,0,0.0004563447,-0.003018231,0.3755554,-0.9251271,0.365476,-0.1027971,1,0.5,0.75,0,8.304018E-05,-0.4999942,0,0.0005483862,-0.001303852,0.4349595,-0.8663477,0.3423496,-0.3636459,1,0.5,1,0,0.25,-0.25,0,0,0,0.4945351,-0.8144509,0.5731321,-0.09049455,0,0.25,0.75,0,0.5,-0.25,0,0,0,0.6561142,-0.7006228,0.7092724,-0.07784698,0,0,0.75,0,0.25,-0.5,0,0,0,0.5471867,-0.773501,0.5443155,-0.3246794,0,0.25,1,0,0.5,-0.5,0,0,0,0.7017071,-0.6740411,0.6823626,-0.2829309,0,0,1
215,0,-0.2499884,0.5000263,0,0.002215804,-0.00153184,0.547204,-0.7734882,0.06685573,0.6302748,1,0.75,0,0,-0.4999961,0.250024,0,0.0003218652,-0.0008717183,0.4255368,-0.8751678,-0.1944776,0.4430121,1,1,0.25,0,-0.4999366,0.5000782,0,0.004269185,0.005251171,0.5602738,-0.7639536,-0.1697076,0.6225545,1,1,0,0,-0.249947,0.2500283,0,0.002695621,-0.0002473594,0.4105662,-0.8895565,0.07693347,0.4503004,1,0.75,0.25,0,3.180895E-05,0.499988,0,0.002042787,-0.003628434,0.5927509,-0.7412485,0.292868,0.6039693,1,0.5,0,0,-0.4999686,1.230578E-05,0,-0.001740456,-0.0007692596,0.34504,-0.9585345,-0.2129705,0.1893547,1,1,0.5,0,2.491307E-05,0.2499476,0,-0.0002532336,-0.002611429,0.4625866,-0.8414828,0.3324635,0.4258812,1,0.5,0.25,0,0.25,0.5,0,0,0,0.6902101,-0.6805521,0.478907,0.5545239,0,0.25,0,0,-0.2499868,7.081653E-07,0,-0.001298637,0.001129467,0.3286145,-0.9775354,0.08449429,0.1930943,1,0.75,0.5,0,-0.4999492,-0.2500303,0,0.001065433,-0.002057851,0.334618,-0.9705039,-0.2156067,-0.1078701,1,1,0.75,0,0.25,0.25,0,0,0,0.5719608,-0.7556247,0.5317358,0.3824767,0,0.25,0.25,0,0.5,0.5,0,0,0,0.8281943,-0.6098505,0.6173795,0.4969153,0,0,0,0,0.5,0.25,0,0,0,0.723356,-0.6621131,0.6702873,0.3351437,0,0,0.25,0,-0.249897,-0.2500066,0,0.001755357,-0.003566594,0.3179949,-0.9902262,0.08570105,-0.1100333,1,0.75,0.75,0,-0.4999587,-0.5000315,0,-0.003117324,-0.002893807,0.3967199,-0.9032921,-0.2006855,-0.3791948,1,1,1,0,-0.2499841,-0.5000116,0,-0.0003889205,-0.001253188,0.3812549,-0.9191439,0.07945019,-0.3858267,1,0.75,1,0,4.800499E-05,6.445967E-05,0,0.002900528,0.001028792,0.3855232,-0.9147135,0.3614225,0.1807569,1,0.5,0.5,0,0.25,0,0,0,0,0.5032946,-0.8073401,0.5681282,0.1594746,0,0.25,0.5,0,0.5,0,0,0,0,0.663658,-0.6960808,0.7046744,0.1374974,0,0,0.5,0,-3.334474E-05,-0.2499785,0,-0.001391402,0.001305342,0.3755426,-0.9251406,0.3654495,-0.1027688,1,0.5,0.75,0,1.562516E-05,-0.4999875,0,-0.003370752,0.0003352763,0.434934,-0.8663713,0.3422869,-0.3636487,1,0.5,1,0,0.25,-0.25,0,0,0,0.4945351,-0.8144509,0.5731321,-0.09049455,0,0.25,0.75,0,0.5,-0.25,0,0,0,0.6561142,-0.7006228,0.7092724,-0.07784698,0,0,0.75,0,0.25,-0.5,0,0,0,0.5471867,-0.773501,0.5443155,-0.3246794,0,0.25,1,0,0.5,-0.5,0,0,0,0.7017071,-0.6740411,0.6823626,-0.2829309,0,0,1
216,0,-0.249929,0.4999751,0,0.002971293,-0.00256002,0.5471758,-0.7735091,0.06691428,0.630243,1,0.75,0,0,-0.4998847,0.2499453,0,0.005573037,-0.003933908,0.4254802,-0.8752213,-0.194369,0.4429542,1,1,0.25,0,-0.4998597,0.5000251,0,0.003844501,-0.002655388,0.5602276,-0.7639869,-0.1696425,0.6225315,1,1,0,0,-0.2499403,0.2500538,0,0.0003352763,0.00127405,0.4105781,-0.8895448,0.07693982,0.4503225,1,0.75,0.25,0,8.636316E-05,0.500025,0,0.002727711,0.001849235,0.5927892,-0.7412226,0.2929077,0.603982,1,0.5,0,0,-0.499899,2.22334E-06,0,0.003482403,-0.0005041224,0.3450233,-0.9585535,-0.2128923,0.1893465,1,1,0.5,0,8.560448E-05,0.24999,0,0.003034572,0.002119691,0.4626248,-0.8414493,0.3325133,0.4259084,1,0.5,0.25,0,0.25,0.5,0,0,0,0.6902101,-0.6805521,0.478907,0.5545239,0,0.25,0,0,-0.2500158,1.058767E-05,0,-0.001451374,0.0004939755,0.328614,-0.977536,0.08445931,0.1931063,1,0.75,0.5,0,-0.4999204,-0.2499545,0,0.001442433,0.003792347,0.3346036,-0.9705206,-0.2155758,-0.1077811,1,1,0.75,0,0.25,0.25,0,0,0,0.5719608,-0.7556247,0.5317358,0.3824767,0,0.25,0.25,0,0.5,0.5,0,0,0,0.8281943,-0.6098505,0.6173795,0.4969153,0,0,0,0,0.5,0.25,0,0,0,0.723356,-0.6621131,0.6702873,0.3351437,0,0,0.25,0,-0.2498804,-0.2500094,0,0.00082925,-0.000140071,0.3179966,-0.9902241,0.08572114,-0.1100365,1,0.75,0.75,0,-0.4999374,-0.4999927,0,0.001063943,0.001940132,0.3967009,-0.9033112,-0.200666,-0.3791596,1,1,1,0,-0.2499465,-0.5000161,0,0.001879037,-0.0002235175,0.3812596,-0.919139,0.07949241,-0.3858297,1,0.75,1,0,7.804227E-06,1.602474E-05,0,-0.002010039,-0.002421747,0.3855,-0.9147375,0.3613866,0.180707,1,0.5,0.5,0,0.25,0,0,0,0,0.5032946,-0.8073401,0.5681282,0.1594746,0,0.25,0.5,0,0.5,0,0,0,0,0.663658,-0.6960808,0.7046744,0.1374974,0,0,0.5,0,-5.233808E-05,-0.2500187,0,-0.0009496673,-0.002013148,0.3755398,-0.9251436,0.365429,-0.1028151,1,0.5,0.75,0,7.917135E-05,-0.499963,0,0.003177311,0.001224876,0.4349468,-0.8663594,0.3423501,-0.3636175,1,0.5,1,0,0.25,-0.25,0,0,0,0.4945351,-0.8144509,0.5731321,-0.09049455,0,0.25,0.75,0,0.5,-0.25,0,0,0,0.6561142,-0.7006228,0.7092724,-0.07784698,0,0,0.75,0,0.25,-0.5,0,0,0,0.5471867,-0.773501,0.5443155,-0.3246794,0,0.25,1,0,0.5,-0.5,0,0,0,0.7017071,-0.6740411,0.6823626,-0.2829309,0,0,1
217,0,-0.2499845,0.4999465,0,-0.002774597,-0.001430512,0.5471541,-0.7735251,0.06686267,0.6302287,1,0.75,0,0,-0.4999317,0.2500015,0,-0.002351404,0.00281036,0.4255143,-0.8751891,-0.1944127,0.4429986,1,1,0.25,0,-0.4999637,0.5000173,0,-0.005200507,-0.0003874303,0.5602405,-0.7639776,-0.1697385,0.6225166,1,1,0,0,-0.2500032,0.2500463,0,-0.003144146,-0.0003769995,0.4105699,-0.8895528,0.07687145,0.4503183,1,0.75,0.25,0,2.661929E-05,0.4999622,0,-0.002987195,-0.003141166,0.5927337,-0.7412602,0.2928679,0.6039551,1,0.5,0,0,-0.5000183,-5.112026E-05,0,-0.005966427,-0.002667181,0.3450386,-0.9585361,-0.2130297,0.18928,1,1,0.5,0,4.745223E-05,0.2500146,0,-0.001907613,0.001233072,0.4626226,-0.8414512,0.3324744,0.4259349,1,0.5,0.25,0,0.25,0.5,0,0,0,0.6902101,-0.6805521,0.478907,0.5545239,0,0.25,0,0,-0.2500207,-6.273804E-06,0,-0.0002458692,-0.0008430741,0.3286104,-0.9775403,0.08445375,0.1930868,1,0.75,0.5,0,-0.4999235,-0.2499689,0,-0.0001564623,-0.0007234517,0.3346058,-0.9705181,-0.215579,-0.1077981,1,1,0.75,0,0.25,0.25,0,0,0,0.5719608,-0.7556247,0.5317358,0.3824767,0,0.25,0.25,0,0.5,0.5,0,0,0,0.8281943,-0.6098505,0.6173795,0.4969153,0,0,0,0,0.5,0.25,0,0,0,0.723356,-0.6621131,0.6702873,0.3351437,0,0,0.25,0,-0.2499255,-0.2499314,0,-0.002256037,0.003901871,0.3179842,-0.9902392,0.08566729,-0.1099427,1,0.75,0.75,0,-0.4999546,-0.4999795,0,-0.0008583072,0.0006616118,0.3966994,-0.9033128,-0.2006855,-0.3791455,1,1,1,0,-0.2500059,-0.4999136,0,-0.002966077,0.005124511,0.3812153,-0.9191851,0.07942908,-0.3857327,1,0.75,1,0,1.105124E-05,1.08351E-05,0,0.0001623509,-0.0002594823,0.3855002,-0.9147372,0.3613901,0.1807011,1,0.5,0.5,0,0.25,0,0,0,0,0.5032946,-0.8073401,0.5681282,0.1594746,0,0.25,0.5,0,0.5,0,0,0,0,0.663658,-0.6960808,0.7046744,0.1374974,0,0,0.5,0,-8.635297E-06,-0.2500412,0,0.00218514,-0.001123548,0.375558,-0.9251243,0.3654713,-0.1028387,1,0.5,0.75,0,4.045889E-05,-0.5000553,0,-0.001935624,-0.004614891,0.4349671,-0.8663406,0.3423013,-0.3637083,1,0.5,1,0,0.25,-0.25,0,0,0,0.4945351,-0.8144509,0.5731321,-0.09049455,0,0.25,0.75,0,0.5,-0.25,0,0,0,0.6561142,-0.7006228,0.7092724,-0.07784698,0,0,0.75,0,0.25,-0.5,0,0,0,0.5471867,-0.773501,0.5443155,-0.3246794,0,0.25,1,0,0.5,-0.5,0,0,0,0.7017071,-0.6740411,0.6823626,-0.2829309,0,0,1
218,0,-0.2500042,0.4999726,0,-0.0009879473,0.001303852,0.5471692,-0.773514,0.06684284,0.6302445,1,0.75,0,0,-0.4999334,0.2499587,0,-8.642677E-05,-0.002142043,0.4254956,-0.8752067,-0.1944185,0.4429612,1,1,0.25,0,-0.4999891,0.4999793,0,-0.00127256,-0.001902879,0.5602211,-0.7639916,-0.1697657,0.6224921,1,1,0,0,-0.2500255,0.2500174,0,-0.001117588,-0.001443923,0.4105552,-0.8895672,0.07684815,0.4502938,1,0.75,0.25,0,4.881992E-05,0.499963,0,0.001110032,4.023315E-05,0.5927408,-0.7412554,0.2928863,0.603952,1,0.5,0,0,-0.4999446,-5.75262E-05,0,0.003683568,-0.0003202971,0.3450217,-0.9585552,-0.2129468,0.1892762,1,1,0.5,0,3.02288E-05,0.2499851,0,-0.0008611719,-0.001478196,0.4626043,-0.8414672,0.3324629,0.4259124,1,0.5,0.25,0,0.25,0.5,0,0,0,0.6902101,-0.6805521,0.478907,0.5545239,0,0.25,0,0,-0.2499985,-2.599278E-05,0,0.001112372,-0.0009859494,0.3286084,-0.9775426,0.0844808,0.1930635,1,0.75,0.5,0,-0.4999516,-0.2499658,0,-0.00140518,0.0001572073,0.3346115,-0.9705114,-0.2156112,-0.1077936,1,1,0.75,0,0.25,0.25,0,0,0,0.5719608,-0.7556247,0.5317358,0.3824767,0,0.25,0.25,0,0.5,0.5,0,0,0,0.8281943,-0.6098505,0.6173795,0.4969153,0,0,0,0,0.5,0.25,0,0,0,0.723356,-0.6621131,0.6702873,0.3351437,0,0,0.25,0,-0.2499206,-0.2499907,0,0.0002473594,-0.002963842,0.3179911,-0.9902308,0.0856726,-0.1100143,1,0.75,0.75,0,-0.4999057,-0.5000097,0,0.002440811,-0.001507998,0.396701,-0.9033111,-0.2006307,-0.3791784,1,1,1,0,-0.2500273,-0.5000064,0,-0.001069904,-0.004641714,0.3812494,-0.9191495,0.07940172,-0.3858232,1,0.75,1,0,2.667238E-05,-1.972183E-05,0,0.000781057,-0.001527847,0.3855003,-0.9147371,0.3614077,0.1806665,1,0.5,0.5,0,0.25,0,0,0,0,0.5032946,-0.8073401,0.5681282,0.1594746,0,0.25,0.5,0,0.5,0,0,0,0,0.663658,-0.6960808,0.7046744,0.1374974,0,0,0.5,0,-2.916223E-05,-0.2499874,0,-0.001026347,0.002691896,0.375545,-0.9251381,0.3654533,-0.1027787,1,0.5,0.75,0,4.689529E-06,-0.4999688,0,-0.001788469,0.004324319,0.4349234,-0.8663811,0.342279,-0.3636328,1,0.5,1,0,0.25,-0.25,0,0,0,0.4945351,-0.8144509,0.5731321,-0.09049455,0,0.25,0.75,0,0.5,-0.25,0,0,0,0.6561142,-0.7006228,0.7092724,-0.07784698,0,0,0.75,0,0.25,-0.5,0,0,0,0.5471867,-0.773501,0.5443155,-0.3246794,0,0.25,1,0,0.5,-0.5,0,0,0,0.7017071,-0.6740411,0.6823626,-0.2829309,0,0,1
219,0,-0.2499764,0.4999923,0,0.001392514,0.000983477,0.5471834,-0.7735035,0.06686853,0.6302547,1,0.75,0,0,-0.4999095,0.2500099,0,0.001198054,0.002562256,0.4255137,-0.8751897,-0.1943888,0.4430079,1,1,0.25,0,-0.4999004,0.4999668,0,0.004436078,-0.0006243589,0.5601983,-0.764008,-0.1696856,0.6224937,1,1,0,0,-0.2499767,0.2499974,0,0.002438576,-0.0009998683,0.4105499,-0.8895724,0.07690216,0.4502745,1,0.75,0.25,0,3.655348E-05,0.4999941,0,-0.0006133222,0.001555682,0.5927559,-0.7412452,0.292871,0.6039721,1,0.5,0,0,-0.499934,-4.216532E-05,0,0.0005334618,0.0007680442,0.3450223,-0.9585546,-0.212934,0.1892942,1,1,0.5,0,4.660639E-05,0.2499343,0,0.00081888,-0.002539904,0.4625881,-0.8414814,0.3324855,0.4258668,1,0.5,0.25,0,0.25,0.5,0,0,0,0.6902101,-0.6805521,0.478907,0.5545239,0,0.25,0,0,-0.2499311,-2.383405E-05,0,0.003369899,0.0001079366,0.3286145,-0.9775354,0.08456151,0.1930646,1,0.75,0.5,0,-0.4999668,-0.250031,0,-0.0007584694,-0.003260375,0.3346218,-0.9704994,-0.2156267,-0.1078704,1,1,0.75,0,0.25,0.25,0,0,0,0.5719608,-0.7556247,0.5317358,0.3824767,0,0.25,0.25,0,0.5,0.5,0,0,0,0.8281943,-0.6098505,0.6173795,0.4969153,0,0,0,0,0.5,0.25,0,0,0,0.723356,-0.6621131,0.6702873,0.3351437,0,0,0.25,0,-0.249957,-0.2500551,0,-0.001819432,-0.003222377,0.3179951,-0.990226,0.0856277,-0.1100925,1,0.75,0.75,0,-0.4999697,-0.5000473,0,-0.00319928,-0.001880527,0.3967281,-0.9032838,-0.200696,-0.3792089,1,1,1,0,-0.2500068,-0.5000747,0,0.0010252,-0.003412367,0.3812774,-0.9191204,0.07942247,-0.3858884,1,0.75,1,0,2.913006E-05,1.086872E-05,0,0.0001228841,0.001529528,0.3855067,-0.9147305,0.3614079,0.1806998,1,0.5,0.5,0,0.25,0,0,0,0,0.5032946,-0.8073401,0.5681282,0.1594746,0,0.25,0.5,0,0.5,0,0,0,0,0.663658,-0.6960808,0.7046744,0.1374974,0,0,0.5,0,4.823131E-05,-0.2500379,0,0.003869679,-0.002525003,0.3755785,-0.9251027,0.3655277,-0.1028325,1,0.5,0.75,0,4.899471E-05,-0.4999562,0,0.00221526,0.0006318095,0.434934,-0.8663713,0.3423225,-0.3636152,1,0.5,1,0,0.25,-0.25,0,0,0,0.4945351,-0.8144509,0.5731321,-0.09049455,0,0.25,0.75,0,0.5,-0.25,0,0,0,0.6561142,-0.7006228,0.7092724,-0.07784698,0,0,0.75,0,0.25,-0.5,0,0,0,0.5471867,-0.773501,0.5443155,-0.3246794,0,0.25,1,0,0.5,-0.5,0,0,0,0.7017071,-0.6740411,0.6823626,-0.2829309,0,0,1
220,0,-0.2499697,0.4999305,0,0.0003352763,-0.003089012,0.5471449,-0.7735319,0.06687739,0.6302189,1,0.75,0,0,-0.4999948,0.249975,0,-0.004269185,-0.001747162,0.4255148,-0.8751886,-0.1944808,0.4429697,1,1,0.25,0,-0.4999498,0.5000483,0,-0.002470613,0.004073979,0.5602573,-0.7639655,-0.1697228,0.6225359,1,1,0,0,-0.2499477,0.2499842,0,0.001453609,-0.0006608667,0.4105462,-0.889576,0.0769344,0.4502618,1,0.75,0.25,0,-1.630788E-05,0.4999374,0,-0.002643069,-0.002835692,0.5927062,-0.7412788,0.292836,0.6039477,1,0.5,0,0,-0.500006,1.643559E-05,0,-0.003603102,0.002930047,0.3450488,-0.9585245,-0.2130126,0.1893576,1,1,0.5,0,1.149945E-05,0.2499887,0,-0.001755348,0.002719463,0.4625996,-0.8414713,0.3324451,0.4259181,1,0.5,0.25,0,0.25,0.5,0,0,0,0.6902101,-0.6805521,0.478907,0.5545239,0,0.25,0,0,-0.2500078,-5.194764E-05,0,-0.003837051,-0.00140568,0.3286026,-0.9775494,0.08447011,0.1930335,1,0.75,0.5,0,-0.4999868,-0.2500885,0,-0.001002848,-0.002874435,0.3346324,-0.9704871,-0.215648,-0.1079379,1,1,0.75,0,0.25,0.25,0,0,0,0.5719608,-0.7556247,0.5317358,0.3824767,0,0.25,0.25,0,0.5,0.5,0,0,0,0.8281943,-0.6098505,0.6173795,0.4969153,0,0,0,0,0.5,0.25,0,0,0,0.723356,-0.6621131,0.6702873,0.3351437,0,0,0.25,0,-0.249992,-0.2500308,0,-0.001750887,0.001214445,0.3179894,-0.9902329,0.08558549,-0.1100636,1,0.75,0.75,0,-0.4999575,-0.5000563,0,0.000612438,-0.0004529955,0.3967291,-0.9032829,-0.2006821,-0.3792186,1,1,1,0,-0.2499465,-0.5000607,0,0.003012271,0.0007003549,0.3812768,-0.919121,0.07949089,-0.3858727,1,0.75,1,0,3.034299E-05,1.392475E-05,0,6.064677E-05,0.0001528017,0.3855077,-0.9147295,0.3614089,0.180703,1,0.5,0.5,0,0.25,0,0,0,0,0.5032946,-0.8073401,0.5681282,0.1594746,0,0.25,0.5,0,0.5,0,0,0,0,0.663658,-0.6960808,0.7046744,0.1374974,0,0,0.5,0,5.734908E-05,-0.2500118,0,0.0004558886,0.001303852,0.3755791,-0.925102,0.3655379,-0.1028026,1,0.5,0.75,0,1.90457E-05,-0.4999871,0,-0.001497451,-0.001543761,0.434935,-0.8663704,0.3422902,-0.3636478,1,0.5,1,0,0.25,-0.25,0,0,0,0.4945351,-0.8144509,0.5731321,-0.09049455,0,0.25,0.75,0,0.5,-0.25,0,0,0,0.6561142,-0.7006228,0.7092724,-0.07784698,0,0,0.75,0,0.25,-0.5,0,0,0,0.5471867,-0.773501,0.5443155,-0.3246794,0,0.25,1,0,0.5,-0.5,0,0,0,0.7017071,-0.6740411,0.6823626,-0.2829309,0,0,1
221,0,-0.2500095,0.500021,0,-0.001993031,0.004526975,0.5471994,-0.7734917,0.06683584,0.6302726,1,0.75,0,0,-0.4998853,0.250014,0,0.005479159,0.001949818,0.4255108,-0.8751924,-0.1943632,0.4430137,1,1,0.25,0,-0.4999466,0.499972,0,0.0001624227,-0.003816189,0.5602093,-0.7640001,-0.1697274,0.6224921,1,1,0,0,-0.2499638,0.2499318,0,-0.0008054081,-0.00261888,0.4105214,-0.8896002,0.0769188,0.4502166,1,0.75,0.25,0,3.886114E-05,0.5000014,0,0.002758452,0.003200771,0.592761,-0.7412416,0.2928718,0.603976,1,0.5,0,0,-0.4999485,-4.186027E-05,0,0.002877415,-0.002914794,0.3450255,-0.958551,-0.2129504,0.1892939,1,1,0.5,0,7.422588E-05,0.2499567,0,0.003136322,-0.001597405,0.4626069,-0.841465,0.3325077,0.4258817,1,0.5,0.25,0,0.25,0.5,0,0,0,0.6902101,-0.6805521,0.478907,0.5545239,0,0.25,0,0,-0.2500459,-2.249288E-05,0,-0.001902879,0.001472738,0.3286051,-0.9775465,0.08442393,0.1930685,1,0.75,0.5,0,-0.5000086,-0.2500452,0,-0.001087785,0.00216365,0.3346324,-0.9704871,-0.2156741,-0.1078861,1,1,0.75,0,0.25,0.25,0,0,0,0.5719608,-0.7556247,0.5317358,0.3824767,0,0.25,0.25,0,0.5,0.5,0,0,0,0.8281943,-0.6098505,0.6173795,0.4969153,0,0,0,0,0.5,0.25,0,0,0,0.723356,-0.6621131,0.6702873,0.3351437,0,0,0.25,0,-0.2500196,-0.2499885,0,-0.001380593,0.002116711,0.3179824,-0.9902414,0.08555247,-0.1100128,1,0.75,0.75,0,-0.5000144,-0.5000294,0,-0.002847613,0.001344085,0.3967303,-0.9032816,-0.2007453,-0.3791881,1,1,1,0,-0.2500338,-0.4999967,0,-0.004362317,0.00319928,0.3812451,-0.919154,0.07939474,-0.385814,1,0.75,1,0,6.507865E-06,1.784218E-06,0,-0.001191757,-0.0006070269,0.3854969,-0.9147407,0.3613864,0.1806915,1,0.5,0.5,0,0.25,0,0,0,0,0.5032946,-0.8073401,0.5681282,0.1594746,0,0.25,0.5,0,0.5,0,0,0,0,0.663658,-0.6960808,0.7046744,0.1374974,0,0,0.5,0,-2.686098E-05,-0.2500122,0,-0.004210505,-2.235175E-05,0.3755484,-0.9251344,0.3654545,-0.1028067,1,0.5,0.75,0,-8.200243E-05,-0.5000102,0,-0.005052408,-0.001156331,0.4349088,-0.8663946,0.3421916,-0.3636827,1,0.5,1,0,0.25,-0.25,0,0,0,0.4945351,-0.8144509,0.5731321,-0.09049455,0,0.25,0.75,0,0.5,-0.25,0,0,0,0.6561142,-0.7006228,0.7092724,-0.07784698,0,0,0.75,0,0.25,-0.5,0,0,0,0.5471867,-0.773501,0.5443155,-0.3246794,0,0.25,1,0,0.5,-0.5,0,0,0,0.7017071,-0.6740411,0.6823626,-0.2829309,0,0,1
222,0,-0.2500163,0.5000172,0,-0.0003382565,-0.0001937152,0.5471964,-0.7734939,0.06682958,0.6302707,1,0.75,0,0,-0.4999461,0.2500176,0,-0.003042818,0.000178814,0.4255242,-0.8751797,-0.1944262,0.4430112,1,1,0.25,0,-0.5000129,0.4999822,0,-0.00331849,0.00051111,0.5602269,-0.7639874,-0.1697872,0.6224915,1,1,0,0,-0.2499728,0.2500145,0,-0.0004507603,0.004136564,0.4105579,-0.8895645,0.07690582,0.4502894,1,0.75,0.25,0,-4.901703E-06,0.4999402,0,-0.002188143,-0.0030607,0.5927112,-0.7412754,0.2928451,0.6039474,1,0.5,0,0,-0.4998892,1.16596E-05,0,0.002965332,0.002675995,0.345023,-0.9585538,-0.2128808,0.1893577,1,1,0.5,0,-2.474621E-05,0.249976,0,-0.004948606,0.0009626154,0.4625822,-0.8414866,0.3324134,0.4259127,1,0.5,0.25,0,0.25,0.5,0,0,0,0.6902101,-0.6805521,0.478907,0.5545239,0,0.25,0,0,-0.2499359,-1.960433E-05,0,0.005497786,0.0001444279,0.328615,-0.9775349,0.08455563,0.1930696,1,0.75,0.5,0,-0.5000302,-0.2499588,0,-0.001078845,0.004320594,0.3346277,-0.9704925,-0.2157011,-0.1077831,1,1,0.75,0,0.25,0.25,0,0,0,0.5719608,-0.7556247,0.5317358,0.3824767,0,0.25,0.25,0,0.5,0.5,0,0,0,0.8281943,-0.6098505,0.6173795,0.4969153,0,0,0,0,0.5,0.25,0,0,0,0.723356,-0.6621131,0.6702873,0.3351437,0,0,0.25,0,-0.2500327,-0.2499716,0,-0.0006541612,0.0008478764,0.3179794,-0.990245,0.08553679,-0.1099925,1,0.75,0.75,0,-0.5000311,-0.4999491,0,-0.0008344654,0.004015864,0.3967032,-0.9033089,-0.20077,-0.37911,1,1,1,0,-0.2500319,-0.499986,0,9.089712E-05,0.000536442,0.3812411,-0.9191582,0.07939716,-0.3858036,1,0.75,1,0,9.692647E-05,-3.085691E-05,0,0.004520932,-0.001632057,0.3855237,-0.914713,0.3614775,0.1806492,1,0.5,0.5,0,0.25,0,0,0,0,0.5032946,-0.8073401,0.5681282,0.1594746,0,0.25,0.5,0,0.5,0,0,0,0,0.663658,-0.6960808,0.7046744,0.1374974,0,0,0.5,0,-9.29301E-06,-0.2499783,0,0.0008783989,0.001696498,0.3755513,-0.9251314,0.3654734,-0.1027676,1,0.5,0.75,0,-8.55737E-06,-0.4999949,0,0.003672254,0.00076592,0.4349284,-0.8663765,0.3422631,-0.3636588,1,0.5,1,0,0.25,-0.25,0,0,0,0.4945351,-0.8144509,0.5731321,-0.09049455,0,0.25,0.75,0,0.5,-0.25,0,0,0,0.6561142,-0.7006228,0.7092724,-0.07784698,0,0,0.75,0,0.25,-0.5,0,0,0,0.5471867,-0.773501,0.5443155,-0.3246794,0,0.25,1,0,0.5,-0.5,0,0,0,0.7017071,-0.6740411,0.6823626,-0.2829309,0,0,1
223,0,-0.2499719,0.5000893,0,0.002221764,0.003609063,0.5472449,-0.7734581,0.06686891,0.6303104,1,0.75,0,0,-0.4999689,0.2500159,0,-0.001136959,-8.195642E-05,0.4255279,-0.8751763,-0.19445,0.4430076,1,1,0.25,0,-0.4999383,0.5000212,0,0.003731252,0.001949073,0.5602386,-0.763979,-0.1697149,0.6225213,1,1,0,0,-0.2499761,0.2500144,0,-0.0001668931,-5.960467E-06,0.4105576,-0.8895648,0.07690218,0.4502894,1,0.75,0.25,0,6.302723E-05,0.5000036,0,0.003396448,0.003170968,0.5927694,-0.741236,0.2928917,0.6039733,1,0.5,0,0,-0.499945,5.61668E-05,0,-0.002792479,0.002225361,0.3450433,-0.9585308,-0.2129418,0.1894059,1,1,0.5,0,2.406626E-05,0.2499877,0,0.002440624,0.0005856159,0.4626034,-0.841468,0.3324568,0.4259155,1,0.5,0.25,0,0.25,0.5,0,0,0,0.6902101,-0.6805521,0.478907,0.5545239,0,0.25,0,0,-0.2499498,6.435792E-05,0,-0.0006951395,0.004198114,0.32863,-0.9775171,0.08453731,0.1931675,1,0.75,0.5,0,-0.4999473,-0.2499486,0,0.004144015,0.0005096199,0.3346087,-0.9705147,-0.2156068,-0.1077734,1,1,0.75,0,0.25,0.25,0,0,0,0.5719608,-0.7556247,0.5317358,0.3824767,0,0.25,0.25,0,0.5,0.5,0,0,0,0.8281943,-0.6098505,0.6173795,0.4969153,0,0,0,0,0.5,0.25,0,0,0,0.723356,-0.6621131,0.6702873,0.3351437,0,0,0.25,0,-0.2499053,-0.2499841,0,0.006365778,-0.0006273391,0.3179917,-0.9902301,0.08569115,-0.1100061,1,0.75,0.75,0,-0.4999894,-0.4999808,0,0.002084673,-0.001585484,0.3967068,-0.9033053,-0.2007227,-0.3791438,1,1,1,0,-0.2500131,-0.4999996,0,0.0009432439,-0.0006794932,0.3812479,-0.9191511,0.07941796,-0.385816,1,0.75,1,0,1.430518E-05,5.335279E-05,0,-0.004131066,0.004210487,0.385509,-0.9147281,0.3613902,0.1807473,1,0.5,0.5,0,0.25,0,0,0,0,0.5032946,-0.8073401,0.5681282,0.1594746,0,0.25,0.5,0,0.5,0,0,0,0,0.663658,-0.6960808,0.7046744,0.1374974,0,0,0.5,0,-4.847573E-05,-0.2500041,0,-0.001959137,-0.001289696,0.3755397,-0.9251437,0.3654335,-0.1027984,1,0.5,0.75,0,1.270825E-05,-0.5000023,0,0.001063281,-0.0003725292,0.4349384,-0.8663673,0.3422821,-0.3636628,1,0.5,1,0,0.25,-0.25,0,0,0,0.4945351,-0.8144509,0.5731321,-0.09049455,0,0.25,0.75,0,0.5,-0.25,0,0,0,0.6561142,-0.7006228,0.7092724,-0.07784698,0,0,0.75,0,0.25,-0.5,0,0,0,0.5471867,-0.773501,0.5443155,-0.3246794,0,0.25,1,0,0.5,-0.5,0,0,0,0.7017071,-0.6740411,0.6823626,-0.2829309,0,0,1
224,0,-0.250028,0.5001075,0,-0.00280887,0.0009059909,0.5472525,-0.7734524,0.06681478,0.6303231,1,0.75,0,0,-0.4999534,0.2499837,0,0.0007748607,-0.001609326,0.4255106,-0.8751926,-0.1944368,0.4429811,1,1,0.25,0,-0.5000393,0.4999776,0,-0.005048515,-0.002178551,0.5602285,-0.7639863,-0.1698118,0.6224862,1,1,0,0,-0.2500422,0.2500252,0,-0.003303589,0.000536442,0.4105574,-0.889565,0.07682963,0.4503013,1,0.75,0.25,0,-6.410528E-05,0.4999669,0,-0.006356628,-0.001832844,0.5927101,-0.7412762,0.2927912,0.6039726,1,0.5,0,0,-0.4999968,-7.360143E-05,0,-0.002589823,-0.006488414,0.3450298,-0.9585461,-0.2130065,0.1892553,1,1,0.5,0,-1.363916E-05,0.2500225,0,-0.001885272,0.001741201,0.4626057,-0.841466,0.3324168,0.4259506,1,0.5,0.25,0,0.25,0.5,0,0,0,0.6902101,-0.6805521,0.478907,0.5545239,0,0.25,0,0,-0.2499983,1.839643E-05,0,-0.002422185,-0.002298075,0.328617,-0.9775324,0.08448017,0.193115,1,0.75,0.5,0,-0.5000119,-0.249998,0,-0.003229083,-0.002469123,0.334628,-0.9704922,-0.2156792,-0.1078301,1,1,0.75,0,0.25,0.25,0,0,0,0.5719608,-0.7556247,0.5317358,0.3824767,0,0.25,0.25,0,0.5,0.5,0,0,0,0.8281943,-0.6098505,0.6173795,0.4969153,0,0,0,0,0.5,0.25,0,0,0,0.723356,-0.6621131,0.6702873,0.3351437,0,0,0.25,0,-0.2500341,-0.2499789,0,-0.006438794,0.0002600254,0.3179801,-0.9902442,0.08553493,-0.1100013,1,0.75,0.75,0,-0.5000203,-0.5000111,0,-0.001545251,-0.001512468,0.3967245,-0.9032875,-0.2007532,-0.3791701,1,1,1,0,-0.2500193,-0.5000105,0,-0.0003099443,-0.0005468728,0.3812516,-0.9191473,0.07941059,-0.3858268,1,0.75,1,0,4.55695E-06,-1.062269E-05,0,-0.0004874117,-0.003198776,0.3854939,-0.9147437,0.3613854,0.1806781,1,0.5,0.5,0,0.25,0,0,0,0,0.5032946,-0.8073401,0.5681282,0.1594746,0,0.25,0.5,0,0.5,0,0,0,0,0.663658,-0.6960808,0.7046744,0.1374974,0,0,0.5,0,-3.935323E-05,-0.2500157,0,0.0004561252,-0.0005796554,0.3755442,-0.9251389,0.365442,-0.1028112,1,0.5,0.75,0,2.423785E-05,-0.4999944,0,0.0005764805,0.0003948809,0.4349394,-0.8663663,0.3422941,-0.363654,1,0.5,1,0,0.25,-0.25,0,0,0,0.4945351,-0.8144509,0.5731321,-0.09049455,0,0.25,0.75,0,0.5,-0.25,0,0,0,0.6561142,-0.7006228,0.7092724,-0.07784698,0,0,0.75,0,0.25,-0.5,0,0,0,0.5471867,-0.773501,0.5443155,-0.3246794,0,0.25,1,0,0.5,-0.5,0,0,0,0.7017071,-0.6740411,0.6823626,-0.2829309,0,0,1
225,0,-0.2500086,0.4999518,0,0.0009730462,-0.00778437,0.5471557,-0.7735239,0.06683954,0.6302327,1,0.75,0,0,-0.4999339,0.2499912,0,0.0009715561,0.0003732742,0.4255101,-0.8751931,-0.194416,0.4429894,1,1,0.25,0,-0.4999902,0.4999546,0,0.002452732,-0.00115037,0.5602058,-0.7640026,-0.1697691,0.6224778,1,1,0,0,-0.2499848,0.2500411,0,0.00287071,0.0007987025,0.410569,-0.8895537,0.07689171,0.4503131,1,0.75,0.25,0,5.029397E-05,0.4999683,0,0.005719965,6.705525E-05,0.5927444,-0.741253,0.2928867,0.6039549,1,0.5,0,0,-0.4999186,-6.096055E-05,0,0.003908576,0.0006320442,0.3450155,-0.9585623,-0.2129176,0.1892735,1,1,0.5,0,5.323092E-05,0.2499149,0,0.003343505,-0.005380067,0.4625821,-0.8414866,0.3324945,0.4258493,1,0.5,0.25,0,0.25,0.5,0,0,0,0.6902101,-0.6805521,0.478907,0.5545239,0,0.25,0,0,-0.2500044,1.182069E-05,0,-0.0003032387,-0.0003287875,0.3286152,-0.9775346,0.08447304,0.1931075,1,0.75,0.5,0,-0.4999251,-0.2500131,0,0.00433624,-0.0007577243,0.3346109,-0.9705121,-0.2155797,-0.1078504,1,1,0.75,0,0.25,0.25,0,0,0,0.5719608,-0.7556247,0.5317358,0.3824767,0,0.25,0.25,0,0.5,0.5,0,0,0,0.8281943,-0.6098505,0.6173795,0.4969153,0,0,0,0,0.5,0.25,0,0,0,0.723356,-0.6621131,0.6702873,0.3351437,0,0,0.25,0,-0.2499689,-0.2499777,0,0.003262611,6.034973E-05,0.3179855,-0.9902375,0.08561413,-0.1099991,1,0.75,0.75,0,-0.4999891,-0.4999966,0,0.001561642,0.0007227066,0.3967128,-0.9032993,-0.200721,-0.3791589,1,1,1,0,-0.2499282,-0.4999969,0,0.004555287,0.0006809834,0.3812536,-0.9191452,0.0795138,-0.3858105,1,0.75,1,0,4.340645E-05,2.216633E-05,0,0.001942476,0.001639452,0.3855139,-0.9147231,0.3614211,0.1807111,1,0.5,0.5,0,0.25,0,0,0,0,0.5032946,-0.8073401,0.5681282,0.1594746,0,0.25,0.5,0,0.5,0,0,0,0,0.663658,-0.6960808,0.7046744,0.1374974,0,0,0.5,0,-2.165515E-05,-0.2500273,0,0.0008849045,-0.0005796554,0.3755519,-0.9251308,0.365459,-0.1028235,1,0.5,0.75,0,1.324044E-05,-0.499979,0,-0.0005498706,0.0007689002,0.4349301,-0.866375,0.3422857,-0.3636411,1,0.5,1,0,0.25,-0.25,0,0,0,0.4945351,-0.8144509,0.5731321,-0.09049455,0,0.25,0.75,0,0.5,-0.25,0,0,0,0.6561142,-0.7006228,0.7092724,-0.07784698,0,0,0.75,0,0.25,-0.5,0,0,0,0.5471867,-0.773501,0.5443155,-0.3246794,0,0.25,1,0,0.5,-0.5,0,0,0,0.7017071,-0.6740411,0.6823626,-0.2829309,0,0,1
226,0,-0.2500229,0.5000582,0,-0.000715256,0.005319717,0.5472218,-0.7734751,0.06682166,0.6302945,1,0.75,0,0,-0.4999791,0.2500255,0,-0.002257527,0.001715869,0.4255341,-0.8751704,-0.1944597,0.443015,1,1,0.25,0,-0.4999997,0.4999772,0,-0.000472367,0.001129508,0.5602216,-0.7639912,-0.1697755,0.6224899,1,1,0,0,-0.2500222,0.2499835,0,-0.001869351,-0.002882631,0.4105401,-0.8895819,0.07685309,0.450264,1,0.75,0.25,0,3.062061E-05,0.4999314,0,-0.0009836684,-0.001844764,0.5927163,-0.741272,0.2928762,0.6039366,1,0.5,0,0,-0.4999445,2.179469E-06,0,-0.001293421,0.003157002,0.345033,-0.9585425,-0.2129438,0.1893443,1,1,0.5,0,1.129885E-06,0.2499885,0,-0.002605053,0.003679843,0.4625961,-0.8414744,0.3324355,0.4259195,1,0.5,0.25,0,0.25,0.5,0,0,0,0.6902101,-0.6805521,0.478907,0.5545239,0,0.25,0,0,-0.2500158,3.449594E-05,0,-0.0005722048,0.001133763,0.3286186,-0.9775305,0.08445887,0.1931341,1,0.75,0.5,0,-0.4999481,-0.2500536,0,-0.00115037,-0.002022088,0.3346202,-0.9705012,-0.2156048,-0.1078977,1,1,0.75,0,0.25,0.25,0,0,0,0.5719608,-0.7556247,0.5317358,0.3824767,0,0.25,0.25,0,0.5,0.5,0,0,0,0.8281943,-0.6098505,0.6173795,0.4969153,0,0,0,0,0.5,0.25,0,0,0,0.723356,-0.6621131,0.6702873,0.3351437,0,0,0.25,0,-0.2499572,-0.2499675,0,0.0005841258,0.00051111,0.3179854,-0.9902377,0.08562843,-0.1099866,1,0.75,0.75,0,-0.5000036,-0.5000148,0,-0.0007241967,-0.0009074811,0.3967226,-0.9032894,-0.200735,-0.379175,1,1,1,0,-0.2500318,-0.4999933,0,-0.005182626,0.000178814,0.381244,-0.9191552,0.07939704,-0.3858106,1,0.75,1,0,2.184689E-05,-2.284375E-05,0,-0.001077978,-0.002250505,0.385498,-0.9147395,0.3614032,0.1806635,1,0.5,0.5,0,0.25,0,0,0,0,0.5032946,-0.8073401,0.5681282,0.1594746,0,0.25,0.5,0,0.5,0,0,0,0,0.663658,-0.6960808,0.7046744,0.1374974,0,0,0.5,0,-2.168038E-05,-0.2500336,0,-1.261742E-06,-0.0003129245,0.3755525,-0.9251302,0.3654588,-0.1028306,1,0.5,0.75,0,-5.185201E-05,-0.5000547,0,-0.003254624,-0.003783406,0.4349353,-0.8663701,0.3422142,-0.3637201,1,0.5,1,0,0.25,-0.25,0,0,0,0.4945351,-0.8144509,0.5731321,-0.09049455,0,0.25,0.75,0,0.5,-0.25,0,0,0,0.6561142,-0.7006228,0.7092724,-0.07784698,0,0,0.75,0,0.25,-0.5,0,0,0,0.5471867,-0.773501,0.5443155,-0.3246794,0,0.25,1,0,0.5,-0.5,0,0,0,0.7017071,-0.6740411,0.6823626,-0.2829309,0,0,1
227,0,-0.249987,0.5000265,0,0.001796336,-0.001582504,0.5472043,-0.773488,0.06685709,0.6302749,1,0.75,0,0,-0.4999612,0.2500293,0,0.00089407,0.0001877547,0.4255323,-0.8751721,-0.1944408,0.44302,1,1,0.25,0,-0.5000601,0.5000073,0,-0.003020467,0.001505018,0.5602505,-0.7639704,-0.1698279,0.6225012,1,1,0,0,-0.2499667,0.2500481,0,0.002776087,0.003231318,0.4105735,-0.8895493,0.07691125,0.4503185,1,0.75,0.25,0,-3.130652E-05,0.5000188,0,-0.003096358,0.004370512,0.592751,-0.7412484,0.2928103,0.6039974,1,0.5,0,0,-0.4999523,-1.109394E-06,0,-0.0003874303,-0.0001644432,0.345034,-0.9585413,-0.2129527,0.1893402,1,1,0.5,0,-2.014055E-06,0.2499859,0,-0.0001571971,-0.000127405,0.462594,-0.8414763,0.332433,0.4259179,1,0.5,0.25,0,0.25,0.5,0,0,0,0.6902101,-0.6805521,0.478907,0.5545239,0,0.25,0,0,-0.2499707,-4.381156E-06,0,0.002253802,-0.001943856,0.328615,-0.9775349,0.08451365,0.193088,1,0.75,0.5,0,-0.4999619,-0.2499032,0,-0.0006884339,0.007521364,0.334607,-0.9705167,-0.2156247,-0.1077192,1,1,0.75,0,0.25,0.25,0,0,0,0.5719608,-0.7556247,0.5317358,0.3824767,0,0.25,0.25,0,0.5,0.5,0,0,0,0.8281943,-0.6098505,0.6173795,0.4969153,0,0,0,0,0.5,0.25,0,0,0,0.723356,-0.6621131,0.6702873,0.3351437,0,0,0.25,0,-0.250018,-0.2499359,0,-0.003039093,0.001578034,0.3179768,-0.9902481,0.08555502,-0.1099492,1,0.75,0.75,0,-0.5000207,-0.4999615,0,-0.000855327,0.002662839,0.3967058,-0.9033063,-0.2007578,-0.3791227,1,1,1,0,-0.2499444,-0.4999566,0,0.004372003,0.001832844,0.3812368,-0.9191627,0.07949691,-0.3857722,1,0.75,1,0,7.098744E-05,1.993964E-05,0,0.002457028,0.002139171,0.3855235,-0.9147131,0.3614483,0.1807066,1,0.5,0.5,0,0.25,0,0,0,0,0.5032946,-0.8073401,0.5681282,0.1594746,0,0.25,0.5,0,0.5,0,0,0,0,0.663658,-0.6960808,0.7046744,0.1374974,0,0,0.5,0,4.753666E-05,-0.2500188,0,0.003460853,0.0007390979,0.3755763,-0.925105,0.3655279,-0.1028109,1,0.5,0.75,0,2.080648E-05,-0.5000051,0,0.003632926,0.002479554,0.4349421,-0.8663638,0.3422894,-0.3636644,1,0.5,1,0,0.25,-0.25,0,0,0,0.4945351,-0.8144509,0.5731321,-0.09049455,0,0.25,0.75,0,0.5,-0.25,0,0,0,0.6561142,-0.7006228,0.7092724,-0.07784698,0,0,0.75,0,0.25,-0.5,0,0,0,0.5471867,-0.773501,0.5443155,-0.3246794,0,0.25,1,0,0.5,-0.5,0,0,0,0.7017071,-0.6740411,0.6823626,-0.2829309,0,0,1
228,0,-0.2499811,0.5000657,0,0.0002913178,0.001958013,0.5472293,-0.7734696,0.06686106,0.6302972,1,0.75,0,0,-0.5000259,0.2500812,0,-0.003236533,0.002594293,0.4255679,-0.8751384,-0.1945032,0.443059,1,1,0.25,0,-0.4999882,0.5001059,0,0.003595652,0.004929306,0.5602998,-0.7639349,-0.1697522,0.6225653,1,1,0,0,-0.2500006,0.2500743,0,-0.001697243,0.001308322,0.4105827,-0.8895403,0.07687319,0.4503427,1,0.75,0.25,0,1.990834E-05,0.5000671,0,0.002560744,0.002413989,0.5927951,-0.7412185,0.2928453,0.6040172,1,0.5,0,0,-0.5000386,4.080077E-05,0,-0.004315378,0.002095509,0.3450603,-0.9585114,-0.2130482,0.1893839,1,1,0.5,0,1.25424E-05,0.2500137,0,0.0007278231,0.001388044,0.4626107,-0.8414617,0.3324423,0.4259393,1,0.5,0.25,0,0.25,0.5,0,0,0,0.6902101,-0.6805521,0.478907,0.5545239,0,0.25,0,0,-0.2499982,6.308277E-05,0,-0.001373143,0.003373198,0.3286256,-0.9775223,0.08447942,0.1931669,1,0.75,0.5,0,-0.499963,-0.2499259,0,-5.513432E-05,-0.001136959,0.3346097,-0.9705135,-0.2156254,-0.1077461,1,1,0.75,0,0.25,0.25,0,0,0,0.5719608,-0.7556247,0.5317358,0.3824767,0,0.25,0.25,0,0.5,0.5,0,0,0,0.8281943,-0.6098505,0.6173795,0.4969153,0,0,0,0,0.5,0.25,0,0,0,0.723356,-0.6621131,0.6702873,0.3351437,0,0,0.25,0,-0.2499308,-0.2499645,0,0.004356356,-0.001429767,0.3179873,-0.9902354,0.08566044,-0.1099828,1,0.75,0.75,0,-0.4999519,-0.4999631,0,0.00344068,-8.04663E-05,0.3966926,-0.9033197,-0.200684,-0.3791301,1,1,1,0,-0.2499599,-0.4999356,0,-0.0007733706,0.001053513,0.3812274,-0.9191725,0.0794802,-0.3857524,1,0.75,1,0,-5.362638E-05,8.828196E-06,0,-0.006230694,-0.0005555723,0.3854764,-0.9147618,0.3613268,0.1807037,1,0.5,0.5,0,0.25,0,0,0,0,0.5032946,-0.8073401,0.5681282,0.1594746,0,0.25,0.5,0,0.5,0,0,0,0,0.663658,-0.6960808,0.7046744,0.1374974,0,0,0.5,0,-2.698707E-05,-0.2499302,0,-0.003726188,0.004427882,0.3755399,-0.9251434,0.3654579,-0.102714,1,0.5,0.75,0,6.269401E-05,-0.4999681,0,0.002094377,0.001850725,0.434943,-0.866363,0.3423339,-0.3636244,1,0.5,1,0,0.25,-0.25,0,0,0,0.4945351,-0.8144509,0.5731321,-0.09049455,0,0.25,0.75,0,0.5,-0.25,0,0,0,0.6561142,-0.7006228,0.7092724,-0.07784698,0,0,0.75,0,0.25,-0.5,0,0,0,0.5471867,-0.773501,0.5443155,-0.3246794,0,0.25,1,0,0.5,-0.5,0,0,0,0.7017071,-0.6740411,0.6823626,-0.2829309,0,0,1
229,0,-0.2499734,0.5000712,0,0.0003874303,0.0002741815,0.5472333,-0.7734666,0.0668682,0.6303,1,0.75,0,0,-0.4999177,0.2501504,0,0.005409124,0.003464521,0.4255775,-0.8751293,-0.1943843,0.4431292,1,1,0.25,0,-0.4999369,0.5000892,0,0.002561511,-0.0008314851,0.5602807,-0.7639487,-0.1697069,0.6225609,1,1,0,0,-0.2499944,0.2500999,0,0.0003106893,0.00128001,0.4105947,-0.8895286,0.076879,0.4503649,1,0.75,0.25,0,5.434894E-05,0.5000508,0,0.00172203,-0.0008106235,0.5927955,-0.7412183,0.2928767,0.6040022,1,0.5,0,0,-0.5000147,0.0001074543,0,0.001195074,0.003332679,0.3450679,-0.9585029,-0.213018,0.1894611,1,1,0.5,0,1.54961E-05,0.2499981,0,0.000147685,-0.000778586,0.462605,-0.8414667,0.3324474,0.4259256,1,0.5,0.25,0,0.25,0.5,0,0,0,0.6902101,-0.6805521,0.478907,0.5545239,0,0.25,0,0,-0.2500186,5.628628E-05,0,-0.00102222,-0.0003398246,0.3286226,-0.9775259,0.08445506,0.1931594,1,0.75,0.5,0,-0.5000055,-0.2499667,0,-0.002123416,-0.00204146,0.3346233,-0.9704977,-0.2156727,-0.1077932,1,1,0.75,0,0.25,0.25,0,0,0,0.5719608,-0.7556247,0.5317358,0.3824767,0,0.25,0.25,0,0.5,0.5,0,0,0,0.8281943,-0.6098505,0.6173795,0.4969153,0,0,0,0,0.5,0.25,0,0,0,0.723356,-0.6621131,0.6702873,0.3351437,0,0,0.25,0,-0.2500027,-0.2499362,0,-0.003594907,0.001413376,0.3179781,-0.9902466,0.0855735,-0.1099495,1,0.75,0.75,0,-0.4999327,-0.4999404,0,0.0009596352,0.001138449,0.3966801,-0.9033322,-0.2006654,-0.37911,1,1,1,0,-0.2499733,-0.4999735,0,-0.0006742778,-0.001896919,0.381241,-0.9191583,0.07946368,-0.3857895,1,0.75,1,0,1.679331E-05,3.544324E-05,0,0.003520986,0.001330753,0.3855067,-0.9147305,0.361394,0.1807275,1,0.5,0.5,0,0.25,0,0,0,0,0.5032946,-0.8073401,0.5681282,0.1594746,0,0.25,0.5,0,0.5,0,0,0,0,0.663658,-0.6960808,0.7046744,0.1374974,0,0,0.5,0,-5.652123E-05,-0.2499848,0,-0.001476709,-0.002728404,0.3755347,-0.9251489,0.3654264,-0.102777,1,0.5,0.75,0,3.686751E-05,-0.4999794,0,-0.001291326,-0.0005662444,0.4349383,-0.8663673,0.342308,-0.3636384,1,0.5,1,0,0.25,-0.25,0,0,0,0.4945351,-0.8144509,0.5731321,-0.09049455,0,0.25,0.75,0,0.5,-0.25,0,0,0,0.6561142,-0.7006228,0.7092724,-0.07784698,0,0,0.75,0,0.25,-0.5,0,0,0,0.5471867,-0.773501,0.5443155,-0.3246794,0,0.25,1,0,0.5,-0.5,0,0,0,0.7017071,-0.6740411,0.6823626,-0.2829309,0,0,1
230,0,-0.2499436,0.4999512,0,0.001491607,-0.00599772,0.5471598,-0.7735209,0.06690139,0.6302297,1,0.75,0,0,-0.4999894,0.2500811,0,-0.00358075,-0.003467502,0.4255607,-0.8751452,-0.1944652,0.4430623,1,1,0.25,0,-0.4999678,0.5000798,0,-0.001542271,-0.0004738571,0.56028,-0.7639492,-0.1697361,0.6225523,1,1,0,0,-0.2499785,0.2500437,0,0.0007934871,-0.00280887,0.4105706,-0.8895521,0.07689846,0.4503151,1,0.75,0.25,0,9.052761E-05,0.5000392,0,0.001808934,-0.0005841258,0.5927991,-0.7412159,0.2929089,0.6039895,1,0.5,0,0,-0.4999398,3.880344E-05,0,0.003744663,-0.003432546,0.3450389,-0.9585358,-0.2129367,0.1893863,1,1,0.5,0,2.599587E-05,0.2500183,0,0.0005249887,0.001008064,0.4626171,-0.8414561,0.3324541,0.4259412,1,0.5,0.25,0,0.25,0.5,0,0,0,0.6902101,-0.6805521,0.478907,0.5545239,0,0.25,0,0,-0.2500042,-1.573061E-05,0,0.0007197264,-0.003600846,0.3286099,-0.9775409,0.08447372,0.1930755,1,0.75,0.5,0,-0.4999972,-0.2499036,0,0.0004142525,0.003154577,0.3346147,-0.9705077,-0.215665,-0.1077187,1,1,0.75,0,0.25,0.25,0,0,0,0.5719608,-0.7556247,0.5317358,0.3824767,0,0.25,0.25,0,0.5,0.5,0,0,0,0.8281943,-0.6098505,0.6173795,0.4969153,0,0,0,0,0.5,0.25,0,0,0,0.723356,-0.6621131,0.6702873,0.3351437,0,0,0.25,0,-0.2499456,-0.2499821,0,0.002859534,-0.00229329,0.317988,-0.9902346,0.08564238,-0.1100042,1,0.75,0.75,0,-0.5000204,-0.4999508,0,-0.004385414,-0.0005200508,0.3967016,-0.9033105,-0.2007584,-0.3791125,1,1,1,0,-0.2500278,-0.4999911,0,-0.002724678,-0.0008791689,0.3812435,-0.9191558,0.07940162,-0.3858083,1,0.75,1,0,3.065783E-05,3.230401E-06,0,0.0006932262,-0.001610643,0.3855059,-0.9147314,0.36141,0.1806913,1,0.5,0.5,0,0.25,0,0,0,0,0.5032946,-0.8073401,0.5681282,0.1594746,0,0.25,0.5,0,0.5,0,0,0,0,0.663658,-0.6960808,0.7046744,0.1374974,0,0,0.5,0,-5.248982E-05,-0.2499427,0,0.0002015703,0.00210181,0.3755319,-0.9251519,0.3654321,-0.1027293,1,0.5,0.75,0,3.091569E-05,-0.499983,0,-0.0002975908,-0.0001803041,0.4349375,-0.8663681,0.3423019,-0.3636425,1,0.5,1,0,0.25,-0.25,0,0,0,0.4945351,-0.8144509,0.5731321,-0.09049455,0,0.25,0.75,0,0.5,-0.25,0,0,0,0.6561142,-0.7006228,0.7092724,-0.07784698,0,0,0.75,0,0.25,-0.5,0,0,0,0.5471867,-0.773501,0.5443155,-0.3246794,0,0.25,1,0,0.5,-0.5,0,0,0,0.7017071,-0.6740411,0.6823626,-0.2829309,0,0,1
231,0,-0.2499854,0.4999886,0,-0.002094359,0.001871587,0.5471805,-0.7735056,0.06686006,0.630253,1,0.75,0,0,-0.4999488,0.2499736,0,0.002029539,-0.005375596,0.4255052,-0.8751976,-0.194433,0.4429727,1,1,0.25,0,-0.4998666,0.5000165,0,0.005060436,-0.003165008,0.5602235,-0.7639899,-0.1696497,0.6225258,1,1,0,0,-0.2499858,0.24998,0,-0.0003650786,-0.003185869,0.4105414,-0.8895807,0.07689291,0.4502596,1,0.75,0.25,0,6.704658E-05,0.4999714,0,-0.001174052,-0.003388525,0.5927511,-0.7412484,0.2929002,0.603954,1,0.5,0,0,-0.5000282,8.001572E-06,0,-0.004421176,-0.001540094,0.3450519,-0.958521,-0.213038,0.189347,1,1,0.5,0,2.322335E-05,0.2499829,0,-0.0001386261,-0.001768769,0.4626011,-0.8414701,0.3324567,0.4259115,1,0.5,0.25,0,0.25,0.5,0,0,0,0.6902101,-0.6805521,0.478907,0.5545239,0,0.25,0,0,-0.2500581,-3.328607E-05,0,-0.002694131,-0.0008777733,0.328602,-0.9775502,0.08440951,0.1930562,1,0.75,0.5,0,-0.5000064,-0.2500311,0,-0.0004589559,-0.006375464,0.3346304,-0.9704894,-0.215672,-0.1078695,1,1,0.75,0,0.25,0.25,0,0,0,0.5719608,-0.7556247,0.5317358,0.3824767,0,0.25,0.25,0,0.5,0.5,0,0,0,0.8281943,-0.6098505,0.6173795,0.4969153,0,0,0,0,0.5,0.25,0,0,0,0.723356,-0.6621131,0.6702873,0.3351437,0,0,0.25,0,-0.2499647,-0.2500153,0,-0.0009596352,-0.001660735,0.3179901,-0.9902321,0.0856187,-0.1100445,1,0.75,0.75,0,-0.5000081,-0.5000625,0,0.0006139281,-0.005584958,0.3967416,-0.9032702,-0.2007358,-0.3792202,1,1,1,0,-0.2500171,-0.5000529,0,0.0005379322,-0.003091992,0.3812682,-0.91913,0.0794116,-0.3858677,1,0.75,1,0,8.340152E-07,1.492286E-06,0,-0.001491191,-8.69058E-05,0.3854948,-0.9147428,0.3613808,0.1806916,1,0.5,0.5,0,0.25,0,0,0,0,0.5032946,-0.8073401,0.5681282,0.1594746,0,0.25,0.5,0,0.5,0,0,0,0,0.663658,-0.6960808,0.7046744,0.1374974,0,0,0.5,0,-1.474169E-05,-0.2500178,0,0.001887407,-0.003750624,0.3755534,-0.9251292,0.3654663,-0.1028124,1,0.5,0.75,0,5.915193E-06,-0.4999613,0,-0.001250025,0.001087785,0.4349211,-0.8663833,0.3422812,-0.3636256,1,0.5,1,0,0.25,-0.25,0,0,0,0.4945351,-0.8144509,0.5731321,-0.09049455,0,0.25,0.75,0,0.5,-0.25,0,0,0,0.6561142,-0.7006228,0.7092724,-0.07784698,0,0,0.75,0,0.25,-0.5,0,0,0,0.5471867,-0.773501,0.5443155,-0.3246794,0,0.25,1,0,0.5,-0.5,0,0,0,0.7017071,-0.6740411,0.6823626,-0.2829309,0,0,1
232,0,-0.2499643,0.4999373,0,0.001059473,-0.002565981,0.5471495,-0.7735285,0.06688228,0.6302226,1,0.75,0,0,-0.5000194,0.2499487,0,-0.003533067,-0.001242757,0.425508,-0.8751951,-0.1945088,0.4429446,1,1,0.25,0,-0.4999587,0.5000114,0,-0.004607441,-0.0002533198,0.560236,-0.7639809,-0.1697346,0.6225137,1,1,0,0,-0.25,0.2499825,0,-0.0007107857,0.0001251698,0.4105414,-0.8895806,0.0768773,0.4502623,1,0.75,0.25,0,2.990924E-05,0.4999346,0,-0.001856868,-0.001840294,0.5927181,-0.7412708,0.2928751,0.6039385,1,0.5,0,0,-0.5000316,-5.837152E-05,0,-0.0001698733,-0.003318656,0.3450401,-0.9585344,-0.213045,0.1892711,1,1,0.5,0,4.952003E-05,0.2499811,0,0.001314835,-9.089712E-05,0.4626091,-0.8414631,0.3324813,0.4259061,1,0.5,0.25,0,0.25,0.5,0,0,0,0.6902101,-0.6805521,0.478907,0.5545239,0,0.25,0,0,-0.2500051,-7.355197E-05,0,0.002649427,-0.002013296,0.3285987,-0.9775541,0.08447379,0.1930083,1,0.75,0.5,0,-0.4999039,-0.2501583,0,0.005126001,-0.006356838,0.334622,-0.9704992,-0.2155513,-0.1080229,1,1,0.75,0,0.25,0.25,0,0,0,0.5719608,-0.7556247,0.5317358,0.3824767,0,0.25,0.25,0,0.5,0.5,0,0,0,0.8281943,-0.6098505,0.6173795,0.4969153,0,0,0,0,0.5,0.25,0,0,0,0.723356,-0.6621131,0.6702873,0.3351437,0,0,0.25,0,-0.2499562,-0.2500229,0,0.0004261734,-0.0003784896,0.3179916,-0.9902302,0.08562896,-0.1100536,1,0.75,0.75,0,-0.4999017,-0.5001274,0,0.005319717,-0.003248455,0.3967448,-0.903267,-0.2006164,-0.3792912,1,1,1,0,-0.2499946,-0.5000287,0,0.001125783,0.001212955,0.3812606,-0.9191378,0.07943783,-0.3858435,1,0.75,1,0,1.820305E-05,-2.545657E-05,0,0.000868452,-0.001347443,0.3854962,-0.9147413,0.3613999,0.1806609,1,0.5,0.5,0,0.25,0,0,0,0,0.5032946,-0.8073401,0.5681282,0.1594746,0,0.25,0.5,0,0.5,0,0,0,0,0.663658,-0.6960808,0.7046744,0.1374974,0,0,0.5,0,-2.331316E-05,-0.2500139,0,-0.0004285735,0.0001952053,0.3755499,-0.9251329,0.365458,-0.1028084,1,0.5,0.75,0,3.209036E-05,-0.5000131,0,0.001308759,-0.002588333,0.4349489,-0.8663576,0.342299,-0.3636702,1,0.5,1,0,0.25,-0.25,0,0,0,0.4945351,-0.8144509,0.5731321,-0.09049455,0,0.25,0.75,0,0.5,-0.25,0,0,0,0.6561142,-0.7006228,0.7092724,-0.07784698,0,0,0.75,0,0.25,-0.5,0,0,0,0.5471867,-0.773501,0.5443155,-0.3246794,0,0.25,1,0,0.5,-0.5,0,0,0,0.7017071,-0.6740411,0.6823626,-0.2829309,0,0,1
233,0,-0.25004,0.4998356,0,-0.003785641,-0.005084278,0.5470804,-0.7735796,0.06681438,0.6301671,1,0.75,0,0,-0.4999708,0.2499295,0,0.00243038,-0.0009626154,0.42549,-0.8752121,-0.1944601,0.4429324,1,1,0.25,0,-0.5000355,0.4999172,0,-0.003837051,-0.004707279,0.5601903,-0.7640138,-0.1698143,0.6224517,1,1,0,0,-0.2500122,0.2499475,0,-0.0006064775,-0.001750142,0.4105247,-0.889597,0.07686539,0.4502321,1,0.75,0.25,0,1.801557E-05,0.4999976,0,-0.0005946838,0.003148617,0.5927527,-0.7412473,0.2928549,0.6039771,1,0.5,0,0,-0.4999484,-0.0001116702,0,0.004157426,-0.002664936,0.3450122,-0.958566,-0.2129537,0.1892142,1,1,0.5,0,1.862101E-05,0.2499416,0,-0.001544952,-0.001973659,0.462582,-0.8414868,0.3324586,0.4258771,1,0.5,0.25,0,0.25,0.5,0,0,0,0.6902101,-0.6805521,0.478907,0.5545239,0,0.25,0,0,-0.2499518,-8.811365E-05,0,0.002668054,-0.0007280842,0.3286003,-0.9775521,0.08453801,0.1929904,1,0.75,0.5,0,-0.4999165,-0.2500257,0,-0.0006303194,0.006626549,0.3346105,-0.9705126,-0.2155694,-0.1078656,1,1,0.75,0,0.25,0.25,0,0,0,0.5719608,-0.7556247,0.5317358,0.3824767,0,0.25,0.25,0,0.5,0.5,0,0,0,0.8281943,-0.6098505,0.6173795,0.4969153,0,0,0,0,0.5,0.25,0,0,0,0.723356,-0.6621131,0.6702873,0.3351437,0,0,0.25,0,-0.2499095,-0.2500735,0,0.002337248,-0.002530218,0.3180012,-0.9902186,0.08568511,-0.1101141,1,0.75,0.75,0,-0.4999081,-0.5000775,0,-0.0003203751,0.002497436,0.3967272,-0.9032847,-0.2006275,-0.379243,1,1,1,0,-0.250011,-0.5000266,0,-0.0008203093,0.0001043082,0.3812585,-0.9191401,0.0794194,-0.3858421,1,0.75,1,0,2.076974E-05,2.155545E-05,0,0.0001283346,0.002350602,0.3855056,-0.9147316,0.3613989,0.1807121,1,0.5,0.5,0,0.25,0,0,0,0,0.5032946,-0.8073401,0.5681282,0.1594746,0,0.25,0.5,0,0.5,0,0,0,0,0.663658,-0.6960808,0.7046744,0.1374974,0,0,0.5,0,-3.805007E-05,-0.2499945,0,-0.0007368456,0.0009693209,0.3755425,-0.9251407,0.3654442,-0.1027871,1,0.5,0.75,0,4.722837E-05,-0.4999549,0,0.000756901,0.002908708,0.4349329,-0.8663723,0.3423211,-0.3636142,1,0.5,1,0,0.25,-0.25,0,0,0,0.4945351,-0.8144509,0.5731321,-0.09049455,0,0.25,0.75,0,0.5,-0.25,0,0,0,0.6561142,-0.7006228,0.7092724,-0.07784698,0,0,0.75,0,0.25,-0.5,0,0,0,0.5471867,-0.773501,0.5443155,-0.3246794,0,0.25,1,0,0.5,-0.5,0,0,0,0.7017071,-0.6740411,0.6823626,-0.2829309,0,0,1
234,0,-0.2500413,0.4998693,0,-6.854537E-05,0.001682342,0.5471016,-0.7735639,0.06681172,0.6301865,1,0.75,0,0,-0.5000117,0.2499515,0,-0.00204295,0.001100451,0.4255077,-0.8751953,-0.1945005,0.4429477,1,1,0.25,0,-0.5000302,0.499882,0,0.0002652408,-0.001764298,0.5601674,-0.7640303,-0.169813,0.6224318,1,1,0,0,-0.2500224,0.2499768,0,-0.0005096199,0.001464785,0.4105371,-0.8895848,0.07685314,0.4502582,1,0.75,0.25,0,1.784192E-05,0.5000047,0,-8.682404E-06,0.000357628,0.5927569,-0.7412445,0.2928537,0.6039813,1,0.5,0,0,-0.5000269,-8.325316E-05,0,-0.003924967,0.001420854,0.3450344,-0.9585409,-0.213041,0.1892429,1,1,0.5,0,2.320986E-05,0.250002,0,0.0002294427,0.003019721,0.4626092,-0.841463,0.3324539,0.4259278,1,0.5,0.25,0,0.25,0.5,0,0,0,0.6902101,-0.6805521,0.478907,0.5545239,0,0.25,0,0,-0.2499703,-3.664671E-05,0,-0.0009275976,0.002573348,0.3286088,-0.9775422,0.08451477,0.1930505,1,0.75,0.5,0,-0.499963,-0.249983,0,-0.002326072,0.002136082,0.3346159,-0.9705063,-0.2156237,-0.1078137,1,1,0.75,0,0.25,0.25,0,0,0,0.5719608,-0.7556247,0.5317358,0.3824767,0,0.25,0.25,0,0.5,0.5,0,0,0,0.8281943,-0.6098505,0.6173795,0.4969153,0,0,0,0,0.5,0.25,0,0,0,0.723356,-0.6621131,0.6702873,0.3351437,0,0,0.25,0,-0.2499942,-0.2500163,0,-0.004238637,0.002858044,0.3179876,-0.990235,0.08558289,-0.1100461,1,0.75,0.75,0,-0.4999625,-0.5000311,0,-0.002717973,0.002321602,0.3967205,-0.9032915,-0.2006896,-0.3791941,1,1,1,0,-0.2500286,-0.5000075,0,-0.0008791689,0.0009536747,0.3812497,-0.9191492,0.07940024,-0.3858243,1,0.75,1,0,-2.7742E-05,4.769849E-06,0,-0.002425588,-0.0008392803,0.3854851,-0.9147529,0.3613525,0.1806973,1,0.5,0.5,0,0.25,0,0,0,0,0.5032946,-0.8073401,0.5681282,0.1594746,0,0.25,0.5,0,0.5,0,0,0,0,0.663658,-0.6960808,0.7046744,0.1374974,0,0,0.5,0,-2.599341E-05,-0.2500284,0,0.0006028333,-0.001697988,0.3755504,-0.9251324,0.3654547,-0.102825,1,0.5,0.75,0,2.07404E-06,-0.4999524,0,-0.002257718,0.0001221896,0.4349166,-0.8663875,0.3422787,-0.363618,1,0.5,1,0,0.25,-0.25,0,0,0,0.4945351,-0.8144509,0.5731321,-0.09049455,0,0.25,0.75,0,0.5,-0.25,0,0,0,0.6561142,-0.7006228,0.7092724,-0.07784698,0,0,0.75,0,0.25,-0.5,0,0,0,0.5471867,-0.773501,0.5443155,-0.3246794,0,0.25,1,0,0.5,-0.5,0,0,0,0.7017071,-0.6740411,0.6823626,-0.2829309,0,0,1
235,0,-0.2500174,0.4999693,0,0.001198054,0.005000832,0.5471662,-0.7735162,0.06683048,0.6302431,1,0.75,0,0,-0.5000199,0.2500093,0,-0.0004112722,0.002892317,0.4255349,-0.8751696,-0.1945037,0.4429972,1,1,0.25,0,-0.4999858,0.5000094,0,0.002220274,0.006370249,0.5602392,-0.7639785,-0.1697596,0.6225099,1,1,0,0,-0.2500299,0.2500092,0,-0.0003769995,0.001620502,0.4105511,-0.8895711,0.07684368,0.4502868,1,0.75,0.25,0,1.219051E-06,0.5000066,0,-0.0008311437,9.536747E-05,0.5927532,-0.741247,0.2928394,0.6039851,1,0.5,0,0,-0.4999931,3.917985E-05,0,0.001689792,0.006121653,0.3450503,-0.9585228,-0.212997,0.1893842,1,1,0.5,0,9.538677E-06,0.2500371,0,-0.0006835594,0.001755357,0.4626196,-0.8414539,0.3324361,0.4259597,1,0.5,0.25,0,0.25,0.5,0,0,0,0.6902101,-0.6805521,0.478907,0.5545239,0,0.25,0,0,-0.2500449,-3.479434E-05,0,-0.003729762,9.261825E-05,0.3286028,-0.9775492,0.08442535,0.1930541,1,0.75,0.5,0,-0.4999734,-0.2499657,0,-0.0005185606,0.0008642677,0.3346162,-0.9705059,-0.2156361,-0.107793,1,1,0.75,0,0.25,0.25,0,0,0,0.5719608,-0.7556247,0.5317358,0.3824767,0,0.25,0.25,0,0.5,0.5,0,0,0,0.8281943,-0.6098505,0.6173795,0.4969153,0,0,0,0,0.5,0.25,0,0,0,0.723356,-0.6621131,0.6702873,0.3351437,0,0,0.25,0,-0.2499816,-0.2499989,0,0.0006332996,0.0008702282,0.3179868,-0.990236,0.08559846,-0.1100249,1,0.75,0.75,0,-0.4999422,-0.4999273,0,0.001011789,0.005185606,0.3966771,-0.9033352,-0.2006768,-0.3790967,1,1,1,0,-0.2500277,-0.4999462,0,4.023315E-05,0.00306368,0.3812262,-0.9191738,0.07940327,-0.385765,1,0.75,1,0,8.427616E-06,2.335006E-05,0,0.001808482,0.0009290111,0.3855015,-0.9147359,0.3613867,0.1807149,1,0.5,0.5,0,0.25,0,0,0,0,0.5032946,-0.8073401,0.5681282,0.1594746,0,0.25,0.5,0,0.5,0,0,0,0,0.663658,-0.6960808,0.7046744,0.1374974,0,0,0.5,0,-4.84404E-05,-0.2499987,0,-0.00112235,0.001485646,0.3755391,-0.9251443,0.3654338,-0.1027923,1,0.5,0.75,0,-1.714032E-05,-0.5000183,0,-0.0009607187,-0.003293158,0.434934,-0.8663713,0.3422518,-0.3636816,1,0.5,1,0,0.25,-0.25,0,0,0,0.4945351,-0.8144509,0.5731321,-0.09049455,0,0.25,0.75,0,0.5,-0.25,0,0,0,0.6561142,-0.7006228,0.7092724,-0.07784698,0,0,0.75,0,0.25,-0.5,0,0,0,0.5471867,-0.773501,0.5443155,-0.3246794,0,0.25,1,0,0.5,-0.5,0,0,0,0.7017071,-0.6740411,0.6823626,-0.2829309,0,0,1
236,0,-0.2499549,0.5000306,0,0.00312552,0.00306666,0.547209,-0.7734845,0.06688744,0.6302759,1,0.75,0,0,-0.5000471,0.2500631,0,-0.001361967,0.002689661,0.425564,-0.8751421,-0.194527,0.4430414,1,1,0.25,0,-0.5000107,0.5000399,0,-0.001245738,0.001525879,0.5602624,-0.7639618,-0.1697794,0.622525,1,1,0,0,-0.2500498,0.2500697,0,-0.0009939078,0.003024937,0.4105768,-0.889546,0.07681968,0.4503406,1,0.75,0.25,0,-1.321557E-05,0.5000337,0,-0.0007217313,0.001353026,0.5927653,-0.7412388,0.292823,0.6040031,1,0.5,0,0,-0.5000418,0.0001129025,0,-0.002434851,0.003686134,0.3450747,-0.9584952,-0.2130485,0.189466,1,1,0.5,0,9.44563E-06,0.2499833,0,-4.65234E-06,-0.002691896,0.4625967,-0.8414739,0.332444,0.4259139,1,0.5,0.25,0,0.25,0.5,0,0,0,0.6902101,-0.6805521,0.478907,0.5545239,0,0.25,0,0,-0.2500302,4.293401E-05,0,0.0007346275,0.003886419,0.3286191,-0.97753,0.08444142,0.1931442,1,0.75,0.5,0,-0.4999617,-0.2499651,0,0.0005811455,3.427269E-05,0.3346136,-0.970509,-0.2156228,-0.1077925,1,1,0.75,0,0.25,0.25,0,0,0,0.5719608,-0.7556247,0.5317358,0.3824767,0,0.25,0.25,0,0.5,0.5,0,0,0,0.8281943,-0.6098505,0.6173795,0.4969153,0,0,0,0,0.5,0.25,0,0,0,0.723356,-0.6621131,0.6702873,0.3351437,0,0,0.25,0,-0.2499114,-0.2499391,0,0.00351146,0.002990664,0.3179862,-0.9902367,0.08568437,-0.1099519,1,0.75,0.75,0,-0.4999802,-0.4999608,0,-0.001899899,-0.001673401,0.3966974,-0.9033148,-0.2007146,-0.3791254,1,1,1,0,-0.2499892,-0.4999082,0,0.001926721,0.001902879,0.3812146,-0.9191859,0.07944805,-0.3857269,1,0.75,1,0,-1.520636E-05,6.722269E-05,0,-0.001181699,0.002193632,0.3855008,-0.9147366,0.3613602,0.1807646,1,0.5,0.5,0,0.25,0,0,0,0,0.5032946,-0.8073401,0.5681282,0.1594746,0,0.25,0.5,0,0.5,0,0,0,0,0.663658,-0.6960808,0.7046744,0.1374974,0,0,0.5,0,-8.355503E-06,-0.2499867,0,0.002004246,0.0005990269,0.3755525,-0.9251301,0.365474,-0.1027771,1,0.5,0.75,0,2.518745E-05,-0.4999846,0,0.002116389,0.001683832,0.4349362,-0.8663693,0.3422963,-0.3636447,1,0.5,1,0,0.25,-0.25,0,0,0,0.4945351,-0.8144509,0.5731321,-0.09049455,0,0.25,0.75,0,0.5,-0.25,0,0,0,0.6561142,-0.7006228,0.7092724,-0.07784698,0,0,0.75,0,0.25,-0.5,0,0,0,0.5471867,-0.773501,0.5443155,-0.3246794,0,0.25,1,0,0.5,-0.5,0,0,0,0.7017071,-0.6740411,0.6823626,-0.2829309,0,0,1
237,0,-0.2499821,0.5000635,0,-0.001360477,0.001642109,0.547228,-0.7734706,0.06686024,0.6302959,1,0.75,0,0,-0.4999587,0.2500339,0,0.004422667,-0.001461804,0.4255338,-0.8751706,-0.1944377,0.4430242,1,1,0.25,0,-0.4999342,0.5000777,0,0.003825129,0.001889468,0.5602731,-0.7639542,-0.1697055,0.6225544,1,1,0,0,-0.2499647,0.2500342,0,0.004252793,-0.001774729,0.4105674,-0.8895552,0.07691389,0.4503062,1,0.75,0.25,0,4.035716E-05,0.5000094,0,0.002678638,-0.001215935,0.5927663,-0.7412381,0.2928717,0.6039804,1,0.5,0,0,-0.4999608,9.433102E-05,0,0.004053117,-0.0009285748,0.3450539,-0.9585187,-0.2129578,0.1894487,1,1,0.5,0,5.940364E-05,0.2499931,0,0.002497902,0.0004887583,0.4626175,-0.8414558,0.3324887,0.4259148,1,0.5,0.25,0,0.25,0.5,0,0,0,0.6902101,-0.6805521,0.478907,0.5545239,0,0.25,0,0,-0.2499469,7.911585E-05,0,0.004167857,0.001809092,0.3286331,-0.9775135,0.08454059,0.1931846,1,0.75,0.5,0,-0.4999334,-0.2498643,0,0.001415611,0.00504032,0.3345967,-0.9705287,-0.2155933,-0.1076739,1,1,0.75,0,0.25,0.25,0,0,0,0.5719608,-0.7556247,0.5317358,0.3824767,0,0.25,0.25,0,0.5,0.5,0,0,0,0.8281943,-0.6098505,0.6173795,0.4969153,0,0,0,0,0.5,0.25,0,0,0,0.723356,-0.6621131,0.6702873,0.3351437,0,0,0.25,0,-0.2498903,-0.2499484,0,0.001055003,-0.0004656615,0.3179891,-0.9902333,0.08570988,-0.1099629,1,0.75,0.75,0,-0.5000139,-0.4998853,0,-0.001682342,0.003777446,0.3966755,-0.9033368,-0.200757,-0.3790505,1,1,1,0,-0.2499986,-0.4999185,0,-0.0004708769,-0.0005140902,0.3812178,-0.9191825,0.07943708,-0.3857372,1,0.75,1,0,5.37437E-05,-1.550787E-05,0,0.003447504,-0.00413653,0.3855108,-0.9147263,0.361434,0.1806691,1,0.5,0.5,0,0.25,0,0,0,0,0.5032946,-0.8073401,0.5681282,0.1594746,0,0.25,0.5,0,0.5,0,0,0,0,0.663658,-0.6960808,0.7046744,0.1374974,0,0,0.5,0,-4.842203E-05,-0.2499847,0,-0.002003327,0.0001035631,0.3755377,-0.9251458,0.3654344,-0.1027765,1,0.5,0.75,0,1.865045E-06,-0.5000221,0,-0.001166121,-0.001874567,0.4349418,-0.8663641,0.3422693,-0.3636827,1,0.5,1,0,0.25,-0.25,0,0,0,0.4945351,-0.8144509,0.5731321,-0.09049455,0,0.25,0.75,0,0.5,-0.25,0,0,0,0.6561142,-0.7006228,0.7092724,-0.07784698,0,0,0.75,0,0.25,-0.5,0,0,0,0.5471867,-0.773501,0.5443155,-0.3246794,0,0.25,1,0,0.5,-0.5,0,0,0,0.7017071,-0.6740411,0.6823626,-0.2829309,0,0,1
238,0,-0.2500071,0.5000068,0,-0.001252443,-0.002834202,0.5471905,-0.7734982,0.06683871,0.6302642,1,0.75,0,0,-0.4999472,0.2500528,0,0.0005736949,0.000944734,0.42554,-0.8751648,-0.194424,0.4430417,1,1,0.25,0,-0.4999447,0.5000059,0,-0.0005275013,-0.003588201,0.5602301,-0.7639851,-0.1697223,0.6225119,1,1,0,0,-0.2499841,0.250081,0,-0.0009685759,0.002342463,0.410587,-0.8895361,0.07689096,0.450348,1,0.75,0.25,0,1.535622E-05,0.4999826,0,-0.001250048,-0.001339615,0.5927428,-0.741254,0.2928551,0.6039688,1,0.5,0,0,-0.4999818,6.84362E-06,0,-0.001049042,-0.004374371,0.3450418,-0.9585325,-0.2129856,0.1893478,1,1,0.5,0,1.955403E-05,0.2499674,0,-0.001992482,-0.001283736,0.4625933,-0.8414769,0.3324556,0.4258989,1,0.5,0.25,0,0.25,0.5,0,0,0,0.6902101,-0.6805521,0.478907,0.5545239,0,0.25,0,0,-0.2500467,3.980148E-05,0,-0.004993381,-0.001965719,0.328617,-0.9775324,0.0844217,0.1931408,1,0.75,0.5,0,-0.5000255,-0.2498974,0,-0.00460148,-0.00165552,0.3346201,-0.9705014,-0.2156975,-0.1077105,1,1,0.75,0,0.25,0.25,0,0,0,0.5719608,-0.7556247,0.5317358,0.3824767,0,0.25,0.25,0,0.5,0.5,0,0,0,0.8281943,-0.6098505,0.6173795,0.4969153,0,0,0,0,0.5,0.25,0,0,0,0.723356,-0.6621131,0.6702873,0.3351437,0,0,0.25,0,-0.250001,-0.2499623,0,-0.005536529,-0.0006921592,0.3179811,-0.9902429,0.08557533,-0.1099809,1,0.75,0.75,0,-0.5000032,-0.4999362,0,0.000536442,-0.002546609,0.3966927,-0.9033195,-0.2007412,-0.3791,1,1,1,0,-0.2499942,-0.4999088,0,0.0002212823,0.0004842879,0.3812144,-0.9191861,0.0794424,-0.3857277,1,0.75,1,0,-1.512213E-05,2.511989E-05,0,-0.003443293,0.002031389,0.3854933,-0.9147444,0.3613634,0.1807186,1,0.5,0.5,0,0.25,0,0,0,0,0.5032946,-0.8073401,0.5681282,0.1594746,0,0.25,0.5,0,0.5,0,0,0,0,0.663658,-0.6960808,0.7046744,0.1374974,0,0,0.5,0,-1.763316E-05,-0.249947,0,0.001539444,0.001881272,0.3755451,-0.925138,0.3654664,-0.1027326,1,0.5,0.75,0,6.464469E-05,-0.4999855,0,0.003138983,0.001829863,0.43495,-0.8663565,0.3423334,-0.3636403,1,0.5,1,0,0.25,-0.25,0,0,0,0.4945351,-0.8144509,0.5731321,-0.09049455,0,0.25,0.75,0,0.5,-0.25,0,0,0,0.6561142,-0.7006228,0.7092724,-0.07784698,0,0,0.75,0,0.25,-0.5,0,0,0,0.5471867,-0.773501,0.5443155,-0.3246794,0,0.25,1,0,0.5,-0.5,0,0,0,0.7017071,-0.6740411,0.6823626,-0.2829309,0,0,1
239,0,-0.2499794,0.4999726,0,0.001384318,-0.001707674,0.5471709,-0.7735127,0.06686641,0.6302435,1,0.75,0,0,-0.4999228,0.2499598,0,0.001223386,-0.004648419,0.4254941,-0.8752082,-0.1944073,0.4429632,1,1,0.25,0,-0.4999706,0.5000282,0,-0.001291931,0.001114607,0.5602484,-0.7639719,-0.1697438,0.6225222,1,1,0,0,-0.249981,0.2500388,0,0.0001549721,-0.002112986,0.4105682,-0.8895545,0.07689595,0.4503109,1,0.75,0.25,0,2.272604E-05,0.5000218,0,0.0003684913,0.001959503,0.5927687,-0.7412365,0.292855,0.6039904,1,0.5,0,0,-0.4999397,-1.960614E-05,0,0.002101065,-0.001322489,0.3450278,-0.9585484,-0.2129394,0.1893197,1,1,0.5,0,6.124177E-05,0.2499851,0,0.002084388,0.0008873645,0.4626147,-0.8414582,0.3324915,0.4259079,1,0.5,0.25,0,0.25,0.5,0,0,0,0.6902101,-0.6805521,0.478907,0.5545239,0,0.25,0,0,-0.2500155,2.494151E-06,0,0.001560152,-0.001865367,0.3286124,-0.9775378,0.08445983,0.1930969,1,0.75,0.5,0,-0.4999463,-0.2499663,0,0.00395775,-0.003448875,0.3346105,-0.9705126,-0.2156051,-0.1077944,1,1,0.75,0,0.25,0.25,0,0,0,0.5719608,-0.7556247,0.5317358,0.3824767,0,0.25,0.25,0,0.5,0.5,0,0,0,0.8281943,-0.6098505,0.6173795,0.4969153,0,0,0,0,0.5,0.25,0,0,0,0.723356,-0.6621131,0.6702873,0.3351437,0,0,0.25,0,-0.249986,-0.2499982,0,0.0007502738,-0.001796336,0.3179863,-0.9902366,0.08559313,-0.1100241,1,0.75,0.75,0,-0.4999735,-0.5000163,0,0.001481176,-0.004006924,0.3967171,-0.9032949,-0.2007027,-0.379179,1,1,1,0,-0.2499752,-0.5000514,0,0.0009514395,-0.007133189,0.3812709,-0.9191271,0.0794589,-0.3858648,1,0.75,1,0,2.053279E-05,2.466337E-05,0,0.001782747,-2.282623E-05,0.3855061,-0.9147311,0.3613985,0.1807155,1,0.5,0.5,0,0.25,0,0,0,0,0.5032946,-0.8073401,0.5681282,0.1594746,0,0.25,0.5,0,0.5,0,0,0,0,0.663658,-0.6960808,0.7046744,0.1374974,0,0,0.5,0,-3.312622E-05,-0.2500344,0,-0.0007746535,-0.004366042,0.3755484,-0.9251345,0.3654474,-0.102832,1,0.5,0.75,0,7.171239E-05,-0.499979,0,0.0003533854,0.0003248454,0.4349501,-0.8663564,0.3423409,-0.3636334,1,0.5,1,0,0.25,-0.25,0,0,0,0.4945351,-0.8144509,0.5731321,-0.09049455,0,0.25,0.75,0,0.5,-0.25,0,0,0,0.6561142,-0.7006228,0.7092724,-0.07784698,0,0,0.75,0,0.25,-0.5,0,0,0,0.5471867,-0.773501,0.5443155,-0.3246794,0,0.25,1,0,0.5,-0.5,0,0,0,0.7017071,-0.6740411,0.6823626,-0.2829309,0,0,1
240,0,-0.2499927,0.499979,0,-0.0006616118,0.000318885,0.547174,-0.7735105,0.06685358,0.6302477,1,0.75,0,0,-0.5000073,0.2499838,0,-0.004228951,0.001198054,0.4255211,-0.8751826,-0.194493,0.4429761,1,1,0.25,0,-0.4999863,0.499936,0,-0.0007852915,-0.004610421,0.5601937,-0.7640114,-0.1697673,0.6224673,1,1,0,0,-0.2500138,0.2499407,0,-0.001640619,-0.004902484,0.4105215,-0.8896001,0.07686386,0.4502263,1,0.75,0.25,0,2.636405E-05,0.4999793,0,0.0001819004,-0.002124907,0.592744,-0.7412532,0.2928649,0.6039651,1,0.5,0,0,-0.4999805,-5.86009E-05,0,-0.00203848,-0.001949739,0.3450291,-0.9585469,-0.2129873,0.1892732,1,1,0.5,0,3.480386E-05,0.2499599,0,-0.001321896,-0.001262129,0.4625952,-0.8414752,0.3324708,0.4258903,1,0.5,0.25,0,0.25,0.5,0,0,0,0.6902101,-0.6805521,0.478907,0.5545239,0,0.25,0,0,-0.2499988,-2.202354E-05,0,0.0008344654,-0.001225885,0.3286092,-0.9775417,0.08448031,0.1930681,1,0.75,0.5,0,-0.4999768,-0.2500657,0,-0.001522899,-0.004967304,0.3346277,-0.9704925,-0.2156372,-0.1079112,1,1,0.75,0,0.25,0.25,0,0,0,0.5719608,-0.7556247,0.5317358,0.3824767,0,0.25,0.25,0,0.5,0.5,0,0,0,0.8281943,-0.6098505,0.6173795,0.4969153,0,0,0,0,0.5,0.25,0,0,0,0.723356,-0.6621131,0.6702873,0.3351437,0,0,0.25,0,-0.2500063,-0.2500443,0,-0.001015514,-0.002307446,0.3179896,-0.9902326,0.08556796,-0.1100801,1,0.75,0.75,0,-0.4998975,-0.5000983,0,0.003802778,-0.004100801,0.396733,-0.9032789,-0.2006143,-0.3792638,1,1,1,0,-0.2499601,-0.5000077,0,0.0007525089,0.002184511,0.3812553,-0.9191434,0.07947739,-0.3858221,1,0.75,1,0,1.864927E-05,6.601658E-06,0,-9.417585E-05,-0.0009030859,0.3855022,-0.9147352,0.3613979,0.1806959,1,0.5,0.5,0,0.25,0,0,0,0,0.5032946,-0.8073401,0.5681282,0.1594746,0,0.25,0.5,0,0.5,0,0,0,0,0.663658,-0.6960808,0.7046744,0.1374974,0,0,0.5,0,4.944515E-05,-0.2500271,0,0.004128571,0.0003620984,0.3755778,-0.9251034,0.3655294,-0.1028202,1,0.5,0.75,0,5.892911E-05,-0.499967,0,-0.0006391644,0.0005990269,0.4349414,-0.8663645,0.3423305,-0.3636239,1,0.5,1,0,0.25,-0.25,0,0,0,0.4945351,-0.8144509,0.5731321,-0.09049455,0,0.25,0.75,0,0.5,-0.25,0,0,0,0.6561142,-0.7006228,0.7092724,-0.07784698,0,0,0.75,0,0.25,-0.5,0,0,0,0.5471867,-0.773501,0.5443155,-0.3246794,0,0.25,1,0,0.5,-0.5,0,0,0,0.7017071,-0.6740411,0.6823626,-0.2829309,0,0,1
241,0,-0.249974,0.4999019,0,0.0009343032,-0.003856422,0.5471267,-0.7735454,0.06687444,0.6302025,1,0.75,0,0,-0.4999907,0.2499648,0,0.0008314851,-0.0009506944,0.4255095,-0.8751937,-0.1944774,0.4429612,1,1,0.25,0,-0.5000528,0.4999433,0,-0.00332445,0.0003665687,0.5602095,-0.7639999,-0.1698275,0.622465,1,1,0,0,-0.2500097,0.24996,0,0.0002026559,0.0009633605,0.4105305,-0.8895913,0.07686755,0.450243,1,0.75,0.25,0,-6.995336E-07,0.5000004,0,-0.00135318,0.001057983,0.5927489,-0.7412499,0.2928388,0.6039818,1,0.5,0,0,-0.5000209,-9.518454E-05,0,-0.002020598,-0.001829183,0.3450308,-0.9585449,-0.2130347,0.1892295,1,1,0.5,0,-1.908521E-05,0.2500179,0,-0.002694455,0.002899022,0.4626019,-0.8414693,0.3324125,0.4259475,1,0.5,0.25,0,0.25,0.5,0,0,0,0.6902101,-0.6805521,0.478907,0.5545239,0,0.25,0,0,-0.2499889,-7.81147E-05,0,0.0004954638,-0.002804559,0.3285992,-0.9775535,0.08449329,0.1930027,1,0.75,0.5,0,-0.4999874,-0.250096,0,-0.0005304816,-0.001515449,0.3346333,-0.9704861,-0.2156484,-0.1079468,1,1,0.75,0,0.25,0.25,0,0,0,0.5719608,-0.7556247,0.5317358,0.3824767,0,0.25,0.25,0,0.5,0.5,0,0,0,0.8281943,-0.6098505,0.6173795,0.4969153,0,0,0,0,0.5,0.25,0,0,0,0.723356,-0.6621131,0.6702873,0.3351437,0,0,0.25,0,-0.250023,-0.2500041,0,-0.0008359555,0.002014638,0.3179838,-0.9902397,0.08554813,-0.1100316,1,0.75,0.75,0,-0.4999284,-0.5000905,0,-0.001548231,0.0003904106,0.3967362,-0.9032757,-0.2006481,-0.3792537,1,1,1,0,-0.2499432,-0.4999866,0,0.0008448962,0.001057983,0.3812485,-0.9191505,0.07949718,-0.385801,1,0.75,1,0,2.24683E-05,4.288675E-06,0,0.0001909514,-0.0001156492,0.3855031,-0.9147342,0.3614019,0.1806931,1,0.5,0.5,0,0.25,0,0,0,0,0.5032946,-0.8073401,0.5681282,0.1594746,0,0.25,0.5,0,0.5,0,0,0,0,0.663658,-0.6960808,0.7046744,0.1374974,0,0,0.5,0,-5.849072E-05,-0.2500349,0,-0.005396796,-0.0003889205,0.3755392,-0.9251442,0.3654222,-0.1028337,1,0.5,0.75,0,0.0001080993,-0.4999499,0,0.002458509,0.0008583072,0.4349519,-0.8663547,0.3423792,-0.3636014,1,0.5,1,0,0.25,-0.25,0,0,0,0.4945351,-0.8144509,0.5731321,-0.09049455,0,0.25,0.75,0,0.5,-0.25,0,0,0,0.6561142,-0.7006228,0.7092724,-0.07784698,0,0,0.75,0,0.25,-0.5,0,0,0,0.5471867,-0.773501,0.5443155,-0.3246794,0,0.25,1,0,0.5,-0.5,0,0,0,0.7017071,-0.6740411,0.6823626,-0.2829309,0,0,1
242,0,-0.249954,0.4999394,0,0.0009983781,0.001877547,0.5471516,-0.773527,0.06689192,0.6302234,1,0.75,0,0,-0.4999971,0.2499514,0,-0.0003218652,-0.0006660822,0.4255048,-0.8751981,-0.1944854,0.442949,1,1,0.25,0,-0.4999812,0.4999229,0,0.00357926,-0.00102222,0.5601846,-0.7640179,-0.169764,0.6224603,1,1,0,0,-0.2500212,0.2499594,0,-0.0005751851,-2.831222E-05,0.4105294,-0.8895924,0.07685501,0.450243,1,0.75,0.25,0,1.577853E-05,0.4999653,0,0.0008239036,-0.001755357,0.5927324,-0.7412611,0.2928583,0.6039587,1,0.5,0,0,-0.4999494,-6.810964E-05,0,0.00357628,0.001353746,0.3450207,-0.9585564,-0.2129527,0.1892639,1,1,0.5,0,1.610835E-05,0.2500036,0,0.001759679,-0.000715256,0.4626075,-0.8414645,0.3324471,0.4259302,1,0.5,0.25,0,0.25,0.5,0,0,0,0.6902101,-0.6805521,0.478907,0.5545239,0,0.25,0,0,-0.2499591,-9.713696E-05,0,0.001493842,-0.0009511132,0.328598,-0.9775549,0.08452946,0.19298,1,0.75,0.5,0,-0.4999619,-0.250047,0,0.00127554,0.002451242,0.3346225,-0.9704986,-0.2156207,-0.1078895,1,1,0.75,0,0.25,0.25,0,0,0,0.5719608,-0.7556247,0.5317358,0.3824767,0,0.25,0.25,0,0.5,0.5,0,0,0,0.8281943,-0.6098505,0.6173795,0.4969153,0,0,0,0,0.5,0.25,0,0,0,0.723356,-0.6621131,0.6702873,0.3351437,0,0,0.25,0,-0.2500071,-0.2500426,0,0.0007972124,-0.001926721,0.3179894,-0.9902329,0.08556703,-0.1100779,1,0.75,0.75,0,-0.5000289,-0.4999859,0,-0.005023183,0.00523329,0.3967167,-0.9032954,-0.2007646,-0.3791453,1,1,1,0,-0.2500288,-0.4999953,0,-0.004276635,-0.0004351141,0.381245,-0.9191541,0.07940043,-0.3858124,1,0.75,1,0,4.45878E-05,-1.582433E-05,0,0.001105975,-0.001005651,0.3855075,-0.9147297,0.361425,0.1806695,1,0.5,0.5,0,0.25,0,0,0,0,0.5032946,-0.8073401,0.5681282,0.1594746,0,0.25,0.5,0,0.5,0,0,0,0,0.663658,-0.6960808,0.7046744,0.1374974,0,0,0.5,0,-9.099935E-06,-0.2500272,0,0.002469541,0.0003844501,0.3755565,-0.925126,0.3654715,-0.1028229,1,0.5,0.75,0,1.00764E-05,-0.4999532,0,-0.004901146,-0.0001639128,0.4349195,-0.8663847,0.3422862,-0.3636175,1,0.5,1,0,0.25,-0.25,0,0,0,0.4945351,-0.8144509,0.5731321,-0.09049455,0,0.25,0.75,0,0.5,-0.25,0,0,0,0.6561142,-0.7006228,0.7092724,-0.07784698,0,0,0.75,0,0.25,-0.5,0,0,0,0.5471867,-0.773501,0.5443155,-0.3246794,0,0.25,1,0,0.5,-0.5,0,0,0,0.7017071,-0.6740411,0.6823626,-0.2829309,0,0,1
243,0,-0.2499878,0.4999135,0,-0.001690537,-0.001297892,0.547133,-0.7735407,0.06686082,0.6302098,1,0.75,0,0,-0.4999348,0.2499943,0,0.003118814,0.002141298,0.4255117,-0.8751916,-0.1944165,0.442992,1,1,0.25,0,-0.4999485,0.4999892,0,0.001634658,0.003317,0.5602204,-0.7639921,-0.1697274,0.622502,1,1,0,0,-0.2500157,0.2499694,0,0.0002756716,0.0004999341,0.4105343,-0.8895876,0.07686064,0.4502515,1,0.75,0.25,0,2.42695E-05,0.5000471,0,0.0004245486,0.00409186,0.5927844,-0.7412258,0.2928521,0.6040049,1,0.5,0,0,-0.4999152,-1.168176E-05,0,0.001707674,0.002821395,0.3450241,-0.9585525,-0.2129114,0.1893299,1,1,0.5,0,3.900574E-05,0.2499901,0,0.00114487,-0.0006742778,0.4626094,-0.8414628,0.3324703,0.4259153,1,0.5,0.25,0,0.25,0.5,0,0,0,0.6902101,-0.6805521,0.478907,0.5545239,0,0.25,0,0,-0.2500061,-6.518815E-05,0,-0.002354384,0.001597441,0.3286002,-0.9775523,0.08447241,0.1930181,1,0.75,0.5,0,-0.4999166,-0.2500359,0,0.002264977,0.0005543234,0.3346115,-0.9705114,-0.2155692,-0.1078776,1,1,0.75,0,0.25,0.25,0,0,0,0.5719608,-0.7556247,0.5317358,0.3824767,0,0.25,0.25,0,0.5,0.5,0,0,0,0.8281943,-0.6098505,0.6173795,0.4969153,0,0,0,0,0.5,0.25,0,0,0,0.723356,-0.6621131,0.6702873,0.3351437,0,0,0.25,0,-0.2499729,-0.250034,0,0.001709909,0.0004291536,0.3179914,-0.9902305,0.08560864,-0.1100672,1,0.75,0.75,0,-0.5000708,-0.4999931,0,-0.002092124,-0.0003606082,0.3967278,-0.9032841,-0.2008087,-0.3791486,1,1,1,0,-0.2500526,-0.4999834,0,-0.001192093,0.0005930664,0.3812385,-0.9191609,0.07937396,-0.3858018,1,0.75,1,0,6.813278E-06,2.523562E-05,0,-0.001888727,0.002052999,0.3855013,-0.9147362,0.3613849,0.1807171,1,0.5,0.5,0,0.25,0,0,0,0,0.5032946,-0.8073401,0.5681282,0.1594746,0,0.25,0.5,0,0.5,0,0,0,0,0.663658,-0.6960808,0.7046744,0.1374974,0,0,0.5,0,-4.900747E-05,-0.2499631,0,-0.001995378,0.003204496,0.3755352,-0.9251484,0.3654347,-0.1027521,1,0.5,0.75,0,-1.896571E-05,-0.5000175,0,-0.001452106,-0.003215672,0.434933,-0.8663722,0.3422502,-0.3636811,1,0.5,1,0,0.25,-0.25,0,0,0,0.4945351,-0.8144509,0.5731321,-0.09049455,0,0.25,0.75,0,0.5,-0.25,0,0,0,0.6561142,-0.7006228,0.7092724,-0.07784698,0,0,0.75,0,0.25,-0.5,0,0,0,0.5471867,-0.773501,0.5443155,-0.3246794,0,0.25,1,0,0.5,-0.5,0,0,0,0.7017071,-0.6740411,0.6823626,-0.2829309,0,0,1
244,0,-0.2499331,0.4999635,0,0.002736599,0.002500416,0.5471681,-0.7735147,0.06691084,0.6302364,1,0.75,0,0,-0.4999785,0.2500159,0,-0.002186001,0.00108257,0.4255297,-0.8751745,-0.19446,0.4430068,1,1,0.25,0,-0.4999363,0.5000021,0,0.0006064775,0.0006467106,0.5602263,-0.7639878,-0.169715,0.6225106,1,1,0,0,-0.2500058,0.2499997,0,0.000497699,0.001514704,0.4105487,-0.8895735,0.07687036,0.4502776,1,0.75,0.25,0,8.800646E-05,0.4999428,0,0.00318685,-0.005216898,0.5927401,-0.7412559,0.2929223,0.6039339,1,0.5,0,0,-0.5000066,5.23272E-06,0,-0.004565718,0.0008457244,0.3450468,-0.9585268,-0.2130137,0.1893448,1,1,0.5,0,1.791167E-05,0.2499992,0,-0.001054704,0.0004537405,0.4626063,-0.8414655,0.3324494,0.4259261,1,0.5,0.25,0,0.25,0.5,0,0,0,0.6902101,-0.6805521,0.478907,0.5545239,0,0.25,0,0,-0.2499888,-1.323321E-05,0,0.0008672479,0.002597748,0.3286117,-0.9775387,0.08449217,0.1930781,1,0.75,0.5,0,-0.4999215,-0.2499509,0,-0.0002488495,0.004249068,0.3346034,-0.9705208,-0.2155773,-0.1077768,1,1,0.75,0,0.25,0.25,0,0,0,0.5719608,-0.7556247,0.5317358,0.3824767,0,0.25,0.25,0,0.5,0.5,0,0,0,0.8281943,-0.6098505,0.6173795,0.4969153,0,0,0,0,0.5,0.25,0,0,0,0.723356,-0.6621131,0.6702873,0.3351437,0,0,0.25,0,-0.2499493,-0.249986,0,0.001178682,0.002401323,0.3179882,-0.9902344,0.08563779,-0.1100089,1,0.75,0.75,0,-0.499975,-0.5000026,0,0.004789235,-0.0004738571,0.3967122,-0.9032999,-0.2007054,-0.3791658,1,1,1,0,-0.2499678,-0.4999333,0,0.004238637,0.002506376,0.3812259,-0.919174,0.07947129,-0.3857504,1,0.75,1,0,2.997678E-05,-2.410114E-06,0,0.001158175,-0.001382287,0.3855046,-0.9147327,0.3614097,0.1806852,1,0.5,0.5,0,0.25,0,0,0,0,0.5032946,-0.8073401,0.5681282,0.1594746,0,0.25,0.5,0,0.5,0,0,0,0,0.663658,-0.6960808,0.7046744,0.1374974,0,0,0.5,0,-1.871532E-05,-0.2500363,0,0.001514608,-0.003658982,0.3755538,-0.9251287,0.3654616,-0.1028335,1,0.5,0.75,0,4.58728E-05,-0.5000357,0,0.003241927,-0.0009119514,0.4349619,-0.8663455,0.342309,-0.3636894,1,0.5,1,0,0.25,-0.25,0,0,0,0.4945351,-0.8144509,0.5731321,-0.09049455,0,0.25,0.75,0,0.5,-0.25,0,0,0,0.6561142,-0.7006228,0.7092724,-0.07784698,0,0,0.75,0,0.25,-0.5,0,0,0,0.5471867,-0.773501,0.5443155,-0.3246794,0,0.25,1,0,0.5,-0.5,0,0,0,0.7017071,-0.6740411,0.6823626,-0.2829309,0,0,1
245,0,-0.2499144,0.5000108,0,0.000932813,0.002364815,0.5471992,-0.7734918,0.06692667,0.6302629,1,0.75,0,0,-0.4999985,0.250059,0,-0.001002848,0.002153219,0.4255527,-0.8751528,-0.1944768,0.4430423,1,1,0.25,0,-0.4998966,0.5000656,0,0.001989306,0.003173948,0.5602591,-0.7639642,-0.1696723,0.6225513,1,1,0,0,-0.2500113,0.2500352,0,-0.0002756716,0.001775474,0.4105643,-0.8895583,0.07686299,0.4503089,1,0.75,0.25,0,0.0001085442,0.5000041,0,0.001026885,0.00306219,0.5927831,-0.7412267,0.2929296,0.6039662,1,0.5,0,0,-0.4999984,2.725261E-05,0,0.000408292,0.001100995,0.3450492,-0.958524,-0.2130035,0.1893703,1,1,0.5,0,2.467789E-06,0.2499742,0,-0.0007721943,-0.001247973,0.4625905,-0.8414794,0.3324389,0.4259072,1,0.5,0.25,0,0.25,0.5,0,0,0,0.6902101,-0.6805521,0.478907,0.5545239,0,0.25,0,0,-0.2500038,9.318802E-05,0,-0.0007510188,0.005321064,0.328631,-0.9775159,0.08447208,0.193202,1,0.75,0.5,0,-0.4999552,-0.2500706,0,-0.001685322,-0.005985054,0.3346236,-0.9704973,-0.2156124,-0.1079176,1,1,0.75,0,0.25,0.25,0,0,0,0.5719608,-0.7556247,0.5317358,0.3824767,0,0.25,0.25,0,0.5,0.5,0,0,0,0.8281943,-0.6098505,0.6173795,0.4969153,0,0,0,0,0.5,0.25,0,0,0,0.723356,-0.6621131,0.6702873,0.3351437,0,0,0.25,0,-0.2499797,-0.2500121,0,-0.001519174,-0.001307577,0.3179884,-0.9902341,0.08560062,-0.1100408,1,0.75,0.75,0,-0.4998938,-0.5000142,0,0.004059078,-0.0005841258,0.3967003,-0.9033118,-0.2006175,-0.3791838,1,1,1,0,-0.2499303,-0.4999744,0,0.001875312,-0.002056361,0.3812448,-0.9191544,0.07951216,-0.3857889,1,0.75,1,0,3.419575E-06,-1.507246E-05,0,-0.001327861,-0.0006331176,0.3854927,-0.9147449,0.3613846,0.1806733,1,0.5,0.5,0,0.25,0,0,0,0,0.5032946,-0.8073401,0.5681282,0.1594746,0,0.25,0.5,0,0.5,0,0,0,0,0.663658,-0.6960808,0.7046744,0.1374974,0,0,0.5,0,5.175485E-05,-0.2499745,0,0.00352351,0.003089757,0.3755733,-0.9251082,0.3655339,-0.1027607,1,0.5,0.75,0,7.373052E-05,-0.5000105,0,0.001392886,0.001260639,0.4349622,-0.8663452,0.3423387,-0.3636623,1,0.5,1,0,0.25,-0.25,0,0,0,0.4945351,-0.8144509,0.5731321,-0.09049455,0,0.25,0.75,0,0.5,-0.25,0,0,0,0.6561142,-0.7006228,0.7092724,-0.07784698,0,0,0.75,0,0.25,-0.5,0,0,0,0.5471867,-0.773501,0.5443155,-0.3246794,0,0.25,1,0,0.5,-0.5,0,0,0,0.7017071,-0.6740411,0.6823626,-0.2829309,0,0,1
246,0,-0.2499991,0.5000374,0,-0.004231187,0.001332164,0.5472103,-0.7734836,0.06684515,0.6302816,1,0.75,0,0,-0.4999067,0.2499977,0,0.00459254,-0.003065915,0.4255077,-0.8751953,-0.194387,0.4429976,1,1,0.25,0,-0.4999385,0.5000141,0,-0.002099575,-0.002574922,0.5602342,-0.7639822,-0.1697159,0.6225173,1,1,0,0,-0.2500197,0.2500272,0,-0.0004202129,-0.0003993513,0.41056,-0.8895625,0.07685412,0.4503023,1,0.75,0.25,0,6.092406E-05,0.5000218,0,-0.002381006,0.0008851293,0.5927799,-0.7412289,0.2928869,0.6039842,1,0.5,0,0,-0.499952,4.903546E-05,0,0.002320112,0.001089143,0.3450434,-0.9585306,-0.21295,0.1893974,1,1,0.5,0,3.010303E-05,0.2500053,0,0.001381763,0.001553447,0.4626129,-0.8414598,0.3324598,0.4259295,1,0.5,0.25,0,0.25,0.5,0,0,0,0.6902101,-0.6805521,0.478907,0.5545239,0,0.25,0,0,-0.2500275,7.246689E-05,0,-0.001186133,-0.001036057,0.328625,-0.977523,0.08444406,0.1931784,1,0.75,0.5,0,-0.4999832,-0.2499523,0,-0.00139773,0.005914273,0.3346169,-0.9705052,-0.2156477,-0.1077768,1,1,0.75,0,0.25,0.25,0,0,0,0.5719608,-0.7556247,0.5317358,0.3824767,0,0.25,0.25,0,0.5,0.5,0,0,0,0.8281943,-0.6098505,0.6173795,0.4969153,0,0,0,0,0.5,0.25,0,0,0,0.723356,-0.6621131,0.6702873,0.3351437,0,0,0.25,0,-0.2499712,-0.2500132,0,0.0004261734,-5.36442E-05,0.3179892,-0.9902331,0.08561096,-0.110042,1,0.75,0.75,0,-0.4999322,-0.4999796,0,-0.001922251,0.001731516,0.3966949,-0.9033173,-0.2006616,-0.3791475,1,1,1,0,-0.2499648,-0.4999593,0,-0.00172332,0.0007554892,0.3812362,-0.9191633,0.07947382,-0.3857755,1,0.75,1,0,3.000987E-05,3.329308E-05,0,0.001329515,0.002418278,0.3855111,-0.914726,0.3614071,0.1807242,1,0.5,0.5,0,0.25,0,0,0,0,0.5032946,-0.8073401,0.5681282,0.1594746,0,0.25,0.5,0,0.5,0,0,0,0,0.663658,-0.6960808,0.7046744,0.1374974,0,0,0.5,0,-4.758721E-05,-0.2500173,0,-0.004967105,-0.002142043,0.3755413,-0.9251419,0.3654338,-0.1028134,1,0.5,0.75,0,6.82683E-05,-0.499998,0,-0.0002731108,0.0006228688,0.4349558,-0.8663511,0.3423352,-0.3636515,1,0.5,1,0,0.25,-0.25,0,0,0,0.4945351,-0.8144509,0.5731321,-0.09049455,0,0.25,0.75,0,0.5,-0.25,0,0,0,0.6561142,-0.7006228,0.7092724,-0.07784698,0,0,0.75,0,0.25,-0.5,0,0,0,0.5471867,-0.773501,0.5443155,-0.3246794,0,0.25,1,0,0.5,-0.5,0,0,0,0.7017071,-0.6740411,0.6823626,-0.2829309,0,0,1
247,0,-0.2499716,0.5000181,0,0.001371652,-0.0009685759,0.5472,-0.7734913,0.06687201,0.6302694,1,0.75,0,0,-0.5000395,0.2500101,0,-0.00663847,0.0006206336,0.425539,-0.8751657,-0.1945239,0.442996,1,1,0.25,0,-0.5000069,0.5000058,0,-0.003415348,-0.0004142525,0.5602406,-0.7639775,-0.1697793,0.6225057,1,1,0,0,-0.2499972,0.2500494,0,0.001123548,0.001110137,0.4105718,-0.889551,0.07687781,0.4503208,1,0.75,0.25,0,2.759827E-05,0.4999654,0,-0.00166629,-0.002819301,0.592736,-0.7412586,0.2928682,0.6039569,1,0.5,0,0,-0.5000006,-4.622518E-05,0,-0.00243038,-0.004763034,0.3450357,-0.9585394,-0.2130095,0.1892864,1,1,0.5,0,-4.560595E-05,0.249932,0,-0.003785451,-0.003661962,0.4625565,-0.841509,0.3324006,0.4258784,1,0.5,0.25,0,0.25,0.5,0,0,0,0.6902101,-0.6805521,0.478907,0.5545239,0,0.25,0,0,-0.2499303,-5.808382E-06,0,0.004862996,-0.003913765,0.328618,-0.9775312,0.08456214,0.1930856,1,0.75,0.5,0,-0.4999537,-0.249978,0,0.001476706,-0.001285226,0.3346133,-0.9705093,-0.2156132,-0.107808,1,1,0.75,0,0.25,0.25,0,0,0,0.5719608,-0.7556247,0.5317358,0.3824767,0,0.25,0.25,0,0.5,0.5,0,0,0,0.8281943,-0.6098505,0.6173795,0.4969153,0,0,0,0,0.5,0.25,0,0,0,0.723356,-0.6621131,0.6702873,0.3351437,0,0,0.25,0,-0.2499737,-0.2499329,0,-0.0001251698,0.004015119,0.3179802,-0.990244,0.08560884,-0.1099451,1,0.75,0.75,0,-0.4999427,-0.4999959,0,-0.0005260112,-0.0008150939,0.3967032,-0.9033089,-0.2006715,-0.3791622,1,1,1,0,-0.2500277,-0.4999313,0,-0.003146381,0.0014022,0.3812204,-0.9191798,0.07940383,-0.3857506,1,0.75,1,0,1.354533E-05,4.811101E-05,0,-0.0008232275,0.000740897,0.3855078,-0.9147294,0.3613899,0.1807416,1,0.5,0.5,0,0.25,0,0,0,0,0.5032946,-0.8073401,0.5681282,0.1594746,0,0.25,0.5,0,0.5,0,0,0,0,0.663658,-0.6960808,0.7046744,0.1374974,0,0,0.5,0,-2.601607E-05,-0.2499736,0,0.001078557,0.002188982,0.3755447,-0.9251384,0.365457,-0.102763,1,0.5,0.75,0,2.089365E-05,-0.4999474,0,-0.002368734,0.002533198,0.4349211,-0.8663833,0.3422972,-0.3636107,1,0.5,1,0,0.25,-0.25,0,0,0,0.4945351,-0.8144509,0.5731321,-0.09049455,0,0.25,0.75,0,0.5,-0.25,0,0,0,0.6561142,-0.7006228,0.7092724,-0.07784698,0,0,0.75,0,0.25,-0.5,0,0,0,0.5471867,-0.773501,0.5443155,-0.3246794,0,0.25,1,0,0.5,-0.5,0,0,0,0.7017071,-0.6740411,0.6823626,-0.2829309,0,0,1
248,0,-0.2499942,0.4999923,0,-0.001128763,-0.001290441,0.5471822,-0.7735044,0.06685159,0.6302554,1,0.75,0,0,-0.4999307,0.2500277,0,0.005437436,0.0008821491,0.4255257,-0.8751783,-0.1944092,0.4430214,1,1,0.25,0,-0.4999915,0.499901,0,0.0007674101,-0.00524074,0.5601728,-0.7640264,-0.1697756,0.6224467,1,1,0,0,-0.2500301,0.2499953,0,-0.001643599,-0.002706052,0.4105449,-0.8895773,0.07684398,0.4502747,1,0.75,0.25,0,7.817303E-06,0.5000082,0,-0.000989049,0.002139808,0.592756,-0.741245,0.2928447,0.603985,1,0.5,0,0,-0.4999985,-1.705655E-05,0,0.0001057983,0.001458432,0.3450408,-0.9585336,-0.2130057,0.1893198,1,1,0.5,0,1.831411E-05,0.2499677,0,0.003196004,0.00178367,0.462593,-0.8414772,0.3324545,0.4258994,1,0.5,0.25,0,0.25,0.5,0,0,0,0.6902101,-0.6805521,0.478907,0.5545239,0,0.25,0,0,-0.2500112,-4.739741E-05,0,-0.004046412,-0.002079452,0.3286032,-0.9775487,0.08446599,0.1930388,1,0.75,0.5,0,-0.4999294,-0.2500075,0,0.001212955,-0.001475961,0.3346112,-0.9705117,-0.2155847,-0.1078437,1,1,0.75,0,0.25,0.25,0,0,0,0.5719608,-0.7556247,0.5317358,0.3824767,0,0.25,0.25,0,0.5,0.5,0,0,0,0.8281943,-0.6098505,0.6173795,0.4969153,0,0,0,0,0.5,0.25,0,0,0,0.723356,-0.6621131,0.6702873,0.3351437,0,0,0.25,0,-0.249987,-0.2500362,0,-0.0006660822,-0.005162509,0.3179904,-0.9902316,0.08559149,-0.1100699,1,0.75,0.75,0,-0.5000051,-0.5000198,0,-0.003115834,-0.001196564,0.3967248,-0.9032872,-0.2007362,-0.3791797,1,1,1,0,-0.2499711,-0.4999769,0,0.002830477,-0.002282859,0.3812425,-0.9191567,0.07946607,-0.3857927,1,0.75,1,0,2.361598E-06,-3.125014E-05,0,-0.0005591869,-0.003968059,0.3854894,-0.9147484,0.3613847,0.1806557,1,0.5,0.5,0,0.25,0,0,0,0,0.5032946,-0.8073401,0.5681282,0.1594746,0,0.25,0.5,0,0.5,0,0,0,0,0.663658,-0.6960808,0.7046744,0.1374974,0,0,0.5,0,5.018717E-05,-0.2500413,0,0.003810164,-0.003388525,0.3755795,-0.9251016,0.3655295,-0.1028363,1,0.5,0.75,0,-3.063504E-05,-0.5000492,0,-0.002576435,-0.005090239,0.4349406,-0.8663653,0.342235,-0.3637121,1,0.5,1,0,0.25,-0.25,0,0,0,0.4945351,-0.8144509,0.5731321,-0.09049455,0,0.25,0.75,0,0.5,-0.25,0,0,0,0.6561142,-0.7006228,0.7092724,-0.07784698,0,0,0.75,0,0.25,-0.5,0,0,0,0.5471867,-0.773501,0.5443155,-0.3246794,0,0.25,1,0,0.5,-0.5,0,0,0,0.7017071,-0.6740411,0.6823626,-0.2829309,0,0,1
249,0,-0.2500039,0.5000325,0,-0.000485033,0.002011657,0.547207,-0.7734861,0.06684074,0.6302789,1,0.75,0,0,-0.5000092,0.2499157,0,-0.003926457,-0.005600604,0.4254913,-0.8752108,-0.1945013,0.4429168,1,1,0.25,0,-0.4999738,0.4999946,0,0.0008866194,0.004677476,0.560228,-0.7639866,-0.1697501,0.6225025,1,1,0,0,-0.2500173,0.2500076,0,0.0006422403,0.000612438,0.4105514,-0.8895709,0.07685754,0.4502849,1,0.75,0.25,0,4.863303E-05,0.5000023,0,0.002040787,-0.0002920629,0.5927645,-0.7412393,0.2928798,0.6039749,1,0.5,0,0,-0.4999203,-3.098541E-05,0,0.003907086,-0.0006964433,0.3450215,-0.9585555,-0.2129181,0.1893076,1,1,0.5,0,9.272558E-06,0.2500051,0,-0.0004520777,0.001869351,0.4626059,-0.8414659,0.3324406,0.4259325,1,0.5,0.25,0,0.25,0.5,0,0,0,0.6902101,-0.6805521,0.478907,0.5545239,0,0.25,0,0,-0.2499711,-4.668919E-05,0,0.002005697,3.541065E-05,0.3286067,-0.9775445,0.08451404,0.1930389,1,0.75,0.5,0,-0.4999124,-0.2500168,0,0.0008493665,-0.0004649164,0.3346086,-0.9705148,-0.215565,-0.1078552,1,1,0.75,0,0.25,0.25,0,0,0,0.5719608,-0.7556247,0.5317358,0.3824767,0,0.25,0.25,0,0.5,0.5,0,0,0,0.8281943,-0.6098505,0.6173795,0.4969153,0,0,0,0,0.5,0.25,0,0,0,0.723356,-0.6621131,0.6702873,0.3351437,0,0,0.25,0,-0.2499606,-0.2500883,0,0.001317263,-0.002607704,0.3179984,-0.990222,0.08562285,-0.1101326,1,0.75,0.75,0,-0.499991,-0.500046,0,0.0007033351,-0.001305342,0.3967319,-0.9032801,-0.2007189,-0.3792059,1,1,1,0,-0.249972,-0.5000523,0,-4.246833E-05,-0.003769995,0.3812715,-0.9191265,0.0794625,-0.3858656,1,0.75,1,0,3.190771E-05,-3.629943E-05,0,0.001477306,-0.0002524647,0.3854992,-0.9147383,0.3614141,0.180648,1,0.5,0.5,0,0.25,0,0,0,0,0.5032946,-0.8073401,0.5681282,0.1594746,0,0.25,0.5,0,0.5,0,0,0,0,0.663658,-0.6960808,0.7046744,0.1374974,0,0,0.5,0,-1.434699E-05,-0.2500575,0,-0.00322671,-0.0008076432,0.3755577,-0.9251247,0.365465,-0.1028573,1,0.5,0.75,0,2.337069E-05,-0.5000329,0,0.002700287,0.0008136038,0.4349531,-0.8663536,0.3422881,-0.3636898,1,0.5,1,0,0.25,-0.25,0,0,0,0.4945351,-0.8144509,0.5731321,-0.09049455,0,0.25,0.75,0,0.5,-0.25,0,0,0,0.6561142,-0.7006228,0.7092724,-0.07784698,0,0,0.75,0,0.25,-0.5,0,0,0,0.5471867,-0.773501,0.5443155,-0.3246794,0,0.25,1,0,0.5,-0.5,0,0,0,0.7017071,-0.6740411,0.6823626,-0.2829309,0,0,1
250,0,-0.2500409,0.4999439,0,-0.001847745,-0.004430117,0.5471486,-0.7735292,0.06680918,0.6302295,1,0.75,0,0,-0.4999756,0.2499769,0,0.001683832,0.00305921,0.4255119,-0.8751913,-0.1944606,0.4429731,1,1,0.25,0,-0.5000681,0.4999736,0,-0.004714729,-0.001049042,0.560231,-0.7639845,-0.1698385,0.622481,1,1,0,0,-0.250004,0.2499643,0,0.0006631019,-0.002165885,0.4105329,-0.889589,0.07687366,0.4502465,1,0.75,0.25,0,-1.859718E-06,0.4999404,0,-0.002524638,-0.003097953,0.5927123,-0.7412747,0.2928476,0.603947,1,0.5,0,0,-0.5000168,-6.268335E-05,0,-0.004823508,-0.001584898,0.3450361,-0.9585389,-0.2130286,0.1892668,1,1,0.5,0,-4.686356E-05,0.2499182,0,-0.002806807,-0.004342945,0.4625502,-0.8415145,0.3324015,0.4258669,1,0.5,0.25,0,0.25,0.5,0,0,0,0.6902101,-0.6805521,0.478907,0.5545239,0,0.25,0,0,-0.2500392,-7.257213E-05,0,-0.003407897,-0.001294147,0.328596,-0.9775572,0.08443288,0.1930101,1,0.75,0.5,0,-0.4999422,-0.2500169,0,-0.001491607,-4.47035E-06,0.3346151,-0.9705073,-0.2155991,-0.1078544,1,1,0.75,0,0.25,0.25,0,0,0,0.5719608,-0.7556247,0.5317358,0.3824767,0,0.25,0.25,0,0.5,0.5,0,0,0,0.8281943,-0.6098505,0.6173795,0.4969153,0,0,0,0,0.5,0.25,0,0,0,0.723356,-0.6621131,0.6702873,0.3351437,0,0,0.25,0,-0.2499346,-0.250007,0,0.001301617,0.004065038,0.3179917,-0.9902301,0.08565539,-0.1100341,1,0.75,0.75,0,-0.499922,-0.5000347,0,0.00344813,0.0005632641,0.3967137,-0.9032983,-0.200646,-0.3792009,1,1,1,0,-0.2499418,-0.5000063,0,0.001506508,0.00230372,0.3812562,-0.9191425,0.07949807,-0.38582,1,0.75,1,0,4.491598E-06,6.993134E-06,0,-0.001370806,0.002164629,0.3854971,-0.9147404,0.361384,0.1806974,1,0.5,0.5,0,0.25,0,0,0,0,0.5032946,-0.8073401,0.5681282,0.1594746,0,0.25,0.5,0,0.5,0,0,0,0,0.663658,-0.6960808,0.7046744,0.1374974,0,0,0.5,0,-1.767987E-05,-0.250035,0,-0.0001666441,0.001123548,0.3755541,-0.9251285,0.3654627,-0.102832,1,0.5,0.75,0,0.0001142139,-0.4999657,0,0.004542161,0.003358723,0.4349598,-0.8663474,0.3423828,-0.3636154,1,0.5,1,0,0.25,-0.25,0,0,0,0.4945351,-0.8144509,0.5731321,-0.09049455,0,0.25,0.75,0,0.5,-0.25,0,0,0,0.6561142,-0.7006228,0.7092724,-0.07784698,0,0,0.75,0,0.25,-0.5,0,0,0,0.5471867,-0.773501,0.5443155,-0.3246794,0,0.25,1,0,0.5,-0.5,0,0,0,0.7017071,-0.6740411,0.6823626,-0.2829309,0,0,1
251,0,-0.2500323,0.4999322,0,0.0004261734,-0.0005826356,0.5471419,-0.7735341,0.06681774,0.6302224,1,0.75,0,0,-0.4999577,0.2499696,0,0.0008910898,-0.0003643335,0.4255052,-0.8751976,-0.1944427,0.4429684,1,1,0.25,0,-0.4999994,0.4999602,0,0.003431739,-0.0006675723,0.5602109,-0.7639989,-0.169777,0.6224802,1,1,0,0,-0.2499635,0.2500256,0,0.002025814,0.003068895,0.4105636,-0.8895589,0.07691556,0.4502987,1,0.75,0.25,0,1.404853E-05,0.4999882,0,0.0007954126,0.002390147,0.5927458,-0.741252,0.2928531,0.6039723,1,0.5,0,0,-0.4999529,-6.882289E-05,0,0.00319481,-0.0003069771,0.3450213,-0.9585557,-0.2129567,0.1892629,1,1,0.5,0,8.651964E-05,0.2499623,0,0.006669163,0.002200902,0.4626133,-0.8414593,0.3325182,0.4258846,1,0.5,0.25,0,0.25,0.5,0,0,0,0.6902101,-0.6805521,0.478907,0.5545239,0,0.25,0,0,-0.2500128,-1.442183E-05,0,0.001320243,0.002907516,0.3286094,-0.9775414,0.08446337,0.1930772,1,0.75,0.5,0,-0.4999934,-0.2499775,0,-0.00255704,0.001972169,0.3346218,-0.9704995,-0.2156586,-0.1078063,1,1,0.75,0,0.25,0.25,0,0,0,0.5719608,-0.7556247,0.5317358,0.3824767,0,0.25,0.25,0,0.5,0.5,0,0,0,0.8281943,-0.6098505,0.6173795,0.4969153,0,0,0,0,0.5,0.25,0,0,0,0.723356,-0.6621131,0.6702873,0.3351437,0,0,0.25,0,-0.2499842,-0.2500159,0,-0.002478064,-0.000447035,0.3179885,-0.990234,0.08559514,-0.1100455,1,0.75,0.75,0,-0.499962,-0.5000271,0,-0.001996756,0.0003784896,0.3967189,-0.9032931,-0.2006894,-0.3791903,1,1,1,0,-0.2499797,-0.5000042,0,-0.001896173,0.0001013279,0.3812523,-0.9191465,0.07945538,-0.3858194,1,0.75,1,0,1.102465E-06,-5.869737E-06,0,-0.0001694567,-0.0006431438,0.3854936,-0.9147441,0.3613816,0.1806836,1,0.5,0.5,0,0.25,0,0,0,0,0.5032946,-0.8073401,0.5681282,0.1594746,0,0.25,0.5,0,0.5,0,0,0,0,0.663658,-0.6960808,0.7046744,0.1374974,0,0,0.5,0,5.079306E-06,-0.2500403,0,0.001137959,-0.0002637507,0.375563,-0.9251191,0.3654849,-0.102837,1,0.5,0.75,0,6.312518E-05,-0.4999245,0,-0.002554436,0.002063812,0.4349273,-0.8663775,0.3423401,-0.3635838,1,0.5,1,0,0.25,-0.25,0,0,0,0.4945351,-0.8144509,0.5731321,-0.09049455,0,0.25,0.75,0,0.5,-0.25,0,0,0,0.6561142,-0.7006228,0.7092724,-0.07784698,0,0,0.75,0,0.25,-0.5,0,0,0,0.5471867,-0.773501,0.5443155,-0.3246794,0,0.25,1,0,0.5,-0.5,0,0,0,0.7017071,-0.6740411,0.6823626,-0.2829309,0,0,1
252,0,-0.2500001,0.5000516,0,0.001610816,0.005966427,0.5472192,-0.7734771,0.06684358,0.6302899,1,0.75,0,0,-0.5000042,0.2500019,0,-0.002324582,0.001615286,0.4255285,-0.8751756,-0.194488,0.4429922,1,1,0.25,0,-0.4999728,0.4999761,0,0.001333655,0.0007927421,0.5602163,-0.7639951,-0.169751,0.622492,1,1,0,0,-0.2499933,0.2499808,0,-0.001491607,-0.002241136,0.4105412,-0.8895808,0.07688469,0.4502606,1,0.75,0.25,0,3.493997E-05,0.4999936,0,0.001044573,0.0002712013,0.5927552,-0.7412456,0.2928697,0.603972,1,0.5,0,0,-0.4999771,-4.583343E-05,0,-0.001206995,0.001149473,0.3450308,-0.9585449,-0.2129828,0.189288,1,1,0.5,0,5.702761E-05,0.2499454,0,-0.001474602,-0.000841916,0.4625964,-0.8414742,0.3324935,0.4258747,1,0.5,0.25,0,0.25,0.5,0,0,0,0.6902101,-0.6805521,0.478907,0.5545239,0,0.25,0,0,-0.2499792,-1.856912E-05,0,0.001684577,-0.0002073645,0.3286115,-0.9775389,0.08450382,0.1930717,1,0.75,0.5,0,-0.4999615,-0.2499848,0,0.001592935,-0.0003680588,0.3346158,-0.9705065,-0.215622,-0.1078159,1,1,0.75,0,0.25,0.25,0,0,0,0.5719608,-0.7556247,0.5317358,0.3824767,0,0.25,0.25,0,0.5,0.5,0,0,0,0.8281943,-0.6098505,0.6173795,0.4969153,0,0,0,0,0.5,0.25,0,0,0,0.723356,-0.6621131,0.6702873,0.3351437,0,0,0.25,0,-0.2499549,-0.2500286,0,0.001461059,-0.0006332996,0.3179923,-0.9902293,0.08563045,-0.1100605,1,0.75,0.75,0,-0.4999611,-0.500027,0,4.47035E-05,5.960467E-06,0.3967187,-0.9032933,-0.2006885,-0.3791903,1,1,1,0,-0.2500103,-0.5000247,0,-0.001528115,-0.0010252,0.3812578,-0.9191408,0.07942021,-0.3858402,1,0.75,1,0,-1.006783E-05,6.730039E-06,0,-0.0005585148,0.000629989,0.3854918,-0.9147459,0.3613697,0.1806982,1,0.5,0.5,0,0.25,0,0,0,0,0.5032946,-0.8073401,0.5681282,0.1594746,0,0.25,0.5,0,0.5,0,0,0,0,0.663658,-0.6960808,0.7046744,0.1374974,0,0,0.5,0,-1.850345E-05,-0.2500073,0,-0.001179138,0.001649559,0.3755509,-0.9251318,0.365463,-0.1028008,1,0.5,0.75,0,2.962577E-05,-0.4999951,0,-0.001674971,-0.003533067,0.4349415,-0.8663644,0.3422991,-0.3636539,1,0.5,1,0,0.25,-0.25,0,0,0,0.4945351,-0.8144509,0.5731321,-0.09049455,0,0.25,0.75,0,0.5,-0.25,0,0,0,0.6561142,-0.7006228,0.7092724,-0.07784698,0,0,0.75,0,0.25,-0.5,0,0,0,0.5471867,-0.773501,0.5443155,-0.3246794,0,0.25,1,0,0.5,-0.5,0,0,0,0.7017071,-0.6740411,0.6823626,-0.2829309,0,0,1
253,0,-0.2499858,0.500006,0,0.0007160011,-0.002279879,0.5471914,-0.7734976,0.06685902,0.630263,1,0.75,0,0,-0.5000229,0.2499519,0,-0.000932813,-0.002499671,0.42551,-0.8751931,-0.1945121,0.442947,1,1,0.25,0,-0.499981,0.4999527,0,-0.0004142525,-0.001169742,0.5602032,-0.7640045,-0.1697609,0.6224776,1,1,0,0,-0.2499476,0.2500188,0,0.002286584,0.001899899,0.4105618,-0.8895607,0.07693318,0.4502921,1,0.75,0.25,0,2.956463E-05,0.500015,0,-0.0002687674,0.001071394,0.5927665,-0.7412379,0.2928618,0.6039854,1,0.5,0,0,-0.5000726,-3.313903E-05,0,-0.004777314,0.0006347206,0.3450536,-0.9585192,-0.2130902,0.1892979,1,1,0.5,0,1.930563E-05,0.24997,0,-0.001886099,0.001227111,0.4625943,-0.841476,0.332455,0.4259011,1,0.5,0.25,0,0.25,0.5,0,0,0,0.6902101,-0.6805521,0.478907,0.5545239,0,0.25,0,0,-0.2499873,-1.094562E-06,0,-0.000408292,0.0008737281,0.3286142,-0.9775358,0.0844937,0.1930922,1,0.75,0.5,0,-0.5000179,-0.2499956,0,-0.002817811,-0.0005379322,0.3346291,-0.970491,-0.2156861,-0.1078271,1,1,0.75,0,0.25,0.25,0,0,0,0.5719608,-0.7556247,0.5317358,0.3824767,0,0.25,0.25,0,0.5,0.5,0,0,0,0.8281943,-0.6098505,0.6173795,0.4969153,0,0,0,0,0.5,0.25,0,0,0,0.723356,-0.6621131,0.6702873,0.3351437,0,0,0.25,0,-0.2500593,-0.2500373,0,-0.005216898,-0.0004351141,0.3179843,-0.990239,0.08550373,-0.1100722,1,0.75,0.75,0,-0.5000189,-0.5000417,0,-0.002890826,-0.0007331374,0.3967358,-0.903276,-0.2007491,-0.3791994,1,1,1,0,-0.249984,-0.4999889,0,0.001313538,0.001794101,0.3812461,-0.919153,0.07945108,-0.3858047,1,0.75,1,0,2.526289E-05,-1.395595E-05,0,0.001766536,-0.0010343,0.3855008,-0.9147366,0.3614059,0.1806729,1,0.5,0.5,0,0.25,0,0,0,0,0.5032946,-0.8073401,0.5681282,0.1594746,0,0.25,0.5,0,0.5,0,0,0,0,0.663658,-0.6960808,0.7046744,0.1374974,0,0,0.5,0,-4.509299E-05,-0.2500659,0,-0.001329478,-0.002928079,0.3755472,-0.9251357,0.3654342,-0.1028681,1,0.5,0.75,0,-2.646867E-06,-0.50002,0,-0.001613632,-0.001242757,0.4349395,-0.8663662,0.3422653,-0.3636813,1,0.5,1,0,0.25,-0.25,0,0,0,0.4945351,-0.8144509,0.5731321,-0.09049455,0,0.25,0.75,0,0.5,-0.25,0,0,0,0.6561142,-0.7006228,0.7092724,-0.07784698,0,0,0.75,0,0.25,-0.5,0,0,0,0.5471867,-0.773501,0.5443155,-0.3246794,0,0.25,1,0,0.5,-0.5,0,0,0,0.7017071,-0.6740411,0.6823626,-0.2829309,0,0,1
254,0,-0.2500177,0.5000007,0,-0.00159517,-0.0002622606,0.5471859,-0.7735016,0.06682891,0.6302612,1,0.75,0,0,-0.4999906,0.2499557,0,0.001613796,0.0001899899,0.4255055,-0.8751974,-0.1944782,0.4429533,1,1,0.25,0,-0.5000281,0.4999246,0,-0.002351404,-0.00140667,0.5601937,-0.7640114,-0.1698068,0.6224566,1,1,0,0,-0.2500207,0.2500047,0,-0.003655256,-0.0007063153,0.4105498,-0.8895724,0.07685391,0.4502825,1,0.75,0.25,0,-5.749446E-06,0.4999268,0,-0.001765704,-0.004409255,0.592703,-0.741281,0.2928465,0.6039398,1,0.5,0,0,-0.5000217,-9.533219E-05,0,0.002545119,-0.003109659,0.345031,-0.9585447,-0.2130356,0.1892294,1,1,0.5,0,3.482312E-05,0.2499746,0,0.0007758743,0.000230223,0.4626014,-0.8414698,0.3324687,0.4259028,1,0.5,0.25,0,0.25,0.5,0,0,0,0.6902101,-0.6805521,0.478907,0.5545239,0,0.25,0,0,-0.250019,-3.214183E-05,0,-0.001584739,-0.001552364,0.3286055,-0.977546,0.08445633,0.1930567,1,0.75,0.5,0,-0.5000055,-0.2500114,0,0.0006169083,-0.000791997,0.3346281,-0.9704921,-0.2156716,-0.1078462,1,1,0.75,0,0.25,0.25,0,0,0,0.5719608,-0.7556247,0.5317358,0.3824767,0,0.25,0.25,0,0.5,0.5,0,0,0,0.8281943,-0.6098505,0.6173795,0.4969153,0,0,0,0,0.5,0.25,0,0,0,0.723356,-0.6621131,0.6702873,0.3351437,0,0,0.25,0,-0.2499657,-0.249929,0,0.004680457,0.005414339,0.3179805,-0.9902437,0.08561858,-0.1099403,1,0.75,0.75,0,-0.4999569,-0.5000458,0,0.003100933,-0.0002086163,0.3967249,-0.9032871,-0.2006824,-0.3792086,1,1,1,0,-0.2500297,-0.4999885,0,-0.002282114,1.639128E-05,0.3812423,-0.9191569,0.07939962,-0.3858059,1,0.75,1,0,-2.374398E-06,-4.727264E-05,0,-0.001381865,-0.001665835,0.3854848,-0.9147531,0.3613813,0.1806386,1,0.5,0.5,0,0.25,0,0,0,0,0.5032946,-0.8073401,0.5681282,0.1594746,0,0.25,0.5,0,0.5,0,0,0,0,0.663658,-0.6960808,0.7046744,0.1374974,0,0,0.5,0,-2.866732E-05,-0.2500933,0,0.0008212841,-0.001372398,0.3755561,-0.9251263,0.3654492,-0.1028984,1,0.5,0.75,0,-2.431964E-06,-0.500019,0,1.074516E-05,5.066397E-05,0.4349392,-0.8663665,0.3422656,-0.3636803,1,0.5,1,0,0.25,-0.25,0,0,0,0.4945351,-0.8144509,0.5731321,-0.09049455,0,0.25,0.75,0,0.5,-0.25,0,0,0,0.6561142,-0.7006228,0.7092724,-0.07784698,0,0,0.75,0,0.25,-0.5,0,0,0,0.5471867,-0.773501,0.5443155,-0.3246794,0,0.25,1,0,0.5,-0.5,0,0,0,0.7017071,-0.6740411,0.6823626,-0.2829309,0,0,1
255,0,-0.2500222,0.4999623,0,-0.0002235175,-0.001922251,0.5471615,-0.7735197,0.0668262,0.6302393,1,0.75,0,0,-0.499976,0.24996,0,0.0007286671,0.0002160669,0.4255045,-0.8751984,-0.1944626,0.4429584,1,1,0.25,0,-0.4999733,0.4999347,0,0.002738835,0.0005051495,0.5601906,-0.7640136,-0.1697556,0.6224679,1,1,0,0,-0.2500502,0.2499579,0,-0.001478196,-0.002337248,0.4105265,-0.8895952,0.07682341,0.4502427,1,0.75,0.25,0,3.595155E-06,0.499999,0,0.0004672302,0.003607573,0.5927492,-0.7412497,0.2928427,0.6039803,1,0.5,0,0,-0.4999705,-2.394559E-06,0,0.002561511,0.004646883,0.3450376,-0.9585372,-0.2129733,0.1893378,1,1,0.5,0,-2.71488E-05,0.2500279,0,-0.003098597,0.002666564,0.4626035,-0.841468,0.3324036,0.4259572,1,0.5,0.25,0,0.25,0.5,0,0,0,0.6902101,-0.6805521,0.478907,0.5545239,0,0.25,0,0,-0.2499424,-6.06406E-05,0,0.003828855,-0.001424939,0.3286065,-0.9775448,0.08454864,0.1930221,1,0.75,0.5,0,-0.5000539,-0.2500652,0,-0.00241995,-0.002686681,0.3346443,-0.9704733,-0.2157254,-0.1079085,1,1,0.75,0,0.25,0.25,0,0,0,0.5719608,-0.7556247,0.5317358,0.3824767,0,0.25,0.25,0,0.5,0.5,0,0,0,0.8281943,-0.6098505,0.6173795,0.4969153,0,0,0,0,0.5,0.25,0,0,0,0.723356,-0.6621131,0.6702873,0.3351437,0,0,0.25,0,-0.2499964,-0.2500459,0,-0.0015378,-0.005843493,0.3179907,-0.9902313,0.08557991,-0.1100818,1,0.75,0.75,0,-0.5000036,-0.5000534,0,-0.002335013,-0.0003784896,0.3967372,-0.9032747,-0.2007317,-0.3792119,1,1,1,0,-0.2500278,-0.5000017,0,9.387735E-05,-0.0006571414,0.3812476,-0.9191515,0.07940128,-0.3858186,1,0.75,1,0,7.386401E-05,-2.440725E-05,0,0.003811922,0.00114327,0.3855165,-0.9147204,0.3614544,0.180658,1,0.5,0.5,0,0.25,0,0,0,0,0.5032946,-0.8073401,0.5681282,0.1594746,0,0.25,0.5,0,0.5,0,0,0,0,0.663658,-0.6960808,0.7046744,0.1374974,0,0,0.5,0,-3.122265E-05,-0.2500243,0,-0.0001277665,0.00344813,0.3755481,-0.9251348,0.3654497,-0.1028206,1,0.5,0.75,0,1.971426E-05,-0.5000528,0,0.001107312,-0.001692773,0.4349591,-0.866348,0.3422821,-0.3637088,1,0.5,1,0,0.25,-0.25,0,0,0,0.4945351,-0.8144509,0.5731321,-0.09049455,0,0.25,0.75,0,0.5,-0.25,0,0,0,0.6561142,-0.7006228,0.7092724,-0.07784698,0,0,0.75,0,0.25,-0.5,0,0,0,0.5471867,-0.773501,0.5443155,-0.3246794,0,0.25,1,0,0.5,-0.5,0,0,0,0.7017071,-0.6740411,0.6823626,-0.2829309,0,0,1
256,0,-0.2499859,0.4999121,0,0.001811237,-0.002510847,0.5471323,-0.7735413,0.06686266,0.6302089,1,0.75,0,0,-0.4999807,0.2499632,0,-0.0002309681,0.0001572073,0.4255068,-0.8751962,-0.1944671,0.4429607,1,1,0.25,0,-0.5000005,0.5000443,0,-0.001358986,0.005480649,0.5602635,-0.763961,-0.1697696,0.6225286,1,1,0,0,-0.2499521,0.2500193,0,0.004907699,0.003070385,0.4105617,-0.8895608,0.07692823,0.4502928,1,0.75,0.25,0,2.581971E-05,0.5000151,0,0.001111228,0.000804663,0.5927655,-0.7412387,0.2928586,0.6039861,1,0.5,0,0,-0.5000122,-3.508154E-05,0,-0.002087654,-0.00163435,0.3450403,-0.9585341,-0.2130221,0.1892986,1,1,0.5,0,5.421195E-05,0.2499923,0,0.004068039,-0.001779944,0.4626154,-0.8414576,0.332484,0.4259149,1,0.5,0.25,0,0.25,0.5,0,0,0,0.6902101,-0.6805521,0.478907,0.5545239,0,0.25,0,0,-0.2500285,-4.056941E-05,0,-0.004301222,0.00100356,0.3286031,-0.9775488,0.08444517,0.1930471,1,0.75,0.5,0,-0.4998936,-0.2500501,0,0.008015337,0.000753999,0.3346081,-0.9705154,-0.2155426,-0.1078951,1,1,0.75,0,0.25,0.25,0,0,0,0.5719608,-0.7556247,0.5317358,0.3824767,0,0.25,0.25,0,0.5,0.5,0,0,0,0.8281943,-0.6098505,0.6173795,0.4969153,0,0,0,0,0.5,0.25,0,0,0,0.723356,-0.6621131,0.6702873,0.3351437,0,0,0.25,0,-0.2499346,-0.2500294,0,0.003092737,0.0008255247,0.3179942,-0.9902271,0.08565516,-0.1100612,1,0.75,0.75,0,-0.4999164,-0.500036,0,0.004360082,0.0008702282,0.3967131,-0.903299,-0.2006399,-0.3792027,1,1,1,0,-0.2499947,-0.5000333,0,0.00165403,-0.001579524,0.3812624,-0.919136,0.07943749,-0.3858479,1,0.75,1,0,-2.508823E-05,3.622803E-05,0,-0.004947614,0.003031765,0.3854917,-0.914746,0.3613528,0.1807315,1,0.5,0.5,0,0.25,0,0,0,0,0.5032946,-0.8073401,0.5681282,0.1594746,0,0.25,0.5,0,0.5,0,0,0,0,0.663658,-0.6960808,0.7046744,0.1374974,0,0,0.5,0,-5.807308E-06,-0.2500075,0,0.001270768,0.0008404258,0.3755556,-0.9251269,0.3654756,-0.1028005,1,0.5,0.75,0,5.586335E-05,-0.499992,0,0.001807455,0.003039838,0.4349493,-0.8663571,0.3423243,-0.3636475,1,0.5,1,0,0.25,-0.25,0,0,0,0.4945351,-0.8144509,0.5731321,-0.09049455,0,0.25,0.75,0,0.5,-0.25,0,0,0,0.6561142,-0.7006228,0.7092724,-0.07784698,0,0,0.75,0,0.25,-0.5,0,0,0,0.5471867,-0.773501,0.5443155,-0.3246794,0,0.25,1,0,0.5,-0.5,0,0,0,0.7017071,-0.6740411,0.6823626,-0.2829309,0,0,1
257,0,-0.2499567,0.5000531,0,0.00146255,0.007052722,0.5472231,-0.7734742,0.06688479,0.630289,1,0.75,0,0,-0.4999146,0.2499939,0,0.003305079,0.0015378,0.4255076,-0.8751954,-0.1943956,0.4429936,1,1,0.25,0,-0.499969,0.4999906,0,0.001573563,-0.0026837,0.5602248,-0.763989,-0.1697461,0.6225007,1,1,0,0,-0.2499583,0.2500288,0,-0.0003106893,0.0004738571,0.4105655,-0.8895571,0.07692108,0.4503013,1,0.75,0.25,0,5.515925E-05,0.4999495,0,0.001466978,-0.003278257,0.5927345,-0.7412597,0.2928938,0.6039432,1,0.5,0,0,-0.50005,-2.073439E-05,0,-0.001889468,0.000717358,0.3450511,-0.9585219,-0.2130641,0.1893131,1,1,0.5,0,5.457947E-05,0.2499875,0,1.837598E-05,-0.0002391637,0.4626135,-0.8414593,0.332485,0.4259108,1,0.5,0.25,0,0.25,0.5,0,0,0,0.6902101,-0.6805521,0.478907,0.5545239,0,0.25,0,0,-0.24997,-7.612425E-06,0,0.002920629,0.00164785,0.3286144,-0.9775355,0.08451452,0.1930843,1,0.75,0.5,0,-0.4999459,-0.2499992,0,-0.002615155,0.002546609,0.3346139,-0.9705086,-0.2156038,-0.1078333,1,1,0.75,0,0.25,0.25,0,0,0,0.5719608,-0.7556247,0.5317358,0.3824767,0,0.25,0.25,0,0.5,0.5,0,0,0,0.8281943,-0.6098505,0.6173795,0.4969153,0,0,0,0,0.5,0.25,0,0,0,0.723356,-0.6621131,0.6702873,0.3351437,0,0,0.25,0,-0.249999,-0.2499646,0,-0.003219397,0.003237278,0.3179815,-0.9902424,0.08557777,-0.1099837,1,0.75,0.75,0,-0.5000028,-0.499965,0,-0.004321339,0.003549458,0.3967035,-0.9033086,-0.2007384,-0.3791276,1,1,1,0,-0.2499546,-0.5000061,0,0.002004952,0.001356006,0.3812551,-0.9191436,0.07948364,-0.3858204,1,0.75,1,0,2.688703E-05,4.846013E-06,0,0.002598764,-0.001569101,0.3855048,-0.9147325,0.3614061,0.1806934,1,0.5,0.5,0,0.25,0,0,0,0,0.5032946,-0.8073401,0.5681282,0.1594746,0,0.25,0.5,0,0.5,0,0,0,0,0.663658,-0.6960808,0.7046744,0.1374974,0,0,0.5,0,-1.922011E-05,-0.2500518,0,-0.0006706404,-0.002211333,0.3755553,-0.9251272,0.3654604,-0.102851,1,0.5,0.75,0,1.18219E-05,-0.4999871,0,-0.002202073,0.0002473594,0.4349325,-0.8663728,0.3422834,-0.3636488,1,0.5,1,0,0.25,-0.25,0,0,0,0.4945351,-0.8144509,0.5731321,-0.09049455,0,0.25,0.75,0,0.5,-0.25,0,0,0,0.6561142,-0.7006228,0.7092724,-0.07784698,0,0,0.75,0,0.25,-0.5,0,0,0,0.5471867,-0.773501,0.5443155,-0.3246794,0,0.25,1,0,0.5,-0.5,0,0,0,0.7017071,-0.6740411,0.6823626,-0.2829309,0,0,1
258,0,-0.2500079,0.5000475,0,-0.00256002,-0.0002801419,0.5472162,-0.7734793,0.06683634,0.6302878,1,0.75,0,0,-0.4999288,0.2500643,0,-0.0007122758,0.00351593,0.4255415,-0.8751633,-0.1944038,0.4430533,1,1,0.25,0,-0.4999529,0.4999699,0,0.0008061531,-0.001035631,0.5602092,-0.7640002,-0.1697334,0.6224903,1,1,0,0,-0.2499449,0.2500486,0,0.0006727877,0.0009879473,0.4105754,-0.8895474,0.07693503,0.4503181,1,0.75,0.25,0,4.846608E-05,0.5000335,0,-0.0003346585,0.004199149,0.5927832,-0.7412266,0.2928746,0.6039931,1,0.5,0,0,-0.4999222,2.409362E-05,0,0.00638813,0.002241401,0.3450324,-0.9585431,-0.2129176,0.1893704,1,1,0.5,0,7.108956E-05,0.2500592,0,0.000825505,0.003582241,0.4626495,-0.8414278,0.3324897,0.4259693,1,0.5,0.25,0,0.25,0.5,0,0,0,0.6902101,-0.6805521,0.478907,0.5545239,0,0.25,0,0,-0.2500353,2.515708E-05,0,-0.003260375,0.001638476,0.3286152,-0.9775346,0.08443574,0.1931236,1,0.75,0.5,0,-0.4999622,-0.2500222,0,-0.0008136038,-0.00115186,0.3346199,-0.9705016,-0.2156218,-0.1078601,1,1,0.75,0,0.25,0.25,0,0,0,0.5719608,-0.7556247,0.5317358,0.3824767,0,0.25,0.25,0,0.5,0.5,0,0,0,0.8281943,-0.6098505,0.6173795,0.4969153,0,0,0,0,0.5,0.25,0,0,0,0.723356,-0.6621131,0.6702873,0.3351437,0,0,0.25,0,-0.2499586,-0.2499269,0,0.002015383,0.001888723,0.3179808,-0.9902433,0.08562712,-0.1099376,1,0.75,0.75,0,-0.4999605,-0.4999665,0,0.002115966,-7.450584E-05,0.3966956,-0.9033166,-0.200693,-0.3791326,1,1,1,0,-0.2499848,-0.4999458,0,-0.001508743,0.003014506,0.3812295,-0.9191704,0.07945172,-0.3857631,1,0.75,1,0,1.427511E-05,2.930977E-05,0,-0.0006305967,0.001223188,0.3855047,-0.9147326,0.361392,0.180721,1,0.5,0.5,0,0.25,0,0,0,0,0.5032946,-0.8073401,0.5681282,0.1594746,0,0.25,0.5,0,0.5,0,0,0,0,0.663658,-0.6960808,0.7046744,0.1374974,0,0,0.5,0,-2.406222E-05,-0.250009,0,-0.0002421056,0.002136827,0.3755491,-0.9251338,0.3654574,-0.102803,1,0.5,0.75,0,1.83784E-05,-0.500005,0,0.0003278253,-0.0008970503,0.4349413,-0.8663645,0.3422872,-0.3636646,1,0.5,1,0,0.25,-0.25,0,0,0,0.4945351,-0.8144509,0.5731321,-0.09049455,0,0.25,0.75,0,0.5,-0.25,0,0,0,0.6561142,-0.7006228,0.7092724,-0.07784698,0,0,0.75,0,0.25,-0.5,0,0,0,0.5471867,-0.773501,0.5443155,-0.3246794,0,0.25,1,0,0.5,-0.5,0,0,0,0.7017071,-0.6740411,0.6823626,-0.2829309,0,0,1
259,0,-0.2500225,0.5000424,0,-0.0007286671,-0.0002533198,0.5472119,-0.7734824,0.06682269,0.6302854,1,0.75,0,0,-0.4999912,0.2500913,0,-0.003118814,0.001351536,0.4255656,-0.8751405,-0.1944662,0.443071,1,1,0.25,0,-0.4999393,0.5000607,0,0.0006780031,0.004538896,0.5602633,-0.7639612,-0.1697119,0.6225441,1,1,0,0,-0.2500208,0.2500249,0,-0.003797562,-0.001184643,0.4105589,-0.8895636,0.07685301,0.4503002,1,0.75,0.25,0,1.320278E-05,0.4999998,0,-0.001763166,-0.001685322,0.5927526,-0.7412474,0.2928506,0.6039792,1,0.5,0,0,-0.4999475,4.561733E-05,0,-0.001263619,0.001076186,0.3450418,-0.9585325,-0.2129451,0.1893937,1,1,0.5,0,3.026558E-05,0.2499398,0,-0.0020412,-0.005965682,0.4625851,-0.8414841,0.3324696,0.4258738,1,0.5,0.25,0,0.25,0.5,0,0,0,0.6902101,-0.6805521,0.478907,0.5545239,0,0.25,0,0,-0.2499975,-1.466939E-05,0,0.001889468,-0.001991324,0.3286107,-0.9775399,0.08448181,0.1930766,1,0.75,0.5,0,-0.4999638,-0.2499212,0,-7.748607E-05,0.005050005,0.3346094,-0.9705139,-0.2156263,-0.1077405,1,1,0.75,0,0.25,0.25,0,0,0,0.5719608,-0.7556247,0.5317358,0.3824767,0,0.25,0.25,0,0.5,0.5,0,0,0,0.8281943,-0.6098505,0.6173795,0.4969153,0,0,0,0,0.5,0.25,0,0,0,0.723356,-0.6621131,0.6702873,0.3351437,0,0,0.25,0,-0.2499136,-0.2499327,0,0.002253802,-0.0002928079,0.3179854,-0.9902378,0.08568175,-0.1099442,1,0.75,0.75,0,-0.4999281,-0.4999653,0,0.001616777,5.811455E-05,0.3966887,-0.9033235,-0.2006584,-0.3791342,1,1,1,0,-0.2500001,-0.4999873,0,-0.0007674101,-0.002072752,0.3812442,-0.919155,0.07943297,-0.3858038,1,0.75,1,0,8.02475E-06,4.56976E-05,0,-0.0003125179,0.0008193917,0.3855054,-0.9147319,0.3613846,0.1807394,1,0.5,0.5,0,0.25,0,0,0,0,0.5032946,-0.8073401,0.5681282,0.1594746,0,0.25,0.5,0,0.5,0,0,0,0,0.663658,-0.6960808,0.7046744,0.1374974,0,0,0.5,0,-2.53026E-06,-0.2499687,0,0.001076598,0.002015383,0.3755528,-0.9251298,0.3654805,-0.1027565,1,0.5,0.75,0,5.009455E-05,-0.5000507,0,0.001585808,-0.002282859,0.4349687,-0.8663391,0.342311,-0.3637027,1,0.5,1,0,0.25,-0.25,0,0,0,0.4945351,-0.8144509,0.5731321,-0.09049455,0,0.25,0.75,0,0.5,-0.25,0,0,0,0.6561142,-0.7006228,0.7092724,-0.07784698,0,0,0.75,0,0.25,-0.5,0,0,0,0.5471867,-0.773501,0.5443155,-0.3246794,0,0.25,1,0,0.5,-0.5,0,0,0,0.7017071,-0.6740411,0.6823626,-0.2829309,0,0,1
260,0,-0.2499913,0.4999966,0,0.001557917,-0.00229329,0.5471852,-0.7735022,0.06685416,0.6302577,1,0.75,0,0,-0.5000352,0.2500099,0,-0.002199412,-0.004068018,0.4255381,-0.8751665,-0.1945195,0.4429963,1,1,0.25,0,-0.4999218,0.5000114,0,0.0008776787,-0.002464653,0.5602297,-0.7639854,-0.1697008,0.6225174,1,1,0,0,-0.2499554,0.250019,0,0.003267826,-0.0002920629,0.4105613,-0.8895612,0.07692458,0.4502926,1,0.75,0.25,0,6.766839E-05,0.4999889,0,0.002723282,-0.0005438926,0.5927619,-0.7412411,0.2928979,0.603964,1,0.5,0,0,-0.4999955,6.691378E-05,0,-0.002399088,0.001064823,0.3450561,-0.9585162,-0.2129983,0.1894157,1,1,0.5,0,-5.876847E-06,0.2499662,0,-0.001807122,0.001318753,0.4625843,-0.8414847,0.3324323,0.4259016,1,0.5,0.25,0,0.25,0.5,0,0,0,0.6902101,-0.6805521,0.478907,0.5545239,0,0.25,0,0,-0.2500122,-1.776351E-05,0,-0.0007361177,-0.0001547062,0.3286089,-0.977542,0.08446422,0.1930733,1,0.75,0.5,0,-0.5000371,-0.2499195,0,-0.003668667,8.41916E-05,0.334625,-0.9704957,-0.2157102,-0.1077364,1,1,0.75,0,0.25,0.25,0,0,0,0.5719608,-0.7556247,0.5317358,0.3824767,0,0.25,0.25,0,0.5,0.5,0,0,0,0.8281943,-0.6098505,0.6173795,0.4969153,0,0,0,0,0.5,0.25,0,0,0,0.723356,-0.6621131,0.6702873,0.3351437,0,0,0.25,0,-0.2500214,-0.2499988,0,-0.005389752,-0.003302099,0.3179834,-0.9902402,0.08555018,-0.1100252,1,0.75,0.75,0,-0.4999684,-0.4999631,0,-0.002011657,0.0001117588,0.3966959,-0.9033163,-0.2007017,-0.3791286,1,1,1,0,-0.2499776,-0.4999399,0,0.001128018,0.002367795,0.3812277,-0.9191722,0.07946005,-0.3857572,1,0.75,1,0,1.92836E-05,-1.462859E-05,0,0.0005629427,-0.003016311,0.3854985,-0.914739,0.3614001,0.1806726,1,0.5,0.5,0,0.25,0,0,0,0,0.5032946,-0.8073401,0.5681282,0.1594746,0,0.25,0.5,0,0.5,0,0,0,0,0.663658,-0.6960808,0.7046744,0.1374974,0,0,0.5,0,-5.26292E-05,-0.2500275,0,-0.002504948,-0.002937765,0.3755406,-0.9251428,0.3654284,-0.102825,1,0.5,0.75,0,3.802931E-05,-0.500045,0,-0.0006032625,0.0002831222,0.4349625,-0.8663449,0.3423004,-0.3636991,1,0.5,1,0,0.25,-0.25,0,0,0,0.4945351,-0.8144509,0.5731321,-0.09049455,0,0.25,0.75,0,0.5,-0.25,0,0,0,0.6561142,-0.7006228,0.7092724,-0.07784698,0,0,0.75,0,0.25,-0.5,0,0,0,0.5471867,-0.773501,0.5443155,-0.3246794,0,0.25,1,0,0.5,-0.5,0,0,0,0.7017071,-0.6740411,0.6823626,-0.2829309,0,0,1
261,0,-0.2500133,0.4999174,0,-0.001100451,-0.00395775,0.5471338,-0.7735401,0.06683642,0.6302131,1,0.75,0,0,-0.4999241,0.2499897,0,0.005555155,-0.001010299,0.4255075,-0.8751954,-0.1944058,0.4429891,1,1,0.25,0,-0.4999863,0.4999699,0,-0.003227593,-0.002075733,0.5602148,-0.7639962,-0.169764,0.6224869,1,1,0,0,-0.2500178,0.2500236,0,-0.003115834,0.0002279879,0.4105585,-0.8895639,0.07685638,0.450299,1,0.75,0.25,0,1.076676E-06,0.500034,0,-0.003329587,0.002253057,0.5927696,-0.7412359,0.2928349,0.604001,1,0.5,0,0,-0.4999857,-5.941202E-05,0,0.0004902484,-0.006316293,0.3450301,-0.9585458,-0.2129932,0.1892721,1,1,0.5,0,2.435505E-05,0.2499799,0,0.001511595,0.0006839636,0.4626002,-0.8414709,0.3324582,0.4259088,1,0.5,0.25,0,0.25,0.5,0,0,0,0.6902101,-0.6805521,0.478907,0.5545239,0,0.25,0,0,-0.2500531,-3.495513E-05,0,-0.00204593,-0.0008595814,0.3286021,-0.97755,0.08441553,0.1930541,1,0.75,0.5,0,-0.4999449,-0.2500096,0,0.004613401,-0.004503878,0.3346148,-0.9705076,-0.2156023,-0.1078457,1,1,0.75,0,0.25,0.25,0,0,0,0.5719608,-0.7556247,0.5317358,0.3824767,0,0.25,0.25,0,0.5,0.5,0,0,0,0.8281943,-0.6098505,0.6173795,0.4969153,0,0,0,0,0.5,0.25,0,0,0,0.723356,-0.6621131,0.6702873,0.3351437,0,0,0.25,0,-0.2499992,-0.2499405,0,0.001109392,0.002914668,0.3179789,-0.9902456,0.08557778,-0.1099545,1,0.75,0.75,0,-0.4999629,-0.4999634,0,0.0002756716,-1.490117E-05,0.3966949,-0.9033173,-0.2006958,-0.3791294,1,1,1,0,-0.249996,-0.4999587,0,-0.0009216372,-0.0009387735,0.3812335,-0.9191661,0.07943862,-0.385776,1,0.75,1,0,-6.754642E-06,5.483075E-05,0,-0.001301913,0.003472969,0.3855017,-0.9147357,0.3613694,0.1807505,1,0.5,0.5,0,0.25,0,0,0,0,0.5032946,-0.8073401,0.5681282,0.1594746,0,0.25,0.5,0,0.5,0,0,0,0,0.663658,-0.6960808,0.7046744,0.1374974,0,0,0.5,0,-4.754426E-05,-0.2499654,0,0.0002542466,0.003106148,0.375536,-0.9251475,0.3654361,-0.1027546,1,0.5,0.75,0,5.858442E-05,-0.4999219,0,0.001027756,0.006155672,0.4349248,-0.8663799,0.3423362,-0.3635821,1,0.5,1,0,0.25,-0.25,0,0,0,0.4945351,-0.8144509,0.5731321,-0.09049455,0,0.25,0.75,0,0.5,-0.25,0,0,0,0.6561142,-0.7006228,0.7092724,-0.07784698,0,0,0.75,0,0.25,-0.5,0,0,0,0.5471867,-0.773501,0.5443155,-0.3246794,0,0.25,1,0,0.5,-0.5,0,0,0,0.7017071,-0.6740411,0.6823626,-0.2829309,0,0,1
262,0,-0.250005,0.5000374,0,0.0004172327,0.00599772,0.54721,-0.7734839,0.06683952,0.6302818,1,0.75,0,0,-0.5000127,0.2499765,0,-0.004431607,-0.0006593766,0.4255189,-0.8751847,-0.1944992,0.4429694,1,1,0.25,0,-0.5000298,0.4999563,0,-0.00217408,-0.0006780031,0.5602137,-0.763997,-0.1698052,0.6224748,1,1,0,0,-0.2500166,0.2499701,0,5.960467E-05,-0.002673269,0.4105346,-0.8895873,0.07685971,0.4502521,1,0.75,0.25,0,-2.085354E-05,0.5000353,0,-0.001096511,6.556514E-05,0.592764,-0.7412396,0.2928163,0.6040053,1,0.5,0,0,-0.4999936,-7.916595E-05,0,-0.000396371,-0.0009876967,0.345028,-0.9585481,-0.2130031,0.1892491,1,1,0.5,0,-1.341626E-05,0.249986,0,-0.001888566,0.0003054739,0.4625902,-0.8414796,0.3324224,0.4259196,1,0.5,0.25,0,0.25,0.5,0,0,0,0.6902101,-0.6805521,0.478907,0.5545239,0,0.25,0,0,-0.2500376,-1.918027E-05,0,0.0007733706,0.0007887437,0.3286064,-0.9775449,0.08443376,0.1930721,1,0.75,0.5,0,-0.4999407,-0.2499309,0,0.0002086163,0.003936888,0.3346055,-0.9705185,-0.2155997,-0.1077525,1,1,0.75,0,0.25,0.25,0,0,0,0.5719608,-0.7556247,0.5317358,0.3824767,0,0.25,0.25,0,0.5,0.5,0,0,0,0.8281943,-0.6098505,0.6173795,0.4969153,0,0,0,0,0.5,0.25,0,0,0,0.723356,-0.6621131,0.6702873,0.3351437,0,0,0.25,0,-0.2499945,-0.2499763,0,0.0002361835,-0.00179261,0.3179832,-0.9902404,0.0855831,-0.1099978,1,0.75,0.75,0,-0.5001004,-0.4999714,0,-0.006878379,-0.0003993513,0.3967255,-0.9032864,-0.2008423,-0.3791254,1,1,1,0,-0.2500233,-0.5000358,0,-0.001365692,-0.003851952,0.3812611,-0.9191374,0.07940514,-0.3858514,1,0.75,1,0,4.965611E-06,-2.367894E-05,0,0.0005860128,-0.003925486,0.3854917,-0.914746,0.3613867,0.1806638,1,0.5,0.5,0,0.25,0,0,0,0,0.5032946,-0.8073401,0.5681282,0.1594746,0,0.25,0.5,0,0.5,0,0,0,0,0.663658,-0.6960808,0.7046744,0.1374974,0,0,0.5,0,-1.270751E-05,-0.2499912,0,0.001741838,-0.001290441,0.3755514,-0.9251313,0.3654695,-0.1027823,1,0.5,0.75,0,-7.935773E-05,-0.5000096,0,-0.00689711,-0.004385414,0.4349095,-0.866394,0.3421942,-0.3636819,1,0.5,1,0,0.25,-0.25,0,0,0,0.4945351,-0.8144509,0.5731321,-0.09049455,0,0.25,0.75,0,0.5,-0.25,0,0,0,0.6561142,-0.7006228,0.7092724,-0.07784698,0,0,0.75,0,0.25,-0.5,0,0,0,0.5471867,-0.773501,0.5443155,-0.3246794,0,0.25,1,0,0.5,-0.5,0,0,0,0.7017071,-0.6740411,0.6823626,-0.2829309,0,0,1
263,0,-0.2499784,0.4999925,0,0.001329184,-0.002244116,0.5471834,-0.7735035,0.06686661,0.6302549,1,0.75,0,0,-0.4999517,0.2500282,0,0.003051759,0.002584607,0.42553,-0.8751743,-0.1944309,0.4430199,1,1,0.25,0,-0.499954,0.5000242,0,0.003792347,0.003394486,0.560243,-0.7639758,-0.169729,0.6225216,1,1,0,0,-0.2499754,0.2500643,0,0.002060831,0.004708769,0.4105802,-0.8895428,0.07690112,0.450333,1,0.75,0.25,0,4.351204E-05,0.4999729,0,0.00321828,-0.003121794,0.5927452,-0.7412524,0.2928803,0.6039586,1,0.5,0,0,-0.4999835,4.331522E-05,0,0.0005081298,0.006124061,0.3450491,-0.9585242,-0.2129858,0.1893894,1,1,0.5,0,2.729389E-05,0.2499213,0,0.002035508,-0.003237278,0.4625762,-0.8414918,0.3324696,0.4258585,1,0.5,0.25,0,0.25,0.5,0,0,0,0.6902101,-0.6805521,0.478907,0.5545239,0,0.25,0,0,-0.2499964,4.340417E-05,0,0.002060831,0.003129223,0.328622,-0.9775265,0.08448191,0.1931441,1,0.75,0.5,0,-0.4998894,-0.2500466,0,0.002563001,-0.005789103,0.3346069,-0.9705168,-0.2155379,-0.1078911,1,1,0.75,0,0.25,0.25,0,0,0,0.5719608,-0.7556247,0.5317358,0.3824767,0,0.25,0.25,0,0.5,0.5,0,0,0,0.8281943,-0.6098505,0.6173795,0.4969153,0,0,0,0,0.5,0.25,0,0,0,0.723356,-0.6621131,0.6702873,0.3351437,0,0,0.25,0,-0.2499398,-0.2500156,0,0.002735109,-0.001963229,0.3179922,-0.9902295,0.08564903,-0.1100446,1,0.75,0.75,0,-0.4999687,-0.5000948,0,0.006587806,-0.006169083,0.3967459,-0.903266,-0.2006909,-0.3792544,1,1,1,0,-0.2499458,-0.4999878,0,0.003877284,0.002399088,0.3812487,-0.9191503,0.07949425,-0.3858023,1,0.75,1,0,5.093968E-05,2.55641E-06,0,0.002298704,0.001311768,0.3855131,-0.9147239,0.3614299,0.1806891,1,0.5,0.5,0,0.25,0,0,0,0,0.5032946,-0.8073401,0.5681282,0.1594746,0,0.25,0.5,0,0.5,0,0,0,0,0.663658,-0.6960808,0.7046744,0.1374974,0,0,0.5,0,-5.6967E-05,-0.2499658,0,-0.002212975,0.001270324,0.3755326,-0.9251511,0.3654267,-0.1027555,1,0.5,0.75,0,9.10179E-05,-0.4999869,0,0.008518784,0.001132489,0.4349596,-0.8663476,0.3423581,-0.3636381,1,0.5,1,0,0.25,-0.25,0,0,0,0.4945351,-0.8144509,0.5731321,-0.09049455,0,0.25,0.75,0,0.5,-0.25,0,0,0,0.6561142,-0.7006228,0.7092724,-0.07784698,0,0,0.75,0,0.25,-0.5,0,0,0,0.5471867,-0.773501,0.5443155,-0.3246794,0,0.25,1,0,0.5,-0.5,0,0,0,0.7017071,-0.6740411,0.6823626,-0.2829309,0,0,1
264,0,-0.2500355,0.5000743,0,-0.002855064,0.00409186,0.5472312,-0.7734682,0.06680903,0.6303043,1,0.75,0,0,-0.4999572,0.2500168,0,-0.0002756716,-0.0005722048,0.425526,-0.875178,-0.1944377,0.4430095,1,1,0.25,0,-0.5000282,0.499985,0,-0.003711881,-0.001959503,0.5602313,-0.7639842,-0.1698009,0.6224915,1,1,0,0,-0.2499956,0.2500893,0,-0.001011044,0.001250208,0.4105899,-0.8895333,0.0768781,0.4503557,1,0.75,0.25,0,-5.12111E-05,0.4999891,0,-0.004736159,0.0008121136,0.5927273,-0.7412645,0.2927984,0.6039833,1,0.5,0,0,-0.4999674,5.411159E-06,0,0.0008031729,-0.001895204,0.3450385,-0.9585363,-0.2129695,0.1893469,1,1,0.5,0,4.818915E-05,0.2500299,0,0.001044763,0.005431476,0.4626294,-0.8414453,0.3324729,0.4259478,1,0.5,0.25,0,0.25,0.5,0,0,0,0.6902101,-0.6805521,0.478907,0.5545239,0,0.25,0,0,-0.2499861,3.926718E-05,0,0.0005185606,-0.0002068497,0.328622,-0.9775265,0.08449442,0.193139,1,0.75,0.5,0,-0.4999205,-0.2500216,0,-0.001555682,0.001253188,0.3346109,-0.9705122,-0.2155742,-0.1078605,1,1,0.75,0,0.25,0.25,0,0,0,0.5719608,-0.7556247,0.5317358,0.3824767,0,0.25,0.25,0,0.5,0.5,0,0,0,0.8281943,-0.6098505,0.6173795,0.4969153,0,0,0,0,0.5,0.25,0,0,0,0.723356,-0.6621131,0.6702873,0.3351437,0,0,0.25,0,-0.249965,-0.2500205,0,-0.001262129,-0.0002473594,0.3179906,-0.9902315,0.08561834,-0.1100508,1,0.75,0.75,0,-0.4999839,-0.4999849,0,-0.0007614496,0.005495551,0.3967072,-0.9033049,-0.2007165,-0.3791481,1,1,1,0,-0.2500571,-0.5000523,0,-0.005565586,-0.003227593,0.3812647,-0.9191335,0.07936649,-0.3858685,1,0.75,1,0,6.46518E-05,-2.004731E-05,0,0.0006856063,-0.001130187,0.385514,-0.914723,0.361445,0.1806634,1,0.5,0.5,0,0.25,0,0,0,0,0.5032946,-0.8073401,0.5681282,0.1594746,0,0.25,0.5,0,0.5,0,0,0,0,0.663658,-0.6960808,0.7046744,0.1374974,0,0,0.5,0,-5.845246E-06,-0.2500217,0,0.002556089,-0.002798439,0.3755571,-0.9251253,0.3654749,-0.1028165,1,0.5,0.75,0,-2.233369E-05,-0.5000427,0,-0.005667582,-0.002789499,0.4349411,-0.8663648,0.3422437,-0.363705,1,0.5,1,0,0.25,-0.25,0,0,0,0.4945351,-0.8144509,0.5731321,-0.09049455,0,0.25,0.75,0,0.5,-0.25,0,0,0,0.6561142,-0.7006228,0.7092724,-0.07784698,0,0,0.75,0,0.25,-0.5,0,0,0,0.5471867,-0.773501,0.5443155,-0.3246794,0,0.25,1,0,0.5,-0.5,0,0,0,0.7017071,-0.6740411,0.6823626,-0.2829309,0,0,1
265,0,-0.2500486,0.5000309,0,-0.0006571414,-0.00217259,0.5472029,-0.7734891,0.06679828,0.6302798,1,0.75,0,0,-0.4999356,0.2499747,0,0.001078845,-0.00210479,0.4255031,-0.8751996,-0.1944192,0.4429749,1,1,0.25,0,-0.5000007,0.5000145,0,0.001373888,0.001476706,0.560245,-0.7639744,-0.1697728,0.6225113,1,1,0,0,-0.2499469,0.2500506,0,0.002434851,-0.001934172,0.4105762,-0.8895467,0.07693274,0.45032,1,0.75,0.25,0,3.801596E-06,0.4999815,0,0.002750636,-0.0003784896,0.5927387,-0.7412568,0.2928457,0.6039701,1,0.5,0,0,-0.5000535,5.482245E-06,0,-0.004306437,3.554307E-06,0.3450568,-0.9585154,-0.2130668,0.1893429,1,1,0.5,0,6.659084E-06,0.2500236,0,-0.002076504,-0.0003129245,0.4626129,-0.8414597,0.3324354,0.4259486,1,0.5,0.25,0,0.25,0.5,0,0,0,0.6902101,-0.6805521,0.478907,0.5545239,0,0.25,0,0,-0.2500511,-4.535417E-06,0,-0.003254415,-0.002190131,0.3286081,-0.9775429,0.08441729,0.1930894,1,0.75,0.5,0,-0.4999746,-0.2500143,0,-0.002701582,0.0003650786,0.3346217,-0.9704995,-0.2156361,-0.1078504,1,1,0.75,0,0.25,0.25,0,0,0,0.5719608,-0.7556247,0.5317358,0.3824767,0,0.25,0.25,0,0.5,0.5,0,0,0,0.8281943,-0.6098505,0.6173795,0.4969153,0,0,0,0,0.5,0.25,0,0,0,0.723356,-0.6621131,0.6702873,0.3351437,0,0,0.25,0,-0.2499245,-0.2499877,0,0.002022833,0.001642109,0.3179904,-0.9902316,0.08566782,-0.1100107,1,0.75,0.75,0,-0.4998634,-0.5000625,0,0.006024542,-0.003883244,0.3967125,-0.9032995,-0.2005809,-0.3792325,1,1,1,0,-0.2499785,-0.4999701,0,0.003932418,0.004112722,0.3812393,-0.9191601,0.07945803,-0.3857864,1,0.75,1,0,-2.748284E-05,1.289184E-05,0,-0.004606734,0.001646958,0.3854866,-0.9147513,0.3613522,0.1807062,1,0.5,0.5,0,0.25,0,0,0,0,0.5032946,-0.8073401,0.5681282,0.1594746,0,0.25,0.5,0,0.5,0,0,0,0,0.663658,-0.6960808,0.7046744,0.1374974,0,0,0.5,0,-5.169788E-05,-0.2500038,0,-0.002292633,0.0008955601,0.3755385,-0.925145,0.3654303,-0.1027982,1,0.5,0.75,0,4.451194E-05,-0.5000039,0,0.003342283,0.001940132,0.4349498,-0.8663567,0.342312,-0.3636601,1,0.5,1,0,0.25,-0.25,0,0,0,0.4945351,-0.8144509,0.5731321,-0.09049455,0,0.25,0.75,0,0.5,-0.25,0,0,0,0.6561142,-0.7006228,0.7092724,-0.07784698,0,0,0.75,0,0.25,-0.5,0,0,0,0.5471867,-0.773501,0.5443155,-0.3246794,0,0.25,1,0,0.5,-0.5,0,0,0,0.7017071,-0.6740411,0.6823626,-0.2829309,0,0,1
266,0,-0.249984,0.500019,0,0.003231318,-0.0005930664,0.5471997,-0.7734914,0.0668602,0.6302704,1,0.75,0,0,-0.4999337,0.2500027,0,9.238724E-05,0.001399965,0.4255152,-0.8751882,-0.1944147,0.4429994,1,1,0.25,0,-0.4999329,0.4999906,0,0.003388525,-0.001198054,0.5602186,-0.7639934,-0.1697131,0.6225042,1,1,0,0,-0.2499828,0.2500043,0,-0.001794101,-0.002315641,0.4105526,-0.8895698,0.07689533,0.4502808,1,0.75,0.25,0,2.697165E-05,0.4999862,0,0.001158503,0.0002324582,0.5927484,-0.7412502,0.2928643,0.603969,1,0.5,0,0,-0.4999844,-3.541357E-05,0,0.003457071,-0.002044792,0.3450344,-0.9585409,-0.2129906,0.1892995,1,1,0.5,0,5.316437E-05,0.2500098,0,0.002325265,-0.0006929043,0.4626225,-0.8414514,0.3324805,0.42593,1,0.5,0.25,0,0.25,0.5,0,0,0,0.6902101,-0.6805521,0.478907,0.5545239,0,0.25,0,0,-0.2499831,-3.181372E-05,0,0.003399701,-0.001363916,0.3286086,-0.9775424,0.0844993,0.1930564,1,0.75,0.5,0,-0.4999998,-0.2500465,0,-0.001259149,-0.001609326,0.3346306,-0.9704892,-0.215664,-0.1078878,1,1,0.75,0,0.25,0.25,0,0,0,0.5719608,-0.7556247,0.5317358,0.3824767,0,0.25,0.25,0,0.5,0.5,0,0,0,0.8281943,-0.6098505,0.6173795,0.4969153,0,0,0,0,0.5,0.25,0,0,0,0.723356,-0.6621131,0.6702873,0.3351437,0,0,0.25,0,-0.2499901,-0.2499373,0,-0.003279002,0.002522022,0.3179793,-0.9902452,0.08558881,-0.1099505,1,0.75,0.75,0,-0.499972,-0.4999898,0,-0.005431476,0.003635885,0.3967068,-0.9033054,-0.2007034,-0.3791538,1,1,1,0,-0.249942,-0.4999893,0,0.001820923,-0.0009611253,0.3812496,-0.9191493,0.07949843,-0.3858036,1,0.75,1,0,-3.991113E-05,4.516916E-05,0,-0.000621415,0.001613867,0.385488,-0.9147499,0.3613376,0.1807423,1,0.5,0.5,0,0.25,0,0,0,0,0.5032946,-0.8073401,0.5681282,0.1594746,0,0.25,0.5,0,0.5,0,0,0,0,0.663658,-0.6960808,0.7046744,0.1374974,0,0,0.5,0,-2.744559E-05,-0.2499964,0,0.001212615,0.0003695489,0.3755466,-0.9251364,0.3654546,-0.1027889,1,0.5,0.75,0,2.852958E-05,-0.4999167,0,-0.0007991179,0.004363062,0.4349126,-0.8663911,0.3423085,-0.3635812,1,0.5,1,0,0.25,-0.25,0,0,0,0.4945351,-0.8144509,0.5731321,-0.09049455,0,0.25,0.75,0,0.5,-0.25,0,0,0,0.6561142,-0.7006228,0.7092724,-0.07784698,0,0,0.75,0,0.25,-0.5,0,0,0,0.5471867,-0.773501,0.5443155,-0.3246794,0,0.25,1,0,0.5,-0.5,0,0,0,0.7017071,-0.6740411,0.6823626,-0.2829309,0,0,1
267,0,-0.2500145,0.4999912,0,-0.001523644,-0.001388789,0.5471802,-0.7735059,0.06683235,0.6302557,1,0.75,0,0,-0.4999942,0.2499965,0,-0.003024937,-0.0003106893,0.4255242,-0.8751797,-0.1944782,0.4429884,1,1,0.25,0,-0.4999836,0.4999796,0,-0.002533198,-0.0005468728,0.5602204,-0.7639921,-0.1697606,0.6224929,1,1,0,0,-0.2500166,0.2500213,0,-0.001690537,0.0008478764,0.4105576,-0.8895649,0.07685777,0.4502969,1,0.75,0.25,0,1.44824E-06,0.4999964,0,-0.001276171,0.0005096199,0.5927471,-0.7412511,0.2928413,0.6039791,1,0.5,0,0,-0.4999475,-3.079657E-05,0,0.001841784,0.0002308502,0.3450274,-0.9585488,-0.2129488,0.1893065,1,1,0.5,0,3.395984E-05,0.2499572,0,-0.0009602269,-0.002629311,0.4625937,-0.8414766,0.3324705,0.4258881,1,0.5,0.25,0,0.25,0.5,0,0,0,0.6902101,-0.6805521,0.478907,0.5545239,0,0.25,0,0,-0.2499656,4.132222E-05,0,0.0008784238,0.003656799,0.3286242,-0.977524,0.08451891,0.193141,1,0.75,0.5,0,-0.4999777,-0.2499352,0,0.001104177,0.005564096,0.3346139,-0.9705087,-0.2156419,-0.1077566,1,1,0.75,0,0.25,0.25,0,0,0,0.5719608,-0.7556247,0.5317358,0.3824767,0,0.25,0.25,0,0.5,0.5,0,0,0,0.8281943,-0.6098505,0.6173795,0.4969153,0,0,0,0,0.5,0.25,0,0,0,0.723356,-0.6621131,0.6702873,0.3351437,0,0,0.25,0,-0.2499303,-0.2499986,0,0.002992899,-0.00306964,0.3179911,-0.9902308,0.08566075,-0.110024,1,0.75,0.75,0,-0.5000709,-0.4999555,0,-0.004944207,0.001716614,0.3967136,-0.9032984,-0.2008121,-0.3791127,1,1,1,0,-0.2500535,-0.5000449,0,-0.005573037,-0.002779068,0.3812622,-0.9191362,0.07937081,-0.3858612,1,0.75,1,0,8.899731E-06,1.376144E-05,0,0.002440544,-0.001570387,0.3854999,-0.9147375,0.3613878,0.1807044,1,0.5,0.5,0,0.25,0,0,0,0,0.5032946,-0.8073401,0.5681282,0.1594746,0,0.25,0.5,0,0.5,0,0,0,0,0.663658,-0.6960808,0.7046744,0.1374974,0,0,0.5,0,-5.950614E-05,-0.2500257,0,-0.001603028,-0.001466275,0.3755379,-0.9251456,0.3654216,-0.1028234,1,0.5,0.75,0,-6.672626E-05,-0.4999975,0,-0.004762794,-0.004039706,0.4349094,-0.8663941,0.3422078,-0.3636689,1,0.5,1,0,0.25,-0.25,0,0,0,0.4945351,-0.8144509,0.5731321,-0.09049455,0,0.25,0.75,0,0.5,-0.25,0,0,0,0.6561142,-0.7006228,0.7092724,-0.07784698,0,0,0.75,0,0.25,-0.5,0,0,0,0.5471867,-0.773501,0.5443155,-0.3246794,0,0.25,1,0,0.5,-0.5,0,0,0,0.7017071,-0.6740411,0.6823626,-0.2829309,0,0,1
268,0,-0.2500213,0.5000761,0,-0.0003412367,0.004243853,0.5472332,-0.7734667,0.06682245,0.6303048,1,0.75,0,0,-0.49997,0.2499902,0,0.001211465,-0.0003151597,0.4255167,-0.8751869,-0.1944536,0.4429852,1,1,0.25,0,-0.5000243,0.5000069,0,-0.002035499,0.001360477,0.5602442,-0.763975,-0.1697952,0.6225046,1,1,0,0,-0.2499689,0.2500739,0,0.002381952,0.002630056,0.4105849,-0.8895381,0.07690778,0.4503412,1,0.75,0.25,0,-1.659553E-05,0.4999757,0,-0.000902189,-0.001035631,0.5927292,-0.7412633,0.2928295,0.60397,1,0.5,0,0,-0.5000003,-2.607643E-05,0,-0.002637506,0.0002360071,0.3450395,-0.9585351,-0.2130082,0.1893094,1,1,0.5,0,9.060616E-05,0.2499371,0,0.002832317,-0.001005084,0.462604,-0.8414676,0.3325257,0.4258626,1,0.5,0.25,0,0.25,0.5,0,0,0,0.6902101,-0.6805521,0.478907,0.5545239,0,0.25,0,0,-0.2499825,2.419738E-05,0,-0.0008448962,-0.000856242,0.3286195,-0.9775295,0.084499,0.1931214,1,0.75,0.5,0,-0.499975,-0.2500615,0,0.0001326204,-0.006318095,0.3346269,-0.9704935,-0.2156353,-0.1079063,1,1,0.75,0,0.25,0.25,0,0,0,0.5719608,-0.7556247,0.5317358,0.3824767,0,0.25,0.25,0,0.5,0.5,0,0,0,0.8281943,-0.6098505,0.6173795,0.4969153,0,0,0,0,0.5,0.25,0,0,0,0.723356,-0.6621131,0.6702873,0.3351437,0,0,0.25,0,-0.2499963,-0.2499916,0,-0.003302844,0.0003546478,0.3179847,-0.9902385,0.08558066,-0.1100162,1,0.75,0.75,0,-0.4999527,-0.5000888,0,0.005912783,-0.006663802,0.3967404,-0.9032715,-0.2006742,-0.37925,1,1,1,0,-0.2499901,-0.4999894,0,0.003169478,0.002774597,0.3812458,-0.9191533,0.07944422,-0.3858054,1,0.75,1,0,5.516853E-05,-4.934052E-06,0,0.002313441,-0.000934775,0.3855132,-0.9147238,0.3614346,0.1806806,1,0.5,0.5,0,0.25,0,0,0,0,0.5032946,-0.8073401,0.5681282,0.1594746,0,0.25,0.5,0,0.5,0,0,0,0,0.663658,-0.6960808,0.7046744,0.1374974,0,0,0.5,0,-5.424538E-05,-0.250013,0,0.0002630381,0.00063926,0.3755385,-0.925145,0.3654274,-0.1028087,1,0.5,0.75,0,4.823916E-05,-0.5000041,0,0.005748273,-0.000332296,0.4349512,-0.8663554,0.3423155,-0.3636597,1,0.5,1,0,0.25,-0.25,0,0,0,0.4945351,-0.8144509,0.5731321,-0.09049455,0,0.25,0.75,0,0.5,-0.25,0,0,0,0.6561142,-0.7006228,0.7092724,-0.07784698,0,0,0.75,0,0.25,-0.5,0,0,0,0.5471867,-0.773501,0.5443155,-0.3246794,0,0.25,1,0,0.5,-0.5,0,0,0,0.7017071,-0.6740411,0.6823626,-0.2829309,0,0,1
269,0,-0.2500437,0.4999417,0,-0.001119078,-0.006721917,0.547147,-0.7735304,0.06680657,0.6302283,1,0.75,0,0,-0.5000046,0.2499484,0,-0.001731516,-0.002089144,0.4255049,-0.8751979,-0.1944935,0.4429457,1,1,0.25,0,-0.5000244,0.4999806,0,-5.960467E-06,-0.001314283,0.5602279,-0.7639867,-0.1697979,0.6224893,1,1,0,0,-0.249967,0.2500221,0,9.536747E-05,-0.002588333,0.4105618,-0.8895607,0.07691182,0.4502957,1,0.75,0.25,0,1.069665E-05,0.499942,0,0.00136461,-0.001682342,0.5927169,-0.7412716,0.2928578,0.603946,1,0.5,0,0,-0.4999807,-6.437329E-05,0,0.0009775165,-0.001914844,0.3450281,-0.958548,-0.2129879,0.1892666,1,1,0.5,0,-1.789547E-05,0.2499713,0,-0.005425083,0.001710654,0.4625825,-0.8414863,0.3324205,0.4259077,1,0.5,0.25,0,0.25,0.5,0,0,0,0.6902101,-0.6805521,0.478907,0.5545239,0,0.25,0,0,-0.250008,-2.744794E-05,0,-0.00127852,-0.002582267,0.3286073,-0.9775439,0.08446938,0.1930619,1,0.75,0.5,0,-0.4999414,-0.2500108,0,0.001680852,0.002534688,0.3346142,-0.9705083,-0.2155983,-0.1078473,1,1,0.75,0,0.25,0.25,0,0,0,0.5719608,-0.7556247,0.5317358,0.3824767,0,0.25,0.25,0,0.5,0.5,0,0,0,0.8281943,-0.6098505,0.6173795,0.4969153,0,0,0,0,0.5,0.25,0,0,0,0.723356,-0.6621131,0.6702873,0.3351437,0,0,0.25,0,-0.2498938,-0.2500579,0,0.005126001,-0.003317745,0.3180008,-0.9902191,0.08570431,-0.1100951,1,0.75,0.75,0,-0.4999599,-0.5000282,0,-0.0003620984,0.003027917,0.3967189,-0.9032931,-0.2006871,-0.3791915,1,1,1,0,-0.2500232,-0.4999998,0,-0.001652539,-0.0005185606,0.3812472,-0.9191519,0.0794066,-0.3858166,1,0.75,1,0,-5.515145E-06,1.524473E-06,0,-0.003034185,0.0003229264,0.3854925,-0.9147452,0.3613746,0.1806921,1,0.5,0.5,0,0.25,0,0,0,0,0.5032946,-0.8073401,0.5681282,0.1594746,0,0.25,0.5,0,0.5,0,0,0,0,0.663658,-0.6960808,0.7046744,0.1374974,0,0,0.5,0,-8.768586E-06,-0.2500127,0,0.002273841,1.490117E-05,0.375555,-0.9251274,0.3654724,-0.1028064,1,0.5,0.75,0,2.333149E-05,-0.4999777,0,-0.001245384,0.001321733,0.434933,-0.8663722,0.3422955,-0.3636386,1,0.5,1,0,0.25,-0.25,0,0,0,0.4945351,-0.8144509,0.5731321,-0.09049455,0,0.25,0.75,0,0.5,-0.25,0,0,0,0.6561142,-0.7006228,0.7092724,-0.07784698,0,0,0.75,0,0.25,-0.5,0,0,0,0.5471867,-0.773501,0.5443155,-0.3246794,0,0.25,1,0,0.5,-0.5,0,0,0,0.7017071,-0.6740411,0.6823626,-0.2829309,0,0,1
270,0,-0.2499904,0.4999347,0,0.002665819,-0.0003471972,0.5471462,-0.773531,0.06685754,0.6302222,1,0.75,0,0,-0.5000137,0.2499909,0,-0.0004529955,0.002127887,0.4255255,-0.8751785,-0.1944989,0.4429817,1,1,0.25,0,-0.5000399,0.4999874,0,-0.0007718804,0.0003397466,0.5602347,-0.7639818,-0.1698114,0.6224918,1,1,0,0,-0.2500264,0.2499811,0,-0.002967567,-0.002049655,0.4105388,-0.8895832,0.07684858,0.4502621,1,0.75,0.25,0,2.811381E-05,0.4999641,0,0.0008708584,0.001102686,0.5927354,-0.741259,0.2928688,0.603956,1,0.5,0,0,-0.5001137,-6.439198E-05,0,-0.006645921,-9.342333E-07,0.3450564,-0.9585159,-0.213138,0.1892603,1,1,0.5,0,-1.769075E-05,0.2499931,0,1.023591E-05,0.001087785,0.4625918,-0.8414782,0.3324174,0.4259262,1,0.5,0.25,0,0.25,0.5,0,0,0,0.6902101,-0.6805521,0.478907,0.5545239,0,0.25,0,0,-0.2500242,-1.916356E-05,0,-0.0008091333,0.000414219,0.3286076,-0.9775436,0.08444983,0.1930719,1,0.75,0.5,0,-0.50003,-0.2499868,0,-0.004428627,0.001203269,0.3346307,-0.9704891,-0.2157002,-0.1078163,1,1,0.75,0,0.25,0.25,0,0,0,0.5719608,-0.7556247,0.5317358,0.3824767,0,0.25,0.25,0,0.5,0.5,0,0,0,0.8281943,-0.6098505,0.6173795,0.4969153,0,0,0,0,0.5,0.25,0,0,0,0.723356,-0.6621131,0.6702873,0.3351437,0,0,0.25,0,-0.250018,-0.2500038,0,-0.006210061,0.002704562,0.3179842,-0.9902391,0.0855542,-0.1100312,1,0.75,0.75,0,-0.4999915,-0.5000092,0,-0.001578034,0.0009477142,0.396718,-0.903294,-0.2007225,-0.3791707,1,1,1,0,-0.2500305,-0.5000252,0,-0.0003650786,-0.00127256,0.3812564,-0.9191422,0.07939748,-0.3858414,1,0.75,1,0,1.222475E-05,-1.747056E-05,0,0.0008869951,-0.0009497522,0.3854955,-0.9147421,0.3613934,0.1806701,1,0.5,0.5,0,0.25,0,0,0,0,0.5032946,-0.8073401,0.5681282,0.1594746,0,0.25,0.5,0,0.5,0,0,0,0,0.663658,-0.6960808,0.7046744,0.1374974,0,0,0.5,0,-5.947234E-05,-0.2500201,0,-0.002535189,-0.0003695489,0.3755373,-0.9251462,0.3654219,-0.1028169,1,0.5,0.75,0,2.660333E-05,-0.5000045,0,0.0001635922,-0.001339615,0.4349439,-0.8663622,0.342295,-0.363663,1,0.5,1,0,0.25,-0.25,0,0,0,0.4945351,-0.8144509,0.5731321,-0.09049455,0,0.25,0.75,0,0.5,-0.25,0,0,0,0.6561142,-0.7006228,0.7092724,-0.07784698,0,0,0.75,0,0.25,-0.5,0,0,0,0.5471867,-0.773501,0.5443155,-0.3246794,0,0.25,1,0,0.5,-0.5,0,0,0,0.7017071,-0.6740411,0.6823626,-0.2829309,0,0,1
271,0,-0.2500088,0.5000193,0,-0.0009223822,0.004228951,0.5471983,-0.7734925,0.0668366,0.6302716,1,0.75,0,0,-0.4999541,0.250044,0,0.002980233,0.002653898,0.4255375,-0.8751672,-0.194432,0.4430334,1,1,0.25,0,-0.4999664,0.4999837,0,0.003671648,-0.0001847745,0.5602199,-0.7639925,-0.1697445,0.622497,1,1,0,0,-0.2499744,0.2500117,0,0.002600254,0.001531095,0.4105566,-0.8895658,0.0769042,0.450287,1,0.75,0.25,0,2.766571E-06,0.5000088,0,-0.001267363,0.002238155,0.592755,-0.7412458,0.2928404,0.6039861,1,0.5,0,0,-0.499969,-1.354819E-05,0,0.007234517,0.00254219,0.3450352,-0.95854,-0.2129722,0.1893252,1,1,0.5,0,1.796452E-05,0.2499716,0,0.001782764,-0.001073629,0.4625945,-0.8414758,0.3324535,0.4259027,1,0.5,0.25,0,0.25,0.5,0,0,0,0.6902101,-0.6805521,0.478907,0.5545239,0,0.25,0,0,-0.2499893,3.832636E-06,0,0.001747907,0.00114981,0.328615,-0.9775349,0.08449126,0.1930979,1,0.75,0.5,0,-0.4999635,-0.2500185,0,0.003325941,-0.001587719,0.3346198,-0.9705018,-0.2156233,-0.1078558,1,1,0.75,0,0.25,0.25,0,0,0,0.5719608,-0.7556247,0.5317358,0.3824767,0,0.25,0.25,0,0.5,0.5,0,0,0,0.8281943,-0.6098505,0.6173795,0.4969153,0,0,0,0,0.5,0.25,0,0,0,0.723356,-0.6621131,0.6702873,0.3351437,0,0,0.25,0,-0.2499515,-0.2499322,0,0.003325196,0.003582986,0.317982,-0.9902418,0.08563574,-0.1099439,1,0.75,0.75,0,-0.4999393,-0.499985,0,0.002609194,0.001209975,0.3966984,-0.9033138,-0.2006687,-0.3791521,1,1,1,0,-0.2500118,-0.4999438,0,0.0009313229,0.004072489,0.3812265,-0.9191735,0.07942131,-0.3857621,1,0.75,1,0,4.055176E-05,-2.420053E-05,0,0.001416351,-0.0003364986,0.3855045,-0.9147328,0.3614217,0.1806606,1,0.5,0.5,0,0.25,0,0,0,0,0.5032946,-0.8073401,0.5681282,0.1594746,0,0.25,0.5,0,0.5,0,0,0,0,0.663658,-0.6960808,0.7046744,0.1374974,0,0,0.5,0,-5.864482E-05,-0.25004,0,4.137602E-05,-0.0009983781,0.3755397,-0.9251437,0.3654219,-0.1028395,1,0.5,0.75,0,7.369156E-06,-0.5000539,0,-0.000961709,-0.002470613,0.4349553,-0.8663516,0.3422702,-0.3637114,1,0.5,1,0,0.25,-0.25,0,0,0,0.4945351,-0.8144509,0.5731321,-0.09049455,0,0.25,0.75,0,0.5,-0.25,0,0,0,0.6561142,-0.7006228,0.7092724,-0.07784698,0,0,0.75,0,0.25,-0.5,0,0,0,0.5471867,-0.773501,0.5443155,-0.3246794,0,0.25,1,0,0.5,-0.5,0,0,0,0.7017071,-0.6740411,0.6823626,-0.2829309,0,0,1
272,0,-0.2500382,0.5000578,0,-0.001467765,0.001922251,0.5472206,-0.773476,0.06680714,0.6302949,1,0.75,0,0,-0.4999595,0.2500412,0,-0.000268221,-0.0001415611,0.4255372,-0.8751674,-0.1944379,0.4430304,1,1,0.25,0,-0.5000127,0.500056,0,-0.002312661,0.003618003,0.5602728,-0.7639543,-0.1697796,0.6225341,1,1,0,0,-0.2500367,0.2499737,0,-0.003115834,-0.001900644,0.4105346,-0.8895873,0.07683761,0.4502561,1,0.75,0.25,0,-3.640923E-06,0.5000047,0,-0.0003203749,-0.0002056361,0.5927507,-0.7412487,0.2928357,0.6039848,1,0.5,0,0,-0.4999823,1.399303E-05,0,-0.0006660822,0.001377061,0.3450432,-0.9585308,-0.2129859,0.189356,1,1,0.5,0,-1.714117E-06,0.2500167,0,-0.0009839323,0.002256782,0.4626072,-0.8414647,0.3324287,0.4259439,1,0.5,0.25,0,0.25,0.5,0,0,0,0.6902101,-0.6805521,0.478907,0.5545239,0,0.25,0,0,-0.2500384,3.414253E-05,0,-0.002455712,0.001515495,0.3286167,-0.9775328,0.08443181,0.1931341,1,0.75,0.5,0,-0.4999759,-0.2499752,0,-0.0006228688,0.002167375,0.3346178,-0.9705041,-0.2156387,-0.1078041,1,1,0.75,0,0.25,0.25,0,0,0,0.5719608,-0.7556247,0.5317358,0.3824767,0,0.25,0.25,0,0.5,0.5,0,0,0,0.8281943,-0.6098505,0.6173795,0.4969153,0,0,0,0,0.5,0.25,0,0,0,0.723356,-0.6621131,0.6702873,0.3351437,0,0,0.25,0,-0.2500004,-0.2499943,0,-0.002446027,-0.003109128,0.3179847,-0.9902385,0.08557566,-0.1100196,1,0.75,0.75,0,-0.5000391,-0.499947,0,-0.004990401,0.001904369,0.396704,-0.9033082,-0.2007788,-0.3791072,1,1,1,0,-0.2499979,-0.4999677,0,0.0006958845,-0.001196564,0.3812368,-0.9191627,0.07943618,-0.3857847,1,0.75,1,0,1.031759E-06,-3.174591E-07,0,-0.001976001,0.001194154,0.3854945,-0.9147431,0.3613811,0.1806896,1,0.5,0.5,0,0.25,0,0,0,0,0.5032946,-0.8073401,0.5681282,0.1594746,0,0.25,0.5,0,0.5,0,0,0,0,0.663658,-0.6960808,0.7046744,0.1374974,0,0,0.5,0,-5.333331E-05,-0.2499551,0,0.0002655757,0.004243853,0.3755329,-0.9251509,0.3654308,-0.1027433,1,0.5,0.75,0,1.104926E-06,-0.4999956,0,-0.0003132116,0.002913178,0.4349319,-0.8663732,0.3422721,-0.3636582,1,0.5,1,0,0.25,-0.25,0,0,0,0.4945351,-0.8144509,0.5731321,-0.09049455,0,0.25,0.75,0,0.5,-0.25,0,0,0,0.6561142,-0.7006228,0.7092724,-0.07784698,0,0,0.75,0,0.25,-0.5,0,0,0,0.5471867,-0.773501,0.5443155,-0.3246794,0,0.25,1,0,0.5,-0.5,0,0,0,0.7017071,-0.6740411,0.6823626,-0.2829309,0,0,1
273,0,-0.250012,0.5000244,0,0.001308322,-0.001668931,0.5472013,-0.7734903,0.06683336,0.6302747,1,0.75,0,0,-0.5000044,0.2500686,0,-0.002244116,0.001370907,0.4255581,-0.8751476,-0.194482,0.4430501,1,1,0.25,0,-0.499993,0.5000798,0,0.000983477,0.001186133,0.5602843,-0.7639461,-0.1697592,0.6225498,1,1,0,0,-0.2499755,0.2500475,0,0.003059955,0.003688784,0.4105726,-0.8895501,0.07690161,0.4503183,1,0.75,0.25,0,3.473093E-05,0.4999879,0,0.001918593,-0.0008404258,0.5927517,-0.741248,0.2928705,0.6039688,1,0.5,0,0,-0.5000526,1.962868E-05,0,-0.003513695,0.0002817829,0.3450593,-0.9585127,-0.213065,0.1893591,1,1,0.5,0,1.466995E-05,0.2500444,0,0.0008192036,0.001384318,0.4626244,-0.8414497,0.3324398,0.4259651,1,0.5,0.25,0,0.25,0.5,0,0,0,0.6902101,-0.6805521,0.478907,0.5545239,0,0.25,0,0,-0.2500081,1.04022E-05,0,0.001515449,-0.001187017,0.3286147,-0.9775352,0.0844686,0.1931059,1,0.75,0.5,0,-0.4999392,-0.2499893,0,0.001834334,-0.0007033351,0.3346114,-0.9705116,-0.2155964,-0.1078217,1,1,0.75,0,0.25,0.25,0,0,0,0.5719608,-0.7556247,0.5317358,0.3824767,0,0.25,0.25,0,0.5,0.5,0,0,0,0.8281943,-0.6098505,0.6173795,0.4969153,0,0,0,0,0.5,0.25,0,0,0,0.723356,-0.6621131,0.6702873,0.3351437,0,0,0.25,0,-0.2499953,-0.2499384,0,0.000255555,0.002799184,0.317979,-0.9902455,0.0855825,-0.1099519,1,0.75,0.75,0,-0.5000135,-0.4999852,0,0.0012815,-0.00191033,0.3967133,-0.9032987,-0.2007481,-0.3791459,1,1,1,0,-0.2500199,-0.4999892,0,-0.001099706,-0.001074374,0.3812433,-0.9191559,0.07941063,-0.3858062,1,0.75,1,0,1.205268E-05,4.099795E-05,0,0.000551046,0.002065771,0.385506,-0.9147313,0.3613889,0.1807339,1,0.5,0.5,0,0.25,0,0,0,0,0.5032946,-0.8073401,0.5681282,0.1594746,0,0.25,0.5,0,0.5,0,0,0,0,0.663658,-0.6960808,0.7046744,0.1374974,0,0,0.5,0,-1.16024E-05,-0.2499075,0,0.002086546,0.002381206,0.3755432,-0.9251399,0.3654741,-0.1026877,1,0.5,0.75,0,8.824277E-06,-0.4999959,0,0.0003859677,-1.341105E-05,0.4349347,-0.8663707,0.3422793,-0.3636574,1,0.5,1,0,0.25,-0.25,0,0,0,0.4945351,-0.8144509,0.5731321,-0.09049455,0,0.25,0.75,0,0.5,-0.25,0,0,0,0.6561142,-0.7006228,0.7092724,-0.07784698,0,0,0.75,0,0.25,-0.5,0,0,0,0.5471867,-0.773501,0.5443155,-0.3246794,0,0.25,1,0,0.5,-0.5,0,0,0,0.7017071,-0.6740411,0.6823626,-0.2829309,0,0,1
274,0,-0.2500233,0.5000527,0,-0.0005662444,0.001415611,0.5472183,-0.7734777,0.06682146,0.6302913,1,0.75,0,0,-0.5000111,0.2500705,0,-0.0003367664,9.536747E-05,0.4255603,-0.8751456,-0.1944888,0.4430511,1,1,0.25,0,-0.4999329,0.500019,0,0.003007055,-0.003039838,0.5602362,-0.7639807,-0.1697102,0.6225206,1,1,0,0,-0.2499986,0.2499914,0,-0.001156331,-0.0028044,0.4105455,-0.8895766,0.0768785,0.4502701,1,0.75,0.25,0,1.971284E-05,0.5000443,0,-0.0007509044,0.002819301,0.5927813,-0.7412279,0.2928488,0.604004,1,0.5,0,0,-0.4998868,1.622141E-05,0,0.00828952,-0.0001703639,0.3450233,-0.9585534,-0.2128779,0.1893631,1,1,0.5,0,2.662443E-05,0.250043,0,0.0005977243,-6.854537E-05,0.4626278,-0.8414467,0.332451,0.4259622,1,0.5,0.25,0,0.25,0.5,0,0,0,0.6902101,-0.6805521,0.478907,0.5545239,0,0.25,0,0,-0.2499163,1.171962E-05,0,0.004588814,6.587063E-05,0.3286226,-0.9775258,0.08457854,0.1931056,1,0.75,0.5,0,-0.4999619,-0.2500034,0,-0.001132489,-0.0007055703,0.3346178,-0.9705041,-0.2156219,-0.1078378,1,1,0.75,0,0.25,0.25,0,0,0,0.5719608,-0.7556247,0.5317358,0.3824767,0,0.25,0.25,0,0.5,0.5,0,0,0,0.8281943,-0.6098505,0.6173795,0.4969153,0,0,0,0,0.5,0.25,0,0,0,0.723356,-0.6621131,0.6702873,0.3351437,0,0,0.25,0,-0.2499544,-0.2499904,0,0.00204742,-0.002604724,0.3179882,-0.9902343,0.08563159,-0.1100144,1,0.75,0.75,0,-0.5000211,-0.5000131,0,-0.0003814699,-0.001394749,0.3967254,-0.9032865,-0.2007539,-0.3791719,1,1,1,0,-0.2500072,-0.5000118,0,0.0006362798,-0.001130999,0.3812531,-0.9191457,0.07942419,-0.3858276,1,0.75,1,0,2.953927E-05,1.084835E-05,0,0.00087433,-0.001507481,0.3855069,-0.9147304,0.3614083,0.1806997,1,0.5,0.5,0,0.25,0,0,0,0,0.5032946,-0.8073401,0.5681282,0.1594746,0,0.25,0.5,0,0.5,0,0,0,0,0.663658,-0.6960808,0.7046744,0.1374974,0,0,0.5,0,-4.450146E-05,-0.2500446,0,-0.001644954,-0.006856027,0.3755453,-0.9251377,0.3654357,-0.1028441,1,0.5,0.75,0,5.356632E-06,-0.4999572,0,-0.0001733823,0.001934172,0.4349194,-0.8663848,0.3422812,-0.3636219,1,0.5,1,0,0.25,-0.25,0,0,0,0.4945351,-0.8144509,0.5731321,-0.09049455,0,0.25,0.75,0,0.5,-0.25,0,0,0,0.6561142,-0.7006228,0.7092724,-0.07784698,0,0,0.75,0,0.25,-0.5,0,0,0,0.5471867,-0.773501,0.5443155,-0.3246794,0,0.25,1,0,0.5,-0.5,0,0,0,0.7017071,-0.6740411,0.6823626,-0.2829309,0,0,1
275,0,-0.2499528,0.4999554,0,0.003526361,-0.004863741,0.5471617,-0.7735195,0.06689242,0.6302326,1,0.75,0,0,-0.5000065,0.2500204,0,0.000229478,-0.002504886,0.4255372,-0.8751674,-0.1944887,0.443008,1,1,0.25,0,-0.4999764,0.4999874,0,-0.00217408,-0.001576543,0.5602241,-0.7639894,-0.1697531,0.6224981,1,1,0,0,-0.2500087,0.2500447,0,-0.0005029144,0.002662839,0.4105687,-0.889554,0.0768655,0.4503171,1,0.75,0.25,0,5.583624E-05,0.500082,0,0.00180617,0.001886488,0.5928147,-0.7412053,0.2928729,0.6040201,1,0.5,0,0,-0.4999692,-1.248571E-05,0,-0.004123153,-0.001435356,0.3450355,-0.9585396,-0.2129724,0.1893264,1,1,0.5,0,1.738759E-05,0.2500379,0,-0.0004618422,-0.0002577902,0.4626225,-0.8414513,0.3324433,0.4259591,1,0.5,0.25,0,0.25,0.5,0,0,0,0.6902101,-0.6805521,0.478907,0.5545239,0,0.25,0,0,-0.2499883,-1.245323E-05,0,-0.003600122,-0.001208643,0.3286119,-0.9775385,0.08449274,0.193079,1,0.75,0.5,0,-0.499995,-0.2500048,0,-0.00165552,-7.301572E-05,0.3346251,-0.9704956,-0.2156597,-0.1078386,1,1,0.75,0,0.25,0.25,0,0,0,0.5719608,-0.7556247,0.5317358,0.3824767,0,0.25,0.25,0,0.5,0.5,0,0,0,0.8281943,-0.6098505,0.6173795,0.4969153,0,0,0,0,0.5,0.25,0,0,0,0.723356,-0.6621131,0.6702873,0.3351437,0,0,0.25,0,-0.2499574,-0.2500401,0,-0.0001505018,-0.002483279,0.3179934,-0.9902281,0.08562737,-0.1100744,1,0.75,0.75,0,-0.5000187,-0.5000486,0,0.0001221896,-0.001776219,0.3967384,-0.9032735,-0.2007482,-0.379206,1,1,1,0,-0.2500178,-0.4999955,0,-0.0005304816,0.0008136038,0.381246,-0.9191532,0.07941279,-0.3858123,1,0.75,1,0,3.67451E-05,3.275854E-05,0,0.0003602917,0.00109551,0.3855134,-0.9147236,0.3614138,0.1807231,1,0.5,0.5,0,0.25,0,0,0,0,0.5032946,-0.8073401,0.5681282,0.1594746,0,0.25,0.5,0,0.5,0,0,0,0,0.663658,-0.6960808,0.7046744,0.1374974,0,0,0.5,0,-5.045255E-05,-0.2499501,0,-0.0002975544,0.00472963,0.3755334,-0.9251503,0.3654338,-0.1027374,1,0.5,0.75,0,-1.64741E-05,-0.4999642,0,-0.001091537,-0.0003516675,0.4349145,-0.8663893,0.3422596,-0.3636314,1,0.5,1,0,0.25,-0.25,0,0,0,0.4945351,-0.8144509,0.5731321,-0.09049455,0,0.25,0.75,0,0.5,-0.25,0,0,0,0.6561142,-0.7006228,0.7092724,-0.07784698,0,0,0.75,0,0.25,-0.5,0,0,0,0.5471867,-0.773501,0.5443155,-0.3246794,0,0.25,1,0,0.5,-0.5,0,0,0,0.7017071,-0.6740411,0.6823626,-0.2829309,0,0,1
276,0,-0.250024,0.4999703,0,-0.003559144,0.0007465485,0.5471665,-0.773516,0.06682415,0.630244,1,0.75,0,0,-0.4999675,0.2500027,0,0.001952053,-0.0008881096,0.4255217,-0.875182,-0.1944497,0.4429962,1,1,0.25,0,-0.4999344,0.4999801,0,0.002096594,-0.0003665687,0.5602123,-0.763998,-0.1697155,0.622498,1,1,0,0,-0.2499803,0.2500092,0,0.001416356,-0.001773239,0.4105549,-0.8895674,0.07689777,0.450285,1,0.75,0.25,0,1.996113E-05,0.5000395,0,-0.001793756,-0.002124907,0.5927786,-0.7412298,0.2928498,0.6040012,1,0.5,0,0,-0.4999934,-1.583437E-05,0,-0.001206995,-0.0001674332,0.34504,-0.9585345,-0.2129999,0.1893214,1,1,0.5,0,2.602785E-05,0.2499817,0,0.0004320132,-0.002808125,0.4626015,-0.8414697,0.3324595,0.4259101,1,0.5,0.25,0,0.25,0.5,0,0,0,0.6902101,-0.6805521,0.478907,0.5545239,0,0.25,0,0,-0.2500246,-1.126988E-05,0,-0.001814217,5.916775E-05,0.328609,-0.9775418,0.08444924,0.1930811,1,0.75,0.5,0,-0.4999662,-0.2500292,0,0.001437963,-0.001220406,0.3346215,-0.9704998,-0.2156262,-0.1078683,1,1,0.75,0,0.25,0.25,0,0,0,0.5719608,-0.7556247,0.5317358,0.3824767,0,0.25,0.25,0,0.5,0.5,0,0,0,0.8281943,-0.6098505,0.6173795,0.4969153,0,0,0,0,0.5,0.25,0,0,0,0.723356,-0.6621131,0.6702873,0.3351437,0,0,0.25,0,-0.2499661,-0.2500085,0,-0.000434369,0.001582504,0.3179892,-0.9902332,0.08561719,-0.1100363,1,0.75,0.75,0,-0.4999578,-0.5000126,0,0.003042818,0.001800061,0.3967125,-0.9032995,-0.2006862,-0.3791768,1,1,1,0,-0.250019,-0.5000451,0,-5.811455E-05,-0.002476574,0.381265,-0.9191333,0.07940976,-0.3858602,1,0.75,1,0,1.73753E-06,1.522536E-05,0,-0.001750379,-0.0008766594,0.3854976,-0.91474,0.3613807,0.1807066,1,0.5,0.5,0,0.25,0,0,0,0,0.5032946,-0.8073401,0.5681282,0.1594746,0,0.25,0.5,0,0.5,0,0,0,0,0.663658,-0.6960808,0.7046744,0.1374974,0,0,0.5,0,5.808727E-05,-0.2500284,0,0.005426993,-0.003917517,0.3755811,-0.9250998,0.3655379,-0.1028213,1,0.5,0.75,0,2.48072E-05,-0.4999964,0,0.002064066,-0.001609326,0.4349403,-0.8663654,0.3422943,-0.3636557,1,0.5,1,0,0.25,-0.25,0,0,0,0.4945351,-0.8144509,0.5731321,-0.09049455,0,0.25,0.75,0,0.5,-0.25,0,0,0,0.6561142,-0.7006228,0.7092724,-0.07784698,0,0,0.75,0,0.25,-0.5,0,0,0,0.5471867,-0.773501,0.5443155,-0.3246794,0,0.25,1,0,0.5,-0.5,0,0,0,0.7017071,-0.6740411,0.6823626,-0.2829309,0,0,1
277,0,-0.2500253,0.5000134,0,-6.705525E-05,0.002153219,0.5471935,-0.773496,0.06682114,0.6302688,1,0.75,0,0,-0.4998833,0.2500028,0,0.0042066,7.450583E-06,0.4255055,-0.8751974,-0.1943623,0.4430042,1,1,0.25,0,-0.4999695,0.4999751,0,-0.001750887,-0.0002473594,0.5602152,-0.7639958,-0.169748,0.6224917,1,1,0,0,-0.2499909,0.2499613,0,-0.0005267563,-0.002396853,0.4105325,-0.8895893,0.07688809,0.4502434,1,0.75,0.25,0,3.44179E-05,0.4999588,0,0.0007228389,-0.004035236,0.5927341,-0.7412599,0.2928749,0.6039519,1,0.5,0,0,-0.4999503,-4.226726E-05,0,0.002151729,-0.001321645,0.3450258,-0.9585506,-0.2129525,0.1892933,1,1,0.5,0,3.417409E-05,0.2499084,0,0.0004073124,-0.003667177,0.462573,-0.8414946,0.3324778,0.4258465,1,0.5,0.25,0,0.25,0.5,0,0,0,0.6902101,-0.6805521,0.478907,0.5545239,0,0.25,0,0,-0.2500029,-2.768799E-05,0,0.001086295,-0.000820906,0.3286077,-0.9775434,0.08447559,0.1930616,1,0.75,0.5,0,-0.5000272,-0.2500535,0,-0.003047289,-0.001212955,0.3346373,-0.9704815,-0.2156951,-0.1078954,1,1,0.75,0,0.25,0.25,0,0,0,0.5719608,-0.7556247,0.5317358,0.3824767,0,0.25,0.25,0,0.5,0.5,0,0,0,0.8281943,-0.6098505,0.6173795,0.4969153,0,0,0,0,0.5,0.25,0,0,0,0.723356,-0.6621131,0.6702873,0.3351437,0,0,0.25,0,-0.2499953,-0.2499947,0,-0.001461059,0.0006899241,0.3179852,-0.990238,0.08558189,-0.1100199,1,0.75,0.75,0,-0.5000112,-0.5000166,0,-0.002670289,-0.0002026559,0.3967248,-0.9032872,-0.200743,-0.3791761,1,1,1,0,-0.2499207,-0.5000306,0,0.004911425,0.0007212165,0.3812672,-0.9191309,0.07952102,-0.3858428,1,0.75,1,0,2.679039E-05,2.023575E-05,0,0.001252643,0.00025052,0.3855075,-0.9147297,0.3614049,0.1807102,1,0.5,0.5,0,0.25,0,0,0,0,0.5032946,-0.8073401,0.5681282,0.1594746,0,0.25,0.5,0,0.5,0,0,0,0,0.663658,-0.6960808,0.7046744,0.1374974,0,0,0.5,0,-2.799389E-05,-0.2500073,0,-0.004304059,0.001055003,0.3755475,-0.9251354,0.3654536,-0.1028012,1,0.5,0.75,0,3.072463E-05,-0.5000083,0,0.0002958718,-0.0005930664,0.4349467,-0.8663596,0.3422984,-0.363666,1,0.5,1,0,0.25,-0.25,0,0,0,0.4945351,-0.8144509,0.5731321,-0.09049455,0,0.25,0.75,0,0.5,-0.25,0,0,0,0.6561142,-0.7006228,0.7092724,-0.07784698,0,0,0.75,0,0.25,-0.5,0,0,0,0.5471867,-0.773501,0.5443155,-0.3246794,0,0.25,1,0,0.5,-0.5,0,0,0,0.7017071,-0.6740411,0.6823626,-0.2829309,0,0,1
278,0,-0.2499936,0.499962,0,0.001586229,-0.002571941,0.5471631,-0.7735184,0.06685337,0.6302379,1,0.75,0,0,-0.500006,0.2500034,0,-0.00613481,3.129245E-05,0.4255295,-0.8751746,-0.1944898,0.4429933,1,1,0.25,0,-0.4999588,0.500003,0,0.0005304816,0.001394749,0.5602307,-0.7639846,-0.1697356,0.6225089,1,1,0,0,-0.2500098,0.2499671,0,-0.0009477142,0.0002920629,0.4105337,-0.8895881,0.07686718,0.4502493,1,0.75,0.25,0,3.472855E-05,0.5000312,0,1.553254E-05,0.003618003,0.5927778,-0.7412302,0.2928635,0.603994,1,0.5,0,0,-0.4999487,-2.540581E-05,0,8.344654E-05,0.0008430727,0.3450286,-0.9585474,-0.2129498,0.1893126,1,1,0.5,0,-7.528449E-06,0.2499784,0,-0.002085128,0.003503264,0.462589,-0.8414807,0.332429,0.4259123,1,0.5,0.25,0,0.25,0.5,0,0,0,0.6902101,-0.6805521,0.478907,0.5545239,0,0.25,0,0,-0.2499963,-4.908187E-05,0,0.0003255905,-0.001069694,0.3286042,-0.9775476,0.08448382,0.1930366,1,0.75,0.5,0,-0.4999295,-0.2500205,0,0.004884603,0.001651049,0.3346127,-0.9705101,-0.2155844,-0.107859,1,1,0.75,0,0.25,0.25,0,0,0,0.5719608,-0.7556247,0.5317358,0.3824767,0,0.25,0.25,0,0.5,0.5,0,0,0,0.8281943,-0.6098505,0.6173795,0.4969153,0,0,0,0,0.5,0.25,0,0,0,0.723356,-0.6621131,0.6702873,0.3351437,0,0,0.25,0,-0.2499207,-0.2499631,0,0.003727527,0.001579524,0.317988,-0.9902346,0.08567273,-0.1099809,1,0.75,0.75,0,-0.4999378,-0.5000027,0,0.003670157,0.0006943944,0.3967048,-0.9033073,-0.2006656,-0.3791691,1,1,1,0,-0.2499772,-0.4999231,0,-0.002823771,0.005374851,0.3812213,-0.9191789,0.07946108,-0.385741,1,0.75,1,0,1.2963E-05,2.499636E-05,0,-0.0006913697,0.0002380302,0.3855034,-0.9147339,0.361391,0.1807164,1,0.5,0.5,0,0.25,0,0,0,0,0.5032946,-0.8073401,0.5681282,0.1594746,0,0.25,0.5,0,0.5,0,0,0,0,0.663658,-0.6960808,0.7046744,0.1374974,0,0,0.5,0,-7.97852E-06,-0.2500218,0,0.001000769,-0.0007241967,0.3755563,-0.9251261,0.3654728,-0.1028167,1,0.5,0.75,0,4.951248E-05,-0.4999768,0,0.0009393927,0.001572073,0.4349416,-0.8663642,0.3423203,-0.3636343,1,0.5,1,0,0.25,-0.25,0,0,0,0.4945351,-0.8144509,0.5731321,-0.09049455,0,0.25,0.75,0,0.5,-0.25,0,0,0,0.6561142,-0.7006228,0.7092724,-0.07784698,0,0,0.75,0,0.25,-0.5,0,0,0,0.5471867,-0.773501,0.5443155,-0.3246794,0,0.25,1,0,0.5,-0.5,0,0,0,0.7017071,-0.6740411,0.6823626,-0.2829309,0,0,1
279,0,-0.2500084,0.4999764,0,-0.0007383528,0.0007212165,0.5471712,-0.7735125,0.06683875,0.6302468,1,0.75,0,0,-0.499999,0.2500451,0,0.0003516675,0.002081693,0.4255466,-0.8751585,-0.1944786,0.4430301,1,1,0.25,0,-0.4999943,0.5000027,0,-0.001774729,-1.490117E-05,0.5602366,-0.7639804,-0.1697681,0.6225051,1,1,0,0,-0.2500032,0.2500699,0,0.0003308059,0.005137177,0.4105805,-0.8895424,0.07687049,0.4503389,1,0.75,0.25,0,6.11827E-06,0.5000166,0,-0.001430515,-0.0007301572,0.5927606,-0.741242,0.2928419,0.6039901,1,0.5,0,0,-0.500006,-1.370878E-05,0,-0.002864004,0.000584852,0.3450431,-0.958531,-0.213014,0.1893232,1,1,0.5,0,-5.037785E-05,0.2499802,0,-0.002142471,8.791689E-05,0.4625754,-0.8414925,0.3323891,0.42592,1,0.5,0.25,0,0.25,0.5,0,0,0,0.6902101,-0.6805521,0.478907,0.5545239,0,0.25,0,0,-0.2500233,2.356483E-05,0,-0.00134632,0.003632336,0.3286159,-0.9775338,0.08445013,0.1931215,1,0.75,0.5,0,-0.4999807,-0.2499485,0,-0.002563001,0.003600122,0.3346159,-0.9705063,-0.215645,-0.1077723,1,1,0.75,0,0.25,0.25,0,0,0,0.5719608,-0.7556247,0.5317358,0.3824767,0,0.25,0.25,0,0.5,0.5,0,0,0,0.8281943,-0.6098505,0.6173795,0.4969153,0,0,0,0,0.5,0.25,0,0,0,0.723356,-0.6621131,0.6702873,0.3351437,0,0,0.25,0,-0.2499976,-0.2499396,0,-0.003841521,0.001174957,0.3179789,-0.9902456,0.08557975,-0.1099534,1,0.75,0.75,0,-0.4999516,-0.4999711,0,-0.0006899241,0.001582504,0.3966956,-0.9033166,-0.2006831,-0.3791377,1,1,1,0,-0.25001,-0.4999568,0,-0.001637638,-0.001682342,0.3812317,-0.9191681,0.07942297,-0.3857746,1,0.75,1,0,4.413066E-06,2.190703E-05,0,-0.0004274969,-0.0001544665,0.3854998,-0.9147376,0.3613828,0.1807137,1,0.5,0.5,0,0.25,0,0,0,0,0.5032946,-0.8073401,0.5681282,0.1594746,0,0.25,0.5,0,0.5,0,0,0,0,0.663658,-0.6960808,0.7046744,0.1374974,0,0,0.5,0,-5.645888E-05,-0.2500057,0,-0.002424019,0.000804663,0.3755369,-0.9251466,0.3654255,-0.1028006,1,0.5,0.75,0,4.53586E-05,-0.4999868,0,-0.0002076941,-0.0004962088,0.4349439,-0.8663622,0.342315,-0.3636441,1,0.5,1,0,0.25,-0.25,0,0,0,0.4945351,-0.8144509,0.5731321,-0.09049455,0,0.25,0.75,0,0.5,-0.25,0,0,0,0.6561142,-0.7006228,0.7092724,-0.07784698,0,0,0.75,0,0.25,-0.5,0,0,0,0.5471867,-0.773501,0.5443155,-0.3246794,0,0.25,1,0,0.5,-0.5,0,0,0,0.7017071,-0.6740411,0.6823626,-0.2829309,0,0,1
280,0,-0.2499527,0.4999953,0,0.002782793,0.000944734,0.547187,-0.7735009,0.0668909,0.6302555,1,0.75,0,0,-0.5000097,0.2500053,0,-0.0005334618,-0.001989306,0.4255311,-0.8751732,-0.1944934,0.4429946,1,1,0.25,0,-0.5000146,0.5000963,0,-0.001013279,0.004678966,0.5602982,-0.763936,-0.1697773,0.6225572,1,1,0,0,-0.2499642,0.2500834,0,0.001952798,0.0006794932,0.4105896,-0.8895335,0.07691261,0.4503493,1,0.75,0.25,0,2.237447E-05,0.4999586,0,0.0008128104,-0.002899767,0.5927304,-0.7412624,0.2928649,0.6039537,1,0.5,0,0,-0.5000001,5.37539E-05,0,0.0002950431,0.003373135,0.3450546,-0.958518,-0.2130041,0.1894005,1,1,0.5,0,2.956841E-05,0.2499081,0,0.003997314,-0.003603847,0.4625713,-0.8414961,0.3324736,0.425847,1,0.5,0.25,0,0.25,0.5,0,0,0,0.6902101,-0.6805521,0.478907,0.5545239,0,0.25,0,0,-0.2499941,4.008062E-05,0,0.001459569,0.0008257897,0.3286216,-0.9775271,0.08448478,0.1931401,1,0.75,0.5,0,-0.4999937,-0.2499683,0,-0.0006452205,-0.0009916726,0.3346209,-0.9705005,-0.2156592,-0.1077954,1,1,0.75,0,0.25,0.25,0,0,0,0.5719608,-0.7556247,0.5317358,0.3824767,0,0.25,0.25,0,0.5,0.5,0,0,0,0.8281943,-0.6098505,0.6173795,0.4969153,0,0,0,0,0.5,0.25,0,0,0,0.723356,-0.6621131,0.6702873,0.3351437,0,0,0.25,0,-0.2499791,-0.2499777,0,0.0009216372,-0.001907349,0.3179846,-0.9902387,0.08560169,-0.1099993,1,0.75,0.75,0,-0.49995,-0.5000029,0,7.897618E-05,-0.001591445,0.3967073,-0.9033048,-0.2006787,-0.3791682,1,1,1,0,-0.2500151,-0.4999626,0,-0.0002577902,-0.0002890826,0.3812335,-0.9191662,0.07941696,-0.3857804,1,0.75,1,0,-3.817755E-05,4.126604E-05,0,-0.002129531,0.000967951,0.3854879,-0.91475,0.3613396,0.1807379,1,0.5,0.5,0,0.25,0,0,0,0,0.5032946,-0.8073401,0.5681282,0.1594746,0,0.25,0.5,0,0.5,0,0,0,0,0.663658,-0.6960808,0.7046744,0.1374974,0,0,0.5,0,3.660259E-05,-0.2500153,0,0.004653075,-0.0004783274,0.3755719,-0.9251096,0.3655172,-0.1028074,1,0.5,0.75,0,3.55303E-05,-0.4999641,0,-0.0004914151,0.001132489,0.4349323,-0.8663729,0.3423088,-0.3636243,1,0.5,1,0,0.25,-0.25,0,0,0,0.4945351,-0.8144509,0.5731321,-0.09049455,0,0.25,0.75,0,0.5,-0.25,0,0,0,0.6561142,-0.7006228,0.7092724,-0.07784698,0,0,0.75,0,0.25,-0.5,0,0,0,0.5471867,-0.773501,0.5443155,-0.3246794,0,0.25,1,0,0.5,-0.5,0,0,0,0.7017071,-0.6740411,0.6823626,-0.2829309,0,0,1
281,0,-0.2499978,0.5000722,0,-0.002253802,0.003844501,0.5472324,-0.7734673,0.06684496,0.6303015,1,0.75,0,0,-0.4999769,0.2500623,0,0.001637638,0.002849103,0.42555,-0.8751553,-0.194454,0.4430471,1,1,0.25,0,-0.4999637,0.5000747,0,0.002545119,-0.001081825,0.5602762,-0.7639519,-0.1697329,0.6225498,1,1,0,0,-0.2500003,0.2500534,0,-0.001806766,-0.001500548,0.4105733,-0.8895495,0.07687431,0.4503244,1,0.75,0.25,0,3.27431E-05,0.49998,0,0.0005184315,0.001069904,0.5927463,-0.7412517,0.2928701,0.6039645,1,0.5,0,0,-0.5000408,2.538472E-06,0,-0.002035499,-0.002560772,0.3450536,-0.9585192,-0.2130525,0.1893401,1,1,0.5,0,4.717564E-05,0.2499263,0,0.0008803618,0.0009104613,0.462585,-0.8414841,0.3324872,0.4258599,1,0.5,0.25,0,0.25,0.5,0,0,0,0.6902101,-0.6805521,0.478907,0.5545239,0,0.25,0,0,-0.2500471,2.076516E-05,0,-0.002653153,-0.0009657732,0.3286133,-0.9775367,0.08442158,0.1931188,1,0.75,0.5,0,-0.4999756,-0.2499755,0,0.0009030107,-0.0003606082,0.3346178,-0.9705041,-0.2156383,-0.1078045,1,1,0.75,0,0.25,0.25,0,0,0,0.5719608,-0.7556247,0.5317358,0.3824767,0,0.25,0.25,0,0.5,0.5,0,0,0,0.8281943,-0.6098505,0.6173795,0.4969153,0,0,0,0,0.5,0.25,0,0,0,0.723356,-0.6621131,0.6702873,0.3351437,0,0,0.25,0,-0.2499595,-0.2499946,0,0.0009827319,-0.0008448962,0.3179882,-0.9902343,0.08562534,-0.1100195,1,0.75,0.75,0,-0.4999762,-0.5000192,0,-0.001306832,-0.0008136038,0.3967187,-0.9032933,-0.2007053,-0.3791815,1,1,1,0,-0.2499928,-0.4999911,0,0.001117588,-0.001424552,0.3812463,-0.9191529,0.07944117,-0.3858071,1,0.75,1,0,-1.713304E-05,9.790911E-06,0,0.001052226,-0.001573757,0.3854898,-0.914748,0.3613626,0.180702,1,0.5,0.5,0,0.25,0,0,0,0,0.5032946,-0.8073401,0.5681282,0.1594746,0,0.25,0.5,0,0.5,0,0,0,0,0.663658,-0.6960808,0.7046744,0.1374974,0,0,0.5,0,-1.05958E-05,-0.2500251,0,-0.00235992,-0.0004917385,0.3755557,-0.9251267,0.3654701,-0.1028205,1,0.5,0.75,0,5.608939E-05,-0.5000154,0,0.001027955,-0.002565981,0.434958,-0.8663491,0.3423214,-0.3636692,1,0.5,1,0,0.25,-0.25,0,0,0,0.4945351,-0.8144509,0.5731321,-0.09049455,0,0.25,0.75,0,0.5,-0.25,0,0,0,0.6561142,-0.7006228,0.7092724,-0.07784698,0,0,0.75,0,0.25,-0.5,0,0,0,0.5471867,-0.773501,0.5443155,-0.3246794,0,0.25,1,0,0.5,-0.5,0,0,0,0.7017071,-0.6740411,0.6823626,-0.2829309,0,0,1
282,0,-0.2500132,0.4999806,0,-0.0007703903,-0.004577639,0.5471736,-0.7735107,0.06683399,0.6302495,1,0.75,0,0,-0.4999127,0.2499893,0,0.003211201,-0.00364557,0.4255052,-0.8751977,-0.194394,0.4429898,1,1,0.25,0,-0.4999034,0.5000604,0,0.003015996,-0.000715256,0.5602571,-0.7639657,-0.169679,0.6225475,1,1,0,0,-0.2499986,0.250041,0,8.344654E-05,-0.0006198885,0.4105679,-0.8895548,0.0768766,0.4503135,1,0.75,0.25,0,3.910928E-05,0.5000117,0,0.0003183093,0.001588464,0.5927674,-0.7412373,0.2928703,0.603982,1,0.5,0,0,-0.4999984,2.334214E-05,0,0.002118946,0.001040184,0.3450484,-0.9585249,-0.2130037,0.1893659,1,1,0.5,0,2.60714E-05,0.2499655,0,-0.001055213,0.001960248,0.4625946,-0.8414757,0.3324619,0.4258963,1,0.5,0.25,0,0.25,0.5,0,0,0,0.6902101,-0.6805521,0.478907,0.5545239,0,0.25,0,0,-0.2499737,2.645138E-05,0,0.003674628,0.000284311,0.3286206,-0.9775282,0.08450953,0.1931239,1,0.75,0.5,0,-0.4999752,-0.2499825,0,1.78814E-05,-0.0003501774,0.3346184,-0.9705033,-0.2156377,-0.1078128,1,1,0.75,0,0.25,0.25,0,0,0,0.5719608,-0.7556247,0.5317358,0.3824767,0,0.25,0.25,0,0.5,0.5,0,0,0,0.8281943,-0.6098505,0.6173795,0.4969153,0,0,0,0,0.5,0.25,0,0,0,0.723356,-0.6621131,0.6702873,0.3351437,0,0,0.25,0,-0.2499333,-0.2500153,0,0.001309067,-0.001033396,0.3179927,-0.9902288,0.08565688,-0.1100441,1,0.75,0.75,0,-0.4999436,-0.4999641,0,0.001630188,0.002756716,0.3966913,-0.903321,-0.200675,-0.3791317,1,1,1,0,-0.2500166,-0.4999989,0,-0.001193583,-0.0003933908,0.3812474,-0.9191517,0.07941398,-0.3858155,1,0.75,1,0,1.065763E-05,3.430978E-05,0,0.001389534,0.001225944,0.3855042,-0.9147331,0.3613881,0.1807267,1,0.5,0.5,0,0.25,0,0,0,0,0.5032946,-0.8073401,0.5681282,0.1594746,0,0.25,0.5,0,0.5,0,0,0,0,0.663658,-0.6960808,0.7046744,0.1374974,0,0,0.5,0,5.448905E-05,-0.2500118,0,0.003254243,0.0006645921,0.3755781,-0.9251031,0.365535,-0.1028027,1,0.5,0.75,0,2.908625E-05,-0.5000028,0,-0.001350157,0.0006318095,0.4349442,-0.8663619,0.3422975,-0.3636611,1,0.5,1,0,0.25,-0.25,0,0,0,0.4945351,-0.8144509,0.5731321,-0.09049455,0,0.25,0.75,0,0.5,-0.25,0,0,0,0.6561142,-0.7006228,0.7092724,-0.07784698,0,0,0.75,0,0.25,-0.5,0,0,0,0.5471867,-0.773501,0.5443155,-0.3246794,0,0.25,1,0,0.5,-0.5,0,0,0,0.7017071,-0.6740411,0.6823626,-0.2829309,0,0,1
283,0,-0.2499791,0.4999728,0,0.001703948,-0.0003933908,0.547171,-0.7735127,0.0668667,0.6302435,1,0.75,0,0,-0.4999577,0.2500533,0,-0.002253057,0.003200026,0.4255423,-0.8751626,-0.1944349,0.4430412,1,1,0.25,0,-0.4999018,0.5001218,0,7.748607E-05,0.00306964,0.560295,-0.7639384,-0.1696715,0.6225832,1,1,0,0,-0.2499807,0.2500463,0,0.0008948151,0.0002652408,0.4105716,-0.8895511,0.07689594,0.4503175,1,0.75,0.25,0,7.680561E-05,0.499967,0,0.001884817,-0.002238155,0.5927514,-0.7412482,0.2929091,0.6039498,1,0.5,0,0,-0.4999738,4.398057E-05,0,0.001229346,0.001031922,0.3450471,-0.9585264,-0.2129749,0.1893906,1,1,0.5,0,3.932851E-05,0.2499462,0,0.0006628558,-0.0009670858,0.4625908,-0.8414791,0.332477,0.425878,1,0.5,0.25,0,0.25,0.5,0,0,0,0.6902101,-0.6805521,0.478907,0.5545239,0,0.25,0,0,-0.2499692,1.479915E-06,0,0.0002235175,-0.001248574,0.3286162,-0.9775334,0.08451538,0.1930948,1,0.75,0.5,0,-0.4999784,-0.2499323,0,-0.0001564623,0.002513082,0.3346137,-0.9705089,-0.2156427,-0.1077532,1,1,0.75,0,0.25,0.25,0,0,0,0.5719608,-0.7556247,0.5317358,0.3824767,0,0.25,0.25,0,0.5,0.5,0,0,0,0.8281943,-0.6098505,0.6173795,0.4969153,0,0,0,0,0.5,0.25,0,0,0,0.723356,-0.6621131,0.6702873,0.3351437,0,0,0.25,0,-0.2499724,-0.2499625,0,-0.001954288,0.002637506,0.3179836,-0.9902399,0.08561005,-0.1099809,1,0.75,0.75,0,-0.4999386,-0.4999851,0,0.0002473594,-0.001050532,0.3966982,-0.9033139,-0.200668,-0.3791521,1,1,1,0,-0.2500063,-0.4999787,0,0.0005185606,0.001010299,0.3812404,-0.9191589,0.07942638,-0.3857957,1,0.75,1,0,7.903132E-05,3.280994E-05,0,0.003418686,-7.499187E-05,0.3855287,-0.9147078,0.3614553,0.1807201,1,0.5,0.5,0,0.25,0,0,0,0,0.5032946,-0.8073401,0.5681282,0.1594746,0,0.25,0.5,0,0.5,0,0,0,0,0.663658,-0.6960808,0.7046744,0.1374974,0,0,0.5,0,-4.930675E-05,-0.2500078,0,-0.005189792,0.0001981855,0.3755398,-0.9251436,0.3654325,-0.1028027,1,0.5,0.75,0,3.903417E-05,-0.4999291,0,0.0004973961,0.003686549,0.4349207,-0.8663836,0.3423167,-0.3635913,1,0.5,1,0,0.25,-0.25,0,0,0,0.4945351,-0.8144509,0.5731321,-0.09049455,0,0.25,0.75,0,0.5,-0.25,0,0,0,0.6561142,-0.7006228,0.7092724,-0.07784698,0,0,0.75,0,0.25,-0.5,0,0,0,0.5471867,-0.773501,0.5443155,-0.3246794,0,0.25,1,0,0.5,-0.5,0,0,0,0.7017071,-0.6740411,0.6823626,-0.2829309,0,0,1
284,0,-0.2499788,0.5000837,0,1.639128E-05,0.005549195,0.547241,-0.773461,0.06686255,0.6303074,1,0.75,0,0,-0.4998425,0.2500614,0,0.005762281,0.0004023315,0.4255235,-0.8751804,-0.1943144,0.4430589,1,1,0.25,0,-0.4998906,0.5000379,0,0.000561774,-0.004193189,0.5602409,-0.7639773,-0.1696696,0.6225358,1,1,0,0,-0.2499948,0.2500663,0,-0.00070259,0.0009953979,0.4105795,-0.8895434,0.07687984,0.4503355,1,0.75,0.25,0,2.65645E-05,0.4999398,0,-0.002512056,-0.001357496,0.5927203,-0.7412693,0.2928714,0.6039422,1,0.5,0,0,-0.5000354,5.681823E-05,0,-0.003080071,0.0006418831,0.3450627,-0.9585088,-0.2130439,0.1894023,1,1,0.5,0,3.319727E-05,0.2500011,0,-0.0003065622,0.00274405,0.4626122,-0.8414604,0.3324633,0.4259255,1,0.5,0.25,0,0.25,0.5,0,0,0,0.6902101,-0.6805521,0.478907,0.5545239,0,0.25,0,0,-0.250004,8.914116E-05,0,-0.001738966,0.004383064,0.3286302,-0.9775169,0.08447197,0.1931973,1,0.75,0.5,0,-0.5000151,-0.2499613,0,-0.001835824,-0.001449884,0.3346248,-0.970496,-0.2156838,-0.1077865,1,1,0.75,0,0.25,0.25,0,0,0,0.5719608,-0.7556247,0.5317358,0.3824767,0,0.25,0.25,0,0.5,0.5,0,0,0,0.8281943,-0.6098505,0.6173795,0.4969153,0,0,0,0,0.5,0.25,0,0,0,0.723356,-0.6621131,0.6702873,0.3351437,0,0,0.25,0,-0.2499978,-0.2499103,0,-0.001270324,0.00261441,0.3179756,-0.9902495,0.08557983,-0.109918,1,0.75,0.75,0,-0.4999668,-0.4999348,0,-0.001411141,0.002515317,0.3966848,-0.9033274,-0.2007024,-0.3791017,1,1,1,0,-0.2499228,-0.4999685,0,0.004173072,0.0005096199,0.3812431,-0.9191561,0.07952084,-0.3857829,1,0.75,1,0,-5.275441E-05,-1.213489E-05,0,-0.006589289,-0.002247242,0.385473,-0.9147654,0.3613292,0.1806807,1,0.5,0.5,0,0.25,0,0,0,0,0.5032946,-0.8073401,0.5681282,0.1594746,0,0.25,0.5,0,0.5,0,0,0,0,0.663658,-0.6960808,0.7046744,0.1374974,0,0,0.5,0,-2.489132E-05,-0.2500434,0,0.001220772,-0.001779199,0.3755524,-0.9251303,0.3654552,-0.1028419,1,0.5,0.75,0,3.008017E-05,-0.4999728,0,-0.0004477003,-0.002187491,0.4349335,-0.8663718,0.3423025,-0.3636332,1,0.5,1,0,0.25,-0.25,0,0,0,0.4945351,-0.8144509,0.5731321,-0.09049455,0,0.25,0.75,0,0.5,-0.25,0,0,0,0.6561142,-0.7006228,0.7092724,-0.07784698,0,0,0.75,0,0.25,-0.5,0,0,0,0.5471867,-0.773501,0.5443155,-0.3246794,0,0.25,1,0,0.5,-0.5,0,0,0,0.7017071,-0.6740411,0.6823626,-0.2829309,0,0,1
285,0,-0.2500078,0.4999578,0,-0.001450629,-0.006298723,0.5471596,-0.7735211,0.06684004,0.6302361,1,0.75,0,0,-0.5000235,0.2500566,0,-0.009052459,-0.0002413989,0.4255565,-0.8751491,-0.194503,0.4430378,1,1,0.25,0,-0.500004,0.5000352,0,-0.005669894,-0.0001370907,0.5602584,-0.7639647,-0.1697737,0.6225229,1,1,0,0,-0.2500297,0.2500049,0,-0.001746417,-0.00306964,0.4105492,-0.889573,0.07684404,0.4502831,1,0.75,0.25,0,3.354814E-05,0.5000044,0,0.0003491818,0.003229083,0.5927613,-0.7412415,0.2928669,0.6039786,1,0.5,0,0,-0.4999436,-4.127131E-06,0,0.00459105,-0.003047269,0.3450316,-0.9585441,-0.212943,0.1893371,1,1,0.5,0,-3.271582E-05,0.249962,0,-0.003295655,-0.001951308,0.4625736,-0.8414941,0.3324081,0.425902,1,0.5,0.25,0,0.25,0.5,0,0,0,0.6902101,-0.6805521,0.478907,0.5545239,0,0.25,0,0,-0.2499668,-4.123783E-05,0,0.001858921,-0.006518952,0.3286082,-0.9775429,0.08451909,0.1930451,1,0.75,0.5,0,-0.5000007,-0.2499602,0,0.0007182363,5.140903E-05,0.3346215,-0.9704998,-0.2156675,-0.1077857,1,1,0.75,0,0.25,0.25,0,0,0,0.5719608,-0.7556247,0.5317358,0.3824767,0,0.25,0.25,0,0.5,0.5,0,0,0,0.8281943,-0.6098505,0.6173795,0.4969153,0,0,0,0,0.5,0.25,0,0,0,0.723356,-0.6621131,0.6702873,0.3351437,0,0,0.25,0,-0.2499513,-0.2499791,0,0.002322347,-0.003441425,0.3179872,-0.9902356,0.0856354,-0.1100006,1,0.75,0.75,0,-0.5000497,-0.5000179,0,-0.004141035,-0.004155936,0.396733,-0.9032789,-0.200784,-0.3791741,1,1,1,0,-0.2500681,-0.4999287,0,-0.007263574,0.001990796,0.3812162,-0.9191841,0.07935841,-0.3857495,1,0.75,1,0,8.936227E-05,-6.454105E-06,0,0.007105837,0.0002840391,0.3855253,-0.9147112,0.3614683,0.1806764,1,0.5,0.5,0,0.25,0,0,0,0,0.5032946,-0.8073401,0.5681282,0.1594746,0,0.25,0.5,0,0.5,0,0,0,0,0.663658,-0.6960808,0.7046744,0.1374974,0,0,0.5,0,-3.613505E-05,-0.2500102,0,-0.0005621867,0.00166148,0.3755448,-0.9251383,0.3654455,-0.1028048,1,0.5,0.75,0,-1.550544E-05,-0.5000038,0,-0.002279281,-0.001546741,0.4349292,-0.8663757,0.3422553,-0.3636679,1,0.5,1,0,0.25,-0.25,0,0,0,0.4945351,-0.8144509,0.5731321,-0.09049455,0,0.25,0.75,0,0.5,-0.25,0,0,0,0.6561142,-0.7006228,0.7092724,-0.07784698,0,0,0.75,0,0.25,-0.5,0,0,0,0.5471867,-0.773501,0.5443155,-0.3246794,0,0.25,1,0,0.5,-0.5,0,0,0,0.7017071,-0.6740411,0.6823626,-0.2829309,0,0,1
286,0,-0.2500422,0.50002,0,-0.001721085,0.003112854,0.5471965,-0.7734938,0.06680481,0.6302733,1,0.75,0,0,-0.5000298,0.2499754,0,-0.0003129245,-0.004056097,0.4255218,-0.875182,-0.1945171,0.4429668,1,1,0.25,0,-0.5000531,0.4999863,0,-0.002455712,-0.002443791,0.5602363,-0.7639806,-0.1698236,0.6224898,1,1,0,0,-0.2500567,0.2499919,0,-0.001348556,-0.0006496909,0.4105412,-0.8895808,0.07681509,0.4502727,1,0.75,0.25,0,1.278075E-05,0.4999443,0,-0.00103837,-0.003004075,0.592719,-0.7412702,0.2928592,0.603947,1,0.5,0,0,-0.4999989,-1.984206E-06,0,-0.002764167,0.0001071462,0.3450438,-0.9585302,-0.2130054,0.189337,1,1,0.5,0,-3.013207E-05,0.2499237,0,0.0001291876,-0.00191927,0.4625581,-0.8415077,0.3324161,0.425869,1,0.5,0.25,0,0.25,0.5,0,0,0,0.6902101,-0.6805521,0.478907,0.5545239,0,0.25,0,0,-0.2500268,-1.411465E-05,0,-0.00299886,0.00135616,0.3286083,-0.9775427,0.08444669,0.1930778,1,0.75,0.5,0,-0.4999897,-0.2500293,0,0.0005513432,-0.003454836,0.3346266,-0.9704939,-0.215653,-0.1078678,1,1,0.75,0,0.25,0.25,0,0,0,0.5719608,-0.7556247,0.5317358,0.3824767,0,0.25,0.25,0,0.5,0.5,0,0,0,0.8281943,-0.6098505,0.6173795,0.4969153,0,0,0,0,0.5,0.25,0,0,0,0.723356,-0.6621131,0.6702873,0.3351437,0,0,0.25,0,-0.2499523,-0.2500518,0,-4.619362E-05,-0.003637375,0.3179951,-0.990226,0.08563344,-0.1100885,1,0.75,0.75,0,-0.4999857,-0.4999722,0,0.00319928,0.002285839,0.3967028,-0.9033093,-0.2007194,-0.3791358,1,1,1,0,-0.2499574,-0.5000628,0,0.005533549,-0.006702545,0.3812767,-0.9191211,0.07947855,-0.3858751,1,0.75,1,0,2.067242E-05,4.744625E-05,0,-0.003434494,0.002695019,0.3855103,-0.9147269,0.3613969,0.1807404,1,0.5,0.5,0,0.25,0,0,0,0,0.5032946,-0.8073401,0.5681282,0.1594746,0,0.25,0.5,0,0.5,0,0,0,0,0.663658,-0.6960808,0.7046744,0.1374974,0,0,0.5,0,-3.864913E-05,-0.2500073,0,-0.000125704,0.0001460314,0.3755436,-0.9251395,0.3654431,-0.1028016,1,0.5,0.75,0,7.569637E-05,-0.499971,0,0.004560092,0.001637638,0.4349485,-0.8663579,0.3423458,-0.3636254,1,0.5,1,0,0.25,-0.25,0,0,0,0.4945351,-0.8144509,0.5731321,-0.09049455,0,0.25,0.75,0,0.5,-0.25,0,0,0,0.6561142,-0.7006228,0.7092724,-0.07784698,0,0,0.75,0,0.25,-0.5,0,0,0,0.5471867,-0.773501,0.5443155,-0.3246794,0,0.25,1,0,0.5,-0.5,0,0,0,0.7017071,-0.6740411,0.6823626,-0.2829309,0,0,1
287,0,-0.2500253,0.4999749,0,0.0008463863,-0.002256037,0.5471692,-0.773514,0.06682272,0.6302467,1,0.75,0,0,-0.5000284,0.2499809,0,7.15256E-05,0.0002749265,0.4255239,-0.8751799,-0.1945151,0.4429717,1,1,0.25,0,-0.4999648,0.4999705,0,0.004415216,-0.0007897618,0.5602115,-0.7639984,-0.1697443,0.6224895,1,1,0,0,-0.2500559,0.2499968,0,3.874303E-05,0.0002443791,0.4105435,-0.8895786,0.07681575,0.4502769,1,0.75,0.25,0,-1.50337E-05,0.5000014,0,-0.001390723,0.002852083,0.5927453,-0.7412523,0.2928267,0.6039847,1,0.5,0,0,-0.5000467,2.541395E-05,0,-0.002393127,0.001369908,0.3450592,-0.9585128,-0.2130581,0.1893659,1,1,0.5,0,2.796953E-06,0.2500055,0,0.001646452,0.004094095,0.4626039,-0.8414676,0.3324345,0.4259338,1,0.5,0.25,0,0.25,0.5,0,0,0,0.6902101,-0.6805521,0.478907,0.5545239,0,0.25,0,0,-0.2500231,-2.992149E-05,0,0.0001832844,-0.0007903424,0.3286056,-0.9775459,0.08445139,0.1930594,1,0.75,0.5,0,-0.4999964,-0.2500118,0,-0.0003367664,0.0008776787,0.3346261,-0.9704944,-0.2156612,-0.1078468,1,1,0.75,0,0.25,0.25,0,0,0,0.5719608,-0.7556247,0.5317358,0.3824767,0,0.25,0.25,0,0.5,0.5,0,0,0,0.8281943,-0.6098505,0.6173795,0.4969153,0,0,0,0,0.5,0.25,0,0,0,0.723356,-0.6621131,0.6702873,0.3351437,0,0,0.25,0,-0.2500044,-0.250056,0,-0.002607704,-0.0002086163,0.3179911,-0.9902308,0.0855701,-0.1100941,1,0.75,0.75,0,-0.500018,-0.5000707,0,-0.001616777,-0.004926326,0.3967466,-0.9032652,-0.2007457,-0.3792272,1,1,1,0,-0.2500449,-0.5000459,0,-0.004375728,0.0008434061,0.3812633,-0.9191351,0.07938046,-0.3858619,1,0.75,1,0,-5.111431E-06,-3.127504E-05,0,-0.001289193,-0.003936066,0.3854867,-0.9147512,0.3613774,0.1806563,1,0.5,0.5,0,0.25,0,0,0,0,0.5032946,-0.8073401,0.5681282,0.1594746,0,0.25,0.5,0,0.5,0,0,0,0,0.663658,-0.6960808,0.7046744,0.1374974,0,0,0.5,0,-4.000251E-05,-0.2499918,0,-6.766916E-05,0.0007741156,0.3755415,-0.9251418,0.3654424,-0.1027842,1,0.5,0.75,0,5.237062E-08,-0.499969,0,-0.003782201,0.0001013279,0.4349219,-0.8663825,0.3422746,-0.3636335,1,0.5,1,0,0.25,-0.25,0,0,0,0.4945351,-0.8144509,0.5731321,-0.09049455,0,0.25,0.75,0,0.5,-0.25,0,0,0,0.6561142,-0.7006228,0.7092724,-0.07784698,0,0,0.75,0,0.25,-0.5,0,0,0,0.5471867,-0.773501,0.5443155,-0.3246794,0,0.25,1,0,0.5,-0.5,0,0,0,0.7017071,-0.6740411,0.6823626,-0.2829309,0,0,1
288,0,-0.249961,0.4999487,0,0.003215672,-0.001308322,0.547157,-0.7735229,0.06688491,0.630229,1,0.75,0,0,-0.499994,0.2499865,0,0.001719595,0.0002771617,0.4255197,-0.8751839,-0.1944788,0.4429798,1,1,0.25,0,-0.4999891,0.4999625,0,-0.001215935,-0.0004008414,0.5602106,-0.7639992,-0.1697673,0.6224824,1,1,0,0,-0.2500097,0.2499966,0,0.002311171,-8.9407E-06,0.410547,-0.8895751,0.07686622,0.450275,1,0.75,0.25,0,7.896269E-05,0.4999894,0,0.004699822,-0.000600517,0.5927656,-0.7412386,0.2929073,0.6039624,1,0.5,0,0,-0.5000257,1.696421E-05,0,0.001049042,-0.0004224871,0.3450531,-0.9585197,-0.2130349,0.1893573,1,1,0.5,0,4.943076E-07,0.2499309,0,-0.0001151323,-0.003729762,0.4625714,-0.8414961,0.3324434,0.4258707,1,0.5,0.25,0,0.25,0.5,0,0,0,0.6902101,-0.6805521,0.478907,0.5545239,0,0.25,0,0,-0.2500427,-5.809394E-05,0,-0.0009790066,-0.001408623,0.3285985,-0.9775543,0.08442848,0.193027,1,0.75,0.5,0,-0.4999777,-0.2499511,0,0.0009357933,0.003033878,0.3346156,-0.9705067,-0.2156415,-0.1077755,1,1,0.75,0,0.25,0.25,0,0,0,0.5719608,-0.7556247,0.5317358,0.3824767,0,0.25,0.25,0,0.5,0.5,0,0,0,0.8281943,-0.6098505,0.6173795,0.4969153,0,0,0,0,0.5,0.25,0,0,0,0.723356,-0.6621131,0.6702873,0.3351437,0,0,0.25,0,-0.2499706,-0.2499989,0,0.001689792,0.002855809,0.3179877,-0.9902349,0.08561177,-0.1100247,1,0.75,0.75,0,-0.5000151,-0.499968,0,0.0001430512,0.005134942,0.3967071,-0.903305,-0.2007513,-0.3791294,1,1,1,0,-0.2500311,-0.499983,0,0.0006929043,0.003147126,0.3812401,-0.9191593,0.07939827,-0.3858006,1,0.75,1,0,1.024174E-05,1.97202E-05,0,0.0007676587,0.002549763,0.3855015,-0.9147359,0.3613887,0.1807108,1,0.5,0.5,0,0.25,0,0,0,0,0.5032946,-0.8073401,0.5681282,0.1594746,0,0.25,0.5,0,0.5,0,0,0,0,0.663658,-0.6960808,0.7046744,0.1374974,0,0,0.5,0,-3.242061E-05,-0.2500122,0,0.0003790954,-0.001021475,0.3755464,-0.9251366,0.365449,-0.1028069,1,0.5,0.75,0,2.353639E-05,-0.4999873,0,0.001174201,-0.0009164218,0.4349366,-0.8663689,0.3422944,-0.3636475,1,0.5,1,0,0.25,-0.25,0,0,0,0.4945351,-0.8144509,0.5731321,-0.09049455,0,0.25,0.75,0,0.5,-0.25,0,0,0,0.6561142,-0.7006228,0.7092724,-0.07784698,0,0,0.75,0,0.25,-0.5,0,0,0,0.5471867,-0.773501,0.5443155,-0.3246794,0,0.25,1,0,0.5,-0.5,0,0,0,0.7017071,-0.6740411,0.6823626,-0.2829309,0,0,1
289,0,-0.2500064,0.4999593,0,-0.002269448,0.0005304816,0.5471606,-0.7735203,0.06684133,0.6302369,1,0.75,0,0,-0.4999774,0.2499669,0,0.0008314851,-0.0009790066,0.4255078,-0.8751952,-0.1944634,0.4429643,1,1,0.25,0,-0.499955,0.4999445,0,0.001707674,-0.0008985404,0.5601937,-0.7640114,-0.1697378,0.6224754,1,1,0,0,-0.2500099,0.2500269,0,-1.192093E-05,0.001518429,0.4105607,-0.8895618,0.07686481,0.4503016,1,0.75,0.25,0,8.06392E-06,0.4999696,0,-0.00354494,-0.0009864572,0.5927329,-0.7412608,0.2928511,0.6039624,1,0.5,0,0,-0.4999525,-5.74958E-06,0,0.003664197,-0.00113569,0.3450332,-0.9585423,-0.2129532,0.1893349,1,1,0.5,0,1.899422E-05,0.2499599,0,0.0009249959,0.001446903,0.4625899,-0.8414799,0.3324562,0.4258926,1,0.5,0.25,0,0.25,0.5,0,0,0,0.6902101,-0.6805521,0.478907,0.5545239,0,0.25,0,0,-0.2500148,-2.291434E-05,0,0.001394749,0.001758981,0.3286076,-0.9775435,0.08446122,0.1930674,1,0.75,0.5,0,-0.499923,-0.2499537,0,0.002735854,-0.0001318753,0.3346041,-0.9705201,-0.2155789,-0.1077801,1,1,0.75,0,0.25,0.25,0,0,0,0.5719608,-0.7556247,0.5317358,0.3824767,0,0.25,0.25,0,0.5,0.5,0,0,0,0.8281943,-0.6098505,0.6173795,0.4969153,0,0,0,0,0.5,0.25,0,0,0,0.723356,-0.6621131,0.6702873,0.3351437,0,0,0.25,0,-0.249962,-0.2499888,0,0.0004313888,0.0005036594,0.3179874,-0.9902353,0.08562236,-0.1100125,1,0.75,0.75,0,-0.5000277,-0.49999,0,-0.000625849,-0.001099706,0.396718,-0.903294,-0.2007629,-0.3791493,1,1,1,0,-0.2500279,-0.4999607,0,0.0001594425,0.001111627,0.3812317,-0.919168,0.07940264,-0.385779,1,0.75,1,0,1.215066E-05,-1.609254E-05,0,9.544623E-05,-0.001790638,0.3854957,-0.9147419,0.3613932,0.1806716,1,0.5,0.5,0,0.25,0,0,0,0,0.5032946,-0.8073401,0.5681282,0.1594746,0,0.25,0.5,0,0.5,0,0,0,0,0.663658,-0.6960808,0.7046744,0.1374974,0,0,0.5,0,-5.91195E-05,-0.2500501,0,-0.001334945,-0.001895428,0.3755405,-0.9251428,0.365421,-0.1028509,1,0.5,0.75,0,-3.849943E-05,-0.4999747,0,-0.003101792,0.0006318095,0.4349108,-0.8663929,0.3422375,-0.363644,1,0.5,1,0,0.25,-0.25,0,0,0,0.4945351,-0.8144509,0.5731321,-0.09049455,0,0.25,0.75,0,0.5,-0.25,0,0,0,0.6561142,-0.7006228,0.7092724,-0.07784698,0,0,0.75,0,0.25,-0.5,0,0,0,0.5471867,-0.773501,0.5443155,-0.3246794,0,0.25,1,0,0.5,-0.5,0,0,0,0.7017071,-0.6740411,0.6823626,-0.2829309,0,0,1
290,0,-0.249977,0.5000536,0,0.001467765,0.004711749,0.547222,-0.7734749,0.06686545,0.63029,1,0.75,0,0,-0.4999964,0.2499854,0,-0.0009521845,0.0009261075,0.4255197,-0.8751839,-0.1944814,0.4429786,1,1,0.25,0,-0.4999725,0.5000259,0,-0.0008746985,0.004068018,0.5602472,-0.7639728,-0.1697458,0.6225207,1,1,0,0,-0.2499956,0.2500319,0,0.0007160011,0.0002458692,0.4105639,-0.8895586,0.07688025,0.4503054,1,0.75,0.25,0,-5.286174E-07,0.5000057,0,-0.000429627,0.001804531,0.5927521,-0.7412477,0.2928381,0.6039848,1,0.5,0,0,-0.5000123,-6.032441E-05,0,-0.002990664,-0.002728743,0.3450356,-0.9585395,-0.2130233,0.1892698,1,1,0.5,0,6.40557E-05,0.2499889,0,0.002253075,0.001450629,0.4626172,-0.841456,0.3324936,0.4259106,1,0.5,0.25,0,0.25,0.5,0,0,0,0.6902101,-0.6805521,0.478907,0.5545239,0,0.25,0,0,-0.2500564,-1.069231E-05,0,-0.002081693,0.0006111016,0.3286065,-0.9775448,0.08441109,0.1930824,1,0.75,0.5,0,-0.499935,-0.2499943,0,-0.0005990269,-0.002030284,0.3346111,-0.970512,-0.2155914,-0.1078279,1,1,0.75,0,0.25,0.25,0,0,0,0.5719608,-0.7556247,0.5317358,0.3824767,0,0.25,0.25,0,0.5,0.5,0,0,0,0.8281943,-0.6098505,0.6173795,0.4969153,0,0,0,0,0.5,0.25,0,0,0,0.723356,-0.6621131,0.6702873,0.3351437,0,0,0.25,0,-0.2499895,-0.2499952,0,-0.001376868,-0.0003218652,0.3179857,-0.9902374,0.08558886,-0.1100206,1,0.75,0.75,0,-0.4998717,-0.5000144,0,0.007796291,-0.001218915,0.396696,-0.9033162,-0.2005939,-0.3791858,1,1,1,0,-0.2499503,-0.5000222,0,0.003878029,-0.003072621,0.3812616,-0.9191368,0.07948796,-0.3858357,1,0.75,1,0,7.914145E-07,3.444478E-05,0,-0.0005679626,0.002526867,0.3855007,-0.9147367,0.3613783,0.1807276,1,0.5,0.5,0,0.25,0,0,0,0,0.5032946,-0.8073401,0.5681282,0.1594746,0,0.25,0.5,0,0.5,0,0,0,0,0.663658,-0.6960808,0.7046744,0.1374974,0,0,0.5,0,-3.51936E-05,-0.250009,0,0.001196295,0.002056361,0.375545,-0.9251381,0.3654464,-0.1028034,1,0.5,0.75,0,6.795468E-05,-0.5000104,0,0.005322707,-0.00178516,0.4349602,-0.8663471,0.3423332,-0.363663,1,0.5,1,0,0.25,-0.25,0,0,0,0.4945351,-0.8144509,0.5731321,-0.09049455,0,0.25,0.75,0,0.5,-0.25,0,0,0,0.6561142,-0.7006228,0.7092724,-0.07784698,0,0,0.75,0,0.25,-0.5,0,0,0,0.5471867,-0.773501,0.5443155,-0.3246794,0,0.25,1,0,0.5,-0.5,0,0,0,0.7017071,-0.6740411,0.6823626,-0.2829309,0,0,1
291,0,-0.2500017,0.5000835,0,-0.001232326,0.001496077,0.5472393,-0.7734622,0.06684081,0.6303082,1,0.75,0,0,-0.5000027,0.2499631,0,-0.0003144146,-0.001118333,0.4255111,-0.8751921,-0.19449,0.4429586,1,1,0.25,0,-0.4999495,0.5000839,0,0.00114739,0.002902747,0.5602795,-0.7639495,-0.169719,0.6225565,1,1,0,0,-0.2499361,0.250011,0,0.002976508,-0.001041592,0.4105592,-0.8895633,0.07694604,0.4502849,1,0.75,0.25,0,4.11721E-05,0.5000033,0,0.002085037,-0.0001192093,0.5927628,-0.7412404,0.2928734,0.6039767,1,0.5,0,0,-0.4999782,7.215043E-06,0,0.001706184,0.003376974,0.3450411,-0.9585333,-0.2129816,0.1893484,1,1,0.5,0,2.817758E-05,0.2499624,0,-0.001793906,-0.001323969,0.462594,-0.8414763,0.3324643,0.4258934,1,0.5,0.25,0,0.25,0.5,0,0,0,0.6902101,-0.6805521,0.478907,0.5545239,0,0.25,0,0,-0.2499841,2.440608E-05,0,0.003613533,0.001754921,0.3286194,-0.9775296,0.084497,0.1931217,1,0.75,0.5,0,-0.5000315,-0.2499988,0,-0.004824998,-0.0002227724,0.3346323,-0.9704872,-0.2157015,-0.1078305,1,1,0.75,0,0.25,0.25,0,0,0,0.5719608,-0.7556247,0.5317358,0.3824767,0,0.25,0.25,0,0.5,0.5,0,0,0,0.8281943,-0.6098505,0.6173795,0.4969153,0,0,0,0,0.5,0.25,0,0,0,0.723356,-0.6621131,0.6702873,0.3351437,0,0,0.25,0,-0.2500168,-0.250068,0,-0.001362712,-0.00363663,0.3179914,-0.9902305,0.08555495,-0.1101087,1,0.75,0.75,0,-0.5000118,-0.5000461,0,-0.007003549,-0.001588464,0.3967361,-0.9032758,-0.2007411,-0.3792042,1,1,1,0,-0.2500361,-0.5000376,0,-0.004290791,-0.0007689002,0.3812608,-0.9191377,0.07939066,-0.3858535,1,0.75,1,0,1.934974E-05,1.090195E-05,0,0.0009279166,-0.001177142,0.3855032,-0.9147342,0.3613983,0.1807005,1,0.5,0.5,0,0.25,0,0,0,0,0.5032946,-0.8073401,0.5681282,0.1594746,0,0.25,0.5,0,0.5,0,0,0,0,0.663658,-0.6960808,0.7046744,0.1374974,0,0,0.5,0,-5.282523E-05,-0.2500031,0,-0.0008815817,0.0002965332,0.375538,-0.9251454,0.3654292,-0.1027974,1,0.5,0.75,0,1.605373E-05,-0.5000153,0,-0.002595048,-0.0002443791,0.4349442,-0.8663619,0.3422836,-0.3636744,1,0.5,1,0,0.25,-0.25,0,0,0,0.4945351,-0.8144509,0.5731321,-0.09049455,0,0.25,0.75,0,0.5,-0.25,0,0,0,0.6561142,-0.7006228,0.7092724,-0.07784698,0,0,0.75,0,0.25,-0.5,0,0,0,0.5471867,-0.773501,0.5443155,-0.3246794,0,0.25,1,0,0.5,-0.5,0,0,0,0.7017071,-0.6740411,0.6823626,-0.2829309,0,0,1
292,0,-0.2499339,0.4999908,0,0.003389271,-0.004635753,0.5471853,-0.7735021,0.06690899,0.6302521,1,0.75,0,0,-0.4999938,0.2500852,0,0.0004440548,0.006107243,0.4255634,-0.8751426,-0.1944695,0.4430655,1,1,0.25,0,-0.4998918,0.5000628,0,0.002884866,-0.001057983,0.5602566,-0.763966,-0.1696682,0.6225501,1,1,0,0,-0.249967,0.2500178,0,-0.001544506,0.0003382565,0.4105598,-0.8895626,0.07691205,0.450292,1,0.75,0.25,0,0.0001197697,0.4999809,0,0.003929882,-0.001122058,0.5927724,-0.7412339,0.2929428,0.6039509,1,0.5,0,0,-0.5000535,4.917449E-05,0,-0.003768505,0.002097973,0.3450651,-0.958506,-0.2130647,0.1893927,1,1,0.5,0,5.214596E-05,0.2499496,0,0.001198419,-0.0006407502,0.4625965,-0.8414741,0.3324884,0.4258789,1,0.5,0.25,0,0.25,0.5,0,0,0,0.6902101,-0.6805521,0.478907,0.5545239,0,0.25,0,0,-0.2500288,-1.43653E-05,0,-0.002235175,-0.00193857,0.3286081,-0.9775429,0.0844442,0.1930776,1,0.75,0.5,0,-0.4999802,-0.2500104,0,0.002565981,-0.0005818906,0.3346225,-0.9704986,-0.2156426,-0.1078457,1,1,0.75,0,0.25,0.25,0,0,0,0.5719608,-0.7556247,0.5317358,0.3824767,0,0.25,0.25,0,0.5,0.5,0,0,0,0.8281943,-0.6098505,0.6173795,0.4969153,0,0,0,0,0.5,0.25,0,0,0,0.723356,-0.6621131,0.6702873,0.3351437,0,0,0.25,0,-0.2500115,-0.2499751,0,0.0002622606,0.004645439,0.3179816,-0.9902423,0.08556239,-0.1099965,1,0.75,0.75,0,-0.4999892,-0.5000241,0,0.001132489,0.001099706,0.3967232,-0.9032888,-0.2007187,-0.3791852,1,1,1,0,-0.2500096,-0.5000067,0,0.001326204,0.001543761,0.3812509,-0.919148,0.07942165,-0.3858228,1,0.75,1,0,4.041261E-06,-1.268409E-05,0,-0.0007654243,-0.001179302,0.3854934,-0.9147443,0.361385,0.1806759,1,0.5,0.5,0,0.25,0,0,0,0,0.5032946,-0.8073401,0.5681282,0.1594746,0,0.25,0.5,0,0.5,0,0,0,0,0.663658,-0.6960808,0.7046744,0.1374974,0,0,0.5,0,5.983385E-05,-0.2500329,0,0.005632956,-0.001490117,0.3755822,-0.9250987,0.3655394,-0.1028263,1,0.5,0.75,0,-2.793753E-05,-0.5000197,0,-0.002199564,-0.0002235175,0.4349307,-0.8663743,0.3422415,-0.3636844,1,0.5,1,0,0.25,-0.25,0,0,0,0.4945351,-0.8144509,0.5731321,-0.09049455,0,0.25,0.75,0,0.5,-0.25,0,0,0,0.6561142,-0.7006228,0.7092724,-0.07784698,0,0,0.75,0,0.25,-0.5,0,0,0,0.5471867,-0.773501,0.5443155,-0.3246794,0,0.25,1,0,0.5,-0.5,0,0,0,0.7017071,-0.6740411,0.6823626,-0.2829309,0,0,1
293,0,-0.2500475,0.5000375,0,-0.00567958,0.002335013,0.5472072,-0.7734859,0.06679912,0.6302836,1,0.75,0,0,-0.4999468,0.2500344,0,0.002351404,-0.002539159,0.4255318,-0.8751725,-0.1944253,0.4430257,1,1,0.25,0,-0.5000333,0.5000133,0,-0.007075074,-0.002473594,0.5602498,-0.7639709,-0.1698027,0.6225074,1,1,0,0,-0.2499706,0.2500473,0,-0.0001832844,0.001476706,0.4105728,-0.8895499,0.07690693,0.450318,1,0.75,0.25,0,7.966783E-06,0.5000064,0,-0.005590149,0.00127405,0.5927551,-0.7412457,0.2928451,0.6039838,1,0.5,0,0,-0.5000042,2.961779E-05,0,0.002467633,-0.0009778355,0.3450509,-0.9585222,-0.2130099,0.1893728,1,1,0.5,0,3.085689E-05,0.2500236,0,-0.001064454,0.00369847,0.4626209,-0.8414527,0.3324578,0.425945,1,0.5,0.25,0,0.25,0.5,0,0,0,0.6902101,-0.6805521,0.478907,0.5545239,0,0.25,0,0,-0.2499242,5.007649E-06,0,0.005234035,0.0009686477,0.3286207,-0.9775281,0.08456925,0.193098,1,0.75,0.5,0,-0.500015,-0.2499179,0,-0.001743437,0.004624577,0.3346201,-0.9705015,-0.215685,-0.1077352,1,1,0.75,0,0.25,0.25,0,0,0,0.5719608,-0.7556247,0.5317358,0.3824767,0,0.25,0.25,0,0.5,0.5,0,0,0,0.8281943,-0.6098505,0.6173795,0.4969153,0,0,0,0,0.5,0.25,0,0,0,0.723356,-0.6621131,0.6702873,0.3351437,0,0,0.25,0,-0.250035,-0.2499309,0,-0.001171232,0.002209843,0.3179747,-0.9902506,0.08553447,-0.1099433,1,0.75,0.75,0,-0.4999693,-0.4999309,0,0.0009924177,0.004664065,0.3966839,-0.9033284,-0.2007054,-0.3790978,1,1,1,0,-0.2499989,-0.4999754,0,0.0005349519,0.001564623,0.3812397,-0.9191597,0.0794348,-0.3857922,1,0.75,1,0,2.326287E-05,3.210602E-05,0,0.0009610809,0.002239506,0.3855084,-0.9147288,0.3614006,0.1807234,1,0.5,0.5,0,0.25,0,0,0,0,0.5032946,-0.8073401,0.5681282,0.1594746,0,0.25,0.5,0,0.5,0,0,0,0,0.663658,-0.6960808,0.7046744,0.1374974,0,0,0.5,0,1.237063E-05,-0.2499841,0,-0.002373162,0.002437831,0.3755599,-0.9251224,0.3654945,-0.1027732,1,0.5,0.75,0,3.375704E-05,-0.4999603,0,0.00308473,0.002969803,0.4349303,-0.8663748,0.3423076,-0.3636211,1,0.5,1,0,0.25,-0.25,0,0,0,0.4945351,-0.8144509,0.5731321,-0.09049455,0,0.25,0.75,0,0.5,-0.25,0,0,0,0.6561142,-0.7006228,0.7092724,-0.07784698,0,0,0.75,0,0.25,-0.5,0,0,0,0.5471867,-0.773501,0.5443155,-0.3246794,0,0.25,1,0,0.5,-0.5,0,0,0,0.7017071,-0.6740411,0.6823626,-0.2829309,0,0,1
294,0,-0.2500197,0.5000505,0,0.001387299,0.0006496909,0.5472172,-0.7734784,0.06682497,0.63029,1,0.75,0,0,-0.5000435,0.2500267,0,-0.004836919,-0.0003859402,0.4255472,-0.875158,-0.1945266,0.44301,1,1,0.25,0,-0.4999866,0.5000072,0,0.002336503,-0.0003039838,0.560238,-0.7639794,-0.1697606,0.6225086,1,1,0,0,-0.2500383,0.2500077,0,-0.0033848,-0.001980365,0.4105498,-0.8895724,0.07683453,0.4502859,1,0.75,0.25,0,-9.490273E-06,0.4999753,0,-0.0008728532,-0.001552702,0.5927311,-0.741262,0.2928355,0.6039686,1,0.5,0,0,-0.500003,4.728448E-06,0,5.960467E-05,-0.001244467,0.3450459,-0.9585278,-0.2130097,0.1893444,1,1,0.5,0,-1.742738E-06,0.2500286,0,-0.001629982,0.0002533198,0.4626123,-0.8414603,0.332427,0.4259541,1,0.5,0.25,0,0.25,0.5,0,0,0,0.6902101,-0.6805521,0.478907,0.5545239,0,0.25,0,0,-0.2500015,3.664412E-05,0,-0.003866108,0.001581824,0.3286203,-0.9775286,0.08447597,0.1931363,1,0.75,0.5,0,-0.4999632,-0.2499555,0,0.002591313,-0.001877547,0.3346129,-0.9705098,-0.2156247,-0.1077811,1,1,0.75,0,0.25,0.25,0,0,0,0.5719608,-0.7556247,0.5317358,0.3824767,0,0.25,0.25,0,0.5,0.5,0,0,0,0.8281943,-0.6098505,0.6173795,0.4969153,0,0,0,0,0.5,0.25,0,0,0,0.723356,-0.6621131,0.6702873,0.3351437,0,0,0.25,0,-0.2500079,-0.2499175,0,0.001354516,0.0006683174,0.3179756,-0.9902496,0.0855675,-0.1099269,1,0.75,0.75,0,-0.5000384,-0.5000054,0,-0.003457071,-0.003728272,0.396726,-0.9032859,-0.2007731,-0.3791631,1,1,1,0,-0.2500547,-0.4999542,0,-0.002792479,0.001060963,0.3812271,-0.9191728,0.07937256,-0.3857736,1,0.75,1,0,3.447008E-05,1.018787E-05,0,0.0005603606,-0.001095908,0.3855085,-0.9147286,0.3614132,0.1806986,1,0.5,0.5,0,0.25,0,0,0,0,0.5032946,-0.8073401,0.5681282,0.1594746,0,0.25,0.5,0,0.5,0,0,0,0,0.663658,-0.6960808,0.7046744,0.1374974,0,0,0.5,0,-4.539673E-05,-0.2499434,0,-0.002888369,0.002036244,0.3755345,-0.9251491,0.3654391,-0.1027297,1,0.5,0.75,0,-6.278373E-05,-0.499962,0,-0.00482704,-8.195642E-05,0.4348978,-0.8664048,0.3422162,-0.3636354,1,0.5,1,0,0.25,-0.25,0,0,0,0.4945351,-0.8144509,0.5731321,-0.09049455,0,0.25,0.75,0,0.5,-0.25,0,0,0,0.6561142,-0.7006228,0.7092724,-0.07784698,0,0,0.75,0,0.25,-0.5,0,0,0,0.5471867,-0.773501,0.5443155,-0.3246794,0,0.25,1,0,0.5,-0.5,0,0,0,0.7017071,-0.6740411,0.6823626,-0.2829309,0,0,1
295,0,-0.2499731,0.5000299,0,0.002332033,-0.00102818,0.5472074,-0.7734858,0.06687015,0.6302762,1,0.75,0,0,-0.4999597,0.2500442,0,0.004191699,0.0008732084,0.4255386,-0.8751661,-0.1944378,0.443033,1,1,0.25,0,-0.4999301,0.5000696,0,0.002822281,0.003120304,0.5602673,-0.7639583,-0.1697026,0.6225501,1,1,0,0,-0.2500064,0.2500365,0,0.001595915,0.001437963,0.4105652,-0.8895574,0.07686829,0.4503098,1,0.75,0.25,0,4.217966E-05,0.4999648,0,0.002583498,-0.0005260112,0.5927399,-0.7412559,0.2928804,0.6039541,1,0.5,0,0,-0.4999652,2.816106E-05,0,0.001890958,0.001171631,0.3450423,-0.9585319,-0.2129659,0.189373,1,1,0.5,0,4.574543E-05,0.250006,0,0.002374409,-0.001130999,0.4626184,-0.8414549,0.3324741,0.4259279,1,0.5,0.25,0,0.25,0.5,0,0,0,0.6902101,-0.6805521,0.478907,0.5545239,0,0.25,0,0,-0.249947,-2.354061E-05,0,0.002725424,-0.003009238,0.3286132,-0.9775369,0.08454248,0.1930653,1,0.75,0.5,0,-0.4999957,-0.2499983,0,-0.001625717,-0.002142043,0.3346246,-0.9704962,-0.2156607,-0.1078309,1,1,0.75,0,0.25,0.25,0,0,0,0.5719608,-0.7556247,0.5317358,0.3824767,0,0.25,0.25,0,0.5,0.5,0,0,0,0.8281943,-0.6098505,0.6173795,0.4969153,0,0,0,0,0.5,0.25,0,0,0,0.723356,-0.6621131,0.6702873,0.3351437,0,0,0.25,0,-0.2499372,-0.2500238,0,0.003532322,-0.005312266,0.3179933,-0.9902281,0.08565201,-0.1100544,1,0.75,0.75,0,-0.4999807,-0.5000014,0,0.002889336,0.0002026559,0.3967129,-0.9032992,-0.2007116,-0.3791641,1,1,1,0,-0.2500042,-0.4999738,0,0.002528728,-0.0009804968,0.3812386,-0.9191608,0.0794289,-0.3857908,1,0.75,1,0,8.071916E-05,9.176365E-07,0,0.002312455,-0.000463512,0.3855236,-0.9147131,0.3614593,0.1806851,1,0.5,0.5,0,0.25,0,0,0,0,0.5032946,-0.8073401,0.5681282,0.1594746,0,0.25,0.5,0,0.5,0,0,0,0,0.663658,-0.6960808,0.7046744,0.1374974,0,0,0.5,0,-2.354253E-05,-0.2500507,0,0.00109271,-0.005363675,0.3755535,-0.9251291,0.3654562,-0.10285,1,0.5,0.75,0,1.804085E-06,-0.4999945,0,0.003229392,-0.001624227,0.4349318,-0.8663734,0.3422729,-0.363657,1,0.5,1,0,0.25,-0.25,0,0,0,0.4945351,-0.8144509,0.5731321,-0.09049455,0,0.25,0.75,0,0.5,-0.25,0,0,0,0.6561142,-0.7006228,0.7092724,-0.07784698,0,0,0.75,0,0.25,-0.5,0,0,0,0.5471867,-0.773501,0.5443155,-0.3246794,0,0.25,1,0,0.5,-0.5,0,0,0,0.7017071,-0.6740411,0.6823626,-0.2829309,0,0,1
296,0,-0.2499373,0.4998721,0,0.001790375,-0.007890168,0.5471103,-0.7735575,0.06691054,0.6301839,1,0.75,0,0,-0.4999333,0.2499982,0,0.001317263,-0.00229776,0.4255131,-0.8751901,-0.1944147,0.4429955,1,1,0.25,0,-0.4999375,0.4999385,0,-0.0003665687,-0.006556514,0.5601869,-0.7640163,-0.1697224,0.6224737,1,1,0,0,-0.2500214,0.2499841,0,-0.0007495287,-0.002619625,0.4105405,-0.8895816,0.07685391,0.4502645,1,0.75,0.25,0,7.472418E-05,0.4999796,0,0.001627226,0.0007376078,0.5927584,-0.7412434,0.2929053,0.6039575,1,0.5,0,0,-0.5000044,-2.232366E-05,0,-0.001959503,-0.002524237,0.3450411,-0.9585333,-0.2130125,0.1893135,1,1,0.5,0,5.398947E-06,0.2499759,0,-0.002017325,-0.001503528,0.4625922,-0.8414779,0.3324413,0.4259082,1,0.5,0.25,0,0.25,0.5,0,0,0,0.6902101,-0.6805521,0.478907,0.5545239,0,0.25,0,0,-0.2499897,-3.308811E-05,0,-0.002134592,-0.0004773752,0.3286078,-0.9775433,0.08449151,0.193055,1,0.75,0.5,0,-0.4999468,-0.2499675,0,0.002446772,0.001543016,0.3346107,-0.9705124,-0.2156056,-0.1077957,1,1,0.75,0,0.25,0.25,0,0,0,0.5719608,-0.7556247,0.5317358,0.3824767,0,0.25,0.25,0,0.5,0.5,0,0,0,0.8281943,-0.6098505,0.6173795,0.4969153,0,0,0,0,0.5,0.25,0,0,0,0.723356,-0.6621131,0.6702873,0.3351437,0,0,0.25,0,-0.2498866,-0.2499969,0,0.002533198,0.00134334,0.3179947,-0.9902264,0.0857138,-0.1100214,1,0.75,0.75,0,-0.4999471,-0.4999778,0,0.001676381,0.001177192,0.3966972,-0.9033149,-0.2006777,-0.3791445,1,1,1,0,-0.2499709,-0.49998,0,0.00166148,-0.0003129245,0.3812437,-0.9191555,0.07946616,-0.3857957,1,0.75,1,0,-3.270801E-05,4.364252E-06,0,-0.005671361,0.0001723309,0.3854832,-0.9147548,0.3613477,0.1806972,1,0.5,0.5,0,0.25,0,0,0,0,0.5032946,-0.8073401,0.5681282,0.1594746,0,0.25,0.5,0,0.5,0,0,0,0,0.663658,-0.6960808,0.7046744,0.1374974,0,0,0.5,0,5.236665E-05,-0.2499541,0,0.00379546,0.004829468,0.3755714,-0.9251102,0.3655354,-0.1027376,1,0.5,0.75,0,3.721617E-05,-0.5000011,0,0.001770605,-0.0003337862,0.4349463,-0.8663599,0.3423055,-0.3636585,1,0.5,1,0,0.25,-0.25,0,0,0,0.4945351,-0.8144509,0.5731321,-0.09049455,0,0.25,0.75,0,0.5,-0.25,0,0,0,0.6561142,-0.7006228,0.7092724,-0.07784698,0,0,0.75,0,0.25,-0.5,0,0,0,0.5471867,-0.773501,0.5443155,-0.3246794,0,0.25,1,0,0.5,-0.5,0,0,0,0.7017071,-0.6740411,0.6823626,-0.2829309,0,0,1
297,0,-0.2500342,0.4999638,0,-0.004848095,0.004583599,0.5471616,-0.7735196,0.06681467,0.6302406,1,0.75,0,0,-0.5000219,0.2499578,0,-0.004427137,-0.002019853,0.4255124,-0.8751909,-0.1945105,0.4429523,1,1,0.25,0,-0.5000575,0.499907,0,-0.00600219,-0.001573563,0.5601877,-0.7640157,-0.1698355,0.6224436,1,1,0,0,-0.2500215,0.2499676,0,-7.450583E-06,-0.0008255247,0.410533,-0.8895888,0.07685438,0.4502501,1,0.75,0.25,0,-5.183572E-05,0.4999919,0,-0.006327997,0.0006169083,0.5927287,-0.7412636,0.2927974,0.6039851,1,0.5,0,0,-0.4999711,-6.1431E-05,0,0.00166446,-0.001955368,0.3450266,-0.9585497,-0.2129768,0.1892704,1,1,0.5,0,6.269288E-06,0.2499739,0,4.351707E-05,-0.000102073,0.4625916,-0.8414783,0.3324424,0.4259064,1,0.5,0.25,0,0.25,0.5,0,0,0,0.6902101,-0.6805521,0.478907,0.5545239,0,0.25,0,0,-0.2500381,-4.166272E-05,0,-0.002419204,-0.0004287305,0.328602,-0.9775501,0.0844337,0.193046,1,0.75,0.5,0,-0.500018,-0.2499478,0,-0.003561379,0.0009812418,0.3346239,-0.970497,-0.2156876,-0.1077705,1,1,0.75,0,0.25,0.25,0,0,0,0.5719608,-0.7556247,0.5317358,0.3824767,0,0.25,0.25,0,0.5,0.5,0,0,0,0.8281943,-0.6098505,0.6173795,0.4969153,0,0,0,0,0.5,0.25,0,0,0,0.723356,-0.6621131,0.6702873,0.3351437,0,0,0.25,0,-0.2499639,-0.2499779,0,-0.003867598,0.0009506944,0.317986,-0.990237,0.08562015,-0.1099993,1,0.75,0.75,0,-0.4999362,-0.4999939,0,0.000548363,-0.000804663,0.3967011,-0.903311,-0.2006646,-0.3791608,1,1,1,0,-0.2499536,-0.5000271,0,0.0008665029,-0.002351404,0.3812633,-0.9191351,0.07948406,-0.3858405,1,0.75,1,0,2.119933E-05,2.04502E-05,0,0.002695368,0.000804298,0.3855056,-0.9147317,0.3613994,0.1807108,1,0.5,0.5,0,0.25,0,0,0,0,0.5032946,-0.8073401,0.5681282,0.1594746,0,0.25,0.5,0,0.5,0,0,0,0,0.663658,-0.6960808,0.7046744,0.1374974,0,0,0.5,0,-1.888573E-05,-0.2500027,0,-0.003562621,-0.00243187,0.3755503,-0.9251325,0.3654628,-0.1027956,1,0.5,0.75,0,8.060977E-05,-0.50003,0,0.002169681,-0.001442433,0.4349716,-0.8663365,0.3423426,-0.3636795,1,0.5,1,0,0.25,-0.25,0,0,0,0.4945351,-0.8144509,0.5731321,-0.09049455,0,0.25,0.75,0,0.5,-0.25,0,0,0,0.6561142,-0.7006228,0.7092724,-0.07784698,0,0,0.75,0,0.25,-0.5,0,0,0,0.5471867,-0.773501,0.5443155,-0.3246794,0,0.25,1,0,0.5,-0.5,0,0,0,0.7017071,-0.6740411,0.6823626,-0.2829309,0,0,1
298,0,-0.2499452,0.4999919,0,0.004452469,0.00140369,0.5471853,-0.7735021,0.06689819,0.6302532,1,0.75,0,0,-0.4999875,0.2499861,0,0.001719595,0.001416356,0.4255183,-0.8751853,-0.1944721,0.44298,1,1,0.25,0,-0.5000272,0.500018,0,0.001513959,0.005549195,0.5602516,-0.7639696,-0.1697967,0.6225107,1,1,0,0,-0.2499727,0.2500047,0,0.002441556,0.001856685,0.4105535,-0.8895688,0.07690627,0.4502807,1,0.75,0.25,0,2.061096E-05,0.5000221,0,0.003622335,0.001507998,0.5927682,-0.7412368,0.2928531,0.6039909,1,0.5,0,0,-0.5000064,-4.082485E-05,0,-0.001765788,0.001030308,0.345038,-0.9585368,-0.2130157,0.1892923,1,1,0.5,0,2.430742E-05,0.2499981,0,0.0009019072,0.00120774,0.4626079,-0.8414641,0.3324555,0.4259242,1,0.5,0.25,0,0.25,0.5,0,0,0,0.6902101,-0.6805521,0.478907,0.5545239,0,0.25,0,0,-0.2500207,-2.504582E-05,0,0.000868738,0.000830845,0.3286067,-0.9775445,0.08445419,0.193065,1,0.75,0.5,0,-0.4999358,-0.2501184,0,0.004109742,-0.008527938,0.3346246,-0.9704962,-0.2155889,-0.1079748,1,1,0.75,0,0.25,0.25,0,0,0,0.5719608,-0.7556247,0.5317358,0.3824767,0,0.25,0.25,0,0.5,0.5,0,0,0,0.8281943,-0.6098505,0.6173795,0.4969153,0,0,0,0,0.5,0.25,0,0,0,0.723356,-0.6621131,0.6702873,0.3351437,0,0,0.25,0,-0.249973,-0.250034,0,-0.0004567208,-0.002805145,0.3179914,-0.9902305,0.08560842,-0.1100672,1,0.75,0.75,0,-0.4999352,-0.5000679,0,4.917385E-05,-0.00369847,0.396729,-0.9032829,-0.2006573,-0.3792315,1,1,1,0,-0.250008,-0.4999923,0,-0.002721698,0.001740456,0.3812455,-0.9191536,0.07942389,-0.3858088,1,0.75,1,0,1.356102E-05,-2.718403E-05,0,-0.0003819159,-0.002381712,0.3854942,-0.9147435,0.3613954,0.1806594,1,0.5,0.5,0,0.25,0,0,0,0,0.5032946,-0.8073401,0.5681282,0.1594746,0,0.25,0.5,0,0.5,0,0,0,0,0.663658,-0.6960808,0.7046744,0.1374974,0,0,0.5,0,-2.811886E-05,-0.2500334,0,-0.0004616569,-0.00153631,0.3755502,-0.9251326,0.3654523,-0.1028307,1,0.5,0.75,0,3.234475E-05,-0.5000131,0,-0.002413252,0.0008434061,0.434949,-0.8663574,0.3422993,-0.3636702,1,0.5,1,0,0.25,-0.25,0,0,0,0.4945351,-0.8144509,0.5731321,-0.09049455,0,0.25,0.75,0,0.5,-0.25,0,0,0,0.6561142,-0.7006228,0.7092724,-0.07784698,0,0,0.75,0,0.25,-0.5,0,0,0,0.5471867,-0.773501,0.5443155,-0.3246794,0,0.25,1,0,0.5,-0.5,0,0,0,0.7017071,-0.6740411,0.6823626,-0.2829309,0,0,1
299,0,-0.2499988,0.4999597,0,-0.00268221,-0.001607836,0.5471613,-0.7735198,0.06684849,0.6302369,1,0.75,0,0,-0.5000281,0.2499931,0,-0.002029539,0.0003494324,0.4255293,-0.8751749,-0.1945136,0.4429823,1,1,0.25,0,-0.4999869,0.5000143,0,0.002016128,-0.0001847745,0.5602425,-0.7639762,-0.1697601,0.6225125,1,1,0,0,-0.2499533,0.2500039,0,0.000970066,-3.874303E-05,0.4105546,-0.8895677,0.07692748,0.4502793,1,0.75,0.25,0,3.695483E-05,0.4999907,0,0.0008171939,-0.001566113,0.592754,-0.7412464,0.2928719,0.6039701,1,0.5,0,0,-0.4999479,-2.001891E-05,0,0.002923609,0.001040297,0.3450295,-0.9585465,-0.2129487,0.1893188,1,1,0.5,0,1.500647E-05,0.2499589,0,-0.000465048,-0.001955778,0.4625881,-0.8414814,0.3324527,0.4258924,1,0.5,0.25,0,0.25,0.5,0,0,0,0.6902101,-0.6805521,0.478907,0.5545239,0,0.25,0,0,-0.2499868,-4.269496E-05,0,0.001695753,-0.0008824574,0.3286062,-0.9775452,0.08449517,0.1930438,1,0.75,0.5,0,-0.5000011,-0.250051,0,-0.003263356,0.003372134,0.3346314,-0.9704883,-0.2156654,-0.1078931,1,1,0.75,0,0.25,0.25,0,0,0,0.5719608,-0.7556247,0.5317358,0.3824767,0,0.25,0.25,0,0.5,0.5,0,0,0,0.8281943,-0.6098505,0.6173795,0.4969153,0,0,0,0,0.5,0.25,0,0,0,0.723356,-0.6621131,0.6702873,0.3351437,0,0,0.25,0,-0.249996,-0.2499743,0,-0.001149625,0.002983959,0.3179829,-0.9902408,0.08558121,-0.1099953,1,0.75,0.75,0,-0.5000773,-0.5000269,0,-0.007106367,0.0020504,0.3967419,-0.9032699,-0.2008129,-0.3791803,1,1,1,0,-0.2500239,-0.5000051,0,-0.0007927421,-0.0006437304,0.3812492,-0.9191498,0.07940557,-0.3858218,1,0.75,1,0,5.237687E-05,-4.914842E-05,0,0.001940793,-0.00109822,0.3855042,-0.9147331,0.3614351,0.1806325,1,0.5,0.5,0,0.25,0,0,0,0,0.5032946,-0.8073401,0.5681282,0.1594746,0,0.25,0.5,0,0.5,0,0,0,0,0.663658,-0.6960808,0.7046744,0.1374974,0,0,0.5,0,-4.371951E-05,-0.250069,0,-0.0007800327,-0.001779199,0.3755481,-0.9251348,0.3654354,-0.1028716,1,0.5,0.75,0,-8.390799E-05,-0.500043,0,-0.005812639,-0.001496077,0.4349201,-0.8663842,0.3421855,-0.3637135,1,0.5,1,0,0.25,-0.25,0,0,0,0.4945351,-0.8144509,0.5731321,-0.09049455,0,0.25,0.75,0,0.5,-0.25,0,0,0,0.6561142,-0.7006228,0.7092724,-0.07784698,0,0,0.75,0,0.25,-0.5,0,0,0,0.5471867,-0.773501,0.5443155,-0.3246794,0,0.25,1,0,0.5,-0.5,0,0,0,0.7017071,-0.6740411,0.6823626,-0.2829309,0,0,1
300,0,-0.2499978,0.4999109,0,5.36442E-05,-0.002439321,0.5471307,-0.7735424,0.06685147,0.6302087,1,0.75,0,0,-0.5000824,0.2500144,0,-0.002714993,0.001061708,0.4255493,-0.875156,-0.1945681,0.4429957,1,1,0.25,0,-0.4999874,0.5000688,0,-2.235175E-05,0.002723933,0.5602765,-0.7639517,-0.1697551,0.622544,1,1,0,0,-0.2500786,0.2499884,0,-0.006266686,-0.000778586,0.410538,-0.8895839,0.07679124,0.4502704,1,0.75,0.25,0,3.643716E-06,0.4999949,0,-0.001665556,0.0002086163,0.5927469,-0.7412513,0.2928433,0.6039779,1,0.5,0,0,-0.5000241,6.522184E-05,0,-0.003811718,0.004262039,0.3450619,-0.9585097,-0.2130307,0.1894124,1,1,0.5,0,-2.668162E-05,0.2499405,0,-0.002084405,-0.0009201471,0.4625664,-0.8415003,0.3324169,0.4258828,1,0.5,0.25,0,0.25,0.5,0,0,0,0.6902101,-0.6805521,0.478907,0.5545239,0,0.25,0,0,-0.249969,-7.028293E-05,0,0.0008888546,-0.001379399,0.3286024,-0.9775497,0.08451702,0.1930114,1,0.75,0.5,0,-0.499958,-0.2500484,0,0.002151729,0.0001266599,0.3346218,-0.9704994,-0.2156163,-0.1078913,1,1,0.75,0,0.25,0.25,0,0,0,0.5719608,-0.7556247,0.5317358,0.3824767,0,0.25,0.25,0,0.5,0.5,0,0,0,0.8281943,-0.6098505,0.6173795,0.4969153,0,0,0,0,0.5,0.25,0,0,0,0.723356,-0.6621131,0.6702873,0.3351437,0,0,0.25,0,-0.2500049,-0.2499757,0,-0.0004440548,-6.929043E-05,0.3179823,-0.9902415,0.08557041,-0.1099971,1,0.75,0.75,0,-0.5000258,-0.4999934,0,0.002574922,0.001671911,0.3967189,-0.9032931,-0.2007606,-0.3791527,1,1,1,0,-0.2500237,-0.4999575,0,8.9407E-06,0.002381206,0.3812308,-0.9191689,0.07940742,-0.3857758,1,0.75,1,0,-1.45707E-05,2.035353E-05,0,-0.00334738,0.003475099,0.3854926,-0.914745,0.3613643,0.1807134,1,0.5,0.5,0,0.25,0,0,0,0,0.5032946,-0.8073401,0.5681282,0.1594746,0,0.25,0.5,0,0.5,0,0,0,0,0.663658,-0.6960808,0.7046744,0.1374974,0,0,0.5,0,2.683398E-05,-0.2500158,0,0.003527676,0.002662839,0.3755684,-0.9251133,0.3655075,-0.1028084,1,0.5,0.75,0,-1.825805E-05,-0.4998983,0,0.003282498,0.007237497,0.4348899,-0.8664122,0.3422667,-0.3635704,1,0.5,1,0,0.25,-0.25,0,0,0,0.4945351,-0.8144509,0.5731321,-0.09049455,0,0.25,0.75,0,0.5,-0.25,0,0,0,0.6561142,-0.7006228,0.7092724,-0.07784698,0,0,0.75,0,0.25,-0.5,0,0,0,0.5471867,-0.773501,0.5443155,-0.3246794,0,0.25,1,0,0.5,-0.5,0,0,0,0.7017071,-0.6740411,0.6823626,-0.2829309,0,0,1
301,0,-0.2499465,0.4999995,0,0.002562256,0.004427137,0.54719,-0.7734987,0.06689662,0.6302577,1,0.75,0,0,-0.5000424,0.2500355,0,0.001996756,0.001056493,0.4255509,-0.8751545,-0.1945246,0.4430178,1,1,0.25,0,-0.4999778,0.5000085,0,0.0004768373,-0.003015996,0.5602373,-0.7639799,-0.1697524,0.6225101,1,1,0,0,-0.2500416,0.2499983,0,0.001852215,0.0004969539,0.4105453,-0.8895768,0.0768313,0.4502777,1,0.75,0.25,0,2.507993E-05,0.5000474,0,0.001071811,0.002627076,0.5927848,-0.7412255,0.2928528,0.604005,1,0.5,0,0,-0.4999736,1.167353E-05,0,0.002527238,-0.002677417,0.345041,-0.9585334,-0.2129762,0.1893537,1,1,0.5,0,1.00593E-05,0.2499891,0,0.001837046,0.002426655,0.4625993,-0.8414716,0.3324437,0.4259187,1,0.5,0.25,0,0.25,0.5,0,0,0,0.6902101,-0.6805521,0.478907,0.5545239,0,0.25,0,0,-0.2499608,2.148285E-05,0,0.000409037,0.004588291,0.3286207,-0.977528,0.08452502,0.1931179,1,0.75,0.5,0,-0.4999598,-0.2499582,0,-8.9407E-05,0.004511328,0.3346125,-0.9705103,-0.2156208,-0.1077844,1,1,0.75,0,0.25,0.25,0,0,0,0.5719608,-0.7556247,0.5317358,0.3824767,0,0.25,0.25,0,0.5,0.5,0,0,0,0.8281943,-0.6098505,0.6173795,0.4969153,0,0,0,0,0.5,0.25,0,0,0,0.723356,-0.6621131,0.6702873,0.3351437,0,0,0.25,0,-0.2499664,-0.2499987,0,0.001925976,-0.00115335,0.3179881,-0.9902344,0.08561689,-0.1100245,1,0.75,0.75,0,-0.5000252,-0.4999677,0,3.278257E-05,0.001285971,0.396709,-0.903303,-0.2007621,-0.3791282,1,1,1,0,-0.2500503,-0.499954,0,-0.001327694,0.0001728535,0.3812274,-0.9191725,0.0793776,-0.3857734,1,0.75,1,0,6.932303E-05,2.839382E-05,0,0.004194689,0.0004020144,0.3855244,-0.9147123,0.3614461,0.1807159,1,0.5,0.5,0,0.25,0,0,0,0,0.5032946,-0.8073401,0.5681282,0.1594746,0,0.25,0.5,0,0.5,0,0,0,0,0.663658,-0.6960808,0.7046744,0.1374974,0,0,0.5,0,-5.447696E-05,-0.2500288,0,-0.004065549,-0.0006496909,0.37554,-0.9251433,0.3654265,-0.1028266,1,0.5,0.75,0,-2.142988E-05,-0.5000438,0,-0.0001585914,-0.00727624,0.4349418,-0.8663641,0.3422444,-0.3637059,1,0.5,1,0,0.25,-0.25,0,0,0,0.4945351,-0.8144509,0.5731321,-0.09049455,0,0.25,0.75,0,0.5,-0.25,0,0,0,0.6561142,-0.7006228,0.7092724,-0.07784698,0,0,0.75,0,0.25,-0.5,0,0,0,0.5471867,-0.773501,0.5443155,-0.3246794,0,0.25,1,0,0.5,-0.5,0,0,0,0.7017071,-0.6740411,0.6823626,-0.2829309,0,0,1
302,0,-0.2499603,0.4999883,0,-0.0006914142,-0.0005573037,0.547182,-0.7735046,0.06688393,0.6302518,1,0.75,0,0,-0.4999895,0.2500312,0,0.002644957,-0.0002160669,0.4255387,-0.8751661,-0.19447,0.4430189,1,1,0.25,0,-0.499989,0.4999558,0,-0.0005573037,-0.002634526,0.5602064,-0.7640021,-0.1697679,0.6224785,1,1,0,0,-0.2499847,0.2500186,0,0.002847613,0.00101626,0.4105589,-0.8895636,0.07689271,0.4502934,1,0.75,0.25,0,5.359175E-05,0.5000074,0,0.001425592,-0.002002717,0.5927689,-0.7412363,0.2928831,0.6039771,1,0.5,0,0,-0.5000432,1.382514E-05,0,-0.003480913,0.0001075804,0.3450562,-0.9585162,-0.2130547,0.1893529,1,1,0.5,0,6.347709E-05,0.2500226,0,0.002670891,0.001674146,0.4626313,-0.8414436,0.3324881,0.4259394,1,0.5,0.25,0,0.25,0.5,0,0,0,0.6902101,-0.6805521,0.478907,0.5545239,0,0.25,0,0,-0.2499708,6.071737E-05,0,-0.0004991891,0.001961727,0.3286275,-0.9775201,0.08451229,0.1931637,1,0.75,0.5,0,-0.5000117,-0.2499507,0,-0.002595783,0.0003740193,0.3346229,-0.9704982,-0.2156803,-0.1077741,1,1,0.75,0,0.25,0.25,0,0,0,0.5719608,-0.7556247,0.5317358,0.3824767,0,0.25,0.25,0,0.5,0.5,0,0,0,0.8281943,-0.6098505,0.6173795,0.4969153,0,0,0,0,0.5,0.25,0,0,0,0.723356,-0.6621131,0.6702873,0.3351437,0,0,0.25,0,-0.249973,-0.2500093,0,-0.0003278257,-0.0005260112,0.3179887,-0.9902337,0.08560881,-0.1100373,1,0.75,0.75,0,-0.4999785,-0.5000056,0,0.002333523,-0.001893938,0.396714,-0.903298,-0.2007089,-0.3791684,1,1,1,0,-0.2500024,-0.4999734,0,0.002394618,-0.0009685759,0.3812387,-0.9191607,0.07943093,-0.3857904,1,0.75,1,0,2.210341E-05,5.849524E-06,0,-0.002360982,-0.001127215,0.3855032,-0.9147341,0.3614014,0.1806948,1,0.5,0.5,0,0.25,0,0,0,0,0.5032946,-0.8073401,0.5681282,0.1594746,0,0.25,0.5,0,0.5,0,0,0,0,0.663658,-0.6960808,0.7046744,0.1374974,0,0,0.5,0,1.334894E-05,-0.2500286,0,0.003391296,1.043082E-05,0.3755648,-0.9251172,0.3654936,-0.1028234,1,0.5,0.75,0,2.670554E-05,-0.4999775,0,0.002406772,0.00331402,0.4349341,-0.8663712,0.3422987,-0.363638,1,0.5,1,0,0.25,-0.25,0,0,0,0.4945351,-0.8144509,0.5731321,-0.09049455,0,0.25,0.75,0,0.5,-0.25,0,0,0,0.6561142,-0.7006228,0.7092724,-0.07784698,0,0,0.75,0,0.25,-0.5,0,0,0,0.5471867,-0.773501,0.5443155,-0.3246794,0,0.25,1,0,0.5,-0.5,0,0,0,0.7017071,-0.6740411,0.6823626,-0.2829309,0,0,1
303,0,-0.2499901,0.5000125,0,-0.001487136,0.001209975,0.5471952,-0.7734948,0.06685469,0.6302669,1,0.75,0,0,-0.499967,0.2500444,0,0.001126528,0.0006616118,0.4255401,-0.8751646,-0.1944454,0.4430325,1,1,0.25,0,-0.4999811,0.5000238,0,0.0003919007,0.003403427,0.5602474,-0.7639726,-0.1697539,0.6225187,1,1,0,0,-0.2500281,0.2499973,0,-0.0021711,-0.001068414,0.4105459,-0.8895763,0.07684612,0.4502763,1,0.75,0.25,0,5.079662E-05,0.5000301,0,-0.0001397565,0.001135469,0.5927819,-0.7412275,0.2928771,0.6039907,1,0.5,0,0,-0.4999399,1.804013E-05,0,0.005164744,0.0002107495,0.345035,-0.9585401,-0.2129378,0.1893626,1,1,0.5,0,2.289337E-05,0.2500179,0,-0.002029187,-0.0002354384,0.4626158,-0.8414572,0.3324513,0.4259413,1,0.5,0.25,0,0.25,0.5,0,0,0,0.6902101,-0.6805521,0.478907,0.5545239,0,0.25,0,0,-0.2500235,-1.319981E-05,0,-0.002636016,-0.003695861,0.3286088,-0.9775422,0.08445057,0.1930788,1,0.75,0.5,0,-0.500047,-0.2499954,0,-0.001761318,-0.00223592,0.3346353,-0.9704837,-0.2157193,-0.1078261,1,1,0.75,0,0.25,0.25,0,0,0,0.5719608,-0.7556247,0.5317358,0.3824767,0,0.25,0.25,0,0.5,0.5,0,0,0,0.8281943,-0.6098505,0.6173795,0.4969153,0,0,0,0,0.5,0.25,0,0,0,0.723356,-0.6621131,0.6702873,0.3351437,0,0,0.25,0,-0.2500197,-0.2499715,0,-0.002337248,0.001887233,0.3179805,-0.9902436,0.08555252,-0.1099923,1,0.75,0.75,0,-0.4999831,-0.4999594,0,-0.0002309681,0.002309681,0.3966975,-0.9033147,-0.2007178,-0.3791239,1,1,1,0,-0.250032,-0.5000082,0,-0.001481176,-0.001737476,0.3812497,-0.9191492,0.07939632,-0.385825,1,0.75,1,0,1.688267E-05,5.470204E-05,0,-0.0002610371,0.002442627,0.3855102,-0.9147269,0.3613926,0.1807486,1,0.5,0.5,0,0.25,0,0,0,0,0.5032946,-0.8073401,0.5681282,0.1594746,0,0.25,0.5,0,0.5,0,0,0,0,0.663658,-0.6960808,0.7046744,0.1374974,0,0,0.5,0,-1.18786E-05,-0.2499896,0,-0.001261377,0.001945347,0.3755516,-0.9251311,0.3654703,-0.1027805,1,0.5,0.75,0,8.220952E-06,-0.4999596,0,-0.0009242298,0.0008970503,0.4349213,-0.8663831,0.3422836,-0.3636238,1,0.5,1,0,0.25,-0.25,0,0,0,0.4945351,-0.8144509,0.5731321,-0.09049455,0,0.25,0.75,0,0.5,-0.25,0,0,0,0.6561142,-0.7006228,0.7092724,-0.07784698,0,0,0.75,0,0.25,-0.5,0,0,0,0.5471867,-0.773501,0.5443155,-0.3246794,0,0.25,1,0,0.5,-0.5,0,0,0,0.7017071,-0.6740411,0.6823626,-0.2829309,0,0,1
304,0,-0.2500329,0.5000251,0,-0.002140553,0.0006288292,0.5472003,-0.773491,0.06681348,0.6302759,1,0.75,0,0,-0.5000199,0.2500715,0,-0.002644957,0.001356006,0.4255624,-0.8751435,-0.1944979,0.4430512,1,1,0.25,0,-0.4999648,0.4999787,0,0.0008180741,-0.002256037,0.5602167,-0.7639948,-0.1697434,0.6224942,1,1,0,0,-0.2500308,0.2500027,0,-0.0001385809,0.0002726914,0.4105482,-0.8895741,0.07684289,0.4502812,1,0.75,0.25,0,-1.218133E-05,0.4999966,0,-0.003148899,-0.001676381,0.5927432,-0.7412538,0.2928298,0.6039814,1,0.5,0,0,-0.4998958,1.172645E-05,0,0.002208353,-0.0003156841,0.3450244,-0.9585522,-0.2128882,0.1893575,1,1,0.5,0,-3.018072E-05,0.2499524,0,-0.002653706,-0.003270806,0.4625704,-0.8414969,0.3324119,0.4258935,1,0.5,0.25,0,0.25,0.5,0,0,0,0.6902101,-0.6805521,0.478907,0.5545239,0,0.25,0,0,-0.2499528,-3.648224E-05,0,0.003537537,-0.001164122,0.3286102,-0.9775404,0.0845358,0.1930504,1,0.75,0.5,0,-0.500006,-0.2499666,0,0.00204742,0.001443178,0.3346233,-0.9704977,-0.2156734,-0.107793,1,1,0.75,0,0.25,0.25,0,0,0,0.5719608,-0.7556247,0.5317358,0.3824767,0,0.25,0.25,0,0.5,0.5,0,0,0,0.8281943,-0.6098505,0.6173795,0.4969153,0,0,0,0,0.5,0.25,0,0,0,0.723356,-0.6621131,0.6702873,0.3351437,0,0,0.25,0,-0.2499678,-0.2499467,0,0.002594293,0.001242757,0.3179822,-0.9902416,0.08561578,-0.1099617,1,0.75,0.75,0,-0.4999774,-0.499921,0,0.0002831222,0.00191927,0.3966818,-0.9033305,-0.200715,-0.3790877,1,1,1,0,-0.2500113,-0.4999665,0,0.001037121,0.002081693,0.3812353,-0.9191642,0.07942116,-0.3857841,1,0.75,1,0,8.318816E-05,9.029924E-06,0,0.003315276,-0.002283607,0.3855259,-0.9147107,0.3614611,0.1806938,1,0.5,0.5,0,0.25,0,0,0,0,0.5032946,-0.8073401,0.5681282,0.1594746,0,0.25,0.5,0,0.5,0,0,0,0,0.663658,-0.6960808,0.7046744,0.1374974,0,0,0.5,0,-2.388783E-05,-0.2499612,0,-0.000600462,0.001422316,0.3755443,-0.9251388,0.3654597,-0.1027489,1,0.5,0.75,0,4.532658E-05,-0.4999804,0,0.001855282,-0.001040102,0.4349415,-0.8663644,0.3423159,-0.3636381,1,0.5,1,0,0.25,-0.25,0,0,0,0.4945351,-0.8144509,0.5731321,-0.09049455,0,0.25,0.75,0,0.5,-0.25,0,0,0,0.6561142,-0.7006228,0.7092724,-0.07784698,0,0,0.75,0,0.25,-0.5,0,0,0,0.5471867,-0.773501,0.5443155,-0.3246794,0,0.25,1,0,0.5,-0.5,0,0,0,0.7017071,-0.6740411,0.6823626,-0.2829309,0,0,1
305,0,-0.2499271,0.5000381,0,0.005288424,0.0006526711,0.5472156,-0.7734797,0.0669135,0.6302791,1,0.75,0,0,-0.5000023,0.2500389,0,0.0008821491,-0.001633168,0.4255446,-0.8751605,-0.1944826,0.4430244,1,1,0.25,0,-0.5000056,0.5000076,0,-0.00204146,0.001442433,0.5602415,-0.7639769,-0.1697779,0.6225069,1,1,0,0,-0.24999,0.2499904,0,0.002043695,-0.0006146731,0.4105458,-0.8895764,0.07688797,0.4502689,1,0.75,0.25,0,2.618899E-05,0.4999859,0,0.001918517,-0.0005349519,0.5927479,-0.7412506,0.2928637,0.603969,1,0.5,0,0,-0.4999124,1.281435E-05,0,-0.0008329753,5.439508E-05,0.3450282,-0.9585479,-0.212907,0.189358,1,1,0.5,0,2.484954E-05,0.2499423,0,0.002751514,-0.0005066397,0.4625843,-0.8414847,0.3324642,0.4258768,1,0.5,0.25,0,0.25,0.5,0,0,0,0.6902101,-0.6805521,0.478907,0.5545239,0,0.25,0,0,-0.2499933,4.791853E-05,0,-0.002028049,0.004220041,0.3286231,-0.9775252,0.08448554,0.1931492,1,0.75,0.5,0,-0.4999651,-0.2499811,0,0.00204593,-0.0007256868,0.3346161,-0.9705061,-0.2156262,-0.1078114,1,1,0.75,0,0.25,0.25,0,0,0,0.5719608,-0.7556247,0.5317358,0.3824767,0,0.25,0.25,0,0.5,0.5,0,0,0,0.8281943,-0.6098505,0.6173795,0.4969153,0,0,0,0,0.5,0.25,0,0,0,0.723356,-0.6621131,0.6702873,0.3351437,0,0,0.25,0,-0.2499195,-0.2499601,0,0.002416224,-0.0006720427,0.3179879,-0.9902347,0.08567426,-0.1099773,1,0.75,0.75,0,-0.5001326,-0.4999694,0,-0.007759038,-0.002416969,0.3967313,-0.9032807,-0.2008769,-0.3791207,1,1,1,0,-0.2499884,-0.4999782,0,0.00114441,-0.0005841258,0.3812416,-0.9191577,0.07944656,-0.3857946,1,0.75,1,0,2.525553E-05,4.231689E-05,0,-0.002896633,0.001664349,0.385511,-0.9147261,0.3614018,0.1807344,1,0.5,0.5,0,0.25,0,0,0,0,0.5032946,-0.8073401,0.5681282,0.1594746,0,0.25,0.5,0,0.5,0,0,0,0,0.663658,-0.6960808,0.7046744,0.1374974,0,0,0.5,0,-5.987104E-05,-0.2500117,0,-0.001799161,-0.002527238,0.3755363,-0.9251473,0.3654219,-0.1028076,1,0.5,0.75,0,-3.37997E-05,-0.4999706,0,-0.003956316,0.0004887583,0.4349109,-0.8663927,0.3422424,-0.3636396,1,0.5,1,0,0.25,-0.25,0,0,0,0.4945351,-0.8144509,0.5731321,-0.09049455,0,0.25,0.75,0,0.5,-0.25,0,0,0,0.6561142,-0.7006228,0.7092724,-0.07784698,0,0,0.75,0,0.25,-0.5,0,0,0,0.5471867,-0.773501,0.5443155,-0.3246794,0,0.25,1,0,0.5,-0.5,0,0,0,0.7017071,-0.6740411,0.6823626,-0.2829309,0,0,1
306,0,-0.2500101,0.5000304,0,-0.004149975,-0.0003874303,0.5472052,-0.7734874,0.0668349,0.630278,1,0.75,0,0,-0.4999696,0.2500239,0,0.001631678,-0.0007495287,0.4255316,-0.8751727,-0.19445,0.4430145,1,1,0.25,0,-0.500006,0.5000134,0,-2.086163E-05,0.0002920629,0.5602452,-0.7639742,-0.1697777,0.6225102,1,1,0,0,-0.249974,0.2500035,0,0.0008009377,0.0006563964,0.4105529,-0.8895695,0.07690497,0.4502798,1,0.75,0.25,0,2.905195E-05,0.4999444,0,0.0001431482,-0.002074243,0.5927237,-0.741267,0.2928728,0.6039444,1,0.5,0,0,-0.4999958,-4.128338E-06,0,-0.004167857,-0.0008471348,0.3450427,-0.9585314,-0.213002,0.1893347,1,1,0.5,0,8.138202E-05,0.2500048,0,0.002826625,0.003123285,0.4626297,-0.841445,0.3325073,0.4259216,1,0.5,0.25,0,0.25,0.5,0,0,0,0.6902101,-0.6805521,0.478907,0.5545239,0,0.25,0,0,-0.2499933,-3.706803E-05,0,2.235175E-06,-0.00424933,0.3286067,-0.9775445,0.08448726,0.1930505,1,0.75,0.5,0,-0.4999599,-0.2498715,0,0.0002592803,0.005480649,0.3346032,-0.9705211,-0.2156233,-0.1076817,1,1,0.75,0,0.25,0.25,0,0,0,0.5719608,-0.7556247,0.5317358,0.3824767,0,0.25,0.25,0,0.5,0.5,0,0,0,0.8281943,-0.6098505,0.6173795,0.4969153,0,0,0,0,0.5,0.25,0,0,0,0.723356,-0.6621131,0.6702873,0.3351437,0,0,0.25,0,-0.249955,-0.2499991,0,-0.001777709,-0.001950563,0.3179891,-0.9902332,0.08563066,-0.1100248,1,0.75,0.75,0,-0.5000634,-0.4999035,0,0.003460051,0.003294648,0.3966924,-0.9033198,-0.2008085,-0.3790636,1,1,1,0,-0.249987,-0.4999946,0,7.078054E-05,-0.0008210543,0.3812481,-0.9191509,0.07944759,-0.3858104,1,0.75,1,0,2.813086E-05,-8.190927E-06,0,0.0001437664,-0.002525392,0.3855029,-0.9147345,0.3614084,0.180679,1,0.5,0.5,0,0.25,0,0,0,0,0.5032946,-0.8073401,0.5681282,0.1594746,0,0.25,0.5,0,0.5,0,0,0,0,0.663658,-0.6960808,0.7046744,0.1374974,0,0,0.5,0,6.068428E-05,-0.2500111,0,0.006027768,3.129245E-05,0.3755803,-0.9251007,0.3655412,-0.1028017,1,0.5,0.75,0,-3.178514E-05,-0.4999913,0,0.0001007282,-0.001034141,0.4349191,-0.8663851,0.3422416,-0.3636585,1,0.5,1,0,0.25,-0.25,0,0,0,0.4945351,-0.8144509,0.5731321,-0.09049455,0,0.25,0.75,0,0.5,-0.25,0,0,0,0.6561142,-0.7006228,0.7092724,-0.07784698,0,0,0.75,0,0.25,-0.5,0,0,0,0.5471867,-0.773501,0.5443155,-0.3246794,0,0.25,1,0,0.5,-0.5,0,0,0,0.7017071,-0.6740411,0.6823626,-0.2829309,0,0,1
307,0,-0.2499864,0.500002,0,0.001187623,-0.001421571,0.5471889,-0.7734994,0.06685863,0.6302607,1,0.75,0,0,-0.4999362,0.2500215,0,0.001670421,-0.0001192093,0.425524,-0.8751799,-0.1944155,0.4430155,1,1,0.25,0,-0.499905,0.5000268,0,0.005050005,0.0006675723,0.5602363,-0.7639806,-0.1696839,0.622528,1,1,0,0,-0.2499941,0.2500472,0,-0.001007319,0.002184511,0.410571,-0.8895517,0.07688131,0.4503188,1,0.75,0.25,0,5.685035E-05,0.5000249,0,0.00138992,0.004026295,0.5927805,-0.7412285,0.292883,0.6039867,1,0.5,0,0,-0.4999493,-1.5904E-05,0,0.002321602,-0.0005887835,0.3450306,-0.9585451,-0.2129501,0.1893234,1,1,0.5,0,1.913411E-05,0.2499682,0,-0.003112397,-0.001830608,0.4625934,-0.8414767,0.3324551,0.4258996,1,0.5,0.25,0,0.25,0.5,0,0,0,0.6902101,-0.6805521,0.478907,0.5545239,0,0.25,0,0,-0.2500069,1.231042E-05,0,-0.0006832185,0.002468923,0.3286151,-0.9775347,0.08446992,0.1931081,1,0.75,0.5,0,-0.4999221,-0.2499603,0,0.001890958,-0.004439058,0.3346046,-0.9705195,-0.2155777,-0.1077879,1,1,0.75,0,0.25,0.25,0,0,0,0.5719608,-0.7556247,0.5317358,0.3824767,0,0.25,0.25,0,0.5,0.5,0,0,0,0.8281943,-0.6098505,0.6173795,0.4969153,0,0,0,0,0.5,0.25,0,0,0,0.723356,-0.6621131,0.6702873,0.3351437,0,0,0.25,0,-0.2498988,-0.2499777,0,0.00281334,0.001069904,0.3179916,-0.9902303,0.08569919,-0.1099984,1,0.75,0.75,0,-0.4998739,-0.5000107,0,0.009474162,-0.00535995,0.396695,-0.9033172,-0.2005966,-0.3791821,1,1,1,0,-0.2499553,-0.5000007,0,0.001583994,-0.0003039838,0.3812529,-0.9191459,0.07948309,-0.3858151,1,0.75,1,0,3.691103E-05,4.330889E-05,0,0.0004390085,0.002574992,0.3855154,-0.9147215,0.3614132,0.1807346,1,0.5,0.5,0,0.25,0,0,0,0,0.5032946,-0.8073401,0.5681282,0.1594746,0,0.25,0.5,0,0.5,0,0,0,0,0.663658,-0.6960808,0.7046744,0.1374974,0,0,0.5,0,-4.899266E-05,-0.2499364,0,-0.005483849,0.003733487,0.3755325,-0.9251513,0.3654359,-0.102722,1,0.5,0.75,0,8.216232E-05,-0.4999936,0,0.005697375,-0.0001132489,0.4349589,-0.8663482,0.3423489,-0.3636455,1,0.5,1,0,0.25,-0.25,0,0,0,0.4945351,-0.8144509,0.5731321,-0.09049455,0,0.25,0.75,0,0.5,-0.25,0,0,0,0.6561142,-0.7006228,0.7092724,-0.07784698,0,0,0.75,0,0.25,-0.5,0,0,0,0.5471867,-0.773501,0.5443155,-0.3246794,0,0.25,1,0,0.5,-0.5,0,0,0,0.7017071,-0.6740411,0.6823626,-0.2829309,0,0,1
308,0,-0.2500085,0.499989,0,-0.001104177,-0.0006496909,0.5471792,-0.7735066,0.06683816,0.6302541,1,0.75,0,0,-0.499913,0.2499759,0,0.001159311,-0.002279134,0.4254993,-0.8752033,-0.1943957,0.4429781,1,1,0.25,0,-0.4999241,0.5000549,0,-0.0009551648,0.00140667,0.5602572,-0.7639656,-0.1696986,0.6225423,1,1,0,0,-0.249969,0.249984,0,0.001254678,-0.003162773,0.4105445,-0.8895776,0.07691111,0.4502625,1,0.75,0.25,0,4.434323E-05,0.4999673,0,-0.0006253563,-0.002878906,0.5927421,-0.7412545,0.2928819,0.6039552,1,0.5,0,0,-0.4999977,3.31891E-05,0,-0.00241995,0.002454656,0.3450502,-0.958523,-0.2130024,0.1893771,1,1,0.5,0,7.745661E-05,0.2500131,0,0.002916126,0.002244861,0.4626319,-0.8414431,0.3325024,0.4259292,1,0.5,0.25,0,0.25,0.5,0,0,0,0.6902101,-0.6805521,0.478907,0.5545239,0,0.25,0,0,-0.2499234,-6.566037E-05,0,0.004176797,-0.003898541,0.3286071,-0.9775441,0.08457155,0.1930159,1,0.75,0.5,0,-0.4999558,-0.2500415,0,-0.001685322,-0.004062803,0.3346206,-0.9705008,-0.2156139,-0.1078832,1,1,0.75,0,0.25,0.25,0,0,0,0.5719608,-0.7556247,0.5317358,0.3824767,0,0.25,0.25,0,0.5,0.5,0,0,0,0.8281943,-0.6098505,0.6173795,0.4969153,0,0,0,0,0.5,0.25,0,0,0,0.723356,-0.6621131,0.6702873,0.3351437,0,0,0.25,0,-0.2499408,-0.2500178,0,-0.002099575,-0.002003462,0.3179924,-0.9902292,0.08564777,-0.1100472,1,0.75,0.75,0,-0.4998831,-0.5000284,0,-0.0004589559,-0.0008881096,0.3967035,-0.9033086,-0.2006049,-0.3791983,1,1,1,0,-0.2499648,-0.5000725,0,-0.0004783274,-0.003588201,0.3812799,-0.9191177,0.07946981,-0.3858848,1,0.75,1,0,2.660874E-05,7.496572E-06,0,-0.0005151147,-0.001790616,0.3855052,-0.914732,0.3614057,0.1806963,1,0.5,0.5,0,0.25,0,0,0,0,0.5032946,-0.8073401,0.5681282,0.1594746,0,0.25,0.5,0,0.5,0,0,0,0,0.663658,-0.6960808,0.7046744,0.1374974,0,0,0.5,0,-2.764934E-05,-0.2499996,0,0.001067166,-0.003156812,0.3755468,-0.9251361,0.3654543,-0.1027924,1,0.5,0.75,0,6.08402E-05,-0.5000188,0,-0.001066106,-0.001263619,0.4349608,-0.8663464,0.3423254,-0.3636717,1,0.5,1,0,0.25,-0.25,0,0,0,0.4945351,-0.8144509,0.5731321,-0.09049455,0,0.25,0.75,0,0.5,-0.25,0,0,0,0.6561142,-0.7006228,0.7092724,-0.07784698,0,0,0.75,0,0.25,-0.5,0,0,0,0.5471867,-0.773501,0.5443155,-0.3246794,0,0.25,1,0,0.5,-0.5,0,0,0,0.7017071,-0.6740411,0.6823626,-0.2829309,0,0,1
309,0,-0.2499546,0.4999558,0,0.002694131,-0.00165999,0.5471618,-0.7735194,0.06689072,0.6302328,1,0.75,0,0,-0.4999685,0.249961,0,-0.002771617,-0.0007428232,0.4255035,-0.8751993,-0.1944547,0.44296,1,1,0.25,0,-0.4999638,0.499938,0,-0.001983345,-0.005845728,0.560191,-0.7640132,-0.1697466,0.6224708,1,1,0,0,-0.2500283,0.2499947,0,-0.002963842,0.000535697,0.4105447,-0.8895774,0.07684599,0.4502741,1,0.75,0.25,0,2.396494E-05,0.4999656,0,-0.001018915,-8.642677E-05,0.5927351,-0.7412593,0.2928651,0.6039576,1,0.5,0,0,-0.499954,-4.386004E-05,0,0.002184511,-0.003852459,0.3450263,-0.95855,-0.2129567,0.1892913,1,1,0.5,0,2.432821E-05,0.2499969,0,-0.002656421,-0.0008076432,0.4626074,-0.8414646,0.3324557,0.4259233,1,0.5,0.25,0,0.25,0.5,0,0,0,0.6902101,-0.6805521,0.478907,0.5545239,0,0.25,0,0,-0.2500142,-2.660987E-05,0,-0.004538896,0.001952526,0.328607,-0.9775443,0.08446201,0.1930631,1,0.75,0.5,0,-0.4999551,-0.2500577,0,3.57628E-05,-0.0008106235,0.3346222,-0.970499,-0.2156126,-0.1079024,1,1,0.75,0,0.25,0.25,0,0,0,0.5719608,-0.7556247,0.5317358,0.3824767,0,0.25,0.25,0,0.5,0.5,0,0,0,0.8281943,-0.6098505,0.6173795,0.4969153,0,0,0,0,0.5,0.25,0,0,0,0.723356,-0.6621131,0.6702873,0.3351437,0,0,0.25,0,-0.2499347,-0.2500464,0,0.0003039838,-0.001429022,0.317996,-0.9902248,0.08565482,-0.1100817,1,0.75,0.75,0,-0.4999811,-0.4999998,0,-0.004899504,0.001430512,0.3967124,-0.9032997,-0.2007122,-0.3791626,1,1,1,0,-0.2500609,-0.5000227,0,-0.004803391,0.002488495,0.3812531,-0.9191458,0.07936321,-0.38584,1,0.75,1,0,3.428591E-06,-1.832583E-05,0,-0.001159008,-0.001291121,0.3854921,-0.9147456,0.3613848,0.1806698,1,0.5,0.5,0,0.25,0,0,0,0,0.5032946,-0.8073401,0.5681282,0.1594746,0,0.25,0.5,0,0.5,0,0,0,0,0.663658,-0.6960808,0.7046744,0.1374974,0,0,0.5,0,-1.619128E-05,-0.2500499,0,0.0005729028,-0.002515317,0.3755562,-0.9251263,0.3654635,-0.1028488,1,0.5,0.75,0,-2.11477E-05,-0.4999748,0,-0.004099397,0.002199412,0.4349167,-0.8663873,0.3422538,-0.3636419,1,0.5,1,0,0.25,-0.25,0,0,0,0.4945351,-0.8144509,0.5731321,-0.09049455,0,0.25,0.75,0,0.5,-0.25,0,0,0,0.6561142,-0.7006228,0.7092724,-0.07784698,0,0,0.75,0,0.25,-0.5,0,0,0,0.5471867,-0.773501,0.5443155,-0.3246794,0,0.25,1,0,0.5,-0.5,0,0,0,0.7017071,-0.6740411,0.6823626,-0.2829309,0,0,1
310,0,-0.2499976,0.4999332,0,-0.002152474,-0.001130999,0.5471448,-0.773532,0.0668507,0.6302215,1,0.75,0,0,-0.4999373,0.2499845,0,0.001558662,0.001170487,0.4255078,-0.8751952,-0.1944201,0.4429833,1,1,0.25,0,-0.4999754,0.4999027,0,-0.0005826356,-0.001764298,0.5601711,-0.7640276,-0.1697607,0.6224492,1,1,0,0,-0.2500252,0.2499549,0,0.0001549721,-0.001991541,0.410527,-0.8895947,0.07685089,0.4502391,1,0.75,0.25,0,5.717455E-06,0.4999587,0,-0.0009123748,-0.0003457071,0.5927255,-0.7412658,0.292851,0.6039565,1,0.5,0,0,-0.4998868,-2.533941E-05,0,0.003360213,0.000926032,0.3450155,-0.9585623,-0.2128799,0.1893157,1,1,0.5,0,1.397406E-05,0.2499305,0,-0.0005177077,-0.003319235,0.4625757,-0.8414923,0.3324559,0.4258684,1,0.5,0.25,0,0.25,0.5,0,0,0,0.6902101,-0.6805521,0.478907,0.5545239,0,0.25,0,0,-0.2499553,-7.539794E-05,0,0.002944471,-0.002439405,0.3286025,-0.9775496,0.08453353,0.1930052,1,0.75,0.5,0,-0.4999436,-0.2499821,0,0.0005766752,0.003781171,0.3346116,-0.9705113,-0.2156016,-0.1078131,1,1,0.75,0,0.25,0.25,0,0,0,0.5719608,-0.7556247,0.5317358,0.3824767,0,0.25,0.25,0,0.5,0.5,0,0,0,0.8281943,-0.6098505,0.6173795,0.4969153,0,0,0,0,0.5,0.25,0,0,0,0.723356,-0.6621131,0.6702873,0.3351437,0,0,0.25,0,-0.2499789,-0.2500456,0,-0.002212078,4.023315E-05,0.3179922,-0.9902295,0.08560114,-0.1100812,1,0.75,0.75,0,-0.4999773,-0.5000397,0,0.0001922251,-0.001993776,0.3967267,-0.9032852,-0.2007047,-0.379201,1,1,1,0,-0.2499983,-0.5000244,0,0.00313297,-8.642677E-05,0.3812587,-0.9191399,0.07943381,-0.3858396,1,0.75,1,0,7.083413E-05,9.488032E-06,0,0.003370278,0.001390694,0.3855215,-0.9147152,0.3614489,0.1806952,1,0.5,0.5,0,0.25,0,0,0,0,0.5032946,-0.8073401,0.5681282,0.1594746,0,0.25,0.5,0,0.5,0,0,0,0,0.663658,-0.6960808,0.7046744,0.1374974,0,0,0.5,0,-4.339134E-05,-0.2500487,0,-0.001360003,6.109478E-05,0.3755461,-0.9251369,0.3654366,-0.1028486,1,0.5,0.75,0,1.089416E-05,-0.5000654,0,0.001602094,-0.004526975,0.4349607,-0.8663466,0.342272,-0.3637216,1,0.5,1,0,0.25,-0.25,0,0,0,0.4945351,-0.8144509,0.5731321,-0.09049455,0,0.25,0.75,0,0.5,-0.25,0,0,0,0.6561142,-0.7006228,0.7092724,-0.07784698,0,0,0.75,0,0.25,-0.5,0,0,0,0.5471867,-0.773501,0.5443155,-0.3246794,0,0.25,1,0,0.5,-0.5,0,0,0,0.7017071,-0.6740411,0.6823626,-0.2829309,0,0,1
311,0,-0.2499954,0.4999461,0,0.0001125038,0.0006496909,0.5471531,-0.7735258,0.06685232,0.6302289,1,0.75,0,0,-0.4999727,0.2500007,0,-0.001770259,0.0008098784,0.4255219,-0.8751819,-0.1944554,0.442994,1,1,0.25,0,-0.4999413,0.4999617,0,0.001706184,0.002950431,0.560202,-0.7640054,-0.1697236,0.6224868,1,1,0,0,-0.2500194,0.2500196,0,0.0002890826,0.003235788,0.4105566,-0.8895658,0.07685474,0.4502955,1,0.75,0.25,0,3.058785E-05,0.500008,0,0.00124352,0.002467633,0.5927627,-0.7412405,0.2928637,0.6039811,1,0.5,0,0,-0.4999454,-5.123833E-05,0,-0.002928079,-0.001294947,0.345023,-0.9585537,-0.2129473,0.1892833,1,1,0.5,0,-1.017335E-05,0.2499766,0,-0.001207371,0.002306701,0.4625873,-0.8414821,0.3324268,0.4259112,1,0.5,0.25,0,0.25,0.5,0,0,0,0.6902101,-0.6805521,0.478907,0.5545239,0,0.25,0,0,-0.2499756,-3.927195E-05,0,-0.001014769,0.0018063,0.3286078,-0.9775433,0.0845085,0.1930476,1,0.75,0.5,0,-0.4999176,-0.2500016,0,0.001299382,-0.0009752814,0.3346081,-0.9705154,-0.2155713,-0.107837,1,1,0.75,0,0.25,0.25,0,0,0,0.5719608,-0.7556247,0.5317358,0.3824767,0,0.25,0.25,0,0.5,0.5,0,0,0,0.8281943,-0.6098505,0.6173795,0.4969153,0,0,0,0,0.5,0.25,0,0,0,0.723356,-0.6621131,0.6702873,0.3351437,0,0,0.25,0,-0.2498827,-0.2500484,0,0.004809352,-0.000140071,0.3180007,-0.9902192,0.08571784,-0.1100835,1,0.75,0.75,0,-0.4999328,-0.5000259,0,0.002223254,0.0006884339,0.3967126,-0.9032995,-0.2006583,-0.3791916,1,1,1,0,-0.2499395,-0.4999875,0,0.00294,0.001844764,0.3812491,-0.9191499,0.0795014,-0.3858019,1,0.75,1,0,2.480111E-05,4.546901E-06,0,-0.002301652,-0.0002470567,0.385504,-0.9147333,0.3614041,0.1806932,1,0.5,0.5,0,0.25,0,0,0,0,0.5032946,-0.8073401,0.5681282,0.1594746,0,0.25,0.5,0,0.5,0,0,0,0,0.663658,-0.6960808,0.7046744,0.1374974,0,0,0.5,0,3.502086E-05,-0.2499959,0,0.003920611,0.002636761,0.3755693,-0.9251124,0.3655165,-0.1027856,1,0.5,0.75,0,8.314229E-05,-0.4999949,0,0.003612408,0.003522636,0.4349598,-0.8663474,0.3423496,-0.3636466,1,0.5,1,0,0.25,-0.25,0,0,0,0.4945351,-0.8144509,0.5731321,-0.09049455,0,0.25,0.75,0,0.5,-0.25,0,0,0,0.6561142,-0.7006228,0.7092724,-0.07784698,0,0,0.75,0,0.25,-0.5,0,0,0,0.5471867,-0.773501,0.5443155,-0.3246794,0,0.25,1,0,0.5,-0.5,0,0,0,0.7017071,-0.6740411,0.6823626,-0.2829309,0,0,1
312,0,-0.2500004,0.500003,0,-0.0002533198,0.002841653,0.5471885,-0.7734997,0.06684522,0.6302618,1,0.75,0,0,-0.4999986,0.2500389,0,-0.001294911,0.00191331,0.4255438,-0.8751611,-0.1944788,0.4430248,1,1,0.25,0,-0.4999582,0.4999672,0,-0.0008463863,0.0002771617,0.5602083,-0.7640008,-0.1697386,0.6224883,1,1,0,0,-0.2500057,0.2499852,0,0.0006854537,-0.00171885,0.4105422,-0.8895799,0.07687102,0.4502649,1,0.75,0.25,0,5.651576E-05,0.49994,0,0.001296396,-0.003401936,0.5927291,-0.7412633,0.2928965,0.6039374,1,0.5,0,0,-0.4999628,3.092156E-05,0,-0.0008702282,0.004107996,0.3450423,-0.9585319,-0.2129631,0.1893762,1,1,0.5,0,2.195013E-05,0.2499288,0,0.001606175,-0.002393127,0.4625776,-0.8414906,0.3324635,0.4258657,1,0.5,0.25,0,0.25,0.5,0,0,0,0.6902101,-0.6805521,0.478907,0.5545239,0,0.25,0,0,-0.2500347,-1.599036E-05,0,-0.002957882,0.00116408,0.3286073,-0.977544,0.08443716,0.1930758,1,0.75,0.5,0,-0.4999131,-0.2500172,0,0.0002250076,-0.0007808211,0.3346088,-0.9705146,-0.2155658,-0.1078556,1,1,0.75,0,0.25,0.25,0,0,0,0.5719608,-0.7556247,0.5317358,0.3824767,0,0.25,0.25,0,0.5,0.5,0,0,0,0.8281943,-0.6098505,0.6173795,0.4969153,0,0,0,0,0.5,0.25,0,0,0,0.723356,-0.6621131,0.6702873,0.3351437,0,0,0.25,0,-0.2499706,-0.2500476,0,-0.004391374,3.725292E-05,0.3179931,-0.9902284,0.08561126,-0.1100836,1,0.75,0.75,0,-0.4999163,-0.5000269,0,0.0008240346,-4.768373E-05,0.3967096,-0.9033024,-0.2006406,-0.379194,1,1,1,0,-0.2499853,-0.4999949,0,-0.00229329,-0.0003695489,0.3812484,-0.9191507,0.07944942,-0.3858106,1,0.75,1,0,3.034339E-06,-4.368406E-05,0,-0.001088339,-0.002411549,0.3854874,-0.9147504,0.3613863,0.1806421,1,0.5,0.5,0,0.25,0,0,0,0,0.5032946,-0.8073401,0.5681282,0.1594746,0,0.25,0.5,0,0.5,0,0,0,0,0.663658,-0.6960808,0.7046744,0.1374974,0,0,0.5,0,-2.718049E-05,-0.2500547,0,-0.003110069,-0.002939255,0.3755527,-0.92513,0.3654524,-0.1028547,1,0.5,0.75,0,5.681325E-05,-0.5000334,0,-0.001316453,-0.001925231,0.4349648,-0.8663428,0.3423196,-0.3636858,1,0.5,1,0,0.25,-0.25,0,0,0,0.4945351,-0.8144509,0.5731321,-0.09049455,0,0.25,0.75,0,0.5,-0.25,0,0,0,0.6561142,-0.7006228,0.7092724,-0.07784698,0,0,0.75,0,0.25,-0.5,0,0,0,0.5471867,-0.773501,0.5443155,-0.3246794,0,0.25,1,0,0.5,-0.5,0,0,0,0.7017071,-0.6740411,0.6823626,-0.2829309,0,0,1
313,0,-0.2500065,0.499992,0,-0.0003010036,-0.0005513432,0.5471812,-0.7735051,0.06683993,0.6302557,1,0.75,0,0,-0.5000616,0.2500379,0,-0.003148617,-4.917385E-05,0.4255556,-0.87515,-0.1945443,0.4430181,1,1,0.25,0,-0.499935,0.5000412,0,0.001160801,0.00369996,0.5602504,-0.7639705,-0.16971,0.6225333,1,1,0,0,-0.2499706,0.2500195,0,0.001756103,0.001714379,0.4105603,-0.8895622,0.07690805,0.4502936,1,0.75,0.25,0,3.797555E-05,0.4999942,0,-0.0009270108,0.002707542,0.5927564,-0.7412448,0.2928722,0.6039719,1,0.5,0,0,-0.5000411,8.818421E-06,0,-0.003913046,-0.001105157,0.3450548,-0.9585177,-0.2130525,0.1893473,1,1,0.5,0,-3.271638E-06,0.2499553,0,-0.001261089,0.001327694,0.4625805,-0.8414881,0.3324363,0.425892,1,0.5,0.25,0,0.25,0.5,0,0,0,0.6902101,-0.6805521,0.478907,0.5545239,0,0.25,0,0,-0.2499638,-1.053562E-05,0,0.003547223,0.0002727371,0.3286144,-0.9775355,0.08452205,0.1930807,1,0.75,0.5,0,-0.4999047,-0.250029,0,0.0004187228,-0.0005885961,0.3346083,-0.9705152,-0.2155559,-0.1078698,1,1,0.75,0,0.25,0.25,0,0,0,0.5719608,-0.7556247,0.5317358,0.3824767,0,0.25,0.25,0,0.5,0.5,0,0,0,0.8281943,-0.6098505,0.6173795,0.4969153,0,0,0,0,0.5,0.25,0,0,0,0.723356,-0.6621131,0.6702873,0.3351437,0,0,0.25,0,-0.2499507,-0.2500289,0,0.0009924177,0.0009343032,0.3179927,-0.9902288,0.08563557,-0.1100608,1,0.75,0.75,0,-0.4999278,-0.5000426,0,-0.0005766752,-0.0007867816,0.3967179,-0.9032941,-0.2006516,-0.379208,1,1,1,0,-0.2499556,-0.5000246,0,0.001484901,-0.001484156,0.3812621,-0.9191363,0.07948188,-0.3858382,1,0.75,1,0,2.685975E-05,2.773442E-05,0,0.001191271,0.003570925,0.385509,-0.9147282,0.3614044,0.1807184,1,0.5,0.5,0,0.25,0,0,0,0,0.5032946,-0.8073401,0.5681282,0.1594746,0,0.25,0.5,0,0.5,0,0,0,0,0.663658,-0.6960808,0.7046744,0.1374974,0,0,0.5,0,-4.091888E-05,-0.2500127,0,-0.0006869197,0.002099575,0.3755433,-0.9251398,0.3654406,-0.1028079,1,0.5,0.75,0,9.089863E-05,-0.5000331,0,0.00170427,1.490117E-05,0.4349763,-0.8663321,0.3423519,-0.363681,1,0.5,1,0,0.25,-0.25,0,0,0,0.4945351,-0.8144509,0.5731321,-0.09049455,0,0.25,0.75,0,0.5,-0.25,0,0,0,0.6561142,-0.7006228,0.7092724,-0.07784698,0,0,0.75,0,0.25,-0.5,0,0,0,0.5471867,-0.773501,0.5443155,-0.3246794,0,0.25,1,0,0.5,-0.5,0,0,0,0.7017071,-0.6740411,0.6823626,-0.2829309,0,0,1
314,0,-0.2500293,0.4999836,0,-0.001141429,-0.0004157426,0.5471745,-0.7735101,0.06681857,0.6302518,1,0.75,0,0,-0.4999925,0.250019,0,0.0034526,-0.0009477142,0.4255338,-0.8751706,-0.1944743,0.4430081,1,1,0.25,0,-0.5000301,0.4999753,0,-0.004753472,-0.003299118,0.5602256,-0.7639883,-0.1698036,0.6224857,1,1,0,0,-0.2500002,0.2500105,0,-0.001483411,-0.0004485251,0.410554,-0.8895683,0.07687601,0.4502869,1,0.75,0.25,0,-2.710321E-05,0.5000154,0,-0.003253939,0.001060963,0.5927502,-0.741249,0.2928143,0.6039947,1,0.5,0,0,-0.4999285,-1.344828E-05,0,0.005628171,-0.001113336,0.3450266,-0.9585497,-0.2129264,0.1893272,1,1,0.5,0,1.608277E-06,0.2499648,0,0.0002439958,0.0004716219,0.4625862,-0.8414831,0.3324394,0.4258993,1,0.5,0.25,0,0.25,0.5,0,0,0,0.6902101,-0.6805521,0.478907,0.5545239,0,0.25,0,0,-0.2500417,-2.079365E-05,0,-0.00389293,-0.0005129016,0.3286058,-0.9775457,0.08442897,0.1930704,1,0.75,0.5,0,-0.5000077,-0.2499975,0,-0.005149843,0.001576543,0.334627,-0.9704934,-0.2156744,-0.1078296,1,1,0.75,0,0.25,0.25,0,0,0,0.5719608,-0.7556247,0.5317358,0.3824767,0,0.25,0.25,0,0.5,0.5,0,0,0,0.8281943,-0.6098505,0.6173795,0.4969153,0,0,0,0,0.5,0.25,0,0,0,0.723356,-0.6621131,0.6702873,0.3351437,0,0,0.25,0,-0.2499525,-0.25001,0,-9.089712E-05,0.0009477142,0.3179905,-0.9902316,0.08563358,-0.1100379,1,0.75,0.75,0,-0.5000342,-0.4999869,0,-0.005315247,0.002786518,0.3967181,-0.9032938,-0.2007701,-0.3791458,1,1,1,0,-0.2500228,-0.4999763,0,-0.003357233,0.002416969,0.3812382,-0.9191613,0.07940785,-0.3857939,1,0.75,1,0,1.581178E-05,-3.086679E-07,0,-0.0005523984,-0.001402155,0.3854999,-0.9147375,0.3613957,0.1806885,1,0.5,0.5,0,0.25,0,0,0,0,0.5032946,-0.8073401,0.5681282,0.1594746,0,0.25,0.5,0,0.5,0,0,0,0,0.663658,-0.6960808,0.7046744,0.1374974,0,0,0.5,0,-4.296822E-05,-0.250048,0,-0.0001024668,-0.001762808,0.3755462,-0.9251367,0.365437,-0.1028478,1,0.5,0.75,0,-5.162562E-05,-0.5000429,0,-0.007126215,-0.0004857781,0.4349311,-0.866374,0.342216,-0.363709,1,0.5,1,0,0.25,-0.25,0,0,0,0.4945351,-0.8144509,0.5731321,-0.09049455,0,0.25,0.75,0,0.5,-0.25,0,0,0,0.6561142,-0.7006228,0.7092724,-0.07784698,0,0,0.75,0,0.25,-0.5,0,0,0,0.5471867,-0.773501,0.5443155,-0.3246794,0,0.25,1,0,0.5,-0.5,0,0,0,0.7017071,-0.6740411,0.6823626,-0.2829309,0,0,1
315,0,-0.250001,0.4999245,0,0.001412631,-0.002957882,0.547139,-0.7735363,0.06684781,0.6302167,1,0.75,0,0,-0.4999899,0.2499824,0,0.0001326204,-0.001831353,0.4255171,-0.8751864,-0.1944749,0.4429765,1,1,0.25,0,-0.499984,0.4999996,0,0.002305211,0.001215935,0.5602329,-0.7639831,-0.1697589,0.6225044,1,1,0,0,-0.2499826,0.2499902,0,0.0008799139,-0.001014769,0.4105462,-0.8895759,0.07689599,0.4502684,1,0.75,0.25,0,4.543648E-05,0.4999627,0,0.003626985,-0.002634526,0.5927396,-0.7412562,0.2928835,0.6039523,1,0.5,0,0,-0.4999852,-5.342694E-05,0,-0.002832712,-0.001998934,0.3450311,-0.9585446,-0.2129924,0.1892789,1,1,0.5,0,-4.289061E-05,0.2499184,0,-0.002224945,-0.002316386,0.4625517,-0.8415133,0.3324051,0.4258664,1,0.5,0.25,0,0.25,0.5,0,0,0,0.6902101,-0.6805521,0.478907,0.5545239,0,0.25,0,0,-0.2499871,-6.14479E-05,0,0.002728404,-0.002032713,0.3286026,-0.9775495,0.08449515,0.193022,1,0.75,0.5,0,-0.5000005,-0.2500166,0,0.0003606082,-0.0009581451,0.3346276,-0.9704927,-0.2156656,-0.1078525,1,1,0.75,0,0.25,0.25,0,0,0,0.5719608,-0.7556247,0.5317358,0.3824767,0,0.25,0.25,0,0.5,0.5,0,0,0,0.8281943,-0.6098505,0.6173795,0.4969153,0,0,0,0,0.5,0.25,0,0,0,0.723356,-0.6621131,0.6702873,0.3351437,0,0,0.25,0,-0.2500194,-0.2500697,0,-0.003341587,-0.002986194,0.3179914,-0.9902305,0.08555178,-0.1101108,1,0.75,0.75,0,-0.499899,-0.500043,0,0.006757679,-0.00280738,0.3967123,-0.9032997,-0.2006207,-0.3792109,1,1,1,0,-0.2499843,-0.5000367,0,0.001922251,-0.003018976,0.3812645,-0.9191338,0.07944909,-0.3858508,1,0.75,1,0,1.705395E-05,-2.337725E-05,0,6.210832E-05,-0.00115343,0.3854961,-0.9147415,0.3613986,0.1806633,1,0.5,0.5,0,0.25,0,0,0,0,0.5032946,-0.8073401,0.5681282,0.1594746,0,0.25,0.5,0,0.5,0,0,0,0,0.663658,-0.6960808,0.7046744,0.1374974,0,0,0.5,0,-3.660469E-05,-0.2500271,0,0.0003181765,0.001046062,0.3755464,-0.9251366,0.3654442,-0.1028239,1,0.5,0.75,0,5.918973E-05,-0.4999402,0,0.00554077,0.005131962,0.4349317,-0.8663735,0.3423343,-0.363599,1,0.5,1,0,0.25,-0.25,0,0,0,0.4945351,-0.8144509,0.5731321,-0.09049455,0,0.25,0.75,0,0.5,-0.25,0,0,0,0.6561142,-0.7006228,0.7092724,-0.07784698,0,0,0.75,0,0.25,-0.5,0,0,0,0.5471867,-0.773501,0.5443155,-0.3246794,0,0.25,1,0,0.5,-0.5,0,0,0,0.7017071,-0.6740411,0.6823626,-0.2829309,0,0,1
316,0,-0.249971,0.4999241,0,0.001499802,-1.78814E-05,0.5471408,-0.7735349,0.06687634,0.6302153,1,0.75,0,0,-0.5000228,0.2499279,0,-0.001648069,-0.002721698,0.4254994,-0.8752032,-0.1945143,0.4429262,1,1,0.25,0,-0.500018,0.4999993,0,-0.001700223,-1.192093E-05,0.5602385,-0.7639791,-0.1697901,0.6225008,1,1,0,0,-0.2500426,0.2500096,0,-0.00299737,0.0009685759,0.4105504,-0.8895719,0.07682981,0.4502877,1,0.75,0.25,0,2.930998E-05,0.4999588,0,-0.0008063251,-0.0001937152,0.5927325,-0.741261,0.2928706,0.6039528,1,0.5,0,0,-0.5000163,-3.938554E-05,0,-0.001558662,0.0007020705,0.3450404,-0.9585341,-0.2130269,0.1892935,1,1,0.5,0,1.148559E-05,0.2499688,0,0.002718811,0.002519042,0.4625912,-0.8414788,0.3324479,0.4259013,1,0.5,0.25,0,0.25,0.5,0,0,0,0.6902101,-0.6805521,0.478907,0.5545239,0,0.25,0,0,-0.2500406,-2.94668E-05,0,-0.00267476,0.001599055,0.3286042,-0.9775476,0.08443043,0.1930603,1,0.75,0.5,0,-0.5000004,-0.250091,0,5.960467E-06,-0.003720821,0.3346356,-0.9704835,-0.2156634,-0.1079406,1,1,0.75,0,0.25,0.25,0,0,0,0.5719608,-0.7556247,0.5317358,0.3824767,0,0.25,0.25,0,0.5,0.5,0,0,0,0.8281943,-0.6098505,0.6173795,0.4969153,0,0,0,0,0.5,0.25,0,0,0,0.723356,-0.6621131,0.6702873,0.3351437,0,0,0.25,0,-0.2499865,-0.2499743,0,0.001645089,0.004770609,0.3179837,-0.9902398,0.08559281,-0.1099952,1,0.75,0.75,0,-0.4998894,-0.500119,0,0.0004813077,-0.003799798,0.3967392,-0.9032727,-0.2006039,-0.3792842,1,1,1,0,-0.2499238,-0.5000329,0,0.003024192,0.0001877547,0.3812678,-0.9191303,0.07951743,-0.3858451,1,0.75,1,0,-8.919074E-06,-3.345617E-05,0,-0.001298652,-0.0005039465,0.3854849,-0.914753,0.3613738,0.1806542,1,0.5,0.5,0,0.25,0,0,0,0,0.5032946,-0.8073401,0.5681282,0.1594746,0,0.25,0.5,0,0.5,0,0,0,0,0.663658,-0.6960808,0.7046744,0.1374974,0,0,0.5,0,-1.354536E-07,-0.2500342,0,0.001823463,-0.0003591181,0.3755604,-0.9251218,0.36548,-0.1028304,1,0.5,0.75,0,0.0001203194,-0.499944,0,0.003056487,-0.0001892448,0.434954,-0.8663528,0.3423915,-0.3635944,1,0.5,1,0,0.25,-0.25,0,0,0,0.4945351,-0.8144509,0.5731321,-0.09049455,0,0.25,0.75,0,0.5,-0.25,0,0,0,0.6561142,-0.7006228,0.7092724,-0.07784698,0,0,0.75,0,0.25,-0.5,0,0,0,0.5471867,-0.773501,0.5443155,-0.3246794,0,0.25,1,0,0.5,-0.5,0,0,0,0.7017071,-0.6740411,0.6823626,-0.2829309,0,0,1
317,0,-0.2500449,0.5000077,0,-0.003694744,0.004178287,0.5471885,-0.7734997,0.06680273,0.6302664,1,0.75,0,0,-0.499944,0.2499422,0,0.003942849,0.0007115307,0.4254904,-0.8752117,-0.194431,0.4429459,1,1,0.25,0,-0.4999452,0.5000321,0,0.003640355,0.001636148,0.5602465,-0.7639733,-0.1697202,0.622527,1,1,0,0,-0.2499278,0.2500214,0,0.00574142,0.0005900862,0.4105645,-0.8895581,0.07695472,0.4502936,1,0.75,0.25,0,8.183268E-06,0.4999422,0,-0.001056336,-0.0008329753,0.5927163,-0.741272,0.2928557,0.6039464,1,0.5,0,0,-0.5000039,-1.451554E-08,0,0.0006198885,0.001968552,0.3450452,-0.9585286,-0.213011,0.189339,1,1,0.5,0,2.271099E-05,0.249985,0,0.00056127,0.0008106235,0.4626018,-0.8414694,0.3324559,0.4259134,1,0.5,0.25,0,0.25,0.5,0,0,0,0.6902101,-0.6805521,0.478907,0.5545239,0,0.25,0,0,-0.2499713,-3.675539E-05,0,0.003463776,-0.0003644297,0.3286086,-0.9775423,0.08451357,0.1930504,1,0.75,0.5,0,-0.5000001,-0.2500051,0,1.490117E-05,0.004298987,0.3346263,-0.9704943,-0.2156655,-0.1078388,1,1,0.75,0,0.25,0.25,0,0,0,0.5719608,-0.7556247,0.5317358,0.3824767,0,0.25,0.25,0,0.5,0.5,0,0,0,0.8281943,-0.6098505,0.6173795,0.4969153,0,0,0,0,0.5,0.25,0,0,0,0.723356,-0.6621131,0.6702873,0.3351437,0,0,0.25,0,-0.2500133,-0.2500188,0,-0.001339615,-0.002226979,0.3179862,-0.9902367,0.08555979,-0.1100493,1,0.75,0.75,0,-0.5000843,-0.5000495,0,-0.009745363,0.003474952,0.3967519,-0.9032598,-0.2008184,-0.3792013,1,1,1,0,-0.2500076,-0.5000337,0,-0.004186483,-3.874303E-05,0.3812615,-0.9191369,0.07942299,-0.3858488,1,0.75,1,0,1.063695E-07,-3.075697E-05,0,0.0004512724,0.0001349602,0.3854887,-0.9147491,0.3613825,0.1806564,1,0.5,0.5,0,0.25,0,0,0,0,0.5032946,-0.8073401,0.5681282,0.1594746,0,0.25,0.5,0,0.5,0,0,0,0,0.663658,-0.6960808,0.7046744,0.1374974,0,0,0.5,0,-5.837629E-05,-0.2500158,0,-0.002912043,0.0009238723,0.3755373,-0.9251462,0.3654232,-0.102812,1,0.5,0.75,0,-6.446532E-05,-0.5000033,0,-0.009239241,-0.002963842,0.4349123,-0.8663915,0.3422092,-0.363674,1,0.5,1,0,0.25,-0.25,0,0,0,0.4945351,-0.8144509,0.5731321,-0.09049455,0,0.25,0.75,0,0.5,-0.25,0,0,0,0.6561142,-0.7006228,0.7092724,-0.07784698,0,0,0.75,0,0.25,-0.5,0,0,0,0.5471867,-0.773501,0.5443155,-0.3246794,0,0.25,1,0,0.5,-0.5,0,0,0,0.7017071,-0.6740411,0.6823626,-0.2829309,0,0,1
318,0,-0.2500192,0.4999767,0,0.001287461,-0.001549721,0.5471708,-0.7735128,0.06682845,0.6302475,1,0.75,0,0,-0.500003,0.2500252,0,-0.002950431,0.004149975,0.4255386,-0.8751661,-0.1944846,0.4430125,1,1,0.25,0,-0.4999419,0.499968,0,0.0001639128,-0.003203751,0.5602061,-0.7640024,-0.1697235,0.6224903,1,1,0,0,-0.2500078,0.2500284,0,-0.004000963,0.0003486873,0.4105614,-0.8895611,0.0768671,0.4503028,1,0.75,0.25,0,3.161325E-05,0.4999436,0,0.0011715,7.15256E-05,0.592724,-0.7412668,0.2928751,0.6039435,1,0.5,0,0,-0.4999659,-2.915965E-05,0,0.001901389,-0.001457257,0.3450316,-0.958544,-0.2129694,0.1893075,1,1,0.5,0,1.799498E-05,0.2499176,0,-0.0002358003,-0.003372879,0.4625715,-0.8414959,0.3324615,0.4258568,1,0.5,0.25,0,0.25,0.5,0,0,0,0.6902101,-0.6805521,0.478907,0.5545239,0,0.25,0,0,-0.2500027,-5.999806E-06,0,-0.001571328,0.00153778,0.3286119,-0.9775385,0.08447532,0.1930868,1,0.75,0.5,0,-0.4999691,-0.2499876,0,0.001549721,0.0008739535,0.3346177,-0.9705042,-0.2156306,-0.1078189,1,1,0.75,0,0.25,0.25,0,0,0,0.5719608,-0.7556247,0.5317358,0.3824767,0,0.25,0.25,0,0.5,0.5,0,0,0,0.8281943,-0.6098505,0.6173795,0.4969153,0,0,0,0,0.5,0.25,0,0,0,0.723356,-0.6621131,0.6702873,0.3351437,0,0,0.25,0,-0.2499162,-0.2499591,0,0.004852565,0.002984704,0.317988,-0.9902346,0.08567825,-0.1099761,1,0.75,0.75,0,-0.4999329,-0.4999875,0,0.007571283,0.003102423,0.396698,-0.9033142,-0.2006616,-0.379155,1,1,1,0,-0.2499791,-0.5000139,0,0.001425297,0.0009894375,0.3812562,-0.9191425,0.07945582,-0.3858287,1,0.75,1,0,1.971344E-05,-9.807645E-06,0,0.0009803537,0.001047467,0.3854995,-0.9147379,0.3614002,0.1806779,1,0.5,0.5,0,0.25,0,0,0,0,0.5032946,-0.8073401,0.5681282,0.1594746,0,0.25,0.5,0,0.5,0,0,0,0,0.663658,-0.6960808,0.7046744,0.1374974,0,0,0.5,0,-1.359333E-05,-0.2500406,0,0.002239149,-0.001239777,0.3755562,-0.9251263,0.3654664,-0.1028381,1,0.5,0.75,0,6.069519E-05,-0.5000136,0,0.006258028,-0.0005155804,0.4349589,-0.8663483,0.342326,-0.3636669,1,0.5,1,0,0.25,-0.25,0,0,0,0.4945351,-0.8144509,0.5731321,-0.09049455,0,0.25,0.75,0,0.5,-0.25,0,0,0,0.6561142,-0.7006228,0.7092724,-0.07784698,0,0,0.75,0,0.25,-0.5,0,0,0,0.5471867,-0.773501,0.5443155,-0.3246794,0,0.25,1,0,0.5,-0.5,0,0,0,0.7017071,-0.6740411,0.6823626,-0.2829309,0,0,1
319,0,-0.2500149,0.4999811,0,0.0002160669,0.0002190472,0.5471737,-0.7735106,0.06683239,0.6302499,1,0.75,0,0,-0.499916,0.2500167,0,0.004349651,-0.0004202129,0.425518,-0.8751856,-0.1943949,0.4430133,1,1,0.25,0,-0.5000511,0.4999726,0,-0.005461278,0.0002324582,0.5602275,-0.7639869,-0.1698231,0.6224821,1,1,0,0,-0.2499467,0.2500024,0,0.003053994,-0.001297892,0.4105545,-0.8895679,0.07693476,0.4502777,1,0.75,0.25,0,-4.659889E-05,0.4999703,0,-0.003910608,0.001333655,0.5927173,-0.7412713,0.2928053,0.6039717,1,0.5,0,0,-0.4998902,-3.306432E-05,0,0.003786386,-0.0001952334,0.3450148,-0.9585631,-0.2128841,0.1893067,1,1,0.5,0,2.375961E-05,0.2500109,0,0.0002882314,0.0046663,0.4626132,-0.8414595,0.3324531,0.4259353,1,0.5,0.25,0,0.25,0.5,0,0,0,0.6902101,-0.6805521,0.478907,0.5545239,0,0.25,0,0,-0.2499794,-5.96156E-06,0,0.001168997,1.912304E-06,0.3286139,-0.9775361,0.08450333,0.1930864,1,0.75,0.5,0,-0.4998896,-0.2499651,0,0.003975631,0.001125038,0.3345981,-0.9705271,-0.2155403,-0.1077945,1,1,0.75,0,0.25,0.25,0,0,0,0.5719608,-0.7556247,0.5317358,0.3824767,0,0.25,0.25,0,0.5,0.5,0,0,0,0.8281943,-0.6098505,0.6173795,0.4969153,0,0,0,0,0.5,0.25,0,0,0,0.723356,-0.6621131,0.6702873,0.3351437,0,0,0.25,0,-0.2499507,-0.2499784,0,-0.00172481,-0.0009633605,0.3179872,-0.9902356,0.08563616,-0.1099998,1,0.75,0.75,0,-0.4999982,-0.4999763,0,-0.003266336,0.0005602839,0.3967069,-0.9033052,-0.2007325,-0.3791387,1,1,1,0,-0.2500096,-0.5000167,0,-0.001528115,-0.0001430512,0.3812548,-0.9191439,0.07942126,-0.3858325,1,0.75,1,0,4.554916E-05,-1.39836E-05,0,0.001291787,-0.000208798,0.3855081,-0.9147291,0.3614258,0.1806714,1,0.5,0.5,0,0.25,0,0,0,0,0.5032946,-0.8073401,0.5681282,0.1594746,0,0.25,0.5,0,0.5,0,0,0,0,0.663658,-0.6960808,0.7046744,0.1374974,0,0,0.5,0,-3.304522E-05,-0.2500039,0,-0.0009725947,0.001832844,0.3755453,-0.9251378,0.3654488,-0.1027976,1,0.5,0.75,0,2.096431E-05,-0.4999856,0,-0.001986545,0.00140071,0.4349351,-0.8663703,0.3422922,-0.3636462,1,0.5,1,0,0.25,-0.25,0,0,0,0.4945351,-0.8144509,0.5731321,-0.09049455,0,0.25,0.75,0,0.5,-0.25,0,0,0,0.6561142,-0.7006228,0.7092724,-0.07784698,0,0,0.75,0,0.25,-0.5,0,0,0,0.5471867,-0.773501,0.5443155,-0.3246794,0,0.25,1,0,0.5,-0.5,0,0,0,0.7017071,-0.6740411,0.6823626,-0.2829309,0,0,1
320,0,-0.2499605,0.5000817,0,0.002718718,0.005032124,0.5472409,-0.773461,0.06688002,0.6303056,1,0.75,0,0,-0.4999746,0.2500135,0,-0.002929569,-0.0001609326,0.4255279,-0.8751762,-0.1944561,0.443005,1,1,0.25,0,-0.4999363,0.499985,0,0.00573993,0.0006169083,0.5602156,-0.7639955,-0.1697168,0.6225007,1,1,0,0,-0.2500058,0.2500144,0,-0.002952666,0.000600517,0.4105554,-0.889567,0.07686984,0.4502905,1,0.75,0.25,0,2.404828E-05,0.5000451,0,0.00353236,0.003743173,0.5927831,-0.7412267,0.2928523,0.6040038,1,0.5,0,0,-0.4998755,3.667426E-05,0,0.0007331374,0.00348693,0.3450248,-0.9585517,-0.2128642,0.1893869,1,1,0.5,0,1.628868E-05,0.2500077,0,-0.0003735467,-0.0001624227,0.4626094,-0.8414629,0.3324467,0.4259336,1,0.5,0.25,0,0.25,0.5,0,0,0,0.6902101,-0.6805521,0.478907,0.5545239,0,0.25,0,0,-0.2499897,3.720866E-05,0,-0.0005163255,0.002158512,0.3286213,-0.9775273,0.08449011,0.1931367,1,0.75,0.5,0,-0.4999199,-0.2500039,0,-0.001516939,-0.001942367,0.3346088,-0.9705146,-0.2155739,-0.1078397,1,1,0.75,0,0.25,0.25,0,0,0,0.5719608,-0.7556247,0.5317358,0.3824767,0,0.25,0.25,0,0.5,0.5,0,0,0,0.8281943,-0.6098505,0.6173795,0.4969153,0,0,0,0,0.5,0.25,0,0,0,0.723356,-0.6621131,0.6702873,0.3351437,0,0,0.25,0,-0.2499098,-0.249906,0,0.002046675,0.003621729,0.3179827,-0.9902409,0.08568668,-0.1099118,1,0.75,0.75,0,-0.4999009,-0.5000338,0,0.004863741,-0.002875925,0.3967091,-0.9033029,-0.2006235,-0.3792019,1,1,1,0,-0.2499696,-0.4999433,0,0.002001972,0.003674628,0.3812296,-0.9191702,0.07946897,-0.3857601,1,0.75,1,0,2.163517E-05,1.695427E-05,0,-0.0011957,0.001546894,0.3855051,-0.9147322,0.3614001,0.180707,1,0.5,0.5,0,0.25,0,0,0,0,0.5032946,-0.8073401,0.5681282,0.1594746,0,0.25,0.5,0,0.5,0,0,0,0,0.663658,-0.6960808,0.7046744,0.1374974,0,0,0.5,0,-7.311789E-07,-0.2500363,0,0.001615703,-0.001619757,0.3755604,-0.9251218,0.3654794,-0.1028328,1,0.5,0.75,0,8.840386E-05,-0.5000061,0,0.003371979,-0.00102818,0.4349657,-0.8663419,0.3423531,-0.3636563,1,0.5,1,0,0.25,-0.25,0,0,0,0.4945351,-0.8144509,0.5731321,-0.09049455,0,0.25,0.75,0,0.5,-0.25,0,0,0,0.6561142,-0.7006228,0.7092724,-0.07784698,0,0,0.75,0,0.25,-0.5,0,0,0,0.5471867,-0.773501,0.5443155,-0.3246794,0,0.25,1,0,0.5,-0.5,0,0,0,0.7017071,-0.6740411,0.6823626,-0.2829309,0,0,1
321,0,-0.2499963,0.4999708,0,-0.00179261,-0.005546215,0.5471685,-0.7735145,0.06685041,0.6302431,1,0.75,0,0,-0.5000438,0.2500534,0,-0.003461541,0.001992286,0.425559,-0.8751467,-0.1945244,0.4430332,1,1,0.25,0,-0.5000201,0.50003,0,-0.004187228,0.002253057,0.5602579,-0.7639651,-0.169789,0.6225184,1,1,0,0,-0.2500322,0.2500479,0,-0.001320243,0.001671911,0.4105684,-0.8895543,0.07683974,0.4503208,1,0.75,0.25,0,-5.735156E-05,0.5000124,0,-0.004069994,-0.001636148,0.5927395,-0.7412563,0.2927895,0.6039979,1,0.5,0,0,-0.5000081,3.25202E-05,0,-0.006629529,-0.0002077032,0.3450522,-0.9585207,-0.2130142,0.1893759,1,1,0.5,0,-2.190598E-05,0.2499663,0,-0.001909733,-0.002069772,0.462579,-0.8414894,0.3324175,0.425904,1,0.5,0.25,0,0.25,0.5,0,0,0,0.6902101,-0.6805521,0.478907,0.5545239,0,0.25,0,0,-0.2500157,1.883166E-05,0,-0.001300872,-0.0009188505,0.3286156,-0.9775341,0.08445929,0.1931159,1,0.75,0.5,0,-0.4999374,-0.2499871,0,-0.0008746985,0.0008441511,0.3346108,-0.9705123,-0.2155944,-0.1078192,1,1,0.75,0,0.25,0.25,0,0,0,0.5719608,-0.7556247,0.5317358,0.3824767,0,0.25,0.25,0,0.5,0.5,0,0,0,0.8281943,-0.6098505,0.6173795,0.4969153,0,0,0,0,0.5,0.25,0,0,0,0.723356,-0.6621131,0.6702873,0.3351437,0,0,0.25,0,-0.2499074,-0.250023,0,0.0001162291,-0.005853178,0.3179958,-0.9902251,0.08568815,-0.1100532,1,0.75,0.75,0,-0.4999502,-0.5000412,0,-0.002463163,-0.0003725292,0.3967219,-0.9032901,-0.2006756,-0.3792048,1,1,1,0,-0.2499708,-0.4999915,0,-6.034973E-05,-0.002413989,0.3812482,-0.9191508,0.07946593,-0.3858068,1,0.75,1,0,2.407149E-05,2.665201E-06,0,0.0001218157,-0.0007144535,0.3855034,-0.9147339,0.3614036,0.1806912,1,0.5,0.5,0,0.25,0,0,0,0,0.5032946,-0.8073401,0.5681282,0.1594746,0,0.25,0.5,0,0.5,0,0,0,0,0.663658,-0.6960808,0.7046744,0.1374974,0,0,0.5,0,-5.052172E-05,-0.2500201,0,-0.002489528,0.0008091333,0.3755406,-0.9251428,0.3654308,-0.1028166,1,0.5,0.75,0,7.050104E-05,-0.5000366,0,-0.0008951414,-0.001522899,0.4349706,-0.8663374,0.3423322,-0.3636869,1,0.5,1,0,0.25,-0.25,0,0,0,0.4945351,-0.8144509,0.5731321,-0.09049455,0,0.25,0.75,0,0.5,-0.25,0,0,0,0.6561142,-0.7006228,0.7092724,-0.07784698,0,0,0.75,0,0.25,-0.5,0,0,0,0.5471867,-0.773501,0.5443155,-0.3246794,0,0.25,1,0,0.5,-0.5,0,0,0,0.7017071,-0.6740411,0.6823626,-0.2829309,0,0,1
322,0,-0.250068,0.5000082,0,-0.003582986,0.001871587,0.5471873,-0.7735006,0.06678078,0.6302676,1,0.75,0,0,-0.4999073,0.2499651,0,0.006827715,-0.004413726,0.4254934,-0.8752089,-0.1943907,0.4429693,1,1,0.25,0,-0.5000077,0.4999354,0,0.0006169083,-0.004732611,0.5601969,-0.7640091,-0.1697871,0.6224649,1,1,0,0,-0.2499931,0.2500163,0,0.001952798,-0.001578034,0.4105572,-0.8895652,0.07688358,0.4502917,1,0.75,0.25,0,-2.435615E-05,0.4999923,0,0.001649771,-0.001005829,0.5927371,-0.7412579,0.2928203,0.6039808,1,0.5,0,0,-0.4999245,-6.323589E-05,0,0.004181268,-0.004787806,0.3450163,-0.9585614,-0.2129243,0.1892706,1,1,0.5,0,5.032825E-05,0.2499557,0,0.003611713,-0.0005289915,0.4625985,-0.8414723,0.3324858,0.4258844,1,0.5,0.25,0,0.25,0.5,0,0,0,0.6902101,-0.6805521,0.478907,0.5545239,0,0.25,0,0,-0.2499795,5.111797E-05,0,0.001809747,0.001614316,0.3286249,-0.9775231,0.08450203,0.1931527,1,0.75,0.5,0,-0.4999837,-0.250006,0,-0.002314151,-0.0009469691,0.3346228,-0.9704983,-0.2156467,-0.1078403,1,1,0.75,0,0.25,0.25,0,0,0,0.5719608,-0.7556247,0.5317358,0.3824767,0,0.25,0.25,0,0.5,0.5,0,0,0,0.8281943,-0.6098505,0.6173795,0.4969153,0,0,0,0,0.5,0.25,0,0,0,0.723356,-0.6621131,0.6702873,0.3351437,0,0,0.25,0,-0.2500224,-0.2499961,0,-0.005745145,0.00134632,0.317983,-0.9902407,0.08554902,-0.110022,1,0.75,0.75,0,-0.4999448,-0.500042,0,0.000268221,-3.874303E-05,0.3967211,-0.9032909,-0.2006698,-0.379206,1,1,1,0,-0.249909,-0.5000371,0,0.003091247,-0.002279879,0.3812707,-0.9191273,0.07953405,-0.3858487,1,0.75,1,0,5.786679E-05,1.473417E-05,0,0.001689766,0.0006034487,0.3855178,-0.9147191,0.3614359,0.1807019,1,0.5,0.5,0,0.25,0,0,0,0,0.5032946,-0.8073401,0.5681282,0.1594746,0,0.25,0.5,0,0.5,0,0,0,0,0.663658,-0.6960808,0.7046744,0.1374974,0,0,0.5,0,-1.23005E-05,-0.2500165,0,0.001911062,0.0001817942,0.3755541,-0.9251284,0.3654688,-0.1028109,1,0.5,0.75,0,3.005187E-05,-0.5000159,0,-0.002022459,0.001037121,0.4349492,-0.8663572,0.3422967,-0.3636731,1,0.5,1,0,0.25,-0.25,0,0,0,0.4945351,-0.8144509,0.5731321,-0.09049455,0,0.25,0.75,0,0.5,-0.25,0,0,0,0.6561142,-0.7006228,0.7092724,-0.07784698,0,0,0.75,0,0.25,-0.5,0,0,0,0.5471867,-0.773501,0.5443155,-0.3246794,0,0.25,1,0,0.5,-0.5,0,0,0,0.7017071,-0.6740411,0.6823626,-0.2829309,0,0,1
323,0,-0.2500561,0.5000072,0,0.0005960467,-5.36442E-05,0.5471874,-0.7735005,0.06679215,0.6302664,1,0.75,0,0,-0.5000042,0.2499508,0,-0.004845859,-0.0007160011,0.4255059,-0.8751971,-0.1944927,0.4429478,1,1,0.25,0,-0.4999801,0.4999349,0,0.001382828,-2.384187E-05,0.5601919,-0.7640126,-0.1697618,0.6224674,1,1,0,0,-0.2499699,0.2499594,0,0.001159311,-0.002845378,0.4105333,-0.8895885,0.07691105,0.4502409,1,0.75,0.25,0,-2.676777E-05,0.4999593,0,-0.0001205808,-0.001649559,0.5927165,-0.7412719,0.2928237,0.6039621,1,0.5,0,0,-0.4999687,-5.964223E-05,0,-0.002211333,0.0001796833,0.3450264,-0.9585499,-0.2129741,0.1892726,1,1,0.5,0,4.678619E-06,0.2499532,0,-0.002282483,-0.0001251698,0.4625822,-0.8414866,0.332444,0.425889,1,0.5,0.25,0,0.25,0.5,0,0,0,0.6902101,-0.6805521,0.478907,0.5545239,0,0.25,0,0,-0.2499579,-2.085678E-05,0,0.001081825,-0.003598739,0.3286128,-0.9775374,0.08452937,0.1930686,1,0.75,0.5,0,-0.4999868,-0.250111,0,-0.0001549721,-0.005251171,0.3346348,-0.9704844,-0.2156473,-0.1079646,1,1,0.75,0,0.25,0.25,0,0,0,0.5719608,-0.7556247,0.5317358,0.3824767,0,0.25,0.25,0,0.5,0.5,0,0,0,0.8281943,-0.6098505,0.6173795,0.4969153,0,0,0,0,0.5,0.25,0,0,0,0.723356,-0.6621131,0.6702873,0.3351437,0,0,0.25,0,-0.2500401,-0.2500337,0,-0.0008851293,-0.001879782,0.3179856,-0.9902375,0.08552711,-0.1100676,1,0.75,0.75,0,-0.4999731,-0.5000932,0,-0.001417101,-0.00256002,0.3967462,-0.9032656,-0.2006958,-0.3792525,1,1,1,0,-0.2500412,-0.5000008,0,-0.006610903,0.001814962,0.3812461,-0.919153,0.07938623,-0.3858182,1,0.75,1,0,-6.861886E-06,-6.353868E-05,0,-0.003236435,-0.003913644,0.3854803,-0.9147578,0.361378,0.1806211,1,0.5,0.5,0,0.25,0,0,0,0,0.5032946,-0.8073401,0.5681282,0.1594746,0,0.25,0.5,0,0.5,0,0,0,0,0.663658,-0.6960808,0.7046744,0.1374974,0,0,0.5,0,-2.7968E-05,-0.2500738,0,-0.000783375,-0.002865494,0.3755543,-0.9251282,0.3654508,-0.1028763,1,0.5,0.75,0,-2.787098E-05,-0.4999893,0,-0.002896144,0.001326204,0.4349197,-0.8663846,0.3422456,-0.3636562,1,0.5,1,0,0.25,-0.25,0,0,0,0.4945351,-0.8144509,0.5731321,-0.09049455,0,0.25,0.75,0,0.5,-0.25,0,0,0,0.6561142,-0.7006228,0.7092724,-0.07784698,0,0,0.75,0,0.25,-0.5,0,0,0,0.5471867,-0.773501,0.5443155,-0.3246794,0,0.25,1,0,0.5,-0.5,0,0,0,0.7017071,-0.6740411,0.6823626,-0.2829309,0,0,1
324,0,-0.2500198,0.4999637,0,0.001811982,-0.0021711,0.5471625,-0.7735189,0.06682835,0.63024,1,0.75,0,0,-0.5000123,0.2499659,0,-0.000408292,0.0007562342,0.4255142,-0.8751892,-0.1944998,0.4429602,1,1,0.25,0,-0.499907,0.5000286,0,0.003655256,0.004681947,0.5602379,-0.7639795,-0.1696855,0.6225287,1,1,0,0,-0.2500118,0.2499711,0,-0.002092869,0.0005841258,0.4105353,-0.8895866,0.07686491,0.4502528,1,0.75,0.25,0,2.74509E-05,0.4999754,0,0.002710934,0.000804663,0.592742,-0.7412546,0.2928664,0.6039627,1,0.5,0,0,-0.4999585,-3.031074E-05,0,0.0005081298,0.001466575,0.3450298,-0.958546,-0.2129612,0.1893066,1,1,0.5,0,-1.264705E-05,0.2499665,0,-0.0008662838,0.0006668273,0.4625822,-0.8414866,0.332426,0.4259029,1,0.5,0.25,0,0.25,0.5,0,0,0,0.6902101,-0.6805521,0.478907,0.5545239,0,0.25,0,0,-0.2499745,-5.705626E-05,0,-0.0008337203,-0.001809974,0.3286045,-0.9775472,0.0845101,0.1930269,1,0.75,0.5,0,-0.4999108,-0.250129,0,0.003796817,-0.0009000305,0.3346204,-0.9705011,-0.2155601,-0.107988,1,1,0.75,0,0.25,0.25,0,0,0,0.5719608,-0.7556247,0.5317358,0.3824767,0,0.25,0.25,0,0.5,0.5,0,0,0,0.8281943,-0.6098505,0.6173795,0.4969153,0,0,0,0,0.5,0.25,0,0,0,0.723356,-0.6621131,0.6702873,0.3351437,0,0,0.25,0,-0.2499641,-0.2500114,0,0.003798307,0.001117588,0.3179896,-0.9902326,0.08561955,-0.1100397,1,0.75,0.75,0,-0.4999074,-0.5000977,0,0.003287198,-0.0002235175,0.3967347,-0.9032772,-0.200625,-0.3792623,1,1,1,0,-0.2500017,-0.500021,0,0.001974405,-0.001007319,0.3812571,-0.9191416,0.07943005,-0.3858363,1,0.75,1,0,4.990942E-05,3.8014E-05,0,0.002838567,0.005077636,0.3855191,-0.9147177,0.3614263,0.1807279,1,0.5,0.5,0,0.25,0,0,0,0,0.5032946,-0.8073401,0.5681282,0.1594746,0,0.25,0.5,0,0.5,0,0,0,0,0.663658,-0.6960808,0.7046744,0.1374974,0,0,0.5,0,-2.109132E-05,-0.2500152,0,0.0003438342,0.002928079,0.3755508,-0.9251319,0.3654601,-0.1028098,1,0.5,0.75,0,5.61928E-05,-0.4999753,0,0.004203191,0.0007033351,0.4349434,-0.8663626,0.3423268,-0.3636319,1,0.5,1,0,0.25,-0.25,0,0,0,0.4945351,-0.8144509,0.5731321,-0.09049455,0,0.25,0.75,0,0.5,-0.25,0,0,0,0.6561142,-0.7006228,0.7092724,-0.07784698,0,0,0.75,0,0.25,-0.5,0,0,0,0.5471867,-0.773501,0.5443155,-0.3246794,0,0.25,1,0,0.5,-0.5,0,0,0,0.7017071,-0.6740411,0.6823626,-0.2829309,0,0,1
325,0,-0.2499885,0.5000169,0,0.001569093,0.002659858,0.5471982,-0.7734926,0.06685604,0.6302693,1,0.75,0,0,-0.4999951,0.2499632,0,0.0008642677,-0.0001370907,0.4255096,-0.8751935,-0.1944821,0.4429594,1,1,0.25,0,-0.5000078,0.4999465,0,-0.005041065,-0.004100801,0.5602039,-0.764004,-0.169786,0.6224713,1,1,0,0,-0.2499601,0.2499957,0,0.002583117,0.001231581,0.4105504,-0.8895718,0.07692038,0.4502724,1,0.75,0.25,0,4.906718E-05,0.5000347,0,0.001080815,0.002968312,0.5927842,-0.741226,0.2928749,0.6039937,1,0.5,0,0,-0.4999662,-6.382355E-06,0,-0.0003814699,0.00119642,0.345036,-0.9585391,-0.2129687,0.1893335,1,1,0.5,0,2.25374E-05,0.2499754,0,0.001759223,0.0004440548,0.4625977,-0.841473,0.3324572,0.4259053,1,0.5,0.25,0,0.25,0.5,0,0,0,0.6902101,-0.6805521,0.478907,0.5545239,0,0.25,0,0,-0.2499927,-3.187524E-05,0,-0.0009089712,0.001259051,0.3286077,-0.9775434,0.08448783,0.1930565,1,0.75,0.5,0,-0.4999626,-0.2499707,0,-0.002586843,0.00791699,0.3346145,-0.970508,-0.2156236,-0.1077991,1,1,0.75,0,0.25,0.25,0,0,0,0.5719608,-0.7556247,0.5317358,0.3824767,0,0.25,0.25,0,0.5,0.5,0,0,0,0.8281943,-0.6098505,0.6173795,0.4969153,0,0,0,0,0.5,0.25,0,0,0,0.723356,-0.6621131,0.6702873,0.3351437,0,0,0.25,0,-0.2499388,-0.24998,0,0.001266599,0.001566113,0.3179884,-0.9902341,0.08565065,-0.1100016,1,0.75,0.75,0,-0.4999602,-0.4999927,0,-0.002638997,0.005248191,0.3967055,-0.9033066,-0.2006904,-0.3791576,1,1,1,0,-0.2500422,-0.5000039,0,-0.002026559,0.000855327,0.3812473,-0.9191518,0.07938494,-0.3858212,1,0.75,1,0,6.755943E-05,-2.32677E-05,0,0.0008825009,-0.003064086,0.3855144,-0.9147225,0.3614481,0.1806597,1,0.5,0.5,0,0.25,0,0,0,0,0.5032946,-0.8073401,0.5681282,0.1594746,0,0.25,0.5,0,0.5,0,0,0,0,0.663658,-0.6960808,0.7046744,0.1374974,0,0,0.5,0,-5.360108E-05,-0.2499889,0,-0.001625489,0.001315028,0.3755363,-0.9251473,0.365429,-0.1027815,1,0.5,0.75,0,-2.827843E-05,-0.5000214,0,-0.004223563,-0.002306701,0.4349313,-0.8663738,0.3422409,-0.363686,1,0.5,1,0,0.25,-0.25,0,0,0,0.4945351,-0.8144509,0.5731321,-0.09049455,0,0.25,0.75,0,0.5,-0.25,0,0,0,0.6561142,-0.7006228,0.7092724,-0.07784698,0,0,0.75,0,0.25,-0.5,0,0,0,0.5471867,-0.773501,0.5443155,-0.3246794,0,0.25,1,0,0.5,-0.5,0,0,0,0.7017071,-0.6740411,0.6823626,-0.2829309,0,0,1
326,0,-0.249968,0.4999936,0,0.0010252,-0.001166761,0.5471848,-0.7735024,0.06687648,0.6302551,1,0.75,0,0,-0.5000616,0.2500469,0,-0.003328921,0.004187228,0.4255596,-0.8751462,-0.1945435,0.4430259,1,1,0.25,0,-0.4999712,0.5000197,0,0.001829863,0.003659727,0.5602432,-0.7639756,-0.1697452,0.6225173,1,1,0,0,-0.2500405,0.2500129,0,-0.0040181,0.0008597974,0.410552,-0.8895703,0.07683199,0.4502905,1,0.75,0.25,0,1.553384E-05,0.5000425,0,-0.001676668,0.0003874303,0.592779,-0.7412295,0.2928456,0.6040037,1,0.5,0,0,-0.5000204,4.933885E-06,0,-0.002710522,0.0005658122,0.3450497,-0.9585235,-0.2130294,0.1893438,1,1,0.5,0,-1.217239E-05,0.2499844,0,-0.00173549,0.0004485251,0.4625899,-0.8414798,0.3324238,0.425918,1,0.5,0.25,0,0.25,0.5,0,0,0,0.6902101,-0.6805521,0.478907,0.5545239,0,0.25,0,0,-0.2500217,9.840085E-06,0,-0.001448393,0.002085767,0.3286133,-0.9775367,0.08445229,0.1931055,1,0.75,0.5,0,-0.4999745,-0.2499585,0,-0.0005990269,0.0006102028,0.3346157,-0.9705065,-0.2156376,-0.1077843,1,1,0.75,0,0.25,0.25,0,0,0,0.5719608,-0.7556247,0.5317358,0.3824767,0,0.25,0.25,0,0.5,0.5,0,0,0,0.8281943,-0.6098505,0.6173795,0.4969153,0,0,0,0,0.5,0.25,0,0,0,0.723356,-0.6621131,0.6702873,0.3351437,0,0,0.25,0,-0.2499638,-0.2499962,0,-0.001251698,-0.0008106235,0.317988,-0.9902346,0.08562008,-0.1100215,1,0.75,0.75,0,-0.499917,-0.4999923,0,0.002160669,2.384187E-05,0.3966966,-0.9033155,-0.2006442,-0.3791609,1,1,1,0,-0.2499275,-0.4999587,0,0.005735459,0.002259017,0.3812389,-0.9191605,0.07951586,-0.3857736,1,0.75,1,0,-8.804857E-06,3.491535E-05,0,-0.003818216,0.002909154,0.3854973,-0.9147402,0.3613689,0.1807288,1,0.5,0.5,0,0.25,0,0,0,0,0.5032946,-0.8073401,0.5681282,0.1594746,0,0.25,0.5,0,0.5,0,0,0,0,0.663658,-0.6960808,0.7046744,0.1374974,0,0,0.5,0,-4.048748E-05,-0.2500086,0,0.0006556803,-0.0009827319,0.3755431,-0.9251401,0.3654412,-0.1028032,1,0.5,0.75,0,7.499288E-05,-0.4999816,0,0.005163567,0.001989306,0.4349521,-0.8663545,0.3423437,-0.3636353,1,0.5,1,0,0.25,-0.25,0,0,0,0.4945351,-0.8144509,0.5731321,-0.09049455,0,0.25,0.75,0,0.5,-0.25,0,0,0,0.6561142,-0.7006228,0.7092724,-0.07784698,0,0,0.75,0,0.25,-0.5,0,0,0,0.5471867,-0.773501,0.5443155,-0.3246794,0,0.25,1,0,0.5,-0.5,0,0,0,0.7017071,-0.6740411,0.6823626,-0.2829309,0,0,1
327,0,-0.2500259,0.5000286,0,-0.002898277,0.001747907,0.5472029,-0.7734891,0.06681997,0.6302776,1,0.75,0,0,-0.5000265,0.2500872,0,0.001758338,0.002014638,0.4255707,-0.8751358,-0.1945032,0.4430642,1,1,0.25,0,-0.4999428,0.5000572,0,0.001420081,0.001871587,0.5602617,-0.7639623,-0.1697155,0.6225417,1,1,0,0,-0.2500269,0.2500476,0,0.0006809834,0.001735986,0.4105687,-0.889554,0.07684554,0.4503204,1,0.75,0.25,0,3.236972E-05,0.5000116,0,0.0008417945,-0.001543761,0.5927653,-0.7412388,0.2928647,0.603983,1,0.5,0,0,-0.5000274,6.291003E-05,0,-0.0003516675,0.002898808,0.3450621,-0.9585094,-0.2130345,0.1894096,1,1,0.5,0,-2.191127E-05,0.2499556,0,-0.0004869445,-0.001437218,0.4625745,-0.8414933,0.332419,0.4258949,1,0.5,0.25,0,0.25,0.5,0,0,0,0.6902101,-0.6805521,0.478907,0.5545239,0,0.25,0,0,-0.2500397,6.699185E-06,0,-0.0009000305,-0.0001570451,0.3286113,-0.9775392,0.08443078,0.1931023,1,0.75,0.5,0,-0.5000366,-0.2499984,0,-0.003102423,-0.001994521,0.3346334,-0.970486,-0.2157074,-0.1078298,1,1,0.75,0,0.25,0.25,0,0,0,0.5719608,-0.7556247,0.5317358,0.3824767,0,0.25,0.25,0,0.5,0.5,0,0,0,0.8281943,-0.6098505,0.6173795,0.4969153,0,0,0,0,0.5,0.25,0,0,0,0.723356,-0.6621131,0.6702873,0.3351437,0,0,0.25,0,-0.2500196,-0.2499175,0,-0.002789499,0.003936143,0.3179746,-0.9902508,0.08555329,-0.109927,1,0.75,0.75,0,-0.4999805,-0.4999942,0,-0.003176929,-9.536747E-05,0.3967101,-0.903302,-0.200712,-0.3791573,1,1,1,0,-0.249972,-0.4999544,0,-0.002221764,0.0002130867,0.3812338,-0.9191659,0.0794659,-0.385771,1,0.75,1,0,-6.074582E-05,2.389504E-05,0,-0.002597049,-0.000551016,0.3854766,-0.9147616,0.3613187,0.1807206,1,0.5,0.5,0,0.25,0,0,0,0,0.5032946,-0.8073401,0.5681282,0.1594746,0,0.25,0.5,0,0.5,0,0,0,0,0.663658,-0.6960808,0.7046744,0.1374974,0,0,0.5,0,3.484677E-05,-0.2500257,0,0.003766714,-0.0008538369,0.3755723,-0.9251092,0.365515,-0.1028192,1,0.5,0.75,0,6.133511E-05,-0.4999729,0,-0.0006828889,0.0004366042,0.4349443,-0.8663618,0.342332,-0.363629,1,0.5,1,0,0.25,-0.25,0,0,0,0.4945351,-0.8144509,0.5731321,-0.09049455,0,0.25,0.75,0,0.5,-0.25,0,0,0,0.6561142,-0.7006228,0.7092724,-0.07784698,0,0,0.75,0,0.25,-0.5,0,0,0,0.5471867,-0.773501,0.5443155,-0.3246794,0,0.25,1,0,0.5,-0.5,0,0,0,0.7017071,-0.6740411,0.6823626,-0.2829309,0,0,1
328,0,-0.2499427,0.5000388,0,0.004160406,0.0005126001,0.547215,-0.7734802,0.06689865,0.6302801,1,0.75,0,0,-0.5000017,0.2500587,0,0.001239777,-0.001426042,0.4255532,-0.8751523,-0.1944801,0.4430417,1,1,0.25,0,-0.499923,0.4999977,0,0.0009894375,-0.002971293,0.5602213,-0.7639914,-0.1697033,0.6225094,1,1,0,0,-0.2499375,0.2499906,0,0.004469605,-0.002851338,0.4105499,-0.8895724,0.0769453,0.450267,1,0.75,0.25,0,1.611392E-06,0.5000288,0,-0.001537917,0.0008612875,0.5927668,-0.7412378,0.2928361,0.6039979,1,0.5,0,0,-0.5000126,2.519589E-05,0,0.0007420781,-0.001885707,0.3450518,-0.9585211,-0.2130196,0.1893673,1,1,0.5,0,2.522906E-05,0.2500101,0,0.002357017,0.002723933,0.4626133,-0.8414593,0.3324546,0.4259344,1,0.5,0.25,0,0.25,0.5,0,0,0,0.6902101,-0.6805521,0.478907,0.5545239,0,0.25,0,0,-0.2500567,4.282947E-05,0,-0.0008523468,0.001806515,0.3286168,-0.9775327,0.08440965,0.1931446,1,0.75,0.5,0,-0.4999813,-0.2499647,0,0.002765657,0.001684577,0.3346179,-0.970504,-0.2156451,-0.1077915,1,1,0.75,0,0.25,0.25,0,0,0,0.5719608,-0.7556247,0.5317358,0.3824767,0,0.25,0.25,0,0.5,0.5,0,0,0,0.8281943,-0.6098505,0.6173795,0.4969153,0,0,0,0,0.5,0.25,0,0,0,0.723356,-0.6621131,0.6702873,0.3351437,0,0,0.25,0,-0.2500302,-0.2499689,0,-0.0005289915,-0.002567471,0.3179793,-0.990245,0.08553986,-0.1099892,1,0.75,0.75,0,-0.5000249,-0.5000252,0,-0.002217294,-0.001552702,0.3967308,-0.9032812,-0.2007569,-0.3791832,1,1,1,0,-0.2499838,-0.5000036,0,-0.0005900862,-0.002460183,0.3812518,-0.9191471,0.07945088,-0.3858189,1,0.75,1,0,-2.606418E-05,-5.030339E-06,0,0.001734083,-0.001446269,0.3854839,-0.9147541,0.3613549,0.1806865,1,0.5,0.5,0,0.25,0,0,0,0,0.5032946,-0.8073401,0.5681282,0.1594746,0,0.25,0.5,0,0.5,0,0,0,0,0.663658,-0.6960808,0.7046744,0.1374974,0,0,0.5,0,-1.543154E-05,-0.2499596,0,-0.002513916,0.003305079,0.3755472,-0.9251358,0.3654681,-0.1027467,1,0.5,0.75,0,-3.176713E-05,-0.50003,0,-0.004655114,-0.002858044,0.4349332,-0.866372,0.3422365,-0.3636945,1,0.5,1,0,0.25,-0.25,0,0,0,0.4945351,-0.8144509,0.5731321,-0.09049455,0,0.25,0.75,0,0.5,-0.25,0,0,0,0.6561142,-0.7006228,0.7092724,-0.07784698,0,0,0.75,0,0.25,-0.5,0,0,0,0.5471867,-0.773501,0.5443155,-0.3246794,0,0.25,1,0,0.5,-0.5,0,0,0,0.7017071,-0.6740411,0.6823626,-0.2829309,0,0,1
329,0,-0.2499945,0.4999635,0,-0.002587588,-0.003767015,0.5471641,-0.7735177,0.06685249,0.6302388,1,0.75,0,0,-0.5000375,0.2499513,0,-0.00179112,-0.005368891,0.4255126,-0.8751907,-0.1945273,0.4429451,1,1,0.25,0,-0.4999907,0.4999816,0,-0.003384055,-0.0008076432,0.5602227,-0.7639904,-0.1697669,0.6224933,1,1,0,0,-0.2499993,0.2500378,0,-0.003093482,0.0023596,0.4105663,-0.8895563,0.07687596,0.4503107,1,0.75,0.25,0,1.616659E-05,0.4999821,0,0.0007277602,-0.002339483,0.5927427,-0.7412541,0.2928559,0.6039684,1,0.5,0,0,-0.4999723,1.80471E-07,0,0.002014638,-0.001250771,0.3450385,-0.9585361,-0.2129752,0.1893407,1,1,0.5,0,-3.952522E-05,0.2499693,0,-0.003237715,-0.00203997,0.4625744,-0.8414934,0.3324008,0.4259092,1,0.5,0.25,0,0.25,0.5,0,0,0,0.6902101,-0.6805521,0.478907,0.5545239,0,0.25,0,0,-0.2500336,-1.906319E-07,0,0.001157821,-0.002151006,0.3286104,-0.9775402,0.08443824,0.1930941,1,0.75,0.5,0,-0.4999886,-0.2499959,0,-0.0003680588,-0.001561642,0.3346228,-0.9704983,-0.2156527,-0.1078282,1,1,0.75,0,0.25,0.25,0,0,0,0.5719608,-0.7556247,0.5317358,0.3824767,0,0.25,0.25,0,0.5,0.5,0,0,0,0.8281943,-0.6098505,0.6173795,0.4969153,0,0,0,0,0.5,0.25,0,0,0,0.723356,-0.6621131,0.6702873,0.3351437,0,0,0.25,0,-0.2499614,-0.2500115,0,0.003438444,-0.002133102,0.3179899,-0.9902323,0.08562282,-0.1100399,1,0.75,0.75,0,-0.499897,-0.5000548,0,0.00639111,-0.001478196,0.3967164,-0.9032957,-0.2006176,-0.3792222,1,1,1,0,-0.2499274,-0.4999587,0,0.002819301,0.002247096,0.3812389,-0.9191605,0.07951603,-0.3857736,1,0.75,1,0,-2.792334E-05,8.900945E-06,0,-9.295785E-05,0.0006965644,0.3854857,-0.9147522,0.361352,0.1807018,1,0.5,0.5,0,0.25,0,0,0,0,0.5032946,-0.8073401,0.5681282,0.1594746,0,0.25,0.5,0,0.5,0,0,0,0,0.663658,-0.6960808,0.7046744,0.1374974,0,0,0.5,0,-1.061866E-05,-0.2500017,0,0.0002406443,-0.002108515,0.3755533,-0.9251294,0.3654711,-0.1027941,1,0.5,0.75,0,1.276942E-05,-0.4999928,0,0.002226828,0.001859666,0.4349349,-0.8663705,0.3422835,-0.363654,1,0.5,1,0,0.25,-0.25,0,0,0,0.4945351,-0.8144509,0.5731321,-0.09049455,0,0.25,0.75,0,0.5,-0.25,0,0,0,0.6561142,-0.7006228,0.7092724,-0.07784698,0,0,0.75,0,0.25,-0.5,0,0,0,0.5471867,-0.773501,0.5443155,-0.3246794,0,0.25,1,0,0.5,-0.5,0,0,0,0.7017071,-0.6740411,0.6823626,-0.2829309,0,0,1
330,0,-0.2500314,0.4999289,0,-0.00184849,-0.001727045,0.5471398,-0.7735357,0.06681873,0.6302205,1,0.75,0,0,-0.4999806,0.249979,0,0.002843143,0.001382828,0.4255138,-0.8751895,-0.1944656,0.4429744,1,1,0.25,0,-0.4999819,0.499968,0,0.0004395844,-0.0006794932,0.5602129,-0.7639976,-0.1697602,0.6224864,1,1,0,0,-0.2500016,0.2499872,0,-0.000115484,-0.002529473,0.4105434,-0.8895787,0.07687537,0.4502665,1,0.75,0.25,0,1.00047E-05,0.499989,0,-0.0003080947,0.0003457071,0.5927451,-0.7412525,0.2928497,0.6039734,1,0.5,0,0,-0.4999752,-6.402284E-05,0,-0.0001460314,-0.003210167,0.345027,-0.9585493,-0.2129816,0.1892673,1,1,0.5,0,2.077914E-05,0.2499292,0,0.003015219,-0.002006442,0.4625774,-0.8414907,0.3324624,0.4258662,1,0.5,0.25,0,0.25,0.5,0,0,0,0.6902101,-0.6805521,0.478907,0.5545239,0,0.25,0,0,-0.2500064,-5.333389E-05,0,0.001360477,-0.002657164,0.3286025,-0.9775496,0.08447189,0.1930318,1,0.75,0.5,0,-0.4999346,-0.2500398,0,0.002703072,-0.002192707,0.3346158,-0.9705064,-0.2155897,-0.1078817,1,1,0.75,0,0.25,0.25,0,0,0,0.5719608,-0.7556247,0.5317358,0.3824767,0,0.25,0.25,0,0.5,0.5,0,0,0,0.8281943,-0.6098505,0.6173795,0.4969153,0,0,0,0,0.5,0.25,0,0,0,0.723356,-0.6621131,0.6702873,0.3351437,0,0,0.25,0,-0.2499881,-0.2500112,0,-0.001333655,1.78814E-05,0.3179876,-0.9902351,0.08559046,-0.1100398,1,0.75,0.75,0,-0.499943,-0.500061,0,-0.00229925,-0.0003099443,0.3967279,-0.903284,-0.2006662,-0.3792243,1,1,1,0,-0.2500038,-0.5000406,0,-0.003819169,-0.00409484,0.3812645,-0.9191338,0.07942705,-0.3858553,1,0.75,1,0,3.122965E-05,4.555033E-06,0,0.002957651,-0.0002172956,0.3855063,-0.9147309,0.3614104,0.1806927,1,0.5,0.5,0,0.25,0,0,0,0,0.5032946,-0.8073401,0.5681282,0.1594746,0,0.25,0.5,0,0.5,0,0,0,0,0.663658,-0.6960808,0.7046744,0.1374974,0,0,0.5,0,-3.941878E-05,-0.2500185,0,-0.001440007,-0.0008389357,0.3755444,-0.9251387,0.3654418,-0.1028143,1,0.5,0.75,0,3.204299E-05,-0.4999734,0,0.0009636792,0.0009715561,0.4349344,-0.8663709,0.3423043,-0.3636334,1,0.5,1,0,0.25,-0.25,0,0,0,0.4945351,-0.8144509,0.5731321,-0.09049455,0,0.25,0.75,0,0.5,-0.25,0,0,0,0.6561142,-0.7006228,0.7092724,-0.07784698,0,0,0.75,0,0.25,-0.5,0,0,0,0.5471867,-0.773501,0.5443155,-0.3246794,0,0.25,1,0,0.5,-0.5,0,0,0,0.7017071,-0.6740411,0.6823626,-0.2829309,0,0,1
331,0,-0.25003,0.500009,0,7.450584E-05,0.004003943,0.5471904,-0.7734983,0.06681693,0.6302665,1,0.75,0,0,-0.4999644,0.2499941,0,0.0008136038,0.0007547441,0.4255173,-0.8751862,-0.1944473,0.4429891,1,1,0.25,0,-0.5000245,0.4999317,0,-0.002129377,-0.001816452,0.5601975,-0.7640086,-0.1698028,0.6224611,1,1,0,0,-0.2500055,0.2499813,0,-0.0001937152,-0.0002972783,0.4105404,-0.8895816,0.07687136,0.4502615,1,0.75,0.25,0,2.368077E-05,0.4999884,0,0.0006838039,-2.68221E-05,0.5927488,-0.74125,0.2928612,0.6039708,1,0.5,0,0,-0.4999545,-5.046084E-05,0,0.001034141,0.0006781002,0.3450251,-0.9585514,-0.2129576,0.1892838,1,1,0.5,0,1.016992E-06,0.2500323,0,-0.0009881076,0.005158039,0.4626148,-0.8414581,0.3324289,0.4259568,1,0.5,0.25,0,0.25,0.5,0,0,0,0.6902101,-0.6805521,0.478907,0.5545239,0,0.25,0,0,-0.2499982,-3.395472E-05,0,0.0004075469,0.0009689588,0.3286069,-0.9775444,0.08448128,0.1930542,1,0.75,0.5,0,-0.4999414,-0.2500023,0,-0.0003427269,0.001874567,0.3346133,-0.9705094,-0.2155986,-0.1078371,1,1,0.75,0,0.25,0.25,0,0,0,0.5719608,-0.7556247,0.5317358,0.3824767,0,0.25,0.25,0,0.5,0.5,0,0,0,0.8281943,-0.6098505,0.6173795,0.4969153,0,0,0,0,0.5,0.25,0,0,0,0.723356,-0.6621131,0.6702873,0.3351437,0,0,0.25,0,-0.2499196,-0.2499959,0,0.003422053,0.0007644299,0.3179917,-0.9902301,0.08567369,-0.1100205,1,0.75,0.75,0,-0.4999915,-0.4999956,0,-0.00242591,0.003266336,0.3967129,-0.9032992,-0.2007237,-0.3791578,1,1,1,0,-0.2500243,-0.5000011,0,-0.00102818,0.001972914,0.3812476,-0.9191514,0.07940523,-0.3858179,1,0.75,1,0,1.47676E-05,6.10401E-05,0,-0.000823103,0.002824255,0.3855106,-0.9147266,0.3613901,0.1807556,1,0.5,0.5,0,0.25,0,0,0,0,0.5032946,-0.8073401,0.5681282,0.1594746,0,0.25,0.5,0,0.5,0,0,0,0,0.663658,-0.6960808,0.7046744,0.1374974,0,0,0.5,0,-5.413656E-05,-0.2499842,0,-0.000735889,0.001712889,0.3755355,-0.9251481,0.3654287,-0.1027762,1,0.5,0.75,0,2.709238E-05,-0.4999844,0,-0.0002475308,-0.000548363,0.4349368,-0.8663688,0.3422981,-0.3636443,1,0.5,1,0,0.25,-0.25,0,0,0,0.4945351,-0.8144509,0.5731321,-0.09049455,0,0.25,0.75,0,0.5,-0.25,0,0,0,0.6561142,-0.7006228,0.7092724,-0.07784698,0,0,0.75,0,0.25,-0.5,0,0,0,0.5471867,-0.773501,0.5443155,-0.3246794,0,0.25,1,0,0.5,-0.5,0,0,0,0.7017071,-0.6740411,0.6823626,-0.2829309,0,0,1
332,0,-0.249954,0.5000198,0,0.003795327,0.0005394223,0.5472022,-0.7734896,0.06688865,0.6302696,1,0.75,0,0,-0.4999405,0.2500346,0,0.001193583,0.002028794,0.4255307,-0.8751736,-0.1944187,0.4430265,1,1,0.25,0,-0.4999112,0.5000324,0,0.005665424,0.005038084,0.5602409,-0.7639773,-0.169689,0.6225306,1,1,0,0,-0.2499693,0.2500165,0,0.001811982,0.001759828,0.4105591,-0.8895634,0.07690959,0.4502909,1,0.75,0.25,0,6.906429E-05,0.5000237,0,0.002269177,0.001761318,0.5927833,-0.7412266,0.2928934,0.6039841,1,0.5,0,0,-0.4999336,6.20626E-05,0,0.001047552,0.005626174,0.345042,-0.9585323,-0.2129286,0.1894131,1,1,0.5,0,3.076914E-05,0.2500059,0,0.001487608,-0.001320243,0.4626134,-0.8414593,0.3324603,0.42593,1,0.5,0.25,0,0.25,0.5,0,0,0,0.6902101,-0.6805521,0.478907,0.5545239,0,0.25,0,0,-0.2500111,5.596943E-06,0,-0.0006429853,0.001977584,0.3286135,-0.9775366,0.08446509,0.1931004,1,0.75,0.5,0,-0.4999518,-0.2499381,0,-0.0005155804,0.003210456,0.3346086,-0.9705148,-0.2156121,-0.1077608,1,1,0.75,0,0.25,0.25,0,0,0,0.5719608,-0.7556247,0.5317358,0.3824767,0,0.25,0.25,0,0.5,0.5,0,0,0,0.8281943,-0.6098505,0.6173795,0.4969153,0,0,0,0,0.5,0.25,0,0,0,0.723356,-0.6621131,0.6702873,0.3351437,0,0,0.25,0,-0.2499596,-0.2499755,0,-0.002000482,0.001018495,0.3179861,-0.9902369,0.08562537,-0.1099964,1,0.75,0.75,0,-0.4999384,-0.4999381,0,0.002658368,0.002878906,0.3966804,-0.9033319,-0.2006717,-0.3791073,1,1,1,0,-0.2499782,-0.5000238,0,0.002308191,-0.001135469,0.38126,-0.9191385,0.0794565,-0.3858383,1,0.75,1,0,2.208529E-05,7.366824E-05,0,0.000365885,0.0006314071,0.3855155,-0.9147214,0.3613963,0.1807689,1,0.5,0.5,0,0.25,0,0,0,0,0.5032946,-0.8073401,0.5681282,0.1594746,0,0.25,0.5,0,0.5,0,0,0,0,0.663658,-0.6960808,0.7046744,0.1374974,0,0,0.5,0,-6.009829E-05,-0.2499755,0,-0.0002980866,0.0004366042,0.3755325,-0.9251513,0.3654232,-0.1027666,1,0.5,0.75,0,5.658984E-05,-0.4999625,0,0.001474874,0.001095236,0.4349389,-0.8663667,0.3423289,-0.36362,1,0.5,1,0,0.25,-0.25,0,0,0,0.4945351,-0.8144509,0.5731321,-0.09049455,0,0.25,0.75,0,0.5,-0.25,0,0,0,0.6561142,-0.7006228,0.7092724,-0.07784698,0,0,0.75,0,0.25,-0.5,0,0,0,0.5471867,-0.773501,0.5443155,-0.3246794,0,0.25,1,0,0.5,-0.5,0,0,0,0.7017071,-0.6740411,0.6823626,-0.2829309,0,0,1
333,0,-0.2499865,0.500035,0,-0.001621247,0.0007629397,0.5472097,-0.7734841,0.06685721,0.6302797,1,0.75,0,0,-0.4999401,0.2500854,0,1.78814E-05,0.002539159,0.4255531,-0.8751524,-0.1944136,0.4430707,1,1,0.25,0,-0.5000091,0.5000868,0,-0.004896523,0.002720953,0.5602914,-0.7639409,-0.1697733,0.6225523,1,1,0,0,-0.2500331,0.2500438,0,-0.00318885,0.001366437,0.4105664,-0.8895562,0.07683892,0.4503172,1,0.75,0.25,0,2.240732E-05,0.5000332,0,-0.00233285,0.0004768373,0.5927755,-0.7412319,0.2928528,0.6039971,1,0.5,0,0,-0.4999482,3.943469E-05,0,-0.0007316473,-0.001131396,0.3450408,-0.9585336,-0.2129462,0.1893866,1,1,0.5,0,1.306602E-05,0.2500889,0,-0.000885156,0.004148485,0.4626428,-0.8414336,0.3324318,0.4260032,1,0.5,0.25,0,0.25,0.5,0,0,0,0.6902101,-0.6805521,0.478907,0.5545239,0,0.25,0,0,-0.2499514,7.515237E-05,0,0.002982469,0.003477773,0.3286319,-0.9775148,0.08453519,0.19318,1,0.75,0.5,0,-0.4998994,-0.2498744,0,0.002616645,0.003185124,0.3345904,-0.9705359,-0.2155541,-0.1076868,1,1,0.75,0,0.25,0.25,0,0,0,0.5719608,-0.7556247,0.5317358,0.3824767,0,0.25,0.25,0,0.5,0.5,0,0,0,0.8281943,-0.6098505,0.6173795,0.4969153,0,0,0,0,0.5,0.25,0,0,0,0.723356,-0.6621131,0.6702873,0.3351437,0,0,0.25,0,-0.2499241,-0.2499354,0,0.001774729,0.002005697,0.3179847,-0.9902385,0.08566891,-0.1099475,1,0.75,0.75,0,-0.5000351,-0.4999264,0,-0.004836919,0.0005841258,0.3966954,-0.9033168,-0.2007762,-0.3790879,1,1,1,0,-0.2500041,-0.4998786,0,-0.001296401,0.007262829,0.381202,-0.919199,0.07943231,-0.3856989,1,0.75,1,0,8.878601E-05,3.709997E-05,0,0.003335037,-0.001828415,0.385533,-0.9147034,0.3614645,0.180724,1,0.5,0.5,0,0.25,0,0,0,0,0.5032946,-0.8073401,0.5681282,0.1594746,0,0.25,0.5,0,0.5,0,0,0,0,0.663658,-0.6960808,0.7046744,0.1374974,0,0,0.5,0,-1.397137E-05,-0.2500152,0,0.002306347,-0.00198558,0.3755534,-0.9251292,0.3654672,-0.1028095,1,0.5,0.75,0,1.321034E-05,-0.5000147,0,-0.002168976,-0.002609194,0.434943,-0.866363,0.342281,-0.3636742,1,0.5,1,0,0.25,-0.25,0,0,0,0.4945351,-0.8144509,0.5731321,-0.09049455,0,0.25,0.75,0,0.5,-0.25,0,0,0,0.6561142,-0.7006228,0.7092724,-0.07784698,0,0,0.75,0,0.25,-0.5,0,0,0,0.5471867,-0.773501,0.5443155,-0.3246794,0,0.25,1,0,0.5,-0.5,0,0,0,0.7017071,-0.6740411,0.6823626,-0.2829309,0,0,1
334,0,-0.2499754,0.500042,0,0.0005535784,0.0003486873,0.5472149,-0.7734802,0.06686746,0.6302833,1,0.75,0,0,-0.5000009,0.2500455,0,-0.003038348,-0.001995266,0.4255472,-0.875158,-0.1944805,0.4430303,1,1,0.25,0,-0.499883,0.5000872,0,0.006306174,1.78814E-05,0.5602703,-0.7639561,-0.1696577,0.622565,1,1,0,0,-0.2500003,0.2500849,0,0.001637638,0.002056361,0.4105875,-0.8895356,0.07687312,0.450352,1,0.75,0.25,0,4.222405E-05,0.4999899,0,0.0009908369,-0.00216365,0.5927551,-0.7412457,0.2928765,0.6039688,1,0.5,0,0,-0.5000183,0.0001040512,0,-0.003504755,0.003230829,0.345068,-0.9585028,-0.2130223,0.189457,1,1,0.5,0,1.490751E-05,0.2500217,0,9.207446E-05,-0.003360213,0.4626148,-0.841458,0.3324434,0.4259458,1,0.5,0.25,0,0.25,0.5,0,0,0,0.6902101,-0.6805521,0.478907,0.5545239,0,0.25,0,0,-0.2499546,3.844967E-05,0,-0.0001601875,-0.001835136,0.3286245,-0.9775236,0.08453207,0.1931375,1,0.75,0.5,0,-0.4999747,-0.2499206,0,-0.003765525,-0.002311171,0.3346117,-0.9705113,-0.2156389,-0.1077394,1,1,0.75,0,0.25,0.25,0,0,0,0.5719608,-0.7556247,0.5317358,0.3824767,0,0.25,0.25,0,0.5,0.5,0,0,0,0.8281943,-0.6098505,0.6173795,0.4969153,0,0,0,0,0.5,0.25,0,0,0,0.723356,-0.6621131,0.6702873,0.3351437,0,0,0.25,0,-0.2499249,-0.2499464,0,-3.874303E-05,-0.0005498531,0.3179859,-0.9902371,0.08566783,-0.1099608,1,0.75,0.75,0,-0.4999989,-0.4999228,0,0.001811982,0.0001803041,0.3966867,-0.9033255,-0.2007377,-0.3790876,1,1,1,0,-0.2499693,-0.4999723,0,0.001739711,-0.004687907,0.3812409,-0.9191584,0.07946829,-0.3857882,1,0.75,1,0,2.652147E-05,1.298687E-05,0,-0.003113228,-0.001205656,0.3855062,-0.9147311,0.3614052,0.1807023,1,0.5,0.5,0,0.25,0,0,0,0,0.5032946,-0.8073401,0.5681282,0.1594746,0,0.25,0.5,0,0.5,0,0,0,0,0.663658,-0.6960808,0.7046744,0.1374974,0,0,0.5,0,-5.716222E-05,-0.2499937,0,-0.002159543,0.001078845,0.3755354,-0.9251482,0.3654253,-0.102787,1,0.5,0.75,0,-2.658018E-05,-0.4999814,0,-0.001989527,0.00166148,0.4349173,-0.8663868,0.3422478,-0.3636487,1,0.5,1,0,0.25,-0.25,0,0,0,0.4945351,-0.8144509,0.5731321,-0.09049455,0,0.25,0.75,0,0.5,-0.25,0,0,0,0.6561142,-0.7006228,0.7092724,-0.07784698,0,0,0.75,0,0.25,-0.5,0,0,0,0.5471867,-0.773501,0.5443155,-0.3246794,0,0.25,1,0,0.5,-0.5,0,0,0,0.7017071,-0.6740411,0.6823626,-0.2829309,0,0,1
335,0,-0.2499549,0.4999978,0,0.00102371,-0.002211333,0.5471884,-0.7734998,0.0668887,0.630257,1,0.75,0,0,-0.4999603,0.2499838,0,0.002031029,-0.003085287,0.425512,-0.8751913,-0.194444,0.4429806,1,1,0.25,0,-0.4999307,0.5000339,0,-0.002384187,-0.002667309,0.5602452,-0.7639742,-0.1697067,0.6225294,1,1,0,0,-0.2499855,0.2500227,0,0.0007376078,-0.003108383,0.4105606,-0.8895619,0.07689159,0.450297,1,0.75,0.25,0,3.032218E-05,0.5000212,0,-0.0005950939,0.001564623,0.5927705,-0.7412353,0.2928614,0.6039889,1,0.5,0,0,-0.4999623,2.992625E-05,0,0.002798439,-0.003706251,0.345042,-0.9585322,-0.2129626,0.1893751,1,1,0.5,0,2.750844E-05,0.2500106,0,0.0006300466,-0.0005543234,0.4626143,-0.8414585,0.3324566,0.4259345,1,0.5,0.25,0,0.25,0.5,0,0,0,0.6902101,-0.6805521,0.478907,0.5545239,0,0.25,0,0,-0.2499217,-1.995137E-05,0,0.001646579,-0.002920053,0.3286161,-0.9775335,0.08457268,0.193069,1,0.75,0.5,0,-0.4999202,-0.2499619,0,0.002723933,-0.002064557,0.3346044,-0.9705197,-0.2155755,-0.1077898,1,1,0.75,0,0.25,0.25,0,0,0,0.5719608,-0.7556247,0.5317358,0.3824767,0,0.25,0.25,0,0.5,0.5,0,0,0,0.8281943,-0.6098505,0.6173795,0.4969153,0,0,0,0,0.5,0.25,0,0,0,0.723356,-0.6621131,0.6702873,0.3351437,0,0,0.25,0,-0.2498756,-0.2500441,0,0.002464653,-0.004886838,0.3180009,-0.990219,0.08572653,-0.1100783,1,0.75,0.75,0,-0.5000083,-0.5000134,0,-0.0004738571,-0.004528465,0.396723,-0.903289,-0.2007402,-0.3791732,1,1,1,0,-0.2500071,-0.5000201,0,-0.001891703,-0.002387167,0.3812563,-0.9191424,0.07942396,-0.3858356,1,0.75,1,0,1.811901E-05,3.886014E-06,0,-0.000420123,-0.0004550428,0.3855014,-0.914736,0.3613976,0.180693,1,0.5,0.5,0,0.25,0,0,0,0,0.5032946,-0.8073401,0.5681282,0.1594746,0,0.25,0.5,0,0.5,0,0,0,0,0.663658,-0.6960808,0.7046744,0.1374974,0,0,0.5,0,-2.286592E-05,-0.2499749,0,0.001714816,0.0009372834,0.375546,-0.925137,0.3654601,-0.1027643,1,0.5,0.75,0,-1.02209E-06,-0.5000055,0,0.001277905,-0.001202524,0.4349348,-0.8663706,0.3422688,-0.3636676,1,0.5,1,0,0.25,-0.25,0,0,0,0.4945351,-0.8144509,0.5731321,-0.09049455,0,0.25,0.75,0,0.5,-0.25,0,0,0,0.6561142,-0.7006228,0.7092724,-0.07784698,0,0,0.75,0,0.25,-0.5,0,0,0,0.5471867,-0.773501,0.5443155,-0.3246794,0,0.25,1,0,0.5,-0.5,0,0,0,0.7017071,-0.6740411,0.6823626,-0.2829309,0,0,1
336,0,-0.2499883,0.4999153,0,-0.001668931,-0.004124643,0.5471342,-0.7735398,0.06686029,0.6302109,1,0.75,0,0,-0.4999731,0.2499833,0,-0.0006437304,-2.309681E-05,0.4255143,-0.8751891,-0.1944575,0.4429789,1,1,0.25,0,-0.4999199,0.4999703,0,0.0005394223,-0.003178419,0.5602037,-0.7640042,-0.1697031,0.6224939,1,1,0,0,-0.2500017,0.2500018,0,-0.0008061531,-0.001049042,0.4105499,-0.8895723,0.07687478,0.4502793,1,0.75,0.25,0,5.778515E-05,0.4999532,0,0.001373149,-0.003400446,0.5927376,-0.7412576,0.2928954,0.6039448,1,0.5,0,0,-0.4999458,-7.482788E-05,0,0.0008255247,-0.005237709,0.3450187,-0.9585587,-0.2129489,0.1892564,1,1,0.5,0,1.67171E-06,0.2499386,0,-0.001291837,-0.003601612,0.462575,-0.8414928,0.3324434,0.425877,1,0.5,0.25,0,0.25,0.5,0,0,0,0.6902101,-0.6805521,0.478907,0.5545239,0,0.25,0,0,-0.250027,-5.789435E-05,0,-0.005263092,-0.001897149,0.3285999,-0.9775527,0.0844473,0.1930269,1,0.75,0.5,0,-0.4999483,-0.2499944,0,-0.00140071,-0.001624227,0.3346139,-0.9705086,-0.2156066,-0.1078275,1,1,0.75,0,0.25,0.25,0,0,0,0.5719608,-0.7556247,0.5317358,0.3824767,0,0.25,0.25,0,0.5,0.5,0,0,0,0.8281943,-0.6098505,0.6173795,0.4969153,0,0,0,0,0.5,0.25,0,0,0,0.723356,-0.6621131,0.6702873,0.3351437,0,0,0.25,0,-0.2500015,-0.2500159,0,-0.006293508,0.001412631,0.317987,-0.9902358,0.08557411,-0.1100456,1,0.75,0.75,0,-0.4999432,-0.5000463,0,0.003258885,-0.001648069,0.3967224,-0.9032896,-0.2006676,-0.3792103,1,1,1,0,-0.2500138,-0.5000433,0,-0.0003352763,-0.001159311,0.3812647,-0.9191336,0.0794156,-0.3858583,1,0.75,1,0,3.411223E-06,1.266545E-05,0,-0.0007353897,0.000438972,0.3854977,-0.9147398,0.3613825,0.1807036,1,0.5,0.5,0,0.25,0,0,0,0,0.5032946,-0.8073401,0.5681282,0.1594746,0,0.25,0.5,0,0.5,0,0,0,0,0.663658,-0.6960808,0.7046744,0.1374974,0,0,0.5,0,-3.150734E-07,-0.2499921,0,0.001127543,-0.0008583072,0.3755561,-0.9251264,0.3654816,-0.1027828,1,0.5,0.75,0,3.122804E-05,-0.4999377,0,0.001612507,0.003390016,0.4349212,-0.8663832,0.3423082,-0.3636004,1,0.5,1,0,0.25,-0.25,0,0,0,0.4945351,-0.8144509,0.5731321,-0.09049455,0,0.25,0.75,0,0.5,-0.25,0,0,0,0.6561142,-0.7006228,0.7092724,-0.07784698,0,0,0.75,0,0.25,-0.5,0,0,0,0.5471867,-0.773501,0.5443155,-0.3246794,0,0.25,1,0,0.5,-0.5,0,0,0,0.7017071,-0.6740411,0.6823626,-0.2829309,0,0,1
337,0,-0.2499674,0.4999208,0,0.001044572,0.0002726914,0.5471389,-0.7735363,0.06687994,0.6302132,1,0.75,0,0,-0.4999478,0.249963,0,0.001269579,-0.00101775,0.4255003,-0.8752023,-0.194433,0.4429636,1,1,0.25,0,-0.499955,0.49994,0,-0.001755357,-0.001512468,0.5601908,-0.7640134,-0.1697383,0.6224729,1,1,0,0,-0.2499868,0.2499913,0,0.0007435682,-0.0005207958,0.4105464,-0.8895757,0.07689141,0.4502696,1,0.75,0.25,0,8.451666E-05,0.4999897,0,0.001336576,0.001823903,0.5927674,-0.7412373,0.2929119,0.6039618,1,0.5,0,0,-0.5000114,-5.483952E-05,0,-0.003278257,0.0009994183,0.3450364,-0.9585385,-0.213022,0.1892761,1,1,0.5,0,1.535452E-05,0.2500492,0,0.0006841406,0.005531313,0.4626267,-0.8414477,0.3324397,0.4259691,1,0.5,0.25,0,0.25,0.5,0,0,0,0.6902101,-0.6805521,0.478907,0.5545239,0,0.25,0,0,-0.2500148,-1.946865E-05,0,0.0006109478,0.001921285,0.3286083,-0.9775428,0.08446119,0.1930714,1,0.75,0.5,0,-0.4999781,-0.2500179,0,-0.001490117,-0.001177937,0.3346229,-0.9704982,-0.21564,-0.1078546,1,1,0.75,0,0.25,0.25,0,0,0,0.5719608,-0.7556247,0.5317358,0.3824767,0,0.25,0.25,0,0.5,0.5,0,0,0,0.8281943,-0.6098505,0.6173795,0.4969153,0,0,0,0,0.5,0.25,0,0,0,0.723356,-0.6621131,0.6702873,0.3351437,0,0,0.25,0,-0.2499633,-0.2499662,0,0.001911075,0.00248626,0.3179848,-0.9902385,0.08562106,-0.1099851,1,0.75,0.75,0,-0.4999868,-0.5000524,0,-0.002181531,-0.0003039838,0.3967335,-0.9032784,-0.2007138,-0.3792123,1,1,1,0,-0.2500098,-0.4999808,0,0.0002011657,0.003123285,0.3812409,-0.9191584,0.07942231,-0.3857978,1,0.75,1,0,5.389119E-06,-4.202895E-06,0,9.889484E-05,-0.0008434176,0.3854954,-0.9147422,0.3613857,0.1806851,1,0.5,0.5,0,0.25,0,0,0,0,0.5032946,-0.8073401,0.5681282,0.1594746,0,0.25,0.5,0,0.5,0,0,0,0,0.663658,-0.6960808,0.7046744,0.1374974,0,0,0.5,0,-1.896734E-05,-0.2500373,0,-0.0009326138,-0.002263487,0.3755539,-0.9251286,0.3654613,-0.1028347,1,0.5,0.75,0,-4.89463E-06,-0.5000379,0,-0.001806134,-0.005011262,0.4349453,-0.8663608,0.3422608,-0.3636982,1,0.5,1,0,0.25,-0.25,0,0,0,0.4945351,-0.8144509,0.5731321,-0.09049455,0,0.25,0.75,0,0.5,-0.25,0,0,0,0.6561142,-0.7006228,0.7092724,-0.07784698,0,0,0.75,0,0.25,-0.5,0,0,0,0.5471867,-0.773501,0.5443155,-0.3246794,0,0.25,1,0,0.5,-0.5,0,0,0,0.7017071,-0.6740411,0.6823626,-0.2829309,0,0,1
338,0,-0.2499251,0.5000265,0,0.002114476,0.005285444,0.5472084,-0.773485,0.06691588,0.6302723,1,0.75,0,0,-0.4999185,0.2499771,0,0.001464785,0.0007063153,0.4255009,-0.8752018,-0.1944012,0.4429786,1,1,0.25,0,-0.4999925,0.4999609,0,-0.001873077,0.001044572,0.5602102,-0.7639994,-0.1697705,0.6224812,1,1,0,0,-0.2499928,0.2500116,0,-0.0003017486,0.001011044,0.4105551,-0.8895673,0.07688405,0.4502875,1,0.75,0.25,0,2.125644E-05,0.4999701,0,-0.003163012,-0.0009804968,0.592737,-0.741258,0.2928621,0.6039606,1,0.5,0,0,-0.4999615,-3.997686E-05,0,0.002492965,0.0007431331,0.3450286,-0.9585474,-0.212965,0.1892954,1,1,0.5,0,4.594724E-05,0.2499706,0,0.001529637,-0.003929438,0.4626034,-0.841468,0.3324796,0.4258977,1,0.5,0.25,0,0.25,0.5,0,0,0,0.6902101,-0.6805521,0.478907,0.5545239,0,0.25,0,0,-0.2500149,-4.573193E-05,0,-5.960467E-06,-0.001313164,0.3286032,-0.9775487,0.08446156,0.1930408,1,0.75,0.5,0,-0.4999823,-0.2499677,0,-0.0002115966,0.002510102,0.3346184,-0.9705034,-0.2156462,-0.107795,1,1,0.75,0,0.25,0.25,0,0,0,0.5719608,-0.7556247,0.5317358,0.3824767,0,0.25,0.25,0,0.5,0.5,0,0,0,0.8281943,-0.6098505,0.6173795,0.4969153,0,0,0,0,0.5,0.25,0,0,0,0.723356,-0.6621131,0.6702873,0.3351437,0,0,0.25,0,-0.2499583,-0.2499723,0,0.0002503396,-0.0003054739,0.3179858,-0.9902372,0.08562707,-0.1099925,1,0.75,0.75,0,-0.5000334,-0.5000176,0,-0.002329052,0.001740456,0.3967296,-0.9032823,-0.2007666,-0.3791752,1,1,1,0,-0.2499851,-0.5000147,0,0.001233072,-0.001692773,0.3812559,-0.9191428,0.07944894,-0.3858297,1,0.75,1,0,3.086716E-05,-4.397314E-05,0,0.001273903,-0.001988513,0.3854975,-0.9147401,0.3614137,0.1806397,1,0.5,0.5,0,0.25,0,0,0,0,0.5032946,-0.8073401,0.5681282,0.1594746,0,0.25,0.5,0,0.5,0,0,0,0,0.663658,-0.6960808,0.7046744,0.1374974,0,0,0.5,0,-2.880779E-05,-0.250057,0,-0.0004920227,-0.0009849671,0.3755523,-0.9251304,0.3654507,-0.1028574,1,0.5,0.75,0,-1.455847E-05,-0.5000025,0,-0.0004831921,0.001770259,0.4349291,-0.8663759,0.3422564,-0.3636666,1,0.5,1,0,0.25,-0.25,0,0,0,0.4945351,-0.8144509,0.5731321,-0.09049455,0,0.25,0.75,0,0.5,-0.25,0,0,0,0.6561142,-0.7006228,0.7092724,-0.07784698,0,0,0.75,0,0.25,-0.5,0,0,0,0.5471867,-0.773501,0.5443155,-0.3246794,0,0.25,1,0,0.5,-0.5,0,0,0,0.7017071,-0.6740411,0.6823626,-0.2829309,0,0,1
339,0,-0.2500464,0.5000911,0,-0.00606254,0.003233553,0.5472411,-0.7734609,0.06679801,0.6303144,1,0.75,0,0,-0.4999821,0.2499899,0,-0.003179909,0.0006377699,0.4255189,-0.8751847,-0.1944661,0.4429838,1,1,0.25,0,-0.4999592,0.50002,0,0.00166297,0.002954901,0.5602413,-0.763977,-0.1697342,0.6225187,1,1,0,0,-0.2499952,0.2500263,0,-0.0001206995,0.0007390979,0.4105615,-0.889561,0.07688086,0.4503005,1,0.75,0.25,0,6.882566E-06,0.5000421,0,-0.0007186937,0.003600122,0.5927763,-0.7412313,0.2928384,0.6040047,1,0.5,0,0,-0.4999152,-3.70966E-06,0,0.002317131,0.001813361,0.3450256,-0.9585509,-0.2129109,0.189339,1,1,0.5,0,2.825446E-05,0.2500018,0,-0.0008846396,0.001561642,0.4626108,-0.8414615,0.3324586,0.4259269,1,0.5,0.25,0,0.25,0.5,0,0,0,0.6902101,-0.6805521,0.478907,0.5545239,0,0.25,0,0,-0.2500019,3.618154E-05,0,0.0006496909,0.004095675,0.3286201,-0.9775288,0.08447552,0.1931358,1,0.75,0.5,0,-0.4999665,-0.2500167,0,0.000791252,-0.002450497,0.3346202,-0.9705012,-0.2156268,-0.1078535,1,1,0.75,0,0.25,0.25,0,0,0,0.5719608,-0.7556247,0.5317358,0.3824767,0,0.25,0.25,0,0.5,0.5,0,0,0,0.8281943,-0.6098505,0.6173795,0.4969153,0,0,0,0,0.5,0.25,0,0,0,0.723356,-0.6621131,0.6702873,0.3351437,0,0,0.25,0,-0.2500072,-0.2500123,0,-0.002446027,-0.002003462,0.3179861,-0.9902369,0.08556724,-0.1100414,1,0.75,0.75,0,-0.499985,-0.5000282,0,0.002418459,-0.0005304816,0.3967239,-0.9032881,-0.200714,-0.3791894,1,1,1,0,-0.2499846,-0.4999898,0,2.607704E-05,0.001242757,0.3812464,-0.9191527,0.07945039,-0.3858056,1,0.75,1,0,5.297691E-05,5.312259E-05,0,0.001105488,0.004854789,0.385523,-0.9147137,0.3614282,0.1807442,1,0.5,0.5,0,0.25,0,0,0,0,0.5032946,-0.8073401,0.5681282,0.1594746,0,0.25,0.5,0,0.5,0,0,0,0,0.663658,-0.6960808,0.7046744,0.1374974,0,0,0.5,0,-1.292544E-05,-0.2499877,0,0.0007941178,0.003466011,0.375551,-0.9251317,0.3654694,-0.1027784,1,0.5,0.75,0,2.98506E-05,-0.4999618,0,0.002220454,0.002034009,0.4349295,-0.8663755,0.3423037,-0.363623,1,0.5,1,0,0.25,-0.25,0,0,0,0.4945351,-0.8144509,0.5731321,-0.09049455,0,0.25,0.75,0,0.5,-0.25,0,0,0,0.6561142,-0.7006228,0.7092724,-0.07784698,0,0,0.75,0,0.25,-0.5,0,0,0,0.5471867,-0.773501,0.5443155,-0.3246794,0,0.25,1,0,0.5,-0.5,0,0,0,0.7017071,-0.6740411,0.6823626,-0.2829309,0,0,1
340,0,-0.2500387,0.5000011,0,0.0003814699,-0.004500153,0.5471848,-0.7735024,0.06680889,0.6302623,1,0.75,0,0,-0.5000197,0.25001,0,-0.001883507,0.001008809,0.4255351,-0.8751693,-0.1945034,0.4429978,1,1,0.25,0,-0.5000365,0.4999929,0,-0.003866853,-0.001357496,0.5602376,-0.7639797,-0.1698077,0.6224952,1,1,0,0,-0.2500035,0.2500305,0,-0.0004135074,0.0002086163,0.4105628,-0.8895598,0.07687166,0.4503045,1,0.75,0.25,0,-4.952925E-06,0.4999762,0,-0.0005917748,-0.003294648,0.592733,-0.7412606,0.2928392,0.6039684,1,0.5,0,0,-0.4999734,-1.434323E-05,0,-0.002911688,-0.0005316786,0.345036,-0.958539,-0.2129772,0.1893241,1,1,0.5,0,1.948514E-05,0.2499631,0,-0.0004384661,-0.001934917,0.4625914,-0.8414785,0.3324562,0.4258953,1,0.5,0.25,0,0.25,0.5,0,0,0,0.6902101,-0.6805521,0.478907,0.5545239,0,0.25,0,0,-0.2499738,6.68369E-05,0,0.00140518,0.001532769,0.3286284,-0.977519,0.08450859,0.1931708,1,0.75,0.5,0,-0.4999235,-0.2499541,0,0.002150238,0.00313297,0.3346042,-0.9705199,-0.2155794,-0.1077805,1,1,0.75,0,0.25,0.25,0,0,0,0.5719608,-0.7556247,0.5317358,0.3824767,0,0.25,0.25,0,0.5,0.5,0,0,0,0.8281943,-0.6098505,0.6173795,0.4969153,0,0,0,0,0.5,0.25,0,0,0,0.723356,-0.6621131,0.6702873,0.3351437,0,0,0.25,0,-0.2499593,-0.2499735,0,0.002396108,0.001943857,0.3179859,-0.9902371,0.08562584,-0.1099939,1,0.75,0.75,0,-0.5000148,-0.4999815,0,-0.001488627,0.002336503,0.3967122,-0.9032999,-0.2007498,-0.3791423,1,1,1,0,-0.2500433,-0.5000233,0,-0.00293553,-0.001674891,0.3812547,-0.9191441,0.07938302,-0.38584,1,0.75,1,0,2.991866E-05,3.268658E-05,0,-0.001152913,-0.001021801,0.3855109,-0.9147261,0.3614071,0.1807236,1,0.5,0.5,0,0.25,0,0,0,0,0.5032946,-0.8073401,0.5681282,0.1594746,0,0.25,0.5,0,0.5,0,0,0,0,0.663658,-0.6960808,0.7046744,0.1374974,0,0,0.5,0,-2.489271E-05,-0.2500001,0,-0.0005983637,-0.0006198885,0.3755479,-0.925135,0.365457,-0.1027929,1,0.5,0.75,0,-2.442502E-05,-0.4999696,0,-0.002713782,-0.0003904106,0.4349138,-0.8663901,0.3422514,-0.3636374,1,0.5,1,0,0.25,-0.25,0,0,0,0.4945351,-0.8144509,0.5731321,-0.09049455,0,0.25,0.75,0,0.5,-0.25,0,0,0,0.6561142,-0.7006228,0.7092724,-0.07784698,0,0,0.75,0,0.25,-0.5,0,0,0,0.5471867,-0.773501,0.5443155,-0.3246794,0,0.25,1,0,0.5,-0.5,0,0,0,0.7017071,-0.6740411,0.6823626,-0.2829309,0,0,1
341,0,-0.2500252,0.4999303,0,0.0006780031,-0.003542007,0.5471411,-0.7735347,0.06682462,0.630221,1,0.75,0,0,-0.4999834,0.2499997,0,0.001814962,-0.0005193057,0.4255235,-0.8751804,-0.1944666,0.4429922,1,1,0.25,0,-0.4999996,0.5000217,0,0.001846255,0.001440943,0.5602492,-0.7639713,-0.169771,0.6225156,1,1,0,0,-0.2500671,0.2500181,0,-0.003178419,-0.0006213787,0.4105523,-0.8895701,0.07680274,0.450296,1,0.75,0.25,0,1.560896E-05,0.5000374,0,0.001028095,0.00306219,0.5927759,-0.7412316,0.2928465,0.6040007,1,0.5,0,0,-0.5000062,-4.278871E-05,0,-0.001639128,-0.001422275,0.3450376,-0.9585373,-0.2130156,0.18929,1,1,0.5,0,-2.944441E-05,0.2499973,0,-0.002446479,0.001709164,0.4625897,-0.84148,0.332406,0.4259315,1,0.5,0.25,0,0.25,0.5,0,0,0,0.6902101,-0.6805521,0.478907,0.5545239,0,0.25,0,0,-0.2499386,-2.641413E-05,0,0.001757593,-0.004662554,0.3286134,-0.9775367,0.08455254,0.1930618,1,0.75,0.5,0,-0.4999687,-0.2499817,0,-0.002261997,-0.001384318,0.334617,-0.9705051,-0.2156303,-0.107812,1,1,0.75,0,0.25,0.25,0,0,0,0.5719608,-0.7556247,0.5317358,0.3824767,0,0.25,0.25,0,0.5,0.5,0,0,0,0.8281943,-0.6098505,0.6173795,0.4969153,0,0,0,0,0.5,0.25,0,0,0,0.723356,-0.6621131,0.6702873,0.3351437,0,0,0.25,0,-0.25003,-0.2499206,0,-0.003536047,0.002642722,0.317974,-0.9902515,0.08554063,-0.1099309,1,0.75,0.75,0,-0.4999824,-0.4999819,0,0.001621247,-2.086163E-05,0.3967058,-0.9033063,-0.2007151,-0.3791454,1,1,1,0,-0.2500211,-0.49995,0,0.001113117,0.003667177,0.3812281,-0.9191718,0.07941067,-0.3857684,1,0.75,1,0,8.796376E-06,-1.997815E-05,0,-0.001056114,-0.002633238,0.3854938,-0.9147439,0.3613902,0.1806676,1,0.5,0.5,0,0.25,0,0,0,0,0.5032946,-0.8073401,0.5681282,0.1594746,0,0.25,0.5,0,0.5,0,0,0,0,0.663658,-0.6960808,0.7046744,0.1374974,0,0,0.5,0,5.814761E-05,-0.2499718,0,0.004152017,0.001416356,0.3755753,-0.925106,0.3655404,-0.1027573,1,0.5,0.75,0,2.777579E-05,-0.500056,0,0.002610041,-0.004319848,0.434963,-0.8663444,0.3422892,-0.3637107,1,0.5,1,0,0.25,-0.25,0,0,0,0.4945351,-0.8144509,0.5731321,-0.09049455,0,0.25,0.75,0,0.5,-0.25,0,0,0,0.6561142,-0.7006228,0.7092724,-0.07784698,0,0,0.75,0,0.25,-0.5,0,0,0,0.5471867,-0.773501,0.5443155,-0.3246794,0,0.25,1,0,0.5,-0.5,0,0,0,0.7017071,-0.6740411,0.6823626,-0.2829309,0,0,1
342,0,-0.2499485,0.5000549,0,0.003835561,0.006230178,0.5472248,-0.7734729,0.06689253,0.6302897,1,0.75,0,0,-0.4999411,0.2500072,0,0.002118946,0.0003762545,0.4255186,-0.875185,-0.1944219,0.4430026,1,1,0.25,0,-0.5000139,0.499936,0,-0.0007167461,-0.004282596,0.5601984,-0.7640079,-0.1697927,0.6224647,1,1,0,0,-0.2499899,0.2500324,0,0.003860892,0.000715256,0.4105647,-0.8895579,0.0768865,0.4503056,1,0.75,0.25,0,1.7607E-05,0.5000116,0,9.990203E-05,-0.001293421,0.5927609,-0.7412418,0.2928523,0.6039853,1,0.5,0,0,-0.4999345,-2.073358E-05,0,0.003586711,0.001102757,0.3450265,-0.9585499,-0.2129335,0.1893186,1,1,0.5,0,4.273728E-05,0.2499932,0,0.003609086,-0.0002071262,0.4626119,-0.8414606,0.3324733,0.4259174,1,0.5,0.25,0,0.25,0.5,0,0,0,0.6902101,-0.6805521,0.478907,0.5545239,0,0.25,0,0,-0.2499322,2.641388E-05,0,0.000318885,0.002641402,0.3286241,-0.977524,0.08455914,0.193123,1,0.75,0.5,0,-0.4999488,-0.2499774,0,0.000996888,0.0002190472,0.3346122,-0.9705106,-0.2156077,-0.1078074,1,1,0.75,0,0.25,0.25,0,0,0,0.5719608,-0.7556247,0.5317358,0.3824767,0,0.25,0.25,0,0.5,0.5,0,0,0,0.8281943,-0.6098505,0.6173795,0.4969153,0,0,0,0,0.5,0.25,0,0,0,0.723356,-0.6621131,0.6702873,0.3351437,0,0,0.25,0,-0.2498955,-0.2500482,0,0.006725642,-0.006377699,0.3179996,-0.9902205,0.0857024,-0.1100834,1,0.75,0.75,0,-0.5000136,-0.5000331,0,-0.001561642,-0.00256002,0.3967315,-0.9032804,-0.2007441,-0.3791916,1,1,1,0,-0.2500162,-0.5000215,0,0.0002443791,-0.00357479,0.3812561,-0.9191425,0.0794137,-0.3858373,1,0.75,1,0,1.882841E-05,6.092845E-05,0,0.0005016018,0.004045331,0.3855121,-0.914725,0.3613941,0.1807552,1,0.5,0.5,0,0.25,0,0,0,0,0.5032946,-0.8073401,0.5681282,0.1594746,0,0.25,0.5,0,0.5,0,0,0,0,0.663658,-0.6960808,0.7046744,0.1374974,0,0,0.5,0,-3.532015E-05,-0.2499636,0,-0.004673389,0.0004120173,0.3755403,-0.925143,0.3654482,-0.102752,1,0.5,0.75,0,3.184955E-05,-0.4999357,0,0.0002036881,0.006014111,0.4349207,-0.8663837,0.3423091,-0.3635985,1,0.5,1,0,0.25,-0.25,0,0,0,0.4945351,-0.8144509,0.5731321,-0.09049455,0,0.25,0.75,0,0.5,-0.25,0,0,0,0.6561142,-0.7006228,0.7092724,-0.07784698,0,0,0.75,0,0.25,-0.5,0,0,0,0.5471867,-0.773501,0.5443155,-0.3246794,0,0.25,1,0,0.5,-0.5,0,0,0,0.7017071,-0.6740411,0.6823626,-0.2829309,0,0,1
343,0,-0.2499797,0.4999502,0,-0.001562387,-0.00523329,0.5471567,-0.7735232,0.06686705,0.6302307,1,0.75,0,0,-0.4999522,0.2500148,0,-0.0005558135,0.00038296,0.4255242,-0.8751797,-0.1944327,0.4430082,1,1,0.25,0,-0.4999334,0.4999875,0,0.004027785,0.002571941,0.5602167,-0.7639948,-0.1697138,0.6225024,1,1,0,0,-0.24997,0.2499706,0,0.0009939078,-0.003089012,0.4105384,-0.8895836,0.07691055,0.4502508,1,0.75,0.25,0,5.023196E-05,0.4999372,0,0.001631249,-0.003719331,0.5927256,-0.7412657,0.2928917,0.6039367,1,0.5,0,0,-0.4999525,1.414142E-06,0,-0.0009030107,0.001107386,0.3450345,-0.9585407,-0.2129529,0.1893431,1,1,0.5,0,5.182119E-05,0.2499815,0,0.0004541958,-0.0005863609,0.46261,-0.8414623,0.3324834,0.4259061,1,0.5,0.25,0,0.25,0.5,0,0,0,0.6902101,-0.6805521,0.478907,0.5545239,0,0.25,0,0,-0.250003,-7.176981E-06,0,-0.003535302,-0.001679544,0.3286117,-0.9775387,0.08447509,0.1930854,1,0.75,0.5,0,-0.4999911,-0.2500302,0,-0.002117456,-0.002642722,0.334627,-0.9704934,-0.2156546,-0.1078688,1,1,0.75,0,0.25,0.25,0,0,0,0.5719608,-0.7556247,0.5317358,0.3824767,0,0.25,0.25,0,0.5,0.5,0,0,0,0.8281943,-0.6098505,0.6173795,0.4969153,0,0,0,0,0.5,0.25,0,0,0,0.723356,-0.6621131,0.6702873,0.3351437,0,0,0.25,0,-0.2499366,-0.2500857,0,-0.002054126,-0.001876057,0.3180002,-0.9902198,0.08565211,-0.1101292,1,0.75,0.75,0,-0.4999039,-0.4999911,0,0.00548512,0.002101065,0.3966936,-0.9033186,-0.2006303,-0.3791608,1,1,1,0,-0.2499568,-0.5000506,0,0.002966822,-0.001457334,0.3812721,-0.9191259,0.07947959,-0.3858634,1,0.75,1,0,3.099808E-05,3.892121E-06,0,0.0006084836,-0.002851818,0.3855061,-0.9147311,0.3614103,0.180692,1,0.5,0.5,0,0.25,0,0,0,0,0.5032946,-0.8073401,0.5681282,0.1594746,0,0.25,0.5,0,0.5,0,0,0,0,0.663658,-0.6960808,0.7046744,0.1374974,0,0,0.5,0,-6.073697E-06,-0.2500345,0,0.001462323,-0.003546478,0.3755583,-0.925124,0.3654741,-0.1028309,1,0.5,0.75,0,4.957438E-05,-0.499976,0,0.0008862418,-0.002014638,0.4349414,-0.8663645,0.3423204,-0.3636335,1,0.5,1,0,0.25,-0.25,0,0,0,0.4945351,-0.8144509,0.5731321,-0.09049455,0,0.25,0.75,0,0.5,-0.25,0,0,0,0.6561142,-0.7006228,0.7092724,-0.07784698,0,0,0.75,0,0.25,-0.5,0,0,0,0.5471867,-0.773501,0.5443155,-0.3246794,0,0.25,1,0,0.5,-0.5,0,0,0,0.7017071,-0.6740411,0.6823626,-0.2829309,0,0,1
344,0,-0.250037,0.4999728,0,-0.00286624,0.001128018,0.5471671,-0.7735155,0.06681164,0.6302459,1,0.75,0,0,-0.4999937,0.2499594,0,-0.002075733,-0.002772362,0.4255077,-0.8751953,-0.194481,0.4429562,1,1,0.25,0,-0.5000213,0.4999802,0,-0.004394354,-0.0003620984,0.5602272,-0.7639872,-0.169795,0.6224895,1,1,0,0,-0.2499966,0.2500006,0,-0.001330674,0.001500548,0.4105498,-0.8895724,0.07688035,0.4502781,1,0.75,0.25,0,1.373821E-05,0.5000407,0,-0.001824689,0.005173685,0.5927774,-0.7412306,0.2928444,0.6040028,1,0.5,0,0,-0.499992,-4.505357E-05,0,-0.001971424,-0.002323386,0.3450341,-0.9585412,-0.2129996,0.1892882,1,1,0.5,0,2.214004E-05,0.2499852,0,-0.001484058,0.0001855195,0.4626017,-0.8414695,0.3324554,0.4259136,1,0.5,0.25,0,0.25,0.5,0,0,0,0.6902101,-0.6805521,0.478907,0.5545239,0,0.25,0,0,-0.2500175,-2.042354E-05,0,-0.0007286671,-0.0006623282,0.3286079,-0.9775432,0.08445789,0.1930703,1,0.75,0.5,0,-0.4999934,-0.2500793,0,-0.0001117588,-0.002455712,0.3346328,-0.9704866,-0.2156557,-0.1079269,1,1,0.75,0,0.25,0.25,0,0,0,0.5719608,-0.7556247,0.5317358,0.3824767,0,0.25,0.25,0,0.5,0.5,0,0,0,0.8281943,-0.6098505,0.6173795,0.4969153,0,0,0,0,0.5,0.25,0,0,0,0.723356,-0.6621131,0.6702873,0.3351437,0,0,0.25,0,-0.2499373,-0.2499896,0,-3.799798E-05,0.004804881,0.3179895,-0.9902327,0.0856523,-0.1100131,1,0.75,0.75,0,-0.4999714,-0.5000211,0,-0.003378095,-0.001502038,0.3967185,-0.9032935,-0.2007001,-0.3791838,1,1,1,0,-0.2499894,-0.5000193,0,-0.001630188,0.001567603,0.3812574,-0.9191413,0.07944392,-0.3858342,1,0.75,1,0,-1.312162E-05,6.897292E-05,0,-0.002205986,0.003254041,0.3855019,-0.9147354,0.3613622,0.1807664,1,0.5,0.5,0,0.25,0,0,0,0,0.5032946,-0.8073401,0.5681282,0.1594746,0,0.25,0.5,0,0.5,0,0,0,0,0.663658,-0.6960808,0.7046744,0.1374974,0,0,0.5,0,-5.683854E-05,-0.2499579,0,-0.002538243,0.00383109,0.3755319,-0.9251519,0.3654272,-0.1027465,1,0.5,0.75,0,1.833265E-05,-0.4999602,0,-0.001562087,0.0007897618,0.434925,-0.8663797,0.3422931,-0.363623,1,0.5,1,0,0.25,-0.25,0,0,0,0.4945351,-0.8144509,0.5731321,-0.09049455,0,0.25,0.75,0,0.5,-0.25,0,0,0,0.6561142,-0.7006228,0.7092724,-0.07784698,0,0,0.75,0,0.25,-0.5,0,0,0,0.5471867,-0.773501,0.5443155,-0.3246794,0,0.25,1,0,0.5,-0.5,0,0,0,0.7017071,-0.6740411,0.6823626,-0.2829309,0,0,1
345,0,-0.2499952,0.5000181,0,0.002094359,0.002263487,0.5471984,-0.7734924,0.06684964,0.6302703,1,0.75,0,0,-0.4999791,0.2500388,0,0.0007286671,0.003970416,0.42554,-0.8751647,-0.1944585,0.4430265,1,1,0.25,0,-0.4999716,0.5000364,0,0.002484025,0.00280887,0.5602537,-0.7639681,-0.1697439,0.6225269,1,1,0,0,-0.2499616,0.2499709,0,0.001747907,-0.001486391,0.4105392,-0.8895828,0.07691965,0.4502507,1,0.75,0.25,0,7.740744E-06,0.499954,0,-0.0002998732,-0.00433326,0.5927233,-0.7412673,0.2928534,0.6039534,1,0.5,0,0,-0.4999515,-1.036807E-05,0,0.002023578,0.001734276,0.3450321,-0.9585435,-0.2129523,0.1893296,1,1,0.5,0,4.037997E-05,0.2499536,0,0.0009119972,-0.001581014,0.4625943,-0.841476,0.3324769,0.425884,1,0.5,0.25,0,0.25,0.5,0,0,0,0.6902101,-0.6805521,0.478907,0.5545239,0,0.25,0,0,-0.249926,2.206052E-05,0,0.004577639,0.002124204,0.3286238,-0.9775244,0.08456675,0.1931178,1,0.75,0.5,0,-0.499934,-0.249943,0,0.002965332,0.006817284,0.3346053,-0.9705186,-0.2155918,-0.1077671,1,1,0.75,0,0.25,0.25,0,0,0,0.5719608,-0.7556247,0.5317358,0.3824767,0,0.25,0.25,0,0.5,0.5,0,0,0,0.8281943,-0.6098505,0.6173795,0.4969153,0,0,0,0,0.5,0.25,0,0,0,0.723356,-0.6621131,0.6702873,0.3351437,0,0,0.25,0,-0.249978,-0.2499976,0,-0.002033264,-0.0004023315,0.317987,-0.9902358,0.08560285,-0.1100233,1,0.75,0.75,0,-0.5000294,-0.4999976,0,-0.002896787,0.001174212,0.3967212,-0.9032907,-0.2007641,-0.3791564,1,1,1,0,-0.2500179,-0.5000532,0,-0.001420081,-0.001698733,0.3812683,-0.9191299,0.07941072,-0.385868,1,0.75,1,0,8.210031E-05,-4.058906E-06,0,0.004761098,-0.003651593,0.3855231,-0.9147136,0.361461,0.1806796,1,0.5,0.5,0,0.25,0,0,0,0,0.5032946,-0.8073401,0.5681282,0.1594746,0,0.25,0.5,0,0.5,0,0,0,0,0.663658,-0.6960808,0.7046744,0.1374974,0,0,0.5,0,-2.993923E-05,-0.2500113,0,0.001344966,-0.002671779,0.3755472,-0.9251358,0.3654515,-0.1028058,1,0.5,0.75,0,-5.934732E-05,-0.4999926,0,-0.003884,-0.001616777,0.4349101,-0.8663934,0.3422154,-0.3636634,1,0.5,1,0,0.25,-0.25,0,0,0,0.4945351,-0.8144509,0.5731321,-0.09049455,0,0.25,0.75,0,0.5,-0.25,0,0,0,0.6561142,-0.7006228,0.7092724,-0.07784698,0,0,0.75,0,0.25,-0.5,0,0,0,0.5471867,-0.773501,0.5443155,-0.3246794,0,0.25,1,0,0.5,-0.5,0,0,0,0.7017071,-0.6740411,0.6823626,-0.2829309,0,0,1
346,0,-0.2499813,0.4999996,0,0.0006921592,-0.0009238723,0.5471877,-0.7735003,0.06686354,0.6302592,1,0.75,0,0,-0.4999136,0.2500748,0,0.003276767,0.001800061,0.4255432,-0.8751618,-0.194387,0.4430639,1,1,0.25,0,-0.4999124,0.5001,0,0.002962352,0.003176929,0.5602832,-0.7639468,-0.1696833,0.6225695,1,1,0,0,-0.2500044,0.2500199,0,-0.002138318,0.002449007,0.4105579,-0.8895645,0.07687109,0.4502952,1,0.75,0.25,0,6.618991E-05,0.500006,0,0.002922459,0.002598763,0.5927718,-0.7412344,0.2928939,0.6039742,1,0.5,0,0,-0.5000201,0.0001156864,0,-0.003433229,0.006302726,0.3450706,-0.9584998,-0.2130238,0.1894702,1,1,0.5,0,1.926176E-05,0.2500038,0,-0.001055911,0.002513082,0.4626087,-0.8414634,0.33245,0.4259299,1,0.5,0.25,0,0.25,0.5,0,0,0,0.6902101,-0.6805521,0.478907,0.5545239,0,0.25,0,0,-0.2500098,3.256506E-06,0,-0.004190208,-0.0009402012,0.3286131,-0.977537,0.0844667,0.1930977,1,0.75,0.5,0,-0.5000439,-0.2500027,0,-0.00549406,-0.002984704,0.3346354,-0.9704836,-0.2157157,-0.1078347,1,1,0.75,0,0.25,0.25,0,0,0,0.5719608,-0.7556247,0.5317358,0.3824767,0,0.25,0.25,0,0.5,0.5,0,0,0,0.8281943,-0.6098505,0.6173795,0.4969153,0,0,0,0,0.5,0.25,0,0,0,0.723356,-0.6621131,0.6702873,0.3351437,0,0,0.25,0,-0.250051,-0.2499499,0,-0.003652276,0.002385677,0.3179755,-0.9902498,0.08551475,-0.1099665,1,0.75,0.75,0,-0.4999617,-0.5000501,0,0.003382565,-0.002622605,0.3967276,-0.9032844,-0.2006872,-0.3792122,1,1,1,0,-0.2500081,-0.4999675,0,0.0004872682,0.004285576,0.381236,-0.9191636,0.07942469,-0.3857849,1,0.75,1,0,5.764513E-06,5.375845E-05,0,-0.003816791,0.002890869,0.385506,-0.9147312,0.3613818,0.1807484,1,0.5,0.5,0,0.25,0,0,0,0,0.5032946,-0.8073401,0.5681282,0.1594746,0,0.25,0.5,0,0.5,0,0,0,0,0.663658,-0.6960808,0.7046744,0.1374974,0,0,0.5,0,-3.053923E-05,-0.2500036,0,-2.999997E-05,0.0003859402,0.3755462,-0.9251369,0.3654512,-0.1027971,1,0.5,0.75,0,2.547822E-05,-0.5000043,0,0.004241278,-0.0005856159,0.4349434,-0.8663626,0.3422939,-0.363663,1,0.5,1,0,0.25,-0.25,0,0,0,0.4945351,-0.8144509,0.5731321,-0.09049455,0,0.25,0.75,0,0.5,-0.25,0,0,0,0.6561142,-0.7006228,0.7092724,-0.07784698,0,0,0.75,0,0.25,-0.5,0,0,0,0.5471867,-0.773501,0.5443155,-0.3246794,0,0.25,1,0,0.5,-0.5,0,0,0,0.7017071,-0.6740411,0.6823626,-0.2829309,0,0,1
347,0,-0.2500191,0.5000463,0,-0.001887978,0.002333523,0.5472145,-0.7734805,0.06682577,0.6302875,1,0.75,0,0,-0.4999148,0.2500778,0,-6.25849E-05,0.0001475216,0.4255447,-0.8751603,-0.194388,0.4430664,1,1,0.25,0,-0.4998991,0.5000739,0,0.0006631019,-0.001305342,0.5602647,-0.7639602,-0.1696738,0.6225557,1,1,0,0,-0.2499922,0.250099,0,0.0006109478,0.00395626,0.4105945,-0.8895288,0.07688142,0.450364,1,0.75,0.25,0,1.351724E-05,0.5000623,0,-0.002633634,0.002819301,0.5927905,-0.7412217,0.2928407,0.6040154,1,0.5,0,0,-0.4999785,3.278869E-05,0,0.002083183,-0.004144887,0.345046,-0.9585277,-0.2129807,0.1893776,1,1,0.5,0,1.131772E-05,0.2500055,0,-0.0003972019,8.493666E-05,0.4626067,-0.8414651,0.3324424,0.4259325,1,0.5,0.25,0,0.25,0.5,0,0,0,0.6902101,-0.6805521,0.478907,0.5545239,0,0.25,0,0,-0.2499887,5.774027E-05,0,0.001052768,0.002724189,0.3286254,-0.9775226,0.08449087,0.1931605,1,0.75,0.5,0,-0.4999629,-0.249895,0,0.004050137,0.005382302,0.3346063,-0.9705174,-0.2156261,-0.1077095,1,1,0.75,0,0.25,0.25,0,0,0,0.5719608,-0.7556247,0.5317358,0.3824767,0,0.25,0.25,0,0.5,0.5,0,0,0,0.8281943,-0.6098505,0.6173795,0.4969153,0,0,0,0,0.5,0.25,0,0,0,0.723356,-0.6621131,0.6702873,0.3351437,0,0,0.25,0,-0.2499618,-0.2499585,0,0.004460664,-0.0004298987,0.317984,-0.9902394,0.08562292,-0.1099759,1,0.75,0.75,0,-0.5000677,-0.4998965,0,-0.005295875,0.007680062,0.3966905,-0.9033217,-0.2008136,-0.3790566,1,1,1,0,-0.2500073,-0.4999961,0,4.172327E-05,-0.001430512,0.381247,-0.919152,0.07942463,-0.3858125,1,0.75,1,0,-3.099495E-05,2.932871E-05,0,-0.001837974,-0.001221487,0.3854883,-0.9147495,0.3613475,0.1807244,1,0.5,0.5,0,0.25,0,0,0,0,0.5032946,-0.8073401,0.5681282,0.1594746,0,0.25,0.5,0,0.5,0,0,0,0,0.663658,-0.6960808,0.7046744,0.1374974,0,0,0.5,0,-2.326864E-05,-0.249996,0,0.0003635295,0.0003777446,0.3755481,-0.9251348,0.3654588,-0.1027882,1,0.5,0.75,0,-6.214116E-05,-0.5000208,0,-0.00438097,-0.0008255247,0.4349195,-0.8663848,0.342209,-0.3636899,1,0.5,1,0,0.25,-0.25,0,0,0,0.4945351,-0.8144509,0.5731321,-0.09049455,0,0.25,0.75,0,0.5,-0.25,0,0,0,0.6561142,-0.7006228,0.7092724,-0.07784698,0,0,0.75,0,0.25,-0.5,0,0,0,0.5471867,-0.773501,0.5443155,-0.3246794,0,0.25,1,0,0.5,-0.5,0,0,0,0.7017071,-0.6740411,0.6823626,-0.2829309,0,0,1
348,0,-0.250049,0.5000288,0,-0.001494587,-0.0008732084,0.5472016,-0.77349,0.06679805,0.6302786,1,0.75,0,0,-0.500011,0.2500855,0,-0.004810097,0.0003889205,0.4255669,-0.8751393,-0.1944873,0.4430642,1,1,0.25,0,-0.4999949,0.4999292,0,-0.004792215,-0.007234517,0.5601909,-0.7640134,-0.169776,0.6224626,1,1,0,0,-0.2500102,0.2500459,0,-0.0009000305,-0.002655388,0.4105692,-0.8895535,0.07686379,0.4503182,1,0.75,0.25,0,1.127812E-06,0.4999574,0,-0.0006194717,-0.005248191,0.5927235,-0.7412671,0.2928473,0.6039565,1,0.5,0,0,-0.4999762,3.093216E-05,0,0.000114739,-9.282634E-05,0.3450451,-0.9585287,-0.2129782,0.1893756,1,1,0.5,0,-9.114724E-06,0.249956,0,-0.001021623,-0.002475829,0.4625788,-0.8414895,0.3324308,0.4258934,1,0.5,0.25,0,0.25,0.5,0,0,0,0.6902101,-0.6805521,0.478907,0.5545239,0,0.25,0,0,-0.2499783,9.722626E-06,0,0.0005207958,-0.002400883,0.328617,-0.9775324,0.08450428,0.1931045,1,0.75,0.5,0,-0.5000144,-0.2498513,0,-0.002571941,0.002184511,0.3346127,-0.97051,-0.2156861,-0.1076563,1,1,0.75,0,0.25,0.25,0,0,0,0.5719608,-0.7556247,0.5317358,0.3824767,0,0.25,0.25,0,0.5,0.5,0,0,0,0.8281943,-0.6098505,0.6173795,0.4969153,0,0,0,0,0.5,0.25,0,0,0,0.723356,-0.6621131,0.6702873,0.3351437,0,0,0.25,0,-0.2499645,-0.2499156,0,-0.0001348556,0.002144278,0.3179791,-0.9902453,0.08562014,-0.1099241,1,0.75,0.75,0,-0.4999531,-0.4999073,0,0.005726519,-0.0005424025,0.3966717,-0.9033406,-0.2006901,-0.3790767,1,1,1,0,-0.2500098,-0.4999524,0,-0.0001251698,0.002187491,0.38123,-0.9191698,0.07942332,-0.3857703,1,0.75,1,0,5.662607E-07,2.608605E-05,0,0.001578061,-0.0001621333,0.3854991,-0.9147384,0.3613787,0.1807185,1,0.5,0.5,0,0.25,0,0,0,0,0.5032946,-0.8073401,0.5681282,0.1594746,0,0.25,0.5,0,0.5,0,0,0,0,0.663658,-0.6960808,0.7046744,0.1374974,0,0,0.5,0,-2.942453E-05,-0.2499746,0,-0.0003077946,0.001070649,0.3755436,-0.9251395,0.3654536,-0.1027643,1,0.5,0.75,0,2.565424E-05,-0.4999478,0,0.004389772,0.003650786,0.4349229,-0.8663816,0.3423016,-0.3636105,1,0.5,1,0,0.25,-0.25,0,0,0,0.4945351,-0.8144509,0.5731321,-0.09049455,0,0.25,0.75,0,0.5,-0.25,0,0,0,0.6561142,-0.7006228,0.7092724,-0.07784698,0,0,0.75,0,0.25,-0.5,0,0,0,0.5471867,-0.773501,0.5443155,-0.3246794,0,0.25,1,0,0.5,-0.5,0,0,0,0.7017071,-0.6740411,0.6823626,-0.2829309,0,0,1
349,0,-0.2499971,0.4999764,0,0.002592058,-0.002621115,0.547172,-0.7735119,0.06684945,0.6302464,1,0.75,0,0,-0.5000185,0.2500568,0,-0.0003725292,-0.001436473,0.4255556,-0.87515,-0.1944977,0.4430385,1,1,0.25,0,-0.5000179,0.4999434,0,-0.00115037,0.0007107857,0.5602036,-0.7640042,-0.1697956,0.6224685,1,1,0,0,-0.2500391,0.2499959,0,-0.001445413,-0.002501906,0.4105444,-0.8895777,0.07683413,0.4502755,1,0.75,0.25,0,1.900745E-05,0.4999871,0,0.0008939822,0.001484156,0.5927466,-0.7412515,0.2928575,0.6039708,1,0.5,0,0,-0.500017,4.028723E-05,0,-0.00203997,0.0004677535,0.3450556,-0.9585168,-0.2130238,0.1893843,1,1,0.5,0,-7.240853E-05,0.2500443,0,-0.003164692,0.004417451,0.4625955,-0.841475,0.3323593,0.4259779,1,0.5,0.25,0,0.25,0.5,0,0,0,0.6902101,-0.6805521,0.478907,0.5545239,0,0.25,0,0,-0.249993,-4.502852E-05,0,-0.0007361177,-0.002737558,0.3286052,-0.9775464,0.08448773,0.1930412,1,0.75,0.5,0,-0.5000112,-0.2499809,0,0.0001579524,-0.006479027,0.334626,-0.9704946,-0.2156789,-0.1078099,1,1,0.75,0,0.25,0.25,0,0,0,0.5719608,-0.7556247,0.5317358,0.3824767,0,0.25,0.25,0,0.5,0.5,0,0,0,0.8281943,-0.6098505,0.6173795,0.4969153,0,0,0,0,0.5,0.25,0,0,0,0.723356,-0.6621131,0.6702873,0.3351437,0,0,0.25,0,-0.2500055,-0.2499761,0,-0.00204891,-0.003024192,0.3179823,-0.9902415,0.08556972,-0.1099976,1,0.75,0.75,0,-0.5000395,-0.4999223,0,-0.004316868,-0.0007480386,0.3966947,-0.9033175,-0.2007812,-0.3790836,1,1,1,0,-0.2500007,-0.4999835,0,0.0004515054,-0.001558662,0.3812427,-0.9191566,0.07943243,-0.3858002,1,0.75,1,0,2.402314E-05,2.268813E-05,0,0.001172844,-0.000169896,0.385507,-0.9147302,0.361402,0.1807131,1,0.5,0.5,0,0.25,0,0,0,0,0.5032946,-0.8073401,0.5681282,0.1594746,0,0.25,0.5,0,0.5,0,0,0,0,0.663658,-0.6960808,0.7046744,0.1374974,0,0,0.5,0,-3.60717E-05,-0.2500044,0,-0.0003323587,-0.001491607,0.3755443,-0.9251388,0.3654458,-0.1027983,1,0.5,0.75,0,2.586123E-05,-0.4999231,0,1.034933E-05,0.001232326,0.4349141,-0.8663898,0.3423051,-0.3635876,1,0.5,1,0,0.25,-0.25,0,0,0,0.4945351,-0.8144509,0.5731321,-0.09049455,0,0.25,0.75,0,0.5,-0.25,0,0,0,0.6561142,-0.7006228,0.7092724,-0.07784698,0,0,0.75,0,0.25,-0.5,0,0,0,0.5471867,-0.773501,0.5443155,-0.3246794,0,0.25,1,0,0.5,-0.5,0,0,0,0.7017071,-0.6740411,0.6823626,-0.2829309,0,0,1
350,0,-0.2499887,0.4999935,0,0.000420958,0.0008568171,0.5471834,-0.7735035,0.06685676,0.6302559,1,0.75,0,0,-0.4999646,0.250008,0,0.002694131,-0.002437831,0.4255236,-0.8751803,-0.1944463,0.4430012,1,1,0.25,0,-0.4999336,0.4999908,0,0.004218521,0.002372266,0.5602188,-0.7639933,-0.1697136,0.6225043,1,1,0,0,-0.2499955,0.2499674,0,0.002181531,-0.001422316,0.410535,-0.8895869,0.07688285,0.450249,1,0.75,0.25,0,3.62117E-05,0.4999678,0,0.0008602126,-0.0009611253,0.5927401,-0.7412559,0.292875,0.6039568,1,0.5,0,0,-0.4999854,-2.373341E-06,0,0.001579524,-0.002133029,0.3450408,-0.9585336,-0.2129902,0.1893372,1,1,0.5,0,4.082443E-05,0.2499341,0,0.005661651,-0.005514177,0.4625861,-0.8414832,0.3324802,0.4258674,1,0.5,0.25,0,0.25,0.5,0,0,0,0.6902101,-0.6805521,0.478907,0.5545239,0,0.25,0,0,-0.2500163,-2.468998E-05,0,-0.001165271,0.001016927,0.3286071,-0.9775441,0.0844594,0.1930653,1,0.75,0.5,0,-0.4999712,-0.2500637,0,0.001999737,-0.004141035,0.3346263,-0.9704942,-0.2156309,-0.1079091,1,1,0.75,0,0.25,0.25,0,0,0,0.5719608,-0.7556247,0.5317358,0.3824767,0,0.25,0.25,0,0.5,0.5,0,0,0,0.8281943,-0.6098505,0.6173795,0.4969153,0,0,0,0,0.5,0.25,0,0,0,0.723356,-0.6621131,0.6702873,0.3351437,0,0,0.25,0,-0.2499606,-0.2499552,0,0.002246351,0.001044572,0.3179838,-0.9902397,0.08562448,-0.1099719,1,0.75,0.75,0,-0.5000189,-0.5000314,0,0.00102818,-0.005453827,0.3967319,-0.90328,-0.20075,-0.3791895,1,1,1,0,-0.2499928,-0.5000031,0,0.000395626,-0.0009775165,0.3812509,-0.919148,0.07944067,-0.3858187,1,0.75,1,0,4.571217E-06,4.712135E-05,0,-0.0009725963,0.001221661,0.3855044,-0.9147329,0.3613811,0.1807412,1,0.5,0.5,0,0.25,0,0,0,0,0.5032946,-0.8073401,0.5681282,0.1594746,0,0.25,0.5,0,0.5,0,0,0,0,0.663658,-0.6960808,0.7046744,0.1374974,0,0,0.5,0,-1.3924E-05,-0.2499833,0,0.001107385,0.001056493,0.3755502,-0.9251326,0.3654686,-0.1027735,1,0.5,0.75,0,2.131154E-05,-0.4999903,0,-0.0002274843,-0.003357233,0.4349369,-0.8663686,0.3422919,-0.3636505,1,0.5,1,0,0.25,-0.25,0,0,0,0.4945351,-0.8144509,0.5731321,-0.09049455,0,0.25,0.75,0,0.5,-0.25,0,0,0,0.6561142,-0.7006228,0.7092724,-0.07784698,0,0,0.75,0,0.25,-0.5,0,0,0,0.5471867,-0.773501,0.5443155,-0.3246794,0,0.25,1,0,0.5,-0.5,0,0,0,0.7017071,-0.6740411,0.6823626,-0.2829309,0,0,1
351,0,-0.2500328,0.4999543,0,-0.002202393,-0.001958013,0.5471557,-0.7735239,0.06681646,0.6302351,1,0.75,0,0,-0.4999575,0.2499988,0,0.0003561379,-0.0004611911,0.4255181,-0.8751855,-0.1944397,0.4429938,1,1,0.25,0,-0.5000172,0.4999493,0,-0.004179778,-0.002075733,0.5602071,-0.7640017,-0.1697944,0.622472,1,1,0,0,-0.250034,0.2500307,0,-0.001928211,0.003162773,0.4105605,-0.889562,0.07683834,0.4503058,1,0.75,0.25,0,1.025988E-05,0.499992,0,-0.001297591,0.001205504,0.592747,-0.7412512,0.2928494,0.6039751,1,0.5,0,0,-0.4999572,-4.87649E-05,0,0.00140816,-0.002319579,0.345026,-0.9585504,-0.2129606,0.1892856,1,1,0.5,0,-1.37498E-05,0.2499721,0,-0.002728713,0.001901389,0.4625842,-0.8414848,0.3324242,0.4259078,1,0.5,0.25,0,0.25,0.5,0,0,0,0.6902101,-0.6805521,0.478907,0.5545239,0,0.25,0,0,-0.2499578,-2.453809E-05,0,0.002927334,7.594375E-06,0.3286121,-0.9775382,0.08452954,0.1930643,1,0.75,0.5,0,-0.5000117,-0.2500131,0,-0.002026559,0.002533198,0.3346296,-0.9704904,-0.2156786,-0.1078479,1,1,0.75,0,0.25,0.25,0,0,0,0.5719608,-0.7556247,0.5317358,0.3824767,0,0.25,0.25,0,0.5,0.5,0,0,0,0.8281943,-0.6098505,0.6173795,0.4969153,0,0,0,0,0.5,0.25,0,0,0,0.723356,-0.6621131,0.6702873,0.3351437,0,0,0.25,0,-0.2499591,-0.2500297,0,7.15256E-05,-0.003724547,0.3179921,-0.9902296,0.08562536,-0.1100618,1,0.75,0.75,0,-0.4999883,-0.5000257,0,0.00152886,0.0002831222,0.3967236,-0.9032884,-0.2007177,-0.3791867,1,1,1,0,-0.2499979,-0.5000718,0,-0.0002548099,-0.003433229,0.381277,-0.9191208,0.07943253,-0.3858852,1,0.75,1,0,1.60747E-05,7.686263E-06,0,0.0005751745,-0.001971755,0.3855014,-0.914736,0.3613953,0.1806973,1,0.5,0.5,0,0.25,0,0,0,0,0.5032946,-0.8073401,0.5681282,0.1594746,0,0.25,0.5,0,0.5,0,0,0,0,0.663658,-0.6960808,0.7046744,0.1374974,0,0,0.5,0,-4.893398E-05,-0.2500193,0,-0.0017505,-0.001797081,0.375541,-0.9251422,0.3654324,-0.1028156,1,0.5,0.75,0,-3.164645E-05,-0.4999329,0,-0.002647901,0.002866985,0.434898,-0.8664047,0.3422495,-0.3636043,1,0.5,1,0,0.25,-0.25,0,0,0,0.4945351,-0.8144509,0.5731321,-0.09049455,0,0.25,0.75,0,0.5,-0.25,0,0,0,0.6561142,-0.7006228,0.7092724,-0.07784698,0,0,0.75,0,0.25,-0.5,0,0,0,0.5471867,-0.773501,0.5443155,-0.3246794,0,0.25,1,0,0.5,-0.5,0,0,0,0.7017071,-0.6740411,0.6823626,-0.2829309,0,0,1
352,0,-0.2500493,0.4999634,0,-0.0008270148,0.0004544856,0.5471604,-0.7735205,0.06680037,0.630241,1,0.75,0,0,-0.5000113,0.2499822,0,-0.002692641,-0.00082925,0.4255212,-0.8751826,-0.1944973,0.4429744,1,1,0.25,0,-0.5000187,0.4999052,0,-7.748607E-05,-0.002206863,0.5601799,-0.7640212,-0.1698002,0.6224464,1,1,0,0,-0.2500758,0.2499797,0,-0.002087654,-0.002548845,0.4105343,-0.8895876,0.07679469,0.4502628,1,0.75,0.25,0,-2.137519E-05,0.4999729,0,-0.001581754,-0.0009551648,0.5927261,-0.7412654,0.292826,0.6039692,1,0.5,0,0,-0.5000081,-3.015614E-05,0,-0.002543629,0.0009304382,0.3450404,-0.9585341,-0.2130172,0.1893044,1,1,0.5,0,-2.548569E-05,0.249924,0,-0.0005867945,-0.002402813,0.4625598,-0.8415061,0.3324204,0.4258686,1,0.5,0.25,0,0.25,0.5,0,0,0,0.6902101,-0.6805521,0.478907,0.5545239,0,0.25,0,0,-0.2500319,-2.928167E-05,0,-0.003708155,-0.0002371789,0.3286049,-0.9775467,0.08444078,0.1930603,1,0.75,0.5,0,-0.4999458,-0.2500055,0,0.003294648,0.0003769995,0.3346146,-0.9705079,-0.2156035,-0.1078409,1,1,0.75,0,0.25,0.25,0,0,0,0.5719608,-0.7556247,0.5317358,0.3824767,0,0.25,0.25,0,0.5,0.5,0,0,0,0.8281943,-0.6098505,0.6173795,0.4969153,0,0,0,0,0.5,0.25,0,0,0,0.723356,-0.6621131,0.6702873,0.3351437,0,0,0.25,0,-0.2499902,-0.2500318,0,-0.001552702,-0.0001057983,0.3179896,-0.9902326,0.08558765,-0.1100648,1,0.75,0.75,0,-0.5000035,-0.5000527,0,-0.0007569793,-0.001350046,0.3967369,-0.903275,-0.2007316,-0.3792112,1,1,1,0,-0.2500571,-0.4999897,0,-0.002957137,0.004103781,0.3812406,-0.9191588,0.0793687,-0.385808,1,0.75,1,0,-1.595829E-05,3.780693E-06,0,-0.00160165,-0.0001952786,0.3854891,-0.9147487,0.3613642,0.1806954,1,0.5,0.5,0,0.25,0,0,0,0,0.5032946,-0.8073401,0.5681282,0.1594746,0,0.25,0.5,0,0.5,0,0,0,0,0.663658,-0.6960808,0.7046744,0.1374974,0,0,0.5,0,-1.386969E-05,-0.2500095,0,0.001753216,0.0004872682,0.3755529,-0.9251297,0.3654675,-0.1028031,1,0.5,0.75,0,-5.519476E-06,-0.4999572,0,0.001306349,-0.001212955,0.4349157,-0.8663883,0.3422709,-0.3636234,1,0.5,1,0,0.25,-0.25,0,0,0,0.4945351,-0.8144509,0.5731321,-0.09049455,0,0.25,0.75,0,0.5,-0.25,0,0,0,0.6561142,-0.7006228,0.7092724,-0.07784698,0,0,0.75,0,0.25,-0.5,0,0,0,0.5471867,-0.773501,0.5443155,-0.3246794,0,0.25,1,0,0.5,-0.5,0,0,0,0.7017071,-0.6740411,0.6823626,-0.2829309,0,0,1
353,0,-0.2499891,0.4999524,0,0.003009291,-0.0005528333,0.5471574,-0.7735227,0.06685803,0.6302323,1,0.75,0,0,-0.5000271,0.2499405,0,-0.0007867816,-0.002087654,0.4255058,-0.8751972,-0.1945175,0.4429367,1,1,0.25,0,-0.4999441,0.4999554,0,0.003729762,0.002509356,0.5601985,-0.7640079,-0.1697268,0.6224828,1,1,0,0,-0.2500212,0.2499952,0,0.002729894,0.0007778409,0.4105455,-0.8895766,0.07685371,0.4502743,1,0.75,0.25,0,3.343013E-05,0.5000329,0,0.002740267,0.003002585,0.5927784,-0.7412298,0.2928621,0.6039951,1,0.5,0,0,-0.5000409,-4.716334E-05,0,-0.001639128,-0.0008503601,0.3450441,-0.9585298,-0.213055,0.1892834,1,1,0.5,0,-1.972842E-05,0.2499839,0,0.0002878638,0.002992899,0.4625872,-0.8414822,0.3324169,0.4259187,1,0.5,0.25,0,0.25,0.5,0,0,0,0.6902101,-0.6805521,0.478907,0.5545239,0,0.25,0,0,-0.2500446,-3.375867E-05,0,-0.0006303194,-0.0002238503,0.328603,-0.977549,0.08442575,0.1930553,1,0.75,0.5,0,-0.4999881,-0.2499904,0,-0.002112986,0.0007577243,0.3346221,-0.9704991,-0.2156522,-0.1078217,1,1,0.75,0,0.25,0.25,0,0,0,0.5719608,-0.7556247,0.5317358,0.3824767,0,0.25,0.25,0,0.5,0.5,0,0,0,0.8281943,-0.6098505,0.6173795,0.4969153,0,0,0,0,0.5,0.25,0,0,0,0.723356,-0.6621131,0.6702873,0.3351437,0,0,0.25,0,-0.2499568,-0.2500395,0,0.001671166,-0.0003814699,0.3179934,-0.9902281,0.08562812,-0.1100736,1,0.75,0.75,0,-0.4999237,-0.5000335,0,0.003986062,0.0009596352,0.3967136,-0.9032984,-0.200648,-0.3791997,1,1,1,0,-0.249986,-0.4999912,0,0.003553928,-7.748607E-05,0.3812469,-0.9191522,0.0794488,-0.385807,1,0.75,1,0,-6.154985E-05,2.261589E-05,0,-0.002279579,0.00094176,0.3854761,-0.9147622,0.361318,0.1807193,1,0.5,0.5,0,0.25,0,0,0,0,0.5032946,-0.8073401,0.5681282,0.1594746,0,0.25,0.5,0,0.5,0,0,0,0,0.663658,-0.6960808,0.7046744,0.1374974,0,0,0.5,0,-1.781828E-05,-0.25003,0,-0.00019743,-0.0010252,0.3755535,-0.9251291,0.3654627,-0.1028264,1,0.5,0.75,0,6.519245E-05,-0.5000296,0,0.003535598,-0.003618003,0.4349662,-0.8663415,0.3423281,-0.3636811,1,0.5,1,0,0.25,-0.25,0,0,0,0.4945351,-0.8144509,0.5731321,-0.09049455,0,0.25,0.75,0,0.5,-0.25,0,0,0,0.6561142,-0.7006228,0.7092724,-0.07784698,0,0,0.75,0,0.25,-0.5,0,0,0,0.5471867,-0.773501,0.5443155,-0.3246794,0,0.25,1,0,0.5,-0.5,0,0,0,0.7017071,-0.6740411,0.6823626,-0.2829309,0,0,1
354,0,-0.2500183,0.4999641,0,-0.001461059,0.000587106,0.5471629,-0.7735186,0.06682978,0.6302401,1,0.75,0,0,-0.4998826,0.2499652,0,0.007224086,0.001237542,0.4254887,-0.8752133,-0.194365,0.4429716,1,1,0.25,0,-0.4999391,0.4999093,0,0.0002518297,-0.00230372,0.560169,-0.7640291,-0.1697268,0.6224567,1,1,0,0,-0.250007,0.2499807,0,0.0007092956,-0.0007294121,0.41054,-0.889582,0.07686976,0.450261,1,0.75,0.25,0,4.199437E-05,0.499937,0,0.0004282119,-0.004795196,0.5927231,-0.7412674,0.2928848,0.603938,1,0.5,0,0,-0.5000214,-8.332363E-05,0,0.0009745363,-0.001808015,0.3450332,-0.9585423,-0.2130347,0.1892431,1,1,0.5,0,4.675217E-05,0.2499752,0,0.003324031,-0.000434369,0.4626057,-0.8414661,0.3324796,0.4259015,1,0.5,0.25,0,0.25,0.5,0,0,0,0.6902101,-0.6805521,0.478907,0.5545239,0,0.25,0,0,-0.2500349,4.997797E-06,0,0.0004842879,0.001937824,0.3286113,-0.9775392,0.0844366,0.1931002,1,0.75,0.5,0,-0.499987,-0.2500614,0,5.513432E-05,-0.003550203,0.3346295,-0.9704905,-0.215649,-0.1079058,1,1,0.75,0,0.25,0.25,0,0,0,0.5719608,-0.7556247,0.5317358,0.3824767,0,0.25,0.25,0,0.5,0.5,0,0,0,0.8281943,-0.6098505,0.6173795,0.4969153,0,0,0,0,0.5,0.25,0,0,0,0.723356,-0.6621131,0.6702873,0.3351437,0,0,0.25,0,-0.2500136,-0.2500203,0,-0.002843143,0.0009596352,0.3179864,-0.9902366,0.08555934,-0.1100511,1,0.75,0.75,0,-0.499994,-0.500029,0,-0.003513695,0.0002264977,0.396726,-0.9032859,-0.2007235,-0.3791894,1,1,1,0,-0.2499738,-0.4999899,0,0.0006109478,6.854537E-05,0.3812473,-0.9191518,0.07946262,-0.3858053,1,0.75,1,0,1.718555E-05,-1.475713E-05,0,0.003936771,-0.001868652,0.3854977,-0.9147398,0.3613981,0.1806727,1,0.5,0.5,0,0.25,0,0,0,0,0.5032946,-0.8073401,0.5681282,0.1594746,0,0.25,0.5,0,0.5,0,0,0,0,0.663658,-0.6960808,0.7046744,0.1374974,0,0,0.5,0,-3.839756E-05,-0.2500604,0,-0.001028964,-0.001518429,0.3755491,-0.9251337,0.3654411,-0.1028616,1,0.5,0.75,0,8.605797E-05,-0.4999845,0,0.001043276,0.002251566,0.434957,-0.8663501,0.3423538,-0.3636366,1,0.5,1,0,0.25,-0.25,0,0,0,0.4945351,-0.8144509,0.5731321,-0.09049455,0,0.25,0.75,0,0.5,-0.25,0,0,0,0.6561142,-0.7006228,0.7092724,-0.07784698,0,0,0.75,0,0.25,-0.5,0,0,0,0.5471867,-0.773501,0.5443155,-0.3246794,0,0.25,1,0,0.5,-0.5,0,0,0,0.7017071,-0.6740411,0.6823626,-0.2829309,0,0,1
355,0,-0.2499816,0.4999417,0,0.001838804,-0.001119078,0.5471512,-0.7735273,0.06686565,0.6302258,1,0.75,0,0,-0.4999625,0.250008,0,-0.003997983,0.002137573,0.4255232,-0.8751807,-0.1944441,0.4430013,1,1,0.25,0,-0.4999442,0.4999827,0,-0.0002563001,0.003668667,0.5602156,-0.7639955,-0.1697242,0.6224986,1,1,0,0,-0.2500147,0.2499821,0,-0.0003859402,7.078054E-05,0.4105401,-0.8895819,0.07686127,0.4502625,1,0.75,0.25,0,5.657775E-05,0.4999835,0,0.0007291693,0.002326072,0.5927554,-0.7412454,0.2928895,0.6039627,1,0.5,0,0,-0.5000538,6.49914E-06,0,-0.001618267,0.004491141,0.3450571,-0.9585152,-0.213067,0.189344,1,1,0.5,0,3.952913E-05,0.2499251,0,-0.0003611523,-0.002507121,0.4625819,-0.8414869,0.3324803,0.4258599,1,0.5,0.25,0,0.25,0.5,0,0,0,0.6902101,-0.6805521,0.478907,0.5545239,0,0.25,0,0,-0.2500283,-2.980165E-05,0,0.0003263355,-0.001739973,0.3286052,-0.9775464,0.0844451,0.1930596,1,0.75,0.5,0,-0.5000253,-0.2500205,0,-0.00191331,0.00204593,0.3346334,-0.970486,-0.2156938,-0.1078563,1,1,0.75,0,0.25,0.25,0,0,0,0.5719608,-0.7556247,0.5317358,0.3824767,0,0.25,0.25,0,0.5,0.5,0,0,0,0.8281943,-0.6098505,0.6173795,0.4969153,0,0,0,0,0.5,0.25,0,0,0,0.723356,-0.6621131,0.6702873,0.3351437,0,0,0.25,0,-0.2500164,-0.2499796,0,-0.0001370907,0.002034754,0.3179817,-0.9902422,0.08555648,-0.1100019,1,0.75,0.75,0,-0.4999321,-0.5000319,0,0.003096462,-0.0001490117,0.3967147,-0.9032973,-0.200657,-0.3791974,1,1,1,0,-0.2499722,-0.5000036,0,7.823113E-05,-0.0006854537,0.3812527,-0.9191461,0.07946391,-0.3858185,1,0.75,1,0,-4.419363E-06,4.459846E-05,0,-0.001080246,0.002967781,0.3855007,-0.9147367,0.3613725,0.1807391,1,0.5,0.5,0,0.25,0,0,0,0,0.5032946,-0.8073401,0.5681282,0.1594746,0,0.25,0.5,0,0.5,0,0,0,0,0.663658,-0.6960808,0.7046744,0.1374974,0,0,0.5,0,-5.02801E-05,-0.2500138,0,-0.0005941271,0.002327562,0.37554,-0.9251433,0.3654313,-0.1028095,1,0.5,0.75,0,3.711882E-05,-0.4999752,0,-0.002446958,0.0004678966,0.4349368,-0.8663687,0.3423088,-0.3636344,1,0.5,1,0,0.25,-0.25,0,0,0,0.4945351,-0.8144509,0.5731321,-0.09049455,0,0.25,0.75,0,0.5,-0.25,0,0,0,0.6561142,-0.7006228,0.7092724,-0.07784698,0,0,0.75,0,0.25,-0.5,0,0,0,0.5471867,-0.773501,0.5443155,-0.3246794,0,0.25,1,0,0.5,-0.5,0,0,0,0.7017071,-0.6740411,0.6823626,-0.2829309,0,0,1
356,0,-0.2500136,0.499946,0,-0.001600385,0.0002145768,0.5471518,-0.7735268,0.06683504,0.6302296,1,0.75,0,0,-0.5000227,0.2499874,0,-0.003008546,-0.001029671,0.4255257,-0.8751783,-0.1945086,0.4429778,1,1,0.25,0,-0.4999571,0.4999595,0,-0.0006452205,-0.001159311,0.5602033,-0.7640044,-0.1697383,0.6224838,1,1,0,0,-0.2500144,0.2500625,0,1.490117E-05,0.00402108,0.4105763,-0.8895465,0.07685854,0.4503329,1,0.75,0.25,0,3.772141E-06,0.4999563,0,-0.002640281,-0.001360477,0.5927236,-0.741267,0.2928497,0.6039554,1,0.5,0,0,-0.5000099,-1.307803E-05,0,0.002193452,-0.000978859,0.345044,-0.9585299,-0.2130184,0.1893238,1,1,0.5,0,-3.303271E-05,0.2500142,0,-0.003628093,0.004456194,0.4625957,-0.8414748,0.3324002,0.4259464,1,0.5,0.25,0,0.25,0.5,0,0,0,0.6902101,-0.6805521,0.478907,0.5545239,0,0.25,0,0,-0.2500451,3.881469E-06,0,-0.0008389357,0.001684156,0.3286102,-0.9775404,0.08442434,0.1930991,1,0.75,0.5,0,-0.4999769,-0.2499973,0,0.00241995,0.001160056,0.3346204,-0.9705011,-0.2156392,-0.1078302,1,1,0.75,0,0.25,0.25,0,0,0,0.5719608,-0.7556247,0.5317358,0.3824767,0,0.25,0.25,0,0.5,0.5,0,0,0,0.8281943,-0.6098505,0.6173795,0.4969153,0,0,0,0,0.5,0.25,0,0,0,0.723356,-0.6621131,0.6702873,0.3351437,0,0,0.25,0,-0.250001,-0.2499355,0,0.0007703903,0.002203138,0.3179781,-0.9902465,0.08557568,-0.1099486,1,0.75,0.75,0,-0.4999377,-0.5000283,0,-0.0002786518,0.0001817942,0.3967144,-0.9032976,-0.2006633,-0.3791935,1,1,1,0,-0.249974,-0.4998926,0,-9.015206E-05,0.005547705,0.3812097,-0.9191909,0.07946574,-0.3857114,1,0.75,1,0,3.327523E-06,1.427473E-05,0,0.0003873445,-0.001516187,0.385498,-0.9147395,0.3613823,0.1807054,1,0.5,0.5,0,0.25,0,0,0,0,0.5032946,-0.8073401,0.5681282,0.1594746,0,0.25,0.5,0,0.5,0,0,0,0,0.663658,-0.6960808,0.7046744,0.1374974,0,0,0.5,0,-3.540534E-05,-0.2500157,0,0.0007437381,-9.387735E-05,0.3755456,-0.9251374,0.3654459,-0.102811,1,0.5,0.75,0,3.168166E-05,-0.5000017,0,-0.0002718583,-0.001324714,0.4349446,-0.8663614,0.3423001,-0.3636597,1,0.5,1,0,0.25,-0.25,0,0,0,0.4945351,-0.8144509,0.5731321,-0.09049455,0,0.25,0.75,0,0.5,-0.25,0,0,0,0.6561142,-0.7006228,0.7092724,-0.07784698,0,0,0.75,0,0.25,-0.5,0,0,0,0.5471867,-0.773501,0.5443155,-0.3246794,0,0.25,1,0,0.5,-0.5,0,0,0,0.7017071,-0.6740411,0.6823626,-0.2829309,0,0,1
357,0,-0.2500144,0.4999805,0,-4.023315E-05,0.001724065,0.5471735,-0.7735108,0.06683289,0.6302494,1,0.75,0,0,-0.4999101,0.250015,0,0.005631151,0.001381338,0.4255161,-0.8751874,-0.1943889,0.4430123,1,1,0.25,0,-0.49996,0.5000355,0,-0.0001430512,0.003799798,0.5602511,-0.76397,-0.1697334,0.6225275,1,1,0,0,-0.2500228,0.2500884,0,-0.0004187228,0.001294911,0.4105873,-0.8895358,0.07684842,0.4503559,1,0.75,0.25,0,3.464982E-05,0.5000132,0,0.001543885,0.002843143,0.592767,-0.7412376,0.2928663,0.6039835,1,0.5,0,0,-0.499989,-1.764185E-05,0,0.001044572,-0.0002281909,0.3450387,-0.958536,-0.212995,0.1893196,1,1,0.5,0,3.567606E-06,0.2500319,0,0.001830016,0.0008836392,0.4626154,-0.8414575,0.3324314,0.425956,1,0.5,0.25,0,0.25,0.5,0,0,0,0.6902101,-0.6805521,0.478907,0.5545239,0,0.25,0,0,-0.2499912,3.735683E-05,0,0.002696366,0.001673769,0.3286213,-0.9775274,0.0844883,0.1931369,1,0.75,0.5,0,-0.4999644,-0.2499311,0,0.0006228688,0.003309549,0.3346106,-0.9705125,-0.2156268,-0.1077522,1,1,0.75,0,0.25,0.25,0,0,0,0.5719608,-0.7556247,0.5317358,0.3824767,0,0.25,0.25,0,0.5,0.5,0,0,0,0.8281943,-0.6098505,0.6173795,0.4969153,0,0,0,0,0.5,0.25,0,0,0,0.723356,-0.6621131,0.6702873,0.3351437,0,0,0.25,0,-0.2499184,-0.2499568,0,0.004129859,-0.001065433,0.3179876,-0.9902351,0.08567567,-0.1099733,1,0.75,0.75,0,-0.500003,-0.4999497,0,-0.003269316,0.003932418,0.3966978,-0.9033144,-0.2007399,-0.3791129,1,1,1,0,-0.2499991,-0.4999518,0,-0.001253933,-0.002960862,0.3812306,-0.9191692,0.07943539,-0.3857695,1,0.75,1,0,5.252785E-05,9.250462E-06,0,0.002460017,-0.0002512137,0.3855149,-0.9147221,0.361431,0.1806963,1,0.5,0.5,0,0.25,0,0,0,0,0.5032946,-0.8073401,0.5681282,0.1594746,0,0.25,0.5,0,0.5,0,0,0,0,0.663658,-0.6960808,0.7046744,0.1374974,0,0,0.5,0,-4.467288E-05,-0.249954,0,-0.0004633774,0.003085287,0.3755359,-0.9251477,0.3654394,-0.1027417,1,0.5,0.75,0,4.593932E-05,-0.4999798,0,0.0007128831,0.001093746,0.4349415,-0.8663644,0.3423165,-0.3636375,1,0.5,1,0,0.25,-0.25,0,0,0,0.4945351,-0.8144509,0.5731321,-0.09049455,0,0.25,0.75,0,0.5,-0.25,0,0,0,0.6561142,-0.7006228,0.7092724,-0.07784698,0,0,0.75,0,0.25,-0.5,0,0,0,0.5471867,-0.773501,0.5443155,-0.3246794,0,0.25,1,0,0.5,-0.5,0,0,0,0.7017071,-0.6740411,0.6823626,-0.2829309,0,0,1
358,0,-0.2499628,0.5000411,0,0.002580137,0.003027917,0.5472151,-0.7734801,0.06687951,0.6302822,1,0.75,0,0,-0.4999394,0.2501124,0,-0.001463295,0.004868211,0.4255649,-0.8751413,-0.1944103,0.4430941,1,1,0.25,0,-0.4999098,0.500045,0,0.002509356,0.0004768373,0.5602485,-0.7639719,-0.1696864,0.622538,1,1,0,0,-0.2499888,0.2500291,0,0.001700968,-0.002962352,0.4105633,-0.8895593,0.07688781,0.4503027,1,0.75,0.25,0,3.965797E-05,0.5000166,0,0.0002504075,0.0001698733,0.5927705,-0.7412353,0.29287,0.6039846,1,0.5,0,0,-0.4999911,6.386814E-05,0,-0.0001028181,0.004075501,0.3450546,-0.958518,-0.2129934,0.1894125,1,1,0.5,0,3.369577E-05,0.2500417,0,0.001506409,0.0004902484,0.4626296,-0.8414451,0.3324578,0.4259599,1,0.5,0.25,0,0.25,0.5,0,0,0,0.6902101,-0.6805521,0.478907,0.5545239,0,0.25,0,0,-0.2500775,8.317466E-05,0,-0.004316123,0.002290893,0.3286228,-0.9775256,0.08438396,0.1931919,1,0.75,0.5,0,-0.4999806,-0.2499263,0,-0.0008106235,0.0002376736,0.3346136,-0.9705091,-0.2156455,-0.1077461,1,1,0.75,0,0.25,0.25,0,0,0,0.5719608,-0.7556247,0.5317358,0.3824767,0,0.25,0.25,0,0.5,0.5,0,0,0,0.8281943,-0.6098505,0.6173795,0.4969153,0,0,0,0,0.5,0.25,0,0,0,0.723356,-0.6621131,0.6702873,0.3351437,0,0,0.25,0,-0.2499459,-0.249957,0,-0.001375378,-7.450583E-06,0.3179852,-0.990238,0.08564229,-0.1099738,1,0.75,0.75,0,-0.4999918,-0.4999653,0,0.0005602839,-0.0007823113,0.3967015,-0.9033107,-0.2007266,-0.3791288,1,1,1,0,-0.2499914,-0.4999223,0,0.0003822149,0.001478196,0.3812198,-0.9191805,0.07944504,-0.3857406,1,0.75,1,0,-2.824926E-05,-2.388167E-05,0,-0.004038857,-0.001656607,0.3854797,-0.9147584,0.3613541,0.180666,1,0.5,0.5,0,0.25,0,0,0,0,0.5032946,-0.8073401,0.5681282,0.1594746,0,0.25,0.5,0,0.5,0,0,0,0,0.663658,-0.6960808,0.7046744,0.1374974,0,0,0.5,0,-2.722194E-05,-0.2499815,0,0.0008725474,-0.001373888,0.3755451,-0.9251379,0.3654555,-0.102772,1,0.5,0.75,0,3.942608E-05,-0.5000398,0,-0.0003256618,-0.002998115,0.4349611,-0.8663462,0.3423024,-0.363694,1,0.5,1,0,0.25,-0.25,0,0,0,0.4945351,-0.8144509,0.5731321,-0.09049455,0,0.25,0.75,0,0.5,-0.25,0,0,0,0.6561142,-0.7006228,0.7092724,-0.07784698,0,0,0.75,0,0.25,-0.5,0,0,0,0.5471867,-0.773501,0.5443155,-0.3246794,0,0.25,1,0,0.5,-0.5,0,0,0,0.7017071,-0.6740411,0.6823626,-0.2829309,0,0,1
359,0,-0.2499473,0.5000409,0,0.0007748607,-8.9407E-06,0.5472159,-0.7734795,0.06689426,0.6302815,1,0.75,0,0,-0.4999343,0.2500328,0,0.0002533198,-0.003977121,0.4255286,-0.8751755,-0.1944125,0.4430256,1,1,0.25,0,-0.499893,0.5001049,0,0.0008389357,0.002995135,0.5602829,-0.763947,-0.1696651,0.6225743,1,1,0,0,-0.2499848,0.2500521,0,0.0001989306,0.00114888,0.4105739,-0.8895489,0.07689128,0.4503227,1,0.75,0.25,0,6.667112E-05,0.5000461,0,0.001350658,0.001478196,0.5927962,-0.7412178,0.2928878,0.6039974,1,0.5,0,0,-0.4999081,2.304316E-05,0,0.004149975,-0.00204125,0.3450292,-0.9585468,-0.2129016,0.1893698,1,1,0.5,0,6.986972E-05,0.2500155,0,0.001808698,-0.001306832,0.4626305,-0.8414444,0.332495,0.4259324,1,0.5,0.25,0,0.25,0.5,0,0,0,0.6902101,-0.6805521,0.478907,0.5545239,0,0.25,0,0,-0.2499471,0.0001104521,0,0.006518516,0.001363872,0.3286391,-0.9775064,0.08453964,0.193221,1,0.75,0.5,0,-0.4999176,-0.2499524,0,0.003153087,-0.001304597,0.3346028,-0.9705216,-0.2155727,-0.1077787,1,1,0.75,0,0.25,0.25,0,0,0,0.5719608,-0.7556247,0.5317358,0.3824767,0,0.25,0.25,0,0.5,0.5,0,0,0,0.8281943,-0.6098505,0.6173795,0.4969153,0,0,0,0,0.5,0.25,0,0,0,0.723356,-0.6621131,0.6702873,0.3351437,0,0,0.25,0,-0.2499484,-0.2499435,0,-0.000127405,0.000675768,0.3179835,-0.99024,0.08563936,-0.1099575,1,0.75,0.75,0,-0.4999346,-0.4999835,0,0.002859534,-0.0009089712,0.3966969,-0.9033153,-0.2006638,-0.379151,1,1,1,0,-0.2499566,-0.4999768,0,0.001740456,-0.002726914,0.3812436,-0.9191555,0.07948239,-0.3857921,1,0.75,1,0,6.393366E-05,-1.376018E-05,0,0.004609148,0.0005060744,0.3855149,-0.9147221,0.3614439,0.1806703,1,0.5,0.5,0,0.25,0,0,0,0,0.5032946,-0.8073401,0.5681282,0.1594746,0,0.25,0.5,0,0.5,0,0,0,0,0.663658,-0.6960808,0.7046744,0.1374974,0,0,0.5,0,-1.906717E-05,-0.2499862,0,0.0004077386,-0.0002369286,0.3755486,-0.9251342,0.3654633,-0.102777,1,0.5,0.75,0,6.12826E-05,-0.5000698,0,0.001092826,-0.001502038,0.4349795,-0.8663291,0.342319,-0.363719,1,0.5,1,0,0.25,-0.25,0,0,0,0.4945351,-0.8144509,0.5731321,-0.09049455,0,0.25,0.75,0,0.5,-0.25,0,0,0,0.6561142,-0.7006228,0.7092724,-0.07784698,0,0,0.75,0,0.25,-0.5,0,0,0,0.5471867,-0.773501,0.5443155,-0.3246794,0,0.25,1,0,0.5,-0.5,0,0,0,0.7017071,-0.6740411,0.6823626,-0.2829309,0,0,1
360,0,-0.2499655,0.5000377,0,-0.0009112064,-0.0001609326,0.5472127,-0.7734818,0.06687706,0.6302804,1,0.75,0,0,-0.4999306,0.2500282,0,0.0001847745,-0.0002309681,0.4255259,-0.8751781,-0.194409,0.4430219,1,1,0.25,0,-0.4998972,0.5000194,0,-0.0002086163,-0.004276635,0.5602305,-0.7639848,-0.1696774,0.6225244,1,1,0,0,-0.2499749,0.250071,0,0.0004954638,0.000944734,0.4105832,-0.8895398,0.07690138,0.4503389,1,0.75,0.25,0,8.019262E-05,0.5000154,0,0.0006760753,-0.0015378,0.5927815,-0.7412277,0.2929041,0.6039774,1,0.5,0,0,-0.4999597,-2.316853E-05,0,-0.002583862,-0.002310586,0.3450314,-0.9585442,-0.2129622,0.1893146,1,1,0.5,0,4.404007E-05,0.2499716,0,-0.001291483,-0.002197177,0.4626032,-0.8414682,0.3324776,0.4258988,1,0.5,0.25,0,0.25,0.5,0,0,0,0.6902101,-0.6805521,0.478907,0.5545239,0,0.25,0,0,-0.2499967,3.702143E-05,0,-0.002477319,-0.003671534,0.3286207,-0.977528,0.08448172,0.1931366,1,0.75,0.5,0,-0.4999807,-0.2500092,0,-0.003156067,-0.002837927,0.3346225,-0.9704986,-0.2156432,-0.1078442,1,1,0.75,0,0.25,0.25,0,0,0,0.5719608,-0.7556247,0.5317358,0.3824767,0,0.25,0.25,0,0.5,0.5,0,0,0,0.8281943,-0.6098505,0.6173795,0.4969153,0,0,0,0,0.5,0.25,0,0,0,0.723356,-0.6621131,0.6702873,0.3351437,0,0,0.25,0,-0.2499962,-0.2499988,0,-0.002389402,-0.002769382,0.3179855,-0.9902375,0.08558072,-0.110025,1,0.75,0.75,0,-0.4999717,-0.4999609,0,-0.001852215,0.001130999,0.3966957,-0.9033164,-0.2007054,-0.3791262,1,1,1,0,-0.2499452,-0.4999425,0,0.0005736949,0.001718105,0.3812312,-0.9191685,0.07949653,-0.3857585,1,0.75,1,0,3.667828E-05,2.927724E-05,0,-0.001362769,0.002151872,0.3855128,-0.9147242,0.361414,0.1807193,1,0.5,0.5,0,0.25,0,0,0,0,0.5032946,-0.8073401,0.5681282,0.1594746,0,0.25,0.5,0,0.5,0,0,0,0,0.663658,-0.6960808,0.7046744,0.1374974,0,0,0.5,0,-1.512587E-05,-0.2499122,0,0.0001970655,0.00369996,0.3755424,-0.9251408,0.3654704,-0.1026932,1,0.5,0.75,0,6.458403E-05,-0.4999819,0,0.0001650715,0.004392864,0.4349487,-0.8663577,0.3423339,-0.363637,1,0.5,1,0,0.25,-0.25,0,0,0,0.4945351,-0.8144509,0.5731321,-0.09049455,0,0.25,0.75,0,0.5,-0.25,0,0,0,0.6561142,-0.7006228,0.7092724,-0.07784698,0,0,0.75,0,0.25,-0.5,0,0,0,0.5471867,-0.773501,0.5443155,-0.3246794,0,0.25,1,0,0.5,-0.5,0,0,0,0.7017071,-0.6740411,0.6823626,-0.2829309,0,0,1
361,0,-0.2500299,0.4999529,0,-0.003220142,-0.004239382,0.547155,-0.7735245,0.06681924,0.6302342,1,0.75,0,0,-0.4999714,0.2500502,0,-0.00204146,0.001098216,0.4255435,-0.8751614,-0.1944494,0.4430372,1,1,0.25,0,-0.4999903,0.4999793,0,-0.004655125,-0.002002717,0.5602213,-0.7639914,-0.1697667,0.6224921,1,1,0,0,-0.250024,0.250001,0,-0.002456457,-0.003503264,0.4105479,-0.8895743,0.07685041,0.4502794,1,0.75,0.25,0,1.008428E-05,0.5000072,0,-0.003505419,-0.000408292,0.5927562,-0.741245,0.2928467,0.603984,1,0.5,0,0,-0.4999969,3.479887E-05,0,-0.001858175,0.002898371,0.3450503,-0.9585228,-0.2130014,0.189379,1,1,0.5,0,3.527039E-05,0.2499736,0,-0.0004384845,9.83477E-05,0.4626011,-0.8414701,0.3324692,0.4259018,1,0.5,0.25,0,0.25,0.5,0,0,0,0.6902101,-0.6805521,0.478907,0.5545239,0,0.25,0,0,-0.2500311,-5.569628E-05,0,-0.001719595,-0.004635888,0.3285999,-0.9775526,0.08444233,0.1930296,1,0.75,0.5,0,-0.4999751,-0.2499543,0,0.0002801419,0.002743305,0.3346153,-0.970507,-0.2156384,-0.1077794,1,1,0.75,0,0.25,0.25,0,0,0,0.5719608,-0.7556247,0.5317358,0.3824767,0,0.25,0.25,0,0.5,0.5,0,0,0,0.8281943,-0.6098505,0.6173795,0.4969153,0,0,0,0,0.5,0.25,0,0,0,0.723356,-0.6621131,0.6702873,0.3351437,0,0,0.25,0,-0.2499773,-0.250015,0,0.0009432439,-0.0008091333,0.3179889,-0.9902334,0.08560343,-0.1100443,1,0.75,0.75,0,-0.4999197,-0.499989,0,0.002598763,-0.00140518,0.396696,-0.9033162,-0.2006474,-0.3791575,1,1,1,0,-0.24995,-0.4999742,0,-0.0002399088,-0.001586974,0.3812431,-0.9191561,0.07949002,-0.3857893,1,0.75,1,0,1.314983E-05,2.871625E-05,0,-0.001176423,-2.804937E-05,0.3855041,-0.9147332,0.3613909,0.1807205,1,0.5,0.5,0,0.25,0,0,0,0,0.5032946,-0.8073401,0.5681282,0.1594746,0,0.25,0.5,0,0.5,0,0,0,0,0.663658,-0.6960808,0.7046744,0.1374974,0,0,0.5,0,5.648551E-05,-0.2499889,0,0.00358057,-0.00383258,0.3755764,-0.9251049,0.365538,-0.1027767,1,0.5,0.75,0,8.878796E-05,-0.4998777,0,0.001210197,0.005212428,0.4349191,-0.8663852,0.3423706,-0.363537,1,0.5,1,0,0.25,-0.25,0,0,0,0.4945351,-0.8144509,0.5731321,-0.09049455,0,0.25,0.75,0,0.5,-0.25,0,0,0,0.6561142,-0.7006228,0.7092724,-0.07784698,0,0,0.75,0,0.25,-0.5,0,0,0,0.5471867,-0.773501,0.5443155,-0.3246794,0,0.25,1,0,0.5,-0.5,0,0,0,0.7017071,-0.6740411,0.6823626,-0.2829309,0,0,1
362,0,-0.249962,0.4999481,0,0.003392251,-0.0002399088,0.5471566,-0.7735233,0.06688393,0.6302287,1,0.75,0,0,-0.5000244,0.2500021,0,-0.002650918,-0.002402068,0.4255326,-0.8751718,-0.194509,0.4429905,1,1,0.25,0,-0.4999511,0.5000689,0,0.001960994,0.004479291,0.5602704,-0.7639561,-0.1697219,0.6225476,1,1,0,0,-0.2500004,0.2500312,0,0.001178682,0.001513959,0.4105633,-0.8895593,0.07687499,0.450305,1,0.75,0.25,0,7.695504E-05,0.5000474,0,0.00334354,0.002011657,0.5928,-0.7412152,0.2928962,0.6039965,1,0.5,0,0,-0.5000085,1.883552E-05,0,-0.0005781653,-0.0007981678,0.3450497,-0.9585235,-0.2130152,0.1893602,1,1,0.5,0,7.109413E-06,0.2500016,0,-0.001408049,0.001401455,0.4626037,-0.8414678,0.3324391,0.4259298,1,0.5,0.25,0,0.25,0.5,0,0,0,0.6902101,-0.6805521,0.478907,0.5545239,0,0.25,0,0,-0.2500217,-2.883181E-05,0,0.0004678966,0.001343224,0.3286059,-0.9775456,0.08445302,0.1930606,1,0.75,0.5,0,-0.4999495,-0.2499428,0,0.00128001,0.0005751851,0.3346086,-0.9705148,-0.2156094,-0.1077665,1,1,0.75,0,0.25,0.25,0,0,0,0.5719608,-0.7556247,0.5317358,0.3824767,0,0.25,0.25,0,0.5,0.5,0,0,0,0.8281943,-0.6098505,0.6173795,0.4969153,0,0,0,0,0.5,0.25,0,0,0,0.723356,-0.6621131,0.6702873,0.3351437,0,0,0.25,0,-0.2499883,-0.2499885,0,-0.0005461278,0.001323969,0.3179851,-0.9902381,0.08559048,-0.1100125,1,0.75,0.75,0,-0.499976,-0.4999597,0,-0.00281334,0.001461804,0.3966962,-0.903316,-0.2007101,-0.3791248,1,1,1,0,-0.2499917,-0.5000466,0,-0.002088399,-0.003618003,0.3812677,-0.9191304,0.0794404,-0.3858607,1,0.75,1,0,-1.488366E-05,-6.277707E-06,0,-0.001401675,-0.001749699,0.3854877,-0.9147502,0.361366,0.1806843,1,0.5,0.5,0,0.25,0,0,0,0,0.5032946,-0.8073401,0.5681282,0.1594746,0,0.25,0.5,0,0.5,0,0,0,0,0.663658,-0.6960808,0.7046744,0.1374974,0,0,0.5,0,-1.95874E-05,-0.2500093,0,-0.003803647,-0.001021475,0.3755507,-0.925132,0.3654619,-0.1028031,1,0.5,0.75,0,2.397011E-05,-0.5000843,0,-0.003240894,-0.01032949,0.434972,-0.8663361,0.3422818,-0.3637374,1,0.5,1,0,0.25,-0.25,0,0,0,0.4945351,-0.8144509,0.5731321,-0.09049455,0,0.25,0.75,0,0.5,-0.25,0,0,0,0.6561142,-0.7006228,0.7092724,-0.07784698,0,0,0.75,0,0.25,-0.5,0,0,0,0.5471867,-0.773501,0.5443155,-0.3246794,0,0.25,1,0,0.5,-0.5,0,0,0,0.7017071,-0.6740411,0.6823626,-0.2829309,0,0,1
363,0,-0.2499951,0.5000303,0,-0.00165403,0.004109742,0.547206,-0.7734867,0.06684918,0.6302773,1,0.75,0,0,-0.4999388,0.2499885,0,0.004282596,-0.0006824735,0.4255099,-0.8751932,-0.1944213,0.4429866,1,1,0.25,0,-0.499968,0.5000488,0,-0.0008448962,-0.001007319,0.5602608,-0.763963,-0.1697394,0.6225343,1,1,0,0,-0.2500339,0.2500273,0,-0.001670421,-0.0001981855,0.4105589,-0.8895635,0.07683867,0.4503028,1,0.75,0.25,0,3.396119E-05,0.499952,0,-0.002149693,-0.004772844,0.5927298,-0.7412629,0.2928757,0.603948,1,0.5,0,0,-0.4999947,1.018237E-05,0,0.0006884339,-0.0004326578,0.3450451,-0.9585287,-0.2130001,0.189351,1,1,0.5,0,1.651413E-05,0.2499733,0,0.0004702361,-0.001412631,0.4625947,-0.8414756,0.3324519,0.4259044,1,0.5,0.25,0,0.25,0.5,0,0,0,0.6902101,-0.6805521,0.478907,0.5545239,0,0.25,0,0,-0.2500282,-7.217188E-06,0,-0.0003233553,0.001080731,0.3286095,-0.9775413,0.08444484,0.1930859,1,0.75,0.5,0,-0.4999467,-0.2500075,0,0.0001370907,-0.003235043,0.334615,-0.9705074,-0.2156045,-0.1078432,1,1,0.75,0,0.25,0.25,0,0,0,0.5719608,-0.7556247,0.5317358,0.3824767,0,0.25,0.25,0,0.5,0.5,0,0,0,0.8281943,-0.6098505,0.6173795,0.4969153,0,0,0,0,0.5,0.25,0,0,0,0.723356,-0.6621131,0.6702873,0.3351437,0,0,0.25,0,-0.2499312,-0.2499838,0,0.002853574,0.0002376736,0.3179895,-0.9902328,0.08565979,-0.110006,1,0.75,0.75,0,-0.4999342,-0.5000027,0,0.002090634,-0.002147258,0.396704,-0.9033081,-0.2006617,-0.3791693,1,1,1,0,-0.2500026,-0.4999506,0,-0.0005431476,0.004796686,0.3812299,-0.9191699,0.07943149,-0.3857684,1,0.75,1,0,2.657675E-05,-6.976419E-06,0,0.002073022,-3.493562E-05,0.3855026,-0.9147348,0.3614067,0.1806805,1,0.5,0.5,0,0.25,0,0,0,0,0.5032946,-0.8073401,0.5681282,0.1594746,0,0.25,0.5,0,0.5,0,0,0,0,0.663658,-0.6960808,0.7046744,0.1374974,0,0,0.5,0,-2.107899E-05,-0.2500293,0,-7.457932E-05,-0.0009998683,0.3755523,-0.9251304,0.3654595,-0.1028257,1,0.5,0.75,0,2.388918E-05,-0.4999386,0,-4.046617E-06,0.0072822,0.434919,-0.8663852,0.3423012,-0.3636023,1,0.5,1,0,0.25,-0.25,0,0,0,0.4945351,-0.8144509,0.5731321,-0.09049455,0,0.25,0.75,0,0.5,-0.25,0,0,0,0.6561142,-0.7006228,0.7092724,-0.07784698,0,0,0.75,0,0.25,-0.5,0,0,0,0.5471867,-0.773501,0.5443155,-0.3246794,0,0.25,1,0,0.5,-0.5,0,0,0,0.7017071,-0.6740411,0.6823626,-0.2829309,0,0,1
364,0,-0.2499966,0.4999442,0,-7.525089E-05,-0.004303457,0.5471518,-0.7735268,0.06685121,0.6302278,1,0.75,0,0,-0.4999359,0.2500486,0,0.0001430512,0.003004075,0.4255359,-0.8751686,-0.1944127,0.4430391,1,1,0.25,0,-0.4998781,0.5000308,0,0.004494192,-0.0009000305,0.5602343,-0.7639821,-0.1696588,0.6225329,1,1,0,0,-0.2499857,0.2500336,0,0.002405793,0.0003173948,0.4105655,-0.8895571,0.07689096,0.4503066,1,0.75,0.25,0,4.803021E-06,0.5000474,0,-0.001457909,0.004772844,0.5927789,-0.7412295,0.2928358,0.6040082,1,0.5,0,0,-0.4999444,7.003295E-05,0,0.002516807,0.00299253,0.3450458,-0.9585279,-0.2129404,0.1894217,1,1,0.5,0,1.957807E-05,0.2500196,0,0.0001531969,0.002314151,0.4626155,-0.8414575,0.332448,0.4259433,1,0.5,0.25,0,0.25,0.5,0,0,0,0.6902101,-0.6805521,0.478907,0.5545239,0,0.25,0,0,-0.2499781,-2.129972E-05,0,0.002503396,-0.0007041268,0.328611,-0.9775395,0.08450511,0.1930685,1,0.75,0.5,0,-0.4999729,-0.2499857,0,-0.001306832,0.00109002,0.3346183,-0.9705036,-0.215635,-0.1078166,1,1,0.75,0,0.25,0.25,0,0,0,0.5719608,-0.7556247,0.5317358,0.3824767,0,0.25,0.25,0,0.5,0.5,0,0,0,0.8281943,-0.6098505,0.6173795,0.4969153,0,0,0,0,0.5,0.25,0,0,0,0.723356,-0.6621131,0.6702873,0.3351437,0,0,0.25,0,-0.2499446,-0.2500224,0,-0.0006705525,-0.001928211,0.3179925,-0.9902291,0.08564308,-0.1100528,1,0.75,0.75,0,-0.4999688,-0.5000175,0,-0.001730026,-0.0007390979,0.3967166,-0.9032955,-0.2006975,-0.3791805,1,1,1,0,-0.24997,-0.499964,0,0.001631678,-0.0006690624,0.3812376,-0.9191619,0.07946782,-0.3857802,1,0.75,1,0,4.881776E-05,-7.6176E-06,0,0.001112051,-3.205906E-05,0.3855105,-0.9147266,0.3614286,0.1806781,1,0.5,0.5,0,0.25,0,0,0,0,0.5032946,-0.8073401,0.5681282,0.1594746,0,0.25,0.5,0,0.5,0,0,0,0,0.663658,-0.6960808,0.7046744,0.1374974,0,0,0.5,0,-2.153133E-05,-0.2499551,0,-2.261687E-05,0.003711136,0.3755445,-0.9251386,0.3654623,-0.1027419,1,0.5,0.75,0,5.375257E-05,-0.4999789,0,0.00149317,-0.002013148,0.4349439,-0.8663622,0.342324,-0.3636356,1,0.5,1,0,0.25,-0.25,0,0,0,0.4945351,-0.8144509,0.5731321,-0.09049455,0,0.25,0.75,0,0.5,-0.25,0,0,0,0.6561142,-0.7006228,0.7092724,-0.07784698,0,0,0.75,0,0.25,-0.5,0,0,0,0.5471867,-0.773501,0.5443155,-0.3246794,0,0.25,1,0,0.5,-0.5,0,0,0,0.7017071,-0.6740411,0.6823626,-0.2829309,0,0,1
365,0,-0.2499835,0.5000101,0,0.0006549063,0.003296138,0.5471941,-0.7734956,0.06686101,0.6302653,1,0.75,0,0,-0.4999384,0.2500452,0,-0.0001221896,-0.0001668931,0.425535,-0.8751695,-0.1944155,0.4430359,1,1,0.25,0,-0.4999383,0.5000583,0,-0.003010036,0.001376868,0.5602616,-0.7639624,-0.1697112,0.6225429,1,1,0,0,-0.2499226,0.2500145,0,0.003156812,-0.0009581451,0.4105617,-0.8895608,0.07696062,0.4502874,1,0.75,0.25,0,2.640363E-05,0.500043,0,0.001080031,-0.0002205373,0.5927825,-0.7412271,0.2928546,0.6040022,1,0.5,0,0,-0.4999781,3.269552E-05,0,-0.001686812,-0.001866872,0.3450459,-0.9585278,-0.2129803,0.1893775,1,1,0.5,0,9.07377E-05,0.2500102,0,0.003557983,-0.0004693868,0.4626352,-0.8414403,0.3325151,0.4259248,1,0.5,0.25,0,0.25,0.5,0,0,0,0.6902101,-0.6805521,0.478907,0.5545239,0,0.25,0,0,-0.2500186,-2.79778E-06,0,-0.002025069,0.0009250973,0.3286112,-0.9775393,0.08445621,0.1930908,1,0.75,0.5,0,-0.5000061,-0.2499083,0,-0.00166297,0.003870578,0.3346171,-0.9705049,-0.2156751,-0.107724,1,1,0.75,0,0.25,0.25,0,0,0,0.5719608,-0.7556247,0.5317358,0.3824767,0,0.25,0.25,0,0.5,0.5,0,0,0,0.8281943,-0.6098505,0.6173795,0.4969153,0,0,0,0,0.5,0.25,0,0,0,0.723356,-0.6621131,0.6702873,0.3351437,0,0,0.25,0,-0.2499613,-0.2499567,0,-0.0008337203,0.003281237,0.3179839,-0.9902396,0.0856236,-0.1099737,1,0.75,0.75,0,-0.5000361,-0.4999303,0,-0.003367664,0.004357101,0.396697,-0.9033151,-0.200777,-0.3790916,1,1,1,0,-0.2499957,-0.4999824,0,-0.001285226,-0.0009179119,0.3812426,-0.9191566,0.0794382,-0.3857988,1,0.75,1,0,3.208383E-05,4.762792E-05,0,-0.0008366967,0.002762277,0.3855144,-0.9147225,0.3614081,0.1807397,1,0.5,0.5,0,0.25,0,0,0,0,0.5032946,-0.8073401,0.5681282,0.1594746,0,0.25,0.5,0,0.5,0,0,0,0,0.663658,-0.6960808,0.7046744,0.1374974,0,0,0.5,0,-3.869619E-05,-0.2499675,0,-0.0008582437,-0.0006213787,0.3755395,-0.9251439,0.3654447,-0.1027566,1,0.5,0.75,0,-3.736253E-05,-0.499963,0,-0.004555757,0.0007927421,0.4349069,-0.8663964,0.3422401,-0.363633,1,0.5,1,0,0.25,-0.25,0,0,0,0.4945351,-0.8144509,0.5731321,-0.09049455,0,0.25,0.75,0,0.5,-0.25,0,0,0,0.6561142,-0.7006228,0.7092724,-0.07784698,0,0,0.75,0,0.25,-0.5,0,0,0,0.5471867,-0.773501,0.5443155,-0.3246794,0,0.25,1,0,0.5,-0.5,0,0,0,0.7017071,-0.6740411,0.6823626,-0.2829309,0,0,1
366,0,-0.250005,0.5000173,0,-0.001072139,0.000357628,0.5471972,-0.7734933,0.06684034,0.6302702,1,0.75,0,0,-0.4999391,0.2500165,0,-3.874303E-05,-0.001434982,0.4255224,-0.8751814,-0.194419,0.4430109,1,1,0.25,0,-0.4999885,0.5000016,0,-0.002510847,-0.002834202,0.5602349,-0.7639816,-0.1697628,0.6225051,1,1,0,0,-0.2499977,0.2500561,0,-0.003752859,0.002083183,0.4105747,-0.8895481,0.07687709,0.4503267,1,0.75,0.25,0,4.334879E-05,0.4999873,0,0.0008472584,-0.002786518,0.5927539,-0.7412465,0.2928778,0.603967,1,0.5,0,0,-0.49999,-1.377291E-05,0,-0.0005930664,-0.002323423,0.3450396,-0.958535,-0.2129959,0.1893239,1,1,0.5,0,5.045543E-05,0.2499399,0,-0.002014114,-0.003518166,0.4625918,-0.8414782,0.3324882,0.4258709,1,0.5,0.25,0,0.25,0.5,0,0,0,0.6902101,-0.6805521,0.478907,0.5545239,0,0.25,0,0,-0.2499953,1.787397E-05,0,0.001167506,0.001033588,0.3286172,-0.9775323,0.08448379,0.1931144,1,0.75,0.5,0,-0.5000174,-0.2499266,0,-0.0005632641,-0.0009164218,0.3346215,-0.9704998,-0.2156875,-0.1077454,1,1,0.75,0,0.25,0.25,0,0,0,0.5719608,-0.7556247,0.5317358,0.3824767,0,0.25,0.25,0,0.5,0.5,0,0,0,0.8281943,-0.6098505,0.6173795,0.4969153,0,0,0,0,0.5,0.25,0,0,0,0.723356,-0.6621131,0.6702873,0.3351437,0,0,0.25,0,-0.2499785,-0.2499386,0,-0.0008620325,0.0009074811,0.3179804,-0.9902438,0.08560288,-0.109952,1,0.75,0.75,0,-0.4999603,-0.4999322,0,0.003792347,-9.536747E-05,0.3966826,-0.9033297,-0.2006956,-0.3790998,1,1,1,0,-0.2499979,-0.4999588,0,-0.0001117588,0.001178682,0.3812334,-0.9191663,0.0794365,-0.3857761,1,0.75,1,0,2.756516E-05,-1.474461E-05,0,-0.0002259339,-0.003118628,0.3855015,-0.9147359,0.3614083,0.1806719,1,0.5,0.5,0,0.25,0,0,0,0,0.5032946,-0.8073401,0.5681282,0.1594746,0,0.25,0.5,0,0.5,0,0,0,0,0.663658,-0.6960808,0.7046744,0.1374974,0,0,0.5,0,-2.909853E-05,-0.2499826,0,0.0004798833,-0.0007525089,0.3755445,-0.9251385,0.3654536,-0.1027732,1,0.5,0.75,0,3.183063E-05,-0.5000187,0,0.00345966,-0.002780558,0.4349508,-0.8663557,0.342298,-0.3636754,1,0.5,1,0,0.25,-0.25,0,0,0,0.4945351,-0.8144509,0.5731321,-0.09049455,0,0.25,0.75,0,0.5,-0.25,0,0,0,0.6561142,-0.7006228,0.7092724,-0.07784698,0,0,0.75,0,0.25,-0.5,0,0,0,0.5471867,-0.773501,0.5443155,-0.3246794,0,0.25,1,0,0.5,-0.5,0,0,0,0.7017071,-0.6740411,0.6823626,-0.2829309,0,0,1
367,0,-0.2499879,0.4999658,0,0.0008538369,-0.002573431,0.547166,-0.7735164,0.06685864,0.6302399,1,0.75,0,0,-0.4999735,0.2500183,0,-0.001719595,8.791689E-05,0.4255298,-0.8751744,-0.1944546,0.4430093,1,1,0.25,0,-0.4999014,0.5000387,0,0.004355611,0.001853705,0.5602431,-0.7639757,-0.1696794,0.6225352,1,1,0,0,-0.2499969,0.2499857,0,3.948809E-05,-0.003520401,0.4105431,-0.889579,0.07688063,0.450265,1,0.75,0.25,0,6.132597E-05,0.4999976,0,0.0008988594,0.0005140902,0.5927653,-0.7412388,0.2928912,0.6039701,1,0.5,0,0,-0.4999457,3.894864E-05,0,0.002214313,0.002636079,0.3450402,-0.9585343,-0.2129433,0.1893862,1,1,0.5,0,1.726222E-05,0.2499462,0,-0.001659661,0.0003173948,0.4625835,-0.8414854,0.3324566,0.4258812,1,0.5,0.25,0,0.25,0.5,0,0,0,0.6902101,-0.6805521,0.478907,0.5545239,0,0.25,0,0,-0.2499395,4.057481E-05,0,0.002788753,0.001135042,0.3286263,-0.9775215,0.08455017,0.1931396,1,0.75,0.5,0,-0.4999888,-0.2499669,0,0.001429022,-0.002016128,0.3346197,-0.9705019,-0.2156537,-0.1077939,1,1,0.75,0,0.25,0.25,0,0,0,0.5719608,-0.7556247,0.5317358,0.3824767,0,0.25,0.25,0,0.5,0.5,0,0,0,0.8281943,-0.6098505,0.6173795,0.4969153,0,0,0,0,0.5,0.25,0,0,0,0.723356,-0.6621131,0.6702873,0.3351437,0,0,0.25,0,-0.2499383,-0.2499892,0,0.002009422,-0.002532453,0.3179894,-0.9902329,0.08565107,-0.1100127,1,0.75,0.75,0,-0.4999484,-0.499985,0,0.0005915763,-0.002640487,0.3967002,-0.903312,-0.2006785,-0.3791513,1,1,1,0,-0.249959,-0.5000228,0,0.001944602,-0.003202261,0.3812612,-0.9191373,0.07947812,-0.3858366,1,0.75,1,0,7.198874E-05,3.479575E-05,0,0.00222118,0.002477019,0.3855265,-0.91471,0.3614482,0.1807227,1,0.5,0.5,0,0.25,0,0,0,0,0.5032946,-0.8073401,0.5681282,0.1594746,0,0.25,0.5,0,0.5,0,0,0,0,0.663658,-0.6960808,0.7046744,0.1374974,0,0,0.5,0,-2.956346E-05,-0.2500256,0,-2.324615E-05,-0.002153964,0.3755488,-0.9251341,0.3654513,-0.102822,1,0.5,0.75,0,2.112647E-05,-0.5000409,0,-0.000535208,-0.001111627,0.4349552,-0.8663517,0.342285,-0.3636975,1,0.5,1,0,0.25,-0.25,0,0,0,0.4945351,-0.8144509,0.5731321,-0.09049455,0,0.25,0.75,0,0.5,-0.25,0,0,0,0.6561142,-0.7006228,0.7092724,-0.07784698,0,0,0.75,0,0.25,-0.5,0,0,0,0.5471867,-0.773501,0.5443155,-0.3246794,0,0.25,1,0,0.5,-0.5,0,0,0,0.7017071,-0.6740411,0.6823626,-0.2829309,0,0,1
368,0,-0.2500105,0.5000234,0,-0.001129508,0.002880396,0.5472008,-0.7734906,0.06683484,0.630274,1,0.75,0,0,-0.4999285,0.2499694,0,0.002250076,-0.002445281,0.4254994,-0.8752031,-0.1944124,0.442971,1,1,0.25,0,-0.4999518,0.5000474,0,-0.002522768,0.0004351141,0.5602572,-0.7639656,-0.1697247,0.6225352,1,1,0,0,-0.2499792,0.2500195,0,0.0008851293,0.001687557,0.4105597,-0.8895628,0.07689867,0.4502939,1,0.75,0.25,0,2.919641E-05,0.5000126,0,-0.001606479,0.0007495287,0.592765,-0.741239,0.2928619,0.6039841,1,0.5,0,0,-0.4999838,9.039892E-06,0,-0.001904369,-0.001495438,0.3450426,-0.9585315,-0.2129878,0.1893503,1,1,0.5,0,7.522597E-05,0.2500723,0,0.002898189,0.006306174,0.4626564,-0.8414217,0.3324916,0.4259799,1,0.5,0.25,0,0.25,0.5,0,0,0,0.6902101,-0.6805521,0.478907,0.5545239,0,0.25,0,0,-0.2499861,-3.3672E-05,0,-0.002328307,-0.003712342,0.328608,-0.9775431,0.08449584,0.1930543,1,0.75,0.5,0,-0.4999937,-0.2499605,0,-0.000242889,0.0003233553,0.3346201,-0.9705015,-0.2156594,-0.1077862,1,1,0.75,0,0.25,0.25,0,0,0,0.5719608,-0.7556247,0.5317358,0.3824767,0,0.25,0.25,0,0.5,0.5,0,0,0,0.8281943,-0.6098505,0.6173795,0.4969153,0,0,0,0,0.5,0.25,0,0,0,0.723356,-0.6621131,0.6702873,0.3351437,0,0,0.25,0,-0.2499657,-0.249975,0,-0.001369417,0.0007107857,0.3179855,-0.9902375,0.085618,-0.1099958,1,0.75,0.75,0,-0.5000134,-0.5000098,0,-0.003245474,-0.001236797,0.3967226,-0.9032894,-0.2007459,-0.3791694,1,1,1,0,-0.2499989,-0.5000088,0,-0.001995266,0.0007003549,0.3812526,-0.9191462,0.07943362,-0.3858245,1,0.75,1,0,3.492313E-05,-4.532748E-05,0,-0.001853281,-0.004006164,0.3854986,-0.9147388,0.3614177,0.180638,1,0.5,0.5,0,0.25,0,0,0,0,0.5032946,-0.8073401,0.5681282,0.1594746,0,0.25,0.5,0,0.5,0,0,0,0,0.663658,-0.6960808,0.7046744,0.1374974,0,0,0.5,0,-5.976736E-05,-0.2499895,0,-0.001510196,0.001805276,0.3755341,-0.9251496,0.365423,-0.1027824,1,0.5,0.75,0,9.343461E-07,-0.4999634,0,-0.001009607,0.003872813,0.4349202,-0.8663841,0.3422762,-0.3636283,1,0.5,1,0,0.25,-0.25,0,0,0,0.4945351,-0.8144509,0.5731321,-0.09049455,0,0.25,0.75,0,0.5,-0.25,0,0,0,0.6561142,-0.7006228,0.7092724,-0.07784698,0,0,0.75,0,0.25,-0.5,0,0,0,0.5471867,-0.773501,0.5443155,-0.3246794,0,0.25,1,0,0.5,-0.5,0,0,0,0.7017071,-0.6740411,0.6823626,-0.2829309,0,0,1
369,0,-0.2499953,0.4999812,0,0.0007614496,-0.002112986,0.5471752,-0.7735096,0.06685102,0.630249,1,0.75,0,0,-0.4999264,0.2500321,0,0.0001043082,0.003136696,0.4255268,-0.8751773,-0.1944044,0.4430256,1,1,0.25,0,-0.5000049,0.5000457,0,-0.002655388,-8.344654E-05,0.5602652,-0.7639598,-0.1697735,0.6225289,1,1,0,0,-0.2500316,0.2500099,0,-0.002622605,-0.0004798176,0.4105513,-0.889571,0.07684177,0.4502875,1,0.75,0.25,0,2.031628E-05,0.4999611,0,-0.0004440068,-0.002573431,0.5927312,-0.7412619,0.2928628,0.6039556,1,0.5,0,0,-0.4999478,4.257348E-06,0,0.001798571,-0.0002391273,0.3450341,-0.9585413,-0.2129474,0.1893465,1,1,0.5,0,7.772202E-06,0.2500104,0,-0.00337269,-0.003094972,0.4626077,-0.8414643,0.3324384,0.4259372,1,0.5,0.25,0,0.25,0.5,0,0,0,0.6902101,-0.6805521,0.478907,0.5545239,0,0.25,0,0,-0.2500105,3.194136E-05,0,-0.001222641,0.003280669,0.3286186,-0.9775306,0.08446524,0.193131,1,0.75,0.5,0,-0.4999512,-0.249958,0,0.002123416,0.0001259149,0.3346106,-0.9705124,-0.215611,-0.1077844,1,1,0.75,0,0.25,0.25,0,0,0,0.5719608,-0.7556247,0.5317358,0.3824767,0,0.25,0.25,0,0.5,0.5,0,0,0,0.8281943,-0.6098505,0.6173795,0.4969153,0,0,0,0,0.5,0.25,0,0,0,0.723356,-0.6621131,0.6702873,0.3351437,0,0,0.25,0,-0.2498976,-0.2499863,0,0.003403427,-0.0005632641,0.3179926,-0.9902291,0.08570047,-0.1100087,1,0.75,0.75,0,-0.4999584,-0.4999632,0,0.002747775,0.002329052,0.3966939,-0.9033182,-0.200691,-0.3791296,1,1,1,0,-0.2499667,-0.5000315,0,0.001611561,-0.001135469,0.3812639,-0.9191344,0.07946917,-0.3858453,1,0.75,1,0,3.901021E-05,6.528494E-05,0,0.0002043543,0.005530623,0.3855201,-0.9147167,0.3614136,0.1807585,1,0.5,0.5,0,0.25,0,0,0,0,0.5032946,-0.8073401,0.5681282,0.1594746,0,0.25,0.5,0,0.5,0,0,0,0,0.663658,-0.6960808,0.7046744,0.1374974,0,0,0.5,0,4.492471E-05,-0.2499841,0,0.005234606,0.0002719463,0.3755717,-0.9251098,0.3655268,-0.1027718,1,0.5,0.75,0,-6.87337E-07,-0.5000086,0,-8.108418E-05,-0.002260507,0.434936,-0.8663694,0.3422686,-0.3636705,1,0.5,1,0,0.25,-0.25,0,0,0,0.4945351,-0.8144509,0.5731321,-0.09049455,0,0.25,0.75,0,0.5,-0.25,0,0,0,0.6561142,-0.7006228,0.7092724,-0.07784698,0,0,0.75,0,0.25,-0.5,0,0,0,0.5471867,-0.773501,0.5443155,-0.3246794,0,0.25,1,0,0.5,-0.5,0,0,0,0.7017071,-0.6740411,0.6823626,-0.2829309,0,0,1
370,0,-0.2500338,0.5000226,0,-0.001928211,0.002074243,0.5471987,-0.7734922,0.0668127,0.6302745,1,0.75,0,0,-0.499942,0.249998,0,-0.0007763508,-0.001703948,0.4255148,-0.8751886,-0.1944237,0.4429946,1,1,0.25,0,-0.5000409,0.4999828,0,-0.001800061,-0.003144146,0.560232,-0.7639837,-0.1698128,0.622489,1,1,0,0,-0.2500276,0.2500003,0,0.0002026559,-0.0004768373,0.4105473,-0.8895749,0.07684655,0.450279,1,0.75,0.25,0,2.370197E-09,0.5000342,0,-0.001015696,0.003652276,0.5927695,-0.7412359,0.2928339,0.6040013,1,0.5,0,0,-0.4999674,4.26166E-05,0,-0.0009819869,0.001917963,0.3450455,-0.9585283,-0.2129677,0.1893893,1,1,0.5,0,-4.068645E-06,0.2499919,0,-0.0005920426,-0.0009275976,0.4625958,-0.8414747,0.3324302,0.4259232,1,0.5,0.25,0,0.25,0.5,0,0,0,0.6902101,-0.6805521,0.478907,0.5545239,0,0.25,0,0,-0.25,-2.479138E-05,0,0.0005282464,-0.002836638,0.3286085,-0.9775425,0.08447903,0.1930649,1,0.75,0.5,0,-0.4999679,-0.2500061,0,-0.0008329753,-0.002407284,0.3346194,-0.9705023,-0.2156287,-0.1078409,1,1,0.75,0,0.25,0.25,0,0,0,0.5719608,-0.7556247,0.5317358,0.3824767,0,0.25,0.25,0,0.5,0.5,0,0,0,0.8281943,-0.6098505,0.6173795,0.4969153,0,0,0,0,0.5,0.25,0,0,0,0.723356,-0.6621131,0.6702873,0.3351437,0,0,0.25,0,-0.2500276,-0.2499493,0,-0.006499144,0.001847745,0.3179774,-0.9902474,0.08554316,-0.1099655,1,0.75,0.75,0,-0.4999617,-0.5000538,0,-0.0001668931,-0.004531445,0.396729,-0.9032829,-0.2006869,-0.3792158,1,1,1,0,-0.2499957,-0.4999779,0,-0.001452119,0.0026837,0.3812409,-0.9191584,0.07943829,-0.3857945,1,0.75,1,0,3.521696E-05,1.227906E-05,0,-0.0001896628,-0.002650295,0.3855091,-0.914728,0.3614138,0.1807009,1,0.5,0.5,0,0.25,0,0,0,0,0.5032946,-0.8073401,0.5681282,0.1594746,0,0.25,0.5,0,0.5,0,0,0,0,0.663658,-0.6960808,0.7046744,0.1374974,0,0,0.5,0,5.858538E-05,-0.2500097,0,0.0006830339,-0.00127852,0.3755794,-0.9251018,0.3655392,-0.1028001,1,0.5,0.75,0,1.694883E-05,-0.4999851,0,0.0008818089,0.001177192,0.4349335,-0.8663718,0.3422884,-0.3636463,1,0.5,1,0,0.25,-0.25,0,0,0,0.4945351,-0.8144509,0.5731321,-0.09049455,0,0.25,0.75,0,0.5,-0.25,0,0,0,0.6561142,-0.7006228,0.7092724,-0.07784698,0,0,0.75,0,0.25,-0.5,0,0,0,0.5471867,-0.773501,0.5443155,-0.3246794,0,0.25,1,0,0.5,-0.5,0,0,0,0.7017071,-0.6740411,0.6823626,-0.2829309,0,0,1
