frame,x0,y0,z0,vx0,vy0,vz0,sdf0,nx0,ny0,nz0,md0,u0,v0,x1,y1,z1,vx1,vy1,vz1,sdf1,nx1,ny1,nz1,md1,u1,v1,x2,y2,z2,vx2,vy2,vz2,sdf2,nx2,ny2,nz2,md2,u2,v2,x3,y3,z3,vx3,vy3,vz3,sdf3,nx3,ny3,nz3,md3,u3,v3,x4,y4,z4,vx4,vy4,vz4,sdf4,nx4,ny4,nz4,md4,u4,v4,x5,y5,z5,vx5,vy5,vz5,sdf5,nx5,ny5,nz5,md5,u5,v5,x6,y6,z6,vx6,vy6,vz6,sdf6,nx6,ny6,nz6,md6,u6,v6,x7,y7,z7,vx7,vy7,vz7,sdf7,nx7,ny7,nz7,md7,u7,v7,x8,y8,z8,vx8,vy8,vz8,sdf8,nx8,ny8,nz8,md8,u8,v8,x9,y9,z9,vx9,vy9,vz9,sdf9,nx9,ny9,nz9,md9,u9,v9,x10,y10,z10,vx10,vy10,vz10,sdf10,nx10,ny10,nz10,md10,u10,v10,x11,y11,z11,vx11,vy11,vz11,sdf11,nx11,ny11,nz11,md11,u11,v11,x12,y12,z12,vx12,vy12,vz12,sdf12,nx12,ny12,nz12,md12,u12,v12,x13,y13,z13,vx13,vy13,vz13,sdf13,nx13,ny13,nz13,md13,u13,v13,x14,y14,z14,vx14,vy14,vz14,sdf14,nx14,ny14,nz14,md14,u14,v14,x15,y15,z15,vx15,vy15,vz15,sdf15,nx15,ny15,nz15,md15,u15,v15,x16,y16,z16,vx16,vy16,vz16,sdf16,nx16,ny16,nz16,md16,u16,v16,x17,y17,z17,vx17,vy17,vz17,sdf17,nx17,ny17,nz17,md17,u17,v17,x18,y18,z18,vx18,vy18,vz18,sdf18,nx18,ny18,nz18,md18,u18,v18,x19,y19,z19,vx19,vy19,vz19,sdf19,nx19,ny19,nz19,md19,u19,v19,x20,y20,z20,vx20,vy20,vz20,sdf20,nx20,ny20,nz20,md20,u20,v20,x21,y21,z21,vx21,vy21,vz21,sdf21,nx21,ny21,nz21,md21,u21,v21,x22,y22,z22,vx22,vy22,vz22,sdf22,nx22,ny22,nz22,md22,u22,v22,x23,y23,z23,vx23,vy23,vz23,sdf23,nx23,ny23,nz23,md23,u23,v23,x24,y24,z24,vx24,vy24,vz24,sdf24,nx24,ny24,nz24,md24,u24,v24
0,0.1400038,-48.66936,24.85473,-19.49682,2408.496,-1243.051,55.12099,-0.04371048,-0.893536,0.4468588,3.402823E+38,0.75,0,0.1400076,-23.67753,49.86243,-32.00086,1170.911,-2493.135,55.2013,-0.04364739,-0.4435719,0.8951753,3.402823E+38,1,0.25,0.1400076,-48.67446,49.8487,-31.994,2408.651,-2493.268,69.93676,-0.0345163,-0.7056608,0.7077086,3.402823E+38,1,0,0.1400038,-23.67038,24.86034,-19.49962,1170.968,-1242.946,34.62913,-0.06920809,-0.7031308,0.7076845,3.402823E+38,0.75,0.25,0.14,-48.67155,-0.1366558,-7.000933,2408.462,6.649027,49.26116,-0.04885786,-0.9988019,-0.002746233,3.402823E+38,0.5,0,0.1400076,1.324523,49.86705,-32.00317,-66.44346,-2493.045,49.42715,-0.04869528,0.005899055,0.9987962,3.402823E+38,1,0.5,0.14,-23.6701,-0.1333883,-7.002566,1170.754,6.673625,24.31982,-0.09795494,-0.9951763,-0.005374264,3.402823E+38,0.5,0.25,0.1399962,-48.6767,-25.13742,5.499642,2408.694,1256.753,55.25444,-0.043606,-0.8915291,-0.4508595,3.402823E+38,0.25,0,0.1400038,1.334443,24.8641,-19.5015,-66.55142,-1243,24.48453,-0.09730902,0.01218526,0.9951796,3.402823E+38,0.75,0.5,0.1400076,26.33601,49.86147,-32.00039,-1303.709,-2492.975,55.46849,-0.04343902,0.4521474,0.8908848,3.402823E+38,1,0.75,0.1399962,-23.67179,-25.13944,5.500655,1170.968,1256.727,34.82819,-0.06881835,-0.6992092,-0.7115971,3.402823E+38,0.25,0.25,0.1399924,-48.68117,-50.12681,17.99453,2408.462,2506.647,70.13857,-0.0344179,-0.7037397,-0.7096238,3.402823E+38,0,0,0.1399924,-23.67827,-50.13678,17.99952,1171.064,2506.304,55.44735,-0.04345571,-0.4416343,-0.8961421,3.402823E+38,0,0.25,0.1400038,26.32766,24.85627,-19.49759,-1303.98,-1243.076,35.04879,-0.06839108,0.711632,0.6992156,3.402823E+38,0.75,0.75,0.1400076,51.33,49.8615,-32.0004,-2541.501,-2493.076,70.36727,-0.03430662,0.7097776,0.70359,0,1,1,0.1400038,51.33,24.86149,-19.5002,-2541.501,-1243.075,55.66133,-0.04328993,0.8956341,0.4426799,0,0.75,1,0.14,1.329996,-0.136691,-7.000916,-66.60744,7.093007,1.953474,-0.9909315,0.1222741,-0.05571326,3.402823E+38,0.5,0.5,0.1399962,1.332458,-25.13731,5.499588,-66.40999,1256.941,24.75642,-0.09626178,0.01197548,-0.995284,3.402823E+38,0.25,0.5,0.1399924,1.325125,-50.13303,17.99764,-66.61984,2506.884,49.69282,-0.04843784,0.005879835,-0.9988089,3.402823E+38,0,0.5,0.14,26.33442,-0.1390329,-6.999744,-1304.381,6.669403,24.92133,-0.09563719,0.9954012,-0.005469146,3.402823E+38,0.5,0.75,0.14,51.33,-0.1385164,-7.000003,-2541.501,6.925822,49.85891,-0.04827793,0.9988302,-0.002750583,0,0.5,1,0.1399962,26.32818,-25.14159,5.50173,-1303.896,1256.813,35.24924,-0.06800781,0.7076563,-0.7032762,3.402823E+38,0.25,0.75,0.1399924,26.33307,-50.14016,18.00121,-1303.794,2506.811,55.71559,-0.04324836,0.4501078,-0.8919263,3.402823E+38,0,0.75,0.1399962,51.33,-25.13853,5.500196,-2541.501,1256.927,55.78452,-0.04319533,0.8936739,-0.446633,0,0.25,1,0.1399924,51.33,-50.13853,18.00039,-2541.501,2506.928,70.56246,-0.0342126,0.707828,-0.7055559,0,0,1
1,0.1400038,-48.67611,24.86175,-19.50033,2408.205,-1243.132,55.11695,-0.03789289,-0.8937223,0.4470175,3.402823E+38,0.75,0,0.1400076,-23.66816,49.86541,-32.00235,1171.168,-2493.659,55.18662,-0.03784541,-0.4435205,0.8954648,3.402823E+38,1,0.25,0.1400076,-48.67891,49.86447,-32.00188,2408.495,-2493.396,69.94063,-0.02991857,-0.7056852,0.7078936,3.402823E+38,1,0,0.1400038,-23.67112,24.86072,-19.49981,1170.865,-1243.419,34.609,-0.06002696,-0.7035552,0.7081009,3.402823E+38,0.75,0.25,0.14,-48.66726,-0.1387309,-6.999896,2408.354,6.688139,49.24212,-0.04236833,-0.9990981,-0.002789003,3.402823E+38,0.5,0,0.1400076,1.328662,49.86244,-32.00087,-66.59734,-2493.316,49.40785,-0.04222749,0.005984278,0.9990901,3.402823E+38,1,0.5,0.14,-23.66446,-0.1334567,-7.002532,1171.068,6.73419,24.28458,-0.08503233,-0.9963636,-0.005384667,3.402823E+38,0.5,0.25,0.1399962,-48.65635,-25.13488,5.498372,2408.298,1256.689,55.22196,-0.03782161,-0.8916835,-0.4510767,3.402823E+38,0.25,0,0.1400038,1.324432,24.87135,-19.50513,-66.80521,-1242.959,24.46222,-0.08442707,0.01179511,0.9963599,3.402823E+38,0.75,0.5,0.1400076,26.3261,49.86333,-32.00132,-1303.789,-2493.035,55.45253,-0.03766555,0.4520993,0.8911721,3.402823E+38,1,0.75,0.1399962,-23.65853,-25.13117,5.496517,1170.893,1256.567,34.79222,-0.05971556,-0.6995461,-0.712088,3.402823E+38,0.25,0.25,0.1399924,-48.6594,-50.14052,18.00139,2408.391,2506.826,70.12259,-0.0298417,-0.7035908,-0.7099785,3.402823E+38,0,0,0.1399924,-23.66307,-50.13448,17.99837,1170.788,2506.912,55.42545,-0.03768407,-0.4415356,-0.896452,3.402823E+38,0,0.25,0.1400038,26.32988,24.86044,-19.49967,-1304.138,-1242.809,35.03261,-0.05931135,0.7120184,0.6996513,3.402823E+38,0.75,0.75,0.1400076,51.33,49.8615,-32.0004,-2541.501,-2493.076,70.35691,-0.0297428,0.7098814,0.7036929,0,1,1,0.1400038,51.33,24.86149,-19.5002,-2541.501,-1243.075,55.64825,-0.03753433,0.8958428,0.4427831,0,0.75,1,0.14,1.323738,-0.134709,-7.001906,-66.84878,6.755732,1.632123,-0.9884473,0.1377679,-0.06318069,3.402823E+38,0.5,0.5,0.1399962,1.344069,-25.13888,5.500375,-66.85385,1257.048,24.72902,-0.08353453,0.0124487,-0.9964272,3.402823E+38,0.25,0.5,0.1399924,1.342187,-50.13576,17.99901,-66.77435,2506.889,49.68101,-0.04199793,0.006221225,-0.9990984,3.402823E+38,0,0.5,0.14,26.3274,-0.1387253,-6.999898,-1304.132,7.025066,24.88541,-0.08301975,0.9965329,-0.005464763,3.402823E+38,0.5,0.75,0.14,51.33,-0.1385164,-7.000003,-2541.501,6.925822,49.84433,-0.04186153,0.9991196,-0.00275138,0,0.5,1,0.1399962,26.32904,-25.14277,5.502316,-1303.92,1257.192,35.23013,-0.05898369,0.7080591,-0.7036854,3.402823E+38,0.25,0.75,0.1399924,26.32397,-50.13365,17.99796,-1303.776,2506.872,55.69261,-0.0375049,0.4501298,-0.8921752,3.402823E+38,0,0.75,0.1399962,51.33,-25.13853,5.500196,-2541.501,1256.927,55.77146,-0.03745228,0.8938812,-0.4467367,0,0.25,1,0.1399924,51.33,-50.13853,18.00039,-2541.501,2506.928,70.55212,-0.0296613,0.707931,-0.7056585,0,0,1
2,0.1400038,-48.66178,24.85788,-19.49839,2408.564,-1242.792,55.09121,-0.03215441,-0.8938785,0.4471548,3.402823E+38,0.75,0,0.1400076,-23.66413,49.86187,-32.00058,1171.018,-2492.772,55.17047,-0.03210856,-0.4435768,0.8956611,3.402823E+38,1,0.25,0.1400076,-48.66295,49.86181,-32.00055,2408.633,-2492.877,69.91863,-0.02538389,-0.7056789,0.708077,3.402823E+38,1,0,0.1400038,-23.66213,24.85843,-19.49867,1171.079,-1242.743,34.5833,-0.05095024,-0.7038143,0.7085546,3.402823E+38,0.75,0.25,0.14,-48.66078,-0.1398048,-6.999358,2408.258,7.046067,49.22311,-0.03594921,-0.9993497,-0.002811667,3.402823E+38,0.5,0,0.1400076,1.337826,49.86193,-32.00061,-66.66693,-2492.979,49.39491,-0.03582527,0.006169488,0.999339,3.402823E+38,1,0.5,0.14,-23.66015,-0.1391547,-6.999684,1170.67,6.849311,24.25517,-0.07220742,-0.9973738,-0.00562124,3.402823E+38,0.5,0.25,0.1399962,-48.66505,-25.14364,5.502754,2408.234,1257.076,55.22249,-0.0320788,-0.8918311,-0.4512297,3.402823E+38,0.25,0,0.1400038,1.339993,24.85831,-19.49861,-66.65461,-1243.021,24.42443,-0.0717169,0.01243731,0.9973475,3.402823E+38,0.75,0.5,0.1400076,26.32576,49.86255,-32.00092,-1304.224,-2492.744,55.44054,-0.03195355,0.4521901,0.891349,3.402823E+38,1,0.75,0.1399962,-23.67048,-25.14422,5.503045,1170.819,1257.14,34.79222,-0.05064885,-0.6998845,-0.7124579,3.402823E+38,0.25,0.25,0.1399924,-48.67021,-50.1427,18.00248,2407.844,2507.147,70.12292,-0.02531068,-0.7037405,-0.7100061,3.402823E+38,0,0,0.1399924,-23.66407,-50.14556,18.00391,1170.717,2506.796,55.42468,-0.03196289,-0.4415594,-0.8966625,3.402823E+38,0,0.25,0.1400038,26.3281,24.85757,-19.49824,-1303.725,-1242.671,35.0118,-0.05033546,0.7123858,0.6999806,3.402823E+38,0.75,0.75,0.1400076,51.33,49.8615,-32.0004,-2541.501,-2493.076,70.34811,-0.02523001,0.7099695,0.7037802,0,1,1,0.1400038,51.33,24.86149,-19.5002,-2541.501,-1243.075,55.63715,-0.03184171,0.8960199,0.4428706,0,0.75,1,0.14,1.337108,-0.1393953,-6.999563,-66.54382,7.190529,1.319045,-0.9826618,0.1688292,-0.07663104,3.402823E+38,0.5,0.5,0.1399962,1.332659,-25.15034,5.506105,-66.69712,1256.78,24.7156,-0.07088906,0.01200283,-0.997412,3.402823E+38,0.25,0.5,0.1399924,1.333098,-50.14553,18.00389,-66.87353,2506.808,49.67829,-0.03562326,0.006040423,-0.999347,3.402823E+38,0,0.5,0.14,26.33193,-0.1435523,-6.997485,-1304.308,7.005705,24.8654,-0.07047027,0.9974978,-0.005659373,3.402823E+38,0.5,0.75,0.14,51.33,-0.1385164,-7.000003,-2541.501,6.925822,49.83194,-0.03551435,0.9993654,-0.002752057,0,0.5,1,0.1399962,26.32799,-25.13798,5.499924,-1303.954,1257.027,35.20856,-0.05005832,0.7084572,-0.7039763,3.402823E+38,0.25,0.75,0.1399924,26.32674,-50.13865,18.00045,-1304.189,2506.997,55.68723,-0.03181353,0.4502222,-0.8923496,3.402823E+38,0,0.75,0.1399962,51.33,-25.13853,5.500196,-2541.501,1256.927,55.76038,-0.0317721,0.8940572,-0.4468246,0,0.25,1,0.1399924,51.33,-50.13853,18.00039,-2541.501,2506.928,70.54336,-0.02516089,0.7080184,-0.7057456,0,0,1
3,0.1400038,-48.66509,24.86249,-19.5007,2408.107,-1243.315,55.08698,-0.02648157,-0.8940059,0.4472719,3.402823E+38,0.75,0,0.1400076,-23.66055,49.86612,-32.00271,1170.915,-2493.123,55.16346,-0.02644512,-0.4435684,0.8958503,3.402823E+38,1,0.25,0.1400076,-48.66583,49.86708,-32.00319,2408.137,-2493.485,69.9171,-0.0209044,-0.7057352,0.7081671,3.402823E+38,1,0,0.1400038,-23.66693,24.86634,-19.50262,1170.564,-1243.033,34.57763,-0.04196495,-0.704065,0.7088946,3.402823E+38,0.75,0.25,0.14,-48.66992,-0.1313367,-7.003592,2408.325,6.469039,49.22189,-0.02960536,-0.9995582,-0.002641426,3.402823E+38,0.5,0,0.1400076,1.333981,49.87317,-32.00623,-66.6364,-2493.147,49.39581,-0.02950201,0.006092314,0.9995462,3.402823E+38,1,0.5,0.14,-23.6648,-0.1303817,-7.00407,1170.546,6.616046,24.23898,-0.05950264,-0.9982142,-0.005270296,3.402823E+38,0.5,0.25,0.1399962,-48.67555,-25.13176,5.496815,2408.69,1256.634,55.21727,-0.02641979,-0.8921031,-0.4510588,3.402823E+38,0.25,0,0.1400038,1.33624,24.86597,-19.50244,-66.94507,-1243.298,24.41138,-0.05909069,0.01229319,0.9981769,3.402823E+38,0.75,0.5,0.1400076,26.32521,49.86311,-32.0012,-1303.832,-2493.216,55.4316,-0.02631834,0.4522525,0.8915015,3.402823E+38,1,0.75,0.1399962,-23.67173,-25.13606,5.498965,1171.303,1256.844,34.77271,-0.04173306,-0.7003072,-0.7126206,3.402823E+38,0.25,0.25,0.1399924,-48.67892,-50.13338,17.99781,2408.988,2506.521,70.11515,-0.02084598,-0.7039413,-0.7099521,3.402823E+38,0,0,0.1399924,-23.67004,-50.12688,17.99457,1171.265,2506.852,55.40136,-0.02633285,-0.4418504,-0.8967022,3.402823E+38,0,0.25,0.1400038,26.33588,24.85786,-19.49839,-1303.694,-1242.93,35.00307,-0.04146207,0.7127802,0.7001609,3.402823E+38,0.75,0.75,0.1400076,51.33,49.8615,-32.0004,-2541.501,-2493.076,70.34086,-0.02077935,0.7100422,0.7038524,0,1,1,0.1400038,51.33,24.86149,-19.5002,-2541.501,-1243.075,55.62799,-0.02622632,0.8961661,0.4429429,0,0.75,1,0.14,1.325392,-0.1338548,-7.002333,-66.60897,6.788889,1.007335,-0.9765809,0.1959694,-0.0888023,3.402823E+38,0.5,0.5,0.1399962,1.328693,-25.13437,5.498119,-66.37517,1256.888,24.67921,-0.05846244,0.01186267,-0.9982191,3.402823E+38,0.25,0.5,0.1399924,1.326506,-50.13879,18.00052,-66.38776,2506.663,49.66127,-0.02934619,0.005911061,-0.9995518,3.402823E+38,0,0.5,0.14,26.33146,-0.1362818,-7.001121,-1304.251,6.823899,24.84461,-0.05808077,0.9982974,-0.005377152,3.402823E+38,0.5,0.75,0.14,51.33,-0.1385164,-7.000003,-2541.501,6.925822,49.82173,-0.02925246,0.9995683,-0.002752616,0,0.5,1,0.1399962,26.325,-25.14167,5.501766,-1304.164,1256.525,35.19464,-0.04123976,0.7086498,-0.7043542,3.402823E+38,0.25,0.75,0.1399924,26.33249,-50.14364,18.00295,-1303.83,2506.856,55.68512,-0.02619986,0.4503415,-0.8924719,3.402823E+38,0,0.75,0.1399962,51.33,-25.13853,5.500196,-2541.501,1256.927,55.75125,-0.02616899,0.8942025,-0.4468972,0,0.25,1,0.1399924,51.33,-50.13853,18.00039,-2541.501,2506.928,70.53612,-0.02072245,0.7080905,-0.7058175,0,0,1
4,0.1400038,-48.66097,24.85813,-19.49852,2408.315,-1243.469,55.07357,-0.02053966,-0.8941474,0.4473013,3.402823E+38,0.75,0,0.1400076,-23.66908,49.86067,-31.99998,1170.853,-2492.948,55.15459,-0.02050969,-0.4437923,0.895895,3.402823E+38,1,0.25,0.1400076,-48.66727,49.86246,-32.00088,2408.156,-2493.435,69.90871,-0.01621189,-0.7058398,0.708186,3.402823E+38,1,0,0.1400038,-23.66942,24.86024,-19.49958,1170.894,-1242.908,34.56275,-0.03255484,-0.7044349,0.7090216,3.402823E+38,0.75,0.25,0.14,-48.67147,-0.1370634,-7.000729,2408.339,7.105243,49.21476,-0.0229603,-0.9997326,-0.002756996,3.402823E+38,0.5,0,0.1400076,1.333811,49.86598,-32.00264,-66.82223,-2493.105,49.37997,-0.0228841,0.006090838,0.9997196,3.402823E+38,1,0.5,0.14,-23.66622,-0.1396763,-6.999423,1170.712,6.441684,24.22298,-0.04617024,-0.9989176,-0.005649656,3.402823E+38,0.5,0.25,0.1399962,-48.66358,-25.13924,5.500554,2408.577,1257.027,55.20221,-0.02049236,-0.8921294,-0.451315,3.402823E+38,0.25,0,0.1400038,1.331473,24.86327,-19.50109,-66.85831,-1243.401,24.39129,-0.0458579,0.01211161,0.9988746,3.402823E+38,0.75,0.5,0.1400076,26.33554,49.859,-31.99915,-1304.276,-2492.999,55.42489,-0.02041056,0.4524915,0.8915351,3.402823E+38,1,0.75,0.1399962,-23.67252,-25.14069,5.501276,1171.111,1256.708,34.76431,-0.03236898,-0.7004964,-0.7129215,3.402823E+38,0.25,0.25,0.1399924,-48.66703,-50.14177,18.00201,2408.196,2507.06,70.10663,-0.01616666,-0.7038579,-0.7101567,3.402823E+38,0,0,0.1399924,-23.66887,-50.1339,17.99807,1170.914,2506.348,55.39942,-0.02042013,-0.4418449,-0.896859,3.402823E+38,0,0.25,0.1400038,26.33203,24.85738,-19.49814,-1303.76,-1243.09,34.98781,-0.03216491,0.712978,0.7004484,3.402823E+38,0.75,0.75,0.1400076,51.33,49.8615,-32.0004,-2541.501,-2493.076,70.33475,-0.01611438,0.7101035,0.703913,0,1,1,0.1400038,51.33,24.86149,-19.5002,-2541.501,-1243.075,55.62029,-0.02033956,0.8962891,0.4430037,0,0.75,1,0.14,1.328899,-0.1399095,-6.999306,-66.38467,6.856603,0.688217,-0.9606545,0.2515523,-0.1177474,3.402823E+38,0.5,0.5,0.1399962,1.331805,-25.13903,5.500451,-66.37962,1256.819,24.66675,-0.04535627,0.01199222,-0.9988989,3.402823E+38,0.25,0.5,0.1399924,1.336155,-50.14397,18.00311,-66.80794,2506.968,49.65789,-0.02275761,0.006103832,-0.9997224,3.402823E+38,0,0.5,0.14,26.32321,-0.1415997,-6.998461,-1303.921,6.92846,24.81935,-0.04508276,0.9989676,-0.00559255,3.402823E+38,0.5,0.75,0.14,51.33,-0.1385164,-7.000003,-2541.501,6.925822,49.81314,-0.02268723,0.9997388,-0.002753085,0,0.5,1,0.1399962,26.33233,-25.13882,5.500343,-1303.748,1256.944,35.18573,-0.03198674,0.7090321,-0.7044503,3.402823E+38,0.25,0.75,0.1399924,26.32532,-50.14268,18.00247,-1303.973,2507.045,55.67335,-0.02032056,0.4503082,-0.8926419,3.402823E+38,0,0.75,0.1399962,51.33,-25.13853,5.500196,-2541.501,1256.927,55.74356,-0.02029512,0.8943246,-0.4469582,0,0.25,1,0.1399924,51.33,-50.13853,18.00039,-2541.501,2506.928,70.53004,-0.0160703,0.7081512,-0.7058779,0,0,1
5,0.1400038,-48.67393,24.85498,-19.49694,2409.126,-1242.785,55.07815,-0.01484088,-0.894307,0.4472077,3.402823E+38,0.75,0,0.1400076,-23.67321,49.86187,-32.00058,1171.266,-2492.877,55.15191,-0.01482114,-0.443888,0.8959597,3.402823E+38,1,0.25,0.1400076,-48.67825,49.85649,-31.99789,2408.758,-2492.8,69.90781,-0.01171496,-0.7060047,0.7081102,3.402823E+38,1,0,0.1400038,-23.67438,24.85606,-19.49748,1171.22,-1242.733,34.55439,-0.02352997,-0.7047443,0.7090712,3.402823E+38,0.75,0.25,0.14,-48.66582,-0.1392504,-6.999636,2408.946,7.235189,49.20285,-0.01659527,-0.9998584,-0.002801659,3.402823E+38,0.5,0,0.1400076,1.327532,49.85893,-31.99911,-66.16617,-2492.652,49.36664,-0.01654061,0.005966551,0.9998454,3.402823E+38,1,0.5,0.14,-23.66374,-0.136719,-7.000901,1171.168,6.702412,24.20789,-0.03338337,-0.9994273,-0.005533417,3.402823E+38,0.5,0.25,0.1399962,-48.66834,-25.13647,5.499167,2408.336,1256.952,55.19962,-0.01480865,-0.8922564,-0.4512862,3.402823E+38,0.25,0,0.1400038,1.329845,24.85547,-19.49719,-66.09863,-1243.044,24.37096,-0.03316433,0.01205602,0.9993772,3.402823E+38,0.75,0.5,0.1400076,26.33492,49.85629,-31.9978,-1304.138,-2492.831,55.41663,-0.01475098,0.4525473,0.8916184,3.402823E+38,1,0.75,0.1399962,-23.66599,-25.13342,5.497643,1170.899,1256.976,34.74572,-0.02340245,-0.7006805,-0.7130913,3.402823E+38,0.25,0.25,0.1399924,-48.6606,-50.14081,18.00153,2407.918,2507.266,70.097,-0.01168378,-0.7038627,-0.71024,3.402823E+38,0,0,0.1399924,-23.66201,-50.14152,18.00189,1170.613,2506.885,55.39766,-0.01475626,-0.441736,-0.8970237,3.402823E+38,0,0.25,0.1400038,26.3281,24.8507,-19.4948,-1304.242,-1242.576,34.97156,-0.02325324,0.7131939,0.7005811,3.402823E+38,0.75,0.75,0.1400076,51.33,49.8615,-32.0004,-2541.501,-2493.076,70.33036,-0.01164507,0.7101475,0.7039567,0,1,1,0.1400038,51.33,24.86149,-19.5002,-2541.501,-1243.075,55.61475,-0.01469896,0.8963776,0.4430474,0,0.75,1,0.14,1.326005,-0.1406405,-6.998941,-66.08235,7.093297,0.3875514,-0.9293349,0.3335078,-0.1584589,3.402823E+38,0.5,0.5,0.1399962,1.335979,-25.14337,5.502617,-66.87531,1256.78,24.65875,-0.03278526,0.01216191,-0.9993884,3.402823E+38,0.25,0.5,0.1399924,1.34096,-50.14145,18.00185,-66.96326,2506.956,49.64919,-0.01644772,0.006200706,-0.9998455,3.402823E+38,0,0.5,0.14,26.33046,-0.1416093,-6.998456,-1303.671,6.837802,24.81429,-0.03258367,0.9994534,-0.005594044,3.402823E+38,0.5,0.75,0.14,51.33,-0.1385164,-7.000003,-2541.501,6.925822,49.80696,-0.01639599,0.9998618,-0.002753424,0,0.5,1,0.1399962,26.32977,-25.14479,5.50333,-1303.831,1256.879,35.17939,-0.023118,0.7090862,-0.7047427,3.402823E+38,0.25,0.75,0.1399924,26.32598,-50.14684,18.00455,-1303.924,2506.71,55.67181,-0.01468424,0.4503322,-0.8927403,3.402823E+38,0,0.75,0.1399962,51.33,-25.13853,5.500196,-2541.501,1256.927,55.73803,-0.01466688,0.8944126,-0.4470022,0,0.25,1,0.1399924,51.33,-50.13853,18.00039,-2541.501,2506.928,70.52565,-0.01161327,0.7081949,-0.7059215,0,0,1
6,0.1400038,-48.66834,24.84614,-19.49252,2408.394,-1243.031,55.06545,-0.00923531,-0.8944108,0.4471508,3.402823E+38,0.75,0,0.1400076,-23.67015,49.85442,-31.99686,1170.902,-2492.565,55.14013,-0.009222846,-0.443927,0.8960155,3.402823E+38,1,0.25,0.1400076,-48.66561,49.85056,-31.99493,2408.486,-2492.761,69.89172,-0.007290067,-0.7059865,0.7081878,3.402823E+38,1,0,0.1400038,-23.6711,24.8587,-19.4988,1170.722,-1242.737,34.548,-0.01464175,-0.7047791,0.7092757,3.402823E+38,0.75,0.25,0.14,-48.67022,-0.1438795,-6.997321,2408.623,7.053495,49.20308,-0.01032467,-0.9999425,-0.00289478,3.402823E+38,0.5,0,0.1400076,1.332122,49.85748,-31.99839,-66.60201,-2493.016,49.36103,-0.01029181,0.006059283,0.9999287,3.402823E+38,1,0.5,0.14,-23.66434,-0.1439667,-6.997277,1171.353,7.244365,24.20009,-0.02077596,-0.9997672,-0.005828589,3.402823E+38,0.5,0.25,0.1399962,-48.66664,-25.14423,5.503047,2408.308,1257.175,55.19786,-0.009213492,-0.892254,-0.4514397,3.402823E+38,0.25,0,0.1400038,1.332979,24.86019,-19.49955,-66.5537,-1242.643,24.36733,-0.02063608,0.01218382,0.9997128,3.402823E+38,0.75,0.5,0.1400076,26.33581,49.86042,-31.99986,-1303.836,-2492.934,55.41698,-0.009177182,0.4525603,0.8916866,3.402823E+38,1,0.75,0.1399962,-23.66708,-25.14802,5.504942,1170.967,1257.277,34.75098,-0.01455766,-0.7006068,-0.7133991,3.402823E+38,0.25,0.25,0.1399924,-48.6708,-50.13523,17.99874,2408.581,2506.897,70.09727,-0.007269057,-0.7040045,-0.7101583,3.402823E+38,0,0,0.1399924,-23.67143,-50.14885,18.00555,1170.808,2506.802,55.40466,-0.009179479,-0.4418492,-0.8970423,3.402823E+38,0,0.25,0.1400038,26.32923,24.86533,-19.50212,-1303.921,-1242.787,34.97674,-0.0144648,0.7131217,0.700891,3.402823E+38,0.75,0.75,0.1400076,51.33,49.8615,-32.0004,-2541.501,-2493.076,70.32742,-0.007245222,0.710177,0.7039859,0,1,1,0.1400038,51.33,24.86149,-19.5002,-2541.501,-1243.075,55.61103,-0.009145514,0.896437,0.4430768,0,0.75,1,0.14,1.333104,-0.1440789,-6.997221,-66.36082,7.19217,0.1131656,-0.8369159,0.4943262,-0.2349756,3.402823E+38,0.5,0.5,0.1399962,1.338727,-25.14006,5.500965,-66.68511,1257.213,24.64719,-0.02040672,0.01227682,-0.9997164,3.402823E+38,0.25,0.5,0.1399924,1.331926,-50.1371,17.99968,-66.42029,2507.286,49.64064,-0.01023472,0.006021593,-0.9999295,3.402823E+38,0,0.5,0.14,26.33484,-0.1370825,-7.00072,-1304.038,6.864229,24.81042,-0.02027497,0.9997798,-0.005416051,3.402823E+38,0.5,0.75,0.14,51.33,-0.1385164,-7.000003,-2541.501,6.925822,49.80281,-0.01020158,0.9999442,-0.002753651,0,0.5,1,0.1399962,26.32524,-25.13912,5.500493,-1303.919,1256.938,35.16634,-0.01438813,0.7092188,-0.7048416,3.402823E+38,0.25,0.75,0.1399924,26.32937,-50.13677,17.99951,-1303.986,2506.879,55.66064,-0.009137639,0.4504822,-0.8927386,3.402823E+38,0,0.75,0.1399962,51.33,-25.13853,5.500196,-2541.501,1256.927,55.73432,-0.009125598,0.8944716,-0.4470317,0,0.25,1,0.1399924,51.33,-50.13853,18.00039,-2541.501,2506.928,70.52272,-0.007225513,0.7082241,-0.7059506,0,0,1
7,0.1400038,-48.65874,24.86459,-19.50175,2408.117,-1243.109,55.06305,-0.00329258,-0.8942767,0.4475023,3.402823E+38,0.75,0,0.1400076,-23.66391,49.86597,-32.00263,1170.677,-2493.408,55.14564,-0.003287624,-0.4437708,0.8961343,3.402823E+38,1,0.25,0.1400076,-48.65983,49.86507,-32.00219,2408.295,-2493.182,69.89629,-0.002598744,-0.7058586,0.708348,3.402823E+38,1,0,0.1400038,-23.66167,24.86164,-19.50027,1170.657,-1243.131,34.54017,-0.00522103,-0.7046675,0.7095184,3.402823E+38,0.75,0.25,0.14,-48.66159,-0.1376171,-7.000453,2408.024,6.888999,49.19212,-0.003681662,-0.9999894,-0.002769394,3.402823E+38,0.5,0,0.1400076,1.338222,49.86484,-32.00207,-67.06284,-2493.093,49.36613,-0.003668662,0.006180985,0.9999741,3.402823E+38,1,0.5,0.14,-23.65739,-0.1332821,-7.00262,1170.247,6.476786,24.18843,-0.007410338,-0.999958,-0.005398564,3.402823E+38,0.5,0.25,0.1399962,-48.65843,-25.1346,5.498231,2408.083,1257.102,55.18412,-0.003285558,-0.8923267,-0.4513781,3.402823E+38,0.25,0,0.1400038,1.339274,24.86732,-19.50311,-66.93153,-1243.318,24.36992,-0.007356107,0.01243567,0.9998956,3.402823E+38,0.75,0.5,0.1400076,26.32686,49.86419,-32.00174,-1303.83,-2493.154,55.41423,-0.003271832,0.4524226,0.8917977,3.402823E+38,1,0.75,0.1399962,-23.66371,-25.13835,5.500109,1170.74,1256.647,34.73847,-0.005191866,-0.7007601,-0.7133781,3.402823E+38,0.25,0.25,0.1399924,-48.65634,-50.13927,18.00076,2408.165,2506.697,70.08833,-0.00259189,-0.7038888,-0.7103054,3.402823E+38,0,0,0.1399924,-23.65759,-50.13478,17.99852,1170.678,2506.616,55.38387,-0.003273882,-0.4417659,-0.8971244,3.402823E+38,0,0.25,0.1400038,26.32933,24.86035,-19.49963,-1303.72,-1243.134,34.97007,-0.00515775,0.7132583,0.7008823,3.402823E+38,0.75,0.75,0.1400076,51.33,49.8615,-32.0004,-2541.501,-2493.076,70.3258,-0.002582985,0.7101932,0.704002,0,1,1,0.1400038,51.33,24.86149,-19.5002,-2541.501,-1243.075,55.60898,-0.003260543,0.8964697,0.4430929,0,0.75,1,0.14,1.329686,-0.1353001,-7.001611,-66.65365,6.906764,-0.1237177,-0.486203,0.7964392,-0.3595709,3.402823E+38,0.5,0.5,0.1399962,1.338947,-25.14174,5.501801,-66.86317,1256.825,24.6443,-0.007276139,0.01228698,-0.9998981,3.402823E+38,0.25,0.5,0.1399924,1.342386,-50.14098,18.00162,-67.00269,2506.702,49.64229,-0.00364876,0.006229989,-0.9999739,3.402823E+38,0,0.5,0.14,26.33013,-0.141779,-6.998371,-1304.452,6.975201,24.80118,-0.007230871,0.9999582,-0.005603651,3.402823E+38,0.5,0.75,0.14,51.33,-0.1385164,-7.000003,-2541.501,6.925822,49.80053,-0.003637131,0.9999896,-0.002753776,0,0.5,1,0.1399962,26.32952,-25.13937,5.50062,-1303.723,1256.902,35.16634,-0.005129582,0.709339,-0.7048488,3.402823E+38,0.25,0.75,0.1399924,26.32847,-50.14203,18.00214,-1304.245,2506.803,55.66288,-0.003257618,0.4504482,-0.8927966,3.402823E+38,0,0.75,0.1399962,51.33,-25.13853,5.500196,-2541.501,1256.927,55.73228,-0.00325353,0.8945041,-0.4470479,0,0.25,1,0.1399924,51.33,-50.13853,18.00039,-2541.501,2506.928,70.5211,-0.002576097,0.7082403,-0.7059668,0,0,1
8,-20.74062,-45.32977,21.91692,853.1823,2281.23,-1060.282,54.8158,-0.3749864,-0.8380927,0.3962145,3.402823E+38,0.75,0,-8.19752,-23.01958,45.61329,352.7211,1156.544,-2293.675,51.7129,-0.1570411,-0.4606061,0.8736018,3.402823E+38,1,0.25,-1.902011,-46.414,38.32078,27.42989,2323.412,-1995.504,60.51672,-0.03120557,-0.7775573,0.6280373,3.402823E+38,1,0,-19.06464,-20.19565,23.16478,868.8662,1023.813,-1163.723,36.25151,-0.5188001,-0.577545,0.6303081,3.402823E+38,0.75,0.25,-27.19788,-43.1561,-2.709548,1265.449,2166.903,120.5908,51.45757,-0.5235028,-0.8504266,-0.05214924,3.402823E+38,0.5,0,-9.400057,1.770313,48.55314,344.418,-73.63258,-2425.974,48.96064,-0.1900927,0.01496773,0.9816521,3.402823E+38,1,0.5,-19.44095,-19.40008,-2.109477,932.969,974.5916,90.50449,27.78194,-0.6874704,-0.7223719,-0.07458743,3.402823E+38,0.5,0.25,-16.18456,-45.96158,-24.95098,699.3486,2301.582,1226.502,55.11264,-0.2910599,-0.8449801,-0.4486567,3.402823E+38,0.25,0,-13.01041,4.059448,23.84497,592.2505,-182.134,-1204.353,26.83284,-0.476074,0.1108355,0.8723927,3.402823E+38,0.75,0.5,-4.196018,26.71314,49.63638,127.7083,-1314.261,-2486.23,55.54478,-0.07490562,0.458261,0.8856557,3.402823E+38,1,0.75,-12.41544,-21.442,-25.97541,520.3508,1087.968,1264.47,36.02269,-0.3399939,-0.6152888,-0.711213,3.402823E+38,0.25,0.25,-2.318205,-48.56063,-45.88742,101.0181,2408.725,2326.143,67.10377,-0.03432139,-0.7335483,-0.6787701,3.402823E+38,0,0,-3.335854,-23.57911,-49.30915,145.1993,1172.324,2459.343,54.70998,-0.06045836,-0.4457366,-0.8931202,3.402823E+38,0,0.25,-0.830648,26.34868,24.87032,-15.35633,-1304.26,-1244.063,35.00017,-0.02345619,0.7131989,0.7005691,3.402823E+38,0.75,0.75,0.1400076,51.33,49.8615,-32.0004,-2541.501,-2493.076,70.32569,0.001947838,0.7101943,0.704003,0,1,1,0.1400038,51.33,24.86149,-19.5002,-2541.501,-1243.075,55.60885,0.00245867,0.8964718,0.443094,0,0.75,1,-8.105238,2.886549,-0.6468267,349.9479,-127.6551,20.52472,7.842258,-0.9718338,0.2225475,-0.07753616,3.402823E+38,0.5,0.5,-4.065476,2.112538,-25.4409,147.2547,-93.17533,1254.698,25.28674,-0.1577372,0.04198042,-0.9865884,3.402823E+38,0.25,0.5,-1.073373,1.293739,-50.24299,68.08802,-62.40676,2502.452,49.75519,-0.02139926,0.005247995,-0.9997572,3.402823E+38,0,0.5,0.423643,26.38545,-0.2359393,-32.61731,-1305.841,6.286223,24.86005,0.01662427,0.9998185,-0.009303584,3.402823E+38,0.5,0.75,0.14,51.33,-0.1385164,-7.000003,-2541.501,6.925822,49.80038,0.00274251,0.9999924,-0.002753784,0,0.5,1,1.284528,26.35915,-25.21614,-34.44407,-1304.616,1256.918,35.26401,0.03585943,0.7082301,-0.7050704,3.402823E+38,0.25,0.75,0.2895241,26.33358,-50.29559,14.53605,-1303.965,2507.752,55.80276,0.00510585,0.4494198,-0.893306,3.402823E+38,0,0.75,0.1399962,51.33,-25.13853,5.500196,-2541.501,1256.927,55.73215,0.002453143,0.8945061,-0.447049,0,0.25,1,0.1399924,51.33,-50.13853,18.00039,-2541.501,2506.928,70.521,0.001942266,0.7082413,-0.7059678,0,0,1
9,-62.63264,-25.51987,24.39955,3023.395,1332.692,-1271.493,71.50484,-0.8655732,-0.3687235,0.3388599,3.402823E+38,0.75,0,-40.04927,-12.05662,48.14325,1860.261,663.0625,-2415.638,63.28453,-0.6230679,-0.2051692,0.7547795,3.402823E+38,1,0.25,-52.0575,-34.00887,45.39653,2390.03,1781.739,-2267.464,76.74418,-0.6699575,-0.4536118,0.5877016,3.402823E+38,1,0,-46.4385,-6.006302,24.73729,2253.051,342.5839,-1267.91,52.31611,-0.8734326,-0.1332227,0.4683664,3.402823E+38,0.75,0.25,-55.76479,-30.83563,0.3754149,2712.074,1561.99,-50.00914,63.46175,-0.8670433,-0.4981982,0.005869366,3.402823E+38,0.5,0,-25.29297,8.098358,49.16579,1203.16,-388.0941,-2477.206,55.10149,-0.4493726,0.1271253,0.884253,3.402823E+38,1,0.5,-42.96538,-9.394764,-0.02968307,2081.678,497.6313,-8.761206,43.41354,-0.9714134,-0.2373929,-0.0006759435,3.402823E+38,0.5,0.25,-44.80907,-37.21993,-21.17199,2166.046,1869.985,1056.878,61.88372,-0.7133574,-0.6131396,-0.3393833,3.402823E+38,0.25,0,-27.68715,10.51828,24.76203,1359.253,-530.6161,-1249.546,37.61625,-0.7183279,0.2489301,0.6496451,3.402823E+38,0.75,0.5,-9.714681,28.35873,49.8163,441.3402,-1396.028,-2495.559,57.09362,-0.1633427,0.4745097,0.8649622,3.402823E+38,1,0.75,-37.64766,-13.23807,-24.15065,1821.991,681.6624,1199.979,46.20271,-0.7995356,-0.3055084,-0.5171145,3.402823E+38,0.25,0.25,-29.99694,-43.43833,-41.03808,1419.889,2174.95,2040.778,66.90206,-0.4404873,-0.6597474,-0.608855,3.402823E+38,0,0,-26.98673,-18.91809,-46.18568,1266.542,957.4463,2297.099,56.44595,-0.4685065,-0.3502986,-0.8110441,3.402823E+38,0,0.25,-9.653749,28.32189,24.81651,448.3858,-1393.779,-1245.331,37.55345,-0.2456167,0.7171989,0.6521489,3.402823E+38,0.75,0.75,0.1400076,51.33,49.8615,-32.0004,-2541.501,-2493.076,70.32697,0.00631386,0.7101815,0.7039903,0,1,1,0.1400038,51.33,24.86149,-19.5002,-2541.501,-1243.075,55.61046,0.007969775,0.896446,0.4430813,0,0.75,1,-25.1392,8.475018,-0.0214643,1211.86,-402.2527,-15.10824,25.42408,-0.9578747,0.2871854,-0.0008279678,3.402823E+38,0.5,0.5,-25.79779,8.769365,-24.71258,1262.862,-424.0892,1239.405,35.83704,-0.7015048,0.2129884,-0.6800934,3.402823E+38,0.25,0.5,-20.276,5.019603,-48.8042,990.7895,-240.3321,2445.396,52.38214,-0.3776098,0.07544329,-0.9228863,3.402823E+38,0,0.5,-9.470183,27.94941,0.01615719,436.9727,-1373.519,0.3994887,27.93616,-0.3222305,0.9466611,0.0005681918,3.402823E+38,0.5,0.75,0.14,51.33,-0.1385164,-7.000003,-2541.501,6.925822,49.80218,0.008889952,0.9999567,-0.002753685,0,0.5,1,-10.9926,28.94747,-24.91999,522.7009,-1414.966,1246.915,38.41747,-0.2745661,0.7173505,-0.6403293,3.402823E+38,0.25,0.75,-10.54011,28.72507,-49.83609,528.2338,-1411.485,2496.735,57.42552,-0.1766566,0.4781152,-0.8603477,3.402823E+38,0,0.75,0.1399962,51.33,-25.13853,5.500196,-2541.501,1256.927,55.73376,0.007952165,0.8944805,-0.4470362,0,0.25,1,0.1399924,51.33,-50.13853,18.00039,-2541.501,2506.928,70.52227,0.006296284,0.7082286,-0.7059551,0,0,1
10,-64.09996,-21.81283,21.40502,3252.253,1042.788,-1116.808,70.27728,-0.8968694,-0.3227425,0.3024278,3.402823E+38,0.75,0,-46.38239,-7.220623,48.11428,2349.887,307.9826,-2435.371,66.41091,-0.6839004,-0.1233076,0.7190797,3.402823E+38,1,0.25,-70.35175,-13.71398,44.21562,3544.682,649.0187,-2265.445,83.37279,-0.8313752,-0.1757898,0.5271748,3.402823E+38,1,0,-41.84899,-10.44542,23.74242,2132.221,486.5707,-1217.688,48.43928,-0.8424112,-0.2344828,0.4851403,3.402823E+38,0.75,0.25,-57.76209,-28.72889,-1.772225,2972.465,1361.994,54.57813,63.94939,-0.8865887,-0.4617404,-0.02749794,3.402823E+38,0.5,0,-28.4239,10.14248,49.0954,1434.195,-533.6562,-2473.153,56.65192,-0.4864563,0.1594432,0.8590333,3.402823E+38,1,0.5,-38.26076,-13.10248,-1.021565,1996.946,588.433,27.40345,39.7175,-0.9358804,-0.3514012,-0.02540102,3.402823E+38,0.5,0.25,-56.31367,-29.42818,-26.72211,2870.954,1440.878,1297.708,68.37188,-0.8086274,-0.4422441,-0.3879974,3.402823E+38,0.25,0,-25.72151,8.641248,24.37756,1319.802,-453.3811,-1235.646,35.30758,-0.7009556,0.2125597,0.6807933,3.402823E+38,0.75,0.5,-12.0241,29.49165,49.66577,591.5451,-1469.362,-2492.067,57.86748,-0.1953503,0.4876286,0.8509151,3.402823E+38,1,0.75,-39.06067,-11.32069,-25.94406,2032.403,520.3454,1274.728,47.49131,-0.8009508,-0.2573525,-0.5405992,3.402823E+38,0.25,0.25,-48.91856,-35.48515,-49.78049,2464.141,1770.615,2430.179,77.88375,-0.6161554,-0.4658509,-0.6350869,3.402823E+38,0,0,-34.27229,-14.95041,-50.32456,1776.914,724.6636,2484.023,62.11212,-0.5374407,-0.2552286,-0.8037511,3.402823E+38,0,0.25,-10.14375,28.54039,24.752,528.9391,-1429.384,-1243.818,37.71187,-0.2491833,0.7199435,0.6477568,3.402823E+38,0.75,0.75,0.1400076,51.33,49.8615,-32.0004,-2541.501,-2493.076,70.32966,0.01075818,0.7101545,0.7039636,0,1,1,0.1400038,51.33,24.86149,-19.5002,-2541.501,-1243.075,55.61386,0.01357943,0.8963918,0.4430544,0,0.75,1,-23.37673,7.376778,-0.4784536,1216.324,-395.283,8.767711,23.12814,-0.9630358,0.268611,-0.02024932,3.402823E+38,0.5,0.5,-21.50836,6.471416,-25.24659,1161.862,-367.7452,1250.413,32.71505,-0.6288223,0.1638238,-0.7600949,3.402823E+38,0.25,0.5,-19.23491,5.015363,-50.10479,1029.785,-267.4638,2489.317,53.09864,-0.3472649,0.07435567,-0.9348146,3.402823E+38,0,0.5,-9.298113,28.03288,-0.1676235,480.1006,-1394.702,2.214345,27.86299,-0.305896,0.9520466,-0.005909937,3.402823E+38,0.5,0.75,0.14,51.33,-0.1385164,-7.000003,-2541.501,6.925822,49.80597,0.01514712,0.9998815,-0.002753478,0,0.5,1,-8.44103,27.84619,-25.15328,431.371,-1377.985,1251.321,37.089,-0.208014,0.7134053,-0.669166,3.402823E+38,0.25,0.75,-7.829684,27.63738,-50.11598,437.5934,-1375.645,2501.362,56.69716,-0.1260149,0.465187,-0.876197,3.402823E+38,0,0.75,0.1399962,51.33,-25.13853,5.500196,-2541.501,1256.927,55.73714,0.01354953,0.8944267,-0.4470093,0,0.25,1,0.1399924,51.33,-50.13853,18.00039,-2541.501,2506.928,70.52495,0.01072839,0.7082019,-0.7059285,0,0,1
11,-5.190634,-48.37208,24.84661,513.1868,2373.653,-1226.986,54.96021,-0.0763206,-0.8907661,0.4480078,3.402823E+38,0.75,0,-12.42291,-22.64486,48.13334,768.3885,1085.029,-2403.166,54.3522,-0.2090168,-0.4316118,0.8775097,3.402823E+38,1,0.25,-15.0893,-47.58358,47.79132,1014.428,2302.501,-2369.785,69.12031,-0.2029784,-0.6982672,0.6864566,3.402823E+38,1,0,-3.262373,-23.45234,24.88046,327.9986,1148.895,-1235.145,34.4819,-0.06587681,-0.6998574,0.7112383,3.402823E+38,0.75,0.25,-1.159041,-48.64977,0.08377771,269.4387,2400.5,2.742888,49.18024,-0.004049181,-0.9999904,0.001686339,3.402823E+38,0.5,0,-8.404761,2.020439,48.83944,461.5871,-113.635,-2450.21,48.91385,-0.1507044,0.02004375,0.9883757,3.402823E+38,1,0.5,-0.4492453,-23.65831,-0.05425628,161.2931,1167.688,7.504372,24.19361,0.0205977,-0.9997854,-0.002197179,3.402823E+38,0.5,0.25,-4.381158,-48.5407,-24.70947,474.4558,2378.72,1236.127,54.99352,-0.06168795,-0.8932701,-0.4452676,3.402823E+38,0.25,0,-2.099493,1.519878,24.75733,187.2398,-80.5331,-1235.301,24.28848,-0.0460543,0.01976232,0.9987434,3.402823E+38,0.75,0.5,-2.102318,26.42794,49.75888,102.0077,-1311.386,-2489.068,55.37765,-0.0204812,0.4545277,0.8904971,3.402823E+38,1,0.75,-0.9386331,-23.67038,-25.0466,182.4755,1167.936,1257.017,34.67728,0.0005470547,-0.7021685,-0.7120107,3.402823E+38,0.25,0.25,-15.93931,-46.91423,-46.86188,1033.665,2243.66,2347.428,68.19591,-0.2180833,-0.6979197,-0.6821641,3.402823E+38,0,0,-7.231092,-23.37018,-49.30352,452.1999,1145.721,2479.247,54.86749,-0.1133014,-0.440695,-0.8904778,3.402823E+38,0,0.25,0.7854576,26.33413,24.92615,-9.772804,-1304.292,-1243.965,35.06194,0.04902249,0.7115509,0.7009223,3.402823E+38,0.75,0.75,0.1400076,51.33,49.8615,-32.0004,-2541.501,-2493.076,70.33407,0.01549939,0.7101103,0.7039198,0,1,1,0.1400038,51.33,24.86149,-19.5002,-2541.501,-1243.075,55.61942,0.01956329,0.8963029,0.4430105,0,0.75,1,-0.3302761,1.339456,-0.1807487,98.07719,-69.58281,11.46462,0.2227145,0.8683939,0.4281863,-0.2500969,3.402823E+38,0.5,0.5,-1.170583,1.323192,-25.01949,156.9767,-69.26118,1253.385,24.52211,-0.008500733,0.01171733,-0.9998952,3.402823E+38,0.25,0.5,-2.753478,1.214266,-49.97439,200.6354,-65.92004,2502.276,49.50698,-0.03590701,0.003684812,-0.9993483,3.402823E+38,0,0.5,0.7850319,26.31806,-0.1471027,-9.671989,-1302.232,8.934274,24.84848,0.06875792,0.9976165,-0.005803214,3.402823E+38,0.5,0.75,0.14,51.33,-0.1385164,-7.000003,-2541.501,6.925822,49.81217,0.0218213,0.9997581,-0.002753139,0,0.5,1,1.551709,26.36686,-25.13845,-38.01559,-1304.754,1258.662,35.27983,0.07013969,0.7081326,-0.7025871,3.402823E+38,0.25,0.75,-0.02431478,26.33381,-50.11861,40.76444,-1304.142,2507.206,55.65184,0.01662567,0.4506319,-0.892555,3.402823E+38,0,0.75,0.1399962,51.33,-25.13853,5.500196,-2541.501,1256.927,55.7427,0.01952028,0.8943384,-0.4469651,0,0.25,1,0.1399924,51.33,-50.13853,18.00039,-2541.501,2506.928,70.52935,0.01545656,0.708158,-0.7058848,0,0,1
12,50.46975,-34.99845,24.05735,-2439.52,1787.305,-1187.925,66.56546,0.7633649,-0.5372131,0.3587145,3.402823E+38,0.75,0,44.55025,-8.898755,47.26478,-2141.452,520.3022,-2375.566,65.70007,0.6839257,-0.149981,0.7139688,3.402823E+38,1,0.25,59.80824,-28.77746,46.4045,-2880.477,1521.994,-2326.134,81.39149,0.7391965,-0.3639873,0.5666584,3.402823E+38,1,0,35.86881,-14.50419,24.49753,-1747.337,748.7831,-1212.498,46.19685,0.7836605,-0.3326603,0.5246078,3.402823E+38,0.75,0.25,46.60436,-37.06777,-0.5405702,-2249.587,1877.139,45.74372,60.26071,0.7789578,-0.6270132,-0.008896707,3.402823E+38,0.5,0,28.93367,10.59342,48.31964,-1391.118,-468.4929,-2425.902,56.99715,0.5158401,0.1663287,0.8403831,3.402823E+38,1,0.5,33.23503,-15.94729,-0.2649698,-1607.631,815.5842,24.91768,37.46877,0.8944377,-0.4471382,-0.006978624,3.402823E+38,0.5,0.25,42.6244,-39.19198,-25.13061,-2035.706,1977.247,1273.275,63.75406,0.6746667,-0.6259835,-0.3911132,3.402823E+38,0.25,0,21.59938,6.016619,24.86914,-1069.916,-291.1938,-1232.887,33.28976,0.6607046,0.1475778,0.7359962,3.402823E+38,0.75,0.5,12.17078,29.41263,49.64542,-607.0637,-1442.493,-2478.91,58.12218,0.2199927,0.4841619,0.846871,3.402823E+38,1,0.75,30.61672,-17.22172,-25.09591,-1482.685,866.1509,1267.635,43.60527,0.7106267,-0.4138217,-0.5690003,3.402823E+38,0.25,0.25,42.2783,-39.33408,-50.11242,-1982.014,1996.72,2523.515,76.89415,0.5556488,-0.5215392,-0.6474962,3.402823E+38,0,0,31.66063,-16.58363,-50.07458,-1434.425,879.0016,2517.396,61.6818,0.5208324,-0.2832603,-0.8052933,3.402823E+38,0,0.25,8.69854,27.842,24.94215,-436.6317,-1374.797,-1242.735,37.31282,0.2492331,0.7090716,0.6596215,3.402823E+38,0.75,0.75,0.1400076,51.33,49.8615,-32.0004,-2541.501,-2493.076,70.33085,0.01222174,0.7101426,0.7039518,0,1,1,0.1400038,51.33,24.86149,-19.5002,-2541.501,-1243.075,55.61536,0.01542666,0.8963678,0.4430426,0,0.75,1,20.83941,5.81261,-0.120902,-1009.412,-273.5515,15.90377,21.58938,0.9762647,0.2165117,-0.00547331,3.402823E+38,0.5,0.5,20.4125,5.597049,-25.11341,-995.6687,-273.418,1264.155,32.64157,0.6378144,0.1378043,-0.7577617,3.402823E+38,0.25,0.5,18.57472,4.721448,-50.02763,-833.8371,-206.7393,2502.507,53.24845,0.3590874,0.06868009,-0.9307735,3.402823E+38,0,0.5,10.29681,28.47718,-0.1278152,-493.1317,-1400.636,11.94105,29.07802,0.3726579,0.9279588,-0.00432129,3.402823E+38,0.5,0.75,0.14,51.33,-0.1385164,-7.000003,-2541.501,6.925822,49.80764,0.0172075,0.9998481,-0.002753386,0,0.5,1,10.445,28.55025,-25.12613,-521.3912,-1419.302,1261.462,38.40335,0.2871391,0.7074006,-0.6458603,3.402823E+38,0.25,0.75,9.487461,28.13741,-50.11478,-419.5018,-1381.878,2508.284,57.38446,0.1764399,0.4683021,-0.8657725,3.402823E+38,0,0.75,0.1399962,51.33,-25.13853,5.500196,-2541.501,1256.927,55.73864,0.0153927,0.8944029,-0.4469973,0,0.25,1,0.1399924,51.33,-50.13853,18.00039,-2541.501,2506.928,70.52614,0.01218792,0.70819,-0.7059166,0,0,1
13,50.6867,-33.8142,21.96734,-2621.41,1629.88,-1076.164,65.13215,0.7785352,-0.5309014,0.334704,3.402823E+38,0.75,0,45.61901,-7.112629,43.98586,-2372.684,299.0029,-2163.83,63.68528,0.7171309,-0.1268613,0.6852952,3.402823E+38,1,0.25,65.85408,-19.76757,36.03471,-3384.977,915.6135,-1754.549,77.7432,0.8469018,-0.2658068,0.4605475,3.402823E+38,1,0,33.13491,-15.74672,24.12349,-1739.876,741.3033,-1182.295,44.09459,0.7522244,-0.3762053,0.5409509,3.402823E+38,0.75,0.25,42.40702,-38.81637,-1.14005,-2225.719,1867.206,87.96346,58.00085,0.7319081,-0.6811245,-0.01948775,3.402823E+38,0.5,0,27.33968,9.506502,47.77567,-1450.967,-513.209,-2361.45,55.39654,0.4964514,0.1516463,0.8547159,3.402823E+38,1,0.5,28.45082,-18.09162,-0.4765634,-1494.401,864.9014,43.9966,34.12403,0.8335555,-0.5522643,-0.01376395,3.402823E+38,0.5,0.25,36.82577,-41.64789,-25.34554,-1926.416,2021.506,1291.769,61.55094,0.6000878,-0.687788,-0.4084634,3.402823E+38,0.25,0,18.99114,4.855649,24.71591,-1008.801,-261.637,-1222.506,31.1532,0.6129355,0.1208614,0.7808345,3.402823E+38,0.75,0.5,10.71066,28.67965,49.6427,-589.3651,-1434.204,-2473.75,57.40143,0.192066,0.4775296,0.8573658,3.402823E+38,1,0.75,25.73599,-19.14405,-25.30705,-1349.31,918.6795,1284.646,41.10606,0.6284234,-0.4848825,-0.6082541,3.402823E+38,0.25,0.25,51.76705,-33.77385,-43.76127,-2620.22,1643.534,2258.724,75.97762,0.6822556,-0.4550854,-0.5722102,3.402823E+38,0,0,36.21271,-14.30547,-47.46446,-1858.798,659.8047,2394.133,61.38127,0.591826,-0.2478209,-0.7670246,3.402823E+38,0,0.25,7.227671,27.36027,24.91747,-388.4415,-1359.305,-1241.872,36.54728,0.2061664,0.7107207,0.6725857,3.402823E+38,0.75,0.75,0.1400076,51.33,49.8615,-32.0004,-2541.501,-2493.076,70.3277,0.007768746,0.7101742,0.7039831,0,1,1,0.1400038,51.33,24.86149,-19.5002,-2541.501,-1243.075,55.61138,0.009806185,0.8964314,0.443074,0,0.75,1,16.88968,4.201024,-0.1875562,-875.6048,-219.059,19.87449,17.08913,0.9835569,0.1802831,-0.01066319,3.402823E+38,0.5,0.5,15.94081,3.851506,-25.15809,-827.889,-205.8235,1268.356,29.63714,0.5425545,0.09362222,-0.8347871,3.402823E+38,0.25,0.5,22.24298,6.353137,-49.22126,-1127.178,-340.4315,2474.539,53.94481,0.4160767,0.09777126,-0.904058,3.402823E+38,0,0.5,7.820187,27.49369,-0.1950669,-398.2481,-1362.725,14.81965,27.2147,0.2969695,0.954861,-0.00703839,3.402823E+38,0.5,0.75,0.14,51.33,-0.1385164,-7.000003,-2541.501,6.925822,49.8032,0.01093837,0.9999364,-0.002753629,0,0.5,1,6.720367,27.21112,-25.16386,-334.8057,-1350.73,1263.064,36.50698,0.1926826,0.7074645,-0.6799761,3.402823E+38,0.25,0.75,9.468147,28.13035,-50.03469,-455.3077,-1395.952,2508.292,57.25363,0.1710435,0.4692406,-0.8663471,3.402823E+38,0,0.75,0.1399962,51.33,-25.13853,5.500196,-2541.501,1256.927,55.73467,0.00978455,0.894466,-0.4470289,0,0.25,1,0.1399924,51.33,-50.13853,18.00039,-2541.501,2506.928,70.52299,0.007747169,0.7082214,-0.7059479,0,0,1
14,-3.686849,-48.54274,24.6067,-54.63812,2404.789,-1221.877,54.96072,-0.0648757,-0.8938351,0.4436779,3.402823E+38,0.75,0,1.372609,-23.67156,49.28083,-272.1351,1163.631,-2451.51,54.64439,0.02650143,-0.4479433,0.8936691,3.402823E+38,1,0.25,-1.486151,-48.55853,49.50756,-250.5351,2402.184,-2457.47,69.58547,-0.01993788,-0.7075436,0.7063884,3.402823E+38,1,0,-2.540895,-23.5431,24.58397,-20.55744,1166.132,-1226.55,34.34568,-0.07037026,-0.7051979,0.7055097,3.402823E+38,0.75,0.25,-7.270176,-48.37194,-0.1788349,203.5023,2403.138,4.040941,49.4215,-0.1438535,-0.9895925,-0.003582322,3.402823E+38,0.5,0,2.245707,1.307716,49.233,-238.8614,-73.57027,-2454.447,48.7891,0.04736346,0.005634424,0.9988618,3.402823E+38,1,0.5,-5.644001,-23.42088,-0.1757626,175.4354,1165.676,5.499952,24.57463,-0.2215469,-0.9751245,-0.00700958,3.402823E+38,0.5,0.25,-7.849174,-48.31696,-25.16611,250.7441,2401.372,1253.133,55.4346,-0.1387402,-0.8822261,-0.4499202,3.402823E+38,0.25,0,-2.843472,1.452528,24.75006,51.26584,-69.44402,-1238.325,24.40647,-0.1106009,0.0169646,0.9937201,3.402823E+38,0.75,0.5,-0.01723559,26.33703,49.76099,-64.07626,-1304.191,-2487.401,55.32658,0.001281824,0.453315,0.8913495,3.402823E+38,1,0.75,-6.790903,-23.29942,-25.15171,249.9121,1160.795,1253.626,35.1293,-0.1881066,-0.6828485,-0.7059277,3.402823E+38,0.25,0.25,1.717143,-48.65093,-48.29621,-273.4228,2399.2,2388.451,68.81075,0.02605568,-0.7167853,-0.6968069,3.402823E+38,0,0,2.176534,-23.64257,-48.45373,-227.9509,1160.891,2407.235,53.92088,0.04162611,-0.4533659,-0.890352,3.402823E+38,0,0.25,-2.564498,26.4812,24.88627,87.59903,-1308.47,-1246.304,35.1822,-0.069382,0.7132744,0.6974422,3.402823E+38,0.75,0.75,0.1400076,51.33,49.8615,-32.0004,-2541.501,-2493.076,70.32593,0.003230499,0.710192,0.7040007,0,1,1,0.1400038,51.33,24.86149,-19.5002,-2541.501,-1243.075,55.60915,0.004077753,0.896467,0.4430916,0,0.75,1,-5.865127,1.654693,-0.06962629,216.4941,-75.40724,0.6261657,5.31043,-0.9941316,0.1075124,-0.01198298,3.402823E+38,0.5,0.5,-5.554461,1.666545,-25.11708,234.8917,-76.68099,1253.276,25.21277,-0.2125662,0.024756,-0.976833,3.402823E+38,0.25,0.5,0.8878779,1.310402,-49.27225,-99.84866,-68.91627,2457.161,48.78272,0.01981776,0.005689653,-0.9997874,3.402823E+38,0,0.5,-3.792078,26.56457,-0.1418824,162.0704,-1311.584,4.868146,25.30211,-0.1435263,0.9896312,-0.005498867,3.402823E+38,0.5,0.75,0.14,51.33,-0.1385164,-7.000003,-2541.501,6.925822,49.80071,0.004548553,0.9999859,-0.002753766,0,0.5,1,-3.644763,26.61843,-25.13962,172.1763,-1314.738,1254.839,35.54737,-0.09864709,0.7098556,-0.697405,3.402823E+38,0.25,0.75,-0.8208262,26.35049,-49.99472,51.60968,-1304.251,2499.694,55.54583,-0.01306129,0.4517818,-0.8920329,3.402823E+38,0,0.75,0.1399962,51.33,-25.13853,5.500196,-2541.501,1256.927,55.73245,0.004068676,0.8945014,-0.4470466,0,0.25,1,0.1399924,51.33,-50.13853,18.00039,-2541.501,2506.928,70.52123,0.0032214,0.708239,-0.7059654,0,0,1
15,13.88739,-46.35633,21.02743,-596.9831,2275.809,-1043.894,53.11124,0.2547651,-0.8838879,0.3922205,3.402823E+38,0.75,0,-2.372995,-21.35851,39.51631,227.4184,1037.417,-1891.199,44.99236,-0.05719891,-0.4921378,0.8686361,3.402823E+38,1,0.25,-10.14909,-42.73651,27.94989,615.2896,2028.971,-1204.308,52.45668,-0.1959753,-0.8264586,0.5277877,3.402823E+38,1,0,16.88629,-21.31862,23.28927,-786.1071,1041.507,-1161.789,35.82234,0.458593,-0.6152859,0.641183,3.402823E+38,0.75,0.25,22.57331,-45.16322,-2.611098,-1010.873,2227.365,146.7277,50.87991,0.434882,-0.8990523,-0.05081945,3.402823E+38,0.5,0,5.712255,0.9220653,47.28597,-193.0037,-36.1904,-2335.963,47.10294,0.1151848,-0.002267396,0.9933415,3.402823E+38,1,0.5,19.95192,-20.03856,-2.017972,-901.2962,996.3394,119.665,28.43001,0.6817421,-0.7282596,-0.06975359,3.402823E+38,0.5,0.25,3.529909,-45.21386,-19.0993,-71.03938,2239.894,970.9655,49.64153,0.06582948,-0.9222666,-0.3809078,3.402823E+38,0.25,0,15.27461,3.835887,24.07362,-709.7234,-188.0118,-1191.001,28.02681,0.5274158,0.09835966,0.8438945,3.402823E+38,0.75,0.5,4.869576,26.78647,49.62305,-220.3357,-1318.076,-2481.182,55.60149,0.08271542,0.459105,0.8845229,3.402823E+38,1,0.75,8.957652,-21.19069,-24.44464,-350.3615,1048.265,1240.382,33.6685,0.2554556,-0.6503266,-0.7154143,3.402823E+38,0.25,0.25,-20.69552,-39.03843,-22.229,1140.379,1929.009,1117.285,49.87308,-0.4153932,-0.7954333,-0.4412872,3.402823E+38,0,0,-12.60853,-20.20923,-37.54364,738.5214,988.3762,1884.953,44.50483,-0.2852505,-0.4719322,-0.8342135,3.402823E+38,0,0.25,5.147231,26.83822,24.62463,-186.0009,-1315.037,-1230.975,35.50868,0.1365813,0.7167223,0.6838527,3.402823E+38,0.75,0.75,0.1400076,51.33,49.8615,-32.0004,-2541.501,-2493.076,70.32561,-0.001258167,0.7101951,0.7040038,0,1,1,0.1400038,51.33,24.86149,-19.5002,-2541.501,-1243.075,55.60875,-0.001588241,0.8964733,0.4430948,0,0.75,1,13.78146,4.417771,-0.8742971,-562.4743,-197.2055,50.92079,13.49669,0.9682533,0.2420409,-0.06246455,3.402823E+38,0.5,0.5,9.546163,3.646359,-26.44698,-374.5762,-181.9436,1332.288,27.66195,0.330838,0.09290405,-0.9391033,3.402823E+38,0.25,0.5,-3.583249,0.7828879,-47.5269,277.8479,-44.35241,2389.05,47.1802,-0.07995704,-0.005182697,-0.9967848,3.402823E+38,0,0.5,1.873968,26.37799,0.0484008,-11.98502,-1307.377,-2.824183,24.90134,0.06475443,0.9978994,0.001905443,3.402823E+38,0.5,0.75,0.14,51.33,-0.1385164,-7.000003,-2541.501,6.925822,49.80027,-0.001771721,0.9999946,-0.00275379,0,0.5,1,-0.2569913,26.34107,-24.8623,118.915,-1309.78,1240.586,34.98268,-0.01369991,0.713336,-0.7006884,3.402823E+38,0.25,0.75,-3.208063,26.5537,-49.64212,300.9002,-1336.446,2475.38,55.42507,-0.06146047,0.456391,-0.8876541,3.402823E+38,0,0.75,0.1399962,51.33,-25.13853,5.500196,-2541.501,1256.927,55.73205,-0.001584894,0.8945077,-0.4470498,0,0.25,1,0.1399924,51.33,-50.13853,18.00039,-2541.501,2506.928,70.52092,-0.001254921,0.7082421,-0.7059686,0,0,1
16,60.52565,-27.30631,23.34845,-2937.937,1428.737,-1151.305,69.81829,0.852856,-0.4029721,0.3320394,3.402823E+38,0.75,0,44.00773,-9.138877,48.92752,-2112.223,538.9965,-2431.161,65.7232,0.6561667,-0.1535546,0.7388276,3.402823E+38,1,0.25,65.63972,-22.1151,47.1957,-3195.739,1189.242,-2350.201,83.1615,0.7779619,-0.2766517,0.5641268,3.402823E+38,1,0,42.86633,-9.375096,23.98354,-2098.979,500.912,-1182.089,49.23717,0.8507129,-0.2092016,0.4822056,3.402823E+38,0.75,0.25,52.7406,-33.03996,-0.4802598,-2607.613,1645.933,66.7785,61.825,0.8373258,-0.54665,-0.007705733,3.402823E+38,0.5,0,27.95378,10.023,49.33239,-1325.204,-422.11,-2464.276,56.64273,0.4794925,0.1573778,0.8633187,3.402823E+38,1,0.5,39.8007,-11.64809,-0.6503457,-1987.883,571.4487,57.46088,40.7485,0.9514631,-0.3073587,-0.01576653,3.402823E+38,0.5,0.25,45.811,-37.15018,-24.21939,-2159.096,1884.577,1209.407,63.47247,0.7074408,-0.596822,-0.3785909,3.402823E+38,0.25,0,24.58803,7.739269,24.6775,-1203.325,-361.5537,-1218.017,34.59437,0.6848323,0.1911779,0.7031754,3.402823E+38,0.75,0.5,10.09745,28.39619,49.74707,-461.1717,-1379.042,-2480.275,57.07388,0.1657554,0.475323,0.8640562,3.402823E+38,1,0.75,34.5868,-14.8294,-24.89235,-1636.084,766.3844,1241.945,44.54845,0.7554651,-0.352052,-0.5525684,3.402823E+38,0.25,0.25,38.72795,-40.79708,-48.37656,-1724.143,2090.701,2384.71,73.97836,0.5125473,-0.5616004,-0.6495385,3.402823E+38,0,0,25.23223,-19.55446,-47.52533,-1083.587,1014.584,2334.481,56.87054,0.4301503,-0.3587984,-0.8283926,3.402823E+38,0,0.25,9.614959,28.19494,24.7469,-500.0546,-1399.201,-1231.801,37.34758,0.2393994,0.7177458,0.653857,3.402823E+38,0.75,0.75,0.1400076,51.33,49.8615,-32.0004,-2541.501,-2493.076,70.32677,-0.005848956,0.7101834,0.7039923,0,1,1,0.1400038,51.33,24.86149,-19.5002,-2541.501,-1243.075,55.61021,-0.007383086,0.8964501,0.4430833,0,0.75,1,24.89403,8.417676,-0.3160447,-1273.594,-430.5607,27.35605,24.93819,0.9568196,0.2904167,-0.01242403,3.402823E+38,0.5,0.5,24.70866,8.13091,-25.46069,-1203.157,-393.7383,1286.657,35.30648,0.6745816,0.1983135,-0.7110636,3.402823E+38,0.25,0.5,17.32702,4.113182,-48.99973,-771.7094,-179.1993,2440.286,51.3826,0.3232827,0.05942613,-0.9444347,3.402823E+38,0,0.5,9.530519,28.13982,-0.2301054,-538.6108,-1431.803,14.3856,28.05816,0.3143147,0.9492846,-0.00805743,3.402823E+38,0.5,0.75,0.14,51.33,-0.1385164,-7.000003,-2541.501,6.925822,49.8019,-0.00823568,0.9999623,-0.002753701,0,0.5,1,11.64568,29.13894,-25.12104,-595.8311,-1457.02,1263.417,38.79629,0.2822507,0.7153078,-0.6392725,3.402823E+38,0.25,0.75,9.168277,28.01992,-49.97738,-429.9755,-1386.161,2502.709,56.94906,0.1499416,0.4698061,-0.8699424,3.402823E+38,0,0.75,0.1399962,51.33,-25.13853,5.500196,-2541.501,1256.927,55.73351,-0.007367034,0.8944845,-0.4470382,0,0.25,1,0.1399924,51.33,-50.13853,18.00039,-2541.501,2506.928,70.52207,-0.005833087,0.7082306,-0.7059571,0,0,1
17,66.45512,-18.69031,17.88853,-3385.721,865.4083,-853.9005,70.28121,0.9265552,-0.2786095,0.2527299,3.402823E+38,0.75,0,50.8712,-2.723201,45.3834,-2641.297,54.18982,-2221.245,67.12852,0.739315,-0.0554973,0.6710688,3.402823E+38,1,0.25,69.24843,-19.77897,42.70921,-3527.869,925.8798,-2092.647,82.76084,0.8212265,-0.249925,0.5129567,3.402823E+38,1,0,45.52581,-5.424133,21.10939,-2349.135,204.4558,-1015.398,49.31152,0.8964471,-0.1295711,0.4237853,3.402823E+38,0.75,0.25,55.944,-29.45915,-2.216931,-2854.11,1415.486,148.6611,62.48716,0.8743302,-0.4840535,-0.03519656,3.402823E+38,0.5,0,31.21783,12.51298,47.95868,-1641.53,-674.6817,-2364.95,57.40283,0.5240749,0.1983147,0.8282614,3.402823E+38,1,0.5,37.02482,-13.17237,-0.9502687,-1897.367,622.8303,72.46069,38.35365,0.9304762,-0.365535,-0.02445764,3.402823E+38,0.5,0.25,49.29424,-35.11275,-25.63827,-2522.795,1687.604,1322.47,65.13758,0.7377148,-0.5506411,-0.3906036,3.402823E+38,0.25,0,25.10466,8.710325,24.00214,-1307.491,-460.1266,-1180.275,34.46129,0.6931164,0.2196808,0.6865347,3.402823E+38,0.75,0.5,12.35892,29.52127,49.62001,-669.7693,-1477.643,-2471.637,57.85956,0.1968229,0.4882023,0.8502465,3.402823E+38,1,0.75,32.98835,-15.73128,-25.49386,-1689.271,744.0189,1298.944,43.79797,0.7249977,-0.3783759,-0.5755085,3.402823E+38,0.25,0.25,63.02211,-22.71254,-42.47167,-3153.538,1098.809,2226.278,78.43121,0.7873906,-0.3008004,-0.5380847,3.402823E+38,0,0,43.25242,-7.642793,-46.75465,-2190.063,303.2659,2352.036,63.19677,0.6653398,-0.1361575,-0.7340191,3.402823E+38,0,0.25,9.216211,28.03281,24.85951,-484.2897,-1392.703,-1238.184,37.13995,0.2216739,0.7173976,0.6604555,3.402823E+38,0.75,0.75,0.1400076,51.33,49.8615,-32.0004,-2541.501,-2493.076,70.32935,-0.01034052,0.7101577,0.7039667,0,1,1,0.1400038,51.33,24.86149,-19.5002,-2541.501,-1243.075,55.61346,-0.01305241,0.8963982,0.4430576,0,0.75,1,20.09877,5.737607,-0.3131036,-1030.266,-296.8731,27.65694,19.29677,0.9711862,0.2377967,-0.01581589,3.402823E+38,0.5,0.5,18.55309,4.665735,-25.31264,-930.2444,-238.0328,1277.329,30.58946,0.568703,0.1169443,-0.8141873,3.402823E+38,0.25,0.5,23.95143,8.001284,-49.48906,-1172.792,-401.1951,2492.7,54.54913,0.4192439,0.1266375,-0.898998,3.402823E+38,0,0.5,7.219813,27.1577,-0.1634082,-364.3899,-1343.917,11.09759,26.38815,0.2360666,0.9717179,-0.006077332,3.402823E+38,0.5,0.75,0.14,51.33,-0.1385164,-7.000003,-2541.501,6.925822,49.80553,-0.01455943,0.9998902,-0.002753502,0,0.5,1,6.729801,27.22019,-25.15455,-334.9897,-1350.8,1260.731,36.28297,0.1592417,0.7120196,-0.6838642,3.402823E+38,0.25,0.75,7.957026,27.58794,-50.14538,-372.6381,-1366.19,2510.844,56.68457,0.1238902,0.4644249,-0.8769041,3.402823E+38,0,0.75,0.1399962,51.33,-25.13853,5.500196,-2541.501,1256.927,55.73675,-0.01302393,0.894433,-0.4470124,0,0.25,1,0.1399924,51.33,-50.13853,18.00039,-2541.501,2506.928,70.52464,-0.0103123,0.7082049,-0.7059315,0,0,1
18,0.4071813,-48.46133,24.85912,-313.5707,2395.072,-1244.144,54.88548,-0.007744268,-0.8935795,0.4488381,3.402823E+38,0.75,0,6.703516,-23.38687,49.19403,-537.3515,1134.782,-2456.326,54.73281,0.1062306,-0.4420718,0.8906669,3.402823E+38,1,0.25,7.81922,-48.5111,48.73338,-722.3502,2365.179,-2425.344,69.34288,0.09998325,-0.7093222,0.6977574,3.402823E+38,1,0,1.21642,-23.45563,24.8011,-246.0559,1157.704,-1241.037,34.35377,0.01091184,-0.7025247,0.7115758,3.402823E+38,0.75,0.25,4.486998,-48.54494,-0.05650039,-462.9959,2386.924,6.259612,49.20923,0.07344505,-0.9972986,-0.001136618,3.402823E+38,0.5,0,2.793455,1.295847,49.73513,-263.8493,-72.20984,-2484.467,49.27435,0.03932454,0.005341039,0.9992122,3.402823E+38,1,0.5,4.296322,-23.54352,-0.04876275,-356.9012,1153.804,8.216463,24.31599,0.1394351,-0.9902293,-0.001964973,3.402823E+38,0.5,0.25,8.025197,-48.34688,-24.80555,-527.2699,2379.766,1255.891,55.22319,0.1290144,-0.8861099,-0.4451566,3.402823E+38,0.25,0,2.476704,1.509322,24.8122,-229.9179,-79.82213,-1238.409,24.371,0.0659645,0.01927232,0.9976358,3.402823E+38,0.75,0.5,-0.01542386,26.3358,49.83545,-76.00706,-1305.004,-2491.367,55.39885,-0.01523332,0.4527069,0.8915292,3.402823E+38,1,0.75,4.398508,-23.52635,-25.04996,-315.3078,1155.704,1257.95,34.75912,0.101035,-0.6964539,-0.7104533,3.402823E+38,0.25,0.25,12.67729,-47.52403,-49.50687,-843.8957,2312.825,2467.85,69.84656,0.1683265,-0.6902118,-0.7037569,3.402823E+38,0,0,13.74672,-22.34094,-48.21832,-837.2724,1065.429,2389.581,54.61707,0.23424,-0.4240236,-0.8748347,3.402823E+38,0,0.25,-0.6686741,26.34664,24.84728,-28.65605,-1303.766,-1242.433,35.0047,-0.04238243,0.7130504,0.6998307,3.402823E+38,0.75,0.75,0.1400076,51.33,49.8615,-32.0004,-2541.501,-2493.076,70.32898,-0.009827809,0.7101613,0.7039704,0,1,1,0.1400038,51.33,24.86149,-19.5002,-2541.501,-1243.075,55.613,-0.01240528,0.8964055,0.4430612,0,0.75,1,2.805187,1.443409,-0.1896691,-211.2105,-75.72522,11.89721,1.520935,0.9743438,0.2045632,-0.09385215,3.402823E+38,0.5,0.5,1.618769,1.318664,-25.08473,-130.3553,-68.21889,1256.332,24.5986,0.0311837,0.01150122,-0.9994475,3.402823E+38,0.25,0.5,8.419765,2.068856,-49.13531,-483.4278,-119.2011,2454.14,49.22796,0.152503,0.02089078,-0.9880822,3.402823E+38,0,0.5,0.1608023,26.29994,-0.1414451,-62.3805,-1304.438,8.228404,24.77936,-0.02671346,0.9996275,-0.005595281,3.402823E+38,0.5,0.75,0.14,51.33,-0.1385164,-7.000003,-2541.501,6.925822,49.80501,-0.01383762,0.9999005,-0.00275353,0,0.5,1,-0.6224103,26.33762,-25.13045,17.54614,-1304.322,1256.122,35.19513,-0.04086024,0.7089937,-0.7040302,3.402823E+38,0.25,0.75,0.4754915,26.33494,-50.09977,-46.93607,-1305.511,2504.988,55.62893,-0.006424671,0.4508359,-0.8925837,3.402823E+38,0,0.75,0.1399962,51.33,-25.13853,5.500196,-2541.501,1256.927,55.73629,-0.01237822,0.8944403,-0.4470161,0,0.25,1,0.1399924,51.33,-50.13853,18.00039,-2541.501,2506.928,70.52428,-0.009801001,0.7082086,-0.7059352,0,0,1
19,-50.4989,-34.72451,23.90362,2432.409,1763.461,-1219.525,66.22546,-0.7645491,-0.5358452,0.3582383,3.402823E+38,0.75,0,-46.48906,-6.972309,45.24755,2218.478,409.5585,-2313.725,65.23319,-0.7150884,-0.1217392,0.6883517,3.402823E+38,1,0.25,-64.72034,-23.75756,41.29871,3113.491,1266.658,-2140.475,80.59121,-0.8044808,-0.3056751,0.5092871,3.402823E+38,1,0,-35.0695,-14.76194,24.4103,1690.267,755.5374,-1235.355,45.45188,-0.7744077,-0.3436626,0.5312144,3.402823E+38,0.75,0.25,-45.71961,-37.43263,-0.4409646,2198.953,1895.62,-0.2963961,59.64398,-0.7687485,-0.6395092,-0.007331817,3.402823E+38,0.5,0,-29.49946,11.23484,47.47625,1388.718,-511.2335,-2407.099,56.58818,-0.5257734,0.1787558,0.8316302,3.402823E+38,1,0.5,-33.43375,-15.6623,-0.4632043,1619.2,799.3127,8.636414,37.33427,-0.8973276,-0.4411953,-0.01224298,3.402823E+38,0.5,0.25,-44.02443,-38.3899,-25.36496,2107.67,1950.934,1244.982,64.16187,-0.6888204,-0.6096312,-0.3922707,3.402823E+38,0.25,0,-20.93354,5.854518,24.71734,1006.17,-280.3238,-1244.833,32.58028,-0.6484082,0.1458427,0.7471926,3.402823E+38,0.75,0.5,-12.04599,29.51265,49.48357,533.274,-1437.848,-2485.576,57.961,-0.2148778,0.4872077,0.8464373,3.402823E+38,1,0.75,-31.46772,-16.63094,-25.37121,1501.572,860.3311,1251.439,43.98105,-0.719041,-0.397044,-0.5703824,3.402823E+38,0.25,0.25,-49.75808,-35.10138,-49.42089,2376.286,1810.179,2455.229,78.71732,-0.6346348,-0.4561045,-0.6238648,3.402823E+38,0,0,-37.43259,-13.20372,-49.36258,1820.318,693.133,2445.872,63.36985,-0.5941548,-0.2228551,-0.772862,3.402823E+38,0,0.25,-7.727425,27.60608,24.93282,364.6803,-1363.654,-1248.595,36.86158,-0.2206387,0.7113212,0.6673385,3.402823E+38,0.75,0.75,0.1400076,51.33,49.8615,-32.0004,-2541.501,-2493.076,70.32656,-0.005308412,0.7101856,0.7039944,0,1,1,0.1400038,51.33,24.86149,-19.5002,-2541.501,-1243.075,55.60994,-0.00670078,0.8964543,0.4430853,0,0.75,1,-20.33995,5.953155,-0.2731275,979.1907,-279.892,5.001601,20.93087,-0.9731727,0.2297226,-0.01274459,3.402823E+38,0.5,0.5,-19.96157,5.556386,-25.13258,944.7659,-247.4417,1246.055,32.23324,-0.6255889,0.138281,-0.7678,3.402823E+38,0.25,0.5,-22.5739,6.897792,-49.96394,1091.375,-311.3835,2485.993,54.85313,-0.4171378,0.1060065,-0.9026398,3.402823E+38,0,0.5,-7.3517,27.30834,-0.2290735,343.2562,-1345.166,7.283395,26.93181,-0.2868088,0.9579515,-0.008350651,3.402823E+38,0.5,0.75,0.14,51.33,-0.1385164,-7.000003,-2541.501,6.925822,49.8016,-0.007474598,0.9999683,-0.002753717,0,0.5,1,-7.639084,27.57287,-25.22999,347.2415,-1350.792,1257.168,37.01775,-0.2173656,0.707475,-0.6724815,3.402823E+38,0.25,0.75,-9.095874,28.10102,-50.18108,434.2275,-1374.62,2504.551,57.32187,-0.1662322,0.4681796,-0.8678564,3.402823E+38,0,0.75,0.1399962,51.33,-25.13853,5.500196,-2541.501,1256.927,55.73324,-0.006686224,0.8944888,-0.4470403,0,0.25,1,0.1399924,51.33,-50.13853,18.00039,-2541.501,2506.928,70.52186,-0.00529403,0.7082327,-0.7059592,0,0,1
20,-45.77324,-37.27562,24.63676,2375.883,1791.016,-1250.993,64.21242,-0.7104016,-0.5919361,0.3807116,3.402823E+38,0.75,0,-43.90045,-8.604282,44.81318,2260.158,352.7959,-2233.982,63.10632,-0.6933119,-0.1514674,0.7045397,3.402823E+38,1,0.25,-62.10565,-25.04073,39.08575,3186.65,1150.734,-1948.742,77.53329,-0.7984313,-0.3340975,0.5008855,3.402823E+38,1,0,-31.05037,-16.79778,24.99162,1610.254,797.2471,-1265.723,43.30533,-0.7133594,-0.4069773,0.5705154,3.402823E+38,0.75,0.25,-42.59872,-38.98429,-0.2102785,2205.585,1892.631,-10.54798,58.09007,-0.730453,-0.6829535,-0.003588978,3.402823E+38,0.5,0,-26.73096,9.281237,47.98957,1373.866,-503.8316,-2398.859,55.14424,-0.483959,0.1482856,0.8624356,3.402823E+38,1,0.5,-30.41725,-17.16334,-0.05019088,1605.28,807.3787,-13.6045,35.11361,-0.8596665,-0.5108537,-0.001409318,3.402823E+38,0.5,0.25,-49.89036,-34.41202,-23.676,2579.949,1663.152,1159.387,65.26922,-0.7615862,-0.5388846,-0.359986,3.402823E+38,0.25,0,-18.46547,4.804315,24.89992,950.4672,-253.1347,-1253.93,30.84641,-0.5954122,0.1204066,0.7943466,3.402823E+38,0.75,0.5,-10.31802,28.62396,49.69543,511.1687,-1426.905,-2488.868,57.3071,-0.1819256,0.4773455,0.8596769,3.402823E+38,1,0.75,-33.30152,-15.50431,-24.82987,1732.576,742.5905,1228.163,44.35712,-0.7468175,-0.3685994,-0.5535323,3.402823E+38,0.25,0.25,-57.13537,-29.24355,-47.12513,2952.097,1398.703,2328.525,79.65264,-0.7153094,-0.3776988,-0.5879422,3.402823E+38,0,0,-38.95646,-11.8683,-48.85521,2032.629,550.5486,2423.092,63.42428,-0.612522,-0.2017747,-0.7642668,3.402823E+38,0,0.25,-7.179871,27.43251,24.91711,359.2546,-1361.996,-1249.601,36.54587,-0.1991704,0.7126979,0.6726016,3.402823E+38,0.75,0.75,0.1400076,51.33,49.8615,-32.0004,-2541.501,-2493.076,70.32558,-0.0008268617,0.7101954,0.7040041,0,1,1,0.1400038,51.33,24.86149,-19.5002,-2541.501,-1243.075,55.60871,-0.001043809,0.8964741,0.4430951,0,0.75,1,-19.0978,5.379404,-0.08590217,1006.082,-288.8299,-5.54228,19.28066,-0.9755169,0.2198816,-0.004342734,3.402823E+38,0.5,0.5,-19.45184,5.308886,-24.9742,1033.179,-283.2962,1238.537,31.5649,-0.6128324,0.1334445,-0.778864,3.402823E+38,0.25,0.5,-22.16521,6.624362,-49.79493,1180.267,-352.7847,2478.135,54.37231,-0.4075604,0.1019524,-0.9074692,3.402823E+38,0,0.5,-6.871279,27.18756,-0.1693425,377.9994,-1358.943,5.096265,26.59667,-0.2609121,0.9653423,-0.006249567,3.402823E+38,0.5,0.75,0.14,51.33,-0.1385164,-7.000003,-2541.501,6.925822,49.80023,-0.00116442,0.9999955,-0.002753792,0,0.5,1,-7.195805,27.42817,-25.17176,396.0502,-1366.233,1255.026,36.7177,-0.198679,0.7092906,-0.6763383,3.402823E+38,0.25,0.75,-8.088961,27.72222,-50.13795,457.6066,-1383.066,2502.81,56.90184,-0.1443774,0.4650063,-0.8734553,3.402823E+38,0,0.75,0.1399962,51.33,-25.13853,5.500196,-2541.501,1256.927,55.73201,-0.001041656,0.8945083,-0.4470501,0,0.25,1,0.1399924,51.33,-50.13853,18.00039,-2541.501,2506.928,70.52089,-0.0008248027,0.7082424,-0.7059689,0,0,1
21,-37.10494,-41.22363,22.32623,1678.628,2104.698,-1137.714,59.93684,-0.6121606,-0.699137,0.3694143,3.402823E+38,0.75,0,-11.19851,-21.65178,36.64937,478.2423,1114.776,-1972.497,44.00439,-0.249203,-0.5096525,0.8235,3.402823E+38,1,0.25,-11.00435,-42.63691,21.01707,398.9919,2199.314,-1313.081,49.17141,-0.2193709,-0.8791155,0.423122,3.402823E+38,1,0,-32.73827,-15.67135,23.62189,1478.72,839.4153,-1212.601,43.10815,-0.7482635,-0.382987,0.5416852,3.402823E+38,0.75,0.25,-39.98265,-39.87738,-3.018312,1931.272,1998.259,113.106,56.70596,-0.6970388,-0.7150896,-0.05276219,3.402823E+38,0.5,0,-12.97509,1.288616,46.22157,504.3663,-63.34282,-2348.315,47.47984,-0.2681793,0.005390089,0.963354,3.402823E+38,1,0.5,-29.80515,-16.258,-1.653354,1448.331,819.2361,57.49245,33.90256,-0.8632283,-0.5025209,-0.04805904,3.402823E+38,0.5,0.25,-22.86625,-44.36951,-21.73373,1096.403,2220.476,1060.154,54.7396,-0.4119936,-0.8218653,-0.3934447,3.402823E+38,0.25,0,-21.66903,7.556294,23.92537,934.4213,-313.8624,-1224.083,32.36181,-0.6561157,0.1985981,0.7280598,3.402823E+38,0.75,0.5,-6.517918,27.23367,49.55323,203.3535,-1325.962,-2490.474,55.92024,-0.1136123,0.4644374,0.8782882,3.402823E+38,1,0.75,-18.45143,-19.74335,-23.65244,826.5477,1015.105,1122.568,35.93427,-0.5034695,-0.5701596,-0.6491813,3.402823E+38,0.25,0.25,-4.085331,-48.12255,-38.92927,376.016,2396.383,2102.362,62.32739,-0.0633075,-0.7823427,-0.6196225,3.402823E+38,0,0,-3.707533,-23.28601,-43.55046,272.8835,1168.868,2232.271,49.50869,-0.07198044,-0.4862358,-0.870858,3.402823E+38,0,0.25,-3.347103,26.57942,24.76523,89.27191,-1309.047,-1245.387,35.22929,-0.09066,0.7150834,0.6931354,3.402823E+38,0.75,0.75,0.1400076,51.33,49.8615,-32.0004,-2541.501,-2493.076,70.326,0.00350003,0.7101912,0.7040001,0,1,1,0.1400038,51.33,24.86149,-19.5002,-2541.501,-1243.075,55.60923,0.004417978,0.8964658,0.443091,0,0.75,1,-18.34926,6.54038,-0.8322915,874.0557,-331.2312,25.38038,18.57367,-0.9563644,0.2888998,-0.04363563,3.402823E+38,0.5,0.5,-13.51483,4.69386,-25.29597,522.9487,-182.6289,1197.205,28.36271,-0.4645076,0.126941,-0.8764238,3.402823E+38,0.25,0.5,-4.948513,1.169281,-48.51286,260.9464,-55.24119,2414.486,48.25396,-0.09928687,0.002856822,-0.9950548,3.402823E+38,0,0.5,-3.118187,26.32661,-0.09124108,80.83077,-1284.68,-7.570031,24.97526,-0.1181657,0.9929875,-0.003581556,3.402823E+38,0.5,0.75,0.14,51.33,-0.1385164,-7.000003,-2541.501,6.925822,49.8008,0.004928063,0.9999841,-0.002753761,0,0.5,1,-0.8234759,26.34634,-24.9901,0.2553129,-1303.984,1240.056,35.07997,-0.02011217,0.7115334,-0.7023643,3.402823E+38,0.25,0.75,-1.448866,26.38583,-49.94609,97.3986,-1306.531,2485.406,55.52971,-0.02393339,0.4525425,-0.8914216,3.402823E+38,0,0.75,0.1399962,51.33,-25.13853,5.500196,-2541.501,1256.927,55.73253,0.004408155,0.8945001,-0.447046,0,0.25,1,0.1399924,51.33,-50.13853,18.00039,-2541.501,2506.928,70.52129,0.003490191,0.7082384,-0.7059648,0,0,1
22,-67.58548,-20.46318,25.00855,3309.866,1075.85,-1296.326,74.30516,-0.8975962,-0.2873222,0.3343158,3.402823E+38,0.75,0,-49.39954,-3.559354,49.72896,2347.276,284.3578,-2504.535,69.43571,-0.7000556,-0.06562247,0.7110667,3.402823E+38,1,0.25,-72.37975,-13.76885,48.54807,3496.028,789.3335,-2491.474,87.54064,-0.8171123,-0.1680911,0.551428,3.402823E+38,1,0,-49.24349,-3.519758,24.75288,2440.831,188.2961,-1262.874,54.41013,-0.8887767,-0.08285827,0.4507889,3.402823E+38,0.75,0.25,-60.69071,-25.9142,0.7665625,3004.809,1308.284,-70.02391,65.5049,-0.9128119,-0.4082151,0.01161372,3.402823E+38,0.5,0,-29.15958,11.12379,49.62378,1379.867,-499.8024,-2485.323,57.71667,-0.4933111,0.1733831,0.852398,3.402823E+38,1,0.5,-49.79835,-3.628808,-0.6574029,2506.307,186.7719,4.404428,49.08144,-0.9954875,-0.09396274,-0.01325905,3.402823E+38,0.5,0.25,-40.61275,-35.07859,-11.1108,1976.542,1736.044,513.4432,54.64597,-0.7284685,-0.6547821,-0.2014799,3.402823E+38,0.25,0,-28.77834,10.70588,24.29667,1435.995,-539.5763,-1216.356,38.06132,-0.7348735,0.250922,0.6300787,3.402823E+38,0.75,0.5,-10.54316,28.73804,49.35434,466.3951,-1406.862,-2462.599,56.99475,-0.1757118,0.4819229,0.8584146,3.402823E+38,1,0.75,-37.22157,-11.93384,-20.60229,1820.481,585.5781,968.0809,43.60614,-0.8339183,-0.2939237,-0.4671071,3.402823E+38,0.25,0.25,-18.27748,-42.34379,-21.51763,851.4569,2066.903,992.8185,51.0989,-0.3456824,-0.8405952,-0.4170173,3.402823E+38,0,0,-16.2101,-19.57569,-32.81208,765.8589,946.905,1570.487,41.33184,-0.3769724,-0.4925839,-0.7843806,3.402823E+38,0,0.25,-12.51542,29.79024,24.45074,650.2908,-1497.619,-1229.031,39.13319,-0.3046632,0.7256604,0.6169258,3.402823E+38,0.75,0.75,0.1400076,51.33,49.8615,-32.0004,-2541.501,-2493.076,70.32794,0.00819815,0.7101718,0.7039807,0,1,1,0.1400038,51.33,24.86149,-19.5002,-2541.501,-1243.075,55.61169,0.01034819,0.8964265,0.4430716,0,0.75,1,-34.01451,15.39922,0.3024321,1752.084,-807.5993,-37.26078,36.02081,-0.9193075,0.3934529,0.008281089,3.402823E+38,0.5,0.5,-29.55946,11.52429,-24.40215,1483.291,-584.6127,1188.287,38.91446,-0.7387848,0.2662548,-0.6191166,3.402823E+38,0.25,0.5,-13.53135,3.569918,-41.85674,685.1824,-187.3901,2062.967,43.42953,-0.297993,0.057818,-0.9528154,3.402823E+38,0,0.5,-17.42249,34.08311,-0.0656385,920.8108,-1730.88,-6.57726,36.6604,-0.4569875,0.8894714,-0.001766356,3.402823E+38,0.5,0.75,0.14,51.33,-0.1385164,-7.000003,-2541.501,6.925822,49.80355,0.01154293,0.9999295,-0.002753611,0,0.5,1,-17.69232,33.87246,-25.05993,913.9139,-1694.361,1242.564,44.26882,-0.38535,0.7336012,-0.5597631,3.402823E+38,0.25,0.75,-10.65939,28.83287,-48.92436,565.4547,-1432.198,2437.843,56.69279,-0.1786718,0.4861255,-0.8554288,3.402823E+38,0,0.75,0.1399962,51.33,-25.13853,5.500196,-2541.501,1256.927,55.73498,0.01032536,0.8944612,-0.4470265,0,0.25,1,0.1399924,51.33,-50.13853,18.00039,-2541.501,2506.928,70.52324,0.008175392,0.7082189,-0.7059455,0,0,1
23,-55.97134,-28.61428,17.25274,2912.584,1327.914,-871.3126,64.50746,-0.8494801,-0.4560135,0.2653964,3.402823E+38,0.75,0,-47.93271,-5.460532,42.94694,2465.872,198.3944,-2157.745,63.63181,-0.7357334,-0.1012061,0.6696667,3.402823E+38,1,0.25,-66.71031,-21.85293,38.79559,3419.318,997.2686,-1964.245,79.3727,-0.8258331,-0.2864925,0.4857177,3.402823E+38,1,0,-37.71796,-11.83169,21.03534,1975.118,523.1312,-1055.64,43.93678,-0.8319497,-0.2894379,0.4733768,3.402823E+38,0.75,0.25,-42.53418,-38.21062,-1.312333,2258.106,1824.716,58.30642,56.83731,-0.7287644,-0.6843818,-0.02288794,3.402823E+38,0.5,0,-29.85806,11.43397,46.54761,1552.671,-630.8812,-2321.67,55.3773,-0.5209499,0.1861932,0.8330325,3.402823E+38,1,0.5,-27.68645,-18.1003,-1.001607,1484.586,853.2375,49.89796,32.55464,-0.8149433,-0.578748,-0.03030156,3.402823E+38,0.5,0.25,-42.62678,-37.82566,-26.31101,2243.49,1827.058,1308.043,62.39513,-0.6658383,-0.6177849,-0.4183315,3.402823E+38,0.25,0,-20.38808,5.945385,23.93263,1078.059,-326.1221,-1200.338,30.84699,-0.6265128,0.1568057,0.7634747,3.402823E+38,0.75,0.5,-11.2843,29.10445,49.38494,581.4789,-1463.622,-2470.326,57.2758,-0.1823516,0.4859205,0.8547685,3.402823E+38,1,0.75,-26.5018,-18.32439,-25.97413,1397.922,896.732,1295.756,40.88194,-0.6223248,-0.4677013,-0.6276683,3.402823E+38,0.25,0.25,-47.9211,-33.37392,-50.14016,2363.827,1725.009,2536.067,76.46033,-0.6129432,-0.4470344,-0.6515065,3.402823E+38,0,0,-31.60832,-14.69459,-50.26499,1629.935,734.2858,2520.947,60.54214,-0.5055448,-0.2576022,-0.8234474,3.402823E+38,0,0.25,-6.987242,27.36309,24.81435,366.6204,-1364.626,-1243.224,36.21651,-0.1699087,0.7172003,0.6758363,3.402823E+38,0.75,0.75,0.1400076,51.33,49.8615,-32.0004,-2541.501,-2493.076,70.33114,0.01254812,0.7101397,0.7039489,0,1,1,0.1400038,51.33,24.86149,-19.5002,-2541.501,-1243.075,55.61572,0.01583858,0.896362,0.4430397,0,0.75,1,-14.70056,3.598893,-0.2921152,806.3864,-200.1335,13.28328,13.68931,-0.9832595,0.1810443,-0.02058699,3.402823E+38,0.5,0.5,-14.12047,3.393677,-25.50161,822.2301,-201.1195,1268.734,28.39154,-0.4628233,0.08181208,-0.8826672,3.402823E+38,0.25,0.5,-19.97639,7.421326,-49.46498,1059.362,-366.3566,2484.204,52.95404,-0.3597034,0.1195668,-0.9253741,3.402823E+38,0,0.5,-5.404307,26.80797,-0.1577529,329.4239,-1343.545,9.908736,25.69547,-0.1777223,0.9840623,-0.006022147,3.402823E+38,0.5,0.75,0.14,51.33,-0.1385164,-7.000003,-2541.501,6.925822,49.80804,0.01766695,0.9998401,-0.002753364,0,0.5,1,-4.173939,26.70442,-25.12576,268.2137,-1331.866,1258.39,35.58617,-0.09491586,0.7114753,-0.6962713,3.402823E+38,0.25,0.75,-4.28331,26.72223,-50.04682,306.2205,-1337.387,2505.969,55.86725,-0.0627052,0.4558005,-0.8878704,3.402823E+38,0,0.75,0.1399962,51.33,-25.13853,5.500196,-2541.501,1256.927,55.73901,0.01580373,0.8943971,-0.4469945,0,0.25,1,0.1399924,51.33,-50.13853,18.00039,-2541.501,2506.928,70.52642,0.0125134,0.7081872,-0.7059138,0,0,1
24,17.80242,-47.00926,24.22123,-687.2438,2358.309,-1214.422,56.46797,0.3288271,-0.8432679,0.4251727,3.402823E+38,0.75,0,7.724061,-23.46214,48.57594,-204.223,1175.558,-2421.934,54.58524,0.1571067,-0.4446227,0.8818323,3.402823E+38,1,0.25,10.49417,-48.25027,48.10365,-210.7775,2410.411,-2367.338,69.30703,0.1636565,-0.7059499,0.6890945,3.402823E+38,1,0,13.73784,-22.34564,24.33545,-535.9765,1130.922,-1218.147,36.29383,0.3986547,-0.6353142,0.6614002,3.402823E+38,0.75,0.25,12.49381,-47.67266,-0.4650659,-500.7046,2373.296,36.18456,50.02098,0.2657115,-0.9640087,-0.009205401,3.402823E+38,0.5,0,4.885792,1.372793,49.08973,-138.9971,-59.97105,-2452.491,48.93424,0.117651,0.006934325,0.9930308,3.402823E+38,1,0.5,11.57978,-22.69233,-0.7461662,-476.0426,1136.571,41.80899,26.32918,0.4662824,-0.8841987,-0.02781174,3.402823E+38,0.5,0.25,1.5577,-48.04787,-22.94079,93.31926,2373.499,1136.555,53.73197,0.0458751,-0.9049619,-0.4230123,3.402823E+38,0.25,0,9.136207,2.230701,24.524,-364.1032,-95.03255,-1225.895,26.03678,0.3793378,0.04524669,0.9241512,3.402823E+38,0.75,0.5,2.01695,26.40812,49.65256,-86.9718,-1305.131,-2484.271,55.34005,0.05277837,0.4544788,0.8891926,3.402823E+38,1,0.75,5.019257,-23.20476,-24.86152,-119.9217,1153.087,1240.048,34.7252,0.1688977,-0.687995,-0.7057878,3.402823E+38,0.25,0.25,-18.55468,-46.1473,-37.93122,1131.762,2234.385,1834.905,62.54837,-0.279539,-0.7482715,-0.6016209,3.402823E+38,0,0,-12.11161,-22.51522,-43.24652,736.628,1099.873,2161.263,49.99418,-0.2214396,-0.4662957,-0.8564653,3.402823E+38,0,0.25,4.28893,26.67431,24.75306,-184.4802,-1314.609,-1237.876,35.522,0.1448872,0.711907,0.6871652,3.402823E+38,0.75,0.75,0.1400076,51.33,49.8615,-32.0004,-2541.501,-2493.076,70.33364,0.01510871,0.7101146,0.7039241,0,1,1,0.1400038,51.33,24.86149,-19.5002,-2541.501,-1243.075,55.61889,0.01907025,0.8963115,0.4430147,0,0.75,1,6.612718,1.815125,-0.348184,-254.2601,-80.95326,18.92936,7.091655,0.9935799,0.1034195,-0.04586405,3.402823E+38,0.5,0.5,6.054965,1.762361,-25.3675,-197.1919,-81.21899,1269.619,25.82183,0.2653753,0.02782333,-0.9637437,3.402823E+38,0.25,0.5,-7.735106,1.910959,-46.22056,458.175,-93.98074,2333.432,46.22711,-0.1456309,0.01885327,-0.9891593,3.402823E+38,0,0.5,2.122106,26.41229,-0.3250688,-80.94355,-1306.669,13.11887,25.06722,0.1193835,0.9927668,-0.01271428,3.402823E+38,0.5,0.75,0.14,51.33,-0.1385164,-7.000003,-2541.501,6.925822,49.81158,0.02127139,0.99977,-0.002753171,0,0.5,1,5.009175,26.82089,-25.15171,-172.8336,-1317.087,1260.411,36.01102,0.1626734,0.7063863,-0.68888,3.402823E+38,0.25,0.75,-1.634226,26.40602,-49.46152,160.1933,-1312.954,2472.738,55.09569,-0.01266337,0.4564387,-0.8896647,3.402823E+38,0,0.75,0.1399962,51.33,-25.13853,5.500196,-2541.501,1256.927,55.74216,0.01902831,0.8943468,-0.4469694,0,0.25,1,0.1399924,51.33,-50.13853,18.00039,-2541.501,2506.928,70.52892,0.01506696,0.7081622,-0.705889,0,0,1
25,50.90477,-34.51926,23.94782,-2545.705,1720.433,-1160.625,66.51596,0.7687113,-0.5304596,0.3573451,3.402823E+38,0.75,0,49.47084,-4.260864,41.82179,-2456.382,249.0724,-2093.876,64.96191,0.7650555,-0.08082356,0.6388722,3.402823E+38,1,0.25,67.95654,-20.15267,35.26493,-3376.004,1039.548,-1791.373,79.46155,0.8575084,-0.2649107,0.4410236,3.402823E+38,1,0,34.87357,-14.96984,24.57679,-1733.224,757.4263,-1213.226,45.53454,0.7708281,-0.3475617,0.5338772,3.402823E+38,0.75,0.25,47.13463,-36.66015,-0.8084802,-2301.212,1845.777,66.26586,60.3347,0.7848445,-0.6195502,-0.01328979,3.402823E+38,0.5,0,31.46259,12.56642,46.00404,-1582.477,-615.6172,-2283.97,56.75544,0.5601868,0.2014903,0.8034877,3.402823E+38,1,0.5,33.58238,-15.66042,-0.422986,-1668.691,778.5775,36.8968,37.5519,0.8986027,-0.4386226,-0.01111603,3.402823E+38,0.5,0.25,42.01778,-39.45156,-25.1162,-1982.076,1995.361,1266.113,63.42813,0.6668259,-0.6332354,-0.3928818,3.402823E+38,0.25,0,20.6258,5.573846,24.70512,-1028.551,-264.5778,-1225.969,32.39373,0.6456231,0.1381371,0.7510585,3.402823E+38,0.75,0.5,12.52053,29.62059,49.34796,-660.2315,-1472.519,-2458.035,58.02422,0.2243804,0.4885258,0.8432058,3.402823E+38,1,0.75,31.08377,-16.89543,-25.2675,-1516.912,845.5646,1276.023,43.82083,0.7151248,-0.404447,-0.5701045,3.402823E+38,0.25,0.25,42.76894,-39.10305,-50.18815,-1971.838,2001.613,2522.231,77.03287,0.5595059,-0.5176263,-0.6473145,3.402823E+38,0,0,31.79833,-16.57369,-50.21236,-1440.567,879.084,2522.895,61.80205,0.5201992,-0.282554,-0.8059503,3.402823E+38,0,0.25,7.402874,27.42084,24.97356,-373.7555,-1355.24,-1246.778,36.70725,0.2153888,0.7092929,0.6712013,3.402823E+38,0.75,0.75,0.1400076,51.33,49.8615,-32.0004,-2541.501,-2493.076,70.32954,0.01060517,0.7101557,0.7039648,0,1,1,0.1400038,51.33,24.86149,-19.5002,-2541.501,-1243.075,55.61371,0.01338631,0.8963942,0.4430556,0,0.75,1,20.90761,6.069939,-0.2886476,-1062.444,-309.1396,22.43344,21.60297,0.9735687,0.2280209,-0.01305922,3.402823E+38,0.5,0.5,19.99902,5.508788,-25.12062,-996.3136,-279.6196,1265.726,32.30068,0.628346,0.1365456,-0.7658568,3.402823E+38,0.25,0.5,20.27284,5.614017,-50.12425,-944.2759,-257.0736,2515.104,53.99398,0.3832348,0.08411968,-0.9198125,3.402823E+38,0,0.5,8.042134,27.50854,-0.2042932,-424.601,-1373.445,12.85262,27.35739,0.310628,0.9505033,-0.007333536,3.402823E+38,0.5,0.75,0.14,51.33,-0.1385164,-7.000003,-2541.501,6.925822,49.8058,0.01493172,0.9998847,-0.002753487,0,0.5,1,7.782096,27.52808,-25.2086,-402.1957,-1372.015,1262.829,37.02423,0.2236754,0.7061591,-0.6717951,3.402823E+38,0.25,0.75,8.432785,27.7426,-50.16354,-401.5654,-1375.593,2511.375,57.04769,0.1571555,0.4641819,-0.8716865,3.402823E+38,0,0.75,0.1399962,51.33,-25.13853,5.500196,-2541.501,1256.927,55.737,0.01335683,0.894429,-0.4470104,0,0.25,1,0.1399924,51.33,-50.13853,18.00039,-2541.501,2506.928,70.52483,0.0105758,0.708203,-0.7059296,0,0,1
26,28.22256,-44.56178,25.23242,-1560.607,2161.402,-1244.289,58.8987,0.4800062,-0.7675552,0.4247976,3.402823E+38,0.75,0,32.01559,-16.40226,46.10018,-1761.51,739.9598,-2245.871,58.4297,0.5481917,-0.2958146,0.7822912,3.402823E+38,1,0.25,44.76228,-37.80483,42.71184,-2443.563,1767.143,-2035.954,72.72621,0.6152367,-0.5303406,0.5832862,3.402823E+38,1,0,19.17327,-21.15264,25.18372,-1066.079,1019.225,-1244.895,38.2953,0.5016701,-0.5717866,0.6491435,3.402823E+38,0.75,0.25,34.49353,-42.14798,1.131537,-1847.446,2036.974,-34.19306,54.95678,0.6272038,-0.7785879,0.02040395,3.402823E+38,0.5,0,19.99728,5.412929,48.23791,-1107.552,-305.3664,-2382.847,52.0133,0.3863109,0.08346322,0.9185847,3.402823E+38,1,0.5,23.87394,-19.5159,0.6157656,-1263.273,943.157,-10.2156,31.22333,0.761683,-0.6476591,0.0194105,3.402823E+38,0.5,0.25,39.92335,-39.81516,-23.16138,-2071.09,1933.48,1191.869,61.3209,0.6504682,-0.6607014,-0.374653,3.402823E+38,0.25,0,11.25141,2.562707,25.02626,-629.2509,-140.0572,-1241.858,27.10159,0.4181131,0.05552967,0.9066961,3.402823E+38,0.75,0.5,7.844387,27.54921,49.70049,-445.4496,-1373.698,-2477.602,56.41715,0.1429018,0.4659265,0.8732076,3.402823E+38,1,0.75,25.21264,-19.36423,-24.34185,-1313.31,933.7095,1239.11,40.22828,0.6261452,-0.5007387,-0.5976645,3.402823E+38,0.25,0.25,53.7286,-29.86551,-41.47887,-2736.186,1438.07,2123.455,74.28603,0.7222978,-0.4131188,-0.554634,3.402823E+38,0,0,33.91127,-15.51056,-47.46977,-1747.177,709.7235,2388.501,60.3,0.5625074,-0.2720487,-0.7807528,3.402823E+38,0,0.25,4.098991,26.64543,24.99564,-233.5941,-1322.701,-1246.63,35.55812,0.1216971,0.7103928,0.693204,3.402823E+38,0.75,0.75,0.1400076,51.33,49.8615,-32.0004,-2541.501,-2493.076,70.32686,0.006059624,0.7101826,0.7039915,0,1,1,0.1400038,51.33,24.86149,-19.5002,-2541.501,-1243.075,55.61032,0.007648865,0.8964483,0.4430823,0,0.75,1,13.27912,3.191206,0.1154242,-711.5229,-170.8051,5.175766,13.23983,0.9875159,0.157295,0.008400701,3.402823E+38,0.5,0.5,15.13348,3.508795,-24.735,-760.3493,-175.8195,1250.689,28.75445,0.52719,0.08473223,-0.8455124,3.402823E+38,0.25,0.5,20.19849,5.322536,-49.15447,-996.4263,-275.3358,2474.48,52.92595,0.3834779,0.08034552,-0.9200486,3.402823E+38,0,0.5,4.762199,26.68971,-0.1122179,-271.375,-1328.84,8.7361,25.65243,0.1931513,0.9811596,-0.004290915,3.402823E+38,0.5,0.75,0.14,51.33,-0.1385164,-7.000003,-2541.501,6.925822,49.80202,0.008531992,0.9999598,-0.002753694,0,0.5,1,5.600468,26.92944,-25.09281,-271.8959,-1335.124,1259.091,36.03926,0.1611867,0.7088112,-0.6867355,3.402823E+38,0.25,0.75,7.725503,27.51616,-50.00339,-342.5447,-1356.264,2506.81,56.64972,0.14024,0.4634522,-0.8749542,3.402823E+38,0,0.75,0.1399962,51.33,-25.13853,5.500196,-2541.501,1256.927,55.73362,0.007631959,0.8944827,-0.4470373,0,0.25,1,0.1399924,51.33,-50.13853,18.00039,-2541.501,2506.928,70.52216,0.006042746,0.7082297,-0.7059562,0,0,1
27,-13.94509,-46.58466,20.57109,653.6633,2307.435,-1139.883,53.21895,-0.2602167,-0.8863661,0.3829392,3.402823E+38,0.75,0,-21.38812,-20.62366,44.30275,972.8628,1027.041,-2274.996,53.26337,-0.3984424,-0.4027586,0.8240322,3.402823E+38,1,0.25,-31.62558,-42.84747,38.32293,1431.938,2166.825,-2109.229,65.80366,-0.4774859,-0.6617654,0.5779912,3.402823E+38,1,0,-5.006462,-23.67552,24.84931,214.5528,1149.482,-1288.437,34.9013,-0.1423661,-0.6978704,0.7019323,3.402823E+38,0.75,0.25,2.369543,-47.96854,0.5513907,55.713,2363.67,-39.77486,48.55729,0.04761903,-0.9988024,0.01123973,3.402823E+38,0.5,0,-14.41077,3.161897,47.513,641.0673,-159.4357,-2403.527,49.2058,-0.290595,0.0428903,0.9558844,3.402823E+38,1,0.5,1.681792,-22.25964,-0.05178685,34.5629,1128.953,-20.51738,22.84796,0.07059758,-0.9975024,-0.002218047,3.402823E+38,0.5,0.25,-5.26625,-48.13145,-23.4207,145.856,2405.735,1203.009,54.21256,-0.09686501,-0.8985404,-0.4280681,3.402823E+38,0.25,0,-3.834099,2.030564,24.95999,208.1814,-83.13609,-1245.947,24.77767,-0.1530039,0.03958293,0.9874325,3.402823E+38,0.75,0.5,-6.207526,27.15751,49.50383,266.7681,-1340.112,-2479.243,55.82252,-0.1108084,0.463891,0.878935,3.402823E+38,1,0.75,-6.299151,-23.13613,-23.67518,222.7474,1163.338,1212.549,33.91829,-0.1839904,-0.7021305,-0.6878664,3.402823E+38,0.25,0.25,-2.39037,-48.0798,-48.602,-70.74326,2379.952,2453.455,68.63611,-0.03505914,-0.710335,-0.7029901,3.402823E+38,0,0,2.19259,-23.58881,-47.61268,-260.6926,1157.446,2376.734,53.14434,0.04024856,-0.4589266,-0.8875621,3.402823E+38,0,0.25,-0.3570722,26.34308,25.21423,34.26504,-1305.523,-1250.908,35.2304,-0.0109306,0.7084465,0.7056799,3.402823E+38,0.75,0.75,0.1400076,51.33,49.8615,-32.0004,-2541.501,-2493.076,70.32564,0.001504047,0.7101948,0.7040036,0,1,1,0.1400038,51.33,24.86149,-19.5002,-2541.501,-1243.075,55.60878,0.001898478,0.8964729,0.4430945,0,0.75,1,-6.893291,1.685584,0.1492091,372.2903,-75.44781,-6.519198,6.459328,-0.9953222,0.09420224,0.02144015,3.402823E+38,0.5,0.5,-6.281972,1.831549,-24.66874,279.8636,-72.20593,1235.957,24.97693,-0.2478891,0.03146174,-0.9682774,3.402823E+38,0.25,0.5,0.8513782,1.354305,-48.62463,-108.1395,-69.96428,2424.029,48.1326,0.01681785,0.006668476,-0.9998363,3.402823E+38,0,0.5,-2.882173,26.35914,-0.0960898,112.8971,-1285.508,8.317304,24.99658,-0.1143548,0.9934328,-0.003768733,3.402823E+38,0.5,0.75,0.14,51.33,-0.1385164,-7.000003,-2541.501,6.925822,49.80031,0.00211763,0.9999939,-0.002753788,0,0.5,1,-5.147408,26.89277,-24.99139,241.893,-1326.334,1251.01,35.83585,-0.1425834,0.7117701,-0.6877887,3.402823E+38,0.25,0.75,-1.86531,26.4099,-49.9132,85.32905,-1305.85,2492.275,55.52743,-0.03389041,0.4529906,-0.8908709,3.402823E+38,0,0.75,0.1399962,51.33,-25.13853,5.500196,-2541.501,1256.927,55.73208,0.001894179,0.8945072,-0.4470495,0,0.25,1,0.1399924,51.33,-50.13853,18.00039,-2541.501,2506.928,70.52094,0.001499696,0.7082418,-0.7059683,0,0,1
28,31.67146,-42.54577,23.49781,-1431.417,2183.303,-1129.903,58.08632,0.53471,-0.7437875,0.4010802,3.402823E+38,0.75,0,13.25323,-22.53176,45.57448,-490.532,1143.855,-2200.289,52.40386,0.2439985,-0.4453695,0.8614585,3.402823E+38,1,0.25,15.91018,-47.07961,42.36137,-541.6978,2367.782,-1993.75,65.4644,0.2359668,-0.7293268,0.6421853,3.402823E+38,1,0,25.9223,-18.37375,24.42949,-1229.976,959.4114,-1206.328,39.84248,0.63401,-0.4809756,0.6055524,3.402823E+38,0.75,0.25,38.32542,-40.41276,-0.4115953,-1800.257,2064.271,59.4435,55.71567,0.675624,-0.73721,-0.007321718,3.402823E+38,0.5,0,8.026881,1.854201,47.24856,-369.1182,-79.54833,-2344.899,47.3761,0.1604582,0.01721529,0.9868925,3.402823E+38,1,0.5,33.70324,-15.88916,0.3448096,-1591.086,839.8423,0.7143515,36.90541,0.8918088,-0.4523186,0.009218174,3.402823E+38,0.5,0.25,16.05096,-42.84997,-11.51039,-651.2355,2141.411,571.196,47.50651,0.327168,-0.9140421,-0.2397672,3.402823E+38,0.25,0,17.60061,5.196725,24.05466,-872.3332,-236.3172,-1207.684,29.39569,0.5772016,0.1393754,0.8046197,3.402823E+38,0.75,0.5,5.075779,26.82532,49.41566,-295.1028,-1331.968,-2474.432,55.44362,0.08456746,0.4610949,0.8833119,3.402823E+38,1,0.75,19.47702,-19.12237,-19.96114,-847.9064,973.1662,997.3493,33.71415,0.5591911,-0.589007,-0.5834176,3.402823E+38,0.25,0.25,-8.788998,-39.69044,-13.90995,593.6249,1986.384,778.9906,43.48939,-0.2076357,-0.9256877,-0.3162115,3.402823E+38,0,0,-4.313148,-19.38386,-28.72147,334.4545,949.8218,1456.921,35.04356,-0.1310481,-0.5743336,-0.8080639,3.402823E+38,0,0.25,10.84243,28.74249,25.161,-548.0159,-1420.419,-1253.164,38.37491,0.2700368,0.712863,0.6472298,3.402823E+38,0.75,0.75,0.1400076,51.33,49.8615,-32.0004,-2541.501,-2493.076,70.32586,-0.002891054,0.7101926,0.7040014,0,1,1,0.1400038,51.33,24.86149,-19.5002,-2541.501,-1243.075,55.60905,-0.003649415,0.8964686,0.4430924,0,0.75,1,25.341,8.122735,0.4668894,-1194.262,-358.5916,-5.572962,25.48724,0.9618657,0.2729315,0.0179661,3.402823E+38,0.5,0.5,19.69355,5.477603,-24.2337,-904.5219,-241.3735,1221.421,30.82777,0.617624,0.14197,-0.7735535,3.402823E+38,0.25,0.5,1.020925,2.008723,-40.49424,41.66151,-111.9844,2027.503,40.01171,0.01669039,0.02415902,-0.9995688,3.402823E+38,0,0.5,12.54463,29.5719,-0.1742305,-560.9409,-1424.423,15.67125,30.54041,0.3930315,0.9195079,-0.005613024,3.402823E+38,0.5,0.75,0.14,51.33,-0.1385164,-7.000003,-2541.501,6.925822,49.80061,-0.004070906,0.999988,-0.002753771,0,0.5,1,13.74349,30.39756,-25.12815,-645.2893,-1486.754,1260.938,40.40725,0.3275391,0.717906,-0.6142712,3.402823E+38,0.25,0.75,5.266608,26.91626,-48.66734,-228.1455,-1330.457,2442.678,54.84286,0.08893357,0.4677433,-0.8793787,3.402823E+38,0,0.75,0.1399962,51.33,-25.13853,5.500196,-2541.501,1256.927,55.73235,-0.003641549,0.8945029,-0.4470474,0,0.25,1,0.1399924,51.33,-50.13853,18.00039,-2541.501,2506.928,70.52116,-0.002883319,0.7082397,-0.7059662,0,0,1
29,68.34108,-19.39888,18.44801,-3377.563,1028.388,-944.8147,72.55782,0.926308,-0.2796262,0.2525125,3.402823E+38,0.75,0,54.15887,-0.6423348,45.04035,-2657.15,106.1649,-2272.015,69.44859,0.7647306,-0.02390805,0.6439064,3.402823E+38,1,0.25,73.63789,-16.33166,42.68689,-3653.86,858.6462,-2151.161,85.80379,0.8455116,-0.2011691,0.4946121,3.402823E+38,1,0,49.38773,-3.192517,20.63783,-2470.865,174.9187,-1038.862,52.57971,0.9178779,-0.0795505,0.3888083,3.402823E+38,0.75,0.25,57.39402,-29.47628,-2.331681,-2839.837,1484.611,126.6124,63.95169,0.8801473,-0.47332,-0.03617719,3.402823E+38,0.5,0,35.4644,15.83542,47.09528,-1766.359,-758.3895,-2356.437,59.89886,0.5761261,0.2451275,0.7797379,3.402823E+38,1,0.5,39.13243,-12.53165,-0.4164667,-1980.598,593.5292,45.85431,40.2882,0.9430517,-0.3324896,-0.01021047,3.402823E+38,0.5,0.25,48.41824,-35.82625,-24.78821,-2341.951,1805.898,1228.813,64.71515,0.7322103,-0.5651485,-0.3800989,3.402823E+38,0.25,0,30.29653,12.78205,22.87166,-1517.955,-618.4003,-1138.493,38.73175,0.7552425,0.2995546,0.5829886,3.402823E+38,0.75,0.5,15.03691,31.26174,49.40385,-749.606,-1528.593,-2465.985,59.17572,0.2407993,0.5066004,0.8278719,3.402823E+38,1,0.75,36.13871,-14.22931,-25.17323,-1831.906,683.5154,1283.37,45.59531,0.7695287,-0.3310383,-0.5461127,3.402823E+38,0.25,0.25,41.04091,-39.84167,-48.83073,-1833.861,2053.02,2385.338,74.89883,0.5354708,-0.542073,-0.6476325,3.402823E+38,0,0,33.23807,-16.05598,-50.10856,-1495.911,859.9611,2485.33,61.65843,0.5240002,-0.2748779,-0.8061426,3.402823E+38,0,0.25,11.36018,28.98555,24.78053,-563.6571,-1427.251,-1234.026,38.35783,0.2751863,0.7194316,0.637723,3.402823E+38,0.75,0.75,0.1400076,51.33,49.8615,-32.0004,-2541.501,-2493.076,70.32752,-0.007441092,0.7101759,0.7039849,0,1,1,0.1400038,51.33,24.86149,-19.5002,-2541.501,-1243.075,55.61116,-0.009392748,0.896435,0.4430758,0,0.75,1,22.65194,6.741923,-0.1571703,-1144.163,-334.7927,18.91374,22.21533,0.9678438,0.2514567,-0.006919126,3.402823E+38,0.5,0.5,23.07765,7.087424,-25.14175,-1205.97,-387.733,1271.488,33.72039,0.6548905,0.1770121,-0.7347007,3.402823E+38,0.25,0.5,21.84344,6.201134,-50.10066,-1000.199,-276.1501,2500.662,54.1375,0.3875799,0.09464441,-0.9169647,3.402823E+38,0,0.5,9.244764,27.83868,-0.1821613,-504.5963,-1398.348,18.08097,27.64811,0.3047353,0.952415,-0.006471529,3.402823E+38,0.5,0.75,0.14,51.33,-0.1385164,-7.000003,-2541.501,6.925822,49.80296,-0.01047735,0.9999413,-0.002753643,0,0.5,1,11.28697,28.9497,-25.07566,-608.2248,-1463.67,1262.237,38.50104,0.2722987,0.7158706,-0.6429484,3.402823E+38,0.25,0.75,10.04444,28.37149,-50.10744,-487.5829,-1409.601,2510.13,57.34676,0.1621075,0.4726537,-0.8662099,3.402823E+38,0,0.75,0.1399962,51.33,-25.13853,5.500196,-2541.501,1256.927,55.73445,-0.009372289,0.8944695,-0.4470307,0,0.25,1,0.1399924,51.33,-50.13853,18.00039,-2541.501,2506.928,70.52282,-0.007420845,0.7082231,-0.7059497,0,0,1
30,51.03704,-30.6846,19.18011,-2712.586,1379.155,-857.4574,61.77298,0.8035957,-0.5092834,0.3080006,3.402823E+38,0.75,0,40.64677,-10.43574,45.80911,-2173.125,424.3175,-2229.833,61.16215,0.6430529,-0.1859446,0.7429048,3.402823E+38,1,0.25,63.00729,-18.19955,37.23007,-3295.147,805.7152,-1798.983,74.34257,0.8285733,-0.2569334,0.4974451,3.402823E+38,1,0,31.10968,-16.13999,23.41565,-1677.636,732.2498,-1125.202,41.33313,0.7198825,-0.4104399,0.5597395,3.402823E+38,0.75,0.25,38.71064,-40.0075,-0.6375627,-2064.018,1910.167,68.53714,55.24022,0.6766371,-0.7362279,-0.01143811,3.402823E+38,0.5,0,22.92717,6.93793,48.77549,-1240.78,-379.0872,-2413.567,53.30505,0.4076276,0.1098025,0.9065225,3.402823E+38,1,0.5,24.23331,-19.63639,-0.3627138,-1280.824,947.3548,37.38736,30.60084,0.7472005,-0.6644964,-0.01166251,3.402823E+38,0.5,0.25,35.0391,-41.99038,-25.28883,-1863.153,2017.259,1297.399,59.90941,0.5635606,-0.7121471,-0.418624,3.402823E+38,0.25,0,16.73472,4.277709,24.64315,-897.5464,-229.8648,-1218.029,28.92073,0.5349963,0.1103884,0.8376117,3.402823E+38,0.75,0.5,8.447008,27.74922,49.78413,-474.3275,-1384.503,-2482.502,56.49046,0.1307634,0.4688367,0.873552,3.402823E+38,1,0.75,21.36483,-20.51716,-25.18188,-1129.756,988.7795,1277.556,38.40177,0.5236289,-0.5538864,-0.6473196,3.402823E+38,0.25,0.25,54.44247,-28.16809,-32.79765,-2792.101,1280.436,1676.924,68.67278,0.7726699,-0.4221038,-0.474141,3.402823E+38,0,0,37.53766,-11.63269,-41.92984,-1900.586,523.3564,2137.812,56.54244,0.6406268,-0.2219872,-0.7350639,3.402823E+38,0,0.25,6.490009,27.15457,24.86316,-350.0436,-1348.198,-1239.2,35.98106,0.1506334,0.7161132,0.6815361,3.402823E+38,0.75,0.75,0.1400076,51.33,49.8615,-32.0004,-2541.501,-2493.076,70.33072,-0.0120673,0.7101439,0.7039531,0,1,1,0.1400038,51.33,24.86149,-19.5002,-2541.501,-1243.075,55.61519,-0.01523188,0.8963705,0.4430439,0,0.75,1,13.14313,3.128614,-0.07588764,-693.7984,-167.4923,14.09744,11.82855,0.9853862,0.1702239,-0.006155438,3.402823E+38,0.5,0.5,10.68749,2.053732,-25.19865,-558.1663,-109.7008,1269.435,26.51794,0.3587522,0.03789083,-0.9326635,3.402823E+38,0.25,0.5,20.45773,5.568715,-47.93554,-1005.495,-290.7962,2422.733,51.4348,0.374758,0.08739255,-0.9229946,3.402823E+38,0,0.5,4.640572,26.64401,-0.1080217,-241.9467,-1321.452,7.589861,25.3724,0.1409157,0.9900128,-0.004175171,3.402823E+38,0.5,0.75,0.14,51.33,-0.1385164,-7.000003,-2541.501,6.925822,49.80746,-0.0169904,0.9998518,-0.002753397,0,0.5,1,3.796304,26.603,-25.08784,-194.3011,-1320.202,1256.923,35.43364,0.07796483,0.7116729,-0.6981713,3.402823E+38,0.25,0.75,7.053845,27.30758,-49.89575,-314.6984,-1348.361,2502.117,56.21693,0.1068306,0.463311,-0.879733,3.402823E+38,0,0.75,0.1399962,51.33,-25.13853,5.500196,-2541.501,1256.927,55.73848,-0.01519862,0.8944055,-0.4469987,0,0.25,1,0.1399924,51.33,-50.13853,18.00039,-2541.501,2506.928,70.52601,-0.01203434,0.7081913,-0.705918,0,0,1
31,-19.06717,-46.71505,24.37458,752.9711,2343.76,-1245.492,56.64038,-0.3461935,-0.8355746,0.4265737,3.402823E+38,0.75,0,-13.95523,-22.32139,49.53747,419.2575,1145.308,-2482.118,56.1961,-0.2587425,-0.4118693,0.8737367,3.402823E+38,1,0.25,-25.18911,-45.08113,48.56105,969.4643,2272.504,-2475.372,71.30116,-0.3607681,-0.6422059,0.6763268,3.402823E+38,1,0,-14.22251,-22.22327,24.53521,577.7773,1120.759,-1241.171,36.45679,-0.4041738,-0.6292017,0.6638892,3.402823E+38,0.75,0.25,-13.6094,-47.58154,-0.4224767,547.1841,2372.632,14.31085,50.17971,-0.2826349,-0.9591913,-0.00833621,3.402823E+38,0.5,0,-5.032178,1.030098,49.11709,88.63743,-47.89428,-2451.366,48.95213,-0.1162061,1.981513E-06,0.9932251,3.402823E+38,1,0.5,-9.652961,-22.90319,-0.05766673,365.8982,1148.6,-7.351553,25.58226,-0.3974894,-0.9176041,-0.002210956,3.402823E+38,0.5,0.25,-5.400155,-48.37234,-24.02473,139.8034,2399.053,1195.513,54.77357,-0.1106246,-0.8937787,-0.4346513,3.402823E+38,0.25,0,-10.19935,2.453284,24.69016,403.4948,-104.858,-1243.014,26.53222,-0.4037335,0.0526514,0.9133603,3.402823E+38,0.75,0.5,-2.594753,26.47427,49.66821,71.35782,-1308.436,-2487.112,55.40432,-0.05919423,0.4551397,0.8884503,3.402823E+38,1,0.75,-4.386641,-23.4242,-24.4856,158.6504,1163.116,1225.928,34.47962,-0.1458307,-0.6990985,-0.6999962,3.402823E+38,0.25,0.25,-8.660152,-48.29873,-49.03598,218.9744,2403.087,2455.917,69.68358,-0.1335727,-0.7028528,-0.6986817,3.402823E+38,0,0,-3.454129,-23.74454,-49.47214,-6.292188,1179.174,2463.095,54.98556,-0.07512927,-0.4465043,-0.8916219,3.402823E+38,0,0.25,-5.683197,27.02348,24.87093,230.5086,-1328.976,-1247.304,36.03976,-0.1750876,0.7113752,0.6806538,3.402823E+38,0.75,0.75,0.1400076,51.33,49.8615,-32.0004,-2541.501,-2493.076,70.32789,-0.008110546,0.7101723,0.7039812,0,1,1,0.1400038,51.33,24.86149,-19.5002,-2541.501,-1243.075,55.61162,-0.01023775,0.8964275,0.4430721,0,0.75,1,-6.631509,1.850319,-0.04679199,249.9997,-81.96481,-2.473091,6.891778,-0.9938028,0.1109772,-0.006330275,3.402823E+38,0.5,0.5,-3.692284,1.567093,-24.86587,154.7884,-74.44303,1243.439,24.75904,-0.1744621,0.02126338,-0.9844343,3.402823E+38,0.25,0.5,-3.675436,1.249935,-49.86581,66.51376,-55.73856,2489.003,49.55915,-0.08769419,0.004393498,-0.9961377,3.402823E+38,0,0.5,-4.143701,26.72808,-0.1238298,173.2724,-1317.255,3.880769,25.65355,-0.1857553,0.9825846,-0.004734722,3.402823E+38,0.5,0.75,0.14,51.33,-0.1385164,-7.000003,-2541.501,6.925822,49.80347,-0.0114199,0.999931,-0.002753615,0,0.5,1,-2.120575,26.42689,-25.04129,112.0411,-1308.238,1252.518,35.27856,-0.07923839,0.7098353,-0.6998965,3.402823E+38,0.25,0.75,-2.386334,26.46477,-50.06431,96.72227,-1306.464,2502.862,55.74035,-0.05513469,0.4522513,-0.8901848,3.402823E+38,0,0.75,0.1399962,51.33,-25.13853,5.500196,-2541.501,1256.927,55.73492,-0.01021544,0.8944621,-0.447027,0,0.25,1,0.1399924,51.33,-50.13853,18.00039,-2541.501,2506.928,70.52319,-0.008088458,0.7082195,-0.705946,0,0,1
32,-51.17223,-33.40793,23.55796,2513.055,1675.21,-1196.89,65.83344,-0.7773937,-0.519164,0.3551446,3.402823E+38,0.75,0,-48.90948,-3.510951,42.03966,2416.785,194.3495,-2127.392,64.45291,-0.7590798,-0.06991143,0.6472329,3.402823E+38,1,0.25,-67.69432,-19.2489,35.87221,3341.365,1004.854,-1842.999,79.08768,-0.8555253,-0.2547995,0.4507256,3.402823E+38,1,0,-35.03657,-14.21628,24.21068,1738.24,701.7883,-1211.071,45.04119,-0.7780108,-0.3347801,0.5316217,3.402823E+38,0.75,0.25,-44.01453,-38.22089,0.04740052,2179.927,1900.206,-9.672396,58.7692,-0.7492845,-0.6622478,0.0007997497,3.402823E+38,0.5,0,-29.66022,11.63749,47.00876,1470.599,-583.1484,-2353.069,56.29486,-0.5291884,0.1867685,0.8276939,3.402823E+38,1,0.5,-30.3105,-17.30814,-0.1244535,1498.647,862.7209,-0.1040265,35.2649,-0.8585361,-0.5127413,-0.003479766,3.402823E+38,0.5,0.25,-45.99124,-37.1218,-24.85427,2241.67,1869.593,1238.204,64.4998,-0.7136361,-0.5869526,-0.3823746,3.402823E+38,0.25,0,-19.74919,5.553349,24.79316,977.8491,-279.494,-1241.002,31.76373,-0.624359,0.1401992,0.768453,3.402823E+38,0.75,0.5,-11.20265,29.06103,49.59249,522.9055,-1432.38,-2485.293,57.63482,-0.1994951,0.4821727,0.8530599,3.402823E+38,1,0.75,-32.50565,-15.96989,-24.99098,1596.619,807.304,1244.764,44.17657,-0.7364176,-0.3805103,-0.5593756,3.402823E+38,0.25,0.25,-60.54383,-27.45886,-42.70285,2978.416,1413.028,2136.483,79.17864,-0.7648072,-0.357547,-0.5359385,3.402823E+38,0,0,-43.40855,-9.304312,-46.3242,2168.684,469.9863,2293.257,64.08697,-0.6782097,-0.1600061,-0.7172375,3.402823E+38,0,0.25,-7.194305,27.43889,24.96519,350.608,-1359.532,-1248.952,36.62529,-0.2044231,0.711345,0.6724578,3.402823E+38,0.75,0.75,0.1400076,51.33,49.8615,-32.0004,-2541.501,-2493.076,70.32602,-0.00359973,0.710191,0.7039998,0,1,1,0.1400038,51.33,24.86149,-19.5002,-2541.501,-1243.075,55.60926,-0.004543961,0.8964652,0.4430907,0,0.75,1,-17.59498,4.490375,-0.09063049,836.3265,-204.9119,-1.872434,17.81995,-0.9819866,0.1888856,-0.004947093,3.402823E+38,0.5,0.5,-19.28879,5.240707,-25.20543,949.8625,-251.7141,1254.245,31.75669,-0.6102224,0.1305375,-0.7814016,3.402823E+38,0.25,0.5,-26.29225,8.727906,-48.95026,1311.042,-418.6201,2439.065,55.78137,-0.4741748,0.1367754,-0.8697418,3.402823E+38,0,0.5,-8.202432,27.66216,-0.1793031,382.8658,-1358.068,6.270827,27.48606,-0.3072027,0.9516225,-0.006406873,3.402823E+38,0.5,0.75,0.14,51.33,-0.1385164,-7.000003,-2541.501,6.925822,49.80084,-0.005068745,0.9999834,-0.002753759,0,0.5,1,-8.503456,27.866,-25.1773,433.1354,-1378.67,1255.632,37.35828,-0.2350455,0.7088543,-0.6650408,3.402823E+38,0.25,0.75,-11.38951,29.15248,-49.97754,583.8229,-1438.384,2495.079,58.04487,-0.2012895,0.4803578,-0.8536621,3.402823E+38,0,0.75,0.1399962,51.33,-25.13853,5.500196,-2541.501,1256.927,55.73256,-0.004534134,0.8944996,-0.4470457,0,0.25,1,0.1399924,51.33,-50.13853,18.00039,-2541.501,2506.928,70.52132,-0.003590045,0.708238,-0.7059645,0,0,1
33,-32.22164,-43.10556,23.96819,1736.579,2080.125,-1207.709,59.20441,-0.5407147,-0.7392344,0.4014475,3.402823E+38,0.75,0,-28.00807,-18.10278,48.65935,1501.329,839.4839,-2432.859,58.84384,-0.4729975,-0.3224055,0.8199561,3.402823E+38,1,0.25,-40.67808,-39.77299,47.26294,2222.352,1853.551,-2335.881,74.05451,-0.546439,-0.5472907,0.633938,3.402823E+38,1,0,-22.28285,-20.10576,24.40431,1166.485,974.9751,-1236.645,38.76266,-0.569097,-0.538317,0.6215653,3.402823E+38,0.75,0.25,-26.29245,-45.13465,-0.2212629,1425.444,2201.447,-3.13565,52.65778,-0.4957668,-0.8684456,-0.00416238,3.402823E+38,0.5,0,-16.66701,4.158989,49.41851,885.1963,-236.3376,-2475.35,51.76681,-0.3200582,0.05986571,0.9455045,3.402823E+38,1,0.5,-17.6101,-21.68651,-0.03848357,962.7853,1051.707,-6.978147,28.28061,-0.6140076,-0.789299,-0.001337135,3.402823E+38,0.5,0.25,-36.13425,-41.16901,-22.85833,1947.832,1978.366,1110.1,59.61145,-0.6021427,-0.7020129,-0.3802658,3.402823E+38,0.25,0,-13.09872,3.140009,24.63618,682.4207,-166.1813,-1241.991,27.5104,-0.4698304,0.07532948,0.8795367,3.402823E+38,0.75,0.5,-6.448704,27.21219,49.80512,338.8966,-1360.032,-2492.822,56.14308,-0.1149323,0.462231,0.8792798,3.402823E+38,1,0.75,-23.76971,-19.41727,-24.16627,1268.975,939.8255,1199.548,39.12351,-0.6014392,-0.5160388,-0.6098973,3.402823E+38,0.25,0.25,-46.56285,-36.35423,-45.07761,2494.511,1711.251,2203.491,74.35582,-0.6228542,-0.4994164,-0.6021925,3.402823E+38,0,0,-31.07446,-16.69595,-47.8967,1676.26,777.9194,2370.785,59.31426,-0.5205427,-0.2963499,-0.8007572,3.402823E+38,0,0.25,-4.755693,26.80812,24.86083,242.9188,-1331.669,-1246.953,35.63553,-0.1333067,0.7133731,0.6879884,3.402823E+38,0.75,0.75,0.1400076,51.33,49.8615,-32.0004,-2541.501,-2493.076,70.3256,0.001109646,0.7101952,0.704004,0,1,1,0.1400038,51.33,24.86149,-19.5002,-2541.501,-1243.075,55.60874,0.001400629,0.8964736,0.4430949,0,0.75,1,-9.309512,2.121629,-0.05253406,529.6833,-119.8502,-2.242249,8.934443,-0.9932678,0.1157067,-0.005568326,3.402823E+38,0.5,0.5,-13.12267,3.199054,-24.781,726.3843,-174.586,1232.817,27.65356,-0.4682921,0.07704369,-0.8802083,3.402823E+38,0.25,0.5,-18.15259,4.666656,-49.23144,986.579,-250.9483,2453.281,52.11853,-0.346152,0.06911361,-0.9356293,3.402823E+38,0,0.5,-3.81802,26.50946,-0.1410491,217.5227,-1317.977,5.359704,25.27349,-0.1505204,0.9885917,-0.005472642,3.402823E+38,0.5,0.75,0.14,51.33,-0.1385164,-7.000003,-2541.501,6.925822,49.80025,0.001562292,0.999995,-0.002753791,0,0.5,1,-4.520164,26.76877,-25.1344,276.3224,-1333.284,1253.945,35.76587,-0.1263331,0.7097244,-0.6930593,3.402823E+38,0.25,0.75,-6.826612,27.31995,-50.03006,406.1021,-1365.645,2497.388,56.43517,-0.1209802,0.4617523,-0.8787199,3.402823E+38,0,0.75,0.1399962,51.33,-25.13853,5.500196,-2541.501,1256.927,55.73204,0.001397422,0.8945079,-0.4470499,0,0.25,1,0.1399924,51.33,-50.13853,18.00039,-2541.501,2506.928,70.5209,0.001106379,0.7082422,-0.7059687,0,0,1
34,-55.96378,-30.84295,22.77753,2691.255,1590.732,-1176.519,67.60172,-0.8179802,-0.4680198,0.3344634,3.402823E+38,0.75,0,-30.12092,-16.78249,41.58855,1295.26,876.4607,-1973.444,53.7097,-0.5508794,-0.328585,0.7671792,3.402823E+38,1,0.25,-34.40798,-40.02145,31.50875,1480.226,1997.517,-1382.512,61.50201,-0.5507896,-0.6620986,0.5081891,3.402823E+38,1,0,-44.87888,-7.924406,23.45212,2203.613,418.8557,-1193.204,50.69779,-0.8715408,-0.1748983,0.458069,3.402823E+38,0.75,0.25,-49.08251,-34.10091,-1.592835,2427.903,1711.578,69.28779,59.67108,-0.8114296,-0.5838504,-0.02647178,3.402823E+38,0.5,0,-24.8805,6.943162,47.35485,1138.782,-289.429,-2352.677,53.20027,-0.4585187,0.1101142,0.8818364,3.402823E+38,1,0.5,-37.22805,-12.19468,-0.4898157,1760.482,658.9578,-1.458905,38.76732,-0.9414986,-0.336786,-0.01247387,3.402823E+38,0.5,0.25,-31.98022,-40.5889,-18.64148,1561.233,2036.857,958.9859,55.05125,-0.5710456,-0.7491982,-0.3355726,3.402823E+38,0.25,0,-30.76879,12.68064,23.71989,1494.897,-612.672,-1192.119,39.86439,-0.755886,0.2886366,0.587644,3.402823E+38,0.75,0.5,-14.51415,31.07318,49.56631,670.744,-1518.279,-2483.192,59.18796,-0.238846,0.5033373,0.830424,3.402823E+38,1,0.75,-29.48568,-16.26458,-23.91348,1421.636,821.6843,1191.087,41.03575,-0.7036771,-0.4163781,-0.5757324,3.402823E+38,0.25,0.25,-6.598376,-41.50574,-20.15252,292.6057,2103.735,1077.817,46.99331,-0.1335021,-0.8956154,-0.4243233,3.402823E+38,0,0,-8.362268,-21.88764,-36.60198,384.3444,1087.084,1862.038,43.43863,-0.184447,-0.5215829,-0.833025,3.402823E+38,0,0.25,-11.4557,29.18137,24.8258,503.9202,-1417.283,-1248.637,38.66899,-0.2858838,0.7187156,0.6338125,3.402823E+38,0.75,0.75,0.1400076,51.33,49.8615,-32.0004,-2541.501,-2493.076,70.32668,0.005618321,0.7101845,0.7039933,0,1,1,0.1400038,51.33,24.86149,-19.5002,-2541.501,-1243.075,55.61009,0.007091829,0.896452,0.4430842,0,0.75,1,-26.4969,10.20997,-0.7846441,1234.458,-456.1117,19.39483,27.30956,-0.9435238,0.3301012,-0.0282149,3.402823E+38,0.5,0.5,-22.54072,7.635034,-25.79845,1082.292,-362.6927,1288.835,34.22333,-0.6417243,0.1902189,-0.7429716,3.402823E+38,0.25,0.5,-9.652819,1.116382,-46.20987,483.8978,-49.27085,2340.325,46.65531,-0.1992331,0.001831865,-0.9799504,3.402823E+38,0,0.5,-9.153949,28.19808,0.09030919,403.1729,-1380.687,-9.300863,28.08762,-0.3111847,0.9503442,0.003159031,3.402823E+38,0.5,0.75,0.14,51.33,-0.1385164,-7.000003,-2541.501,6.925822,49.80177,0.007910644,0.9999649,-0.002753708,0,0.5,1,-9.314673,28.20222,-24.91088,388.2398,-1363.977,1240.207,37.45927,-0.2385914,0.7158255,-0.656253,3.402823E+38,0.25,0.75,-4.44997,26.76605,-49.27111,163.6023,-1313.134,2463.042,55.24549,-0.07519983,0.4616705,-0.8838582,3.402823E+38,0,0.75,0.1399962,51.33,-25.13853,5.500196,-2541.501,1256.927,55.73339,0.007076143,0.8944864,-0.4470391,0,0.25,1,0.1399924,51.33,-50.13853,18.00039,-2541.501,2506.928,70.52198,0.005602656,0.7082315,-0.705958,0,0,1
35,-68.13011,-20.0134,22.57282,3435.817,982.845,-1163.383,73.77869,-0.9096087,-0.2833033,0.3038936,3.402823E+38,0.75,0,-56.36284,2.450994,45.71475,2808.883,-140.1214,-2314.726,71.64703,-0.7733829,0.0196958,0.6336332,3.402823E+38,1,0.25,-78.96878,-5.028364,38.40709,3956.478,263.1812,-2001.202,87.01498,-0.8958833,-0.06922659,0.438863,3.402823E+38,1,0,-46.92017,-7.137362,24.63908,2373.771,324.5934,-1240.65,52.62757,-0.8725149,-0.1537311,0.463772,3.402823E+38,0.75,0.25,-60.2326,-27.90086,-1.053014,3052.733,1348.191,12.27591,65.81937,-0.8996924,-0.4362355,-0.01587792,3.402823E+38,0.5,0,-36.35863,17.29192,47.82849,1774.954,-825.2315,-2433.465,61.41251,-0.5781234,0.2626596,0.7725174,3.402823E+38,1,0.5,-44.83064,-8.267662,-0.5591707,2331.864,338.335,8.916367,44.73445,-0.9785698,-0.2055438,-0.01236161,3.402823E+38,0.5,0.25,-50.24107,-34.33641,-23.05308,2460.854,1716.233,1047.342,64.69113,-0.7619979,-0.5425034,-0.353623,3.402823E+38,0.25,0,-29.33183,10.6288,24.71896,1479.763,-539.8808,-1246.383,38.62367,-0.7352649,0.2453452,0.6318159,3.402823E+38,0.75,0.5,-16.52048,32.69637,49.55354,766.3661,-1588.507,-2494.481,60.43333,-0.2618421,0.5196887,0.8132419,3.402823E+38,1,0.75,-40.25991,-11.45325,-24.92813,2035.223,554.8376,1202.83,48.00653,-0.8183298,-0.2573519,-0.5139128,3.402823E+38,0.25,0.25,-32.49447,-42.5685,-39.46389,1575.822,2114.062,1856.325,66.41549,-0.4771527,-0.6515457,-0.5897573,3.402823E+38,0,0,-26.53786,-18.66756,-44.62246,1309.588,931.9044,2145.807,54.76046,-0.4699979,-0.3564495,-0.8074935,3.402823E+38,0,0.25,-13.25965,30.22563,24.89237,686.9837,-1520.645,-1248.07,39.9123,-0.3141143,0.722444,0.6159601,3.402823E+38,0.75,0.75,0.1400076,51.33,49.8615,-32.0004,-2541.501,-2493.076,70.32907,0.009961638,0.7101604,0.7039695,0,1,1,0.1400038,51.33,24.86149,-19.5002,-2541.501,-1243.075,55.61312,0.01257406,0.8964037,0.4430603,0,0.75,1,-30.11569,11.79566,-0.2431478,1580.099,-645.2073,-4.420516,30.95105,-0.9395593,0.342299,-0.007730992,3.402823E+38,0.5,0.5,-28.99591,10.85912,-25.4108,1500.398,-562.6111,1252.941,38.87772,-0.7219906,0.2496113,-0.645309,3.402823E+38,0.25,0.5,-18.49881,4.850784,-47.29099,931.1978,-236.0407,2315.381,50.22117,-0.3535652,0.07532918,-0.9323717,3.402823E+38,0,0.5,-13.44006,30.41955,-0.338253,742.7738,-1563.937,7.124463,31.58757,-0.4012298,0.9159167,-0.01054156,3.402823E+38,0.5,0.75,0.14,51.33,-0.1385164,-7.000003,-2541.501,6.925822,49.80514,0.01402572,0.9998978,-0.002753523,0,0.5,1,-15.66169,31.96078,-25.19297,826.9963,-1609.494,1253.15,42.15316,-0.3539275,0.7251697,-0.5906473,3.402823E+38,0.25,0.75,-11.10038,29.00829,-49.71925,583.8298,-1439.171,2472.991,57.51526,-0.181587,0.4822574,-0.8570029,3.402823E+38,0,0.75,0.1399962,51.33,-25.13853,5.500196,-2541.501,1256.927,55.73641,0.01254636,0.8944384,-0.4470151,0,0.25,1,0.1399924,51.33,-50.13853,18.00039,-2541.501,2506.928,70.52437,0.009934031,0.7082077,-0.7059342,0,0,1
36,-25.16309,-44.49913,20.73135,1505.115,2106.075,-1000.949,55.10725,-0.4366179,-0.8187625,0.3728174,3.402823E+38,0.75,0,-28.44452,-17.48413,43.60437,1586.339,765.9186,-2154.714,54.30601,-0.5028746,-0.3378122,0.7956131,3.402823E+38,1,0.25,-38.45847,-40.5659,41.53742,2148.029,1883.67,-2049.389,69.26689,-0.538572,-0.5962126,0.5953743,3.402823E+38,1,0,-14.88543,-21.58119,23.00446,931.0012,1001.297,-1116.924,34.66407,-0.3981752,-0.6430198,0.6542035,3.402823E+38,0.75,0.25,-12.58685,-47.74539,-0.7112054,824.799,2328.047,25.85433,49.66475,-0.2332889,-0.9723041,-0.0141774,3.402823E+38,0.5,0,-16.33905,4.104626,47.16484,875.4199,-230.1573,-2363.32,49.22761,-0.3107948,0.06182935,0.9484639,3.402823E+38,1,0.5,-5.958325,-23.64583,-0.1012229,428.4482,1154.708,5.282327,24.69238,-0.2014243,-0.9794959,-0.004017998,3.402823E+38,0.5,0.25,-24.17016,-43.85103,-22.51608,1376.954,2124.396,1128.113,54.84914,-0.4207146,-0.8108713,-0.4068008,3.402823E+38,0.25,0,-5.979754,1.728629,24.49184,364.7981,-95.97416,-1223.941,24.52609,-0.203619,0.02791604,0.9786521,3.402823E+38,0.75,0.5,-4.757901,26.8189,49.56364,255.4492,-1337.234,-2479.583,55.50562,-0.06917045,0.4604698,0.8849763,3.402823E+38,1,0.75,-12.9653,-21.51626,-24.00827,790.1472,1032.409,1195.588,34.58119,-0.344382,-0.6426882,-0.6843632,3.402823E+38,0.25,0.25,-41.5909,-34.85874,-38.26113,2192.34,1683.077,1973.041,65.90008,-0.6130555,-0.5404924,-0.5762212,3.402823E+38,0,0,-24.58024,-17.5272,-45.67872,1313.615,842.052,2307.333,54.20309,-0.4331797,-0.339235,-0.83503,3.402823E+38,0,0.25,-0.09295605,26.33221,25.00167,35.89495,-1305.19,-1249.205,35.07965,0.02223214,0.7111429,0.7026958,3.402823E+38,0.75,0.75,0.1400076,51.33,49.8615,-32.0004,-2541.501,-2493.076,70.33296,0.0144562,0.7101214,0.7039308,0,1,1,0.1400038,51.33,24.86149,-19.5002,-2541.501,-1243.075,55.61803,0.01824675,0.8963252,0.4430215,0,0.75,1,-1.282361,1.274141,-0.06426568,130.2362,-66.23825,3.444932,-0.02835178,-0.8446831,0.5176334,-0.1362577,3.402823E+38,0.5,0.5,-3.240095,1.478793,-25.09061,250.2284,-81.70794,1255.313,24.70499,-0.0934786,0.01780571,-0.9954621,3.402823E+38,0.25,0.5,-9.800175,2.325049,-49.20124,571.4617,-141.7347,2461.491,49.51937,-0.1782551,0.02589094,-0.9836437,3.402823E+38,0,0.5,-0.2364456,26.25517,-0.146301,53.61116,-1301.41,8.677767,24.73391,0.02566079,0.9996539,-0.005797795,3.402823E+38,0.5,0.75,0.14,51.33,-0.1385164,-7.000003,-2541.501,6.925822,49.81062,0.02035291,0.9997891,-0.002753224,0,0.5,1,0.3924431,26.33401,-25.13858,-0.3207089,-1303.819,1256.911,35.19132,0.0357625,0.7089682,-0.7043331,3.402823E+38,0.25,0.75,-1.178929,26.35769,-50.12727,68.15485,-1304.949,2507.246,55.66335,-0.005251841,0.4509647,-0.8925263,3.402823E+38,0,0.75,0.1399962,51.33,-25.13853,5.500196,-2541.501,1256.927,55.7413,0.01820662,0.8943605,-0.4469762,0,0.25,1,0.1399924,51.33,-50.13853,18.00039,-2541.501,2506.928,70.52824,0.01441624,0.708169,-0.7058957,0,0,1
37,41.84167,-39.11382,24.57423,-2001.962,1984.634,-1205.348,63.01926,0.6714969,-0.6319945,0.3868784,3.402823E+38,0.75,0,40.38159,-11.87396,47.21938,-1910.517,668.3497,-2375.461,63.47685,0.643872,-0.2016973,0.7380698,3.402823E+38,1,0.25,53.90728,-32.99245,45.59103,-2520.509,1754.66,-2317.49,78.43158,0.6932408,-0.4310373,0.577602,3.402823E+38,1,0,31.58721,-16.3791,24.2551,-1541.345,835.999,-1194.137,43.55736,0.7353714,-0.3951463,0.5505345,3.402823E+38,0.75,0.25,34.83398,-42.30561,0.280902,-1610.842,2139.07,-5.45494,55.61275,0.6352441,-0.7722952,0.005006027,3.402823E+38,0.5,0,25.9861,8.517755,48.57556,-1226.506,-365.8753,-2437.901,55.47993,0.4786967,0.1337578,0.8677317,3.402823E+38,1,0.5,26.14056,-18.87481,0.01866631,-1232.19,959.9235,8.944732,33.0053,0.8044063,-0.5940794,0.0005571152,3.402823E+38,0.5,0.25,28.17241,-44.57986,-23.71161,-1291.162,2235.635,1198.916,58.51319,0.4911399,-0.7728757,-0.4018019,3.402823E+38,0.25,0,19.03477,5.240053,24.77785,-936.9845,-247.1032,-1227.848,31.52395,0.6197261,0.1314657,0.7737288,3.402823E+38,0.75,0.5,10.93683,28.78322,49.7322,-515.6642,-1399.97,-2486.375,57.65111,0.2020279,0.4772604,0.8552235,3.402823E+38,1,0.75,24.14001,-19.68878,-24.89029,-1120.041,996.9377,1253.612,40.38231,0.6103208,-0.506791,-0.6088279,3.402823E+38,0.25,0.25,14.31426,-47.54803,-44.58377,-495.0774,2374.026,2166.997,67.14851,0.2235907,-0.7180946,-0.6590503,3.402823E+38,0,0,9.366122,-22.80191,-44.80597,-303.9808,1141.491,2189.309,51.26017,0.1966268,-0.4604295,-0.8656457,3.402823E+38,0,0.25,7.814192,27.54042,24.95352,-417.6559,-1368.321,-1241.3,36.91497,0.2305362,0.7085511,0.6669396,3.402823E+38,0.75,0.75,0.1400076,51.33,49.8615,-32.0004,-2541.501,-2493.076,70.33195,0.01343068,0.7101316,0.7039409,0,1,1,0.1400038,51.33,24.86149,-19.5002,-2541.501,-1243.075,55.61674,0.01695247,0.8963457,0.4430316,0,0.75,1,17.11951,4.395678,-0.1388502,-809.0663,-200.8095,14.70223,17.7445,0.9828075,0.1844763,-0.007610524,3.402823E+38,0.5,0.5,18.40192,4.637976,-25.21078,-869.5861,-215.4742,1269.168,31.40218,0.6022545,0.113095,-0.7902525,3.402823E+38,0.25,0.5,9.530374,1.927712,-48.42872,-334.0655,-79.39137,2390.935,49.02875,0.2088017,0.01812508,-0.97779,3.402823E+38,0,0.5,7.490248,27.4719,-0.2132601,-363.1065,-1357.281,14.59453,27.21525,0.2995304,0.9540557,-0.007694684,3.402823E+38,0.5,0.75,0.14,51.33,-0.1385164,-7.000003,-2541.501,6.925822,49.80919,0.01890934,0.9998174,-0.002753302,0,0.5,1,10.04604,28.37806,-25.06852,-489.9628,-1405.263,1257.314,38.15526,0.2808765,0.707486,-0.6485152,3.402823E+38,0.25,0.75,6.49168,27.14846,-49.86103,-262.6664,-1335.589,2490.641,56.2594,0.1286658,0.4601609,-0.8784629,3.402823E+38,0,0.75,0.1399962,51.33,-25.13853,5.500196,-2541.501,1256.927,55.74003,0.01691517,0.8943808,-0.4469863,0,0.25,1,0.1399924,51.33,-50.13853,18.00039,-2541.501,2506.928,70.52724,0.01339354,0.7081791,-0.7059057,0,0,1
38,52.76515,-32.16763,21.17378,-2687.972,1566.966,-1051.748,65.7268,0.8040573,-0.5012719,0.3197162,3.402823E+38,0.75,0,49.35697,-2.543944,39.65421,-2524.733,82.4451,-1940.254,63.29224,0.7813169,-0.05602474,0.6216149,3.402823E+38,1,0.25,68.96217,-15.40544,30.21723,-3499.687,710.3537,-1447.024,76.99912,0.8961026,-0.2120726,0.3899041,3.402823E+38,1,0,34.43604,-14.76748,23.74844,-1766.121,711.5742,-1176.326,44.58909,0.7744894,-0.3503613,0.5267003,3.402823E+38,0.75,0.25,42.75845,-38.78122,-0.9203348,-2213.369,1879.679,69.01628,58.28584,0.7356098,-0.6772246,-0.01565572,3.402823E+38,0.5,0,29.93267,11.90272,45.85655,-1543.697,-607.6479,-2275.357,55.59166,0.542285,0.1938385,0.817529,3.402823E+38,1,0.5,29.25977,-17.73711,-0.6087694,-1508.736,857.6703,43.33773,34.67564,0.8456068,-0.5335257,-0.01730656,3.402823E+38,0.5,0.25,44.8445,-37.15485,-25.779,-2236.986,1837.974,1319.005,64.13283,0.7013385,-0.5907966,-0.398853,3.402823E+38,0.25,0,18.87164,4.770022,24.63914,-977.0579,-246.14,-1224.238,31.05557,0.6134139,0.1185218,0.7808175,3.402823E+38,0.75,0.5,10.82223,28.73354,49.4465,-586.7465,-1432.774,-2465.904,57.29529,0.1956426,0.4793391,0.8555455,3.402823E+38,1,0.75,30.73838,-16.40993,-25.53319,-1543.519,803.7887,1291.974,43.44307,0.7105414,-0.3968754,-0.5810514,3.402823E+38,0.25,0.25,58.40152,-27.40482,-44.49141,-2854.545,1396.644,2315.453,78.59264,0.7445258,-0.3595129,-0.5625228,3.402823E+38,0,0,42.05086,-8.182324,-46.15438,-2081.097,402.5251,2340.488,62.9381,0.6705095,-0.1452175,-0.7275499,3.402823E+38,0,0.25,6.252334,27.09258,24.92045,-335.1631,-1344.675,-1244.748,36.18349,0.1836609,0.7104716,0.6793369,3.402823E+38,0.75,0.75,0.1400076,51.33,49.8615,-32.0004,-2541.501,-2493.076,70.32832,0.008824127,0.710168,0.703977,0,1,1,0.1400038,51.33,24.86149,-19.5002,-2541.501,-1243.075,55.61216,0.0111383,0.8964189,0.4430678,0,0.75,1,17.49073,4.526973,-0.3214864,-900.4706,-233.9229,23.43496,17.81553,0.9814468,0.1909294,-0.01755267,3.402823E+38,0.5,0.5,16.47904,4.11518,-25.47545,-830.0026,-211.8183,1279.295,30.26192,0.5514622,0.1002922,-0.828149,3.402823E+38,0.25,0.5,23.03281,7.718234,-49.33513,-1120.716,-376.6389,2484.075,54.56155,0.4271184,0.1214683,-0.8959997,3.402823E+38,0,0.5,7.375757,27.39282,-0.1871614,-384.3754,-1360.951,12.56695,27.01045,0.2857368,0.958284,-0.006803284,3.402823E+38,0.5,0.75,0.14,51.33,-0.1385164,-7.000003,-2541.501,6.925822,49.80408,0.01242425,0.999919,-0.002753582,0,0.5,1,6.36063,27.11696,-25.16877,-308.3909,-1343.916,1260.561,36.38982,0.1855694,0.7071587,-0.6822688,3.402823E+38,0.25,0.75,6.840608,27.24485,-50.13548,-305.1122,-1345.757,2510.116,56.54778,0.1284116,0.4595244,-0.8788332,3.402823E+38,0,0.75,0.1399962,51.33,-25.13853,5.500196,-2541.501,1256.927,55.73545,0.01111375,0.8944536,-0.4470227,0,0.25,1,0.1399924,51.33,-50.13853,18.00039,-2541.501,2506.928,70.52361,0.008799648,0.7082152,-0.7059417,0,0,1
39,11.60003,-47.85207,24.12344,-793.7778,2334.249,-1176.959,55.26571,0.2109739,-0.8765613,0.4325856,3.402823E+38,0.75,0,10.32519,-22.89774,49.15033,-728.8433,1101.747,-2431.839,55.16271,0.1884613,-0.4298702,0.8830028,3.402823E+38,1,0.25,11.68167,-47.93805,49.12569,-903.2722,2330.201,-2423.207,69.86724,0.168356,-0.6958927,0.6981329,3.402823E+38,1,0,6.77142,-23.2014,24.40148,-479.4027,1131.017,-1206.476,34.58145,0.1977256,-0.6907185,0.6955664,3.402823E+38,0.75,0.25,6.172915,-48.47511,-0.3915686,-426.6567,2389.479,22.40247,49.41072,0.1269867,-0.9918734,-0.007845381,3.402823E+38,0.5,0,6.265248,1.771349,49.40585,-461.4857,-106.9827,-2455.128,49.32807,0.1290503,0.01487815,0.9915264,3.402823E+38,1,0.5,2.449463,-23.75773,-0.1491568,-200.2013,1172.405,9.341251,24.42569,0.1048936,-0.9944654,-0.005984058,3.402823E+38,0.5,0.25,17.83745,-46.36774,-22.40268,-1035.642,2258.125,1105.914,54.93029,0.3247778,-0.8550873,-0.4041596,3.402823E+38,0.25,0,1.824097,1.303037,24.80438,-185.7377,-71.32654,-1235.807,24.38551,0.07993321,0.01097171,0.9967398,3.402823E+38,0.75,0.5,0.6570634,26.34187,49.84588,-123.3355,-1307.581,-2489.633,55.41045,0.01470467,0.4527217,0.8915306,3.402823E+38,1,0.75,10.36207,-22.45654,-23.83295,-606.8181,1093.58,1188.303,34.57774,0.3001091,-0.6695567,-0.6794323,3.402823E+38,0.25,0.25,33.9705,-42.25596,-41.15906,-1850.481,2016.82,2026.936,68.29666,0.4961807,-0.6291869,-0.5982711,3.402823E+38,0,0,24.17863,-19.14369,-44.38922,-1289.103,907.5345,2219.572,53.99767,0.4466926,-0.3701752,-0.8145158,3.402823E+38,0,0.25,-0.7403696,26.34796,24.87917,0.1402707,-1304.034,-1245.294,35.00075,-0.01620496,0.7131668,0.700807,3.402823E+38,0.75,0.75,0.1400076,51.33,49.8615,-32.0004,-2541.501,-2493.076,70.32622,0.004307573,0.710189,0.7039979,0,1,1,0.1400038,51.33,24.86149,-19.5002,-2541.501,-1243.075,55.60951,0.005437319,0.8964612,0.4430888,0,0.75,1,-0.1746841,1.280232,-0.1198186,-38.28607,-63.99769,5.837008,-0.2223945,-0.03459084,0.9013946,-0.4316147,3.402823E+38,0.5,0.5,3.276192,1.489163,-24.93772,-214.7285,-79.86752,1244.225,24.67823,0.1366766,0.01823652,-0.9904478,3.402823E+38,0.25,0.5,13.44504,3.192852,-47.71491,-706.6892,-173.8741,2389.855,49.16514,0.2740378,0.04354869,-0.9607324,3.402823E+38,0,0.5,-0.8421651,26.27256,-0.1620088,24.29303,-1300.293,7.599515,24.75216,-0.0268129,0.9996198,-0.006415642,3.402823E+38,0.5,0.75,0.14,51.33,-0.1385164,-7.000003,-2541.501,6.925822,49.80112,0.006065103,0.9999778,-0.002753743,0,0.5,1,-0.6195865,26.33744,-25.16259,22.62666,-1304.218,1257.6,35.19074,-0.01273453,0.7090759,-0.7050172,3.402823E+38,0.25,0.75,2.911122,26.48113,-49.94235,-143.8488,-1314.564,2498.28,55.63788,0.05479729,0.4533682,-0.8896373,3.402823E+38,0,0.75,0.1399962,51.33,-25.13853,5.500196,-2541.501,1256.927,55.73281,0.005425261,0.8944956,-0.4470437,0,0.25,1,0.1399924,51.33,-50.13853,18.00039,-2541.501,2506.928,70.52151,0.004295513,0.7082362,-0.7059626,0,0,1
40,4.652485,-46.91375,21.79475,-88.88581,2326.832,-1111.235,52.35778,0.08530254,-0.9070331,0.4123281,3.402823E+38,0.75,0,-11.78608,-19.61974,32.44603,707.4047,948.3821,-1621.457,39.76752,-0.2962601,-0.5128139,0.8057617,3.402823E+38,1,0.25,-17.24853,-36.97082,14.78399,987.2476,1807.527,-718.6503,43.82961,-0.3923362,-0.8572333,0.3335015,3.402823E+38,1,0,11.56579,-22.48525,23.99539,-489.7913,1139.586,-1188.844,34.98539,0.321885,-0.6626742,0.6762049,3.402823E+38,0.75,0.25,10.49088,-46.60185,-2.733354,-445.3421,2340.601,175.5988,48.31937,0.2119507,-0.9756752,-0.05598912,3.402823E+38,0.5,0,-4.842033,2.391576,41.78141,326.6198,-133.3986,-2058.519,41.59983,-0.1184236,0.03234161,0.9924363,3.402823E+38,1,0.5,9.706573,-21.65517,-1.928618,-384.8665,1107.26,134.5503,24.19387,0.3872617,-0.9186559,-0.07810108,3.402823E+38,0.5,0.25,-4.077837,-46.4841,-23.04942,253.9994,2318.752,1204.803,52.47817,-0.07968225,-0.8968619,-0.435074,3.402823E+38,0.25,0,12.78813,2.388345,23.97617,-557.049,-97.03175,-1174.103,26.64012,0.4658987,0.05004932,0.8834215,3.402823E+38,0.75,0.5,3.469492,26.57352,48.85511,-175.0737,-1313.438,-2433.308,54.73002,0.06021924,0.4624934,0.8845753,3.402823E+38,1,0.75,-0.1929749,-22.06842,-24.88652,90.32959,1100.204,1276.396,33.45569,-0.009911662,-0.6802518,-0.7329115,3.402823E+38,0.25,0.25,-26.60623,-42.97521,-33.78894,1342.394,2163.719,1857.283,61.09304,-0.4342993,-0.7144509,-0.5485836,3.402823E+38,0,0,-17.33714,-21.97918,-43.97548,885.7875,1082.655,2278.578,52.11978,-0.3322083,-0.4372724,-0.8357215,3.402823E+38,0,0.25,9.859262,28.30916,24.74516,-463.4098,-1384.77,-1218.97,37.59029,0.2550698,0.716171,0.6496449,3.402823E+38,0.75,0.75,0.1400076,51.33,49.8615,-32.0004,-2541.501,-2493.076,70.32556,-5.04744E-05,0.7101956,0.7040043,0,1,1,0.1400038,51.33,24.86149,-19.5002,-2541.501,-1243.075,55.60868,-6.378144E-05,0.8964745,0.4430953,0,0.75,1,4.082509,2.225531,0.5342613,-97.69704,-92.75539,-11.49713,3.650887,0.9489359,0.2880182,0.1287101,3.402823E+38,0.5,0.5,-4.119615,2.539724,-23.52658,288.2574,-117.0688,1202.637,23.45734,-0.1779495,0.06301717,-0.9820197,3.402823E+38,0.25,0.5,-12.58533,2.339701,-47.05119,617.2213,-116.977,2407.171,48.26018,-0.2610513,0.02686005,-0.9649512,3.402823E+38,0,0.5,5.370168,27.16499,-0.313816,-190.3179,-1325.948,21.78161,26.15433,0.1960877,0.9805157,-0.01177355,3.402823E+38,0.5,0.75,0.14,51.33,-0.1385164,-7.000003,-2541.501,6.925822,49.80019,-7.122254E-05,0.9999962,-0.002753794,0,0.5,1,0.1026808,26.34887,-24.74432,124.495,-1310.561,1231.997,34.90238,-0.001155338,0.7151743,-0.6989451,3.402823E+38,0.25,0.75,-6.18775,27.16093,-49.26741,329.8617,-1343.571,2480.28,55.62655,-0.1128046,0.4655716,-0.8777916,3.402823E+38,0,0.75,0.1399962,51.33,-25.13853,5.500196,-2541.501,1256.927,55.73198,-6.377726E-05,0.8945088,-0.4470503,0,0.25,1,0.1399924,51.33,-50.13853,18.00039,-2541.501,2506.928,70.52087,-5.055045E-05,0.7082426,-0.705969,0,0,1
41,49.72181,-35.03471,24.61171,-2368.052,1812.971,-1213.647,65.31853,0.7482876,-0.5479416,0.3739328,3.402823E+38,0.75,0,34.15905,-15.5056,49.44382,-1572.323,846.5551,-2452.423,61.57276,0.5427248,-0.2663905,0.7965462,3.402823E+38,1,0.25,48.9779,-35.79389,49.59129,-2251.815,1890.807,-2454.985,78.03821,0.6176265,-0.4688659,0.6314288,3.402823E+38,1,0,38.52538,-12.59559,24.99828,-1823.622,698.8356,-1237.601,47.02616,0.800712,-0.2866967,0.5259898,3.402823E+38,0.75,0.25,48.65669,-35.39445,-0.4280176,-2361.523,1792.381,45.0321,59.90548,0.7977104,-0.6029992,-0.007085741,3.402823E+38,0.5,0,20.46511,5.406102,49.56438,-948.6588,-226.2664,-2458.199,53.12422,0.372863,0.08160681,0.9242908,3.402823E+38,1,0.5,38.86387,-12.41013,-0.4525537,-1905.627,641.2886,30.06031,40.18026,0.9437808,-0.3303845,-0.01112465,3.402823E+38,0.5,0.25,33.57593,-41.01123,-19.56149,-1488.095,2070.142,896.3085,56.47437,0.5810562,-0.7378973,-0.3433384,3.402823E+38,0.25,0,22.90171,6.915484,24.67722,-1149.719,-344.4023,-1229.519,33.36382,0.6623912,0.1737986,0.7287194,3.402823E+38,0.75,0.5,8.160732,27.64694,49.73183,-407.0333,-1360.837,-2481.333,56.4285,0.1350837,0.4675503,0.873584,3.402823E+38,1,0.75,30.85873,-16.33772,-23.80527,-1415.618,852.3376,1160.952,41.82926,0.7178984,-0.4103007,-0.5623834,3.402823E+38,0.25,0.25,8.843981,-43.34751,-22.99437,-243.56,2135.181,1070.874,50.17758,0.1652281,-0.8756832,-0.4537385,3.402823E+38,0,0,9.748552,-21.90421,-36.65565,-331.5303,1087.488,1777.609,43.72324,0.2097977,-0.5186009,-0.8288776,3.402823E+38,0,0.25,9.874109,28.30037,24.79488,-546.4166,-1419.456,-1240.955,37.53794,0.2472134,0.7169257,0.651846,3.402823E+38,0.75,0.75,0.1400076,51.33,49.8615,-32.0004,-2541.501,-2493.076,70.32633,-0.004667938,0.7101879,0.7039967,0,1,1,0.1400038,51.33,24.86149,-19.5002,-2541.501,-1243.075,55.60966,-0.005892333,0.8964589,0.4430876,0,0.75,1,25.91294,8.823025,-0.07125945,-1288.456,-429.8938,9.793083,26.10917,0.9561485,0.2928699,-0.002678004,3.402823E+38,0.5,0.5,24.08774,7.656078,-25.22112,-1147.851,-351.4818,1257.521,34.68208,0.6712827,0.1883367,-0.7168742,3.402823E+38,0.25,0.5,8.751768,1.920309,-44.11,-337.1915,-86.53569,2171.169,44.38945,0.1844787,0.01983337,-0.9826364,3.402823E+38,0,0.5,11.35311,29.13815,-0.3159351,-561.1982,-1436.134,19.78541,29.64293,0.3610296,0.9324954,-0.01048123,3.402823E+38,0.5,0.75,0.14,51.33,-0.1385164,-7.000003,-2541.501,6.925822,49.80128,-0.006572806,0.9999746,-0.002753735,0,0.5,1,14.16239,30.66305,-25.10712,-698.3557,-1520.616,1259.57,40.68191,0.3324704,0.7195647,-0.6096638,3.402823E+38,0.25,0.75,7.488618,27.46079,-49.22439,-344.6746,-1358.366,2460.316,55.81056,0.1246302,0.4693753,-0.8741592,3.402823E+38,0,0.75,0.1399962,51.33,-25.13853,5.500196,-2541.501,1256.927,55.73295,-0.005879549,0.8944934,-0.4470426,0,0.25,1,0.1399924,51.33,-50.13853,18.00039,-2541.501,2506.928,70.52163,-0.004655317,0.708235,-0.7059615,0,0,1
