frame,x0,y0,z0,vx0,vy0,vz0,sdf0,nx0,ny0,nz0,md0,u0,v0,x1,y1,z1,vx1,vy1,vz1,sdf1,nx1,ny1,nz1,md1,u1,v1,x2,y2,z2,vx2,vy2,vz2,sdf2,nx2,ny2,nz2,md2,u2,v2,x3,y3,z3,vx3,vy3,vz3,sdf3,nx3,ny3,nz3,md3,u3,v3,x4,y4,z4,vx4,vy4,vz4,sdf4,nx4,ny4,nz4,md4,u4,v4,x5,y5,z5,vx5,vy5,vz5,sdf5,nx5,ny5,nz5,md5,u5,v5,x6,y6,z6,vx6,vy6,vz6,sdf6,nx6,ny6,nz6,md6,u6,v6,x7,y7,z7,vx7,vy7,vz7,sdf7,nx7,ny7,nz7,md7,u7,v7,x8,y8,z8,vx8,vy8,vz8,sdf8,nx8,ny8,nz8,md8,u8,v8,x9,y9,z9,vx9,vy9,vz9,sdf9,nx9,ny9,nz9,md9,u9,v9,x10,y10,z10,vx10,vy10,vz10,sdf10,nx10,ny10,nz10,md10,u10,v10,x11,y11,z11,vx11,vy11,vz11,sdf11,nx11,ny11,nz11,md11,u11,v11,x12,y12,z12,vx12,vy12,vz12,sdf12,nx12,ny12,nz12,md12,u12,v12,x13,y13,z13,vx13,vy13,vz13,sdf13,nx13,ny13,nz13,md13,u13,v13,x14,y14,z14,vx14,vy14,vz14,sdf14,nx14,ny14,nz14,md14,u14,v14,x15,y15,z15,vx15,vy15,vz15,sdf15,nx15,ny15,nz15,md15,u15,v15,x16,y16,z16,vx16,vy16,vz16,sdf16,nx16,ny16,nz16,md16,u16,v16,x17,y17,z17,vx17,vy17,vz17,sdf17,nx17,ny17,nz17,md17,u17,v17,x18,y18,z18,vx18,vy18,vz18,sdf18,nx18,ny18,nz18,md18,u18,v18,x19,y19,z19,vx19,vy19,vz19,sdf19,nx19,ny19,nz19,md19,u19,v19,x20,y20,z20,vx20,vy20,vz20,sdf20,nx20,ny20,nz20,md20,u20,v20,x21,y21,z21,vx21,vy21,vz21,sdf21,nx21,ny21,nz21,md21,u21,v21,x22,y22,z22,vx22,vy22,vz22,sdf22,nx22,ny22,nz22,md22,u22,v22,x23,y23,z23,vx23,vy23,vz23,sdf23,nx23,ny23,nz23,md23,u23,v23,x24,y24,z24,vx24,vy24,vz24,sdf24,nx24,ny24,nz24,md24,u24,v24
0,0.1400038,-48.6701,24.8576,-19.49826,2408.72,-1243.092,54.96236,-0.01343994,-0.8938379,0.4481887,1,0.75,0,0.1400076,-23.67126,49.86595,-32.00262,1171.113,-2493.466,55.09789,-0.01340711,-0.4420226,0.8969038,1,1,0.25,0.1400076,-48.67411,49.858,-31.99865,2408.424,-2493.328,69.81635,-0.01060076,-0.7050759,0.7090527,1,1,0,0.1400038,-23.67146,24.8609,-19.4999,1171.07,-1243.191,34.46549,-0.02131847,-0.7028564,0.7110124,1,0.75,0.25,0.14,-48.66883,-0.1350574,-7.001732,2408.44,6.898403,49.07887,-0.01503493,-0.9998833,-0.002724092,1,0.5,0,0.1400076,1.327389,49.85777,-31.99853,-66.67292,-2493.193,49.36514,-0.01494846,0.008485551,0.9998523,1,1,0.5,0.14,-23.67271,-0.1358415,-7.00134,1170.862,6.996361,24.08864,-0.0303154,-0.9995251,-0.005524563,1,0.5,0.25,0.1399962,-48.66799,-25.13916,5.500515,2408.088,1256.95,55.08723,-0.01340989,-0.8917919,-0.4522471,1,0.25,0,0.1400038,1.330183,24.85793,-19.49842,-66.56017,-1243.101,24.37275,-0.02996898,0.01712421,0.9994042,1,0.75,0.5,0.1400076,26.32567,49.86367,-32.00148,-1303.96,-2492.99,55.47491,-0.01331681,0.4541574,0.8908219,1,1,0.75,0.1399962,-23.66302,-25.132,5.496933,1170.882,1256.762,34.65287,-0.02120505,-0.6988699,-0.7149345,1,0.25,0.25,0.1399924,-48.66519,-50.13744,17.99984,2408.616,2506.695,70.00849,-0.01057209,-0.703028,-0.7110837,1,0,0,0.1399924,-23.66303,-50.13906,18.00066,1171.091,2507.463,55.33935,-0.01334941,-0.4399637,-0.8979164,1,0,0.25,0.1400038,26.33381,24.85819,-19.49855,-1303.945,-1242.92,35.06892,-0.0209568,0.7149377,0.698874,1,0.75,0.75,0.1400076,51.33,49.8615,-32.0004,-2541.501,-2493.076,70.41884,-0.0105107,0.7110346,0.7030784,0,1,1,0.1400038,51.33,24.86149,-19.5002,-2541.501,-1243.075,55.72638,-0.01325732,0.8968344,0.4421678,0,0.75,1,0.14,1.331591,-0.1421708,-6.998176,-66.57438,7.064884,0.3709021,-0.8559109,0.4906806,-0.1632455,1,0.5,0.5,0.1399962,1.331743,-25.13766,5.499763,-66.87189,1256.952,24.65234,-0.02963614,0.01699589,-0.9994162,1,0.25,0.5,0.1399924,1.339258,-50.13407,17.99816,-66.54224,2507.008,49.6415,-0.01486637,0.008675491,-0.9998519,1,0,0.5,0.14,26.33592,-0.1433461,-6.997588,-1304.102,6.870224,24.94299,-0.02929745,0.9995549,-0.005634014,1,0.5,0.75,0.14,51.33,-0.1385164,-7.000003,-2541.501,6.925822,49.93145,-0.01478075,0.999887,-0.002746627,0,0.5,1,0.1399962,26.32939,-25.13773,5.4998,-1303.783,1256.931,35.26169,-0.02084405,0.71096,-0.7029235,1,0.25,0.75,0.1399924,26.32474,-50.13647,17.99936,-1303.974,2506.954,55.71763,-0.01325958,0.4521798,-0.8918282,1,0,0.75,0.1399962,51.33,-25.13853,5.500196,-2541.501,1256.927,55.84942,-0.0132285,0.8948761,-0.4461186,0,0.25,1,0.1399924,51.33,-50.13853,18.00039,-2541.501,2506.928,70.61388,-0.01048209,0.7090844,-0.7050456,0,0,1
1,0.1400038,-48.66019,24.86499,-19.50195,2408.199,-1243.025,54.7755,-0.009064678,-0.8930644,0.4498374,1,0.75,0,0.1400076,-23.66108,49.86142,-32.00036,1170.521,-2492.975,54.99854,-0.009028181,-0.439029,0.8984275,1,1,0.25,0.1400076,-48.65419,49.86395,-32.00162,2407.934,-2493.185,69.66362,-0.007141177,-0.7034783,0.710681,1,1,0,0.1400038,-23.66576,24.86008,-19.49949,1170.74,-1242.813,34.31636,-0.01439136,-0.6999626,0.7140344,1,0.75,0.25,0.14,-48.6599,-0.1351855,-7.001668,2408.159,6.853763,48.86702,-0.01014966,-0.9999447,-0.002738376,1,0.5,0,0.1400076,1.339236,49.86059,-31.99994,-67.0094,-2492.822,49.36715,-0.01004771,0.01273075,0.9998685,1,1,0.5,0.14,-23.65953,-0.1399917,-6.999265,1170.493,6.760251,23.86948,-0.0205609,-0.9997721,-0.005744552,1,0.5,0.25,0.1399962,-48.65564,-25.13183,5.49685,2408.287,1256.875,54.89199,-0.009045753,-0.8911041,-0.4537088,1,0.25,0,0.1400038,1.335528,24.86448,-19.50169,-67.02864,-1243.084,24.37754,-0.02014085,0.02536977,0.9994752,1,0.75,0.5,0.1400076,26.32883,49.85464,-31.99697,-1303.74,-2493.098,55.55665,-0.008938294,0.4571169,0.8893617,1,1,0.75,0.1399962,-23.66721,-25.13749,5.49968,1170.999,1257.01,34.51599,-0.01430953,-0.6960135,-0.7178861,1,0.25,0.25,0.1399924,-48.66478,-50.13766,17.99996,2408.307,2507.008,69.86584,-0.007120871,-0.701607,-0.7125285,1,0,0,0.1399924,-23.66571,-50.14075,18.0015,1170.768,2506.895,55.25166,-0.008987465,-0.4371189,-0.8993588,1,0,0.25,0.1400038,26.32548,24.85773,-19.49832,-1303.826,-1242.951,35.20152,-0.01403455,0.7176471,0.6962655,1,0.75,0.75,0.1400076,51.33,49.8615,-32.0004,-2541.501,-2493.076,70.55894,-0.007051201,0.7124454,0.7016922,0,1,1,0.1400038,51.33,24.86149,-19.5002,-2541.501,-1243.075,55.90299,-0.008883476,0.8975696,0.4407832,0,0.75,1,0.14,1.333527,-0.1404462,-6.999038,-66.53548,7.084712,0.3164548,-0.6137002,0.7705721,-0.1720196,1,0.5,0.5,0.1399962,1.338775,-25.13525,5.498556,-66.74586,1257.03,24.64824,-0.01992434,0.02522583,-0.9994832,1,0.25,0.5,0.1399924,1.335223,-50.14104,18.00165,-66.74981,2507.042,49.64751,-0.009991843,0.01257955,-0.999871,1,0,0.5,0.14,26.33372,-0.1423028,-6.99811,-1304.266,6.957963,25.13463,-0.01954616,0.9997935,-0.005551196,1,0.5,0.75,0.14,51.33,-0.1385164,-7.000003,-2541.501,6.925822,50.12828,-0.00989681,0.9999472,-0.002735949,0,0.5,1,0.1399962,26.32405,-25.1375,5.499682,-1303.914,1256.786,35.39585,-0.01395878,0.7137222,-0.7002899,1,0.25,0.75,0.1399924,26.32576,-50.14353,18.00289,-1303.707,2507.131,55.81234,-0.008897981,0.4549868,-0.8904537,1,0,0.75,0.1399962,51.33,-25.13853,5.500196,-2541.501,1256.927,56.02565,-0.008864335,0.8956219,-0.4447277,0,0.25,1,0.1399924,51.33,-50.13853,18.00039,-2541.501,2506.928,70.7536,-0.007032151,0.710499,-0.7036632,0,0,1
2,0.1400038,-48.66232,24.86232,-19.50061,2408.145,-1243.191,54.62046,-0.004130804,-0.892487,0.4510542,1,0.75,0,0.1400076,-23.66742,49.86077,-32.00003,1170.552,-2492.863,54.92346,-0.004108152,-0.4366274,0.899633,1,1,0.25,0.1400076,-48.6667,49.8638,-32.00154,2408.416,-2493.257,69.5497,-0.003250378,-0.7023396,0.7118346,1,1,0,0.1400038,-23.66878,24.86177,-19.50034,1170.962,-1242.636,34.19635,-0.006562415,-0.6975018,0.716553,1,0.75,0.25,0.14,-48.66609,-0.1363666,-7.001078,2408.041,6.507139,48.69879,-0.004628074,-0.9999854,-0.002771748,1,0.5,0,0.1400076,1.337119,49.86085,-32.00008,-66.68518,-2493.338,49.36787,-0.004565826,0.01614538,0.9998593,1,1,0.5,0.14,-23.66593,-0.1396087,-6.999457,1170.754,6.724399,23.69939,-0.009409149,-0.9999391,-0.0057691,1,0.5,0.25,0.1399962,-48.67545,-25.13886,5.500361,2408.403,1256.614,54.75744,-0.004120702,-0.8905122,-0.4549406,1,0.25,0,0.1400038,1.335107,24.86015,-19.49953,-66.8304,-1243.349,24.37416,-0.009153749,0.03228749,0.9994367,1,0.75,0.5,0.1400076,26.32625,49.86546,-32.00238,-1303.788,-2492.869,55.64232,-0.00405555,0.4594442,0.8881974,1,1,0.75,0.1399962,-23.66807,-25.14382,5.502844,1171.169,1256.795,34.39851,-0.006524617,-0.6934408,-0.720484,1,0.25,0.25,0.1399924,-48.67082,-50.14334,18.0028,2408.852,2506.523,69.75185,-0.003241242,-0.7003774,-0.7137654,1,0,0,0.1399924,-23.67004,-50.14235,18.0023,1170.952,2506.719,55.17804,-0.004089642,-0.434678,-0.9005767,1,0,0.25,0.1400038,26.32583,24.86045,-19.49968,-1303.808,-1243.137,35.32481,-0.006355702,0.7199997,0.6939452,1,0.75,0.75,0.1400076,51.33,49.8615,-32.0004,-2541.501,-2493.076,70.68047,-0.003198742,0.7136511,0.7004941,0,1,1,0.1400038,51.33,24.86149,-19.5002,-2541.501,-1243.075,56.05603,-0.004025951,0.8981892,0.4395905,0,0.75,1,0.14,1.330513,-0.1346593,-7.001931,-66.50599,6.766299,0.3412064,-0.2706775,0.9492673,-0.1600787,1,0.5,0.5,0.1399962,1.332363,-25.1367,5.499285,-66.58398,1257.051,24.65047,-0.009053485,0.03182364,-0.9994525,1,0.25,0.5,0.1399924,1.325037,-50.13647,17.99936,-66.31767,2506.753,49.64326,-0.004541054,0.01581575,-0.9998646,1,0,0.5,0.14,26.33459,-0.1385605,-6.99998,-1304.218,6.666137,25.30399,-0.008824048,0.9999467,-0.005369731,1,0.5,0.75,0.14,51.33,-0.1385164,-7.000003,-2541.501,6.925822,50.29872,-0.004482311,0.9999862,-0.002726769,0,0.5,1,0.1399962,26.336,-25.14138,5.501625,-1303.805,1256.887,35.5276,-0.006320138,0.7162291,-0.6978367,1,0.25,0.75,0.1399924,26.32401,-50.14154,18.0019,-1304.204,2506.785,55.88666,-0.004038247,0.4574137,-0.8892449,1,0,0.75,0.1399962,51.33,-25.13853,5.500196,-2541.501,1256.927,56.17836,-0.004017397,0.8962507,-0.4435295,0,0.25,1,0.1399924,51.33,-50.13853,18.00039,-2541.501,2506.928,70.87481,-0.003190247,0.7117079,-0.7024682,0,0,1
3,0.1400038,-48.67044,24.86527,-19.50209,2408.76,-1243.246,54.47756,0.0008080433,-0.8918755,0.4522803,1,0.75,0,0.1400076,-23.66622,49.86473,-32.00201,1171.012,-2493.325,54.85234,0.0008026411,-0.4341085,0.9008602,1,1,0.25,0.1400076,-48.66339,49.86531,-32.0023,2408.37,-2493.05,69.42931,0.0006353282,-0.7010807,0.7130816,1,1,0,0.1400038,-23.66474,24.86243,-19.50067,1170.988,-1243.462,34.07544,0.00128485,-0.6949282,0.7190779,1,0.75,0.25,0.14,-48.66847,-0.1369073,-7.000807,2408.467,6.851473,48.53138,0.0009059593,-0.9999957,-0.002792239,1,0.5,0,0.1400076,1.335885,49.8586,-31.99895,-66.76923,-2492.695,49.36812,0.0008909112,0.01951513,0.9998091,1,1,0.5,0.14,-23.66908,-0.1362299,-7.001146,1171.007,7.039676,23.53221,0.001848371,-0.9999822,-0.005668637,1,0.5,0.25,0.1399962,-48.66078,-25.1389,5.500385,2408.051,1257.065,54.59327,0.0008062078,-0.8898271,-0.4562972,1,0.25,0,0.1400038,1.333103,24.86586,-19.50239,-66.40845,-1242.92,24.38483,0.001785194,0.03899571,0.9992378,1,0.75,0.5,0.1400076,26.32917,49.86353,-32.00141,-1303.745,-2493.303,55.71949,0.0007902609,0.4618767,0.8869438,1,1,0.75,0.1399962,-23.66621,-25.13564,5.498754,1170.699,1256.872,34.27343,0.001277315,-0.6910137,-0.7228405,1,0.25,0.25,0.1399924,-48.6627,-50.13282,17.99754,2408.27,2506.812,69.61983,0.0006333843,-0.6991659,-0.7149592,1,0,0,0.1399924,-23.66205,-50.13307,17.99766,1170.949,2506.748,55.0924,0.0007989006,-0.4321589,-0.9017971,1,0,0.25,0.1400038,26.32808,24.86475,-19.50183,-1303.957,-1243.039,35.45078,0.001235696,0.7222478,0.6916332,1,0.75,0.75,0.1400076,51.33,49.8615,-32.0004,-2541.501,-2493.076,70.80103,0.0006231055,0.7148185,0.6993097,0,1,1,0.1400038,51.33,24.86149,-19.5002,-2541.501,-1243.075,56.20768,0.0007833903,0.8987724,0.4384149,0,0.75,1,0.14,1.329063,-0.1396571,-6.999432,-66.49852,7.329386,0.4774109,0.04544704,0.9886954,-0.1428848,1,0.5,0.5,0.1399962,1.333882,-25.14205,5.50196,-66.81331,1256.812,24.66084,0.001765307,0.03859887,-0.9992532,1,0.25,0.5,0.1399924,1.331909,-50.1391,18.00068,-66.6139,2506.989,49.64849,0.000885626,0.01932676,-0.9998128,1,0,0.5,0.14,26.33107,-0.138887,-6.999817,-1304.272,7.122057,25.46878,0.001710532,0.9999842,-0.005348229,1,0.5,0.75,0.14,51.33,-0.1385164,-7.000003,-2541.501,6.925822,50.46751,0.0008715442,0.9999959,-0.002717739,0,0.5,1,0.1399962,26.32758,-25.14217,5.502018,-1304.17,1256.915,35.64285,0.001228919,0.7183959,-0.6956333,1,0.25,0.75,0.1399924,26.32951,-50.13804,18.00014,-1304.002,2507.208,55.96326,0.0007865788,0.4598886,-0.8879763,1,0,0.75,0.1399962,51.33,-25.13853,5.500196,-2541.501,1256.927,56.32969,0.0007815743,0.8968429,-0.4423485,0,0.25,1,0.1399924,51.33,-50.13853,18.00039,-2541.501,2506.928,70.99504,0.0006212012,0.7128788,-0.7012869,0,0,1
4,0.1400038,-48.67212,24.85482,-19.49687,2408.723,-1242.669,54.30679,0.005506696,-0.8912398,0.453499,1,0.75,0,0.1400076,-23.6805,49.85982,-31.99956,1170.793,-2493.081,54.77317,0.0054603,-0.4315723,0.9020618,1,1,0.25,0.1400076,-48.67821,49.85423,-31.99676,2408.335,-2492.871,69.30015,0.00432389,-0.699885,0.7142424,1,1,0,0.1400038,-23.67087,24.85378,-19.49634,1170.908,-1242.902,33.94376,0.008762234,-0.6922803,0.7215755,1,0.75,0.25,0.14,-48.67319,-0.1470093,-6.995756,2408.633,7.163991,48.34821,0.006178332,-0.9999764,-0.003009513,1,0.5,0,0.1400076,1.325556,49.8589,-31.9991,-66.42309,-2492.707,49.37312,0.006051519,0.02309234,0.999715,1,1,0.5,0.14,-23.67264,-0.1344268,-7.002047,1170.919,7.142361,23.3488,0.01265475,-0.999904,-0.005636628,1,0.5,0.25,0.1399962,-48.66518,-25.15076,5.506311,2408.552,1257.328,54.43546,0.005493659,-0.889026,-0.4578237,1,0.25,0,0.1400038,1.333731,24.85893,-19.49892,-66.68863,-1242.845,24.3878,0.01212659,0.04660362,0.9988399,1,0.75,0.5,0.1400076,26.33088,49.85212,-31.99571,-1303.918,-2492.967,55.79844,0.005360861,0.4646134,0.8854975,1,1,0.75,0.1399962,-23.66577,-25.13777,5.499816,1171.125,1256.862,34.14574,0.008710933,-0.6880975,-0.7255659,1,0.25,0.25,0.1399924,-48.67036,-50.14685,18.00455,2408.477,2507.246,69.50397,0.004311082,-0.6977351,-0.7163429,1,0,0,0.1399924,-23.66689,-50.14451,18.00338,1171.009,2507.168,55.02427,0.005435332,-0.4293754,-0.9031097,1,0,0.25,0.1400038,26.3277,24.85572,-19.49732,-1303.843,-1242.688,35.58214,0.008364367,0.7248414,0.6888649,1,0.75,0.75,0.1400076,51.33,49.8615,-32.0004,-2541.501,-2493.076,70.93676,0.004224829,0.7161037,0.6979811,0,1,1,0.1400038,51.33,24.86149,-19.5002,-2541.501,-1243.075,56.37825,0.005306147,0.8993971,0.4371002,0,0.75,1,0.14,1.328516,-0.1371843,-7.000669,-66.6888,7.218823,0.7012966,0.251229,0.9611675,-0.1141969,1,0.5,0.5,0.1399962,1.338162,-25.14748,5.504672,-66.66333,1257.129,24.67623,0.01198737,0.04624571,-0.9988582,1,0.25,0.5,0.1399924,1.33625,-50.14228,18.00227,-66.69674,2507.321,49.65665,0.006017006,0.02317501,-0.9997134,1,0,0.5,0.14,26.32525,-0.1410615,-6.99873,-1303.975,6.856352,25.6535,0.01153958,0.9999189,-0.005393598,1,0.5,0.75,0.14,51.33,-0.1385164,-7.000003,-2541.501,6.925822,50.65721,0.005899471,0.9999789,-0.002707661,0,0.5,1,0.1399962,26.3295,-25.14104,5.501455,-1303.744,1257.107,35.78057,0.008318409,0.7209266,-0.6929615,1,0.25,0.75,0.1399924,26.32632,-50.13971,18.00098,-1303.842,2507.024,56.05114,0.005336636,0.4624566,-0.8866259,1,0,0.75,0.1399962,51.33,-25.13853,5.500196,-2541.501,1256.927,56.49988,0.005294689,0.8974779,-0.4410277,0,0.25,1,0.1399924,51.33,-50.13853,18.00039,-2541.501,2506.928,71.13039,0.004213196,0.714168,-0.6999617,0,0,1
5,0.1400038,-48.66089,24.86722,-19.50307,2408.117,-1242.869,54.14835,0.003663094,-0.8904631,0.4550407,1,0.75,0,0.1400076,-23.66053,49.86267,-32.00098,1170.599,-2492.739,54.69252,0.003627047,-0.428717,0.9034316,1,1,0.25,0.1400076,-48.65187,49.86327,-32.00128,2407.507,-2493.092,69.16728,0.002873456,-0.6983668,0.7157344,1,1,0,0.1400038,-23.66583,24.8625,-19.5007,1170.711,-1242.473,33.82672,0.005831668,-0.6894708,0.72429,1,0.75,0.25,0.14,-48.66416,-0.1427233,-6.9979,2408.353,7.078825,48.16623,0.004113289,-0.9999872,-0.002932697,1,0.5,0,0.1400076,1.342489,49.85843,-31.99886,-67.15878,-2492.792,49.37686,0.004013602,0.02688711,0.9996305,1,1,0.5,0.14,-23.66189,-0.1403175,-6.999102,1170.563,7.349585,23.1646,0.008458974,-0.9999467,-0.005929427,1,0.5,0.25,0.1399962,-48.66519,-25.13834,5.500101,2408.076,1257.336,54.27607,0.003654413,-0.8884653,-0.4589292,1,0.25,0,0.1400038,1.336866,24.86297,-19.50094,-66.90261,-1243.076,24.39961,0.008039564,0.05363224,0.9985284,1,0.75,0.5,0.1400076,26.32735,49.86349,-32.00139,-1303.761,-2492.96,55.88671,0.003550231,0.4668814,0.8843128,1,1,0.75,0.1399962,-23.66702,-25.13909,5.500476,1170.802,1257.418,34.0284,0.005797385,-0.6854783,-0.7280699,1,0.25,0.25,0.1399924,-48.66046,-50.14328,18.00277,2407.891,2507.183,69.37395,0.002864738,-0.6964241,-0.7176248,1,0,0,0.1399924,-23.66541,-50.14277,18.00251,1170.8,2506.952,54.94778,0.003610074,-0.4268313,-0.9043241,1,0,0.25,0.1400038,26.32701,24.86159,-19.50025,-1303.963,-1243.254,35.71014,0.005528342,0.7270219,0.6865921,1,0.75,0.75,0.1400076,51.33,49.8615,-32.0004,-2541.501,-2493.076,71.05997,0.002797456,0.7172803,0.6967793,0,1,1,0.1400038,51.33,24.86149,-19.5002,-2541.501,-1243.075,56.53292,0.003509938,0.8999811,0.4359148,0,0.75,1,0.14,1.32546,-0.1423572,-6.998082,-66.51218,7.134367,0.8466079,0.1486537,0.9832224,-0.1057154,1,0.5,0.5,0.1399962,1.327322,-25.14226,5.502061,-66.71571,1256.856,24.67799,0.007950373,0.05266019,-0.9985808,1,0.25,0.5,0.1399924,1.336115,-50.138,18.00013,-66.74605,2506.856,49.65616,0.003990947,0.02661029,-0.9996379,1,0,0.5,0.14,26.33025,-0.1395677,-6.999477,-1304.201,6.802175,25.82994,0.007602684,0.999957,-0.005300724,1,0.5,0.75,0.14,51.33,-0.1385164,-7.000003,-2541.501,6.925822,50.82913,0.003899895,0.9999888,-0.002698592,0,0.5,1,0.1399962,26.32888,-25.13708,5.499475,-1303.839,1256.884,35.90119,0.005499117,0.7232574,-0.6905566,1,0.25,0.75,0.1399924,26.32618,-50.14047,18.00136,-1303.887,2507.034,56.13125,0.003534631,0.4648447,-0.8853852,1,0,0.75,0.1399962,51.33,-25.13853,5.500196,-2541.501,1256.927,56.65423,0.003502355,0.8980709,-0.4398366,0,0.25,1,0.1399924,51.33,-50.13853,18.00039,-2541.501,2506.928,71.25328,0.002789706,0.7153479,-0.698763,0,0,1
6,0.1400038,-48.6688,24.86064,-19.49977,2408.616,-1242.979,54.15089,-0.002347657,-0.8905399,0.454899,1,0.75,0,0.1400076,-23.67004,49.86195,-32.00062,1170.978,-2493.411,54.69512,-0.00232444,-0.428843,0.903376,1,1,0.25,0.1400076,-48.66925,49.86496,-32.00213,2408.623,-2493.207,69.17946,-0.001841257,-0.6984735,0.7156336,1,1,0,0.1400038,-23.67128,24.858,-19.49845,1170.998,-1243.166,33.82588,-0.00373775,-0.6896045,0.7241765,1,0.75,0.25,0.14,-48.66847,-0.1418286,-6.998346,2408.165,6.788114,48.16885,-0.002636294,-0.9999923,-0.002914156,1,0.5,0,0.1400076,1.330186,49.85853,-31.99891,-66.6059,-2493.224,49.37643,-0.002572312,0.02666963,0.999641,1,1,0.5,0.14,-23.66603,-0.1379847,-7.000269,1170.598,6.713072,23.16678,-0.005421328,-0.9999683,-0.005830311,1,0.5,0.25,0.1399962,-48.66116,-25.13675,5.49931,2407.77,1256.674,54.27026,-0.00234268,-0.8884595,-0.4589489,1,0.25,0,0.1400038,1.328445,24.86741,-19.50316,-66.22276,-1243.36,24.4032,-0.005152012,0.05334435,0.9985629,1,0.75,0.5,0.1400076,26.32742,49.86214,-32.00072,-1303.836,-2493.214,55.88601,-0.002275347,0.4669139,0.8842998,1,1,0.75,0.1399962,-23.66231,-25.13675,5.499306,1170.478,1256.79,34.02213,-0.003716723,-0.6854245,-0.7281343,1,0.25,0.25,0.1399924,-48.65825,-50.14109,18.00167,2408.02,2506.606,69.36967,-0.001836462,-0.6964145,-0.7176374,1,0,0,0.1399924,-23.66578,-50.1413,18.00178,1170.759,2507.002,54.94579,-0.002314207,-0.4268274,-0.9043302,1,0,0.25,0.1400038,26.3324,24.8578,-19.49835,-1303.845,-1243.175,35.71218,-0.00354305,0.7271696,0.6864486,1,0.75,0.75,0.1400076,51.33,49.8615,-32.0004,-2541.501,-2493.076,71.06085,-0.001792848,0.7172917,0.6967707,0,1,1,0.1400038,51.33,24.86149,-19.5002,-2541.501,-1243.075,56.53402,-0.002249562,0.8999892,0.4359064,0,0.75,1,0.14,1.332145,-0.1336897,-7.002416,-66.60945,6.601349,0.8449708,-0.09539641,0.9904641,-0.09939972,1,0.5,0.5,0.1399962,1.339064,-25.13753,5.4997,-67.15505,1256.784,24.6735,-0.005096995,0.05319338,-0.9985712,1,0.25,0.5,0.1399924,1.336459,-50.14031,18.00128,-67.03161,2506.784,49.65828,-0.002558162,0.02664483,-0.9996417,1,0,0.5,0.14,26.32608,-0.1389237,-6.999799,-1304.114,6.85253,25.82676,-0.004873573,0.9999742,-0.005276901,1,0.5,0.75,0.14,51.33,-0.1385164,-7.000003,-2541.501,6.925822,50.83035,-0.002499601,0.9999933,-0.002698528,0,0.5,1,0.1399962,26.32608,-25.14015,5.501008,-1304.285,1256.666,35.90201,-0.003524784,0.7232042,-0.6906254,1,0.25,0.75,0.1399924,26.32784,-50.13995,18.0011,-1303.746,2506.892,56.13202,-0.002265733,0.4648932,-0.8853639,1,0,0.75,0.1399962,51.33,-25.13853,5.500196,-2541.501,1256.927,56.65532,-0.002244921,0.8980791,-0.4398282,0,0.25,1,0.1399924,51.33,-50.13853,18.00039,-2541.501,2506.928,71.25415,-0.001788231,0.7153593,-0.6987545,0,0,1
7,0.1400038,-48.66277,24.86368,-19.5013,2408.218,-1243.199,54.14693,0.002587952,-0.890494,0.4549876,1,0.75,0,0.1400076,-23.6635,49.86374,-32.00152,1170.826,-2493.09,54.69396,0.002562372,-0.4287334,0.9034274,1,1,0.25,0.1400076,-48.66536,49.86393,-32.00161,2408.111,-2493.203,69.17603,0.002029787,-0.698452,0.715654,1,1,0,0.1400038,-23.66256,24.86123,-19.50007,1170.905,-1242.868,33.82226,0.004120465,-0.6894232,0.7243471,1,0.75,0.25,0.14,-48.66222,-0.1312353,-7.003643,2408.271,6.666858,48.1626,0.00290613,-0.9999921,-0.002696842,1,0.5,0,0.1400076,1.339282,49.86389,-32.00159,-66.80349,-2492.935,49.38207,0.002835236,0.02684897,0.9996355,1,1,0.5,0.14,-23.66141,-0.132447,-7.003037,1170.562,6.778008,23.1622,0.005976614,-0.9999664,-0.005597407,1,0.5,0.25,0.1399962,-48.66031,-25.13478,5.498321,2408.401,1256.658,54.26863,0.002582063,-0.8884705,-0.4589265,1,0.25,0,0.1400038,1.340082,24.86541,-19.50216,-66.86273,-1242.972,24.4019,0.005679233,0.05381444,0.9985348,1,0.75,0.5,0.1400076,26.32836,49.86193,-32.00061,-1303.892,-2493.038,55.8863,0.002508188,0.4669284,0.8842916,1,1,0.75,0.1399962,-23.66463,-25.13616,5.499013,1170.55,1257.01,34.02335,0.004096244,-0.6854676,-0.7280917,1,0.25,0.25,0.1399924,-48.6642,-50.13444,17.99835,2408.706,2506.878,69.36906,0.00202396,-0.6965057,-0.7175485,1,0,0,0.1399924,-23.66665,-50.13282,17.99754,1170.852,2506.971,54.93853,0.002550793,-0.426899,-0.9042957,1,0,0.25,0.1400038,26.32776,24.8581,-19.49851,-1303.977,-1242.983,35.70906,0.003905753,0.7271041,0.6865162,1,0.75,0.75,0.1400076,51.33,49.8615,-32.0004,-2541.501,-2493.076,71.06087,0.001976324,0.7172914,0.6967704,0,1,1,0.1400038,51.33,24.86149,-19.5002,-2541.501,-1243.075,56.53405,0.002479636,0.8999887,0.4359062,0,0.75,1,0.14,1.332548,-0.1369875,-7.000767,-66.86314,7.05085,0.8470155,0.1049875,0.98926,-0.1016971,1,0.5,0.5,0.1399962,1.339064,-25.13287,5.497366,-66.70139,1256.93,24.66891,0.005618679,0.05320309,-0.9985679,1,0.25,0.5,0.1399924,1.330536,-50.1324,17.99733,-66.6308,2507.139,49.65025,0.002819771,0.02653099,-0.999644,1,0,0.5,0.14,26.33463,-0.1369615,-7.00078,-1304.148,6.925872,25.83536,0.00536996,0.999972,-0.005200668,1,0.5,0.75,0.14,51.33,-0.1385164,-7.000003,-2541.501,6.925822,50.83038,0.00275509,0.9999925,-0.002698526,0,0.5,1,0.1399962,26.32795,-25.14122,5.501543,-1303.844,1257.076,35.90415,0.003884613,0.723213,-0.6906142,1,0.25,0.75,0.1399924,26.32554,-50.13933,18.0008,-1303.868,2507.023,56.13044,0.002497106,0.4648655,-0.8853778,1,0,0.75,0.1399962,51.33,-25.13853,5.500196,-2541.501,1256.927,56.65535,0.002474239,0.8980786,-0.439828,0,0.25,1,0.1399924,51.33,-50.13853,18.00039,-2541.501,2506.928,71.25417,0.001970787,0.7153591,-0.6987543,0,0,1
8,0.1400038,-48.67462,24.86534,-19.50212,2408.203,-1243.033,54.15945,0.007126278,-0.890507,0.4549138,1,0.75,0,0.1400076,-23.66702,49.86259,-32.00095,1171.045,-2493.255,54.69563,0.007057121,-0.4287843,0.9033793,1,1,0.25,0.1400076,-48.67511,49.86792,-32.0036,2408.379,-2493.253,69.18663,0.005589627,-0.6984856,0.7156023,1,1,0,0.1400038,-23.66754,24.86735,-19.50313,1170.778,-1242.985,33.83205,0.01134562,-0.6893718,0.7243189,1,0.75,0.25,0.14,-48.6724,-0.1338949,-7.002313,2408.345,6.200072,48.17414,0.008002495,-0.9999642,-0.002750843,1,0.5,0,0.1400076,1.328093,49.86662,-32.00296,-66.58896,-2493.248,49.38582,0.007808276,0.02662265,0.9996151,1,1,0.5,0.14,-23.66726,-0.1301249,-7.004198,1170.646,6.756535,23.17082,0.01645548,-0.9998495,-0.005497269,1,0.5,0.25,0.1399962,-48.6784,-25.12889,5.495377,2408.484,1256.486,54.2832,0.007110041,-0.8885643,-0.458697,1,0.25,0,0.1400038,1.331728,24.8678,-19.50335,-66.99072,-1243.087,24.40648,0.01563924,0.05346912,0.998447,1,0.75,0.5,0.1400076,26.32429,49.85852,-31.99891,-1303.781,-2492.875,55.88255,0.006908561,0.4668871,0.8842899,1,1,0.75,0.1399962,-23.6746,-25.13576,5.498812,1171.14,1256.761,34.03179,0.01127977,-0.6855885,-0.7279019,1,0.25,0.25,0.1399924,-48.67757,-50.13213,17.99719,2408.88,2506.481,69.37766,0.005574127,-0.6966113,-0.7174271,1,0,0,0.1399924,-23.67846,-50.13406,17.99816,1171.024,2506.626,54.94588,0.007024995,-0.4270553,-0.9041982,1,0,0.25,0.1400038,26.32461,24.8615,-19.5002,-1303.826,-1243.026,35.71092,0.01075693,0.7269798,0.6865746,1,0.75,0.75,0.1400076,51.33,49.8615,-32.0004,-2541.501,-2493.076,71.06179,0.005443159,0.7172822,0.6967615,0,1,1,0.1400038,51.33,24.86149,-19.5002,-2541.501,-1243.075,56.53521,0.006829439,0.8999705,0.4358973,0,0.75,1,0.14,1.334378,-0.1350745,-7.001724,-66.56254,6.639412,0.8966143,0.2788992,0.9554377,-0.09671567,1,0.5,0.5,0.1399962,1.331053,-25.1353,5.498584,-66.11164,1256.733,24.67353,0.01547303,0.05287511,-0.9984812,1,0.25,0.5,0.1399924,1.326122,-50.13234,17.9973,-66.2611,2506.693,49.65139,0.007766624,0.02644238,-0.9996201,1,0,0.5,0.14,26.3309,-0.1360591,-7.001231,-1304.273,6.715462,25.83413,0.01479125,0.9998772,-0.005166645,1,0.5,0.75,0.14,51.33,-0.1385164,-7.000003,-2541.501,6.925822,50.83167,0.007588194,0.9999676,-0.002698459,0,0.5,1,0.1399962,26.32526,-25.14123,5.501547,-1303.742,1256.999,35.90402,0.01069967,0.7231417,-0.6906168,1,0.25,0.75,0.1399924,26.33468,-50.13625,17.99925,-1303.778,2506.916,56.13312,0.006877724,0.465005,-0.8852813,1,0,0.75,0.1399962,51.33,-25.13853,5.500196,-2541.501,1256.927,56.65651,0.006814811,0.8980606,-0.4398191,0,0.25,1,0.1399924,51.33,-50.13853,18.00039,-2541.501,2506.928,71.2551,0.005428283,0.7153499,-0.6987453,0,0,1
9,0.1400038,-48.67137,24.85026,-19.49459,2408.922,-1242.558,54.15076,0.001223836,-0.8906326,0.454722,1,0.75,0,0.1400076,-23.67711,49.85382,-31.99656,1171.579,-2492.733,54.69231,0.001211897,-0.4290361,0.9032866,1,1,0.25,0.1400076,-48.68138,49.85552,-31.99741,2408.93,-2492.627,69.18321,0.0009598783,-0.698644,0.7154688,1,1,0,0.1400038,-23.6735,24.84795,-19.49343,1171.167,-1242.691,33.82206,0.001948705,-0.689815,0.723983,1,0.75,0.25,0.14,-48.67202,-0.1487037,-6.994909,2408.593,7.071485,48.17467,0.001374016,-0.9999945,-0.003041814,1,0.5,0,0.1400076,1.325764,49.85983,-31.99957,-66.1561,-2492.876,49.37808,0.001341018,0.02653239,0.999647,1,1,0.5,0.14,-23.66937,-0.1465349,-6.995994,1171.07,7.043905,23.17229,0.002825234,-0.9999771,-0.006162925,1,0.5,0.25,0.1399962,-48.67685,-25.14915,5.505507,2408.652,1257.305,54.2916,0.001220551,-0.8884434,-0.4589846,1,0.25,0,0.1400038,1.328368,24.86128,-19.5001,-66.28924,-1242.709,24.39735,0.002686374,0.05325823,0.9985772,1,0.75,0.5,0.1400076,26.33509,49.85478,-31.99704,-1303.773,-2492.749,55.88244,0.001186316,0.4670374,0.8842368,1,1,0.75,0.1399962,-23.67153,-25.14052,5.501194,1171.182,1257.161,34.03218,0.001936627,-0.6855607,-0.7280129,1,0.25,0.25,0.1399924,-48.66843,-50.1479,18.00508,2408.319,2507.09,69.38275,0.0009569192,-0.6964638,-0.7175913,1,0,0,0.1399924,-23.66776,-50.14828,18.00527,1170.82,2507.237,54.95327,0.001205919,-0.4268484,-0.9043224,1,0,0.25,0.1400038,26.33468,24.85984,-19.49937,-1303.823,-1242.995,35.71379,0.00184691,0.7271348,0.6864922,1,0.75,0.75,0.1400076,51.33,49.8615,-32.0004,-2541.501,-2493.076,71.05951,0.0009347101,0.7172719,0.6967928,0,1,1,0.1400038,51.33,24.86149,-19.5002,-2541.501,-1243.075,56.53205,0.001172737,0.8999785,0.4359327,0,0.75,1,0.14,1.332785,-0.1412914,-6.998615,-66.32167,6.990629,0.8394901,0.04992928,0.9932179,-0.1050004,1,0.5,0.5,0.1399962,1.328527,-25.13754,5.499701,-66.53255,1256.976,24.67194,0.002656766,0.05268361,-0.9986078,1,0.25,0.5,0.1399924,1.334677,-50.14219,18.00222,-66.42551,2507.009,49.65929,0.001333196,0.02656135,-0.9996463,1,0,0.5,0.14,26.3312,-0.1409212,-6.9988,-1303.922,6.795841,25.82928,0.002540129,0.9999826,-0.00532779,1,0.5,0.75,0.14,51.33,-0.1385164,-7.000003,-2541.501,6.925822,50.82785,0.001302992,0.9999955,-0.002686105,0,0.5,1,0.1399962,26.32512,-25.13769,5.499778,-1303.823,1256.974,35.89728,0.001837389,0.7232062,-0.6906297,1,0.25,0.75,0.1399924,26.33347,-50.14679,18.00452,-1303.709,2506.968,56.13891,0.001180675,0.464894,-0.8853655,1,0,0.75,0.1399962,51.33,-25.13853,5.500196,-2541.501,1256.927,56.6528,0.001170126,0.8980771,-0.4398364,0,0.25,1,0.1399924,51.33,-50.13853,18.00039,-2541.501,2506.928,71.25191,0.000931991,0.7153485,-0.6987672,0,0,1
10,0.1400038,-48.67834,24.86348,-19.5012,2408.622,-1243.226,54.34424,-0.001329204,-0.8908774,0.4542418,1,0.75,0,0.1400076,-23.6765,49.869,-32.00415,1170.785,-2493.218,54.82636,-0.001317552,-0.4312168,0.9022474,1,1,0.25,0.1400076,-48.68105,49.86136,-32.00033,2408.604,-2493.126,69.34677,-0.001043647,-0.699563,0.7145703,1,1,0,0.1400038,-23.67808,24.86478,-19.50185,1171.08,-1243.072,33.99592,-0.002113269,-0.6916538,0.722226,1,0.75,0.25,0.14,-48.6757,-0.1365974,-7.000962,2408.412,6.977246,48.35699,-0.001492171,-0.9999973,-0.001791528,1,0.5,0,0.1400076,1.324067,49.8691,-32.0042,-66.60963,-2493.104,49.4313,-0.001459913,0.02288962,0.999737,1,1,0.5,0.14,-23.67571,-0.1403815,-6.99907,1170.657,6.609583,23.35715,-0.003055813,-0.999988,-0.003827481,1,0.5,0.25,0.1399962,-48.67462,-25.13693,5.499397,2408.633,1257.144,54.42079,-0.00132749,-0.889568,-0.4568008,1,0.25,0,0.1400038,1.327342,24.86156,-19.50024,-66.4178,-1243.148,24.43709,-0.002923323,0.045963,0.9989388,1,0.75,0.5,0.1400076,26.33399,49.85743,-31.99836,-1304.292,-2492.978,55.84389,-0.001293758,0.4641645,0.8857481,1,1,0.75,0.1399962,-23.67055,-25.13826,5.500065,1170.811,1256.815,34.11758,-0.002106063,-0.6890056,-0.724753,1,0.25,0.25,0.1399924,-48.67676,-50.14108,18.00167,2408.513,2506.753,69.47365,-0.001041973,-0.6982331,-0.7158697,1,0,0,0.1399924,-23.67749,-50.13742,17.99983,1170.948,2506.928,54.98048,-0.001314167,-0.4300369,-0.9028103,1,0,0.25,0.1400038,26.33252,24.85669,-19.4978,-1304.257,-1242.753,35.61365,-0.002018604,0.7241406,0.6896495,1,0.75,0.75,0.1400076,51.33,49.8615,-32.0004,-2541.501,-2493.076,70.96519,-0.001020012,0.7157168,0.6983899,0,1,1,0.1400038,51.33,24.86149,-19.5002,-2541.501,-1243.075,56.3924,-0.001281352,0.8990452,0.4378539,0,0.75,1,0.14,1.328519,-0.1378434,-7.00034,-66.31884,7.104949,0.653096,-0.0632237,0.9950255,-0.07698816,1,0.5,0.5,0.1399962,1.329374,-25.1316,5.496733,-66.82267,1256.793,24.6089,-0.002903624,0.04572939,-0.9989496,1,0.25,0.5,0.1399924,1.326361,-50.13455,17.9984,-66.81391,2507.004,49.59863,-0.001455342,0.02285896,-0.9997376,1,0,0.5,0.14,26.33304,-0.136432,-7.001045,-1304.002,6.9713,25.65213,-0.002787651,0.9999905,-0.003340581,1,0.5,0.75,0.14,51.33,-0.1385164,-7.000003,-2541.501,6.925822,50.64897,-0.001425307,0.9999974,-0.001748768,0,0.5,1,0.1399962,26.3245,-25.13688,5.499375,-1303.801,1256.689,35.73366,-0.002012129,0.7215209,-0.6923898,1,0.25,0.75,0.1399924,26.32826,-50.13989,18.00107,-1303.71,2507.066,56.00457,-0.001290349,0.4627431,-0.8864915,1,0,0.75,0.1399962,51.33,-25.13853,5.500196,-2541.501,1256.927,56.47096,-0.001279719,0.8978055,-0.4403903,0,0.25,1,0.1399924,51.33,-50.13853,18.00039,-2541.501,2506.928,71.09025,-0.001018443,0.7144666,-0.6996688,0,0,1
11,0.1400038,-48.66202,24.86007,-19.49949,2407.875,-1243.156,54.54851,0.002622456,-0.8912205,0.4535629,1,0.75,0,0.1400076,-23.66268,49.86309,-32.00119,1170.492,-2493.016,54.96217,0.002602965,-0.4338275,0.9009922,1,1,0.25,0.1400076,-48.65798,49.86282,-32.00106,2407.969,-2493.165,69.52582,0.002061612,-0.7005461,0.7136042,1,1,0,0.1400038,-23.66729,24.85749,-19.4982,1170.777,-1243.284,34.1763,0.004163139,-0.694008,0.7199553,1,0.75,0.25,0.14,-48.65675,-0.1339335,-7.002294,2408.186,6.863125,48.55531,0.00294277,-0.9999956,-0.0005308205,1,0.5,0,0.1400076,1.338092,49.86001,-31.99965,-67.11004,-2492.92,49.47695,0.002888653,0.01880375,0.999819,1,1,0.5,0.14,-23.66188,-0.1438053,-6.997359,1170.562,7.152608,23.56068,0.005999767,-0.9999809,-0.001492531,1,0.5,0.25,0.1399962,-48.67214,-25.13562,5.498743,2408.326,1256.877,54.58466,0.002620596,-0.8908193,-0.4543502,1,0.25,0,0.1400038,1.336192,24.86291,-19.50091,-66.95802,-1243.308,24.48882,0.005777073,0.03753095,0.9992788,1,0.75,0.5,0.1400076,26.32539,49.86335,-32.00132,-1303.917,-2492.623,55.79705,0.002564363,0.4605402,0.8876352,1,1,0.75,0.1399962,-23.67144,-25.14174,5.501802,1170.648,1257.095,34.2285,0.004156663,-0.6930844,-0.7208444,1,0.25,0.25,0.1399924,-48.67352,-50.13773,17.99999,2408.387,2507.123,69.5789,0.002059833,-0.7002373,-0.7139072,1,0,0,0.1399924,-23.67229,-50.14767,18.00496,1171.009,2507.057,55.02833,0.002599589,-0.4334838,-0.9011576,1,0,0.25,0.1400038,26.32617,24.85766,-19.49829,-1303.985,-1242.763,35.49378,0.004010756,0.720342,0.6936074,1,0.75,0.75,0.1400076,51.33,49.8615,-32.0004,-2541.501,-2493.076,70.85122,0.002023316,0.7138163,0.70033,0,1,1,0.1400038,51.33,24.86149,-19.5002,-2541.501,-1243.075,56.22324,0.002545029,0.8978977,0.4401968,0,0.75,1,0.14,1.332814,-0.1381088,-7.000207,-66.40858,6.987564,0.4460426,0.1525919,0.9877731,-0.03193812,1,0.5,0.5,0.1399962,1.333161,-25.14086,5.501363,-66.60303,1256.82,24.55083,0.005762469,0.03731705,-0.9992869,1,0.25,0.5,0.1399924,1.329153,-50.13707,17.99966,-66.21791,2506.824,49.53804,0.002884822,0.01860214,-0.9998229,1,0,0.5,0.14,26.33608,-0.1380032,-7.000259,-1304.174,6.852922,25.43816,0.005565486,0.9999838,-0.00116081,1,0.5,0.75,0.14,51.33,-0.1385164,-7.000003,-2541.501,6.925822,50.43188,0.002834344,0.9999958,-0.0006012426,0,0.5,1,0.1399962,26.33277,-25.14206,5.501962,-1303.858,1257.088,35.54615,0.004004717,0.7194786,-0.6945031,1,0.25,0.75,0.1399924,26.32877,-50.14049,18.00137,-1303.794,2507.057,55.85307,0.002561543,0.4601423,-0.8878416,1,0,0.75,0.1399962,51.33,-25.13853,5.500196,-2541.501,1256.927,56.25022,0.002543684,0.8974708,-0.4410667,0,0.25,1,0.1399924,51.33,-50.13853,18.00039,-2541.501,2506.928,70.89412,0.002021887,0.7133874,-0.700767,0,0,1
12,0.1400038,-48.66861,24.8592,-19.49905,2408.15,-1242.942,54.76033,0.007140794,-0.8915836,0.4527999,1,0.75,0,0.1400076,-23.664,49.85924,-31.99927,1170.767,-2493.35,55.09783,0.007097515,-0.4364306,0.8997099,1,1,0.25,0.1400076,-48.67018,49.8614,-32.00035,2408.316,-2493.198,69.71519,0.005619959,-0.7017111,0.7124395,1,1,0,0.1400038,-23.66849,24.85937,-19.49914,1170.983,-1243.082,34.3604,0.01131951,-0.6961794,0.7177787,1,0.75,0.25,0.14,-48.66548,-0.13662,-7.000951,2408.362,6.603735,48.76767,0.008009286,-0.9999678,0.0005289264,1,0.5,0,0.1400076,1.332602,49.86441,-32.00185,-66.79374,-2493.295,49.534,0.007886766,0.01463007,0.9998618,1,1,0.5,0.14,-23.66113,-0.1360302,-7.001245,1170.794,6.849516,23.76496,0.01626209,-0.9998671,0.001098241,1,0.5,0.25,0.1399962,-48.6688,-25.14039,5.501127,2408.556,1256.716,54.74053,0.007143216,-0.8919069,-0.4521627,1,0.25,0,0.1400038,1.336344,24.85748,-19.4982,-66.65621,-1243.096,24.53409,0.01576261,0.02938965,0.9994437,1,0.75,0.5,0.1400076,26.32644,49.85589,-31.99759,-1304.233,-2492.943,55.74795,0.007015482,0.4573649,0.8892514,1,1,0.75,0.1399962,-23.67414,-25.13669,5.49928,1171.019,1257.148,34.32988,0.01132921,-0.6969518,-0.7170285,1,0.25,0.25,0.1399924,-48.67012,-50.13361,17.99793,2408.38,2506.993,69.6773,0.005622776,-0.7020891,-0.7120668,1,0,0,0.1399924,-23.67414,-50.13462,17.99844,1170.97,2507.098,55.0573,0.007102418,-0.4369317,-0.8994666,1,0,0.25,0.1400038,26.32964,24.85793,-19.49842,-1303.813,-1242.739,35.39109,0.01099445,0.7168643,0.6971261,1,0.75,0.75,0.1400076,51.33,49.8615,-32.0004,-2541.501,-2493.076,70.74638,0.005538618,0.7120278,0.7021295,0,1,1,0.1400038,51.33,24.86149,-19.5002,-2541.501,-1243.075,56.0671,0.006975833,0.8968005,0.4423803,0,0.75,1,0.14,1.32787,-0.1368982,-7.000812,-66.3378,6.673846,0.3278239,0.47667,0.8785305,0.03114276,1,0.5,0.5,0.1399962,1.328907,-25.14045,5.501158,-66.49986,1256.695,24.4915,0.01578917,0.02914216,-0.9994506,1,0.25,0.5,0.1399924,1.330114,-50.13702,17.99964,-66.52662,2506.939,49.48123,0.007894788,0.01459574,-0.9998623,1,0,0.5,0.14,26.32838,-0.1386578,-6.999932,-1303.866,6.852438,25.23082,0.01533565,0.999882,0.0009335538,1,0.5,0.75,0.14,51.33,-0.1385164,-7.000003,-2541.501,6.925822,50.23094,0.007778268,0.9999696,0.0004762884,0,0.5,1,0.1399962,26.33483,-25.13877,5.500319,-1303.695,1256.732,35.36379,0.0110026,0.7175546,-0.6964153,1,0.25,0.75,0.1399924,26.32393,-50.13421,17.99823,-1303.867,2507.027,55.70498,0.007020575,0.4576699,-0.8890945,1,0,0.75,0.1399962,51.33,-25.13853,5.500196,-2541.501,1256.927,56.04574,0.006978333,0.8971393,-0.4416928,0,0.25,1,0.1399924,51.33,-50.13853,18.00039,-2541.501,2506.928,70.71246,0.005541042,0.7123669,-0.7017853,0,0,1
13,0.1400038,-48.66388,24.86138,-19.50014,2408.047,-1243.038,54.96398,0.01146186,-0.8918622,0.452162,1,0.75,0,0.1400076,-23.66282,49.86304,-32.00117,1170.676,-2492.941,55.24039,0.01140509,-0.4389127,0.8984573,1,1,0.25,0.1400076,-48.66105,49.86475,-32.00202,2408.237,-2493.335,69.89349,0.00903101,-0.7026699,0.7114588,1,1,0,0.1400038,-23.67109,24.86628,-19.50259,1170.626,-1243.17,34.55054,0.01813725,-0.6982328,0.715641,1,0.75,0.25,0.14,-48.66933,-0.1362194,-7.001151,2407.983,6.760858,48.97582,0.01284904,-0.9999161,0.001639246,1,0.5,0,0.1400076,1.338217,49.86516,-32.00223,-67.01579,-2493.373,49.58938,0.0126918,0.01069838,0.9998623,1,1,0.5,0.14,-23.66331,-0.1391318,-6.999695,1170.673,6.71351,23.97403,0.02597515,-0.9996575,0.003194842,1,0.5,0.25,0.1399962,-48.66754,-25.13751,5.499691,2408.192,1256.983,54.89575,0.01147584,-0.8930266,-0.4498574,1,0.25,0,0.1400038,1.331864,24.86233,-19.50062,-66.89914,-1243.233,24.59329,0.02533428,0.02110216,0.9994563,1,0.75,0.5,0.1400076,26.32819,49.86496,-32.00213,-1303.763,-2492.784,55.71573,0.01130866,0.4540696,0.8908945,1,1,0.75,0.1399962,-23.66821,-25.14411,5.50299,1170.782,1256.912,34.43647,0.01819625,-0.70043,-0.7134892,1,0.25,0.25,0.1399924,-48.66837,-50.13683,17.99954,2408.475,2506.63,69.78308,0.00904498,-0.7038779,-0.7102634,1,0,0,0.1399924,-23.67065,-50.14288,18.00257,1170.858,2506.904,55.10479,0.01143263,-0.4401239,-0.8978643,1,0,0.25,0.1400038,26.32675,24.86291,-19.50091,-1303.806,-1242.943,35.28991,0.01776256,0.7131734,0.7007626,1,0.75,0.75,0.1400076,51.33,49.8615,-32.0004,-2541.501,-2493.076,70.64307,0.008935857,0.710226,0.7039171,0,1,1,0.1400038,51.33,24.86149,-19.5002,-2541.501,-1243.075,55.91273,0.0112691,0.8956784,0.4445596,0,0.75,1,0.14,1.333135,-0.1385948,-6.999963,-66.55867,6.919824,0.3319108,0.7641645,0.6380414,0.09463473,1,0.5,0.5,0.1399962,1.33551,-25.1416,5.501732,-66.54218,1256.624,24.43808,0.02549165,0.02137969,-0.9994464,1,0.25,0.5,0.1399924,1.333916,-50.13655,17.9994,-66.75541,2506.482,49.42611,0.012733,0.01064722,-0.9998623,1,0,0.5,0.14,26.3344,-0.1347865,-7.001868,-1304.071,6.811719,25.04011,0.02489092,0.9996849,0.003231622,1,0.5,0.75,0.14,51.33,-0.1385164,-7.000003,-2541.501,6.925822,50.03172,0.01258055,0.9999197,0.001559536,0,0.5,1,0.1399962,26.3271,-25.1374,5.499634,-1303.779,1256.975,35.17811,0.01781801,0.7154179,-0.6984696,1,0.25,0.75,0.1399924,26.33315,-50.1366,17.99943,-1303.777,2506.929,55.57281,0.01133721,0.4553153,-0.8902581,1,0,0.75,0.1399962,51.33,-25.13853,5.500196,-2541.501,1256.927,55.84283,0.01128294,0.8967895,-0.4423136,0,0.25,1,0.1399924,51.33,-50.13853,18.00039,-2541.501,2506.928,70.53222,0.008949587,0.7113344,-0.7027968,0,0,1
14,0.1400038,-48.67221,24.85973,-19.49932,2408.094,-1243.172,55.22885,0.01432858,-0.8923026,0.4512103,1,0.75,0,0.1400076,-23.66904,49.85826,-31.99878,1170.684,-2493.088,55.41352,0.01428132,-0.4421798,0.8968127,1,1,0.25,0.1400076,-48.67181,49.86523,-32.00226,2408.173,-2493.281,70.12923,0.01130579,-0.7040513,0.7100592,1,1,0,0.1400038,-23.6673,24.86178,-19.50034,1170.868,-1242.921,34.77343,0.02263786,-0.70087,0.7129297,1,0.75,0.25,0.14,-48.67367,-0.1341581,-7.002182,2408.366,7.038957,49.2351,0.01605529,-0.9998665,0.003046985,1,0.5,0,0.1400076,1.335041,49.86446,-32.00188,-66.62655,-2493.035,49.6573,0.01592029,0.005587482,0.9998576,1,1,0.5,0.14,-23.67686,-0.1336976,-7.002412,1170.789,7.018077,24.245,0.0322696,-0.9994603,0.006142758,1,0.5,0.25,0.1399962,-48.66536,-25.13701,5.499437,2408.207,1256.842,55.09063,0.01436407,-0.894398,-0.4470413,1,0.25,0,0.1400038,1.334366,24.85809,-19.4985,-66.77512,-1242.901,24.65802,0.03173999,0.01111286,0.9994344,1,0.75,0.5,0.1400076,26.32509,49.86215,-32.00072,-1303.995,-2492.705,55.66078,0.01421845,0.4499636,0.8929337,1,1,0.75,0.1399962,-23.66771,-25.13648,5.499173,1170.678,1256.829,34.56281,0.02277363,-0.7050917,-0.7087504,1,0.25,0.25,0.1399924,-48.66729,-50.13742,17.99984,2408.116,2507.177,69.9139,0.01134014,-0.7061401,-0.7079812,1,0,0,0.1399924,-23.66598,-50.13402,17.99814,1170.593,2506.7,55.14718,0.0143494,-0.4442412,-0.8957922,1,0,0.25,0.1400038,26.32542,24.86462,-19.50177,-1304.307,-1242.981,35.16204,0.02239118,0.7086143,0.7052407,1,0.75,0.75,0.1400076,51.33,49.8615,-32.0004,-2541.501,-2493.076,70.51392,0.01124454,0.7079628,0.7061602,0,1,1,0.1400038,51.33,24.86149,-19.5002,-2541.501,-1243.075,55.71936,0.01420356,0.8942688,0.4473049,0,0.75,1,0.14,1.332367,-0.1411247,-6.998699,-66.256,7.282652,0.3576551,0.9310402,0.3236481,0.1685707,1,0.5,0.5,0.1399962,1.334602,-25.13513,5.498497,-66.87619,1256.854,24.36383,0.03211523,0.01125383,-0.9994208,1,0.25,0.5,0.1399924,1.336789,-50.13941,18.00083,-66.97517,2507.026,49.3609,0.01601463,0.005655745,-0.9998558,1,0,0.5,0.14,26.33498,-0.1380271,-7.000247,-1304.046,6.899397,24.79323,0.03157016,0.9994845,0.005838443,1,0.5,0.75,0.14,51.33,-0.1385164,-7.000003,-2541.501,6.925822,49.78177,0.01588073,0.9998696,0.00292718,0,0.5,1,0.1399962,26.32446,-25.14036,5.501114,-1303.875,1257.119,34.95346,0.0225227,0.7127562,-0.7010503,1,0.25,0.75,0.1399924,26.33522,-50.14122,18.00174,-1303.869,2506.854,55.40448,0.01428336,0.4522076,-0.8917983,1,0,0.75,0.1399962,51.33,-25.13853,5.500196,-2541.501,1256.927,55.5883,0.01423662,0.8963583,-0.4431018,0,0.25,1,0.1399924,51.33,-50.13853,18.00039,-2541.501,2506.928,70.30635,0.01127729,0.7100382,-0.7040729,0,0,1
15,0.1400038,-48.67298,24.85783,-19.49837,2408.216,-1243.247,55.29747,0.008946302,-0.8924941,0.4509704,1,0.75,0,0.1400076,-23.67224,49.86252,-32.00091,1170.927,-2493.206,55.46424,0.00891971,-0.4431075,0.8964241,1,1,0.25,0.1400076,-48.67064,49.86358,-32.00144,2408.463,-2493.476,70.18842,0.007061762,-0.7044517,0.7097167,1,1,0,0.1400038,-23.67505,24.8625,-19.50071,1170.702,-1243.047,34.83766,0.01412603,-0.7018288,0.7122055,1,0.75,0.25,0.14,-48.67404,-0.1405778,-6.998972,2408.27,6.873558,49.30275,0.01002309,-0.9999443,0.003304975,1,0.5,0,0.1400076,1.329942,49.86222,-32.00076,-66.65866,-2492.979,49.6703,0.009949809,0.004066303,0.9999422,1,1,0.5,0.14,-23.66854,-0.1395436,-6.999489,1171.069,6.536307,24.30005,0.02012807,-0.9997751,0.006678659,1,0.5,0.25,0.1399962,-48.66401,-25.14204,5.501954,2408.318,1256.777,55.14312,0.008970981,-0.8948085,-0.4463601,1,0.25,0,0.1400038,1.330968,24.86381,-19.50136,-66.63271,-1243.427,24.67477,0.01982863,0.008144426,0.9997702,1,0.75,0.5,0.1400076,26.33324,49.86661,-32.00295,-1303.905,-2493.149,55.65038,0.008890142,0.4489249,0.8935253,1,1,0.75,0.1399962,-23.6644,-25.13629,5.499079,1170.857,1256.734,34.59123,0.01422502,-0.7064539,-0.707616,1,0.25,0.25,0.1399924,-48.66478,-50.14513,18.00369,2407.882,2507.045,69.9513,0.007085314,-0.7067394,-0.7074384,1,0,0,0.1399924,-23.66566,-50.14434,18.0033,1170.701,2506.49,55.167,0.008967064,-0.4453554,-0.895309,1,0,0.25,0.1400038,26.3301,24.86263,-19.50077,-1303.71,-1242.859,35.12186,0.01401333,0.7075475,0.7065268,1,0.75,0.75,0.1400076,51.33,49.8615,-32.0004,-2541.501,-2493.076,70.47459,0.007033289,0.7073526,0.7068259,0,1,1,0.1400038,51.33,24.86149,-19.5002,-2541.501,-1243.075,55.66101,0.008888392,0.893931,0.4481164,0,0.75,1,0.14,1.323026,-0.1412176,-6.998652,-66.38058,6.704391,0.06116384,0.8895392,0.3512193,0.2921732,1,0.5,0.5,0.1399962,1.339001,-25.13002,5.495944,-66.87989,1256.797,24.33078,0.02010301,0.00858074,-0.9997611,1,0.25,0.5,0.1399924,1.339774,-50.13364,17.99795,-66.84505,2506.716,49.33142,0.01001717,0.004291254,-0.9999406,1,0,0.5,0.14,26.32748,-0.1343808,-7.00207,-1304.13,6.923063,24.70707,0.01980306,0.999781,0.006775632,1,0.5,0.75,0.14,51.33,-0.1385164,-7.000003,-2541.501,6.925822,49.70683,0.009942417,0.999945,0.003319435,0,0.5,1,0.1399962,26.32772,-25.13692,5.499394,-1303.754,1257.095,34.88354,0.0141075,0.7122461,-0.7017881,1,0.25,0.75,0.1399924,26.33527,-50.13721,17.99973,-1303.95,2506.951,55.34793,0.008938015,0.4513924,-0.8922808,1,0,0.75,0.1399962,51.33,-25.13853,5.500196,-2541.501,1256.927,55.51244,0.008911831,0.8963022,-0.4433542,0,0.25,1,0.1399924,51.33,-50.13853,18.00039,-2541.501,2506.928,70.23939,0.007056459,0.7097046,-0.7044641,0,0,1
16,0.1400038,-48.67545,24.85701,-19.49796,2408.291,-1243.197,55.30604,0.005031372,-0.8921589,0.4516936,1,0.75,0,0.1400076,-23.67406,49.86293,-32.00111,1171.038,-2493.697,55.4983,0.005014166,-0.4426289,0.8966908,1,1,0.25,0.1400076,-48.67617,49.86171,-32.0005,2408.73,-2492.969,70.21223,0.003970809,-0.7041013,0.7100884,1,1,0,0.1400038,-23.6686,24.86161,-19.50026,1170.882,-1243.402,34.85271,0.007942276,-0.7009649,0.7131516,1,0.75,0.25,0.14,-48.66783,-0.1382876,-7.000117,2408.105,6.816237,49.28148,0.005640193,-0.999975,0.004257375,1,0.5,0,0.1400076,1.330618,49.86372,-32.00151,-66.33286,-2493.214,49.71521,0.005591629,0.004345532,0.9999749,1,1,0.5,0.14,-23.66563,-0.1290394,-7.004741,1170.422,6.661533,24.28062,0.01133052,-0.9998959,0.008925793,1,0.5,0.25,0.1399962,-48.66096,-25.13877,5.500319,2408.429,1256.921,55.10521,0.005049407,-0.8951206,-0.4457954,1,0.25,0,0.1400038,1.331278,24.86274,-19.50082,-66.81548,-1243.147,24.71548,0.01113526,0.00868006,0.9999003,1,0.75,0.5,0.1400076,26.32503,49.85897,-31.99914,-1303.977,-2493.095,55.68469,0.004997532,0.4487455,0.8936456,1,1,0.75,0.1399962,-23.66306,-25.1311,5.496482,1170.69,1256.798,34.54275,0.00801231,-0.7070069,-0.7071612,1,0.25,0.25,0.1399924,-48.66642,-50.1305,17.99638,2408.215,2507.075,69.89948,0.003988233,-0.7070909,-0.7071114,1,0,0,0.1399924,-23.66589,-50.13331,17.99778,1170.958,2507.137,55.10933,0.005048964,-0.4455779,-0.8952289,1,0,0.25,0.1400038,26.32466,24.86339,-19.50115,-1303.857,-1242.846,35.15759,0.007874369,0.7070658,0.7071039,1,0.75,0.75,0.1400076,51.33,49.8615,-32.0004,-2541.501,-2493.076,70.51481,0.00395389,0.7071426,0.70706,0,1,1,0.1400038,51.33,24.86149,-19.5002,-2541.501,-1243.075,55.69178,0.004996833,0.8936821,0.4486727,0,0.75,1,0.14,1.330325,-0.1381743,-7.000174,-66.62219,6.932713,-0.08612737,0.6784144,0.5265369,0.51236,1,0.5,0.5,0.1399962,1.333009,-25.1279,5.494884,-66.54622,1256.679,24.28025,0.01133053,0.008902347,-0.9998962,1,0.25,0.5,0.1399924,1.337123,-50.13325,17.99775,-66.83338,2506.683,49.28432,0.005639718,0.004513802,-0.9999739,1,0,0.5,0.14,26.33179,-0.1363153,-7.001103,-1304.222,7.278027,24.72186,0.0111323,0.9999021,0.008481165,1,0.5,0.75,0.14,51.33,-0.1385164,-7.000003,-2541.501,6.925822,49.71883,0.005591074,0.9999754,0.004215743,0,0.5,1,0.1399962,26.32622,-25.14125,5.501561,-1303.826,1257.003,34.86115,0.007940166,0.7130374,-0.701081,1,0.25,0.75,0.1399924,26.32441,-50.13807,18.00016,-1304.115,2507.157,55.30818,0.005030974,0.4517618,-0.8921244,1,0,0.75,0.1399962,51.33,-25.13853,5.500196,-2541.501,1256.927,55.50308,0.005013534,0.8966934,-0.4426239,0,0.25,1,0.1399924,51.33,-50.13853,18.00039,-2541.501,2506.928,70.21606,0.003970379,0.71013,-0.7040594,0,0,1
17,0.1400038,-48.67472,24.85091,-19.49491,2408.5,-1242.692,55.31835,0.01056458,-0.8915612,0.4527771,1,0.75,0,0.1400076,-23.67307,49.86064,-31.99997,1170.921,-2492.962,55.55331,0.01052037,-0.4417905,0.8970566,1,1,0.25,0.1400076,-48.68053,49.85559,-31.99745,2408.611,-2492.992,70.24885,0.008335139,-0.7034924,0.7106539,1,1,0,0.1400038,-23.67063,24.85776,-19.49833,1170.954,-1242.931,34.89149,0.01666213,-0.6996421,0.7142992,1,0.75,0.25,0.14,-48.67598,-0.1408233,-6.998849,2408.197,7.124627,49.27102,0.01184814,-0.9999138,0.005656508,1,0.5,0,0.1400076,1.322046,49.86449,-32.00189,-66.49451,-2493.118,49.79083,0.01172582,0.004599215,0.9999207,1,1,0.5,0.14,-23.68192,-0.1408662,-6.998828,1170.524,6.967371,24.28128,0.02379594,-0.9996523,0.01135887,1,0.5,0.25,0.1399962,-48.66711,-25.13758,5.499726,2408.275,1257.127,55.06109,0.01061336,-0.8955522,-0.4448299,1,0.25,0,0.1400038,1.331931,24.86515,-19.50203,-66.81859,-1243.213,24.79553,0.02331233,0.009534622,0.9996828,1,0.75,0.5,0.1400076,26.32498,49.85835,-31.99882,-1303.916,-2492.976,55.76067,0.01048159,0.4485235,0.8937096,1,1,0.75,0.1399962,-23.66853,-25.13766,5.499763,1170.836,1257.177,34.4888,0.01685368,-0.7076344,-0.7063777,1,0.25,0.25,0.1399924,-48.65675,-50.14547,18.00386,2408.306,2507.071,69.83882,0.00838351,-0.7072552,-0.7069085,1,0,0,0.1399924,-23.66506,-50.14259,18.00242,1170.792,2507.097,55.04548,0.01061628,-0.4456854,-0.8951267,1,0,0.25,0.1400038,26.32947,24.85641,-19.49766,-1303.77,-1242.887,35.22613,0.01650606,0.7064498,0.7075706,1,0.75,0.75,0.1400076,51.33,49.8615,-32.0004,-2541.501,-2493.076,70.58302,0.008295954,0.7067687,0.7073961,0,1,1,0.1400038,51.33,24.86149,-19.5002,-2541.501,-1243.075,55.74592,0.01048427,0.8932071,0.4495232,0,0.75,1,0.14,1.332072,-0.1396504,-6.999436,-66.39548,6.96608,0.1970632,0.845969,0.3462009,0.4055631,1,0.5,0.5,0.1399962,1.335631,-25.13971,5.500789,-66.93134,1257.249,24.2256,0.02384937,0.009904047,-0.9996665,1,0.25,0.5,0.1399924,1.338798,-50.13643,17.99934,-66.91793,2507.202,49.21819,0.01186057,0.004989119,-0.9999172,1,0,0.5,0.14,26.33166,-0.1403704,-6.999076,-1303.94,6.744694,24.74937,0.02335479,0.9996648,0.01116793,1,0.5,0.75,0.14,51.33,-0.1385164,-7.000003,-2541.501,6.925822,49.74352,0.01173672,0.9999152,0.00564923,0,0.5,1,0.1399962,26.3294,-25.14327,5.50257,-1303.925,1256.971,34.83356,0.01668923,0.7142966,-0.699644,1,0.25,0.75,0.1399924,26.32743,-50.14413,18.00319,-1303.715,2507.015,55.26283,0.0105749,0.4525717,-0.8916653,1,0,0.75,0.1399962,51.33,-25.13853,5.500196,-2541.501,1256.927,55.49303,0.01053149,0.8972412,-0.4414151,0,0.25,1,0.1399924,51.33,-50.13853,18.00039,-2541.501,2506.928,70.18259,0.008342735,0.7107726,-0.7033724,0,0,1
18,0.1400038,-48.66157,24.86722,-19.50307,2408.066,-1243.615,55.32123,0.006980776,-0.8910196,0.4539112,1,0.75,0,0.1400076,-23.66814,49.8676,-32.00345,1170.608,-2493.859,55.59258,0.006947075,-0.4411347,0.897414,1,1,0.25,0.1400076,-48.65853,49.86616,-32.00273,2407.569,-2493.793,70.26365,0.005506773,-0.7028294,0.7113372,1,1,0,0.1400038,-23.66323,24.86355,-19.50123,1170.593,-1243.668,34.91209,0.01100403,-0.6986166,0.7154115,1,0.75,0.25,0.14,-48.67043,-0.1341198,-7.002202,2408.791,6.595987,49.24934,0.007832701,-0.9999465,0.006764702,1,0.5,0,0.1400076,1.337478,49.87078,-32.00504,-67.03522,-2492.99,49.84362,0.007740391,0.005189056,0.9999566,1,1,0.5,0.14,-23.66521,-0.13065,-7.003936,1171.229,6.235898,24.24685,0.01574631,-0.9997817,0.01373949,1,0.5,0.25,0.1399962,-48.66637,-25.13422,5.498044,2408.432,1256.596,55.0227,0.007018172,-0.8958968,-0.4442068,1,0.25,0,0.1400038,1.33701,24.86438,-19.50165,-66.97905,-1243.27,24.83938,0.01537826,0.01029101,0.9998288,1,0.75,0.5,0.1400076,26.33341,49.86645,-32.00287,-1303.986,-2493.243,55.81963,0.006919067,0.4484611,0.8937756,1,1,0.75,0.1399962,-23.66769,-25.13369,5.497779,1170.815,1256.518,34.43822,0.01115305,-0.7082197,-0.7059041,1,0.25,0.25,0.1399924,-48.66248,-50.1359,17.99907,2407.74,2506.864,69.79031,0.005543638,-0.7076185,-0.7065731,1,0,0,0.1399924,-23.66307,-50.12749,17.99487,1170.639,2506.278,54.9796,0.007023555,-0.4459172,-0.8950467,1,0,0.25,0.1400038,26.32508,24.86202,-19.50046,-1303.743,-1243.212,35.2687,0.01089432,0.7058918,0.7082359,1,0.75,0.75,0.1400076,51.33,49.8615,-32.0004,-2541.501,-2493.076,70.62608,0.005478712,0.7065448,0.7076471,0,1,1,0.1400038,51.33,24.86149,-19.5002,-2541.501,-1243.075,55.77886,0.006924012,0.892942,0.4501184,0,0.75,1,0.14,1.32745,-0.1336722,-7.002425,-66.4836,7.024765,0.07315749,0.6798685,0.438287,0.5879484,1,0.5,0.5,0.1399962,1.336235,-25.14025,5.50106,-66.77402,1256.587,24.17404,0.01579263,0.01053709,-0.9998198,1,0.25,0.5,0.1399924,1.341448,-50.13465,17.99845,-66.98638,2506.732,49.16623,0.007845655,0.005339756,-0.999955,1,0,0.5,0.14,26.33051,-0.1425494,-6.997986,-1304.239,6.487259,24.75941,0.01542679,0.9997966,0.01298961,1,0.5,0.75,0.14,51.33,-0.1385164,-7.000003,-2541.501,6.925822,49.75637,0.007753677,0.9999481,0.00660897,0,0.5,1,0.1399962,26.32426,-25.137,5.499434,-1303.967,1256.79,34.79933,0.01103896,0.715255,-0.6987764,1,0.25,0.75,0.1399924,26.32853,-50.14077,18.00151,-1303.86,2506.722,55.22208,0.006992992,0.4531828,-0.8913902,1,0,0.75,0.1399962,51.33,-25.13853,5.500196,-2541.501,1256.927,55.483,0.006960468,0.8976611,-0.4406314,0,0.25,1,0.1399924,51.33,-50.13853,18.00039,-2541.501,2506.928,70.15755,0.005514825,0.7112299,-0.702938,0,0,1
19,0.1400088,-48.67117,24.89999,-19.51945,2407.807,-1243.295,55.32488,0.001559648,-0.8908666,0.4542623,1,0.75,0,0.1400076,-23.65814,49.88167,-32.01048,1170.59,-2492.798,55.5826,0.00155246,-0.4407694,0.8976191,1,1,0.25,0.1400076,-48.65768,49.90282,-32.02106,2408.012,-2493.28,70.26946,0.001230277,-0.7025493,0.7116341,1,1,0,0.1400052,-23.65009,24.8791,-19.50901,1170.605,-1243.073,34.89336,0.002459885,-0.6981944,0.7159041,1,0.75,0.25,0.1357701,-48.67973,-0.06590223,-7.03631,2407.904,6.772121,49.24271,0.001665139,-0.9999673,0.007905539,1,0.5,0,0.1400076,1.342096,49.87331,-32.0063,-66.98092,-2493.213,49.83331,0.001729789,0.005577629,0.999983,1,1,0.5,0.1388048,-23.68607,-0.1091633,-7.01468,1170.309,6.852366,24.25005,0.003469214,-0.999894,0.01414065,1,0.5,0.25,0.1409527,-48.65791,-25.0664,5.464131,2408.52,1256.925,54.97549,0.001586486,-0.8962384,-0.4435698,1,0.25,0,0.1400163,1.347878,24.89284,-19.51587,-67.11336,-1243.052,24.85375,0.003434392,0.011301,0.9999303,1,0.75,0.5,0.1400076,26.32804,49.88922,-32.01426,-1303.858,-2493.322,55.83268,0.001545568,0.4485262,0.8937684,1,1,0.75,1.975388,-23.62074,-24.89685,-6.988384,1169.862,1248.22,34.28654,0.05526409,-0.7095302,-0.7025046,1,0.25,0.25,0.147353,-48.62926,-50.05254,17.9574,2408.729,2506.807,69.70449,0.001344806,-0.7077982,-0.7064134,1,0,0,0.1467982,-23.68678,-49.99453,17.92839,1171.065,2506.948,54.87358,0.001694971,-0.4469304,-0.8945671,1,0,0.25,0.1400396,26.32886,24.884,-19.51146,-1303.938,-1243.133,35.28728,0.002433769,0.7060471,0.7081607,1,0.75,0.75,0.1400076,51.33,49.8615,-32.0004,-2541.501,-2493.076,70.62743,0.001224085,0.7067406,0.7074717,0,1,1,0.1400038,51.33,24.86149,-19.5002,-2541.501,-1243.075,55.78569,0.001546791,0.8930982,0.4498593,0,0.75,1,0.1286383,1.342656,-0.1106555,-7.013933,-66.45066,6.78638,-0.04579183,0.1666563,0.619321,0.7672465,1,0.5,0.5,0.1438956,1.284347,-25.01949,5.440679,-66.47127,1256.835,24.06153,0.003703107,0.009078893,-0.999952,1,0.25,0.5,0.151039,1.317876,-50.02119,17.94172,-66.51197,2506.819,49.0628,0.001979255,0.005175678,-0.9999847,1,0,0.5,0.1400094,26.34283,-0.1080944,-7.015214,-1304.059,6.873928,24.78406,0.003443583,0.9998977,0.01388427,1,0.5,0.75,0.14,51.33,-0.1385164,-7.000003,-2541.501,6.925822,49.76974,0.001731825,0.9999781,0.006378166,0,0.5,1,0.1399864,26.32866,-25.10247,5.482167,-1303.845,1256.759,34.79501,0.002466206,0.7158888,-0.6982099,1,0.25,0.75,0.1400286,26.32976,-50.12305,17.99265,-1303.827,2507.14,55.22256,0.001562867,0.453468,-0.8912711,1,0,0.75,0.1399962,51.33,-25.13853,5.500196,-2541.501,1256.927,55.50014,0.001554542,0.8976521,-0.4407021,0,0.25,1,0.1399924,51.33,-50.13853,18.00039,-2541.501,2506.928,70.17522,0.001231701,0.7112627,-0.7029252,0,0,1
20,0.4371836,-48.66199,24.75104,-30.95738,2408.15,-1238.214,55.20842,0.01254219,-0.8919173,0.4520246,1,0.75,0,0.1398699,-23.68667,49.7805,-31.93306,1171.844,-2490.248,55.4642,0.007172297,-0.4415677,0.8971993,1,1,0.25,0.1442109,-48.69118,49.75522,-32.09088,2409.605,-2488.565,70.14351,0.005743387,-0.7037659,0.7104087,1,1,0,0.1963244,-23.66717,24.77767,-21.55675,1170.831,-1240.447,34.78997,0.01297384,-0.6997024,0.7143167,1,0.75,0.25,3.169507,-48.62025,-0.1121447,-155.4648,2405.616,6.010446,49.265,0.06894463,-0.9976,0.006398019,1,0.5,0,0.139962,1.310548,49.82562,-31.98127,-65.5952,-2491.885,49.75858,0.007988369,0.005675434,0.999952,1,1,0.5,2.218763,-23.63324,-0.1234433,-114.6376,1168.746,7.027551,24.28488,0.1000725,-0.994903,0.01239057,1,0.5,0.25,4.066211,-48.57582,-25.10135,-192.1805,2402.133,1255.756,55.06663,0.07788368,-0.8926424,-0.4439861,1,0.25,0,0.2900116,1.337054,24.81461,-25.8399,-66.8217,-1242.076,24.7531,0.02184024,0.01234482,0.9996853,1,0.75,0.5,0.1435013,26.32868,49.85677,-32.13302,-1304.237,-2492.943,55.79599,0.007194532,0.4494703,0.8932663,1,1,0.75,1.480209,-23.6556,-25.11393,-34.51513,1172.607,1254.673,34.44925,0.04983601,-0.7061926,-0.7062637,1,0.25,0.25,2.854971,-48.62631,-50.08431,-110.3653,2407.041,2503.151,69.78864,0.04433851,-0.7063961,-0.7064267,1,0,0,2.685786,-23.63161,-50.0632,-107.0867,1169.459,2502.712,54.99821,0.05310636,-0.4442831,-0.8943111,1,0,0.25,0.1252631,26.32926,24.85172,-18.97429,-1303.785,-1242.925,35.27194,0.01081253,0.7073686,0.7067622,1,0.75,0.75,0.1400076,51.33,49.8615,-32.0004,-2541.501,-2493.076,70.63377,0.005644712,0.7071844,0.7070066,0,1,1,0.1400038,51.33,24.86149,-19.5002,-2541.501,-1243.075,55.8064,0.007131087,0.8934099,0.4491858,0,0.75,1,1.390725,1.357759,-0.1645305,-61.97351,-67.32763,7.539818,1.206225,0.9683638,0.1948454,0.1559065,1,0.5,0.5,-0.3076693,1.284913,-25.14903,-1.734524,-64.69543,1256.115,24.21989,-0.001866806,0.01050184,-0.9999431,1,0.25,0.5,2.155564,1.366019,-50.02159,-82.35072,-67.84779,2503.954,49.15108,0.04868144,0.006862094,-0.9987908,1,0,0.5,0.2952451,26.33548,-0.129845,-14.465,-1303.957,6.554994,24.81808,0.02199089,0.9996877,0.01187677,1,0.5,0.75,0.14,51.33,-0.1385164,-7.000003,-2541.501,6.925822,49.80714,0.007981412,0.9999513,0.005804855,0,0.5,1,0.4541206,26.33299,-25.13401,-9.486119,-1303.82,1256.893,34.87304,0.0202313,0.715451,-0.6983699,1,0.25,0.75,0.5726234,26.33722,-50.11334,-1.152312,-1304.408,2506.559,55.2653,0.01495814,0.4539007,-0.8909267,1,0,0.75,0.1399962,51.33,-25.13853,5.500196,-2541.501,1256.927,55.54648,0.007164022,0.8975531,-0.4408481,0,0.25,1,0.1399924,51.33,-50.13853,18.00039,-2541.501,2506.928,70.22205,0.005677359,0.7113014,-0.7028642,0,0,1
21,1.204494,-48.64801,24.85463,-73.00201,2407.212,-1241.57,55.231,0.03207478,-0.8907864,0.4532889,1,0.75,0,0.1685992,-23.67552,49.82813,-33.2563,1171.177,-2490.857,55.47231,0.01342923,-0.4407882,0.8975106,1,1,0.25,0.1779745,-48.66136,49.8306,-33.74064,2408.294,-2490.723,70.14243,0.01077314,-0.7029455,0.7111621,1,1,0,0.5947385,-23.66464,24.83696,-41.83757,1170.79,-1240.602,34.81067,0.03335549,-0.6984022,0.7149277,1,0.75,0.25,1.897587,-48.63977,-0.1327689,-105.0409,2406.644,7.975538,49.19889,0.04991365,-0.9987382,0.005530206,1,0.5,0,0.1518372,1.325628,49.84009,-32.48294,-66.6141,-2491.277,49.75415,0.01462373,0.00655099,0.9998716,1,1,0.5,0.6171094,-23.676,-0.1653118,-26.12431,1171.816,9.476104,24.20277,0.04858465,-0.998771,0.009808707,1,0.5,0.25,2.038045,-48.65349,-25.13503,-97.65464,2407.373,1258.149,55.02863,0.04720287,-0.8941317,-0.4453094,1,0.25,0,0.5558776,1.337129,24.81924,-40.16109,-66.92257,-1240.099,24.75485,0.04509802,0.01349107,0.9988915,1,0.75,0.5,0.1827633,26.32596,49.85284,-33.935,-1304.021,-2492.157,55.78753,0.01360567,0.4500029,0.8929235,1,1,0.75,2.465539,-23.60173,-25.09844,-118.1357,1166.491,1255.72,34.48571,0.0871386,-0.7030911,-0.7057405,1,0.25,0.25,3.457279,-48.56671,-50.08982,-153.8421,2402.824,2506.621,69.7933,0.05747839,-0.7050902,-0.7067842,1,0,0,1.157057,-23.67866,-50.06285,-35.79493,1171.427,2503.401,54.97548,0.03136742,-0.4447923,-0.8950843,1,0,0.25,0.1514434,26.32696,24.84811,-20.05171,-1304.106,-1241.971,35.27747,0.02052994,0.7080026,0.7059115,1,0.75,0.75,0.1400076,51.33,49.8615,-32.0004,-2541.501,-2493.076,70.64055,0.01016402,0.7075232,0.706617,0,1,1,0.1400038,51.33,24.86149,-19.5002,-2541.501,-1243.075,55.82513,0.01283743,0.8936257,0.4486293,0,0.75,1,0.1753169,1.33199,-0.174866,-13.78574,-66.68344,9.564309,0.3613523,0.8804561,0.3895924,0.2702124,1,0.5,0.5,2.757918,1.398631,-25.11726,-143.8892,-70.84007,1257.159,24.43773,0.1339731,0.01612887,-0.9908537,1,0.25,0.5,-0.05814409,1.291655,-49.95454,24.60738,-64.66173,2496.031,49.05058,0.01059366,0.005958378,-0.9999261,1,0,0.5,0.1288409,26.33778,-0.1151972,-3.085141,-1304.23,5.77261,24.85305,0.02807974,0.9995391,0.01153379,1,0.5,0.75,0.14,51.33,-0.1385164,-7.000003,-2541.501,6.925822,49.8395,0.01436379,0.9998825,0.005345657,0,0.5,1,0.2454823,26.33309,-25.11875,10.47837,-1303.807,1255.989,34.90161,0.02340426,0.7156927,-0.698023,1,0.25,0.75,0.2339512,26.33059,-50.08628,14.06847,-1303.971,2503.918,55.27148,0.01464937,0.4542497,-0.890754,1,0,0.75,0.1399962,51.33,-25.13853,5.500196,-2541.501,1256.927,55.58575,0.01289209,0.8974399,-0.4409482,0,0.25,1,0.1399924,51.33,-50.13853,18.00039,-2541.501,2506.928,70.26127,0.01021828,0.7113155,-0.7027986,0,0,1
22,0.6234628,-48.673,24.82947,-46.25316,2408.115,-1241.32,55.17872,0.02549279,-0.8913169,0.4526637,1,0.75,0,0.2375206,-23.67806,49.84601,-36.66449,1171.095,-2491.928,55.44552,0.01847268,-0.4402934,0.8976639,1,1,0.25,0.19292,-48.67256,49.82759,-34.64819,2408.792,-2491.499,70.09772,0.01400701,-0.7029539,0.7110974,1,1,0,0.4235333,-23.66704,24.84115,-34.20713,1170.893,-1241.707,34.76355,0.03458178,-0.6982115,0.7150558,1,0.75,0.25,-1.301643,-48.62623,-0.09145017,57.75525,2406.37,4.064793,49.084,-0.01019885,-0.9999318,0.005703642,1,0.5,0,0.1695891,1.325644,49.84432,-33.49088,-66.30147,-2492.601,49.72923,0.01922252,0.007391415,0.9997879,1,1,0.5,0.3490065,-23.68409,-0.192032,-27.94159,1171.886,9.778023,24.16573,0.04641863,-0.9988948,0.007387885,1,0.5,0.25,-0.8094684,-48.65554,-25.08692,43.36799,2408.316,1254.183,54.92437,-0.0002440296,-0.8950923,-0.4458808,1,0.25,0,0.2086617,1.329534,24.85101,-24.52231,-66.84425,-1242.61,24.74805,0.0397894,0.01485875,0.9990976,1,0.75,0.5,0.1593735,26.33375,49.86105,-33.23995,-1303.76,-2492.888,55.79042,0.01697121,0.4508648,0.8924309,1,1,0.75,-2.019243,-23.6569,-25.08467,99.03473,1170.821,1253.467,34.39722,-0.03505436,-0.7052504,-0.7080911,1,0.25,0.25,-0.2783045,-48.65365,-50.07781,24.96274,2408.25,2504.012,69.72583,0.007371059,-0.7064071,-0.7077674,1,0,0,0.1669812,-23.6726,-50.03255,12.33073,1171.502,2502.157,54.9379,0.01736942,-0.4442264,-0.8957462,1,0,0.25,0.1126238,26.32922,24.85595,-18.07417,-1304.246,-1242.664,35.29485,0.02538261,0.7088964,0.7048557,1,0.75,0.75,0.1400076,51.33,49.8615,-32.0004,-2541.501,-2493.076,70.64922,0.01315476,0.7080278,0.7060621,0,1,1,0.1400038,51.33,24.86149,-19.5002,-2541.501,-1243.075,55.85089,0.01660927,0.8939632,0.4478324,0,0.75,1,0.1023594,1.330516,-0.1547533,-3.195325,-66.55921,7.508327,0.4983033,0.8998293,0.3767762,0.2198793,1,0.5,0.5,-1.016409,1.326507,-25.11145,72.17204,-66.4427,1255.237,24.24097,-0.008910961,0.01504097,-0.9998472,1,0.25,0.5,-0.09246005,1.328294,-50.09997,29.56993,-66.16325,2504.422,49.23209,0.01414546,0.007518584,-0.9998717,1,0,0.5,0.2407423,26.33388,-0.1490897,-15.65155,-1304.214,6.737604,24.90166,0.04081172,0.9991276,0.008864374,1,0.5,0.75,0.14,51.33,-0.1385164,-7.000003,-2541.501,6.925822,49.88487,0.01857588,0.9998165,0.004678849,0,0.5,1,-0.4678683,26.33558,-25.13299,21.78057,-1303.825,1256.332,34.95854,0.009252352,0.7157995,-0.6982446,1,0.25,0.75,0.06154861,26.3355,-50.13228,19.25527,-1303.772,2506.497,55.3641,0.0153496,0.4543369,-0.8906977,1,0,0.75,0.1399962,51.33,-25.13853,5.500196,-2541.501,1256.927,55.64132,0.01667113,0.8973002,-0.4411058,0,0.25,1,0.1399924,51.33,-50.13853,18.00039,-2541.501,2506.928,70.31711,0.01321623,0.7113482,-0.7027155,0,0,1
23,-0.6896817,-48.64972,24.82338,17.44664,2407.695,-1241.48,55.13199,-0.003681074,-0.8915808,0.4528468,1,0.75,0,0.2566047,-23.67395,49.81168,-37.82977,1171.305,-2490.389,55.40226,0.01326424,-0.4404947,0.8976572,1,1,0.25,0.1419078,-48.66545,49.81197,-32.43894,2408.383,-2490.486,70.07141,0.00888184,-0.703063,0.7110721,1,1,0,-0.05946691,-23.65775,24.81132,-13.54319,1170.443,-1240.513,34.71115,0.01208223,-0.6988823,0.7151347,1,0.75,0.25,-2.448135,-48.61238,-0.1096363,122.456,2405.574,4.498824,49.10262,-0.03957933,-0.9992027,0.005236711,1,0.5,0,0.1588578,1.329377,49.83521,-32.94672,-66.40924,-2491.77,49.71016,0.01282119,0.007541909,0.9998894,1,1,0.5,-2.14998,-23.61678,-0.1425666,111.9107,1168.099,5.780855,24.12488,-0.06761796,-0.9976688,0.009211182,1,0.5,0.25,-3.505558,-48.56326,-25.08846,184.9306,2403.074,1253.24,54.92371,-0.05450124,-0.8933712,-0.4460017,1,0.25,0,-0.2996148,1.344402,24.85089,1.048965,-67.20843,-1243.03,24.72404,0.007345429,0.01560834,0.9998512,1,0.75,0.5,0.09437034,26.32672,49.86227,-29.75194,-1304.242,-2492.886,55.78053,0.01029249,0.4508846,0.8925229,1,1,0.75,-0.4237357,-23.70373,-25.07788,40.69838,1172.203,1253.517,34.40492,0.001752204,-0.706331,-0.7078797,1,0.25,0.25,-3.884768,-48.55281,-50.07078,214.11,2402.424,2502.486,69.73093,-0.04840989,-0.7048676,-0.7076851,1,0,0,-1.543226,-23.65762,-50.09226,96.94176,1170.427,2504.155,54.98921,-0.01907271,-0.4434792,-0.8960817,1,0,0.25,0.1928846,26.32505,24.85702,-22.03305,-1303.73,-1242.755,35.28671,0.01893945,0.709044,0.7049099,1,0.75,0.75,0.1400076,51.33,49.8615,-32.0004,-2541.501,-2493.076,70.64498,0.008783527,0.7081217,0.7060357,0,1,1,0.1400038,51.33,24.86149,-19.5002,-2541.501,-1243.075,55.84769,0.01109007,0.8940793,0.4477714,0,0.75,1,-0.4803472,1.33817,-0.1513952,18.4918,-66.73116,7.121251,-0.05538943,0.01023155,0.8714897,0.4903071,1,0.5,0.5,-0.1207323,1.293256,-25.12502,17.59634,-65.13745,1256.145,24.26068,0.01470735,0.01383482,-0.9997961,1,0.25,0.5,-0.5117017,1.322361,-50.12711,49.39454,-66.35083,2505.808,49.25911,-0.0005387052,0.007469258,-0.9999719,1,0,0.5,-0.5493423,26.34169,-0.1439588,28.92434,-1304.275,6.391703,24.89207,-0.002538039,0.9999573,0.008878049,1,0.5,0.75,0.14,51.33,-0.1385164,-7.000003,-2541.501,6.925822,49.88371,0.01240274,0.9999126,0.004582324,0,0.5,1,0.326263,26.32515,-25.12766,8.456936,-1303.722,1256.52,34.96115,0.02287459,0.7155564,-0.6981803,1,0.25,0.75,-0.2014265,26.33335,-50.13541,36.80878,-1304.065,2506.355,55.36605,0.005074095,0.4543484,-0.8908097,1,0,0.75,0.1399962,51.33,-25.13853,5.500196,-2541.501,1256.927,55.64245,0.01113048,0.8973478,-0.4411837,0,0.25,1,0.1399924,51.33,-50.13853,18.00039,-2541.501,2506.928,70.31972,0.008823653,0.711374,-0.7027583,0,0,1
24,-1.515249,-48.64504,24.83803,63.27074,2407.486,-1243.419,55.06511,-0.01959937,-0.8921154,0.4513823,1,0.75,0,0.1568024,-23.67611,49.80779,-33.39234,1171.12,-2490.585,55.27334,0.01045321,-0.4410988,0.8973977,1,1,0.25,0.06050616,-48.67411,49.79274,-28.13631,2408.347,-2490.084,69.9552,0.006908135,-0.7039872,0.7101792,1,1,0,-0.9896369,-23.64853,24.83938,36.2949,1170.14,-1242.301,34.61876,-0.01604354,-0.6997392,0.7142182,1,0.75,0.25,-0.4768628,-48.65316,-0.138996,34.11194,2407.763,6.813656,49.07874,-0.001021706,-0.9999973,0.002099318,1,0.5,0,0.1064249,1.324222,49.83226,-30.5384,-66.4194,-2491.999,49.57976,0.01063569,0.007962859,0.9999117,1,1,0.5,0.4993817,-23.66708,-0.1582599,-21.04786,1171.306,7.855941,24.11008,0.03761018,-0.9992865,0.003446456,1,0.5,0.25,-1.374081,-48.63952,-25.12685,92.85897,2407.266,1255.586,54.96879,-0.01708841,-0.8935649,-0.4486086,1,0.25,0,-0.3059555,1.343618,24.85366,4.466617,-67.1319,-1242.915,24.60051,0.004790835,0.01665997,0.9998498,1,0.75,0.5,0.1308572,26.32887,49.86168,-31.38086,-1304.166,-2492.919,55.67945,0.009915815,0.4521835,0.8918698,1,1,0.75,-1.505247,-23.62885,-25.07196,85.84921,1168.934,1253.149,34.43639,-0.03088582,-0.7028286,-0.7106883,1,0.25,0.25,-2.487046,-48.61652,-50.09071,159.6768,2406.21,2503.348,69.8096,-0.0293109,-0.7046259,-0.7089733,1,0,0,-1.782853,-23.6284,-50.09397,117.8714,1169.162,2504.456,55.08636,-0.02440608,-0.4417243,-0.8968188,1,0,0.25,0.1000424,26.32511,24.85761,-17.73342,-1303.758,-1242.686,35.21365,0.01473527,0.7112035,0.7028318,1,0.75,0.75,0.1400076,51.33,49.8615,-32.0004,-2541.501,-2493.076,70.57327,0.007966646,0.7091915,0.7049708,0,1,1,0.1400038,51.33,24.86149,-19.5002,-2541.501,-1243.075,55.81322,0.01005468,0.895075,0.4458024,0,0.75,1,-0.3777059,1.342538,-0.1489144,26.37729,-67.13514,7.058112,-0.06966743,0.112708,0.9692353,0.2188147,1,0.5,0.5,0.05745111,1.320441,-25.12259,9.916664,-66.31346,1255.822,24.38734,0.01943393,0.01587141,-0.9996852,1,0.25,0.5,-0.2738936,1.320178,-50.12159,40.31692,-66.24849,2505.659,49.38031,0.003053595,0.007913622,-0.9999641,1,0,0.5,0.7418878,26.31977,-0.1374106,-36.36998,-1302.846,7.121182,24.9214,0.0459493,0.9989351,0.004156612,1,0.5,0.75,0.14,51.33,-0.1385164,-7.000003,-2541.501,6.925822,49.90784,0.01123254,0.9999348,0.002074303,0,0.5,1,-0.1188758,26.33588,-25.1263,9.108485,-1303.826,1255.967,35.06627,0.008641111,0.7144533,-0.6996297,1,0.25,0.75,0.5481426,26.32779,-50.12939,-1.701762,-1304.107,2506.67,55.48994,0.01740224,0.4536949,-0.8909872,1,0,0.75,0.1399962,51.33,-25.13853,5.500196,-2541.501,1256.927,55.72031,0.01007117,0.8965542,-0.4428194,0,0.25,1,0.1399924,51.33,-50.13853,18.00039,-2541.501,2506.928,70.42599,0.007982972,0.7106641,-0.7034862,0,0,1
25,-0.07137273,-48.66797,24.82003,-1.738459,2407.949,-1240.74,54.99292,0.01169476,-0.8932441,0.4494199,1,0.75,0,-0.1896402,-23.67342,49.82533,-16.6855,1171.149,-2491.341,55.16568,0.009533866,-0.4414602,0.8972301,1,1,0.25,0.03824674,-48.66106,49.82435,-26.75564,2408.14,-2490.913,69.86581,0.01078075,-0.7043452,0.7097757,1,1,0,-0.08226594,-23.66576,24.82969,-2.309393,1170.517,-1241.458,34.51982,0.01822064,-0.7015034,0.7124332,1,0.75,0.25,1.740692,-48.64594,-0.1253486,-85.35464,2407.442,6.862359,49.10778,0.04960998,-0.9987686,-0.0001159117,1,0.5,0,-0.03440224,1.326583,49.84423,-23.70016,-66.57114,-2492.009,49.47036,0.01372708,0.008521548,0.9998695,1,1,0.5,0.8024234,-23.666,-0.1353122,-37.97748,1170.901,7.008524,24.11391,0.06186634,-0.9980842,-0.0006384045,1,0.5,0.25,2.114638,-48.64845,-25.12683,-85.03993,2407.425,1257.109,55.07448,0.0510124,-0.8915821,-0.4499768,1,0.25,0,0.4203199,1.33112,24.83335,-31.11028,-66.72994,-1241.651,24.48271,0.04565835,0.01722638,0.9988086,1,0.75,0.5,0.1489989,26.33544,49.85052,-32.4962,-1303.916,-2492.724,55.57755,0.01550261,0.4535627,0.8910896,1,1,0.75,0.8025709,-23.65803,-25.1387,-16.56228,1170.962,1257.092,34.59143,0.04339863,-0.6998514,-0.7129689,1,0.25,0.25,1.42164,-48.65656,-50.12189,-34.24165,2408.379,2506.917,69.93256,0.03041192,-0.7036138,-0.7099315,1,0,0,0.4748871,-23.67534,-50.10925,9.93248,1171.36,2505.896,55.21695,0.02145194,-0.4410884,-0.8972073,1,0,0.25,0.2456099,26.32981,24.85534,-23.83362,-1303.716,-1242.491,35.15554,0.02709142,0.7131867,0.7004504,1,0.75,0.75,0.1400076,51.33,49.8615,-32.0004,-2541.501,-2493.076,70.50676,0.01211655,0.7102035,0.7038922,0,1,1,0.1400038,51.33,24.86149,-19.5002,-2541.501,-1243.075,55.78413,0.01528589,0.8959762,0.443839,0,0.75,1,1.193505,1.358134,-0.1530367,-63.36061,-68.14063,8.203111,1.468032,0.9724713,0.2324025,-0.01699066,1,0.5,0.5,-0.3437675,1.321576,-25.12361,30.40032,-65.73067,1255.6,24.51039,0.01505702,0.01682569,-0.9997451,1,0.25,0.5,0.1499406,1.325714,-50.11724,18.6873,-65.96682,2505.324,49.50702,0.01740336,0.008497911,-0.9998124,1,0,0.5,-0.3779304,26.31231,-0.1333661,16.64493,-1302.894,6.397394,24.91386,0.01347371,0.9999091,-0.0005417336,1,0.5,0.75,0.14,51.33,-0.1385164,-7.000003,-2541.501,6.925822,49.93659,0.01705804,0.9998544,-0.000375082,0,0.5,1,0.01659445,26.32755,-25.13289,19.63561,-1303.82,1256.795,35.17534,0.02065695,0.7127275,-0.7011368,1,0.25,0.75,-0.1269001,26.3362,-50.13475,28.78973,-1304.332,2506.286,55.61443,0.0105757,0.4532781,-0.8913064,1,0,0.75,0.1399962,51.33,-25.13853,5.500196,-2541.501,1256.927,55.80094,0.01528119,0.8957088,-0.4443785,0,0.25,1,0.1399924,51.33,-50.13853,18.00039,-2541.501,2506.928,70.53339,0.01211179,0.7099372,-0.7041609,0,0,1
26,2.013568,-48.6478,24.85386,-108.5745,2407.044,-1241.767,54.96399,0.05317985,-0.8927674,0.4473681,1,0.75,0,-0.2587363,-23.67747,49.79652,-11.10915,1171.025,-2490.336,54.98493,0.01220625,-0.4423923,0.8967385,1,1,0.25,0.1288091,-48.67902,49.78674,-31.02734,2408.414,-2489.665,69.71923,0.01516405,-0.705614,0.7084342,1,1,0,1.505794,-23.64808,24.8537,-85.86345,1170.046,-1242.318,34.46713,0.06983111,-0.7011362,0.7095997,1,0.75,0.25,1.350099,-48.65461,-0.1339247,-70.51692,2407.821,7.488266,49.0763,0.04611272,-0.99893,-0.00352914,1,0.5,0,0.06051923,1.32595,49.83588,-27.04755,-66.56349,-2492.279,49.30691,0.02000763,0.009181566,0.9997576,1,1,0.5,0.8726113,-23.65795,-0.1296544,-46.1043,1170.407,7.069617,24.09378,0.07353933,-0.9972681,-0.006940432,1,0.5,0.25,3.141753,-48.60836,-25.07199,-145.906,2405.605,1255.214,55.13512,0.07329458,-0.8893125,-0.4513881,1,0.25,0,0.6131052,1.33333,24.83216,-44.14273,-66.81364,-1241.656,24.34382,0.0623537,0.01870427,0.9978788,1,0.75,0.5,0.1315799,26.33419,49.86072,-31.58784,-1303.73,-2493.195,55.46101,0.01907719,0.4550587,0.8902571,1,1,0.75,2.452578,-23.6182,-25.08275,-112.7122,1168.344,1255.59,34.74617,0.09614029,-0.6947377,-0.7128089,1,0.25,0.25,3.91429,-48.58821,-50.05791,-167.6747,2404.553,2505.401,70.06494,0.06873512,-0.7008702,-0.7099694,1,0,0,2.352565,-23.63039,-50.0815,-90.78437,1168.962,2505.256,55.38638,0.05884375,-0.4383723,-0.8968652,1,0,0.25,0.1754396,26.33004,24.85976,-22.63228,-1303.944,-1243.102,35.07368,0.03124329,0.7157367,0.697671,1,0.75,0.75,0.1400076,51.33,49.8615,-32.0004,-2541.501,-2493.076,70.41957,0.01517221,0.7115294,0.7024925,0,1,1,0.1400038,51.33,24.86149,-19.5002,-2541.501,-1243.075,55.74554,0.01913046,0.8971618,0.4412875,0,0.75,1,-0.3102114,1.327293,-0.1451929,16.36857,-66.42511,6.734499,0.2979035,0.7842897,0.5748169,-0.2333991,1,0.5,0.5,1.208872,1.351363,-25.10621,-42.56004,-67.37412,1255.632,24.74317,0.08496838,0.01912274,-0.9962001,1,0.25,0.5,0.7194428,1.321206,-50.09621,-8.450422,-65.82796,2505.296,49.66661,0.03299887,0.009021167,-0.9994146,1,0,0.5,0.5651244,26.31551,-0.1341321,-24.62397,-1303.304,7.121593,24.9917,0.05888675,0.998241,-0.006871616,1,0.5,0.75,0.14,51.33,-0.1385164,-7.000003,-2541.501,6.925822,49.97315,0.02131825,0.9997664,-0.003557405,0,0.5,1,0.6993756,26.33157,-25.13663,-27.33499,-1304.255,1257.122,35.3462,0.04562198,0.7103382,-0.7023805,1,0.25,0.75,0.08148766,26.33356,-50.12352,24.26759,-1304.007,2506.235,55.76704,0.01808317,0.4525726,-0.8915442,1,0,0.75,0.1399962,51.33,-25.13853,5.500196,-2541.501,1256.927,55.90493,0.01907626,0.8946267,-0.4464071,0,0.25,1,0.1399924,51.33,-50.13853,18.00039,-2541.501,2506.928,70.67229,0.01511812,0.7090028,-0.7050436,0,0,1
27,1.502235,-48.66212,24.83935,-93.76697,2407.62,-1240.948,54.91742,0.03818886,-0.8936979,0.447041,1,0.75,0,0.5492177,-23.66762,49.83746,-49.31067,1171.402,-2491.624,55.00152,0.02095998,-0.4420048,0.8967678,1,1,0.25,0.3399256,-48.67494,49.81025,-41.26824,2408.74,-2489.979,69.71104,0.01358787,-0.7055765,0.7085034,1,1,0,1.048749,-23.65555,24.83935,-68.92025,1169.993,-1241.674,34.39603,0.04765133,-0.7026549,0.7099333,1,0.75,0.25,0.3694028,-48.66745,-0.1271166,-21.95594,2407.97,6.621765,49.0419,0.0198518,-0.9997954,-0.003887715,1,0.5,0,0.4287378,1.327867,49.84728,-45.61304,-66.36614,-2492.401,49.29487,0.02094253,0.009309159,0.9997373,1,1,0.5,0.03450204,-23.67177,-0.1331698,-2.354473,1170.399,7.187466,24.04546,0.02642423,-0.9996181,-0.00809347,1,0.5,0.25,1.201395,-48.65859,-25.11541,-56.92273,2407.828,1256.411,55.0868,0.03266041,-0.8909113,-0.4530015,1,0.25,0,0.1273657,1.323699,24.8504,-20.60053,-66.48305,-1242.626,24.30025,0.02989722,0.01852325,0.9993814,1,0.75,0.5,0.1541309,26.3358,49.85637,-32.62148,-1304.138,-2492.847,55.43316,0.01373468,0.4553915,0.8901854,1,1,0.75,0.2228622,-23.66807,-25.13545,-6.791486,1170.677,1256.875,34.67991,0.02379072,-0.6973409,-0.7163447,1,0.25,0.25,2.886558,-48.61555,-50.05139,-127.8089,2406.242,2504.01,70.01392,0.04964482,-0.7017036,-0.7107373,1,0,0,1.398289,-23.6586,-50.10903,-51.40335,1170.349,2506.595,55.38296,0.03601065,-0.4388264,-0.89785,1,0,0.25,-0.1344693,26.32754,24.85998,-5.307638,-1303.881,-1243.2,35.04395,0.01349382,0.716387,0.6975727,1,0.75,0.75,0.1400076,51.33,49.8615,-32.0004,-2541.501,-2493.076,70.40132,0.01063592,0.7117735,0.7023284,0,1,1,0.1400038,51.33,24.86149,-19.5002,-2541.501,-1243.075,55.7334,0.01341012,0.8974325,0.440948,0,0.75,1,0.8949964,1.332028,-0.1423587,-42.92909,-66.65798,7.298885,1.093519,0.9470167,0.2935077,-0.1304326,1,0.5,0.5,0.7625638,1.332109,-25.12949,-32.42717,-66.70783,1256.726,24.73689,0.05454938,0.01853598,-0.998339,1,0.25,0.5,0.9176982,1.340277,-50.13475,-22.88593,-66.67602,2506.807,49.72586,0.03049806,0.009476373,-0.9994899,1,0,0.5,0.2105958,26.32595,-0.144663,-14.80782,-1303.823,7.443316,24.97585,0.03237139,0.9994419,-0.008249035,1,0.5,0.75,0.14,51.33,-0.1385164,-7.000003,-2541.501,6.925822,49.97173,0.0149409,0.9998802,-0.004041956,0,0.5,1,-0.2602062,26.335,-25.14367,28.13966,-1303.904,1256.843,35.33828,0.009874544,0.7107115,-0.7034142,1,0.25,0.75,0.7170292,26.34023,-50.13364,-11.73336,-1304.332,2506.72,55.80938,0.02363944,0.4524275,-0.8914878,1,0,0.75,0.1399962,51.33,-25.13853,5.500196,-2541.501,1256.927,55.9145,0.01336694,0.8945516,-0.4467648,0,0.25,1,0.1399924,51.33,-50.13853,18.00039,-2541.501,2506.928,70.68847,0.0105928,0.7089025,-0.7052269,0,0,1
28,-0.8163242,-48.65989,24.85554,21.57934,2408.23,-1243.139,54.89853,-0.009421628,-0.8944125,0.4471437,1,0.75,0,1.013722,-23.67325,49.80428,-76.13554,1171.251,-2489.778,54.97152,0.0235815,-0.4427947,0.8963129,1,1,0.25,0.4669929,-48.67394,49.82602,-48.23631,2408.59,-2491.24,69.72331,0.01084217,-0.7057939,0.7083343,1,1,0,-0.4702111,-23.6646,24.84565,6.555918,1170.494,-1242.424,34.37176,-0.005042221,-0.7041181,0.7100649,1,0.75,0.25,-0.7758367,-48.66664,-0.1539763,36.11961,2407.995,7.004206,49.05879,-0.00971486,-0.9999413,-0.00481071,1,0.5,0,0.3543643,1.32089,49.84352,-43.85574,-66.00034,-2492.121,49.26518,0.01303611,0.008673741,0.9998775,1,1,0.5,0.1054781,-23.68378,-0.1506486,-5.612383,1171.147,7.570396,24.0774,0.01626934,-0.9998219,-0.009565096,1,0.5,0.25,-2.071582,-48.62883,-25.12041,107.6379,2406.422,1254.93,55.0921,-0.0319686,-0.8907393,-0.453389,1,0.25,0,-0.113842,1.331287,24.84879,-6.690062,-66.70725,-1242.859,24.26895,0.007288883,0.01784683,0.9998142,1,0.75,0.5,0.1432867,26.3332,49.85269,-32.32138,-1304.128,-2493.083,55.39692,0.00782989,0.4551943,0.8903577,1,1,0.75,-1.094337,-23.63554,-25.11624,65.56852,1169.154,1255.574,34.67355,-0.02274314,-0.6972505,-0.7164667,1,0.25,0.25,-0.7323954,-48.66734,-50.08417,49.36147,2408.172,2504.039,70.01904,-0.006211307,-0.7027403,-0.7114193,1,0,0,-0.9793146,-23.66138,-50.11944,67.52544,1170.727,2505.614,55.38946,-0.01225517,-0.439271,-0.898271,1,0,0.25,0.3824199,26.3277,24.85714,-30.29617,-1303.844,-1242.731,35.01423,0.01905715,0.7162893,0.6975431,1,0.75,0.75,0.1400076,51.33,49.8615,-32.0004,-2541.501,-2493.076,70.36759,0.006129567,0.7117606,0.7023953,0,1,1,0.1400038,51.33,24.86149,-19.5002,-2541.501,-1243.075,55.6993,0.007729345,0.8975336,0.4408784,0,0.75,1,-0.1199632,1.329406,-0.1550875,0.741575,-66.89236,7.153123,0.03060299,0.3287143,0.829559,-0.4514187,1,0.5,0.5,-1.099345,1.363213,-25.12643,66.19471,-68.04755,1255.605,24.72816,-0.03190739,0.01878749,-0.9993142,1,0.25,0.5,-0.2682561,1.330794,-50.11693,34.32164,-66.51649,2505.496,49.70332,0.0005203623,0.008795333,-0.9999612,1,0,0.5,-0.2758349,26.33366,-0.1410374,16.04247,-1304.035,7.067104,24.94543,0.0007288171,0.9999605,-0.008861081,1,0.5,0.75,0.14,51.33,-0.1385164,-7.000003,-2541.501,6.925822,49.94312,0.008611282,0.9999532,-0.004419889,0,0.5,1,0.591065,26.33699,-25.13006,-18.15554,-1304.519,1256.436,35.33494,0.02470899,0.7101381,-0.7036288,1,0.25,0.75,-0.2670647,26.33542,-50.12719,35.31824,-1303.842,2505.784,55.79136,0.0004852483,0.4520442,-0.8919954,1,0,0.75,0.1399962,51.33,-25.13853,5.500196,-2541.501,1256.927,55.89731,0.007702072,0.8943824,-0.447237,0,0.25,1,0.1399924,51.33,-50.13853,18.00039,-2541.501,2506.928,70.6815,0.006102321,0.7086217,-0.7055621,0,0,1
29,-1.602742,-48.64316,24.87451,69.38931,2407.745,-1245.013,54.97696,-0.02859281,-0.8949462,0.4452569,1,0.75,0,0.03403428,-23.67051,49.83602,-31.19447,1171.19,-2491.77,54.95569,0.0009112505,-0.4449722,0.8955439,1,1,0.25,0.2656362,-48.66964,49.80737,-39.44649,2408.622,-2490.263,69.72315,0.004017705,-0.7073931,0.706809,1,1,0,-1.099135,-23.65024,24.86395,42.54599,1169.876,-1243.827,34.41034,-0.03101188,-0.7062658,0.7072672,1,0.75,0.25,-1.16069,-48.66028,-0.1332136,57.92418,2408.375,5.888165,49.18013,-0.02303114,-0.9997157,-0.006163922,1,0.5,0,-0.04940562,1.330055,49.85143,-23.50991,-66.49126,-2492.545,49.17949,-0.0006623635,0.0065283,0.9999785,1,1,0.5,-0.8522422,-23.66178,-0.1322119,39.73589,1171.271,5.749385,24.18355,-0.03385827,-0.9993501,-0.01236543,1,0.5,0.25,-2.436944,-48.63591,-25.10639,138.8664,2406.338,1253.415,55.26019,-0.0434081,-0.8902702,-0.4533593,1,0.25,0,-0.04439753,1.32648,24.85351,-9.707879,-66.24872,-1242.749,24.1826,-0.001130261,0.01299487,0.9999149,1,0.75,0.5,0.116718,26.32404,49.85574,-30.77839,-1304.095,-2493.013,55.26207,0.002389038,0.4540417,0.8909773,1,1,0.75,-0.9377513,-23.65952,-25.1347,62.11739,1170.576,1255.946,34.85114,-0.02606002,-0.6977214,-0.715895,1,0.25,0.25,-3.694321,-48.57498,-50.07247,204.9209,2405.133,2501.937,70.18509,-0.05203107,-0.701431,-0.7108357,1,0,0,-1.949627,-23.63741,-50.11221,122.9766,1169.557,2504.491,55.53236,-0.03450019,-0.4398021,-0.8974319,1,0,0.25,0.1991214,26.32786,24.85835,-24.2945,-1303.712,-1242.702,34.86414,0.006097171,0.7160396,0.698033,1,0.75,0.75,0.1400076,51.33,49.8615,-32.0004,-2541.501,-2493.076,70.22131,0.002213016,0.7115857,0.7025958,0,1,1,0.1400038,51.33,24.86149,-19.5002,-2541.501,-1243.075,55.55424,0.002792002,0.8977782,0.4404392,0,0.75,1,-0.7228333,1.344627,-0.1372852,37.84037,-67.17093,6.591361,0.342639,-0.8382398,0.4021826,-0.3682432,1,0.5,0.5,-0.06374381,1.319472,-25.12868,20.65276,-66.19468,1256.561,24.80368,-0.001867083,0.01239897,-0.9999214,1,0.25,0.5,-0.792652,1.341504,-50.1176,65.63712,-66.55293,2505.517,49.79773,-0.01543116,0.006675676,-0.9998586,1,0,0.5,0.5286057,26.31917,-0.1489628,-26.66338,-1303.164,7.589419,24.82135,0.0215275,0.9996874,-0.01271551,1,0.5,0.75,0.14,51.33,-0.1385164,-7.000003,-2541.501,6.925822,49.82548,0.003109752,0.999976,-0.006190249,0,0.5,1,-0.4729074,26.33453,-25.12849,34.62894,-1304.054,1256.162,35.30395,-0.01274741,0.7074304,-0.706668,1,0.25,0.75,-0.1105328,26.32981,-50.1327,33.88543,-1304.263,2506.448,55.82036,-0.001669611,0.4496434,-0.8932065,1,0,0.75,0.1399962,51.33,-25.13853,5.500196,-2541.501,1256.927,55.83143,0.002778128,0.8933604,-0.4493324,0,0.25,1,0.1399924,51.33,-50.13853,18.00039,-2541.501,2506.928,70.66044,0.002199145,0.7071944,-0.7070157,0,0,1
30,10.60793,-45.51926,25.44435,-521.0904,2266.739,-1288.194,53.52738,0.1920172,-0.8638767,0.4656678,1,0.75,0,22.89939,-19.91858,46.72308,-1072.43,988.1414,-2359.307,55.30518,0.4061566,-0.377605,0.8321366,1,1,0.25,11.12998,-42.04276,50.19969,-467.555,2070.991,-2520.389,66.40356,0.1628648,-0.6456532,0.746061,1,1,0,16.39376,-21.22936,22.62501,-780.9354,1055.342,-1146.375,35.01339,0.45504,-0.6302722,0.6290435,1,0.75,0.25,8.532313,-47.55656,0.01790051,-364.9324,2360.883,-16.47348,48.91286,0.1679434,-0.9857817,-0.005416481,1,0.5,0,19.27927,4.807891,46.00672,-924.4146,-239.4697,-2303.696,49.16397,0.3834875,0.07357755,0.9206105,1,1,0.5,9.190876,-22.6093,-1.104457,-371.1707,1125.272,31.9269,24.93314,0.3521833,-0.934334,-0.05465316,1,0.5,0.25,1.581891,-48.40787,-23.97622,-23.02049,2398.732,1184.948,54.69786,0.02442377,-0.89789,-0.4395418,1,0.25,0,7.828029,2.216685,23.98605,-345.0408,-102.6846,-1208.532,24.41017,0.3048665,0.04267121,0.9514387,1,0.75,0.5,6.939343,27.28585,49.1795,-297.4325,-1332.303,-2466.1,55.34327,0.1200788,0.4679546,0.8755568,1,1,0.75,2.066947,-23.50298,-25.05359,-63.47249,1164.684,1242.163,34.9032,0.05178051,-0.6964546,-0.7157301,1,0.25,0.25,-3.18663,-48.76096,-48.94546,186.8882,2415.496,2440.129,69.69165,-0.04872917,-0.7111201,-0.7013798,1,0,0,-0.5159079,-23.75973,-49.75106,58.87569,1177.859,2476.698,55.40085,-0.01341052,-0.4456725,-0.8950956,1,0,0.25,0.3856753,26.34406,25.07488,16.9011,-1304.889,-1256.654,34.84242,0.004298621,0.7127504,0.7014046,1,0.75,0.75,0.1400076,51.33,49.8615,-32.0004,-2541.501,-2493.076,70.03681,-0.001329008,0.7113487,0.7028381,0,1,1,0.1400038,51.33,24.86149,-19.5002,-2541.501,-1243.075,55.37167,-0.001677914,0.8980627,0.4398642,0,0.75,1,1.757948,1.362616,-0.2550995,-61.14749,-68.63385,8.159336,1.130675,0.9347028,0.1280934,-0.3315461,1,0.5,0.5,1.632435,1.497934,-25.19249,-61.32439,-73.02866,1253.547,25.01872,0.0548101,0.013488,-0.9984058,1,0.25,0.5,0.2688127,1.229547,-50.1567,14.78512,-58.94672,2501.302,49.94231,0.0006950725,0.001502899,-0.9999986,1,0,0.5,-0.5973438,26.24795,-0.1871062,18.85864,-1303.712,6.302227,24.61242,-0.033095,0.999275,-0.01882139,1,0.5,0.75,0.14,51.33,-0.1385164,-7.000003,-2541.501,6.925822,49.67815,-0.001868376,0.9999625,-0.008451103,0,0.5,1,0.5106865,26.32972,-25.16022,-8.999607,-1303.976,1256.244,35.29655,0.007736354,0.7033073,-0.7108438,1,0.25,0.75,0.3680696,26.3272,-50.20655,3.428756,-1303.93,2508.123,55.91962,0.002380696,0.4461828,-0.8949386,1,0,0.75,0.1399962,51.33,-25.13853,5.500196,-2541.501,1256.927,55.74989,-0.001666767,0.8920243,-0.4519843,0,0.25,1,0.1399924,51.33,-50.13853,18.00039,-2541.501,2506.928,70.63547,-0.001318038,0.7053621,-0.7088459,0,0,1
31,46.94833,-34.2094,19.5944,-2249.462,1747.042,-985.8284,60.96979,0.7549295,-0.5759582,0.3136137,1,0.75,0,48.39786,-4.270998,39.52061,-2412.942,261.2258,-1981.832,61.60406,0.7705597,-0.08800759,0.6312626,1,1,0.25,61.08081,-26.4395,38.69015,-2976.322,1407.836,-1943.088,76.31797,0.7880687,-0.3597352,0.4995383,1,1,0,35.32637,-12.25597,19.76535,-1766.229,614.8951,-967.5995,41.56014,0.8269919,-0.3197945,0.4624024,1,0.75,0.25,33.12207,-40.43214,-1.111474,-1556.934,2026.311,49.08788,52.37934,0.6161026,-0.7872028,-0.02700697,1,0.5,0,29.17854,10.42808,45.82373,-1452.996,-486.2301,-2289.685,54.05408,0.5249024,0.1692532,0.8341647,1,1,0.5,26.70897,-16.36457,-2.774566,-1313.248,819.2004,159.8253,31.16292,0.8263924,-0.5545667,-0.09762847,1,0.5,0.25,20.58895,-44.71196,-22.32153,-939.228,2221.873,1117.509,54.47038,0.3646686,-0.835115,-0.4118249,1,0.25,0,18.4986,5.84178,23.43628,-917.5762,-271.5212,-1166.053,29.13981,0.6057941,0.1567874,0.78002,1,0.75,0.5,11.00926,28.81594,49.41184,-550.9265,-1415.993,-2465.509,56.79589,0.1826707,0.4820819,0.8568713,1,1,0.75,18.1107,-20.05307,-25.95589,-865.131,996.6357,1312.99,37.58327,0.4612977,-0.5579273,-0.6898706,1,0.25,0.25,7.12708,-48.2234,-43.68619,-280.9561,2388.179,2192.793,65.99617,0.09901481,-0.743171,-0.6617348,1,0,0,9.035706,-23.3898,-48.72599,-391.0552,1160.639,2445.553,55.01306,0.1529862,-0.4428585,-0.8834431,1,0,0.25,5.897283,27.0061,25.00207,-291.5788,-1333.644,-1245.385,35.6147,0.1482584,0.7147083,0.6835288,1,0.75,0.75,0.1400076,51.33,49.8615,-32.0004,-2541.501,-2493.076,69.98696,-0.005716892,0.7112716,0.7028941,0,1,1,0.1400038,51.33,24.86149,-19.5002,-2541.501,-1243.075,55.32265,-0.007218758,0.8981189,0.4396935,0,0.75,1,10.54148,2.797871,-0.07300659,-524.3685,-139.0337,12.93132,9.63372,0.9866568,0.1582085,-0.03845017,1,0.5,0.5,6.041322,1.814182,-24.99772,-257.9714,-82.804,1253.874,25.41201,0.212193,0.02390982,-0.9769353,1,0.25,0.5,4.865969,1.221129,-49.9679,-184.4523,-58.16865,2501.27,49.97002,0.08565471,0.0005250403,-0.9963248,1,0,0.5,2.118883,26.33299,0.04606192,-112.6965,-1307.213,0.02550111,24.68916,0.062563,0.9979832,-0.01074171,1,0.5,0.75,0.14,51.33,-0.1385164,-7.000003,-2541.501,6.925822,49.63906,-0.008037128,0.9999265,-0.009077814,0,0.5,1,1.702547,26.37567,-24.95257,-56.08588,-1305.282,1249.379,35.19261,0.03248776,0.7054973,-0.7079675,1,0.25,0.75,-0.2577958,26.32829,-49.98688,51.68906,-1304.525,2499.024,55.73865,-0.01423878,0.4469109,-0.8944652,1,0,0.75,0.1399962,51.33,-25.13853,5.500196,-2541.501,1256.927,55.72885,-0.007166745,0.8916308,-0.4527065,0,0.25,1,0.1399924,51.33,-50.13853,18.00039,-2541.501,2506.928,70.62975,-0.005665444,0.7048439,-0.7093399,0,0,1
32,41.3479,-38.25176,21.0458,-2181.624,1838.281,-1013.543,59.70638,0.6723102,-0.6552269,0.3444947,1,0.75,0,38.57775,-11.94638,43.85164,-2045.69,525.7444,-2139.634,58.58378,0.6381992,-0.2224548,0.7370317,1,1,0.25,57.84128,-25.39876,34.75782,-3012.826,1152.589,-1640.227,71.19379,0.7946399,-0.3709644,0.4805548,1,1,0,25.13754,-19.10737,24.02219,-1344.04,915.8059,-1182.651,39.04317,0.6136837,-0.5134757,0.5997792,1,0.75,0.25,30.5036,-43.54678,-0.8741769,-1615.832,2120.826,67.96517,53.17982,0.5520336,-0.8335325,-0.0219672,1,0.5,0,22.07401,6.382834,47.90483,-1192.64,-348.7575,-2371.846,51.86622,0.4049075,0.09902848,0.9089793,1,1,0.5,19.1716,-21.2716,-0.4006547,-1033.353,1026.699,33.02069,28.48739,0.6313459,-0.7751192,-0.02434414,1,0.5,0.25,32.1752,-42.02291,-25.77306,-1646.046,2055.896,1316.557,58.89711,0.5270402,-0.7276449,-0.4390462,1,0.25,0,13.41536,2.956979,24.71189,-725.0607,-157.7381,-1228.434,26.99846,0.456201,0.06399967,0.8875723,1,0.75,0.5,8.331853,27.71791,49.6172,-478.7693,-1386.255,-2474.774,55.98643,0.1320905,0.4695078,0.8729917,1,1,0.75,17.4393,-21.7042,-25.33136,-882.1605,1067.918,1274.009,37.66041,0.4341873,-0.6001321,-0.6718056,1,0.25,0.25,32.52559,-41.38303,-50.66488,-1558.428,2072.108,2561.694,73.07336,0.4302516,-0.5787436,-0.6927766,1,0,0,17.337,-21.51229,-50.36763,-822.5972,1070.544,2522.183,57.41872,0.284303,-0.3920905,-0.8748925,1,0,0.25,4.560852,26.72079,24.9169,-261.3333,-1327.674,-1244.822,35.1486,0.1035193,0.7159805,0.6904026,1,0.75,0.75,0.1400076,51.33,49.8615,-32.0004,-2541.501,-2493.076,69.99602,-0.01036266,0.7111453,0.7029685,0,1,1,0.1400038,51.33,24.86149,-19.5002,-2541.501,-1243.075,55.32888,-0.01308516,0.8979747,0.4398526,0,0.75,1,11.37146,2.608381,-0.2067832,-578.5073,-131.1916,12.74044,10.10769,0.989935,0.1330444,-0.04824817,1,0.5,0.5,10.34692,2.263725,-25.18511,-488.1606,-106.5776,1260.037,26.71555,0.3481974,0.0391922,-0.9366016,1,0.25,0.5,9.511002,2.224715,-50.17527,-424.9865,-102.5435,2508.438,50.72473,0.1686777,0.02006116,-0.9854671,1,0,0.5,5.175373,26.82466,-0.1639857,-278.6111,-1332.558,9.694468,25.49085,0.165629,0.986023,-0.01804497,1,0.5,0.75,0.14,51.33,-0.1385164,-7.000003,-2541.501,6.925822,49.6402,-0.01456982,0.9998547,-0.008845893,0,0.5,1,4.773496,26.76762,-25.16156,-221.9968,-1324.633,1258.929,35.7992,0.107522,0.7044379,-0.7015741,1,0.25,0.75,4.287351,26.67123,-50.14677,-192.6387,-1321.556,2507.708,56.12146,0.06034492,0.4499027,-0.8910365,1,0,0.75,0.1399962,51.33,-25.13853,5.500196,-2541.501,1256.927,55.7247,-0.01299318,0.8916529,-0.4525332,0,0.25,1,0.1399924,51.33,-50.13853,18.00039,-2541.501,2506.928,70.6224,-0.01027161,0.7048823,-0.7092499,0,0,1
33,-11.83867,-47.69814,23.68417,426.0932,2378.987,-1201.871,55.21514,-0.226099,-0.8773619,0.4232202,1,0.75,0,-11.89763,-22.61953,48.80853,373.7835,1148.418,-2467.9,55.16763,-0.2273511,-0.4276043,0.8749092,1,1,0.25,-22.41844,-45.50465,46.23376,836.301,2308.759,-2382.109,69.10557,-0.3329749,-0.6707631,0.6627251,1,1,0,-5.742892,-23.43164,24.58808,162.2137,1166.972,-1235.054,34.82219,-0.1840587,-0.6968942,0.6931528,1,0.75,0.25,-2.322237,-48.47481,0.3918027,9.142898,2401.601,-13.55178,49.2553,-0.06191708,-0.9980646,0.005776265,1,0.5,0,-4.811046,1.335189,49.68023,100.4988,-59.37342,-2490.283,49.38792,-0.1116405,0.003026666,0.9937441,1,1,0.5,-3.435551,-23.51229,-0.1236887,92.60527,1167.636,2.148687,24.55111,-0.1674184,-0.9858439,-0.009105047,1,0.5,0.25,3.423699,-48.52193,-23.93713,-240.6882,2394.756,1211.383,54.77927,0.04821397,-0.899182,-0.4349104,1,0.25,0,-2.453941,1.345381,24.74577,45.9955,-64.91061,-1238.47,24.35041,-0.1292698,0.006486265,0.9915882,1,0.75,0.5,-0.08549494,26.33015,49.78707,-49.65482,-1304.087,-2489.383,55.1902,-0.01515456,0.4515329,0.8921258,1,1,0.75,-0.4426673,-23.55262,-24.94234,-65.76135,1159.661,1241.695,34.72346,-0.03410037,-0.7022825,-0.7110813,1,0.25,0.25,16.81333,-47.10994,-45.08477,-921.1745,2313.912,2262.2,67.55986,0.2358932,-0.7095833,-0.6639622,1,0,0,14.00017,-22.26231,-45.18719,-744.255,1089.835,2281.558,52.19165,0.2513056,-0.4449757,-0.8595593,1,0,0.25,-0.9272492,26.34788,24.80238,13.06822,-1304.185,-1240.883,34.79933,-0.04775487,0.7128657,0.6996728,1,0.75,0.75,0.1400076,51.33,49.8615,-32.0004,-2541.501,-2493.076,70.14526,-0.008754415,0.7098255,0.7043232,0,1,1,0.1400038,51.33,24.86149,-19.5002,-2541.501,-1243.075,55.42761,-0.01105826,0.8966198,0.4426631,0,0.75,1,-4.20322,1.565925,-0.1929621,165.9386,-73.94555,6.251981,4.485225,-0.9952781,0.07657226,-0.05964927,1,0.5,0.5,-3.047619,1.305309,-25.28222,107.665,-65.38213,1263.823,25.17064,-0.1482661,0.004717994,-0.9889362,1,0.25,0.5,9.501298,2.276082,-46.88488,-489.9201,-119.3888,2360.646,47.30819,0.1828731,0.02283891,-0.9828712,1,0,0.5,-2.765609,26.52526,-0.2184236,126.4268,-1311.042,8.760787,25.08697,-0.1377292,0.9903895,-0.01261683,1,0.5,0.75,0.14,51.33,-0.1385164,-7.000003,-2541.501,6.925822,49.65021,-0.01233226,0.9999122,-0.004843834,0,0.5,1,-3.367552,26.59031,-25.21562,139.6924,-1311.286,1258.139,35.60538,-0.1142771,0.7036657,-0.7012811,1,0.25,0.75,2.344656,26.43808,-49.61671,-129.1115,-1312.813,2481.512,55.28946,0.02843172,0.452664,-0.8912278,1,0,0.75,0.1399962,51.33,-25.13853,5.500196,-2541.501,1256.927,55.64436,-0.0110157,0.8931583,-0.4496075,0,0.25,1,0.1399924,51.33,-50.13853,18.00039,-2541.501,2506.928,70.48829,-0.008712328,0.7063954,-0.7077638,0,0,1
34,-42.17001,-38.14357,21.86514,2060.418,1909.694,-1124.229,61.50697,-0.6877708,-0.6340882,0.3534169,1,0.75,0,-43.61613,-8.120567,40.09512,2159.38,401.2401,-2006.745,59.85003,-0.7306163,-0.1540164,0.6651909,1,1,0.25,-60.67793,-25.07995,32.42796,2993.333,1277.002,-1656.727,73.55353,-0.825815,-0.3545311,0.4385629,1,1,0,-27.40896,-17.81165,23.70451,1339.991,888.6329,-1201.619,40.75903,-0.6758651,-0.4601653,0.5757207,1,0.75,0.25,-32.24834,-43.04082,-0.5977182,1582.326,2141.099,12.06392,54.51091,-0.5948805,-0.8037522,-0.009971602,1,0.5,0,-26.60609,9.277691,45.8141,1314.343,-466.2695,-2289.021,53.37555,-0.5026894,0.1504089,0.8512816,1,1,0.5,-20.5695,-20.93518,-0.2567872,1024.283,1033.35,2.568537,30.02557,-0.6894572,-0.7242945,-0.006801379,1,0.5,0.25,-29.55636,-43.93089,-25.4415,1402.435,2205.917,1246.494,59.34336,-0.5018592,-0.7537212,-0.4243132,1,0.25,0,-14.46514,3.548069,24.65136,699.595,-173.1557,-1238.589,28.4656,-0.5158436,0.08195045,0.8527541,1,0.75,0.5,-9.900877,28.44774,49.35122,461.7723,-1405.074,-2471.796,56.87534,-0.1808696,0.4753509,0.8610039,1,1,0.75,-22.04825,-20.08812,-25.19969,1080.454,1007.786,1250.837,39.39997,-0.5645324,-0.5328937,-0.6303392,1,0.25,0.25,-19.13072,-46.48286,-48.007,872.0143,2327.438,2374.894,69.89607,-0.2785283,-0.6769865,-0.6812572,1,0,0,-18.07698,-21.47866,-49.82522,821.1331,1089.645,2468.379,57.24987,-0.3212745,-0.3922605,-0.8619248,1,0,0.25,-4.315002,26.74318,25.04543,190.5456,-1322.098,-1254.363,35.64505,-0.1325653,0.7073957,0.694275,1,0.75,0.75,0.1400076,51.33,49.8615,-32.0004,-2541.501,-2493.076,70.25861,-0.004756593,0.708828,0.7053654,0,1,1,0.1400038,51.33,24.86149,-19.5002,-2541.501,-1243.075,55.5022,-0.006010009,0.8956019,0.4448158,0,0.75,1,-11.27837,2.58841,-0.1299657,546.709,-124.7476,0.9328708,11.33997,-0.9928188,0.1194331,-0.006823876,1,0.5,0.5,-13.69932,3.474741,-25.09077,696.5134,-170.0183,1247.229,28.36745,-0.4910688,0.07968891,-0.8674682,1,0.25,0.5,-12.28334,2.838993,-50.04708,589.6503,-126.2254,2491.304,51.1273,-0.2471545,0.03224394,-0.9684395,1,0,0.5,-4.511439,26.65728,-0.1426954,210.3203,-1316.513,4.866463,25.46671,-0.1920927,0.9813702,-0.003601694,1,0.5,0.75,0.14,51.33,-0.1385164,-7.000003,-2541.501,6.925822,49.65689,-0.006710495,0.9999759,-0.001781313,0,0.5,1,-4.676032,26.79535,-25.14731,264.0519,-1330.801,1254.038,35.734,-0.1422037,0.7070989,-0.6926682,1,0.25,0.75,-4.34602,26.73106,-50.11355,237.1213,-1323.236,2501.56,55.91672,-0.08548171,0.4529994,-0.8874032,1,0,0.75,0.1399962,51.33,-25.13853,5.500196,-2541.501,1256.927,55.58191,-0.006001602,0.894329,-0.4473698,0,0.25,1,0.1399924,51.33,-50.13853,18.00039,-2541.501,2506.928,70.38477,-0.004748343,0.7075664,-0.7066309,0,0,1
35,-28.12909,-44.41764,24.10452,1515.534,2155.443,-1199.845,58.40787,-0.4806965,-0.7737933,0.4125226,1,0.75,0,-22.55379,-20.10902,49.2442,1221.224,955.7122,-2457.572,57.93045,-0.3892063,-0.3640891,0.8461428,1,1,0.25,-32.77676,-43.01635,48.62416,1825.037,2045.227,-2405.236,73.13474,-0.4476756,-0.6000051,0.6630086,1,1,0,-19.59991,-20.86394,24.42907,1020.433,1016.795,-1225.955,38.01269,-0.5137948,-0.5719884,0.6394092,1,0.75,0.25,-22.11289,-46.15689,-0.1313257,1172.912,2268.825,-3.858827,51.81319,-0.4262902,-0.9045856,0.001242076,1,0.5,0,-13.41594,3.163543,49.60791,719.1601,-177.0775,-2480.307,51.16734,-0.263293,0.03868347,0.9639401,1,1,0.5,-14.89944,-22.22565,-0.1239376,785.1521,1092.552,-0.1540669,27.33423,-0.5420361,-0.8403512,0.002599859,1,0.5,0.25,-29.11432,-43.68902,-24.0003,1528.331,2142.679,1187.98,58.12687,-0.4998054,-0.7650739,-0.4060253,1,0.25,0,-11.00785,2.613946,24.73431,568.5354,-136.7947,-1239.976,26.86742,-0.4090834,0.05294895,0.9109595,1,0.75,0.5,-4.894673,26.8405,49.83088,253.1551,-1336.993,-2492.174,55.96049,-0.09001669,0.4547539,0.8860564,1,1,0.75,-17.12766,-21.6469,-25.01469,917.2487,1058.838,1242.749,37.39659,-0.4569112,-0.6019477,-0.6548977,1,0.25,0.25,-41.64987,-37.27483,-44.66158,2126.21,1840.365,2241.697,71.64675,-0.5798956,-0.5327987,-0.616317,1,0,0,-24.43865,-19.44025,-48.92647,1266.306,953.6443,2441.677,57.85802,-0.4219877,-0.3530812,-0.835021,1,0,0.25,-3.838041,26.64713,24.85064,193.6772,-1321.853,-1244.118,35.45694,-0.1119604,0.7086883,0.6965815,1,0.75,0.75,0.1400076,51.33,49.8615,-32.0004,-2541.501,-2493.076,70.36838,-0.0006731537,0.7078634,0.706349,0,1,1,0.1400038,51.33,24.86149,-19.5002,-2541.501,-1243.075,55.57527,-0.0008508051,0.8946035,0.44686,0,0.75,1,-8.410631,2.052567,-0.1251936,438.2642,-104.9855,2.705293,8.144338,-0.9946793,0.1026911,0.008226088,1,0.5,0.5,-11.71591,2.757652,-24.90879,627.4174,-144.8649,1240.424,26.97617,-0.4332344,0.05796956,-0.8994151,1,0.25,0.5,-13.84219,3.188145,-49.81649,723.0828,-159.8082,2486.253,51.10518,-0.27187,0.03920682,-0.961535,1,0,0.5,-2.780514,26.4175,-0.1483955,154.1249,-1309.85,6.280218,24.92652,-0.1167374,0.993161,0.001884141,1,0.5,0.75,0.14,51.33,-0.1385164,-7.000003,-2541.501,6.925822,49.66519,-0.0009511165,0.9999989,0.001151919,0,0.5,1,-4.490583,26.75704,-25.09351,255.8294,-1328.91,1252.219,35.50995,-0.1299168,0.7106972,-0.6913979,1,0.25,0.75,-5.06603,26.87869,-50.09767,286.2556,-1333.176,2502.387,55.88216,-0.09318093,0.456063,-0.8850558,1,0,0.75,0.1399962,51.33,-25.13853,5.500196,-2541.501,1256.927,55.52372,-0.0008517241,0.8954266,-0.4452083,0,0.25,1,0.1399924,51.33,-50.13853,18.00039,-2541.501,2506.928,70.28679,-0.0006741451,0.7086793,-0.7055304,0,0,1
36,1.762372,-42.04134,8.320191,-99.63564,2102.257,-489.0413,43.59667,0.04197914,-0.9795833,0.196607,1,0.75,0,13.45314,-18.28798,32.03198,-685.2339,927.6837,-1685.519,39.6245,0.3374974,-0.4845668,0.8070257,1,1,0.25,23.32279,-38.70118,20.52279,-1139.83,1995.079,-1172.279,50.21757,0.4616066,-0.7858462,0.4115401,1,1,0,-7.327742,-20.63061,18.33281,313.2612,1015.149,-939.9139,29.09807,-0.2445758,-0.7360491,0.6312009,1,0.75,0.25,-19.00609,-43.4589,-5.069289,952.8898,2166.9,170.1515,48.18823,-0.38854,-0.9163185,-0.09693856,1,0.5,0,4.092499,2.460162,42.35209,-164.5475,-67.42916,-2212.977,42.42568,0.09740715,0.0304046,0.9947801,1,1,0.5,-23.56842,-19.46131,-1.742726,1116.79,957.283,49.96169,30.77728,-0.7506936,-0.6591471,-0.04454363,1,0.5,0.25,-28.42019,-42.60524,-28.21817,1327.019,2110.298,1360.161,58.61253,-0.4792795,-0.7402874,-0.4714507,1,0.25,0,-12.77486,3.151512,23.5981,593.3656,-160.0727,-1201.628,26.67373,-0.4668512,0.07347127,0.8812786,1,0.75,0.5,-3.853884,26.67289,48.81216,83.49818,-1310.597,-2448.875,55.01764,-0.06781836,0.4596353,0.8855146,1,1,0.75,-33.17415,-17.82381,-26.30768,1573.059,886.7281,1254.638,45.63745,-0.7171046,-0.4113542,-0.5626266,1,0.25,0.25,-13.09225,-36.94555,-47.18641,679.6808,1830.525,2389.566,61.26114,-0.2105448,-0.6169021,-0.7583553,1,0,0,-27.80893,-17.23316,-50.80392,1438.74,856.282,2500.714,59.93326,-0.4586906,-0.3042726,-0.834878,1,0,0.25,-10.8419,28.88966,24.9081,468.6169,-1403.296,-1262.715,38.52291,-0.2755594,0.710727,0.6472512,1,0.75,0.75,0.1400076,51.33,49.8615,-32.0004,-2541.501,-2493.076,70.48399,0.003222931,0.7068492,0.707357,0,1,1,0.1400038,51.33,24.86149,-19.5002,-2541.501,-1243.075,55.65315,0.004074085,0.8935381,0.4489689,0,0.75,1,-19.86535,5.463809,-0.2692479,953.7924,-267.4654,-9.345166,19.74068,-0.9770709,0.2128775,0.003966004,1,0.5,0.5,-22.15094,6.072967,-25.47147,1086.409,-293.5379,1249.169,33.29405,-0.652842,0.1455269,-0.7433837,1,0.25,0.5,-16.53393,5.058999,-49.81224,816.353,-216.3957,2467.366,51.77088,-0.3146141,0.07468738,-0.9462768,1,0,0.5,-8.878847,27.90245,-0.3832378,399.52,-1375.137,20.09471,27.65478,-0.3122055,0.9500138,-0.001197495,1,0.5,0.75,0.14,51.33,-0.1385164,-7.000003,-2541.501,6.925822,49.67594,0.004559333,0.9999807,0.004205326,0,0.5,1,-12.49949,29.76241,-25.0531,647.8104,-1480.85,1241.161,39.28285,-0.3119617,0.7190883,-0.6209605,1,0.25,0.75,-11.4193,29.1584,-50.14534,542.537,-1417.948,2502.177,57.74255,-0.1945405,0.4808062,-0.8549733,1,0,0.75,0.1399962,51.33,-25.13853,5.500196,-2541.501,1256.927,55.46495,0.004087649,0.8965429,-0.442938,0,0.25,1,0.1399924,51.33,-50.13853,18.00039,-2541.501,2506.928,70.18611,0.003236297,0.709828,-0.7043677,0,0,1
37,-28.60908,-40.18275,13.19936,1287.867,1973.118,-543.7792,51.52906,-0.5471473,-0.7942749,0.264116,1,0.75,0,-6.751932,-19.98274,31.57907,225.1596,953.4905,-1477.917,38.5098,-0.1694551,-0.54154,0.8234193,1,1,0.25,-3.705533,-39.12438,15.20709,45.30718,1851.933,-608.244,42.88409,-0.08215018,-0.9281516,0.3630233,1,1,0,-29.12355,-16.05029,21.14439,1369.061,800.9507,-997.3134,39.5733,-0.7232255,-0.4290369,0.5411767,1,0.75,0.25,-47.0855,-34.22343,-3.59694,2297.559,1707.811,210.0676,58.35428,-0.7976307,-0.6009089,-0.05190092,1,0.5,0,-8.607399,2.392725,42.50803,354.9816,-129.0531,-2065.773,43.39269,-0.1928767,0.02848067,0.9808096,1,1,0.5,-39.49564,-10.5615,-1.105363,1975.192,521.4611,75.82378,40.56154,-0.9584179,-0.2850388,-0.01371148,1,0.5,0.25,-54.04134,-29.21964,-27.0804,2710.686,1448.19,1361.05,66.81512,-0.8007089,-0.4510468,-0.3942361,1,0.25,0,-24.91625,8.349682,24.24351,1241.315,-410.9278,-1198.981,35.27803,-0.6924565,0.2014379,0.6927674,1,0.75,0.5,-8.336079,27.84394,48.81439,407.42,-1384.839,-2433.391,56.21154,-0.1444954,0.4708268,0.8703122,1,1,0.75,-40.81533,-8.326186,-25.96865,2055.909,411.1059,1318.538,48.39288,-0.8318962,-0.1936646,-0.520041,1,0.25,0.25,-65.42255,-19.18686,-47.65336,3252.377,987.1629,2425.022,82.53221,-0.7862132,-0.2448387,-0.5673824,1,0,0,-45.42777,-3.219745,-49.84623,2250.146,194.2802,2531.865,66.58762,-0.6750315,-0.06502507,-0.7349178,1,0,0.25,-14.55894,31.19382,24.83085,762.4236,-1579.505,-1250.319,41.38956,-0.3441769,0.717391,0.6057165,1,0.75,0.75,0.1400076,51.33,49.8615,-32.0004,-2541.501,-2493.076,70.62946,0.003957994,0.7055779,0.7086213,0,1,1,0.1400038,51.33,24.86149,-19.5002,-2541.501,-1243.075,55.75128,0.005004795,0.8921996,0.4516136,0,0.75,1,-26.28127,11.21718,-0.5596303,1396.73,-588.2679,29.44633,27.51398,-0.9330964,0.3596258,-0.0006168981,1,0.5,0.5,-24.41066,10.53657,-25.71612,1273.056,-553.2645,1301.499,35.70712,-0.6702862,0.25945,-0.6952713,1,0.25,0.5,-23.53734,8.835195,-50.6484,1175.909,-438.0179,2541.484,55.3315,-0.4190434,0.1377818,-0.8974513,1,0,0.5,-7.26314,27.29972,0.2674156,450.9637,-1392.688,-8.979829,26.62132,-0.2625837,0.9644472,0.0298571,1,0.5,0.75,0.14,51.33,-0.1385164,-7.000003,-2541.501,6.925822,49.68979,0.005609156,0.9999519,0.008046104,0,0.5,1,-5.910847,27.07627,-24.69361,332.7296,-1347.554,1233.955,35.40434,-0.160686,0.722298,-0.6726558,1,0.25,0.75,-5.00084,26.86889,-50.24188,229.0107,-1321.398,2503.505,55.67381,-0.08650504,0.457976,-0.8847457,1,0,0.75,0.1399962,51.33,-25.13853,5.500196,-2541.501,1256.927,55.39117,0.005036904,0.897948,-0.4400726,0,0.25,1,0.1399924,51.33,-50.13853,18.00039,-2541.501,2506.928,70.05943,0.003989753,0.711278,-0.7028995,0,0,1
38,-30.93806,-41.57903,24.62405,1595.511,2039.18,-1260.626,58.03639,-0.5315409,-0.7298855,0.429804,1,0.75,0,-29.01328,-13.82534,44.95998,1404.71,696.2774,-2323.529,55.58903,-0.5204174,-0.2669179,0.8111231,1,1,0.25,-48.12783,-26.49859,34.72187,2405.624,1320.988,-1878.621,65.38301,-0.7331824,-0.4195985,0.5351455,1,1,0,-15.20784,-21.60683,25.62678,806.9236,1054.957,-1286.063,37.43157,-0.4055795,-0.5998341,0.6897132,1,0.75,0.25,-23.16443,-45.49355,0.9589148,1248.8,2219.624,-56.77005,51.67527,-0.4473548,-0.893898,0.02863507,1,0.5,0,-11.65309,3.616465,49.16612,512.3083,-153.9013,-2480.003,50.64935,-0.2312741,0.04830244,0.9716889,1,1,0.5,-16.11434,-21.51464,0.4811068,934.2476,1022.987,-30.63671,27.42702,-0.5833336,-0.8114171,0.03638894,1,0.5,0.25,-27.11571,-44.64845,-23.71098,1557.549,2145.731,1153.005,57.63,-0.4695017,-0.7877908,-0.3986901,1,0.25,0,-5.473769,1.364902,25.11798,319.9866,-82.41765,-1251.705,25.76889,-0.2150908,0.008339734,0.9765584,1,0.75,0.5,-0.7196137,26.34081,49.82651,-5.483941,-1304.242,-2488.754,55.81949,-0.01590995,0.4473582,0.8942133,1,1,0.75,-17.82627,-21.23647,-24.45833,1029.621,1015.27,1215.723,36.8816,-0.4815925,-0.5987517,-0.6399727,1,0.25,0.25,-40.93578,-39.33294,-43.89384,2248.062,1861.613,2162.447,71.67147,-0.5696462,-0.5608694,-0.6007735,1,0,0,-27.9131,-17.83957,-46.87458,1559.324,819.9391,2323.601,56.91786,-0.4892123,-0.3306532,-0.8070563,1,0,0.25,-0.951529,26.3487,24.82461,30.97529,-1304.966,-1239.126,35.27112,-0.03153258,0.7045591,0.7089444,1,0.75,0.75,0.1400076,51.33,49.8615,-32.0004,-2541.501,-2493.076,70.62154,-0.0005120689,0.7056115,0.7085988,0,1,1,0.1400038,51.33,24.86149,-19.5002,-2541.501,-1243.075,55.74448,-0.0006475825,0.8922507,0.4515398,0,0.75,1,-6.780931,2.090659,0.1587124,432.8708,-128.2121,-7.181612,6.55542,-0.9861012,0.1339159,0.09834147,1,0.5,0.5,-9.724377,2.413515,-24.63876,584.0656,-140.6598,1229.779,25.58866,-0.3795061,0.04859153,-0.9239123,1,0.25,0.5,-16.08599,4.110463,-48.75718,925.4783,-241.5463,2428.16,50.47667,-0.3190169,0.05815671,-0.945963,1,0,0.5,0.2835039,26.06355,-0.1859747,16.31021,-1294.122,12.65991,24.4204,0.004296769,0.9998926,0.01401074,1,0.5,0.75,0.14,51.33,-0.1385164,-7.000003,-2541.501,6.925822,49.68575,-0.0007258385,0.9999685,0.007902872,0,0.5,1,-2.325673,26.44779,-25.04701,168.2949,-1314.564,1253.161,34.81688,-0.07084713,0.7164268,-0.6940558,1,0.25,0.75,-3.744823,26.63863,-50.03061,251.6557,-1325.586,2501.799,55.31274,-0.07025726,0.456756,-0.8868133,1,0,0.75,0.1399962,51.33,-25.13853,5.500196,-2541.501,1256.927,55.39079,-0.0006518171,0.8978971,-0.4402049,0,0.25,1,0.1399924,51.33,-50.13853,18.00039,-2541.501,2506.928,70.06168,-0.0005163481,0.7112101,-0.7029794,0,0,1
39,1.204069,-46.79561,19.34358,67.76205,2325.57,-915.9741,51.37461,0.01824109,-0.9252717,0.3788663,1,0.75,0,-11.08001,-21.53465,41.11433,685.58,1041.997,-1976.186,48.09523,-0.2333115,-0.4678884,0.8524354,1,1,0.25,-18.20341,-45.16133,35.02611,1040.173,2226.712,-1694.937,60.64785,-0.3019114,-0.7582249,0.5778793,1,1,0,7.733816,-22.7813,24.7003,-269.4033,1130.954,-1175.105,34.94893,0.2108949,-0.6765733,0.7055295,1,0.75,0.25,17.3503,-45.2392,0.7018481,-778.9991,2299.315,-11.02748,48.99756,0.3453197,-0.9382625,0.02044166,1,0.5,0,-4.199709,1.810658,46.80494,278.8846,-81.93185,-2304.076,46.8292,-0.09418136,0.01284956,0.9954721,1,1,0.5,13.04992,-20.66527,0.272111,-688.9924,1065.32,-5.530202,24.84119,0.504795,-0.8629336,0.02296953,1,0.5,0.25,13.93007,-46.4169,-24.03111,-752.2634,2294.958,1237.157,54.42932,0.2489063,-0.8669212,-0.4318486,1,0.25,0,8.800294,2.125296,25.31716,-390.8659,-97.80612,-1257.589,26.52915,0.3160467,0.03414083,0.9481291,1,0.75,0.5,1.493932,26.38184,49.55939,-59.5144,-1304.65,-2482.087,55.37916,0.02212117,0.4506035,0.89245,1,1,0.75,4.546177,-22.5298,-23.18767,-271.6205,1102.866,1166.694,32.74156,0.1290059,-0.7139345,-0.6882259,1,0.25,0.25,29.74508,-38.47597,-41.52441,-1353.776,1994.207,2280.599,63.86233,0.4581446,-0.6164859,-0.6403504,1,0,0,12.71883,-21.98036,-47.08384,-577.3362,1082.56,2402.159,53.17045,0.2321764,-0.4319483,-0.8715014,1,0,0.25,7.740387,27.52774,25.38529,-363.42,-1352.563,-1270.404,37.04002,0.1993224,0.701258,0.6844763,1,0.75,0.75,0.1400076,51.33,49.8615,-32.0004,-2541.501,-2493.076,70.42219,-0.001661146,0.7067958,0.7074156,0,1,1,0.1400038,51.33,24.86149,-19.5002,-2541.501,-1243.075,55.59262,-0.002100381,0.8936558,0.4487481,0,0.75,1,1.244752,2.697486,1.470057,-263.8803,-140.9254,-30.35474,2.025371,0.3908069,0.5919874,0.7048552,1,0.5,0.5,-0.6296924,1.900113,-24.13393,-13.5733,-107.6374,1207.835,23.35069,-0.03721117,0.02924924,-0.9988793,1,0.25,0.5,9.990051,2.867922,-47.04475,-453.7032,-148.3894,2407.204,47.26642,0.2037463,0.03486599,-0.9784027,1,0,0.5,6.930538,26.84728,-0.2570915,-292.9297,-1354.241,-5.102022,25.99873,0.2518127,0.9677739,0.001995292,1,0.5,0.75,0.14,51.33,-0.1385164,-7.000003,-2541.501,6.925822,49.62793,-0.00235038,0.9999914,0.003420205,0,0.5,1,0.4169319,26.34979,-24.38659,-71.18303,-1306.886,1223.364,34.31516,0.004570199,0.7223086,-0.6915557,1,0.25,0.75,3.527392,26.56523,-49.37438,-163.4172,-1317.541,2477.36,54.82879,0.05909351,0.4584003,-0.8867791,1,0,0.75,0.1399962,51.33,-25.13853,5.500196,-2541.501,1256.927,55.43959,-0.002106264,0.8961006,-0.4438459,0,0.25,1,0.1399924,51.33,-50.13853,18.00039,-2541.501,2506.928,70.18003,-0.001667053,0.7092173,-0.7049879,0,0,1
40,1.818235,-41.95732,13.7172,-202.6785,2097.728,-761.3852,44.90042,0.03890575,-0.9519739,0.3036975,1,0.75,0,16.13617,-11.74347,24.87965,-896.1528,665.137,-1411.841,31.9097,0.4962795,-0.4013047,0.7698449,1,1,0.25,23.84018,-30.74331,9.934783,-1315.99,1546.88,-657.7554,40.61421,0.5785902,-0.7784659,0.2433605,1,1,0,-7.406446,-19.53324,21.66647,274.5576,994.3787,-1133.57,30.49365,-0.240641,-0.6709741,0.7013457,1,0.75,0.25,-20.39306,-44.93916,2.415595,831.6199,2247.072,-64.69102,50.08448,-0.4041745,-0.9133602,0.04915315,1,0.5,0,6.156827,4.01727,41.34256,-386.5228,-226.0825,-2106.267,41.45144,0.1455237,0.06566101,0.9871735,1,1,0.5,-23.64828,-19.96728,2.121936,1038.196,1016.661,-111.5798,31.39386,-0.7430953,-0.6656446,0.06875075,1,0.5,0.25,-21.46363,-45.09788,-22.56231,1055.011,2221.643,1166.881,55.33986,-0.3853078,-0.8302417,-0.402786,1,0.25,0,-14.69633,4.144584,25.86311,629.5599,-189.8723,-1310.341,29.47303,-0.4920498,0.09614936,0.8652412,1,0.75,0.5,-2.004075,26.49307,48.98812,30.82669,-1309.619,-2452.013,54.70485,-0.03724259,0.4570318,0.8886703,1,1,0.75,-17.85076,-20.59789,-22.52927,896.5894,1014.132,1150.786,35.59395,-0.4960017,-0.6056578,-0.6222227,1,0.25,0.25,-0.1924064,-47.58741,-35.46039,-96.24653,2331.575,1636.292,59.8226,-0.004049943,-0.8098143,-0.5866723,1,0,0,-1.541543,-23.11054,-41.24462,-35.87886,1134.537,1978.365,47.37356,-0.03328433,-0.5091169,-0.8600536,1,0,0.25,-11.31347,29.20057,25.93968,518.7345,-1429.817,-1307.56,39.32764,-0.2853638,0.7014695,0.6530759,1,0.75,0.75,0.1400076,51.33,49.8615,-32.0004,-2541.501,-2493.076,70.21052,0.001246079,0.7080603,0.7061508,0,1,1,0.1400038,51.33,24.86149,-19.5002,-2541.501,-1243.075,55.43176,0.001575261,0.8951499,0.4457626,0,0.75,1,-20.49212,5.628198,1.589238,940.355,-248.7228,-100.6676,20.56822,-0.9751187,0.2072079,0.07879304,1,0.5,0.5,-15.26075,4.196735,-24.12889,738.7392,-211.2925,1203.439,28.16842,-0.5341295,0.102344,-0.8391849,1,0.25,0.5,-3.986116,1.25706,-46.24413,88.79154,-63.88145,2259.285,45.84957,-0.08712082,-0.0001215972,-0.9961978,1,0,0.5,-7.728092,27.272,0.2138806,331.4464,-1335.201,-12.03203,26.64946,-0.2865614,0.9580045,0.01048535,1,0.5,0.75,0.14,51.33,-0.1385164,-7.000003,-2541.501,6.925822,49.56743,0.001759693,0.9999976,-0.001352685,0,0.5,1,-9.86408,28.41722,-24.67077,493.2848,-1402.302,1225.83,37.45858,-0.2612315,0.7153725,-0.6480743,1,0.25,0.75,-5.369351,26.95066,-49.46428,233.769,-1323.264,2464.691,55.43727,-0.09691655,0.459228,-0.8830158,1,0,0.75,0.1399962,51.33,-25.13853,5.500196,-2541.501,1256.927,55.49227,0.001573422,0.8941825,-0.4476999,0,0.25,1,0.1399924,51.33,-50.13853,18.00039,-2541.501,2506.928,70.30623,0.00124418,0.7071031,-0.7071093,0,0,1
41,-42.53582,-32.79645,33.50808,2088.353,1723.914,-1598.952,63.34789,-0.6648535,-0.5344701,0.5218347,1,0.75,0,-28.46918,-9.609654,56.06446,1180.608,663.4027,-2673.724,63.11744,-0.4461491,-0.1719339,0.8782879,1,1,0.25,-33.12988,-34.45012,56.61514,1346.164,1915.399,-2589.872,74.03703,-0.4433174,-0.4800093,0.7570078,1,1,0,-37.30008,-8.041101,33.31622,1813.802,479.3293,-1661.025,50.19511,-0.7340701,-0.1848195,0.6534393,1,0.75,0.25,-41.28415,-35.19919,7.903823,2047.177,1802.182,-321.2,55.09698,-0.7410083,-0.6570057,0.1387447,1,0.5,0,-24.05669,15.54341,56.13313,1094.17,-604.0269,-2834.221,62.00022,-0.3835247,0.2274403,0.8950864,1,1,0.5,-34.02815,-11.33093,6.767533,1715.763,610.2484,-284.5964,36.31805,-0.9218802,-0.3438334,0.1786488,1,0.5,0.25,-47.61669,-33.99786,-16.25527,2329.165,1747.619,894.8693,60.96157,-0.7733347,-0.5747689,-0.2675706,1,0.25,0,-27.76457,14.78501,30.023,1344.87,-658.8671,-1541.941,42.36226,-0.6457487,0.3139515,0.6960194,1,0.75,0.5,-1.592756,26.39689,50.1749,44.33858,-1306.78,-2499.156,55.43915,-0.02692992,0.4481396,0.8935578,1,1,0.75,-34.60761,-13.28333,-18.15381,1765.025,669.2245,963.0612,41.23389,-0.8271766,-0.3501154,-0.4395431,1,0.25,0.25,-47.83481,-36.08324,-41.81781,2338.308,1820.859,2170.644,73.28484,-0.6471314,-0.5070361,-0.5693288,1,0,0,-31.01882,-17.64537,-43.22165,1530.424,880.4053,2214.385,56.08087,-0.5466953,-0.3353379,-0.7672501,1,0,0.25,-7.062125,27.41448,25.79927,326.9631,-1353.761,-1282.393,36.71534,-0.1874444,0.7009512,0.6881366,1,0.75,0.75,0.1400076,51.33,49.8615,-32.0004,-2541.501,-2493.076,69.98029,0.003211203,0.7094417,0.7047569,0,1,1,0.1400038,51.33,24.86149,-19.5002,-2541.501,-1243.075,55.25749,0.004059055,0.8967702,0.4424779,0,0.75,1,-28.93571,12.02233,4.274686,1322.18,-498.1409,-212.9074,30.53761,-0.9294979,0.3445493,0.1316033,1,0.5,0.5,-25.26897,9.478086,-22.00617,1227.898,-433.7003,1112.713,34.04354,-0.729012,0.2359267,-0.6425574,1,0.25,0.5,-21.83854,5.381436,-46.43119,1100.271,-274.338,2345.756,51.10547,-0.4215099,0.07853999,-0.9034163,1,0,0.5,-11.91752,29.79208,0.9642554,573.2724,-1469.791,-44.17461,30.33441,-0.3837012,0.9231159,0.02510899,1,0.5,0.75,0.14,51.33,-0.1385164,-7.000003,-2541.501,6.925822,49.50325,0.004526084,0.9999682,-0.006570587,0,0.5,1,-13.17836,30.19767,-24.00242,680.9682,-1501.621,1201.396,39.37624,-0.3283169,0.7239732,-0.6066885,1,0.25,0.75,-12.52143,29.79366,-49.21012,659.0912,-1480.48,2464.438,57.85479,-0.2130949,0.4877975,-0.8465484,1,0,0.75,0.1399962,51.33,-25.13853,5.500196,-2541.501,1256.927,55.55134,0.004037639,0.8920689,-0.4518814,0,0.25,1,0.1399924,51.33,-50.13853,18.00039,-2541.501,2506.928,70.44492,0.003189957,0.7047955,-0.7094034,0,0,1
