# Blender 4.4.3
# www.blender.org
mtllib T-Shirt.mtl
o T-Shirt
v 4.434233 4.634262 0.752456
v 4.430741 4.702660 0.745510
v 4.383670 4.699215 0.715147
v 4.389078 4.630928 0.717935
v 4.340904 4.696997 0.679102
v 4.342728 4.628684 0.684099
v 4.323450 4.695039 0.627898
v 4.320004 4.625989 0.636386
v 4.427044 4.772778 0.739031
v 4.377674 4.769142 0.713720
v 4.339398 4.766614 0.674214
v 4.326925 4.764232 0.620273
v 4.421891 4.843776 0.734305
v 4.371497 4.839849 0.712212
v 4.336706 4.836654 0.668415
v 4.321393 4.833378 0.613326
v 4.415623 4.915256 0.731584
v 4.365554 4.910952 0.709043
v 4.332600 4.906723 0.661779
v 4.315014 4.902652 0.606110
v 4.408650 4.987203 0.730325
v 4.359962 4.982200 0.703787
v 4.328593 4.976532 0.653489
v 4.313354 4.971249 0.595540
v 4.400944 5.059341 0.728567
v 4.355433 5.052305 0.699456
v 4.327549 5.043640 0.649638
v 4.310902 5.037335 0.586480
v 4.674937 5.037055 0.595156
v 4.655500 5.040370 0.654017
v 4.655733 4.976295 0.652836
v 4.676719 4.973225 0.599627
v 4.655741 4.904991 0.652329
v 4.677159 4.902840 0.600937
v 4.655509 4.834090 0.654293
v 4.674557 4.832237 0.604299
v 4.656230 4.763755 0.657239
v 4.671560 4.762517 0.607308
v 4.655752 4.693898 0.659143
v 4.667150 4.693079 0.607695
v 4.655242 4.625422 0.660757
v 4.662277 4.624083 0.608547
v 4.628330 5.049079 0.697139
v 4.624402 4.979681 0.696851
v 4.624983 4.908089 0.699642
v 4.625710 4.836745 0.702133
v 4.624734 4.765728 0.703115
v 4.621796 4.695470 0.702224
v 4.618460 4.626982 0.701169
v 4.589614 5.057550 0.728454
v 4.585937 4.984745 0.729814
v 4.583214 4.912189 0.729140
v 4.580132 4.840327 0.727269
v 4.576314 4.769044 0.725354
v 4.571973 4.698642 0.724081
v 4.567655 4.629990 0.723627
v 4.285038 5.148990 0.649714
v 4.316775 5.173072 0.665267
v 4.303422 5.230019 0.645705
v 4.264754 5.203763 0.640015
v 4.294674 5.261237 0.598763
v 4.253171 5.229837 0.596733
v 4.349187 5.186893 0.683760
v 4.342402 5.245554 0.650440
v 4.337368 5.279702 0.597203
v 4.387397 5.196996 0.697860
v 4.382933 5.253985 0.659745
v 4.384954 5.297442 0.597243
v 4.601085 5.294664 0.600799
v 4.602671 5.251612 0.660587
v 4.643003 5.239914 0.653164
v 4.649451 5.275727 0.600764
v 4.680181 5.220922 0.648280
v 4.691439 5.256489 0.602351
v 4.717170 5.194803 0.640626
v 4.731348 5.224656 0.599310
v 4.598951 5.194891 0.697697
v 4.635930 5.179693 0.685637
v 4.665202 5.160705 0.667409
v 4.695260 5.137440 0.651111
v 4.393320 5.129979 0.721561
v 4.354401 5.119081 0.699712
v 4.327424 5.106225 0.665221
v 4.304734 5.086048 0.633859
v 4.594352 5.128316 0.720745
v 4.630536 5.113853 0.699713
v 4.655248 5.097672 0.668604
v 4.676364 5.078073 0.639426
v 4.449221 5.063465 0.739840
v 4.455075 4.990829 0.745596
v 4.458838 4.918663 0.752496
v 4.461263 4.847117 0.760343
v 4.463132 4.776108 0.768748
v 4.464651 4.705986 0.777424
v 4.466617 4.637572 0.785228
v 4.496520 5.064920 0.744906
v 4.498471 4.991997 0.752944
v 4.499557 4.919395 0.759529
v 4.500108 4.847519 0.765902
v 4.500667 4.776258 0.772513
v 4.501301 4.705904 0.779376
v 4.501292 4.637264 0.785539
v 4.543394 5.062557 0.738228
v 4.540939 4.989150 0.739435
v 4.538208 4.916365 0.739983
v 4.535421 4.844331 0.741471
v 4.532893 4.772916 0.744170
v 4.530846 4.702416 0.748035
v 4.528921 4.633692 0.752390
v 4.549212 5.198406 0.709250
v 4.553850 5.240722 0.684142
v 4.555740 5.270717 0.661169
v 4.492879 5.197430 0.712340
v 4.491703 5.232510 0.694236
v 4.490689 5.257014 0.678476
v 4.436799 5.198268 0.709769
v 4.430390 5.240860 0.684160
v 4.426908 5.271532 0.660106
v 4.678734 5.037333 0.547220
v 4.678125 4.969707 0.554724
v 4.670905 4.899822 0.557584
v 4.660922 4.830208 0.561422
v 4.652504 4.761045 0.564145
v 4.648689 4.691612 0.561949
v 4.640738 4.623260 0.562574
v 4.653566 5.040523 0.518663
v 4.646112 4.970665 0.525102
v 4.635509 4.901105 0.527798
v 4.628327 4.831180 0.526279
v 4.624184 4.761201 0.523077
v 4.617820 4.691542 0.521765
v 4.607493 4.623579 0.523559
v 4.611254 5.044153 0.498467
v 4.605310 4.972859 0.497476
v 4.599416 4.902564 0.494268
v 4.593817 4.832211 0.491203
v 4.587437 4.762006 0.489551
v 4.579405 4.692389 0.489355
v 4.570271 4.624369 0.490022
v 4.399144 4.621500 0.518698
v 4.395226 4.689033 0.510904
v 4.353073 4.688149 0.537387
v 4.358139 4.620622 0.547824
v 4.326917 4.690434 0.578003
v 4.328374 4.622261 0.587922
v 4.392256 4.758267 0.504473
v 4.349346 4.757309 0.527994
v 4.327757 4.759635 0.569228
v 4.390144 4.828195 0.499105
v 4.345928 4.827218 0.520738
v 4.322446 4.829051 0.562032
v 4.388647 4.898423 0.494665
v 4.343421 4.897505 0.515770
v 4.316373 4.898808 0.555601
v 4.387541 4.968935 0.491443
v 4.341519 4.967975 0.512476
v 4.312510 4.968528 0.548766
v 4.386667 5.040822 0.489740
v 4.341576 5.038884 0.508868
v 4.312658 5.036905 0.540251
v 4.378058 5.264755 0.527856
v 4.336776 5.255569 0.537485
v 4.297897 5.238823 0.542362
v 4.260547 5.208152 0.543208
v 4.382217 5.195628 0.497216
v 4.344148 5.189008 0.507191
v 4.311140 5.176008 0.519323
v 4.280371 5.151829 0.528835
v 4.385524 5.117537 0.489346
v 4.346578 5.112221 0.502550
v 4.317014 5.104301 0.523476
v 4.297672 5.089693 0.547939
v 4.678070 5.103413 0.525448
v 4.690945 5.086761 0.549330
v 4.683092 5.174459 0.519069
v 4.709578 5.148144 0.529337
v 4.692350 5.235155 0.544951
v 4.727941 5.203998 0.546232
v 4.650784 5.113435 0.509459
v 4.651531 5.188592 0.511505
v 4.654499 5.251316 0.541511
v 4.613272 5.119768 0.495539
v 4.614390 5.195282 0.501551
v 4.613740 5.259093 0.532592
v 4.443092 5.041373 0.485559
v 4.443230 4.970999 0.486810
v 4.442657 4.900683 0.488607
v 4.442290 4.830594 0.490534
v 4.442078 4.760713 0.492421
v 4.442001 4.691376 0.494326
v 4.442291 4.623565 0.497017
v 4.502737 5.042169 0.482449
v 4.500619 4.972610 0.481157
v 4.497573 4.902481 0.480160
v 4.494523 4.832529 0.479284
v 4.491500 4.762745 0.478508
v 4.488454 4.693460 0.477825
v 4.485531 4.625637 0.477711
v 4.560709 5.043619 0.480456
v 4.556497 4.973353 0.478173
v 4.551730 4.902985 0.476027
v 4.546624 4.832806 0.474248
v 4.541074 4.762826 0.472786
v 4.535301 4.693379 0.471607
v 4.529392 4.625428 0.471104
v 4.439467 5.111264 0.484963
v 4.435083 5.181754 0.488899
v 4.430321 5.250607 0.507778
v 4.426679 5.297193 0.536070
v 4.501326 5.108879 0.484248
v 4.499175 5.175387 0.488385
v 4.497218 5.241536 0.502553
v 4.495572 5.291410 0.524130
v 4.562292 5.112882 0.482670
v 4.562964 5.183182 0.489861
v 4.563657 5.253062 0.512227
v 4.563350 5.297077 0.543395
v 4.273147 5.049654 0.633799
v 4.284373 5.026428 0.593304
v 4.234730 5.012380 0.638472
v 4.249629 4.996611 0.595775
v 4.192723 4.979819 0.637013
v 4.207627 4.969849 0.592498
v 4.248399 5.099792 0.651671
v 4.208392 5.048774 0.657258
v 4.166800 5.001158 0.658702
v 4.223918 5.146472 0.635931
v 4.182688 5.082524 0.633583
v 4.139146 5.021799 0.632641
v 4.209163 5.168355 0.590039
v 4.166493 5.099053 0.589255
v 4.123944 5.031487 0.591523
v 4.221396 5.147104 0.542038
v 4.180483 5.081983 0.545617
v 4.140266 5.018748 0.552258
v 4.246636 5.101046 0.527584
v 4.209902 5.046720 0.527133
v 4.172575 4.994800 0.530752
v 4.269006 5.055056 0.554186
v 4.236712 5.013126 0.550629
v 4.200118 4.974432 0.547894
v 4.715193 5.050046 0.552747
v 4.696760 5.025579 0.596009
v 4.749031 5.008002 0.551133
v 4.732491 4.992942 0.594792
v 4.785869 4.968540 0.551847
v 4.773325 4.962275 0.593389
v 4.742476 5.096592 0.529895
v 4.780286 5.042974 0.532860
v 4.818656 4.991880 0.538495
v 4.767374 5.143249 0.546327
v 4.809435 5.079027 0.551130
v 4.851398 5.017099 0.558627
v 4.774549 5.163262 0.594351
v 4.817699 5.094345 0.595243
v 4.861892 5.027777 0.599318
v 4.758538 5.141334 0.639737
v 4.799562 5.077894 0.639530
v 4.842432 5.016501 0.639480
v 4.733939 5.094265 0.652127
v 4.773806 5.044248 0.658330
v 4.814583 4.996025 0.661517
v 4.709072 5.045607 0.635357
v 4.747726 5.008195 0.637159
v 4.788368 4.973750 0.637034
v 4.494952 5.317140 0.539471
v 4.553813 5.317966 0.557805
v 4.559247 5.310921 0.553496
v 4.495240 5.308707 0.533443
v 4.572948 5.308990 0.602916
v 4.581549 5.304795 0.603664
v 4.545650 5.283986 0.647819
v 4.550794 5.280185 0.653061
v 4.490776 5.271477 0.665439
v 4.490477 5.266714 0.670965
v 4.437210 5.284930 0.646806
v 4.431620 5.281188 0.651730
v 4.412638 5.311104 0.600055
v 4.403996 5.306961 0.599954
v 4.435017 5.319383 0.552595
v 4.430101 5.312418 0.547225
v 4.442426 5.134902 0.731279
v 4.494503 5.136076 0.732515
v 4.546309 5.134756 0.730700
v 4.433353 4.651266 0.750712
v 4.432475 4.668309 0.748972
v 4.431604 4.685428 0.747237
v 4.420145 4.701716 0.737447
v 4.408466 4.700819 0.729898
v 4.396156 4.699982 0.722565
v 4.385068 4.682015 0.715730
v 4.386427 4.664926 0.716411
v 4.387759 4.647909 0.717157
v 4.424258 4.633327 0.743301
v 4.413215 4.632451 0.734502
v 4.401392 4.631647 0.726050
v 4.371460 4.698533 0.707353
v 4.359968 4.697936 0.698919
v 4.349636 4.697423 0.689587
v 4.341312 4.679813 0.680323
v 4.341763 4.662721 0.681568
v 4.342238 4.645687 0.682830
v 4.376591 4.630301 0.710077
v 4.364382 4.629740 0.702109
v 4.352934 4.629211 0.693595
v 4.334098 4.696640 0.667321
v 4.329086 4.696264 0.654569
v 4.325619 4.695765 0.641281
v 4.429884 4.720034 0.743800
v 4.429004 4.737531 0.742130
v 4.428069 4.755122 0.740530
v 4.415586 4.771808 0.732455
v 4.403102 4.770865 0.726482
v 4.390247 4.769969 0.720456
v 4.382222 4.716551 0.714683
v 4.380733 4.734003 0.714314
v 4.379212 4.751543 0.714005
v 4.365976 4.768395 0.705738
v 4.355504 4.767730 0.696452
v 4.346548 4.767138 0.685923
v 4.340542 4.714291 0.677906
v 4.340195 4.731677 0.676712
v 4.339828 4.749127 0.675491
v 4.334223 4.766140 0.661439
v 4.330709 4.765642 0.647932
v 4.328421 4.765034 0.634081
v 4.324688 4.712329 0.625908
v 4.325871 4.729630 0.623981
v 4.326712 4.746933 0.622106
v 4.425904 4.790477 0.737657
v 4.424655 4.808211 0.736411
v 4.423312 4.825978 0.735294
v 4.409682 4.842770 0.729024
v 4.396699 4.841764 0.724167
v 4.383714 4.840783 0.718855
v 4.376127 4.786776 0.713425
v 4.374578 4.804438 0.713094
v 4.373034 4.822130 0.712698
v 4.360682 4.838979 0.703573
v 4.351331 4.838166 0.693126
v 4.343365 4.837396 0.681273
v 4.338877 4.784117 0.672857
v 4.338255 4.801625 0.671429
v 4.337532 4.819138 0.669943
v 4.331274 4.835921 0.654928
v 4.326975 4.835160 0.641085
v 4.323713 4.834327 0.627135
v 4.326311 4.781522 0.618475
v 4.325023 4.798806 0.616714
v 4.323303 4.816090 0.614996
v 4.420403 4.861604 0.733442
v 4.418857 4.879461 0.732703
v 4.417262 4.897345 0.732084
v 4.403011 4.914213 0.726893
v 4.389995 4.913136 0.722080
v 4.377276 4.912045 0.716384
v 4.369977 4.857594 0.711613
v 4.368476 4.875364 0.710890
v 4.367000 4.893151 0.710036
v 4.355372 4.909870 0.699513
v 4.346646 4.908803 0.688106
v 4.339136 4.907753 0.675352
v 4.335781 4.854170 0.666852
v 4.334774 4.871686 0.665240
v 4.333706 4.889204 0.663556
v 4.326855 4.905712 0.647857
v 4.321943 4.904705 0.633821
v 4.317963 4.903689 0.619847
v 4.319507 4.850675 0.611692
v 4.317759 4.867985 0.610011
v 4.316231 4.885309 0.608183
v 4.413946 4.933194 0.731192
v 4.412230 4.951162 0.730878
v 4.410465 4.969163 0.730601
v 4.396029 4.986053 0.725410
v 4.383360 4.984828 0.719582
v 4.371165 4.983540 0.712491
v 4.364140 4.928761 0.707909
v 4.362746 4.946576 0.706644
v 4.361358 4.964390 0.705265
v 4.350163 4.980821 0.693237
v 4.341751 4.979412 0.681092
v 4.334602 4.977979 0.667719
v 4.331483 4.924241 0.659890
v 4.330405 4.941732 0.657882
v 4.329423 4.959173 0.655750
v 4.323597 4.975086 0.638773
v 4.319483 4.973688 0.623954
v 4.316113 4.972391 0.609415
v 4.314167 4.920000 0.603724
v 4.313651 4.937277 0.601098
v 4.313401 4.954390 0.598335
v 4.406782 5.005275 0.730012
v 4.404868 5.023349 0.729633
v 4.402919 5.041385 0.729161
v 4.388741 5.057807 0.723374
v 4.376832 5.056087 0.716822
v 4.365602 5.054235 0.708865
v 4.358565 4.999986 0.702261
v 4.357265 5.017664 0.700879
v 4.356181 5.035137 0.699868
v 4.346623 5.050328 0.688601
v 4.339126 5.048265 0.676506
v 4.332812 5.046056 0.663432
v 4.327965 4.993769 0.651199
v 4.327567 5.010777 0.649387
v 4.327421 5.027441 0.648663
v 4.655742 5.025294 0.652433
v 4.655809 5.009567 0.652089
v 4.655780 4.993223 0.652414
v 4.662136 4.975605 0.639971
v 4.667818 4.974895 0.626531
v 4.672704 4.974117 0.612941
v 4.655729 4.958842 0.652911
v 4.655751 4.941019 0.652715
v 4.655767 4.923008 0.652453
v 4.662447 4.904484 0.639385
v 4.668550 4.904017 0.626394
v 4.673601 4.903501 0.613522
v 4.677275 4.956161 0.600088
v 4.677508 4.938600 0.600351
v 4.677457 4.920753 0.600580
v 4.655657 4.887109 0.652500
v 4.655552 4.869359 0.652936
v 4.655485 4.851700 0.653559
v 4.661945 4.833622 0.641375
v 4.667742 4.833194 0.628691
v 4.672185 4.832750 0.616310
v 4.676659 4.885033 0.601546
v 4.676015 4.867347 0.602365
v 4.675293 4.849757 0.603310
v 4.655659 4.816493 0.655067
v 4.655880 4.798903 0.655839
v 4.656096 4.781323 0.656574
v 4.662313 4.763441 0.644348
v 4.667371 4.763154 0.631620
v 4.670692 4.762857 0.619218
v 4.673853 4.814764 0.605251
v 4.673151 4.797328 0.606107
v 4.672403 4.779916 0.606811
v 4.656226 4.746202 0.657808
v 4.656113 4.728688 0.658298
v 4.655939 4.711244 0.658734
v 4.661118 4.693706 0.646301
v 4.665012 4.693536 0.633277
v 4.667126 4.693343 0.620324
v 4.670588 4.745129 0.607567
v 4.669506 4.727754 0.607655
v 4.668349 4.710401 0.607667
v 4.655592 4.676668 0.659547
v 4.655460 4.659533 0.659951
v 4.655347 4.642462 0.660354
v 4.297805 5.078133 0.631301
v 4.290151 5.069149 0.630975
v 4.281892 5.059516 0.632076
v 4.649833 5.042510 0.665747
v 4.643420 5.044666 0.676775
v 4.636254 5.046852 0.687205
v 4.627349 5.032216 0.696497
v 4.626212 5.014963 0.696295
v 4.625151 4.997418 0.696444
v 4.648685 4.977010 0.664807
v 4.641063 4.977787 0.675992
v 4.632944 4.978666 0.686602
v 4.624132 4.961839 0.697432
v 4.624246 4.943935 0.698126
v 4.624583 4.926008 0.698881
v 4.648770 4.905611 0.665048
v 4.641448 4.906347 0.677324
v 4.633583 4.907177 0.688931
v 4.625310 4.890207 0.700363
v 4.625540 4.872360 0.701025
v 4.625673 4.854542 0.701619
v 4.648963 4.834638 0.667302
v 4.642086 4.835268 0.679958
v 4.634471 4.835974 0.691742
v 4.625649 4.818962 0.702557
v 4.625478 4.801196 0.702873
v 4.625178 4.783451 0.703065
v 4.649663 4.764128 0.670064
v 4.642450 4.764575 0.682346
v 4.634254 4.765105 0.693543
v 4.624139 4.748041 0.703016
v 4.623425 4.730412 0.702804
v 4.622629 4.712878 0.702525
v 4.649164 4.694150 0.671527
v 4.641352 4.694488 0.683090
v 4.632251 4.694921 0.693451
v 4.620960 4.678209 0.701939
v 4.620126 4.661067 0.701672
v 4.619293 4.644005 0.701418
v 4.648487 4.625745 0.672655
v 4.639956 4.626087 0.683490
v 4.629871 4.626486 0.693061
v 4.619652 5.051346 0.706595
v 4.610270 5.053576 0.715244
v 4.600237 5.055675 0.722669
v 4.588570 5.039455 0.729100
v 4.587610 5.021255 0.729512
v 4.586732 5.003000 0.729735
v 4.615487 4.980854 0.706815
v 4.606153 4.982134 0.716030
v 4.596325 4.983454 0.723896
v 4.585212 4.966533 0.729787
v 4.584538 4.948372 0.729665
v 4.583881 4.930258 0.729448
v 4.615516 4.909060 0.709231
v 4.605289 4.910079 0.717485
v 4.594466 4.911126 0.724192
v 4.582510 4.894164 0.728746
v 4.581763 4.876180 0.728286
v 4.580971 4.858234 0.727786
v 4.615538 4.837572 0.710736
v 4.604255 4.838449 0.717647
v 4.592306 4.839371 0.723084
v 4.579245 4.822453 0.726757
v 4.578312 4.804616 0.726262
v 4.577334 4.786813 0.725792
v 4.613708 4.766453 0.710693
v 4.601586 4.767260 0.716598
v 4.588934 4.768131 0.721321
v 4.575257 4.751317 0.724958
v 4.574172 4.733654 0.724610
v 4.573073 4.716084 0.724316
v 4.610032 4.696140 0.709189
v 4.597425 4.696911 0.714765
v 4.584546 4.697755 0.719535
v 4.570883 4.681343 0.723910
v 4.569802 4.664161 0.723788
v 4.568727 4.647056 0.723699
v 4.606005 4.627603 0.707751
v 4.593011 4.628330 0.713280
v 4.580040 4.629136 0.718369
v 4.293295 5.157295 0.652183
v 4.301247 5.163744 0.655875
v 4.309029 5.168837 0.660375
v 4.313334 5.188770 0.662427
v 4.309914 5.203557 0.658421
v 4.306587 5.217338 0.652947
v 4.293839 5.225477 0.644299
v 4.284252 5.220015 0.642833
v 4.274585 5.212990 0.641381
v 4.279592 5.164259 0.649979
v 4.274346 5.178657 0.648664
v 4.269376 5.191913 0.645449
v 4.300506 5.241402 0.636484
v 4.297976 5.250875 0.625429
v 4.295980 5.257726 0.612777
v 4.242331 5.216864 0.595126
v 4.231287 5.201869 0.593273
v 4.220185 5.185489 0.591477
v 4.260584 5.213912 0.632152
v 4.257092 5.221939 0.622091
v 4.254535 5.227397 0.610171
v 4.324604 5.176877 0.670185
v 4.332582 5.180401 0.674975
v 4.340760 5.183713 0.679535
v 4.347458 5.202793 0.677102
v 4.345718 5.217917 0.669416
v 4.344016 5.232196 0.660572
v 4.313072 5.234180 0.646996
v 4.322791 5.238120 0.648191
v 4.332571 5.241892 0.649327
v 4.340915 5.257789 0.638934
v 4.339573 5.268147 0.626140
v 4.338388 5.275745 0.612186
v 4.305192 5.266344 0.598519
v 4.315856 5.271037 0.598130
v 4.326602 5.275446 0.597667
v 4.357931 5.189970 0.687590
v 4.367118 5.192802 0.691123
v 4.376893 5.195206 0.694499
v 4.386129 5.212358 0.689612
v 4.384947 5.226992 0.680541
v 4.383873 5.240875 0.670600
v 4.352286 5.249069 0.651636
v 4.362288 5.251998 0.653289
v 4.372478 5.253815 0.655845
v 4.401488 5.305849 0.599602
v 4.398336 5.304348 0.599069
v 4.393857 5.302014 0.598338
v 4.382187 5.266282 0.647865
v 4.381834 5.277630 0.634589
v 4.382210 5.287888 0.619228
v 4.613261 5.250698 0.657145
v 4.623461 5.248097 0.655101
v 4.633348 5.244329 0.653944
v 4.644643 5.252762 0.641852
v 4.646227 5.263656 0.629272
v 4.647812 5.271633 0.615539
v 4.652495 5.235291 0.652323
v 4.661846 5.230567 0.651276
v 4.671070 5.225769 0.649952
v 4.683641 5.233602 0.639348
v 4.686741 5.244299 0.628592
v 4.689376 5.252201 0.616197
v 4.660169 5.271347 0.601353
v 4.670780 5.266738 0.601890
v 4.681223 5.261816 0.602260
v 4.689211 5.215950 0.646250
v 4.698288 5.210345 0.644098
v 4.707558 5.203499 0.642124
v 4.741873 5.211671 0.597912
v 4.752674 5.196692 0.596488
v 4.763613 5.180347 0.595236
v 4.701407 5.250597 0.602074
v 4.711265 5.243684 0.601446
v 4.721186 5.235214 0.600511
v 4.601906 5.238531 0.671122
v 4.601010 5.224704 0.680811
v 4.600014 5.210152 0.689666
v 4.609352 5.192051 0.694800
v 4.618897 5.188425 0.691986
v 4.627713 5.184231 0.689013
v 4.641273 5.225946 0.663128
v 4.639484 5.211149 0.671802
v 4.637687 5.195678 0.679274
v 4.643673 5.175001 0.681681
v 4.651058 5.170237 0.677225
v 4.658196 5.165452 0.672419
v 4.676471 5.206986 0.655285
v 4.672647 5.192137 0.660597
v 4.668844 5.176626 0.664532
v 4.672205 5.155954 0.662387
v 4.679405 5.150813 0.657721
v 4.687018 5.144801 0.653825
v 4.712029 5.181952 0.645893
v 4.706583 5.167864 0.649173
v 4.700954 5.152904 0.650801
v 4.398959 5.077187 0.727779
v 4.396999 5.094911 0.726546
v 4.395106 5.112509 0.724573
v 4.382437 5.127691 0.717342
v 4.372302 5.125021 0.712326
v 4.362947 5.122107 0.706466
v 4.355083 5.069118 0.699736
v 4.354952 5.085722 0.700260
v 4.354804 5.102313 0.700446
v 4.346670 5.116045 0.692057
v 4.339670 5.112948 0.683638
v 4.333291 5.109704 0.674634
v 4.327914 5.059329 0.652649
v 4.328239 5.074767 0.656937
v 4.328187 5.090288 0.661472
v 4.321925 5.102392 0.655684
v 4.316519 5.097946 0.646733
v 4.310892 5.092595 0.639186
v 4.388733 5.180944 0.705299
v 4.390151 5.164329 0.711822
v 4.391672 5.147292 0.717289
v 4.350849 5.170321 0.689473
v 4.352345 5.153316 0.694136
v 4.353564 5.136147 0.697600
v 4.320136 5.156607 0.667150
v 4.323197 5.139716 0.667928
v 4.325710 5.122792 0.667364
v 4.290573 5.133136 0.648104
v 4.295914 5.117086 0.645048
v 4.300742 5.101253 0.640362
v 4.590739 5.075495 0.727500
v 4.591922 5.093274 0.726044
v 4.593136 5.110884 0.723866
v 4.604646 5.125288 0.716553
v 4.614082 5.121751 0.711648
v 4.622700 5.117880 0.706034
v 4.628990 5.065505 0.698216
v 4.629450 5.081643 0.699333
v 4.629902 5.097692 0.699996
v 4.637636 5.109816 0.692706
v 4.644070 5.105783 0.685110
v 4.649915 5.101741 0.677038
v 4.655068 5.054826 0.657170
v 4.654682 5.068956 0.661245
v 4.654642 5.083118 0.665353
v 4.660198 5.093515 0.660014
v 4.665106 5.089045 0.651844
v 4.670364 5.083988 0.644759
v 4.597848 5.178963 0.704899
v 4.596713 5.162473 0.711199
v 4.595547 5.145549 0.716511
v 4.634268 5.163351 0.690948
v 4.632768 5.146819 0.695134
v 4.631501 5.130264 0.698090
v 4.661862 5.144619 0.669449
v 4.658981 5.128600 0.670495
v 4.656723 5.112875 0.670297
v 4.689655 5.121845 0.650334
v 4.684425 5.106497 0.648306
v 4.679889 5.091780 0.644758
v 4.413126 5.060652 0.732497
v 4.425228 5.061756 0.735457
v 4.437258 5.062683 0.737791
v 4.450861 5.045322 0.741208
v 4.452394 5.027152 0.742612
v 4.453802 5.008979 0.744069
v 4.420814 4.988264 0.734643
v 4.432528 4.989228 0.738537
v 4.443909 4.990086 0.742142
v 4.456200 4.972722 0.747206
v 4.457191 4.954659 0.748898
v 4.458065 4.936641 0.750663
v 4.427300 4.916251 0.736728
v 4.438187 4.917169 0.742161
v 4.448595 4.917983 0.747533
v 4.459530 4.900723 0.754388
v 4.460155 4.882821 0.756332
v 4.460727 4.864953 0.758320
v 4.432766 4.844756 0.740623
v 4.442609 4.845669 0.747538
v 4.451936 4.846471 0.754346
v 4.461774 4.829315 0.762395
v 4.462259 4.811543 0.764477
v 4.462714 4.793808 0.766594
v 4.437036 4.773748 0.746619
v 4.445966 4.774667 0.754648
v 4.454459 4.775474 0.762297
v 4.463515 4.758451 0.770938
v 4.463881 4.740859 0.773136
v 4.464252 4.723361 0.775309
v 4.439977 4.703627 0.754209
v 4.448294 4.704553 0.762945
v 4.456313 4.705364 0.770942
v 4.465097 4.688752 0.779455
v 4.465582 4.671629 0.781418
v 4.466093 4.654582 0.783334
v 4.442993 4.635231 0.761858
v 4.450945 4.636161 0.770922
v 4.458637 4.636970 0.778947
v 4.461126 5.064121 0.741836
v 4.472975 5.064614 0.743564
v 4.484772 5.064896 0.744696
v 4.497049 5.046751 0.747136
v 4.497564 5.028517 0.749203
v 4.498044 5.010252 0.751130
v 4.466118 4.991440 0.748914
v 4.477044 4.991873 0.751634
v 4.487834 4.992075 0.753171
v 4.498827 4.973778 0.754668
v 4.499121 4.955605 0.756326
v 4.499360 4.937477 0.757939
v 4.469153 4.919178 0.756671
v 4.479473 4.919497 0.759576
v 4.489655 4.919580 0.760699
v 4.499722 4.901362 0.761115
v 4.499862 4.883374 0.762703
v 4.499989 4.865427 0.764298
v 4.470968 4.847569 0.764884
v 4.480881 4.847802 0.767557
v 4.490697 4.847792 0.768014
v 4.500231 4.829648 0.767519
v 4.500361 4.811815 0.769156
v 4.500505 4.794018 0.770818
v 4.472430 4.776519 0.773282
v 4.482082 4.776688 0.775572
v 4.491644 4.776605 0.775391
v 4.500847 4.758543 0.774242
v 4.501027 4.740892 0.775981
v 4.501186 4.723338 0.777702
v 4.473736 4.706360 0.781717
v 4.483228 4.706470 0.783571
v 4.492595 4.706320 0.782840
v 4.501357 4.688612 0.780983
v 4.501363 4.671433 0.782533
v 4.501335 4.654330 0.784045
v 4.475260 4.637901 0.789166
v 4.484247 4.637952 0.790581
v 4.493088 4.637736 0.789398
v 4.508227 5.064655 0.743995
v 4.519920 5.064137 0.742280
v 4.531632 5.063420 0.740209
v 4.542745 5.044209 0.738782
v 4.542139 5.025842 0.739122
v 4.541547 5.007480 0.739317
v 4.508965 4.991602 0.750629
v 4.519438 4.990947 0.746949
v 4.530046 4.990105 0.742890
v 4.540294 4.970874 0.739536
v 4.539616 4.952652 0.739647
v 4.538918 4.934484 0.739789
v 4.509110 4.918925 0.755840
v 4.518538 4.918216 0.750551
v 4.528138 4.917340 0.744864
v 4.537501 4.898293 0.740246
v 4.536799 4.880264 0.740581
v 4.536105 4.862278 0.740989
v 4.508931 4.846979 0.761132
v 4.517472 4.846221 0.754659
v 4.526159 4.845315 0.747700
v 4.534752 4.826421 0.742028
v 4.534103 4.808548 0.742662
v 4.533481 4.790714 0.743375
v 4.508868 4.775654 0.766940
v 4.516618 4.774847 0.759593
v 4.524449 4.773911 0.751619
v 4.532345 4.755160 0.745047
v 4.531827 4.737472 0.745993
v 4.531331 4.719881 0.746994
v 4.509003 4.705241 0.773233
v 4.516101 4.704389 0.765261
v 4.523186 4.703423 0.756512
v 4.530364 4.685098 0.749102
v 4.529882 4.667897 0.750188
v 4.529402 4.650774 0.751286
v 4.508539 4.636557 0.779094
v 4.515199 4.635678 0.770812
v 4.521812 4.634699 0.761606
v 4.578473 5.059135 0.732362
v 4.566954 5.060462 0.734861
v 4.555210 5.061583 0.736601
v 4.574968 4.985954 0.733456
v 4.563633 4.987082 0.735584
v 4.552201 4.988142 0.737232
v 4.571714 4.913253 0.732319
v 4.560208 4.914309 0.734522
v 4.548953 4.915349 0.736746
v 4.568135 4.841311 0.730507
v 4.556554 4.842313 0.733457
v 4.545584 4.843323 0.736863
v 4.564220 4.769985 0.729186
v 4.552861 4.770945 0.733287
v 4.542373 4.771923 0.738126
v 4.560195 4.699550 0.728930
v 4.549367 4.700479 0.734377
v 4.539560 4.701433 0.740665
v 4.556320 4.630871 0.729570
v 4.546104 4.631777 0.736324
v 4.536981 4.632715 0.743921
v 4.587613 5.196795 0.700831
v 4.575442 5.197885 0.703997
v 4.562592 5.198357 0.706902
v 4.550275 5.210755 0.703070
v 4.551465 5.221653 0.696854
v 4.552687 5.231505 0.690560
v 4.591595 5.250515 0.665713
v 4.579879 5.247887 0.671907
v 4.567354 5.244398 0.678330
v 4.554855 5.249576 0.677633
v 4.555586 5.257797 0.671363
v 4.555922 5.264978 0.665740
v 4.535447 5.198211 0.710827
v 4.521405 5.197905 0.711743
v 4.507183 5.197606 0.712184
v 4.492559 5.208314 0.707506
v 4.492265 5.217406 0.702959
v 4.491983 5.225277 0.698577
v 4.539277 5.237453 0.688655
v 4.523859 5.234867 0.691792
v 4.507900 5.233155 0.693628
v 4.491416 5.239529 0.689870
v 4.491138 5.246166 0.685641
v 4.490888 5.252100 0.681769
v 4.540993 5.265160 0.669003
v 4.524920 5.260804 0.674421
v 4.507993 5.257978 0.677539
v 4.478592 5.197464 0.712334
v 4.464419 5.197666 0.712034
v 4.450455 5.197959 0.711244
v 4.435249 5.210633 0.703533
v 4.433620 5.221579 0.697222
v 4.431979 5.231517 0.690782
v 4.475568 5.233069 0.693665
v 4.459784 5.234746 0.691854
v 4.444629 5.237391 0.688715
v 4.428936 5.249878 0.677387
v 4.427763 5.258284 0.670824
v 4.427033 5.265645 0.664915
v 4.473478 5.258132 0.677305
v 4.456812 5.261129 0.673940
v 4.441139 5.265699 0.668250
v 4.398731 5.198050 0.701280
v 4.410821 5.198490 0.704572
v 4.423549 5.198502 0.707486
v 4.393752 5.252186 0.665223
v 4.405124 5.248922 0.671667
v 4.417266 5.244910 0.678254
v 4.348147 5.283912 0.596813
v 4.359156 5.288102 0.596591
v 4.370764 5.292332 0.596642
v 4.677757 5.035520 0.578598
v 4.679564 5.035876 0.566788
v 4.680075 5.036563 0.556463
v 4.679009 5.020763 0.550582
v 4.679080 5.003950 0.552682
v 4.678826 4.986922 0.553928
v 4.676896 4.952340 0.555415
v 4.675210 4.934869 0.556098
v 4.673176 4.917345 0.556809
v 4.675834 4.900300 0.566903
v 4.678433 4.901082 0.577394
v 4.678831 4.901989 0.588819
v 4.668496 4.882344 0.558449
v 4.666000 4.864916 0.559391
v 4.663462 4.847538 0.560390
v 4.658436 4.812919 0.562445
v 4.656119 4.795648 0.563337
v 4.654099 4.778366 0.563952
v 4.663500 4.641306 0.608266
v 4.664721 4.658541 0.608012
v 4.665938 4.675796 0.607813
v 4.659176 4.761317 0.574601
v 4.665117 4.761693 0.585156
v 4.669516 4.762115 0.595997
v 4.651395 4.743671 0.563837
v 4.650569 4.726278 0.563207
v 4.649757 4.708909 0.562496
v 4.655186 4.691921 0.572797
v 4.660755 4.692313 0.583984
v 4.664907 4.692720 0.595590
v 4.647162 4.674421 0.561750
v 4.645239 4.657318 0.561856
v 4.643054 4.640275 0.562164
v 4.659019 4.623791 0.596180
v 4.654092 4.623546 0.584439
v 4.647873 4.623363 0.573259
v 4.660030 4.625087 0.648027
v 4.662806 4.624743 0.634823
v 4.663558 4.624404 0.621533
v 4.675127 5.038079 0.538882
v 4.669477 5.038822 0.531375
v 4.662162 5.039618 0.524652
v 4.652697 5.022887 0.520722
v 4.651004 5.005403 0.522445
v 4.648728 4.988014 0.523887
v 4.672630 4.969527 0.546308
v 4.664966 4.969695 0.538821
v 4.655879 4.970109 0.531881
v 4.643373 4.953310 0.526129
v 4.640630 4.935934 0.526946
v 4.637977 4.918534 0.527515
v 4.663675 4.899775 0.549537
v 4.654813 4.900069 0.542295
v 4.645148 4.900559 0.535251
v 4.633304 4.883648 0.527772
v 4.631375 4.866168 0.527475
v 4.629717 4.848676 0.526959
v 4.653543 4.830208 0.552316
v 4.645381 4.830438 0.543638
v 4.636841 4.830795 0.535067
v 4.627182 4.813688 0.525488
v 4.626185 4.796196 0.524649
v 4.625225 4.778704 0.523824
v 4.645749 4.760927 0.553657
v 4.638896 4.760939 0.543223
v 4.631768 4.761043 0.532983
v 4.622965 4.743696 0.522466
v 4.621519 4.726222 0.522024
v 4.619815 4.708822 0.521781
v 4.641671 4.691436 0.551383
v 4.634200 4.691382 0.541129
v 4.626255 4.691426 0.531239
v 4.615521 4.674408 0.521990
v 4.612980 4.657398 0.522406
v 4.610277 4.640468 0.522950
v 4.633012 4.623249 0.552319
v 4.624836 4.623311 0.542436
v 4.616299 4.623429 0.532868
v 4.644026 5.041558 0.513320
v 4.633710 5.042608 0.508369
v 4.622746 5.043521 0.503516
v 4.610053 5.025990 0.498697
v 4.608579 5.008120 0.498543
v 4.606957 4.990442 0.498103
v 4.636256 4.971273 0.518187
v 4.626289 4.971875 0.511187
v 4.616034 4.972420 0.504238
v 4.603740 4.955292 0.496747
v 4.602249 4.937721 0.495953
v 4.600815 4.920146 0.495118
v 4.626502 4.901587 0.519525
v 4.617831 4.901987 0.510802
v 4.608975 4.902309 0.502194
v 4.598032 4.884974 0.493427
v 4.596647 4.867383 0.492620
v 4.595247 4.849793 0.491870
v 4.620107 4.831509 0.517088
v 4.611897 4.831780 0.507851
v 4.603274 4.832009 0.499059
v 4.592340 4.814640 0.490637
v 4.590798 4.797081 0.490175
v 4.589170 4.779536 0.489813
v 4.615994 4.761383 0.513644
v 4.607152 4.761579 0.504822
v 4.597639 4.761786 0.496745
v 4.585584 4.744497 0.489382
v 4.583619 4.727036 0.489300
v 4.581555 4.709657 0.489294
v 4.608885 4.691706 0.512765
v 4.599479 4.691907 0.504312
v 4.589639 4.692139 0.496482
v 4.577184 4.675257 0.489472
v 4.574910 4.658234 0.489632
v 4.572599 4.641283 0.489820
v 4.598490 4.623746 0.514487
v 4.589295 4.623930 0.505771
v 4.579893 4.624136 0.497565
v 4.398117 4.638287 0.516679
v 4.397109 4.655112 0.514688
v 4.396139 4.672015 0.512753
v 4.383858 4.688606 0.516234
v 4.372902 4.688294 0.522384
v 4.362569 4.688132 0.529415
v 4.354224 4.671140 0.539943
v 4.355474 4.654240 0.542544
v 4.356791 4.637412 0.545177
v 4.388415 4.621120 0.525043
v 4.377888 4.620828 0.531975
v 4.367738 4.620652 0.539549
v 4.344614 4.688379 0.546331
v 4.337343 4.688830 0.556159
v 4.331398 4.689513 0.566756
v 4.326942 4.673304 0.580414
v 4.327258 4.656248 0.582883
v 4.327768 4.639242 0.585393
v 4.349261 4.620761 0.556838
v 4.341248 4.621079 0.566558
v 4.334239 4.621579 0.576935
v 4.319402 4.625060 0.623794
v 4.320743 4.624074 0.611450
v 4.323807 4.623116 0.599458
v 4.394384 4.706192 0.509161
v 4.393613 4.723475 0.507518
v 4.392905 4.740844 0.505960
v 4.380299 4.757809 0.508765
v 4.368951 4.757473 0.514040
v 4.358527 4.757294 0.520412
v 4.352042 4.705296 0.534893
v 4.351103 4.722557 0.532482
v 4.350217 4.739906 0.530176
v 4.341668 4.757550 0.536845
v 4.335526 4.758018 0.546807
v 4.330896 4.758714 0.557672
v 4.327219 4.707655 0.575670
v 4.327639 4.724948 0.573425
v 4.327909 4.742285 0.571275
v 4.320721 4.643241 0.634219
v 4.321496 4.660499 0.632069
v 4.322386 4.677763 0.629956
v 4.391658 4.775719 0.503046
v 4.391110 4.793191 0.501676
v 4.390606 4.810684 0.500363
v 4.377823 4.827753 0.502715
v 4.366170 4.827427 0.507445
v 4.355450 4.827241 0.513413
v 4.348461 4.774746 0.525957
v 4.347579 4.792211 0.524068
v 4.346725 4.809700 0.522328
v 4.337825 4.827374 0.529476
v 4.331200 4.827724 0.539439
v 4.326068 4.828279 0.550374
v 4.326992 4.776980 0.567290
v 4.325727 4.794323 0.565453
v 4.324147 4.811677 0.563704
v 4.334187 4.628124 0.673322
v 4.327478 4.627505 0.661517
v 4.322714 4.626802 0.649075
v 4.389721 4.845725 0.497904
v 4.389333 4.863273 0.496761
v 4.388977 4.880838 0.495680
v 4.376159 4.898021 0.498054
v 4.364370 4.897731 0.502687
v 4.353412 4.897557 0.508585
v 4.345208 4.844760 0.519298
v 4.344558 4.862326 0.517998
v 4.343967 4.879909 0.516825
v 4.334539 4.897583 0.524227
v 4.326945 4.897813 0.533807
v 4.320828 4.898212 0.544327
v 4.320782 4.846457 0.560422
v 4.319202 4.863889 0.558839
v 4.317726 4.881341 0.557245
v 4.323992 4.691576 0.589796
v 4.322531 4.692821 0.602075
v 4.322397 4.694024 0.614791
v 4.388342 4.916025 0.493719
v 4.388057 4.933645 0.492857
v 4.387791 4.951282 0.492094
v 4.374916 4.968559 0.494878
v 4.363022 4.968275 0.499601
v 4.351883 4.968081 0.505504
v 4.342908 4.915111 0.514818
v 4.342423 4.932724 0.513960
v 4.341961 4.950346 0.513183
v 4.332018 4.967957 0.520408
v 4.323736 4.968036 0.529180
v 4.317093 4.968223 0.538673
v 4.315160 4.916279 0.553886
v 4.314103 4.933737 0.552138
v 4.313215 4.951159 0.550413
v 4.326042 4.760763 0.581299
v 4.325517 4.761988 0.593838
v 4.325904 4.763186 0.606834
v 4.387305 4.986624 0.490913
v 4.387081 5.004432 0.490476
v 4.386868 5.022463 0.490097
v 4.374209 5.040427 0.492970
v 4.362573 5.039931 0.497318
v 4.351711 5.039396 0.502660
v 4.341118 4.985615 0.511808
v 4.340889 5.003293 0.511070
v 4.340989 5.021039 0.510133
v 4.332204 5.038435 0.515824
v 4.323960 5.038003 0.523433
v 4.317295 5.037517 0.531605
v 4.312013 4.985816 0.547193
v 4.311810 5.002996 0.545451
v 4.311992 5.020038 0.543237
v 4.320319 4.830033 0.574200
v 4.319548 4.831146 0.586819
v 4.319963 4.832293 0.599868
v 4.380554 5.294017 0.573328
v 4.378819 5.286933 0.555840
v 4.378063 5.277148 0.540734
v 4.367098 5.264483 0.531471
v 4.356688 5.262467 0.534058
v 4.346643 5.259299 0.535952
v 4.326943 5.251744 0.538925
v 4.317153 5.247787 0.540265
v 4.307454 5.243535 0.541435
v 4.295779 5.249325 0.554517
v 4.294546 5.256785 0.568661
v 4.294183 5.260869 0.583756
v 4.288506 5.233427 0.542990
v 4.279212 5.226872 0.543325
v 4.269923 5.218626 0.543390
v 4.253190 5.228930 0.582250
v 4.254519 5.224832 0.567736
v 4.257018 5.217813 0.554339
v 4.378669 5.249871 0.517253
v 4.379705 5.232992 0.508759
v 4.380957 5.214713 0.502153
v 4.371604 5.195853 0.499659
v 4.361897 5.194448 0.502076
v 4.352831 5.191978 0.504557
v 4.338202 5.241567 0.526663
v 4.340123 5.225408 0.518177
v 4.342214 5.207689 0.511771
v 4.335633 5.185986 0.510038
v 4.327271 5.182898 0.513056
v 4.319096 5.179615 0.516174
v 4.300846 5.225665 0.533000
v 4.304300 5.210408 0.526290
v 4.307864 5.193654 0.521856
v 4.303407 5.171885 0.522401
v 4.295792 5.166812 0.525184
v 4.288159 5.160293 0.527414
v 4.264937 5.196171 0.535249
v 4.269910 5.182403 0.530402
v 4.275157 5.167428 0.528364
v 4.383315 5.176245 0.493721
v 4.384225 5.156720 0.491417
v 4.384958 5.137126 0.490044
v 4.374542 5.117238 0.491833
v 4.364548 5.116019 0.494905
v 4.355306 5.114230 0.498498
v 4.345640 5.169891 0.504189
v 4.346584 5.150598 0.502551
v 4.346918 5.131311 0.502073
v 4.338203 5.110269 0.507018
v 4.330333 5.108357 0.511950
v 4.323195 5.106398 0.517413
v 4.313788 5.158006 0.518358
v 4.315692 5.139917 0.518804
v 4.316788 5.121948 0.520548
v 4.311882 5.101932 0.530095
v 4.307343 5.098958 0.536780
v 4.302804 5.095004 0.542929
v 4.285290 5.136107 0.531484
v 4.289835 5.120443 0.535867
v 4.293973 5.104939 0.541510
v 4.386469 5.059577 0.489393
v 4.386241 5.078675 0.489140
v 4.385941 5.098023 0.489089
v 4.342723 5.056866 0.507220
v 4.344169 5.075040 0.505416
v 4.345569 5.093471 0.503759
v 4.313824 5.053603 0.536329
v 4.315190 5.070280 0.531868
v 4.316381 5.087119 0.527405
v 4.310253 4.968964 0.559383
v 4.309976 4.969550 0.570623
v 4.311177 4.970304 0.582628
v 4.678376 5.053677 0.542385
v 4.678062 5.069981 0.536639
v 4.677917 5.086482 0.530741
v 4.681862 5.100538 0.531674
v 4.684781 5.097074 0.538327
v 4.687563 5.092618 0.544510
v 4.679640 5.047690 0.578700
v 4.683287 5.059569 0.567446
v 4.686999 5.072681 0.557797
v 4.678630 5.120920 0.521417
v 4.679638 5.138794 0.518906
v 4.681117 5.156740 0.518070
v 4.689832 5.169802 0.521834
v 4.696275 5.164160 0.524769
v 4.702748 5.157089 0.527421
v 4.695203 5.101556 0.541945
v 4.699754 5.116855 0.535911
v 4.704559 5.132452 0.531587
v 4.685523 5.191624 0.522064
v 4.688115 5.207782 0.527246
v 4.690510 5.222454 0.534810
v 4.701257 5.229609 0.545495
v 4.710043 5.222908 0.545903
v 4.718880 5.214542 0.546155
v 4.714722 5.163664 0.529488
v 4.719715 5.178516 0.532242
v 4.724229 5.192147 0.537767
v 4.732306 5.224231 0.585235
v 4.732034 5.220410 0.570962
v 4.730568 5.213548 0.557594
v 4.653475 5.058361 0.516267
v 4.652716 5.076438 0.513754
v 4.651686 5.094786 0.511393
v 4.672846 5.106049 0.520337
v 4.666338 5.108560 0.516200
v 4.658875 5.111002 0.512690
v 4.650331 5.132369 0.508224
v 4.650342 5.151379 0.507967
v 4.650764 5.170206 0.508967
v 4.675806 5.178520 0.516812
v 4.668029 5.182154 0.514951
v 4.659893 5.185472 0.513257
v 4.652552 5.206262 0.515842
v 4.653577 5.222857 0.522172
v 4.654321 5.238001 0.530669
v 4.683189 5.239987 0.544288
v 4.673790 5.244247 0.543500
v 4.664209 5.248002 0.542578
v 4.612096 5.062673 0.497815
v 4.612644 5.081501 0.496939
v 4.613001 5.100560 0.496095
v 4.642306 5.115844 0.506210
v 4.633348 5.117940 0.502842
v 4.623729 5.119368 0.499302
v 4.613540 5.139025 0.495532
v 4.613820 5.158159 0.496347
v 4.614105 5.176976 0.498262
v 4.643012 5.191531 0.509500
v 4.634150 5.193928 0.507187
v 4.624692 5.195330 0.504545
v 4.614644 5.212879 0.506471
v 4.614729 5.229536 0.513188
v 4.614483 5.245018 0.521847
v 4.644690 5.254219 0.540243
v 4.634697 5.256589 0.538529
v 4.624416 5.258266 0.536076
v 4.607073 5.290073 0.577675
v 4.610200 5.281967 0.560517
v 4.612350 5.271509 0.545519
v 4.693346 5.245403 0.557665
v 4.693486 5.252705 0.572143
v 4.692831 5.256565 0.587375
v 4.399955 5.041070 0.487677
v 4.413918 5.041209 0.486518
v 4.428361 5.041292 0.485925
v 4.443411 5.023816 0.485831
v 4.443482 5.006223 0.486124
v 4.443393 4.988612 0.486447
v 4.400851 4.969400 0.489314
v 4.414690 4.969924 0.488133
v 4.428876 4.970469 0.487448
v 4.443066 4.953398 0.487217
v 4.442916 4.935812 0.487660
v 4.442780 4.918241 0.488128
v 4.401695 4.898923 0.492428
v 4.415150 4.899493 0.490969
v 4.428856 4.900092 0.489844
v 4.442547 4.883141 0.489088
v 4.442451 4.865612 0.489570
v 4.442364 4.848095 0.490051
v 4.402893 4.828732 0.496450
v 4.415919 4.829331 0.494400
v 4.429094 4.829963 0.492560
v 4.442227 4.813104 0.491016
v 4.442172 4.795628 0.491494
v 4.442123 4.778163 0.491964
v 4.404538 4.758815 0.501015
v 4.417007 4.759423 0.498083
v 4.429555 4.760064 0.495333
v 4.442036 4.743279 0.492864
v 4.442004 4.725892 0.493313
v 4.441990 4.708580 0.493792
v 4.406814 4.689544 0.506298
v 4.418523 4.690118 0.502180
v 4.430278 4.690734 0.498280
v 4.442044 4.674301 0.494930
v 4.442112 4.657330 0.495593
v 4.442197 4.640429 0.496296
v 4.409926 4.621941 0.512868
v 4.420721 4.622435 0.507414
v 4.431514 4.622978 0.502182
v 4.457943 5.041497 0.485125
v 4.472855 5.041673 0.484508
v 4.487797 5.041897 0.483639
v 4.502501 5.025009 0.482084
v 4.502014 5.007649 0.481750
v 4.501359 4.990160 0.481443
v 4.457598 4.971480 0.485851
v 4.471953 4.971910 0.484549
v 4.486293 4.972287 0.482964
v 4.499861 4.955061 0.480890
v 4.499100 4.937524 0.480637
v 4.498337 4.919997 0.480394
v 4.456427 4.901234 0.486917
v 4.470156 4.901726 0.484836
v 4.483864 4.902145 0.482528
v 4.496808 4.884976 0.479931
v 4.496044 4.867484 0.479707
v 4.495282 4.850000 0.479491
v 4.455408 4.831192 0.488029
v 4.468459 4.831731 0.485169
v 4.481483 4.832185 0.482178
v 4.493767 4.815068 0.479086
v 4.493013 4.797616 0.478894
v 4.492259 4.780176 0.478703
v 4.454496 4.761342 0.489099
v 4.466837 4.761915 0.485512
v 4.479154 4.762394 0.481901
v 4.490736 4.745331 0.478310
v 4.489970 4.727958 0.478119
v 4.489208 4.710657 0.477952
v 4.453638 4.692015 0.490130
v 4.465223 4.692607 0.485832
v 4.476810 4.693106 0.481656
v 4.487712 4.676387 0.477748
v 4.486979 4.659414 0.477712
v 4.486253 4.642509 0.477705
v 4.453047 4.624183 0.491824
v 4.463812 4.624775 0.486742
v 4.474627 4.625283 0.481971
v 4.517626 5.042485 0.480983
v 4.532344 5.042837 0.479748
v 4.546751 5.043218 0.479365
v 4.559859 5.026132 0.479928
v 4.558830 5.008574 0.479356
v 4.557688 4.990971 0.478764
v 4.514912 4.972882 0.479272
v 4.529069 4.973099 0.477777
v 4.542972 4.973257 0.477227
v 4.555309 4.955744 0.477602
v 4.554126 4.938145 0.477054
v 4.552938 4.920558 0.476529
v 4.511285 4.902721 0.477936
v 4.524937 4.902878 0.476230
v 4.538446 4.902961 0.475456
v 4.550498 4.885422 0.475548
v 4.549237 4.867871 0.475092
v 4.547946 4.850333 0.474659
v 4.507600 4.832746 0.476728
v 4.520679 4.832849 0.474820
v 4.533705 4.832861 0.473885
v 4.545271 4.815293 0.473860
v 4.543891 4.797791 0.473489
v 4.542490 4.780303 0.473133
v 4.503911 4.762939 0.475589
v 4.516349 4.762999 0.473449
v 4.528755 4.762950 0.472408
v 4.539646 4.745368 0.472448
v 4.538208 4.727953 0.472129
v 4.536759 4.710614 0.471844
v 4.500190 4.693635 0.474580
v 4.511961 4.693654 0.472238
v 4.523690 4.693556 0.471136
v 4.533833 4.676271 0.471427
v 4.532356 4.659266 0.471294
v 4.530875 4.642330 0.471191
v 4.496541 4.625793 0.474181
v 4.507586 4.625782 0.471687
v 4.518567 4.625644 0.470552
v 4.599335 5.044392 0.493084
v 4.586969 5.044309 0.487857
v 4.574109 5.044014 0.483432
v 4.593981 4.973157 0.491087
v 4.582046 4.973325 0.485452
v 4.569538 4.973382 0.481004
v 4.588758 4.902752 0.487517
v 4.577103 4.902884 0.482140
v 4.564685 4.902958 0.478268
v 4.583218 4.832397 0.484700
v 4.571637 4.832565 0.479674
v 4.559347 4.832704 0.476174
v 4.576556 4.762232 0.483382
v 4.565107 4.762453 0.478411
v 4.553233 4.762656 0.474819
v 4.568814 4.692652 0.483042
v 4.557906 4.692913 0.477792
v 4.546721 4.693160 0.473886
v 4.560414 4.624628 0.483320
v 4.550319 4.624901 0.477734
v 4.539979 4.625173 0.473563
v 4.442467 5.058883 0.485307
v 4.441596 5.076356 0.485101
v 4.440566 5.093812 0.484975
v 4.397661 5.116703 0.487483
v 4.410827 5.115067 0.486187
v 4.424829 5.113098 0.485374
v 4.438370 5.128736 0.485133
v 4.437281 5.146275 0.485688
v 4.436189 5.163929 0.486864
v 4.393938 5.193438 0.494714
v 4.406723 5.189859 0.492336
v 4.420472 5.185697 0.490318
v 4.433952 5.199718 0.491990
v 4.432787 5.217471 0.496171
v 4.431581 5.234578 0.501435
v 4.389740 5.262908 0.523057
v 4.402270 5.259452 0.517625
v 4.415759 5.255110 0.512290
v 4.429035 5.265153 0.515072
v 4.427876 5.277936 0.522707
v 4.427028 5.288701 0.529950
v 4.393289 5.300611 0.574639
v 4.402575 5.300462 0.558796
v 4.413607 5.299129 0.545947
v 4.502669 5.059081 0.482848
v 4.502354 5.075790 0.483282
v 4.501878 5.092367 0.483749
v 4.454561 5.109943 0.484849
v 4.469980 5.109154 0.484837
v 4.485607 5.108823 0.484709
v 4.500769 5.125389 0.484807
v 4.500223 5.141947 0.485568
v 4.499691 5.158598 0.486703
v 4.450439 5.178698 0.488229
v 4.466366 5.176638 0.488110
v 4.482674 5.175545 0.488257
v 4.498675 5.192308 0.490762
v 4.498187 5.209149 0.493893
v 4.497705 5.225646 0.497811
v 4.446000 5.246607 0.504663
v 4.462571 5.243526 0.502893
v 4.479741 5.241719 0.502259
v 4.496731 5.256518 0.508055
v 4.496271 5.270148 0.513856
v 4.495873 5.281939 0.519401
v 4.441916 5.295095 0.529292
v 4.458868 5.293202 0.525311
v 4.476949 5.291859 0.523726
v 4.561335 5.061015 0.480935
v 4.561771 5.078339 0.481417
v 4.562073 5.095619 0.481973
v 4.517011 5.109269 0.483360
v 4.532509 5.110028 0.482449
v 4.547657 5.111214 0.482043
v 4.562477 5.130168 0.483602
v 4.562644 5.147574 0.484965
v 4.562803 5.165210 0.486978
v 4.515673 5.176135 0.488316
v 4.531952 5.177725 0.488301
v 4.547791 5.180095 0.488696
v 4.563134 5.201483 0.493800
v 4.563310 5.219631 0.498836
v 4.563486 5.237023 0.504976
v 4.514698 5.243159 0.503621
v 4.531836 5.246077 0.505517
v 4.548274 5.249606 0.508350
v 4.563804 5.267230 0.520454
v 4.563858 5.279350 0.528954
v 4.563734 5.289330 0.536882
v 4.514142 5.292070 0.526211
v 4.532043 5.293529 0.530020
v 4.548652 5.295344 0.535701
v 4.601840 5.118922 0.491586
v 4.589476 5.117172 0.487818
v 4.576264 5.114997 0.484693
v 4.603045 5.193515 0.498251
v 4.590657 5.190483 0.494952
v 4.577280 5.186826 0.492031
v 4.602541 5.258944 0.527938
v 4.590612 5.257847 0.522580
v 4.577727 5.255865 0.517137
v 4.594003 5.298226 0.579843
v 4.585775 5.298817 0.565281
v 4.575670 5.298319 0.553231
v 4.278034 5.039791 0.624857
v 4.281802 5.032156 0.614762
v 4.284049 5.027466 0.604062
v 4.304720 5.041131 0.587609
v 4.298451 5.038419 0.589504
v 4.291680 5.033132 0.591514
v 4.264018 5.039923 0.635459
v 4.254551 5.030433 0.636848
v 4.244778 5.021235 0.637881
v 4.240363 5.005671 0.629107
v 4.245021 5.000638 0.618681
v 4.248260 4.997534 0.607476
v 4.276513 5.019134 0.594631
v 4.268100 5.011587 0.595467
v 4.259137 5.004005 0.595840
v 4.224442 5.003895 0.638570
v 4.213971 4.995705 0.638272
v 4.203377 4.987713 0.637709
v 4.197971 4.976021 0.626946
v 4.202373 4.973103 0.616032
v 4.205675 4.971051 0.604479
v 4.239601 4.989567 0.595314
v 4.229169 4.982826 0.594546
v 4.218465 4.976286 0.593574
v 4.276375 5.138525 0.648750
v 4.267338 5.126386 0.649023
v 4.257991 5.113249 0.650131
v 4.267509 5.061080 0.641112
v 4.261365 5.073555 0.646606
v 4.254925 5.086616 0.650165
v 4.238620 5.086578 0.653289
v 4.228679 5.073694 0.654831
v 4.218597 5.061102 0.656189
v 4.228522 5.020478 0.646454
v 4.221952 5.029545 0.652585
v 4.215187 5.039128 0.656355
v 4.198085 5.036670 0.657965
v 4.187700 5.024736 0.658376
v 4.177263 5.012918 0.658588
v 4.186857 4.984467 0.645931
v 4.180509 4.989748 0.653028
v 4.173786 4.995399 0.657540
v 4.254706 5.191920 0.638794
v 4.244496 5.177948 0.637717
v 4.234206 5.162561 0.636768
v 4.291505 5.082768 0.551359
v 4.284464 5.074456 0.553340
v 4.276861 5.065104 0.554182
v 4.241972 5.112653 0.651024
v 4.235717 5.124896 0.648194
v 4.229683 5.136258 0.643167
v 4.213686 5.130288 0.635193
v 4.203457 5.114187 0.634553
v 4.193151 5.098242 0.634016
v 4.201710 5.058084 0.654966
v 4.195184 5.066890 0.649874
v 4.188837 5.075074 0.642555
v 4.172010 5.067080 0.633253
v 4.161154 5.051862 0.633004
v 4.150180 5.036793 0.632809
v 4.159671 5.006790 0.656032
v 4.152566 5.012170 0.650179
v 4.145665 5.017205 0.642072
v 4.218541 5.155241 0.626556
v 4.213966 5.162125 0.615453
v 4.210679 5.166654 0.603115
v 4.198329 5.151012 0.589189
v 4.187650 5.133630 0.588865
v 4.177061 5.116284 0.588932
v 4.176851 5.089066 0.623480
v 4.171818 5.094305 0.612555
v 4.168170 5.097785 0.601061
v 4.155895 5.081994 0.589716
v 4.145263 5.065079 0.590268
v 4.134609 5.048259 0.590880
v 4.133241 5.025820 0.622680
v 4.128403 5.028986 0.612435
v 4.125135 5.030982 0.602013
v 4.284330 5.255522 0.598788
v 4.274056 5.248734 0.598513
v 4.263716 5.240350 0.597856
v 4.209764 5.166911 0.576746
v 4.212249 5.162600 0.563872
v 4.216250 5.155853 0.552082
v 4.211232 5.130511 0.542424
v 4.200984 5.114155 0.543196
v 4.190714 5.097994 0.544285
v 4.167204 5.097797 0.577417
v 4.170051 5.094272 0.565927
v 4.174616 5.088868 0.555191
v 4.170341 5.066081 0.547126
v 4.160274 5.050259 0.548765
v 4.150257 5.034490 0.550490
v 4.125181 5.030288 0.581092
v 4.128587 5.027572 0.570924
v 4.133753 5.023628 0.561239
v 4.251008 5.195130 0.542826
v 4.241297 5.180108 0.542390
v 4.231424 5.163846 0.542070
v 4.704271 5.128397 0.649863
v 4.713883 5.117923 0.649855
v 4.723854 5.106414 0.650728
v 4.227325 5.136787 0.534326
v 4.233716 5.125363 0.529218
v 4.240257 5.113296 0.526906
v 4.237636 5.087153 0.527044
v 4.228480 5.073480 0.526780
v 4.219218 5.060008 0.526805
v 4.187254 5.073998 0.537610
v 4.194613 5.065246 0.531584
v 4.202260 5.056046 0.527953
v 4.200573 5.033594 0.527761
v 4.191242 5.020593 0.528627
v 4.181909 5.007676 0.529650
v 4.147732 5.013206 0.544249
v 4.155816 5.007229 0.537663
v 4.164203 5.001024 0.532998
v 4.272321 5.141120 0.529290
v 4.264001 5.128641 0.529012
v 4.255432 5.115060 0.528333
v 4.252615 5.089010 0.531290
v 4.258251 5.077302 0.537447
v 4.263672 5.065969 0.545323
v 4.261140 5.044633 0.553635
v 4.253216 5.034049 0.552733
v 4.245112 5.023486 0.551669
v 4.217274 5.037562 0.529388
v 4.224258 5.028787 0.534380
v 4.230765 5.020578 0.541623
v 4.227928 5.003113 0.549761
v 4.218832 4.993390 0.549051
v 4.209527 4.983862 0.548446
v 4.180623 4.988776 0.531298
v 4.188073 4.983202 0.534506
v 4.194660 4.978334 0.540123
v 4.282538 5.029475 0.582936
v 4.278971 5.035912 0.573000
v 4.274263 5.044764 0.563436
v 4.248829 4.998020 0.583877
v 4.246131 5.001490 0.572139
v 4.241953 5.006650 0.560932
v 4.208025 4.969500 0.580352
v 4.206871 4.970083 0.568515
v 4.204217 4.971694 0.557519
v 4.667112 4.830502 0.571211
v 4.671714 4.831014 0.581672
v 4.674329 4.831630 0.592727
v 4.708764 5.040771 0.562612
v 4.703120 5.033230 0.573372
v 4.698903 5.027981 0.584635
v 4.680913 4.970294 0.564363
v 4.681281 4.971178 0.575162
v 4.679719 4.972206 0.586968
v 4.723097 5.039468 0.552178
v 4.731435 5.028869 0.551691
v 4.740111 5.018348 0.551329
v 4.742584 5.001760 0.560634
v 4.737343 4.997030 0.571429
v 4.733811 4.994020 0.582991
v 4.704572 5.017869 0.595967
v 4.713290 5.009665 0.595680
v 4.722675 5.001259 0.595253
v 4.758110 4.997899 0.551130
v 4.767302 4.987999 0.551282
v 4.776567 4.978236 0.551539
v 4.780217 4.965128 0.560471
v 4.776115 4.962974 0.570645
v 4.773754 4.962035 0.581806
v 4.742531 4.984941 0.594380
v 4.752715 4.977227 0.594020
v 4.762996 4.969703 0.593696
v 4.721862 5.060554 0.544167
v 4.728647 5.071985 0.537249
v 4.735526 5.084083 0.532367
v 4.751683 5.082789 0.530127
v 4.761107 5.069284 0.530759
v 4.770668 5.056030 0.531700
v 4.756237 5.015531 0.543395
v 4.763968 5.024066 0.537654
v 4.772044 5.033313 0.534084
v 4.789897 5.030070 0.534157
v 4.799492 5.017277 0.535550
v 4.809077 5.004560 0.537007
v 4.792857 4.973186 0.545250
v 4.800873 4.978826 0.540803
v 4.809583 4.985157 0.538540
v 4.729171 5.221478 0.612226
v 4.725943 5.215087 0.623587
v 4.721873 5.206017 0.633139
v 4.749425 5.109220 0.530125
v 4.756105 5.121525 0.533020
v 4.762194 5.133027 0.538460
v 4.777781 5.126833 0.547042
v 4.788294 5.110688 0.548134
v 4.798863 5.094767 0.549523
v 4.788484 5.052741 0.534097
v 4.796311 5.062253 0.537675
v 4.803414 5.071140 0.543412
v 4.819969 5.063425 0.552883
v 4.830465 5.047925 0.554740
v 4.840937 5.032495 0.556666
v 4.827751 4.998702 0.540665
v 4.836494 5.005352 0.544881
v 4.844503 5.011573 0.550937
v 4.414446 5.278270 0.649409
v 4.403622 5.285363 0.636182
v 4.394143 5.292146 0.620208
v 4.771356 5.151737 0.556417
v 4.773972 5.158128 0.568197
v 4.775081 5.162083 0.581048
v 4.785378 5.145977 0.593982
v 4.796133 5.128668 0.594075
v 4.806884 5.111428 0.594530
v 4.814054 5.085561 0.560602
v 4.817076 5.090464 0.571416
v 4.818344 5.093478 0.583116
v 4.828631 5.077486 0.596125
v 4.839664 5.060812 0.597124
v 4.850761 5.044264 0.598201
v 4.856819 5.021684 0.567707
v 4.860523 5.025121 0.577794
v 4.862288 5.027216 0.588471
v 4.737354 5.190970 0.546142
v 4.747103 5.176003 0.546020
v 4.757129 5.159844 0.546027
v 4.695508 5.079235 0.552135
v 4.701205 5.070326 0.553257
v 4.707834 5.060456 0.553269
v 4.772318 5.161454 0.607490
v 4.768667 5.156929 0.619845
v 4.763953 5.150090 0.630800
v 4.768837 5.125636 0.639778
v 4.779035 5.109715 0.639726
v 4.789240 5.093745 0.639627
v 4.815089 5.092911 0.607352
v 4.810880 5.089443 0.619034
v 4.805546 5.084312 0.629893
v 4.810082 5.062292 0.639474
v 4.820771 5.046907 0.639455
v 4.831574 5.031669 0.639461
v 4.859243 5.026697 0.609972
v 4.854755 5.024230 0.620281
v 4.848971 5.020718 0.630149
v 4.727216 5.183834 0.639815
v 4.737576 5.170920 0.639549
v 4.748075 5.156581 0.639600
v 4.752731 5.131047 0.646182
v 4.746649 5.119561 0.650234
v 4.740363 5.107193 0.652135
v 4.743946 5.081830 0.653733
v 4.753885 5.069270 0.655385
v 4.763818 5.056704 0.656958
v 4.793325 5.070518 0.647555
v 4.786937 5.062362 0.653603
v 4.780422 5.053560 0.657314
v 4.783898 5.031992 0.659411
v 4.794077 5.019907 0.660248
v 4.804315 5.007937 0.660923
v 4.835604 5.011872 0.648052
v 4.828637 5.006902 0.655146
v 4.821606 5.001613 0.659916
v 4.683397 5.071112 0.636299
v 4.691341 5.063237 0.634983
v 4.699974 5.054664 0.634871
v 4.727460 5.081130 0.650412
v 4.721059 5.068285 0.647039
v 4.714881 5.056267 0.642018
v 4.718445 5.036273 0.635928
v 4.728031 5.026824 0.636446
v 4.737802 5.017414 0.636871
v 4.767129 5.034618 0.656430
v 4.760484 5.025086 0.651951
v 4.753980 5.016121 0.645368
v 4.757776 4.999281 0.637284
v 4.767921 4.990627 0.637275
v 4.778129 4.982146 0.637177
v 4.807647 4.990201 0.659382
v 4.800897 4.984367 0.654047
v 4.794436 4.978795 0.646326
v 4.697137 5.026424 0.607111
v 4.699683 5.030295 0.617594
v 4.703845 5.036816 0.627122
v 4.733702 4.993939 0.606356
v 4.737037 4.996921 0.617415
v 4.741908 5.001725 0.627755
v 4.774920 4.963648 0.604898
v 4.778228 4.966074 0.616111
v 4.782847 4.969471 0.626874
v 4.511536 5.317217 0.541249
v 4.527353 5.317597 0.544832
v 4.541684 5.317955 0.550318
v 4.555196 5.316241 0.556714
v 4.556569 5.314500 0.555629
v 4.557923 5.312732 0.554554
v 4.545859 5.310312 0.545284
v 4.530242 5.309514 0.539315
v 4.513126 5.308866 0.535423
v 4.495042 5.315113 0.537942
v 4.495125 5.313054 0.536422
v 4.495193 5.310928 0.534919
v 4.495391 5.298270 0.527637
v 4.495302 5.302993 0.530124
v 4.495266 5.306249 0.531942
v 4.563132 5.317320 0.567284
v 4.569468 5.315764 0.578322
v 4.572762 5.313066 0.590380
v 4.575013 5.307925 0.603232
v 4.577112 5.306865 0.603497
v 4.579279 5.305819 0.603658
v 4.569766 5.311004 0.563984
v 4.577126 5.310230 0.576257
v 4.581121 5.308270 0.589692
v 4.570033 5.303457 0.615405
v 4.564287 5.296990 0.627364
v 4.556047 5.290274 0.638325
v 4.546848 5.283079 0.649190
v 4.548081 5.282154 0.650536
v 4.549385 5.281195 0.651835
v 4.578321 5.299646 0.617562
v 4.571801 5.293359 0.630806
v 4.562466 5.286636 0.642828
v 4.533456 5.278724 0.655434
v 4.519925 5.274760 0.660991
v 4.505537 5.272281 0.664366
v 4.490682 5.270366 0.666829
v 4.490596 5.269223 0.668215
v 4.490525 5.268016 0.669595
v 4.537267 5.274640 0.661033
v 4.522375 5.270356 0.666664
v 4.506614 5.267619 0.669969
v 4.490555 5.260692 0.675909
v 4.490482 5.263331 0.673936
v 4.490459 5.265238 0.672356
v 4.476116 5.272475 0.664126
v 4.462008 5.275164 0.660504
v 4.448890 5.279373 0.654692
v 4.435881 5.284044 0.648076
v 4.434525 5.283138 0.649330
v 4.433113 5.282193 0.650553
v 4.474453 5.267833 0.669662
v 4.459002 5.270799 0.666039
v 4.444573 5.275341 0.660071
v 4.427484 5.275661 0.656700
v 4.428607 5.278344 0.654436
v 4.430059 5.280034 0.652913
v 4.427391 5.291568 0.637013
v 4.419794 5.298638 0.625680
v 4.414762 5.305398 0.613222
v 4.410566 5.310072 0.600140
v 4.408460 5.309040 0.600181
v 4.406281 5.308003 0.600134
v 4.420602 5.287991 0.641081
v 4.411999 5.295063 0.628554
v 4.406301 5.301641 0.614671
v 4.560522 5.308962 0.552364
v 4.561681 5.306380 0.550683
v 4.562649 5.302607 0.547884
v 4.413687 5.315181 0.586656
v 4.417855 5.317736 0.573753
v 4.425009 5.319045 0.562136
v 4.433807 5.317730 0.551302
v 4.432590 5.316042 0.549989
v 4.431357 5.314283 0.548636
v 4.405439 5.310446 0.584987
v 4.410468 5.312273 0.570609
v 4.418787 5.312809 0.557721
v 4.426955 5.303298 0.540531
v 4.427736 5.307475 0.543581
v 4.428845 5.310315 0.545665
v 4.552306 5.279035 0.654260
v 4.553764 5.277369 0.655752
v 4.554975 5.274745 0.657926
v 4.478312 5.317584 0.539467
v 4.462314 5.318326 0.541460
v 4.447652 5.319036 0.545739
v 4.477304 5.309260 0.533302
v 4.460012 5.310295 0.535294
v 4.444050 5.311462 0.539807
v 4.404903 5.131783 0.725028
v 4.417050 5.133152 0.727781
v 4.429609 5.134164 0.729853
v 4.447498 5.081549 0.738442
v 4.445747 5.099522 0.736754
v 4.444036 5.117326 0.734469
v 4.455367 5.135437 0.732114
v 4.468381 5.135798 0.732495
v 4.481437 5.136004 0.732576
v 4.495994 5.082986 0.742465
v 4.495481 5.100901 0.739685
v 4.494981 5.118614 0.736418
v 4.507550 5.136022 0.732417
v 4.520550 5.135811 0.732182
v 4.533479 5.135403 0.731660
v 4.544106 5.080850 0.737365
v 4.544853 5.099028 0.735982
v 4.545600 5.117020 0.733840
v 4.583202 5.130702 0.724227
v 4.571350 5.132504 0.727026
v 4.558988 5.133821 0.729173
v 4.438227 5.184207 0.715924
v 4.439590 5.168702 0.721759
v 4.440962 5.152138 0.726977
v 4.493235 5.184355 0.717515
v 4.493628 5.169425 0.722802
v 4.494050 5.153160 0.727901
v 4.548340 5.184325 0.715378
v 4.547615 5.168766 0.721204
v 4.546962 5.152117 0.726415
v 4.323167 5.041024 0.635339
v 4.319332 5.038487 0.620576
v 4.315620 5.036525 0.605183
v 4.313422 4.987791 0.592820
v 4.313423 5.004076 0.590279
v 4.313054 5.020232 0.588049
v 4.307648 5.071851 0.625418
v 4.309561 5.058907 0.615158
v 4.310623 5.047434 0.603080
v 4.310305 5.036150 0.549359
v 4.309719 5.035450 0.559227
v 4.310179 5.035188 0.570437
v 4.313708 4.899604 0.567470
v 4.312713 4.900552 0.579871
v 4.313208 4.901589 0.592764
v 4.300937 5.074870 0.554843
v 4.303927 5.060885 0.562551
v 4.306896 5.048244 0.571789
v 4.660475 5.038280 0.641491
v 4.665006 5.036475 0.628122
v 4.669446 5.035369 0.613688
v 4.675854 4.989635 0.598846
v 4.674899 5.005486 0.597784
v 4.674206 5.020956 0.596532
v 4.674102 5.065701 0.632101
v 4.673079 5.054751 0.622815
v 4.673228 5.045261 0.611469
v 4.717020 5.137067 0.530210
v 4.725048 5.124338 0.530314
v 4.733566 5.110625 0.530069
v 4.690027 5.032423 0.595751
v 4.684285 5.037704 0.595330
v 4.679374 5.040448 0.594960
v 4.584043 5.303720 0.603462
v 4.587224 5.302225 0.602994
v 4.591831 5.299765 0.602190
v 4.638630 5.279981 0.600241
v 4.627489 5.284266 0.599924
v 4.615657 5.288804 0.599974
v 4.603252 5.263895 0.649127
v 4.603520 5.275199 0.636384
v 4.603237 5.285335 0.621692
v 4.590645 5.290066 0.622747
v 4.580335 5.283772 0.638084
v 4.568807 5.277102 0.650840
v 4.653914 5.262378 0.554699
v 4.652719 5.270575 0.569545
v 4.651150 5.275245 0.585187
v 4.336093 5.266841 0.550711
v 4.336072 5.274917 0.565654
v 4.336551 5.279352 0.581442
v 4.423239 4.650330 0.741804
v 4.422215 4.667372 0.740321
v 4.421186 4.684488 0.738864
v 4.412051 4.649450 0.733294
v 4.410877 4.666487 0.732108
v 4.409685 4.683598 0.730969
v 4.400115 4.648639 0.725104
v 4.398825 4.665668 0.724187
v 4.397511 4.682770 0.723331
v 4.375334 4.647268 0.709323
v 4.374066 4.664270 0.708599
v 4.372778 4.681346 0.707932
v 4.363288 4.646698 0.701257
v 4.362191 4.663692 0.700427
v 4.361085 4.680759 0.699640
v 4.352099 4.646179 0.692559
v 4.351267 4.663181 0.691537
v 4.350445 4.680250 0.690541
v 4.334106 4.645195 0.671804
v 4.334049 4.662290 0.670294
v 4.334039 4.679430 0.668797
v 4.327797 4.644658 0.659756
v 4.328149 4.661826 0.658004
v 4.328568 4.679023 0.656272
v 4.323329 4.644023 0.647091
v 4.323988 4.661252 0.645122
v 4.324738 4.678498 0.643181
v 4.419088 4.719086 0.736082
v 4.417991 4.736576 0.734785
v 4.416832 4.754159 0.733571
v 4.407210 4.718180 0.728915
v 4.405906 4.735660 0.728020
v 4.404540 4.753231 0.727210
v 4.394753 4.717330 0.721911
v 4.393301 4.734797 0.721356
v 4.391799 4.752353 0.720878
v 4.370105 4.715855 0.706878
v 4.368728 4.733292 0.706478
v 4.367345 4.750815 0.706112
v 4.358838 4.715245 0.698273
v 4.357708 4.732667 0.697674
v 4.356591 4.750173 0.697080
v 4.348843 4.714723 0.688679
v 4.348066 4.732129 0.687789
v 4.347302 4.749610 0.686883
v 4.334230 4.713932 0.665868
v 4.334358 4.731295 0.664420
v 4.334388 4.748704 0.662951
v 4.329704 4.713558 0.652899
v 4.330290 4.730896 0.651249
v 4.330680 4.748261 0.649600
v 4.326633 4.713059 0.639433
v 4.327593 4.730375 0.637627
v 4.328267 4.747703 0.635847
v 4.414235 4.789498 0.731449
v 4.412789 4.807221 0.730547
v 4.411266 4.824980 0.729741
v 4.401584 4.788539 0.725830
v 4.399999 4.806249 0.725239
v 4.398364 4.823991 0.724690
v 4.388649 4.787626 0.720067
v 4.387018 4.805313 0.719687
v 4.385367 4.823033 0.719292
v 4.364632 4.786005 0.705319
v 4.363308 4.803641 0.704832
v 4.361995 4.821299 0.704257
v 4.354454 4.785313 0.695754
v 4.353424 4.802914 0.694972
v 4.352391 4.820533 0.694099
v 4.345800 4.784687 0.684882
v 4.345037 4.802247 0.683757
v 4.344233 4.819817 0.682552
v 4.333793 4.783583 0.659866
v 4.333123 4.801029 0.658245
v 4.332267 4.818476 0.656592
v 4.330261 4.783022 0.646234
v 4.329409 4.800403 0.644515
v 4.328273 4.817781 0.642793
v 4.327896 4.782361 0.632317
v 4.326809 4.799683 0.630564
v 4.325352 4.817004 0.628832
v 4.408055 4.860590 0.728387
v 4.406395 4.878438 0.727823
v 4.404710 4.896314 0.727327
v 4.395020 4.859569 0.723653
v 4.393337 4.877402 0.723139
v 4.391659 4.895258 0.722617
v 4.382069 4.858563 0.718356
v 4.380443 4.876369 0.717783
v 4.378843 4.894198 0.717129
v 4.359361 4.856681 0.702764
v 4.358033 4.874398 0.701821
v 4.356702 4.892129 0.700739
v 4.350224 4.855813 0.692046
v 4.349072 4.873470 0.690853
v 4.347878 4.891134 0.689541
v 4.342415 4.854980 0.679922
v 4.341387 4.872569 0.678491
v 4.340291 4.890160 0.676971
v 4.330195 4.853365 0.653259
v 4.329072 4.870811 0.651552
v 4.327945 4.888258 0.649766
v 4.325625 4.852539 0.639393
v 4.324296 4.869920 0.637664
v 4.323048 4.887308 0.635829
v 4.322065 4.851653 0.625467
v 4.320504 4.868987 0.623756
v 4.319111 4.886331 0.621912
v 4.401302 4.932135 0.726511
v 4.399576 4.950079 0.726156
v 4.397822 4.968053 0.725799
v 4.388350 4.931034 0.721519
v 4.386708 4.948947 0.720924
v 4.385051 4.966880 0.720282
v 4.375744 4.929904 0.715543
v 4.374229 4.947776 0.714610
v 4.372711 4.965655 0.713591
v 4.354046 4.927615 0.698140
v 4.352731 4.945359 0.696628
v 4.351434 4.963096 0.694990
v 4.345387 4.926474 0.686544
v 4.344128 4.944138 0.684853
v 4.342905 4.961787 0.683036
v 4.337940 4.925346 0.673626
v 4.336749 4.942924 0.671783
v 4.335619 4.960474 0.669817
v 4.325842 4.923162 0.645792
v 4.324939 4.940573 0.643579
v 4.324180 4.957897 0.641233
v 4.321033 4.922102 0.631592
v 4.320322 4.939445 0.629171
v 4.319807 4.956663 0.626609
v 4.317121 4.921052 0.617499
v 4.316558 4.938347 0.614923
v 4.316237 4.955488 0.612201
v 4.394190 5.004075 0.724967
v 4.392338 5.022076 0.724473
v 4.390509 5.040004 0.723939
v 4.381630 5.002783 0.718827
v 4.379917 5.020689 0.718069
v 4.378294 5.038479 0.717379
v 4.369591 5.001415 0.711341
v 4.368072 5.019211 0.710259
v 4.366707 5.036845 0.709386
v 4.348941 4.998509 0.691432
v 4.347867 5.016067 0.689844
v 4.347056 5.033377 0.688794
v 4.340709 4.996984 0.679091
v 4.339862 5.014401 0.677381
v 4.339304 5.031537 0.676381
v 4.333755 4.995406 0.665569
v 4.333133 5.012647 0.663794
v 4.332799 5.029572 0.662910
v 4.323216 4.992086 0.636327
v 4.323027 5.008811 0.634465
v 4.323014 5.025163 0.633884
v 4.319332 4.990456 0.621353
v 4.319290 5.006921 0.619345
v 4.319293 5.023004 0.618681
v 4.316125 4.988988 0.606700
v 4.316133 5.005299 0.604408
v 4.315977 5.021298 0.603187
v 4.670180 5.021400 0.611273
v 4.665797 5.022305 0.625786
v 4.661047 5.023678 0.639542
v 4.671000 5.006275 0.611473
v 4.666538 5.007216 0.625450
v 4.661502 5.008338 0.639116
v 4.671897 4.990520 0.612239
v 4.667232 4.991406 0.625942
v 4.661861 4.992307 0.639483
v 4.673274 4.957016 0.613284
v 4.668242 4.957699 0.626733
v 4.662338 4.958282 0.640066
v 4.673597 4.939394 0.613363
v 4.668495 4.940002 0.626629
v 4.662461 4.940514 0.639848
v 4.673698 4.921479 0.613377
v 4.668594 4.922034 0.626442
v 4.662499 4.922512 0.639545
v 4.673339 4.885644 0.613948
v 4.668380 4.886138 0.626653
v 4.662309 4.886599 0.639543
v 4.672972 4.867924 0.614614
v 4.668145 4.868401 0.627182
v 4.662138 4.868855 0.639984
v 4.672565 4.850303 0.615431
v 4.667910 4.850766 0.627891
v 4.661995 4.851210 0.640624
v 4.671875 4.815237 0.617170
v 4.667682 4.815653 0.629501
v 4.662026 4.816056 0.642160
v 4.671577 4.797755 0.617966
v 4.667662 4.798134 0.630280
v 4.662174 4.798503 0.642939
v 4.671210 4.780297 0.618661
v 4.667589 4.780634 0.630996
v 4.662299 4.780966 0.643679
v 4.669968 4.745436 0.619615
v 4.666945 4.745689 0.632130
v 4.662152 4.745932 0.644924
v 4.669083 4.728035 0.619893
v 4.666356 4.728256 0.632552
v 4.661855 4.728458 0.645424
v 4.668112 4.710669 0.620110
v 4.665686 4.710866 0.632922
v 4.661489 4.711042 0.645874
v 4.666183 4.676064 0.620579
v 4.664395 4.676274 0.633645
v 4.660792 4.676463 0.646729
v 4.665284 4.658823 0.620875
v 4.663834 4.659066 0.634029
v 4.660513 4.659295 0.647160
v 4.664413 4.641607 0.621197
v 4.663311 4.641896 0.634423
v 4.660264 4.642178 0.647593
v 4.649715 5.026962 0.664431
v 4.642956 5.028657 0.675664
v 4.635491 5.030403 0.686297
v 4.649389 5.010828 0.664134
v 4.642275 5.012127 0.675373
v 4.634529 5.013496 0.686022
v 4.648997 4.994159 0.664408
v 4.641578 4.995147 0.675588
v 4.633603 4.996221 0.686188
v 4.648556 4.959445 0.664983
v 4.640875 4.960126 0.676335
v 4.632722 4.960915 0.687105
v 4.648576 4.941594 0.664983
v 4.640954 4.942264 0.676624
v 4.632854 4.943039 0.687663
v 4.648672 4.923602 0.664956
v 4.641183 4.924302 0.676930
v 4.633190 4.925106 0.688272
v 4.648817 4.887738 0.665370
v 4.641657 4.888479 0.677859
v 4.633910 4.889308 0.689634
v 4.648836 4.869974 0.665896
v 4.641815 4.870694 0.678507
v 4.634160 4.871496 0.690355
v 4.648871 4.852287 0.666561
v 4.641949 4.852966 0.679222
v 4.634342 4.853723 0.691067
v 4.649139 4.816998 0.668060
v 4.642242 4.817581 0.680671
v 4.634551 4.818234 0.692352
v 4.649355 4.799366 0.668796
v 4.642385 4.799900 0.681327
v 4.634562 4.800508 0.692872
v 4.649550 4.781742 0.669475
v 4.642468 4.782229 0.681895
v 4.634471 4.782797 0.693277
v 4.649652 4.746532 0.670539
v 4.642299 4.746942 0.682659
v 4.633888 4.747439 0.693655
v 4.649537 4.728982 0.670920
v 4.642039 4.729360 0.682862
v 4.633406 4.729833 0.693648
v 4.649361 4.711511 0.671239
v 4.641711 4.711864 0.682993
v 4.632846 4.712315 0.693565
v 4.648979 4.676924 0.671809
v 4.640995 4.677253 0.683186
v 4.631652 4.677675 0.693342
v 4.648808 4.659803 0.672091
v 4.640645 4.660132 0.683285
v 4.631057 4.660546 0.693243
v 4.648645 4.642756 0.672373
v 4.640299 4.643091 0.683387
v 4.630463 4.643496 0.693150
v 4.618559 5.034099 0.706315
v 4.609147 5.035988 0.715360
v 4.599142 5.037800 0.723123
v 4.617370 5.016538 0.706275
v 4.608001 5.018162 0.715520
v 4.598086 5.019760 0.723457
v 4.616282 4.998756 0.706450
v 4.606959 5.000183 0.715738
v 4.597129 5.001621 0.723703
v 4.615125 4.962911 0.707339
v 4.605668 4.964087 0.716397
v 4.595713 4.965315 0.724061
v 4.615108 4.944953 0.707962
v 4.605437 4.946061 0.716797
v 4.595245 4.947214 0.724182
v 4.615286 4.927000 0.708615
v 4.605348 4.928057 0.717178
v 4.594852 4.929152 0.724234
v 4.615675 4.891150 0.709754
v 4.605166 4.892129 0.717677
v 4.594029 4.893137 0.724038
v 4.615735 4.873267 0.710176
v 4.604957 4.874208 0.717757
v 4.593526 4.875182 0.723787
v 4.615691 4.855409 0.710502
v 4.604655 4.856317 0.717742
v 4.592953 4.857260 0.723461
v 4.615271 4.819756 0.710880
v 4.603751 4.820610 0.717484
v 4.591580 4.821513 0.722675
v 4.614882 4.801961 0.710927
v 4.603140 4.802797 0.717257
v 4.590776 4.803686 0.722242
v 4.614364 4.784194 0.710868
v 4.602420 4.785013 0.716962
v 4.589894 4.785892 0.721789
v 4.612914 4.748748 0.710403
v 4.600643 4.749546 0.716170
v 4.587900 4.750410 0.720846
v 4.612012 4.731107 0.710028
v 4.599615 4.731894 0.715701
v 4.586809 4.732753 0.720378
v 4.611038 4.713560 0.709610
v 4.598532 4.714340 0.715223
v 4.585684 4.715190 0.719935
v 4.609022 4.678866 0.708796
v 4.596316 4.679627 0.714350
v 4.583412 4.680463 0.719190
v 4.608015 4.661713 0.708432
v 4.595212 4.662463 0.713972
v 4.582285 4.663289 0.718891
v 4.607009 4.644638 0.708087
v 4.594111 4.645377 0.713620
v 4.581162 4.646193 0.718622
v 4.288289 5.172811 0.652002
v 4.296742 5.179379 0.654968
v 4.305055 5.184516 0.658551
v 4.283452 5.187417 0.650368
v 4.292358 5.194089 0.652719
v 4.301150 5.199272 0.655482
v 4.278859 5.200885 0.646941
v 4.288170 5.207695 0.648788
v 4.297386 5.212969 0.650841
v 4.270727 5.223458 0.633454
v 4.280699 5.230804 0.634614
v 4.290594 5.236578 0.635626
v 4.267483 5.231838 0.623357
v 4.277686 5.239564 0.624304
v 4.287813 5.245714 0.624979
v 4.265072 5.237635 0.611390
v 4.275407 5.245730 0.612179
v 4.285667 5.252242 0.612615
v 4.321671 5.192610 0.666316
v 4.330113 5.196183 0.670104
v 4.338697 5.199554 0.673722
v 4.318727 5.207452 0.661335
v 4.327616 5.211104 0.664160
v 4.336607 5.214574 0.666864
v 4.315837 5.221333 0.654983
v 4.325155 5.225105 0.656928
v 4.334546 5.228708 0.658789
v 4.310507 5.245810 0.637193
v 4.320593 5.249964 0.637799
v 4.330738 5.253933 0.638361
v 4.308258 5.255562 0.625704
v 4.318646 5.259943 0.625869
v 4.329098 5.264109 0.625992
v 4.306445 5.262665 0.612743
v 4.317037 5.267241 0.612585
v 4.327703 5.271564 0.612375
v 4.356449 5.205911 0.680218
v 4.365796 5.208711 0.683214
v 4.375642 5.210944 0.686283
v 4.354989 5.221129 0.671833
v 4.364530 5.223938 0.674322
v 4.374473 5.226004 0.677139
v 4.353589 5.235544 0.662338
v 4.363351 5.238396 0.664372
v 4.373411 5.240317 0.667013
v 4.351111 5.261487 0.639659
v 4.361363 5.264549 0.641002
v 4.371714 5.266366 0.643529
v 4.350050 5.272046 0.626464
v 4.360590 5.275402 0.627443
v 4.371227 5.277609 0.629759
v 4.349079 5.279840 0.612144
v 4.359929 5.283692 0.612588
v 4.371074 5.286903 0.614178
v 4.614781 5.283823 0.616894
v 4.614425 5.274638 0.631908
v 4.613935 5.263350 0.645205
v 4.626156 5.280191 0.615496
v 4.625225 5.271916 0.629933
v 4.624368 5.260894 0.643121
v 4.637115 5.276021 0.615271
v 4.635808 5.268065 0.629291
v 4.634586 5.257169 0.642206
v 4.658412 5.267107 0.615919
v 4.656553 5.259064 0.629363
v 4.654583 5.248147 0.641544
v 4.668907 5.262405 0.616239
v 4.666770 5.254333 0.629361
v 4.664405 5.243420 0.641094
v 4.679246 5.257460 0.616373
v 4.676846 5.249424 0.629145
v 4.674095 5.238573 0.640398
v 4.699286 5.246479 0.615625
v 4.696456 5.238829 0.627627
v 4.693054 5.228402 0.637897
v 4.709107 5.239820 0.614711
v 4.706120 5.232522 0.626364
v 4.702462 5.222472 0.636221
v 4.719012 5.231670 0.613547
v 4.715895 5.224802 0.624964
v 4.712017 5.215210 0.634557
v 4.612442 5.237117 0.668025
v 4.611501 5.222760 0.677918
v 4.610463 5.207711 0.686838
v 4.622446 5.234259 0.665945
v 4.621330 5.219620 0.675689
v 4.620139 5.204302 0.684360
v 4.632021 5.230390 0.664454
v 4.630618 5.215632 0.673769
v 4.629171 5.200199 0.681938
v 4.650295 5.221298 0.661607
v 4.648043 5.206469 0.669497
v 4.645811 5.190978 0.676139
v 4.659140 5.216556 0.659806
v 4.656374 5.201700 0.666833
v 4.653647 5.186194 0.672569
v 4.667851 5.211770 0.657704
v 4.664551 5.196903 0.663852
v 4.661292 5.181391 0.668666
v 4.685062 5.202147 0.652589
v 4.680749 5.187357 0.657166
v 4.676416 5.171865 0.660319
v 4.693753 5.196761 0.649898
v 4.689001 5.182097 0.653873
v 4.684172 5.166676 0.656367
v 4.702693 5.190228 0.647552
v 4.697560 5.175790 0.651086
v 4.692291 5.160532 0.653065
v 4.387059 5.075449 0.722730
v 4.385459 5.092952 0.721733
v 4.383924 5.110353 0.720048
v 4.375575 5.073473 0.716390
v 4.374461 5.090701 0.715762
v 4.373400 5.107854 0.714540
v 4.364814 5.071339 0.708733
v 4.364220 5.088257 0.708611
v 4.363654 5.105132 0.708016
v 4.346617 5.066864 0.689417
v 4.346814 5.083169 0.690724
v 4.346928 5.099482 0.691833
v 4.339355 5.064530 0.677972
v 4.339735 5.080545 0.680182
v 4.339948 5.096591 0.682337
v 4.333165 5.062043 0.665636
v 4.333586 5.077772 0.668847
v 4.333741 5.093554 0.672151
v 4.323427 5.056355 0.639265
v 4.323521 5.071454 0.644761
v 4.323128 5.086685 0.650613
v 4.319355 5.053257 0.625815
v 4.319099 5.067765 0.633003
v 4.318254 5.082554 0.640356
v 4.315274 5.050214 0.612927
v 4.314586 5.063627 0.622602
v 4.313211 5.077682 0.631623
v 4.380986 5.144972 0.713359
v 4.379573 5.162082 0.708144
v 4.378207 5.178874 0.701817
v 4.371099 5.142249 0.708810
v 4.369808 5.159405 0.704024
v 4.368468 5.176313 0.698088
v 4.361972 5.139261 0.703578
v 4.360764 5.156436 0.699382
v 4.359391 5.173413 0.694009
v 4.345823 5.133008 0.690850
v 4.344460 5.150147 0.688244
v 4.342724 5.167153 0.684414
v 4.338665 5.129793 0.683453
v 4.337029 5.146881 0.681815
v 4.334941 5.163867 0.678922
v 4.331992 5.126417 0.675571
v 4.329968 5.143433 0.674994
v 4.327433 5.160378 0.673125
v 4.319693 5.118788 0.659087
v 4.316612 5.135594 0.660841
v 4.312964 5.152411 0.661188
v 4.313704 5.114098 0.651356
v 4.310016 5.130718 0.654261
v 4.305762 5.147402 0.655687
v 4.307476 5.108370 0.644878
v 4.303190 5.124682 0.648795
v 4.298356 5.141127 0.651156
v 4.601326 5.073332 0.722021
v 4.611270 5.070870 0.715106
v 4.620511 5.068223 0.707067
v 4.602414 5.090794 0.720958
v 4.612190 5.087935 0.714676
v 4.621215 5.084840 0.707399
v 4.603515 5.108099 0.719222
v 4.613103 5.104865 0.713630
v 4.621899 5.101342 0.707189
v 4.636663 5.062807 0.688807
v 4.643546 5.060137 0.678857
v 4.649672 5.057482 0.668325
v 4.636874 5.078458 0.690648
v 4.643521 5.075294 0.681394
v 4.649441 5.072133 0.671587
v 4.637120 5.094047 0.692143
v 4.643608 5.090415 0.683705
v 4.649427 5.086780 0.674752
v 4.659821 5.052181 0.645401
v 4.664216 5.049644 0.633234
v 4.668595 5.047334 0.621187
v 4.659345 5.065735 0.650490
v 4.663738 5.062387 0.639865
v 4.668210 5.058796 0.630171
v 4.659369 5.079379 0.655692
v 4.663934 5.075377 0.646404
v 4.668720 5.070895 0.638259
v 4.605814 5.142376 0.712746
v 4.615181 5.138650 0.708471
v 4.623719 5.134552 0.703610
v 4.607004 5.159274 0.707810
v 4.616377 5.155477 0.704095
v 4.624932 5.151264 0.699915
v 4.608191 5.175869 0.701807
v 4.617630 5.172109 0.698580
v 4.626283 5.167871 0.695024
v 4.638601 5.125937 0.691873
v 4.645110 5.121598 0.685070
v 4.651120 5.117245 0.677829
v 4.639985 5.142297 0.689664
v 4.646689 5.137742 0.683623
v 4.652985 5.133171 0.677178
v 4.641705 5.158712 0.686220
v 4.648705 5.154019 0.680948
v 4.655386 5.149310 0.675302
v 4.662057 5.108431 0.662694
v 4.667449 5.103648 0.655521
v 4.673269 5.098203 0.649352
v 4.664820 5.123980 0.663799
v 4.670790 5.119005 0.657534
v 4.677217 5.113301 0.652203
v 4.668273 5.139905 0.663604
v 4.674863 5.134824 0.658171
v 4.681901 5.128944 0.653598
v 4.415168 5.042593 0.733179
v 4.417130 5.024488 0.733736
v 4.419010 5.006369 0.734210
v 4.427217 5.043642 0.736296
v 4.429096 5.025497 0.737062
v 4.430866 5.007352 0.737796
v 4.439102 5.044545 0.738858
v 4.440830 5.026383 0.739919
v 4.442434 5.008223 0.741004
v 4.422539 4.970201 0.735078
v 4.424193 4.952179 0.735548
v 4.425779 4.934199 0.736086
v 4.434083 4.971149 0.739322
v 4.435539 4.953116 0.740175
v 4.436905 4.935123 0.741115
v 4.445251 4.971994 0.743358
v 4.446471 4.953949 0.744659
v 4.447581 4.935946 0.746050
v 4.428762 4.898333 0.737500
v 4.430161 4.880445 0.738407
v 4.431496 4.862586 0.739448
v 4.439394 4.899247 0.743329
v 4.440530 4.881357 0.744617
v 4.441600 4.863498 0.746022
v 4.449527 4.900054 0.749111
v 4.450387 4.882161 0.750778
v 4.451187 4.864300 0.752526
v 4.433965 4.826955 0.741930
v 4.435085 4.809186 0.743366
v 4.436112 4.791450 0.744930
v 4.443558 4.827868 0.749161
v 4.444440 4.810101 0.750888
v 4.445246 4.792367 0.752718
v 4.452643 4.828671 0.756234
v 4.453305 4.810905 0.758188
v 4.453912 4.793170 0.760209
v 4.437850 4.756090 0.748425
v 4.438586 4.738498 0.750317
v 4.439283 4.721001 0.752257
v 4.446598 4.757010 0.756670
v 4.447172 4.739419 0.758753
v 4.447725 4.721925 0.760857
v 4.454943 4.757819 0.764447
v 4.455393 4.740230 0.766629
v 4.455838 4.722735 0.768806
v 4.440701 4.686394 0.756143
v 4.441449 4.669276 0.758058
v 4.442216 4.652234 0.759961
v 4.448910 4.687322 0.764987
v 4.449565 4.670205 0.766989
v 4.450248 4.653163 0.768962
v 4.456841 4.688133 0.773011
v 4.457414 4.671016 0.775022
v 4.458018 4.653974 0.776994
v 4.462526 5.045979 0.743563
v 4.463838 5.027801 0.745311
v 4.465042 5.009611 0.747091
v 4.474108 5.046474 0.745622
v 4.475178 5.028283 0.747646
v 4.476164 5.010072 0.749646
v 4.485614 5.046749 0.746956
v 4.486419 5.028540 0.749112
v 4.487166 5.010303 0.751178
v 4.467053 4.973308 0.750788
v 4.467858 4.955222 0.752710
v 4.468552 4.937179 0.754673
v 4.477802 4.973712 0.753618
v 4.478449 4.955596 0.755601
v 4.479000 4.937525 0.757587
v 4.488407 4.973886 0.755107
v 4.488894 4.955739 0.756998
v 4.489305 4.937637 0.758858
v 4.469678 4.901220 0.758697
v 4.470145 4.883301 0.760746
v 4.470569 4.865417 0.762810
v 4.479882 4.901513 0.761570
v 4.480243 4.883571 0.763566
v 4.480571 4.865668 0.765563
v 4.489957 4.901571 0.762533
v 4.490224 4.883605 0.764362
v 4.490466 4.865679 0.766189
v 4.471354 4.829755 0.766963
v 4.471727 4.811974 0.769052
v 4.472086 4.794228 0.771156
v 4.481185 4.829969 0.769550
v 4.481487 4.812172 0.771544
v 4.481786 4.794412 0.773549
v 4.490926 4.829941 0.769840
v 4.491159 4.812125 0.771673
v 4.491397 4.794346 0.773521
v 4.472757 4.758852 0.775429
v 4.473076 4.741251 0.777571
v 4.473399 4.723744 0.779678
v 4.482378 4.759007 0.777612
v 4.482668 4.741392 0.779646
v 4.482953 4.723871 0.781643
v 4.491900 4.758907 0.777284
v 4.492153 4.741273 0.779177
v 4.492389 4.723736 0.781039
v 4.474095 4.689115 0.783666
v 4.474473 4.671981 0.785541
v 4.474863 4.654922 0.787366
v 4.483493 4.689210 0.785410
v 4.483749 4.672061 0.787175
v 4.484000 4.654988 0.788890
v 4.492758 4.689042 0.784559
v 4.492887 4.671878 0.786209
v 4.492993 4.654788 0.787815
v 4.508428 5.046443 0.745905
v 4.508630 5.028174 0.747623
v 4.508816 5.009882 0.749185
v 4.519799 5.045875 0.743698
v 4.519691 5.027568 0.744915
v 4.519578 5.009248 0.745982
v 4.531219 5.045108 0.741121
v 4.530832 5.026766 0.741831
v 4.530448 5.008421 0.742400
v 4.509061 4.973362 0.751990
v 4.509111 4.955169 0.753295
v 4.509125 4.937023 0.754570
v 4.519258 4.972691 0.747863
v 4.519041 4.954484 0.748752
v 4.518798 4.936327 0.749640
v 4.529606 4.971837 0.743356
v 4.529134 4.953622 0.743826
v 4.528641 4.935457 0.744321
v 4.509077 4.900873 0.757126
v 4.509032 4.882867 0.758435
v 4.508981 4.864902 0.759769
v 4.518270 4.900153 0.751505
v 4.518000 4.882134 0.752508
v 4.517732 4.864159 0.753559
v 4.527634 4.899271 0.745472
v 4.527134 4.881245 0.746147
v 4.526641 4.863261 0.746890
v 4.508889 4.829092 0.762525
v 4.508860 4.811241 0.763954
v 4.508851 4.793428 0.765424
v 4.517223 4.828321 0.755809
v 4.516994 4.810460 0.757013
v 4.516789 4.792634 0.758273
v 4.525692 4.827409 0.748575
v 4.525246 4.809539 0.749519
v 4.524829 4.791706 0.750533
v 4.508914 4.757922 0.768502
v 4.508967 4.740257 0.770089
v 4.509006 4.722687 0.771674
v 4.516483 4.757102 0.760971
v 4.516366 4.739426 0.762391
v 4.516246 4.721845 0.763828
v 4.524108 4.756157 0.752777
v 4.523795 4.738472 0.753991
v 4.523493 4.720884 0.755242
v 4.508944 4.687937 0.774745
v 4.508835 4.670747 0.776217
v 4.508695 4.653633 0.777662
v 4.515916 4.687076 0.766673
v 4.515697 4.669878 0.768064
v 4.515453 4.652760 0.769441
v 4.522862 4.686105 0.757785
v 4.522521 4.668905 0.759059
v 4.522169 4.651782 0.760332
v 4.554395 5.043227 0.737055
v 4.553648 5.024851 0.737267
v 4.552930 5.006480 0.737303
v 4.566033 5.042137 0.735389
v 4.565202 5.023777 0.735644
v 4.564416 5.005414 0.735688
v 4.577483 5.040894 0.732999
v 4.576592 5.022589 0.733357
v 4.575764 5.004261 0.733491
v 4.551432 4.969861 0.737115
v 4.550627 4.951637 0.736980
v 4.549796 4.933466 0.736850
v 4.562819 4.968805 0.735389
v 4.561971 4.950586 0.735132
v 4.561098 4.932421 0.734836
v 4.574172 4.967698 0.733299
v 4.573368 4.949497 0.733046
v 4.572550 4.931350 0.732713
v 4.548107 4.897277 0.736687
v 4.547262 4.879251 0.736683
v 4.546421 4.861267 0.736740
v 4.559306 4.896244 0.734213
v 4.558396 4.878225 0.733924
v 4.557478 4.860249 0.733667
v 4.570854 4.895203 0.731881
v 4.569972 4.877198 0.731419
v 4.569065 4.859234 0.730954
v 4.544755 4.825417 0.737058
v 4.543939 4.807548 0.737331
v 4.543143 4.789717 0.737685
v 4.555625 4.824415 0.733306
v 4.554697 4.806555 0.733223
v 4.553774 4.788732 0.733214
v 4.567183 4.823425 0.730097
v 4.566210 4.805574 0.729734
v 4.565221 4.787762 0.729427
v 4.541633 4.754169 0.738654
v 4.540920 4.736484 0.739261
v 4.540231 4.718894 0.739935
v 4.551963 4.753199 0.733445
v 4.551081 4.735519 0.733685
v 4.550215 4.717936 0.733998
v 4.563211 4.752248 0.729016
v 4.562201 4.734577 0.728918
v 4.561193 4.717000 0.728890
v 4.538903 4.684115 0.741440
v 4.538257 4.666917 0.742248
v 4.537617 4.649796 0.743079
v 4.548536 4.683167 0.734813
v 4.547718 4.665972 0.735292
v 4.546909 4.648855 0.735801
v 4.559212 4.682244 0.729032
v 4.558241 4.665055 0.729184
v 4.557278 4.647943 0.729369
v 4.588700 5.211443 0.693028
v 4.589758 5.225230 0.684581
v 4.590740 5.238230 0.675479
v 4.576577 5.211782 0.696644
v 4.577740 5.224623 0.688855
v 4.578864 5.236595 0.680614
v 4.563737 5.211457 0.700122
v 4.564970 5.223292 0.693118
v 4.566204 5.234170 0.685863
v 4.592253 5.262116 0.655265
v 4.592557 5.272860 0.644097
v 4.592252 5.282444 0.632472
v 4.580702 5.258596 0.662788
v 4.581190 5.268455 0.653592
v 4.581161 5.277050 0.644912
v 4.568325 5.254156 0.670584
v 4.568987 5.263147 0.663047
v 4.569199 5.270947 0.656256
v 4.536291 5.209944 0.705184
v 4.537268 5.220071 0.699653
v 4.538292 5.229079 0.694166
v 4.521917 5.209178 0.706527
v 4.522542 5.218738 0.701526
v 4.523212 5.227121 0.696646
v 4.507293 5.208591 0.707251
v 4.507477 5.217801 0.702589
v 4.507694 5.225799 0.698087
v 4.540134 5.245539 0.683114
v 4.540771 5.253101 0.677788
v 4.541088 5.259768 0.672982
v 4.524415 5.242366 0.686929
v 4.524819 5.249418 0.682247
v 4.525007 5.255680 0.677994
v 4.508057 5.240286 0.689154
v 4.508139 5.247015 0.684833
v 4.508126 5.253023 0.680887
v 4.477853 5.208445 0.707393
v 4.477092 5.217659 0.702712
v 4.476325 5.225677 0.698174
v 4.463311 5.208931 0.706802
v 4.462141 5.218504 0.701759
v 4.460951 5.226929 0.696809
v 4.449065 5.209689 0.705569
v 4.447591 5.219844 0.699972
v 4.446094 5.228914 0.694378
v 4.474846 5.240257 0.689126
v 4.474215 5.247052 0.684731
v 4.473737 5.253121 0.680713
v 4.458686 5.242350 0.686858
v 4.457757 5.249524 0.682029
v 4.457097 5.255906 0.677634
v 4.443272 5.245620 0.682976
v 4.442146 5.253345 0.677429
v 4.441389 5.260173 0.672409
v 4.421985 5.211643 0.700616
v 4.420375 5.223556 0.693482
v 4.418782 5.234544 0.686041
v 4.409340 5.212461 0.697088
v 4.407864 5.225403 0.689133
v 4.406443 5.237495 0.680672
v 4.397370 5.212798 0.693302
v 4.396063 5.226691 0.684659
v 4.394845 5.239798 0.675312
v 4.415908 5.254835 0.670179
v 4.414865 5.264005 0.662276
v 4.414315 5.271974 0.655126
v 4.403984 5.259777 0.662164
v 4.403196 5.269784 0.652527
v 4.402981 5.278528 0.643394
v 4.392852 5.263881 0.654356
v 4.392354 5.274729 0.642677
v 4.392566 5.284441 0.630474
v 4.677501 5.020488 0.582886
v 4.678146 5.004817 0.584940
v 4.679008 4.988752 0.586180
v 4.679711 5.020317 0.570831
v 4.680288 5.004315 0.573116
v 4.680911 4.987946 0.574408
v 4.680389 5.020452 0.560145
v 4.680783 5.004027 0.562371
v 4.681030 4.987308 0.563627
v 4.680037 4.955103 0.587489
v 4.679958 4.937578 0.587885
v 4.679537 4.919812 0.588285
v 4.681178 4.953987 0.575712
v 4.680618 4.936481 0.576203
v 4.679678 4.918799 0.576731
v 4.680272 4.953002 0.564955
v 4.679149 4.935512 0.565532
v 4.677638 4.917912 0.566159
v 4.677896 4.884256 0.589583
v 4.676793 4.866632 0.590538
v 4.675584 4.849097 0.591611
v 4.676955 4.883441 0.578264
v 4.675305 4.865891 0.579307
v 4.673539 4.848420 0.580463
v 4.673825 4.882749 0.567811
v 4.671668 4.865271 0.568861
v 4.669413 4.847857 0.570008
v 4.673082 4.814215 0.593811
v 4.671858 4.796834 0.594776
v 4.670667 4.779474 0.595534
v 4.669890 4.813660 0.582864
v 4.668136 4.796336 0.583925
v 4.666521 4.779022 0.584731
v 4.664826 4.813196 0.572409
v 4.662663 4.795914 0.573472
v 4.660740 4.778630 0.574252
v 4.668404 4.744749 0.596113
v 4.667296 4.727384 0.595988
v 4.666145 4.710037 0.595766
v 4.663960 4.744338 0.585130
v 4.662941 4.726972 0.584796
v 4.661921 4.709621 0.584348
v 4.658031 4.743958 0.574434
v 4.657135 4.726582 0.573921
v 4.656262 4.709224 0.573297
v 4.663550 4.675447 0.595572
v 4.662095 4.658209 0.595695
v 4.660573 4.640994 0.595914
v 4.659340 4.675063 0.583854
v 4.657710 4.657863 0.583933
v 4.655937 4.640696 0.584151
v 4.653734 4.674701 0.572600
v 4.651960 4.657549 0.572671
v 4.649971 4.640445 0.572920
v 4.675199 5.021152 0.541948
v 4.674813 5.004065 0.543992
v 4.673961 4.986846 0.545337
v 4.669241 5.021617 0.534143
v 4.668346 5.004355 0.536160
v 4.666889 4.987045 0.537646
v 4.661590 5.022188 0.527093
v 4.660227 5.004807 0.529030
v 4.658261 4.987454 0.530585
v 4.670830 4.952136 0.547175
v 4.668658 4.934697 0.547998
v 4.666233 4.917234 0.548783
v 4.662679 4.952313 0.539868
v 4.660145 4.934911 0.540808
v 4.657482 4.917494 0.541623
v 4.653257 4.952749 0.533013
v 4.650519 4.935370 0.533976
v 4.647779 4.917974 0.534733
v 4.661087 4.882338 0.550265
v 4.658515 4.864929 0.550970
v 4.655990 4.847552 0.551654
v 4.652239 4.882645 0.542813
v 4.649797 4.865228 0.543193
v 4.647505 4.847823 0.543461
v 4.642721 4.883128 0.535509
v 4.640524 4.865684 0.535536
v 4.638562 4.848237 0.535374
v 4.651214 4.812896 0.552941
v 4.649080 4.795595 0.553443
v 4.647229 4.778280 0.553716
v 4.643443 4.813073 0.543739
v 4.641706 4.795712 0.543732
v 4.640186 4.778342 0.543574
v 4.635355 4.813364 0.534651
v 4.634056 4.795936 0.534152
v 4.632880 4.778500 0.533589
v 4.644670 4.743524 0.553214
v 4.643796 4.726107 0.552547
v 4.642881 4.708728 0.551866
v 4.637819 4.743498 0.542670
v 4.636801 4.726058 0.542034
v 4.635657 4.708670 0.541469
v 4.630649 4.743566 0.532366
v 4.629427 4.726106 0.531812
v 4.627997 4.708710 0.531407
v 4.639983 4.674268 0.551258
v 4.637886 4.657204 0.551441
v 4.635517 4.640209 0.551829
v 4.632295 4.674232 0.541125
v 4.630017 4.657195 0.541404
v 4.627489 4.640234 0.541873
v 4.624131 4.674287 0.531364
v 4.621694 4.657268 0.531731
v 4.619049 4.640327 0.532259
v 4.642957 5.023717 0.514926
v 4.641140 5.006113 0.516249
v 4.638824 4.988658 0.517325
v 4.632532 5.024589 0.509487
v 4.630756 5.006861 0.510296
v 4.628603 4.989324 0.510847
v 4.621529 5.025384 0.504159
v 4.619891 5.007560 0.504442
v 4.618001 4.989940 0.504443
v 4.633657 4.953887 0.518860
v 4.631120 4.936480 0.519326
v 4.628714 4.919049 0.519557
v 4.624004 4.954431 0.511356
v 4.621811 4.936971 0.511354
v 4.619743 4.919491 0.511172
v 4.614128 4.954910 0.503893
v 4.612316 4.937389 0.503430
v 4.610598 4.919858 0.502860
v 4.624539 4.884096 0.519217
v 4.622826 4.866579 0.518672
v 4.621352 4.849047 0.517945
v 4.616100 4.884457 0.510243
v 4.614544 4.866907 0.509534
v 4.613148 4.849346 0.508721
v 4.607446 4.884746 0.501448
v 4.605996 4.867169 0.500652
v 4.604611 4.849588 0.499844
v 4.619061 4.813973 0.516161
v 4.618109 4.796442 0.515230
v 4.617127 4.778911 0.514367
v 4.610762 4.814219 0.506974
v 4.609659 4.796665 0.506141
v 4.608488 4.779118 0.505405
v 4.601963 4.814436 0.498331
v 4.600625 4.796875 0.497687
v 4.599204 4.779325 0.497150
v 4.614607 4.743863 0.513120
v 4.612954 4.726383 0.512802
v 4.611044 4.708983 0.512686
v 4.605571 4.744055 0.504431
v 4.603749 4.726577 0.504228
v 4.601711 4.709183 0.504194
v 4.595886 4.744267 0.496489
v 4.593954 4.726798 0.496371
v 4.591864 4.709410 0.496374
v 4.606496 4.674574 0.513029
v 4.603927 4.657566 0.513435
v 4.601239 4.640635 0.513937
v 4.597081 4.674777 0.504560
v 4.594556 4.657763 0.504908
v 4.591948 4.640827 0.505323
v 4.587302 4.675005 0.496677
v 4.584880 4.657987 0.496936
v 4.582401 4.641043 0.497240
v 4.387229 4.637896 0.522776
v 4.376593 4.637599 0.529521
v 4.366387 4.637428 0.536970
v 4.386061 4.654708 0.520534
v 4.375316 4.654408 0.527091
v 4.365060 4.654242 0.534410
v 4.384931 4.671599 0.518345
v 4.374080 4.671294 0.524704
v 4.363779 4.671131 0.531885
v 4.347975 4.637578 0.554174
v 4.340099 4.637935 0.563919
v 4.333312 4.638488 0.574346
v 4.346740 4.654429 0.551526
v 4.339019 4.654823 0.561296
v 4.332472 4.655426 0.571775
v 4.345603 4.671351 0.548906
v 4.338078 4.671777 0.558704
v 4.331805 4.672425 0.569239
v 4.323612 4.640186 0.596990
v 4.320972 4.641233 0.609052
v 4.319968 4.642287 0.621491
v 4.323514 4.657274 0.594542
v 4.321288 4.658403 0.606676
v 4.320607 4.659519 0.619210
v 4.323608 4.674397 0.592137
v 4.321779 4.675596 0.604343
v 4.321392 4.676763 0.616969
v 4.382859 4.705756 0.514222
v 4.371799 4.705437 0.520150
v 4.361447 4.705272 0.527017
v 4.381933 4.723027 0.512310
v 4.370774 4.722702 0.518011
v 4.360407 4.722533 0.524707
v 4.381081 4.740388 0.510492
v 4.369825 4.740057 0.515972
v 4.359438 4.739883 0.522500
v 4.343801 4.705537 0.543815
v 4.336849 4.706007 0.553678
v 4.331288 4.706711 0.564343
v 4.343097 4.722805 0.541381
v 4.336481 4.723284 0.551280
v 4.331310 4.723998 0.562016
v 4.342415 4.740153 0.539050
v 4.336090 4.740632 0.548983
v 4.331250 4.741343 0.559787
v 4.324694 4.708821 0.587537
v 4.323565 4.710085 0.599890
v 4.323628 4.711304 0.612693
v 4.325474 4.726115 0.585366
v 4.324621 4.727379 0.597790
v 4.324835 4.728598 0.610671
v 4.326026 4.743436 0.583286
v 4.325380 4.744685 0.595774
v 4.325699 4.745894 0.608720
v 4.379586 4.775259 0.507123
v 4.368150 4.774921 0.512219
v 4.357668 4.774740 0.518456
v 4.378939 4.792735 0.505568
v 4.367420 4.792398 0.510512
v 4.356864 4.792213 0.516636
v 4.378353 4.810233 0.504099
v 4.366761 4.809902 0.508921
v 4.356122 4.809716 0.514955
v 4.340791 4.774971 0.534785
v 4.334681 4.775418 0.544769
v 4.330092 4.776088 0.555680
v 4.339819 4.792414 0.532871
v 4.333611 4.792830 0.542865
v 4.328923 4.793467 0.553807
v 4.338811 4.809880 0.531102
v 4.332418 4.810265 0.541090
v 4.327534 4.810861 0.552041
v 4.325305 4.778077 0.579406
v 4.324805 4.779279 0.591981
v 4.325229 4.780466 0.605007
v 4.323953 4.795386 0.577599
v 4.323403 4.796561 0.590197
v 4.323839 4.797739 0.603238
v 4.322215 4.812701 0.575867
v 4.321566 4.813847 0.588478
v 4.321996 4.815011 0.601525
v 4.377345 4.845292 0.501419
v 4.365644 4.844975 0.506087
v 4.354854 4.844792 0.512013
v 4.376913 4.862850 0.500210
v 4.365176 4.862543 0.504844
v 4.354323 4.862364 0.510746
v 4.376520 4.880426 0.499088
v 4.364754 4.880129 0.503712
v 4.353848 4.879952 0.509607
v 4.336909 4.844897 0.527989
v 4.330039 4.845215 0.537902
v 4.324647 4.845730 0.548793
v 4.336064 4.862442 0.526628
v 4.328947 4.862731 0.536463
v 4.323298 4.863206 0.547275
v 4.335278 4.880007 0.525379
v 4.327918 4.880266 0.535104
v 4.322023 4.880703 0.545795
v 4.318461 4.847393 0.572580
v 4.317572 4.848466 0.585200
v 4.317969 4.849590 0.598248
v 4.316713 4.864778 0.570957
v 4.315733 4.865808 0.583555
v 4.316126 4.866905 0.596588
v 4.315115 4.882183 0.569273
v 4.314093 4.883172 0.581805
v 4.314513 4.884238 0.594792
v 4.375825 4.915632 0.497110
v 4.364013 4.915347 0.501766
v 4.353007 4.915172 0.507674
v 4.375510 4.933259 0.496261
v 4.363676 4.932977 0.500947
v 4.352623 4.932798 0.506864
v 4.375209 4.950902 0.495515
v 4.363348 4.950620 0.500226
v 4.352252 4.950435 0.506144
v 4.333840 4.915168 0.523159
v 4.326027 4.915366 0.532558
v 4.319718 4.915728 0.542855
v 4.333183 4.932759 0.522169
v 4.325175 4.932921 0.531364
v 4.318711 4.933239 0.541401
v 4.332574 4.950355 0.521254
v 4.324406 4.950480 0.530234
v 4.317829 4.950741 0.539996
v 4.312521 4.917031 0.565514
v 4.311639 4.917938 0.577704
v 4.312269 4.918947 0.590445
v 4.311556 4.934427 0.563461
v 4.310850 4.935276 0.575374
v 4.311657 4.936241 0.587909
v 4.310803 4.951752 0.561391
v 4.310308 4.952502 0.572981
v 4.311313 4.953388 0.585267
v 4.374632 4.986248 0.494347
v 4.362705 4.985955 0.499058
v 4.351531 4.985744 0.504920
v 4.374393 5.004053 0.493885
v 4.362467 5.003733 0.498541
v 4.351300 5.003477 0.504313
v 4.374238 5.022079 0.493442
v 4.362394 5.021696 0.497983
v 4.351317 5.021340 0.503590
v 4.331549 4.985565 0.519600
v 4.323206 4.985586 0.528174
v 4.316542 4.985672 0.537412
v 4.331310 5.003179 0.518683
v 4.322956 5.003112 0.527030
v 4.316299 5.003061 0.535993
v 4.331471 5.020802 0.517483
v 4.323153 5.020591 0.525525
v 4.316504 5.020354 0.534147
v 4.309903 4.986027 0.557452
v 4.309813 4.986371 0.568341
v 4.311172 4.986933 0.580064
v 4.309777 5.002923 0.555354
v 4.309763 5.002980 0.565935
v 4.311159 5.003325 0.577488
v 4.309903 5.019640 0.552772
v 4.309762 5.019375 0.563085
v 4.310943 5.019515 0.574648
v 4.369334 5.291312 0.578136
v 4.367919 5.285528 0.560609
v 4.367146 5.276455 0.544940
v 4.358118 5.287588 0.579797
v 4.357134 5.282660 0.563147
v 4.356591 5.274132 0.547657
v 4.347245 5.283535 0.580721
v 4.346551 5.278978 0.564630
v 4.346285 5.270746 0.549424
v 4.325860 5.275112 0.582146
v 4.325587 5.270770 0.566585
v 4.325907 5.262840 0.551879
v 4.315191 5.270715 0.582813
v 4.315128 5.266469 0.567441
v 4.315753 5.258695 0.552948
v 4.304610 5.266016 0.583373
v 4.304759 5.261859 0.568156
v 4.305691 5.254244 0.553850
v 4.283943 5.255068 0.583895
v 4.284522 5.251029 0.568897
v 4.286048 5.243712 0.554895
v 4.273789 5.248155 0.583730
v 4.274593 5.244131 0.568835
v 4.276418 5.236943 0.554983
v 4.263583 5.239615 0.583201
v 4.264634 5.235572 0.568455
v 4.266778 5.228486 0.554793
v 4.367743 5.249876 0.520400
v 4.368876 5.233166 0.511571
v 4.370245 5.214958 0.504739
v 4.357503 5.248085 0.522861
v 4.358830 5.231553 0.513965
v 4.360387 5.213472 0.507121
v 4.347730 5.245112 0.524870
v 4.349327 5.228764 0.516111
v 4.351128 5.210852 0.509423
v 4.328739 5.237932 0.528422
v 4.331021 5.221971 0.520291
v 4.333437 5.204455 0.514255
v 4.319335 5.234176 0.530119
v 4.322001 5.218426 0.522407
v 4.324771 5.201134 0.516822
v 4.310025 5.230141 0.531672
v 4.313086 5.214622 0.524437
v 4.316239 5.197579 0.519386
v 4.291815 5.220527 0.534034
v 4.295656 5.205566 0.527882
v 4.299647 5.189152 0.524136
v 4.282872 5.214254 0.534757
v 4.287092 5.199636 0.529142
v 4.291518 5.183622 0.526083
v 4.273938 5.206314 0.535164
v 4.278535 5.192091 0.530004
v 4.283385 5.176552 0.527543
v 4.372743 5.176371 0.496083
v 4.373616 5.156703 0.493757
v 4.374218 5.136956 0.492425
v 4.363118 5.175004 0.498581
v 4.363986 5.155359 0.496387
v 4.364472 5.135651 0.495244
v 4.354173 5.172669 0.501267
v 4.355065 5.153165 0.499315
v 4.355459 5.133630 0.498470
v 4.337305 5.167089 0.507382
v 4.338336 5.148036 0.506104
v 4.338659 5.129029 0.506038
v 4.329176 5.164252 0.510830
v 4.330367 5.145473 0.509988
v 4.330775 5.126770 0.510403
v 4.321317 5.161263 0.514499
v 4.322783 5.142801 0.514216
v 4.323430 5.124442 0.515222
v 4.306608 5.154302 0.522320
v 4.309131 5.136658 0.523686
v 4.310911 5.119139 0.526333
v 4.299608 5.149735 0.526072
v 4.302849 5.132627 0.528471
v 4.305450 5.115648 0.532125
v 4.292573 5.143829 0.529250
v 4.296524 5.127374 0.532688
v 4.299954 5.111054 0.537368
v 4.374602 5.097650 0.491743
v 4.374491 5.078270 0.491996
v 4.374322 5.059172 0.492452
v 4.364224 5.096585 0.495132
v 4.363658 5.077401 0.495731
v 4.363043 5.058505 0.496521
v 4.354612 5.095100 0.499166
v 4.353600 5.076260 0.500240
v 4.352541 5.057695 0.501483
v 4.336980 5.091908 0.508844
v 4.335308 5.073889 0.511173
v 4.333583 5.056101 0.513626
v 4.329057 5.090385 0.514448
v 4.327287 5.072768 0.517497
v 4.325447 5.055357 0.520643
v 4.322092 5.088818 0.520618
v 4.320463 5.071593 0.524393
v 4.318724 5.054551 0.528226
v 4.312041 5.085164 0.534750
v 4.311633 5.068729 0.539859
v 4.310959 5.052458 0.544916
v 4.308517 5.082681 0.542179
v 4.309176 5.066786 0.548045
v 4.309546 5.051154 0.553996
v 4.305070 5.079357 0.549093
v 4.306962 5.064260 0.555925
v 4.308697 5.049751 0.563421
v 4.679507 5.049427 0.570340
v 4.680140 5.050981 0.560506
v 4.680033 5.052392 0.551056
v 4.681932 5.063219 0.561011
v 4.681306 5.065984 0.552948
v 4.680305 5.068160 0.544563
v 4.684609 5.077580 0.552290
v 4.682861 5.081278 0.545319
v 4.680904 5.084127 0.537839
v 4.690868 5.108288 0.537844
v 4.687084 5.113471 0.532500
v 4.683215 5.117537 0.526746
v 4.694518 5.124404 0.532571
v 4.689769 5.130285 0.528137
v 4.684983 5.134934 0.523339
v 4.698487 5.140747 0.528995
v 4.692834 5.147264 0.525480
v 4.687183 5.152450 0.521640
v 4.707224 5.173154 0.528138
v 4.700030 5.180672 0.526241
v 4.692883 5.186676 0.524112
v 4.711629 5.188448 0.531364
v 4.703810 5.196319 0.530113
v 4.696043 5.202604 0.528677
v 4.715627 5.202428 0.537302
v 4.707264 5.210574 0.536596
v 4.698953 5.217083 0.535736
v 4.721107 5.224275 0.557902
v 4.711860 5.232814 0.558024
v 4.702663 5.239684 0.557948
v 4.722239 5.231217 0.571633
v 4.712663 5.239856 0.572065
v 4.703135 5.246845 0.572241
v 4.722269 5.234991 0.586213
v 4.712461 5.243618 0.586911
v 4.702707 5.250635 0.587306
v 4.674649 5.054853 0.534633
v 4.669025 5.055984 0.527757
v 4.661851 5.057131 0.521666
v 4.673957 5.071640 0.529691
v 4.668139 5.073227 0.523680
v 4.660945 5.074806 0.518427
v 4.673279 5.088638 0.524708
v 4.667136 5.090703 0.519656
v 4.659825 5.092732 0.515310
v 4.672849 5.123990 0.517148
v 4.666010 5.126874 0.513771
v 4.658406 5.129645 0.510919
v 4.673336 5.142247 0.515388
v 4.666192 5.145436 0.512620
v 4.658447 5.148451 0.510261
v 4.674318 5.160522 0.515221
v 4.666870 5.163958 0.512948
v 4.658957 5.167150 0.510960
v 4.677750 5.195914 0.520330
v 4.669601 5.199712 0.518826
v 4.661170 5.203125 0.517385
v 4.679862 5.212265 0.525958
v 4.671307 5.216212 0.524756
v 4.662522 5.219712 0.523530
v 4.681792 5.227113 0.533882
v 4.672815 5.231206 0.532920
v 4.663638 5.234811 0.531868
v 4.683779 5.250417 0.557172
v 4.673981 5.254870 0.556492
v 4.664008 5.258835 0.555657
v 4.683584 5.257883 0.571767
v 4.673450 5.262534 0.571164
v 4.663140 5.266737 0.570402
v 4.682700 5.261858 0.587116
v 4.672335 5.266675 0.586602
v 4.661798 5.271108 0.585928
v 4.644200 5.059698 0.511441
v 4.634155 5.060991 0.506942
v 4.623426 5.062047 0.502492
v 4.643734 5.078137 0.509477
v 4.634059 5.079710 0.505390
v 4.623695 5.080914 0.501281
v 4.642984 5.096859 0.507656
v 4.633698 5.098712 0.503946
v 4.623735 5.100046 0.500134
v 4.641986 5.135034 0.505380
v 4.633230 5.137308 0.502321
v 4.623825 5.138776 0.499040
v 4.642036 5.154215 0.505453
v 4.633353 5.156595 0.502672
v 4.624034 5.158062 0.499633
v 4.642398 5.173131 0.506727
v 4.633674 5.175551 0.504194
v 4.624331 5.176991 0.501371
v 4.643787 5.209146 0.514049
v 4.634701 5.211470 0.511930
v 4.625063 5.212845 0.509424
v 4.644498 5.225675 0.520572
v 4.635131 5.227929 0.518618
v 4.625275 5.229317 0.516194
v 4.644885 5.240804 0.529244
v 4.635207 5.243052 0.527426
v 4.625126 5.244529 0.525023
v 4.643738 5.265539 0.553577
v 4.633444 5.268214 0.551962
v 4.622987 5.270262 0.549437
v 4.642220 5.274104 0.568584
v 4.631598 5.277295 0.567203
v 4.620848 5.280034 0.564871
v 4.640413 5.279180 0.584429
v 4.629442 5.283037 0.583522
v 4.618140 5.286848 0.582008
v 4.400270 5.022829 0.487994
v 4.414289 5.023174 0.486836
v 4.428732 5.023501 0.486242
v 4.400502 5.004859 0.488355
v 4.414501 5.005317 0.487198
v 4.428891 5.005779 0.486592
v 4.400684 4.987080 0.488787
v 4.414615 4.987586 0.487624
v 4.428913 4.988108 0.486990
v 4.401032 4.951756 0.489957
v 4.414775 4.952291 0.488736
v 4.428845 4.952852 0.487976
v 4.401232 4.934127 0.490702
v 4.414880 4.934675 0.489423
v 4.428832 4.935248 0.488561
v 4.401453 4.916517 0.491532
v 4.415005 4.917075 0.490173
v 4.428836 4.917663 0.489189
v 4.401958 4.881350 0.493373
v 4.415313 4.881927 0.491794
v 4.428892 4.882538 0.490511
v 4.402246 4.863792 0.494361
v 4.415496 4.864379 0.492643
v 4.428944 4.864997 0.491187
v 4.402556 4.846253 0.495388
v 4.415698 4.846848 0.493513
v 4.429012 4.847474 0.491870
v 4.403259 4.811225 0.497544
v 4.416162 4.811831 0.495302
v 4.429191 4.812467 0.493254
v 4.403653 4.793738 0.498670
v 4.416422 4.794346 0.496218
v 4.429301 4.794986 0.493949
v 4.404079 4.776268 0.499826
v 4.416704 4.776876 0.497145
v 4.429422 4.777518 0.494643
v 4.405033 4.741386 0.502237
v 4.417331 4.741990 0.499034
v 4.429699 4.742630 0.496019
v 4.405572 4.724010 0.503512
v 4.417686 4.724607 0.500018
v 4.429861 4.725242 0.496723
v 4.406162 4.706717 0.504859
v 4.418080 4.707304 0.501059
v 4.430051 4.707932 0.497468
v 4.407531 4.672511 0.507842
v 4.419021 4.673068 0.503397
v 4.430547 4.673670 0.499175
v 4.408300 4.655591 0.509470
v 4.419563 4.656128 0.504693
v 4.430850 4.656713 0.500140
v 4.409104 4.638747 0.511155
v 4.420135 4.639263 0.506041
v 4.431176 4.639827 0.501150
v 4.458163 5.024118 0.485278
v 4.472941 5.024415 0.484493
v 4.487727 5.024711 0.483439
v 4.458118 5.006629 0.485447
v 4.472759 5.006998 0.484494
v 4.487395 5.007337 0.483262
v 4.457900 4.989069 0.485637
v 4.472399 4.989477 0.484512
v 4.486887 4.989839 0.483104
v 4.457291 4.953898 0.486094
v 4.471495 4.954346 0.484605
v 4.485684 4.954735 0.482840
v 4.456994 4.936331 0.486358
v 4.471043 4.936794 0.484675
v 4.485076 4.937193 0.482729
v 4.456705 4.918776 0.486635
v 4.470596 4.919254 0.484754
v 4.484468 4.919663 0.482626
v 4.456158 4.883705 0.487197
v 4.469721 4.884210 0.484917
v 4.483263 4.884640 0.482433
v 4.455899 4.866188 0.487474
v 4.469295 4.866705 0.484998
v 4.482665 4.867144 0.482342
v 4.455649 4.848684 0.487751
v 4.468873 4.849213 0.485081
v 4.482072 4.849658 0.482256
v 4.455174 4.813711 0.488308
v 4.468051 4.814260 0.485261
v 4.480901 4.814722 0.482109
v 4.454947 4.796243 0.488583
v 4.467648 4.796801 0.485353
v 4.480320 4.797268 0.482043
v 4.454722 4.778787 0.488848
v 4.467243 4.779352 0.485438
v 4.479739 4.779827 0.481976
v 4.454269 4.743914 0.489333
v 4.466426 4.744493 0.485571
v 4.478563 4.744978 0.481817
v 4.454045 4.726529 0.489568
v 4.466015 4.727115 0.485631
v 4.477972 4.727604 0.481736
v 4.453832 4.709219 0.489826
v 4.465612 4.709809 0.485711
v 4.477386 4.710304 0.481677
v 4.453468 4.674937 0.490494
v 4.464852 4.675530 0.486007
v 4.476249 4.676032 0.481686
v 4.453316 4.657960 0.490909
v 4.464497 4.658556 0.486227
v 4.475701 4.659060 0.481758
v 4.453178 4.641055 0.491358
v 4.464152 4.641650 0.486477
v 4.475163 4.642154 0.481858
v 4.517224 5.025311 0.480501
v 4.531782 5.025607 0.479201
v 4.546039 5.025885 0.478804
v 4.516587 5.007940 0.480059
v 4.531002 5.008199 0.478693
v 4.545127 5.008414 0.478257
v 4.515791 4.990439 0.479651
v 4.530074 4.990674 0.478219
v 4.544082 4.990854 0.477730
v 4.514014 4.955325 0.478915
v 4.528047 4.955524 0.477363
v 4.541850 4.955664 0.476752
v 4.513109 4.937778 0.478577
v 4.527020 4.937963 0.476971
v 4.540725 4.938084 0.476302
v 4.512200 4.920245 0.478252
v 4.525982 4.920414 0.476595
v 4.539592 4.920516 0.475871
v 4.510367 4.885211 0.477626
v 4.523883 4.885353 0.475871
v 4.537284 4.885417 0.475051
v 4.509445 4.867712 0.477321
v 4.522821 4.867840 0.475517
v 4.536106 4.867887 0.474654
v 4.508522 4.850223 0.477022
v 4.521752 4.850338 0.475167
v 4.534912 4.850368 0.474266
v 4.506680 4.815279 0.476440
v 4.519602 4.815370 0.474476
v 4.532483 4.815366 0.473509
v 4.505759 4.797822 0.476156
v 4.518522 4.797902 0.474133
v 4.531250 4.797883 0.473139
v 4.504837 4.780375 0.475873
v 4.517437 4.780445 0.473791
v 4.530006 4.780411 0.472772
v 4.502981 4.745520 0.475304
v 4.515255 4.745568 0.473108
v 4.527497 4.745507 0.472048
v 4.502048 4.728142 0.475030
v 4.514157 4.728179 0.472783
v 4.526233 4.728106 0.471706
v 4.501116 4.710835 0.474784
v 4.513059 4.710865 0.472487
v 4.524964 4.710779 0.471397
v 4.499270 4.676557 0.474429
v 4.510865 4.676567 0.472046
v 4.522413 4.676459 0.470934
v 4.498357 4.659580 0.474322
v 4.509770 4.659582 0.471901
v 4.521133 4.659463 0.470780
v 4.497448 4.642670 0.474245
v 4.508678 4.642664 0.471786
v 4.519850 4.642537 0.470658
v 4.573138 5.026326 0.482984
v 4.585896 5.026411 0.487552
v 4.598183 5.026320 0.492999
v 4.572008 5.008661 0.482398
v 4.584668 5.008641 0.486999
v 4.596846 5.008473 0.492574
v 4.570786 4.991014 0.481722
v 4.583360 4.990959 0.486273
v 4.595415 4.990777 0.491905
v 4.568316 4.955761 0.480286
v 4.580780 4.955705 0.484603
v 4.592617 4.955554 0.490205
v 4.567112 4.938150 0.479584
v 4.579553 4.938091 0.483754
v 4.591311 4.937952 0.489299
v 4.565909 4.920551 0.478909
v 4.578337 4.920484 0.482927
v 4.590035 4.920352 0.488393
v 4.563422 4.885379 0.477671
v 4.575826 4.885290 0.481413
v 4.587450 4.885156 0.486693
v 4.562115 4.867807 0.477121
v 4.574495 4.867703 0.480755
v 4.586099 4.867560 0.485939
v 4.560758 4.850250 0.476621
v 4.573102 4.850128 0.480173
v 4.584693 4.849974 0.485270
v 4.557881 4.815171 0.475779
v 4.570097 4.815015 0.479262
v 4.581666 4.814834 0.484238
v 4.556367 4.797653 0.475429
v 4.568488 4.797479 0.478926
v 4.580037 4.797285 0.483875
v 4.554814 4.780147 0.475113
v 4.566821 4.779959 0.478647
v 4.578332 4.779751 0.483595
v 4.551632 4.745183 0.474541
v 4.563356 4.744967 0.478205
v 4.574709 4.744734 0.483223
v 4.550014 4.727756 0.474286
v 4.561570 4.727528 0.478029
v 4.572799 4.727283 0.483115
v 4.548376 4.710404 0.474064
v 4.559753 4.710166 0.477890
v 4.570832 4.709913 0.483055
v 4.545051 4.676043 0.473758
v 4.556033 4.675787 0.477737
v 4.566753 4.675522 0.483073
v 4.543367 4.659029 0.473670
v 4.554139 4.658768 0.477717
v 4.564658 4.658498 0.483137
v 4.541677 4.642084 0.473610
v 4.552233 4.641817 0.477720
v 4.562542 4.641545 0.483223
v 4.399529 5.059642 0.487396
v 4.398995 5.078492 0.487215
v 4.398368 5.097538 0.487217
v 4.413346 5.059458 0.486240
v 4.412607 5.077886 0.486051
v 4.411751 5.096441 0.486012
v 4.427726 5.059160 0.485639
v 4.426875 5.077096 0.485421
v 4.425884 5.095080 0.485317
v 4.396879 5.135911 0.488126
v 4.396011 5.155126 0.489372
v 4.395037 5.174312 0.491482
v 4.409875 5.133723 0.486670
v 4.408887 5.152404 0.487685
v 4.407843 5.171113 0.489489
v 4.423766 5.131138 0.485674
v 4.422697 5.149228 0.486432
v 4.421604 5.167403 0.487897
v 4.392723 5.212380 0.499311
v 4.391517 5.230657 0.505455
v 4.390472 5.247692 0.513314
v 4.405526 5.208554 0.496457
v 4.404325 5.226745 0.501978
v 4.403209 5.243892 0.509001
v 4.419293 5.204057 0.493910
v 4.418093 5.222075 0.498745
v 4.416903 5.239259 0.504859
v 4.389472 5.275836 0.534753
v 4.389816 5.286400 0.548085
v 4.390959 5.294626 0.562330
v 4.401605 5.272968 0.527799
v 4.401341 5.284324 0.538854
v 4.401613 5.293491 0.549779
v 4.414715 5.269192 0.520921
v 4.413904 5.281312 0.530026
v 4.413482 5.291336 0.538701
v 4.457397 5.058736 0.484986
v 4.456587 5.075861 0.484879
v 4.455611 5.092916 0.484827
v 4.472439 5.058730 0.484540
v 4.471758 5.075624 0.484598
v 4.470907 5.092412 0.484694
v 4.487546 5.058848 0.483863
v 4.487037 5.075610 0.484114
v 4.486361 5.092247 0.484395
v 4.453515 5.126984 0.485002
v 4.452484 5.144089 0.485470
v 4.451461 5.161310 0.486473
v 4.469055 5.125902 0.485071
v 4.468147 5.142704 0.485562
v 4.467252 5.159601 0.486509
v 4.484853 5.125401 0.485089
v 4.484113 5.142022 0.485687
v 4.483387 5.158724 0.486682
v 4.449409 5.196238 0.490919
v 4.448345 5.213641 0.494564
v 4.447218 5.230550 0.499151
v 4.465483 5.193804 0.490531
v 4.464577 5.210865 0.493803
v 4.463616 5.227535 0.497924
v 4.481973 5.192473 0.490566
v 4.481264 5.209311 0.493656
v 4.480527 5.225809 0.497547
v 4.444698 5.261455 0.510986
v 4.443460 5.274730 0.517607
v 4.442472 5.286065 0.523913
v 4.461442 5.258524 0.508616
v 4.460348 5.272105 0.514630
v 4.459440 5.283814 0.520380
v 4.478906 5.256750 0.507719
v 4.478098 5.270449 0.513479
v 4.477413 5.282318 0.518995
v 4.517742 5.059412 0.481509
v 4.517626 5.076141 0.482081
v 4.517356 5.092738 0.482698
v 4.532640 5.059844 0.480337
v 4.532718 5.076672 0.480977
v 4.532650 5.093379 0.481678
v 4.547218 5.060378 0.479942
v 4.547482 5.077398 0.480560
v 4.547607 5.094326 0.481250
v 4.516659 5.125803 0.484096
v 4.516316 5.142411 0.485051
v 4.515986 5.159164 0.486400
v 4.532357 5.126688 0.483328
v 4.532209 5.143456 0.484473
v 4.532072 5.160434 0.486069
v 4.547688 5.128119 0.482999
v 4.547714 5.145154 0.484292
v 4.547746 5.162438 0.486123
v 4.515383 5.193322 0.490950
v 4.515120 5.210452 0.494358
v 4.514889 5.227179 0.498571
v 4.531857 5.195337 0.491327
v 4.531797 5.212905 0.495193
v 4.531786 5.229971 0.499917
v 4.547855 5.198132 0.492180
v 4.547951 5.216102 0.496614
v 4.548087 5.233447 0.502002
v 4.514547 5.258036 0.509436
v 4.514420 5.271417 0.515532
v 4.514291 5.282896 0.521320
v 4.531944 5.260790 0.511901
v 4.532059 5.273794 0.518540
v 4.532114 5.284803 0.524793
v 4.548503 5.264086 0.515543
v 4.548702 5.276649 0.522980
v 4.548782 5.287126 0.529940
v 4.574875 5.061727 0.483721
v 4.575461 5.079463 0.483945
v 4.575909 5.097221 0.484228
v 4.587834 5.062362 0.487879
v 4.588513 5.080548 0.487759
v 4.589046 5.098830 0.487678
v 4.600233 5.062737 0.492786
v 4.600912 5.081317 0.492283
v 4.601428 5.100067 0.491806
v 4.576564 5.132799 0.485481
v 4.576826 5.150668 0.486809
v 4.577060 5.168659 0.488914
v 4.589838 5.135539 0.488372
v 4.590148 5.153900 0.489580
v 4.590417 5.172225 0.491690
v 4.602196 5.137808 0.491861
v 4.602512 5.156615 0.492888
v 4.602793 5.175223 0.494930
v 4.577487 5.205120 0.496362
v 4.577654 5.223093 0.501969
v 4.577746 5.240191 0.508885
v 4.590864 5.208576 0.499587
v 4.590976 5.226130 0.505692
v 4.590917 5.242701 0.513334
v 4.603254 5.211334 0.503087
v 4.603320 5.228394 0.509574
v 4.603123 5.244370 0.517821
v 4.577559 5.269640 0.526588
v 4.577192 5.281361 0.536432
v 4.576578 5.290946 0.545675
v 4.589990 5.271178 0.533338
v 4.588998 5.282527 0.544875
v 4.587597 5.291781 0.556119
v 4.601460 5.271813 0.539935
v 4.599772 5.282778 0.553430
v 4.597354 5.291644 0.567653
v 4.304963 5.044652 0.599953
v 4.303691 5.053461 0.611862
v 4.301287 5.064918 0.622426
v 4.298564 5.040411 0.600512
v 4.297031 5.047154 0.611629
v 4.294160 5.057070 0.621983
v 4.291591 5.034477 0.602186
v 4.289713 5.039946 0.612932
v 4.286375 5.048585 0.623100
v 4.275924 5.020025 0.605605
v 4.273343 5.024160 0.616380
v 4.269223 5.030981 0.626487
v 4.267234 5.012431 0.606698
v 4.264371 5.016146 0.617602
v 4.259985 5.022293 0.627784
v 4.258003 5.004871 0.607326
v 4.254919 5.008256 0.618383
v 4.250354 5.013824 0.628679
v 4.238041 4.990556 0.607157
v 4.234721 4.993392 0.618480
v 4.230052 4.997897 0.629035
v 4.227456 4.983884 0.606470
v 4.224112 4.986455 0.617884
v 4.219494 4.990433 0.628561
v 4.216627 4.977417 0.605536
v 4.213293 4.979728 0.617024
v 4.208774 4.983175 0.627821
v 4.293299 5.092541 0.638280
v 4.288023 5.107691 0.643428
v 4.282281 5.123159 0.646874
v 4.285201 5.082600 0.638174
v 4.279566 5.096915 0.643541
v 4.273521 5.111656 0.647138
v 4.276566 5.071941 0.639349
v 4.270646 5.085341 0.644798
v 4.264374 5.099262 0.648400
v 4.258137 5.050440 0.642867
v 4.251816 5.062039 0.648453
v 4.245246 5.074245 0.652000
v 4.248494 5.040119 0.644412
v 4.242043 5.050878 0.650144
v 4.235377 5.062229 0.653723
v 4.238611 5.030127 0.645643
v 4.232077 5.040051 0.651560
v 4.225348 5.050534 0.655215
v 4.218259 5.011165 0.646782
v 4.211702 5.019331 0.653141
v 4.204926 5.027972 0.657063
v 4.207865 5.002119 0.646716
v 4.201357 5.009344 0.653315
v 4.194588 5.017008 0.657419
v 4.197383 4.993248 0.646389
v 4.190949 4.999507 0.653235
v 4.184200 5.006172 0.657538
v 4.270571 5.153388 0.649117
v 4.264978 5.167433 0.647766
v 4.259666 5.180374 0.644418
v 4.261257 5.140691 0.649211
v 4.255379 5.154250 0.647533
v 4.249770 5.166768 0.643774
v 4.251706 5.126877 0.649950
v 4.245607 5.139830 0.647748
v 4.239754 5.151821 0.643397
v 4.232101 5.098605 0.652161
v 4.225750 5.110052 0.648684
v 4.219601 5.120688 0.642986
v 4.222102 5.084838 0.653247
v 4.215693 5.095428 0.649152
v 4.209471 5.105274 0.642827
v 4.211972 5.071337 0.654207
v 4.205514 5.081037 0.649561
v 4.199235 5.090054 0.642686
v 4.191319 5.045057 0.655474
v 4.184687 5.052986 0.650066
v 4.178237 5.060359 0.642430
v 4.180825 5.032204 0.655775
v 4.174055 5.039274 0.650159
v 4.167471 5.045856 0.642308
v 4.170265 5.019468 0.655938
v 4.163333 5.025690 0.650185
v 4.156596 5.031495 0.642189
v 4.250208 5.201758 0.630728
v 4.246441 5.209484 0.620500
v 4.243712 5.214663 0.608502
v 4.239673 5.187470 0.629259
v 4.235620 5.194922 0.618735
v 4.232701 5.199868 0.606591
v 4.229083 5.171735 0.627838
v 4.224752 5.178916 0.616989
v 4.221643 5.183653 0.604707
v 4.208121 5.138576 0.625487
v 4.203353 5.145113 0.614277
v 4.199913 5.149420 0.602023
v 4.197762 5.121932 0.624631
v 4.192854 5.128074 0.613442
v 4.189297 5.132133 0.601386
v 4.187369 5.105398 0.623969
v 4.182374 5.111105 0.612888
v 4.178745 5.114892 0.601100
v 4.166141 5.072999 0.623144
v 4.161114 5.077743 0.612385
v 4.157507 5.080883 0.601175
v 4.155265 5.057151 0.622925
v 4.150281 5.061379 0.612335
v 4.146761 5.064154 0.601395
v 4.144280 5.041449 0.622783
v 4.139363 5.045150 0.612365
v 4.135962 5.047539 0.601686
v 4.242517 5.215780 0.580875
v 4.244158 5.211593 0.566701
v 4.247055 5.204607 0.553664
v 4.231640 5.200623 0.579308
v 4.233603 5.196347 0.565550
v 4.236908 5.189392 0.552932
v 4.220682 5.184114 0.577836
v 4.222936 5.179785 0.564526
v 4.226625 5.172895 0.552340
v 4.198977 5.149568 0.576256
v 4.201610 5.145371 0.563772
v 4.205829 5.138872 0.552306
v 4.188313 5.132234 0.576297
v 4.191033 5.128231 0.564163
v 4.195395 5.122057 0.552963
v 4.177735 5.114961 0.576730
v 4.180514 5.111192 0.564922
v 4.184980 5.105396 0.553958
v 4.156689 5.080781 0.578236
v 4.159638 5.077477 0.567069
v 4.164327 5.072455 0.556578
v 4.146182 5.063883 0.579140
v 4.149266 5.060786 0.568303
v 4.154101 5.056130 0.558072
v 4.135680 5.047065 0.580102
v 4.138920 5.044162 0.569598
v 4.143917 5.039865 0.559638
v 4.255800 5.183507 0.535039
v 4.261150 5.170259 0.530318
v 4.266756 5.155942 0.528467
v 4.246498 5.168877 0.534691
v 4.252217 5.156200 0.529937
v 4.258151 5.142612 0.528065
v 4.237013 5.153048 0.534390
v 4.243082 5.140984 0.529492
v 4.249324 5.128156 0.527449
v 4.217434 5.120729 0.534646
v 4.224109 5.109959 0.529301
v 4.230947 5.098625 0.526673
v 4.207404 5.104952 0.535335
v 4.214331 5.094845 0.529750
v 4.221458 5.084225 0.526783
v 4.197317 5.089394 0.536341
v 4.204469 5.079961 0.530524
v 4.211869 5.070046 0.527216
v 4.177280 5.058711 0.539087
v 4.184831 5.050647 0.532887
v 4.192694 5.042178 0.528966
v 4.167386 5.043499 0.540721
v 4.175120 5.036129 0.534376
v 4.183173 5.028406 0.530191
v 4.157546 5.028341 0.542459
v 4.165457 5.021665 0.535989
v 4.173681 5.014699 0.531559
v 4.277596 5.126271 0.532529
v 4.282542 5.111547 0.537672
v 4.287174 5.097023 0.544140
v 4.269526 5.114742 0.532613
v 4.274734 5.101045 0.538309
v 4.279689 5.087600 0.545438
v 4.261170 5.102122 0.532084
v 4.266579 5.089456 0.538120
v 4.271772 5.077103 0.545724
v 4.243937 5.075912 0.530531
v 4.249883 5.065032 0.536595
v 4.255583 5.054583 0.544531
v 4.235151 5.062954 0.529919
v 4.241462 5.052803 0.535721
v 4.247467 5.043132 0.543540
v 4.226262 5.050161 0.529517
v 4.232937 5.040693 0.534942
v 4.239226 5.031751 0.542516
v 4.208195 5.025173 0.529571
v 4.215390 5.017140 0.534118
v 4.222016 5.009716 0.540988
v 4.199044 5.012948 0.530006
v 4.206370 5.005709 0.534108
v 4.213030 4.999112 0.540575
v 4.189845 5.000834 0.530610
v 4.197248 4.994420 0.534265
v 4.203884 4.988679 0.540312
v 4.295540 5.068986 0.558929
v 4.299241 5.056406 0.567153
v 4.302492 5.046175 0.576546
v 4.289058 5.061843 0.561515
v 4.293202 5.050704 0.570097
v 4.296516 5.042294 0.579362
v 4.281853 5.053677 0.562923
v 4.286339 5.043766 0.571958
v 4.289795 5.036515 0.581440
v 4.266544 5.035379 0.563310
v 4.271308 5.027505 0.573400
v 4.274833 5.021821 0.583857
v 4.258659 5.025754 0.562736
v 4.263332 5.018811 0.573302
v 4.266668 5.013870 0.584268
v 4.250499 5.016106 0.561885
v 4.254965 5.010061 0.572837
v 4.258011 5.005858 0.584248
v 4.232952 4.997551 0.560017
v 4.236791 4.993277 0.571321
v 4.239117 4.990532 0.583233
v 4.223580 4.988761 0.559155
v 4.227043 4.985373 0.570428
v 4.228985 4.983352 0.582386
v 4.213961 4.980176 0.558328
v 4.217025 4.977676 0.569484
v 4.218575 4.976375 0.581403
v 4.682341 5.045369 0.582534
v 4.686273 5.054770 0.571225
v 4.690709 5.066328 0.561132
v 4.686781 5.041276 0.583940
v 4.690765 5.048723 0.572937
v 4.695706 5.058692 0.562649
v 4.692317 5.035300 0.584523
v 4.696427 5.041440 0.573480
v 4.701785 5.050064 0.562956
v 4.706544 5.019888 0.584424
v 4.710734 5.024446 0.572982
v 4.716475 5.031116 0.562086
v 4.715060 5.011352 0.584007
v 4.719101 5.015338 0.572463
v 4.724773 5.021291 0.561531
v 4.724224 5.002639 0.583493
v 4.728033 5.006125 0.571913
v 4.733521 5.011452 0.561022
v 4.743625 4.985705 0.582588
v 4.746868 4.988221 0.571088
v 4.751838 4.992334 0.560422
v 4.753586 4.977664 0.582277
v 4.756537 4.979665 0.570872
v 4.761224 4.983139 0.560357
v 4.763645 4.969804 0.582026
v 4.766302 4.971277 0.570738
v 4.770699 4.974096 0.560389
v 4.700583 5.093000 0.544201
v 4.705885 5.107365 0.537638
v 4.711376 5.122121 0.532842
v 4.706949 5.082975 0.544945
v 4.712857 5.096339 0.538079
v 4.718899 5.110198 0.533066
v 4.714108 5.071990 0.544745
v 4.720501 5.084353 0.537771
v 4.726993 5.097311 0.532745
v 4.730037 5.049098 0.543685
v 4.737145 5.059711 0.536957
v 4.744375 5.071032 0.532327
v 4.738539 5.037746 0.543393
v 4.745909 5.047631 0.536951
v 4.753460 5.058239 0.532646
v 4.747297 5.026543 0.543296
v 4.754873 5.035748 0.537196
v 4.762707 5.045675 0.533255
v 4.765296 5.004738 0.543685
v 4.773138 5.012578 0.538287
v 4.781412 5.021122 0.535067
v 4.774437 4.994122 0.544124
v 4.782356 5.001243 0.539052
v 4.790795 5.009061 0.536162
v 4.783633 4.983624 0.544662
v 4.791606 4.990009 0.539905
v 4.800187 4.997087 0.537332
v 4.722730 5.151938 0.530088
v 4.728234 5.166246 0.532632
v 4.733215 5.179440 0.537948
v 4.731230 5.138488 0.530168
v 4.737176 5.152170 0.532719
v 4.742572 5.164852 0.537994
v 4.740152 5.124013 0.530067
v 4.746485 5.137018 0.532762
v 4.752249 5.149131 0.538099
v 4.758976 5.094682 0.530608
v 4.765975 5.106287 0.533693
v 4.772351 5.117155 0.539224
v 4.768725 5.080463 0.531494
v 4.776019 5.091373 0.534752
v 4.782654 5.101590 0.540358
v 4.778588 5.066504 0.532689
v 4.786158 5.076717 0.536109
v 4.793032 5.086272 0.541781
v 4.798345 5.039114 0.535635
v 4.806416 5.047919 0.539371
v 4.813745 5.056138 0.545181
v 4.808168 5.025588 0.537262
v 4.816469 5.033678 0.541157
v 4.824025 5.041230 0.547046
v 4.817966 5.012127 0.538949
v 4.826490 5.019500 0.543004
v 4.834272 5.026386 0.548976
v 4.740376 5.200322 0.557135
v 4.742175 5.207118 0.570102
v 4.742694 5.211015 0.584031
v 4.750491 5.185122 0.556672
v 4.752609 5.191838 0.569221
v 4.753366 5.195807 0.582787
v 4.760843 5.168683 0.556375
v 4.763239 5.175273 0.568520
v 4.764202 5.179276 0.581720
v 4.781964 5.134893 0.556926
v 4.784724 5.140988 0.568401
v 4.785912 5.144792 0.580932
v 4.792633 5.118262 0.557853
v 4.795488 5.123987 0.569077
v 4.796706 5.127558 0.581315
v 4.803338 5.101824 0.559109
v 4.806269 5.107140 0.570118
v 4.807503 5.110435 0.582081
v 4.824759 5.069453 0.562250
v 4.827910 5.073964 0.572878
v 4.829258 5.076721 0.584319
v 4.835451 5.053463 0.564008
v 4.838768 5.057605 0.574454
v 4.840233 5.060129 0.585638
v 4.846137 5.037554 0.565839
v 4.849642 5.041339 0.576105
v 4.851250 5.043646 0.587035
v 4.739702 5.208880 0.610844
v 4.736373 5.202990 0.622369
v 4.732130 5.194479 0.632142
v 4.750505 5.194281 0.609515
v 4.747078 5.188886 0.621339
v 4.742674 5.180951 0.631502
v 4.761428 5.178274 0.608357
v 4.757896 5.173343 0.620496
v 4.753338 5.165974 0.631096
v 4.783063 5.144338 0.607000
v 4.779273 5.140142 0.619383
v 4.774399 5.133779 0.630515
v 4.793713 5.127127 0.606856
v 4.789774 5.123200 0.619102
v 4.784740 5.117270 0.630248
v 4.804358 5.109943 0.606994
v 4.800275 5.106251 0.618990
v 4.795085 5.100726 0.630030
v 4.825974 5.076118 0.607870
v 4.821667 5.072886 0.619219
v 4.816205 5.068156 0.629858
v 4.836990 5.059531 0.608506
v 4.832609 5.056547 0.619513
v 4.827033 5.052219 0.629908
v 4.848094 5.043079 0.609219
v 4.843657 5.040351 0.619879
v 4.837975 5.036432 0.630015
v 4.721852 5.171516 0.645156
v 4.716168 5.157921 0.648386
v 4.710271 5.143423 0.649843
v 4.732034 5.159226 0.645153
v 4.726174 5.146250 0.648517
v 4.720092 5.132359 0.649973
v 4.742389 5.145574 0.645593
v 4.736402 5.133309 0.649241
v 4.730195 5.120140 0.650850
v 4.762923 5.116081 0.646680
v 4.756767 5.105410 0.651223
v 4.750423 5.093901 0.653532
v 4.773018 5.100894 0.647059
v 4.766795 5.091060 0.652131
v 4.760404 5.080442 0.654915
v 4.783119 5.085653 0.647342
v 4.776822 5.076661 0.652933
v 4.770378 5.066951 0.656203
v 4.803714 5.055618 0.647720
v 4.797207 5.048278 0.654127
v 4.790592 5.040369 0.658191
v 4.814257 5.040923 0.647850
v 4.807611 5.034380 0.654532
v 4.800870 5.027353 0.658874
v 4.824905 5.026362 0.647957
v 4.818101 5.020610 0.654859
v 4.811220 5.014453 0.659427
v 4.698305 5.113229 0.648689
v 4.692640 5.098338 0.646187
v 4.687572 5.084156 0.642133
v 4.707670 5.103328 0.648413
v 4.701675 5.089032 0.645564
v 4.696149 5.075510 0.641143
v 4.717479 5.092506 0.649117
v 4.711244 5.078906 0.645995
v 4.705345 5.066121 0.641276
v 4.737398 5.069518 0.651951
v 4.730887 5.057461 0.648308
v 4.724530 5.046200 0.642927
v 4.747288 5.057823 0.653557
v 4.740710 5.046579 0.649630
v 4.734255 5.036069 0.643845
v 4.757182 5.046154 0.655095
v 4.750563 5.035750 0.650884
v 4.744068 5.026002 0.644688
v 4.777167 5.023301 0.657463
v 4.770497 5.014667 0.652743
v 4.763997 5.006518 0.645825
v 4.787284 5.012166 0.658244
v 4.780588 5.004453 0.653306
v 4.774097 4.997148 0.646096
v 4.797452 5.001153 0.658855
v 4.790730 4.994376 0.653714
v 4.784253 4.987932 0.646242
v 4.680373 5.059619 0.628519
v 4.678606 5.050025 0.618867
v 4.678189 5.042919 0.607509
v 4.687499 5.052696 0.627001
v 4.684868 5.044406 0.617444
v 4.683699 5.039023 0.606693
v 4.695362 5.045044 0.626774
v 4.691889 5.037773 0.617289
v 4.689970 5.033370 0.606810
v 4.712832 5.028177 0.627461
v 4.708233 5.022229 0.617786
v 4.705272 5.018702 0.607192
v 4.722232 5.019317 0.627676
v 4.717413 5.013813 0.617788
v 4.714217 5.010527 0.607038
v 4.731953 5.010434 0.627773
v 4.727066 5.005297 0.617649
v 4.723764 5.002179 0.606731
v 4.752017 4.993338 0.627631
v 4.747192 4.988873 0.617130
v 4.743848 4.986027 0.605979
v 4.762233 4.985228 0.627425
v 4.757469 4.981112 0.616809
v 4.754130 4.978405 0.605613
v 4.772522 4.977303 0.627163
v 4.767828 4.973546 0.616466
v 4.764503 4.970978 0.605254
v 4.511961 5.315201 0.539759
v 4.528110 5.315638 0.543414
v 4.542762 5.316094 0.549026
v 4.512374 5.313156 0.538282
v 4.528852 5.313653 0.542011
v 4.543826 5.314213 0.547748
v 4.512766 5.311054 0.536832
v 4.529567 5.311621 0.540640
v 4.544863 5.312292 0.546496
v 4.513445 5.306460 0.534001
v 4.530860 5.307209 0.537977
v 4.546792 5.308157 0.544042
v 4.513721 5.303292 0.532248
v 4.531389 5.304190 0.536270
v 4.547609 5.305336 0.542359
v 4.513953 5.298712 0.529779
v 4.531796 5.299836 0.533762
v 4.548250 5.301261 0.539744
v 4.564792 5.315758 0.566482
v 4.571354 5.314381 0.577872
v 4.574791 5.311853 0.590312
v 4.566452 5.314189 0.565670
v 4.573251 5.312997 0.577394
v 4.576844 5.310647 0.590203
v 4.568110 5.312607 0.564840
v 4.575171 5.311614 0.576865
v 4.578946 5.309451 0.590010
v 4.571410 5.309280 0.562987
v 4.579139 5.308757 0.575447
v 4.583452 5.307028 0.589147
v 4.572993 5.306969 0.561312
v 4.581285 5.306744 0.573922
v 4.586272 5.305322 0.588042
v 4.574446 5.303504 0.558300
v 4.583581 5.303636 0.570946
v 4.589890 5.302618 0.585713
v 4.572006 5.302494 0.616074
v 4.566063 5.296088 0.628338
v 4.557554 5.289389 0.639539
v 4.574018 5.301535 0.616692
v 4.567880 5.295182 0.629267
v 4.559099 5.288493 0.640717
v 4.576110 5.300584 0.617205
v 4.569779 5.294272 0.630105
v 4.560724 5.287579 0.641825
v 4.580737 5.298645 0.617764
v 4.573974 5.292351 0.631413
v 4.564326 5.285573 0.643779
v 4.583627 5.297176 0.618033
v 4.576270 5.290813 0.632325
v 4.566148 5.283971 0.645081
v 4.587175 5.294664 0.618925
v 4.578557 5.288189 0.634163
v 4.567726 5.281322 0.647243
v 4.534334 5.277761 0.656872
v 4.520479 5.273728 0.662432
v 4.505766 5.271193 0.665780
v 4.535242 5.276775 0.658295
v 4.521056 5.272670 0.663864
v 4.506012 5.270072 0.667188
v 4.536210 5.275743 0.659687
v 4.521681 5.271554 0.665277
v 4.506289 5.268892 0.668586
v 4.538412 5.273382 0.662371
v 4.523141 5.268992 0.668055
v 4.506991 5.266176 0.671366
v 4.539519 5.271642 0.663946
v 4.523892 5.267175 0.669651
v 4.507381 5.264296 0.672953
v 4.540432 5.269031 0.666057
v 4.524521 5.264560 0.671693
v 4.507732 5.261669 0.674941
v 4.475704 5.271393 0.665518
v 4.461282 5.274146 0.661901
v 4.447860 5.278429 0.656060
v 4.475291 5.270278 0.666907
v 4.460547 5.273098 0.663292
v 4.446810 5.277458 0.657418
v 4.474874 5.269103 0.668289
v 4.459790 5.271992 0.664673
v 4.445721 5.276437 0.658758
v 4.474038 5.266388 0.671057
v 4.458192 5.269434 0.667426
v 4.443379 5.274081 0.661400
v 4.473689 5.264503 0.672654
v 4.457471 5.267602 0.669041
v 4.442289 5.272321 0.663000
v 4.473479 5.261856 0.674665
v 4.456967 5.264952 0.671129
v 4.441483 5.269660 0.665181
v 4.425777 5.290705 0.638091
v 4.417938 5.297760 0.626482
v 4.412741 5.304462 0.613686
v 4.424130 5.289830 0.639144
v 4.416045 5.296875 0.627250
v 4.410684 5.303527 0.614109
v 4.422416 5.288929 0.640148
v 4.414078 5.295978 0.627952
v 4.408550 5.302587 0.614451
v 4.418696 5.286919 0.642005
v 4.409790 5.294041 0.629113
v 4.403860 5.300617 0.614787
v 4.416875 5.285289 0.643340
v 4.407497 5.292484 0.630051
v 4.400985 5.299148 0.615055
v 4.415368 5.282585 0.645611
v 4.405274 5.289835 0.632012
v 4.397513 5.296690 0.616072
v 4.411700 5.314016 0.586345
v 4.416064 5.316413 0.573060
v 4.423489 5.317554 0.561104
v 4.409683 5.312845 0.585992
v 4.414251 5.315073 0.572329
v 4.421955 5.316037 0.560044
v 4.407606 5.311656 0.585554
v 4.412393 5.313700 0.571525
v 4.420393 5.314464 0.558926
v 4.403104 5.309135 0.584202
v 4.408459 5.310697 0.569464
v 4.417154 5.310954 0.556318
v 4.400331 5.307375 0.582922
v 4.406368 5.308551 0.567645
v 4.415625 5.308430 0.554267
v 4.396895 5.304718 0.580530
v 4.404278 5.305325 0.564490
v 4.414373 5.304677 0.551015
v 4.446762 5.317241 0.544284
v 4.461747 5.316416 0.539927
v 4.478071 5.315594 0.537918
v 4.445868 5.315407 0.542818
v 4.461177 5.314466 0.538391
v 4.477826 5.313568 0.536372
v 4.444965 5.313494 0.541329
v 4.460599 5.312439 0.536848
v 4.477572 5.311469 0.534832
v 4.443145 5.309177 0.538179
v 4.459435 5.307893 0.533670
v 4.477033 5.306803 0.531727
v 4.442382 5.306107 0.536133
v 4.458967 5.304678 0.531691
v 4.476828 5.303529 0.529830
v 4.441919 5.301621 0.533295
v 4.458736 5.300001 0.529018
v 4.476772 5.298770 0.527274
v 4.411013 5.078631 0.731606
v 4.423142 5.079810 0.734462
v 4.435315 5.080767 0.736642
v 4.408889 5.096502 0.730258
v 4.421029 5.097760 0.733051
v 4.433341 5.098746 0.735144
v 4.406828 5.114230 0.728162
v 4.418970 5.115556 0.730925
v 4.431413 5.116564 0.732986
v 4.459663 5.082190 0.740075
v 4.471803 5.082665 0.741424
v 4.483914 5.082943 0.742288
v 4.458183 5.100136 0.738051
v 4.470624 5.100583 0.739016
v 4.483060 5.100843 0.739582
v 4.456734 5.117904 0.735489
v 4.469472 5.118310 0.736114
v 4.482228 5.118547 0.736404
v 4.508042 5.082771 0.741833
v 4.520068 5.082320 0.740590
v 4.532085 5.081667 0.739009
v 4.507872 5.100739 0.739287
v 4.520234 5.100366 0.738466
v 4.532562 5.099792 0.737328
v 4.507710 5.118508 0.736200
v 4.520400 5.118217 0.735724
v 4.533035 5.117726 0.734951
v 4.556115 5.079884 0.735806
v 4.567991 5.078716 0.733969
v 4.579582 5.077276 0.731364
v 4.557079 5.098068 0.734462
v 4.569105 5.096846 0.732515
v 4.580773 5.095276 0.729818
v 4.558052 5.116070 0.732330
v 4.570243 5.114794 0.730276
v 4.581996 5.113097 0.727510
v 4.403165 5.149107 0.720645
v 4.415327 5.150464 0.723405
v 4.427983 5.151445 0.725528
v 4.401589 5.166046 0.715109
v 4.413758 5.167284 0.717930
v 4.426483 5.168139 0.720182
v 4.400126 5.182420 0.708595
v 4.412278 5.183373 0.711579
v 4.425031 5.183929 0.714079
v 4.454113 5.152614 0.727752
v 4.467371 5.152919 0.728023
v 4.480697 5.153089 0.728003
v 4.452921 5.169055 0.722613
v 4.466407 5.169261 0.722918
v 4.479993 5.169367 0.722904
v 4.451725 5.184319 0.717008
v 4.465439 5.184338 0.717486
v 4.479300 5.184329 0.717581
v 4.507390 5.153152 0.727861
v 4.520680 5.153018 0.727740
v 4.533882 5.152695 0.727328
v 4.507257 5.169466 0.722764
v 4.520829 5.169426 0.722638
v 4.534299 5.169222 0.722194
v 4.507176 5.184453 0.717435
v 4.521053 5.184550 0.717198
v 4.534797 5.184541 0.716585
v 4.559856 5.151213 0.724835
v 4.572387 5.149887 0.722612
v 4.584352 5.148033 0.719814
v 4.560703 5.167974 0.719500
v 4.573384 5.166736 0.717167
v 4.585455 5.164939 0.714351
v 4.561593 5.183794 0.713433
v 4.574388 5.182815 0.710894
v 4.586535 5.181250 0.707977
vn -0.6347 0.0289 0.7723
vn -0.6170 0.0300 0.7864
vn -0.5685 0.0173 0.8225
vn -0.5864 0.0173 0.8099
vn -0.5975 0.0305 0.8013
vn -0.5491 0.0160 0.8356
vn -0.5403 0.0043 0.8414
vn -0.5536 0.0056 0.8328
vn -0.5262 0.0013 0.8504
vn -0.7004 0.0356 0.7129
vn -0.6934 0.0364 0.7196
vn -0.6437 0.0284 0.7648
vn -0.6800 0.0382 0.7322
vn -0.6650 0.0401 0.7458
vn -0.6476 0.0418 0.7608
vn -0.5754 0.0303 0.8173
vn -0.5275 0.0136 0.8494
vn -0.5108 -0.0031 0.8597
vn -0.5239 -0.0140 0.8517
vn -0.5282 -0.0081 0.8491
vn -0.5326 -0.0038 0.8464
vn -0.5370 -0.0014 0.8436
vn -0.5604 0.0059 0.8282
vn -0.5395 -0.0007 0.8420
vn -0.5955 0.0171 0.8032
vn -0.5449 -0.0016 0.8385
vn -0.5506 -0.0047 0.8347
vn -0.5998 0.0012 0.8001
vn -0.5857 0.0043 0.8105
vn -0.5572 -0.0095 0.8303
vn -0.6151 -0.0031 0.7884
vn -0.6794 0.0120 0.7337
vn -0.6596 0.0147 0.7514
vn -0.6999 0.0088 0.7141
vn -0.5420 -0.0005 0.8404
vn -0.5649 -0.0156 0.8250
vn -0.6320 -0.0083 0.7749
vn -0.7218 0.0053 0.6921
vn -0.8206 0.0224 0.5710
vn -0.7989 0.0241 0.6009
vn -0.7776 0.0260 0.6283
vn -0.7563 0.0281 0.6536
vn -0.6489 0.0158 0.7607
vn -0.7445 0.0290 0.6669
vn -0.5781 0.0054 0.8160
vn -0.8480 0.0432 0.5283
vn -0.8660 0.0418 0.4982
vn -0.9281 0.0565 0.3679
vn -0.9164 0.0568 0.3962
vn -0.8836 0.0413 0.4664
vn -0.9393 0.0577 0.3383
vn -0.9677 0.0642 0.2438
vn -0.9630 0.0626 0.2622
vn -0.9722 0.0680 0.2239
vn -0.8378 0.0440 0.5442
vn -0.9007 0.0414 0.4324
vn -0.9499 0.0597 0.3068
vn -0.9767 0.0728 0.2019
vn -0.9906 0.0757 0.1139
vn -0.9905 0.0668 0.1202
vn -0.9906 0.0592 0.1237
vn -0.9907 0.0545 0.1249
vn -0.9599 0.0624 0.2732
vn -0.9904 0.0532 0.1276
vn -0.9096 0.0573 0.4116
vn -0.5505 0.0293 0.8343
vn -0.5233 0.0271 0.8517
vn -0.4785 0.0076 0.8781
vn -0.5037 0.0107 0.8638
vn -0.4950 0.0237 0.8686
vn -0.4530 0.0043 0.8915
vn -0.4777 -0.0116 0.8784
vn -0.4944 -0.0078 0.8692
vn -0.4620 -0.0145 0.8868
vn -0.6276 0.0426 0.7774
vn -0.6049 0.0414 0.7952
vn -0.5802 0.0381 0.8136
vn -0.5543 0.0329 0.8317
vn -0.4666 0.0191 0.8842
vn -0.4289 0.0010 0.9034
vn -0.4483 -0.0165 0.8937
vn -0.5179 -0.0273 0.8550
vn -0.5162 -0.0265 0.8561
vn -0.5171 -0.0240 0.8556
vn -0.5200 -0.0198 0.8540
vn -0.5742 -0.0214 0.8184
vn -0.5854 -0.0253 0.8104
vn -0.6710 -0.0159 0.7413
vn -0.6507 -0.0130 0.7592
vn -0.5986 -0.0270 0.8006
vn -0.6923 -0.0168 0.7214
vn -0.7677 -0.0002 0.6408
vn -0.7447 0.0021 0.6674
vn -0.7897 -0.0015 0.6135
vn -0.6140 -0.0268 0.7889
vn -0.7138 -0.0160 0.7002
vn -0.8094 -0.0020 0.5873
vn -0.8921 0.0076 0.4517
vn -0.8792 0.0129 0.4762
vn -0.8622 0.0172 0.5063
vn -0.8421 0.0203 0.5389
vn -0.9169 0.0397 0.3972
vn -0.9310 0.0339 0.3634
vn -0.9683 0.0491 0.2448
vn -0.9598 0.0582 0.2745
vn -0.9418 0.0238 0.3354
vn -0.9745 0.0317 0.2222
vn -0.9856 0.0608 0.1580
vn -0.9812 0.0724 0.1789
vn -0.9890 0.0368 0.1432
vn -0.9483 0.0101 0.3173
vn -0.9775 0.0075 0.2110
vn -0.9904 0.0028 0.1385
vn -0.9956 -0.0021 0.0938
vn -0.9950 0.0385 0.0926
vn -0.9931 0.0662 0.0973
vn -0.9914 0.0781 0.1054
vn -0.4396 0.0143 0.8981
vn -0.4149 0.0100 0.9098
vn -0.3890 -0.0039 0.9212
vn -0.4072 -0.0019 0.9133
vn -0.3931 0.0063 0.9195
vn -0.3749 -0.0050 0.9270
vn -0.4310 -0.0174 0.9022
vn -0.4378 -0.0175 0.8989
vn -0.4279 -0.0161 0.9037
vn -0.5278 0.0268 0.8489
vn -0.5015 0.0211 0.8649
vn -0.4760 0.0158 0.8793
vn -0.4517 0.0108 0.8921
vn -0.3751 0.0031 0.9270
vn -0.3654 -0.0054 0.9308
vn -0.4289 -0.0138 0.9033
vn -0.5521 -0.0197 0.8335
vn -0.5402 -0.0231 0.8412
vn -0.5302 -0.0255 0.8475
vn -0.5226 -0.0269 0.8521
vn -0.6312 -0.0254 0.7752
vn -0.6495 -0.0237 0.7600
vn -0.7546 -0.0136 0.6560
vn -0.7348 -0.0146 0.6781
vn -0.6679 -0.0216 0.7439
vn -0.7726 -0.0132 0.6347
vn -0.8399 -0.0038 0.5428
vn -0.8261 -0.0026 0.5635
vn -0.8509 -0.0059 0.5252
vn -0.6856 -0.0194 0.7277
vn -0.7883 -0.0134 0.6151
vn -0.8597 -0.0087 0.5107
vn -0.9084 -0.0120 0.4179
vn -0.9076 -0.0078 0.4197
vn -0.9054 -0.0031 0.4246
vn -0.9006 0.0021 0.4347
vn -0.9504 -0.0038 0.3109
vn -0.9491 -0.0146 0.3145
vn -0.9736 -0.0343 0.2255
vn -0.9769 -0.0166 0.2129
vn -0.9457 -0.0219 0.3242
vn -0.9687 -0.0446 0.2441
vn -0.9855 -0.0557 0.1600
vn -0.9890 -0.0312 0.1448
vn -0.9813 -0.0691 0.1798
vn -0.9414 -0.0261 0.3362
vn -0.9633 -0.0483 0.2640
vn -0.9771 -0.0724 0.2003
vn -0.9856 -0.0926 0.1417
vn -0.9878 -0.0891 0.1278
vn -0.9908 -0.0731 0.1135
vn -0.9939 -0.0434 0.1014
vn -0.3613 -0.0000 0.9324
vn -0.3521 -0.0029 0.9360
vn -0.3617 -0.0052 0.9323
vn -0.3609 -0.0053 0.9326
vn -0.3477 -0.0060 0.9376
vn -0.3676 -0.0051 0.9300
vn -0.4427 -0.0078 0.8966
vn -0.4338 -0.0109 0.9009
vn -0.4554 -0.0046 0.8903
vn -0.4291 0.0060 0.9032
vn -0.4087 0.0013 0.9126
vn -0.3910 -0.0035 0.9204
vn -0.3762 -0.0082 0.9265
vn -0.3482 -0.0090 0.9374
vn -0.3789 -0.0050 0.9254
vn -0.4716 -0.0014 0.8818
vn -0.6098 -0.0024 0.7925
vn -0.5944 -0.0071 0.8041
vn -0.5795 -0.0116 0.8149
vn -0.5653 -0.0158 0.8247
vn -0.7019 -0.0168 0.7121
vn -0.7165 -0.0139 0.6975
vn -0.8124 -0.0135 0.5829
vn -0.8015 -0.0137 0.5978
vn -0.7293 -0.0107 0.6841
vn -0.8214 -0.0128 0.5702
vn -0.8723 -0.0133 0.4888
vn -0.8667 -0.0114 0.4988
vn -0.8771 -0.0143 0.4801
vn -0.7406 -0.0070 0.6720
vn -0.8286 -0.0115 0.5597
vn -0.8815 -0.0144 0.4719
vn -0.9129 -0.0155 0.4078
vn -0.9104 -0.0168 0.4134
vn -0.9091 -0.0167 0.4162
vn -0.9087 -0.0151 0.4173
vn -0.9374 -0.0275 0.3473
vn -0.9344 -0.0262 0.3552
vn -0.9546 -0.0411 0.2951
vn -0.9583 -0.0468 0.2818
vn -0.9333 -0.0223 0.3583
vn -0.9528 -0.0317 0.3020
vn -0.9710 -0.0586 0.2320
vn -0.9735 -0.0682 0.2182
vn -0.9697 -0.0442 0.2403
vn -0.9346 -0.0164 0.3552
vn -0.9533 -0.0193 0.3014
vn -0.9699 -0.0258 0.2422
vn -0.9840 -0.0370 0.1744
vn -0.9837 -0.0585 0.1701
vn -0.9837 -0.0754 0.1632
vn -0.9843 -0.0870 0.1537
vn -0.3535 -0.0117 0.9354
vn -0.3628 -0.0136 0.9318
vn -0.4147 -0.0054 0.9100
vn -0.3949 -0.0051 0.9187
vn -0.3752 -0.0148 0.9268
vn -0.4369 -0.0058 0.8995
vn -0.5126 0.0030 0.8586
vn -0.4909 0.0013 0.8712
vn -0.5358 0.0037 0.8443
vn -0.3646 -0.0122 0.9311
vn -0.3561 -0.0150 0.9343
vn -0.3507 -0.0164 0.9364
vn -0.3479 -0.0163 0.9374
vn -0.3895 -0.0152 0.9209
vn -0.4603 -0.0066 0.8878
vn -0.5596 0.0030 0.8287
vn -0.6761 0.0077 0.7367
vn -0.6585 0.0072 0.7525
vn -0.6417 0.0051 0.7670
vn -0.6255 0.0019 0.7802
vn -0.7504 -0.0032 0.6610
vn -0.7597 0.0006 0.6503
vn -0.8404 -0.0055 0.5419
vn -0.8347 -0.0092 0.5506
vn -0.7694 0.0042 0.6388
vn -0.8466 -0.0005 0.5322
vn -0.8909 -0.0090 0.4541
vn -0.8860 -0.0128 0.4635
vn -0.8965 -0.0029 0.4431
vn -0.7803 0.0070 0.6254
vn -0.8541 0.0048 0.5201
vn -0.9029 0.0045 0.4298
vn -0.9349 0.0080 0.3547
vn -0.9285 -0.0005 0.3713
vn -0.9223 -0.0076 0.3863
vn -0.9170 -0.0125 0.3987
vn -0.9384 -0.0093 0.3456
vn -0.9438 -0.0016 0.3306
vn -0.9602 0.0052 0.2792
vn -0.9560 -0.0063 0.2932
vn -0.9499 0.0067 0.3126
vn -0.9649 0.0153 0.2623
vn -0.9733 0.0083 0.2294
vn -0.9712 -0.0072 0.2380
vn -0.9756 0.0205 0.2188
vn -0.9558 0.0151 0.2936
vn -0.9692 0.0234 0.2452
vn -0.9776 0.0289 0.2084
vn -0.9836 0.0275 0.1784
vn -0.9839 0.0177 0.1776
vn -0.9842 0.0033 0.1772
vn -0.9842 -0.0151 0.1764
vn -0.4042 -0.0151 0.9145
vn -0.4178 -0.0147 0.9084
vn -0.5031 -0.0109 0.8642
vn -0.4830 -0.0082 0.8756
vn -0.4284 -0.0138 0.9035
vn -0.5184 -0.0143 0.8550
vn -0.6029 -0.0050 0.7978
vn -0.5827 0.0002 0.8127
vn -0.6180 -0.0124 0.7861
vn -0.3474 -0.0150 0.9376
vn -0.3481 -0.0123 0.9374
vn -0.3489 -0.0082 0.9371
vn -0.3489 -0.0013 0.9372
vn -0.4346 -0.0108 0.9006
vn -0.5271 -0.0167 0.8496
vn -0.6259 -0.0200 0.7797
vn -0.7258 -0.0218 0.6875
vn -0.7212 -0.0104 0.6926
vn -0.7098 -0.0009 0.7044
vn -0.6939 0.0053 0.7200
vn -0.7921 0.0065 0.6104
vn -0.8029 0.0012 0.5961
vn -0.8700 0.0030 0.4930
vn -0.8624 0.0069 0.5061
vn -0.8103 -0.0088 0.5860
vn -0.8745 -0.0071 0.4850
vn -0.9154 0.0057 0.4026
vn -0.9097 0.0087 0.4151
vn -0.9180 -0.0052 0.3965
vn -0.8114 -0.0227 0.5840
vn -0.8733 -0.0236 0.4866
vn -0.9152 -0.0254 0.4021
vn -0.9425 -0.0300 0.3328
vn -0.9467 -0.0040 0.3222
vn -0.9453 0.0092 0.3259
vn -0.9409 0.0127 0.3383
vn -0.9608 0.0189 0.2767
vn -0.9640 0.0132 0.2656
vn -0.9746 0.0161 0.2236
vn -0.9726 0.0254 0.2310
vn -0.9641 -0.0049 0.2653
vn -0.9733 -0.0112 0.2292
vn -0.9802 0.0166 0.1975
vn -0.9793 0.0296 0.2004
vn -0.9772 -0.0273 0.2104
vn -0.9579 -0.0421 0.2840
vn -0.9623 -0.0731 0.2620
vn -0.9503 -0.1638 0.2648
vn -0.8717 -0.4773 0.1107
vn -0.9849 -0.0340 0.1698
vn -0.9838 0.0167 0.1783
vn -0.9834 0.0292 0.1794
vn 0.9594 0.0251 0.2810
vn 0.9505 0.0191 0.3102
vn 0.9455 0.0445 0.3224
vn 0.9565 0.0602 0.2854
vn 0.9345 0.0031 0.3559
vn 0.9277 0.0235 0.3726
vn 0.9385 0.0475 0.3420
vn 0.9526 0.0617 0.2980
vn 0.9183 0.0282 0.3948
vn 0.8746 -0.4426 0.1978
vn 0.9458 -0.1059 0.3069
vn 0.9692 0.0305 0.2446
vn 0.9461 -0.0441 0.3208
vn 0.9341 -0.0371 0.3551
vn 0.9099 -0.0469 0.4122
vn 0.9080 -0.0170 0.4186
vn 0.8997 0.0014 0.4365
vn 0.8892 0.0092 0.4574
vn 0.8804 0.0071 0.4742
vn 0.9095 0.0203 0.4152
vn 0.9319 0.0354 0.3611
vn 0.9496 0.0464 0.3099
vn 0.9643 0.0659 0.2567
vn 0.9657 0.0472 0.2554
vn 0.9649 0.0678 0.2538
vn 0.9477 0.0260 0.3182
vn 0.9264 0.0184 0.3760
vn 0.9224 0.0056 0.3861
vn 0.9466 0.0100 0.3223
vn 0.9030 0.0079 0.4296
vn 0.8990 -0.0010 0.4379
vn 0.9199 -0.0016 0.3921
vn 0.9467 -0.0006 0.3222
vn 0.8972 -0.0046 0.4415
vn 0.9680 0.0240 0.2499
vn 0.8760 0.0011 0.4823
vn 0.8759 -0.0027 0.4825
vn 0.8786 -0.0029 0.4775
vn 0.8825 -0.0000 0.4703
vn 0.8969 -0.0036 0.4422
vn 0.9188 -0.0036 0.3947
vn 0.9480 -0.0066 0.3183
vn 0.9744 -0.0093 0.2245
vn 0.9785 -0.0197 0.2051
vn 0.9709 0.0050 0.2396
vn 0.9504 -0.0095 0.3109
vn 0.9190 -0.0024 0.3943
vn 0.9203 0.0006 0.3911
vn 0.9539 -0.0106 0.2998
vn 0.8975 0.0004 0.4411
vn 0.8987 0.0057 0.4386
vn 0.9229 0.0048 0.3850
vn 0.9585 -0.0099 0.2849
vn 0.9004 0.0121 0.4348
vn 0.9829 -0.0277 0.1819
vn 0.8863 0.0048 0.4630
vn 0.8896 0.0103 0.4566
vn 0.8923 0.0167 0.4512
vn 0.8941 0.0233 0.4472
vn 0.9026 0.0190 0.4300
vn 0.9265 0.0099 0.3761
vn 0.9639 -0.0080 0.2660
vn 0.9916 -0.0372 0.1238
vn 0.9953 -0.0387 0.0888
vn 0.9874 -0.0336 0.1548
vn 0.9699 -0.0073 0.2435
vn 0.9312 0.0129 0.3643
vn 0.9367 0.0110 0.3500
vn 0.9758 -0.0108 0.2185
vn 0.9053 0.0237 0.4242
vn 0.9086 0.0237 0.4171
vn 0.9428 0.0037 0.3332
vn 0.9811 -0.0187 0.1928
vn 0.9127 0.0183 0.4083
vn 0.9979 -0.0398 0.0507
vn 0.8952 0.0281 0.4447
vn 0.8959 0.0286 0.4432
vn 0.8966 0.0245 0.4421
vn 0.8975 0.0163 0.4406
vn 0.9176 0.0084 0.3974
vn 0.9493 -0.0082 0.3143
vn 0.9853 -0.0302 0.1681
vn 0.9987 -0.0465 -0.0217
vn 0.9975 -0.0517 -0.0478
vn 0.9990 -0.0424 0.0125
vn 0.9885 -0.0415 0.1453
vn 0.9558 -0.0204 0.2934
vn 0.9621 -0.0288 0.2711
vn 0.9910 -0.0493 0.1242
vn 0.9233 -0.0022 0.3841
vn 0.9294 -0.0096 0.3690
vn 0.9682 -0.0325 0.2480
vn 0.9932 -0.0529 0.1036
vn 0.9356 -0.0130 0.3529
vn 0.9963 -0.0568 -0.0644
vn 0.8989 0.0073 0.4381
vn 0.9005 0.0010 0.4348
vn 0.9022 -0.0022 0.4314
vn 0.9036 -0.0023 0.4283
vn 0.9415 -0.0128 0.3369
vn 0.9739 -0.0321 0.2247
vn 0.9952 -0.0530 0.0821
vn 0.9946 -0.0644 -0.0809
vn 0.9936 -0.0670 -0.0905
vn 0.9954 -0.0610 -0.0738
vn 0.9969 -0.0515 0.0588
vn 0.9791 -0.0298 0.2014
vn 0.9836 -0.0280 0.1783
vn 0.9982 -0.0504 0.0337
vn 0.9468 -0.0109 0.3216
vn 0.9516 -0.0092 0.3072
vn 0.9875 -0.0271 0.1552
vn 0.9987 -0.0500 0.0074
vn 0.9559 -0.0084 0.2934
vn 0.9920 -0.0690 -0.1053
vn 0.9046 -0.0009 0.4262
vn 0.9052 0.0003 0.4250
vn 0.9055 0.0011 0.4244
vn 0.9056 0.0013 0.4242
vn 0.9580 -0.0082 0.2868
vn 0.9893 -0.0270 0.1437
vn 0.9987 -0.0499 -0.0064
vn 0.9862 -0.0716 -0.1493
vn 0.9840 -0.0721 -0.1629
vn 0.9896 -0.0705 -0.1255
vn 0.8722 -0.0365 0.4877
vn 0.8325 -0.0519 0.5516
vn 0.8250 -0.0339 0.5641
vn 0.8634 -0.0183 0.5042
vn 0.7931 -0.0607 0.6061
vn 0.7895 -0.0439 0.6122
vn 0.8168 -0.0175 0.5767
vn 0.8532 -0.0064 0.5216
vn 0.7848 -0.0245 0.6192
vn 0.8751 -0.0604 0.4801
vn 0.8347 -0.0706 0.5462
vn 0.7920 -0.0743 0.6060
vn 0.7486 -0.0692 0.6594
vn 0.7557 -0.0609 0.6521
vn 0.7581 -0.0470 0.6504
vn 0.7580 -0.0278 0.6517
vn 0.7567 -0.0043 0.6537
vn 0.7826 -0.0035 0.6225
vn 0.8125 -0.0033 0.5830
vn 0.8463 -0.0006 0.5327
vn 0.8459 0.0016 0.5334
vn 0.8148 0.0080 0.5796
vn 0.8229 0.0163 0.5680
vn 0.8511 0.0039 0.5250
vn 0.7848 0.0152 0.6195
vn 0.7907 0.0282 0.6115
vn 0.8334 0.0217 0.5522
vn 0.8593 0.0069 0.5113
vn 0.7981 0.0350 0.6015
vn 0.7553 0.0177 0.6551
vn 0.7536 0.0326 0.6565
vn 0.7512 0.0393 0.6589
vn 0.7472 0.0387 0.6635
vn 0.8046 0.0361 0.5927
vn 0.8437 0.0243 0.5363
vn 0.8680 0.0102 0.4965
vn 0.8753 0.0137 0.4835
vn 0.8517 0.0252 0.5234
vn 0.8571 0.0258 0.5146
vn 0.8807 0.0174 0.4733
vn 0.8088 0.0340 0.5872
vn 0.8100 0.0311 0.5856
vn 0.8597 0.0264 0.5102
vn 0.8842 0.0215 0.4666
vn 0.8083 0.0280 0.5881
vn 0.7409 0.0339 0.6707
vn 0.7322 0.0283 0.6805
vn 0.7211 0.0224 0.6925
vn 0.7077 0.0161 0.7063
vn 0.8036 0.0245 0.5947
vn 0.8595 0.0269 0.5104
vn 0.8858 0.0258 0.4634
vn 0.8854 0.0285 0.4639
vn 0.8567 0.0260 0.5152
vn 0.8515 0.0224 0.5240
vn 0.8835 0.0277 0.4676
vn 0.7960 0.0199 0.6050
vn 0.7858 0.0133 0.6183
vn 0.8443 0.0158 0.5357
vn 0.8804 0.0230 0.4736
vn 0.7736 0.0045 0.6337
vn 0.6923 0.0091 0.7215
vn 0.6754 0.0008 0.7374
vn 0.6577 -0.0088 0.7532
vn 0.6399 -0.0195 0.7682
vn 0.7598 -0.0060 0.6501
vn 0.8355 0.0066 0.5494
vn 0.8766 0.0150 0.4810
vn 0.8722 0.0065 0.4890
vn 0.8256 -0.0026 0.5643
vn 0.8148 -0.0094 0.5797
vn 0.8675 0.0003 0.4974
vn 0.7450 -0.0161 0.6669
vn 0.7296 -0.0233 0.6834
vn 0.8033 -0.0131 0.5955
vn 0.8624 -0.0029 0.5063
vn 0.7139 -0.0273 0.6997
vn 0.6227 -0.0292 0.7819
vn 0.6064 -0.0360 0.7944
vn 0.5909 -0.0395 0.8058
vn 0.5763 -0.0400 0.8162
vn 0.6981 -0.0283 0.7154
vn 0.7912 -0.0140 0.6114
vn 0.8568 -0.0034 0.5157
vn 0.8507 -0.0026 0.5257
vn 0.7786 -0.0134 0.6274
vn 0.7657 -0.0127 0.6431
vn 0.8441 -0.0017 0.5361
vn 0.6823 -0.0276 0.7306
vn 0.6664 -0.0268 0.7451
vn 0.7523 -0.0121 0.6587
vn 0.8372 -0.0011 0.5469
vn 0.6505 -0.0261 0.7590
vn 0.5624 -0.0390 0.8260
vn 0.5489 -0.0379 0.8350
vn 0.5358 -0.0370 0.8436
vn 0.5294 -0.0366 0.8476
vn 0.6429 -0.0257 0.7656
vn 0.7458 -0.0118 0.6660
vn 0.8338 -0.0008 0.5521
vn 0.7122 -0.0519 0.7001
vn 0.6482 -0.0355 0.7607
vn 0.6595 -0.0323 0.7510
vn 0.7204 -0.0427 0.6922
vn 0.5504 -0.0159 0.8347
vn 0.5602 -0.0189 0.8281
vn 0.6643 -0.0237 0.7471
vn 0.7239 -0.0274 0.6893
vn 0.5632 -0.0180 0.8261
vn 0.6988 -0.0547 0.7133
vn 0.6312 -0.0329 0.7749
vn 0.5353 -0.0082 0.8447
vn 0.4063 0.0134 0.9137
vn 0.4122 0.0015 0.9111
vn 0.4144 -0.0067 0.9101
vn 0.4119 -0.0121 0.9111
vn 0.4038 -0.0152 0.9147
vn 0.5578 -0.0137 0.8299
vn 0.6614 -0.0105 0.7500
vn 0.7224 -0.0068 0.6914
vn 0.7158 0.0129 0.6982
vn 0.6500 0.0025 0.7599
vn 0.6310 0.0103 0.7757
vn 0.7044 0.0258 0.7093
vn 0.5433 -0.0092 0.8395
vn 0.5210 -0.0074 0.8535
vn 0.6065 0.0119 0.7950
vn 0.6894 0.0306 0.7237
vn 0.4940 -0.0091 0.8694
vn 0.3900 -0.0173 0.9206
vn 0.3721 -0.0199 0.9280
vn 0.3526 -0.0235 0.9355
vn 0.3339 -0.0277 0.9422
vn 0.4652 -0.0137 0.8851
vn 0.5789 0.0079 0.8153
vn 0.6717 0.0282 0.7403
vn 0.6520 0.0218 0.7579
vn 0.5503 0.0011 0.8349
vn 0.5220 -0.0057 0.8529
vn 0.6308 0.0147 0.7758
vn 0.4373 -0.0196 0.8991
vn 0.4116 -0.0248 0.9110
vn 0.4946 -0.0118 0.8691
vn 0.6086 0.0078 0.7934
vn 0.3886 -0.0290 0.9210
vn 0.3180 -0.0319 0.9476
vn 0.3055 -0.0351 0.9515
vn 0.2966 -0.0372 0.9543
vn 0.2909 -0.0382 0.9560
vn 0.3686 -0.0322 0.9290
vn 0.4687 -0.0173 0.8832
vn 0.5859 0.0009 0.8104
vn 0.5632 -0.0062 0.8263
vn 0.4450 -0.0226 0.8953
vn 0.4241 -0.0278 0.9052
vn 0.5412 -0.0139 0.8408
vn 0.3521 -0.0348 0.9353
vn 0.3391 -0.0371 0.9400
vn 0.4065 -0.0332 0.9130
vn 0.5208 -0.0222 0.8534
vn 0.3301 -0.0393 0.9431
vn 0.2885 -0.0386 0.9567
vn 0.2894 -0.0385 0.9564
vn 0.2937 -0.0382 0.9551
vn 0.3014 -0.0376 0.9528
vn 0.3254 -0.0413 0.9447
vn 0.3929 -0.0386 0.9187
vn 0.5027 -0.0309 0.8639
vn 0.4873 -0.0385 0.8724
vn 0.3835 -0.0431 0.9226
vn 0.3776 -0.0458 0.9248
vn 0.4746 -0.0436 0.8791
vn 0.3249 -0.0427 0.9448
vn 0.3280 -0.0432 0.9437
vn 0.3746 -0.0465 0.9260
vn 0.4642 -0.0459 0.8845
vn 0.3338 -0.0424 0.9417
vn 0.3124 -0.0367 0.9493
vn 0.3261 -0.0355 0.9447
vn 0.3417 -0.0338 0.9392
vn 0.3584 -0.0318 0.9330
vn 0.3412 -0.0407 0.9391
vn 0.3735 -0.0454 0.9265
vn 0.4554 -0.0456 0.8891
vn 0.4477 -0.0441 0.8931
vn 0.3735 -0.0436 0.9266
vn 0.3740 -0.0421 0.9265
vn 0.4406 -0.0427 0.8967
vn 0.3494 -0.0387 0.9362
vn 0.3581 -0.0373 0.9329
vn 0.3750 -0.0413 0.9261
vn 0.4340 -0.0418 0.8999
vn 0.3669 -0.0367 0.9295
vn 0.3754 -0.0299 0.9264
vn 0.3924 -0.0287 0.9193
vn 0.4093 -0.0284 0.9119
vn 0.4174 -0.0285 0.9083
vn 0.3713 -0.0365 0.9278
vn 0.3755 -0.0410 0.9259
vn 0.4308 -0.0415 0.9015
vn -0.2687 -0.0202 0.9630
vn -0.3645 -0.0025 0.9312
vn -0.3446 0.1080 0.9325
vn -0.2923 0.0846 0.9526
vn -0.4289 0.0393 0.9025
vn -0.3801 0.1510 0.9126
vn -0.3525 0.2436 0.9035
vn -0.3455 0.2130 0.9139
vn -0.3550 0.2868 0.8898
vn -0.1135 -0.0902 0.9894
vn -0.2751 -0.1046 0.9557
vn -0.1588 -0.0115 0.9872
vn -0.4095 -0.0890 0.9079
vn -0.4960 -0.0469 0.8670
vn -0.5371 0.0125 0.8434
vn -0.4608 0.0974 0.8821
vn -0.3970 0.2065 0.8943
vn -0.3533 0.3360 0.8731
vn -0.3353 0.4744 0.8140
vn -0.3565 0.4353 0.8267
vn -0.3863 0.3945 0.8337
vn -0.4206 0.3567 0.8341
vn -0.3391 0.1990 0.9194
vn -0.4560 0.3272 0.8276
vn -0.2353 0.0836 0.9683
vn -0.5027 0.4952 0.7086
vn -0.4382 0.5401 0.7185
vn -0.4986 0.6643 0.5570
vn -0.5788 0.6115 0.5395
vn -0.3825 0.5786 0.7204
vn -0.4270 0.7039 0.5677
vn -0.5548 0.7557 0.3479
vn -0.6384 0.6959 0.3288
vn -0.4774 0.8002 0.3631
vn -0.5649 0.4497 0.6918
vn -0.3441 0.6084 0.7152
vn -0.3757 0.7297 0.5713
vn -0.4191 0.8280 0.3725
vn -0.4548 0.8817 0.1258
vn -0.5142 0.8496 0.1175
vn -0.5899 0.8005 0.1056
vn -0.6696 0.7371 0.0914
vn -0.7131 0.6294 0.3088
vn -0.7396 0.6687 0.0764
vn -0.6526 0.5529 0.5181
vn -0.4698 0.1626 0.8677
vn -0.4656 0.2267 0.8555
vn -0.3974 0.3237 0.8586
vn -0.4009 0.2663 0.8765
vn -0.4511 0.2861 0.8454
vn -0.3884 0.3754 0.8416
vn -0.3445 0.4317 0.8337
vn -0.3495 0.3856 0.8539
vn -0.3388 0.4720 0.8139
vn -0.5475 0.0793 0.8331
vn -0.5403 0.1459 0.8288
vn -0.5192 0.2086 0.8288
vn -0.4866 0.2651 0.8324
vn -0.4286 0.3382 0.8378
vn -0.3753 0.4195 0.8265
vn -0.3330 0.5054 0.7960
vn -0.3064 0.5922 0.7452
vn -0.3081 0.5700 0.7617
vn -0.3132 0.5426 0.7794
vn -0.3220 0.5104 0.7974
vn -0.3209 0.6322 0.7052
vn -0.3066 0.6524 0.6931
vn -0.3228 0.7602 0.5639
vn -0.3435 0.7470 0.5693
vn -0.2995 0.6689 0.6803
vn -0.3119 0.7700 0.5566
vn -0.3538 0.8563 0.3763
vn -0.3801 0.8449 0.3764
vn -0.3387 0.8635 0.3737
vn -0.2985 0.6819 0.6678
vn -0.3091 0.7768 0.5486
vn -0.3333 0.8672 0.3700
vn -0.3587 0.9242 0.1308
vn -0.3662 0.9212 0.1316
vn -0.3837 0.9140 0.1318
vn -0.4130 0.9014 0.1303
vn -0.4012 0.3816 0.8327
vn -0.3717 0.4155 0.8302
vn -0.3413 0.4826 0.8066
vn -0.3594 0.4554 0.8145
vn -0.3411 0.4399 0.8308
vn -0.3209 0.5015 0.8035
vn -0.3163 0.5521 0.7714
vn -0.3262 0.5322 0.7813
vn -0.3029 0.5651 0.7674
vn -0.4469 0.3135 0.8378
vn -0.4047 0.3523 0.8438
vn -0.3620 0.3813 0.8506
vn -0.3198 0.4005 0.8587
vn -0.3098 0.4551 0.8348
vn -0.2986 0.5120 0.8054
vn -0.2869 0.5703 0.7697
vn -0.2766 0.6296 0.7260
vn -0.2886 0.6305 0.7206
vn -0.2990 0.6231 0.7228
vn -0.3048 0.6099 0.7315
vn -0.2978 0.6925 0.6571
vn -0.2910 0.7004 0.6517
vn -0.2960 0.7860 0.5427
vn -0.3065 0.7823 0.5423
vn -0.2792 0.7029 0.6543
vn -0.2792 0.7841 0.5543
vn -0.3157 0.8725 0.3729
vn -0.3286 0.8699 0.3679
vn -0.2945 0.8715 0.3920
vn -0.2700 0.6941 0.6673
vn -0.2732 0.7652 0.5829
vn -0.3012 0.8447 0.4425
vn -0.4185 0.8966 0.1450
vn -0.3136 0.9405 0.1309
vn -0.3369 0.9326 0.1295
vn -0.3521 0.9269 0.1300
vn 0.3168 0.8611 0.3976
vn 0.2952 0.7702 0.5654
vn 0.3095 0.7707 0.5569
vn 0.3295 0.8642 0.3803
vn 0.2917 0.6874 0.6652
vn 0.3032 0.6821 0.6654
vn 0.3196 0.7630 0.5618
vn 0.3382 0.8594 0.3836
vn 0.3124 0.6692 0.6743
vn 0.4509 0.8788 0.1560
vn 0.3206 0.8327 0.4514
vn 0.3409 0.9327 0.1181
vn 0.2892 0.7519 0.5925
vn 0.2839 0.6803 0.6757
vn 0.2885 0.6177 0.7316
vn 0.2987 0.6164 0.7286
vn 0.3102 0.6054 0.7330
vn 0.3211 0.5863 0.7437
vn 0.3318 0.5597 0.7593
vn 0.3191 0.6507 0.6890
vn 0.3256 0.7506 0.5750
vn 0.3447 0.8509 0.3964
vn 0.3519 0.9266 0.1325
vn 0.3610 0.9206 0.1486
vn 0.3454 0.9308 0.1196
vn 0.3552 0.8396 0.4110
vn 0.3337 0.7347 0.5906
vn 0.3495 0.7146 0.6059
vn 0.3748 0.8244 0.4241
vn 0.3276 0.6275 0.7063
vn 0.3413 0.5991 0.7243
vn 0.3747 0.6901 0.6192
vn 0.4048 0.8048 0.4342
vn 0.3615 0.5661 0.7409
vn 0.3763 0.9119 0.1637
vn 0.3435 0.5261 0.7779
vn 0.3566 0.4864 0.7977
vn 0.3718 0.4421 0.8163
vn 0.3895 0.3960 0.8315
vn 0.3888 0.5296 0.7539
vn 0.4100 0.6611 0.6284
vn 0.4462 0.7796 0.4395
vn 0.4343 0.8817 0.1845
vn 0.4788 0.8575 0.1886
vn 0.4005 0.8993 0.1760
vn 0.5020 0.7458 0.4379
vn 0.4568 0.6272 0.6309
vn 0.5119 0.5888 0.6255
vn 0.5700 0.7010 0.4287
vn 0.4218 0.4924 0.7613
vn 0.4561 0.4579 0.7631
vn 0.5686 0.5496 0.6121
vn 0.6399 0.6486 0.4121
vn 0.4885 0.4307 0.7589
vn 0.5380 0.8219 0.1873
vn 0.4055 0.3537 0.8429
vn 0.4134 0.3212 0.8520
vn 0.4124 0.3030 0.8591
vn 0.4085 0.3003 0.8620
vn 0.5191 0.4138 0.7479
vn 0.6211 0.5147 0.5911
vn 0.7019 0.5962 0.3897
vn 0.6841 0.7094 0.1696
vn 0.7477 0.6458 0.1546
vn 0.6103 0.7712 0.1808
vn 0.3111 0.5538 0.7724
vn 0.3272 0.4926 0.8064
vn 0.3510 0.4695 0.8101
vn 0.3271 0.5367 0.7778
vn 0.3456 0.4322 0.8329
vn 0.3798 0.4036 0.8324
vn 0.3783 0.4356 0.8168
vn 0.3443 0.5102 0.7881
vn 0.4189 0.3635 0.8321
vn 0.2965 0.5613 0.7727
vn 0.3061 0.5054 0.8067
vn 0.3159 0.4498 0.8354
vn 0.3256 0.3953 0.8589
vn 0.3655 0.3732 0.8527
vn 0.4109 0.3402 0.8459
vn 0.4617 0.2959 0.8362
vn 0.5147 0.2416 0.8226
vn 0.4610 0.3119 0.8308
vn 0.4082 0.3903 0.8253
vn 0.3631 0.4739 0.8023
vn 0.3810 0.4288 0.8192
vn 0.4347 0.3358 0.8356
vn 0.4516 0.2759 0.8485
vn 0.3950 0.3773 0.8376
vn 0.4970 0.2520 0.8304
vn 0.5182 0.1886 0.8342
vn 0.4587 0.2143 0.8624
vn 0.4055 0.3223 0.8554
vn 0.5242 0.1253 0.8423
vn 0.5591 0.1811 0.8090
vn 0.5857 0.1190 0.8018
vn 0.5935 0.0577 0.8027
vn 0.5819 -0.0003 0.8132
vn 0.5147 0.0661 0.8548
vn 0.4562 0.1557 0.8762
vn 0.4128 0.2679 0.8706
vn 0.4102 0.2216 0.8847
vn 0.4362 0.1082 0.8933
vn 0.3897 0.0792 0.9175
vn 0.3898 0.1908 0.9009
vn 0.4811 0.0187 0.8765
vn 0.4127 -0.0097 0.9108
vn 0.3168 0.0718 0.9458
vn 0.3520 0.1790 0.9187
vn 0.3091 -0.0153 0.9509
vn 0.5406 -0.0485 0.8399
vn 0.4564 -0.0791 0.8863
vn 0.3265 -0.0864 0.9412
vn 0.1685 -0.0707 0.9832
vn 0.1851 -0.0000 0.9827
vn 0.2300 0.0841 0.9696
vn 0.3063 0.1856 0.9337
vn -0.4362 0.0014 0.8999
vn -0.4345 0.0298 0.9002
vn -0.5255 0.0119 0.8507
vn -0.5290 -0.0105 0.8486
vn -0.4305 0.0754 0.8994
vn -0.5178 0.0519 0.8539
vn -0.6189 -0.0057 0.7855
vn -0.6257 -0.0204 0.7798
vn -0.6064 0.0262 0.7947
vn -0.3480 0.0150 0.9374
vn -0.3470 0.0468 0.9367
vn -0.3463 0.0956 0.9332
vn -0.3451 0.1586 0.9251
vn -0.4243 0.1358 0.8953
vn -0.5062 0.1074 0.8557
vn -0.5885 0.0742 0.8051
vn -0.6672 0.0365 0.7440
vn -0.6922 -0.0014 0.7217
vn -0.7106 -0.0228 0.7032
vn -0.7221 -0.0285 0.6912
vn -0.8043 -0.0355 0.5932
vn -0.7887 -0.0399 0.6135
vn -0.8452 -0.0589 0.5312
vn -0.8639 -0.0430 0.5019
vn -0.7649 -0.0311 0.6434
vn -0.8170 -0.0641 0.5730
vn -0.8827 -0.0821 0.4628
vn -0.9041 -0.0531 0.4240
vn -0.8501 -0.1025 0.5166
vn -0.7333 -0.0053 0.6799
vn -0.7800 -0.0513 0.6236
vn -0.8078 -0.1027 0.5805
vn -0.8149 -0.1612 0.5567
vn -0.8643 -0.1496 0.4802
vn -0.9034 -0.1133 0.4135
vn -0.9292 -0.0688 0.3632
vn -0.9388 -0.0998 0.3297
vn -0.9014 -0.1649 0.4005
vn -0.8534 -0.2634 0.4498
vn -0.9251 -0.1702 0.3394
vn -0.8475 -0.2154 0.4851
vn -0.7660 -0.3168 0.5594
vn -0.6690 -0.4479 0.5931
vn -0.8324 -0.3506 0.4291
vn -0.5355 -0.4586 0.7091
vn -0.7859 -0.2316 0.5733
vn -0.6851 -0.3195 0.6546
vn -0.4502 -0.4130 0.7917
vn -0.0622 -0.4540 0.8888
vn -0.0838 -0.5615 0.8232
vn -0.1970 -0.6532 0.7311
vn -0.4643 -0.6897 0.5556
vn -0.4145 0.2015 0.8875
vn -0.4002 0.2643 0.8775
vn -0.4660 0.2313 0.8540
vn -0.4893 0.1696 0.8554
vn -0.3822 0.3238 0.8655
vn -0.4371 0.2918 0.8508
vn -0.5314 0.1897 0.8256
vn -0.5639 0.1309 0.8154
vn -0.4917 0.2503 0.8341
vn -0.3420 0.2257 0.9122
vn -0.3363 0.2885 0.8965
vn -0.3287 0.3461 0.8787
vn -0.5429 0.1998 0.8157
vn -0.5930 0.1402 0.7929
vn -0.6346 0.0856 0.7681
vn -0.6934 0.0348 0.7198
vn -0.6439 0.0843 0.7605
vn -0.6785 0.0237 0.7342
vn -0.7343 -0.0206 0.6786
vn -0.5851 0.1422 0.7984
vn -0.6131 0.0793 0.7860
vn -0.6954 -0.0407 0.7175
vn -0.7565 -0.0805 0.6490
vn -0.6248 0.0131 0.7806
vn -0.6164 -0.0541 0.7856
vn -0.6909 -0.1074 0.7149
vn -0.7573 -0.1450 0.6367
vn -0.7198 -0.2137 0.6605
vn -0.6481 -0.1723 0.7418
vn -0.5403 -0.2280 0.8100
vn -0.6117 -0.2840 0.7383
vn -0.5721 -0.1155 0.8120
vn -0.4714 -0.1617 0.8670
vn -0.3445 -0.2601 0.9021
vn -0.3926 -0.3399 0.8546
vn -0.3039 -0.1813 0.9353
vn -0.0909 -0.1657 0.9820
vn -0.0781 -0.2503 0.9650
vn -0.0688 -0.3469 0.9354
vn 0.5161 0.0081 0.8565
vn 0.6095 -0.0212 0.7925
vn 0.5842 0.0034 0.8116
vn 0.4948 0.0370 0.8682
vn 0.6800 -0.0485 0.7316
vn 0.6567 -0.0296 0.7536
vn 0.5570 0.0427 0.8294
vn 0.4728 0.0798 0.8776
vn 0.6301 0.0043 0.7765
vn 0.3979 0.0332 0.9168
vn 0.7356 -0.0694 0.6739
vn 0.7168 -0.0576 0.6949
vn 0.6937 -0.0309 0.7196
vn 0.6679 0.0115 0.7442
vn 0.6021 0.0532 0.7967
vn 0.5296 0.0957 0.8429
vn 0.4511 0.1349 0.8822
vn 0.3787 0.1100 0.9190
vn 0.3688 0.1661 0.9146
vn 0.3884 0.0652 0.9192
vn 0.7839 -0.0818 0.6155
vn 0.8286 -0.0865 0.5530
vn 0.8143 -0.0941 0.5728
vn 0.7688 -0.0787 0.6346
vn 0.8688 -0.0861 0.4877
vn 0.8526 -0.1069 0.5116
vn 0.7929 -0.0883 0.6030
vn 0.7481 -0.0613 0.6607
vn 0.8275 -0.1156 0.5495
vn 0.9014 -0.0847 0.4245
vn 0.8809 -0.1222 0.4572
vn 0.8489 -0.1483 0.5073
vn 0.8093 -0.1507 0.5677
vn 0.7961 -0.1047 0.5961
vn 0.7665 -0.0651 0.6390
vn 0.7236 -0.0275 0.6896
vn 0.9200 -0.0948 0.3803
vn 0.9161 -0.1436 0.3744
vn 0.8519 -0.2389 0.4661
vn 0.8882 -0.1555 0.4324
vn 0.8461 -0.3076 0.4354
vn 0.6946 -0.4210 0.5833
vn 0.7723 -0.2913 0.5645
vn 0.8415 -0.1996 0.5021
vn 0.5701 -0.4357 0.6965
vn 0.5261 -0.6644 0.5309
vn 0.2749 -0.6620 0.6972
vn 0.1684 -0.5709 0.8035
vn 0.1555 -0.4494 0.8797
vn 0.4932 -0.3862 0.7795
vn 0.7001 -0.2908 0.6522
vn 0.7887 -0.2099 0.5778
vn 0.4297 0.1956 0.8815
vn 0.5017 0.1559 0.8509
vn 0.4727 0.2171 0.8541
vn 0.4080 0.2559 0.8764
vn 0.5724 0.1107 0.8125
vn 0.5394 0.1706 0.8246
vn 0.4423 0.2784 0.8526
vn 0.3864 0.3150 0.8669
vn 0.5025 0.2322 0.8328
vn 0.3582 0.2264 0.9058
vn 0.6389 0.0636 0.7666
vn 0.6046 0.1194 0.7876
vn 0.5633 0.1784 0.8067
vn 0.3359 0.3408 0.8781
vn 0.3469 0.2849 0.8936
vn 0.6948 0.0172 0.7190
vn 0.7348 -0.0288 0.6776
vn 0.6952 0.0142 0.7186
vn 0.6589 0.0668 0.7493
vn 0.7587 -0.0770 0.6468
vn 0.7132 -0.0396 0.6998
vn 0.6458 0.0630 0.7609
vn 0.6140 0.1209 0.7800
vn 0.6581 0.0051 0.7529
vn 0.7637 -0.1302 0.6323
vn 0.7104 -0.0956 0.6972
vn 0.6493 -0.0518 0.7588
vn 0.7326 -0.1895 0.6538
vn 0.6359 -0.2532 0.7291
vn 0.5738 -0.1991 0.7945
vn 0.6717 -0.1510 0.7253
vn 0.4434 -0.3087 0.8415
vn 0.4003 -0.2284 0.8875
vn 0.5129 -0.1397 0.8470
vn 0.6067 -0.1027 0.7882
vn 0.3603 -0.1540 0.9200
vn 0.1651 -0.3295 0.9296
vn 0.1690 -0.2267 0.9592
vn 0.1678 -0.1418 0.9756
vn -0.2820 0.0034 0.9594
vn -0.2932 -0.0016 0.9561
vn -0.2544 0.0158 0.9670
vn -0.2332 0.0195 0.9722
vn -0.3075 -0.0048 0.9515
vn -0.2803 0.0139 0.9598
vn -0.2348 0.0365 0.9714
vn -0.2068 0.0379 0.9776
vn -0.2667 0.0366 0.9631
vn -0.2740 0.0115 0.9617
vn -0.3253 -0.0062 0.9456
vn -0.3105 0.0138 0.9505
vn -0.3014 0.0383 0.9527
vn -0.2943 0.0616 0.9537
vn -0.2628 0.0588 0.9631
vn -0.2312 0.0575 0.9712
vn -0.2002 0.0577 0.9781
vn -0.1835 0.0422 0.9821
vn -0.1707 0.0605 0.9835
vn -0.2173 0.0261 0.9758
vn -0.3466 -0.0060 0.9380
vn -0.3708 -0.0045 0.9287
vn -0.3800 0.0172 0.9248
vn -0.3440 0.0151 0.9388
vn -0.3973 -0.0016 0.9177
vn -0.4170 0.0202 0.9087
vn -0.3759 0.0439 0.9256
vn -0.3382 0.0409 0.9402
vn -0.4132 0.0471 0.9094
vn -0.4254 0.0026 0.9050
vn -0.4538 0.0239 0.8908
vn -0.4492 0.0504 0.8920
vn -0.4077 0.0750 0.9100
vn -0.3821 0.0719 0.9213
vn -0.3544 0.0686 0.9326
vn -0.3250 0.0651 0.9435
vn -0.4542 0.0073 0.8909
vn -0.4833 0.0121 0.8754
vn -0.5232 0.0318 0.8516
vn -0.4894 0.0279 0.8716
vn -0.5121 0.0169 0.8588
vn -0.5546 0.0354 0.8313
vn -0.5139 0.0563 0.8560
vn -0.4829 0.0535 0.8741
vn -0.5419 0.0587 0.8384
vn -0.5402 0.0216 0.8413
vn -0.5835 0.0389 0.8112
vn -0.5668 0.0608 0.8216
vn -0.4847 0.0829 0.8707
vn -0.4694 0.0816 0.8792
vn -0.4514 0.0799 0.8888
vn -0.4308 0.0776 0.8991
vn -0.5671 0.0265 0.8232
vn -0.5927 0.0318 0.8048
vn -0.6325 0.0465 0.7732
vn -0.6094 0.0424 0.7917
vn -0.6166 0.0375 0.7863
vn -0.6528 0.0510 0.7558
vn -0.6070 0.0655 0.7920
vn -0.5885 0.0629 0.8060
vn -0.6224 0.0687 0.7797
vn -0.6389 0.0434 0.7681
vn -0.6703 0.0559 0.7400
vn -0.6350 0.0722 0.7691
vn -0.5209 0.0909 0.8488
vn -0.5155 0.0882 0.8523
vn -0.5078 0.0859 0.8572
vn -0.4975 0.0842 0.8634
vn -0.6591 0.0484 0.7505
vn -0.6772 0.0510 0.7340
vn -0.6978 0.0615 0.7136
vn -0.6853 0.0598 0.7258
vn -0.6930 0.0511 0.7191
vn -0.7082 0.0605 0.7034
vn -0.6525 0.0758 0.7540
vn -0.6449 0.0750 0.7606
vn -0.6583 0.0742 0.7491
vn -0.7065 0.0489 0.7060
vn -0.7167 0.0573 0.6950
vn -0.6628 0.0704 0.7455
vn -0.5252 0.0876 0.8465
vn -0.5256 0.0913 0.8458
vn -0.5254 0.0931 0.8457
vn -0.5241 0.0928 0.8466
vn -0.7178 0.0458 0.6948
vn -0.7273 0.0431 0.6850
vn -0.7292 0.0500 0.6824
vn -0.7236 0.0533 0.6882
vn -0.7356 0.0409 0.6762
vn -0.7341 0.0477 0.6774
vn -0.6690 0.0626 0.7406
vn -0.6662 0.0661 0.7428
vn -0.6714 0.0604 0.7387
vn -0.7397 0.0401 0.6717
vn -0.7360 0.0470 0.6753
vn -0.6712 0.0599 0.7388
vn -0.5199 0.0780 0.8507
vn -0.5227 0.0784 0.8489
vn -0.5236 0.0803 0.8482
vn -0.5244 0.0835 0.8473
vn -0.1888 0.0790 0.9788
vn -0.2178 0.0782 0.9729
vn -0.1665 0.0969 0.9813
vn -0.1463 0.0998 0.9842
vn -0.2438 0.0789 0.9666
vn -0.1818 0.0956 0.9787
vn -0.0683 0.1087 0.9917
vn -0.0651 0.1140 0.9913
vn -0.0662 0.1048 0.9923
vn -0.1576 0.0823 0.9841
vn -0.2665 0.0811 0.9604
vn -0.1921 0.0957 0.9767
vn -0.0592 0.1023 0.9930
vn 0.1208 0.0955 0.9881
vn 0.0933 0.1003 0.9906
vn 0.0688 0.1065 0.9919
vn 0.0480 0.1142 0.9923
vn -0.0566 0.1216 0.9910
vn 0.0319 0.1242 0.9917
vn -0.1215 0.1050 0.9870
vn -0.2857 0.0840 0.9546
vn -0.3017 0.0871 0.9494
vn -0.1988 0.0981 0.9751
vn -0.1976 0.0967 0.9755
vn -0.3146 0.0899 0.9449
vn -0.1965 0.0996 0.9754
vn -0.0328 0.0998 0.9945
vn -0.0479 0.1007 0.9938
vn -0.0151 0.0995 0.9949
vn -0.3249 0.0925 0.9412
vn -0.1913 0.1012 0.9763
vn 0.0046 0.0997 0.9950
vn 0.2422 0.0860 0.9664
vn 0.2117 0.0870 0.9735
vn 0.1808 0.0889 0.9795
vn 0.1502 0.0917 0.9844
vn -0.3328 0.0948 0.9382
vn -0.3385 0.0967 0.9360
vn -0.1753 0.1039 0.9790
vn -0.1841 0.1026 0.9775
vn -0.3423 0.0980 0.9345
vn -0.1653 0.1048 0.9806
vn 0.0462 0.1006 0.9939
vn 0.0252 0.1002 0.9947
vn 0.0672 0.1010 0.9926
vn -0.3444 0.0991 0.9336
vn -0.1545 0.1056 0.9823
vn 0.0878 0.1014 0.9910
vn 0.3522 0.0856 0.9320
vn 0.3268 0.0854 0.9412
vn 0.3000 0.0854 0.9501
vn 0.2717 0.0856 0.9586
vn -0.3448 0.1000 0.9333
vn -0.3437 0.1014 0.9336
vn -0.1313 0.1075 0.9855
vn -0.1431 0.1064 0.9840
vn -0.3412 0.1032 0.9343
vn -0.1191 0.1090 0.9869
vn 0.1275 0.1030 0.9865
vn 0.1080 0.1020 0.9889
vn 0.1463 0.1044 0.9837
vn -0.3372 0.1053 0.9355
vn -0.1066 0.1108 0.9881
vn 0.1643 0.1060 0.9807
vn 0.4393 0.0900 0.8938
vn 0.4197 0.0884 0.9034
vn 0.3986 0.0870 0.9130
vn 0.3761 0.0861 0.9226
vn -0.3320 0.1068 0.9372
vn -0.3259 0.1068 0.9394
vn -0.0814 0.1117 0.9904
vn -0.0939 0.1119 0.9893
vn -0.3193 0.1050 0.9418
vn -0.0690 0.1098 0.9916
vn 0.1977 0.1064 0.9745
vn 0.1814 0.1069 0.9776
vn 0.2132 0.1042 0.9714
vn -0.3127 0.1017 0.9444
vn -0.0570 0.1065 0.9927
vn 0.2280 0.1004 0.9685
vn 0.5041 0.0836 0.8596
vn 0.4899 0.0878 0.8674
vn 0.4744 0.0903 0.8757
vn 0.4575 0.0910 0.8845
vn -0.3064 0.0980 0.9468
vn -0.3003 0.0952 0.9491
vn -0.0338 0.1000 0.9944
vn -0.0453 0.1028 0.9937
vn -0.2943 0.0936 0.9511
vn -0.0223 0.0984 0.9949
vn 0.2564 0.0930 0.9621
vn 0.2423 0.0963 0.9654
vn 0.2704 0.0909 0.9584
vn -0.2887 0.0932 0.9529
vn -0.0142 0.0979 0.9951
vn 0.2791 0.0901 0.9560
vn 0.5482 0.0718 0.8333
vn 0.5414 0.0728 0.8376
vn 0.5295 0.0753 0.8449
vn 0.5172 0.0790 0.8522
vn 0.1524 0.0971 0.9835
vn 0.1926 0.0876 0.9774
vn 0.2551 0.0587 0.9651
vn 0.2087 0.0689 0.9755
vn 0.2343 0.0799 0.9689
vn 0.3013 0.0509 0.9522
vn 0.2520 0.0305 0.9673
vn 0.2123 0.0408 0.9764
vn 0.2918 0.0232 0.9562
vn 0.1149 0.1092 0.9874
vn 0.2761 0.0739 0.9583
vn 0.3462 0.0452 0.9371
vn 0.3310 0.0185 0.9435
vn 0.2479 -0.0001 0.9688
vn 0.2220 0.0041 0.9750
vn 0.1976 0.0113 0.9802
vn 0.1750 0.0217 0.9843
vn 0.1738 0.0550 0.9832
vn 0.1545 0.0363 0.9873
vn 0.1636 0.0825 0.9831
vn 0.3168 0.0692 0.9460
vn 0.3558 0.0658 0.9322
vn 0.4288 0.0386 0.9026
vn 0.3888 0.0413 0.9204
vn 0.3928 0.0635 0.9174
vn 0.4661 0.0373 0.8839
vn 0.4054 0.0144 0.9140
vn 0.3689 0.0158 0.9293
vn 0.4405 0.0142 0.8977
vn 0.4275 0.0624 0.9018
vn 0.5009 0.0371 0.8647
vn 0.4740 0.0152 0.8804
vn 0.3635 -0.0016 0.9316
vn 0.3331 -0.0029 0.9429
vn 0.3036 -0.0032 0.9528
vn 0.2752 -0.0023 0.9614
vn 0.4598 0.0620 0.8858
vn 0.4898 0.0619 0.8697
vn 0.5629 0.0383 0.8256
vn 0.5331 0.0376 0.8452
vn 0.5175 0.0621 0.8534
vn 0.5905 0.0392 0.8061
vn 0.5366 0.0184 0.8436
vn 0.5061 0.0167 0.8623
vn 0.5657 0.0201 0.8244
vn 0.5432 0.0624 0.8373
vn 0.6162 0.0402 0.7866
vn 0.5932 0.0218 0.8048
vn 0.4876 0.0067 0.8730
vn 0.4569 0.0045 0.8895
vn 0.4258 0.0024 0.9048
vn 0.3945 0.0004 0.9189
vn 0.5671 0.0631 0.8213
vn 0.5892 0.0643 0.8054
vn 0.6624 0.0430 0.7479
vn 0.6401 0.0414 0.7672
vn 0.6098 0.0658 0.7898
vn 0.6831 0.0450 0.7289
vn 0.6439 0.0259 0.7646
vn 0.6193 0.0237 0.7848
vn 0.6673 0.0284 0.7443
vn 0.6289 0.0676 0.7745
vn 0.7025 0.0473 0.7101
vn 0.6893 0.0311 0.7238
vn 0.6024 0.0176 0.7980
vn 0.5751 0.0145 0.8179
vn 0.5468 0.0117 0.8372
vn 0.5176 0.0091 0.8556
vn 0.6465 0.0688 0.7598
vn 0.6625 0.0683 0.7460
vn 0.7366 0.0491 0.6745
vn 0.7204 0.0489 0.6919
vn 0.6768 0.0661 0.7332
vn 0.7510 0.0477 0.6586
vn 0.7289 0.0343 0.6837
vn 0.7099 0.0333 0.7035
vn 0.7459 0.0341 0.6652
vn 0.6893 0.0623 0.7218
vn 0.7634 0.0449 0.6444
vn 0.7608 0.0327 0.6482
vn 0.6962 0.0230 0.7175
vn 0.6757 0.0230 0.7368
vn 0.6530 0.0222 0.7570
vn 0.6285 0.0203 0.7776
vn 0.7001 0.0580 0.7117
vn 0.7095 0.0546 0.7026
vn 0.7825 0.0391 0.6214
vn 0.7737 0.0418 0.6321
vn 0.7181 0.0522 0.6940
vn 0.7902 0.0373 0.6117
vn 0.7844 0.0292 0.6195
vn 0.7735 0.0309 0.6331
vn 0.7941 0.0278 0.6071
vn 0.7226 0.0513 0.6894
vn 0.7940 0.0365 0.6069
vn 0.7987 0.0272 0.6012
vn 0.7527 0.0199 0.6580
vn 0.7459 0.0205 0.6657
vn 0.7309 0.0216 0.6821
vn 0.7145 0.0224 0.6993
vn 0.1461 0.0142 0.9892
vn 0.1502 0.0031 0.9887
vn 0.1687 0.0016 0.9857
vn 0.1747 0.0133 0.9845
vn 0.1572 -0.0048 0.9876
vn 0.1646 -0.0074 0.9863
vn 0.2633 0.0001 0.9647
vn 0.2693 0.0113 0.9630
vn 0.2565 -0.0086 0.9665
vn 0.1446 0.0294 0.9891
vn 0.1674 -0.0097 0.9858
vn 0.1632 -0.0136 0.9865
vn 0.2488 -0.0149 0.9684
vn 0.2743 0.0258 0.9613
vn 0.1823 0.0288 0.9828
vn 0.1810 -0.0126 0.9834
vn 0.1978 -0.0142 0.9801
vn 0.1694 -0.0210 0.9853
vn 0.1647 -0.0179 0.9862
vn 0.2178 -0.0147 0.9759
vn 0.1777 -0.0232 0.9838
vn 0.2336 -0.0238 0.9720
vn 0.2409 -0.0197 0.9704
vn 0.2282 -0.0273 0.9732
vn 0.2409 -0.0142 0.9704
vn 0.1898 -0.0243 0.9815
vn 0.2258 -0.0302 0.9737
vn 0.2668 -0.0130 0.9637
vn 0.2948 -0.0115 0.9555
vn 0.2247 -0.0244 0.9741
vn 0.2056 -0.0247 0.9783
vn 0.3244 -0.0097 0.9459
vn 0.2465 -0.0236 0.9689
vn 0.2322 -0.0338 0.9721
vn 0.2271 -0.0325 0.9733
vn 0.2405 -0.0343 0.9700
vn 0.3550 -0.0076 0.9348
vn 0.2704 -0.0222 0.9625
vn 0.2516 -0.0338 0.9672
vn 0.3862 -0.0053 0.9224
vn 0.4175 -0.0026 0.9087
vn 0.3225 -0.0180 0.9464
vn 0.2958 -0.0203 0.9550
vn 0.4487 0.0003 0.8937
vn 0.3503 -0.0153 0.9365
vn 0.2811 -0.0313 0.9592
vn 0.2652 -0.0328 0.9636
vn 0.2992 -0.0294 0.9538
vn 0.4797 0.0035 0.8774
vn 0.3790 -0.0124 0.9253
vn 0.3194 -0.0273 0.9472
vn 0.5102 0.0065 0.8600
vn 0.5398 0.0088 0.8418
vn 0.4376 -0.0071 0.8991
vn 0.4082 -0.0096 0.9128
vn 0.5680 0.0105 0.8230
vn 0.4667 -0.0050 0.8844
vn 0.3651 -0.0229 0.9307
vn 0.3415 -0.0251 0.9395
vn 0.3895 -0.0208 0.9208
vn 0.5945 0.0115 0.8040
vn 0.4949 -0.0033 0.8689
vn 0.4140 -0.0188 0.9101
vn 0.6191 0.0119 0.7853
vn 0.6419 0.0118 0.7667
vn 0.5478 -0.0018 0.8366
vn 0.5219 -0.0022 0.8530
vn 0.6634 0.0110 0.7482
vn 0.5726 -0.0023 0.8199
vn 0.4618 -0.0164 0.8868
vn 0.4382 -0.0172 0.8987
vn 0.4849 -0.0165 0.8744
vn 0.6732 0.0104 0.7394
vn 0.5840 -0.0028 0.8117
vn 0.4958 -0.0169 0.8683
vn 0.2842 0.4586 0.8420
vn 0.2813 0.5099 0.8129
vn 0.2462 0.5092 0.8247
vn 0.2441 0.4615 0.8529
vn 0.2775 0.5605 0.7803
vn 0.2475 0.5546 0.7945
vn 0.1999 0.5052 0.8395
vn 0.1947 0.4605 0.8661
vn 0.2048 0.5457 0.8126
vn 0.2857 0.4078 0.8672
vn 0.2752 0.6093 0.7436
vn 0.2516 0.5952 0.7632
vn 0.2136 0.5786 0.7872
vn 0.1606 0.5625 0.8111
vn 0.1506 0.5359 0.8308
vn 0.1442 0.4992 0.8544
vn 0.1375 0.4565 0.8790
vn 0.1875 0.4144 0.8906
vn 0.1289 0.4118 0.9021
vn 0.2402 0.4135 0.8783
vn 0.2786 0.6595 0.6982
vn 0.2929 0.7124 0.6377
vn 0.2853 0.6655 0.6897
vn 0.2633 0.6316 0.7293
vn 0.3284 0.7609 0.5596
vn 0.3181 0.6921 0.6480
vn 0.2524 0.6245 0.7391
vn 0.2297 0.6038 0.7633
vn 0.2770 0.6423 0.7147
vn 0.4025 0.7797 0.4796
vn 0.3560 0.7049 0.6135
vn 0.2945 0.6588 0.6923
vn 0.2177 0.6274 0.7476
vn 0.2109 0.6087 0.7649
vn 0.1946 0.5946 0.7801
vn 0.1761 0.5805 0.7950
vn 0.0836 0.4495 0.8894
vn 0.0906 0.4910 0.8665
vn 0.0494 0.4809 0.8754
vn 0.0433 0.4402 0.8969
vn 0.0968 0.5253 0.8454
vn 0.0544 0.5143 0.8559
vn 0.0206 0.4723 0.8812
vn 0.0172 0.4319 0.9018
vn 0.0232 0.5056 0.8625
vn 0.0748 0.4061 0.9108
vn 0.1052 0.5479 0.8299
vn 0.0601 0.5351 0.8427
vn 0.0258 0.5262 0.8500
vn -0.0004 0.5233 0.8521
vn 0.0005 0.5026 0.8645
vn 0.0014 0.4690 0.8832
vn 0.0022 0.4287 0.9034
vn 0.0129 0.3914 0.9201
vn 0.0029 0.3887 0.9214
vn 0.0358 0.3983 0.9165
vn 0.1169 0.5615 0.8192
vn 0.1296 0.5727 0.8095
vn 0.0744 0.5563 0.8276
vn 0.0673 0.5467 0.8346
vn 0.1398 0.5850 0.7989
vn 0.0799 0.5673 0.8196
vn 0.0313 0.5465 0.8369
vn 0.0287 0.5374 0.8428
vn 0.0332 0.5566 0.8301
vn 0.1433 0.6028 0.7849
vn 0.0819 0.5832 0.8082
vn 0.0339 0.5705 0.8206
vn -0.0031 0.5664 0.8241
vn -0.0026 0.5533 0.8330
vn -0.0019 0.5435 0.8394
vn -0.0012 0.5345 0.8451
vn -0.0125 0.4323 0.9016
vn -0.0176 0.4730 0.8809
vn -0.0454 0.4822 0.8749
vn -0.0377 0.4407 0.8969
vn -0.0219 0.5066 0.8619
vn -0.0520 0.5160 0.8550
vn -0.0849 0.4925 0.8662
vn -0.0765 0.4500 0.8897
vn -0.0925 0.5275 0.8445
vn -0.0069 0.3916 0.9201
vn -0.0261 0.5273 0.8493
vn -0.0595 0.5369 0.8415
vn -0.1028 0.5504 0.8285
vn -0.1553 0.5662 0.8095
vn -0.1436 0.5389 0.8301
vn -0.1362 0.5012 0.8546
vn -0.1284 0.4572 0.8800
vn -0.0664 0.4058 0.9115
vn -0.1185 0.4116 0.9036
vn -0.0289 0.3983 0.9168
vn -0.0308 0.5383 0.8422
vn -0.0350 0.5473 0.8362
vn -0.0780 0.5577 0.8264
vn -0.0687 0.5484 0.8334
vn -0.0384 0.5573 0.8295
vn -0.0855 0.5684 0.8183
vn -0.1328 0.5744 0.8077
vn -0.1170 0.5640 0.8175
vn -0.1460 0.5862 0.7969
vn -0.0402 0.5712 0.8198
vn -0.0888 0.5843 0.8067
vn -0.1514 0.6040 0.7824
vn -0.2270 0.6290 0.7435
vn -0.2173 0.6104 0.7617
vn -0.1967 0.5973 0.7775
vn -0.1739 0.5841 0.7928
vn -0.1842 0.4618 0.8676
vn -0.1899 0.5079 0.8402
vn -0.2354 0.5131 0.8254
vn -0.2335 0.4640 0.8545
vn -0.1951 0.5499 0.8121
vn -0.2360 0.5604 0.7939
vn -0.2714 0.5150 0.8131
vn -0.2751 0.4623 0.8430
vn -0.2660 0.5679 0.7789
vn -0.1759 0.4148 0.8928
vn -0.2050 0.5840 0.7854
vn -0.2400 0.6030 0.7608
vn -0.2623 0.6194 0.7400
vn -0.2764 0.4110 0.8687
vn -0.2288 0.4151 0.8805
vn -0.2241 0.6095 0.7604
vn -0.2516 0.6293 0.7353
vn -0.2796 0.6737 0.6841
vn -0.2534 0.6402 0.7252
vn -0.2818 0.6459 0.7095
vn -0.3183 0.6990 0.6404
vn -0.2811 0.7240 0.6300
vn -0.2653 0.6711 0.6923
vn -0.3202 0.7709 0.5506
vn -0.3038 0.6619 0.6852
vn -0.3613 0.7120 0.6021
vn -0.3950 0.7930 0.4638
vn 0.9799 0.0426 0.1951
vn 0.9766 0.0649 0.2051
vn 0.9931 0.0468 0.1074
vn 0.9924 0.0426 0.1157
vn 0.9791 0.0567 0.1951
vn 0.9961 0.0332 0.0817
vn 0.9977 0.0115 -0.0671
vn 0.9989 0.0122 -0.0452
vn 0.9942 -0.0033 -0.1072
vn 0.9886 -0.0398 0.1450
vn 0.9836 0.0344 0.1773
vn 0.9989 0.0081 0.0471
vn 0.9874 -0.0285 -0.1555
vn 0.9083 -0.0683 -0.4126
vn 0.9317 -0.0477 -0.3602
vn 0.9492 -0.0363 -0.3124
vn 0.9587 -0.0367 -0.2820
vn 0.9983 -0.0090 -0.0568
vn 0.9572 -0.0540 -0.2843
vn 0.9959 0.0076 0.0899
vn 0.9880 0.0083 0.1541
vn 0.9920 -0.0138 0.1254
vn 0.9983 -0.0447 -0.0365
vn 0.9998 -0.0203 0.0074
vn 0.9953 -0.0316 0.0917
vn 0.9944 -0.0649 -0.0836
vn 0.9633 -0.0805 -0.2559
vn 0.9769 -0.0566 -0.2058
vn 0.9475 -0.0997 -0.3037
vn 0.9975 -0.0464 0.0540
vn 0.9879 -0.0820 -0.1315
vn 0.9309 -0.1150 -0.3467
vn 0.8164 -0.1318 -0.5623
vn 0.8341 -0.1225 -0.5378
vn 0.8569 -0.1093 -0.5037
vn 0.8825 -0.0911 -0.4615
vn 0.9982 -0.0588 0.0136
vn 0.9972 -0.0687 -0.0290
vn 0.9688 -0.1073 -0.2234
vn 0.9793 -0.0962 -0.1783
vn 0.9944 -0.0757 -0.0739
vn 0.9568 -0.1149 -0.2670
vn 0.9004 -0.1361 -0.4131
vn 0.9149 -0.1272 -0.3831
vn 0.8876 -0.1415 -0.4384
vn 0.9895 -0.0793 -0.1211
vn 0.9434 -0.1182 -0.3098
vn 0.8762 -0.1430 -0.4603
vn 0.8054 -0.1448 -0.5747
vn 0.8009 -0.1454 -0.5809
vn 0.8004 -0.1430 -0.5822
vn 0.8052 -0.1385 -0.5767
vn 0.9824 -0.0799 -0.1690
vn 0.9738 -0.0780 -0.2135
vn 0.9160 -0.1075 -0.3866
vn 0.9293 -0.1162 -0.3506
vn 0.9657 -0.0730 -0.2490
vn 0.9060 -0.0916 -0.4133
vn 0.8598 -0.1237 -0.4954
vn 0.8667 -0.1379 -0.4795
vn 0.8567 -0.0997 -0.5061
vn 0.9604 -0.0657 -0.2706
vn 0.9017 -0.0702 -0.4267
vn 0.8577 -0.0684 -0.5096
vn 0.8403 -0.0624 -0.5386
vn 0.8320 -0.0960 -0.5464
vn 0.8223 -0.1220 -0.5558
vn 0.8130 -0.1381 -0.5657
vn 0.9590 -0.0594 -0.2771
vn 0.9604 -0.0577 -0.2725
vn 0.9087 -0.0438 -0.4152
vn 0.9032 -0.0516 -0.4260
vn 0.9624 -0.0612 -0.2645
vn 0.9146 -0.0481 -0.4015
vn 0.8679 -0.0293 -0.4959
vn 0.8620 -0.0411 -0.5053
vn 0.8732 -0.0349 -0.4860
vn 0.9630 -0.0690 -0.2605
vn 0.9177 -0.0626 -0.3922
vn 0.8755 -0.0556 -0.4801
vn 0.8444 -0.0542 -0.5329
vn 0.8477 -0.0295 -0.5297
vn 0.8479 -0.0219 -0.5297
vn 0.8456 -0.0337 -0.5328
vn 0.9611 -0.0779 -0.2650
vn 0.9568 -0.0846 -0.2780
vn 0.9116 -0.0933 -0.4003
vn 0.9166 -0.0801 -0.3917
vn 0.9508 -0.0885 -0.2969
vn 0.9041 -0.1010 -0.4152
vn 0.8668 -0.0998 -0.4886
vn 0.8731 -0.0807 -0.4808
vn 0.8581 -0.1110 -0.5013
vn 0.9468 -0.0900 -0.3088
vn 0.8991 -0.1037 -0.4253
vn 0.8526 -0.1147 -0.5099
vn 0.8137 -0.1244 -0.5679
vn 0.8194 -0.1199 -0.5606
vn 0.8292 -0.1067 -0.5487
vn 0.8379 -0.0840 -0.5393
vn 0.8528 -0.0848 -0.5152
vn 0.8349 -0.0828 -0.5442
vn 0.7084 -0.1161 -0.6962
vn 0.7262 -0.1163 -0.6776
vn 0.8050 -0.0889 -0.5866
vn 0.6795 -0.1188 -0.7240
vn 0.6095 -0.1330 -0.7816
vn 0.6168 -0.1294 -0.7764
vn 0.5947 -0.1351 -0.7925
vn 0.8515 -0.0987 -0.5150
vn 0.7703 -0.1013 -0.6296
vn 0.6486 -0.1237 -0.7510
vn 0.5804 -0.1355 -0.8030
vn 0.5627 -0.1343 -0.8157
vn 0.5531 -0.1354 -0.8220
vn 0.5452 -0.1325 -0.8278
vn 0.5346 -0.1262 -0.8357
vn 0.6073 -0.1264 -0.7844
vn 0.5159 -0.1178 -0.8485
vn 0.7227 -0.1222 -0.6803
vn 0.7376 -0.1145 -0.6655
vn 0.7112 -0.1233 -0.6921
vn 0.6071 -0.1275 -0.7843
vn 0.6232 -0.1276 -0.7715
vn 0.6936 -0.1276 -0.7090
vn 0.6013 -0.1234 -0.7894
vn 0.5718 -0.1269 -0.8105
vn 0.5720 -0.1332 -0.8093
vn 0.5797 -0.1166 -0.8064
vn 0.6863 -0.1287 -0.7158
vn 0.6066 -0.1162 -0.7864
vn 0.5955 -0.1027 -0.7967
vn 0.6394 -0.0903 -0.7635
vn 0.6159 -0.1073 -0.7805
vn 0.5945 -0.1204 -0.7950
vn 0.5764 -0.1293 -0.8068
vn 0.6898 -0.1283 -0.7126
vn 0.7026 -0.1275 -0.7001
vn 0.6476 -0.1008 -0.7553
vn 0.6226 -0.1080 -0.7750
vn 0.7227 -0.1261 -0.6796
vn 0.6793 -0.0945 -0.7278
vn 0.6463 -0.0747 -0.7594
vn 0.6182 -0.0879 -0.7811
vn 0.6781 -0.0632 -0.7323
vn 0.7475 -0.1233 -0.6527
vn 0.7152 -0.0883 -0.6934
vn 0.7117 -0.0531 -0.7004
vn 0.7308 -0.0286 -0.6820
vn 0.7099 -0.0411 -0.7031
vn 0.6873 -0.0556 -0.7243
vn 0.6636 -0.0722 -0.7446
vn 0.7746 -0.1163 -0.6217
vn 0.8004 -0.1021 -0.5907
vn 0.7850 -0.0704 -0.6155
vn 0.7519 -0.0808 -0.6544
vn 0.8216 -0.0803 -0.5644
vn 0.8102 -0.0570 -0.5834
vn 0.7732 -0.0383 -0.6329
vn 0.7447 -0.0447 -0.6659
vn 0.7939 -0.0340 -0.6071
vn 0.8351 -0.0531 -0.5476
vn 0.8245 -0.0419 -0.5644
vn 0.8040 -0.0321 -0.5938
vn 0.7724 -0.0275 -0.6345
vn 0.7714 -0.0194 -0.6360
vn 0.7631 -0.0168 -0.6460
vn 0.7491 -0.0200 -0.6622
vn 0.8398 -0.0308 -0.5420
vn 0.8372 -0.0237 -0.5464
vn 0.8202 -0.0322 -0.5711
vn 0.8271 -0.0314 -0.5612
vn 0.8298 -0.0342 -0.5569
vn 0.8076 -0.0461 -0.5879
vn 0.7927 -0.0437 -0.6080
vn 0.8028 -0.0346 -0.5952
vn 0.7775 -0.0604 -0.6259
vn 0.8197 -0.0604 -0.5696
vn 0.7928 -0.0718 -0.6052
vn 0.7615 -0.0841 -0.6427
vn 0.7259 -0.0932 -0.6815
vn 0.7392 -0.0726 -0.6695
vn 0.7538 -0.0546 -0.6549
vn 0.7659 -0.0396 -0.6417
vn 0.8084 -0.0910 -0.5815
vn 0.7973 -0.1144 -0.5926
vn 0.7672 -0.1218 -0.6297
vn 0.7788 -0.1002 -0.6192
vn 0.7871 -0.1281 -0.6034
vn 0.7580 -0.1346 -0.6382
vn 0.7384 -0.1269 -0.6623
vn 0.7480 -0.1085 -0.6547
vn 0.7321 -0.1380 -0.6670
vn 0.7815 -0.1327 -0.6096
vn 0.7533 -0.1388 -0.6428
vn 0.7292 -0.1417 -0.6695
vn 0.7088 -0.1404 -0.6913
vn 0.7094 -0.1373 -0.6913
vn 0.7111 -0.1281 -0.6913
vn 0.7163 -0.1131 -0.6886
vn 0.4780 -0.1095 -0.8715
vn 0.5058 -0.1154 -0.8549
vn 0.4807 -0.0867 -0.8726
vn 0.4441 -0.0848 -0.8919
vn 0.5351 -0.1182 -0.8365
vn 0.5209 -0.0874 -0.8491
vn 0.4662 -0.0550 -0.8829
vn 0.4307 -0.0586 -0.9006
vn 0.5051 -0.0522 -0.8615
vn 0.4508 -0.1017 -0.8868
vn 0.5662 -0.1168 -0.8159
vn 0.5625 -0.0854 -0.8224
vn 0.5447 -0.0489 -0.8372
vn 0.5116 -0.0174 -0.8591
vn 0.4848 -0.0220 -0.8744
vn 0.4572 -0.0279 -0.8889
vn 0.4304 -0.0358 -0.9019
vn 0.4011 -0.0630 -0.9139
vn 0.4059 -0.0453 -0.9128
vn 0.4132 -0.0823 -0.9069
vn 0.5986 -0.1115 -0.7932
vn 0.6309 -0.1028 -0.7691
vn 0.6407 -0.0741 -0.7642
vn 0.6031 -0.0807 -0.7935
vn 0.6612 -0.0906 -0.7447
vn 0.6732 -0.0653 -0.7365
vn 0.6161 -0.0408 -0.7866
vn 0.5823 -0.0450 -0.8117
vn 0.6442 -0.0363 -0.7640
vn 0.6880 -0.0750 -0.7218
vn 0.6991 -0.0545 -0.7129
vn 0.6654 -0.0314 -0.7459
vn 0.5863 -0.0098 -0.8100
vn 0.5745 -0.0101 -0.8185
vn 0.5574 -0.0115 -0.8301
vn 0.5362 -0.0139 -0.8440
vn 0.7100 -0.0584 -0.7018
vn 0.7267 -0.0430 -0.6857
vn 0.7282 -0.0329 -0.6845
vn 0.7175 -0.0432 -0.6953
vn 0.7383 -0.0295 -0.6739
vn 0.7320 -0.0242 -0.6809
vn 0.6846 -0.0229 -0.7285
vn 0.6788 -0.0267 -0.7338
vn 0.6833 -0.0204 -0.7298
vn 0.7450 -0.0182 -0.6668
vn 0.7291 -0.0173 -0.6842
vn 0.6755 -0.0193 -0.7371
vn 0.5812 -0.0185 -0.8135
vn 0.5895 -0.0147 -0.8076
vn 0.5935 -0.0120 -0.8047
vn 0.5926 -0.0104 -0.8054
vn 0.7471 -0.0111 -0.6646
vn 0.7450 -0.0105 -0.6670
vn 0.7076 -0.0158 -0.7065
vn 0.7205 -0.0139 -0.6933
vn 0.7391 -0.0169 -0.6733
vn 0.6924 -0.0233 -0.7211
vn 0.6455 -0.0245 -0.7634
vn 0.6622 -0.0205 -0.7490
vn 0.6280 -0.0317 -0.7776
vn 0.7300 -0.0296 -0.6828
vn 0.6771 -0.0361 -0.7350
vn 0.6125 -0.0420 -0.7894
vn 0.5354 -0.0425 -0.8435
vn 0.5447 -0.0351 -0.8379
vn 0.5568 -0.0287 -0.8301
vn 0.5697 -0.0232 -0.8215
vn 0.7184 -0.0458 -0.6941
vn 0.7060 -0.0624 -0.7055
vn 0.6528 -0.0661 -0.7547
vn 0.6635 -0.0513 -0.7464
vn 0.6946 -0.0794 -0.7150
vn 0.6457 -0.0802 -0.7593
vn 0.5945 -0.0648 -0.8015
vn 0.6011 -0.0536 -0.7974
vn 0.5926 -0.0753 -0.8020
vn 0.6863 -0.0965 -0.7209
vn 0.6429 -0.0935 -0.7602
vn 0.5948 -0.0851 -0.7994
vn 0.5400 -0.0725 -0.8385
vn 0.5334 -0.0654 -0.8433
vn 0.5300 -0.0580 -0.8460
vn 0.5305 -0.0503 -0.8462
vn 0.6824 -0.1120 -0.7224
vn 0.6827 -0.1239 -0.7202
vn 0.6495 -0.1143 -0.7518
vn 0.6443 -0.1052 -0.7575
vn 0.6860 -0.1314 -0.7156
vn 0.6572 -0.1205 -0.7441
vn 0.6095 -0.1006 -0.7864
vn 0.6007 -0.0937 -0.7940
vn 0.6203 -0.1055 -0.7772
vn 0.6878 -0.1339 -0.7134
vn 0.6608 -0.1224 -0.7406
vn 0.6251 -0.1070 -0.7732
vn 0.5779 -0.0891 -0.8112
vn 0.5728 -0.0880 -0.8150
vn 0.5603 -0.0840 -0.8240
vn 0.5492 -0.0788 -0.8320
vn -0.5031 -0.1484 -0.8514
vn -0.5532 -0.1600 -0.8176
vn -0.5419 -0.1572 -0.8256
vn -0.4857 -0.1453 -0.8620
vn -0.6107 -0.1659 -0.7743
vn -0.6055 -0.1630 -0.7790
vn -0.5304 -0.1523 -0.8340
vn -0.4680 -0.1400 -0.8726
vn -0.6006 -0.1581 -0.7838
vn -0.4730 -0.1329 -0.8710
vn -0.5122 -0.1495 -0.8458
vn -0.4610 -0.1316 -0.8776
vn -0.5593 -0.1611 -0.8131
vn -0.6141 -0.1669 -0.7714
vn -0.6750 -0.1663 -0.7188
vn -0.6743 -0.1652 -0.7198
vn -0.6749 -0.1616 -0.7200
vn -0.6767 -0.1556 -0.7196
vn -0.6799 -0.1475 -0.7183
vn -0.5960 -0.1514 -0.7886
vn -0.5185 -0.1457 -0.8426
vn -0.4497 -0.1329 -0.8833
vn -0.4141 -0.1228 -0.9019
vn -0.3905 -0.1154 -0.9133
vn -0.4376 -0.1283 -0.8900
vn -0.7400 -0.1572 -0.6540
vn -0.8041 -0.1418 -0.5774
vn -0.8137 -0.1343 -0.5656
vn -0.7458 -0.1521 -0.6486
vn -0.8645 -0.1182 -0.4886
vn -0.8763 -0.1082 -0.4694
vn -0.8249 -0.1226 -0.5518
vn -0.7532 -0.1437 -0.6419
vn -0.8890 -0.0929 -0.4483
vn -0.7383 -0.1589 -0.6555
vn -0.8005 -0.1441 -0.5817
vn -0.8596 -0.1213 -0.4964
vn -0.9129 -0.0901 -0.3980
vn -0.9182 -0.0861 -0.3866
vn -0.9301 -0.0740 -0.3597
vn -0.9416 -0.0561 -0.3320
vn -0.9523 -0.0341 -0.3031
vn -0.9025 -0.0734 -0.4243
vn -0.8382 -0.1072 -0.5347
vn -0.7629 -0.1326 -0.6328
vn -0.9611 -0.0472 -0.2723
vn -0.9891 -0.0061 -0.1473
vn -0.9929 0.0056 -0.1186
vn -0.9700 -0.0343 -0.2408
vn -0.9995 0.0302 -0.0135
vn -0.9992 0.0388 0.0035
vn -0.9955 0.0219 -0.0924
vn -0.9775 -0.0159 -0.2102
vn -0.9985 0.0511 0.0176
vn -0.9569 -0.0515 -0.2859
vn -0.9872 -0.0100 -0.1594
vn -0.9994 0.0275 -0.0199
vn -0.9975 0.0651 0.0280
vn -0.9968 0.0407 -0.0694
vn -0.9835 0.0060 -0.1810
vn -0.4308 -0.1251 -0.8937
vn -0.5059 -0.1381 -0.8514
vn -0.4930 -0.1306 -0.8602
vn -0.4116 -0.1176 -0.9037
vn -0.5915 -0.1438 -0.7934
vn -0.5868 -0.1363 -0.7982
vn -0.4799 -0.1232 -0.8686
vn -0.3930 -0.1108 -0.9129
vn -0.5815 -0.1290 -0.8032
vn -0.3669 -0.1075 -0.9240
vn -0.6843 -0.1388 -0.7158
vn -0.6889 -0.1311 -0.7129
vn -0.6924 -0.1248 -0.7106
vn -0.6934 -0.1196 -0.7106
vn -0.5754 -0.1218 -0.8087
vn -0.4673 -0.1159 -0.8765
vn -0.3755 -0.1044 -0.9209
vn -0.3214 -0.0946 -0.9422
vn -0.3006 -0.0897 -0.9495
vn -0.3437 -0.1005 -0.9337
vn -0.7744 -0.1214 -0.6210
vn -0.8527 -0.0929 -0.5141
vn -0.8667 -0.0847 -0.4915
vn -0.7861 -0.1132 -0.6077
vn -0.9160 -0.0565 -0.3972
vn -0.9282 -0.0494 -0.3688
vn -0.8781 -0.0841 -0.4710
vn -0.7958 -0.1090 -0.5956
vn -0.9376 -0.0543 -0.3436
vn -0.9618 -0.0165 -0.2731
vn -0.9698 -0.0123 -0.2436
vn -0.9756 -0.0238 -0.2183
vn -0.9784 -0.0493 -0.2009
vn -0.9427 -0.0701 -0.3261
vn -0.8849 -0.0909 -0.4569
vn -0.8016 -0.1085 -0.5880
vn -0.9880 0.0216 -0.1531
vn -0.9974 0.0522 -0.0493
vn -0.9984 0.0468 -0.0318
vn -0.9916 0.0213 -0.1274
vn -0.9968 0.0717 0.0354
vn -0.9972 0.0621 0.0413
vn -0.9996 0.0227 -0.0170
vn -0.9944 0.0029 -0.1059
vn -0.9983 0.0345 0.0470
vn -0.9985 -0.0082 0.0537
vn -0.9998 -0.0176 -0.0057
vn -0.9954 -0.0313 -0.0909
vn -0.3598 -0.0984 -0.9278
vn -0.4556 -0.1086 -0.8835
vn -0.4452 -0.1011 -0.8897
vn -0.3463 -0.0925 -0.9335
vn -0.5685 -0.1145 -0.8147
vn -0.5610 -0.1067 -0.8209
vn -0.4363 -0.0937 -0.8949
vn -0.3351 -0.0867 -0.9382
vn -0.5537 -0.0985 -0.8269
vn -0.2820 -0.0854 -0.9556
vn -0.6912 -0.1146 -0.7135
vn -0.6861 -0.1088 -0.7193
vn -0.6791 -0.1017 -0.7270
vn -0.6712 -0.0934 -0.7354
vn -0.5470 -0.0900 -0.8323
vn -0.4294 -0.0862 -0.8990
vn -0.3263 -0.0809 -0.9418
vn -0.2517 -0.0773 -0.9647
vn -0.2400 -0.0734 -0.9680
vn -0.2657 -0.0812 -0.9606
vn -0.8023 -0.1091 -0.5868
vn -0.8862 -0.0999 -0.4523
vn -0.8831 -0.1057 -0.4572
vn -0.7986 -0.1079 -0.5921
vn -0.9433 -0.0892 -0.3198
vn -0.9403 -0.1031 -0.3243
vn -0.8767 -0.1069 -0.4691
vn -0.7917 -0.1041 -0.6020
vn -0.9351 -0.1099 -0.3370
vn -0.9778 -0.0785 -0.1942
vn -0.9751 -0.1002 -0.1981
vn -0.9713 -0.1119 -0.2097
vn -0.9675 -0.1143 -0.2257
vn -0.9287 -0.1097 -0.3543
vn -0.8683 -0.1037 -0.4851
vn -0.7827 -0.0979 -0.6146
vn -0.9940 -0.0688 -0.0844
vn -0.9982 -0.0605 0.0010
vn -0.9958 -0.0919 0.0026
vn -0.9916 -0.0967 -0.0864
vn -0.9968 -0.0525 0.0609
vn -0.9941 -0.0847 0.0675
vn -0.9940 -0.1093 0.0003
vn -0.9892 -0.1121 -0.0946
vn -0.9921 -0.1022 0.0730
vn -0.9913 -0.1062 0.0772
vn -0.9935 -0.1135 -0.0046
vn -0.9875 -0.1159 -0.1064
vn -0.3199 -0.0753 -0.9445
vn -0.4245 -0.0788 -0.9020
vn -0.4213 -0.0719 -0.9041
vn -0.3157 -0.0698 -0.9463
vn -0.5413 -0.0815 -0.8369
vn -0.5364 -0.0737 -0.8407
vn -0.4196 -0.0654 -0.9053
vn -0.3133 -0.0644 -0.9475
vn -0.5323 -0.0666 -0.8439
vn -0.2305 -0.0695 -0.9706
vn -0.6629 -0.0850 -0.7438
vn -0.6545 -0.0773 -0.7521
vn -0.6458 -0.0705 -0.7602
vn -0.6368 -0.0646 -0.7683
vn -0.5286 -0.0602 -0.8468
vn -0.4190 -0.0592 -0.9060
vn -0.3126 -0.0591 -0.9481
vn -0.2176 -0.0616 -0.9741
vn -0.2138 -0.0574 -0.9752
vn -0.2231 -0.0656 -0.9726
vn -0.7726 -0.0907 -0.6284
vn -0.8587 -0.0983 -0.5029
vn -0.8481 -0.0932 -0.5215
vn -0.7616 -0.0841 -0.6426
vn -0.9216 -0.1060 -0.3735
vn -0.9139 -0.1018 -0.3930
vn -0.8367 -0.0888 -0.5405
vn -0.7497 -0.0784 -0.6571
vn -0.9059 -0.0978 -0.4121
vn -0.9636 -0.1112 -0.2430
vn -0.9598 -0.1066 -0.2596
vn -0.9563 -0.1014 -0.2744
vn -0.9533 -0.0956 -0.2866
vn -0.8976 -0.0941 -0.4306
vn -0.8244 -0.0850 -0.5596
vn -0.7369 -0.0736 -0.6720
vn -0.9865 -0.1124 -0.1189
vn -0.9940 -0.1090 -0.0101
vn -0.9949 -0.0999 -0.0145
vn -0.9858 -0.1059 -0.1299
vn -0.9917 -0.1006 0.0802
vn -0.9925 -0.0895 0.0829
vn -0.9961 -0.0872 -0.0161
vn -0.9856 -0.0975 -0.1379
vn -0.9936 -0.0734 0.0863
vn -0.9944 -0.0529 0.0913
vn -0.9974 -0.0711 -0.0135
vn -0.9861 -0.0870 -0.1416
vn -0.3129 -0.0538 -0.9483
vn -0.4191 -0.0534 -0.9064
vn -0.4193 -0.0480 -0.9066
vn -0.3139 -0.0482 -0.9482
vn -0.5249 -0.0544 -0.8494
vn -0.5212 -0.0493 -0.8520
vn -0.4191 -0.0428 -0.9069
vn -0.3147 -0.0424 -0.9482
vn -0.5173 -0.0448 -0.8546
vn -0.2115 -0.0529 -0.9759
vn -0.6274 -0.0593 -0.7765
vn -0.6178 -0.0546 -0.7845
vn -0.6084 -0.0503 -0.7920
vn -0.5997 -0.0465 -0.7989
vn -0.5129 -0.0410 -0.8575
vn -0.4179 -0.0381 -0.9077
vn -0.3148 -0.0366 -0.9484
vn -0.2097 -0.0418 -0.9769
vn -0.2092 -0.0354 -0.9772
vn -0.2103 -0.0477 -0.9765
vn -0.7234 -0.0691 -0.6870
vn -0.8114 -0.0811 -0.5788
vn -0.7984 -0.0762 -0.5974
vn -0.7097 -0.0644 -0.7016
vn -0.8894 -0.0898 -0.4483
vn -0.8814 -0.0839 -0.4648
vn -0.7859 -0.0702 -0.6144
vn -0.6966 -0.0596 -0.7150
vn -0.8741 -0.0763 -0.4797
vn -0.9511 -0.0887 -0.2960
vn -0.9497 -0.0804 -0.3026
vn -0.9491 -0.0706 -0.3071
vn -0.9489 -0.0593 -0.3098
vn -0.8677 -0.0671 -0.4925
vn -0.7748 -0.0632 -0.6290
vn -0.6848 -0.0546 -0.7266
vn -0.9872 -0.0752 -0.1403
vn -0.9985 -0.0537 -0.0060
vn -0.9993 -0.0372 0.0060
vn -0.9889 -0.0629 -0.1346
vn -0.9946 -0.0315 0.0986
vn -0.9940 -0.0126 0.1082
vn -0.9995 -0.0222 0.0211
vn -0.9908 -0.0502 -0.1257
vn -0.9928 0.0030 0.1195
vn -0.9912 0.0147 0.1313
vn -0.9993 -0.0093 0.0373
vn -0.9926 -0.0375 -0.1153
vn -0.3136 -0.0314 -0.9490
vn -0.4153 -0.0341 -0.9091
vn -0.4107 -0.0314 -0.9112
vn -0.3108 -0.0278 -0.9501
vn -0.5077 -0.0379 -0.8607
vn -0.5012 -0.0358 -0.8646
vn -0.4039 -0.0302 -0.9143
vn -0.3062 -0.0260 -0.9516
vn -0.4924 -0.0350 -0.8697
vn -0.2084 -0.0295 -0.9776
vn -0.5915 -0.0433 -0.8051
vn -0.5829 -0.0411 -0.8115
vn -0.5720 -0.0404 -0.8192
vn -0.5568 -0.0416 -0.8296
vn -0.4799 -0.0355 -0.8766
vn -0.3942 -0.0302 -0.9185
vn -0.2995 -0.0255 -0.9538
vn -0.2049 -0.0227 -0.9785
vn -0.2016 -0.0215 -0.9792
vn -0.2071 -0.0252 -0.9780
vn -0.6746 -0.0501 -0.7365
vn -0.7652 -0.0562 -0.6413
vn -0.7557 -0.0507 -0.6530
vn -0.6645 -0.0467 -0.7458
vn -0.8622 -0.0574 -0.5033
vn -0.8558 -0.0490 -0.5149
vn -0.7433 -0.0480 -0.6672
vn -0.6522 -0.0455 -0.7567
vn -0.8458 -0.0436 -0.5317
vn -0.9489 -0.0474 -0.3121
vn -0.9473 -0.0363 -0.3183
vn -0.9418 -0.0280 -0.3349
vn -0.9287 -0.0277 -0.3697
vn -0.8284 -0.0443 -0.5584
vn -0.7247 -0.0499 -0.6872
vn -0.6347 -0.0475 -0.7713
vn -0.9940 -0.0251 -0.1062
vn -0.9987 0.0007 0.0510
vn -0.9985 0.0061 0.0544
vn -0.9944 -0.0140 -0.1047
vn -0.9898 0.0203 0.1410
vn -0.9899 0.0155 0.1413
vn -0.9994 0.0022 0.0358
vn -0.9928 -0.0072 -0.1199
vn -0.9935 -0.0161 0.1126
vn -0.9943 -0.1022 0.0297
vn -0.9995 -0.0235 -0.0231
vn -0.9863 -0.0124 -0.1646
vn -0.3160 0.9365 -0.1523
vn -0.3070 0.8749 -0.3746
vn -0.3365 0.8743 -0.3498
vn -0.3419 0.9306 -0.1309
vn -0.2940 0.7778 -0.5555
vn -0.3293 0.7785 -0.5344
vn -0.3610 0.8676 -0.3419
vn -0.3622 0.9240 -0.1226
vn -0.3540 0.7714 -0.5288
vn -0.3595 0.9094 -0.2093
vn -0.3045 0.8503 -0.4292
vn -0.2669 0.7555 -0.5983
vn -0.2416 0.6291 -0.7388
vn -0.2803 0.6482 -0.7080
vn -0.3179 0.6488 -0.6914
vn -0.3416 0.6408 -0.6875
vn -0.3486 0.6314 -0.6927
vn -0.3624 0.7649 -0.5326
vn -0.3710 0.8628 -0.3434
vn -0.3714 0.9204 -0.1220
vn -0.3793 0.9171 -0.1230
vn -0.3770 0.8590 -0.3463
vn -0.3914 0.8520 -0.3476
vn -0.3966 0.9097 -0.1233
vn -0.3653 0.7596 -0.5381
vn -0.3747 0.7520 -0.5423
vn -0.4162 0.8402 -0.3476
vn -0.4252 0.8966 -0.1236
vn -0.3925 0.7410 -0.5448
vn -0.3488 0.6224 -0.7007
vn -0.3522 0.6114 -0.7086
vn -0.3603 0.5980 -0.7160
vn -0.3738 0.5817 -0.7224
vn -0.4196 0.7253 -0.5458
vn -0.4522 0.8219 -0.3466
vn -0.4658 0.8761 -0.1248
vn -0.5225 0.8431 -0.1272
vn -0.5037 0.7922 -0.3446
vn -0.5696 0.7473 -0.3422
vn -0.5937 0.7939 -0.1311
vn -0.4616 0.7004 -0.5444
vn -0.5188 0.6622 -0.5407
vn -0.6389 0.6893 -0.3415
vn -0.6678 0.7316 -0.1372
vn -0.5811 0.6118 -0.5366
vn -0.3989 0.5596 -0.7264
vn -0.4381 0.5284 -0.7273
vn -0.4842 0.4888 -0.7257
vn -0.5269 0.4455 -0.7238
vn -0.6358 0.5556 -0.5359
vn -0.6988 0.6264 -0.3455
vn -0.7322 0.6651 -0.1467
vn -0.2649 0.5076 -0.8199
vn -0.2519 0.3819 -0.8892
vn -0.2906 0.3768 -0.8795
vn -0.3029 0.5058 -0.8077
vn -0.2438 0.2791 -0.9288
vn -0.2845 0.2715 -0.9194
vn -0.3172 0.3640 -0.8757
vn -0.3269 0.4955 -0.8047
vn -0.3155 0.2569 -0.9135
vn -0.2230 0.4940 -0.8404
vn -0.2089 0.3746 -0.9033
vn -0.1997 0.2769 -0.9399
vn -0.1943 0.1982 -0.9607
vn -0.2406 0.1975 -0.9503
vn -0.2846 0.1883 -0.9400
vn -0.3209 0.1730 -0.9312
vn -0.3474 0.1536 -0.9251
vn -0.3348 0.2379 -0.9118
vn -0.3300 0.3471 -0.8779
vn -0.3352 0.4821 -0.8095
vn -0.3353 0.4677 -0.8178
vn -0.3338 0.3280 -0.8837
vn -0.3331 0.3057 -0.8919
vn -0.3345 0.4509 -0.8275
vn -0.3454 0.2159 -0.9133
vn -0.3498 0.1899 -0.9174
vn -0.3275 0.2804 -0.9023
vn -0.3331 0.4318 -0.8382
vn -0.3468 0.1594 -0.9243
vn -0.3662 0.1310 -0.9213
vn -0.3797 0.1035 -0.9193
vn -0.3864 0.0693 -0.9197
vn -0.3811 0.0276 -0.9241
vn -0.3332 0.1247 -0.9346
vn -0.3156 0.2527 -0.9146
vn -0.3315 0.4107 -0.8493
vn -0.3344 0.3869 -0.8593
vn -0.2984 0.2238 -0.9278
vn -0.2765 0.1960 -0.9408
vn -0.3450 0.3596 -0.8670
vn -0.3035 0.0885 -0.9487
vn -0.2520 0.0562 -0.9661
vn -0.2506 0.1734 -0.9524
vn -0.3606 0.3307 -0.8721
vn -0.1803 0.0341 -0.9830
vn -0.3493 -0.0181 -0.9368
vn -0.2755 -0.0598 -0.9594
vn -0.1585 -0.0877 -0.9835
vn -0.0179 -0.0958 -0.9952
vn -0.1002 0.0262 -0.9946
vn -0.2249 0.1593 -0.9613
vn -0.3773 0.3039 -0.8748
vn -0.2410 0.1321 -0.9615
vn -0.2441 0.0799 -0.9665
vn -0.2989 0.0700 -0.9517
vn -0.2897 0.1224 -0.9493
vn -0.2499 0.0404 -0.9674
vn -0.3119 0.0306 -0.9496
vn -0.3467 0.0553 -0.9363
vn -0.3317 0.1072 -0.9373
vn -0.3662 0.0168 -0.9304
vn -0.1908 0.1343 -0.9724
vn -0.1881 0.0831 -0.9786
vn -0.1865 0.0445 -0.9814
vn -0.1866 0.0180 -0.9823
vn -0.2583 0.0132 -0.9660
vn -0.3283 0.0039 -0.9446
vn -0.3899 -0.0088 -0.9208
vn -0.4414 -0.0248 -0.8970
vn -0.4110 -0.0003 -0.9116
vn -0.3855 0.0375 -0.9219
vn -0.3647 0.0884 -0.9269
vn -0.3919 0.0665 -0.9176
vn -0.4208 0.0164 -0.9070
vn -0.4588 -0.0106 -0.8885
vn -0.4171 0.0390 -0.9080
vn -0.4541 -0.0206 -0.8907
vn -0.5052 -0.0461 -0.8618
vn -0.4997 -0.0471 -0.8649
vn -0.4392 0.0027 -0.8984
vn -0.5653 -0.0798 -0.8210
vn -0.4928 -0.0440 -0.8690
vn -0.5559 -0.0666 -0.8285
vn -0.6330 -0.0937 -0.7684
vn -0.7134 -0.1284 -0.6889
vn -0.6248 -0.1253 -0.7707
vn -0.5350 -0.0964 -0.8393
vn -0.4513 -0.0447 -0.8912
vn -0.4290 -0.1003 -0.8977
vn -0.5314 -0.1583 -0.8322
vn -0.4480 -0.2255 -0.8651
vn -0.3437 -0.1547 -0.9262
vn -0.6441 -0.1866 -0.7418
vn -0.5752 -0.2635 -0.7744
vn -0.2660 -0.2810 -0.9221
vn -0.1877 -0.1943 -0.9628
vn -0.3850 -0.3392 -0.8583
vn -0.7546 -0.1807 -0.6308
vn -0.7092 -0.2621 -0.6545
vn -0.5318 -0.3619 -0.7657
vn -0.2101 -0.4303 -0.8779
vn -0.0904 -0.3779 -0.9214
vn -0.0130 -0.3029 -0.9529
vn 0.0127 -0.2072 -0.9782
vn -0.2688 -0.0047 -0.9632
vn -0.2800 -0.0166 -0.9598
vn -0.3650 -0.0236 -0.9307
vn -0.3468 -0.0130 -0.9379
vn -0.2906 -0.0233 -0.9566
vn -0.3811 -0.0289 -0.9241
vn -0.4410 -0.0322 -0.8969
vn -0.4159 -0.0240 -0.9091
vn -0.4628 -0.0355 -0.8858
vn -0.1889 0.0005 -0.9820
vn -0.1928 -0.0115 -0.9812
vn -0.1974 -0.0187 -0.9802
vn -0.5353 -0.0435 -0.8435
vn -0.5075 -0.0432 -0.8606
vn -0.4750 -0.0380 -0.8792
vn -0.5349 -0.0546 -0.8432
vn -0.5752 -0.0557 -0.8161
vn -0.6568 -0.0666 -0.7511
vn -0.6084 -0.0722 -0.7903
vn -0.6091 -0.0519 -0.7914
vn -0.6962 -0.0571 -0.7156
vn -0.7555 -0.0724 -0.6512
vn -0.6986 -0.0891 -0.7099
vn -0.7989 -0.0546 -0.5989
vn -0.9023 -0.0430 -0.4289
vn -0.8579 -0.0736 -0.5086
vn -0.7936 -0.1075 -0.5988
vn -0.8512 -0.1440 -0.5046
vn -0.9239 -0.0906 -0.3717
vn -0.9323 -0.1581 -0.3254
vn -0.8341 -0.2234 -0.5043
vn -0.9672 -0.0408 -0.2506
vn -0.9857 -0.0821 -0.1473
vn -0.8439 -0.3103 -0.4377
vn -0.6914 -0.3515 -0.6312
vn -0.9562 -0.2246 -0.1876
vn -0.7228 -0.5515 -0.4164
vn -0.5290 -0.5182 -0.6720
vn -0.3569 -0.4731 -0.8055
vn 0.9784 -0.2027 -0.0397
vn 0.9975 -0.0702 0.0004
vn 0.9701 -0.1772 -0.1657
vn 0.8784 -0.3589 -0.3157
vn 0.9912 -0.0584 -0.1190
vn 0.9633 -0.1292 -0.2352
vn 0.8900 -0.2707 -0.3668
vn 0.7127 -0.4329 -0.5519
vn 0.9005 -0.1981 -0.3871
vn 0.7039 -0.6145 -0.3563
vn 0.9387 -0.0908 -0.3324
vn 0.8942 -0.1400 -0.4251
vn 0.8170 -0.1832 -0.5467
vn 0.7152 -0.1958 -0.6710
vn 0.8044 -0.2347 -0.5458
vn 0.7709 -0.3158 -0.5531
vn 0.5432 -0.4357 -0.7177
vn 0.2226 -0.5687 -0.7919
vn 0.0844 -0.4881 -0.8687
vn 0.4485 -0.6255 -0.6384
vn 0.4042 -0.3879 -0.8283
vn 0.6382 -0.3059 -0.7065
vn 0.5136 -0.2508 -0.8205
vn 0.3051 -0.3066 -0.9016
vn 0.6889 -0.2268 -0.6885
vn 0.5715 -0.1796 -0.8007
vn 0.4169 -0.1621 -0.8944
vn 0.2521 -0.2026 -0.9463
vn 0.4705 -0.1007 -0.8766
vn 0.0144 -0.4021 -0.9155
vn 0.6069 -0.1707 -0.7763
vn 0.5068 -0.1160 -0.8542
vn 0.4254 -0.0382 -0.9042
vn 0.3685 0.0589 -0.9278
vn 0.3992 0.0024 -0.9169
vn 0.3595 -0.0497 -0.9318
vn 0.2453 -0.0825 -0.9659
vn 0.0224 -0.2029 -0.9789
vn 0.0900 -0.0864 -0.9922
vn -0.0043 -0.3078 -0.9514
vn 0.2791 0.0502 -0.9590
vn 0.3439 0.0811 -0.9355
vn 0.3677 0.2294 -0.9012
vn 0.3475 0.1956 -0.9171
vn 0.3635 0.1267 -0.9229
vn 0.3639 0.2715 -0.8910
vn 0.4239 0.3914 -0.8168
vn 0.4419 0.3518 -0.8252
vn 0.3960 0.4318 -0.8104
vn 0.1896 0.0399 -0.9811
vn 0.3393 0.1756 -0.9242
vn 0.3383 0.3130 -0.8875
vn 0.3630 0.4668 -0.8064
vn 0.4044 0.6202 -0.6722
vn 0.4474 0.5896 -0.6725
vn 0.4962 0.5487 -0.6728
vn 0.5426 0.5020 -0.6735
vn 0.4497 0.3193 -0.8342
vn 0.5793 0.4561 -0.6755
vn 0.3126 0.1757 -0.9335
vn 0.6208 0.6162 -0.4846
vn 0.5582 0.6703 -0.4890
vn 0.5988 0.7465 -0.2902
vn 0.6685 0.6864 -0.2863
vn 0.4962 0.7141 -0.4938
vn 0.5304 0.7946 -0.2954
vn 0.6182 0.7828 -0.0702
vn 0.6910 0.7192 -0.0723
vn 0.5467 0.8343 -0.0707
vn 0.6730 0.5600 -0.4832
vn 0.4452 0.7442 -0.4979
vn 0.4746 0.8272 -0.3007
vn 0.4882 0.8696 -0.0733
vn 0.7531 0.6533 -0.0779
vn 0.7274 0.6237 -0.2862
vn 0.8227 -0.1247 -0.5546
vn 0.6889 -0.1343 -0.7123
vn 0.6233 -0.1472 -0.7680
vn 0.7612 -0.1552 -0.6297
vn 0.5735 -0.1255 -0.8095
vn 0.5159 -0.1248 -0.8475
vn 0.5345 -0.1499 -0.8318
vn 0.6695 -0.1747 -0.7220
vn 0.4436 -0.1177 -0.8884
vn 0.4848 -0.1094 -0.8677
vn 0.4422 -0.1009 -0.8912
vn 0.3934 -0.0889 -0.9151
vn 0.3469 -0.0684 -0.9354
vn 0.3728 -0.0967 -0.9229
vn 0.4429 -0.1309 -0.8869
vn 0.5655 -0.1656 -0.8079
vn 0.4712 -0.1264 -0.8729
vn 0.3682 -0.0890 -0.9255
vn 0.3168 -0.0292 -0.9480
vn 0.3967 -0.0656 -0.9156
vn 0.3176 -0.0585 -0.9464
vn 0.2826 -0.0035 -0.9592
vn 0.2864 0.0457 -0.9570
vn 0.3441 0.0120 -0.9389
vn 0.2650 0.0674 -0.9619
vn 0.3105 -0.0347 -0.9499
vn 0.2872 0.0154 -0.9577
vn 0.2753 0.0829 -0.9578
vn 0.2712 0.1685 -0.9477
vn 0.2596 0.1547 -0.9532
vn 0.2723 0.1355 -0.9526
vn 0.3119 0.1050 -0.9443
vn 0.2995 0.2157 -0.9294
vn 0.2715 0.2425 -0.9314
vn 0.2836 0.3686 -0.8852
vn 0.3067 0.3461 -0.8866
vn 0.2628 0.2599 -0.9292
vn 0.2735 0.3840 -0.8819
vn 0.3079 0.5112 -0.8024
vn 0.3323 0.4931 -0.8040
vn 0.2920 0.5239 -0.8002
vn 0.2716 0.2731 -0.9228
vn 0.2757 0.3964 -0.8757
vn 0.2844 0.5345 -0.7959
vn 0.2990 0.6734 -0.6761
vn 0.3166 0.6659 -0.6755
vn 0.3403 0.6559 -0.6738
vn 0.3696 0.6414 -0.6724
vn 0.4055 0.7638 -0.5022
vn 0.3716 0.7772 -0.5079
vn 0.3956 0.8627 -0.3151
vn 0.4317 0.8482 -0.3068
vn 0.3424 0.7860 -0.5148
vn 0.3650 0.8722 -0.3257
vn 0.4077 0.9089 -0.0873
vn 0.4436 0.8928 -0.0787
vn 0.3793 0.9199 -0.0994
vn 0.3185 0.7913 -0.5220
vn 0.3403 0.8774 -0.3382
vn 0.3583 0.9266 -0.1146
vn 0.4233 -0.0929 -0.9012
vn 0.3887 -0.0781 -0.9180
vn 0.3701 -0.0700 -0.9264
vn 0.3956 -0.0825 -0.9147
vn 0.3787 -0.0649 -0.9232
vn 0.3627 -0.0604 -0.9300
vn 0.3550 -0.0565 -0.9331
vn 0.3683 -0.0686 -0.9272
vn 0.3504 -0.0480 -0.9354
vn 0.3846 -0.0515 -0.9217
vn 0.3662 -0.0497 -0.9292
vn 0.3492 -0.0384 -0.9362
vn 0.3323 -0.0169 -0.9430
vn 0.3386 -0.0267 -0.9405
vn 0.3413 -0.0359 -0.9393
vn 0.3428 -0.0485 -0.9381
vn 0.3214 -0.0170 -0.9468
vn 0.3277 -0.0041 -0.9448
vn 0.3148 0.0436 -0.9481
vn 0.3056 0.0307 -0.9517
vn 0.3256 0.0065 -0.9455
vn 0.3110 0.0551 -0.9488
vn 0.3032 0.1095 -0.9466
vn 0.2951 0.0964 -0.9506
vn 0.2961 0.1212 -0.9474
vn 0.3142 0.0169 -0.9492
vn 0.2949 0.0655 -0.9533
vn 0.2758 0.1304 -0.9523
vn 0.2595 0.2121 -0.9422
vn 0.2824 0.2062 -0.9369
vn 0.2931 0.1950 -0.9360
vn 0.2884 0.1816 -0.9401
vn 0.2837 0.2864 -0.9152
vn 0.2844 0.2995 -0.9107
vn 0.2778 0.4203 -0.8638
vn 0.2804 0.4091 -0.8683
vn 0.2721 0.3085 -0.9115
vn 0.2672 0.4247 -0.8650
vn 0.2753 0.5512 -0.7876
vn 0.2804 0.5445 -0.7905
vn 0.2697 0.5491 -0.7910
vn 0.2504 0.3087 -0.9176
vn 0.2521 0.4170 -0.8733
vn 0.2659 0.5327 -0.8034
vn 0.2892 0.6479 -0.7047
vn 0.2798 0.6712 -0.6864
vn 0.2795 0.6798 -0.6781
vn 0.2867 0.6789 -0.6759
vn 0.3008 0.7934 -0.5292
vn 0.2915 0.7903 -0.5390
vn 0.3117 0.8750 -0.3704
vn 0.3218 0.8787 -0.3525
vn 0.2965 0.7779 -0.5540
vn 0.3193 0.8623 -0.3931
vn 0.3356 0.9292 -0.1545
vn 0.3438 0.9296 -0.1328
vn 0.3390 0.9239 -0.1776
vn 0.3202 0.7494 -0.5796
vn 0.3609 0.8285 -0.4282
vn 0.4136 0.8849 -0.2140
vn -0.1182 -0.0207 -0.9928
vn -0.0614 -0.0198 -0.9979
vn -0.0617 -0.0224 -0.9978
vn -0.1186 -0.0235 -0.9927
vn -0.0344 -0.0186 -0.9992
vn -0.0368 -0.0206 -0.9991
vn -0.0631 -0.0263 -0.9977
vn -0.1193 -0.0279 -0.9925
vn -0.0405 -0.0235 -0.9989
vn -0.1178 -0.0190 -0.9929
vn -0.0618 -0.0180 -0.9979
vn -0.0330 -0.0172 -0.9993
vn -0.0271 -0.0145 -0.9995
vn -0.0326 -0.0153 -0.9994
vn -0.0390 -0.0165 -0.9991
vn -0.0464 -0.0183 -0.9988
vn -0.0552 -0.0206 -0.9983
vn -0.0458 -0.0272 -0.9986
vn -0.0659 -0.0313 -0.9973
vn -0.1205 -0.0338 -0.9921
vn -0.1227 -0.0399 -0.9916
vn -0.0702 -0.0363 -0.9969
vn -0.0762 -0.0406 -0.9963
vn -0.1260 -0.0452 -0.9910
vn -0.0528 -0.0308 -0.9981
vn -0.0617 -0.0338 -0.9975
vn -0.0839 -0.0438 -0.9955
vn -0.1305 -0.0496 -0.9902
vn -0.0722 -0.0359 -0.9967
vn -0.0655 -0.0229 -0.9976
vn -0.0773 -0.0246 -0.9967
vn -0.0904 -0.0257 -0.9956
vn -0.1046 -0.0262 -0.9942
vn -0.0842 -0.0371 -0.9958
vn -0.0931 -0.0461 -0.9946
vn -0.1366 -0.0530 -0.9892
vn -0.1442 -0.0559 -0.9880
vn -0.1039 -0.0479 -0.9934
vn -0.1161 -0.0494 -0.9920
vn -0.1535 -0.0586 -0.9864
vn -0.0974 -0.0379 -0.9945
vn -0.1117 -0.0386 -0.9930
vn -0.1297 -0.0508 -0.9902
vn -0.1644 -0.0611 -0.9845
vn -0.1270 -0.0391 -0.9911
vn -0.1196 -0.0263 -0.9925
vn -0.1354 -0.0263 -0.9904
vn -0.1517 -0.0264 -0.9881
vn -0.1685 -0.0265 -0.9853
vn -0.1433 -0.0397 -0.9889
vn -0.1446 -0.0521 -0.9881
vn -0.1771 -0.0635 -0.9821
vn -0.1916 -0.0659 -0.9793
vn -0.1609 -0.0533 -0.9855
vn -0.1786 -0.0544 -0.9824
vn -0.2079 -0.0683 -0.9758
vn -0.1604 -0.0401 -0.9862
vn -0.1786 -0.0403 -0.9831
vn -0.1979 -0.0555 -0.9787
vn -0.2263 -0.0708 -0.9715
vn -0.1979 -0.0404 -0.9794
vn -0.1858 -0.0264 -0.9822
vn -0.2036 -0.0261 -0.9787
vn -0.2221 -0.0255 -0.9747
vn -0.2414 -0.0248 -0.9701
vn -0.2185 -0.0404 -0.9750
vn -0.2189 -0.0567 -0.9741
vn -0.2467 -0.0734 -0.9663
vn -0.2692 -0.0768 -0.9600
vn -0.2417 -0.0587 -0.9686
vn -0.2662 -0.0621 -0.9619
vn -0.2934 -0.0815 -0.9525
vn -0.2404 -0.0411 -0.9698
vn -0.2638 -0.0433 -0.9636
vn -0.2922 -0.0670 -0.9540
vn -0.3189 -0.0876 -0.9437
vn -0.2885 -0.0471 -0.9563
vn -0.2615 -0.0246 -0.9649
vn -0.2826 -0.0258 -0.9589
vn -0.3047 -0.0285 -0.9520
vn -0.3279 -0.0326 -0.9441
vn -0.3147 -0.0522 -0.9478
vn -0.3195 -0.0734 -0.9447
vn -0.3454 -0.0950 -0.9336
vn -0.3726 -0.1021 -0.9224
vn -0.3480 -0.0797 -0.9341
vn -0.3776 -0.0845 -0.9221
vn -0.4003 -0.1074 -0.9101
vn -0.3422 -0.0575 -0.9379
vn -0.3709 -0.0614 -0.9266
vn -0.4079 -0.0873 -0.9089
vn -0.4284 -0.1107 -0.8968
vn -0.4006 -0.0637 -0.9141
vn -0.3524 -0.0367 -0.9351
vn -0.3780 -0.0398 -0.9249
vn -0.4044 -0.0415 -0.9136
vn -0.4176 -0.0424 -0.9076
vn -0.4155 -0.0648 -0.9073
vn -0.4233 -0.0886 -0.9017
vn -0.4428 -0.1120 -0.8896
vn -0.0452 -0.0087 -0.9989
vn -0.0621 0.0009 -0.9981
vn -0.0745 0.0008 -0.9972
vn -0.0555 -0.0091 -0.9984
vn -0.0814 0.0116 -0.9966
vn -0.0936 0.0116 -0.9955
vn -0.0871 0.0005 -0.9962
vn -0.0665 -0.0099 -0.9977
vn -0.1056 0.0114 -0.9943
vn -0.0353 -0.0083 -0.9993
vn -0.0497 0.0011 -0.9988
vn -0.0689 0.0119 -0.9976
vn -0.0890 0.0222 -0.9958
vn -0.0994 0.0216 -0.9948
vn -0.1093 0.0212 -0.9938
vn -0.1189 0.0208 -0.9927
vn -0.1283 0.0203 -0.9915
vn -0.1178 0.0111 -0.9930
vn -0.1002 -0.0001 -0.9950
vn -0.0784 -0.0112 -0.9969
vn -0.0913 -0.0125 -0.9957
vn -0.1139 -0.0007 -0.9935
vn -0.1282 -0.0011 -0.9918
vn -0.1052 -0.0133 -0.9944
vn -0.1301 0.0106 -0.9914
vn -0.1427 0.0104 -0.9897
vn -0.1429 -0.0011 -0.9897
vn -0.1200 -0.0137 -0.9927
vn -0.1555 0.0104 -0.9878
vn -0.1375 0.0198 -0.9903
vn -0.1468 0.0195 -0.9890
vn -0.1561 0.0194 -0.9875
vn -0.1655 0.0195 -0.9860
vn -0.1683 0.0106 -0.9857
vn -0.1579 -0.0009 -0.9875
vn -0.1354 -0.0137 -0.9907
vn -0.1512 -0.0134 -0.9884
vn -0.1730 -0.0006 -0.9849
vn -0.1882 -0.0004 -0.9821
vn -0.1673 -0.0132 -0.9858
vn -0.1813 0.0109 -0.9834
vn -0.1943 0.0110 -0.9809
vn -0.2035 -0.0002 -0.9791
vn -0.1837 -0.0131 -0.9829
vn -0.2073 0.0110 -0.9782
vn -0.1750 0.0196 -0.9844
vn -0.1846 0.0197 -0.9826
vn -0.1945 0.0196 -0.9807
vn -0.2046 0.0196 -0.9786
vn -0.2205 0.0110 -0.9753
vn -0.2189 -0.0002 -0.9758
vn -0.2002 -0.0130 -0.9797
vn -0.2169 -0.0128 -0.9761
vn -0.2342 -0.0000 -0.9722
vn -0.2495 0.0005 -0.9684
vn -0.2338 -0.0123 -0.9722
vn -0.2337 0.0111 -0.9722
vn -0.2470 0.0115 -0.9690
vn -0.2649 0.0014 -0.9643
vn -0.2509 -0.0114 -0.9679
vn -0.2602 0.0122 -0.9655
vn -0.2151 0.0196 -0.9764
vn -0.2257 0.0199 -0.9740
vn -0.2365 0.0205 -0.9714
vn -0.2473 0.0212 -0.9687
vn -0.2734 0.0132 -0.9618
vn -0.2802 0.0025 -0.9599
vn -0.2683 -0.0103 -0.9633
vn -0.2861 -0.0097 -0.9582
vn -0.2956 0.0032 -0.9553
vn -0.3112 0.0029 -0.9503
vn -0.3043 -0.0103 -0.9525
vn -0.2865 0.0138 -0.9580
vn -0.2995 0.0135 -0.9540
vn -0.3271 0.0014 -0.9450
vn -0.3232 -0.0122 -0.9462
vn -0.3127 0.0122 -0.9498
vn -0.2580 0.0217 -0.9659
vn -0.2686 0.0213 -0.9630
vn -0.2792 0.0199 -0.9600
vn -0.2899 0.0178 -0.9569
vn -0.3261 0.0100 -0.9453
vn -0.3435 -0.0011 -0.9392
vn -0.3429 -0.0154 -0.9392
vn -0.3635 -0.0186 -0.9314
vn -0.3605 -0.0038 -0.9328
vn -0.3782 -0.0058 -0.9257
vn -0.3850 -0.0211 -0.9227
vn -0.3400 0.0076 -0.9404
vn -0.3543 0.0059 -0.9351
vn -0.3964 -0.0067 -0.9181
vn -0.4072 -0.0223 -0.9131
vn -0.3690 0.0052 -0.9294
vn -0.3008 0.0156 -0.9536
vn -0.3119 0.0140 -0.9500
vn -0.3233 0.0132 -0.9462
vn -0.3303 0.0130 -0.9438
vn -0.3773 0.0048 -0.9261
vn -0.4061 -0.0073 -0.9138
vn -0.4185 -0.0231 -0.9079
vn -0.0983 0.0289 -0.9947
vn -0.0591 0.0320 -0.9977
vn -0.0631 0.0307 -0.9975
vn -0.1052 0.0280 -0.9941
vn 0.0255 0.0300 -0.9992
vn 0.0238 0.0291 -0.9993
vn -0.0678 0.0295 -0.9973
vn -0.1118 0.0271 -0.9934
vn 0.0199 0.0282 -0.9994
vn -0.0913 0.0299 -0.9954
vn -0.0560 0.0334 -0.9979
vn 0.0243 0.0309 -0.9992
vn 0.1459 0.0212 -0.9891
vn 0.1515 0.0223 -0.9882
vn 0.1517 0.0233 -0.9882
vn 0.1476 0.0237 -0.9888
vn 0.1408 0.0237 -0.9898
vn 0.0148 0.0272 -0.9995
vn -0.0726 0.0284 -0.9970
vn -0.1182 0.0263 -0.9926
vn -0.1244 0.0255 -0.9919
vn -0.0774 0.0273 -0.9966
vn -0.0820 0.0265 -0.9963
vn -0.1304 0.0249 -0.9911
vn 0.0092 0.0261 -0.9996
vn 0.0035 0.0253 -0.9997
vn -0.0865 0.0261 -0.9959
vn -0.1363 0.0246 -0.9904
vn -0.0020 0.0246 -0.9997
vn 0.1326 0.0233 -0.9909
vn 0.1238 0.0227 -0.9920
vn 0.1152 0.0219 -0.9931
vn 0.1072 0.0209 -0.9940
vn -0.0071 0.0242 -0.9997
vn -0.0908 0.0258 -0.9955
vn -0.1424 0.0246 -0.9895
vn -0.1485 0.0246 -0.9886
vn -0.0951 0.0258 -0.9951
vn -0.0994 0.0258 -0.9947
vn -0.1548 0.0246 -0.9876
vn -0.0117 0.0238 -0.9996
vn -0.0156 0.0234 -0.9996
vn -0.1037 0.0258 -0.9943
vn -0.1614 0.0247 -0.9866
vn -0.0189 0.0231 -0.9996
vn 0.1004 0.0198 -0.9947
vn 0.0951 0.0186 -0.9953
vn 0.0915 0.0172 -0.9957
vn 0.0897 0.0157 -0.9958
vn -0.0215 0.0227 -0.9995
vn -0.1081 0.0258 -0.9938
vn -0.1684 0.0247 -0.9854
vn -0.1758 0.0248 -0.9841
vn -0.1127 0.0259 -0.9933
vn -0.1173 0.0261 -0.9928
vn -0.1835 0.0251 -0.9827
vn -0.0235 0.0224 -0.9995
vn -0.0248 0.0222 -0.9994
vn -0.1220 0.0263 -0.9922
vn -0.1915 0.0255 -0.9812
vn -0.0257 0.0220 -0.9994
vn 0.0897 0.0142 -0.9959
vn 0.0913 0.0128 -0.9957
vn 0.0944 0.0117 -0.9955
vn 0.0983 0.0107 -0.9951
vn -0.0262 0.0218 -0.9994
vn -0.1266 0.0266 -0.9916
vn -0.1995 0.0260 -0.9796
vn -0.2074 0.0262 -0.9779
vn -0.1312 0.0265 -0.9910
vn -0.1356 0.0256 -0.9904
vn -0.2153 0.0256 -0.9762
vn -0.0265 0.0212 -0.9994
vn -0.0265 0.0198 -0.9995
vn -0.1400 0.0238 -0.9899
vn -0.2232 0.0241 -0.9745
vn -0.0265 0.0176 -0.9995
vn 0.1030 0.0094 -0.9946
vn 0.1080 0.0074 -0.9941
vn 0.1132 0.0045 -0.9936
vn 0.1185 0.0010 -0.9930
vn -0.0263 0.0146 -0.9995
vn -0.1443 0.0212 -0.9893
vn -0.2310 0.0219 -0.9727
vn -0.2389 0.0196 -0.9709
vn -0.1486 0.0186 -0.9887
vn -0.1529 0.0167 -0.9881
vn -0.2468 0.0179 -0.9689
vn -0.0262 0.0116 -0.9996
vn -0.0261 0.0093 -0.9996
vn -0.1573 0.0157 -0.9874
vn -0.2548 0.0171 -0.9668
vn -0.0260 0.0079 -0.9996
vn 0.1236 -0.0024 -0.9923
vn 0.1287 -0.0052 -0.9917
vn 0.1338 -0.0070 -0.9910
vn 0.1327 -0.0073 -0.9911
vn -0.0288 0.0076 -0.9996
vn -0.1616 0.0155 -0.9867
vn -0.2605 0.0168 -0.9653
vn 0.2795 0.0107 -0.9601
vn 0.3701 -0.0027 -0.9290
vn 0.3782 0.0048 -0.9257
vn 0.2825 0.0148 -0.9592
vn 0.4182 -0.0177 -0.9082
vn 0.4343 -0.0085 -0.9007
vn 0.3814 0.0104 -0.9243
vn 0.2800 0.0178 -0.9598
vn 0.4479 -0.0016 -0.8941
vn 0.2696 0.0059 -0.9629
vn 0.3562 -0.0113 -0.9343
vn 0.3996 -0.0285 -0.9163
vn 0.4589 0.0033 -0.8885
vn 0.3809 0.0142 -0.9245
vn 0.2736 0.0196 -0.9616
vn 0.2649 0.0203 -0.9641
vn 0.3778 0.0162 -0.9258
vn 0.3726 0.0168 -0.9278
vn 0.2550 0.0202 -0.9667
vn 0.4674 0.0064 -0.8840
vn 0.4733 0.0078 -0.8808
vn 0.3662 0.0160 -0.9304
vn 0.2447 0.0194 -0.9694
vn 0.4767 0.0075 -0.8790
vn 0.4776 0.0056 -0.8786
vn 0.3592 0.0137 -0.9332
vn 0.2350 0.0177 -0.9718
vn 0.2265 0.0154 -0.9739
vn 0.3523 0.0103 -0.9358
vn 0.3459 0.0062 -0.9382
vn 0.2197 0.0126 -0.9755
vn 0.4760 0.0024 -0.8795
vn 0.4724 -0.0017 -0.8814
vn 0.3408 0.0014 -0.9401
vn 0.2151 0.0095 -0.9765
vn 0.4673 -0.0068 -0.8841
vn 0.4614 -0.0128 -0.8871
vn 0.3372 -0.0040 -0.9414
vn 0.2130 0.0061 -0.9770
vn 0.2134 0.0026 -0.9770
vn 0.3358 -0.0093 -0.9419
vn 0.3365 -0.0142 -0.9416
vn 0.2164 -0.0004 -0.9763
vn 0.4555 -0.0189 -0.8901
vn 0.4503 -0.0248 -0.8925
vn 0.3394 -0.0182 -0.9405
vn 0.2213 -0.0030 -0.9752
vn 0.4470 -0.0302 -0.8940
vn 0.4463 -0.0353 -0.8942
vn 0.3445 -0.0217 -0.9385
vn 0.2279 -0.0051 -0.9737
vn 0.2357 -0.0073 -0.9718
vn 0.3517 -0.0251 -0.9358
vn 0.3605 -0.0288 -0.9323
vn 0.2444 -0.0101 -0.9696
vn 0.4488 -0.0404 -0.8927
vn 0.4542 -0.0456 -0.8897
vn 0.3706 -0.0330 -0.9282
vn 0.2536 -0.0135 -0.9672
vn 0.4621 -0.0509 -0.8854
vn 0.4718 -0.0563 -0.8799
vn 0.3814 -0.0374 -0.9237
vn 0.2629 -0.0175 -0.9647
vn 0.2722 -0.0214 -0.9620
vn 0.3926 -0.0417 -0.9187
vn 0.4042 -0.0452 -0.9135
vn 0.2815 -0.0245 -0.9593
vn 0.4829 -0.0613 -0.8735
vn 0.4949 -0.0654 -0.8665
vn 0.4161 -0.0479 -0.9080
vn 0.2908 -0.0268 -0.9564
vn 0.5078 -0.0686 -0.8588
vn 0.5124 -0.0694 -0.8560
vn 0.4195 -0.0486 -0.9065
vn 0.2922 -0.0273 -0.9560
vn -0.1175 -0.0159 -0.9929
vn -0.1180 -0.0091 -0.9930
vn -0.0657 -0.0092 -0.9978
vn -0.0631 -0.0151 -0.9979
vn -0.1200 0.0019 -0.9928
vn -0.0702 0.0001 -0.9975
vn -0.0339 -0.0101 -0.9994
vn -0.0328 -0.0148 -0.9994
vn -0.0371 -0.0028 -0.9993
vn -0.1243 0.0177 -0.9921
vn -0.0773 0.0134 -0.9969
vn -0.0428 0.0080 -0.9991
vn -0.0179 0.0048 -0.9998
vn -0.0174 -0.0036 -0.9998
vn -0.0190 -0.0092 -0.9998
vn -0.0225 -0.0128 -0.9997
vn -0.1306 0.0421 -0.9905
vn -0.1379 0.0788 -0.9873
vn -0.0959 0.0692 -0.9930
vn -0.0863 0.0351 -0.9957
vn -0.1450 0.1281 -0.9811
vn -0.1050 0.1160 -0.9877
vn -0.0589 0.0578 -0.9966
vn -0.0504 0.0268 -0.9984
vn -0.0676 0.1016 -0.9925
vn -0.1516 0.1894 -0.9701
vn -0.1136 0.1742 -0.9781
vn -0.0764 0.1563 -0.9847
vn -0.0378 0.1395 -0.9895
vn -0.0306 0.0888 -0.9956
vn -0.0249 0.0486 -0.9985
vn -0.0206 0.0207 -0.9996
vn -0.1592 0.2634 -0.9514
vn -0.1706 0.3531 -0.9199
vn -0.1380 0.3225 -0.9365
vn -0.1235 0.2426 -0.9622
vn -0.1882 0.4617 -0.8669
vn -0.1607 0.4169 -0.8946
vn -0.1040 0.2888 -0.9517
vn -0.0874 0.2190 -0.9718
vn -0.1294 0.3687 -0.9205
vn -0.2145 0.5854 -0.7819
vn -0.1955 0.5239 -0.8290
vn -0.1675 0.4577 -0.8732
vn -0.1190 0.3996 -0.9089
vn -0.0862 0.3256 -0.9416
vn -0.0635 0.2579 -0.9641
vn -0.0480 0.1966 -0.9793
vn -0.2582 0.7013 -0.6645
vn -0.3286 0.7854 -0.5245
vn -0.3393 0.6903 -0.6390
vn -0.2527 0.6223 -0.7408
vn -0.4255 0.8269 -0.3676
vn -0.4441 0.7190 -0.5347
vn -0.3071 0.5924 -0.7448
vn -0.2260 0.5382 -0.8120
vn -0.3982 0.6187 -0.6772
vn -0.5256 0.8241 -0.2110
vn -0.5410 0.7156 -0.4419
vn -0.4788 0.6254 -0.6161
vn -0.3542 0.5587 -0.7499
vn -0.2954 0.5424 -0.7865
vn -0.2286 0.5141 -0.8267
vn -0.1665 0.4669 -0.8685
vn -0.0258 -0.0071 -0.9996
vn -0.0171 -0.0044 -0.9998
vn -0.0253 0.0040 -0.9997
vn -0.0373 0.0020 -0.9993
vn -0.0098 -0.0003 -1.0000
vn -0.0143 0.0071 -0.9999
vn -0.0432 0.0144 -0.9990
vn -0.0561 0.0128 -0.9983
vn -0.0307 0.0168 -0.9994
vn -0.0044 0.0061 -1.0000
vn -0.0046 0.0118 -0.9999
vn -0.0189 0.0204 -0.9996
vn -0.0434 0.0304 -0.9986
vn -0.0551 0.0271 -0.9981
vn -0.0667 0.0249 -0.9975
vn -0.0781 0.0232 -0.9967
vn -0.0011 0.0194 -0.9998
vn -0.0001 0.0439 -0.9990
vn 0.0088 0.0441 -0.9990
vn 0.0032 0.0227 -0.9997
vn -0.0014 0.0802 -0.9968
vn 0.0117 0.0765 -0.9970
vn 0.0007 0.0486 -0.9988
vn -0.0083 0.0297 -0.9995
vn 0.0076 0.0779 -0.9969
vn -0.0056 0.1266 -0.9919
vn 0.0114 0.1184 -0.9929
vn 0.0119 0.1162 -0.9932
vn -0.0009 0.1209 -0.9927
vn -0.0101 0.0846 -0.9964
vn -0.0206 0.0569 -0.9982
vn -0.0318 0.0390 -0.9987
vn -0.0132 0.1785 -0.9839
vn -0.0250 0.2332 -0.9721
vn 0.0010 0.2160 -0.9764
vn 0.0077 0.1658 -0.9861
vn -0.0415 0.2925 -0.9554
vn -0.0081 0.2703 -0.9627
vn 0.0130 0.2077 -0.9781
vn 0.0136 0.1602 -0.9870
vn 0.0112 0.2598 -0.9656
vn -0.0637 0.3564 -0.9322
vn -0.0197 0.3288 -0.9442
vn 0.0091 0.3163 -0.9486
vn 0.0239 0.3187 -0.9476
vn 0.0183 0.2613 -0.9651
vn 0.0129 0.2094 -0.9777
vn 0.0068 0.1631 -0.9866
vn -0.0945 0.4152 -0.9048
vn -0.1336 0.4590 -0.8783
vn -0.0541 0.4244 -0.9039
vn -0.0349 0.3828 -0.9232
vn -0.1754 0.4886 -0.8547
vn -0.0750 0.4537 -0.8880
vn 0.0029 0.4095 -0.9123
vn 0.0064 0.3689 -0.9294
vn -0.0016 0.4381 -0.8989
vn -0.2130 0.5084 -0.8344
vn -0.0945 0.4731 -0.8759
vn -0.0066 0.4555 -0.8902
vn 0.0553 0.4564 -0.8880
vn 0.0483 0.4416 -0.8959
vn 0.0396 0.4137 -0.9096
vn 0.0309 0.3724 -0.9275
vn -0.0841 0.0315 -0.9960
vn -0.0764 0.0336 -0.9965
vn -0.0519 0.0383 -0.9979
vn -0.0538 0.0354 -0.9979
vn -0.0681 0.0363 -0.9970
vn -0.0493 0.0421 -0.9979
vn 0.0141 0.0363 -0.9992
vn 0.0201 0.0328 -0.9993
vn 0.0083 0.0417 -0.9991
vn -0.0588 0.0402 -0.9975
vn -0.0451 0.0476 -0.9978
vn 0.0044 0.0497 -0.9988
vn 0.0891 0.0437 -0.9951
vn 0.1033 0.0323 -0.9941
vn 0.1194 0.0251 -0.9925
vn 0.1345 0.0216 -0.9907
vn -0.0485 0.0494 -0.9976
vn -0.0371 0.0680 -0.9970
vn -0.0301 0.0797 -0.9964
vn -0.0387 0.0589 -0.9975
vn -0.0248 0.0961 -0.9951
vn -0.0192 0.1102 -0.9937
vn 0.0060 0.0890 -0.9960
vn 0.0035 0.0643 -0.9979
vn 0.0120 0.1235 -0.9923
vn -0.0120 0.1325 -0.9911
vn -0.0060 0.1487 -0.9889
vn 0.0222 0.1661 -0.9859
vn 0.0726 0.1820 -0.9806
vn 0.0690 0.1332 -0.9887
vn 0.0714 0.0928 -0.9931
vn 0.0783 0.0628 -0.9949
vn 0.0006 0.1746 -0.9846
vn 0.0128 0.2215 -0.9751
vn 0.0255 0.2420 -0.9699
vn 0.0091 0.1927 -0.9812
vn 0.0245 0.2750 -0.9611
vn 0.0428 0.2990 -0.9533
vn 0.0557 0.2682 -0.9618
vn 0.0367 0.2143 -0.9761
vn 0.0784 0.3311 -0.9403
vn 0.0368 0.3353 -0.9414
vn 0.0617 0.3646 -0.9291
vn 0.1049 0.4041 -0.9087
vn 0.1690 0.4513 -0.8762
vn 0.1331 0.3695 -0.9196
vn 0.1044 0.2982 -0.9488
vn 0.0841 0.2369 -0.9679
vn 0.0522 0.3925 -0.9183
vn 0.0715 0.4359 -0.8972
vn 0.1156 0.4741 -0.8728
vn 0.0855 0.4272 -0.9001
vn 0.0921 0.4639 -0.8811
vn 0.1483 0.5028 -0.8516
vn 0.1796 0.5243 -0.8324
vn 0.1383 0.4736 -0.8698
vn 0.2243 0.5536 -0.8020
vn 0.1107 0.4759 -0.8725
vn 0.1791 0.5121 -0.8400
vn 0.2676 0.5611 -0.7833
vn 0.3777 0.6144 -0.6928
vn 0.3231 0.6084 -0.7249
vn 0.2666 0.5799 -0.7698
vn 0.2135 0.5270 -0.8226
vn 0.2527 0.0034 -0.9675
vn 0.2307 0.0062 -0.9730
vn 0.3124 -0.0155 -0.9498
vn 0.3365 -0.0171 -0.9415
vn 0.2068 0.0148 -0.9783
vn 0.2862 -0.0058 -0.9582
vn 0.3565 -0.0350 -0.9336
vn 0.3788 -0.0359 -0.9248
vn 0.3332 -0.0246 -0.9425
vn 0.1840 0.0300 -0.9825
vn 0.2602 0.0126 -0.9655
vn 0.3098 -0.0039 -0.9508
vn 0.1641 0.0544 -0.9849
vn 0.1479 0.0906 -0.9848
vn 0.2140 0.0839 -0.9732
vn 0.2360 0.0419 -0.9709
vn 0.1363 0.1381 -0.9810
vn 0.1956 0.1387 -0.9708
vn 0.2635 0.0750 -0.9617
vn 0.2864 0.0286 -0.9577
vn 0.2425 0.1360 -0.9606
vn 0.1317 0.1952 -0.9719
vn 0.1840 0.2051 -0.9613
vn 0.2266 0.2112 -0.9508
vn 0.1381 0.2594 -0.9558
vn 0.1581 0.3310 -0.9303
vn 0.2009 0.3648 -0.9091
vn 0.1844 0.2807 -0.9419
vn 0.1912 0.4129 -0.8905
vn 0.2332 0.4585 -0.8575
vn 0.2313 0.3954 -0.8889
vn 0.2214 0.2983 -0.9284
vn 0.2568 0.5008 -0.8266
vn 0.2347 0.5036 -0.8315
vn 0.2776 0.5579 -0.7821
vn 0.2940 0.6083 -0.7372
vn 0.2884 0.5843 -0.7586
vn 0.3525 0.6382 -0.6845
vn 0.4038 0.7021 -0.5865
vn 0.3337 0.6443 -0.6881
vn 0.4217 0.6641 -0.6173
vn 0.4835 0.7275 -0.4868
vn 0.4049 0.7696 -0.4938
vn 0.3420 0.7022 -0.6245
vn 0.4857 0.8049 -0.3409
vn 0.4875 0.6670 -0.5634
vn 0.5587 0.7270 -0.3992
vn 0.5629 0.8061 -0.1827
vn 0.2601 -0.8495 0.4591
vn 0.3651 -0.6565 0.6601
vn 0.5864 -0.5799 0.5655
vn 0.6011 -0.7332 0.3179
vn 0.3462 -0.5250 0.7775
vn 0.5303 -0.4620 0.7109
vn 0.6473 -0.5514 0.5263
vn 0.6785 -0.6824 0.2718
vn 0.5877 -0.4366 0.6811
vn 0.0545 -0.9954 -0.0785
vn 0.2859 -0.4104 0.8659
vn 0.4542 -0.3581 0.8157
vn 0.5149 -0.3348 0.7891
vn 0.5228 -0.3416 0.7810
vn 0.5905 -0.4461 0.6725
vn 0.6494 -0.5610 0.5133
vn 0.6880 -0.6782 0.2582
vn 0.6359 -0.7617 -0.1244
vn 0.6700 -0.7342 -0.1100
vn 0.5213 -0.8444 -0.1232
vn 0.6705 -0.6966 0.2554
vn 0.6280 -0.5915 0.5058
vn 0.5999 -0.6283 0.4953
vn 0.6434 -0.7218 0.2552
vn 0.5714 -0.4772 0.6677
vn 0.5476 -0.5170 0.6579
vn 0.5675 -0.6689 0.4802
vn 0.6091 -0.7511 0.2546
vn 0.5216 -0.5627 0.6413
vn 0.6722 -0.7352 -0.0872
vn 0.5091 -0.3689 0.7776
vn 0.4917 -0.4062 0.7702
vn 0.4732 -0.4512 0.7566
vn 0.4542 -0.5029 0.7354
vn 0.4939 -0.6128 0.6169
vn 0.5314 -0.7117 0.4594
vn 0.5686 -0.7832 0.2515
vn 0.6362 -0.7709 -0.0293
vn 0.6015 -0.7989 -0.0003
vn 0.6602 -0.7488 -0.0592
vn 0.5298 -0.8118 0.2456
vn 0.4987 -0.7508 0.4331
vn 0.4768 -0.7810 0.4034
vn 0.5012 -0.8319 0.2382
vn 0.4706 -0.6611 0.5843
vn 0.4581 -0.7019 0.5455
vn 0.4671 -0.8019 0.3726
vn 0.4845 -0.8437 0.2310
vn 0.4573 -0.7335 0.5028
vn 0.5646 -0.8249 0.0267
vn 0.4403 -0.5556 0.7053
vn 0.4373 -0.6032 0.6670
vn 0.4457 -0.6434 0.6224
vn 0.4520 -0.6575 0.6028
vn 0.4596 -0.7441 0.4848
vn 0.4650 -0.8087 0.3602
vn 0.4789 -0.8475 0.2289
vn 0.5161 -0.8530 0.0776
vn 0.5094 -0.8559 0.0892
vn 0.5353 -0.8430 0.0523
vn 0.2188 -0.3035 0.9274
vn 0.1561 -0.2093 0.9653
vn 0.2886 -0.1718 0.9419
vn 0.3718 -0.2601 0.8911
vn 0.0936 -0.1286 0.9873
vn 0.2003 -0.0940 0.9752
vn 0.3464 -0.1513 0.9258
vn 0.4341 -0.2394 0.8685
vn 0.2461 -0.0704 0.9667
vn 0.0225 -0.0575 0.9981
vn 0.0978 -0.0236 0.9949
vn 0.1233 0.0055 0.9924
vn 0.1159 0.0281 0.9929
vn 0.2539 -0.0596 0.9654
vn 0.3605 -0.1494 0.9207
vn 0.4471 -0.2431 0.8608
vn 0.4394 -0.2647 0.8584
vn 0.3549 -0.1620 0.9208
vn 0.3451 -0.1837 0.9204
vn 0.4279 -0.2963 0.8539
vn 0.2433 -0.0589 0.9682
vn 0.2275 -0.0651 0.9716
vn 0.3341 -0.2140 0.9179
vn 0.4155 -0.3366 0.8451
vn 0.2096 -0.0787 0.9746
vn 0.0914 0.0454 0.9948
vn 0.0610 0.0589 0.9964
vn 0.0282 0.0674 0.9973
vn -0.0043 0.0693 0.9976
vn 0.1917 -0.1004 0.9763
vn 0.3232 -0.2530 0.9119
vn 0.4031 -0.3849 0.8303
vn 0.3965 -0.4365 0.8076
vn 0.3185 -0.2970 0.9002
vn 0.3252 -0.3411 0.8820
vn 0.4008 -0.4858 0.7767
vn 0.1798 -0.1276 0.9754
vn 0.1790 -0.1564 0.9713
vn 0.3438 -0.3832 0.8573
vn 0.4167 -0.5303 0.7383
vn 0.1897 -0.1848 0.9643
vn -0.0311 0.0663 0.9973
vn -0.0482 0.0614 0.9969
vn -0.0564 0.0566 0.9968
vn -0.0630 0.0583 0.9963
vn 0.1928 -0.1933 0.9620
vn 0.3527 -0.3983 0.8467
vn 0.4258 -0.5465 0.7211
vn -0.0712 0.0149 0.9974
vn -0.1952 0.1004 0.9756
vn -0.1871 0.1270 0.9741
vn -0.0304 0.0473 0.9984
vn -0.3411 0.2015 0.9182
vn -0.3575 0.2159 0.9086
vn -0.2060 0.1581 0.9657
vn -0.0293 0.0805 0.9963
vn -0.3855 0.2371 0.8917
vn -0.4883 0.3108 0.8155
vn -0.5172 0.3078 0.7986
vn -0.5433 0.3140 0.7786
vn -0.5651 0.3262 0.7578
vn -0.4184 0.2620 0.8696
vn -0.2414 0.1908 0.9515
vn -0.0546 0.1124 0.9922
vn -0.0938 0.1428 0.9853
vn -0.2842 0.2240 0.9322
vn -0.3273 0.2567 0.9094
vn -0.1374 0.1717 0.9755
vn -0.4516 0.2885 0.8443
vn -0.4818 0.3157 0.8174
vn -0.3673 0.2875 0.8846
vn -0.1813 0.1975 0.9634
vn -0.5074 0.3427 0.7907
vn -0.5825 0.3420 0.7374
vn -0.5961 0.3598 0.7178
vn -0.6058 0.3797 0.6992
vn -0.6118 0.4013 0.6817
vn -0.5272 0.3688 0.7656
vn -0.4017 0.3147 0.8600
vn -0.2224 0.2182 0.9502
vn -0.2569 0.2341 0.9376
vn -0.4293 0.3376 0.8377
vn -0.4510 0.3565 0.8182
vn -0.2833 0.2473 0.9266
vn -0.5423 0.3920 0.7431
vn -0.5550 0.4111 0.7231
vn -0.4693 0.3725 0.8006
vn -0.3036 0.2593 0.9168
vn -0.5671 0.4265 0.7046
vn -0.6161 0.4221 0.6650
vn -0.6214 0.4396 0.6485
vn -0.6287 0.4533 0.6318
vn -0.6333 0.4594 0.6228
vn -0.5738 0.4335 0.6948
vn -0.4789 0.3806 0.7911
vn -0.3148 0.2669 0.9109
vn -0.6133 0.4141 0.6726
vn -0.7062 0.5028 0.4985
vn -0.7377 0.4703 0.4844
vn -0.6453 0.3939 0.6546
vn -0.7662 0.5722 0.2924
vn -0.7972 0.5338 0.2820
vn -0.7544 0.4523 0.4757
vn -0.6655 0.3857 0.6390
vn -0.8139 0.5109 0.2769
vn -0.7895 0.6107 0.0621
vn -0.8193 0.5712 0.0499
vn -0.8365 0.5465 0.0405
vn -0.8459 0.5322 0.0347
vn -0.8211 0.4995 0.2762
vn -0.7609 0.4455 0.4717
vn -0.6768 0.3865 0.6266
vn -0.6819 0.3928 0.6170
vn -0.7612 0.4456 0.4711
vn -0.7583 0.4499 0.4718
vn -0.6835 0.4025 0.6090
vn -0.8226 0.4955 0.2789
vn -0.8211 0.4958 0.2828
vn -0.7534 0.4580 0.4718
vn -0.6824 0.4156 0.6013
vn -0.8175 0.5001 0.2857
vn -0.8507 0.5246 0.0332
vn -0.8528 0.5211 0.0342
vn -0.8525 0.5215 0.0351
vn -0.8503 0.5252 0.0331
vn -0.8127 0.5081 0.2851
vn -0.7475 0.4701 0.4693
vn -0.6796 0.4321 0.5929
vn -0.6774 0.4493 0.5824
vn -0.7431 0.4836 0.4625
vn -0.7422 0.4954 0.4513
vn -0.6783 0.4642 0.5695
vn -0.8087 0.5176 0.2792
vn -0.8073 0.5258 0.2680
vn -0.7448 0.5047 0.4365
vn -0.6826 0.4760 0.5545
vn -0.8084 0.5318 0.2524
vn -0.8475 0.5302 0.0263
vn -0.8454 0.5340 0.0145
vn -0.8443 0.5359 -0.0013
vn -0.8439 0.5365 -0.0095
vn -0.8094 0.5342 0.2437
vn -0.7471 0.5087 0.4279
vn -0.6859 0.4812 0.5459
vn -0.7770 0.6086 -0.1607
vn -0.7385 0.5715 -0.3576
vn -0.7583 0.5319 -0.3769
vn -0.8027 0.5692 -0.1781
vn -0.6710 0.5052 -0.5427
vn -0.6862 0.4678 -0.5570
vn -0.7663 0.5041 -0.3983
vn -0.8167 0.5429 -0.1958
vn -0.6900 0.4413 -0.5738
vn -0.5557 0.4070 -0.7250
vn -0.5698 0.3787 -0.7293
vn -0.5761 0.3593 -0.7341
vn -0.5802 0.3470 -0.7369
vn -0.6894 0.4233 -0.5878
vn -0.7688 0.4850 -0.4168
vn -0.8242 0.5257 -0.2104
vn -0.8290 0.5145 -0.2192
vn -0.7705 0.4718 -0.4286
vn -0.7729 0.4625 -0.4343
vn -0.8324 0.5072 -0.2234
vn -0.6897 0.4113 -0.5959
vn -0.6926 0.4029 -0.5983
vn -0.7750 0.4565 -0.4370
vn -0.8340 0.5036 -0.2257
vn -0.6965 0.3970 -0.5978
vn -0.5858 0.3398 -0.7358
vn -0.5939 0.3351 -0.7315
vn -0.6031 0.3316 -0.7254
vn -0.6119 0.3284 -0.7195
vn -0.6998 0.3923 -0.5970
vn -0.7757 0.4527 -0.4397
vn -0.8334 0.5029 -0.2293
vn -0.8312 0.5032 -0.2365
vn -0.7746 0.4497 -0.4447
vn -0.7720 0.4463 -0.4526
vn -0.8283 0.5026 -0.2474
vn -0.7014 0.3880 -0.5979
vn -0.7011 0.3838 -0.6010
vn -0.7683 0.4424 -0.4626
vn -0.8251 0.5009 -0.2613
vn -0.6991 0.3798 -0.6058
vn -0.6189 0.3250 -0.7151
vn -0.6234 0.3222 -0.7125
vn -0.6258 0.3202 -0.7113
vn -0.6268 0.3197 -0.7106
vn -0.6980 0.3782 -0.6081
vn -0.7663 0.4406 -0.4675
vn -0.8235 0.4999 -0.2682
vn -0.3909 0.2832 -0.8758
vn -0.2075 0.1539 -0.9661
vn -0.2073 0.1543 -0.9660
vn -0.4035 0.2702 -0.8742
vn -0.0361 0.0291 -0.9989
vn -0.0070 0.0360 -0.9993
vn -0.2232 0.1573 -0.9620
vn -0.4175 0.2628 -0.8698
vn -0.0097 0.0428 -0.9990
vn 0.1021 -0.0904 -0.9907
vn 0.1715 -0.0832 -0.9817
vn 0.1960 -0.0787 -0.9775
vn 0.1863 -0.0773 -0.9795
vn -0.0357 0.0478 -0.9982
vn -0.2499 0.1608 -0.9548
vn -0.4336 0.2594 -0.8630
vn -0.4516 0.2585 -0.8539
vn -0.2817 0.1647 -0.9453
vn -0.3131 0.1689 -0.9346
vn -0.4704 0.2587 -0.8437
vn -0.0740 0.0526 -0.9959
vn -0.1145 0.0587 -0.9917
vn -0.3429 0.1731 -0.9233
vn -0.4889 0.2591 -0.8330
vn -0.1542 0.0655 -0.9859
vn 0.1555 -0.0755 -0.9849
vn 0.1161 -0.0704 -0.9907
vn 0.0729 -0.0633 -0.9953
vn 0.0292 -0.0562 -0.9980
vn -0.1918 0.0720 -0.9788
vn -0.3704 0.1764 -0.9120
vn -0.5062 0.2589 -0.8227
vn -0.5210 0.2583 -0.8136
vn -0.3945 0.1794 -0.9012
vn -0.4148 0.1836 -0.8912
vn -0.5326 0.2585 -0.8060
vn -0.2256 0.0785 -0.9711
vn -0.2547 0.0866 -0.9631
vn -0.4317 0.1898 -0.8818
vn -0.5415 0.2601 -0.7995
vn -0.2801 0.0974 -0.9550
vn -0.0110 -0.0488 -0.9987
vn -0.0461 -0.0394 -0.9982
vn -0.0768 -0.0264 -0.9967
vn -0.0909 -0.0192 -0.9957
vn -0.2919 0.1036 -0.9508
vn -0.4397 0.1937 -0.8770
vn -0.5457 0.2616 -0.7961
vn 0.1884 -0.2007 -0.9614
vn 0.2137 -0.2946 -0.9314
vn 0.3560 -0.2826 -0.8907
vn 0.2973 -0.1929 -0.9351
vn 0.1851 -0.3709 -0.9100
vn 0.3589 -0.3535 -0.8638
vn 0.4351 -0.2767 -0.8568
vn 0.3514 -0.1901 -0.9167
vn 0.4601 -0.3419 -0.8194
vn 0.1161 -0.4330 -0.8939
vn 0.3232 -0.4121 -0.8519
vn 0.4454 -0.3956 -0.8032
vn 0.5215 -0.3862 -0.7608
vn 0.5176 -0.3360 -0.7869
vn 0.4721 -0.2757 -0.8374
vn 0.3655 -0.1914 -0.9109
vn 0.3534 -0.1922 -0.9155
vn 0.4811 -0.2759 -0.8321
vn 0.4717 -0.2760 -0.8374
vn 0.3262 -0.1898 -0.9260
vn 0.5466 -0.3342 -0.7678
vn 0.5551 -0.3373 -0.7603
vn 0.4491 -0.2786 -0.8489
vn 0.2898 -0.1860 -0.9388
vn 0.5481 -0.3484 -0.7604
vn 0.5682 -0.3844 -0.7276
vn 0.5929 -0.3928 -0.7030
vn 0.6002 -0.4141 -0.6843
vn 0.5944 -0.4485 -0.6675
vn 0.5306 -0.3687 -0.7632
vn 0.4187 -0.2860 -0.8619
vn 0.2490 -0.1835 -0.9510
vn 0.2100 -0.1814 -0.9607
vn 0.3886 -0.2953 -0.8728
vn 0.3651 -0.3018 -0.8807
vn 0.1769 -0.1767 -0.9682
vn 0.5120 -0.3930 -0.7638
vn 0.5004 -0.4143 -0.7602
vn 0.3483 -0.3038 -0.8868
vn 0.1490 -0.1677 -0.9745
vn 0.4972 -0.4310 -0.7531
vn 0.5853 -0.4878 -0.6477
vn 0.5822 -0.5233 -0.6222
vn 0.5874 -0.5533 -0.5906
vn 0.5892 -0.5611 -0.5814
vn 0.4941 -0.4344 -0.7531
vn 0.3395 -0.3020 -0.8908
vn 0.1359 -0.1620 -0.9774
vn 0.0364 -0.5022 -0.8640
vn -0.0297 -0.6115 -0.7907
vn 0.2799 -0.5894 -0.7578
vn 0.2838 -0.4809 -0.8296
vn -0.0638 -0.7999 -0.5967
vn 0.3587 -0.7498 -0.5560
vn 0.4388 -0.5623 -0.7009
vn 0.4253 -0.4612 -0.7787
vn 0.5178 -0.6930 -0.5017
vn 0.5917 -0.6671 -0.4527
vn 0.5314 -0.5482 -0.6459
vn 0.5148 -0.4505 -0.7294
vn 0.5734 -0.4511 -0.6839
vn 0.5889 -0.5498 -0.5923
vn 0.6226 -0.5676 -0.5386
vn 0.6086 -0.4659 -0.6423
vn 0.6281 -0.6654 -0.4034
vn 0.6437 -0.6801 -0.3509
vn 0.6358 -0.6008 -0.4845
vn 0.6243 -0.4964 -0.6032
vn 0.6412 -0.7076 -0.2969
vn 0.6224 -0.7440 -0.2430
vn 0.6310 -0.6460 -0.4295
vn 0.6241 -0.5407 -0.5640
vn 0.6174 -0.5891 -0.5213
vn 0.6178 -0.6926 -0.3724
vn 0.6066 -0.7313 -0.3118
vn 0.6144 -0.6317 -0.4727
vn 0.5966 -0.7797 -0.1898
vn 0.5745 -0.8070 -0.1367
vn 0.6008 -0.7603 -0.2472
vn 0.6178 -0.6665 -0.4173
vn 0.5595 -0.8247 -0.0829
vn 0.5551 -0.8296 -0.0598
vn 0.6009 -0.7682 -0.2208
vn 0.6209 -0.6761 -0.3968
vn -0.1364 -0.8263 -0.5464
vn -0.2581 -0.6339 -0.7291
vn -0.5304 -0.5361 -0.6567
vn -0.5655 -0.6694 -0.4817
vn -0.3052 -0.5085 -0.8052
vn -0.5022 -0.4378 -0.7457
vn -0.6083 -0.5085 -0.6094
vn -0.6561 -0.6203 -0.4299
vn -0.5670 -0.4172 -0.7102
vn -0.1076 -0.9877 -0.1138
vn -0.3121 -0.4210 -0.8517
vn -0.4709 -0.3658 -0.8028
vn -0.5258 -0.3480 -0.7762
vn -0.5372 -0.3557 -0.7648
vn -0.5859 -0.4268 -0.6889
vn -0.6316 -0.5173 -0.5775
vn -0.6784 -0.6216 -0.3916
vn -0.6938 -0.7092 -0.1255
vn -0.7071 -0.7005 -0.0971
vn -0.6077 -0.7800 -0.1490
vn -0.6776 -0.6423 -0.3581
vn -0.6357 -0.5418 -0.5499
vn -0.6343 -0.5703 -0.5220
vn -0.6705 -0.6668 -0.3253
vn -0.5877 -0.4501 -0.6723
vn -0.5853 -0.4766 -0.6559
vn -0.6294 -0.6010 -0.4926
vn -0.6592 -0.6930 -0.2920
vn -0.5807 -0.5051 -0.6385
vn -0.6963 -0.7142 -0.0712
vn -0.5314 -0.3750 -0.7596
vn -0.5217 -0.3957 -0.7558
vn -0.5109 -0.4168 -0.7518
vn -0.5003 -0.4392 -0.7462
vn -0.5746 -0.5360 -0.6185
vn -0.6213 -0.6339 -0.4606
vn -0.6439 -0.7204 -0.2575
vn -0.6612 -0.7497 -0.0261
vn -0.6391 -0.7691 -0.0049
vn -0.6802 -0.7314 -0.0479
vn -0.6283 -0.7459 -0.2211
vn -0.6136 -0.6656 -0.4249
vn -0.6101 -0.6923 -0.3852
vn -0.6169 -0.7656 -0.1827
vn -0.5703 -0.5668 -0.5945
vn -0.5713 -0.5943 -0.5661
vn -0.6119 -0.7132 -0.3419
vn -0.6108 -0.7789 -0.1426
vn -0.5781 -0.6175 -0.5334
vn -0.6173 -0.7866 0.0166
vn -0.4928 -0.4618 -0.7375
vn -0.4910 -0.4823 -0.7254
vn -0.4955 -0.4999 -0.7104
vn -0.4946 -0.5027 -0.7090
vn -0.5802 -0.6228 -0.5248
vn -0.6135 -0.7186 -0.3274
vn -0.6095 -0.7825 -0.1273
vn -0.5892 -0.8057 0.0614
vn -0.5853 -0.8076 0.0719
vn -0.6002 -0.7989 0.0387
vn -0.2948 -0.3456 -0.8909
vn -0.2457 -0.2667 -0.9319
vn -0.3543 -0.2351 -0.9051
vn -0.4268 -0.3029 -0.8521
vn -0.1598 -0.1763 -0.9713
vn -0.2441 -0.1541 -0.9574
vn -0.3867 -0.2232 -0.8948
vn -0.4710 -0.2881 -0.8338
vn -0.2633 -0.1444 -0.9538
vn -0.0357 -0.0714 -0.9968
vn -0.0928 -0.0564 -0.9941
vn -0.0983 -0.0482 -0.9940
vn -0.0714 -0.0485 -0.9963
vn -0.2429 -0.1469 -0.9589
vn -0.3768 -0.2275 -0.8979
vn -0.4723 -0.2940 -0.8310
vn -0.4553 -0.3087 -0.8351
vn -0.3484 -0.2382 -0.9066
vn -0.3178 -0.2463 -0.9156
vn -0.4349 -0.3225 -0.8408
vn -0.2059 -0.1540 -0.9664
vn -0.1693 -0.1581 -0.9728
vn -0.2890 -0.2509 -0.9239
vn -0.4145 -0.3345 -0.8464
vn -0.1367 -0.1583 -0.9779
vn -0.0323 -0.0528 -0.9981
vn 0.0036 -0.0549 -0.9985
vn 0.0337 -0.0538 -0.9980
vn 0.0585 -0.0500 -0.9970
vn -0.1090 -0.1555 -0.9818
vn -0.2634 -0.2534 -0.9308
vn -0.3957 -0.3460 -0.8507
vn -0.3808 -0.3571 -0.8529
vn -0.2424 -0.2547 -0.9362
vn -0.2260 -0.2547 -0.9402
vn -0.3714 -0.3666 -0.8531
vn -0.0860 -0.1512 -0.9848
vn -0.0666 -0.1457 -0.9871
vn -0.2136 -0.2527 -0.9437
vn -0.3672 -0.3737 -0.8517
vn -0.0501 -0.1385 -0.9891
vn 0.0792 -0.0444 -0.9959
vn 0.0973 -0.0375 -0.9945
vn 0.1136 -0.0292 -0.9931
vn 0.1222 -0.0240 -0.9922
vn -0.0410 -0.1335 -0.9902
vn -0.2057 -0.2492 -0.9464
vn -0.3623 -0.3731 -0.8541
vn 0.1162 0.0446 -0.9922
vn 0.2826 0.1680 -0.9444
vn 0.2731 0.1666 -0.9474
vn 0.0860 0.0526 -0.9949
vn 0.4514 0.2968 -0.8415
vn 0.4544 0.2830 -0.8447
vn 0.2819 0.1666 -0.9449
vn 0.0910 0.0583 -0.9941
vn 0.4610 0.2745 -0.8438
vn 0.6012 0.4189 -0.6805
vn 0.6109 0.3932 -0.6871
vn 0.6147 0.3763 -0.6932
vn 0.6165 0.3661 -0.6971
vn 0.4706 0.2688 -0.8404
vn 0.3016 0.1652 -0.9390
vn 0.1178 0.0588 -0.9913
vn 0.1512 0.0562 -0.9869
vn 0.3242 0.1625 -0.9319
vn 0.3436 0.1604 -0.9253
vn 0.1802 0.0544 -0.9821
vn 0.4815 0.2647 -0.8355
vn 0.4919 0.2618 -0.8303
vn 0.3595 0.1594 -0.9194
vn 0.2036 0.0547 -0.9775
vn 0.5015 0.2600 -0.8252
vn 0.6191 0.3602 -0.6978
vn 0.6234 0.3567 -0.6958
vn 0.6284 0.3546 -0.6923
vn 0.6333 0.3532 -0.6886
vn 0.5101 0.2588 -0.8202
vn 0.3730 0.1598 -0.9140
vn 0.2227 0.0571 -0.9732
vn 0.2389 0.0612 -0.9691
vn 0.3846 0.1615 -0.9088
vn 0.3952 0.1646 -0.9038
vn 0.2535 0.0666 -0.9650
vn 0.5176 0.2585 -0.8156
vn 0.5240 0.2591 -0.8113
vn 0.4047 0.1689 -0.8987
vn 0.2670 0.0736 -0.9609
vn 0.5294 0.2607 -0.8073
vn 0.6371 0.3520 -0.6857
vn 0.6397 0.3510 -0.6838
vn 0.6413 0.3504 -0.6826
vn 0.6423 0.3507 -0.6815
vn 0.5324 0.2622 -0.8049
vn 0.4098 0.1719 -0.8959
vn 0.2740 0.0778 -0.9586
vn 0.7062 0.5127 -0.4882
vn 0.7667 0.5714 -0.2927
vn 0.7872 0.5360 -0.3052
vn 0.7215 0.4799 -0.4991
vn 0.7958 0.5991 -0.0878
vn 0.8201 0.5632 -0.1007
vn 0.7963 0.5138 -0.3191
vn 0.7265 0.4586 -0.5118
vn 0.8330 0.5416 -0.1132
vn 0.7927 0.5938 0.1377
vn 0.8196 0.5599 0.1213
vn 0.8348 0.5398 0.1083
vn 0.8422 0.5296 0.1010
vn 0.8391 0.5302 -0.1217
vn 0.7996 0.5015 -0.3303
vn 0.7269 0.4461 -0.5221
vn 0.7271 0.4397 -0.5273
vn 0.8011 0.4957 -0.3354
vn 0.8026 0.4936 -0.3349
vn 0.7290 0.4364 -0.5274
vn 0.8417 0.5256 -0.1239
vn 0.8425 0.5250 -0.1208
vn 0.8036 0.4941 -0.3317
vn 0.7315 0.4351 -0.5249
vn 0.8415 0.5278 -0.1153
vn 0.8445 0.5259 0.1008
vn 0.8435 0.5265 0.1061
vn 0.8397 0.5309 0.1142
vn 0.8335 0.5390 0.1218
vn 0.8387 0.5333 -0.1106
vn 0.8033 0.4965 -0.3289
vn 0.7335 0.4349 -0.5223
vn 0.7344 0.4347 -0.5212
vn 0.8019 0.4990 -0.3286
vn 0.8001 0.5003 -0.3311
vn 0.7342 0.4339 -0.5221
vn 0.8350 0.5393 -0.1089
vn 0.8320 0.5437 -0.1104
vn 0.7982 0.5002 -0.3357
vn 0.7333 0.4327 -0.5245
vn 0.8300 0.5459 -0.1142
vn 0.8269 0.5479 0.1269
vn 0.8220 0.5547 0.1291
vn 0.8192 0.5588 0.1293
vn 0.8183 0.5602 0.1288
vn 0.8293 0.5465 -0.1161
vn 0.7975 0.5000 -0.3376
vn 0.7330 0.4323 -0.5252
vn 0.7481 0.5541 0.3651
vn 0.6643 0.4894 0.5650
vn 0.6973 0.4746 0.5372
vn 0.7780 0.5271 0.3420
vn 0.5495 0.4071 0.7296
vn 0.5811 0.4069 0.7048
vn 0.7217 0.4660 0.5119
vn 0.7963 0.5111 0.3235
vn 0.6119 0.4084 0.6773
vn 0.4123 0.3085 0.8572
vn 0.4316 0.3211 0.8430
vn 0.4629 0.3331 0.8214
vn 0.4995 0.3420 0.7959
vn 0.6385 0.4088 0.6521
vn 0.7378 0.4608 0.4932
vn 0.8061 0.5027 0.3123
vn 0.8092 0.4995 0.3095
vn 0.7460 0.4582 0.4833
vn 0.7469 0.4589 0.4812
vn 0.8071 0.5002 0.3136
vn 0.6574 0.4089 0.6330
vn 0.6671 0.4116 0.6209
vn 0.7416 0.4641 0.4844
vn 0.8009 0.5051 0.3216
vn 0.6689 0.4186 0.6143
vn 0.5335 0.3493 0.7703
vn 0.5591 0.3586 0.7475
vn 0.5758 0.3714 0.7284
vn 0.5844 0.3878 0.7128
vn 0.6645 0.4302 0.6111
vn 0.7320 0.4737 0.4897
vn 0.7915 0.5142 0.3303
vn 0.7818 0.5243 0.3376
vn 0.7214 0.4845 0.4948
vn 0.7131 0.4927 0.4987
vn 0.7743 0.5320 0.3428
vn 0.6580 0.4430 0.6090
vn 0.6530 0.4530 0.6070
vn 0.7076 0.4974 0.5019
vn 0.7695 0.5365 0.3466
vn 0.6504 0.4593 0.6049
vn 0.5887 0.4047 0.6997
vn 0.5926 0.4187 0.6881
vn 0.5975 0.4290 0.6774
vn 0.6007 0.4335 0.6717
vn 0.6502 0.4619 0.6033
vn 0.7060 0.4990 0.5026
vn 0.7680 0.5380 0.3475
vn 0.2732 0.2028 0.9403
vn 0.1581 0.1059 0.9817
vn 0.1223 0.1287 0.9841
vn 0.2679 0.2229 0.9373
vn 0.0775 0.0244 0.9967
vn 0.0121 0.0473 0.9988
vn 0.1204 0.1508 0.9812
vn 0.2879 0.2425 0.9264
vn -0.0152 0.0677 0.9976
vn 0.0284 -0.0450 0.9986
vn -0.0629 -0.0229 0.9978
vn -0.1132 -0.0065 0.9935
vn -0.1341 0.0049 0.9910
vn -0.0126 0.0863 0.9962
vn 0.1456 0.1719 0.9743
vn 0.3259 0.2600 0.9090
vn 0.3709 0.2768 0.8865
vn 0.1869 0.1940 0.9630
vn 0.2338 0.2185 0.9474
vn 0.4131 0.2957 0.8613
vn 0.0100 0.1051 0.9944
vn 0.0436 0.1252 0.9912
vn 0.2801 0.2444 0.9283
vn 0.4486 0.3169 0.8357
vn 0.0829 0.1452 0.9859
vn -0.1361 0.0128 0.9906
vn -0.1270 0.0185 0.9917
vn -0.1101 0.0209 0.9937
vn -0.0885 0.0188 0.9959
vn 0.1233 0.1633 0.9788
vn 0.3215 0.2699 0.9076
vn 0.4756 0.3396 0.8115
vn 0.4960 0.3615 0.7895
vn 0.3565 0.2935 0.8870
vn 0.3857 0.3147 0.8673
vn 0.5129 0.3802 0.7697
vn 0.1601 0.1792 0.9707
vn 0.1910 0.1945 0.9621
vn 0.4114 0.3341 0.8480
vn 0.5285 0.3958 0.7510
vn 0.2174 0.2103 0.9532
vn -0.0681 0.0141 0.9976
vn -0.0535 0.0096 0.9985
vn -0.0448 0.0066 0.9990
vn -0.0393 0.0078 0.9992
vn 0.2305 0.2190 0.9481
vn 0.4241 0.3438 0.8378
vn 0.5366 0.4031 0.7413
vn -0.0048 -0.1160 0.9932
vn -0.0404 -0.2027 0.9784
vn -0.1741 -0.1802 0.9681
vn -0.1187 -0.0945 0.9884
vn -0.0892 -0.3107 0.9463
vn -0.2413 -0.2846 0.9278
vn -0.2510 -0.1685 0.9532
vn -0.1860 -0.0817 0.9791
vn -0.3207 -0.2702 0.9078
vn -0.1592 -0.4405 0.8836
vn -0.3281 -0.4063 0.8528
vn -0.4033 -0.3849 0.8302
vn -0.4334 -0.3848 0.8149
vn -0.3611 -0.2726 0.8918
vn -0.2945 -0.1700 0.9404
vn -0.2234 -0.0783 0.9716
vn -0.2439 -0.0828 0.9663
vn -0.3218 -0.1832 0.9289
vn -0.3422 -0.2049 0.9170
vn -0.2555 -0.0935 0.9623
vn -0.3851 -0.2897 0.8762
vn -0.4041 -0.3164 0.8582
vn -0.3566 -0.2346 0.9043
vn -0.2601 -0.1107 0.9592
vn -0.4186 -0.3508 0.8377
vn -0.4472 -0.4019 0.7991
vn -0.4580 -0.4285 0.7789
vn -0.4660 -0.4616 0.7548
vn -0.4700 -0.4991 0.7280
vn -0.4279 -0.3911 0.8149
vn -0.3654 -0.2713 0.8904
vn -0.2591 -0.1347 0.9564
vn -0.2583 -0.1619 0.9524
vn -0.3735 -0.3105 0.8741
vn -0.3862 -0.3479 0.8543
vn -0.2633 -0.1885 0.9461
vn -0.4359 -0.4325 0.7893
vn -0.4473 -0.4708 0.7604
vn -0.4049 -0.3823 0.8306
vn -0.2751 -0.2133 0.9375
vn -0.4636 -0.5048 0.7282
vn -0.4729 -0.5366 0.6988
vn -0.4789 -0.5702 0.6675
vn -0.4892 -0.5987 0.6342
vn -0.4950 -0.6086 0.6201
vn -0.4719 -0.5172 0.7141
vn -0.4135 -0.3949 0.8204
vn -0.2794 -0.2215 0.9343
vn -0.2397 -0.5808 0.7780
vn -0.2867 -0.7260 0.6251
vn -0.5278 -0.6557 0.5399
vn -0.4300 -0.5335 0.7283
vn -0.1933 -0.8971 0.3974
vn -0.5966 -0.7630 0.2486
vn -0.5940 -0.6171 0.5161
vn -0.4976 -0.5040 0.7060
vn -0.6717 -0.7033 0.2326
vn -0.6782 -0.6942 0.2414
vn -0.6022 -0.6120 0.5126
vn -0.5150 -0.5009 0.6956
vn -0.5162 -0.5166 0.6831
vn -0.5925 -0.6258 0.5073
vn -0.5816 -0.6449 0.4958
vn -0.5159 -0.5402 0.6648
vn -0.6630 -0.7057 0.2498
vn -0.6450 -0.7209 0.2534
vn -0.5701 -0.6667 0.4801
vn -0.5145 -0.5685 0.6419
vn -0.6258 -0.7375 0.2538
vn -0.6046 -0.7553 0.2528
vn -0.5565 -0.6904 0.4623
vn -0.5102 -0.5998 0.6164
vn -0.5055 -0.6301 0.5894
vn -0.5432 -0.7126 0.4440
vn -0.5339 -0.7305 0.4259
vn -0.5041 -0.6562 0.5616
vn -0.5841 -0.7716 0.2518
vn -0.5684 -0.7835 0.2512
vn -0.5299 -0.7434 0.4082
vn -0.5072 -0.6771 0.5331
vn -0.5587 -0.7904 0.2512
vn -0.5549 -0.7922 0.2538
vn -0.5286 -0.7470 0.4032
vn -0.5095 -0.6837 0.5225
vn 0.1211 0.6040 -0.7877
vn 0.2098 0.6221 -0.7543
vn 0.2108 0.6082 -0.7653
vn 0.1221 0.5903 -0.7979
vn 0.3219 0.6565 -0.6822
vn 0.3223 0.6442 -0.6937
vn 0.2138 0.5854 -0.7821
vn 0.1245 0.5679 -0.8137
vn 0.3252 0.6241 -0.7105
vn 0.0496 0.6057 -0.7942
vn 0.1196 0.6084 -0.7846
vn 0.0504 0.6013 -0.7974
vn 0.2066 0.6261 -0.7519
vn 0.3166 0.6590 -0.6823
vn 0.4408 0.7065 -0.5537
vn 0.4464 0.7064 -0.5492
vn 0.4447 0.6984 -0.5608
vn 0.4446 0.6855 -0.5765
vn 0.4466 0.6670 -0.5964
vn 0.3299 0.5969 -0.7314
vn 0.2184 0.5548 -0.8028
vn 0.1280 0.5375 -0.8335
vn 0.0537 0.5680 -0.8212
vn 0.0561 0.5396 -0.8400
vn 0.0519 0.5887 -0.8067
vn 0.1311 0.5066 -0.8522
vn 0.2215 0.5262 -0.8210
vn 0.2172 0.5113 -0.8315
vn 0.1304 0.4865 -0.8639
vn 0.3327 0.5710 -0.7505
vn 0.3247 0.5567 -0.7646
vn 0.2031 0.5099 -0.8359
vn 0.1239 0.4789 -0.8691
vn 0.3028 0.5563 -0.7739
vn 0.0585 0.5070 -0.8600
vn 0.4504 0.6431 -0.6193
vn 0.4450 0.6203 -0.6460
vn 0.4210 0.6117 -0.6698
vn 0.0592 0.4653 -0.8832
vn 0.0599 0.4803 -0.8751
vn 0.5418 0.7643 -0.3497
vn 0.5656 0.8174 -0.1091
vn 0.5578 0.8208 -0.1235
vn 0.5363 0.7624 -0.3621
vn 0.5084 0.8504 0.1355
vn 0.5032 0.8558 0.1198
vn 0.5465 0.8261 -0.1375
vn 0.5303 0.7596 -0.3764
vn 0.4937 0.8633 0.1049
vn 0.5403 0.7614 -0.3582
vn 0.5701 0.8129 -0.1193
vn 0.5168 0.8466 0.1275
vn 0.3982 0.8517 0.3406
vn 0.3906 0.8538 0.3441
vn 0.3933 0.8581 0.3301
vn 0.3941 0.8628 0.3166
vn 0.3998 0.8651 0.3028
vn 0.4875 0.8687 0.0880
vn 0.5381 0.8286 -0.1549
vn 0.5266 0.7529 -0.3946
vn 0.5356 0.7303 -0.4241
vn 0.5551 0.8101 -0.1887
vn 0.5890 0.7688 -0.2491
vn 0.5464 0.6929 -0.4704
vn 0.5119 0.8571 0.0576
vn 0.5624 0.8268 0.0045
vn 0.5993 0.7330 -0.3219
vn 0.5331 0.6690 -0.5180
vn 0.5937 0.8014 -0.0731
vn 0.4340 0.8547 0.2848
vn 0.4937 0.8303 0.2587
vn 0.5412 0.8115 0.2203
vn 0.2543 0.8397 0.4799
vn 0.1365 0.8291 0.5423
vn 0.1531 0.8275 0.5402
vn 0.2656 0.8412 0.4710
vn 0.0528 0.8263 0.5608
vn 0.0703 0.8215 0.5659
vn 0.1752 0.8225 0.5411
vn 0.2791 0.8411 0.4632
vn 0.0951 0.8119 0.5760
vn 0.2563 0.8389 0.4802
vn 0.1341 0.8290 0.5429
vn 0.0480 0.8274 0.5595
vn 0.0029 0.8289 0.5594
vn 0.0079 0.8262 0.5634
vn 0.0225 0.8179 0.5749
vn 0.0445 0.8037 0.5934
vn 0.0756 0.7813 0.6196
vn 0.1299 0.7955 0.5919
vn 0.2070 0.8122 0.5455
vn 0.3003 0.8372 0.4570
vn 0.3475 0.8206 0.4537
vn 0.2627 0.7884 0.5562
vn 0.3310 0.7499 0.5728
vn 0.4131 0.7896 0.4537
vn 0.1842 0.7658 0.6161
vn 0.2468 0.7231 0.6452
vn 0.3719 0.7159 0.5909
vn 0.4608 0.7614 0.4561
vn 0.2882 0.6834 0.6707
vn 0.1210 0.7457 0.6552
vn 0.1709 0.6996 0.6938
vn 0.2059 0.6571 0.7252
vn -0.0052 0.8210 0.5710
vn -0.0030 0.8070 0.5905
vn 0.0015 0.7936 0.6085
vn 0.0043 0.8096 0.5869
vn -0.0000 0.7898 0.6133
vn 0.0011 0.7755 0.6313
vn 0.0106 0.7719 0.6356
vn 0.0203 0.7910 0.6115
vn 0.0045 0.7524 0.6587
vn -0.0084 0.8252 0.5648
vn -0.0042 0.8122 0.5834
vn 0.0001 0.7953 0.6063
vn -0.0001 0.7862 0.6180
vn -0.0004 0.7811 0.6245
vn -0.0008 0.7667 0.6420
vn -0.0014 0.7433 0.6689
vn -0.0020 0.7097 0.7045
vn 0.0104 0.7189 0.6950
vn 0.0246 0.7403 0.6718
vn 0.0433 0.7632 0.6447
vn 0.0763 0.7223 0.6874
vn 0.0444 0.6963 0.7163
vn 0.0644 0.6480 0.7589
vn 0.1110 0.6736 0.7307
vn 0.0188 0.6744 0.7381
vn 0.0270 0.6284 0.7774
vn 0.0774 0.6090 0.7894
vn 0.1347 0.6316 0.7635
vn 0.0321 0.5931 0.8045
vn -0.0027 0.6657 0.7462
vn -0.0032 0.6212 0.7836
vn -0.0033 0.5877 0.8091
vn -0.0010 0.7873 0.6166
vn 0.0011 0.8019 0.5975
vn -0.0041 0.7893 0.6140
vn -0.0029 0.7734 0.6339
vn 0.0009 0.8134 0.5818
vn -0.0090 0.8032 0.5957
vn -0.0138 0.7689 0.6392
vn -0.0074 0.7510 0.6603
vn -0.0248 0.7866 0.6170
vn -0.0007 0.7921 0.6103
vn 0.0026 0.8065 0.5912
vn 0.0042 0.8170 0.5767
vn -0.0120 0.8187 0.5742
vn -0.0170 0.8166 0.5769
vn -0.0314 0.8099 0.5858
vn -0.0524 0.7979 0.6005
vn -0.0821 0.7787 0.6220
vn -0.0477 0.7615 0.6464
vn -0.0285 0.7394 0.6726
vn -0.0144 0.7185 0.6953
vn -0.0241 0.6751 0.7373
vn -0.0495 0.6974 0.7150
vn -0.0710 0.6498 0.7568
vn -0.0334 0.6294 0.7763
vn -0.0814 0.7233 0.6857
vn -0.1179 0.6759 0.7275
vn -0.0847 0.6104 0.7876
vn -0.0389 0.5940 0.8035
vn -0.1429 0.6335 0.7604
vn -0.1270 0.7466 0.6530
vn -0.1784 0.7024 0.6890
vn -0.2153 0.6595 0.7202
vn -0.0701 0.8164 0.5731
vn -0.1636 0.8218 0.5457
vn -0.1785 0.8217 0.5412
vn -0.0867 0.8133 0.5754
vn -0.2866 0.8374 0.4654
vn -0.2963 0.8397 0.4551
vn -0.1982 0.8188 0.5388
vn -0.1096 0.8061 0.5816
vn -0.3082 0.8406 0.4455
vn -0.0657 0.8169 0.5731
vn -0.1619 0.8211 0.5473
vn -0.2883 0.8364 0.4662
vn -0.4202 0.8543 0.3060
vn -0.4155 0.8558 0.3082
vn -0.4178 0.8596 0.2940
vn -0.4196 0.8634 0.2799
vn -0.4251 0.8656 0.2647
vn -0.3262 0.8386 0.4363
vn -0.2262 0.8115 0.5388
vn -0.1415 0.7931 0.5924
vn -0.1934 0.7676 0.6111
vn -0.2765 0.7925 0.5436
vn -0.3399 0.7585 0.5560
vn -0.2558 0.7276 0.6365
vn -0.3648 0.8268 0.4282
vn -0.4192 0.8026 0.4244
vn -0.3795 0.7249 0.5749
vn -0.2985 0.6876 0.6619
vn -0.4580 0.7786 0.4289
vn -0.4508 0.8586 0.2440
vn -0.4957 0.8410 0.2166
vn -0.5289 0.8288 0.1823
vn -0.5122 0.8541 0.0902
vn -0.5467 0.8247 -0.1449
vn -0.5400 0.8266 -0.1587
vn -0.5084 0.8579 0.0750
vn -0.5058 0.7795 -0.3697
vn -0.4997 0.7779 -0.3810
vn -0.5314 0.8294 -0.1727
vn -0.5022 0.8627 0.0598
vn -0.4929 0.7759 -0.3936
vn -0.5171 0.8515 0.0869
vn -0.5496 0.8223 -0.1474
vn -0.5063 0.7786 -0.3708
vn -0.3919 0.7299 -0.5601
vn -0.3934 0.7293 -0.5598
vn -0.3893 0.7240 -0.5694
vn -0.3858 0.7162 -0.5815
vn -0.3852 0.7022 -0.5988
vn -0.4903 0.7684 -0.4113
vn -0.5269 0.8282 -0.1909
vn -0.4994 0.8654 0.0418
vn -0.5203 0.8539 0.0105
vn -0.5473 0.8055 -0.2272
vn -0.5829 0.7594 -0.2889
vn -0.5608 0.8269 -0.0412
vn -0.5063 0.7376 -0.4468
vn -0.5289 0.6840 -0.5025
vn -0.5924 0.7194 -0.3626
vn -0.5802 0.8067 -0.1123
vn -0.5252 0.6403 -0.5605
vn -0.3946 0.6689 -0.6299
vn -0.4030 0.6196 -0.6735
vn -0.3919 0.5797 -0.7144
vn -0.2493 0.6804 -0.6891
vn -0.1210 0.6408 -0.7581
vn -0.1188 0.6307 -0.7669
vn -0.2466 0.6723 -0.6980
vn -0.0231 0.6140 -0.7890
vn -0.0212 0.6025 -0.7979
vn -0.1175 0.6147 -0.7800
vn -0.2450 0.6597 -0.7105
vn -0.0196 0.5839 -0.8116
vn -0.2474 0.6822 -0.6880
vn -0.1203 0.6438 -0.7557
vn -0.0235 0.6178 -0.7860
vn -0.0183 0.5580 -0.8297
vn -0.1172 0.5916 -0.7977
vn -0.2452 0.6404 -0.7278
vn -0.2496 0.6066 -0.7548
vn -0.1185 0.5575 -0.8217
vn -0.1170 0.5195 -0.8464
vn -0.2506 0.5634 -0.7872
vn -0.0174 0.5242 -0.8514
vn -0.0153 0.4915 -0.8707
vn -0.1092 0.4913 -0.8641
vn -0.2393 0.5293 -0.8140
vn -0.0115 0.4696 -0.8828
vn -0.2692 0.0288 0.9627
vn -0.2071 0.0421 0.9774
vn -0.2027 0.0737 0.9765
vn -0.2677 0.0616 0.9615
vn -0.1660 0.0558 0.9845
vn -0.1546 0.0853 0.9843
vn -0.2029 0.1223 0.9715
vn -0.2691 0.1111 0.9567
vn -0.1490 0.1321 0.9800
vn -0.1441 0.0725 0.9869
vn -0.1223 0.1000 0.9874
vn -0.1064 0.1443 0.9838
vn -0.0974 0.2027 0.9744
vn -0.1482 0.1937 0.9698
vn -0.2062 0.1856 0.9608
vn -0.2717 0.1748 0.9464
vn -0.1256 0.0940 0.9876
vn -0.0935 0.1175 0.9887
vn -0.0655 0.1418 0.9877
vn -0.0960 0.1198 0.9881
vn -0.0437 0.1353 0.9898
vn -0.0288 0.1587 0.9869
vn -0.0415 0.1786 0.9830
vn -0.0717 0.1607 0.9844
vn -0.0149 0.1925 0.9812
vn 0.0204 0.1397 0.9900
vn 0.0130 0.1636 0.9864
vn 0.0085 0.1967 0.9804
vn 0.0060 0.2376 0.9714
vn -0.0046 0.2348 0.9720
vn -0.0245 0.2258 0.9739
vn -0.0555 0.2140 0.9753
vn 0.0814 0.1270 0.9886
vn 0.1216 0.1027 0.9872
vn 0.0850 0.1329 0.9875
vn 0.0532 0.1535 0.9867
vn 0.1381 0.0770 0.9874
vn 0.1071 0.1105 0.9881
vn 0.0560 0.1737 0.9832
vn 0.0314 0.1894 0.9814
vn 0.0830 0.1563 0.9842
vn 0.1369 0.0593 0.9888
vn 0.1231 0.0948 0.9879
vn 0.1136 0.1437 0.9831
vn 0.1088 0.2038 0.9730
vn 0.0671 0.2122 0.9749
vn 0.0363 0.2233 0.9741
vn 0.0166 0.2330 0.9723
vn 0.1456 0.0528 0.9879
vn 0.1914 0.0520 0.9801
vn 0.2014 0.0873 0.9756
vn 0.1491 0.0887 0.9848
vn 0.2789 0.0479 0.9591
vn 0.2833 0.0818 0.9556
vn 0.2114 0.1355 0.9680
vn 0.1542 0.1382 0.9783
vn 0.2872 0.1283 0.9493
vn 0.2897 0.1856 0.9389
vn 0.2200 0.1949 0.9558
vn 0.1600 0.1991 0.9668
vn -0.2739 0.2421 0.9308
vn -0.2106 0.2521 0.9445
vn -0.2160 0.3121 0.9252
vn -0.2752 0.3038 0.9121
vn -0.1512 0.2583 0.9542
vn -0.1574 0.3159 0.9357
vn -0.2224 0.3655 0.9038
vn -0.2761 0.3593 0.8914
vn -0.1662 0.3670 0.9153
vn -0.0953 0.2636 0.9599
vn -0.0993 0.3176 0.9430
vn -0.1079 0.3658 0.9244
vn -0.0483 0.2692 0.9619
vn -0.0161 0.2745 0.9614
vn -0.0154 0.3180 0.9480
vn -0.0493 0.3182 0.9467
vn 0.0006 0.2783 0.9605
vn 0.0012 0.3174 0.9483
vn -0.0206 0.3580 0.9335
vn -0.0563 0.3625 0.9303
vn -0.0018 0.3538 0.9353
vn 0.0046 0.2793 0.9602
vn 0.0038 0.3168 0.9485
vn 0.0033 0.3521 0.9360
vn 0.0088 0.2773 0.9607
vn 0.0263 0.2733 0.9616
vn 0.0245 0.3177 0.9479
vn 0.0068 0.3169 0.9484
vn 0.0598 0.2688 0.9613
vn 0.0602 0.3186 0.9460
vn 0.0286 0.3582 0.9332
vn 0.0088 0.3538 0.9353
vn 0.0661 0.3632 0.9294
vn 0.1085 0.2648 0.9582
vn 0.1124 0.3188 0.9411
vn 0.1198 0.3667 0.9226
vn 0.1658 0.2616 0.9508
vn 0.2262 0.2567 0.9396
vn 0.2309 0.3133 0.9212
vn 0.1721 0.3175 0.9325
vn 0.2900 0.2462 0.9248
vn 0.2886 0.3033 0.9081
vn 0.2355 0.3648 0.9008
vn 0.1795 0.3675 0.9125
vn 0.2870 0.3567 0.8890
vt 0.122436 0.028259
vt 0.121926 0.039375
vt 0.113147 0.039443
vt 0.113584 0.028332
vt 0.121505 0.050491
vt 0.112737 0.050553
vt 0.104188 0.039511
vt 0.104611 0.028406
vt 0.103767 0.050615
vt 0.132036 0.017061
vt 0.130958 0.028188
vt 0.123037 0.017142
vt 0.130385 0.039310
vt 0.129965 0.050431
vt 0.129611 0.061551
vt 0.121132 0.061606
vt 0.112343 0.061663
vt 0.103347 0.061720
vt 0.094248 0.061777
vt 0.094696 0.050678
vt 0.095144 0.039580
vt 0.095591 0.028481
vt 0.105037 0.017302
vt 0.096038 0.017382
vt 0.114037 0.017222
vt 0.086563 0.028556
vt 0.086087 0.039650
vt 0.077038 0.039727
vt 0.077539 0.028636
vt 0.085610 0.050743
vt 0.076533 0.050816
vt 0.068005 0.039820
vt 0.068526 0.028726
vt 0.067473 0.050906
vt 0.087038 0.017462
vt 0.085133 0.061836
vt 0.076026 0.061903
vt 0.066935 0.061986
vt 0.057870 0.062094
vt 0.058439 0.051022
vt 0.059001 0.039942
vt 0.059545 0.028848
vt 0.069039 0.017623
vt 0.060039 0.017703
vt 0.078038 0.017543
vt 0.050622 0.029026
vt 0.050035 0.040102
vt 0.041099 0.040290
vt 0.041730 0.029235
vt 0.049438 0.051170
vt 0.040464 0.051343
vt 0.032178 0.040495
vt 0.032849 0.029455
vt 0.031507 0.051534
vt 0.051199 0.017940
vt 0.048835 0.062232
vt 0.039825 0.062395
vt 0.030834 0.062574
vt 0.021854 0.062761
vt 0.022560 0.051733
vt 0.023266 0.040706
vt 0.023972 0.029679
vt 0.033518 0.018414
vt 0.024678 0.018651
vt 0.042358 0.018177
vt 0.120767 0.072722
vt 0.120401 0.083837
vt 0.111560 0.083883
vt 0.111952 0.072773
vt 0.120035 0.094952
vt 0.111168 0.094993
vt 0.102507 0.083929
vt 0.102928 0.072824
vt 0.102087 0.095033
vt 0.129267 0.072671
vt 0.128924 0.083791
vt 0.128580 0.094911
vt 0.128237 0.106031
vt 0.119669 0.106067
vt 0.110776 0.106103
vt 0.101666 0.106138
vt 0.092448 0.106172
vt 0.092898 0.095073
vt 0.093349 0.083975
vt 0.093799 0.072876
vt 0.084654 0.072929
vt 0.084174 0.084022
vt 0.075006 0.084077
vt 0.075517 0.072990
vt 0.083693 0.095115
vt 0.074495 0.095164
vt 0.065854 0.084146
vt 0.066395 0.073066
vt 0.065312 0.095226
vt 0.083213 0.106208
vt 0.073984 0.106250
vt 0.064769 0.106306
vt 0.055574 0.106381
vt 0.056149 0.095309
vt 0.056724 0.084238
vt 0.057297 0.073166
vt 0.048229 0.073294
vt 0.047621 0.084356
vt 0.038541 0.084497
vt 0.039184 0.073446
vt 0.047012 0.095418
vt 0.037897 0.095548
vt 0.029476 0.084652
vt 0.030156 0.073613
vt 0.028795 0.095691
vt 0.046403 0.106480
vt 0.037252 0.106599
vt 0.028114 0.106730
vt 0.018983 0.106869
vt 0.019701 0.095842
vt 0.020419 0.084815
vt 0.021136 0.073788
vt 0.119303 0.117183
vt 0.118937 0.128298
vt 0.109991 0.128323
vt 0.110383 0.117213
vt 0.118571 0.139413
vt 0.109599 0.139433
vt 0.100824 0.128347
vt 0.101245 0.117242
vt 0.100403 0.139451
vt 0.127893 0.117151
vt 0.127549 0.128271
vt 0.127206 0.139391
vt 0.126862 0.150511
vt 0.118204 0.150528
vt 0.109207 0.150543
vt 0.099983 0.150556
vt 0.090645 0.150568
vt 0.091096 0.139469
vt 0.091546 0.128370
vt 0.091997 0.117271
vt 0.082732 0.117301
vt 0.082251 0.128394
vt 0.072962 0.128424
vt 0.073473 0.117337
vt 0.081770 0.139487
vt 0.072450 0.139511
vt 0.063684 0.128466
vt 0.064226 0.117386
vt 0.063141 0.139545
vt 0.081289 0.150580
vt 0.071939 0.150598
vt 0.062598 0.150625
vt 0.053272 0.150667
vt 0.053848 0.139596
vt 0.054423 0.128524
vt 0.054998 0.117453
vt 0.045793 0.117542
vt 0.045184 0.128604
vt 0.035962 0.128701
vt 0.036607 0.117650
vt 0.044575 0.139666
vt 0.035317 0.139752
vt 0.026752 0.128809
vt 0.027433 0.117770
vt 0.026071 0.139848
vt 0.043965 0.150728
vt 0.034673 0.150803
vt 0.025390 0.150887
vt 0.016113 0.150977
vt 0.016830 0.139950
vt 0.017548 0.128923
vt 0.018266 0.117896
vt 0.117838 0.161644
vt 0.117472 0.172759
vt 0.108422 0.172763
vt 0.108815 0.161653
vt 0.117106 0.183874
vt 0.108030 0.183873
vt 0.099141 0.172765
vt 0.099562 0.161660
vt 0.098720 0.183869
vt 0.126518 0.161631
vt 0.126175 0.172751
vt 0.125831 0.183871
vt 0.125488 0.194991
vt 0.116740 0.194989
vt 0.107638 0.194983
vt 0.098299 0.194974
vt 0.088842 0.194963
vt 0.089293 0.183864
vt 0.089744 0.172765
vt 0.090194 0.161666
vt 0.080809 0.161673
vt 0.080328 0.172766
vt 0.070916 0.172772
vt 0.071427 0.161685
vt 0.079847 0.183859
vt 0.070405 0.183858
vt 0.061513 0.172785
vt 0.062055 0.161705
vt 0.060970 0.183865
vt 0.079366 0.194952
vt 0.069893 0.194945
vt 0.060427 0.194945
vt 0.050971 0.194954
vt 0.051546 0.183882
vt 0.052122 0.172811
vt 0.052697 0.161739
vt 0.043355 0.161790
vt 0.042746 0.172851
vt 0.033383 0.172904
vt 0.034028 0.161853
vt 0.042136 0.183913
vt 0.032738 0.183955
vt 0.024028 0.172966
vt 0.024709 0.161926
vt 0.023346 0.184005
vt 0.041527 0.194975
vt 0.032093 0.195006
vt 0.022665 0.195044
vt 0.013241 0.195085
vt 0.013959 0.184058
vt 0.014677 0.173031
vt 0.015395 0.162004
vt 0.116374 0.206105
vt 0.116008 0.217220
vt 0.106853 0.217203
vt 0.107246 0.206093
vt 0.115642 0.228335
vt 0.106461 0.228313
vt 0.097457 0.217183
vt 0.097878 0.206078
vt 0.097037 0.228287
vt 0.125144 0.206111
vt 0.124800 0.217231
vt 0.124457 0.228352
vt 0.124113 0.239472
vt 0.115276 0.239450
vt 0.106069 0.239423
vt 0.096616 0.239392
vt 0.087039 0.239358
vt 0.087490 0.228259
vt 0.087941 0.217161
vt 0.088391 0.206062
vt 0.078885 0.206045
vt 0.078404 0.217139
vt 0.068870 0.217119
vt 0.069382 0.206032
vt 0.077924 0.228232
vt 0.068359 0.228206
vt 0.059342 0.217104
vt 0.059884 0.206025
vt 0.058799 0.228184
vt 0.077443 0.239325
vt 0.067848 0.239293
vt 0.058256 0.239264
vt 0.048670 0.239241
vt 0.049245 0.228169
vt 0.049820 0.217097
vt 0.050395 0.206026
vt 0.040917 0.206037
vt 0.040308 0.217099
vt 0.030803 0.217108
vt 0.031448 0.206057
vt 0.039698 0.228161
vt 0.030158 0.228159
vt 0.021303 0.217122
vt 0.021984 0.206083
vt 0.020622 0.228161
vt 0.039089 0.239223
vt 0.029513 0.239210
vt 0.019941 0.239201
vt 0.010371 0.239193
vt 0.011088 0.228166
vt 0.011806 0.217139
vt 0.012523 0.206112
vt 0.114915 0.250560
vt 0.114588 0.261639
vt 0.105379 0.261581
vt 0.105689 0.250525
vt 0.114327 0.272653
vt 0.105210 0.272543
vt 0.095927 0.261516
vt 0.096214 0.250485
vt 0.095868 0.272419
vt 0.123770 0.250588
vt 0.123433 0.261685
vt 0.123107 0.272741
vt 0.122798 0.283737
vt 0.114166 0.283573
vt 0.105253 0.283365
vt 0.096153 0.283131
vt 0.086959 0.282889
vt 0.086414 0.272290
vt 0.086353 0.261448
vt 0.086616 0.250443
vt 0.076997 0.250401
vt 0.076760 0.261380
vt 0.067167 0.261315
vt 0.067379 0.250361
vt 0.076941 0.272164
vt 0.067468 0.272042
vt 0.057576 0.261252
vt 0.057764 0.250323
vt 0.057995 0.271923
vt 0.077748 0.282655
vt 0.068537 0.282428
vt 0.059327 0.282207
vt 0.050117 0.281989
vt 0.048525 0.271807
vt 0.047987 0.261192
vt 0.048153 0.250288
vt 0.038544 0.250259
vt 0.038387 0.261140
vt 0.028699 0.261125
vt 0.028928 0.250238
vt 0.039013 0.271709
vt 0.029243 0.271710
vt 0.018862 0.261169
vt 0.019295 0.250226
vt 0.018980 0.271897
vt 0.040847 0.281795
vt 0.031217 0.281738
vt 0.020744 0.281999
vt 0.007500 0.283301
vt 0.008218 0.272274
vt 0.008935 0.261247
vt 0.009653 0.250220
vt 0.346967 0.273107
vt 0.337360 0.272734
vt 0.338447 0.262332
vt 0.347685 0.262510
vt 0.328159 0.272616
vt 0.329319 0.262235
vt 0.338884 0.251519
vt 0.347939 0.251621
vt 0.329823 0.251431
vt 0.356991 0.284744
vt 0.344867 0.282849
vt 0.356991 0.273739
vt 0.335081 0.282380
vt 0.326002 0.282345
vt 0.317220 0.282498
vt 0.319162 0.272634
vt 0.320242 0.262188
vt 0.320737 0.251354
vt 0.320922 0.240326
vt 0.329988 0.240417
vt 0.339013 0.240516
vt 0.348009 0.240619
vt 0.356991 0.251730
vt 0.356991 0.240726
vt 0.356991 0.262735
vt 0.348040 0.229599
vt 0.339073 0.229480
vt 0.339117 0.218445
vt 0.348062 0.218579
vt 0.330074 0.229368
vt 0.330138 0.218319
vt 0.339150 0.207410
vt 0.348079 0.207559
vt 0.330188 0.207270
vt 0.356991 0.229722
vt 0.321029 0.229266
vt 0.321111 0.218205
vt 0.321176 0.207145
vt 0.321232 0.196084
vt 0.330231 0.196221
vt 0.339179 0.196375
vt 0.348093 0.196539
vt 0.356991 0.207713
vt 0.356991 0.196708
vt 0.356991 0.218717
vt 0.348107 0.185518
vt 0.339206 0.185339
vt 0.339234 0.174304
vt 0.348121 0.174498
vt 0.330272 0.185172
vt 0.330313 0.174123
vt 0.339262 0.163269
vt 0.348135 0.163478
vt 0.330355 0.163074
vt 0.356991 0.185704
vt 0.321287 0.185023
vt 0.321342 0.173963
vt 0.321398 0.162902
vt 0.321453 0.151841
vt 0.330396 0.152025
vt 0.339289 0.152233
vt 0.348148 0.152458
vt 0.356991 0.163695
vt 0.356991 0.152690
vt 0.356991 0.174699
vt 0.348162 0.141438
vt 0.339317 0.141198
vt 0.339344 0.130163
vt 0.348176 0.130417
vt 0.330437 0.140976
vt 0.330479 0.129927
vt 0.339372 0.119128
vt 0.348190 0.119397
vt 0.330520 0.118878
vt 0.356991 0.141686
vt 0.321508 0.140780
vt 0.321563 0.129720
vt 0.321618 0.118659
vt 0.321673 0.107598
vt 0.330561 0.107829
vt 0.339399 0.108092
vt 0.348204 0.108377
vt 0.356991 0.119677
vt 0.356991 0.108672
vt 0.356991 0.130681
vt 0.348217 0.097357
vt 0.339427 0.097057
vt 0.339454 0.086022
vt 0.348231 0.086336
vt 0.330603 0.096780
vt 0.330644 0.085731
vt 0.339482 0.074986
vt 0.348245 0.075316
vt 0.330685 0.074682
vt 0.356991 0.097668
vt 0.321728 0.096538
vt 0.321783 0.085477
vt 0.321839 0.074416
vt 0.321894 0.063356
vt 0.330727 0.063633
vt 0.339510 0.063951
vt 0.348259 0.064296
vt 0.356991 0.075659
vt 0.356991 0.064654
vt 0.356991 0.086663
vt 0.348273 0.053276
vt 0.339538 0.052915
vt 0.339570 0.041877
vt 0.348288 0.042255
vt 0.330770 0.052583
vt 0.330821 0.041525
vt 0.339606 0.030834
vt 0.348304 0.031234
vt 0.330888 0.030452
vt 0.356992 0.053650
vt 0.321951 0.052293
vt 0.322020 0.041220
vt 0.322114 0.030121
vt 0.322295 0.018940
vt 0.330970 0.019364
vt 0.339645 0.019788
vt 0.348319 0.020212
vt 0.356993 0.031641
vt 0.356994 0.020636
vt 0.356993 0.042645
vt 0.310181 0.272677
vt 0.301185 0.272724
vt 0.302027 0.262125
vt 0.311147 0.262154
vt 0.292178 0.272775
vt 0.292891 0.262098
vt 0.302449 0.251224
vt 0.311610 0.251286
vt 0.293265 0.251166
vt 0.308478 0.282683
vt 0.299728 0.282872
vt 0.290973 0.283066
vt 0.282215 0.283268
vt 0.283166 0.272829
vt 0.283745 0.262074
vt 0.284070 0.251110
vt 0.284255 0.240039
vt 0.293457 0.240104
vt 0.302645 0.240172
vt 0.311804 0.240245
vt 0.311927 0.229176
vt 0.302777 0.229095
vt 0.302885 0.218019
vt 0.312023 0.218106
vt 0.293597 0.229022
vt 0.293715 0.217939
vt 0.302978 0.206942
vt 0.312102 0.207036
vt 0.293820 0.206856
vt 0.284400 0.228952
vt 0.284528 0.217864
vt 0.284645 0.206776
vt 0.284756 0.195688
vt 0.293917 0.195773
vt 0.303062 0.195864
vt 0.312172 0.195966
vt 0.312241 0.184896
vt 0.303144 0.184787
vt 0.303227 0.173710
vt 0.312310 0.173826
vt 0.294014 0.184691
vt 0.294110 0.173608
vt 0.303310 0.162633
vt 0.312379 0.162757
vt 0.294207 0.162525
vt 0.284867 0.184600
vt 0.284977 0.173512
vt 0.285087 0.162424
vt 0.285197 0.151336
vt 0.294303 0.151442
vt 0.303392 0.151556
vt 0.312448 0.151687
vt 0.312517 0.140617
vt 0.303475 0.140479
vt 0.303558 0.129402
vt 0.312585 0.129547
vt 0.294400 0.140359
vt 0.294496 0.129276
vt 0.303640 0.118325
vt 0.312654 0.118477
vt 0.294593 0.118193
vt 0.285308 0.140248
vt 0.285418 0.129160
vt 0.285528 0.118072
vt 0.285639 0.106984
vt 0.294689 0.107111
vt 0.303723 0.107248
vt 0.312723 0.107407
vt 0.312792 0.096337
vt 0.303806 0.096171
vt 0.303888 0.085094
vt 0.312861 0.085267
vt 0.294786 0.096028
vt 0.294882 0.084945
vt 0.303971 0.074017
vt 0.312930 0.074197
vt 0.294979 0.073862
vt 0.285749 0.095896
vt 0.285859 0.084808
vt 0.285970 0.073720
vt 0.286080 0.062632
vt 0.295075 0.062779
vt 0.304054 0.062940
vt 0.312999 0.063128
vt 0.313070 0.052056
vt 0.304137 0.051862
vt 0.304224 0.040782
vt 0.313148 0.040977
vt 0.295172 0.051696
vt 0.295269 0.040613
vt 0.304315 0.029698
vt 0.313242 0.029884
vt 0.295367 0.029529
vt 0.286190 0.051544
vt 0.286301 0.040456
vt 0.286411 0.029368
vt 0.286522 0.018280
vt 0.295465 0.018445
vt 0.304408 0.018610
vt 0.313352 0.018775
vt 0.274167 0.272886
vt 0.265251 0.272940
vt 0.265577 0.262029
vt 0.274614 0.262052
vt 0.256503 0.272985
vt 0.256726 0.262007
vt 0.265805 0.251001
vt 0.274889 0.251054
vt 0.256917 0.250950
vt 0.273468 0.283474
vt 0.264786 0.283672
vt 0.256236 0.283845
vt 0.247881 0.283975
vt 0.248006 0.273016
vt 0.248156 0.261984
vt 0.248321 0.250905
vt 0.248492 0.239801
vt 0.257087 0.239854
vt 0.265979 0.239913
vt 0.275068 0.239975
vt 0.275218 0.228882
vt 0.266135 0.228815
vt 0.266281 0.217717
vt 0.275355 0.217789
vt 0.257249 0.228751
vt 0.257405 0.217648
vt 0.266422 0.206619
vt 0.275484 0.206696
vt 0.257558 0.206545
vt 0.248661 0.228692
vt 0.248827 0.217584
vt 0.248991 0.206476
vt 0.249154 0.195368
vt 0.257709 0.195442
vt 0.266560 0.195521
vt 0.275609 0.195603
vt 0.275733 0.184510
vt 0.266698 0.184423
vt 0.266836 0.173325
vt 0.275857 0.173417
vt 0.257860 0.184339
vt 0.258011 0.173236
vt 0.266973 0.162227
vt 0.275981 0.162324
vt 0.258161 0.162133
vt 0.249317 0.184260
vt 0.249481 0.173152
vt 0.249644 0.162044
vt 0.249807 0.150936
vt 0.258312 0.151029
vt 0.267111 0.151129
vt 0.276105 0.151231
vt 0.276229 0.140138
vt 0.267248 0.140031
vt 0.267386 0.128933
vt 0.276353 0.129045
vt 0.258463 0.139926
vt 0.258613 0.128823
vt 0.267524 0.117835
vt 0.276477 0.117952
vt 0.258764 0.117720
vt 0.249970 0.139828
vt 0.250133 0.128720
vt 0.250296 0.117612
vt 0.250460 0.106504
vt 0.258915 0.106617
vt 0.267661 0.106737
vt 0.276601 0.106859
vt 0.276725 0.095766
vt 0.267799 0.095639
vt 0.267936 0.084541
vt 0.276849 0.084673
vt 0.259066 0.095514
vt 0.259216 0.084411
vt 0.268074 0.073443
vt 0.276974 0.073580
vt 0.259367 0.073308
vt 0.250623 0.095395
vt 0.250786 0.084287
vt 0.250949 0.073179
vt 0.251112 0.062071
vt 0.259518 0.062205
vt 0.268212 0.062344
vt 0.277098 0.062487
vt 0.277222 0.051394
vt 0.268347 0.051246
vt 0.268466 0.040148
vt 0.277343 0.040301
vt 0.259661 0.051102
vt 0.259758 0.039998
vt 0.268559 0.029049
vt 0.277462 0.029208
vt 0.259769 0.028892
vt 0.251265 0.050963
vt 0.251354 0.039853
vt 0.251295 0.028741
vt 0.250749 0.017620
vt 0.259692 0.017785
vt 0.268635 0.017950
vt 0.277579 0.018115
vt 0.047430 0.369827
vt 0.053582 0.370755
vt 0.052641 0.379968
vt 0.046386 0.378670
vt 0.059854 0.371870
vt 0.058956 0.381329
vt 0.051390 0.388850
vt 0.045122 0.387279
vt 0.057742 0.390447
vt 0.042630 0.360767
vt 0.048049 0.360346
vt 0.041399 0.369088
vt 0.054124 0.360973
vt 0.060399 0.361919
vt 0.066760 0.363001
vt 0.066190 0.373084
vt 0.065306 0.382727
vt 0.064137 0.392059
vt 0.062710 0.401207
vt 0.056238 0.399366
vt 0.049824 0.397539
vt 0.043544 0.395743
vt 0.038935 0.385730
vt 0.037704 0.394052
vt 0.040167 0.377409
vt 0.041477 0.404080
vt 0.047938 0.406132
vt 0.045823 0.414670
vt 0.039148 0.412354
vt 0.054478 0.408202
vt 0.052522 0.416991
vt 0.043583 0.423179
vt 0.036730 0.420608
vt 0.050439 0.425751
vt 0.035096 0.402047
vt 0.061058 0.410282
vt 0.059235 0.419316
vt 0.057297 0.428323
vt 0.055301 0.437317
vt 0.048294 0.434496
vt 0.041286 0.431675
vt 0.034279 0.428854
vt 0.029879 0.418038
vt 0.027271 0.426033
vt 0.032487 0.410042
vt 0.072536 0.374315
vt 0.078882 0.375547
vt 0.078018 0.385537
vt 0.071662 0.384132
vt 0.085227 0.376781
vt 0.084375 0.386943
vt 0.076942 0.395286
vt 0.070539 0.393672
vt 0.083344 0.396899
vt 0.073135 0.364107
vt 0.079510 0.365215
vt 0.085885 0.366328
vt 0.092259 0.367449
vt 0.091573 0.378018
vt 0.090731 0.388349
vt 0.089746 0.398513
vt 0.088634 0.408580
vt 0.082153 0.406737
vt 0.075672 0.404893
vt 0.069191 0.403050
vt 0.067646 0.412364
vt 0.074233 0.414445
vt 0.072666 0.423967
vt 0.065951 0.421641
vt 0.080821 0.416527
vt 0.079382 0.426292
vt 0.071013 0.433468
vt 0.064155 0.430895
vt 0.077871 0.436040
vt 0.087408 0.418609
vt 0.086097 0.428617
vt 0.084729 0.438612
vt 0.083331 0.448600
vt 0.076324 0.445779
vt 0.069316 0.442958
vt 0.062309 0.440138
vt 0.097936 0.379231
vt 0.104403 0.380275
vt 0.103570 0.390845
vt 0.097103 0.389717
vt 0.111079 0.380979
vt 0.110229 0.391494
vt 0.102661 0.401313
vt 0.096162 0.400074
vt 0.109323 0.401911
vt 0.098650 0.368559
vt 0.105150 0.369557
vt 0.111866 0.370321
vt 0.118907 0.370726
vt 0.118070 0.381169
vt 0.117173 0.391422
vt 0.116230 0.401545
vt 0.115255 0.411603
vt 0.108371 0.412274
vt 0.101683 0.411722
vt 0.095125 0.410355
vt 0.094004 0.420610
vt 0.100646 0.422132
vt 0.099568 0.432658
vt 0.092818 0.430866
vt 0.107383 0.422683
vt 0.106375 0.433450
vt 0.098463 0.443388
vt 0.091589 0.441138
vt 0.105362 0.444906
vt 0.114261 0.421730
vt 0.113262 0.432361
vt 0.112277 0.444176
vt 0.111361 0.459884
vt 0.104354 0.457063
vt 0.097346 0.454242
vt 0.090339 0.451421
vt 0.259842 0.445883
vt 0.259175 0.434165
vt 0.265845 0.433335
vt 0.266635 0.444433
vt 0.258514 0.423130
vt 0.265085 0.422441
vt 0.272449 0.431488
vt 0.273400 0.442242
vt 0.271550 0.420749
vt 0.253567 0.460943
vt 0.253036 0.445083
vt 0.260503 0.458298
vt 0.252417 0.433089
vt 0.251782 0.422269
vt 0.251151 0.411950
vt 0.257876 0.412451
vt 0.264377 0.411662
vt 0.270729 0.410010
vt 0.277005 0.407929
vt 0.277961 0.418561
vt 0.279020 0.429173
vt 0.280149 0.439770
vt 0.274376 0.453006
vt 0.281313 0.450361
vt 0.267440 0.455652
vt 0.286896 0.437252
vt 0.285586 0.426780
vt 0.292151 0.424386
vt 0.293642 0.434733
vt 0.284362 0.416290
vt 0.290764 0.414019
vt 0.298716 0.421993
vt 0.300389 0.432214
vt 0.297165 0.411747
vt 0.288249 0.447715
vt 0.283269 0.405774
vt 0.289533 0.403619
vt 0.295796 0.401464
vt 0.302060 0.399309
vt 0.303567 0.409474
vt 0.305282 0.419599
vt 0.307136 0.429695
vt 0.302122 0.442424
vt 0.309059 0.439778
vt 0.295186 0.445069
vt 0.313882 0.427176
vt 0.311844 0.417205
vt 0.318390 0.414815
vt 0.320626 0.424658
vt 0.309960 0.407204
vt 0.316303 0.404943
vt 0.324906 0.412431
vt 0.327367 0.422140
vt 0.322552 0.402701
vt 0.315995 0.437132
vt 0.308312 0.397156
vt 0.314495 0.395016
vt 0.320516 0.392908
vt 0.326005 0.390905
vt 0.328705 0.400478
vt 0.331405 0.410050
vt 0.334105 0.419623
vt 0.329868 0.431841
vt 0.336805 0.429195
vt 0.322932 0.434486
vt 0.257282 0.401821
vt 0.256739 0.391166
vt 0.263182 0.390097
vt 0.263740 0.400888
vt 0.256258 0.380468
vt 0.262713 0.379285
vt 0.269405 0.388477
vt 0.270009 0.399254
vt 0.268928 0.377681
vt 0.250542 0.401703
vt 0.249968 0.391408
vt 0.249441 0.381020
vt 0.248975 0.370497
vt 0.255845 0.369713
vt 0.262341 0.368448
vt 0.268588 0.366867
vt 0.274710 0.365131
vt 0.275022 0.375869
vt 0.275519 0.386582
vt 0.276185 0.397269
vt 0.282345 0.395225
vt 0.281614 0.384641
vt 0.287710 0.382701
vt 0.288505 0.393180
vt 0.281096 0.374024
vt 0.287171 0.372183
vt 0.293805 0.380761
vt 0.294665 0.391136
vt 0.293245 0.370342
vt 0.280811 0.363376
vt 0.286913 0.361628
vt 0.293015 0.359883
vt 0.299117 0.358141
vt 0.299320 0.368503
vt 0.299900 0.378821
vt 0.300825 0.389091
vt 0.306976 0.387047
vt 0.305988 0.376882
vt 0.312033 0.374949
vt 0.313074 0.385014
vt 0.305382 0.366665
vt 0.311367 0.364833
vt 0.318006 0.373024
vt 0.319072 0.383000
vt 0.317207 0.363013
vt 0.305202 0.356401
vt 0.311183 0.354668
vt 0.316922 0.352955
vt 0.321866 0.351305
vt 0.322901 0.361205
vt 0.323936 0.371105
vt 0.324970 0.381005
vt 0.114119 0.294381
vt 0.114124 0.305126
vt 0.105966 0.304595
vt 0.105543 0.294024
vt 0.114099 0.315872
vt 0.106373 0.315176
vt 0.097755 0.303996
vt 0.096839 0.293622
vt 0.098674 0.314389
vt 0.122505 0.294661
vt 0.122204 0.305542
vt 0.121864 0.316416
vt 0.121455 0.327319
vt 0.113963 0.326682
vt 0.106618 0.325864
vt 0.099370 0.324939
vt 0.092169 0.323980
vt 0.090987 0.313577
vt 0.089517 0.303378
vt 0.088071 0.293208
vt 0.079291 0.292806
vt 0.081273 0.302780
vt 0.073027 0.302204
vt 0.070510 0.292419
vt 0.083299 0.312790
vt 0.075609 0.312031
vt 0.064780 0.301644
vt 0.061728 0.292043
vt 0.067918 0.311291
vt 0.084974 0.323049
vt 0.077776 0.322148
vt 0.070577 0.321267
vt 0.063377 0.320397
vt 0.060227 0.310561
vt 0.056533 0.301090
vt 0.052947 0.291671
vt 0.044124 0.291316
vt 0.048284 0.300537
vt 0.040018 0.299978
vt 0.035051 0.291054
vt 0.052569 0.309814
vt 0.045113 0.308956
vt 0.031725 0.299409
vt 0.025501 0.290969
vt 0.038044 0.307887
vt 0.056227 0.319502
vt 0.049374 0.318448
vt 0.043214 0.317020
vt 0.039334 0.314369
vt 0.031376 0.306602
vt 0.023417 0.298835
vt 0.015459 0.291068
vt 0.113653 0.337597
vt 0.113180 0.348561
vt 0.106290 0.347696
vt 0.106583 0.336726
vt 0.112575 0.359495
vt 0.105794 0.358673
vt 0.099590 0.346695
vt 0.099665 0.335737
vt 0.099225 0.357680
vt 0.120951 0.338271
vt 0.120355 0.349209
vt 0.119671 0.360054
vt 0.092759 0.356613
vt 0.092983 0.345641
vt 0.092822 0.334706
vt 0.085988 0.333699
vt 0.086389 0.344602
vt 0.079795 0.343585
vt 0.079153 0.332720
vt 0.086310 0.355549
vt 0.079860 0.354499
vt 0.073199 0.342583
vt 0.072317 0.331760
vt 0.073409 0.353459
vt 0.066958 0.352423
vt 0.066602 0.341588
vt 0.065479 0.330809
vt 0.058678 0.329841
vt 0.060022 0.340594
vt 0.053537 0.339593
vt 0.052093 0.328763
vt 0.060519 0.351404
vt 0.054150 0.350478
vt 0.047212 0.338583
vt 0.045918 0.327474
vt 0.047914 0.349731
vt 0.041806 0.349167
vt 0.040982 0.337568
vt 0.040158 0.325968
vt 0.255922 0.294565
vt 0.264164 0.294196
vt 0.263469 0.304589
vt 0.255604 0.305196
vt 0.272482 0.293775
vt 0.271341 0.303897
vt 0.262812 0.314958
vt 0.255337 0.315807
vt 0.270220 0.313989
vt 0.247792 0.294847
vt 0.280837 0.293335
vt 0.279216 0.303174
vt 0.277597 0.312977
vt 0.276225 0.322935
vt 0.269295 0.324201
vt 0.262300 0.325408
vt 0.255173 0.326466
vt 0.247763 0.316460
vt 0.247848 0.327279
vt 0.247748 0.305663
vt 0.289199 0.292906
vt 0.297560 0.292489
vt 0.294970 0.301777
vt 0.287093 0.302466
vt 0.305919 0.292080
vt 0.302846 0.301100
vt 0.292343 0.311011
vt 0.284969 0.311982
vt 0.299717 0.310056
vt 0.314275 0.291676
vt 0.310722 0.300430
vt 0.307091 0.309109
vt 0.303910 0.318064
vt 0.296988 0.319260
vt 0.290066 0.320465
vt 0.283145 0.321687
vt 0.322662 0.291295
vt 0.331257 0.291044
vt 0.326491 0.299104
vt 0.318599 0.299762
vt 0.340253 0.291039
vt 0.334406 0.298462
vt 0.321616 0.307083
vt 0.314437 0.308146
vt 0.328478 0.305828
vt 0.349664 0.291287
vt 0.342337 0.297830
vt 0.335010 0.304373
vt 0.327683 0.310916
vt 0.323493 0.313764
vt 0.317428 0.315477
vt 0.310791 0.316845
vt 0.255155 0.337222
vt 0.262021 0.336021
vt 0.261959 0.346767
vt 0.255275 0.348047
vt 0.268702 0.334643
vt 0.268423 0.345283
vt 0.262079 0.357594
vt 0.255511 0.358893
vt 0.268403 0.356048
vt 0.248013 0.338142
vt 0.275291 0.333194
vt 0.274776 0.343708
vt 0.274607 0.354385
vt 0.248579 0.359811
vt 0.248257 0.349007
vt 0.281867 0.331758
vt 0.288443 0.330345
vt 0.287448 0.340587
vt 0.281112 0.342139
vt 0.295020 0.328949
vt 0.293785 0.339049
vt 0.286974 0.351059
vt 0.280790 0.352716
vt 0.293159 0.349410
vt 0.301597 0.327560
vt 0.300122 0.337516
vt 0.299343 0.347765
vt 0.308145 0.326155
vt 0.314513 0.324644
vt 0.312681 0.334407
vt 0.306445 0.335979
vt 0.320542 0.322931
vt 0.318771 0.332776
vt 0.311603 0.344479
vt 0.305514 0.346122
vt 0.317537 0.342840
vt 0.326229 0.321013
vt 0.324775 0.331111
vt 0.323321 0.341208
vt 0.131475 0.272800
vt 0.131833 0.261717
vt 0.139870 0.261737
vt 0.139507 0.272835
vt 0.132171 0.250607
vt 0.140200 0.250619
vt 0.147663 0.261749
vt 0.147313 0.272854
vt 0.147982 0.250627
vt 0.131087 0.283844
vt 0.132499 0.239485
vt 0.140514 0.239493
vt 0.148284 0.239496
vt 0.155930 0.239498
vt 0.155639 0.250631
vt 0.155336 0.261757
vt 0.155008 0.272865
vt 0.146916 0.283935
vt 0.154643 0.283949
vt 0.139095 0.283905
vt 0.132824 0.228361
vt 0.133150 0.217237
vt 0.141138 0.217237
vt 0.140826 0.228365
vt 0.133476 0.206112
vt 0.141449 0.206108
vt 0.148884 0.217233
vt 0.148584 0.228365
vt 0.149183 0.206101
vt 0.133801 0.194988
vt 0.141761 0.194980
vt 0.149483 0.194970
vt 0.157088 0.194958
vt 0.156798 0.206093
vt 0.156509 0.217228
vt 0.156220 0.228363
vt 0.134127 0.183864
vt 0.134453 0.172739
vt 0.142384 0.172724
vt 0.142072 0.183852
vt 0.134779 0.161615
vt 0.142695 0.161596
vt 0.150083 0.172706
vt 0.149783 0.183838
vt 0.150383 0.161575
vt 0.135104 0.150491
vt 0.143007 0.150468
vt 0.150682 0.150443
vt 0.158245 0.150418
vt 0.157956 0.161553
vt 0.157666 0.172688
vt 0.157377 0.183823
vt 0.135430 0.139367
vt 0.135756 0.128242
vt 0.143630 0.128212
vt 0.143318 0.139340
vt 0.136082 0.117118
vt 0.143941 0.117083
vt 0.151282 0.128180
vt 0.150982 0.139312
vt 0.151582 0.117048
vt 0.136407 0.105994
vt 0.144253 0.105955
vt 0.151882 0.105917
vt 0.159402 0.105877
vt 0.159113 0.117012
vt 0.158823 0.128148
vt 0.158534 0.139283
vt 0.136733 0.094869
vt 0.137059 0.083745
vt 0.144876 0.083699
vt 0.144564 0.094827
vt 0.137384 0.072621
vt 0.145187 0.072571
vt 0.152481 0.083653
vt 0.152181 0.094785
vt 0.152781 0.072522
vt 0.137710 0.061496
vt 0.145499 0.061443
vt 0.153081 0.061390
vt 0.160559 0.061337
vt 0.160270 0.072472
vt 0.159981 0.083607
vt 0.159691 0.094742
vt 0.138044 0.050372
vt 0.138424 0.039247
vt 0.146144 0.039186
vt 0.145813 0.050315
vt 0.138895 0.028122
vt 0.146502 0.028058
vt 0.153683 0.039127
vt 0.153381 0.050258
vt 0.153989 0.027995
vt 0.139456 0.016995
vt 0.146876 0.016929
vt 0.154296 0.016863
vt 0.161716 0.016797
vt 0.161427 0.027932
vt 0.161138 0.039067
vt 0.160849 0.050202
vt 0.162683 0.272875
vt 0.162988 0.261764
vt 0.170640 0.261773
vt 0.170359 0.272886
vt 0.163276 0.250636
vt 0.170913 0.250643
vt 0.178292 0.261784
vt 0.178034 0.272898
vt 0.178550 0.250652
vt 0.162355 0.283961
vt 0.163556 0.239499
vt 0.171182 0.239503
vt 0.178808 0.239511
vt 0.186434 0.239525
vt 0.186186 0.250666
vt 0.185944 0.261798
vt 0.185710 0.272913
vt 0.177778 0.283986
vt 0.185490 0.284000
vt 0.170067 0.283973
vt 0.163835 0.228361
vt 0.164114 0.217223
vt 0.171720 0.217221
vt 0.171451 0.228362
vt 0.164393 0.206084
vt 0.171988 0.206080
vt 0.179325 0.217225
vt 0.179066 0.228368
vt 0.179583 0.206082
vt 0.164672 0.194946
vt 0.172257 0.194939
vt 0.179842 0.194940
vt 0.187426 0.194953
vt 0.187178 0.206096
vt 0.186930 0.217239
vt 0.186682 0.228382
vt 0.164951 0.183808
vt 0.165230 0.172669
vt 0.172794 0.172657
vt 0.172526 0.183798
vt 0.165509 0.161531
vt 0.173063 0.161516
vt 0.180358 0.172654
vt 0.180100 0.183797
vt 0.180617 0.161511
vt 0.165788 0.150393
vt 0.173332 0.150374
vt 0.180875 0.150369
vt 0.188419 0.150382
vt 0.188170 0.161524
vt 0.187922 0.172667
vt 0.187674 0.183810
vt 0.166067 0.139255
vt 0.166346 0.128116
vt 0.173869 0.128092
vt 0.173601 0.139233
vt 0.166625 0.116978
vt 0.174138 0.116951
vt 0.181392 0.128083
vt 0.181134 0.139226
vt 0.181651 0.116940
vt 0.166904 0.105840
vt 0.174407 0.105810
vt 0.181909 0.105798
vt 0.189411 0.105810
vt 0.189163 0.116953
vt 0.188915 0.128096
vt 0.188667 0.139239
vt 0.167183 0.094701
vt 0.167462 0.083563
vt 0.174944 0.083528
vt 0.174675 0.094669
vt 0.167741 0.072425
vt 0.175213 0.072387
vt 0.182426 0.083512
vt 0.182167 0.094655
vt 0.182684 0.072369
vt 0.168020 0.061286
vt 0.175482 0.061246
vt 0.182943 0.061227
vt 0.190403 0.061238
vt 0.190155 0.072381
vt 0.189907 0.083524
vt 0.189659 0.094667
vt 0.168299 0.050148
vt 0.168578 0.039009
vt 0.176019 0.038961
vt 0.175750 0.050105
vt 0.168857 0.027870
vt 0.176288 0.027814
vt 0.183459 0.038933
vt 0.183201 0.050083
vt 0.183718 0.027772
vt 0.169136 0.016731
vt 0.176556 0.016665
vt 0.183976 0.016599
vt 0.191396 0.016533
vt 0.191148 0.027769
vt 0.190900 0.038942
vt 0.190652 0.050094
vt 0.193386 0.272929
vt 0.193596 0.261817
vt 0.201248 0.261838
vt 0.201061 0.272948
vt 0.193823 0.250686
vt 0.201460 0.250711
vt 0.208900 0.261862
vt 0.208737 0.272968
vt 0.209097 0.250739
vt 0.193202 0.284015
vt 0.194059 0.239546
vt 0.201685 0.239574
vt 0.209311 0.239607
vt 0.216937 0.239641
vt 0.216733 0.250768
vt 0.216551 0.261887
vt 0.216412 0.272988
vt 0.208625 0.284048
vt 0.216337 0.284065
vt 0.200914 0.284031
vt 0.194297 0.228405
vt 0.194535 0.217264
vt 0.202140 0.217299
vt 0.201913 0.228437
vt 0.194773 0.206123
vt 0.202368 0.206161
vt 0.209745 0.217340
vt 0.209528 0.228473
vt 0.209962 0.206207
vt 0.195011 0.194982
vt 0.202595 0.195023
vt 0.210179 0.195073
vt 0.217764 0.195128
vt 0.217557 0.206256
vt 0.217350 0.217384
vt 0.217143 0.228513
vt 0.195248 0.183841
vt 0.195486 0.172700
vt 0.203050 0.172748
vt 0.202823 0.183886
vt 0.195724 0.161559
vt 0.203277 0.161610
vt 0.210614 0.172807
vt 0.210397 0.183940
vt 0.210831 0.161673
vt 0.195962 0.150418
vt 0.203505 0.150473
vt 0.211048 0.150540
vt 0.218591 0.150614
vt 0.218384 0.161743
vt 0.218177 0.172871
vt 0.217971 0.183999
vt 0.196200 0.139276
vt 0.196437 0.128135
vt 0.203960 0.128197
vt 0.203732 0.139335
vt 0.196675 0.116994
vt 0.204187 0.117059
vt 0.211482 0.128273
vt 0.211265 0.139407
vt 0.211699 0.117140
vt 0.196913 0.105853
vt 0.204415 0.105922
vt 0.211917 0.106007
vt 0.219418 0.106101
vt 0.219211 0.117229
vt 0.219005 0.128357
vt 0.218798 0.139486
vt 0.197151 0.094712
vt 0.197389 0.083571
vt 0.204870 0.083646
vt 0.204642 0.094784
vt 0.197626 0.072430
vt 0.205097 0.072508
vt 0.212351 0.083740
vt 0.212134 0.094873
vt 0.212568 0.072607
vt 0.197864 0.061289
vt 0.205325 0.061371
vt 0.212785 0.061473
vt 0.220245 0.061587
vt 0.220039 0.072716
vt 0.219832 0.083844
vt 0.219625 0.094972
vt 0.198102 0.050147
vt 0.198340 0.038999
vt 0.205780 0.039092
vt 0.205552 0.050232
vt 0.198578 0.027839
vt 0.206007 0.027949
vt 0.213219 0.039206
vt 0.213002 0.050340
vt 0.213437 0.028072
vt 0.198816 0.016668
vt 0.206235 0.016803
vt 0.213654 0.016937
vt 0.221073 0.017072
vt 0.220866 0.028202
vt 0.220659 0.039330
vt 0.220452 0.050459
vt 0.224102 0.273008
vt 0.224219 0.261912
vt 0.231980 0.261936
vt 0.231875 0.273023
vt 0.224386 0.250798
vt 0.232137 0.250830
vt 0.239928 0.261961
vt 0.239815 0.273027
vt 0.240082 0.250865
vt 0.224060 0.284080
vt 0.224579 0.239676
vt 0.232320 0.239713
vt 0.240258 0.239754
vt 0.239766 0.284050
vt 0.231848 0.284080
vt 0.224775 0.228553
vt 0.224972 0.217430
vt 0.232692 0.217477
vt 0.232506 0.228595
vt 0.225168 0.206306
vt 0.232878 0.206359
vt 0.240611 0.217528
vt 0.240435 0.228641
vt 0.240786 0.206415
vt 0.225365 0.195183
vt 0.233064 0.195240
vt 0.240961 0.195302
vt 0.225561 0.184060
vt 0.225757 0.172936
vt 0.233436 0.173004
vt 0.233250 0.184122
vt 0.225954 0.161813
vt 0.233622 0.161886
vt 0.241311 0.173075
vt 0.241136 0.184188
vt 0.241486 0.161962
vt 0.226150 0.150690
vt 0.233808 0.150767
vt 0.241660 0.150849
vt 0.226347 0.139566
vt 0.226543 0.128443
vt 0.234179 0.128531
vt 0.233993 0.139649
vt 0.226740 0.117320
vt 0.234365 0.117413
vt 0.242010 0.128623
vt 0.241835 0.139736
vt 0.242185 0.117509
vt 0.226936 0.106197
vt 0.234551 0.106295
vt 0.242360 0.106396
vt 0.227133 0.095073
vt 0.227329 0.083950
vt 0.234923 0.084058
vt 0.234737 0.095176
vt 0.227525 0.072827
vt 0.235109 0.072940
vt 0.242709 0.084170
vt 0.242535 0.095283
vt 0.242884 0.073057
vt 0.227722 0.061703
vt 0.235294 0.061822
vt 0.243059 0.061944
vt 0.227918 0.050580
vt 0.228112 0.039457
vt 0.235645 0.039585
vt 0.235478 0.050703
vt 0.228303 0.028333
vt 0.235786 0.028466
vt 0.243348 0.039716
vt 0.243226 0.050830
vt 0.243383 0.028601
vt 0.228492 0.017209
vt 0.235911 0.017346
vt 0.243330 0.017483
vt 0.242176 0.380809
vt 0.242782 0.390655
vt 0.235196 0.389172
vt 0.234506 0.380025
vt 0.243440 0.400323
vt 0.235952 0.398033
vt 0.227246 0.387332
vt 0.226506 0.378939
vt 0.228068 0.395321
vt 0.241643 0.370697
vt 0.244127 0.409902
vt 0.236742 0.406749
vt 0.228930 0.403107
vt 0.220631 0.399594
vt 0.219779 0.392680
vt 0.218971 0.385508
vt 0.218254 0.377820
vt 0.225890 0.369937
vt 0.217672 0.369360
vt 0.233915 0.370447
vt 0.244827 0.419523
vt 0.245530 0.429497
vt 0.238394 0.424217
vt 0.237546 0.415451
vt 0.246231 0.440145
vt 0.239315 0.433089
vt 0.230842 0.418395
vt 0.229821 0.410832
vt 0.232112 0.425645
vt 0.246923 0.451484
vt 0.240279 0.442025
vt 0.233635 0.432566
vt 0.226991 0.423107
vt 0.224089 0.419009
vt 0.222591 0.413006
vt 0.221520 0.406425
vt 0.209819 0.376897
vt 0.210414 0.384012
vt 0.201642 0.382917
vt 0.201251 0.376221
vt 0.211093 0.390521
vt 0.202095 0.388943
vt 0.192723 0.382239
vt 0.192594 0.375801
vt 0.192888 0.387967
vt 0.209349 0.368876
vt 0.211813 0.396728
vt 0.202581 0.394634
vt 0.193069 0.393339
vt 0.183416 0.392869
vt 0.183573 0.387611
vt 0.183731 0.381991
vt 0.183891 0.375645
vt 0.192517 0.368297
vt 0.184055 0.368212
vt 0.200956 0.368520
vt 0.212561 0.402854
vt 0.213439 0.408792
vt 0.203621 0.405727
vt 0.203078 0.400247
vt 0.214567 0.414377
vt 0.204241 0.410985
vt 0.193447 0.403682
vt 0.193255 0.398616
vt 0.193652 0.408347
vt 0.215949 0.419608
vt 0.204907 0.416109
vt 0.193865 0.412610
vt 0.182822 0.409112
vt 0.182956 0.407088
vt 0.183105 0.402885
vt 0.183260 0.398019
vt 0.175187 0.375760
vt 0.174736 0.382182
vt 0.165808 0.382805
vt 0.166524 0.376140
vt 0.174254 0.387891
vt 0.165033 0.388795
vt 0.157021 0.383847
vt 0.157947 0.376778
vt 0.156014 0.390303
vt 0.175591 0.368268
vt 0.173757 0.393243
vt 0.164228 0.394446
vt 0.154967 0.396453
vt 0.146110 0.399241
vt 0.147299 0.392400
vt 0.148443 0.385295
vt 0.149500 0.377666
vt 0.158752 0.368790
vt 0.150422 0.369248
vt 0.167149 0.368462
vt 0.173257 0.398501
vt 0.172753 0.403546
vt 0.162551 0.405458
vt 0.163411 0.400019
vt 0.172243 0.408191
vt 0.161616 0.410674
vt 0.152690 0.408398
vt 0.153893 0.402521
vt 0.151242 0.413917
vt 0.171730 0.412433
vt 0.160638 0.415755
vt 0.149546 0.419077
vt 0.138453 0.422399
vt 0.141657 0.418416
vt 0.143480 0.412500
vt 0.144885 0.405997
vt 0.141229 0.378758
vt 0.140140 0.387083
vt 0.132144 0.388926
vt 0.133192 0.379861
vt 0.138970 0.394991
vt 0.131029 0.397687
vt 0.124480 0.390485
vt 0.125452 0.380742
vt 0.123456 0.400027
vt 0.142193 0.369807
vt 0.137759 0.402689
vt 0.129880 0.406297
vt 0.122402 0.409467
vt 0.126350 0.370698
vt 0.134140 0.370341
vt 0.136521 0.410326
vt 0.135153 0.417797
vt 0.127509 0.423549
vt 0.128716 0.414891
vt 0.133541 0.424950
vt 0.126230 0.432313
vt 0.120267 0.428785
vt 0.121336 0.418948
vt 0.119198 0.439301
vt 0.131680 0.431770
vt 0.124907 0.441142
vt 0.118134 0.450513
vt 0.668852 0.258913
vt 0.669394 0.248144
vt 0.677332 0.248247
vt 0.677212 0.258947
vt 0.670477 0.237259
vt 0.678224 0.237394
vt 0.685138 0.248388
vt 0.685112 0.259096
vt 0.685966 0.237537
vt 0.658670 0.269931
vt 0.660022 0.258996
vt 0.669893 0.269320
vt 0.661374 0.248062
vt 0.662727 0.237128
vt 0.664079 0.226193
vt 0.671775 0.226331
vt 0.679479 0.226471
vt 0.687200 0.226615
vt 0.694945 0.226764
vt 0.693718 0.237686
vt 0.692873 0.248552
vt 0.692775 0.259307
vt 0.686312 0.269582
vt 0.693787 0.269896
vt 0.678499 0.269353
vt 0.673113 0.215397
vt 0.674457 0.204462
vt 0.682139 0.204603
vt 0.680805 0.215537
vt 0.675803 0.193528
vt 0.683480 0.193669
vt 0.689841 0.204749
vt 0.688514 0.215682
vt 0.691177 0.193816
vt 0.665431 0.215259
vt 0.666783 0.204324
vt 0.668135 0.193390
vt 0.669487 0.182455
vt 0.677151 0.182593
vt 0.684824 0.182735
vt 0.692516 0.182883
vt 0.700237 0.183042
vt 0.698902 0.193972
vt 0.697571 0.204902
vt 0.696251 0.215833
vt 0.678499 0.171659
vt 0.679847 0.160724
vt 0.687512 0.160866
vt 0.686168 0.171801
vt 0.681195 0.149790
vt 0.688857 0.149932
vt 0.695197 0.161017
vt 0.693856 0.171950
vt 0.696537 0.150085
vt 0.670839 0.171521
vt 0.672192 0.160586
vt 0.673544 0.149652
vt 0.674896 0.138718
vt 0.682544 0.138855
vt 0.690201 0.138998
vt 0.697877 0.139152
vt 0.705583 0.139321
vt 0.704246 0.150251
vt 0.702910 0.161181
vt 0.701574 0.172111
vt 0.683892 0.127921
vt 0.685240 0.116987
vt 0.692890 0.117130
vt 0.691545 0.128064
vt 0.686589 0.106052
vt 0.694234 0.106196
vt 0.700558 0.117286
vt 0.699218 0.128219
vt 0.701899 0.106353
vt 0.676248 0.127783
vt 0.677600 0.116849
vt 0.678953 0.105914
vt 0.680305 0.094980
vt 0.687937 0.095118
vt 0.695578 0.095262
vt 0.703239 0.095421
vt 0.710928 0.095599
vt 0.709592 0.106530
vt 0.708255 0.117460
vt 0.706919 0.128390
vt 0.689285 0.084183
vt 0.690633 0.073249
vt 0.698266 0.073394
vt 0.696923 0.084328
vt 0.691980 0.062314
vt 0.699609 0.062460
vt 0.705919 0.073555
vt 0.704579 0.084488
vt 0.707257 0.062622
vt 0.681657 0.084045
vt 0.683009 0.073111
vt 0.684361 0.062176
vt 0.685713 0.051242
vt 0.693324 0.051380
vt 0.700949 0.051526
vt 0.708594 0.051689
vt 0.716267 0.051878
vt 0.714935 0.062808
vt 0.713600 0.073739
vt 0.712264 0.084669
vt 0.694664 0.040444
vt 0.696001 0.029509
vt 0.703619 0.029654
vt 0.702286 0.040591
vt 0.697337 0.018573
vt 0.704948 0.018715
vt 0.711254 0.029816
vt 0.709927 0.040755
vt 0.712571 0.018868
vt 0.687052 0.040307
vt 0.688391 0.029371
vt 0.689730 0.018436
vt 0.691068 0.007500
vt 0.698672 0.007637
vt 0.706276 0.007773
vt 0.713879 0.007910
vt 0.721483 0.008046
vt 0.720225 0.019053
vt 0.718919 0.030007
vt 0.717597 0.040946
vt 0.700409 0.259531
vt 0.700612 0.248723
vt 0.708366 0.248897
vt 0.708053 0.259756
vt 0.701491 0.237840
vt 0.709285 0.237999
vt 0.716129 0.249073
vt 0.715702 0.259983
vt 0.717092 0.238160
vt 0.701211 0.270225
vt 0.702719 0.226919
vt 0.710517 0.227080
vt 0.718332 0.227245
vt 0.726155 0.227411
vt 0.724906 0.238323
vt 0.723897 0.249250
vt 0.723355 0.260210
vt 0.716073 0.270885
vt 0.723507 0.271216
vt 0.708640 0.270555
vt 0.704020 0.215992
vt 0.705336 0.205066
vt 0.713130 0.205237
vt 0.711817 0.216159
vt 0.706663 0.194140
vt 0.714452 0.194316
vt 0.720942 0.205414
vt 0.719631 0.216329
vt 0.722261 0.194499
vt 0.707994 0.183213
vt 0.715780 0.183395
vt 0.723585 0.183584
vt 0.731399 0.183777
vt 0.730080 0.194685
vt 0.728764 0.205594
vt 0.727455 0.216502
vt 0.709326 0.172287
vt 0.710659 0.161361
vt 0.718436 0.161553
vt 0.717108 0.172474
vt 0.711991 0.150434
vt 0.719764 0.150632
vt 0.726232 0.161754
vt 0.724909 0.172669
vt 0.727556 0.150839
vt 0.713323 0.139508
vt 0.721092 0.139711
vt 0.728880 0.139925
vt 0.736678 0.140143
vt 0.735358 0.151051
vt 0.734039 0.161960
vt 0.732719 0.172868
vt 0.714655 0.128582
vt 0.715988 0.117656
vt 0.723748 0.117869
vt 0.722420 0.128790
vt 0.717320 0.106729
vt 0.725077 0.106948
vt 0.731528 0.118095
vt 0.730204 0.129010
vt 0.732852 0.107180
vt 0.718652 0.095803
vt 0.726405 0.096027
vt 0.734176 0.096265
vt 0.741957 0.096509
vt 0.740638 0.107418
vt 0.739318 0.118326
vt 0.737998 0.129235
vt 0.719984 0.084877
vt 0.721316 0.073950
vt 0.729060 0.074185
vt 0.727733 0.085106
vt 0.722647 0.063024
vt 0.730387 0.063264
vt 0.736824 0.074435
vt 0.735500 0.085350
vt 0.738147 0.063520
vt 0.723976 0.052098
vt 0.731713 0.052343
vt 0.739468 0.052605
vt 0.747233 0.052875
vt 0.745915 0.063784
vt 0.744597 0.074692
vt 0.743277 0.085601
vt 0.725302 0.041170
vt 0.726623 0.030238
vt 0.734357 0.030498
vt 0.733036 0.041421
vt 0.727934 0.019296
vt 0.735675 0.019571
vt 0.742108 0.030774
vt 0.740789 0.041689
vt 0.743426 0.019858
vt 0.729236 0.008345
vt 0.736990 0.008643
vt 0.744744 0.008942
vt 0.752497 0.009240
vt 0.751182 0.020149
vt 0.749867 0.031058
vt 0.748550 0.041967
vt 0.731021 0.260433
vt 0.731677 0.249426
vt 0.739531 0.249590
vt 0.738770 0.260636
vt 0.732731 0.238485
vt 0.740623 0.238639
vt 0.747531 0.249731
vt 0.746684 0.260796
vt 0.748648 0.238778
vt 0.730957 0.271540
vt 0.733989 0.227577
vt 0.741885 0.227736
vt 0.749902 0.227881
vt 0.758101 0.228006
vt 0.756871 0.238895
vt 0.755749 0.249838
vt 0.754844 0.260893
vt 0.746239 0.272029
vt 0.754263 0.272113
vt 0.738503 0.271825
vt 0.735289 0.216675
vt 0.736596 0.205773
vt 0.744479 0.205945
vt 0.743179 0.216841
vt 0.737908 0.194871
vt 0.745782 0.195050
vt 0.752465 0.206106
vt 0.751182 0.216993
vt 0.753750 0.195218
vt 0.739222 0.183969
vt 0.747088 0.184156
vt 0.755036 0.184331
vt 0.763111 0.184489
vt 0.761857 0.195368
vt 0.760604 0.206248
vt 0.759352 0.217127
vt 0.740537 0.173067
vt 0.741852 0.162165
vt 0.749698 0.162366
vt 0.748393 0.173261
vt 0.743167 0.151263
vt 0.751003 0.151471
vt 0.757609 0.162556
vt 0.756323 0.173443
vt 0.758896 0.151668
vt 0.744482 0.140362
vt 0.752308 0.140576
vt 0.760182 0.140781
vt 0.768127 0.140972
vt 0.766873 0.151851
vt 0.765619 0.162731
vt 0.764365 0.173610
vt 0.745796 0.129460
vt 0.747111 0.118558
vt 0.754919 0.118786
vt 0.753614 0.129681
vt 0.748426 0.107656
vt 0.756224 0.107891
vt 0.762755 0.119006
vt 0.761469 0.129893
vt 0.764042 0.108118
vt 0.749741 0.096754
vt 0.757529 0.096996
vt 0.765328 0.097231
vt 0.773142 0.097455
vt 0.771888 0.108334
vt 0.770634 0.119214
vt 0.769380 0.130093
vt 0.751056 0.085852
vt 0.752370 0.074951
vt 0.760140 0.075206
vt 0.758835 0.086101
vt 0.753684 0.064049
vt 0.761445 0.064311
vt 0.767901 0.075456
vt 0.766615 0.086343
vt 0.769187 0.064568
vt 0.754998 0.053147
vt 0.762749 0.053416
vt 0.770473 0.053681
vt 0.778157 0.053938
vt 0.776903 0.064817
vt 0.775650 0.075697
vt 0.774396 0.086576
vt 0.756311 0.042245
vt 0.757624 0.031343
vt 0.765363 0.031626
vt 0.764054 0.042521
vt 0.758937 0.020441
vt 0.766681 0.020732
vt 0.773065 0.031906
vt 0.771761 0.042793
vt 0.774397 0.021020
vt 0.760251 0.009539
vt 0.768005 0.009837
vt 0.775759 0.010136
vt 0.783512 0.010434
vt 0.782020 0.021304
vt 0.780692 0.032181
vt 0.779414 0.043059
vt 0.907217 0.021749
vt 0.914997 0.021554
vt 0.914954 0.032455
vt 0.907193 0.032633
vt 0.922811 0.021359
vt 0.922761 0.032277
vt 0.914902 0.043356
vt 0.907137 0.043518
vt 0.922710 0.043195
vt 0.899379 0.011079
vt 0.907206 0.010867
vt 0.899543 0.021943
vt 0.915033 0.010654
vt 0.922860 0.010441
vt 0.930686 0.010229
vt 0.930637 0.021164
vt 0.930589 0.032100
vt 0.930540 0.043036
vt 0.930491 0.053971
vt 0.922658 0.054113
vt 0.914843 0.054257
vt 0.907063 0.054403
vt 0.899440 0.043682
vt 0.899336 0.054553
vt 0.899520 0.032811
vt 0.938465 0.020971
vt 0.946288 0.020783
vt 0.946238 0.031759
vt 0.938418 0.031924
vt 0.954096 0.020609
vt 0.954038 0.031615
vt 0.946192 0.042731
vt 0.938371 0.042878
vt 0.953991 0.042608
vt 0.938513 0.010016
vt 0.946340 0.009804
vt 0.954166 0.009592
vt 0.961993 0.009379
vt 0.961865 0.020479
vt 0.961801 0.031510
vt 0.961756 0.042520
vt 0.961720 0.053522
vt 0.953949 0.053595
vt 0.946147 0.053702
vt 0.938324 0.053831
vt 0.969560 0.020425
vt 0.977215 0.020413
vt 0.977191 0.031442
vt 0.969514 0.031456
vt 0.984856 0.020416
vt 0.984848 0.031449
vt 0.977170 0.042467
vt 0.969480 0.042476
vt 0.984839 0.042481
vt 0.969617 0.009381
vt 0.977241 0.009382
vt 0.984865 0.009383
vt 0.992489 0.009385
vt 0.992492 0.020425
vt 0.992495 0.031466
vt 0.992497 0.042506
vt 0.992500 0.053547
vt 0.984830 0.053513
vt 0.977151 0.053490
vt 0.969451 0.053489
vt 0.906986 0.065288
vt 0.914783 0.065158
vt 0.914723 0.076059
vt 0.906910 0.076173
vt 0.922606 0.065031
vt 0.922554 0.075949
vt 0.914664 0.086960
vt 0.906833 0.087059
vt 0.922501 0.086868
vt 0.899228 0.065424
vt 0.930441 0.064907
vt 0.930392 0.075842
vt 0.930342 0.086778
vt 0.930292 0.097713
vt 0.922449 0.097786
vt 0.914604 0.097861
vt 0.906756 0.097944
vt 0.899012 0.087166
vt 0.898904 0.098037
vt 0.899120 0.076295
vt 0.938277 0.064784
vt 0.946103 0.064672
vt 0.946058 0.075642
vt 0.938230 0.075737
vt 0.953909 0.064581
vt 0.953868 0.075567
vt 0.946013 0.086612
vt 0.938182 0.086690
vt 0.953826 0.086552
vt 0.961684 0.064521
vt 0.961648 0.075521
vt 0.961612 0.086521
vt 0.961576 0.097521
vt 0.953785 0.097538
vt 0.945968 0.097582
vt 0.938135 0.097643
vt 0.969423 0.064501
vt 0.977132 0.064512
vt 0.977112 0.075535
vt 0.969395 0.075513
vt 0.984821 0.064545
vt 0.984811 0.075576
vt 0.977092 0.086557
vt 0.969366 0.086525
vt 0.984801 0.086608
vt 0.992500 0.064587
vt 0.992500 0.075628
vt 0.992500 0.086669
vt 0.992500 0.097709
vt 0.984790 0.097640
vt 0.977072 0.097580
vt 0.969337 0.097537
vt 0.906679 0.108829
vt 0.914544 0.108763
vt 0.914484 0.119664
vt 0.906602 0.119714
vt 0.922396 0.108704
vt 0.922344 0.119622
vt 0.914424 0.130565
vt 0.906525 0.130600
vt 0.922291 0.130540
vt 0.898796 0.108908
vt 0.930243 0.108649
vt 0.930193 0.119584
vt 0.930143 0.130520
vt 0.930094 0.141455
vt 0.922239 0.141458
vt 0.914364 0.141466
vt 0.906448 0.141485
vt 0.898580 0.130650
vt 0.898471 0.141521
vt 0.898688 0.119779
vt 0.938087 0.108596
vt 0.945923 0.108552
vt 0.945878 0.119522
vt 0.938039 0.119549
vt 0.953744 0.108524
vt 0.953702 0.119510
vt 0.945833 0.130492
vt 0.937992 0.130502
vt 0.953661 0.130496
vt 0.961540 0.108521
vt 0.961504 0.119521
vt 0.961468 0.130521
vt 0.961432 0.141521
vt 0.953620 0.141481
vt 0.945788 0.141462
vt 0.937944 0.141455
vt 0.969308 0.108549
vt 0.977052 0.108602
vt 0.977032 0.119625
vt 0.969279 0.119561
vt 0.984780 0.108672
vt 0.984770 0.119704
vt 0.977012 0.130647
vt 0.969250 0.130573
vt 0.984759 0.130736
vt 0.992500 0.108750
vt 0.992500 0.119790
vt 0.992500 0.130831
vt 0.992500 0.141872
vt 0.984749 0.141767
vt 0.976991 0.141670
vt 0.969221 0.141585
vt 0.906371 0.152370
vt 0.914304 0.152367
vt 0.914244 0.163268
vt 0.906294 0.163256
vt 0.922187 0.152376
vt 0.922134 0.163294
vt 0.914184 0.174169
vt 0.906217 0.174141
vt 0.922082 0.174212
vt 0.898363 0.152392
vt 0.930044 0.152391
vt 0.929995 0.163327
vt 0.929945 0.174262
vt 0.929895 0.185198
vt 0.922029 0.185130
vt 0.914124 0.185070
vt 0.906140 0.185026
vt 0.898147 0.174134
vt 0.898039 0.185005
vt 0.898255 0.163263
vt 0.937897 0.152408
vt 0.945743 0.152432
vt 0.945698 0.163401
vt 0.937849 0.163361
vt 0.953578 0.152467
vt 0.953537 0.163453
vt 0.945653 0.174371
vt 0.937802 0.174314
vt 0.953496 0.174439
vt 0.961396 0.152521
vt 0.961360 0.163521
vt 0.961324 0.174521
vt 0.961288 0.185521
vt 0.953454 0.185424
vt 0.945608 0.185341
vt 0.937754 0.185267
vt 0.969192 0.152597
vt 0.976971 0.152692
vt 0.976951 0.163715
vt 0.969163 0.163609
vt 0.984738 0.152799
vt 0.984728 0.163831
vt 0.976931 0.174737
vt 0.969135 0.174622
vt 0.984718 0.174863
vt 0.992500 0.152912
vt 0.992500 0.163953
vt 0.992500 0.174993
vt 0.992500 0.186034
vt 0.984708 0.185895
vt 0.976911 0.185760
vt 0.969106 0.185634
vt 0.906063 0.195911
vt 0.914064 0.195971
vt 0.914004 0.206872
vt 0.905987 0.206797
vt 0.921977 0.196048
vt 0.921924 0.206966
vt 0.913944 0.217774
vt 0.905910 0.217682
vt 0.921872 0.217884
vt 0.897931 0.195876
vt 0.929846 0.196133
vt 0.929796 0.207069
vt 0.929746 0.218004
vt 0.929697 0.228940
vt 0.921820 0.228802
vt 0.913884 0.228675
vt 0.905833 0.228567
vt 0.897714 0.217618
vt 0.897606 0.228489
vt 0.897822 0.206747
vt 0.937706 0.196220
vt 0.945563 0.196311
vt 0.945518 0.207281
vt 0.937659 0.207173
vt 0.953413 0.196410
vt 0.953372 0.207396
vt 0.945473 0.218251
vt 0.937611 0.218126
vt 0.953330 0.218382
vt 0.961252 0.196521
vt 0.961216 0.207521
vt 0.961179 0.218521
vt 0.961143 0.229521
vt 0.953289 0.229368
vt 0.945428 0.229221
vt 0.937564 0.229079
vt 0.969077 0.196646
vt 0.976891 0.196782
vt 0.976870 0.207805
vt 0.969048 0.207658
vt 0.984697 0.196926
vt 0.984687 0.207958
vt 0.976850 0.218827
vt 0.969019 0.218670
vt 0.984676 0.218990
vt 0.992500 0.197075
vt 0.992500 0.208115
vt 0.992500 0.219156
vt 0.992500 0.230196
vt 0.984666 0.230022
vt 0.976830 0.229850
vt 0.968990 0.229682
vt 0.905750 0.239462
vt 0.913814 0.239584
vt 0.913679 0.250542
vt 0.905635 0.250418
vt 0.921751 0.239726
vt 0.921585 0.250680
vt 0.913417 0.261596
vt 0.905454 0.261493
vt 0.921224 0.261696
vt 0.897497 0.239371
vt 0.929625 0.239877
vt 0.929421 0.250826
vt 0.928953 0.261797
vt 0.928089 0.272802
vt 0.920572 0.272806
vt 0.912964 0.272797
vt 0.905173 0.272748
vt 0.897255 0.261380
vt 0.897109 0.272633
vt 0.897382 0.250314
vt 0.937488 0.240031
vt 0.945350 0.240187
vt 0.945069 0.251127
vt 0.937246 0.250975
vt 0.953208 0.240346
vt 0.952890 0.251282
vt 0.944384 0.262015
vt 0.936669 0.261903
vt 0.952098 0.262130
vt 0.961062 0.240511
vt 0.960708 0.251440
vt 0.959809 0.262249
vt 0.958094 0.272878
vt 0.950594 0.272849
vt 0.943093 0.272824
vt 0.935591 0.272808
vt 0.968911 0.240681
vt 0.976764 0.240860
vt 0.976424 0.251798
vt 0.968533 0.251607
vt 0.984629 0.241046
vt 0.984428 0.252027
vt 0.975490 0.262577
vt 0.967552 0.262382
vt 0.983804 0.262889
vt 0.992500 0.241237
vt 0.992500 0.252278
vt 0.992500 0.263318
vt 0.992500 0.274359
vt 0.981921 0.273383
vt 0.973458 0.273054
vt 0.965638 0.272923
vt 0.906018 0.454987
vt 0.905626 0.441883
vt 0.912526 0.441590
vt 0.913102 0.454105
vt 0.905231 0.429348
vt 0.911962 0.429245
vt 0.919361 0.440335
vt 0.920159 0.452550
vt 0.918587 0.428136
vt 0.899116 0.470617
vt 0.898916 0.453913
vt 0.906400 0.468669
vt 0.898639 0.440413
vt 0.898342 0.427889
vt 0.898044 0.415780
vt 0.904844 0.417110
vt 0.911421 0.417001
vt 0.917850 0.415944
vt 0.924205 0.414429
vt 0.925160 0.426541
vt 0.926163 0.438642
vt 0.927200 0.450737
vt 0.920969 0.464775
vt 0.928253 0.462828
vt 0.913685 0.466722
vt 0.934238 0.448887
vt 0.932960 0.436890
vt 0.939757 0.435150
vt 0.941277 0.447044
vt 0.931723 0.424884
vt 0.938287 0.423245
vt 0.946554 0.433418
vt 0.948316 0.445205
vt 0.944851 0.421619
vt 0.935537 0.460881
vt 0.930547 0.412865
vt 0.936890 0.411325
vt 0.943233 0.409801
vt 0.949575 0.408286
vt 0.951414 0.419999
vt 0.953351 0.431691
vt 0.955354 0.443368
vt 0.950106 0.456986
vt 0.957390 0.455039
vt 0.942821 0.458933
vt 0.962393 0.441532
vt 0.960147 0.429964
vt 0.966935 0.428239
vt 0.969430 0.439695
vt 0.957974 0.418381
vt 0.964510 0.416768
vt 0.973708 0.426517
vt 0.976465 0.437859
vt 0.971002 0.415164
vt 0.964674 0.453092
vt 0.955913 0.406773
vt 0.962217 0.405267
vt 0.968445 0.403778
vt 0.974422 0.402345
vt 0.977448 0.413571
vt 0.980474 0.424797
vt 0.983500 0.436023
vt 0.979242 0.449197
vt 0.986526 0.447249
vt 0.971958 0.451144
vt 0.904477 0.404918
vt 0.904143 0.392722
vt 0.910462 0.392527
vt 0.910916 0.404767
vt 0.903850 0.380523
vt 0.910076 0.380281
vt 0.916553 0.391535
vt 0.917165 0.403744
vt 0.916041 0.379317
vt 0.897755 0.403740
vt 0.897482 0.391697
vt 0.897232 0.379653
vt 0.897008 0.367607
vt 0.903610 0.368320
vt 0.909776 0.368030
vt 0.915652 0.367091
vt 0.921384 0.365860
vt 0.921875 0.378020
vt 0.922531 0.390169
vt 0.923319 0.402305
vt 0.929457 0.400830
vt 0.928490 0.388778
vt 0.934449 0.387424
vt 0.935596 0.399385
vt 0.927688 0.376712
vt 0.933500 0.375445
vt 0.940409 0.386095
vt 0.941734 0.397960
vt 0.939314 0.374206
vt 0.927091 0.364630
vt 0.932799 0.363447
vt 0.938507 0.362294
vt 0.944215 0.361158
vt 0.945127 0.372981
vt 0.946368 0.384777
vt 0.947873 0.396545
vt 0.954008 0.395133
vt 0.952322 0.383462
vt 0.958243 0.382151
vt 0.960115 0.393727
vt 0.950928 0.371760
vt 0.956657 0.370544
vt 0.964110 0.380846
vt 0.966173 0.392331
vt 0.962249 0.369338
vt 0.949906 0.360025
vt 0.955499 0.358900
vt 0.960860 0.357793
vt 0.965464 0.356743
vt 0.967703 0.368144
vt 0.969943 0.379544
vt 0.972182 0.390945
vt 0.903436 0.356119
vt 0.903353 0.343938
vt 0.909540 0.343563
vt 0.909584 0.355780
vt 0.903387 0.331801
vt 0.909687 0.331418
vt 0.915400 0.342690
vt 0.915420 0.354867
vt 0.915659 0.330612
vt 0.896819 0.355561
vt 0.896677 0.343527
vt 0.896594 0.331515
vt 0.896585 0.319539
vt 0.903566 0.319732
vt 0.910072 0.319380
vt 0.916260 0.318688
vt 0.922291 0.317858
vt 0.921467 0.329631
vt 0.921098 0.341602
vt 0.921099 0.353702
vt 0.926753 0.352548
vt 0.926769 0.340537
vt 0.932441 0.339526
vt 0.932407 0.351446
vt 0.927247 0.328679
vt 0.933028 0.327782
vt 0.938112 0.338551
vt 0.938061 0.350379
vt 0.938810 0.326921
vt 0.928295 0.317060
vt 0.934299 0.316313
vt 0.940304 0.315599
vt 0.946308 0.314903
vt 0.944591 0.326078
vt 0.943784 0.337594
vt 0.943716 0.349328
vt 0.949357 0.348281
vt 0.949440 0.336636
vt 0.955004 0.335653
vt 0.954918 0.347235
vt 0.950339 0.325225
vt 0.955890 0.324295
vt 0.960414 0.334628
vt 0.960331 0.346195
vt 0.961067 0.323220
vt 0.952268 0.314191
vt 0.957957 0.313372
vt 0.963015 0.312304
vt 0.966000 0.310415
vt 0.965866 0.321997
vt 0.965732 0.333579
vt 0.965598 0.345161
vt 0.903900 0.307756
vt 0.904330 0.295909
vt 0.911492 0.295748
vt 0.910708 0.307485
vt 0.904779 0.284227
vt 0.912288 0.284181
vt 0.918398 0.295415
vt 0.917225 0.306958
vt 0.919580 0.284038
vt 0.896655 0.307616
vt 0.896785 0.295791
vt 0.896945 0.284113
vt 0.926764 0.283860
vt 0.925177 0.295018
vt 0.923597 0.306332
vt 0.929945 0.305735
vt 0.931935 0.294643
vt 0.938693 0.294300
vt 0.936293 0.305180
vt 0.933929 0.283697
vt 0.941094 0.283555
vt 0.945451 0.293979
vt 0.942641 0.304653
vt 0.948260 0.283426
vt 0.955424 0.283305
vt 0.952208 0.293668
vt 0.948989 0.304141
vt 0.955306 0.303619
vt 0.958966 0.293358
vt 0.965726 0.293042
vt 0.961438 0.303023
vt 0.962620 0.283195
vt 0.970006 0.283143
vt 0.972487 0.292717
vt 0.967214 0.302285
vt 0.977754 0.283201
vt 0.985875 0.283373
vt 0.979250 0.292387
vt 0.972625 0.301401
vt 0.673797 0.279060
vt 0.681612 0.279381
vt 0.685870 0.289227
vt 0.679127 0.288503
vt 0.688977 0.279811
vt 0.692580 0.289940
vt 0.690331 0.299160
vt 0.684596 0.298003
vt 0.696402 0.300170
vt 0.665517 0.278852
vt 0.696106 0.280299
vt 0.699269 0.290646
vt 0.702650 0.301103
vt 0.705619 0.311838
vt 0.699733 0.310708
vt 0.694107 0.309467
vt 0.689086 0.307966
vt 0.679211 0.296694
vt 0.686057 0.305615
vt 0.672364 0.287773
vt 0.691424 0.318853
vt 0.696539 0.320353
vt 0.697831 0.331679
vt 0.692512 0.330245
vt 0.702015 0.321701
vt 0.703301 0.333068
vt 0.698339 0.343237
vt 0.693043 0.341802
vt 0.703787 0.344672
vt 0.686671 0.317200
vt 0.707681 0.322970
vt 0.708860 0.334431
vt 0.709317 0.346106
vt 0.709208 0.357880
vt 0.703642 0.356384
vt 0.698179 0.354891
vt 0.692953 0.353407
vt 0.687897 0.340369
vt 0.688510 0.351953
vt 0.687284 0.328784
vt 0.691978 0.364990
vt 0.697425 0.366541
vt 0.696223 0.378168
vt 0.690513 0.376550
vt 0.703012 0.368098
vt 0.701992 0.379790
vt 0.694716 0.389770
vt 0.688831 0.388092
vt 0.700660 0.391457
vt 0.686674 0.363444
vt 0.708674 0.369658
vt 0.707796 0.381416
vt 0.706635 0.393151
vt 0.705255 0.404859
vt 0.699083 0.403095
vt 0.692951 0.401337
vt 0.686909 0.399598
vt 0.683003 0.386426
vt 0.681167 0.397916
vt 0.684839 0.374935
vt 0.684650 0.411040
vt 0.690960 0.412865
vt 0.688813 0.424362
vt 0.682211 0.422448
vt 0.697323 0.414699
vt 0.695430 0.426278
vt 0.686581 0.435842
vt 0.679713 0.433844
vt 0.693451 0.437841
vt 0.678393 0.409226
vt 0.703715 0.416539
vt 0.702058 0.428197
vt 0.700322 0.439840
vt 0.698547 0.451475
vt 0.691428 0.449395
vt 0.684310 0.447315
vt 0.677191 0.445236
vt 0.672846 0.431846
vt 0.670072 0.443156
vt 0.675620 0.420536
vt 0.703198 0.280796
vt 0.710291 0.281294
vt 0.712644 0.292056
vt 0.705956 0.291351
vt 0.717387 0.281792
vt 0.719332 0.292761
vt 0.715204 0.302944
vt 0.708927 0.302024
vt 0.721481 0.303864
vt 0.724483 0.282290
vt 0.726020 0.293466
vt 0.727758 0.304785
vt 0.729336 0.316286
vt 0.723407 0.315174
vt 0.717478 0.314062
vt 0.711548 0.312950
vt 0.713378 0.324226
vt 0.719075 0.325481
vt 0.720011 0.337147
vt 0.714436 0.335789
vt 0.724772 0.326737
vt 0.725586 0.338506
vt 0.720404 0.348974
vt 0.714861 0.347540
vt 0.725947 0.350408
vt 0.730469 0.327992
vt 0.731161 0.339864
vt 0.731491 0.351842
vt 0.731538 0.363870
vt 0.725955 0.362373
vt 0.720373 0.360875
vt 0.714790 0.359378
vt 0.714349 0.371218
vt 0.720024 0.372779
vt 0.719416 0.384667
vt 0.713606 0.383041
vt 0.725698 0.374339
vt 0.725226 0.386293
vt 0.718596 0.396539
vt 0.712616 0.394845
vt 0.724576 0.398233
vt 0.731373 0.375899
vt 0.731035 0.387919
vt 0.730557 0.399927
vt 0.729969 0.411923
vt 0.723790 0.410157
vt 0.717612 0.408391
vt 0.711434 0.406625
vt 0.710111 0.418380
vt 0.716508 0.420221
vt 0.715315 0.432035
vt 0.708686 0.430116
vt 0.722904 0.422062
vt 0.721944 0.433954
vt 0.714064 0.443837
vt 0.707193 0.441839
vt 0.720936 0.445836
vt 0.729300 0.423903
vt 0.728573 0.435873
vt 0.727807 0.447835
vt 0.727022 0.459794
vt 0.719903 0.457714
vt 0.712784 0.455634
vt 0.705666 0.453555
vt 0.731597 0.282776
vt 0.738826 0.283193
vt 0.739573 0.294733
vt 0.732730 0.294153
vt 0.746279 0.283470
vt 0.746680 0.295096
vt 0.740512 0.306425
vt 0.734060 0.305680
vt 0.747266 0.306870
vt 0.754073 0.283537
vt 0.754185 0.295136
vt 0.754471 0.306864
vt 0.754804 0.318675
vt 0.747863 0.318753
vt 0.741414 0.318252
vt 0.735293 0.317365
vt 0.736194 0.329209
vt 0.742091 0.330193
vt 0.742539 0.342219
vt 0.736764 0.341177
vt 0.748328 0.330711
vt 0.748654 0.342721
vt 0.742798 0.354302
vt 0.737062 0.353225
vt 0.748865 0.354766
vt 0.755078 0.330530
vt 0.755283 0.342411
vt 0.755429 0.354311
vt 0.755529 0.366218
vt 0.748986 0.366826
vt 0.742911 0.366410
vt 0.737146 0.365311
vt 0.737071 0.377397
vt 0.742913 0.378518
vt 0.742825 0.390622
vt 0.736866 0.389476
vt 0.749039 0.378887
vt 0.749037 0.390945
vt 0.742663 0.402720
vt 0.736555 0.401547
vt 0.748990 0.402999
vt 0.755594 0.378126
vt 0.755631 0.390033
vt 0.755643 0.401937
vt 0.755638 0.413839
vt 0.748907 0.415049
vt 0.742445 0.414811
vt 0.736162 0.413608
vt 0.735708 0.425660
vt 0.742184 0.426912
vt 0.741893 0.439111
vt 0.735210 0.437717
vt 0.748798 0.427144
vt 0.748670 0.439536
vt 0.741581 0.451481
vt 0.734682 0.449790
vt 0.748528 0.452496
vt 0.755619 0.425809
vt 0.755589 0.438194
vt 0.755549 0.451553
vt 0.755496 0.468112
vt 0.748377 0.466033
vt 0.741259 0.463953
vt 0.734140 0.461873
vt 0.888768 0.261257
vt 0.880041 0.261131
vt 0.880157 0.250178
vt 0.888874 0.250235
vt 0.871148 0.261012
vt 0.871298 0.250138
vt 0.880338 0.239291
vt 0.889013 0.239316
vt 0.871537 0.239287
vt 0.888709 0.272435
vt 0.880024 0.272184
vt 0.871134 0.271920
vt 0.862118 0.271684
vt 0.862163 0.260912
vt 0.862365 0.250112
vt 0.862672 0.239293
vt 0.863032 0.228465
vt 0.871821 0.228446
vt 0.880552 0.228437
vt 0.889167 0.228448
vt 0.889323 0.217589
vt 0.880772 0.217589
vt 0.880991 0.206740
vt 0.889480 0.206731
vt 0.872113 0.217607
vt 0.872405 0.206768
vt 0.881211 0.195892
vt 0.889637 0.195872
vt 0.872697 0.195929
vt 0.863401 0.217635
vt 0.863770 0.206805
vt 0.864139 0.195975
vt 0.864507 0.185145
vt 0.872988 0.185090
vt 0.881430 0.185044
vt 0.889793 0.185013
vt 0.889950 0.174154
vt 0.881650 0.174196
vt 0.881869 0.163347
vt 0.890107 0.163295
vt 0.873280 0.174252
vt 0.873572 0.163413
vt 0.882089 0.152499
vt 0.890263 0.152436
vt 0.873864 0.152574
vt 0.864876 0.174315
vt 0.865245 0.163485
vt 0.865614 0.152655
vt 0.865982 0.141825
vt 0.874155 0.141735
vt 0.882308 0.141651
vt 0.890420 0.141577
vt 0.890577 0.130718
vt 0.882528 0.130802
vt 0.882747 0.119954
vt 0.890734 0.119860
vt 0.874447 0.130896
vt 0.874739 0.120057
vt 0.882966 0.109106
vt 0.890890 0.109001
vt 0.875031 0.109218
vt 0.866351 0.130995
vt 0.866720 0.120165
vt 0.867088 0.109335
vt 0.867457 0.098505
vt 0.875322 0.098379
vt 0.883186 0.098257
vt 0.891047 0.098142
vt 0.891204 0.087283
vt 0.883405 0.087409
vt 0.883625 0.076561
vt 0.891360 0.076424
vt 0.875614 0.087541
vt 0.875906 0.076702
vt 0.883844 0.065712
vt 0.891517 0.065565
vt 0.876198 0.065863
vt 0.867826 0.087675
vt 0.868195 0.076845
vt 0.868563 0.066015
vt 0.868932 0.055185
vt 0.876489 0.055024
vt 0.884064 0.054864
vt 0.891674 0.054706
vt 0.891828 0.043848
vt 0.884282 0.044016
vt 0.884495 0.033168
vt 0.891964 0.032989
vt 0.876781 0.044185
vt 0.877072 0.033346
vt 0.884697 0.022320
vt 0.892067 0.022132
vt 0.877361 0.022507
vt 0.869301 0.044355
vt 0.869670 0.033525
vt 0.870038 0.022695
vt 0.870407 0.011865
vt 0.877650 0.011669
vt 0.884893 0.011472
vt 0.892136 0.011276
vt 0.853147 0.260838
vt 0.844117 0.260787
vt 0.844462 0.250081
vt 0.853415 0.250094
vt 0.835076 0.260753
vt 0.835505 0.250069
vt 0.844920 0.239307
vt 0.853797 0.239302
vt 0.836043 0.239306
vt 0.853047 0.271508
vt 0.843941 0.271390
vt 0.834812 0.271317
vt 0.825671 0.271279
vt 0.826031 0.260729
vt 0.826547 0.250054
vt 0.827167 0.239295
vt 0.827838 0.228494
vt 0.836636 0.228504
vt 0.845435 0.228499
vt 0.854234 0.228484
vt 0.854680 0.217663
vt 0.845959 0.217685
vt 0.846484 0.206871
vt 0.855127 0.206842
vt 0.837238 0.217695
vt 0.837841 0.206886
vt 0.847008 0.196057
vt 0.855573 0.196020
vt 0.838443 0.196077
vt 0.828518 0.217686
vt 0.829198 0.206878
vt 0.829878 0.196071
vt 0.830558 0.185263
vt 0.839045 0.185268
vt 0.847532 0.185243
vt 0.856020 0.185199
vt 0.856466 0.174378
vt 0.848057 0.174429
vt 0.848581 0.163615
vt 0.856913 0.163556
vt 0.839647 0.174459
vt 0.840249 0.163650
vt 0.849105 0.152801
vt 0.857359 0.152735
vt 0.840851 0.152840
vt 0.831238 0.174455
vt 0.831918 0.163647
vt 0.832598 0.152839
vt 0.833277 0.142031
vt 0.841453 0.142031
vt 0.849630 0.141987
vt 0.857806 0.141913
vt 0.858252 0.131092
vt 0.850154 0.131173
vt 0.850678 0.120359
vt 0.858699 0.120271
vt 0.842056 0.131222
vt 0.842658 0.120413
vt 0.851202 0.109545
vt 0.859145 0.109449
vt 0.843260 0.109604
vt 0.833957 0.131224
vt 0.834637 0.120416
vt 0.835317 0.109608
vt 0.835997 0.098800
vt 0.843862 0.098795
vt 0.851727 0.098731
vt 0.859592 0.098628
vt 0.860038 0.087807
vt 0.852251 0.087917
vt 0.852775 0.077103
vt 0.860485 0.076985
vt 0.844464 0.087986
vt 0.845066 0.077177
vt 0.853300 0.066289
vt 0.860932 0.066164
vt 0.845668 0.066368
vt 0.836677 0.087992
vt 0.837357 0.077184
vt 0.838037 0.066377
vt 0.838717 0.055569
vt 0.846270 0.055559
vt 0.853824 0.055475
vt 0.861378 0.055343
vt 0.861825 0.044521
vt 0.854348 0.044662
vt 0.854873 0.033854
vt 0.862271 0.033701
vt 0.846872 0.044752
vt 0.847474 0.033960
vt 0.855397 0.023054
vt 0.862718 0.022881
vt 0.848076 0.023194
vt 0.839397 0.044764
vt 0.840077 0.033979
vt 0.840756 0.023240
vt 0.841435 0.012653
vt 0.848678 0.012456
vt 0.855921 0.012259
vt 0.863164 0.012062
vt 0.816986 0.260713
vt 0.807945 0.260707
vt 0.808632 0.250009
vt 0.817589 0.250033
vt 0.798914 0.260719
vt 0.799679 0.249986
vt 0.809413 0.239235
vt 0.818290 0.239270
vt 0.800537 0.239193
vt 0.816529 0.271267
vt 0.807398 0.271291
vt 0.798290 0.271363
vt 0.789215 0.271494
vt 0.789897 0.260755
vt 0.790729 0.249968
vt 0.791662 0.239148
vt 0.792645 0.228313
vt 0.801443 0.228371
vt 0.810241 0.228423
vt 0.819040 0.228466
vt 0.819797 0.217655
vt 0.811077 0.217605
vt 0.811913 0.206787
vt 0.820555 0.206844
vt 0.802357 0.217543
vt 0.803270 0.206715
vt 0.812748 0.195969
vt 0.821313 0.196033
vt 0.804184 0.195888
vt 0.793636 0.217475
vt 0.794628 0.206636
vt 0.795619 0.195798
vt 0.796611 0.184960
vt 0.805097 0.185060
vt 0.813584 0.185151
vt 0.822071 0.185222
vt 0.822829 0.174410
vt 0.814420 0.174333
vt 0.815255 0.163515
vt 0.823586 0.163599
vt 0.806011 0.174233
vt 0.806924 0.163405
vt 0.816091 0.152697
vt 0.824344 0.152788
vt 0.807838 0.152578
vt 0.797602 0.174121
vt 0.798594 0.163283
vt 0.799585 0.152445
vt 0.800576 0.141607
vt 0.808752 0.141750
vt 0.816927 0.141878
vt 0.825102 0.141977
vt 0.825860 0.131166
vt 0.817762 0.131060
vt 0.818598 0.120242
vt 0.826618 0.120355
vt 0.809665 0.130922
vt 0.810579 0.120095
vt 0.819434 0.109424
vt 0.827375 0.109544
vt 0.811492 0.109267
vt 0.801568 0.130768
vt 0.802559 0.119930
vt 0.803551 0.109092
vt 0.804542 0.098253
vt 0.812406 0.098440
vt 0.820269 0.098606
vt 0.828133 0.098733
vt 0.828891 0.087922
vt 0.821105 0.087788
vt 0.821940 0.076970
vt 0.829649 0.077110
vt 0.813319 0.087612
vt 0.814233 0.076785
vt 0.822776 0.066152
vt 0.830406 0.066299
vt 0.815146 0.065957
vt 0.805534 0.087415
vt 0.806525 0.076577
vt 0.807516 0.065739
vt 0.808508 0.054900
vt 0.816060 0.055129
vt 0.823612 0.055334
vt 0.831164 0.055488
vt 0.831922 0.044679
vt 0.824448 0.044516
vt 0.825283 0.033704
vt 0.832680 0.033885
vt 0.816973 0.044302
vt 0.817887 0.033475
vt 0.826119 0.022900
vt 0.833437 0.023117
vt 0.818801 0.022650
vt 0.809499 0.044062
vt 0.810491 0.033224
vt 0.811482 0.022386
vt 0.812474 0.011549
vt 0.819714 0.011825
vt 0.826954 0.012101
vt 0.834195 0.012377
vt 0.780911 0.260816
vt 0.772022 0.260878
vt 0.772942 0.249939
vt 0.781797 0.249956
vt 0.763307 0.260913
vt 0.764235 0.249905
vt 0.774001 0.239051
vt 0.782798 0.239103
vt 0.765336 0.238984
vt 0.780198 0.271686
vt 0.771311 0.271891
vt 0.762638 0.272053
vt 0.766524 0.228106
vt 0.775130 0.228187
vt 0.783857 0.228253
vt 0.784925 0.217404
vt 0.776270 0.217327
vt 0.777411 0.206467
vt 0.785994 0.206555
vt 0.767727 0.217237
vt 0.768931 0.206367
vt 0.778552 0.195607
vt 0.787062 0.195706
vt 0.770135 0.195497
vt 0.771339 0.184627
vt 0.779693 0.184747
vt 0.788131 0.184856
vt 0.789200 0.174007
vt 0.780834 0.173887
vt 0.781975 0.163028
vt 0.790268 0.163158
vt 0.772544 0.173757
vt 0.773748 0.162887
vt 0.783116 0.152168
vt 0.791337 0.152309
vt 0.774952 0.152017
vt 0.776157 0.141147
vt 0.784258 0.141308
vt 0.792405 0.141460
vt 0.793474 0.130610
vt 0.785399 0.130448
vt 0.786540 0.119588
vt 0.794542 0.119761
vt 0.777361 0.130277
vt 0.778566 0.119407
vt 0.787681 0.108728
vt 0.795611 0.108912
vt 0.779770 0.108537
vt 0.780974 0.097667
vt 0.788822 0.097868
vt 0.796679 0.098063
vt 0.797748 0.087214
vt 0.789963 0.087009
vt 0.791104 0.076149
vt 0.798817 0.076364
vt 0.782179 0.086797
vt 0.783383 0.075927
vt 0.792245 0.065289
vt 0.799885 0.065515
vt 0.784588 0.065057
vt 0.785792 0.054187
vt 0.793386 0.054429
vt 0.800954 0.054666
vt 0.802022 0.043817
vt 0.794528 0.043569
vt 0.795675 0.032710
vt 0.803092 0.032968
vt 0.786999 0.043317
vt 0.788221 0.032448
vt 0.796832 0.021851
vt 0.804162 0.022119
vt 0.789472 0.021580
vt 0.790753 0.010713
vt 0.797993 0.010992
vt 0.805233 0.011270
vt 0.888709 0.283802
vt 0.888765 0.295330
vt 0.880328 0.294633
vt 0.880126 0.283358
vt 0.888869 0.306971
vt 0.880595 0.305977
vt 0.871564 0.293850
vt 0.871283 0.282868
vt 0.871930 0.304854
vt 0.889011 0.318678
vt 0.880896 0.317359
vt 0.872332 0.315870
vt 0.863411 0.314503
vt 0.862969 0.303822
vt 0.862568 0.293131
vt 0.862266 0.282422
vt 0.889186 0.330413
vt 0.889387 0.342162
vt 0.881513 0.340148
vt 0.881203 0.328751
vt 0.889611 0.353921
vt 0.881824 0.351548
vt 0.873120 0.337908
vt 0.872730 0.326889
vt 0.873505 0.348927
vt 0.889854 0.365685
vt 0.882140 0.362950
vt 0.873887 0.359947
vt 0.865116 0.357221
vt 0.864699 0.346541
vt 0.864278 0.335862
vt 0.863850 0.325182
vt 0.890110 0.377449
vt 0.890379 0.389212
vt 0.882781 0.385752
vt 0.882459 0.374351
vt 0.890656 0.400975
vt 0.883107 0.397153
vt 0.874651 0.381986
vt 0.874269 0.370966
vt 0.875034 0.393005
vt 0.890941 0.412736
vt 0.883434 0.408554
vt 0.875417 0.404025
vt 0.866785 0.399939
vt 0.866368 0.389260
vt 0.865950 0.378580
vt 0.865533 0.367901
vt 0.891230 0.424546
vt 0.891519 0.436646
vt 0.884142 0.431403
vt 0.883769 0.419960
vt 0.891805 0.449303
vt 0.884577 0.442905
vt 0.876335 0.425818
vt 0.875820 0.415014
vt 0.877066 0.436270
vt 0.892083 0.462530
vt 0.885049 0.454442
vt 0.878016 0.446355
vt 0.870982 0.438268
vt 0.868800 0.430652
vt 0.867829 0.420933
vt 0.867228 0.410573
vt 0.853152 0.282089
vt 0.853422 0.292596
vt 0.844171 0.292243
vt 0.843972 0.281868
vt 0.853799 0.303054
vt 0.844478 0.302549
vt 0.834847 0.292037
vt 0.834748 0.281736
vt 0.835054 0.302258
vt 0.854223 0.313488
vt 0.844835 0.312821
vt 0.835314 0.312439
vt 0.825722 0.312278
vt 0.825578 0.302133
vt 0.825487 0.291946
vt 0.825501 0.281675
vt 0.854644 0.323918
vt 0.855057 0.334347
vt 0.845547 0.333355
vt 0.845194 0.323088
vt 0.855463 0.344777
vt 0.845895 0.343621
vt 0.835841 0.332789
vt 0.835579 0.322614
vt 0.836102 0.342964
vt 0.855866 0.355206
vt 0.846241 0.353888
vt 0.836362 0.353138
vt 0.826353 0.352831
vt 0.826193 0.342693
vt 0.826035 0.332555
vt 0.825877 0.322417
vt 0.856268 0.365636
vt 0.856671 0.376065
vt 0.846932 0.374421
vt 0.846586 0.364154
vt 0.857074 0.386495
vt 0.847277 0.384687
vt 0.836882 0.373488
vt 0.836622 0.363313
vt 0.837142 0.383663
vt 0.857476 0.396925
vt 0.847623 0.394954
vt 0.837401 0.393837
vt 0.826990 0.393384
vt 0.826831 0.383246
vt 0.826671 0.373108
vt 0.826512 0.362970
vt 0.857898 0.407321
vt 0.858433 0.417516
vt 0.848367 0.415361
vt 0.847975 0.405205
vt 0.859184 0.427332
vt 0.848827 0.425359
vt 0.837930 0.414075
vt 0.837662 0.403998
vt 0.838210 0.423994
vt 0.860154 0.436765
vt 0.849327 0.435261
vt 0.838499 0.433758
vt 0.827671 0.432255
vt 0.827481 0.423291
vt 0.827312 0.413521
vt 0.827150 0.403505
vt 0.816252 0.281670
vt 0.816124 0.291948
vt 0.806794 0.292068
vt 0.807024 0.281737
vt 0.816097 0.302143
vt 0.806664 0.302324
vt 0.797533 0.292342
vt 0.797839 0.281897
vt 0.797330 0.302727
vt 0.816126 0.312297
vt 0.806592 0.312542
vt 0.797188 0.313083
vt 0.787981 0.313988
vt 0.788147 0.303404
vt 0.788378 0.292805
vt 0.788719 0.282174
vt 0.816170 0.322444
vt 0.816222 0.332590
vt 0.806498 0.332966
vt 0.806540 0.322754
vt 0.816277 0.342737
vt 0.806464 0.343178
vt 0.796963 0.333784
vt 0.797069 0.323434
vt 0.796867 0.344135
vt 0.816335 0.352884
vt 0.806433 0.353389
vt 0.796775 0.354486
vt 0.787484 0.356309
vt 0.787597 0.345729
vt 0.787714 0.335148
vt 0.787840 0.324568
vt 0.816392 0.363031
vt 0.816450 0.373177
vt 0.806372 0.373813
vt 0.806403 0.363601
vt 0.816508 0.383324
vt 0.806342 0.384025
vt 0.796591 0.375187
vt 0.796683 0.364836
vt 0.796500 0.385537
vt 0.816566 0.393471
vt 0.806312 0.394237
vt 0.796408 0.395888
vt 0.787038 0.398631
vt 0.787150 0.388051
vt 0.787261 0.377470
vt 0.787373 0.366890
vt 0.816624 0.403603
vt 0.816678 0.413651
vt 0.806200 0.414529
vt 0.806275 0.404432
vt 0.816728 0.423541
vt 0.806061 0.424462
vt 0.796076 0.416309
vt 0.796298 0.406204
vt 0.795641 0.426014
vt 0.816777 0.433276
vt 0.805884 0.434296
vt 0.794990 0.435317
vt 0.784097 0.436338
vt 0.785950 0.428979
vt 0.786607 0.419408
vt 0.786901 0.409164
vt 0.779698 0.282568
vt 0.779375 0.293460
vt 0.770610 0.294177
vt 0.770856 0.282996
vt 0.779175 0.304360
vt 0.770505 0.305409
vt 0.762181 0.294790
vt 0.762284 0.283354
vt 0.762237 0.306321
vt 0.779045 0.315263
vt 0.770471 0.316670
vt 0.762358 0.317908
vt 0.778938 0.326168
vt 0.778844 0.337072
vt 0.770432 0.339213
vt 0.770451 0.327940
vt 0.778757 0.347978
vt 0.770412 0.350488
vt 0.762553 0.341137
vt 0.762468 0.329517
vt 0.762617 0.352764
vt 0.778673 0.358883
vt 0.770389 0.361764
vt 0.762664 0.364395
vt 0.778590 0.369788
vt 0.778507 0.380693
vt 0.770333 0.384316
vt 0.770363 0.373040
vt 0.778423 0.391599
vt 0.770300 0.395592
vt 0.762715 0.387657
vt 0.762696 0.376026
vt 0.762725 0.399286
vt 0.778338 0.402504
vt 0.770264 0.406867
vt 0.762727 0.410915
vt 0.778235 0.413377
vt 0.778020 0.424055
vt 0.770137 0.429460
vt 0.770221 0.418148
vt 0.777591 0.434362
vt 0.769986 0.440827
vt 0.762708 0.434558
vt 0.762723 0.422591
vt 0.762681 0.447079
vt 0.776947 0.444282
vt 0.769796 0.452225
vt 0.762646 0.460169
vt 0.318517 0.610540
vt 0.308379 0.613239
vt 0.306432 0.605511
vt 0.316289 0.602911
vt 0.298329 0.616149
vt 0.296696 0.608409
vt 0.304449 0.597730
vt 0.314053 0.595277
vt 0.294965 0.600484
vt 0.331174 0.615396
vt 0.320740 0.618165
vt 0.328688 0.607922
vt 0.310306 0.620933
vt 0.299871 0.623701
vt 0.289437 0.626469
vt 0.288550 0.619687
vt 0.287188 0.611854
vt 0.285667 0.603705
vt 0.284059 0.595427
vt 0.293170 0.592468
vt 0.302437 0.589917
vt 0.311808 0.587640
vt 0.323716 0.592973
vt 0.321230 0.585499
vt 0.326202 0.600448
vt 0.309553 0.580005
vt 0.300404 0.582105
vt 0.298358 0.574296
vt 0.307291 0.572372
vt 0.291343 0.584442
vt 0.289496 0.576423
vt 0.296304 0.566489
vt 0.305025 0.564740
vt 0.287637 0.568407
vt 0.318744 0.578024
vt 0.282411 0.587137
vt 0.280739 0.578855
vt 0.279052 0.570577
vt 0.277360 0.562302
vt 0.285775 0.560391
vt 0.294250 0.558682
vt 0.302762 0.557107
vt 0.313772 0.563076
vt 0.311286 0.555601
vt 0.316258 0.570550
vt 0.300508 0.549472
vt 0.292201 0.550873
vt 0.290157 0.543064
vt 0.298260 0.541836
vt 0.283917 0.552375
vt 0.282068 0.544358
vt 0.288119 0.535255
vt 0.296013 0.534199
vt 0.280229 0.536343
vt 0.308827 0.548120
vt 0.275671 0.554025
vt 0.273992 0.545748
vt 0.272329 0.537475
vt 0.270717 0.529213
vt 0.278401 0.528329
vt 0.286084 0.527446
vt 0.293767 0.526562
vt 0.303909 0.533159
vt 0.301450 0.525678
vt 0.306368 0.540640
vt 0.279272 0.624378
vt 0.270267 0.629699
vt 0.269017 0.620759
vt 0.277986 0.616031
vt 0.261357 0.635237
vt 0.260177 0.625791
vt 0.267720 0.611769
vt 0.276599 0.607503
vt 0.258970 0.616340
vt 0.280465 0.632539
vt 0.271493 0.638608
vt 0.262520 0.644677
vt 0.253548 0.650746
vt 0.252498 0.640878
vt 0.251409 0.630973
vt 0.250293 0.621066
vt 0.249144 0.611169
vt 0.257730 0.606895
vt 0.266379 0.602755
vt 0.275139 0.598887
vt 0.273639 0.590268
vt 0.265000 0.593752
vt 0.263594 0.584761
vt 0.272112 0.581659
vt 0.256454 0.597468
vt 0.255151 0.588055
vt 0.262170 0.575778
vt 0.270569 0.573056
vt 0.253830 0.578651
vt 0.247962 0.601292
vt 0.246752 0.591432
vt 0.245524 0.581582
vt 0.244287 0.571735
vt 0.252501 0.569251
vt 0.260739 0.566799
vt 0.269019 0.564456
vt 0.267471 0.555854
vt 0.259309 0.557818
vt 0.257883 0.548841
vt 0.265930 0.547253
vt 0.251173 0.559852
vt 0.249848 0.550464
vt 0.256462 0.539870
vt 0.264400 0.538655
vt 0.248525 0.541095
vt 0.243051 0.561891
vt 0.241818 0.552061
vt 0.240588 0.542267
vt 0.239368 0.532594
vt 0.247206 0.531749
vt 0.255043 0.530903
vt 0.262880 0.530058
vt 0.243671 0.646562
vt 0.234824 0.652183
vt 0.233866 0.641249
vt 0.242661 0.636174
vt 0.225888 0.657596
vt 0.224944 0.646026
vt 0.232913 0.630381
vt 0.241630 0.625798
vt 0.224066 0.634656
vt 0.244668 0.656951
vt 0.235788 0.663157
vt 0.226908 0.669363
vt 0.218028 0.675569
vt 0.216673 0.662377
vt 0.215778 0.650248
vt 0.215009 0.638451
vt 0.214276 0.626810
vt 0.223204 0.623402
vt 0.231947 0.619565
vt 0.240572 0.615440
vt 0.239479 0.605103
vt 0.230951 0.608776
vt 0.229927 0.598006
vt 0.238359 0.594784
vt 0.222318 0.612187
vt 0.221404 0.600990
vt 0.228885 0.587246
vt 0.237222 0.584476
vt 0.220472 0.589803
vt 0.213521 0.615211
vt 0.212739 0.603629
vt 0.211940 0.592057
vt 0.211132 0.580489
vt 0.219531 0.578620
vt 0.227835 0.576491
vt 0.236075 0.574173
vt 0.234929 0.563870
vt 0.226783 0.565737
vt 0.225731 0.554989
vt 0.233783 0.553578
vt 0.218588 0.567439
vt 0.217646 0.556268
vt 0.224681 0.544253
vt 0.232640 0.543308
vt 0.216703 0.545118
vt 0.210321 0.568923
vt 0.209510 0.557370
vt 0.208700 0.545853
vt 0.207893 0.534454
vt 0.215762 0.533989
vt 0.223631 0.533524
vt 0.231500 0.533059
vt 0.206942 0.665973
vt 0.196929 0.668790
vt 0.196536 0.656318
vt 0.206282 0.653685
vt 0.186819 0.671015
vt 0.186654 0.658115
vt 0.196154 0.644012
vt 0.205689 0.641607
vt 0.186479 0.645559
vt 0.207679 0.678465
vt 0.197329 0.681361
vt 0.186980 0.684257
vt 0.176630 0.687153
vt 0.176670 0.672046
vt 0.176707 0.658794
vt 0.176733 0.646110
vt 0.176742 0.633674
vt 0.186286 0.633189
vt 0.195765 0.631812
vt 0.205116 0.629651
vt 0.204520 0.617730
vt 0.195351 0.619644
vt 0.194914 0.607486
vt 0.203899 0.605823
vt 0.186070 0.620860
vt 0.185832 0.608540
vt 0.194462 0.595336
vt 0.203262 0.593925
vt 0.185580 0.596224
vt 0.176730 0.621286
vt 0.176700 0.608904
vt 0.176657 0.596525
vt 0.176605 0.584146
vt 0.185319 0.583910
vt 0.193999 0.583187
vt 0.202614 0.582030
vt 0.201964 0.570136
vt 0.193534 0.571039
vt 0.193066 0.558896
vt 0.201313 0.558251
vt 0.185054 0.571596
vt 0.184786 0.559290
vt 0.192598 0.546764
vt 0.200662 0.546388
vt 0.184517 0.547001
vt 0.176548 0.571767
vt 0.176489 0.559400
vt 0.176428 0.547062
vt 0.176365 0.534822
vt 0.184247 0.534730
vt 0.192129 0.534638
vt 0.200011 0.534546
vt 0.166517 0.671014
vt 0.156399 0.668789
vt 0.156866 0.656330
vt 0.166756 0.658121
vt 0.146375 0.665973
vt 0.147109 0.653705
vt 0.157300 0.644031
vt 0.166984 0.645568
vt 0.147754 0.641636
vt 0.166272 0.684248
vt 0.155913 0.681343
vt 0.145554 0.678438
vt 0.135195 0.675533
vt 0.136630 0.662382
vt 0.137598 0.650277
vt 0.138419 0.638490
vt 0.139173 0.626839
vt 0.148346 0.629673
vt 0.157708 0.631827
vt 0.167195 0.633197
vt 0.167388 0.620859
vt 0.158099 0.619642
vt 0.158477 0.607459
vt 0.167566 0.608526
vt 0.148920 0.617728
vt 0.149483 0.605783
vt 0.158845 0.595275
vt 0.167731 0.596193
vt 0.150037 0.593837
vt 0.139907 0.615209
vt 0.140633 0.603578
vt 0.141350 0.591945
vt 0.142061 0.580310
vt 0.150584 0.581889
vt 0.159205 0.583090
vt 0.167889 0.583861
vt 0.168042 0.571527
vt 0.159560 0.570905
vt 0.159911 0.558724
vt 0.168192 0.559202
vt 0.151126 0.569940
vt 0.151662 0.558000
vt 0.160258 0.546552
vt 0.168339 0.546894
vt 0.152195 0.546075
vt 0.142765 0.568674
vt 0.143463 0.557049
vt 0.144157 0.545452
vt 0.144845 0.533949
vt 0.152725 0.534167
vt 0.160605 0.534385
vt 0.168485 0.534604
vt 0.127397 0.657618
vt 0.118442 0.652227
vt 0.119477 0.641309
vt 0.128416 0.646070
vt 0.109576 0.646628
vt 0.110666 0.636252
vt 0.120485 0.630443
vt 0.129348 0.634706
vt 0.111754 0.625873
vt 0.126293 0.669355
vt 0.117390 0.663177
vt 0.108488 0.657000
vt 0.099585 0.650822
vt 0.100730 0.640967
vt 0.101902 0.631069
vt 0.103079 0.621155
vt 0.104254 0.611232
vt 0.112837 0.615491
vt 0.121474 0.619608
vt 0.130230 0.623438
vt 0.131098 0.612185
vt 0.122453 0.608775
vt 0.123425 0.597939
vt 0.131958 0.600929
vt 0.113914 0.605106
vt 0.114984 0.594717
vt 0.124389 0.587100
vt 0.132810 0.589670
vt 0.116045 0.584325
vt 0.105423 0.601304
vt 0.106584 0.591372
vt 0.107738 0.581436
vt 0.108882 0.571497
vt 0.117099 0.573930
vt 0.125346 0.576259
vt 0.133655 0.578410
vt 0.134493 0.567148
vt 0.126295 0.565416
vt 0.127238 0.554576
vt 0.135326 0.555893
vt 0.118145 0.563534
vt 0.119184 0.553143
vt 0.128177 0.543745
vt 0.136154 0.544655
vt 0.120217 0.542766
vt 0.110018 0.561557
vt 0.111146 0.551626
vt 0.112268 0.541717
vt 0.113381 0.531888
vt 0.121247 0.532403
vt 0.129113 0.532918
vt 0.136979 0.533434
vt 0.091855 0.635349
vt 0.082926 0.629834
vt 0.084263 0.620893
vt 0.093120 0.625905
vt 0.073898 0.624537
vt 0.075266 0.616186
vt 0.085623 0.611890
vt 0.094391 0.616444
vt 0.076713 0.607642
vt 0.090594 0.644779
vt 0.081604 0.638736
vt 0.072613 0.632694
vt 0.063622 0.626651
vt 0.064589 0.619877
vt 0.066020 0.612034
vt 0.067590 0.603863
vt 0.069216 0.595550
vt 0.078199 0.598995
vt 0.086994 0.602847
vt 0.095660 0.606972
vt 0.096923 0.597493
vt 0.088360 0.593793
vt 0.089719 0.584735
vt 0.098178 0.588010
vt 0.079685 0.590326
vt 0.081163 0.581652
vt 0.091068 0.575673
vt 0.099424 0.578523
vt 0.082632 0.572975
vt 0.070845 0.587209
vt 0.072467 0.578865
vt 0.074080 0.570516
vt 0.075682 0.562165
vt 0.084091 0.564295
vt 0.092408 0.566608
vt 0.100662 0.569032
vt 0.101890 0.559541
vt 0.093738 0.557540
vt 0.095060 0.548475
vt 0.103110 0.550055
vt 0.085540 0.555612
vt 0.086980 0.546932
vt 0.096376 0.539414
vt 0.104324 0.540581
vt 0.088413 0.538258
vt 0.077273 0.553811
vt 0.078855 0.545461
vt 0.080430 0.537123
vt 0.081997 0.528827
vt 0.089843 0.529592
vt 0.097689 0.530357
vt 0.105535 0.531122
vt 0.054770 0.616382
vt 0.044671 0.613522
vt 0.046632 0.605754
vt 0.056449 0.608618
vt 0.034479 0.610874
vt 0.036683 0.603188
vt 0.048616 0.597927
vt 0.058208 0.600662
vt 0.038889 0.595495
vt 0.053173 0.623952
vt 0.042725 0.621254
vt 0.032276 0.618555
vt 0.021827 0.615857
vt 0.024250 0.608308
vt 0.026673 0.600760
vt 0.029095 0.593212
vt 0.031518 0.585663
vt 0.041096 0.587795
vt 0.050613 0.590063
vt 0.060007 0.592603
vt 0.061808 0.584524
vt 0.052608 0.582191
vt 0.054598 0.574317
vt 0.063602 0.576441
vt 0.043301 0.580094
vt 0.045503 0.572392
vt 0.056580 0.566440
vt 0.065387 0.568356
vt 0.047701 0.564688
vt 0.033940 0.578115
vt 0.036363 0.570567
vt 0.038786 0.563019
vt 0.041208 0.555470
vt 0.049886 0.556981
vt 0.058551 0.558560
vt 0.067161 0.560267
vt 0.068924 0.552175
vt 0.060508 0.550677
vt 0.062455 0.542793
vt 0.070677 0.544086
vt 0.052051 0.549270
vt 0.054204 0.541556
vt 0.064396 0.534909
vt 0.072423 0.536003
vt 0.056354 0.533842
vt 0.043574 0.547910
vt 0.045939 0.540349
vt 0.048305 0.532788
vt 0.050670 0.525228
vt 0.058502 0.526127
vt 0.066334 0.527027
vt 0.074166 0.527927
vt 0.955386 0.610880
vt 0.945208 0.613519
vt 0.943281 0.605749
vt 0.953202 0.603202
vt 0.935123 0.616371
vt 0.933489 0.608597
vt 0.941326 0.597922
vt 0.951013 0.595516
vt 0.931769 0.600634
vt 0.968017 0.615857
vt 0.957568 0.618555
vt 0.965599 0.608324
vt 0.947119 0.621254
vt 0.936671 0.623952
vt 0.926222 0.626651
vt 0.925313 0.619859
vt 0.923936 0.611999
vt 0.922414 0.603816
vt 0.920825 0.595495
vt 0.930000 0.592572
vt 0.939352 0.590061
vt 0.948820 0.587826
vt 0.960764 0.593260
vt 0.958347 0.585728
vt 0.963182 0.600792
vt 0.946625 0.580136
vt 0.937372 0.582196
vt 0.935390 0.574331
vt 0.944430 0.572446
vt 0.928219 0.584495
vt 0.926435 0.576419
vt 0.933411 0.566465
vt 0.942236 0.564756
vt 0.924652 0.568343
vt 0.955929 0.578195
vt 0.919218 0.587153
vt 0.917607 0.578814
vt 0.915997 0.570474
vt 0.914392 0.562133
vt 0.922875 0.560266
vt 0.931439 0.558598
vt 0.940052 0.557063
vt 0.951094 0.563131
vt 0.948677 0.555599
vt 0.953512 0.570663
vt 0.937884 0.549367
vt 0.929478 0.550728
vt 0.927525 0.542857
vt 0.935725 0.541669
vt 0.921108 0.552186
vt 0.919349 0.544107
vt 0.925579 0.534986
vt 0.933570 0.533970
vt 0.917598 0.536031
vt 0.946307 0.548056
vt 0.912795 0.553790
vt 0.911207 0.545448
vt 0.909629 0.537113
vt 0.908072 0.528802
vt 0.915854 0.527958
vt 0.923635 0.527115
vt 0.931416 0.526272
vt 0.941567 0.532971
vt 0.939197 0.525428
vt 0.943937 0.540513
vt 0.916011 0.624513
vt 0.906986 0.629806
vt 0.905714 0.620841
vt 0.914704 0.616141
vt 0.898060 0.635319
vt 0.896861 0.625848
vt 0.904410 0.611818
vt 0.913309 0.607580
vt 0.895648 0.616365
vt 0.917231 0.632694
vt 0.908240 0.638736
vt 0.899250 0.644779
vt 0.890259 0.650821
vt 0.889186 0.640936
vt 0.888082 0.631009
vt 0.886964 0.621072
vt 0.885834 0.611134
vt 0.894423 0.606878
vt 0.903082 0.602762
vt 0.911864 0.598922
vt 0.910403 0.590250
vt 0.901742 0.593704
vt 0.900397 0.584650
vt 0.908937 0.581581
vt 0.893188 0.597395
vt 0.891947 0.587916
vt 0.899050 0.575596
vt 0.907471 0.572912
vt 0.890704 0.578438
vt 0.884694 0.601202
vt 0.883547 0.591274
vt 0.882397 0.581349
vt 0.881250 0.571423
vt 0.889463 0.568960
vt 0.897707 0.566542
vt 0.906008 0.564242
vt 0.904553 0.555570
vt 0.896371 0.557486
vt 0.895041 0.548432
vt 0.903107 0.546899
vt 0.888228 0.559481
vt 0.887000 0.550008
vt 0.893716 0.539382
vt 0.901667 0.538232
vt 0.885776 0.540548
vt 0.880108 0.561496
vt 0.878971 0.551578
vt 0.877839 0.541683
vt 0.876715 0.531867
vt 0.884554 0.531101
vt 0.892394 0.530335
vt 0.900233 0.529568
vt 0.880342 0.646596
vt 0.871479 0.652196
vt 0.870515 0.641249
vt 0.879322 0.636191
vt 0.862526 0.657590
vt 0.861581 0.646015
vt 0.869569 0.630361
vt 0.878294 0.625789
vt 0.860713 0.634631
vt 0.881356 0.656999
vt 0.872454 0.663177
vt 0.863551 0.669355
vt 0.854649 0.675533
vt 0.853295 0.662359
vt 0.852404 0.650233
vt 0.851649 0.638428
vt 0.850946 0.626766
vt 0.859880 0.623350
vt 0.868628 0.619512
vt 0.877257 0.615393
vt 0.876210 0.605003
vt 0.867679 0.608675
vt 0.866722 0.597844
vt 0.875155 0.594619
vt 0.859043 0.612093
vt 0.858198 0.600842
vt 0.865761 0.587015
vt 0.874097 0.584237
vt 0.857349 0.589593
vt 0.850243 0.615133
vt 0.849533 0.603506
vt 0.848819 0.591881
vt 0.848104 0.580256
vt 0.856500 0.578344
vt 0.864801 0.576187
vt 0.873040 0.573855
vt 0.871988 0.563473
vt 0.863845 0.565357
vt 0.862893 0.554531
vt 0.870940 0.553096
vt 0.855655 0.567095
vt 0.854813 0.555853
vt 0.861943 0.543714
vt 0.869896 0.542733
vt 0.853973 0.544627
vt 0.847392 0.568630
vt 0.846683 0.557015
vt 0.845977 0.545428
vt 0.845276 0.533934
vt 0.853136 0.533418
vt 0.860996 0.532901
vt 0.868855 0.532384
vt 0.843554 0.665957
vt 0.833533 0.668782
vt 0.833147 0.656317
vt 0.842899 0.653674
vt 0.823417 0.671017
vt 0.823262 0.658127
vt 0.832784 0.644012
vt 0.842323 0.641593
vt 0.823108 0.645576
vt 0.844290 0.678438
vt 0.833931 0.681342
vt 0.823572 0.684247
vt 0.813213 0.687151
vt 0.813266 0.672058
vt 0.813316 0.658818
vt 0.813364 0.646144
vt 0.813411 0.633714
vt 0.822952 0.633206
vt 0.832430 0.631806
vt 0.841783 0.629623
vt 0.841241 0.617676
vt 0.832072 0.619620
vt 0.831710 0.607437
vt 0.840693 0.605733
vt 0.822793 0.620869
vt 0.822631 0.608535
vt 0.831345 0.595256
vt 0.840142 0.593793
vt 0.822467 0.596201
vt 0.813457 0.621327
vt 0.813504 0.608943
vt 0.813549 0.596558
vt 0.813595 0.584173
vt 0.822303 0.583866
vt 0.830979 0.583073
vt 0.839590 0.581851
vt 0.839040 0.569910
vt 0.830615 0.570890
vt 0.830252 0.558711
vt 0.838492 0.557975
vt 0.822141 0.571530
vt 0.821978 0.559202
vt 0.829890 0.546541
vt 0.837947 0.546057
vt 0.821817 0.546891
vt 0.813641 0.571787
vt 0.813688 0.559413
vt 0.813735 0.547067
vt 0.813783 0.534819
vt 0.821656 0.534598
vt 0.829530 0.534377
vt 0.837403 0.534156
vt 0.803118 0.671036
vt 0.793009 0.668819
vt 0.793489 0.656373
vt 0.803370 0.658156
vt 0.782996 0.666008
vt 0.783743 0.653751
vt 0.793946 0.644088
vt 0.803620 0.645615
vt 0.784412 0.641699
vt 0.802864 0.684256
vt 0.792515 0.681360
vt 0.782165 0.678465
vt 0.771816 0.675569
vt 0.773265 0.662417
vt 0.774247 0.650323
vt 0.775093 0.638556
vt 0.775885 0.626932
vt 0.785043 0.629759
vt 0.794393 0.631902
vt 0.803870 0.633256
vt 0.804122 0.620929
vt 0.794843 0.619736
vt 0.795297 0.607574
vt 0.804376 0.608605
vt 0.785676 0.617842
vt 0.786314 0.605929
vt 0.795753 0.595413
vt 0.804631 0.596281
vt 0.786956 0.594019
vt 0.776677 0.615338
vt 0.777477 0.603750
vt 0.778281 0.592164
vt 0.779086 0.580579
vt 0.787599 0.582108
vt 0.796210 0.583251
vt 0.804887 0.583957
vt 0.805142 0.571631
vt 0.796667 0.571088
vt 0.797122 0.558931
vt 0.805397 0.559314
vt 0.788241 0.570197
vt 0.788880 0.558296
vt 0.797577 0.546784
vt 0.805652 0.547014
vt 0.789518 0.546415
vt 0.779889 0.568994
vt 0.780689 0.557422
vt 0.781486 0.545885
vt 0.782279 0.534467
vt 0.790155 0.534555
vt 0.798031 0.534643
vt 0.805907 0.534731
vt 0.764050 0.657639
vt 0.755116 0.652228
vt 0.756165 0.641333
vt 0.765083 0.646108
vt 0.746272 0.646606
vt 0.747374 0.636259
vt 0.757196 0.630498
vt 0.766039 0.634768
vt 0.748485 0.625915
vt 0.762936 0.669363
vt 0.754056 0.663157
vt 0.745176 0.656951
vt 0.736296 0.650745
vt 0.737448 0.640922
vt 0.738632 0.631056
vt 0.739831 0.621180
vt 0.741042 0.611304
vt 0.749605 0.615578
vt 0.758222 0.619702
vt 0.766960 0.623535
vt 0.767884 0.612325
vt 0.759257 0.608920
vt 0.760300 0.598143
vt 0.768817 0.601121
vt 0.750737 0.605248
vt 0.751876 0.594923
vt 0.761348 0.587369
vt 0.769754 0.589920
vt 0.753019 0.584601
vt 0.742265 0.601434
vt 0.743495 0.591568
vt 0.744728 0.581704
vt 0.745959 0.571841
vt 0.754162 0.574279
vt 0.762395 0.576595
vt 0.770692 0.578718
vt 0.771627 0.567517
vt 0.763439 0.565820
vt 0.764480 0.555051
vt 0.772559 0.556326
vt 0.755300 0.563957
vt 0.756435 0.553644
vt 0.765518 0.544294
vt 0.773489 0.545155
vt 0.757564 0.543353
vt 0.747187 0.561978
vt 0.748408 0.552129
vt 0.749624 0.542315
vt 0.750829 0.532622
vt 0.758691 0.533083
vt 0.766554 0.533545
vt 0.774417 0.534006
vt 0.728592 0.635277
vt 0.719683 0.629735
vt 0.721034 0.620828
vt 0.729870 0.625868
vt 0.710676 0.624407
vt 0.712061 0.616087
vt 0.722417 0.611863
vt 0.731162 0.616446
vt 0.713533 0.607580
vt 0.727324 0.644677
vt 0.718351 0.638608
vt 0.709379 0.632539
vt 0.700407 0.626469
vt 0.701391 0.619708
vt 0.702844 0.611893
vt 0.704444 0.603758
vt 0.706112 0.595488
vt 0.715057 0.598977
vt 0.723824 0.602867
vt 0.732467 0.607021
vt 0.733783 0.597600
vt 0.725243 0.593870
vt 0.726669 0.584876
vt 0.735106 0.588183
vt 0.716597 0.590362
vt 0.718142 0.581749
vt 0.728096 0.575883
vt 0.736431 0.578768
vt 0.719689 0.573137
vt 0.707797 0.587198
vt 0.709487 0.578910
vt 0.711177 0.570622
vt 0.712863 0.562332
vt 0.721233 0.564524
vt 0.729521 0.566889
vt 0.737755 0.569353
vt 0.739073 0.559937
vt 0.730940 0.557894
vt 0.732353 0.548903
vt 0.740386 0.550531
vt 0.722769 0.555909
vt 0.724298 0.547298
vt 0.733761 0.539919
vt 0.741693 0.541146
vt 0.725819 0.538695
vt 0.714541 0.554042
vt 0.716210 0.545756
vt 0.717869 0.537484
vt 0.719503 0.529260
vt 0.727335 0.530101
vt 0.735166 0.530941
vt 0.742997 0.531781
vt 0.691597 0.616158
vt 0.681527 0.613235
vt 0.683532 0.605503
vt 0.693308 0.608426
vt 0.671364 0.610522
vt 0.673627 0.602876
vt 0.685565 0.597715
vt 0.695105 0.600506
vt 0.675895 0.595222
vt 0.689973 0.623701
vt 0.679538 0.620933
vt 0.669104 0.618165
vt 0.658670 0.615396
vt 0.661166 0.607890
vt 0.663663 0.600384
vt 0.666160 0.592877
vt 0.668657 0.585371
vt 0.678166 0.587565
vt 0.687617 0.589893
vt 0.696952 0.592490
vt 0.698812 0.584458
vt 0.689676 0.582067
vt 0.691737 0.574242
vt 0.700675 0.576429
vt 0.680440 0.579908
vt 0.682714 0.572251
vt 0.693796 0.566415
vt 0.702537 0.568398
vt 0.684987 0.564593
vt 0.671153 0.577865
vt 0.673650 0.570358
vt 0.676147 0.562852
vt 0.678643 0.555346
vt 0.687252 0.556934
vt 0.695848 0.558588
vt 0.704395 0.560367
vt 0.706243 0.552333
vt 0.697890 0.550757
vt 0.699923 0.542927
vt 0.708083 0.544303
vt 0.689501 0.549271
vt 0.691741 0.541605
vt 0.701951 0.535097
vt 0.709915 0.536279
vt 0.693978 0.533940
vt 0.681095 0.547829
vt 0.683547 0.540312
vt 0.685998 0.532795
vt 0.688450 0.525278
vt 0.696213 0.526274
vt 0.703977 0.527269
vt 0.711740 0.528265
vt 0.629763 0.803703
vt 0.620645 0.803657
vt 0.620655 0.801665
vt 0.629769 0.801714
vt 0.611531 0.803607
vt 0.611546 0.801612
vt 0.620663 0.799675
vt 0.629773 0.799724
vt 0.611556 0.799620
vt 0.638881 0.805736
vt 0.629757 0.805692
vt 0.638882 0.803748
vt 0.620634 0.805649
vt 0.611510 0.805605
vt 0.602386 0.805561
vt 0.602429 0.803546
vt 0.602446 0.801549
vt 0.602453 0.799559
vt 0.602456 0.797571
vt 0.611561 0.797631
vt 0.620668 0.797685
vt 0.629777 0.797735
vt 0.638885 0.799772
vt 0.638887 0.797783
vt 0.638884 0.801760
vt 0.629778 0.795746
vt 0.620670 0.795695
vt 0.620670 0.793705
vt 0.629778 0.793756
vt 0.611562 0.795642
vt 0.611561 0.793652
vt 0.620668 0.791716
vt 0.629778 0.791767
vt 0.611559 0.791663
vt 0.638887 0.795795
vt 0.602456 0.795584
vt 0.602453 0.793597
vt 0.602450 0.791609
vt 0.602446 0.789621
vt 0.611556 0.789673
vt 0.620667 0.789726
vt 0.629777 0.789778
vt 0.638887 0.791819
vt 0.638887 0.789830
vt 0.638887 0.793807
vt 0.593352 0.803462
vt 0.584288 0.803352
vt 0.584277 0.801359
vt 0.593357 0.801471
vt 0.575226 0.803199
vt 0.575199 0.801189
vt 0.584266 0.799378
vt 0.593358 0.799485
vt 0.575177 0.799217
vt 0.593343 0.805457
vt 0.584299 0.805353
vt 0.575255 0.805249
vt 0.566212 0.805145
vt 0.566158 0.802923
vt 0.566120 0.800916
vt 0.566089 0.798975
vt 0.566064 0.797063
vt 0.575159 0.797266
vt 0.584256 0.797406
vt 0.593355 0.797502
vt 0.593351 0.795519
vt 0.584247 0.795435
vt 0.584239 0.793464
vt 0.593346 0.793536
vt 0.575145 0.795318
vt 0.575134 0.793371
vt 0.584232 0.791493
vt 0.593341 0.791554
vt 0.575124 0.791422
vt 0.566045 0.795156
vt 0.566029 0.793249
vt 0.566016 0.791339
vt 0.566005 0.789422
vt 0.575115 0.789472
vt 0.584226 0.789522
vt 0.593336 0.789571
vt 0.557076 0.802419
vt 0.547988 0.801803
vt 0.547946 0.800022
vt 0.557035 0.800511
vt 0.538896 0.801175
vt 0.538853 0.799517
vt 0.547908 0.798244
vt 0.556999 0.798640
vt 0.538814 0.797833
vt 0.557122 0.804366
vt 0.548032 0.803587
vt 0.538942 0.802809
vt 0.529852 0.802030
vt 0.529799 0.800618
vt 0.529755 0.799057
vt 0.529716 0.797452
vt 0.529680 0.795828
vt 0.538779 0.796136
vt 0.547875 0.796468
vt 0.556970 0.796789
vt 0.556946 0.794942
vt 0.547847 0.794694
vt 0.547824 0.792919
vt 0.556926 0.793094
vt 0.538748 0.794438
vt 0.538722 0.792740
vt 0.547803 0.791145
vt 0.556910 0.791246
vt 0.538697 0.791042
vt 0.529648 0.794200
vt 0.529618 0.792573
vt 0.529591 0.790946
vt 0.529564 0.789318
vt 0.538674 0.789344
vt 0.547784 0.789370
vt 0.556895 0.789396
vt 0.520693 0.800218
vt 0.511582 0.799917
vt 0.511545 0.798422
vt 0.520652 0.798692
vt 0.502470 0.799682
vt 0.502436 0.798240
vt 0.511509 0.796907
vt 0.520614 0.797140
vt 0.502403 0.796761
vt 0.520736 0.801715
vt 0.511620 0.801400
vt 0.502504 0.801086
vt 0.493387 0.800771
vt 0.493357 0.799575
vt 0.493326 0.798174
vt 0.493295 0.796712
vt 0.493262 0.795222
vt 0.502369 0.795263
vt 0.511475 0.795382
vt 0.520579 0.795572
vt 0.520545 0.794003
vt 0.511441 0.793854
vt 0.511408 0.792326
vt 0.520514 0.792433
vt 0.502335 0.793761
vt 0.502301 0.792258
vt 0.511375 0.790798
vt 0.520483 0.790863
vt 0.502267 0.790752
vt 0.493228 0.793728
vt 0.493194 0.792232
vt 0.493158 0.790733
vt 0.493122 0.789219
vt 0.502233 0.789244
vt 0.511343 0.789269
vt 0.520453 0.789294
vt 0.484244 0.799690
vt 0.475132 0.799933
vt 0.475107 0.798433
vt 0.484216 0.798246
vt 0.466022 0.800241
vt 0.466001 0.798709
vt 0.475080 0.796915
vt 0.484187 0.796765
vt 0.465975 0.797150
vt 0.484272 0.801096
vt 0.475156 0.801421
vt 0.466040 0.801746
vt 0.456924 0.802071
vt 0.456916 0.800647
vt 0.456898 0.799077
vt 0.456874 0.797464
vt 0.456844 0.795831
vt 0.465946 0.795576
vt 0.475050 0.795385
vt 0.484156 0.795264
vt 0.484122 0.793760
vt 0.475016 0.793853
vt 0.474980 0.792321
vt 0.484086 0.792255
vt 0.465912 0.794000
vt 0.465874 0.792425
vt 0.474941 0.790788
vt 0.484049 0.790747
vt 0.465833 0.790849
vt 0.456809 0.794196
vt 0.456769 0.792561
vt 0.456726 0.790926
vt 0.456681 0.789292
vt 0.465791 0.789273
vt 0.474902 0.789255
vt 0.484012 0.789237
vt 0.447819 0.801206
vt 0.438727 0.801834
vt 0.438708 0.800041
vt 0.447800 0.799537
vt 0.429639 0.802448
vt 0.429618 0.800528
vt 0.438682 0.798253
vt 0.447776 0.797844
vt 0.429591 0.798646
vt 0.447834 0.802850
vt 0.438744 0.803629
vt 0.429655 0.804408
vt 0.420565 0.805187
vt 0.420557 0.802947
vt 0.420533 0.800928
vt 0.420501 0.798977
vt 0.420461 0.797054
vt 0.429555 0.796784
vt 0.438650 0.796467
vt 0.447746 0.796138
vt 0.447709 0.794431
vt 0.438610 0.794683
vt 0.438563 0.792898
vt 0.447666 0.792724
vt 0.429511 0.794927
vt 0.429461 0.793068
vt 0.438513 0.791113
vt 0.447619 0.791017
vt 0.429407 0.791208
vt 0.420412 0.795137
vt 0.420358 0.793219
vt 0.420300 0.791297
vt 0.420239 0.789364
vt 0.429350 0.789346
vt 0.438460 0.789328
vt 0.447571 0.789310
vt 0.411489 0.803214
vt 0.402426 0.803354
vt 0.402375 0.801354
vt 0.411454 0.801193
vt 0.393361 0.803451
vt 0.393295 0.801457
vt 0.402324 0.799366
vt 0.411412 0.799212
vt 0.393232 0.799466
vt 0.411520 0.805275
vt 0.402476 0.805362
vt 0.393432 0.805449
vt 0.384387 0.805536
vt 0.384284 0.803526
vt 0.384206 0.801529
vt 0.384136 0.799536
vt 0.384068 0.797546
vt 0.393170 0.797479
vt 0.402269 0.797387
vt 0.411365 0.797252
vt 0.411312 0.795295
vt 0.402210 0.795409
vt 0.402148 0.793431
vt 0.411254 0.793339
vt 0.393106 0.795491
vt 0.393041 0.793504
vt 0.402084 0.791453
vt 0.411192 0.791380
vt 0.392975 0.791517
vt 0.384001 0.795556
vt 0.383934 0.793566
vt 0.383866 0.791575
vt 0.383799 0.789584
vt 0.392909 0.789529
vt 0.402019 0.789474
vt 0.411129 0.789419
vt 0.375182 0.803583
vt 0.366068 0.803632
vt 0.365996 0.801640
vt 0.375106 0.801588
vt 0.356950 0.803678
vt 0.356883 0.801689
vt 0.365926 0.799650
vt 0.375033 0.799596
vt 0.356817 0.799700
vt 0.375264 0.805580
vt 0.366140 0.805624
vt 0.357017 0.805667
vt 0.347893 0.805711
vt 0.347831 0.803724
vt 0.347769 0.801737
vt 0.347707 0.799749
vt 0.347645 0.797762
vt 0.356750 0.797712
vt 0.365857 0.797660
vt 0.374964 0.797605
vt 0.374895 0.795614
vt 0.365787 0.795670
vt 0.365718 0.793679
vt 0.374826 0.793623
vt 0.356680 0.795723
vt 0.356609 0.793734
vt 0.365648 0.791689
vt 0.374757 0.791633
vt 0.356539 0.791746
vt 0.347573 0.795775
vt 0.347501 0.793788
vt 0.347430 0.791802
vt 0.347358 0.789815
vt 0.356468 0.789757
vt 0.365578 0.789699
vt 0.374688 0.789642
vt 0.130659 0.294842
vt 0.138623 0.294941
vt 0.138099 0.305950
vt 0.130190 0.305808
vt 0.146460 0.294985
vt 0.145956 0.306011
vt 0.137536 0.316945
vt 0.129680 0.316762
vt 0.145420 0.317020
vt 0.154234 0.295002
vt 0.153788 0.306030
vt 0.153318 0.317041
vt 0.152835 0.328044
vt 0.144867 0.328023
vt 0.136948 0.327937
vt 0.129127 0.327724
vt 0.161997 0.295015
vt 0.169760 0.295027
vt 0.169443 0.306055
vt 0.161615 0.306042
vt 0.177524 0.295040
vt 0.177270 0.306067
vt 0.169118 0.317065
vt 0.161218 0.317053
vt 0.177018 0.317077
vt 0.185287 0.295053
vt 0.185098 0.306080
vt 0.184918 0.317088
vt 0.184742 0.328088
vt 0.176765 0.328077
vt 0.168789 0.328066
vt 0.160812 0.328055
vt 0.193050 0.295067
vt 0.200814 0.295082
vt 0.200753 0.306106
vt 0.192925 0.306093
vt 0.208577 0.295096
vt 0.208580 0.306119
vt 0.200717 0.317112
vt 0.192817 0.317100
vt 0.208617 0.317124
vt 0.216340 0.295111
vt 0.216407 0.306132
vt 0.216517 0.317136
vt 0.216648 0.328131
vt 0.208672 0.328121
vt 0.200695 0.328110
vt 0.192719 0.328099
vt 0.224110 0.295121
vt 0.231917 0.295100
vt 0.232066 0.306093
vt 0.224235 0.306137
vt 0.239798 0.295019
vt 0.239903 0.305951
vt 0.232273 0.317069
vt 0.224412 0.317136
vt 0.240068 0.316866
vt 0.240280 0.327786
vt 0.232513 0.328041
vt 0.224614 0.328128
vt 0.128531 0.338693
vt 0.136340 0.338910
vt 0.135689 0.349737
vt 0.127878 0.349583
vt 0.144303 0.338990
vt 0.143696 0.349749
vt 0.134966 0.360265
vt 0.127155 0.360287
vt 0.143007 0.360091
vt 0.152344 0.339002
vt 0.151807 0.349697
vt 0.151182 0.359866
vt 0.160398 0.339005
vt 0.168454 0.339009
vt 0.168089 0.349615
vt 0.159944 0.349648
vt 0.176511 0.339016
vt 0.176240 0.349599
vt 0.167664 0.359545
vt 0.159409 0.359678
vt 0.175939 0.359468
vt 0.184567 0.339025
vt 0.184394 0.349600
vt 0.184223 0.359450
vt 0.192624 0.339037
vt 0.200681 0.339050
vt 0.200698 0.349655
vt 0.192547 0.349619
vt 0.208736 0.339065
vt 0.208843 0.349708
vt 0.200779 0.359590
vt 0.192506 0.359491
vt 0.209033 0.359745
vt 0.216791 0.339083
vt 0.216979 0.349776
vt 0.217257 0.359955
vt 0.224829 0.339086
vt 0.232773 0.338995
vt 0.233073 0.349811
vt 0.225086 0.349842
vt 0.240532 0.338713
vt 0.240833 0.349570
vt 0.233444 0.360343
vt 0.225426 0.360193
vt 0.241199 0.360263
s 1
usemtl DebugFacesMaterial.005
f 1935/1/1 1936/2/2 1939/3/3 1938/4/4
f 1936/2/2 1937/5/5 1940/6/6 1939/3/3
f 1938/4/4 1939/3/3 1942/7/7 1941/8/8
f 1939/3/3 1940/6/6 1943/9/9 1942/7/7
f 1/10/10 285/11/11 1935/1/1 294/12/12
f 285/11/11 286/13/13 1936/2/2 1935/1/1
f 286/13/13 287/14/14 1937/5/5 1936/2/2
f 287/14/14 2/15/15 288/16/16 1937/5/5
f 1937/5/5 288/16/16 289/17/17 1940/6/6
f 1940/6/6 289/17/17 290/18/18 1943/9/9
f 1943/9/9 290/18/18 3/19/19 291/20/20
f 1942/7/7 1943/9/9 291/20/20 292/21/21
f 1941/8/8 1942/7/7 292/21/21 293/22/22
f 296/23/23 1941/8/8 293/22/22 4/24/24
f 295/25/25 1938/4/4 1941/8/8 296/23/23
f 294/12/12 1935/1/1 1938/4/4 295/25/25
f 1944/26/26 1945/27/27 1948/28/28 1947/29/29
f 1945/27/27 1946/30/30 1949/31/31 1948/28/28
f 1947/29/29 1948/28/28 1951/32/32 1950/33/33
f 1948/28/28 1949/31/31 1952/34/34 1951/32/32
f 4/24/24 293/22/22 1944/26/26 303/35/35
f 293/22/22 292/21/21 1945/27/27 1944/26/26
f 292/21/21 291/20/20 1946/30/30 1945/27/27
f 291/20/20 3/19/19 297/36/36 1946/30/30
f 1946/30/30 297/36/36 298/37/37 1949/31/31
f 1949/31/31 298/37/37 299/38/38 1952/34/34
f 1952/34/34 299/38/38 5/39/39 300/40/40
f 1951/32/32 1952/34/34 300/40/40 301/41/41
f 1950/33/33 1951/32/32 301/41/41 302/42/42
f 305/43/43 1950/33/33 302/42/42 6/44/44
f 304/45/45 1947/29/29 1950/33/33 305/43/43
f 303/35/35 1944/26/26 1947/29/29 304/45/45
f 1953/46/46 1954/47/47 1957/48/48 1956/49/49
f 1954/47/47 1955/50/50 1958/51/51 1957/48/48
f 1956/49/49 1957/48/48 1960/52/52 1959/53/53
f 1957/48/48 1958/51/51 1961/54/54 1960/52/52
f 6/44/44 302/42/42 1953/46/46 1053/55/55
f 302/42/42 301/41/41 1954/47/47 1953/46/46
f 301/41/41 300/40/40 1955/50/50 1954/47/47
f 300/40/40 5/39/39 306/56/56 1955/50/50
f 1955/50/50 306/56/56 307/57/57 1958/51/51
f 1958/51/51 307/57/57 308/58/58 1961/54/54
f 1961/54/54 308/58/58 7/59/59 1037/60/60
f 1960/52/52 1961/54/54 1037/60/60 1036/61/61
f 1959/53/53 1960/52/52 1036/61/61 1035/62/62
f 1055/63/63 1959/53/53 1035/62/62 8/64/64
f 1054/65/65 1956/49/49 1959/53/53 1055/63/63
f 1053/55/55 1953/46/46 1956/49/49 1054/65/65
f 1962/66/66 1963/67/67 1966/68/68 1965/69/69
f 1963/67/67 1964/70/70 1967/71/71 1966/68/68
f 1965/69/69 1966/68/68 1969/72/72 1968/73/73
f 1966/68/68 1967/71/71 1970/74/74 1969/72/72
f 2/15/15 309/75/75 1962/66/66 288/16/16
f 309/75/75 310/76/76 1963/67/67 1962/66/66
f 310/76/76 311/77/77 1964/70/70 1963/67/67
f 311/77/77 9/78/78 312/79/79 1964/70/70
f 1964/70/70 312/79/79 313/80/80 1967/71/71
f 1967/71/71 313/80/80 314/81/81 1970/74/74
f 1970/74/74 314/81/81 10/82/82 317/83/83
f 1969/72/72 1970/74/74 317/83/83 316/84/84
f 1968/73/73 1969/72/72 316/84/84 315/85/85
f 290/18/18 1968/73/73 315/85/85 3/19/19
f 289/17/17 1965/69/69 1968/73/73 290/18/18
f 288/16/16 1962/66/66 1965/69/69 289/17/17
f 1971/86/86 1972/87/87 1975/88/88 1974/89/89
f 1972/87/87 1973/90/90 1976/91/91 1975/88/88
f 1974/89/89 1975/88/88 1978/92/92 1977/93/93
f 1975/88/88 1976/91/91 1979/94/94 1978/92/92
f 3/19/19 315/85/85 1971/86/86 297/36/36
f 315/85/85 316/84/84 1972/87/87 1971/86/86
f 316/84/84 317/83/83 1973/90/90 1972/87/87
f 317/83/83 10/82/82 318/95/95 1973/90/90
f 1973/90/90 318/95/95 319/96/96 1976/91/91
f 1976/91/91 319/96/96 320/97/97 1979/94/94
f 1979/94/94 320/97/97 11/98/98 323/99/99
f 1978/92/92 1979/94/94 323/99/99 322/100/100
f 1977/93/93 1978/92/92 322/100/100 321/101/101
f 299/38/38 1977/93/93 321/101/101 5/39/39
f 298/37/37 1974/89/89 1977/93/93 299/38/38
f 297/36/36 1971/86/86 1974/89/89 298/37/37
f 1980/102/102 1981/103/103 1984/104/104 1983/105/105
f 1981/103/103 1982/106/106 1985/107/107 1984/104/104
f 1983/105/105 1984/104/104 1987/108/108 1986/109/109
f 1984/104/104 1985/107/107 1988/110/110 1987/108/108
f 5/39/39 321/101/101 1980/102/102 306/56/56
f 321/101/101 322/100/100 1981/103/103 1980/102/102
f 322/100/100 323/99/99 1982/106/106 1981/103/103
f 323/99/99 11/98/98 324/111/111 1982/106/106
f 1982/106/106 324/111/111 325/112/112 1985/107/107
f 1985/107/107 325/112/112 326/113/113 1988/110/110
f 1988/110/110 326/113/113 12/114/114 329/115/115
f 1987/108/108 1988/110/110 329/115/115 328/116/116
f 1986/109/109 1987/108/108 328/116/116 327/117/117
f 308/58/58 1986/109/109 327/117/117 7/59/59
f 307/57/57 1983/105/105 1986/109/109 308/58/58
f 306/56/56 1980/102/102 1983/105/105 307/57/57
f 1989/118/118 1990/119/119 1993/120/120 1992/121/121
f 1990/119/119 1991/122/122 1994/123/123 1993/120/120
f 1992/121/121 1993/120/120 1996/124/124 1995/125/125
f 1993/120/120 1994/123/123 1997/126/126 1996/124/124
f 9/78/78 330/127/127 1989/118/118 312/79/79
f 330/127/127 331/128/128 1990/119/119 1989/118/118
f 331/128/128 332/129/129 1991/122/122 1990/119/119
f 332/129/129 13/130/130 333/131/131 1991/122/122
f 1991/122/122 333/131/131 334/132/132 1994/123/123
f 1994/123/123 334/132/132 335/133/133 1997/126/126
f 1997/126/126 335/133/133 14/134/134 338/135/135
f 1996/124/124 1997/126/126 338/135/135 337/136/136
f 1995/125/125 1996/124/124 337/136/136 336/137/137
f 314/81/81 1995/125/125 336/137/137 10/82/82
f 313/80/80 1992/121/121 1995/125/125 314/81/81
f 312/79/79 1989/118/118 1992/121/121 313/80/80
f 1998/138/138 1999/139/139 2002/140/140 2001/141/141
f 1999/139/139 2000/142/142 2003/143/143 2002/140/140
f 2001/141/141 2002/140/140 2005/144/144 2004/145/145
f 2002/140/140 2003/143/143 2006/146/146 2005/144/144
f 10/82/82 336/137/137 1998/138/138 318/95/95
f 336/137/137 337/136/136 1999/139/139 1998/138/138
f 337/136/136 338/135/135 2000/142/142 1999/139/139
f 338/135/135 14/134/134 339/147/147 2000/142/142
f 2000/142/142 339/147/147 340/148/148 2003/143/143
f 2003/143/143 340/148/148 341/149/149 2006/146/146
f 2006/146/146 341/149/149 15/150/150 344/151/151
f 2005/144/144 2006/146/146 344/151/151 343/152/152
f 2004/145/145 2005/144/144 343/152/152 342/153/153
f 320/97/97 2004/145/145 342/153/153 11/98/98
f 319/96/96 2001/141/141 2004/145/145 320/97/97
f 318/95/95 1998/138/138 2001/141/141 319/96/96
f 2007/154/154 2008/155/155 2011/156/156 2010/157/157
f 2008/155/155 2009/158/158 2012/159/159 2011/156/156
f 2010/157/157 2011/156/156 2014/160/160 2013/161/161
f 2011/156/156 2012/159/159 2015/162/162 2014/160/160
f 11/98/98 342/153/153 2007/154/154 324/111/111
f 342/153/153 343/152/152 2008/155/155 2007/154/154
f 343/152/152 344/151/151 2009/158/158 2008/155/155
f 344/151/151 15/150/150 345/163/163 2009/158/158
f 2009/158/158 345/163/163 346/164/164 2012/159/159
f 2012/159/159 346/164/164 347/165/165 2015/162/162
f 2015/162/162 347/165/165 16/166/166 350/167/167
f 2014/160/160 2015/162/162 350/167/167 349/168/168
f 2013/161/161 2014/160/160 349/168/168 348/169/169
f 326/113/113 2013/161/161 348/169/169 12/114/114
f 325/112/112 2010/157/157 2013/161/161 326/113/113
f 324/111/111 2007/154/154 2010/157/157 325/112/112
f 2016/170/170 2017/171/171 2020/172/172 2019/173/173
f 2017/171/171 2018/174/174 2021/175/175 2020/172/172
f 2019/173/173 2020/172/172 2023/176/176 2022/177/177
f 2020/172/172 2021/175/175 2024/178/178 2023/176/176
f 13/130/130 351/179/179 2016/170/170 333/131/131
f 351/179/179 352/180/180 2017/171/171 2016/170/170
f 352/180/180 353/181/181 2018/174/174 2017/171/171
f 353/181/181 17/182/182 354/183/183 2018/174/174
f 2018/174/174 354/183/183 355/184/184 2021/175/175
f 2021/175/175 355/184/184 356/185/185 2024/178/178
f 2024/178/178 356/185/185 18/186/186 359/187/187
f 2023/176/176 2024/178/178 359/187/187 358/188/188
f 2022/177/177 2023/176/176 358/188/188 357/189/189
f 335/133/133 2022/177/177 357/189/189 14/134/134
f 334/132/132 2019/173/173 2022/177/177 335/133/133
f 333/131/131 2016/170/170 2019/173/173 334/132/132
f 2025/190/190 2026/191/191 2029/192/192 2028/193/193
f 2026/191/191 2027/194/194 2030/195/195 2029/192/192
f 2028/193/193 2029/192/192 2032/196/196 2031/197/197
f 2029/192/192 2030/195/195 2033/198/198 2032/196/196
f 14/134/134 357/189/189 2025/190/190 339/147/147
f 357/189/189 358/188/188 2026/191/191 2025/190/190
f 358/188/188 359/187/187 2027/194/194 2026/191/191
f 359/187/187 18/186/186 360/199/199 2027/194/194
f 2027/194/194 360/199/199 361/200/200 2030/195/195
f 2030/195/195 361/200/200 362/201/201 2033/198/198
f 2033/198/198 362/201/201 19/202/202 365/203/203
f 2032/196/196 2033/198/198 365/203/203 364/204/204
f 2031/197/197 2032/196/196 364/204/204 363/205/205
f 341/149/149 2031/197/197 363/205/205 15/150/150
f 340/148/148 2028/193/193 2031/197/197 341/149/149
f 339/147/147 2025/190/190 2028/193/193 340/148/148
f 2034/206/206 2035/207/207 2038/208/208 2037/209/209
f 2035/207/207 2036/210/210 2039/211/211 2038/208/208
f 2037/209/209 2038/208/208 2041/212/212 2040/213/213
f 2038/208/208 2039/211/211 2042/214/214 2041/212/212
f 15/150/150 363/205/205 2034/206/206 345/163/163
f 363/205/205 364/204/204 2035/207/207 2034/206/206
f 364/204/204 365/203/203 2036/210/210 2035/207/207
f 365/203/203 19/202/202 366/215/215 2036/210/210
f 2036/210/210 366/215/215 367/216/216 2039/211/211
f 2039/211/211 367/216/216 368/217/217 2042/214/214
f 2042/214/214 368/217/217 20/218/218 371/219/219
f 2041/212/212 2042/214/214 371/219/219 370/220/220
f 2040/213/213 2041/212/212 370/220/220 369/221/221
f 347/165/165 2040/213/213 369/221/221 16/166/166
f 346/164/164 2037/209/209 2040/213/213 347/165/165
f 345/163/163 2034/206/206 2037/209/209 346/164/164
f 2043/222/222 2044/223/223 2047/224/224 2046/225/225
f 2044/223/223 2045/226/226 2048/227/227 2047/224/224
f 2046/225/225 2047/224/224 2050/228/228 2049/229/229
f 2047/224/224 2048/227/227 2051/230/230 2050/228/228
f 17/182/182 372/231/231 2043/222/222 354/183/183
f 372/231/231 373/232/232 2044/223/223 2043/222/222
f 373/232/232 374/233/233 2045/226/226 2044/223/223
f 374/233/233 21/234/234 375/235/235 2045/226/226
f 2045/226/226 375/235/235 376/236/236 2048/227/227
f 2048/227/227 376/236/236 377/237/237 2051/230/230
f 2051/230/230 377/237/237 22/238/238 380/239/239
f 2050/228/228 2051/230/230 380/239/239 379/240/240
f 2049/229/229 2050/228/228 379/240/240 378/241/241
f 356/185/185 2049/229/229 378/241/241 18/186/186
f 355/184/184 2046/225/225 2049/229/229 356/185/185
f 354/183/183 2043/222/222 2046/225/225 355/184/184
f 2052/242/242 2053/243/243 2056/244/244 2055/245/245
f 2053/243/243 2054/246/246 2057/247/247 2056/244/244
f 2055/245/245 2056/244/244 2059/248/248 2058/249/249
f 2056/244/244 2057/247/247 2060/250/250 2059/248/248
f 18/186/186 378/241/241 2052/242/242 360/199/199
f 378/241/241 379/240/240 2053/243/243 2052/242/242
f 379/240/240 380/239/239 2054/246/246 2053/243/243
f 380/239/239 22/238/238 381/251/251 2054/246/246
f 2054/246/246 381/251/251 382/252/252 2057/247/247
f 2057/247/247 382/252/252 383/253/253 2060/250/250
f 2060/250/250 383/253/253 23/254/254 386/255/255
f 2059/248/248 2060/250/250 386/255/255 385/256/256
f 2058/249/249 2059/248/248 385/256/256 384/257/257
f 362/201/201 2058/249/249 384/257/257 19/202/202
f 361/200/200 2055/245/245 2058/249/249 362/201/201
f 360/199/199 2052/242/242 2055/245/245 361/200/200
f 2061/258/258 2062/259/259 2065/260/260 2064/261/261
f 2062/259/259 2063/262/262 2066/263/263 2065/260/260
f 2064/261/261 2065/260/260 2068/264/264 2067/265/265
f 2065/260/260 2066/263/263 2069/266/266 2068/264/264
f 19/202/202 384/257/257 2061/258/258 366/215/215
f 384/257/257 385/256/256 2062/259/259 2061/258/258
f 385/256/256 386/255/255 2063/262/262 2062/259/259
f 386/255/255 23/254/254 387/267/267 2063/262/262
f 2063/262/262 387/267/267 388/268/268 2066/263/263
f 2066/263/263 388/268/268 389/269/269 2069/266/266
f 2069/266/266 389/269/269 24/270/270 392/271/271
f 2068/264/264 2069/266/266 392/271/271 391/272/272
f 2067/265/265 2068/264/264 391/272/272 390/273/273
f 368/217/217 2067/265/265 390/273/273 20/218/218
f 367/216/216 2064/261/261 2067/265/265 368/217/217
f 366/215/215 2061/258/258 2064/261/261 367/216/216
f 2070/274/274 2071/275/275 2074/276/276 2073/277/277
f 2071/275/275 2072/278/278 2075/279/279 2074/276/276
f 2073/277/277 2074/276/276 2077/280/280 2076/281/281
f 2074/276/276 2075/279/279 2078/282/282 2077/280/280
f 21/234/234 393/283/283 2070/274/274 375/235/235
f 393/283/283 394/284/284 2071/275/275 2070/274/274
f 394/284/284 395/285/285 2072/278/278 2071/275/275
f 395/285/285 25/286/286 396/287/287 2072/278/278
f 2072/278/278 396/287/287 397/288/288 2075/279/279
f 2075/279/279 397/288/288 398/289/289 2078/282/282
f 2078/282/282 398/289/289 26/290/290 401/291/291
f 2077/280/280 2078/282/282 401/291/291 400/292/292
f 2076/281/281 2077/280/280 400/292/292 399/293/293
f 377/237/237 2076/281/281 399/293/293 22/238/238
f 376/236/236 2073/277/277 2076/281/281 377/237/237
f 375/235/235 2070/274/274 2073/277/277 376/236/236
f 2079/294/294 2080/295/295 2083/296/296 2082/297/297
f 2080/295/295 2081/298/298 2084/299/299 2083/296/296
f 2082/297/297 2083/296/296 2086/300/300 2085/301/301
f 2083/296/296 2084/299/299 2087/302/302 2086/300/300
f 22/238/238 399/293/293 2079/294/294 381/251/251
f 399/293/293 400/292/292 2080/295/295 2079/294/294
f 400/292/292 401/291/291 2081/298/298 2080/295/295
f 401/291/291 26/290/290 402/303/303 2081/298/298
f 2081/298/298 402/303/303 403/304/304 2084/299/299
f 2084/299/299 403/304/304 404/305/305 2087/302/302
f 2087/302/302 404/305/305 27/306/306 407/307/307
f 2086/300/300 2087/302/302 407/307/307 406/308/308
f 2085/301/301 2086/300/300 406/308/308 405/309/309
f 383/253/253 2085/301/301 405/309/309 23/254/254
f 382/252/252 2082/297/297 2085/301/301 383/253/253
f 381/251/251 2079/294/294 2082/297/297 382/252/252
f 2088/310/310 2089/311/311 2092/312/312 2091/313/313
f 2089/311/311 2090/314/314 2093/315/315 2092/312/312
f 2091/313/313 2092/312/312 2095/316/316 2094/317/317
f 2092/312/312 2093/315/315 2096/318/318 2095/316/316
f 23/254/254 405/309/309 2088/310/310 387/267/267
f 405/309/309 406/308/308 2089/311/311 2088/310/310
f 406/308/308 407/307/307 2090/314/314 2089/311/311
f 407/307/307 27/306/306 1884/319/319 2090/314/314
f 2090/314/314 1884/319/319 1885/320/320 2093/315/315
f 2093/315/315 1885/320/320 1886/321/321 2096/318/318
f 2096/318/318 1886/321/321 28/322/322 1889/323/323
f 2095/316/316 2096/318/318 1889/323/323 1888/324/324
f 2094/317/317 2095/316/316 1888/324/324 1887/325/325
f 389/269/269 2094/317/317 1887/325/325 24/270/270
f 388/268/268 2091/313/313 2094/317/317 389/269/269
f 387/267/267 2088/310/310 2091/313/313 388/268/268
f 2097/326/326 2098/327/327 2101/328/328 2100/329/329
f 2098/327/327 2099/330/330 2102/331/331 2101/328/328
f 2100/329/329 2101/328/328 2104/332/332 2103/333/333
f 2101/328/328 2102/331/331 2105/334/334 2104/332/332
f 29/335/335 1904/336/336 2097/326/326 1907/337/337
f 1904/336/336 1903/338/338 2098/327/327 2097/326/326
f 1903/338/338 1902/339/339 2099/330/330 2098/327/327
f 1902/339/339 30/340/340 408/341/341 2099/330/330
f 2099/330/330 408/341/341 409/342/342 2102/331/331
f 2102/331/331 409/342/342 410/343/343 2105/334/334
f 2105/334/334 410/343/343 31/344/344 411/345/345
f 2104/332/332 2105/334/334 411/345/345 412/346/346
f 2103/333/333 2104/332/332 412/346/346 413/347/347
f 1905/348/348 2103/333/333 413/347/347 32/349/349
f 1906/350/350 2100/329/329 2103/333/333 1905/348/348
f 1907/337/337 2097/326/326 2100/329/329 1906/350/350
f 2106/351/351 2107/352/352 2110/353/353 2109/354/354
f 2107/352/352 2108/355/355 2111/356/356 2110/353/353
f 2109/354/354 2110/353/353 2113/357/357 2112/358/358
f 2110/353/353 2111/356/356 2114/359/359 2113/357/357
f 32/349/349 413/347/347 2106/351/351 420/360/360
f 413/347/347 412/346/346 2107/352/352 2106/351/351
f 412/346/346 411/345/345 2108/355/355 2107/352/352
f 411/345/345 31/344/344 414/361/361 2108/355/355
f 2108/355/355 414/361/361 415/362/362 2111/356/356
f 2111/356/356 415/362/362 416/363/363 2114/359/359
f 2114/359/359 416/363/363 33/364/364 417/365/365
f 2113/357/357 2114/359/359 417/365/365 418/366/366
f 2112/358/358 2113/357/357 418/366/366 419/367/367
f 422/368/368 2112/358/358 419/367/367 34/369/369
f 421/370/370 2109/354/354 2112/358/358 422/368/368
f 420/360/360 2106/351/351 2109/354/354 421/370/370
f 2115/371/371 2116/372/372 2119/373/373 2118/374/374
f 2116/372/372 2117/375/375 2120/376/376 2119/373/373
f 2118/374/374 2119/373/373 2122/377/377 2121/378/378
f 2119/373/373 2120/376/376 2123/379/379 2122/377/377
f 34/369/369 419/367/367 2115/371/371 429/380/380
f 419/367/367 418/366/366 2116/372/372 2115/371/371
f 418/366/366 417/365/365 2117/375/375 2116/372/372
f 417/365/365 33/364/364 423/381/381 2117/375/375
f 2117/375/375 423/381/381 424/382/382 2120/376/376
f 2120/376/376 424/382/382 425/383/383 2123/379/379
f 2123/379/379 425/383/383 35/384/384 426/385/385
f 2122/377/377 2123/379/379 426/385/385 427/386/386
f 2121/378/378 2122/377/377 427/386/386 428/387/387
f 431/388/388 2121/378/378 428/387/387 36/389/389
f 430/390/390 2118/374/374 2121/378/378 431/388/388
f 429/380/380 2115/371/371 2118/374/374 430/390/390
f 2124/391/391 2125/392/392 2128/393/393 2127/394/394
f 2125/392/392 2126/395/395 2129/396/396 2128/393/393
f 2127/394/394 2128/393/393 2131/397/397 2130/398/398
f 2128/393/393 2129/396/396 2132/399/399 2131/397/397
f 36/389/389 428/387/387 2124/391/391 438/400/400
f 428/387/387 427/386/386 2125/392/392 2124/391/391
f 427/386/386 426/385/385 2126/395/395 2125/392/392
f 426/385/385 35/384/384 432/401/401 2126/395/395
f 2126/395/395 432/401/401 433/402/402 2129/396/396
f 2129/396/396 433/402/402 434/403/403 2132/399/399
f 2132/399/399 434/403/403 37/404/404 435/405/405
f 2131/397/397 2132/399/399 435/405/405 436/406/406
f 2130/398/398 2131/397/397 436/406/406 437/407/407
f 440/408/408 2130/398/398 437/407/407 38/409/409
f 439/410/410 2127/394/394 2130/398/398 440/408/408
f 438/400/400 2124/391/391 2127/394/394 439/410/410
f 2133/411/411 2134/412/412 2137/413/413 2136/414/414
f 2134/412/412 2135/415/415 2138/416/416 2137/413/413
f 2136/414/414 2137/413/413 2140/417/417 2139/418/418
f 2137/413/413 2138/416/416 2141/419/419 2140/417/417
f 38/409/409 437/407/407 2133/411/411 447/420/420
f 437/407/407 436/406/406 2134/412/412 2133/411/411
f 436/406/406 435/405/405 2135/415/415 2134/412/412
f 435/405/405 37/404/404 441/421/421 2135/415/415
f 2135/415/415 441/421/421 442/422/422 2138/416/416
f 2138/416/416 442/422/422 443/423/423 2141/419/419
f 2141/419/419 443/423/423 39/424/424 444/425/425
f 2140/417/417 2141/419/419 444/425/425 445/426/426
f 2139/418/418 2140/417/417 445/426/426 446/427/427
f 449/428/428 2139/418/418 446/427/427 40/429/429
f 448/430/430 2136/414/414 2139/418/418 449/428/428
f 447/420/420 2133/411/411 2136/414/414 448/430/430
f 2142/431/431 2143/432/432 2146/433/433 2145/434/434
f 2143/432/432 2144/435/435 2147/436/436 2146/433/433
f 2145/434/434 2146/433/433 2149/437/437 2148/438/438
f 2146/433/433 2147/436/436 2150/439/439 2149/437/437
f 40/429/429 446/427/427 2142/431/431 899/440/440
f 446/427/427 445/426/426 2143/432/432 2142/431/431
f 445/426/426 444/425/425 2144/435/435 2143/432/432
f 444/425/425 39/424/424 450/441/441 2144/435/435
f 2144/435/435 450/441/441 451/442/442 2147/436/436
f 2147/436/436 451/442/442 452/443/443 2150/439/439
f 2150/439/439 452/443/443 41/444/444 915/445/445
f 2149/437/437 2150/439/439 915/445/445 916/446/446
f 2148/438/438 2149/437/437 916/446/446 917/447/447
f 897/448/448 2148/438/438 917/447/447 42/449/449
f 898/450/450 2145/434/434 2148/438/438 897/448/448
f 899/440/440 2142/431/431 2145/434/434 898/450/450
f 2151/451/451 2152/452/452 2155/453/453 2154/454/454
f 2152/452/452 2153/455/455 2156/456/456 2155/453/453
f 2154/454/454 2155/453/453 2158/457/457 2157/458/458
f 2155/453/453 2156/456/456 2159/459/459 2158/457/457
f 30/340/340 456/460/460 2151/451/451 408/341/341
f 456/460/460 457/461/461 2152/452/452 2151/451/451
f 457/461/461 458/462/462 2153/455/455 2152/452/452
f 458/462/462 43/463/463 459/464/464 2153/455/455
f 2153/455/455 459/464/464 460/465/465 2156/456/456
f 2156/456/456 460/465/465 461/466/466 2159/459/459
f 2159/459/459 461/466/466 44/467/467 464/468/468
f 2158/457/457 2159/459/459 464/468/468 463/469/469
f 2157/458/458 2158/457/457 463/469/469 462/470/470
f 410/343/343 2157/458/458 462/470/470 31/344/344
f 409/342/342 2154/454/454 2157/458/458 410/343/343
f 408/341/341 2151/451/451 2154/454/454 409/342/342
f 2160/471/471 2161/472/472 2164/473/473 2163/474/474
f 2161/472/472 2162/475/475 2165/476/476 2164/473/473
f 2163/474/474 2164/473/473 2167/477/477 2166/478/478
f 2164/473/473 2165/476/476 2168/479/479 2167/477/477
f 31/344/344 462/470/470 2160/471/471 414/361/361
f 462/470/470 463/469/469 2161/472/472 2160/471/471
f 463/469/469 464/468/468 2162/475/475 2161/472/472
f 464/468/468 44/467/467 465/480/480 2162/475/475
f 2162/475/475 465/480/480 466/481/481 2165/476/476
f 2165/476/476 466/481/481 467/482/482 2168/479/479
f 2168/479/479 467/482/482 45/483/483 470/484/484
f 2167/477/477 2168/479/479 470/484/484 469/485/485
f 2166/478/478 2167/477/477 469/485/485 468/486/486
f 416/363/363 2166/478/478 468/486/486 33/364/364
f 415/362/362 2163/474/474 2166/478/478 416/363/363
f 414/361/361 2160/471/471 2163/474/474 415/362/362
f 2169/487/487 2170/488/488 2173/489/489 2172/490/490
f 2170/488/488 2171/491/491 2174/492/492 2173/489/489
f 2172/490/490 2173/489/489 2176/493/493 2175/494/494
f 2173/489/489 2174/492/492 2177/495/495 2176/493/493
f 33/364/364 468/486/486 2169/487/487 423/381/381
f 468/486/486 469/485/485 2170/488/488 2169/487/487
f 469/485/485 470/484/484 2171/491/491 2170/488/488
f 470/484/484 45/483/483 471/496/496 2171/491/491
f 2171/491/491 471/496/496 472/497/497 2174/492/492
f 2174/492/492 472/497/497 473/498/498 2177/495/495
f 2177/495/495 473/498/498 46/499/499 476/500/500
f 2176/493/493 2177/495/495 476/500/500 475/501/501
f 2175/494/494 2176/493/493 475/501/501 474/502/502
f 425/383/383 2175/494/494 474/502/502 35/384/384
f 424/382/382 2172/490/490 2175/494/494 425/383/383
f 423/381/381 2169/487/487 2172/490/490 424/382/382
f 2178/503/503 2179/504/504 2182/505/505 2181/506/506
f 2179/504/504 2180/507/507 2183/508/508 2182/505/505
f 2181/506/506 2182/505/505 2185/509/509 2184/510/510
f 2182/505/505 2183/508/508 2186/511/511 2185/509/509
f 35/384/384 474/502/502 2178/503/503 432/401/401
f 474/502/502 475/501/501 2179/504/504 2178/503/503
f 475/501/501 476/500/500 2180/507/507 2179/504/504
f 476/500/500 46/499/499 477/512/512 2180/507/507
f 2180/507/507 477/512/512 478/513/513 2183/508/508
f 2183/508/508 478/513/513 479/514/514 2186/511/511
f 2186/511/511 479/514/514 47/515/515 482/516/516
f 2185/509/509 2186/511/511 482/516/516 481/517/517
f 2184/510/510 2185/509/509 481/517/517 480/518/518
f 434/403/403 2184/510/510 480/518/518 37/404/404
f 433/402/402 2181/506/506 2184/510/510 434/403/403
f 432/401/401 2178/503/503 2181/506/506 433/402/402
f 2187/519/519 2188/520/520 2191/521/521 2190/522/522
f 2188/520/520 2189/523/523 2192/524/524 2191/521/521
f 2190/522/522 2191/521/521 2194/525/525 2193/526/526
f 2191/521/521 2192/524/524 2195/527/527 2194/525/525
f 37/404/404 480/518/518 2187/519/519 441/421/421
f 480/518/518 481/517/517 2188/520/520 2187/519/519
f 481/517/517 482/516/516 2189/523/523 2188/520/520
f 482/516/516 47/515/515 483/528/528 2189/523/523
f 2189/523/523 483/528/528 484/529/529 2192/524/524
f 2192/524/524 484/529/529 485/530/530 2195/527/527
f 2195/527/527 485/530/530 48/531/531 488/532/532
f 2194/525/525 2195/527/527 488/532/532 487/533/533
f 2193/526/526 2194/525/525 487/533/533 486/534/534
f 443/423/423 2193/526/526 486/534/534 39/424/424
f 442/422/422 2190/522/522 2193/526/526 443/423/423
f 441/421/421 2187/519/519 2190/522/522 442/422/422
f 2196/535/535 2197/536/536 2200/537/537 2199/538/538
f 2197/536/536 2198/539/539 2201/540/540 2200/537/537
f 2199/538/538 2200/537/537 2203/541/541 2202/542/542
f 2200/537/537 2201/540/540 2204/543/543 2203/541/541
f 39/424/424 486/534/534 2196/535/535 450/441/441
f 486/534/534 487/533/533 2197/536/536 2196/535/535
f 487/533/533 488/532/532 2198/539/539 2197/536/536
f 488/532/532 48/531/531 489/544/544 2198/539/539
f 2198/539/539 489/544/544 490/545/545 2201/540/540
f 2201/540/540 490/545/545 491/546/546 2204/543/543
f 2204/543/543 491/546/546 49/547/547 494/548/548
f 2203/541/541 2204/543/543 494/548/548 493/549/549
f 2202/542/542 2203/541/541 493/549/549 492/550/550
f 452/443/443 2202/542/542 492/550/550 41/444/444
f 451/442/442 2199/538/538 2202/542/542 452/443/443
f 450/441/441 2196/535/535 2199/538/538 451/442/442
f 2205/551/551 2206/552/552 2209/553/553 2208/554/554
f 2206/552/552 2207/555/555 2210/556/556 2209/553/553
f 2208/554/554 2209/553/553 2212/557/557 2211/558/558
f 2209/553/553 2210/556/556 2213/559/559 2212/557/557
f 43/463/463 495/560/560 2205/551/551 459/464/464
f 495/560/560 496/561/561 2206/552/552 2205/551/551
f 496/561/561 497/562/562 2207/555/555 2206/552/552
f 497/562/562 50/563/563 498/564/564 2207/555/555
f 2207/555/555 498/564/564 499/565/565 2210/556/556
f 2210/556/556 499/565/565 500/566/566 2213/559/559
f 2213/559/559 500/566/566 51/567/567 503/568/568
f 2212/557/557 2213/559/559 503/568/568 502/569/569
f 2211/558/558 2212/557/557 502/569/569 501/570/570
f 461/466/466 2211/558/558 501/570/570 44/467/467
f 460/465/465 2208/554/554 2211/558/558 461/466/466
f 459/464/464 2205/551/551 2208/554/554 460/465/465
f 2214/571/571 2215/572/572 2218/573/573 2217/574/574
f 2215/572/572 2216/575/575 2219/576/576 2218/573/573
f 2217/574/574 2218/573/573 2221/577/577 2220/578/578
f 2218/573/573 2219/576/576 2222/579/579 2221/577/577
f 44/467/467 501/570/570 2214/571/571 465/480/480
f 501/570/570 502/569/569 2215/572/572 2214/571/571
f 502/569/569 503/568/568 2216/575/575 2215/572/572
f 503/568/568 51/567/567 504/580/580 2216/575/575
f 2216/575/575 504/580/580 505/581/581 2219/576/576
f 2219/576/576 505/581/581 506/582/582 2222/579/579
f 2222/579/579 506/582/582 52/583/583 509/584/584
f 2221/577/577 2222/579/579 509/584/584 508/585/585
f 2220/578/578 2221/577/577 508/585/585 507/586/586
f 467/482/482 2220/578/578 507/586/586 45/483/483
f 466/481/481 2217/574/574 2220/578/578 467/482/482
f 465/480/480 2214/571/571 2217/574/574 466/481/481
f 2223/587/587 2224/588/588 2227/589/589 2226/590/590
f 2224/588/588 2225/591/591 2228/592/592 2227/589/589
f 2226/590/590 2227/589/589 2230/593/593 2229/594/594
f 2227/589/589 2228/592/592 2231/595/595 2230/593/593
f 45/483/483 507/586/586 2223/587/587 471/496/496
f 507/586/586 508/585/585 2224/588/588 2223/587/587
f 508/585/585 509/584/584 2225/591/591 2224/588/588
f 509/584/584 52/583/583 510/596/596 2225/591/591
f 2225/591/591 510/596/596 511/597/597 2228/592/592
f 2228/592/592 511/597/597 512/598/598 2231/595/595
f 2231/595/595 512/598/598 53/599/599 515/600/600
f 2230/593/593 2231/595/595 515/600/600 514/601/601
f 2229/594/594 2230/593/593 514/601/601 513/602/602
f 473/498/498 2229/594/594 513/602/602 46/499/499
f 472/497/497 2226/590/590 2229/594/594 473/498/498
f 471/496/496 2223/587/587 2226/590/590 472/497/497
f 2232/603/603 2233/604/604 2236/605/605 2235/606/606
f 2233/604/604 2234/607/607 2237/608/608 2236/605/605
f 2235/606/606 2236/605/605 2239/609/609 2238/610/610
f 2236/605/605 2237/608/608 2240/611/611 2239/609/609
f 46/499/499 513/602/602 2232/603/603 477/512/512
f 513/602/602 514/601/601 2233/604/604 2232/603/603
f 514/601/601 515/600/600 2234/607/607 2233/604/604
f 515/600/600 53/599/599 516/612/612 2234/607/607
f 2234/607/607 516/612/612 517/613/613 2237/608/608
f 2237/608/608 517/613/613 518/614/614 2240/611/611
f 2240/611/611 518/614/614 54/615/615 521/616/616
f 2239/609/609 2240/611/611 521/616/616 520/617/617
f 2238/610/610 2239/609/609 520/617/617 519/618/618
f 479/514/514 2238/610/610 519/618/618 47/515/515
f 478/513/513 2235/606/606 2238/610/610 479/514/514
f 477/512/512 2232/603/603 2235/606/606 478/513/513
f 2241/619/619 2242/620/620 2245/621/621 2244/622/622
f 2242/620/620 2243/623/623 2246/624/624 2245/621/621
f 2244/622/622 2245/621/621 2248/625/625 2247/626/626
f 2245/621/621 2246/624/624 2249/627/627 2248/625/625
f 47/515/515 519/618/618 2241/619/619 483/528/528
f 519/618/618 520/617/617 2242/620/620 2241/619/619
f 520/617/617 521/616/616 2243/623/623 2242/620/620
f 521/616/616 54/615/615 522/628/628 2243/623/623
f 2243/623/623 522/628/628 523/629/629 2246/624/624
f 2246/624/624 523/629/629 524/630/630 2249/627/627
f 2249/627/627 524/630/630 55/631/631 527/632/632
f 2248/625/625 2249/627/627 527/632/632 526/633/633
f 2247/626/626 2248/625/625 526/633/633 525/634/634
f 485/530/530 2247/626/626 525/634/634 48/531/531
f 484/529/529 2244/622/622 2247/626/626 485/530/530
f 483/528/528 2241/619/619 2244/622/622 484/529/529
f 2250/635/635 2251/636/636 2254/637/637 2253/638/638
f 2251/636/636 2252/639/639 2255/640/640 2254/637/637
f 2253/638/638 2254/637/637 2257/641/641 2256/642/642
f 2254/637/637 2255/640/640 2258/643/643 2257/641/641
f 48/531/531 525/634/634 2250/635/635 489/544/544
f 525/634/634 526/633/633 2251/636/636 2250/635/635
f 526/633/633 527/632/632 2252/639/639 2251/636/636
f 527/632/632 55/631/631 528/644/644 2252/639/639
f 2252/639/639 528/644/644 529/645/645 2255/640/640
f 2255/640/640 529/645/645 530/646/646 2258/643/643
f 2258/643/643 530/646/646 56/647/647 533/648/648
f 2257/641/641 2258/643/643 533/648/648 532/649/649
f 2256/642/642 2257/641/641 532/649/649 531/650/650
f 491/546/546 2256/642/642 531/650/650 49/547/547
f 490/545/545 2253/638/638 2256/642/642 491/546/546
f 489/544/544 2250/635/635 2253/638/638 490/545/545
f 2259/651/651 2260/652/652 2263/653/653 2262/654/654
f 2260/652/652 2261/655/655 2264/656/656 2263/653/653
f 2262/654/654 2263/653/653 2266/657/657 2265/658/658
f 2263/653/653 2264/656/656 2267/659/659 2266/657/657
f 57/660/660 534/661/661 2259/651/651 543/662/662
f 534/661/661 535/663/663 2260/652/652 2259/651/651
f 535/663/663 536/664/664 2261/655/655 2260/652/652
f 536/664/664 58/665/665 537/666/666 2261/655/655
f 2261/655/655 537/666/666 538/667/667 2264/656/656
f 2264/656/656 538/667/667 539/668/668 2267/659/659
f 2267/659/659 539/668/668 59/669/669 540/670/670
f 2266/657/657 2267/659/659 540/670/670 541/671/671
f 2265/658/658 2266/657/657 541/671/671 542/672/672
f 545/673/673 2265/658/658 542/672/672 60/674/674
f 544/675/675 2262/654/654 2265/658/658 545/673/673
f 543/662/662 2259/651/651 2262/654/654 544/675/675
f 2268/676/676 2269/677/677 2272/678/678 2271/679/679
f 2269/677/677 2270/680/680 2273/681/681 2272/678/678
f 2271/679/679 2272/678/678 2275/682/682 2274/683/683
f 2272/678/678 2273/681/681 2276/684/684 2275/682/682
f 60/674/674 542/672/672 2268/676/676 552/685/685
f 542/672/672 541/671/671 2269/677/677 2268/676/676
f 541/671/671 540/670/670 2270/680/680 2269/677/677
f 540/670/670 59/669/669 546/686/686 2270/680/680
f 2270/680/680 546/686/686 547/687/687 2273/681/681
f 2273/681/681 547/687/687 548/688/688 2276/684/684
f 2276/684/684 548/688/688 61/689/689 1554/690/690
f 2275/682/682 2276/684/684 1554/690/690 1555/691/691
f 2274/683/683 2275/682/682 1555/691/691 1556/692/692
f 554/693/693 2274/683/683 1556/692/692 62/694/694
f 553/695/695 2271/679/679 2274/683/683 554/693/693
f 552/685/685 2268/676/676 2271/679/679 553/695/695
f 2277/696/696 2278/697/697 2281/698/698 2280/699/699
f 2278/697/697 2279/700/700 2282/701/701 2281/698/698
f 2280/699/699 2281/698/698 2284/702/702 2283/703/703
f 2281/698/698 2282/701/701 2285/704/704 2284/702/702
f 58/665/665 555/705/705 2277/696/696 537/666/666
f 555/705/705 556/706/706 2278/697/697 2277/696/696
f 556/706/706 557/707/707 2279/700/700 2278/697/697
f 557/707/707 63/708/708 558/709/709 2279/700/700
f 2279/700/700 558/709/709 559/710/710 2282/701/701
f 2282/701/701 559/710/710 560/711/711 2285/704/704
f 2285/704/704 560/711/711 64/712/712 563/713/713
f 2284/702/702 2285/704/704 563/713/713 562/714/714
f 2283/703/703 2284/702/702 562/714/714 561/715/715
f 539/668/668 2283/703/703 561/715/715 59/669/669
f 538/667/667 2280/699/699 2283/703/703 539/668/668
f 537/666/666 2277/696/696 2280/699/699 538/667/667
f 2286/716/716 2287/717/717 2290/718/718 2289/719/719
f 2287/717/717 2288/720/720 2291/721/721 2290/718/718
f 2289/719/719 2290/718/718 2293/722/722 2292/723/723
f 2290/718/718 2291/721/721 2294/724/724 2293/722/722
f 59/669/669 561/715/715 2286/716/716 546/686/686
f 561/715/715 562/714/714 2287/717/717 2286/716/716
f 562/714/714 563/713/713 2288/720/720 2287/717/717
f 563/713/713 64/712/712 564/725/725 2288/720/720
f 2288/720/720 564/725/725 565/726/726 2291/721/721
f 2291/721/721 565/726/726 566/727/727 2294/724/724
f 2294/724/724 566/727/727 65/728/728 569/729/729
f 2293/722/722 2294/724/724 569/729/729 568/730/730
f 2292/723/723 2293/722/722 568/730/730 567/731/731
f 548/688/688 2292/723/723 567/731/731 61/689/689
f 547/687/687 2289/719/719 2292/723/723 548/688/688
f 546/686/686 2286/716/716 2289/719/719 547/687/687
f 2295/732/732 2296/733/733 2299/734/734 2298/735/735
f 2296/733/733 2297/736/736 2300/737/737 2299/734/734
f 2298/735/735 2299/734/734 2302/738/738 2301/739/739
f 2299/734/734 2300/737/737 2303/740/740 2302/738/738
f 63/708/708 570/741/741 2295/732/732 558/709/709
f 570/741/741 571/742/742 2296/733/733 2295/732/732
f 571/742/742 572/743/743 2297/736/736 2296/733/733
f 572/743/743 66/744/744 573/745/745 2297/736/736
f 2297/736/736 573/745/745 574/746/746 2300/737/737
f 2300/737/737 574/746/746 575/747/747 2303/740/740
f 2303/740/740 575/747/747 67/748/748 578/749/749
f 2302/738/738 2303/740/740 578/749/749 577/750/750
f 2301/739/739 2302/738/738 577/750/750 576/751/751
f 560/711/711 2301/739/739 576/751/751 64/712/712
f 559/710/710 2298/735/735 2301/739/739 560/711/711
f 558/709/709 2295/732/732 2298/735/735 559/710/710
f 2304/752/752 2305/753/753 2308/754/754 2307/755/755
f 2305/753/753 2306/756/756 2309/757/757 2308/754/754
f 2307/755/755 2308/754/754 2311/758/758 2310/759/759
f 2308/754/754 2309/757/757 2312/760/760 2311/758/758
f 64/712/712 576/751/751 2304/752/752 564/725/725
f 576/751/751 577/750/750 2305/753/753 2304/752/752
f 577/750/750 578/749/749 2306/756/756 2305/753/753
f 578/749/749 67/748/748 582/761/761 2306/756/756
f 2306/756/756 582/761/761 583/762/762 2309/757/757
f 2309/757/757 583/762/762 584/763/763 2312/760/760
f 2312/760/760 584/763/763 68/764/764 878/765/765
f 2311/758/758 2312/760/760 878/765/765 877/766/766
f 2310/759/759 2311/758/758 877/766/766 876/767/767
f 566/727/727 2310/759/759 876/767/767 65/728/728
f 565/726/726 2307/755/755 2310/759/759 566/727/727
f 564/725/725 2304/752/752 2307/755/755 565/726/726
f 2313/768/768 2314/769/769 2317/770/770 2316/771/771
f 2314/769/769 2315/772/772 2318/773/773 2317/770/770
f 2316/771/771 2317/770/770 2320/774/774 2319/775/775
f 2317/770/770 2318/773/773 2321/776/776 2320/774/774
f 69/777/777 1925/778/778 2313/768/768 1922/779/779
f 1925/778/778 1924/780/780 2314/769/769 2313/768/768
f 1924/780/780 1923/781/781 2315/772/772 2314/769/769
f 1923/781/781 70/782/782 585/783/783 2315/772/772
f 2315/772/772 585/783/783 586/784/784 2318/773/773
f 2318/773/773 586/784/784 587/785/785 2321/776/776
f 2321/776/776 587/785/785 71/786/786 588/787/787
f 2320/774/774 2321/776/776 588/787/787 589/788/788
f 2319/775/775 2320/774/774 589/788/788 590/789/789
f 1920/790/790 2319/775/775 590/789/789 72/791/791
f 1921/792/792 2316/771/771 2319/775/775 1920/790/790
f 1922/779/779 2313/768/768 2316/771/771 1921/792/792
f 2322/793/793 2323/794/794 2326/795/795 2325/796/796
f 2323/794/794 2324/797/797 2327/798/798 2326/795/795
f 2325/796/796 2326/795/795 2329/799/799 2328/800/800
f 2326/795/795 2327/798/798 2330/801/801 2329/799/799
f 72/791/791 590/789/789 2322/793/793 597/802/802
f 590/789/789 589/788/788 2323/794/794 2322/793/793
f 589/788/788 588/787/787 2324/797/797 2323/794/794
f 588/787/787 71/786/786 591/803/803 2324/797/797
f 2324/797/797 591/803/803 592/804/804 2327/798/798
f 2327/798/798 592/804/804 593/805/805 2330/801/801
f 2330/801/801 593/805/805 73/806/806 594/807/807
f 2329/799/799 2330/801/801 594/807/807 595/808/808
f 2328/800/800 2329/799/799 595/808/808 596/809/809
f 599/810/810 2328/800/800 596/809/809 74/811/811
f 598/812/812 2325/796/796 2328/800/800 599/810/810
f 597/802/802 2322/793/793 2325/796/796 598/812/812
f 2331/813/813 2332/814/814 2335/815/815 2334/816/816
f 2332/814/814 2333/817/817 2336/818/818 2335/815/815
f 2334/816/816 2335/815/815 2338/819/819 2337/820/820
f 2335/815/815 2336/818/818 2339/821/821 2338/819/819
f 74/811/811 596/809/809 2331/813/813 606/822/822
f 596/809/809 595/808/808 2332/814/814 2331/813/813
f 595/808/808 594/807/807 2333/817/817 2332/814/814
f 594/807/807 73/806/806 600/823/823 2333/817/817
f 2333/817/817 600/823/823 601/824/824 2336/818/818
f 2336/818/818 601/824/824 602/825/825 2339/821/821
f 2339/821/821 602/825/825 75/826/826 1664/827/827
f 2338/819/819 2339/821/821 1664/827/827 1663/828/828
f 2337/820/820 2338/819/819 1663/828/828 1662/829/829
f 608/830/830 2337/820/820 1662/829/829 76/831/831
f 607/832/832 2334/816/816 2337/820/820 608/830/830
f 606/822/822 2331/813/813 2334/816/816 607/832/832
f 2340/833/833 2341/834/834 2344/835/835 2343/836/836
f 2341/834/834 2342/837/837 2345/838/838 2344/835/835
f 2343/836/836 2344/835/835 2347/839/839 2346/840/840
f 2344/835/835 2345/838/838 2348/841/841 2347/839/839
f 70/782/782 609/842/842 2340/833/833 585/783/783
f 609/842/842 610/843/843 2341/834/834 2340/833/833
f 610/843/843 611/844/844 2342/837/837 2341/834/834
f 611/844/844 77/845/845 612/846/846 2342/837/837
f 2342/837/837 612/846/846 613/847/847 2345/838/838
f 2345/838/838 613/847/847 614/848/848 2348/841/841
f 2348/841/841 614/848/848 78/849/849 617/850/850
f 2347/839/839 2348/841/841 617/850/850 616/851/851
f 2346/840/840 2347/839/839 616/851/851 615/852/852
f 587/785/785 2346/840/840 615/852/852 71/786/786
f 586/784/784 2343/836/836 2346/840/840 587/785/785
f 585/783/783 2340/833/833 2343/836/836 586/784/784
f 2349/853/853 2350/854/854 2353/855/855 2352/856/856
f 2350/854/854 2351/857/857 2354/858/858 2353/855/855
f 2352/856/856 2353/855/855 2356/859/859 2355/860/860
f 2353/855/855 2354/858/858 2357/861/861 2356/859/859
f 71/786/786 615/852/852 2349/853/853 591/803/803
f 615/852/852 616/851/851 2350/854/854 2349/853/853
f 616/851/851 617/850/850 2351/857/857 2350/854/854
f 617/850/850 78/849/849 618/862/862 2351/857/857
f 2351/857/857 618/862/862 619/863/863 2354/858/858
f 2354/858/858 619/863/863 620/864/864 2357/861/861
f 2357/861/861 620/864/864 79/865/865 623/866/866
f 2356/859/859 2357/861/861 623/866/866 622/867/867
f 2355/860/860 2356/859/859 622/867/867 621/868/868
f 593/805/805 2355/860/860 621/868/868 73/806/806
f 592/804/804 2352/856/856 2355/860/860 593/805/805
f 591/803/803 2349/853/853 2352/856/856 592/804/804
f 2358/869/869 2359/870/870 2362/871/871 2361/872/872
f 2359/870/870 2360/873/873 2363/874/874 2362/871/871
f 2361/872/872 2362/871/871 2365/875/875 2364/876/876
f 2362/871/871 2363/874/874 2366/877/877 2365/875/875
f 73/806/806 621/868/868 2358/869/869 600/823/823
f 621/868/868 622/867/867 2359/870/870 2358/869/869
f 622/867/867 623/866/866 2360/873/873 2359/870/870
f 623/866/866 79/865/865 624/878/878 2360/873/873
f 2360/873/873 624/878/878 625/879/879 2363/874/874
f 2363/874/874 625/879/879 626/880/880 2366/877/877
f 2366/877/877 626/880/880 80/881/881 629/882/882
f 2365/875/875 2366/877/877 629/882/882 628/883/883
f 2364/876/876 2365/875/875 628/883/883 627/884/884
f 602/825/825 2364/876/876 627/884/884 75/826/826
f 601/824/824 2361/872/872 2364/876/876 602/825/825
f 600/823/823 2358/869/869 2361/872/872 601/824/824
f 2367/885/885 2368/886/886 2371/887/887 2370/888/888
f 2368/886/886 2369/889/889 2372/890/890 2371/887/887
f 2370/888/888 2371/887/887 2374/891/891 2373/892/892
f 2371/887/887 2372/890/890 2375/893/893 2374/891/891
f 25/286/286 630/894/894 2367/885/885 396/287/287
f 630/894/894 631/895/895 2368/886/886 2367/885/885
f 631/895/895 632/896/896 2369/889/889 2368/886/886
f 632/896/896 81/897/897 633/898/898 2369/889/889
f 2369/889/889 633/898/898 634/899/899 2372/890/890
f 2372/890/890 634/899/899 635/900/900 2375/893/893
f 2375/893/893 635/900/900 82/901/901 638/902/902
f 2374/891/891 2375/893/893 638/902/902 637/903/903
f 2373/892/892 2374/891/891 637/903/903 636/904/904
f 398/289/289 2373/892/892 636/904/904 26/290/290
f 397/288/288 2370/888/888 2373/892/892 398/289/289
f 396/287/287 2367/885/885 2370/888/888 397/288/288
f 2376/905/905 2377/906/906 2380/907/907 2379/908/908
f 2377/906/906 2378/909/909 2381/910/910 2380/907/907
f 2379/908/908 2380/907/907 2383/911/911 2382/912/912
f 2380/907/907 2381/910/910 2384/913/913 2383/911/911
f 26/290/290 636/904/904 2376/905/905 402/303/303
f 636/904/904 637/903/903 2377/906/906 2376/905/905
f 637/903/903 638/902/902 2378/909/909 2377/906/906
f 638/902/902 82/901/901 639/914/914 2378/909/909
f 2378/909/909 639/914/914 640/915/915 2381/910/910
f 2381/910/910 640/915/915 641/916/916 2384/913/913
f 2384/913/913 641/916/916 83/917/917 644/918/918
f 2383/911/911 2384/913/913 644/918/918 643/919/919
f 2382/912/912 2383/911/911 643/919/919 642/920/920
f 404/305/305 2382/912/912 642/920/920 27/306/306
f 403/304/304 2379/908/908 2382/912/912 404/305/305
f 402/303/303 2376/905/905 2379/908/908 403/304/304
f 2385/921/921 2386/922/922 2389/923/923 2388/924/924
f 2386/922/922 2387/925/925 2390/926/926 2389/923/923
f 2388/924/924 2389/923/923 2392/927/927 2391/928/928
f 2389/923/923 2390/926/926 2393/929/929 2392/927/927
f 27/306/306 642/920/920 2385/921/921 1884/319/319
f 642/920/920 643/919/919 2386/922/922 2385/921/921
f 643/919/919 644/918/918 2387/925/925 2386/922/922
f 644/918/918 83/917/917 645/930/930 2387/925/925
f 2387/925/925 645/930/930 646/931/931 2390/926/926
f 2390/926/926 646/931/931 647/932/932 2393/929/929
f 2393/929/929 647/932/932 84/933/933 1890/934/934
f 2392/927/927 2393/929/929 1890/934/934 1891/935/935
f 2391/928/928 2392/927/927 1891/935/935 1892/936/936
f 1886/321/321 2391/928/928 1892/936/936 28/322/322
f 1885/320/320 2388/924/924 2391/928/928 1886/321/321
f 1884/319/319 2385/921/921 2388/924/924 1885/320/320
f 2394/937/937 2395/938/938 2398/939/939 2397/940/940
f 2395/938/938 2396/941/941 2399/942/942 2398/939/939
f 2397/940/940 2398/939/939 2401/943/943 2400/944/944
f 2398/939/939 2399/942/942 2402/945/945 2401/943/943
f 81/897/897 650/946/946 2394/937/937 633/898/898
f 650/946/946 649/947/947 2395/938/938 2394/937/937
f 649/947/947 648/948/948 2396/941/941 2395/938/938
f 648/948/948 66/744/744 572/743/743 2396/941/941
f 2396/941/941 572/743/743 571/742/742 2399/942/942
f 2399/942/942 571/742/742 570/741/741 2402/945/945
f 2402/945/945 570/741/741 63/708/708 651/949/949
f 2401/943/943 2402/945/945 651/949/949 652/950/950
f 2400/944/944 2401/943/943 652/950/950 653/951/951
f 635/900/900 2400/944/944 653/951/951 82/901/901
f 634/899/899 2397/940/940 2400/944/944 635/900/900
f 633/898/898 2394/937/937 2397/940/940 634/899/899
f 2403/952/952 2404/953/953 2407/954/954 2406/955/955
f 2404/953/953 2405/956/956 2408/957/957 2407/954/954
f 2406/955/955 2407/954/954 2410/958/958 2409/959/959
f 2407/954/954 2408/957/957 2411/960/960 2410/958/958
f 82/901/901 653/951/951 2403/952/952 639/914/914
f 653/951/951 652/950/950 2404/953/953 2403/952/952
f 652/950/950 651/949/949 2405/956/956 2404/953/953
f 651/949/949 63/708/708 557/707/707 2405/956/956
f 2405/956/956 557/707/707 556/706/706 2408/957/957
f 2408/957/957 556/706/706 555/705/705 2411/960/960
f 2411/960/960 555/705/705 58/665/665 654/961/961
f 2410/958/958 2411/960/960 654/961/961 655/962/962
f 2409/959/959 2410/958/958 655/962/962 656/963/963
f 641/916/916 2409/959/959 656/963/963 83/917/917
f 640/915/915 2406/955/955 2409/959/959 641/916/916
f 639/914/914 2403/952/952 2406/955/955 640/915/915
f 2412/964/964 2413/965/965 2416/966/966 2415/967/967
f 2413/965/965 2414/968/968 2417/969/969 2416/966/966
f 2415/967/967 2416/966/966 2419/970/970 2418/971/971
f 2416/966/966 2417/969/969 2420/972/972 2419/970/970
f 83/917/917 656/963/963 2412/964/964 645/930/930
f 656/963/963 655/962/962 2413/965/965 2412/964/964
f 655/962/962 654/961/961 2414/968/968 2413/965/965
f 654/961/961 58/665/665 536/664/664 2414/968/968
f 2414/968/968 536/664/664 535/663/663 2417/969/969
f 2417/969/969 535/663/663 534/661/661 2420/972/972
f 2420/972/972 534/661/661 57/660/660 657/973/973
f 2419/970/970 2420/972/972 657/973/973 658/974/974
f 2418/971/971 2419/970/970 658/974/974 659/975/975
f 647/932/932 2418/971/971 659/975/975 84/933/933
f 646/931/931 2415/967/967 2418/971/971 647/932/932
f 645/930/930 2412/964/964 2415/967/967 646/931/931
f 2421/976/976 2422/977/977 2425/978/978 2424/979/979
f 2422/977/977 2423/980/980 2426/981/981 2425/978/978
f 2424/979/979 2425/978/978 2428/982/982 2427/983/983
f 2425/978/978 2426/981/981 2429/984/984 2428/982/982
f 50/563/563 497/562/562 2421/976/976 660/985/985
f 497/562/562 496/561/561 2422/977/977 2421/976/976
f 496/561/561 495/560/560 2423/980/980 2422/977/977
f 495/560/560 43/463/463 666/986/986 2423/980/980
f 2423/980/980 666/986/986 667/987/987 2426/981/981
f 2426/981/981 667/987/987 668/988/988 2429/984/984
f 2429/984/984 668/988/988 86/989/989 665/990/990
f 2428/982/982 2429/984/984 665/990/990 664/991/991
f 2427/983/983 2428/982/982 664/991/991 663/992/992
f 662/993/993 2427/983/983 663/992/992 85/994/994
f 661/995/995 2424/979/979 2427/983/983 662/993/993
f 660/985/985 2421/976/976 2424/979/979 661/995/995
f 2430/996/996 2431/997/997 2434/998/998 2433/999/999
f 2431/997/997 2432/1000/1000 2435/1001/1001 2434/998/998
f 2433/999/999 2434/998/998 2437/1002/1002 2436/1003/1003
f 2434/998/998 2435/1001/1001 2438/1004/1004 2437/1002/1002
f 43/463/463 458/462/462 2430/996/996 666/986/986
f 458/462/462 457/461/461 2431/997/997 2430/996/996
f 457/461/461 456/460/460 2432/1000/1000 2431/997/997
f 456/460/460 30/340/340 672/1005/1005 2432/1000/1000
f 2432/1000/1000 672/1005/1005 673/1006/1006 2435/1001/1001
f 2435/1001/1001 673/1006/1006 674/1007/1007 2438/1004/1004
f 2438/1004/1004 674/1007/1007 87/1008/1008 671/1009/1009
f 2437/1002/1002 2438/1004/1004 671/1009/1009 670/1010/1010
f 2436/1003/1003 2437/1002/1002 670/1010/1010 669/1011/1011
f 668/988/988 2436/1003/1003 669/1011/1011 86/989/989
f 667/987/987 2433/999/999 2436/1003/1003 668/988/988
f 666/986/986 2430/996/996 2433/999/999 667/987/987
f 2439/1012/1012 2440/1013/1013 2443/1014/1014 2442/1015/1015
f 2440/1013/1013 2441/1016/1016 2444/1017/1017 2443/1014/1014
f 2442/1015/1015 2443/1014/1014 2446/1018/1018 2445/1019/1019
f 2443/1014/1014 2444/1017/1017 2447/1020/1020 2446/1018/1018
f 30/340/340 1902/339/339 2439/1012/1012 672/1005/1005
f 1902/339/339 1903/338/338 2440/1013/1013 2439/1012/1012
f 1903/338/338 1904/336/336 2441/1016/1016 2440/1013/1013
f 1904/336/336 29/335/335 1910/1021/1021 2441/1016/1016
f 2441/1016/1016 1910/1021/1021 1909/1022/1022 2444/1017/1017
f 2444/1017/1017 1909/1022/1022 1908/1023/1023 2447/1020/1020
f 2447/1020/1020 1908/1023/1023 88/1024/1024 677/1025/1025
f 2446/1018/1018 2447/1020/1020 677/1025/1025 676/1026/1026
f 2445/1019/1019 2446/1018/1018 676/1026/1026 675/1027/1027
f 674/1007/1007 2445/1019/1019 675/1027/1027 87/1008/1008
f 673/1006/1006 2442/1015/1015 2445/1019/1019 674/1007/1007
f 672/1005/1005 2439/1012/1012 2442/1015/1015 673/1006/1006
f 2448/1028/1028 2449/1029/1029 2452/1030/1030 2451/1031/1031
f 2449/1029/1029 2450/1032/1032 2453/1033/1033 2452/1030/1030
f 2451/1031/1031 2452/1030/1030 2455/1034/1034 2454/1035/1035
f 2452/1030/1030 2453/1033/1033 2456/1036/1036 2455/1034/1034
f 85/994/994 663/992/992 2448/1028/1028 680/1037/1037
f 663/992/992 664/991/991 2449/1029/1029 2448/1028/1028
f 664/991/991 665/990/990 2450/1032/1032 2449/1029/1029
f 665/990/990 86/989/989 683/1038/1038 2450/1032/1032
f 2450/1032/1032 683/1038/1038 682/1039/1039 2453/1033/1033
f 2453/1033/1033 682/1039/1039 681/1040/1040 2456/1036/1036
f 2456/1036/1036 681/1040/1040 78/849/849 614/848/848
f 2455/1034/1034 2456/1036/1036 614/848/848 613/847/847
f 2454/1035/1035 2455/1034/1034 613/847/847 612/846/846
f 678/1041/1041 2454/1035/1035 612/846/846 77/845/845
f 679/1042/1042 2451/1031/1031 2454/1035/1035 678/1041/1041
f 680/1037/1037 2448/1028/1028 2451/1031/1031 679/1042/1042
f 2457/1043/1043 2458/1044/1044 2461/1045/1045 2460/1046/1046
f 2458/1044/1044 2459/1047/1047 2462/1048/1048 2461/1045/1045
f 2460/1046/1046 2461/1045/1045 2464/1049/1049 2463/1050/1050
f 2461/1045/1045 2462/1048/1048 2465/1051/1051 2464/1049/1049
f 86/989/989 669/1011/1011 2457/1043/1043 683/1038/1038
f 669/1011/1011 670/1010/1010 2458/1044/1044 2457/1043/1043
f 670/1010/1010 671/1009/1009 2459/1047/1047 2458/1044/1044
f 671/1009/1009 87/1008/1008 686/1052/1052 2459/1047/1047
f 2459/1047/1047 686/1052/1052 685/1053/1053 2462/1048/1048
f 2462/1048/1048 685/1053/1053 684/1054/1054 2465/1051/1051
f 2465/1051/1051 684/1054/1054 79/865/865 620/864/864
f 2464/1049/1049 2465/1051/1051 620/864/864 619/863/863
f 2463/1050/1050 2464/1049/1049 619/863/863 618/862/862
f 681/1040/1040 2463/1050/1050 618/862/862 78/849/849
f 682/1039/1039 2460/1046/1046 2463/1050/1050 681/1040/1040
f 683/1038/1038 2457/1043/1043 2460/1046/1046 682/1039/1039
f 2466/1055/1055 2467/1056/1056 2470/1057/1057 2469/1058/1058
f 2467/1056/1056 2468/1059/1059 2471/1060/1060 2470/1057/1057
f 2469/1058/1058 2470/1057/1057 2473/1061/1061 2472/1062/1062
f 2470/1057/1057 2471/1060/1060 2474/1063/1063 2473/1061/1061
f 87/1008/1008 675/1027/1027 2466/1055/1055 686/1052/1052
f 675/1027/1027 676/1026/1026 2467/1056/1056 2466/1055/1055
f 676/1026/1026 677/1025/1025 2468/1059/1059 2467/1056/1056
f 677/1025/1025 88/1024/1024 689/1064/1064 2468/1059/1059
f 2468/1059/1059 689/1064/1064 688/1065/1065 2471/1060/1060
f 2471/1060/1060 688/1065/1065 687/1066/1066 2474/1063/1063
f 2474/1063/1063 687/1066/1066 80/881/881 626/880/880
f 2473/1061/1061 2474/1063/1063 626/880/880 625/879/879
f 2472/1062/1062 2473/1061/1061 625/879/879 624/878/878
f 684/1054/1054 2472/1062/1062 624/878/878 79/865/865
f 685/1053/1053 2469/1058/1058 2472/1062/1062 684/1054/1054
f 686/1052/1052 2466/1055/1055 2469/1058/1058 685/1053/1053
f 2475/1067/1067 2476/1068/1068 2479/1069/1069 2478/1070/1070
f 2476/1068/1068 2477/1071/1071 2480/1072/1072 2479/1069/1069
f 2478/1070/1070 2479/1069/1069 2482/1073/1073 2481/1074/1074
f 2479/1069/1069 2480/1072/1072 2483/1075/1075 2482/1073/1073
f 25/286/286 395/285/285 2475/1067/1067 690/1076/1076
f 395/285/285 394/284/284 2476/1068/1068 2475/1067/1067
f 394/284/284 393/283/283 2477/1071/1071 2476/1068/1068
f 393/283/283 21/234/234 696/1077/1077 2477/1071/1071
f 2477/1071/1071 696/1077/1077 697/1078/1078 2480/1072/1072
f 2480/1072/1072 697/1078/1078 698/1079/1079 2483/1075/1075
f 2483/1075/1075 698/1079/1079 90/1080/1080 695/1081/1081
f 2482/1073/1073 2483/1075/1075 695/1081/1081 694/1082/1082
f 2481/1074/1074 2482/1073/1073 694/1082/1082 693/1083/1083
f 692/1084/1084 2481/1074/1074 693/1083/1083 89/1085/1085
f 691/1086/1086 2478/1070/1070 2481/1074/1074 692/1084/1084
f 690/1076/1076 2475/1067/1067 2478/1070/1070 691/1086/1086
f 2484/1087/1087 2485/1088/1088 2488/1089/1089 2487/1090/1090
f 2485/1088/1088 2486/1091/1091 2489/1092/1092 2488/1089/1089
f 2487/1090/1090 2488/1089/1089 2491/1093/1093 2490/1094/1094
f 2488/1089/1089 2489/1092/1092 2492/1095/1095 2491/1093/1093
f 21/234/234 374/233/233 2484/1087/1087 696/1077/1077
f 374/233/233 373/232/232 2485/1088/1088 2484/1087/1087
f 373/232/232 372/231/231 2486/1091/1091 2485/1088/1088
f 372/231/231 17/182/182 702/1096/1096 2486/1091/1091
f 2486/1091/1091 702/1096/1096 703/1097/1097 2489/1092/1092
f 2489/1092/1092 703/1097/1097 704/1098/1098 2492/1095/1095
f 2492/1095/1095 704/1098/1098 91/1099/1099 701/1100/1100
f 2491/1093/1093 2492/1095/1095 701/1100/1100 700/1101/1101
f 2490/1094/1094 2491/1093/1093 700/1101/1101 699/1102/1102
f 698/1079/1079 2490/1094/1094 699/1102/1102 90/1080/1080
f 697/1078/1078 2487/1090/1090 2490/1094/1094 698/1079/1079
f 696/1077/1077 2484/1087/1087 2487/1090/1090 697/1078/1078
f 2493/1103/1103 2494/1104/1104 2497/1105/1105 2496/1106/1106
f 2494/1104/1104 2495/1107/1107 2498/1108/1108 2497/1105/1105
f 2496/1106/1106 2497/1105/1105 2500/1109/1109 2499/1110/1110
f 2497/1105/1105 2498/1108/1108 2501/1111/1111 2500/1109/1109
f 17/182/182 353/181/181 2493/1103/1103 702/1096/1096
f 353/181/181 352/180/180 2494/1104/1104 2493/1103/1103
f 352/180/180 351/179/179 2495/1107/1107 2494/1104/1104
f 351/179/179 13/130/130 708/1112/1112 2495/1107/1107
f 2495/1107/1107 708/1112/1112 709/1113/1113 2498/1108/1108
f 2498/1108/1108 709/1113/1113 710/1114/1114 2501/1111/1111
f 2501/1111/1111 710/1114/1114 92/1115/1115 707/1116/1116
f 2500/1109/1109 2501/1111/1111 707/1116/1116 706/1117/1117
f 2499/1110/1110 2500/1109/1109 706/1117/1117 705/1118/1118
f 704/1098/1098 2499/1110/1110 705/1118/1118 91/1099/1099
f 703/1097/1097 2496/1106/1106 2499/1110/1110 704/1098/1098
f 702/1096/1096 2493/1103/1103 2496/1106/1106 703/1097/1097
f 2502/1119/1119 2503/1120/1120 2506/1121/1121 2505/1122/1122
f 2503/1120/1120 2504/1123/1123 2507/1124/1124 2506/1121/1121
f 2505/1122/1122 2506/1121/1121 2509/1125/1125 2508/1126/1126
f 2506/1121/1121 2507/1124/1124 2510/1127/1127 2509/1125/1125
f 13/130/130 332/129/129 2502/1119/1119 708/1112/1112
f 332/129/129 331/128/128 2503/1120/1120 2502/1119/1119
f 331/128/128 330/127/127 2504/1123/1123 2503/1120/1120
f 330/127/127 9/78/78 714/1128/1128 2504/1123/1123
f 2504/1123/1123 714/1128/1128 715/1129/1129 2507/1124/1124
f 2507/1124/1124 715/1129/1129 716/1130/1130 2510/1127/1127
f 2510/1127/1127 716/1130/1130 93/1131/1131 713/1132/1132
f 2509/1125/1125 2510/1127/1127 713/1132/1132 712/1133/1133
f 2508/1126/1126 2509/1125/1125 712/1133/1133 711/1134/1134
f 710/1114/1114 2508/1126/1126 711/1134/1134 92/1115/1115
f 709/1113/1113 2505/1122/1122 2508/1126/1126 710/1114/1114
f 708/1112/1112 2502/1119/1119 2505/1122/1122 709/1113/1113
f 2511/1135/1135 2512/1136/1136 2515/1137/1137 2514/1138/1138
f 2512/1136/1136 2513/1139/1139 2516/1140/1140 2515/1137/1137
f 2514/1138/1138 2515/1137/1137 2518/1141/1141 2517/1142/1142
f 2515/1137/1137 2516/1140/1140 2519/1143/1143 2518/1141/1141
f 9/78/78 311/77/77 2511/1135/1135 714/1128/1128
f 311/77/77 310/76/76 2512/1136/1136 2511/1135/1135
f 310/76/76 309/75/75 2513/1139/1139 2512/1136/1136
f 309/75/75 2/15/15 720/1144/1144 2513/1139/1139
f 2513/1139/1139 720/1144/1144 721/1145/1145 2516/1140/1140
f 2516/1140/1140 721/1145/1145 722/1146/1146 2519/1143/1143
f 2519/1143/1143 722/1146/1146 94/1147/1147 719/1148/1148
f 2518/1141/1141 2519/1143/1143 719/1148/1148 718/1149/1149
f 2517/1142/1142 2518/1141/1141 718/1149/1149 717/1150/1150
f 716/1130/1130 2517/1142/1142 717/1150/1150 93/1131/1131
f 715/1129/1129 2514/1138/1138 2517/1142/1142 716/1130/1130
f 714/1128/1128 2511/1135/1135 2514/1138/1138 715/1129/1129
f 2520/1151/1151 2521/1152/1152 2524/1153/1153 2523/1154/1154
f 2521/1152/1152 2522/1155/1155 2525/1156/1156 2524/1153/1153
f 2523/1154/1154 2524/1153/1153 2527/1157/1157 2526/1158/1158
f 2524/1153/1153 2525/1156/1156 2528/1159/1159 2527/1157/1157
f 2/15/15 287/14/14 2520/1151/1151 720/1144/1144
f 287/14/14 286/13/13 2521/1152/1152 2520/1151/1151
f 286/13/13 285/11/11 2522/1155/1155 2521/1152/1152
f 285/11/11 1/10/10 726/1160/1160 2522/1155/1155
f 2522/1155/1155 726/1160/1160 727/1161/1161 2525/1156/1156
f 2525/1156/1156 727/1161/1161 728/1162/1162 2528/1159/1159
f 2528/1159/1159 728/1162/1162 95/1163/1163 725/1164/1164
f 2527/1157/1157 2528/1159/1159 725/1164/1164 724/1165/1165
f 2526/1158/1158 2527/1157/1157 724/1165/1165 723/1166/1166
f 722/1146/1146 2526/1158/1158 723/1166/1166 94/1147/1147
f 721/1145/1145 2523/1154/1154 2526/1158/1158 722/1146/1146
f 720/1144/1144 2520/1151/1151 2523/1154/1154 721/1145/1145
f 2529/1167/1167 2530/1168/1168 2533/1169/1169 2532/1170/1170
f 2530/1168/1168 2531/1171/1171 2534/1172/1172 2533/1169/1169
f 2532/1170/1170 2533/1169/1169 2536/1173/1173 2535/1174/1174
f 2533/1169/1169 2534/1172/1172 2537/1175/1175 2536/1173/1173
f 89/1085/1085 693/1083/1083 2529/1167/1167 729/1176/1176
f 693/1083/1083 694/1082/1082 2530/1168/1168 2529/1167/1167
f 694/1082/1082 695/1081/1081 2531/1171/1171 2530/1168/1168
f 695/1081/1081 90/1080/1080 735/1177/1177 2531/1171/1171
f 2531/1171/1171 735/1177/1177 736/1178/1178 2534/1172/1172
f 2534/1172/1172 736/1178/1178 737/1179/1179 2537/1175/1175
f 2537/1175/1175 737/1179/1179 97/1180/1180 734/1181/1181
f 2536/1173/1173 2537/1175/1175 734/1181/1181 733/1182/1182
f 2535/1174/1174 2536/1173/1173 733/1182/1182 732/1183/1183
f 731/1184/1184 2535/1174/1174 732/1183/1183 96/1185/1185
f 730/1186/1186 2532/1170/1170 2535/1174/1174 731/1184/1184
f 729/1176/1176 2529/1167/1167 2532/1170/1170 730/1186/1186
f 2538/1187/1187 2539/1188/1188 2542/1189/1189 2541/1190/1190
f 2539/1188/1188 2540/1191/1191 2543/1192/1192 2542/1189/1189
f 2541/1190/1190 2542/1189/1189 2545/1193/1193 2544/1194/1194
f 2542/1189/1189 2543/1192/1192 2546/1195/1195 2545/1193/1193
f 90/1080/1080 699/1102/1102 2538/1187/1187 735/1177/1177
f 699/1102/1102 700/1101/1101 2539/1188/1188 2538/1187/1187
f 700/1101/1101 701/1100/1100 2540/1191/1191 2539/1188/1188
f 701/1100/1100 91/1099/1099 741/1196/1196 2540/1191/1191
f 2540/1191/1191 741/1196/1196 742/1197/1197 2543/1192/1192
f 2543/1192/1192 742/1197/1197 743/1198/1198 2546/1195/1195
f 2546/1195/1195 743/1198/1198 98/1199/1199 740/1200/1200
f 2545/1193/1193 2546/1195/1195 740/1200/1200 739/1201/1201
f 2544/1194/1194 2545/1193/1193 739/1201/1201 738/1202/1202
f 737/1179/1179 2544/1194/1194 738/1202/1202 97/1180/1180
f 736/1178/1178 2541/1190/1190 2544/1194/1194 737/1179/1179
f 735/1177/1177 2538/1187/1187 2541/1190/1190 736/1178/1178
f 2547/1203/1203 2548/1204/1204 2551/1205/1205 2550/1206/1206
f 2548/1204/1204 2549/1207/1207 2552/1208/1208 2551/1205/1205
f 2550/1206/1206 2551/1205/1205 2554/1209/1209 2553/1210/1210
f 2551/1205/1205 2552/1208/1208 2555/1211/1211 2554/1209/1209
f 91/1099/1099 705/1118/1118 2547/1203/1203 741/1196/1196
f 705/1118/1118 706/1117/1117 2548/1204/1204 2547/1203/1203
f 706/1117/1117 707/1116/1116 2549/1207/1207 2548/1204/1204
f 707/1116/1116 92/1115/1115 747/1212/1212 2549/1207/1207
f 2549/1207/1207 747/1212/1212 748/1213/1213 2552/1208/1208
f 2552/1208/1208 748/1213/1213 749/1214/1214 2555/1211/1211
f 2555/1211/1211 749/1214/1214 99/1215/1215 746/1216/1216
f 2554/1209/1209 2555/1211/1211 746/1216/1216 745/1217/1217
f 2553/1210/1210 2554/1209/1209 745/1217/1217 744/1218/1218
f 743/1198/1198 2553/1210/1210 744/1218/1218 98/1199/1199
f 742/1197/1197 2550/1206/1206 2553/1210/1210 743/1198/1198
f 741/1196/1196 2547/1203/1203 2550/1206/1206 742/1197/1197
f 2556/1219/1219 2557/1220/1220 2560/1221/1221 2559/1222/1222
f 2557/1220/1220 2558/1223/1223 2561/1224/1224 2560/1221/1221
f 2559/1222/1222 2560/1221/1221 2563/1225/1225 2562/1226/1226
f 2560/1221/1221 2561/1224/1224 2564/1227/1227 2563/1225/1225
f 92/1115/1115 711/1134/1134 2556/1219/1219 747/1212/1212
f 711/1134/1134 712/1133/1133 2557/1220/1220 2556/1219/1219
f 712/1133/1133 713/1132/1132 2558/1223/1223 2557/1220/1220
f 713/1132/1132 93/1131/1131 753/1228/1228 2558/1223/1223
f 2558/1223/1223 753/1228/1228 754/1229/1229 2561/1224/1224
f 2561/1224/1224 754/1229/1229 755/1230/1230 2564/1227/1227
f 2564/1227/1227 755/1230/1230 100/1231/1231 752/1232/1232
f 2563/1225/1225 2564/1227/1227 752/1232/1232 751/1233/1233
f 2562/1226/1226 2563/1225/1225 751/1233/1233 750/1234/1234
f 749/1214/1214 2562/1226/1226 750/1234/1234 99/1215/1215
f 748/1213/1213 2559/1222/1222 2562/1226/1226 749/1214/1214
f 747/1212/1212 2556/1219/1219 2559/1222/1222 748/1213/1213
f 2565/1235/1235 2566/1236/1236 2569/1237/1237 2568/1238/1238
f 2566/1236/1236 2567/1239/1239 2570/1240/1240 2569/1237/1237
f 2568/1238/1238 2569/1237/1237 2572/1241/1241 2571/1242/1242
f 2569/1237/1237 2570/1240/1240 2573/1243/1243 2572/1241/1241
f 93/1131/1131 717/1150/1150 2565/1235/1235 753/1228/1228
f 717/1150/1150 718/1149/1149 2566/1236/1236 2565/1235/1235
f 718/1149/1149 719/1148/1148 2567/1239/1239 2566/1236/1236
f 719/1148/1148 94/1147/1147 759/1244/1244 2567/1239/1239
f 2567/1239/1239 759/1244/1244 760/1245/1245 2570/1240/1240
f 2570/1240/1240 760/1245/1245 761/1246/1246 2573/1243/1243
f 2573/1243/1243 761/1246/1246 101/1247/1247 758/1248/1248
f 2572/1241/1241 2573/1243/1243 758/1248/1248 757/1249/1249
f 2571/1242/1242 2572/1241/1241 757/1249/1249 756/1250/1250
f 755/1230/1230 2571/1242/1242 756/1250/1250 100/1231/1231
f 754/1229/1229 2568/1238/1238 2571/1242/1242 755/1230/1230
f 753/1228/1228 2565/1235/1235 2568/1238/1238 754/1229/1229
f 2574/1251/1251 2575/1252/1252 2578/1253/1253 2577/1254/1254
f 2575/1252/1252 2576/1255/1255 2579/1256/1256 2578/1253/1253
f 2577/1254/1254 2578/1253/1253 2581/1257/1257 2580/1258/1258
f 2578/1253/1253 2579/1256/1256 2582/1259/1259 2581/1257/1257
f 94/1147/1147 723/1166/1166 2574/1251/1251 759/1244/1244
f 723/1166/1166 724/1165/1165 2575/1252/1252 2574/1251/1251
f 724/1165/1165 725/1164/1164 2576/1255/1255 2575/1252/1252
f 725/1164/1164 95/1163/1163 765/1260/1260 2576/1255/1255
f 2576/1255/1255 765/1260/1260 766/1261/1261 2579/1256/1256
f 2579/1256/1256 766/1261/1261 767/1262/1262 2582/1259/1259
f 2582/1259/1259 767/1262/1262 102/1263/1263 764/1264/1264
f 2581/1257/1257 2582/1259/1259 764/1264/1264 763/1265/1265
f 2580/1258/1258 2581/1257/1257 763/1265/1265 762/1266/1266
f 761/1246/1246 2580/1258/1258 762/1266/1266 101/1247/1247
f 760/1245/1245 2577/1254/1254 2580/1258/1258 761/1246/1246
f 759/1244/1244 2574/1251/1251 2577/1254/1254 760/1245/1245
f 2583/1267/1267 2584/1268/1268 2587/1269/1269 2586/1270/1270
f 2584/1268/1268 2585/1271/1271 2588/1272/1272 2587/1269/1269
f 2586/1270/1270 2587/1269/1269 2590/1273/1273 2589/1274/1274
f 2587/1269/1269 2588/1272/1272 2591/1275/1275 2590/1273/1273
f 96/1185/1185 732/1183/1183 2583/1267/1267 768/1276/1276
f 732/1183/1183 733/1182/1182 2584/1268/1268 2583/1267/1267
f 733/1182/1182 734/1181/1181 2585/1271/1271 2584/1268/1268
f 734/1181/1181 97/1180/1180 774/1277/1277 2585/1271/1271
f 2585/1271/1271 774/1277/1277 775/1278/1278 2588/1272/1272
f 2588/1272/1272 775/1278/1278 776/1279/1279 2591/1275/1275
f 2591/1275/1275 776/1279/1279 104/1280/1280 773/1281/1281
f 2590/1273/1273 2591/1275/1275 773/1281/1281 772/1282/1282
f 2589/1274/1274 2590/1273/1273 772/1282/1282 771/1283/1283
f 770/1284/1284 2589/1274/1274 771/1283/1283 103/1285/1285
f 769/1286/1286 2586/1270/1270 2589/1274/1274 770/1284/1284
f 768/1276/1276 2583/1267/1267 2586/1270/1270 769/1286/1286
f 2592/1287/1287 2593/1288/1288 2596/1289/1289 2595/1290/1290
f 2593/1288/1288 2594/1291/1291 2597/1292/1292 2596/1289/1289
f 2595/1290/1290 2596/1289/1289 2599/1293/1293 2598/1294/1294
f 2596/1289/1289 2597/1292/1292 2600/1295/1295 2599/1293/1293
f 97/1180/1180 738/1202/1202 2592/1287/1287 774/1277/1277
f 738/1202/1202 739/1201/1201 2593/1288/1288 2592/1287/1287
f 739/1201/1201 740/1200/1200 2594/1291/1291 2593/1288/1288
f 740/1200/1200 98/1199/1199 780/1296/1296 2594/1291/1291
f 2594/1291/1291 780/1296/1296 781/1297/1297 2597/1292/1292
f 2597/1292/1292 781/1297/1297 782/1298/1298 2600/1295/1295
f 2600/1295/1295 782/1298/1298 105/1299/1299 779/1300/1300
f 2599/1293/1293 2600/1295/1295 779/1300/1300 778/1301/1301
f 2598/1294/1294 2599/1293/1293 778/1301/1301 777/1302/1302
f 776/1279/1279 2598/1294/1294 777/1302/1302 104/1280/1280
f 775/1278/1278 2595/1290/1290 2598/1294/1294 776/1279/1279
f 774/1277/1277 2592/1287/1287 2595/1290/1290 775/1278/1278
f 2601/1303/1303 2602/1304/1304 2605/1305/1305 2604/1306/1306
f 2602/1304/1304 2603/1307/1307 2606/1308/1308 2605/1305/1305
f 2604/1306/1306 2605/1305/1305 2608/1309/1309 2607/1310/1310
f 2605/1305/1305 2606/1308/1308 2609/1311/1311 2608/1309/1309
f 98/1199/1199 744/1218/1218 2601/1303/1303 780/1296/1296
f 744/1218/1218 745/1217/1217 2602/1304/1304 2601/1303/1303
f 745/1217/1217 746/1216/1216 2603/1307/1307 2602/1304/1304
f 746/1216/1216 99/1215/1215 786/1312/1312 2603/1307/1307
f 2603/1307/1307 786/1312/1312 787/1313/1313 2606/1308/1308
f 2606/1308/1308 787/1313/1313 788/1314/1314 2609/1311/1311
f 2609/1311/1311 788/1314/1314 106/1315/1315 785/1316/1316
f 2608/1309/1309 2609/1311/1311 785/1316/1316 784/1317/1317
f 2607/1310/1310 2608/1309/1309 784/1317/1317 783/1318/1318
f 782/1298/1298 2607/1310/1310 783/1318/1318 105/1299/1299
f 781/1297/1297 2604/1306/1306 2607/1310/1310 782/1298/1298
f 780/1296/1296 2601/1303/1303 2604/1306/1306 781/1297/1297
f 2610/1319/1319 2611/1320/1320 2614/1321/1321 2613/1322/1322
f 2611/1320/1320 2612/1323/1323 2615/1324/1324 2614/1321/1321
f 2613/1322/1322 2614/1321/1321 2617/1325/1325 2616/1326/1326
f 2614/1321/1321 2615/1324/1324 2618/1327/1327 2617/1325/1325
f 99/1215/1215 750/1234/1234 2610/1319/1319 786/1312/1312
f 750/1234/1234 751/1233/1233 2611/1320/1320 2610/1319/1319
f 751/1233/1233 752/1232/1232 2612/1323/1323 2611/1320/1320
f 752/1232/1232 100/1231/1231 792/1328/1328 2612/1323/1323
f 2612/1323/1323 792/1328/1328 793/1329/1329 2615/1324/1324
f 2615/1324/1324 793/1329/1329 794/1330/1330 2618/1327/1327
f 2618/1327/1327 794/1330/1330 107/1331/1331 791/1332/1332
f 2617/1325/1325 2618/1327/1327 791/1332/1332 790/1333/1333
f 2616/1326/1326 2617/1325/1325 790/1333/1333 789/1334/1334
f 788/1314/1314 2616/1326/1326 789/1334/1334 106/1315/1315
f 787/1313/1313 2613/1322/1322 2616/1326/1326 788/1314/1314
f 786/1312/1312 2610/1319/1319 2613/1322/1322 787/1313/1313
f 2619/1335/1335 2620/1336/1336 2623/1337/1337 2622/1338/1338
f 2620/1336/1336 2621/1339/1339 2624/1340/1340 2623/1337/1337
f 2622/1338/1338 2623/1337/1337 2626/1341/1341 2625/1342/1342
f 2623/1337/1337 2624/1340/1340 2627/1343/1343 2626/1341/1341
f 100/1231/1231 756/1250/1250 2619/1335/1335 792/1328/1328
f 756/1250/1250 757/1249/1249 2620/1336/1336 2619/1335/1335
f 757/1249/1249 758/1248/1248 2621/1339/1339 2620/1336/1336
f 758/1248/1248 101/1247/1247 798/1344/1344 2621/1339/1339
f 2621/1339/1339 798/1344/1344 799/1345/1345 2624/1340/1340
f 2624/1340/1340 799/1345/1345 800/1346/1346 2627/1343/1343
f 2627/1343/1343 800/1346/1346 108/1347/1347 797/1348/1348
f 2626/1341/1341 2627/1343/1343 797/1348/1348 796/1349/1349
f 2625/1342/1342 2626/1341/1341 796/1349/1349 795/1350/1350
f 794/1330/1330 2625/1342/1342 795/1350/1350 107/1331/1331
f 793/1329/1329 2622/1338/1338 2625/1342/1342 794/1330/1330
f 792/1328/1328 2619/1335/1335 2622/1338/1338 793/1329/1329
f 2628/1351/1351 2629/1352/1352 2632/1353/1353 2631/1354/1354
f 2629/1352/1352 2630/1355/1355 2633/1356/1356 2632/1353/1353
f 2631/1354/1354 2632/1353/1353 2635/1357/1357 2634/1358/1358
f 2632/1353/1353 2633/1356/1356 2636/1359/1359 2635/1357/1357
f 101/1247/1247 762/1266/1266 2628/1351/1351 798/1344/1344
f 762/1266/1266 763/1265/1265 2629/1352/1352 2628/1351/1351
f 763/1265/1265 764/1264/1264 2630/1355/1355 2629/1352/1352
f 764/1264/1264 102/1263/1263 804/1360/1360 2630/1355/1355
f 2630/1355/1355 804/1360/1360 805/1361/1361 2633/1356/1356
f 2633/1356/1356 805/1361/1361 806/1362/1362 2636/1359/1359
f 2636/1359/1359 806/1362/1362 109/1363/1363 803/1364/1364
f 2635/1357/1357 2636/1359/1359 803/1364/1364 802/1365/1365
f 2634/1358/1358 2635/1357/1357 802/1365/1365 801/1366/1366
f 800/1346/1346 2634/1358/1358 801/1366/1366 108/1347/1347
f 799/1345/1345 2631/1354/1354 2634/1358/1358 800/1346/1346
f 798/1344/1344 2628/1351/1351 2631/1354/1354 799/1345/1345
f 2637/1367/1367 2638/1368/1368 2641/1369/1369 2640/1370/1370
f 2638/1368/1368 2639/1371/1371 2642/1372/1372 2641/1369/1369
f 2640/1370/1370 2641/1369/1369 2644/1373/1373 2643/1374/1374
f 2641/1369/1369 2642/1372/1372 2645/1375/1375 2644/1373/1373
f 103/1285/1285 771/1283/1283 2637/1367/1367 809/1376/1376
f 771/1283/1283 772/1282/1282 2638/1368/1368 2637/1367/1367
f 772/1282/1282 773/1281/1281 2639/1371/1371 2638/1368/1368
f 773/1281/1281 104/1280/1280 812/1377/1377 2639/1371/1371
f 2639/1371/1371 812/1377/1377 811/1378/1378 2642/1372/1372
f 2642/1372/1372 811/1378/1378 810/1379/1379 2645/1375/1375
f 2645/1375/1375 810/1379/1379 51/567/567 500/566/566
f 2644/1373/1373 2645/1375/1375 500/566/566 499/565/565
f 2643/1374/1374 2644/1373/1373 499/565/565 498/564/564
f 807/1380/1380 2643/1374/1374 498/564/564 50/563/563
f 808/1381/1381 2640/1370/1370 2643/1374/1374 807/1380/1380
f 809/1376/1376 2637/1367/1367 2640/1370/1370 808/1381/1381
f 2646/1382/1382 2647/1383/1383 2650/1384/1384 2649/1385/1385
f 2647/1383/1383 2648/1386/1386 2651/1387/1387 2650/1384/1384
f 2649/1385/1385 2650/1384/1384 2653/1388/1388 2652/1389/1389
f 2650/1384/1384 2651/1387/1387 2654/1390/1390 2653/1388/1388
f 104/1280/1280 777/1302/1302 2646/1382/1382 812/1377/1377
f 777/1302/1302 778/1301/1301 2647/1383/1383 2646/1382/1382
f 778/1301/1301 779/1300/1300 2648/1386/1386 2647/1383/1383
f 779/1300/1300 105/1299/1299 815/1391/1391 2648/1386/1386
f 2648/1386/1386 815/1391/1391 814/1392/1392 2651/1387/1387
f 2651/1387/1387 814/1392/1392 813/1393/1393 2654/1390/1390
f 2654/1390/1390 813/1393/1393 52/583/583 506/582/582
f 2653/1388/1388 2654/1390/1390 506/582/582 505/581/581
f 2652/1389/1389 2653/1388/1388 505/581/581 504/580/580
f 810/1379/1379 2652/1389/1389 504/580/580 51/567/567
f 811/1378/1378 2649/1385/1385 2652/1389/1389 810/1379/1379
f 812/1377/1377 2646/1382/1382 2649/1385/1385 811/1378/1378
f 2655/1394/1394 2656/1395/1395 2659/1396/1396 2658/1397/1397
f 2656/1395/1395 2657/1398/1398 2660/1399/1399 2659/1396/1396
f 2658/1397/1397 2659/1396/1396 2662/1400/1400 2661/1401/1401
f 2659/1396/1396 2660/1399/1399 2663/1402/1402 2662/1400/1400
f 105/1299/1299 783/1318/1318 2655/1394/1394 815/1391/1391
f 783/1318/1318 784/1317/1317 2656/1395/1395 2655/1394/1394
f 784/1317/1317 785/1316/1316 2657/1398/1398 2656/1395/1395
f 785/1316/1316 106/1315/1315 818/1403/1403 2657/1398/1398
f 2657/1398/1398 818/1403/1403 817/1404/1404 2660/1399/1399
f 2660/1399/1399 817/1404/1404 816/1405/1405 2663/1402/1402
f 2663/1402/1402 816/1405/1405 53/599/599 512/598/598
f 2662/1400/1400 2663/1402/1402 512/598/598 511/597/597
f 2661/1401/1401 2662/1400/1400 511/597/597 510/596/596
f 813/1393/1393 2661/1401/1401 510/596/596 52/583/583
f 814/1392/1392 2658/1397/1397 2661/1401/1401 813/1393/1393
f 815/1391/1391 2655/1394/1394 2658/1397/1397 814/1392/1392
f 2664/1406/1406 2665/1407/1407 2668/1408/1408 2667/1409/1409
f 2665/1407/1407 2666/1410/1410 2669/1411/1411 2668/1408/1408
f 2667/1409/1409 2668/1408/1408 2671/1412/1412 2670/1413/1413
f 2668/1408/1408 2669/1411/1411 2672/1414/1414 2671/1412/1412
f 106/1315/1315 789/1334/1334 2664/1406/1406 818/1403/1403
f 789/1334/1334 790/1333/1333 2665/1407/1407 2664/1406/1406
f 790/1333/1333 791/1332/1332 2666/1410/1410 2665/1407/1407
f 791/1332/1332 107/1331/1331 821/1415/1415 2666/1410/1410
f 2666/1410/1410 821/1415/1415 820/1416/1416 2669/1411/1411
f 2669/1411/1411 820/1416/1416 819/1417/1417 2672/1414/1414
f 2672/1414/1414 819/1417/1417 54/615/615 518/614/614
f 2671/1412/1412 2672/1414/1414 518/614/614 517/613/613
f 2670/1413/1413 2671/1412/1412 517/613/613 516/612/612
f 816/1405/1405 2670/1413/1413 516/612/612 53/599/599
f 817/1404/1404 2667/1409/1409 2670/1413/1413 816/1405/1405
f 818/1403/1403 2664/1406/1406 2667/1409/1409 817/1404/1404
f 2673/1418/1418 2674/1419/1419 2677/1420/1420 2676/1421/1421
f 2674/1419/1419 2675/1422/1422 2678/1423/1423 2677/1420/1420
f 2676/1421/1421 2677/1420/1420 2680/1424/1424 2679/1425/1425
f 2677/1420/1420 2678/1423/1423 2681/1426/1426 2680/1424/1424
f 107/1331/1331 795/1350/1350 2673/1418/1418 821/1415/1415
f 795/1350/1350 796/1349/1349 2674/1419/1419 2673/1418/1418
f 796/1349/1349 797/1348/1348 2675/1422/1422 2674/1419/1419
f 797/1348/1348 108/1347/1347 824/1427/1427 2675/1422/1422
f 2675/1422/1422 824/1427/1427 823/1428/1428 2678/1423/1423
f 2678/1423/1423 823/1428/1428 822/1429/1429 2681/1426/1426
f 2681/1426/1426 822/1429/1429 55/631/631 524/630/630
f 2680/1424/1424 2681/1426/1426 524/630/630 523/629/629
f 2679/1425/1425 2680/1424/1424 523/629/629 522/628/628
f 819/1417/1417 2679/1425/1425 522/628/628 54/615/615
f 820/1416/1416 2676/1421/1421 2679/1425/1425 819/1417/1417
f 821/1415/1415 2673/1418/1418 2676/1421/1421 820/1416/1416
f 2682/1430/1430 2683/1431/1431 2686/1432/1432 2685/1433/1433
f 2683/1431/1431 2684/1434/1434 2687/1435/1435 2686/1432/1432
f 2685/1433/1433 2686/1432/1432 2689/1436/1436 2688/1437/1437
f 2686/1432/1432 2687/1435/1435 2690/1438/1438 2689/1436/1436
f 108/1347/1347 801/1366/1366 2682/1430/1430 824/1427/1427
f 801/1366/1366 802/1365/1365 2683/1431/1431 2682/1430/1430
f 802/1365/1365 803/1364/1364 2684/1434/1434 2683/1431/1431
f 803/1364/1364 109/1363/1363 827/1439/1439 2684/1434/1434
f 2684/1434/1434 827/1439/1439 826/1440/1440 2687/1435/1435
f 2687/1435/1435 826/1440/1440 825/1441/1441 2690/1438/1438
f 2690/1438/1438 825/1441/1441 56/647/647 530/646/646
f 2689/1436/1436 2690/1438/1438 530/646/646 529/645/645
f 2688/1437/1437 2689/1436/1436 529/645/645 528/644/644
f 822/1429/1429 2688/1437/1437 528/644/644 55/631/631
f 823/1428/1428 2685/1433/1433 2688/1437/1437 822/1429/1429
f 824/1427/1427 2682/1430/1430 2685/1433/1433 823/1428/1428
f 2691/1442/1442 2692/1443/1443 2695/1444/1444 2694/1445/1445
f 2692/1443/1443 2693/1446/1446 2696/1447/1447 2695/1444/1444
f 2694/1445/1445 2695/1444/1444 2698/1448/1448 2697/1449/1449
f 2695/1444/1444 2696/1447/1447 2699/1450/1450 2698/1448/1448
f 77/845/845 611/844/844 2691/1442/1442 828/1451/1451
f 611/844/844 610/843/843 2692/1443/1443 2691/1442/1442
f 610/843/843 609/842/842 2693/1446/1446 2692/1443/1443
f 609/842/842 70/782/782 834/1452/1452 2693/1446/1446
f 2693/1446/1446 834/1452/1452 835/1453/1453 2696/1447/1447
f 2696/1447/1447 835/1453/1453 836/1454/1454 2699/1450/1450
f 2699/1450/1450 836/1454/1454 111/1455/1455 833/1456/1456
f 2698/1448/1448 2699/1450/1450 833/1456/1456 832/1457/1457
f 2697/1449/1449 2698/1448/1448 832/1457/1457 831/1458/1458
f 830/1459/1459 2697/1449/1449 831/1458/1458 110/1460/1460
f 829/1461/1461 2694/1445/1445 2697/1449/1449 830/1459/1459
f 828/1451/1451 2691/1442/1442 2694/1445/1445 829/1461/1461
f 2700/1462/1462 2701/1463/1463 2704/1464/1464 2703/1465/1465
f 2701/1463/1463 2702/1466/1466 2705/1467/1467 2704/1464/1464
f 2703/1465/1465 2704/1464/1464 2707/1468/1468 2706/1469/1469
f 2704/1464/1464 2705/1467/1467 2708/1470/1470 2707/1468/1468
f 70/782/782 1923/781/781 2700/1462/1462 834/1452/1452
f 1923/781/781 1924/780/780 2701/1463/1463 2700/1462/1462
f 1924/780/780 1925/778/778 2702/1466/1466 2701/1463/1463
f 1925/778/778 69/777/777 1926/1471/1471 2702/1466/1466
f 2702/1466/1466 1926/1471/1471 1927/1472/1472 2705/1467/1467
f 2705/1467/1467 1927/1472/1472 1928/1473/1473 2708/1470/1470
f 2708/1470/1470 1928/1473/1473 112/1474/1474 839/1475/1475
f 2707/1468/1468 2708/1470/1470 839/1475/1475 838/1476/1476
f 2706/1469/1469 2707/1468/1468 838/1476/1476 837/1477/1477
f 836/1454/1454 2706/1469/1469 837/1477/1477 111/1455/1455
f 835/1453/1453 2703/1465/1465 2706/1469/1469 836/1454/1454
f 834/1452/1452 2700/1462/1462 2703/1465/1465 835/1453/1453
f 2709/1478/1478 2710/1479/1479 2713/1480/1480 2712/1481/1481
f 2710/1479/1479 2711/1482/1482 2714/1483/1483 2713/1480/1480
f 2712/1481/1481 2713/1480/1480 2716/1484/1484 2715/1485/1485
f 2713/1480/1480 2714/1483/1483 2717/1486/1486 2716/1484/1484
f 110/1460/1460 831/1458/1458 2709/1478/1478 840/1487/1487
f 831/1458/1458 832/1457/1457 2710/1479/1479 2709/1478/1478
f 832/1457/1457 833/1456/1456 2711/1482/1482 2710/1479/1479
f 833/1456/1456 111/1455/1455 846/1488/1488 2711/1482/1482
f 2711/1482/1482 846/1488/1488 847/1489/1489 2714/1483/1483
f 2714/1483/1483 847/1489/1489 848/1490/1490 2717/1486/1486
f 2717/1486/1486 848/1490/1490 114/1491/1491 845/1492/1492
f 2716/1484/1484 2717/1486/1486 845/1492/1492 844/1493/1493
f 2715/1485/1485 2716/1484/1484 844/1493/1493 843/1494/1494
f 842/1495/1495 2715/1485/1485 843/1494/1494 113/1496/1496
f 841/1497/1497 2712/1481/1481 2715/1485/1485 842/1495/1495
f 840/1487/1487 2709/1478/1478 2712/1481/1481 841/1497/1497
f 2718/1498/1498 2719/1499/1499 2722/1500/1500 2721/1501/1501
f 2719/1499/1499 2720/1502/1502 2723/1503/1503 2722/1500/1500
f 2721/1501/1501 2722/1500/1500 2725/1504/1504 2724/1505/1505
f 2722/1500/1500 2723/1503/1503 2726/1506/1506 2725/1504/1504
f 111/1455/1455 837/1477/1477 2718/1498/1498 846/1488/1488
f 837/1477/1477 838/1476/1476 2719/1499/1499 2718/1498/1498
f 838/1476/1476 839/1475/1475 2720/1502/1502 2719/1499/1499
f 839/1475/1475 112/1474/1474 852/1507/1507 2720/1502/1502
f 2720/1502/1502 852/1507/1507 853/1508/1508 2723/1503/1503
f 2723/1503/1503 853/1508/1508 854/1509/1509 2726/1506/1506
f 2726/1506/1506 854/1509/1509 115/1510/1510 851/1511/1511
f 2725/1504/1504 2726/1506/1506 851/1511/1511 850/1512/1512
f 2724/1505/1505 2725/1504/1504 850/1512/1512 849/1513/1513
f 848/1490/1490 2724/1505/1505 849/1513/1513 114/1491/1491
f 847/1489/1489 2721/1501/1501 2724/1505/1505 848/1490/1490
f 846/1488/1488 2718/1498/1498 2721/1501/1501 847/1489/1489
f 2727/1514/1514 2728/1515/1515 2731/1516/1516 2730/1517/1517
f 2728/1515/1515 2729/1518/1518 2732/1519/1519 2731/1516/1516
f 2730/1517/1517 2731/1516/1516 2734/1520/1520 2733/1521/1521
f 2731/1516/1516 2732/1519/1519 2735/1522/1522 2734/1520/1520
f 113/1496/1496 843/1494/1494 2727/1514/1514 855/1523/1523
f 843/1494/1494 844/1493/1493 2728/1515/1515 2727/1514/1514
f 844/1493/1493 845/1492/1492 2729/1518/1518 2728/1515/1515
f 845/1492/1492 114/1491/1491 861/1524/1524 2729/1518/1518
f 2729/1518/1518 861/1524/1524 862/1525/1525 2732/1519/1519
f 2732/1519/1519 862/1525/1525 863/1526/1526 2735/1522/1522
f 2735/1522/1522 863/1526/1526 117/1527/1527 860/1528/1528
f 2734/1520/1520 2735/1522/1522 860/1528/1528 859/1529/1529
f 2733/1521/1521 2734/1520/1520 859/1529/1529 858/1530/1530
f 857/1531/1531 2733/1521/1521 858/1530/1530 116/1532/1532
f 856/1533/1533 2730/1517/1517 2733/1521/1521 857/1531/1531
f 855/1523/1523 2727/1514/1514 2730/1517/1517 856/1533/1533
f 2736/1534/1534 2737/1535/1535 2740/1536/1536 2739/1537/1537
f 2737/1535/1535 2738/1538/1538 2741/1539/1539 2740/1536/1536
f 2739/1537/1537 2740/1536/1536 2743/1540/1540 2742/1541/1541
f 2740/1536/1536 2741/1539/1539 2744/1542/1542 2743/1540/1540
f 114/1491/1491 849/1513/1513 2736/1534/1534 861/1524/1524
f 849/1513/1513 850/1512/1512 2737/1535/1535 2736/1534/1534
f 850/1512/1512 851/1511/1511 2738/1538/1538 2737/1535/1535
f 851/1511/1511 115/1510/1510 867/1543/1543 2738/1538/1538
f 2738/1538/1538 867/1543/1543 868/1544/1544 2741/1539/1539
f 2741/1539/1539 868/1544/1544 869/1545/1545 2744/1542/1542
f 2744/1542/1542 869/1545/1545 118/1546/1546 866/1547/1547
f 2743/1540/1540 2744/1542/1542 866/1547/1547 865/1548/1548
f 2742/1541/1541 2743/1540/1540 865/1548/1548 864/1549/1549
f 863/1526/1526 2742/1541/1541 864/1549/1549 117/1527/1527
f 862/1525/1525 2739/1537/1537 2742/1541/1541 863/1526/1526
f 861/1524/1524 2736/1534/1534 2739/1537/1537 862/1525/1525
f 2745/1550/1550 2746/1551/1551 2749/1552/1552 2748/1553/1553
f 2746/1551/1551 2747/1554/1554 2750/1555/1555 2749/1552/1552
f 2748/1553/1553 2749/1552/1552 2752/1556/1556 2751/1557/1557
f 2749/1552/1552 2750/1555/1555 2753/1558/1558 2752/1556/1556
f 116/1532/1532 858/1530/1530 2745/1550/1550 872/1559/1559
f 858/1530/1530 859/1529/1529 2746/1551/1551 2745/1550/1550
f 859/1529/1529 860/1528/1528 2747/1554/1554 2746/1551/1551
f 860/1528/1528 117/1527/1527 875/1560/1560 2747/1554/1554
f 2747/1554/1554 875/1560/1560 874/1561/1561 2750/1555/1555
f 2750/1555/1555 874/1561/1561 873/1562/1562 2753/1558/1558
f 2753/1558/1558 873/1562/1562 67/748/748 575/747/747
f 2752/1556/1556 2753/1558/1558 575/747/747 574/746/746
f 2751/1557/1557 2752/1556/1556 574/746/746 573/745/745
f 870/1563/1563 2751/1557/1557 573/745/745 66/744/744
f 871/1564/1564 2748/1553/1553 2751/1557/1557 870/1563/1563
f 872/1559/1559 2745/1550/1550 2748/1553/1553 871/1564/1564
f 2754/1565/1565 2755/1566/1566 2758/1567/1567 2757/1568/1568
f 2755/1566/1566 2756/1569/1569 2759/1570/1570 2758/1567/1567
f 2757/1568/1568 2758/1567/1567 2761/1571/1571 2760/1572/1572
f 2758/1567/1567 2759/1570/1570 2762/1573/1573 2761/1571/1571
f 117/1527/1527 864/1549/1549 2754/1565/1565 875/1560/1560
f 864/1549/1549 865/1548/1548 2755/1566/1566 2754/1565/1565
f 865/1548/1548 866/1547/1547 2756/1569/1569 2755/1566/1566
f 866/1547/1547 118/1546/1546 1680/1574/1574 2756/1569/1569
f 2756/1569/1569 1680/1574/1574 1681/1575/1575 2759/1570/1570
f 2759/1570/1570 1681/1575/1575 1682/1576/1576 2762/1573/1573
f 2762/1573/1573 1682/1576/1576 68/764/764 584/763/763
f 2761/1571/1571 2762/1573/1573 584/763/763 583/762/762
f 2760/1572/1572 2761/1571/1571 583/762/762 582/761/761
f 873/1562/1562 2760/1572/1572 582/761/761 67/748/748
f 874/1561/1561 2757/1568/1568 2760/1572/1572 873/1562/1562
f 875/1560/1560 2754/1565/1565 2757/1568/1568 874/1561/1561
f 2763/1577/1577 2764/1578/1578 2767/1579/1579 2766/1580/1580
f 2764/1578/1578 2765/1581/1581 2768/1582/1582 2767/1579/1579
f 2766/1580/1580 2767/1579/1579 2770/1583/1583 2769/1584/1584
f 2767/1579/1579 2768/1582/1582 2771/1585/1585 2770/1583/1583
f 29/1586/335 1907/1587/337 2763/1577/1577 879/1588/1586
f 1907/1587/337 1906/1589/350 2764/1578/1578 2763/1577/1577
f 1906/1589/350 1905/1590/348 2765/1581/1581 2764/1578/1578
f 1905/1590/348 32/1591/349 1628/1592/1587 2765/1581/1581
f 2765/1581/1581 1628/1592/1587 1627/1593/1588 2768/1582/1582
f 2768/1582/1582 1627/1593/1588 1626/1594/1589 2771/1585/1585
f 2771/1585/1585 1626/1594/1589 120/1595/1590 884/1596/1591
f 2770/1583/1583 2771/1585/1585 884/1596/1591 883/1597/1592
f 2769/1584/1584 2770/1583/1583 883/1597/1592 882/1598/1593
f 881/1599/1594 2769/1584/1584 882/1598/1593 119/1600/1595
f 880/1601/1596 2766/1580/1580 2769/1584/1584 881/1599/1594
f 879/1588/1586 2763/1577/1577 2766/1580/1580 880/1601/1596
f 2772/1602/1597 2773/1603/1598 2776/1604/1599 2775/1605/1600
f 2773/1603/1598 2774/1606/1601 2777/1607/1602 2776/1604/1599
f 2775/1605/1600 2776/1604/1599 2779/1608/1603 2778/1609/1604
f 2776/1604/1599 2777/1607/1602 2780/1610/1605 2779/1608/1603
f 32/1591/349 420/1611/360 2772/1602/1597 1628/1592/1587
f 420/1611/360 421/1612/370 2773/1603/1598 2772/1602/1597
f 421/1612/370 422/1613/368 2774/1606/1601 2773/1603/1598
f 422/1613/368 34/1614/369 890/1615/1606 2774/1606/1601
f 2774/1606/1601 890/1615/1606 889/1616/1607 2777/1607/1602
f 2777/1607/1602 889/1616/1607 888/1617/1608 2780/1610/1605
f 2780/1610/1605 888/1617/1608 121/1618/1609 887/1619/1610
f 2779/1608/1603 2780/1610/1605 887/1619/1610 886/1620/1611
f 2778/1609/1604 2779/1608/1603 886/1620/1611 885/1621/1612
f 1626/1594/1589 2778/1609/1604 885/1621/1612 120/1595/1590
f 1627/1593/1588 2775/1605/1600 2778/1609/1604 1626/1594/1589
f 1628/1592/1587 2772/1602/1597 2775/1605/1600 1627/1593/1588
f 2781/1622/1613 2782/1623/1614 2785/1624/1615 2784/1625/1616
f 2782/1623/1614 2783/1626/1617 2786/1627/1618 2785/1624/1615
f 2784/1625/1616 2785/1624/1615 2788/1628/1619 2787/1629/1620
f 2785/1624/1615 2786/1627/1618 2789/1630/1621 2788/1628/1619
f 34/1614/369 429/1631/380 2781/1622/1613 890/1615/1606
f 429/1631/380 430/1632/390 2782/1623/1614 2781/1622/1613
f 430/1632/390 431/1633/388 2783/1626/1617 2782/1623/1614
f 431/1633/388 36/1634/389 1622/1635/1622 2783/1626/1617
f 2783/1626/1617 1622/1635/1622 1621/1636/1623 2786/1627/1618
f 2786/1627/1618 1621/1636/1623 1620/1637/1624 2789/1630/1621
f 2789/1630/1621 1620/1637/1624 122/1638/1625 893/1639/1626
f 2788/1628/1619 2789/1630/1621 893/1639/1626 892/1640/1627
f 2787/1629/1620 2788/1628/1619 892/1640/1627 891/1641/1628
f 888/1617/1608 2787/1629/1620 891/1641/1628 121/1618/1609
f 889/1616/1607 2784/1625/1616 2787/1629/1620 888/1617/1608
f 890/1615/1606 2781/1622/1613 2784/1625/1616 889/1616/1607
f 2790/1642/1629 2791/1643/1630 2794/1644/1631 2793/1645/1632
f 2791/1643/1630 2792/1646/1633 2795/1647/1634 2794/1644/1631
f 2793/1645/1632 2794/1644/1631 2797/1648/1635 2796/1649/1636
f 2794/1644/1631 2795/1647/1634 2798/1650/1637 2797/1648/1635
f 36/1634/389 438/1651/400 2790/1642/1629 1622/1635/1622
f 438/1651/400 439/1652/410 2791/1643/1630 2790/1642/1629
f 439/1652/410 440/1653/408 2792/1646/1633 2791/1643/1630
f 440/1653/408 38/1654/409 902/1655/1638 2792/1646/1633
f 2792/1646/1633 902/1655/1638 901/1656/1639 2795/1647/1634
f 2795/1647/1634 901/1656/1639 900/1657/1640 2798/1650/1637
f 2798/1650/1637 900/1657/1640 123/1658/1641 896/1659/1642
f 2797/1648/1635 2798/1650/1637 896/1659/1642 895/1660/1643
f 2796/1649/1636 2797/1648/1635 895/1660/1643 894/1661/1644
f 1620/1637/1624 2796/1649/1636 894/1661/1644 122/1638/1625
f 1621/1636/1623 2793/1645/1632 2796/1649/1636 1620/1637/1624
f 1622/1635/1622 2790/1642/1629 2793/1645/1632 1621/1636/1623
f 2799/1662/1645 2800/1663/1646 2803/1664/1647 2802/1665/1648
f 2800/1663/1646 2801/1666/1649 2804/1667/1650 2803/1664/1647
f 2802/1665/1648 2803/1664/1647 2806/1668/1651 2805/1669/1652
f 2803/1664/1647 2804/1667/1650 2807/1670/1653 2806/1668/1651
f 38/1654/409 447/1671/420 2799/1662/1645 902/1655/1638
f 447/1671/420 448/1672/430 2800/1663/1646 2799/1662/1645
f 448/1672/430 449/1673/428 2801/1666/1649 2800/1663/1646
f 449/1673/428 40/1674/429 908/1675/1654 2801/1666/1649
f 2801/1666/1649 908/1675/1654 907/1676/1655 2804/1667/1650
f 2804/1667/1650 907/1676/1655 906/1677/1656 2807/1670/1653
f 2807/1670/1653 906/1677/1656 124/1678/1657 905/1679/1658
f 2806/1668/1651 2807/1670/1653 905/1679/1658 904/1680/1659
f 2805/1669/1652 2806/1668/1651 904/1680/1659 903/1681/1660
f 900/1657/1640 2805/1669/1652 903/1681/1660 123/1658/1641
f 901/1656/1639 2802/1665/1648 2805/1669/1652 900/1657/1640
f 902/1655/1638 2799/1662/1645 2802/1665/1648 901/1656/1639
f 2808/1682/1661 2809/1683/1662 2812/1684/1663 2811/1685/1664
f 2809/1683/1662 2810/1686/1665 2813/1687/1666 2812/1684/1663
f 2811/1685/1664 2812/1684/1663 2815/1688/1667 2814/1689/1668
f 2812/1684/1663 2813/1687/1666 2816/1690/1669 2815/1688/1667
f 40/1674/429 899/1691/440 2808/1682/1661 908/1675/1654
f 899/1691/440 898/1692/450 2809/1683/1662 2808/1682/1661
f 898/1692/450 897/1693/448 2810/1686/1665 2809/1683/1662
f 897/1693/448 42/1694/449 912/1695/1670 2810/1686/1665
f 2810/1686/1665 912/1695/1670 913/1696/1671 2813/1687/1666
f 2813/1687/1666 913/1696/1671 914/1697/1672 2816/1690/1669
f 2816/1690/1669 914/1697/1672 125/1698/1673 911/1699/1674
f 2815/1688/1667 2816/1690/1669 911/1699/1674 910/1700/1675
f 2814/1689/1668 2815/1688/1667 910/1700/1675 909/1701/1676
f 906/1677/1656 2814/1689/1668 909/1701/1676 124/1678/1657
f 907/1676/1655 2811/1685/1664 2814/1689/1668 906/1677/1656
f 908/1675/1654 2808/1682/1661 2811/1685/1664 907/1676/1655
f 2817/1702/1677 2818/1703/1678 2821/1704/1679 2820/1705/1680
f 2818/1703/1678 2819/1706/1681 2822/1707/1682 2821/1704/1679
f 2820/1705/1680 2821/1704/1679 2824/1708/1683 2823/1709/1684
f 2821/1704/1679 2822/1707/1682 2825/1710/1685 2824/1708/1683
f 119/1600/1595 882/1598/1593 2817/1702/1677 918/1711/1686
f 882/1598/1593 883/1597/1592 2818/1703/1678 2817/1702/1677
f 883/1597/1592 884/1596/1591 2819/1706/1681 2818/1703/1678
f 884/1596/1591 120/1595/1590 924/1712/1687 2819/1706/1681
f 2819/1706/1681 924/1712/1687 925/1713/1688 2822/1707/1682
f 2822/1707/1682 925/1713/1688 926/1714/1689 2825/1710/1685
f 2825/1710/1685 926/1714/1689 127/1715/1690 923/1716/1691
f 2824/1708/1683 2825/1710/1685 923/1716/1691 922/1717/1692
f 2823/1709/1684 2824/1708/1683 922/1717/1692 921/1718/1693
f 920/1719/1694 2823/1709/1684 921/1718/1693 126/1720/1695
f 919/1721/1696 2820/1705/1680 2823/1709/1684 920/1719/1694
f 918/1711/1686 2817/1702/1677 2820/1705/1680 919/1721/1696
f 2826/1722/1697 2827/1723/1698 2830/1724/1699 2829/1725/1700
f 2827/1723/1698 2828/1726/1701 2831/1727/1702 2830/1724/1699
f 2829/1725/1700 2830/1724/1699 2833/1728/1703 2832/1729/1704
f 2830/1724/1699 2831/1727/1702 2834/1730/1705 2833/1728/1703
f 120/1595/1590 885/1621/1612 2826/1722/1697 924/1712/1687
f 885/1621/1612 886/1620/1611 2827/1723/1698 2826/1722/1697
f 886/1620/1611 887/1619/1610 2828/1726/1701 2827/1723/1698
f 887/1619/1610 121/1618/1609 930/1731/1706 2828/1726/1701
f 2828/1726/1701 930/1731/1706 931/1732/1707 2831/1727/1702
f 2831/1727/1702 931/1732/1707 932/1733/1708 2834/1730/1705
f 2834/1730/1705 932/1733/1708 128/1734/1709 929/1735/1710
f 2833/1728/1703 2834/1730/1705 929/1735/1710 928/1736/1711
f 2832/1729/1704 2833/1728/1703 928/1736/1711 927/1737/1712
f 926/1714/1689 2832/1729/1704 927/1737/1712 127/1715/1690
f 925/1713/1688 2829/1725/1700 2832/1729/1704 926/1714/1689
f 924/1712/1687 2826/1722/1697 2829/1725/1700 925/1713/1688
f 2835/1738/1713 2836/1739/1714 2839/1740/1715 2838/1741/1716
f 2836/1739/1714 2837/1742/1717 2840/1743/1718 2839/1740/1715
f 2838/1741/1716 2839/1740/1715 2842/1744/1719 2841/1745/1720
f 2839/1740/1715 2840/1743/1718 2843/1746/1721 2842/1744/1719
f 121/1618/1609 891/1641/1628 2835/1738/1713 930/1731/1706
f 891/1641/1628 892/1640/1627 2836/1739/1714 2835/1738/1713
f 892/1640/1627 893/1639/1626 2837/1742/1717 2836/1739/1714
f 893/1639/1626 122/1638/1625 936/1747/1722 2837/1742/1717
f 2837/1742/1717 936/1747/1722 937/1748/1723 2840/1743/1718
f 2840/1743/1718 937/1748/1723 938/1749/1724 2843/1746/1721
f 2843/1746/1721 938/1749/1724 129/1750/1725 935/1751/1726
f 2842/1744/1719 2843/1746/1721 935/1751/1726 934/1752/1727
f 2841/1745/1720 2842/1744/1719 934/1752/1727 933/1753/1728
f 932/1733/1708 2841/1745/1720 933/1753/1728 128/1734/1709
f 931/1732/1707 2838/1741/1716 2841/1745/1720 932/1733/1708
f 930/1731/1706 2835/1738/1713 2838/1741/1716 931/1732/1707
f 2844/1754/1729 2845/1755/1730 2848/1756/1731 2847/1757/1732
f 2845/1755/1730 2846/1758/1733 2849/1759/1734 2848/1756/1731
f 2847/1757/1732 2848/1756/1731 2851/1760/1735 2850/1761/1736
f 2848/1756/1731 2849/1759/1734 2852/1762/1737 2851/1760/1735
f 122/1638/1625 894/1661/1644 2844/1754/1729 936/1747/1722
f 894/1661/1644 895/1660/1643 2845/1755/1730 2844/1754/1729
f 895/1660/1643 896/1659/1642 2846/1758/1733 2845/1755/1730
f 896/1659/1642 123/1658/1641 942/1763/1738 2846/1758/1733
f 2846/1758/1733 942/1763/1738 943/1764/1739 2849/1759/1734
f 2849/1759/1734 943/1764/1739 944/1765/1740 2852/1762/1737
f 2852/1762/1737 944/1765/1740 130/1766/1741 941/1767/1742
f 2851/1760/1735 2852/1762/1737 941/1767/1742 940/1768/1743
f 2850/1761/1736 2851/1760/1735 940/1768/1743 939/1769/1744
f 938/1749/1724 2850/1761/1736 939/1769/1744 129/1750/1725
f 937/1748/1723 2847/1757/1732 2850/1761/1736 938/1749/1724
f 936/1747/1722 2844/1754/1729 2847/1757/1732 937/1748/1723
f 2853/1770/1745 2854/1771/1746 2857/1772/1747 2856/1773/1748
f 2854/1771/1746 2855/1774/1749 2858/1775/1750 2857/1772/1747
f 2856/1773/1748 2857/1772/1747 2860/1776/1751 2859/1777/1752
f 2857/1772/1747 2858/1775/1750 2861/1778/1753 2860/1776/1751
f 123/1658/1641 903/1681/1660 2853/1770/1745 942/1763/1738
f 903/1681/1660 904/1680/1659 2854/1771/1746 2853/1770/1745
f 904/1680/1659 905/1679/1658 2855/1774/1749 2854/1771/1746
f 905/1679/1658 124/1678/1657 948/1779/1754 2855/1774/1749
f 2855/1774/1749 948/1779/1754 949/1780/1755 2858/1775/1750
f 2858/1775/1750 949/1780/1755 950/1781/1756 2861/1778/1753
f 2861/1778/1753 950/1781/1756 131/1782/1757 947/1783/1758
f 2860/1776/1751 2861/1778/1753 947/1783/1758 946/1784/1759
f 2859/1777/1752 2860/1776/1751 946/1784/1759 945/1785/1760
f 944/1765/1740 2859/1777/1752 945/1785/1760 130/1766/1741
f 943/1764/1739 2856/1773/1748 2859/1777/1752 944/1765/1740
f 942/1763/1738 2853/1770/1745 2856/1773/1748 943/1764/1739
f 2862/1786/1761 2863/1787/1762 2866/1788/1763 2865/1789/1764
f 2863/1787/1762 2864/1790/1765 2867/1791/1766 2866/1788/1763
f 2865/1789/1764 2866/1788/1763 2869/1792/1767 2868/1793/1768
f 2866/1788/1763 2867/1791/1766 2870/1794/1769 2869/1792/1767
f 124/1678/1657 909/1701/1676 2862/1786/1761 948/1779/1754
f 909/1701/1676 910/1700/1675 2863/1787/1762 2862/1786/1761
f 910/1700/1675 911/1699/1674 2864/1790/1765 2863/1787/1762
f 911/1699/1674 125/1698/1673 954/1795/1770 2864/1790/1765
f 2864/1790/1765 954/1795/1770 955/1796/1771 2867/1791/1766
f 2867/1791/1766 955/1796/1771 956/1797/1772 2870/1794/1769
f 2870/1794/1769 956/1797/1772 132/1798/1773 953/1799/1774
f 2869/1792/1767 2870/1794/1769 953/1799/1774 952/1800/1775
f 2868/1793/1768 2869/1792/1767 952/1800/1775 951/1801/1776
f 950/1781/1756 2868/1793/1768 951/1801/1776 131/1782/1757
f 949/1780/1755 2865/1789/1764 2868/1793/1768 950/1781/1756
f 948/1779/1754 2862/1786/1761 2865/1789/1764 949/1780/1755
f 2871/1802/1777 2872/1803/1778 2875/1804/1779 2874/1805/1780
f 2872/1803/1778 2873/1806/1781 2876/1807/1782 2875/1804/1779
f 2874/1805/1780 2875/1804/1779 2878/1808/1783 2877/1809/1784
f 2875/1804/1779 2876/1807/1782 2879/1810/1785 2878/1808/1783
f 126/1720/1695 921/1718/1693 2871/1802/1777 957/1811/1786
f 921/1718/1693 922/1717/1692 2872/1803/1778 2871/1802/1777
f 922/1717/1692 923/1716/1691 2873/1806/1781 2872/1803/1778
f 923/1716/1691 127/1715/1690 963/1812/1787 2873/1806/1781
f 2873/1806/1781 963/1812/1787 964/1813/1788 2876/1807/1782
f 2876/1807/1782 964/1813/1788 965/1814/1789 2879/1810/1785
f 2879/1810/1785 965/1814/1789 134/1815/1790 962/1816/1791
f 2878/1808/1783 2879/1810/1785 962/1816/1791 961/1817/1792
f 2877/1809/1784 2878/1808/1783 961/1817/1792 960/1818/1793
f 959/1819/1794 2877/1809/1784 960/1818/1793 133/1820/1795
f 958/1821/1796 2874/1805/1780 2877/1809/1784 959/1819/1794
f 957/1811/1786 2871/1802/1777 2874/1805/1780 958/1821/1796
f 2880/1822/1797 2881/1823/1798 2884/1824/1799 2883/1825/1800
f 2881/1823/1798 2882/1826/1801 2885/1827/1802 2884/1824/1799
f 2883/1825/1800 2884/1824/1799 2887/1828/1803 2886/1829/1804
f 2884/1824/1799 2885/1827/1802 2888/1830/1805 2887/1828/1803
f 127/1715/1690 927/1737/1712 2880/1822/1797 963/1812/1787
f 927/1737/1712 928/1736/1711 2881/1823/1798 2880/1822/1797
f 928/1736/1711 929/1735/1710 2882/1826/1801 2881/1823/1798
f 929/1735/1710 128/1734/1709 969/1831/1806 2882/1826/1801
f 2882/1826/1801 969/1831/1806 970/1832/1807 2885/1827/1802
f 2885/1827/1802 970/1832/1807 971/1833/1808 2888/1830/1805
f 2888/1830/1805 971/1833/1808 135/1834/1809 968/1835/1810
f 2887/1828/1803 2888/1830/1805 968/1835/1810 967/1836/1811
f 2886/1829/1804 2887/1828/1803 967/1836/1811 966/1837/1812
f 965/1814/1789 2886/1829/1804 966/1837/1812 134/1815/1790
f 964/1813/1788 2883/1825/1800 2886/1829/1804 965/1814/1789
f 963/1812/1787 2880/1822/1797 2883/1825/1800 964/1813/1788
f 2889/1838/1813 2890/1839/1814 2893/1840/1815 2892/1841/1816
f 2890/1839/1814 2891/1842/1817 2894/1843/1818 2893/1840/1815
f 2892/1841/1816 2893/1840/1815 2896/1844/1819 2895/1845/1820
f 2893/1840/1815 2894/1843/1818 2897/1846/1821 2896/1844/1819
f 128/1734/1709 933/1753/1728 2889/1838/1813 969/1831/1806
f 933/1753/1728 934/1752/1727 2890/1839/1814 2889/1838/1813
f 934/1752/1727 935/1751/1726 2891/1842/1817 2890/1839/1814
f 935/1751/1726 129/1750/1725 975/1847/1822 2891/1842/1817
f 2891/1842/1817 975/1847/1822 976/1848/1823 2894/1843/1818
f 2894/1843/1818 976/1848/1823 977/1849/1824 2897/1846/1821
f 2897/1846/1821 977/1849/1824 136/1850/1825 974/1851/1826
f 2896/1844/1819 2897/1846/1821 974/1851/1826 973/1852/1827
f 2895/1845/1820 2896/1844/1819 973/1852/1827 972/1853/1828
f 971/1833/1808 2895/1845/1820 972/1853/1828 135/1834/1809
f 970/1832/1807 2892/1841/1816 2895/1845/1820 971/1833/1808
f 969/1831/1806 2889/1838/1813 2892/1841/1816 970/1832/1807
f 2898/1854/1829 2899/1855/1830 2902/1856/1831 2901/1857/1832
f 2899/1855/1830 2900/1858/1833 2903/1859/1834 2902/1856/1831
f 2901/1857/1832 2902/1856/1831 2905/1860/1835 2904/1861/1836
f 2902/1856/1831 2903/1859/1834 2906/1862/1837 2905/1860/1835
f 129/1750/1725 939/1769/1744 2898/1854/1829 975/1847/1822
f 939/1769/1744 940/1768/1743 2899/1855/1830 2898/1854/1829
f 940/1768/1743 941/1767/1742 2900/1858/1833 2899/1855/1830
f 941/1767/1742 130/1766/1741 981/1863/1838 2900/1858/1833
f 2900/1858/1833 981/1863/1838 982/1864/1839 2903/1859/1834
f 2903/1859/1834 982/1864/1839 983/1865/1840 2906/1862/1837
f 2906/1862/1837 983/1865/1840 137/1866/1841 980/1867/1842
f 2905/1860/1835 2906/1862/1837 980/1867/1842 979/1868/1843
f 2904/1861/1836 2905/1860/1835 979/1868/1843 978/1869/1844
f 977/1849/1824 2904/1861/1836 978/1869/1844 136/1850/1825
f 976/1848/1823 2901/1857/1832 2904/1861/1836 977/1849/1824
f 975/1847/1822 2898/1854/1829 2901/1857/1832 976/1848/1823
f 2907/1870/1845 2908/1871/1846 2911/1872/1847 2910/1873/1848
f 2908/1871/1846 2909/1874/1849 2912/1875/1850 2911/1872/1847
f 2910/1873/1848 2911/1872/1847 2914/1876/1851 2913/1877/1852
f 2911/1872/1847 2912/1875/1850 2915/1878/1853 2914/1876/1851
f 130/1766/1741 945/1785/1760 2907/1870/1845 981/1863/1838
f 945/1785/1760 946/1784/1759 2908/1871/1846 2907/1870/1845
f 946/1784/1759 947/1783/1758 2909/1874/1849 2908/1871/1846
f 947/1783/1758 131/1782/1757 987/1879/1854 2909/1874/1849
f 2909/1874/1849 987/1879/1854 988/1880/1855 2912/1875/1850
f 2912/1875/1850 988/1880/1855 989/1881/1856 2915/1878/1853
f 2915/1878/1853 989/1881/1856 138/1882/1857 986/1883/1858
f 2914/1876/1851 2915/1878/1853 986/1883/1858 985/1884/1859
f 2913/1877/1852 2914/1876/1851 985/1884/1859 984/1885/1860
f 983/1865/1840 2913/1877/1852 984/1885/1860 137/1866/1841
f 982/1864/1839 2910/1873/1848 2913/1877/1852 983/1865/1840
f 981/1863/1838 2907/1870/1845 2910/1873/1848 982/1864/1839
f 2916/1886/1861 2917/1887/1862 2920/1888/1863 2919/1889/1864
f 2917/1887/1862 2918/1890/1865 2921/1891/1866 2920/1888/1863
f 2919/1889/1864 2920/1888/1863 2923/1892/1867 2922/1893/1868
f 2920/1888/1863 2921/1891/1866 2924/1894/1869 2923/1892/1867
f 131/1782/1757 951/1801/1776 2916/1886/1861 987/1879/1854
f 951/1801/1776 952/1800/1775 2917/1887/1862 2916/1886/1861
f 952/1800/1775 953/1799/1774 2918/1890/1865 2917/1887/1862
f 953/1799/1774 132/1798/1773 993/1895/1870 2918/1890/1865
f 2918/1890/1865 993/1895/1870 994/1896/1871 2921/1891/1866
f 2921/1891/1866 994/1896/1871 995/1897/1872 2924/1894/1869
f 2924/1894/1869 995/1897/1872 139/1898/1873 992/1899/1874
f 2923/1892/1867 2924/1894/1869 992/1899/1874 991/1900/1875
f 2922/1893/1868 2923/1892/1867 991/1900/1875 990/1901/1876
f 989/1881/1856 2922/1893/1868 990/1901/1876 138/1882/1857
f 988/1880/1855 2919/1889/1864 2922/1893/1868 989/1881/1856
f 987/1879/1854 2916/1886/1861 2919/1889/1864 988/1880/1855
f 2925/1902/1877 2926/1903/1878 2929/1904/1879 2928/1905/1880
f 2926/1903/1878 2927/1906/1881 2930/1907/1882 2929/1904/1879
f 2928/1905/1880 2929/1904/1879 2932/1908/1883 2931/1909/1884
f 2929/1904/1879 2930/1907/1882 2933/1910/1885 2932/1908/1883
f 140/1911/1886 1005/1912/1887 2925/1902/1877 996/1913/1888
f 1005/1912/1887 1006/1914/1889 2926/1903/1878 2925/1902/1877
f 1006/1914/1889 1007/1915/1890 2927/1906/1881 2926/1903/1878
f 1007/1915/1890 143/1916/1891 1004/1917/1892 2927/1906/1881
f 2927/1906/1881 1004/1917/1892 1003/1918/1893 2930/1907/1882
f 2930/1907/1882 1003/1918/1893 1002/1919/1894 2933/1910/1885
f 2933/1910/1885 1002/1919/1894 142/1920/1895 1001/1921/1896
f 2932/1908/1883 2933/1910/1885 1001/1921/1896 1000/1922/1897
f 2931/1909/1884 2932/1908/1883 1000/1922/1897 999/1923/1898
f 998/1924/1899 2931/1909/1884 999/1923/1898 141/1925/1900
f 997/1926/1901 2928/1905/1880 2931/1909/1884 998/1924/1899
f 996/1913/1888 2925/1902/1877 2928/1905/1880 997/1926/1901
f 2934/1927/1902 2935/1928/1903 2938/1929/1904 2937/1930/1905
f 2935/1928/1903 2936/1931/1906 2939/1932/1907 2938/1929/1904
f 2937/1930/1905 2938/1929/1904 2941/1933/1908 2940/1934/1909
f 2938/1929/1904 2939/1932/1907 2942/1935/1910 2941/1933/1908
f 143/1916/1891 1014/1936/1911 2934/1927/1902 1004/1917/1892
f 1014/1936/1911 1015/1937/1912 2935/1928/1903 2934/1927/1902
f 1015/1937/1912 1016/1938/1913 2936/1931/1906 2935/1928/1903
f 1016/1938/1913 145/1939/1914 1013/1940/1915 2936/1931/1906
f 2936/1931/1906 1013/1940/1915 1012/1941/1916 2939/1932/1907
f 2939/1932/1907 1012/1941/1916 1011/1942/1917 2942/1935/1910
f 2942/1935/1910 1011/1942/1917 144/1943/1918 1010/1944/1919
f 2941/1933/1908 2942/1935/1910 1010/1944/1919 1009/1945/1920
f 2940/1934/1909 2941/1933/1908 1009/1945/1920 1008/1946/1921
f 1002/1919/1894 2940/1934/1909 1008/1946/1921 142/1920/1895
f 1003/1918/1893 2937/1930/1905 2940/1934/1909 1002/1919/1894
f 1004/1917/1892 2934/1927/1902 2937/1930/1905 1003/1918/1893
f 2943/1947/1922 2944/1948/1923 2947/1949/1924 2946/1950/1925
f 2944/1948/1923 2945/1951/1926 2948/1952/1927 2947/1949/1924
f 2946/1950/1925 2947/1949/1924 2950/1953/1928 2949/1954/1929
f 2947/1949/1924 2948/1952/1927 2951/1955/1930 2950/1953/1928
f 145/1939/1914 1019/1956/1931 2943/1947/1922 1013/1940/1915
f 1019/1956/1931 1018/1957/1932 2944/1948/1923 2943/1947/1922
f 1018/1957/1932 1017/1958/1933 2945/1951/1926 2944/1948/1923
f 1017/1958/1933 8/1959/64 1035/1960/62 2945/1951/1926
f 2945/1951/1926 1035/1960/62 1036/1961/61 2948/1952/1927
f 2948/1952/1927 1036/1961/61 1037/1962/60 2951/1955/1930
f 2951/1955/1930 1037/1962/60 7/1963/59 1073/1964/1934
f 2950/1953/1928 2951/1955/1930 1073/1964/1934 1072/1965/1935
f 2949/1954/1929 2950/1953/1928 1072/1965/1935 1071/1966/1936
f 1011/1942/1917 2949/1954/1929 1071/1966/1936 144/1943/1918
f 1012/1941/1916 2946/1950/1925 2949/1954/1929 1011/1942/1917
f 1013/1940/1915 2943/1947/1922 2946/1950/1925 1012/1941/1916
f 2952/1967/1937 2953/1968/1938 2956/1969/1939 2955/1970/1940
f 2953/1968/1938 2954/1971/1941 2957/1972/1942 2956/1969/1939
f 2955/1970/1940 2956/1969/1939 2959/1973/1943 2958/1974/1944
f 2956/1969/1939 2957/1972/1942 2960/1975/1945 2959/1973/1943
f 141/1925/1900 999/1923/1898 2952/1967/1937 1020/1976/1946
f 999/1923/1898 1000/1922/1897 2953/1968/1938 2952/1967/1937
f 1000/1922/1897 1001/1921/1896 2954/1971/1941 2953/1968/1938
f 1001/1921/1896 142/1920/1895 1026/1977/1947 2954/1971/1941
f 2954/1971/1941 1026/1977/1947 1027/1978/1948 2957/1972/1942
f 2957/1972/1942 1027/1978/1948 1028/1979/1949 2960/1975/1945
f 2960/1975/1945 1028/1979/1949 147/1980/1950 1025/1981/1951
f 2959/1973/1943 2960/1975/1945 1025/1981/1951 1024/1982/1952
f 2958/1974/1944 2959/1973/1943 1024/1982/1952 1023/1983/1953
f 1022/1984/1954 2958/1974/1944 1023/1983/1953 146/1985/1955
f 1021/1986/1956 2955/1970/1940 2958/1974/1944 1022/1984/1954
f 1020/1976/1946 2952/1967/1937 2955/1970/1940 1021/1986/1956
f 2961/1987/1957 2962/1988/1958 2965/1989/1959 2964/1990/1960
f 2962/1988/1958 2963/1991/1961 2966/1992/1962 2965/1989/1959
f 2964/1990/1960 2965/1989/1959 2968/1993/1963 2967/1994/1964
f 2965/1989/1959 2966/1992/1962 2969/1995/1965 2968/1993/1963
f 142/1920/1895 1008/1946/1921 2961/1987/1957 1026/1977/1947
f 1008/1946/1921 1009/1945/1920 2962/1988/1958 2961/1987/1957
f 1009/1945/1920 1010/1944/1919 2963/1991/1961 2962/1988/1958
f 1010/1944/1919 144/1943/1918 1032/1996/1966 2963/1991/1961
f 2963/1991/1961 1032/1996/1966 1033/1997/1967 2966/1992/1962
f 2966/1992/1962 1033/1997/1967 1034/1998/1968 2969/1995/1965
f 2969/1995/1965 1034/1998/1968 148/1999/1969 1031/2000/1970
f 2968/1993/1963 2969/1995/1965 1031/2000/1970 1030/2001/1971
f 2967/1994/1964 2968/1993/1963 1030/2001/1971 1029/2002/1972
f 1028/1979/1949 2967/1994/1964 1029/2002/1972 147/1980/1950
f 1027/1978/1948 2964/1990/1960 2967/1994/1964 1028/1979/1949
f 1026/1977/1947 2961/1987/1957 2964/1990/1960 1027/1978/1948
f 2970/2003/1973 2971/2004/1974 2974/2005/1975 2973/2006/1976
f 2971/2004/1974 2972/2007/1977 2975/2008/1978 2974/2005/1975
f 2973/2006/1976 2974/2005/1975 2977/2009/1979 2976/2010/1980
f 2974/2005/1975 2975/2008/1978 2978/2011/1981 2977/2009/1979
f 144/1943/1918 1071/1966/1936 2970/2003/1973 1032/1996/1966
f 1071/1966/1936 1072/1965/1935 2971/2004/1974 2970/2003/1973
f 1072/1965/1935 1073/1964/1934 2972/2007/1977 2971/2004/1974
f 1073/1964/1934 7/1963/59 327/2012/117 2972/2007/1977
f 2972/2007/1977 327/2012/117 328/2013/116 2975/2008/1978
f 2975/2008/1978 328/2013/116 329/2014/115 2978/2011/1981
f 2978/2011/1981 329/2014/115 12/2015/114 1091/2016/1982
f 2977/2009/1979 2978/2011/1981 1091/2016/1982 1090/2017/1983
f 2976/2010/1980 2977/2009/1979 1090/2017/1983 1089/2018/1984
f 1034/1998/1968 2976/2010/1980 1089/2018/1984 148/1999/1969
f 1033/1997/1967 2973/2006/1976 2976/2010/1980 1034/1998/1968
f 1032/1996/1966 2970/2003/1973 2973/2006/1976 1033/1997/1967
f 2979/2019/1985 2980/2020/1986 2983/2021/1987 2982/2022/1988
f 2980/2020/1986 2981/2023/1989 2984/2024/1990 2983/2021/1987
f 2982/2022/1988 2983/2021/1987 2986/2025/1991 2985/2026/1992
f 2983/2021/1987 2984/2024/1990 2987/2027/1993 2986/2025/1991
f 146/1985/1955 1023/1983/1953 2979/2019/1985 1038/2028/1994
f 1023/1983/1953 1024/1982/1952 2980/2020/1986 2979/2019/1985
f 1024/1982/1952 1025/1981/1951 2981/2023/1989 2980/2020/1986
f 1025/1981/1951 147/1980/1950 1044/2029/1995 2981/2023/1989
f 2981/2023/1989 1044/2029/1995 1045/2030/1996 2984/2024/1990
f 2984/2024/1990 1045/2030/1996 1046/2031/1997 2987/2027/1993
f 2987/2027/1993 1046/2031/1997 150/2032/1998 1043/2033/1999
f 2986/2025/1991 2987/2027/1993 1043/2033/1999 1042/2034/2000
f 2985/2026/1992 2986/2025/1991 1042/2034/2000 1041/2035/2001
f 1040/2036/2002 2985/2026/1992 1041/2035/2001 149/2037/2003
f 1039/2038/2004 2982/2022/1988 2985/2026/1992 1040/2036/2002
f 1038/2028/1994 2979/2019/1985 2982/2022/1988 1039/2038/2004
f 2988/2039/2005 2989/2040/2006 2992/2041/2007 2991/2042/2008
f 2989/2040/2006 2990/2043/2009 2993/2044/2010 2992/2041/2007
f 2991/2042/2008 2992/2041/2007 2995/2045/2011 2994/2046/2012
f 2992/2041/2007 2993/2044/2010 2996/2047/2013 2995/2045/2011
f 147/1980/1950 1029/2002/1972 2988/2039/2005 1044/2029/1995
f 1029/2002/1972 1030/2001/1971 2989/2040/2006 2988/2039/2005
f 1030/2001/1971 1031/2000/1970 2990/2043/2009 2989/2040/2006
f 1031/2000/1970 148/1999/1969 1050/2048/2014 2990/2043/2009
f 2990/2043/2009 1050/2048/2014 1051/2049/2015 2993/2044/2010
f 2993/2044/2010 1051/2049/2015 1052/2050/2016 2996/2047/2013
f 2996/2047/2013 1052/2050/2016 151/2051/2017 1049/2052/2018
f 2995/2045/2011 2996/2047/2013 1049/2052/2018 1048/2053/2019
f 2994/2046/2012 2995/2045/2011 1048/2053/2019 1047/2054/2020
f 1046/2031/1997 2994/2046/2012 1047/2054/2020 150/2032/1998
f 1045/2030/1996 2991/2042/2008 2994/2046/2012 1046/2031/1997
f 1044/2029/1995 2988/2039/2005 2991/2042/2008 1045/2030/1996
f 2997/2055/2021 2998/2056/2022 3001/2057/2023 3000/2058/2024
f 2998/2056/2022 2999/2059/2025 3002/2060/2026 3001/2057/2023
f 3000/2058/2024 3001/2057/2023 3004/2061/2027 3003/2062/2028
f 3001/2057/2023 3002/2060/2026 3005/2063/2029 3004/2061/2027
f 148/1999/1969 1089/2018/1984 2997/2055/2021 1050/2048/2014
f 1089/2018/1984 1090/2017/1983 2998/2056/2022 2997/2055/2021
f 1090/2017/1983 1091/2016/1982 2999/2059/2025 2998/2056/2022
f 1091/2016/1982 12/2015/114 348/2064/169 2999/2059/2025
f 2999/2059/2025 348/2064/169 349/2065/168 3002/2060/2026
f 3002/2060/2026 349/2065/168 350/2066/167 3005/2063/2029
f 3005/2063/2029 350/2066/167 16/2067/166 1109/2068/2030
f 3004/2061/2027 3005/2063/2029 1109/2068/2030 1108/2069/2031
f 3003/2062/2028 3004/2061/2027 1108/2069/2031 1107/2070/2032
f 1052/2050/2016 3003/2062/2028 1107/2070/2032 151/2051/2017
f 1051/2049/2015 3000/2058/2024 3003/2062/2028 1052/2050/2016
f 1050/2048/2014 2997/2055/2021 3000/2058/2024 1051/2049/2015
f 3006/2071/2033 3007/2072/2034 3010/2073/2035 3009/2074/2036
f 3007/2072/2034 3008/2075/2037 3011/2076/2038 3010/2073/2035
f 3009/2074/2036 3010/2073/2035 3013/2077/2039 3012/2078/2040
f 3010/2073/2035 3011/2076/2038 3014/2079/2041 3013/2077/2039
f 149/2037/2003 1041/2035/2001 3006/2071/2033 1056/2080/2042
f 1041/2035/2001 1042/2034/2000 3007/2072/2034 3006/2071/2033
f 1042/2034/2000 1043/2033/1999 3008/2075/2037 3007/2072/2034
f 1043/2033/1999 150/2032/1998 1062/2081/2043 3008/2075/2037
f 3008/2075/2037 1062/2081/2043 1063/2082/2044 3011/2076/2038
f 3011/2076/2038 1063/2082/2044 1064/2083/2045 3014/2079/2041
f 3014/2079/2041 1064/2083/2045 153/2084/2046 1061/2085/2047
f 3013/2077/2039 3014/2079/2041 1061/2085/2047 1060/2086/2048
f 3012/2078/2040 3013/2077/2039 1060/2086/2048 1059/2087/2049
f 1058/2088/2050 3012/2078/2040 1059/2087/2049 152/2089/2051
f 1057/2090/2052 3009/2074/2036 3012/2078/2040 1058/2088/2050
f 1056/2080/2042 3006/2071/2033 3009/2074/2036 1057/2090/2052
f 3015/2091/2053 3016/2092/2054 3019/2093/2055 3018/2094/2056
f 3016/2092/2054 3017/2095/2057 3020/2096/2058 3019/2093/2055
f 3018/2094/2056 3019/2093/2055 3022/2097/2059 3021/2098/2060
f 3019/2093/2055 3020/2096/2058 3023/2099/2061 3022/2097/2059
f 150/2032/1998 1047/2054/2020 3015/2091/2053 1062/2081/2043
f 1047/2054/2020 1048/2053/2019 3016/2092/2054 3015/2091/2053
f 1048/2053/2019 1049/2052/2018 3017/2095/2057 3016/2092/2054
f 1049/2052/2018 151/2051/2017 1068/2100/2062 3017/2095/2057
f 3017/2095/2057 1068/2100/2062 1069/2101/2063 3020/2096/2058
f 3020/2096/2058 1069/2101/2063 1070/2102/2064 3023/2099/2061
f 3023/2099/2061 1070/2102/2064 154/2103/2065 1067/2104/2066
f 3022/2097/2059 3023/2099/2061 1067/2104/2066 1066/2105/2067
f 3021/2098/2060 3022/2097/2059 1066/2105/2067 1065/2106/2068
f 1064/2083/2045 3021/2098/2060 1065/2106/2068 153/2084/2046
f 1063/2082/2044 3018/2094/2056 3021/2098/2060 1064/2083/2045
f 1062/2081/2043 3015/2091/2053 3018/2094/2056 1063/2082/2044
f 3024/2107/2069 3025/2108/2070 3028/2109/2071 3027/2110/2072
f 3025/2108/2070 3026/2111/2073 3029/2112/2074 3028/2109/2071
f 3027/2110/2072 3028/2109/2071 3031/2113/2075 3030/2114/2076
f 3028/2109/2071 3029/2112/2074 3032/2115/2077 3031/2113/2075
f 151/2051/2017 1107/2070/2032 3024/2107/2069 1068/2100/2062
f 1107/2070/2032 1108/2069/2031 3025/2108/2070 3024/2107/2069
f 1108/2069/2031 1109/2068/2030 3026/2111/2073 3025/2108/2070
f 1109/2068/2030 16/2067/166 369/2116/221 3026/2111/2073
f 3026/2111/2073 369/2116/221 370/2117/220 3029/2112/2074
f 3029/2112/2074 370/2117/220 371/2118/219 3032/2115/2077
f 3032/2115/2077 371/2118/219 20/2119/218 1898/2120/2078
f 3031/2113/2075 3032/2115/2077 1898/2120/2078 1897/2121/2079
f 3030/2114/2076 3031/2113/2075 1897/2121/2079 1896/2122/2080
f 1070/2102/2064 3030/2114/2076 1896/2122/2080 154/2103/2065
f 1069/2101/2063 3027/2110/2072 3030/2114/2076 1070/2102/2064
f 1068/2100/2062 3024/2107/2069 3027/2110/2072 1069/2101/2063
f 3033/2123/2081 3034/2124/2082 3037/2125/2083 3036/2126/2084
f 3034/2124/2082 3035/2127/2085 3038/2128/2086 3037/2125/2083
f 3036/2126/2084 3037/2125/2083 3040/2129/2087 3039/2130/2088
f 3037/2125/2083 3038/2128/2086 3041/2131/2089 3040/2129/2087
f 152/2089/2051 1059/2087/2049 3033/2123/2081 1074/2132/2090
f 1059/2087/2049 1060/2086/2048 3034/2124/2082 3033/2123/2081
f 1060/2086/2048 1061/2085/2047 3035/2127/2085 3034/2124/2082
f 1061/2085/2047 153/2084/2046 1080/2133/2091 3035/2127/2085
f 3035/2127/2085 1080/2133/2091 1081/2134/2092 3038/2128/2086
f 3038/2128/2086 1081/2134/2092 1082/2135/2093 3041/2131/2089
f 3041/2131/2089 1082/2135/2093 156/2136/2094 1079/2137/2095
f 3040/2129/2087 3041/2131/2089 1079/2137/2095 1078/2138/2096
f 3039/2130/2088 3040/2129/2087 1078/2138/2096 1077/2139/2097
f 1076/2140/2098 3039/2130/2088 1077/2139/2097 155/2141/2099
f 1075/2142/2100 3036/2126/2084 3039/2130/2088 1076/2140/2098
f 1074/2132/2090 3033/2123/2081 3036/2126/2084 1075/2142/2100
f 3042/2143/2101 3043/2144/2102 3046/2145/2103 3045/2146/2104
f 3043/2144/2102 3044/2147/2105 3047/2148/2106 3046/2145/2103
f 3045/2146/2104 3046/2145/2103 3049/2149/2107 3048/2150/2108
f 3046/2145/2103 3047/2148/2106 3050/2151/2109 3049/2149/2107
f 153/2084/2046 1065/2106/2068 3042/2143/2101 1080/2133/2091
f 1065/2106/2068 1066/2105/2067 3043/2144/2102 3042/2143/2101
f 1066/2105/2067 1067/2104/2066 3044/2147/2105 3043/2144/2102
f 1067/2104/2066 154/2103/2065 1086/2152/2110 3044/2147/2105
f 3044/2147/2105 1086/2152/2110 1087/2153/2111 3047/2148/2106
f 3047/2148/2106 1087/2153/2111 1088/2154/2112 3050/2151/2109
f 3050/2151/2109 1088/2154/2112 157/2155/2113 1085/2156/2114
f 3049/2149/2107 3050/2151/2109 1085/2156/2114 1084/2157/2115
f 3048/2150/2108 3049/2149/2107 1084/2157/2115 1083/2158/2116
f 1082/2135/2093 3048/2150/2108 1083/2158/2116 156/2136/2094
f 1081/2134/2092 3045/2146/2104 3048/2150/2108 1082/2135/2093
f 1080/2133/2091 3042/2143/2101 3045/2146/2104 1081/2134/2092
f 3051/2159/2117 3052/2160/2118 3055/2161/2119 3054/2162/2120
f 3052/2160/2118 3053/2163/2121 3056/2164/2122 3055/2161/2119
f 3054/2162/2120 3055/2161/2119 3058/2165/2123 3057/2166/2124
f 3055/2161/2119 3056/2164/2122 3059/2167/2125 3058/2165/2123
f 154/2103/2065 1896/2122/2080 3051/2159/2117 1086/2152/2110
f 1896/2122/2080 1897/2121/2079 3052/2160/2118 3051/2159/2117
f 1897/2121/2079 1898/2120/2078 3053/2163/2121 3052/2160/2118
f 1898/2120/2078 20/2119/218 390/2168/273 3053/2163/2121
f 3053/2163/2121 390/2168/273 391/2169/272 3056/2164/2122
f 3056/2164/2122 391/2169/272 392/2170/271 3059/2167/2125
f 3059/2167/2125 392/2170/271 24/2171/270 1181/2172/2126
f 3058/2165/2123 3059/2167/2125 1181/2172/2126 1180/2173/2127
f 3057/2166/2124 3058/2165/2123 1180/2173/2127 1179/2174/2128
f 1088/2154/2112 3057/2166/2124 1179/2174/2128 157/2155/2113
f 1087/2153/2111 3054/2162/2120 3057/2166/2124 1088/2154/2112
f 1086/2152/2110 3051/2159/2117 3054/2162/2120 1087/2153/2111
f 3060/2175/2129 3061/2176/2130 3064/2177/2131 3063/2178/2132
f 3061/2176/2130 3062/2179/2133 3065/2180/2134 3064/2177/2131
f 3063/2178/2132 3064/2177/2131 3067/2181/2135 3066/2182/2136
f 3064/2177/2131 3065/2180/2134 3068/2183/2137 3067/2181/2135
f 155/2141/2099 1077/2139/2097 3060/2175/2129 1092/2184/2138
f 1077/2139/2097 1078/2138/2096 3061/2176/2130 3060/2175/2129
f 1078/2138/2096 1079/2137/2095 3062/2179/2133 3061/2176/2130
f 1079/2137/2095 156/2136/2094 1098/2185/2139 3062/2179/2133
f 3062/2179/2133 1098/2185/2139 1099/2186/2140 3065/2180/2134
f 3065/2180/2134 1099/2186/2140 1100/2187/2141 3068/2183/2137
f 3068/2183/2137 1100/2187/2141 159/2188/2142 1097/2189/2143
f 3067/2181/2135 3068/2183/2137 1097/2189/2143 1096/2190/2144
f 3066/2182/2136 3067/2181/2135 1096/2190/2144 1095/2191/2145
f 1094/2192/2146 3066/2182/2136 1095/2191/2145 158/2193/2147
f 1093/2194/2148 3063/2178/2132 3066/2182/2136 1094/2192/2146
f 1092/2184/2138 3060/2175/2129 3063/2178/2132 1093/2194/2148
f 3069/2195/2149 3070/2196/2150 3073/2197/2151 3072/2198/2152
f 3070/2196/2150 3071/2199/2153 3074/2200/2154 3073/2197/2151
f 3072/2198/2152 3073/2197/2151 3076/2201/2155 3075/2202/2156
f 3073/2197/2151 3074/2200/2154 3077/2203/2157 3076/2201/2155
f 156/2136/2094 1083/2158/2116 3069/2195/2149 1098/2185/2139
f 1083/2158/2116 1084/2157/2115 3070/2196/2150 3069/2195/2149
f 1084/2157/2115 1085/2156/2114 3071/2199/2153 3070/2196/2150
f 1085/2156/2114 157/2155/2113 1104/2204/2158 3071/2199/2153
f 3071/2199/2153 1104/2204/2158 1105/2205/2159 3074/2200/2154
f 3074/2200/2154 1105/2205/2159 1106/2206/2160 3077/2203/2157
f 3077/2203/2157 1106/2206/2160 160/2207/2161 1103/2208/2162
f 3076/2201/2155 3077/2203/2157 1103/2208/2162 1102/2209/2163
f 3075/2202/2156 3076/2201/2155 1102/2209/2163 1101/2210/2164
f 1100/2187/2141 3075/2202/2156 1101/2210/2164 159/2188/2142
f 1099/2186/2140 3072/2198/2152 3075/2202/2156 1100/2187/2141
f 1098/2185/2139 3069/2195/2149 3072/2198/2152 1099/2186/2140
f 3078/2211/2165 3079/2212/2166 3082/2213/2167 3081/2214/2168
f 3079/2212/2166 3080/2215/2169 3083/2216/2170 3082/2213/2167
f 3081/2214/2168 3082/2213/2167 3085/2217/2171 3084/2218/2172
f 3082/2213/2167 3083/2216/2170 3086/2219/2173 3085/2217/2171
f 157/2155/2113 1179/2174/2128 3078/2211/2165 1104/2204/2158
f 1179/2174/2128 1180/2173/2127 3079/2212/2166 3078/2211/2165
f 1180/2173/2127 1181/2172/2126 3080/2215/2169 3079/2212/2166
f 1181/2172/2126 24/2171/270 1887/2220/325 3080/2215/2169
f 3080/2215/2169 1887/2220/325 1888/2221/324 3083/2216/2170
f 3083/2216/2170 1888/2221/324 1889/2222/323 3086/2219/2173
f 3086/2219/2173 1889/2222/323 28/2223/322 1895/2224/2174
f 3085/2217/2171 3086/2219/2173 1895/2224/2174 1894/2225/2175
f 3084/2218/2172 3085/2217/2171 1894/2225/2175 1893/2226/2176
f 1106/2206/2160 3084/2218/2172 1893/2226/2176 160/2207/2161
f 1105/2205/2159 3081/2214/2168 3084/2218/2172 1106/2206/2160
f 1104/2204/2158 3078/2211/2165 3081/2214/2168 1105/2205/2159
f 3087/2227/2177 3088/2228/2178 3091/2229/2179 3090/2230/2180
f 3088/2228/2178 3089/2231/2181 3092/2232/2182 3091/2229/2179
f 3090/2230/2180 3091/2229/2179 3094/2233/2183 3093/2234/2184
f 3091/2229/2179 3092/2232/2182 3095/2235/2185 3094/2233/2183
f 68/2236/764 1110/2237/2186 3087/2227/2177 878/2238/765
f 1110/2237/2186 1111/2239/2187 3088/2228/2178 3087/2227/2177
f 1111/2239/2187 1112/2240/2188 3089/2231/2181 3088/2228/2178
f 1112/2240/2188 161/2241/2189 1113/2242/2190 3089/2231/2181
f 3089/2231/2181 1113/2242/2190 1114/2243/2191 3092/2232/2182
f 3092/2232/2182 1114/2243/2191 1115/2244/2192 3095/2235/2185
f 3095/2235/2185 1115/2244/2192 162/2245/2193 1932/2246/2194
f 3094/2233/2183 3095/2235/2185 1932/2246/2194 1933/2247/2195
f 3093/2234/2184 3094/2233/2183 1933/2247/2195 1934/2248/2196
f 876/2249/767 3093/2234/2184 1934/2248/2196 65/2250/728
f 877/2251/766 3090/2230/2180 3093/2234/2184 876/2249/767
f 878/2238/765 3087/2227/2177 3090/2230/2180 877/2251/766
f 3096/2252/2197 3097/2253/2198 3100/2254/2199 3099/2255/2200
f 3097/2253/2198 3098/2256/2201 3101/2257/2202 3100/2254/2199
f 3099/2255/2200 3100/2254/2199 3103/2258/2203 3102/2259/2204
f 3100/2254/2199 3101/2257/2202 3104/2260/2205 3103/2258/2203
f 65/2250/728 1934/2248/2196 3096/2252/2197 569/2261/729
f 1934/2248/2196 1933/2247/2195 3097/2253/2198 3096/2252/2197
f 1933/2247/2195 1932/2246/2194 3098/2256/2201 3097/2253/2198
f 1932/2246/2194 162/2245/2193 1116/2262/2206 3098/2256/2201
f 3098/2256/2201 1116/2262/2206 1117/2263/2207 3101/2257/2202
f 3101/2257/2202 1117/2263/2207 1118/2264/2208 3104/2260/2205
f 3104/2260/2205 1118/2264/2208 163/2265/2209 1119/2266/2210
f 3103/2258/2203 3104/2260/2205 1119/2266/2210 1120/2267/2211
f 3102/2259/2204 3103/2258/2203 1120/2267/2211 1121/2268/2212
f 567/2269/731 3102/2259/2204 1121/2268/2212 61/2270/689
f 568/2271/730 3099/2255/2200 3102/2259/2204 567/2269/731
f 569/2261/729 3096/2252/2197 3099/2255/2200 568/2271/730
f 3105/2272/2213 3106/2273/2214 3109/2274/2215 3108/2275/2216
f 3106/2273/2214 3107/2276/2217 3110/2277/2218 3109/2274/2215
f 3108/2275/2216 3109/2274/2215 3112/2278/2219 3111/2279/2220
f 3109/2274/2215 3110/2277/2218 3113/2280/2221 3112/2278/2219
f 61/2270/689 1121/2268/2212 3105/2272/2213 1554/2281/690
f 1121/2268/2212 1120/2267/2211 3106/2273/2214 3105/2272/2213
f 1120/2267/2211 1119/2266/2210 3107/2276/2217 3106/2273/2214
f 1119/2266/2210 163/2265/2209 1122/2282/2222 3107/2276/2217
f 3107/2276/2217 1122/2282/2222 1123/2283/2223 3110/2277/2218
f 3110/2277/2218 1123/2283/2223 1124/2284/2224 3113/2280/2221
f 3113/2280/2221 1124/2284/2224 164/2285/2225 1127/2286/2226
f 3112/2278/2219 3113/2280/2221 1127/2286/2226 1126/2287/2227
f 3111/2279/2220 3112/2278/2219 1126/2287/2227 1125/2288/2228
f 1556/2289/692 3111/2279/2220 1125/2288/2228 62/2290/694
f 1555/2291/691 3108/2275/2216 3111/2279/2220 1556/2289/692
f 1554/2281/690 3105/2272/2213 3108/2275/2216 1555/2291/691
f 3114/2292/2229 3115/2293/2230 3118/2294/2231 3117/2295/2232
f 3115/2293/2230 3116/2296/2233 3119/2297/2234 3118/2294/2231
f 3117/2295/2232 3118/2294/2231 3121/2298/2235 3120/2299/2236
f 3118/2294/2231 3119/2297/2234 3122/2300/2237 3121/2298/2235
f 161/2241/2189 1128/2301/2238 3114/2292/2229 1113/2242/2190
f 1128/2301/2238 1129/2302/2239 3115/2293/2230 3114/2292/2229
f 1129/2302/2239 1130/2303/2240 3116/2296/2233 3115/2293/2230
f 1130/2303/2240 165/2304/2241 1131/2305/2242 3116/2296/2233
f 3116/2296/2233 1131/2305/2242 1132/2306/2243 3119/2297/2234
f 3119/2297/2234 1132/2306/2243 1133/2307/2244 3122/2300/2237
f 3122/2300/2237 1133/2307/2244 166/2308/2245 1136/2309/2246
f 3121/2298/2235 3122/2300/2237 1136/2309/2246 1135/2310/2247
f 3120/2299/2236 3121/2298/2235 1135/2310/2247 1134/2311/2248
f 1115/2244/2192 3120/2299/2236 1134/2311/2248 162/2245/2193
f 1114/2243/2191 3117/2295/2232 3120/2299/2236 1115/2244/2192
f 1113/2242/2190 3114/2292/2229 3117/2295/2232 1114/2243/2191
f 3123/2312/2249 3124/2313/2250 3127/2314/2251 3126/2315/2252
f 3124/2313/2250 3125/2316/2253 3128/2317/2254 3127/2314/2251
f 3126/2315/2252 3127/2314/2251 3130/2318/2255 3129/2319/2256
f 3127/2314/2251 3128/2317/2254 3131/2320/2257 3130/2318/2255
f 162/2245/2193 1134/2311/2248 3123/2312/2249 1116/2262/2206
f 1134/2311/2248 1135/2310/2247 3124/2313/2250 3123/2312/2249
f 1135/2310/2247 1136/2309/2246 3125/2316/2253 3124/2313/2250
f 1136/2309/2246 166/2308/2245 1137/2321/2258 3125/2316/2253
f 3125/2316/2253 1137/2321/2258 1138/2322/2259 3128/2317/2254
f 3128/2317/2254 1138/2322/2259 1139/2323/2260 3131/2320/2257
f 3131/2320/2257 1139/2323/2260 167/2324/2261 1142/2325/2262
f 3130/2318/2255 3131/2320/2257 1142/2325/2262 1141/2326/2263
f 3129/2319/2256 3130/2318/2255 1141/2326/2263 1140/2327/2264
f 1118/2264/2208 3129/2319/2256 1140/2327/2264 163/2265/2209
f 1117/2263/2207 3126/2315/2252 3129/2319/2256 1118/2264/2208
f 1116/2262/2206 3123/2312/2249 3126/2315/2252 1117/2263/2207
f 3132/2328/2265 3133/2329/2266 3136/2330/2267 3135/2331/2268
f 3133/2329/2266 3134/2332/2269 3137/2333/2270 3136/2330/2267
f 3135/2331/2268 3136/2330/2267 3139/2334/2271 3138/2335/2272
f 3136/2330/2267 3137/2333/2270 3140/2336/2273 3139/2334/2271
f 163/2265/2209 1140/2327/2264 3132/2328/2265 1122/2282/2222
f 1140/2327/2264 1141/2326/2263 3133/2329/2266 3132/2328/2265
f 1141/2326/2263 1142/2325/2262 3134/2332/2269 3133/2329/2266
f 1142/2325/2262 167/2324/2261 1143/2337/2274 3134/2332/2269
f 3134/2332/2269 1143/2337/2274 1144/2338/2275 3137/2333/2270
f 3137/2333/2270 1144/2338/2275 1145/2339/2276 3140/2336/2273
f 3140/2336/2273 1145/2339/2276 168/2340/2277 1148/2341/2278
f 3139/2334/2271 3140/2336/2273 1148/2341/2278 1147/2342/2279
f 3138/2335/2272 3139/2334/2271 1147/2342/2279 1146/2343/2280
f 1124/2284/2224 3138/2335/2272 1146/2343/2280 164/2285/2225
f 1123/2283/2223 3135/2331/2268 3138/2335/2272 1124/2284/2224
f 1122/2282/2222 3132/2328/2265 3135/2331/2268 1123/2283/2223
f 3141/2344/2281 3142/2345/2282 3145/2346/2283 3144/2347/2284
f 3142/2345/2282 3143/2348/2285 3146/2349/2286 3145/2346/2283
f 3144/2347/2284 3145/2346/2283 3148/2350/2287 3147/2351/2288
f 3145/2346/2283 3146/2349/2286 3149/2352/2289 3148/2350/2287
f 165/2304/2241 1149/2353/2290 3141/2344/2281 1131/2305/2242
f 1149/2353/2290 1150/2354/2291 3142/2345/2282 3141/2344/2281
f 1150/2354/2291 1151/2355/2292 3143/2348/2285 3142/2345/2282
f 1151/2355/2292 169/2356/2293 1152/2357/2294 3143/2348/2285
f 3143/2348/2285 1152/2357/2294 1153/2358/2295 3146/2349/2286
f 3146/2349/2286 1153/2358/2295 1154/2359/2296 3149/2352/2289
f 3149/2352/2289 1154/2359/2296 170/2360/2297 1157/2361/2298
f 3148/2350/2287 3149/2352/2289 1157/2361/2298 1156/2362/2299
f 3147/2351/2288 3148/2350/2287 1156/2362/2299 1155/2363/2300
f 1133/2307/2244 3147/2351/2288 1155/2363/2300 166/2308/2245
f 1132/2306/2243 3144/2347/2284 3147/2351/2288 1133/2307/2244
f 1131/2305/2242 3141/2344/2281 3144/2347/2284 1132/2306/2243
f 3150/2364/2301 3151/2365/2302 3154/2366/2303 3153/2367/2304
f 3151/2365/2302 3152/2368/2305 3155/2369/2306 3154/2366/2303
f 3153/2367/2304 3154/2366/2303 3157/2370/2307 3156/2371/2308
f 3154/2366/2303 3155/2369/2306 3158/2372/2309 3157/2370/2307
f 166/2308/2245 1155/2363/2300 3150/2364/2301 1137/2321/2258
f 1155/2363/2300 1156/2362/2299 3151/2365/2302 3150/2364/2301
f 1156/2362/2299 1157/2361/2298 3152/2368/2305 3151/2365/2302
f 1157/2361/2298 170/2360/2297 1158/2373/2310 3152/2368/2305
f 3152/2368/2305 1158/2373/2310 1159/2374/2311 3155/2369/2306
f 3155/2369/2306 1159/2374/2311 1160/2375/2312 3158/2372/2309
f 3158/2372/2309 1160/2375/2312 171/2376/2313 1163/2377/2314
f 3157/2370/2307 3158/2372/2309 1163/2377/2314 1162/2378/2315
f 3156/2371/2308 3157/2370/2307 1162/2378/2315 1161/2379/2316
f 1139/2323/2260 3156/2371/2308 1161/2379/2316 167/2324/2261
f 1138/2322/2259 3153/2367/2304 3156/2371/2308 1139/2323/2260
f 1137/2321/2258 3150/2364/2301 3153/2367/2304 1138/2322/2259
f 3159/2380/2317 3160/2381/2318 3163/2382/2319 3162/2383/2320
f 3160/2381/2318 3161/2384/2321 3164/2385/2322 3163/2382/2319
f 3162/2383/2320 3163/2382/2319 3166/2386/2323 3165/2387/2324
f 3163/2382/2319 3164/2385/2322 3167/2388/2325 3166/2386/2323
f 167/2324/2261 1161/2379/2316 3159/2380/2317 1143/2337/2274
f 1161/2379/2316 1162/2378/2315 3160/2381/2318 3159/2380/2317
f 1162/2378/2315 1163/2377/2314 3161/2384/2321 3160/2381/2318
f 1163/2377/2314 171/2376/2313 1164/2389/2326 3161/2384/2321
f 3161/2384/2321 1164/2389/2326 1165/2390/2327 3164/2385/2322
f 3164/2385/2322 1165/2390/2327 1166/2391/2328 3167/2388/2325
f 3167/2388/2325 1166/2391/2328 172/2392/2329 1169/2393/2330
f 3166/2386/2323 3167/2388/2325 1169/2393/2330 1168/2394/2331
f 3165/2387/2324 3166/2386/2323 1168/2394/2331 1167/2395/2332
f 1145/2339/2276 3165/2387/2324 1167/2395/2332 168/2340/2277
f 1144/2338/2275 3162/2383/2320 3165/2387/2324 1145/2339/2276
f 1143/2337/2274 3159/2380/2317 3162/2383/2320 1144/2338/2275
f 3168/2396/2333 3169/2397/2334 3172/2398/2335 3171/2399/2336
f 3169/2397/2334 3170/2400/2337 3173/2401/2338 3172/2398/2335
f 3171/2399/2336 3172/2398/2335 3175/2402/2339 3174/2403/2340
f 3172/2398/2335 3173/2401/2338 3176/2404/2341 3175/2402/2339
f 169/2356/2293 1172/2405/2342 3168/2396/2333 1152/2357/2294
f 1172/2405/2342 1171/2406/2343 3169/2397/2334 3168/2396/2333
f 1171/2406/2343 1170/2407/2344 3170/2400/2337 3169/2397/2334
f 1170/2407/2344 158/2193/2147 1095/2191/2145 3170/2400/2337
f 3170/2400/2337 1095/2191/2145 1096/2190/2144 3173/2401/2338
f 3173/2401/2338 1096/2190/2144 1097/2189/2143 3176/2404/2341
f 3176/2404/2341 1097/2189/2143 159/2188/2142 1173/2408/2345
f 3175/2402/2339 3176/2404/2341 1173/2408/2345 1174/2409/2346
f 3174/2403/2340 3175/2402/2339 1174/2409/2346 1175/2410/2347
f 1154/2359/2296 3174/2403/2340 1175/2410/2347 170/2360/2297
f 1153/2358/2295 3171/2399/2336 3174/2403/2340 1154/2359/2296
f 1152/2357/2294 3168/2396/2333 3171/2399/2336 1153/2358/2295
f 3177/2411/2348 3178/2412/2349 3181/2413/2350 3180/2414/2351
f 3178/2412/2349 3179/2415/2352 3182/2416/2353 3181/2413/2350
f 3180/2414/2351 3181/2413/2350 3184/2417/2354 3183/2418/2355
f 3181/2413/2350 3182/2416/2353 3185/2419/2356 3184/2417/2354
f 170/2360/2297 1175/2410/2347 3177/2411/2348 1158/2373/2310
f 1175/2410/2347 1174/2409/2346 3178/2412/2349 3177/2411/2348
f 1174/2409/2346 1173/2408/2345 3179/2415/2352 3178/2412/2349
f 1173/2408/2345 159/2188/2142 1101/2210/2164 3179/2415/2352
f 3179/2415/2352 1101/2210/2164 1102/2209/2163 3182/2416/2353
f 3182/2416/2353 1102/2209/2163 1103/2208/2162 3185/2419/2356
f 3185/2419/2356 1103/2208/2162 160/2207/2161 1176/2420/2357
f 3184/2417/2354 3185/2419/2356 1176/2420/2357 1177/2421/2358
f 3183/2418/2355 3184/2417/2354 1177/2421/2358 1178/2422/2359
f 1160/2375/2312 3183/2418/2355 1178/2422/2359 171/2376/2313
f 1159/2374/2311 3180/2414/2351 3183/2418/2355 1160/2375/2312
f 1158/2373/2310 3177/2411/2348 3180/2414/2351 1159/2374/2311
f 3186/2423/2360 3187/2424/2361 3190/2425/2362 3189/2426/2363
f 3187/2424/2361 3188/2427/2364 3191/2428/2365 3190/2425/2362
f 3189/2426/2363 3190/2425/2362 3193/2429/2366 3192/2430/2367
f 3190/2425/2362 3191/2428/2365 3194/2431/2368 3193/2429/2366
f 171/2376/2313 1178/2422/2359 3186/2423/2360 1164/2389/2326
f 1178/2422/2359 1177/2421/2358 3187/2424/2361 3186/2423/2360
f 1177/2421/2358 1176/2420/2357 3188/2427/2364 3187/2424/2361
f 1176/2420/2357 160/2207/2161 1893/2226/2176 3188/2427/2364
f 3188/2427/2364 1893/2226/2176 1894/2225/2175 3191/2428/2365
f 3191/2428/2365 1894/2225/2175 1895/2224/2174 3194/2431/2368
f 3194/2431/2368 1895/2224/2174 28/2223/322 1901/2432/2369
f 3193/2429/2366 3194/2431/2368 1901/2432/2369 1900/2433/2370
f 3192/2430/2367 3193/2429/2366 1900/2433/2370 1899/2434/2371
f 1166/2391/2328 3192/2430/2367 1899/2434/2371 172/2392/2329
f 1165/2390/2327 3189/2426/2363 3192/2430/2367 1166/2391/2328
f 1164/2389/2326 3186/2423/2360 3189/2426/2363 1165/2390/2327
f 3195/2435/2372 3196/2436/2373 3199/2437/2374 3198/2438/2375
f 3196/2436/2373 3197/2439/2376 3200/2440/2377 3199/2437/2374
f 3198/2438/2375 3199/2437/2374 3202/2441/2378 3201/2442/2379
f 3199/2437/2374 3200/2440/2377 3203/2443/2380 3202/2441/2378
f 29/1586/335 879/1588/1586 3195/2435/2372 1188/2444/2381
f 879/1588/1586 880/1601/1596 3196/2436/2373 3195/2435/2372
f 880/1601/1596 881/1599/1594 3197/2439/2376 3196/2436/2373
f 881/1599/1594 119/1600/1595 1182/2445/2382 3197/2439/2376
f 3197/2439/2376 1182/2445/2382 1183/2446/2383 3200/2440/2377
f 3200/2440/2377 1183/2446/2383 1184/2447/2384 3203/2443/2380
f 3203/2443/2380 1184/2447/2384 173/2448/2385 1185/2449/2386
f 3202/2441/2378 3203/2443/2380 1185/2449/2386 1186/2450/2387
f 3201/2442/2379 3202/2441/2378 1186/2450/2387 1187/2451/2388
f 1190/2452/2389 3201/2442/2379 1187/2451/2388 174/2453/2390
f 1189/2454/2391 3198/2438/2375 3201/2442/2379 1190/2452/2389
f 1188/2444/2381 3195/2435/2372 3198/2438/2375 1189/2454/2391
f 3204/2455/2392 3205/2456/2393 3208/2457/2394 3207/2458/2395
f 3205/2456/2393 3206/2459/2396 3209/2460/2397 3208/2457/2394
f 3207/2458/2395 3208/2457/2394 3211/2461/2398 3210/2462/2399
f 3208/2457/2394 3209/2460/2397 3212/2463/2400 3211/2461/2398
f 174/2453/2390 1187/2451/2388 3204/2455/2392 1197/2464/2401
f 1187/2451/2388 1186/2450/2387 3205/2456/2393 3204/2455/2392
f 1186/2450/2387 1185/2449/2386 3206/2459/2396 3205/2456/2393
f 1185/2449/2386 173/2448/2385 1191/2465/2402 3206/2459/2396
f 3206/2459/2396 1191/2465/2402 1192/2466/2403 3209/2460/2397
f 3209/2460/2397 1192/2466/2403 1193/2467/2404 3212/2463/2400
f 3212/2463/2400 1193/2467/2404 175/2468/2405 1194/2469/2406
f 3211/2461/2398 3212/2463/2400 1194/2469/2406 1195/2470/2407
f 3210/2462/2399 3211/2461/2398 1195/2470/2407 1196/2471/2408
f 1199/2472/2409 3210/2462/2399 1196/2471/2408 176/2473/2410
f 1198/2474/2411 3207/2458/2395 3210/2462/2399 1199/2472/2409
f 1197/2464/2401 3204/2455/2392 3207/2458/2395 1198/2474/2411
f 3213/2475/2412 3214/2476/2413 3217/2477/2414 3216/2478/2415
f 3214/2476/2413 3215/2479/2416 3218/2480/2417 3217/2477/2414
f 3216/2478/2415 3217/2477/2414 3220/2481/2418 3219/2482/2419
f 3217/2477/2414 3218/2480/2417 3221/2483/2420 3220/2481/2418
f 176/2473/2410 1196/2471/2408 3213/2475/2412 1206/2484/2421
f 1196/2471/2408 1195/2470/2407 3214/2476/2413 3213/2475/2412
f 1195/2470/2407 1194/2469/2406 3215/2479/2416 3214/2476/2413
f 1194/2469/2406 175/2468/2405 1200/2485/2422 3215/2479/2416
f 3215/2479/2416 1200/2485/2422 1201/2486/2423 3218/2480/2417
f 3218/2480/2417 1201/2486/2423 1202/2487/2424 3221/2483/2420
f 3221/2483/2420 1202/2487/2424 177/2488/2425 1203/2489/2426
f 3220/2481/2418 3221/2483/2420 1203/2489/2426 1204/2490/2427
f 3219/2482/2419 3220/2481/2418 1204/2490/2427 1205/2491/2428
f 1208/2492/2429 3219/2482/2419 1205/2491/2428 178/2493/2430
f 1207/2494/2431 3216/2478/2415 3219/2482/2419 1208/2492/2429
f 1206/2484/2421 3213/2475/2412 3216/2478/2415 1207/2494/2431
f 3222/2495/2432 3223/2496/2433 3226/2497/2434 3225/2498/2435
f 3223/2496/2433 3224/2499/2436 3227/2500/2437 3226/2497/2434
f 3225/2498/2435 3226/2497/2434 3229/2501/2438 3228/2502/2439
f 3226/2497/2434 3227/2500/2437 3230/2503/2440 3229/2501/2438
f 178/2493/2430 1205/2491/2428 3222/2495/2432 1211/2504/2441
f 1205/2491/2428 1204/2490/2427 3223/2496/2433 3222/2495/2432
f 1204/2490/2427 1203/2489/2426 3224/2499/2436 3223/2496/2433
f 1203/2489/2426 177/2488/2425 1251/2505/2442 3224/2499/2436
f 3224/2499/2436 1251/2505/2442 1252/2506/2443 3227/2500/2437
f 3227/2500/2437 1252/2506/2443 1253/2507/2444 3230/2503/2440
f 3230/2503/2440 1253/2507/2444 74/2508/811 606/2509/822
f 3229/2501/2438 3230/2503/2440 606/2509/822 607/2510/832
f 3228/2502/2439 3229/2501/2438 607/2510/832 608/2511/830
f 1209/2512/2445 3228/2502/2439 608/2511/830 76/2513/831
f 1210/2514/2446 3225/2498/2435 3228/2502/2439 1209/2512/2445
f 1211/2504/2441 3222/2495/2432 3225/2498/2435 1210/2514/2446
f 3231/2515/2447 3232/2516/2448 3235/2517/2449 3234/2518/2450
f 3232/2516/2448 3233/2519/2451 3236/2520/2452 3235/2517/2449
f 3234/2518/2450 3235/2517/2449 3238/2521/2453 3237/2522/2454
f 3235/2517/2449 3236/2520/2452 3239/2523/2455 3238/2521/2453
f 119/1600/1595 918/1711/1686 3231/2515/2447 1182/2445/2382
f 918/1711/1686 919/1721/1696 3232/2516/2448 3231/2515/2447
f 919/1721/1696 920/1719/1694 3233/2519/2451 3232/2516/2448
f 920/1719/1694 126/1720/1695 1212/2524/2456 3233/2519/2451
f 3233/2519/2451 1212/2524/2456 1213/2525/2457 3236/2520/2452
f 3236/2520/2452 1213/2525/2457 1214/2526/2458 3239/2523/2455
f 3239/2523/2455 1214/2526/2458 179/2527/2459 1217/2528/2460
f 3238/2521/2453 3239/2523/2455 1217/2528/2460 1216/2529/2461
f 3237/2522/2454 3238/2521/2453 1216/2529/2461 1215/2530/2462
f 1184/2447/2384 3237/2522/2454 1215/2530/2462 173/2448/2385
f 1183/2446/2383 3234/2518/2450 3237/2522/2454 1184/2447/2384
f 1182/2445/2382 3231/2515/2447 3234/2518/2450 1183/2446/2383
f 3240/2531/2463 3241/2532/2464 3244/2533/2465 3243/2534/2466
f 3241/2532/2464 3242/2535/2467 3245/2536/2468 3244/2533/2465
f 3243/2534/2466 3244/2533/2465 3247/2537/2469 3246/2538/2470
f 3244/2533/2465 3245/2536/2468 3248/2539/2471 3247/2537/2469
f 173/2448/2385 1215/2530/2462 3240/2531/2463 1191/2465/2402
f 1215/2530/2462 1216/2529/2461 3241/2532/2464 3240/2531/2463
f 1216/2529/2461 1217/2528/2460 3242/2535/2467 3241/2532/2464
f 1217/2528/2460 179/2527/2459 1218/2540/2472 3242/2535/2467
f 3242/2535/2467 1218/2540/2472 1219/2541/2473 3245/2536/2468
f 3245/2536/2468 1219/2541/2473 1220/2542/2474 3248/2539/2471
f 3248/2539/2471 1220/2542/2474 180/2543/2475 1223/2544/2476
f 3247/2537/2469 3248/2539/2471 1223/2544/2476 1222/2545/2477
f 3246/2538/2470 3247/2537/2469 1222/2545/2477 1221/2546/2478
f 1193/2467/2404 3246/2538/2470 1221/2546/2478 175/2468/2405
f 1192/2466/2403 3243/2534/2466 3246/2538/2470 1193/2467/2404
f 1191/2465/2402 3240/2531/2463 3243/2534/2466 1192/2466/2403
f 3249/2547/2479 3250/2548/2480 3253/2549/2481 3252/2550/2482
f 3250/2548/2480 3251/2551/2483 3254/2552/2484 3253/2549/2481
f 3252/2550/2482 3253/2549/2481 3256/2553/2485 3255/2554/2486
f 3253/2549/2481 3254/2552/2484 3257/2555/2487 3256/2553/2485
f 175/2468/2405 1221/2546/2478 3249/2547/2479 1200/2485/2422
f 1221/2546/2478 1222/2545/2477 3250/2548/2480 3249/2547/2479
f 1222/2545/2477 1223/2544/2476 3251/2551/2483 3250/2548/2480
f 1223/2544/2476 180/2543/2475 1224/2556/2488 3251/2551/2483
f 3251/2551/2483 1224/2556/2488 1225/2557/2489 3254/2552/2484
f 3254/2552/2484 1225/2557/2489 1226/2558/2490 3257/2555/2487
f 3257/2555/2487 1226/2558/2490 181/2559/2491 1229/2560/2492
f 3256/2553/2485 3257/2555/2487 1229/2560/2492 1228/2561/2493
f 3255/2554/2486 3256/2553/2485 1228/2561/2493 1227/2562/2494
f 1202/2487/2424 3255/2554/2486 1227/2562/2494 177/2488/2425
f 1201/2486/2423 3252/2550/2482 3255/2554/2486 1202/2487/2424
f 1200/2485/2422 3249/2547/2479 3252/2550/2482 1201/2486/2423
f 3258/2563/2495 3259/2564/2496 3262/2565/2497 3261/2566/2498
f 3259/2564/2496 3260/2567/2499 3263/2568/2500 3262/2565/2497
f 3261/2566/2498 3262/2565/2497 3265/2569/2501 3264/2570/2502
f 3262/2565/2497 3263/2568/2500 3266/2571/2503 3265/2569/2501
f 177/2488/2425 1227/2562/2494 3258/2563/2495 1251/2505/2442
f 1227/2562/2494 1228/2561/2493 3259/2564/2496 3258/2563/2495
f 1228/2561/2493 1229/2560/2492 3260/2567/2499 3259/2564/2496
f 1229/2560/2492 181/2559/2491 1929/2572/2504 3260/2567/2499
f 3260/2567/2499 1929/2572/2504 1930/2573/2505 3263/2568/2500
f 3263/2568/2500 1930/2573/2505 1931/2574/2506 3266/2571/2503
f 3266/2571/2503 1931/2574/2506 72/2575/791 597/2576/802
f 3265/2569/2501 3266/2571/2503 597/2576/802 598/2577/812
f 3264/2570/2502 3265/2569/2501 598/2577/812 599/2578/810
f 1253/2507/2444 3264/2570/2502 599/2578/810 74/2508/811
f 1252/2506/2443 3261/2566/2498 3264/2570/2502 1253/2507/2444
f 1251/2505/2442 3258/2563/2495 3261/2566/2498 1252/2506/2443
f 3267/2579/2507 3268/2580/2508 3271/2581/2509 3270/2582/2510
f 3268/2580/2508 3269/2583/2511 3272/2584/2512 3271/2581/2509
f 3270/2582/2510 3271/2581/2509 3274/2585/2513 3273/2586/2514
f 3271/2581/2509 3272/2584/2512 3275/2587/2515 3274/2585/2513
f 126/1720/1695 957/1811/1786 3267/2579/2507 1212/2524/2456
f 957/1811/1786 958/1821/1796 3268/2580/2508 3267/2579/2507
f 958/1821/1796 959/1819/1794 3269/2583/2511 3268/2580/2508
f 959/1819/1794 133/1820/1795 1230/2588/2516 3269/2583/2511
f 3269/2583/2511 1230/2588/2516 1231/2589/2517 3272/2584/2512
f 3272/2584/2512 1231/2589/2517 1232/2590/2518 3275/2587/2515
f 3275/2587/2515 1232/2590/2518 182/2591/2519 1235/2592/2520
f 3274/2585/2513 3275/2587/2515 1235/2592/2520 1234/2593/2521
f 3273/2586/2514 3274/2585/2513 1234/2593/2521 1233/2594/2522
f 1214/2526/2458 3273/2586/2514 1233/2594/2522 179/2527/2459
f 1213/2525/2457 3270/2582/2510 3273/2586/2514 1214/2526/2458
f 1212/2524/2456 3267/2579/2507 3270/2582/2510 1213/2525/2457
f 3276/2595/2523 3277/2596/2524 3280/2597/2525 3279/2598/2526
f 3277/2596/2524 3278/2599/2527 3281/2600/2528 3280/2597/2525
f 3279/2598/2526 3280/2597/2525 3283/2601/2529 3282/2602/2530
f 3280/2597/2525 3281/2600/2528 3284/2603/2531 3283/2601/2529
f 179/2527/2459 1233/2594/2522 3276/2595/2523 1218/2540/2472
f 1233/2594/2522 1234/2593/2521 3277/2596/2524 3276/2595/2523
f 1234/2593/2521 1235/2592/2520 3278/2599/2527 3277/2596/2524
f 1235/2592/2520 182/2591/2519 1236/2604/2532 3278/2599/2527
f 3278/2599/2527 1236/2604/2532 1237/2605/2533 3281/2600/2528
f 3281/2600/2528 1237/2605/2533 1238/2606/2534 3284/2603/2531
f 3284/2603/2531 1238/2606/2534 183/2607/2535 1241/2608/2536
f 3283/2601/2529 3284/2603/2531 1241/2608/2536 1240/2609/2537
f 3282/2602/2530 3283/2601/2529 1240/2609/2537 1239/2610/2538
f 1220/2542/2474 3282/2602/2530 1239/2610/2538 180/2543/2475
f 1219/2541/2473 3279/2598/2526 3282/2602/2530 1220/2542/2474
f 1218/2540/2472 3276/2595/2523 3279/2598/2526 1219/2541/2473
f 3285/2611/2539 3286/2612/2540 3289/2613/2541 3288/2614/2542
f 3286/2612/2540 3287/2615/2543 3290/2616/2544 3289/2613/2541
f 3288/2614/2542 3289/2613/2541 3292/2617/2545 3291/2618/2546
f 3289/2613/2541 3290/2616/2544 3293/2619/2547 3292/2617/2545
f 180/2543/2475 1239/2610/2538 3285/2611/2539 1224/2556/2488
f 1239/2610/2538 1240/2609/2537 3286/2612/2540 3285/2611/2539
f 1240/2609/2537 1241/2608/2536 3287/2615/2543 3286/2612/2540
f 1241/2608/2536 183/2607/2535 1242/2620/2548 3287/2615/2543
f 3287/2615/2543 1242/2620/2548 1243/2621/2549 3290/2616/2544
f 3290/2616/2544 1243/2621/2549 1244/2622/2550 3293/2619/2547
f 3293/2619/2547 1244/2622/2550 184/2623/2551 1247/2624/2552
f 3292/2617/2545 3293/2619/2547 1247/2624/2552 1246/2625/2553
f 3291/2618/2546 3292/2617/2545 1246/2625/2553 1245/2626/2554
f 1226/2558/2490 3291/2618/2546 1245/2626/2554 181/2559/2491
f 1225/2557/2489 3288/2614/2542 3291/2618/2546 1226/2558/2490
f 1224/2556/2488 3285/2611/2539 3288/2614/2542 1225/2557/2489
f 3294/2627/2555 3295/2628/2556 3298/2629/2557 3297/2630/2558
f 3295/2628/2556 3296/2631/2559 3299/2632/2560 3298/2629/2557
f 3297/2630/2558 3298/2629/2557 3301/2633/2561 3300/2634/2562
f 3298/2629/2557 3299/2632/2560 3302/2635/2563 3301/2633/2561
f 181/2559/2491 1245/2626/2554 3294/2627/2555 1929/2572/2504
f 1245/2626/2554 1246/2625/2553 3295/2628/2556 3294/2627/2555
f 1246/2625/2553 1247/2624/2552 3296/2631/2559 3295/2628/2556
f 1247/2624/2552 184/2623/2551 1250/2636/2564 3296/2631/2559
f 3296/2631/2559 1250/2636/2564 1249/2637/2565 3299/2632/2560
f 3299/2632/2560 1249/2637/2565 1248/2638/2566 3302/2635/2563
f 3302/2635/2563 1248/2638/2566 69/2639/777 1922/2640/779
f 3301/2633/2561 3302/2635/2563 1922/2640/779 1921/2641/792
f 3300/2634/2562 3301/2633/2561 1921/2641/792 1920/2642/790
f 1931/2574/2506 3300/2634/2562 1920/2642/790 72/2575/791
f 1930/2573/2505 3297/2630/2558 3300/2634/2562 1931/2574/2506
f 1929/2572/2504 3294/2627/2555 3297/2630/2558 1930/2573/2505
f 3303/2643/2567 3304/2644/2568 3307/2645/2569 3306/2646/2570
f 3304/2644/2568 3305/2647/2571 3308/2648/2572 3307/2645/2569
f 3306/2646/2570 3307/2645/2569 3310/2649/2573 3309/2650/2574
f 3307/2645/2569 3308/2648/2572 3311/2651/2575 3310/2649/2573
f 158/2193/2147 1254/2652/2576 3303/2643/2567 1094/2192/2146
f 1254/2652/2576 1255/2653/2577 3304/2644/2568 3303/2643/2567
f 1255/2653/2577 1256/2654/2578 3305/2647/2571 3304/2644/2568
f 1256/2654/2578 185/2655/2579 1257/2656/2580 3305/2647/2571
f 3305/2647/2571 1257/2656/2580 1258/2657/2581 3308/2648/2572
f 3308/2648/2572 1258/2657/2581 1259/2658/2582 3311/2651/2575
f 3311/2651/2575 1259/2658/2582 186/2659/2583 1262/2660/2584
f 3310/2649/2573 3311/2651/2575 1262/2660/2584 1261/2661/2585
f 3309/2650/2574 3310/2649/2573 1261/2661/2585 1260/2662/2586
f 1092/2184/2138 3309/2650/2574 1260/2662/2586 155/2141/2099
f 1093/2194/2148 3306/2646/2570 3309/2650/2574 1092/2184/2138
f 1094/2192/2146 3303/2643/2567 3306/2646/2570 1093/2194/2148
f 3312/2663/2587 3313/2664/2588 3316/2665/2589 3315/2666/2590
f 3313/2664/2588 3314/2667/2591 3317/2668/2592 3316/2665/2589
f 3315/2666/2590 3316/2665/2589 3319/2669/2593 3318/2670/2594
f 3316/2665/2589 3317/2668/2592 3320/2671/2595 3319/2669/2593
f 155/2141/2099 1260/2662/2586 3312/2663/2587 1076/2140/2098
f 1260/2662/2586 1261/2661/2585 3313/2664/2588 3312/2663/2587
f 1261/2661/2585 1262/2660/2584 3314/2667/2591 3313/2664/2588
f 1262/2660/2584 186/2659/2583 1263/2672/2596 3314/2667/2591
f 3314/2667/2591 1263/2672/2596 1264/2673/2597 3317/2668/2592
f 3317/2668/2592 1264/2673/2597 1265/2674/2598 3320/2671/2595
f 3320/2671/2595 1265/2674/2598 187/2675/2599 1268/2676/2600
f 3319/2669/2593 3320/2671/2595 1268/2676/2600 1267/2677/2601
f 3318/2670/2594 3319/2669/2593 1267/2677/2601 1266/2678/2602
f 1074/2132/2090 3318/2670/2594 1266/2678/2602 152/2089/2051
f 1075/2142/2100 3315/2666/2590 3318/2670/2594 1074/2132/2090
f 1076/2140/2098 3312/2663/2587 3315/2666/2590 1075/2142/2100
f 3321/2679/2603 3322/2680/2604 3325/2681/2605 3324/2682/2606
f 3322/2680/2604 3323/2683/2607 3326/2684/2608 3325/2681/2605
f 3324/2682/2606 3325/2681/2605 3328/2685/2609 3327/2686/2610
f 3325/2681/2605 3326/2684/2608 3329/2687/2611 3328/2685/2609
f 152/2089/2051 1266/2678/2602 3321/2679/2603 1058/2088/2050
f 1266/2678/2602 1267/2677/2601 3322/2680/2604 3321/2679/2603
f 1267/2677/2601 1268/2676/2600 3323/2683/2607 3322/2680/2604
f 1268/2676/2600 187/2675/2599 1269/2688/2612 3323/2683/2607
f 3323/2683/2607 1269/2688/2612 1270/2689/2613 3326/2684/2608
f 3326/2684/2608 1270/2689/2613 1271/2690/2614 3329/2687/2611
f 3329/2687/2611 1271/2690/2614 188/2691/2615 1274/2692/2616
f 3328/2685/2609 3329/2687/2611 1274/2692/2616 1273/2693/2617
f 3327/2686/2610 3328/2685/2609 1273/2693/2617 1272/2694/2618
f 1056/2080/2042 3327/2686/2610 1272/2694/2618 149/2037/2003
f 1057/2090/2052 3324/2682/2606 3327/2686/2610 1056/2080/2042
f 1058/2088/2050 3321/2679/2603 3324/2682/2606 1057/2090/2052
f 3330/2695/2619 3331/2696/2620 3334/2697/2621 3333/2698/2622
f 3331/2696/2620 3332/2699/2623 3335/2700/2624 3334/2697/2621
f 3333/2698/2622 3334/2697/2621 3337/2701/2625 3336/2702/2626
f 3334/2697/2621 3335/2700/2624 3338/2703/2627 3337/2701/2625
f 149/2037/2003 1272/2694/2618 3330/2695/2619 1040/2036/2002
f 1272/2694/2618 1273/2693/2617 3331/2696/2620 3330/2695/2619
f 1273/2693/2617 1274/2692/2616 3332/2699/2623 3331/2696/2620
f 1274/2692/2616 188/2691/2615 1275/2704/2628 3332/2699/2623
f 3332/2699/2623 1275/2704/2628 1276/2705/2629 3335/2700/2624
f 3335/2700/2624 1276/2705/2629 1277/2706/2630 3338/2703/2627
f 3338/2703/2627 1277/2706/2630 189/2707/2631 1280/2708/2632
f 3337/2701/2625 3338/2703/2627 1280/2708/2632 1279/2709/2633
f 3336/2702/2626 3337/2701/2625 1279/2709/2633 1278/2710/2634
f 1038/2028/1994 3336/2702/2626 1278/2710/2634 146/1985/1955
f 1039/2038/2004 3333/2698/2622 3336/2702/2626 1038/2028/1994
f 1040/2036/2002 3330/2695/2619 3333/2698/2622 1039/2038/2004
f 3339/2711/2635 3340/2712/2636 3343/2713/2637 3342/2714/2638
f 3340/2712/2636 3341/2715/2639 3344/2716/2640 3343/2713/2637
f 3342/2714/2638 3343/2713/2637 3346/2717/2641 3345/2718/2642
f 3343/2713/2637 3344/2716/2640 3347/2719/2643 3346/2717/2641
f 146/1985/1955 1278/2710/2634 3339/2711/2635 1022/1984/1954
f 1278/2710/2634 1279/2709/2633 3340/2712/2636 3339/2711/2635
f 1279/2709/2633 1280/2708/2632 3341/2715/2639 3340/2712/2636
f 1280/2708/2632 189/2707/2631 1281/2720/2644 3341/2715/2639
f 3341/2715/2639 1281/2720/2644 1282/2721/2645 3344/2716/2640
f 3344/2716/2640 1282/2721/2645 1283/2722/2646 3347/2719/2643
f 3347/2719/2643 1283/2722/2646 190/2723/2647 1286/2724/2648
f 3346/2717/2641 3347/2719/2643 1286/2724/2648 1285/2725/2649
f 3345/2718/2642 3346/2717/2641 1285/2725/2649 1284/2726/2650
f 1020/1976/1946 3345/2718/2642 1284/2726/2650 141/1925/1900
f 1021/1986/1956 3342/2714/2638 3345/2718/2642 1020/1976/1946
f 1022/1984/1954 3339/2711/2635 3342/2714/2638 1021/1986/1956
f 3348/2727/2651 3349/2728/2652 3352/2729/2653 3351/2730/2654
f 3349/2728/2652 3350/2731/2655 3353/2732/2656 3352/2729/2653
f 3351/2730/2654 3352/2729/2653 3355/2733/2657 3354/2734/2658
f 3352/2729/2653 3353/2732/2656 3356/2735/2659 3355/2733/2657
f 141/1925/1900 1284/2726/2650 3348/2727/2651 998/1924/1899
f 1284/2726/2650 1285/2725/2649 3349/2728/2652 3348/2727/2651
f 1285/2725/2649 1286/2724/2648 3350/2731/2655 3349/2728/2652
f 1286/2724/2648 190/2723/2647 1287/2736/2660 3350/2731/2655
f 3350/2731/2655 1287/2736/2660 1288/2737/2661 3353/2732/2656
f 3353/2732/2656 1288/2737/2661 1289/2738/2662 3356/2735/2659
f 3356/2735/2659 1289/2738/2662 191/2739/2663 1292/2740/2664
f 3355/2733/2657 3356/2735/2659 1292/2740/2664 1291/2741/2665
f 3354/2734/2658 3355/2733/2657 1291/2741/2665 1290/2742/2666
f 996/1913/1888 3354/2734/2658 1290/2742/2666 140/1911/1886
f 997/1926/1901 3351/2730/2654 3354/2734/2658 996/1913/1888
f 998/1924/1899 3348/2727/2651 3351/2730/2654 997/1926/1901
f 3357/2743/2667 3358/2744/2668 3361/2745/2669 3360/2746/2670
f 3358/2744/2668 3359/2747/2671 3362/2748/2672 3361/2745/2669
f 3360/2746/2670 3361/2745/2669 3364/2749/2673 3363/2750/2674
f 3361/2745/2669 3362/2748/2672 3365/2751/2675 3364/2749/2673
f 185/2655/2579 1293/2752/2676 3357/2743/2667 1257/2656/2580
f 1293/2752/2676 1294/2753/2677 3358/2744/2668 3357/2743/2667
f 1294/2753/2677 1295/2754/2678 3359/2747/2671 3358/2744/2668
f 1295/2754/2678 192/2755/2679 1296/2756/2680 3359/2747/2671
f 3359/2747/2671 1296/2756/2680 1297/2757/2681 3362/2748/2672
f 3362/2748/2672 1297/2757/2681 1298/2758/2682 3365/2751/2675
f 3365/2751/2675 1298/2758/2682 193/2759/2683 1301/2760/2684
f 3364/2749/2673 3365/2751/2675 1301/2760/2684 1300/2761/2685
f 3363/2750/2674 3364/2749/2673 1300/2761/2685 1299/2762/2686
f 1259/2658/2582 3363/2750/2674 1299/2762/2686 186/2659/2583
f 1258/2657/2581 3360/2746/2670 3363/2750/2674 1259/2658/2582
f 1257/2656/2580 3357/2743/2667 3360/2746/2670 1258/2657/2581
f 3366/2763/2687 3367/2764/2688 3370/2765/2689 3369/2766/2690
f 3367/2764/2688 3368/2767/2691 3371/2768/2692 3370/2765/2689
f 3369/2766/2690 3370/2765/2689 3373/2769/2693 3372/2770/2694
f 3370/2765/2689 3371/2768/2692 3374/2771/2695 3373/2769/2693
f 186/2659/2583 1299/2762/2686 3366/2763/2687 1263/2672/2596
f 1299/2762/2686 1300/2761/2685 3367/2764/2688 3366/2763/2687
f 1300/2761/2685 1301/2760/2684 3368/2767/2691 3367/2764/2688
f 1301/2760/2684 193/2759/2683 1302/2772/2696 3368/2767/2691
f 3368/2767/2691 1302/2772/2696 1303/2773/2697 3371/2768/2692
f 3371/2768/2692 1303/2773/2697 1304/2774/2698 3374/2771/2695
f 3374/2771/2695 1304/2774/2698 194/2775/2699 1307/2776/2700
f 3373/2769/2693 3374/2771/2695 1307/2776/2700 1306/2777/2701
f 3372/2770/2694 3373/2769/2693 1306/2777/2701 1305/2778/2702
f 1265/2674/2598 3372/2770/2694 1305/2778/2702 187/2675/2599
f 1264/2673/2597 3369/2766/2690 3372/2770/2694 1265/2674/2598
f 1263/2672/2596 3366/2763/2687 3369/2766/2690 1264/2673/2597
f 3375/2779/2703 3376/2780/2704 3379/2781/2705 3378/2782/2706
f 3376/2780/2704 3377/2783/2707 3380/2784/2708 3379/2781/2705
f 3378/2782/2706 3379/2781/2705 3382/2785/2709 3381/2786/2710
f 3379/2781/2705 3380/2784/2708 3383/2787/2711 3382/2785/2709
f 187/2675/2599 1305/2778/2702 3375/2779/2703 1269/2688/2612
f 1305/2778/2702 1306/2777/2701 3376/2780/2704 3375/2779/2703
f 1306/2777/2701 1307/2776/2700 3377/2783/2707 3376/2780/2704
f 1307/2776/2700 194/2775/2699 1308/2788/2712 3377/2783/2707
f 3377/2783/2707 1308/2788/2712 1309/2789/2713 3380/2784/2708
f 3380/2784/2708 1309/2789/2713 1310/2790/2714 3383/2787/2711
f 3383/2787/2711 1310/2790/2714 195/2791/2715 1313/2792/2716
f 3382/2785/2709 3383/2787/2711 1313/2792/2716 1312/2793/2717
f 3381/2786/2710 3382/2785/2709 1312/2793/2717 1311/2794/2718
f 1271/2690/2614 3381/2786/2710 1311/2794/2718 188/2691/2615
f 1270/2689/2613 3378/2782/2706 3381/2786/2710 1271/2690/2614
f 1269/2688/2612 3375/2779/2703 3378/2782/2706 1270/2689/2613
f 3384/2795/2719 3385/2796/2720 3388/2797/2721 3387/2798/2722
f 3385/2796/2720 3386/2799/2723 3389/2800/2724 3388/2797/2721
f 3387/2798/2722 3388/2797/2721 3391/2801/2725 3390/2802/2726
f 3388/2797/2721 3389/2800/2724 3392/2803/2727 3391/2801/2725
f 188/2691/2615 1311/2794/2718 3384/2795/2719 1275/2704/2628
f 1311/2794/2718 1312/2793/2717 3385/2796/2720 3384/2795/2719
f 1312/2793/2717 1313/2792/2716 3386/2799/2723 3385/2796/2720
f 1313/2792/2716 195/2791/2715 1314/2804/2728 3386/2799/2723
f 3386/2799/2723 1314/2804/2728 1315/2805/2729 3389/2800/2724
f 3389/2800/2724 1315/2805/2729 1316/2806/2730 3392/2803/2727
f 3392/2803/2727 1316/2806/2730 196/2807/2731 1319/2808/2732
f 3391/2801/2725 3392/2803/2727 1319/2808/2732 1318/2809/2733
f 3390/2802/2726 3391/2801/2725 1318/2809/2733 1317/2810/2734
f 1277/2706/2630 3390/2802/2726 1317/2810/2734 189/2707/2631
f 1276/2705/2629 3387/2798/2722 3390/2802/2726 1277/2706/2630
f 1275/2704/2628 3384/2795/2719 3387/2798/2722 1276/2705/2629
f 3393/2811/2735 3394/2812/2736 3397/2813/2737 3396/2814/2738
f 3394/2812/2736 3395/2815/2739 3398/2816/2740 3397/2813/2737
f 3396/2814/2738 3397/2813/2737 3400/2817/2741 3399/2818/2742
f 3397/2813/2737 3398/2816/2740 3401/2819/2743 3400/2817/2741
f 189/2707/2631 1317/2810/2734 3393/2811/2735 1281/2720/2644
f 1317/2810/2734 1318/2809/2733 3394/2812/2736 3393/2811/2735
f 1318/2809/2733 1319/2808/2732 3395/2815/2739 3394/2812/2736
f 1319/2808/2732 196/2807/2731 1320/2820/2744 3395/2815/2739
f 3395/2815/2739 1320/2820/2744 1321/2821/2745 3398/2816/2740
f 3398/2816/2740 1321/2821/2745 1322/2822/2746 3401/2819/2743
f 3401/2819/2743 1322/2822/2746 197/2823/2747 1325/2824/2748
f 3400/2817/2741 3401/2819/2743 1325/2824/2748 1324/2825/2749
f 3399/2818/2742 3400/2817/2741 1324/2825/2749 1323/2826/2750
f 1283/2722/2646 3399/2818/2742 1323/2826/2750 190/2723/2647
f 1282/2721/2645 3396/2814/2738 3399/2818/2742 1283/2722/2646
f 1281/2720/2644 3393/2811/2735 3396/2814/2738 1282/2721/2645
f 3402/2827/2751 3403/2828/2752 3406/2829/2753 3405/2830/2754
f 3403/2828/2752 3404/2831/2755 3407/2832/2756 3406/2829/2753
f 3405/2830/2754 3406/2829/2753 3409/2833/2757 3408/2834/2758
f 3406/2829/2753 3407/2832/2756 3410/2835/2759 3409/2833/2757
f 190/2723/2647 1323/2826/2750 3402/2827/2751 1287/2736/2660
f 1323/2826/2750 1324/2825/2749 3403/2828/2752 3402/2827/2751
f 1324/2825/2749 1325/2824/2748 3404/2831/2755 3403/2828/2752
f 1325/2824/2748 197/2823/2747 1326/2836/2760 3404/2831/2755
f 3404/2831/2755 1326/2836/2760 1327/2837/2761 3407/2832/2756
f 3407/2832/2756 1327/2837/2761 1328/2838/2762 3410/2835/2759
f 3410/2835/2759 1328/2838/2762 198/2839/2763 1331/2840/2764
f 3409/2833/2757 3410/2835/2759 1331/2840/2764 1330/2841/2765
f 3408/2834/2758 3409/2833/2757 1330/2841/2765 1329/2842/2766
f 1289/2738/2662 3408/2834/2758 1329/2842/2766 191/2739/2663
f 1288/2737/2661 3405/2830/2754 3408/2834/2758 1289/2738/2662
f 1287/2736/2660 3402/2827/2751 3405/2830/2754 1288/2737/2661
f 3411/2843/2767 3412/2844/2768 3415/2845/2769 3414/2846/2770
f 3412/2844/2768 3413/2847/2771 3416/2848/2772 3415/2845/2769
f 3414/2846/2770 3415/2845/2769 3418/2849/2773 3417/2850/2774
f 3415/2845/2769 3416/2848/2772 3419/2851/2775 3418/2849/2773
f 192/2755/2679 1332/2852/2776 3411/2843/2767 1296/2756/2680
f 1332/2852/2776 1333/2853/2777 3412/2844/2768 3411/2843/2767
f 1333/2853/2777 1334/2854/2778 3413/2847/2771 3412/2844/2768
f 1334/2854/2778 199/2855/2779 1335/2856/2780 3413/2847/2771
f 3413/2847/2771 1335/2856/2780 1336/2857/2781 3416/2848/2772
f 3416/2848/2772 1336/2857/2781 1337/2858/2782 3419/2851/2775
f 3419/2851/2775 1337/2858/2782 200/2859/2783 1340/2860/2784
f 3418/2849/2773 3419/2851/2775 1340/2860/2784 1339/2861/2785
f 3417/2850/2774 3418/2849/2773 1339/2861/2785 1338/2862/2786
f 1298/2758/2682 3417/2850/2774 1338/2862/2786 193/2759/2683
f 1297/2757/2681 3414/2846/2770 3417/2850/2774 1298/2758/2682
f 1296/2756/2680 3411/2843/2767 3414/2846/2770 1297/2757/2681
f 3420/2863/2787 3421/2864/2788 3424/2865/2789 3423/2866/2790
f 3421/2864/2788 3422/2867/2791 3425/2868/2792 3424/2865/2789
f 3423/2866/2790 3424/2865/2789 3427/2869/2793 3426/2870/2794
f 3424/2865/2789 3425/2868/2792 3428/2871/2795 3427/2869/2793
f 193/2759/2683 1338/2862/2786 3420/2863/2787 1302/2772/2696
f 1338/2862/2786 1339/2861/2785 3421/2864/2788 3420/2863/2787
f 1339/2861/2785 1340/2860/2784 3422/2867/2791 3421/2864/2788
f 1340/2860/2784 200/2859/2783 1341/2872/2796 3422/2867/2791
f 3422/2867/2791 1341/2872/2796 1342/2873/2797 3425/2868/2792
f 3425/2868/2792 1342/2873/2797 1343/2874/2798 3428/2871/2795
f 3428/2871/2795 1343/2874/2798 201/2875/2799 1346/2876/2800
f 3427/2869/2793 3428/2871/2795 1346/2876/2800 1345/2877/2801
f 3426/2870/2794 3427/2869/2793 1345/2877/2801 1344/2878/2802
f 1304/2774/2698 3426/2870/2794 1344/2878/2802 194/2775/2699
f 1303/2773/2697 3423/2866/2790 3426/2870/2794 1304/2774/2698
f 1302/2772/2696 3420/2863/2787 3423/2866/2790 1303/2773/2697
f 3429/2879/2803 3430/2880/2804 3433/2881/2805 3432/2882/2806
f 3430/2880/2804 3431/2883/2807 3434/2884/2808 3433/2881/2805
f 3432/2882/2806 3433/2881/2805 3436/2885/2809 3435/2886/2810
f 3433/2881/2805 3434/2884/2808 3437/2887/2811 3436/2885/2809
f 194/2775/2699 1344/2878/2802 3429/2879/2803 1308/2788/2712
f 1344/2878/2802 1345/2877/2801 3430/2880/2804 3429/2879/2803
f 1345/2877/2801 1346/2876/2800 3431/2883/2807 3430/2880/2804
f 1346/2876/2800 201/2875/2799 1347/2888/2812 3431/2883/2807
f 3431/2883/2807 1347/2888/2812 1348/2889/2813 3434/2884/2808
f 3434/2884/2808 1348/2889/2813 1349/2890/2814 3437/2887/2811
f 3437/2887/2811 1349/2890/2814 202/2891/2815 1352/2892/2816
f 3436/2885/2809 3437/2887/2811 1352/2892/2816 1351/2893/2817
f 3435/2886/2810 3436/2885/2809 1351/2893/2817 1350/2894/2818
f 1310/2790/2714 3435/2886/2810 1350/2894/2818 195/2791/2715
f 1309/2789/2713 3432/2882/2806 3435/2886/2810 1310/2790/2714
f 1308/2788/2712 3429/2879/2803 3432/2882/2806 1309/2789/2713
f 3438/2895/2819 3439/2896/2820 3442/2897/2821 3441/2898/2822
f 3439/2896/2820 3440/2899/2823 3443/2900/2824 3442/2897/2821
f 3441/2898/2822 3442/2897/2821 3445/2901/2825 3444/2902/2826
f 3442/2897/2821 3443/2900/2824 3446/2903/2827 3445/2901/2825
f 195/2791/2715 1350/2894/2818 3438/2895/2819 1314/2804/2728
f 1350/2894/2818 1351/2893/2817 3439/2896/2820 3438/2895/2819
f 1351/2893/2817 1352/2892/2816 3440/2899/2823 3439/2896/2820
f 1352/2892/2816 202/2891/2815 1353/2904/2828 3440/2899/2823
f 3440/2899/2823 1353/2904/2828 1354/2905/2829 3443/2900/2824
f 3443/2900/2824 1354/2905/2829 1355/2906/2830 3446/2903/2827
f 3446/2903/2827 1355/2906/2830 203/2907/2831 1358/2908/2832
f 3445/2901/2825 3446/2903/2827 1358/2908/2832 1357/2909/2833
f 3444/2902/2826 3445/2901/2825 1357/2909/2833 1356/2910/2834
f 1316/2806/2730 3444/2902/2826 1356/2910/2834 196/2807/2731
f 1315/2805/2729 3441/2898/2822 3444/2902/2826 1316/2806/2730
f 1314/2804/2728 3438/2895/2819 3441/2898/2822 1315/2805/2729
f 3447/2911/2835 3448/2912/2836 3451/2913/2837 3450/2914/2838
f 3448/2912/2836 3449/2915/2839 3452/2916/2840 3451/2913/2837
f 3450/2914/2838 3451/2913/2837 3454/2917/2841 3453/2918/2842
f 3451/2913/2837 3452/2916/2840 3455/2919/2843 3454/2917/2841
f 196/2807/2731 1356/2910/2834 3447/2911/2835 1320/2820/2744
f 1356/2910/2834 1357/2909/2833 3448/2912/2836 3447/2911/2835
f 1357/2909/2833 1358/2908/2832 3449/2915/2839 3448/2912/2836
f 1358/2908/2832 203/2907/2831 1359/2920/2844 3449/2915/2839
f 3449/2915/2839 1359/2920/2844 1360/2921/2845 3452/2916/2840
f 3452/2916/2840 1360/2921/2845 1361/2922/2846 3455/2919/2843
f 3455/2919/2843 1361/2922/2846 204/2923/2847 1364/2924/2848
f 3454/2917/2841 3455/2919/2843 1364/2924/2848 1363/2925/2849
f 3453/2918/2842 3454/2917/2841 1363/2925/2849 1362/2926/2850
f 1322/2822/2746 3453/2918/2842 1362/2926/2850 197/2823/2747
f 1321/2821/2745 3450/2914/2838 3453/2918/2842 1322/2822/2746
f 1320/2820/2744 3447/2911/2835 3450/2914/2838 1321/2821/2745
f 3456/2927/2851 3457/2928/2852 3460/2929/2853 3459/2930/2854
f 3457/2928/2852 3458/2931/2855 3461/2932/2856 3460/2929/2853
f 3459/2930/2854 3460/2929/2853 3463/2933/2857 3462/2934/2858
f 3460/2929/2853 3461/2932/2856 3464/2935/2859 3463/2933/2857
f 197/2823/2747 1362/2926/2850 3456/2927/2851 1326/2836/2760
f 1362/2926/2850 1363/2925/2849 3457/2928/2852 3456/2927/2851
f 1363/2925/2849 1364/2924/2848 3458/2931/2855 3457/2928/2852
f 1364/2924/2848 204/2923/2847 1365/2936/2860 3458/2931/2855
f 3458/2931/2855 1365/2936/2860 1366/2937/2861 3461/2932/2856
f 3461/2932/2856 1366/2937/2861 1367/2938/2862 3464/2935/2859
f 3464/2935/2859 1367/2938/2862 205/2939/2863 1370/2940/2864
f 3463/2933/2857 3464/2935/2859 1370/2940/2864 1369/2941/2865
f 3462/2934/2858 3463/2933/2857 1369/2941/2865 1368/2942/2866
f 1328/2838/2762 3462/2934/2858 1368/2942/2866 198/2839/2763
f 1327/2837/2761 3459/2930/2854 3462/2934/2858 1328/2838/2762
f 1326/2836/2760 3456/2927/2851 3459/2930/2854 1327/2837/2761
f 3465/2943/2867 3466/2944/2868 3469/2945/2869 3468/2946/2870
f 3466/2944/2868 3467/2947/2871 3470/2948/2872 3469/2945/2869
f 3468/2946/2870 3469/2945/2869 3472/2949/2873 3471/2950/2874
f 3469/2945/2869 3470/2948/2872 3473/2951/2875 3472/2949/2873
f 199/2855/2779 1373/2952/2876 3465/2943/2867 1335/2856/2780
f 1373/2952/2876 1372/2953/2877 3466/2944/2868 3465/2943/2867
f 1372/2953/2877 1371/2954/2878 3467/2947/2871 3466/2944/2868
f 1371/2954/2878 133/1820/1795 960/1818/1793 3467/2947/2871
f 3467/2947/2871 960/1818/1793 961/1817/1792 3470/2948/2872
f 3470/2948/2872 961/1817/1792 962/1816/1791 3473/2951/2875
f 3473/2951/2875 962/1816/1791 134/1815/1790 1374/2955/2879
f 3472/2949/2873 3473/2951/2875 1374/2955/2879 1375/2956/2880
f 3471/2950/2874 3472/2949/2873 1375/2956/2880 1376/2957/2881
f 1337/2858/2782 3471/2950/2874 1376/2957/2881 200/2859/2783
f 1336/2857/2781 3468/2946/2870 3471/2950/2874 1337/2858/2782
f 1335/2856/2780 3465/2943/2867 3468/2946/2870 1336/2857/2781
f 3474/2958/2882 3475/2959/2883 3478/2960/2884 3477/2961/2885
f 3475/2959/2883 3476/2962/2886 3479/2963/2887 3478/2960/2884
f 3477/2961/2885 3478/2960/2884 3481/2964/2888 3480/2965/2889
f 3478/2960/2884 3479/2963/2887 3482/2966/2890 3481/2964/2888
f 200/2859/2783 1376/2957/2881 3474/2958/2882 1341/2872/2796
f 1376/2957/2881 1375/2956/2880 3475/2959/2883 3474/2958/2882
f 1375/2956/2880 1374/2955/2879 3476/2962/2886 3475/2959/2883
f 1374/2955/2879 134/1815/1790 966/1837/1812 3476/2962/2886
f 3476/2962/2886 966/1837/1812 967/1836/1811 3479/2963/2887
f 3479/2963/2887 967/1836/1811 968/1835/1810 3482/2966/2890
f 3482/2966/2890 968/1835/1810 135/1834/1809 1377/2967/2891
f 3481/2964/2888 3482/2966/2890 1377/2967/2891 1378/2968/2892
f 3480/2965/2889 3481/2964/2888 1378/2968/2892 1379/2969/2893
f 1343/2874/2798 3480/2965/2889 1379/2969/2893 201/2875/2799
f 1342/2873/2797 3477/2961/2885 3480/2965/2889 1343/2874/2798
f 1341/2872/2796 3474/2958/2882 3477/2961/2885 1342/2873/2797
f 3483/2970/2894 3484/2971/2895 3487/2972/2896 3486/2973/2897
f 3484/2971/2895 3485/2974/2898 3488/2975/2899 3487/2972/2896
f 3486/2973/2897 3487/2972/2896 3490/2976/2900 3489/2977/2901
f 3487/2972/2896 3488/2975/2899 3491/2978/2902 3490/2976/2900
f 201/2875/2799 1379/2969/2893 3483/2970/2894 1347/2888/2812
f 1379/2969/2893 1378/2968/2892 3484/2971/2895 3483/2970/2894
f 1378/2968/2892 1377/2967/2891 3485/2974/2898 3484/2971/2895
f 1377/2967/2891 135/1834/1809 972/1853/1828 3485/2974/2898
f 3485/2974/2898 972/1853/1828 973/1852/1827 3488/2975/2899
f 3488/2975/2899 973/1852/1827 974/1851/1826 3491/2978/2902
f 3491/2978/2902 974/1851/1826 136/1850/1825 1380/2979/2903
f 3490/2976/2900 3491/2978/2902 1380/2979/2903 1381/2980/2904
f 3489/2977/2901 3490/2976/2900 1381/2980/2904 1382/2981/2905
f 1349/2890/2814 3489/2977/2901 1382/2981/2905 202/2891/2815
f 1348/2889/2813 3486/2973/2897 3489/2977/2901 1349/2890/2814
f 1347/2888/2812 3483/2970/2894 3486/2973/2897 1348/2889/2813
f 3492/2982/2906 3493/2983/2907 3496/2984/2908 3495/2985/2909
f 3493/2983/2907 3494/2986/2910 3497/2987/2911 3496/2984/2908
f 3495/2985/2909 3496/2984/2908 3499/2988/2912 3498/2989/2913
f 3496/2984/2908 3497/2987/2911 3500/2990/2914 3499/2988/2912
f 202/2891/2815 1382/2981/2905 3492/2982/2906 1353/2904/2828
f 1382/2981/2905 1381/2980/2904 3493/2983/2907 3492/2982/2906
f 1381/2980/2904 1380/2979/2903 3494/2986/2910 3493/2983/2907
f 1380/2979/2903 136/1850/1825 978/1869/1844 3494/2986/2910
f 3494/2986/2910 978/1869/1844 979/1868/1843 3497/2987/2911
f 3497/2987/2911 979/1868/1843 980/1867/1842 3500/2990/2914
f 3500/2990/2914 980/1867/1842 137/1866/1841 1383/2991/2915
f 3499/2988/2912 3500/2990/2914 1383/2991/2915 1384/2992/2916
f 3498/2989/2913 3499/2988/2912 1384/2992/2916 1385/2993/2917
f 1355/2906/2830 3498/2989/2913 1385/2993/2917 203/2907/2831
f 1354/2905/2829 3495/2985/2909 3498/2989/2913 1355/2906/2830
f 1353/2904/2828 3492/2982/2906 3495/2985/2909 1354/2905/2829
f 3501/2994/2918 3502/2995/2919 3505/2996/2920 3504/2997/2921
f 3502/2995/2919 3503/2998/2922 3506/2999/2923 3505/2996/2920
f 3504/2997/2921 3505/2996/2920 3508/3000/2924 3507/3001/2925
f 3505/2996/2920 3506/2999/2923 3509/3002/2926 3508/3000/2924
f 203/2907/2831 1385/2993/2917 3501/2994/2918 1359/2920/2844
f 1385/2993/2917 1384/2992/2916 3502/2995/2919 3501/2994/2918
f 1384/2992/2916 1383/2991/2915 3503/2998/2922 3502/2995/2919
f 1383/2991/2915 137/1866/1841 984/1885/1860 3503/2998/2922
f 3503/2998/2922 984/1885/1860 985/1884/1859 3506/2999/2923
f 3506/2999/2923 985/1884/1859 986/1883/1858 3509/3002/2926
f 3509/3002/2926 986/1883/1858 138/1882/1857 1386/3003/2927
f 3508/3000/2924 3509/3002/2926 1386/3003/2927 1387/3004/2928
f 3507/3001/2925 3508/3000/2924 1387/3004/2928 1388/3005/2929
f 1361/2922/2846 3507/3001/2925 1388/3005/2929 204/2923/2847
f 1360/2921/2845 3504/2997/2921 3507/3001/2925 1361/2922/2846
f 1359/2920/2844 3501/2994/2918 3504/2997/2921 1360/2921/2845
f 3510/3006/2930 3511/3007/2931 3514/3008/2932 3513/3009/2933
f 3511/3007/2931 3512/3010/2934 3515/3011/2935 3514/3008/2932
f 3513/3009/2933 3514/3008/2932 3517/3012/2936 3516/3013/2937
f 3514/3008/2932 3515/3011/2935 3518/3014/2938 3517/3012/2936
f 204/2923/2847 1388/3005/2929 3510/3006/2930 1365/2936/2860
f 1388/3005/2929 1387/3004/2928 3511/3007/2931 3510/3006/2930
f 1387/3004/2928 1386/3003/2927 3512/3010/2934 3511/3007/2931
f 1386/3003/2927 138/1882/1857 990/1901/1876 3512/3010/2934
f 3512/3010/2934 990/1901/1876 991/1900/1875 3515/3011/2935
f 3515/3011/2935 991/1900/1875 992/1899/1874 3518/3014/2938
f 3518/3014/2938 992/1899/1874 139/1898/1873 1389/3015/2939
f 3517/3012/2936 3518/3014/2938 1389/3015/2939 1390/3016/2940
f 3516/3013/2937 3517/3012/2936 1390/3016/2940 1391/3017/2941
f 1367/2938/2862 3516/3013/2937 1391/3017/2941 205/2939/2863
f 1366/2937/2861 3513/3009/2933 3516/3013/2937 1367/2938/2862
f 1365/2936/2860 3510/3006/2930 3513/3009/2933 1366/2937/2861
f 3519/3018/2942 3520/3019/2943 3523/3020/2944 3522/3021/2945
f 3520/3019/2943 3521/3022/2946 3524/3023/2947 3523/3020/2944
f 3522/3021/2945 3523/3020/2944 3526/3024/2948 3525/3025/2949
f 3523/3020/2944 3524/3023/2947 3527/3026/2950 3526/3024/2948
f 158/2193/2147 1170/2407/2344 3519/3018/2942 1254/2652/2576
f 1170/2407/2344 1171/2406/2343 3520/3019/2943 3519/3018/2942
f 1171/2406/2343 1172/2405/2342 3521/3022/2946 3520/3019/2943
f 1172/2405/2342 169/2356/2293 1395/3027/2951 3521/3022/2946
f 3521/3022/2946 1395/3027/2951 1396/3028/2952 3524/3023/2947
f 3524/3023/2947 1396/3028/2952 1397/3029/2953 3527/3026/2950
f 3527/3026/2950 1397/3029/2953 206/3030/2954 1394/3031/2955
f 3526/3024/2948 3527/3026/2950 1394/3031/2955 1393/3032/2956
f 3525/3025/2949 3526/3024/2948 1393/3032/2956 1392/3033/2957
f 1256/2654/2578 3525/3025/2949 1392/3033/2957 185/2655/2579
f 1255/2653/2577 3522/3021/2945 3525/3025/2949 1256/2654/2578
f 1254/2652/2576 3519/3018/2942 3522/3021/2945 1255/2653/2577
f 3528/3034/2958 3529/3035/2959 3532/3036/2960 3531/3037/2961
f 3529/3035/2959 3530/3038/2962 3533/3039/2963 3532/3036/2960
f 3531/3037/2961 3532/3036/2960 3535/3040/2964 3534/3041/2965
f 3532/3036/2960 3533/3039/2963 3536/3042/2966 3535/3040/2964
f 169/2356/2293 1151/2355/2292 3528/3034/2958 1395/3027/2951
f 1151/2355/2292 1150/2354/2291 3529/3035/2959 3528/3034/2958
f 1150/2354/2291 1149/2353/2290 3530/3038/2962 3529/3035/2959
f 1149/2353/2290 165/2304/2241 1401/3043/2967 3530/3038/2962
f 3530/3038/2962 1401/3043/2967 1402/3044/2968 3533/3039/2963
f 3533/3039/2963 1402/3044/2968 1403/3045/2969 3536/3042/2966
f 3536/3042/2966 1403/3045/2969 207/3046/2970 1400/3047/2971
f 3535/3040/2964 3536/3042/2966 1400/3047/2971 1399/3048/2972
f 3534/3041/2965 3535/3040/2964 1399/3048/2972 1398/3049/2973
f 1397/3029/2953 3534/3041/2965 1398/3049/2973 206/3030/2954
f 1396/3028/2952 3531/3037/2961 3534/3041/2965 1397/3029/2953
f 1395/3027/2951 3528/3034/2958 3531/3037/2961 1396/3028/2952
f 3537/3050/2974 3538/3051/2975 3541/3052/2976 3540/3053/2977
f 3538/3051/2975 3539/3054/2978 3542/3055/2979 3541/3052/2976
f 3540/3053/2977 3541/3052/2976 3544/3056/2980 3543/3057/2981
f 3541/3052/2976 3542/3055/2979 3545/3058/2982 3544/3056/2980
f 165/2304/2241 1130/2303/2240 3537/3050/2974 1401/3043/2967
f 1130/2303/2240 1129/2302/2239 3538/3051/2975 3537/3050/2974
f 1129/2302/2239 1128/2301/2238 3539/3054/2978 3538/3051/2975
f 1128/2301/2238 161/2241/2189 1407/3059/2983 3539/3054/2978
f 3539/3054/2978 1407/3059/2983 1408/3060/2984 3542/3055/2979
f 3542/3055/2979 1408/3060/2984 1409/3061/2985 3545/3058/2982
f 3545/3058/2982 1409/3061/2985 208/3062/2986 1406/3063/2987
f 3544/3056/2980 3545/3058/2982 1406/3063/2987 1405/3064/2988
f 3543/3057/2981 3544/3056/2980 1405/3064/2988 1404/3065/2989
f 1403/3045/2969 3543/3057/2981 1404/3065/2989 207/3046/2970
f 1402/3044/2968 3540/3053/2977 3543/3057/2981 1403/3045/2969
f 1401/3043/2967 3537/3050/2974 3540/3053/2977 1402/3044/2968
f 3546/3066/2990 3547/3067/2991 3550/3068/2992 3549/3069/2993
f 3547/3067/2991 3548/3070/2994 3551/3071/2995 3550/3068/2992
f 3549/3069/2993 3550/3068/2992 3553/3072/2996 3552/3073/2997
f 3550/3068/2992 3551/3071/2995 3554/3074/2998 3553/3072/2996
f 161/2241/2189 1112/2240/2188 3546/3066/2990 1407/3059/2983
f 1112/2240/2188 1111/2239/2187 3547/3067/2991 3546/3066/2990
f 1111/2239/2187 1110/2237/2186 3548/3070/2994 3547/3067/2991
f 1110/2237/2186 68/2236/764 1413/3075/2999 3548/3070/2994
f 3548/3070/2994 1413/3075/2999 1414/3076/3000 3551/3071/2995
f 3551/3071/2995 1414/3076/3000 1415/3077/3001 3554/3074/2998
f 3554/3074/2998 1415/3077/3001 209/3078/3002 1412/3079/3003
f 3553/3072/2996 3554/3074/2998 1412/3079/3003 1411/3080/3004
f 3552/3073/2997 3553/3072/2996 1411/3080/3004 1410/3081/3005
f 1409/3061/2985 3552/3073/2997 1410/3081/3005 208/3062/2986
f 1408/3060/2984 3549/3069/2993 3552/3073/2997 1409/3061/2985
f 1407/3059/2983 3546/3066/2990 3549/3069/2993 1408/3060/2984
f 3555/3082/3006 3556/3083/3007 3559/3084/3008 3558/3085/3009
f 3556/3083/3007 3557/3086/3010 3560/3087/3011 3559/3084/3008
f 3558/3085/3009 3559/3084/3008 3562/3088/3012 3561/3089/3013
f 3559/3084/3008 3560/3087/3011 3563/3090/3014 3562/3088/3012
f 185/2655/2579 1392/3033/2957 3555/3082/3006 1293/2752/2676
f 1392/3033/2957 1393/3032/2956 3556/3083/3007 3555/3082/3006
f 1393/3032/2956 1394/3031/2955 3557/3086/3010 3556/3083/3007
f 1394/3031/2955 206/3030/2954 1419/3091/3015 3557/3086/3010
f 3557/3086/3010 1419/3091/3015 1420/3092/3016 3560/3087/3011
f 3560/3087/3011 1420/3092/3016 1421/3093/3017 3563/3090/3014
f 3563/3090/3014 1421/3093/3017 210/3094/3018 1418/3095/3019
f 3562/3088/3012 3563/3090/3014 1418/3095/3019 1417/3096/3020
f 3561/3089/3013 3562/3088/3012 1417/3096/3020 1416/3097/3021
f 1295/2754/2678 3561/3089/3013 1416/3097/3021 192/2755/2679
f 1294/2753/2677 3558/3085/3009 3561/3089/3013 1295/2754/2678
f 1293/2752/2676 3555/3082/3006 3558/3085/3009 1294/2753/2677
f 3564/3098/3022 3565/3099/3023 3568/3100/3024 3567/3101/3025
f 3565/3099/3023 3566/3102/3026 3569/3103/3027 3568/3100/3024
f 3567/3101/3025 3568/3100/3024 3571/3104/3028 3570/3105/3029
f 3568/3100/3024 3569/3103/3027 3572/3106/3030 3571/3104/3028
f 206/3030/2954 1398/3049/2973 3564/3098/3022 1419/3091/3015
f 1398/3049/2973 1399/3048/2972 3565/3099/3023 3564/3098/3022
f 1399/3048/2972 1400/3047/2971 3566/3102/3026 3565/3099/3023
f 1400/3047/2971 207/3046/2970 1425/3107/3031 3566/3102/3026
f 3566/3102/3026 1425/3107/3031 1426/3108/3032 3569/3103/3027
f 3569/3103/3027 1426/3108/3032 1427/3109/3033 3572/3106/3030
f 3572/3106/3030 1427/3109/3033 211/3110/3034 1424/3111/3035
f 3571/3104/3028 3572/3106/3030 1424/3111/3035 1423/3112/3036
f 3570/3105/3029 3571/3104/3028 1423/3112/3036 1422/3113/3037
f 1421/3093/3017 3570/3105/3029 1422/3113/3037 210/3094/3018
f 1420/3092/3016 3567/3101/3025 3570/3105/3029 1421/3093/3017
f 1419/3091/3015 3564/3098/3022 3567/3101/3025 1420/3092/3016
f 3573/3114/3038 3574/3115/3039 3577/3116/3040 3576/3117/3041
f 3574/3115/3039 3575/3118/3042 3578/3119/3043 3577/3116/3040
f 3576/3117/3041 3577/3116/3040 3580/3120/3044 3579/3121/3045
f 3577/3116/3040 3578/3119/3043 3581/3122/3046 3580/3120/3044
f 207/3046/2970 1404/3065/2989 3573/3114/3038 1425/3107/3031
f 1404/3065/2989 1405/3064/2988 3574/3115/3039 3573/3114/3038
f 1405/3064/2988 1406/3063/2987 3575/3118/3042 3574/3115/3039
f 1406/3063/2987 208/3062/2986 1431/3123/3047 3575/3118/3042
f 3575/3118/3042 1431/3123/3047 1432/3124/3048 3578/3119/3043
f 3578/3119/3043 1432/3124/3048 1433/3125/3049 3581/3122/3046
f 3581/3122/3046 1433/3125/3049 212/3126/3050 1430/3127/3051
f 3580/3120/3044 3581/3122/3046 1430/3127/3051 1429/3128/3052
f 3579/3121/3045 3580/3120/3044 1429/3128/3052 1428/3129/3053
f 1427/3109/3033 3579/3121/3045 1428/3129/3053 211/3110/3034
f 1426/3108/3032 3576/3117/3041 3579/3121/3045 1427/3109/3033
f 1425/3107/3031 3573/3114/3038 3576/3117/3041 1426/3108/3032
f 3582/3130/3054 3583/3131/3055 3586/3132/3056 3585/3133/3057
f 3583/3131/3055 3584/3134/3058 3587/3135/3059 3586/3132/3056
f 3585/3133/3057 3586/3132/3056 3589/3136/3060 3588/3137/3061
f 3586/3132/3056 3587/3135/3059 3590/3138/3062 3589/3136/3060
f 208/3062/2986 1410/3081/3005 3582/3130/3054 1431/3123/3047
f 1410/3081/3005 1411/3080/3004 3583/3131/3055 3582/3130/3054
f 1411/3080/3004 1412/3079/3003 3584/3134/3058 3583/3131/3055
f 1412/3079/3003 209/3078/3002 1437/3139/3063 3584/3134/3058
f 3584/3134/3058 1437/3139/3063 1438/3140/3064 3587/3135/3059
f 3587/3135/3059 1438/3140/3064 1439/3141/3065 3590/3138/3062
f 3590/3138/3062 1439/3141/3065 213/3142/3066 1436/3143/3067
f 3589/3136/3060 3590/3138/3062 1436/3143/3067 1435/3144/3068
f 3588/3137/3061 3589/3136/3060 1435/3144/3068 1434/3145/3069
f 1433/3125/3049 3588/3137/3061 1434/3145/3069 212/3126/3050
f 1432/3124/3048 3585/3133/3057 3588/3137/3061 1433/3125/3049
f 1431/3123/3047 3582/3130/3054 3585/3133/3057 1432/3124/3048
f 3591/3146/3070 3592/3147/3071 3595/3148/3072 3594/3149/3073
f 3592/3147/3071 3593/3150/3074 3596/3151/3075 3595/3148/3072
f 3594/3149/3073 3595/3148/3072 3598/3152/3076 3597/3153/3077
f 3595/3148/3072 3596/3151/3075 3599/3154/3078 3598/3152/3076
f 192/2755/2679 1416/3097/3021 3591/3146/3070 1332/2852/2776
f 1416/3097/3021 1417/3096/3020 3592/3147/3071 3591/3146/3070
f 1417/3096/3020 1418/3095/3019 3593/3150/3074 3592/3147/3071
f 1418/3095/3019 210/3094/3018 1443/3155/3079 3593/3150/3074
f 3593/3150/3074 1443/3155/3079 1444/3156/3080 3596/3151/3075
f 3596/3151/3075 1444/3156/3080 1445/3157/3081 3599/3154/3078
f 3599/3154/3078 1445/3157/3081 214/3158/3082 1442/3159/3083
f 3598/3152/3076 3599/3154/3078 1442/3159/3083 1441/3160/3084
f 3597/3153/3077 3598/3152/3076 1441/3160/3084 1440/3161/3085
f 1334/2854/2778 3597/3153/3077 1440/3161/3085 199/2855/2779
f 1333/2853/2777 3594/3149/3073 3597/3153/3077 1334/2854/2778
f 1332/2852/2776 3591/3146/3070 3594/3149/3073 1333/2853/2777
f 3600/3162/3086 3601/3163/3087 3604/3164/3088 3603/3165/3089
f 3601/3163/3087 3602/3166/3090 3605/3167/3091 3604/3164/3088
f 3603/3165/3089 3604/3164/3088 3607/3168/3092 3606/3169/3093
f 3604/3164/3088 3605/3167/3091 3608/3170/3094 3607/3168/3092
f 210/3094/3018 1422/3113/3037 3600/3162/3086 1443/3155/3079
f 1422/3113/3037 1423/3112/3036 3601/3163/3087 3600/3162/3086
f 1423/3112/3036 1424/3111/3035 3602/3166/3090 3601/3163/3087
f 1424/3111/3035 211/3110/3034 1449/3171/3095 3602/3166/3090
f 3602/3166/3090 1449/3171/3095 1450/3172/3096 3605/3167/3091
f 3605/3167/3091 1450/3172/3096 1451/3173/3097 3608/3170/3094
f 3608/3170/3094 1451/3173/3097 215/3174/3098 1448/3175/3099
f 3607/3168/3092 3608/3170/3094 1448/3175/3099 1447/3176/3100
f 3606/3169/3093 3607/3168/3092 1447/3176/3100 1446/3177/3101
f 1445/3157/3081 3606/3169/3093 1446/3177/3101 214/3158/3082
f 1444/3156/3080 3603/3165/3089 3606/3169/3093 1445/3157/3081
f 1443/3155/3079 3600/3162/3086 3603/3165/3089 1444/3156/3080
f 3609/3178/3102 3610/3179/3103 3613/3180/3104 3612/3181/3105
f 3610/3179/3103 3611/3182/3106 3614/3183/3107 3613/3180/3104
f 3612/3181/3105 3613/3180/3104 3616/3184/3108 3615/3185/3109
f 3613/3180/3104 3614/3183/3107 3617/3186/3110 3616/3184/3108
f 211/3110/3034 1428/3129/3053 3609/3178/3102 1449/3171/3095
f 1428/3129/3053 1429/3128/3052 3610/3179/3103 3609/3178/3102
f 1429/3128/3052 1430/3127/3051 3611/3182/3106 3610/3179/3103
f 1430/3127/3051 212/3126/3050 1455/3187/3111 3611/3182/3106
f 3611/3182/3106 1455/3187/3111 1456/3188/3112 3614/3183/3107
f 3614/3183/3107 1456/3188/3112 1457/3189/3113 3617/3186/3110
f 3617/3186/3110 1457/3189/3113 216/3190/3114 1454/3191/3115
f 3616/3184/3108 3617/3186/3110 1454/3191/3115 1453/3192/3116
f 3615/3185/3109 3616/3184/3108 1453/3192/3116 1452/3193/3117
f 1451/3173/3097 3615/3185/3109 1452/3193/3117 215/3174/3098
f 1450/3172/3096 3612/3181/3105 3615/3185/3109 1451/3173/3097
f 1449/3171/3095 3609/3178/3102 3612/3181/3105 1450/3172/3096
f 3618/3194/3118 3619/3195/3119 3622/3196/3120 3621/3197/3121
f 3619/3195/3119 3620/3198/3122 3623/3199/3123 3622/3196/3120
f 3621/3197/3121 3622/3196/3120 3625/3200/3124 3624/3201/3125
f 3622/3196/3120 3623/3199/3123 3626/3202/3126 3625/3200/3124
f 212/3126/3050 1434/3145/3069 3618/3194/3118 1455/3187/3111
f 1434/3145/3069 1435/3144/3068 3619/3195/3119 3618/3194/3118
f 1435/3144/3068 1436/3143/3067 3620/3198/3122 3619/3195/3119
f 1436/3143/3067 213/3142/3066 1461/3203/3127 3620/3198/3122
f 3620/3198/3122 1461/3203/3127 1462/3204/3128 3623/3199/3123
f 3623/3199/3123 1462/3204/3128 1463/3205/3129 3626/3202/3126
f 3626/3202/3126 1463/3205/3129 217/3206/3130 1460/3207/3131
f 3625/3200/3124 3626/3202/3126 1460/3207/3131 1459/3208/3132
f 3624/3201/3125 3625/3200/3124 1459/3208/3132 1458/3209/3133
f 1457/3189/3113 3624/3201/3125 1458/3209/3133 216/3190/3114
f 1456/3188/3112 3621/3197/3121 3624/3201/3125 1457/3189/3113
f 1455/3187/3111 3618/3194/3118 3621/3197/3121 1456/3188/3112
f 3627/3210/3134 3628/3211/3135 3631/3212/3136 3630/3213/3137
f 3628/3211/3135 3629/3214/3138 3632/3215/3139 3631/3212/3136
f 3630/3213/3137 3631/3212/3136 3634/3216/3140 3633/3217/3141
f 3631/3212/3136 3632/3215/3139 3635/3218/3142 3634/3216/3140
f 199/2855/2779 1440/3161/3085 3627/3210/3134 1373/2952/2876
f 1440/3161/3085 1441/3160/3084 3628/3211/3135 3627/3210/3134
f 1441/3160/3084 1442/3159/3083 3629/3214/3138 3628/3211/3135
f 1442/3159/3083 214/3158/3082 1466/3219/3143 3629/3214/3138
f 3629/3214/3138 1466/3219/3143 1465/3220/3144 3632/3215/3139
f 3632/3215/3139 1465/3220/3144 1464/3221/3145 3635/3218/3142
f 3635/3218/3142 1464/3221/3145 182/2591/2519 1232/2590/2518
f 3634/3216/3140 3635/3218/3142 1232/2590/2518 1231/2589/2517
f 3633/3217/3141 3634/3216/3140 1231/2589/2517 1230/2588/2516
f 1371/2954/2878 3633/3217/3141 1230/2588/2516 133/1820/1795
f 1372/2953/2877 3630/3213/3137 3633/3217/3141 1371/2954/2878
f 1373/2952/2876 3627/3210/3134 3630/3213/3137 1372/2953/2877
f 3636/3222/3146 3637/3223/3147 3640/3224/3148 3639/3225/3149
f 3637/3223/3147 3638/3226/3150 3641/3227/3151 3640/3224/3148
f 3639/3225/3149 3640/3224/3148 3643/3228/3152 3642/3229/3153
f 3640/3224/3148 3641/3227/3151 3644/3230/3154 3643/3228/3152
f 214/3158/3082 1446/3177/3101 3636/3222/3146 1466/3219/3143
f 1446/3177/3101 1447/3176/3100 3637/3223/3147 3636/3222/3146
f 1447/3176/3100 1448/3175/3099 3638/3226/3150 3637/3223/3147
f 1448/3175/3099 215/3174/3098 1469/3231/3155 3638/3226/3150
f 3638/3226/3150 1469/3231/3155 1468/3232/3156 3641/3227/3151
f 3641/3227/3151 1468/3232/3156 1467/3233/3157 3644/3230/3154
f 3644/3230/3154 1467/3233/3157 183/2607/2535 1238/2606/2534
f 3643/3228/3152 3644/3230/3154 1238/2606/2534 1237/2605/2533
f 3642/3229/3153 3643/3228/3152 1237/2605/2533 1236/2604/2532
f 1464/3221/3145 3642/3229/3153 1236/2604/2532 182/2591/2519
f 1465/3220/3144 3639/3225/3149 3642/3229/3153 1464/3221/3145
f 1466/3219/3143 3636/3222/3146 3639/3225/3149 1465/3220/3144
f 3645/3234/3158 3646/3235/3159 3649/3236/3160 3648/3237/3161
f 3646/3235/3159 3647/3238/3162 3650/3239/3163 3649/3236/3160
f 3648/3237/3161 3649/3236/3160 3652/3240/3164 3651/3241/3165
f 3649/3236/3160 3650/3239/3163 3653/3242/3166 3652/3240/3164
f 215/3174/3098 1452/3193/3117 3645/3234/3158 1469/3231/3155
f 1452/3193/3117 1453/3192/3116 3646/3235/3159 3645/3234/3158
f 1453/3192/3116 1454/3191/3115 3647/3238/3162 3646/3235/3159
f 1454/3191/3115 216/3190/3114 1472/3243/3167 3647/3238/3162
f 3647/3238/3162 1472/3243/3167 1471/3244/3168 3650/3239/3163
f 3650/3239/3163 1471/3244/3168 1470/3245/3169 3653/3242/3166
f 3653/3242/3166 1470/3245/3169 184/2623/2551 1244/2622/2550
f 3652/3240/3164 3653/3242/3166 1244/2622/2550 1243/2621/2549
f 3651/3241/3165 3652/3240/3164 1243/2621/2549 1242/2620/2548
f 1467/3233/3157 3651/3241/3165 1242/2620/2548 183/2607/2535
f 1468/3232/3156 3648/3237/3161 3651/3241/3165 1467/3233/3157
f 1469/3231/3155 3645/3234/3158 3648/3237/3161 1468/3232/3156
f 3654/3246/3170 3655/3247/3171 3658/3248/3172 3657/3249/3173
f 3655/3247/3171 3656/3250/3174 3659/3251/3175 3658/3248/3172
f 3657/3249/3173 3658/3248/3172 3661/3252/3176 3660/3253/3177
f 3658/3248/3172 3659/3251/3175 3662/3254/3178 3661/3252/3176
f 216/3190/3114 1458/3209/3133 3654/3246/3170 1472/3243/3167
f 1458/3209/3133 1459/3208/3132 3655/3247/3171 3654/3246/3170
f 1459/3208/3132 1460/3207/3131 3656/3250/3174 3655/3247/3171
f 1460/3207/3131 217/3206/3130 1475/3255/3179 3656/3250/3174
f 3656/3250/3174 1475/3255/3179 1474/3256/3180 3659/3251/3175
f 3659/3251/3175 1474/3256/3180 1473/3257/3181 3662/3254/3178
f 3662/3254/3178 1473/3257/3181 69/2639/777 1248/2638/2566
f 3661/3252/3176 3662/3254/3178 1248/2638/2566 1249/2637/2565
f 3660/3253/3177 3661/3252/3176 1249/2637/2565 1250/2636/2564
f 1470/3245/3169 3660/3253/3177 1250/2636/2564 184/2623/2551
f 1471/3244/3168 3657/3249/3173 3660/3253/3177 1470/3245/3169
f 1472/3243/3167 3654/3246/3170 3657/3249/3173 1471/3244/3168
f 3663/3258/3182 3664/3259/3183 3667/3260/3184 3666/3261/3185
f 3664/3259/3183 3665/3262/3186 3668/3263/3187 3667/3260/3184
f 3666/3261/3185 3667/3260/3184 3670/3264/3188 3669/3265/3189
f 3667/3260/3184 3668/3263/3187 3671/3266/3190 3670/3264/3188
f 28/3267/322 1892/3268/936 3663/3258/3182 1479/3269/3191
f 1892/3268/936 1891/3270/935 3664/3259/3183 3663/3258/3182
f 1891/3270/935 1890/3271/934 3665/3262/3186 3664/3259/3183
f 1890/3271/934 84/3272/933 453/3273/3192 3665/3262/3186
f 3665/3262/3186 453/3273/3192 454/3274/3193 3668/3263/3187
f 3668/3263/3187 454/3274/3193 455/3275/3194 3671/3266/3190
f 3671/3266/3190 455/3275/3194 218/3276/3195 1476/3277/3196
f 3670/3264/3188 3671/3266/3190 1476/3277/3196 1477/3278/3197
f 3669/3265/3189 3670/3264/3188 1477/3278/3197 1478/3279/3198
f 1481/3280/3199 3669/3265/3189 1478/3279/3198 219/3281/3200
f 1480/3282/3201 3666/3261/3185 3669/3265/3189 1481/3280/3199
f 1479/3269/3191 3663/3258/3182 3666/3261/3185 1480/3282/3201
f 3672/3283/3202 3673/3284/3203 3676/3285/3204 3675/3286/3205
f 3673/3284/3203 3674/3287/3206 3677/3288/3207 3676/3285/3204
f 3675/3286/3205 3676/3285/3204 3679/3289/3208 3678/3290/3209
f 3676/3285/3204 3677/3288/3207 3680/3291/3210 3679/3289/3208
f 219/3281/3200 1478/3279/3198 3672/3283/3202 1488/3292/3211
f 1478/3279/3198 1477/3278/3197 3673/3284/3203 3672/3283/3202
f 1477/3278/3197 1476/3277/3196 3674/3287/3206 3673/3284/3203
f 1476/3277/3196 218/3276/3195 1482/3293/3212 3674/3287/3206
f 3674/3287/3206 1482/3293/3212 1483/3294/3213 3677/3288/3207
f 3677/3288/3207 1483/3294/3213 1484/3295/3214 3680/3291/3210
f 3680/3291/3210 1484/3295/3214 220/3296/3215 1485/3297/3216
f 3679/3289/3208 3680/3291/3210 1485/3297/3216 1486/3298/3217
f 3678/3290/3209 3679/3289/3208 1486/3298/3217 1487/3299/3218
f 1490/3300/3219 3678/3290/3209 1487/3299/3218 221/3301/3220
f 1489/3302/3221 3675/3286/3205 3678/3290/3209 1490/3300/3219
f 1488/3292/3211 3672/3283/3202 3675/3286/3205 1489/3302/3221
f 3681/3303/3222 3682/3304/3223 3685/3305/3224 3684/3306/3225
f 3682/3304/3223 3683/3307/3226 3686/3308/3227 3685/3305/3224
f 3684/3306/3225 3685/3305/3224 3688/3309/3228 3687/3310/3229
f 3685/3305/3224 3686/3308/3227 3689/3311/3230 3688/3309/3228
f 221/3301/3220 1487/3299/3218 3681/3303/3222 1497/3312/3231
f 1487/3299/3218 1486/3298/3217 3682/3304/3223 3681/3303/3222
f 1486/3298/3217 1485/3297/3216 3683/3307/3226 3682/3304/3223
f 1485/3297/3216 220/3296/3215 1491/3313/3232 3683/3307/3226
f 3683/3307/3226 1491/3313/3232 1492/3314/3233 3686/3308/3227
f 3686/3308/3227 1492/3314/3233 1493/3315/3234 3689/3311/3230
f 3689/3311/3230 1493/3315/3234 222/3316/3235 1494/3317/3236
f 3688/3309/3228 3689/3311/3230 1494/3317/3236 1495/3318/3237
f 3687/3310/3229 3688/3309/3228 1495/3318/3237 1496/3319/3238
f 1499/3320/3239 3687/3310/3229 1496/3319/3238 223/3321/3240
f 1498/3322/3241 3684/3306/3225 3687/3310/3229 1499/3320/3239
f 1497/3312/3231 3681/3303/3222 3684/3306/3225 1498/3322/3241
f 3690/3323/3242 3691/3324/3243 3694/3325/3244 3693/3326/3245
f 3691/3324/3243 3692/3327/3246 3695/3328/3247 3694/3325/3244
f 3693/3326/3245 3694/3325/3244 3697/3329/3248 3696/3330/3249
f 3694/3325/3244 3695/3328/3247 3698/3331/3250 3697/3329/3248
f 84/3272/933 659/3332/975 3690/3323/3242 453/3273/3192
f 659/3332/975 658/3333/974 3691/3324/3243 3690/3323/3242
f 658/3333/974 657/3334/973 3692/3327/3246 3691/3324/3243
f 657/3334/973 57/3335/660 1500/3336/3251 3692/3327/3246
f 3692/3327/3246 1500/3336/3251 1501/3337/3252 3695/3328/3247
f 3695/3328/3247 1501/3337/3252 1502/3338/3253 3698/3331/3250
f 3698/3331/3250 1502/3338/3253 224/3339/3254 1505/3340/3255
f 3697/3329/3248 3698/3331/3250 1505/3340/3255 1504/3341/3256
f 3696/3330/3249 3697/3329/3248 1504/3341/3256 1503/3342/3257
f 455/3275/3194 3696/3330/3249 1503/3342/3257 218/3276/3195
f 454/3274/3193 3693/3326/3245 3696/3330/3249 455/3275/3194
f 453/3273/3192 3690/3323/3242 3693/3326/3245 454/3274/3193
f 3699/3343/3258 3700/3344/3259 3703/3345/3260 3702/3346/3261
f 3700/3344/3259 3701/3347/3262 3704/3348/3263 3703/3345/3260
f 3702/3346/3261 3703/3345/3260 3706/3349/3264 3705/3350/3265
f 3703/3345/3260 3704/3348/3263 3707/3351/3266 3706/3349/3264
f 218/3276/3195 1503/3342/3257 3699/3343/3258 1482/3293/3212
f 1503/3342/3257 1504/3341/3256 3700/3344/3259 3699/3343/3258
f 1504/3341/3256 1505/3340/3255 3701/3347/3262 3700/3344/3259
f 1505/3340/3255 224/3339/3254 1506/3352/3267 3701/3347/3262
f 3701/3347/3262 1506/3352/3267 1507/3353/3268 3704/3348/3263
f 3704/3348/3263 1507/3353/3268 1508/3354/3269 3707/3351/3266
f 3707/3351/3266 1508/3354/3269 225/3355/3270 1511/3356/3271
f 3706/3349/3264 3707/3351/3266 1511/3356/3271 1510/3357/3272
f 3705/3350/3265 3706/3349/3264 1510/3357/3272 1509/3358/3273
f 1484/3295/3214 3705/3350/3265 1509/3358/3273 220/3296/3215
f 1483/3294/3213 3702/3346/3261 3705/3350/3265 1484/3295/3214
f 1482/3293/3212 3699/3343/3258 3702/3346/3261 1483/3294/3213
f 3708/3359/3274 3709/3360/3275 3712/3361/3276 3711/3362/3277
f 3709/3360/3275 3710/3363/3278 3713/3364/3279 3712/3361/3276
f 3711/3362/3277 3712/3361/3276 3715/3365/3280 3714/3366/3281
f 3712/3361/3276 3713/3364/3279 3716/3367/3282 3715/3365/3280
f 220/3296/3215 1509/3358/3273 3708/3359/3274 1491/3313/3232
f 1509/3358/3273 1510/3357/3272 3709/3360/3275 3708/3359/3274
f 1510/3357/3272 1511/3356/3271 3710/3363/3278 3709/3360/3275
f 1511/3356/3271 225/3355/3270 1512/3368/3283 3710/3363/3278
f 3710/3363/3278 1512/3368/3283 1513/3369/3284 3713/3364/3279
f 3713/3364/3279 1513/3369/3284 1514/3370/3285 3716/3367/3282
f 3716/3367/3282 1514/3370/3285 226/3371/3286 1517/3372/3287
f 3715/3365/3280 3716/3367/3282 1517/3372/3287 1516/3373/3288
f 3714/3366/3281 3715/3365/3280 1516/3373/3288 1515/3374/3289
f 1493/3315/3234 3714/3366/3281 1515/3374/3289 222/3316/3235
f 1492/3314/3233 3711/3362/3277 3714/3366/3281 1493/3315/3234
f 1491/3313/3232 3708/3359/3274 3711/3362/3277 1492/3314/3233
f 3717/3375/3290 3718/3376/3291 3721/3377/3292 3720/3378/3293
f 3718/3376/3291 3719/3379/3294 3722/3380/3295 3721/3377/3292
f 3720/3378/3293 3721/3377/3292 3724/3381/3296 3723/3382/3297
f 3721/3377/3292 3722/3380/3295 3725/3383/3298 3724/3381/3296
f 57/3335/660 543/3384/662 3717/3375/3290 1500/3336/3251
f 543/3384/662 544/3385/675 3718/3376/3291 3717/3375/3290
f 544/3385/675 545/3386/673 3719/3379/3294 3718/3376/3291
f 545/3386/673 60/3387/674 1518/3388/3299 3719/3379/3294
f 3719/3379/3294 1518/3388/3299 1519/3389/3300 3722/3380/3295
f 3722/3380/3295 1519/3389/3300 1520/3390/3301 3725/3383/3298
f 3725/3383/3298 1520/3390/3301 227/3391/3302 1526/3392/3303
f 3724/3381/3296 3725/3383/3298 1526/3392/3303 1525/3393/3304
f 3723/3382/3297 3724/3381/3296 1525/3393/3304 1524/3394/3305
f 1502/3338/3253 3723/3382/3297 1524/3394/3305 224/3339/3254
f 1501/3337/3252 3720/3378/3293 3723/3382/3297 1502/3338/3253
f 1500/3336/3251 3717/3375/3290 3720/3378/3293 1501/3337/3252
f 3726/3395/3306 3727/3396/3307 3730/3397/3308 3729/3398/3309
f 3727/3396/3307 3728/3399/3310 3731/3400/3311 3730/3397/3308
f 3729/3398/3309 3730/3397/3308 3733/3401/3312 3732/3402/3313
f 3730/3397/3308 3731/3400/3311 3734/3403/3314 3733/3401/3312
f 224/3339/3254 1524/3394/3305 3726/3395/3306 1506/3352/3267
f 1524/3394/3305 1525/3393/3304 3727/3396/3307 3726/3395/3306
f 1525/3393/3304 1526/3392/3303 3728/3399/3310 3727/3396/3307
f 1526/3392/3303 227/3391/3302 1527/3404/3315 3728/3399/3310
f 3728/3399/3310 1527/3404/3315 1528/3405/3316 3731/3400/3311
f 3731/3400/3311 1528/3405/3316 1529/3406/3317 3734/3403/3314
f 3734/3403/3314 1529/3406/3317 228/3407/3318 1532/3408/3319
f 3733/3401/3312 3734/3403/3314 1532/3408/3319 1531/3409/3320
f 3732/3402/3313 3733/3401/3312 1531/3409/3320 1530/3410/3321
f 1508/3354/3269 3732/3402/3313 1530/3410/3321 225/3355/3270
f 1507/3353/3268 3729/3398/3309 3732/3402/3313 1508/3354/3269
f 1506/3352/3267 3726/3395/3306 3729/3398/3309 1507/3353/3268
f 3735/3411/3322 3736/3412/3323 3739/3413/3324 3738/3414/3325
f 3736/3412/3323 3737/3415/3326 3740/3416/3327 3739/3413/3324
f 3738/3414/3325 3739/3413/3324 3742/3417/3328 3741/3418/3329
f 3739/3413/3324 3740/3416/3327 3743/3419/3330 3742/3417/3328
f 225/3355/3270 1530/3410/3321 3735/3411/3322 1512/3368/3283
f 1530/3410/3321 1531/3409/3320 3736/3412/3323 3735/3411/3322
f 1531/3409/3320 1532/3408/3319 3737/3415/3326 3736/3412/3323
f 1532/3408/3319 228/3407/3318 1533/3420/3331 3737/3415/3326
f 3737/3415/3326 1533/3420/3331 1534/3421/3332 3740/3416/3327
f 3740/3416/3327 1534/3421/3332 1535/3422/3333 3743/3419/3330
f 3743/3419/3330 1535/3422/3333 229/3423/3334 1538/3424/3335
f 3742/3417/3328 3743/3419/3330 1538/3424/3335 1537/3425/3336
f 3741/3418/3329 3742/3417/3328 1537/3425/3336 1536/3426/3337
f 1514/3370/3285 3741/3418/3329 1536/3426/3337 226/3371/3286
f 1513/3369/3284 3738/3414/3325 3741/3418/3329 1514/3370/3285
f 1512/3368/3283 3735/3411/3322 3738/3414/3325 1513/3369/3284
f 3744/3427/3338 3745/3428/3339 3748/3429/3340 3747/3430/3341
f 3745/3428/3339 3746/3431/3342 3749/3432/3343 3748/3429/3340
f 3747/3430/3341 3748/3429/3340 3751/3433/3344 3750/3434/3345
f 3748/3429/3340 3749/3432/3343 3752/3435/3346 3751/3433/3344
f 60/3387/674 552/3436/685 3744/3427/3338 1518/3388/3299
f 552/3436/685 553/3437/695 3745/3428/3339 3744/3427/3338
f 553/3437/695 554/3438/693 3746/3431/3342 3745/3428/3339
f 554/3438/693 62/3439/694 549/3440/3347 3746/3431/3342
f 3746/3431/3342 549/3440/3347 550/3441/3348 3749/3432/3343
f 3749/3432/3343 550/3441/3348 551/3442/3349 3752/3435/3346
f 3752/3435/3346 551/3442/3349 230/3443/3350 1541/3444/3351
f 3751/3433/3344 3752/3435/3346 1541/3444/3351 1540/3445/3352
f 3750/3434/3345 3751/3433/3344 1540/3445/3352 1539/3446/3353
f 1520/3390/3301 3750/3434/3345 1539/3446/3353 227/3391/3302
f 1519/3389/3300 3747/3430/3341 3750/3434/3345 1520/3390/3301
f 1518/3388/3299 3744/3427/3338 3747/3430/3341 1519/3389/3300
f 3753/3447/3354 3754/3448/3355 3757/3449/3356 3756/3450/3357
f 3754/3448/3355 3755/3451/3358 3758/3452/3359 3757/3449/3356
f 3756/3450/3357 3757/3449/3356 3760/3453/3360 3759/3454/3361
f 3757/3449/3356 3758/3452/3359 3761/3455/3362 3760/3453/3360
f 227/3391/3302 1539/3446/3353 3753/3447/3354 1527/3404/3315
f 1539/3446/3353 1540/3445/3352 3754/3448/3355 3753/3447/3354
f 1540/3445/3352 1541/3444/3351 3755/3451/3358 3754/3448/3355
f 1541/3444/3351 230/3443/3350 1542/3456/3363 3755/3451/3358
f 3755/3451/3358 1542/3456/3363 1543/3457/3364 3758/3452/3359
f 3758/3452/3359 1543/3457/3364 1544/3458/3365 3761/3455/3362
f 3761/3455/3362 1544/3458/3365 231/3459/3366 1547/3460/3367
f 3760/3453/3360 3761/3455/3362 1547/3460/3367 1546/3461/3368
f 3759/3454/3361 3760/3453/3360 1546/3461/3368 1545/3462/3369
f 1529/3406/3317 3759/3454/3361 1545/3462/3369 228/3407/3318
f 1528/3405/3316 3756/3450/3357 3759/3454/3361 1529/3406/3317
f 1527/3404/3315 3753/3447/3354 3756/3450/3357 1528/3405/3316
f 3762/3463/3370 3763/3464/3371 3766/3465/3372 3765/3466/3373
f 3763/3464/3371 3764/3467/3374 3767/3468/3375 3766/3465/3372
f 3765/3466/3373 3766/3465/3372 3769/3469/3376 3768/3470/3377
f 3766/3465/3372 3767/3468/3375 3770/3471/3378 3769/3469/3376
f 228/3407/3318 1545/3462/3369 3762/3463/3370 1533/3420/3331
f 1545/3462/3369 1546/3461/3368 3763/3464/3371 3762/3463/3370
f 1546/3461/3368 1547/3460/3367 3764/3467/3374 3763/3464/3371
f 1547/3460/3367 231/3459/3366 1548/3472/3379 3764/3467/3374
f 3764/3467/3374 1548/3472/3379 1549/3473/3380 3767/3468/3375
f 3767/3468/3375 1549/3473/3380 1550/3474/3381 3770/3471/3378
f 3770/3471/3378 1550/3474/3381 232/3475/3382 1553/3476/3383
f 3769/3469/3376 3770/3471/3378 1553/3476/3383 1552/3477/3384
f 3768/3470/3377 3769/3469/3376 1552/3477/3384 1551/3478/3385
f 1535/3422/3333 3768/3470/3377 1551/3478/3385 229/3423/3334
f 1534/3421/3332 3765/3466/3373 3768/3470/3377 1535/3422/3333
f 1533/3420/3331 3762/3463/3370 3765/3466/3373 1534/3421/3332
f 3771/3479/3386 3772/3480/3387 3775/3481/3388 3774/3482/3389
f 3772/3480/3387 3773/3483/3390 3776/3484/3391 3775/3481/3388
f 3774/3482/3389 3775/3481/3388 3778/3485/3392 3777/3486/3393
f 3775/3481/3388 3776/3484/3391 3779/3487/3394 3778/3485/3392
f 62/3439/694 1125/3488/2228 3771/3479/3386 549/3440/3347
f 1125/3488/2228 1126/3489/2227 3772/3480/3387 3771/3479/3386
f 1126/3489/2227 1127/3490/2226 3773/3483/3390 3772/3480/3387
f 1127/3490/2226 164/3491/2225 1572/3492/3395 3773/3483/3390
f 3773/3483/3390 1572/3492/3395 1573/3493/3396 3776/3484/3391
f 3776/3484/3391 1573/3493/3396 1574/3494/3397 3779/3487/3394
f 3779/3487/3394 1574/3494/3397 233/3495/3398 1559/3496/3399
f 3778/3485/3392 3779/3487/3394 1559/3496/3399 1558/3497/3400
f 3777/3486/3393 3778/3485/3392 1558/3497/3400 1557/3498/3401
f 551/3442/3349 3777/3486/3393 1557/3498/3401 230/3443/3350
f 550/3441/3348 3774/3482/3389 3777/3486/3393 551/3442/3349
f 549/3440/3347 3771/3479/3386 3774/3482/3389 550/3441/3348
f 3780/3499/3402 3781/3500/3403 3784/3501/3404 3783/3502/3405
f 3781/3500/3403 3782/3503/3406 3785/3504/3407 3784/3501/3404
f 3783/3502/3405 3784/3501/3404 3787/3505/3408 3786/3506/3409
f 3784/3501/3404 3785/3504/3407 3788/3507/3410 3787/3505/3408
f 230/3443/3350 1557/3498/3401 3780/3499/3402 1542/3456/3363
f 1557/3498/3401 1558/3497/3400 3781/3500/3403 3780/3499/3402
f 1558/3497/3400 1559/3496/3399 3782/3503/3406 3781/3500/3403
f 1559/3496/3399 233/3495/3398 1560/3508/3411 3782/3503/3406
f 3782/3503/3406 1560/3508/3411 1561/3509/3412 3785/3504/3407
f 3785/3504/3407 1561/3509/3412 1562/3510/3413 3788/3507/3410
f 3788/3507/3410 1562/3510/3413 234/3511/3414 1565/3512/3415
f 3787/3505/3408 3788/3507/3410 1565/3512/3415 1564/3513/3416
f 3786/3506/3409 3787/3505/3408 1564/3513/3416 1563/3514/3417
f 1544/3458/3365 3786/3506/3409 1563/3514/3417 231/3459/3366
f 1543/3457/3364 3783/3502/3405 3786/3506/3409 1544/3458/3365
f 1542/3456/3363 3780/3499/3402 3783/3502/3405 1543/3457/3364
f 3789/3515/3418 3790/3516/3419 3793/3517/3420 3792/3518/3421
f 3790/3516/3419 3791/3519/3422 3794/3520/3423 3793/3517/3420
f 3792/3518/3421 3793/3517/3420 3796/3521/3424 3795/3522/3425
f 3793/3517/3420 3794/3520/3423 3797/3523/3426 3796/3521/3424
f 231/3459/3366 1563/3514/3417 3789/3515/3418 1548/3472/3379
f 1563/3514/3417 1564/3513/3416 3790/3516/3419 3789/3515/3418
f 1564/3513/3416 1565/3512/3415 3791/3519/3422 3790/3516/3419
f 1565/3512/3415 234/3511/3414 1566/3524/3427 3791/3519/3422
f 3791/3519/3422 1566/3524/3427 1567/3525/3428 3794/3520/3423
f 3794/3520/3423 1567/3525/3428 1568/3526/3429 3797/3523/3426
f 3797/3523/3426 1568/3526/3429 235/3527/3430 1571/3528/3431
f 3796/3521/3424 3797/3523/3426 1571/3528/3431 1570/3529/3432
f 3795/3522/3425 3796/3521/3424 1570/3529/3432 1569/3530/3433
f 1550/3474/3381 3795/3522/3425 1569/3530/3433 232/3475/3382
f 1549/3473/3380 3792/3518/3421 3795/3522/3425 1550/3474/3381
f 1548/3472/3379 3789/3515/3418 3792/3518/3421 1549/3473/3380
f 3798/3531/3434 3799/3532/3435 3802/3533/3436 3801/3534/3437
f 3799/3532/3435 3800/3535/3438 3803/3536/3439 3802/3533/3436
f 3801/3534/3437 3802/3533/3436 3805/3537/3440 3804/3538/3441
f 3802/3533/3436 3803/3536/3439 3806/3539/3442 3805/3537/3440
f 164/3491/2225 1146/3540/2280 3798/3531/3434 1572/3492/3395
f 1146/3540/2280 1147/3541/2279 3799/3532/3435 3798/3531/3434
f 1147/3541/2279 1148/3542/2278 3800/3535/3438 3799/3532/3435
f 1148/3542/2278 168/3543/2277 1593/3544/3443 3800/3535/3438
f 3800/3535/3438 1593/3544/3443 1594/3545/3444 3803/3536/3439
f 3803/3536/3439 1594/3545/3444 1595/3546/3445 3806/3539/3442
f 3806/3539/3442 1595/3546/3445 236/3547/3446 1580/3548/3447
f 3805/3537/3440 3806/3539/3442 1580/3548/3447 1579/3549/3448
f 3804/3538/3441 3805/3537/3440 1579/3549/3448 1578/3550/3449
f 1574/3494/3397 3804/3538/3441 1578/3550/3449 233/3495/3398
f 1573/3493/3396 3801/3534/3437 3804/3538/3441 1574/3494/3397
f 1572/3492/3395 3798/3531/3434 3801/3534/3437 1573/3493/3396
f 3807/3551/3450 3808/3552/3451 3811/3553/3452 3810/3554/3453
f 3808/3552/3451 3809/3555/3454 3812/3556/3455 3811/3553/3452
f 3810/3554/3453 3811/3553/3452 3814/3557/3456 3813/3558/3457
f 3811/3553/3452 3812/3556/3455 3815/3559/3458 3814/3557/3456
f 233/3495/3398 1578/3550/3449 3807/3551/3450 1560/3508/3411
f 1578/3550/3449 1579/3549/3448 3808/3552/3451 3807/3551/3450
f 1579/3549/3448 1580/3548/3447 3809/3555/3454 3808/3552/3451
f 1580/3548/3447 236/3547/3446 1581/3560/3459 3809/3555/3454
f 3809/3555/3454 1581/3560/3459 1582/3561/3460 3812/3556/3455
f 3812/3556/3455 1582/3561/3460 1583/3562/3461 3815/3559/3458
f 3815/3559/3458 1583/3562/3461 237/3563/3462 1586/3564/3463
f 3814/3557/3456 3815/3559/3458 1586/3564/3463 1585/3565/3464
f 3813/3558/3457 3814/3557/3456 1585/3565/3464 1584/3566/3465
f 1562/3510/3413 3813/3558/3457 1584/3566/3465 234/3511/3414
f 1561/3509/3412 3810/3554/3453 3813/3558/3457 1562/3510/3413
f 1560/3508/3411 3807/3551/3450 3810/3554/3453 1561/3509/3412
f 3816/3567/3466 3817/3568/3467 3820/3569/3468 3819/3570/3469
f 3817/3568/3467 3818/3571/3470 3821/3572/3471 3820/3569/3468
f 3819/3570/3469 3820/3569/3468 3823/3573/3472 3822/3574/3473
f 3820/3569/3468 3821/3572/3471 3824/3575/3474 3823/3573/3472
f 234/3511/3414 1584/3566/3465 3816/3567/3466 1566/3524/3427
f 1584/3566/3465 1585/3565/3464 3817/3568/3467 3816/3567/3466
f 1585/3565/3464 1586/3564/3463 3818/3571/3470 3817/3568/3467
f 1586/3564/3463 237/3563/3462 1587/3576/3475 3818/3571/3470
f 3818/3571/3470 1587/3576/3475 1588/3577/3476 3821/3572/3471
f 3821/3572/3471 1588/3577/3476 1589/3578/3477 3824/3575/3474
f 3824/3575/3474 1589/3578/3477 238/3579/3478 1592/3580/3479
f 3823/3573/3472 3824/3575/3474 1592/3580/3479 1591/3581/3480
f 3822/3574/3473 3823/3573/3472 1591/3581/3480 1590/3582/3481
f 1568/3526/3429 3822/3574/3473 1590/3582/3481 235/3527/3430
f 1567/3525/3428 3819/3570/3469 3822/3574/3473 1568/3526/3429
f 1566/3524/3427 3816/3567/3466 3819/3570/3469 1567/3525/3428
f 3825/3583/3482 3826/3584/3483 3829/3585/3484 3828/3586/3485
f 3826/3584/3483 3827/3587/3486 3830/3588/3487 3829/3585/3484
f 3828/3586/3485 3829/3585/3484 3832/3589/3488 3831/3590/3489
f 3829/3585/3484 3830/3588/3487 3833/3591/3490 3832/3589/3488
f 168/3543/2277 1167/3592/2332 3825/3583/3482 1593/3544/3443
f 1167/3592/2332 1168/3593/2331 3826/3584/3483 3825/3583/3482
f 1168/3593/2331 1169/3594/2330 3827/3587/3486 3826/3584/3483
f 1169/3594/2330 172/3595/2329 1521/3596/3491 3827/3587/3486
f 3827/3587/3486 1521/3596/3491 1522/3597/3492 3830/3588/3487
f 3830/3588/3487 1522/3597/3492 1523/3598/3493 3833/3591/3490
f 3833/3591/3490 1523/3598/3493 239/3599/3494 1598/3600/3495
f 3832/3589/3488 3833/3591/3490 1598/3600/3495 1597/3601/3496
f 3831/3590/3489 3832/3589/3488 1597/3601/3496 1596/3602/3497
f 1595/3546/3445 3831/3590/3489 1596/3602/3497 236/3547/3446
f 1594/3545/3444 3828/3586/3485 3831/3590/3489 1595/3546/3445
f 1593/3544/3443 3825/3583/3482 3828/3586/3485 1594/3545/3444
f 3834/3603/3498 3835/3604/3499 3838/3605/3500 3837/3606/3501
f 3835/3604/3499 3836/3607/3502 3839/3608/3503 3838/3605/3500
f 3837/3606/3501 3838/3605/3500 3841/3609/3504 3840/3610/3505
f 3838/3605/3500 3839/3608/3503 3842/3611/3506 3841/3609/3504
f 236/3547/3446 1596/3602/3497 3834/3603/3498 1581/3560/3459
f 1596/3602/3497 1597/3601/3496 3835/3604/3499 3834/3603/3498
f 1597/3601/3496 1598/3600/3495 3836/3607/3502 3835/3604/3499
f 1598/3600/3495 239/3599/3494 1599/3612/3507 3836/3607/3502
f 3836/3607/3502 1599/3612/3507 1600/3613/3508 3839/3608/3503
f 3839/3608/3503 1600/3613/3508 1601/3614/3509 3842/3611/3506
f 3842/3611/3506 1601/3614/3509 240/3615/3510 1604/3616/3511
f 3841/3609/3504 3842/3611/3506 1604/3616/3511 1603/3617/3512
f 3840/3610/3505 3841/3609/3504 1603/3617/3512 1602/3618/3513
f 1583/3562/3461 3840/3610/3505 1602/3618/3513 237/3563/3462
f 1582/3561/3460 3837/3606/3501 3840/3610/3505 1583/3562/3461
f 1581/3560/3459 3834/3603/3498 3837/3606/3501 1582/3561/3460
f 3843/3619/3514 3844/3620/3515 3847/3621/3516 3846/3622/3517
f 3844/3620/3515 3845/3623/3518 3848/3624/3519 3847/3621/3516
f 3846/3622/3517 3847/3621/3516 3850/3625/3520 3849/3626/3521
f 3847/3621/3516 3848/3624/3519 3851/3627/3522 3850/3625/3520
f 237/3563/3462 1602/3618/3513 3843/3619/3514 1587/3576/3475
f 1602/3618/3513 1603/3617/3512 3844/3620/3515 3843/3619/3514
f 1603/3617/3512 1604/3616/3511 3845/3623/3518 3844/3620/3515
f 1604/3616/3511 240/3615/3510 1605/3628/3523 3845/3623/3518
f 3845/3623/3518 1605/3628/3523 1606/3629/3524 3848/3624/3519
f 3848/3624/3519 1606/3629/3524 1607/3630/3525 3851/3627/3522
f 3851/3627/3522 1607/3630/3525 241/3631/3526 1610/3632/3527
f 3850/3625/3520 3851/3627/3522 1610/3632/3527 1609/3633/3528
f 3849/3626/3521 3850/3625/3520 1609/3633/3528 1608/3634/3529
f 1589/3578/3477 3849/3626/3521 1608/3634/3529 238/3579/3478
f 1588/3577/3476 3846/3622/3517 3849/3626/3521 1589/3578/3477
f 1587/3576/3475 3843/3619/3514 3846/3622/3517 1588/3577/3476
f 3852/3635/3530 3853/3636/3531 3856/3637/3532 3855/3638/3533
f 3853/3636/3531 3854/3639/3534 3857/3640/3535 3856/3637/3532
f 3855/3638/3533 3856/3637/3532 3859/3641/3536 3858/3642/3537
f 3856/3637/3532 3857/3640/3535 3860/3643/3538 3859/3641/3536
f 172/3595/2329 1899/3644/2371 3852/3635/3530 1521/3596/3491
f 1899/3644/2371 1900/3645/2370 3853/3636/3531 3852/3635/3530
f 1900/3645/2370 1901/3646/2369 3854/3639/3534 3853/3636/3531
f 1901/3646/2369 28/3647/322 1479/3648/3191 3854/3639/3534
f 3854/3639/3534 1479/3648/3191 1480/3649/3201 3857/3640/3535
f 3857/3640/3535 1480/3649/3201 1481/3650/3199 3860/3643/3538
f 3860/3643/3538 1481/3650/3199 219/3651/3200 1611/3652/3539
f 3859/3641/3536 3860/3643/3538 1611/3652/3539 1612/3653/3540
f 3858/3642/3537 3859/3641/3536 1612/3653/3540 1613/3654/3541
f 1523/3598/3493 3858/3642/3537 1613/3654/3541 239/3599/3494
f 1522/3597/3492 3855/3638/3533 3858/3642/3537 1523/3598/3493
f 1521/3596/3491 3852/3635/3530 3855/3638/3533 1522/3597/3492
f 3861/3655/3542 3862/3656/3543 3865/3657/3544 3864/3658/3545
f 3862/3656/3543 3863/3659/3546 3866/3660/3547 3865/3657/3544
f 3864/3658/3545 3865/3657/3544 3868/3661/3548 3867/3662/3549
f 3865/3657/3544 3866/3660/3547 3869/3663/3550 3868/3661/3548
f 239/3599/3494 1613/3654/3541 3861/3655/3542 1599/3612/3507
f 1613/3654/3541 1612/3653/3540 3862/3656/3543 3861/3655/3542
f 1612/3653/3540 1611/3652/3539 3863/3659/3546 3862/3656/3543
f 1611/3652/3539 219/3651/3200 1488/3664/3211 3863/3659/3546
f 3863/3659/3546 1488/3664/3211 1489/3665/3221 3866/3660/3547
f 3866/3660/3547 1489/3665/3221 1490/3666/3219 3869/3663/3550
f 3869/3663/3550 1490/3666/3219 221/3667/3220 1614/3668/3551
f 3868/3661/3548 3869/3663/3550 1614/3668/3551 1615/3669/3552
f 3867/3662/3549 3868/3661/3548 1615/3669/3552 1616/3670/3553
f 1601/3614/3509 3867/3662/3549 1616/3670/3553 240/3615/3510
f 1600/3613/3508 3864/3658/3545 3867/3662/3549 1601/3614/3509
f 1599/3612/3507 3861/3655/3542 3864/3658/3545 1600/3613/3508
f 3870/3671/3554 3871/3672/3555 3874/3673/3556 3873/3674/3557
f 3871/3672/3555 3872/3675/3558 3875/3676/3559 3874/3673/3556
f 3873/3674/3557 3874/3673/3556 3877/3677/3560 3876/3678/3561
f 3874/3673/3556 3875/3676/3559 3878/3679/3562 3877/3677/3560
f 240/3615/3510 1616/3670/3553 3870/3671/3554 1605/3628/3523
f 1616/3670/3553 1615/3669/3552 3871/3672/3555 3870/3671/3554
f 1615/3669/3552 1614/3668/3551 3872/3675/3558 3871/3672/3555
f 1614/3668/3551 221/3667/3220 1497/3680/3231 3872/3675/3558
f 3872/3675/3558 1497/3680/3231 1498/3681/3241 3875/3676/3559
f 3875/3676/3559 1498/3681/3241 1499/3682/3239 3878/3679/3562
f 3878/3679/3562 1499/3682/3239 223/3683/3240 1617/3684/3563
f 3877/3677/3560 3878/3679/3562 1617/3684/3563 1618/3685/3564
f 3876/3678/3561 3877/3677/3560 1618/3685/3564 1619/3686/3565
f 1607/3630/3525 3876/3678/3561 1619/3686/3565 241/3631/3526
f 1606/3629/3524 3873/3674/3557 3876/3678/3561 1607/3630/3525
f 1605/3628/3523 3870/3671/3554 3873/3674/3557 1606/3629/3524
f 3879/3687/3566 3880/3688/3567 3883/3689/3568 3882/3690/3569
f 3880/3688/3567 3881/3691/3570 3884/3692/3571 3883/3689/3568
f 3882/3690/3569 3883/3689/3568 3886/3693/3572 3885/3694/3573
f 3883/3689/3568 3884/3692/3571 3887/3695/3574 3886/3693/3572
f 29/3696/335 1188/3697/2381 3879/3687/3566 1916/3698/3575
f 1188/3697/2381 1189/3699/2391 3880/3688/3567 3879/3687/3566
f 1189/3699/2391 1190/3700/2389 3881/3691/3570 3880/3688/3567
f 1190/3700/2389 174/3701/2390 1701/3702/3576 3881/3691/3570
f 3881/3691/3570 1701/3702/3576 1702/3703/3577 3884/3692/3571
f 3884/3692/3571 1702/3703/3577 1703/3704/3578 3887/3695/3574
f 3887/3695/3574 1703/3704/3578 242/3705/3579 1623/3706/3580
f 3886/3693/3572 3887/3695/3574 1623/3706/3580 1624/3707/3581
f 3885/3694/3573 3886/3693/3572 1624/3707/3581 1625/3708/3582
f 1914/3709/3583 3885/3694/3573 1625/3708/3582 243/3710/3584
f 1915/3711/3585 3882/3690/3569 3885/3694/3573 1914/3709/3583
f 1916/3698/3575 3879/3687/3566 3882/3690/3569 1915/3711/3585
f 3888/3712/3586 3889/3713/3587 3892/3714/3588 3891/3715/3589
f 3889/3713/3587 3890/3716/3590 3893/3717/3591 3892/3714/3588
f 3891/3715/3589 3892/3714/3588 3895/3718/3592 3894/3719/3593
f 3892/3714/3588 3893/3717/3591 3896/3720/3594 3895/3718/3592
f 243/3710/3584 1625/3708/3582 3888/3712/3586 1635/3721/3595
f 1625/3708/3582 1624/3707/3581 3889/3713/3587 3888/3712/3586
f 1624/3707/3581 1623/3706/3580 3890/3716/3590 3889/3713/3587
f 1623/3706/3580 242/3705/3579 1629/3722/3596 3890/3716/3590
f 3890/3716/3590 1629/3722/3596 1630/3723/3597 3893/3717/3591
f 3893/3717/3591 1630/3723/3597 1631/3724/3598 3896/3720/3594
f 3896/3720/3594 1631/3724/3598 244/3725/3599 1632/3726/3600
f 3895/3718/3592 3896/3720/3594 1632/3726/3600 1633/3727/3601
f 3894/3719/3593 3895/3718/3592 1633/3727/3601 1634/3728/3602
f 1637/3729/3603 3894/3719/3593 1634/3728/3602 245/3730/3604
f 1636/3731/3605 3891/3715/3589 3894/3719/3593 1637/3729/3603
f 1635/3721/3595 3888/3712/3586 3891/3715/3589 1636/3731/3605
f 3897/3732/3606 3898/3733/3607 3901/3734/3608 3900/3735/3609
f 3898/3733/3607 3899/3736/3610 3902/3737/3611 3901/3734/3608
f 3900/3735/3609 3901/3734/3608 3904/3738/3612 3903/3739/3613
f 3901/3734/3608 3902/3737/3611 3905/3740/3614 3904/3738/3612
f 245/3730/3604 1634/3728/3602 3897/3732/3606 1644/3741/3615
f 1634/3728/3602 1633/3727/3601 3898/3733/3607 3897/3732/3606
f 1633/3727/3601 1632/3726/3600 3899/3736/3610 3898/3733/3607
f 1632/3726/3600 244/3725/3599 1638/3742/3616 3899/3736/3610
f 3899/3736/3610 1638/3742/3616 1639/3743/3617 3902/3737/3611
f 3902/3737/3611 1639/3743/3617 1640/3744/3618 3905/3740/3614
f 3905/3740/3614 1640/3744/3618 246/3745/3619 1641/3746/3620
f 3904/3738/3612 3905/3740/3614 1641/3746/3620 1642/3747/3621
f 3903/3739/3613 3904/3738/3612 1642/3747/3621 1643/3748/3622
f 1646/3749/3623 3903/3739/3613 1643/3748/3622 247/3750/3624
f 1645/3751/3625 3900/3735/3609 3903/3739/3613 1646/3749/3623
f 1644/3741/3615 3897/3732/3606 3900/3735/3609 1645/3751/3625
f 3906/3752/3626 3907/3753/3627 3910/3754/3628 3909/3755/3629
f 3907/3753/3627 3908/3756/3630 3911/3757/3631 3910/3754/3628
f 3909/3755/3629 3910/3754/3628 3913/3758/3632 3912/3759/3633
f 3910/3754/3628 3911/3757/3631 3914/3760/3634 3913/3758/3632
f 174/3701/2390 1197/3761/2401 3906/3752/3626 1701/3702/3576
f 1197/3761/2401 1198/3762/2411 3907/3753/3627 3906/3752/3626
f 1198/3762/2411 1199/3763/2409 3908/3756/3630 3907/3753/3627
f 1199/3763/2409 176/3764/2410 1911/3765/3635 3908/3756/3630
f 3908/3756/3630 1911/3765/3635 1912/3766/3636 3911/3757/3631
f 3911/3757/3631 1912/3766/3636 1913/3767/3637 3914/3760/3634
f 3914/3760/3634 1913/3767/3637 248/3768/3638 1649/3769/3639
f 3913/3758/3632 3914/3760/3634 1649/3769/3639 1648/3770/3640
f 3912/3759/3633 3913/3758/3632 1648/3770/3640 1647/3771/3641
f 1703/3704/3578 3912/3759/3633 1647/3771/3641 242/3705/3579
f 1702/3703/3577 3909/3755/3629 3912/3759/3633 1703/3704/3578
f 1701/3702/3576 3906/3752/3626 3909/3755/3629 1702/3703/3577
f 3915/3772/3642 3916/3773/3643 3919/3774/3644 3918/3775/3645
f 3916/3773/3643 3917/3776/3646 3920/3777/3647 3919/3774/3644
f 3918/3775/3645 3919/3774/3644 3922/3778/3648 3921/3779/3649
f 3919/3774/3644 3920/3777/3647 3923/3780/3650 3922/3778/3648
f 242/3705/3579 1647/3771/3641 3915/3772/3642 1629/3722/3596
f 1647/3771/3641 1648/3770/3640 3916/3773/3643 3915/3772/3642
f 1648/3770/3640 1649/3769/3639 3917/3776/3646 3916/3773/3643
f 1649/3769/3639 248/3768/3638 1650/3781/3651 3917/3776/3646
f 3917/3776/3646 1650/3781/3651 1651/3782/3652 3920/3777/3647
f 3920/3777/3647 1651/3782/3652 1652/3783/3653 3923/3780/3650
f 3923/3780/3650 1652/3783/3653 249/3784/3654 1655/3785/3655
f 3922/3778/3648 3923/3780/3650 1655/3785/3655 1654/3786/3656
f 3921/3779/3649 3922/3778/3648 1654/3786/3656 1653/3787/3657
f 1631/3724/3598 3921/3779/3649 1653/3787/3657 244/3725/3599
f 1630/3723/3597 3918/3775/3645 3921/3779/3649 1631/3724/3598
f 1629/3722/3596 3915/3772/3642 3918/3775/3645 1630/3723/3597
f 3924/3788/3658 3925/3789/3659 3928/3790/3660 3927/3791/3661
f 3925/3789/3659 3926/3792/3662 3929/3793/3663 3928/3790/3660
f 3927/3791/3661 3928/3790/3660 3931/3794/3664 3930/3795/3665
f 3928/3790/3660 3929/3793/3663 3932/3796/3666 3931/3794/3664
f 244/3725/3599 1653/3787/3657 3924/3788/3658 1638/3742/3616
f 1653/3787/3657 1654/3786/3656 3925/3789/3659 3924/3788/3658
f 1654/3786/3656 1655/3785/3655 3926/3792/3662 3925/3789/3659
f 1655/3785/3655 249/3784/3654 1656/3797/3667 3926/3792/3662
f 3926/3792/3662 1656/3797/3667 1657/3798/3668 3929/3793/3663
f 3929/3793/3663 1657/3798/3668 1658/3799/3669 3932/3796/3666
f 3932/3796/3666 1658/3799/3669 250/3800/3670 1661/3801/3671
f 3931/3794/3664 3932/3796/3666 1661/3801/3671 1660/3802/3672
f 3930/3795/3665 3931/3794/3664 1660/3802/3672 1659/3803/3673
f 1640/3744/3618 3930/3795/3665 1659/3803/3673 246/3745/3619
f 1639/3743/3617 3927/3791/3661 3930/3795/3665 1640/3744/3618
f 1638/3742/3616 3924/3788/3658 3927/3791/3661 1639/3743/3617
f 3933/3804/3674 3934/3805/3675 3937/3806/3676 3936/3807/3677
f 3934/3805/3675 3935/3808/3678 3938/3809/3679 3937/3806/3676
f 3936/3807/3677 3937/3806/3676 3940/3810/3680 3939/3811/3681
f 3937/3806/3676 3938/3809/3679 3941/3812/3682 3940/3810/3680
f 176/3764/2410 1206/3813/2421 3933/3804/3674 1911/3765/3635
f 1206/3813/2421 1207/3814/2431 3934/3805/3675 3933/3804/3674
f 1207/3814/2431 1208/3815/2429 3935/3808/3678 3934/3805/3675
f 1208/3815/2429 178/3816/2430 1698/3817/3683 3935/3808/3678
f 3935/3808/3678 1698/3817/3683 1699/3818/3684 3938/3809/3679
f 3938/3809/3679 1699/3818/3684 1700/3819/3685 3941/3812/3682
f 3941/3812/3682 1700/3819/3685 251/3820/3686 1667/3821/3687
f 3940/3810/3680 3941/3812/3682 1667/3821/3687 1666/3822/3688
f 3939/3811/3681 3940/3810/3680 1666/3822/3688 1665/3823/3689
f 1913/3767/3637 3939/3811/3681 1665/3823/3689 248/3768/3638
f 1912/3766/3636 3936/3807/3677 3939/3811/3681 1913/3767/3637
f 1911/3765/3635 3933/3804/3674 3936/3807/3677 1912/3766/3636
f 3942/3824/3690 3943/3825/3691 3946/3826/3692 3945/3827/3693
f 3943/3825/3691 3944/3828/3694 3947/3829/3695 3946/3826/3692
f 3945/3827/3693 3946/3826/3692 3949/3830/3696 3948/3831/3697
f 3946/3826/3692 3947/3829/3695 3950/3832/3698 3949/3830/3696
f 248/3768/3638 1665/3823/3689 3942/3824/3690 1650/3781/3651
f 1665/3823/3689 1666/3822/3688 3943/3825/3691 3942/3824/3690
f 1666/3822/3688 1667/3821/3687 3944/3828/3694 3943/3825/3691
f 1667/3821/3687 251/3820/3686 1668/3833/3699 3944/3828/3694
f 3944/3828/3694 1668/3833/3699 1669/3834/3700 3947/3829/3695
f 3947/3829/3695 1669/3834/3700 1670/3835/3701 3950/3832/3698
f 3950/3832/3698 1670/3835/3701 252/3836/3702 1673/3837/3703
f 3949/3830/3696 3950/3832/3698 1673/3837/3703 1672/3838/3704
f 3948/3831/3697 3949/3830/3696 1672/3838/3704 1671/3839/3705
f 1652/3783/3653 3948/3831/3697 1671/3839/3705 249/3784/3654
f 1651/3782/3652 3945/3827/3693 3948/3831/3697 1652/3783/3653
f 1650/3781/3651 3942/3824/3690 3945/3827/3693 1651/3782/3652
f 3951/3840/3706 3952/3841/3707 3955/3842/3708 3954/3843/3709
f 3952/3841/3707 3953/3844/3710 3956/3845/3711 3955/3842/3708
f 3954/3843/3709 3955/3842/3708 3958/3846/3712 3957/3847/3713
f 3955/3842/3708 3956/3845/3711 3959/3848/3714 3958/3846/3712
f 249/3784/3654 1671/3839/3705 3951/3840/3706 1656/3797/3667
f 1671/3839/3705 1672/3838/3704 3952/3841/3707 3951/3840/3706
f 1672/3838/3704 1673/3837/3703 3953/3844/3710 3952/3841/3707
f 1673/3837/3703 252/3836/3702 1674/3849/3715 3953/3844/3710
f 3953/3844/3710 1674/3849/3715 1675/3850/3716 3956/3845/3711
f 3956/3845/3711 1675/3850/3716 1676/3851/3717 3959/3848/3714
f 3959/3848/3714 1676/3851/3717 253/3852/3718 1679/3853/3719
f 3958/3846/3712 3959/3848/3714 1679/3853/3719 1678/3854/3720
f 3957/3847/3713 3958/3846/3712 1678/3854/3720 1677/3855/3721
f 1658/3799/3669 3957/3847/3713 1677/3855/3721 250/3800/3670
f 1657/3798/3668 3954/3843/3709 3957/3847/3713 1658/3799/3669
f 1656/3797/3667 3951/3840/3706 3954/3843/3709 1657/3798/3668
f 3960/3856/3722 3961/3857/3723 3964/3858/3724 3963/3859/3725
f 3961/3857/3723 3962/3860/3726 3965/3861/3727 3964/3858/3724
f 3963/3859/3725 3964/3858/3724 3967/3862/3728 3966/3863/3729
f 3964/3858/3724 3965/3861/3727 3968/3864/3730 3967/3862/3728
f 178/3816/2430 1211/3865/2441 3960/3856/3722 1698/3817/3683
f 1211/3865/2441 1210/3866/2446 3961/3857/3723 3960/3856/3722
f 1210/3866/2446 1209/3867/2445 3962/3860/3726 3961/3857/3723
f 1209/3867/2445 76/3868/831 603/3869/3731 3962/3860/3726
f 3962/3860/3726 603/3869/3731 604/3870/3732 3965/3861/3727
f 3965/3861/3727 604/3870/3732 605/3871/3733 3968/3864/3730
f 3968/3864/3730 605/3871/3733 254/3872/3734 1685/3873/3735
f 3967/3862/3728 3968/3864/3730 1685/3873/3735 1684/3874/3736
f 3966/3863/3729 3967/3862/3728 1684/3874/3736 1683/3875/3737
f 1700/3819/3685 3966/3863/3729 1683/3875/3737 251/3820/3686
f 1699/3818/3684 3963/3859/3725 3966/3863/3729 1700/3819/3685
f 1698/3817/3683 3960/3856/3722 3963/3859/3725 1699/3818/3684
f 3969/3876/3738 3970/3877/3739 3973/3878/3740 3972/3879/3741
f 3970/3877/3739 3971/3880/3742 3974/3881/3743 3973/3878/3740
f 3972/3879/3741 3973/3878/3740 3976/3882/3744 3975/3883/3745
f 3973/3878/3740 3974/3881/3743 3977/3884/3746 3976/3882/3744
f 251/3820/3686 1683/3875/3737 3969/3876/3738 1668/3833/3699
f 1683/3875/3737 1684/3874/3736 3970/3877/3739 3969/3876/3738
f 1684/3874/3736 1685/3873/3735 3971/3880/3742 3970/3877/3739
f 1685/3873/3735 254/3872/3734 1686/3885/3747 3971/3880/3742
f 3971/3880/3742 1686/3885/3747 1687/3886/3748 3974/3881/3743
f 3974/3881/3743 1687/3886/3748 1688/3887/3749 3977/3884/3746
f 3977/3884/3746 1688/3887/3749 255/3888/3750 1691/3889/3751
f 3976/3882/3744 3977/3884/3746 1691/3889/3751 1690/3890/3752
f 3975/3883/3745 3976/3882/3744 1690/3890/3752 1689/3891/3753
f 1670/3835/3701 3975/3883/3745 1689/3891/3753 252/3836/3702
f 1669/3834/3700 3972/3879/3741 3975/3883/3745 1670/3835/3701
f 1668/3833/3699 3969/3876/3738 3972/3879/3741 1669/3834/3700
f 3978/3892/3754 3979/3893/3755 3982/3894/3756 3981/3895/3757
f 3979/3893/3755 3980/3896/3758 3983/3897/3759 3982/3894/3756
f 3981/3895/3757 3982/3894/3756 3985/3898/3760 3984/3899/3761
f 3982/3894/3756 3983/3897/3759 3986/3900/3762 3985/3898/3760
f 252/3836/3702 1689/3891/3753 3978/3892/3754 1674/3849/3715
f 1689/3891/3753 1690/3890/3752 3979/3893/3755 3978/3892/3754
f 1690/3890/3752 1691/3889/3751 3980/3896/3758 3979/3893/3755
f 1691/3889/3751 255/3888/3750 1692/3901/3763 3980/3896/3758
f 3980/3896/3758 1692/3901/3763 1693/3902/3764 3983/3897/3759
f 3983/3897/3759 1693/3902/3764 1694/3903/3765 3986/3900/3762
f 3986/3900/3762 1694/3903/3765 256/3904/3766 1697/3905/3767
f 3985/3898/3760 3986/3900/3762 1697/3905/3767 1696/3906/3768
f 3984/3899/3761 3985/3898/3760 1696/3906/3768 1695/3907/3769
f 1676/3851/3717 3984/3899/3761 1695/3907/3769 253/3852/3718
f 1675/3850/3716 3981/3895/3757 3984/3899/3761 1676/3851/3717
f 1674/3849/3715 3978/3892/3754 3981/3895/3757 1675/3850/3716
f 3987/3908/3770 3988/3909/3771 3991/3910/3772 3990/3911/3773
f 3988/3909/3771 3989/3912/3774 3992/3913/3775 3991/3910/3772
f 3990/3911/3773 3991/3910/3772 3994/3914/3776 3993/3915/3777
f 3991/3910/3772 3992/3913/3775 3995/3916/3778 3994/3914/3776
f 76/3868/831 1662/3917/829 3987/3908/3770 603/3869/3731
f 1662/3917/829 1663/3918/828 3988/3909/3771 3987/3908/3770
f 1663/3918/828 1664/3919/827 3989/3912/3774 3988/3909/3771
f 1664/3919/827 75/3920/826 1719/3921/3779 3989/3912/3774
f 3989/3912/3774 1719/3921/3779 1720/3922/3780 3992/3913/3775
f 3992/3913/3775 1720/3922/3780 1721/3923/3781 3995/3916/3778
f 3995/3916/3778 1721/3923/3781 257/3924/3782 1706/3925/3783
f 3994/3914/3776 3995/3916/3778 1706/3925/3783 1705/3926/3784
f 3993/3915/3777 3994/3914/3776 1705/3926/3784 1704/3927/3785
f 605/3871/3733 3993/3915/3777 1704/3927/3785 254/3872/3734
f 604/3870/3732 3990/3911/3773 3993/3915/3777 605/3871/3733
f 603/3869/3731 3987/3908/3770 3990/3911/3773 604/3870/3732
f 3996/3928/3786 3997/3929/3787 4000/3930/3788 3999/3931/3789
f 3997/3929/3787 3998/3932/3790 4001/3933/3791 4000/3930/3788
f 3999/3931/3789 4000/3930/3788 4003/3934/3792 4002/3935/3793
f 4000/3930/3788 4001/3933/3791 4004/3936/3794 4003/3934/3792
f 254/3872/3734 1704/3927/3785 3996/3928/3786 1686/3885/3747
f 1704/3927/3785 1705/3926/3784 3997/3929/3787 3996/3928/3786
f 1705/3926/3784 1706/3925/3783 3998/3932/3790 3997/3929/3787
f 1706/3925/3783 257/3924/3782 1707/3937/3795 3998/3932/3790
f 3998/3932/3790 1707/3937/3795 1708/3938/3796 4001/3933/3791
f 4001/3933/3791 1708/3938/3796 1709/3939/3797 4004/3936/3794
f 4004/3936/3794 1709/3939/3797 258/3940/3798 1712/3941/3799
f 4003/3934/3792 4004/3936/3794 1712/3941/3799 1711/3942/3800
f 4002/3935/3793 4003/3934/3792 1711/3942/3800 1710/3943/3801
f 1688/3887/3749 4002/3935/3793 1710/3943/3801 255/3888/3750
f 1687/3886/3748 3999/3931/3789 4002/3935/3793 1688/3887/3749
f 1686/3885/3747 3996/3928/3786 3999/3931/3789 1687/3886/3748
f 4005/3944/3802 4006/3945/3803 4009/3946/3804 4008/3947/3805
f 4006/3945/3803 4007/3948/3806 4010/3949/3807 4009/3946/3804
f 4008/3947/3805 4009/3946/3804 4012/3950/3808 4011/3951/3809
f 4009/3946/3804 4010/3949/3807 4013/3952/3810 4012/3950/3808
f 255/3888/3750 1710/3943/3801 4005/3944/3802 1692/3901/3763
f 1710/3943/3801 1711/3942/3800 4006/3945/3803 4005/3944/3802
f 1711/3942/3800 1712/3941/3799 4007/3948/3806 4006/3945/3803
f 1712/3941/3799 258/3940/3798 1713/3953/3811 4007/3948/3806
f 4007/3948/3806 1713/3953/3811 1714/3954/3812 4010/3949/3807
f 4010/3949/3807 1714/3954/3812 1715/3955/3813 4013/3952/3810
f 4013/3952/3810 1715/3955/3813 259/3956/3814 1718/3957/3815
f 4012/3950/3808 4013/3952/3810 1718/3957/3815 1717/3958/3816
f 4011/3951/3809 4012/3950/3808 1717/3958/3816 1716/3959/3817
f 1694/3903/3765 4011/3951/3809 1716/3959/3817 256/3904/3766
f 1693/3902/3764 4008/3947/3805 4011/3951/3809 1694/3903/3765
f 1692/3901/3763 4005/3944/3802 4008/3947/3805 1693/3902/3764
f 4014/3960/3818 4015/3961/3819 4018/3962/3820 4017/3963/3821
f 4015/3961/3819 4016/3964/3822 4019/3965/3823 4018/3962/3820
f 4017/3963/3821 4018/3962/3820 4021/3966/3824 4020/3967/3825
f 4018/3962/3820 4019/3965/3823 4022/3968/3826 4021/3966/3824
f 75/3920/826 627/3969/884 4014/3960/3818 1719/3921/3779
f 627/3969/884 628/3970/883 4015/3961/3819 4014/3960/3818
f 628/3970/883 629/3971/882 4016/3964/3822 4015/3961/3819
f 629/3971/882 80/3972/881 1575/3973/3827 4016/3964/3822
f 4016/3964/3822 1575/3973/3827 1576/3974/3828 4019/3965/3823
f 4019/3965/3823 1576/3974/3828 1577/3975/3829 4022/3968/3826
f 4022/3968/3826 1577/3975/3829 260/3976/3830 1724/3977/3831
f 4021/3966/3824 4022/3968/3826 1724/3977/3831 1723/3978/3832
f 4020/3967/3825 4021/3966/3824 1723/3978/3832 1722/3979/3833
f 1721/3923/3781 4020/3967/3825 1722/3979/3833 257/3924/3782
f 1720/3922/3780 4017/3963/3821 4020/3967/3825 1721/3923/3781
f 1719/3921/3779 4014/3960/3818 4017/3963/3821 1720/3922/3780
f 4023/3980/3834 4024/3981/3835 4027/3982/3836 4026/3983/3837
f 4024/3981/3835 4025/3984/3838 4028/3985/3839 4027/3982/3836
f 4026/3983/3837 4027/3982/3836 4030/3986/3840 4029/3987/3841
f 4027/3982/3836 4028/3985/3839 4031/3988/3842 4030/3986/3840
f 257/3924/3782 1722/3979/3833 4023/3980/3834 1707/3937/3795
f 1722/3979/3833 1723/3978/3832 4024/3981/3835 4023/3980/3834
f 1723/3978/3832 1724/3977/3831 4025/3984/3838 4024/3981/3835
f 1724/3977/3831 260/3976/3830 1725/3989/3843 4025/3984/3838
f 4025/3984/3838 1725/3989/3843 1726/3990/3844 4028/3985/3839
f 4028/3985/3839 1726/3990/3844 1727/3991/3845 4031/3988/3842
f 4031/3988/3842 1727/3991/3845 261/3992/3846 1730/3993/3847
f 4030/3986/3840 4031/3988/3842 1730/3993/3847 1729/3994/3848
f 4029/3987/3841 4030/3986/3840 1729/3994/3848 1728/3995/3849
f 1709/3939/3797 4029/3987/3841 1728/3995/3849 258/3940/3798
f 1708/3938/3796 4026/3983/3837 4029/3987/3841 1709/3939/3797
f 1707/3937/3795 4023/3980/3834 4026/3983/3837 1708/3938/3796
f 4032/3996/3850 4033/3997/3851 4036/3998/3852 4035/3999/3853
f 4033/3997/3851 4034/4000/3854 4037/4001/3855 4036/3998/3852
f 4035/3999/3853 4036/3998/3852 4039/4002/3856 4038/4003/3857
f 4036/3998/3852 4037/4001/3855 4040/4004/3858 4039/4002/3856
f 258/3940/3798 1728/3995/3849 4032/3996/3850 1713/3953/3811
f 1728/3995/3849 1729/3994/3848 4033/3997/3851 4032/3996/3850
f 1729/3994/3848 1730/3993/3847 4034/4000/3854 4033/3997/3851
f 1730/3993/3847 261/3992/3846 1731/4005/3859 4034/4000/3854
f 4034/4000/3854 1731/4005/3859 1732/4006/3860 4037/4001/3855
f 4037/4001/3855 1732/4006/3860 1733/4007/3861 4040/4004/3858
f 4040/4004/3858 1733/4007/3861 262/4008/3862 1736/4009/3863
f 4039/4002/3856 4040/4004/3858 1736/4009/3863 1735/4010/3864
f 4038/4003/3857 4039/4002/3856 1735/4010/3864 1734/4011/3865
f 1715/3955/3813 4038/4003/3857 1734/4011/3865 259/3956/3814
f 1714/3954/3812 4035/3999/3853 4038/4003/3857 1715/3955/3813
f 1713/3953/3811 4032/3996/3850 4035/3999/3853 1714/3954/3812
f 4041/4012/3866 4042/4013/3867 4045/4014/3868 4044/4015/3869
f 4042/4013/3867 4043/4016/3870 4046/4017/3871 4045/4014/3868
f 4044/4015/3869 4045/4014/3868 4048/4018/3872 4047/4019/3873
f 4045/4014/3868 4046/4017/3871 4049/4020/3874 4048/4018/3872
f 80/3972/881 687/4021/1066 4041/4012/3866 1575/3973/3827
f 687/4021/1066 688/4022/1065 4042/4013/3867 4041/4012/3866
f 688/4022/1065 689/4023/1064 4043/4016/3870 4042/4013/3867
f 689/4023/1064 88/4024/1024 1737/4025/3875 4043/4016/3870
f 4043/4016/3870 1737/4025/3875 1738/4026/3876 4046/4017/3871
f 4046/4017/3871 1738/4026/3876 1739/4027/3877 4049/4020/3874
f 4049/4020/3874 1739/4027/3877 263/4028/3878 1742/4029/3879
f 4048/4018/3872 4049/4020/3874 1742/4029/3879 1741/4030/3880
f 4047/4019/3873 4048/4018/3872 1741/4030/3880 1740/4031/3881
f 1577/3975/3829 4047/4019/3873 1740/4031/3881 260/3976/3830
f 1576/3974/3828 4044/4015/3869 4047/4019/3873 1577/3975/3829
f 1575/3973/3827 4041/4012/3866 4044/4015/3869 1576/3974/3828
f 4050/4032/3882 4051/4033/3883 4054/4034/3884 4053/4035/3885
f 4051/4033/3883 4052/4036/3886 4055/4037/3887 4054/4034/3884
f 4053/4035/3885 4054/4034/3884 4057/4038/3888 4056/4039/3889
f 4054/4034/3884 4055/4037/3887 4058/4040/3890 4057/4038/3888
f 260/3976/3830 1740/4031/3881 4050/4032/3882 1725/3989/3843
f 1740/4031/3881 1741/4030/3880 4051/4033/3883 4050/4032/3882
f 1741/4030/3880 1742/4029/3879 4052/4036/3886 4051/4033/3883
f 1742/4029/3879 263/4028/3878 1743/4041/3891 4052/4036/3886
f 4052/4036/3886 1743/4041/3891 1744/4042/3892 4055/4037/3887
f 4055/4037/3887 1744/4042/3892 1745/4043/3893 4058/4040/3890
f 4058/4040/3890 1745/4043/3893 264/4044/3894 1748/4045/3895
f 4057/4038/3888 4058/4040/3890 1748/4045/3895 1747/4046/3896
f 4056/4039/3889 4057/4038/3888 1747/4046/3896 1746/4047/3897
f 1727/3991/3845 4056/4039/3889 1746/4047/3897 261/3992/3846
f 1726/3990/3844 4053/4035/3885 4056/4039/3889 1727/3991/3845
f 1725/3989/3843 4050/4032/3882 4053/4035/3885 1726/3990/3844
f 4059/4048/3898 4060/4049/3899 4063/4050/3900 4062/4051/3901
f 4060/4049/3899 4061/4052/3902 4064/4053/3903 4063/4050/3900
f 4062/4051/3901 4063/4050/3900 4066/4054/3904 4065/4055/3905
f 4063/4050/3900 4064/4053/3903 4067/4056/3906 4066/4054/3904
f 261/3992/3846 1746/4047/3897 4059/4048/3898 1731/4005/3859
f 1746/4047/3897 1747/4046/3896 4060/4049/3899 4059/4048/3898
f 1747/4046/3896 1748/4045/3895 4061/4052/3902 4060/4049/3899
f 1748/4045/3895 264/4044/3894 1749/4057/3907 4061/4052/3902
f 4061/4052/3902 1749/4057/3907 1750/4058/3908 4064/4053/3903
f 4064/4053/3903 1750/4058/3908 1751/4059/3909 4067/4056/3906
f 4067/4056/3906 1751/4059/3909 265/4060/3910 1754/4061/3911
f 4066/4054/3904 4067/4056/3906 1754/4061/3911 1753/4062/3912
f 4065/4055/3905 4066/4054/3904 1753/4062/3912 1752/4063/3913
f 1733/4007/3861 4065/4055/3905 1752/4063/3913 262/4008/3862
f 1732/4006/3860 4062/4051/3901 4065/4055/3905 1733/4007/3861
f 1731/4005/3859 4059/4048/3898 4062/4051/3901 1732/4006/3860
f 4068/4064/3914 4069/4065/3915 4072/4066/3916 4071/4067/3917
f 4069/4065/3915 4070/4068/3918 4073/4069/3919 4072/4066/3916
f 4071/4067/3917 4072/4066/3916 4075/4070/3920 4074/4071/3921
f 4072/4066/3916 4073/4069/3919 4076/4072/3922 4075/4070/3920
f 88/4024/1024 1908/4073/1023 4068/4064/3914 1737/4025/3875
f 1908/4073/1023 1909/4074/1022 4069/4065/3915 4068/4064/3914
f 1909/4074/1022 1910/4075/1021 4070/4068/3918 4069/4065/3915
f 1910/4075/1021 29/4076/335 1916/4077/3575 4070/4068/3918
f 4070/4068/3918 1916/4077/3575 1915/4078/3585 4073/4069/3919
f 4073/4069/3919 1915/4078/3585 1914/4079/3583 4076/4072/3922
f 4076/4072/3922 1914/4079/3583 243/4080/3584 1755/4081/3923
f 4075/4070/3920 4076/4072/3922 1755/4081/3923 1756/4082/3924
f 4074/4071/3921 4075/4070/3920 1756/4082/3924 1757/4083/3925
f 1739/4027/3877 4074/4071/3921 1757/4083/3925 263/4028/3878
f 1738/4026/3876 4071/4067/3917 4074/4071/3921 1739/4027/3877
f 1737/4025/3875 4068/4064/3914 4071/4067/3917 1738/4026/3876
f 4077/4084/3926 4078/4085/3927 4081/4086/3928 4080/4087/3929
f 4078/4085/3927 4079/4088/3930 4082/4089/3931 4081/4086/3928
f 4080/4087/3929 4081/4086/3928 4084/4090/3932 4083/4091/3933
f 4081/4086/3928 4082/4089/3931 4085/4092/3934 4084/4090/3932
f 263/4028/3878 1757/4083/3925 4077/4084/3926 1743/4041/3891
f 1757/4083/3925 1756/4082/3924 4078/4085/3927 4077/4084/3926
f 1756/4082/3924 1755/4081/3923 4079/4088/3930 4078/4085/3927
f 1755/4081/3923 243/4080/3584 1635/4093/3595 4079/4088/3930
f 4079/4088/3930 1635/4093/3595 1636/4094/3605 4082/4089/3931
f 4082/4089/3931 1636/4094/3605 1637/4095/3603 4085/4092/3934
f 4085/4092/3934 1637/4095/3603 245/4096/3604 1758/4097/3935
f 4084/4090/3932 4085/4092/3934 1758/4097/3935 1759/4098/3936
f 4083/4091/3933 4084/4090/3932 1759/4098/3936 1760/4099/3937
f 1745/4043/3893 4083/4091/3933 1760/4099/3937 264/4044/3894
f 1744/4042/3892 4080/4087/3929 4083/4091/3933 1745/4043/3893
f 1743/4041/3891 4077/4084/3926 4080/4087/3929 1744/4042/3892
f 4086/4100/3938 4087/4101/3939 4090/4102/3940 4089/4103/3941
f 4087/4101/3939 4088/4104/3942 4091/4105/3943 4090/4102/3940
f 4089/4103/3941 4090/4102/3940 4093/4106/3944 4092/4107/3945
f 4090/4102/3940 4091/4105/3943 4094/4108/3946 4093/4106/3944
f 264/4044/3894 1760/4099/3937 4086/4100/3938 1749/4057/3907
f 1760/4099/3937 1759/4098/3936 4087/4101/3939 4086/4100/3938
f 1759/4098/3936 1758/4097/3935 4088/4104/3942 4087/4101/3939
f 1758/4097/3935 245/4096/3604 1644/4109/3615 4088/4104/3942
f 4088/4104/3942 1644/4109/3615 1645/4110/3625 4091/4105/3943
f 4091/4105/3943 1645/4110/3625 1646/4111/3623 4094/4108/3946
f 4094/4108/3946 1646/4111/3623 247/4112/3624 1761/4113/3947
f 4093/4106/3944 4094/4108/3946 1761/4113/3947 1762/4114/3948
f 4092/4107/3945 4093/4106/3944 1762/4114/3948 1763/4115/3949
f 1751/4059/3909 4092/4107/3945 1763/4115/3949 265/4060/3910
f 1750/4058/3908 4089/4103/3941 4092/4107/3945 1751/4059/3909
f 1749/4057/3907 4086/4100/3938 4089/4103/3941 1750/4058/3908
f 4095/4116/3950 4096/4117/3951 4099/4118/3952 4098/4119/3953
f 4096/4117/3951 4097/4120/3954 4100/4121/3955 4099/4118/3952
f 4098/4119/3953 4099/4118/3952 4102/4122/3956 4101/4123/3957
f 4099/4118/3952 4100/4121/3955 4103/4124/3958 4102/4122/3956
f 266/4125/3959 1764/4126/3960 4095/4116/3950 1773/4127/3961
f 1764/4126/3960 1765/4128/3962 4096/4117/3951 4095/4116/3950
f 1765/4128/3962 1766/4129/3963 4097/4120/3954 4096/4117/3951
f 1766/4129/3963 267/4130/3964 1767/4131/3965 4097/4120/3954
f 4097/4120/3954 1767/4131/3965 1768/4132/3966 4100/4121/3955
f 4100/4121/3955 1768/4132/3966 1769/4133/3967 4103/4124/3958
f 4103/4124/3958 1769/4133/3967 268/4134/3968 1770/4135/3969
f 4102/4122/3956 4103/4124/3958 1770/4135/3969 1771/4136/3970
f 4101/4123/3957 4102/4122/3956 1771/4136/3970 1772/4137/3971
f 1775/4138/3972 4101/4123/3957 1772/4137/3971 269/4139/3973
f 1774/4140/3974 4098/4119/3953 4101/4123/3957 1775/4138/3972
f 1773/4127/3961 4095/4116/3950 4098/4119/3953 1774/4140/3974
f 4104/4141/3975 4105/4142/3976 4108/4143/3977 4107/4144/3978
f 4105/4142/3976 4106/4145/3979 4109/4146/3980 4108/4143/3977
f 4107/4144/3978 4108/4143/3977 4111/4147/3981 4110/4148/3982
f 4108/4143/3977 4109/4146/3980 4112/4149/3983 4111/4147/3981
f 269/4139/3973 1772/4137/3971 4104/4141/3975 1778/4150/3984
f 1772/4137/3971 1771/4136/3970 4105/4142/3976 4104/4141/3975
f 1771/4136/3970 1770/4135/3969 4106/4145/3979 4105/4142/3976
f 1770/4135/3969 268/4134/3968 1830/4151/3985 4106/4145/3979
f 4106/4145/3979 1830/4151/3985 1831/4152/3986 4109/4146/3980
f 4109/4146/3980 1831/4152/3986 1832/4153/3987 4112/4149/3983
f 4112/4149/3983 1832/4153/3987 217/4154/3130 1463/4155/3129
f 4111/4147/3981 4112/4149/3983 1463/4155/3129 1462/4156/3128
f 4110/4148/3982 4111/4147/3981 1462/4156/3128 1461/4157/3127
f 1776/4158/3988 4110/4148/3982 1461/4157/3127 213/4159/3066
f 1777/4160/3989 4107/4144/3978 4110/4148/3982 1776/4158/3988
f 1778/4150/3984 4104/4141/3975 4107/4144/3978 1777/4160/3989
f 4113/4161/3990 4114/4162/3991 4117/4163/3992 4116/4164/3993
f 4114/4162/3991 4115/4165/3994 4118/4166/3995 4117/4163/3992
f 4116/4164/3993 4117/4163/3992 4120/4167/3996 4119/4168/3997
f 4117/4163/3992 4118/4166/3995 4121/4169/3998 4120/4167/3996
f 267/4130/3964 1779/4170/3999 4113/4161/3990 1767/4131/3965
f 1779/4170/3999 1780/4171/4000 4114/4162/3991 4113/4161/3990
f 1780/4171/4000 1781/4172/4001 4115/4165/3994 4114/4162/3991
f 1781/4172/4001 270/4173/4002 1782/4174/4003 4115/4165/3994
f 4115/4165/3994 1782/4174/4003 1783/4175/4004 4118/4166/3995
f 4118/4166/3995 1783/4175/4004 1784/4176/4005 4121/4169/3998
f 4121/4169/3998 1784/4176/4005 271/4177/4006 1787/4178/4007
f 4120/4167/3996 4121/4169/3998 1787/4178/4007 1786/4179/4008
f 4119/4168/3997 4120/4167/3996 1786/4179/4008 1785/4180/4009
f 1769/4133/3967 4119/4168/3997 1785/4180/4009 268/4134/3968
f 1768/4132/3966 4116/4164/3993 4119/4168/3997 1769/4133/3967
f 1767/4131/3965 4113/4161/3990 4116/4164/3993 1768/4132/3966
f 4122/4181/4010 4123/4182/4011 4126/4183/4012 4125/4184/4013
f 4123/4182/4011 4124/4185/4014 4127/4186/4015 4126/4183/4012
f 4125/4184/4013 4126/4183/4012 4129/4187/4016 4128/4188/4017
f 4126/4183/4012 4127/4186/4015 4130/4189/4018 4129/4187/4016
f 268/4134/3968 1785/4180/4009 4122/4181/4010 1830/4151/3985
f 1785/4180/4009 1786/4179/4008 4123/4182/4011 4122/4181/4010
f 1786/4179/4008 1787/4178/4007 4124/4185/4014 4123/4182/4011
f 1787/4178/4007 271/4177/4006 1917/4190/4019 4124/4185/4014
f 4124/4185/4014 1917/4190/4019 1918/4191/4020 4127/4186/4015
f 4127/4186/4015 1918/4191/4020 1919/4192/4021 4130/4189/4018
f 4130/4189/4018 1919/4192/4021 69/4193/777 1473/4194/3181
f 4129/4187/4016 4130/4189/4018 1473/4194/3181 1474/4195/3180
f 4128/4188/4017 4129/4187/4016 1474/4195/3180 1475/4196/3179
f 1832/4153/3987 4128/4188/4017 1475/4196/3179 217/4154/3130
f 1831/4152/3986 4125/4184/4013 4128/4188/4017 1832/4153/3987
f 1830/4151/3985 4122/4181/4010 4125/4184/4013 1831/4152/3986
f 4131/4197/4022 4132/4198/4023 4135/4199/4024 4134/4200/4025
f 4132/4198/4023 4133/4201/4026 4136/4202/4027 4135/4199/4024
f 4134/4200/4025 4135/4199/4024 4138/4203/4028 4137/4204/4029
f 4135/4199/4024 4136/4202/4027 4139/4205/4030 4138/4203/4028
f 270/4173/4002 1788/4206/4031 4131/4197/4022 1782/4174/4003
f 1788/4206/4031 1789/4207/4032 4132/4198/4023 4131/4197/4022
f 1789/4207/4032 1790/4208/4033 4133/4201/4026 4132/4198/4023
f 1790/4208/4033 272/4209/4034 1791/4210/4035 4133/4201/4026
f 4133/4201/4026 1791/4210/4035 1792/4211/4036 4136/4202/4027
f 4136/4202/4027 1792/4211/4036 1793/4212/4037 4139/4205/4030
f 4139/4205/4030 1793/4212/4037 273/4213/4038 1796/4214/4039
f 4138/4203/4028 4139/4205/4030 1796/4214/4039 1795/4215/4040
f 4137/4204/4029 4138/4203/4028 1795/4215/4040 1794/4216/4041
f 1784/4176/4005 4137/4204/4029 1794/4216/4041 271/4177/4006
f 1783/4175/4004 4134/4200/4025 4137/4204/4029 1784/4176/4005
f 1782/4174/4003 4131/4197/4022 4134/4200/4025 1783/4175/4004
f 4140/4217/4042 4141/4218/4043 4144/4219/4044 4143/4220/4045
f 4141/4218/4043 4142/4221/4046 4145/4222/4047 4144/4219/4044
f 4143/4220/4045 4144/4219/4044 4147/4223/4048 4146/4224/4049
f 4144/4219/4044 4145/4222/4047 4148/4225/4050 4147/4223/4048
f 271/4177/4006 1794/4216/4041 4140/4217/4042 1917/4190/4019
f 1794/4216/4041 1795/4215/4040 4141/4218/4043 4140/4217/4042
f 1795/4215/4040 1796/4214/4039 4142/4221/4046 4141/4218/4043
f 1796/4214/4039 273/4213/4038 1845/4226/4051 4142/4221/4046
f 4142/4221/4046 1845/4226/4051 1846/4227/4052 4145/4222/4047
f 4145/4222/4047 1846/4227/4052 1847/4228/4053 4148/4225/4050
f 4148/4225/4050 1847/4228/4053 112/4229/1474 1928/4230/1473
f 4147/4223/4048 4148/4225/4050 1928/4230/1473 1927/4231/1472
f 4146/4224/4049 4147/4223/4048 1927/4231/1472 1926/4232/1471
f 1919/4192/4021 4146/4224/4049 1926/4232/1471 69/4193/777
f 1918/4191/4020 4143/4220/4045 4146/4224/4049 1919/4192/4021
f 1917/4190/4019 4140/4217/4042 4143/4220/4045 1918/4191/4020
f 4149/4233/4054 4150/4234/4055 4153/4235/4056 4152/4236/4057
f 4150/4234/4055 4151/4237/4058 4154/4238/4059 4153/4235/4056
f 4152/4236/4057 4153/4235/4056 4156/4239/4060 4155/4240/4061
f 4153/4235/4056 4154/4238/4059 4157/4241/4062 4156/4239/4060
f 272/4209/4034 1797/4242/4063 4149/4233/4054 1791/4210/4035
f 1797/4242/4063 1798/4243/4064 4150/4234/4055 4149/4233/4054
f 1798/4243/4064 1799/4244/4065 4151/4237/4058 4150/4234/4055
f 1799/4244/4065 274/4245/4066 1800/4246/4067 4151/4237/4058
f 4151/4237/4058 1800/4246/4067 1801/4247/4068 4154/4238/4059
f 4154/4238/4059 1801/4247/4068 1802/4248/4069 4157/4241/4062
f 4157/4241/4062 1802/4248/4069 275/4249/4070 1805/4250/4071
f 4156/4239/4060 4157/4241/4062 1805/4250/4071 1804/4251/4072
f 4155/4240/4061 4156/4239/4060 1804/4251/4072 1803/4252/4073
f 1793/4212/4037 4155/4240/4061 1803/4252/4073 273/4213/4038
f 1792/4211/4036 4152/4236/4057 4155/4240/4061 1793/4212/4037
f 1791/4210/4035 4149/4233/4054 4152/4236/4057 1792/4211/4036
f 4158/4253/4074 4159/4254/4075 4162/4255/4076 4161/4256/4077
f 4159/4254/4075 4160/4257/4078 4163/4258/4079 4162/4255/4076
f 4161/4256/4077 4162/4255/4076 4165/4259/4080 4164/4260/4081
f 4162/4255/4076 4163/4258/4079 4166/4261/4082 4165/4259/4080
f 273/4213/4038 1803/4252/4073 4158/4253/4074 1845/4226/4051
f 1803/4252/4073 1804/4251/4072 4159/4254/4075 4158/4253/4074
f 1804/4251/4072 1805/4250/4071 4160/4257/4078 4159/4254/4075
f 1805/4250/4071 275/4249/4070 1808/4262/4083 4160/4257/4078
f 4160/4257/4078 1808/4262/4083 1807/4263/4084 4163/4258/4079
f 4163/4258/4079 1807/4263/4084 1806/4264/4085 4166/4261/4082
f 4166/4261/4082 1806/4264/4085 115/4265/1510 854/4266/1509
f 4165/4259/4080 4166/4261/4082 854/4266/1509 853/4267/1508
f 4164/4260/4081 4165/4259/4080 853/4267/1508 852/4268/1507
f 1847/4228/4053 4164/4260/4081 852/4268/1507 112/4229/1474
f 1846/4227/4052 4161/4256/4077 4164/4260/4081 1847/4228/4053
f 1845/4226/4051 4158/4253/4074 4161/4256/4077 1846/4227/4052
f 4167/4269/4086 4168/4270/4087 4171/4271/4088 4170/4272/4089
f 4168/4270/4087 4169/4273/4090 4172/4274/4091 4171/4271/4088
f 4170/4272/4089 4171/4271/4088 4174/4275/4092 4173/4276/4093
f 4171/4271/4088 4172/4274/4091 4175/4277/4094 4174/4275/4092
f 274/4245/4066 1809/4278/4095 4167/4269/4086 1800/4246/4067
f 1809/4278/4095 1810/4279/4096 4168/4270/4087 4167/4269/4086
f 1810/4279/4096 1811/4280/4097 4169/4273/4090 4168/4270/4087
f 1811/4280/4097 276/4281/4098 1812/4282/4099 4169/4273/4090
f 4169/4273/4090 1812/4282/4099 1813/4283/4100 4172/4274/4091
f 4172/4274/4091 1813/4283/4100 1814/4284/4101 4175/4277/4094
f 4175/4277/4094 1814/4284/4101 277/4285/4102 1817/4286/4103
f 4174/4275/4092 4175/4277/4094 1817/4286/4103 1816/4287/4104
f 4173/4276/4093 4174/4275/4092 1816/4287/4104 1815/4288/4105
f 1802/4248/4069 4173/4276/4093 1815/4288/4105 275/4249/4070
f 1801/4247/4068 4170/4272/4089 4173/4276/4093 1802/4248/4069
f 1800/4246/4067 4167/4269/4086 4170/4272/4089 1801/4247/4068
f 4176/4289/4106 4177/4290/4107 4180/4291/4108 4179/4292/4109
f 4177/4290/4107 4178/4293/4110 4181/4294/4111 4180/4291/4108
f 4179/4292/4109 4180/4291/4108 4183/4295/4112 4182/4296/4113
f 4180/4291/4108 4181/4294/4111 4184/4297/4114 4183/4295/4112
f 275/4249/4070 1815/4288/4105 4176/4289/4106 1808/4262/4083
f 1815/4288/4105 1816/4287/4104 4177/4290/4107 4176/4289/4106
f 1816/4287/4104 1817/4286/4103 4178/4293/4110 4177/4290/4107
f 1817/4286/4103 277/4285/4102 1820/4298/4115 4178/4293/4110
f 4178/4293/4110 1820/4298/4115 1819/4299/4116 4181/4294/4111
f 4181/4294/4111 1819/4299/4116 1818/4300/4117 4184/4297/4114
f 4184/4297/4114 1818/4300/4117 118/4301/1546 869/4302/1545
f 4183/4295/4112 4184/4297/4114 869/4302/1545 868/4303/1544
f 4182/4296/4113 4183/4295/4112 868/4303/1544 867/4304/1543
f 1806/4264/4085 4182/4296/4113 867/4304/1543 115/4265/1510
f 1807/4263/4084 4179/4292/4109 4182/4296/4113 1806/4264/4085
f 1808/4262/4083 4176/4289/4106 4179/4292/4109 1807/4263/4084
f 4185/4305/4118 4186/4306/4119 4189/4307/4120 4188/4308/4121
f 4186/4306/4119 4187/4309/4122 4190/4310/4123 4189/4307/4120
f 4188/4308/4121 4189/4307/4120 4192/4311/4124 4191/4312/4125
f 4189/4307/4120 4190/4310/4123 4193/4313/4126 4192/4311/4124
f 276/4281/4098 1821/4314/4127 4185/4305/4118 1812/4282/4099
f 1821/4314/4127 1822/4315/4128 4186/4306/4119 4185/4305/4118
f 1822/4315/4128 1823/4316/4129 4187/4309/4122 4186/4306/4119
f 1823/4316/4129 278/4317/4130 1824/4318/4131 4187/4309/4122
f 4187/4309/4122 1824/4318/4131 1825/4319/4132 4190/4310/4123
f 4190/4310/4123 1825/4319/4132 1826/4320/4133 4193/4313/4126
f 4193/4313/4126 1826/4320/4133 279/4321/4134 1829/4322/4135
f 4192/4311/4124 4193/4313/4126 1829/4322/4135 1828/4323/4136
f 4191/4312/4125 4192/4311/4124 1828/4323/4136 1827/4324/4137
f 1814/4284/4101 4191/4312/4125 1827/4324/4137 277/4285/4102
f 1813/4283/4100 4188/4308/4121 4191/4312/4125 1814/4284/4101
f 1812/4282/4099 4185/4305/4118 4188/4308/4121 1813/4283/4100
f 4194/4325/4138 4195/4326/4139 4198/4327/4140 4197/4328/4141
f 4195/4326/4139 4196/4329/4142 4199/4330/4143 4198/4327/4140
f 4197/4328/4141 4198/4327/4140 4201/4331/4144 4200/4332/4145
f 4198/4327/4140 4199/4330/4143 4202/4333/4146 4201/4331/4144
f 277/4285/4102 1827/4324/4137 4194/4325/4138 1820/4298/4115
f 1827/4324/4137 1828/4323/4136 4195/4326/4139 4194/4325/4138
f 1828/4323/4136 1829/4322/4135 4196/4329/4142 4195/4326/4139
f 1829/4322/4135 279/4321/4134 579/4334/4147 4196/4329/4142
f 4196/4329/4142 579/4334/4147 580/4335/4148 4199/4330/4143
f 4199/4330/4143 580/4335/4148 581/4336/4149 4202/4333/4146
f 4202/4333/4146 581/4336/4149 68/4337/764 1682/4338/1576
f 4201/4331/4144 4202/4333/4146 1682/4338/1576 1681/4339/1575
f 4200/4332/4145 4201/4331/4144 1681/4339/1575 1680/4340/1574
f 1818/4300/4117 4200/4332/4145 1680/4340/1574 118/4301/1546
f 1819/4299/4116 4197/4328/4141 4200/4332/4145 1818/4300/4117
f 1820/4298/4115 4194/4325/4138 4197/4328/4141 1819/4299/4116
f 4203/4341/4150 4204/4342/4151 4207/4343/4152 4206/4344/4153
f 4204/4342/4151 4205/4345/4154 4208/4346/4155 4207/4343/4152
f 4206/4344/4153 4207/4343/4152 4210/4347/4156 4209/4348/4157
f 4207/4343/4152 4208/4346/4155 4211/4349/4158 4210/4347/4156
f 278/4317/4130 1833/4350/4159 4203/4341/4150 1824/4318/4131
f 1833/4350/4159 1834/4351/4160 4204/4342/4151 4203/4341/4150
f 1834/4351/4160 1835/4352/4161 4205/4345/4154 4204/4342/4151
f 1835/4352/4161 280/4353/4162 1836/4354/4163 4205/4345/4154
f 4205/4345/4154 1836/4354/4163 1837/4355/4164 4208/4346/4155
f 4208/4346/4155 1837/4355/4164 1838/4356/4165 4211/4349/4158
f 4211/4349/4158 1838/4356/4165 281/4357/4166 1841/4358/4167
f 4210/4347/4156 4211/4349/4158 1841/4358/4167 1840/4359/4168
f 4209/4348/4157 4210/4347/4156 1840/4359/4168 1839/4360/4169
f 1826/4320/4133 4209/4348/4157 1839/4360/4169 279/4321/4134
f 1825/4319/4132 4206/4344/4153 4209/4348/4157 1826/4320/4133
f 1824/4318/4131 4203/4341/4150 4206/4344/4153 1825/4319/4132
f 4212/4361/4170 4213/4362/4171 4216/4363/4172 4215/4364/4173
f 4213/4362/4171 4214/4365/4174 4217/4366/4175 4216/4363/4172
f 4215/4364/4173 4216/4363/4172 4219/4367/4176 4218/4368/4177
f 4216/4363/4172 4217/4366/4175 4220/4369/4178 4219/4367/4176
f 279/4321/4134 1839/4360/4169 4212/4361/4170 579/4334/4147
f 1839/4360/4169 1840/4359/4168 4213/4362/4171 4212/4361/4170
f 1840/4359/4168 1841/4358/4167 4214/4365/4174 4213/4362/4171
f 1841/4358/4167 281/4357/4166 1844/4370/4179 4214/4365/4174
f 4214/4365/4174 1844/4370/4179 1843/4371/4180 4217/4366/4175
f 4217/4366/4175 1843/4371/4180 1842/4372/4181 4220/4369/4178
f 4220/4369/4178 1842/4372/4181 209/4373/3002 1415/4374/3001
f 4219/4367/4176 4220/4369/4178 1415/4374/3001 1414/4375/3000
f 4218/4368/4177 4219/4367/4176 1414/4375/3000 1413/4376/2999
f 581/4336/4149 4218/4368/4177 1413/4376/2999 68/4337/764
f 580/4335/4148 4215/4364/4173 4218/4368/4177 581/4336/4149
f 579/4334/4147 4212/4361/4170 4215/4364/4173 580/4335/4148
f 4221/4377/4182 4222/4378/4183 4225/4379/4184 4224/4380/4185
f 4222/4378/4183 4223/4381/4186 4226/4382/4187 4225/4379/4184
f 4224/4380/4185 4225/4379/4184 4228/4383/4188 4227/4384/4189
f 4225/4379/4184 4226/4382/4187 4229/4385/4190 4228/4383/4188
f 280/4353/4162 1850/4386/4191 4221/4377/4182 1836/4354/4163
f 1850/4386/4191 1849/4387/4192 4222/4378/4183 4221/4377/4182
f 1849/4387/4192 1848/4388/4193 4223/4381/4186 4222/4378/4183
f 1848/4388/4193 266/4389/3959 1773/4390/3961 4223/4381/4186
f 4223/4381/4186 1773/4390/3961 1774/4391/3974 4226/4382/4187
f 4226/4382/4187 1774/4391/3974 1775/4392/3972 4229/4385/4190
f 4229/4385/4190 1775/4392/3972 269/4393/3973 1851/4394/4194
f 4228/4383/4188 4229/4385/4190 1851/4394/4194 1852/4395/4195
f 4227/4384/4189 4228/4383/4188 1852/4395/4195 1853/4396/4196
f 1838/4356/4165 4227/4384/4189 1853/4396/4196 281/4357/4166
f 1837/4355/4164 4224/4380/4185 4227/4384/4189 1838/4356/4165
f 1836/4354/4163 4221/4377/4182 4224/4380/4185 1837/4355/4164
f 4230/4397/4197 4231/4398/4198 4234/4399/4199 4233/4400/4200
f 4231/4398/4198 4232/4401/4201 4235/4402/4202 4234/4399/4199
f 4233/4400/4200 4234/4399/4199 4237/4403/4203 4236/4404/4204
f 4234/4399/4199 4235/4402/4202 4238/4405/4205 4237/4403/4203
f 281/4357/4166 1853/4396/4196 4230/4397/4197 1844/4370/4179
f 1853/4396/4196 1852/4395/4195 4231/4398/4198 4230/4397/4197
f 1852/4395/4195 1851/4394/4194 4232/4401/4201 4231/4398/4198
f 1851/4394/4194 269/4393/3973 1778/4406/3984 4232/4401/4201
f 4232/4401/4201 1778/4406/3984 1777/4407/3989 4235/4402/4202
f 4235/4402/4202 1777/4407/3989 1776/4408/3988 4238/4405/4205
f 4238/4405/4205 1776/4408/3988 213/4409/3066 1439/4410/3065
f 4237/4403/4203 4238/4405/4205 1439/4410/3065 1438/4411/3064
f 4236/4404/4204 4237/4403/4203 1438/4411/3064 1437/4412/3063
f 1842/4372/4181 4236/4404/4204 1437/4412/3063 209/4373/3002
f 1843/4371/4180 4233/4400/4200 4236/4404/4204 1842/4372/4181
f 1844/4370/4179 4230/4397/4197 4233/4400/4200 1843/4371/4180
f 4239/4413/4206 4240/4414/4207 4243/4415/4208 4242/4416/4209
f 4240/4414/4207 4241/4417/4210 4244/4418/4211 4243/4415/4208
f 4242/4416/4209 4243/4415/4208 4246/4419/4212 4245/4420/4213
f 4243/4415/4208 4244/4418/4211 4247/4421/4214 4246/4419/4212
f 25/286/286 690/1076/1076 4239/4413/4206 630/894/894
f 690/1076/1076 691/1086/1086 4240/4414/4207 4239/4413/4206
f 691/1086/1086 692/1084/1084 4241/4417/4210 4240/4414/4207
f 692/1084/1084 89/1085/1085 1857/4422/4215 4241/4417/4210
f 4241/4417/4210 1857/4422/4215 1858/4423/4216 4244/4418/4211
f 4244/4418/4211 1858/4423/4216 1859/4424/4217 4247/4421/4214
f 4247/4421/4214 1859/4424/4217 282/4425/4218 1856/4426/4219
f 4246/4419/4212 4247/4421/4214 1856/4426/4219 1855/4427/4220
f 4245/4420/4213 4246/4419/4212 1855/4427/4220 1854/4428/4221
f 632/896/896 4245/4420/4213 1854/4428/4221 81/897/897
f 631/895/895 4242/4416/4209 4245/4420/4213 632/896/896
f 630/894/894 4239/4413/4206 4242/4416/4209 631/895/895
f 4248/4429/4222 4249/4430/4223 4252/4431/4224 4251/4432/4225
f 4249/4430/4223 4250/4433/4226 4253/4434/4227 4252/4431/4224
f 4251/4432/4225 4252/4431/4224 4255/4435/4228 4254/4436/4229
f 4252/4431/4224 4253/4434/4227 4256/4437/4230 4255/4435/4228
f 89/1085/1085 729/1176/1176 4248/4429/4222 1857/4422/4215
f 729/1176/1176 730/1186/1186 4249/4430/4223 4248/4429/4222
f 730/1186/1186 731/1184/1184 4250/4433/4226 4249/4430/4223
f 731/1184/1184 96/1185/1185 1863/4438/4231 4250/4433/4226
f 4250/4433/4226 1863/4438/4231 1864/4439/4232 4253/4434/4227
f 4253/4434/4227 1864/4439/4232 1865/4440/4233 4256/4437/4230
f 4256/4437/4230 1865/4440/4233 283/4441/4234 1862/4442/4235
f 4255/4435/4228 4256/4437/4230 1862/4442/4235 1861/4443/4236
f 4254/4436/4229 4255/4435/4228 1861/4443/4236 1860/4444/4237
f 1859/4424/4217 4254/4436/4229 1860/4444/4237 282/4425/4218
f 1858/4423/4216 4251/4432/4225 4254/4436/4229 1859/4424/4217
f 1857/4422/4215 4248/4429/4222 4251/4432/4225 1858/4423/4216
f 4257/4445/4238 4258/4446/4239 4261/4447/4240 4260/4448/4241
f 4258/4446/4239 4259/4449/4242 4262/4450/4243 4261/4447/4240
f 4260/4448/4241 4261/4447/4240 4264/4451/4244 4263/4452/4245
f 4261/4447/4240 4262/4450/4243 4265/4453/4246 4264/4451/4244
f 96/1185/1185 768/1276/1276 4257/4445/4238 1863/4438/4231
f 768/1276/1276 769/1286/1286 4258/4446/4239 4257/4445/4238
f 769/1286/1286 770/1284/1284 4259/4449/4242 4258/4446/4239
f 770/1284/1284 103/1285/1285 1869/4454/4247 4259/4449/4242
f 4259/4449/4242 1869/4454/4247 1870/4455/4248 4262/4450/4243
f 4262/4450/4243 1870/4455/4248 1871/4456/4249 4265/4453/4246
f 4265/4453/4246 1871/4456/4249 284/4457/4250 1868/4458/4251
f 4264/4451/4244 4265/4453/4246 1868/4458/4251 1867/4459/4252
f 4263/4452/4245 4264/4451/4244 1867/4459/4252 1866/4460/4253
f 1865/4440/4233 4263/4452/4245 1866/4460/4253 283/4441/4234
f 1864/4439/4232 4260/4448/4241 4263/4452/4245 1865/4440/4233
f 1863/4438/4231 4257/4445/4238 4260/4448/4241 1864/4439/4232
f 4266/4461/4254 4267/4462/4255 4270/4463/4256 4269/4464/4257
f 4267/4462/4255 4268/4465/4258 4271/4466/4259 4270/4463/4256
f 4269/4464/4257 4270/4463/4256 4273/4467/4260 4272/4468/4261
f 4270/4463/4256 4271/4466/4259 4274/4469/4262 4273/4467/4260
f 103/1285/1285 809/1376/1376 4266/4461/4254 1869/4454/4247
f 809/1376/1376 808/1381/1381 4267/4462/4255 4266/4461/4254
f 808/1381/1381 807/1380/1380 4268/4465/4258 4267/4462/4255
f 807/1380/1380 50/563/563 660/985/985 4268/4465/4258
f 4268/4465/4258 660/985/985 661/995/995 4271/4466/4259
f 4271/4466/4259 661/995/995 662/993/993 4274/4469/4262
f 4274/4469/4262 662/993/993 85/994/994 1872/4470/4263
f 4273/4467/4260 4274/4469/4262 1872/4470/4263 1873/4471/4264
f 4272/4468/4261 4273/4467/4260 1873/4471/4264 1874/4472/4265
f 1871/4456/4249 4272/4468/4261 1874/4472/4265 284/4457/4250
f 1870/4455/4248 4269/4464/4257 4272/4468/4261 1871/4456/4249
f 1869/4454/4247 4266/4461/4254 4269/4464/4257 1870/4455/4248
f 4275/4473/4266 4276/4474/4267 4279/4475/4268 4278/4476/4269
f 4276/4474/4267 4277/4477/4270 4280/4478/4271 4279/4475/4268
f 4278/4476/4269 4279/4475/4268 4282/4479/4272 4281/4480/4273
f 4279/4475/4268 4280/4478/4271 4283/4481/4274 4282/4479/4272
f 81/897/897 1854/4428/4221 4275/4473/4266 650/946/946
f 1854/4428/4221 1855/4427/4220 4276/4474/4267 4275/4473/4266
f 1855/4427/4220 1856/4426/4219 4277/4477/4270 4276/4474/4267
f 1856/4426/4219 282/4425/4218 1877/4482/4275 4277/4477/4270
f 4277/4477/4270 1877/4482/4275 1876/4483/4276 4280/4478/4271
f 4280/4478/4271 1876/4483/4276 1875/4484/4277 4283/4481/4274
f 4283/4481/4274 1875/4484/4277 116/1532/1532 872/1559/1559
f 4282/4479/4272 4283/4481/4274 872/1559/1559 871/1564/1564
f 4281/4480/4273 4282/4479/4272 871/1564/1564 870/1563/1563
f 648/948/948 4281/4480/4273 870/1563/1563 66/744/744
f 649/947/947 4278/4476/4269 4281/4480/4273 648/948/948
f 650/946/946 4275/4473/4266 4278/4476/4269 649/947/947
f 4284/4485/4278 4285/4486/4279 4288/4487/4280 4287/4488/4281
f 4285/4486/4279 4286/4489/4282 4289/4490/4283 4288/4487/4280
f 4287/4488/4281 4288/4487/4280 4291/4491/4284 4290/4492/4285
f 4288/4487/4280 4289/4490/4283 4292/4493/4286 4291/4491/4284
f 282/4425/4218 1860/4444/4237 4284/4485/4278 1877/4482/4275
f 1860/4444/4237 1861/4443/4236 4285/4486/4279 4284/4485/4278
f 1861/4443/4236 1862/4442/4235 4286/4489/4282 4285/4486/4279
f 1862/4442/4235 283/4441/4234 1880/4494/4287 4286/4489/4282
f 4286/4489/4282 1880/4494/4287 1879/4495/4288 4289/4490/4283
f 4289/4490/4283 1879/4495/4288 1878/4496/4289 4292/4493/4286
f 4292/4493/4286 1878/4496/4289 113/1496/1496 855/1523/1523
f 4291/4491/4284 4292/4493/4286 855/1523/1523 856/1533/1533
f 4290/4492/4285 4291/4491/4284 856/1533/1533 857/1531/1531
f 1875/4484/4277 4290/4492/4285 857/1531/1531 116/1532/1532
f 1876/4483/4276 4287/4488/4281 4290/4492/4285 1875/4484/4277
f 1877/4482/4275 4284/4485/4278 4287/4488/4281 1876/4483/4276
f 4293/4497/4290 4294/4498/4291 4297/4499/4292 4296/4500/4293
f 4294/4498/4291 4295/4501/4294 4298/4502/4295 4297/4499/4292
f 4296/4500/4293 4297/4499/4292 4300/4503/4296 4299/4504/4297
f 4297/4499/4292 4298/4502/4295 4301/4505/4298 4300/4503/4296
f 283/4441/4234 1866/4460/4253 4293/4497/4290 1880/4494/4287
f 1866/4460/4253 1867/4459/4252 4294/4498/4291 4293/4497/4290
f 1867/4459/4252 1868/4458/4251 4295/4501/4294 4294/4498/4291
f 1868/4458/4251 284/4457/4250 1883/4506/4299 4295/4501/4294
f 4295/4501/4294 1883/4506/4299 1882/4507/4300 4298/4502/4295
f 4298/4502/4295 1882/4507/4300 1881/4508/4301 4301/4505/4298
f 4301/4505/4298 1881/4508/4301 110/1460/1460 840/1487/1487
f 4300/4503/4296 4301/4505/4298 840/1487/1487 841/1497/1497
f 4299/4504/4297 4300/4503/4296 841/1497/1497 842/1495/1495
f 1878/4496/4289 4299/4504/4297 842/1495/1495 113/1496/1496
f 1879/4495/4288 4296/4500/4293 4299/4504/4297 1878/4496/4289
f 1880/4494/4287 4293/4497/4290 4296/4500/4293 1879/4495/4288
f 4302/4509/4302 4303/4510/4303 4306/4511/4304 4305/4512/4305
f 4303/4510/4303 4304/4513/4306 4307/4514/4307 4306/4511/4304
f 4305/4512/4305 4306/4511/4304 4309/4515/4308 4308/4516/4309
f 4306/4511/4304 4307/4514/4307 4310/4517/4310 4309/4515/4308
f 284/4457/4250 1874/4472/4265 4302/4509/4302 1883/4506/4299
f 1874/4472/4265 1873/4471/4264 4303/4510/4303 4302/4509/4302
f 1873/4471/4264 1872/4470/4263 4304/4513/4306 4303/4510/4303
f 1872/4470/4263 85/994/994 680/1037/1037 4304/4513/4306
f 4304/4513/4306 680/1037/1037 679/1042/1042 4307/4514/4307
f 4307/4514/4307 679/1042/1042 678/1041/1041 4310/4517/4310
f 4310/4517/4310 678/1041/1041 77/845/845 828/1451/1451
f 4309/4515/4308 4310/4517/4310 828/1451/1451 829/1461/1461
f 4308/4516/4309 4309/4515/4308 829/1461/1461 830/1459/1459
f 1881/4508/4301 4308/4516/4309 830/1459/1459 110/1460/1460
f 1882/4507/4300 4305/4512/4305 4308/4516/4309 1881/4508/4301
f 1883/4506/4299 4302/4509/4302 4305/4512/4305 1882/4507/4300
