frame,x0,y0,z0,vx0,vy0,vz0,sdf0,nx0,ny0,nz0,md0,u0,v0,x1,y1,z1,vx1,vy1,vz1,sdf1,nx1,ny1,nz1,md1,u1,v1,x2,y2,z2,vx2,vy2,vz2,sdf2,nx2,ny2,nz2,md2,u2,v2,x3,y3,z3,vx3,vy3,vz3,sdf3,nx3,ny3,nz3,md3,u3,v3,x4,y4,z4,vx4,vy4,vz4,sdf4,nx4,ny4,nz4,md4,u4,v4,x5,y5,z5,vx5,vy5,vz5,sdf5,nx5,ny5,nz5,md5,u5,v5,x6,y6,z6,vx6,vy6,vz6,sdf6,nx6,ny6,nz6,md6,u6,v6,x7,y7,z7,vx7,vy7,vz7,sdf7,nx7,ny7,nz7,md7,u7,v7,x8,y8,z8,vx8,vy8,vz8,sdf8,nx8,ny8,nz8,md8,u8,v8,x9,y9,z9,vx9,vy9,vz9,sdf9,nx9,ny9,nz9,md9,u9,v9,x10,y10,z10,vx10,vy10,vz10,sdf10,nx10,ny10,nz10,md10,u10,v10,x11,y11,z11,vx11,vy11,vz11,sdf11,nx11,ny11,nz11,md11,u11,v11,x12,y12,z12,vx12,vy12,vz12,sdf12,nx12,ny12,nz12,md12,u12,v12,x13,y13,z13,vx13,vy13,vz13,sdf13,nx13,ny13,nz13,md13,u13,v13,x14,y14,z14,vx14,vy14,vz14,sdf14,nx14,ny14,nz14,md14,u14,v14,x15,y15,z15,vx15,vy15,vz15,sdf15,nx15,ny15,nz15,md15,u15,v15,x16,y16,z16,vx16,vy16,vz16,sdf16,nx16,ny16,nz16,md16,u16,v16,x17,y17,z17,vx17,vy17,vz17,sdf17,nx17,ny17,nz17,md17,u17,v17,x18,y18,z18,vx18,vy18,vz18,sdf18,nx18,ny18,nz18,md18,u18,v18,x19,y19,z19,vx19,vy19,vz19,sdf19,nx19,ny19,nz19,md19,u19,v19,x20,y20,z20,vx20,vy20,vz20,sdf20,nx20,ny20,nz20,md20,u20,v20,x21,y21,z21,vx21,vy21,vz21,sdf21,nx21,ny21,nz21,md21,u21,v21,x22,y22,z22,vx22,vy22,vz22,sdf22,nx22,ny22,nz22,md22,u22,v22,x23,y23,z23,vx23,vy23,vz23,sdf23,nx23,ny23,nz23,md23,u23,v23,x24,y24,z24,vx24,vy24,vz24,sdf24,nx24,ny24,nz24,md24,u24,v24
0,0.1400038,-48.67612,24.86642,-19.50266,2408.146,-1243.092,54.97104,-0.01342836,-0.8937936,0.4482775,1,0.75,0,0.1400076,-23.66602,49.86103,-32.00016,1170.584,-2493.466,55.09083,-0.01339935,-0.4419714,0.896929,1,1,0.25,0.1400076,-48.65751,49.86312,-32.00121,2408.41,-2493.135,69.80778,-0.01059458,-0.7049156,0.7092121,1,1,0,0.1400038,-23.66719,24.85954,-19.49923,1171.106,-1243.221,34.46101,-0.02130616,-0.7028037,0.7110648,1,0.75,0.25,0.14,-48.66656,-0.1433894,-6.997566,2408.34,6.715672,49.0759,-0.01502522,-0.9998829,-0.00289232,1,0.5,0,0.1400076,1.339184,49.86305,-32.00117,-66.76208,-2493.376,49.37051,-0.0149363,0.008735575,0.9998503,1,1,0.5,0.14,-23.66156,-0.1326813,-7.002921,1170.78,6.903524,24.07675,-0.03030868,-0.999526,-0.005398651,1,0.5,0.25,0.1399962,-48.67017,-25.1409,5.501382,2408.467,1256.91,55.08931,-0.01339992,-0.8917848,-0.4522614,1,0.25,0,0.1400038,1.332186,24.86388,-19.5014,-66.61987,-1243.18,24.37873,-0.02994063,0.01722953,0.9994032,1,0.75,0.5,0.1400076,26.32831,49.86309,-32.00119,-1303.731,-2492.672,55.47591,-0.01330717,0.4542092,0.8907956,1,1,0.75,0.1399962,-23.66725,-25.1339,5.497885,1171.058,1256.933,34.65667,-0.0211878,-0.698894,-0.7149115,1,0.25,0.25,0.1399924,-48.6556,-50.14194,18.0021,2408.703,2506.523,70.00445,-0.01056524,-0.7029221,-0.7111884,1,0,0,0.1399924,-23.6645,-50.13448,17.99837,1170.822,2507.165,55.33556,-0.0133409,-0.440007,-0.8978952,1,0,0.25,0.1400038,26.32861,24.85791,-19.49841,-1303.857,-1242.925,35.0655,-0.02094403,0.7148802,0.6989332,1,0.75,0.75,0.1400076,51.33,49.8615,-32.0004,-2541.501,-2493.076,70.41934,-0.01050321,0.7110397,0.7030734,0,1,1,0.1400038,51.33,24.86149,-19.5002,-2541.501,-1243.075,55.72701,-0.01324781,0.896837,0.4421628,0,0.75,1,0.14,1.326516,-0.1410852,-6.998718,-66.27987,6.664043,0.3681449,-0.8580235,0.4872217,-0.1625134,1,0.5,0.5,0.1399962,1.335875,-25.13627,5.49907,-66.62,1256.971,24.65103,-0.02961679,0.01718968,-0.9994135,1,0.25,0.5,0.1399924,1.340323,-50.13825,18.00025,-66.58796,2506.772,49.64568,-0.01485465,0.008710347,-0.9998518,1,0,0.5,0.14,26.33225,-0.1347245,-7.001899,-1304.077,6.63241,24.93998,-0.02928024,0.9995572,-0.005295778,1,0.5,0.75,0.14,51.33,-0.1385164,-7.000003,-2541.501,6.925822,49.93216,-0.01477011,0.9998872,-0.002746589,0,0.5,1,0.1399962,26.32501,-25.13943,5.500646,-1304.28,1256.922,35.26027,-0.02083017,0.7108859,-0.7029987,1,0.25,0.75,0.1399924,26.32757,-50.13853,18.00039,-1303.823,2506.872,55.72107,-0.01324941,0.4522155,-0.8918104,1,0,0.75,0.1399962,51.33,-25.13853,5.500196,-2541.501,1256.927,55.85006,-0.01321902,0.8948787,-0.4461136,0,0.25,1,0.1399924,51.33,-50.13853,18.00039,-2541.501,2506.928,70.61439,-0.01047462,0.7090895,-0.7050406,0,0,1
1,0.1400038,-48.6643,24.86249,-19.5007,2408.157,-1242.781,54.77675,-0.009025797,-0.8930928,0.449782,1,0.75,0,0.1400076,-23.67256,49.85857,-31.99893,1171.027,-2493.161,55.00038,-0.00898936,-0.4391957,0.8983464,1,1,0.25,0.1400076,-48.65841,49.85742,-31.99836,2408.499,-2492.803,69.66093,-0.007110979,-0.703545,0.7106152,1,1,0,0.1400038,-23.66451,24.85458,-19.49675,1170.955,-1242.99,34.31053,-0.01433235,-0.7000029,0.7139961,1,0.75,0.25,0.14,-48.66639,-0.1341387,-7.002192,2408.194,6.662167,48.87206,-0.01010532,-0.9999452,-0.002716895,1,0.5,0,0.1400076,1.332099,49.8575,-31.9984,-66.56612,-2493.376,49.36397,-0.01000548,0.01261696,0.9998703,1,1,0.5,0.14,-23.66815,-0.1414063,-6.998558,1170.45,6.755941,23.87663,-0.02046717,-0.9997737,-0.005800894,1,0.5,0.25,0.1399962,-48.66642,-25.13924,5.500555,2408.346,1256.74,54.90368,-0.009005258,-0.8910851,-0.4537469,1,0.25,0,0.1400038,1.339815,24.86904,-19.50398,-66.78535,-1243.394,24.3822,-0.02005115,0.02559452,0.9994713,1,0.75,0.5,0.1400076,26.33224,49.86311,-32.0012,-1304.122,-2493.351,55.56637,-0.008898613,0.4571238,0.8893585,1,1,0.75,0.1399962,-23.66644,-25.13731,5.499588,1170.665,1256.806,34.5143,-0.01424916,-0.6959845,-0.7179155,1,0.25,0.25,0.1399924,-48.66898,-50.14203,18.00214,2408.49,2506.786,69.87089,-0.00708998,-0.7015963,-0.7125394,1,0,0,0.1399924,-23.67395,-50.14048,18.00137,1170.956,2506.862,55.25438,-0.008948681,-0.4372198,-0.8993102,1,0,0.25,0.1400038,26.32477,24.85809,-19.4985,-1304.231,-1243.279,35.20224,-0.01397438,0.7176524,0.6962612,1,0.75,0.75,0.1400076,51.33,49.8615,-32.0004,-2541.501,-2493.076,70.55994,-0.007021016,0.7124554,0.7016823,0,1,1,0.1400038,51.33,24.86149,-19.5002,-2541.501,-1243.075,55.90425,-0.008845376,0.8975748,0.4407734,0,0.75,1,0.14,1.327505,-0.1364243,-7.001049,-66.35092,6.882807,0.3109139,-0.6152571,0.770166,-0.1682353,1,0.5,0.5,0.1399962,1.337075,-25.13269,5.497281,-66.78117,1256.645,24.64564,-0.01984138,0.0252174,-0.999485,1,0.25,0.5,0.1399924,1.329294,-50.13095,17.9966,-66.67678,2506.683,49.63735,-0.009951228,0.01249222,-0.9998725,1,0,0.5,0.14,26.33036,-0.1379493,-7.000287,-1304.059,6.820339,25.13262,-0.01946428,0.999796,-0.005381785,1,0.5,0.75,0.14,51.33,-0.1385164,-7.000003,-2541.501,6.925822,50.12968,-0.00985431,0.9999477,-0.002735873,0,0.5,1,0.1399962,26.32406,-25.14159,5.501726,-1303.938,1256.58,35.3997,-0.01389773,0.7136853,-0.7003286,1,0.25,0.75,0.1399924,26.33175,-50.13986,18.00106,-1303.714,2506.789,55.81242,-0.008860002,0.4551178,-0.8903871,1,0,0.75,0.1399962,51.33,-25.13853,5.500196,-2541.501,1256.927,56.02691,-0.008826317,0.8956272,-0.4447179,0,0.25,1,0.1399924,51.33,-50.13853,18.00039,-2541.501,2506.928,70.7546,-0.007002049,0.710509,-0.7036533,0,0,1
2,0.1400038,-48.66108,24.86377,-19.50134,2407.857,-1243.04,54.61911,-0.004101308,-0.8924682,0.4510915,1,0.75,0,0.1400076,-23.66452,49.86383,-32.00156,1170.495,-2493.294,54.9245,-0.004078641,-0.4365488,0.8996713,1,1,0.25,0.1400076,-48.66376,49.8692,-32.00425,2407.705,-2493.317,69.55077,-0.00322704,-0.7022727,0.7119008,1,1,0,0.1400038,-23.66596,24.85854,-19.49872,1170.72,-1243.083,34.19135,-0.006516335,-0.6974921,0.7165629,1,0.75,0.25,0.14,-48.66682,-0.13584,-7.001341,2408.045,6.98869,48.69851,-0.004594942,-0.9999856,-0.00276106,1,0.5,0,0.1400076,1.337899,49.86882,-32.00406,-67.11936,-2493.255,49.37587,-0.004532386,0.0161785,0.9998588,1,1,0.5,0.14,-23.66522,-0.1428666,-6.997828,1170.32,6.75844,23.69768,-0.009342395,-0.9999389,-0.005904146,1,0.5,0.25,0.1399962,-48.66212,-25.13162,5.496744,2408.587,1256.803,54.74139,-0.004092368,-0.8905117,-0.4549419,1,0.25,0,0.1400038,1.336525,24.86795,-19.50343,-66.94402,-1243.312,24.38202,-0.009085293,0.03237446,0.9994345,1,0.75,0.5,0.1400076,26.33233,49.85989,-31.99959,-1303.721,-2493.053,55.64062,-0.004026615,0.4595843,0.888125,1,1,0.75,0.1399962,-23.66513,-25.1384,5.500135,1170.974,1256.85,34.39186,-0.006479106,-0.69346,-0.7204661,1,0.25,0.25,0.1399924,-48.65991,-50.13957,18.00091,2408.534,2507.067,69.74081,-0.003218526,-0.7003179,-0.7138239,1,0,0,0.1399924,-23.66657,-50.13924,18.00075,1170.972,2506.78,55.1733,-0.004060688,-0.4346347,-0.9005976,1,0,0.25,0.1400038,26.32531,24.85524,-19.49707,-1303.807,-1242.978,35.32152,-0.006310744,0.7200791,0.6938633,1,0.75,0.75,0.1400076,51.33,49.8615,-32.0004,-2541.501,-2493.076,70.68118,-0.003175792,0.713658,0.7004871,0,1,1,0.1400038,51.33,24.86149,-19.5002,-2541.501,-1243.075,56.05692,-0.003997044,0.8981928,0.4395836,0,0.75,1,0.14,1.326324,-0.1377387,-7.000391,-66.39839,6.82328,0.3382396,-0.2696893,0.948824,-0.164319,1,0.5,0.5,0.1399962,1.335418,-25.13293,5.497397,-66.68577,1256.821,24.64682,-0.008989929,0.03198956,-0.9994478,1,0.25,0.5,0.1399924,1.334859,-50.13296,17.99761,-66.73031,2506.996,49.63991,-0.004508821,0.01603267,-0.9998613,1,0,0.5,0.14,26.33082,-0.1404659,-6.999028,-1304.125,6.859936,25.30121,-0.008761772,0.9999468,-0.00544416,1,0.5,0.75,0.14,51.33,-0.1385164,-7.000003,-2541.501,6.925822,50.29971,-0.00445011,0.9999864,-0.002726716,0,0.5,1,0.1399962,26.32751,-25.14454,5.503201,-1303.806,1256.991,35.52443,-0.006275411,0.7160842,-0.6979857,1,0.25,0.75,0.1399924,26.32608,-50.14146,18.00186,-1303.869,2507.036,55.88798,-0.004009222,0.4574574,-0.8892226,1,0,0.75,0.1399962,51.33,-25.13853,5.500196,-2541.501,1256.927,56.17924,-0.003988551,0.8962544,-0.4435226,0,0.25,1,0.1399924,51.33,-50.13853,18.00039,-2541.501,2506.928,70.87551,-0.00316736,0.711715,-0.7024613,0,0,1
3,0.1400038,-48.67768,24.86068,-19.49979,2408.397,-1242.823,54.48226,0.0007979867,-0.8919374,0.4521582,1,0.75,0,0.1400076,-23.67545,49.86956,-32.00443,1171.241,-2493.309,54.86086,0.0007925984,-0.4342149,0.900809,1,1,0.25,0.1400076,-48.67563,49.86514,-32.00221,2408.813,-2493.088,69.43802,0.0006273973,-0.7011735,0.7129904,1,1,0,0.1400038,-23.67259,24.86627,-19.50259,1170.954,-1243.519,34.08389,0.001268657,-0.6949954,0.7190131,1,0.75,0.25,0.14,-48.66837,-0.128095,-7.005214,2408.279,6.427106,48.53162,0.0008947553,-0.9999962,-0.002612498,1,0.5,0,0.1400076,1.325614,49.86652,-32.00291,-66.2121,-2493.585,49.37583,0.0008797633,0.01929909,0.9998134,1,1,0.5,0.14,-23.66475,-0.1296201,-7.004451,1170.981,6.74983,23.52819,0.001825826,-0.9999838,-0.0053945,1,0.5,0.25,0.1399962,-48.67183,-25.13172,5.496792,2408.726,1256.643,54.60014,0.0007961411,-0.8899232,-0.4561099,1,0.25,0,0.1400038,1.331767,24.86704,-19.50298,-66.71294,-1243.197,24.38594,0.001763048,0.03892605,0.9992405,1,0.75,0.5,0.1400076,26.32525,49.85873,-31.99902,-1304.274,-2492.899,55.71326,0.0007805796,0.4618518,0.8869568,1,1,0.75,0.1399962,-23.67487,-25.13235,5.497107,1170.82,1256.476,34.27727,0.001261384,-0.6911964,-0.7226658,1,0.25,0.25,0.1399924,-48.67356,-50.13091,17.99658,2408.757,2506.545,69.62631,0.0006254952,-0.6992613,-0.7148659,1,0,0,0.1399924,-23.66723,-50.13502,17.99864,1170.915,2506.479,55.09655,0.0007889638,-0.4322262,-0.9017649,1,0,0.25,0.1400038,26.32519,24.86096,-19.49993,-1303.921,-1243.201,35.44582,0.00122059,0.7222576,0.6916232,1,0.75,0.75,0.1400076,51.33,49.8615,-32.0004,-2541.501,-2493.076,70.80078,0.000615406,0.7148161,0.6993122,0,1,1,0.1400038,51.33,24.86149,-19.5002,-2541.501,-1243.075,56.20737,0.000773711,0.8987712,0.4384173,0,0.75,1,0.14,1.323387,-0.1365958,-7.000963,-66.29238,6.829926,0.4709885,0.0451821,0.989024,-0.140677,1,0.5,0.5,0.1399962,1.325504,-25.13122,5.496544,-66.4449,1256.542,24.64968,0.001744256,0.03826881,-0.999266,1,0.25,0.5,0.1399924,1.327392,-50.13658,17.99942,-66.37604,2506.762,49.64587,0.0008747214,0.01923062,-0.9998147,1,0,0.5,0.14,26.32746,-0.1358557,-7.001333,-1304.019,6.819184,25.46479,0.001689646,0.9999849,-0.005232303,1,0.5,0.75,0.14,51.33,-0.1385164,-7.000003,-2541.501,6.925822,50.46715,0.0008607759,0.9999959,-0.002717758,0,0.5,1,0.1399962,26.32635,-25.13747,5.499669,-1304.258,1257.097,35.63845,0.001213873,0.7184398,-0.6955881,1,0.25,0.75,0.1399924,26.32955,-50.13356,17.99791,-1303.877,2506.745,55.95914,0.00077691,0.4599166,-0.8879618,1,0,0.75,0.1399962,51.33,-25.13853,5.500196,-2541.501,1256.927,56.32936,0.0007719158,0.8968417,-0.442351,0,0.25,1,0.1399924,51.33,-50.13853,18.00039,-2541.501,2506.928,70.99478,0.0006135227,0.7128764,-0.7012894,0,0,1
4,0.1400038,-48.6679,24.86831,-19.50361,2408.671,-1243.223,54.30899,0.005509733,-0.8911238,0.4537268,1,0.75,0,0.1400076,-23.66938,49.86469,-32.00199,1170.981,-2492.982,54.77269,0.005463578,-0.4313717,0.9021577,1,1,0.25,0.1400076,-48.67034,49.86505,-32.00217,2408.745,-2493.196,69.30225,0.004326317,-0.6997487,0.714376,1,1,0,0.1400038,-23.66814,24.87078,-19.50484,1171.003,-1242.852,33.95403,0.008764807,-0.69199,0.721854,1,0.75,0.25,0.14,-48.66842,-0.1410879,-6.998717,2408.531,6.479094,48.34326,0.006182615,-0.9999768,-0.002888584,1,0.5,0,0.1400076,1.331876,49.86352,-32.00141,-66.50319,-2493.091,49.37788,0.006054522,0.02322024,0.999712,1,1,0.5,0.14,-23.66771,-0.1305874,-7.003967,1170.876,6.438929,23.34368,0.01266495,-0.9999048,-0.005476813,1,0.5,0.25,0.1399962,-48.67453,-25.13742,5.499645,2408.472,1256.603,54.43752,0.005496704,-0.8891598,-0.4575639,1,0.25,0,0.1400038,1.33543,24.86987,-19.50439,-66.34527,-1243.156,24.39882,0.0121284,0.04665801,0.9988373,1,0.75,0.5,0.1400076,26.32527,49.85542,-31.99736,-1303.86,-2492.915,55.79884,0.005363995,0.4645136,0.8855497,1,1,0.75,0.1399962,-23.66997,-25.13355,5.49771,1171.041,1256.635,34.14545,0.008716159,-0.6882192,-0.7254503,1,0.25,0.25,0.1399924,-48.66865,-50.13454,17.9984,2408.888,2506.542,69.49384,0.004314257,-0.6978092,-0.7162707,1,0,0,0.1399924,-23.67142,-50.13424,17.99825,1171.032,2506.769,55.01687,0.005439273,-0.4295112,-0.9030452,1,0,0.25,0.1400038,26.32921,24.86117,-19.50004,-1303.845,-1242.841,35.58711,0.008368165,0.7247881,0.6889211,1,0.75,0.75,0.1400076,51.33,49.8615,-32.0004,-2541.501,-2493.076,70.93688,0.004227322,0.7161049,0.6979799,0,1,1,0.1400038,51.33,24.86149,-19.5002,-2541.501,-1243.075,56.3784,0.005309272,0.8993977,0.437099,0,0.75,1,0.14,1.326656,-0.1345287,-7.001997,-66.36455,7.053442,0.6994151,0.2517719,0.9612651,-0.1121619,1,0.5,0.5,0.1399962,1.32443,-25.13399,5.497929,-66.49101,1256.58,24.66213,0.01200118,0.04573259,-0.9988816,1,0.25,0.5,0.1399924,1.330719,-50.1383,18.00028,-66.44339,2506.76,49.65256,0.006021058,0.02306999,-0.9997157,1,0,0.5,0.14,26.33268,-0.1394839,-6.999519,-1304.015,6.728678,25.66109,0.01154306,0.9999191,-0.005331731,1,0.5,0.75,0.14,51.33,-0.1385164,-7.000003,-2541.501,6.925822,50.65738,0.005902942,0.9999789,-0.002707652,0,0.5,1,0.1399962,26.3257,-25.14259,5.50223,-1304.272,1256.979,35.77903,0.008323686,0.7208571,-0.6930338,1,0.25,0.75,0.1399924,26.33146,-50.1415,18.00188,-1303.817,2506.979,56.05519,0.005339412,0.4625174,-0.8865942,1,0,0.75,0.1399962,51.33,-25.13853,5.500196,-2541.501,1256.927,56.50003,0.005297808,0.8974785,-0.4410265,0,0.25,1,0.1399924,51.33,-50.13853,18.00039,-2541.501,2506.928,71.13052,0.004215681,0.7141691,-0.6999605,0,0,1
5,0.1400038,-48.67289,24.86063,-19.49977,2408.343,-1243.059,54.15598,0.003643132,-0.8905572,0.4548565,1,0.75,0,0.1400076,-23.67231,49.86411,-32.0017,1171.203,-2492.896,54.69885,0.003607372,-0.4288802,0.9033542,1,1,0.25,0.1400076,-48.67335,49.85572,-31.99751,2408.708,-2492.757,69.17684,0.002857805,-0.6985784,0.7155278,1,1,0,0.1400038,-23.6706,24.85812,-19.49852,1171.009,-1243.111,33.8268,0.005800685,-0.6896068,0.7241607,1,0.75,0.25,0.14,-48.66799,-0.1412682,-6.998627,2408.739,7.075785,48.16999,0.004091128,-0.9999874,-0.002902573,1,0.5,0,0.1400076,1.328856,49.85884,-31.99907,-66.46358,-2493.172,49.3769,0.003992285,0.02661485,0.9996378,1,1,0.5,0.14,-23.67251,-0.1414278,-6.998547,1171.048,6.920705,23.17516,0.008410298,-0.9999468,-0.00597368,1,0.5,0.25,0.1399962,-48.66068,-25.1434,5.502632,2408.54,1257.205,54.27432,0.003635122,-0.8884102,-0.4590362,1,0.25,0,0.1400038,1.333164,24.86178,-19.50034,-66.76511,-1242.78,24.39822,0.007997317,0.05348874,0.9985365,1,0.75,0.5,0.1400076,26.32991,49.8609,-32.0001,-1303.795,-2492.844,55.88564,0.003531445,0.4669366,0.8842838,1,1,0.75,0.1399962,-23.66442,-25.13553,5.498701,1171.026,1256.702,34.02398,0.005767334,-0.685489,-0.7280601,1,0.25,0.25,0.1399924,-48.6607,-50.14336,18.00281,2408.298,2507.3,69.37413,0.002849517,-0.696425,-0.7176241,1,0,0,0.1399924,-23.66529,-50.13437,17.99831,1170.908,2506.848,54.94012,0.003591398,-0.4268873,-0.9042976,1,0,0.25,0.1400038,26.32722,24.85705,-19.49798,-1304.096,-1242.599,35.70721,0.005499429,0.7270881,0.6865221,1,0.75,0.75,0.1400076,51.33,49.8615,-32.0004,-2541.501,-2493.076,71.06001,0.002782599,0.7172807,0.6967788,0,1,1,0.1400038,51.33,24.86149,-19.5002,-2541.501,-1243.075,56.53297,0.003491296,0.8999814,0.4359144,0,0.75,1,0.14,1.330441,-0.1407751,-6.998873,-66.4856,6.999865,0.8512372,0.1473577,0.9835811,-0.1041824,1,0.5,0.5,0.1399962,1.340781,-25.1373,5.499586,-66.66842,1256.749,24.67375,0.007909483,0.05320586,-0.9985523,1,0.25,0.5,0.1399924,1.340038,-50.1388,18.00053,-66.86877,2506.927,49.65706,0.003969681,0.02668913,-0.9996359,1,0,0.5,0.14,26.33059,-0.1347868,-7.001868,-1303.818,6.916648,25.8303,0.007562206,0.9999583,-0.005119075,1,0.5,0.75,0.14,51.33,-0.1385164,-7.000003,-2541.501,6.925822,50.82919,0.00387918,0.9999889,-0.002698589,0,0.5,1,0.1399962,26.32418,-25.13612,5.498994,-1303.904,1257.176,35.89717,0.005470518,0.7232099,-0.6906065,1,0.25,0.75,0.1399924,26.3283,-50.13321,17.99773,-1303.79,2507.06,56.12582,0.003516197,0.4649276,-0.8853418,1,0,0.75,0.1399962,51.33,-25.13853,5.500196,-2541.501,1256.927,56.65428,0.003483752,0.8980712,-0.4398363,0,0.25,1,0.1399924,51.33,-50.13853,18.00039,-2541.501,2506.928,71.25332,0.002774889,0.7153483,-0.6987626,0,0,1
6,0.1400038,-48.66142,24.86624,-19.50257,2408.141,-1243.212,54.14685,-0.002180236,-0.8904707,0.4550352,1,0.75,0,0.1400076,-23.66228,49.85823,-31.99876,1170.738,-2493.332,54.68842,-0.002158772,-0.4287546,0.9034184,1,1,0.25,0.1400076,-48.6602,49.86641,-32.00285,2408.326,-2493.479,69.17415,-0.001709949,-0.6983967,0.7157089,1,1,0,0.1400038,-23.66786,24.8625,-19.5007,1170.776,-1243.214,33.82675,-0.003470851,-0.6894875,0.7242893,1,0.75,0.25,0.14,-48.67205,-0.1280412,-7.00524,2408.726,6.350286,48.17236,-0.002447936,-0.9999936,-0.002630675,1,0.5,0,0.1400076,1.3397,49.86466,-32.00198,-66.51942,-2493.139,49.3828,-0.002388383,0.02685694,0.9996365,1,1,0.5,0.14,-23.66966,-0.1375325,-7.000494,1171.206,6.686368,23.17036,-0.005033588,-0.9999704,-0.005810325,1,0.5,0.25,0.1399962,-48.67548,-25.12567,5.493767,2408.472,1256.374,54.27788,-0.00217516,-0.8885975,-0.4586827,1,0.25,0,0.1400038,1.337054,24.86622,-19.50256,-66.92238,-1243.556,24.40243,-0.004784395,0.05369172,0.9985461,1,0.75,0.5,0.1400076,26.32624,49.86623,-32.00276,-1304.293,-2493.015,55.88906,-0.002112807,0.4668679,0.8843246,1,1,0.75,0.1399962,-23.67682,-25.13992,5.500893,1170.819,1256.944,34.03436,-0.003450206,-0.6856021,-0.7279684,1,0.25,0.25,0.1399924,-48.67239,-50.12875,17.9955,2408.986,2506.261,69.37065,-0.001705358,-0.6966071,-0.7174508,1,0,0,0.1399924,-23.66965,-50.12598,17.99412,1170.911,2506.604,54.93357,-0.0021495,-0.4269913,-0.9042532,1,0,0.25,0.1400038,26.32925,24.86065,-19.49978,-1303.826,-1242.931,35.71181,-0.00329017,0.7270899,0.6865343,1,0.75,0.75,0.1400076,51.33,49.8615,-32.0004,-2541.501,-2493.076,71.06084,-0.001664866,0.7172918,0.6967708,0,1,1,0.1400038,51.33,24.86149,-19.5002,-2541.501,-1243.075,56.534,-0.002088982,0.8999895,0.4359066,0,0.75,1,0.14,1.327745,-0.1339097,-7.002306,-66.44594,6.73914,0.8397886,-0.08892959,0.9910105,-0.09994838,1,0.5,0.5,0.1399962,1.326115,-25.13668,5.499273,-66.68641,1256.469,24.67192,-0.004733475,0.0526823,-0.9986001,1,0.25,0.5,0.1399924,1.325333,-50.13116,17.99671,-66.38788,2506.674,49.64882,-0.002376018,0.026428,-0.9996479,1,0,0.5,0.14,26.32776,-0.1441509,-6.997186,-1303.948,6.773554,25.82842,-0.004525407,0.9999748,-0.005475105,1,0.5,0.75,0.14,51.33,-0.1385164,-7.000003,-2541.501,6.925822,50.83033,-0.002321178,0.9999937,-0.002698529,0,0.5,1,0.1399962,26.32687,-25.13811,5.499991,-1303.854,1257.021,35.90114,-0.003273267,0.723243,-0.690586,1,0.25,0.75,0.1399924,26.33153,-50.14185,18.00205,-1303.906,2506.813,56.1354,-0.002103887,0.4649306,-0.8853446,1,0,0.75,0.1399962,51.33,-25.13853,5.500196,-2541.501,1256.927,56.6553,-0.002084682,0.8980794,-0.4398284,0,0.25,1,0.1399924,51.33,-50.13853,18.00039,-2541.501,2506.928,71.25414,-0.001660594,0.7153595,-0.6987546,0,0,1
7,0.1400038,-48.66218,24.85989,-19.4994,2408.175,-1243.186,54.1447,0.002621671,-0.8905198,0.454937,1,0.75,0,0.1400076,-23.66726,49.86329,-32.00129,1170.829,-2492.889,54.69518,0.002595594,-0.4287923,0.9033993,1,1,0.25,0.1400076,-48.65853,49.86338,-32.00134,2408.326,-2493.171,69.17087,0.002056301,-0.6984057,0.7156991,1,1,0,0.1400038,-23.66558,24.85759,-19.49825,1170.942,-1242.96,33.82171,0.004174047,-0.689522,0.7242527,1,0.75,0.25,0.14,-48.66136,-0.1288865,-7.004818,2408.201,6.62682,48.16174,0.002943927,-0.9999921,-0.00264862,1,0.5,0,0.1400076,1.336492,49.86043,-31.99986,-66.89967,-2493.091,49.37854,0.002872262,0.02679492,0.9996368,1,1,0.5,0.14,-23.6562,-0.1346202,-7.001951,1170.617,7.061694,23.15702,0.006055566,-0.9999655,-0.005690497,1,0.5,0.25,0.1399962,-48.664,-25.13064,5.496255,2408.404,1256.823,54.27002,0.002615533,-0.8885153,-0.4588394,1,0.25,0,0.1400038,1.340132,24.86556,-19.50223,-66.77635,-1243.243,24.40206,0.005752956,0.05381611,0.9985343,1,0.75,0.5,0.1400076,26.32683,49.86159,-32.00044,-1303.707,-2492.971,55.88528,0.002540809,0.4669096,0.8843014,1,1,0.75,0.1399962,-23.67101,-25.13861,5.500237,1170.71,1256.866,34.0295,0.004148707,-0.6855299,-0.7280328,1,0.25,0.25,0.1399924,-48.67301,-50.12746,17.99486,2408.435,2506.741,69.3702,0.002050216,-0.6966204,-0.717437,1,0,0,0.1399924,-23.66499,-50.13741,17.99983,1170.964,2507.037,54.94197,0.002583764,-0.4268425,-0.9043223,1,0,0.25,0.1400038,26.32853,24.85839,-19.49865,-1303.717,-1242.681,35.70983,0.003956397,0.72711,0.6865095,1,0.75,0.75,0.1400076,51.33,49.8615,-32.0004,-2541.501,-2493.076,71.06087,0.002001991,0.7172914,0.6967704,0,1,1,0.1400038,51.33,24.86149,-19.5002,-2541.501,-1243.075,56.53405,0.00251184,0.8999887,0.4359061,0,0.75,1,0.14,1.329579,-0.1372693,-7.000627,-66.57197,6.931988,0.8443016,0.1065658,0.9890485,-0.102112,1,0.5,0.5,0.1399962,1.334135,-25.13256,5.497212,-66.54897,1257.022,24.66835,0.005691784,0.05300845,-0.9985778,1,0.25,0.5,0.1399924,1.329715,-50.13818,18.00022,-66.44225,2506.86,49.65602,0.002856068,0.02651158,-0.9996445,1,0,0.5,0.14,26.33153,-0.1382363,-7.000143,-1304.072,6.725634,25.83228,0.005440343,0.9999714,-0.005249689,1,0.5,0.75,0.14,51.33,-0.1385164,-7.000003,-2541.501,6.925822,50.83039,0.002790874,0.9999925,-0.002698526,0,0.5,1,0.1399962,26.32795,-25.14272,5.502293,-1303.894,1256.961,35.90519,0.003934956,0.7231922,-0.6906357,1,0.25,0.75,0.1399924,26.32465,-50.1372,17.99973,-1303.792,2507.074,56.12814,0.002529643,0.4648687,-0.885376,1,0,0.75,0.1399962,51.33,-25.13853,5.500196,-2541.501,1256.927,56.65536,0.002506376,0.8980786,-0.439828,0,0.25,1,0.1399924,51.33,-50.13853,18.00039,-2541.501,2506.928,71.25418,0.001996385,0.715359,-0.6987542,0,0,1
8,0.1400038,-48.66777,24.85043,-19.49467,2408.36,-1242.846,54.14659,0.007176917,-0.8905912,0.454748,1,0.75,0,0.1400076,-23.66915,49.85898,-31.99914,1170.852,-2492.907,54.6933,0.007105896,-0.428841,0.903352,1,1,0.25,0.1400076,-48.67628,49.85146,-31.99538,2408.35,-2492.552,69.1757,0.005628904,-0.6986121,0.7154784,1,1,0,0.1400038,-23.66844,24.85774,-19.49832,1171.075,-1242.8,33.82574,0.01142566,-0.6895247,0.724172,1,0.75,0.25,0.14,-48.66893,-0.1414269,-6.998548,2408.491,7.194521,48.17072,0.008058033,-0.9999633,-0.002905791,1,0.5,0,0.1400076,1.325321,49.86196,-32.00063,-66.71867,-2492.978,49.38111,0.007862653,0.0265696,0.999616,1,1,0.5,0.14,-23.66917,-0.1366972,-7.000913,1171.209,6.998837,23.17281,0.01656711,-0.9998461,-0.005774438,1,0.5,0.25,0.1399962,-48.67495,-25.14233,5.502097,2408.929,1257.251,54.28632,0.007158473,-0.8884507,-0.4589161,1,0.25,0,0.1400038,1.334511,24.86205,-19.50048,-66.71109,-1243.035,24.40092,0.01575018,0.05359283,0.9984387,1,0.75,0.5,0.1400076,26.32689,49.85966,-31.99948,-1304.098,-2493.038,55.8848,0.006955738,0.4669148,0.884275,1,1,0.75,0.1399962,-23.66853,-25.13812,5.499993,1171.062,1257.143,34.02938,0.01135805,-0.6854604,-0.7280212,1,0.25,0.25,0.1399924,-48.67015,-50.1332,17.99772,2409.039,2506.905,69.37328,0.005612769,-0.6965488,-0.7174873,1,0,0,0.1399924,-23.66767,-50.13762,17.99993,1171.163,2506.832,54.9445,0.007073426,-0.4268714,-0.9042847,1,0,0.25,0.1400038,26.32822,24.85796,-19.49843,-1304.214,-1242.966,35.71114,0.01083076,0.727075,0.6864725,1,0.75,0.75,0.1400076,51.33,49.8615,-32.0004,-2541.501,-2493.076,71.06181,0.005480547,0.7172821,0.6967614,0,1,1,0.1400038,51.33,24.86149,-19.5002,-2541.501,-1243.075,56.53522,0.006876348,0.8999702,0.4358972,0,0.75,1,0.14,1.333713,-0.143332,-6.997595,-66.63213,7.020267,0.8975502,0.2806269,0.9543217,-0.1025595,1,0.5,0.5,0.1399962,1.325485,-25.13209,5.496977,-66.53256,1256.862,24.67007,0.01558146,0.05266116,-0.9984909,1,0.25,0.5,0.1399924,1.335869,-50.13777,18.00001,-66.06164,2507.043,49.65709,0.007819085,0.02663371,-0.9996147,1,0,0.5,0.14,26.33413,-0.1386997,-6.999911,-1304.095,7.070845,25.83742,0.01489099,0.9998752,-0.005266258,1,0.5,0.75,0.14,51.33,-0.1385164,-7.000003,-2541.501,6.925822,50.83169,0.007640314,0.9999672,-0.002698458,0,0.5,1,0.1399962,26.32604,-25.13923,5.500546,-1303.892,1256.929,35.90323,0.0107734,0.7231788,-0.6905768,1,0.25,0.75,0.1399924,26.32493,-50.13775,18,-1304.148,2507.155,56.12994,0.006925358,0.4648589,-0.8853577,1,0,0.75,0.1399962,51.33,-25.13853,5.500196,-2541.501,1256.927,56.65652,0.006861621,0.8980603,-0.439819,0,0.25,1,0.1399924,51.33,-50.13853,18.00039,-2541.501,2506.928,71.25511,0.00546557,0.7153497,-0.6987451,0,0,1
9,0.1400038,-48.66874,24.85169,-19.4953,2408.776,-1242.854,54.14667,0.001334578,-0.8906077,0.4547705,1,0.75,0,0.1400076,-23.67412,49.8567,-31.998,1170.77,-2492.773,54.69203,0.00132146,-0.4289409,0.9033316,1,1,0.25,0.1400076,-48.67051,49.85493,-31.99711,2408.164,-2492.887,69.17307,0.001046804,-0.6985555,0.7155552,1,1,0,0.1400038,-23.66483,24.85381,-19.49636,1171.283,-1242.662,33.81823,0.002125116,-0.68957,0.7242158,1,0.75,0.25,0.14,-48.67612,-0.1384607,-7.000031,2408.772,7.311224,48.17637,0.001498189,-0.9999948,-0.002844516,1,0.5,0,0.1400076,1.331806,49.86492,-32.00211,-66.50591,-2492.799,49.38275,0.00146211,0.02669873,0.9996425,1,1,0.5,0.14,-23.67198,-0.1388971,-6.999812,1171.259,7.108857,23.1725,0.003080639,-0.999978,-0.005867446,1,0.5,0.25,0.1399962,-48.67448,-25.1409,5.501382,2408.895,1257.075,54.28389,0.001331096,-0.8884816,-0.4589104,1,0.25,0,0.1400038,1.332563,24.86595,-19.50243,-66.46669,-1242.736,24.40174,0.002928721,0.05351285,0.9985629,1,0.75,0.5,0.1400076,26.32494,49.86198,-32.00063,-1303.703,-2492.69,55.88461,0.00129351,0.4668816,0.8843188,1,1,0.75,0.1399962,-23.67513,-25.14192,5.501893,1170.971,1257.197,34.03452,0.002111586,-0.6855497,-0.7280228,1,0.25,0.25,0.1399924,-48.67223,-50.1354,17.99883,2408.728,2506.968,69.37524,0.001043557,-0.6965591,-0.7174987,1,0,0,0.1399924,-23.67065,-50.13811,18.00018,1170.782,2507.215,54.94488,0.001315158,-0.4269222,-0.9042874,1,0,0.25,0.1400038,26.32677,24.85977,-19.49934,-1304.162,-1242.689,35.70929,0.002014131,0.7270724,0.6865579,1,0.75,0.75,0.1400076,51.33,49.8615,-32.0004,-2541.501,-2493.076,71.06077,0.001019191,0.7172925,0.6967715,0,1,1,0.1400038,51.33,24.86149,-19.5002,-2541.501,-1243.075,56.53392,0.001278717,0.8999907,0.4359071,0,0.75,1,0.14,1.32786,-0.1386983,-6.999912,-66.36223,7.462492,0.8370739,0.0545418,0.9931086,-0.1037327,1,0.5,0.5,0.1399962,1.326482,-25.13587,5.49887,-66.42641,1257.223,24.67096,0.002897093,0.05269891,-0.9986063,1,0.25,0.5,0.1399924,1.334494,-50.13951,18.00088,-66.46574,2506.951,49.65732,0.001453802,0.02660617,-0.9996449,1,0,0.5,0.14,26.33241,-0.1392048,-6.999659,-1303.849,7.133196,25.83288,0.002769406,0.9999822,-0.005286349,1,0.5,0.75,0.14,51.33,-0.1385164,-7.000003,-2541.501,6.925822,50.83024,0.00142073,0.9999953,-0.002698533,0,0.5,1,0.1399962,26.32734,-25.1419,5.501884,-1303.976,1257.378,35.90398,0.00200315,0.7231997,-0.6906361,1,0.25,0.75,0.1399924,26.32438,-50.14034,18.0013,-1303.799,2507.055,56.13066,0.00128762,0.4648433,-0.885392,1,0,0.75,0.1399962,51.33,-25.13853,5.500196,-2541.501,1256.927,56.65523,0.001275869,0.8980806,-0.439829,0,0.25,1,0.1399924,51.33,-50.13853,18.00039,-2541.501,2506.928,71.25407,0.001016232,0.7153601,-0.6987552,0,0,1
10,0.1400038,-48.67132,24.8685,-19.50371,2408.692,-1243.41,54.15659,-0.0009314137,-0.8904932,0.4549955,1,0.75,0,0.1400076,-23.67005,49.87025,-32.00477,1170.95,-2493.203,54.70249,-0.0009221337,-0.4287859,0.9034057,1,1,0.25,0.1400076,-48.66806,49.869,-32.00415,2408.455,-2493.3,69.18141,-0.0007305259,-0.6984367,0.7156714,1,1,0,0.1400038,-23.66909,24.87311,-19.50601,1170.951,-1243.101,33.83511,-0.001482678,-0.6893553,0.7244219,1,0.75,0.25,0.14,-48.67113,-0.1331757,-7.002673,2408.588,6.892051,48.17134,-0.001046031,-0.9999957,-0.002736224,1,0.5,0,0.1400076,1.32982,49.85815,-31.99872,-66.64542,-2493.337,49.3759,-0.001020615,0.02666258,0.999644,1,1,0.5,0.14,-23.67686,-0.1288771,-7.004823,1170.875,6.417348,23.17726,-0.002150236,-0.9999828,-0.005443074,1,0.5,0.25,0.1399962,-48.68104,-25.12723,5.494547,2408.672,1257.051,54.28343,-0.0009293965,-0.8886089,-0.4586647,1,0.25,0,0.1400038,1.333115,24.86394,-19.50142,-66.59082,-1243.228,24.3997,-0.002044518,0.0535394,0.9985636,1,0.75,0.5,0.1400076,26.32393,49.85788,-31.99859,-1303.805,-2492.944,55.8805,-0.0009028668,0.4668978,0.8843108,1,1,0.75,0.1399962,-23.6705,-25.13445,5.498159,1170.824,1256.678,34.02587,-0.001474706,-0.6855873,-0.7279889,1,0.25,0.25,0.1399924,-48.67147,-50.13982,18.00104,2408.449,2506.855,69.37787,-0.0007286905,-0.696522,-0.7175351,1,0,0,0.1399924,-23.66842,-50.13702,17.99964,1170.83,2506.59,54.94292,-0.0009184102,-0.426897,-0.9042997,1,0,0.25,0.1400038,26.32483,24.85724,-19.49807,-1304.289,-1242.703,35.7061,-0.001406058,0.7270828,0.6865483,1,0.75,0.75,0.1400076,51.33,49.8615,-32.0004,-2541.501,-2493.076,71.06075,-0.0007113407,0.7172927,0.6967716,0,1,1,0.1400038,51.33,24.86149,-19.5002,-2541.501,-1243.075,56.5339,-0.0008925901,0.8999912,0.4359073,0,0.75,1,0.14,1.331634,-0.1420972,-6.998212,-66.40029,6.811388,0.8401611,-0.03798925,0.993637,-0.10603,1,0.5,0.5,0.1399962,1.328284,-25.13636,5.499113,-66.47665,1257.104,24.67148,-0.002022746,0.05276939,-0.9986047,1,0.25,0.5,0.1399924,1.326411,-50.13207,17.99716,-66.85682,2506.817,49.64964,-0.001015348,0.02644906,-0.9996496,1,0,0.5,0.14,26.32574,-0.1359227,-7.0013,-1303.627,6.883149,25.82614,-0.001933884,0.9999848,-0.005163033,1,0.5,0.75,0.14,51.33,-0.1385164,-7.000003,-2541.501,6.925822,50.83022,-0.0009918468,0.9999958,-0.002698535,0,0.5,1,0.1399962,26.32696,-25.13752,5.499692,-1303.978,1256.584,35.90064,-0.001398754,0.7232555,-0.6905791,1,0.25,0.75,0.1399924,26.32679,-50.1339,17.99808,-1303.918,2506.953,56.12606,-0.0008992209,0.4649236,-0.8853503,1,0,0.75,0.1399962,51.33,-25.13853,5.500196,-2541.501,1256.927,56.6552,-0.0008908293,0.898081,-0.4398292,0,0.25,1,0.1399924,51.33,-50.13853,18.00039,-2541.501,2506.928,71.25405,-0.0007096371,0.7153603,-0.6987554,0,0,1
11,0.1400038,-48.67154,24.86398,-19.50145,2408.458,-1243.16,54.15538,0.00495736,-0.890517,0.4549229,1,0.75,0,0.1400076,-23.6696,49.85835,-31.99883,1171.137,-2492.977,54.6922,0.004909212,-0.4288577,0.9033588,1,1,0.25,0.1400076,-48.66992,49.86136,-32.00033,2408.766,-2493.055,69.17776,0.003888618,-0.6985001,0.7155994,1,1,0,0.1400038,-23.66422,24.85781,-19.49836,1170.918,-1242.937,33.82171,0.007894315,-0.6894826,0.7242592,1,0.75,0.25,0.14,-48.6641,-0.1443432,-6.997089,2408.682,6.732989,48.16507,0.005567495,-0.9999801,-0.002966052,1,0.5,0,0.1400076,1.330583,49.85545,-31.99737,-66.59529,-2493.294,49.37394,0.005432701,0.02667893,0.9996293,1,1,0.5,0.14,-23.67009,-0.1382966,-7.000113,1170.886,6.832699,23.17205,0.01144568,-0.9999174,-0.00584219,1,0.5,0.25,0.1399962,-48.66268,-25.14223,5.502049,2408.085,1257.007,54.27464,0.004946426,-0.8884162,-0.4590123,1,0.25,0,0.1400038,1.330042,24.8624,-19.50065,-66.47189,-1242.983,24.39943,0.01088163,0.05341658,0.998513,1,0.75,0.5,0.1400076,26.32656,49.85954,-31.99942,-1303.923,-2493.045,55.88382,0.004805461,0.466917,0.8842881,1,1,0.75,0.1399962,-23.66642,-25.13628,5.499074,1170.754,1256.564,34.02543,0.007847512,-0.6854779,-0.7280512,1,0.25,0.25,0.1399924,-48.65616,-50.13988,18.00107,2408.185,2506.948,69.36775,0.003877825,-0.6964037,-0.7176398,1,0,0,0.1399924,-23.65984,-50.13979,18.00102,1170.829,2506.935,54.9424,0.004886782,-0.4267462,-0.9043581,1,0,0.25,0.1400038,26.32837,24.86535,-19.50213,-1303.784,-1243.002,35.71522,0.007481562,0.7269974,0.6865994,1,0.75,0.75,0.1400076,51.33,49.8615,-32.0004,-2541.501,-2493.076,71.06125,0.00378627,0.7172877,0.6967668,0,1,1,0.1400038,51.33,24.86149,-19.5002,-2541.501,-1243.075,56.53452,0.004750568,0.8999813,0.4359026,0,0.75,1,0.14,1.330611,-0.1436061,-6.997458,-66.58625,6.844178,0.8654879,0.1984218,0.974458,-0.1051684,1,0.5,0.5,0.1399962,1.338443,-25.14289,5.502376,-66.82403,1256.881,24.67994,0.0107601,0.05315512,-0.9985283,1,0.25,0.5,0.1399924,1.342684,-50.13686,17.99956,-66.92134,2506.974,49.65557,0.005401891,0.02677038,-0.999627,1,0,0.5,0.14,26.32594,-0.1395263,-6.999497,-1303.816,7.125982,25.8277,0.01029116,0.999933,-0.005299599,1,0.5,0.75,0.14,51.33,-0.1385164,-7.000003,-2541.501,6.925822,50.8309,0.005278352,0.9999825,-0.002698499,0,0.5,1,0.1399962,26.32992,-25.14242,5.502142,-1303.927,1256.924,35.90714,0.007441914,0.7232078,-0.6905904,1,0.25,0.75,0.1399924,26.32812,-50.14168,18.00197,-1303.799,2507.146,56.13419,0.004783947,0.4648803,-0.8853605,1,0,0.75,0.1399962,51.33,-25.13853,5.500196,-2541.501,1256.927,56.65582,0.004740353,0.8980713,-0.4398244,0,0.25,1,0.1399924,51.33,-50.13853,18.00039,-2541.501,2506.928,71.25455,0.003775857,0.7153554,-0.6987506,0,0,1
12,0.1400038,-48.66658,24.8679,-19.5034,2408.749,-1243.509,54.15274,0.004951095,-0.8904693,0.4550165,1,0.75,0,0.1400076,-23.66594,49.86714,-32.00322,1170.981,-2493.381,54.69857,0.004902205,-0.428742,0.9034137,1,1,0.25,0.1400076,-48.66616,49.87307,-32.00618,2408.121,-2493.55,69.18351,0.003883196,-0.6983885,0.7157084,1,1,0,0.1400038,-23.66795,24.86312,-19.50102,1171.004,-1243.16,33.82813,0.007882484,-0.6894624,0.7242786,1,0.75,0.25,0.14,-48.67039,-0.1273397,-7.005591,2408.623,6.510582,48.17131,0.005559478,-0.9999811,-0.002616319,1,0.5,0,0.1400076,1.340002,49.86163,-32.00046,-66.74887,-2492.912,49.38037,0.005424874,0.02686432,0.9996244,1,1,0.5,0.14,-23.6724,-0.1309649,-7.003779,1171.249,6.478081,23.1743,0.01142957,-0.9999194,-0.005531945,1,0.5,0.25,0.1399962,-48.66505,-25.13199,5.496928,2408.364,1256.429,54.27205,0.00494017,-0.8885016,-0.458847,1,0.25,0,0.1400038,1.336506,24.8702,-19.50455,-66.37994,-1243.057,24.40756,0.01086381,0.05365864,0.9985002,1,0.75,0.5,0.1400076,26.32714,49.85859,-31.99894,-1304.223,-2493.087,55.88324,0.004799205,0.4669319,0.8842803,1,1,0.75,0.1399962,-23.66784,-25.13259,5.497229,1170.977,1256.599,34.02372,0.007837606,-0.685553,-0.7279805,1,0.25,0.25,0.1399924,-48.67023,-50.13453,17.99839,2408.621,2506.63,69.37371,0.003872407,-0.6965457,-0.717502,1,0,0,0.1399924,-23.66383,-50.13267,17.99746,1171.016,2506.695,54.93766,0.004880787,-0.4268547,-0.9043071,1,0,0.25,0.1400038,26.32814,24.85729,-19.4981,-1303.707,-1243.326,35.70951,0.007472923,0.7271056,0.6864851,1,0.75,0.75,0.1400076,51.33,49.8615,-32.0004,-2541.501,-2493.076,71.06125,0.003781302,0.7172877,0.6967668,0,1,1,0.1400038,51.33,24.86149,-19.5002,-2541.501,-1243.075,56.53452,0.004744336,0.8999813,0.4359026,0,0.75,1,0.14,1.326801,-0.1347449,-7.001889,-66.29202,6.822449,0.8607996,0.1988442,0.975016,-0.09901894,1,0.5,0.5,0.1399962,1.336626,-25.12992,5.495895,-66.74719,1256.912,24.6669,0.01075155,0.05311046,-0.9985307,1,0.25,0.5,0.1399924,1.330309,-50.13382,17.99804,-66.73363,2506.873,49.65219,0.005395167,0.02652543,-0.9996336,1,0,0.5,0.14,26.33266,-0.1369129,-7.000804,-1304.065,6.854462,25.83441,0.01027504,0.9999337,-0.005199011,1,0.5,0.75,0.14,51.33,-0.1385164,-7.000003,-2541.501,6.925822,50.8309,0.005271427,0.9999825,-0.002698499,0,0.5,1,0.1399962,26.33612,-25.13796,5.499913,-1303.917,1257.135,35.90854,0.007431864,0.7233501,-0.6904414,1,0.25,0.75,0.1399924,26.32611,-50.13545,17.99885,-1303.926,2507.022,56.12774,0.004778214,0.4648977,-0.8853515,1,0,0.75,0.1399962,51.33,-25.13853,5.500196,-2541.501,1256.927,56.65582,0.004734133,0.8980713,-0.4398244,0,0.25,1,0.1399924,51.33,-50.13853,18.00039,-2541.501,2506.928,71.25455,0.003770903,0.7153554,-0.6987506,0,0,1
13,0.1400038,-48.66282,24.8637,-19.50131,2408.281,-1243.018,54.14684,-0.0009600372,-0.8904966,0.4549889,1,0.75,0,0.1400076,-23.66171,49.85902,-31.99916,1170.727,-2492.841,54.68877,-0.0009505408,-0.4287413,0.9034268,1,1,0.25,0.1400076,-48.65449,49.85824,-31.99877,2407.819,-2493.16,69.16424,-0.0007530288,-0.6984141,0.7156935,1,1,0,0.1400038,-23.66286,24.86359,-19.50125,1170.788,-1242.754,33.82393,-0.001528467,-0.6893985,0.7243807,1,0.75,0.25,0.14,-48.66965,-0.137072,-7.000725,2408.322,6.944042,48.16987,-0.001078014,-0.9999955,-0.002816361,1,0.5,0,0.1400076,1.342567,49.85567,-31.99748,-66.8037,-2493.021,49.37378,-0.001051839,0.0269193,0.9996371,1,1,0.5,0.14,-23.66395,-0.1390834,-6.99972,1170.576,6.728163,23.16441,-0.002217119,-0.9999803,-0.005877321,1,0.5,0.25,0.1399962,-48.66335,-25.13847,5.500167,2408.149,1257.141,54.27286,-0.0009579675,-0.8884572,-0.4589584,1,0.25,0,0.1400038,1.33178,24.86086,-19.49988,-66.85716,-1243.04,24.39656,-0.002107239,0.05349254,0.998566,1,0.75,0.5,0.1400076,26.33496,49.8527,-31.996,-1304.027,-2493.18,55.88107,-0.0009304397,0.4670887,0.8842099,1,1,0.75,0.1399962,-23.66833,-25.14022,5.501042,1170.589,1256.938,34.02858,-0.001519629,-0.6854705,-0.7280988,1,0.25,0.25,0.1399924,-48.66995,-50.13648,17.99937,2408.238,2507.168,69.37441,-0.0007509822,-0.6965346,-0.7175228,1,0,0,0.1399924,-23.67281,-50.13658,17.99942,1170.908,2506.922,54.9444,-0.0009464335,-0.4269648,-0.9042677,1,0,0.25,0.1400038,26.32914,24.8576,-19.49825,-1304.287,-1242.882,35.70948,-0.001448875,0.7271339,0.6864942,1,0.75,0.75,0.1400076,51.33,49.8615,-32.0004,-2541.501,-2493.076,71.06075,-0.0007330719,0.7172927,0.6967716,0,1,1,0.1400038,51.33,24.86149,-19.5002,-2541.501,-1243.075,56.5339,-0.0009198563,0.8999911,0.4359073,0,0.75,1,0.14,1.326389,-0.141747,-6.998387,-66.36791,7.143242,0.8349726,-0.03930179,0.99357,-0.1061797,1,0.5,0.5,0.1399962,1.337151,-25.13659,5.499229,-67.08821,1256.699,24.67219,-0.002084468,0.05312018,-0.9985859,1,0.25,0.5,0.1399924,1.332308,-50.14075,18.0015,-66.86499,2506.737,49.65847,-0.001046173,0.02656197,-0.9996467,1,0,0.5,0.14,26.33159,-0.1384722,-7.000025,-1304.085,6.825306,25.83201,-0.001992511,0.9999842,-0.005258702,1,0.5,0.75,0.14,51.33,-0.1385164,-7.000003,-2541.501,6.925822,50.83022,-0.001022143,0.9999958,-0.002698535,0,0.5,1,0.1399962,26.32514,-25.14162,5.501746,-1303.869,1257.126,35.90216,-0.001441415,0.7231753,-0.690663,1,0.25,0.75,0.1399924,26.32537,-50.14123,18.00174,-1303.862,2506.925,56.13189,-0.0009265882,0.4648507,-0.8853886,1,0,0.75,0.1399962,51.33,-25.13853,5.500196,-2541.501,1256.927,56.6552,-0.0009180375,0.8980809,-0.4398291,0,0.25,1,0.1399924,51.33,-50.13853,18.00039,-2541.501,2506.928,71.25406,-0.0007313097,0.7153603,-0.6987554,0,0,1
14,0.1400038,-48.66653,24.86629,-19.5026,2408.19,-1243.131,54.15134,0.001375951,-0.890491,0.4549988,1,0.75,0,0.1400076,-23.66298,49.85896,-31.99913,1170.63,-2493.099,54.68929,0.001362609,-0.4287604,0.9034172,1,1,0.25,0.1400076,-48.65876,49.86292,-32.00111,2408.217,-2493.357,69.17059,0.001079385,-0.6984118,0.7156954,1,1,0,0.1400038,-23.66834,24.86383,-19.50137,1170.629,-1243.387,33.82792,0.002190567,-0.6894779,0.7243034,1,0.75,0.25,0.14,-48.6733,-0.139976,-6.999273,2408.524,6.857332,48.17356,0.001544859,-0.9999947,-0.002875812,1,0.5,0,0.1400076,1.338752,49.85944,-31.99937,-66.96163,-2493.338,49.37747,0.001507723,0.02684082,0.9996386,1,1,0.5,0.14,-23.67105,-0.1351522,-7.001685,1170.751,6.806893,23.17155,0.003176546,-0.9999787,-0.005709476,1,0.5,0.25,0.1399962,-48.66844,-25.13588,5.498873,2408.169,1256.939,54.27623,0.001372675,-0.8884956,-0.458883,1,0.25,0,0.1400038,1.33764,24.86252,-19.50071,-66.91187,-1243.278,24.39859,0.003020155,0.05372351,0.9985512,1,0.75,0.5,0.1400076,26.33354,49.86169,-32.00049,-1303.764,-2493.147,55.88838,0.001333633,0.467003,0.8842548,1,1,0.75,0.1399962,-23.66293,-25.13577,5.49882,1170.775,1256.636,34.02169,0.00217805,-0.6854511,-0.7281154,1,0.25,0.25,0.1399924,-48.65548,-50.14151,18.00188,2407.949,2506.985,69.36797,0.001076118,-0.6963919,-0.717661,1,0,0,0.1399924,-23.66255,-50.13268,17.99747,1171.024,2506.604,54.93651,0.001356257,-0.4268405,-0.9043259,1,0,0.25,0.1400038,26.3253,24.85823,-19.49857,-1303.905,-1243.047,35.70716,0.002076871,0.7270742,0.6865557,1,0.75,0.75,0.1400076,51.33,49.8615,-32.0004,-2541.501,-2493.076,71.06078,0.001050875,0.7172924,0.6967714,0,1,1,0.1400038,51.33,24.86149,-19.5002,-2541.501,-1243.075,56.53392,0.001318471,0.8999907,0.4359071,0,0.75,1,0.14,1.328855,-0.1390747,-6.999723,-66.80605,6.956008,0.8382268,0.05618911,0.9929967,-0.1039246,1,0.5,0.5,0.1399962,1.335105,-25.13262,5.497241,-66.78063,1257.023,24.66817,0.002987503,0.05304736,-0.9985875,1,0.25,0.5,0.1399924,1.337666,-50.13858,18.00042,-66.67652,2506.923,49.65648,0.001499032,0.02666986,-0.9996431,1,0,0.5,0.14,26.33393,-0.1378102,-7.000356,-1304.531,6.725145,25.83439,0.002855345,0.9999822,-0.005233088,1,0.5,0.75,0.14,51.33,-0.1385164,-7.000003,-2541.501,6.925822,50.83024,0.001464902,0.9999953,-0.002698533,0,0.5,1,0.1399962,26.32746,-25.14313,5.502497,-1303.976,1256.955,35.90491,0.00206538,0.7231843,-0.6906521,1,0.25,0.75,0.1399924,26.32506,-50.13327,17.99776,-1304.232,2506.937,56.12473,0.001327797,0.464904,-0.8853601,1,0,0.75,0.1399962,51.33,-25.13853,5.500196,-2541.501,1256.927,56.65523,0.00131554,0.8980806,-0.439829,0,0.25,1,0.1399924,51.33,-50.13853,18.00039,-2541.501,2506.928,71.25407,0.001047831,0.7153601,-0.6987552,0,0,1
15,0.1400038,-48.67505,24.85254,-19.49573,2408.873,-1243.272,54.15409,0.007303285,-0.8906022,0.4547244,1,0.75,0,0.1400076,-23.67511,49.86518,-32.00224,1170.796,-2493.067,54.70151,0.007230929,-0.4288853,0.90333,1,1,0.25,0.1400076,-48.68338,49.85672,-31.99801,2408.564,-2492.997,69.18446,0.00572808,-0.6986262,0.715464,1,1,0,0.1400038,-23.66638,24.86258,-19.50074,1171.129,-1242.832,33.8279,0.0116277,-0.6894211,0.7242674,1,0.75,0.25,0.14,-48.66777,-0.1407882,-6.998867,2408.745,7.148123,48.16961,0.008201228,-0.9999622,-0.002892733,1,0.5,0,0.1400076,1.328634,49.86639,-32.00284,-66.45717,-2492.956,49.38568,0.008001457,0.02663358,0.9996132,1,1,0.5,0.14,-23.67294,-0.1314173,-7.003552,1171.336,6.68315,23.17667,0.01685839,-0.9998425,-0.005550499,1,0.5,0.25,0.1399962,-48.67129,-25.14185,5.501857,2408.838,1256.91,54.2829,0.007285974,-0.8884394,-0.4589361,1,0.25,0,0.1400038,1.329739,24.86277,-19.50084,-66.29631,-1242.916,24.4015,0.01602933,0.05339995,0.9984446,1,0.75,0.5,0.1400076,26.32585,49.86227,-32.00078,-1303.73,-2492.885,55.88667,0.007078947,0.4668808,0.8842919,1,1,0.75,0.1399962,-23.66829,-25.13706,5.499464,1171.058,1256.808,34.02853,0.01155991,-0.6854705,-0.7280086,1,0.25,0.25,0.1399924,-48.66903,-50.14314,18.0027,2408.772,2506.808,69.37967,0.00571186,-0.6964691,-0.7175641,1,0,0,0.1399924,-23.67178,-50.13432,17.99829,1171.063,2506.85,54.94333,0.007199116,-0.4269545,-0.9042445,1,0,0.25,0.1400038,26.32492,24.8588,-19.49886,-1303.768,-1242.601,35.7094,0.0110235,0.727019,0.6865289,1,0.75,0.75,0.1400076,51.33,49.8615,-32.0004,-2541.501,-2493.076,71.06184,0.005577807,0.7172817,0.696761,0,1,1,0.1400038,51.33,24.86149,-19.5002,-2541.501,-1243.075,56.53527,0.006998378,0.8999695,0.4358968,0,0.75,1,0.14,1.329059,-0.133553,-7.002485,-66.40317,7.190344,0.8941147,0.2863111,0.9533356,-0.09579769,1,0.5,0.5,0.1399962,1.333232,-25.14271,5.502289,-66.43363,1256.651,24.6812,0.01585098,0.05294555,-0.9984716,1,0.25,0.5,0.1399924,1.332467,-50.1372,17.99973,-66.42716,2506.832,49.65649,0.007957951,0.0265662,-0.9996154,1,0,0.5,0.14,26.33277,-0.1353438,-7.001589,-1304.018,6.824636,25.83614,0.015156,0.999872,-0.005139089,1,0.5,0.75,0.14,51.33,-0.1385164,-7.000003,-2541.501,6.925822,50.83174,0.007775901,0.9999661,-0.002698455,0,0.5,1,0.1399962,26.32976,-25.14046,5.501162,-1303.771,1256.844,35.90685,0.01096351,0.7232091,-0.690542,1,0.25,0.75,0.1399924,26.32512,-50.1328,17.99753,-1303.76,2506.802,56.12569,0.007048795,0.464897,-0.8853367,1,0,0.75,0.1399962,51.33,-25.13853,5.500196,-2541.501,1256.927,56.65657,0.006983391,0.8980594,-0.4398186,0,0.25,1,0.1399924,51.33,-50.13853,18.00039,-2541.501,2506.928,71.25515,0.005562568,0.7153494,-0.6987448,0,0,1
16,0.1400038,-48.67989,24.86464,-19.50177,2408.617,-1242.974,54.16261,0.002494816,-0.890552,0.4548746,1,0.75,0,0.1400076,-23.67179,49.86398,-32.00164,1171.168,-2493.241,54.69773,0.002470699,-0.4288545,0.9033702,1,1,0.25,0.1400076,-48.67094,49.86221,-32.00076,2408.515,-2493.13,69.17869,0.001957227,-0.6985055,0.715602,1,1,0,0.1400038,-23.67302,24.85818,-19.49854,1171.185,-1243.036,33.82724,0.003972739,-0.6896279,0.7241531,1,0.75,0.25,0.14,-48.67245,-0.1396523,-6.999435,2408.521,6.976614,48.17284,0.002801754,-0.999992,-0.002869184,1,0.5,0,0.1400076,1.328234,49.86523,-32.00227,-66.0388,-2492.937,49.38311,0.002733931,0.02662681,0.9996417,1,1,0.5,0.14,-23.67043,-0.1309046,-7.003808,1170.96,7.107133,23.17119,0.005760985,-0.9999681,-0.005530087,1,0.5,0.25,0.1399962,-48.67216,-25.14137,5.50162,2408.707,1256.942,54.28218,0.002489232,-0.8884671,-0.4589335,1,0.25,0,0.1400038,1.327208,24.86749,-19.5032,-66.61106,-1243.033,24.40325,0.005476119,0.05329434,0.9985638,1,0.75,0.5,0.1400076,26.33303,49.86322,-32.00126,-1304.036,-2492.622,55.8896,0.002418477,0.4669836,0.8842627,1,1,0.75,0.1399962,-23.67282,-25.1347,5.498282,1170.94,1256.87,34.02788,0.003949432,-0.6856149,-0.7279537,1,0.25,0.25,0.1399924,-48.66492,-50.14056,18.00141,2408.539,2507.32,69.37395,0.001951539,-0.6964673,-0.7175859,1,0,0,0.1399924,-23.67119,-50.13253,17.99739,1171.101,2507.107,54.94019,0.002459618,-0.4269681,-0.9042633,1,0,0.25,0.1400038,26.3254,24.86257,-19.50074,-1303.761,-1242.633,35.71038,0.003766134,0.7270122,0.6866143,1,0.75,0.75,0.1400076,51.33,49.8615,-32.0004,-2541.501,-2493.076,71.06086,0.001905748,0.7172915,0.6967706,0,1,1,0.1400038,51.33,24.86149,-19.5002,-2541.501,-1243.075,56.53403,0.002391084,0.8999889,0.4359063,0,0.75,1,0.14,1.326871,-0.1325813,-7.00297,-66.26909,7.049062,0.840427,0.1017357,0.9898823,-0.09890904,1,0.5,0.5,0.1399962,1.329855,-25.13224,5.497053,-66.51138,1256.627,24.66777,0.005418261,0.05283937,-0.9985883,1,0.25,0.5,0.1399924,1.334406,-50.13799,18.00012,-66.52505,2506.78,49.65593,0.002718756,0.02660504,-0.9996423,1,0,0.5,0.14,26.32176,-0.1395217,-6.9995,-1303.714,6.974358,25.82248,0.005180718,0.9999725,-0.005300443,1,0.5,0.75,0.14,51.33,-0.1385164,-7.000003,-2541.501,6.925822,50.83036,0.002656699,0.9999928,-0.002698509,0,0.5,1,0.1399962,26.32889,-25.14486,5.503364,-1303.892,1257.171,35.90731,0.003745553,0.7231756,-0.6906541,1,0.25,0.75,0.1399924,26.3254,-50.1331,17.99768,-1303.857,2506.992,56.12484,0.002408161,0.4649089,-0.8853552,1,0,0.75,0.1399962,51.33,-25.13853,5.500196,-2541.501,1256.927,56.65534,0.002385876,0.8980788,-0.4398281,0,0.25,1,0.1399924,51.33,-50.13853,18.00039,-2541.501,2506.928,71.25417,0.001900401,0.7153592,-0.6987543,0,0,1
17,0.1400038,-48.67019,24.85635,-19.49763,2408.581,-1243.299,54.21846,-0.003113686,-0.8907573,0.4544688,1,0.75,0,0.1400076,-23.66722,49.86379,-32.00154,1170.831,-2493.056,54.7364,-0.003084421,-0.429751,0.9029422,1,1,0.25,0.1400076,-48.66212,49.85907,-31.99918,2408.637,-2493.44,69.22794,-0.002443387,-0.6988991,0.7152162,1,1,0,0.1400038,-23.66234,24.8592,-19.49905,1171.052,-1243.256,33.87784,-0.004955987,-0.690358,0.723451,1,0.75,0.25,0.14,-48.67023,-0.1336216,-7.00245,2408.537,6.587112,48.24136,-0.003495593,-0.9999908,-0.002505787,1,0.5,0,0.1400076,1.33614,49.8633,-32.0013,-66.53972,-2493.367,49.39112,-0.003414882,0.02536445,0.9996725,1,1,0.5,0.14,-23.67579,-0.1349608,-7.001781,1170.94,6.785988,23.2474,-0.007174678,-0.9999607,-0.005199504,1,0.5,0.25,0.1399962,-48.66679,-25.13617,5.49902,2408.319,1256.834,54.33265,-0.003107341,-0.8888403,-0.4582067,1,0.25,0,0.1400038,1.33187,24.86052,-19.49971,-66.4054,-1243.232,24.40454,-0.006841167,0.05064101,0.9986935,1,0.75,0.5,0.1400076,26.32576,49.85863,-31.99897,-1303.999,-2492.72,55.85944,-0.00302296,0.4658505,0.8848583,1,1,0.75,0.1399962,-23.66713,-25.13931,5.500588,1170.902,1257.057,34.06762,-0.004928999,-0.6867066,-0.7269179,1,0.25,0.25,0.1399924,-48.66089,-50.13782,18.00004,2408.045,2506.775,69.41026,-0.002437233,-0.6970589,-0.7170097,1,0,0,0.1399924,-23.66575,-50.13556,17.99891,1170.293,2506.48,54.96052,-0.003072232,-0.4279878,-0.9037793,1,0,0.25,0.1400038,26.32623,24.85708,-19.498,-1303.932,-1242.984,35.66391,-0.00471122,0.7260152,0.6876625,1,0.75,0.75,0.1400076,51.33,49.8615,-32.0004,-2541.501,-2493.076,71.01826,-0.002382221,0.7167305,0.6973462,0,1,1,0.1400038,51.33,24.86149,-19.5002,-2541.501,-1243.075,56.47554,-0.002990338,0.8996724,0.4365554,0,0.75,1,0.14,1.332896,-0.1398906,-6.999316,-66.49382,6.909749,0.7801207,-0.1330968,0.9860142,-0.1003066,1,0.5,0.5,0.1399962,1.33743,-25.12805,5.494956,-66.67455,1257.063,24.64906,-0.006774955,0.05036974,-0.9987077,1,0.25,0.5,0.1399924,1.335404,-50.1332,17.99772,-66.98719,2506.772,49.63795,-0.003398375,0.0252249,-0.999676,1,0,0.5,0.14,26.33294,-0.1408022,-6.99886,-1304.083,6.883267,25.76314,-0.006487418,0.9999668,-0.004923861,1,0.5,0.75,0.14,51.33,-0.1385164,-7.000003,-2541.501,6.925822,50.75976,-0.003323854,0.9999914,-0.002478167,0,0.5,1,0.1399962,26.32491,-25.13601,5.498936,-1303.983,1257.08,35.83944,-0.004688673,0.722472,-0.6913843,1,0.25,0.75,0.1399924,26.33004,-50.14502,18.00364,-1303.737,2506.646,56.09465,-0.003010666,0.4639902,-0.8858352,1,0,0.75,0.1399962,51.33,-25.13853,5.500196,-2541.501,1256.927,56.58691,-0.002984638,0.8979173,-0.4401541,0,0.25,1,0.1399924,51.33,-50.13853,18.00039,-2541.501,2506.928,71.19566,-0.00237654,0.7149571,-0.6991643,0,0,1
18,0.1400038,-48.66582,24.85726,-19.49808,2408.546,-1243.315,54.4803,-0.00548763,-0.8914265,0.4531321,1,0.75,0,0.1400076,-23.66626,49.85498,-31.99714,1171.052,-2493.009,54.88727,-0.00544724,-0.4335173,0.9011288,1,1,0.25,0.1400076,-48.66394,49.86227,-32.00078,2408.337,-2493.267,69.45582,-0.004312833,-0.7005709,0.7135697,1,1,0,0.1400038,-23.6656,24.85839,-19.49865,1171.195,-1242.763,34.10252,-0.008719353,-0.6938996,0.7200189,1,0.75,0.25,0.14,-48.67051,-0.1396244,-6.999448,2408.605,6.792265,48.51659,-0.006155373,-0.9999796,-0.001704429,1,0.5,0,0.1400076,1.334654,49.86071,-32.00001,-66.7201,-2493.222,49.42751,-0.006042915,0.01982027,0.9997853,1,1,0.5,0.14,-23.67247,-0.1421577,-6.998182,1171.045,6.6905,23.5196,-0.01256122,-0.9999147,-0.00358368,1,0.5,0.25,0.1399962,-48.67562,-25.14069,5.501277,2408.451,1257.014,54.56684,-0.005479144,-0.8902034,-0.4555302,1,0.25,0,0.1400038,1.331437,24.86043,-19.49967,-66.30092,-1242.889,24.43785,-0.01209854,0.03955276,0.9991442,1,0.75,0.5,0.1400076,26.3335,49.86167,-32.00048,-1304.257,-2492.899,55.77851,-0.005360976,0.4617823,0.8869771,1,1,0.75,0.1399962,-23.66724,-25.14821,5.50504,1170.937,1256.981,34.2318,-0.008687116,-0.6913642,-0.7224542,1,0.25,0.25,0.1399924,-48.67321,-50.14035,18.0013,2408.747,2506.901,69.5808,-0.004305359,-0.6994539,-0.7146648,1,0,0,0.1399924,-23.66533,-50.13944,18.00085,1171.15,2506.735,55.04218,-0.005432322,-0.4322914,-0.9017177,1,0,0.25,0.1400038,26.32955,24.86104,-19.49998,-1304.049,-1243.088,35.50204,-0.008380402,0.72175,0.6921031,1,0.75,0.75,0.1400076,51.33,49.8615,-32.0004,-2541.501,-2493.076,70.85348,-0.004228354,0.7145401,0.6995816,0,1,1,0.1400038,51.33,24.86149,-19.5002,-2541.501,-1243.075,56.24891,-0.005316605,0.89843,0.4390846,0,0.75,1,0.14,1.327293,-0.1403149,-6.999104,-66.3869,6.862795,0.5309588,-0.2926551,0.9527208,-0.08170628,1,0.5,0.5,0.1399962,1.333108,-25.14034,5.501102,-66.67171,1257.014,24.60552,-0.01201804,0.03935512,-0.999153,1,0.25,0.5,0.1399924,1.32883,-50.13476,17.99851,-66.49544,2507.101,49.58925,-0.006023707,0.01964002,-0.9997889,1,0,0.5,0.14,26.33314,-0.1402684,-6.999126,-1303.986,7.12053,25.48995,-0.01160893,0.9999273,-0.003239301,1,0.5,0.75,0.14,51.33,-0.1385164,-7.000003,-2541.501,6.925822,50.48588,-0.005917626,0.9999812,-0.001616864,0,0.5,1,0.1399962,26.32628,-25.14183,5.501848,-1303.92,1257.259,35.6166,-0.008354031,0.7193701,-0.6945767,1,0.25,0.75,0.1399924,26.33395,-50.14467,18.00346,-1303.951,2507.252,55.93031,-0.005346826,0.4605482,-0.8876186,1,0,0.75,0.1399962,51.33,-25.13853,5.500196,-2541.501,1256.927,56.3215,-0.005309948,0.8972823,-0.4414253,0,0.25,1,0.1399924,51.33,-50.13853,18.00039,-2541.501,2506.928,70.96892,-0.004221737,0.713386,-0.7007585,0,0,1
19,0.1400038,-48.67198,24.86434,-19.50163,2408.452,-1242.878,54.79277,-0.005018689,-0.8921939,0.4516247,1,0.75,0,0.1400076,-23.66381,49.86303,-32.00116,1170.943,-2493.411,55.07649,-0.004992999,-0.4376616,0.8991259,1,1,0.25,0.1400076,-48.66845,49.86267,-32.00098,2408.37,-2492.989,69.71648,-0.003951969,-0.702518,0.711655,1,1,0,0.1400038,-23.66893,24.85758,-19.49825,1171.063,-1243.172,34.35987,-0.00796036,-0.6979033,0.7161478,1,0.75,0.25,0.14,-48.66647,-0.1363988,-7.001061,2408.51,6.839353,48.82715,-0.005625725,-0.999984,-0.0005911405,1,0.5,0,0.1400076,1.331998,49.86707,-32.00318,-66.71644,-2492.985,49.4796,-0.005552133,0.0134477,0.9998941,1,1,0.5,0.14,-23.67067,-0.1332709,-7.002625,1171.261,6.977148,23.83216,-0.0114047,-0.9999344,-0.001069834,1,0.5,0.25,0.1399962,-48.66812,-25.13995,5.50091,2408.208,1257.078,54.81696,-0.005016632,-0.8917339,-0.4525324,1,0.25,0,0.1400038,1.33388,24.86257,-19.50074,-66.66927,-1243.014,24.48044,-0.01110858,0.02698084,0.9995742,1,0.75,0.5,0.1400076,26.32947,49.85358,-31.99644,-1304.155,-2493.027,55.67017,-0.004940226,0.4569967,0.8894547,1,1,0.75,0.1399962,-23.66867,-25.13785,5.499857,1170.836,1257.016,34.40683,-0.00794987,-0.6969568,-0.717069,1,0.25,0.25,0.1399924,-48.66233,-50.13899,18.00062,2408.3,2506.84,69.7562,-0.003949952,-0.7020336,-0.7121329,1,0,0,0.1399924,-23.66693,-50.13464,17.99845,1170.984,2506.926,55.12923,-0.004988539,-0.4373027,-0.8993005,1,0,0.25,0.1400038,26.32645,24.85968,-19.49929,-1304.107,-1243.169,35.30778,-0.007749634,0.7167875,0.6972486,1,0.75,0.75,0.1400076,51.33,49.8615,-32.0004,-2541.501,-2493.076,70.66469,-0.003899313,0.7120121,0.7021564,0,1,1,0.1400038,51.33,24.86149,-19.5002,-2541.501,-1243.075,55.98872,-0.004912435,0.8969953,0.4420127,0,0.75,1,0.14,1.327934,-0.1320662,-7.003228,-66.38375,7.159997,0.2238166,-0.3833858,0.9229512,-0.03429964,1,0.5,0.5,0.1399962,1.334956,-25.13631,5.499086,-66.86645,1256.586,24.53971,-0.01108259,0.02695995,-0.9995751,1,0.25,0.5,0.1399924,1.338968,-50.14103,18.00164,-66.65314,2506.786,49.53917,-0.005545828,0.01357099,-0.9998925,1,0,0.5,0.14,26.33214,-0.1362052,-7.001158,-1304.154,6.906438,25.17377,-0.01080874,0.9999409,-0.001128221,1,0.5,0.75,0.14,51.33,-0.1385164,-7.000003,-2541.501,6.925822,50.17089,-0.005476537,0.9999848,-0.0006172552,0,0.5,1,0.1399962,26.32537,-25.13716,5.499513,-1303.727,1257.039,35.35095,-0.007740514,0.7158939,-0.6981661,1,0.25,0.75,0.1399924,26.32889,-50.13727,17.99976,-1304.208,2507.038,55.73148,-0.004935112,0.4564882,-0.8897158,1,0,0.75,0.1399962,51.33,-25.13853,5.500196,-2541.501,1256.927,56.0164,-0.004910165,0.8965561,-0.4429031,0,0.25,1,0.1399924,51.33,-50.13853,18.00039,-2541.501,2506.928,70.70863,-0.003897121,0.7115727,-0.7026016,0,0,1
20,0.1400038,-48.66447,24.85743,-19.49817,2408.454,-1243.027,55.08001,-0.004772889,-0.8929827,0.4500659,1,0.75,0,0.1400076,-23.67551,49.86413,-32.00171,1170.708,-2493.199,55.26276,-0.004757178,-0.4419261,0.8970389,1,1,0.25,0.1400076,-48.67263,49.86195,-32.00062,2408.059,-2492.805,69.97079,-0.003764303,-0.7044073,0.709786,1,1,0,0.1400038,-23.66671,24.85822,-19.49857,1170.834,-1243.06,34.60965,-0.007555678,-0.7016365,0.7124951,1,0.75,0.25,0.14,-48.66375,-0.1386841,-6.999918,2408.288,7.127456,49.13197,-0.005344963,-0.9999856,0.0003736897,1,0.5,0,0.1400076,1.330472,49.86622,-32.00276,-66.64341,-2493.075,49.52547,-0.005302766,0.00725565,0.9999596,1,1,0.5,0.14,-23.65819,-0.1355135,-7.001504,1170.997,6.812688,24.12714,-0.0107719,-0.9999416,0.0008818556,1,0.5,0.25,0.1399962,-48.66487,-25.14193,5.501899,2408.053,1256.824,55.06688,-0.004774154,-0.8932007,-0.449633,1,0.25,0,0.1400038,1.334996,24.86739,-19.50315,-66.85444,-1243.207,24.52873,-0.01059891,0.0146828,0.999836,1,0.75,0.5,0.1400076,26.33318,49.86158,-32.00044,-1303.861,-2493.131,55.58359,-0.004729964,0.4522834,0.8918617,1,1,0.75,0.1399962,-23.66788,-25.13758,5.499723,1170.586,1256.878,34.58547,-0.007561102,-0.7021534,-0.7119855,1,0.25,0.25,0.1399924,-48.66441,-50.14337,18.00281,2407.697,2506.701,69.94154,-0.003766082,-0.704583,-0.7096116,1,0,0,0.1399924,-23.66599,-50.13638,17.99932,1170.552,2506.882,55.22068,-0.004761044,-0.4420889,-0.8969586,1,0,0.25,0.1400038,26.32724,24.85582,-19.49737,-1303.865,-1243.003,35.12077,-0.007447261,0.7119367,0.7022041,1,0.75,0.75,0.1400076,51.33,49.8615,-32.0004,-2541.501,-2493.076,70.48116,-0.003737236,0.7095191,0.7046762,0,1,1,0.1400038,51.33,24.86149,-19.5002,-2541.501,-1243.075,55.73511,-0.004717288,0.8955703,0.4448951,0,0.75,1,0.14,1.326112,-0.1356471,-7.001438,-66.9261,6.922173,-0.05341402,-0.59402,0.8029971,0.04833099,1,0.5,0.5,0.1399962,1.33775,-25.13235,5.497106,-66.97436,1256.574,24.47927,-0.0106202,0.01482213,-0.9998338,1,0.25,0.5,0.1399924,1.337131,-50.12955,17.9959,-67.17159,2506.779,49.47439,-0.005308492,0.00739631,-0.9999586,1,0,0.5,0.14,26.32774,-0.1312086,-7.003656,-1304.564,6.80811,24.86163,-0.01045994,0.9999448,0.001026058,1,0.5,0.75,0.14,51.33,-0.1385164,-7.000003,-2541.501,6.925822,49.8632,-0.005267359,0.9999861,0.0003715947,0,0.5,1,0.1399962,26.32732,-25.13526,5.498564,-1303.74,1257.075,35.09624,-0.007452608,0.7124295,-0.7017042,1,0.25,0.75,0.1399924,26.32493,-50.13198,17.99711,-1303.742,2506.895,55.54056,-0.004733868,0.4524834,-0.8917603,1,0,0.75,0.1399962,51.33,-25.13853,5.500196,-2541.501,1256.927,55.71847,-0.00471882,0.8958354,-0.444361,0,0.25,1,0.1399924,51.33,-50.13853,18.00039,-2541.501,2506.928,70.45479,-0.003738841,0.7097829,-0.7044106,0,0,1
21,0.1400038,-48.66299,24.86319,-19.50105,2408.286,-1242.764,55.32225,-0.007886475,-0.8935277,0.4489387,1,0.75,0,0.1400076,-23.66295,49.86214,-32.00072,1170.753,-2492.914,55.40275,-0.007875049,-0.4450351,0.8954785,1,1,0.25,0.1400076,-48.65554,49.86337,-32.00133,2408.382,-2493.032,70.16425,-0.006229981,-0.7057498,0.7084337,1,1,0,0.1400038,-23.66435,24.86062,-19.49976,1170.757,-1243.103,34.81466,-0.01246623,-0.7045257,0.7095689,1,0.75,0.25,0.14,-48.6668,-0.1474622,-6.99553,2408.312,6.919505,49.38451,-0.008825276,-0.9999605,0.001004506,1,0.5,0,0.1400076,1.337948,49.85838,-31.99884,-66.49461,-2492.875,49.55804,-0.00879453,0.002441433,0.9999583,1,1,0.5,0.14,-23.6647,-0.1472306,-6.995646,1170.732,7.319187,24.38438,-0.0176916,-0.9998414,0.00202299,1,0.5,0.25,0.1399962,-48.66753,-25.14722,5.504544,2408.483,1256.979,55.27651,-0.007893079,-0.8943418,-0.4473146,1,0.25,0,0.1400038,1.338238,24.86127,-19.50009,-66.82555,-1243.179,24.56301,-0.01756536,0.004887822,0.9998338,1,0.75,0.5,0.1400076,26.32442,49.85379,-31.99654,-1303.853,-2492.872,55.49802,-0.007861651,0.4483852,0.8938059,1,1,0.75,0.1399962,-23.66577,-25.145,5.503434,1170.815,1257.072,34.73716,-0.01249387,-0.7061155,-0.7079864,1,0.25,0.25,0.1399924,-48.66066,-50.15474,18.0085,2408.567,2506.858,70.09439,-0.006236362,-0.7065207,-0.7076649,1,0,0,0.1399924,-23.66339,-50.14876,18.00551,1171.001,2507.462,55.30579,-0.007889006,-0.4458162,-0.8950897,1,0,0.25,0.1400038,26.32494,24.85862,-19.49876,-1303.754,-1242.869,34.97504,-0.01240987,0.7077992,0.7063047,1,0.75,0.75,0.1400076,51.33,49.8615,-32.0004,-2541.501,-2493.076,70.33463,-0.006214996,0.7074826,0.7067035,0,1,1,0.1400038,51.33,24.86149,-19.5002,-2541.501,-1243.075,55.53205,-0.007856946,0.8943858,0.4472274,0,0.75,1,0.14,1.329118,-0.1420104,-6.998256,-66.58845,7.104343,-0.0420064,-0.9612461,0.2475658,0.1213141,1,0.5,0.5,0.1399962,1.335134,-25.13535,5.49861,-66.58147,1257.039,24.44196,-0.01765092,0.004787068,-0.9998327,1,0.25,0.5,0.1399924,1.331081,-50.13993,18.00109,-66.57816,2506.763,49.44444,-0.008814839,0.002309488,-0.9999585,1,0,0.5,0.14,26.33285,-0.137703,-7.00041,-1304.097,6.683921,24.62105,-0.01752493,0.9998436,0.0023832,1,0.5,0.75,0.14,51.33,-0.1385164,-7.000003,-2541.501,6.925822,49.61623,-0.00878447,0.9999607,0.001178363,0,0.5,1,0.1399962,26.32832,-25.13961,5.50074,-1303.972,1256.883,34.89691,-0.01243748,0.709457,-0.704639,1,0.25,0.75,0.1399924,26.32536,-50.13784,18.00004,-1304.289,2506.845,55.39917,-0.007875827,0.449195,-0.8933991,1,0,0.75,0.1399962,51.33,-25.13853,5.500196,-2541.501,1256.927,55.47932,-0.007864482,0.8952281,-0.4455387,0,0.25,1,0.1399924,51.33,-50.13853,18.00039,-2541.501,2506.928,70.25121,-0.00622254,0.7083167,-0.7058673,0,0,1
22,0.1400038,-48.67661,24.85954,-19.49922,2408.219,-1243.272,55.37884,-0.01358145,-0.8936539,0.4485512,1,0.75,0,0.1400076,-23.66701,49.86374,-32.00151,1170.745,-2493.248,55.43564,-0.01356759,-0.4456326,0.8951132,1,1,0.25,0.1400076,-48.67425,49.8602,-31.99975,2407.873,-2493.338,70.21422,-0.0107321,-0.7061378,0.7079932,1,1,0,0.1400038,-23.67473,24.85795,-19.49843,1170.748,-1243.464,34.86176,-0.02146148,-0.705125,0.7087582,1,0.75,0.25,0.14,-48.66951,-0.141838,-6.998342,2407.971,6.797722,49.43504,-0.01519814,-0.9998837,0.001264671,1,0.5,0,0.1400076,1.331271,49.86205,-32.00067,-66.93308,-2493.26,49.57284,-0.01515616,0.001428721,0.9998841,1,1,0.5,0.14,-23.67264,-0.1387527,-6.999884,1170.267,6.882279,24.44401,-0.03042493,-0.9995335,0.002655414,1,0.5,0.25,0.1399962,-48.66408,-25.13672,5.499294,2408.066,1256.793,55.30819,-0.01359878,-0.8945606,-0.4467396,1,0.25,0,0.1400038,1.329942,24.86143,-19.50017,-66.78476,-1243.079,24.578,-0.03026222,0.002799707,0.9995381,1,0.75,0.5,0.1400076,26.32537,49.86009,-31.99969,-1303.967,-2493.007,55.49442,-0.01355335,0.4476454,0.8941084,1,1,0.75,0.1399962,-23.66113,-25.13792,5.499892,1170.691,1256.79,34.76012,-0.02152357,-0.7067718,-0.7071142,1,0.25,0.25,0.1399924,-48.66202,-50.14032,18.00129,2408.061,2507.003,70.1137,-0.01074759,-0.7069697,-0.7071621,1,0,0,0.1399924,-23.6629,-50.13969,18.00097,1170.747,2507.152,55.31387,-0.01359747,-0.4465312,-0.8946648,1,0,0.25,0.1400038,26.33469,24.86,-19.49945,-1303.736,-1242.902,34.96242,-0.02140057,0.7070854,0.7068042,1,0.75,0.75,0.1400076,51.33,49.8615,-32.0004,-2541.501,-2493.076,70.31145,-0.01071736,0.7070928,0.7070395,0,1,1,0.1400038,51.33,24.86149,-19.5002,-2541.501,-1243.075,55.49943,-0.01355221,0.8941211,0.4476203,0,0.75,1,0.14,1.330585,-0.1398254,-6.999349,-66.56973,6.93737,0.2650006,-0.9920512,0.0926204,0.08518159,1,0.5,0.5,0.1399962,1.339409,-25.13456,5.498212,-67.0508,1256.753,24.44125,-0.03042845,0.003194635,-0.9995318,1,0.25,0.5,0.1399924,1.337397,-50.13558,17.99892,-66.99506,2506.908,49.43642,-0.01519787,0.001555306,-0.9998833,1,0,0.5,0.14,26.33227,-0.1384937,-7.000014,-1304.264,7.061822,24.58411,-0.030255,0.9995387,0.002650907,1,0.5,0.75,0.14,51.33,-0.1385164,-7.000003,-2541.501,6.925822,49.57607,-0.01515534,0.9998843,0.001327441,0,0.5,1,0.1399962,26.32922,-25.13873,5.500299,-1303.734,1257.147,34.8659,-0.02145919,0.7088606,-0.7050222,1,0.25,0.75,0.1399924,26.32416,-50.1372,17.99973,-1303.986,2506.767,55.3751,-0.01358257,0.4485796,-0.8936397,1,0,0.75,0.1399962,51.33,-25.13853,5.500196,-2541.501,1256.927,55.44005,-0.01356673,0.8950702,-0.4457189,0,0.25,1,0.1399924,51.33,-50.13853,18.00039,-2541.501,2506.928,70.21751,-0.01073182,0.7080321,-0.7060987,0,0,1
23,0.1400038,-48.66293,24.86227,-19.50059,2408.217,-1243.115,55.31754,-0.01310321,-0.8931249,0.4496179,1,0.75,0,0.1400076,-23.66983,49.86069,-31.99999,1170.752,-2492.904,55.4286,-0.01307712,-0.4444762,0.8956952,1,1,0.25,0.1400076,-48.66507,49.86161,-32.00045,2407.965,-2493.258,70.17937,-0.01034793,-0.7053568,0.7087769,1,1,0,0.1400038,-23.66474,24.8659,-19.5024,1170.665,-1243.132,34.83083,-0.02070115,-0.7034603,0.710433,1,0.75,0.25,0.14,-48.66988,-0.1364693,-7.001027,2408.532,6.545779,49.36444,-0.01466762,-0.9998905,0.001961783,1,0.5,0,0.1400076,1.333837,49.86172,-32.00051,-66.89365,-2493.027,49.60155,-0.01459805,0.002888827,0.9998893,1,1,0.5,0.14,-23.67432,-0.1342237,-7.002149,1171.042,6.887269,24.37438,-0.02940345,-0.9995596,0.004022971,1,0.5,0.25,0.1399962,-48.67306,-25.13812,5.499992,2409.015,1256.831,55.24021,-0.01312152,-0.8945457,-0.4467838,1,0.25,0,0.1400038,1.337804,24.86115,-19.50003,-66.93505,-1243.24,24.60654,-0.0291314,0.005922811,0.999558,1,0.75,0.5,0.1400076,26.32632,49.86488,-32.00209,-1304.306,-2492.955,55.5566,-0.01304726,0.4484257,0.8937249,1,1,0.75,0.1399962,-23.66769,-25.13768,5.499775,1171.114,1257.044,34.69338,-0.02078222,-0.7062916,-0.7076158,1,0.25,0.25,0.1399924,-48.67069,-50.13274,17.9975,2408.682,2506.717,70.04353,-0.01036807,-0.7067947,-0.7073427,1,0,0,0.1399924,-23.67352,-50.13417,17.99821,1171.067,2506.623,55.25556,-0.01311798,-0.4459218,-0.8949757,1,0,0.25,0.1400038,26.32735,24.86324,-19.50107,-1303.771,-1242.867,35.02961,-0.02058533,0.7075297,0.7063837,1,0.75,0.75,0.1400076,51.33,49.8615,-32.0004,-2541.501,-2493.076,70.38183,-0.01031837,0.7073872,0.7067509,0,1,1,0.1400038,51.33,24.86149,-19.5002,-2541.501,-1243.075,55.57534,-0.01304297,0.8941703,0.447537,0,0.75,1,0.14,1.331686,-0.1333815,-7.00257,-66.67696,7.013988,0.2519628,-0.9726446,0.1896148,0.1341969,1,0.5,0.5,0.1399962,1.328382,-25.13664,5.499252,-66.54472,1256.773,24.41347,-0.02935746,0.005590558,-0.9995534,1,0.25,0.5,0.1399924,1.329665,-50.13439,17.99832,-66.26981,2506.788,49.40566,-0.01465566,0.00281656,-0.9998887,1,0,0.5,0.14,26.33611,-0.1419066,-6.998308,-1304.109,7.017678,24.65781,-0.02907218,0.9995706,0.003672256,1,0.5,0.75,0.14,51.33,-0.1385164,-7.000003,-2541.501,6.925822,49.64632,-0.01458517,0.9998918,0.001909934,0,0.5,1,0.1399962,26.32716,-25.13647,5.499167,-1304.265,1257.093,34.89174,-0.02066574,0.7102804,-0.7036154,1,0.25,0.75,0.1399924,26.33284,-50.14053,18.00139,-1303.985,2507.198,55.38717,-0.01308709,0.4499019,-0.8929821,1,0,0.75,0.1399962,51.33,-25.13853,5.500196,-2541.501,1256.927,55.48987,-0.01306301,0.8955352,-0.4447989,0,0.25,1,0.1399924,51.33,-50.13853,18.00039,-2541.501,2506.928,70.24657,-0.01033831,0.7087396,-0.7053945,0,0,1
24,0.1400038,-48.67636,24.85741,-19.49816,2408.618,-1243.517,55.28288,-0.007477444,-0.8928741,0.4502442,1,0.75,0,0.1400076,-23.67112,49.85793,-31.99861,1170.836,-2493.299,55.41925,-0.00745914,-0.4435295,0.8962287,1,1,0.25,0.1400076,-48.67984,49.85587,-31.99759,2408.288,-2493.234,70.15917,-0.00590312,-0.7049413,0.7092411,1,1,0,0.1400038,-23.6744,24.85786,-19.49838,1170.859,-1243.241,34.80298,-0.01181524,-0.7026354,0.7114519,1,0.75,0.25,0.14,-48.66484,-0.1422384,-6.998142,2408.565,6.869441,49.29745,-0.008376276,-0.9999622,0.002334982,1,0.5,0,0.1400076,1.328745,49.86145,-32.00037,-66.73216,-2492.953,49.62209,-0.008321871,0.003950836,0.9999575,1,1,0.5,0.14,-23.66292,-0.1349814,-7.00177,1170.773,6.612758,24.29745,-0.01682097,-0.9998461,0.004981684,1,0.5,0.25,0.1399962,-48.66172,-25.1453,5.503584,2408.636,1256.848,55.16699,-0.007493148,-0.8944699,-0.4470654,1,0.25,0,0.1400038,1.327342,24.86024,-19.49957,-66.58459,-1243.087,24.62299,-0.01660286,0.007826326,0.9998316,1,0.75,0.5,0.1400076,26.3359,49.85758,-31.99844,-1303.782,-2493.083,55.599,-0.00743524,0.4492981,0.893351,1,1,0.75,0.1399962,-23.66599,-25.13445,5.498159,1170.851,1256.808,34.62639,-0.01187486,-0.7059283,-0.7081837,1,0.25,0.25,0.1399924,-48.67021,-50.14159,18.00192,2408.409,2507.274,69.98849,-0.00591763,-0.7065115,-0.7076769,1,0,0,0.1399924,-23.66996,-50.14341,18.00283,1171.037,2506.566,55.21132,-0.007487255,-0.4451642,-0.8954176,1,0,0.25,0.1400038,26.33165,24.8542,-19.49656,-1303.861,-1243.164,35.07962,-0.01172338,0.7082968,0.7058174,1,0.75,0.75,0.1400076,51.33,49.8615,-32.0004,-2541.501,-2493.076,70.43771,-0.005879941,0.707653,0.7065356,0,1,1,0.1400038,51.33,24.86149,-19.5002,-2541.501,-1243.075,55.63516,-0.007430519,0.8942573,0.4474915,0,0.75,1,0.14,1.328599,-0.1431213,-6.997701,-66.18062,6.751424,-0.02412403,-0.876525,0.4158179,0.242486,1,0.5,0.5,0.1399962,1.337794,-25.13964,5.500755,-66.56226,1256.741,24.38549,-0.01676162,0.00832101,-0.9998249,1,0.25,0.5,0.1399924,1.335567,-50.14032,18.00129,-66.52522,2506.942,49.38396,-0.008361902,0.004106441,-0.9999567,1,0,0.5,0.14,26.33437,-0.1420255,-6.998248,-1303.865,6.873047,24.70737,-0.01654743,0.9998524,0.004621228,1,0.5,0.75,0.14,51.33,-0.1385164,-7.000003,-2541.501,6.925822,49.70116,-0.008308915,0.9999626,0.002390346,0,0.5,1,0.1399962,26.32847,-25.14334,5.502601,-1303.744,1256.982,34.91687,-0.01177747,0.7114617,-0.7026262,1,0.25,0.75,0.1399924,26.32969,-50.14283,18.00254,-1303.867,2507.083,55.38924,-0.007463419,0.4508733,-0.8925568,1,0,0.75,0.1399962,51.33,-25.13853,5.500196,-2541.501,1256.927,55.52818,-0.007444844,0.8959649,-0.4440625,0,0.25,1,0.1399924,51.33,-50.13853,18.00039,-2541.501,2506.928,70.26834,-0.005894229,0.7093466,-0.7048352,0,0,1
25,0.1400038,-48.66696,24.862,-19.50045,2408.094,-1242.535,55.23795,-0.00186213,-0.892481,0.4510812,1,0.75,0,0.1400076,-23.66554,49.85778,-31.99854,1170.907,-2492.969,55.41145,-0.001856283,-0.4425505,0.8967417,1,1,0.25,0.1400076,-48.66522,49.86171,-32.0005,2408.045,-2492.542,70.13027,-0.001469448,-0.7042777,0.7099231,1,1,0,0.1400038,-23.6644,24.8555,-19.49721,1170.787,-1242.789,34.77057,-0.002942717,-0.7015055,0.7126579,1,0.75,0.25,0.14,-48.66393,-0.1443271,-6.997097,2408.119,7.051648,49.24232,-0.002086656,-0.9999941,0.002734469,1,0.5,0,0.1400076,1.336126,49.86726,-32.00328,-66.77003,-2492.961,49.64837,-0.002069608,0.005145219,0.9999846,1,1,0.5,0.14,-23.65984,-0.1394181,-6.999552,1170.639,7.166672,24.23856,-0.004195681,-0.999975,0.005696691,1,0.5,0.25,0.1399962,-48.66335,-25.14698,5.504423,2408.184,1257.261,55.1109,-0.001866521,-0.8944551,-0.4471539,1,0.25,0,0.1400038,1.338094,24.86787,-19.50339,-66.96327,-1243.07,24.64978,-0.004126927,0.01033776,0.999938,1,0.75,0.5,0.1400076,26.33064,49.85874,-31.99902,-1304.235,-2493.288,55.63937,-0.001848747,0.4498186,0.893118,1,1,0.75,0.1399962,-23.66916,-25.14175,5.50181,1170.862,1257.015,34.57887,-0.002959016,-0.7054748,-0.7087288,1,0.25,0.25,0.1399924,-48.66084,-50.14649,18.00437,2408.173,2507.202,69.93156,-0.00147381,-0.7062024,-0.7080085,1,0,0,0.1399924,-23.66576,-50.14214,18.0022,1170.938,2507.32,55.16389,-0.001864813,-0.4445228,-0.8957655,1,0,0.25,0.1400038,26.32708,24.85512,-19.49701,-1303.954,-1243.161,35.12742,-0.002913242,0.7086951,0.7055089,1,0.75,0.75,0.1400076,51.33,49.8615,-32.0004,-2541.501,-2493.076,70.48922,-0.001462018,0.7078807,0.7063305,0,1,1,0.1400038,51.33,24.86149,-19.5002,-2541.501,-1243.075,55.69054,-0.001847131,0.8943125,0.447439,0,0.75,1,0.14,1.329343,-0.1355648,-7.001479,-66.57339,7.152039,-0.1920112,-0.3370094,0.8157476,0.4700857,1,0.5,0.5,0.1399962,1.333309,-25.14125,5.501561,-66.77905,1256.809,24.36243,-0.00417493,0.01026475,-0.9999386,1,0.25,0.5,0.1399924,1.335686,-50.13988,18.00107,-66.62962,2506.991,49.36031,-0.002081871,0.00516612,-0.9999844,1,0,0.5,0.14,26.3333,-0.1408133,-6.998855,-1304.153,6.956579,24.7558,-0.004109754,0.9999763,0.005524778,1,0.5,0.75,0.14,51.33,-0.1385164,-7.000003,-2541.501,6.925822,49.75221,-0.002065483,0.9999939,0.002822355,0,0.5,1,0.1399962,26.32951,-25.13704,5.499452,-1303.896,1257.086,34.93303,-0.00292944,0.7126517,-0.7015119,1,0.25,0.75,0.1399924,26.33444,-50.13663,17.99944,-1303.808,2507.044,55.38866,-0.001857313,0.4519044,-0.8920644,1,0,0.75,0.1399962,51.33,-25.13853,5.500196,-2541.501,1256.927,55.56419,-0.00185143,0.8963279,-0.4433878,0,0.25,1,0.1399924,51.33,-50.13853,18.00039,-2541.501,2506.928,70.28915,-0.001466365,0.7098814,-0.7043197,0,0,1
26,-16.89412,-45.72704,20.20568,711.3483,2274.449,-993.5118,53.25164,-0.3129211,-0.8697768,0.3815345,1,0.75,0,-1.600661,-22.76213,42.85276,12.05381,1129.454,-2161.505,48.80033,-0.03096458,-0.4824921,0.8753528,1,1,0.25,-0.01800521,-47.78986,38.53849,-30.38948,2376.656,-1992.677,61.88189,0.0008991656,-0.7825149,0.6226311,1,1,0,-17.03553,-20.85018,23.27276,770.7542,1046.208,-1171.753,35.85929,-0.4664951,-0.6016364,0.6483949,1,0.75,0.25,-31.18155,-42.54947,-0.3415441,1457.396,2129.339,0.9329174,53.03878,-0.5810266,-0.8138842,-0.0007307419,1,0.5,0,-6.37013,1.12458,48.43536,260.3628,-53.25705,-2431.791,48.64287,-0.1281169,0.002028463,0.991757,1,1,0.5,-24.04383,-18.60029,-0.7135362,1106.399,942.9666,24.85721,30.48169,-0.7736741,-0.6334447,-0.01326962,1,0.5,0.25,-39.70465,-40.2009,-23.79812,1878.675,2021.929,1172.809,61.3239,-0.6410232,-0.6668262,-0.3800423,1,0.25,0,-15.38605,4.020334,25.06339,700.6908,-186.3482,-1258.975,29.28008,-0.5141678,0.1005853,0.8517712,1,0.75,0.5,-3.088227,26.53524,49.696,99.30475,-1310.796,-2488.818,55.71125,-0.05362148,0.4538298,0.8894736,1,1,0.75,-32.30917,-15.98484,-24.16457,1524.739,820.9717,1196.438,43.06413,-0.7399454,-0.3904528,-0.5477476,1,0.25,0.25,-20.02817,-45.91764,-38.48851,885.4556,2289.326,1882.691,63.21769,-0.3131637,-0.7367269,-0.5993012,1,0,0,-17.21519,-21.15693,-43.59433,800.0927,1060.809,2183.491,51.07558,-0.3323491,-0.4300838,-0.8393878,1,0,0.25,-5.145386,26.89174,24.77889,191.7183,-1321.505,-1242.173,35.88521,-0.1393778,0.7109163,0.6893271,1,0.75,0.75,0.1400076,51.33,49.8615,-32.0004,-2541.501,-2493.076,70.54272,0.003013743,0.7080966,0.7061092,0,1,1,0.1400038,51.33,24.86149,-19.5002,-2541.501,-1243.075,55.74831,0.003806349,0.8943399,0.4473719,0,0.75,1,-20.43691,6.172622,0.6733637,978.7177,-298.7446,-45.6008,20.52607,-0.9684557,0.2448259,0.04640833,1,0.5,0.5,-23.03721,7.209829,-24.63116,1094.52,-339.5421,1223.78,33.52125,-0.6749639,0.1817962,-0.7151041,1,0.25,0.5,-16.45948,3.342686,-48.43594,809.6883,-152.4701,2426.252,50.3988,-0.3219209,0.04553724,-0.9456708,1,0,0.5,-7.134857,27.31787,-0.0302114,301.1149,-1337.422,-3.928255,26.72589,-0.25934,0.9657344,0.009998192,1,0.5,0.75,0.14,51.33,-0.1385164,-7.000003,-2541.501,6.925822,49.80583,0.004255906,0.9999857,0.003258165,0,0.5,1,-9.661683,28.33064,-24.88127,401.852,-1367.684,1241.434,37.46901,-0.2525108,0.7191589,-0.6473398,1,0.25,0.75,-8.298587,27.80027,-49.76696,365.3944,-1352.53,2486.225,56.34455,-0.1446839,0.4710279,-0.870172,1,0,0.75,0.1399962,51.33,-25.13853,5.500196,-2541.501,1256.927,55.60242,0.003816111,0.8966655,-0.4426922,0,0.25,1,0.1399924,51.33,-50.13853,18.00039,-2541.501,2506.928,70.31164,0.003023362,0.7104073,-0.7037842,0,0,1
27,-40.71545,-39.28983,20.55323,1972.482,1960.418,-1033.655,60.1864,-0.664509,-0.6633653,0.3440557,1,0.75,0,-18.99452,-20.74499,41.80474,865.2993,1039.74,-2066.653,50.41781,-0.365407,-0.4264208,0.8274316,1,1,0.25,-22.11465,-45.18082,36.17813,1017.877,2247.504,-1786.813,62.22356,-0.3463746,-0.7357403,0.5819887,1,1,0,-34.71688,-14.87124,23.27312,1700.31,746.5479,-1184.212,44.06693,-0.770259,-0.3553905,0.5295268,1,0.75,0.25,-51.35729,-33.45212,-2.409635,2553.24,1671.748,82.59266,61.03724,-0.8282544,-0.5593286,-0.03385542,1,0.5,0,-15.94581,3.623249,46.49807,727.5784,-163.802,-2321.475,48.91248,-0.3148397,0.05374806,0.9476218,1,1,0.5,-38.07631,-12.40585,-1.145864,1933.411,601.4396,31.52725,39.4983,-0.9422277,-0.3343459,-0.02049082,1,0.5,0.25,-57.49825,-26.38469,-26.1047,2858.349,1362.203,1275.668,67.8678,-0.8353268,-0.4000731,-0.3770552,1,0.25,0,-25.96842,8.54136,24.03256,1277.893,-417.4619,-1221.238,35.62526,-0.7080814,0.2096576,0.674288,1,0.75,0.5,-10.41934,28.67438,49.1591,453.1404,-1401.179,-2462.14,57.09417,-0.1741589,0.4810722,0.8592079,1,1,0.75,-35.99652,-13.33408,-26.04745,1800.974,679.0234,1271.637,45.69548,-0.7708054,-0.3095866,-0.5567901,1,0.25,0.25,-51.84906,-33.04262,-50.10384,2546.829,1705.023,2461.139,78.76316,-0.6492331,-0.4290776,-0.6280038,1,0,0,-35.39413,-13.97307,-50.80532,1782.489,709.527,2515.472,62.71967,-0.5537096,-0.2363266,-0.7984707,1,0,0.25,-14.33572,30.97398,24.57912,705.8276,-1534.206,-1244.809,40.91483,-0.3367614,0.7245365,0.6013639,1,0.75,0.75,0.1400076,51.33,49.8615,-32.0004,-2541.501,-2493.076,70.60191,0.007437294,0.7083155,0.7058569,0,1,1,0.1400038,51.33,24.86149,-19.5002,-2541.501,-1243.075,55.81245,0.009390499,0.8943418,0.4472858,0,0.75,1,-24.64579,8.85723,-0.9367074,1235.412,-424.1934,28.35252,25.01516,-0.9506894,0.3092203,-0.02392467,1,0.5,0.5,-19.25469,5.192847,-25.30097,989.2366,-261.8552,1252.723,31.08341,-0.5973354,0.1337862,-0.7907539,1,0.25,0.5,-20.73905,6.284021,-50.23381,1067.304,-305.7806,2499.322,53.65868,-0.3757524,0.09816705,-0.921506,1,0,0.5,-8.572743,27.97325,-0.04064555,497.5452,-1423.618,5.808509,27.72008,-0.2900043,0.9569718,0.01012116,1,0.5,0.75,0.14,51.33,-0.1385164,-7.000003,-2541.501,6.925822,49.8657,0.01049917,0.999938,0.003727718,0,0.5,1,-6.695397,27.27884,-24.95871,352.5112,-1352.961,1244.807,36.0899,-0.172359,0.7190896,-0.6732033,1,0.25,0.75,-7.115249,27.40547,-50.17832,364.9446,-1352.868,2504.666,56.32819,-0.1183647,0.4652277,-0.8772417,1,0,0.75,0.1399962,51.33,-25.13853,5.500196,-2541.501,1256.927,55.6455,0.009418285,0.8970011,-0.4419279,0,0.25,1,0.1399924,51.33,-50.13853,18.00039,-2541.501,2506.928,70.33736,0.007464854,0.7109607,-0.7031921,0,0,1
28,-39.55534,-38.64701,24.70733,2084.306,1855.022,-1259.3,60.47958,-0.6408044,-0.6483961,0.4110379,1,0.75,0,-27.39238,-16.6556,49.81382,1388.432,816.0006,-2512.882,59.07682,-0.4517365,-0.294536,0.8421298,1,1,0.25,-45.39192,-34.27493,48.62474,2224.834,1745.263,-2497.992,74.68719,-0.5973433,-0.4677239,0.6514718,1,1,0,-23.6372,-19.23109,25.22756,1274.219,902.7864,-1270.564,39.44773,-0.5797035,-0.5037334,0.6404658,1,0.75,0.25,-32.59298,-42.91213,0.9768305,1750.838,2074.174,-71.86898,53.83102,-0.5910734,-0.8062438,0.024561,1,0.5,0,-11.54158,2.681669,50.05062,622.2773,-161.9962,-2511.887,51.13879,-0.2142231,0.03465909,0.9761697,1,1,0.5,-22.23772,-20.17351,0.2705794,1214.454,957.3736,-28.45071,29.79147,-0.7183,-0.6954244,0.02073761,1,0.5,0.25,-37.20221,-41.30326,-23.54663,2032.431,1967.539,1141.925,60.05355,-0.6064525,-0.6968242,-0.3829509,1,0.25,0,-11.53088,2.635164,25.02013,594.5649,-135.2797,-1256.931,27.23452,-0.3984755,0.06285481,0.9150227,1,0.75,0.5,-2.975872,26.52745,49.80713,124.2628,-1313.41,-2490.333,55.89072,-0.04427174,0.4546056,0.8895919,1,1,0.75,-24.68869,-19.44473,-24.59944,1332.045,932.0396,1215.877,39.34141,-0.6076424,-0.5104399,-0.6084586,1,0.25,0.25,-48.23202,-35.9752,-45.32618,2542.287,1707.328,2249.845,74.74409,-0.6346366,-0.4899669,-0.5976361,1,0,0,-33.30761,-15.94106,-47.85941,1739.455,759.9946,2386.905,59.64537,-0.5458151,-0.2798715,-0.7897834,1,0,0.25,-5.469914,26.96186,24.93393,267.5092,-1336.99,-1248.778,36.16345,-0.136118,0.7110607,0.6898294,1,0.75,0.75,0.1400076,51.33,49.8615,-32.0004,-2541.501,-2493.076,70.67824,0.008701602,0.7086167,0.7055401,0,1,1,0.1400038,51.33,24.86149,-19.5002,-2541.501,-1243.075,55.89492,0.01098257,0.8943729,0.4471872,0,0.75,1,-13.47786,3.308109,0.1004906,726.9295,-184.3374,-14.96066,12.72909,-0.9825695,0.1826424,0.03462702,1,0.5,0.5,-16.68849,4.236647,-24.62597,887.136,-223.9767,1226.508,28.87477,-0.5518044,0.113864,-0.8261639,1,0.25,0.5,-21.07233,5.828279,-49.187,1088.761,-294.2125,2457.837,52.72358,-0.3869144,0.09274769,-0.9174394,1,0,0.5,-5.005806,26.83114,-0.1191244,263.6674,-1333.473,4.109731,25.83228,-0.1718973,0.9850733,0.009056149,1,0.5,0.75,0.14,51.33,-0.1385164,-7.000003,-2541.501,6.925822,49.94237,0.01227851,0.9999151,0.004343116,0,0.5,1,-5.91502,27.07125,-25.10019,331.5573,-1346.61,1252.216,35.92938,-0.149211,0.7186323,-0.6791934,1,0.25,0.75,-9.146802,28.1192,-49.92256,487.5314,-1395.064,2494.168,56.71132,-0.1514988,0.4759073,-0.8663489,1,0,0.75,0.1399962,51.33,-25.13853,5.500196,-2541.501,1256.927,55.70034,0.01102045,0.8974693,-0.4409391,0,0.25,1,0.1399924,51.33,-50.13853,18.00039,-2541.501,2506.928,70.36978,0.00873926,0.7117009,-0.7024283,0,0,1
29,7.623183,-47.90717,23.51972,-270.7795,2378.704,-1179.823,54.37887,0.1417759,-0.8892515,0.4348924,1,0.75,0,-8.06986,-23.02224,43.02254,486.5443,1126.438,-2160.784,49.65458,-0.1577631,-0.4768494,0.8647112,1,1,0.25,-5.736817,-48.03381,44.65125,461.9629,2370.939,-2191.672,66.20734,-0.08364145,-0.7334688,0.6745573,1,1,0,8.881972,-22.84498,24.64279,-345.6125,1140.332,-1227.731,35.13312,0.2536767,-0.666204,0.7012991,1,0.75,0.25,16.78655,-47.15393,0.3037825,-716.9111,2352.726,-12.30056,50.4521,0.332545,-0.943001,0.01276624,1,0.5,0,-5.879425,1.776712,45.23948,322.3763,-94.16443,-2285.302,45.45236,-0.1245226,0.01921051,0.9920308,1,1,0.5,14.4598,-22.26914,0.2051583,-611.5126,1119.486,-2.791409,26.89513,0.5335664,-0.8455182,0.02014381,1,0.5,0.25,16.74351,-47.30951,-24.70031,-660.1255,2367.143,1237.048,56.08895,0.2986594,-0.8518173,-0.4303601,1,0.25,0,8.864436,2.153608,24.99579,-371.5535,-96.8091,-1243.177,26.4299,0.3350088,0.04677566,0.9410532,1,0.75,0.5,0.386358,26.34716,49.21381,-13.93386,-1304.791,-2463.733,55.21718,0.009757791,0.4568288,0.8895012,1,1,0.75,14.48886,-22.29704,-24.79048,-602.4724,1123.396,1247.251,36.24005,0.3986433,-0.6312181,-0.6653174,1,0.25,0.25,10.05369,-48.05153,-48.72008,-278.2418,2393.514,2426.06,69.06946,0.1467742,-0.7035483,-0.6953252,1,0,0,5.303904,-23.42859,-48.08909,-78.3428,1167.21,2384.909,53.35859,0.1013993,-0.4515998,-0.88644,1,0,0.25,6.973693,27.29629,25.11379,-318.2502,-1340.182,-1251.984,36.86536,0.1908455,0.7065994,0.6813923,1,0.75,0.75,0.1400076,51.33,49.8615,-32.0004,-2541.501,-2493.076,70.66703,0.004177865,0.7086998,0.7054979,0,1,1,0.1400038,51.33,24.86149,-19.5002,-2541.501,-1243.075,55.8856,0.00527302,0.8944846,0.4470676,0,0.75,1,8.743641,2.111063,-9.246171E-05,-370.8654,-94.95964,6.882892,8.490473,0.9900436,0.1353788,0.03855099,1,0.5,0.5,11.19886,2.483227,-24.9837,-480.6493,-108.2911,1255.685,26.67483,0.4178934,0.05848364,-0.9066117,1,0.25,0.5,5.78886,1.530025,-49.36627,-154.8513,-65.38974,2462.141,48.88301,0.1204094,0.01288056,-0.9926407,1,0,0.5,4.170088,26.69125,-0.1117672,-183.424,-1318.614,8.472565,25.65879,0.1654284,0.9861809,0.008980414,1,0.5,0.75,0.14,51.33,-0.1385164,-7.000003,-2541.501,6.925822,49.93736,0.005894809,0.9999741,0.004127251,0,0.5,1,6.397958,27.12091,-25.00465,-284.0338,-1337.578,1254.506,36.09017,0.179154,0.7167763,-0.6738958,1,0.25,0.75,4.716977,26.75092,-50.02116,-157.838,-1316.159,2501.529,55.71294,0.08671126,0.4599826,-0.8836839,1,0,0.75,0.1399962,51.33,-25.13853,5.500196,-2541.501,1256.927,55.70071,0.005290233,0.8974274,-0.4411304,0,0.25,1,0.1399924,51.33,-50.13853,18.00039,-2541.501,2506.928,70.37392,0.004194928,0.7116306,-0.7025412,0,0,1
30,39.09702,-40.5369,25.20059,-1931.537,2025.312,-1241.29,61.88058,0.6263527,-0.6649753,0.4068046,1,0.75,0,33.05093,-15.43319,48.88649,-1611.346,803.9437,-2445.6,60.86856,0.5381608,-0.2668768,0.7994747,1,1,0.25,39.29507,-39.63471,50.18085,-1879.289,2016.688,-2489.443,75.16151,0.519026,-0.5363276,0.665556,1,1,0,26.57609,-18.76177,24.9746,-1335.044,932.0067,-1234.214,41.04364,0.6391186,-0.4743547,0.6054048,1,0.75,0.25,40.01567,-40.15575,0.2950774,-1987.699,1994.927,5.447372,56.84751,0.6973433,-0.7166902,0.008216459,1,0.5,0,23.10889,7.50149,48.33995,-1143.953,-343.8876,-2423.084,53.62649,0.4264846,0.1211392,0.896346,1,1,0.5,27.50823,-18.50556,-0.05755706,-1379.594,913.5945,17.67167,33.16994,0.8162608,-0.577673,0.003521213,1,0.5,0.25,44.69324,-37.77662,-24.14693,-2218.539,1874.272,1227.743,63.29035,0.7002386,-0.6070083,-0.3757749,1,0.25,0,15.30672,3.551735,24.92677,-785.3489,-179.2078,-1238.479,29.00406,0.5179607,0.08836362,0.8508282,1,0.75,0.5,7.877891,27.55764,49.74263,-416.4236,-1364.133,-2483.737,56.6122,0.1375033,0.4659773,0.8740469,1,1,0.75,30.11572,-17.25396,-24.88971,-1483.99,861.5818,1262.356,42.48158,0.7000893,-0.4234048,-0.5749811,1,0.25,0.25,54.92334,-31.4623,-45.91305,-2660.125,1607.062,2359.903,77.95973,0.6997038,-0.4130393,-0.5829351,1,0,0,40.34082,-11.03364,-46.8492,-1972.748,563.9169,2374.752,62.32706,0.6416988,-0.1906549,-0.7428818,1,0,0.25,5.565582,26.92027,24.85601,-294.2924,-1334.132,-1240.183,35.99713,0.1518149,0.7117166,0.6858656,1,0.75,0.75,0.1400076,51.33,49.8615,-32.0004,-2541.501,-2493.076,70.51028,0.001622768,0.7095501,0.7046531,0,1,1,0.1400038,51.33,24.86149,-19.5002,-2541.501,-1243.075,55.76348,0.002048032,0.895525,0.4450065,0,0.75,1,15.5903,3.73879,-0.07181449,-813.3125,-198.9297,10.97313,15.31466,0.9842462,0.1766803,0.006595245,1,0.5,0.5,17.72482,4.454899,-25.03464,-883.7399,-223.7738,1260.453,30.21741,0.5762218,0.1142756,-0.8092648,1,0.25,0.5,23.54842,7.335356,-49.18046,-1151.345,-363.7781,2473.4,54.23234,0.4297943,0.1167629,-0.8953454,1,0,0.5,6.395438,26.99017,-0.1701898,-336.0703,-1342.865,10.62947,26.31333,0.2375932,0.9713647,0.0002210194,1,0.5,0.75,0.14,51.33,-0.1385164,-7.000003,-2541.501,6.925822,49.8855,0.00228688,0.9999971,0.0007462405,0,0.5,1,7.399316,27.40166,-25.14868,-358.7945,-1357.529,1260.812,36.62124,0.198661,0.712719,-0.6727298,1,0.25,0.75,8.830688,27.89451,-50.08217,-398.6766,-1374.834,2509.25,56.89733,0.1534203,0.4695316,-0.8694839,1,0,0.75,0.1399962,51.33,-25.13853,5.500196,-2541.501,1256.927,55.73005,0.002049114,0.8960574,-0.4439336,0,0.25,1,0.1399924,51.33,-50.13853,18.00039,-2541.501,2506.928,70.45731,0.001623765,0.7100798,-0.7041193,0,0,1
31,25.71519,-44.73662,22.71968,-1384.932,2192.403,-1140.845,56.62412,0.4485477,-0.8009204,0.3966504,1,0.75,0,26.54733,-18.71395,46.18176,-1428.76,893.8596,-2298.775,56.21154,0.4664842,-0.3478869,0.8132449,1,1,0.25,42.34724,-37.21067,39.80612,-2234.113,1789.207,-1963.131,68.97191,0.6082307,-0.5502357,0.572098,1,1,0,14.43498,-22.28902,24.61396,-807.6226,1088.154,-1231.511,36.26453,0.3901229,-0.6338792,0.6678333,1,0.75,0.25,15.76844,-47.33231,-0.1762132,-907.4624,2322.194,12.81038,50.32602,0.3084275,-0.9512364,-0.004674673,1,0.5,0,15.43459,3.562349,48.4794,-847.1726,-194.3211,-2421.872,50.35448,0.3016901,0.05008598,0.9520895,1,1,0.5,10.36465,-22.92028,-0.2465629,-617.5267,1118.629,13.52011,25.54853,0.3943544,-0.9188824,-0.01182196,1,0.5,0.25,22.85933,-45.85074,-24.10075,-1264.683,2235.842,1207.367,56.93316,0.3964092,-0.8160093,-0.4207,1,0.25,0,7.672445,1.772256,24.81948,-450.5384,-97.23622,-1240.778,25.40357,0.2926295,0.02922389,0.9557793,1,0.75,0.5,6.339156,27.11233,49.55256,-375.0793,-1351.978,-2477.513,55.79794,0.1109607,0.463553,0.8790941,1,1,0.75,14.50177,-22.21306,-24.88684,-802.5324,1081.304,1249.369,36.50812,0.3893598,-0.6276544,-0.6741282,1,0.25,0.25,37.28938,-41.2668,-44.03754,-2005.6,1967.24,2178.438,71.02699,0.5200427,-0.5911342,-0.6165354,1,0,0,25.77826,-19.10509,-47.06083,-1360.406,910.7269,2357.832,56.81579,0.4481481,-0.3510436,-0.8221506,1,0,0.25,1.818161,26.39268,24.97938,-151.9681,-1311.251,-1248.658,35.10757,0.048469,0.7126974,0.699795,1,0.75,0.75,0.1400076,51.33,49.8615,-32.0004,-2541.501,-2493.076,70.29285,0.0006739396,0.710732,0.7034625,0,1,1,0.1400038,51.33,24.86149,-19.5002,-2541.501,-1243.075,55.59476,0.000850459,0.89696,0.442111,0,0.75,1,8.973018,2.161675,-0.1485672,-507.8949,-118.9111,7.792707,8.456872,0.9914979,0.1279936,-0.02343999,1,0.5,0.5,8.106404,1.955099,-25.10132,-454.7299,-107.3935,1256.366,25.92481,0.3032796,0.03556681,-0.9522376,1,0.25,0.5,15.14154,3.424809,-49.05178,-792.6675,-187.4324,2457.429,50.92362,0.2926523,0.04685698,-0.9550701,1,0,0.5,3.358716,26.52332,-0.1489889,-197.3874,-1317.66,8.633862,25.21722,0.1270129,0.9918673,-0.00818015,1,0.5,0.75,0.14,51.33,-0.1385164,-7.000003,-2541.501,6.925822,49.81517,0.0009480735,0.9999917,-0.003972921,0,0.5,1,3.037264,26.49849,-25.14384,-158.7211,-1314.524,1258.35,35.46348,0.08188771,0.7085866,-0.7008562,1,0.25,0.75,6.336497,27.11593,-49.95214,-315.4748,-1349.067,2500.029,56.25904,0.1100124,0.4598506,-0.8811553,1,0,0.75,0.1399962,51.33,-25.13853,5.500196,-2541.501,1256.927,55.77266,0.0008476348,0.8941243,-0.447818,0,0.25,1,0.1399924,51.33,-50.13853,18.00039,-2541.501,2506.928,70.57467,0.0006710527,0.707914,-0.7062983,0,0,1
32,39.11361,-39.22314,19.70982,-1822.322,1973.431,-994.2614,58.68461,0.6539574,-0.6800061,0.3315592,1,0.75,0,32.46562,-16.37725,45.01618,-1550.895,851.5238,-2244.963,57.37078,0.5539277,-0.30067,0.7763773,1,1,0.25,26.76123,-40.72091,41.65129,-1130.417,2000.279,-2042.793,64.03352,0.4083434,-0.6468526,0.6440788,1,1,0,33.85883,-14.42319,19.93926,-1626.881,734.915,-996.8394,41.35175,0.7992362,-0.3690633,0.4743563,1,0.75,0.25,26.2353,-42.14295,-2.310182,-1207.828,2099.506,145.2702,49.85872,0.5128389,-0.8571645,-0.04759455,1,0.5,0,25.6601,7.577855,46.32821,-1158.314,-316.5037,-2324.678,52.59286,0.4755951,0.1234648,0.8709568,1,1,0.5,24.00615,-17.22861,-3.544429,-1069.568,867.6902,166.1244,29.55168,0.7852058,-0.6073325,-0.1208268,1,0.5,0.25,8.67726,-44.4609,-19.89901,-356.1917,2208.918,1050.633,49.86413,0.1641618,-0.9030961,-0.3968227,1,0.25,0,21.82849,7.522751,21.70167,-1063.957,-369.1944,-1077.802,30.61652,0.6883512,0.2088921,0.6946486,1,0.75,0.5,11.07668,28.86988,48.91748,-531.8288,-1407.884,-2445.744,56.71631,0.1864378,0.486699,0.853443,1,1,0.75,10.5305,-19.74087,-24.45126,-348.4109,991.9988,1180.291,33.19974,0.300332,-0.6161361,-0.7281326,1,0.25,0.25,-15.43479,-43.6367,-27.63959,819.2199,2219.298,1543.5,54.40217,-0.2885894,-0.813437,-0.5050111,1,0,0,-11.14643,-20.48034,-37.40611,592.3344,1070.463,2018.289,44.23952,-0.2582913,-0.4806286,-0.8380226,1,0,0.25,5.398257,26.89014,24.64866,-240.2367,-1323.841,-1232.911,35.51811,0.1385098,0.7181771,0.681936,1,0.75,0.75,0.1400076,51.33,49.8615,-32.0004,-2541.501,-2493.076,70.27026,-0.003806504,0.7108529,0.7033305,0,1,1,0.1400038,51.33,24.86149,-19.5002,-2541.501,-1243.075,55.5775,-0.004803908,0.8971021,0.4417971,0,0.75,1,16.78096,6.638341,-2.770103,-778.1948,-327.5633,138.9002,17.04206,0.9332751,0.3201211,-0.1628499,1,0.5,0.5,10.20278,5.006288,-27.47249,-371.8704,-231.1579,1352.262,29.01751,0.3317823,0.1349548,-0.9336529,1,0.25,0.5,-4.108525,1.18542,-47.61055,283.3117,-66.03474,2402.76,47.41094,-0.0942983,0.003395101,-0.9955382,1,0,0.5,1.738915,26.42624,-0.1330375,-21.03533,-1302.326,9.385417,24.9392,0.05226266,0.9985961,-0.008634565,1,0.5,0.75,0.14,51.33,-0.1385164,-7.000003,-2541.501,6.925822,49.80847,-0.005354863,0.9999757,-0.004475097,0,0.5,1,-1.804613,26.42025,-24.88246,160.1648,-1313.878,1246.194,35.18458,-0.06204383,0.7117218,-0.6997161,1,0.25,0.75,-5.92071,27.08739,-49.47516,293.6331,-1334.766,2493.576,55.85428,-0.1123269,0.4625137,-0.8794678,1,0,0.75,0.1399962,51.33,-25.13853,5.500196,-2541.501,1256.927,55.77787,-0.004786939,0.893908,-0.4482249,0,0.25,1,0.1399924,51.33,-50.13853,18.00039,-2541.501,2506.928,70.58768,-0.003789722,0.7076788,-0.7065241,0,0,1
33,65.50911,-20.03972,20.42694,-3251.678,1035.435,-1019.432,70.60276,0.911103,-0.2961535,0.2866782,1,0.75,0,46.81952,-5.758236,47.251,-2345.394,288.407,-2343.886,65.82481,0.6949487,-0.1021616,0.7117649,1,1,0.25,68.91212,-18.10432,45.0258,-3466.102,860.7643,-2231.329,83.39433,0.812748,-0.2279287,0.5361801,1,1,0,45.62627,-4.835836,22.29599,-2299.826,221.425,-1096.709,49.95169,0.8899425,-0.1160209,0.4410688,1,0.75,0.25,54.58595,-29.63668,-1.125634,-2699.031,1473.172,77.84962,61.48242,0.8689364,-0.4945643,-0.01885954,1,0.5,0,26.4843,8.710109,48.8095,-1322.784,-418.9584,-2424.521,55.18432,0.4625562,0.1381448,0.8757613,1,1,0.5,40.82859,-8.822272,-1.75229,-2051.587,416.7322,111.4622,40.83003,0.9702731,-0.2380807,-0.04344579,1,0.5,0.25,45.54043,-35.99295,-23.54543,-2149.083,1820.003,1145.595,62.2251,0.7144389,-0.5900438,-0.3760656,1,0.25,0,24.9615,9.140335,24.00223,-1254.994,-452.1324,-1183.756,34.53299,0.6917572,0.2318593,0.6838956,1,0.75,0.5,10.03729,28.37438,49.76959,-515.5067,-1400.017,-2483.676,57.01323,0.1618777,0.4756603,0.8646056,1,1,0.75,34.33041,-13.67138,-25.40112,-1667.176,684.1695,1270.35,44.1359,0.7528298,-0.3290846,-0.5700444,1,0.25,0.25,33.90587,-42.84774,-45.27576,-1425.043,2189.068,2134.698,70.7658,0.4655626,-0.6155176,-0.6359164,1,0,0,25.25985,-19.28599,-47.96812,-1128.161,993.6742,2357.928,57.1124,0.4258229,-0.3524173,-0.8333528,1,0,0.25,7.859801,27.55116,24.88259,-392.2135,-1359.977,-1240.641,36.53907,0.1925703,0.7163665,0.6706234,1,0.75,0.75,0.1400076,51.33,49.8615,-32.0004,-2541.501,-2493.076,70.3063,-0.008292595,0.7105638,0.703584,0,1,1,0.1400038,51.33,24.86149,-19.5002,-2541.501,-1243.075,55.60368,-0.01046583,0.8967752,0.4423626,0,0.75,1,23.47083,9.170027,-0.9506368,-1204.315,-493.0994,64.21408,23.68106,0.9405565,0.3371406,-0.04110501,1,0.5,0.5,20.27221,6.999185,-25.46056,-1019.747,-374.4447,1289.064,32.18388,0.5980023,0.183013,-0.7803201,1,0.25,0.5,14.84334,3.380108,-49.59586,-695.5842,-161.7309,2477.363,51.16136,0.2732442,0.04573044,-0.9608571,1,0,0.5,5.991914,27.02525,-0.1220483,-288.5242,-1333.321,9.043303,26.03567,0.1984023,0.9801009,-0.006232148,1,0.5,0.75,0.14,51.33,-0.1385164,-7.000003,-2541.501,6.925822,49.81614,-0.01166973,0.9999254,-0.003613995,0,0.5,1,4.874239,26.78306,-25.09192,-219.8476,-1324.02,1257.166,35.7331,0.1144551,0.7111027,-0.6937096,1,0.25,0.75,5.250746,26.85427,-50.1633,-216.2929,-1325.738,2510.543,56.1454,0.07985768,0.4561122,-0.886332,1,0,0.75,0.1399962,51.33,-25.13853,5.500196,-2541.501,1256.927,55.7655,-0.01043587,0.894196,-0.447554,0,0.25,1,0.1399924,51.33,-50.13853,18.00039,-2541.501,2506.928,70.56265,-0.008262894,0.7080004,-0.7061636,0,0,1
34,46.05824,-33.79028,20.06413,-2375.716,1663.718,-974.0772,60.25817,0.7492649,-0.5724823,0.3329655,1,0.75,0,31.56193,-16.3205,47.12857,-1703.653,760.3833,-2354.451,58.65456,0.5245184,-0.2926774,0.7995126,1,1,0.25,43.71098,-38.39856,44.52371,-2326.051,1849.092,-2209.416,73.07372,0.5868496,-0.5353986,0.6074174,1,1,0,29.04704,-15.51789,22.26778,-1597.781,711.7452,-1109.937,39.36054,0.7153128,-0.414209,0.5628129,1,0.75,0.25,51.05741,-25.62577,-3.252862,-2618.474,1256.053,199.4479,56.68966,0.8834312,-0.4654421,-0.05397161,1,0.5,0,17.38783,4.187508,49.05392,-971.2324,-237.6518,-2454.758,51.62364,0.3233379,0.06129281,0.9442964,1,1,0.5,31.2226,-10.41296,-2.251855,-1577.149,569.0096,121.5217,32.30567,0.9354579,-0.3476736,-0.06357471,1,0.5,0.25,44.08382,-33.22131,-26.04285,-2271.672,1605.984,1349.975,60.62904,0.7124198,-0.5597014,-0.4233111,1,0.25,0,12.13326,2.746363,24.53736,-750.0405,-190.8712,-1219.985,26.84739,0.4241349,0.06412528,0.9033259,1,0.75,0.5,5.733027,26.95886,49.768,-348.0788,-1344.237,-2489.493,56.02165,0.09197802,0.4594018,0.8834534,1,1,0.75,24.82096,-16.8217,-25.51194,-1276.676,825.1683,1306.733,38.86496,0.6169618,-0.4525447,-0.6438643,1,0.25,0.25,54.60454,-19.42657,-43.90314,-2766.996,850.7236,2209.978,71.98073,0.745995,-0.28172,-0.6034279,1,0,0,31.98856,-9.337651,-48.35214,-1601.263,431.2154,2439.544,57.96339,0.5380167,-0.1766979,-0.8242062,1,0,0.25,4.815808,26.76653,24.78143,-281.0479,-1331.28,-1241.282,35.6249,0.1185202,0.7134644,0.690595,1,0.75,0.75,0.1400076,51.33,49.8615,-32.0004,-2541.501,-2493.076,70.47024,-0.005555425,0.7092733,0.7049116,0,1,1,0.1400038,51.33,24.86149,-19.5002,-2541.501,-1243.075,55.71732,-0.007013384,0.8954055,0.4451962,0,0.75,1,9.658603,2.289168,-0.3339481,-529.0624,-117.0087,8.861246,8.717497,0.9898918,0.1406526,-0.01819413,1,0.5,0.5,8.089436,1.731748,-25.50722,-438.2393,-91.16379,1269.487,25.95358,0.2856006,0.02793741,-0.9579414,1,0.25,0.5,10.20849,2.737722,-50.39648,-489.788,-127.9168,2518.023,50.68312,0.1890119,0.03409361,-0.9813828,1,0,0.5,4.284426,26.70427,-0.2266974,-285.5229,-1330.976,12.3666,25.48368,0.1443271,0.9895273,-0.002326602,1,0.5,0.75,0.14,51.33,-0.1385164,-7.000003,-2541.501,6.925822,49.83885,-0.007832468,0.9999692,0.0005508138,0,0.5,1,2.642592,26.45156,-25.17561,-163.9651,-1315.186,1256.628,35.25006,0.05897373,0.7121348,-0.6995615,1,0.25,0.75,2.118085,26.4039,-50.22337,-78.36874,-1307.633,2507.704,55.66007,0.02820166,0.452478,-0.8913295,1,0,0.75,0.1399962,51.33,-25.13853,5.500196,-2541.501,1256.927,55.69265,-0.007016599,0.8957986,-0.4444048,0,0.25,1,0.1399924,51.33,-50.13853,18.00039,-2541.501,2506.928,70.43116,-0.005558701,0.7096641,-0.7045181,0,0,1
35,17.40445,-45.51491,21.90766,-1016.515,2184.329,-1065.36,53.70575,0.3100773,-0.8576179,0.4102969,1,0.75,0,8.558416,-23.30918,48.02235,-467.6656,1147.435,-2385.647,54.19215,0.1455774,-0.4439776,0.884133,1,1,0.25,18.46004,-46.39938,46.87072,-1035.982,2257.807,-2312.485,68.72002,0.2580692,-0.6843725,0.6819343,1,1,0,9.638445,-21.66942,23.09275,-547.3361,1036.47,-1143.414,33.31107,0.2674263,-0.6696721,0.6928365,1,0.75,0.25,14.45143,-45.11383,-2.878018,-953.1438,2113.384,180.8136,47.69155,0.2874976,-0.956324,-0.05281482,1,0.5,0,4.346809,1.310432,49.18761,-223.7162,-63.60005,-2460.592,49.16336,0.07551507,0.006796211,0.9971215,1,1,0.5,3.565459,-22.66077,-1.385774,-300.8615,1061.854,95.42999,23.3427,0.1245237,-0.9912333,-0.04416378,1,0.5,0.25,20.08642,-40.86789,-26.86766,-1173.554,1881.352,1389.49,52.74105,0.3660698,-0.7858748,-0.4983912,1,0.25,0,0.06072493,1.374559,24.64201,4.343582,-69.77351,-1234.446,24.48378,-0.021444,0.01607639,0.9996408,1,0.75,0.5,0.6833605,26.33113,49.82117,-39.31883,-1303.908,-2492.889,55.70023,0.001545963,0.451212,0.8924155,1,1,0.75,8.095662,-18.76327,-25.66338,-485.0521,833.3928,1310.362,32.47565,0.2274158,-0.5985078,-0.7681605,1,0.25,0.25,5.847551,-47.03217,-46.46271,-444.716,2267.958,2328.089,66.28346,0.07862836,-0.7188168,-0.6907387,1,0,0,-0.06274362,-22.47297,-49.16689,29.93319,1101.28,2426.585,53.67484,-0.01216839,-0.4327818,-0.9014166,1,0,0.25,-1.111947,26.36144,24.88249,37.12032,-1305.121,-1245.423,35.32327,-0.04769035,0.7087162,0.70388,1,0.75,0.75,0.1400076,51.33,49.8615,-32.0004,-2541.501,-2493.076,70.60213,-0.006419912,0.7082361,0.7059464,0,1,1,0.1400038,51.33,24.86149,-19.5002,-2541.501,-1243.075,55.80983,-0.008106457,0.894286,0.4474225,0,0.75,1,-3.950846,1.372216,-0.0329885,208.4818,-71.36854,-1.262769,4.074656,-0.9940252,0.08728668,0.06553542,1,0.5,0.5,-6.254285,1.689144,-24.81817,346.2419,-86.47108,1241.921,24.93579,-0.2693355,0.02815854,-0.9626347,1,0.25,0.5,-7.429,1.403266,-49.79451,413.1953,-74.28111,2490.104,49.61044,-0.1601558,0.008588164,-0.9870543,1,0,0.5,-2.153221,26.30467,-0.03858276,123.198,-1306.185,0.3928207,24.98226,-0.1079063,0.994094,0.01154559,1,0.5,0.75,0.14,51.33,-0.1385164,-7.000003,-2541.501,6.925822,49.85954,-0.009064361,0.9999514,0.003857742,0,0.5,1,-2.611903,26.48176,-25.03082,173.631,-1315.257,1249.528,35.15091,-0.08999433,0.7155173,-0.6927742,1,0.25,0.75,-4.782569,26.8222,-49.96512,290.3906,-1333.618,2497.516,55.71822,-0.09568156,0.4598027,-0.8828514,1,0,0.75,0.1399962,51.33,-25.13853,5.500196,-2541.501,1256.927,55.63706,-0.008131541,0.8970383,-0.441878,0,0.25,1,0.1399924,51.33,-50.13853,18.00039,-2541.501,2506.928,70.32837,-0.006444941,0.7109735,-0.7031892,0,0,1
36,-28.16649,-42.30843,25.10979,1341.234,2077.11,-1276.233,57.5251,-0.501164,-0.7459606,0.4386085,1,0.75,0,-12.8876,-22.20095,49.62017,563.9474,1098.749,-2489.111,56.27776,-0.243074,-0.4082049,0.879934,1,1,0.25,-21.18983,-45.94788,48.84537,887.176,2297.831,-2420.704,70.98191,-0.3092171,-0.6564442,0.6880885,1,1,0,-14.12362,-21.52048,24.65906,647.4163,1050.84,-1242.399,36.34004,-0.4081761,-0.6106533,0.6785976,1,0.75,0.25,-29.34226,-41.73565,0.06928734,1422.726,2041.074,-22.9838,51.84378,-0.5780222,-0.8159835,0.007828961,1,0.5,0,-5.306041,1.617665,49.7098,180.3993,-78.73976,-2494.723,49.93936,-0.1233093,0.0127213,0.9922867,1,1,0.5,-14.36893,-21.71275,-0.2221651,627.1377,1087.288,6.494756,26.85598,-0.558654,-0.8293895,0.004326112,1,0.5,0.25,-33.57517,-39.02427,-24.42349,1649.851,1900.547,1198.273,57.54729,-0.5941496,-0.6890981,-0.4148855,1,0.25,0,-4.545439,1.565051,24.76593,124.083,-72.60029,-1243.879,25.19983,-0.2124154,0.02292,0.9769106,1,0.75,0.5,0.4703919,26.32673,49.72543,-70.95846,-1304.593,-2487.055,55.62,-0.007897536,0.4517235,0.892123,1,1,0.75,-17.08828,-20.07418,-25.02228,819.113,971.7134,1236.824,36.59943,-0.4852332,-0.5673992,-0.665287,1,0.25,0.25,-30.44354,-42.03342,-49.03336,1474.222,2081.823,2418.56,71.63927,-0.434675,-0.5961999,-0.6749839,1,0,0,-18.40716,-19.93778,-49.88823,879.2598,987.4963,2480.928,56.64591,-0.3380952,-0.3659718,-0.8670388,1,0,0.25,0.3027365,26.33142,24.72574,-18.12237,-1304.29,-1237.762,35.15932,-0.01713059,0.7110459,0.702937,1,0.75,0.75,0.1400076,51.33,49.8615,-32.0004,-2541.501,-2493.076,70.60812,-0.01087912,0.7081327,0.7059955,0,1,1,0.1400038,51.33,24.86149,-19.5002,-2541.501,-1243.075,55.81398,-0.01373723,0.8941651,0.4475266,0,0.75,1,-4.730543,1.724847,-0.2348651,149.2743,-75.36816,6.060668,5.194583,-0.9911426,0.1314997,0.01855183,1,0.5,0.5,-4.795542,1.69405,-25.22819,166.3334,-82.83476,1263.985,25.0442,-0.2235005,0.02810964,-0.9742984,1,0.25,0.5,-7.370753,2.486734,-50.07738,361.05,-138.9696,2498.284,49.94471,-0.1642264,0.02994809,-0.9859679,1,0,0.5,0.6168804,26.14691,-0.1640649,-51.68518,-1296.814,6.786351,24.67326,-0.01178716,0.9999059,0.007009231,1,0.5,0.75,0.14,51.33,-0.1385164,-7.000003,-2541.501,6.925822,49.86034,-0.01536133,0.9998739,0.004010968,0,0.5,1,0.763597,26.33489,-25.16423,-76.45543,-1306.576,1256.309,34.98679,-0.004227055,0.7146006,-0.6995199,1,0.25,0.75,1.284564,26.35432,-50.08361,-92.24752,-1308.739,2503.861,55.34418,0.006642812,0.4544487,-0.8907482,1,0,0.75,0.1399962,51.33,-25.13853,5.500196,-2541.501,1256.927,55.63435,-0.01378132,0.8970264,-0.4417619,0,0.25,1,0.1399924,51.33,-50.13853,18.00039,-2541.501,2506.928,70.32349,-0.01092306,0.7109787,-0.7031286,0,0,1
37,-27.14382,-44.5176,24.77871,1356.061,2196.581,-1250.51,58.58356,-0.4725454,-0.7717919,0.4254857,1,0.75,0,-27.01005,-18.66008,49.02336,1335.391,918.449,-2463.57,59.50496,-0.4630601,-0.3290178,0.8229961,1,1,0.25,-35.69601,-42.16691,48.15501,1794.269,2073.583,-2414.47,74.02834,-0.4893691,-0.5803099,0.6509672,1,1,0,-21.15193,-20.24417,24.77474,1066.068,992.9072,-1245.139,39.0909,-0.5538591,-0.5386791,0.6348739,1,0.75,0.25,-23.48794,-45.18682,-0.2413225,1207.191,2223.842,4.186633,51.74564,-0.4644176,-0.8856134,0.002280987,1,0.5,0,-17.59083,4.49057,49.61056,838.9999,-216.7288,-2489.137,52.84843,-0.3442778,0.06388099,0.9366921,1,1,0.5,-21.12372,-20.30311,-0.1323308,1094.728,991.8386,0.8852336,30.11034,-0.7154306,-0.6986442,0.007453796,1,0.5,0.25,-21.20814,-45.17776,-25.13464,1104.049,2224.393,1249.639,56.39531,-0.3863936,-0.8130789,-0.4354338,1,0.25,0,-15.15034,4.027819,24.77702,789.8292,-214.0675,-1242.692,29.40338,-0.5325882,0.0984905,0.8406244,1,0.75,0.5,-8.804053,27.98871,49.82787,416.9389,-1386.383,-2493.323,57.24585,-0.1658977,0.4659398,0.8691249,1,1,0.75,-21.36787,-20.18476,-25.13218,1112.798,986.4519,1250.603,38.94974,-0.5613147,-0.5391005,-0.6279303,1,0.25,0.25,-24.50466,-44.89233,-50.11036,1333.119,2211.498,2487.338,71.80386,-0.3496425,-0.6358575,-0.6880664,1,0,0,-24.14927,-19.69117,-49.86852,1254.925,964.7249,2486.39,58.69338,-0.4210795,-0.3509478,-0.8363777,1,0,0.25,-10.43081,28.67359,24.88652,528.8809,-1429.413,-1248.875,38.5418,-0.2870427,0.7067032,0.6466662,1,0.75,0.75,0.1400076,51.33,49.8615,-32.0004,-2541.501,-2493.076,70.54543,-0.008949815,0.7072572,0.7068998,0,1,1,0.1400038,51.33,24.86149,-19.5002,-2541.501,-1243.075,55.72591,-0.0113088,0.8936696,0.4485831,0,0.75,1,-17.28041,4.475558,-0.1314458,907.1451,-237.5852,1.834521,17.87371,-0.9827229,0.1846627,0.01246609,1,0.5,0.5,-16.61557,4.363412,-25.0576,884.9328,-230.5743,1246.721,29.88374,-0.5723922,0.1079785,-0.8128393,1,0.25,0.5,-18.62509,4.6946,-49.97701,978.2326,-241.9431,2493.283,52.89702,-0.3633339,0.06764385,-0.9292001,1,0,0.5,-9.668817,28.28772,-0.1275119,504.3327,-1409.202,2.673821,28.64211,-0.3584046,0.9335321,0.00799469,1,0.5,0.75,0.14,51.33,-0.1385164,-7.000003,-2541.501,6.925822,49.7519,-0.01265328,0.9999102,0.0044173,0,0.5,1,-10.01856,28.48243,-25.12559,538.0018,-1421.842,1252.277,37.97829,-0.2805325,0.7120849,-0.6436122,1,0.25,0.75,-9.463373,28.24816,-50.10559,529.7678,-1412.419,2501.3,57.09673,-0.1777744,0.4716507,-0.8636793,1,0,0.75,0.1399962,51.33,-25.13853,5.500196,-2541.501,1256.927,55.52816,-0.01134884,0.8968237,-0.4422424,0,0.25,1,0.1399924,51.33,-50.13853,18.00039,-2541.501,2506.928,70.23229,-0.008989653,0.7103882,-0.7037527,0,0,1
38,-8.025568,-47.7075,23.12389,500.1739,2351.055,-1157.729,54.38205,-0.1548197,-0.8903434,0.4281583,1,0.75,0,-4.49981,-23.52981,48.72806,307.5541,1154.599,-2435.427,54.68299,-0.09008323,-0.4473512,0.88981,1,1,0.25,-6.880333,-48.50746,48.08335,438.0785,2389.793,-2405.593,69.27598,-0.1053598,-0.7117611,0.694475,1,1,0,-3.290682,-23.19035,23.7646,220.6952,1145.624,-1188.796,33.9906,-0.1090713,-0.7058939,0.6998695,1,0.75,0.25,-5.331201,-47.59245,-1.885404,361.2531,2351.317,91.94253,48.61618,-0.1181373,-0.9925205,-0.03076556,1,0.5,0,-0.4793301,1.134089,49.37083,75.78156,-61.07756,-2466.809,49.25423,-0.01910554,-0.0004476832,0.9998174,1,1,0.5,0.8530642,-23.38825,-0.9046045,33.28008,1157.889,46.80523,24.05331,0.01555035,-0.9996458,-0.02159737,1,0.5,0.25,-6.088987,-46.46295,-26.85076,436.6147,2288.285,1338.495,54.37839,-0.1195414,-0.8677244,-0.4824566,1,0.25,0,1.150562,1.401686,24.49019,-10.09888,-70.3538,-1222.717,24.37499,0.02730896,0.009862226,0.9995784,1,0.75,0.5,1.721954,26.38065,49.74919,-100.2794,-1305.725,-2485.848,55.62659,0.02228359,0.4494177,0.8930438,1,1,0.75,1.024769,-22.43813,-25.88665,52.66616,1109.579,1296.047,34.25465,0.01592644,-0.6788874,-0.7340697,1,0.25,0.25,2.95104,-48.04529,-50.19086,-21.08436,2384.683,2502.27,69.56168,0.03539436,-0.7022619,-0.7110383,1,0,0,7.695534,-23.21571,-49.96015,-273.401,1157.05,2501.472,55.22202,0.1296486,-0.4373868,-0.8898786,1,0,0.25,1.214709,26.3485,24.7523,-65.22399,-1304.6,-1236.31,35.08853,0.02089036,0.7078723,0.7060314,1,0.75,0.75,0.1400076,51.33,49.8615,-32.0004,-2541.501,-2493.076,70.50099,-0.004665341,0.7066611,0.7075369,0,1,1,0.1400038,51.33,24.86149,-19.5002,-2541.501,-1243.075,55.6636,-0.005897906,0.893348,0.4493268,0,0.75,1,3.826027,1.525092,-0.3680746,-147.0694,-73.28656,19.79883,2.874985,0.9940122,0.1092537,0.00184973,1,0.5,0.5,7.149958,1.786005,-25.10287,-274.5439,-84.1932,1261.137,25.12231,0.2606598,0.02457397,-0.9651179,1,0.25,0.5,8.779304,1.757603,-50.05497,-355.5419,-77.7886,2508.226,49.87413,0.164927,0.01193549,-0.9862335,1,0,0.5,3.491423,26.51704,-0.1062648,-167.4218,-1310.509,7.213484,25.04128,0.1182467,0.9929287,0.01049488,1,0.5,0.75,0.14,51.33,-0.1385164,-7.000003,-2541.501,6.925822,49.67529,-0.006601884,0.9999672,0.004699545,0,0.5,1,4.774417,26.76943,-25.07347,-216.4806,-1323.341,1256.488,35.34124,0.1200618,0.7146255,-0.6891267,1,0.25,0.75,5.372031,26.8782,-50.07976,-221.1109,-1326.58,2507.519,55.68062,0.08723257,0.4578418,-0.8847436,1,0,0.75,0.1399962,51.33,-25.13853,5.500196,-2541.501,1256.927,55.45328,-0.005920211,0.8967059,-0.4425872,0,0.25,1,0.1399924,51.33,-50.13853,18.00039,-2541.501,2506.928,70.16811,-0.004687533,0.7099898,-0.7041963,0,0,1
39,27.14235,-41.12451,18.02969,-1315.629,2103.381,-965.2564,52.99179,0.504527,-0.7917734,0.3443071,1,0.75,0,20.41431,-20.63897,45.94256,-1008.738,1033.585,-2331.015,54.59249,0.3677454,-0.3969294,0.840958,1,1,0.25,27.43003,-44.63802,42.7801,-1307.372,2240.063,-2207.141,68.13828,0.3973836,-0.6682405,0.6289203,1,1,0,14.34063,-20.28652,21.69175,-790.0492,1013.251,-1101.406,33.43633,0.4180276,-0.6339926,0.65062,1,0.75,0.25,21.14898,-39.84345,-6.278893,-1100.784,2022.802,254.9051,46.00177,0.4514812,-0.8832418,-0.126683,1,0.5,0,10.55704,2.152197,48.78552,-542.4418,-108.6321,-2447.74,49.77023,0.2069363,0.01836744,0.978182,1,1,0.5,4.044281,-22.39478,-0.9958617,-275.4439,1119.776,32.14393,23.44949,0.1624243,-0.9863945,-0.02538485,1,0.5,0.25,16.41041,-36.4619,-30.59299,-922.3836,1853.724,1479.784,50.46275,0.3189802,-0.7395748,-0.5926894,1,0.25,0,3.205901,1.892116,24.69481,-298.3158,-119.8644,-1212.476,24.77637,0.1207293,0.02624008,0.9923386,1,0.75,0.5,3.840303,26.60367,49.7579,-199.7188,-1315.393,-2490.041,55.82113,0.06544614,0.4505379,0.8903552,1,1,0.75,-4.433753,-23.04161,-24.26984,97.43123,1146.828,1215.958,33.85772,-0.1335378,-0.7064053,-0.6950966,1,0.25,0.25,13.30515,-29.67812,-54.34412,-783.049,1604.814,2686.391,63.05674,0.2069151,-0.4862896,-0.8489456,1,0,0,-10.03136,-22.58402,-48.88002,346.2191,1128.365,2445.416,54.47532,-0.1852771,-0.4331558,-0.8820705,1,0,0.25,3.319117,26.53826,24.76528,-187.9542,-1315.535,-1240.506,35.32268,0.08834667,0.7065188,0.7021582,1,0.75,0.75,0.1400076,51.33,49.8615,-32.0004,-2541.501,-2493.076,70.45863,-0.0002014505,0.7060612,0.7081508,0,1,1,0.1400038,51.33,24.86149,-19.5002,-2541.501,-1243.075,55.60398,-0.0002548566,0.8930051,0.4500465,0,0.75,1,-4.36746,1.584576,1.126044,167.7384,-69.26918,-60.31615,4.281727,-0.9456336,0.07439027,0.3166119,1,0.5,0.5,-7.495376,1.738465,-24.14976,280.1633,-75.66004,1207.032,24.46803,-0.3063789,0.02041021,-0.9516909,1,0.25,0.5,-2.592456,1.259638,-49.06562,7.45057,-61.93911,2439.74,48.25515,-0.05633781,0.0006312314,-0.9984115,1,0,0.5,-2.451516,26.4349,0.1061967,64.38568,-1299.086,-3.358923,24.84519,-0.1028131,0.9945096,0.01949499,1,0.5,0.75,0.14,51.33,-0.1385164,-7.000003,-2541.501,6.925822,49.60176,-0.0002854647,0.9999876,0.004977694,0,0.5,1,-5.44597,26.96858,-24.7065,236.9503,-1325.596,1234.53,35.35094,-0.1562099,0.7179649,-0.678325,1,0.25,0.75,-3.78315,26.63828,-49.90802,132.3612,-1309.469,2490.606,55.2977,-0.07056656,0.4553847,-0.8874938,1,0,0.75,0.1399962,51.33,-25.13853,5.500196,-2541.501,1256.927,55.38128,-0.0002560088,0.8965639,-0.4429143,0,0.25,1,0.1399924,51.33,-50.13853,18.00039,-2541.501,2506.928,70.10629,-0.0002026719,0.7095846,-0.7046203,0,0,1
40,-3.345759,-39.42373,5.681158,-10.98549,1924.876,-252.1711,40.80335,-0.07731874,-0.9860681,0.1472807,1,0.75,0,8.707232,-18.20617,31.25177,-511.6026,927.4277,-1605.322,37.72443,0.231775,-0.510416,0.8281038,1,1,0.25,19.22861,-35.08779,15.5197,-1110.719,1673.948,-789.1152,43.69836,0.438497,-0.8233785,0.3602335,1,1,0,-11.69221,-18.50252,16.79841,469.4313,928.7998,-831.5188,28.15888,-0.4026665,-0.6911192,0.6001782,1,0.75,0.25,-24.63258,-39.96542,-7.42208,1056.682,2006.087,395.2868,47.99483,-0.504803,-0.8510104,-0.1447588,1,0.5,0,-0.4816965,1.721364,43.20884,-51.15151,-75.81995,-2173.179,43.1141,-0.007553988,0.009565101,0.9999257,1,1,0.5,-28.01184,-15.77269,-2.126225,1289.002,823.8386,110.9685,32.22232,-0.8513945,-0.5218726,-0.05269178,1,0.5,0.25,-38.18769,-37.02615,-28.22485,1686.204,1869.031,1465.359,60.24553,-0.626144,-0.6309985,-0.4580225,1,0.25,0,-16.67541,4.992296,23.64123,759.7496,-218.7022,-1191.774,28.90571,-0.5619037,0.1254214,0.8176392,1,0.75,0.5,-4.425337,26.76918,49.07667,144.6035,-1317.243,-2454.848,55.31099,-0.07656379,0.456272,0.8865404,1,1,0.75,-40.38478,-11.85654,-24.11313,1880.615,641.018,1192.109,48.01885,-0.8292147,-0.2712498,-0.4886988,1,0.25,0.25,-52.75391,-33.28545,-47.98051,2421.879,1726.382,2456.997,78.41193,-0.6665872,-0.4383323,-0.6029314,1,0,0,-44.37014,-10.13348,-48.92884,2175.258,518.5371,2419.36,66.14004,-0.6635335,-0.1716336,-0.728193,1,0,0.25,-11.80112,29.38123,25.33258,531.0311,-1430.995,-1271.451,39.32822,-0.2924781,0.7049535,0.6461402,1,0.75,0.75,0.1400076,51.33,49.8615,-32.0004,-2541.501,-2493.076,70.41608,0.004120981,0.7054227,0.7087749,0,1,1,0.1400038,51.33,24.86149,-19.5002,-2541.501,-1243.075,55.54385,0.005214488,0.8926191,0.4507814,0,0.75,1,-26.53463,9.080236,1.19658,1273.299,-417.4824,-86.08492,27.05092,-0.9575867,0.2822427,0.05802376,1,0.5,0.5,-31.71678,11.55037,-24.43373,1510.433,-539.7947,1183.917,40.47349,-0.7703649,0.2500685,-0.5865182,1,0.25,0.5,-28.78567,10.05109,-49.11486,1480.556,-519.0308,2451.123,56.67798,-0.5007773,0.1529766,-0.8519508,1,0,0.5,-13.46568,30.30228,0.1690808,617.5678,-1464.988,-13.11006,31.41336,-0.4171744,0.9086503,0.0178956,1,0.5,0.75,0.14,51.33,-0.1385164,-7.000003,-2541.501,6.925822,49.52736,0.005841527,0.9999691,0.005267351,0,0.5,1,-13.02128,30.07443,-24.82751,635.8354,-1472.638,1237.224,39.37409,-0.322742,0.7215272,-0.6125652,1,0.25,0.75,-14.07126,30.76266,-49.77136,705.2672,-1508.131,2486.795,58.65126,-0.2353123,0.4980193,-0.8346286,1,0,0.75,0.1399962,51.33,-25.13853,5.500196,-2541.501,1256.927,55.30825,0.005236364,0.8963873,-0.4432409,0,0.25,1,0.1399924,51.33,-50.13853,18.00039,-2541.501,2506.928,70.04351,0.004142529,0.7091483,-0.7050472,0,0,1
41,-62.02343,-25.11553,19.29184,2976.625,1313.02,-921.6431,69.57266,-0.8818309,-0.3784639,0.2813174,1,0.75,0,-39.88938,-11.813,43.53437,1819.179,660.488,-2094.153,60.15915,-0.6537874,-0.217897,0.7246261,1,1,0.25,-48.52148,-34.79904,37.97613,2227.855,1803.732,-1792.708,71.033,-0.6750771,-0.5061088,0.5367725,1,1,0,-50.64085,-2.943842,22.78723,2460.332,190.4053,-1130.2,55.16557,-0.9055807,-0.07811446,0.4169193,1,0.75,0.25,-71.47617,-16.76999,-2.524961,3503.353,879.9296,135.9375,73.05667,-0.9685726,-0.2470806,-0.0286057,1,0.5,0,-28.71439,10.25854,47.08708,1340.877,-459.3731,-2326.013,55.59534,-0.507764,0.15784,0.8469134,1,1,0.5,-56.98837,3.512083,-0.5842409,2810.087,-143.8082,24.54485,56.29654,-0.9993071,0.03710858,-0.002877291,1,0.5,0.25,-75.24266,-11.73735,-26.71788,3757.685,582.4249,1323.385,80.06651,-0.9310503,-0.1631173,-0.3264019,1,0.25,0,-37.05464,17.94408,24.72625,1829.427,-871.8932,-1245.7,47.05944,-0.7742615,0.3477676,0.5287503,1,0.75,0.5,-16.09075,32.31466,49.45156,763.8349,-1587.2,-2475.369,60.28011,-0.2609334,0.508558,0.820538,1,1,0.75,-61.36012,8.947861,-24.5932,3089.719,-458.3869,1201.692,65.66609,-0.9238708,0.1140073,-0.3653288,1,0.25,0.25,-81.18465,-5.078908,-50.26993,4051.539,251.3988,2502.67,94.79128,-0.8495368,-0.0680372,-0.5231235,1,0,0,-65.18533,14.19656,-48.78512,3310.751,-749.8094,2399.948,81.48648,-0.7922542,0.1560271,-0.5899058,1,0,0.25,-19.72006,36.15095,25.0155,986.1628,-1807.206,-1264.879,46.76671,-0.4123169,0.7351158,0.5381444,1,0.75,0.75,0.1400076,51.33,49.8615,-32.0004,-2541.501,-2493.076,70.3591,0.005238594,0.7045751,0.70961,0,1,1,0.1400038,51.33,24.86149,-19.5002,-2541.501,-1243.075,55.46333,0.006632883,0.892112,0.4517657,0,0.75,1,-39.96741,21.95364,0.2188712,2014.248,-1095.943,-29.74014,44.23975,-0.8881635,0.4593051,0.01429806,1,0.5,0.5,-41.44466,24.05967,-24.70432,2110.233,-1226.944,1215.2,52.42917,-0.7786531,0.4280292,-0.4587923,1,0.25,0.5,-43.55423,26.70913,-49.4752,2191.84,-1297.905,2460.409,69.66798,-0.6174189,0.3606301,-0.6990993,1,0,0.5,-18.04526,33.96259,-0.1332407,946.5534,-1739.483,-4.929223,36.6141,-0.479981,0.8772447,0.007748539,1,0.5,0.75,0.14,51.33,-0.1385164,-7.000003,-2541.501,6.925822,49.42774,0.007434633,0.9999564,0.005654259,0,0.5,1,-19.58261,35.96769,-25.00468,1000.435,-1792.305,1242.406,46.1204,-0.4150848,0.741376,-0.5273198,1,0.25,0.75,-21.07783,38.10633,-50.02356,1071.529,-1875.412,2492.293,64.63097,-0.3200726,0.5635091,-0.7615845,1,0,0.75,0.1399962,51.33,-25.13853,5.500196,-2541.501,1256.927,55.21054,0.006662843,0.89616,-0.4436809,0,0.25,1,0.1399924,51.33,-50.13853,18.00039,-2541.501,2506.928,69.95956,0.005268082,0.7085704,-0.7056205,0,0,1
