frame,x0,y0,z0,vx0,vy0,vz0,sdf0,nx0,ny0,nz0,md0,u0,v0,x1,y1,z1,vx1,vy1,vz1,sdf1,nx1,ny1,nz1,md1,u1,v1,x2,y2,z2,vx2,vy2,vz2,sdf2,nx2,ny2,nz2,md2,u2,v2,x3,y3,z3,vx3,vy3,vz3,sdf3,nx3,ny3,nz3,md3,u3,v3,x4,y4,z4,vx4,vy4,vz4,sdf4,nx4,ny4,nz4,md4,u4,v4,x5,y5,z5,vx5,vy5,vz5,sdf5,nx5,ny5,nz5,md5,u5,v5
0,-4.672109E-08,1.499965,0.2255329,-0.001761686,-74.9971,0.009553883,0.3074312,-0.6192479,0.5820493,0.5270206,1,0.5,0,9.080992E-09,0.9999331,-0.2255993,-25.00335,-50.00103,0.002499671,0.001556933,-0.9968958,-0.05994703,-0.05103973,1,1,1,9.037748E-09,0.9998974,0.2254195,-25.00514,-49.99921,0.003220142,0.1571818,-0.7608245,-0.04580551,0.6473392,1,1,0,-4.681389E-08,1.499957,-0.2254896,-0.002134175,-74.99653,0.007311258,0.1866657,-0.7281565,0.6844049,-0.03712089,1,0.5,1,-5.960464E-08,2,0.225496,25.00002,-100.0001,0,0.6713016,-0.4268756,0.8281388,0.3632677,0,0,0,-5.960464E-08,2,-0.225496,25.00002,-100.0001,0,0.5915817,-0.458051,0.888619,-0.02335692,0,0,1
1,-1.112548E-07,1.499962,0.2254917,-0.001899275,-75.00462,0.0006586316,0.3074079,-0.6192658,0.5820625,0.5269849,1,0.5,0,-9.912722E-08,1.000032,-0.2254957,-24.99839,-50.00127,0.002074243,0.001545846,-0.9969181,-0.05975084,-0.05083419,1,1,1,-9.859023E-08,0.9999713,0.2254921,-25.00144,-50.00432,-0.001987816,0.1572255,-0.7607741,-0.0456901,0.6474065,1,1,0,-1.103385E-07,1.500099,-0.225521,0.004957865,-75.006,-0.0004172327,0.1867639,-0.7280524,0.6845134,-0.0371613,1,0.5,1,-5.960464E-08,2,0.225496,25.00002,-100.0001,0,0.6713016,-0.4268756,0.8281388,0.3632677,0,0,0,-5.960464E-08,2,-0.225496,25.00002,-100.0001,0,0.5915817,-0.458051,0.888619,-0.02335692,0,0,1
2,-8.79484E-08,1.499904,0.2255001,-0.004783823,-74.99798,0.004646929,0.3073788,-0.6192881,0.5820122,0.5270142,1,0.5,0,-1.675519E-07,0.9999502,-0.2255588,-25.00249,-50.00438,0.0009715561,0.001554012,-0.996902,-0.05991327,-0.05095916,1,1,1,-1.667956E-07,0.9999596,0.2254614,-25.00202,-49.99981,0.002715738,0.1572062,-0.7607965,-0.04570913,0.6473789,1,1,0,-8.747762E-08,1.499932,-0.2255148,-0.003407623,-74.99493,0.006564709,0.1866491,-0.7281741,0.6843843,-0.03715849,1,0.5,1,-5.960464E-08,2,0.225496,25.00002,-100.0001,0,0.6713016,-0.4268756,0.8281388,0.3632677,0,0,0,-5.960464E-08,2,-0.225496,25.00002,-100.0001,0,0.5915817,-0.458051,0.888619,-0.02335692,0,0,1
3,-1.944403E-08,1.500112,0.2255282,0.005589669,-74.99871,0.001943112,0.3075144,-0.619184,0.5821715,0.5269606,1,0.5,0,-1.354954E-07,0.9998746,-0.2254239,-25.00627,-49.99032,-0.003316255,0.001551628,-0.9969066,-0.06006436,-0.05069046,1,1,1,-1.356098E-07,0.9999387,0.2255624,-25.00307,-50.00256,-0.002360345,0.1572725,-0.7607197,-0.04573635,0.6474672,1,1,0,-2.091351E-08,1.500114,-0.225462,0.005679153,-74.99702,0.003592671,0.1867715,-0.7280442,0.684527,-0.03707488,1,0.5,1,-5.960464E-08,2,0.225496,25.00002,-100.0001,0,0.6713016,-0.4268756,0.8281388,0.3632677,0,0,0,-5.960464E-08,2,-0.225496,25.00002,-100.0001,0,0.5915817,-0.458051,0.888619,-0.02335692,0,0,1
4,-1.745312E-08,1.499888,0.2254569,-0.005589663,-74.99632,0.001262129,0.3073466,-0.6193127,0.5820155,0.5269818,1,0.5,0,-3.0341E-08,1.000147,-0.2256651,-24.99268,-49.99693,-0.001818687,0.001547575,-0.9969145,-0.0595227,-0.05117173,1,1,1,-3.830742E-08,0.9999542,0.2253801,-25.00229,-49.99921,-0.003749134,0.1571537,-0.760857,-0.04572104,0.6473069,1,1,0,-3.107401E-08,1.499903,-0.2255988,-0.004868498,-74.99394,-0.002991409,0.1866323,-0.7281919,0.6843585,-0.03728173,1,0.5,1,-5.960464E-08,2,0.225496,25.00002,-100.0001,0,0.6713016,-0.4268756,0.8281388,0.3632677,0,0,0,-5.960464E-08,2,-0.225496,25.00002,-100.0001,0,0.5915817,-0.458051,0.888619,-0.02335692,0,0,1
5,-8.493193E-08,1.499991,0.2253888,-0.0004415651,-74.99492,-0.002133847,0.3073706,-0.6192943,0.5821256,0.5268817,1,0.5,0,4.586327E-08,1.000127,-0.2257503,-24.99366,-50.00011,-0.0002771617,0.001552999,-0.9969035,-0.05956103,-0.05134112,1,1,1,3.662298E-08,1.000061,0.2252273,-24.99694,-49.99354,0.0004433097,0.1570498,-0.7609773,-0.04556516,0.6471766,1,1,0,-8.900822E-08,1.499923,-0.2256652,-0.003844457,-74.99548,-0.008767102,0.1866487,-0.7281745,0.6843718,-0.03737754,1,0.5,1,-5.960464E-08,2,0.225496,25.00002,-100.0001,0,0.6713016,-0.4268756,0.8281388,0.3632677,0,0,0,-5.960464E-08,2,-0.225496,25.00002,-100.0001,0,0.5915817,-0.458051,0.888619,-0.02335692,0,0,1
6,-1.056506E-07,1.499929,0.2254627,-0.003545628,-74.99464,-0.006148966,0.3073734,-0.6192923,0.5820466,0.5269713,1,0.5,0,2.585813E-08,0.9999335,-0.2253959,-25.00333,-49.99876,0.001817942,0.001546502,-0.9969165,-0.05994744,-0.05063524,1,1,1,2.124359E-08,1.000085,0.2255449,-24.99575,-49.99796,-0.003604592,0.1572544,-0.7607404,-0.0455147,0.6474585,1,1,0,-9.884887E-08,1.500003,-0.2255029,0.0001623629,-74.99982,-0.006668272,0.1866975,-0.7281228,0.6844398,-0.03713853,1,0.5,1,-5.960464E-08,2,0.225496,25.00002,-100.0001,0,0.6713016,-0.4268756,0.8281388,0.3632677,0,0,0,-5.960464E-08,2,-0.225496,25.00002,-100.0001,0,0.5915817,-0.458051,0.888619,-0.02335692,0,0,1
7,-5.109455E-08,1.500052,0.2254969,0.002618946,-74.99459,0.002206863,0.3074632,-0.6192233,0.5821347,0.5269551,1,0.5,0,-6.981317E-08,1.000029,-0.2256992,-24.99858,-49.99909,-0.005788358,0.001556396,-0.996897,-0.05975671,-0.05123896,1,1,1,-6.647318E-08,0.9998756,0.2253816,-25.00622,-49.99618,0.002195687,0.1571583,-0.7608517,-0.04584035,0.6473047,1,1,0,-4.572036E-08,1.499974,-0.2255005,-0.001298989,-75.00546,0.001886488,0.1866775,-0.728144,0.6844175,-0.03713601,1,0.5,1,-5.960464E-08,2,0.225496,25.00002,-100.0001,0,0.6713016,-0.4268756,0.8281388,0.3632677,0,0,0,-5.960464E-08,2,-0.225496,25.00002,-100.0001,0,0.5915817,-0.458051,0.888619,-0.02335692,0,0,1
8,-1.720496E-08,1.499905,0.2254667,-0.004771703,-74.99528,0.0004999341,0.3073612,-0.6193014,0.5820251,0.5269843,1,0.5,0,-1.546303E-07,1.000172,-0.225733,-24.9914,-50.00127,-0.01121685,0.001549661,-0.9969106,-0.05947158,-0.05130691,1,1,1,-1.433776E-07,0.9999965,0.2252625,-25.00018,-50.00254,-0.007471445,0.1570757,-0.7609475,-0.04566215,0.6472047,1,1,0,-1.595772E-08,1.499938,-0.2255691,-0.003119244,-74.99503,-0.004313143,0.1866551,-0.7281676,0.6843868,-0.03723722,1,0.5,1,-5.960464E-08,2,0.225496,25.00002,-100.0001,0,0.6713016,-0.4268756,0.8281388,0.3632677,0,0,0,-5.960464E-08,2,-0.225496,25.00002,-100.0001,0,0.5915817,-0.458051,0.888619,-0.02335692,0,0,1
9,-5.944512E-08,1.499965,0.2255164,-0.001756775,-74.99871,-0.007240477,0.3074226,-0.6192545,0.5820556,0.5270059,1,0.5,0,-1.523476E-07,0.999977,-0.22537,-25.00115,-49.99646,-0.005517157,0.001542807,-0.9969242,-0.05986125,-0.05058383,1,1,1,-1.392406E-07,1.000028,0.225635,-24.99858,-50.00608,-0.007615241,0.1573154,-0.76067,-0.04559698,0.6475353,1,1,0,-5.632833E-08,1.499962,-0.2254596,-0.001884261,-74.99989,-0.00216365,0.1866679,-0.7281542,0.6844099,-0.03707703,1,0.5,1,-5.960464E-08,2,0.225496,25.00002,-100.0001,0,0.6713016,-0.4268756,0.8281388,0.3632677,0,0,0,-5.960464E-08,2,-0.225496,25.00002,-100.0001,0,0.5915817,-0.458051,0.888619,-0.02335692,0,0,1
10,-9.793158E-08,1.499955,0.2254584,-0.002256593,-75.00195,-0.003237278,0.3073862,-0.6192824,0.5820695,0.5269577,1,0.5,0,-6.658702E-08,1.000005,-0.225493,-24.99974,-49.99474,-0.006686154,0.001547217,-0.9969152,-0.05980415,-0.05082865,1,1,1,-6.346511E-08,0.9999776,0.2255799,-25.00112,-49.99652,0.0008523468,0.1572821,-0.7607085,-0.04567647,0.6474845,1,1,0,-9.876074E-08,1.500065,-0.2255985,0.003273148,-75.00482,-0.006497654,0.1867437,-0.7280738,0.6844844,-0.03727514,1,0.5,1,-5.960464E-08,2,0.225496,25.00002,-100.0001,0,0.6713016,-0.4268756,0.8281388,0.3632677,0,0,0,-5.960464E-08,2,-0.225496,25.00002,-100.0001,0,0.5915817,-0.458051,0.888619,-0.02335692,0,0,1
11,-6.982344E-08,1.499903,0.2253809,-0.004866504,-74.99966,-0.004812332,0.3073149,-0.6193371,0.5820562,0.5269082,1,0.5,0,2.465361E-08,1.000095,-0.2257704,-24.99526,-49.99925,-0.009650741,0.001555979,-0.9968976,-0.05962437,-0.05138081,1,1,1,1.277153E-08,0.9999532,0.2253105,-25.00235,-49.99536,-0.007487836,0.1571087,-0.7609091,-0.04572571,0.6472453,1,1,0,-7.757826E-08,1.499898,-0.2256507,-0.005089972,-75.00144,-0.008763377,0.1866311,-0.7281932,0.6843531,-0.03735734,1,0.5,1,-5.960464E-08,2,0.225496,25.00002,-100.0001,0,0.6713016,-0.4268756,0.8281388,0.3632677,0,0,0,-5.960464E-08,2,-0.225496,25.00002,-100.0001,0,0.5915817,-0.458051,0.888619,-0.02335692,0,0,1
12,-2.37611E-08,1.499907,0.2254448,-0.004656395,-74.99712,-0.005591663,0.3073511,-0.6193092,0.5820354,0.5269638,1,0.5,0,3.895381E-08,0.9999633,-0.225444,-25.00184,-49.99871,-0.005786123,0.001547158,-0.9969152,-0.05988795,-0.05073109,1,1,1,1.926354E-08,1.000028,0.2255256,-24.99862,-50.00419,-0.009541217,0.1572445,-0.7607518,-0.04560299,0.6474389,1,1,0,-3.251097E-08,1.499895,-0.2254531,-0.005263791,-74.99763,-0.002352894,0.1866214,-0.7282034,0.6843579,-0.03707009,1,0.5,1,-5.960464E-08,2,0.225496,25.00002,-100.0001,0,0.6713016,-0.4268756,0.8281388,0.3632677,0,0,0,-5.960464E-08,2,-0.225496,25.00002,-100.0001,0,0.5915817,-0.458051,0.888619,-0.02335692,0,0,1
13,-3.881881E-08,1.500106,0.2254304,0.00530407,-74.99722,-0.003130735,0.3074595,-0.6192262,0.5822039,0.5268753,1,0.5,0,-3.639616E-08,1.000003,-0.2255006,-24.99986,-50.00288,0.002648682,0.001547754,-0.9969141,-0.05980908,-0.05084386,1,1,1,-4.644183E-08,0.9999807,0.2255211,-25.00097,-50.00219,0.002691151,0.1572438,-0.7607527,-0.0456745,0.6474327,1,1,0,-3.520848E-08,1.500045,-0.2255395,0.002231826,-74.99664,-0.002799929,0.1867272,-0.7280912,0.6844707,-0.03719013,1,0.5,1,-5.960464E-08,2,0.225496,25.00002,-100.0001,0,0.6713016,-0.4268756,0.8281388,0.3632677,0,0,0,-5.960464E-08,2,-0.225496,25.00002,-100.0001,0,0.5915817,-0.458051,0.888619,-0.02335692,0,0,1
14,-8.773356E-08,1.500042,0.2254104,0.002107061,-74.99852,6.780031E-05,0.3074117,-0.6192628,0.5821591,0.5268816,1,0.5,0,-1.305655E-07,0.9999911,-0.2256938,-25.00045,-49.99846,-0.01018644,0.001558423,-0.996893,-0.05983134,-0.05122794,1,1,1,-1.216307E-07,0.9999999,0.225324,-25,-50.00928,-0.008723889,0.1571154,-0.7609015,-0.04565413,0.6472593,1,1,0,-7.780007E-08,1.499915,-0.2255906,-0.004237154,-74.99718,-0.004247578,0.1866405,-0.7281832,0.6843686,-0.03726926,1,0.5,1,-5.960464E-08,2,0.225496,25.00002,-100.0001,0,0.6713016,-0.4268756,0.8281388,0.3632677,0,0,0,-5.960464E-08,2,-0.225496,25.00002,-100.0001,0,0.5915817,-0.458051,0.888619,-0.02335692,0,0,1
15,-8.815283E-08,1.499942,0.2255391,-0.00290782,-74.99553,0.001315773,0.3074211,-0.6192557,0.5820281,0.5270349,1,0.5,0,-1.571347E-07,0.9999972,-0.225529,-25.00014,-50.00707,-0.005623701,0.001549661,-0.9969106,-0.05982015,-0.05090033,1,1,1,-1.378485E-07,1,0.2254952,-25,-49.99925,-0.002085418,0.1572262,-0.7607732,-0.04564634,0.6474106,1,1,0,-8.822269E-08,1.500094,-0.2255033,0.004707567,-74.99789,-0.001645834,0.1867597,-0.7280568,0.6845103,-0.03713566,1,0.5,1,-5.960464E-08,2,0.225496,25.00002,-100.0001,0,0.6713016,-0.4268756,0.8281388,0.3632677,0,0,0,-5.960464E-08,2,-0.225496,25.00002,-100.0001,0,0.5915817,-0.458051,0.888619,-0.02335692,0,0,1
16,-4.172463E-08,1.500085,0.225482,0.004242667,-74.99524,0.001100451,0.3074743,-0.6192148,0.5821669,0.5269295,1,0.5,0,-9.413529E-08,0.9999685,-0.2254914,-25.00157,-49.99955,0.002699347,0.001549423,-0.996911,-0.05987734,-0.05082539,1,1,1,-8.228511E-08,1.000017,0.2254273,-24.99913,-49.99619,-0.002840908,0.1571814,-0.760825,-0.04562297,0.6473514,1,1,0,-5.149383E-08,1.499906,-0.2254118,-0.004709193,-74.99876,0.006109478,0.1866274,-0.728197,0.6843678,-0.03700957,1,0.5,1,-5.960464E-08,2,0.225496,25.00002,-100.0001,0,0.6713016,-0.4268756,0.8281388,0.3632677,0,0,0,-5.960464E-08,2,-0.225496,25.00002,-100.0001,0,0.5915817,-0.458051,0.888619,-0.02335692,0,0,1
17,-2.689518E-08,1.500118,0.225464,0.005887646,-74.99892,0.003280492,0.307484,-0.6192073,0.5822008,0.5269009,1,0.5,0,-2.475915E-09,1.000093,-0.2255714,-24.99534,-50.00386,-0.001439453,0.001545906,-0.9969177,-0.0596289,-0.05098515,1,1,1,-8.105957E-09,0.9998772,0.2253265,-25.00615,-49.99956,-0.009938333,0.1571226,-0.760893,-0.04584039,0.647256,1,1,0,-2.912782E-08,1.499924,-0.2255269,-0.003791151,-74.99426,8.866195E-05,0.1866443,-0.728179,0.6843779,-0.03717628,1,0.5,1,-5.960464E-08,2,0.225496,25.00002,-100.0001,0,0.6713016,-0.4268756,0.8281388,0.3632677,0,0,0,-5.960464E-08,2,-0.225496,25.00002,-100.0001,0,0.5915817,-0.458051,0.888619,-0.02335692,0,0,1
18,-6.627824E-08,1.499981,0.2254867,-0.0009682921,-74.99574,-0.0002011657,0.3074161,-0.6192594,0.5820798,0.5269733,1,0.5,0,3.498737E-08,1.00002,-0.2257116,-24.99899,-49.9985,-0.01233519,0.00155741,-0.9968948,-0.05977323,-0.05126351,1,1,1,1.675613E-08,0.9998464,0.2253243,-25.00769,-50.00459,-0.008400533,0.1571226,-0.760893,-0.04588729,0.6472527,1,1,0,-5.911239E-08,1.500106,-0.2254618,0.005308194,-74.99514,0.005120041,0.1867664,-0.7280496,0.6845211,-0.03707483,1,0.5,1,-5.960464E-08,2,0.225496,25.00002,-100.0001,0,0.6713016,-0.4268756,0.8281388,0.3632677,0,0,0,-5.960464E-08,2,-0.225496,25.00002,-100.0001,0,0.5915817,-0.458051,0.888619,-0.02335692,0,0,1
19,-9.152149E-08,1.499941,0.2255684,-0.002964513,-75.00222,0.005161764,0.3074359,-0.6192443,0.5820161,0.5270615,1,0.5,0,-1.252338E-08,1.000061,-0.2253843,-24.99696,-50.00467,0.005462768,0.001538336,-0.9969327,-0.05969445,-0.05061283,1,1,1,-2.900659E-08,1.000009,0.2256141,-24.99956,-49.99981,0.005752596,0.1573027,-0.7606845,-0.04562743,0.6475161,1,1,0,-9.199181E-08,1.500069,-0.2254369,0.003469487,-74.99504,0.005667659,0.1867403,-0.7280774,0.6844935,-0.03704004,1,0.5,1,-5.960464E-08,2,0.225496,25.00002,-100.0001,0,0.6713016,-0.4268756,0.8281388,0.3632677,0,0,0,-5.960464E-08,2,-0.225496,25.00002,-100.0001,0,0.5915817,-0.458051,0.888619,-0.02335692,0,0,1
20,-6.187475E-08,1.499941,0.2253404,-0.002959623,-75.00165,-0.007595125,0.3073158,-0.6193364,0.5821028,0.5268575,1,0.5,0,-1.008428E-07,0.9999174,-0.2255963,-25.00413,-49.9974,0.00108555,0.001557827,-0.9968942,-0.05997818,-0.05103358,1,1,1,-1.019179E-07,1.000027,0.2253829,-24.99867,-49.98947,0.002314151,0.1571523,-0.7608588,-0.04561084,0.6473125,1,1,0,-7.050509E-08,1.500055,-0.2256199,0.002737298,-74.99559,-0.004188718,0.1867371,-0.7280807,0.6844755,-0.03730674,1,0.5,1,-5.960464E-08,2,0.225496,25.00002,-100.0001,0,0.6713016,-0.4268756,0.8281388,0.3632677,0,0,0,-5.960464E-08,2,-0.225496,25.00002,-100.0001,0,0.5915817,-0.458051,0.888619,-0.02335692,0,0,1
21,-3.227885E-08,1.499929,0.2255544,-0.003533352,-75.00595,-0.002697111,0.307422,-0.6192549,0.5820121,0.5270534,1,0.5,0,-1.487309E-07,1.000102,-0.2253771,-24.99489,-49.99658,-0.0004254283,0.001535654,-0.9969383,-0.05961253,-0.0505987,1,1,1,-1.330493E-07,1.000099,0.2255921,-24.99507,-50.00149,-0.001496077,0.1572844,-0.7607058,-0.04549212,0.6475007,1,1,0,-3.276585E-08,1.500111,-0.2254617,0.005562731,-75.00315,-0.003311784,0.18677,-0.7280459,0.6845251,-0.03707451,1,0.5,1,-5.960464E-08,2,0.225496,25.00002,-100.0001,0,0.6713016,-0.4268756,0.8281388,0.3632677,0,0,0,-5.960464E-08,2,-0.225496,25.00002,-100.0001,0,0.5915817,-0.458051,0.888619,-0.02335692,0,0,1
22,-5.272247E-08,1.500104,0.225603,0.005226345,-74.99513,0.0005975368,0.3075495,-0.6191572,0.582137,0.5270303,1,0.5,0,-1.148436E-07,0.9998967,-0.2252952,-25.00517,-49.99555,-0.005871805,0.00154376,-0.9969222,-0.06002121,-0.05043468,1,1,1,-9.444986E-08,0.9999661,0.2256752,-25.0017,-50.00507,-0.003604592,0.1573443,-0.7606366,-0.04568974,0.6475682,1,1,0,-4.075714E-08,1.500032,-0.2253981,0.001609859,-75.00307,0.00076592,0.1867135,-0.7281058,0.6844663,-0.03698497,1,0.5,1,-5.960464E-08,2,0.225496,25.00002,-100.0001,0,0.6713016,-0.4268756,0.8281388,0.3632677,0,0,0,-5.960464E-08,2,-0.225496,25.00002,-100.0001,0,0.5915817,-0.458051,0.888619,-0.02335692,0,0,1
23,-8.310552E-08,1.499906,0.2256156,-0.004707792,-74.99568,0.007842484,0.3074405,-0.6192408,0.5819695,0.527117,1,0.5,0,-3.072184E-08,0.9999846,-0.2253451,-25.00078,-50.00228,0.001268834,0.001540959,-0.9969277,-0.05984638,-0.05053449,1,1,1,-2.550661E-08,1.000086,0.2255651,-24.99572,-50.00732,-0.005121531,0.1572675,-0.7607253,-0.04551289,0.6474763,1,1,0,-8.09968E-08,1.49996,-0.2253753,-0.001985327,-74.99548,0.006496909,0.1866633,-0.728159,0.6844114,-0.03695451,1,0.5,1,-5.960464E-08,2,0.225496,25.00002,-100.0001,0,0.6713016,-0.4268756,0.8281388,0.3632677,0,0,0,-5.960464E-08,2,-0.225496,25.00002,-100.0001,0,0.5915817,-0.458051,0.888619,-0.02335692,0,0,1
24,-7.516736E-08,1.500077,0.2254378,0.003834032,-75.00271,8.9407E-06,0.3074463,-0.6192363,0.582177,0.526893,1,0.5,0,2.468349E-08,1.000124,-0.2258548,-24.99384,-50.00012,-0.0114739,0.001558602,-0.9968925,-0.05956726,-0.05154885,1,1,1,1.121653E-08,0.9999744,0.2251604,-25.00129,-49.99154,-0.007165226,0.1570106,-0.7610227,-0.04570024,0.6471135,1,1,0,-8.345975E-08,1.499879,-0.2255868,-0.00602483,-75.00352,-0.004368277,0.1866159,-0.7282093,0.684341,-0.03726513,1,0.5,1,-5.960464E-08,2,0.225496,25.00002,-100.0001,0,0.6713016,-0.4268756,0.8281388,0.3632677,0,0,0,-5.960464E-08,2,-0.225496,25.00002,-100.0001,0,0.5915817,-0.458051,0.888619,-0.02335692,0,0,1
25,-4.391026E-08,1.499974,0.2255193,-0.001291972,-74.99635,0.002364815,0.3074296,-0.6192492,0.5820621,0.5270048,1,0.5,0,1.61803E-09,1.000008,-0.2253699,-24.99962,-50.00365,0.004310908,0.00154078,-0.9969279,-0.05979993,-0.05058389,1,1,1,-1.640837E-08,1.000074,0.2256692,-24.9963,-50.00694,0.003182144,0.1573354,-0.7606467,-0.04552596,0.6475678,1,1,0,-4.648442E-08,1.499969,-0.225491,-0.001527524,-74.99673,-0.002715738,0.1866739,-0.7281477,0.6844142,-0.03712249,1,0.5,1,-5.960464E-08,2,0.225496,25.00002,-100.0001,0,0.6713016,-0.4268756,0.8281388,0.3632677,0,0,0,-5.960464E-08,2,-0.225496,25.00002,-100.0001,0,0.5915817,-0.458051,0.888619,-0.02335692,0,0,1
26,-4.051628E-08,1.499979,0.2254896,-0.001047355,-74.9966,0.001605601,0.3074167,-0.619259,0.5820774,0.5269765,1,0.5,0,-7.641609E-08,1.000033,-0.2256137,-24.99833,-49.9999,-0.004214795,0.001551688,-0.9969063,-0.05974777,-0.05106882,1,1,1,-8.255731E-08,0.9999704,0.2254475,-25.00148,-49.99971,-0.005140902,0.1571966,-0.7608074,-0.04569338,0.6473672,1,1,0,-3.272848E-08,1.500095,-0.2255366,0.004759673,-74.99852,-0.0001579524,0.1867617,-0.7280547,0.6845099,-0.03718401,1,0.5,1,-5.960464E-08,2,0.225496,25.00002,-100.0001,0,0.6713016,-0.4268756,0.8281388,0.3632677,0,0,0,-5.960464E-08,2,-0.225496,25.00002,-100.0001,0,0.5915817,-0.458051,0.888619,-0.02335692,0,0,1
27,-6.880737E-08,1.499998,0.2253992,-0.0001030691,-75.00397,-0.00293553,0.3073801,-0.6192871,0.5821272,0.5268884,1,0.5,0,-1.370206E-07,1.000025,-0.2255064,-24.99873,-50.00582,0.005974623,0.0015468,-0.9969162,-0.05976427,-0.05085549,1,1,1,-1.258525E-07,0.9999439,0.2254311,-25.00281,-49.99655,-0.0003978611,0.1571873,-0.7608183,-0.04573448,0.6473513,1,1,0,-6.326616E-08,1.4999,-0.2255592,-0.005011288,-74.99482,-0.003059955,0.1866288,-0.7281955,0.6843578,-0.03722413,1,0.5,1,-5.960464E-08,2,0.225496,25.00002,-100.0001,0,0.6713016,-0.4268756,0.8281388,0.3632677,0,0,0,-5.960464E-08,2,-0.225496,25.00002,-100.0001,0,0.5915817,-0.458051,0.888619,-0.02335692,0,0,1
28,-7.996859E-08,1.5,0.2254255,-1.644206E-05,-74.99795,-0.005129727,0.3073949,-0.6192757,0.5821187,0.5269113,1,0.5,0,-1.249149E-07,0.9999837,-0.2256398,-25.00081,-49.99773,-0.008888546,0.001556098,-0.9968977,-0.05984623,-0.0511206,1,1,1,-1.07816E-07,0.9999166,0.2253719,-25.00417,-50.00121,-0.008137527,0.1571502,-0.7608612,-0.04577851,0.6472979,1,1,0,-8.679017E-08,1.500026,-0.2255334,0.001283815,-74.99581,-0.00115484,0.186714,-0.7281052,0.6844562,-0.03718201,1,0.5,1,-5.960464E-08,2,0.225496,25.00002,-100.0001,0,0.6713016,-0.4268756,0.8281388,0.3632677,0,0,0,-5.960464E-08,2,-0.225496,25.00002,-100.0001,0,0.5915817,-0.458051,0.888619,-0.02335692,0,0,1
29,-5.688469E-08,1.499962,0.2255989,-0.001873378,-74.99897,-0.00344515,0.3074647,-0.6192222,0.5820224,0.5270805,1,0.5,0,-5.389447E-08,0.9999396,-0.2252482,-25.00302,-50.00158,8.568171E-05,0.001538813,-0.9969319,-0.05993624,-0.05034153,1,1,1,-4.639038E-08,0.9999977,0.2257281,-25.00012,-50.00552,-0.000153482,0.1573771,-0.7605986,-0.04563931,0.6476163,1,1,0,-6.454633E-08,1.499986,-0.2254329,-0.0006777092,-74.99777,-0.004669281,0.1866834,-0.7281377,0.6844296,-0.03703726,1,0.5,1,-5.960464E-08,2,0.225496,25.00002,-100.0001,0,0.6713016,-0.4268756,0.8281388,0.3632677,0,0,0,-5.960464E-08,2,-0.225496,25.00002,-100.0001,0,0.5915817,-0.458051,0.888619,-0.02335692,0,0,1
30,-3.95554E-08,1.499926,0.2255458,-0.003715303,-74.99748,0.00734255,0.3074152,-0.6192601,0.5820124,0.527047,1,0.5,0,9.885635E-09,1.000058,-0.2253861,-24.99712,-50.0013,0.01458303,0.001538634,-0.9969321,-0.05970059,-0.05061637,1,1,1,1.138744E-09,1.000077,0.2255863,-24.99615,-49.99636,0.01523272,0.1572816,-0.760709,-0.04552497,0.6474946,1,1,0,-3.59239E-08,1.499912,-0.2254492,-0.004390369,-75.00484,0.006958845,0.1866332,-0.7281909,0.6843714,-0.03706375,1,0.5,1,-5.960464E-08,2,0.225496,25.00002,-100.0001,0,0.6713016,-0.4268756,0.8281388,0.3632677,0,0,0,-5.960464E-08,2,-0.225496,25.00002,-100.0001,0,0.5915817,-0.458051,0.888619,-0.02335692,0,0,1
31,-5.596782E-08,1.499935,0.2254798,-0.00327138,-74.99469,0.001105667,0.3073857,-0.6192828,0.5820447,0.5269846,1,0.5,0,8.269165E-09,1.000096,-0.2255139,-24.99519,-50.01294,0.008981679,0.001542807,-0.9969239,-0.05962333,-0.05087084,1,1,1,-8.263591E-09,0.9999937,0.2254254,-25.00032,-50.0019,0.009664897,0.1571812,-0.7608252,-0.04565908,0.6473487,1,1,0,-4.710665E-08,1.499907,-0.2255733,-0.004668981,-74.99512,0.001987816,0.186634,-0.7281901,0.6843625,-0.0372445,1,0.5,1,-5.960464E-08,2,0.225496,25.00002,-100.0001,0,0.6713016,-0.4268756,0.8281388,0.3632677,0,0,0,-5.960464E-08,2,-0.225496,25.00002,-100.0001,0,0.5915817,-0.458051,0.888619,-0.02335692,0,0,1
32,-7.655377E-08,1.499932,0.225434,-0.003400732,-74.99693,-0.001694263,0.3073601,-0.6193025,0.58206,0.5269446,1,0.5,0,-5.576958E-08,1.00001,-0.2255831,-24.99951,-50.00462,-0.0003151597,0.001551569,-0.9969066,-0.0597946,-0.05100798,1,1,1,-6.464572E-08,0.999986,0.2254863,-25.0007,-50.00767,2.458693E-05,0.157221,-0.7607791,-0.04566801,0.6474021,1,1,0,-7.629944E-08,1.50006,-0.2255802,0.00298286,-74.99535,0.0008329753,0.186739,-0.7280787,0.6844807,-0.03724877,1,0.5,1,-5.960464E-08,2,0.225496,25.00002,-100.0001,0,0.6713016,-0.4268756,0.8281388,0.3632677,0,0,0,-5.960464E-08,2,-0.225496,25.00002,-100.0001,0,0.5915817,-0.458051,0.888619,-0.02335692,0,0,1
33,-6.770651E-08,1.499942,0.2255307,-0.002898344,-75.00478,0.001922251,0.3074168,-0.6192589,0.5820314,0.5270272,1,0.5,0,-1.215778E-07,1.000024,-0.2254822,-24.99879,-49.9985,-0.0004805627,0.001545608,-0.9969186,-0.05976679,-0.0508073,1,1,1,-1.149151E-07,1.000067,0.2254765,-24.99665,-49.99265,0.0005155804,0.1572111,-0.7607908,-0.04554545,0.647397,1,1,0,-7.572009E-08,1.499969,-0.2253961,-0.001544138,-75.00203,0.004905464,0.1866702,-0.7281517,0.6844174,-0.03698439,1,0.5,1,-5.960464E-08,2,0.225496,25.00002,-100.0001,0,0.6713016,-0.4268756,0.8281388,0.3632677,0,0,0,-5.960464E-08,2,-0.225496,25.00002,-100.0001,0,0.5915817,-0.458051,0.888619,-0.02335692,0,0,1
34,-4.561071E-08,1.500047,0.2256019,0.002352657,-75.00023,0.006563964,0.1864569,-0.3830519,0.6847436,0.619998,1,0.5,0,-1.29482E-07,0.9998695,-0.2253331,-25.00653,-49.99408,0.00541881,-0.234121,-0.9889789,-0.1133239,-0.09528048,1,1,1,-1.135498E-07,0.9999854,0.2255895,-25.00073,-49.99898,-0.001707674,0.001167953,-0.5246718,-0.05988925,0.8491954,1,1,0,-4.809661E-08,1.499949,-0.2254125,-0.002537921,-74.99408,0.004003198,0.03911042,-0.4877454,0.8717124,-0.04713787,1,0.5,1,-5.960464E-08,2,0.225496,25.00002,-100.0001,0,0.5913703,-0.2409344,0.8887911,0.3898731,0,0,0,-5.960464E-08,2,-0.225496,25.00002,-100.0001,0,0.5053321,-0.261554,0.9648556,-0.02536076,0,0,1
35,0.01081685,1.500168,0.2246685,-0.2941163,-75.54503,-0.03326388,0.1370614,0.1046673,0.7380258,0.6666053,1,0.5,0,-0.1643196,1.019528,-0.2062192,-16.56304,-42.64469,0.1727701,-0.3908612,-0.9937535,-0.09595179,-0.05698455,1,1,1,-0.01603725,1.000227,0.2191719,-24.48369,-49.19696,0.01346693,-0.07788914,0.09434812,-0.07053416,0.9930375,1,1,0,-0.02643296,1.500632,-0.2247736,0.8860704,-73.69808,0.01000166,-0.02779883,0.06232439,0.9966761,-0.05246398,1,0.5,1,-5.960464E-08,2,0.225496,25.00002,-100.0001,0,0.5606922,0.05266613,0.9144974,0.4011494,0,0,0,-5.960464E-08,2,-0.225496,25.00002,-100.0001,0,0.4719419,0.05747519,0.9980023,-0.02623201,0,0,1
36,-0.06988074,1.505045,0.2214135,3.248978,-71.68385,0.02027006,0.2054419,0.4355164,0.6734006,0.5973752,1,0.5,0,-0.4462284,1.113403,-0.1675787,2.254478,-33.0086,-0.05937891,-0.3869328,-0.6112838,0.7376381,0.286744,1,1,1,-0.2420034,1.03279,0.2264397,-12.32632,-39.25575,0.1008354,-0.05266011,0.3020273,0.006237343,0.9532789,1,1,0,-0.1618173,1.526829,-0.2193444,9.092608,-68.13818,-0.01010821,0.04181647,0.3973578,0.916969,-0.0357029,1,0.5,1,-5.960464E-08,2,0.225496,25.00002,-100.0001,0,0.6243491,0.3354049,0.8627216,0.3784376,0,0,0,-5.960464E-08,2,-0.225496,25.00002,-100.0001,0,0.5410399,0.3622457,0.9317608,-0.02449089,0,0,1
37,-0.1962071,1.540152,0.2252136,11.62856,-67.12095,-0.001041592,0.3308854,0.6009347,0.6139866,0.5117596,1,0.5,0,-0.4577398,1.115032,-0.2277359,4.365617,-33.2977,-0.09570349,-0.2459592,0.9359727,0.3347165,-0.1091788,1,1,1,-0.4485466,1.107188,0.2231022,2.742918,-32.94881,-0.05681442,-0.00404945,0.4979699,0.155637,0.8531138,1,1,0,-0.1877263,1.5365,-0.2256834,11.39528,-67.51649,0.007425251,0.217671,0.7075509,0.7057556,-0.03578709,1,0.5,1,-5.960464E-08,2,0.225496,25.00002,-100.0001,0,0.7671577,0.548878,0.765493,0.3357877,0,0,0,-5.960464E-08,2,-0.225496,25.00002,-100.0001,0,0.6938558,0.5825787,0.8124937,-0.02135601,0,0,1
38,-0.08347901,1.506971,0.2221992,5.271706,-71.31287,-0.003305824,0.6157644,0.8210208,0.4274836,0.3783945,1,0.5,0,-0.04912493,1.000683,-0.217138,-21.15725,-47.65907,-0.0697926,0.4510263,0.9993623,-0.03082659,-0.01802049,1,1,1,-0.2155107,1.023646,0.2013315,-11.55882,-40.75895,-0.002498181,0.3808047,0.8901339,-0.007214371,0.455642,1,1,0,-0.005254733,1.499948,-0.2219463,1.117397,-74.76584,0.01028553,0.5999752,0.9039204,0.4272351,-0.01995159,1,0.5,1,-5.960464E-08,2,0.225496,25.00002,-100.0001,0,0.9563781,0.6863223,0.666036,0.2921604,0,0,0,-5.960464E-08,2,-0.225496,25.00002,-100.0001,0,0.8930687,0.7175129,0.6963047,-0.01830203,0,0,1
39,0.1615632,1.526757,0.2253847,-6.356422,-84.28533,-0.003423543,0.586026,0.7983468,0.4574076,0.3916893,1,0.5,0,0.3104033,1.049403,-0.2252545,-37.2625,-67.73537,-0.01326651,0.5163646,0.9995089,0.01909046,-0.02484788,1,1,1,0.3179557,1.052057,0.2256481,-36.8419,-68.03493,-0.01740903,0.608624,0.9231426,0.01989578,0.3839427,1,1,0,0.1392013,1.519717,-0.2250569,-5.916508,-82.93542,0.006621334,0.4766816,0.86483,0.5014089,-0.02565509,1,0.5,1,-5.960464E-08,2,0.225496,25.00002,-100.0001,0,0.7726445,0.5543277,0.7621926,0.33434,0,0,0,-5.960464E-08,2,-0.225496,25.00002,-100.0001,0,0.6996781,0.5880429,0.8085505,-0.02125236,0,0,1
40,0.1722353,1.530608,0.223272,-7.149715,-85.16737,-0.02230258,0.3612032,0.6484914,0.5812893,0.4914892,1,0.5,0,0.3518239,1.071177,-0.2308252,-39.39374,-71.28049,-0.06449895,0.2398617,0.9975804,0.05565569,-0.0416635,1,1,1,0.4942711,1.147238,0.1902384,-42.71593,-82.37291,-0.02771841,0.4702289,0.9075371,0.1208359,0.4022127,1,1,0,0.114233,1.513125,-0.2235622,-5.223367,-81.41103,-0.00918806,0.1960211,0.7190594,0.6941236,-0.03385276,1,0.5,1,-5.960464E-08,2,0.225496,25.00002,-100.0001,0,0.6274461,0.3425862,0.8603518,0.3773981,0,0,0,-5.960464E-08,2,-0.225496,25.00002,-100.0001,0,0.5443839,0.3698329,0.9287775,-0.02441247,0,0,1
41,0.05944057,1.503575,0.2256104,-3.432097,-78.23259,-0.004724415,0.1491235,0.1945248,0.7295601,0.6556693,1,0.5,0,0.06942359,1.002991,-0.2240083,-29.5162,-53.70194,-0.03736021,-0.3590357,0.9665821,-0.1916034,-0.1703149,1,1,1,0.100607,1.005107,0.2258894,-31.5306,-55.50232,0.01152307,-0.04170251,0.3653457,-0.05431608,0.9292859,1,1,0,0.0601229,1.503629,-0.225295,-3.112274,-78.22462,0.001487882,-0.008999348,0.2585596,0.9646206,-0.05151725,1,0.5,1,-5.960464E-08,2,0.225496,25.00002,-100.0001,0,0.5613264,0.06296834,0.913951,0.4009096,0,0,0,-5.960464E-08,2,-0.225496,25.00002,-100.0001,0,0.472634,0.06871028,0.9972922,-0.02621335,0,0,1
42,-0.1134581,1.513067,0.2160501,6.188697,-69.9566,-0.04702212,0.236205,-0.5000865,0.6561583,0.565128,1,0.5,0,0.2865573,1.085649,-0.09907924,-34.41491,-68.07615,-0.08616675,-0.3804331,0.2663712,0.4654258,0.8440528,1,1,1,0.01712738,1.026989,0.2570674,-23.1136,-51.80759,0.5179996,0.01513517,-0.4612008,-0.005844582,0.8872766,1,1,0,0.02066708,1.500507,-0.2139177,-1.113559,-76.06865,-0.04491882,0.0256862,-0.4452105,0.8950344,-0.02647538,1,0.5,1,-5.960464E-08,2,0.225496,25.00002,-100.0001,0,0.5894144,-0.2338028,0.8903869,0.3905731,0,0,0,-5.960464E-08,2,-0.225496,25.00002,-100.0001,0,0.5032083,-0.2538936,0.9668982,-0.02541445,0,0,1
43,0.1047941,1.511034,0.2246346,-3.380712,-80.54671,-0.02216176,0.295244,-0.5907524,0.6048884,0.5339677,1,0.5,0,0.3836483,1.098854,-0.2299947,-39.52847,-74.60334,-0.4451903,-0.2948222,-0.9305983,0.3355826,-0.1461889,1,1,1,0.3580132,1.077969,0.2197282,-38.55658,-72.11506,-0.3835866,-0.0252614,-0.4561946,0.1010437,0.8841248,1,1,0,0.0987042,1.509818,-0.2262611,-3.924736,-80.32839,-0.02172814,0.1762981,-0.7036576,0.7094774,-0.03883065,1,0.5,1,-5.960464E-08,2,0.225496,25.00002,-100.0001,0,0.7050298,-0.4768235,0.8049595,0.3530999,0,0,0,-5.960464E-08,2,-0.225496,25.00002,-100.0001,0,0.6276969,-0.5095221,0.8601605,-0.0226089,0,0,1
44,0.2134787,1.547975,0.223054,-8.850691,-88.34903,0.002382697,0.454564,-0.713537,0.5426295,0.4431909,1,0.5,0,0.09792674,1.032754,-0.1867115,-29.1617,-56.64095,-0.09541217,0.2967842,-0.9998549,0.003456061,0.0166777,1,1,1,0.2799277,1.049396,0.225492,-37.2911,-66.78916,-0.1463667,0.2478209,-0.8219451,0.02593662,0.5689759,1,1,0,0.1626859,1.527142,-0.2243963,-7.259296,-84.6599,-0.01312271,0.3851198,-0.8269045,0.5616665,-0.02756269,1,0.5,1,-5.960464E-08,2,0.225496,25.00002,-100.0001,0,0.8864517,-0.645241,0.6996279,0.3068956,0,0,0,-5.960464E-08,2,-0.225496,25.00002,-100.0001,0,0.8197923,-0.6778305,0.7349644,-0.01931819,0,0,1
45,-0.1233777,1.515444,0.2248814,6.128586,-69.41354,0.01516715,0.6165264,-0.8161838,0.4347807,0.3805387,1,0.5,0,-0.08226211,1.026333,-0.23573,-20.16952,-47.03212,0.1008027,0.3709161,-0.9991493,-0.004210232,-0.04102574,1,1,1,-0.1160966,1.014166,0.2137953,-19.88055,-44.71029,0.05444663,0.4943393,-0.9091561,-0.01592436,0.416151,1,1,0,-0.1479209,1.522456,-0.2253573,7.89495,-68.5423,0.004806371,0.5577999,-0.8846984,0.4655471,-0.02397173,1,0.5,1,-5.960464E-08,2,0.225496,25.00002,-100.0001,0,0.8201343,-0.5968431,0.7347739,0.3223127,0,0,0,-5.960464E-08,2,-0.225496,25.00002,-100.0001,0,0.749943,-0.6303592,0.7760356,-0.02039772,0,0,1
46,-0.1487559,1.522621,0.2212424,9.118156,-68.87016,0.0113003,0.3961408,-0.6905475,0.5497138,0.4700627,1,0.5,0,-0.2854227,1.051812,-0.2427086,-8.375144,-38.04847,-0.251747,0.257015,-0.9979914,0.02881265,-0.05641712,1,1,1,-0.4129325,1.094874,0.1877898,0.1127676,-33.79029,-0.2616861,0.4665847,-0.9135302,0.06711641,0.4011958,1,1,0,-0.0723631,1.505244,-0.2229291,4.207822,-71.69535,-0.04064964,0.2215391,-0.7517747,0.6586539,-0.03177806,1,0.5,1,-5.960464E-08,2,0.225496,25.00002,-100.0001,0,0.6588421,-0.4056393,0.8370427,0.3671734,0,0,0,-5.960464E-08,2,-0.225496,25.00002,-100.0001,0,0.5782013,-0.4359778,0.8996467,-0.02364678,0,0,1
47,-0.04880567,1.502288,0.2255722,2.520638,-72.6783,-0.002537669,0.1663007,-0.2993737,0.7088204,0.6387088,1,0.5,0,-0.1767472,1.018413,-0.2243962,-14.40542,-42.40381,0.05851763,-0.1714735,-0.9966152,-0.03526823,-0.07425936,1,1,1,-0.229705,1.035321,0.2231086,-10.45026,-40.84243,0.1247153,0.06897467,-0.6685221,0.009351956,0.7436334,1,1,0,-0.04374599,1.501838,-0.2253342,2.006391,-72.88686,-0.0001892448,0.01094961,-0.3804938,0.9234533,-0.04958248,1,0.5,1,-5.960464E-08,2,0.225496,25.00002,-100.0001,0,0.5698823,-0.140826,0.9066421,0.3977036,0,0,0,-5.960464E-08,2,-0.225496,25.00002,-100.0001,0,0.4819629,-0.1534348,0.9878176,-0.02596431,0,0,1
48,0.01125403,1.500359,0.2095752,-1.096049,-75.60661,0.09199683,0.1494192,0.2786883,0.7242765,0.6306792,1,0.5,0,-0.2756817,1.036334,-0.1692248,-10.35739,-37.75431,0.2859892,-0.389489,-0.9587301,0.05731618,0.2784806,1,1,1,0.04407179,1.000294,0.1480691,-27.99257,-52.21703,0.04015417,-0.09043148,0.5220209,-0.07252999,0.8498433,1,1,0,-0.154203,1.524716,-0.2088042,8.7523,-68.46763,-0.04006626,-0.004961997,0.03136827,0.9993497,-0.0177849,1,0.5,1,-5.960464E-08,2,0.225496,25.00002,-100.0001,0,0.572733,0.1582234,0.9042327,0.3966466,0,0,0,-5.960464E-08,2,-0.225496,25.00002,-100.0001,0,0.4850682,0.1723043,0.9847037,-0.02588246,0,0,1
49,-0.1479908,1.522314,0.2255032,7.939552,-68.55059,-0.002187491,0.2353896,0.465869,0.6694607,0.5786092,1,0.5,0,-0.4750568,1.152517,-0.2308844,6.325169,-33.84301,-0.2214373,-0.3726992,0.1219879,0.9624238,-0.2426093,1,1,1,-0.531112,1.200612,0.2140643,10.45385,-32.6538,-0.4021937,-0.05033356,-0.09012453,0.3794182,0.9208254,1,1,0,-0.132662,1.517873,-0.2251717,7.511959,-69.25871,0.01497716,0.1056095,0.5910145,0.8055894,-0.04156431,1,0.5,1,-5.960464E-08,2,0.225496,25.00002,-100.0001,0,0.6673139,0.420269,0.8309678,0.3645086,0,0,0,-5.960464E-08,2,-0.225496,25.00002,-100.0001,0,0.5873017,0.4511957,0.8921169,-0.02344886,0,0,1
50,-0.2234684,1.552674,0.2234088,14.14038,-66.63355,0.0457071,0.3923088,0.6570634,0.5857548,0.4745093,1,0.5,0,-0.3295707,1.054518,-0.2097664,-5.104441,-36.49842,-0.02327786,-0.01907405,0.9984931,0.05098184,-0.02030752,1,1,1,-0.5037036,1.138223,0.1977426,8.477708,-32.64986,0.4398839,0.01340938,0.5961486,0.2107923,0.7747086,1,1,0,-0.1497826,1.52305,-0.2204919,8.611967,-68.64745,-0.03043265,0.3240778,0.8008823,0.5983053,-0.02486648,1,0.5,1,-5.960464E-08,2,0.225496,25.00002,-100.0001,0,0.8332958,0.6073459,0.7275206,0.319131,0,0,0,-5.960464E-08,2,-0.225496,25.00002,-100.0001,0,0.7638358,0.6407255,0.767505,-0.0201735,0,0,1
51,0.06397164,1.504086,0.2205576,-1.782596,-78.28322,-0.04875215,0.6280727,0.8272797,0.4202624,0.3728107,1,0.5,0,-0.01454046,0.9996075,-0.2135399,-22.94149,-49.31065,0.1624004,0.355367,0.9992432,-0.03553149,-0.01582929,1,1,1,0.1836851,1.017164,0.191158,-31.30101,-59.72567,-0.1654871,0.6233267,0.9373454,-0.01142654,0.3482139,1,1,0,-0.02966034,1.500855,-0.2205134,2.171753,-73.60545,0.06433504,0.4628359,0.8720071,0.4890293,-0.02130519,1,0.5,1,-5.960464E-08,2,0.225496,25.00002,-100.0001,0,0.8702409,0.6343848,0.7079049,0.3105264,0,0,0,-5.960464E-08,2,-0.225496,25.00002,-100.0001,0,0.8027523,0.6672489,0.7445777,-0.01957087,0,0,1
52,0.1939467,1.539225,0.2254316,-7.753384,-86.66227,0.0006318095,0.4960565,0.7457913,0.511241,0.4271159,1,0.5,0,0.4673469,1.118943,-0.2246418,-41.36377,-78.76705,0.08608703,0.5204328,0.9959014,0.08716227,-0.02414833,1,1,1,0.4871587,1.133123,0.2256895,-42.60439,-80.93398,0.169921,0.6248426,0.921073,0.09167756,0.3784436,1,1,0,0.1956554,1.539766,-0.2255427,-7.31075,-86.57139,0.0002793969,0.4027082,0.8248058,0.5647076,-0.02829559,1,0.5,1,-5.960464E-08,2,0.225496,25.00002,-100.0001,0,0.6929972,0.4601046,0.8130784,0.3566613,0,0,0,-5.960464E-08,2,-0.225496,25.00002,-100.0001,0,0.6148299,0.4923653,0.8700882,-0.02286985,0,0,1
53,0.1113372,1.512622,0.2208463,-5.447925,-81.31448,0.00229925,0.2254073,0.4698777,0.6653112,0.5801517,1,0.5,0,0.4811834,1.125914,-0.1826954,-43.78286,-81.02596,-0.01987071,0.2173506,0.9907274,0.1337062,0.02412291,1,1,1,0.2972165,1.045539,0.221051,-38.49923,-67.42156,0.1083553,0.1745161,0.7809035,0.02303786,0.6242267,1,1,0,0.1995169,1.541531,-0.2204293,-8.262913,-87.21462,0.02203808,0.1679444,0.6423175,0.7658281,-0.0305853,1,0.5,1,-5.960464E-08,2,0.225496,25.00002,-100.0001,0,0.583801,0.211769,0.8949985,0.392596,0,0,0,-5.960464E-08,2,-0.225496,25.00002,-100.0001,0,0.4971098,0.2301807,0.9728119,-0.02556989,0,0,1
54,-0.05229537,1.502817,0.2212456,1.711131,-72.43469,-0.1037777,0.1488354,-0.2178709,0.7287167,0.6492335,1,0.5,0,0.1959502,1.048945,-0.1940448,-31.45551,-61.90049,0.5180301,-0.3912876,0.983174,0.1742648,0.05477916,1,1,1,-0.02102072,0.9998463,0.1990355,-23.94463,-48.91556,0.007192048,-0.08496043,-0.2652463,-0.07265257,0.9614395,1,1,0,-0.01108787,1.500147,-0.2274839,0.8881269,-74.45963,-0.02181903,-0.018518,-0.2080138,0.9764588,-0.05708197,1,0.5,1,-5.960464E-08,2,0.225496,25.00002,-100.0001,0,0.5629582,-0.08379169,0.9125479,0.4002942,0,0,0,-5.960464E-08,2,-0.225496,25.00002,-100.0001,0,0.4744145,-0.09140573,0.9954699,-0.02616545,0,0,1
55,-0.01409452,1.500277,0.2204986,1.248378,-74.32907,0.01348705,0.261088,-0.5594157,0.6179008,0.5524968,1,0.5,0,0.4128898,1.135877,-0.1362376,-38.21111,-77.2776,-0.1179688,-0.3763994,0.009868959,0.8566073,0.5158744,1,1,1,0.19422,1.043042,0.246622,-31.5134,-61.62918,0.134571,-0.003083736,-0.4375989,0.02624582,0.8987871,1,1,0,0.08504532,1.507313,-0.2191736,-3.399969,-79.54461,0.003623219,0.07868737,-0.5644234,0.8248202,-0.03313285,1,0.5,1,-5.960464E-08,2,0.225496,25.00002,-100.0001,0,0.6364064,-0.362256,0.8535681,0.3744224,0,0,0,-5.960464E-08,2,-0.225496,25.00002,-100.0001,0,0.5540507,-0.39056,0.9202596,-0.02418858,0,0,1
56,0.218729,1.550422,0.2242405,-7.801163,-88.16621,0.0019826,0.344625,-0.6066814,0.6161573,0.5022826,1,0.5,0,0.4177112,1.092184,-0.2269648,-42.05547,-75.92943,0.05038755,-0.1793193,-0.9774085,0.1939124,-0.08408613,1,1,1,0.3940405,1.080898,0.2231856,-40.63162,-73.69759,0.1183644,0.0434314,-0.62033,0.09365965,0.7787287,1,1,0,0.1956011,1.539831,-0.2260167,-7.797469,-86.77359,0.03029705,0.2398747,-0.7238337,0.6890779,-0.03516365,1,0.5,1,-5.960464E-08,2,0.225496,25.00002,-100.0001,0,0.7870601,-0.5680755,0.7536557,0.3305953,0,0,0,-5.960464E-08,2,-0.225496,25.00002,-100.0001,0,0.7149596,-0.6017874,0.7983807,-0.02098505,0,0,1
57,0.1120543,1.512762,0.2222154,-5.745443,-81.43629,-0.005395713,0.558213,-0.795415,0.4562046,0.3989891,1,0.5,0,0.03802567,0.9996049,-0.2024536,-27.94213,-51.9837,-0.1586661,0.4162547,-0.999446,-0.03317313,-0.002677886,1,1,1,0.2147502,1.022855,0.2117699,-35.94899,-62.18788,-0.004570188,0.3460259,-0.8735223,-0.008445846,0.4867108,1,1,0,0.02812624,1.500877,-0.2207915,-2.497883,-76.53844,0.04626067,0.5387391,-0.8911251,0.4533158,-0.02001611,1,0.5,1,-5.960464E-08,2,0.225496,25.00002,-100.0001,0,0.9253526,-0.6691487,0.6805336,0.2985198,0,0,0,-5.960464E-08,2,-0.225496,25.00002,-100.0001,0,0.8606004,-0.7009941,0.7129208,-0.01873878,0,0,1
58,-0.1842752,1.535216,0.2251853,10.5552,-67.37891,-0.02437831,0.5495288,-0.7772752,0.481374,0.4051202,1,0.5,0,-0.2521462,1.031642,-0.216852,-11.54734,-38.80954,0.01975522,0.3838059,-0.9998165,0.001858131,-0.01906749,1,1,1,-0.2848018,1.045088,0.2327359,-9.960967,-37.67069,-0.03004746,0.5134557,-0.9041336,0.01488752,0.4269904,1,1,0,-0.1415094,1.520431,-0.2234846,8.123771,-68.9521,0.01915769,0.4157588,-0.8441163,0.5355465,-0.02564493,1,0.5,1,-5.960464E-08,2,0.225496,25.00002,-100.0001,0,0.7331815,-0.5120882,0.7865835,0.3450392,0,0,0,-5.960464E-08,2,-0.225496,25.00002,-100.0001,0,0.6577305,-0.5454617,0.8378464,-0.02202239,0,0,1
59,-0.1396087,1.52001,0.2236074,8.21885,-69.08241,-0.01789854,0.2906137,-0.5734026,0.6197842,0.5357956,1,0.5,0,-0.3305878,1.071215,-0.2367294,-4.764624,-36.98717,-0.1604416,0.1466798,-0.9963494,0.06373389,-0.05679686,1,1,1,-0.4667666,1.14173,0.1872475,5.821674,-34.00083,-0.02967269,0.3784197,-0.8885251,0.127194,0.4408457,1,1,0,-0.08171552,1.506851,-0.2234112,4.654856,-71.29458,-0.01892076,0.1199297,-0.6378898,0.7692012,-0.03776431,1,0.5,1,-5.960464E-08,2,0.225496,25.00002,-100.0001,0,0.6047057,-0.2839954,0.8780622,0.3851668,0,0,0,-5.960464E-08,2,-0.225496,25.00002,-100.0001,0,0.519793,-0.3076422,0.9511737,-0.02500114,0,0,1
60,-0.06355864,1.504153,0.2259086,3.787614,-72.07374,-0.01306162,0.1398917,-0.0889837,0.7409895,0.6655948,1,0.5,0,-0.1100321,1.001366,-0.2277347,-19.04377,-44.82205,-0.2105684,-0.3891692,-0.9330742,-0.2583616,-0.2502434,1,1,1,-0.07768494,1.004105,0.2259101,-19.20703,-46.46584,-0.07839802,-0.06742594,-0.1642869,-0.0598623,0.9845945,1,1,0,-0.06827503,1.504679,-0.2250541,3.648815,-71.82095,-0.01409725,-0.02067798,-0.1286324,0.9903138,-0.05226986,1,0.5,1,-5.960464E-08,2,0.225496,25.00002,-100.0001,0,0.5592408,0.006248484,0.9157504,0.401699,0,0,0,-5.960464E-08,2,-0.225496,25.00002,-100.0001,0,0.4703578,0.006820834,0.9996315,-0.02627483,0,0,1
61,0.03874509,1.50162,0.2196644,-1.899057,-77.01857,-0.01720191,0.2295457,0.5011896,0.6464573,0.5752408,1,0.5,0,-0.3756777,1.111929,-0.133139,-1.221195,-36.25802,-0.2579086,-0.3835423,-0.4188823,0.7035062,0.5741224,1,1,1,-0.167511,1.044437,0.2610764,-16.20493,-43.11692,0.4605623,-0.0119392,0.3265671,0.02958049,0.9447111,1,1,0,-0.0707327,1.50521,-0.2176613,3.924823,-71.74361,-0.06511214,0.04014397,0.4742493,0.8797832,-0.0326974,1,0.5,1,-5.960464E-08,2,0.225496,25.00002,-100.0001,0,0.6085161,0.2948947,0.8750439,0.3838429,0,0,0,-5.960464E-08,2,-0.225496,25.00002,-100.0001,0,0.5239196,0.319259,0.9473403,-0.02490038,0,0,1
62,-0.1873253,1.536383,0.2219989,10.13592,-67.05772,-0.06621781,0.3031434,0.5713033,0.630501,0.5254341,1,0.5,0,-0.3704297,1.079502,-0.2378165,-1.756153,-35.99292,0.01786948,-0.2173168,0.9754171,0.1751144,-0.1337768,1,1,1,-0.4970237,1.140472,0.1907235,6.617763,-32.4845,-0.2829203,-0.06743583,0.3447813,0.2553895,0.903273,1,1,0,-0.1256334,1.51613,-0.2242933,6.821836,-69.45415,0.03943147,0.2126463,0.7304189,0.6821482,-0.0340888,1,0.5,1,-5.960464E-08,2,0.225496,25.00002,-100.0001,0,0.7407558,0.5207824,0.7817818,0.3429329,0,0,0,-5.960464E-08,2,-0.225496,25.00002,-100.0001,0,0.6657951,0.5542687,0.8320504,-0.02187004,0,0,1
63,-0.1651368,1.52806,0.2245125,10.56791,-68.48196,0.01548082,0.5342181,0.7743362,0.481581,0.4104671,1,0.5,0,-0.09408704,1.013975,-0.2036695,-18.85997,-46.1217,-0.3060446,0.3720371,0.9998223,-0.018377,-0.004208015,1,1,1,-0.1991144,1.027957,0.2346417,-11.95648,-41.84423,-0.04743339,0.3814669,0.8699758,-0.002318008,0.4930891,1,1,0,-0.1196663,1.514584,-0.2239142,7.278506,-69.88738,-0.02610461,0.4755113,0.8675481,0.4967487,-0.02451449,1,0.5,1,-5.960464E-08,2,0.225496,25.00002,-100.0001,0,0.9335424,0.6738337,0.6766457,0.2968144,0,0,0,-5.960464E-08,2,-0.225496,25.00002,-100.0001,0,0.8691775,0.7055106,0.7084547,-0.01862139,0,0,1
64,0.2057515,1.544249,0.2228387,-7.464471,-87.23732,-0.01991466,0.634958,0.8098768,0.4530998,0.3725589,1,0.5,0,0.1340027,1.017467,-0.1833084,-30.04123,-57.41896,0.1580716,0.3476844,0.9996968,-0.01478549,0.01969081,1,1,1,0.3202753,1.055416,0.2256298,-36.908,-68.37966,-0.1059935,0.6181871,0.9244428,0.02272956,0.3806428,1,1,0,0.1358188,1.518899,-0.2217934,-5.34786,-82.59839,0.007887932,0.4801592,0.8664342,0.4987959,-0.02223452,1,0.5,1,-5.960464E-08,2,0.225496,25.00002,-100.0001,0,0.7770755,0.5586393,0.7595481,0.33318,0,0,0,-5.960464E-08,2,-0.225496,25.00002,-100.0001,0,0.7043775,0.5923596,0.8053955,-0.02116944,0,0,1
65,0.145241,1.521496,0.2246515,-6.899254,-83.57108,0.007363412,0.3448978,0.6395197,0.5817223,0.5026069,1,0.5,0,0.3868335,1.087778,-0.2317559,-39.61905,-73.4501,0.04156531,0.2846959,0.9964641,0.07363062,-0.04046901,1,1,1,0.4261061,1.105757,0.2171756,-41.49147,-76.65671,0.1426839,0.4241937,0.8885517,0.08197042,0.4513942,1,1,0,0.1313945,1.517464,-0.2261686,-5.964118,-82.52844,-0.01147241,0.2179762,0.7332866,0.678942,-0.03644779,1,0.5,1,-5.960464E-08,2,0.225496,25.00002,-100.0001,0,0.6305051,0.3494789,0.8580238,0.3763769,0,0,0,-5.960464E-08,2,-0.225496,25.00002,-100.0001,0,0.5476855,0.3771053,0.9258506,-0.02433554,0,0,1
66,0.001763313,1.500018,0.2223053,-0.2710971,-75.09192,-0.008119646,0.1363104,0.1179385,0.7386621,0.6636782,1,0.5,0,0.2230253,1.025491,-0.1952809,-36.31913,-62.86898,-0.1915463,-0.2036206,0.9997575,-0.01521231,0.01592243,1,1,1,0.04174336,1.000469,0.2169387,-28.63913,-52.23125,-0.2209672,-0.06647858,0.2653284,-0.06811945,0.9617487,1,1,0,0.08250257,1.506997,-0.2213557,-3.767426,-79.47052,0.02491252,0.002245724,0.3101764,0.9497277,-0.04252043,1,0.5,1,-5.960464E-08,2,0.225496,25.00002,-100.0001,0,0.5617522,0.06901999,0.9135844,0.4007488,0,0,0,-5.960464E-08,2,-0.225496,25.00002,-100.0001,0,0.4730986,0.07530802,0.996816,-0.02620083,0,0,1
67,0.06167569,1.503734,0.2219858,-2.201604,-78.20177,0.1047589,0.160646,-0.2789325,0.7170764,0.6387473,1,0.5,0,0.3488256,1.062822,-0.1852152,-38.31193,-70.20519,-0.07713738,-0.3910092,0.9438801,0.3011459,0.1356522,1,1,1,0.1243607,1.007271,0.2024245,-28.66862,-56.35239,0.6226341,-0.07899365,-0.2888096,-0.05398769,0.9558631,1,1,0,0.1482049,1.522456,-0.2200703,-6.330901,-83.54436,-0.05674886,0.002463877,-0.1945342,0.9800821,-0.0399438,1,0.5,1,-5.960464E-08,2,0.225496,25.00002,-100.0001,0,0.5874003,-0.2261829,0.892036,0.3912965,0,0,0,-5.960464E-08,2,-0.225496,25.00002,-100.0001,0,0.5010208,-0.2457006,0.9690111,-0.02546999,0,0,1
68,0.215545,1.548797,0.2227594,-7.857505,-87.99123,-0.03539996,0.252219,-0.4565811,0.6896892,0.5620165,1,0.5,0,0.4778359,1.142121,-0.2419586,-41.95448,-81.18394,-0.0296645,-0.3553686,-0.5611374,0.775218,-0.2901069,1,1,1,0.6071041,1.237932,0.1792764,-42.92685,-91.94946,-0.3410341,-0.06479782,0.1105465,0.4777828,0.8714948,1,1,0,0.1536047,1.524091,-0.223278,-6.426967,-83.87032,0.03057123,0.1395376,-0.6338788,0.7725754,-0.03639819,1,0.5,1,-5.960464E-08,2,0.225496,25.00002,-100.0001,0,0.6976734,-0.4667333,0.8099038,0.3552688,0,0,0,-5.960464E-08,2,-0.225496,25.00002,-100.0001,0,0.6198325,-0.4991765,0.8662012,-0.02276768,0,0,1
69,0.1826628,1.534517,0.2246435,-8.06743,-86.13113,0.02796279,0.4616221,-0.7278312,0.5246516,0.4415908,1,0.5,0,0.2763391,1.03862,-0.2195647,-37.80401,-66.00411,-0.07951114,0.1065992,-0.9993787,0.014211,-0.0322531,1,1,1,0.3683691,1.070268,0.2207551,-41.83193,-72.73785,0.2009467,0.16562,-0.7725011,0.06049689,0.632125,1,1,0,0.1399293,1.519899,-0.2240894,-6.272999,-83.07463,-0.01876727,0.3899907,-0.8344268,0.5504538,-0.02706704,1,0.5,1,-5.960464E-08,2,0.225496,25.00002,-100.0001,0,0.8787175,-0.6401322,0.7035525,0.3086172,0,0,0,-5.960464E-08,2,-0.225496,25.00002,-100.0001,0,0.8116651,-0.6728558,0.7395183,-0.01943788,0,0,1
70,-0.1352304,1.518753,0.2205875,6.865078,-68.95661,-0.0158839,0.6416976,-0.8252434,0.4280932,0.3683878,1,0.5,0,-0.1270397,1.00742,-0.2124964,-19.81522,-43.84034,0.02068133,0.4343443,-0.9996185,-0.02416658,-0.01337451,1,1,1,-0.3211921,1.053308,0.1919289,-7.963236,-36.05904,-0.0846267,0.6945089,-0.9444384,0.01951275,0.3281088,1,1,0,-0.04087636,1.501621,-0.2200099,1.439677,-72.99998,0.02241136,0.4703779,-0.8737054,0.4860182,-0.02062069,1,0.5,1,-5.960464E-08,2,0.225496,25.00002,-100.0001,0,0.8315828,-0.6060067,0.7284566,0.3195415,0,0,0,-5.960464E-08,2,-0.225496,25.00002,-100.0001,0,0.7620285,-0.6394057,0.7686041,-0.02020239,0,0,1
71,-0.2023205,1.542704,0.2252745,12.37936,-67.0776,-0.007263574,0.4579466,-0.7186531,0.5352117,0.4439438,1,0.5,0,-0.5115452,1.144995,-0.2220939,7.295704,-31.35532,0.08644167,0.5045046,-0.9931821,0.1144792,-0.02199481,1,1,1,-0.5199461,1.155364,0.2287513,8.971733,-31.89899,0.1277134,0.6007699,-0.9139575,0.113888,0.3895013,1,1,0,-0.2158481,1.548908,-0.2254967,12.95179,-66.52454,0.007236752,0.3733053,-0.8037956,0.5941887,-0.02919561,1,0.5,1,-5.960464E-08,2,0.225496,25.00002,-100.0001,0,0.6654403,-0.4171049,0.8323037,0.3650946,0,0,0,-5.960464E-08,2,-0.225496,25.00002,-100.0001,0,0.58529,-0.4479088,0.8937706,-0.02349233,0,0,1
72,-0.08205602,1.506822,0.2221996,5.162309,-71.36798,-0.008608405,0.1827706,-0.3604398,0.6983633,0.6183622,1,0.5,0,-0.381746,1.076491,-0.1952114,-0.6821427,-35.38605,-0.03014581,0.04778516,-0.9963536,0.08487135,0.008741817,1,1,1,-0.2124618,1.022705,0.2192298,-11.93844,-40.80188,0.06258788,0.06352615,-0.6681207,-0.01294466,0.7439403,1,1,0,-0.1596538,1.526253,-0.2216182,9.748465,-68.48548,0.03013761,0.09288514,-0.5459666,0.8370131,-0.03646269,1,0.5,1,-5.960464E-08,2,0.225496,25.00002,-100.0001,0,0.5718474,-0.1530458,0.9049798,0.3969744,0,0,0,-5.960464E-08,2,-0.225496,25.00002,-100.0001,0,0.4841038,-0.1666915,0.9856687,-0.02590783,0,0,1
73,0.1174428,1.514147,0.2176656,-5.073787,-81.55898,0.04671143,0.1967671,0.3973247,0.6948471,0.5994336,1,0.5,0,-0.2332709,1.055434,-0.1158277,-10.96283,-41.23294,0.6894855,-0.3851576,-0.6432378,0.2214667,0.7329376,1,1,1,0.02290979,1.020889,0.2534629,-25.74542,-51.86506,0.9132128,-0.01117647,0.3729561,-0.01863824,0.9276618,1,1,0,-0.01098872,1.50022,-0.2140554,0.14937,-74.45735,0.1888499,-0.00671494,0.3008629,0.9532416,-0.02849356,1,0.5,1,-5.960464E-08,2,0.225496,25.00002,-100.0001,0,0.5711468,0.1488123,0.9055717,0.397234,0,0,0,-5.960464E-08,2,-0.225496,25.00002,-100.0001,0,0.4833407,0.1621003,0.9864336,-0.02592793,0,0,1
74,-0.02215007,1.500627,0.2213071,0.4639685,-73.90273,-0.001521409,0.2796104,0.586125,0.60367,0.5404072,1,0.5,0,-0.4502482,1.143378,-0.1484982,4.040372,-34.59906,-0.1664699,-0.3721744,0.2257061,0.8869739,0.4029071,1,1,1,-0.2669429,1.063506,0.2555138,-9.479721,-39.62163,0.03640951,0.003612757,0.4212687,0.06653182,0.9044923,1,1,0,-0.1170727,1.513865,-0.2191772,5.864865,-69.6933,0.007069859,0.1046124,0.5987746,0.8002893,-0.03171812,1,0.5,1,-5.960464E-08,2,0.225496,25.00002,-100.0001,0,0.6625332,0.4121166,0.834385,0.3660076,0,0,0,-5.960464E-08,2,-0.225496,25.00002,-100.0001,0,0.5821675,0.4427218,0.8963495,-0.02356012,0,0,1
75,-0.2462213,1.564798,0.2245181,15.39557,-65.83801,-0.009693954,0.375994,0.6264461,0.6105043,0.4846129,1,0.5,0,-0.3700646,1.072001,-0.2183308,-1.895983,-35.49347,0.1575456,-0.07261622,0.9942346,0.09827469,-0.04289072,1,1,1,-0.3829874,1.082619,0.2324024,-1.553769,-34.98428,0.1475543,0.09956831,0.687156,0.08776164,0.7211896,1,1,0,-0.2125558,1.547343,-0.2248839,13.17181,-66.82539,0.01781584,0.279414,0.7472647,0.6637591,-0.03192636,1,0.5,1,-5.960464E-08,2,0.225496,25.00002,-100.0001,0,0.8243668,0.600275,0.7324257,0.3212826,0,0,0,-5.960464E-08,2,-0.225496,25.00002,-100.0001,0,0.7544124,0.6337503,0.7732706,-0.02032505,0,0,1
76,-0.03715069,1.501501,0.2214187,3.001053,-73.31013,-0.01495481,0.5585848,0.801955,0.4454069,0.3980963,1,0.5,0,0.01891528,1.00083,-0.2241204,-24.86012,-50.92728,-0.2814331,0.4057946,0.9991265,-0.03220407,-0.026629,1,1,1,-0.1448198,1.011235,0.1960724,-15.73689,-43.54156,-0.1017087,0.340657,0.8817726,-0.02232123,0.4711462,1,1,0,0.0467858,1.502254,-0.221645,-1.1625,-77.3748,-0.01681001,0.5458231,0.8919997,0.451562,-0.02069658,1,0.5,1,-5.960464E-08,2,0.225496,25.00002,-100.0001,0,0.8809777,0.6416382,0.7024011,0.3081121,0,0,0,-5.960464E-08,2,-0.225496,25.00002,-100.0001,0,0.8140405,0.6743233,0.7381814,-0.01940274,0,0,1
77,0.1688081,1.529476,0.2250926,-6.9008,-84.88026,-0.01105369,0.4842805,0.7456337,0.5074531,0.4318816,1,0.5,0,0.3287764,1.056137,-0.2263006,-37.96713,-68.99945,-0.06094428,0.3946498,0.9991407,0.02921464,-0.02939761,1,1,1,0.3492403,1.062952,0.2242168,-38.03344,-70.16174,-0.07889348,0.5085001,0.9066384,0.03267386,0.4206413,1,1,0,0.1340939,1.518254,-0.2243887,-6.098944,-82.70868,0.02002344,0.3531504,0.819549,0.5722956,-0.02858659,1,0.5,1,-5.960464E-08,2,0.225496,25.00002,-100.0001,0,0.7005376,0.4707097,0.8079716,0.3544212,0,0,0,-5.960464E-08,2,-0.225496,25.00002,-100.0001,0,0.6228952,0.5032567,0.8638386,-0.02270558,0,0,1
78,0.1359435,1.518742,0.2233934,-5.874282,-82.74277,-0.009586666,0.2507482,0.5080719,0.6510069,0.5639619,1,0.5,0,0.3068796,1.059788,-0.23427,-37.90022,-68.59051,0.005527588,0.05423331,0.9966384,0.05374549,-0.06183314,1,1,1,0.4505369,1.129776,0.1874638,-41.61362,-79.4967,0.05572813,0.3028311,0.8669664,0.1242799,0.4826218,1,1,0,0.07751676,1.505976,-0.2235274,-3.677449,-79.19517,0.00140369,0.07570863,0.5610605,0.8267654,-0.04086688,1,0.5,1,-5.960464E-08,2,0.225496,25.00002,-100.0001,0,0.5872961,0.2257808,0.8921215,0.391334,0,0,0,-5.960464E-08,2,-0.225496,25.00002,-100.0001,0,0.5009077,0.2452679,0.9691206,-0.02547287,0,0,1
79,0.05161995,1.50265,0.2251918,-3.306247,-77.81622,-0.02895446,0.1361617,-0.03570847,0.7429708,0.6683707,1,0.5,0,0.2027702,1.022666,-0.2071822,-32.97588,-61.01096,0.3900529,-0.3711565,0.9968214,-0.05691804,-0.05574381,1,1,1,0.02220192,1.002403,0.2052578,-27.31517,-51.32843,-0.5123945,-0.09047163,-0.1273035,-0.06738715,0.989572,1,1,0,0.0672759,1.504616,-0.2252216,-3.042748,-78.57336,-0.008112195,-0.02466148,-0.01485342,0.9984809,-0.05306026,1,0.5,1,-5.960464E-08,2,0.225496,25.00002,-100.0001,0,0.5618254,-0.07000808,0.9135215,0.4007212,0,0,0,-5.960464E-08,2,-0.225496,25.00002,-100.0001,0,0.4731785,-0.07638513,0.9967341,-0.02619868,0,0,1
80,-0.04435528,1.501951,0.2221012,2.611152,-72.90713,0.04380571,0.269942,-0.5689619,0.6129699,0.5482246,1,0.5,0,0.3875882,1.139127,-0.1390041,-37.13087,-76.01458,-0.3544608,-0.374833,-0.04892799,0.8718536,0.4873164,1,1,1,0.2196189,1.079281,0.2749887,-30.68855,-64.3131,0.1308248,0.00828284,-0.3425131,0.09695516,0.9344969,1,1,0,0.049068,1.502373,-0.2189525,-2.410447,-77.58377,-0.03420638,0.08504313,-0.5890923,0.8074161,-0.03239505,1,0.5,1,-5.960464E-08,2,0.225496,25.00002,-100.0001,0,0.6300251,-0.3484104,0.8583882,0.3765367,0,0,0,-5.960464E-08,2,-0.225496,25.00002,-100.0001,0,0.5471677,-0.3759784,0.9263085,-0.02434757,0,0,1
81,0.2109728,1.54664,0.2188296,-7.515686,-87.57635,-0.02575592,0.335135,-0.6048002,0.6186302,0.5015112,1,0.5,0,0.2562589,1.033405,-0.2130309,-37.17887,-64.83789,0.5586365,-0.03999904,-0.9995713,0.007401327,-0.02832802,1,1,1,0.4189686,1.089586,0.2037519,-41.60729,-75.50753,0.1920567,0.00480783,-0.588529,0.1180366,0.7998131,1,1,0,0.1216565,1.515059,-0.22202,-5.217586,-81.80333,0.1019024,0.2675191,-0.7744514,0.6319826,-0.0286898,1,0.5,1,-5.960464E-08,2,0.225496,25.00002,-100.0001,0,0.7785512,-0.5600579,0.7586714,0.3327954,0,0,0,-5.960464E-08,2,-0.225496,25.00002,-100.0001,0,0.7059422,-0.5937787,0.8043506,-0.02114197,0,0,1
82,0.09436163,1.508944,0.2243452,-5.514967,-80.43725,0.00683591,0.5824254,-0.8065533,0.4424734,0.3920319,1,0.5,0,-0.006003105,1.004298,-0.2106698,-24.98882,-50.03246,-0.4079142,0.4737962,-0.9995915,-0.02639386,-0.01095686,1,1,1,0.08131166,1.007439,0.2317542,-30.1487,-54.72576,-0.1970143,0.4859336,-0.8987256,-0.02288271,0.4379141,1,1,0,0.04985294,1.502426,-0.2243944,-3.20583,-77.7178,-0.04194231,0.532311,-0.8888237,0.4576396,-0.02363084,1,0.5,1,-5.960464E-08,2,0.225496,25.00002,-100.0001,0,0.9345038,-0.6743764,0.6761922,0.2966155,0,0,0,-5.960464E-08,2,-0.225496,25.00002,-100.0001,0,0.8701841,-0.7060332,0.7079343,-0.01860771,0,0,1
83,-0.2222314,1.55208,0.2221666,13.49421,-66.38911,-0.02671928,0.598544,-0.7914898,0.4752474,0.3842965,1,0.5,0,-0.1546507,1.020958,-0.1792765,-16.82487,-43.31378,0.08441809,0.3022243,-0.9996027,-0.01127134,0.0258325,1,1,1,-0.3463497,1.065252,0.226444,-5.430404,-35.65942,-0.134749,0.5818259,-0.9184515,0.03258541,0.3941891,1,1,0,-0.1466936,1.521989,-0.2213565,8.432068,-68.76907,0.01626611,0.4342718,-0.8498046,0.5266019,-0.02285902,1,0.5,1,-5.960464E-08,2,0.225496,25.00002,-100.0001,0,0.7413244,-0.5214229,0.7814236,0.3427758,0,0,0,-5.960464E-08,2,-0.225496,25.00002,-100.0001,0,0.6664002,-0.5549167,0.8316187,-0.0218587,0,0,1
84,-0.07721301,1.505976,0.2253729,4.808014,-71.55521,0.02592132,0.2570028,-0.5374992,0.6287637,0.5619171,1,0.5,0,-0.3159837,1.071793,-0.230983,-5.642689,-37.64356,0.1434014,0.1477517,-0.9967694,0.06451989,-0.04783158,1,1,1,-0.34573,1.083545,0.218903,-2.767853,-37.05025,0.2175712,0.2965671,-0.8478951,0.06721999,0.5258853,1,1,0,-0.06352059,1.50393,-0.2253883,3.681773,-72.07346,0.009409342,0.1163259,-0.6379676,0.7689606,-0.04119291,1,0.5,1,-5.960464E-08,2,0.225496,25.00002,-100.0001,0,0.6093391,-0.2971818,0.8743947,0.3835581,0,0,0,-5.960464E-08,2,-0.225496,25.00002,-100.0001,0,0.5248104,-0.3216941,0.9465168,-0.02487874,0,0,1
85,0.01993261,1.50051,0.2214848,-0.8185522,-76.01208,-0.02658517,0.1318524,0.02283493,0.7446522,0.6670621,1,0.5,0,-0.1135244,1.005335,-0.2103216,-17.80834,-44.74453,-0.2631218,-0.3780053,-0.9756873,-0.2021779,-0.0846072,1,1,1,0.07434189,1.002436,0.199691,-27.27823,-53.75129,-0.2849632,-0.09348887,0.1693375,-0.06780521,0.9832229,1,1,0,-0.06929398,1.504955,-0.2206289,3.671155,-71.77,0.006356838,-0.01874909,-0.1554247,0.9869173,-0.04286513,1,0.5,1,-5.960464E-08,2,0.225496,25.00002,-100.0001,0,0.5592345,-0.005196549,0.9157559,0.4017014,0,0,0,-5.960464E-08,2,-0.225496,25.00002,-100.0001,0,0.4703509,-0.00567255,0.9996386,-0.02627502,0,0,1
86,-0.09318699,1.508834,0.2252317,4.632924,-70.69672,0.03887714,0.1772382,0.325343,0.7070395,0.6278909,1,0.5,0,-0.4056445,1.092154,-0.1994464,-0.8700911,-33.83462,-0.2213375,-0.3888694,-0.8289598,0.5592861,0.004981328,1,1,1,-0.2904626,1.048298,0.2343875,-10.2961,-37.10971,0.2517753,-0.06461626,0.0529625,0.04202764,0.9977117,1,1,0,-0.142746,1.520772,-0.2227978,8.275873,-68.93661,-0.02947376,0.02013576,0.3283289,0.943546,-0.04383047,1,0.5,1,-5.960464E-08,2,0.225496,25.00002,-100.0001,0,0.6046462,0.2838208,0.8781095,0.3851876,0,0,0,-5.960464E-08,2,-0.225496,25.00002,-100.0001,0,0.5197285,0.3074559,0.9512338,-0.02500272,0,0,1
87,-0.2455201,1.564433,0.2189226,15.21917,-65.79234,-0.03420265,0.2812049,0.4943911,0.6841136,0.5362518,1,0.5,0,-0.4526139,1.121073,-0.2396723,4.062531,-33.75448,0.1316384,-0.2951716,0.8745221,0.4446314,-0.1936854,1,1,1,-0.6295154,1.243544,0.1566477,18.60217,-30.85172,-0.1050324,-0.08430347,0.005353565,0.513702,0.857952,1,1,0,-0.1521036,1.523838,-0.22031,8.75314,-68.56526,0.02496616,0.1887237,0.6964146,0.7170335,-0.02948931,1,0.5,1,-5.960464E-08,2,0.225496,25.00002,-100.0001,0,0.7333061,0.5122336,0.7865041,0.3450044,0,0,0,-5.960464E-08,2,-0.225496,25.00002,-100.0001,0,0.6578631,0.5456092,0.8377504,-0.02201987,0,0,1
88,-0.1249793,1.515898,0.2256661,7.935259,-69.78751,-0.0001356006,0.5512288,0.7889176,0.4622196,0.4049224,1,0.5,0,-0.2168811,1.023761,-0.2248439,-11.90344,-40.57875,-0.05915614,0.2378759,0.9993972,-0.008455589,-0.03366953,1,1,1,-0.2087713,1.022737,0.2261704,-11.15086,-41.22952,-0.04253836,0.3587812,0.8681384,-0.00845727,0.4962503,1,1,0,-0.1197193,1.514626,-0.2252805,7.141091,-69.84931,-0.01261086,0.4654256,0.8644818,0.5019815,-0.02618587,1,0.5,1,-5.960464E-08,2,0.225496,25.00002,-100.0001,0,0.9257135,0.6693575,0.6803613,0.2984442,0,0,0,-5.960464E-08,2,-0.225496,25.00002,-100.0001,0,0.8609784,0.7011957,0.7127228,-0.01873358,0,0,1
89,0.1730239,1.530943,0.221509,-6.702629,-85.05423,0.02246053,0.6154102,0.8096257,0.4491114,0.3778959,1,0.5,0,0.2406408,1.029202,-0.2187125,-33.91174,-63.10516,-0.1287938,0.4708623,0.9998139,-0.0008221819,-0.01927406,1,1,1,0.4161906,1.091896,0.191912,-40.05308,-74.8711,0.06883967,0.7129602,0.9449868,0.05102924,0.3231038,1,1,0,0.09230842,1.508728,-0.2215029,-3.420153,-79.918,-0.04249142,0.4517884,0.8640043,0.5029773,-0.02259215,1,0.5,1,-5.960464E-08,2,0.225496,25.00002,-100.0001,0,0.7864318,0.5674928,0.7540238,0.3307567,0,0,0,-5.960464E-08,2,-0.225496,25.00002,-100.0001,0,0.7142941,0.6012059,0.7988182,-0.02099655,0,0,1
90,0.1867175,1.536294,0.2242123,-7.730062,-86.22495,-0.01474843,0.3912961,0.6714156,0.5680429,0.4759499,1,0.5,0,0.5461497,1.165054,-0.2086215,-43.87325,-85.45183,0.1430996,0.467375,0.9901666,0.139609,-0.008912292,1,1,1,0.478437,1.128787,0.2358601,-43.05695,-80.71078,0.01332164,0.4960418,0.893687,0.09917964,0.4375922,1,1,0,0.2348974,1.558646,-0.2236474,-8.740585,-89.63924,0.01706705,0.3355421,0.7738808,0.6326985,-0.02830181,1,0.5,1,-5.960464E-08,2,0.225496,25.00002,-100.0001,0,0.6364218,0.3622885,0.8535566,0.3744173,0,0,0,-5.960464E-08,2,-0.225496,25.00002,-100.0001,0,0.5540673,0.3905942,0.9202451,-0.0241882,0,0,1
91,0.03266446,1.501052,0.2226293,-2.181883,-76.73352,0.02335609,0.1456819,0.1983345,0.7295418,0.6545473,1,0.5,0,0.2656697,1.036507,-0.2045414,-38.23153,-65.63129,-0.1590267,-0.1388466,0.9997585,0.0180187,-0.01257474,1,1,1,0.129278,1.008543,0.2244228,-32.35191,-57.08852,0.01481399,-0.01929867,0.4673891,-0.04463653,0.8829241,1,1,0,0.1023393,1.510501,-0.2228924,-5.533317,-80.86621,-0.04021601,0.02010077,0.3801876,0.9238614,-0.04401535,1,0.5,1,-5.960464E-08,2,0.225496,25.00002,-100.0001,0,0.5635073,0.08969989,0.9120767,0.4000875,0,0,0,-5.960464E-08,2,-0.225496,25.00002,-100.0001,0,0.4750134,0.09784122,0.9948584,-0.02614938,0,0,1
92,-0.1059142,1.511466,0.2153828,6.034965,-70.31557,-0.02525971,0.2202905,-0.4697105,0.6684334,0.5766879,1,0.5,0,0.280671,1.064212,-0.1002908,-35.14786,-66.93282,0.07663707,-0.3840641,0.4162402,0.295094,0.860037,1,1,1,0.04005663,1.033839,0.2792166,-24.53835,-53.57283,0.09900037,0.01639575,-0.3724996,0.00743379,0.9280025,1,1,0,0.04095759,1.501968,-0.2104131,-1.815587,-77.13033,-0.0355594,0.009428859,-0.3758253,0.9264651,-0.02044064,1,0.5,1,-5.960464E-08,2,0.225496,25.00002,-100.0001,0,0.5844185,-0.2143212,0.8944888,0.3923725,0,0,0,-5.960464E-08,2,-0.225496,25.00002,-100.0001,0,0.4977809,-0.2329308,0.9721575,-0.02555269,0,0,1
93,0.08284899,1.506892,0.2220003,-2.998889,-79.36774,0.0244558,0.2866912,-0.5871717,0.6061999,0.5364243,1,0.5,0,0.489062,1.144402,-0.1716959,-41.94571,-81.71997,-0.4111306,-0.3696448,-0.4273693,0.8776161,0.2171302,1,1,1,0.336861,1.07483,0.2471782,-37.30249,-70.46725,-0.181228,-0.004818261,-0.4198677,0.09053186,0.9030587,1,1,0,0.1672549,1.528907,-0.2204471,-6.388755,-84.62817,-0.03215597,0.1259751,-0.6030861,0.7970071,-0.0326644,1,0.5,1,-5.960464E-08,2,0.225496,25.00002,-100.0001,0,0.6911019,-0.457368,0.8143722,0.3572289,0,0,0,-5.960464E-08,2,-0.225496,25.00002,-100.0001,0,0.6128014,-0.4895499,0.8716742,-0.02291154,0,0,1
94,0.2374353,1.560076,0.2237456,-9.184735,-90.04035,0.007780645,0.4286767,-0.6826436,0.5707867,0.4562896,1,0.5,0,0.2851404,1.042354,-0.204987,-38.40852,-66.75333,0.1604871,0.08640152,-0.9997419,0.0210671,-0.008504465,1,1,1,0.3737796,1.077873,0.2357817,-40.13641,-72.75747,-0.02159105,0.1631849,-0.7503352,0.07218689,0.6571043,1,1,0,0.1785627,1.533126,-0.2225444,-7.699496,-85.7392,0.02230332,0.3565364,-0.8088714,0.5873961,-0.02632045,1,0.5,1,-5.960464E-08,2,0.225496,25.00002,-100.0001,0,0.8715936,-0.6353126,0.7072068,0.3102202,0,0,0,-5.960464E-08,2,-0.225496,25.00002,-100.0001,0,0.8041749,-0.6681547,0.7437655,-0.01954952,0,0,1
95,-0.04776658,1.502189,0.2228735,1.310267,-72.63903,0.02604724,0.5746444,-0.8075226,0.4393907,0.3935008,1,0.5,0,-0.09460319,1.010224,-0.2357644,-20.80428,-45.6194,-0.07001984,0.4155489,-0.9990032,-0.02160053,-0.0390633,1,1,1,0.01967245,1.004164,0.2004539,-27.38618,-51.16642,0.08494113,0.3953257,-0.8939325,-0.02885626,0.4472718,1,1,0,-0.1025241,1.510715,-0.2246824,4.991588,-70.27683,-0.04877897,0.5405805,-0.8865794,0.4619679,-0.02371985,1,0.5,1,-5.960464E-08,2,0.225496,25.00002,-100.0001,0,0.8395529,-0.6121693,0.7241224,0.3176403,0,0,0,-5.960464E-08,2,-0.225496,25.00002,-100.0001,0,0.770435,-0.6454744,0.7635182,-0.02006871,0,0,1
96,-0.1751765,1.531631,0.2236366,10.55077,-67.90747,-0.009229038,0.445554,-0.7195985,0.530516,0.44803,1,0.5,0,-0.3525401,1.070336,-0.2349463,-4.147625,-35.66417,-0.1397767,0.3594415,-0.9980701,0.04693296,-0.04066165,1,1,1,-0.440863,1.106197,0.2058565,1.467828,-32.72811,-0.2735527,0.5322992,-0.9165034,0.07381282,0.3931578,1,1,0,-0.117834,1.51422,-0.2233198,6.757172,-69.84972,-0.01863391,0.2894536,-0.7892506,0.6133603,-0.02953918,1,0.5,1,-5.960464E-08,2,0.225496,25.00002,-100.0001,0,0.6735492,-0.4305254,0.8265527,0.3625719,0,0,0,-5.960464E-08,2,-0.225496,25.00002,-100.0001,0,0.5939931,-0.4618336,0.8866603,-0.02330544,0,0,1
97,-0.1315745,1.517663,0.2228133,7.521671,-69.31831,-0.003861638,0.2181782,-0.4385397,0.6790284,0.5887303,1,0.5,0,-0.2704491,1.045458,-0.2378629,-8.47622,-39.06649,0.05916583,-0.04433683,-0.9959641,0.03392442,-0.08309405,1,1,1,-0.3794719,1.081069,0.1983399,-0.8867893,-35.73475,0.1894959,0.191433,-0.8140298,0.07386003,0.5761078,1,1,0,-0.07047892,1.505089,-0.2237774,3.805056,-71.73351,-0.009991232,0.03918165,-0.4708136,0.8811299,-0.04409899,1,0.5,1,-5.960464E-08,2,0.225496,25.00002,-100.0001,0,0.5749762,-0.1705853,0.9023458,0.395819,0,0,0,-5.960464E-08,2,-0.225496,25.00002,-100.0001,0,0.4875105,-0.1856944,0.9822683,-0.02581845,0,0,1
98,0.03465604,1.50137,0.2118486,-0.642637,-76.75066,-0.2460451,0.1479398,0.258332,0.72749,0.6356279,1,0.5,0,-0.2431794,1.031533,-0.1681599,-12.09506,-39.24599,0.7601168,-0.3850403,-0.9607868,0.01333538,0.2769672,1,1,1,0.0484604,0.9979398,0.1746943,-27.29026,-52.35949,-0.1631797,-0.08256406,0.4340497,-0.07680255,0.8976092,1,1,0,-0.1046817,1.511044,-0.2167211,5.018429,-70.16532,0.2545462,-0.01784891,0.05816822,0.9977042,-0.03468027,1,0.5,1,-5.960464E-08,2,0.225496,25.00002,-100.0001,0,0.5675036,0.1243345,0.9086623,0.3985898,0,0,0,-5.960464E-08,2,-0.225496,25.00002,-100.0001,0,0.4793708,0.1355232,0.9904321,-0.02603303,0,0,1
99,0.02073462,1.500393,0.2233274,-1.593342,-76.0838,0.03571661,0.2946916,0.6048713,0.5919187,0.532694,1,0.5,0,-0.3944375,1.145257,-0.1711112,1.894785,-37.58148,-0.4878784,-0.3643132,0.4828335,0.8494363,0.2129083,1,1,1,-0.3124062,1.1294,0.2720843,-4.045394,-40.41488,-0.2505154,0.004493415,0.2924626,0.1970287,0.9357592,1,1,0,-0.04596348,1.502197,-0.2227394,2.300894,-72.80154,-0.04204364,0.1283895,0.6588081,0.7514402,-0.03618686,1,0.5,1,-5.960464E-08,2,0.225496,25.00002,-100.0001,0,0.654774,0.3983044,0.8399915,0.3684669,0,0,0,-5.960464E-08,2,-0.225496,25.00002,-100.0001,0,0.5738277,0.428329,0.9033108,-0.02374309,0,0,1
100,-0.2381027,1.560257,0.2196765,14.7751,-66.04435,0.04440101,0.3657377,0.6243877,0.6124916,0.4847617,1,0.5,0,-0.193523,1.019462,-0.17195,-13.33504,-41.41562,0.4740858,0.08590239,0.9986914,-0.01798651,0.0478748,1,1,1,-0.4082765,1.087612,0.2187101,0.4329087,-34.20631,0.290616,0.06197888,0.6590679,0.1025162,0.7450637,1,1,0,-0.133779,1.518336,-0.2169122,7.236725,-69.12324,-0.009295348,0.3090907,0.7970425,0.6035613,-0.02090268,1,0.5,1,-5.960464E-08,2,0.225496,25.00002,-100.0001,0,0.8146318,0.5923017,0.7378494,0.3236617,0,0,0,-5.960464E-08,2,-0.225496,25.00002,-100.0001,0,0.7441301,0.6258659,0.7796614,-0.02049303,0,0,1
101,-6.841015E-06,1.500046,0.2241702,1.493233,-75.04163,-0.008371476,0.6066524,0.8201699,0.424746,0.3832913,1,0.5,0,0.01513623,1.001096,-0.2289215,-25.26179,-50.83193,-0.07326606,0.4236915,0.9990197,-0.03129179,-0.03131073,1,1,1,0.02625312,0.999572,0.2220221,-24.85172,-51.32209,-0.06894323,0.525282,0.9108742,-0.02967768,0.4116156,1,1,0,-0.001361932,1.499963,-0.2268054,1.028447,-74.95233,-0.01069606,0.521245,0.8874344,0.4601861,-0.02624778,1,0.5,1,-5.960464E-08,2,0.225496,25.00002,-100.0001,0,0.8949106,0.6506867,0.6953853,0.3050346,0,0,0,-5.960464E-08,2,-0.225496,25.00002,-100.0001,0,0.8286755,0.6831237,0.7300506,-0.01918903,0,0,1
102,0.2290622,1.555583,0.2213842,-8.80559,-89.29875,0.008133057,0.5581032,0.7711475,0.4967219,0.3982449,1,0.5,0,0.2050928,1.02245,-0.1826248,-33.35223,-61.28071,-0.2662302,0.2922108,0.999714,-0.009530293,0.02193257,1,1,1,0.3980913,1.083165,0.2203631,-40.19084,-73.85472,-0.1731151,0.5722512,0.9186119,0.04958234,0.3920379,1,1,0,0.1416588,1.520623,-0.2194983,-6.156116,-83.1433,0.005419555,0.378565,0.8292502,0.5584366,-0.02219336,1,0.5,1,-5.960464E-08,2,0.225496,25.00002,-100.0001,0,0.7109454,0.4846555,0.8010273,0.351375,0,0,0,-5.960464E-08,2,-0.225496,25.00002,-100.0001,0,0.6340159,0.5175336,0.8553674,-0.02248292,0,0,1
103,0.0411601,1.501608,0.2255088,-2.494343,-77.19574,-0.005929919,0.2057039,0.4357115,0.6682805,0.6029566,1,0.5,0,0.3299309,1.083857,-0.2163872,-37.51333,-70.72238,0.1926855,0.09890568,0.9955726,0.08992503,-0.02736194,1,1,1,0.2799423,1.06162,0.2312331,-36.97779,-67.44384,0.0961319,0.1966834,0.7840943,0.04538617,0.6189801,1,1,0,0.05613383,1.503182,-0.2253152,-2.839467,-77.99013,0.002542884,0.07316732,0.5625879,0.8255568,-0.04416728,1,0.5,1,-5.960464E-08,2,0.225496,25.00002,-100.0001,0,0.5921884,0.2438436,0.8881254,0.3895811,0,0,0,-5.960464E-08,2,-0.225496,25.00002,-100.0001,0,0.50622,0.2646768,0.9640042,-0.02533839,0,0,1
104,-0.02415931,1.500563,0.2170743,1.239069,-73.82403,-0.04410299,0.1335568,-0.1224052,0.7427315,0.6583061,1,0.5,0,0.1622345,1.015404,-0.194302,-31.25101,-58.6462,0.4868673,-0.3900348,0.9897965,-0.1327327,0.05181647,1,1,1,-0.1131428,1.006191,0.1637344,-19.37298,-44.57146,-0.5729744,-0.09924677,-0.4155528,-0.05940962,0.9076268,1,1,0,0.07217526,1.50516,-0.2230293,-3.051057,-78.82698,0.03588797,-0.02391189,0.03945478,0.9980498,-0.04837183,1,0.5,1,-5.960464E-08,2,0.225496,25.00002,-100.0001,0,0.560565,-0.05034238,0.9146071,0.4011975,0,0,0,-5.960464E-08,2,-0.225496,25.00002,-100.0001,0,0.4718031,-0.05494052,0.9981449,-0.02623576,0,0,1
105,0.104194,1.511076,0.2250005,-4.147122,-80.6611,0.007456544,0.1934595,-0.3783182,0.6937332,0.6128699,1,0.5,0,0.4378269,1.124257,-0.21483,-40.20478,-77.75186,-0.2836698,-0.3808959,0.5985062,0.791383,-0.1245126,1,1,1,0.3921921,1.100698,0.2333011,-37.90496,-73.77255,-0.09621162,-0.06022048,0.05832412,0.1607582,0.9852691,1,1,0,0.1269486,1.516326,-0.2253795,-5.462924,-82.14451,-0.02252237,0.04273564,-0.4414557,0.8960637,-0.04676219,1,0.5,1,-5.960464E-08,2,0.225496,25.00002,-100.0001,0,0.6208482,-0.3270223,0.8654163,0.3796196,0,0,0,-5.960464E-08,2,-0.225496,25.00002,-100.0001,0,0.5372579,-0.3533763,0.9351583,-0.02458018,0,0,1
106,0.2530762,1.568704,0.2204459,-9.131745,-91.04388,0.01892299,0.3125837,-0.5410841,0.6629525,0.5174185,1,0.5,0,0.4048926,1.085768,-0.217517,-41.63815,-74.91808,0.2779835,-0.2062651,-0.9799985,0.1898591,-0.05963555,1,1,1,0.5895592,1.196532,0.1785554,-45.0281,-89.67289,0.1258031,-0.07375383,-0.2420976,0.3906937,0.8881144,1,1,0,0.1681186,1.529065,-0.2205768,-6.89488,-84.84109,0.02567322,0.2243826,-0.7242495,0.6889526,-0.02840603,1,0.5,1,-5.960464E-08,2,0.225496,25.00002,-100.0001,0,0.7656435,-0.547352,0.7664088,0.3361894,0,0,0,-5.960464E-08,2,-0.225496,25.00002,-100.0001,0,0.6922485,-0.581047,0.813589,-0.0213848,0,0,1
107,0.05107986,1.502568,0.2251262,-3.566464,-77.82644,-0.007723275,0.6364472,-0.8289436,0.4158294,0.3740835,1,0.5,0,0.1234395,1.007632,-0.2255624,-31.93852,-56.71941,0.01984835,0.3703541,-0.9992382,-0.02569956,-0.02937009,1,1,1,0.07883254,1.003165,0.2232562,-31.02534,-54.33741,-0.06438421,0.5078723,-0.9071565,-0.02662548,0.4199502,1,1,0,0.07253859,1.50534,-0.2252766,-3.932472,-78.98739,0.01822636,0.5363766,-0.8882793,0.4586558,-0.02438935,1,0.5,1,-5.960464E-08,2,0.225496,25.00002,-100.0001,0,0.9519833,-0.6839821,0.668052,0.2930447,0,0,0,-5.960464E-08,2,-0.225496,25.00002,-100.0001,0,0.8884736,-0.7152678,0.6986091,-0.0183626,0,0,1
108,-0.2022025,1.542699,0.2225784,12.03196,-66.92898,0.01868085,0.5962976,-0.7954314,0.4676643,0.3854596,1,0.5,0,-0.3168785,1.051535,-0.221114,-8.021068,-36.24813,-0.1822212,0.4871662,-0.9995332,0.02181477,-0.02138852,1,1,1,-0.4612238,1.113446,0.2016371,2.937293,-32.18669,0.05444514,0.7031423,-0.9400806,0.06935684,0.3338234,1,1,0,-0.1335985,1.518299,-0.2224892,7.091118,-69.09934,-0.03619643,0.4404439,-0.8543046,0.5192223,-0.02391343,1,0.5,1,-5.960464E-08,2,0.225496,25.00002,-100.0001,0,0.753242,-0.5344754,0.7739928,0.3395162,0,0,0,-5.960464E-08,2,-0.225496,25.00002,-100.0001,0,0.6790754,-0.5680952,0.8226787,-0.02162372,0,0,1
109,-0.1518385,1.523606,0.2239117,9.082925,-68.6842,-0.01863018,0.3231462,-0.6125322,0.5996583,0.5149896,1,0.5,0,-0.5142065,1.149548,-0.20325,8.344422,-31.87417,0.1430527,0.3747849,-0.990611,0.1366602,-0.003715202,1,1,1,-0.4324778,1.108633,0.2383654,2.909116,-34.28614,-0.002726914,0.4024,-0.8697284,0.08713745,0.4857773,1,1,0,-0.2037102,1.543445,-0.2236066,12.43434,-67.01197,0.01305119,0.2572337,-0.7343509,0.6780537,-0.03117482,1,0.5,1,-5.960464E-08,2,0.225496,25.00002,-100.0001,0,0.6162924,-0.3156567,0.8689482,0.381169,0,0,0,-5.960464E-08,2,-0.225496,25.00002,-100.0001,0,0.5323331,-0.3413289,0.9396194,-0.02469745,0,0,1
110,0.0007848227,1.499998,0.222571,0.5096111,-75.05118,0.02272652,0.133126,-0.05875793,0.7423455,0.6674358,1,0.5,0,-0.1403328,1.009375,-0.2161031,-15.56072,-43.77227,-0.1416155,-0.3197715,-0.9894041,-0.1144387,-0.08934844,1,1,1,-0.02106186,0.9993587,0.2186961,-22.64823,-48.95686,0.04722701,-0.07605195,-0.1392809,-0.07227612,0.9876118,1,1,0,-0.06799369,1.504738,-0.22315,4.50064,-71.97024,-0.02841876,-0.013026,-0.217629,0.9748732,-0.04753847,1,0.5,1,-5.960464E-08,2,0.225496,25.00002,-100.0001,0,0.5599011,-0.03583924,0.91518,0.4014488,0,0,0,-5.960464E-08,2,-0.225496,25.00002,-100.0001,0,0.4710785,-0.03911739,0.9988896,-0.02625533,0,0,1
111,0.08401015,1.507156,0.2185754,-4.258975,-79.63148,0.04555361,0.2355478,0.5053135,0.6487079,0.5690662,1,0.5,0,-0.326548,1.102838,-0.1140092,-4.272785,-38.27844,-0.1993635,-0.3807898,-0.3261123,0.6110013,0.7213377,1,1,1,-0.08280466,1.033735,0.2584591,-20.09229,-47.46819,-0.1656861,0.002164721,0.4079686,0.007438166,0.9129657,1,1,0,-0.03384558,1.501178,-0.2162974,1.73527,-73.36765,-0.06201717,0.03544557,0.4740473,0.8799731,-0.03043705,1,0.5,1,-5.960464E-08,2,0.225496,25.00002,-100.0001,0,0.5975894,0.2620944,0.8837551,0.3876641,0,0,0,-5.960464E-08,2,-0.225496,25.00002,-100.0001,0,0.51208,0.2842385,0.9584225,-0.02519168,0,0,1
112,-0.1391612,1.519768,0.22394,6.998624,-68.7778,0.0214696,0.2991822,0.5856933,0.6128359,0.5304673,1,0.5,0,-0.4835886,1.132593,-0.2045924,5.91988,-32.68029,-0.4516834,-0.3392664,0.7692749,0.6382788,-0.02857135,1,1,1,-0.3702978,1.074244,0.2280364,-3.212569,-35.21579,-0.2679468,-0.008763969,0.4823325,0.09006703,0.8713457,1,1,0,-0.1870437,1.536327,-0.2241554,10.73531,-67.29554,-0.04433768,0.1584168,0.6381873,0.7690065,-0.03668708,1,0.5,1,-5.960464E-08,2,0.225496,25.00002,-100.0001,0,0.7209357,0.4973537,0.7944729,0.3484999,0,0,0,-5.960464E-08,2,-0.225496,25.00002,-100.0001,0,0.6446778,0.5304872,0.8474003,-0.02227351,0,0,1
113,-0.2004802,1.542003,0.2236387,12.81077,-67.38499,-0.003693999,0.4841167,0.7375721,0.520267,0.4304761,1,0.5,0,-0.1923695,1.020271,-0.199862,-13.03814,-41.69441,0.04308077,0.2340322,0.9999121,-0.01325358,0.0001880631,1,1,1,-0.3280689,1.056926,0.2285858,-5.254825,-36.72275,-0.2076515,0.2364345,0.812385,0.03656223,0.5819741,1,1,0,-0.1389741,1.519862,-0.222519,8.738527,-69.28376,0.006038698,0.4275842,0.8488319,0.5281051,-0.02427702,1,0.5,1,-5.960464E-08,2,0.225496,25.00002,-100.0001,0,0.9071417,0.6583112,0.6893409,0.3023832,0,0,0,-5.960464E-08,2,-0.225496,25.00002,-100.0001,0,0.8415108,0.6905178,0.7230656,-0.01900543,0,0,1
114,0.1070354,1.511613,0.2244466,-4.027854,-80.78152,0.03242196,0.578651,0.8036176,0.4464956,0.3934977,1,0.5,0,0.1717975,1.021636,-0.2330312,-31.45331,-59.54547,0.1082242,0.4322079,0.9993318,-0.008971823,-0.03543326,1,1,1,0.07790463,1.011148,0.2079428,-26.71294,-54.34978,0.2380946,0.4319339,0.898875,-0.02022928,0.4377379,1,1,0,0.1477651,1.522231,-0.2245858,-5.85182,-83.38029,0.002134592,0.5327381,0.8787829,0.4766276,-0.02380639,1,0.5,1,-5.960464E-08,2,0.225496,25.00002,-100.0001,0,0.803543,0.5828634,0.744126,0.326415,0,0,0,-5.960464E-08,2,-0.225496,25.00002,-100.0001,0,0.7324072,0.6165068,0.7870777,-0.02068796,0,0,1
115,0.1478365,1.522347,0.2234234,-6.408257,-83.55421,0.000855327,0.3764712,0.6716134,0.5617381,0.4831002,1,0.5,0,0.3689248,1.088686,-0.2424564,-39.02816,-72.79953,-0.01655818,0.3129712,0.996023,0.07218649,-0.05222376,1,1,1,0.4627071,1.13201,0.196466,-41.06459,-79.28928,-0.1530976,0.4919377,0.910864,0.1028394,0.3996884,1,1,0,0.09892743,1.509896,-0.2247805,-4.674781,-80.48547,0.003400446,0.2226575,0.746883,0.6640707,-0.03429075,1,0.5,1,-5.960464E-08,2,0.225496,25.00002,-100.0001,0,0.6472853,0.3842228,0.8454743,0.370872,0,0,0,-5.960464E-08,2,-0.225496,25.00002,-100.0001,0,0.5657705,0.4136098,0.9101399,-0.02392259,0,0,1
116,0.1312154,1.517582,0.2235621,-5.812051,-82.47842,0.03109129,0.1956023,0.3713408,0.700949,0.6089142,1,0.5,0,0.1848715,1.017033,-0.2226022,-34.40167,-60.33798,0.159508,-0.186952,0.9965296,-0.04142212,-0.07220058,1,1,1,0.3015244,1.046493,0.2121404,-39.10799,-67.87893,0.2743409,0.09484631,0.7205467,0.02772703,0.6928518,1,1,0,0.07405809,1.505527,-0.2236208,-3.412886,-78.97919,0.006950649,0.01686049,0.3891731,0.9200302,-0.04570056,1,0.5,1,-5.960464E-08,2,0.225496,25.00002,-100.0001,0,0.5668173,0.1191301,0.9092469,0.3988462,0,0,0,-5.960464E-08,2,-0.225496,25.00002,-100.0001,0,0.4786227,0.1298662,0.9911892,-0.02605293,0,0,1
117,-0.05477708,1.503213,0.2103482,2.84629,-72.42035,0.1191125,0.1753483,-0.3739474,0.7006952,0.6076097,1,0.5,0,0.2840683,1.042016,-0.1292784,-36.52016,-66.05782,0.5834239,-0.3877782,0.7690188,0.1070731,0.6301948,1,1,1,-0.02521599,0.9992453,0.1964231,-23.37873,-48.65647,0.3960976,-0.04412854,-0.4891371,-0.0674635,0.869594,1,1,0,0.1142011,1.513592,-0.2071778,-5.437265,-81.48622,-0.02738984,-0.009188294,-0.1702619,0.9852903,-0.01462432,1,0.5,1,-5.960464E-08,2,0.225496,25.00002,-100.0001,0,0.5775247,-0.1835389,0.9002117,0.3948828,0,0,0,-5.960464E-08,2,-0.225496,25.00002,-100.0001,0,0.4902841,-0.199708,0.9795172,-0.02574614,0,0,1
118,0.01730228,1.500365,0.2246231,-0.08687596,-75.86156,0.02023653,0.3046166,-0.6162475,0.5845823,0.5277334,1,0.5,0,0.3930231,1.129475,-0.1939786,-38.30659,-76.47339,-0.4714744,-0.3439202,-0.7696197,0.637336,0.03857886,1,1,1,0.3595013,1.136369,0.2557247,-35.28371,-74.69605,-0.3787743,-0.007449716,-0.3119354,0.2159552,0.9252349,1,1,0,0.06128969,1.503813,-0.2241454,-2.621251,-78.22359,-0.02943502,0.1551757,-0.6896707,0.7231848,-0.03685325,1,0.5,1,-5.960464E-08,2,0.225496,25.00002,-100.0001,0,0.676973,-0.4359873,0.8241483,0.3615172,0,0,0,-5.960464E-08,2,-0.225496,25.00002,-100.0001,0,0.5976651,-0.467488,0.8836942,-0.02322748,0,0,1
119,0.2354835,1.559077,0.2220107,-8.909307,-89.77479,0.03105627,0.4022018,-0.6612911,0.5864282,0.4677565,1,0.5,0,0.1281955,1.021998,-0.1580736,-31.33521,-57.38733,0.1036324,0.2051989,-0.9981666,-0.01134688,0.05945334,1,1,1,0.348405,1.070244,0.232399,-39.8554,-71.17179,0.1065985,0.150039,-0.7441037,0.06191084,0.6651893,1,1,0,0.1484144,1.522724,-0.2188053,-6.178886,-83.5221,-0.01693741,0.3429466,-0.8110681,0.5845262,-0.02230904,1,0.5,1,-5.960464E-08,2,0.225496,25.00002,-100.0001,0,0.8469745,-0.6177559,0.7201326,0.3158902,0,0,0,-5.960464E-08,2,-0.225496,25.00002,-100.0001,0,0.778258,-0.6509653,0.7588454,-0.01994589,0,0,1
120,-0.09200516,1.50854,0.2244784,3.600427,-70.60184,0.01022444,0.6897171,-0.843156,0.4022304,0.3567893,1,0.5,0,-0.0575207,1.004478,-0.223165,-22.32875,-47.27538,0.1869165,0.4692456,-0.9993675,-0.02633132,-0.02390003,1,1,1,-0.09470013,1.006218,0.2263186,-21.36038,-45.39213,0.1305752,0.5926898,-0.9204919,-0.02176433,0.3901552,1,1,0,-0.06909861,1.504819,-0.225943,2.742978,-71.66721,0.03039391,0.589467,-0.8997156,0.4358267,-0.02381252,1,0.5,1,-5.960464E-08,2,0.225496,25.00002,-100.0001,0,0.8971658,-0.6521145,0.6942628,0.3045422,0,0,0,-5.960464E-08,2,-0.225496,25.00002,-100.0001,0,0.831043,-0.6845098,0.728752,-0.0191549,0,0,1
121,-0.2195939,1.550745,0.2208043,13.88387,-66.74509,-0.01952872,0.547243,-0.7689466,0.4972534,0.401821,1,0.5,0,-0.249506,1.030951,-0.2007685,-11.65817,-38.9025,-0.4397103,0.335187,-0.9999989,0.001138158,-0.0009201682,1,1,1,-0.4291518,1.095653,0.2078135,0.9597141,-33.21495,-0.2459341,0.5956761,-0.9262153,0.05992049,0.3722026,1,1,0,-0.1338428,1.518224,-0.2207356,7.855183,-69.29354,-0.0501834,0.3697737,-0.827253,0.5613235,-0.02384027,1,0.5,1,-5.960464E-08,2,0.225496,25.00002,-100.0001,0,0.7103589,-0.4838897,0.8014154,0.3515453,0,0,0,-5.960464E-08,2,-0.225496,25.00002,-100.0001,0,0.6333896,-0.516751,0.8558401,-0.02249535,0,0,1
122,-0.01651571,1.500346,0.2254232,1.186045,-74.20672,-0.0005222859,0.1967373,-0.4140745,0.675069,0.6105934,1,0.5,0,-0.2949697,1.072542,-0.213346,-6.162005,-39.15019,0.1979918,0.06870562,-0.996922,0.07480534,-0.0234673,1,1,1,-0.2338342,1.049244,0.232853,-9.547362,-41.26487,0.08434805,0.1660221,-0.7594637,0.02889423,0.6499078,1,1,0,-0.03593335,1.50131,-0.2251136,1.925127,-73.26881,0.008130821,0.06354058,-0.5464003,0.8363377,-0.04456396,1,0.5,1,-5.960464E-08,2,0.225496,25.00002,-100.0001,0,0.5935829,-0.2487104,0.8869929,0.3890843,0,0,0,-5.960464E-08,2,-0.225496,25.00002,-100.0001,0,0.5077335,-0.2698982,0.9625564,-0.02530033,0,0,1
123,0.03843953,1.501748,0.2141442,-1.418026,-76.96852,-0.1379237,0.1347324,0.1479878,0.7432238,0.6524706,1,0.5,0,-0.1622932,1.011181,-0.1862838,-17.31214,-42.29187,0.3497438,-0.3906907,-0.9770447,-0.1721582,0.1254802,1,1,1,0.1483463,1.013507,0.1433934,-32.06334,-58.20177,-0.2816425,-0.1003231,0.5100105,-0.04126634,0.8591777,1,1,0,-0.1026275,1.510767,-0.2137874,4.995391,-70.27666,0.1843394,-0.01673162,-0.09753261,0.9948233,-0.0285294,1,0.5,1,-5.960464E-08,2,0.225496,25.00002,-100.0001,0,0.5606728,0.05231874,0.9145142,0.4011567,0,0,0,-5.960464E-08,2,-0.225496,25.00002,-100.0001,0,0.4719208,0.05709628,0.998024,-0.02623258,0,0,1
124,-0.1393601,1.519789,0.2256644,7.424516,-68.87604,-0.01020208,0.1909082,0.3433365,0.7089064,0.6160939,1,0.5,0,-0.4387429,1.120724,-0.2272708,2.459305,-33.69702,-0.2568887,-0.3866883,-0.5486533,0.8006604,-0.2406706,1,1,1,-0.4562157,1.132094,0.22327,2.714096,-32.7569,-0.2827318,-0.05736759,-0.1799273,0.2306517,0.9562562,1,1,0,-0.1341582,1.518331,-0.2252841,7.586283,-69.19797,-0.01205355,0.04577637,0.444167,0.8947455,-0.0463269,1,0.5,1,-5.960464E-08,2,0.225496,25.00002,-100.0001,0,0.6241688,0.33498,0.86286,0.3784983,0,0,0,-5.960464E-08,2,-0.225496,25.00002,-100.0001,0,0.5408452,0.3617963,0.9319353,-0.02449547,0,0,1
125,-0.2545195,1.569739,0.2203363,16.318,-65.82465,0.03288017,0.3105742,0.5363789,0.665873,0.5185661,1,0.5,0,-0.4398651,1.105255,-0.2247978,2.706594,-33.59938,0.1806051,-0.238288,0.9530679,0.2875477,-0.09475225,1,1,1,-0.617943,1.224733,0.171911,17.73624,-30.95019,0.343428,-0.07417154,0.1675589,0.4573045,0.8733823,1,1,0,-0.1692799,1.529461,-0.2204528,9.807725,-67.96467,-0.01909883,0.2213147,0.720926,0.6924317,-0.02835485,1,0.5,1,-5.960464E-08,2,0.225496,25.00002,-100.0001,0,0.7637539,0.545434,0.7675547,0.3366921,0,0,0,-5.960464E-08,2,-0.225496,25.00002,-100.0001,0,0.6902425,0.5791209,0.8149602,-0.02142084,0,0,1
126,-0.05125382,1.502727,0.2244957,3.806568,-72.7098,-0.02065004,0.6300373,0.8269763,0.418329,0.3756475,1,0.5,0,-0.1518044,1.011663,-0.2237665,-15.52597,-43.22133,0.0579633,0.3345035,0.9993528,-0.02197399,-0.02847985,1,1,1,-0.03900663,1.001527,0.2128485,-20.6004,-48.27496,-0.1845763,0.5332528,0.9162919,-0.02755645,0.3995619,1,1,0,-0.09156574,1.508534,-0.224629,5.642934,-70.97678,0.01832471,0.5144945,0.8814263,0.4716974,-0.02427707,1,0.5,1,-5.960464E-08,2,0.225496,25.00002,-100.0001,0,0.9469573,0.6812694,0.6703724,0.2940626,0,0,0,-5.960464E-08,2,-0.225496,25.00002,-100.0001,0,0.8832167,0.7126633,0.7012641,-0.01843239,0,0,1
127,0.1951038,1.539566,0.2239468,-7.514118,-86.62607,0.0229694,0.5916342,0.7945326,0.466792,0.3883598,1,0.5,0,0.3686199,1.071934,-0.2266985,-38.31998,-71.43346,-0.04274325,0.5420415,0.9988614,0.0402424,-0.0256213,1,1,1,0.4797029,1.126653,0.2068895,-41.92484,-79.87463,0.187441,0.7255048,0.9399702,0.0788678,0.3320179,1,1,0,0.1513245,1.523573,-0.2245891,-5.718707,-83.53365,-0.02402515,0.4604527,0.8574701,0.5138964,-0.02560158,1,0.5,1,-5.960464E-08,2,0.225496,25.00002,-100.0001,0,0.7545307,0.5358458,0.7731977,0.3391675,0,0,0,-5.960464E-08,2,-0.225496,25.00002,-100.0001,0,0.6804451,0.5694759,0.8217242,-0.02159863,0,0,1
128,0.176904,1.532382,0.2234982,-7.483583,-85.55903,-0.002394618,0.3396891,0.6226332,0.5982957,0.5043512,1,0.5,0,0.5602781,1.17693,-0.19844,-44.37499,-86.97266,0.1091198,0.4180281,0.9871076,0.1600493,0.001699297,1,1,1,0.4348876,1.101921,0.2281639,-42.53564,-77.34435,-0.1441971,0.3933917,0.873975,0.08050305,0.4792566,1,1,0,0.2342483,1.558333,-0.2229896,-9.040877,-89.75177,0.0007994476,0.2850181,0.7390437,0.6730207,-0.0292854,1,0.5,1,-5.960464E-08,2,0.225496,25.00002,-100.0001,0,0.6142728,0.3104395,0.8705231,0.3818598,0,0,0,-5.960464E-08,2,-0.225496,25.00002,-100.0001,0,0.5301491,0.3357905,0.9416115,-0.02474981,0,0,1
129,0.001457863,1.499909,0.2249803,-0.6130685,-75.08619,0.02524705,0.134226,0.04515514,0.7409168,0.6700771,1,0.5,0,0.1310266,1.009557,-0.2162861,-33.15057,-57.34384,-0.1319416,-0.3396482,0.9866263,-0.1274882,-0.1015647,1,1,1,0.04135402,1.001199,0.225569,-28.46342,-52.20726,0.004518034,-0.06798676,0.1586403,-0.06666686,0.9850832,1,1,0,0.03367397,1.501024,-0.2248913,-2.644902,-76.82906,-0.0157863,-0.02440894,0.1279559,0.9903979,-0.05233771,1,0.5,1,-5.960464E-08,2,0.225496,25.00002,-100.0001,0,0.5595689,0.02565254,0.9154669,0.4015746,0,0,0,-5.960464E-08,2,-0.225496,25.00002,-100.0001,0,0.4707159,0.02800061,0.9992628,-0.02626514,0,0,1
130,-0.09525261,1.50925,0.2181742,5.656987,-70.78261,0.06014856,0.2422832,-0.5155272,0.6456429,0.5633621,1,0.5,0,0.3179109,1.100726,-0.1053906,-35.13026,-70.35078,-0.235621,-0.3780034,0.2499766,0.5797405,0.775508,1,1,1,0.0683898,1.03554,0.2638828,-25.91357,-55.22362,-0.3333451,0.01302028,-0.4269321,0.01079835,0.9042192,1,1,0,0.02923417,1.501017,-0.2148791,-1.440154,-76.51315,-0.08418116,0.03734159,-0.4804773,0.8765699,-0.02769019,1,0.5,1,-5.960464E-08,2,0.225496,25.00002,-100.0001,0,0.597522,-0.261876,0.8838094,0.3876879,0,0,0,-5.960464E-08,2,-0.225496,25.00002,-100.0001,0,0.5120068,-0.2840047,0.9584919,-0.0251935,0,0,1
131,0.1172324,1.51391,0.2236487,-4.174552,-81.34048,0.03211499,0.3088696,-0.6064433,0.5982543,0.5237541,1,0.5,0,0.4594583,1.120657,-0.2016672,-42.09294,-79.23703,-0.5328166,-0.3261707,-0.8531802,0.5215282,-0.009590941,1,1,1,0.3446835,1.066575,0.2311681,-38.43149,-70.61489,-0.3248767,0.006414831,-0.5194999,0.07222261,0.8514128,1,1,0,0.1704804,1.529999,-0.2238919,-6.657897,-84.89156,-0.0578739,0.164672,-0.6578969,0.7522497,-0.03594537,1,0.5,1,-5.960464E-08,2,0.225496,25.00002,-100.0001,0,0.7211989,-0.4976798,0.7943016,0.3484248,0,0,0,-5.960464E-08,2,-0.225496,25.00002,-100.0001,0,0.6449586,-0.5308192,0.8471924,-0.02226805,0,0,1
132,0.2029133,1.543109,0.2231825,-8.632883,-87.59307,-0.003620984,0.4879469,-0.7394432,0.5193688,0.4283454,1,0.5,0,0.1619508,1.017365,-0.1920943,-33.55209,-59.18388,0.02821461,0.2716371,-0.9998134,-0.01637411,0.01024537,1,1,1,0.3176797,1.054869,0.2294872,-38.57767,-68.89637,-0.2732062,0.2511613,-0.8197497,0.03310704,0.5717643,1,1,0,0.1358826,1.518905,-0.22216,-6.479272,-82.9267,-0.01592413,0.4357476,-0.8523253,0.5224757,-0.02368164,1,0.5,1,-5.960464E-08,2,0.225496,25.00002,-100.0001,0,0.9118304,-0.6611587,0.6870515,0.301379,0,0,0,-5.960464E-08,2,-0.225496,25.00002,-100.0001,0,0.846428,-0.6932744,0.7204249,-0.01893602,0,0,1
133,-0.1113405,1.512681,0.2246569,5.364253,-69.88831,0.02969206,0.5768443,-0.802228,0.4482363,0.3943531,1,0.5,0,-0.1438573,1.018997,-0.2330262,-17.71486,-43.65847,0.1370155,0.3970672,-0.9992468,-0.01226581,-0.03681578,1,1,1,-0.07971221,1.012244,0.2133185,-21.95956,-46.47965,0.2533996,0.4293985,-0.8954678,-0.01910443,0.4447162,1,1,0,-0.1392131,1.519801,-0.2254032,7.497948,-68.90018,0.001201034,0.5177245,-0.8762168,0.4812704,-0.02496074,1,0.5,1,-5.960464E-08,2,0.225496,25.00002,-100.0001,0,0.7993287,-0.5791716,0.7465395,0.3274737,0,0,0,-5.960464E-08,2,-0.225496,25.00002,-100.0001,0,0.7279489,-0.6128384,0.7899354,-0.02076307,0,0,1
134,-0.1468449,1.522153,0.2228022,8.737462,-68.84733,0.002028049,0.3703545,-0.6665339,0.5654633,0.4857817,1,0.5,0,-0.3171717,1.06219,-0.2357346,-6.072087,-37.14134,-0.004830213,0.2519871,-0.9979526,0.04280606,-0.04752028,1,1,1,-0.4585757,1.129303,0.1871008,3.956047,-33.05066,-0.1939208,0.4772959,-0.9125706,0.1016105,0.3960938,1,1,0,-0.08965273,1.508128,-0.224272,5.144329,-70.97209,-0.002125652,0.2089779,-0.7375808,0.6743904,-0.03423517,1,0.5,1,-5.960464E-08,2,0.225496,25.00002,-100.0001,0,0.6444105,-0.3786018,0.8475982,0.3718036,0,0,0,-5.960464E-08,2,-0.225496,25.00002,-100.0001,0,0.5626752,-0.4077218,0.9127909,-0.02399227,0,0,1
135,-0.1058331,1.511211,0.2242786,6.000324,-70.30624,0.02089591,0.178152,-0.3241213,0.709592,0.6256394,1,0.5,0,-0.1933626,1.019875,-0.2283511,-13.45153,-41.62335,0.1926237,-0.1911961,-0.9952366,-0.03278909,-0.09180938,1,1,1,-0.2677384,1.036998,0.2160853,-8.389885,-38.915,0.2824941,0.06469244,-0.6759588,0.01239206,0.7368352,1,1,0,-0.06149416,1.503859,-0.2244813,3.076911,-72.09155,-0.01357869,0.005895138,-0.3468398,0.9366752,-0.04839201,1,0.5,1,-5.960464E-08,2,0.225496,25.00002,-100.0001,0,0.5653341,-0.1069809,0.9105127,0.3994015,0,0,0,-5.960464E-08,2,-0.225496,25.00002,-100.0001,0,0.4770055,-0.1166528,0.9928299,-0.02609606,0,0,1
136,0.03485161,1.501532,0.2109543,-1.843514,-76.83392,0.1302742,0.1724945,0.3673317,0.7011684,0.6110895,1,0.5,0,-0.3019519,1.047717,-0.1345742,-8.305903,-36.94333,0.4082428,-0.3875101,-0.798071,0.1575008,0.5816151,1,1,1,0.01744813,0.9983664,0.1806204,-26.80787,-50.78211,0.4317457,-0.05435407,0.5152634,-0.07098375,0.8540871,1,1,0,-0.1274969,1.516817,-0.2091002,7.586215,-69.57732,-0.09825457,-0.005788714,0.1713438,0.9850392,-0.01841367,1,0.5,1,-5.960464E-08,2,0.225496,25.00002,-100.0001,0,0.5802622,0.1964124,0.8979304,0.3938822,0,0,0,-5.960464E-08,2,-0.225496,25.00002,-100.0001,0,0.4932621,0.2136162,0.9765804,-0.02566895,0,0,1
137,-0.07884786,1.506251,0.2253863,3.463312,-71.25833,0.007808957,0.2803713,0.57481,0.6102878,0.5451075,1,0.5,0,-0.428932,1.139051,-0.2165333,3.560051,-35.84957,-0.3554189,-0.3521352,0.6660216,0.7375045,-0.1118137,1,1,1,-0.4509429,1.171695,0.2328209,5.216255,-35.79436,-0.4163587,-0.03820023,0.1655917,0.3068314,0.937248,1,1,0,-0.09141943,1.508472,-0.2254933,4.745103,-70.80242,-0.01438633,0.1478243,0.6730123,0.7385837,-0.03935224,1,0.5,1,-5.960464E-08,2,0.225496,25.00002,-100.0001,0,0.6832632,0.4457276,0.8197671,0.3595954,0,0,0,-5.960464E-08,2,-0.225496,25.00002,-100.0001,0,0.6044071,0.4775532,0.8782996,-0.02308568,0,0,1
138,-0.2250147,1.553547,0.2219691,14.22114,-66.57943,0.04116298,0.420881,0.6832324,0.5685287,0.4582233,1,0.5,0,-0.2012539,1.023453,-0.1860608,-12.99125,-41.20283,-0.08841086,0.1531182,0.9997219,-0.010024,0.0213425,1,1,1,-0.3876862,1.078533,0.2208168,-0.2801211,-35.12433,0.2852672,0.1301337,0.7403259,0.07702047,0.6678215,1,1,0,-0.1490007,1.522707,-0.2213659,8.510511,-68.66541,-0.03721194,0.3605288,0.8194842,0.5725636,-0.0248288,1,0.5,1,-5.960464E-08,2,0.225496,25.00002,-100.0001,0,0.8607309,0.6277438,0.7128524,0.3126966,0,0,0,-5.960464E-08,2,-0.225496,25.00002,-100.0001,0,0.7927458,0.6607566,0.7503411,-0.01972235,0,0,1
139,0.1048071,1.511221,0.2227131,-3.494861,-80.57181,-0.02196358,0.6360661,0.8259104,0.4235855,0.372085,1,0.5,0,0.03885533,1.000532,-0.2093894,-26.135,-51.93517,0.2856919,0.372885,0.9993721,-0.03375965,-0.01075676,1,1,1,0.1766479,1.015404,0.219676,-31.38015,-59.32164,0.002510102,0.5939391,0.9233874,-0.01334259,0.3836374,1,1,0,0.03518802,1.501309,-0.2227211,-0.8387402,-76.77123,0.02783315,0.488552,0.8787293,0.4767667,-0.02298426,1,0.5,1,-5.960464E-08,2,0.225496,25.00002,-100.0001,0,0.8478274,0.618389,0.7196769,0.3156902,0,0,0,-5.960464E-08,2,-0.225496,25.00002,-100.0001,0,0.7791568,0.6515867,0.7583122,-0.01993187,0,0,1
140,0.222342,1.552226,0.2236329,-8.871771,-88.90494,0.0157021,0.501291,0.7409323,0.5215525,0.4230867,1,0.5,0,0.3411226,1.05987,-0.2186491,-38.21272,-69.74335,-0.2776117,0.3613896,0.999164,0.03467629,-0.02165005,1,1,1,0.4453602,1.103958,0.2179193,-42.01619,-77.4389,-0.03592746,0.5541215,0.9153662,0.07016094,0.3964622,1,1,0,0.1735564,1.531061,-0.2242929,-7.139741,-85.24165,-0.03805013,0.355596,0.8100824,0.5856281,-0.02839301,1,0.5,1,-5.960464E-08,2,0.225496,25.00002,-100.0001,0,0.6797781,0.4403768,0.8221887,0.3606576,0,0,0,-5.960464E-08,2,-0.225496,25.00002,-100.0001,0,0.6006722,0.4720269,0.8812798,-0.02316402,0,0,1
141,0.03176299,1.500936,0.2238445,-2.025383,-76.67652,-0.01733304,0.1745048,0.3430201,0.6981958,0.6283788,1,0.5,0,0.363906,1.090188,-0.1887443,-39.39108,-73.11893,0.1846091,0.06682867,0.9941481,0.1061845,0.01985729,1,1,1,0.2140893,1.033451,0.232843,-35.33248,-62.75993,-0.0055559,0.09875584,0.6909243,0.005763402,0.7229041,1,1,0,0.08847143,1.50788,-0.2235259,-4.189498,-79.85204,0.02024025,0.0584904,0.5158139,0.8556644,-0.04212411,1,0.5,1,-5.960464E-08,2,0.225496,25.00002,-100.0001,0,0.5778636,0.1851864,0.8999286,0.3947587,0,0,0,-5.960464E-08,2,-0.225496,25.00002,-100.0001,0,0.4906528,0.201489,0.9791526,-0.02573656,0,0,1
142,-0.06177241,1.504003,0.2127198,2.948009,-72.07037,-0.1108744,0.1561301,-0.2871194,0.7224227,0.6290213,1,0.5,0,0.225821,1.025795,-0.1519697,-34.1955,-62.45852,0.4025535,-0.3896988,0.899407,-0.03812063,0.4354467,1,1,1,-0.06186909,1.000171,0.1946225,-21.05707,-46.96586,0.4016922,-0.06165868,-0.4299946,-0.06805004,0.9002632,1,1,0,0.09026896,1.508312,-0.211535,-3.483185,-79.82263,0.2110102,-0.0201706,-0.07574846,0.9968371,-0.02403974,1,0.5,1,-5.960464E-08,2,0.225496,25.00002,-100.0001,0,0.5667609,-0.1186914,0.9092949,0.3988672,0,0,0,-5.960464E-08,2,-0.225496,25.00002,-100.0001,0,0.4785612,-0.1293893,0.9912515,-0.02605457,0,0,1
143,0.07401681,1.505525,0.2244526,-2.631511,-78.87365,0.01534597,0.2388376,-0.5056949,0.6436127,0.574487,1,0.5,0,0.4619586,1.15081,-0.1956725,-39.99775,-80.46104,-0.2692954,-0.3782676,0.1175968,0.992425,0.03554897,1,1,1,0.3813463,1.110582,0.2461953,-37.51198,-74.30669,-0.1699955,-0.04176527,-0.1446791,0.1758537,0.9737266,1,1,0,0.1185133,1.514309,-0.2242313,-4.741654,-81.5292,-0.01979993,0.08606213,-0.5615956,0.8263782,-0.04134588,1,0.5,1,-5.960464E-08,2,0.225496,25.00002,-100.0001,0,0.6499269,-0.3892798,0.8435321,0.37002,0,0,0,-5.960464E-08,2,-0.225496,25.00002,-100.0001,0,0.5686136,-0.418901,0.9077184,-0.02385894,0,0,1
144,0.265,1.57616,0.2231332,-9.574241,-92.13407,0.003013016,0.3518451,-0.5849708,0.6411497,0.4967255,1,0.5,0,0.3815854,1.075279,-0.2135097,-41.3033,-73.24297,0.1055755,-0.1153676,-0.9924256,0.1177196,-0.03512372,1,1,1,0.4266531,1.101221,0.2345661,-41.7778,-76.59672,0.05617516,0.0543052,-0.6073393,0.1284865,0.7839835,1,1,0,0.2058689,1.544306,-0.2229002,-8.146494,-87.5426,-0.01461283,0.2587945,-0.734633,0.6777931,-0.03017966,1,0.5,1,-5.960464E-08,2,0.225496,25.00002,-100.0001,0,0.8055961,-0.5846406,0.7429559,0.3259017,0,0,0,-5.960464E-08,2,-0.225496,25.00002,-100.0001,0,0.7345786,-0.6182713,0.7856934,-0.02065157,0,0,1
145,0.000629457,1.499899,0.2235518,-1.066238,-75.05355,-0.02866239,0.6262865,-0.8273532,0.4172113,0.3760604,1,0.5,0,-0.01613179,1.002279,-0.2307377,-25.31967,-49.23702,-0.1719625,0.4495007,-0.9990494,-0.02919539,-0.03237253,1,1,1,0.07040153,1.003262,0.2118656,-30.01517,-53.82626,-0.08752275,0.4557739,-0.9019547,-0.02797491,0.4309236,1,1,0,-0.05175016,1.502816,-0.2242779,1.561071,-72.44994,-0.005329403,0.5921659,-0.9011602,0.432916,-0.0222291,1,0.5,1,-5.960464E-08,2,0.225496,25.00002,-100.0001,0,0.9111842,-0.6607687,0.6873662,0.301517,0,0,0,-5.960464E-08,2,-0.225496,25.00002,-100.0001,0,0.8457503,-0.692897,0.7207877,-0.01894556,0,0,1
146,-0.1760497,1.531907,0.2255112,10.31301,-67.77112,-0.01868308,0.5257955,-0.7671583,0.4892853,0.414811,1,0.5,0,-0.3803206,1.075817,-0.2262812,-2.930691,-34.4366,-0.07781315,0.4926246,-0.9985833,0.04615756,-0.02647645,1,1,1,-0.4156637,1.092227,0.2230402,-0.6630185,-33.32121,-0.1054384,0.6120539,-0.9231221,0.05595705,0.3804134,1,1,0,-0.1635231,1.527563,-0.2252974,9.810811,-68.2892,-0.01393855,0.4208347,-0.8409988,0.5403391,-0.02747224,1,0.5,1,-5.960464E-08,2,0.225496,25.00002,-100.0001,0,0.7227606,-0.4996054,0.7932872,0.3479798,0,0,0,-5.960464E-08,2,-0.225496,25.00002,-100.0001,0,0.6466241,-0.5327795,0.8459619,-0.0222357,0,0,1
147,-0.1454137,1.521594,0.2239165,8.479426,-68.84504,0.006520006,0.2846201,-0.561735,0.6265371,0.5402824,1,0.5,0,-0.3395528,1.071009,-0.2347916,-3.66887,-36.99336,0.0939608,0.1371613,-0.9964316,0.06436177,-0.05460401,1,1,1,-0.4588136,1.131058,0.1960006,5.144337,-34.08383,0.05839469,0.3577699,-0.8791967,0.1178151,0.461663,1,1,0,-0.09652372,1.509517,-0.2241446,5.424006,-70.66798,0.009994958,0.1197358,-0.6322995,0.7737439,-0.03895954,1,0.5,1,-5.960464E-08,2,0.225496,25.00002,-100.0001,0,0.5996227,-0.2685785,0.882121,0.3869472,0,0,0,-5.960464E-08,2,-0.225496,25.00002,-100.0001,0,0.5142846,-0.2911757,0.9563394,-0.02513692,0,0,1
148,-0.05108597,1.502602,0.2251935,3.485051,-72.67714,-0.009781126,0.1361246,-0.03557766,0.7429395,0.6684123,1,0.5,0,-0.1381272,1.010572,-0.2141691,-18.63003,-43.41383,0.2179489,-0.3877217,-0.9767973,-0.1730366,-0.1261961,1,1,1,0.005711992,1.004409,0.2136195,-23.52249,-50.56178,-0.4866758,-0.0841836,0.0821664,-0.06154345,0.9947166,1,1,0,-0.03646082,1.501337,-0.2253419,2.09061,-73.25546,-0.03220515,-0.0279147,-0.01696022,0.9984141,-0.05368086,1,0.5,1,-5.960464E-08,2,0.225496,25.00002,-100.0001,0,0.5596023,0.02685355,0.9154381,0.401562,0,0,0,-5.960464E-08,2,-0.225496,25.00002,-100.0001,0,0.4707524,0.02931137,0.9992253,-0.02626416,0,0,1
149,0.07637286,1.506016,0.2207706,-3.761315,-79.15588,0.03807397,0.2659147,0.558507,0.6215001,0.5493701,1,0.5,0,-0.3542762,1.124834,-0.1215064,-1.494605,-38.20177,-0.2407172,-0.3768619,-0.02339134,0.7701414,0.6374441,1,1,1,-0.1619266,1.069015,0.2822626,-14.82245,-44.75203,0.2772139,0.01961327,0.3646351,0.07508434,0.9281183,1,1,0,-0.03185399,1.501086,-0.2168693,1.640843,-73.46645,-0.02605022,0.06948578,0.561106,0.8272138,-0.02962205,1,0.5,1,-5.960464E-08,2,0.225496,25.00002,-100.0001,0,0.6159867,0.3148745,0.8691862,0.3812733,0,0,0,-5.960464E-08,2,-0.225496,25.00002,-100.0001,0,0.5320027,0.3404989,0.9399203,-0.02470535,0,0,1
150,-0.1965143,1.540209,0.2199156,10.7968,-66.77081,-0.06645399,0.3129721,0.5825339,0.6275844,0.5165191,1,0.5,0,-0.3166811,1.055173,-0.2340356,-5.566134,-37.34134,0.2334841,-0.1440566,0.9929024,0.07072144,-0.09562072,1,1,1,-0.387891,1.075503,0.2108864,-1.797645,-34.44279,0.1097613,0.0005387664,0.5638068,0.09090785,0.8208883,1,1,0,-0.1283233,1.51666,-0.225217,7.00227,-69.35471,0.05484002,0.2286932,0.7434883,0.6678531,-0.0346058,1,0.5,1,-5.960464E-08,2,0.225496,25.00002,-100.0001,0,0.753387,0.5346298,0.7739033,0.3394769,0,0,0,-5.960464E-08,2,-0.225496,25.00002,-100.0001,0,0.6792294,0.5682508,0.8225713,-0.02162089,0,0,1
151,-0.1400879,1.519933,0.2236535,8.997842,-69.31181,-0.00133589,0.5697175,0.7958548,0.4580018,0.3960424,1,0.5,0,-0.01639891,1.005683,-0.1896845,-23.34883,-49.71132,-0.2887891,0.4753865,0.9996333,-0.02493053,0.01057582,1,1,1,-0.1664003,1.019668,0.2352835,-14.43777,-42.99202,-0.02430827,0.4328712,0.8843958,-0.01107573,0.4666063,1,1,0,-0.07160073,1.505158,-0.2217471,4.827443,-71.83607,-0.004270675,0.5355333,0.8882639,0.4588531,-0.02100091,1,0.5,1,-5.960464E-08,2,0.225496,25.00002,-100.0001,0,0.9508191,0.6833571,0.668588,0.2932798,0,0,0,-5.960464E-08,2,-0.225496,25.00002,-100.0001,0,0.887256,0.7146681,0.6992223,-0.01837872,0,0,1
152,0.1891052,1.537257,0.2253417,-7.225801,-86.16257,-0.004389884,0.6034377,0.800052,0.4597065,0.3854696,1,0.5,0,0.1515824,1.025951,-0.2083943,-30.70371,-58.87636,0.1752929,0.3453361,0.9999392,-0.004789462,-0.009930135,1,1,1,0.2609419,1.041488,0.2289133,-34.68429,-64.85772,0.007400665,0.5466346,0.9121083,0.01097598,0.4098023,1,1,0,0.161325,1.52677,-0.224711,-6.664119,-84.38139,0.01499579,0.4891728,0.8643861,0.5022077,-0.02498143,1,0.5,1,-5.960464E-08,2,0.225496,25.00002,-100.0001,0,0.7661635,0.5478773,0.766094,0.3360514,0,0,0,-5.960464E-08,2,-0.225496,25.00002,-100.0001,0,0.6928006,0.5815743,0.8132124,-0.0213749,0,0,1
153,0.1028161,1.510633,0.2235971,-5.159262,-80.8037,0.04028679,0.3009496,0.6001695,0.6000786,0.5288687,1,0.5,0,0.2812643,1.059316,-0.2405188,-36.07586,-66.88577,0.01116992,0.1610484,0.997134,0.04434766,-0.06129475,1,1,1,0.4086469,1.114906,0.1885342,-40.07112,-76.13507,0.1504057,0.3813668,0.8924053,0.09633485,0.4408314,1,1,0,0.04666317,1.502107,-0.2237393,-2.586366,-77.47507,0.01224652,0.1353691,0.6681985,0.7430443,-0.03736293,1,0.5,1,-5.960464E-08,2,0.225496,25.00002,-100.0001,0,0.6246101,0.3360182,0.8625214,0.3783498,0,0,0,-5.960464E-08,2,-0.225496,25.00002,-100.0001,0,0.5413218,0.362894,0.9315087,-0.02448426,0,0,1
154,0.03184633,1.501125,0.2252578,-1.576565,-76.6441,-0.01986549,0.14013,0.1303576,0.7359837,0.6643304,1,0.5,0,0.1021568,1.004978,-0.2242583,-30.84018,-55.45966,-0.0714958,-0.3423436,0.9752617,-0.1587109,-0.153868,1,1,1,0.04722831,1.001332,0.223324,-28.91404,-52.53594,-0.1428307,-0.06434882,0.2268508,-0.06580423,0.9717039,1,1,0,0.06562981,1.504411,-0.2244383,-2.816476,-78.47005,0.001560152,-0.01070881,0.2395901,0.9695885,-0.04994638,1,0.5,1,-5.960464E-08,2,0.225496,25.00002,-100.0001,0,0.5604762,0.04865686,0.9146837,0.4012311,0,0,0,-5.960464E-08,2,-0.225496,25.00002,-100.0001,0,0.4717063,0.05310189,0.9982443,-0.02623837,0,0,1
155,0.07060167,1.50499,0.2205661,-2.723177,-78.71293,0.05379917,0.1639528,-0.2949183,0.7153967,0.6334277,1,0.5,0,0.3686565,1.069411,-0.1884777,-39.12481,-71.56342,-0.247495,-0.3898202,0.9279646,0.3576945,0.1045772,1,1,1,0.1525268,1.011008,0.203306,-29.59172,-57.87751,0.744913,-0.08049241,-0.2714772,-0.04527285,0.9613795,1,1,0,0.1688981,1.529403,-0.2189338,-6.943124,-84.91046,-0.08315969,0.009186506,-0.1915122,0.9807855,-0.03718447,1,0.5,1,-5.960464E-08,2,0.225496,25.00002,-100.0001,0,0.5922104,-0.2439215,0.8881075,0.3895733,0,0,0,-5.960464E-08,2,-0.225496,25.00002,-100.0001,0,0.5062438,-0.2647605,0.9639813,-0.02533779,0,0,1
156,0.2292656,1.555753,0.2206342,-8.194976,-89.0091,-0.05723464,0.2610475,-0.4661281,0.6908275,0.5527043,1,0.5,0,0.4851102,1.151704,-0.2479844,-41.89516,-82.06702,-0.04195125,-0.3360003,-0.6030563,0.7421019,-0.2925883,1,1,1,0.6438476,1.279096,0.1543601,-42.79628,-95.93202,-0.4274467,-0.06273532,0.1368424,0.5696691,0.810402,1,1,0,0.1465443,1.521989,-0.2213212,-6.236988,-83.42711,0.04671814,0.1586998,-0.664137,0.7469099,-0.03236858,1,0.5,1,-5.960464E-08,2,0.225496,25.00002,-100.0001,0,0.7095522,-0.4828327,0.8019499,0.3517798,0,0,0,-5.960464E-08,2,-0.225496,25.00002,-100.0001,0,0.6325281,-0.5156705,0.8564911,-0.02251246,0,0,1
157,0.1695854,1.529707,0.2253198,-7.648893,-85.20338,0.00676364,0.4838199,-0.7450609,0.5079255,0.4323148,1,0.5,0,0.2895081,1.043032,-0.223712,-38.27113,-66.90594,-0.06695095,0.1136796,-0.9990276,0.02123635,-0.03863902,1,1,1,0.3376091,1.058777,0.2244424,-41.17067,-70.67616,0.1366079,0.2072369,-0.7988581,0.04068884,0.6001418,1,1,0,0.1543975,1.524402,-0.2253766,-6.671155,-83.99644,-0.0153415,0.3971459,-0.833971,0.5510828,-0.02828588,1,0.5,1,-5.960464E-08,2,0.225496,25.00002,-100.0001,0,0.8916242,-0.6485882,0.6970274,0.3057549,0,0,0,-5.960464E-08,2,-0.225496,25.00002,-100.0001,0,0.825225,-0.6810852,0.7319514,-0.01923899,0,0,1
158,-0.1498498,1.523132,0.2197892,7.970718,-68.45731,0.0292875,0.6303391,-0.8195999,0.4362688,0.3713834,1,0.5,0,-0.1539857,1.011421,-0.2124817,-18.53624,-42.60532,-0.08236694,0.4308308,-0.9997109,-0.01995908,-0.01340922,1,1,1,-0.3611146,1.068221,0.1841366,-4.975366,-34.81931,0.08105564,0.7013998,-0.9469708,0.03181382,0.3197409,1,1,0,-0.04917035,1.502552,-0.2192786,1.652526,-72.5877,-0.02316982,0.4515954,-0.8677495,0.4965888,-0.02025921,1,0.5,1,-5.960464E-08,2,0.225496,25.00002,-100.0001,0,0.8133993,-0.5912719,0.7385418,0.3239654,0,0,0,-5.960464E-08,2,-0.225496,25.00002,-100.0001,0,0.7428278,-0.624846,0.7804784,-0.0205145,0,0,1
159,-0.200667,1.542051,0.2235608,12.2794,-67.13596,-0.02642871,0.434463,-0.7030551,0.5479625,0.4532664,1,0.5,0,-0.5716108,1.181566,-0.2086761,12.13589,-30.13583,0.1912557,0.5390731,-0.9892691,0.1458668,-0.008349828,1,1,1,-0.4964824,1.137114,0.2337684,7.026945,-32.24682,0.009887669,0.5523524,-0.9053948,0.1017849,0.4121893,1,1,0,-0.2516791,1.56794,-0.2237448,15.77213,-65.7008,0.01981855,0.3894913,-0.7959507,0.6047727,-0.0266948,1,0.5,1,-5.960464E-08,2,0.225496,25.00002,-100.0001,0,0.6533291,-0.3956478,0.8410438,0.3689285,0,0,0,-5.960464E-08,2,-0.225496,25.00002,-100.0001,0,0.5722739,-0.4255556,0.9046199,-0.0237775,0,0,1
160,-0.07498764,1.505789,0.2231865,4.488847,-71.60297,0.02168716,0.1713603,-0.3168943,0.7086939,0.6303419,1,0.5,0,-0.359117,1.069446,-0.2018322,-1.751792,-36.24072,-0.3031479,-0.001553744,-0.9968569,0.07913815,-0.003675797,1,1,1,-0.2207235,1.025319,0.2250517,-11.45007,-40.55387,-0.06775188,0.05606043,-0.6446891,-0.008418349,0.7643985,1,1,0,-0.1366737,1.519047,-0.2233817,8.69783,-69.39433,-0.05405324,0.06127471,-0.4889517,0.8713156,-0.04165828,1,0.5,1,-5.960464E-08,2,0.225496,25.00002,-100.0001,0,0.5681413,-0.1289742,0.9081198,0.3983518,0,0,0,-5.960464E-08,2,-0.225496,25.00002,-100.0001,0,0.4800659,-0.1405647,0.9897296,-0.02601457,0,0,1
161,0.09606349,1.509493,0.218502,-4.256989,-80.2543,0.01811237,0.1923379,0.3936416,0.6925709,0.6044766,1,0.5,0,-0.2567667,1.049377,-0.1126064,-10.15977,-39.65305,0.628247,-0.3797471,-0.6677356,0.1611393,0.7267484,1,1,1,-0.01023288,1.021687,0.2639705,-23.90064,-50.30153,0.6796393,-0.007077754,0.3372472,-0.01686558,0.941265,1,1,0,-0.04075645,1.50187,-0.2107115,1.721409,-73.01909,0.172566,-0.008884937,0.2763366,0.9608134,-0.02181064,1,0.5,1,-5.960464E-08,2,0.225496,25.00002,-100.0001,0,0.5738198,0.1643381,0.9033176,0.3962452,0,0,0,-5.960464E-08,2,-0.225496,25.00002,-100.0001,0,0.4862515,0.1789294,0.9835222,-0.02585141,0,0,1
162,-0.02702258,1.500868,0.2209481,0.7385617,-73.66222,0.00683591,0.2913843,0.6025372,0.5949932,0.5319136,1,0.5,0,-0.4538275,1.139965,-0.1508705,4.23497,-34.31797,-0.3073321,-0.3695804,0.3836346,0.8431601,0.3767036,1,1,1,-0.2834281,1.07096,0.260875,-8.219308,-39.19231,-0.06484243,0.01251745,0.4300983,0.07991938,0.8992376,1,1,0,-0.1246362,1.515781,-0.2190382,6.516134,-69.43349,-0.02541841,0.1165689,0.6150567,0.787878,-0.03087773,1,0.5,1,-5.960464E-08,2,0.225496,25.00002,-100.0001,0,0.6729549,0.4295655,0.8269715,0.3627556,0,0,0,-5.960464E-08,2,-0.225496,25.00002,-100.0001,0,0.5933555,0.4608391,0.8871773,-0.02331903,0,0,1
163,-0.2450123,1.564175,0.2227188,15.46274,-65.96561,-0.001680852,0.3893932,0.6429409,0.6006057,0.475289,1,0.5,0,-0.2986868,1.045689,-0.2056294,-6.623874,-37.71353,0.2461136,0.01842088,0.999483,0.03026378,-0.0108587,1,1,1,-0.3622688,1.076689,0.239713,-2.793152,-35.77219,0.1094357,0.1341625,0.716805,0.07362276,0.6933759,1,1,0,-0.1777666,1.53281,-0.2221679,10.70778,-67.81459,0.02706126,0.313464,0.7856193,0.6181097,-0.02725119,1,0.5,1,-5.960464E-08,2,0.225496,25.00002,-100.0001,0,0.8376002,0.6106754,0.7251795,0.318104,0,0,0,-5.960464E-08,2,-0.225496,25.00002,-100.0001,0,0.7683759,0.6440043,0.7647578,-0.02010129,0,0,1
164,-0.01009144,1.500062,0.2213476,1.724478,-74.55005,0.02135933,0.5703225,0.8075591,0.4391776,0.3936642,1,0.5,0,0.0561827,1.002923,-0.2288086,-26.82117,-52.86007,-0.2607056,0.4314622,0.9990988,-0.02906879,-0.03092831,1,1,1,-0.06583647,1.001483,0.2054478,-20.10166,-46.89763,-0.04966186,0.4050088,0.8934759,-0.03151046,0.4480042,1,1,0,0.06681274,1.504613,-0.223078,-2.278217,-78.4691,-0.05254673,0.554394,0.8926955,0.4501284,-0.02188741,1,0.5,1,-5.960464E-08,2,0.225496,25.00002,-100.0001,0,0.8735329,0.6366357,0.7062082,0.3097821,0,0,0,-5.960464E-08,2,-0.225496,25.00002,-100.0001,0,0.8062143,0.6694461,0.7426042,-0.019519,0,0,1
165,0.1928888,1.53876,0.2226513,-7.76808,-86.60012,-0.01480133,0.4925576,0.7456169,0.5125744,0.4258204,1,0.5,0,0.2913583,1.042927,-0.2220644,-36.98256,-66.57649,-0.07969442,0.3389269,0.9995353,0.01540861,-0.02630073,1,1,1,0.3930939,1.079921,0.2156958,-39.60271,-73.21179,-0.2410107,0.5292754,0.9135287,0.0485008,0.4038723,1,1,0,0.1265422,1.516268,-0.2228471,-5.750817,-82.20921,0.00945032,0.3311912,0.8105487,0.5850259,-0.02748723,1,0.5,1,-5.960464E-08,2,0.225496,25.00002,-100.0001,0,0.6922046,0.4589638,0.813619,0.3568985,0,0,0,-5.960464E-08,2,-0.225496,25.00002,-100.0001,0,0.6139816,0.4911919,0.8707507,-0.02288726,0,0,1
166,0.1122181,1.512735,0.2230352,-5.134246,-81.28654,0.0109762,0.2274758,0.4706514,0.6635752,0.5815111,1,0.5,0,0.2814065,1.057362,-0.2441047,-36.66336,-67.13829,0.02676771,0.01420212,0.9948927,0.05321252,-0.08577316,1,1,1,0.3871147,1.093525,0.1929334,-40.58515,-74.58414,0.1783625,0.2344874,0.8404285,0.08648835,0.5349763,1,1,0,0.05237641,1.502685,-0.2238254,-2.59637,-77.77235,0.004559012,0.05120867,0.5125932,0.8575429,-0.04322393,1,0.5,1,-5.960464E-08,2,0.225496,25.00002,-100.0001,0,0.5839397,0.2123452,0.894884,0.3925458,0,0,0,-5.960464E-08,2,-0.225496,25.00002,-100.0001,0,0.4972605,0.2308016,0.9726649,-0.02556603,0,0,1
167,0.001092994,1.499955,0.2194369,-0.9948567,-75.07514,-0.161583,0.135423,-0.1314553,0.7395943,0.6600908,1,0.5,0,0.1992136,1.021108,-0.1949359,-32.92688,-60.78211,0.5408051,-0.3849531,0.9960363,-0.07729279,0.04401756,1,1,1,-0.05631543,1.001461,0.1768167,-22.8812,-47.28757,-0.6193447,-0.09667775,-0.349443,-0.07075906,0.9342819,1,1,0,0.08587392,1.507336,-0.2230698,-3.448304,-79.58611,0.07319975,-0.02210528,0.002618193,0.9988307,-0.04827378,1,0.5,1,-5.960464E-08,2,0.225496,25.00002,-100.0001,0,0.5625951,-0.07963783,0.9128597,0.4004309,0,0,0,-5.960464E-08,2,-0.225496,25.00002,-100.0001,0,0.4740183,-0.08688006,0.9958748,-0.02617609,0,0,1
168,0.009666196,1.500019,0.2239796,0.03317201,-75.47918,0.03492387,0.2494187,-0.5353326,0.6271777,0.5657446,1,0.5,0,0.4239493,1.148243,-0.1729715,-38.44094,-78.33112,-0.4197093,-0.3780026,0.1073363,0.9692236,0.2215502,1,1,1,0.3310748,1.1185,0.2673443,-34.14669,-71.70981,-0.1049236,-0.01770577,-0.1654171,0.183498,0.9690024,1,1,0,0.07522426,1.505622,-0.2222201,-3.421625,-79.03369,-0.04374312,0.08254421,-0.5761456,0.8164566,-0.03814326,1,0.5,1,-5.960464E-08,2,0.225496,25.00002,-100.0001,0,0.6361113,-0.3616323,0.8537899,0.3745196,0,0,0,-5.960464E-08,2,-0.225496,25.00002,-100.0001,0,0.5537324,-0.3899041,0.9205376,-0.02419589,0,0,1
169,0.2503021,1.567262,0.2186995,-8.958993,-90.77481,0.06102624,0.3348153,-0.5781592,0.6435698,0.5015476,1,0.5,0,0.3183628,1.050387,-0.20176,-39.26355,-68.79428,0.5509573,-0.08489987,-0.9987841,0.04911416,-0.004240027,1,1,1,0.5155631,1.141934,0.1933359,-44.03778,-83.06583,0.2676853,-0.03685531,-0.4693891,0.241683,0.8492721,1,1,0,0.1465759,1.521921,-0.2178523,-6.142869,-83.39587,0.08865003,0.2656038,-0.7659083,0.6425269,-0.02331794,1,0.5,1,-5.960464E-08,2,0.225496,25.00002,-100.0001,0,0.7880898,-0.5690273,0.7530533,0.330331,0,0,0,-5.960464E-08,2,-0.225496,25.00002,-100.0001,0,0.7160503,-0.6027368,0.7976646,-0.02096623,0,0,1
170,0.05130353,1.502764,0.2247585,-3.818272,-77.884,-0.01151786,0.6164161,-0.8221449,0.423466,0.3804662,1,0.5,0,0.05299988,1.00373,-0.2285448,-28.28032,-52.93224,-0.09344969,0.4169803,-0.9991047,-0.02864828,-0.03112918,1,1,1,0.05213347,1.001532,0.2224382,-29.35785,-52.85065,-0.07121789,0.5100499,-0.9079015,-0.0281844,0.418235,1,1,0,0.06009619,1.50368,-0.226256,-3.649945,-78.29604,-0.01478196,0.5254059,-0.8865397,0.4619434,-0.02560549,1,0.5,1,-5.960464E-08,2,0.225496,25.00002,-100.0001,0,0.935694,-0.6750459,0.6756316,0.2963696,0,0,0,-5.960464E-08,2,-0.225496,25.00002,-100.0001,0,0.87143,-0.7066779,0.7072911,-0.01859081,0,0,1
171,-0.2406733,1.561727,0.2212776,14.89099,-65.93133,-0.001974405,0.6140251,-0.793208,0.4773024,0.3781581,1,0.5,0,-0.2386816,1.030373,-0.1868601,-12.66938,-39.41954,-0.1087718,0.3817599,-0.9998889,0.0004226187,0.01490191,1,1,1,-0.4216367,1.093383,0.2204819,-0.01004935,-33.24284,0.02993644,0.6463996,-0.9286613,0.05528915,0.3667848,1,1,0,-0.1596429,1.526191,-0.2208335,9.133347,-68.28119,0.01656265,0.4438454,-0.8503758,0.5257125,-0.02207302,1,0.5,1,-5.960464E-08,2,0.225496,25.00002,-100.0001,0,0.7391009,-0.5189089,0.7828259,0.3433909,0,0,0,-5.960464E-08,2,-0.225496,25.00002,-100.0001,0,0.6640337,-0.5523728,0.8333095,-0.02190314,0,0,1
172,-0.1022508,1.510548,0.2253399,6.257405,-70.55634,-0.003394486,0.270623,-0.5536259,0.6235843,0.5519429,1,0.5,0,-0.4230412,1.112802,-0.2131944,1.898437,-34.43358,0.2148972,0.2521155,-0.9937665,0.1100922,-0.01754299,1,1,1,-0.3772273,1.092518,0.2350042,-0.6206202,-36.0644,0.1341358,0.327888,-0.8474739,0.07551461,0.5254385,1,1,0,-0.1259062,1.516169,-0.2249625,7.418733,-69.59106,0.01642183,0.1631337,-0.6790369,0.7331384,-0.03764317,1,0.5,1,-5.960464E-08,2,0.225496,25.00002,-100.0001,0,0.6077788,-0.2928258,0.8756263,0.3840983,0,0,0,-5.960464E-08,2,-0.225496,25.00002,-100.0001,0,0.5231211,-0.3170555,0.9480796,-0.02491982,0,0,1
173,0.02248628,1.50053,0.2211166,-0.8734269,-76.13569,-0.005210938,0.1316285,0.0233105,0.7449476,0.6667156,1,0.5,0,-0.1104463,1.005486,-0.2124193,-17.4495,-44.97277,-0.3269674,-0.3786389,-0.9740271,-0.2019879,-0.1023334,1,1,1,0.0594366,1.000771,0.2052998,-26.62952,-52.9547,-0.1347378,-0.09037524,0.1261494,-0.07135537,0.9894416,1,1,0,-0.06358338,1.504182,-0.2215532,3.724997,-72.07085,-0.02923013,-0.01999635,-0.1486365,0.9878719,-0.0449021,1,0.5,1,-5.960464E-08,2,0.225496,25.00002,-100.0001,0,0.5592486,-0.007328558,0.9157438,0.4016961,0,0,0,-5.960464E-08,2,-0.225496,25.00002,-100.0001,0,0.4703664,-0.007999829,0.9996227,-0.0262746,0,0,1
174,-0.01305696,1.500239,0.22259,0.2348495,-74.35451,0.001721085,0.2012589,0.432664,0.6705636,0.6026163,1,0.5,0,-0.3905385,1.113788,-0.1768139,-0.4377069,-35.7376,-0.3180438,-0.3857863,-0.6485395,0.7336108,0.2030067,1,1,1,-0.2465248,1.055852,0.2466071,-11.60123,-39.81875,0.1111038,-0.04721084,0.1544684,0.05709493,0.9863466,1,1,0,-0.08269241,1.506883,-0.222899,4.329503,-71.19143,-0.04673826,0.03159368,0.4397607,0.8970814,-0.04307617,1,0.5,1,-5.960464E-08,2,0.225496,25.00002,-100.0001,0,0.6054856,0.2862691,0.8774427,0.3848951,0,0,0,-5.960464E-08,2,-0.225496,25.00002,-100.0001,0,0.5206378,0.3100673,0.9503864,-0.02498045,0,0,1
175,-0.2466632,1.565048,0.2216643,15.04816,-65.62523,-0.02606736,0.2856537,0.4981519,0.681023,0.536705,1,0.5,0,-0.4617543,1.118626,-0.2354851,4.455164,-33.22065,0.1615778,-0.2995261,0.8793349,0.4420849,-0.1770062,1,1,1,-0.5120111,1.139763,0.2121168,7.593192,-31.41672,0.1000643,-0.0552856,0.2833886,0.2468158,0.9267,1,1,0,-0.1839336,1.534992,-0.2239335,10.77866,-67.49718,0.03729762,0.1795589,0.6682342,0.7431169,-0.03521924,1,0.5,1,-5.960464E-08,2,0.225496,25.00002,-100.0001,0,0.7365435,0.5159851,0.7844449,0.3441011,0,0,0,-5.960464E-08,2,-0.225496,25.00002,-100.0001,0,0.6613109,0.5494118,0.8352632,-0.02195449,0,0,1
176,-0.137595,1.519397,0.2244446,8.67314,-69.33218,0.00727922,0.5441351,0.7842609,0.4687106,0.4065036,1,0.5,0,-0.1404831,1.010172,-0.2142671,-16.33099,-43.70227,-0.08562136,0.3163518,0.9995522,-0.02428836,-0.01747661,1,1,1,-0.2487723,1.031306,0.2230418,-9.405363,-39.55037,0.04769864,0.3245005,0.8583342,0.001584348,0.5130886,1,1,0,-0.09310074,1.508769,-0.2242454,6.121618,-70.9977,0.02202393,0.4875289,0.8742718,0.4848156,-0.02455158,1,0.5,1,-5.960464E-08,2,0.225496,25.00002,-100.0001,0,0.9271582,0.6701915,0.6796725,0.2981421,0,0,0,-5.960464E-08,2,-0.225496,25.00002,-100.0001,0,0.8624918,0.702,0.711931,-0.01871277,0,0,1
177,0.1742672,1.531327,0.2253381,-6.468343,-85.03838,0.0003673138,0.6184335,0.8089831,0.4482408,0.3802981,1,0.5,0,0.2451311,1.031608,-0.2196635,-34.55549,-63.62685,0.1208343,0.4758571,0.9997956,0.001647308,-0.02014995,1,1,1,0.3069466,1.048798,0.2266897,-36.39516,-67.32759,0.05725401,0.6219484,0.9247068,0.01675467,0.3803114,1,1,0,0.154797,1.524648,-0.2251935,-6.280332,-83.89021,0.01756177,0.5144502,0.8727127,0.4876021,-0.02483459,1,0.5,1,-5.960464E-08,2,0.225496,25.00002,-100.0001,0,0.7867075,0.5677487,0.7538623,0.3306859,0,0,0,-5.960464E-08,2,-0.225496,25.00002,-100.0001,0,0.7145861,0.6014612,0.7986262,-0.0209915,0,0,1
178,0.1765193,1.53215,0.2245204,-7.540999,-85.55882,0.02096371,0.3816133,0.6661151,0.5695811,0.4815268,1,0.5,0,0.4076192,1.098016,-0.2309873,-40.54834,-75.25241,0.01889095,0.321762,0.9958551,0.08276841,-0.0377083,1,1,1,0.525118,1.173656,0.1977612,-42.7831,-84.92337,0.06190392,0.5269737,0.9112742,0.1398833,0.3873139,1,1,0,0.1329122,1.517998,-0.2240676,-6.009291,-82.62379,0.01397357,0.2309412,0.7437656,0.667629,-0.03292692,1,0.5,1,-5.960464E-08,2,0.225496,25.00002,-100.0001,0,0.6360686,0.3615421,0.8538219,0.3745337,0,0,0,-5.960464E-08,2,-0.225496,25.00002,-100.0001,0,0.5536864,0.3898092,0.9205778,-0.02419695,0,0,1
179,0.08382323,1.507055,0.2258856,-4.170199,-79.60584,0.02175347,0.1637084,0.2676188,0.7187715,0.6416758,1,0.5,0,0.1645815,1.013365,-0.224424,-33.88822,-59.15505,0.05344453,-0.2399365,0.9935232,-0.06396446,-0.0939154,1,1,1,0.1614982,1.013405,0.2266308,-34.23111,-59.07158,0.06197545,-0.002541274,0.5132,-0.0333598,0.8576204,1,1,0,0.07377465,1.505535,-0.2248946,-3.558547,-78.98289,0.01732708,0.004810393,0.331951,0.9420068,-0.04931471,1,0.5,1,-5.960464E-08,2,0.225496,25.00002,-100.0001,0,0.5633651,0.08820827,0.9121987,0.400141,0,0,0,-5.960464E-08,2,-0.225496,25.00002,-100.0001,0,0.4748582,0.09621665,0.9950168,-0.02615354,0,0,1
180,-0.07335748,1.505476,0.2196297,3.813327,-71.58353,0.01196862,0.2048625,-0.4365056,0.6745654,0.5953355,1,0.5,0,0.2972557,1.07287,-0.1155317,-35.53835,-67.87128,-0.08065145,-0.3862733,0.5534036,0.3769566,0.7427302,1,1,1,0.02056146,1.011405,0.2344424,-23.8422,-51.28082,0.6472657,-0.01546085,-0.4411563,-0.03837614,0.8966094,1,1,0,0.04536451,1.502104,-0.2148253,-2.622901,-77.43078,-0.08988384,0.008729815,-0.3714239,0.928006,-0.02914188,1,0.5,1,-5.960464E-08,2,0.225496,25.00002,-100.0001,0,0.5848285,-0.2159964,0.8941508,0.3922242,0,0,0,-5.960464E-08,2,-0.225496,25.00002,-100.0001,0,0.4982264,-0.2347353,0.9717237,-0.02554129,0,0,1
181,0.1033927,1.510821,0.2251858,-3.530185,-80.49908,0.000714511,0.2814471,-0.5704079,0.6152962,0.5441005,1,0.5,0,0.4258528,1.125796,-0.2243432,-40.12289,-78.00905,-0.3854321,-0.3419864,-0.7802079,0.6062523,-0.1540576,1,1,1,0.433304,1.133755,0.2265778,-39.33091,-78.56754,-0.3814118,-0.04596159,-0.2551156,0.2285167,0.939519,1,1,0,0.1072009,1.511554,-0.2258193,-4.284865,-80.84119,-0.0150852,0.1541162,-0.6756222,0.7361906,-0.03947204,1,0.5,1,-5.960464E-08,2,0.225496,25.00002,-100.0001,0,0.6931044,-0.4602584,0.8130054,0.3566293,0,0,0,-5.960464E-08,2,-0.225496,25.00002,-100.0001,0,0.6149446,-0.4925234,0.8699986,-0.0228675,0,0,1
182,0.2399794,1.561367,0.2220092,-9.318596,-90.28188,-0.03453942,0.426584,-0.6809567,0.573469,0.4554462,1,0.5,0,0.1506031,1.032756,-0.1782627,-31.84351,-59.30454,-0.1076811,0.2206731,-0.9995376,0.003824533,0.03016247,1,1,1,0.3414539,1.06862,0.2286708,-39.7184,-70.90481,-0.02143086,0.1823554,-0.7759727,0.05659876,0.6282221,1,1,0,0.1742898,1.531335,-0.2229987,-7.59036,-85.45421,-0.02602638,0.3585982,-0.8113844,0.5838989,-0.02678632,1,0.5,1,-5.960464E-08,2,0.225496,25.00002,-100.0001,0,0.8713093,-0.6351179,0.7073534,0.3102845,0,0,0,-5.960464E-08,2,-0.225496,25.00002,-100.0001,0,0.8038759,-0.6679647,0.743936,-0.019554,0,0,1
183,-0.1265309,1.516292,0.2252655,6.094498,-69.23572,0.003967436,0.6347586,-0.8221338,0.4285426,0.374763,1,0.5,0,-0.09264096,1.016164,-0.2252706,-20.3432,-46.00175,0.1127594,0.399495,-0.9994869,-0.01538213,-0.02809424,1,1,1,-0.1245844,1.014999,0.2246321,-19.60158,-44.28197,0.07563385,0.523355,-0.9097302,-0.01465824,0.4149412,1,1,0,-0.1246714,1.515814,-0.2256816,6.287275,-69.38346,0.002370776,0.5505021,-0.8863038,0.4624586,-0.02444699,1,0.5,1,-5.960464E-08,2,0.225496,25.00002,-100.0001,0,0.8312461,-0.6057427,0.7286408,0.3196223,0,0,0,-5.960464E-08,2,-0.225496,25.00002,-100.0001,0,0.7616733,-0.6391453,0.7688205,-0.02020808,0,0,1
184,-0.1829919,1.534617,0.2212455,11.38535,-67.78415,0.01426489,0.442423,-0.7165925,0.5354464,0.4469813,1,0.5,0,-0.32573,1.059979,-0.2342811,-6.110577,-36.41429,-0.2698855,0.319338,-0.9984541,0.03658899,-0.04184002,1,1,1,-0.4754091,1.12589,0.1859372,4.774842,-32.19315,-0.2362856,0.5462712,-0.9249518,0.09164944,0.3688692,1,1,0,-0.1064301,1.51139,-0.2224731,6.152372,-70.31036,-0.03624411,0.2686148,-0.7790266,0.6263087,-0.02923846,1,0.5,1,-5.960464E-08,2,0.225496,25.00002,-100.0001,0,0.6680528,-0.4215061,0.8304421,0.364278,0,0,0,-5.960464E-08,2,-0.225496,25.00002,-100.0001,0,0.5880949,-0.4524802,0.8914666,-0.02343177,0,0,1
185,-0.06103526,1.503718,0.2257326,3.350689,-72.14487,0.004203619,0.1763564,-0.3365071,0.7003966,0.6294502,1,0.5,0,-0.2488516,1.039445,-0.2249655,-9.743898,-39.96009,0.1078941,-0.08372825,-0.997942,0.02268853,-0.0599741,1,1,1,-0.2677856,1.047715,0.225604,-7.821533,-39.63691,0.1452245,0.1083681,-0.7139577,0.02911943,0.6995831,1,1,0,-0.05964125,1.503636,-0.2252765,3.001663,-72.17759,-0.002339483,0.02548909,-0.4304651,0.9013246,-0.04810098,1,0.5,1,-5.960464E-08,2,0.225496,25.00002,-100.0001,0,0.5722363,-0.1553422,0.9046516,0.3968304,0,0,0,-5.960464E-08,2,-0.225496,25.00002,-100.0001,0,0.4845273,-0.1691812,0.9852447,-0.02589668,0,0,1
186,0.03449557,1.5015,0.2073469,-1.950845,-76.82916,0.0698157,0.1507722,0.2885468,0.7245239,0.6259439,1,0.5,0,-0.256219,1.030936,-0.161018,-11.61154,-38.51213,0.3859894,-0.3899257,-0.935153,0.008501465,0.3541422,1,1,1,0.07447421,1.001236,0.1464889,-29.38897,-53.81313,0.1357787,-0.08436173,0.5479689,-0.06920529,0.833631,1,1,0,-0.1410163,1.520556,-0.2073509,7.868584,-68.91837,0.03509076,-0.009235263,0.02499433,0.9995754,-0.0149785,1,0.5,1,-5.960464E-08,2,0.225496,25.00002,-100.0001,0,0.5702536,0.1432208,0.9063275,0.3975656,0,0,0,-5.960464E-08,2,-0.225496,25.00002,-100.0001,0,0.4823676,0.1560338,0.9874107,-0.02595362,0,0,1
187,-0.1322627,1.517727,0.2253724,6.797054,-69.0948,-0.01711548,0.2297094,0.4620062,0.668385,0.5829339,1,0.5,0,-0.4625576,1.150999,-0.2311874,5.526464,-34.37194,-0.2830581,-0.3748597,0.05462071,0.9669055,-0.2492195,1,1,1,-0.517778,1.198856,0.2138404,9.621566,-33.28169,-0.4562395,-0.0504252,-0.1076242,0.3755913,0.9205152,1,1,0,-0.118375,1.51409,-0.2253698,6.46492,-69.75493,-0.004716219,0.09849817,0.5864979,0.8088408,-0.04238917,1,0.5,1,-5.960464E-08,2,0.225496,25.00002,-100.0001,0,0.6585668,0.4051495,0.8372415,0.3672606,0,0,0,-5.960464E-08,2,-0.225496,25.00002,-100.0001,0,0.5779054,0.4354675,0.8998937,-0.02365327,0,0,1
188,-0.2429448,1.563059,0.2225615,15.56003,-66.15073,0.01035706,0.3727458,0.6265128,0.6107835,0.4841748,1,0.5,0,-0.3450641,1.060185,-0.2069488,-4.180819,-35.94441,-0.1066216,-0.05425537,0.9975827,0.06771865,-0.01558926,1,1,1,-0.5160738,1.143661,0.2019841,9.340414,-32.28144,0.4137003,-0.0006018579,0.5479745,0.2275963,0.8049372,1,1,0,-0.1672571,1.528751,-0.2207108,9.751735,-68.06182,-0.06616044,0.2979071,0.7801337,0.6250742,-0.02595646,1,0.5,1,-5.960464E-08,2,0.225496,25.00002,-100.0001,0,0.8212202,0.5977287,0.73417,0.3220477,0,0,0,-5.960464E-08,2,-0.225496,25.00002,-100.0001,0,0.7510899,0.6312346,0.7753242,-0.02037902,0,0,1
189,0.05689915,1.503342,0.2200895,-1.489487,-77.89604,-0.03479795,0.63878,0.8313519,0.4156573,0.3688944,1,0.5,0,-0.05267132,1.000308,-0.2083821,-20.98047,-47.49559,0.2061524,0.3377248,0.9993216,-0.03544397,-0.01000573,1,1,1,0.15444,1.011518,0.1921253,-30.11908,-58.04607,-0.1227886,0.615616,0.9360459,-0.01656639,0.3514878,1,1,0,-0.04298319,1.501916,-0.2195901,2.969921,-73.01672,0.07202107,0.469657,0.8733445,0.4866839,-0.02020313,1,0.5,1,-5.960464E-08,2,0.225496,25.00002,-100.0001,0,0.8833802,0.6432272,0.7011813,0.307577,0,0,0,-5.960464E-08,2,-0.225496,25.00002,-100.0001,0,0.8165652,0.6758707,0.7367659,-0.01936554,0,0,1
190,0.1894794,1.537366,0.2251408,-7.649661,-86.3559,-0.001389534,0.5072746,0.7537513,0.5037019,0.4220704,1,0.5,0,0.469354,1.119966,-0.224209,-41.26794,-78.81641,0.1169399,0.5432775,0.9960046,0.08623441,-0.02320475,1,1,1,0.462074,1.116995,0.2266319,-42.09814,-78.82707,0.1228236,0.6199349,0.9213296,0.07767884,0.3809435,1,1,0,0.1986889,1.541085,-0.2258282,-7.418859,-86.79396,0.002662839,0.4232449,0.8323297,0.5535744,-0.02797551,1,0.5,1,-5.960464E-08,2,0.225496,25.00002,-100.0001,0,0.7027336,0.4737168,0.8064963,0.3537741,0,0,0,-5.960464E-08,2,-0.225496,25.00002,-100.0001,0,0.6252428,0.5063397,0.8620364,-0.02265821,0,0,1
191,0.1140562,1.513295,0.2214202,-5.357487,-81.43857,0.02217666,0.238702,0.4964894,0.6542494,0.5704875,1,0.5,0,0.4998217,1.138491,-0.178094,-44.08696,-82.58095,-0.1601272,0.260619,0.9893563,0.1426346,0.02880029,1,1,1,0.3165022,1.053036,0.2249969,-38.95469,-68.74457,0.04287438,0.2107362,0.800865,0.0324118,0.5979671,1,1,0,0.2012396,1.542289,-0.2200161,-8.36477,-87.37032,-0.008080157,0.1847652,0.6629151,0.7481237,-0.02923065,1,0.5,1,-5.960464E-08,2,0.225496,25.00002,-100.0001,0,0.5889469,0.2320604,0.8907691,0.3907408,0,0,0,-5.960464E-08,2,-0.225496,25.00002,-100.0001,0,0.5027007,0.2520208,0.9673877,-0.02542732,0,0,1
192,-0.01518859,1.500127,0.2242058,-0.2032391,-74.24653,-0.04358815,0.1384476,-0.1276856,0.7363593,0.6644332,1,0.5,0,0.180471,1.039109,-0.2081932,-31.08048,-60.5393,0.3435904,-0.3852053,0.9942886,0.07934848,-0.07137223,1,1,1,-0.003625142,0.9992306,0.2026081,-25.31871,-49.81186,-0.2562926,-0.09020239,-0.1707113,-0.07508425,0.9824561,1,1,0,-0.01369917,1.50018,-0.2264705,0.6711051,-74.32794,-0.05982073,-0.0223234,-0.1675425,0.9843062,-0.05541507,1,0.5,1,-5.960464E-08,2,0.225496,25.00002,-100.0001,0,0.5612952,-0.06250101,0.9139779,0.4009214,0,0,0,-5.960464E-08,2,-0.225496,25.00002,-100.0001,0,0.4725999,-0.06820072,0.9973271,-0.02621427,0,0,1
193,-0.03056694,1.500962,0.2197304,2.049097,-73.55199,0.02414585,0.2570924,-0.5528792,0.6220673,0.5543978,1,0.5,0,0.396294,1.13095,-0.1293232,-37.6884,-76.16704,-0.1519874,-0.3764904,0.06704205,0.8173434,0.572237,1,1,1,0.1649937,1.037727,0.2459124,-30.37335,-59.9261,0.1228996,-0.001366407,-0.4472623,0.01549664,0.8942686,1,1,0,0.07336593,1.505324,-0.2187447,-3.050463,-78.89413,-0.008629266,0.07033992,-0.5516846,0.833405,-0.03286585,1,0.5,1,-5.960464E-08,2,0.225496,25.00002,-100.0001,0,0.6280524,-0.3439679,0.8598894,0.3771952,0,0,0,-5.960464E-08,2,-0.225496,25.00002,-100.0001,0,0.5450383,-0.3712914,0.9281958,-0.02439718,0,0,1
194,0.2002865,1.541806,0.2236954,-7.160794,-86.78658,-0.008210543,0.3396832,-0.6114506,0.6095225,0.5045896,1,0.5,0,0.4041269,1.088166,-0.2300208,-41.54504,-75.03001,-0.02715887,-0.1835714,-0.9783703,0.1838219,-0.09487391,1,1,1,0.3801924,1.074113,0.2201053,-40.23612,-72.67794,0.04584866,0.03820932,-0.6196825,0.08196238,0.7805613,1,1,0,0.1782774,1.532809,-0.2266806,-7.238587,-85.53851,0.0150092,0.2349952,-0.7284862,0.6840981,-0.03630032,1,0.5,1,-5.960464E-08,2,0.225496,25.00002,-100.0001,0,0.7772357,-0.5587937,0.7594528,0.3331382,0,0,0,-5.960464E-08,2,-0.225496,25.00002,-100.0001,0,0.7045474,-0.5925141,0.8052819,-0.02116645,0,0,1
195,0.1258943,1.516248,0.2221138,-6.229866,-82.3121,0.004070254,0.5592893,-0.794038,0.4590327,0.3984877,1,0.5,0,0.03830874,1.001113,-0.1970827,-27.76923,-52.14207,-0.07647353,0.4291553,-0.9995117,-0.03108905,0.00313969,1,1,1,0.2175402,1.023587,0.2162114,-35.97501,-62.33444,0.1037553,0.3573089,-0.8742125,-0.007480365,0.485486,1,1,0,0.04788835,1.502274,-0.2218466,-3.402611,-77.64327,0.06544145,0.5335886,-0.8892531,0.4569268,-0.02113663,1,0.5,1,-5.960464E-08,2,0.225496,25.00002,-100.0001,0,0.9342442,-0.67423,0.6763146,0.2966692,0,0,0,-5.960464E-08,2,-0.225496,25.00002,-100.0001,0,0.8699123,-0.7058922,0.7080747,-0.01861141,0,0,1
196,-0.1777866,1.532722,0.2250272,10.01003,-67.54874,-0.001291931,0.5558106,-0.7818109,0.476148,0.4025601,1,0.5,0,-0.2167994,1.023829,-0.2149672,-13.63298,-40.24657,0.1303211,0.3646086,-0.9998247,-0.007137595,-0.01731098,1,1,1,-0.2694929,1.04051,0.2326007,-10.922,-38.19128,0.04874246,0.51411,-0.9043897,0.01036374,0.4265816,1,1,0,-0.135839,1.518785,-0.2237579,7.676317,-69.13599,0.04296677,0.4237653,-0.8481556,0.5291225,-0.02571855,1,0.5,1,-5.960464E-08,2,0.225496,25.00002,-100.0001,0,0.7415345,-0.5216591,0.7812914,0.3427178,0,0,0,-5.960464E-08,2,-0.225496,25.00002,-100.0001,0,0.6666238,-0.5551556,0.8314593,-0.02185451,0,0,1
197,-0.1458203,1.521882,0.222927,8.745402,-68.91014,0.005556645,0.3048427,-0.5919162,0.6111532,0.5254778,1,0.5,0,-0.3131813,1.061562,-0.236933,-6.239069,-37.3238,-0.1242452,0.1455908,-0.9971646,0.04888869,-0.05720802,1,1,1,-0.4513741,1.125043,0.1877133,4.189377,-33.80474,0.03017337,0.3779553,-0.8906527,0.1082547,0.4416094,1,1,0,-0.08212016,1.506839,-0.2232389,4.732899,-71.28608,-0.008784238,0.1310596,-0.6539782,0.7556167,-0.03682515,1,0.5,1,-5.960464E-08,2,0.225496,25.00002,-100.0001,0,0.6096081,-0.2979243,0.8741828,0.3834651,0,0,0,-5.960464E-08,2,-0.225496,25.00002,-100.0001,0,0.5251015,-0.3224843,0.946248,-0.02487167,0,0,1
198,-0.04441391,1.501932,0.225679,2.640572,-72.90813,-0.01532883,0.138293,-0.09263061,0.7393653,0.6669022,1,0.5,0,-0.1118313,1.005946,-0.2243564,-18.04551,-44.83048,-0.03018827,-0.3689087,-0.9653029,-0.1834926,-0.1857975,1,1,1,-0.08307906,1.003714,0.2256792,-18.99644,-46.20611,-0.06448629,-0.06244233,-0.2234919,-0.06007465,0.9728526,1,1,0,-0.06546011,1.504243,-0.2247697,3.447752,-71.93755,0.002098084,-0.01839083,-0.1664662,0.984705,-0.05143117,1,0.5,1,-5.960464E-08,2,0.225496,25.00002,-100.0001,0,0.5593224,-0.01388776,0.91568,0.4016681,0,0,0,-5.960464E-08,2,-0.225496,25.00002,-100.0001,0,0.4704468,-0.01515963,0.9995399,-0.02627243,0,0,1
199,0.01207584,1.50021,0.2212797,-0.6829079,-75.61064,-0.000612438,0.2066914,0.449349,0.6653683,0.5961296,1,0.5,0,-0.3841774,1.103525,-0.1412142,-1.387865,-35.31384,-0.2477312,-0.377298,-0.6414093,0.5992187,0.4790941,1,1,1,-0.1703624,1.032958,0.249518,-16.84871,-42.45716,0.4948924,-0.03060609,0.2878454,0.006300854,0.9576561,1,1,0,-0.09107367,1.508471,-0.2173895,5.058799,-70.8873,-0.04840793,0.02459961,0.4086957,0.9120685,-0.03314815,1,0.5,1,-5.960464E-08,2,0.225496,25.00002,-100.0001,0,0.6023895,0.2771028,0.8799071,0.3859761,0,0,0,-5.960464E-08,2,-0.225496,25.00002,-100.0001,0,0.5172834,0.3002852,0.9535202,-0.02506282,0,0,1
200,-0.2042362,1.543614,0.2215156,11.48913,-66.5821,-0.0707947,0.2896503,0.5403655,0.6504324,0.5338004,1,0.5,0,-0.4116647,1.100805,-0.2410526,1.222514,-34.96397,0.01828448,-0.2659519,0.936864,0.3025226,-0.1754025,1,1,1,-0.5449976,1.175062,0.1833271,10.65035,-31.69757,-0.3042483,-0.08123043,0.2052163,0.3463999,0.9153652,1,1,0,-0.1363865,1.518978,-0.2236651,7.553096,-69.06709,0.03803374,0.1958727,0.7106895,0.7026834,-0.03400782,1,0.5,1,-5.960464E-08,2,0.225496,25.00002,-100.0001,0,0.7328939,0.5117519,0.786767,0.3451197,0,0,0,-5.960464E-08,2,-0.225496,25.00002,-100.0001,0,0.6574241,0.5451207,0.8380681,-0.02202822,0,0,1
201,-0.162588,1.527214,0.2254626,10.37389,-68.55801,0.02381728,0.5220087,0.7681177,0.4865071,0.4163004,1,0.5,0,-0.1644727,1.016916,-0.2137843,-15.10124,-42.73463,-0.2636247,0.2833689,0.9997057,-0.01670244,-0.01759617,1,1,1,-0.235907,1.031898,0.2312697,-9.720258,-40.29801,-0.05522596,0.3321776,0.8552307,0.00228025,0.5182424,1,1,0,-0.1308605,1.517365,-0.2243803,7.796128,-69.44076,-0.03002958,0.4514203,0.8584539,0.5122501,-0.02562521,1,0.5,1,-5.960464E-08,2,0.225496,25.00002,-100.0001,0,0.9212368,0.6667509,0.6825044,0.2993843,0,0,0,-5.960464E-08,2,-0.225496,25.00002,-100.0001,0,0.856288,0.6986797,0.7151875,-0.01879836,0,0,1
202,0.2050047,1.544075,0.2217412,-7.295959,-87.12417,0.003194065,0.669468,0.8226286,0.4395801,0.3606266,1,0.5,0,0.1434612,1.013634,-0.1804261,-30.31574,-57.66014,0.1218997,0.4008557,0.9995989,-0.01816665,0.02172817,1,1,1,0.3445024,1.061794,0.2203727,-37.86915,-69.8569,0.04666599,0.679451,0.9339392,0.02695687,0.3564139,1,1,0,0.1226464,1.515206,-0.220547,-4.623152,-81.71678,0.01323671,0.50483,0.8754511,0.482874,-0.02044827,1,0.5,1,-5.960464E-08,2,0.225496,25.00002,-100.0001,0,0.8019395,0.5814656,0.7450425,0.326817,0,0,0,-5.960464E-08,2,-0.225496,25.00002,-100.0001,0,0.730711,0.6151184,0.7881625,-0.02071647,0,0,1
203,0.1770497,1.532309,0.2249469,-7.87628,-85.72004,0.004326554,0.4018925,0.6839616,0.5569497,0.4711725,1,0.5,0,0.4611939,1.11994,-0.2268616,-41.64408,-78.69881,0.08617867,0.4058803,0.9946171,0.09928511,-0.02965247,1,1,1,0.4605827,1.11865,0.2240902,-42.49773,-79.04157,0.1004972,0.499209,0.9011056,0.08872052,0.4244259,1,1,0,0.1796839,1.5334,-0.2259416,-7.599221,-85.76906,0.007176402,0.2986597,0.7756671,0.6303059,-0.03248135,1,0.5,1,-5.960464E-08,2,0.225496,25.00002,-100.0001,0,0.6469003,0.3834772,0.8457581,0.3709965,0,0,0,-5.960464E-08,2,-0.225496,25.00002,-100.0001,0,0.565356,0.4128293,0.910494,-0.0239319,0,0,1
204,0.004774693,1.500035,0.2219527,-0.5425141,-75.25102,-0.01265333,0.1434792,0.1908936,0.7304584,0.6557363,1,0.5,0,0.2867269,1.044523,-0.181965,-38.55096,-67.20607,-0.1570978,-0.09454995,0.9983678,0.03582012,0.04448142,1,1,1,0.1057397,1.008125,0.2295172,-31.38526,-55.97953,-0.1438901,-0.01517999,0.4616169,-0.04511939,0.8859312,1,1,0,0.09251197,1.508615,-0.2202312,-4.363203,-80.08485,0.01668111,0.02328092,0.4024097,0.9146429,-0.03866225,1,0.5,1,-5.960464E-08,2,0.225496,25.00002,-100.0001,0,0.5657794,0.1107746,0.9101323,0.3992346,0,0,0,-5.960464E-08,2,-0.225496,25.00002,-100.0001,0,0.4774912,0.1207799,0.9923366,-0.02608309,0,0,1
205,-0.05646637,1.503171,0.2208146,3.338566,-72.38305,0.1598925,0.1837467,-0.3772468,0.6920269,0.615454,1,0.5,0,0.2854384,1.058026,-0.1311435,-35.56231,-66.56477,0.005127491,-0.3878547,0.7487032,0.249911,0.6139935,1,1,1,0.02074798,1.007123,0.2302194,-24.34228,-51.18328,0.3472658,-0.03280169,-0.3868312,-0.04896529,0.9208496,1,1,0,0.05521357,1.503127,-0.2156903,-3.11079,-77.97786,-0.07920715,-0.004532933,-0.2951988,0.9549109,-0.03166772,1,0.5,1,-5.960464E-08,2,0.225496,25.00002,-100.0001,0,0.5782112,-0.1868604,0.8996385,0.3946314,0,0,0,-5.960464E-08,2,-0.225496,25.00002,-100.0001,0,0.4910311,-0.2032983,0.9787788,-0.02572673,0,0,1
206,0.1305076,1.517421,0.2249647,-4.716612,-82.15787,0.002474339,0.2521284,-0.5106662,0.6480561,0.5650162,1,0.5,0,0.4904345,1.153675,-0.2122001,-41.54452,-82.2616,-0.3204049,-0.3733984,-0.1908322,0.976881,-0.09636629,1,1,1,0.4223729,1.109984,0.2315045,-40.00097,-76.64016,-0.2653622,-0.05156019,-0.205649,0.1783597,0.962235,1,1,0,0.154059,1.52426,-0.2252809,-5.955125,-83.74944,-0.02207757,0.112305,-0.5888161,0.8072118,-0.041288,1,0.5,1,-5.960464E-08,2,0.225496,25.00002,-100.0001,0,0.6776054,-0.4369836,0.8237057,0.3613231,0,0,0,-5.960464E-08,2,-0.225496,25.00002,-100.0001,0,0.5983431,-0.4685186,0.8831487,-0.02321314,0,0,1
207,0.2359485,1.559312,0.2249394,-9.397748,-90.06673,0.01198575,0.4051265,-0.6615169,0.5847934,0.4694806,1,0.5,0,0.2894637,1.046233,-0.2072433,-38.41702,-67.13585,0.01515449,0.04553103,-0.999469,0.02975692,-0.0132775,1,1,1,0.3734962,1.078065,0.2346882,-40.37875,-72.89338,-0.101322,0.1355923,-0.7256361,0.07562266,0.6839104,1,1,0,0.1944282,1.539359,-0.2236248,-8.166286,-86.86718,-0.004321339,0.3185105,-0.7822463,0.6223003,-0.02886317,1,0.5,1,-5.960464E-08,2,0.225496,25.00002,-100.0001,0,0.8485844,-0.6189491,0.7192729,0.315513,0,0,0,-5.960464E-08,2,-0.225496,25.00002,-100.0001,0,0.7799543,-0.6521366,0.7578397,-0.01991945,0,0,1
208,-0.07108999,1.505083,0.2229336,2.902715,-71.58702,0.007362667,0.6131297,-0.8206586,0.4267991,0.37995,1,0.5,0,-0.1177128,1.015614,-0.2395962,-19.64594,-44.72412,-0.01519621,0.4610462,-0.9990388,-0.01496891,-0.04120113,1,1,1,-0.03174351,1.004162,0.2029767,-24.85108,-48.57604,0.05072655,0.462913,-0.9078215,-0.02683355,0.4184975,1,1,0,-0.1269755,1.516428,-0.2244745,6.41003,-69.28506,-0.01206026,0.5848587,-0.8935588,0.448379,-0.02256008,1,0.5,1,-5.960464E-08,2,0.225496,25.00002,-100.0001,0,0.8533666,-0.6224548,0.7167314,0.3143982,0,0,0,-5.960464E-08,2,-0.225496,25.00002,-100.0001,0,0.784992,-0.6555758,0.7548687,-0.01984136,0,0,1
209,-0.163971,1.52767,0.2247077,9.669124,-68.20918,-0.0141129,0.4475098,-0.7233312,0.5252396,0.4482357,1,0.5,0,-0.42799,1.113283,-0.2371416,1.750124,-33.9197,-0.1562536,0.4537518,-0.9954187,0.08732165,-0.0389426,1,1,1,-0.4503804,1.116325,0.2133422,2.683024,-32.85444,-0.171426,0.5595499,-0.9171562,0.08147332,0.3901111,1,1,0,-0.1333,1.518072,-0.225138,7.788168,-69.30444,-0.002904237,0.3169875,-0.8013493,0.5974048,-0.03076916,1,0.5,1,-5.960464E-08,2,0.225496,25.00002,-100.0001,0,0.6805919,-0.4416364,0.821622,0.360409,0,0,0,-5.960464E-08,2,-0.225496,25.00002,-100.0001,0,0.6015446,-0.4733284,0.8805819,-0.02314567,0,0,1
210,-0.1333957,1.518038,0.224812,7.665689,-69.26447,0.005144628,0.2283376,-0.4591391,0.6700717,0.5832624,1,0.5,0,-0.2696199,1.038247,-0.2244568,-8.400925,-38.91032,0.1627237,-0.02866036,-0.9984996,0.01749773,-0.05188785,1,1,1,-0.3808916,1.082714,0.2103767,-0.8480254,-35.63649,0.112892,0.214003,-0.8149884,0.07382847,0.5747548,1,1,0,-0.0989525,1.509808,-0.2246968,5.408637,-70.54738,-0.00197813,0.06639606,-0.5296031,0.8471241,-0.04360335,1,0.5,1,-5.960464E-08,2,0.225496,25.00002,-100.0001,0,0.578125,-0.1864465,0.8997104,0.3946629,0,0,0,-5.960464E-08,2,-0.225496,25.00002,-100.0001,0,0.4909372,-0.2028511,0.9788715,-0.02572917,0,0,1
211,0.03568277,1.501378,0.2130758,-0.3377973,-76.79227,-0.292688,0.1454753,0.2390552,0.7302799,0.6399561,1,0.5,0,-0.2300887,1.033125,-0.1827453,-12.88616,-39.9119,0.6827767,-0.3871619,-0.987851,0.02769622,0.1529158,1,1,1,0.02786563,0.9965706,0.1862759,-26.51096,-51.28218,-0.10034,-0.08553046,0.3534326,-0.08065569,0.9319764,1,1,0,-0.08138739,1.506592,-0.2223284,3.387829,-71.11679,0.2032415,-0.02143475,0.07780346,0.9958764,-0.04665704,1,0.5,1,-5.960464E-08,2,0.225496,25.00002,-100.0001,0,0.5658417,0.1112936,0.9100791,0.3992113,0,0,0,-5.960464E-08,2,-0.225496,25.00002,-100.0001,0,0.477559,0.1213445,0.9922678,-0.02608128,0,0,1
212,0.0418909,1.50183,0.2216728,-2.484738,-77.23352,0.02468825,0.2953972,0.6058571,0.593201,0.5301412,1,0.5,0,-0.3854694,1.138424,-0.1504697,0.9955097,-37.65615,-0.3986479,-0.3689151,0.4160419,0.827127,0.3778493,1,1,1,-0.2553988,1.102155,0.2798326,-8.151933,-41.99072,-0.09431694,0.01915842,0.3555896,0.1389839,0.9242508,1,1,0,-0.04588031,1.502129,-0.2206998,2.233236,-72.79176,-0.03945233,0.115361,0.640479,0.7672386,-0.03363844,1,0.5,1,-5.960464E-08,2,0.225496,25.00002,-100.0001,0,0.6469755,0.3836229,0.8457027,0.3709722,0,0,0,-5.960464E-08,2,-0.225496,25.00002,-100.0001,0,0.565437,0.4129818,0.9104248,-0.02393008,0,0,1
213,-0.2307853,1.5566,0.2211636,14.06644,-66.12627,0.01247898,0.3574916,0.6177572,0.6141173,0.4911577,1,0.5,0,-0.1965559,1.021403,-0.1854945,-12.93775,-41.40937,0.6041656,0.06420308,0.9995533,-0.01523703,0.02570967,1,1,1,-0.353096,1.069113,0.2347312,-3.53907,-35.78567,0.2962933,0.09708023,0.6823388,0.06550758,0.7280952,1,1,0,-0.1447938,1.521478,-0.2200681,8.101102,-68.77598,0.04064442,0.288071,0.7812915,0.6236466,-0.02546488,1,0.5,1,-5.960464E-08,2,0.225496,25.00002,-100.0001,0,0.8039625,0.5832276,0.7438866,0.32631,0,0,0,-5.960464E-08,2,-0.225496,25.00002,-100.0001,0,0.7328509,0.6168686,0.7867945,-0.02068052,0,0,1
214,-0.02509236,1.500582,0.2234866,2.675934,-73.88634,0.004054607,0.6009928,0.8181484,0.4274162,0.3846407,1,0.5,0,0.05330676,1.001888,-0.2215464,-27.17116,-52.74875,-0.34991,0.4798151,0.9993464,-0.0286907,-0.02199022,1,1,1,-0.0419242,1.000014,0.2192563,-21.57848,-47.99897,-0.1338147,0.4787909,0.9030976,-0.03063566,0.428341,1,1,0,0.01973996,1.500342,-0.2253192,-0.05019889,-75.99026,-0.04915448,0.5564265,0.8951005,0.4452199,-0.02396684,1,0.5,1,-5.960464E-08,2,0.225496,25.00002,-100.0001,0,0.9068328,0.6581222,0.6894922,0.3024496,0,0,0,-5.960464E-08,2,-0.225496,25.00002,-100.0001,0,0.8411868,0.6903348,0.7232403,-0.01901002,0,0,1
215,0.2045452,1.543652,0.2226912,-8.082189,-87.42787,-0.02650545,0.5459263,0.7716871,0.4910979,0.4041309,1,0.5,0,0.1833316,1.018042,-0.1913954,-32.7536,-60.12745,0.032755,0.2860522,0.9998244,-0.01521304,0.01094666,1,1,1,0.3596748,1.067094,0.2207522,-38.73507,-71.04347,-0.1651891,0.5508794,0.9156687,0.03529783,0.4003811,1,1,0,0.1316293,1.517717,-0.2214764,-6.108798,-82.57639,0.03501849,0.3817006,0.8327225,0.5531545,-0.0243579,1,0.5,1,-5.960464E-08,2,0.225496,25.00002,-100.0001,0,0.7186276,0.4944763,0.7959776,0.34916,0,0,0,-5.960464E-08,2,-0.225496,25.00002,-100.0001,0,0.6422155,0.5275559,0.849227,-0.02232152,0,0,1
216,0.04567903,1.502095,0.2250045,-2.652814,-77.44041,0.002970548,0.2149559,0.4589295,0.660314,0.5944486,1,0.5,0,0.2575021,1.057774,-0.2344848,-35.21091,-65.81374,0.09239022,0.04174989,0.9966543,0.05126693,-0.06365445,1,1,1,0.3183934,1.082124,0.211671,-37.68834,-70.35464,0.20248,0.2301952,0.8228329,0.07138401,0.5637821,1,1,0,0.02437773,1.500477,-0.2254747,-1.312026,-76.25241,-0.01726151,0.0622564,0.5456817,0.8367668,-0.04530795,1,0.5,1,-5.960464E-08,2,0.225496,25.00002,-100.0001,0,0.5962286,0.2576427,0.8848522,0.3881453,0,0,0,-5.960464E-08,2,-0.225496,25.00002,-100.0001,0,0.5106039,0.2794718,0.9598224,-0.02522847,0,0,1
217,0.0002660119,1.500078,0.2193802,-0.3128242,-75.01928,-0.06877634,0.130755,-0.05010155,0.7452626,0.6648861,1,0.5,0,0.1463212,1.011997,-0.2066824,-30.75817,-57.76656,0.4484149,-0.3839468,0.9862154,-0.155125,-0.05758034,1,1,1,-0.1068886,1.008612,0.1660239,-20.07584,-44.9507,-0.7069836,-0.1079741,-0.3539472,-0.05455715,0.9336728,1,1,0,0.0817202,1.50666,-0.2235935,-3.327426,-79.35265,0.06929862,-0.02015972,0.1038937,0.9933723,-0.04916942,1,0.5,1,-5.960464E-08,2,0.225496,25.00002,-100.0001,0,0.5596994,-0.03007256,0.9153541,0.4015252,0,0,0,-5.960464E-08,2,-0.225496,25.00002,-100.0001,0,0.4708585,-0.03282443,0.9991161,-0.02626128,0,0,1
218,0.1373119,1.51913,0.226199,-5.405389,-82.68716,0.0383191,0.1855155,-0.3230334,0.7135217,0.6217204,1,0.5,0,0.4398305,1.107871,-0.2124505,-40.95462,-76.90097,-0.1851761,-0.3868985,0.7168274,0.6885058,-0.1100826,1,1,1,0.3869012,1.085791,0.2349041,-37.91531,-72.58514,0.08145946,-0.06062949,0.06405739,0.1269805,0.9898347,1,1,0,0.1630419,1.527343,-0.2239725,-6.98208,-84.58906,-0.01691506,0.03500354,-0.3658189,0.9296068,-0.04480816,1,0.5,1,-5.960464E-08,2,0.225496,25.00002,-100.0001,0,0.6183262,-0.3207976,0.8673679,0.3804757,0,0,0,-5.960464E-08,2,-0.225496,25.00002,-100.0001,0,0.5345321,-0.3467812,0.9376222,-0.02464495,0,0,1
219,0.2503873,1.567145,0.2171721,-9.171766,-90.89504,0.009994213,0.3031479,-0.5318909,0.6688001,0.5194213,1,0.5,0,0.4564433,1.127159,-0.2457437,-41.80777,-79.47408,0.09680245,-0.2541723,-0.8995366,0.3952317,-0.1860803,1,1,1,0.644464,1.260053,0.1419212,-44.54756,-95.69309,0.1454257,-0.08656225,-0.08008552,0.5564392,0.8270198,1,1,0,0.144979,1.521605,-0.218818,-6.166604,-83.32121,0.001093746,0.2250429,-0.7345709,0.6780353,-0.02595432,1,0.5,1,-5.960464E-08,2,0.225496,25.00002,-100.0001,0,0.7573999,-0.5388695,0.7714334,0.3383935,0,0,0,-5.960464E-08,2,-0.225496,25.00002,-100.0001,0,0.6834939,-0.5725205,0.8196074,-0.02154298,0,0,1
220,0.08240976,1.50681,0.2247125,-4.642092,-79.61632,-0.02071411,0.6152108,-0.8198559,0.4275514,0.3808361,1,0.5,0,0.1871714,1.018346,-0.2266037,-34.68462,-60.51214,-0.01087115,0.3100713,-0.999357,-0.01438597,-0.03284113,1,1,1,0.1102709,1.006986,0.2175333,-32.67854,-56.18584,-0.1986899,0.4801321,-0.9044198,-0.02348058,0.425997,1,1,0,0.126946,1.516409,-0.2239002,-5.972714,-82.29199,0.02063812,0.4968324,-0.8725398,0.4879544,-0.02397619,1,0.5,1,-5.960464E-08,2,0.225496,25.00002,-100.0001,0,0.9544421,-0.685295,0.6669226,0.2925493,0,0,0,-5.960464E-08,2,-0.225496,25.00002,-100.0001,0,0.8910446,-0.7165276,0.6973178,-0.01832866,0,0,1
221,-0.1937744,1.539026,0.2231828,11.33092,-67.13262,0.03709944,0.5969973,-0.7974168,0.4640172,0.3857647,1,0.5,0,-0.3207582,1.053039,-0.2228286,-7.985531,-36.06069,-0.1066149,0.5022727,-0.9994763,0.02298638,-0.02277681,1,1,1,-0.4581984,1.112857,0.202484,2.720929,-32.28471,0.1976215,0.711036,-0.9406723,0.06841839,0.3323469,1,1,0,-0.1346884,1.518416,-0.2233776,6.769846,-68.95831,-0.0515558,0.4510139,-0.857693,0.5135742,-0.02458175,1,0.5,1,-5.960464E-08,2,0.225496,25.00002,-100.0001,0,0.7592435,-0.5407927,0.770304,0.3378981,0,0,0,-5.960464E-08,2,-0.225496,25.00002,-100.0001,0,0.6854525,-0.5744555,0.8182532,-0.02150739,0,0,1
222,-0.1816082,1.534046,0.2232894,11.02937,-67.73104,0.003510715,0.355006,-0.6382526,0.5895231,0.4950719,1,0.5,0,-0.5860205,1.196806,-0.1916848,14.17403,-30.48276,0.1797625,0.4646893,-0.9848996,0.1729114,0.008619553,1,1,1,-0.4426062,1.105421,0.2259615,3.156419,-33.57367,-0.1554646,0.4153737,-0.8812879,0.08239391,0.4653417,1,1,0,-0.2438222,1.563563,-0.2224295,15.57632,-66.10739,0.003649296,0.3091749,-0.7512886,0.6593915,-0.02771901,1,0.5,1,-5.960464E-08,2,0.225496,25.00002,-100.0001,0,0.6200525,-0.3250756,0.8660311,0.3798893,0,0,0,-5.960464E-08,2,-0.225496,25.00002,-100.0001,0,0.5363979,-0.3513145,0.9359342,-0.02460058,0,0,1
223,-0.03178556,1.501032,0.2248117,2.070374,-73.49734,0.02533124,0.1388162,-0.1187048,0.737351,0.6649982,1,0.5,0,-0.1795392,1.017328,-0.2183933,-13.01104,-42.34993,-0.1498737,-0.2753029,-0.9950472,-0.0563941,-0.0818583,1,1,1,-0.09456751,1.004385,0.2243291,-18.66015,-45.64125,0.01716913,-0.0528706,-0.3100054,-0.05728735,0.9490073,1,1,0,-0.05931405,1.503459,-0.2254062,4.040526,-72.34031,-0.01418815,-0.0147247,-0.2129906,0.9756505,-0.05235428,1,0.5,1,-5.960464E-08,2,0.225496,25.00002,-100.0001,0,0.5601355,-0.04154665,0.9149777,0.40136,0,0,0,-5.960464E-08,2,-0.225496,25.00002,-100.0001,0,0.4713344,-0.04534492,0.9986265,-0.02624842,0,0,1
224,0.09303501,1.508824,0.2168823,-4.521857,-80.14891,0.05045759,0.2355035,0.5048955,0.6510146,0.5667985,1,0.5,0,-0.3145152,1.089252,-0.1030523,-5.531744,-38.14626,-0.1275819,-0.3807524,-0.3035513,0.4968862,0.8129949,1,1,1,-0.06347668,1.032838,0.2667564,-20.82147,-48.45407,-0.2655746,0.01383471,0.4181125,0.005522975,0.9083785,1,1,0,-0.04101863,1.50181,-0.2132774,2.220752,-73.04386,-0.07564056,0.02829093,0.449182,0.8930867,-0.02513274,1,0.5,1,-5.960464E-08,2,0.225496,25.00002,-100.0001,0,0.5951748,0.2541305,0.8857036,0.3885188,0,0,0,-5.960464E-08,2,-0.225496,25.00002,-100.0001,0,0.5094608,0.2757089,0.9609093,-0.02525704,0,0,1
225,-0.09688395,1.509435,0.2235412,4.38658,-70.46568,0.03046618,0.3106826,0.614244,0.5913968,0.5224501,1,0.5,0,-0.4502789,1.118847,-0.1953526,3.588393,-33.69003,-0.5384582,-0.3302545,0.8516394,0.5234125,0.02737874,1,1,1,-0.3359323,1.068622,0.2379873,-5.319082,-36.69022,-0.3196367,0.01025301,0.5074121,0.07569167,0.8583727,1,1,0,-0.1567412,1.525219,-0.2231854,8.715057,-68.30804,-0.04929455,0.1615968,0.6621853,0.7485203,-0.03504456,1,0.5,1,-5.960464E-08,2,0.225496,25.00002,-100.0001,0,0.7148181,0.4896542,0.7984737,0.3502549,0,0,0,-5.960464E-08,2,-0.225496,25.00002,-100.0001,0,0.6381503,0.5226382,0.8522602,-0.02240125,0,0,1
226,-0.2088743,1.545845,0.2232691,13.29418,-67.11233,0.00599921,0.4740716,0.7285104,0.5295762,0.434536,1,0.5,0,-0.159674,1.018528,-0.1893687,-14.76307,-43.11386,0.05424472,0.2589828,0.9997876,-0.01511464,0.01400727,1,1,1,-0.3118036,1.055185,0.2336375,-6.21916,-37.41923,-0.2379046,0.2461575,0.8130885,0.0337534,0.5811608,1,1,0,-0.1413439,1.520477,-0.2218923,8.594357,-69.10709,-0.01183972,0.4192451,0.8454238,0.5335648,-0.02381555,1,0.5,1,-5.960464E-08,2,0.225496,25.00002,-100.0001,0,0.901992,0.6551361,0.6918729,0.3034939,0,0,0,-5.960464E-08,2,-0.225496,25.00002,-100.0001,0,0.8361081,0.6874411,0.7259893,-0.01908228,0,0,1
227,0.1015647,1.510455,0.2243462,-3.579092,-80.41743,0.02356471,0.581821,0.8055422,0.4441174,0.3922518,1,0.5,0,0.1319035,1.016776,-0.2342826,-29.99098,-57.32033,0.09508956,0.4025395,0.9991709,-0.01465213,-0.03798456,1,1,1,0.0742529,1.009237,0.212929,-26.74505,-54.01131,0.2018579,0.4399547,0.8980652,-0.02208953,0.4393073,1,1,0,0.129148,1.517053,-0.2257261,-5.10057,-82.18184,-0.007864091,0.5228137,0.8789828,0.4761896,-0.02515225,1,0.5,1,-5.960464E-08,2,0.225496,25.00002,-100.0001,0,0.8094558,0.5879447,0.740766,0.3249411,0,0,0,-5.960464E-08,2,-0.225496,25.00002,-100.0001,0,0.7386596,0.621549,0.7831048,-0.02058353,0,0,1
228,0.1575684,1.525496,0.2226084,-6.965154,-84.27729,-0.009649251,0.3868833,0.6788229,0.5586932,0.4765096,1,0.5,0,0.2974755,1.050611,-0.230123,-37.24591,-67.26513,-0.06807077,0.2428411,0.9987922,0.02774656,-0.0405511,1,1,1,0.4508007,1.118673,0.1884366,-41.14478,-78.00384,-0.2494753,0.4799248,0.9136099,0.0904896,0.3963943,1,1,0,0.09488498,1.508997,-0.2236079,-4.544198,-80.24921,-0.02179072,0.2217325,0.7473036,0.6636772,-0.03271003,1,0.5,1,-5.960464E-08,2,0.225496,25.00002,-100.0001,0,0.6486946,0.3869334,0.844437,0.370417,0,0,0,-5.960464E-08,2,-0.225496,25.00002,-100.0001,0,0.5672874,0.4164466,0.9088463,-0.02388859,0,0,1
229,0.09147259,1.50835,0.2245192,-4.30632,-80.02629,0.02775864,0.174993,0.319743,0.7086742,0.6289238,1,0.5,0,0.2030932,1.024883,-0.2321651,-34.70176,-61.72337,0.1651601,-0.1709393,0.9950897,-0.01554941,-0.09774835,1,1,1,0.263538,1.037331,0.214583,-37.65693,-65.54099,0.2511033,0.06779504,0.6831509,0.01291221,0.7301631,1,1,0,0.05040801,1.502606,-0.2246464,-2.222867,-77.6351,-0.0116773,0.00448513,0.346412,0.9368094,-0.0488545,1,0.5,1,-5.960464E-08,2,0.225496,25.00002,-100.0001,0,0.5664946,0.1165985,0.909522,0.3989668,0,0,0,-5.960464E-08,2,-0.225496,25.00002,-100.0001,0,0.4782709,0.1271137,0.9915457,-0.0260623,0,0,1
230,-0.03179735,1.501182,0.2094869,1.899903,-73.48892,0.08704145,0.1632159,-0.3377039,0.7104511,0.6174263,1,0.5,0,0.2903885,1.042499,-0.1443062,-36.64454,-66.36083,0.2971077,-0.386403,0.864594,0.1100312,0.4902757,1,1,1,-0.03282756,0.9981397,0.1676087,-22.61696,-48.29692,0.2974511,-0.06782338,-0.5206224,-0.07372054,0.8505983,1,1,0,0.1358112,1.519024,-0.208468,-5.970059,-82.7804,-0.0683457,-0.007665753,-0.1144793,0.9932768,-0.0171997,1,0.5,1,-5.960464E-08,2,0.225496,25.00002,-100.0001,0,0.576512,-0.1785148,0.9010585,0.3952543,0,0,0,-5.960464E-08,2,-0.225496,25.00002,-100.0001,0,0.4891821,-0.194275,0.9806085,-0.02577482,0,0,1
231,0.1011793,1.510433,0.225349,-3.76044,-80.43455,0.005258622,0.2647551,-0.5440537,0.6282185,0.5561898,1,0.5,0,0.4506873,1.148898,-0.2220121,-40.13322,-80.18119,-0.3367619,-0.3619728,-0.4822221,0.8614111,-0.1594764,1,1,1,0.4769521,1.179758,0.2271625,-38.8551,-82.42777,-0.4026645,-0.04555652,-0.08866891,0.3295412,0.9399683,1,1,0,0.1056815,1.511347,-0.225623,-4.511013,-80.80051,-0.007389489,0.1338281,-0.6493332,0.7594288,-0.04042585,1,0.5,1,-5.960464E-08,2,0.225496,25.00002,-100.0001,0,0.6787671,-0.4388035,0.8228939,0.360967,0,0,0,-5.960464E-08,2,-0.225496,25.00002,-100.0001,0,0.5995886,-0.4704006,0.8821483,-0.02318685,0,0,1
232,0.2292639,1.55574,0.2211914,-8.997352,-89.41613,0.01400561,0.4058303,-0.6685323,0.5803963,0.4649783,1,0.5,0,0.2561626,1.033316,-0.196667,-36.80275,-64.63345,-0.1250864,0.07869714,-0.999967,0.005730808,0.005759416,1,1,1,0.437158,1.099772,0.2109852,-43.28825,-77.5566,0.3265598,0.0761323,-0.6902627,0.1211037,0.7133522,1,1,0,0.1484775,1.522681,-0.2211572,-6.308586,-83.55315,-0.05552249,0.3451486,-0.8121213,0.5829514,-0.02503371,1,0.5,1,-5.960464E-08,2,0.225496,25.00002,-100.0001,0,0.8486683,-0.6190111,0.7192281,0.3154934,0,0,0,-5.960464E-08,2,-0.225496,25.00002,-100.0001,0,0.7800428,-0.6521975,0.7577874,-0.01991808,0,0,1
233,-0.08566148,1.507386,0.2218351,3.545373,-70.92177,-0.02737195,0.6277405,-0.8251611,0.4233122,0.3740533,1,0.5,0,-0.008527379,0.9991447,-0.2085777,-25.63072,-49.53611,0.2448619,0.3540342,-0.9992967,-0.03612881,-0.01004371,1,1,1,-0.1840954,1.01633,0.2064293,-16.8415,-41.31054,-0.1065553,0.6064428,-0.9300087,-0.01235466,0.3673297,1,1,0,-0.002265179,1.500011,-0.2213175,-0.6830975,-74.89208,0.0284426,0.4690531,-0.8742258,0.485021,-0.02199829,1,0.5,1,-5.960464E-08,2,0.225496,25.00002,-100.0001,0,0.8549221,-0.6235828,0.7159085,0.3140372,0,0,0,-5.960464E-08,2,-0.225496,25.00002,-100.0001,0,0.78663,-0.6566815,0.7539077,-0.0198161,0,0,1
234,-0.2280992,1.555017,0.2251991,14.36582,-66.45365,0.006274136,0.5118053,-0.7444138,0.5188912,0.420238,1,0.5,0,-0.3921905,1.08089,-0.2234514,-2.287956,-34.04357,-0.1508915,0.4190029,-0.9981395,0.0553752,-0.0255183,1,1,1,-0.4358944,1.100004,0.2250482,1.756445,-33.19503,-0.02117009,0.5531296,-0.9125155,0.06647279,0.4036049,1,1,0,-0.2167704,1.549354,-0.2257076,13.04627,-66.5068,-0.02422185,0.405961,-0.8188796,0.5732635,-0.02837608,1,0.5,1,-5.960464E-08,2,0.225496,25.00002,-100.0001,0,0.6822352,-0.4441609,0.8204799,0.359908,0,0,0,-5.960464E-08,2,-0.225496,25.00002,-100.0001,0,0.6033057,-0.4759358,0.8791763,-0.02310873,0,0,1
235,-0.04623059,1.502185,0.2218418,3.032659,-72.85615,-0.005990269,0.1822225,-0.3723203,0.6921271,0.6183347,1,0.5,0,-0.4205503,1.112574,-0.1732722,2.542434,-35.05801,0.09179268,0.134291,-0.9905941,0.1301834,0.04213804,1,1,1,-0.2371869,1.036943,0.2316839,-10.27038,-40.22605,0.07205907,0.1199919,-0.7176893,0.0111989,0.6962734,1,1,0,-0.1256148,1.516155,-0.2217909,7.530086,-69.64655,0.02234654,0.08988971,-0.5651725,0.8241453,-0.03694067,1,0.5,1,-5.960464E-08,2,0.225496,25.00002,-100.0001,0,0.5794061,-0.1924898,0.8986425,0.3941945,0,0,0,-5.960464E-08,2,-0.225496,25.00002,-100.0001,0,0.492331,-0.2093804,0.9774967,-0.02569303,0,0,1
236,0.06217412,1.504019,0.2154381,-2.267726,-78.22617,-0.154055,0.154703,0.2704558,0.7240215,0.6345443,1,0.5,0,-0.2191727,1.031805,-0.163124,-13.3762,-40.57249,0.6477284,-0.3893785,-0.9426607,0.01631536,0.3333535,1,1,1,0.04051056,0.9992385,0.204406,-27.61801,-51.98835,0.3729092,-0.06567171,0.3578047,-0.07082541,0.9311066,1,1,0,-0.05595041,1.503288,-0.219598,2.095992,-72.27243,0.195928,-0.02265313,0.123482,0.9914972,-0.04105608,1,0.5,1,-5.960464E-08,2,0.225496,25.00002,-100.0001,0,0.5654333,0.1078379,0.910428,0.3993643,0,0,0,-5.960464E-08,2,-0.225496,25.00002,-100.0001,0,0.4771137,0.1175852,0.9927199,-0.02609317,0,0,1
237,-0.04281612,1.501936,0.2223438,1.565516,-72.90939,0.01831353,0.2454118,0.527382,0.6331213,0.5665912,1,0.5,0,-0.456847,1.143697,-0.1657247,4.411759,-34.14396,-0.2368995,-0.3794216,-0.1734484,0.9429282,0.2842572,1,1,1,-0.3048966,1.075056,0.2532499,-7.103291,-38.19657,-0.03235341,-0.02604216,0.2764724,0.09506252,0.9563085,1,1,0,-0.1233681,1.515515,-0.2212242,6.444626,-69.48614,-0.0212811,0.07781702,0.5409408,0.8402582,-0.0367317,1,0.5,1,-5.960464E-08,2,0.225496,25.00002,-100.0001,0,0.645419,0.3805881,0.8468519,0.3714763,0,0,0,-5.960464E-08,2,-0.225496,25.00002,-100.0001,0,0.5637612,0.4098032,0.911859,-0.02396778,0,0,1
238,-0.2495847,1.56665,0.2244113,15.66483,-65.77102,-0.02689884,0.3479198,0.5906796,0.632902,0.5005324,1,0.5,0,-0.4046233,1.085357,-0.2213145,0.4455389,-34.4602,0.08696321,-0.149139,0.9856049,0.157774,-0.06074918,1,1,1,-0.4177972,1.094392,0.229368,0.8684832,-33.91079,0.07424954,0.04694617,0.6081702,0.1177293,0.7850279,1,1,0,-0.2130744,1.547722,-0.2247045,13.17846,-66.79032,0.002947451,0.2465929,0.7197485,0.6934459,-0.03308962,1,0.5,1,-5.960464E-08,2,0.225496,25.00002,-100.0001,0,0.7981131,0.5780956,0.7472386,0.3277804,0,0,0,-5.960464E-08,2,-0.225496,25.00002,-100.0001,0,0.7266625,0.6117685,0.7907637,-0.02078485,0,0,1
239,-0.04450563,1.501883,0.2222938,3.319077,-72.98783,-0.01827777,0.5907292,0.8142068,0.4326306,0.3871665,1,0.5,0,0.004970839,1.00009,-0.2225588,-24.02842,-50.23156,-0.2161496,0.4383039,0.9992027,-0.03187625,-0.02404211,1,1,1,-0.1415247,1.01011,0.2039074,-15.89123,-43.67265,-0.09455089,0.3884329,0.8903995,-0.02238808,0.4546291,1,1,0,0.03181922,1.501108,-0.2222048,-0.387117,-76.60015,0.003685804,0.5735507,0.8983312,0.4388316,-0.02068354,1,0.5,1,-5.960464E-08,2,0.225496,25.00002,-100.0001,0,0.9112625,0.660816,0.687328,0.3015002,0,0,0,-5.960464E-08,2,-0.225496,25.00002,-100.0001,0,0.8458325,0.6929427,0.7207437,-0.0189444,0,0,1
240,0.1760353,1.53204,0.2252416,-7.087777,-85.3624,-0.002380461,0.523805,0.7661735,0.4903665,0.415354,1,0.5,0,0.361295,1.068398,-0.2262558,-38.89214,-71.1675,-0.04881399,0.470787,0.9988514,0.03955399,-0.02704591,1,1,1,0.3553181,1.065132,0.2247056,-38.22796,-70.56256,-0.03313647,0.5537159,0.9145682,0.03334133,0.4030551,1,1,0,0.1530254,1.524019,-0.2251346,-6.64606,-83.91579,0.01203493,0.407976,0.8385711,0.5440885,-0.02768197,1,0.5,1,-5.960464E-08,2,0.225496,25.00002,-100.0001,0,0.721503,0.498056,0.7941039,0.348338,0,0,0,-5.960464E-08,2,-0.225496,25.00002,-100.0001,0,0.6452829,0.5312023,0.8469526,-0.02226174,0,0,1
241,0.1417726,1.520442,0.2244992,-6.145995,-83.14088,0.003676863,0.2812095,0.5573142,0.6277987,0.5433872,1,0.5,0,0.3434002,1.07226,-0.2313505,-39.22834,-71.13557,0.06347301,0.1391762,0.9966057,0.06611662,-0.04904826,1,1,1,0.4682587,1.141421,0.1964334,-41.81427,-80.85084,0.01228378,0.3660327,0.8797187,0.1286567,0.4577581,1,1,0,0.0979996,1.509719,-0.2241655,-4.554034,-80.41175,0.01197979,0.1197339,0.6318939,0.7740734,-0.03899341,1,0.5,1,-5.960464E-08,2,0.225496,25.00002,-100.0001,0,0.5991597,0.267119,0.8824925,0.3871102,0,0,0,-5.960464E-08,2,-0.225496,25.00002,-100.0001,0,0.5137826,0.2896148,0.9568129,-0.02514937,0,0,1
242,0.07018039,1.505004,0.2257917,-3.889384,-78.85737,-0.005077573,0.1391025,0.06108868,0.7432365,0.6662339,1,0.5,0,0.1396463,1.010011,-0.2173491,-30.42131,-57.30374,0.1262188,-0.3883108,0.9715155,-0.1789667,-0.1553335,1,1,1,0.0405581,1.005275,0.222492,-28.42144,-52.37516,-0.3196881,-0.0766803,0.02225183,-0.05840786,0.9980448,1,1,0,0.0452309,1.502059,-0.2244777,-2.372367,-77.38863,-0.03303142,-0.02709654,0.02979984,0.9982148,-0.0517605,1,0.5,1,-5.960464E-08,2,0.225496,25.00002,-100.0001,0,0.5596777,-0.02938489,0.9153729,0.4015334,0,0,0,-5.960464E-08,2,-0.225496,25.00002,-100.0001,0,0.4708348,-0.03207396,0.9991404,-0.02626193,0,0,1
243,-0.07057945,1.504957,0.2201297,3.957563,-71.75299,0.06109702,0.2613331,-0.5534355,0.6238495,0.5518343,1,0.5,0,0.3616683,1.124588,-0.1195587,-36.41207,-73.93652,-0.1879678,-0.3753547,0.08743971,0.7588558,0.645362,1,1,1,0.1562774,1.060801,0.2767628,-28.36728,-60.197,0.4051344,0.01582807,-0.377048,0.05971094,0.9242669,1,1,0,0.04040844,1.501644,-0.2167265,-2.03344,-77.11814,-0.01305193,0.06484646,-0.5494606,0.8349947,-0.02961241,1,0.5,1,-5.960464E-08,2,0.225496,25.00002,-100.0001,0,0.6157897,-0.3143687,0.8693397,0.3813407,0,0,0,-5.960464E-08,2,-0.225496,25.00002,-100.0001,0,0.5317895,-0.3399621,0.9401144,-0.02471046,0,0,1
244,0.189064,1.537264,0.2199365,-6.530816,-85.91138,-0.07428008,0.3153574,-0.5896494,0.6221365,0.5150336,1,0.5,0,0.2846021,1.044063,-0.2301326,-37.99316,-66.81784,0.2839306,-0.1133306,-0.9962953,0.03637049,-0.07792868,1,1,1,0.3938718,1.0782,0.2060102,-40.76682,-73.68108,0.03631265,-0.006719738,-0.5594532,0.09771299,0.8230822,1,1,0,0.1208671,1.514826,-0.2253368,-5.07139,-81.72515,0.04578086,0.2328492,-0.7490926,0.6615626,-0.03457303,1,0.5,1,-5.960464E-08,2,0.225496,25.00002,-100.0001,0,0.7532485,-0.5344823,0.7739888,0.3395145,0,0,0,-5.960464E-08,2,-0.225496,25.00002,-100.0001,0,0.6790823,-0.5681021,0.8226739,-0.02162359,0,0,1
245,0.1437727,1.521022,0.2232471,-7.172562,-83.58498,0.006435814,0.5657215,-0.7937208,0.460741,0.397146,1,0.5,0,0.0121348,1.007296,-0.1903175,-25.69958,-51.17043,-0.4415335,0.4778348,-0.9996814,-0.02321853,0.009901986,1,1,1,0.1497567,1.019874,0.238971,-32.80994,-58.83304,-0.1400024,0.4477512,-0.8862045,-0.01068386,0.4631711,1,1,0,0.07453449,1.505615,-0.2220009,-4.247761,-79.1341,-0.03490598,0.5315739,-0.8871139,0.4610576,-0.02132752,1,0.5,1,-5.960464E-08,2,0.225496,25.00002,-100.0001,0,0.9496105,-0.6827062,0.6691455,0.2935244,0,0,0,-5.960464E-08,2,-0.225496,25.00002,-100.0001,0,0.8859919,-0.7140431,0.69986,-0.01839548,0,0,1
246,-0.2040603,1.543543,0.2237706,12.00055,-66.81445,-0.02167598,0.6153029,-0.8022561,0.4604513,0.3799601,1,0.5,0,-0.1190242,1.021234,-0.1880815,-18.49015,-45.09658,0.1915269,0.3098577,-0.9998331,-0.01082449,0.01471682,1,1,1,-0.2748912,1.047246,0.2342506,-10.13432,-38.35432,-0.08224475,0.5588833,-0.9118941,0.01628698,0.4101025,1,1,0,-0.1448923,1.521555,-0.2226986,8.235359,-68.80663,0.023482,0.4697181,-0.861684,0.506905,-0.0234074,1,0.5,1,-5.960464E-08,2,0.225496,25.00002,-100.0001,0,0.7645203,-0.5462137,0.7670895,0.3364881,0,0,0,-5.960464E-08,2,-0.225496,25.00002,-100.0001,0,0.6910561,-0.5799041,0.8144035,-0.02140621,0,0,1
247,-0.09179542,1.508425,0.224331,5.668321,-70.96857,0.03193394,0.291115,-0.5887163,0.6047475,0.5363708,1,0.5,0,-0.2882762,1.060322,-0.2381621,-7.777815,-38.38364,0.04325064,0.1640144,-0.9973022,0.04566514,-0.05747182,1,1,1,-0.373495,1.094035,0.2034121,-1.099559,-36.04517,0.2184653,0.3517694,-0.8775167,0.07517914,0.4736166,1,1,0,-0.0546791,1.503088,-0.2251374,3.24041,-72.4577,0.0004008414,0.1388771,-0.6709052,0.7404985,-0.03934626,1,0.5,1,-5.960464E-08,2,0.225496,25.00002,-100.0001,0,0.6232915,-0.3329028,0.8635339,0.3787939,0,0,0,-5.960464E-08,2,-0.225496,25.00002,-100.0001,0,0.5398976,-0.3595998,0.9327844,-0.02451779,0,0,1
248,-0.002065932,1.500038,0.2234044,0.1703202,-74.89964,-0.03068076,0.1347314,-0.08152032,0.7405299,0.6670607,1,0.5,0,-0.1496895,1.010669,-0.2101695,-16.05135,-43.20508,-0.1259007,-0.2994399,-0.9940519,-0.0963832,-0.05070554,1,1,1,0.006893947,0.9997594,0.212555,-23.83755,-50.35321,-0.331849,-0.08413157,-0.1028778,-0.07271674,0.9920325,1,1,0,-0.0696626,1.504844,-0.2223931,3.544169,-71.73445,0.007119033,-0.009876877,-0.2434902,0.9688267,-0.0456888,1,0.5,1,-5.960464E-08,2,0.225496,25.00002,-100.0001,0,0.5603845,-0.0468487,0.9147627,0.4012657,0,0,0,-5.960464E-08,2,-0.225496,25.00002,-100.0001,0,0.4716061,-0.0511294,0.9983472,-0.02624108,0,0,1
249,-0.1001399,1.510107,0.2220321,4.862226,-70.38284,0.06333517,0.160146,0.2497337,0.7272737,0.6393011,1,0.5,0,-0.3762434,1.072286,-0.2004011,-3.524065,-34.41614,-0.1162872,-0.3809906,-0.9347395,0.3553177,-0.0033704,1,1,1,-0.180572,1.016111,0.2020232,-17.61319,-41.41413,0.6444337,-0.08897236,0.2054087,-0.03378994,0.9780928,1,1,0,-0.1822291,1.534501,-0.2207079,10.72031,-67.56366,-0.05202445,0.01166487,0.1617691,0.9859984,-0.04047168,1,0.5,1,-5.960464E-08,2,0.225496,25.00002,-100.0001,0,0.5918666,0.2427041,0.8883871,0.3896959,0,0,0,-5.960464E-08,2,-0.225496,25.00002,-100.0001,0,0.5058707,0.2634539,0.9643389,-0.02534719,0,0,1
250,-0.2325342,1.557399,0.2202305,14.18275,-66.07529,-0.06027298,0.2605345,0.4623944,0.693458,0.5525463,1,0.5,0,-0.4821556,1.149143,-0.247673,6.72843,-33.43284,-0.1272142,-0.3360454,0.6224008,0.7266845,-0.2907697,1,1,1,-0.6461222,1.279993,0.1514415,21.0015,-31.51882,-0.3929251,-0.06429145,-0.1421161,0.5737622,0.8065978,1,1,0,-0.1460005,1.521735,-0.2208519,8.479763,-68.82019,0.02901257,0.1589822,0.6649656,0.7462034,-0.03164265,1,0.5,1,-5.960464E-08,2,0.225496,25.00002,-100.0001,0,0.7096438,0.4829529,0.8018891,0.3517531,0,0,0,-5.960464E-08,2,-0.225496,25.00002,-100.0001,0,0.6326258,0.5157934,0.8564172,-0.02251052,0,0,1
251,-0.1470098,1.522003,0.2259335,9.037841,-68.94762,-0.01955033,0.5022933,0.7605584,0.4908776,0.4249589,1,0.5,0,-0.2790196,1.039545,-0.2234323,-7.980408,-38.32874,-0.0988685,0.1308005,0.9991952,0.01513152,-0.0371469,1,1,1,-0.3295696,1.05653,0.2244701,-3.500123,-37.2256,0.08835349,0.2190136,0.8063031,0.03689814,0.5903506,1,1,0,-0.1460634,1.521812,-0.2250484,8.482201,-68.8089,-0.02671332,0.4083259,0.8402812,0.541449,-0.02757647,1,0.5,1,-5.960464E-08,2,0.225496,25.00002,-100.0001,0,0.895993,0.6513732,0.6948461,0.3047981,0,0,0,-5.960464E-08,2,-0.225496,25.00002,-100.0001,0,0.8298119,0.6837903,0.7294267,-0.01917263,0,0,1
252,0.1570853,1.525494,0.219036,-5.694319,-83.85294,-0.01520292,0.6409501,0.8225036,0.4342822,0.3672694,1,0.5,0,0.1669524,1.013507,-0.2143361,-30.98456,-58.76028,-0.02616123,0.4485545,0.9997346,-0.01738785,-0.01511359,1,1,1,0.3669969,1.069624,0.1859119,-38.45774,-71.32979,0.08727688,0.7121053,0.9473988,0.03269031,0.3183815,1,1,0,0.05427685,1.503107,-0.2193239,-1.694068,-77.78111,0.003124775,0.4604562,0.8700314,0.4925856,-0.0201195,1,0.5,1,-5.960464E-08,2,0.225496,25.00002,-100.0001,0,0.8162278,0.5936284,0.7369547,0.3232692,0,0,0,-5.960464E-08,2,-0.225496,25.00002,-100.0001,0,0.7458165,0.6271792,0.7786061,-0.02046529,0,0,1
253,0.199955,1.541845,0.223916,-8.127001,-87.18499,-0.02724306,0.4351701,0.7035252,0.5473281,0.4533036,1,0.5,0,0.5575833,1.172208,-0.2122548,-43.78274,-86.1574,0.1688883,0.5255257,0.9902668,0.138668,-0.01194981,1,1,1,0.5033398,1.142516,0.2344755,-43.39159,-82.50119,0.05312788,0.5609088,0.9061104,0.1060567,0.4095314,1,1,0,0.2448978,1.564212,-0.2241663,-8.889205,-90.36575,0.01823828,0.383163,0.7958423,0.6048852,-0.02736334,1,0.5,1,-5.960464E-08,2,0.225496,25.00002,-100.0001,0,0.6539824,0.3968523,0.8405676,0.3687196,0,0,0,-5.960464E-08,2,-0.225496,25.00002,-100.0001,0,0.5729765,0.4268133,0.9040275,-0.02376193,0,0,1
254,0.06451278,1.504286,0.2227855,-3.537607,-78.50742,0.01098812,0.167942,0.3084683,0.7100701,0.6329674,1,0.5,0,0.3549131,1.066219,-0.1957674,-41.11884,-71.74268,-0.2485522,-0.002223164,0.9973131,0.07276224,0.008503038,1,1,1,0.202128,1.02162,0.2261467,-35.28225,-61.49263,-0.04895629,0.04751205,0.627665,-0.01530592,0.778333,1,1,0,0.1399628,1.52013,-0.2216014,-6.733054,-83.22015,-0.04035757,0.06562376,0.4976612,0.8665304,-0.03819031,1,0.5,1,-5.960464E-08,2,0.225496,25.00002,-100.0001,0,0.5686332,0.1324366,0.9077018,0.3981684,0,0,0,-5.960464E-08,2,-0.225496,25.00002,-100.0001,0,0.480602,0.1443257,0.9891886,-0.02600035,0,0,1
255,-0.1061267,1.511416,0.2180029,5.811096,-70.25063,0.01732037,0.1997705,-0.4121753,0.6879629,0.5973429,1,0.5,0,0.2472807,1.048892,-0.1091929,-34.53537,-64.84373,0.510802,-0.3867518,0.5737787,0.1668157,0.8018419,1,1,1,-0.002412716,1.022845,0.2652324,-23.1867,-50.76794,0.6438913,0.0006113052,-0.368977,-0.01429289,0.9293287,1,1,0,0.03241232,1.501131,-0.2106077,-1.257782,-76.65894,0.1374603,-0.005486369,-0.3031039,0.9527161,-0.02145084,1,0.5,1,-5.960464E-08,2,0.225496,25.00002,-100.0001,0,0.5747936,-0.1696153,0.9024991,0.3958862,0,0,0,-5.960464E-08,2,-0.225496,25.00002,-100.0001,0,0.4873117,-0.1846442,0.9824661,-0.02582365,0,0,1
256,0.02625499,1.500706,0.2210238,-0.6010144,-76.31922,0.004059078,0.2889634,-0.5993991,0.596613,0.5336418,1,0.5,0,0.4529173,1.140114,-0.1506497,-40.14778,-79.64825,-0.3140928,-0.3707759,-0.3578406,0.8521177,0.3818974,1,1,1,0.2804407,1.069461,0.2599975,-34.61802,-67.34058,-0.08296522,0.01087433,-0.4281253,0.07724282,0.9004123,1,1,0,0.1236212,1.515603,-0.2190573,-4.856277,-81.82256,-0.02356024,0.1141676,-0.6114581,0.7906681,-0.03102941,1,0.5,1,-5.960464E-08,2,0.225496,25.00002,-100.0001,0,0.6709428,-0.4262881,0.8283926,0.363379,0,0,0,-5.960464E-08,2,-0.225496,25.00002,-100.0001,0,0.5911967,-0.4574418,0.8889326,-0.02336517,0,0,1
257,0.2462757,1.564782,0.2234103,-9.069533,-90.55156,0.001142174,0.3880655,-0.6403536,0.6021875,0.4767782,1,0.5,0,0.3030668,1.047949,-0.2060679,-38.89738,-67.90148,0.2358952,0.01223528,-0.9993157,0.03504028,-0.01184584,1,1,1,0.3626193,1.077338,0.2399289,-39.49593,-72.03933,0.113532,0.1327581,-0.7148582,0.0748116,0.6952561,1,1,0,0.1865031,1.536115,-0.2226509,-7.731082,-86.22015,0.0374146,0.3072255,-0.778529,0.626981,-0.02806015,1,0.5,1,-5.960464E-08,2,0.225496,25.00002,-100.0001,0,0.8364481,-0.6097893,0.7258047,0.3183782,0,0,0,-5.960464E-08,2,-0.225496,25.00002,-100.0001,0,0.7671609,-0.643132,0.765491,-0.02012056,0,0,1
258,0.004617819,1.499991,0.2214047,-1.489672,-75.27221,0.0174746,0.5653422,-0.8055481,0.4411646,0.395558,1,0.5,0,-0.05149285,1.003718,-0.2308721,-23.09279,-47.49417,-0.2582655,0.4151936,-0.9990182,-0.0287175,-0.03373287,1,1,1,0.08096601,1.003814,0.2001551,-30.3605,-54.3455,-0.05526619,0.3786795,-0.8897854,-0.02980153,0.4554051,1,1,0,-0.07189284,1.505276,-0.222997,3.016922,-71.55787,-0.05780759,0.5488424,-0.8911682,0.453143,-0.02192603,1,0.5,1,-5.960464E-08,2,0.225496,25.00002,-100.0001,0,0.8661534,-0.6315559,0.710023,0.3114555,0,0,0,-5.960464E-08,2,-0.225496,25.00002,-100.0001,0,0.7984523,-0.6644851,0.7470434,-0.01963568,0,0,1
259,-0.1824643,1.534466,0.2233202,10.93062,-67.63089,-0.01654998,0.4839256,-0.7429857,0.5127078,0.430236,1,0.5,0,-0.2990515,1.045817,-0.2250217,-8.231027,-37.16867,-0.09745289,0.3481466,-0.9993908,0.01864909,-0.02950159,1,1,1,-0.388519,1.078284,0.2157968,-2.763094,-34.02611,-0.2312475,0.5263381,-0.9130494,0.04704533,0.4051266,1,1,0,-0.1200755,1.51476,-0.2228293,7.064468,-69.81141,0.01870618,0.3262033,-0.8093091,0.5867327,-0.02763155,1,0.5,1,-5.960464E-08,2,0.225496,25.00002,-100.0001,0,0.6928477,-0.4598897,0.8131803,0.356706,0,0,0,-5.960464E-08,2,-0.225496,25.00002,-100.0001,0,0.6146698,-0.4921443,0.8702131,-0.02287313,0,0,1
260,-0.1174372,1.51395,0.2227308,6.660279,-69.85237,0.01049787,0.2293994,-0.4731696,0.6634911,0.5795602,1,0.5,0,-0.279451,1.05585,-0.2438262,-7.75738,-39.04476,0.02671183,0.00968945,-0.9950045,0.05071774,-0.08598601,1,1,1,-0.3970128,1.097922,0.189542,0.6232979,-35.62793,0.1792111,0.2393328,-0.8449581,0.09186964,0.5268831,1,1,0,-0.05334438,1.502935,-0.2235225,2.873186,-72.48849,0.004541131,0.05063862,-0.5103832,0.8588853,-0.04271849,1,0.5,1,-5.960464E-08,2,0.225496,25.00002,-100.0001,0,0.5834165,-0.2101615,0.8953162,0.3927354,0,0,0,-5.960464E-08,2,-0.225496,25.00002,-100.0001,0,0.4966917,-0.2284482,0.97322,-0.02558062,0,0,1
261,-0.009984475,1.50004,0.2201155,1.451175,-74.53845,-0.1145125,0.1364294,0.1370512,0.7385576,0.6601133,1,0.5,0,-0.203098,1.021496,-0.1980301,-14.71164,-40.73382,0.5344408,-0.3937507,-0.9966193,-0.08003961,0.01854039,1,1,1,0.04571131,1.001124,0.1785273,-26.34417,-52.37134,-0.5486804,-0.09436142,0.3523313,-0.07118668,0.9331641,1,1,0,-0.08985747,1.508024,-0.2233308,4.482737,-70.83861,0.09048436,-0.02135101,0.01535652,0.9986933,-0.04874298,1,0.5,1,-5.960464E-08,2,0.225496,25.00002,-100.0001,0,0.5636714,0.09138893,0.911936,0.4000258,0,0,0,-5.960464E-08,2,-0.225496,25.00002,-100.0001,0,0.4751922,0.09968065,0.9946759,-0.02614458,0,0,1
262,-0.005566921,1.500124,0.2238237,-0.1941956,-74.71686,0.02610536,0.2533257,0.5422361,0.624065,0.5626035,1,0.5,0,-0.4286748,1.154179,-0.1688866,3.751704,-35.94824,-0.4180448,-0.3711497,-0.1135233,0.9637454,0.2414691,1,1,1,-0.3243831,1.116417,0.2683408,-4.415792,-38.83815,-0.08908961,-0.01538596,0.1850219,0.1783222,0.9664202,1,1,0,-0.07374732,1.505515,-0.2218816,3.919114,-71.57672,-0.04476534,0.08514756,0.5815628,0.8126416,-0.03739508,1,0.5,1,-5.960464E-08,2,0.225496,25.00002,-100.0001,0,0.6372697,0.3640713,0.8529201,0.3741381,0,0,0,-5.960464E-08,2,-0.225496,25.00002,-100.0001,0,0.5549814,0.3924688,0.9194478,-0.02416724,0,0,1
263,-0.2474123,1.565457,0.2185683,15.40933,-65.78451,0.04695358,0.3366524,0.5831906,0.6399995,0.5002894,1,0.5,0,-0.3097062,1.047615,-0.2014532,-6.220293,-37.26963,0.5729059,-0.07399929,0.999139,0.04134876,-0.003411241,1,1,1,-0.5081697,1.137408,0.193434,7.627261,-31.64914,0.2553397,-0.03316694,0.4866202,0.230077,0.8427724,1,1,0,-0.1434526,1.521177,-0.2179141,8.150771,-68.85143,0.09329174,0.2693545,0.76933,0.6384272,-0.02328455,1,0.5,1,-5.960464E-08,2,0.225496,25.00002,-100.0001,0,0.7894465,0.5702757,0.752261,0.3299834,0,0,0,-5.960464E-08,2,-0.225496,25.00002,-100.0001,0,0.7174873,0.6039816,0.7967231,-0.02094148,0,0,1
264,-0.05287257,1.502916,0.2247515,4.199399,-72.68163,-0.02068431,0.6001563,0.8161852,0.4298624,0.3860829,1,0.5,0,-0.04018133,1.003508,-0.2281946,-22.02727,-48.25917,-0.139805,0.4114441,0.9990987,-0.02906583,-0.03093399,1,1,1,-0.04720441,1.001504,0.2228071,-20.76532,-47.88717,-0.09883124,0.498033,0.9053804,-0.02855207,0.4236404,1,1,0,-0.05777301,1.503312,-0.2262334,3.894863,-72.39442,-0.02014861,0.5110472,0.8832732,0.4681401,-0.02594679,1,0.5,1,-5.960464E-08,2,0.225496,25.00002,-100.0001,0,0.9233676,0.667996,0.6814826,0.2989361,0,0,0,-5.960464E-08,2,-0.225496,25.00002,-100.0001,0,0.8585207,0.6998817,0.7140121,-0.01876746,0,0,1
265,0.2422329,1.562588,0.2211908,-8.758815,-90.11633,-0.01109839,0.6011169,0.7872345,0.4836798,0.3825123,1,0.5,0,0.234666,1.029965,-0.1850819,-34.14754,-63.10115,-0.1043253,0.3593999,0.9998494,-4.092011E-05,0.01735871,1,1,1,0.4214553,1.093403,0.2204762,-40.65061,-75.4075,0.02122075,0.629186,0.9263839,0.05614909,0.372371,1,1,0,0.1606614,1.526457,-0.2207952,-6.590963,-84.31882,0.01404137,0.4292707,0.8450345,0.5342433,-0.02237796,1,0.5,1,-5.960464E-08,2,0.225496,25.00002,-100.0001,0,0.7296658,0.5079464,0.7888325,0.3460257,0,0,0,-5.960464E-08,2,-0.225496,25.00002,-100.0001,0,0.6539849,0.5412587,0.8405658,-0.02209387,0,0,1
266,0.09821808,1.509623,0.2253438,-5.062214,-80.53601,-0.003713371,0.257269,0.5323263,0.6333584,0.5616813,1,0.5,0,0.4141062,1.108751,-0.2139606,-40.37988,-76.08688,0.215947,0.2234371,0.99387,0.1088572,-0.01929754,1,1,1,0.3711569,1.090359,0.2345657,-39.95111,-73.37257,0.1408868,0.3059394,0.8388386,0.07489288,0.5392039,1,1,0,0.1207979,1.514829,-0.2250964,-5.61447,-81.8672,0.009767715,0.1456813,0.6592945,0.7508795,-0.03886812,1,0.5,1,-5.960464E-08,2,0.225496,25.00002,-100.0001,0,0.6022291,0.2766177,0.880035,0.3860323,0,0,0,-5.960464E-08,2,-0.225496,25.00002,-100.0001,0,0.5171098,0.2997672,0.953683,-0.0250671,0,0,1
267,-0.02573642,1.500657,0.2210217,1.113189,-73.73259,0.0008054081,0.132839,-0.06530364,0.7437233,0.6652903,1,0.5,0,0.1185867,1.001965,-0.2135047,-31.85224,-56.36366,-0.3907496,-0.3924055,0.9572641,-0.2605598,-0.125515,1,1,1,-0.06825403,1.001449,0.2044112,-22.80555,-46.5848,-0.131888,-0.08600312,-0.202524,-0.06896339,0.976846,1,1,0,0.06204454,1.503984,-0.2212924,-3.218415,-78.33529,-0.02495722,-0.02326891,0.09744335,0.9942384,-0.04466325,1,0.5,1,-5.960464E-08,2,0.225496,25.00002,-100.0001,0,0.5593349,-0.01471709,0.9156691,0.4016633,0,0,0,-5.960464E-08,2,-0.225496,25.00002,-100.0001,0,0.4704605,-0.01606487,0.9995257,-0.02627205,0,0,1
268,0.006446746,1.50014,0.2228588,0.2128581,-75.32825,0.03572182,0.2104678,-0.4559229,0.6617332,0.5951837,1,0.5,0,0.3978564,1.122874,-0.1713619,-38.06975,-75.62376,-0.2463007,-0.3816748,0.5703862,0.7849088,0.2420285,1,1,1,0.257523,1.066634,0.2535332,-32.94158,-65.57938,0.1064375,-0.0391959,-0.1580765,0.07949931,0.9842213,1,1,0,0.07759301,1.506172,-0.2223326,-3.414383,-79.15785,-0.01940802,0.03956723,-0.4684722,0.8825081,-0.04138988,1,0.5,1,-5.960464E-08,2,0.225496,25.00002,-100.0001,0,0.6095443,-0.2977487,0.8742331,0.3834872,0,0,0,-5.960464E-08,2,-0.225496,25.00002,-100.0001,0,0.5250326,-0.3222974,0.9463116,-0.02487335,0,0,1
269,0.250176,1.567049,0.2217062,-8.627954,-90.56741,-0.01507104,0.2933486,-0.5091222,0.6769393,0.5315523,1,0.5,0,0.4508586,1.110893,-0.2319855,-42.50221,-78.51508,0.2078378,-0.2789372,-0.9193259,0.36593,-0.1446895,1,1,1,0.4910344,1.127338,0.2169685,-43.26654,-80.9738,0.1651176,-0.04182571,-0.3558755,0.2124477,0.9100652,1,1,0,0.1847012,1.535416,-0.2234393,-7.320922,-85.94231,0.04964622,0.1901583,-0.6801137,0.7323195,-0.03396226,1,0.5,1,-5.960464E-08,2,0.225496,25.00002,-100.0001,0,0.7449007,-0.5254133,0.7791788,0.3417911,0,0,0,-5.960464E-08,2,-0.225496,25.00002,-100.0001,0,0.6702055,-0.5589509,0.8289145,-0.02178762,0,0,1
270,0.1180135,1.514116,0.2248872,-6.06298,-81.83335,0.02304838,0.5704229,-0.7986855,0.4522664,0.3969339,1,0.5,0,0.1187385,1.006929,-0.2156201,-31.65498,-56.49823,-0.04939886,0.3546605,-0.9994685,-0.02699482,-0.01827643,1,1,1,0.2221293,1.024955,0.2229128,-36.45179,-62.72882,0.09147231,0.361745,-0.8712733,-0.005854327,0.4907633,1,1,0,0.07859933,1.506115,-0.2242948,-4.777595,-79.45246,0.04192592,0.5134739,-0.8824553,0.4697849,-0.02397179,1,0.5,1,-5.960464E-08,2,0.225496,25.00002,-100.0001,0,0.9382521,-0.6764773,0.67443,0.2958424,0,0,0,-5.960464E-08,2,-0.225496,25.00002,-100.0001,0,0.8741077,-0.7080557,0.7059128,-0.01855458,0,0,1
271,-0.1811264,1.533919,0.2255415,10.18363,-67.43439,0.005922469,0.6093657,-0.8040673,0.4542408,0.3835899,1,0.5,0,-0.2508891,1.033575,-0.2184912,-11.87539,-38.96315,0.125739,0.4619518,-0.9998084,0.003716493,-0.01922256,1,1,1,-0.3189144,1.05292,0.2269252,-7.86017,-36.25019,0.06766546,0.6150173,-0.9235666,0.02055564,0.3828866,1,1,0,-0.1628844,1.527322,-0.2250372,9.409974,-68.17986,0.02190919,0.5056924,-0.868817,0.4945069,-0.02489552,1,0.5,1,-5.960464E-08,2,0.225496,25.00002,-100.0001,0,0.7756549,-0.5572654,0.7603939,0.333551,0,0,0,-5.960464E-08,2,-0.225496,25.00002,-100.0001,0,0.702871,-0.5909847,0.8064042,-0.02119595,0,0,1
272,-0.1616366,1.526741,0.2245418,9.757745,-68.3739,0.008092823,0.3569647,-0.6469789,0.5796512,0.4954017,1,0.5,0,-0.3945503,1.095776,-0.2328317,-0.3346474,-35.06992,0.01914576,0.2907764,-0.9956694,0.083179,-0.04151835,1,1,1,-0.5126826,1.171067,0.1957495,9.465351,-32.95992,0.05516561,0.4982079,-0.9071097,0.1413204,0.39646,1,1,0,-0.1170628,1.513795,-0.2240076,6.772716,-69.90192,-0.006349387,0.2032749,-0.7249859,0.6879172,-0.03413689,1,0.5,1,-5.960464E-08,2,0.225496,25.00002,-100.0001,0,0.6297082,-0.3477018,0.858629,0.3766424,0,0,0,-5.960464E-08,2,-0.225496,25.00002,-100.0001,0,0.5468255,-0.3752312,0.9266112,-0.02435553,0,0,1
273,-0.08134496,1.50656,0.2260595,4.70417,-71.31343,0.00440106,0.1560993,-0.2251941,0.7263538,0.6493826,1,0.5,0,-0.1359427,1.008885,-0.2239031,-16.43102,-43.84545,0.01768843,-0.2951545,-0.987805,-0.103078,-0.1166883,1,1,1,-0.131339,1.00932,0.2270401,-16.13209,-44.1552,0.01605005,-0.02894428,-0.4197884,-0.04390078,0.9065596,1,1,0,-0.07403219,1.505505,-0.2248733,4.103535,-71.58868,0.001665205,-0.003566742,-0.2828918,0.9578423,-0.05010405,1,0.5,1,-5.960464E-08,2,0.225496,25.00002,-100.0001,0,0.5612997,-0.06256928,0.9139739,0.4009197,0,0,0,-5.960464E-08,2,-0.225496,25.00002,-100.0001,0,0.4726048,-0.06827516,0.9973221,-0.02621413,0,0,1
274,0.06949191,1.50483,0.2197223,-3.057053,-78.69855,-0.02701358,0.210687,0.4525608,0.6681287,0.5905867,1,0.5,0,-0.3141845,1.081924,-0.1168195,-5.900069,-37.74952,-0.1262662,-0.3839613,-0.5347118,0.4474733,0.716834,1,1,1,-0.05127706,1.017305,0.2432457,-23.28712,-47.86253,0.6334419,-0.01320153,0.4126146,-0.02607797,0.9105324,1,1,0,-0.04913099,1.502633,-0.2149057,2.799875,-72.69522,-0.04894959,0.01460266,0.3944912,0.9184431,-0.02896547,1,0.5,1,-5.960464E-08,2,0.225496,25.00002,-100.0001,0,0.588816,0.23157,0.8908762,0.3907878,0,0,0,-5.960464E-08,2,-0.225496,25.00002,-100.0001,0,0.5025586,0.2514937,0.9675248,-0.02543092,0,0,1
275,-0.1244753,1.515718,0.2248353,5.88655,-69.30311,-0.01488925,0.2839227,0.5678048,0.6195999,0.5419351,1,0.5,0,-0.4175569,1.116123,-0.232329,1.962338,-35.40864,-0.3372179,-0.3223023,0.8555737,0.4846589,-0.1819327,1,1,1,-0.444501,1.12982,0.2176564,3.16398,-34.51314,-0.3736393,-0.05273256,0.2796747,0.2231767,0.9337956,1,1,0,-0.1131333,1.513018,-0.2260429,5.83572,-69.88692,-0.01028031,0.1650847,0.6863141,0.7262505,-0.03915724,1,0.5,1,-5.960464E-08,2,0.225496,25.00002,-100.0001,0,0.7026556,0.4736105,0.8065487,0.353797,0,0,0,-5.960464E-08,2,-0.225496,25.00002,-100.0001,0,0.6251594,0.5062308,0.8621003,-0.02265989,0,0,1
276,-0.2266951,1.554272,0.2220439,14.56446,-66.65207,0.00134334,0.4458669,0.7026274,0.5542763,0.446198,1,0.5,0,-0.1313159,1.026935,-0.1798664,-16.2756,-44.97229,-0.1110279,0.260244,0.9996412,-0.004032058,0.02648302,1,1,1,-0.3144743,1.05926,0.2310056,-5.052242,-37.63894,0.1176373,0.220649,0.8004074,0.04060268,0.5980797,1,1,0,-0.1585967,1.525937,-0.2227235,9.770059,-68.54469,-0.0003889205,0.3850451,0.8278566,0.5603518,-0.02567499,1,0.5,1,-5.960464E-08,2,0.225496,25.00002,-100.0001,0,0.8843193,0.643845,0.7007056,0.3073684,0,0,0,-5.960464E-08,2,-0.225496,25.00002,-100.0001,0,0.817552,0.6764721,0.736214,-0.01935103,0,0,1
277,0.1467862,1.521948,0.225118,-5.307111,-83.17512,-0.01197607,0.6417153,0.8220056,0.4308852,0.3723502,1,0.5,0,0.1034756,1.017005,-0.2180447,-28.55828,-55.87411,0.1763702,0.3954619,0.9996916,-0.01451207,-0.02015127,1,1,1,0.1684336,1.021221,0.2281616,-30.7887,-59.19352,0.06729144,0.5513208,0.9132738,-0.008350042,0.4072607,1,1,0,0.1288662,1.517007,-0.2253962,-4.960642,-82.12724,0.007863346,0.5417686,0.8836668,0.4674814,-0.02437794,1,0.5,1,-5.960464E-08,2,0.225496,25.00002,-100.0001,0,0.8224039,0.59869,0.7335129,0.3217595,0,0,0,-5.960464E-08,2,-0.225496,25.00002,-100.0001,0,0.75234,0.6321846,0.7745503,-0.02035868,0,0,1
278,0.1757876,1.531845,0.2217807,-7.776359,-85.60562,0.02108664,0.4206459,0.7021228,0.5451011,0.4581357,1,0.5,0,0.3298717,1.062775,-0.2352882,-37.96822,-69.32338,-0.2192453,0.3019381,0.9981951,0.04086935,-0.04400367,1,1,1,0.4740256,1.127782,0.1870708,-42.22812,-79.81738,-0.102263,0.525543,0.9211165,0.0953467,0.3774301,1,1,0,0.1070896,1.51172,-0.2235186,-5.001506,-80.99117,-0.04754813,0.2525653,0.7676523,0.640104,-0.03125119,1,0.5,1,-5.960464E-08,2,0.225496,25.00002,-100.0001,0,0.6590641,0.4060335,0.8368824,0.3671031,0,0,0,-5.960464E-08,2,-0.225496,25.00002,-100.0001,0,0.57844,0.4363886,0.8994476,-0.02364155,0,0,1
279,0.04811542,1.502376,0.2255382,-2.422618,-77.53954,-0.004593285,0.1661564,0.2985091,0.7091063,0.6387963,1,0.5,0,0.2429467,1.034665,-0.2189482,-36.30092,-64.29453,0.06478804,-0.1058317,0.9987738,0.01183539,-0.04807141,1,1,1,0.2187468,1.03156,0.2313319,-35.88343,-63.07497,0.0376329,0.0679515,0.6505576,0.002747505,0.7594519,1,1,0,0.06785493,1.504531,-0.2250242,-2.971988,-78.60232,0.006535652,0.02305686,0.4179148,0.9072256,-0.0478422,1,0.5,1,-5.960464E-08,2,0.225496,25.00002,-100.0001,0,0.5698922,0.1408911,0.9066337,0.3976999,0,0,0,-5.960464E-08,2,-0.225496,25.00002,-100.0001,0,0.4819738,0.1535054,0.9878066,-0.02596402,0,0,1
280,-0.01599258,1.500392,0.2107803,1.528827,-74.26132,0.1705476,0.151053,-0.2826403,0.7225093,0.6309476,1,0.5,0,0.2718153,1.034608,-0.1638668,-35.89778,-65.11563,0.06186071,-0.3899997,0.9435805,0.04188896,0.3284831,1,1,1,-0.05270938,1.001087,0.1506547,-21.14548,-47.45602,0.4073539,-0.08464876,-0.5314312,-0.0696113,0.8442364,1,1,0,0.1452676,1.521757,-0.209478,-6.143989,-83.34716,-0.1041659,-0.007625371,-0.04621196,0.9987462,-0.01924955,1,0.5,1,-5.960464E-08,2,0.225496,25.00002,-100.0001,0,0.5724638,-0.1566685,0.9044597,0.3967462,0,0,0,-5.960464E-08,2,-0.225496,25.00002,-100.0001,0,0.4847749,-0.170619,0.9849969,-0.02589017,0,0,1
281,0.1638536,1.527691,0.2249236,-6.11471,-84.34724,-0.01750068,0.2295511,-0.4420149,0.682188,0.5824452,1,0.5,0,0.4717775,1.150097,-0.2368214,-40.96179,-81.05776,-0.1991176,-0.3735457,-0.1150498,0.949724,-0.2911836,1,1,1,0.5601528,1.222562,0.199363,-40.78757,-88.39542,-0.4859054,-0.05053201,0.1642535,0.4284231,0.8885238,1,1,0,0.1316417,1.517524,-0.2248213,-5.571074,-82.42915,0.01513139,0.1034043,-0.5878054,0.8079558,-0.04113543,1,0.5,1,-5.960464E-08,2,0.225496,25.00002,-100.0001,0,0.6655301,-0.4172575,0.8322396,0.3650665,0,0,0,-5.960464E-08,2,-0.225496,25.00002,-100.0001,0,0.5853864,-0.4480673,0.8936912,-0.02349024,0,0,1
282,0.2318894,1.556901,0.223684,-9.097309,-89.63538,-0.002443046,0.3888038,-0.6490995,0.5928206,0.4766902,1,0.5,0,0.3598989,1.066191,-0.2146548,-40.27932,-71.51133,-0.1439341,-0.04939255,-0.9962386,0.08031706,-0.03252239,1,1,1,0.502566,1.136114,0.2074266,-44.8428,-82.91926,0.3383347,0.02061784,-0.5882347,0.203824,0.7825829,1,1,0,0.1711601,1.530261,-0.2223347,-7.048128,-85.06596,-0.06315189,0.3107771,-0.7864693,0.6170148,-0.02754729,1,0.5,1,-5.960464E-08,2,0.225496,25.00002,-100.0001,0,0.8327128,-0.6068911,0.7278389,0.3192706,0,0,0,-5.960464E-08,2,-0.225496,25.00002,-100.0001,0,0.7632207,-0.6402773,0.7678787,-0.02018332,0,0,1
283,-0.07372417,1.505412,0.2194191,2.847945,-71.45004,-0.04436897,0.6418542,-0.8317043,0.4163512,0.3673141,1,0.5,0,0.02350407,0.9991135,-0.2084526,-27.80266,-51.19973,0.09255935,0.353058,-0.9992952,-0.03620676,-0.009908633,1,1,1,-0.1862226,1.016937,0.1903573,-16.80427,-41.21693,-0.1138337,0.631717,-0.9385593,-0.0115427,0.3449248,1,1,0,0.03161908,1.501069,-0.2190131,-2.256608,-76.68897,0.04693123,0.4670472,-0.8731133,0.4871207,-0.01966099,1,0.5,1,-5.960464E-08,2,0.225496,25.00002,-100.0001,0,0.8745017,-0.6372935,0.7057105,0.3095638,0,0,0,-5.960464E-08,2,-0.225496,25.00002,-100.0001,0,0.807233,-0.6700879,0.7420256,-0.01950379,0,0,1
284,-0.1944009,1.539272,0.2253923,11.65862,-67.24129,-0.00459552,0.5010796,-0.7487541,0.5087227,0.4249336,1,0.5,0,-0.4959233,1.135106,-0.2214816,5.505832,-31.35939,0.1144983,0.5565453,-0.9948317,0.09948094,-0.02033193,1,1,1,-0.487291,1.133269,0.2293956,5.892309,-32.2102,0.1124926,0.6321449,-0.9207765,0.09121544,0.3792762,1,1,0,-0.2089446,1.545681,-0.2253172,12.22852,-66.61208,0.008729104,0.4221854,-0.8285819,0.5591944,-0.02745349,1,0.5,1,-5.960464E-08,2,0.225496,25.00002,-100.0001,0,0.6958895,-0.4642248,0.811112,0.3557988,0,0,0,-5.960464E-08,2,-0.225496,25.00002,-100.0001,0,0.6179243,-0.4966003,0.8676797,-0.02280654,0,0,1
285,-0.1201045,1.514651,0.2213732,7.194984,-69.85249,0.01486466,0.2345861,-0.4854656,0.6597601,0.57362,1,0.5,0,-0.4924634,1.131473,-0.1841647,7.286347,-32.64928,-0.08236471,0.236174,-0.9902213,0.1378378,0.02151025,1,1,1,-0.318478,1.053033,0.2243394,-5.553543,-37.01813,0.08887354,0.1990051,-0.793971,0.03295115,0.6070619,1,1,0,-0.2057809,1.544189,-0.220339,12.95775,-67.14328,0.007164481,0.178548,-0.6518223,0.7577791,-0.02997425,1,0.5,1,-5.960464E-08,2,0.225496,25.00002,-100.0001,0,0.5853041,-0.2179222,0.893759,0.3920523,0,0,0,-5.960464E-08,2,-0.225496,25.00002,-100.0001,0,0.4987434,-0.2368094,0.9712207,-0.02552807,0,0,1
286,0.0428832,1.501747,0.22109,-1.005837,-77.16582,-0.1148515,0.1450487,0.1974733,0.7313358,0.6528035,1,0.5,0,-0.2005605,1.050368,-0.197879,-13.75143,-41.96818,0.5350927,-0.3821436,-0.9847895,0.1728172,0.01799636,1,1,1,0.01794235,0.9987286,0.1950404,-25.89189,-50.84323,-0.2015174,-0.09069747,0.2502771,-0.07640152,0.965155,1,1,0,0.01183679,1.500097,-0.2283495,-0.9739801,-75.60632,-0.06163197,-0.0192973,0.2004014,0.9779372,-0.05897519,1,0.5,1,-5.960464E-08,2,0.225496,25.00002,-100.0001,0,0.5625851,0.07951989,0.9128683,0.4004347,0,0,0,-5.960464E-08,2,-0.225496,25.00002,-100.0001,0,0.4740073,0.08675156,0.995886,-0.02617639,0,0,1
287,0.01739559,1.50022,0.2213176,-1.34978,-75.91021,0.01769588,0.2577907,0.5530334,0.6205149,0.5559814,1,0.5,0,-0.4088024,1.138883,-0.1421366,1.73238,-36.38044,-0.05668404,-0.3764918,-0.05760299,0.8815846,0.4684982,1,1,1,-0.2102006,1.053632,0.2533692,-13.01746,-41.79219,0.2919548,-0.007283509,0.388636,0.04796374,0.9201421,1,1,0,-0.07458787,1.505502,-0.2199641,3.480463,-71.48346,0.02410338,0.07749081,0.5664161,0.8233941,-0.03457039,1,0.5,1,-5.960464E-08,2,0.225496,25.00002,-100.0001,0,0.6328286,0.3545884,0.8562639,0.3756049,0,0,0,-5.960464E-08,2,-0.225496,25.00002,-100.0001,0,0.5501922,0.3824899,0.9236407,-0.02427745,0,0,1
288,-0.2274762,1.554801,0.2238328,13.43045,-66.02314,0.002008677,0.3342243,0.5883247,0.629089,0.5080561,1,0.5,0,-0.4327025,1.099966,-0.2280567,2.317908,-33.77838,0.06427544,-0.2046497,0.9668804,0.2368927,-0.0949948,1,1,1,-0.4084088,1.087038,0.2221395,-0.141795,-33.92867,0.1215332,0.02675384,0.5882486,0.1082818,0.801398,1,1,0,-0.2001562,1.541764,-0.2262039,12.06406,-67.06681,0.03448875,0.2287195,0.7109934,0.7022787,-0.03595889,1,0.5,1,-5.960464E-08,2,0.225496,25.00002,-100.0001,0,0.7797892,0.5612416,0.7579376,0.3324735,0,0,0,-5.960464E-08,2,-0.225496,25.00002,-100.0001,0,0.7072546,0.5949622,0.8034761,-0.02111898,0,0,1
289,-0.1075618,1.511741,0.2236973,6.872207,-70.43108,0.01075492,0.5644101,0.7979425,0.4525896,0.3980583,1,0.5,0,-0.05234561,1.00188,-0.2060892,-21.18354,-47.65388,-0.06842244,0.4050116,0.9994945,-0.03107147,-0.00672829,1,1,1,-0.2169037,1.02324,0.2132421,-11.72452,-40.59771,0.002603979,0.3475901,0.8730589,-0.007975133,0.4875495,1,1,0,-0.05076323,1.502566,-0.2236226,3.885137,-72.74532,0.03907458,0.522233,0.8864285,0.4622883,-0.02310887,1,0.5,1,-5.960464E-08,2,0.225496,25.00002,-100.0001,0,0.9274468,0.6703575,0.6795352,0.2980818,0,0,0,-5.960464E-08,2,-0.225496,25.00002,-100.0001,0,0.862794,0.7021602,0.7117732,-0.01870862,0,0,1
290,0.1738757,1.531269,0.2257391,-6.763029,-85.11816,-0.00811443,0.5485018,0.7788232,0.4780812,0.4060452,1,0.5,0,0.2701555,1.038128,-0.2232275,-35.68924,-65.26344,0.08654598,0.413209,0.9996368,0.008900273,-0.02543503,1,1,1,0.2732064,1.040601,0.2277423,-35.1791,-65.36172,0.0896037,0.5109403,0.9060162,0.01048679,0.4231133,1,1,0,0.1693877,1.529584,-0.225238,-7.041983,-84.97197,-0.004983695,0.4538044,0.8514424,0.5237802,-0.02646034,1,0.5,1,-5.960464E-08,2,0.225496,25.00002,-100.0001,0,0.7389667,0.5187563,0.7829107,0.3434281,0,0,0,-5.960464E-08,2,-0.225496,25.00002,-100.0001,0,0.6638908,0.5522183,0.8334117,-0.02190583,0,0,1
291,0.1382605,1.519524,0.2237902,-6.171142,-82.95134,-0.005116316,0.291867,0.5756961,0.6181893,0.5351785,1,0.5,0,0.3453324,1.079205,-0.2366102,-38.65497,-71.34433,0.006867203,0.1657774,0.995748,0.07390618,-0.05498869,1,1,1,0.4821003,1.157069,0.1859571,-41.46291,-82.00206,-0.04976319,0.3970244,0.8915192,0.1416565,0.4302638,1,1,0,0.08310197,1.506859,-0.2235772,-4.027618,-79.53551,-0.009777401,0.1233166,0.6428773,0.7650347,-0.03782547,1,0.5,1,-5.960464E-08,2,0.225496,25.00002,-100.0001,0,0.6058147,0.2872218,0.8771816,0.3847806,0,0,0,-5.960464E-08,2,-0.225496,25.00002,-100.0001,0,0.5209943,0.3110831,0.9500545,-0.02497173,0,0,1
292,0.08561877,1.507429,0.2259567,-4.237693,-79.70493,0.01244024,0.1459389,0.1372485,0.739124,0.6594381,1,0.5,0,0.1063584,1.00222,-0.2235708,-29.62185,-55.53889,-0.1867705,-0.384699,0.9487668,-0.2409371,-0.2044284,1,1,1,0.1194821,1.008321,0.2284533,-32.2847,-56.6049,0.06343799,-0.05384675,0.2746084,-0.04859129,0.9603276,1,1,0,0.06434415,1.504189,-0.2245625,-3.024095,-78.42995,-0.007528814,-0.02041799,0.1404963,0.9887556,-0.05121637,1,0.5,1,-5.960464E-08,2,0.225496,25.00002,-100.0001,0,0.5592245,0.002865593,0.9157646,0.4017052,0,0,0,-5.960464E-08,2,-0.225496,25.00002,-100.0001,0,0.47034,0.003128085,0.9996499,-0.02627532,0,0,1
293,-0.04191937,1.501668,0.2193109,2.119816,-72.98757,-0.003734977,0.2252467,-0.492713,0.6503547,0.5781631,1,0.5,0,0.3706768,1.109277,-0.128525,-37.52349,-73.4607,-0.1990319,-0.3798049,0.4597334,0.6595656,0.5946583,1,1,1,0.1425568,1.034272,0.2530048,-28.71229,-58.1876,0.5752722,-0.0151155,-0.3565019,0.008809821,0.9342531,1,1,0,0.07023916,1.505124,-0.2172183,-3.433537,-78.79156,-0.04417302,0.03493267,-0.458338,0.8881949,-0.03218774,1,0.5,1,-5.960464E-08,2,0.225496,25.00002,-100.0001,0,0.6051862,-0.2853991,0.8776804,0.3849994,0,0,0,-5.960464E-08,2,-0.225496,25.00002,-100.0001,0,0.5203136,-0.3091394,0.9506884,-0.02498839,0,0,1
294,0.1561719,1.524965,0.2238093,-5.490062,-83.73194,-0.04010426,0.3131945,-0.5982554,0.6086678,0.521166,1,0.5,0,0.3634711,1.078076,-0.2335308,-39.99138,-72.62272,-0.1200177,-0.2147148,-0.9786657,0.1685205,-0.1175342,1,1,1,0.4731302,1.136206,0.2001156,-41.55021,-80.83149,-0.3678599,-0.05265692,-0.3789925,0.2374142,0.8944267,1,1,0,0.1177302,1.513949,-0.2253155,-4.881341,-81.51924,0.02198146,0.2144293,-0.7347679,0.6773925,-0.0354345,1,0.5,1,-5.960464E-08,2,0.225496,25.00002,-100.0001,0,0.7389399,-0.5187257,0.7829276,0.3434355,0,0,0,-5.960464E-08,2,-0.225496,25.00002,-100.0001,0,0.6638622,-0.5521873,0.8334322,-0.02190636,0,0,1
295,0.1752817,1.531862,0.2239674,-7.993824,-85.67175,0.02675728,0.5227108,-0.7663825,0.4907179,0.4145526,1,0.5,0,0.07308374,1.016318,-0.1948784,-28.54816,-54.60831,-0.270907,0.386106,-0.999864,-0.0154406,0.005779899,1,1,1,0.2046123,1.031235,0.2362529,-35.29055,-62.14537,0.03761353,0.3715065,-0.865693,0.001416549,0.5005734,1,1,0,0.1216269,1.514915,-0.2234325,-5.858516,-81.97353,-0.01686812,0.4679886,-0.8651367,0.5009516,-0.02420744,1,0.5,1,-5.960464E-08,2,0.225496,25.00002,-100.0001,0,0.9289021,-0.6711932,0.678843,0.2977782,0,0,0,-5.960464E-08,2,-0.225496,25.00002,-100.0001,0,0.8643184,-0.702966,0.7109779,-0.01868771,0,0,1
296,-0.2000547,1.541861,0.2233401,11.4246,-66.80632,-0.01105816,0.6452824,-0.8146296,0.4469296,0.3696382,1,0.5,0,-0.1272243,1.017736,-0.1882113,-18.41542,-44.39978,0.2398566,0.3603188,-0.9998045,-0.01425547,0.01370269,1,1,1,-0.2942228,1.048828,0.2294649,-9.188955,-37.33594,-0.03753231,0.6134765,-0.9224703,0.01690881,0.3856973,1,1,0,-0.1364313,1.519058,-0.2225187,7.295949,-69.00013,0.02121554,0.4977311,-0.8713345,0.4901702,-0.02256995,1,0.5,1,-5.960464E-08,2,0.225496,25.00002,-100.0001,0,0.7880715,-0.5690106,0.753064,0.3303357,0,0,0,-5.960464E-08,2,-0.225496,25.00002,-100.0001,0,0.7160311,-0.60272,0.7976772,-0.02096656,0,0,1
297,-0.1478349,1.522495,0.2241367,9.261762,-68.96658,0.01567603,0.3606403,-0.6554938,0.572242,0.4928153,1,0.5,0,-0.3543882,1.073846,-0.2347914,-3.943297,-35.67203,-0.0639044,0.2727275,-0.9973732,0.05674203,-0.0450242,1,1,1,-0.4235305,1.102991,0.2098067,1.760741,-34.00708,0.09149838,0.4373369,-0.8959852,0.07787037,0.4372032,1,1,0,-0.1173992,1.514078,-0.225759,6.872329,-69.90262,-0.02254696,0.2209996,-0.7402344,0.671399,-0.03572672,1,0.5,1,-5.960464E-08,2,0.225496,25.00002,-100.0001,0,0.6380954,-0.365795,0.8523014,0.3738667,0,0,0,-5.960464E-08,2,-0.225496,25.00002,-100.0001,0,0.5558714,-0.3942806,0.9186727,-0.02414687,0,0,1
298,0.002425356,1.499941,0.2228427,0.09507719,-75.11743,-0.03230498,0.1383151,-0.1384078,0.7362216,0.6624357,1,0.5,0,-0.2258641,1.027278,-0.193051,-11.24457,-40.49452,-0.004189463,-0.1832748,-0.9997223,-0.008595032,0.02194018,1,1,1,-0.05046085,1.001546,0.2214937,-20.80955,-47.70213,-0.1947359,-0.05456355,-0.3170688,-0.063878,0.9462489,1,1,0,-0.07106912,1.505146,-0.2219531,3.692283,-71.68996,0.01948551,0.002432704,-0.3221173,0.9456909,-0.04369368,1,0.5,1,-5.960464E-08,2,0.225496,25.00002,-100.0001,0,0.5631026,-0.08538518,0.912424,0.4002398,0,0,0,-5.960464E-08,2,-0.225496,25.00002,-100.0001,0,0.4745719,-0.09314162,0.9953091,-0.02616122,0,0,1
299,0.002513178,1.500008,0.2223002,-0.6319925,-75.13689,0.1444206,0.1722547,0.3414244,0.6991517,0.6281849,1,0.5,0,-0.3243393,1.06133,-0.1570447,-6.668041,-36.34624,-0.09476174,-0.3890968,-0.8775976,0.2824953,0.3873228,1,1,1,-0.09230323,1.007086,0.2259152,-22.0908,-45.46944,0.5809503,-0.05270255,0.3011592,-0.05122804,0.9521969,1,1,0,-0.09315381,1.508799,-0.2180613,5.480119,-70.85915,-0.0700407,-0.002514124,0.2690673,0.9624369,-0.03630514,1,0.5,1,-5.960464E-08,2,0.225496,25.00002,-100.0001,0,0.5832734,0.2095601,0.8954344,0.3927872,0,0,0,-5.960464E-08,2,-0.225496,25.00002,-100.0001,0,0.4965363,0.2278,0.9733718,-0.02558461,0,0,1
300,-0.2033569,1.543239,0.2228964,11.52888,-66.65655,-0.03831612,0.2478607,0.4574519,0.6862769,0.5654748,1,0.5,0,-0.4655624,1.136313,-0.2470661,5.220444,-33.81894,-0.06949458,-0.3589239,0.5663945,0.7535872,-0.3336221,1,1,1,-0.5493141,1.180147,0.1938908,10.87155,-31.41565,-0.234262,-0.07844472,-0.009125737,0.3561735,0.9343753,1,1,0,-0.1465563,1.522039,-0.224052,8.126586,-68.67773,0.02466069,0.1338857,0.6293103,0.7762274,-0.03794376,1,0.5,1,-5.960464E-08,2,0.225496,25.00002,-100.0001,0,0.6914201,0.4578294,0.8141547,0.3571335,0,0,0,-5.960464E-08,2,-0.225496,25.00002,-100.0001,0,0.6131419,0.4900247,0.8714076,-0.02290453,0,0,1
301,-0.2136149,1.547803,0.2236702,13.68092,-67.02024,0.03490449,0.4323667,0.6964827,0.5553646,0.454403,1,0.5,0,-0.2570349,1.033322,-0.2081419,-9.606328,-39.04271,-0.1230449,0.1060209,0.9998947,0.005481864,-0.01343495,1,1,1,-0.3686065,1.071294,0.2271406,-1.356045,-35.80271,0.1305052,0.1546537,0.7551864,0.06307741,0.6524681,1,1,0,-0.1515239,1.523514,-0.2223262,9.076777,-68.70028,-0.01666696,0.366165,0.8214003,0.5697694,-0.02577594,1,0.5,1,-5.960464E-08,2,0.225496,25.00002,-100.0001,0,0.8662732,0.6316394,0.7099607,0.3114282,0,0,0,-5.960464E-08,2,-0.225496,25.00002,-100.0001,0,0.7985784,0.6645668,0.7469709,-0.01963377,0,0,1
302,0.140237,1.520021,0.222169,-5.112351,-82.77042,0.003299864,0.6585085,0.8296379,0.4229755,0.3644074,1,0.5,0,0.1019456,1.004686,-0.2074346,-28.68428,-55.20727,0.1798049,0.4232283,0.9995916,-0.02741859,-0.008052869,1,1,1,0.2490481,1.03087,0.2180941,-34.13651,-63.57065,-0.03532396,0.6487403,0.9314148,0.0007577572,0.3639588,1,1,0,0.06389517,1.504039,-0.2220347,-2.080755,-78.30322,0.005713853,0.5040271,0.8812519,0.4721372,-0.02194635,1,0.5,1,-5.960464E-08,2,0.225496,25.00002,-100.0001,0,0.8400871,0.6125763,0.7238338,0.3175137,0,0,0,-5.960464E-08,2,-0.225496,25.00002,-100.0001,0,0.7709982,0.6458747,0.7631798,-0.02005982,0,0,1
303,0.2351376,1.558762,0.2246302,-9.17884,-89.88672,0.0181757,0.5027655,0.7366362,0.5273041,0.4234591,1,0.5,0,0.4427099,1.103872,-0.2265343,-41.28972,-76.97698,-0.1065046,0.4494956,0.9965771,0.07780178,-0.02794568,1,1,1,0.4934173,1.130097,0.2207826,-43.18486,-81.17162,6.854537E-05,0.5867349,0.9173838,0.09210797,0.3871989,1,1,0,0.2016559,1.542499,-0.2248912,-7.990045,-87.21413,-0.02397449,0.3721069,0.8086069,0.5876566,-0.02854147,1,0.5,1,-5.960464E-08,2,0.225496,25.00002,-100.0001,0,0.6728152,0.4293393,0.82707,0.3627988,0,0,0,-5.960464E-08,2,-0.225496,25.00002,-100.0001,0,0.5932057,0.4606047,0.8872989,-0.02332223,0,0,1
304,0.04602228,1.502069,0.2236122,-2.733562,-77.46717,-0.01413599,0.1737319,0.3372217,0.7006775,0.6287548,1,0.5,0,0.3699712,1.085663,-0.1903676,-40.24843,-73.34837,0.1066775,0.05403352,0.9947882,0.1004693,0.01738594,1,1,1,0.221361,1.031919,0.2319535,-35.95842,-63.10114,-0.03169404,0.09044266,0.6817524,0.003249955,0.7315757,1,1,0,0.1059142,1.511322,-0.2232283,-5.013066,-80.92831,0.02005474,0.06091928,0.5118187,0.8580948,-0.04141108,1,0.5,1,-5.960464E-08,2,0.225496,25.00002,-100.0001,0,0.574603,0.1685969,0.9026592,0.3959565,0,0,0,-5.960464E-08,2,-0.225496,25.00002,-100.0001,0,0.4871043,0.1835416,0.9826725,-0.02582907,0,0,1
305,-0.0802995,1.506647,0.2111449,4.214636,-71.29546,-0.03069342,0.1661831,-0.3273879,0.715489,0.617165,1,0.5,0,0.2296638,1.027315,-0.1355248,-34.25284,-62.62268,0.4205884,-0.3877366,0.8182811,-0.02391228,0.5743207,1,1,1,-0.06512755,1.001414,0.2049785,-20.72587,-46.847,0.4743533,-0.04612261,-0.4470994,-0.06298262,0.8922641,1,1,0,0.08345434,1.507288,-0.2087188,-3.765286,-79.53275,0.03727154,-0.01954922,-0.1131155,0.9934161,-0.0181471,1,0.5,1,-5.960464E-08,2,0.225496,25.00002,-100.0001,0,0.5681462,-0.1290093,0.9081156,0.3983499,0,0,0,-5.960464E-08,2,-0.225496,25.00002,-100.0001,0,0.4800712,-0.1406029,0.9897242,-0.02601443,0,0,1
306,0.07599211,1.505717,0.2246194,-2.609746,-78.97011,0.02051146,0.2434743,-0.514194,0.6398568,0.5711285,1,0.5,0,0.4650325,1.152339,-0.1959509,-40.09706,-80.76079,-0.3193715,-0.3774082,0.05506434,0.9979364,0.03302908,1,1,1,0.3904586,1.116752,0.2474739,-37.701,-75.18336,-0.2321386,-0.03917599,-0.1471787,0.1882532,0.9710299,1,1,0,0.1202823,1.514597,-0.2241602,-4.73699,-81.62288,-0.02368988,0.09132177,-0.5716004,0.8195142,-0.04085797,1,0.5,1,-5.960464E-08,2,0.225496,25.00002,-100.0001,0,0.65411,-0.3970871,0.8404747,0.3686789,0,0,0,-5.960464E-08,2,-0.225496,25.00002,-100.0001,0,0.5731138,-0.4270583,0.9039118,-0.02375889,0,0,1
307,0.2713875,1.580031,0.2236964,-9.788287,-92.71292,0.005657973,0.3558353,-0.5846939,0.6426827,0.4950676,1,0.5,0,0.3746848,1.073148,-0.2085558,-41.10894,-72.79402,0.09668697,-0.1004667,-0.9939206,0.1079967,-0.0214146,1,1,1,0.4203866,1.101866,0.2391717,-41.42331,-76.32868,0.03889503,0.06702769,-0.6197275,0.1267421,0.7745155,1,1,0,0.2166589,1.54934,-0.2228828,-8.418213,-88.33073,-0.01868904,0.260531,-0.7299247,0.682865,-0.03008795,1,0.5,1,-5.960464E-08,2,0.225496,25.00002,-100.0001,0,0.8105747,-0.5888938,0.7401335,0.3246637,0,0,0,-5.960464E-08,2,-0.225496,25.00002,-100.0001,0,0.7398424,-0.6224898,0.7823577,-0.0205639,0,0,1
308,-0.01171419,1.500169,0.2233479,-0.4410996,-74.41535,-0.01022667,0.6177781,-0.8243954,0.4206279,0.3787405,1,0.5,0,-0.02138882,1.00501,-0.2350126,-24.95774,-49.05096,-0.1864099,0.4321588,-0.9989346,-0.02680921,-0.03756077,1,1,1,0.06515229,1.003747,0.2076325,-29.73312,-53.56291,-0.1012415,0.4382133,-0.900248,-0.02798164,0.4344774,1,1,0,-0.06593575,1.504276,-0.224309,2.385478,-71.80109,0.002320112,0.5851469,-0.8991526,0.4370616,-0.02240157,1,0.5,1,-5.960464E-08,2,0.225496,25.00002,-100.0001,0,0.8962957,-0.6515647,0.6946955,0.304732,0,0,0,-5.960464E-08,2,-0.225496,25.00002,-100.0001,0,0.8301296,-0.6839762,0.7292525,-0.01916805,0,0,1
309,-0.1706855,1.530112,0.2254667,9.984303,-67.95162,-0.02082662,0.5045222,-0.7567954,0.4978604,0.4235513,1,0.5,0,-0.3923412,1.082479,-0.2269733,-1.96979,-34.12453,-0.08227083,0.4836448,-0.9981992,0.05335185,-0.02742181,1,1,1,-0.4221712,1.09675,0.222699,-0.07920566,-33.19478,-0.1122311,0.5984871,-0.9209971,0.06076565,0.3848011,1,1,0,-0.1578176,1.525443,-0.2254102,9.452001,-68.48347,-0.01883955,0.3970182,-0.8331492,0.5523224,-0.02832738,1,0.5,1,-5.960464E-08,2,0.225496,25.00002,-100.0001,0,0.7122276,-0.4863215,0.80018,0.3510034,0,0,0,-5.960464E-08,2,-0.225496,25.00002,-100.0001,0,0.6353849,-0.5192357,0.854336,-0.02245581,0,0,1
310,-0.1466058,1.521943,0.2238839,8.525812,-68.80513,0.009758774,0.2720791,-0.540925,0.6371666,0.5490162,1,0.5,0,-0.3382245,1.069943,-0.2345776,-3.722017,-37.05543,0.1270831,0.1115418,-0.9962615,0.06531502,-0.05654171,1,1,1,-0.4564543,1.128583,0.1966514,4.912957,-34.09687,0.07447827,0.3344375,-0.8718273,0.1181433,0.4753518,1,1,0,-0.09752368,1.509675,-0.2242821,5.432441,-70.61633,2.384187E-05,0.1054006,-0.6087782,0.7923259,-0.04010917,1,0.5,1,-5.960464E-08,2,0.225496,25.00002,-100.0001,0,0.5933459,-0.2478915,0.8871852,0.3891687,0,0,0,-5.960464E-08,2,-0.225496,25.00002,-100.0001,0,0.5074762,-0.2690199,0.9628022,-0.02530679,0,0,1
311,-0.04986026,1.502398,0.225444,3.566395,-72.74125,-0.005672129,0.135738,0.001007966,0.7430701,0.6692128,1,0.5,0,-0.1558631,1.013343,-0.2107517,-17.4509,-42.70273,0.1981103,-0.3927889,-0.9827528,-0.1553696,-0.1002854,1,1,1,0.007823368,1.004611,0.2104044,-23.77161,-50.71217,-0.5100945,-0.0846951,0.1404376,-0.06113416,0.9882004,1,1,0,-0.04080377,1.501638,-0.225159,2.196456,-73.04577,-0.03529193,-0.02759147,0.02052734,0.9983699,-0.05325684,1,0.5,1,-5.960464E-08,2,0.225496,25.00002,-100.0001,0,0.5604234,0.04762344,0.9147292,0.401251,0,0,0,-5.960464E-08,2,-0.225496,25.00002,-100.0001,0,0.4716486,0.05197456,0.9983036,-0.02623993,0,0,1
312,0.07027882,1.504962,0.2212046,-3.505628,-78.79754,0.02403782,0.2693535,0.5649279,0.6173521,0.5474786,1,0.5,0,-0.3630069,1.129907,-0.1257599,-0.7533851,-38.04975,-0.267698,-0.3755219,0.01079369,0.8026064,0.5964113,1,1,1,-0.1824412,1.076674,0.2838982,-13.35446,-44.10042,0.2164618,0.01906341,0.3504568,0.08991875,0.9322525,1,1,0,-0.03413824,1.501097,-0.2174142,1.75072,-73.35566,-0.03833847,0.07556528,0.5737181,0.8184938,-0.03025587,1,0.5,1,-5.960464E-08,2,0.225496,25.00002,-100.0001,0,0.6201333,0.3252742,0.8659686,0.3798619,0,0,0,-5.960464E-08,2,-0.225496,25.00002,-100.0001,0,0.5364853,0.3515249,0.9358553,-0.02459851,0,0,1
313,-0.2013879,1.54237,0.2196542,11.26048,-66.65863,-0.0551969,0.3204741,0.5902662,0.624481,0.5114777,1,0.5,0,-0.2820339,1.041744,-0.2253706,-7.859609,-38.38935,0.4024597,-0.09538099,0.9976102,0.02902371,-0.06270254,1,1,1,-0.3882084,1.075883,0.211628,-1.716904,-34.43504,0.1840242,0.009936988,0.5833614,0.08997697,0.8072134,1,1,0,-0.1270866,1.51635,-0.2243733,6.966775,-69.41194,0.07034841,0.2410559,0.7537884,0.6562937,-0.03288993,1,0.5,1,-5.960464E-08,2,0.225496,25.00002,-100.0001,0,0.7617894,0.5434234,0.7687497,0.3372163,0,0,0,-5.960464E-08,2,-0.225496,25.00002,-100.0001,0,0.6881564,0.5771007,0.8163911,-0.02145845,0,0,1
314,-0.1231499,1.515359,0.2232164,8.037209,-69.91776,0.003438444,0.5854923,0.8050233,0.4471328,0.3898843,1,0.5,0,0.004337001,1.003752,-0.1943396,-24.52517,-50.57745,-0.4297675,0.5016934,0.9996407,-0.02620337,0.005650861,1,1,1,-0.1329428,1.014107,0.235117,-16.34684,-44.38596,-0.1561098,0.4675578,0.8930253,-0.01642637,0.4497064,1,1,0,-0.05370586,1.502829,-0.2222476,3.736629,-72.5757,-0.04184173,0.5553955,0.8937793,0.4480115,-0.02107984,1,0.5,1,-5.960464E-08,2,0.225496,25.00002,-100.0001,0,0.9546303,0.6853951,0.6668363,0.2925114,0,0,0,-5.960464E-08,2,-0.225496,25.00002,-100.0001,0,0.8912413,0.7166236,0.6972193,-0.01832607,0,0,1
315,0.2043753,1.543703,0.2241058,-7.7526,-87.27441,-0.0185676,0.601064,0.7962207,0.4665517,0.3851782,1,0.5,0,0.148391,1.022903,-0.1954469,-30.76891,-58.57994,0.1656756,0.320749,0.9999472,-0.008646552,0.005547451,1,1,1,0.2899384,1.049659,0.231893,-35.78419,-66.72327,-0.07470104,0.5549165,0.9121603,0.01863609,0.4094096,1,1,0,0.1529173,1.523875,-0.2234498,-6.468819,-83.85457,0.02078191,0.4620136,0.8578173,0.5133764,-0.02437571,1,0.5,1,-5.960464E-08,2,0.225496,25.00002,-100.0001,0,0.7545733,0.535891,0.7731714,0.3391559,0,0,0,-5.960464E-08,2,-0.225496,25.00002,-100.0001,0,0.6804903,0.5695214,0.8216928,-0.0215978,0,0,1
316,0.08778857,1.507682,0.2242434,-4.604764,-79.89771,0.03464521,0.2762104,0.5679387,0.615403,0.5465572,1,0.5,0,0.2802363,1.060834,-0.240244,-35.92289,-66.89784,0.02921821,0.1353138,0.9968108,0.04853381,-0.06334514,1,1,1,0.3809508,1.102002,0.1975062,-39.50474,-74.20684,0.2017894,0.3378274,0.8760781,0.08593929,0.4744488,1,1,0,0.04275711,1.50177,-0.2244266,-2.382967,-77.2582,0.007870796,0.1163017,0.6422316,0.7654852,-0.03963413,1,0.5,1,-5.960464E-08,2,0.225496,25.00002,-100.0001,0,0.6165091,0.3162099,0.8687795,0.381095,0,0,0,-5.960464E-08,2,-0.225496,25.00002,-100.0001,0,0.5325675,0.3419159,0.9394062,-0.02469184,0,0,1
317,0.01170152,1.500086,0.2240491,-0.6282799,-75.5901,-0.0200972,0.134869,0.07488304,0.7404458,0.6679316,1,0.5,0,0.1038501,1.005123,-0.2215415,-30.89179,-55.54351,-0.1293369,-0.3564868,0.9733565,-0.1733401,-0.150101,1,1,1,-0.01248346,1.000141,0.2141905,-25.96038,-49.385,-0.2879755,-0.08407837,0.05615468,-0.07178956,0.9958378,1,1,0,0.06843157,1.504622,-0.2232721,-3.006456,-78.6336,0.01333803,-0.01350176,0.2143296,0.9755893,-0.04783587,1,0.5,1,-5.960464E-08,2,0.225496,25.00002,-100.0001,0,0.5598263,0.03381625,0.9152446,0.4014771,0,0,0,-5.960464E-08,2,-0.225496,25.00002,-100.0001,0,0.4709969,0.03690985,0.9989736,-0.02625754,0,0,1
318,0.09937908,1.510028,0.222542,-3.893394,-80.35652,0.05073996,0.1670476,-0.2843794,0.7196307,0.633451,1,0.5,0,0.3866761,1.077022,-0.2005553,-39.7333,-72.86338,-0.2362379,-0.3916598,0.9008884,0.4340205,-0.005125033,1,1,1,0.2176142,1.023556,0.2143588,-32.16154,-61.55888,0.6329747,-0.0794751,-0.1699292,-0.01532309,0.9853371,1,1,0,0.1774453,1.5327,-0.2210788,-7.250659,-85.5067,-0.06790909,0.01537567,-0.216596,0.9754042,-0.04089992,1,0.5,1,-5.960464E-08,2,0.225496,25.00002,-100.0001,0,0.5979576,-0.2632831,0.8834587,0.3875341,0,0,0,-5.960464E-08,2,-0.225496,25.00002,-100.0001,0,0.5124792,-0.2855108,0.9580446,-0.02518174,0,0,1
319,0.2414622,1.562087,0.2188007,-8.66286,-90.01057,-0.05309509,0.2706721,-0.4775072,0.6904193,0.5434226,1,0.5,0,0.4838788,1.150885,-0.2511812,-41.81167,-81.87225,-0.06885755,-0.3183292,-0.6912771,0.6654075,-0.2817248,1,1,1,0.6566749,1.287342,0.142323,-43.23552,-97.1432,-0.298033,-0.06914172,0.1095747,0.5972778,0.794514,1,1,0,0.1459101,1.52179,-0.2199207,-6.243569,-83.39645,0.0342101,0.1761183,-0.6856101,0.7273724,-0.02946332,1,0.5,1,-5.960464E-08,2,0.225496,25.00002,-100.0001,0,0.7220448,-0.4987246,0.7937518,0.3481836,0,0,0,-5.960464E-08,2,-0.225496,25.00002,-100.0001,0,0.6458607,-0.5318829,0.8465255,-0.02225052,0,0,1
320,0.1454158,1.521729,0.2255073,-6.845777,-83.56693,-0.01886562,0.5179917,-0.7693897,0.4830386,0.417987,1,0.5,0,0.2805842,1.04031,-0.2251135,-38.11218,-66.35735,-0.0676282,0.1486323,-0.9991237,0.01589562,-0.03871761,1,1,1,0.3010165,1.046487,0.2254255,-40.01478,-68.17404,0.03062264,0.2584063,-0.8275665,0.02173917,0.5609467,1,1,0,0.1550132,1.524627,-0.2254005,-6.66562,-84.03549,-0.01321287,0.4185923,-0.8421961,0.5384618,-0.02765152,1,0.5,1,-5.960464E-08,2,0.225496,25.00002,-100.0001,0,0.9086642,-0.6592402,0.6885958,0.3020563,0,0,0,-5.960464E-08,2,-0.225496,25.00002,-100.0001,0,0.8431076,-0.6914176,0.7222059,-0.01898284,0,0,1
321,-0.1642543,1.527793,0.2197531,8.90258,-67.94314,0.03043712,0.6243277,-0.8152267,0.442747,0.373337,1,0.5,0,-0.1891334,1.017561,-0.2149931,-16.46093,-41.1032,-0.04516097,0.4416624,-0.999786,-0.01320963,-0.01592195,1,1,1,-0.3814007,1.075629,0.1888222,-3.47836,-34.1869,0.1553015,0.6994184,-0.9452317,0.03804282,0.3241756,1,1,0,-0.06563525,1.50435,-0.2195991,2.556188,-71.82661,-0.021334,0.4457563,-0.8648769,0.501556,-0.02072325,1,0.5,1,-5.960464E-08,2,0.225496,25.00002,-100.0001,0,0.799209,-0.5790659,0.7466083,0.3275039,0,0,0,-5.960464E-08,2,-0.225496,25.00002,-100.0001,0,0.7278222,-0.6127333,0.7900169,-0.02076522,0,0,1
322,-0.1995835,1.541631,0.223421,12.24911,-67.18065,-0.01786128,0.4150403,-0.6879275,0.5591353,0.4627348,1,0.5,0,-0.5778794,1.186586,-0.2069838,12.78958,-30.11155,0.1979441,0.5198936,-0.98812,0.1535319,-0.006847549,1,1,1,-0.4969175,1.137581,0.2339086,7.132569,-32.28227,0.00395924,0.5289983,-0.9006969,0.1045494,0.4216806,1,1,0,-0.2531684,1.568769,-0.2235609,16.0074,-65.72939,0.02283231,0.3702913,-0.784871,0.6190676,-0.02707241,1,0.5,1,-5.960464E-08,2,0.225496,25.00002,-100.0001,0,0.6431359,-0.376069,0.8485433,0.3722182,0,0,0,-5.960464E-08,2,-0.225496,25.00002,-100.0001,0,0.5613024,-0.4050664,0.9139716,-0.0240233,0,0,1
323,-0.06627788,1.504308,0.2230966,3.991202,-71.97079,0.01045168,0.1609075,-0.2741134,0.7176612,0.6401752,1,0.5,0,-0.3375811,1.060242,-0.2023022,-3.314291,-36.81622,-0.2763131,-0.04651773,-0.9977609,0.06668884,-0.005076812,1,1,1,-0.2004912,1.020862,0.2254459,-12.6546,-41.31998,-0.0695892,0.02967006,-0.5954216,-0.01725268,0.8032282,1,1,0,-0.1305774,1.517387,-0.2231017,8.211718,-69.57831,-0.0513606,0.04619771,-0.4494034,0.8923272,-0.04229552,1,0.5,1,-5.960464E-08,2,0.225496,25.00002,-100.0001,0,0.5654323,-0.1078302,0.9104288,0.3993646,0,0,0,-5.960464E-08,2,-0.225496,25.00002,-100.0001,0,0.4771128,-0.1175768,0.9927209,-0.02609319,0,0,1
324,0.09624834,1.50935,0.2175555,-4.263397,-80.27035,-0.02851338,0.2022735,0.424945,0.6825689,0.5945767,1,0.5,0,-0.269015,1.051972,-0.1037193,-9.455674,-38.98475,0.350642,-0.3807533,-0.5604827,0.1842592,0.807408,1,1,1,-0.01642291,1.02336,0.2682158,-23.55921,-50.15912,0.3727765,0.003761411,0.3687388,-0.01318076,0.9294395,1,1,0,-0.04808627,1.50262,-0.2090802,2.348046,-72.70235,0.06694797,-0.002811223,0.3099287,0.9505844,-0.01826312,1,0.5,1,-5.960464E-08,2,0.225496,25.00002,-100.0001,0,0.578343,0.1874907,0.8995285,0.3945831,0,0,0,-5.960464E-08,2,-0.225496,25.00002,-100.0001,0,0.4911746,0.2039795,0.9786372,-0.02572301,0,0,1
325,-0.03413404,1.501122,0.2216861,1.03712,-73.3116,0.008197132,0.3026788,0.6160467,0.5869372,0.5253485,1,0.5,0,-0.4434778,1.132418,-0.1633344,3.579882,-34.58241,-0.4337015,-0.3618575,0.616348,0.7413961,0.2654186,1,1,1,-0.2947393,1.073949,0.2584655,-7.391654,-38.87801,-0.1702071,0.01654923,0.4527785,0.08508193,0.8875543,1,1,0,-0.1211002,1.514868,-0.2205162,6.34749,-69.58822,-0.04276486,0.1337124,0.64307,0.7651228,-0.03237455,1,0.5,1,-5.960464E-08,2,0.225496,25.00002,-100.0001,0,0.6838024,0.4465455,0.8193938,0.3594316,0,0,0,-5.960464E-08,2,-0.225496,25.00002,-100.0001,0,0.6049848,0.4783972,0.8778404,-0.02307361,0,0,1
326,-0.2362818,1.559496,0.2228196,14.95529,-66.24352,0.007910284,0.4120344,0.6693416,0.5805656,0.4636005,1,0.5,0,-0.2368867,1.030313,-0.1946687,-10.42802,-39.93538,0.2376103,0.1098809,0.9999617,0.0005127,0.008741579,1,1,1,-0.3316267,1.067607,0.2446559,-4.700311,-36.9109,0.05142244,0.1815272,0.7558284,0.05518024,0.6524404,1,1,0,-0.1656899,1.528226,-0.2214544,9.893738,-68.20396,0.01234636,0.3441119,0.8068295,0.5902374,-0.02541656,1,0.5,1,-5.960464E-08,2,0.225496,25.00002,-100.0001,0,0.856069,0.6244109,0.7153031,0.3137716,0,0,0,-5.960464E-08,2,-0.225496,25.00002,-100.0001,0,0.7878379,0.6574929,0.7532006,-0.01979752,0,0,1
327,0.02662949,1.500774,0.2225478,-0.05376843,-76.33515,0.04375877,0.572619,0.8075743,0.4389017,0.3939403,1,0.5,0,0.08219658,1.007144,-0.233623,-28.03173,-54.31465,-0.1727828,0.4226828,0.9990287,-0.02477124,-0.03644045,1,1,1,-0.01677225,1.000678,0.20629,-22.66527,-49.18612,-0.002218039,0.4181287,0.8961899,-0.03193634,0.4425196,1,1,0,0.09001002,1.508237,-0.2239176,-3.341388,-79.79066,-0.03433229,0.5456764,0.888994,0.4573471,-0.0228729,1,0.5,1,-5.960464E-08,2,0.225496,25.00002,-100.0001,0,0.8516134,0.6211761,0.717661,0.314806,0,0,0,-5.960464E-08,2,-0.225496,25.00002,-100.0001,0,0.7831453,0.6543218,0.7559551,-0.01986992,0,0,1
328,0.1814236,1.534093,0.2230303,-7.541592,-85.84727,-0.01076609,0.457973,0.7267079,0.526208,0.4415889,1,0.5,0,0.2772289,1.038886,-0.2213101,-36.58643,-65.69778,-0.1000099,0.2923084,0.9995753,0.01121485,-0.02689625,1,1,1,0.4075827,1.087229,0.2077724,-40.14575,-74.32498,-0.2886028,0.5100684,0.913132,0.05665882,0.4037077,1,1,0,0.1147447,1.513418,-0.2224798,-5.413527,-81.48412,0.0157863,0.2940106,0.7927952,0.6088302,-0.02831175,1,0.5,1,-5.960464E-08,2,0.225496,25.00002,-100.0001,0,0.6776705,0.4370857,0.8236602,0.3613031,0,0,0,-5.960464E-08,2,-0.225496,25.00002,-100.0001,0,0.5984129,0.4686243,0.8830926,-0.02321167,0,0,1
329,0.09445901,1.509052,0.2235354,-4.451717,-80.20789,0.02071113,0.2013201,0.4107347,0.6830721,0.6039118,1,0.5,0,0.2428142,1.043705,-0.2407958,-35.49453,-64.57892,0.09870756,-0.0614714,0.9951728,0.03125173,-0.09302873,1,1,1,0.3413902,1.072684,0.1983692,-39.47588,-71.25285,0.2431185,0.16838,0.8004244,0.06386252,0.596022,1,1,0,0.0392774,1.50147,-0.2240148,-1.892576,-77.0377,-0.006480517,0.02639449,0.4423961,0.8956586,-0.04562133,1,0.5,1,-5.960464E-08,2,0.225496,25.00002,-100.0001,0,0.5767671,0.1797951,0.900845,0.3951606,0,0,0,-5.960464E-08,2,-0.225496,25.00002,-100.0001,0,0.4894597,0.1956597,0.9803333,-0.02576759,0,0,1
330,-0.02791414,1.50094,0.211858,0.6111618,-73.6159,-0.2209828,0.1445626,-0.2405966,0.7306346,0.6389729,1,0.5,0,0.2316614,1.026416,-0.1761781,-34.54352,-62.88927,0.5079331,-0.3927631,0.9744412,-0.03342272,0.2221425,1,1,1,-0.06553933,0.9998362,0.1634588,-21.94461,-46.77185,-0.1871371,-0.08751088,-0.4671754,-0.07312621,0.8811355,1,1,0,0.1166333,1.513833,-0.2149999,-4.337882,-81.33985,0.254883,-0.01581955,-0.02175248,0.9992833,-0.03098,1,0.5,1,-5.960464E-08,2,0.225496,25.00002,-100.0001,0,0.5668263,-0.1191998,0.9092391,0.3988428,0,0,0,-5.960464E-08,2,-0.225496,25.00002,-100.0001,0,0.4786325,-0.129942,0.9911793,-0.02605267,0,0,1
331,0.06572219,1.504264,0.2251585,-2.381028,-78.41959,0.01729653,0.2420962,-0.513162,0.6390873,0.5729156,1,0.5,0,0.4565555,1.157883,-0.2001378,-39.60801,-80.52629,-0.4348295,-0.371725,0.07809565,0.9969453,-0.001074068,1,1,1,0.4097327,1.141689,0.2480875,-37.08654,-76.93354,-0.2932989,-0.03673822,-0.07944772,0.2410928,0.9672447,1,1,0,0.1012762,1.510282,-0.2243822,-4.387243,-80.55183,-0.03474952,0.09200549,-0.5832068,0.8112789,-0.0411858,1,0.5,1,-5.960464E-08,2,0.225496,25.00002,-100.0001,0,0.649497,-0.3884637,0.8438476,0.3701584,0,0,0,-5.960464E-08,2,-0.225496,25.00002,-100.0001,0,0.568151,-0.4180475,0.9081116,-0.02386928,0,0,1
332,0.2532735,1.569031,0.2213045,-9.277607,-91.14946,0.02228544,0.3524553,-0.5965761,0.6323282,0.4942248,1,0.5,0,0.330508,1.054586,-0.1950851,-39.55859,-69.51243,0.1979754,-0.06795189,-0.9983147,0.05690644,0.01137584,1,1,1,0.5391194,1.158325,0.1909651,-44.68576,-85.31227,0.1831376,-0.03211102,-0.4759859,0.2742635,0.8355938,1,1,0,0.1632696,1.527586,-0.2186076,-6.729182,-84.52186,-0.01553447,0.2785948,-0.7687675,0.6390817,-0.02389897,1,0.5,1,-5.960464E-08,2,0.225496,25.00002,-100.0001,0,0.8047334,-0.5838956,0.7434471,0.3261172,0,0,0,-5.960464E-08,2,-0.225496,25.00002,-100.0001,0,0.7336663,-0.6175317,0.7862744,-0.02066685,0,0,1
333,0.005431917,1.50004,0.2232376,-1.556979,-75.32491,-0.02382995,0.6081704,-0.8211107,0.4241589,0.3819247,1,0.5,0,0.06956778,1.003036,-0.2268061,-29.31006,-53.74704,0.1160622,0.3466488,-0.9989911,-0.03184757,-0.03166144,1,1,1,-0.01531915,0.9995595,0.2161258,-26.35819,-49.2327,-0.07033277,0.5199292,-0.9124963,-0.02984571,0.4079948,1,1,0,0.06023284,1.50355,-0.2243962,-3.530712,-78.2924,0.03651308,0.4777994,-0.8745451,0.484302,-0.02495006,1,0.5,1,-5.960464E-08,2,0.225496,25.00002,-100.0001,0,0.8999414,-0.6538577,0.6928863,0.3039384,0,0,0,-5.960464E-08,2,-0.225496,25.00002,-100.0001,0,0.8339562,-0.6862013,0.7271605,-0.01911306,0,0,1
334,-0.2379681,1.560187,0.2235011,14.7231,-66.01885,0.0323102,0.5786706,-0.7773441,0.4915186,0.3926139,1,0.5,0,-0.3239201,1.05382,-0.2106123,-7.331476,-36.10005,-0.1749837,0.424818,-0.9996024,0.02575595,-0.01147506,1,1,1,-0.4377215,1.1009,0.2232599,1.521177,-32.95072,0.07889572,0.623451,-0.9241628,0.06310951,0.3767497,1,1,0,-0.1823387,1.534434,-0.2233126,10.26103,-67.39317,-0.02924429,0.4316014,-0.8403475,0.5414702,-0.02502422,1,0.5,1,-5.960464E-08,2,0.225496,25.00002,-100.0001,0,0.7176141,-0.4932024,0.7966402,0.3494506,0,0,0,-5.960464E-08,2,-0.225496,25.00002,-100.0001,0,0.6411341,-0.5262573,0.8500317,-0.02234268,0,0,1
335,-0.1100537,1.512252,0.2237866,6.725272,-70.25712,-0.002796949,0.2481443,-0.5134468,0.6445979,0.5664503,1,0.5,0,-0.4843858,1.139001,-0.1879672,6.471113,-32.73893,0.2403096,0.2663514,-0.9897085,0.1422338,0.01570144,1,1,1,-0.337344,1.065356,0.2318962,-3.905842,-36.72415,-0.03630148,0.2494144,-0.8158672,0.04717791,0.5763115,1,1,0,-0.1712643,1.530367,-0.2226717,10.56572,-68.13058,0.008305911,0.1702328,-0.6644602,0.7465578,-0.03382667,1,0.5,1,-5.960464E-08,2,0.225496,25.00002,-100.0001,0,0.5941054,-0.2505049,0.8865693,0.3888986,0,0,0,-5.960464E-08,2,-0.225496,25.00002,-100.0001,0,0.5083004,-0.2718225,0.9620152,-0.02528611,0,0,1
336,0.01957071,1.500341,0.2219809,-0.8813501,-75.99644,-0.06454887,0.1351568,0.1012528,0.7405111,0.6643728,1,0.5,0,-0.1509933,1.018768,-0.2044804,-17.62511,-42.64249,0.5880165,-0.3930615,-0.9935856,-0.1050348,-0.04189719,1,1,1,0.04221674,0.999113,0.2028552,-26.19182,-52.07711,-0.6976913,-0.08671084,0.2104034,-0.07473447,0.9747539,1,1,0,-0.02045031,1.500371,-0.2270067,1.449489,-74.02045,-0.08578751,-0.02822846,0.05148764,0.9970316,-0.05724526,1,0.5,1,-5.960464E-08,2,0.225496,25.00002,-100.0001,0,0.5601647,0.04220161,0.9149525,0.4013489,0,0,0,-5.960464E-08,2,-0.225496,25.00002,-100.0001,0,0.4713662,0.04605952,0.9985937,-0.02624756,0,0,1
337,0.01071882,1.500137,0.2223555,-1.013209,-75.5556,0.01778827,0.2325989,0.5057662,0.6417391,0.5765167,1,0.5,0,-0.4034102,1.130754,-0.1491765,1.024142,-36.06526,-0.179305,-0.379021,-0.3604363,0.8328266,0.420102,1,1,1,-0.2177894,1.054645,0.2545685,-12.70841,-41.43021,0.1517207,-0.02312654,0.2978055,0.05168007,0.9532267,1,1,0,-0.07583238,1.505878,-0.2200934,3.718972,-71.43915,-0.01087636,0.05453074,0.5120953,0.8581641,-0.03623503,1,0.5,1,-5.960464E-08,2,0.225496,25.00002,-100.0001,0,0.618663,0.3216383,0.8671068,0.3803612,0,0,0,-5.960464E-08,2,-0.225496,25.00002,-100.0001,0,0.5348961,0.3476725,0.9372924,-0.02463628,0,0,1
338,-0.2263316,1.554253,0.2244532,13.42302,-66.09701,0.0002920629,0.3150079,0.5612499,0.6432493,0.5207964,1,0.5,0,-0.4601887,1.113365,-0.226942,4.263463,-33.05923,0.01616926,-0.2598807,0.9310619,0.3471804,-0.1122027,1,1,1,-0.4254216,1.094514,0.2223633,1.060844,-33.46246,0.0796378,-0.0007117689,0.5174025,0.129212,0.8459308,1,1,0,-0.211679,1.546955,-0.2262167,12.74256,-66.67841,0.01898632,0.2005604,0.6738544,0.7379159,-0.03742253,1,0.5,1,-5.960464E-08,2,0.225496,25.00002,-100.0001,0,0.7607409,0.5423434,0.7693891,0.3374968,0,0,0,-5.960464E-08,2,-0.225496,25.00002,-100.0001,0,0.687043,0.576015,0.8171569,-0.02147857,0,0,1
339,-0.1121992,1.512779,0.224213,7.238142,-70.27824,0.001706184,0.5948009,0.8095685,0.4409745,0.3874795,1,0.5,0,-0.08630669,1.003615,-0.2094349,-19.18098,-46.0353,-0.0627652,0.4126391,0.9995285,-0.02891061,-0.01033807,1,1,1,-0.2413636,1.029497,0.2133239,-10.3374,-39.68616,-0.1265027,0.3626215,0.8777336,-0.0005829031,0.4791486,1,1,0,-0.06058977,1.503781,-0.2237394,4.353372,-72.3139,0.01202003,0.5510645,0.8923579,0.450763,-0.02258605,1,0.5,1,-5.960464E-08,2,0.225496,25.00002,-100.0001,0,0.9556718,0.6859482,0.6663592,0.2923021,0,0,0,-5.960464E-08,2,-0.225496,25.00002,-100.0001,0,0.8923303,0.7171541,0.696674,-0.01831174,0,0,1
340,0.1537318,1.524277,0.2259001,-6.125309,-83.78408,0.01780093,0.5567718,0.7866445,0.4677234,0.40302,1,0.5,0,0.3002005,1.046188,-0.2245335,-36.63851,-67.02669,0.07192123,0.4782141,0.9995485,0.01654867,-0.02507993,1,1,1,0.2426352,1.031954,0.222481,-34.04665,-63.41358,0.1267866,0.5125587,0.9087939,0.001930078,0.417241,1,1,0,0.169904,1.529803,-0.2247429,-7.008032,-84.98438,-0.002422185,0.4841905,0.8610893,0.5078318,-0.02514037,1,0.5,1,-5.960464E-08,2,0.225496,25.00002,-100.0001,0,0.7573985,0.5388681,0.7714342,0.3383939,0,0,0,-5.960464E-08,2,-0.225496,25.00002,-100.0001,0,0.6834924,0.572519,0.8196083,-0.02154301,0,0,1
341,0.1449995,1.521401,0.2242095,-6.2992,-83.36021,-0.007000568,0.3215489,0.6128691,0.5981393,0.5163533,1,0.5,0,0.3952352,1.10417,-0.2411327,-39.97032,-75.1992,0.02553985,0.2584944,0.9937289,0.09778614,-0.05422937,1,1,1,0.4758388,1.14573,0.2005996,-41.55352,-81.04299,-0.06506818,0.4327374,0.8945083,0.1240761,0.4294881,1,1,0,0.1030529,1.510672,-0.2246423,-4.772916,-80.72504,-0.001681597,0.1668482,0.6921448,0.7208121,-0.03695335,1,0.5,1,-5.960464E-08,2,0.225496,25.00002,-100.0001,0,0.6182448,0.3205939,0.8674311,0.3805034,0,0,0,-5.960464E-08,2,-0.225496,25.00002,-100.0001,0,0.5344441,0.3465653,0.937702,-0.02464705,0,0,1
342,0.1154138,1.513477,0.2240259,-5.379311,-81.52023,0.01250282,0.1611806,0.2324031,0.7312333,0.6413163,1,0.5,0,0.07139151,1.002342,-0.2120569,-29.73715,-53.79218,0.08803237,-0.3862862,0.9641584,-0.2432214,-0.1060283,1,1,1,0.1721855,1.015651,0.2273087,-34.50281,-59.67207,0.1890638,-0.02347061,0.441593,-0.03011093,0.8967101,1,1,0,0.0592618,1.503481,-0.2232908,-3.055707,-78.17134,0.01074002,-0.0160217,0.2014727,0.9783112,-0.04812355,1,0.5,1,-5.960464E-08,2,0.225496,25.00002,-100.0001,0,0.5599104,0.0360847,0.9151719,0.4014452,0,0,0,-5.960464E-08,2,-0.225496,25.00002,-100.0001,0,0.4710888,0.03938523,0.9988791,-0.02625506,0,0,1
343,-0.06731889,1.504677,0.2179141,3.273785,-71.8164,-0.08291009,0.2207382,-0.4796154,0.658599,0.5798417,1,0.5,0,0.3307905,1.092192,-0.1136202,-36.33936,-70.52627,-0.02809578,-0.3813474,0.4418969,0.5241514,0.7280058,1,1,1,0.05896163,1.016537,0.2374126,-25.88759,-53.43436,0.4326614,-0.01046354,-0.4481723,-0.02750157,0.8935241,1,1,0,0.05500118,1.50305,-0.2155668,-2.818762,-77.93933,-0.0613496,0.02336115,-0.4267744,0.9038689,-0.02974386,1,0.5,1,-5.960464E-08,2,0.225496,25.00002,-100.0001,0,0.5951853,-0.2541656,0.8856951,0.3885151,0,0,0,-5.960464E-08,2,-0.225496,25.00002,-100.0001,0,0.5094721,-0.2757465,0.9608985,-0.02525676,0,0,1
344,0.09019811,1.508141,0.2250618,-3.028848,-79.74912,-0.002328307,0.3185982,-0.6238617,0.5840977,0.5192557,1,0.5,0,0.359717,1.085256,-0.2253435,-39.27943,-72.80598,-0.3787333,-0.2512832,-0.9696701,0.2221639,-0.1018971,1,1,1,0.3788853,1.098324,0.2250617,-38.59022,-74.17626,-0.4068846,-0.01561186,-0.4583203,0.1410524,0.8775231,1,1,0,0.09333565,1.508829,-0.2260141,-3.837977,-80.02984,-0.0208214,0.198259,-0.7268859,0.685747,-0.03725571,1,0.5,1,-5.960464E-08,2,0.225496,25.00002,-100.0001,0,0.7177917,-0.4934262,0.796524,0.3493997,0,0,0,-5.960464E-08,2,-0.225496,25.00002,-100.0001,0,0.6413237,-0.5264854,0.8498906,-0.02233897,0,0,1
345,0.2041829,1.54356,0.221192,-8.593685,-87.65431,0.03207551,0.4747512,-0.7319179,0.5268624,0.4321021,1,0.5,0,0.04164665,1.021493,-0.1646366,-26.7334,-53.27617,-0.1291723,0.3767288,-0.9991391,-0.009702587,0.0403356,1,1,1,0.244892,1.042486,0.2373826,-36.28394,-64.65689,0.1129441,0.3025106,-0.8382801,0.01555865,0.5450178,1,1,0,0.1206017,1.514704,-0.2208399,-5.75876,-81.88972,0.005718323,0.4330658,-0.8541938,0.5194748,-0.02233487,1,0.5,1,-5.960464E-08,2,0.225496,25.00002,-100.0001,0,0.9014189,-0.6547797,0.6921558,0.303618,0,0,0,-5.960464E-08,2,-0.225496,25.00002,-100.0001,0,0.8355068,-0.6870955,0.7263162,-0.01909087,0,0,1
346,-0.1608778,1.526632,0.2249251,8.549533,-68.02177,-0.0006772581,0.6335759,-0.8170333,0.438111,0.3748536,1,0.5,0,-0.1080621,1.016252,-0.2112364,-19.19577,-45.28056,0.2424368,0.3735341,-0.9997934,-0.01573829,-0.0128632,1,1,1,-0.1804276,1.025929,0.2338122,-16.01835,-41.98738,0.1086452,0.5404779,-0.9089276,-0.003912164,0.4169355,1,1,0,-0.128567,1.516879,-0.224723,6.747638,-69.27514,0.02612249,0.5181577,-0.8779176,0.4781957,-0.02428211,1,0.5,1,-5.960464E-08,2,0.225496,25.00002,-100.0001,0,0.8067588,-0.585641,0.7422948,0.3256117,0,0,0,-5.960464E-08,2,-0.225496,25.00002,-100.0001,0,0.7358081,-0.6192641,0.7849117,-0.02063103,0,0,1
347,-0.1538886,1.524219,0.2215129,9.636512,-68.77236,0.01846776,0.3839296,-0.6782265,0.5591161,0.4768625,1,0.5,0,-0.2641769,1.039327,-0.2323007,-10.22464,-38.52194,-0.2974869,0.2105885,-0.9988801,0.01312531,-0.04545628,1,1,1,-0.4106262,1.092126,0.1909094,0.2629355,-34.00066,-0.08937646,0.4433029,-0.9077064,0.06586025,0.414405,1,1,0,-0.081005,1.506703,-0.2230841,4.693308,-71.33038,-0.0605941,0.21071,-0.7409785,0.6707427,-0.03248028,1,0.5,1,-5.960464E-08,2,0.225496,25.00002,-100.0001,0,0.6491392,-0.3877824,0.8441104,0.3702737,0,0,0,-5.960464E-08,2,-0.225496,25.00002,-100.0001,0,0.567766,-0.4173349,0.908439,-0.02387788,0,0,1
348,-0.004715663,1.499934,0.2251964,0.339292,-74.77111,-0.006539377,0.1483319,-0.2109491,0.724835,0.6558313,1,0.5,0,-0.1934659,1.022169,-0.2103288,-13.47268,-41.76436,0.06734136,-0.1742268,-0.9992082,-0.02403849,-0.03170544,1,1,1,-0.117555,1.012005,0.234132,-17.00247,-45.11388,-0.05555155,0.001095533,-0.4981174,-0.03591179,0.8663657,1,1,0,-0.04560505,1.502072,-0.223933,2.128862,-72.80614,0.02589376,0.004961669,-0.3518177,0.934868,-0.04739567,1,0.5,1,-5.960464E-08,2,0.225496,25.00002,-100.0001,0,0.5674195,-0.123709,0.9087338,0.3986211,0,0,0,-5.960464E-08,2,-0.225496,25.00002,-100.0001,0,0.4792792,-0.1348435,0.9905248,-0.02603547,0,0,1
349,-0.04278105,1.501852,0.2157599,1.26171,-72.89766,0.1221352,0.1463228,0.2306969,0.7300568,0.6432698,1,0.5,0,-0.3036247,1.045486,-0.1892861,-8.611046,-36.75685,-0.1387202,-0.3866854,-0.9860947,0.1366659,0.0945497,1,1,1,-0.00819763,1.002702,0.150444,-26.22704,-49.73508,0.4819037,-0.1033925,0.4631483,-0.06882959,0.883604,1,1,0,-0.1711893,1.530257,-0.2151881,9.815629,-67.87094,-0.1064539,0.0009151697,0.04131724,0.9986858,-0.03032076,1,0.5,1,-5.960464E-08,2,0.225496,25.00002,-100.0001,0,0.5764606,0.1782561,0.9011015,0.3952731,0,0,0,-5.960464E-08,2,-0.225496,25.00002,-100.0001,0,0.4891262,0.1939951,0.9806638,-0.02577628,0,0,1
350,-0.212152,1.547344,0.2235292,12.59848,-66.58888,-0.01910553,0.2335289,0.4113433,0.7052816,0.5773859,1,0.5,0,-0.4920068,1.152936,-0.2414786,7.165073,-32.93263,-0.0890464,-0.3684233,0.1662712,0.9343318,-0.3152426,1,1,1,-0.6123573,1.247865,0.1826345,17.13597,-30.90436,-0.4514525,-0.04881108,-0.2182524,0.4828697,0.8480582,1,1,0,-0.1561553,1.525113,-0.2234022,9.198731,-68.4877,0.04854726,0.1112729,0.5852197,0.8099706,-0.03828445,1,0.5,1,-5.960464E-08,2,0.225496,25.00002,-100.0001,0,0.6772953,0.4364955,0.8239226,0.3614182,0,0,0,-5.960464E-08,2,-0.225496,25.00002,-100.0001,0,0.5980107,0.4680138,0.8834161,-0.02322017,0,0,1
351,-0.1896899,1.537253,0.2249342,11.84358,-67.59923,0.05376788,0.4190927,0.6940032,0.5519062,0.462341,1,0.5,0,-0.3687458,1.071454,-0.2231535,-2.11261,-35.60321,0.1709149,-0.03875214,0.9946873,0.08987453,-0.05019759,1,1,1,-0.488125,1.135454,0.2069093,7.749832,-33.41007,0.4679384,0.04027814,0.6282287,0.195185,0.7531478,1,1,0,-0.1469265,1.52207,-0.2236973,8.348971,-68.72366,-0.02146737,0.3401985,0.8100666,0.5856591,-0.02820436,1,0.5,1,-5.960464E-08,2,0.225496,25.00002,-100.0001,0,0.8441633,0.6156567,0.7216387,0.3165508,0,0,0,-5.960464E-08,2,-0.225496,25.00002,-100.0001,0,0.7752954,0.6489031,0.7606083,-0.01999222,0,0,1
352,0.06673639,1.5044,0.2223867,-1.940049,-78.43324,-0.002828987,0.6153673,0.8219988,0.4253307,0.3786974,1,0.5,0,0.0390289,1.000691,-0.2161641,-25.37463,-51.9812,0.1693503,0.3897529,0.9992922,-0.03294038,-0.0181669,1,1,1,0.2410274,1.034396,0.1855505,-33.3351,-63.33004,-0.0829004,0.6572446,0.9428618,0.003798439,0.3331625,1,1,0,-0.01095193,1.500068,-0.2217033,1.387268,-74.49334,0.05090462,0.4620782,0.8722183,0.4885962,-0.0225588,1,0.5,1,-5.960464E-08,2,0.225496,25.00002,-100.0001,0,0.8581632,0.6259146,0.7142001,0.3132878,0,0,0,-5.960464E-08,2,-0.225496,25.00002,-100.0001,0,0.7900429,0.6589658,0.7519132,-0.01976368,0,0,1
353,0.2176484,1.549745,0.2252429,-8.471042,-88.40709,-0.007259849,0.5046436,0.7437695,0.5173426,0.4232774,1,0.5,0,0.5090107,1.140158,-0.2227699,-42.51628,-81.92596,0.08441213,0.5446593,0.9941858,0.1054485,-0.0217965,1,1,1,0.5244182,1.15421,0.2277283,-43.46335,-83.85671,0.1504735,0.6442381,0.9211308,0.1085524,0.3738106,1,1,0,0.230044,1.555933,-0.2255824,-8.30956,-89.09976,-0.001884998,0.4242731,0.8218553,0.5690235,-0.02767842,1,0.5,1,-5.960464E-08,2,0.225496,25.00002,-100.0001,0,0.6842283,0.4471897,0.8190991,0.3593023,0,0,0,-5.960464E-08,2,-0.225496,25.00002,-100.0001,0,0.6054411,0.4790619,0.877478,-0.02306409,0,0,1
354,0.1084972,1.511983,0.2218157,-5.403218,-81.15397,-0.004345926,0.2170686,0.4496278,0.6721581,0.5882502,1,0.5,0,0.4782655,1.128751,-0.1848388,-43.64402,-81.13326,-0.0109166,0.1993554,0.9897434,0.1412026,0.02167882,1,1,1,0.3031642,1.048265,0.2228121,-38.85593,-67.9313,0.105811,0.1681889,0.7738545,0.02733545,0.6327732,1,1,0,0.1855658,1.535872,-0.2218111,-7.892988,-86.22695,0.02200157,0.1449562,0.6193948,0.7843509,-0.03381795,1,0.5,1,-5.960464E-08,2,0.225496,25.00002,-100.0001,0,0.5806053,0.1979601,0.8976454,0.3937571,0,0,0,-5.960464E-08,2,-0.225496,25.00002,-100.0001,0,0.4936352,0.215287,0.9762136,-0.02565931,0,0,1
355,-0.08276241,1.507046,0.2169319,3.467985,-71.05416,-0.1525969,0.1623973,-0.2918194,0.7201811,0.6294287,1,0.5,0,0.2115446,1.04858,-0.1674642,-32.37359,-62.80831,0.7415491,-0.3922682,0.9375749,0.1724671,0.3020076,1,1,1,-0.03709941,1.001448,0.2057656,-22.71679,-48.14104,0.3967063,-0.06726706,-0.3411743,-0.06598133,0.9376814,1,1,0,0.009854546,1.500124,-0.2239739,0.08828878,-75.48972,0.1230538,-0.01861861,-0.2091551,0.9766135,-0.04980229,1,0.5,1,-5.960464E-08,2,0.225496,25.00002,-100.0001,0,0.5649723,-0.1037942,0.9108221,0.3995371,0,0,0,-5.960464E-08,2,-0.225496,25.00002,-100.0001,0,0.4766111,-0.1131853,0.9932309,-0.0261066,0,0,1
356,-0.01835878,1.500473,0.2208017,1.48453,-74.12402,-0.002018363,0.2748756,-0.5800406,0.6071588,0.5430571,1,0.5,0,0.4125795,1.138201,-0.1376827,-38.12189,-77.43738,-0.1794615,-0.3737701,-0.1467247,0.8571762,0.493681,1,1,1,0.2138847,1.056647,0.2584209,-31.77229,-63.2525,0.1140535,0.007978857,-0.427608,0.05245615,0.902441,1,1,0,0.08006231,1.506418,-0.2190603,-3.161408,-79.25234,-0.005561861,0.09208572,-0.5928842,0.804644,-0.03219171,1,0.5,1,-5.960464E-08,2,0.225496,25.00002,-100.0001,0,0.6435887,-0.3769718,0.8482073,0.3720708,0,0,0,-5.960464E-08,2,-0.225496,25.00002,-100.0001,0,0.5617901,-0.406013,0.9135518,-0.02401227,0,0,1
357,0.2298786,1.556068,0.2243168,-8.170302,-89.02763,-0.004466625,0.3539069,-0.6111741,0.6160718,0.4969122,1,0.5,0,0.3780161,1.074456,-0.2235857,-41.0565,-73.00082,0.144773,-0.1228788,-0.9910561,0.1178829,-0.0625413,1,1,1,0.3708303,1.074175,0.227369,-39.96413,-72.19173,0.176552,0.07420075,-0.6634161,0.07693391,0.7442851,1,1,0,0.1963393,1.540101,-0.2251601,-7.79299,-86.81341,0.0383705,0.2545418,-0.736109,0.6760411,-0.03334488,1,0.5,1,-5.960464E-08,2,0.225496,25.00002,-100.0001,0,0.798883,-0.5787777,0.7467957,0.3275861,0,0,0,-5.960464E-08,2,-0.225496,25.00002,-100.0001,0,0.7274772,-0.6124467,0.7902389,-0.02077105,0,0,1
358,0.07972695,1.506524,0.2226665,-4.599218,-79.47422,-0.01652838,0.568531,-0.8029019,0.4459619,0.3955585,1,0.5,0,0.005526029,0.9989099,-0.2080093,-26.29033,-50.26334,-0.2432414,0.4326793,-0.9994074,-0.03333416,-0.008587394,1,1,1,0.1818901,1.0166,0.2066536,-34.54261,-60.1744,-0.09489138,0.3583261,-0.8805075,-0.01561132,0.4737752,1,1,0,0.001174984,1.499912,-0.2214218,-1.248774,-75.08784,0.01834483,0.5479823,-0.8936006,0.4483972,-0.020441,1,0.5,1,-5.960464E-08,2,0.225496,25.00002,-100.0001,0,0.9146165,-0.6628317,0.6856984,0.3007854,0,0,0,-5.960464E-08,2,-0.225496,25.00002,-100.0001,0,0.8493491,-0.6948925,0.7188653,-0.01889503,0,0,1
359,-0.1718675,1.530463,0.2259107,9.931756,-67.86298,-0.002471359,0.5236098,-0.7666999,0.4889202,0.416087,1,0.5,0,-0.2733101,1.037669,-0.2219383,-10.18385,-38.06147,0.02211482,0.3865487,-0.9996564,0.008650099,-0.02474576,1,1,1,-0.2891192,1.044162,0.2287607,-9.706285,-37.42572,0.007911029,0.4988675,-0.9030759,0.01417836,0.4292468,1,1,0,-0.1521738,1.523756,-0.2245608,9.0447,-68.65989,0.01961068,0.4109272,-0.8399219,0.542037,-0.02696241,1,0.5,1,-5.960464E-08,2,0.225496,25.00002,-100.0001,0,0.7237792,-0.5008534,0.7926269,0.3476902,0,0,0,-5.960464E-08,2,-0.225496,25.00002,-100.0001,0,0.6477102,-0.5340495,0.8451613,-0.02221466,0,0,1
360,-0.1215506,1.515047,0.2232745,6.964426,-69.7127,-0.01417399,0.2672973,-0.544129,0.6321496,0.5516434,1,0.5,0,-0.3018176,1.063829,-0.2380794,-6.335303,-38.23103,-0.0457138,0.09994191,-0.9963893,0.05638788,-0.06347185,1,1,1,-0.4496405,1.138018,0.1814804,4.774342,-34.68926,-0.01729653,0.3444598,-0.8829296,0.1279133,0.4517449,1,1,0,-0.06100268,1.503763,-0.2234027,3.394345,-72.15849,-0.006652626,0.09365004,-0.6012983,0.7980516,-0.03942172,1,0.5,1,-5.960464E-08,2,0.225496,25.00002,-100.0001,0,0.5997902,-0.2691042,0.8819866,0.3868883,0,0,0,-5.960464E-08,2,-0.225496,25.00002,-100.0001,0,0.5144663,-0.2917378,0.9561681,-0.02513242,0,0,1
361,-0.07064052,1.504977,0.226017,4.192283,-71.78639,0.002780558,0.139433,-0.06600176,0.7428094,0.6662418,1,0.5,0,-0.1331393,1.008601,-0.2220182,-18.98104,-43.63083,0.08065331,-0.3908885,-0.9595914,-0.1961196,-0.2017954,1,1,1,-0.05807864,1.004622,0.2226258,-20.22666,-47.39487,-0.2224454,-0.07557654,-0.06984021,-0.05979347,0.9957646,1,1,0,-0.06834971,1.504804,-0.2250319,3.657772,-71.82037,-0.01029969,-0.02286473,-0.08365111,0.9951131,-0.05246292,1,0.5,1,-5.960464E-08,2,0.225496,25.00002,-100.0001,0,0.5596018,0.02683721,0.9154385,0.4015622,0,0,0,-5.960464E-08,2,-0.225496,25.00002,-100.0001,0,0.4707519,0.02929354,0.9992257,-0.02626417,0,0,1
362,0.03078637,1.500976,0.2206319,-1.688395,-76.60357,0.06267431,0.2346131,0.5109833,0.6411217,0.5725897,1,0.5,0,-0.3894079,1.121917,-0.1375026,0.0215605,-36.08442,-0.2389082,-0.3801524,-0.3739683,0.7669503,0.5214738,1,1,1,-0.1963705,1.054813,0.2643681,-14.14326,-42.14227,0.4006372,-0.01192009,0.3036759,0.0508381,0.9514181,1,1,0,-0.0720969,1.505261,-0.2183249,4.022162,-71.67627,-0.03144295,0.04814273,0.4971182,0.8670385,-0.03343091,1,0.5,1,-5.960464E-08,2,0.225496,25.00002,-100.0001,0,0.613862,0.3093638,0.8708442,0.3820006,0,0,0,-5.960464E-08,2,-0.225496,25.00002,-100.0001,0,0.5297048,0.334648,0.9420178,-0.02476048,0,0,1
363,-0.2014133,1.542329,0.2205871,11.18931,-66.62805,-0.08415285,0.3104945,0.5754477,0.6321196,0.5189266,1,0.5,0,-0.3460093,1.066133,-0.2334443,-3.532636,-36.50259,0.1283363,-0.1744541,0.9884973,0.1109915,-0.1027329,1,1,1,-0.4960248,1.134163,0.1863312,6.394802,-32.22611,-0.2227516,-0.06455526,0.3945062,0.2392115,0.8872106,1,1,0,-0.1272238,1.516388,-0.2234854,6.974946,-69.40809,0.04938545,0.2275706,0.7430024,0.6685098,-0.03227917,1,0.5,1,-5.960464E-08,2,0.225496,25.00002,-100.0001,0,0.7521654,0.5333244,0.7746583,0.3398081,0,0,0,-5.960464E-08,2,-0.225496,25.00002,-100.0001,0,0.677931,0.5669351,0.823478,-0.02164472,0,0,1
364,-0.1406418,1.520087,0.2248724,9.063837,-69.29796,0.01469553,0.5672485,0.7941321,0.4592059,0.3981007,1,0.5,0,-0.07494526,1.011268,-0.2112418,-19.98187,-46.95152,-0.2987542,0.413494,0.999714,-0.02050622,-0.01230635,1,1,1,-0.1571103,1.019393,0.2321358,-14.453,-43.46394,-0.08135962,0.4367643,0.8871684,-0.01132264,0.4613068,1,1,0,-0.1063109,1.511487,-0.2247204,6.509243,-70.39886,-0.02002344,0.5050524,0.8774338,0.4790667,-0.02459615,1,0.5,1,-5.960464E-08,2,0.225496,25.00002,-100.0001,0,0.9486004,0.6821605,0.6696121,0.293729,0,0,0,-5.960464E-08,2,-0.225496,25.00002,-100.0001,0,0.8849355,0.7135191,0.7003938,-0.01840951,0,0,1
365,0.2172793,1.549766,0.2223289,-7.836512,-88.09582,-0.02359078,0.6429505,0.8103452,0.4547581,0.3695076,1,0.5,0,0.1482086,1.019333,-0.1788514,-30.59564,-58.25055,0.09000976,0.3574409,0.9996184,-0.01244005,0.02466478,1,1,1,0.3467605,1.064089,0.223451,-37.98635,-70.15874,-0.086958,0.6379378,0.9277005,0.0299569,0.3721214,1,1,0,0.1414818,1.520427,-0.2211822,-5.663162,-82.98099,0.01271442,0.481899,0.8660635,0.4994684,-0.02157265,1,0.5,1,-5.960464E-08,2,0.225496,25.00002,-100.0001,0,0.7745563,0.5561975,0.7610494,0.3338385,0,0,0,-5.960464E-08,2,-0.225496,25.00002,-100.0001,0,0.7017058,0.5899156,0.8071861,-0.0212165,0,0,1
366,0.130339,1.517189,0.2248816,-6.353688,-82.58623,0.004690142,0.3273616,0.6241303,0.5888464,0.513538,1,0.5,0,0.3895045,1.091007,-0.2288318,-39.67402,-73.78514,0.1048007,0.2784768,0.9962363,0.07836778,-0.03703622,1,1,1,0.4043895,1.097404,0.2218795,-40.94382,-75.21435,0.1580373,0.3985034,0.8797207,0.07501812,0.4695358,1,1,0,0.1256567,1.515967,-0.2259903,-5.803168,-82.17223,0.0005461278,0.2061694,0.7246125,0.6881731,-0.03680455,1,0.5,1,-5.960464E-08,2,0.225496,25.00002,-100.0001,0,0.6273757,0.3424257,0.8604055,0.3774216,0,0,0,-5.960464E-08,2,-0.225496,25.00002,-100.0001,0,0.5443081,0.3696634,0.9288449,-0.02441424,0,0,1
367,-0.01312257,1.500076,0.2216551,0.3960953,-74.34205,-0.01575128,0.133721,0.08406291,0.741771,0.665364,1,0.5,0,0.2032857,1.020552,-0.192563,-35.50564,-61.54849,-0.2180436,-0.2300514,0.9990076,-0.03499768,0.02754965,1,1,1,0.01096862,0.999569,0.2148506,-26.98289,-50.59169,-0.2230839,-0.0769017,0.1828502,-0.07192412,0.9805064,1,1,0,0.07690245,1.505968,-0.2201301,-3.634864,-79.16171,0.022503,-0.002521098,0.2880473,0.9567609,-0.04046413,1,0.5,1,-5.960464E-08,2,0.225496,25.00002,-100.0001,0,0.5612991,0.06256007,0.9139745,0.4009199,0,0,0,-5.960464E-08,2,-0.225496,25.00002,-100.0001,0,0.4726042,0.06826512,0.9973227,-0.02621415,0,0,1
368,0.01017295,1.500044,0.2244617,-0.09597415,-75.51048,0.06758127,0.1775817,-0.3554515,0.6937088,0.6264362,1,0.5,0,0.3522065,1.081503,-0.1634354,-37.62666,-71.04904,-0.1902395,-0.3807179,0.8482929,0.4317785,0.3065394,1,1,1,0.1484587,1.019123,0.233914,-29.53023,-57.93409,0.3060052,-0.05399713,-0.2299574,-0.0243867,0.9728951,1,1,0,0.08575478,1.507401,-0.2198234,-4.00713,-79.67423,-0.02712832,0.005586088,-0.3268792,0.9442524,-0.03920879,1,0.5,1,-5.960464E-08,2,0.225496,25.00002,-100.0001,0,0.5885581,-0.230599,0.8910873,0.3908804,0,0,0,-5.960464E-08,2,-0.225496,25.00002,-100.0001,0,0.5022783,-0.2504498,0.9677953,-0.02543803,0,0,1
369,0.2193369,1.550579,0.2233554,-7.712506,-88.16557,-0.03515856,0.2592005,-0.467835,0.6856936,0.5576332,1,0.5,0,0.481361,1.138376,-0.2426229,-42.29296,-81.23392,-0.06325173,-0.3508685,-0.6246598,0.7267146,-0.2858078,1,1,1,0.5347006,1.160142,0.2047405,-43.34641,-84.7261,-0.127814,-0.07299033,-0.09324566,0.3047758,0.9478486,1,1,0,0.168793,1.529278,-0.2243329,-6.691818,-84.80476,0.02043322,0.1438034,-0.6301993,0.7755129,-0.03779554,1,0.5,1,-5.960464E-08,2,0.225496,25.00002,-100.0001,0,0.7049969,-0.4767792,0.8049815,0.3531096,0,0,0,-5.960464E-08,2,-0.225496,25.00002,-100.0001,0,0.6276617,-0.5094768,0.8601873,-0.02260961,0,0,1
370,0.1819761,1.534237,0.2243507,-7.992066,-86.05428,-0.01070574,0.469662,-0.7335313,0.5200136,0.4376274,1,0.5,0,0.2325021,1.027245,-0.2132949,-36.29584,-63.25237,-0.1058415,0.1608908,-0.9997889,-0.004169227,-0.02011669,1,1,1,0.3483109,1.062375,0.2211452,-40.81583,-71.1286,0.05498084,0.1894736,-0.7903749,0.04695608,0.6108214,1,1,0,0.1323163,1.517947,-0.2235908,-6.427718,-82.71874,-0.002065302,0.4042533,-0.8415089,0.5396129,-0.02608874,1,0.5,1,-5.960464E-08,2,0.225496,25.00002,-100.0001,0,0.8855863,-0.6446756,0.7000649,0.3070873,0,0,0,-5.960464E-08,2,-0.225496,25.00002,-100.0001,0,0.8188831,-0.6772804,0.735471,-0.0193315,0,0,1
371,-0.1295268,1.517102,0.2253093,6.401172,-69.14569,-0.00932068,0.6250464,-0.8183106,0.4329617,0.3780372,1,0.5,0,-0.1611602,1.013818,-0.2186146,-17.52092,-42.45372,0.06728771,0.45259,-0.9996647,-0.01698706,-0.01954106,1,1,1,-0.2485939,1.031408,0.2235459,-12.73035,-38.72634,-0.02143086,0.6226658,-0.9261033,0.001253822,0.377268,1,1,0,-0.1069089,1.51162,-0.2250531,5.472926,-70.14006,0.01199991,0.5193255,-0.8809938,0.4724891,-0.02457809,1,0.5,1,-5.960464E-08,2,0.225496,25.00002,-100.0001,0,0.8220451,-0.5983991,0.733712,0.3218468,0,0,0,-5.960464E-08,2,-0.225496,25.00002,-100.0001,0,0.7519611,-0.6318971,0.7747847,-0.02036484,0,0,1
372,-0.1984151,1.541188,0.224513,12.2656,-67.26085,0.02083854,0.4451454,-0.7111524,0.5408564,0.4491511,1,0.5,0,-0.4278961,1.10206,-0.2283901,1.184109,-33.51261,0.03248305,0.4049438,-0.9963307,0.07962912,-0.03137219,1,1,1,-0.5352556,1.170182,0.2041736,10.24958,-31.56044,0.1016736,0.5959259,-0.9206669,0.1279124,0.3687965,1,1,0,-0.1632029,1.527375,-0.2248576,9.618429,-68.246,0.005756321,0.3085046,-0.7877878,0.6151789,-0.03074511,1,0.5,1,-5.960464E-08,2,0.225496,25.00002,-100.0001,0,0.6603297,-0.4082696,0.8359695,0.3667026,0,0,0,-5.960464E-08,2,-0.225496,25.00002,-100.0001,0,0.5798,-0.4387176,0.8983147,-0.02361177,0,0,1
373,-0.09447495,1.508966,0.2253413,5.474596,-70.79292,-0.006236883,0.1863182,-0.3590041,0.6978782,0.6197436,1,0.5,0,-0.2848543,1.042953,-0.2223828,-7.492213,-38.32477,0.02672599,-0.06246471,-0.9982518,0.02960457,-0.05115645,1,1,1,-0.2455086,1.031556,0.2267188,-9.452664,-39.8327,-0.01871885,0.08312756,-0.6815398,0.002668641,0.7317761,1,1,0,-0.1068637,1.511439,-0.2254961,6.094104,-70.28004,-0.00516847,0.04717493,-0.4729379,0.8798628,-0.04659585,1,0.5,1,-5.960464E-08,2,0.225496,25.00002,-100.0001,0,0.5700588,-0.1419699,0.9064925,0.3976379,0,0,0,-5.960464E-08,2,-0.225496,25.00002,-100.0001,0,0.4821553,-0.1546763,0.9876241,-0.02595923,0,0,1
374,0.08035085,1.506718,0.2122971,-3.79223,-79.37885,0.1759068,0.1786845,0.3708972,0.7024142,0.6074945,1,0.5,0,-0.2488227,1.03716,-0.1202072,-11.3367,-39.05838,0.3436228,-0.3885689,-0.6950614,0.06425451,0.7160733,1,1,1,0.06450543,1.001529,0.2020754,-29.12008,-53.3059,0.6193648,-0.0329743,0.5050616,-0.06096135,0.8609277,1,1,0,-0.07448455,1.505763,-0.2105951,4.782036,-71.69756,-0.159406,-0.01435593,0.1995016,0.9796546,-0.02181659,1,0.5,1,-5.960464E-08,2,0.225496,25.00002,-100.0001,0,0.5729936,0.1597132,0.904013,0.3965503,0,0,0,-5.960464E-08,2,-0.225496,25.00002,-100.0001,0,0.485352,0.1739188,0.98442,-0.02587501,0,0,1
375,-0.05104749,1.502625,0.224898,1.740111,-72.50436,0.008145723,0.2693565,0.5635695,0.6143121,0.5522771,1,0.5,0,-0.4317039,1.148958,-0.2040951,3.803128,-36.02811,-0.4429089,-0.3697337,0.4063176,0.9131909,-0.03143643,1,1,1,-0.395829,1.140043,0.2453041,0.8618329,-37.18798,-0.3786558,-0.03278342,0.1900711,0.235528,0.9531,1,1,0,-0.08231097,1.506708,-0.225051,3.976393,-71.14727,-0.02792628,0.1242925,0.6444454,0.7635967,-0.04012707,1,0.5,1,-5.960464E-08,2,0.225496,25.00002,-100.0001,0,0.6648248,0.4160568,0.8327435,0.3652875,0,0,0,-5.960464E-08,2,-0.225496,25.00002,-100.0001,0,0.5846289,0.4468195,0.8943153,-0.02350665,0,0,1
376,-0.2588307,1.572311,0.2244834,16.78697,-65.8072,0.02179817,0.3784471,0.620786,0.6173515,0.4832202,1,0.5,0,-0.2285909,1.041305,-0.1800525,-10.28791,-40.65315,0.04952552,0.076024,0.9992075,0.01962525,0.03462968,1,1,1,-0.3987648,1.091927,0.2344527,0.2123238,-34.92636,-0.1337797,0.09743458,0.6785573,0.1036552,0.7271972,1,1,0,-0.2009998,1.542064,-0.221627,12.08921,-67.02813,-0.02472625,0.2915031,0.7620419,0.6469509,-0.02732395,1,0.5,1,-5.960464E-08,2,0.225496,25.00002,-100.0001,0,0.8298939,0.6046785,0.7293817,0.3199473,0,0,0,-5.960464E-08,2,-0.225496,25.00002,-100.0001,0,0.7602464,0.6380961,0.769691,-0.02023096,0,0,1
377,0.07386401,1.505585,0.2250445,-2.155632,-78.81033,0.009630624,0.6587744,0.8348704,0.410421,0.3668053,1,0.5,0,0.04770171,1.010333,-0.2319522,-25.99342,-52.72666,0.03060253,0.4420117,0.9992065,-0.02087807,-0.03391915,1,1,1,0.04372459,1.00498,0.2190108,-25.3108,-52.29143,0.04899057,0.5269873,0.9126569,-0.02436229,0.4079999,1,1,0,0.09411334,1.50882,-0.2254305,-3.282387,-79.98315,0.0004261734,0.5979155,0.8995918,0.436117,-0.0231625,1,0.5,1,-5.960464E-08,2,0.225496,25.00002,-100.0001,0,0.8857853,0.6448058,0.6999643,0.3070432,0,0,0,-5.960464E-08,2,-0.225496,25.00002,-100.0001,0,0.8190923,0.677407,0.7353544,-0.01932844,0,0,1
378,0.2009561,1.542199,0.221446,-8.169992,-87.2662,-0.05519541,0.5147169,0.7567723,0.5047709,0.4153336,1,0.5,0,0.331149,1.057821,-0.2277969,-38.04415,-69.14563,-0.3313997,0.3989632,0.9990426,0.03094808,-0.03092108,1,1,1,0.4667416,1.116472,0.1983904,-41.87586,-78.80283,-0.3401884,0.6111788,0.9302691,0.07782052,0.3585295,1,1,0,0.1218965,1.515238,-0.2216896,-5.705208,-81.94866,-0.02716632,0.3428767,0.8172607,0.5756932,-0.02573284,1,0.5,1,-5.960464E-08,2,0.225496,25.00002,-100.0001,0,0.701409,0.4719071,0.8073856,0.3541642,0,0,0,-5.960464E-08,2,-0.225496,25.00002,-100.0001,0,0.6238269,0.5044847,0.8631225,-0.02268676,0,0,1
379,0.08144649,1.506576,0.2253091,-3.921172,-79.43712,0.0006169083,0.2178233,0.4562442,0.6639178,0.5924983,1,0.5,0,0.2944614,1.059828,-0.2304993,-37.43149,-68.12534,0.09714369,0.0421986,0.9968998,0.0550134,-0.05625118,1,1,1,0.3596543,1.090369,0.2147172,-39.5915,-73.20289,0.1870588,0.2365596,0.822351,0.0819608,0.5630464,1,1,0,0.06272828,1.503915,-0.2252449,-2.891863,-78.32481,-0.00728369,0.06619877,0.5453641,0.8370125,-0.0445867,1,0.5,1,-5.960464E-08,2,0.225496,25.00002,-100.0001,0,0.587424,0.2262744,0.8920166,0.391288,0,0,0,-5.960464E-08,2,-0.225496,25.00002,-100.0001,0,0.5010465,0.2457989,0.9689862,-0.02546934,0,0,1
380,-0.02496083,1.500792,0.2166723,0.05584067,-73.75917,-0.2341994,0.1356291,-0.147278,0.7406707,0.6555274,1,0.5,0,0.1814565,1.015073,-0.1879192,-32.24102,-59.67543,0.4224451,-0.385574,0.9858174,-0.1304503,0.1055778,1,1,1,-0.1087393,1.006583,0.1605251,-19.55649,-45.0779,-0.5357566,-0.09751418,-0.4407426,-0.05818063,0.8957461,1,1,0,0.09572511,1.509296,-0.2174516,-3.812283,-80.16199,0.176219,-0.01962325,0.05635525,0.9977496,-0.03632898,1,0.5,1,-5.960464E-08,2,0.225496,25.00002,-100.0001,0,0.5614427,-0.06467935,0.9138508,0.4008657,0,0,0,-5.960464E-08,2,-0.225496,25.00002,-100.0001,0,0.4727609,-0.07057584,0.997162,-0.02620993,0,0,1
381,0.03955355,1.50151,0.2246971,-1.244643,-77.01265,0.01212582,0.224266,-0.4820066,0.6510183,0.5863827,1,0.5,0,0.4408246,1.152491,-0.188219,-38.88116,-79.31681,-0.380502,-0.3663413,0.3903233,0.916449,0.08814225,1,1,1,0.3703786,1.127353,0.2565523,-35.61582,-74.10135,-0.1677886,-0.03282589,-0.03912027,0.2083869,0.9772637,1,1,0,0.08889519,1.507953,-0.2235648,-3.834769,-79.81128,-0.04019292,0.06466836,-0.5308591,0.8464319,-0.04173211,1,0.5,1,-5.960464E-08,2,0.225496,25.00002,-100.0001,0,0.6282729,-0.3444686,0.8597213,0.3771215,0,0,0,-5.960464E-08,2,-0.225496,25.00002,-100.0001,0,0.5452765,-0.3718199,0.9279844,-0.02439162,0,0,1
382,0.2700798,1.579166,0.2204636,-9.484727,-92.43246,0.04052298,0.3210161,-0.5388118,0.6688864,0.5121259,1,0.5,0,0.3588664,1.064665,-0.1966114,-40.50717,-71.51311,0.4050547,-0.1447022,-0.9951835,0.09756501,0.009537349,1,1,1,0.5536677,1.166898,0.1970786,-44.75827,-86.29493,0.2016739,-0.05097303,-0.3536207,0.3048771,0.8843089,1,1,0,0.1753518,1.531856,-0.2178175,-7.079611,-85.32353,0.03633799,0.2352918,-0.7304597,0.6825258,-0.02423183,1,0.5,1,-5.960464E-08,2,0.225496,25.00002,-100.0001,0,0.776533,-0.5581155,0.7598709,0.3333216,0,0,0,-5.960464E-08,2,-0.225496,25.00002,-100.0001,0,0.7038022,-0.5918356,0.8057804,-0.02117955,0,0,1
383,0.04093161,1.501688,0.224444,-3.354092,-77.27818,-0.003930183,0.6259518,-0.8260754,0.4189237,0.3769646,1,0.5,0,0.08019447,1.004074,-0.2280964,-29.79663,-54.34296,0.01251773,0.3916782,-0.9990805,-0.0290751,-0.0315096,1,1,1,0.06279382,1.001543,0.2225317,-30.06045,-53.39342,-0.002066047,0.5021362,-0.9063228,-0.0283965,0.421631,1,1,0,0.06054229,1.503588,-0.2260662,-3.69562,-78.32539,0.01403392,0.5266423,-0.8868818,0.4612982,-0.02538973,1,0.5,1,-5.960464E-08,2,0.225496,25.00002,-100.0001,0,0.9369729,-0.6757628,0.6750304,0.2961058,0,0,0,-5.960464E-08,2,-0.225496,25.00002,-100.0001,0,0.8727688,-0.7073681,0.7066014,-0.01857268,0,0,1
384,-0.2468147,1.565281,0.2216632,15.35002,-65.77598,0.01033321,0.6266468,-0.796365,0.4751097,0.3742639,1,0.5,0,-0.2764179,1.039343,-0.1932322,-10.4419,-37.84886,-0.1753756,0.426897,-0.9999225,0.0100799,0.00730156,1,1,1,-0.446974,1.105394,0.2189928,1.80924,-32.53043,-0.00841767,0.6770663,-0.9323021,0.0640524,0.3559636,1,1,0,-0.1676361,1.528935,-0.2207399,9.580399,-67.98186,0.01917184,0.458416,-0.8535369,0.5205827,-0.0216398,1,0.5,1,-5.960464E-08,2,0.225496,25.00002,-100.0001,0,0.7429711,-0.5232683,0.7803885,0.3423217,0,0,0,-5.960464E-08,2,-0.225496,25.00002,-100.0001,0,0.6681526,-0.556783,0.8303712,-0.02182591,0,0,1
385,-0.1185078,1.514318,0.2253266,7.244819,-69.94068,-0.0002376736,0.2869015,-0.5736222,0.6154743,0.540508,1,0.5,0,-0.4657655,1.136316,-0.2106344,5.260204,-33.50461,0.2081693,0.3057574,-0.9911692,0.1319449,-0.01319803,1,1,1,-0.4119098,1.108652,0.2363467,1.913973,-35.2012,0.1116567,0.3667704,-0.8592657,0.09074175,0.5034167,1,1,0,-0.1458034,1.521805,-0.2248492,8.67907,-68.89133,0.0112407,0.186749,-0.6970229,0.7161353,-0.03618385,1,0.5,1,-5.960464E-08,2,0.225496,25.00002,-100.0001,0,0.6102946,-0.2998091,0.8736423,0.383228,0,0,0,-5.960464E-08,2,-0.225496,25.00002,-100.0001,0,0.5258447,-0.3244901,0.9455625,-0.02485366,0,0,1
386,0.01310817,1.500078,0.2212436,-0.3754629,-75.65467,-0.01066477,0.1312099,0.003929803,0.7447258,0.667359,1,0.5,0,-0.1211898,1.006915,-0.2140892,-16.69826,-44.52923,-0.3322245,-0.3654368,-0.9795948,-0.1715559,-0.104703,1,1,1,0.04352736,1.000133,0.2057905,-25.738,-52.12849,-0.1285904,-0.091784,0.08059393,-0.07316454,0.9940582,1,1,0,-0.07014298,1.505013,-0.2218983,4.160652,-71.80404,-0.03101156,-0.0176715,-0.1674598,0.984833,-0.04540121,1,0.5,1,-5.960464E-08,2,0.225496,25.00002,-100.0001,0,0.5592735,-0.010033,0.9157223,0.4016866,0,0,0,-5.960464E-08,2,-0.225496,25.00002,-100.0001,0,0.4703935,-0.01095194,0.9995948,-0.02627387,0,0,1
387,0.01254896,1.500047,0.2214076,-1.017286,-75.64717,0.007869306,0.2076879,0.4519423,0.6642006,0.5954709,1,0.5,0,-0.3799604,1.114032,-0.1630789,-1.028024,-36.21391,-0.2902673,-0.3829263,-0.620765,0.7177709,0.3153661,1,1,1,-0.218086,1.054271,0.2536022,-13.0847,-41.19942,0.1365886,-0.03707394,0.1926854,0.05243059,0.9798589,1,1,0,-0.0706455,1.50507,-0.2217445,3.637616,-71.69633,-0.04046337,0.03119004,0.4454896,0.8943508,-0.04093537,1,0.5,1,-5.960464E-08,2,0.225496,25.00002,-100.0001,0,0.6028923,0.2786175,0.8795059,0.3858001,0,0,0,-5.960464E-08,2,-0.225496,25.00002,-100.0001,0,0.5178285,0.3019026,0.9530095,-0.0250494,0,0,1
388,-0.2411907,1.562004,0.2217043,14.4803,-65.68573,-0.0297174,0.2793072,0.4910733,0.6826627,0.5411271,1,0.5,0,-0.4591309,1.118672,-0.2367498,4.305509,-33.35875,0.1365424,-0.3093222,0.864059,0.4650335,-0.1927325,1,1,1,-0.4901044,1.126599,0.2131674,5.810986,-31.84328,0.1114399,-0.05509931,0.3007038,0.2171248,0.9286733,1,1,0,-0.179662,1.533464,-0.2241887,10.45842,-67.60921,0.04684107,0.1718613,0.6611867,0.749357,-0.03600252,1,0.5,1,-5.960464E-08,2,0.225496,25.00002,-100.0001,0,0.7293019,0.5075138,0.789066,0.3461281,0,0,0,-5.960464E-08,2,-0.225496,25.00002,-100.0001,0,0.6535971,0.5408193,0.8408484,-0.0221013,0,0,1
389,-0.1389665,1.519729,0.2245624,8.756085,-69.29349,0.008017573,0.5372685,0.7807416,0.4721329,0.4093081,1,0.5,0,-0.1437333,1.011835,-0.2143429,-16.21335,-43.70259,-0.01291335,0.3054045,0.999587,-0.02255432,-0.01780827,1,1,1,-0.2558085,1.032984,0.221987,-9.047494,-39.2773,0.1282566,0.3113731,0.8541036,0.003678362,0.52009,1,1,0,-0.1048909,1.511237,-0.2249734,6.912596,-70.57327,0.02728329,0.4718044,0.8683993,0.4951992,-0.02569796,1,0.5,1,-5.960464E-08,2,0.225496,25.00002,-100.0001,0,0.9220332,0.6672173,0.6821221,0.2992166,0,0,0,-5.960464E-08,2,-0.225496,25.00002,-100.0001,0,0.8571225,0.69913,0.7147477,-0.0187868,0,0,1
390,0.1703264,1.529865,0.2253998,-6.351551,-84.78489,0.003112109,0.6310501,0.8143852,0.4419475,0.3761105,1,0.5,0,0.2210323,1.028658,-0.2203215,-33.46965,-62.34075,0.1585663,0.4720297,0.9997805,-0.001380799,-0.02090624,1,1,1,0.2864108,1.042874,0.2256475,-35.67673,-66.0299,0.09947795,0.6212113,0.9250664,0.01148223,0.3796318,1,1,0,0.1586258,1.525793,-0.2253875,-6.446725,-84.16267,0.01175106,0.5360895,0.8777329,0.4785234,-0.02450317,1,0.5,1,-5.960464E-08,2,0.225496,25.00002,-100.0001,0,0.7983158,0.5782753,0.747122,0.3277292,0,0,0,-5.960464E-08,2,-0.225496,25.00002,-100.0001,0,0.726877,0.6119472,0.7906255,-0.02078121,0,0,1
391,0.1667471,1.528545,0.2245555,-7.251915,-84.88701,0.02474711,0.3847817,0.6725008,0.5634662,0.4798421,1,0.5,0,0.3969392,1.095426,-0.232302,-40.11325,-74.57418,0.04768075,0.3284281,0.9961137,0.07897621,-0.03899194,1,1,1,0.5160266,1.170907,0.1959993,-42.41554,-84.26048,0.07307607,0.5336176,0.9135835,0.1363246,0.3831197,1,1,0,0.1218464,1.515082,-0.2239451,-5.58999,-81.9148,0.01262203,0.2338294,0.7496507,0.6610288,-0.03263026,1,0.5,1,-5.960464E-08,2,0.225496,25.00002,-100.0001,0,0.6425244,0.3748448,0.8489975,0.3724174,0,0,0,-5.960464E-08,2,-0.225496,25.00002,-100.0001,0,0.5606438,0.4037824,0.9145392,-0.02403822,0,0,1
392,0.08722824,1.507556,0.2258182,-4.233563,-79.79556,0.01095832,0.1692965,0.2934557,0.7135201,0.6362177,1,0.5,0,0.1706611,1.014462,-0.2244286,-34.08334,-59.51228,0.05375894,-0.2186646,0.9946909,-0.05522981,-0.08683102,1,1,1,0.1671522,1.014517,0.2265285,-34.42646,-59.41049,0.05140455,0.008454621,0.5434759,-0.03045044,0.8388723,1,1,0,0.07783135,1.506149,-0.2250594,-3.670318,-79.20809,0.008644167,0.01217139,0.3651356,0.9296677,-0.04892768,1,0.5,1,-5.960464E-08,2,0.225496,25.00002,-100.0001,0,0.5648322,0.1025331,0.9109419,0.3995897,0,0,0,-5.960464E-08,2,-0.225496,25.00002,-100.0001,0,0.4764584,0.1118129,0.9933862,-0.02611068,0,0,1
393,-0.06684335,1.504534,0.2194764,3.597843,-71.8875,0.1266145,0.1935063,-0.4073552,0.6842532,0.6048631,1,0.5,0,0.2866364,1.060156,-0.1178451,-35.61035,-66.75799,0.04226567,-0.3873215,0.6299011,0.2676277,0.7291091,1,1,1,-0.0004234256,1.005366,0.2248633,-23.17356,-50.05569,0.6883304,-0.02270794,-0.4527279,-0.05161101,0.8901537,1,1,0,0.05459398,1.503058,-0.2141156,-3.163461,-77.96326,-0.05791339,-7.417798E-05,-0.3221799,0.9462573,-0.02823539,1,0.5,1,-5.960464E-08,2,0.225496,25.00002,-100.0001,0,0.5809517,-0.1995095,0.8973576,0.3936309,0,0,0,-5.960464E-08,2,-0.225496,25.00002,-100.0001,0,0.494012,-0.2169592,0.9758436,-0.02564958,0,0,1
394,0.09900124,1.509799,0.2252739,-3.410319,-80.25591,0.0008396808,0.2741668,-0.5604731,0.6197623,0.5493311,1,0.5,0,0.4370168,1.13668,-0.2225767,-40.03154,-79.03134,-0.4006715,-0.3547967,-0.6603438,0.7346911,-0.1554833,1,1,1,0.4345881,1.138292,0.228408,-39.09733,-78.77665,-0.3863597,-0.04731241,-0.2171759,0.2392212,0.9463656,1,1,0,0.1054556,1.511189,-0.2256025,-4.233183,-80.7306,-0.008346144,0.1441337,-0.6635973,0.7470334,-0.03974712,1,0.5,1,-5.960464E-08,2,0.225496,25.00002,-100.0001,0,0.6857195,-0.4494326,0.8180689,0.3588504,0,0,0,-5.960464E-08,2,-0.225496,25.00002,-100.0001,0,0.6070384,-0.4813754,0.8762119,-0.02303081,0,0,1
395,0.2411125,1.562096,0.2232928,-9.268361,-90.33978,-0.03422947,0.4142914,-0.66855,0.5819761,0.4629737,1,0.5,0,0.1802223,1.036099,-0.1841978,-33.22353,-60.91461,-0.1130909,0.1723531,-0.9996826,0.00907075,0.02350279,1,1,1,0.3644887,1.074927,0.2254185,-40.50399,-72.39558,-0.07466975,0.1488603,-0.7518927,0.06923986,0.6556395,1,1,0,0.1852706,1.535731,-0.2233386,-7.827695,-86.18604,-0.03926457,0.3374481,-0.7965764,0.6038952,-0.02786873,1,0.5,1,-5.960464E-08,2,0.225496,25.00002,-100.0001,0,0.859584,-0.6269286,0.7134537,0.3129604,0,0,0,-5.960464E-08,2,-0.225496,25.00002,-100.0001,0,0.7915385,-0.6599587,0.7510425,-0.01974079,0,0,1
396,-0.107668,1.511858,0.2252484,4.858464,-69.98198,-0.001233817,0.6401458,-0.8259984,0.4226281,0.3729772,1,0.5,0,-0.08028875,1.01352,-0.2277101,-21.15873,-46.48215,0.06802085,0.4149476,-0.999379,-0.01801219,-0.03028598,1,1,1,-0.1096016,1.010545,0.2224201,-20.60963,-44.82789,0.0389971,0.5341046,-0.9125694,-0.01881333,0.4084888,1,1,0,-0.1135254,1.513065,-0.2257344,5.539904,-69.80044,-0.005614015,0.5639502,-0.8906582,0.4540296,-0.02418762,1,0.5,1,-5.960464E-08,2,0.225496,25.00002,-100.0001,0,0.8482043,-0.6186678,0.7194757,0.315602,0,0,0,-5.960464E-08,2,-0.225496,25.00002,-100.0001,0,0.7795538,-0.6518606,0.758077,-0.01992569,0,0,1
397,-0.1931371,1.538909,0.2213623,12.04597,-67.47373,0.008653853,0.4632523,-0.7276834,0.5283234,0.4374371,1,0.5,0,-0.3351021,1.061461,-0.2322997,-5.636652,-36.03326,-0.2701671,0.3441128,-0.9985723,0.03727067,-0.03826471,1,1,1,-0.4779585,1.124559,0.1907563,4.724132,-32.01065,-0.2568544,0.564595,-0.9259521,0.08882131,0.3670469,1,1,0,-0.1157704,1.513595,-0.222188,6.702364,-69.95305,-0.03692584,0.2894322,-0.7899043,0.6125857,-0.02810632,1,0.5,1,-5.960464E-08,2,0.225496,25.00002,-100.0001,0,0.6746548,-0.432302,0.8257747,0.3622307,0,0,0,-5.960464E-08,2,-0.225496,25.00002,-100.0001,0,0.5951791,-0.4636736,0.8857002,-0.0232802,0,0,1
398,-0.0689059,1.504721,0.2255801,3.831496,-71.81484,0.003067405,0.1870365,-0.3726295,0.6909685,0.6194432,1,0.5,0,-0.2689995,1.046249,-0.2255399,-8.426427,-39.28436,0.0905842,-0.04289296,-0.9978049,0.03554682,-0.05587282,1,1,1,-0.296996,1.058999,0.224413,-5.86238,-38.76526,0.1369559,0.1444535,-0.7511794,0.04499795,0.6585625,1,1,0,-0.06591241,1.504446,-0.2253732,3.419767,-71.90621,0.0048548,0.03829384,-0.4700343,0.8813886,-0.04713629,1,0.5,1,-5.960464E-08,2,0.225496,25.00002,-100.0001,0,0.5756186,-0.1739503,0.9018069,0.3955826,0,0,0,-5.960464E-08,2,-0.225496,25.00002,-100.0001,0,0.4882098,-0.1893365,0.9815732,-0.02580018,0,0,1
399,0.04599017,1.502463,0.2056692,-1.939742,-77.39994,-0.1034737,0.1476799,0.2749001,0.7294694,0.6263421,1,0.5,0,-0.2373455,1.026878,-0.1633262,-12.50741,-39.34871,0.4310669,-0.3884636,-0.9439827,-0.02798742,0.3288061,1,1,1,0.0882121,1.001358,0.1478068,-29.78989,-54.54514,0.07481131,-0.08731559,0.5337474,-0.06940398,0.8427911,1,1,0,-0.1344263,1.518799,-0.2069821,7.139856,-69.06957,0.2117381,-0.01114565,-0.004846271,0.9998862,-0.01428255,1,0.5,1,-5.960464E-08,2,0.225496,25.00002,-100.0001,0,0.5674205,0.1237161,0.9087331,0.3986208,0,0,0,-5.960464E-08,2,-0.225496,25.00002,-100.0001,0,0.4792802,0.1348512,0.9905238,-0.02603544,0,0,1
400,-0.1016755,1.510558,0.2255363,4.878699,-70.30032,0.00242442,0.2295584,0.475293,0.6586969,0.5832793,1,0.5,0,-0.4586099,1.15158,-0.2179952,5.211974,-34.49425,-0.3297315,-0.3766749,-0.08254869,0.9858469,-0.1459165,1,1,1,-0.4752128,1.177476,0.2319556,6.331952,-34.36266,-0.3696808,-0.04277778,-0.05857814,0.3225476,0.9447389,1,1,0,-0.1125919,1.512771,-0.2253779,6.054088,-69.96493,-0.01463444,0.08864176,0.5705297,0.8201447,-0.04311271,1,0.5,1,-5.960464E-08,2,0.225496,25.00002,-100.0001,0,0.6502331,0.3898596,0.8433075,0.3699215,0,0,0,-5.960464E-08,2,-0.225496,25.00002,-100.0001,0,0.5689433,0.4195073,0.9074385,-0.02385158,0,0,1
401,-0.2540867,1.569426,0.2220012,16.37747,-65.89113,0.01134575,0.3580933,0.6024649,0.6286328,0.4917894,1,0.5,0,-0.3503521,1.061859,-0.2009377,-3.757824,-35.79403,-0.02051369,-0.07808876,0.9971425,0.07551152,-0.002222541,1,1,1,-0.5410904,1.159426,0.1958862,11.03716,-31.62718,0.2990865,-0.02422494,0.4833531,0.2720314,0.8320869,1,1,0,-0.1717076,1.530402,-0.2196401,10.06306,-67.92247,-0.05380737,0.2810307,0.7673836,0.640695,-0.02514641,1,0.5,1,-5.960464E-08,2,0.225496,25.00002,-100.0001,0,0.8101439,0.588529,0.7403769,0.3247704,0,0,0,-5.960464E-08,2,-0.225496,25.00002,-100.0001,0,0.7393872,0.6221282,0.7826451,-0.02057145,0,0,1
402,0.02403797,1.500584,0.2226639,0.07644249,-76.19905,-0.03402384,0.6315204,0.8291616,0.4158867,0.3735363,1,0.5,0,-0.07249747,1.002174,-0.2161554,-20.07063,-46.60022,0.1883046,0.3422925,0.9992701,-0.03303583,-0.01918031,1,1,1,0.08573578,1.003529,0.206124,-26.94453,-54.33811,-0.1509883,0.5795646,0.926217,-0.02452042,0.3761924,1,1,0,-0.04762153,1.502191,-0.2226327,3.185707,-72.80379,0.04222916,0.4871129,0.8778669,0.4783555,-0.02292818,1,0.5,1,-5.960464E-08,2,0.225496,25.00002,-100.0001,0,0.8991654,0.6533718,0.6932706,0.304107,0,0,0,-5.960464E-08,2,-0.225496,25.00002,-100.0001,0,0.8331417,0.68573,0.7276048,-0.01912474,0,0,1
403,0.2052357,1.544001,0.2249333,-8.106741,-87.49193,0.008287285,0.5445741,0.7696644,0.4920672,0.4068005,1,0.5,0,0.4126593,1.089809,-0.2272933,-39.81645,-74.53075,-0.06605539,0.5135295,0.997894,0.05901094,-0.02692894,1,1,1,0.4644824,1.115139,0.2200134,-42.12694,-78.78777,0.1006045,0.6463388,0.9274903,0.0742706,0.3663955,1,1,0,0.1849869,1.535604,-0.2254271,-7.023946,-85.85161,-0.01761765,0.4330074,0.8399963,0.5419074,-0.02725288,1,0.5,1,-5.960464E-08,2,0.225496,25.00002,-100.0001,0,0.71673,0.492086,0.797219,0.3497045,0,0,0,-5.960464E-08,2,-0.225496,25.00002,-100.0001,0,0.6401908,0.5251189,0.850735,-0.02236116,0,0,1
404,0.1115294,1.512636,0.2214696,-5.367605,-81.30859,-0.007286671,0.2483674,0.5166264,0.6449181,0.5631853,1,0.5,0,0.5172443,1.156357,-0.1737779,-43.72332,-84.17655,0.05837085,0.3027816,0.9869949,0.1573985,0.03266408,1,1,1,0.3331252,1.061066,0.2265963,-39.47999,-70.04718,0.004234912,0.2435614,0.817985,0.04178056,0.5737203,1,1,0,0.1950275,1.539641,-0.2207854,-8.011372,-86.8336,0.02371595,0.1936737,0.6777315,0.7346987,-0.02996428,1,0.5,1,-5.960464E-08,2,0.225496,25.00002,-100.0001,0,0.5943608,0.2513768,0.8863624,0.3888078,0,0,0,-5.960464E-08,2,-0.225496,25.00002,-100.0001,0,0.5085776,0.2727573,0.9617507,-0.02527916,0,0,1
405,0.003552313,1.500076,0.2237621,-0.6883812,-75.1826,0.01317785,0.1340683,-0.06101648,0.741365,0.6683225,1,0.5,0,0.1531664,1.02272,-0.2128399,-30.35426,-58.37671,0.3569537,-0.3880968,0.991263,-0.06505508,-0.1147414,1,1,1,-0.02112844,0.999233,0.2033732,-24.83759,-48.898,-0.3581458,-0.09052202,-0.1547565,-0.07513704,0.9850913,1,1,0,0.006942607,1.500001,-0.2269631,-0.8421031,-75.35658,0.01928584,-0.02790502,-0.07476953,0.9955639,-0.05711369,1,0.5,1,-5.960464E-08,2,0.225496,25.00002,-100.0001,0,0.5600621,-0.03984765,0.915041,0.4013878,0,0,0,-5.960464E-08,2,-0.225496,25.00002,-100.0001,0,0.4712543,-0.04349117,0.9987088,-0.02625058,0,0,1
406,-0.02964093,1.500779,0.2203624,1.957121,-73.59086,0.005784633,0.2411781,-0.5242957,0.635177,0.5671544,1,0.5,0,0.3905762,1.126755,-0.1339669,-37.54868,-75.61554,-0.1451985,-0.3786665,0.2606092,0.7974326,0.544228,1,1,1,0.1671997,1.038913,0.2474566,-30.30419,-60.03341,0.1430944,-0.01310459,-0.3938337,0.01830562,0.9189994,1,1,0,0.07051235,1.504931,-0.219055,-2.905265,-78.72946,-0.0131026,0.05598742,-0.5187945,0.8542118,-0.03427232,1,0.5,1,-5.960464E-08,2,0.225496,25.00002,-100.0001,0,0.6183901,-0.3209575,0.8673184,0.380454,0,0,0,-5.960464E-08,2,-0.225496,25.00002,-100.0001,0,0.5346012,-0.3469507,0.9375595,-0.0246433,0,0,1
407,0.2019742,1.542693,0.2241898,-7.218492,-86.91337,0.001139194,0.3194944,-0.583664,0.6256212,0.5176239,1,0.5,0,0.4510353,1.111209,-0.2273087,-42.59657,-78.50714,-0.1131654,-0.2552645,-0.9367185,0.3318243,-0.1115846,1,1,1,0.3997723,1.082483,0.2198559,-40.751,-74.06271,0.01559854,0.007661283,-0.5525558,0.1033821,0.8270394,1,1,0,0.1962111,1.539995,-0.2267475,-7.663597,-86.75275,0.002819301,0.203659,-0.6879361,0.7247753,-0.03801205,1,0.5,1,-5.960464E-08,2,0.225496,25.00002,-100.0001,0,0.7588619,-0.5403957,0.7705375,0.3380005,0,0,0,-5.960464E-08,2,-0.225496,25.00002,-100.0001,0,0.685047,-0.5740562,0.8185331,-0.02151475,0,0,1
408,0.1375034,1.519331,0.2225627,-6.684333,-83.0783,-0.01413525,0.583082,-0.8022878,0.4517948,0.3901484,1,0.5,0,0.07838604,1.003789,-0.1988261,-29.87433,-54.30334,-0.05290138,0.4284316,-0.9996006,-0.02823138,0.001264421,1,1,1,0.2617905,1.034317,0.2119675,-37.49838,-65.11737,-0.05359875,0.3510281,-0.8750079,0.005073161,0.4840821,1,1,0,0.06762356,1.504489,-0.2226663,-4.277265,-78.79589,0.03273339,0.5521609,-0.8922811,0.4509659,-0.0215426,1,0.5,1,-5.960464E-08,2,0.225496,25.00002,-100.0001,0,0.9611237,-0.688817,0.6638728,0.2912115,0,0,0,-5.960464E-08,2,-0.225496,25.00002,-100.0001,0,0.8980292,-0.719904,0.6938341,-0.0182371,0,0,1
409,-0.1683244,1.529126,0.2259361,9.34175,-67.86265,0.00159368,0.5797858,-0.7941835,0.4622457,0.3944635,1,0.5,0,-0.2395447,1.029368,-0.2193464,-12.44462,-39.3309,0.08349198,0.4289701,-0.9997829,-0.0006805029,-0.0208256,1,1,1,-0.2300389,1.032791,0.231577,-13.40418,-39.84172,0.1110472,0.5155344,-0.9052008,0.002747884,0.4249752,1,1,0,-0.1483551,1.522634,-0.2245836,8.498876,-68.68798,0.02000631,0.472024,-0.8616852,0.5068125,-0.02529111,1,0.5,1,-5.960464E-08,2,0.225496,25.00002,-100.0001,0,0.7637154,-0.5453947,0.7675781,0.3367024,0,0,0,-5.960464E-08,2,-0.225496,25.00002,-100.0001,0,0.6902016,-0.5790815,0.8149882,-0.02142157,0,0,1
410,-0.1449096,1.521378,0.224578,8.515674,-68.8932,0.007748607,0.3268062,-0.6189499,0.5943085,0.5135157,1,0.5,0,-0.3438608,1.073607,-0.2303763,-3.995279,-36.46788,-0.03597142,0.212687,-0.9972159,0.06118641,-0.04262224,1,1,1,-0.4847212,1.15567,0.1900796,7.161109,-33.53442,-0.0283152,0.4450476,-0.9010798,0.1329771,0.4127619,1,1,0,-0.0926106,1.508682,-0.2230812,5.331045,-70.86106,0.01821891,0.1639024,-0.6920484,0.7210134,-0.03476597,1,0.5,1,-5.960464E-08,2,0.225496,25.00002,-100.0001,0,0.6209463,-0.3272611,0.8653405,0.3795864,0,0,0,-5.960464E-08,2,-0.225496,25.00002,-100.0001,0,0.5373638,-0.3536292,0.9350628,-0.02457768,0,0,1
411,-0.08579486,1.507317,0.2261861,5.016522,-71.14494,0.00613034,0.1537022,-0.2044403,0.730175,0.6519576,1,0.5,0,-0.1256901,1.007266,-0.2224162,-17.20163,-44.23416,0.01674742,-0.3235492,-0.9834942,-0.1288414,-0.1270395,1,1,1,-0.1481546,1.011748,0.2279942,-15.35048,-43.45175,0.05343112,-0.02890626,-0.416059,-0.03874442,0.9085119,1,1,0,-0.06708001,1.504533,-0.224443,3.55723,-71.87308,-0.01261756,-0.01113689,-0.2350929,0.9706861,-0.04999968,1,0.5,1,-5.960464E-08,2,0.225496,25.00002,-100.0001,0,0.5603004,-0.0451271,0.9148354,0.4012976,0,0,0,-5.960464E-08,2,-0.225496,25.00002,-100.0001,0,0.4715143,-0.04925124,0.9984416,-0.02624356,0,0,1
412,0.06088435,1.503711,0.2195951,-2.707001,-78.21098,0.002783538,0.2151158,0.4657426,0.6624249,0.5867512,1,0.5,0,-0.3291267,1.086264,-0.1157781,-4.933314,-37.19781,-0.03475064,-0.3838002,-0.490114,0.4841999,0.7248026,1,1,1,-0.063954,1.016852,0.2416693,-22.56613,-47.21155,0.6346392,-0.0115321,0.4262747,-0.02691696,0.9041932,1,1,0,-0.05802939,1.503557,-0.2148529,3.391266,-72.31082,-0.04815014,0.01993757,0.4118689,0.9107952,-0.02856678,1,0.5,1,-5.960464E-08,2,0.225496,25.00002,-100.0001,0,0.5936301,0.2488734,0.8869547,0.3890676,0,0,0,-5.960464E-08,2,-0.225496,25.00002,-100.0001,0,0.5077847,0.270073,0.9625074,-0.02529904,0,0,1
413,-0.1176931,1.514067,0.2245813,5.498541,-69.58106,-0.02795235,0.3002999,0.5938757,0.604857,0.5305278,1,0.5,0,-0.3853715,1.098304,-0.2325748,-0.3347771,-36.20901,-0.2864414,-0.2790376,0.9395275,0.3091192,-0.1474225,1,1,1,-0.4416163,1.131325,0.2136673,3.107641,-34.75652,-0.4096465,-0.04800892,0.3348638,0.2241754,0.9152113,1,1,0,-0.1019661,1.510529,-0.2260165,5.201495,-70.348,-0.008549545,0.1875108,0.7141788,0.6989397,-0.03784152,1,0.5,1,-5.960464E-08,2,0.225496,25.00002,-100.0001,0,0.7139039,0.4884832,0.799075,0.3505187,0,0,0,-5.960464E-08,2,-0.225496,25.00002,-100.0001,0,0.6371746,0.5214429,0.8529915,-0.02242047,0,0,1
414,-0.2155254,1.548983,0.2223128,13.80836,-66.96173,0.02587662,0.4662062,0.7214178,0.5371352,0.4370835,1,0.5,0,-0.09726023,1.022467,-0.175692,-18.30962,-46.38722,-0.2086365,0.3157007,0.9995132,-0.009235388,0.02980014,1,1,1,-0.2729679,1.050083,0.238611,-7.421382,-39.22408,0.12552,0.2758001,0.8244339,0.02588661,0.565366,1,1,0,-0.1425155,1.520897,-0.2217554,8.584926,-69.04113,-0.01588837,0.41347,0.8429924,0.537398,-0.02381621,1,0.5,1,-5.960464E-08,2,0.225496,25.00002,-100.0001,0,0.898113,0.652711,0.6937925,0.3043359,0,0,0,-5.960464E-08,2,-0.225496,25.00002,-100.0001,0,0.8320372,0.6850888,0.7282081,-0.0191406,0,0,1
415,0.1685912,1.529407,0.2243579,-6.073032,-84.59615,-0.006160887,0.6444573,0.8198127,0.4363703,0.370794,1,0.5,0,0.09281959,1.014701,-0.2016133,-28.30297,-55.23816,0.2770649,0.3626062,0.9998409,-0.0177363,-0.001870284,1,1,1,0.2121818,1.029845,0.2329229,-32.64026,-61.76279,0.04732238,0.57304,0.9149996,-0.0001440901,0.4034546,1,1,0,0.1218733,1.515176,-0.2239243,-4.71847,-81.69854,0.02427922,0.5152738,0.8781106,0.477877,-0.0235644,1,0.5,1,-5.960464E-08,2,0.225496,25.00002,-100.0001,0,0.8093157,0.5878257,0.7408452,0.3249758,0,0,0,-5.960464E-08,2,-0.225496,25.00002,-100.0001,0,0.7385114,0.6214309,0.7831985,-0.020586,0,0,1
416,0.1689254,1.529326,0.2228234,-7.692485,-85.18995,0.02399609,0.4000632,0.6866938,0.5547675,0.4697708,1,0.5,0,0.322424,1.057402,-0.2327701,-37.71715,-68.68024,-0.2396406,0.2727481,0.9984709,0.03545989,-0.04240722,1,1,1,0.4390594,1.105756,0.2001538,-41.82392,-77.17846,-0.01126752,0.4771206,0.9089993,0.07752991,0.4095235,1,1,0,0.1131005,1.512971,-0.2243067,-5.259087,-81.36322,-0.04736187,0.2415991,0.7581495,0.6512564,-0.03277601,1,0.5,1,-5.960464E-08,2,0.225496,25.00002,-100.0001,0,0.6505113,0.3903851,0.8431036,0.3698321,0,0,0,-5.960464E-08,2,-0.225496,25.00002,-100.0001,0,0.5692425,0.4200567,0.9071845,-0.02384491,0,0,1
417,0.01313812,1.500144,0.2246027,-0.8180445,-75.6692,-0.009819124,0.1502459,0.2254794,0.7230256,0.6529879,1,0.5,0,0.2576823,1.040716,-0.2002454,-36.65772,-65.33797,0.07175657,-0.1086919,0.9996247,0.02738528,-0.0006271077,1,1,1,0.1301332,1.012741,0.2314778,-32.46268,-57.55026,-0.1443938,0.005927265,0.5210477,-0.0341136,0.8528455,1,1,0,0.06518486,1.50428,-0.2233358,-2.908803,-78.44998,0.02279059,0.01473635,0.3859526,0.9214039,-0.04533547,1,0.5,1,-5.960464E-08,2,0.225496,25.00002,-100.0001,0,0.5675973,0.1250274,0.9085826,0.3985548,0,0,0,-5.960464E-08,2,-0.225496,25.00002,-100.0001,0,0.4794729,0.1362762,0.9903288,-0.02603032,0,0,1
418,0.03075623,1.501048,0.2151666,-0.5276403,-76.54817,0.1128376,0.1464832,-0.2380881,0.7286309,0.6421924,1,0.5,0,0.2952139,1.042656,-0.1859003,-36.72269,-66.57162,-0.1764343,-0.3878502,0.9856262,0.1128499,0.1257218,1,1,1,0.003454783,1.001185,0.1559168,-23.42623,-50.26112,0.4104407,-0.09956485,-0.4525612,-0.07195959,0.8888251,1,1,0,0.1648782,1.528174,-0.2142129,-6.681414,-84.59678,-0.1495906,-0.001229793,-0.03969365,0.9988055,-0.02849587,1,0.5,1,-5.960464E-08,2,0.225496,25.00002,-100.0001,0,0.5751989,-0.1717601,0.9021589,0.395737,0,0,0,-5.960464E-08,2,-0.225496,25.00002,-100.0001,0,0.487753,-0.186966,0.9820272,-0.02581211,0,0,1
419,0.2037763,1.54331,0.2240307,-7.592048,-87.17691,-0.02003536,0.2307786,-0.4122235,0.7024155,0.580245,1,0.5,0,0.4907902,1.15286,-0.2400646,-41.8109,-82.08884,-0.0955515,-0.3699909,-0.1094561,0.9450144,-0.3081675,1,1,1,0.600661,1.239509,0.1885365,-42.15288,-91.17887,-0.4318403,-0.04833427,0.2117509,0.4638596,0.8602301,1,1,0,0.1545231,1.524579,-0.223865,-6.55669,-83.96689,0.0353113,0.1066514,-0.5777574,0.81526,-0.03933893,1,0.5,1,-5.960464E-08,2,0.225496,25.00002,-100.0001,0,0.6734535,-0.4303711,0.8266202,0.3626015,0,0,0,-5.960464E-08,2,-0.225496,25.00002,-100.0001,0,0.5938904,-0.4616738,0.8867435,-0.02330763,0,0,1
420,0.1999143,1.541728,0.2250297,-8.381021,-87.29534,0.05300792,0.4162496,-0.6876699,0.5585032,0.4638798,1,0.5,0,0.3612584,1.067305,-0.2198616,-40.56255,-71.81941,0.08701164,-0.02936551,-0.9959599,0.07926507,-0.04220168,1,1,1,0.4912403,1.134994,0.2065681,-44.36584,-82.31583,0.4175374,0.03951252,-0.6278839,0.1946093,0.7535841,1,1,0,0.1529384,1.524109,-0.2230656,-6.386331,-83.82468,-0.02052934,0.3384964,-0.8074609,0.5892794,-0.02750823,1,0.5,1,-5.960464E-08,2,0.225496,25.00002,-100.0001,0,0.8456721,-0.6167859,0.7208295,0.3161959,0,0,0,-5.960464E-08,2,-0.225496,25.00002,-100.0001,0,0.7768855,-0.6500126,0.7596611,-0.01996733,0,0,1
421,-0.0720841,1.505197,0.2217734,2.652258,-71.51538,-0.02852158,0.6217991,-0.8241361,0.4236028,0.3759794,1,0.5,0,-0.03252539,1.000327,-0.2165049,-24.86469,-48.38401,0.1334221,0.3856075,-0.9992648,-0.03350552,-0.01863676,1,1,1,-0.2291255,1.02862,0.1882478,-14.12623,-39.56044,-0.1323216,0.6491313,-0.941195,-0.001200982,0.337862,1,1,0,0.009602053,1.499998,-0.2216343,-1.278859,-75.5154,0.04835578,0.4652601,-0.8731626,0.4869134,-0.02241293,1,0.5,1,-5.960464E-08,2,0.225496,25.00002,-100.0001,0,0.8596272,-0.6269594,0.713431,0.3129505,0,0,0,-5.960464E-08,2,-0.225496,25.00002,-100.0001,0,0.791584,-0.6599889,0.751016,-0.0197401,0,0,1
422,-0.2148825,1.548401,0.2254858,13.22481,-66.71297,0.005788358,0.5046942,-0.7445909,0.5159786,0.4234979,1,0.5,0,-0.5027444,1.137456,-0.2235044,6.076478,-31.19336,0.07451403,0.5417715,-0.9944101,0.1031478,-0.02256193,1,1,1,-0.5249001,1.15538,0.2264881,8.94637,-31.44245,0.1574837,0.6476915,-0.921941,0.1092454,0.3716051,1,1,0,-0.2200964,1.551107,-0.2254679,13.15779,-66.35443,0.00479445,0.4163308,-0.8220832,0.5686886,-0.02779335,1,0.5,1,-5.960464E-08,2,0.225496,25.00002,-100.0001,0,0.6858556,-0.4496363,0.817975,0.3588093,0,0,0,-5.960464E-08,2,-0.225496,25.00002,-100.0001,0,0.6071842,-0.4815854,0.8760966,-0.02302778,0,0,1
423,-0.111338,1.512684,0.2217908,7.374314,-70.35578,-0.02225638,0.2182521,-0.451136,0.6720254,0.5872462,1,0.5,0,-0.4769465,1.126711,-0.1860395,7.455382,-34.03175,-0.01528636,0.1965259,-0.9901109,0.1388479,0.02004304,1,1,1,-0.3021585,1.047392,0.2221019,-5.284083,-38.02837,0.1715653,0.1659902,-0.7730593,0.02611402,0.633796,1,1,0,-0.1889652,1.537126,-0.2216784,12.05964,-67.72722,0.04282894,0.1472824,-0.6205276,0.7834691,-0.03349142,1,0.5,1,-5.960464E-08,2,0.225496,25.00002,-100.0001,0,0.5803634,-0.1968703,0.8978463,0.3938452,0,0,0,-5.960464E-08,2,-0.225496,25.00002,-100.0001,0,0.4933721,-0.2141105,0.9764722,-0.0256661,0,0,1
424,0.08695474,1.507619,0.2168281,-3.003595,-79.57986,-0.1265347,0.1630387,0.2930524,0.7203491,0.6286633,1,0.5,0,-0.2080387,1.050025,-0.169177,-12.85117,-41.90433,0.7503758,-0.3928123,-0.9393649,0.1868209,0.2875615,1,1,1,0.03637598,1.001979,0.2066924,-27.12497,-51.81252,0.4378946,-0.0677487,0.3325064,-0.06482566,0.9408703,1,1,0,-0.003969888,1.499977,-0.224511,-0.3800943,-74.8043,0.1309202,-0.01816341,0.214555,0.9753863,-0.05086993,1,0.5,1,-5.960464E-08,2,0.225496,25.00002,-100.0001,0,0.5646461,0.1008319,0.9111011,0.3996595,0,0,0,-5.960464E-08,2,-0.225496,25.00002,-100.0001,0,0.4762554,0.1099613,0.9935927,-0.02611611,0,0,1
425,0.01329128,1.500313,0.2208565,-1.215794,-75.69363,0.01287386,0.269727,0.5724653,0.6110124,0.5467607,1,0.5,0,-0.4171552,1.13853,-0.138525,2.140338,-35.96835,-0.1244709,-0.3748523,0.08146817,0.8672177,0.4912193,1,1,1,-0.2167823,1.055,0.2563624,-12.51776,-41.63017,0.1588271,0.00322032,0.4184418,0.04967927,0.906884,1,1,0,-0.08502384,1.507286,-0.2190644,4.040451,-71.01724,0.01056418,0.08766717,0.5825183,0.81217,-0.03244086,1,0.5,1,-5.960464E-08,2,0.225496,25.00002,-100.0001,0,0.6421803,0.3741534,0.8492532,0.3725296,0,0,0,-5.960464E-08,2,-0.225496,25.00002,-100.0001,0,0.5602732,0.4030571,0.9148588,-0.02404662,0,0,1
426,-0.2334297,1.557722,0.2248324,14.04662,-65.95213,0.01191199,0.3493246,0.6031019,0.6213436,0.5002003,1,0.5,0,-0.4054013,1.085805,-0.2240303,0.4040273,-34.42756,0.1089856,-0.1543601,0.984428,0.1614555,-0.06952401,1,1,1,-0.3866583,1.080159,0.226555,-1.585933,-34.61528,0.1637653,0.05977362,0.6413317,0.08960582,0.7620134,1,1,0,-0.2049448,1.54406,-0.2251123,12.44127,-66.93984,0.0408441,0.2464982,0.7243341,0.688628,-0.03364019,1,0.5,1,-5.960464E-08,2,0.225496,25.00002,-100.0001,0,0.7953588,0.5756389,0.7488275,0.3284773,0,0,0,-5.960464E-08,2,-0.225496,25.00002,-100.0001,0,0.7237474,0.6093242,0.7926475,-0.02083436,0,0,1
427,-0.08902328,1.508104,0.2224697,5.771688,-71.13043,-0.01758189,0.5727202,0.8039002,0.4456929,0.3938303,1,0.5,0,-0.02297445,0.9990572,-0.2081513,-22.85234,-48.8507,-0.2384455,0.4289601,0.9994066,-0.03330907,-0.00877461,1,1,1,-0.2005675,1.020039,0.2058446,-12.65598,-41.25566,-0.1059786,0.3535416,0.8796475,-0.01166979,0.4754831,1,1,0,-0.007217407,1.499989,-0.2208544,1.538618,-74.68322,0.02774299,0.5548807,0.8950452,0.4455372,-0.01976948,1,0.5,1,-5.960464E-08,2,0.225496,25.00002,-100.0001,0,0.9237547,0.6682213,0.6812973,0.2988548,0,0,0,-5.960464E-08,2,-0.225496,25.00002,-100.0001,0,0.8589263,0.7000992,0.713799,-0.01876186,0,0,1
428,0.1744767,1.531433,0.2258002,-6.917305,-85.21317,-0.01107455,0.5347232,0.7718906,0.4846064,0.4115112,1,0.5,0,0.2821832,1.040143,-0.2222547,-36.31065,-65.92175,-0.006358328,0.4067295,0.9996362,0.0111864,-0.02454391,1,1,1,0.2894602,1.04438,0.2286574,-35.81323,-66.35936,-0.01137779,0.5093358,0.9052255,0.01424733,0.4246926,1,1,0,0.1504916,1.52318,-0.2244514,-6.566638,-83.75127,0.01492501,0.418693,0.8432718,0.536828,-0.02661546,1,0.5,1,-5.960464E-08,2,0.225496,25.00002,-100.0001,0,0.7294687,0.5077122,0.7889589,0.3460812,0,0,0,-5.960464E-08,2,-0.225496,25.00002,-100.0001,0,0.6537749,0.5410209,0.8407189,-0.02209789,0,0,1
429,0.1298935,1.517252,0.2235665,-5.753937,-82.38903,-0.0115946,0.277934,0.5578907,0.6263415,0.5444762,1,0.5,0,0.3227117,1.070042,-0.2359485,-37.99174,-69.77178,-0.03494249,0.1291259,0.9963353,0.06364692,-0.05714044,1,1,1,0.4668018,1.14811,0.1840844,-41.288,-81.00002,-0.01403839,0.3693524,0.886764,0.1358594,0.4418052,1,1,0,0.07374807,1.505515,-0.223713,-3.576046,-78.98243,-0.008539859,0.1078263,0.6216524,0.7823212,-0.03901283,1,0.5,1,-5.960464E-08,2,0.225496,25.00002,-100.0001,0,0.6020116,0.2759577,0.8802088,0.3861085,0,0,0,-5.960464E-08,2,-0.225496,25.00002,-100.0001,0,0.516874,0.2990622,0.9539042,-0.02507291,0,0,1
430,0.07676065,1.505903,0.2262472,-3.976311,-79.20767,0.02759696,0.1422009,0.1015337,0.7410499,0.6637288,1,0.5,0,0.1202073,1.00783,-0.2236992,-29.52459,-56.02631,0.05484002,-0.3866054,0.9581735,-0.1955084,-0.2089979,1,1,1,0.0763576,1.00558,0.2250817,-30.22532,-54.18939,-0.1543984,-0.06931439,0.1504624,-0.05670118,0.9869884,1,1,0,0.06938173,1.504746,-0.2246477,-3.283811,-78.72466,0.02204479,-0.02111053,0.1207505,0.9913477,-0.05146854,1,0.5,1,-5.960464E-08,2,0.225496,25.00002,-100.0001,0,0.5592831,-0.01090894,0.9157138,0.4016829,0,0,0,-5.960464E-08,2,-0.225496,25.00002,-100.0001,0,0.4704041,-0.01190809,0.9995838,-0.02627358,0,0,1
431,-0.04906338,1.502365,0.2194794,2.628965,-72.67238,0.00587702,0.2378646,-0.5166955,0.6401783,0.5685046,1,0.5,0,0.3728492,1.117922,-0.1291336,-37.20375,-74.00018,-0.1788729,-0.3799765,0.3387771,0.7325386,0.5904381,1,1,1,0.1653214,1.049646,0.265151,-29.13845,-59.99815,0.4815685,-0.005433649,-0.3373996,0.03972427,0.940523,1,1,0,0.06061707,1.503872,-0.2177193,-2.986432,-78.2394,-0.04700052,0.04646105,-0.4969629,0.8671657,-0.03242549,1,0.5,1,-5.960464E-08,2,0.225496,25.00002,-100.0001,0,0.6100883,-0.2992447,0.8738046,0.3832992,0,0,0,-5.960464E-08,2,-0.225496,25.00002,-100.0001,0,0.5256215,-0.3238895,0.9457682,-0.02485906,0,0,1
432,0.1739617,1.531187,0.2225498,-6.025452,-84.88152,-0.06707239,0.3127463,-0.5911276,0.616659,0.5199037,1,0.5,0,0.3460964,1.068004,-0.2350152,-39.72267,-71.22783,-0.02054945,-0.1873972,-0.9862421,0.1215729,-0.1120118,1,1,1,0.4670096,1.122727,0.1959358,-42.0328,-79.8583,-0.2951504,-0.05225223,-0.4185142,0.2070967,0.8842832,1,1,0,0.1212692,1.514953,-0.2250388,-5.007858,-81.73361,0.02415107,0.2211335,-0.7392934,0.6724877,-0.03472146,1,0.5,1,-5.960464E-08,2,0.225496,25.00002,-100.0001,0,0.7450641,-0.5255942,0.7790765,0.3417462,0,0,0,-5.960464E-08,2,-0.225496,25.00002,-100.0001,0,0.6703794,-0.5591336,0.8287913,-0.02178438,0,0,1
433,0.1635676,1.52757,0.2243936,-7.730462,-84.89931,0.02963321,0.5435468,-0.7792711,0.4768069,0.4066838,1,0.5,0,0.05645816,1.013697,-0.1955882,-27.80809,-53.67228,-0.3002503,0.4204702,-0.9998316,-0.01771115,0.004792987,1,1,1,0.1795993,1.026832,0.2380849,-34.22398,-60.67593,-0.01040325,0.4096234,-0.8763781,-0.003482221,0.4816113,1,1,0,0.1102516,1.512215,-0.2231736,-5.529853,-81.2796,-0.01635328,0.4919314,-0.8735702,0.4861371,-0.02336213,1,0.5,1,-5.960464E-08,2,0.225496,25.00002,-100.0001,0,0.9408448,-0.6779172,0.6732163,0.2953101,0,0,0,-5.960464E-08,2,-0.225496,25.00002,-100.0001,0,0.8768213,-0.709441,0.7045215,-0.01851801,0,0,1
434,-0.2082192,1.545426,0.223393,12.10131,-66.59814,-0.02073646,0.6388254,-0.8105168,0.4525946,0.3717804,1,0.5,0,-0.1356677,1.020453,-0.1863766,-17.86099,-44.13735,0.2148353,0.3506483,-0.9998088,-0.01122292,0.01601532,1,1,1,-0.3046878,1.053112,0.2303052,-8.40391,-37.04438,-0.04867317,0.6068373,-0.9210981,0.02088139,0.38877,1,1,0,-0.1446459,1.521458,-0.2224216,7.955036,-68.73359,0.01916141,0.4903091,-0.8678744,0.4962675,-0.02264097,1,0.5,1,-5.960464E-08,2,0.225496,25.00002,-100.0001,0,0.7778546,-0.5593892,0.759085,0.3329768,0,0,0,-5.960464E-08,2,-0.225496,25.00002,-100.0001,0,0.7052035,-0.5931098,0.8048435,-0.02115493,0,0,1
435,-0.1328702,1.517908,0.2241751,8.264981,-69.46598,0.01806543,0.3313554,-0.6286839,0.5868825,0.5102211,1,0.5,0,-0.3486989,1.074824,-0.2356563,-4.108064,-36.04021,-0.003434719,0.2407063,-0.9970059,0.06051474,-0.04813829,1,1,1,-0.4149886,1.103038,0.2095188,1.396336,-34.4483,0.1457804,0.4059294,-0.8883454,0.08062176,0.4520428,1,1,0,-0.1042943,1.511112,-0.2258193,6.10881,-70.41283,-0.01144186,0.1901121,-0.7159473,0.6971512,-0.03741314,1,0.5,1,-5.960464E-08,2,0.225496,25.00002,-100.0001,0,0.6286644,-0.3453548,0.8594231,0.3769907,0,0,0,-5.960464E-08,2,-0.225496,25.00002,-100.0001,0,0.5456991,-0.3727551,0.9276093,-0.02438177,0,0,1
436,0.003303957,1.4999,0.2231775,0.03861396,-75.16187,-0.0008769337,0.1359192,-0.1055855,0.7389299,0.665458,1,0.5,0,-0.2019652,1.020916,-0.1973161,-12.73081,-41.26967,-0.06891641,-0.2274224,-0.999396,-0.03332448,0.009846507,1,1,1,-0.02706601,1.000206,0.2178521,-22.04544,-48.7524,-0.2453507,-0.06988722,-0.2267169,-0.06926932,0.9714943,1,1,0,-0.07126574,1.505241,-0.2215562,3.697259,-71.67011,0.04953818,-0.003611237,-0.2854891,0.9573976,-0.04342595,1,0.5,1,-5.960464E-08,2,0.225496,25.00002,-100.0001,0,0.5615603,-0.06636259,0.9137496,0.4008213,0,0,0,-5.960464E-08,2,-0.225496,25.00002,-100.0001,0,0.4728892,-0.07241101,0.9970305,-0.02620647,0,0,1
437,-0.04496633,1.502009,0.2221531,1.789704,-72.80773,0.08358511,0.1661562,0.3104078,0.7085567,0.6337149,1,0.5,0,-0.3506349,1.065501,-0.1793494,-5.084962,-35.35076,-0.1937487,-0.3929221,-0.9235191,0.3315404,0.192856,1,1,1,-0.1418456,1.0104,0.216887,-19.70509,-43.09592,0.6248142,-0.06842485,0.2546504,-0.04541594,0.9659662,1,1,0,-0.1308468,1.517518,-0.2201703,7.59055,-69.38004,-0.07585737,0.002689838,0.2405054,0.9698181,-0.04012465,1,0.5,1,-5.960464E-08,2,0.225496,25.00002,-100.0001,0,0.5887257,0.2312303,0.8909501,0.3908202,0,0,0,-5.960464E-08,2,-0.225496,25.00002,-100.0001,0,0.5024604,0.2511285,0.9676196,-0.02543342,0,0,1
438,-0.2249547,1.553504,0.2213168,13.37881,-66.15608,-0.04521014,0.2561299,0.458457,0.6923463,0.5572017,1,0.5,0,-0.4682373,1.135501,-0.2452746,5.395658,-33.63165,0.04533233,-0.3455149,0.6691291,0.6829184,-0.2930679,1,1,1,-0.6072758,1.230376,0.1730335,16.3703,-30.93406,-0.2855712,-0.07505649,-0.08393618,0.4715368,0.8778426,1,1,0,-0.1507825,1.523251,-0.2224854,8.563119,-68.58591,0.02747999,0.1487648,0.6486561,0.7602921,-0.03465875,1,0.5,1,-5.960464E-08,2,0.225496,25.00002,-100.0001,0,0.7036123,0.4749101,0.8059075,0.3535158,0,0,0,-5.960464E-08,2,-0.225496,25.00002,-100.0001,0,0.626182,0.5075624,0.8613175,-0.02263932,0,0,1
439,-0.1784276,1.532995,0.2250422,11.36885,-68.05087,0.01920537,0.4690778,0.7336338,0.5190446,0.4386049,1,0.5,0,-0.2801884,1.039481,-0.2213412,-8.177269,-38.21844,-0.09422604,0.1096349,0.999266,0.01555146,-0.03500658,1,1,1,-0.3429296,1.060643,0.2247603,-2.865655,-36.6442,0.1207911,0.1927941,0.788757,0.04423136,0.6131119,1,1,0,-0.1426173,1.520881,-0.2243401,8.480975,-68.99589,-0.02891273,0.3939826,0.8353167,0.5490944,-0.02722659,1,0.5,1,-5.960464E-08,2,0.225496,25.00002,-100.0001,0,0.8830895,0.6430355,0.7013286,0.3076417,0,0,0,-5.960464E-08,2,-0.225496,25.00002,-100.0001,0,0.8162597,0.6756841,0.7369368,-0.01937003,0,0,1
440,0.1473087,1.522119,0.220326,-5.56552,-83.27844,0.003219397,0.6451101,0.8249696,0.4297567,0.3670617,1,0.5,0,0.1266138,1.006921,-0.2070635,-29.31781,-56.49154,-0.05473571,0.4243014,0.999659,-0.02496943,-0.007641964,1,1,1,0.3238016,1.053268,0.1958328,-37.00474,-68.36132,-0.01915992,0.6892251,0.942777,0.01956547,0.3328493,1,1,0,0.05130798,1.502568,-0.2198047,-1.669157,-77.63567,-0.002400578,0.4715817,0.8735039,0.4863903,-0.02038401,1,0.5,1,-5.960464E-08,2,0.225496,25.00002,-100.0001,0,0.8258016,0.6014266,0.7316331,0.3209349,0,0,0,-5.960464E-08,2,-0.225496,25.00002,-100.0001,0,0.7559272,0.6348874,0.772338,-0.02030053,0,0,1
441,0.1841172,1.535189,0.2246855,-7.613075,-86.02508,-0.01640097,0.4343383,0.7078522,0.5406913,0.4545307,1,0.5,0,0.5302384,1.158648,-0.2143397,-43.06347,-84.11019,0.1629606,0.5157763,0.991847,0.1266497,-0.01411696,1,1,1,0.4941418,1.141752,0.2348687,-42.85938,-81.91967,0.09972904,0.5701466,0.9077244,0.1044268,0.4063637,1,1,0,0.2171229,1.549682,-0.2248574,-8.139928,-88.23201,0.01813323,0.367669,0.8002812,0.5989402,-0.02864843,1,0.5,1,-5.960464E-08,2,0.225496,25.00002,-100.0001,0,0.6617749,0.4107992,0.8349296,0.3662465,0,0,0,-5.960464E-08,2,-0.225496,25.00002,-100.0001,0,0.5813529,0.441351,0.8970247,-0.02357786,0,0,1
442,0.07470415,1.505674,0.221996,-4.015101,-79.11279,-0.001614541,0.175383,0.3369736,0.704303,0.6248248,1,0.5,0,0.3682439,1.070254,-0.1966142,-41.43365,-72.57901,-0.1735315,0.0226894,0.997009,0.07701346,0.006477618,1,1,1,0.2078442,1.022152,0.2221906,-35.46308,-61.7564,0.0167653,0.05536467,0.6495304,-0.0141313,0.7602044,1,1,0,0.1569289,1.525322,-0.2208608,-7.165196,-84.30742,-0.008336458,0.0846042,0.5299499,0.8472779,-0.03568367,1,0.5,1,-5.960464E-08,2,0.225496,25.00002,-100.0001,0,0.5701964,0.1428542,0.9063759,0.3975868,0,0,0,-5.960464E-08,2,-0.225496,25.00002,-100.0001,0,0.4823052,0.155636,0.9874734,-0.02595527,0,0,1
443,-0.1075684,1.51178,0.2187917,5.845568,-70.18897,0.03757553,0.1948069,-0.3948334,0.6934006,0.6027454,1,0.5,0,0.2442737,1.057832,-0.1208957,-33.8425,-65.19029,0.754702,-0.3858081,0.678762,0.2437315,0.6927316,1,1,1,0.0006898594,1.022477,0.256875,-23.31998,-50.81471,0.8781518,-0.01381874,-0.3415902,-0.01547279,0.9397216,1,1,0,0.01541397,1.500322,-0.2146779,-0.3183133,-75.77228,0.1860873,-0.005706877,-0.3061962,0.9515052,-0.02969472,1,0.5,1,-5.960464E-08,2,0.225496,25.00002,-100.0001,0,0.5722677,-0.1555252,0.9046251,0.3968188,0,0,0,-5.960464E-08,2,-0.225496,25.00002,-100.0001,0,0.4845613,-0.1693797,0.9852106,-0.02589579,0,0,1
444,0.02061577,1.500354,0.2208764,-0.4090041,-76.03793,-0.007810447,0.2846555,-0.5941082,0.5994398,0.5363836,1,0.5,0,0.4489103,1.141143,-0.1462023,-39.81974,-79.47206,-0.1704247,-0.370843,-0.2932531,0.8605264,0.4165295,1,1,1,0.2597606,1.060083,0.2547477,-34.02279,-65.78013,0.05799534,0.009157062,-0.4458847,0.05908382,0.8931383,1,1,0,0.1189433,1.514395,-0.2189308,-4.604226,-81.51913,0.003401936,0.108527,-0.6044804,0.7960124,-0.03110918,1,0.5,1,-5.960464E-08,2,0.225496,25.00002,-100.0001,0,0.6657221,-0.4175833,0.8321025,0.3650064,0,0,0,-5.960464E-08,2,-0.225496,25.00002,-100.0001,0,0.5855925,-0.4484059,0.8935215,-0.02348578,0,0,1
445,0.2420108,1.562389,0.2236123,-8.83053,-90.1441,-0.02205075,0.3797659,-0.633993,0.6051488,0.4815057,1,0.5,0,0.3342709,1.057961,-0.2141881,-39.87947,-69.99676,0.2163165,-0.03343984,-0.9977392,0.05993065,-0.03040994,1,1,1,0.3678768,1.077018,0.2352114,-39.72795,-72.24938,0.1590618,0.1149445,-0.7023389,0.07645825,0.7077247,1,1,0,0.1917545,1.538287,-0.223853,-7.89169,-86.58504,0.02728776,0.2928526,-0.7668786,0.6410866,-0.03008506,1,0.5,1,-5.960464E-08,2,0.225496,25.00002,-100.0001,0,0.8272488,-0.602582,0.7308353,0.320585,0,0,0,-5.960464E-08,2,-0.225496,25.00002,-100.0001,0,0.7574549,-0.6360279,0.7713997,-0.02027587,0,0,1
446,0.03086708,1.500896,0.2211152,-2.627867,-76.68505,0.004537405,0.5555776,-0.8011473,0.4461026,0.3989429,1,0.5,0,-0.03768582,1.001356,-0.2244787,-23.94013,-48.11053,-0.2953136,0.4150022,-0.9991518,-0.0313052,-0.02675263,1,1,1,0.1135629,1.006258,0.200392,-31.85477,-56.17241,-0.0652455,0.3619813,-0.8851436,-0.02754361,0.4645019,1,1,0,-0.05505319,1.503009,-0.221627,1.941072,-72.31116,-0.03621207,0.5450224,-0.8914579,0.4526308,-0.02069529,1,0.5,1,-5.960464E-08,2,0.225496,25.00002,-100.0001,0,0.874871,-0.6375437,0.7055209,0.3094807,0,0,0,-5.960464E-08,2,-0.225496,25.00002,-100.0001,0,0.8076214,-0.6703319,0.7418051,-0.01949799,0,0,1
447,-0.1825842,1.534593,0.22363,10.82981,-67.58295,-0.03025831,0.4916468,-0.7473817,0.5088438,0.4271985,1,0.5,0,-0.2990975,1.045605,-0.2245791,-8.304442,-37.14359,-0.08502532,0.3581461,-0.9994243,0.01818507,-0.02864214,1,1,1,-0.3641749,1.068257,0.2210582,-4.574779,-34.77599,-0.1826525,0.5149794,-0.9091114,0.03769251,0.4148441,1,1,0,-0.1277651,1.516502,-0.2236148,7.512887,-69.52429,0.01076162,0.3415918,-0.8155017,0.578074,-0.02805969,1,0.5,1,-5.960464E-08,2,0.225496,25.00002,-100.0001,0,0.6974684,-0.4664462,0.8100425,0.3553296,0,0,0,-5.960464E-08,2,-0.225496,25.00002,-100.0001,0,0.6196132,-0.4988817,0.8663709,-0.02277214,0,0,1
448,-0.1228376,1.515302,0.2225507,6.983319,-69.65089,-0.01057312,0.239334,-0.49243,0.6564049,0.5715289,1,0.5,0,-0.2892681,1.058592,-0.2423586,-7.177201,-38.64188,-0.03269912,0.03295678,-0.995392,0.05364808,-0.07947839,1,1,1,-0.4185611,1.110909,0.1865218,2.231405,-35.17032,0.1192116,0.268943,-0.8580529,0.1052217,0.5026664,1,1,0,-0.05936746,1.503571,-0.2236998,3.263557,-72.22107,0.0006154182,0.06141955,-0.5354288,0.8435248,-0.04221399,1,0.5,1,-5.960464E-08,2,0.225496,25.00002,-100.0001,0,0.5863428,-0.2220595,0.8929044,0.3916774,0,0,0,-5.960464E-08,2,-0.225496,25.00002,-100.0001,0,0.4998719,-0.2412637,0.9701245,-0.02549926,0,0,1
449,-0.02735269,1.500699,0.2233323,2.242149,-73.73181,-0.05884396,0.1354135,0.0859481,0.7407759,0.6662312,1,0.5,0,-0.1911054,1.018111,-0.2052259,-15.62106,-41.18834,0.4454615,-0.39009,-0.9929951,-0.1081669,-0.04754732,1,1,1,0.02232582,1.001413,0.1934802,-24.83877,-51.21177,-0.5303154,-0.09193075,0.2555721,-0.07005512,0.9642485,1,1,0,-0.07791752,1.506121,-0.2245564,4.02137,-71.37672,0.03658013,-0.02322915,0.008489946,0.9986366,-0.05150566,1,0.5,1,-5.960464E-08,2,0.225496,25.00002,-100.0001,0,0.5623868,0.07715195,0.9130387,0.4005095,0,0,0,-5.960464E-08,2,-0.225496,25.00002,-100.0001,0,0.473791,0.08417126,0.9961072,-0.0261822,0,0,1
450,0.02296278,1.500503,0.2229202,-1.512498,-76.20226,0.03620686,0.2622172,0.5577627,0.6172816,0.5548552,1,0.5,0,-0.4059673,1.145573,-0.1537092,2.237866,-36.66291,-0.4046464,-0.3754437,-0.03045831,0.9278748,0.3716458,1,1,1,-0.2745694,1.100947,0.2753604,-7.6676,-40.57311,0.01316667,-0.002723694,0.256606,0.1426703,0.9559281,1,1,0,-0.05914347,1.503517,-0.22042,3.156213,-72.21687,-0.04208015,0.08506805,0.5863079,0.8093361,-0.0349019,1,0.5,1,-5.960464E-08,2,0.225496,25.00002,-100.0001,0,0.6330009,0.354963,0.8561338,0.3755478,0,0,0,-5.960464E-08,2,-0.225496,25.00002,-100.0001,0,0.5503781,0.3828844,0.9234772,-0.02427316,0,0,1
451,-0.2336041,1.558069,0.2174227,14.15582,-65.99425,0.02263934,0.3323827,0.588258,0.634406,0.5014793,1,0.5,0,-0.2797424,1.038966,-0.2054087,-8.142853,-38.31557,0.6187426,-0.05635893,0.9997214,0.02020996,-0.01219162,1,1,1,-0.4746936,1.117667,0.1936646,4.877076,-32.26869,0.2658659,-0.02624631,0.5246742,0.1850481,0.8309478,1,1,0,-0.1275256,1.516553,-0.2189657,7.131304,-69.42974,0.11926,0.2694109,0.7742733,0.6323712,-0.02464961,1,0.5,1,-5.960464E-08,2,0.225496,25.00002,-100.0001,0,0.7825959,0.5639032,0.7562789,0.331746,0,0,0,-5.960464E-08,2,-0.225496,25.00002,-100.0001,0,0.7102295,0.5976221,0.8015011,-0.02106707,0,0,1
452,-0.07242878,1.5054,0.2250901,5.241103,-71.88193,-0.004769119,0.5956249,0.8131351,0.4339078,0.3879887,1,0.5,0,-0.03049451,1.004077,-0.2241848,-22.65251,-48.7988,-0.2386906,0.4334988,0.9992785,-0.02776961,-0.02590764,1,1,1,-0.0564555,1.00389,0.2260744,-20.32792,-47.61537,-0.1559683,0.5023093,0.9047749,-0.02604966,0.4250928,1,1,0,-0.06134005,1.5039,-0.2257618,4.108979,-72.24313,-0.02220795,0.5192215,0.8849694,0.4649629,-0.02527598,1,0.5,1,-5.960464E-08,2,0.225496,25.00002,-100.0001,0,0.9317585,0.6728228,0.6774887,0.2971842,0,0,0,-5.960464E-08,2,-0.225496,25.00002,-100.0001,0,0.8673096,0.7045367,0.7094226,-0.01864683,0,0,1
453,0.2350202,1.558819,0.2211787,-8.617463,-89.58101,-0.004488232,0.6048863,0.7909576,0.4786181,0.3811964,1,0.5,0,0.1898033,1.02302,-0.177731,-32.40041,-60.57859,-0.06982091,0.3290298,0.9996037,-0.008419123,0.02686148,1,1,1,0.3895991,1.080122,0.2225042,-39.65758,-73.18348,-0.03680737,0.6130267,0.9240544,0.04503218,0.3795994,1,1,0,0.1506998,1.52335,-0.2202835,-6.259931,-83.66309,0.01733602,0.4312733,0.8478691,0.529758,-0.02178035,1,0.5,1,-5.960464E-08,2,0.225496,25.00002,-100.0001,0,0.7369875,0.5164951,0.7841634,0.3439776,0,0,0,-5.960464E-08,2,-0.225496,25.00002,-100.0001,0,0.6617836,0.5499285,0.8349234,-0.02194556,0,0,1
454,0.08568672,1.507315,0.2255288,-4.54755,-79.77334,0.01093746,0.2591051,0.5388805,0.628787,0.5605664,1,0.5,0,0.3802814,1.09697,-0.2201121,-39.17867,-73.74027,0.1991124,0.2071273,0.9950988,0.09470678,-0.02844195,1,1,1,0.3511979,1.082909,0.229675,-39.27338,-71.96125,0.1482659,0.3015457,0.8415965,0.06600888,0.5360579,1,1,0,0.09629029,1.509436,-0.2253714,-4.651322,-80.34772,0.01377091,0.1376725,0.6581285,0.7518536,-0.03978753,1,0.5,1,-5.960464E-08,2,0.225496,25.00002,-100.0001,0,0.6074846,0.2919951,0.875859,0.3842004,0,0,0,-5.960464E-08,2,-0.225496,25.00002,-100.0001,0,0.5228026,0.3161706,0.9483749,-0.02492758,0,0,1
455,-0.02508182,1.500591,0.2205504,1.149688,-73.77466,0.002360345,0.1317486,-0.04442666,0.7449024,0.6656927,1,0.5,0,0.1140233,1.005896,-0.2108874,-31.97047,-56.18667,-0.326191,-0.3858549,0.9727853,-0.2111657,-0.0953825,1,1,1,-0.0666756,1.001148,0.2022998,-22.83389,-46.65596,-0.1711518,-0.09069559,-0.1701918,-0.07048912,0.9828866,1,1,0,0.06607343,1.504332,-0.2211411,-3.327855,-78.55708,-0.02595336,-0.02102429,0.131716,0.9903044,-0.04413814,1,0.5,1,-5.960464E-08,2,0.225496,25.00002,-100.0001,0,0.5592244,-0.002817836,0.9157647,0.4017052,0,0,0,-5.960464E-08,2,-0.225496,25.00002,-100.0001,0,0.4703399,-0.003075954,0.99965,-0.02627532,0,0,1
456,0.04061332,1.501776,0.2234709,-1.539963,-77.08682,-0.01721904,0.192735,-0.4031161,0.6810333,0.6113029,1,0.5,0,0.4011568,1.112009,-0.1886694,-38.74707,-75.1501,-0.346137,-0.383974,0.7006262,0.7068142,0.09765585,1,1,1,0.2731366,1.056788,0.2403201,-34.00116,-65.81113,0.03751965,-0.05639768,-0.1053407,0.06038795,0.9926009,1,1,0,0.09800798,1.509768,-0.2237991,-4.282045,-80.35602,-0.05524012,0.02911675,-0.4192988,0.9067333,-0.04497891,1,0.5,1,-5.960464E-08,2,0.225496,25.00002,-100.0001,0,0.6064636,-0.2890886,0.8766671,0.3845549,0,0,0,-5.960464E-08,2,-0.225496,25.00002,-100.0001,0,0.521697,-0.3130733,0.9494011,-0.02495455,0,0,1
457,0.2479192,1.565963,0.2207237,-8.764349,-90.50372,-0.009676073,0.286791,-0.5000245,0.6812013,0.5347338,1,0.5,0,0.4383964,1.105559,-0.2340083,-42.21898,-77.64018,0.2675222,-0.2807983,-0.9258029,0.3447008,-0.1551463,1,1,1,0.5501784,1.164683,0.1989508,-44.23402,-85.75787,0.06610754,-0.06917438,-0.2115835,0.3126169,0.9260146,1,1,0,0.1737814,1.531071,-0.2228107,-6.957192,-85.18041,0.02192409,0.1857098,-0.681852,0.7307333,-0.03326586,1,0.5,1,-5.960464E-08,2,0.225496,25.00002,-100.0001,0,0.7382474,-0.5179369,0.7833655,0.3436276,0,0,0,-5.960464E-08,2,-0.225496,25.00002,-100.0001,0,0.663125,-0.5513887,0.8339604,-0.02192025,0,0,1
458,0.1306854,1.517411,0.2242757,-6.605858,-82.67531,0.02086238,0.5530465,-0.7895766,0.4628584,0.4029031,1,0.5,0,0.1453426,1.010527,-0.2194509,-32.87954,-57.9581,-0.110402,0.3172673,-0.9994327,-0.02382662,-0.02379987,1,1,1,0.2120562,1.023207,0.2263949,-36.32068,-62.20039,0.02032892,0.3628406,-0.8693264,-0.007872582,0.4941758,1,1,0,0.08414666,1.507149,-0.2242897,-4.439881,-79.67121,-0.0283003,0.4995719,-0.8783756,0.4773529,-0.02430009,1,0.5,1,-5.960464E-08,2,0.225496,25.00002,-100.0001,0,0.9309692,-0.6723739,0.6778624,0.2973481,0,0,0,-5.960464E-08,2,-0.225496,25.00002,-100.0001,0,0.8664831,-0.7041041,0.7098516,-0.01865811,0,0,1
459,-0.1908734,1.537771,0.2226014,10.82371,-67.10607,-0.005946311,0.6279383,-0.8105341,0.4501767,0.3746671,1,0.5,0,-0.2324359,1.026606,-0.2105214,-13.11633,-39.4744,0.06468522,0.4558589,-0.9999331,-0.003550741,-0.01100725,1,1,1,-0.377552,1.073237,0.2139261,-3.837447,-34.25851,-0.06952289,0.6769491,-0.9353939,0.03673628,0.3516941,1,1,0,-0.120148,1.514596,-0.222198,6.183516,-69.59962,0.009799752,0.4730519,-0.8668675,0.4980164,-0.02281277,1,0.5,1,-5.960464E-08,2,0.225496,25.00002,-100.0001,0,0.7826519,-0.5639559,0.7562459,0.3317315,0,0,0,-5.960464E-08,2,-0.225496,25.00002,-100.0001,0,0.7102888,-0.5976748,0.8014619,-0.02106604,0,0,1
460,-0.1830872,1.534643,0.2250931,11.3136,-67.75153,0.007244947,0.3879975,-0.6692378,0.5682938,0.4787098,1,0.5,0,-0.4491592,1.115944,-0.230581,3.187173,-33.23947,0.03697129,0.3651761,-0.9944258,0.09933665,-0.03534652,1,1,1,-0.4936889,1.141839,0.2175078,7.228073,-32.58757,0.1142301,0.5028131,-0.9023448,0.1115249,0.4163366,1,1,0,-0.1642881,1.527861,-0.225446,9.773456,-68.23371,-0.00639111,0.2613757,-0.7558456,0.6538963,-0.0334211,1,0.5,1,-5.960464E-08,2,0.225496,25.00002,-100.0001,0,0.6362342,-0.3618923,0.8536975,0.3744791,0,0,0,-5.960464E-08,2,-0.225496,25.00002,-100.0001,0,0.553865,-0.3901775,0.9204218,-0.02419285,0,0,1
461,-0.03847507,1.501395,0.2244753,2.455738,-73.1952,-0.002256037,0.1459336,-0.1885793,0.7297887,0.6571501,1,0.5,0,-0.2176627,1.024087,-0.2113175,-11.54589,-40.66593,-0.02274216,-0.1987319,-0.9991014,-0.01962552,-0.03756608,1,1,1,-0.08557498,1.003566,0.2194092,-18.73399,-46.08916,-0.1454965,-0.04708356,-0.3729377,-0.05836305,0.926019,1,1,0,-0.08880728,1.507892,-0.2237367,5.149817,-71.01205,0.008569662,0.008504391,-0.3385259,0.9397985,-0.04667941,1,0.5,1,-5.960464E-08,2,0.225496,25.00002,-100.0001,0,0.5624933,-0.07843314,0.9129472,0.4004693,0,0,0,-5.960464E-08,2,-0.225496,25.00002,-100.0001,0,0.4739072,-0.08556738,0.9959884,-0.02617908,0,0,1
462,0.06749798,1.504551,0.2213345,-3.134014,-78.6006,0.002500416,0.2025015,0.4289075,0.6755165,0.5997632,1,0.5,0,-0.3057967,1.079839,-0.1261701,-6.505148,-38.06084,-0.1840551,-0.3854714,-0.6285463,0.4351624,0.6446419,1,1,1,-0.05809449,1.019114,0.2454074,-22.9467,-47.63099,0.5117105,-0.0210613,0.3668855,-0.02272858,0.9299884,1,1,0,-0.04065783,1.501665,-0.216218,2.282089,-73.07069,-0.04879089,0.009939611,0.3787749,0.9249422,-0.03180378,1,0.5,1,-5.960464E-08,2,0.225496,25.00002,-100.0001,0,0.5847186,0.2155491,0.8942414,0.3922639,0,0,0,-5.960464E-08,2,-0.225496,25.00002,-100.0001,0,0.4981071,0.2342535,0.9718399,-0.02554435,0,0,1
463,-0.1525808,1.523752,0.2249454,7.715269,-68.23736,-0.01231581,0.2632793,0.5211405,0.6468826,0.5567365,1,0.5,0,-0.4678409,1.139631,-0.2307995,5.367658,-33.87765,-0.3175163,-0.3593716,0.5867643,0.7795773,-0.2190134,1,1,1,-0.457874,1.125857,0.2198073,3.686899,-33.58666,-0.2973669,-0.05956879,0.2099819,0.2176428,0.9531733,1,1,0,-0.1446913,1.521314,-0.2259741,7.772261,-68.68099,-0.008644912,0.1376743,0.6361637,0.7704782,-0.04073261,1,0.5,1,-5.960464E-08,2,0.225496,25.00002,-100.0001,0,0.6936665,0.4610639,0.8126225,0.3564614,0,0,0,-5.960464E-08,2,-0.225496,25.00002,-100.0001,0,0.615546,0.4933517,0.8695296,-0.02285517,0,0,1
464,-0.2209189,1.551497,0.2249182,14.31268,-66.88033,-0.01040623,0.4391537,0.6978185,0.555284,0.452448,1,0.5,0,-0.2125561,1.038213,-0.2057097,-11.23099,-41.48162,-0.1720876,0.163797,0.9998864,0.01237282,-0.008601633,1,1,1,-0.3455312,1.065785,0.2242462,-3.572798,-36.45681,-0.2699384,0.1804096,0.7800396,0.05259274,0.623516,1,1,0,-0.1918496,1.53816,-0.224971,11.96909,-67.51695,-0.03480913,0.3528144,0.8025522,0.5958628,-0.02928066,1,0.5,1,-5.960464E-08,2,0.225496,25.00002,-100.0001,0,0.8747035,0.6374303,0.7056069,0.3095184,0,0,0,-5.960464E-08,2,-0.225496,25.00002,-100.0001,0,0.8074453,0.6702213,0.741905,-0.01950062,0,0,1
465,0.1113325,1.512569,0.2242936,-4.060096,-81.01051,-0.0007435682,0.6191674,0.8187492,0.4311858,0.3791154,1,0.5,0,0.1120477,1.023506,-0.2385403,-28.37423,-56.5745,0.02206416,0.4178652,0.999093,-0.007075032,-0.0419891,1,1,1,0.1377227,1.011333,0.2115444,-29.62243,-57.23517,-0.005181881,0.528793,0.916324,-0.01814432,0.4000264,1,1,0,0.1488621,1.52269,-0.2250757,-5.572005,-83.35533,-0.01085476,0.5738697,0.8882335,0.4587984,-0.02335076,1,0.5,1,-5.960464E-08,2,0.225496,25.00002,-100.0001,0,0.8303939,0.6050726,0.7291076,0.3198271,0,0,0,-5.960464E-08,2,-0.225496,25.00002,-100.0001,0,0.7607741,0.6384847,0.7693688,-0.02022249,0,0,1
466,0.188681,1.536862,0.2218519,-7.918954,-86.41543,-0.01545177,0.4439778,0.715531,0.5369422,0.4468876,1,0.5,0,0.3931205,1.095051,-0.2463897,-39.62431,-74.0851,-0.2171398,0.383505,0.9959025,0.07362883,-0.05250644,1,1,1,0.4864693,1.132172,0.1933463,-42.35809,-80.59286,-0.2341517,0.5546774,0.9227786,0.0968748,0.3729542,1,1,0,0.1188922,1.51442,-0.2232206,-5.485534,-81.73425,-0.03105627,0.2759006,0.7805853,0.6243323,-0.0299273,1,0.5,1,-5.960464E-08,2,0.225496,25.00002,-100.0001,0,0.6657131,0.4175679,0.8321089,0.3650092,0,0,0,-5.960464E-08,2,-0.225496,25.00002,-100.0001,0,0.5855829,0.4483899,0.8935295,-0.02348599,0,0,1
467,0.08353263,1.506931,0.2258808,-3.965031,-79.54703,0.008951131,0.1880956,0.3694823,0.6931179,0.6189269,1,0.5,0,0.2426535,1.032008,-0.221594,-36.61007,-64.15449,0.0452988,-0.08607155,0.9986265,0.00485041,-0.05216851,1,1,1,0.3164313,1.063743,0.2222579,-38.97462,-69.72512,0.1133666,0.1455568,0.754601,0.05226983,0.6540987,1,1,0,0.07954809,1.506431,-0.2251561,-3.569578,-79.2765,-0.0006072226,0.03874516,0.4645138,0.884334,-0.04669392,1,0.5,1,-5.960464E-08,2,0.225496,25.00002,-100.0001,0,0.5728877,0.1591093,0.9041024,0.3965895,0,0,0,-5.960464E-08,2,-0.225496,25.00002,-100.0001,0,0.4852366,0.1732644,0.9845353,-0.02587804,0,0,1
